nep4_zbl 2 C Fe 
zbl 1 2
cutoff 7.5 6.5 206 132
n_max 8 6
basis_size 12 12
l_max 4 2 1
ANN 60 0
  3.6841542e-01
 -5.1619524e-01
 -1.6951071e-01
 -1.0019147e+00
 -1.7505006e+00
 -2.4982347e+00
  8.7138003e-01
  1.0831524e+00
  4.6093065e-01
 -3.7626383e+00
  1.4931871e+00
 -1.9933671e+00
 -2.8848294e-02
  5.8284955e+00
 -4.0436795e-01
 -2.4349163e+00
 -1.7742860e+00
  1.0373514e-01
  2.6864699e-01
 -2.1718338e+00
  5.3618250e+00
 -4.2743664e+00
 -3.2008626e+00
 -3.1297328e+00
  1.7000717e+00
  1.2276320e+00
 -2.0787392e+00
  1.2559770e+00
 -2.0837421e+00
 -3.0698812e+00
  2.7318728e+00
  4.5791146e-01
 -3.0552518e+00
 -6.6651006e+00
  1.0495567e+00
  3.3284709e+00
 -5.9076202e-01
  2.8383217e+00
  3.0412526e+00
  2.2968090e+00
  1.3458884e+00
 -3.8723390e+00
 -1.1433201e+00
  3.3422342e-01
 -3.2036791e+00
  3.1604350e+00
  4.2699442e+00
 -2.7410316e+00
  9.4907159e-01
 -4.8154414e-01
  1.8967912e-01
 -9.8151332e-01
 -7.0293589e+00
  2.7447250e+00
  4.9372202e-01
  2.0481536e+00
 -9.5956683e-01
  3.8927558e-01
 -2.8768997e+00
 -1.1556931e+00
  5.8615863e-01
 -5.6874843e+00
  2.8334513e+00
 -2.0778627e+00
 -2.1137078e+00
 -1.7037396e+00
 -4.8319584e-01
  2.0338457e+00
 -2.6944816e+00
 -3.3212955e+00
 -1.9500288e+00
 -8.5372645e-01
 -1.2393159e+00
  2.0228115e-01
 -5.3832519e-01
  1.0373070e+00
  1.6968338e+00
 -2.1076584e+00
  4.2212348e+00
 -2.3323524e+00
 -4.7873053e-01
 -2.3357441e+00
 -5.9783828e-01
 -1.3529995e-01
 -1.0517961e+00
  4.1442542e+00
 -3.4765522e+00
 -7.7254349e-01
  4.6283393e+00
 -7.7084029e-01
  3.9127567e+00
  3.6429248e+00
  1.7580625e+00
  3.7082547e-01
 -3.5967243e+00
 -2.4973106e+00
 -5.2866373e+00
  5.5671638e-01
  1.6270665e+00
  1.6122606e+00
 -4.5130572e+00
 -2.1697989e+00
 -4.3056064e+00
 -4.5351877e+00
 -9.9027753e-01
  1.5992464e+00
 -6.7716426e-01
 -4.9875194e-01
 -2.2269633e+00
  2.3284295e+00
 -3.4767313e+00
 -3.4273646e+00
  1.4116508e+00
  2.9747248e+00
  3.2288301e+00
 -2.5679743e+00
 -7.4343979e-01
 -3.2870421e-01
  1.4662453e+00
 -5.2878302e-01
 -1.6745734e+00
 -3.2198238e+00
  7.6977110e-01
  3.8388753e-01
  2.8906195e+00
  8.5538683e+00
 -1.2697052e+00
  5.9309363e+00
 -1.7930074e+00
 -2.5796571e+00
  3.7796264e+00
  3.4776692e+00
 -3.3715469e-01
  2.1440675e+00
  4.5966692e+00
  2.5773707e-01
  1.6202184e+00
  3.5801706e+00
 -4.9767008e+00
 -2.9643176e+00
  2.3127708e+00
 -2.6929231e+00
 -2.0494752e+00
  2.0235615e+00
 -6.3805300e-01
  9.8056066e-01
 -3.9036503e+00
  2.3897796e+00
 -4.7860479e+00
 -3.7477033e+00
  3.0643146e+00
 -2.3360026e+00
 -2.4237373e+00
 -8.5986972e-01
  3.2052011e+00
  2.7191818e+00
 -2.4139879e+00
  4.0328830e-01
 -6.7504317e-01
  3.1018975e-01
  1.6229326e+00
 -5.5721456e-01
  4.4435275e-01
 -2.8309550e+00
 -3.3879605e-01
 -2.5452039e+00
  2.9630262e-01
  6.5376633e-01
  4.1094999e+00
 -5.3317379e-03
  1.5781751e+00
 -3.9556084e+00
 -5.6517071e-01
 -1.2929707e+00
 -6.5309906e-01
 -2.6679268e+00
 -2.6960143e-01
 -6.4319038e+00
  4.8433390e+00
  5.8062458e+00
 -3.6323133e+00
 -1.0441622e+00
 -8.9483070e-01
  3.0908308e+00
  2.3375478e+00
 -1.5885506e+00
 -4.4717822e+00
  4.4544716e+00
  4.6327796e+00
  4.2704053e+00
 -1.7399420e+00
 -1.7343769e+00
 -3.3955851e+00
 -2.8212228e-01
 -3.8464224e+00
 -3.5969124e+00
 -1.9214346e+00
 -6.0198152e-01
  5.6187644e+00
 -6.1211782e+00
  1.1947522e+00
  5.0772920e+00
 -1.1082365e-01
  1.0518807e+00
 -1.3588457e+00
  7.1634191e-01
  8.8136941e-01
  1.0882076e-01
  7.5788790e-01
  1.4100142e-01
 -4.1134877e+00
 -3.0872934e+00
  1.4452481e+00
 -1.5572797e+00
 -1.2257134e-01
  1.4996231e+00
 -1.8600690e-01
  1.6094898e+00
 -6.9937164e-01
 -4.5167680e+00
 -7.4532443e-01
 -3.4694988e-02
  2.8266749e+00
  1.5986669e+00
  2.0305369e+00
  1.3457233e+00
  1.9243038e-01
  4.8870373e+00
 -2.3075488e+00
  2.8709260e-01
  1.2308915e+00
 -4.9333591e+00
  1.1767094e+00
 -1.5836405e+00
  4.5176234e+00
 -1.6958559e-01
 -1.3901860e+00
 -4.1039023e+00
 -9.0545517e-01
  6.0554914e+00
 -8.1718838e-01
 -6.0995760e+00
 -8.9410973e+00
  1.6285430e+00
  1.8701516e+00
 -8.8886863e-01
 -2.6832745e+00
  6.2515993e+00
 -1.9402274e+00
 -5.4201669e-01
  6.7363129e+00
 -4.2809863e+00
 -5.5621552e+00
  3.3010173e-01
  3.3397515e+00
 -5.1029277e+00
 -2.5116482e+00
  4.6240401e+00
 -9.0741390e-01
 -2.5103173e-01
 -9.7860152e-01
 -4.1827927e+00
 -8.3213913e-01
 -1.5475748e+00
  3.5457501e-01
 -4.1309075e+00
  9.3398410e-01
 -2.3510885e+00
  2.4377635e+00
  1.6994222e+00
  3.4507740e+00
 -1.6129942e+00
  3.0643818e-01
  9.8865587e-01
 -3.1902769e+00
  3.7192223e+00
  3.8055825e+00
  2.3921106e+00
  2.1917732e+00
 -3.5268140e-01
  2.1700158e+00
 -3.4056437e-01
 -7.5808063e-02
 -1.1638305e+00
 -1.9797218e-01
 -4.6956005e+00
 -7.1023601e-01
 -6.0408372e-01
 -9.9287468e-01
 -9.3697637e-01
  2.4923496e+00
 -6.1937232e+00
  2.0361373e+00
  1.9754713e+00
 -6.2534070e-01
 -3.4515491e+00
  4.3500543e+00
 -2.6871839e+00
  1.3669530e+00
  8.2647496e-01
  4.4763470e+00
  3.6205626e+00
 -3.4535975e+00
 -4.2627174e-01
  1.5686885e+00
 -7.0074558e-01
  1.3311954e-01
 -5.7430476e-02
 -3.9773488e+00
  1.3289760e+00
  7.0707753e-02
  3.7348354e+00
  1.3198005e-01
  2.8180871e+00
 -3.8925741e+00
 -2.7217588e+00
  7.8519905e-01
  6.2127954e-01
 -1.0650166e+00
  1.5051941e+00
  2.2377024e+00
 -7.4836873e-02
 -1.7160255e+00
 -1.7036641e+00
 -1.9869230e+00
  7.6988089e-01
 -1.6747284e+00
 -2.0840790e+00
 -3.4319394e+00
 -2.9260812e+00
 -2.2333986e-01
  4.8497300e+00
  1.6210836e+00
 -2.8451147e+00
  1.6946363e+00
 -1.5655835e+00
  1.7896678e+00
 -1.1631165e+00
 -5.4827911e-01
  1.6319147e+00
 -1.7741127e+00
  3.0287442e+00
 -8.8375407e-01
 -2.2792168e+00
 -1.5835474e-01
  3.9645016e+00
 -1.3992480e+00
  3.3712401e+00
  4.7312808e+00
 -2.4935102e+00
 -2.1205409e+00
 -3.4834032e+00
 -5.6060779e-01
  1.5646613e+00
 -4.0618026e-01
 -5.7374585e-01
 -2.2438323e+00
 -3.2108727e+00
  2.3927546e+00
  8.0908108e-01
 -2.3707786e+00
  2.0924253e+00
  1.7529715e+00
 -1.1591570e+00
 -1.3612764e+00
 -3.2660284e+00
  2.9463959e-01
 -8.2756197e-01
  4.8455727e-01
  2.2115748e+00
  3.8041899e-01
  3.6760572e-01
 -8.2664454e-01
  7.5178856e-01
  5.9017172e+00
 -4.8454137e+00
  9.0808535e-01
  1.8215821e+00
  1.8035038e+00
  8.4209526e-01
 -4.4353852e+00
  1.1530459e+00
  3.9690471e-01
 -2.0193508e+00
 -3.0594733e+00
  7.1377778e+00
 -8.6773052e+00
  1.7381985e+00
 -5.3901958e-01
 -7.5906295e-01
  2.9558856e-03
 -2.3580875e+00
 -7.6476870e+00
  1.3208476e+00
 -5.6798372e+00
 -5.1904035e+00
  3.8851004e+00
  2.3896861e+00
  2.2628210e+00
 -4.4196243e+00
  4.1037002e+00
 -5.2976489e-01
  1.5168380e+00
 -3.4369081e-01
 -3.7621930e-01
 -3.7704628e+00
  7.5630087e-01
  1.5391144e+00
 -2.3771574e+00
  1.7796524e+00
 -1.4122993e+00
  3.4566810e+00
  6.6957992e-01
  4.7632198e+00
  3.9271712e+00
  2.7026160e+00
 -2.2349405e+00
 -3.0621047e+00
 -6.0465164e+00
 -1.6734517e+00
 -4.2914209e+00
 -2.9041908e+00
  1.9513208e+00
 -1.3215755e+00
 -9.7063676e-02
 -1.1730211e+00
 -1.9807780e-01
  3.2321932e+00
  2.5524375e+00
  1.0633703e+00
 -1.9282748e+00
 -1.5082142e+00
 -2.9666734e+00
  1.7531271e-01
  2.6461115e+00
  6.4055991e-01
 -2.8771818e+00
  2.8448746e+00
  4.3592706e+00
  9.7803527e-01
  9.9285048e-01
 -8.2017791e-01
 -1.0761678e+00
  3.5322487e+00
  2.1122134e+00
  2.1276222e-01
  3.2234595e+00
 -3.5401113e-02
 -3.7624750e+00
 -2.8025289e+00
  2.7796321e+00
 -1.2348289e+00
  2.6045821e+00
  1.8973837e+00
 -6.2187791e+00
 -9.5632041e-01
  4.6025395e+00
  1.1484499e+00
 -3.4087071e+00
 -5.9453137e-02
  4.1235166e+00
 -9.3174529e-01
  1.6788419e+00
 -2.9996613e-01
  6.9788355e-01
 -1.5693673e+00
 -6.3678175e-01
  6.3842332e-01
  3.0187660e-01
 -8.7664640e-01
  3.9155397e+00
  1.3292964e+00
 -1.2104068e+00
  1.2692081e+00
 -1.5915645e+00
 -1.6770622e+00
  5.3418088e+00
  2.1809719e+00
  2.4860797e+00
 -1.2180383e+00
 -1.4270380e-01
  2.4823921e+00
  1.8096404e+00
  1.6381624e+00
 -3.6186066e-01
 -1.4365160e+00
  6.6748083e-01
 -2.8046660e+00
  2.1567495e-01
 -2.1342199e+00
  1.6575153e+00
  2.6524982e+00
  2.3108025e+00
  2.1068490e+00
 -5.7647634e-01
  1.3117304e+00
 -2.4948931e+00
  3.2271343e-01
 -2.4327526e+00
  1.1946129e+00
  1.5823822e+00
  1.4009659e+00
  4.2774469e-01
 -4.6272116e+00
 -1.1469411e+00
  1.8576374e+00
  1.6154250e+00
 -8.4907007e-01
  1.6674130e+00
 -3.8253291e+00
 -1.8220075e+00
 -1.0007315e+00
  2.2235923e+00
 -2.0031998e+00
 -1.8649225e+00
 -2.9785495e+00
 -5.2969589e+00
 -6.1126375e+00
  1.5482157e+00
  1.9325365e+00
 -5.6516175e+00
 -2.6906180e+00
 -6.0163064e+00
 -3.4932709e-01
 -1.2266833e+00
 -2.9803112e+00
 -2.6745625e+00
  7.8256184e-01
 -1.4154559e-02
  5.0669754e-01
 -7.6022754e+00
 -2.1033572e-01
  1.2603076e-01
  6.0384643e-01
 -4.8805637e+00
 -7.7457869e-01
 -1.2040688e+00
  4.1436914e-01
 -3.5852671e-01
  1.6631340e+00
 -9.4452709e-01
 -4.6633101e+00
 -3.6261868e+00
  5.2223748e-01
 -1.8158575e+00
  3.6056509e+00
 -2.0101602e+00
  1.2398616e+00
 -8.9183033e-01
  8.5525638e-01
 -8.8874680e-01
 -1.8635767e+00
  6.3020647e-01
  4.3597475e-01
 -8.1061101e-01
 -3.6025379e+00
  3.0434821e+00
  7.4790913e-01
 -7.1669799e-01
  2.5825684e+00
 -4.4047575e+00
  8.4277874e-01
  8.2763791e-01
 -3.7356763e+00
  7.4020772e+00
 -1.1771483e+00
  1.3053216e+00
  2.2375251e-01
  2.5897130e-01
 -1.0643191e+00
 -2.0523806e+00
  1.3330563e+00
  3.4428053e+00
 -5.3929925e+00
 -4.9819136e+00
 -1.1705689e-01
 -3.2107325e+00
 -5.1461210e+00
  2.3825160e-01
  3.5223305e+00
  5.1818025e-01
  7.9581368e-01
  2.5195982e+00
 -5.5211167e+00
 -6.1835587e-01
 -1.0390804e+00
  3.9332089e+00
  2.7751672e+00
 -2.9163239e+00
  2.8985399e-01
  2.0817876e+00
  1.7150873e+00
 -3.5747457e+00
  2.3283523e-02
  2.8261089e+00
 -1.8479342e+00
 -3.1740170e+00
 -5.3569727e+00
 -2.4806678e+00
 -2.5916569e+00
 -1.6072942e+00
 -4.5899439e+00
 -3.1778088e-01
  1.2644222e+00
  2.6576929e+00
  5.2619152e+00
  1.6858915e+00
  5.0458035e+00
  1.3305886e-01
  5.0996532e+00
  5.8655357e+00
 -3.2114768e+00
 -9.8790556e-01
  6.7663163e-02
 -4.5633698e+00
  3.8707421e+00
 -1.4349755e+00
 -1.7004240e-01
  5.4190011e+00
  4.6308866e+00
 -3.7706997e+00
  6.3528991e-01
 -1.3051300e+00
 -3.0232103e+00
  5.7189465e-01
  5.8566111e-01
 -3.2256203e+00
 -7.5817645e-01
 -6.2992877e-01
 -1.1957654e+00
 -2.5933945e+00
  1.4373495e-01
  3.8919721e+00
 -9.0025151e-01
  7.7468199e-01
  5.6739826e+00
 -1.4033383e+00
  3.2826807e+00
  8.4890336e-01
 -3.6026582e-01
 -2.5264654e-01
  3.8631856e+00
  5.0224900e+00
  7.9063898e-01
  2.9199305e+00
  2.4921155e+00
  1.1693287e+00
 -1.6869148e+00
 -2.2109978e+00
 -7.4200474e-02
  2.9653027e+00
  4.5354090e+00
  3.7163045e+00
 -2.5059564e+00
  1.2475425e+00
  7.8839594e-01
  1.0610378e+00
 -1.1348231e+00
 -1.1907965e+00
  2.9309443e-01
  4.5521137e-01
 -2.3888888e+00
  3.7731020e+00
 -1.0365922e+00
 -3.7156887e+00
 -1.9324481e+00
  1.3550367e+00
  2.1133058e+00
  5.0055003e-01
 -3.2856987e+00
  2.9310405e+00
  2.1627266e+00
 -2.2079203e-01
 -7.4483579e-01
  2.5200880e-01
  6.4888680e-01
  5.9917492e-01
  2.5448101e+00
 -9.0606940e-01
  8.9553052e-01
  3.5512266e+00
 -2.7019188e+00
  1.0059273e+00
  3.8260937e+00
  2.1662195e+00
  1.2929674e+00
 -1.6924189e+00
  3.3992124e+00
 -2.2169836e+00
  4.4284544e+00
 -1.3829274e+00
  5.8279290e+00
  4.7341400e-01
 -5.0644308e-01
  2.2619052e+00
 -6.7439756e+00
 -3.5839720e+00
 -1.3825119e+00
  9.8026872e-01
  1.4461305e+00
 -3.7416389e+00
  1.9637029e+00
 -5.4852676e+00
 -3.6854475e+00
  2.8874784e+00
 -3.8984599e+00
 -3.3125627e+00
 -1.0096265e+00
  8.5196245e-01
 -6.2640948e+00
 -3.8382642e+00
  9.0964884e-01
  2.5524988e+00
 -2.7945609e+00
 -1.5236602e+00
  1.9957803e-01
 -1.6275078e+00
  6.8525237e-01
  1.6169842e+00
  2.1418314e+00
 -1.7557379e-02
 -2.4997891e-01
 -8.6915463e-01
  8.8974416e-01
 -1.1086007e+00
 -2.2479205e+00
 -2.1982236e+00
 -8.2318443e-01
 -8.2168067e-01
 -4.5150471e+00
 -5.5770788e+00
 -4.1066875e+00
 -3.5850141e+00
 -2.6900488e-01
  1.2998981e+00
 -4.5854664e+00
  1.4075520e+00
  1.7998998e-01
 -2.6381405e-02
  4.8988964e-02
  4.6099157e+00
 -1.0705930e+00
  6.3758051e-01
 -2.4470382e+00
  4.2019491e+00
 -4.4684309e-01
 -3.7903159e+00
  5.3954375e-01
  5.2043304e+00
 -1.4708147e+00
 -1.0186534e+00
 -1.8484571e+00
  4.1119123e+00
  3.2272735e+00
 -1.1517815e-01
 -2.8951135e+00
 -1.5779077e+00
 -2.9375687e+00
  2.8026962e+00
  8.0767709e-01
  1.1781221e+01
 -7.7399892e-01
 -4.1510887e+00
 -5.4827201e-01
 -3.5554096e-01
 -5.4762881e-02
 -1.3504064e+00
  3.0038192e+00
 -2.5071568e+00
  4.6937900e+00
 -1.0595733e+00
 -1.6654940e+00
  4.5291066e-02
  4.2898926e-01
 -1.7781237e+00
  3.0627079e+00
 -6.8395805e+00
 -2.6209959e-01
 -1.7149200e-01
 -3.0667219e-01
 -1.8481516e+00
  2.9825439e+00
  4.1340017e-01
  1.2547395e+00
  3.8177071e+00
 -1.5042068e+00
 -1.2543687e+00
  2.8226414e-01
 -2.3977184e+00
 -1.2260512e+00
 -4.9070253e+00
  2.2251339e+00
 -1.3379574e+00
  1.1117092e-01
  9.6423608e-01
 -4.5492358e+00
  3.2714150e+00
  1.9378976e+00
 -5.6964626e+00
  1.3723383e+00
  2.6139982e+00
 -9.1355011e-02
 -4.5558424e+00
 -3.6389479e-01
  6.6933624e-02
 -3.0607007e+00
 -2.7686424e+00
 -3.1102560e+00
  3.4468687e+00
  5.0754812e-02
  2.6239681e-01
  5.6259537e-01
 -1.5226624e+00
 -3.2395489e+00
 -1.5470817e+00
 -1.0613989e+00
  2.5895324e+00
  3.7004664e+00
 -8.4854460e-01
 -4.2630472e+00
  4.2171144e+00
 -2.5019174e+00
 -1.3966796e-01
  1.4897424e+00
  1.4106069e+00
  2.6497238e+00
 -4.5684552e+00
 -7.2681630e-01
  5.0161963e+00
  2.9271476e+00
 -4.1629666e-01
 -1.4520876e+00
 -1.8530324e+00
  6.5299034e-01
 -2.0702677e+00
  3.4395602e+00
  3.4705856e+00
  1.2698458e+00
 -2.6201015e+00
 -2.6864059e+00
  3.0387812e+00
 -5.1358259e-01
  1.0200583e+00
  2.1972332e+00
 -1.1356595e+00
  1.6893708e+00
  1.7499291e+00
  1.4206115e+00
  3.1113088e-01
  4.5181742e+00
 -4.7906346e+00
  3.7411070e-01
  1.3853465e+00
 -2.1338971e+00
 -1.3096555e+00
  4.1098866e-01
  8.9514250e-01
  1.2409444e+00
  1.9265512e-01
 -1.0199583e+00
  9.5526212e-01
  6.0303288e+00
 -1.4102523e+00
  1.7423227e-01
 -4.1519117e+00
 -3.2394085e+00
  1.5704653e+00
 -2.8344097e+00
  1.7223617e+00
  2.5241730e+00
 -1.1316088e+00
  1.4979318e+00
 -3.1880622e+00
  7.4843317e-01
 -5.5530615e+00
 -2.3336072e-01
 -2.4572768e+00
  9.8214197e-01
 -9.5984447e-01
  1.9976598e+00
  4.2087603e+00
 -2.4712379e+00
  4.9791670e+00
  1.5627829e+00
  1.0567145e+00
  9.3710744e-01
  5.2382669e+00
 -6.6526347e-01
  6.7124600e+00
 -2.0010202e+00
  9.0201426e-01
 -4.9248319e+00
  2.1971984e+00
  3.4124184e-01
  6.4604506e-02
 -2.4452496e+00
  1.3794246e+00
 -3.4542899e+00
  3.0797383e-01
 -7.9587817e-01
 -1.5068588e+00
 -4.7894335e+00
  4.4254130e-01
  7.1533054e-01
 -3.2709605e-01
  8.9826660e+00
  2.8473875e-01
 -2.9977727e+00
 -2.4704509e+00
 -2.4262252e+00
 -2.1591563e+00
  4.6550907e-02
 -1.2305467e+00
 -1.4009573e+00
  2.3328233e+00
 -1.8332292e+00
 -1.3597392e+00
  3.9423430e+00
  3.3766975e+00
  2.2438617e+00
 -1.5446324e+00
  2.9881454e+00
  1.9231955e+00
  2.8033221e+00
  3.9588330e+00
 -1.9936936e+00
  1.9423190e+00
  2.2147479e+00
  2.5658233e+00
  4.1328368e+00
  1.0251545e+00
 -8.3358663e-01
  4.6422963e+00
  1.5935375e-01
 -1.1777521e+00
  3.1777239e+00
  9.1072626e-02
 -2.3753312e+00
 -8.7068909e-01
  4.9989004e+00
 -3.4040241e+00
  3.1354840e+00
 -3.7509913e+00
 -8.9194633e-02
  4.6189170e+00
  1.0333018e+00
 -3.8669922e+00
 -2.1129104e-01
  9.4753385e-01
 -8.9514074e+00
  1.5402945e+00
 -3.1571903e+00
 -2.9625971e+00
  2.5641520e+00
  7.5950623e-01
 -9.4902521e-01
  2.2541111e+00
 -7.6721139e-02
 -1.0878557e+00
  1.2421906e+00
  4.8049635e-01
 -7.9328406e-01
 -3.2759213e+00
  2.3466945e+00
  1.9740856e+00
  1.7471470e+00
  3.6158090e+00
 -2.1006879e-01
 -2.0332661e+00
 -8.9277965e-01
  2.6427991e+00
  2.5472778e-01
 -6.3582635e+00
  1.6631167e+00
  2.5842943e+00
  4.0716183e-01
  3.5959598e-01
  1.6317666e+00
  2.6656505e-01
  1.7330729e+00
 -5.3728137e+00
  5.8104005e+00
 -3.6285927e+00
  3.8150129e-01
 -5.7269788e-01
 -3.3373327e+00
  1.8755790e-02
 -2.5413340e-01
 -4.8540277e+00
  7.5807768e-01
  1.6544810e-01
 -1.2167929e+00
 -3.4548829e+00
 -3.1796143e+00
 -2.4902482e+00
 -1.4719337e+00
 -4.0442821e-02
 -2.9013608e+00
  3.0757425e+00
 -2.3153081e+00
 -4.6588726e+00
  3.4314563e+00
 -3.3167422e-01
 -2.9028137e+00
  2.4306350e+00
 -4.5055280e+00
  5.6437931e+00
 -3.9037607e+00
  3.4929070e-01
 -4.7738391e-01
  1.4997141e+00
 -4.3670774e-01
  2.5019684e-01
 -2.6630042e+00
  1.6762438e+00
 -1.1675566e+00
  2.3656862e+00
  1.1606913e+00
 -3.1511450e+00
  1.5999368e+00
  3.0065231e+00
  3.8763812e+00
  1.6954945e+00
  2.4388328e-01
 -1.6845139e+00
 -3.9630249e+00
  8.3424276e-01
 -1.2692448e-01
 -6.1314321e+00
  1.6069196e+00
  3.1785433e+00
 -4.5612448e-01
  3.8704987e+00
 -5.2969232e+00
 -7.5355930e+00
  1.4547503e+00
 -4.1643562e+00
  4.9630067e-01
  4.5850949e+00
  1.3143314e+00
  4.3737874e+00
 -4.4657617e+00
 -9.9910492e-01
 -1.0462634e-02
  2.9497781e+00
 -6.9237918e-01
  6.2547964e-01
  2.8011472e+00
  7.4157172e-01
 -6.4862025e-01
 -1.1680815e-01
  1.3686041e+00
 -1.6716893e+00
  9.4622879e+00
  2.0480466e-01
 -2.1382024e+00
  3.6052801e-02
 -4.2195860e-01
  1.3637025e+00
 -2.1585333e+00
  4.2240219e+00
  5.1141244e-01
  1.7133601e+00
  3.3789697e+00
  1.1188799e-01
 -1.3805386e+00
 -1.1329349e+00
  1.3812045e+00
  2.2607679e+00
  1.4954032e+00
  2.5666444e+00
  2.6946745e+00
  8.3660835e-01
  1.5127766e+00
 -3.4920153e-01
  2.4840274e+00
  2.6275367e-02
 -1.4361548e+00
  5.4514003e+00
  3.3319998e+00
 -7.0043826e+00
 -1.1986157e+00
  1.8080107e+00
  3.2703354e+00
  5.3255653e-01
  3.4450040e+00
 -1.2606286e-01
  2.2740998e+00
 -9.8659176e-01
  3.0008001e+00
 -1.6342257e+00
  5.9655017e-01
 -1.1606749e+00
 -2.9914525e+00
 -2.4688493e-01
  1.0837126e+00
  4.8722591e+00
 -5.5982387e-01
 -3.0172114e+00
 -4.4527793e+00
  1.0116354e+00
  2.6297066e+00
  3.3360794e+00
  2.6326044e+00
 -9.5169425e-01
 -3.2532182e+00
 -5.5417246e-01
  3.1596961e+00
 -2.3921962e+00
  2.5176458e+00
  6.9732353e-02
 -2.1996777e+00
 -3.2059803e+00
  2.3673146e+00
  1.6916144e+00
  5.6280053e-01
 -1.4579440e+00
 -1.5515958e+00
 -1.5698092e+00
 -4.7296505e+00
  1.5679224e+00
 -2.0976140e+00
 -9.1981995e-01
  2.6713197e+00
  1.1222073e-01
 -1.2980151e-01
 -5.2195825e-02
  4.2838746e-01
 -1.0221568e+00
 -6.6125262e-01
 -2.3792168e-01
 -9.0987670e-01
 -8.4363681e-01
  7.4920398e-01
 -6.2282544e-01
 -7.4841487e-01
  8.4653777e-01
  2.1779394e+00
 -5.3875542e-01
  1.2566781e+00
  5.5918950e-01
  2.5338811e-01
 -3.6988688e+00
  2.3397367e+00
  4.0975728e+00
  1.9031544e+00
  3.2458785e-01
  6.8438613e-01
  5.2656496e-01
  7.3611146e-01
  3.4777927e+00
  4.9642217e-01
  1.0262188e+00
  1.6884141e+00
  7.5445533e-01
 -2.9133024e+00
  3.9608571e-01
  5.5215824e-02
  9.1120249e-01
 -2.0983948e-01
 -7.0031178e-01
 -1.9263859e-01
 -5.5488545e-01
 -2.5209198e+00
  2.6700881e-01
  5.3071624e-01
 -2.2805688e+00
  9.5092964e-01
 -1.3042530e+00
 -3.0586271e+00
 -2.1902142e+00
 -1.9668996e+00
 -4.4392395e+00
 -2.5364916e+00
 -6.8945942e+00
 -6.3180149e-02
 -5.7333260e+00
  2.6107776e+00
  2.9380354e-01
  2.3708162e+00
 -1.0802399e-01
 -6.3939238e-01
 -3.6755919e+00
 -9.7410804e-01
  2.3855631e+00
  2.4571326e+00
  5.5531603e-01
 -2.5125065e+00
 -6.5019941e-01
  1.8068539e+00
  1.5500290e+00
  1.1573973e+00
 -4.3123918e+00
  3.7877059e-01
 -4.3653975e+00
 -6.6036177e-01
  2.9649546e+00
  2.6965375e+00
  2.9329407e-01
  2.8233984e+00
 -2.1465411e+00
 -2.7499964e+00
 -7.6658535e-01
 -1.0267064e+01
  2.1783807e+00
  2.7782831e+00
 -3.7595356e+00
 -2.0497403e+00
  3.1455204e-01
  1.2449844e+00
  1.0455332e-01
  3.4022069e-01
  5.0177627e+00
  9.9240012e-02
  5.3542686e+00
  1.6829540e+00
  4.1851482e+00
 -6.9838591e-02
  1.7891790e+00
 -2.4165971e+00
  1.5610125e+00
 -1.3674479e+00
 -3.3689225e+00
  1.2400153e+00
  5.6072559e+00
  8.6839002e-01
 -3.9282756e+00
  8.6946987e-02
 -2.2782569e+00
 -5.1623445e+00
  1.6336255e+00
  4.5699757e-01
 -1.3234138e+00
 -1.6362679e-01
 -7.6828080e-01
  1.5128863e-01
  1.6616131e+00
 -3.0947456e+00
 -1.7017610e+00
 -1.9427055e+00
  5.1185336e+00
  1.5657594e+00
 -1.8003445e+00
  2.5087101e+00
 -4.2352996e+00
 -1.5739547e+00
 -2.0973649e+00
 -1.1585698e+00
  3.6387947e+00
 -2.0388508e+00
 -3.2806590e+00
  3.8011045e+00
 -3.2490534e-01
  2.7547021e+00
  1.9609705e+00
 -3.1831121e+00
 -1.8358318e+00
 -4.3176594e+00
  7.6727949e-02
 -5.8609819e+00
  2.4639134e+00
 -5.6553059e+00
 -2.0216931e-01
  6.6256648e-01
  2.1648612e+00
  3.8235438e+00
  5.2440495e+00
  2.5480368e+00
 -6.6362375e-01
  1.5160590e+00
 -7.1516013e-01
  1.9319534e+00
 -4.2434115e+00
  2.0986485e+00
  7.1592301e-01
  1.5389334e+00
  3.0038350e+00
  1.1632299e+00
 -2.6825526e+00
 -2.0212524e+00
 -2.7179191e+00
  6.6086376e-01
  9.0152365e-01
 -6.4247489e+00
  4.6444982e-01
 -6.2051338e-01
  5.8691603e-01
  1.2136630e-01
  3.3307724e+00
  3.3813291e+00
  3.8386693e+00
 -6.0943824e-01
 -4.6283093e-01
  1.1831914e+00
  1.2683134e+00
 -6.6267870e-02
 -1.2750245e+00
 -4.7783095e-01
  1.0208172e+00
  2.2853591e-01
 -2.8349004e+00
  3.4305153e+00
  8.1271219e-01
 -1.7437217e+00
 -2.1116102e+00
 -9.8801249e-01
 -8.0951881e-01
  3.6302140e-01
  8.8722903e-01
 -1.5679675e+00
  2.4714656e+00
 -2.4018176e+00
  5.6665194e-01
  1.0808976e+00
 -1.4158367e+00
  1.9528588e+00
  2.0058486e+00
 -2.9020231e+00
  9.2657405e-01
  1.2541194e+00
 -6.4842695e-01
  1.0764899e+00
 -1.6129428e+00
  1.3603518e+00
  3.4993827e-01
  1.4380914e+00
 -2.0612571e-01
 -2.1276608e+00
  7.4248087e-01
 -4.9825022e-01
 -8.1826550e-01
 -6.6338785e-02
 -5.3992105e-01
  7.8549367e-01
 -3.7549078e-01
 -1.2471046e+00
  2.8575716e+00
 -1.7682594e+00
  6.0533297e-01
  3.4004862e+00
  3.7781699e+00
 -1.2365487e+00
  2.8961486e-01
 -4.9833900e-01
  9.6967876e-01
 -2.8941939e+00
  3.8659604e+00
  5.8923191e-01
  6.2526655e-01
  8.8436890e-01
 -1.0194112e+00
 -5.7935613e-01
  3.0198698e+00
  8.2076007e-01
  2.3228185e+00
  1.4873768e+00
  2.7374582e+00
  4.8736434e+00
 -1.4613457e+00
  1.7022232e+00
  2.6821864e+00
  2.9207213e+00
 -1.1020528e+00
  6.0741001e-01
 -1.4888607e+00
  3.3277290e+00
  3.6806417e-01
 -4.5702562e+00
 -1.8850981e+00
  3.9727873e-01
 -1.0811665e+00
 -2.2854953e+00
  2.6386023e+00
  2.2808774e+00
 -1.2581483e+00
  2.5863297e+00
 -7.9522055e-01
 -1.8073000e+00
 -9.6333003e-01
 -8.6491263e-01
 -3.3291080e+00
 -1.8228798e+00
  4.3609757e+00
  1.4066679e+00
  1.0405711e-01
 -1.7044619e-01
  2.5046947e+00
 -3.8708428e-01
  1.0659474e+00
  7.0250970e-01
  5.8011681e-01
 -2.3476781e-01
 -2.4999343e-01
 -1.1911343e+00
 -7.0593752e-02
  5.5084410e+00
  3.7244357e-02
 -1.1953261e+00
 -1.9702857e+00
  2.6335108e+00
  6.7813718e-01
  2.7351003e+00
 -2.7229171e+00
 -1.0831454e+00
  5.0623446e+00
 -2.8943858e-01
  4.8934218e-01
 -5.9881754e+00
 -2.3858261e+00
  2.1867280e+00
  4.9462214e-01
  8.7146807e-01
 -3.6114502e-01
 -2.7851524e+00
  2.2459793e+00
  2.9261653e+00
 -2.3002968e+00
  2.2725491e-01
  6.5312070e-01
  2.6425540e+00
 -7.3488557e-01
 -1.3703327e+00
  4.6278661e-01
 -1.0766416e+00
  6.6881901e-01
 -3.5439043e+00
  1.0362412e+00
  3.6105688e+00
  6.8193662e-01
 -1.7150840e+00
 -7.2220211e+00
 -4.5809382e-01
  1.4243275e+00
  5.0694933e+00
 -1.5764904e+00
  3.1850598e+00
  7.4958497e-01
 -2.1370344e+00
  1.8072798e+00
  7.4584657e-01
  2.2313292e+00
  1.3398652e-01
  2.9352741e+00
 -5.4322243e-01
  6.7448413e-01
  4.3516774e+00
 -2.5123124e+00
  4.1818204e+00
  2.7451987e+00
 -3.4138267e+00
  5.3456306e+00
  4.0180407e+00
 -2.3174744e+00
  1.1381994e+00
 -1.5290815e+00
 -1.4698189e+00
 -2.0066762e+00
 -2.1761937e+00
 -4.2094955e-01
  3.2062277e-01
  8.9065152e-01
  1.2163078e+00
 -1.7101825e+00
  5.6359639e+00
  2.2925277e+00
  3.3214688e+00
  1.9112808e+00
 -1.7261955e+00
 -2.4351993e-01
 -5.7837138e+00
 -9.4805735e-01
  1.0350971e+00
  1.2329679e+00
 -2.1191702e+00
  4.9344883e+00
  5.0499922e-01
 -5.6717139e-01
  2.6826882e+00
 -8.1495100e-01
 -2.3288140e+00
 -1.1588671e+00
 -4.6078479e-01
 -3.5329127e+00
  7.9881513e-01
 -9.7248542e-01
  3.2370591e+00
  8.7350792e-01
  1.2408978e+00
  4.7123119e-01
  6.1965906e-03
  5.2277341e+00
  6.6419744e-01
 -1.3023263e+00
 -2.6948545e+00
  2.0786207e+00
  2.0060022e+00
 -2.7979047e+00
  2.1608409e-01
 -8.8266671e-01
 -2.6506929e+00
 -6.1905664e-01
  2.0207095e-01
 -2.1630721e+00
 -2.7894676e-01
 -2.2714841e+00
 -1.7896290e+00
  1.0745636e-01
 -1.2027576e+00
 -3.8309085e-01
 -3.1621125e+00
 -8.4739523e+00
 -1.3073993e+00
  2.0013794e-01
  5.9604230e+00
 -7.4533305e+00
 -2.5793126e+00
 -6.5836841e-01
  2.7593162e+00
 -1.3771944e+00
  6.0044056e-01
  3.6250761e-01
 -1.0472547e+00
  1.7367320e+00
  5.2564158e+00
  2.0963542e+00
 -1.7306452e+00
 -6.2257771e+00
  8.8384432e-01
 -2.4001961e+00
  2.7228723e+00
 -1.6219717e+00
  2.2835660e+00
 -1.9694633e+00
 -1.5089747e-01
 -2.9175298e+00
 -3.3005421e+00
 -6.7645538e-01
 -4.5954418e+00
  4.0769014e+00
 -5.3450739e-01
 -2.3830249e+00
 -2.1375990e+00
  5.1421976e+00
 -1.7172178e+00
 -7.9276121e-01
  2.7725544e+00
 -3.2211540e+00
  2.2195618e+00
  1.3718089e+00
 -3.7652176e-02
 -1.6588750e+00
  1.6058120e+00
 -2.2133435e-01
  2.3010242e+00
  7.0001454e+00
  4.7467113e-01
  2.0919970e-01
  1.5199503e+00
 -3.6892350e+00
 -2.9849866e-01
  4.7445364e+00
  3.3881197e+00
 -1.4549884e+00
  3.4689944e+00
 -8.5735312e+00
  7.4131572e-01
  6.1086059e-01
 -1.5818118e+00
  3.9970036e+00
 -2.2920787e+00
 -1.6152378e+00
 -3.6352215e+00
  4.9496098e+00
  6.0596075e+00
  2.4621046e+00
  1.8383199e+00
  2.1338010e+00
  9.2245668e-01
 -4.5834146e+00
 -3.1016467e+00
 -4.3630490e+00
 -7.1835458e-01
  5.8038514e-03
 -2.4715326e+00
 -4.3921161e+00
  1.9721069e+00
 -1.6668152e+00
  1.8884353e-01
  1.8515562e-01
 -4.0474324e+00
  3.2028592e-01
 -2.6897898e+00
 -2.4236383e+00
 -7.9667008e-01
  1.8079715e+00
  9.6289235e-01
 -4.9651513e-01
 -4.7296929e-01
  2.9635673e+00
  3.4048409e+00
 -3.7348402e-01
  4.6078685e-01
 -8.8605204e+00
  1.7896932e-01
 -1.2930504e+00
  2.3706412e-01
  4.3653436e+00
  3.5939898e+00
 -1.0979503e+00
  9.5308143e-01
  3.3962398e+00
  1.1362562e+00
  1.2540362e+00
  2.5961840e-01
 -2.7916532e+00
  2.1882827e+00
  3.3289611e+00
  2.9765663e+00
 -3.8060734e-01
  1.9472383e-01
 -2.2904198e+00
 -7.9522109e-01
  1.5484396e+00
  1.2993249e+00
  6.2011528e-01
  3.3005979e+00
 -3.2610443e+00
  1.4744654e+00
 -1.3138777e-01
 -2.9258602e+00
  1.5917124e+00
 -1.8620644e+00
 -2.7993100e+00
  1.2340616e-01
  4.2278895e-01
 -3.3920808e+00
 -2.1170740e+00
  3.1524961e+00
 -1.0854686e+00
 -3.8177878e-01
 -2.6449971e+00
 -1.8067310e+00
 -6.5445626e-01
  1.8939562e+00
 -2.6884551e+00
  2.8066061e+00
 -9.3536800e-01
 -1.8582867e+00
  2.6351931e+00
 -1.6953876e+00
  1.8639156e+00
  2.4569376e+00
 -3.5030420e+00
  3.7766147e-01
  5.1048522e+00
 -2.5878813e+00
 -4.1246028e+00
  1.1659162e+00
  1.4618695e+00
 -2.5230603e+00
 -2.5426261e+00
 -3.0026553e+00
 -1.6674590e-01
  4.0398359e+00
  3.1464714e-01
  1.5931714e+00
  3.0846217e+00
  5.2032161e+00
 -1.9574205e+00
 -1.4369348e+00
  1.2944331e+00
 -5.0267166e-01
  8.8718504e-01
  1.2975802e+00
 -1.2168375e-01
 -1.4266715e+00
  4.8376970e+00
  2.6726529e-01
 -3.1551611e-01
 -6.3448000e-01
  3.0287602e+00
  1.3680445e+00
 -3.6901493e+00
 -1.1266967e+00
  7.4214288e-03
  6.9431490e-01
 -3.8685448e-02
 -9.1104724e-02
 -9.2077792e-01
  2.9078597e-01
  8.0352700e-01
 -6.8166727e-01
 -6.2385935e-01
 -1.3432713e-01
  1.2220740e+00
 -1.8015332e+00
  1.1881325e-01
  7.9126960e-01
 -1.1641117e+00
  8.4495741e-01
  8.4807581e-01
  1.5214896e+00
 -2.2063851e+00
 -1.2394156e+00
 -3.5039055e+00
 -1.9236434e-01
 -1.7091894e+00
 -1.7904799e+00
  1.8660374e+00
  1.4218489e+00
  4.1799502e+00
 -1.7435459e+00
 -2.5578153e+00
 -4.9320455e+00
 -2.5929928e+00
  3.7778451e+00
 -4.5363798e+00
  6.8681538e-01
 -2.0430025e-01
 -3.8602722e+00
  1.4425530e+00
  1.4869176e+00
  1.5319909e+00
  1.8749311e+00
 -3.6799979e+00
  1.7351878e+00
 -1.5138322e+00
 -3.1124392e+00
 -3.8533241e-01
 -6.1651385e-01
  8.2019818e-01
 -1.0301886e+00
 -1.7829179e+00
 -1.3452556e+00
 -1.5599123e+00
 -2.0165031e-01
 -1.2045006e+00
 -7.4811608e-01
 -1.1169144e+00
 -8.5588282e-01
 -3.3322654e+00
 -1.5015078e-01
  4.6709171e-01
  3.3372018e+00
 -8.6645171e-02
  8.7584071e-02
 -5.6310840e+00
  1.6948594e+00
  2.3824899e+00
  6.0039634e-01
  7.5186759e-01
 -2.2805543e+00
 -1.2787467e+00
 -2.2896657e+00
  1.9264394e-01
  1.6145198e+00
 -9.2433289e-02
  2.7021632e+00
 -1.2977937e+00
  2.8368714e+00
 -2.2941957e+00
 -8.9848995e+00
 -1.8809350e+00
  1.6396383e+00
  5.4458499e+00
  1.6244445e+00
  1.2699729e+00
 -1.2042694e+00
 -1.2952048e-01
 -4.9910942e-01
  5.2087325e-01
 -1.7353154e+00
  5.1828246e+00
 -1.5461299e+00
  1.4494414e+00
 -3.2767828e+00
  3.2294822e+00
  2.3403816e+00
 -2.1868653e+00
  2.7571287e+00
 -6.3031316e+00
  1.5990182e+00
 -6.3783226e+00
  1.8544332e+00
 -1.6761643e+00
 -4.4338584e+00
  3.6006541e+00
  1.0583714e+00
  1.0849284e-01
 -1.6133674e+00
 -8.6563546e-03
 -3.6863714e-01
  1.1833409e+00
  3.8207181e+00
 -4.4564015e-01
 -3.7045116e+00
 -3.1608150e+00
 -5.8004302e-01
  1.1104971e+00
 -2.7931055e-01
 -1.7018892e+00
 -2.9150927e-01
  1.2133738e+00
 -3.7372661e-01
  1.3974784e-01
 -3.1544015e+00
  3.8077018e+00
  6.3259995e-01
  9.8793113e-01
  6.7736387e-01
 -2.3466635e+00
 -5.0272336e+00
  7.6454335e-01
  2.1898360e+00
 -7.5940698e-01
  3.2604918e+00
  8.3212793e-01
  1.6297771e-01
 -6.8177066e+00
  5.0947142e+00
 -1.6562805e+00
  3.4414582e+00
  3.8920093e+00
 -1.0924743e+00
 -3.9648497e-01
  2.8116503e+00
  2.0013234e-01
  6.4490062e-01
  8.5594207e-01
  1.0787578e+00
  4.6585822e+00
  5.8841687e-01
 -6.3534267e-02
  6.3453746e+00
 -5.6740869e-02
  1.5470089e+00
  2.8808277e+00
 -1.5895251e+00
 -3.3211403e+00
  1.0635713e+00
  4.6003127e+00
  2.9017973e+00
  2.3928065e+00
  2.3946395e+00
  2.8239157e+00
 -1.2472105e+00
  1.5602124e+00
  1.0070916e+00
  2.1932249e+00
 -6.4665260e+00
  1.2445500e+00
  1.0086566e+00
 -8.9590353e-01
  5.1492423e-01
  9.2412001e-01
 -3.1937721e+00
  3.8983727e+00
 -3.6024106e+00
 -6.2476153e+00
  5.1330700e+00
  1.0557796e+00
  1.6347314e+00
  2.2842975e+00
  2.0764318e+00
 -7.8169286e-01
  1.2485617e-01
 -3.7172713e+00
 -2.3402348e+00
  3.0025464e-01
 -1.0863373e-01
 -3.8068199e+00
  6.6897297e+00
  1.0857313e+00
 -3.7570354e-01
 -3.2822621e+00
 -5.8566179e+00
 -1.7710328e+00
 -7.8861456e+00
 -2.9433010e+00
  8.8238651e-01
 -4.3637538e+00
 -1.3678508e-01
  1.0913171e+00
 -2.8146696e+00
  1.0740944e+00
 -5.5142398e+00
 -4.2359266e+00
 -3.1236479e+00
  1.9338492e+00
 -2.9887881e+00
 -3.4178965e+00
 -8.8934201e-01
 -2.4660704e+00
  3.3365512e+00
 -2.0626334e-02
  2.6679114e-02
  1.6461692e+00
 -3.6251228e+00
 -1.2897182e+00
  5.8788199e+00
  1.0650012e+00
 -4.8742738e+00
  7.4126244e-01
  1.4748816e+00
  2.9982059e+00
  5.6990995e+00
 -4.3558969e+00
 -1.7456408e+00
 -3.0457656e+00
  2.2595736e-01
  2.7259767e-02
 -1.6676268e-01
 -3.0094168e+00
 -1.9621177e+00
  7.5401602e+00
 -5.9681849e+00
  3.0675228e+00
  2.9314272e+00
  2.8968084e+00
  2.8475244e+00
  3.4204817e+00
 -1.2198771e+00
 -2.1807837e+00
 -1.6869564e+00
 -6.4709902e+00
  2.1533229e+00
 -4.1274810e+00
 -2.4670782e+00
  2.1923959e+00
  2.6157749e+00
 -2.4391351e+00
  3.1939557e+00
  3.9735460e-01
 -1.4698558e-01
 -6.5050501e-01
 -1.8494360e+00
  5.8066435e+00
  6.0695583e-01
 -6.4443326e-01
 -2.6401818e+00
  4.9951406e+00
  6.6164237e-01
 -1.5849894e+00
  1.0521260e+00
 -1.2248940e+00
 -4.9728200e-01
  2.7148829e+00
 -1.4706875e-01
  2.7470205e+00
  3.5136443e-01
  2.9667742e+00
  3.1461971e+00
  1.0947845e+00
 -3.3488575e-01
  3.5617948e+00
 -1.6849152e+00
 -1.5234931e+00
 -3.5201688e+00
 -1.9148232e+00
  2.7232328e-01
  2.5073993e+00
 -2.2374684e-01
  9.8772395e-01
 -8.2849538e-01
 -3.8394890e+00
 -3.6232395e+00
  1.7993019e+00
  5.3746343e-01
 -8.7749016e-01
  5.8577108e-01
  1.9390881e-01
  1.0580076e+00
 -4.5588641e+00
  3.0244188e+00
  3.5767093e+00
 -1.9429682e+00
 -4.3702817e+00
 -7.3952156e-01
 -7.6952273e-01
  1.8310943e+00
  1.2888613e+00
 -3.1548721e-01
  1.1121669e+00
  1.7664905e+00
 -4.1326528e+00
 -6.2482295e+00
  1.5615817e+00
 -4.5523829e+00
  1.4536049e+00
  8.3158135e-01
  1.6572715e+00
 -5.0251085e-01
 -6.8734533e-01
  4.0204573e+00
  1.7984362e+00
  1.3626813e+00
 -1.6131604e+00
 -2.6098819e+00
  2.0881846e+00
  9.0075171e-01
  2.2512450e+00
 -2.5175390e+00
 -5.9129798e-01
 -1.8522671e+00
 -1.9046341e+00
  1.1719287e-01
 -3.4230516e+00
  6.7030745e+00
 -4.5526710e+00
  4.0549558e-01
 -2.0186560e-02
  7.8132313e-01
  1.7379695e+00
  1.3805838e+00
 -7.7901334e-01
 -2.0866628e+00
 -5.1572657e+00
  3.3587220e+00
 -1.8863196e+00
  1.1796020e+00
  2.2529068e+00
  6.1053004e+00
  3.5208619e+00
 -2.0528914e-01
  1.0268682e+00
 -1.4620836e+00
 -1.5209342e+00
 -5.6296120e+00
  4.7877326e+00
 -2.2095664e+00
 -3.6991522e+00
  1.0679791e+00
 -3.3117433e+00
  1.1415085e+00
  2.8273275e+00
  4.8486061e-02
  1.0587475e+00
  4.9237151e+00
  3.6027876e-01
 -2.1493239e+00
  3.0963745e+00
  1.0016055e+00
  1.3358581e+00
 -4.0370998e-01
  1.7576187e+00
  4.9810796e+00
 -1.2081368e+00
  4.1621919e+00
  3.0581410e+00
 -1.6539017e+00
  3.2610672e+00
  6.0116100e+00
  1.4585118e+00
  1.4963629e+00
 -6.7974520e-01
 -1.1508108e+00
 -9.2687595e-01
  3.5586739e+00
  1.2953612e+00
  5.2699680e+00
  1.4259726e-01
 -3.4160664e+00
  1.0952013e+00
 -3.9773533e+00
 -6.2482271e+00
 -1.6319214e+00
  1.0124124e+00
  1.7394455e-01
 -9.9796373e-01
 -4.5263591e+00
 -1.1143826e+00
 -6.8323283e+00
  1.7739336e+00
 -9.2267329e-01
 -7.1307535e+00
 -1.2674893e+00
  6.0756958e-01
 -2.5388150e+00
  5.2963865e-01
  1.2295691e+00
  3.0142689e+00
 -4.0067520e+00
  3.3945520e+00
  1.6202459e+00
 -2.8045015e+00
 -1.1508030e+00
 -2.2853210e+00
  4.4772420e-02
 -2.7202851e-01
 -4.2026743e-01
  3.1426511e+00
  3.6255496e+00
 -5.0860971e-01
  3.7410766e-01
 -1.3084491e-01
 -1.8174338e+00
 -3.1037693e+00
 -2.5166121e+00
  1.7136000e+00
  2.6575792e+00
 -6.2256904e+00
  2.7320760e-01
  1.8174057e+00
  9.6394551e-01
  1.4823186e-01
  2.1294883e-01
  2.6003838e-01
  1.6950473e+00
  2.0378594e+00
  6.1281333e+00
 -3.2830703e+00
 -4.4322634e+00
  5.9591494e+00
  2.2181940e+00
 -2.3546245e+00
 -2.3734047e+00
 -1.7807800e+00
  7.9471350e-01
  6.0674292e-01
 -7.8697175e-01
 -9.2339385e-01
  1.1429700e+00
 -3.1806272e-01
 -2.0542798e+00
  7.0869155e-02
 -3.2473319e+00
 -5.1496119e+00
  1.0089135e+00
  5.2249398e+00
 -6.4211893e-01
  2.4865975e+00
  1.7940711e+00
 -4.6011117e-01
 -5.0693285e-01
 -5.8534247e-01
 -4.8043507e-01
  3.3104582e+00
  1.8507284e-01
 -2.6851512e-02
  1.6670548e+00
 -2.7071178e+00
 -6.7239684e-01
  6.2438469e+00
 -5.9371889e-01
  3.6648473e-01
 -2.2754889e+00
  2.1157355e+00
 -2.6541283e+00
 -6.3862414e+00
 -2.8739271e+00
 -1.3616257e+00
 -3.5264084e+00
 -3.0278042e-01
 -2.2786131e+00
 -3.5754588e+00
 -7.4260145e-01
 -1.9936684e+00
 -3.9745605e+00
  2.4238689e-01
  1.1373758e+00
  3.9069409e+00
 -1.6390809e+00
  2.2588327e+00
  2.3223827e+00
 -1.2200626e+00
  1.2151963e+00
 -1.5994405e+00
  1.7859843e+00
 -2.6680956e+00
 -3.5892875e+00
 -3.7408698e+00
 -9.2305642e-01
 -3.2976923e+00
 -9.9467653e-01
 -3.4662014e-01
  1.3073945e+00
 -3.7677946e+00
 -5.6614794e-02
  5.1864595e+00
  3.4916315e+00
  6.2351804e+00
  1.2279519e+00
 -4.1493030e+00
  7.5000997e+00
 -7.0740181e-01
  1.8388773e+00
 -1.3162075e+00
 -3.3184838e+00
 -1.2386078e+00
  3.2919085e-01
  4.2689782e-01
  1.3515885e+00
 -1.3845917e+00
 -5.5181384e-01
 -2.5023909e+00
 -3.9290843e+00
  1.4243685e-01
  2.1869119e-01
 -6.1987060e-01
 -2.3045394e+00
  2.0321987e+00
  5.1157212e+00
  4.0462661e+00
 -4.5858222e-01
  2.1629395e+00
  1.7824394e+00
 -3.7086004e-01
  4.5824409e-01
  1.1610460e+00
 -1.6456025e+00
  1.5063852e+00
 -2.0190074e+00
  1.3346729e+00
 -7.8638172e-01
  5.4641324e-01
 -2.8654759e+00
  1.1473156e+00
 -2.2218738e+00
  7.2455013e-01
  2.0057204e+00
  1.6886525e+00
  3.6969402e+00
  2.6026938e+00
  6.6601944e-01
  6.4042836e-01
 -2.4743764e+00
  6.3557172e+00
  2.9824510e+00
 -5.7488686e-01
  2.9796762e+00
 -1.4052471e+00
  1.1557121e+00
  1.0927643e-01
 -1.9608202e+00
 -2.7728066e+00
  4.7040558e+00
  8.2574844e-01
  7.7634901e-01
  3.0229335e+00
  9.6333718e-01
  1.0834963e+00
  2.9008353e+00
 -1.5819908e+00
 -2.7359593e+00
 -1.8569897e+00
 -4.5011961e-01
  1.2590163e+00
  2.6962328e+00
 -2.5260153e+00
  1.5042094e+00
 -2.0318529e-01
  1.8393784e+00
  2.5364406e+00
 -2.0002382e+00
 -2.7058520e+00
  1.3346120e+00
 -1.7863239e+00
  2.1739299e+00
 -3.1283224e+00
  1.8755090e+00
 -6.5093458e-01
 -1.8970634e+00
  4.5535183e+00
 -3.5971668e-01
 -3.1578879e+00
 -1.0899839e+00
  8.1738085e-01
 -1.4493084e+00
 -1.1886447e-01
 -1.5745008e+00
 -9.7129032e-02
 -1.6827853e+00
  3.1843555e+00
  3.3474143e+00
  1.0730634e+00
  2.2651591e+00
  3.2823467e+00
  3.0908215e+00
  3.8578026e+00
  7.7023149e-01
  8.1301469e-01
 -4.3458476e+00
 -2.7269647e+00
 -5.2101793e+00
  4.0476165e+00
 -3.9828277e+00
  4.0420961e+00
 -4.7018852e+00
 -1.3741466e+00
 -3.6667879e+00
 -2.4243572e+00
  9.7151333e-01
 -3.1015173e-01
  1.9114292e+00
 -4.6739006e-01
 -4.0247731e-02
  2.5724189e+00
 -6.8859690e-01
 -2.7985242e-01
 -1.6617317e+00
 -1.5487745e+00
 -1.4649137e+00
  1.7216473e+00
 -3.5081191e+00
 -1.7340569e+00
 -3.3614445e-01
 -1.8786114e+00
 -6.1455750e-01
  2.9931657e+00
 -6.2694508e-01
 -3.3381119e+00
 -4.1983929e+00
  2.3101921e+00
  2.8932521e+00
  1.9995137e+00
  4.7255750e+00
 -1.5809019e-01
  2.5323977e+00
  2.7379236e+00
 -2.0158484e+00
  1.6849624e+00
 -2.4177012e+00
  1.7422566e+00
 -9.5456415e-01
  1.2498139e+00
 -7.9003465e-01
  5.9530026e-01
  2.3788872e+00
 -3.0780277e+00
 -1.2776162e-02
 -5.5011094e-01
  3.6906774e+00
 -1.8942041e+00
 -8.0728877e-01
  8.1890303e-01
  3.6855106e+00
  4.4208732e+00
 -3.7654176e-01
  3.9128637e+00
 -2.3078471e-02
  2.7943814e+00
  2.4475005e+00
 -2.4198360e+00
  2.0690987e+00
 -7.6305919e+00
  2.1224763e+00
  1.0670172e+00
 -2.3887017e+00
 -4.0832119e+00
 -3.5774140e+00
 -4.3252535e+00
  3.3909914e+00
 -2.8039186e+00
 -2.3994708e+00
  9.5738024e-01
  3.6304095e+00
 -1.3935869e+00
 -4.6077628e+00
  2.9114702e+00
 -8.1061912e-01
 -3.4515741e+00
 -3.0201514e+00
  1.3158374e+00
  1.4801693e+00
  6.6582912e-01
 -7.1136808e-01
 -5.7060623e+00
  3.1231649e+00
  3.3340800e+00
 -6.4696741e+00
  1.5552520e+00
  3.2834601e+00
  4.1362100e+00
 -3.2722003e+00
 -3.1869717e+00
 -1.0278531e+00
 -4.8527069e+00
 -7.9192573e-01
 -4.1529741e+00
 -1.6768382e+00
  3.8626137e+00
  1.7384418e+00
 -3.9967551e+00
  6.7797637e-01
 -5.1145685e-01
  4.2368135e+00
 -1.6169448e-01
  2.2565269e+00
  1.4080660e+00
 -7.7619702e-01
 -7.2011316e-01
 -2.9643633e+00
 -1.2679660e+00
 -5.4123139e-01
 -2.5499442e+00
 -9.6012264e-01
 -3.8717932e-01
  3.6786895e+00
 -3.9714184e+00
  5.2621789e+00
 -4.8258843e+00
 -4.7973962e+00
 -4.5453867e-01
 -5.4015779e+00
 -2.5655737e+00
  6.6711009e-02
 -7.9250693e-01
  5.2278471e+00
 -6.7938465e-01
 -1.7021506e+00
 -3.9548361e+00
  1.4755123e+00
  2.3698339e+00
  2.3738141e+00
 -2.7392392e+00
  2.6921444e+00
 -9.0325677e-01
  4.5714769e+00
  8.5340166e+00
  7.3822331e-01
 -4.1130795e+00
  3.6542305e-01
  6.9026589e-01
 -6.7015940e-01
  1.8693513e+00
 -5.4931226e+00
  3.7077262e+00
  2.4963830e-01
 -7.6648355e-02
 -2.5422275e+00
  7.3387422e-02
  1.9581154e-01
  1.3027384e+00
 -1.3653627e-01
 -1.4236133e+00
  3.4505367e+00
 -1.6959223e+00
 -1.7312920e+00
  2.1133895e+00
 -7.1742713e-01
 -6.9388205e-01
  3.2943997e+00
  4.4987235e+00
 -2.1791186e+00
 -3.1962478e-01
  2.1444772e-01
  3.9784741e-01
 -3.6650410e+00
 -1.1303411e+00
 -2.2200863e+00
 -5.3326411e+00
 -2.4234107e+00
  2.2693999e+00
  3.8483253e+00
  2.0130980e+00
  1.0014131e+00
 -2.8574445e+00
 -1.7784200e+00
 -1.3452446e+00
  2.8566620e-01
  2.0689735e+00
 -2.1000192e+00
 -2.3681152e+00
  2.3148727e+00
 -1.9207892e+00
  8.5339345e-02
 -3.5007493e+00
  5.1318747e-01
 -6.0392265e+00
  8.2827055e-01
 -1.5775592e+00
  1.1288913e+00
  3.6722105e+00
  1.5047454e+00
  3.0557616e+00
 -1.7474972e+00
 -7.8803520e+00
 -4.2431879e+00
  6.4703827e+00
  7.7055593e+00
 -3.4640317e+00
 -3.0805271e+00
 -2.9753561e+00
 -1.6713470e+00
 -1.9574816e+00
  9.6814275e-01
 -7.7145296e-01
 -3.6906266e+00
 -2.7755687e+00
  2.2659941e+00
 -6.9769156e-01
  5.6730258e-01
  1.6160556e+00
 -2.0451357e+00
 -2.6787993e-01
 -2.2663014e-01
  4.0697370e+00
  3.9075491e+00
  4.1404092e-01
  2.9146891e+00
  2.5257280e+00
 -3.7239022e+00
 -1.5516261e+00
 -2.1236968e+00
  5.7821244e-01
 -1.0690196e+00
 -3.2210140e+00
  2.4473202e+00
 -1.4289587e+00
 -6.8482131e-02
 -2.4015774e-01
  4.8040209e+00
  2.7350647e+00
 -2.2680202e+00
  1.3256538e+00
 -7.8269881e-01
  1.9483253e+00
  3.2708886e+00
  1.6418391e+00
 -1.9709419e+00
  3.6619753e-01
 -3.3213849e+00
  1.4624144e+00
  3.2293248e+00
 -3.0948004e-01
  9.5005989e-01
 -2.1013351e-01
 -3.8210269e-02
  3.7584848e+00
  2.9397712e+00
 -3.0150679e-01
 -1.0687405e+00
  1.4797906e+00
  8.5474566e-02
 -1.3598554e+00
 -2.9235301e+00
 -1.1508802e+00
  1.3844929e+00
  5.7415624e+00
 -4.7506576e+00
  1.5372984e+00
 -6.7671604e+00
  2.7598715e+00
 -2.5029669e+00
 -5.9000295e-01
  2.0728886e+00
  3.9728293e+00
 -2.6190264e+00
  3.7882555e-01
  1.8706939e+00
  9.4758242e-01
 -6.6161281e-01
  2.6051273e+00
  2.9417472e+00
  5.3605217e-01
 -4.1273360e+00
  1.6496413e+00
  4.2635708e+00
 -4.2580314e+00
 -2.8767350e+00
  3.8406079e+00
 -5.5833879e+00
  6.9585788e-01
 -1.9564978e+00
  2.6976326e+00
 -3.2500398e+00
  1.3970438e+00
  2.4479754e+00
 -3.9541314e+00
 -1.4742845e+00
 -2.8113558e+00
  3.2885737e+00
  5.8396322e-01
 -7.7012843e-01
 -1.3435854e+00
  1.8090370e+00
 -2.3260154e-01
  2.7269131e-01
 -1.8010892e+00
 -1.9075975e+00
 -1.5435728e+00
  1.5849216e+00
  1.0905796e+00
  3.3992183e+00
 -3.3597465e+00
  1.5002243e-01
  2.8642154e+00
  1.6757895e-01
 -3.2408957e+00
 -2.2002511e+00
 -2.1506209e+00
  9.8874712e-01
  1.3352947e-01
  9.6819901e-01
 -2.2655680e+00
 -2.0060747e+00
 -9.7017860e-01
 -5.2076435e-01
 -1.4706028e+00
 -2.3882487e-01
 -2.1765203e+00
  4.8341137e-01
  1.8511034e+00
 -1.5117291e+00
 -1.7705142e-01
 -2.3473570e-01
 -9.1611463e-01
  2.0379116e-01
  4.4753781e-01
  1.5291141e+00
  9.9045366e-01
  1.5693538e+00
 -1.1973482e+00
 -1.1396594e-01
  5.2742636e-01
 -1.8779778e+00
  8.4016877e-01
  3.4773233e+00
  1.6522020e+00
 -4.3940553e-01
 -8.9373714e-01
  1.3379958e+00
 -3.6431438e-01
  9.6926153e-01
  1.1044370e+00
  1.0404661e+00
 -8.1232280e-01
 -1.8465576e+00
  3.8074622e-01
 -1.2028705e+00
  2.9749184e+00
 -1.8610628e+00
  1.8392156e+00
 -1.2445207e+00
  4.2800474e+00
 -1.1528025e+00
  9.4463998e-01
  5.6776333e+00
  4.0089784e+00
  2.0503170e+00
 -1.3528167e+00
  1.7238519e+00
 -1.5334151e+00
  2.8271444e+00
 -1.4418511e+00
  4.3279734e-01
  2.9488597e+00
  2.5947437e+00
 -4.2018056e+00
  8.1870955e-01
  1.3730859e+00
  3.8960266e+00
  5.1543492e-01
 -3.6624089e-01
  2.9878573e+00
 -1.8200227e+00
  1.1688422e+00
  4.1018209e+00
  2.4439547e+00
  2.6509378e+00
 -1.2414083e+00
  2.6411738e+00
  1.0884780e+00
  4.0206761e+00
 -3.9661531e+00
 -3.8324354e+00
 -2.2635193e+00
 -2.6890452e+00
  1.9318678e+00
  3.2091577e+00
  3.1161633e+00
 -1.7727501e+00
 -2.1171560e+00
  2.0579104e+00
  1.9251378e+00
 -4.2420387e+00
  4.2276445e-01
 -2.4058202e-01
 -2.3393877e+00
 -1.0344422e+00
  5.8935767e-01
 -1.6263191e+00
 -1.5285863e+00
 -1.3794645e+00
  1.6956347e+00
 -2.0782795e+00
  3.1664796e+00
  3.0275617e+00
 -6.4627618e-01
  5.8672482e-01
 -4.1202344e-02
  1.9637494e+00
 -5.4543653e+00
  3.0994625e+00
  3.6921346e+00
  6.0823524e-01
 -4.4816608e+00
  1.1800387e+00
  4.5095753e-02
  8.4423418e+00
 -1.2304392e+00
  3.5293517e-01
  8.7652045e-01
 -2.7447526e+00
  6.8860507e+00
  5.0362897e-01
  1.2223345e+00
 -3.2423469e-01
  3.3300047e+00
  1.1091068e+00
  7.0287724e+00
  2.5313862e-02
 -1.0029706e+00
 -8.9444739e-01
 -2.3933773e+00
  8.0710644e-01
  9.9020272e-01
  4.5368162e-01
  1.0955378e+00
  2.9395208e+00
 -4.2900591e+00
  7.5853539e-01
 -5.9995866e-01
  1.8081994e+00
  1.6820937e+00
  2.5437362e+00
  4.3103814e+00
 -3.3170099e+00
 -3.9654527e+00
  9.6897811e-01
 -2.5079161e-01
 -5.3267026e-01
 -1.9551843e+00
  2.1991363e-01
  2.8728610e-01
  1.4581292e+00
  1.1477669e+00
 -8.6695142e-02
  4.7596374e+00
 -1.7057766e-01
 -3.4839672e-01
 -1.1159368e+00
  3.9442086e+00
  2.9909316e-01
  1.2054273e+00
 -3.2674229e+00
 -1.4148303e+00
  1.5608188e+00
 -2.3891113e+00
  1.3765675e+00
 -1.5433589e+00
  3.3104799e+00
 -3.2958310e+00
 -2.5737693e+00
  1.7137655e+00
 -7.0580454e+00
  1.0156548e+00
  1.1484916e+00
 -4.4660172e+00
  3.8254879e+00
 -3.9195201e+00
 -8.6051863e-01
 -1.4984510e+00
 -1.7044095e+00
  2.6169777e+00
  1.9471399e+00
  1.7064390e+00
 -4.1243677e+00
 -3.9131162e+00
 -2.0206521e+00
 -6.1335564e-01
 -1.3471594e+00
  2.2355733e+00
  1.1503830e+00
 -1.9640485e+00
 -6.8264389e-01
 -2.6247571e+00
 -1.2736106e+00
 -1.0014554e-01
  1.8498737e+00
 -1.1474959e+01
  2.6657047e+00
 -3.4737296e+00
 -1.4515491e+00
  9.9158418e-01
 -2.2571747e+00
  4.2203809e-03
 -2.6724112e+00
 -2.1620526e+00
  2.2324378e+00
  3.4704509e-01
  3.4793324e+00
  8.0252302e-01
  3.7239504e-01
 -1.9684530e+00
  1.4125216e+00
 -4.3788016e-01
 -3.6912928e+00
 -4.5671945e+00
  1.5492043e+00
  1.3970470e+00
 -2.6934865e+00
 -5.5680933e+00
 -1.3917722e+00
  2.3162249e-01
 -3.4202666e+00
  1.0858260e+00
  2.4174013e+00
  3.0232356e+00
 -2.4099255e+00
  1.1381682e+00
 -4.4723892e+00
 -2.4001709e-01
  5.7925653e+00
 -3.7175226e+00
 -7.1515352e-01
 -1.0930362e+00
  3.0458647e-01
  8.1546664e-01
 -9.2853785e-01
 -2.2458327e+00
 -3.9846712e-01
  2.7660367e+00
 -1.2389804e+00
  1.5100868e+00
  1.1633619e+00
 -4.7298851e+00
 -2.2290118e+00
  3.0510583e+00
 -6.2358707e-01
  3.5602801e+00
  1.3204627e+00
  2.2444386e+00
 -5.5006113e+00
 -6.6599779e+00
 -2.3479040e+00
 -1.2691011e-01
 -3.3727460e+00
  5.1216996e-01
  1.2397990e+00
 -3.9107232e+00
  2.0179515e+00
  1.9170687e+00
 -2.4825910e-02
 -5.7391036e-01
  2.8760509e+00
 -5.3384459e-01
  3.3742952e-01
 -5.7578969e-01
 -2.8825300e+00
  4.8380283e-01
  3.6372766e+00
 -2.2376490e-01
 -8.1275225e-01
  2.4061444e+00
  3.8934402e+00
  4.3275437e+00
 -3.6386750e+00
 -2.5903199e+00
 -1.1235406e+00
  3.1893438e-01
  2.5775499e+00
  5.2514400e+00
 -2.4983245e-01
  1.6398078e+00
  5.7014132e-01
 -1.5402364e+00
  3.5051413e+00
  4.8772221e+00
  4.6791320e+00
 -6.5707475e-01
 -1.7956986e+00
 -1.1438363e+00
 -2.9995573e+00
 -1.0909070e+00
  1.1875489e+00
  5.3473866e-01
  3.3617101e+00
  1.2527198e+00
  3.0963836e+00
 -2.7792886e-01
 -5.9624915e+00
 -3.2562304e+00
 -9.9051505e-01
 -2.4818149e+00
  6.9425799e-02
  5.5288329e+00
 -1.5904876e+00
 -1.4716043e+00
  3.0863507e+00
 -3.4932454e+00
  4.3208785e+00
  4.8180699e-01
 -1.6380076e+00
  5.1562124e-01
  1.3596317e+00
  9.7728521e-01
 -7.1705621e-01
  8.5288608e-01
  1.1181656e+00
 -5.1779070e+00
  3.5161522e-01
  1.3139657e+00
  8.5501552e-01
 -2.2780569e+00
 -5.7598791e+00
  1.5543907e+00
 -2.0563970e+00
 -2.1204308e-01
  1.4916657e+00
  2.5676696e+00
  1.6473893e+00
  2.9010126e-01
 -1.9115542e+00
 -1.2258073e+00
 -2.2333183e+00
 -2.0187845e+00
  4.5387122e-01
  3.2295628e+00
 -6.9288939e-01
 -3.1082144e+00
  3.2724626e+00
 -5.7631664e+00
  2.7080095e+00
 -2.0525081e+00
 -3.6150196e+00
  4.2213311e+00
  3.4522063e-01
 -5.5060738e-01
 -1.8283234e+00
 -4.8615861e-01
  4.6831557e-01
  1.9519830e+00
  1.3889891e+00
 -3.6354547e+00
 -1.2618780e+00
 -4.4622183e-01
 -6.7464910e-02
 -2.7533562e+00
 -4.7980547e-01
  2.8209732e+00
 -3.5453129e-01
 -3.6234614e-02
 -6.7253995e+00
 -9.2142230e-01
  1.0165335e+00
  3.6702037e+00
 -8.1349528e-01
 -1.3620692e-01
 -5.1206011e-01
  3.5011923e+00
  4.5242496e+00
 -1.3901037e-01
 -1.9433584e+00
  9.3231481e-01
 -7.7294433e-01
 -2.9300463e+00
 -6.4593792e-01
  1.8998259e+00
  9.3935847e-01
 -2.1035697e-02
  1.5898604e-02
  6.2564462e-01
 -2.7120626e-01
  1.7936648e+00
  5.7869205e+00
 -1.0778494e+00
 -7.8166801e-01
 -3.7325516e-01
  1.7962146e+00
 -1.2397333e+00
  2.9983413e+00
 -1.2341590e+00
  5.1065028e-01
  7.8392088e-01
  3.6474321e+00
  3.2307146e+00
 -2.8869936e+00
  1.6313867e-01
  3.6673937e+00
  3.5936439e-01
 -1.7261170e+00
  4.0851064e+00
 -1.7160065e+00
 -2.1368032e+00
 -1.8864468e+00
 -3.4432533e+00
 -5.0305104e+00
 -5.3768933e-01
 -8.9129887e+00
 -1.1248871e+00
 -7.1380597e-01
 -2.4610195e-01
  6.1963862e-01
  3.0874424e+00
 -2.1261919e+00
 -4.2962521e-02
 -3.8010142e+00
  3.6225843e+00
  1.1214256e+00
 -1.1306894e+00
  2.7680926e+00
  2.0725152e+00
 -2.7924085e-01
  6.2836289e+00
 -3.1181777e+00
 -5.0938005e+00
  2.4004273e+00
  2.7275047e+00
  1.3652712e+00
 -2.5676078e-01
 -1.1124375e+00
  1.6918949e+00
 -2.7522109e+00
 -1.9752575e-01
 -2.6918122e-01
  3.6254964e+00
  3.2212479e+00
 -4.4078636e+00
 -1.3086876e+00
  1.4727800e+00
  3.1197045e+00
  3.6860624e-01
  1.9818280e+00
  1.2010180e+00
  3.2193947e+00
 -8.9238606e-02
  2.1308029e+00
  2.6915147e+00
 -5.2386051e-01
 -3.1655712e+00
 -3.5510721e+00
 -2.5707695e+00
  3.2427493e-01
  1.4863714e+00
 -1.9257041e+00
  1.3914865e+00
 -2.7793851e+00
 -9.6526438e-01
  1.4210923e-01
 -1.2900847e-01
  3.4692922e+00
 -5.5073352e+00
  3.6210707e-01
 -2.7373365e-01
  1.4166657e+00
  1.5565194e+00
  3.2971749e-01
 -1.3276534e-01
  1.3331125e+00
 -3.2292078e+00
 -1.9412787e+00
 -1.1525093e-01
 -4.8839712e+00
  1.4305296e+00
 -3.3695662e-01
  4.9473575e-01
 -4.1420159e+00
 -5.0029979e+00
 -6.8265629e+00
 -8.2054013e-01
  9.8541003e-01
  2.1429176e+00
 -2.6776288e+00
  1.4061441e+00
 -1.7787712e+00
 -1.0719972e+00
  1.2943540e+00
  1.9387558e-01
  6.1152601e-01
  2.3912966e+00
  4.8323269e+00
 -2.0879650e+00
  3.0202804e+00
 -2.2452519e+00
  1.3180892e+00
  6.6718698e-01
 -1.1272864e+00
 -5.8570963e-01
 -1.1264950e+00
 -4.3564997e+00
  5.9140997e+00
  3.9746785e-01
 -1.6199257e+00
 -1.9756044e+00
 -2.1333716e+00
 -7.0378944e-02
 -1.7311382e+00
 -3.8235459e+00
  4.0469497e-01
  1.8185388e+00
  1.8322217e-01
 -4.1976733e+00
 -1.8889710e-01
 -2.5302927e+00
 -4.8643693e-01
 -1.5361627e+00
  3.8321310e-01
 -1.8807617e+00
 -1.9234881e+00
 -2.3632596e+00
  2.3382339e+00
  1.4797642e+00
  2.7466896e+00
  5.4781833e+00
 -8.7307823e-01
  3.4279151e+00
 -2.9454010e+00
 -2.3653462e+00
  1.0128463e-01
 -4.6183529e+00
  1.6112546e+00
  3.1997616e+00
 -2.5180442e+00
 -1.6930404e+00
  7.9243731e-01
  2.1240499e+00
  1.7123944e+00
  1.5776698e-01
 -3.1993515e+00
  8.6232632e-01
 -9.4773728e-01
  3.3450842e-01
  6.1248642e-01
  4.6986610e-01
  8.8465023e-01
 -1.9034158e-01
 -1.5764369e+00
 -9.5175654e-02
 -1.8757821e+00
  2.4502957e-01
  2.1034120e-01
  1.5684342e-01
 -7.3014694e-01
  9.4629459e-02
 -6.7563832e-01
 -2.3473476e-01
  2.4179566e+00
  5.6122303e-01
 -1.2641662e+00
  7.8955960e-01
  1.6975996e+00
 -5.5182457e-01
 -5.1703472e-02
  1.4712595e+00
  1.2593883e+00
 -2.7152991e-01
 -3.8082966e-01
  2.4095838e+00
  8.5768998e-01
  3.6052632e-01
 -3.2130439e+00
 -2.0094078e-02
  5.8040082e-01
  1.5796882e+00
 -2.4105233e-01
 -6.7936951e-01
 -6.6875678e-01
 -1.4473277e+00
  7.8305525e-01
  2.3537214e+00
 -8.8469625e-01
 -6.9670987e-01
 -5.8939236e-01
  5.8494395e-01
  3.1735036e-01
  2.0934741e-01
  4.9888849e-01
 -6.1186045e-01
 -1.6026593e+00
  2.3464774e-01
 -4.8590437e-01
 -2.6892138e-01
  2.5369570e-01
  2.0889665e-01
  1.2909344e+00
 -2.9415473e-01
 -6.9528806e-01
  2.1837597e+00
 -9.6887350e-01
  1.0904326e+00
 -7.7325892e-01
 -5.8700036e-02
  4.7623773e+00
  3.1884533e-01
  2.8367689e-01
 -1.9733231e+00
 -3.0355039e+00
  5.5351286e+00
 -1.0662842e+00
 -3.6095824e+00
  2.9044719e+00
 -2.6859262e+00
  6.1308146e+00
  1.3847816e+00
  1.7502345e+00
 -1.9736266e+00
  2.6531177e+00
  2.4702742e+00
 -5.1034307e-01
  7.5255232e+00
 -4.0976644e+00
 -2.0447199e+00
  2.9974046e-01
  3.2323148e+00
  8.4804937e-02
 -1.9030740e+00
 -9.5566565e-01
 -4.4583008e-02
  2.5191114e+00
 -4.2214161e-01
 -4.9783063e+00
  5.5933847e+00
 -7.8687346e-01
  3.3890072e-01
 -4.0433278e+00
  5.6175523e+00
  3.5037704e+00
 -1.9658009e+00
 -7.4745804e-01
  2.4879200e+00
 -5.5403624e+00
 -8.8662189e-01
  7.7700520e+00
 -2.9193323e+00
  2.0369103e+00
 -7.0272598e+00
 -4.0240908e+00
  1.7012491e+00
  3.3786204e+00
  2.2337327e+00
  2.4337488e-01
 -2.6722562e-01
 -1.9166710e+00
 -1.0621464e+00
  1.2792497e+00
  1.8479366e+00
 -4.5090067e-01
  4.8739719e+00
 -7.3982882e-01
 -1.3547441e+00
  6.5363488e+00
 -2.3866153e+00
 -6.0021734e+00
 -3.6188092e-03
  5.0051866e+00
  3.0309000e+00
 -3.9225466e+00
 -4.2114839e-02
  4.7747908e+00
 -8.9778286e-01
  2.3542607e+00
 -1.2842149e+00
  4.6624761e+00
 -3.3277214e+00
 -3.4813580e-01
  4.9350828e-01
  4.7506639e-01
 -4.7397084e+00
 -4.3559098e+00
  7.1040654e-01
 -4.0647445e+00
 -1.5494471e+00
  2.7173738e+00
  1.3323058e+00
  1.6123377e+00
 -8.6994991e+00
  6.4446878e-01
 -1.9385027e-02
 -5.0178604e+00
  1.1703749e+00
 -3.6246281e+00
 -8.1140556e+00
  4.3616471e+00
 -1.0006832e+00
  1.8080887e+00
  1.9554957e+00
  2.4259136e+00
  4.7433805e-01
  6.6380769e-01
 -7.3186897e-02
 -1.1636338e+00
 -6.1804014e-01
  2.2282770e+00
 -2.2117710e+00
  4.9462330e-01
  2.2141140e+00
  1.3292718e+00
  2.5178595e+00
 -4.3115764e+00
  1.2010404e-01
 -2.2154813e+00
 -2.3445225e+00
 -1.4556563e+00
  2.4188218e+00
  5.6554608e+00
  2.7156003e+00
 -5.8684273e+00
  3.6858191e+00
  3.9094818e+00
  3.1890981e+00
  5.1109872e+00
 -3.4512613e+00
 -2.2318597e-01
  2.4800920e+00
  1.4736938e+00
 -8.7689364e-01
 -3.7978864e+00
  1.7328426e+00
  2.4757979e+00
  7.0565355e-01
 -1.3614409e+00
  1.3335993e+00
 -2.2470491e+00
  2.4819708e+00
  3.5503991e+00
  3.9239321e+00
  2.2447112e+00
 -1.6435858e+00
  2.3128779e-01
  2.6399343e+00
  1.2835870e+00
  4.1762519e+00
  6.3442569e+00
 -7.2955985e+00
 -1.8558097e+00
 -1.3472798e+00
 -4.2858095e+00
 -7.3021972e-01
  5.5567122e+00
  3.9065340e+00
 -3.9339676e+00
 -2.8845596e-01
  1.0898225e+00
 -2.3529689e+00
 -4.9322161e-01
  2.1505895e-01
 -1.0004510e+00
  1.2275380e-04
  5.6689039e-02
 -1.1333861e+00
 -8.0074251e-01
  1.6287816e+00
 -1.9707500e+00
  4.8701611e-01
 -5.5564767e-01
 -5.0339336e+00
  2.0740542e+00
 -8.7380290e-02
  6.2192231e-01
 -6.7599177e-01
  2.0375575e-01
 -2.5232773e+00
  2.3373077e+00
 -2.5192049e+00
  3.8808739e-01
 -1.3630376e+00
 -2.1536355e+00
  2.3700905e+00
  2.4185026e+00
  8.9656514e-01
  1.0460098e+00
  7.3025084e-01
 -6.2089793e-02
 -4.1026702e+00
 -3.6260309e+00
  1.5705277e+00
  7.4856019e-01
  3.3751554e+00
  2.6986716e+00
  3.2621250e-01
  1.5377976e+00
  2.1810859e-01
  2.6096976e-01
  5.4449562e-02
  9.6696645e-01
  6.6885614e-01
 -1.8395307e+00
  6.5830743e-01
 -1.7309313e+00
 -1.0104523e+00
  5.8510631e-01
  4.7005048e-01
  4.7880387e+00
 -3.2100067e+00
 -4.8625178e+00
 -1.2828451e+00
  1.0137475e+00
  3.2181957e+00
  6.7405306e-02
 -4.3834138e+00
 -1.6106004e+00
  3.0482910e+00
 -2.3915756e+00
 -3.0583212e-01
 -4.6026409e-01
  7.4469310e-01
  2.0655115e-01
 -1.2605526e+00
 -2.4040166e-01
 -2.8024344e+00
 -3.7806568e+00
  4.7057905e+00
 -1.2888681e+00
 -2.6658137e+00
 -2.7516000e+00
 -1.2981863e+00
  3.7584219e+00
  1.3648057e+00
 -1.9384428e+00
 -2.9478867e+00
 -4.5761948e+00
 -1.2973894e+00
  9.4032907e+00
  1.9438794e+00
 -2.8875086e+00
 -2.3520713e+00
  7.5349531e+00
  6.2255609e-01
  3.1554604e+00
 -8.7681007e-01
  4.4645965e-01
 -1.5738350e+00
  1.6672593e+00
  1.7539541e+00
 -2.6981075e+00
  1.6614532e+00
  3.6101789e+00
 -2.4984126e+00
 -1.7355051e+00
 -7.4370253e-01
 -4.7790447e-01
 -1.9486619e+00
 -1.9798014e-01
  1.4971633e+00
 -3.3634114e-01
 -2.3332303e+00
 -1.3190998e+00
 -1.2476078e+00
 -2.8709700e+00
 -7.7608657e-01
  3.7499216e+00
 -9.5916510e-01
  1.9751984e+00
 -7.1767712e-01
 -3.5971587e+00
 -2.3814809e+00
 -3.1094260e+00
  1.6290298e+00
  4.3843608e+00
 -7.5597876e-01
 -9.8413354e-01
 -9.4844800e-01
  7.2850055e-01
 -4.9503088e+00
 -4.5959616e+00
 -4.7761388e+00
 -5.5368471e+00
  3.8632963e+00
  8.7226695e-01
  1.5862740e+00
 -1.4186709e+00
 -1.2590290e+00
  5.3213531e-01
  2.8634067e+00
  7.2474706e-01
 -3.6344926e+00
 -5.9119999e-01
 -4.5907679e+00
 -8.7375927e+00
  1.9637096e+00
 -2.2330298e+00
  5.5659258e-01
 -1.0169067e+00
 -4.1103930e+00
  5.3775930e+00
  2.8270473e+00
 -1.1272407e+00
  4.5058087e-01
  3.5124936e+00
  2.9785719e+00
 -2.1499636e+00
 -7.0344863e+00
 -2.5662329e+00
 -1.5532659e+00
 -3.3836548e+00
  3.4505045e+00
 -3.3977582e+00
  5.4590571e-01
 -4.0041366e+00
  1.9617619e-01
 -2.7390580e+00
 -7.1316087e-01
  2.1683416e+00
  2.3386486e+00
  5.3928852e+00
 -3.1599884e+00
 -3.9634538e-01
  1.7761582e+00
  2.3960059e+00
 -1.2465042e+00
 -3.7673218e+00
 -1.1701626e+00
  1.7263354e+00
 -5.4668422e+00
  9.8639166e-01
 -1.4848500e+00
 -1.9029950e+00
 -2.4556332e+00
  9.6170843e-01
  6.0180563e-01
  4.0331531e+00
 -2.0413687e+00
 -4.4562039e+00
  3.3619592e+00
 -7.0888815e+00
 -1.6728145e+00
 -1.0854495e+00
  7.2171569e-02
 -1.6619391e+00
 -2.7020586e+00
  1.3225950e+00
  1.4124850e+00
  3.7994597e+00
 -5.6202161e-01
 -2.2209048e+00
 -1.4951172e+00
  5.3291664e+00
 -3.9022396e+00
 -1.5337282e+00
  2.4709390e-01
  2.1355314e+00
  1.5916206e-01
  3.6850228e+00
  1.9456493e+00
  7.9659214e-03
  2.9353924e+00
  1.1948742e+00
  8.0341935e-01
  2.5485250e-01
 -5.4980493e-01
  1.9899225e+00
  1.6579263e+00
 -1.0172290e+00
 -9.1117322e-02
  1.5561554e+00
  3.1145620e+00
  3.1922865e+00
 -3.6473906e+00
 -7.9530168e-01
  3.5633752e+00
  3.1624854e+00
 -4.2456102e+00
  1.2705036e-01
 -7.4457579e+00
 -4.3644633e+00
  3.1987534e+00
 -1.0872471e+00
  1.8045920e+00
  1.1345139e+00
 -3.3988386e-01
  3.8383617e+00
  1.4103289e+00
 -9.7192132e-01
 -2.8017670e-01
  6.6026270e-01
 -4.4944248e+00
 -1.0351646e+00
  3.5513210e+00
 -1.7176335e+00
  2.7084929e-01
  3.0788715e+00
  6.1413665e+00
  9.5963087e+00
  3.3104200e+00
  4.4720039e+00
 -1.6522813e+00
  4.7634549e+00
  2.8445973e+00
 -5.3456908e-01
 -6.4918286e-01
 -1.2942680e+00
 -5.7722368e+00
 -5.5007964e-01
  2.0900202e+00
  1.0315669e+00
 -2.3286710e+00
  2.8938386e+00
  7.3574924e-01
  3.5119019e+00
  3.5290667e-01
  1.1449640e+00
  8.0900735e-01
 -3.7150127e-01
 -1.9488667e+00
 -4.3443584e+00
  4.1465282e-01
  4.5812473e+00
 -3.2931392e+00
 -6.4613619e+00
  3.0544565e+00
  8.2714310e+00
 -2.7592134e+00
  2.5245214e+00
  2.8373222e+00
 -1.3367070e+00
 -6.3233590e+00
 -3.1420162e+00
  2.9792602e+00
  1.4327545e+00
  3.2554297e+00
  8.8501340e-01
 -3.3225226e+00
 -3.7564607e+00
 -2.1521466e+00
 -1.4216155e+00
 -7.3581934e+00
  1.6643450e+00
  8.3206928e-01
 -2.9314811e+00
  4.9473223e-01
 -3.4437346e+00
  8.4774601e-01
 -1.5072453e+00
  6.8716401e-01
  8.3823931e-01
  1.8544475e+00
  4.7331376e+00
  1.4022752e+00
 -3.5837932e+00
 -2.6841774e+00
 -7.7429736e-01
  3.0084646e-01
  2.0411706e+00
 -4.4865665e+00
 -3.3002942e+00
  3.7049410e+00
 -1.0212417e+00
  1.4318987e+00
  1.6967444e+00
 -1.3231000e-01
 -6.8324375e-01
 -8.0409127e-01
  3.6364573e-01
 -2.0177189e-01
  1.5882766e-01
 -1.0386859e+00
 -2.3828449e+00
  1.1165400e+00
  6.7975557e-01
 -7.5110590e-01
 -1.0012659e+00
  1.6802256e+00
 -8.6312868e-02
 -3.1033492e+00
  1.0105104e+00
  5.5435775e-03
 -2.7896333e+00
  2.0404017e+00
  1.9585620e+00
  3.4455454e+00
 -6.3983531e+00
 -1.9273957e+00
 -2.1201172e+00
 -1.2042155e+00
  2.0210469e+00
  1.5531999e+00
 -1.6712800e+00
 -9.4183826e+00
 -3.0848119e+00
  4.1605991e-01
 -1.0202768e+01
  7.0685166e-01
  1.4048671e+00
  2.8228648e+00
 -1.1899229e+01
 -3.0494044e+00
  4.9765480e-01
 -4.1957662e-02
  1.7896044e+00
  6.0458431e+00
  5.9607129e+00
  6.3994370e+00
  3.9336205e+00
 -3.2636065e+00
 -6.0978192e-01
  3.9920175e+00
  2.8703680e+00
  3.4912589e+00
  1.9380136e+00
 -4.8561087e+00
 -1.3785304e+00
 -1.6054250e-01
  2.6156372e-01
  1.1681288e+00
  1.0760188e+00
 -1.5143335e+00
  3.6638176e+00
  4.5499626e-01
  1.9462482e+00
  2.1978876e-01
 -3.6533952e+00
  4.7348264e-01
 -1.7132876e+00
 -6.9177061e-01
  1.7482096e+00
  7.1596421e-02
  9.8574477e-01
 -2.9203436e+00
 -3.9430115e+00
  1.3592389e-01
  5.8658976e-02
 -5.8070332e-01
 -2.0175838e+00
  3.8035057e+00
  6.5320296e+00
  6.3321012e-01
 -5.4312062e-02
  2.2058265e-01
 -3.8739705e+00
  3.1092682e+00
 -2.7181079e+00
 -1.0963446e+00
 -4.5430493e+00
  7.1671420e-01
 -4.3571645e-01
  2.0220764e+00
  7.9583173e+00
 -5.1830587e+00
 -3.5666361e+00
 -6.8302059e-01
  3.3547837e-01
 -3.7617221e+00
  6.8082029e-01
  9.2878711e-01
 -2.6201129e+00
  2.3315780e+00
  1.5230857e-01
 -1.7091337e+00
  7.8310168e-01
 -5.6456194e+00
  1.8457181e+00
  1.7509606e+00
 -4.1492295e+00
  6.7264872e+00
  7.1830630e-01
  2.9872141e+00
 -2.9429064e+00
  1.0043173e-01
  6.5811176e+00
  1.4205227e+00
 -3.6731866e-01
 -5.5691590e+00
 -9.3853813e-01
  5.5117065e-01
 -4.2284369e+00
 -1.3629470e+00
  3.5624683e+00
  1.4569197e+00
 -5.9095569e-02
 -1.3724468e+00
 -7.9161592e-02
  7.0544081e+00
 -1.4675795e+00
 -2.0530250e+00
 -7.7206154e+00
 -6.6758335e-01
  4.1860204e+00
 -1.6427695e+00
 -3.0029523e+00
 -1.4391533e+00
  1.0216135e+00
 -2.4690397e+00
  1.8126533e+00
  1.6024308e+00
 -4.0480396e-01
  1.2643501e+00
 -1.4770881e+00
  1.3668783e+00
 -4.9001047e-01
 -4.2520418e+00
  1.0360864e+00
  8.5128289e-01
 -6.9876904e+00
 -3.6303277e+00
 -2.4548683e+00
 -4.9585066e+00
 -1.6498690e+00
  3.4507418e-01
  1.3737597e+00
 -1.6878053e+00
 -1.5725774e+00
  1.8428425e-01
  1.5057021e-01
 -1.7804569e+00
  3.1736109e+00
  2.6044083e+00
 -1.3611921e+00
  8.3908212e-01
 -8.5919422e-01
  3.2567112e+00
  2.2369747e+00
 -3.0612116e+00
  2.3944511e+00
 -5.2865520e+00
  3.9482749e-01
 -2.6990290e+00
  5.6218853e+00
  4.8516446e-01
  4.9487920e+00
  1.9845409e+00
 -1.1103580e+00
  1.4782752e+00
  3.5416976e-01
 -4.0243111e+00
  1.4926717e-01
 -3.1718886e-01
  4.0819306e+00
 -9.8357767e-01
  1.7303184e+00
  1.1530915e+00
  7.9809964e-01
  1.2940971e+00
  3.1246974e+00
 -5.6511416e+00
  1.8193353e+00
 -4.5246329e+00
 -9.4555545e-01
  1.6920455e-02
  1.4122634e+00
 -7.2345622e-02
  2.4180794e+00
 -2.3560191e-02
  8.1809783e-01
 -2.1396151e+00
  4.5041752e+00
 -9.7222126e-01
 -1.5728666e+00
 -2.7958357e+00
  4.8357553e+00
 -1.2600470e+00
 -1.6827807e+00
  2.1494615e-01
  1.9539905e+00
 -3.3153808e+00
 -1.6203353e+00
  1.2567607e+00
  3.0589497e-01
  6.3793695e-01
  5.7321773e+00
  1.1051193e+00
  5.3255570e-01
  2.9617660e+00
 -2.4391034e-01
  1.8558816e+00
 -9.4972193e-01
 -2.5567043e+00
 -2.4093091e+00
  2.0107565e+00
  9.6988246e-02
 -5.1342834e-02
 -8.5489883e+00
 -2.4265599e+00
 -8.5490942e-01
  7.6806593e-01
  2.2641122e+00
 -1.9998066e+00
 -4.4059059e-01
 -5.8209319e+00
 -8.1359494e-01
 -2.9375949e+00
  7.7546749e+00
  1.3495346e+00
 -3.2863885e-01
 -2.6783133e-01
 -1.6231718e+00
  2.0741309e-01
  5.0959039e+00
  5.1335174e-01
  4.6517324e-01
  2.4974401e+00
 -6.6436756e-01
 -7.4475467e-01
 -2.1380553e+00
 -2.7038436e+00
 -3.8580256e+00
 -4.1803730e-01
  2.0667670e+00
 -4.7946388e-01
 -1.0486565e+00
 -1.5051121e+00
  1.2063140e+00
  3.3995354e+00
 -2.1884769e-01
 -1.2594101e+00
 -1.6774095e+00
  7.6525480e-01
  2.7296410e+00
 -2.6253936e+00
  6.3246646e+00
 -1.0205321e+00
 -5.0796497e-01
 -4.0865073e+00
 -2.2930901e+00
 -4.2296806e-01
  1.5815085e+00
 -5.8479314e+00
  3.3857558e+00
 -2.7099876e+00
 -8.8231377e-03
  8.7798983e-01
  1.8231285e+00
 -3.8456492e+00
  1.6682465e+00
  2.2778375e+00
 -5.6611147e+00
  2.6349733e+00
 -8.8880712e-01
  9.0884969e-02
 -6.1606102e+00
  1.0288548e+00
 -4.7775750e+00
 -4.8249969e+00
  5.7237852e-01
 -7.3896873e-01
  3.9316110e-02
  1.8769134e+00
 -1.2506971e-01
 -2.5942526e+00
 -2.2069819e+00
  6.9178474e-01
  3.2415345e+00
  3.0176282e+00
 -3.1372678e-01
 -7.6815337e-01
  2.6112976e+00
 -3.4051085e-01
  6.3030043e+00
 -3.4145405e+00
 -2.0667443e+00
  1.2820283e+00
  7.0868387e+00
 -2.4753531e-02
  2.5391498e+00
 -3.6829739e+00
 -2.1369429e+00
  1.2734703e+00
  1.1853787e+00
  3.3170061e+00
  5.8427358e+00
 -3.5540442e+00
 -5.7600031e+00
  1.8711333e+00
 -1.2957060e+00
 -1.6574997e-01
 -1.5445628e+00
 -3.3084240e+00
 -3.7974987e+00
  4.1565800e+00
  2.0896125e+00
  1.9993277e+00
  1.8966416e-01
  1.1540793e+00
 -1.8253537e+00
  2.9009786e+00
  7.6614714e-01
 -4.6806744e-01
 -2.7899199e+00
 -2.5669768e+00
 -6.7626300e+00
 -9.5818901e+00
  2.2423980e+00
 -3.6861484e+00
  6.4219266e-01
 -2.2579372e+00
  2.1613591e+00
  2.5333569e+00
 -2.6762314e+00
  7.2820860e-01
 -3.4159875e+00
  5.2350841e+00
  5.5779082e-01
  5.3698903e-01
 -1.8018447e+00
 -2.7485751e-03
 -1.4028127e+00
 -1.6802250e+00
 -8.1073737e-01
  2.8094096e+00
 -6.9102544e-01
  2.0000808e+00
 -2.7747068e-01
  4.3993989e-01
 -3.1068747e+00
  4.0112540e-02
 -1.4774146e+00
 -1.2738253e-01
  2.7446106e-01
 -5.4324613e+00
  4.2752728e+00
  5.9948788e+00
 -4.3677192e+00
 -6.8860739e-01
 -2.1418602e+00
 -1.7331669e+00
  2.7239072e+00
  5.9909744e+00
  1.7946510e+00
  1.5539278e+00
 -2.6104856e+00
  3.4583766e+00
  3.6566956e+00
 -2.8381791e+00
  2.1973379e+00
  4.8411508e+00
  4.1394424e-01
 -5.7092947e-01
 -2.0406349e+00
  1.0030595e+01
 -1.5606683e+00
  5.7316408e+00
 -2.4772856e+00
 -3.0399835e+00
 -2.7270923e+00
 -2.0065732e+00
  1.2893869e+00
 -8.0955589e-01
 -1.6895375e+00
  6.9485289e-01
  4.8219638e+00
 -1.7211947e+00
  1.7619076e+00
 -3.8986018e+00
 -2.8423491e+00
  4.1424417e+00
 -2.0009275e-01
 -7.8759295e-01
 -1.5511248e+00
  1.7760671e+00
  3.1758204e+00
  9.6392190e-01
 -1.8386899e+00
 -9.9932730e-01
  3.1152227e+00
 -1.3886750e+00
 -2.7415934e-01
 -4.4565325e+00
 -4.9248843e+00
 -2.1968162e+00
 -1.8088593e+00
  1.3743876e+00
 -1.0805538e+00
 -4.3903533e-01
  2.8551011e+00
 -1.4096184e+00
 -2.6948392e+00
  3.7383151e-01
  1.7013981e+00
  3.6375730e+00
 -1.6687229e+00
 -2.1528335e+00
 -2.8619137e+00
  2.8001544e+00
 -1.2376639e+00
  1.8745959e+00
 -4.6366274e-01
 -3.8859591e+00
 -2.2547553e+00
  2.7042885e+00
  2.6276412e+00
  5.6351125e-02
  1.8001646e+00
  2.3919768e+00
  2.0386329e+00
  1.1949680e+00
 -1.4779998e-02
 -6.2738186e-01
  1.6956105e+00
 -2.7912357e+00
  1.9988197e+00
  3.5935683e+00
  6.8076569e-01
  1.0800065e+00
  2.1368837e+00
 -5.6240602e+00
 -4.2407903e-01
 -1.6210862e+00
  4.0660901e+00
 -2.7492034e+00
 -4.5712175e+00
 -5.0272117e+00
 -1.3618504e+00
 -3.4778243e-01
 -4.7046666e+00
  4.9959445e+00
  1.8503565e+00
  1.0302606e+00
  2.8306353e+00
  1.2480646e+00
 -1.2765925e+00
 -9.5349443e-01
 -8.8111067e-01
  2.0780038e-02
  2.0396930e-01
 -6.4798993e-01
 -1.5798863e+00
 -1.0632274e+00
 -1.6281633e+00
  1.1090347e+00
  8.3023190e-01
 -2.4428017e+00
  2.2172420e-01
 -4.5685992e+00
 -2.6832564e+00
 -1.2025065e+00
 -2.9361665e+00
  1.2538666e+00
 -4.9886084e-01
 -8.8270158e-01
  5.4168892e-01
  7.3170590e-01
  1.4089863e+00
  8.4388500e-01
  2.0858293e+00
  1.3123792e+00
 -3.2925129e+00
 -1.9540420e+00
  1.1589475e+00
 -2.9771199e+00
  2.9443240e-01
 -1.0439583e+00
 -4.8287106e+00
 -1.3449382e+00
  1.5160506e+00
  4.7640548e+00
  1.6037930e+00
 -6.0221291e-01
 -1.0536051e+00
  1.3180686e+00
 -7.3060280e-01
 -5.4107994e-01
 -6.0153639e-01
 -1.1690356e+00
 -1.0103226e+00
  1.2251046e+00
  2.7708638e+00
  9.6962881e-01
 -3.0548263e+00
  4.5521770e+00
  2.1158949e-01
  6.0016661e+00
  2.9379978e+00
 -3.3241689e+00
  4.8256140e+00
 -1.4053233e+00
 -1.0796087e+00
 -1.5713463e+00
 -2.3513494e+00
 -3.5792401e-01
 -2.0986454e+00
  1.4429674e-01
  1.6647103e+00
  1.6463143e-01
  3.3765078e+00
  2.5820072e+00
 -4.1415477e+00
  3.7802291e+00
  5.1922545e+00
  2.2558260e+00
  9.2703038e-01
  2.2776332e+00
  7.2163755e-01
  1.5913389e+00
 -3.5988963e+00
  2.1946273e+00
  1.3704763e-01
 -4.5745735e+00
  1.0295577e+00
 -3.0534277e+00
 -2.3615627e+00
  3.3536789e-01
  3.4408216e+00
  8.6282158e-01
  3.0099085e-01
 -1.0521374e+00
  1.7050265e+00
 -5.9357995e-01
 -3.7871832e-01
 -1.8471888e+00
  2.0738816e+00
  9.4142145e-01
  2.1789186e+00
 -3.6629844e-02
  5.0033612e+00
  3.2533526e+00
  2.0967047e+00
 -1.8120261e+00
  7.2419709e-01
 -2.9504261e+00
 -3.3218563e+00
 -5.4759498e+00
 -1.2942158e+00
 -8.9701198e-02
 -1.1740918e+00
  9.1843867e-01
  2.0138729e+00
 -2.3799982e+00
 -1.3121378e+00
 -2.6092941e-02
 -8.7167811e-01
  2.9745655e+00
 -1.5084614e+00
 -3.3129482e+00
 -2.3524937e-01
 -5.0938144e+00
 -9.8416835e-01
  3.0259657e+00
 -2.5722890e+00
  1.4457445e+00
 -7.2271175e+00
 -6.8901908e-01
  2.6574509e+00
 -1.2303376e+00
  5.8685474e-02
  4.1484303e+00
 -3.8901324e+00
 -2.7921233e-01
  1.8075742e+00
  3.9968281e+00
  1.6534994e+00
  3.1773915e+00
  2.8529239e+00
  2.1440375e+00
  1.9072098e+00
  3.4301567e+00
  1.7592114e+00
 -1.8977729e+00
  1.2309009e+00
  6.4943337e+00
  2.0538239e+00
 -1.0530523e+00
  7.2194803e-01
  7.4880910e-01
  6.5253776e-01
  1.9672133e-02
 -3.3963155e-02
 -1.0452445e+00
 -5.2046018e+00
  1.6113944e+00
 -7.5678878e+00
  1.9109836e+00
  4.0069571e+00
 -4.3762207e-02
 -3.2686131e+00
  7.6327677e+00
  3.6181514e+00
 -8.5443175e-01
 -5.5413389e+00
 -1.1951009e+00
  7.7876225e-02
  7.9765332e-01
 -1.1812624e-01
  2.3379840e-01
 -4.8682942e+00
  5.1645362e-01
 -5.0784335e-02
 -7.6428449e-01
 -1.8627840e+00
 -2.2214901e+00
 -2.5468781e+00
  7.7599853e-01
 -3.3105733e+00
 -2.4815314e+00
  5.0100746e+00
 -7.3273635e-01
 -1.5606139e+00
  1.1887515e+00
 -1.7546527e+00
  6.0659534e-01
  2.4456334e+00
  3.4126577e-01
 -1.8817574e-01
 -5.3006673e-01
  9.4466186e-01
  9.1849642e+00
 -8.1781209e-01
 -2.5965197e+00
 -4.2953248e+00
 -5.9198076e-01
 -2.0407507e+00
  2.5683000e+00
 -3.9247406e+00
 -3.2913184e+00
  7.5054979e-01
 -4.7268286e+00
  1.8263756e-01
  2.6979051e+00
 -5.6806207e+00
  1.1412941e+00
 -4.9851861e+00
  3.1520703e+00
  2.8876907e-01
 -2.3537097e+00
  2.0852339e-01
  5.1553330e+00
  1.4331778e+00
 -9.3421847e-01
 -2.0610917e-01
 -9.4402975e-01
  6.7666698e+00
 -5.9313810e-01
  5.7434624e-01
  2.5930355e+00
 -5.1658875e-01
  6.2474079e+00
 -1.7668750e+00
 -2.6024141e+00
 -9.0729731e-01
  2.1291754e+00
  2.3534453e+00
 -6.3653531e+00
  1.0182675e+00
 -1.4533882e+00
  6.0328188e+00
  2.2112286e+00
 -1.6357753e+00
  2.9806384e-01
  3.0287509e+00
  2.4804100e-02
  4.4284477e+00
 -2.3168669e+00
  5.0927091e-01
 -2.5257037e+00
  1.5422450e+00
 -1.1676427e+00
 -1.9452567e+00
 -2.5202312e+00
 -3.1498408e+00
  5.6228298e-01
 -1.0322234e-01
  1.2564577e+00
 -5.8106226e-01
  2.8756268e+00
  1.1095493e+00
 -1.9942591e+00
 -3.7703571e+00
 -1.0062765e+00
  3.6068277e+00
 -3.5963295e+00
 -8.5308707e-01
 -1.7036940e+00
  5.9895968e-01
  3.2676017e+00
  9.8787630e-01
 -1.2613788e+00
 -3.6616359e+00
 -3.0345051e+00
 -1.8404528e+00
 -5.0062972e-01
  1.7521151e+00
 -1.3272418e+00
 -7.0526910e-01
 -3.5062878e+00
  4.2576852e+00
  3.0605750e+00
 -1.6749778e-01
  3.5830364e+00
 -2.2740612e+00
 -3.1666400e+00
  6.8209296e-01
 -2.5698011e+00
 -2.2521625e+00
  2.4268358e+00
  2.5224009e-01
  6.3567437e-02
  1.5387696e+00
 -7.4524248e-01
  4.2329779e+00
 -3.8136525e+00
 -1.3132215e-01
  1.2276022e-01
 -1.5763459e+00
 -1.6865724e+00
  5.4774040e-01
 -2.9708886e+00
 -1.4389211e+00
  3.7439353e+00
 -2.6032406e-01
 -9.5839870e-01
  1.7587610e-02
  1.9086909e+00
  1.6716166e+00
  1.7664461e-01
  1.3766338e+00
 -4.4956784e+00
 -3.6847010e+00
  3.1917734e+00
  1.0080215e-01
 -3.3893435e+00
 -5.3961358e+00
  3.5645539e-01
  1.4289314e+00
 -2.2117817e+00
 -2.4974656e+00
  1.4184338e+00
  1.6266122e+00
  1.1858052e+00
 -1.0244770e+00
 -3.2688573e-01
  2.0323236e+00
  2.3416483e+00
  4.5812869e-01
  4.7437911e+00
 -6.0641664e-01
 -2.3205895e+00
 -2.4282084e+00
  2.5284002e+00
  1.2258176e+00
 -2.5216136e+00
  7.9247159e-01
 -1.5125390e+00
  5.0383490e-01
 -6.1212188e-01
  4.3256097e+00
  3.8874307e+00
  5.7988482e+00
  6.2646139e-01
  2.1115797e+00
  1.1294636e+00
  4.8470187e-01
 -3.4247392e-01
 -6.6523045e-01
  1.3791555e-01
  3.7161984e+00
  1.4133517e+00
 -3.8204415e+00
  1.0498413e+00
 -3.5001621e-01
 -1.0865494e+00
 -1.8872466e+00
  1.6530482e+00
  3.6722004e+00
  1.0748881e+00
 -2.8488618e-01
 -2.7066708e+00
  6.1371469e-01
 -2.0858102e+00
 -3.4611001e+00
  1.1292874e+00
 -2.1856277e+00
  2.7074759e+00
 -1.3301476e+00
 -5.3575569e-01
 -1.0988325e+00
 -2.9699676e+00
 -4.0708020e-02
 -1.2211941e+00
 -1.2109617e+00
  2.3209765e+00
  2.2155352e+00
 -5.5902761e-01
 -4.0387826e+00
 -2.3967528e+00
  1.2436953e+00
 -4.1089034e+00
 -4.9776330e+00
  7.4407607e-01
  4.4370508e+00
 -1.3313186e+00
 -1.6485213e+00
  6.1585865e+00
  4.5706096e-01
 -5.0256915e+00
  2.3217533e+00
 -1.5432926e+00
 -4.8929400e+00
 -3.4272547e+00
 -1.6036437e+00
 -3.6631095e+00
 -6.0296688e+00
  2.3069039e-01
  7.6375788e-01
  8.3337206e-01
 -2.1046932e+00
  3.4186821e+00
 -2.0911522e+00
 -6.4302695e-01
 -3.7662084e+00
  9.5555294e-01
  1.4467578e+00
 -5.4859871e-01
  3.7610674e-01
  2.0336814e+00
 -4.9371896e+00
 -2.9126979e-02
  4.9013074e-02
  2.4551878e+00
 -1.9973012e+00
 -4.8525283e-01
 -1.6462922e+00
 -6.9921880e+00
  2.2845457e+00
  4.0427235e-01
  5.5021012e-01
  2.7755978e+00
 -3.8275590e+00
  2.4340694e+00
  7.5875419e-01
 -9.0355027e-01
  3.4340413e+00
 -1.3602476e+00
 -7.9636389e-01
 -9.0381985e+00
 -5.1172113e+00
 -2.9382107e+00
  6.9191957e+00
 -2.9942143e-01
  3.7636578e+00
  3.4785566e+00
  2.2171159e+00
 -2.4070348e-01
 -5.7767636e-01
  5.4263192e-01
 -4.6731014e+00
  2.0972798e+00
 -1.3689765e+00
 -2.6406171e+00
 -1.3400495e+00
 -2.2772405e+00
  1.7988369e+00
  4.0414187e-01
 -4.5766158e+00
  4.6752243e+00
  1.3481510e+00
 -1.4802140e-01
  3.2763259e+00
  5.3473133e-01
  3.2511762e-01
  1.3559059e+00
 -3.1954124e+00
  3.1958456e+00
 -2.3550348e+00
 -1.1354120e+00
  1.1914526e+00
 -4.8110342e-01
  6.2784553e+00
 -2.6233592e+00
 -5.0742664e+00
  5.7936702e+00
  6.0398316e-01
 -1.2186688e+00
  1.3399895e+00
 -2.2950718e-01
 -3.2831500e+00
 -3.5315764e+00
 -1.6247714e+00
 -2.6002469e+00
 -1.0849477e+00
  4.4756160e+00
 -1.5775992e+00
  2.7167451e+00
 -2.0945749e-01
  6.3615646e+00
  1.9788457e-01
 -3.3456020e+00
 -2.4659441e+00
 -8.7938833e-01
 -3.3735933e+00
 -2.4237289e+00
 -2.5810647e+00
 -4.0033460e+00
  4.4096670e+00
 -4.2571173e+00
 -3.9228401e+00
 -4.4669991e+00
 -7.0108813e-01
  2.2675130e+00
  2.8819313e+00
  1.3931557e+00
 -2.4137506e+00
 -1.1350183e+00
 -3.0224860e+00
 -1.4381475e+00
 -1.9103508e+00
 -1.5669897e+00
  1.0821210e+00
 -7.8029081e-02
 -5.7583976e+00
  2.3951564e+00
 -2.8079998e-01
 -2.5915198e+00
  9.9687237e-01
  3.8549764e+00
  2.3602576e+00
  5.6234145e-01
 -2.9786665e+00
  1.9936789e+00
 -4.9194379e+00
 -1.0877271e+00
 -2.1327117e-02
  6.5612292e+00
 -3.3125240e-01
  2.1913536e+00
 -2.6060839e+00
  4.7141609e+00
 -2.8238306e+00
 -1.2757763e-02
 -3.1823018e-01
  3.3486536e+00
  1.1545800e+00
 -9.7840428e-01
 -5.3700614e-01
 -1.3715068e+00
  1.1877339e-01
 -4.9821165e-01
 -3.4992528e+00
 -4.0907989e+00
  1.9852930e+00
  7.0943036e+00
  2.1221933e+00
 -1.2051883e+00
  5.5715239e-01
  6.9745123e-01
  1.5340817e+00
 -3.4446342e+00
  4.7385116e+00
  1.0728908e+00
  3.0240819e+00
 -1.7690310e+00
 -1.8125250e+00
 -5.5230479e+00
 -2.8726060e+00
 -1.6838804e-01
  5.5763249e+00
 -2.6199684e+00
 -1.4810349e+00
  4.9007163e+00
 -8.4234852e-01
  8.6153412e+00
  5.0444841e-01
 -4.3928213e+00
 -1.9403110e+00
 -3.6128061e+00
 -2.5977912e+00
 -3.6567769e+00
  1.3802515e+00
 -1.1749651e+00
  2.0192754e+00
  1.2786715e+00
  4.5637703e+00
  1.7332174e+00
  1.0289409e+00
 -3.5630560e+00
 -2.4174497e+00
  3.6167774e+00
  3.9186316e+00
  2.2336972e+00
  1.5709269e+00
 -9.1884121e-02
 -5.2551711e-01
 -3.6271577e+00
  1.1853828e+00
  2.3875973e+00
 -4.6644580e-02
 -1.6963183e+00
  8.2335246e-01
 -2.3406012e+00
  4.5011932e-01
 -1.1191640e+00
  2.3849120e+00
 -2.6385782e+00
 -3.4578891e+00
  3.7825146e+00
  4.7906523e+00
 -2.9089651e-01
  1.7218852e+00
  1.6923460e+00
 -1.4273826e+00
 -5.4819161e-01
 -1.0027168e+00
 -1.8492079e+00
 -3.6137149e+00
  2.8282708e-01
  3.0630255e+00
 -2.9387281e+00
  4.9221144e+00
 -7.7647996e-01
  2.1615877e+00
 -4.0596581e+00
  7.0613021e-01
 -5.2594805e-01
 -2.9402282e+00
  1.8079454e+00
 -7.3626318e+00
 -1.4342244e+00
 -3.2319820e+00
 -1.8976126e+00
  1.1401756e+00
 -6.4987373e+00
 -1.0630219e+00
 -7.2608528e+00
 -2.3847184e+00
  5.1273685e+00
  3.7093210e+00
  2.2396576e+00
 -2.9242691e-01
  1.8889270e+00
  2.3306754e+00
 -1.2119422e+00
 -7.2643286e-01
  1.1619843e+00
 -4.3419185e+00
 -4.3616676e+00
  3.4592404e+00
 -3.0762267e-01
 -2.2778859e+00
 -2.4734120e+00
 -1.3611225e+00
 -1.3396839e+00
 -3.8591082e+00
  3.6555052e-01
 -2.8148761e+00
 -2.8859591e-01
  6.0197699e-01
 -3.6642623e-01
 -1.3637556e+00
  9.2308170e-01
 -3.8035481e+00
  3.9477274e+00
  3.2499371e+00
 -8.0564719e-01
  5.9444362e-01
 -1.2476764e+00
 -2.4177461e+00
  3.3726285e+00
 -2.9590091e-01
 -2.2251441e-01
  1.9460760e+00
  4.4442849e+00
 -2.0250430e+00
  3.5531447e+00
 -2.9284122e+00
  1.4619819e+00
  3.0912596e-01
  1.2176981e+00
  5.6617218e-01
 -3.8069922e-01
  1.1994245e+00
  1.3325876e+00
 -5.3395925e+00
  2.8108315e+00
 -2.1997721e+00
  2.6793354e+00
 -2.2658908e+00
  7.5672977e-02
 -2.0151587e+00
 -4.9622205e-01
 -2.9022961e+00
  3.0400081e+00
  3.9352942e-01
 -1.9835991e+00
 -1.5731999e-01
 -1.3761384e+00
  1.4347734e+00
 -1.6300448e+00
 -3.3248821e-01
 -2.4120302e+00
  1.2251104e-01
 -7.7385771e-01
 -2.2430372e+00
  1.3670752e-02
 -2.9975958e+00
  1.6470394e+00
  9.2808169e-01
  4.7216983e+00
  8.2418269e-01
  9.0437114e-01
  5.3519797e+00
  9.2078698e-01
  4.3809208e-01
 -6.3090897e-01
 -1.0715884e+00
 -1.6047734e+00
  2.0209873e+00
  2.9560564e+00
 -9.2892700e-01
 -8.0047095e-01
  4.0677586e+00
 -2.9170282e+00
  4.0998797e+00
 -5.2419823e-01
  1.6372724e-01
 -1.1974220e+00
  1.9179236e+00
  5.1132355e+00
 -3.4921000e+00
  1.5633640e+00
  2.7747641e+00
  3.8861341e+00
 -9.5104426e-02
 -4.9569674e+00
  2.2812968e-01
  1.0059452e+00
 -1.7953699e+00
 -2.6199379e+00
  6.8942153e-01
  2.0305672e-01
 -1.1202955e+00
 -1.1525223e+00
  5.4940109e+00
 -4.2080870e-01
  7.2071141e-01
 -7.6447129e-01
 -2.5930591e+00
 -1.6885744e+00
  2.1301014e+00
 -1.1034261e+00
  1.1989883e+00
  6.2369674e-01
  2.5816677e+00
  2.6795530e+00
  1.4841136e+00
 -3.5750279e+00
 -1.9205883e+00
  1.9780380e+00
  1.9457296e+00
  3.9486134e+00
 -5.8911449e-01
 -2.5822911e+00
 -1.1263732e+00
  5.0740397e-01
 -2.3724120e+00
 -1.7910679e-01
  4.4203848e-02
 -7.6264568e-02
 -1.5411220e-01
 -1.0231321e+00
  2.0767021e+00
 -3.4941691e-01
  3.3382583e-02
  3.3457875e-01
  2.4492276e+00
 -3.1280835e+00
  2.7869415e-01
 -1.2523190e+00
  8.2978553e-01
 -3.6097637e-01
  1.5657821e+00
 -2.4847748e+00
  2.3734057e+00
 -3.5962301e-01
 -1.0465047e+00
 -1.5221514e+00
  4.1978499e-01
  3.6646206e+00
 -1.7581497e-01
  1.4682618e+00
  1.3596314e+00
 -4.1295972e+00
  3.3283467e+00
  9.1602856e-01
  1.6975693e+00
  5.2319777e-01
 -1.3860908e+00
 -5.9454942e+00
  3.0365162e+00
 -2.7423087e-01
 -2.1163437e+00
  1.2952399e-02
  2.4206631e+00
  1.8592786e+00
 -5.3133190e-01
  1.7987312e+00
 -2.5358304e-01
 -2.1126356e+00
 -5.6166831e-02
  1.7921042e+00
 -1.8035368e+00
 -4.0556321e-01
  1.2014092e+00
  3.5539103e+00
  3.1739945e+00
 -1.3201865e+00
 -2.5494936e+00
  5.2455430e+00
 -1.1464064e+00
 -4.1890926e+00
  9.5337528e-01
  1.9874127e-01
  3.9488893e+00
 -6.7977586e+00
 -3.5643833e+00
 -2.1347613e+00
 -1.2888671e+00
 -2.6010616e+00
  1.3286604e+00
  3.5208564e+00
  5.1610374e-01
  3.6833630e+00
 -9.6414334e-01
  2.6395118e-01
 -7.6613152e-01
 -1.7861130e+00
  5.0438643e+00
 -2.2712309e+00
 -1.6042196e+00
 -5.5917168e+00
  1.6703430e+00
 -2.1030953e+00
 -5.6347651e+00
 -5.1790814e+00
  1.0825078e+00
 -2.4605172e+00
  1.6839432e+00
 -5.4303885e+00
  2.2609916e+00
 -1.3575349e+00
 -6.6204724e+00
  2.5283551e+00
  2.8346844e+00
  1.2371109e-01
 -3.2442079e+00
 -1.1742265e+00
 -3.7303817e+00
  3.2098205e+00
  8.4009486e-01
  1.5096300e+00
  1.6967876e+00
 -1.1678831e-01
 -8.0253267e+00
 -7.4301863e-01
  2.4599096e-01
 -2.8180606e+00
 -7.0329809e-01
 -2.2453584e-01
  1.3323444e+00
  5.1507539e-01
 -3.5689776e+00
 -3.7628002e+00
 -5.2009130e-01
 -4.8646336e+00
  3.2676458e+00
 -6.8689141e+00
 -1.0664107e+00
  2.4865313e+00
  6.8721050e-01
 -1.3861440e-01
 -3.0839951e+00
 -2.1961217e+00
  1.9168735e+00
 -6.2053585e+00
  6.6136152e-01
 -4.3167696e+00
 -1.9523752e+00
 -5.6377664e+00
  8.9817268e-01
 -2.9552267e+00
  1.2535658e+00
 -1.3029976e+00
  1.1198803e+00
  2.8179257e+00
  9.6857178e-01
  5.5756154e+00
 -8.7931120e-01
 -8.1649475e+00
  6.0796647e+00
 -4.2944083e+00
 -1.0353104e+00
  7.2705036e-01
  2.5427241e+00
  1.6966953e+00
  7.8387803e-01
 -2.6288612e+00
 -6.7379975e-01
  1.3702521e+00
 -4.6424317e+00
  3.7815401e-01
  4.3367853e+00
  1.8967295e-01
  4.0305820e+00
  8.2461510e+00
 -7.9822832e-01
 -4.5175883e-01
  5.3217416e+00
  1.7674708e+00
  3.1209173e+00
  3.5725980e+00
 -3.9647791e+00
  7.0163703e-01
 -3.8646104e+00
 -7.4846947e-01
  1.4906169e+00
  9.7719985e-01
 -1.5313452e+00
 -1.0881659e+00
  7.8442259e+00
  7.6209939e-01
  4.5497785e+00
  1.5787230e+00
 -4.4701189e-01
 -2.0758554e-01
  3.5337906e+00
  4.2403898e+00
 -1.9296921e+00
  2.1868410e+00
 -2.5133140e+00
  3.2160234e+00
 -1.1805079e+00
  6.2673700e-01
 -5.0335522e+00
 -4.3543472e+00
  1.7155483e-01
 -8.7162411e-01
 -2.8897898e+00
 -2.7253246e-01
 -3.5503502e+00
  7.4428037e-02
 -1.0666502e+00
 -1.4442865e+00
  5.7175937e+00
  8.8941820e-02
 -1.0489092e+00
 -4.3575363e+00
  1.4486470e+00
 -3.5938985e+00
  8.8651609e-01
  2.4386249e+00
  1.3001438e+00
  6.7722404e-01
  4.8605614e+00
 -2.1920481e+00
  2.4015553e+00
  3.8017112e-01
  5.4734821e+00
  1.9275490e+00
 -3.0191896e+00
 -3.5129964e-01
  2.4256136e+00
  5.0216737e+00
  3.2040243e+00
  1.2037129e+00
  1.7441490e+00
  9.3353498e-01
  3.5325937e+00
  3.1914368e+00
  3.6150935e+00
 -1.9099845e-01
  2.8960264e+00
 -3.5989761e-01
  8.1739931e+00
  5.4672151e+00
 -2.9122269e-01
 -1.1277784e+00
  8.6898619e-01
  2.2172768e+00
 -1.5310588e-01
  3.1180468e+00
 -1.1950848e+00
 -1.2721471e+00
  3.2004137e+00
 -1.8838248e+00
  3.8628762e+00
 -4.9593081e+00
 -3.8071185e-01
  7.0326138e-01
 -4.7492042e+00
 -3.8689768e-01
  2.6260245e+00
 -7.1977937e-01
 -3.2605622e+00
 -1.0146687e+00
  1.9838119e+00
 -9.8618203e-01
  1.8561448e+00
  1.1402245e+00
 -3.0732212e+00
  5.7643972e-02
 -1.3844378e+00
 -1.9026970e+00
  3.9753911e-01
  1.1358734e+00
 -4.6094891e-01
 -1.3340802e-01
 -3.4186130e+00
 -9.9285454e-01
  3.2229170e-01
 -2.2009781e-01
  4.0104690e+00
  2.9955814e+00
  1.4989322e+00
  1.5136588e+00
 -7.0332253e-01
 -3.8261087e+00
 -1.9383701e+00
  1.6141734e-01
 -3.6686454e+00
  5.7600492e-01
  7.4026185e-01
  3.3822730e+00
  2.0437374e+00
  3.7659824e+00
 -2.1912777e+00
 -7.2264516e-01
  4.3425527e+00
  5.3085041e+00
  7.9531157e-01
 -1.7544664e+00
  9.2350751e-01
 -2.5028963e+00
  3.2500217e+00
 -1.9388489e+00
  1.6095109e-01
 -2.7467608e+00
 -4.9484405e-01
 -4.5798931e+00
 -1.6682578e+00
 -6.7170781e-01
 -9.5532179e+00
 -3.1506438e+00
 -9.7244036e-01
  1.7736160e+00
  4.7838798e-01
  6.1909537e+00
 -2.4874759e+00
  1.2704028e+00
 -6.4249736e-01
  1.0173450e+00
  4.6678338e+00
  5.0144714e-01
 -8.5276502e-01
  9.5589501e-01
  6.0663772e+00
 -5.9827280e-01
  1.7202328e+00
  1.8316233e+00
 -2.2011621e+00
 -2.1834674e+00
 -1.8318816e+00
 -1.0171577e-01
  2.6173418e+00
 -4.2888265e+00
 -2.9438906e+00
  7.5794190e-01
  2.1241921e-01
  3.8818574e-01
 -5.0135345e+00
  1.2201463e-01
 -3.2358694e+00
 -1.4664003e+00
  2.2655113e+00
  4.8681221e+00
 -9.0365544e-02
 -1.2901057e-01
  2.8382294e+00
  1.3109108e+00
 -4.7795942e-01
  5.1605949e+00
  9.2154825e-01
  4.2639842e+00
  3.6610031e+00
  1.6706352e+00
  2.6542251e+00
 -2.5111020e+00
 -2.5962949e-01
  2.1119938e+00
 -2.3756390e+00
  1.2778411e+00
  2.1071060e+00
  1.8179516e+00
  1.2147824e+00
 -1.5116807e+00
 -3.3323228e-01
  3.1638017e-01
 -3.8656160e-01
 -6.4335289e+00
 -1.4765168e+00
 -4.4046119e-01
 -1.3135153e+00
 -1.2092724e+00
  1.0201819e+00
 -3.9235542e+00
  9.0681976e-01
  3.5276041e+00
  1.9233919e+00
  3.9235494e+00
  2.9914439e+00
 -5.8645578e-03
  1.4509903e+00
  4.4997922e-01
  2.6935613e+00
 -7.6953511e+00
 -3.7574375e+00
  1.6032176e+00
 -3.3349712e+00
  4.0990233e+00
 -3.0592170e+00
 -1.1063635e+00
 -2.5187435e+00
 -5.6824851e+00
  3.9153037e+00
  4.9291797e+00
 -2.1567738e+00
 -2.6368776e-01
 -3.1566575e+00
 -9.4132131e-01
 -2.0951495e+00
  3.3065784e+00
  1.2529554e+00
 -2.1778309e+00
 -7.5661761e-01
 -2.8093567e+00
  8.4886938e-01
  2.9747479e+00
 -2.4651363e+00
  2.8039620e+00
  1.2960181e+00
 -4.0917807e+00
 -7.6820683e-01
 -7.9911429e-01
 -3.9949828e-01
 -2.4101670e+00
  3.7131405e+00
 -3.6501569e-01
  1.5875174e+00
  3.2741506e+00
  1.2419226e+00
 -6.4343989e-01
 -2.6362343e+00
 -3.0341938e-01
 -2.7188423e+00
  2.7719617e+00
 -4.7496443e+00
  3.0970356e-01
  8.1296122e-01
 -2.8818035e+00
 -3.3616703e+00
 -1.7133963e+00
 -6.0974175e-01
  1.0128978e+00
  8.1326801e-01
 -1.6760681e+00
 -6.3007402e-01
 -9.4269168e-01
  1.7719187e-01
  4.5089555e+00
 -3.4627931e+00
  7.6806855e-01
 -5.1549101e+00
  1.6167780e+00
  1.3695679e+00
 -1.7015687e+00
  3.4522358e-01
 -2.3552752e+00
  4.7014437e+00
 -2.7770872e+00
 -3.4777393e+00
 -2.0130889e+00
 -3.6780031e+00
 -2.1981664e+00
 -7.9215860e+00
  8.2410377e-01
  3.6113741e+00
  9.9620801e-01
  1.3415865e+00
 -5.5737376e+00
 -2.2000875e-02
  2.2055912e+00
  2.2229900e+00
  1.8114601e+00
 -2.0313853e-01
  5.3222098e+00
  1.4702162e+00
 -1.0933790e+00
 -1.3275652e+00
  2.1469798e+00
  5.7601337e+00
 -4.7511333e-01
 -4.3679336e-01
 -1.4889905e+00
 -1.8439311e+00
 -5.6049075e-02
  1.7597717e+00
  4.6218433e+00
  8.0761403e-01
 -2.4954815e+00
 -4.9200863e-01
 -1.2919191e+00
 -7.1176620e+00
 -2.1722770e+00
 -8.6848658e-01
  2.6676819e-01
  3.1683969e+00
 -1.0023823e+00
  2.7937734e+00
 -2.4230700e+00
  5.0247998e+00
  2.1148698e+00
 -1.4737986e+00
 -2.0191987e+00
 -1.5351083e+00
 -1.2066798e+00
 -1.6599412e-01
 -2.7660623e-01
 -1.9590803e+00
  4.6294603e+00
  4.0983728e-01
 -4.9426931e-01
  1.2112556e+00
 -3.8925066e+00
 -3.8363292e+00
 -9.2124724e-01
  2.2259517e+00
 -4.7469916e+00
  3.2199397e+00
  6.1640968e+00
 -2.1360204e+00
 -7.6543027e-01
  1.6019280e+00
  3.7433078e+00
  2.1012166e+00
 -9.9239361e-01
  2.8290727e+00
 -5.4463911e-01
  3.7627706e-01
  9.6626741e-01
 -4.4332853e-01
  1.9570165e+00
 -6.9432006e+00
 -1.4307705e-01
  2.8090301e+00
  1.6819224e+00
  2.3716417e-01
 -3.1163839e-01
  3.3144691e+00
 -3.2771451e+00
  2.9164534e+00
 -7.6653080e+00
  2.7470222e+00
 -2.9764447e+00
 -2.8055682e+00
 -9.7515333e-01
 -1.5706767e+00
  1.9286332e+00
 -2.2942863e+00
  7.6583034e-01
  3.1058576e+00
  1.8823677e+00
  2.8811079e-01
 -6.0254765e-01
  3.2265401e-01
  3.2513494e+00
 -4.5741110e+00
 -4.0344124e+00
 -3.6639168e+00
  6.5310264e-01
  1.7781395e+00
  2.6614320e+00
 -2.3500798e+00
  2.3184528e+00
  1.9899336e+00
 -2.0360546e+00
 -4.8843503e-01
  2.5251198e+00
 -1.7480130e+00
  8.4637052e-01
 -1.7763540e-01
  8.2527900e-01
  8.4909147e-01
  2.0291045e+00
  3.3956234e+00
  3.0016870e+00
 -8.4921875e+00
  1.7488545e+00
  7.3393679e-01
 -3.3704288e+00
 -1.3034418e+00
  9.7485900e-01
 -2.2221732e+00
  2.6637030e+00
  2.5662818e+00
 -2.6430891e+00
  1.4305464e+00
  2.1147220e+00
 -1.1418663e+00
  4.1116357e+00
  1.9232993e+00
  1.1540611e+00
  8.5121924e-01
  3.4461858e+00
 -9.4839346e-01
  2.7677143e+00
  1.7151872e+00
  2.9579911e+00
  3.6316569e+00
  1.4434437e-01
  1.7553282e+00
  1.4461786e+00
 -2.9802680e+00
 -3.1914282e+00
  7.4382240e-01
  1.4870133e+00
 -6.0568852e+00
  5.9844679e-01
  5.7565761e-01
 -1.0302061e-01
 -9.4410461e-01
  1.0771129e+00
 -2.5916195e+00
  1.7399906e+00
 -3.9149964e+00
 -5.1238942e-01
 -3.4853682e-01
 -1.7546716e+00
  3.5395136e+00
 -1.8949872e+00
 -8.1844497e-01
  9.9532932e-01
  3.5155210e-01
  2.7918897e+00
 -1.1126419e-02
  7.3948598e-01
 -5.5137116e-01
 -2.9542146e+00
 -4.7460505e-01
 -3.1178486e+00
 -3.4565983e+00
  1.2738283e+00
  9.7590625e-01
  3.1100047e+00
 -3.2116525e+00
  1.5026115e+00
  3.0636606e+00
  1.0153575e+01
  3.9884970e+00
  3.2716328e-01
  3.0642042e+00
  1.0178028e+00
 -3.9673860e+00
  1.2347239e+00
  2.4570765e+00
 -3.9405596e+00
  5.1076336e+00
 -1.6676817e+00
 -1.3640010e+00
 -1.8035866e-01
 -5.3516517e+00
  4.8479214e+00
  4.4194598e+00
  3.3527865e+00
 -9.9774343e-01
 -6.6593468e-01
  9.0163821e-01
 -4.0503564e+00
 -2.8807434e-01
  5.7582933e-01
 -2.0670719e+00
 -1.9068093e+00
  4.0848491e-01
  2.5899503e+00
  3.3771553e+00
  6.5215712e+00
 -1.3532374e+00
  6.8100333e-01
  4.3491578e+00
 -5.6837374e-01
 -1.7113582e+00
  4.6443605e+00
 -8.0924994e-01
  2.8751926e+00
 -1.6753368e+00
  1.6942647e+00
  2.9228420e+00
 -1.0864828e+00
 -3.3377710e-01
  2.9430900e+00
 -1.8460560e+00
 -2.3466477e+00
  1.2154194e-01
 -5.7032776e-01
  8.2040186e+00
 -4.1344218e+00
  1.7748760e+00
 -3.3863466e+00
  6.2777195e+00
 -1.4003575e+00
  1.6562768e+00
  2.3344970e+00
 -2.1585828e-01
 -9.2562884e-01
 -3.7942338e+00
  2.3514314e+00
  5.1262503e+00
  2.4556758e-01
 -3.5695324e+00
  7.2342634e-01
 -1.3590678e+00
  1.7476609e-01
 -2.3358433e+00
 -5.4108793e-01
 -6.1906958e-01
  8.6747348e-01
 -1.0376354e+00
  3.9322841e-01
  2.0561566e+00
  1.5862370e+00
 -3.9078966e-01
 -1.9014610e+00
  8.1517404e-01
  1.5255411e-02
  2.3174667e+00
  2.4395328e+00
 -3.6763687e+00
 -2.8890955e+00
  3.2683094e+00
  3.5909746e+00
  2.8142335e+00
  2.7900467e+00
 -2.4480167e-01
  2.8595483e-01
  4.2101550e+00
 -4.2196722e+00
 -4.9532304e+00
 -1.4345009e+00
  1.2168778e+00
 -4.4318504e+00
  1.6888628e+00
  3.3118038e+00
  1.1293149e+00
  6.1430442e-01
  1.6026922e+00
  9.0182376e-01
 -2.8728282e-01
  6.0665506e-01
  3.9842274e+00
 -2.7200732e-01
  7.2375637e-01
 -1.1458424e+00
 -2.9648259e+00
  2.1847764e-03
  1.6730601e+00
  4.4585981e+00
  2.1404548e+00
 -1.0027319e+00
 -1.5794648e+00
 -4.8204622e+00
  5.8928096e-01
  1.0472900e+00
 -1.6725291e+00
 -5.4039717e+00
 -5.5620794e+00
  8.7464923e-01
  5.0495988e-01
  1.7494256e+00
 -3.2944515e+00
 -4.1839809e+00
  2.5293944e+00
  1.6540943e-01
 -3.4135685e+00
  4.2247340e-01
  3.8113609e-02
  2.4437749e+00
 -1.0113702e+00
  8.5058409e-01
  1.3581001e+00
 -2.1378119e+00
  2.1566808e+00
 -6.2627554e+00
 -8.1356497e+00
  2.0103037e+00
  2.3180513e+00
 -2.4149678e+00
  2.9255836e+00
 -1.3302352e+00
  3.4504623e+00
  4.7412807e-01
  2.7376518e-01
  2.0447123e+00
  2.2392978e-01
  4.2196688e-01
  2.4734464e-01
  1.1780703e+00
 -3.5861149e-01
  4.4822708e-01
  5.9166628e-01
  1.5755974e+00
  3.6333305e-01
 -1.4796534e-01
  3.2258099e-01
  2.5526148e-01
  1.0541781e+00
 -9.5460796e-01
 -7.2924113e-01
  4.2745662e-01
  8.3321595e-01
  1.4557300e+00
  7.5674760e-01
 -4.3922567e-01
  1.2297473e+00
  1.8989786e+00
 -2.2993190e+00
 -6.5148354e-01
 -8.0082014e-02
 -9.0068954e-01
  4.4190164e+00
 -1.0334809e+00
  2.4940493e+00
 -2.9643974e+00
  4.4587749e-01
  1.8970034e+00
 -2.4758465e+00
  9.3491245e-03
 -1.3958405e+00
 -6.5224183e-01
 -3.1539660e+00
 -9.0269560e-01
 -1.8882114e+00
  3.8965652e+00
 -1.4054290e+00
  3.4924636e+00
  3.7740915e+00
  9.6785501e-02
 -1.4147692e+00
  9.2983317e-01
 -6.8499327e-02
 -7.0880242e-02
  7.0639622e-01
 -1.1597223e+00
 -1.9063563e+00
  1.1772494e+00
 -2.2771869e-02
 -2.9494572e+00
  2.2127967e+00
 -4.1367192e+00
 -3.0183727e-01
 -9.4594234e-01
  1.5295253e+00
  1.8879482e+00
  1.1419038e+00
 -1.6403792e+00
  7.4915034e-01
 -1.1516802e+00
  3.7638621e+00
 -9.9085069e-01
 -2.1434734e+00
 -3.8635314e+00
  4.1632404e+00
 -2.5086174e+00
  6.9329399e-01
  5.5578790e+00
  4.3887429e+00
  1.6726754e+00
  2.0117984e+00
  1.9997678e+00
 -4.5797884e-01
  1.2908535e+00
  9.4040602e-01
 -3.7472334e+00
  9.2883474e-01
 -4.7183976e+00
 -2.8505542e+00
  4.6090928e-01
 -1.0842519e+00
 -3.6621325e+00
 -2.4802635e+00
  6.6391128e-01
  9.4435000e-01
 -2.6838386e-01
  3.3180863e-01
 -1.2780132e+00
  9.3243474e-01
  1.0555813e+00
  5.6378019e-01
 -8.3069563e+00
 -2.6404252e+00
  2.0475097e+00
 -4.3347697e+00
  1.1480925e+00
  1.2046233e+00
  6.4023232e+00
 -9.7603166e-01
  1.7948662e+00
 -4.5229254e+00
  1.7073210e-01
 -2.5149245e+00
  2.4015802e-01
 -1.2393955e+00
 -3.7306199e+00
 -2.9106326e+00
 -8.7496907e-01
 -9.5439196e-01
  9.0709934e+00
  1.8215947e+00
  5.1093072e-01
 -5.6205887e-02
  2.9232228e+00
  9.2251122e-01
  1.8866580e+00
 -3.7814233e+00
  7.0457845e+00
 -3.8511935e-01
 -3.8428912e+00
  6.7079568e-01
  3.3462486e+00
  2.9693677e+00
 -4.1485939e+00
  1.4135927e+00
  1.6294527e+00
  2.1683440e+00
 -2.6849363e+00
 -1.4116663e+00
 -3.3353164e+00
 -1.9202224e+00
 -1.7499483e+00
  1.2833114e+00
 -9.2110240e-01
  1.5036080e+00
 -4.2604303e+00
 -1.8563119e+00
  1.0185549e+00
  1.6097128e+00
 -4.7390142e-01
 -3.0101058e+00
  4.3036647e+00
 -1.4534196e+00
 -7.9447478e-02
 -9.7469497e-01
  1.7805319e+00
  4.9038796e+00
  2.1424553e+00
 -2.1596322e+00
  1.0410239e+00
  1.2560067e-01
  1.1490144e+00
 -2.0221140e+00
  2.1977425e+00
  2.3589601e-01
  3.6749041e-01
  6.3749452e+00
  3.4882400e-02
 -5.2035391e-01
  3.0507731e+00
 -2.9783247e+00
 -5.5667143e+00
  3.5116110e+00
 -9.3835354e-01
 -2.3770495e-01
 -2.6183248e+00
 -2.3697999e+00
  4.6772046e+00
  3.3399529e+00
  6.0906734e+00
  4.0531740e-01
 -7.1146005e-01
  4.4725227e+00
  4.6583638e+00
  2.3693049e-01
 -3.2353854e+00
  2.8861043e+00
  8.0700779e+00
 -1.4063439e+00
 -1.8717498e-01
 -6.8301219e-01
 -1.1953574e+00
 -3.1710122e-02
 -1.1019056e+00
  1.1239066e+00
 -2.3417802e+00
 -2.7792420e+00
 -1.9572811e+00
 -6.9046623e-01
 -4.2815323e+00
  2.7713163e+00
  2.5697803e+00
  1.6147519e+00
 -3.0215471e+00
  1.3577553e+00
 -1.9899840e+00
  1.3283982e+00
  3.1370902e-01
  1.4359423e+00
 -7.1518216e+00
  2.5288734e+00
  5.0233126e-01
  5.2949363e-01
 -6.9200945e-01
 -9.2932969e-01
 -7.2197288e-01
  1.2590671e+00
 -1.5228579e+00
 -3.9232992e-02
  2.5554872e-01
  3.7385169e-02
 -2.0763609e+00
  1.9024137e+00
  1.1186273e-01
 -1.8192087e-01
  2.3139563e+00
  8.1226099e-01
 -5.1267302e-01
 -7.1638811e-01
  2.3598759e+00
 -2.2441232e+00
  3.7008517e+00
  3.8518614e-01
  7.0117436e-02
 -2.6748765e+00
  2.4718521e+00
  4.1767712e+00
 -3.1833129e+00
  2.9323747e+00
  1.2239753e-01
  3.7433913e+00
  2.7500233e-01
  3.5586534e+00
 -1.8903188e+00
 -3.6357317e+00
 -1.2101274e+00
 -3.2626408e-01
 -1.0992438e+00
 -2.2938397e+00
  3.7286096e+00
  4.7758344e-01
  1.9535772e+00
  1.0302676e+00
 -1.4415510e+00
  3.9149779e-01
  1.3084950e+00
  1.7510773e+00
 -2.1169747e-01
  4.8272901e+00
 -2.6963460e+00
  2.4601603e-01
  1.2522134e+00
  1.9764046e-01
 -3.2529659e+00
 -1.2822559e+00
  3.0967779e+00
 -6.8319106e-01
  2.0629382e+00
 -1.1866549e+00
  8.9213550e-01
  1.4338881e+00
 -2.6788065e+00
 -4.0572391e+00
  2.4141207e+00
 -4.9191356e+00
 -1.8934426e+00
 -3.2952119e-02
  2.7977324e+00
  3.7538843e+00
 -4.4553356e+00
 -1.1147401e+00
 -3.5972056e+00
 -1.8838071e+00
 -1.7705142e+00
  4.3531004e-01
 -3.7614077e-01
 -1.2166941e+00
 -2.2983778e+00
 -1.0861493e+00
 -2.3964705e+00
 -5.7869488e-01
  7.4347024e+00
 -8.2001978e-01
 -1.4139421e+00
  2.5604415e-01
  3.6447840e+00
 -3.5887568e+00
  5.0876718e+00
  1.0416331e+00
  1.8225811e+00
 -1.1103585e+00
 -4.0956874e+00
  2.9411253e-01
 -6.7723495e-01
  2.3636050e+00
  2.7343714e+00
  7.5741136e-01
 -3.9941471e+00
  2.1095340e+00
 -8.9457232e-01
 -1.0031061e+00
  1.2815868e+00
  9.9341160e-01
  7.2174793e-01
 -8.8705093e-02
  1.6050549e+00
 -3.5969600e-01
 -1.1167573e-02
  3.3105692e-01
 -2.0448647e+00
  8.1122780e+00
 -2.5383618e+00
 -3.5490584e+00
  4.7713211e-01
 -1.5515924e+00
  2.7352946e+00
  3.8777704e+00
 -5.1507373e+00
  2.3935833e+00
 -1.4283220e-01
  9.5168620e-01
 -1.3628060e+00
 -7.1078807e-01
 -3.2610145e+00
  3.9177172e+00
 -1.8508574e+00
  6.6794759e-01
  4.4887173e-01
  1.8559706e+00
  4.9813213e+00
 -1.8445843e-01
 -2.0045965e+00
  8.7406039e-01
  1.5445846e+00
 -1.3467618e+00
  2.0087197e+00
 -2.3768985e+00
 -5.7981312e-01
 -1.9767944e+00
 -1.9060602e+00
  1.1558539e+00
  2.7106364e+00
 -1.9371326e+00
  9.3976200e-01
 -2.1867265e-01
  2.1307528e+00
  6.7441630e+00
  6.2077832e+00
  1.4504936e+00
  4.5309310e+00
 -2.2342460e+00
  9.9317116e-01
 -4.1350884e+00
  9.6493638e-01
 -1.0550591e-01
  3.7255320e-01
  3.8611141e-01
  1.3514723e-01
 -6.4767592e-02
  2.6379435e+00
 -4.0528412e+00
 -4.5563250e+00
  9.2935801e-01
  4.3706343e-01
  2.4985368e+00
 -1.0198648e+00
 -1.7887943e+00
  1.9840722e+00
 -2.1535666e+00
  3.8266459e+00
  1.2167803e+00
 -1.6311530e+00
 -3.3616054e+00
  1.1069878e+00
 -9.3236685e-01
 -3.2308090e+00
 -5.3829402e-02
 -1.1723644e+00
  7.0051169e+00
 -2.2767260e+00
 -4.2909846e+00
  6.3591588e-01
  1.2872664e+00
  2.1753986e+00
 -1.4446326e+00
 -1.6969258e+00
  1.6702210e+00
 -2.9390955e-01
 -1.1541216e-01
  4.3574420e-01
 -3.9055902e-01
 -2.4094350e+00
  6.8846564e+00
  2.0305030e+00
 -1.2406795e+00
  8.2155108e-01
  4.3216338e+00
  3.3200011e+00
 -1.7233199e+00
  4.8453279e+00
  6.6945010e-01
 -1.8540648e+00
 -2.0180852e+00
  6.7616898e-01
 -9.6325998e+00
  9.8053581e-01
 -4.5666358e-01
 -5.4843054e+00
  1.4285119e+00
  3.1881675e-01
  1.2889376e+00
  2.2655125e+00
 -4.0190907e+00
  5.4249501e-01
  6.5517912e+00
 -1.5180081e+00
 -6.8024001e+00
 -4.2512131e+00
 -3.2922537e+00
 -2.4804187e+00
  1.3836768e+00
  3.0460999e+00
  9.7676325e-01
  1.4970703e+00
 -6.4531255e-01
 -6.2945738e+00
 -3.4737844e+00
 -2.5657754e+00
  7.7566409e-01
 -8.4238367e+00
  5.1591510e-01
  2.6950796e+00
 -2.1619565e+00
  5.1769590e+00
  4.9132190e+00
 -4.3297844e+00
 -1.2576791e+00
  7.1297580e-01
 -1.5365231e+00
  6.8896847e+00
 -5.4240565e+00
 -1.1450925e+00
  9.3654466e-01
 -7.0959890e-01
  2.2783489e+00
  4.1920900e+00
 -2.6940456e-01
  2.0941162e+00
  2.1250470e+00
  3.7273657e-01
  1.5507375e+00
 -2.4279951e-01
 -6.4740109e+00
 -2.4056411e+00
  3.7786202e+00
 -1.1910117e+00
  2.5311372e+00
  4.4739017e-01
 -4.7074309e-01
  1.1363797e+00
  8.1021756e-01
 -3.2311628e+00
 -1.1899521e+00
 -1.9304824e+00
  5.8929348e-01
 -2.5111740e+00
  1.2753644e+00
  1.8349653e+00
 -8.2571369e-01
 -1.2292501e+00
  2.2588916e-01
  1.7205919e+00
 -2.3129392e+00
  1.2432144e+00
  1.2822721e+00
 -1.0378212e+00
 -1.7410746e+00
 -1.1251587e+00
 -4.1637293e-01
 -1.6184115e+00
  2.5429950e+00
 -4.6533437e+00
  3.7014779e-01
 -7.2872667e+00
 -1.4893525e+00
 -8.4824972e+00
 -3.6608701e+00
 -2.5612953e+00
  2.6675339e+00
  4.7482548e+00
 -2.7889020e+00
 -6.0616469e-01
  1.9911593e+00
 -2.0730195e+00
 -7.0853099e-02
  1.7132092e+00
 -2.3551173e+00
 -3.9083965e+00
 -1.6899192e+00
  3.9814286e-02
 -8.4746599e-01
 -2.7365122e+00
  1.8345780e+00
 -5.5531406e-01
 -1.3023950e+00
  1.7364125e+00
 -3.3809259e+00
 -3.6355117e-01
  3.1486316e+00
  1.5556701e+00
  1.6084391e-01
  5.5618989e-01
  4.7402778e+00
 -1.2153900e+00
  3.5887017e+00
  5.4667038e-01
 -1.6529636e-02
 -1.0648230e-01
  4.5587796e-01
  2.1603162e+00
 -1.4627404e+00
 -4.4440813e+00
  1.7056502e+00
  2.6585073e+00
 -1.1766448e+00
  3.3854158e+00
 -4.2139583e+00
  3.8076538e-01
  2.8042104e+00
  8.9552367e-01
 -3.8949506e+00
  2.6041846e+00
  9.0521514e-01
 -2.2282910e+00
 -3.7742321e+00
 -2.2032228e+00
  7.4431009e+00
  3.5888283e+00
  9.8744764e+00
  3.5523949e+00
 -4.5700678e-01
  3.1119518e+00
  8.5509533e-01
  6.4048231e-01
 -5.6591043e+00
  3.1720591e-01
  1.7841879e+00
 -3.2315814e-01
  8.0881113e-01
 -3.4362325e-01
 -1.8779559e+00
 -3.0642257e+00
  9.7011292e-01
  3.8642377e-01
  1.4777633e+00
  1.8629580e+00
 -2.1271672e+00
 -2.0074801e+00
  2.0198348e+00
  8.8703089e+00
  4.9980903e+00
 -8.2206434e-01
 -5.5453863e+00
 -5.7909095e-01
  5.6972450e-01
  3.8777265e-01
 -1.4693826e+00
 -1.2927878e+00
  7.1416211e+00
  1.1766962e+00
 -3.6614428e+00
 -3.3136809e+00
  3.1794207e+00
  3.3547735e+00
 -3.5975242e+00
 -7.8463435e-01
 -5.6687479e+00
  2.7407036e+00
  3.8016884e+00
  3.1849086e+00
 -1.7990415e+00
  2.1109011e+00
  1.9950679e-01
 -2.2134724e+00
 -3.3118021e+00
 -1.9142177e+00
 -4.1458206e+00
 -1.4298218e-01
 -7.4280989e-01
  1.2200711e+00
 -7.2490287e-01
 -4.6731238e+00
  3.6057639e+00
  1.4004139e+00
 -1.7569001e+00
  4.3574342e-01
  5.5279961e+00
 -1.3392450e+00
 -1.9185672e+00
 -1.4942118e+00
 -1.1058044e+00
  3.9391682e+00
 -1.6672249e+00
  1.0199699e+00
  9.7407115e-01
 -4.2373848e+00
  2.4936144e-01
 -7.9337686e-01
  3.5784516e-01
 -6.7760139e+00
  7.2727478e-01
 -5.9213753e+00
  2.5909414e+00
 -1.0593795e+00
 -1.5299486e+00
 -9.6641964e-01
 -3.7872171e+00
  1.4224825e+00
 -8.9637553e-03
 -9.0441984e-01
 -4.5467825e+00
  1.9423693e+00
  1.5392139e+00
  8.1479532e-01
  1.8067869e+00
 -3.1690140e+00
  3.0418036e+00
 -1.4016567e+00
  5.4870090e+00
 -4.0376639e+00
  4.7998633e+00
  2.8033569e-01
  5.4366314e-01
  1.4160056e-01
 -2.1051569e+00
  6.4167709e+00
 -2.2407017e+00
 -1.9228535e+00
  6.4141521e+00
  4.7077188e+00
 -9.6583292e-02
 -7.0319134e-01
 -6.1936945e-01
 -5.9499800e-02
 -9.3428147e-01
 -7.2286546e-01
  3.2897062e+00
 -1.2430722e+00
 -1.6937182e+00
 -4.2681661e+00
  6.5212021e+00
  8.8189222e-02
 -3.6474974e+00
 -1.9670017e+00
 -2.3995070e+00
  8.6523237e+00
  2.6263533e+00
 -1.1468923e+00
 -4.3180218e-01
 -1.1556462e+00
 -1.2096468e+00
  1.0611255e+00
  1.6422477e+00
 -1.1021812e+00
 -2.0690079e+00
  3.0394895e+00
 -2.9468596e+00
 -8.2312024e-01
  1.5561770e+00
 -9.8681217e-01
  4.1433320e+00
 -3.3055228e-01
  1.1631174e+00
  3.8889010e+00
 -1.6101824e-01
 -3.3632300e+00
 -2.2064173e+00
  1.7327405e+00
  5.4440060e+00
 -6.9466472e-01
  6.5625465e-01
  3.1375028e-02
  4.0736979e-01
 -5.0655832e+00
  3.3875135e-01
  6.9427624e+00
 -1.8400854e+00
 -4.3248854e+00
  3.2892361e+00
  2.4486852e+00
 -4.3788204e+00
  5.4543257e-01
 -4.3698726e+00
 -8.1152761e-01
  2.4313577e-01
  4.3758721e+00
 -3.8870367e-01
 -1.5014431e+00
  1.8658528e+00
  4.4288602e+00
 -1.5865303e+00
  7.9729664e-01
 -3.9576545e+00
  1.5684704e-01
  1.3021287e+00
  6.6065133e-01
  1.3359287e+00
  2.0342031e+00
  8.6515516e-01
  4.8069525e+00
  8.1214404e-01
 -4.3191519e+00
 -6.2446618e+00
  3.0057235e+00
 -1.3776673e-01
 -1.5362017e+00
  9.2043173e-01
  2.9436903e+00
 -1.2139295e+00
  9.9108210e-03
 -6.7343682e-01
 -1.3665097e+00
 -3.2984644e-01
  2.3437433e+00
  1.1578419e+00
 -2.9705348e+00
 -3.6294720e-01
  5.8186974e-02
  7.6365286e-01
  1.1762545e-01
 -9.9723864e-01
  3.4257430e-01
  4.6614778e-01
 -7.9450738e-01
 -7.4389666e-02
  6.0849410e-01
  5.6881195e-01
 -1.3948782e-01
 -1.2313180e-01
 -4.2246115e-01
 -1.5949315e+00
  5.4253191e-01
 -1.3940440e-01
 -3.7190363e-01
  3.1486711e-01
 -3.4946984e-01
  2.8287234e+00
  3.3076409e-01
 -2.3280813e-01
 -4.8891059e-01
  1.6564816e+00
  3.3523995e-01
  2.4948373e+00
  9.5321614e-01
 -1.5195670e+00
  5.4137802e-01
  8.5578972e-01
 -4.2707780e-01
  3.7865961e-01
  1.0924700e+00
 -8.8392192e-01
  4.2801812e-01
  2.5294034e+00
  1.2806005e+00
 -1.2621696e+00
  9.2519426e-01
  4.9258611e-01
 -9.1575617e-01
 -7.5727636e-01
  2.3089767e-01
 -7.5525045e-01
  2.1937563e-01
  1.4867831e+00
 -7.7611081e-02
 -9.2154987e-02
 -2.6745567e-01
 -6.5617996e-01
  7.6568210e-01
 -7.9877734e-01
  9.0429096e+00
  2.5980561e+00
  3.6447325e-01
  4.0853131e-01
  1.9167969e+00
 -1.2706426e+00
  2.8071661e+00
 -4.2256397e-01
 -1.8151077e+00
 -2.5747383e+00
 -4.2459765e-01
 -2.1179988e+00
  2.3913157e+00
  3.5988824e+00
 -1.3411820e-01
 -9.3094105e-01
 -6.2043470e-01
 -3.0855901e+00
  3.5675404e+00
  1.5671592e+00
 -1.4356610e+00
 -5.8483882e+00
  1.3585757e+00
  3.7083669e+00
  1.3403748e+00
  1.8395189e+00
  5.2520716e-01
 -1.0023781e+00
  3.5788710e+00
 -4.5015812e+00
 -1.9315557e+00
 -1.7418305e+00
  5.7553124e-01
  1.1416438e+00
 -1.8464333e-01
 -6.2699872e-01
 -1.7813325e+00
 -4.0340791e+00
 -1.3832139e+00
  1.0683985e+00
 -3.3001304e+00
  1.0876538e+00
 -1.8615096e+00
  1.6088687e+00
 -2.4724240e+00
 -1.9500922e+00
  2.0167758e+00
 -3.1274665e-02
 -8.1329507e-01
  3.7903650e+00
 -1.1778463e+00
 -4.4581425e-01
 -1.0932048e-01
 -5.6891042e-01
  1.5835199e+00
 -3.2130820e-01
 -3.0078098e-01
 -4.4930243e+00
  2.0581102e+00
 -4.0349932e+00
 -1.5062447e+00
  4.1034022e-01
 -4.7538635e-01
 -4.7826234e-01
 -2.9752593e+00
  9.0505250e-02
 -2.3454716e+00
 -3.1372905e-01
  2.9566792e-01
 -4.2020116e+00
  2.8073883e+00
 -1.8268409e+00
  3.6873050e+00
 -1.3368249e+00
  7.4579895e-01
 -1.6255295e-01
 -1.0029280e+00
  3.5686841e+00
 -9.9824518e-01
 -3.6692417e-01
  3.5745595e+00
 -1.0499974e+00
 -2.3088496e+00
  1.2952571e+00
  8.6582106e-01
 -1.5723901e+00
  8.0909216e-01
  9.1635108e-01
 -4.6923330e-01
  1.1064680e+00
  2.1891244e-01
  1.1038061e+00
  9.7927940e-01
  4.1893506e+00
 -3.0249080e-01
 -1.1632656e+00
  1.5975416e+00
  1.9517624e+00
 -5.3507991e-02
  1.4860249e+00
 -6.0041642e-01
 -4.2034465e-01
  5.2584332e-01
  7.3302227e-01
 -1.7250768e+00
 -1.2343692e+00
 -1.3947432e-01
  3.5622597e+00
 -1.3408668e+00
  3.1362567e+00
 -3.5431645e+00
 -1.9756432e+00
 -1.8477402e+00
 -8.8400680e-01
 -1.9398689e+00
 -3.1930013e+00
  2.6280954e-01
 -8.8873494e-01
 -1.4177978e+00
  4.8255600e-02
  8.8825798e-01
  4.3605819e+00
 -1.9278983e+00
 -3.5678068e-01
 -7.6964372e-01
 -1.7163544e+00
 -8.3293116e-01
  1.0617737e+00
  1.7620869e-01
 -2.1283181e-01
 -1.4292997e+00
 -1.6114030e+00
 -3.4339302e+00
  3.4084147e-01
  3.3612747e+00
  2.0474477e+00
  6.9238514e-01
  2.7400463e+00
 -1.8196163e+00
 -6.0108423e-01
  4.9025986e-01
  3.4291807e-01
 -4.3758097e+00
 -5.4240165e+00
  1.6940302e-01
  2.0913713e-01
 -7.7492660e-01
 -4.5633164e-01
 -1.4932344e+00
  8.8678145e-01
 -9.0156294e-02
 -2.0434396e+00
 -1.9421251e-01
 -3.9076762e+00
 -1.8197417e+00
  1.8175654e+00
  1.8046918e+00
 -8.0119187e-01
 -2.3896976e+00
 -3.4999192e-01
 -6.7556828e-01
 -3.1220586e+00
 -2.6238099e-01
 -1.4221264e+00
  4.4284616e+00
 -2.9825962e+00
 -2.0513883e+00
 -1.8704923e+00
  1.7704966e+00
  2.4842882e+00
  1.0311515e+00
 -2.8714175e+00
 -2.2430198e+00
  4.7906427e+00
  1.5226277e+00
  2.2891128e+00
  3.4565365e-01
  5.0926867e+00
  9.8005366e-01
  1.7959619e+00
  8.9751631e-01
  4.5152845e+00
  2.2495832e+00
  4.2066083e+00
  1.4346960e+00
  2.2105493e-02
 -5.6528127e-01
 -6.2907988e-01
  4.2468026e-01
  2.2676024e+00
  9.4963789e-01
  2.5426692e-01
 -8.9303714e-01
 -5.4723167e+00
  2.0417609e+00
 -6.7346531e-01
  2.3202238e+00
 -4.1973966e-01
  1.2400482e+00
  1.1603168e+00
  4.8473027e-01
 -4.4824719e+00
  1.8510513e-01
 -8.5680318e-01
 -1.1740525e+00
 -2.1455598e-01
  5.3045207e-01
 -8.4514153e-01
 -8.5646653e-01
  7.9828787e-01
  1.5347558e+00
 -5.3877014e-01
 -1.4912150e+00
 -3.6408788e-01
  3.3967638e-01
 -2.5701115e+00
 -4.0813432e+00
 -1.5944980e+00
  1.3987602e-01
 -3.2025769e+00
  1.0546145e+00
 -1.0210835e+00
  9.4166833e-01
 -7.6472886e-02
 -9.1831148e-01
 -4.6035814e+00
 -3.8753388e+00
  5.3010619e-01
 -5.5908334e-01
  1.6707107e+00
 -6.2756765e-01
  7.3468901e-02
  6.7839700e-01
 -7.4813437e-01
 -1.9507464e+00
  1.3193883e+00
  2.3173301e+00
 -1.9878365e-01
  1.6243452e+00
  1.5310872e+00
 -3.7706563e-01
 -3.2629108e+00
  8.4444076e-01
 -8.3033490e-01
 -2.2719061e-01
  1.6076447e-01
 -1.4351890e+00
 -2.7807562e+00
  7.0268184e-01
 -3.1167867e+00
 -2.3239894e+00
  3.0801837e+00
 -6.3601011e-01
  1.2309893e+00
 -1.9044148e+00
  1.6572827e-01
 -1.8673582e+00
 -2.5647166e+00
 -1.0456738e+00
  8.1325585e-01
 -2.6523051e+00
  2.3141661e+00
 -3.9836621e-01
  1.9460270e-01
  1.4940276e+00
 -2.8019187e+00
 -1.3975644e+00
  1.8101964e+00
  1.2678585e+00
 -2.5071826e+00
 -8.0960876e-01
  4.1122708e-02
  4.8101315e+00
  8.0055517e-01
  9.6261185e-01
  1.4407399e+00
  3.6368046e+00
  1.2202674e+00
 -3.0740905e+00
 -1.1590919e+00
  2.0794787e+00
 -1.3308188e+00
  1.0970122e+00
  2.2414730e+00
  1.1148702e+00
 -2.3375401e-01
  2.9945016e+00
 -1.6818727e+00
 -1.9954183e+00
 -1.3800315e+00
 -3.6518829e+00
 -1.7180628e+00
  7.6260281e-01
 -3.6215830e-01
  5.1218301e-02
 -1.7104983e-01
  1.8331211e+00
  3.5823405e+00
 -5.0740254e-01
  7.2865576e-01
  1.0055733e+00
  1.4285464e+00
  1.5381893e+00
 -1.4638320e+00
  1.7251912e+00
  3.2318289e+00
 -9.1454124e-01
  3.1002433e+00
  5.3498071e-02
  2.1958001e+00
  5.3835642e-01
  4.3850940e-01
  5.6314987e-01
 -3.7706551e-01
  1.2914535e+00
  4.2858127e-01
 -3.4012014e-01
  1.1233655e+00
 -2.6374378e+00
  5.0710993e+00
  1.8381716e+00
 -2.0767171e+00
 -9.9194288e-01
 -1.6374562e+00
  1.8601747e+00
 -2.9724753e+00
  5.8236396e-01
 -3.2360885e+00
  5.0575829e-01
  2.8620400e+00
  5.7832229e-01
  1.1676785e+00
 -4.4493762e-01
  9.8664892e-01
 -2.5097876e+00
  2.9738681e+00
 -1.5321946e+00
  3.3780742e+00
 -3.5891697e-01
  1.8932481e+00
  2.2170815e-01
  1.0128598e-02
  3.5156531e+00
 -1.2601378e+00
  1.5374296e+00
  1.2208033e+00
 -2.1097243e+00
  1.9846188e+00
  5.0756401e-01
  3.3064771e-01
  3.4915736e+00
  8.1560326e-01
  1.0676436e+00
  2.3744619e+00
 -4.7391516e-01
 -7.6978379e-01
  1.4528347e+00
  4.7712547e-01
  5.1682734e-01
 -1.8842211e+00
 -2.7960271e-01
  1.4666115e+00
 -2.0727666e-01
 -1.3994780e+00
 -1.8187410e+00
  1.5757540e+00
  2.7331972e-01
 -7.5661862e-01
 -4.2223242e-01
 -2.4367346e-01
 -4.3823096e-01
 -6.9898206e-01
  3.8715827e+00
  1.5335803e+00
  8.8902032e-01
  1.9019468e+00
  2.7067378e+00
  1.7276853e+00
  1.6778849e-01
 -6.4844239e-01
 -1.6486396e-01
  2.5466559e+00
 -5.0444164e+00
 -3.4793079e-01
 -3.1054833e+00
 -1.3974706e+00
  3.3385367e+00
 -1.2812654e+00
  1.6573488e+00
  1.8343966e-01
 -5.9240329e-01
 -8.7691151e-02
 -1.9594912e-01
  9.9019778e-01
 -1.5145375e+00
  1.2024037e+00
 -2.1045702e+00
  1.8798053e+00
  2.5013578e+00
 -2.9795131e-01
 -1.0385430e+00
  2.5103083e+00
 -1.1461049e+00
 -1.7919956e+00
  1.2212378e+00
 -1.8610239e+00
  3.0293386e+00
  9.2659649e-03
 -1.1199383e-01
 -5.7412630e-01
 -2.8939703e-02
  5.5447721e-01
 -1.1990033e+00
 -1.0936311e+00
 -7.6361287e-01
  5.4868782e-01
 -8.1901097e-01
 -1.6729323e+00
  1.3264674e-01
  2.4447531e-01
 -2.9859975e-01
 -1.7878108e+00
  1.9879507e-01
 -1.9638039e+00
  3.2419138e+00
  3.4549403e+00
 -6.3979387e-01
  5.6726307e-01
  9.2299521e-02
 -2.0550392e+00
 -1.1389678e+00
 -1.6068366e+00
  9.3892545e-01
  1.6125273e+00
 -4.1888361e+00
  2.5897238e+00
  3.2178402e+00
 -2.0895348e+00
  7.4128097e-01
 -1.9864159e+00
  1.8781204e+00
 -7.7188987e-01
 -8.7724763e-01
  1.4797150e+00
 -1.0919178e-01
  2.7243948e+00
 -2.2594528e+00
  4.2606577e-01
 -2.4853928e+00
 -1.1375879e+00
 -3.1126328e+00
  1.6369652e+00
 -1.2747321e-01
  1.7577666e-01
  1.0378138e+00
 -1.4412391e+00
  7.2312224e-01
  1.8408468e-01
  2.8440340e+00
 -2.3217639e-01
 -5.2201009e-01
  3.6215649e+00
 -1.5600256e+00
  8.4382367e-01
 -2.0616815e+00
 -2.9097767e+00
 -3.0565553e+00
  2.9689727e+00
 -2.2831495e+00
  1.0995649e+00
  1.0035170e+00
 -1.3423507e+00
  2.6400307e-01
  2.7781749e+00
  2.5961893e+00
  2.9329388e+00
 -3.7190890e+00
 -7.4402347e-02
  2.1501679e+00
  4.8201509e+00
  1.3469242e+00
  9.3455946e-01
  2.7050522e-01
  2.3561697e+00
 -1.4293517e-01
 -1.4925964e+00
 -5.0780308e-02
 -1.1320844e-01
  1.9240977e-01
  3.8443366e-01
 -1.9006449e+00
 -6.5223783e-01
 -6.9482535e-01
 -1.8801119e+00
 -2.3181203e-01
 -5.8934885e-01
 -4.8417950e-01
 -3.1671578e-01
  1.1626967e+00
 -8.0049890e-01
 -2.1508434e+00
 -8.3220249e-01
  9.0873182e-01
 -1.2738453e+00
  6.4076316e-01
  1.8572025e+00
 -1.4623920e+00
 -1.6522324e+00
  1.7153066e+00
  7.5113706e-02
 -1.3842224e+00
 -6.8854821e-01
  1.6876079e+00
 -6.4215291e-01
 -4.8717391e-01
 -1.5287785e-01
 -1.0818143e+00
 -1.7646260e+00
  3.2695925e-01
 -6.5120542e-01
  9.9320039e-02
  9.0114945e-01
  1.9748058e+00
 -8.1566930e-01
  6.5619159e-01
 -3.4742851e+00
 -1.2803921e+00
 -3.8952324e+00
  4.4501586e+00
 -1.6997787e+00
 -3.6050479e+00
  1.6288558e-01
 -1.4950808e+00
  2.6972220e+00
 -1.5241293e+00
 -5.4025871e-01
 -2.6915221e+00
 -2.8833678e+00
  1.3343990e+00
 -8.7208140e-01
  1.1976417e+00
  6.8065375e-01
  3.0241756e+00
 -1.2170824e+00
  2.7688587e-01
 -3.1656319e-01
 -4.8541316e-01
  1.2541544e+00
 -8.7057936e-01
  3.7608376e+00
 -1.6793922e+00
 -3.9629248e-01
 -2.4092715e+00
 -2.0865405e+00
 -2.1303754e+00
 -1.2373354e+00
  1.0455066e+00
 -1.3561090e+00
  3.4770910e-02
 -4.8146135e-01
  9.0785843e-01
 -2.1898093e+00
  1.6530762e+00
  2.0541689e+00
  1.8666000e+00
  1.4873123e-01
  1.0539865e+00
  2.4792230e+00
  2.7625364e-01
  1.6972888e-01
 -2.5697893e-02
  1.3594680e+00
  7.1817046e-01
  1.3981307e+00
 -1.4721321e+00
  1.7620169e+00
 -4.1607445e-01
  1.9885439e+00
 -7.9813659e-01
 -4.5535785e-01
  2.9545897e-01
 -1.3472191e+00
  1.3995352e+00
  3.8308265e+00
  2.4467571e+00
 -2.8270772e+00
 -1.0416806e+00
  2.0303867e+00
  9.7958088e-01
 -1.7492308e-01
 -4.3894715e+00
 -3.0956547e+00
 -2.9698708e+00
 -1.6976177e+00
 -1.3441894e+00
 -4.2081294e+00
 -1.7336664e+00
  7.5052065e-01
  1.3601513e+00
 -2.0775755e-01
  8.4349990e-02
  6.3580382e-01
  1.8936186e+00
  1.6153345e+00
  5.9750956e-01
  3.7826879e+00
  7.8812414e-01
  2.4601513e-01
  1.8749821e-01
  9.1896224e-01
  4.1770208e-01
 -1.7182567e+00
 -1.0995197e-01
  4.1791546e-01
  5.7283974e-01
 -1.8694732e+00
 -6.3110232e-02
 -1.3196805e+00
  1.1470282e+00
 -9.7740251e-01
 -2.1117254e-01
  1.4640550e-01
  5.0241268e-01
 -2.1136114e-01
 -1.0997508e-01
 -8.1067491e-01
  3.1930014e-02
  1.8651373e+00
 -3.8962188e-01
 -1.6883963e+00
 -9.1687307e-02
  4.3011209e-01
 -3.3246253e-03
  3.9642173e-01
 -2.7049321e-01
  1.6250639e+00
 -5.4638851e-01
  2.4269376e+00
  5.3182328e-01
 -2.0922232e+00
  9.2974490e-01
 -1.6677035e-01
 -1.1128272e+00
 -6.2223923e-01
 -1.2112983e+00
  8.2083657e-02
 -7.7540278e-01
 -2.3505938e+00
 -1.7477850e+00
 -1.2126414e+00
 -9.2169470e-01
  1.6313555e+00
  4.2174870e-01
  3.1658068e-01
  7.8634799e-01
 -9.1354257e-01
  1.4020691e+00
  1.3181510e+00
 -2.4895845e-02
 -1.0191271e+00
  1.8394498e+00
  7.5044733e-01
  1.1921725e+00
 -1.5164515e+00
 -1.5124676e+00
 -6.0458589e-01
 -4.0600374e-01
  1.3931861e+00
 -9.3100369e-01
 -1.0393311e+00
  1.1052544e+00
  1.2581540e+00
 -6.4954770e-01
 -7.1780932e-01
 -7.6728994e-01
  5.5237556e-01
  1.0523995e+00
 -2.0643754e+00
 -1.3018383e+00
 -1.8556794e+00
  7.5763798e-01
  2.3466225e+00
 -4.6481317e-01
  6.3323081e-01
  5.5087180e+00
  1.1008958e+00
 -4.2532319e-01
  7.2490549e-01
  3.9469200e-01
 -2.0558074e+00
 -1.6431327e+00
  9.7608030e-01
 -1.0018796e+00
 -1.1048650e+00
  1.6191822e+00
  1.5485773e+00
  2.3763428e+00
  1.1469723e+00
  8.5750014e-01
  1.4492735e+00
  1.4196393e+00
  1.3757586e+00
  1.4554411e+00
 -1.4839268e+00
  1.5580133e+00
  1.5071759e-02
  3.4079275e-03
 -1.1626651e-01
 -6.4149100e-01
 -6.7977577e-02
  2.2155232e+00
 -2.1230277e-01
 -7.9173619e-01
  4.8721072e-01
  6.2884808e-01
  5.0334871e-01
 -8.8326216e-01
  9.6433300e-01
 -6.2667036e-01
 -6.3921893e-01
 -4.4162586e-01
  9.3260713e-02
 -1.5625992e+00
  3.2927606e-01
 -9.7995001e-01
  5.7208735e-01
  2.9649258e-02
  2.7435249e-01
 -5.1315546e-02
  4.8524737e-01
  1.1412018e-01
  2.8141103e+00
 -3.4243829e+00
  6.4975910e+00
 -1.9337734e+00
 -4.9049464e-01
 -5.9323514e-01
 -4.1880098e-01
 -4.1042490e+00
 -2.4787660e+00
 -4.2902669e-01
 -7.1213734e-01
 -8.8269562e-01
  1.7903686e-01
  2.4105105e+00
 -7.3925480e-02
  1.8465238e+00
  1.0268010e+00
 -7.9835510e-01
  1.9768335e+00
  2.5778627e+00
  3.0186859e-01
 -7.2626734e-01
  2.2008541e-01
  4.0670350e-01
  1.8241355e+00
 -4.3787368e-02
 -2.6725187e+00
 -7.7326709e-01
  2.2147133e+00
  1.4506456e+00
 -3.8387742e+00
 -4.1176766e-02
  5.9121865e-01
  1.3138508e+00
 -1.5211470e+00
  2.7178821e-01
 -1.6435534e+00
  1.3890536e+00
  1.5565500e+00
  4.8732394e-01
 -2.5256436e+00
  4.9179310e-01
  1.9010311e+00
  4.4893095e-01
 -2.3648508e+00
 -8.3615333e-01
  9.3664557e-01
  7.3810023e-01
 -2.1070979e+00
 -5.4668009e-01
  3.9838406e-01
  1.6360469e+00
  5.4945130e-02
 -3.9878492e+00
  2.6389298e+00
 -2.9970467e+00
 -3.1969891e+00
  1.1378201e+00
 -2.0998008e+00
  2.3662460e+00
 -4.5172214e-03
  3.4712419e-01
 -1.9063886e+00
  1.4305296e+00
  1.6354623e+00
  2.0225364e-01
 -1.0775052e+00
 -2.2261326e+00
 -9.1919923e-01
  2.1612425e+00
  3.1622298e+00
 -2.6189365e+00
 -7.8015095e-01
  2.2722185e+00
  3.2818285e-01
 -1.5508889e-02
  8.2116354e-01
  1.2278364e+00
 -2.0865364e+00
  1.0863538e+00
  1.7470740e+00
 -1.0606997e+00
 -3.0811095e+00
  3.7638816e-01
 -3.1165898e-02
 -9.8977280e-01
  4.5815042e-01
 -2.0407574e+00
 -2.9636166e+00
  8.2924500e-02
  1.7230536e+00
 -1.7242733e+00
 -2.0301661e+00
  2.0980873e+00
  1.5843120e+00
 -5.5027217e-01
  4.9062282e-01
  1.1495075e+00
  3.6223879e-01
  4.1819230e-01
  1.8406047e+00
  5.7829511e-01
  1.1878595e-02
  1.1878595e-02
  1.1878595e-02
  1.1878595e-02
  1.1878595e-02
  1.1878595e-02
  1.1878595e-02
  1.1878595e-02
  1.1878595e-02
  2.1018343e-02
  2.1018343e-02
  2.1018343e-02
  2.1018343e-02
  2.1018343e-02
  2.1018343e-02
  2.1018343e-02
  1.1169895e-02
  1.1169895e-02
  1.1169895e-02
  1.1169895e-02
  1.1169895e-02
  1.1169895e-02
  1.1169895e-02
  5.2179680e-03
  5.2179680e-03
  5.2179680e-03
  5.2179680e-03
  5.2179680e-03
  5.2179680e-03
  5.2179680e-03
  1.7232526e-03
  1.7232526e-03
  1.7232526e-03
  1.7232526e-03
  1.7232526e-03
  1.7232526e-03
  1.7232526e-03
  2.9859156e-03
  2.9859156e-03
  2.9859156e-03
  2.9859156e-03
  2.9859156e-03
  2.9859156e-03
  2.9859156e-03
  9.4665179e-04
  9.4665179e-04
  9.4665179e-04
  9.4665179e-04
  9.4665179e-04
  9.4665179e-04
  9.4665179e-04
