step,new_gain,covered,uncovered,coverage_pct,pass
1,57,91,36137,0.2511869272386,rare
2,53,179,36049,0.4940929667660373,rare
3,52,266,35962,0.7342387103897537,rare
4,51,352,35876,0.9716241581097493,rare
5,50,432,35796,1.1924478304074198,rare
6,50,513,35715,1.416031798608811,rare
7,49,595,35633,1.642376062713923,rare
8,49,674,35554,1.8604394391078725,rare
9,49,755,35473,2.0840234073092634,rare
10,48,827,35401,2.282764712377167,rare
11,48,910,35318,2.511869272386,rare
12,47,989,35239,2.729932648779949,rare
13,47,1059,35169,2.9231533620404107,rare
14,46,1134,35094,3.1301755548194765,rare
15,46,1211,35017,3.3427183394059843,rare
16,45,1287,34941,3.552500828088771,rare
17,45,1357,34871,3.7457215413492326,rare
18,45,1432,34796,3.9527437341282985,rare
19,45,1504,34724,4.151485039196202,rare
20,44,1574,34654,4.3447057524566635,rare
21,44,1645,34583,4.5406867616208455,rare
22,44,1714,34514,4.7311471789775865,rare
23,44,1780,34448,4.913326708623164,rare
24,44,1852,34376,5.112068013691068,rare
25,43,1924,34304,5.310809318758971,rare
26,43,1993,34235,5.501269736115711,rare
27,43,2056,34172,5.675168378050127,rare
28,43,2123,34105,5.860108203599426,rare
29,42,2187,34041,6.036767141437562,rare
30,42,2257,33971,6.229987854698024,rare
31,41,2322,33906,6.409407088439881,rare
32,41,2378,33850,6.56398365904825,rare
33,41,2435,33793,6.72132052556034,rare
34,41,2498,33730,6.895219167494756,rare
35,40,2558,33670,7.060836921718008,rare
36,40,2626,33602,7.248537043171028,rare
37,40,2687,33541,7.416915093298002,rare
38,40,2755,33473,7.604615214751021,rare
39,40,2815,33413,7.770232968974274,rare
40,39,2873,33355,7.930330131390085,rare
41,39,2939,33289,8.112509661035663,rare
42,39,3002,33226,8.286408302970079,rare
43,39,3059,33169,8.443745169482169,rare
44,38,3112,33116,8.590040852379374,rare
45,38,3179,33049,8.774980677928674,rare
46,38,3237,32991,8.935077840344485,rare
47,38,3291,32937,9.084133819145412,rare
48,38,3350,32878,9.246991277464945,rare
49,37,3403,32825,9.39328696036215,rare
50,37,3455,32773,9.536822347355637,rare
51,36,3513,32715,9.696919509771448,rare
52,36,3571,32657,9.857016672187259,rare
53,36,3629,32599,10.01711383460307,rare
54,36,3681,32547,10.160649221596556,rare
55,35,3735,32493,10.309705200397483,rare
56,35,3790,32438,10.461521475102131,rare
57,35,3847,32381,10.61885834161422,rare
58,35,3905,32323,10.778955504030032,rare
59,35,3959,32269,10.928011482830959,rare
60,35,4016,32212,11.08534834934305,rare
61,35,4072,32156,11.239924919951418,rare
62,35,4124,32104,11.383460306944905,rare
63,35,4222,32006,11.65396930550955,rare
64,35,4283,31945,11.822347355636524,rare
65,34,4337,31891,11.971403334437452,rare
66,34,4392,31836,12.1232196091421,rare
67,34,4444,31784,12.266754996135585,rare
68,34,4493,31735,12.402009495417909,rare
69,34,4555,31673,12.573147841448604,rare
70,34,4620,31608,12.752567075190461,rare
71,33,4669,31559,12.887821574472783,rare
72,33,4716,31512,13.017555481947666,rare
73,33,4771,31457,13.169371756652312,rare
74,33,4823,31405,13.312907143645798,rare
75,33,4873,31355,13.450921938831844,rare
76,33,4932,31296,13.613779397151374,rare
77,33,4982,31246,13.75179419233742,rare
78,33,5038,31190,13.906370762945787,rare
79,33,5095,31133,14.063707629457879,rare
80,32,5142,31086,14.19344153693276,rare
81,32,5191,31037,14.328696036215081,rare
82,32,5238,30990,14.458429943689964,rare
83,32,5287,30941,14.593684442972286,rare
84,32,5339,30889,14.737219829965772,rare
85,32,5392,30836,14.88351551286298,rare
86,32,5441,30787,15.018770012145302,rare
87,32,5494,30734,15.16506569504251,rare
88,32,5546,30682,15.308601082035993,rare
89,32,5602,30626,15.463177652644363,rare
90,31,5647,30581,15.587390968311803,rare
91,31,5692,30536,15.711604283979243,rare
92,31,5736,30492,15.833057303742962,rare
93,31,5781,30447,15.957270619410401,rare
94,31,5856,30372,16.164292812189466,rare
95,30,5900,30328,16.285745831953186,rare
96,30,5946,30282,16.412719443524345,rare
97,30,5994,30234,16.545213646902948,rare
98,30,6044,30184,16.683228442088993,rare
99,30,6087,30141,16.80192116594899,rare
100,29,6135,30093,16.934415369327592,rare
101,29,6184,30044,17.069669868609914,rare
102,29,6233,29995,17.20492436789224,rare
103,29,6279,29949,17.3318979794634,rare
104,29,6318,29910,17.439549519708514,rare
105,29,6362,29866,17.56100253947223,rare
106,29,6407,29821,17.68521585513967,rare
107,29,6452,29776,17.80942917080711,rare
108,29,6509,29719,17.9667660373192,rare
109,29,6556,29672,18.096499944794083,rare
110,29,6602,29626,18.223473556365242,rare
111,29,6651,29577,18.358728055647564,rare
112,29,6701,29527,18.49674285083361,rare
113,29,6747,29481,18.62371646240477,rare
114,28,6792,29436,18.74792977807221,rare
115,28,6829,29399,18.85006072650988,rare
116,28,6868,29360,18.957712266754996,rare
117,28,6912,29316,19.079165286518716,rare
118,28,6948,29280,19.178535939052665,rare
119,28,6988,29240,19.288947775201503,rare
120,28,7024,29204,19.388318427735452,rare
121,28,7065,29163,19.50149055978801,rare
122,28,7139,29089,19.705752456663355,rare
123,28,7185,29043,19.832726068234514,rare
124,28,7231,28997,19.959699679805674,rare
125,28,7280,28948,20.094954179088,rare
126,27,7325,28903,20.21916749475544,rare
127,27,7369,28859,20.340620514519156,rare
128,27,7407,28821,20.44551175886055,rare
129,27,7452,28776,20.56972507452799,rare
130,27,7495,28733,20.688417798387988,rare
131,27,7535,28693,20.798829634536823,rare
132,27,7578,28650,20.91752235839682,rare
133,27,7614,28614,21.016893010930772,rare
134,27,7697,28531,21.245997570939604,rare
135,27,7740,28488,21.3646902947996,rare
136,27,7784,28444,21.48614331456332,rare
137,26,7823,28405,21.593794854808436,rare
138,26,7861,28367,21.69868609914983,rare
139,26,7906,28322,21.822899414817268,rare
140,26,7950,28278,21.94435243458099,rare
141,26,7985,28243,22.040962791211218,rare
142,26,8026,28202,22.154134923263776,rare
143,26,8064,28164,22.259026167605168,rare
144,26,8110,28118,22.385999779176327,rare
145,26,8158,28070,22.51849398255493,rare
146,26,8199,28029,22.631666114607487,rare
147,26,8241,27987,22.747598542563765,rare
148,26,8285,27943,22.86905156232748,rare
149,25,8334,27894,23.004306061609803,rare
150,25,8383,27845,23.13956056089213,rare
151,25,8425,27803,23.255492988848406,rare
152,25,8462,27766,23.35762393728608,rare
153,25,8502,27726,23.468035773434913,rare
154,25,8547,27681,23.592249089102353,rare
155,25,8585,27643,23.697140333443745,rare
156,25,8635,27593,23.83515512862979,rare
157,25,8676,27552,23.948327260682344,rare
158,25,8726,27502,24.08634205586839,rare
159,25,8767,27461,24.199514187920943,rare
160,25,8817,27411,24.33752898310699,rare
161,25,8865,27363,24.47002318648559,rare
162,24,8903,27325,24.574914430826986,rare
163,24,8945,27283,24.69084685878326,rare
164,24,8983,27245,24.795738103124656,rare
165,24,9018,27210,24.892348459754885,rare
166,24,9049,27179,24.977917632770232,rare
167,24,9084,27144,25.074527989400465,rare
168,24,9131,27097,25.204261896875344,rare
169,24,9163,27065,25.29259136579441,rare
170,24,9199,27029,25.391962018328364,rare
171,24,9236,26992,25.494092966766036,rare
172,24,9288,26940,25.637628353759524,rare
173,24,9326,26902,25.742519598100916,rare
174,23,9359,26869,25.833609362923706,rare
175,23,9397,26831,25.938500607265098,rare
176,23,9430,26798,26.02959037208789,rare
177,23,9467,26761,26.13172132052556,rare
178,23,9503,26725,26.231091973059513,rare
179,23,9539,26689,26.330462625593462,rare
180,23,9580,26648,26.44363475764602,rare
181,23,9622,26606,26.559567185602297,rare
182,23,9666,26562,26.681020205366014,rare
183,23,9705,26523,26.78867174561113,rare
184,23,9735,26493,26.871480622722757,rare
185,23,9784,26444,27.00673512200508,rare
186,23,9829,26399,27.13094843767252,rare
187,22,9860,26368,27.216517610687866,rare
188,22,9901,26327,27.32968974274042,rare
189,22,9936,26292,27.426300099370653,rare
190,22,9974,26254,27.531191343712045,rare
191,22,10005,26223,27.616760516727393,rare
192,22,10076,26152,27.812741525891575,rare
193,22,10151,26077,28.019763718670642,rare
194,22,10210,26018,28.182621176990175,rare
195,22,10274,25954,28.35928011482831,rare
196,22,10312,25916,28.464171359169704,rare
197,22,10349,25879,28.566302307607376,rare
198,22,10382,25846,28.657392072430163,rare
199,22,10415,25813,28.748481837252953,rare
200,22,10456,25772,28.86165396930551,rare
201,22,10499,25729,28.980346693165508,rare
202,22,10547,25681,29.11284089654411,rare
203,22,10584,25644,29.214971844981783,rare
204,22,10622,25606,29.319863089323174,rare
205,22,10666,25562,29.441316109086895,rare
206,21,10706,25522,29.55172794523573,rare
207,21,10743,25485,29.6538588936734,rare
208,21,10787,25441,29.775311913437122,rare
209,21,10818,25410,29.86088108645247,rare
210,21,10851,25377,29.951970851275256,rare
211,21,10883,25345,30.040300320194326,rare
212,21,10920,25308,30.142431268632,rare
213,21,10949,25279,30.222479849839903,rare
214,21,11003,25225,30.37153582864083,rare
215,21,11056,25172,30.517831511538038,rare
216,21,11086,25142,30.600640388649662,rare
217,21,11121,25107,30.697250745279895,rare
218,21,11158,25070,30.799381693717567,rare
219,21,11191,25037,30.890471458540354,rare
220,21,11237,24991,31.017445070111517,rare
221,21,11288,24940,31.15822016120128,rare
222,21,11341,24887,31.304515844098486,rare
223,21,11379,24849,31.40940708843988,rare
224,21,11417,24811,31.514298332781273,rare
225,21,11445,24783,31.591586618085458,rare
226,21,11478,24750,31.682676382908248,rare
227,21,11523,24705,31.806889698575688,rare
228,21,11559,24669,31.90626035110964,rare
229,21,11589,24639,31.989069228221265,rare
230,21,11636,24592,32.11880313569615,rare
231,21,11683,24545,32.24853704317103,rare
232,20,11711,24517,32.32582532847521,rare
233,20,11746,24482,32.42243568510544,rare
234,20,11772,24456,32.49420337860219,rare
235,20,11809,24419,32.596334327039855,rare
236,20,11838,24390,32.67638290824777,rare
237,20,11865,24363,32.750910897648225,rare
238,20,11893,24335,32.82819918295241,rare
239,20,11920,24308,32.902727172352876,rare
240,20,11946,24282,32.97449486584962,rare
241,20,12000,24228,33.123550844650545,rare
242,20,12056,24172,33.278127415258915,rare
243,20,12112,24116,33.432703985867285,rare
244,20,12140,24088,33.50999227117147,rare
245,20,12191,24037,33.650767362261234,rare
246,20,12242,23986,33.791542453351,rare
247,20,12275,23953,33.88263221817379,rare
248,20,12311,23917,33.98200287070774,rare
249,20,12356,23872,34.10621618637518,rare
250,20,12393,23835,34.208347134812854,rare
251,20,12433,23795,34.31875897096169,rare
252,20,12464,23764,34.40432814397703,rare
253,20,12504,23724,34.51473998012587,rare
254,20,12537,23691,34.60582974494866,rare
255,20,12569,23659,34.69415921386773,rare
256,19,12596,23632,34.76868720326819,rare
257,19,12621,23607,34.83769460086121,rare
258,19,12649,23579,34.9149828861654,rare
259,19,12680,23548,35.00055205918074,rare
260,19,12706,23522,35.07231975267749,rare
261,19,12736,23492,35.15512862978911,rare
262,19,12762,23466,35.22689632328586,rare
263,19,12786,23442,35.293143424975156,rare
264,19,12815,23413,35.37319200618306,rare
265,19,12838,23390,35.43667881196864,rare
266,19,12864,23364,35.508446505465386,rare
267,19,12891,23337,35.58297449486585,rare
268,19,12918,23310,35.65750248426632,rare
269,19,12959,23269,35.77067461631887,rare
270,19,13016,23212,35.92801148283096,rare
271,19,13079,23149,36.101910124765375,rare
272,19,13125,23103,36.228883736336535,rare
273,19,13177,23051,36.37241912333002,rare
274,19,13215,23013,36.477310367671414,rare
275,19,13249,22979,36.571160428397924,rare
276,19,13279,22949,36.65396930550955,rare
277,19,13324,22904,36.77818262117699,rare
278,19,13369,22859,36.90239593684443,rare
279,19,13406,22822,37.004526885282104,rare
280,19,13439,22789,37.095616650104894,rare
281,19,13474,22754,37.19222700673512,rare
282,19,13504,22724,37.27503588384675,rare
283,19,13540,22688,37.3744065363807,rare
284,19,13562,22666,37.43513304626256,rare
285,19,13594,22634,37.52346251518163,rare
286,19,13630,22598,37.62283316771558,rare
287,19,13665,22563,37.71944352434581,rare
288,19,13704,22524,37.82709506459092,rare
289,19,13732,22496,37.904383349895106,rare
290,19,13771,22457,38.01203489014022,rare
291,19,13801,22427,38.09484376725185,rare
292,19,13826,22402,38.16385116484487,rare
293,19,13859,22369,38.25494092966766,rare
294,19,13891,22337,38.34327039858673,rare
295,19,13913,22315,38.403996908468585,rare
296,18,13938,22290,38.47300430606161,rare
297,18,13958,22270,38.528210224136025,rare
298,18,13982,22246,38.59445732582533,rare
299,18,14003,22225,38.652423539803465,rare
300,18,14032,22196,38.73247212101137,rare
301,18,14058,22170,38.804239814508115,rare
302,18,14080,22148,38.864966324389975,rare
303,18,14103,22125,38.928453130175555,rare
304,18,14138,22090,39.025063486805784,rare
305,18,14167,22061,39.10511206801369,rare
306,18,14212,22016,39.22932538368113,rare
307,18,14243,21985,39.31489455669648,rare
308,18,14279,21949,39.41426520923043,rare
309,18,14323,21905,39.53571822899415,rare
310,18,14359,21869,39.6350888815281,rare
311,18,14390,21838,39.72065805454345,rare
312,18,14424,21804,39.81450811526996,rare
313,18,14454,21774,39.89731699238158,rare
314,18,14481,21747,39.97184498178205,rare
315,18,14514,21714,40.06293474660484,rare
316,18,14540,21688,40.13470244010158,rare
317,18,14570,21658,40.21751131721321,rare
318,18,14598,21630,40.29479960251739,rare
319,18,14622,21606,40.36104670420669,rare
320,18,14656,21572,40.4548967649332,rare
321,18,14682,21546,40.52666445842994,rare
322,18,14713,21515,40.61223363144529,rare
323,18,14740,21488,40.68676162084576,rare
324,18,14774,21454,40.78061168157227,rare
325,18,14803,21425,40.86066026278017,rare
326,18,14831,21397,40.93794854808436,rare
327,17,14860,21368,41.01799712929226,rare
328,17,14881,21347,41.0759633432704,rare
329,17,14906,21322,41.14497074086342,rare
330,17,14924,21304,41.194656067130396,rare
331,17,14946,21282,41.255382577012256,rare
332,17,14980,21248,41.349232637738766,rare
333,17,15000,21228,41.404438555813186,rare
334,17,15024,21204,41.470685657502486,rare
335,17,15046,21182,41.531412167384346,rare
336,17,15072,21156,41.603179860881085,rare
337,17,15101,21127,41.68322844208899,rare
338,17,15139,21089,41.788119686430385,rare
339,17,15189,21039,41.92613448161643,rare
340,17,15224,21004,42.02274483824666,rare
341,17,15253,20975,42.102793419454564,rare
342,17,15287,20941,42.19664348018107,rare
343,17,15332,20896,42.32085679584851,rare
344,17,15381,20847,42.45611129513084,rare
345,17,15420,20808,42.563762835375954,rare
346,17,15452,20776,42.65209230429502,rare
347,17,15475,20753,42.715579110080604,rare
348,17,15503,20725,42.79286739538478,rare
349,17,15544,20684,42.90603952743734,rare
350,17,15573,20655,42.98608810864525,rare
351,17,15603,20625,43.06889698575687,rare
352,17,15627,20601,43.13514408744617,rare
353,17,15653,20575,43.20691178094292,rare
354,17,15679,20549,43.27867947443966,rare
355,17,15709,20519,43.36148835155129,rare
356,17,15732,20496,43.42497515733687,rare
357,17,15760,20468,43.50226344264105,rare
358,17,15782,20446,43.56298995252291,rare
359,16,15806,20422,43.62923705421221,rare
360,16,15829,20399,43.69272385999779,rare
361,16,15856,20372,43.76725184939826,rare
362,16,15881,20347,43.836259246991276,rare
363,16,15900,20328,43.88870486916198,rare
364,16,15922,20306,43.94943137904384,rare
365,16,15943,20285,44.00739759302197,rare
366,16,15970,20258,44.081925582422436,rare
367,16,15994,20234,44.148172684111735,rare
368,16,16016,20212,44.208899193993595,rare
369,16,16056,20172,44.31931103014243,rare
370,16,16112,20116,44.4738876007508,rare
371,16,16159,20069,44.60362150822568,rare
372,16,16185,20043,44.675389201722425,rare
373,16,16220,20008,44.771999558352654,rare
374,16,16249,19979,44.85204813956056,rare
375,16,16282,19946,44.94313790438335,rare
376,16,16305,19923,45.00662471016893,rare
377,16,16330,19898,45.075632107761955,rare
378,16,16355,19873,45.144639505354974,rare
379,16,16377,19851,45.205366015236834,rare
380,16,16411,19817,45.29921607596334,rare
381,16,16434,19794,45.36270288174892,rare
382,16,16467,19761,45.45379264657171,rare
383,16,16505,19723,45.55868389091311,rare
384,16,16530,19698,45.62769128850613,rare
385,16,16556,19672,45.699458982002874,rare
386,16,16579,19649,45.76294578778845,rare
387,16,16606,19622,45.83747377718891,rare
388,16,16632,19596,45.90924147068566,rare
389,16,16662,19566,45.99205034779728,rare
390,16,16684,19544,46.05277685767914,rare
391,16,16714,19514,46.13558573479077,rare
392,16,16739,19489,46.20459313238379,rare
393,16,16768,19460,46.2846417135917,rare
394,16,16794,19434,46.35640940708844,rare
395,16,16818,19410,46.42265650877774,rare
396,16,16841,19387,46.48614331456332,rare
397,16,16863,19365,46.54686982444518,rare
398,16,16892,19336,46.626918405653086,rare
399,16,16918,19310,46.69868609914983,rare
400,16,16943,19285,46.76769349674285,rare
401,16,16967,19261,46.83394059843215,rare
402,16,16990,19238,46.89742740421773,rare
403,15,17011,19217,46.95539361819587,rare
404,15,17028,19200,47.002318648559125,rare
405,15,17050,19178,47.063045158440985,rare
406,15,17072,19156,47.123771668322846,rare
407,15,17097,19131,47.192779065915865,rare
408,15,17116,19112,47.245224688086566,rare
409,15,17140,19088,47.311471789775865,rare
410,15,17161,19067,47.369438003754006,rare
411,15,17181,19047,47.42464392182842,rare
412,15,17199,19029,47.474329248095394,rare
413,15,17219,19009,47.529535166169815,rare
414,15,17240,18988,47.587501380147955,rare
415,15,17259,18969,47.63994700231865,rare
416,15,17280,18948,47.69791321629679,rare
417,15,17300,18928,47.753119134371204,rare
418,15,17322,18906,47.813845644253064,rare
419,15,17343,18885,47.871811858231204,rare
420,15,17363,18865,47.92701777630562,rare
421,15,17386,18842,47.9905045820912,rare
422,15,17421,18807,48.08711493872143,rare
423,15,17446,18782,48.15612233631445,rare
424,15,17471,18757,48.22512973390747,rare
425,15,17519,18709,48.35762393728608,rare
426,15,17553,18675,48.45147399801259,rare
427,15,17582,18646,48.53152257922049,rare
428,15,17609,18619,48.60605056862096,rare
429,15,17634,18594,48.67505796621398,rare
430,15,17666,18562,48.76338743513305,rare
431,15,17698,18530,48.85171690405211,rare
432,15,17730,18498,48.94004637297118,rare
433,15,17771,18457,49.053218505023736,rare
434,15,17800,18428,49.13326708623164,rare
435,15,17820,18408,49.18847300430606,rare
436,15,17849,18379,49.268521585513966,rare
437,15,17873,18355,49.334768687203265,rare
438,15,17898,18330,49.40377608479629,rare
439,15,17923,18305,49.47278348238931,rare
440,15,17943,18285,49.52798940046373,rare
441,15,17966,18262,49.59147620624931,rare
442,15,17986,18242,49.646682124323725,rare
443,15,18008,18220,49.707408634205585,rare
444,15,18035,18193,49.78193662360605,rare
445,15,18060,18168,49.85094402119907,rare
446,15,18082,18146,49.91167053108093,rare
447,15,18112,18116,49.99447940819256,rare
448,15,18130,18098,50.044164734459535,rare
449,14,18148,18080,50.09385006072651,rare
450,14,18171,18057,50.15733686651209,rare
451,14,18188,18040,50.204261896875344,rare
452,14,18206,18022,50.25394722314232,rare
453,14,18228,18000,50.31467373302418,rare
454,14,18243,17985,50.356078171579995,rare
455,14,18261,17967,50.40576349784697,rare
456,14,18278,17950,50.452688528210224,rare
457,14,18300,17928,50.513415038092084,rare
458,14,18317,17911,50.56034006845534,rare
459,14,18337,17891,50.61554598652975,rare
460,14,18354,17874,50.66247101689301,rare
461,14,18371,17857,50.70939604725626,rare
462,14,18389,17839,50.759081373523244,rare
463,14,18418,17810,50.83912995473115,rare
464,14,18439,17789,50.89709616870928,rare
465,14,18458,17770,50.949541790879984,rare
466,14,18478,17750,51.0047477089544,rare
467,14,18504,17724,51.07651540245114,rare
468,14,18547,17681,51.195208126311144,rare
469,14,18585,17643,51.30009937065253,rare
470,14,18628,17600,51.41879209451253,rare
471,14,18661,17567,51.50988185933532,rare
472,14,18685,17543,51.57612896102462,rare
473,14,18723,17505,51.68102020536602,rare
474,14,18747,17481,51.74726730705532,rare
475,14,18782,17446,51.84387766368555,rare
476,14,18816,17412,51.937727724412056,rare
477,14,18856,17372,52.04813956056089,rare
478,14,18878,17350,52.10886607044275,rare
479,14,18897,17331,52.161311692613445,rare
480,14,18915,17313,52.21099701888043,rare
481,14,18937,17291,52.27172352876228,rare
482,14,18969,17259,52.36005299768135,rare
483,14,19001,17227,52.44838246660042,rare
484,14,19024,17204,52.511869272386,rare
485,14,19049,17179,52.58087666997902,rare
486,14,19081,17147,52.66920613889809,rare
487,14,19111,17117,52.752015016009715,rare
488,14,19145,17083,52.845865076736224,rare
489,14,19170,17058,52.91487247432925,rare
490,14,19194,17034,52.98111957601855,rare
491,14,19220,17008,53.052887269515296,rare
492,14,19241,16987,53.11085348349343,rare
493,14,19258,16970,53.157778513856684,rare
494,14,19284,16944,53.22954620735343,rare
495,14,19313,16915,53.309594788561334,rare
496,14,19342,16886,53.38964336976924,rare
497,14,19363,16865,53.44760958374738,rare
498,14,19381,16847,53.497294910014354,rare
499,14,19405,16823,53.56354201170365,rare
500,14,19425,16803,53.618747929778074,rare
501,14,19445,16783,53.67395384785249,rare
502,14,19463,16765,53.72363917411946,rare
503,14,19481,16747,53.773324500386444,rare
504,14,19504,16724,53.836811306172024,rare
505,14,19522,16706,53.886496632439,rare
506,14,19541,16687,53.93894225460969,rare
507,14,19566,16662,54.00794965220272,rare
508,14,19588,16640,54.06867616208458,rare
509,14,19613,16615,54.1376835596776,rare
510,13,19632,16596,54.19012918184829,rare
511,13,19649,16579,54.23705421221155,rare
512,13,19668,16560,54.28949983438225,rare
513,13,19689,16539,54.34746604836038,rare
514,13,19711,16517,54.40819255824224,rare
515,13,19728,16500,54.455117588605496,rare
516,13,19746,16482,54.50480291487247,rare
517,13,19760,16468,54.54344705752457,rare
518,13,19782,16446,54.60417356740643,rare
519,13,19800,16428,54.6538588936734,rare
520,13,19816,16412,54.69802362813294,rare
521,13,19837,16391,54.75598984211108,rare
522,13,19853,16375,54.800154576570606,rare
523,13,19867,16361,54.8387987192227,rare
524,13,19883,16345,54.88296345368224,rare
525,13,19897,16331,54.921607596334326,rare
526,13,19936,16292,55.02925913657944,rare
527,13,19971,16257,55.12586949320967,rare
528,13,20007,16221,55.225240145743626,rare
529,13,20033,16195,55.297007839240365,rare
530,13,20068,16160,55.393618195870594,rare
531,13,20093,16135,55.46262559346362,rare
532,13,20126,16102,55.55371535828641,rare
533,13,20144,16084,55.603400684553385,rare
534,13,20169,16059,55.672408082146404,rare
535,13,20190,16038,55.730374296124545,rare
536,13,20208,16020,55.78005962239152,rare
537,13,20236,15992,55.857347907695704,rare
538,13,20264,15964,55.93463619299989,rare
539,13,20290,15938,56.006403886496635,rare
540,13,20318,15910,56.08369217180082,rare
541,13,20335,15893,56.130617202164075,rare
542,13,20359,15869,56.196864303853374,rare
543,13,20383,15845,56.26311140554267,rare
544,13,20397,15831,56.30175554819477,rare
545,13,20424,15804,56.37628353759523,rare
546,13,20441,15787,56.42320856795848,rare
547,13,20463,15765,56.48393507784034,rare
548,13,20487,15741,56.55018217952964,rare
549,13,20502,15726,56.59158661808546,rare
550,13,20521,15707,56.64403224025615,rare
551,13,20539,15689,56.693717566523134,rare
552,13,20557,15671,56.74340289279011,rare
553,13,20577,15651,56.79860881086452,rare
554,13,20592,15636,56.84001324942034,rare
555,13,20613,15615,56.89797946339848,rare
556,13,20635,15593,56.95870597328034,rare
557,13,20651,15577,57.002870707739866,rare
558,13,20670,15558,57.05531632991057,rare
559,13,20687,15541,57.10224136027382,rare
560,13,20705,15523,57.1519266865408,rare
561,13,20721,15507,57.19609142100033,rare
562,13,20737,15491,57.24025615545987,rare
563,12,20754,15474,57.28718118582312,rare
564,12,20768,15460,57.32582532847521,rare
565,12,20783,15445,57.36722976703103,rare
566,12,20795,15433,57.40035331787568,rare
567,12,20808,15420,57.436237164624046,rare
568,12,20824,15404,57.48040189908358,rare
569,12,20841,15387,57.527326929446836,rare
570,12,20858,15370,57.57425195981009,rare
571,12,20873,15355,57.61565639836591,rare
572,12,20886,15342,57.651540245114276,rare
573,12,20903,15325,57.69846527547753,rare
574,12,20917,15311,57.73710941812962,rare
575,12,20931,15297,57.775753560781716,rare
576,12,20946,15282,57.81715799933753,rare
577,12,20968,15260,57.877884509219385,rare
578,12,20983,15245,57.9192889477752,rare
579,12,21015,15213,58.00761841669427,rare
580,12,21047,15181,58.095947885613334,rare
581,12,21081,15147,58.189797946339844,rare
582,12,21096,15132,58.23120238489566,rare
583,12,21116,15112,58.28640830297008,rare
584,12,21135,15093,58.338853925140775,rare
585,12,21148,15080,58.374737771889144,rare
586,12,21164,15064,58.41890250634868,rare
587,12,21187,15041,58.48238931213426,rare
588,12,21217,15011,58.56519818924589,rare
589,12,21236,14992,58.617643811416585,rare
590,12,21252,14976,58.66180854587612,rare
591,12,21268,14960,58.705973280335655,rare
592,12,21285,14943,58.75289831069891,rare
593,12,21302,14926,58.799823341062165,rare
594,12,21324,14904,58.86054985094402,rare
595,12,21347,14881,58.9240366567296,rare
596,12,21371,14857,58.990283758418904,rare
597,12,21400,14828,59.07033233962681,rare
598,12,21418,14810,59.12001766589378,rare
599,12,21432,14796,59.15866180854588,rare
600,12,21449,14779,59.205586838909134,rare
601,12,21464,14764,59.24699127746494,rare
602,12,21486,14742,59.3077177873468,rare
603,12,21503,14725,59.35464281771006,rare
604,12,21524,14704,59.4126090316882,rare
605,12,21540,14688,59.456773766147734,rare
606,12,21557,14671,59.50369879651099,rare
607,12,21575,14653,59.55338412277796,rare
608,12,21592,14636,59.60030915314122,rare
609,12,21609,14619,59.64723418350447,rare
610,12,21625,14603,59.69139891796401,rare
611,12,21640,14588,59.73280335651982,rare
612,12,21656,14572,59.77696809097935,rare
613,12,21668,14560,59.810091641824,rare
614,12,21683,14545,59.85149608037982,rare
615,12,21702,14526,59.90394170255051,rare
616,12,21718,14510,59.94810643701005,rare
617,12,21732,14496,59.98675057966214,rare
618,12,21753,14475,60.044716793640276,rare
619,12,21769,14459,60.08888152809981,rare
620,12,21790,14438,60.14684774207795,rare
621,12,21813,14415,60.21033454786353,rare
622,12,21826,14402,60.2462183946119,rare
623,12,21841,14387,60.28762283316772,rare
624,12,21860,14368,60.34006845533841,rare
625,12,21876,14352,60.384233189797946,rare
626,12,21891,14337,60.42563762835376,rare
627,12,21905,14323,60.46428177100585,rare
628,11,21925,14303,60.51948768908027,rare
629,11,21937,14291,60.55261123992492,rare
630,11,21954,14274,60.599536270288176,rare
631,11,21969,14259,60.640940708843985,rare
632,11,21982,14246,60.67682455559236,rare
633,11,21995,14233,60.71270840234073,rare
634,11,22010,14218,60.754112840896546,rare
635,11,22023,14205,60.789996687644916,rare
636,11,22036,14192,60.825880534393285,rare
637,11,22048,14180,60.859004085237935,rare
638,11,22064,14164,60.90316881969747,rare
639,11,22078,14150,60.941812962349566,rare
640,11,22092,14136,60.980457105001655,rare
641,11,22104,14124,61.013580655846305,rare
642,11,22122,14106,61.06326598211328,rare
643,11,22134,14094,61.096389532957936,rare
644,11,22150,14078,61.140554267417464,rare
645,11,22164,14064,61.17919841006956,rare
646,11,22183,14045,61.231644032240254,rare
647,11,22199,14029,61.27580876669979,rare
648,11,22224,14004,61.344816164292816,rare
649,11,22241,13987,61.39174119465607,rare
650,11,22271,13957,61.474550071767695,rare
651,11,22300,13928,61.5545986529756,rare
652,11,22318,13910,61.604283979242574,rare
653,11,22343,13885,61.6732913768356,rare
654,11,22359,13869,61.71745611129513,rare
655,11,22391,13837,61.8057855802142,rare
656,11,22410,13818,61.85823120238489,rare
657,11,22431,13797,61.91619741636303,rare
658,11,22457,13771,61.98796510985978,rare
659,11,22474,13754,62.034890140223034,rare
660,11,22505,13723,62.12045931323838,rare
661,11,22522,13706,62.16738434360163,rare
662,11,22540,13688,62.21706966986861,rare
663,11,22567,13661,62.29159765926907,rare
664,11,22583,13645,62.33576239372861,rare
665,11,22602,13626,62.3882080158993,rare
666,11,22619,13609,62.43513304626256,rare
667,11,22634,13594,62.47653748481837,rare
668,11,22648,13580,62.51518162747046,rare
669,11,22663,13565,62.55658606602628,rare
670,11,22679,13549,62.60075080048581,rare
671,11,22697,13531,62.65043612675279,rare
672,11,22710,13518,62.686319973501156,rare
673,11,22732,13496,62.747046483383016,rare
674,11,22756,13472,62.81329358507232,rare
675,11,22782,13446,62.88506127856906,rare
676,11,22801,13427,62.93750690073976,rare
677,11,22813,13415,62.97063045158441,rare
678,11,22826,13402,63.00651429833278,rare
679,11,22843,13385,63.05343932869604,rare
680,11,22866,13362,63.116926134481616,rare
681,11,22881,13347,63.15833057303743,rare
682,11,22899,13329,63.20801589930441,rare
683,11,22916,13312,63.25494092966766,rare
684,11,22931,13297,63.29634536822347,rare
685,11,22949,13279,63.34603069449045,rare
686,11,22962,13266,63.38191454123882,rare
687,11,22982,13246,63.43712045931324,rare
688,11,22996,13232,63.47576460196533,rare
689,11,23009,13219,63.5116484487137,rare
690,11,23024,13204,63.553052887269516,rare
691,11,23043,13185,63.60549850944021,rare
692,11,23056,13172,63.641382356188586,rare
693,11,23075,13153,63.69382797835928,rare
694,11,23092,13136,63.740753008722535,rare
695,11,23105,13123,63.776636855470905,rare
696,11,23122,13106,63.82356188583416,rare
697,11,23135,13093,63.859445732582536,rare
698,11,23148,13080,63.895329579330905,rare
699,11,23162,13066,63.933973721982994,rare
700,11,23176,13052,63.97261786463509,rare
701,11,23193,13035,64.01954289499834,rare
702,10,23207,13021,64.05818703765044,rare
703,10,23224,13004,64.1051120680137,rare
704,10,23236,12992,64.13823561885835,rare
705,10,23248,12980,64.171359169703,rare
706,10,23260,12968,64.20448272054765,rare
707,10,23270,12958,64.23208567958486,rare
708,10,23280,12948,64.25968863862207,rare
709,10,23291,12937,64.29005189356299,rare
710,10,23301,12927,64.3176548526002,rare
711,10,23313,12915,64.35077840344485,rare
712,10,23326,12902,64.38666225019323,rare
713,10,23339,12889,64.42254609694159,rare
714,10,23350,12878,64.45290935188252,rare
715,10,23361,12867,64.48327260682345,rare
716,10,23373,12855,64.5163961576681,rare
717,10,23384,12844,64.54675941260903,rare
718,10,23395,12833,64.57712266754996,rare
719,10,23407,12821,64.61024621839461,rare
720,10,23418,12810,64.64060947333554,rare
721,10,23429,12799,64.67097272827647,rare
722,10,23443,12785,64.70961687092857,rare
723,10,23457,12771,64.74826101358066,rare
724,10,23468,12760,64.77862426852158,rare
725,10,23478,12750,64.8062272275588,rare
726,10,23492,12736,64.84487137021088,rare
727,10,23505,12723,64.88075521695926,rare
728,10,23515,12713,64.90835817599647,rare
729,10,23526,12702,64.93872143093739,rare
730,10,23537,12691,64.96908468587833,rare
731,10,23569,12659,65.0574141547974,rare
732,10,23595,12633,65.12918184829414,rare
733,10,23623,12605,65.20647013359832,rare
734,10,23637,12591,65.24511427625042,rare
735,10,23663,12565,65.31688196974716,rare
736,10,23682,12546,65.36932759191785,rare
737,10,23698,12530,65.4134923263774,rare
738,10,23718,12510,65.4686982444518,rare
739,10,23733,12495,65.51010268300762,rare
740,10,23753,12475,65.56530860108204,rare
741,10,23768,12460,65.60671303963785,rare
742,10,23792,12436,65.67296014132715,rare
743,10,23808,12420,65.71712487578668,rare
744,10,23832,12396,65.78337197747598,rare
745,10,23851,12377,65.83581759964669,rare
746,10,23865,12363,65.87446174229878,rare
747,10,23885,12343,65.9296676603732,rare
748,10,23909,12319,65.9959147620625,rare
749,10,23926,12302,66.04283979242575,rare
750,10,23941,12287,66.08424423098157,rare
751,10,23952,12276,66.11460748592249,rare
752,10,23967,12261,66.1560119244783,rare
753,10,23983,12245,66.20017665893783,rare
754,10,24000,12228,66.24710168930109,rare
755,10,24017,12211,66.29402671966434,rare
756,10,24030,12198,66.32991056641272,rare
757,10,24043,12185,66.3657944131611,rare
758,10,24058,12170,66.4071988517169,rare
759,10,24075,12153,66.45412388208015,rare
760,10,24087,12141,66.4872474329248,rare
761,10,24100,12128,66.52313127967318,rare
762,10,24123,12105,66.58661808545877,rare
763,10,24145,12083,66.64734459534063,rare
764,10,24164,12064,66.69979021751132,rare
765,10,24184,12044,66.75499613558573,rare
766,10,24204,12024,66.81020205366015,rare
767,10,24217,12011,66.84608590040853,rare
768,10,24232,11996,66.88749033896434,rare
769,10,24251,11977,66.93993596113503,rare
770,10,24268,11960,66.98686099149829,rare
771,10,24284,11944,67.03102572595782,rare
772,10,24297,11931,67.0669095727062,rare
773,10,24310,11918,67.10279341945457,rare
774,10,24324,11904,67.14143756210666,rare
775,10,24337,11891,67.17732140885504,rare
776,10,24349,11879,67.21044495969969,rare
777,10,24363,11865,67.24908910235177,rare
778,10,24378,11850,67.29049354090759,rare
779,10,24391,11837,67.32637738765595,rare
780,10,24403,11825,67.3595009385006,rare
781,10,24417,11811,67.3981450811527,rare
782,10,24431,11797,67.4367892238048,rare
783,10,24446,11782,67.47819366236061,rare
784,10,24458,11770,67.51131721320526,rare
785,10,24473,11755,67.55272165176108,rare
786,10,24491,11737,67.60240697802804,rare
787,10,24503,11725,67.63553052887269,rare
788,10,24519,11709,67.67969526333223,rare
789,10,24533,11695,67.71833940598432,rare
790,10,24546,11682,67.75422325273269,rare
791,10,24562,11666,67.79838798719223,rare
792,10,24576,11652,67.83703212984432,rare
793,10,24590,11638,67.8756762724964,rare
794,10,24602,11626,67.90879982334106,rare
795,10,24616,11612,67.94744396599316,rare
796,9,24630,11598,67.98608810864525,rare
797,9,24650,11578,68.04129402671967,rare
798,9,24663,11565,68.07717787346803,rare
799,9,24675,11553,68.11030142431268,rare
800,9,24687,11541,68.14342497515733,rare
801,9,24697,11531,68.17102793419454,rare
802,9,24707,11521,68.19863089323175,rare
803,9,24717,11511,68.22623385226896,rare
804,9,24727,11501,68.25383681130617,rare
805,9,24736,11492,68.27867947443966,rare
806,9,24746,11482,68.30628243347687,rare
807,9,24756,11472,68.33388539251408,rare
808,9,24765,11463,68.35872805564756,rare
809,9,24774,11454,68.38357071878106,rare
810,9,24784,11444,68.41117367781827,rare
811,9,24793,11435,68.43601634095175,rare
812,9,24805,11423,68.4691398917964,rare
813,9,24816,11412,68.49950314673733,rare
814,9,24826,11402,68.52710610577454,rare
815,9,24839,11389,68.56298995252291,rare
816,9,24849,11379,68.59059291156012,rare
817,9,24861,11367,68.62371646240477,rare
818,9,24873,11355,68.65684001324942,rare
819,9,24884,11344,68.68720326819034,rare
820,9,24895,11333,68.71756652313128,rare
821,9,24915,11313,68.7727724412057,rare
822,9,24934,11294,68.8252180633764,rare
823,9,24962,11266,68.90250634868057,rare
824,9,24984,11244,68.96323285856244,rare
825,9,24999,11229,69.00463729711825,rare
826,9,25011,11217,69.0377608479629,rare
827,9,25028,11200,69.08468587832616,rare
828,9,25048,11180,69.13989179640058,rare
829,9,25061,11167,69.17577564314895,rare
830,9,25081,11147,69.23098156122336,rare
831,9,25096,11132,69.27238599977917,rare
832,9,25115,11113,69.32483162194987,rare
833,9,25134,11094,69.37727724412056,rare
834,9,25150,11078,69.4214419785801,rare
835,9,25162,11066,69.45456552942476,rare
836,9,25179,11049,69.50149055978801,rare
837,9,25192,11036,69.53737440653639,rare
838,9,25203,11025,69.56773766147731,rare
839,9,25215,11013,69.60086121232196,rare
840,9,25235,10993,69.65606713039638,rare
841,9,25256,10972,69.71403334437451,rare
842,9,25268,10960,69.74715689521916,rare
843,9,25283,10945,69.78856133377498,rare
844,9,25297,10931,69.82720547642707,rare
845,9,25307,10921,69.85480843546428,rare
846,9,25326,10902,69.90725405763497,rare
847,9,25337,10891,69.93761731257591,rare
848,9,25353,10875,69.98178204703544,rare
849,9,25367,10861,70.02042618968754,rare
850,9,25380,10848,70.0563100364359,rare
851,9,25396,10832,70.10047477089545,rare
852,9,25412,10816,70.14463950535497,rare
853,9,25427,10801,70.18604394391079,rare
854,9,25442,10786,70.2274483824666,rare
855,9,25460,10768,70.27713370873357,rare
856,9,25475,10753,70.31853814728939,rare
857,9,25486,10742,70.34890140223033,rare
858,9,25500,10728,70.38754554488241,rare
859,9,25510,10718,70.41514850391962,rare
860,9,25522,10706,70.44827205476427,rare
861,9,25537,10691,70.48967649332009,rare
862,9,25547,10681,70.51727945235729,rare
863,9,25561,10667,70.55592359500939,rare
864,9,25573,10655,70.58904714585404,rare
865,9,25585,10643,70.62217069669869,rare
866,9,25598,10630,70.65805454344705,rare
867,9,25611,10617,70.69393839019543,rare
868,9,25624,10604,70.7298222369438,rare
869,9,25636,10592,70.76294578778845,rare
870,9,25647,10581,70.79330904272938,rare
871,9,25660,10568,70.82919288947775,rare
872,9,25669,10559,70.85403555261124,rare
873,9,25682,10546,70.88991939935961,rare
874,9,25693,10535,70.92028265430054,rare
875,9,25708,10520,70.96168709285635,rare
876,9,25723,10505,71.00309153141217,rare
877,9,25734,10494,71.03345478635309,rare
878,9,25745,10483,71.06381804129403,rare
879,9,25758,10470,71.0997018880424,rare
880,9,25772,10456,71.13834603069449,rare
881,9,25783,10445,71.16870928563542,rare
882,9,25794,10434,71.19907254057635,rare
883,9,25804,10424,71.22667549961356,rare
884,9,25814,10414,71.25427845865077,rare
885,9,25823,10405,71.27912112178426,rare
886,9,25835,10393,71.3122446726289,rare
887,9,25848,10380,71.34812851937728,rare
888,9,25858,10370,71.37573147841448,rare
889,9,25872,10356,71.41437562106658,rare
890,9,25885,10343,71.45025946781494,rare
891,9,25897,10331,71.4833830186596,rare
892,9,25908,10320,71.51374627360053,rare
893,9,25918,10310,71.54134923263774,rare
894,9,25932,10296,71.57999337528983,rare
895,9,25945,10283,71.61587722203821,rare
896,9,25958,10270,71.65176106878657,rare
897,9,25969,10259,71.6821243237275,rare
898,9,25982,10246,71.71800817047587,rare
899,9,25994,10234,71.75113172132052,rare
900,9,26006,10222,71.78425527216518,rare
901,9,26015,10213,71.80909793529867,rare
902,9,26027,10201,71.84222148614332,rare
903,8,26038,10190,71.87258474108424,rare
904,8,26046,10182,71.89466710831401,rare
905,8,26056,10172,71.92227006735122,rare
906,8,26065,10163,71.9471127304847,rare
907,8,26074,10154,71.9719553936182,rare
908,8,26083,10145,71.99679805675169,rare
909,8,26093,10135,72.0244010157889,rare
910,8,26101,10127,72.04648338301865,rare
911,8,26113,10115,72.0796069338633,rare
912,8,26121,10107,72.10168930109307,rare
913,8,26130,10098,72.12653196422656,rare
914,8,26140,10088,72.15413492326377,rare
915,8,26148,10080,72.17621729049354,rare
916,8,26157,10071,72.20105995362702,rare
917,8,26166,10062,72.22590261676052,rare
918,8,26176,10052,72.25350557579773,rare
919,8,26185,10043,72.27834823893122,rare
920,8,26198,10030,72.31423208567959,rare
921,8,26208,10020,72.34183504471679,rare
922,8,26216,10012,72.36391741194656,rare
923,8,26224,10004,72.38599977917633,rare
924,8,26233,9995,72.41084244230981,rare
925,8,26246,9982,72.44672628905819,rare
926,8,26255,9973,72.47156895219167,rare
927,8,26265,9963,72.49917191122888,rare
928,8,26275,9953,72.5267748702661,rare
929,8,26283,9945,72.54885723749587,rare
930,8,26292,9936,72.57369990062935,rare
931,8,26301,9927,72.59854256376283,rare
932,8,26310,9918,72.62338522689632,rare
933,8,26319,9909,72.64822789002982,rare
934,8,26335,9893,72.69239262448934,rare
935,8,26349,9879,72.73103676714143,rare
936,8,26361,9867,72.76416031798608,rare
937,8,26373,9855,72.79728386883073,rare
938,8,26383,9845,72.82488682786794,rare
939,8,26401,9827,72.87457215413492,rare
940,8,26412,9816,72.90493540907585,rare
941,8,26430,9798,72.95462073534283,rare
942,8,26444,9784,72.99326487799492,rare
943,8,26460,9768,73.03742961245446,rare
944,8,26472,9756,73.07055316329911,rare
945,8,26487,9741,73.11195760185493,rare
946,8,26504,9724,73.15888263221818,rare
947,8,26520,9708,73.20304736667771,rare
948,8,26534,9694,73.2416915093298,rare
949,8,26551,9677,73.28861653969305,rare
950,8,26565,9663,73.32726068234514,rare
951,8,26582,9646,73.3741857127084,rare
952,8,26593,9635,73.40454896764933,rare
953,8,26606,9622,73.44043281439771,rare
954,8,26615,9613,73.4652754775312,rare
955,8,26630,9598,73.50667991608701,rare
956,8,26640,9588,73.53428287512422,rare
957,8,26652,9576,73.56740642596887,rare
958,8,26663,9565,73.59776968090979,rare
959,8,26679,9549,73.64193441536933,rare
960,8,26688,9540,73.66677707850282,rare
961,8,26698,9530,73.69438003754003,rare
962,8,26708,9520,73.72198299657724,rare
963,8,26721,9507,73.7578668433256,rare
964,8,26736,9492,73.79927128188142,rare
965,8,26754,9474,73.8489566081484,rare
966,8,26768,9460,73.88760075080049,rare
967,8,26782,9446,73.92624489345258,rare
968,8,26795,9433,73.96212874020095,rare
969,8,26806,9422,73.99249199514188,rare
970,8,26814,9414,74.01457436237165,rare
971,8,26829,9399,74.05597880092746,rare
972,8,26837,9391,74.07806116815722,rare
973,8,26849,9379,74.11118471900188,rare
974,8,26863,9365,74.14982886165397,rare
975,8,26873,9355,74.17743182069118,rare
976,8,26885,9343,74.21055537153583,rare
977,8,26894,9334,74.23539803466932,rare
978,8,26906,9322,74.26852158551397,rare
979,8,26914,9314,74.29060395274374,rare
980,8,26930,9298,74.33476868720327,rare
981,8,26939,9289,74.35961135033675,rare
982,8,26950,9278,74.38997460527769,rare
983,8,26963,9265,74.42585845202606,rare
984,8,26972,9256,74.45070111515955,rare
985,8,26981,9247,74.47554377829303,rare
986,8,26993,9235,74.50866732913768,rare
987,8,27002,9226,74.53350999227118,rare
988,8,27014,9214,74.56663354311583,rare
989,8,27026,9202,74.59975709396048,rare
990,8,27034,9194,74.62183946119023,rare
991,8,27045,9183,74.65220271613117,rare
992,8,27056,9172,74.6825659710721,rare
993,8,27065,9163,74.70740863420559,rare
994,8,27077,9151,74.74053218505024,rare
995,8,27087,9141,74.76813514408745,rare
996,8,27095,9133,74.79021751131721,rare
997,8,27103,9125,74.81229987854698,rare
998,8,27116,9112,74.84818372529536,rare
999,8,27124,9104,74.87026609252511,rare
1000,8,27133,9095,74.89510875565861,rare
1001,8,27141,9087,74.91719112288837,rare
1002,8,27149,9079,74.93927349011814,rare
1003,8,27158,9070,74.96411615325162,rare
1004,8,27169,9059,74.99447940819256,rare
1005,8,27179,9049,75.02208236722977,rare
1006,8,27187,9041,75.04416473445953,rare
1007,8,27198,9030,75.07452798940047,rare
1008,8,27206,9022,75.09661035663024,rare
1009,8,27214,9014,75.11869272386,rare
1010,7,27222,9006,75.14077509108976,rare
1011,7,27231,8997,75.16561775422325,rare
1012,7,27238,8990,75.18493982554929,rare
1013,7,27247,8981,75.20978248868279,rare
1014,7,27255,8973,75.23186485591255,rare
1015,7,27264,8964,75.25670751904605,rare
1016,7,27271,8957,75.27602959037209,rare
1017,7,27281,8947,75.3036325494093,rare
1018,7,27288,8940,75.32295462073535,rare
1019,7,27297,8931,75.34779728386883,rare
1020,7,27309,8919,75.38092083471348,rare
1021,7,27317,8911,75.40300320194325,rare
1022,7,27325,8903,75.42508556917302,rare
1023,7,27332,8896,75.44440764049907,rare
1024,7,27339,8889,75.46372971182511,rare
1025,7,27346,8882,75.48305178315115,rare
1026,7,27358,8870,75.5161753339958,rare
1027,7,27365,8863,75.53549740532185,rare
1028,7,27373,8855,75.55757977255162,rare
1029,7,27381,8847,75.57966213978139,rare
1030,7,27392,8836,75.61002539472231,rare
1031,7,27412,8816,75.66523131279673,rare
1032,7,27423,8805,75.69559456773766,rare
1033,7,27431,8797,75.71767693496743,rare
1034,7,27445,8783,75.75632107761952,rare
1035,7,27458,8770,75.7922049243679,rare
1036,7,27473,8755,75.83360936292371,rare
1037,7,27488,8740,75.87501380147953,rare
1038,7,27504,8724,75.91917853593905,rare
1039,7,27521,8707,75.96610356630231,rare
1040,7,27538,8690,76.01302859666556,rare
1041,7,27548,8680,76.04063155570277,rare
1042,7,27560,8668,76.07375510654742,rare
1043,7,27572,8656,76.10687865739207,rare
1044,7,27581,8647,76.13172132052556,rare
1045,7,27592,8636,76.1620845754665,rare
1046,7,27601,8627,76.18692723859998,rare
1047,7,27611,8617,76.21453019763719,rare
1048,7,27623,8605,76.24765374848184,rare
1049,7,27634,8594,76.27801700342276,rare
1050,7,27648,8580,76.31666114607486,rare
1051,7,27659,8569,76.34702440101579,rare
1052,7,27680,8548,76.40499061499392,rare
1053,7,27692,8536,76.43811416583858,rare
1054,7,27703,8525,76.46847742077951,rare
1055,7,27711,8517,76.49055978800928,rare
1056,7,27719,8509,76.51264215523904,rare
1057,7,27729,8499,76.54024511427625,rare
1058,7,27738,8490,76.56508777740974,rare
1059,7,27748,8480,76.59269073644694,rare
1060,7,27757,8471,76.61753339958044,rare
1061,7,27766,8462,76.64237606271392,rare
1062,7,27776,8452,76.66997902175113,rare
1063,7,27783,8445,76.68930109307718,rare
1064,7,27793,8435,76.71690405211439,rare
1065,7,27801,8427,76.73898641934416,rare
1066,7,27814,8414,76.77487026609252,rare
1067,7,27823,8405,76.79971292922602,rare
1068,7,27837,8391,76.83835707187811,rare
1069,7,27847,8381,76.86596003091532,rare
1070,7,27861,8367,76.9046041735674,rare
1071,7,27871,8357,76.93220713260462,rare
1072,7,27879,8349,76.95428949983439,rare
1073,7,27889,8339,76.98189245887158,rare
1074,7,27898,8330,77.00673512200508,rare
1075,7,27908,8320,77.03433808104229,rare
1076,7,27915,8313,77.05366015236834,rare
1077,7,27928,8300,77.0895439991167,rare
1078,7,27937,8291,77.1143866622502,rare
1079,7,27949,8279,77.14751021309485,rare
1080,7,27959,8269,77.17511317213206,rare
1081,7,27969,8259,77.20271613116927,rare
1082,7,27977,8251,77.22479849839902,rare
1083,7,27987,8241,77.25240145743624,rare
1084,7,27997,8231,77.28000441647345,rare
1085,7,28009,8219,77.3131279673181,rare
1086,7,28018,8210,77.33797063045158,rare
1087,7,28028,8200,77.36557358948879,rare
1088,7,28036,8192,77.38765595671856,rare
1089,7,28045,8183,77.41249861985204,rare
1090,7,28056,8172,77.44286187479298,rare
1091,7,28068,8160,77.47598542563763,rare
1092,7,28079,8149,77.50634868057855,rare
1093,7,28094,8134,77.54775311913437,rare
1094,7,28107,8121,77.58363696588275,rare
1095,7,28114,8114,77.60295903720879,rare
1096,7,28124,8104,77.630561996246,rare
1097,7,28134,8094,77.65816495528321,rare
1098,7,28141,8087,77.67748702660926,rare
1099,7,28156,8072,77.71889146516507,rare
1100,7,28164,8064,77.74097383239483,rare
1101,7,28172,8056,77.7630561996246,rare
1102,7,28183,8045,77.79341945456552,rare
1103,7,28192,8036,77.81826211769902,rare
1104,7,28199,8029,77.83758418902507,rare
1105,7,28207,8021,77.85966655625484,rare
1106,7,28217,8011,77.88726951529203,rare
1107,7,28226,8002,77.91211217842553,rare
1108,7,28235,7993,77.93695484155901,rare
1109,7,28246,7982,77.96731809649995,rare
1110,7,28254,7974,77.98940046372971,rare
1111,7,28263,7965,78.0142431268632,rare
1112,7,28272,7956,78.03908578999669,rare
1113,7,28283,7945,78.06944904493761,rare
1114,7,28290,7938,78.08877111626366,rare
1115,7,28300,7928,78.11637407530087,rare
1116,7,28310,7918,78.14397703433808,rare
1117,7,28319,7909,78.16881969747156,rare
1118,7,28331,7897,78.20194324831623,rare
1119,7,28340,7888,78.22678591144971,rare
1120,7,28348,7880,78.24886827867948,rare
1121,7,28357,7871,78.27371094181296,rare
1122,7,28369,7859,78.30683449265761,rare
1123,7,28376,7852,78.32615656398366,rare
1124,7,28384,7844,78.34823893121343,rare
1125,7,28391,7837,78.36756100253947,rare
1126,7,28400,7828,78.39240366567296,rare
1127,7,28409,7819,78.41724632880644,rare
1128,7,28416,7812,78.4365684001325,rare
1129,7,28425,7803,78.46141106326598,rare
1130,7,28436,7792,78.49177431820691,rare
1131,7,28444,7784,78.51385668543668,rare
1132,7,28452,7776,78.53593905266645,rare
1133,7,28459,7769,78.5552611239925,rare
1134,6,28467,7761,78.57734349122227,rare
1135,6,28475,7753,78.59942585845202,rare
1136,6,28481,7747,78.61598763387435,rare
1137,6,28488,7740,78.6353097052004,rare
1138,6,28494,7734,78.65187148062272,rare
1139,6,28500,7728,78.66843325604505,rare
1140,6,28506,7722,78.68499503146737,rare
1141,6,28512,7716,78.7015568068897,rare
1142,6,28521,7707,78.72639947002318,rare
1143,6,28527,7701,78.74296124544551,rare
1144,6,28534,7694,78.76228331677156,rare
1145,6,28541,7687,78.7816053880976,rare
1146,6,28548,7680,78.80092745942365,rare
1147,6,28556,7672,78.82300982665342,rare
1148,6,28563,7665,78.84233189797946,rare
1149,6,28570,7658,78.86165396930551,rare
1150,6,28577,7651,78.88097604063155,rare
1151,6,28583,7645,78.89753781605388,rare
1152,6,28590,7638,78.91685988737993,rare
1153,6,28596,7632,78.93342166280225,rare
1154,6,28603,7625,78.9527437341283,rare
1155,6,28609,7619,78.96930550955062,rare
1156,6,28615,7613,78.98586728497295,rare
1157,6,28621,7607,79.00242906039527,rare
1158,6,28629,7599,79.02451142762504,rare
1159,6,28637,7591,79.04659379485481,rare
1160,6,28643,7585,79.06315557027713,rare
1161,6,28650,7578,79.08247764160318,rare
1162,6,28657,7571,79.10179971292922,rare
1163,6,28666,7562,79.12664237606272,rare
1164,6,28674,7554,79.14872474329248,rare
1165,6,28681,7547,79.16804681461852,rare
1166,6,28688,7540,79.18736888594458,rare
1167,6,28697,7531,79.21221154907806,rare
1168,6,28704,7524,79.23153362040411,rare
1169,6,28710,7518,79.24809539582644,rare
1170,6,28717,7511,79.26741746715248,rare
1171,6,28728,7500,79.2977807220934,rare
1172,6,28738,7490,79.32538368113062,rare
1173,6,28744,7484,79.34194545655295,rare
1174,6,28754,7474,79.36954841559015,rare
1175,6,28760,7468,79.38611019101248,rare
1176,6,28770,7458,79.41371315004969,rare
1177,6,28783,7445,79.44959699679805,rare
1178,6,28796,7432,79.48548084354643,rare
1179,6,28813,7415,79.53240587390968,rare
1180,6,28825,7403,79.56552942475433,rare
1181,6,28834,7394,79.59037208788781,rare
1182,6,28845,7383,79.62073534282875,rare
1183,6,28856,7372,79.65109859776967,rare
1184,6,28867,7361,79.68146185271061,rare
1185,6,28877,7351,79.70906481174782,rare
1186,6,28888,7340,79.73942806668875,rare
1187,6,28896,7332,79.76151043391852,rare
1188,6,28904,7324,79.78359280114829,rare
1189,6,28915,7313,79.81395605608921,rare
1190,6,28927,7301,79.84707960693386,rare
1191,6,28944,7284,79.89400463729712,rare
1192,6,28951,7277,79.91332670862316,rare
1193,6,28965,7263,79.95197085127526,rare
1194,6,28974,7254,79.97681351440875,rare
1195,6,28980,7248,79.99337528983106,rare
1196,6,28989,7239,80.01821795296456,rare
1197,6,29000,7228,80.04858120790549,rare
1198,6,29008,7220,80.07066357513526,rare
1199,6,29017,7211,80.09550623826874,rare
1200,6,29024,7204,80.11482830959478,rare
1201,6,29036,7192,80.14795186043943,rare
1202,6,29042,7186,80.16451363586177,rare
1203,6,29048,7180,80.18107541128408,rare
1204,6,29058,7170,80.2086783703213,rare
1205,6,29068,7160,80.2362813293585,rare
1206,6,29077,7151,80.26112399249199,rare
1207,6,29088,7140,80.29148724743293,rare
1208,6,29096,7132,80.3135696146627,rare
1209,6,29103,7125,80.33289168598874,rare
1210,6,29110,7118,80.35221375731479,rare
1211,6,29116,7112,80.3687755327371,rare
1212,6,29122,7106,80.38533730815944,rare
1213,6,29131,7097,80.41017997129292,rare
1214,6,29138,7090,80.42950204261896,rare
1215,6,29145,7083,80.44882411394501,rare
1216,6,29152,7076,80.46814618527107,rare
1217,6,29159,7069,80.48746825659711,rare
1218,6,29166,7062,80.50679032792316,rare
1219,6,29174,7054,80.52887269515293,rare
1220,6,29180,7048,80.54543447057524,rare
1221,6,29191,7037,80.57579772551618,rare
1222,6,29202,7026,80.6061609804571,rare
1223,6,29208,7020,80.62272275587944,rare
1224,6,29218,7010,80.65032571491663,rare
1225,6,29226,7002,80.6724080821464,rare
1226,6,29239,6989,80.70829192889478,rare
1227,6,29247,6981,80.73037429612454,rare
1228,6,29257,6971,80.75797725516175,rare
1229,6,29267,6961,80.78558021419896,rare
1230,6,29276,6952,80.81042287733246,rare
1231,6,29286,6942,80.83802583636965,rare
1232,6,29294,6934,80.86010820359942,rare
1233,6,29304,6924,80.88771116263663,rare
1234,6,29315,6913,80.91807441757756,rare
1235,6,29323,6905,80.94015678480733,rare
1236,6,29329,6899,80.95671856022966,rare
1237,6,29339,6889,80.98432151926687,rare
1238,6,29346,6882,81.00364359059292,rare
1239,6,29357,6871,81.03400684553384,rare
1240,6,29365,6863,81.05608921276361,rare
1241,6,29373,6855,81.07817157999338,rare
1242,6,29384,6844,81.1085348349343,rare
1243,6,29393,6835,81.13337749806779,rare
1244,6,29403,6825,81.160980457105,rare
1245,6,29415,6813,81.19410400794965,rare
1246,6,29423,6805,81.21618637517942,rare
1247,6,29431,6797,81.23826874240919,rare
1248,6,29438,6790,81.25759081373523,rare
1249,6,29445,6783,81.27691288506128,rare
1250,6,29453,6775,81.29899525229105,rare
1251,6,29461,6767,81.3210776195208,rare
1252,6,29468,6760,81.34039969084687,rare
1253,6,29474,6754,81.35696146626918,rare
1254,6,29480,6748,81.37352324169152,rare
1255,6,29488,6740,81.39560560892127,rare
1256,6,29495,6733,81.41492768024732,rare
1257,6,29502,6726,81.43424975157338,rare
1258,6,29508,6720,81.4508115269957,rare
1259,6,29514,6714,81.46737330241803,rare
1260,6,29522,6706,81.48945566964778,rare
1261,6,29532,6696,81.51705862868499,rare
1262,6,29538,6690,81.53362040410732,rare
1263,6,29545,6683,81.55294247543337,rare
1264,6,29554,6674,81.57778513856685,rare
1265,6,29560,6668,81.59434691398918,rare
1266,6,29567,6661,81.61366898531523,rare
1267,6,29573,6655,81.63023076073755,rare
1268,6,29580,6648,81.64955283206359,rare
1269,6,29587,6641,81.66887490338965,rare
1270,6,29594,6634,81.6881969747157,rare
1271,6,29600,6628,81.70475875013801,rare
1272,6,29607,6621,81.72408082146406,rare
1273,6,29613,6615,81.74064259688639,rare
1274,6,29621,6607,81.76272496411616,rare
1275,6,29628,6600,81.7820470354422,rare
1276,6,29635,6593,81.80136910676825,rare
1277,6,29641,6587,81.81793088219057,rare
1278,6,29648,6580,81.83725295351661,rare
1279,6,29654,6574,81.85381472893894,rare
1280,6,29660,6568,81.87037650436126,rare
1281,6,29666,6562,81.88693827978359,rare
1282,6,29673,6555,81.90626035110964,rare
1283,6,29681,6547,81.92834271833941,rare
1284,6,29688,6540,81.94766478966545,rare
1285,6,29694,6534,81.96422656508777,rare
1286,6,29701,6527,81.98354863641383,rare
1287,6,29708,6520,82.00287070773987,rare
1288,6,29714,6514,82.01943248316219,rare
1289,6,29722,6506,82.04151485039196,rare
1290,6,29728,6500,82.05807662581428,rare
1291,5,29735,6493,82.07739869714034,rare
1292,5,29741,6487,82.09396047256266,rare
1293,5,29746,6482,82.10776195208126,rare
1294,5,29753,6475,82.1270840234073,rare
1295,5,29759,6469,82.14364579882964,rare
1296,5,29765,6463,82.16020757425196,rare
1297,5,29771,6457,82.17676934967429,rare
1298,5,29777,6451,82.1933311250966,rare
1299,5,29782,6446,82.20713260461521,rare
1300,5,29788,6440,82.22369438003754,rare
1301,5,29793,6435,82.23749585955615,rare
1302,5,29798,6430,82.25129733907475,rare
1303,5,29803,6425,82.26509881859336,rare
1304,5,29808,6420,82.27890029811196,rare
1305,5,29813,6415,82.29270177763057,rare
1306,5,29818,6410,82.30650325714916,rare
1307,5,29823,6405,82.32030473666777,rare
1308,5,29828,6400,82.33410621618637,rare
1309,5,29834,6394,82.3506679916087,rare
1310,5,29840,6388,82.36722976703102,rare
1311,5,29845,6383,82.38103124654963,rare
1312,5,29851,6377,82.39759302197196,rare
1313,5,29856,6372,82.41139450149056,rare
1314,5,29863,6365,82.4307165728166,rare
1315,5,29868,6360,82.44451805233521,rare
1316,5,29877,6351,82.4693607154687,rare
1317,5,29882,6346,82.4831621949873,rare
1318,5,29888,6340,82.49972397040963,rare
1319,5,29893,6335,82.51352544992824,rare
1320,5,29899,6329,82.53008722535056,rare
1321,5,29904,6324,82.54388870486916,rare
1322,5,29910,6318,82.5604504802915,rare
1323,5,29915,6313,82.5742519598101,rare
1324,5,29921,6307,82.59081373523242,rare
1325,5,29927,6301,82.60737551065475,rare
1326,5,29932,6296,82.62117699017335,rare
1327,5,29938,6290,82.63773876559567,rare
1328,5,29944,6284,82.654300541018,rare
1329,5,29949,6279,82.66810202053661,rare
1330,5,29954,6274,82.6819035000552,rare
1331,5,29960,6268,82.69846527547753,rare
1332,5,29965,6263,82.71226675499614,rare
1333,5,29972,6256,82.73158882632218,rare
1334,5,29978,6250,82.74815060174451,rare
1335,5,29984,6244,82.76471237716683,rare
1336,5,29991,6237,82.78403444849287,rare
1337,5,29997,6231,82.8005962239152,rare
1338,5,30002,6226,82.81439770343381,rare
1339,5,30007,6221,82.82819918295242,rare
1340,5,30013,6215,82.84476095837474,rare
1341,5,30020,6208,82.86408302970078,rare
1342,5,30027,6201,82.88340510102682,rare
1343,5,30036,6192,82.90824776416032,rare
1344,5,30041,6187,82.92204924367893,rare
1345,5,30046,6182,82.93585072319753,rare
1346,5,30056,6172,82.96345368223473,rare
1347,5,30064,6164,82.9855360494645,rare
1348,5,30077,6151,83.02141989621288,rare
1349,5,30089,6139,83.05454344705753,rare
1350,5,30099,6129,83.08214640609474,rare
1351,5,30109,6119,83.10974936513195,rare
1352,5,30119,6109,83.13735232416916,rare
1353,5,30129,6099,83.16495528320635,rare
1354,5,30141,6087,83.19807883405102,rare
1355,5,30147,6081,83.21464060947334,rare
1356,5,30154,6074,83.23396268079938,rare
1357,5,30160,6068,83.25052445622171,rare
1358,5,30173,6055,83.28640830297007,rare
1359,5,30181,6047,83.30849067019984,rare
1360,5,30189,6039,83.33057303742962,rare
1361,5,30197,6031,83.35265540465937,rare
1362,5,30202,6026,83.36645688417798,rare
1363,5,30211,6017,83.39129954731148,rare
1364,5,30218,6010,83.41062161863752,rare
1365,5,30225,6003,83.42994368996357,rare
1366,5,30232,5996,83.44926576128961,rare
1367,5,30239,5989,83.46858783261565,rare
1368,5,30246,5982,83.4879099039417,rare
1369,5,30255,5973,83.5127525670752,rare
1370,5,30265,5963,83.54035552611239,rare
1371,5,30272,5956,83.55967759743845,rare
1372,5,30282,5946,83.58728055647565,rare
1373,5,30288,5940,83.60384233189798,rare
1374,5,30294,5934,83.62040410732031,rare
1375,5,30304,5924,83.64800706635751,rare
1376,5,30312,5916,83.67008943358728,rare
1377,5,30319,5909,83.68941150491332,rare
1378,5,30331,5897,83.72253505575797,rare
1379,5,30339,5889,83.74461742298774,rare
1380,5,30345,5883,83.76117919841008,rare
1381,5,30350,5878,83.77498067792867,rare
1382,5,30360,5868,83.80258363696588,rare
1383,5,30368,5860,83.82466600419565,rare
1384,5,30374,5854,83.84122777961798,rare
1385,5,30381,5847,83.86054985094403,rare
1386,5,30389,5839,83.88263221817378,rare
1387,5,30398,5830,83.90747488130728,rare
1388,5,30404,5824,83.9240366567296,rare
1389,5,30409,5819,83.9378381362482,rare
1390,5,30416,5812,83.95716020757425,rare
1391,5,30421,5807,83.97096168709285,rare
1392,5,30427,5801,83.98752346251518,rare
1393,5,30432,5796,84.00132494203379,rare
1394,5,30438,5790,84.01788671745611,rare
1395,5,30444,5784,84.03444849287844,rare
1396,5,30454,5774,84.06205145191565,rare
1397,5,30461,5767,84.0813735232417,rare
1398,5,30467,5761,84.09793529866401,rare
1399,5,30474,5754,84.11725736999006,rare
1400,5,30479,5749,84.13105884950866,rare
1401,5,30490,5738,84.1614221044496,rare
1402,5,30495,5733,84.1752235839682,rare
1403,5,30505,5723,84.20282654300541,rare
1404,5,30510,5718,84.21662802252402,rare
1405,5,30517,5711,84.23595009385006,rare
1406,5,30525,5703,84.25803246107982,rare
1407,5,30532,5696,84.27735453240588,rare
1408,5,30540,5688,84.29943689963564,rare
1409,5,30546,5682,84.31599867505797,rare
1410,5,30552,5676,84.33256045048029,rare
1411,5,30560,5668,84.35464281771006,rare
1412,5,30567,5661,84.3739648890361,rare
1413,5,30572,5656,84.38776636855471,rare
1414,5,30579,5649,84.40708843988075,rare
1415,5,30588,5640,84.43193110301425,rare
1416,5,30596,5632,84.454013470244,rare
1417,5,30603,5625,84.47333554157005,rare
1418,5,30608,5620,84.48713702108866,rare
1419,5,30614,5614,84.50369879651099,rare
1420,5,30620,5608,84.5202605719333,rare
1421,5,30625,5603,84.53406205145191,rare
1422,5,30630,5598,84.54786353097052,rare
1423,5,30635,5593,84.56166501048912,rare
1424,5,30641,5587,84.57822678591145,rare
1425,5,30648,5580,84.5975488572375,rare
1426,5,30653,5575,84.6113503367561,rare
1427,5,30661,5567,84.63343270398586,rare
1428,5,30669,5559,84.65551507121563,rare
1429,5,30674,5554,84.66931655073424,rare
1430,5,30679,5549,84.68311803025284,rare
1431,5,30687,5541,84.70520039748261,rare
1432,5,30696,5532,84.7300430606161,rare
1433,5,30701,5527,84.7438445401347,rare
1434,5,30710,5518,84.76868720326819,rare
1435,5,30715,5513,84.78248868278679,rare
1436,5,30722,5506,84.80181075411284,rare
1437,5,30727,5501,84.81561223363144,rare
1438,5,30732,5496,84.82941371315005,rare
1439,5,30737,5491,84.84321519266865,rare
1440,5,30743,5485,84.85977696809098,rare
1441,5,30751,5477,84.88185933532074,rare
1442,5,30756,5472,84.89566081483935,rare
1443,5,30761,5467,84.90946229435795,rare
1444,5,30766,5462,84.92326377387656,rare
1445,5,30772,5456,84.93982554929889,rare
1446,5,30778,5450,84.9563873247212,rare
1447,5,30788,5440,84.98399028375842,rare
1448,5,30795,5433,85.00331235508446,rare
1449,5,30800,5428,85.01711383460307,rare
1450,5,30807,5421,85.03643590592911,rare
1451,5,30812,5416,85.05023738544772,rare
1452,5,30817,5411,85.06403886496632,rare
1453,5,30822,5406,85.07784034448493,rare
1454,5,30829,5399,85.09716241581097,rare
1455,5,30836,5392,85.11648448713701,rare
1456,5,30842,5386,85.13304626255935,rare
1457,5,30847,5381,85.14684774207795,rare
1458,5,30853,5375,85.16340951750027,rare
1459,5,30860,5368,85.18273158882633,rare
1460,5,30867,5361,85.20205366015237,rare
1461,5,30872,5356,85.21585513967098,rare
1462,5,30877,5351,85.22965661918958,rare
1463,5,30883,5345,85.2462183946119,rare
1464,5,30888,5340,85.2600198741305,rare
1465,5,30893,5335,85.27382135364911,rare
1466,5,30898,5330,85.28762283316772,rare
1467,5,30903,5325,85.30142431268632,rare
1468,5,30908,5320,85.31522579220493,rare
1469,5,30914,5314,85.33178756762725,rare
1470,5,30920,5308,85.34834934304958,rare
1471,5,30925,5303,85.36215082256818,rare
1472,5,30930,5298,85.37595230208679,rare
1473,5,30935,5293,85.38975378160539,rare
1474,5,30941,5287,85.40631555702771,rare
1475,5,30947,5281,85.42287733245004,rare
1476,5,30953,5275,85.43943910787236,rare
1477,5,30959,5269,85.45600088329469,rare
1478,5,30965,5263,85.47256265871701,rare
1479,5,30970,5258,85.48636413823561,rare
1480,5,30977,5251,85.50568620956166,rare
1481,5,30983,5245,85.52224798498399,rare
1482,5,30989,5239,85.53880976040631,rare
1483,5,30995,5233,85.55537153582864,rare
1484,5,31003,5225,85.57745390305841,rare
1485,5,31009,5219,85.59401567848073,rare
1486,5,31014,5214,85.60781715799934,rare
1487,5,31020,5208,85.62437893342167,rare
1488,5,31026,5202,85.64094070884398,rare
1489,5,31033,5195,85.66026278017003,rare
1490,5,31039,5189,85.67682455559236,rare
1491,5,31045,5183,85.69338633101468,rare
1492,5,31052,5176,85.71270840234074,rare
1493,5,31057,5171,85.72650988185933,rare
1494,5,31063,5165,85.74307165728166,rare
1495,5,31069,5159,85.75963343270399,rare
1496,5,31074,5154,85.77343491222258,rare
1497,5,31079,5149,85.78723639174119,rare
1498,5,31084,5144,85.8010378712598,rare
1499,5,31089,5139,85.8148393507784,rare
1500,4,31093,5135,85.82588053439329,rare
1501,4,31102,5126,85.85072319752678,rare
1502,4,31107,5121,85.86452467704538,rare
1503,4,31111,5117,85.87556586066026,rare
1504,4,31115,5113,85.88660704427515,rare
1505,4,31119,5109,85.89764822789003,rare
1506,4,31124,5104,85.91144970740864,rare
1507,4,31128,5100,85.92249089102351,rare
1508,4,31132,5096,85.9335320746384,rare
1509,4,31136,5092,85.94457325825329,rare
1510,4,31140,5088,85.95561444186816,rare
1511,4,31145,5083,85.96941592138677,rare
1512,4,31149,5079,85.98045710500166,rare
1513,4,31155,5073,85.99701888042398,rare
1514,4,31159,5069,86.00806006403886,rare
1515,4,31163,5065,86.01910124765375,rare
1516,4,31167,5061,86.03014243126863,rare
1517,4,31172,5056,86.04394391078723,rare
1518,4,31177,5051,86.05774539030584,rare
1519,4,31183,5045,86.07430716572817,rare
1520,4,31188,5040,86.08810864524678,rare
1521,4,31192,5036,86.09914982886166,rare
1522,4,31196,5032,86.11019101247653,rare
1523,4,31200,5028,86.12123219609143,rare
1524,4,31204,5024,86.1322733797063,rare
1525,4,31208,5020,86.14331456332118,rare
1526,4,31212,5016,86.15435574693608,rare
1527,4,31216,5012,86.16539693055095,rare
1528,4,31221,5007,86.17919841006956,rare
1529,4,31225,5003,86.19023959368444,rare
1530,4,31229,4999,86.20128077729933,rare
1531,4,31233,4995,86.21232196091421,rare
1532,4,31238,4990,86.22612344043281,rare
1533,4,31242,4986,86.2371646240477,rare
1534,4,31246,4982,86.24820580766259,rare
1535,4,31250,4978,86.25924699127746,rare
1536,4,31254,4974,86.27028817489234,rare
1537,4,31258,4970,86.28132935850724,rare
1538,4,31262,4966,86.29237054212211,rare
1539,4,31267,4961,86.30617202164072,rare
1540,4,31271,4957,86.3172132052556,rare
1541,4,31275,4953,86.32825438887049,rare
1542,4,31279,4949,86.33929557248537,rare
1543,4,31283,4945,86.35033675610025,rare
1544,4,31287,4941,86.36137793971514,rare
1545,4,31293,4935,86.37793971513746,rare
1546,4,31297,4931,86.38898089875235,rare
1547,4,31301,4927,86.40002208236723,rare
1548,4,31305,4923,86.41106326598211,rare
1549,4,31312,4916,86.43038533730817,rare
1550,4,31317,4911,86.44418681682676,rare
1551,4,31321,4907,86.45522800044165,rare
1552,4,31325,4903,86.46626918405653,rare
1553,4,31329,4899,86.47731036767142,rare
1554,4,31333,4895,86.4883515512863,rare
1555,4,31337,4891,86.49939273490118,rare
1556,4,31341,4887,86.51043391851607,rare
1557,4,31347,4881,86.52699569393839,rare
1558,4,31352,4876,86.540797173457,rare
1559,4,31358,4870,86.55735894887933,rare
1560,4,31363,4865,86.57116042839793,rare
1561,4,31368,4860,86.58496190791652,rare
1562,4,31372,4856,86.59600309153141,rare
1563,4,31376,4852,86.6070442751463,rare
1564,4,31382,4846,86.62360605056863,rare
1565,4,31386,4842,86.6346472341835,rare
1566,4,31391,4837,86.64844871370211,rare
1567,4,31395,4833,86.65948989731699,rare
1568,4,31401,4827,86.67605167273932,rare
1569,4,31406,4822,86.68985315225792,rare
1570,4,31413,4815,86.70917522358397,rare
1571,4,31417,4811,86.72021640719885,rare
1572,4,31424,4804,86.73953847852489,rare
1573,4,31428,4800,86.75057966213978,rare
1574,4,31434,4794,86.7671414375621,rare
1575,4,31439,4789,86.78094291708071,rare
1576,4,31444,4784,86.79474439659931,rare
1577,4,31450,4778,86.81130617202165,rare
1578,4,31455,4773,86.82510765154025,rare
1579,4,31462,4766,86.8444297228663,rare
1580,4,31466,4762,86.85547090648117,rare
1581,4,31473,4755,86.87479297780722,rare
1582,4,31480,4748,86.89411504913326,rare
1583,4,31484,4744,86.90515623274815,rare
1584,4,31490,4738,86.92171800817047,rare
1585,4,31495,4733,86.93551948768908,rare
1586,4,31501,4727,86.95208126311141,rare
1587,4,31508,4720,86.97140333443745,rare
1588,4,31513,4715,86.98520481395606,rare
1589,4,31517,4711,86.99624599757094,rare
1590,4,31522,4706,87.01004747708954,rare
1591,4,31526,4702,87.02108866070442,rare
1592,4,31536,4692,87.04869161974163,rare
1593,4,31542,4686,87.06525339516396,rare
1594,4,31548,4680,87.08181517058628,rare
1595,4,31554,4674,87.09837694600861,rare
1596,4,31562,4666,87.12045931323838,rare
1597,4,31569,4659,87.13978138456443,rare
1598,4,31575,4653,87.15634315998675,rare
1599,4,31584,4644,87.18118582312025,rare
1600,4,31591,4637,87.20050789444629,rare
1601,4,31597,4631,87.21706966986861,rare
1602,4,31602,4626,87.23087114938721,rare
1603,4,31608,4620,87.24743292480954,rare
1604,4,31616,4612,87.2695152920393,rare
1605,4,31621,4607,87.2833167715579,rare
1606,4,31626,4602,87.29711825107651,rare
1607,4,31631,4597,87.31091973059512,rare
1608,4,31637,4591,87.32748150601745,rare
1609,4,31643,4585,87.34404328143977,rare
1610,4,31652,4576,87.36888594457326,rare
1611,4,31657,4571,87.38268742409186,rare
1612,4,31663,4565,87.39924919951419,rare
1613,4,31669,4559,87.41581097493652,rare
1614,4,31675,4553,87.43237275035884,rare
1615,4,31680,4548,87.44617422987744,rare
1616,4,31687,4541,87.46549630120349,rare
1617,4,31693,4535,87.48205807662582,rare
1618,4,31702,4526,87.5069007397593,rare
1619,4,31706,4522,87.51794192337418,rare
1620,4,31710,4518,87.52898310698907,rare
1621,4,31715,4513,87.54278458650768,rare
1622,4,31720,4508,87.55658606602628,rare
1623,4,31724,4504,87.56762724964116,rare
1624,4,31731,4497,87.58694932096721,rare
1625,4,31736,4492,87.60075080048581,rare
1626,4,31741,4487,87.61455228000442,rare
1627,4,31747,4481,87.63111405542674,rare
1628,4,31751,4477,87.64215523904163,rare
1629,4,31757,4471,87.65871701446395,rare
1630,4,31762,4466,87.67251849398255,rare
1631,4,31767,4461,87.68631997350116,rare
1632,4,31771,4457,87.69736115711605,rare
1633,4,31777,4451,87.71392293253837,rare
1634,4,31782,4446,87.72772441205697,rare
1635,4,31786,4442,87.73876559567185,rare
1636,4,31793,4435,87.75808766699791,rare
1637,4,31797,4431,87.76912885061279,rare
1638,4,31804,4424,87.78845092193883,rare
1639,4,31808,4420,87.79949210555371,rare
1640,4,31812,4416,87.8105332891686,rare
1641,4,31819,4409,87.82985536049465,rare
1642,4,31823,4405,87.84089654410953,rare
1643,4,31832,4396,87.86573920724301,rare
1644,4,31838,4390,87.88230098266534,rare
1645,4,31842,4386,87.89334216628022,rare
1646,4,31848,4380,87.90990394170255,rare
1647,4,31855,4373,87.9292260130286,rare
1648,4,31859,4369,87.94026719664348,rare
1649,4,31868,4360,87.96510985977697,rare
1650,4,31872,4356,87.97615104339185,rare
1651,4,31876,4352,87.98719222700673,rare
1652,4,31881,4347,88.00099370652534,rare
1653,4,31886,4342,88.01479518604394,rare
1654,4,31893,4335,88.03411725736999,rare
1655,4,31897,4331,88.04515844098488,rare
1656,4,31902,4326,88.05895992050348,rare
1657,4,31907,4321,88.07276140002209,rare
1658,4,31911,4317,88.08380258363697,rare
1659,4,31915,4313,88.09484376725185,rare
1660,4,31919,4309,88.10588495086674,rare
1661,4,31923,4305,88.11692613448162,rare
1662,4,31928,4300,88.13072761400022,rare
1663,4,31932,4296,88.1417687976151,rare
1664,4,31936,4292,88.15280998122999,rare
1665,4,31943,4285,88.17213205255604,rare
1666,4,31948,4280,88.18593353207464,rare
1667,4,31963,4265,88.22733797063046,rare
1668,4,31967,4261,88.23837915424534,rare
1669,4,31971,4257,88.24942033786022,rare
1670,4,31975,4253,88.26046152147511,rare
1671,4,31980,4248,88.27426300099371,rare
1672,4,31988,4240,88.29634536822347,rare
1673,4,31993,4235,88.31014684774208,rare
1674,4,31999,4229,88.32670862316441,rare
1675,4,32004,4224,88.34051010268301,rare
1676,4,32010,4218,88.35707187810533,rare
1677,4,32016,4212,88.37363365352766,rare
1678,4,32021,4207,88.38743513304627,rare
1679,4,32026,4202,88.40123661256487,rare
1680,4,32030,4198,88.41227779617975,rare
1681,4,32035,4193,88.42607927569836,rare
1682,4,32041,4187,88.44264105112067,rare
1683,4,32046,4182,88.45644253063928,rare
1684,4,32050,4178,88.46748371425417,rare
1685,4,32054,4174,88.47852489786905,rare
1686,4,32061,4167,88.4978469691951,rare
1687,4,32066,4162,88.5116484487137,rare
1688,4,32071,4157,88.5254499282323,rare
1689,4,32080,4148,88.55029259136579,rare
1690,4,32086,4142,88.56685436678812,rare
1691,4,32092,4136,88.58341614221044,rare
1692,4,32098,4130,88.59997791763277,rare
1693,4,32102,4126,88.61101910124765,rare
1694,4,32107,4121,88.62482058076625,rare
1695,4,32112,4116,88.63862206028486,rare
1696,4,32117,4111,88.65242353980346,rare
1697,4,32123,4105,88.6689853152258,rare
1698,4,32127,4101,88.68002649884068,rare
1699,4,32133,4095,88.69658827426301,rare
1700,4,32139,4089,88.71315004968532,rare
1701,4,32144,4084,88.72695152920393,rare
1702,4,32149,4079,88.74075300872254,rare
1703,4,32154,4074,88.75455448824114,rare
1704,4,32158,4070,88.76559567185602,rare
1705,4,32162,4066,88.77663685547091,rare
1706,4,32166,4062,88.78767803908579,rare
1707,4,32171,4057,88.8014795186044,rare
1708,4,32176,4052,88.815280998123,rare
1709,4,32180,4048,88.82632218173788,rare
1710,4,32184,4044,88.83736336535277,rare
1711,4,32188,4040,88.84840454896765,rare
1712,4,32193,4035,88.86220602848626,rare
1713,4,32198,4030,88.87600750800486,rare
1714,4,32202,4026,88.88704869161974,rare
1715,4,32206,4022,88.89808987523463,rare
1716,4,32211,4017,88.91189135475322,rare
1717,4,32216,4012,88.92569283427183,rare
1718,4,32220,4008,88.93673401788672,rare
1719,4,32225,4003,88.95053549740533,rare
1720,4,32232,3996,88.96985756873137,rare
1721,4,32237,3991,88.98365904824998,rare
1722,4,32243,3985,89.0002208236723,rare
1723,4,32247,3981,89.01126200728719,rare
1724,4,32253,3975,89.0278237827095,rare
1725,4,32257,3971,89.0388649663244,rare
1726,4,32261,3967,89.04990614993928,rare
1727,4,32265,3963,89.06094733355415,rare
1728,4,32269,3959,89.07198851716905,rare
1729,4,32273,3955,89.08302970078392,rare
1730,4,32277,3951,89.0940708843988,rare
1731,4,32283,3945,89.11063265982114,rare
1732,4,32287,3941,89.12167384343601,rare
1733,4,32291,3937,89.1327150270509,rare
1734,4,32297,3931,89.14927680247322,rare
1735,4,32304,3924,89.16859887379927,rare
1736,4,32309,3919,89.18240035331787,rare
1737,4,32313,3915,89.19344153693275,rare
1738,4,32318,3910,89.20724301645136,rare
1739,4,32322,3906,89.21828420006625,rare
1740,4,32326,3902,89.22932538368113,rare
1741,4,32331,3897,89.24312686319973,rare
1742,4,32335,3893,89.25416804681461,rare
1743,4,32339,3889,89.2652092304295,rare
1744,4,32343,3885,89.27625041404438,rare
1745,4,32347,3881,89.28729159765926,rare
1746,4,32352,3876,89.30109307717787,rare
1747,4,32356,3872,89.31213426079276,rare
1748,4,32361,3867,89.32593574031137,rare
1749,4,32365,3863,89.33697692392624,rare
1750,4,32369,3859,89.34801810754112,rare
1751,4,32374,3854,89.36181958705973,rare
1752,4,32378,3850,89.37286077067462,rare
1753,4,32382,3846,89.3839019542895,rare
1754,4,32387,3841,89.3977034338081,rare
1755,4,32391,3837,89.40874461742298,rare
1756,4,32395,3833,89.41978580103788,rare
1757,4,32399,3829,89.43082698465275,rare
1758,4,32403,3825,89.44186816826763,rare
1759,4,32408,3820,89.45566964778624,rare
1760,4,32412,3816,89.46671083140113,rare
1761,4,32417,3811,89.48051231091974,rare
1762,4,32421,3807,89.49155349453461,rare
1763,4,32428,3800,89.51087556586066,rare
1764,4,32432,3796,89.52191674947554,rare
1765,4,32436,3792,89.53295793309043,rare
1766,4,32440,3788,89.54399911670531,rare
1767,4,32444,3784,89.5550403003202,rare
1768,4,32449,3779,89.56884177983879,rare
1769,4,32453,3775,89.57988296345368,rare
1770,4,32457,3771,89.59092414706856,rare
1771,4,32461,3767,89.60196533068346,rare
1772,4,32466,3762,89.61576681020205,rare
1773,4,32471,3757,89.62956828972065,rare
1774,4,32476,3752,89.64336976923926,rare
1775,4,32481,3747,89.65717124875786,rare
1776,4,32485,3743,89.66821243237275,rare
1777,4,32489,3739,89.67925361598763,rare
1778,4,32494,3734,89.69305509550624,rare
1779,4,32500,3728,89.70961687092857,rare
1780,4,32504,3724,89.72065805454345,rare
1781,3,32511,3717,89.7399801258695,rare
1782,3,32514,3714,89.74826101358066,rare
1783,3,32517,3711,89.75654190129183,rare
1784,3,32520,3708,89.76482278900298,rare
1785,3,32523,3705,89.77310367671414,rare
1786,3,32526,3702,89.78138456442531,rare
1787,3,32529,3699,89.78966545213648,rare
1788,3,32533,3695,89.80070663575135,rare
1789,3,32536,3692,89.80898752346252,rare
1790,3,32540,3688,89.8200287070774,rare
1791,3,32544,3684,89.83106989069228,rare
1792,3,32547,3681,89.83935077840344,rare
1793,3,32550,3678,89.84763166611461,rare
1794,3,32553,3675,89.85591255382577,rare
1795,3,32557,3671,89.86695373744065,rare
1796,3,32561,3667,89.87799492105553,rare
1797,3,32564,3664,89.8862758087667,rare
1798,3,32567,3661,89.89455669647786,rare
1799,3,32570,3658,89.90283758418903,rare
1800,3,32574,3654,89.91387876780391,rare
1801,3,32577,3651,89.92215965551507,rare
1802,3,32581,3647,89.93320083912995,rare
1803,3,32585,3643,89.94424202274485,rare
1804,3,32588,3640,89.952522910456,rare
1805,3,32591,3637,89.96080379816716,rare
1806,3,32594,3634,89.96908468587833,rare
1807,3,32597,3631,89.9773655735895,rare
1808,3,32600,3628,89.98564646130065,rare
1809,3,32603,3625,89.99392734901181,rare
1810,3,32606,3622,90.00220823672298,rare
1811,3,32609,3619,90.01048912443414,rare
1812,3,32612,3616,90.0187700121453,rare
1813,3,32615,3613,90.02705089985646,rare
1814,3,32618,3610,90.03533178756763,rare
1815,3,32621,3607,90.0436126752788,rare
1816,3,32624,3604,90.05189356298995,rare
1817,3,32628,3600,90.06293474660484,rare
1818,3,32631,3597,90.071215634316,rare
1819,3,32634,3594,90.07949652202716,rare
1820,3,32637,3591,90.08777740973832,rare
1821,3,32640,3588,90.09605829744949,rare
1822,3,32643,3585,90.10433918516065,rare
1823,3,32646,3582,90.1126200728718,rare
1824,3,32649,3579,90.12090096058297,rare
1825,3,32652,3576,90.12918184829414,rare
1826,3,32655,3573,90.1374627360053,rare
1827,3,32658,3570,90.14574362371646,rare
1828,3,32661,3567,90.15402451142762,rare
1829,3,32664,3564,90.16230539913879,rare
1830,3,32667,3561,90.17058628684995,rare
1831,3,32670,3558,90.17886717456112,rare
1832,3,32673,3555,90.18714806227227,rare
1833,3,32676,3552,90.19542894998344,rare
1834,3,32680,3548,90.20647013359832,rare
1835,3,32683,3545,90.21475102130948,rare
1836,3,32686,3542,90.22303190902065,rare
1837,3,32689,3539,90.23131279673181,rare
1838,3,32692,3536,90.23959368444297,rare
1839,3,32695,3533,90.24787457215413,rare
1840,3,32698,3530,90.2561554598653,rare
1841,3,32701,3527,90.26443634757646,rare
1842,3,32704,3524,90.27271723528763,rare
1843,3,32707,3521,90.28099812299878,rare
1844,3,32710,3518,90.28927901070995,rare
1845,3,32713,3515,90.29755989842111,rare
1846,3,32716,3512,90.30584078613228,rare
1847,3,32719,3509,90.31412167384343,rare
1848,3,32722,3506,90.3224025615546,rare
1849,3,32725,3503,90.33068344926576,rare
1850,3,32728,3500,90.33896433697693,rare
1851,3,32731,3497,90.34724522468808,rare
1852,3,32734,3494,90.35552611239925,rare
1853,3,32739,3489,90.36932759191785,rare
1854,3,32742,3486,90.37760847962902,rare
1855,3,32745,3483,90.38588936734018,rare
1856,3,32748,3480,90.39417025505134,rare
1857,3,32752,3476,90.40521143866623,rare
1858,3,32755,3473,90.4134923263774,rare
1859,3,32758,3470,90.42177321408855,rare
1860,3,32761,3467,90.43005410179971,rare
1861,3,32764,3464,90.43833498951088,rare
1862,3,32768,3460,90.44937617312576,rare
1863,3,32771,3457,90.45765706083692,rare
1864,3,32774,3454,90.46593794854809,rare
1865,3,32778,3450,90.47697913216297,rare
1866,3,32782,3446,90.48802031577785,rare
1867,3,32786,3442,90.49906149939274,rare
1868,3,32789,3439,90.5073423871039,rare
1869,3,32792,3436,90.51562327481506,rare
1870,3,32795,3433,90.52390416252622,rare
1871,3,32798,3430,90.53218505023739,rare
1872,3,32801,3427,90.54046593794855,rare
1873,3,32804,3424,90.5487468256597,rare
1874,3,32809,3419,90.56254830517831,rare
1875,3,32812,3416,90.57082919288948,rare
1876,3,32816,3412,90.58187037650436,rare
1877,3,32819,3409,90.59015126421552,rare
1878,3,32824,3404,90.60395274373413,rare
1879,3,32827,3401,90.61223363144529,rare
1880,3,32831,3397,90.62327481506017,rare
1881,3,32835,3393,90.63431599867506,rare
1882,3,32841,3387,90.65087777409738,rare
1883,3,32845,3383,90.66191895771226,rare
1884,3,32848,3380,90.67019984542343,rare
1885,3,32852,3376,90.68124102903832,rare
1886,3,32855,3373,90.68952191674947,rare
1887,3,32859,3369,90.70056310036436,rare
1888,3,32862,3366,90.70884398807551,rare
1889,3,32869,3359,90.72816605940157,rare
1890,3,32874,3354,90.74196753892018,rare
1891,3,32877,3351,90.75024842663133,rare
1892,3,32882,3346,90.76404990614994,rare
1893,3,32888,3340,90.78061168157227,rare
1894,3,32894,3334,90.79717345699459,rare
1895,3,32897,3331,90.80545434470575,rare
1896,3,32900,3328,90.81373523241692,rare
1897,3,32904,3324,90.8247764160318,rare
1898,3,32909,3319,90.8385778955504,rare
1899,3,32914,3314,90.852379375069,rare
1900,3,32917,3311,90.86066026278017,rare
1901,3,32920,3308,90.86894115049134,rare
1902,3,32925,3303,90.88274263000994,rare
1903,3,32931,3297,90.89930440543226,rare
1904,3,32937,3291,90.9158661808546,rare
1905,3,32941,3287,90.92690736446947,rare
1906,3,32947,3281,90.9434691398918,rare
1907,3,32952,3276,90.9572706194104,rare
1908,3,32956,3272,90.96831180302529,rare
1909,3,32961,3267,90.98211328254389,rare
1910,3,32965,3263,90.99315446615877,rare
1911,3,32971,3257,91.0097162415811,rare
1912,3,32975,3253,91.02075742519598,rare
1913,3,32979,3249,91.03179860881086,rare
1914,3,32986,3242,91.0511206801369,rare
1915,3,32989,3239,91.05940156784807,rare
1916,3,32993,3235,91.07044275146296,rare
1917,3,32996,3232,91.07872363917411,rare
1918,3,33000,3228,91.08976482278901,rare
1919,3,33005,3223,91.10356630230761,rare
1920,3,33008,3220,91.11184719001876,rare
1921,3,33013,3215,91.12564866953737,rare
1922,3,33018,3210,91.13945014905597,rare
1923,3,33021,3207,91.14773103676714,rare
1924,3,33026,3202,91.16153251628575,rare
1925,3,33030,3198,91.17257369990062,rare
1926,3,33035,3193,91.18637517941923,rare
1927,3,33038,3190,91.1946560671304,rare
1928,3,33042,3186,91.20569725074527,rare
1929,3,33045,3183,91.21397813845644,rare
1930,3,33052,3176,91.23330020978248,rare
1931,3,33057,3171,91.24710168930109,rare
1932,3,33060,3168,91.25538257701226,rare
1933,3,33063,3165,91.26366346472342,rare
1934,3,33066,3162,91.27194435243459,rare
1935,3,33070,3158,91.28298553604947,rare
1936,3,33074,3154,91.29402671966434,rare
1937,3,33077,3151,91.30230760737551,rare
1938,3,33080,3148,91.31058849508668,rare
1939,3,33084,3144,91.32162967870156,rare
1940,3,33087,3141,91.32991056641272,rare
1941,3,33090,3138,91.33819145412389,rare
1942,3,33093,3135,91.34647234183504,rare
1943,3,33097,3131,91.35751352544993,rare
1944,3,33100,3128,91.3657944131611,rare
1945,3,33105,3123,91.37959589267969,rare
1946,3,33109,3119,91.39063707629458,rare
1947,3,33113,3115,91.40167825990946,rare
1948,3,33117,3111,91.41271944352435,rare
1949,3,33120,3108,91.4210003312355,rare
1950,3,33125,3103,91.43480181075411,rare
1951,3,33128,3100,91.44308269846528,rare
1952,3,33133,3095,91.45688417798388,rare
1953,3,33139,3089,91.4734459534062,rare
1954,3,33142,3086,91.48172684111736,rare
1955,3,33145,3083,91.49000772882853,rare
1956,3,33148,3080,91.4982886165397,rare
1957,3,33151,3077,91.50656950425086,rare
1958,3,33155,3073,91.51761068786574,rare
1959,3,33159,3069,91.52865187148062,rare
1960,3,33162,3066,91.53693275919179,rare
1961,3,33166,3062,91.54797394280666,rare
1962,3,33169,3059,91.55625483051783,rare
1963,3,33172,3056,91.564535718229,rare
1964,3,33179,3049,91.58385778955504,rare
1965,3,33182,3046,91.5921386772662,rare
1966,3,33185,3043,91.60041956497737,rare
1967,3,33189,3039,91.61146074859225,rare
1968,3,33194,3034,91.62526222811086,rare
1969,3,33198,3030,91.63630341172573,rare
1970,3,33201,3027,91.6445842994369,rare
1971,3,33205,3023,91.65562548305178,rare
1972,3,33210,3018,91.66942696257038,rare
1973,3,33215,3013,91.68322844208899,rare
1974,3,33219,3009,91.69426962570388,rare
1975,3,33223,3005,91.70531080931876,rare
1976,3,33227,3001,91.71635199293364,rare
1977,3,33232,2996,91.73015347245224,rare
1978,3,33235,2993,91.73843436016341,rare
1979,3,33239,2989,91.74947554377829,rare
1980,3,33243,2985,91.76051672739318,rare
1981,3,33248,2980,91.77431820691179,rare
1982,3,33253,2975,91.78811968643039,rare
1983,3,33256,2972,91.79640057414154,rare
1984,3,33261,2967,91.81020205366015,rare
1985,3,33264,2964,91.81848294137131,rare
1986,3,33268,2960,91.8295241249862,rare
1987,3,33275,2953,91.84884619631225,rare
1988,3,33278,2950,91.8571270840234,rare
1989,3,33282,2946,91.8681682676383,rare
1990,3,33286,2942,91.87920945125317,rare
1991,3,33289,2939,91.88749033896434,rare
1992,3,33292,2936,91.8957712266755,rare
1993,3,33296,2932,91.90681241029039,rare
1994,3,33300,2928,91.91785359390526,rare
1995,3,33305,2923,91.93165507342387,rare
1996,3,33311,2917,91.9482168488462,rare
1997,3,33314,2914,91.95649773655735,rare
1998,3,33317,2911,91.96477862426852,rare
1999,3,33322,2906,91.97858010378712,rare
2000,3,33327,2901,91.99238158330573,rare
2001,3,33332,2896,92.00618306282433,rare
2002,3,33336,2892,92.01722424643921,rare
2003,3,33339,2889,92.02550513415038,rare
2004,3,33343,2885,92.03654631776527,rare
2005,3,33347,2881,92.04758750138015,rare
2006,3,33354,2874,92.0669095727062,rare
2007,3,33358,2870,92.07795075632107,rare
2008,3,33361,2867,92.08623164403224,rare
2009,3,33365,2863,92.09727282764712,rare
2010,3,33372,2856,92.11659489897318,rare
2011,3,33378,2850,92.1331566743955,rare
2012,3,33382,2846,92.14419785801037,rare
2013,3,33385,2843,92.15247874572154,rare
2014,3,33389,2839,92.16351992933643,rare
2015,3,33392,2836,92.17180081704758,rare
2016,3,33396,2832,92.18284200066248,rare
2017,3,33399,2829,92.19112288837363,rare
2018,3,33402,2826,92.1994037760848,rare
2019,3,33405,2823,92.20768466379596,rare
2020,3,33408,2820,92.21596555150713,rare
2021,3,33411,2817,92.22424643921829,rare
2022,3,33414,2814,92.23252732692944,rare
2023,3,33418,2810,92.24356851054434,rare
2024,3,33423,2805,92.25736999006294,rare
2025,3,33427,2801,92.26841117367782,rare
2026,3,33431,2797,92.2794523572927,rare
2027,3,33434,2794,92.28773324500386,rare
2028,3,33439,2789,92.30153472452247,rare
2029,3,33444,2784,92.31533620404107,rare
2030,3,33447,2781,92.32361709175224,rare
2031,3,33451,2777,92.33465827536712,rare
2032,3,33454,2774,92.34293916307828,rare
2033,3,33457,2771,92.35122005078945,rare
2034,3,33460,2768,92.3595009385006,rare
2035,3,33464,2764,92.3705421221155,rare
2036,3,33469,2759,92.3843436016341,rare
2037,3,33473,2755,92.39538478524898,rare
2038,3,33476,2752,92.40366567296014,rare
2039,3,33480,2748,92.41470685657502,rare
2040,3,33483,2745,92.42298774428619,rare
2041,3,33486,2742,92.43126863199736,rare
2042,3,33490,2738,92.44230981561223,rare
2043,3,33493,2735,92.4505907033234,rare
2044,3,33496,2732,92.45887159103457,rare
2045,3,33499,2729,92.46715247874572,rare
2046,3,33502,2726,92.47543336645688,rare
2047,3,33505,2723,92.48371425416805,rare
2048,3,33508,2720,92.49199514187922,rare
2049,3,33511,2717,92.50027602959037,rare
2050,3,33514,2714,92.50855691730153,rare
2051,3,33518,2710,92.51959810091641,rare
2052,3,33522,2706,92.5306392845313,rare
2053,3,33526,2702,92.54168046814618,rare
2054,3,33529,2699,92.54996135585735,rare
2055,3,33532,2696,92.55824224356851,rare
2056,3,33536,2692,92.5692834271834,rare
2057,3,33539,2689,92.57756431489456,rare
2058,3,33542,2686,92.58584520260573,rare
2059,3,33546,2682,92.5968863862206,rare
2060,3,33550,2678,92.60792756983548,rare
2061,3,33553,2675,92.61620845754665,rare
2062,3,33556,2672,92.62448934525781,rare
2063,3,33559,2669,92.63277023296898,rare
2064,3,33565,2663,92.6493320083913,rare
2065,3,33569,2659,92.66037319200618,rare
2066,3,33573,2655,92.67141437562107,rare
2067,3,33576,2652,92.67969526333223,rare
2068,3,33580,2648,92.69073644694711,rare
2069,3,33583,2645,92.69901733465828,rare
2070,3,33586,2642,92.70729822236943,rare
2071,3,33589,2639,92.7155791100806,rare
2072,3,33592,2636,92.72385999779176,rare
2073,3,33595,2633,92.73214088550293,rare
2074,3,33598,2630,92.7404217732141,rare
2075,3,33601,2627,92.74870266092525,rare
2076,3,33604,2624,92.75698354863641,rare
2077,3,33607,2621,92.76526443634758,rare
2078,3,33611,2617,92.77630561996246,rare
2079,3,33614,2614,92.78458650767362,rare
2080,3,33617,2611,92.79286739538479,rare
2081,3,33620,2608,92.80114828309594,rare
2082,3,33623,2605,92.8094291708071,rare
2083,3,33626,2602,92.81771005851827,rare
2084,3,33629,2599,92.82599094622944,rare
2085,3,33632,2596,92.8342718339406,rare
2086,3,33635,2593,92.84255272165176,rare
2087,3,33638,2590,92.85083360936292,rare
2088,3,33641,2587,92.85911449707409,rare
2089,3,33644,2584,92.86739538478525,rare
2090,3,33647,2581,92.8756762724964,rare
2091,3,33650,2578,92.88395716020757,rare
2092,3,33654,2574,92.89499834382245,rare
2093,3,33657,2571,92.90327923153362,rare
2094,3,33661,2567,92.91432041514851,rare
2095,3,33665,2563,92.92536159876339,rare
2096,3,33668,2560,92.93364248647455,rare
2097,3,33672,2556,92.94468367008943,rare
2098,3,33676,2552,92.95572485370431,rare
2099,3,33679,2549,92.96400574141548,rare
2100,3,33682,2546,92.97228662912664,rare
2101,3,33685,2543,92.98056751683781,rare
2102,3,33688,2540,92.98884840454897,rare
2103,3,33691,2537,92.99712929226013,rare
2104,3,33694,2534,93.00541017997129,rare
2105,3,33698,2530,93.01645136358617,rare
2106,3,33701,2527,93.02473225129734,rare
2107,3,33704,2524,93.0330131390085,rare
2108,3,33707,2521,93.04129402671967,rare
2109,3,33710,2518,93.04957491443082,rare
2110,3,33713,2515,93.05785580214199,rare
2111,3,33717,2511,93.06889698575688,rare
2112,3,33720,2508,93.07717787346803,rare
2113,3,33723,2505,93.0854587611792,rare
2114,3,33727,2501,93.09649994479408,rare
2115,3,33730,2498,93.10478083250524,rare
2116,3,33733,2495,93.11306172021641,rare
2117,3,33739,2489,93.12962349563874,rare
2118,3,33742,2486,93.13790438334989,rare
2119,3,33747,2481,93.1517058628685,rare
2120,2,33749,2479,93.15722645467594,rare
2121,2,33751,2477,93.16274704648339,rare
2122,2,33753,2475,93.16826763829083,rare
2123,2,33758,2470,93.18206911780943,rare
2124,2,33760,2468,93.18758970961687,rare
2125,2,33762,2466,93.19311030142431,rare
2126,2,33764,2464,93.19863089323175,rare
2127,2,33767,2461,93.20691178094292,rare
2128,2,33769,2459,93.21243237275036,rare
2129,2,33771,2457,93.2179529645578,rare
2130,2,33777,2451,93.23451473998013,rare
2131,2,33779,2449,93.24003533178757,rare
2132,2,33781,2447,93.245555923595,rare
2133,2,33783,2445,93.25107651540245,rare
2134,2,33785,2443,93.2565971072099,rare
2135,2,33789,2439,93.26763829082478,rare
2136,2,33791,2437,93.27315888263222,rare
2137,2,33793,2435,93.27867947443966,rare
2138,2,33795,2433,93.2842000662471,rare
2139,2,33797,2431,93.28972065805455,rare
2140,2,33800,2428,93.2980015457657,rare
2141,2,33802,2426,93.30352213757315,rare
2142,2,33804,2424,93.3090427293806,rare
2143,2,33806,2422,93.31456332118803,rare
2144,2,33808,2420,93.32008391299547,rare
2145,2,33810,2418,93.32560450480291,rare
2146,2,33813,2415,93.33388539251408,rare
2147,2,33815,2413,93.33940598432152,rare
2148,2,33817,2411,93.34492657612896,rare
2149,2,33819,2409,93.35044716793641,rare
2150,2,33821,2407,93.35596775974385,rare
2151,2,33823,2405,93.36148835155129,rare
2152,2,33825,2403,93.36700894335873,rare
2153,2,33827,2401,93.37252953516617,rare
2154,2,33829,2399,93.3780501269736,rare
2155,2,33832,2396,93.38633101468477,rare
2156,2,33834,2394,93.39185160649221,rare
2157,2,33836,2392,93.39737219829966,rare
2158,2,33839,2389,93.40565308601082,rare
2159,2,33841,2387,93.41117367781827,rare
2160,2,33843,2385,93.41669426962571,rare
2161,2,33845,2383,93.42221486143315,rare
2162,2,33847,2381,93.42773545324059,rare
2163,2,33849,2379,93.43325604504803,rare
2164,2,33851,2377,93.43877663685547,rare
2165,2,33853,2375,93.44429722866292,rare
2166,2,33855,2373,93.44981782047036,rare
2167,2,33857,2371,93.4553384122778,rare
2168,2,33859,2369,93.46085900408524,rare
2169,2,33861,2367,93.46637959589268,rare
2170,2,33863,2365,93.47190018770011,rare
2171,2,33866,2362,93.48018107541128,rare
2172,2,33868,2360,93.48570166721872,rare
2173,2,33870,2358,93.49122225902617,rare
2174,2,33872,2356,93.49674285083361,rare
2175,2,33874,2354,93.50226344264105,rare
2176,2,33876,2352,93.50778403444849,rare
2177,2,33878,2350,93.51330462625593,rare
2178,2,33880,2348,93.51882521806337,rare
2179,2,33882,2346,93.52434580987082,rare
2180,2,33884,2344,93.52986640167826,rare
2181,2,33886,2342,93.5353869934857,rare
2182,2,33888,2340,93.54090758529314,rare
2183,2,33890,2338,93.54642817710058,rare
2184,2,33892,2336,93.55194876890803,rare
2185,2,33894,2334,93.55746936071547,rare
2186,2,33896,2332,93.56298995252291,rare
2187,2,33898,2330,93.56851054433035,rare
2188,2,33900,2328,93.57403113613779,rare
2189,2,33902,2326,93.57955172794523,rare
2190,2,33904,2324,93.58507231975268,rare
2191,2,33906,2322,93.59059291156012,rare
2192,2,33908,2320,93.59611350336756,rare
2193,2,33910,2318,93.601634095175,rare
2194,2,33913,2315,93.60991498288617,rare
2195,2,33915,2313,93.6154355746936,rare
2196,2,33917,2311,93.62095616650105,rare
2197,2,33919,2309,93.62647675830848,rare
2198,2,33921,2307,93.63199735011594,rare
2199,2,33923,2305,93.63751794192338,rare
2200,2,33925,2303,93.64303853373082,rare
2201,2,33927,2301,93.64855912553826,rare
2202,2,33929,2299,93.6540797173457,rare
2203,2,33931,2297,93.65960030915313,rare
2204,2,33933,2295,93.66512090096059,rare
2205,2,33935,2293,93.67064149276803,rare
2206,2,33937,2291,93.67616208457547,rare
2207,2,33939,2289,93.6816826763829,rare
2208,2,33941,2287,93.68720326819034,rare
2209,2,33944,2284,93.69548415590151,rare
2210,2,33946,2282,93.70100474770895,rare
2211,2,33948,2280,93.70652533951639,rare
2212,2,33950,2278,93.71204593132384,rare
2213,2,33952,2276,93.71756652313128,rare
2214,2,33954,2274,93.72308711493872,rare
2215,2,33956,2272,93.72860770674616,rare
2216,2,33958,2270,93.7341282985536,rare
2217,2,33961,2267,93.74240918626477,rare
2218,2,33963,2265,93.7479297780722,rare
2219,2,33965,2263,93.75345036987964,rare
2220,2,33967,2261,93.7589709616871,rare
2221,2,33970,2258,93.76725184939825,rare
2222,2,33972,2256,93.7727724412057,rare
2223,2,33974,2254,93.77829303301314,rare
2224,2,33976,2252,93.78381362482058,rare
2225,2,33978,2250,93.78933421662802,rare
2226,2,33980,2248,93.79485480843546,rare
2227,2,33982,2246,93.8003754002429,rare
2228,2,33984,2244,93.80589599205035,rare
2229,2,33986,2242,93.81141658385779,rare
2230,2,33988,2240,93.81693717566523,rare
2231,2,33990,2238,93.82245776747267,rare
2232,2,33992,2236,93.82797835928011,rare
2233,2,33994,2234,93.83349895108756,rare
2234,2,33996,2232,93.839019542895,rare
2235,2,33998,2230,93.84454013470244,rare
2236,2,34000,2228,93.85006072650988,rare
2237,2,34002,2226,93.85558131831732,rare
2238,2,34004,2224,93.86110191012476,rare
2239,2,34006,2222,93.86662250193221,rare
2240,2,34008,2220,93.87214309373965,rare
2241,2,34010,2218,93.87766368554709,rare
2242,2,34012,2216,93.88318427735453,rare
2243,2,34014,2214,93.88870486916197,rare
2244,2,34016,2212,93.89422546096941,rare
2245,2,34018,2210,93.89974605277686,rare
2246,2,34020,2208,93.9052666445843,rare
2247,2,34022,2206,93.91078723639174,rare
2248,2,34024,2204,93.91630782819918,rare
2249,2,34026,2202,93.92182842000662,rare
2250,2,34029,2199,93.93010930771779,rare
2251,2,34031,2197,93.93562989952522,rare
2252,2,34033,2195,93.94115049133266,rare
2253,2,34035,2193,93.94667108314012,rare
2254,2,34037,2191,93.95219167494756,rare
2255,2,34039,2189,93.957712266755,rare
2256,2,34041,2187,93.96323285856244,rare
2257,2,34044,2184,93.9715137462736,rare
2258,2,34046,2182,93.97703433808104,rare
2259,2,34048,2180,93.98255492988848,rare
2260,2,34050,2178,93.98807552169592,rare
2261,2,34052,2176,93.99359611350337,rare
2262,2,34055,2173,94.00187700121452,rare
2263,2,34058,2170,94.01015788892569,rare
2264,2,34060,2168,94.01567848073313,rare
2265,2,34062,2166,94.02119907254058,rare
2266,2,34064,2164,94.02671966434802,rare
2267,2,34066,2162,94.03224025615546,rare
2268,2,34068,2160,94.0377608479629,rare
2269,2,34070,2158,94.04328143977034,rare
2270,2,34072,2156,94.04880203157778,rare
2271,2,34076,2152,94.05984321519267,rare
2272,2,34078,2150,94.06536380700011,rare
2273,2,34082,2146,94.07640499061499,rare
2274,2,34084,2144,94.08192558242244,rare
2275,2,34087,2141,94.0902064701336,rare
2276,2,34089,2139,94.09572706194103,rare
2277,2,34091,2137,94.10124765374849,rare
2278,2,34093,2135,94.10676824555593,rare
2279,2,34095,2133,94.11228883736337,rare
2280,2,34097,2131,94.1178094291708,rare
2281,2,34099,2129,94.12333002097824,rare
2282,2,34102,2126,94.13161090868941,rare
2283,2,34105,2123,94.13989179640058,rare
2284,2,34108,2120,94.14817268411174,rare
2285,2,34110,2118,94.15369327591918,rare
2286,2,34112,2116,94.15921386772662,rare
2287,2,34114,2114,94.16473445953406,rare
2288,2,34117,2111,94.17301534724523,rare
2289,2,34120,2108,94.18129623495639,rare
2290,2,34122,2106,94.18681682676383,rare
2291,2,34125,2103,94.195097714475,rare
2292,2,34127,2101,94.20061830628244,rare
2293,2,34129,2099,94.20613889808988,rare
2294,2,34132,2096,94.21441978580104,rare
2295,2,34136,2092,94.22546096941592,rare
2296,2,34139,2089,94.23374185712709,rare
2297,2,34143,2085,94.24478304074196,rare
2298,2,34145,2083,94.2503036325494,rare
2299,2,34148,2080,94.25858452026057,rare
2300,2,34151,2077,94.26686540797174,rare
2301,2,34154,2074,94.2751462956829,rare
2302,2,34156,2072,94.28066688749034,rare
2303,2,34158,2070,94.28618747929778,rare
2304,2,34162,2066,94.29722866291266,rare
2305,2,34164,2064,94.30274925472011,rare
2306,2,34166,2062,94.30826984652755,rare
2307,2,34168,2060,94.31379043833499,rare
2308,2,34171,2057,94.32207132604616,rare
2309,2,34174,2054,94.33035221375731,rare
2310,2,34177,2051,94.33863310146847,rare
2311,2,34179,2049,94.34415369327591,rare
2312,2,34183,2045,94.3551948768908,rare
2313,2,34186,2042,94.36347576460197,rare
2314,2,34191,2037,94.37727724412056,rare
2315,2,34193,2035,94.38279783592802,rare
2316,2,34197,2031,94.3938390195429,rare
2317,2,34201,2027,94.40488020315777,rare
2318,2,34206,2022,94.41868168267638,rare
2319,2,34210,2018,94.42972286629127,rare
2320,2,34213,2015,94.43800375400242,rare
2321,2,34216,2012,94.44628464171359,rare
2322,2,34220,2008,94.45732582532848,rare
2323,2,34223,2005,94.46560671303963,rare
2324,2,34226,2002,94.4738876007508,rare
2325,2,34230,1998,94.48492878436568,rare
2326,2,34232,1996,94.49044937617313,rare
2327,2,34236,1992,94.50149055978801,rare
2328,2,34238,1990,94.50701115159545,rare
2329,2,34241,1987,94.51529203930662,rare
2330,2,34244,1984,94.52357292701778,rare
2331,2,34247,1981,94.53185381472893,rare
2332,2,34249,1979,94.53737440653639,rare
2333,2,34252,1976,94.54565529424754,rare
2334,2,34255,1973,94.5539361819587,rare
2335,2,34257,1971,94.55945677376614,rare
2336,2,34259,1969,94.56497736557358,rare
2337,2,34263,1965,94.57601854918848,rare
2338,2,34265,1963,94.58153914099591,rare
2339,2,34267,1961,94.58705973280335,rare
2340,2,34269,1959,94.5925803246108,rare
2341,2,34272,1956,94.60086121232196,rare
2342,2,34275,1953,94.60914210003313,rare
2343,2,34277,1951,94.61466269184056,rare
2344,2,34279,1949,94.620183283648,rare
2345,2,34283,1945,94.6312244672629,rare
2346,2,34287,1941,94.64226565087777,rare
2347,2,34289,1939,94.64778624268521,rare
2348,2,34291,1937,94.65330683449265,rare
2349,2,34293,1935,94.65882742630009,rare
2350,2,34296,1932,94.66710831401126,rare
2351,2,34300,1928,94.67814949762615,rare
2352,2,34303,1925,94.6864303853373,rare
2353,2,34305,1923,94.69195097714476,rare
2354,2,34307,1921,94.6974715689522,rare
2355,2,34309,1919,94.70299216075963,rare
2356,2,34312,1916,94.7112730484708,rare
2357,2,34315,1913,94.71955393618195,rare
2358,2,34318,1910,94.72783482389312,rare
2359,2,34321,1907,94.73611571160428,rare
2360,2,34324,1904,94.74439659931545,rare
2361,2,34326,1902,94.74991719112289,rare
2362,2,34329,1899,94.75819807883406,rare
2363,2,34331,1897,94.7637186706415,rare
2364,2,34337,1891,94.78028044606381,rare
2365,2,34340,1888,94.78856133377498,rare
2366,2,34342,1886,94.79408192558242,rare
2367,2,34344,1884,94.79960251738986,rare
2368,2,34347,1881,94.80788340510102,rare
2369,2,34349,1879,94.81340399690846,rare
2370,2,34351,1877,94.81892458871592,rare
2371,2,34353,1875,94.82444518052336,rare
2372,2,34356,1872,94.83272606823452,rare
2373,2,34359,1869,94.84100695594567,rare
2374,2,34361,1867,94.84652754775311,rare
2375,2,34363,1865,94.85204813956057,rare
2376,2,34366,1862,94.86032902727172,rare
2377,2,34368,1860,94.86584961907917,rare
2378,2,34372,1856,94.87689080269405,rare
2379,2,34375,1853,94.88517169040522,rare
2380,2,34377,1851,94.89069228221265,rare
2381,2,34381,1847,94.90173346582753,rare
2382,2,34384,1844,94.9100143535387,rare
2383,2,34386,1842,94.91553494534614,rare
2384,2,34388,1840,94.92105553715358,rare
2385,2,34391,1837,94.92933642486474,rare
2386,2,34393,1835,94.93485701667218,rare
2387,2,34395,1833,94.94037760847962,rare
2388,2,34397,1831,94.94589820028708,rare
2389,2,34399,1829,94.95141879209451,rare
2390,2,34403,1825,94.9624599757094,rare
2391,2,34405,1823,94.96798056751683,rare
2392,2,34410,1818,94.98178204703544,rare
2393,2,34413,1815,94.9900629347466,rare
2394,2,34415,1813,94.99558352655404,rare
2395,2,34417,1811,95.00110411836148,rare
2396,2,34419,1809,95.00662471016894,rare
2397,2,34424,1804,95.02042618968754,rare
2398,2,34428,1800,95.03146737330242,rare
2399,2,34431,1797,95.03974826101359,rare
2400,2,34433,1795,95.04526885282102,rare
2401,2,34435,1793,95.05078944462846,rare
2402,2,34437,1791,95.0563100364359,rare
2403,2,34439,1789,95.06183062824334,rare
2404,2,34441,1787,95.0673512200508,rare
2405,2,34443,1785,95.07287181185823,rare
2406,2,34445,1783,95.07839240366567,rare
2407,2,34447,1781,95.08391299547311,rare
2408,2,34449,1779,95.08943358728055,rare
2409,2,34451,1777,95.09495417908799,rare
2410,2,34453,1775,95.10047477089545,rare
2411,2,34455,1773,95.10599536270288,rare
2412,2,34457,1771,95.11151595451032,rare
2413,2,34459,1769,95.11703654631776,rare
2414,2,34461,1767,95.1225571381252,rare
2415,2,34463,1765,95.12807772993266,rare
2416,2,34466,1762,95.13635861764381,rare
2417,2,34468,1760,95.14187920945125,rare
2418,2,34470,1758,95.1473998012587,rare
2419,2,34472,1756,95.15292039306614,rare
2420,2,34475,1753,95.1612012807773,rare
2421,2,34477,1751,95.16672187258474,rare
2422,2,34479,1749,95.17224246439218,rare
2423,2,34481,1747,95.17776305619962,rare
2424,2,34483,1745,95.18328364800706,rare
2425,2,34485,1743,95.1888042398145,rare
2426,2,34488,1740,95.19708512752567,rare
2427,2,34490,1738,95.2026057193331,rare
2428,2,34492,1736,95.20812631114056,rare
2429,2,34495,1733,95.21640719885171,rare
2430,2,34497,1731,95.22192779065917,rare
2431,2,34499,1729,95.2274483824666,rare
2432,2,34502,1726,95.23572927017776,rare
2433,2,34505,1723,95.24401015788892,rare
2434,2,34507,1721,95.24953074969636,rare
2435,2,34509,1719,95.25505134150382,rare
2436,2,34514,1714,95.26885282102242,rare
2437,2,34518,1710,95.2798940046373,rare
2438,2,34521,1707,95.28817489234847,rare
2439,2,34523,1705,95.2936954841559,rare
2440,2,34525,1703,95.29921607596334,rare
2441,2,34528,1700,95.30749696367451,rare
2442,2,34530,1698,95.31301755548195,rare
2443,2,34532,1696,95.31853814728939,rare
2444,2,34534,1694,95.32405873909683,rare
2445,2,34536,1692,95.32957933090427,rare
2446,2,34539,1689,95.33786021861543,rare
2447,2,34541,1687,95.34338081042287,rare
2448,2,34543,1685,95.34890140223033,rare
2449,2,34546,1682,95.35718228994148,rare
2450,2,34548,1680,95.36270288174893,rare
2451,2,34550,1678,95.36822347355637,rare
2452,2,34552,1676,95.37374406536381,rare
2453,2,34555,1673,95.38202495307497,rare
2454,2,34558,1670,95.39030584078613,rare
2455,2,34560,1668,95.39582643259358,rare
2456,2,34562,1666,95.40134702440102,rare
2457,2,34564,1664,95.40686761620846,rare
2458,2,34566,1662,95.4123882080159,rare
2459,2,34568,1660,95.41790879982334,rare
2460,2,34570,1658,95.42342939163078,rare
2461,2,34572,1656,95.42894998343823,rare
2462,2,34574,1654,95.43447057524567,rare
2463,2,34576,1652,95.43999116705311,rare
2464,2,34580,1648,95.45103235066799,rare
2465,2,34582,1646,95.45655294247544,rare
2466,2,34585,1643,95.46483383018659,rare
2467,2,34587,1641,95.47035442199403,rare
2468,2,34590,1638,95.4786353097052,rare
2469,2,34592,1636,95.48415590151264,rare
2470,2,34594,1634,95.48967649332009,rare
2471,2,34596,1632,95.49519708512753,rare
2472,2,34599,1629,95.5034779728387,rare
2473,2,34602,1626,95.51175886054985,rare
2474,2,34604,1624,95.51727945235729,rare
2475,2,34607,1621,95.52556034006845,rare
2476,2,34609,1619,95.53108093187589,rare
2477,2,34611,1617,95.53660152368334,rare
2478,2,34614,1614,95.5448824113945,rare
2479,2,34616,1612,95.55040300320195,rare
2480,2,34619,1609,95.5586838909131,rare
2481,2,34622,1606,95.56696477862427,rare
2482,2,34624,1604,95.5724853704317,rare
2483,2,34626,1602,95.57800596223915,rare
2484,2,34629,1599,95.58628684995031,rare
2485,2,34631,1597,95.59180744175775,rare
2486,2,34633,1595,95.5973280335652,rare
2487,2,34636,1592,95.60560892127636,rare
2488,2,34638,1590,95.6111295130838,rare
2489,2,34642,1586,95.62217069669869,rare
2490,2,34644,1584,95.62769128850613,rare
2491,2,34646,1582,95.63321188031357,rare
2492,2,34651,1577,95.64701335983217,rare
2493,2,34654,1574,95.65529424754334,rare
2494,2,34656,1572,95.66081483935078,rare
2495,2,34658,1570,95.66633543115822,rare
2496,2,34660,1568,95.67185602296566,rare
2497,2,34662,1566,95.67737661477311,rare
2498,2,34665,1563,95.68565750248426,rare
2499,2,34668,1560,95.69393839019543,rare
2500,2,34670,1558,95.69945898200287,rare
2501,2,34673,1555,95.70773986971403,rare
2502,2,34676,1552,95.7160207574252,rare
2503,2,34678,1550,95.72154134923264,rare
2504,2,34680,1548,95.72706194104008,rare
2505,2,34683,1545,95.73534282875124,rare
2506,2,34685,1543,95.74086342055868,rare
2507,2,34688,1540,95.74914430826985,rare
2508,2,34692,1536,95.76018549188473,rare
2509,2,34696,1532,95.77122667549962,rare
2510,2,34698,1530,95.77674726730706,rare
2511,2,34700,1528,95.7822678591145,rare
2512,2,34704,1524,95.79330904272938,rare
2513,2,34706,1522,95.79882963453682,rare
2514,2,34708,1520,95.80435022634427,rare
2515,2,34710,1518,95.80987081815171,rare
2516,2,34712,1516,95.81539140995915,rare
2517,2,34714,1514,95.82091200176659,rare
2518,2,34716,1512,95.82643259357403,rare
2519,2,34718,1510,95.83195318538148,rare
2520,2,34720,1508,95.83747377718892,rare
2521,2,34722,1506,95.84299436899636,rare
2522,2,34724,1504,95.8485149608038,rare
2523,2,34726,1502,95.85403555261124,rare
2524,2,34728,1500,95.85955614441868,rare
2525,2,34730,1498,95.86507673622613,rare
2526,2,34733,1495,95.87335762393728,rare
2527,2,34735,1493,95.87887821574473,rare
2528,2,34738,1490,95.88715910345589,rare
2529,2,34740,1488,95.89267969526333,rare
2530,2,34743,1485,95.90096058297449,rare
2531,2,34746,1482,95.90924147068566,rare
2532,2,34749,1479,95.91752235839682,rare
2533,2,34751,1477,95.92304295020426,rare
2534,2,34754,1474,95.93132383791543,rare
2535,2,34756,1472,95.93684442972287,rare
2536,2,34759,1469,95.94512531743403,rare
2537,2,34761,1467,95.95064590924147,rare
2538,2,34764,1464,95.95892679695264,rare
2539,2,34768,1460,95.96996798056752,rare
2540,2,34770,1458,95.97548857237496,rare
2541,2,34772,1456,95.9810091641824,rare
2542,2,34774,1454,95.98652975598984,rare
2543,2,34776,1452,95.99205034779729,rare
2544,2,34778,1450,95.99757093960473,rare
2545,2,34781,1447,96.0058518273159,rare
2546,2,34783,1445,96.01137241912333,rare
2547,2,34785,1443,96.01689301093077,rare
2548,2,34790,1438,96.03069449044938,rare
2549,2,34794,1434,96.04173567406426,rare
2550,2,34796,1432,96.0472562658717,rare
2551,2,34798,1430,96.05277685767915,rare
2552,2,34800,1428,96.05829744948659,rare
2553,2,34802,1426,96.06381804129403,rare
2554,2,34804,1424,96.06933863310147,rare
2555,2,34806,1422,96.0748592249089,rare
2556,2,34808,1420,96.08037981671634,rare
2557,2,34810,1418,96.0859004085238,rare
2558,2,34812,1416,96.09142100033124,rare
2559,2,34814,1414,96.09694159213868,rare
2560,2,34816,1412,96.10246218394612,rare
2561,2,34818,1410,96.10798277575356,rare
2562,2,34820,1408,96.11350336756101,rare
2563,2,34822,1406,96.11902395936845,rare
2564,2,34824,1404,96.12454455117589,rare
2565,2,34826,1402,96.13006514298333,rare
2566,2,34829,1399,96.13834603069449,rare
2567,2,34831,1397,96.14386662250193,rare
2568,2,34833,1395,96.14938721430937,rare
2569,2,34835,1393,96.15490780611681,rare
2570,2,34838,1390,96.16318869382798,rare
2571,2,34841,1387,96.17146958153914,rare
2572,2,34843,1385,96.17699017334658,rare
2573,2,34845,1383,96.18251076515402,rare
2574,2,34847,1381,96.18803135696146,rare
2575,2,34849,1379,96.19355194876891,rare
2576,2,34851,1377,96.19907254057635,rare
2577,2,34853,1375,96.20459313238379,rare
2578,2,34855,1373,96.21011372419123,rare
2579,2,34857,1371,96.21563431599867,rare
2580,2,34859,1369,96.22115490780612,rare
2581,2,34862,1366,96.22943579551728,rare
2582,2,34864,1364,96.23495638732471,rare
2583,2,34866,1362,96.24047697913217,rare
2584,2,34868,1360,96.24599757093961,rare
2585,2,34870,1358,96.25151816274705,rare
2586,2,34873,1355,96.25979905045821,rare
2587,2,34875,1353,96.26531964226565,rare
2588,2,34877,1351,96.27084023407309,rare
2589,2,34879,1349,96.27636082588053,rare
2590,2,34882,1346,96.2846417135917,rare
2591,2,34884,1344,96.29016230539914,rare
2592,2,34886,1342,96.29568289720658,rare
2593,2,34888,1340,96.30120348901403,rare
2594,2,34890,1338,96.30672408082147,rare
2595,2,34893,1335,96.31500496853263,rare
2596,2,34895,1333,96.32052556034007,rare
2597,2,34899,1329,96.33156674395495,rare
2598,2,34901,1327,96.33708733576239,rare
2599,2,34903,1325,96.34260792756983,rare
2600,2,34905,1323,96.34812851937728,rare
2601,2,34907,1321,96.35364911118472,rare
2602,2,34909,1319,96.35916970299216,rare
2603,2,34912,1316,96.36745059070333,rare
2604,2,34914,1314,96.37297118251077,rare
2605,2,34916,1312,96.3784917743182,rare
2606,2,34919,1309,96.38677266202937,rare
2607,2,34921,1307,96.39229325383681,rare
2608,2,34924,1304,96.40057414154798,rare
2609,2,34926,1302,96.40609473335542,rare
2610,2,34928,1300,96.41161532516286,rare
2611,2,34931,1297,96.41989621287402,rare
2612,2,34933,1295,96.42541680468146,rare
2613,2,34936,1292,96.43369769239263,rare
2614,2,34938,1290,96.43921828420007,rare
2615,2,34940,1288,96.4447388760075,rare
2616,2,34942,1286,96.45025946781494,rare
2617,2,34944,1284,96.4557800596224,rare
2618,2,34946,1282,96.46130065142984,rare
2619,2,34948,1280,96.46682124323728,rare
2620,2,34950,1278,96.47234183504472,rare
2621,2,34953,1275,96.48062272275588,rare
2622,2,34955,1273,96.48614331456332,rare
2623,2,34957,1271,96.49166390637076,rare
2624,2,34959,1269,96.4971844981782,rare
2625,2,34961,1267,96.50270508998565,rare
2626,2,34963,1265,96.50822568179309,rare
2627,2,34965,1263,96.51374627360053,rare
2628,2,34968,1260,96.5220271613117,rare
2629,2,34970,1258,96.52754775311914,rare
2630,2,34972,1256,96.53306834492658,rare
2631,2,34974,1254,96.53858893673402,rare
2632,2,34977,1251,96.54686982444518,rare
2633,2,34979,1249,96.55239041625262,rare
2634,2,34981,1247,96.55791100806006,rare
2635,2,34983,1245,96.5634315998675,rare
2636,2,34986,1242,96.57171248757867,rare
2637,2,34988,1240,96.5772330793861,rare
2638,2,34990,1238,96.58275367119356,rare
2639,2,34992,1236,96.588274263001,rare
2640,2,34994,1234,96.59379485480844,rare
2641,2,34996,1232,96.59931544661588,rare
2642,2,34998,1230,96.60483603842331,rare
2643,2,35000,1228,96.61035663023075,rare
2644,2,35003,1225,96.61863751794192,rare
2645,2,35005,1223,96.62415810974936,rare
2646,2,35007,1221,96.62967870155681,rare
2647,2,35009,1219,96.63519929336425,rare
2648,2,35011,1217,96.64071988517169,rare
2649,2,35013,1215,96.64624047697913,rare
2650,2,35015,1213,96.65176106878657,rare
2651,2,35020,1208,96.66556254830518,rare
2652,2,35022,1206,96.67108314011261,rare
2653,2,35024,1204,96.67660373192007,rare
2654,2,35028,1200,96.68764491553495,rare
2655,2,35030,1198,96.69316550734239,rare
2656,2,35032,1196,96.69868609914982,rare
2657,2,35034,1194,96.70420669095726,rare
2658,2,35037,1191,96.71248757866843,rare
2659,2,35039,1189,96.71800817047587,rare
2660,2,35041,1187,96.72352876228332,rare
2661,2,35043,1185,96.72904935409076,rare
2662,2,35047,1181,96.74009053770564,rare
2663,1,35048,1180,96.74285083360937,rare
2664,1,35049,1179,96.74561112951308,rare
2665,1,35050,1178,96.7483714254168,rare
2666,1,35051,1177,96.75113172132052,rare
2667,1,35052,1176,96.75389201722425,rare
2668,1,35053,1175,96.75665231312797,rare
2669,1,35054,1174,96.75941260903168,rare
2670,1,35055,1173,96.76217290493541,rare
2671,1,35056,1172,96.76493320083912,rare
2672,1,35057,1171,96.76769349674285,rare
2673,1,35058,1170,96.77045379264658,rare
2674,1,35060,1168,96.77597438445402,rare
2675,1,35061,1167,96.77873468035773,rare
2676,1,35062,1166,96.78149497626146,rare
2677,1,35063,1165,96.78425527216518,rare
2678,1,35064,1164,96.7870155680689,rare
2679,1,35065,1163,96.78977586397262,rare
2680,1,35066,1162,96.79253615987633,rare
2681,1,35067,1161,96.79529645578006,rare
2682,1,35068,1160,96.79805675168377,rare
2683,1,35069,1159,96.8008170475875,rare
2684,1,35070,1158,96.80357734349123,rare
2685,1,35071,1157,96.80633763939494,rare
2686,1,35072,1156,96.80909793529867,rare
2687,1,35074,1154,96.8146185271061,rare
2688,1,35075,1153,96.81737882300983,rare
2689,1,35076,1152,96.82013911891354,rare
2690,1,35077,1151,96.82289941481727,rare
2691,1,35079,1149,96.82842000662471,rare
2692,1,35080,1148,96.83118030252844,rare
2693,1,35081,1147,96.83394059843215,rare
2694,1,35082,1146,96.83670089433588,rare
2695,1,35083,1145,96.83946119023959,rare
2696,1,35084,1144,96.84222148614332,rare
2697,1,35085,1143,96.84498178204703,rare
2698,1,35086,1142,96.84774207795076,rare
2699,1,35087,1141,96.85050237385448,rare
2700,1,35088,1140,96.8532626697582,rare
2701,1,35089,1139,96.85602296566192,rare
2702,1,35090,1138,96.85878326156563,rare
2703,1,35091,1137,96.86154355746936,rare
2704,1,35093,1135,96.8670641492768,rare
2705,1,35094,1134,96.86982444518053,rare
2706,1,35095,1133,96.87258474108424,rare
2707,1,35096,1132,96.87534503698797,rare
2708,1,35097,1131,96.87810533289169,rare
2709,1,35098,1130,96.8808656287954,rare
2710,1,35099,1129,96.88362592469913,rare
2711,1,35100,1128,96.88638622060284,rare
2712,1,35101,1127,96.88914651650657,rare
2713,1,35102,1126,96.89190681241028,rare
2714,1,35103,1125,96.89466710831401,rare
2715,1,35104,1124,96.89742740421774,rare
2716,1,35105,1123,96.90018770012145,rare
2717,1,35106,1122,96.90294799602518,rare
2718,1,35107,1121,96.90570829192889,rare
2719,1,35108,1120,96.90846858783262,rare
2720,1,35110,1118,96.91398917964005,rare
2721,1,35111,1117,96.91674947554378,rare
2722,1,35113,1115,96.92227006735122,rare
2723,1,35114,1114,96.92503036325495,rare
2724,1,35115,1113,96.92779065915866,rare
2725,1,35116,1112,96.93055095506239,rare
2726,1,35117,1111,96.9333112509661,rare
2727,1,35118,1110,96.93607154686983,rare
2728,1,35119,1109,96.93883184277354,rare
2729,1,35120,1108,96.94159213867727,rare
2730,1,35121,1107,96.94435243458099,rare
2731,1,35122,1106,96.9471127304847,rare
2732,1,35123,1105,96.94987302638843,rare
2733,1,35124,1104,96.95263332229214,rare
2734,1,35125,1103,96.95539361819587,rare
2735,1,35126,1102,96.9581539140996,rare
2736,1,35127,1101,96.96091421000331,rare
2737,1,35128,1100,96.96367450590704,rare
2738,1,35129,1099,96.96643480181075,rare
2739,1,35130,1098,96.96919509771448,rare
2740,1,35131,1097,96.9719553936182,rare
2741,1,35132,1096,96.97471568952191,rare
2742,1,35133,1095,96.97747598542564,rare
2743,1,35134,1094,96.98023628132935,rare
2744,1,35135,1093,96.98299657723308,rare
2745,1,35136,1092,96.9857568731368,rare
2746,1,35137,1091,96.98851716904052,rare
2747,1,35138,1090,96.99127746494425,rare
2748,1,35139,1089,96.99403776084796,rare
2749,1,35141,1087,96.9995583526554,rare
2750,1,35142,1086,97.00231864855913,rare
2751,1,35143,1085,97.00507894446285,rare
2752,1,35144,1084,97.00783924036656,rare
2753,1,35145,1083,97.01059953627029,rare
2754,1,35146,1082,97.013359832174,rare
2755,1,35147,1081,97.01612012807773,rare
2756,1,35148,1080,97.01888042398146,rare
2757,1,35149,1079,97.02164071988517,rare
2758,1,35150,1078,97.0244010157889,rare
2759,1,35151,1077,97.02716131169261,rare
2760,1,35152,1076,97.02992160759634,rare
2761,1,35153,1075,97.03268190350005,rare
2762,1,35154,1074,97.03544219940378,rare
2763,1,35155,1073,97.0382024953075,rare
2764,1,35156,1072,97.04096279121121,rare
2765,1,35158,1070,97.04648338301865,rare
2766,1,35159,1069,97.04924367892238,rare
2767,1,35160,1068,97.0520039748261,rare
2768,1,35161,1067,97.05476427072982,rare
2769,1,35162,1066,97.05752456663355,rare
2770,1,35163,1065,97.06028486253726,rare
2771,1,35164,1064,97.06304515844099,rare
2772,1,35165,1063,97.06580545434471,rare
2773,1,35166,1062,97.06856575024842,rare
2774,1,35167,1061,97.07132604615215,rare
2775,1,35168,1060,97.07408634205586,rare
2776,1,35169,1059,97.07684663795959,rare
2777,1,35170,1058,97.0796069338633,rare
2778,1,35171,1057,97.08236722976703,rare
2779,1,35172,1056,97.08512752567076,rare
2780,1,35173,1055,97.08788782157447,rare
2781,1,35174,1054,97.0906481174782,rare
2782,1,35175,1053,97.09340841338191,rare
2783,1,35176,1052,97.09616870928564,rare
2784,1,35177,1051,97.09892900518936,rare
2785,1,35178,1050,97.10168930109307,rare
2786,1,35179,1049,97.1044495969968,rare
2787,1,35180,1048,97.10720989290051,rare
2788,1,35181,1047,97.10997018880424,rare
2789,1,35182,1046,97.11273048470797,rare
2790,1,35183,1045,97.11549078061168,rare
2791,1,35184,1044,97.1182510765154,rare
2792,1,35185,1043,97.12101137241912,rare
2793,1,35186,1042,97.12377166832285,rare
2794,1,35187,1041,97.12653196422656,rare
2795,1,35188,1040,97.12929226013028,rare
2796,1,35189,1039,97.13205255603401,rare
2797,1,35190,1038,97.13481285193772,rare
2798,1,35191,1037,97.13757314784145,rare
2799,1,35192,1036,97.14033344374516,rare
2800,1,35193,1035,97.14309373964889,rare
2801,1,35194,1034,97.14585403555262,rare
2802,1,35199,1029,97.15965551507122,rare
2803,1,35200,1028,97.16241581097493,rare
2804,1,35201,1027,97.16517610687866,rare
2805,1,35202,1026,97.16793640278237,rare
2806,1,35203,1025,97.1706966986861,rare
2807,1,35204,1024,97.17345699458981,rare
2808,1,35205,1023,97.17621729049354,rare
2809,1,35206,1022,97.17897758639727,rare
2810,1,35207,1021,97.18173788230098,rare
2811,1,35208,1020,97.1844981782047,rare
2812,1,35209,1019,97.18725847410842,rare
2813,1,35210,1018,97.19001877001214,rare
2814,1,35211,1017,97.19277906591587,rare
2815,1,35212,1016,97.19553936181958,rare
2816,1,35213,1015,97.19829965772331,rare
2817,1,35214,1014,97.20105995362702,rare
2818,1,35215,1013,97.20382024953075,rare
2819,1,35216,1012,97.20658054543448,rare
2820,1,35217,1011,97.20934084133819,rare
2821,1,35218,1010,97.21210113724192,rare
2822,1,35219,1009,97.21486143314563,rare
2823,1,35220,1008,97.21762172904936,rare
2824,1,35221,1007,97.22038202495307,rare
2825,1,35223,1005,97.22590261676052,rare
2826,1,35224,1004,97.22866291266423,rare
2827,1,35225,1003,97.23142320856796,rare
2828,1,35226,1002,97.23418350447167,rare
2829,1,35227,1001,97.2369438003754,rare
2830,1,35228,1000,97.23970409627913,rare
2831,1,35229,999,97.24246439218284,rare
2832,1,35230,998,97.24522468808657,rare
2833,1,35231,997,97.24798498399028,rare
2834,1,35232,996,97.250745279894,rare
2835,1,35233,995,97.25350557579773,rare
2836,1,35234,994,97.25626587170144,rare
2837,1,35235,993,97.25902616760517,rare
2838,1,35236,992,97.26178646350888,rare
2839,1,35237,991,97.26454675941261,rare
2840,1,35238,990,97.26730705531632,rare
2841,1,35239,989,97.27006735122005,rare
2842,1,35240,988,97.27282764712378,rare
2843,1,35241,987,97.27558794302749,rare
2844,1,35242,986,97.27834823893122,rare
2845,1,35243,985,97.28110853483493,rare
2846,1,35244,984,97.28386883073865,rare
2847,1,35245,983,97.28662912664238,rare
2848,1,35246,982,97.2893894225461,rare
2849,1,35247,981,97.29214971844982,rare
2850,1,35248,980,97.29491001435353,rare
2851,1,35249,979,97.29767031025726,rare
2852,1,35250,978,97.30043060616099,rare
2853,1,35251,977,97.3031909020647,rare
2854,1,35252,976,97.30595119796843,rare
2855,1,35253,975,97.30871149387214,rare
2856,1,35254,974,97.31147178977587,rare
2857,1,35255,973,97.31423208567959,rare
2858,1,35256,972,97.3169923815833,rare
2859,1,35257,971,97.31975267748703,rare
2860,1,35259,969,97.32527326929447,rare
2861,1,35260,968,97.32803356519818,rare
2862,1,35261,967,97.33079386110191,rare
2863,1,35262,966,97.33355415700564,rare
2864,1,35263,965,97.33631445290935,rare
2865,1,35264,964,97.33907474881308,rare
2866,1,35265,963,97.34183504471679,rare
2867,1,35266,962,97.34459534062051,rare
2868,1,35267,961,97.34735563652424,rare
2869,1,35269,959,97.35287622833168,rare
2870,1,35270,958,97.3556365242354,rare
2871,1,35271,957,97.35839682013912,rare
2872,1,35272,956,97.36115711604285,rare
2873,1,35274,954,97.36667770785029,rare
2874,1,35275,953,97.369438003754,rare
2875,1,35276,952,97.37219829965773,rare
2876,1,35277,951,97.37495859556144,rare
2877,1,35278,950,97.37771889146516,rare
2878,1,35280,948,97.3832394832726,rare
2879,1,35281,947,97.38599977917633,rare
2880,1,35282,946,97.38876007508004,rare
2881,1,35284,944,97.3942806668875,rare
2882,1,35285,943,97.39704096279121,rare
2883,1,35286,942,97.39980125869494,rare
2884,1,35287,941,97.40256155459865,rare
2885,1,35288,940,97.40532185050238,rare
2886,1,35291,937,97.41360273821354,rare
2887,1,35292,936,97.41636303411725,rare
2888,1,35293,935,97.41912333002098,rare
2889,1,35294,934,97.42188362592469,rare
2890,1,35295,933,97.42464392182842,rare
2891,1,35296,932,97.42740421773215,rare
2892,1,35297,931,97.43016451363586,rare
2893,1,35298,930,97.43292480953959,rare
2894,1,35299,929,97.4356851054433,rare
2895,1,35300,928,97.43844540134702,rare
2896,1,35302,926,97.44396599315446,rare
2897,1,35303,925,97.44672628905819,rare
2898,1,35304,924,97.4494865849619,rare
2899,1,35305,923,97.45224688086563,rare
2900,1,35306,922,97.45500717676936,rare
2901,1,35307,921,97.45776747267307,rare
2902,1,35308,920,97.4605277685768,rare
2903,1,35309,919,97.46328806448051,rare
2904,1,35310,918,97.46604836038424,rare
2905,1,35312,916,97.47156895219167,rare
2906,1,35313,915,97.4743292480954,rare
2907,1,35314,914,97.47708954399911,rare
2908,1,35315,913,97.47984983990284,rare
2909,1,35316,912,97.48261013580655,rare
2910,1,35317,911,97.48537043171028,rare
2911,1,35318,910,97.488130727614,rare
2912,1,35319,909,97.49089102351772,rare
2913,1,35320,908,97.49365131942145,rare
2914,1,35322,906,97.49917191122888,rare
2915,1,35323,905,97.50193220713261,rare
2916,1,35325,903,97.50745279894005,rare
2917,1,35326,902,97.51021309484376,rare
2918,1,35327,901,97.51297339074749,rare
2919,1,35328,900,97.5157336866512,rare
2920,1,35329,899,97.51849398255493,rare
2921,1,35330,898,97.52125427845866,rare
2922,1,35331,897,97.52401457436237,rare
2923,1,35332,896,97.5267748702661,rare
2924,1,35333,895,97.52953516616981,rare
2925,1,35335,893,97.53505575797726,rare
2926,1,35336,892,97.53781605388097,rare
2927,1,35337,891,97.5405763497847,rare
2928,1,35338,890,97.54333664568841,rare
2929,1,35339,889,97.54609694159214,rare
2930,1,35340,888,97.54885723749587,rare
2931,1,35341,887,97.55161753339958,rare
2932,1,35343,885,97.55713812520702,rare
2933,1,35344,884,97.55989842111074,rare
2934,1,35345,883,97.56265871701446,rare
2935,1,35346,882,97.56541901291818,rare
2936,1,35347,881,97.56817930882191,rare
2937,1,35349,879,97.57369990062935,rare
2938,1,35351,877,97.57922049243679,rare
2939,1,35352,876,97.58198078834052,rare
2940,1,35353,875,97.58474108424423,rare
2941,1,35354,874,97.58750138014796,rare
2942,1,35355,873,97.59026167605167,rare
2943,1,35356,872,97.5930219719554,rare
2944,1,35357,871,97.59578226785912,rare
2945,1,35358,870,97.59854256376283,rare
2946,1,35359,869,97.60130285966656,rare
2947,1,35360,868,97.60406315557027,rare
2948,1,35361,867,97.606823451474,rare
2949,1,35362,866,97.60958374737771,rare
2950,1,35363,865,97.61234404328144,rare
2951,1,35364,864,97.61510433918517,rare
2952,1,35365,863,97.61786463508888,rare
2953,1,35367,861,97.62338522689632,rare
2954,1,35368,860,97.62614552280004,rare
2955,1,35369,859,97.62890581870377,rare
2956,1,35370,858,97.63166611460748,rare
2957,1,35371,857,97.63442641051121,rare
2958,1,35372,856,97.63718670641492,rare
2959,1,35373,855,97.63994700231865,rare
2960,1,35374,854,97.64270729822238,rare
2961,1,35375,853,97.64546759412609,rare
2962,1,35376,852,97.64822789002982,rare
2963,1,35377,851,97.65098818593353,rare
2964,1,35378,850,97.65374848183725,rare
2965,1,35380,848,97.6592690736447,rare
2966,1,35381,847,97.66202936954842,rare
2967,1,35382,846,97.66478966545213,rare
2968,1,35383,845,97.66754996135586,rare
2969,1,35384,844,97.67031025725957,rare
2970,1,35385,843,97.6730705531633,rare
2971,1,35386,842,97.67583084906703,rare
2972,1,35387,841,97.67859114497074,rare
2973,1,35388,840,97.68135144087447,rare
2974,1,35389,839,97.68411173677818,rare
2975,1,35390,838,97.6868720326819,rare
2976,1,35391,837,97.68963232858563,rare
2977,1,35392,836,97.69239262448934,rare
2978,1,35393,835,97.69515292039307,rare
2979,1,35394,834,97.69791321629678,rare
2980,1,35395,833,97.70067351220051,rare
2981,1,35396,832,97.70343380810422,rare
2982,1,35397,831,97.70619410400795,rare
2983,1,35398,830,97.70895439991168,rare
2984,1,35399,829,97.71171469581539,rare
2985,1,35400,828,97.71447499171911,rare
2986,1,35402,826,97.71999558352655,rare
2987,1,35404,824,97.725516175334,rare
2988,1,35405,823,97.72827647123772,rare
2989,1,35407,821,97.73379706304516,rare
2990,1,35408,820,97.73655735894889,rare
2991,1,35409,819,97.7393176548526,rare
2992,1,35410,818,97.74207795075633,rare
2993,1,35412,816,97.74759854256376,rare
2994,1,35413,815,97.75035883846748,rare
2995,1,35414,814,97.7531191343712,rare
2996,1,35415,813,97.75587943027493,rare
2997,1,35416,812,97.75863972617864,rare
2998,1,35419,809,97.76692061388981,rare
2999,1,35420,808,97.76968090979354,rare
3000,1,35421,807,97.77244120569725,rare
3001,1,35422,806,97.77520150160098,rare
3002,1,35423,805,97.77796179750469,rare
3003,1,35425,803,97.78348238931214,rare
3004,1,35426,802,97.78624268521585,rare
3005,1,35427,801,97.78900298111958,rare
3006,1,35428,800,97.79176327702329,rare
3007,1,35430,798,97.79728386883073,rare
3008,1,35431,797,97.80004416473446,rare
3009,1,35432,796,97.80280446063819,rare
3010,1,35433,795,97.8055647565419,rare
3011,1,35434,794,97.80832505244562,rare
3012,1,35435,793,97.81108534834934,rare
3013,1,35436,792,97.81384564425306,rare
3014,1,35437,791,97.81660594015679,rare
3015,1,35439,789,97.82212653196423,rare
3016,1,35440,788,97.82488682786794,rare
3017,1,35441,787,97.82764712377167,rare
3018,1,35442,786,97.8304074196754,rare
3019,1,35443,785,97.83316771557911,rare
3020,1,35444,784,97.83592801148284,rare
3021,1,35445,783,97.83868830738655,rare
3022,1,35447,781,97.84420889919399,rare
3023,1,35449,779,97.84972949100144,rare
3024,1,35451,777,97.85525008280888,rare
3025,1,35452,776,97.85801037871259,rare
3026,1,35454,774,97.86353097052005,rare
3027,1,35457,771,97.8718118582312,rare
3028,1,35458,770,97.87457215413492,rare
3029,1,35459,769,97.87733245003865,rare
3030,1,35460,768,97.88009274594236,rare
3031,1,35461,767,97.88285304184609,rare
3032,1,35463,765,97.88837363365353,rare
3033,1,35465,763,97.89389422546097,rare
3034,1,35467,761,97.89941481726841,rare
3035,1,35468,760,97.90217511317213,rare
3036,1,35469,759,97.90493540907585,rare
3037,1,35471,757,97.9104560008833,rare
3038,1,35472,756,97.91321629678701,rare
3039,1,35475,753,97.92149718449818,rare
3040,1,35477,751,97.92701777630562,rare
3041,1,35479,749,97.93253836811306,rare
3042,1,35480,748,97.93529866401678,rare
3043,1,35481,747,97.9380589599205,rare
3044,1,35482,746,97.94081925582422,rare
3045,1,35483,745,97.94357955172795,rare
3046,1,35485,743,97.94910014353539,rare
3047,1,35488,740,97.95738103124656,rare
3048,1,35489,739,97.96014132715027,rare
3049,1,35491,737,97.96566191895771,rare
3050,1,35492,736,97.96842221486143,rare
3051,1,35495,733,97.9767031025726,rare
3052,1,35497,731,97.98222369438004,rare
3053,1,35498,730,97.98498399028375,rare
3054,1,35499,729,97.98774428618748,rare
3055,1,35501,727,97.99326487799492,rare
3056,1,35502,726,97.99602517389864,rare
3057,1,35504,724,98.00154576570608,rare
3058,1,35505,723,98.00430606160981,rare
3059,1,35506,722,98.00706635751352,rare
3060,1,35507,721,98.00982665341725,rare
3061,1,35509,719,98.01534724522469,rare
3062,1,35510,718,98.01810754112842,rare
3063,1,35511,717,98.02086783703213,rare
3064,1,35512,716,98.02362813293585,rare
3065,1,35513,715,98.02638842883957,rare
3066,1,35514,714,98.0291487247433,rare
3067,1,35515,713,98.031909020647,rare
3068,1,35516,712,98.03466931655073,rare
3069,1,35517,711,98.03742961245446,rare
3070,1,35518,710,98.04018990835817,rare
3071,1,35519,709,98.0429502042619,rare
3072,1,35520,708,98.04571050016561,rare
3073,1,35521,707,98.04847079606934,rare
3074,1,35523,705,98.05399138787678,rare
3075,1,35524,704,98.0567516837805,rare
3076,1,35525,703,98.05951197968422,rare
3077,1,35526,702,98.06227227558794,rare
3078,1,35528,700,98.06779286739538,rare
3079,1,35529,699,98.07055316329911,rare
3080,1,35530,698,98.07331345920282,rare
3081,1,35531,697,98.07607375510655,rare
3082,1,35533,695,98.08159434691399,rare
3083,1,35534,694,98.08435464281771,rare
3084,1,35536,692,98.08987523462515,rare
3085,1,35537,691,98.09263553052887,rare
3086,1,35538,690,98.0953958264326,rare
3087,1,35539,689,98.09815612233632,rare
3088,1,35541,687,98.10367671414376,rare
3089,1,35542,686,98.10643701004747,rare
3090,1,35544,684,98.11195760185493,rare
3091,1,35545,683,98.11471789775864,rare
3092,1,35547,681,98.12023848956608,rare
3093,1,35549,679,98.12575908137352,rare
3094,1,35551,677,98.13127967318097,rare
3095,1,35553,675,98.13680026498841,rare
3096,1,35555,673,98.14232085679585,rare
3097,1,35557,671,98.14784144860329,rare
3098,1,35558,670,98.15060174450701,rare
3099,1,35559,669,98.15336204041073,rare
3100,1,35562,666,98.16164292812189,rare
3101,1,35564,664,98.16716351992933,rare
3102,1,35565,663,98.16992381583306,rare
3103,1,35566,662,98.17268411173677,rare
3104,1,35568,660,98.17820470354422,rare
3105,1,35569,659,98.18096499944794,rare
3106,1,35570,658,98.18372529535166,rare
3107,1,35571,657,98.18648559125538,rare
3108,1,35572,656,98.1892458871591,rare
3109,1,35573,655,98.19200618306283,rare
3110,1,35575,653,98.19752677487027,rare
3111,1,35576,652,98.20028707077398,rare
3112,1,35577,651,98.20304736667771,rare
3113,1,35578,650,98.20580766258144,rare
3114,1,35579,649,98.20856795848515,rare
3115,1,35580,648,98.21132825438887,rare
3116,1,35581,647,98.21408855029259,rare
3117,1,35582,646,98.21684884619631,rare
3118,1,35584,644,98.22236943800375,rare
3119,1,35585,643,98.22512973390748,rare
3120,1,35587,641,98.23065032571492,rare
3121,1,35588,640,98.23341062161863,rare
3122,1,35589,639,98.23617091752236,rare
3123,1,35590,638,98.23893121342608,rare
3124,1,35591,637,98.2416915093298,rare
3125,1,35592,636,98.24445180523352,rare
3126,1,35594,634,98.24997239704096,rare
3127,1,35596,632,98.2554929888484,rare
3128,1,35598,630,98.26101358065584,rare
3129,1,35600,628,98.26653417246328,rare
3130,1,35601,627,98.26929446836701,rare
3131,1,35602,626,98.27205476427073,rare
3132,1,35603,625,98.27481506017445,rare
3133,1,35604,624,98.27757535607817,rare
3134,1,35605,623,98.28033565198189,rare
3135,1,35606,622,98.28309594788561,rare
3136,1,35607,621,98.28585624378934,rare
3137,1,35608,620,98.28861653969305,rare
3138,1,35609,619,98.29137683559678,rare
3139,1,35610,618,98.29413713150049,rare
3140,1,35611,617,98.29689742740422,rare
3141,1,35613,615,98.30241801921166,rare
3142,1,35614,614,98.30517831511538,rare
3143,1,35615,613,98.3079386110191,rare
3144,1,35616,612,98.31069890692282,rare
3145,1,35617,611,98.31345920282654,rare
3146,1,35618,610,98.31621949873026,rare
3147,1,35619,609,98.31897979463399,rare
3148,1,35622,606,98.32726068234514,rare
3149,1,35623,605,98.33002097824887,rare
3150,1,35624,604,98.3327812741526,rare
3151,1,35625,603,98.33554157005631,rare
3152,1,35626,602,98.33830186596003,rare
3153,1,35627,601,98.34106216186375,rare
3154,1,35628,600,98.34382245776747,rare
3155,1,35629,599,98.3465827536712,rare
3156,1,35630,598,98.34934304957491,rare
3157,1,35631,597,98.35210334547864,rare
3158,1,35632,596,98.35486364138235,rare
3159,1,35634,594,98.36038423318979,rare
3160,1,35635,593,98.36314452909352,rare
3161,1,35637,591,98.36866512090096,rare
3162,1,35638,590,98.37142541680468,rare
3163,1,35639,589,98.3741857127084,rare
3164,1,35643,585,98.38522689632329,rare
3165,1,35644,584,98.387987192227,rare
3166,1,35646,582,98.39350778403445,rare
3167,1,35648,580,98.3990283758419,rare
3168,1,35649,579,98.4017886717456,rare
3169,1,35651,577,98.40730926355306,rare
3170,1,35652,576,98.41006955945677,rare
3171,1,35653,575,98.4128298553605,rare
3172,1,35655,573,98.41835044716794,rare
3173,1,35656,572,98.42111074307165,rare
3174,1,35657,571,98.42387103897538,rare
3175,1,35658,570,98.4266313348791,rare
3176,1,35659,569,98.42939163078282,rare
3177,1,35661,567,98.43491222259026,rare
3178,1,35662,566,98.43767251849398,rare
3179,1,35663,565,98.44043281439771,rare
3180,1,35664,564,98.44319311030142,rare
3181,1,35665,563,98.44595340620515,rare
3182,1,35666,562,98.44871370210886,rare
3183,1,35667,561,98.45147399801259,rare
3184,1,35668,560,98.45423429391631,rare
3185,1,35671,557,98.46251518162747,rare
3186,1,35672,556,98.4652754775312,rare
3187,1,35674,554,98.47079606933863,rare
3188,1,35675,553,98.47355636524236,rare
3189,1,35676,552,98.47631666114607,rare
3190,1,35677,551,98.4790769570498,rare
3191,1,35679,549,98.48459754885724,rare
3192,1,35680,548,98.48735784476096,rare
3193,1,35681,547,98.49011814066468,rare
3194,1,35682,546,98.4928784365684,rare
3195,1,35683,545,98.49563873247212,rare
3196,1,35684,544,98.49839902837584,rare
3197,1,35685,543,98.50115932427957,rare
3198,1,35686,542,98.50391962018328,rare
3199,1,35687,541,98.50667991608701,rare
3200,1,35688,540,98.50944021199072,rare
3201,1,35689,539,98.51220050789445,rare
3202,1,35690,538,98.51496080379816,rare
3203,1,35691,537,98.51772109970189,rare
3204,1,35692,536,98.52048139560561,rare
3205,1,35693,535,98.52324169150933,rare
3206,1,35695,533,98.52876228331677,rare
3207,1,35696,532,98.53152257922049,rare
3208,1,35697,531,98.53428287512422,rare
3209,1,35699,529,98.53980346693166,rare
3210,1,35700,528,98.54256376283537,rare
3211,1,35701,527,98.5453240587391,rare
3212,1,35702,526,98.54808435464282,rare
3213,1,35703,525,98.55084465054654,rare
3214,1,35704,524,98.55360494645026,rare
3215,1,35705,523,98.55636524235398,rare
3216,1,35706,522,98.5591255382577,rare
3217,1,35707,521,98.56188583416142,rare
3218,1,35708,520,98.56464613006514,rare
3219,1,35709,519,98.56740642596887,rare
3220,1,35710,518,98.57016672187258,rare
3221,1,35711,517,98.57292701777631,rare
3222,1,35712,516,98.57568731368002,rare
3223,1,35713,515,98.57844760958375,rare
3224,1,35714,514,98.58120790548747,rare
3225,1,35715,513,98.58396820139119,rare
3226,1,35716,512,98.58672849729491,rare
3227,1,35717,511,98.58948879319863,rare
3228,1,35718,510,98.59224908910235,rare
3229,1,35719,509,98.59500938500608,rare
3230,1,35720,508,98.59776968090979,rare
3231,1,35721,507,98.60052997681352,rare
3232,1,35722,506,98.60329027271723,rare
3233,1,35723,505,98.60605056862096,rare
3234,1,35725,503,98.6115711604284,rare
3235,1,35727,501,98.61709175223584,rare
3236,1,35728,500,98.61985204813956,rare
3237,1,35729,499,98.62261234404328,rare
3238,1,35731,497,98.62813293585073,rare
3239,1,35732,496,98.63089323175444,rare
3240,1,35733,495,98.63365352765817,rare
3241,1,35734,494,98.63641382356188,rare
3242,1,35735,493,98.63917411946561,rare
3243,1,35737,491,98.64469471127305,rare
3244,1,35738,490,98.64745500717677,rare
3245,1,35739,489,98.65021530308049,rare
3246,1,35741,487,98.65573589488793,rare
3247,1,35742,486,98.65849619079165,rare
3248,1,35743,485,98.66125648669538,rare
3249,1,35744,484,98.66401678259909,rare
3250,1,35745,483,98.66677707850282,rare
3251,1,35747,481,98.67229767031026,rare
3252,1,35748,480,98.67505796621398,rare
3253,1,35749,479,98.6778182621177,rare
3254,1,35750,478,98.68057855802142,rare
3255,1,35751,477,98.68333885392514,rare
3256,1,35752,476,98.68609914982886,rare
3257,1,35753,475,98.68885944573259,rare
3258,1,35754,474,98.6916197416363,rare
3259,1,35756,472,98.69714033344374,rare
3260,1,35757,471,98.69990062934747,rare
3261,1,35758,470,98.70266092525118,rare
3262,1,35759,469,98.70542122115491,rare
3263,1,35760,468,98.70818151705863,rare
3264,1,35761,467,98.71094181296235,rare
3265,1,35762,466,98.71370210886607,rare
3266,1,35763,465,98.71646240476979,rare
3267,1,35764,464,98.71922270067351,rare
3268,1,35765,463,98.72198299657724,rare
3269,1,35766,462,98.72474329248095,rare
3270,1,35767,461,98.72750358838468,rare
3271,1,35768,460,98.73026388428839,rare
3272,1,35769,459,98.73302418019212,rare
3273,1,35770,458,98.73578447609584,rare
3274,1,35773,455,98.744065363807,rare
3275,1,35774,454,98.74682565971072,rare
3276,1,35775,453,98.74958595561444,rare
3277,1,35776,452,98.75234625151816,rare
3278,1,35777,451,98.75510654742189,rare
3279,1,35778,450,98.7578668433256,rare
3280,1,35779,449,98.76062713922933,rare
3281,1,35780,448,98.76338743513304,rare
3282,1,35782,446,98.7689080269405,rare
3283,1,35783,445,98.7716683228442,rare
3284,1,35785,443,98.77718891465165,rare
3285,1,35786,442,98.77994921055537,rare
3286,1,35787,441,98.7827095064591,rare
3287,1,35788,440,98.78546980236281,rare
3288,1,35789,439,98.78823009826654,rare
3289,1,35790,438,98.79099039417025,rare
3290,1,35791,437,98.79375069007398,rare
3291,1,35792,436,98.79651098597769,rare
3292,1,35794,434,98.80203157778514,rare
3293,1,35796,432,98.80755216959258,rare
3294,1,35797,431,98.8103124654963,rare
3295,1,35798,430,98.81307276140002,rare
3296,1,35799,429,98.81583305730375,rare
3297,1,35800,428,98.81859335320746,rare
3298,1,35802,426,98.8241139450149,rare
3299,1,35803,425,98.82687424091863,rare
3300,1,35804,424,98.82963453682235,rare
3301,1,35805,423,98.83239483272607,rare
3302,1,35806,422,98.8351551286298,rare
3303,1,35807,421,98.8379154245335,rare
3304,1,35808,420,98.84067572043723,rare
3305,1,35809,419,98.84343601634095,rare
3306,1,35810,418,98.84619631224467,rare
3307,1,35811,417,98.8489566081484,rare
3308,1,35812,416,98.85171690405211,rare
3309,1,35813,415,98.85447719995584,rare
3310,1,35814,414,98.85723749585955,rare
3311,1,35816,412,98.862758087667,rare
3312,1,35817,411,98.86551838357072,rare
3313,1,35818,410,98.86827867947444,rare
3314,1,35819,409,98.87103897537816,rare
3315,1,35820,408,98.87379927128188,rare
3316,1,35821,407,98.87655956718561,rare
3317,1,35822,406,98.87931986308932,rare
3318,1,35824,404,98.88484045489676,rare
3319,1,35826,402,98.8903610467042,rare
3320,1,35827,401,98.89312134260793,rare
3321,1,35828,400,98.89588163851165,rare
3322,1,35830,398,98.90140223031909,rare
3323,1,35831,397,98.9041625262228,rare
3324,1,35832,396,98.90692282212653,rare
3325,1,35833,395,98.90968311803026,rare
3326,1,35834,394,98.91244341393397,rare
3327,1,35835,393,98.9152037098377,rare
3328,1,35836,392,98.91796400574141,rare
3329,1,35837,391,98.92072430164514,rare
3330,1,35838,390,98.92348459754886,rare
3331,1,35839,389,98.92624489345258,rare
3332,1,35840,388,98.9290051893563,rare
3333,1,35841,387,98.93176548526002,rare
3334,1,35842,386,98.93452578116374,rare
3335,1,35843,385,98.93728607706745,rare
3336,1,35844,384,98.94004637297118,rare
3337,1,35845,383,98.94280666887491,rare
3338,1,35846,382,98.94556696477862,rare
3339,1,35847,381,98.94832726068235,rare
3340,1,35848,380,98.95108755658606,rare
3341,1,35849,379,98.95384785248979,rare
3342,1,35850,378,98.95660814839351,rare
3343,1,35851,377,98.95936844429723,rare
3344,1,35852,376,98.96212874020095,rare
3345,1,35854,374,98.96764933200839,rare
3346,1,35855,373,98.97040962791212,rare
3347,1,35858,370,98.97869051562327,rare
3348,1,35859,369,98.981450811527,rare
3349,1,35860,368,98.98421110743071,rare
3350,1,35861,367,98.98697140333444,rare
3351,1,35863,365,98.99249199514188,rare
3352,1,35865,363,98.99801258694932,rare
3353,1,35866,362,99.00077288285304,rare
3354,1,35867,361,99.00353317875677,rare
3355,1,35868,360,99.00629347466048,rare
3356,1,35869,359,99.00905377056421,rare
3357,1,35870,358,99.01181406646792,rare
3358,1,35873,355,99.02009495417909,rare
3359,1,35874,354,99.02285525008281,rare
3360,1,35875,353,99.02561554598653,rare
3361,1,35876,352,99.02837584189025,rare
3362,1,35877,351,99.03113613779396,rare
3363,1,35878,350,99.03389643369769,rare
3364,1,35879,349,99.03665672960142,rare
3365,1,35880,348,99.03941702550513,rare
3366,1,35881,347,99.04217732140886,rare
3367,1,35882,346,99.04493761731257,rare
3368,1,35883,345,99.0476979132163,rare
3369,1,35884,344,99.05045820912002,rare
3370,1,35885,343,99.05321850502374,rare
3371,1,35886,342,99.05597880092746,rare
3372,1,35887,341,99.05873909683118,rare
3373,1,35888,340,99.0614993927349,rare
3374,1,35889,339,99.06425968863863,rare
3375,1,35890,338,99.06701998454234,rare
3376,1,35892,336,99.07254057634978,rare
3377,1,35893,335,99.07530087225351,rare
3378,1,35894,334,99.07806116815722,rare
3379,1,35895,333,99.08082146406095,rare
3380,1,35896,332,99.08358175996467,rare
3381,1,35897,331,99.08634205586839,rare
3382,1,35898,330,99.08910235177211,rare
3383,1,35899,329,99.09186264767582,rare
3384,1,35900,328,99.09462294357955,rare
3385,1,35901,327,99.09738323948328,rare
3386,1,35902,326,99.10014353538699,rare
3387,1,35903,325,99.10290383129072,rare
3388,1,35904,324,99.10566412719443,rare
3389,1,35905,323,99.10842442309816,rare
3390,1,35906,322,99.11118471900188,rare
3391,1,35907,321,99.1139450149056,rare
3392,1,35912,316,99.1277464944242,rare
3393,1,35913,315,99.13050679032793,rare
3394,1,35914,314,99.13326708623164,rare
3395,1,35916,312,99.13878767803908,rare
3396,1,35918,310,99.14430826984653,rare
3397,1,35919,309,99.14706856575025,rare
3398,1,35920,308,99.14982886165397,rare
3399,1,35921,307,99.15258915755768,rare
3400,1,35922,306,99.15534945346141,rare
3401,1,35923,305,99.15810974936514,rare
3402,1,35924,304,99.16087004526885,rare
3403,1,35925,303,99.16363034117258,rare
3404,1,35926,302,99.16639063707629,rare
3405,1,35928,300,99.17191122888373,rare
3406,1,35929,299,99.17467152478746,rare
3407,1,35930,298,99.17743182069118,rare
3408,1,35931,297,99.1801921165949,rare
3409,1,35932,296,99.18295241249862,rare
3410,1,35933,295,99.18571270840233,rare
3411,1,35934,294,99.18847300430606,rare
3412,1,35936,292,99.1939935961135,rare
3413,1,35938,290,99.19951418792094,rare
3414,1,35939,289,99.20227448382467,rare
3415,1,35940,288,99.2050347797284,rare
3416,1,35941,287,99.2077950756321,rare
3417,1,35942,286,99.21055537153583,rare
3418,1,35943,285,99.21331566743955,rare
3419,1,35944,284,99.21607596334327,rare
3420,1,35945,283,99.21883625924698,rare
3421,1,35946,282,99.22159655515071,rare
3422,1,35947,281,99.22435685105444,rare
3423,1,35948,280,99.22711714695815,rare
3424,1,35949,279,99.22987744286188,rare
3425,1,35951,277,99.23539803466932,rare
3426,1,35952,276,99.23815833057304,rare
3427,1,35953,275,99.24091862647676,rare
3428,1,35954,274,99.24367892238048,rare
3429,1,35955,273,99.2464392182842,rare
3430,1,35956,272,99.24919951418792,rare
3431,1,35957,271,99.25195981009165,rare
3432,1,35958,270,99.25472010599536,rare
3433,1,35959,269,99.25748040189909,rare
3434,1,35960,268,99.2602406978028,rare
3435,1,35961,267,99.26300099370653,rare
3436,1,35962,266,99.26576128961024,rare
3437,1,35963,265,99.26852158551397,rare
3438,1,35964,264,99.27128188141769,rare
3439,1,35965,263,99.2740421773214,rare
3440,1,35966,262,99.27680247322513,rare
3441,1,35967,261,99.27956276912884,rare
3442,1,35969,259,99.2850833609363,rare
3443,1,35970,258,99.28784365684001,rare
3444,1,35971,257,99.29060395274374,rare
3445,1,35972,256,99.29336424864745,rare
3446,1,35973,255,99.29612454455118,rare
3447,1,35974,254,99.2988848404549,rare
3448,1,35975,253,99.30164513635862,rare
3449,1,35976,252,99.30440543226234,rare
3450,1,35977,251,99.30716572816605,rare
3451,1,35978,250,99.30992602406978,rare
3452,1,35979,249,99.3126863199735,rare
3453,1,35981,247,99.31820691178095,rare
3454,1,35982,246,99.32096720768466,rare
3455,1,35983,245,99.32372750358839,rare
3456,1,35984,244,99.3264877994921,rare
3457,1,35985,243,99.32924809539583,rare
3458,1,35986,242,99.33200839129955,rare
3459,1,35987,241,99.33476868720327,rare
3460,1,35988,240,99.33752898310699,rare
3461,1,35989,239,99.3402892790107,rare
3462,1,35990,238,99.34304957491443,rare
3463,1,35991,237,99.34580987081816,rare
3464,1,35992,236,99.34857016672187,rare
3465,1,35993,235,99.3513304626256,rare
3466,1,35994,234,99.35409075852931,rare
3467,1,35995,233,99.35685105443304,rare
3468,1,35996,232,99.35961135033675,rare
3469,1,35997,231,99.36237164624048,rare
3470,1,35998,230,99.3651319421442,rare
3471,1,35999,229,99.36789223804792,rare
3472,1,36000,228,99.37065253395164,rare
3473,1,36001,227,99.37341282985535,rare
3474,1,36002,226,99.37617312575908,rare
3475,1,36003,225,99.37893342166281,rare
3476,1,36004,224,99.38169371756652,rare
3477,1,36005,223,99.38445401347025,rare
3478,1,36006,222,99.38721430937396,rare
3479,1,36007,221,99.38997460527769,rare
3480,1,36008,220,99.39273490118141,rare
3481,1,36009,219,99.39549519708513,rare
3482,1,36010,218,99.39825549298885,rare
3483,1,36011,217,99.40101578889256,rare
3484,1,36012,216,99.40377608479629,rare
3485,1,36014,214,99.40929667660373,rare
3486,1,36015,213,99.41205697250746,rare
3487,1,36016,212,99.41481726841117,rare
3488,1,36017,211,99.4175775643149,rare
3489,1,36018,210,99.42033786021861,rare
3490,1,36019,209,99.42309815612234,rare
3491,1,36020,208,99.42585845202606,rare
3492,1,36021,207,99.42861874792978,rare
3493,1,36022,206,99.4313790438335,rare
3494,1,36023,205,99.43413933973721,rare
3495,1,36024,204,99.43689963564094,rare
3496,1,36025,203,99.43965993154467,rare
3497,1,36026,202,99.44242022744838,rare
3498,1,36027,201,99.44518052335211,rare
3499,1,36028,200,99.44794081925582,rare
3500,1,36029,199,99.45070111515955,rare
3501,1,36030,198,99.45346141106326,rare
3502,1,36031,197,99.45622170696699,rare
3503,1,36032,196,99.45898200287071,rare
3504,1,36033,195,99.46174229877442,rare
3505,1,36034,194,99.46450259467815,rare
3506,1,36035,193,99.46726289058186,rare
3507,1,36036,192,99.47002318648559,rare
3508,1,36037,191,99.47278348238932,rare
3509,1,36038,190,99.47554377829303,rare
3510,1,36039,189,99.47830407419676,rare
3511,1,36040,188,99.48106437010047,rare
3512,1,36041,187,99.4838246660042,rare
3513,1,36042,186,99.48658496190792,rare
3514,1,36043,185,99.48934525781164,rare
3515,1,36044,184,99.49210555371536,rare
3516,1,36045,183,99.49486584961907,rare
3517,1,36046,182,99.4976261455228,rare
3518,1,36047,181,99.50038644142653,rare
3519,1,36048,180,99.50314673733024,rare
3520,1,36049,179,99.50590703323397,rare
3521,1,36050,178,99.50866732913768,rare
3522,1,36051,177,99.5114276250414,rare
3523,1,36052,176,99.51418792094512,rare
3524,1,36053,175,99.51694821684885,rare
3525,1,36054,174,99.51970851275257,rare
3526,1,36055,173,99.52246880865628,rare
3527,1,36056,172,99.52522910456001,rare
3528,1,36057,171,99.52798940046372,rare
3529,1,36058,170,99.53074969636745,rare
3530,1,36059,169,99.53350999227118,rare
3531,1,36060,168,99.53627028817489,rare
3532,1,36061,167,99.53903058407862,rare
3533,1,36062,166,99.54179087998233,rare
3534,1,36063,165,99.54455117588606,rare
3535,1,36064,164,99.54731147178978,rare
3536,1,36065,163,99.5500717676935,rare
3537,1,36066,162,99.55283206359722,rare
3538,1,36067,161,99.55559235950093,rare
3539,1,36068,160,99.55835265540466,rare
3540,1,36069,159,99.56111295130837,rare
3541,1,36070,158,99.5638732472121,rare
3542,1,36071,157,99.56663354311583,rare
3543,1,36072,156,99.56939383901954,rare
3544,1,36073,155,99.57215413492327,rare
3545,1,36074,154,99.57491443082698,rare
3546,1,36075,153,99.5776747267307,rare
3547,1,36076,152,99.58043502263443,rare
3548,1,36077,151,99.58319531853815,rare
3549,1,36078,150,99.58595561444187,rare
3550,1,36079,149,99.58871591034558,rare
3551,5,36084,144,99.60251738986419,common
3552,5,36089,139,99.6163188693828,common
3553,5,36094,134,99.6301203489014,common
3554,5,36099,129,99.64392182842,common
3555,5,36104,124,99.65772330793861,common
3556,4,36108,120,99.66876449155349,common
3557,3,36111,117,99.67704537926465,common
3558,3,36114,114,99.68532626697582,common
3559,3,36117,111,99.69360715468699,common
3560,3,36120,108,99.70188804239814,common
3561,3,36123,105,99.7101689301093,common
3562,2,36125,103,99.71568952191674,common
3563,2,36127,101,99.7212101137242,common
3564,2,36129,99,99.72673070553164,common
3565,2,36131,97,99.73225129733908,common
3566,2,36133,95,99.73777188914652,common
3567,2,36135,93,99.74329248095395,common
3568,2,36137,91,99.7488130727614,common
3569,2,36139,89,99.75433366456885,common
3570,2,36141,87,99.75985425637629,common
3571,2,36143,85,99.76537484818373,common
3572,2,36145,83,99.77089543999116,common
3573,2,36147,81,99.7764160317986,common
3574,2,36149,79,99.78193662360606,common
3575,2,36151,77,99.7874572154135,common
3576,2,36153,75,99.79297780722094,common
3577,2,36155,73,99.79849839902838,common
3578,2,36157,71,99.80401899083581,common
3579,2,36159,69,99.80953958264325,common
3580,2,36161,67,99.81506017445071,common
3581,2,36163,65,99.82058076625815,common
3582,2,36165,63,99.82610135806559,common
3583,2,36167,61,99.83162194987302,common
3584,2,36169,59,99.83714254168046,common
3585,2,36171,57,99.8426631334879,common
3586,2,36173,55,99.84818372529536,common
3587,1,36174,54,99.85094402119907,common
3588,1,36175,53,99.8537043171028,common
3589,1,36176,52,99.85646461300651,common
3590,1,36177,51,99.85922490891024,common
3591,1,36178,50,99.86198520481396,common
3592,1,36179,49,99.86474550071767,common
3593,1,36180,48,99.8675057966214,common
3594,1,36181,47,99.87026609252511,common
3595,1,36182,46,99.87302638842884,common
3596,1,36183,45,99.87578668433257,common
3597,1,36184,44,99.87854698023628,common
3598,1,36185,43,99.88130727614,common
3599,1,36186,42,99.88406757204372,common
3600,1,36187,41,99.88682786794745,common
3601,1,36188,40,99.88958816385116,common
3602,1,36189,39,99.89234845975488,common
3603,1,36190,38,99.89510875565861,common
3604,1,36191,37,99.89786905156232,common
3605,1,36192,36,99.90062934746605,common
3606,1,36193,35,99.90338964336976,common
3607,1,36194,34,99.90614993927349,common
3608,1,36195,33,99.90891023517722,common
3609,1,36196,32,99.91167053108093,common
3610,1,36197,31,99.91443082698466,common
3611,1,36198,30,99.91719112288837,common
3612,1,36199,29,99.9199514187921,common
3613,1,36200,28,99.92271171469582,common
3614,1,36201,27,99.92547201059953,common
3615,1,36202,26,99.92823230650326,common
3616,1,36203,25,99.93099260240697,common
3617,1,36204,24,99.9337528983107,common
3618,1,36205,23,99.93651319421441,common
3619,1,36206,22,99.93927349011814,common
