effective_type,x,y,covered_before,covered_by_selected,covered_after
r2.7:C:cn10:CCCCFeFeFeFeFeFe:sim00001,-0.092049167,-0.27435416,0,1,1
r2.7:C:cn10:CCCCFeFeFeFeFeFe:sim00005,-0.09194003,-0.26616341,0,1,1
r2.7:C:cn10:CCCFeFeFeFeFeFeFe:sim00002,-0.019303799,-0.18774016,0,1,1
r2.7:C:cn10:CCCFeFeFeFeFeFeFe:sim00006,-0.039061494,-0.17328429,0,1,1
r2.7:C:cn10:CCCFeFeFeFeFeFeFe:sim00010,-0.05430923,-0.18021773,0,1,1
r2.7:C:cn10:CCFeFeFeFeFeFeFeFe:sim00003,0.0031621624,-0.098405369,0,1,1
r2.7:C:cn10:CCFeFeFeFeFeFeFeFe:sim00007,0.0032071515,-0.098426618,0,1,1
r2.7:C:cn10:CCFeFeFeFeFeFeFeFe:sim00011,-0.0036714845,-0.072825946,0,1,1
r2.7:C:cn10:CCFeFeFeFeFeFeFeFe:sim00015,-0.014092072,-0.082093515,0,1,1
r2.7:C:cn10:CCFeFeFeFeFeFeFeFe:sim00019,-0.011707856,-0.073067948,0,1,1
r2.7:C:cn10:CCFeFeFeFeFeFeFeFe:sim00023,-0.019183807,-0.081140861,0,1,1
r2.7:C:cn10:CCFeFeFeFeFeFeFeFe:sim00027,-0.016680738,-0.078315943,0,1,1
r2.7:C:cn10:CCFeFeFeFeFeFeFeFe:sim00031,-0.015683804,-0.090190656,0,1,1
r2.7:C:cn10:CFeFeFeFeFeFeFeFeFe:sim00004,0.047372404,-0.039934982,0,1,1
r2.7:C:cn11:CCCCFeFeFeFeFeFeFe:sim00001,-0.086157031,-0.17645176,0,1,1
r2.7:C:cn11:CCCFeFeFeFeFeFeFeFe:sim00003,-0.041268375,-0.096705921,0,1,1
r2.7:C:cn11:CCFeFeFeFeFeFeFeFeFe:sim00002,-0.0019570158,-0.038111471,0,1,1
r2.7:C:cn5:FeFeFeFeFe:sim00001,-0.10859291,-0.055660225,0,1,1
r2.7:C:cn5:FeFeFeFeFe:sim00005,-0.10147785,-0.081290714,0,1,1
r2.7:C:cn6:CFeFeFeFeFe:sim00001,-0.076850139,-0.096055955,0,1,1
r2.7:C:cn6:CFeFeFeFeFe:sim00005,-0.087999821,-0.091858648,0,1,1
r2.7:C:cn6:CFeFeFeFeFe:sim00009,-0.078387678,-0.087740734,0,1,1
r2.7:C:cn6:CFeFeFeFeFe:sim00013,-0.11178787,-0.068646155,0,1,1
r2.7:C:cn6:CFeFeFeFeFe:sim00017,-0.12362412,-0.062007733,0,1,1
r2.7:C:cn6:CFeFeFeFeFe:sim00021,-0.11602768,-0.058276013,0,1,1
r2.7:C:cn6:CFeFeFeFeFe:sim00025,-0.11303294,-0.059641447,0,1,1
r2.7:C:cn6:FeFeFeFeFeFe:sim00003,-0.057037674,-0.046091672,0,1,1
r2.7:C:cn6:FeFeFeFeFeFe:sim00007,-0.069171943,-0.059709486,0,1,1
r2.7:C:cn6:FeFeFeFeFeFe:sim00011,-0.053477153,-0.012696284,0,1,1
r2.7:C:cn6:FeFeFeFeFeFe:sim00015,-0.071358755,-0.023408011,0,1,1
r2.7:C:cn6:FeFeFeFeFeFe:sim00019,-0.076892875,-0.014399439,0,1,1
r2.7:C:cn6:FeFeFeFeFeFe:sim00023,-0.084906705,-0.023809098,0,1,1
r2.7:C:cn6:FeFeFeFeFeFe:sim00027,-0.087218389,-0.022204392,0,1,1
r2.7:C:cn6:FeFeFeFeFeFe:sim00031,-0.090211257,-0.035331119,0,1,1
r2.7:C:cn6:FeFeFeFeFeFe:sim00035,-0.095059298,-0.032077413,0,1,1
r2.7:C:cn6:FeFeFeFeFeFe:sim00039,-0.081999674,-0.01806215,0,1,1
r2.7:C:cn6:FeFeFeFeFeFe:sim00043,-0.083191574,-0.018880647,0,1,1
r2.7:C:cn7:CCFeFeFeFeFe:sim00004,-0.13640721,-0.15599543,0,1,1
r2.7:C:cn7:CCFeFeFeFeFe:sim00008,-0.10503918,-0.1675292,0,1,1
r2.7:C:cn7:CCFeFeFeFeFe:sim00012,-0.20727657,-0.13422097,0,1,1
r2.7:C:cn7:CCFeFeFeFeFe:sim00016,-0.15440862,-0.12716636,0,1,1
r2.7:C:cn7:CFeFeFeFeFeFe:sim00003,-0.046932328,-0.059971835,0,1,1
r2.7:C:cn7:CFeFeFeFeFeFe:sim00007,-0.053659175,-0.063763514,0,1,1
r2.7:C:cn7:CFeFeFeFeFeFe:sim00011,-0.07777454,-0.048986141,0,1,1
r2.7:C:cn7:CFeFeFeFeFeFe:sim00015,-0.07541091,-0.042351838,0,1,1
r2.7:C:cn7:CFeFeFeFeFeFe:sim00019,-0.074153513,-0.032205746,0,1,1
r2.7:C:cn7:CFeFeFeFeFeFe:sim00023,-0.081452198,-0.041330986,0,1,1
r2.7:C:cn7:CFeFeFeFeFeFe:sim00027,-0.078940719,-0.037988856,0,1,1
r2.7:C:cn7:CFeFeFeFeFeFe:sim00031,-0.082946561,-0.050440472,0,1,1
r2.7:C:cn7:CFeFeFeFeFeFe:sim00035,-0.097850613,-0.053195752,0,1,1
r2.7:C:cn7:CFeFeFeFeFeFe:sim00039,-0.079145722,-0.035461422,0,1,1
r2.7:C:cn7:CFeFeFeFeFeFe:sim00043,-0.079614423,-0.03610583,0,1,1
r2.7:C:cn7:CFeFeFeFeFeFe:sim00047,-0.079509102,-0.035841927,0,1,1
r2.7:C:cn7:CFeFeFeFeFeFe:sim00051,-0.094707362,-0.017467488,0,1,1
r2.7:C:cn7:CFeFeFeFeFeFe:sim00055,-0.075291805,-0.033592034,0,1,1
r2.7:C:cn7:CFeFeFeFeFeFe:sim00059,-0.074809223,-0.034074031,0,1,1
r2.7:C:cn7:CFeFeFeFeFeFe:sim00063,-0.078262113,-0.035302613,0,1,1
r2.7:C:cn7:CFeFeFeFeFeFe:sim00067,-0.078624286,-0.035390928,0,1,1
r2.7:C:cn7:CFeFeFeFeFeFe:sim00071,-0.07906805,-0.035660233,0,1,1
r2.7:C:cn7:CFeFeFeFeFeFe:sim00075,-0.080348745,-0.038501587,0,1,1
r2.7:C:cn7:CFeFeFeFeFeFe:sim00079,-0.080809034,-0.036819726,0,1,1
r2.7:C:cn7:CFeFeFeFeFeFe:sim00083,-0.057997879,-0.055545382,0,1,1
r2.7:C:cn7:CFeFeFeFeFeFe:sim00087,-0.042175103,-0.03894078,0,1,1
r2.7:C:cn7:CFeFeFeFeFeFe:sim00091,-0.084159896,-0.03695634,0,1,1
r2.7:C:cn7:CFeFeFeFeFeFe:sim00095,-0.082994811,-0.039353345,0,1,1
r2.7:C:cn7:CFeFeFeFeFeFe:sim00099,-0.11791031,0.023790147,0,1,1
r2.7:C:cn7:CFeFeFeFeFeFe:sim00103,-0.10164379,-0.048020024,0,1,1
r2.7:C:cn7:CFeFeFeFeFeFe:sim00107,-0.081183195,-0.02655657,0,1,1
r2.7:C:cn7:CFeFeFeFeFeFe:sim00111,-0.089612365,-0.0039928509,0,1,1
r2.7:C:cn7:CFeFeFeFeFeFe:sim00115,-0.089196377,-0.0036129504,0,1,1
r2.7:C:cn7:CFeFeFeFeFeFe:sim00119,-0.08785411,0.0081291497,0,1,1
r2.7:C:cn7:CFeFeFeFeFeFe:sim00123,-0.10818224,-0.020939307,0,1,1
r2.7:C:cn7:CFeFeFeFeFeFe:sim00127,-0.10156752,-0.016865242,0,1,1
r2.7:C:cn7:FeFeFeFeFeFeFe:sim00002,-0.043680906,-0.0067427689,0,1,1
r2.7:C:cn7:FeFeFeFeFeFeFe:sim00006,-0.043611985,-0.0045741289,0,1,1
r2.7:C:cn7:FeFeFeFeFeFeFe:sim00010,-0.058718413,-0.013265909,0,1,1
r2.7:C:cn7:FeFeFeFeFeFeFe:sim00014,-0.079394355,-0.022519918,0,1,1
r2.7:C:cn7:FeFeFeFeFeFeFe:sim00018,-0.065156274,0.011347436,0,1,1
r2.7:C:cn7:FeFeFeFeFeFeFe:sim00022,-0.067330077,0.017900744,0,1,1
r2.7:C:cn7:FeFeFeFeFeFeFe:sim00026,-0.072331145,0.014161595,0,1,1
r2.7:C:cn7:FeFeFeFeFeFeFe:sim00030,-0.073017076,0.047546495,0,1,1
r2.7:C:cn7:FeFeFeFeFeFeFe:sim00034,-0.068196446,0.019300519,0,1,1
r2.7:C:cn7:FeFeFeFeFeFeFe:sim00038,-0.069291182,0.018998256,0,1,1
r2.7:C:cn7:FeFeFeFeFeFeFe:sim00042,-0.06618128,-0.017099919,0,1,1
r2.7:C:cn7:FeFeFeFeFeFeFe:sim00046,-0.057641167,-0.034405723,0,1,1
r2.7:C:cn7:FeFeFeFeFeFeFe:sim00050,-0.063730001,0.021100648,0,1,1
r2.7:C:cn7:FeFeFeFeFeFeFe:sim00054,-0.046444856,0.0080826404,0,1,1
r2.7:C:cn7:FeFeFeFeFeFeFe:sim00058,-0.063966103,0.021183088,0,1,1
r2.7:C:cn7:FeFeFeFeFeFeFe:sim00062,-0.066857323,0.018484995,0,1,1
r2.7:C:cn7:FeFeFeFeFeFeFe:sim00066,-0.066962607,0.020393772,0,1,1
r2.7:C:cn7:FeFeFeFeFeFeFe:sim00070,-0.070467971,0.024359543,0,1,1
r2.7:C:cn7:FeFeFeFeFeFeFe:sim00074,-0.088181071,0.032525197,0,1,1
r2.7:C:cn7:FeFeFeFeFeFeFe:sim00078,-0.0824707,0.03397049,0,1,1
r2.7:C:cn7:FeFeFeFeFeFeFe:sim00082,-0.057455681,0.028762555,0,1,1
r2.7:C:cn8:CCCFeFeFeFeFe:sim00001,-0.13479412,-0.1548176,0,1,1
r2.7:C:cn8:CCFeFeFeFeFeFe:sim00003,-0.091690838,-0.1172104,0,1,1
r2.7:C:cn8:CCFeFeFeFeFeFe:sim00007,-0.089729294,-0.10679618,0,1,1
r2.7:C:cn8:CCFeFeFeFeFeFe:sim00011,-0.098708235,-0.071784236,0,1,1
r2.7:C:cn8:CCFeFeFeFeFeFe:sim00015,-0.15513651,-0.10077498,0,1,1
r2.7:C:cn8:CCFeFeFeFeFeFe:sim00019,-0.10935786,-0.073195986,0,1,1
r2.7:C:cn8:CCFeFeFeFeFeFe:sim00023,-0.1184036,-0.084407605,0,1,1
r2.7:C:cn8:CCFeFeFeFeFeFe:sim00027,-0.11603365,-0.082306363,0,1,1
r2.7:C:cn8:CCFeFeFeFeFeFe:sim00031,-0.12058798,-0.095843449,0,1,1
r2.7:C:cn8:CCFeFeFeFeFeFe:sim00035,-0.11725146,-0.078248441,0,1,1
r2.7:C:cn8:CCFeFeFeFeFeFe:sim00039,-0.092776142,-0.09306135,0,1,1
r2.7:C:cn8:CCFeFeFeFeFeFe:sim00043,-0.11633582,-0.079154812,0,1,1
r2.7:C:cn8:CCFeFeFeFeFeFe:sim00047,-0.12645638,-0.091645963,0,1,1
r2.7:C:cn8:CCFeFeFeFeFeFe:sim00051,-0.13419622,-0.061911698,0,1,1
r2.7:C:cn8:CCFeFeFeFeFeFe:sim00055,-0.11185987,-0.076575704,0,1,1
r2.7:C:cn8:CCFeFeFeFeFeFe:sim00059,-0.11185294,-0.077064566,0,1,1
r2.7:C:cn8:CCFeFeFeFeFeFe:sim00063,-0.14633475,-0.070707269,0,1,1
r2.7:C:cn8:CCFeFeFeFeFeFe:sim00067,-0.11539567,-0.078711458,0,1,1
r2.7:C:cn8:CCFeFeFeFeFeFe:sim00071,-0.11589281,-0.079001687,0,1,1
r2.7:C:cn8:CCFeFeFeFeFeFe:sim00075,-0.11139844,-0.065692261,0,1,1
r2.7:C:cn8:CCFeFeFeFeFeFe:sim00079,-0.078882635,-0.064603552,0,1,1
r2.7:C:cn8:CCFeFeFeFeFeFe:sim00083,-0.093844451,-0.098138705,0,1,1
r2.7:C:cn8:CCFeFeFeFeFeFe:sim00087,-0.10335138,-0.060009189,0,1,1
r2.7:C:cn8:CCFeFeFeFeFeFe:sim00091,-0.12065417,-0.081364296,0,1,1
r2.7:C:cn8:CCFeFeFeFeFeFe:sim00095,-0.11310124,-0.078272782,0,1,1
r2.7:C:cn8:CCFeFeFeFeFeFe:sim00099,-0.11932948,-0.047929376,0,1,1
r2.7:C:cn8:CCFeFeFeFeFeFe:sim00103,-0.15399262,-0.072982073,0,1,1
r2.7:C:cn8:CCFeFeFeFeFeFe:sim00107,-0.13163231,-0.087864794,0,1,1
r2.7:C:cn8:CCFeFeFeFeFeFe:sim00111,-0.12560342,-0.042818435,0,1,1
r2.7:C:cn8:CFeFeFeFeFeFeFe:sim00001,-0.017062582,-0.034868166,0,1,1
r2.7:C:cn8:CFeFeFeFeFeFeFe:sim00005,-0.018154966,-0.029495738,0,1,1
r2.7:C:cn8:CFeFeFeFeFeFeFe:sim00009,-0.018045954,-0.021173827,0,1,1
r2.7:C:cn8:CFeFeFeFeFeFeFe:sim00013,-0.041416053,-0.010780962,0,1,1
r2.7:C:cn8:CFeFeFeFeFeFeFe:sim00017,-0.022156848,-0.024608908,0,1,1
r2.7:C:cn8:CFeFeFeFeFeFeFe:sim00021,-0.048793435,0.02489643,0,1,1
r2.7:C:cn8:CFeFeFeFeFeFeFe:sim00025,-0.045827426,-0.0089080837,0,1,1
r2.7:C:cn8:CFeFeFeFeFeFeFe:sim00029,-0.055523485,-0.020086193,0,1,1
r2.7:C:cn8:CFeFeFeFeFeFeFe:sim00033,-0.043857347,0.0026551152,0,1,1
r2.7:C:cn8:CFeFeFeFeFeFeFe:sim00037,-0.044779476,-0.0060871402,0,1,1
r2.7:C:cn8:CFeFeFeFeFeFeFe:sim00041,-0.043607093,-0.0045358562,0,1,1
r2.7:C:cn8:CFeFeFeFeFeFeFe:sim00045,-0.030069631,-0.020575298,0,1,1
r2.7:C:cn8:CFeFeFeFeFeFeFe:sim00049,-0.044885296,-0.0063689342,0,1,1
r2.7:C:cn8:CFeFeFeFeFeFeFe:sim00053,-0.048945729,-0.0076852473,0,1,1
r2.7:C:cn8:CFeFeFeFeFeFeFe:sim00057,-0.041793678,-0.003451115,0,1,1
r2.7:C:cn8:CFeFeFeFeFeFeFe:sim00061,-0.052438702,-0.014621953,0,1,1
r2.7:C:cn8:CFeFeFeFeFeFeFe:sim00065,-0.045785412,0.0078956848,0,1,1
r2.7:C:cn8:CFeFeFeFeFeFeFe:sim00069,-0.04388592,-0.0061430461,0,1,1
r2.7:C:cn8:CFeFeFeFeFeFeFe:sim00073,-0.047110628,-0.0057724058,0,1,1
r2.7:C:cn8:CFeFeFeFeFeFeFe:sim00077,-0.044902891,-0.005951589,0,1,1
r2.7:C:cn8:CFeFeFeFeFeFeFe:sim00081,0.00033711313,-0.024626033,0,1,1
r2.7:C:cn8:CFeFeFeFeFeFeFe:sim00085,-0.0061423359,-0.01485534,0,1,1
r2.7:C:cn8:CFeFeFeFeFeFeFe:sim00089,-0.013832319,-0.0067281956,0,1,1
r2.7:C:cn8:CFeFeFeFeFeFeFe:sim00093,-0.034953937,0.0044612116,0,1,1
r2.7:C:cn8:CFeFeFeFeFeFeFe:sim00097,-0.035529856,-0.0016091362,0,1,1
r2.7:C:cn8:CFeFeFeFeFeFeFe:sim00101,-0.059500232,-0.015012743,0,1,1
r2.7:C:cn8:CFeFeFeFeFeFeFe:sim00105,-0.045907911,0.0036807773,0,1,1
r2.7:C:cn8:CFeFeFeFeFeFeFe:sim00109,-0.05926501,-0.014469142,0,1,1
r2.7:C:cn8:CFeFeFeFeFeFeFe:sim00113,-0.052966837,0.025433552,0,1,1
r2.7:C:cn8:CFeFeFeFeFeFeFe:sim00117,-0.081117541,0.032093275,0,1,1
r2.7:C:cn8:CFeFeFeFeFeFeFe:sim00121,-0.067336828,0.011196694,0,1,1
r2.7:C:cn8:CFeFeFeFeFeFeFe:sim00125,-0.062699333,0.013132137,0,1,1
r2.7:C:cn8:CFeFeFeFeFeFeFe:sim00129,-0.064399973,0.012509194,0,1,1
r2.7:C:cn8:CFeFeFeFeFeFeFe:sim00133,-0.064410746,0.011858766,0,1,1
r2.7:C:cn8:CFeFeFeFeFeFeFe:sim00137,-0.10038105,0.010755562,0,1,1
r2.7:C:cn8:CFeFeFeFeFeFeFe:sim00141,-0.13965072,-0.0010952894,0,1,1
r2.7:C:cn8:FeFeFeFeFeFeFeFe:sim00001,0.012837493,0.0070300899,0,1,1
r2.7:C:cn8:FeFeFeFeFeFeFeFe:sim00005,0.0092919348,0.0088922894,0,1,1
r2.7:C:cn8:FeFeFeFeFeFeFeFe:sim00009,0.034088742,0.0036571303,0,1,1
r2.7:C:cn8:FeFeFeFeFeFeFeFe:sim00013,-0.019976476,0.016199492,0,1,1
r2.7:C:cn8:FeFeFeFeFeFeFeFe:sim00017,-0.010700412,0.026599813,0,1,1
r2.7:C:cn8:FeFeFeFeFeFeFeFe:sim00021,-0.012862971,0.028883632,0,1,1
r2.7:C:cn8:FeFeFeFeFeFeFeFe:sim00025,-0.016259424,0.027827326,0,1,1
r2.7:C:cn8:FeFeFeFeFeFeFeFe:sim00029,-0.014999066,0.028234959,0,1,1
r2.7:C:cn8:FeFeFeFeFeFeFeFe:sim00033,-0.014753305,0.03692133,0,1,1
r2.7:C:cn8:FeFeFeFeFeFeFeFe:sim00037,-0.013411692,0.030907316,0,1,1
r2.7:C:cn8:FeFeFeFeFeFeFeFe:sim00041,-0.014288899,0.031560525,0,1,1
r2.7:C:cn8:FeFeFeFeFeFeFeFe:sim00045,-0.00029657144,0.017861176,0,1,1
r2.7:C:cn8:FeFeFeFeFeFeFeFe:sim00049,-0.0135673,0.030708428,0,1,1
r2.7:C:cn8:FeFeFeFeFeFeFeFe:sim00053,-0.0089689558,0.034051146,0,1,1
r2.7:C:cn8:FeFeFeFeFeFeFeFe:sim00057,-0.010136044,0.030826531,0,1,1
r2.7:C:cn8:FeFeFeFeFeFeFeFe:sim00061,-0.011365424,0.032913454,0,1,1
r2.7:C:cn9:CCCFeFeFeFeFeFe:sim00003,-0.10783875,-0.17017323,0,1,1
r2.7:C:cn9:CCCFeFeFeFeFeFe:sim00007,-0.1076152,-0.1701255,0,1,1
r2.7:C:cn9:CCCFeFeFeFeFeFe:sim00011,-0.11738221,-0.13547286,0,1,1
r2.7:C:cn9:CCCFeFeFeFeFeFe:sim00015,-0.1448054,-0.16977571,0,1,1
r2.7:C:cn9:CCCFeFeFeFeFeFe:sim00019,-0.1398409,-0.15103021,0,1,1
r2.7:C:cn9:CCCFeFeFeFeFeFe:sim00023,-0.12932146,-0.14298867,0,1,1
r2.7:C:cn9:CCCFeFeFeFeFeFe:sim00027,-0.13286147,-0.1441938,0,1,1
r2.7:C:cn9:CCCFeFeFeFeFeFe:sim00031,-0.15393816,-0.17841958,0,1,1
r2.7:C:cn9:CCCFeFeFeFeFeFe:sim00035,-0.13359156,-0.14176469,0,1,1
r2.7:C:cn9:CCCFeFeFeFeFeFe:sim00039,-0.13305667,-0.14157468,0,1,1
r2.7:C:cn9:CCFeFeFeFeFeFeFe:sim00003,-0.050659671,-0.085068271,0,1,1
r2.7:C:cn9:CCFeFeFeFeFeFeFe:sim00007,-0.056613974,-0.088742957,0,1,1
r2.7:C:cn9:CCFeFeFeFeFeFeFe:sim00011,-0.058906093,-0.055163439,0,1,1
r2.7:C:cn9:CCFeFeFeFeFeFeFe:sim00015,-0.068628572,-0.06471213,0,1,1
r2.7:C:cn9:CCFeFeFeFeFeFeFe:sim00019,-0.063269287,-0.083423875,0,1,1
r2.7:C:cn9:CCFeFeFeFeFeFeFe:sim00023,-0.075324535,-0.065416627,0,1,1
r2.7:C:cn9:CCFeFeFeFeFeFeFe:sim00027,-0.072580844,-0.062121402,0,1,1
r2.7:C:cn9:CCFeFeFeFeFeFeFe:sim00031,-0.075784974,-0.07457307,0,1,1
r2.7:C:cn9:CCFeFeFeFeFeFeFe:sim00035,-0.035785977,-0.057973571,0,1,1
r2.7:C:cn9:CCFeFeFeFeFeFeFe:sim00039,-0.07297381,-0.060474407,0,1,1
r2.7:C:cn9:CCFeFeFeFeFeFeFe:sim00043,-0.074233644,-0.06056812,0,1,1
r2.7:C:cn9:CCFeFeFeFeFeFeFe:sim00047,-0.073142931,-0.060658041,0,1,1
r2.7:C:cn9:CCFeFeFeFeFeFeFe:sim00051,-0.077756181,-0.032749921,0,1,1
r2.7:C:cn9:CCFeFeFeFeFeFeFe:sim00055,-0.069545239,-0.058233365,0,1,1
r2.7:C:cn9:CCFeFeFeFeFeFeFe:sim00059,-0.069770195,-0.058506232,0,1,1
r2.7:C:cn9:CCFeFeFeFeFeFeFe:sim00063,-0.078951731,-0.061234217,0,1,1
r2.7:C:cn9:CCFeFeFeFeFeFeFe:sim00067,-0.072572663,-0.060473289,0,1,1
r2.7:C:cn9:CCFeFeFeFeFeFeFe:sim00071,-0.0730168,-0.06043034,0,1,1
r2.7:C:cn9:CFeFeFeFeFeFeFeFe:sim00003,0.0052434122,-0.020568863,0,1,1
r2.7:C:cn9:CFeFeFeFeFeFeFeFe:sim00007,0.0051693856,-0.020648932,0,1,1
r2.7:C:cn9:CFeFeFeFeFeFeFeFe:sim00011,0.023240525,0.0016896226,0,1,1
r2.7:C:cn9:CFeFeFeFeFeFeFeFe:sim00015,-0.012033531,-0.0038377428,0,1,1
r2.7:C:cn9:CFeFeFeFeFeFeFeFe:sim00019,-0.010759854,0.0046123257,0,1,1
r2.7:C:cn9:CFeFeFeFeFeFeFeFe:sim00023,-0.016873224,-0.0029394599,0,1,1
r2.7:C:cn9:CFeFeFeFeFeFeFeFe:sim00027,0.0055697872,-0.022186244,0,1,1
r2.7:C:cn9:CFeFeFeFeFeFeFeFe:sim00031,-0.013478292,-0.0065173679,0,1,1
r2.7:C:cn9:CFeFeFeFeFeFeFeFe:sim00035,-0.015012505,0.0013092386,0,1,1
r2.7:C:cn9:CFeFeFeFeFeFeFeFe:sim00039,-0.014956504,0.0004762914,0,1,1
r2.7:C:cn9:CFeFeFeFeFeFeFeFe:sim00043,-0.015425852,0.0011271205,0,1,1
r2.7:C:cn9:CFeFeFeFeFeFeFeFe:sim00047,-0.015108728,0.0010366599,0,1,1
r2.7:C:cn9:CFeFeFeFeFeFeFeFe:sim00051,-0.029228229,0.015057895,0,1,1
r2.7:C:cn9:CFeFeFeFeFeFeFeFe:sim00055,-0.0058218176,0.0078525664,0,1,1
r2.7:C:cn9:CFeFeFeFeFeFeFeFe:sim00059,-0.011578091,0.003136154,0,1,1
r2.7:C:cn9:FeFeFeFeFeFeFeFeFe:sim00002,0.027750667,0.013959615,0,1,1
r2.7:C:cn9:FeFeFeFeFeFeFeFeFe:sim00006,0.027960006,0.01579725,0,1,1
r2.7:Fe:cn10:CCCCCCFeFeFeFe:sim00001,-0.36793947,-0.32136872,0,1,1
r2.7:Fe:cn10:CCCCCFeFeFeFeFe:sim00004,-0.26913679,-0.27808172,0,1,1
r2.7:Fe:cn10:CCCCCFeFeFeFeFe:sim00008,-0.24466747,-0.25072536,0,1,1
r2.7:Fe:cn10:CCCCCFeFeFeFeFe:sim00012,-0.29205593,-0.21453047,0,1,1
r2.7:Fe:cn10:CCCCCFeFeFeFeFe:sim00016,-0.29284298,-0.21263196,0,1,1
r2.7:Fe:cn10:CCCCCFeFeFeFeFe:sim00020,-0.27838725,-0.22787604,0,1,1
r2.7:Fe:cn10:CCCCCFeFeFeFeFe:sim00024,-0.26398221,-0.25948554,0,1,1
r2.7:Fe:cn10:CCCCCFeFeFeFeFe:sim00028,-0.30257222,-0.2127295,0,1,1
r2.7:Fe:cn10:CCCCCFeFeFeFeFe:sim00032,-0.30379421,-0.21108638,0,1,1
r2.7:Fe:cn10:CCCCCFeFeFeFeFe:sim00036,-0.30954683,-0.21322292,0,1,1
r2.7:Fe:cn10:CCCCFeFeFeFeFeFe:sim00002,-0.19602446,-0.14211024,0,1,1
r2.7:Fe:cn10:CCCCFeFeFeFeFeFe:sim00006,-0.19590116,-0.13982473,0,1,1
r2.7:Fe:cn10:CCCCFeFeFeFeFeFe:sim00010,-0.22497903,-0.16733706,0,1,1
r2.7:Fe:cn10:CCCCFeFeFeFeFeFe:sim00014,-0.24027726,-0.14261104,0,1,1
r2.7:Fe:cn10:CCCCFeFeFeFeFeFe:sim00018,-0.20379755,-0.099012882,0,1,1
r2.7:Fe:cn10:CCCCFeFeFeFeFeFe:sim00022,-0.22098482,-0.11574227,0,1,1
r2.7:Fe:cn10:CCCCFeFeFeFeFeFe:sim00026,-0.22878999,-0.12480028,0,1,1
r2.7:Fe:cn10:CCCCFeFeFeFeFeFe:sim00030,-0.22810763,-0.085988343,0,1,1
r2.7:Fe:cn10:CCCCFeFeFeFeFeFe:sim00034,-0.22212043,-0.11328046,0,1,1
r2.7:Fe:cn10:CCCCFeFeFeFeFeFe:sim00038,-0.22201547,-0.11348183,0,1,1
r2.7:Fe:cn10:CCCCFeFeFeFeFeFe:sim00042,-0.22500817,-0.11745019,0,1,1
r2.7:Fe:cn10:CCCCFeFeFeFeFeFe:sim00046,-0.2146284,-0.14031771,0,1,1
r2.7:Fe:cn10:CCCCFeFeFeFeFeFe:sim00050,-0.21700564,-0.11130332,0,1,1
r2.7:Fe:cn10:CCCCFeFeFeFeFeFe:sim00054,-0.21076329,-0.13751864,0,1,1
r2.7:Fe:cn10:CCCCFeFeFeFeFeFe:sim00058,-0.19578344,-0.12556209,0,1,1
r2.7:Fe:cn10:CCCCFeFeFeFeFeFe:sim00062,-0.22074115,-0.11494483,0,1,1
r2.7:Fe:cn10:CCCCFeFeFeFeFeFe:sim00066,-0.22083841,-0.11329434,0,1,1
r2.7:Fe:cn10:CCCCFeFeFeFeFeFe:sim00070,-0.20949635,-0.09591832,0,1,1
r2.7:Fe:cn10:CCCCFeFeFeFeFeFe:sim00074,-0.21886162,-0.1060229,0,1,1
r2.7:Fe:cn10:CCCCFeFeFeFeFeFe:sim00078,-0.22141454,-0.1135059,0,1,1
r2.7:Fe:cn10:CCCCFeFeFeFeFeFe:sim00082,-0.21163069,-0.10470467,0,1,1
r2.7:Fe:cn10:CCCCFeFeFeFeFeFe:sim00086,-0.18323024,-0.11429731,0,1,1
r2.7:Fe:cn10:CCCCFeFeFeFeFeFe:sim00090,-0.23269475,-0.13303906,0,1,1
r2.7:Fe:cn10:CCCCFeFeFeFeFeFe:sim00094,-0.2188628,-0.11324733,0,1,1
r2.7:Fe:cn10:CCCCFeFeFeFeFeFe:sim00098,-0.18659991,-0.11240035,0,1,1
r2.7:Fe:cn10:CCCCFeFeFeFeFeFe:sim00102,-0.22484501,-0.11517156,0,1,1
r2.7:Fe:cn10:CCCCFeFeFeFeFeFe:sim00106,-0.21155579,-0.14706118,0,1,1
r2.7:Fe:cn10:CCCCFeFeFeFeFeFe:sim00110,-0.21876524,-0.098450139,0,1,1
r2.7:Fe:cn10:CCCCFeFeFeFeFeFe:sim00114,-0.23461391,-0.089804232,0,1,1
r2.7:Fe:cn10:CCCCFeFeFeFeFeFe:sim00118,-0.22805068,-0.077287912,0,1,1
r2.7:Fe:cn10:CCCCFeFeFeFeFeFe:sim00122,-0.24181214,-0.096556351,0,1,1
r2.7:Fe:cn10:CCCCFeFeFeFeFeFe:sim00126,-0.24367537,-0.096464247,0,1,1
r2.7:Fe:cn10:CCCCFeFeFeFeFeFe:sim00130,-0.24260683,-0.094834842,0,1,1
r2.7:Fe:cn10:CCCCFeFeFeFeFeFe:sim00134,-0.24266794,-0.094725326,0,1,1
r2.7:Fe:cn10:CCCCFeFeFeFeFeFe:sim00138,-0.24251585,-0.094562985,0,1,1
r2.7:Fe:cn10:CCCCFeFeFeFeFeFe:sim00142,-0.26019928,-0.1517534,0,1,1
r2.7:Fe:cn10:CCCCFeFeFeFeFeFe:sim00146,-0.2454571,-0.16155471,0,1,1
r2.7:Fe:cn10:CCCCFeFeFeFeFeFe:sim00150,-0.25104964,-0.10640924,0,1,1
r2.7:Fe:cn10:CCCCFeFeFeFeFeFe:sim00154,-0.23188895,-0.078111283,0,1,1
r2.7:Fe:cn10:CCCCFeFeFeFeFeFe:sim00158,-0.25511181,-0.11517986,0,1,1
r2.7:Fe:cn10:CCCCFeFeFeFeFeFe:sim00162,-0.21469057,-0.10483973,0,1,1
r2.7:Fe:cn10:CCCCFeFeFeFeFeFe:sim00166,-0.23624589,-0.090603143,0,1,1
r2.7:Fe:cn10:CCCCFeFeFeFeFeFe:sim00170,-0.24344371,-0.094057776,0,1,1
r2.7:Fe:cn10:CCCCFeFeFeFeFeFe:sim00174,-0.24363559,-0.095461175,0,1,1
r2.7:Fe:cn10:CCCCFeFeFeFeFeFe:sim00178,-0.24225892,-0.093559109,0,1,1
r2.7:Fe:cn10:CCCCFeFeFeFeFeFe:sim00182,-0.22818159,-0.076138496,0,1,1
r2.7:Fe:cn10:CCCCFeFeFeFeFeFe:sim00186,-0.24178413,-0.094403483,0,1,1
r2.7:Fe:cn10:CCCCFeFeFeFeFeFe:sim00190,-0.23930019,-0.043721773,0,1,1
r2.7:Fe:cn10:CCCCFeFeFeFeFeFe:sim00194,-0.19880575,-0.076714315,0,1,1
r2.7:Fe:cn10:CCCCFeFeFeFeFeFe:sim00198,-0.2307082,-0.070146941,0,1,1
r2.7:Fe:cn10:CCCCFeFeFeFeFeFe:sim00202,-0.24492386,-0.090570286,0,1,1
r2.7:Fe:cn10:CCCCFeFeFeFeFeFe:sim00206,-0.26952836,-0.067570172,0,1,1
r2.7:Fe:cn10:CCCCFeFeFeFeFeFe:sim00210,-0.26623374,-0.076894633,0,1,1
r2.7:Fe:cn10:CCCCFeFeFeFeFeFe:sim00214,-0.24445246,-0.089812271,0,1,1
r2.7:Fe:cn10:CCCCFeFeFeFeFeFe:sim00218,-0.22863132,-0.066715881,0,1,1
r2.7:Fe:cn10:CCCCFeFeFeFeFeFe:sim00222,-0.25517467,-0.09647464,0,1,1
r2.7:Fe:cn10:CCCCFeFeFeFeFeFe:sim00226,-0.26058558,-0.10590164,0,1,1
r2.7:Fe:cn10:CCCCFeFeFeFeFeFe:sim00230,-0.25701267,-0.10555708,0,1,1
r2.7:Fe:cn10:CCCCFeFeFeFeFeFe:sim00234,-0.24796136,-0.093919069,0,1,1
r2.7:Fe:cn10:CCCCFeFeFeFeFeFe:sim00238,-0.24752444,-0.093877129,0,1,1
r2.7:Fe:cn10:CCCCFeFeFeFeFeFe:sim00242,-0.24562742,-0.10007365,0,1,1
r2.7:Fe:cn10:CCCCFeFeFeFeFeFe:sim00246,-0.22918122,-0.11484198,0,1,1
r2.7:Fe:cn10:CCCCFeFeFeFeFeFe:sim00250,-0.24599268,-0.09064544,0,1,1
r2.7:Fe:cn10:CCCCFeFeFeFeFeFe:sim00254,-0.24078177,-0.086961582,0,1,1
r2.7:Fe:cn10:CCCCFeFeFeFeFeFe:sim00258,-0.24005598,-0.1178057,0,1,1
r2.7:Fe:cn10:CCCCFeFeFeFeFeFe:sim00262,-0.2496424,-0.091563053,0,1,1
r2.7:Fe:cn10:CCCCFeFeFeFeFeFe:sim00266,-0.24957734,-0.092038125,0,1,1
r2.7:Fe:cn10:CCCCFeFeFeFeFeFe:sim00270,-0.2443995,-0.090236187,0,1,1
r2.7:Fe:cn10:CCCCFeFeFeFeFeFe:sim00274,-0.26827291,-0.065528095,0,1,1
r2.7:Fe:cn10:CCCCFeFeFeFeFeFe:sim00278,-0.2517508,-0.094397672,0,1,1
r2.7:Fe:cn10:CCCCFeFeFeFeFeFe:sim00282,-0.245398,-0.091322161,0,1,1
r2.7:Fe:cn10:CCCCFeFeFeFeFeFe:sim00286,-0.24462631,-0.089889109,0,1,1
r2.7:Fe:cn10:CCCCFeFeFeFeFeFe:sim00290,-0.23537494,-0.077715173,0,1,1
r2.7:Fe:cn10:CCCCFeFeFeFeFeFe:sim00294,-0.22173938,-0.099696942,0,1,1
r2.7:Fe:cn10:CCCCFeFeFeFeFeFe:sim00298,-0.24947293,-0.09162908,0,1,1
r2.7:Fe:cn10:CCCCFeFeFeFeFeFe:sim00302,-0.25141424,-0.059098795,0,1,1
r2.7:Fe:cn10:CCCCFeFeFeFeFeFe:sim00306,-0.24698702,-0.059399717,0,1,1
r2.7:Fe:cn10:CCCCFeFeFeFeFeFe:sim00310,-0.23862958,-0.12081244,0,1,1
r2.7:Fe:cn10:CCCCFeFeFeFeFeFe:sim00314,-0.27882954,-0.12776603,0,1,1
r2.7:Fe:cn10:CCCCFeFeFeFeFeFe:sim00318,-0.25183997,-0.10494877,0,1,1
r2.7:Fe:cn10:CCCCFeFeFeFeFeFe:sim00322,-0.24437188,-0.086083554,0,1,1
r2.7:Fe:cn10:CCCCFeFeFeFeFeFe:sim00326,-0.24654011,-0.090047486,0,1,1
r2.7:Fe:cn10:CCCCFeFeFeFeFeFe:sim00330,-0.24535327,-0.087909028,0,1,1
r2.7:Fe:cn10:CCCCFeFeFeFeFeFe:sim00334,-0.28265443,-0.052175265,0,1,1
r2.7:Fe:cn10:CCCCFeFeFeFeFeFe:sim00338,-0.26718965,-0.074799195,0,1,1
r2.7:Fe:cn10:CCCCFeFeFeFeFeFe:sim00342,-0.25898039,-0.10923935,0,1,1
r2.7:Fe:cn10:CCCCFeFeFeFeFeFe:sim00346,-0.24676383,-0.087080263,0,1,1
r2.7:Fe:cn10:CCCCFeFeFeFeFeFe:sim00350,-0.24561208,-0.088139944,0,1,1
r2.7:Fe:cn10:CCCCFeFeFeFeFeFe:sim00354,-0.23563927,-0.075728238,0,1,1
r2.7:Fe:cn10:CCCCFeFeFeFeFeFe:sim00358,-0.25024945,-0.089724153,0,1,1
r2.7:Fe:cn10:CCCCFeFeFeFeFeFe:sim00362,-0.24457084,-0.086726211,0,1,1
r2.7:Fe:cn10:CCCCFeFeFeFeFeFe:sim00366,-0.25126654,-0.090772763,0,1,1
r2.7:Fe:cn10:CCCFeFeFeFeFeFeFe:sim00003,-0.097551525,-0.048388988,0,1,1
r2.7:Fe:cn10:CCCFeFeFeFeFeFeFe:sim00007,-0.13138065,-0.06014714,0,1,1
r2.7:Fe:cn10:CCCFeFeFeFeFeFeFe:sim00011,-0.12923107,-0.01690145,0,1,1
r2.7:Fe:cn10:CCCFeFeFeFeFeFeFe:sim00015,-0.14938617,-0.042230841,0,1,1
r2.7:Fe:cn10:CCCFeFeFeFeFeFeFe:sim00019,-0.14989218,-0.039879046,0,1,1
r2.7:Fe:cn10:CCCFeFeFeFeFeFeFe:sim00023,-0.17014824,-0.028694335,0,1,1
r2.7:Fe:cn10:CCCFeFeFeFeFeFeFe:sim00027,-0.16301253,-0.049209952,0,1,1
r2.7:Fe:cn10:CCCFeFeFeFeFeFeFe:sim00031,-0.16166234,-0.048221968,0,1,1
r2.7:Fe:cn10:CCCFeFeFeFeFeFeFe:sim00035,-0.15394144,-0.035720006,0,1,1
r2.7:Fe:cn10:CCCFeFeFeFeFeFeFe:sim00039,-0.15342221,-0.03562038,0,1,1
r2.7:Fe:cn10:CCCFeFeFeFeFeFeFe:sim00043,-0.16229925,-0.048497885,0,1,1
r2.7:Fe:cn10:CCCFeFeFeFeFeFeFe:sim00047,-0.15372428,-0.036128871,0,1,1
r2.7:Fe:cn10:CCCFeFeFeFeFeFeFe:sim00051,-0.1784036,-0.032755684,0,1,1
r2.7:Fe:cn10:CCCFeFeFeFeFeFeFe:sim00055,-0.15543324,-0.037352841,0,1,1
r2.7:Fe:cn10:CCCFeFeFeFeFeFeFe:sim00059,-0.14842701,-0.033687178,0,1,1
r2.7:Fe:cn10:CCCFeFeFeFeFeFeFe:sim00063,-0.15125532,-0.041592754,0,1,1
r2.7:Fe:cn10:CCCFeFeFeFeFeFeFe:sim00067,-0.15538187,-0.036381595,0,1,1
r2.7:Fe:cn10:CCCFeFeFeFeFeFeFe:sim00071,-0.15366068,-0.036037508,0,1,1
r2.7:Fe:cn10:CCCFeFeFeFeFeFeFe:sim00075,-0.16519284,-0.050747056,0,1,1
r2.7:Fe:cn10:CCCFeFeFeFeFeFeFe:sim00079,-0.15506229,-0.036549658,0,1,1
r2.7:Fe:cn10:CCCFeFeFeFeFeFeFe:sim00083,-0.12768,-0.049972601,0,1,1
r2.7:Fe:cn10:CCCFeFeFeFeFeFeFe:sim00087,-0.12247366,-0.029280992,0,1,1
r2.7:Fe:cn10:CCCFeFeFeFeFeFeFe:sim00091,-0.16283144,-0.040156402,0,1,1
r2.7:Fe:cn10:CCCFeFeFeFeFeFeFe:sim00095,-0.15133153,-0.035918623,0,1,1
r2.7:Fe:cn10:CCCFeFeFeFeFeFeFe:sim00099,-0.15694606,-0.010953559,0,1,1
r2.7:Fe:cn10:CCCFeFeFeFeFeFeFe:sim00103,-0.16651939,-0.043281738,0,1,1
r2.7:Fe:cn10:CCCFeFeFeFeFeFeFe:sim00107,-0.16679697,-0.043716084,0,1,1
r2.7:Fe:cn10:CCCFeFeFeFeFeFeFe:sim00111,-0.16256629,-0.0069465898,0,1,1
r2.7:Fe:cn10:CCCFeFeFeFeFeFeFe:sim00115,-0.17090221,-0.019846007,0,1,1
r2.7:Fe:cn10:CCCFeFeFeFeFeFeFe:sim00119,-0.16078345,0.0034136621,0,1,1
r2.7:Fe:cn10:CCCFeFeFeFeFeFeFe:sim00123,-0.16938221,-0.01608252,0,1,1
r2.7:Fe:cn10:CCCFeFeFeFeFeFeFe:sim00127,-0.16377704,-0.0081052613,0,1,1
r2.7:Fe:cn10:CCCFeFeFeFeFeFeFe:sim00131,-0.18317415,-0.030762233,0,1,1
r2.7:Fe:cn10:CCCFeFeFeFeFeFeFe:sim00135,-0.17328878,-0.019648448,0,1,1
r2.7:Fe:cn10:CCCFeFeFeFeFeFeFe:sim00139,-0.14414862,-0.018262813,0,1,1
r2.7:Fe:cn10:CCCFeFeFeFeFeFeFe:sim00143,-0.17892545,-0.051199563,0,1,1
r2.7:Fe:cn10:CCCFeFeFeFeFeFeFe:sim00147,-0.18598585,-0.063407831,0,1,1
r2.7:Fe:cn10:CCCFeFeFeFeFeFeFe:sim00151,-0.18206747,-0.031142469,0,1,1
r2.7:Fe:cn10:CCCFeFeFeFeFeFeFe:sim00155,-0.17219979,-0.019267142,0,1,1
r2.7:Fe:cn10:CCCFeFeFeFeFeFeFe:sim00159,-0.18731169,-0.033896089,0,1,1
r2.7:Fe:cn10:CCCFeFeFeFeFeFeFe:sim00163,-0.15666218,-0.019612925,0,1,1
r2.7:Fe:cn10:CCCFeFeFeFeFeFeFe:sim00167,-0.16665688,-0.015896296,0,1,1
r2.7:Fe:cn10:CCCFeFeFeFeFeFeFe:sim00171,-0.20108832,-0.028945053,0,1,1
r2.7:Fe:cn10:CCCFeFeFeFeFeFeFe:sim00175,-0.13842465,-0.010606958,0,1,1
r2.7:Fe:cn10:CCCFeFeFeFeFeFeFe:sim00179,-0.17568368,-0.020680465,0,1,1
r2.7:Fe:cn10:CCCFeFeFeFeFeFeFe:sim00184,-0.15715811,-0.0041481401,0,1,1
r2.7:Fe:cn10:CCCFeFeFeFeFeFeFe:sim00188,-0.17268895,-0.019736536,0,1,1
r2.7:Fe:cn10:CCCFeFeFeFeFeFeFe:sim00192,-0.21128125,-0.018203354,0,1,1
r2.7:Fe:cn10:CCCFeFeFeFeFeFeFe:sim00196,-0.17094572,-0.0085603502,0,1,1
r2.7:Fe:cn10:CCCFeFeFeFeFeFeFe:sim00200,-0.17782889,-0.022684749,0,1,1
r2.7:Fe:cn10:CCCFeFeFeFeFeFeFe:sim00204,-0.18836792,-0.035480648,0,1,1
r2.7:Fe:cn10:CCCFeFeFeFeFeFeFe:sim00208,-0.14005738,-0.018745089,0,1,1
r2.7:Fe:cn10:CCCFeFeFeFeFeFeFe:sim00212,-0.21539587,-0.027061421,0,1,1
r2.7:Fe:cn10:CCCFeFeFeFeFeFeFe:sim00216,-0.17735167,-0.025563823,0,1,1
r2.7:Fe:cn10:CCCFeFeFeFeFeFeFe:sim00220,-0.16693148,-0.0043310868,0,1,1
r2.7:Fe:cn10:CCCFeFeFeFeFeFeFe:sim00224,-0.17526764,-0.015588596,0,1,1
r2.7:Fe:cn10:CCCFeFeFeFeFeFeFe:sim00228,-0.17484139,-0.015749261,0,1,1
r2.7:Fe:cn10:CCCFeFeFeFeFeFeFe:sim00232,-0.1798794,-0.019477522,0,1,1
r2.7:Fe:cn10:CCCFeFeFeFeFeFeFe:sim00236,-0.17795846,-0.018560875,0,1,1
r2.7:Fe:cn10:CCCFeFeFeFeFeFeFe:sim00240,-0.16868199,-0.047951568,0,1,1
r2.7:Fe:cn10:CCCFeFeFeFeFeFeFe:sim00244,-0.17525925,-0.050403073,0,1,1
r2.7:Fe:cn10:CCCFeFeFeFeFeFeFe:sim00248,-0.16903405,-0.048061781,0,1,1
r2.7:Fe:cn10:CCCFeFeFeFeFeFeFe:sim00252,-0.18233258,-0.020107286,0,1,1
r2.7:Fe:cn10:CCCFeFeFeFeFeFeFe:sim00256,-0.19302575,-0.0051559419,0,1,1
r2.7:Fe:cn10:CCCFeFeFeFeFeFeFe:sim00260,-0.17540148,-0.014019882,0,1,1
r2.7:Fe:cn10:CCCFeFeFeFeFeFeFe:sim00264,-0.18039794,-0.019389264,0,1,1
r2.7:Fe:cn10:CCCFeFeFeFeFeFeFe:sim00268,-0.18010683,-0.01807899,0,1,1
r2.7:Fe:cn10:CCCFeFeFeFeFeFeFe:sim00272,-0.17524509,-0.015146099,0,1,1
r2.7:Fe:cn10:CCCFeFeFeFeFeFeFe:sim00276,-0.17277214,-0.01464794,0,1,1
r2.7:Fe:cn10:CCCFeFeFeFeFeFeFe:sim00280,-0.18056592,-0.019107455,0,1,1
r2.7:Fe:cn10:CCCFeFeFeFeFeFeFe:sim00284,-0.1754562,-0.015523506,0,1,1
r2.7:Fe:cn10:CCCFeFeFeFeFeFeFe:sim00288,-0.19487928,-0.0035367159,0,1,1
r2.7:Fe:cn10:CCCFeFeFeFeFeFeFe:sim00292,-0.17522348,-0.015411718,0,1,1
r2.7:Fe:cn10:CCCFeFeFeFeFeFeFe:sim00296,-0.17280966,-0.012059277,0,1,1
r2.7:Fe:cn10:CCCFeFeFeFeFeFeFe:sim00300,-0.18143648,0.010732796,0,1,1
r2.7:Fe:cn10:CCCFeFeFeFeFeFeFe:sim00304,-0.1748707,0.01190051,0,1,1
r2.7:Fe:cn10:CCCFeFeFeFeFeFeFe:sim00308,-0.16873394,0.030572601,0,1,1
r2.7:Fe:cn10:CCCFeFeFeFeFeFeFe:sim00312,-0.17946318,-0.050398346,0,1,1
r2.7:Fe:cn10:CCCFeFeFeFeFeFeFe:sim00316,-0.18429944,-0.012790632,0,1,1
r2.7:Fe:cn10:CCCFeFeFeFeFeFeFe:sim00320,-0.17629908,-0.014387175,0,1,1
r2.7:Fe:cn10:CCCFeFeFeFeFeFeFe:sim00324,-0.19833741,0.0071815616,0,1,1
r2.7:Fe:cn10:CCCFeFeFeFeFeFeFe:sim00328,-0.17179166,-0.047685515,0,1,1
r2.7:Fe:cn10:CCCFeFeFeFeFeFeFe:sim00332,-0.17759061,-0.016913772,0,1,1
r2.7:Fe:cn10:CCCFeFeFeFeFeFeFe:sim00336,-0.16746691,-0.0021919971,0,1,1
r2.7:Fe:cn10:CCCFeFeFeFeFeFeFe:sim00340,-0.17620613,-0.01397301,0,1,1
r2.7:Fe:cn10:CCCFeFeFeFeFeFeFe:sim00344,-0.17601578,-0.013851658,0,1,1
r2.7:Fe:cn10:CCCFeFeFeFeFeFeFe:sim00348,-0.21113667,-0.01680281,0,1,1
r2.7:Fe:cn10:CCCFeFeFeFeFeFeFe:sim00352,-0.16619682,-0.0019085462,0,1,1
r2.7:Fe:cn10:CCCFeFeFeFeFeFeFe:sim00356,-0.17572807,-0.013468183,0,1,1
r2.7:Fe:cn10:CCCFeFeFeFeFeFeFe:sim00360,-0.1811254,-0.015881667,0,1,1
r2.7:Fe:cn10:CCCFeFeFeFeFeFeFe:sim00364,-0.18088298,-0.015988497,0,1,1
r2.7:Fe:cn10:CCCFeFeFeFeFeFeFe:sim00368,-0.18107399,-0.015824111,0,1,1
r2.7:Fe:cn10:CCCFeFeFeFeFeFeFe:sim00372,-0.18848793,-0.032951325,0,1,1
r2.7:Fe:cn10:CCCFeFeFeFeFeFeFe:sim00376,-0.17791654,0.022264371,0,1,1
r2.7:Fe:cn10:CCCFeFeFeFeFeFeFe:sim00380,-0.17111042,-0.010686693,0,1,1
r2.7:Fe:cn10:CCCFeFeFeFeFeFeFe:sim00384,-0.19562042,0.0002446505,0,1,1
r2.7:Fe:cn10:CCCFeFeFeFeFeFeFe:sim00388,-0.17619017,-0.01577173,0,1,1
r2.7:Fe:cn10:CCCFeFeFeFeFeFeFe:sim00392,-0.15926838,0.032428809,0,1,1
r2.7:Fe:cn10:CCCFeFeFeFeFeFeFe:sim00396,-0.18614574,-0.029376341,0,1,1
r2.7:Fe:cn10:CCCFeFeFeFeFeFeFe:sim00400,-0.17526805,-0.013912293,0,1,1
r2.7:Fe:cn10:CCCFeFeFeFeFeFeFe:sim00404,-0.1702787,-0.038241226,0,1,1
r2.7:Fe:cn10:CCCFeFeFeFeFeFeFe:sim00408,-0.13746792,-0.0074849552,0,1,1
r2.7:Fe:cn10:CCCFeFeFeFeFeFeFe:sim00412,-0.17190282,-0.0089474618,0,1,1
r2.7:Fe:cn10:CCCFeFeFeFeFeFeFe:sim00416,-0.16710252,0.0038084467,0,1,1
r2.7:Fe:cn10:CCCFeFeFeFeFeFeFe:sim00420,-0.218826,-0.028377159,0,1,1
r2.7:Fe:cn10:CCCFeFeFeFeFeFeFe:sim00424,-0.17033248,-0.0054212557,0,1,1
r2.7:Fe:cn10:CCCFeFeFeFeFeFeFe:sim00428,-0.17919289,-0.016662259,0,1,1
r2.7:Fe:cn10:CCCFeFeFeFeFeFeFe:sim00432,-0.18149523,0.010739721,0,1,1
r2.7:Fe:cn10:CCCFeFeFeFeFeFeFe:sim00436,-0.16691819,-0.0086338622,0,1,1
r2.7:Fe:cn10:CCCFeFeFeFeFeFeFe:sim00440,-0.17565639,-0.014111828,0,1,1
r2.7:Fe:cn10:CCCFeFeFeFeFeFeFe:sim00444,-0.17554939,-0.013565283,0,1,1
r2.7:Fe:cn10:CCCFeFeFeFeFeFeFe:sim00448,-0.17573044,-0.015357614,0,1,1
r2.7:Fe:cn10:CCCFeFeFeFeFeFeFe:sim00452,-0.12452189,-0.045774266,0,1,1
r2.7:Fe:cn10:CCCFeFeFeFeFeFeFe:sim00456,-0.15801698,-0.021803897,0,1,1
r2.7:Fe:cn10:CCCFeFeFeFeFeFeFe:sim00460,-0.16409644,-0.0625012,0,1,1
r2.7:Fe:cn10:CCCFeFeFeFeFeFeFe:sim00464,-0.17592412,-0.013493575,0,1,1
r2.7:Fe:cn10:CCCFeFeFeFeFeFeFe:sim00468,-0.1437881,-0.038716853,0,1,1
r2.7:Fe:cn10:CCCFeFeFeFeFeFeFe:sim00472,-0.18522389,-0.01940156,0,1,1
r2.7:Fe:cn10:CCCFeFeFeFeFeFeFe:sim00477,-0.17584337,-0.013826853,0,1,1
r2.7:Fe:cn10:CCCFeFeFeFeFeFeFe:sim00481,-0.21318875,-0.0208505,0,1,1
r2.7:Fe:cn10:CCCFeFeFeFeFeFeFe:sim00485,-0.21023709,-0.016249835,0,1,1
r2.7:Fe:cn10:CCCFeFeFeFeFeFeFe:sim00489,-0.21190743,-0.0180145,0,1,1
r2.7:Fe:cn10:CCCFeFeFeFeFeFeFe:sim00493,-0.17705345,-0.014423948,0,1,1
r2.7:Fe:cn10:CCCFeFeFeFeFeFeFe:sim00497,-0.1757988,-0.013771581,0,1,1
r2.7:Fe:cn10:CCCFeFeFeFeFeFeFe:sim00501,-0.17253613,-0.011975859,0,1,1
r2.7:Fe:cn10:CCCFeFeFeFeFeFeFe:sim00505,-0.1721227,-0.012074097,0,1,1
r2.7:Fe:cn10:CCCFeFeFeFeFeFeFe:sim00509,-0.16737573,0.0084665092,0,1,1
r2.7:Fe:cn10:CCCFeFeFeFeFeFeFe:sim00513,-0.18708976,0.0019658718,0,1,1
r2.7:Fe:cn10:CCCFeFeFeFeFeFeFe:sim00517,-0.19142123,0.00028693912,0,1,1
r2.7:Fe:cn10:CCCFeFeFeFeFeFeFe:sim00521,-0.1826999,-0.0078141419,0,1,1
r2.7:Fe:cn10:CCCFeFeFeFeFeFeFe:sim00525,-0.18235382,-0.023938427,0,1,1
r2.7:Fe:cn10:CCCFeFeFeFeFeFeFe:sim00529,-0.16943482,-0.0075870361,0,1,1
r2.7:Fe:cn10:CCCFeFeFeFeFeFeFe:sim00533,-0.17250636,-0.013825234,0,1,1
r2.7:Fe:cn10:CCCFeFeFeFeFeFeFe:sim00537,-0.15920958,0.0075012706,0,1,1
r2.7:Fe:cn10:CCCFeFeFeFeFeFeFe:sim00541,-0.15734825,-0.02302531,0,1,1
r2.7:Fe:cn10:CCCFeFeFeFeFeFeFe:sim00545,-0.16703761,-0.029660825,0,1,1
r2.7:Fe:cn10:CCCFeFeFeFeFeFeFe:sim00549,-0.1661092,-0.035236944,0,1,1
r2.7:Fe:cn10:CCCFeFeFeFeFeFeFe:sim00553,-0.1703719,-0.012974,0,1,1
r2.7:Fe:cn10:CCCFeFeFeFeFeFeFe:sim00557,-0.17239408,-0.011760096,0,1,1
r2.7:Fe:cn10:CCCFeFeFeFeFeFeFe:sim00561,-0.17221278,-0.010496275,0,1,1
r2.7:Fe:cn10:CCCFeFeFeFeFeFeFe:sim00565,-0.18801384,-0.055666491,0,1,1
r2.7:Fe:cn10:CCCFeFeFeFeFeFeFe:sim00569,-0.16640674,-0.034841817,0,1,1
r2.7:Fe:cn10:CCCFeFeFeFeFeFeFe:sim00573,-0.16678636,-0.0086257225,0,1,1
r2.7:Fe:cn10:CCCFeFeFeFeFeFeFe:sim00577,-0.17437758,-0.013669881,0,1,1
r2.7:Fe:cn10:CCCFeFeFeFeFeFeFe:sim00581,-0.18627051,-0.000146828,0,1,1
r2.7:Fe:cn10:CCCFeFeFeFeFeFeFe:sim00585,-0.17275009,-0.013019168,0,1,1
r2.7:Fe:cn10:CCCFeFeFeFeFeFeFe:sim00589,-0.1718237,-0.012521644,0,1,1
r2.7:Fe:cn10:CCCFeFeFeFeFeFeFe:sim00593,-0.17670907,0.022265596,0,1,1
r2.7:Fe:cn10:CCCFeFeFeFeFeFeFe:sim00597,-0.1756538,-0.020241223,0,1,1
r2.7:Fe:cn10:CCCFeFeFeFeFeFeFe:sim00601,-0.1748095,-0.012954375,0,1,1
r2.7:Fe:cn10:CCCFeFeFeFeFeFeFe:sim00605,-0.17495695,-0.015137841,0,1,1
r2.7:Fe:cn10:CCCFeFeFeFeFeFeFe:sim00609,-0.14458179,-0.036611568,0,1,1
r2.7:Fe:cn10:CCCFeFeFeFeFeFeFe:sim00613,-0.20351094,-0.012848079,0,1,1
r2.7:Fe:cn10:CCCFeFeFeFeFeFeFe:sim00617,-0.18443833,-0.024514098,0,1,1
r2.7:Fe:cn10:CCCFeFeFeFeFeFeFe:sim00621,-0.16730973,-0.004154298,0,1,1
r2.7:Fe:cn10:CCCFeFeFeFeFeFeFe:sim00625,-0.17451745,-0.01473912,0,1,1
r2.7:Fe:cn10:CCCFeFeFeFeFeFeFe:sim00629,-0.17464536,-0.014815833,0,1,1
r2.7:Fe:cn10:CCCFeFeFeFeFeFeFe:sim00633,-0.20991714,-0.015923671,0,1,1
r2.7:Fe:cn10:CCCFeFeFeFeFeFeFe:sim00637,-0.17394398,-0.010813431,0,1,1
r2.7:Fe:cn10:CCCFeFeFeFeFeFeFe:sim00641,-0.17302971,-0.012763328,0,1,1
r2.7:Fe:cn10:CCCFeFeFeFeFeFeFe:sim00645,-0.1877992,-0.032717332,0,1,1
r2.7:Fe:cn10:CCCFeFeFeFeFeFeFe:sim00649,-0.1754104,-0.013382347,0,1,1
r2.7:Fe:cn10:CCCFeFeFeFeFeFeFe:sim00653,-0.16635701,-0.003302125,0,1,1
r2.7:Fe:cn10:CCCFeFeFeFeFeFeFe:sim00657,-0.16935909,-0.00683212,0,1,1
r2.7:Fe:cn10:CCCFeFeFeFeFeFeFe:sim00661,-0.17472078,-0.014427363,0,1,1
r2.7:Fe:cn10:CCCFeFeFeFeFeFeFe:sim00665,-0.21579336,-0.019683793,0,1,1
r2.7:Fe:cn10:CCCFeFeFeFeFeFeFe:sim00669,-0.18931292,-0.027209604,0,1,1
r2.7:Fe:cn10:CCCFeFeFeFeFeFeFe:sim00673,-0.17983198,-0.015119609,0,1,1
r2.7:Fe:cn10:CCCFeFeFeFeFeFeFe:sim00677,-0.17526411,-0.013878622,0,1,1
r2.7:Fe:cn10:CCCFeFeFeFeFeFeFe:sim00681,-0.17321686,-0.0023810787,0,1,1
r2.7:Fe:cn10:CCCFeFeFeFeFeFeFe:sim00685,-0.17453988,-0.013821345,0,1,1
r2.7:Fe:cn10:CCCFeFeFeFeFeFeFe:sim00689,-0.174868,-0.012804372,0,1,1
r2.7:Fe:cn10:CCCFeFeFeFeFeFeFe:sim00693,-0.17534865,-0.013136925,0,1,1
r2.7:Fe:cn10:CCCFeFeFeFeFeFeFe:sim00697,-0.18387455,-0.025135674,0,1,1
r2.7:Fe:cn10:CCCFeFeFeFeFeFeFe:sim00701,-0.17832793,-0.020969318,0,1,1
r2.7:Fe:cn10:CCFeFeFeFeFeFeFeFe:sim00004,-0.080303915,0.0022763836,0,1,1
r2.7:Fe:cn10:CCFeFeFeFeFeFeFeFe:sim00008,-0.054380216,-0.0012381996,0,1,1
r2.7:Fe:cn10:CCFeFeFeFeFeFeFeFe:sim00012,-0.095567018,0.019115468,0,1,1
r2.7:Fe:cn10:CCFeFeFeFeFeFeFeFe:sim00016,-0.089852825,0.022654295,0,1,1
r2.7:Fe:cn10:CCFeFeFeFeFeFeFeFe:sim00020,-0.098208055,0.022469068,0,1,1
r2.7:Fe:cn10:CCFeFeFeFeFeFeFeFe:sim00024,-0.094969049,-0.0075578261,0,1,1
r2.7:Fe:cn10:CCFeFeFeFeFeFeFeFe:sim00028,-0.098672837,0.022486873,0,1,1
r2.7:Fe:cn10:CCFeFeFeFeFeFeFeFe:sim00032,-0.11402272,-0.016050367,0,1,1
r2.7:Fe:cn10:CCFeFeFeFeFeFeFeFe:sim00036,-0.10428537,0.022313593,0,1,1
r2.7:Fe:cn10:CCFeFeFeFeFeFeFeFe:sim00040,-0.099207669,0.024404211,0,1,1
r2.7:Fe:cn10:CCFeFeFeFeFeFeFeFe:sim00044,-0.099380068,0.023849074,0,1,1
r2.7:Fe:cn10:CCFeFeFeFeFeFeFeFe:sim00048,-0.1311506,0.021346902,0,1,1
r2.7:Fe:cn10:CCFeFeFeFeFeFeFeFe:sim00052,-0.095628142,0.026056817,0,1,1
r2.7:Fe:cn10:CCFeFeFeFeFeFeFeFe:sim00056,-0.094774231,0.026769392,0,1,1
r2.7:Fe:cn10:CCFeFeFeFeFeFeFeFe:sim00060,-0.098342329,0.024469614,0,1,1
r2.7:Fe:cn10:CCFeFeFeFeFeFeFeFe:sim00064,-0.09836401,0.024462026,0,1,1
r2.7:Fe:cn10:CCFeFeFeFeFeFeFeFe:sim00068,-0.10144698,0.055443216,0,1,1
r2.7:Fe:cn10:CCFeFeFeFeFeFeFeFe:sim00072,-0.098799892,0.024080271,0,1,1
r2.7:Fe:cn10:CCFeFeFeFeFeFeFeFe:sim00076,-0.098929204,0.023688294,0,1,1
r2.7:Fe:cn10:CCFeFeFeFeFeFeFeFe:sim00080,-0.071348935,0.021418121,0,1,1
r2.7:Fe:cn10:CCFeFeFeFeFeFeFeFe:sim00084,-0.072298802,0.021076322,0,1,1
r2.7:Fe:cn10:CCFeFeFeFeFeFeFeFe:sim00088,-0.067359157,0.024104884,0,1,1
r2.7:Fe:cn10:CCFeFeFeFeFeFeFeFe:sim00092,-0.096423171,0.025107002,0,1,1
r2.7:Fe:cn10:CCFeFeFeFeFeFeFeFe:sim00096,-0.095666461,0.024853362,0,1,1
r2.7:Fe:cn10:CCFeFeFeFeFeFeFeFe:sim00100,-0.10771231,-0.013153183,0,1,1
r2.7:Fe:cn10:CCFeFeFeFeFeFeFeFe:sim00104,-0.11129063,0.016867759,0,1,1
r2.7:Fe:cn10:CCFeFeFeFeFeFeFeFe:sim00108,-0.1130081,0.016654404,0,1,1
r2.7:Fe:cn10:CCFeFeFeFeFeFeFeFe:sim00112,-0.10666735,0.050106246,0,1,1
r2.7:Fe:cn10:CCFeFeFeFeFeFeFeFe:sim00116,-0.098108068,0.034074154,0,1,1
r2.7:Fe:cn10:CCFeFeFeFeFeFeFeFe:sim00120,-0.11596491,0.038718157,0,1,1
r2.7:Fe:cn10:CCFeFeFeFeFeFeFeFe:sim00124,-0.11589766,0.039008848,0,1,1
r2.7:Fe:cn10:CCFeFeFeFeFeFeFeFe:sim00128,-0.11592466,0.039082214,0,1,1
r2.7:Fe:cn10:CCFeFeFeFeFeFeFeFe:sim00132,-0.11705436,0.038446851,0,1,1
r2.7:Fe:cn10:CCFeFeFeFeFeFeFeFe:sim00136,-0.12896939,0.020886913,0,1,1
r2.7:Fe:cn10:CCFeFeFeFeFeFeFeFe:sim00140,-0.15665884,-0.0016292228,0,1,1
r2.7:Fe:cn10:CCFeFeFeFeFeFeFeFe:sim00144,-0.13046713,-0.00054702914,0,1,1
r2.7:Fe:cn10:CCFeFeFeFeFeFeFeFe:sim00148,-0.13192865,-0.0097635938,0,1,1
r2.7:Fe:cn10:CCFeFeFeFeFeFeFeFe:sim00152,-0.12019403,0.037401535,0,1,1
r2.7:Fe:cn10:CCFeFeFeFeFeFeFeFe:sim00156,-0.12505275,0.028301539,0,1,1
r2.7:Fe:cn10:CCFeFeFeFeFeFeFeFe:sim00160,-0.11999116,0.03136687,0,1,1
r2.7:Fe:cn10:CCFeFeFeFeFeFeFeFe:sim00164,-0.11141194,0.041977674,0,1,1
r2.7:Fe:cn10:CCFeFeFeFeFeFeFeFe:sim00168,-0.11157024,0.041992839,0,1,1
r2.7:Fe:cn10:CCFeFeFeFeFeFeFeFe:sim00172,-0.10454403,0.027878929,0,1,1
r2.7:Fe:cn10:CCFeFeFeFeFeFeFeFe:sim00176,-0.10580674,0.05581113,0,1,1
r2.7:Fe:cn10:CCFeFeFeFeFeFeFeFe:sim00180,-0.11614211,0.038516503,0,1,1
r2.7:Fe:cn10:CCFeFeFeFeFeFeFeFe:sim00184,-0.11687363,0.039372433,0,1,1
r2.7:Fe:cn10:CCFeFeFeFeFeFeFeFe:sim00188,-0.11575394,0.040796191,0,1,1
r2.7:Fe:cn10:CCFeFeFeFeFeFeFeFe:sim00192,-0.14720416,0.043854501,0,1,1
r2.7:Fe:cn10:CCFeFeFeFeFeFeFeFe:sim00196,-0.11441595,0.048513718,0,1,1
r2.7:Fe:cn10:CCFeFeFeFeFeFeFeFe:sim00200,-0.12106527,0.035788521,0,1,1
r2.7:Fe:cn10:CCFeFeFeFeFeFeFeFe:sim00204,-0.11717834,0.042547777,0,1,1
r2.7:Fe:cn10:CCFeFeFeFeFeFeFeFe:sim00208,-0.099434376,0.022730565,0,1,1
r2.7:Fe:cn10:CCFeFeFeFeFeFeFeFe:sim00212,-0.11899102,0.04075516,0,1,1
r2.7:Fe:cn10:CCFeFeFeFeFeFeFeFe:sim00216,-0.11961813,0.04252905,0,1,1
r2.7:Fe:cn10:CCFeFeFeFeFeFeFeFe:sim00220,-0.11632976,0.04487361,0,1,1
r2.7:Fe:cn10:CCFeFeFeFeFeFeFeFe:sim00224,-0.11877348,0.04205706,0,1,1
r2.7:Fe:cn10:CCFeFeFeFeFeFeFeFe:sim00228,-0.12414189,0.063951403,0,1,1
r2.7:Fe:cn10:CCFeFeFeFeFeFeFeFe:sim00232,-0.12279823,0.038653843,0,1,1
r2.7:Fe:cn10:CCFeFeFeFeFeFeFeFe:sim00236,-0.14819828,0.05928763,0,1,1
r2.7:Fe:cn10:CCFeFeFeFeFeFeFeFe:sim00240,-0.1138543,0.0063271467,0,1,1
r2.7:Fe:cn10:CCFeFeFeFeFeFeFeFe:sim00244,-0.11526877,0.011923872,0,1,1
r2.7:Fe:cn10:CCFeFeFeFeFeFeFeFe:sim00248,-0.096283294,0.0016625018,0,1,1
r2.7:Fe:cn10:CCFeFeFeFeFeFeFeFe:sim00252,-0.12446335,0.039518427,0,1,1
r2.7:Fe:cn10:CCFeFeFeFeFeFeFeFe:sim00256,-0.13348882,0.051686458,0,1,1
r2.7:Fe:cn10:CCFeFeFeFeFeFeFeFe:sim00260,-0.11758296,0.043754704,0,1,1
r2.7:Fe:cn10:CCFeFeFeFeFeFeFeFe:sim00264,-0.12307486,0.04071423,0,1,1
r2.7:Fe:cn10:CCFeFeFeFeFeFeFeFe:sim00268,-0.090542547,0.043694008,0,1,1
r2.7:Fe:cn10:CCFeFeFeFeFeFeFeFe:sim00272,-0.11922558,0.042210817,0,1,1
r2.7:Fe:cn10:CCFeFeFeFeFeFeFeFe:sim00276,-0.11885977,0.042105,0,1,1
r2.7:Fe:cn10:CCFeFeFeFeFeFeFeFe:sim00280,-0.11875679,0.042373735,0,1,1
r2.7:Fe:cn10:CCFeFeFeFeFeFeFeFe:sim00284,-0.11917675,0.042260487,0,1,1
r2.7:Fe:cn10:CCFeFeFeFeFeFeFeFe:sim00288,-0.13650504,0.053101871,0,1,1
r2.7:Fe:cn10:CCFeFeFeFeFeFeFeFe:sim00292,-0.11885762,0.042243838,0,1,1
r2.7:Fe:cn10:CCFeFeFeFeFeFeFeFe:sim00296,-0.12117612,0.036346886,0,1,1
r2.7:Fe:cn10:CCFeFeFeFeFeFeFeFe:sim00300,-0.12474605,0.064864799,0,1,1
r2.7:Fe:cn10:CCFeFeFeFeFeFeFeFe:sim00304,-0.11887421,0.066903077,0,1,1
r2.7:Fe:cn10:CCFeFeFeFeFeFeFeFe:sim00308,-0.11266618,0.083610296,0,1,1
r2.7:Fe:cn10:CCFeFeFeFeFeFeFeFe:sim00312,-0.12436954,0.038095348,0,1,1
r2.7:Fe:cn10:CCFeFeFeFeFeFeFeFe:sim00316,-0.098574378,0.034342341,0,1,1
r2.7:Fe:cn10:CCFeFeFeFeFeFeFeFe:sim00320,-0.11957951,0.043259192,0,1,1
r2.7:Fe:cn10:CCFeFeFeFeFeFeFeFe:sim00324,-0.13955176,0.062705204,0,1,1
r2.7:Fe:cn10:CCFeFeFeFeFeFeFeFe:sim00328,-0.11944722,0.044887315,0,1,1
r2.7:Fe:cn10:CCFeFeFeFeFeFeFeFe:sim00332,-0.12918177,0.030832175,0,1,1
r2.7:Fe:cn10:CCFeFeFeFeFeFeFeFe:sim00336,-0.11337656,0.050181065,0,1,1
r2.7:Fe:cn10:CCFeFeFeFeFeFeFeFe:sim00340,-0.10999501,0.05508012,0,1,1
r2.7:Fe:cn10:CCFeFeFeFeFeFeFeFe:sim00344,-0.11949215,0.045154195,0,1,1
r2.7:Fe:cn10:CCFeFeFeFeFeFeFeFe:sim00348,-0.11929452,0.04547476,0,1,1
r2.7:Fe:cn10:CCFeFeFeFeFeFeFeFe:sim00352,-0.11936693,0.043606367,0,1,1
r2.7:Fe:cn10:CCFeFeFeFeFeFeFeFe:sim00356,-0.12709832,0.033725549,0,1,1
r2.7:Fe:cn10:CCFeFeFeFeFeFeFeFe:sim00360,-0.12396722,0.04304551,0,1,1
r2.7:Fe:cn10:CCFeFeFeFeFeFeFeFe:sim00364,-0.12382209,0.041946605,0,1,1
r2.7:Fe:cn10:CCFeFeFeFeFeFeFeFe:sim00368,-0.12379544,0.042039756,0,1,1
r2.7:Fe:cn10:CCFeFeFeFeFeFeFeFe:sim00372,-0.12956668,0.02081484,0,1,1
r2.7:Fe:cn10:CCFeFeFeFeFeFeFeFe:sim00376,-0.12253866,0.074754365,0,1,1
r2.7:Fe:cn10:CCFeFeFeFeFeFeFeFe:sim00380,-0.11514498,0.046519712,0,1,1
r2.7:Fe:cn10:CCFeFeFeFeFeFeFeFe:sim00384,-0.13706319,0.054872446,0,1,1
r2.7:Fe:cn10:CCFeFeFeFeFeFeFeFe:sim00388,-0.12439165,0.040465433,0,1,1
r2.7:Fe:cn10:CCFeFeFeFeFeFeFeFe:sim00392,-0.09115351,0.023766804,0,1,1
r2.7:Fe:cn10:CCFeFeFeFeFeFeFeFe:sim00396,-0.12074639,0.034479063,0,1,1
r2.7:Fe:cn10:CCFeFeFeFeFeFeFeFe:sim00400,-0.11925104,0.043782745,0,1,1
r2.7:Fe:cn10:CCFeFeFeFeFeFeFeFe:sim00404,-0.12088808,0.043107964,0,1,1
r2.7:Fe:cn10:CCFeFeFeFeFeFeFeFe:sim00408,-0.087026872,0.046836283,0,1,1
r2.7:Fe:cn10:CCFeFeFeFeFeFeFeFe:sim00412,-0.11786295,0.045260843,0,1,1
r2.7:Fe:cn10:CCFeFeFeFeFeFeFeFe:sim00416,-0.13829495,0.059964996,0,1,1
r2.7:Fe:cn10:CCFeFeFeFeFeFeFeFe:sim00420,-0.15347771,0.037194215,0,1,1
r2.7:Fe:cn10:CCFeFeFeFeFeFeFeFe:sim00424,-0.1219842,0.040983878,0,1,1
r2.7:Fe:cn10:CCFeFeFeFeFeFeFeFe:sim00428,-0.13108627,0.030661041,0,1,1
r2.7:Fe:cn10:CCFeFeFeFeFeFeFeFe:sim00432,-0.10972395,0.055242907,0,1,1
r2.7:Fe:cn10:CCFeFeFeFeFeFeFeFe:sim00436,-0.086791404,0.044690717,0,1,1
r2.7:Fe:cn10:CCFeFeFeFeFeFeFeFe:sim00440,-0.11926994,0.043642599,0,1,1
r2.7:Fe:cn10:CCFeFeFeFeFeFeFeFe:sim00444,-0.11919035,0.044009451,0,1,1
r2.7:Fe:cn10:CCFeFeFeFeFeFeFeFe:sim00448,-0.1200204,0.041765507,0,1,1
r2.7:Fe:cn10:CCFeFeFeFeFeFeFeFe:sim00452,-0.10036802,0.036487389,0,1,1
r2.7:Fe:cn10:CCFeFeFeFeFeFeFeFe:sim00456,-0.11973435,0.019584542,0,1,1
r2.7:Fe:cn10:CCFeFeFeFeFeFeFeFe:sim00460,-0.11394322,0.021798946,0,1,1
r2.7:Fe:cn10:CCFeFeFeFeFeFeFeFe:sim00464,-0.11488058,0.021331185,0,1,1
r2.7:Fe:cn10:CCFeFeFeFeFeFeFeFe:sim00468,-0.096798614,0.010229396,0,1,1
r2.7:Fe:cn10:CCFeFeFeFeFeFeFeFe:sim00472,-0.14522596,0.049934242,0,1,1
r2.7:Fe:cn10:CCFeFeFeFeFeFeFeFe:sim00476,-0.087259896,0.046436653,0,1,1
r2.7:Fe:cn10:CCFeFeFeFeFeFeFeFe:sim00480,-0.1544942,0.071685061,0,1,1
r2.7:Fe:cn10:CCFeFeFeFeFeFeFeFe:sim00484,-0.15008301,0.041348614,0,1,1
r2.7:Fe:cn10:CCFeFeFeFeFeFeFeFe:sim00488,-0.13671869,0.080100976,0,1,1
r2.7:Fe:cn10:CCFeFeFeFeFeFeFeFe:sim00492,-0.11738893,0.044718798,0,1,1
r2.7:Fe:cn10:CCFeFeFeFeFeFeFeFe:sim00496,-0.1227384,0.074723259,0,1,1
r2.7:Fe:cn10:CCFeFeFeFeFeFeFeFe:sim00500,-0.12739491,0.028660292,0,1,1
r2.7:Fe:cn10:CCFeFeFeFeFeFeFeFe:sim00504,-0.11386467,0.046932459,0,1,1
r2.7:Fe:cn10:CCFeFeFeFeFeFeFeFe:sim00508,-0.12814058,0.008851598,0,1,1
r2.7:Fe:cn10:CCFeFeFeFeFeFeFeFe:sim00512,-0.15020813,0.067904331,0,1,1
r2.7:Fe:cn10:CCFeFeFeFeFeFeFeFe:sim00516,-0.13344723,0.056932591,0,1,1
r2.7:Fe:cn10:CCFeFeFeFeFeFeFeFe:sim00520,-0.11586133,0.045607835,0,1,1
r2.7:Fe:cn10:CCFeFeFeFeFeFeFeFe:sim00524,-0.1114688,0.047417119,0,1,1
r2.7:Fe:cn10:CCFeFeFeFeFeFeFeFe:sim00528,-0.11631146,0.045665432,0,1,1
r2.7:Fe:cn10:CCFeFeFeFeFeFeFeFe:sim00532,-0.10189206,0.084480666,0,1,1
r2.7:Fe:cn10:CCFeFeFeFeFeFeFeFe:sim00536,-0.083708532,0.048408918,0,1,1
r2.7:Fe:cn10:CCFeFeFeFeFeFeFeFe:sim00540,-0.12271018,0.054261263,0,1,1
r2.7:Fe:cn10:CCFeFeFeFeFeFeFeFe:sim00544,-0.10081983,0.035893839,0,1,1
r2.7:Fe:cn10:CCFeFeFeFeFeFeFeFe:sim00548,-0.10320988,0.0352748,0,1,1
r2.7:Fe:cn10:CCFeFeFeFeFeFeFeFe:sim00552,-0.11619176,0.045253787,0,1,1
r2.7:Fe:cn10:CCFeFeFeFeFeFeFeFe:sim00556,-0.1161617,0.045885455,0,1,1
r2.7:Fe:cn10:CCFeFeFeFeFeFeFeFe:sim00560,-0.11203081,0.048376311,0,1,1
r2.7:Fe:cn10:CCFeFeFeFeFeFeFeFe:sim00564,-0.11361695,0.048115779,0,1,1
r2.7:Fe:cn10:CCFeFeFeFeFeFeFeFe:sim00568,-0.088478304,0.02636374,0,1,1
r2.7:Fe:cn10:CCFeFeFeFeFeFeFeFe:sim00572,-0.11459022,0.055024255,0,1,1
r2.7:Fe:cn10:CCFeFeFeFeFeFeFeFe:sim00576,-0.11532521,0.046585467,0,1,1
r2.7:Fe:cn10:CCFeFeFeFeFeFeFeFe:sim00580,-0.11604487,0.045413457,0,1,1
r2.7:Fe:cn10:CCFeFeFeFeFeFeFeFe:sim00584,-0.11606248,0.045722492,0,1,1
r2.7:Fe:cn10:CCFeFeFeFeFeFeFeFe:sim00588,-0.12085526,0.043080553,0,1,1
r2.7:Fe:cn10:CCFeFeFeFeFeFeFeFe:sim00592,-0.11785429,0.044508204,0,1,1
r2.7:Fe:cn10:CCFeFeFeFeFeFeFeFe:sim00596,-0.10241383,0.034745306,0,1,1
r2.7:Fe:cn10:CCFeFeFeFeFeFeFeFe:sim00600,-0.11825077,0.044430953,0,1,1
r2.7:Fe:cn10:CCFeFeFeFeFeFeFeFe:sim00604,-0.14247246,0.062038645,0,1,1
r2.7:Fe:cn10:CCFeFeFeFeFeFeFeFe:sim00608,-0.11703567,0.044791311,0,1,1
r2.7:Fe:cn10:CCFeFeFeFeFeFeFeFe:sim00612,-0.13407499,0.040071782,0,1,1
r2.7:Fe:cn10:CCFeFeFeFeFeFeFeFe:sim00616,-0.12222511,0.040073313,0,1,1
r2.7:Fe:cn10:CCFeFeFeFeFeFeFeFe:sim00620,-0.11879114,0.042961854,0,1,1
r2.7:Fe:cn10:CCFeFeFeFeFeFeFeFe:sim00624,-0.12031189,0.041013185,0,1,1
r2.7:Fe:cn10:CCFeFeFeFeFeFeFeFe:sim00628,-0.11434045,0.044137284,0,1,1
r2.7:Fe:cn10:CCFeFeFeFeFeFeFeFe:sim00632,-0.11841273,0.044689145,0,1,1
r2.7:Fe:cn10:CCFeFeFeFeFeFeFeFe:sim00636,-0.12411983,0.042959075,0,1,1
r2.7:Fe:cn10:CCFeFeFeFeFeFeFeFe:sim00640,-0.11874031,0.044476319,0,1,1
r2.7:Fe:cn10:CCFeFeFeFeFeFeFeFe:sim00644,-0.1319901,0.056966644,0,1,1
r2.7:Fe:cn10:CCFeFeFeFeFeFeFeFe:sim00648,-0.11991802,0.04334981,0,1,1
r2.7:Fe:cn10:CCFeFeFeFeFeFeFeFe:sim00652,-0.11418562,0.049909346,0,1,1
r2.7:Fe:cn10:CCFeFeFeFeFeFeFeFe:sim00656,-0.11377771,0.050166663,0,1,1
r2.7:Fe:cn10:CCFeFeFeFeFeFeFeFe:sim00660,-0.11875503,0.044178307,0,1,1
r2.7:Fe:cn10:CCFeFeFeFeFeFeFeFe:sim00664,-0.11852793,0.044452753,0,1,1
r2.7:Fe:cn10:CCFeFeFeFeFeFeFeFe:sim00668,-0.11833262,0.044339612,0,1,1
r2.7:Fe:cn10:CCFeFeFeFeFeFeFeFe:sim00672,-0.11878213,0.044058423,0,1,1
r2.7:Fe:cn10:CCFeFeFeFeFeFeFeFe:sim00676,-0.12043969,0.04927874,0,1,1
r2.7:Fe:cn10:CCFeFeFeFeFeFeFeFe:sim00680,-0.11810467,0.044233058,0,1,1
r2.7:Fe:cn10:CCFeFeFeFeFeFeFeFe:sim00684,-0.11838496,0.044558469,0,1,1
r2.7:Fe:cn10:CCFeFeFeFeFeFeFeFe:sim00688,-0.11997554,0.043258101,0,1,1
r2.7:Fe:cn10:CCFeFeFeFeFeFeFeFe:sim00692,-0.1185927,0.044174425,0,1,1
r2.7:Fe:cn10:CCFeFeFeFeFeFeFeFe:sim00696,-0.11644823,0.045157112,0,1,1
r2.7:Fe:cn10:CCFeFeFeFeFeFeFeFe:sim00700,-0.14471154,0.047040198,0,1,1
r2.7:Fe:cn10:CCFeFeFeFeFeFeFeFe:sim00704,-0.1132606,0.04421778,0,1,1
r2.7:Fe:cn10:CCFeFeFeFeFeFeFeFe:sim00708,-0.10191802,0.039827131,0,1,1
r2.7:Fe:cn10:CCFeFeFeFeFeFeFeFe:sim00712,-0.12102954,0.04289028,0,1,1
r2.7:Fe:cn10:CCFeFeFeFeFeFeFeFe:sim00716,-0.11882681,0.043921188,0,1,1
r2.7:Fe:cn10:CCFeFeFeFeFeFeFeFe:sim00720,-0.11896516,0.044243123,0,1,1
r2.7:Fe:cn10:CCFeFeFeFeFeFeFeFe:sim00724,-0.11931026,0.044178527,0,1,1
r2.7:Fe:cn10:CCFeFeFeFeFeFeFeFe:sim00728,-0.11465818,0.04752209,0,1,1
r2.7:Fe:cn10:CCFeFeFeFeFeFeFeFe:sim00732,-0.11442913,0.019317353,0,1,1
r2.7:Fe:cn10:CCFeFeFeFeFeFeFeFe:sim00736,-0.12422667,0.040994179,0,1,1
r2.7:Fe:cn10:CCFeFeFeFeFeFeFeFe:sim00740,-0.13934623,0.063149437,0,1,1
r2.7:Fe:cn10:CCFeFeFeFeFeFeFeFe:sim00744,-0.1193205,0.04381948,0,1,1
r2.7:Fe:cn10:CCFeFeFeFeFeFeFeFe:sim00748,-0.10464153,0.083392903,0,1,1
r2.7:Fe:cn10:CCFeFeFeFeFeFeFeFe:sim00752,-0.13079298,0.050769322,0,1,1
r2.7:Fe:cn10:CFeFeFeFeFeFeFeFeFe:sim00002,-0.026461637,0.04994832,0,1,1
r2.7:Fe:cn10:CFeFeFeFeFeFeFeFeFe:sim00006,-0.027418716,0.051264238,0,1,1
r2.7:Fe:cn10:CFeFeFeFeFeFeFeFeFe:sim00010,-0.032260124,0.047433738,0,1,1
r2.7:Fe:cn10:CFeFeFeFeFeFeFeFeFe:sim00014,-0.055300429,0.030481946,0,1,1
r2.7:Fe:cn10:CFeFeFeFeFeFeFeFeFe:sim00018,-0.042127162,0.065753467,0,1,1
r2.7:Fe:cn10:CFeFeFeFeFeFeFeFeFe:sim00022,-0.057041757,0.07846041,0,1,1
r2.7:Fe:cn10:CFeFeFeFeFeFeFeFeFe:sim00026,-0.056364086,0.058323443,0,1,1
r2.7:Fe:cn10:CFeFeFeFeFeFeFeFeFe:sim00030,-0.052537773,0.11868239,0,1,1
r2.7:Fe:cn10:CFeFeFeFeFeFeFeFeFe:sim00034,-0.044986237,0.071408823,0,1,1
r2.7:Fe:cn10:CFeFeFeFeFeFeFeFeFe:sim00038,-0.044955775,0.070877507,0,1,1
r2.7:Fe:cn10:CFeFeFeFeFeFeFeFeFe:sim00042,-0.047107782,0.068087086,0,1,1
r2.7:Fe:cn10:CFeFeFeFeFeFeFeFeFe:sim00046,-0.04020825,0.050749209,0,1,1
r2.7:Fe:cn10:CFeFeFeFeFeFeFeFeFe:sim00050,-0.041052449,0.072485991,0,1,1
r2.7:Fe:cn10:CFeFeFeFeFeFeFeFeFe:sim00054,-0.029745102,0.062568247,0,1,1
r2.7:Fe:cn10:CFeFeFeFeFeFeFeFeFe:sim00058,-0.037287299,0.074946791,0,1,1
r2.7:Fe:cn10:CFeFeFeFeFeFeFeFeFe:sim00062,-0.04417979,0.069770917,0,1,1
r2.7:Fe:cn10:CFeFeFeFeFeFeFeFeFe:sim00066,-0.028483782,0.061092764,0,1,1
r2.7:Fe:cn10:CFeFeFeFeFeFeFeFeFe:sim00070,-0.04441544,0.074326314,0,1,1
r2.7:Fe:cn10:CFeFeFeFeFeFeFeFeFe:sim00074,-0.022531988,0.067108974,0,1,1
r2.7:Fe:cn10:CFeFeFeFeFeFeFeFeFe:sim00078,-0.04477055,0.070840932,0,1,1
r2.7:Fe:cn10:CFeFeFeFeFeFeFeFeFe:sim00082,-0.036747999,0.077845939,0,1,1
r2.7:Fe:cn10:CFeFeFeFeFeFeFeFeFe:sim00086,-0.020423487,0.068156019,0,1,1
r2.7:Fe:cn10:CFeFeFeFeFeFeFeFeFe:sim00090,-0.042926047,0.068079285,0,1,1
r2.7:Fe:cn10:CFeFeFeFeFeFeFeFeFe:sim00094,-0.042622093,0.070869952,0,1,1
r2.7:Fe:cn10:CFeFeFeFeFeFeFeFeFe:sim00098,-0.043086689,0.070932001,0,1,1
r2.7:Fe:cn10:CFeFeFeFeFeFeFeFeFe:sim00102,-0.056178179,0.063932344,0,1,1
r2.7:Fe:cn10:CFeFeFeFeFeFeFeFeFe:sim00106,-0.042299259,0.043414384,0,1,1
r2.7:Fe:cn10:CFeFeFeFeFeFeFeFeFe:sim00110,-0.044444397,0.098594598,0,1,1
r2.7:Fe:cn10:CFeFeFeFeFeFeFeFeFe:sim00114,-0.047264028,0.097029626,0,1,1
r2.7:Fe:cn10:CFeFeFeFeFeFeFeFeFe:sim00118,-0.052316677,0.095108315,0,1,1
r2.7:Fe:cn10:CFeFeFeFeFeFeFeFeFe:sim00122,-0.06069392,0.082376808,0,1,1
r2.7:Fe:cn10:CFeFeFeFeFeFeFeFeFe:sim00126,-0.060747653,0.083621658,0,1,1
r2.7:Fe:cn10:CFeFeFeFeFeFeFeFeFe:sim00130,-0.043030929,0.065814465,0,1,1
r2.7:Fe:cn10:CFeFeFeFeFeFeFeFeFe:sim00134,-0.061429989,0.083498284,0,1,1
r2.7:Fe:cn10:CFeFeFeFeFeFeFeFeFe:sim00138,-0.061416544,0.083870307,0,1,1
r2.7:Fe:cn10:CFeFeFeFeFeFeFeFeFe:sim00142,-0.048980124,0.052359425,0,1,1
r2.7:Fe:cn10:CFeFeFeFeFeFeFeFeFe:sim00146,-0.063629277,0.036250621,0,1,1
r2.7:Fe:cn10:CFeFeFeFeFeFeFeFeFe:sim00150,-0.069050796,0.073865786,0,1,1
r2.7:Fe:cn10:CFeFeFeFeFeFeFeFeFe:sim00154,-0.063502029,0.081786171,0,1,1
r2.7:Fe:cn10:CFeFeFeFeFeFeFeFeFe:sim00158,-0.071604334,0.069425642,0,1,1
r2.7:Fe:cn10:CFeFeFeFeFeFeFeFeFe:sim00162,-0.042180646,0.0757486,0,1,1
r2.7:Fe:cn10:CFeFeFeFeFeFeFeFeFe:sim00166,-0.060789496,0.084797688,0,1,1
r2.7:Fe:cn10:CFeFeFeFeFeFeFeFeFe:sim00170,-0.062111206,0.083168983,0,1,1
r2.7:Fe:cn10:CFeFeFeFeFeFeFeFeFe:sim00174,-0.062489655,0.082810275,0,1,1
r2.7:Fe:cn10:CFeFeFeFeFeFeFeFeFe:sim00178,-0.061332569,0.084410809,0,1,1
r2.7:Fe:cn10:CFeFeFeFeFeFeFeFeFe:sim00182,-0.059432447,0.086741,0,1,1
r2.7:Fe:cn10:CFeFeFeFeFeFeFeFeFe:sim00186,-0.060874537,0.083598793,0,1,1
r2.7:Fe:cn10:CFeFeFeFeFeFeFeFeFe:sim00190,-0.061854165,0.12099409,0,1,1
r2.7:Fe:cn10:CFeFeFeFeFeFeFeFeFe:sim00194,-0.029264277,0.095616668,0,1,1
r2.7:Fe:cn10:CFeFeFeFeFeFeFeFeFe:sim00198,-0.069615372,0.078279406,0,1,1
r2.7:Fe:cn10:CFeFeFeFeFeFeFeFeFe:sim00202,-0.063431196,0.086724117,0,1,1
r2.7:Fe:cn10:CFeFeFeFeFeFeFeFeFe:sim00206,-0.064121135,0.085281439,0,1,1
r2.7:Fe:cn10:CFeFeFeFeFeFeFeFeFe:sim00210,-0.078723356,0.09680599,0,1,1
r2.7:Fe:cn10:CFeFeFeFeFeFeFeFeFe:sim00214,-0.063223533,0.087152071,0,1,1
r2.7:Fe:cn10:CFeFeFeFeFeFeFeFeFe:sim00218,-0.047613706,0.07690569,0,1,1
r2.7:Fe:cn10:CFeFeFeFeFeFeFeFeFe:sim00222,-0.070731297,0.082222976,0,1,1
r2.7:Fe:cn10:CFeFeFeFeFeFeFeFeFe:sim00226,-0.063430101,0.086848676,0,1,1
r2.7:Fe:cn10:CFeFeFeFeFeFeFeFeFe:sim00230,-0.073648006,0.074786931,0,1,1
r2.7:Fe:cn10:CFeFeFeFeFeFeFeFeFe:sim00234,-0.065634988,0.084073119,0,1,1
r2.7:Fe:cn10:CFeFeFeFeFeFeFeFeFe:sim00238,-0.064955838,0.08483436,0,1,1
r2.7:Fe:cn10:CFeFeFeFeFeFeFeFeFe:sim00242,-0.0603927,0.05951697,0,1,1
r2.7:Fe:cn10:CFeFeFeFeFeFeFeFeFe:sim00246,-0.059801668,0.05945627,0,1,1
r2.7:Fe:cn10:CFeFeFeFeFeFeFeFeFe:sim00250,-0.064113915,0.086383253,0,1,1
r2.7:Fe:cn10:CFeFeFeFeFeFeFeFeFe:sim00254,-0.091063224,0.084469095,0,1,1
r2.7:Fe:cn10:CFeFeFeFeFeFeFeFeFe:sim00258,-0.059632368,0.06674172,0,1,1
r2.7:Fe:cn10:CFeFeFeFeFeFeFeFeFe:sim00262,-0.066616476,0.085874945,0,1,1
r2.7:Fe:cn10:CFeFeFeFeFeFeFeFeFe:sim00266,-0.04232705,0.087078206,0,1,1
r2.7:Fe:cn10:CFeFeFeFeFeFeFeFeFe:sim00270,-0.06293647,0.086781681,0,1,1
r2.7:Fe:cn10:CFeFeFeFeFeFeFeFeFe:sim00274,-0.063018061,0.087003209,0,1,1
r2.7:Fe:cn10:CFeFeFeFeFeFeFeFeFe:sim00278,-0.063431941,0.086573817,0,1,1
r2.7:Fe:cn10:CFeFeFeFeFeFeFeFeFe:sim00282,-0.061620288,0.095770918,0,1,1
r2.7:Fe:cn10:CFeFeFeFeFeFeFeFeFe:sim00286,-0.063935511,0.085163862,0,1,1
r2.7:Fe:cn10:CFeFeFeFeFeFeFeFeFe:sim00290,-0.062663414,0.088652991,0,1,1
r2.7:Fe:cn10:CFeFeFeFeFeFeFeFeFe:sim00294,-0.040811889,0.083550446,0,1,1
r2.7:Fe:cn10:CFeFeFeFeFeFeFeFeFe:sim00298,-0.066703528,0.085859075,0,1,1
r2.7:Fe:cn10:CFeFeFeFeFeFeFeFeFe:sim00302,-0.07339891,0.12714048,0,1,1
r2.7:Fe:cn10:CFeFeFeFeFeFeFeFeFe:sim00306,-0.064765252,0.10937025,0,1,1
r2.7:Fe:cn10:CFeFeFeFeFeFeFeFeFe:sim00310,-0.065297648,0.085857995,0,1,1
r2.7:Fe:cn10:FeFeFeFeFeFeFeFeFeFe:sim00002,-0.031322367,0.11438745,0,1,1
r2.7:Fe:cn10:FeFeFeFeFeFeFeFeFeFe:sim00006,-0.035109673,0.11331781,0,1,1
r2.7:Fe:cn10:FeFeFeFeFeFeFeFeFeFe:sim00010,-0.044901952,0.1087784,0,1,1
r2.7:Fe:cn10:FeFeFeFeFeFeFeFeFeFe:sim00014,-0.051511589,0.10736915,0,1,1
r2.7:Fe:cn10:FeFeFeFeFeFeFeFeFeFe:sim00018,-0.049412131,0.12615485,0,1,1
r2.7:Fe:cn10:FeFeFeFeFeFeFeFeFeFe:sim00022,-0.051407799,0.12906657,0,1,1
r2.7:Fe:cn10:FeFeFeFeFeFeFeFeFeFe:sim00026,-0.054566298,0.12804136,0,1,1
r2.7:Fe:cn10:FeFeFeFeFeFeFeFeFeFe:sim00030,-0.04670072,0.16108118,0,1,1
r2.7:Fe:cn10:FeFeFeFeFeFeFeFeFeFe:sim00034,-0.05193305,0.13022977,0,1,1
r2.7:Fe:cn10:FeFeFeFeFeFeFeFeFeFe:sim00038,-0.050069809,0.13261321,0,1,1
r2.7:Fe:cn11:CCCCCFeFeFeFeFeFe:sim00002,-0.20771183,-0.13872534,0,1,1
r2.7:Fe:cn11:CCCCCFeFeFeFeFeFe:sim00006,-0.24537008,-0.13859366,0,1,1
r2.7:Fe:cn11:CCCCCFeFeFeFeFeFe:sim00010,-0.26041174,-0.14536595,0,1,1
r2.7:Fe:cn11:CCCCCFeFeFeFeFeFe:sim00014,-0.27999437,-0.16759555,0,1,1
r2.7:Fe:cn11:CCCCCFeFeFeFeFeFe:sim00018,-0.26624972,-0.11935946,0,1,1
r2.7:Fe:cn11:CCCCCFeFeFeFeFeFe:sim00022,-0.23896785,-0.14235939,0,1,1
r2.7:Fe:cn11:CCCCCFeFeFeFeFeFe:sim00026,-0.27412918,-0.11681984,0,1,1
r2.7:Fe:cn11:CCCCCFeFeFeFeFeFe:sim00030,-0.27669141,-0.086961895,0,1,1
r2.7:Fe:cn11:CCCCCFeFeFeFeFeFe:sim00034,-0.27041668,-0.11323451,0,1,1
r2.7:Fe:cn11:CCCCFeFeFeFeFeFeFe:sim00002,-0.17764273,-0.061339542,0,1,1
r2.7:Fe:cn11:CCCCFeFeFeFeFeFeFe:sim00006,-0.17747858,-0.059437521,0,1,1
r2.7:Fe:cn11:CCCCFeFeFeFeFeFeFe:sim00010,-0.19100431,-0.065778412,0,1,1
r2.7:Fe:cn11:CCCCFeFeFeFeFeFeFe:sim00014,-0.21144606,-0.086710848,0,1,1
r2.7:Fe:cn11:CCCCFeFeFeFeFeFeFe:sim00018,-0.2017964,-0.045374759,0,1,1
r2.7:Fe:cn11:CCCCFeFeFeFeFeFeFe:sim00022,-0.19975165,-0.038248993,0,1,1
r2.7:Fe:cn11:CCCCFeFeFeFeFeFeFe:sim00026,-0.23806584,-0.042100795,0,1,1
r2.7:Fe:cn11:CCCCFeFeFeFeFeFeFe:sim00030,-0.20530272,-0.01255336,0,1,1
r2.7:Fe:cn11:CCCCFeFeFeFeFeFeFe:sim00034,-0.20001461,-0.03616799,0,1,1
r2.7:Fe:cn11:CCCCFeFeFeFeFeFeFe:sim00038,-0.20048596,-0.036465451,0,1,1
r2.7:Fe:cn11:CCCCFeFeFeFeFeFeFe:sim00042,-0.20039091,-0.034954485,0,1,1
r2.7:Fe:cn11:CCCCFeFeFeFeFeFeFe:sim00046,-0.18488371,-0.048818104,0,1,1
r2.7:Fe:cn11:CCCCFeFeFeFeFeFeFe:sim00050,-0.19633284,-0.034509931,0,1,1
r2.7:Fe:cn11:CCCCFeFeFeFeFeFeFe:sim00054,-0.18237884,-0.046800852,0,1,1
r2.7:Fe:cn11:CCCCFeFeFeFeFeFeFe:sim00058,-0.19663088,-0.034661502,0,1,1
r2.7:Fe:cn11:CCCCFeFeFeFeFeFeFe:sim00062,-0.21804903,-0.026875697,0,1,1
r2.7:Fe:cn11:CCCCFeFeFeFeFeFeFe:sim00066,-0.22510281,-0.031324938,0,1,1
r2.7:Fe:cn11:CCCCFeFeFeFeFeFeFe:sim00070,-0.20039091,-0.034954485,0,1,1
r2.7:Fe:cn11:CCCCFeFeFeFeFeFeFe:sim00074,-0.20041111,-0.036293056,0,1,1
r2.7:Fe:cn11:CCCCFeFeFeFeFeFeFe:sim00078,-0.19985062,-0.036007836,0,1,1
r2.7:Fe:cn11:CCCCFeFeFeFeFeFeFe:sim00082,-0.19131115,-0.027858015,0,1,1
r2.7:Fe:cn11:CCCCFeFeFeFeFeFeFe:sim00086,-0.17165773,-0.039848544,0,1,1
r2.7:Fe:cn11:CCCCFeFeFeFeFeFeFe:sim00090,-0.20825168,-0.047922816,0,1,1
r2.7:Fe:cn11:CCCCFeFeFeFeFeFeFe:sim00094,-0.1977576,-0.036104161,0,1,1
r2.7:Fe:cn11:CCCCFeFeFeFeFeFeFe:sim00098,-0.19793932,-0.035479419,0,1,1
r2.7:Fe:cn11:CCCCFeFeFeFeFeFeFe:sim00102,-0.22641896,-0.058041882,0,1,1
r2.7:Fe:cn11:CCCCFeFeFeFeFeFeFe:sim00106,-0.18816318,-0.062734812,0,1,1
r2.7:Fe:cn11:CCCCFeFeFeFeFeFeFe:sim00110,-0.20858553,-0.0079535702,0,1,1
r2.7:Fe:cn11:CCCCFeFeFeFeFeFeFe:sim00114,-0.21242888,-0.016775109,0,1,1
r2.7:Fe:cn11:CCCCFeFeFeFeFeFeFe:sim00118,-0.20868936,-0.0081439456,0,1,1
r2.7:Fe:cn11:CCCCFeFeFeFeFeFeFe:sim00122,-0.21721193,-0.023221154,0,1,1
r2.7:Fe:cn11:CCCCFeFeFeFeFeFeFe:sim00126,-0.20566383,-0.0012828816,0,1,1
r2.7:Fe:cn11:CCCCFeFeFeFeFeFeFe:sim00130,-0.21914448,-0.020591857,0,1,1
r2.7:Fe:cn11:CCCCFeFeFeFeFeFeFe:sim00134,-0.18158518,-0.01074632,0,1,1
r2.7:Fe:cn11:CCCCFeFeFeFeFeFeFe:sim00138,-0.2186251,-0.020013589,0,1,1
r2.7:Fe:cn11:CCCCFeFeFeFeFeFeFe:sim00142,-0.24537992,-0.079307504,0,1,1
r2.7:Fe:cn11:CCCCFeFeFeFeFeFeFe:sim00146,-0.22171399,-0.079890542,0,1,1
r2.7:Fe:cn11:CCCCFeFeFeFeFeFeFe:sim00150,-0.22689363,-0.031252582,0,1,1
r2.7:Fe:cn11:CCCCFeFeFeFeFeFeFe:sim00154,-0.22539158,0.007294286,0,1,1
r2.7:Fe:cn11:CCCCFeFeFeFeFeFeFe:sim00158,-0.23935434,-0.050295331,0,1,1
r2.7:Fe:cn11:CCCCFeFeFeFeFeFeFe:sim00162,-0.21320233,-0.01745663,0,1,1
r2.7:Fe:cn11:CCCCFeFeFeFeFeFeFe:sim00166,-0.2006036,0.002504861,0,1,1
r2.7:Fe:cn11:CCCCFeFeFeFeFeFeFe:sim00170,-0.22016916,-0.021424493,0,1,1
r2.7:Fe:cn11:CCCCFeFeFeFeFeFeFe:sim00174,-0.21831444,-0.020294415,0,1,1
r2.7:Fe:cn11:CCCCFeFeFeFeFeFeFe:sim00178,-0.21710384,-0.010454076,0,1,1
r2.7:Fe:cn11:CCCCFeFeFeFeFeFeFe:sim00182,-0.20753649,-0.0078820623,0,1,1
r2.7:Fe:cn11:CCCCFeFeFeFeFeFeFe:sim00186,-0.21672431,-0.018512558,0,1,1
r2.7:Fe:cn11:CCCCFeFeFeFeFeFeFe:sim00190,-0.22571471,0.016731553,0,1,1
r2.7:Fe:cn11:CCCCFeFeFeFeFeFeFe:sim00194,-0.18199979,-0.0083233006,0,1,1
r2.7:Fe:cn11:CCCCFeFeFeFeFeFeFe:sim00198,-0.17942403,-0.0020882373,0,1,1
r2.7:Fe:cn11:CCCCFeFeFeFeFeFeFe:sim00202,-0.22234407,-0.025223609,0,1,1
r2.7:Fe:cn11:CCCCFeFeFeFeFeFeFe:sim00206,-0.2340295,-0.036859293,0,1,1
r2.7:Fe:cn11:CCCCFeFeFeFeFeFeFe:sim00210,-0.24009733,-0.0046815453,0,1,1
r2.7:Fe:cn11:CCCCFeFeFeFeFeFeFe:sim00214,-0.22088644,-0.016033266,0,1,1
r2.7:Fe:cn11:CCCCFeFeFeFeFeFeFe:sim00218,-0.20186219,-0.028518362,0,1,1
r2.7:Fe:cn11:CCCCFeFeFeFeFeFeFe:sim00222,-0.23029514,-0.02221691,0,1,1
r2.7:Fe:cn11:CCCCFeFeFeFeFeFeFe:sim00226,-0.24639168,-0.011776433,0,1,1
r2.7:Fe:cn11:CCCCFeFeFeFeFeFeFe:sim00230,-0.23458642,-0.033508703,0,1,1
r2.7:Fe:cn11:CCCCFeFeFeFeFeFeFe:sim00234,-0.22320232,-0.018515524,0,1,1
r2.7:Fe:cn11:CCCCFeFeFeFeFeFeFe:sim00238,-0.22384895,-0.017640909,0,1,1
r2.7:Fe:cn11:CCCCFeFeFeFeFeFeFe:sim00242,-0.21667944,-0.047508676,0,1,1
r2.7:Fe:cn11:CCCCFeFeFeFeFeFeFe:sim00246,-0.21659744,-0.047731496,0,1,1
r2.7:Fe:cn11:CCCCFeFeFeFeFeFeFe:sim00250,-0.21105979,-0.031415384,0,1,1
r2.7:Fe:cn11:CCCCFeFeFeFeFeFeFe:sim00254,-0.22236164,-0.016722376,0,1,1
r2.7:Fe:cn11:CCCCFeFeFeFeFeFeFe:sim00258,-0.21690635,-0.041650448,0,1,1
r2.7:Fe:cn11:CCCCFeFeFeFeFeFeFe:sim00262,-0.23026961,-0.0208291,0,1,1
r2.7:Fe:cn11:CCCFeFeFeFeFeFeFeFe:sim00001,-0.1186382,-0.0012082155,0,1,1
r2.7:Fe:cn11:CCCFeFeFeFeFeFeFeFe:sim00005,-0.11898028,0.0023809767,0,1,1
r2.7:Fe:cn11:CCCFeFeFeFeFeFeFeFe:sim00009,-0.13698104,0.0149193,0,1,1
r2.7:Fe:cn11:CCCFeFeFeFeFeFeFeFe:sim00013,-0.13922884,0.019489113,0,1,1
r2.7:Fe:cn11:CCCFeFeFeFeFeFeFeFe:sim00017,-0.13995388,0.022163693,0,1,1
r2.7:Fe:cn11:CCCFeFeFeFeFeFeFeFe:sim00021,-0.14577176,0.021002866,0,1,1
r2.7:Fe:cn11:CCCFeFeFeFeFeFeFeFe:sim00025,-0.1424962,0.022436488,0,1,1
r2.7:Fe:cn11:CCCFeFeFeFeFeFeFeFe:sim00029,-0.14162154,0.022997182,0,1,1
r2.7:Fe:cn11:CCCFeFeFeFeFeFeFeFe:sim00033,-0.14193743,0.024514796,0,1,1
r2.7:Fe:cn11:CCCFeFeFeFeFeFeFeFe:sim00037,-0.14153133,0.024747266,0,1,1
r2.7:Fe:cn11:CCCFeFeFeFeFeFeFeFe:sim00041,-0.14042434,0.025922535,0,1,1
r2.7:Fe:cn11:CCCFeFeFeFeFeFeFeFe:sim00045,-0.15541419,0.034285683,0,1,1
r2.7:Fe:cn11:CCCFeFeFeFeFeFeFeFe:sim00049,-0.14045571,0.032685462,0,1,1
r2.7:Fe:cn11:CCCFeFeFeFeFeFeFeFe:sim00053,-0.1388046,0.026176656,0,1,1
r2.7:Fe:cn11:CCCFeFeFeFeFeFeFeFe:sim00057,-0.13831025,0.026284045,0,1,1
r2.7:Fe:cn11:CCCFeFeFeFeFeFeFeFe:sim00061,-0.14933851,0.01485431,0,1,1
r2.7:Fe:cn11:CCCFeFeFeFeFeFeFeFe:sim00065,-0.13391842,0.039271221,0,1,1
r2.7:Fe:cn11:CCCFeFeFeFeFeFeFeFe:sim00069,-0.14067122,0.025180683,0,1,1
r2.7:Fe:cn11:CCCFeFeFeFeFeFeFeFe:sim00073,-0.14029585,0.028574405,0,1,1
r2.7:Fe:cn11:CCCFeFeFeFeFeFeFeFe:sim00077,-0.14258584,0.024313211,0,1,1
r2.7:Fe:cn11:CCCFeFeFeFeFeFeFeFe:sim00081,-0.11275526,0.025035147,0,1,1
r2.7:Fe:cn11:CCCFeFeFeFeFeFeFeFe:sim00085,-0.10672132,0.01810997,0,1,1
r2.7:Fe:cn11:CCCFeFeFeFeFeFeFeFe:sim00089,-0.1155694,0.021730825,0,1,1
r2.7:Fe:cn11:CCCFeFeFeFeFeFeFeFe:sim00093,-0.12821904,0.012469434,0,1,1
r2.7:Fe:cn11:CCCFeFeFeFeFeFeFeFe:sim00097,-0.13468051,0.027415879,0,1,1
r2.7:Fe:cn11:CCCFeFeFeFeFeFeFeFe:sim00101,-0.15306541,0.017519774,0,1,1
r2.7:Fe:cn11:CCCFeFeFeFeFeFeFeFe:sim00105,-0.15312731,0.017656052,0,1,1
r2.7:Fe:cn11:CCCFeFeFeFeFeFeFeFe:sim00109,-0.16181432,0.0071358359,0,1,1
r2.7:Fe:cn11:CCCFeFeFeFeFeFeFeFe:sim00113,-0.14956453,0.050275277,0,1,1
r2.7:Fe:cn11:CCCFeFeFeFeFeFeFeFe:sim00117,-0.16175742,0.071544662,0,1,1
r2.7:Fe:cn11:CCCFeFeFeFeFeFeFeFe:sim00121,-0.17346463,0.020599402,0,1,1
r2.7:Fe:cn11:CCCFeFeFeFeFeFeFeFe:sim00126,-0.15800944,0.038949359,0,1,1
r2.7:Fe:cn11:CCCFeFeFeFeFeFeFeFe:sim00130,-0.15923233,0.039102744,0,1,1
r2.7:Fe:cn11:CCCFeFeFeFeFeFeFeFe:sim00134,-0.15903202,0.038696554,0,1,1
r2.7:Fe:cn11:CCCFeFeFeFeFeFeFeFe:sim00138,-0.14635904,0.028650153,0,1,1
r2.7:Fe:cn11:CCCFeFeFeFeFeFeFeFe:sim00142,-0.17263767,-0.0011913864,0,1,1
r2.7:Fe:cn11:CCCFeFeFeFeFeFeFeFe:sim00146,-0.16618216,-0.015507219,0,1,1
r2.7:Fe:cn11:CCCFeFeFeFeFeFeFeFe:sim00150,-0.16651419,0.028791089,0,1,1
r2.7:Fe:cn11:CCCFeFeFeFeFeFeFeFe:sim00154,-0.16151823,0.035528112,0,1,1
r2.7:Fe:cn11:CCCFeFeFeFeFeFeFeFe:sim00158,-0.16996664,0.022003781,0,1,1
r2.7:Fe:cn11:CCCFeFeFeFeFeFeFeFe:sim00162,-0.1273271,0.041998409,0,1,1
r2.7:Fe:cn11:CCCFeFeFeFeFeFeFeFe:sim00166,-0.13678207,0.030810976,0,1,1
r2.7:Fe:cn11:CCCFeFeFeFeFeFeFeFe:sim00170,-0.14255694,0.027520644,0,1,1
r2.7:Fe:cn11:CCCFeFeFeFeFeFeFeFe:sim00174,-0.16019049,0.036297895,0,1,1
r2.7:Fe:cn11:CCCFeFeFeFeFeFeFeFe:sim00178,-0.15843482,0.040958598,0,1,1
r2.7:Fe:cn11:CCCFeFeFeFeFeFeFeFe:sim00182,-0.16369365,0.054991834,0,1,1
r2.7:Fe:cn11:CCCFeFeFeFeFeFeFeFe:sim00186,-0.15819095,0.039073616,0,1,1
r2.7:Fe:cn11:CCCFeFeFeFeFeFeFeFe:sim00190,-0.16526343,0.07372833,0,1,1
r2.7:Fe:cn11:CCCFeFeFeFeFeFeFeFe:sim00194,-0.12532735,0.050111972,0,1,1
r2.7:Fe:cn11:CCCFeFeFeFeFeFeFeFe:sim00198,-0.15718298,0.047043622,0,1,1
r2.7:Fe:cn11:CCCFeFeFeFeFeFeFeFe:sim00202,-0.16115543,0.042444188,0,1,1
r2.7:Fe:cn11:CCCFeFeFeFeFeFeFeFe:sim00206,-0.16214156,0.040907368,0,1,1
r2.7:Fe:cn11:CCCFeFeFeFeFeFeFeFe:sim00210,-0.17826229,0.053222023,0,1,1
r2.7:Fe:cn11:CCCFeFeFeFeFeFeFeFe:sim00214,-0.14797696,0.032230392,0,1,1
r2.7:Fe:cn11:CCCFeFeFeFeFeFeFeFe:sim00218,-0.14363471,0.031842478,0,1,1
r2.7:Fe:cn11:CCCFeFeFeFeFeFeFeFe:sim00222,-0.16923513,0.037593301,0,1,1
r2.7:Fe:cn11:CCCFeFeFeFeFeFeFeFe:sim00226,-0.16081089,0.042652711,0,1,1
r2.7:Fe:cn11:CCCFeFeFeFeFeFeFeFe:sim00230,-0.17166461,0.029703189,0,1,1
r2.7:Fe:cn11:CCCFeFeFeFeFeFeFeFe:sim00234,-0.16329931,0.039656524,0,1,1
r2.7:Fe:cn11:CCCFeFeFeFeFeFeFeFe:sim00238,-0.15794045,0.018501213,0,1,1
r2.7:Fe:cn11:CCCFeFeFeFeFeFeFeFe:sim00242,-0.15701757,0.014177657,0,1,1
r2.7:Fe:cn11:CCCFeFeFeFeFeFeFeFe:sim00246,-0.15869369,0.013211117,0,1,1
r2.7:Fe:cn11:CCCFeFeFeFeFeFeFeFe:sim00250,-0.16181086,0.042075299,0,1,1
r2.7:Fe:cn11:CCCFeFeFeFeFeFeFeFe:sim00254,-0.17359896,0.024892598,0,1,1
r2.7:Fe:cn11:CCCFeFeFeFeFeFeFeFe:sim00258,-0.17385441,0.03203474,0,1,1
r2.7:Fe:cn11:CCCFeFeFeFeFeFeFeFe:sim00262,-0.16464829,0.041445594,0,1,1
r2.7:Fe:cn11:CCCFeFeFeFeFeFeFeFe:sim00266,-0.16437104,0.042357489,0,1,1
r2.7:Fe:cn11:CCCFeFeFeFeFeFeFeFe:sim00270,-0.17477849,0.0018559821,0,1,1
r2.7:Fe:cn11:CCCFeFeFeFeFeFeFeFe:sim00274,-0.1610557,0.042563926,0,1,1
r2.7:Fe:cn11:CCCFeFeFeFeFeFeFeFe:sim00278,-0.1615544,0.042034708,0,1,1
r2.7:Fe:cn11:CCCFeFeFeFeFeFeFeFe:sim00282,-0.16103137,0.042641521,0,1,1
r2.7:Fe:cn11:CCCFeFeFeFeFeFeFeFe:sim00286,-0.16096136,0.042498965,0,1,1
r2.7:Fe:cn11:CCCFeFeFeFeFeFeFeFe:sim00290,-0.16091998,0.04085863,0,1,1
r2.7:Fe:cn11:CCCFeFeFeFeFeFeFeFe:sim00294,-0.13681804,0.039131962,0,1,1
r2.7:Fe:cn11:CCCFeFeFeFeFeFeFeFe:sim00298,-0.16473635,0.041534849,0,1,1
r2.7:Fe:cn11:CCCFeFeFeFeFeFeFeFe:sim00302,-0.17213376,0.067715727,0,1,1
r2.7:Fe:cn11:CCCFeFeFeFeFeFeFeFe:sim00306,-0.16266041,0.067168199,0,1,1
r2.7:Fe:cn11:CCCFeFeFeFeFeFeFeFe:sim00310,-0.1573327,0.056931492,0,1,1
r2.7:Fe:cn11:CCCFeFeFeFeFeFeFeFe:sim00314,-0.18369554,0.027322486,0,1,1
r2.7:Fe:cn11:CCCFeFeFeFeFeFeFeFe:sim00318,-0.16049811,0.049938224,0,1,1
r2.7:Fe:cn11:CCCFeFeFeFeFeFeFeFe:sim00322,-0.16089787,0.045609973,0,1,1
r2.7:Fe:cn11:CCCFeFeFeFeFeFeFeFe:sim00326,-0.15897946,0.047202095,0,1,1
r2.7:Fe:cn11:CCCFeFeFeFeFeFeFeFe:sim00330,-0.17468192,0.030711312,0,1,1
r2.7:Fe:cn11:CCCFeFeFeFeFeFeFeFe:sim00334,-0.1869377,0.041272044,0,1,1
r2.7:Fe:cn11:CCCFeFeFeFeFeFeFeFe:sim00338,-0.16134596,0.043831792,0,1,1
r2.7:Fe:cn11:CCCFeFeFeFeFeFeFeFe:sim00342,-0.17305012,0.026600694,0,1,1
r2.7:Fe:cn11:CCCFeFeFeFeFeFeFeFe:sim00346,-0.17027511,0.033447802,0,1,1
r2.7:Fe:cn11:CCCFeFeFeFeFeFeFeFe:sim00350,-0.16148072,0.044211812,0,1,1
r2.7:Fe:cn11:CCCFeFeFeFeFeFeFeFe:sim00354,-0.14428696,0.063556388,0,1,1
r2.7:Fe:cn11:CCCFeFeFeFeFeFeFeFe:sim00358,-0.16442537,0.042468727,0,1,1
r2.7:Fe:cn11:CCCFeFeFeFeFeFeFeFe:sim00362,-0.16526164,0.042365264,0,1,1
r2.7:Fe:cn11:CCCFeFeFeFeFeFeFeFe:sim00366,-0.1701813,0.040673047,0,1,1
r2.7:Fe:cn11:CCCFeFeFeFeFeFeFeFe:sim00370,-0.16126664,0.044461682,0,1,1
r2.7:Fe:cn11:CCCFeFeFeFeFeFeFeFe:sim00374,-0.16148159,0.044175245,0,1,1
r2.7:Fe:cn11:CCCFeFeFeFeFeFeFeFe:sim00378,-0.16322231,0.041718613,0,1,1
r2.7:Fe:cn11:CCCFeFeFeFeFeFeFeFe:sim00382,-0.16410287,0.041416422,0,1,1
r2.7:Fe:cn11:CCCFeFeFeFeFeFeFeFe:sim00386,-0.16162527,0.043714553,0,1,1
r2.7:Fe:cn11:CCCFeFeFeFeFeFeFeFe:sim00390,-0.1612761,0.044469569,0,1,1
r2.7:Fe:cn11:CCCFeFeFeFeFeFeFeFe:sim00394,-0.16006866,0.046852052,0,1,1
r2.7:Fe:cn11:CCCFeFeFeFeFeFeFeFe:sim00398,-0.16409431,0.041088536,0,1,1
r2.7:Fe:cn11:CCCFeFeFeFeFeFeFeFe:sim00402,-0.163994,0.049605101,0,1,1
r2.7:Fe:cn11:CCCFeFeFeFeFeFeFeFe:sim00406,-0.16037413,0.046839483,0,1,1
r2.7:Fe:cn11:CCCFeFeFeFeFeFeFeFe:sim00410,-0.1449938,0.0082337223,0,1,1
r2.7:Fe:cn11:CCCFeFeFeFeFeFeFeFe:sim00414,-0.15915036,0.045359146,0,1,1
r2.7:Fe:cn11:CCCFeFeFeFeFeFeFeFe:sim00418,-0.17317189,0.055503394,0,1,1
r2.7:Fe:cn11:CCCFeFeFeFeFeFeFeFe:sim00422,-0.19849068,0.036050864,0,1,1
r2.7:Fe:cn11:CCCFeFeFeFeFeFeFeFe:sim00426,-0.15839997,0.051353116,0,1,1
r2.7:Fe:cn11:CCCFeFeFeFeFeFeFeFe:sim00430,-0.1616575,0.043844059,0,1,1
r2.7:Fe:cn11:CCCFeFeFeFeFeFeFeFe:sim00434,-0.16160156,0.04405893,0,1,1
r2.7:Fe:cn11:CCCFeFeFeFeFeFeFeFe:sim00438,-0.14442743,0.032791667,0,1,1
r2.7:Fe:cn11:CCCFeFeFeFeFeFeFeFe:sim00442,-0.16148829,0.044094797,0,1,1
r2.7:Fe:cn11:CCCFeFeFeFeFeFeFeFe:sim00446,-0.17868571,0.029217899,0,1,1
r2.7:Fe:cn11:CCCFeFeFeFeFeFeFeFe:sim00450,-0.1482413,0.033797693,0,1,1
r2.7:Fe:cn11:CCCFeFeFeFeFeFeFeFe:sim00454,-0.1398546,0.020128578,0,1,1
r2.7:Fe:cn11:CCCFeFeFeFeFeFeFeFe:sim00458,-0.1484257,0.033992551,0,1,1
r2.7:Fe:cn11:CCCFeFeFeFeFeFeFeFe:sim00462,-0.1561719,0.023111572,0,1,1
r2.7:Fe:cn11:CCCFeFeFeFeFeFeFeFe:sim00466,-0.15582496,0.023018995,0,1,1
r2.7:Fe:cn11:CCCFeFeFeFeFeFeFeFe:sim00470,-0.16146624,0.043955665,0,1,1
r2.7:Fe:cn11:CCCFeFeFeFeFeFeFeFe:sim00474,-0.15326025,0.079332821,0,1,1
r2.7:Fe:cn11:CCCFeFeFeFeFeFeFeFe:sim00478,-0.17183153,0.056741111,0,1,1
r2.7:Fe:cn11:CCCFeFeFeFeFeFeFeFe:sim00482,-0.19239888,0.041178361,0,1,1
r2.7:Fe:cn11:CCCFeFeFeFeFeFeFeFe:sim00486,-0.17952614,0.054676678,0,1,1
r2.7:Fe:cn11:CCFeFeFeFeFeFeFeFeFe:sim00002,-0.075366251,0.052056659,0,1,1
r2.7:Fe:cn11:CCFeFeFeFeFeFeFeFeFe:sim00006,-0.079650477,0.050792415,0,1,1
r2.7:Fe:cn11:CCFeFeFeFeFeFeFeFeFe:sim00010,-0.08635658,0.048326544,0,1,1
r2.7:Fe:cn11:CCFeFeFeFeFeFeFeFeFe:sim00014,-0.1042639,0.032193612,0,1,1
r2.7:Fe:cn11:CCFeFeFeFeFeFeFeFeFe:sim00018,-0.091031224,0.067898124,0,1,1
r2.7:Fe:cn11:CCFeFeFeFeFeFeFeFeFe:sim00022,-0.10330473,0.082385264,0,1,1
r2.7:Fe:cn11:CCFeFeFeFeFeFeFeFeFe:sim00026,-0.096772224,0.069714621,0,1,1
r2.7:Fe:cn11:CCFeFeFeFeFeFeFeFeFe:sim00030,-0.095948644,0.0954208,0,1,1
r2.7:Fe:cn11:CCFeFeFeFeFeFeFeFeFe:sim00034,-0.093441658,0.071877934,0,1,1
r2.7:Fe:cn11:CCFeFeFeFeFeFeFeFeFe:sim00038,-0.094179846,0.072312944,0,1,1
r2.7:Fe:cn11:CCFeFeFeFeFeFeFeFeFe:sim00042,-0.096163414,0.069873504,0,1,1
r2.7:Fe:cn11:CCFeFeFeFeFeFeFeFeFe:sim00047,-0.10198921,0.075647779,0,1,1
r2.7:Fe:cn11:CCFeFeFeFeFeFeFeFeFe:sim00051,-0.10644095,0.08409562,0,1,1
r2.7:Fe:cn11:CCFeFeFeFeFeFeFeFeFe:sim00055,-0.091021813,0.074004211,0,1,1
r2.7:Fe:cn11:CCFeFeFeFeFeFeFeFeFe:sim00059,-0.090773143,0.074020214,0,1,1
r2.7:Fe:cn11:CCFeFeFeFeFeFeFeFeFe:sim00063,-0.09301199,0.073030196,0,1,1
r2.7:Fe:cn11:CCFeFeFeFeFeFeFeFeFe:sim00067,-0.093290783,0.072759189,0,1,1
r2.7:Fe:cn11:CCFeFeFeFeFeFeFeFeFe:sim00071,-0.10959905,0.082502022,0,1,1
r2.7:Fe:cn11:CCFeFeFeFeFeFeFeFeFe:sim00075,-0.094828337,0.070450202,0,1,1
r2.7:Fe:cn11:CCFeFeFeFeFeFeFeFeFe:sim00079,-0.094860487,0.072132729,0,1,1
r2.7:Fe:cn11:CCFeFeFeFeFeFeFeFeFe:sim00083,-0.07843934,0.060035903,0,1,1
r2.7:Fe:cn11:CCFeFeFeFeFeFeFeFeFe:sim00087,-0.05603398,0.089552335,0,1,1
r2.7:Fe:cn11:CCFeFeFeFeFeFeFeFeFe:sim00091,-0.096834093,0.071738906,0,1,1
r2.7:Fe:cn11:CCFeFeFeFeFeFeFeFeFe:sim00095,-0.092078798,0.072793797,0,1,1
r2.7:Fe:cn11:CCFeFeFeFeFeFeFeFeFe:sim00099,-0.096628405,0.092464738,0,1,1
r2.7:Fe:cn11:CCFeFeFeFeFeFeFeFeFe:sim00103,-0.12014227,0.075982943,0,1,1
r2.7:Fe:cn11:CCFeFeFeFeFeFeFeFeFe:sim00107,-0.1028541,0.066673897,0,1,1
r2.7:Fe:cn11:CCFeFeFeFeFeFeFeFeFe:sim00111,-0.10098628,0.09590061,0,1,1
r2.7:Fe:cn11:CCFeFeFeFeFeFeFeFeFe:sim00115,-0.10138799,0.092589617,0,1,1
r2.7:Fe:cn11:CCFeFeFeFeFeFeFeFeFe:sim00119,-0.10479701,0.10164765,0,1,1
r2.7:Fe:cn11:CCFeFeFeFeFeFeFeFeFe:sim00123,-0.11944871,0.06975764,0,1,1
r2.7:Fe:cn11:CCFeFeFeFeFeFeFeFeFe:sim00127,-0.10920505,0.085189685,0,1,1
r2.7:Fe:cn11:CCFeFeFeFeFeFeFeFeFe:sim00131,-0.11073849,0.085340865,0,1,1
r2.7:Fe:cn11:CCFeFeFeFeFeFeFeFeFe:sim00135,-0.11181927,0.084597759,0,1,1
r2.7:Fe:cn11:CCFeFeFeFeFeFeFeFeFe:sim00139,-0.11525617,0.084028244,0,1,1
r2.7:Fe:cn11:CCFeFeFeFeFeFeFeFeFe:sim00143,-0.12181425,0.05065199,0,1,1
r2.7:Fe:cn11:CCFeFeFeFeFeFeFeFeFe:sim00147,-0.12250719,0.049959499,0,1,1
r2.7:Fe:cn11:CCFeFeFeFeFeFeFeFeFe:sim00151,-0.11846538,0.075469963,0,1,1
r2.7:Fe:cn11:CCFeFeFeFeFeFeFeFeFe:sim00155,-0.1079079,0.092771202,0,1,1
r2.7:Fe:cn11:CCFeFeFeFeFeFeFeFeFe:sim00159,-0.10895212,0.08542639,0,1,1
r2.7:Fe:cn11:CCFeFeFeFeFeFeFeFeFe:sim00163,-0.0968986,0.084918626,0,1,1
r2.7:Fe:cn11:CCFeFeFeFeFeFeFeFeFe:sim00167,-0.10463719,0.08810465,0,1,1
r2.7:Fe:cn11:CCFeFeFeFeFeFeFeFeFe:sim00171,-0.13784559,0.080843695,0,1,1
r2.7:Fe:cn11:CCFeFeFeFeFeFeFeFeFe:sim00175,-0.11042178,0.084985338,0,1,1
r2.7:Fe:cn11:CCFeFeFeFeFeFeFeFeFe:sim00179,-0.10864852,0.093926825,0,1,1
r2.7:Fe:cn11:CCFeFeFeFeFeFeFeFeFe:sim00183,-0.1088528,0.085830718,0,1,1
r2.7:Fe:cn11:CCFeFeFeFeFeFeFeFeFe:sim00187,-0.12209127,0.050154168,0,1,1
r2.7:Fe:cn11:CCFeFeFeFeFeFeFeFeFe:sim00191,-0.10538903,0.095882356,0,1,1
r2.7:Fe:cn11:CCFeFeFeFeFeFeFeFeFe:sim00195,-0.10017515,0.089614749,0,1,1
r2.7:Fe:cn11:CCFeFeFeFeFeFeFeFeFe:sim00199,-0.11554894,0.088173412,0,1,1
r2.7:Fe:cn11:CCFeFeFeFeFeFeFeFeFe:sim00203,-0.11165741,0.088457331,0,1,1
r2.7:Fe:cn11:CCFeFeFeFeFeFeFeFeFe:sim00207,-0.10650311,0.068563588,0,1,1
r2.7:Fe:cn11:CCFeFeFeFeFeFeFeFeFe:sim00211,-0.1034825,0.098869435,0,1,1
r2.7:Fe:cn11:CCFeFeFeFeFeFeFeFeFe:sim00215,-0.1134805,0.087825254,0,1,1
r2.7:Fe:cn11:CCFeFeFeFeFeFeFeFeFe:sim00219,-0.12121692,0.099651419,0,1,1
r2.7:Fe:cn11:CCFeFeFeFeFeFeFeFeFe:sim00223,-0.13341667,0.091542542,0,1,1
r2.7:Fe:cn11:CCFeFeFeFeFeFeFeFeFe:sim00227,-0.11171919,0.088246956,0,1,1
r2.7:Fe:cn11:CCFeFeFeFeFeFeFeFeFe:sim00231,-0.11862446,0.083303705,0,1,1
r2.7:Fe:cn11:CCFeFeFeFeFeFeFeFeFe:sim00235,-0.114839,0.085423537,0,1,1
r2.7:Fe:cn11:CCFeFeFeFeFeFeFeFeFe:sim00239,-0.12094049,0.07383953,0,1,1
r2.7:Fe:cn11:CCFeFeFeFeFeFeFeFeFe:sim00243,-0.11013927,0.060082495,0,1,1
r2.7:Fe:cn11:CCFeFeFeFeFeFeFeFeFe:sim00247,-0.11112084,0.050280605,0,1,1
r2.7:Fe:cn11:CCFeFeFeFeFeFeFeFeFe:sim00251,-0.11664455,0.086352259,0,1,1
r2.7:Fe:cn11:CCFeFeFeFeFeFeFeFeFe:sim00255,-0.10048983,0.07907068,0,1,1
r2.7:Fe:cn11:CCFeFeFeFeFeFeFeFeFe:sim00259,-0.10492158,0.097705841,0,1,1
r2.7:Fe:cn11:CCFeFeFeFeFeFeFeFeFe:sim00263,-0.11508877,0.08708898,0,1,1
r2.7:Fe:cn11:CCFeFeFeFeFeFeFeFeFe:sim00267,-0.1154255,0.084352888,0,1,1
r2.7:Fe:cn11:CCFeFeFeFeFeFeFeFeFe:sim00271,-0.12344825,0.048060998,0,1,1
r2.7:Fe:cn11:CCFeFeFeFeFeFeFeFeFe:sim00275,-0.1198383,0.078520179,0,1,1
r2.7:Fe:cn11:CCFeFeFeFeFeFeFeFeFe:sim00279,-0.11166243,0.088499673,0,1,1
r2.7:Fe:cn11:CCFeFeFeFeFeFeFeFeFe:sim00283,-0.11032324,0.088973619,0,1,1
r2.7:Fe:cn11:CCFeFeFeFeFeFeFeFeFe:sim00287,-0.12345017,0.097671501,0,1,1
r2.7:Fe:cn11:CCFeFeFeFeFeFeFeFeFe:sim00291,-0.11173249,0.088595852,0,1,1
r2.7:Fe:cn11:CCFeFeFeFeFeFeFeFeFe:sim00295,-0.11608981,0.085820854,0,1,1
r2.7:Fe:cn11:CCFeFeFeFeFeFeFeFeFe:sim00299,-0.11279559,0.088274121,0,1,1
r2.7:Fe:cn11:CCFeFeFeFeFeFeFeFeFe:sim00303,-0.13465267,0.12666762,0,1,1
r2.7:Fe:cn11:CCFeFeFeFeFeFeFeFeFe:sim00307,-0.12472999,0.099780932,0,1,1
r2.7:Fe:cn11:CCFeFeFeFeFeFeFeFeFe:sim00311,-0.11664461,0.084271997,0,1,1
r2.7:Fe:cn11:CCFeFeFeFeFeFeFeFeFe:sim00315,-0.1146455,0.090608619,0,1,1
r2.7:Fe:cn11:CCFeFeFeFeFeFeFeFeFe:sim00319,-0.099358529,0.077201173,0,1,1
r2.7:Fe:cn11:CCFeFeFeFeFeFeFeFeFe:sim00323,-0.11361267,0.089079708,0,1,1
r2.7:Fe:cn11:CCFeFeFeFeFeFeFeFeFe:sim00327,-0.11248862,0.089495294,0,1,1
r2.7:Fe:cn11:CCFeFeFeFeFeFeFeFeFe:sim00331,-0.11226963,0.089793488,0,1,1
r2.7:Fe:cn11:CCFeFeFeFeFeFeFeFeFe:sim00335,-0.11219501,0.0894849,0,1,1
r2.7:Fe:cn11:CCFeFeFeFeFeFeFeFeFe:sim00339,-0.10459104,0.077827178,0,1,1
r2.7:Fe:cn11:CCFeFeFeFeFeFeFeFeFe:sim00343,-0.11212806,0.090389475,0,1,1
r2.7:Fe:cn11:CCFeFeFeFeFeFeFeFeFe:sim00347,-0.10002767,0.10648198,0,1,1
r2.7:Fe:cn11:CCFeFeFeFeFeFeFeFeFe:sim00351,-0.11219832,0.09243542,0,1,1
r2.7:Fe:cn11:CCFeFeFeFeFeFeFeFeFe:sim00355,-0.11202078,0.090239912,0,1,1
r2.7:Fe:cn11:CCFeFeFeFeFeFeFeFeFe:sim00359,-0.11188758,0.090293407,0,1,1
r2.7:Fe:cn11:CCFeFeFeFeFeFeFeFeFe:sim00363,-0.11615458,0.087710842,0,1,1
r2.7:Fe:cn11:CCFeFeFeFeFeFeFeFeFe:sim00367,-0.12065061,0.084552906,0,1,1
r2.7:Fe:cn11:CCFeFeFeFeFeFeFeFeFe:sim00371,-0.11309332,0.08314915,0,1,1
r2.7:Fe:cn11:CCFeFeFeFeFeFeFeFeFe:sim00375,-0.14084043,0.088027149,0,1,1
r2.7:Fe:cn11:CCFeFeFeFeFeFeFeFeFe:sim00379,-0.14270553,0.085323326,0,1,1
r2.7:Fe:cn11:CCFeFeFeFeFeFeFeFeFe:sim00383,-0.099415928,0.12535563,0,1,1
r2.7:Fe:cn11:CCFeFeFeFeFeFeFeFeFe:sim00387,-0.10906723,0.064127579,0,1,1
r2.7:Fe:cn11:CCFeFeFeFeFeFeFeFeFe:sim00391,-0.11199816,0.090380937,0,1,1
r2.7:Fe:cn11:CCFeFeFeFeFeFeFeFeFe:sim00395,-0.12238186,0.074497491,0,1,1
r2.7:Fe:cn11:CCFeFeFeFeFeFeFeFeFe:sim00399,-0.111627,0.090152696,0,1,1
r2.7:Fe:cn11:CCFeFeFeFeFeFeFeFeFe:sim00403,-0.1120647,0.090185449,0,1,1
r2.7:Fe:cn11:CCFeFeFeFeFeFeFeFeFe:sim00407,-0.11098696,0.091448866,0,1,1
r2.7:Fe:cn11:CCFeFeFeFeFeFeFeFeFe:sim00411,-0.089843705,0.088286258,0,1,1
r2.7:Fe:cn11:CCFeFeFeFeFeFeFeFeFe:sim00415,-0.092846461,0.073953457,0,1,1
r2.7:Fe:cn11:CCFeFeFeFeFeFeFeFeFe:sim00419,-0.12879923,0.10851552,0,1,1
r2.7:Fe:cn11:CCFeFeFeFeFeFeFeFeFe:sim00423,-0.11427195,0.08757221,0,1,1
r2.7:Fe:cn11:CCFeFeFeFeFeFeFeFeFe:sim00428,-0.085810795,0.090160765,0,1,1
r2.7:Fe:cn11:CCFeFeFeFeFeFeFeFeFe:sim00432,-0.10792259,0.092526026,0,1,1
r2.7:Fe:cn11:CCFeFeFeFeFeFeFeFeFe:sim00436,-0.11298267,0.084220216,0,1,1
r2.7:Fe:cn11:CFeFeFeFeFeFeFeFeFeFe:sim00004,-0.029356521,0.092397958,0,1,1
r2.7:Fe:cn11:CFeFeFeFeFeFeFeFeFeFe:sim00008,-0.015084212,0.081089601,0,1,1
r2.7:Fe:cn11:CFeFeFeFeFeFeFeFeFeFe:sim00012,-0.031042738,0.13806076,0,1,1
r2.7:Fe:cn11:CFeFeFeFeFeFeFeFeFeFe:sim00016,-0.039182909,0.10840156,0,1,1
r2.7:Fe:cn11:CFeFeFeFeFeFeFeFeFeFe:sim00020,-0.059672091,0.11719007,0,1,1
r2.7:Fe:cn11:CFeFeFeFeFeFeFeFeFeFe:sim00024,-0.025741614,0.067496642,0,1,1
r2.7:Fe:cn11:CFeFeFeFeFeFeFeFeFeFe:sim00028,-0.044732332,0.11094398,0,1,1
r2.7:Fe:cn11:CFeFeFeFeFeFeFeFeFeFe:sim00032,-0.046032637,0.10929405,0,1,1
r2.7:Fe:cn11:CFeFeFeFeFeFeFeFeFeFe:sim00036,-0.049841367,0.1081884,0,1,1
r2.7:Fe:cn11:CFeFeFeFeFeFeFeFeFeFe:sim00040,-0.045597728,0.1098391,0,1,1
r2.7:Fe:cn11:CFeFeFeFeFeFeFeFeFeFe:sim00044,-0.045941982,0.10898505,0,1,1
r2.7:Fe:cn11:CFeFeFeFeFeFeFeFeFeFe:sim00048,-0.072111458,0.10740237,0,1,1
r2.7:Fe:cn11:CFeFeFeFeFeFeFeFeFeFe:sim00052,-0.043292336,0.1110493,0,1,1
r2.7:Fe:cn11:CFeFeFeFeFeFeFeFeFeFe:sim00056,-0.043403488,0.10727891,0,1,1
r2.7:Fe:cn11:CFeFeFeFeFeFeFeFeFeFe:sim00060,-0.045911722,0.10361486,0,1,1
r2.7:Fe:cn11:CFeFeFeFeFeFeFeFeFeFe:sim00064,-0.041343238,0.1126347,0,1,1
r2.7:Fe:cn11:CFeFeFeFeFeFeFeFeFeFe:sim00068,-0.037116006,0.11924624,0,1,1
r2.7:Fe:cn11:CFeFeFeFeFeFeFeFeFeFe:sim00072,-0.041199502,0.11248292,0,1,1
r2.7:Fe:cn11:CFeFeFeFeFeFeFeFeFeFe:sim00076,-0.045621313,0.10950229,0,1,1
r2.7:Fe:cn11:CFeFeFeFeFeFeFeFeFeFe:sim00080,-0.022697197,0.10775555,0,1,1
r2.7:Fe:cn11:CFeFeFeFeFeFeFeFeFeFe:sim00084,-0.023518901,0.10758133,0,1,1
r2.7:Fe:cn11:CFeFeFeFeFeFeFeFeFeFe:sim00088,-0.019834664,0.10993728,0,1,1
r2.7:Fe:cn11:CFeFeFeFeFeFeFeFeFeFe:sim00092,-0.035996959,0.1192444,0,1,1
r2.7:Fe:cn11:CFeFeFeFeFeFeFeFeFeFe:sim00096,-0.042768423,0.11054923,0,1,1
r2.7:Fe:cn11:CFeFeFeFeFeFeFeFeFeFe:sim00100,-0.055636235,0.10354818,0,1,1
r2.7:Fe:cn11:CFeFeFeFeFeFeFeFeFeFe:sim00104,-0.054667067,0.1057635,0,1,1
r2.7:Fe:cn11:CFeFeFeFeFeFeFeFeFeFe:sim00108,-0.045393106,0.13549295,0,1,1
r2.7:Fe:cn11:CFeFeFeFeFeFeFeFeFeFe:sim00112,-0.052272569,0.13080592,0,1,1
r2.7:Fe:cn11:CFeFeFeFeFeFeFeFeFeFe:sim00116,-0.057671204,0.12611908,0,1,1
r2.7:Fe:cn11:CFeFeFeFeFeFeFeFeFeFe:sim00120,-0.071485452,0.089388914,0,1,1
r2.7:Fe:cn11:CFeFeFeFeFeFeFeFeFeFe:sim00124,-0.058136012,0.12293773,0,1,1
r2.7:Fe:cn11:CFeFeFeFeFeFeFeFeFeFe:sim00128,-0.060787655,0.12154117,0,1,1
r2.7:Fe:cn11:CFeFeFeFeFeFeFeFeFeFe:sim00132,-0.06045416,0.12157708,0,1,1
r2.7:Fe:cn11:FeFeFeFeFeFeFeFeFeFeFe:sim00001,0.0098832212,0.10651479,0,1,1
r2.7:Fe:cn11:FeFeFeFeFeFeFeFeFeFeFe:sim00005,0.0080336817,0.11240979,0,1,1
r2.7:Fe:cn11:FeFeFeFeFeFeFeFeFeFeFe:sim00009,0.020166699,0.14021358,0,1,1
r2.7:Fe:cn11:FeFeFeFeFeFeFeFeFeFeFe:sim00013,0.0050862227,0.13253435,0,1,1
r2.7:Fe:cn11:FeFeFeFeFeFeFeFeFeFeFe:sim00018,-0.0050318702,0.12223796,0,1,1
r2.7:Fe:cn12:CCCCCFeFeFeFeFeFeFe:sim00004,-0.111536,-0.084157735,0,1,1
r2.7:Fe:cn12:CCCCCFeFeFeFeFeFeFe:sim00008,-0.086056069,-0.062087845,0,1,1
r2.7:Fe:cn12:CCCCCFeFeFeFeFeFeFe:sim00012,-0.13339479,-0.040097002,0,1,1
r2.7:Fe:cn12:CCCCCFeFeFeFeFeFeFe:sim00016,-0.1216255,-0.060395572,0,1,1
r2.7:Fe:cn12:CCCCFeFeFeFeFeFeFeFe:sim00003,-0.058643654,-0.015434246,0,1,1
r2.7:Fe:cn12:CCCCFeFeFeFeFeFeFeFe:sim00007,-0.054825962,-0.044465359,0,1,1
r2.7:Fe:cn12:CCCCFeFeFeFeFeFeFeFe:sim00011,-0.065874159,0.012314038,0,1,1
r2.7:Fe:cn12:CCCCFeFeFeFeFeFeFeFe:sim00015,-0.075504355,0.00098883465,0,1,1
r2.7:Fe:cn12:CCCCFeFeFeFeFeFeFeFe:sim00019,-0.074241333,0.0094301812,0,1,1
r2.7:Fe:cn12:CCCCFeFeFeFeFeFeFeFe:sim00023,-0.089202791,0.0051279529,0,1,1
r2.7:Fe:cn12:CCCCFeFeFeFeFeFeFeFe:sim00027,-0.078493744,0.004303887,0,1,1
r2.7:Fe:cn12:CCCCFeFeFeFeFeFeFeFe:sim00031,-0.081279278,-0.0019482956,0,1,1
r2.7:Fe:cn12:CCCCFeFeFeFeFeFeFeFe:sim00035,-0.078713201,0.0060145576,0,1,1
r2.7:Fe:cn12:CCCCFeFeFeFeFeFeFeFe:sim00039,-0.078475371,0.006586777,0,1,1
r2.7:Fe:cn12:CCCCFeFeFeFeFeFeFeFe:sim00043,-0.069546811,0.016271152,0,1,1
r2.7:Fe:cn12:CCCCFeFeFeFeFeFeFeFe:sim00047,-0.07876429,0.0060321889,0,1,1
r2.7:Fe:cn12:CCCCFeFeFeFeFeFeFeFe:sim00051,-0.092411853,0.020795817,0,1,1
r2.7:Fe:cn12:CCCCFeFeFeFeFeFeFeFe:sim00055,-0.075329609,0.0080346698,0,1,1
r2.7:Fe:cn12:CCCCFeFeFeFeFeFeFeFe:sim00059,-0.057517935,-0.0035532236,0,1,1
r2.7:Fe:cn12:CCCCFeFeFeFeFeFeFeFe:sim00063,-0.077826492,0.0065008993,0,1,1
r2.7:Fe:cn12:CCCCFeFeFeFeFeFeFeFe:sim00067,-0.078023784,0.0061684013,0,1,1
r2.7:Fe:cn12:CCCCFeFeFeFeFeFeFeFe:sim00071,-0.079618216,0.0045276098,0,1,1
r2.7:Fe:cn12:CCCCFeFeFeFeFeFeFeFe:sim00075,-0.07957375,0.003563666,0,1,1
r2.7:Fe:cn12:CCCCFeFeFeFeFeFeFeFe:sim00079,-0.080028817,0.0055407109,0,1,1
r2.7:Fe:cn12:CCCCFeFeFeFeFeFeFeFe:sim00083,-0.060878035,-0.0079193199,0,1,1
r2.7:Fe:cn12:CCCCFeFeFeFeFeFeFeFe:sim00087,-0.051286187,0.011323235,0,1,1
r2.7:Fe:cn12:CCCCFeFeFeFeFeFeFeFe:sim00091,-0.081912301,0.0053581111,0,1,1
r2.7:Fe:cn12:CCCCFeFeFeFeFeFeFeFe:sim00095,-0.076590285,0.0063616694,0,1,1
r2.7:Fe:cn12:CCCCFeFeFeFeFeFeFeFe:sim00099,-0.081337474,0.028674262,0,1,1
r2.7:Fe:cn12:CCCCFeFeFeFeFeFeFeFe:sim00103,-0.11279082,0.0070629935,0,1,1
r2.7:Fe:cn12:CCCCFeFeFeFeFeFeFeFe:sim00107,-0.090849772,-0.0010360866,0,1,1
r2.7:Fe:cn12:CCCCFeFeFeFeFeFeFeFe:sim00111,-0.086091787,0.032365095,0,1,1
r2.7:Fe:cn12:CCCCFeFeFeFeFeFeFeFe:sim00115,-0.092206128,0.029397603,0,1,1
r2.7:Fe:cn12:CCCCFeFeFeFeFeFeFeFe:sim00119,-0.085022695,0.039917178,0,1,1
r2.7:Fe:cn12:CCCCFeFeFeFeFeFeFeFe:sim00123,-0.079817928,0.064088896,0,1,1
r2.7:Fe:cn12:CCCCFeFeFeFeFeFeFeFe:sim00127,-0.10040656,0.017583653,0,1,1
r2.7:Fe:cn12:CCCCFeFeFeFeFeFeFeFe:sim00131,-0.09704072,0.020304156,0,1,1
r2.7:Fe:cn12:CCCCFeFeFeFeFeFeFeFe:sim00135,-0.096653812,0.020563457,0,1,1
r2.7:Fe:cn12:CCCCFeFeFeFeFeFeFeFe:sim00139,-0.10254115,0.019152898,0,1,1
r2.7:Fe:cn12:CCCCFeFeFeFeFeFeFeFe:sim00143,-0.11073408,-0.020863805,0,1,1
r2.7:Fe:cn12:CCCCFeFeFeFeFeFeFeFe:sim00147,-0.12403845,-0.010524978,0,1,1
r2.7:Fe:cn12:CCCCFeFeFeFeFeFeFeFe:sim00151,-0.10503186,0.010245506,0,1,1
r2.7:Fe:cn12:CCCCFeFeFeFeFeFeFeFe:sim00155,-0.095805839,0.021273155,0,1,1
r2.7:Fe:cn12:CCCCFeFeFeFeFeFeFeFe:sim00159,-0.095951319,0.021160264,0,1,1
r2.7:Fe:cn12:CCCFeFeFeFeFeFeFeFeFe:sim00004,-0.016359016,0.032633804,0,1,1
r2.7:Fe:cn12:CCCFeFeFeFeFeFeFeFeFe:sim00008,0.0068587316,0.034868367,0,1,1
r2.7:Fe:cn12:CCCFeFeFeFeFeFeFeFeFe:sim00012,-0.035442602,0.04942413,0,1,1
r2.7:Fe:cn12:CCCFeFeFeFeFeFeFeFeFe:sim00016,-0.030742727,0.050017029,0,1,1
r2.7:Fe:cn12:CCCFeFeFeFeFeFeFeFeFe:sim00020,-0.035301737,0.05567928,0,1,1
r2.7:Fe:cn12:CCCFeFeFeFeFeFeFeFeFe:sim00024,-0.031748496,0.029550569,0,1,1
r2.7:Fe:cn12:CCCFeFeFeFeFeFeFeFeFe:sim00028,-0.035440471,0.055865809,0,1,1
r2.7:Fe:cn12:CCCFeFeFeFeFeFeFeFeFe:sim00032,-0.036929969,0.057254158,0,1,1
r2.7:Fe:cn12:CCCFeFeFeFeFeFeFeFeFe:sim00036,-0.040079005,0.055399023,0,1,1
r2.7:Fe:cn12:CCCFeFeFeFeFeFeFeFeFe:sim00040,-0.049738076,0.020162277,0,1,1
r2.7:Fe:cn12:CCCFeFeFeFeFeFeFeFeFe:sim00044,-0.035948429,0.057375655,0,1,1
r2.7:Fe:cn12:CCCFeFeFeFeFeFeFeFeFe:sim00048,-0.077070795,0.045407441,0,1,1
r2.7:Fe:cn12:CCCFeFeFeFeFeFeFeFeFe:sim00052,-0.032879613,0.058888998,0,1,1
r2.7:Fe:cn12:CCCFeFeFeFeFeFeFeFeFe:sim00056,-0.0328038,0.060112309,0,1,1
r2.7:Fe:cn12:CCCFeFeFeFeFeFeFeFeFe:sim00060,-0.04753666,0.067111902,0,1,1
r2.7:Fe:cn12:CCCFeFeFeFeFeFeFeFeFe:sim00064,-0.035182148,0.057642721,0,1,1
r2.7:Fe:cn12:CCCFeFeFeFeFeFeFeFeFe:sim00068,-0.036658145,0.055666514,0,1,1
r2.7:Fe:cn12:CCCFeFeFeFeFeFeFeFeFe:sim00072,-0.027272442,0.067175724,0,1,1
r2.7:Fe:cn12:CCCFeFeFeFeFeFeFeFeFe:sim00076,-0.01758636,0.037528578,0,1,1
r2.7:Fe:cn12:CCCFeFeFeFeFeFeFeFeFe:sim00080,-0.010099703,0.054960534,0,1,1
r2.7:Fe:cn12:CCCFeFeFeFeFeFeFeFeFe:sim00084,-0.0068468396,0.057537597,0,1,1
r2.7:Fe:cn12:CCCFeFeFeFeFeFeFeFeFe:sim00088,0.00487825,0.073698409,0,1,1
r2.7:Fe:cn12:CCCFeFeFeFeFeFeFeFeFe:sim00092,-0.033418044,0.056786783,0,1,1
r2.7:Fe:cn12:CCCFeFeFeFeFeFeFeFeFe:sim00096,-0.03251043,0.058228973,0,1,1
r2.7:Fe:cn12:CCCFeFeFeFeFeFeFeFeFe:sim00100,-0.054623894,0.041436229,0,1,1
r2.7:Fe:cn12:CCCFeFeFeFeFeFeFeFeFe:sim00104,-0.031092938,0.040955804,0,1,1
r2.7:Fe:cn12:CCCFeFeFeFeFeFeFeFeFe:sim00108,-0.047659807,0.050519645,0,1,1
r2.7:Fe:cn12:CCCFeFeFeFeFeFeFeFeFe:sim00112,-0.042892572,0.080731377,0,1,1
r2.7:Fe:cn12:CCCFeFeFeFeFeFeFeFeFe:sim00116,-0.044987973,0.078186221,0,1,1
r2.7:Fe:cn12:CCCFeFeFeFeFeFeFeFeFe:sim00120,-0.048053619,0.071663283,0,1,1
r2.7:Fe:cn12:CCCFeFeFeFeFeFeFeFeFe:sim00124,-0.051458523,0.070732519,0,1,1
r2.7:Fe:cn12:CCCFeFeFeFeFeFeFeFeFe:sim00128,-0.051663339,0.07085301,0,1,1
r2.7:Fe:cn12:CCCFeFeFeFeFeFeFeFeFe:sim00132,-0.056017071,0.096709549,0,1,1
r2.7:Fe:cn12:CCCFeFeFeFeFeFeFeFeFe:sim00136,-0.064118899,0.05449231,0,1,1
r2.7:Fe:cn12:CCCFeFeFeFeFeFeFeFeFe:sim00140,-0.08942391,0.032682549,0,1,1
r2.7:Fe:cn12:CCCFeFeFeFeFeFeFeFeFe:sim00144,-0.068639465,0.032390755,0,1,1
r2.7:Fe:cn12:CCCFeFeFeFeFeFeFeFeFe:sim00148,-0.069840491,0.053403053,0,1,1
r2.7:Fe:cn12:CCCFeFeFeFeFeFeFeFeFe:sim00152,-0.051950507,0.070351534,0,1,1
r2.7:Fe:cn12:CCCFeFeFeFeFeFeFeFeFe:sim00156,-0.048131287,0.071680322,0,1,1
r2.7:Fe:cn12:CCCFeFeFeFeFeFeFeFeFe:sim00160,-0.055630609,0.06365826,0,1,1
r2.7:Fe:cn12:CCCFeFeFeFeFeFeFeFeFe:sim00164,-0.047686402,0.073730528,0,1,1
r2.7:Fe:cn12:CCCFeFeFeFeFeFeFeFeFe:sim00168,-0.047283866,0.073543943,0,1,1
r2.7:Fe:cn12:CCCFeFeFeFeFeFeFeFeFe:sim00172,-0.053304963,0.070037954,0,1,1
r2.7:Fe:cn12:CCCFeFeFeFeFeFeFeFeFe:sim00176,-0.053138476,0.069929056,0,1,1
r2.7:Fe:cn12:CCCFeFeFeFeFeFeFeFeFe:sim00180,-0.05206845,0.069680884,0,1,1
r2.7:Fe:cn12:CCCFeFeFeFeFeFeFeFeFe:sim00184,-0.026987394,0.071875237,0,1,1
r2.7:Fe:cn12:CCCFeFeFeFeFeFeFeFeFe:sim00188,-0.055975638,0.068710998,0,1,1
r2.7:Fe:cn12:CCCFeFeFeFeFeFeFeFeFe:sim00192,-0.076362222,0.07550849,0,1,1
r2.7:Fe:cn12:CCCFeFeFeFeFeFeFeFeFe:sim00196,-0.050662983,0.077833675,0,1,1
r2.7:Fe:cn12:CCCFeFeFeFeFeFeFeFeFe:sim00200,-0.056314602,0.067802824,0,1,1
r2.7:Fe:cn12:CCCFeFeFeFeFeFeFeFeFe:sim00204,-0.054430112,0.07310126,0,1,1
r2.7:Fe:cn12:CCCFeFeFeFeFeFeFeFeFe:sim00208,-0.03543457,0.055618066,0,1,1
r2.7:Fe:cn12:CCCFeFeFeFeFeFeFeFeFe:sim00212,-0.054552063,0.071557865,0,1,1
r2.7:Fe:cn12:CCCFeFeFeFeFeFeFeFeFe:sim00216,-0.054787301,0.073955819,0,1,1
r2.7:Fe:cn12:CCCFeFeFeFeFeFeFeFeFe:sim00220,-0.054181159,0.073552601,0,1,1
r2.7:Fe:cn12:CCCFeFeFeFeFeFeFeFeFe:sim00224,-0.055785,0.069866642,0,1,1
r2.7:Fe:cn12:CCCFeFeFeFeFeFeFeFeFe:sim00228,-0.052438721,0.074567467,0,1,1
r2.7:Fe:cn12:CCCFeFeFeFeFeFeFeFeFe:sim00232,-0.059477054,0.066750206,0,1,1
r2.7:Fe:cn12:CCCFeFeFeFeFeFeFeFeFe:sim00236,-0.056415521,0.071434192,0,1,1
r2.7:Fe:cn12:CCCFeFeFeFeFeFeFeFeFe:sim00240,-0.050136313,0.047289275,0,1,1
r2.7:Fe:cn12:CCCFeFeFeFeFeFeFeFeFe:sim00244,-0.050313592,0.047785684,0,1,1
r2.7:Fe:cn12:CCCFeFeFeFeFeFeFeFeFe:sim00248,-0.020319661,0.049200136,0,1,1
r2.7:Fe:cn12:CCCFeFeFeFeFeFeFeFeFe:sim00252,-0.05973652,0.070352413,0,1,1
r2.7:Fe:cn12:CCCFeFeFeFeFeFeFeFeFe:sim00256,-0.091653295,0.081230976,0,1,1
r2.7:Fe:cn12:CCCFeFeFeFeFeFeFeFeFe:sim00260,-0.057769705,0.07225921,0,1,1
r2.7:Fe:cn12:CCCFeFeFeFeFeFeFeFeFe:sim00264,-0.059848595,0.071319364,0,1,1
r2.7:Fe:cn12:CCCFeFeFeFeFeFeFeFeFe:sim00268,-0.082027614,0.07126461,0,1,1
r2.7:Fe:cn12:CCCFeFeFeFeFeFeFeFeFe:sim00272,-0.050957542,0.074870616,0,1,1
r2.7:Fe:cn12:CCCFeFeFeFeFeFeFeFeFe:sim00276,-0.05398934,0.073919259,0,1,1
r2.7:Fe:cn12:CCFeFeFeFeFeFeFeFeFeFe:sim00002,0.015509574,0.078864142,0,1,1
r2.7:Fe:cn12:CCFeFeFeFeFeFeFeFeFeFe:sim00006,0.019678488,0.082671016,0,1,1
r2.7:Fe:cn12:CCFeFeFeFeFeFeFeFeFeFe:sim00010,0.0058044046,0.069251001,0,1,1
r2.7:Fe:cn12:CCFeFeFeFeFeFeFeFeFeFe:sim00014,-0.01085538,0.060865179,0,1,1
r2.7:Fe:cn12:CCFeFeFeFeFeFeFeFeFeFe:sim00018,-0.003605454,0.092297986,0,1,1
r2.7:Fe:cn12:CCFeFeFeFeFeFeFeFeFeFe:sim00022,-0.001263115,0.096034527,0,1,1
r2.7:Fe:cn12:CCFeFeFeFeFeFeFeFeFeFe:sim00026,-0.0032819761,0.095429786,0,1,1
r2.7:Fe:cn12:CCFeFeFeFeFeFeFeFeFeFe:sim00030,-0.012852914,0.10706252,0,1,1
r2.7:Fe:cn12:CCFeFeFeFeFeFeFeFeFeFe:sim00034,-0.0017331266,0.097490124,0,1,1
r2.7:Fe:cn12:CCFeFeFeFeFeFeFeFeFeFe:sim00038,-0.0017534518,0.097489811,0,1,1
r2.7:Fe:cn12:CCFeFeFeFeFeFeFeFeFeFe:sim00042,-0.01805757,0.10421588,0,1,1
r2.7:Fe:cn12:CCFeFeFeFeFeFeFeFeFeFe:sim00046,0.0028764829,0.079437263,0,1,1
r2.7:Fe:cn12:CCFeFeFeFeFeFeFeFeFeFe:sim00050,0.0013976335,0.098917931,0,1,1
r2.7:Fe:cn12:CCFeFeFeFeFeFeFeFeFeFe:sim00054,0.013822059,0.091456078,0,1,1
r2.7:Fe:cn12:CCFeFeFeFeFeFeFeFeFeFe:sim00058,0.0011543275,0.098843284,0,1,1
r2.7:Fe:cn12:CCFeFeFeFeFeFeFeFeFeFe:sim00062,-0.0008857979,0.09672083,0,1,1
r2.7:Fe:cn12:CCFeFeFeFeFeFeFeFeFeFe:sim00066,-0.00089845777,0.097893104,0,1,1
r2.7:Fe:cn12:CCFeFeFeFeFeFeFeFeFeFe:sim00070,-0.0030539718,0.099478051,0,1,1
r2.7:Fe:cn12:CCFeFeFeFeFeFeFeFeFeFe:sim00074,-0.0015628065,0.09751381,0,1,1
r2.7:Fe:cn12:CCFeFeFeFeFeFeFeFeFeFe:sim00078,-0.0013755623,0.09772069,0,1,1
r2.7:Fe:cn12:CCFeFeFeFeFeFeFeFeFeFe:sim00082,0.017984094,0.095511869,0,1,1
r2.7:Fe:cn12:CCFeFeFeFeFeFeFeFeFeFe:sim00086,0.035718463,0.086237505,0,1,1
r2.7:Fe:cn12:CCFeFeFeFeFeFeFeFeFeFe:sim00090,0.0028613969,0.097041197,0,1,1
r2.7:Fe:cn12:CCFeFeFeFeFeFeFeFeFeFe:sim00094,0.0020580455,0.098589517,0,1,1
r2.7:Fe:cn12:CCFeFeFeFeFeFeFeFeFeFe:sim00098,0.00019763969,0.098037131,0,1,1
r2.7:Fe:cn12:CCFeFeFeFeFeFeFeFeFeFe:sim00102,-0.015262857,0.11128402,0,1,1
r2.7:Fe:cn12:CCFeFeFeFeFeFeFeFeFeFe:sim00106,0.0054178298,0.075505182,0,1,1
r2.7:Fe:cn12:CCFeFeFeFeFeFeFeFeFeFe:sim00110,-0.0040389756,0.12061681,0,1,1
r2.7:Fe:cn12:CCFeFeFeFeFeFeFeFeFeFe:sim00114,-0.0042944234,0.11987788,0,1,1
r2.7:Fe:cn12:CCFeFeFeFeFeFeFeFeFeFe:sim00118,-0.0082920529,0.11858518,0,1,1
r2.7:Fe:cn12:CCFeFeFeFeFeFeFeFeFeFe:sim00122,-0.016031362,0.10854398,0,1,1
r2.7:Fe:cn12:CCFeFeFeFeFeFeFeFeFeFe:sim00126,-0.020194072,0.12765199,0,1,1
r2.7:Fe:cn12:CCFeFeFeFeFeFeFeFeFeFe:sim00130,-0.016795224,0.1093573,0,1,1
r2.7:Fe:cn12:CCFeFeFeFeFeFeFeFeFeFe:sim00134,-0.016614411,0.10943004,0,1,1
r2.7:Fe:cn12:CCFeFeFeFeFeFeFeFeFeFe:sim00138,-0.0066047311,0.12403452,0,1,1
r2.7:Fe:cn12:CCFeFeFeFeFeFeFeFeFeFe:sim00142,-0.020445369,0.085743658,0,1,1
r2.7:Fe:cn12:CCFeFeFeFeFeFeFeFeFeFe:sim00146,-0.018578909,0.066412769,0,1,1
r2.7:Fe:cn12:CCFeFeFeFeFeFeFeFeFeFe:sim00150,-0.023892663,0.10073217,0,1,1
r2.7:Fe:cn12:CCFeFeFeFeFeFeFeFeFeFe:sim00154,-0.011714718,0.11059295,0,1,1
r2.7:Fe:cn12:CCFeFeFeFeFeFeFeFeFeFe:sim00158,-0.017038627,0.084340438,0,1,1
r2.7:Fe:cn12:CCFeFeFeFeFeFeFeFeFeFe:sim00162,0.0019633144,0.10257013,0,1,1
r2.7:Fe:cn12:CCFeFeFeFeFeFeFeFeFeFe:sim00166,-0.012574328,0.11133453,0,1,1
r2.7:Fe:cn12:CCFeFeFeFeFeFeFeFeFeFe:sim00170,-0.017292537,0.10880343,0,1,1
r2.7:Fe:cn12:CCFeFeFeFeFeFeFeFeFeFe:sim00174,-0.017653802,0.10865621,0,1,1
r2.7:Fe:cn12:CFeFeFeFeFeFeFeFeFeFeFe:sim00003,0.050478466,0.11334448,0,1,1
r2.7:Fe:cn12:CFeFeFeFeFeFeFeFeFeFeFe:sim00007,0.049441025,0.11200127,0,1,1
r2.7:Fe:cn12:CFeFeFeFeFeFeFeFeFeFeFe:sim00011,0.045063235,0.13399896,0,1,1
r2.7:Fe:cn12:CFeFeFeFeFeFeFeFeFeFeFe:sim00015,0.037360959,0.12547494,0,1,1
r2.7:Fe:cn12:CFeFeFeFeFeFeFeFeFeFeFe:sim00019,0.038500842,0.13180947,0,1,1
r2.7:Fe:cn12:CFeFeFeFeFeFeFeFeFeFeFe:sim00023,0.033030037,0.12577271,0,1,1
r2.7:Fe:cn12:CFeFeFeFeFeFeFeFeFeFeFe:sim00027,0.035499115,0.1282386,0,1,1
r2.7:Fe:cn12:CFeFeFeFeFeFeFeFeFeFeFe:sim00031,0.038890325,0.12981191,0,1,1
r2.7:Fe:cn12:CFeFeFeFeFeFeFeFeFeFeFe:sim00035,0.032744031,0.1273039,0,1,1
r2.7:Fe:cn12:FeFeFeFeFeFeFeFeFeFeFeFe:sim00002,0.052258004,0.11420706,0,1,1
r2.7:Fe:cn12:FeFeFeFeFeFeFeFeFeFeFeFe:sim00006,0.053131375,0.11650412,0,1,1
r2.7:Fe:cn13:CCCCCFeFeFeFeFeFeFeFe:sim00003,-0.11420327,-0.055203617,0,1,1
r2.7:Fe:cn13:CCCCFeFeFeFeFeFeFeFeFe:sim00002,-0.10640839,-0.02420477,0,1,1
r2.7:Fe:cn13:CCCCFeFeFeFeFeFeFeFeFe:sim00006,-0.095624179,-0.0075566084,0,1,1
r2.7:Fe:cn13:CCCCFeFeFeFeFeFeFeFeFe:sim00010,-0.106574,-0.012771146,0,1,1
r2.7:Fe:cn13:CCCCFeFeFeFeFeFeFeFeFe:sim00014,-0.12440317,-0.030036978,0,1,1
r2.7:Fe:cn13:CCCCFeFeFeFeFeFeFeFeFe:sim00018,-0.11830852,-0.0022306575,0,1,1
r2.7:Fe:cn13:CCCCFeFeFeFeFeFeFeFeFe:sim00022,-0.11366663,0.0095454454,0,1,1
r2.7:Fe:cn13:CCCCFeFeFeFeFeFeFeFeFe:sim00026,-0.11707924,0.0085364804,0,1,1
r2.7:Fe:cn13:CCCCFeFeFeFeFeFeFeFeFe:sim00030,-0.11862104,0.030831847,0,1,1
r2.7:Fe:cn13:CCCCFeFeFeFeFeFeFeFeFe:sim00034,-0.11104237,0.012102917,0,1,1
r2.7:Fe:cn13:CCCCFeFeFeFeFeFeFeFeFe:sim00038,-0.11437237,0.010915007,0,1,1
r2.7:Fe:cn13:CCCCFeFeFeFeFeFeFeFeFe:sim00042,-0.092141561,0.010614533,0,1,1
r2.7:Fe:cn13:CCCCFeFeFeFeFeFeFeFeFe:sim00046,-0.10941196,-0.0082261199,0,1,1
r2.7:Fe:cn13:CCCCFeFeFeFeFeFeFeFeFe:sim00050,-0.1113974,0.012419335,0,1,1
r2.7:Fe:cn13:CCCCFeFeFeFeFeFeFeFeFe:sim00054,-0.099029034,0.003112108,0,1,1
r2.7:Fe:cn13:CCCCFeFeFeFeFeFeFeFeFe:sim00058,-0.10325302,0.02165851,0,1,1
r2.7:Fe:cn13:CCCCFeFeFeFeFeFeFeFeFe:sim00062,-0.11330995,0.010189665,0,1,1
r2.7:Fe:cn13:CCCCFeFeFeFeFeFeFeFeFe:sim00066,-0.12044346,0.0025739935,0,1,1
r2.7:Fe:cn13:CCCCFeFeFeFeFeFeFeFeFe:sim00070,-0.11260813,0.014659017,0,1,1
r2.7:Fe:cn13:CCCCFeFeFeFeFeFeFeFeFe:sim00074,-0.11419204,0.011042872,0,1,1
r2.7:Fe:cn13:CCCFeFeFeFeFeFeFeFeFeFe:sim00002,-0.0564695,0.037477713,0,1,1
r2.7:Fe:cn13:CCCFeFeFeFeFeFeFeFeFeFe:sim00006,-0.056167498,0.03922594,0,1,1
r2.7:Fe:cn13:CCCFeFeFeFeFeFeFeFeFeFe:sim00010,-0.050004307,0.017006354,0,1,1
r2.7:Fe:cn13:CCCFeFeFeFeFeFeFeFeFeFe:sim00014,-0.083763652,0.018519161,0,1,1
r2.7:Fe:cn13:CCCFeFeFeFeFeFeFeFeFeFe:sim00018,-0.068066739,0.055109348,0,1,1
r2.7:Fe:cn13:CCCFeFeFeFeFeFeFeFeFeFe:sim00022,-0.072587416,0.054800782,0,1,1
r2.7:Fe:cn13:CCCFeFeFeFeFeFeFeFeFeFe:sim00026,-0.072724633,0.054921161,0,1,1
r2.7:Fe:cn13:CCCFeFeFeFeFeFeFeFeFeFe:sim00030,-0.077218942,0.074427098,0,1,1
r2.7:Fe:cn13:CCCFeFeFeFeFeFeFeFeFeFe:sim00034,-0.073245808,0.056019414,0,1,1
r2.7:Fe:cn13:CCCFeFeFeFeFeFeFeFeFeFe:sim00038,-0.073232524,0.056327134,0,1,1
r2.7:Fe:cn13:CCCFeFeFeFeFeFeFeFeFeFe:sim00042,-0.070831135,0.05760733,0,1,1
r2.7:Fe:cn13:CCCFeFeFeFeFeFeFeFeFeFe:sim00046,-0.068791583,0.038443368,0,1,1
r2.7:Fe:cn13:CCCFeFeFeFeFeFeFeFeFeFe:sim00050,-0.082499474,0.024252759,0,1,1
r2.7:Fe:cn13:CCCFeFeFeFeFeFeFeFeFeFe:sim00054,-0.059330575,0.048818998,0,1,1
r2.7:Fe:cn13:CCCFeFeFeFeFeFeFeFeFeFe:sim00058,-0.070420682,0.057572827,0,1,1
r2.7:Fe:cn13:CCCFeFeFeFeFeFeFeFeFeFe:sim00062,-0.073809333,0.054227669,0,1,1
r2.7:Fe:cn13:CCCFeFeFeFeFeFeFeFeFeFe:sim00066,-0.0724179,0.056705546,0,1,1
r2.7:Fe:cn13:CCCFeFeFeFeFeFeFeFeFeFe:sim00070,-0.071306944,0.060141917,0,1,1
r2.7:Fe:cn13:CCCFeFeFeFeFeFeFeFeFeFe:sim00074,-0.073130816,0.056236777,0,1,1
r2.7:Fe:cn13:CCCFeFeFeFeFeFeFeFeFeFe:sim00078,-0.070456825,0.059394341,0,1,1
r2.7:Fe:cn13:CCCFeFeFeFeFeFeFeFeFeFe:sim00082,-0.065515243,0.063520454,0,1,1
r2.7:Fe:cn13:CCCFeFeFeFeFeFeFeFeFeFe:sim00086,-0.077199526,0.053060867,0,1,1
r2.7:Fe:cn13:CCCFeFeFeFeFeFeFeFeFeFe:sim00090,-0.093976878,0.055217575,0,1,1
r2.7:Fe:cn13:CCCFeFeFeFeFeFeFeFeFeFe:sim00094,-0.071217358,0.056806874,0,1,1
r2.7:Fe:cn13:CCCFeFeFeFeFeFeFeFeFeFe:sim00098,-0.071313597,0.058202442,0,1,1
r2.7:Fe:cn13:CCCFeFeFeFeFeFeFeFeFeFe:sim00102,-0.082801834,0.050557014,0,1,1
r2.7:Fe:cn13:CCCFeFeFeFeFeFeFeFeFeFe:sim00106,-0.066105999,0.034170408,0,1,1
r2.7:Fe:cn13:CCFeFeFeFeFeFeFeFeFeFeFe:sim00004,-0.025215467,0.076113574,0,1,1
r2.7:Fe:cn13:CCFeFeFeFeFeFeFeFeFeFeFe:sim00008,-0.003605634,0.075477831,0,1,1
r2.7:Fe:cn13:CCFeFeFeFeFeFeFeFeFeFeFe:sim00012,-0.036525477,0.088914022,0,1,1
r2.7:Fe:cn13:CCFeFeFeFeFeFeFeFeFeFeFe:sim00016,-0.05320083,0.090429962,0,1,1
r2.7:Fe:cn13:CCFeFeFeFeFeFeFeFeFeFeFe:sim00020,-0.038472053,0.091474541,0,1,1
r2.7:Fe:cn13:CCFeFeFeFeFeFeFeFeFeFeFe:sim00024,-0.035764743,0.069909416,0,1,1
r2.7:Fe:cn13:CCFeFeFeFeFeFeFeFeFeFeFe:sim00028,-0.038768604,0.090277441,0,1,1
r2.7:Fe:cn13:CCFeFeFeFeFeFeFeFeFeFeFe:sim00032,-0.039326102,0.092200041,0,1,1
r2.7:Fe:cn13:CCFeFeFeFeFeFeFeFeFeFeFe:sim00036,-0.042501077,0.091099747,0,1,1
r2.7:Fe:cn13:CCFeFeFeFeFeFeFeFeFeFeFe:sim00040,-0.03907242,0.093098707,0,1,1
r2.7:Fe:cn13:CCFeFeFeFeFeFeFeFeFeFeFe:sim00044,-0.029781353,0.10588427,0,1,1
r2.7:Fe:cn13:CCFeFeFeFeFeFeFeFeFeFeFe:sim00048,-0.048351709,0.07478594,0,1,1
r2.7:Fe:cn13:CCFeFeFeFeFeFeFeFeFeFeFe:sim00052,-0.036509439,0.094042122,0,1,1
r2.7:Fe:cn13:CFeFeFeFeFeFeFeFeFeFeFeFe:sim00003,0.010961998,0.10730593,0,1,1
r2.7:Fe:cn13:CFeFeFeFeFeFeFeFeFeFeFeFe:sim00007,0.011065955,0.10723049,0,1,1
r2.7:Fe:cn14:CCCCCFeFeFeFeFeFeFeFeFe:sim00003,-0.092970081,-0.031155944,0,1,1
r2.7:Fe:cn14:CCCCFeFeFeFeFeFeFeFeFeFe:sim00004,-0.060042005,0.0103939,0,1,1
r2.7:Fe:cn14:CCCCFeFeFeFeFeFeFeFeFeFe:sim00008,-0.038483016,0.0074791526,0,1,1
r2.7:Fe:cn14:CCCCFeFeFeFeFeFeFeFeFeFe:sim00012,-0.089338109,0.040880419,0,1,1
r2.7:Fe:cn14:CCCCFeFeFeFeFeFeFeFeFeFe:sim00016,-0.069694519,0.026142634,0,1,1
r2.7:Fe:cn14:CCCFeFeFeFeFeFeFeFeFeFeFe:sim00003,-0.026599595,0.051358208,0,1,1
r2.7:Fe:cn14:CCCFeFeFeFeFeFeFeFeFeFeFe:sim00007,-0.026618263,0.051326919,0,1,1
r2.7:Fe:cn14:CCCFeFeFeFeFeFeFeFeFeFeFe:sim00011,-0.031633466,0.071988165,0,1,1
r2.7:Fe:cn14:CCCFeFeFeFeFeFeFeFeFeFeFe:sim00015,-0.045388471,0.059865568,0,1,1
r2.7:Fe:cn14:CCCFeFeFeFeFeFeFeFeFeFeFe:sim00019,-0.038122743,0.069800973,0,1,1
r2.7:Fe:cn14:CCCFeFeFeFeFeFeFeFeFeFeFe:sim00023,-0.042800341,0.064201131,0,1,1
r2.7:Fe:cn14:CCCFeFeFeFeFeFeFeFeFeFeFe:sim00027,-0.041105799,0.066105947,0,1,1
r2.7:Fe:cn14:CCFeFeFeFeFeFeFeFeFeFeFeFe:sim00001,0.0041547762,0.087207645,0,1,1
r2.7:Fe:cn14:CCFeFeFeFeFeFeFeFeFeFeFeFe:sim00005,0.0062588872,0.087176196,0,1,1
r2.7:Fe:cn15:CCCCFeFeFeFeFeFeFeFeFeFeFe:sim00001,-0.031584546,-0.016271302,0,1,1
r2.7:Fe:cn15:CCCCFeFeFeFeFeFeFeFeFeFeFe:sim00005,-0.025301864,-0.0078878375,0,1,1
r2.7:Fe:cn15:CCCFeFeFeFeFeFeFeFeFeFeFeFe:sim00004,0.0091019748,0.041750655,0,1,1
r2.7:Fe:cn2:CC:sim00001,-0.60005122,-0.16642115,0,1,1
r2.7:Fe:cn2:FeFe:sim00002,-0.57732368,-0.048408184,0,1,1
r2.7:Fe:cn3:CCFe:sim00003,-0.70715541,-0.23638852,0,1,1
r2.7:Fe:cn3:CFeFe:sim00002,-0.53881931,-0.078751162,0,1,1
r2.7:Fe:cn3:CFeFe:sim00006,-0.53521073,-0.07312303,0,1,1
r2.7:Fe:cn4:CCCC:sim00001,-0.55279797,-0.42729568,0,1,1
r2.7:Fe:cn4:CCCFe:sim00004,-0.65551925,-0.34979609,0,1,1
r2.7:Fe:cn4:CCFeFe:sim00001,-0.49865916,-0.1811076,0,1,1
r2.7:Fe:cn4:CCFeFe:sim00005,-0.53226513,-0.1198286,0,1,1
r2.7:Fe:cn4:CCFeFe:sim00009,-0.50039381,-0.16890697,0,1,1
r2.7:Fe:cn4:CCFeFe:sim00013,-0.54517955,-0.13409953,0,1,1
r2.7:Fe:cn4:CFeFeFe:sim00003,-0.33791319,-0.023196369,0,1,1
r2.7:Fe:cn4:CFeFeFe:sim00007,-0.33757395,-0.023215549,0,1,1
r2.7:Fe:cn4:CFeFeFe:sim00011,-0.35900202,0.035491806,0,1,1
r2.7:Fe:cn4:CFeFeFe:sim00015,-0.38026914,0.0033179519,0,1,1
r2.7:Fe:cn4:FeFeFeFe:sim00004,-0.25103188,0.042783067,0,1,1
r2.7:Fe:cn5:CCCCFe:sim00001,-0.70053524,-0.40746295,0,1,1
r2.7:Fe:cn5:CCCCFe:sim00005,-0.69932896,-0.39356142,0,1,1
r2.7:Fe:cn5:CCCFeFe:sim00004,-0.57147938,-0.21854408,0,1,1
r2.7:Fe:cn5:CCCFeFe:sim00008,-0.52775747,-0.23009796,0,1,1
r2.7:Fe:cn5:CCCFeFe:sim00012,-0.60897994,-0.18177396,0,1,1
r2.7:Fe:cn5:CCCFeFe:sim00016,-0.59880447,-0.17446786,0,1,1
r2.7:Fe:cn5:CCCFeFe:sim00020,-0.61150861,-0.17248751,0,1,1
r2.7:Fe:cn5:CCCFeFe:sim00024,-0.64606184,-0.2141349,0,1,1
r2.7:Fe:cn5:CCCFeFe:sim00028,-0.61597222,-0.17420556,0,1,1
r2.7:Fe:cn5:CCFeFeFe:sim00004,-0.41567987,-0.061215799,0,1,1
r2.7:Fe:cn5:CCFeFeFe:sim00008,-0.39984888,-0.14876212,0,1,1
r2.7:Fe:cn5:CCFeFeFe:sim00012,-0.45693925,-0.020814497,0,1,1
r2.7:Fe:cn5:CCFeFeFe:sim00016,-0.44749153,-0.014296845,0,1,1
r2.7:Fe:cn5:CCFeFeFe:sim00020,-0.45520565,-0.021777706,0,1,1
r2.7:Fe:cn5:CCFeFeFe:sim00024,-0.44676483,-0.079373106,0,1,1
r2.7:Fe:cn5:CCFeFeFe:sim00028,-0.45491928,-0.021447413,0,1,1
r2.7:Fe:cn5:CCFeFeFe:sim00032,-0.43744722,0.011421725,0,1,1
r2.7:Fe:cn5:CCFeFeFe:sim00036,-0.46881607,-0.024074242,0,1,1
r2.7:Fe:cn5:CCFeFeFe:sim00040,-0.45934364,-0.020716598,0,1,1
r2.7:Fe:cn5:CCFeFeFe:sim00044,-0.44811839,-0.076313287,0,1,1
r2.7:Fe:cn5:CCFeFeFe:sim00048,-0.50102544,-0.00092501234,0,1,1
r2.7:Fe:cn5:CCFeFeFe:sim00052,-0.45001173,-0.014136491,0,1,1
r2.7:Fe:cn5:CFeFeFeFe:sim00004,-0.26618519,0.052513082,0,1,1
r2.7:Fe:cn5:CFeFeFeFe:sim00008,-0.22168936,0.049941365,0,1,1
r2.7:Fe:cn5:CFeFeFeFe:sim00012,-0.29542089,0.081903934,0,1,1
r2.7:Fe:cn5:CFeFeFeFe:sim00016,-0.28931919,0.073033623,0,1,1
r2.7:Fe:cn5:CFeFeFeFe:sim00020,-0.30052876,0.086921096,0,1,1
r2.7:Fe:cn5:CFeFeFeFe:sim00024,-0.29365379,0.037092488,0,1,1
r2.7:Fe:cn5:CFeFeFeFe:sim00028,-0.2914764,0.04853116,0,1,1
r2.7:Fe:cn5:CFeFeFeFe:sim00032,-0.30219951,0.089190349,0,1,1
r2.7:Fe:cn5:CFeFeFeFe:sim00036,-0.30885211,0.087048382,0,1,1
r2.7:Fe:cn5:FeFeFeFeFe:sim00002,-0.23188023,0.093408316,0,1,1
r2.7:Fe:cn5:FeFeFeFeFe:sim00006,-0.23174952,0.095902793,0,1,1
r2.7:Fe:cn5:FeFeFeFeFe:sim00010,-0.2382551,0.10540796,0,1,1
r2.7:Fe:cn6:CCCCFeFe:sim00003,-0.60335737,-0.32320321,0,1,1
r2.7:Fe:cn6:CCCCFeFe:sim00007,-0.58550984,-0.31026354,0,1,1
r2.7:Fe:cn6:CCCCFeFe:sim00011,-0.62124729,-0.26726356,0,1,1
r2.7:Fe:cn6:CCCCFeFe:sim00015,-0.62060511,-0.27950013,0,1,1
r2.7:Fe:cn6:CCCCFeFe:sim00019,-0.61813939,-0.26211822,0,1,1
r2.7:Fe:cn6:CCCFeFeFe:sim00002,-0.4513033,-0.14512748,0,1,1
r2.7:Fe:cn6:CCCFeFeFe:sim00006,-0.44786638,-0.15503383,0,1,1
r2.7:Fe:cn6:CCCFeFeFe:sim00010,-0.47153899,-0.16630861,0,1,1
r2.7:Fe:cn6:CCCFeFeFe:sim00014,-0.50098443,-0.20066759,0,1,1
r2.7:Fe:cn6:CCCFeFeFe:sim00018,-0.48142457,-0.12491566,0,1,1
r2.7:Fe:cn6:CCCFeFeFe:sim00022,-0.49631086,-0.11574358,0,1,1
r2.7:Fe:cn6:CCCFeFeFe:sim00026,-0.52018148,-0.12766287,0,1,1
r2.7:Fe:cn6:CCCFeFeFe:sim00030,-0.46024144,-0.0456849,0,1,1
r2.7:Fe:cn6:CCCFeFeFe:sim00034,-0.48840335,-0.11480647,0,1,1
r2.7:Fe:cn6:CCCFeFeFe:sim00038,-0.47661147,-0.14127398,0,1,1
r2.7:Fe:cn6:CCCFeFeFe:sim00042,-0.4926537,-0.12043585,0,1,1
r2.7:Fe:cn6:CCCFeFeFe:sim00046,-0.47747982,-0.15615143,0,1,1
r2.7:Fe:cn6:CCCFeFeFe:sim00050,-0.49039942,-0.10935678,0,1,1
r2.7:Fe:cn6:CCCFeFeFe:sim00054,-0.47718045,-0.13415031,0,1,1
r2.7:Fe:cn6:CCCFeFeFe:sim00058,-0.49063826,-0.10896637,0,1,1
r2.7:Fe:cn6:CCCFeFeFe:sim00062,-0.48551711,-0.11657449,0,1,1
r2.7:Fe:cn6:CCCFeFeFe:sim00066,-0.48682019,-0.11433677,0,1,1
r2.7:Fe:cn6:CCCFeFeFe:sim00070,-0.45086136,-0.08477129,0,1,1
r2.7:Fe:cn6:CCCFeFeFe:sim00074,-0.48767209,-0.1151961,0,1,1
r2.7:Fe:cn6:CCCFeFeFe:sim00078,-0.48705694,-0.11392941,0,1,1
r2.7:Fe:cn6:CCCFeFeFe:sim00082,-0.48937955,-0.10372059,0,1,1
r2.7:Fe:cn6:CCCFeFeFe:sim00086,-0.44498712,-0.12083245,0,1,1
r2.7:Fe:cn6:CCFeFeFeFe:sim00003,-0.29730392,-0.012062074,0,1,1
r2.7:Fe:cn6:CCFeFeFeFe:sim00007,-0.32013026,-0.035563033,0,1,1
r2.7:Fe:cn6:CCFeFeFeFe:sim00011,-0.31214646,0.086346067,0,1,1
r2.7:Fe:cn6:CCFeFeFeFe:sim00015,-0.34954548,-0.0029873082,0,1,1
r2.7:Fe:cn6:CCFeFeFeFe:sim00019,-0.34677908,0.010802867,0,1,1
r2.7:Fe:cn6:CCFeFeFeFe:sim00023,-0.36209729,0.0023136502,0,1,1
r2.7:Fe:cn6:CCFeFeFeFe:sim00027,-0.35786384,0.0073508271,0,1,1
r2.7:Fe:cn6:CCFeFeFeFe:sim00031,-0.40440363,0.0058727693,0,1,1
r2.7:Fe:cn6:CCFeFeFeFe:sim00035,-0.36508,-0.013774462,0,1,1
r2.7:Fe:cn6:CCFeFeFeFe:sim00039,-0.34598279,0.011280888,0,1,1
r2.7:Fe:cn6:CCFeFeFeFe:sim00043,-0.35453224,0.0053700437,0,1,1
r2.7:Fe:cn6:CCFeFeFeFe:sim00047,-0.35385028,0.0060799299,0,1,1
r2.7:Fe:cn6:CCFeFeFeFe:sim00051,-0.3789928,0.035885558,0,1,1
r2.7:Fe:cn6:CCFeFeFeFe:sim00055,-0.34936556,0.016175784,0,1,1
r2.7:Fe:cn6:CCFeFeFeFe:sim00059,-0.35211599,0.013097414,0,1,1
r2.7:Fe:cn6:CCFeFeFeFe:sim00063,-0.35343596,0.0069894278,0,1,1
r2.7:Fe:cn6:CCFeFeFeFe:sim00067,-0.35311106,0.0061904476,0,1,1
r2.7:Fe:cn6:CCFeFeFeFe:sim00071,-0.35811827,0.01015437,0,1,1
r2.7:Fe:cn6:CCFeFeFeFe:sim00075,-0.36850524,0.0008844845,0,1,1
r2.7:Fe:cn6:CCFeFeFeFe:sim00079,-0.34010911,0.037217833,0,1,1
r2.7:Fe:cn6:CCFeFeFeFe:sim00083,-0.324604,-0.017376803,0,1,1
r2.7:Fe:cn6:CCFeFeFeFe:sim00087,-0.31117073,0.015396382,0,1,1
r2.7:Fe:cn6:CCFeFeFeFe:sim00091,-0.359855,0.0046810643,0,1,1
r2.7:Fe:cn6:CCFeFeFeFe:sim00095,-0.3506754,0.0064186845,0,1,1
r2.7:Fe:cn6:CCFeFeFeFe:sim00099,-0.35904598,0.043650288,0,1,1
r2.7:Fe:cn6:CCFeFeFeFe:sim00103,-0.38042718,0.035734799,0,1,1
r2.7:Fe:cn6:CCFeFeFeFe:sim00107,-0.37567142,-0.0075879022,0,1,1
r2.7:Fe:cn6:CCFeFeFeFe:sim00111,-0.36827704,0.056457862,0,1,1
r2.7:Fe:cn6:CCFeFeFeFe:sim00115,-0.36749077,0.047093257,0,1,1
r2.7:Fe:cn6:CCFeFeFeFe:sim00119,-0.37918869,0.054597355,0,1,1
r2.7:Fe:cn6:CCFeFeFeFe:sim00123,-0.37740111,0.028465455,0,1,1
r2.7:Fe:cn6:CCFeFeFeFe:sim00127,-0.37864697,0.028918188,0,1,1
r2.7:Fe:cn6:CCFeFeFeFe:sim00131,-0.37346298,0.014426544,0,1,1
r2.7:Fe:cn6:CFeFeFeFeFe:sim00001,-0.21438082,0.029031346,0,1,1
r2.7:Fe:cn6:CFeFeFeFeFe:sim00005,-0.19786541,0.06432838,0,1,1
r2.7:Fe:cn6:CFeFeFeFeFe:sim00009,-0.19877064,0.060143203,0,1,1
r2.7:Fe:cn6:CFeFeFeFeFe:sim00013,-0.2301884,0.071431652,0,1,1
r2.7:Fe:cn6:CFeFeFeFeFe:sim00017,-0.22922638,0.082856514,0,1,1
r2.7:Fe:cn6:CFeFeFeFeFe:sim00021,-0.26891676,0.11841856,0,1,1
r2.7:Fe:cn6:CFeFeFeFeFe:sim00025,-0.2406023,0.083170295,0,1,1
r2.7:Fe:cn6:CFeFeFeFeFe:sim00029,-0.23214756,0.091820866,0,1,1
r2.7:Fe:cn6:CFeFeFeFeFe:sim00033,-0.21341729,0.077449456,0,1,1
r2.7:Fe:cn6:CFeFeFeFeFe:sim00037,-0.23123482,0.091205828,0,1,1
r2.7:Fe:cn6:CFeFeFeFeFe:sim00041,-0.22992942,0.093143106,0,1,1
r2.7:Fe:cn6:CFeFeFeFeFe:sim00045,-0.21132004,0.089391045,0,1,1
r2.7:Fe:cn6:CFeFeFeFeFe:sim00049,-0.23188008,0.090998136,0,1,1
r2.7:Fe:cn6:CFeFeFeFeFe:sim00053,-0.22790834,0.098452695,0,1,1
r2.7:Fe:cn6:CFeFeFeFeFe:sim00057,-0.22782397,0.09833394,0,1,1
r2.7:Fe:cn6:CFeFeFeFeFe:sim00061,-0.24206319,0.073721878,0,1,1
r2.7:Fe:cn6:CFeFeFeFeFe:sim00065,-0.21528062,0.09834069,0,1,1
r2.7:Fe:cn6:CFeFeFeFeFe:sim00069,-0.23029824,0.091750696,0,1,1
r2.7:Fe:cn6:CFeFeFeFeFe:sim00073,-0.23690362,0.098233573,0,1,1
r2.7:Fe:cn6:CFeFeFeFeFe:sim00077,-0.23166701,0.091012552,0,1,1
r2.7:Fe:cn6:CFeFeFeFeFe:sim00081,-0.1894705,0.094335787,0,1,1
r2.7:Fe:cn6:CFeFeFeFeFe:sim00085,-0.18270795,0.084555171,0,1,1
r2.7:Fe:cn6:CFeFeFeFeFe:sim00089,-0.20620464,0.081241682,0,1,1
r2.7:Fe:cn6:FeFeFeFeFeFe:sim00003,-0.16165689,0.078091085,0,1,1
r2.7:Fe:cn6:FeFeFeFeFeFe:sim00007,-0.15515032,0.082006484,0,1,1
r2.7:Fe:cn6:FeFeFeFeFeFe:sim00011,-0.17139852,0.11436585,0,1,1
r2.7:Fe:cn6:FeFeFeFeFeFe:sim00015,-0.18112853,0.099302329,0,1,1
r2.7:Fe:cn7:CCCCFeFeFe:sim00001,-0.48915696,-0.31824207,0,1,1
r2.7:Fe:cn7:CCCCFeFeFe:sim00005,-0.510867,-0.19511725,0,1,1
r2.7:Fe:cn7:CCCCFeFeFe:sim00009,-0.47916889,-0.23988928,0,1,1
r2.7:Fe:cn7:CCCCFeFeFe:sim00013,-0.51703739,-0.2138757,0,1,1
r2.7:Fe:cn7:CCCCFeFeFe:sim00017,-0.52353525,-0.22781935,0,1,1
r2.7:Fe:cn7:CCCCFeFeFe:sim00021,-0.52011245,-0.20562851,0,1,1
r2.7:Fe:cn7:CCCCFeFeFe:sim00025,-0.52280045,-0.20617597,0,1,1
r2.7:Fe:cn7:CCCCFeFeFe:sim00029,-0.51366794,-0.18755382,0,1,1
r2.7:Fe:cn7:CCCCFeFeFe:sim00033,-0.51673943,-0.19671918,0,1,1
r2.7:Fe:cn7:CCCCFeFeFe:sim00037,-0.5208441,-0.20139322,0,1,1
r2.7:Fe:cn7:CCCCFeFeFe:sim00041,-0.51459116,-0.18775725,0,1,1
r2.7:Fe:cn7:CCCCFeFeFe:sim00045,-0.50535965,-0.22509503,0,1,1
r2.7:Fe:cn7:CCCCFeFeFe:sim00049,-0.52164906,-0.20147009,0,1,1
r2.7:Fe:cn7:CCCCFeFeFe:sim00053,-0.51448089,-0.19873962,0,1,1
r2.7:Fe:cn7:CCCCFeFeFe:sim00057,-0.53009504,-0.17684461,0,1,1
r2.7:Fe:cn7:CCCCFeFeFe:sim00061,-0.52651322,-0.21730365,0,1,1
r2.7:Fe:cn7:CCCCFeFeFe:sim00065,-0.45292017,-0.18681762,0,1,1
r2.7:Fe:cn7:CCCCFeFeFe:sim00069,-0.51980293,-0.20119937,0,1,1
r2.7:Fe:cn7:CCCFeFeFeFe:sim00001,-0.35499015,-0.11632242,0,1,1
r2.7:Fe:cn7:CCCFeFeFeFe:sim00005,-0.35463926,-0.10543804,0,1,1
r2.7:Fe:cn7:CCCFeFeFeFe:sim00009,-0.35298377,-0.105515,0,1,1
r2.7:Fe:cn7:CCCFeFeFeFe:sim00013,-0.38994849,-0.083141088,0,1,1
r2.7:Fe:cn7:CCCFeFeFeFe:sim00017,-0.39117643,-0.081994124,0,1,1
r2.7:Fe:cn7:CCCFeFeFeFe:sim00021,-0.39508829,-0.080137931,0,1,1
r2.7:Fe:cn7:CCCFeFeFeFe:sim00025,-0.39507812,-0.075907074,0,1,1
r2.7:Fe:cn7:CCCFeFeFeFe:sim00029,-0.39301944,-0.07470265,0,1,1
r2.7:Fe:cn7:CCCFeFeFeFe:sim00033,-0.39411578,-0.072360575,0,1,1
r2.7:Fe:cn7:CCCFeFeFeFe:sim00037,-0.39716738,-0.076799005,0,1,1
r2.7:Fe:cn7:CCCFeFeFeFe:sim00041,-0.3918564,-0.069987565,0,1,1
r2.7:Fe:cn7:CCCFeFeFeFe:sim00045,-0.37628853,-0.090039685,0,1,1
r2.7:Fe:cn7:CCCFeFeFeFe:sim00049,-0.39383605,-0.072468467,0,1,1
r2.7:Fe:cn7:CCCFeFeFeFe:sim00053,-0.37422809,-0.060961831,0,1,1
r2.7:Fe:cn7:CCCFeFeFeFe:sim00057,-0.38841918,-0.070034601,0,1,1
r2.7:Fe:cn7:CCCFeFeFeFe:sim00061,-0.40186992,-0.088612475,0,1,1
r2.7:Fe:cn7:CCCFeFeFeFe:sim00065,-0.36396044,-0.050086096,0,1,1
r2.7:Fe:cn7:CCCFeFeFeFe:sim00069,-0.3921963,-0.071353011,0,1,1
r2.7:Fe:cn7:CCCFeFeFeFe:sim00073,-0.39305183,-0.11448296,0,1,1
r2.7:Fe:cn7:CCCFeFeFeFe:sim00077,-0.39367324,-0.072225735,0,1,1
r2.7:Fe:cn7:CCCFeFeFeFe:sim00081,-0.34901065,-0.071154721,0,1,1
r2.7:Fe:cn7:CCCFeFeFeFe:sim00085,-0.33822754,-0.080802284,0,1,1
r2.7:Fe:cn7:CCCFeFeFeFe:sim00089,-0.35418633,-0.07715112,0,1,1
r2.7:Fe:cn7:CCCFeFeFeFe:sim00093,-0.3350834,-0.092005931,0,1,1
r2.7:Fe:cn7:CCCFeFeFeFe:sim00097,-0.36777043,-0.040968012,0,1,1
r2.7:Fe:cn7:CCCFeFeFeFe:sim00101,-0.44297001,-0.10932734,0,1,1
r2.7:Fe:cn7:CCCFeFeFeFe:sim00105,-0.40420678,-0.079167731,0,1,1
r2.7:Fe:cn7:CCCFeFeFeFe:sim00109,-0.39119259,-0.10189205,0,1,1
r2.7:Fe:cn7:CCCFeFeFeFe:sim00113,-0.44301486,-0.049376417,0,1,1
r2.7:Fe:cn7:CCCFeFeFeFe:sim00117,-0.44131872,-0.022963678,0,1,1
r2.7:Fe:cn7:CCCFeFeFeFe:sim00121,-0.4180297,-0.053431839,0,1,1
r2.7:Fe:cn7:CCCFeFeFeFe:sim00125,-0.41359863,-0.046572071,0,1,1
r2.7:Fe:cn7:CCCFeFeFeFe:sim00129,-0.41646963,-0.047925644,0,1,1
r2.7:Fe:cn7:CCCFeFeFeFe:sim00133,-0.40874168,-0.085085474,0,1,1
r2.7:Fe:cn7:CCCFeFeFeFe:sim00137,-0.46446502,-0.052874949,0,1,1
r2.7:Fe:cn7:CCCFeFeFeFe:sim00141,-0.46927857,-0.10634873,0,1,1
r2.7:Fe:cn7:CCCFeFeFeFe:sim00145,-0.43257031,-0.10960719,0,1,1
r2.7:Fe:cn7:CCCFeFeFeFe:sim00149,-0.44849768,-0.12185185,0,1,1
r2.7:Fe:cn7:CCCFeFeFeFe:sim00153,-0.38874841,-0.080705747,0,1,1
r2.7:Fe:cn7:CCCFeFeFeFe:sim00157,-0.4168095,-0.048235517,0,1,1
r2.7:Fe:cn7:CCCFeFeFeFe:sim00161,-0.39361238,-0.01256471,0,1,1
r2.7:Fe:cn7:CCCFeFeFeFe:sim00165,-0.4210456,-0.022216864,0,1,1
r2.7:Fe:cn7:CCCFeFeFeFe:sim00169,-0.41297045,-0.04768062,0,1,1
r2.7:Fe:cn7:CCCFeFeFeFe:sim00173,-0.40714779,-0.039393064,0,1,1
r2.7:Fe:cn7:CCCFeFeFeFe:sim00177,-0.41988558,-0.049137808,0,1,1
r2.7:Fe:cn7:CCCFeFeFeFe:sim00181,-0.41447806,-0.047363292,0,1,1
r2.7:Fe:cn7:CCCFeFeFeFe:sim00185,-0.33884436,-0.061511848,0,1,1
r2.7:Fe:cn7:CCCFeFeFeFe:sim00189,-0.41649258,-0.048388328,0,1,1
r2.7:Fe:cn7:CCCFeFeFeFe:sim00193,-0.40670627,-0.029857088,0,1,1
r2.7:Fe:cn7:CCCFeFeFeFe:sim00197,-0.41485685,-0.034269672,0,1,1
r2.7:Fe:cn7:CCCFeFeFeFe:sim00201,-0.42142248,-0.042830423,0,1,1
r2.7:Fe:cn7:CCCFeFeFeFe:sim00205,-0.42110947,-0.042289011,0,1,1
r2.7:Fe:cn7:CCCFeFeFeFe:sim00209,-0.43387929,-0.045797098,0,1,1
r2.7:Fe:cn7:CCCFeFeFeFe:sim00213,-0.41965201,-0.04327755,0,1,1
r2.7:Fe:cn7:CCCFeFeFeFe:sim00217,-0.4249959,-0.05273794,0,1,1
r2.7:Fe:cn7:CCCFeFeFeFe:sim00221,-0.41523182,-0.050410964,0,1,1
r2.7:Fe:cn7:CCCFeFeFeFe:sim00225,-0.42119485,-0.043190703,0,1,1
r2.7:Fe:cn7:CCCFeFeFeFe:sim00229,-0.42345715,-0.043999717,0,1,1
r2.7:Fe:cn7:CCFeFeFeFeFe:sim00003,-0.24280818,0.010255114,0,1,1
r2.7:Fe:cn7:CCFeFeFeFeFe:sim00007,-0.25416398,-0.0066025872,0,1,1
r2.7:Fe:cn7:CCFeFeFeFeFe:sim00011,-0.21424671,0.04598042,0,1,1
r2.7:Fe:cn7:CCFeFeFeFeFe:sim00015,-0.27561149,0.026368797,0,1,1
r2.7:Fe:cn7:CCFeFeFeFeFe:sim00019,-0.2690298,0.034108348,0,1,1
r2.7:Fe:cn7:CCFeFeFeFeFe:sim00023,-0.31523958,0.049979512,0,1,1
r2.7:Fe:cn7:CCFeFeFeFeFe:sim00027,-0.28305128,0.020627756,0,1,1
r2.7:Fe:cn7:CCFeFeFeFeFe:sim00031,-0.3063322,0.012820877,0,1,1
r2.7:Fe:cn7:CCFeFeFeFeFe:sim00035,-0.24977194,0.020168932,0,1,1
r2.7:Fe:cn7:CCFeFeFeFeFe:sim00039,-0.28307608,0.027583972,0,1,1
r2.7:Fe:cn7:CCFeFeFeFeFe:sim00043,-0.27454025,0.041025456,0,1,1
r2.7:Fe:cn7:CCFeFeFeFeFe:sim00047,-0.26995793,0.022021761,0,1,1
r2.7:Fe:cn7:CCFeFeFeFeFe:sim00051,-0.30391064,0.044300441,0,1,1
r2.7:Fe:cn7:CCFeFeFeFeFe:sim00055,-0.25341165,0.010476507,0,1,1
r2.7:Fe:cn7:CCFeFeFeFeFe:sim00059,-0.2876091,0.01131271,0,1,1
r2.7:Fe:cn7:CCFeFeFeFeFe:sim00063,-0.28220391,0.025938706,0,1,1
r2.7:Fe:cn7:CCFeFeFeFeFe:sim00067,-0.28301093,0.025336225,0,1,1
r2.7:Fe:cn7:CCFeFeFeFeFe:sim00071,-0.28207919,0.024192819,0,1,1
r2.7:Fe:cn7:CCFeFeFeFeFe:sim00075,-0.28489888,0.02107098,0,1,1
r2.7:Fe:cn7:CCFeFeFeFeFe:sim00079,-0.29073405,0.066636495,0,1,1
r2.7:Fe:cn7:CCFeFeFeFeFe:sim00083,-0.25780198,0.0047563729,0,1,1
r2.7:Fe:cn7:CCFeFeFeFeFe:sim00087,-0.22643559,0.01878519,0,1,1
r2.7:Fe:cn7:CCFeFeFeFeFe:sim00091,-0.28786001,0.023989221,0,1,1
r2.7:Fe:cn7:CCFeFeFeFeFe:sim00095,-0.28346533,0.024434648,0,1,1
r2.7:Fe:cn7:CCFeFeFeFeFe:sim00099,-0.2877593,0.057613935,0,1,1
r2.7:Fe:cn7:CCFeFeFeFeFe:sim00103,-0.32413903,0.029318146,0,1,1
r2.7:Fe:cn7:CCFeFeFeFeFe:sim00107,-0.29665434,0.024769621,0,1,1
r2.7:Fe:cn7:CCFeFeFeFeFe:sim00111,-0.29486257,0.063062139,0,1,1
r2.7:Fe:cn7:CCFeFeFeFeFe:sim00115,-0.29571331,0.06127096,0,1,1
r2.7:Fe:cn7:CCFeFeFeFeFe:sim00119,-0.29307169,0.07449434,0,1,1
r2.7:Fe:cn7:CCFeFeFeFeFe:sim00123,-0.30520883,0.045255691,0,1,1
r2.7:Fe:cn7:CCFeFeFeFeFe:sim00127,-0.28024426,0.029119387,0,1,1
r2.7:Fe:cn7:CCFeFeFeFeFe:sim00131,-0.30746448,0.044481628,0,1,1
r2.7:Fe:cn7:CCFeFeFeFeFe:sim00135,-0.30708891,0.044660602,0,1,1
r2.7:Fe:cn7:CCFeFeFeFeFe:sim00139,-0.28237972,0.038394306,0,1,1
r2.7:Fe:cn7:CCFeFeFeFeFe:sim00143,-0.33393398,0.020236541,0,1,1
r2.7:Fe:cn7:CCFeFeFeFeFe:sim00147,-0.32640281,-0.012176736,0,1,1
r2.7:Fe:cn7:CCFeFeFeFeFe:sim00151,-0.3161597,0.028347738,0,1,1
r2.7:Fe:cn7:CCFeFeFeFeFe:sim00155,-0.27007061,0.018014766,0,1,1
r2.7:Fe:cn7:CCFeFeFeFeFe:sim00159,-0.30411324,0.056979876,0,1,1
r2.7:Fe:cn7:CCFeFeFeFeFe:sim00163,-0.28537869,0.046551142,0,1,1
r2.7:Fe:cn7:CCFeFeFeFeFe:sim00167,-0.30948839,0.032010533,0,1,1
r2.7:Fe:cn7:CCFeFeFeFeFe:sim00171,-0.34357774,0.040887624,0,1,1
r2.7:Fe:cn7:CCFeFeFeFeFe:sim00175,-0.30469412,0.047929946,0,1,1
r2.7:Fe:cn7:CCFeFeFeFeFe:sim00179,-0.30660763,0.047368508,0,1,1
r2.7:Fe:cn7:CCFeFeFeFeFe:sim00183,-0.30573791,0.045100771,0,1,1
r2.7:Fe:cn7:CCFeFeFeFeFe:sim00187,-0.29550043,0.062095296,0,1,1
r2.7:Fe:cn7:CCFeFeFeFeFe:sim00191,-0.29966,0.061801072,0,1,1
r2.7:Fe:cn7:CCFeFeFeFeFe:sim00195,-0.31176186,0.052634254,0,1,1
r2.7:Fe:cn7:CCFeFeFeFeFe:sim00199,-0.30773747,0.050695878,0,1,1
r2.7:Fe:cn7:CCFeFeFeFeFe:sim00203,-0.29918316,0.066589504,0,1,1
r2.7:Fe:cn7:CCFeFeFeFeFe:sim00207,-0.30881745,0.048835449,0,1,1
r2.7:Fe:cn7:CCFeFeFeFeFe:sim00211,-0.31041899,0.049947575,0,1,1
r2.7:Fe:cn7:CCFeFeFeFeFe:sim00215,-0.31010622,0.049424794,0,1,1
r2.7:Fe:cn7:CCFeFeFeFeFe:sim00219,-0.30633739,0.055405028,0,1,1
r2.7:Fe:cn7:CCFeFeFeFeFe:sim00223,-0.35391438,0.070919275,0,1,1
r2.7:Fe:cn7:CCFeFeFeFeFe:sim00227,-0.30962521,0.049790822,0,1,1
r2.7:Fe:cn7:CCFeFeFeFeFe:sim00231,-0.31311813,0.045728888,0,1,1
r2.7:Fe:cn7:CCFeFeFeFeFe:sim00235,-0.31461051,0.045669828,0,1,1
r2.7:Fe:cn7:CCFeFeFeFeFe:sim00239,-0.31239837,0.036996402,0,1,1
r2.7:Fe:cn7:CCFeFeFeFeFe:sim00243,-0.31448656,0.036093451,0,1,1
r2.7:Fe:cn7:CCFeFeFeFeFe:sim00247,-0.30707106,-0.0051930561,0,1,1
r2.7:Fe:cn7:CCFeFeFeFeFe:sim00251,-0.31503615,0.043325119,0,1,1
r2.7:Fe:cn7:CCFeFeFeFeFe:sim00255,-0.29123077,0.044074785,0,1,1
r2.7:Fe:cn7:CCFeFeFeFeFe:sim00259,-0.31148615,0.049251884,0,1,1
r2.7:Fe:cn7:CCFeFeFeFeFe:sim00263,-0.31318969,0.04402696,0,1,1
r2.7:Fe:cn7:CCFeFeFeFeFe:sim00267,-0.3128868,0.043998521,0,1,1
r2.7:Fe:cn7:CCFeFeFeFeFe:sim00271,-0.30781493,0.041711863,0,1,1
r2.7:Fe:cn7:CCFeFeFeFeFe:sim00275,-0.32272547,0.031716213,0,1,1
r2.7:Fe:cn7:CCFeFeFeFeFe:sim00279,-0.33086157,-0.0071957796,0,1,1
r2.7:Fe:cn7:CCFeFeFeFeFe:sim00283,-0.30778831,0.050872523,0,1,1
r2.7:Fe:cn7:CCFeFeFeFeFe:sim00287,-0.30682582,0.051367771,0,1,1
r2.7:Fe:cn7:CCFeFeFeFeFe:sim00291,-0.30981082,0.049991976,0,1,1
r2.7:Fe:cn7:CCFeFeFeFeFe:sim00295,-0.31523234,0.04636921,0,1,1
r2.7:Fe:cn7:CCFeFeFeFeFe:sim00299,-0.30955547,0.050202399,0,1,1
r2.7:Fe:cn7:CCFeFeFeFeFe:sim00303,-0.31771719,0.084039211,0,1,1
r2.7:Fe:cn7:CCFeFeFeFeFe:sim00307,-0.32807347,0.067072265,0,1,1
r2.7:Fe:cn7:CCFeFeFeFeFe:sim00311,-0.33506185,0.042415991,0,1,1
r2.7:Fe:cn7:CCFeFeFeFeFe:sim00315,-0.33380687,0.03452117,0,1,1
r2.7:Fe:cn7:CCFeFeFeFeFe:sim00319,-0.33425668,0.043340482,0,1,1
r2.7:Fe:cn7:CFeFeFeFeFeFe:sim00004,-0.15489158,0.068180285,0,1,1
r2.7:Fe:cn7:CFeFeFeFeFeFe:sim00008,-0.12373029,0.064156815,0,1,1
r2.7:Fe:cn7:CFeFeFeFeFeFe:sim00012,-0.17904659,0.087911963,0,1,1
r2.7:Fe:cn7:CFeFeFeFeFeFe:sim00016,-0.1316465,0.097451635,0,1,1
r2.7:Fe:cn7:CFeFeFeFeFeFe:sim00020,-0.18291007,0.091787651,0,1,1
r2.7:Fe:cn7:CFeFeFeFeFeFe:sim00024,-0.17742562,0.055496253,0,1,1
r2.7:Fe:cn7:CFeFeFeFeFeFe:sim00028,-0.16596207,0.080103591,0,1,1
r2.7:Fe:cn7:CFeFeFeFeFeFe:sim00032,-0.18355305,0.09387859,0,1,1
r2.7:Fe:cn7:CFeFeFeFeFeFe:sim00036,-0.18892843,0.088496588,0,1,1
r2.7:Fe:cn7:CFeFeFeFeFeFe:sim00040,-0.19511874,0.097345956,0,1,1
r2.7:Fe:cn7:CFeFeFeFeFeFe:sim00044,-0.18332881,0.094582222,0,1,1
r2.7:Fe:cn7:CFeFeFeFeFeFe:sim00048,-0.22340265,0.089755036,0,1,1
r2.7:Fe:cn7:CFeFeFeFeFeFe:sim00052,-0.18988022,0.081535794,0,1,1
r2.7:Fe:cn7:CFeFeFeFeFeFe:sim00056,-0.16902795,0.11355661,0,1,1
r2.7:Fe:cn7:CFeFeFeFeFeFe:sim00060,-0.18192914,0.094996259,0,1,1
r2.7:Fe:cn7:CFeFeFeFeFeFe:sim00064,-0.18226174,0.094726525,0,1,1
r2.7:Fe:cn7:CFeFeFeFeFeFe:sim00068,-0.1818417,0.09480954,0,1,1
r2.7:Fe:cn7:CFeFeFeFeFeFe:sim00072,-0.16634928,0.082439803,0,1,1
r2.7:Fe:cn7:CFeFeFeFeFeFe:sim00076,-0.18305844,0.094119921,0,1,1
r2.7:Fe:cn7:CFeFeFeFeFeFe:sim00080,-0.14792982,0.092462838,0,1,1
r2.7:Fe:cn7:CFeFeFeFeFeFe:sim00084,-0.15071061,0.091613419,0,1,1
r2.7:Fe:cn7:CFeFeFeFeFeFe:sim00088,-0.14176008,0.099014401,0,1,1
r2.7:Fe:cn7:CFeFeFeFeFeFe:sim00092,-0.17955098,0.095064156,0,1,1
r2.7:Fe:cn7:CFeFeFeFeFeFe:sim00096,-0.17872319,0.095953465,0,1,1
r2.7:Fe:cn7:CFeFeFeFeFeFe:sim00100,-0.19290137,0.047210712,0,1,1
r2.7:Fe:cn7:CFeFeFeFeFeFe:sim00104,-0.1751952,0.070276655,0,1,1
r2.7:Fe:cn7:CFeFeFeFeFeFe:sim00108,-0.19969717,0.083601221,0,1,1
r2.7:Fe:cn7:CFeFeFeFeFeFe:sim00112,-0.19627982,0.12432536,0,1,1
r2.7:Fe:cn7:CFeFeFeFeFeFe:sim00116,-0.18933623,0.096010238,0,1,1
r2.7:Fe:cn7:CFeFeFeFeFeFe:sim00120,-0.20422137,0.1114894,0,1,1
r2.7:Fe:cn7:CFeFeFeFeFeFe:sim00124,-0.23633964,0.13417958,0,1,1
r2.7:Fe:cn7:CFeFeFeFeFeFe:sim00128,-0.20634896,0.11113469,0,1,1
r2.7:Fe:cn7:CFeFeFeFeFeFe:sim00132,-0.20558675,0.11185832,0,1,1
r2.7:Fe:cn7:CFeFeFeFeFeFe:sim00136,-0.21998142,0.091447547,0,1,1
r2.7:Fe:cn7:CFeFeFeFeFeFe:sim00140,-0.25502014,0.059250709,0,1,1
r2.7:Fe:cn7:CFeFeFeFeFeFe:sim00144,-0.19997647,0.047507875,0,1,1
r2.7:Fe:cn7:CFeFeFeFeFeFe:sim00148,-0.22227693,0.061493997,0,1,1
r2.7:Fe:cn7:CFeFeFeFeFeFe:sim00152,-0.20482312,0.11165341,0,1,1
r2.7:Fe:cn7:CFeFeFeFeFeFe:sim00156,-0.2152853,0.095773354,0,1,1
r2.7:Fe:cn7:CFeFeFeFeFeFe:sim00160,-0.20847599,0.10077121,0,1,1
r2.7:Fe:cn7:CFeFeFeFeFeFe:sim00164,-0.22064905,0.13055807,0,1,1
r2.7:Fe:cn7:CFeFeFeFeFeFe:sim00168,-0.20478728,0.11199529,0,1,1
r2.7:Fe:cn7:CFeFeFeFeFeFe:sim00172,-0.20627794,0.11129952,0,1,1
r2.7:Fe:cn7:CFeFeFeFeFeFe:sim00176,-0.20642187,0.11127044,0,1,1
r2.7:Fe:cn7:CFeFeFeFeFeFe:sim00180,-0.20231263,0.11282001,0,1,1
r2.7:Fe:cn7:FeFeFeFeFeFeFe:sim00002,-0.13907531,0.1002047,0,1,1
r2.7:Fe:cn7:FeFeFeFeFeFeFe:sim00006,-0.13726774,0.1032057,0,1,1
r2.7:Fe:cn7:FeFeFeFeFeFeFe:sim00010,-0.15150249,0.095421426,0,1,1
r2.7:Fe:cn7:FeFeFeFeFeFeFe:sim00014,-0.17309098,0.077236637,0,1,1
r2.7:Fe:cn7:FeFeFeFeFeFeFe:sim00018,-0.15710942,0.12080542,0,1,1
r2.7:Fe:cn7:FeFeFeFeFeFeFe:sim00022,-0.15997906,0.12476017,0,1,1
r2.7:Fe:cn7:FeFeFeFeFeFeFe:sim00026,-0.16423011,0.12033159,0,1,1
r2.7:Fe:cn7:FeFeFeFeFeFeFe:sim00030,-0.16748285,0.15067393,0,1,1
r2.7:Fe:cn8:CCCCCFeFeFe:sim00002,-0.48700818,-0.29874852,0,1,1
r2.7:Fe:cn8:CCCCCFeFeFe:sim00006,-0.49340311,-0.30152419,0,1,1
r2.7:Fe:cn8:CCCCCFeFeFe:sim00010,-0.52444673,-0.31381333,0,1,1
r2.7:Fe:cn8:CCCCFeFeFeFe:sim00002,-0.38180417,-0.17081454,0,1,1
r2.7:Fe:cn8:CCCCFeFeFeFe:sim00006,-0.373999,-0.16473153,0,1,1
r2.7:Fe:cn8:CCCCFeFeFeFe:sim00010,-0.40971529,-0.1780608,0,1,1
r2.7:Fe:cn8:CCCCFeFeFeFe:sim00014,-0.42816922,-0.20603201,0,1,1
r2.7:Fe:cn8:CCCCFeFeFeFe:sim00018,-0.41495103,-0.14084731,0,1,1
r2.7:Fe:cn8:CCCCFeFeFeFe:sim00022,-0.41468763,-0.13605133,0,1,1
r2.7:Fe:cn8:CCCCFeFeFeFe:sim00026,-0.42080775,-0.13862696,0,1,1
r2.7:Fe:cn8:CCCCFeFeFeFe:sim00030,-0.42204231,-0.10138953,0,1,1
r2.7:Fe:cn8:CCCCFeFeFeFe:sim00034,-0.41592151,-0.13355727,0,1,1
r2.7:Fe:cn8:CCCCFeFeFeFe:sim00038,-0.41573519,-0.13409109,0,1,1
r2.7:Fe:cn8:CCCCFeFeFeFe:sim00042,-0.41923049,-0.13852715,0,1,1
r2.7:Fe:cn8:CCCCFeFeFeFe:sim00046,-0.4066726,-0.16951412,0,1,1
r2.7:Fe:cn8:CCCCFeFeFeFe:sim00050,-0.40606955,-0.12647553,0,1,1
r2.7:Fe:cn8:CCCCFeFeFeFe:sim00054,-0.39232722,-0.15040174,0,1,1
r2.7:Fe:cn8:CCCCFeFeFeFe:sim00058,-0.4094525,-0.12965648,0,1,1
r2.7:Fe:cn8:CCCCFeFeFeFe:sim00062,-0.41435036,-0.1356654,0,1,1
r2.7:Fe:cn8:CCCCFeFeFeFe:sim00066,-0.41671681,-0.14112732,0,1,1
r2.7:Fe:cn8:CCCCFeFeFeFe:sim00070,-0.38269016,-0.10403383,0,1,1
r2.7:Fe:cn8:CCCCFeFeFeFe:sim00074,-0.41480333,-0.13231887,0,1,1
r2.7:Fe:cn8:CCCCFeFeFeFe:sim00078,-0.41431859,-0.13360524,0,1,1
r2.7:Fe:cn8:CCCCFeFeFeFe:sim00082,-0.41125742,-0.12818199,0,1,1
r2.7:Fe:cn8:CCCCFeFeFeFe:sim00086,-0.37676036,-0.13989154,0,1,1
r2.7:Fe:cn8:CCCCFeFeFeFe:sim00090,-0.44605029,-0.16220725,0,1,1
r2.7:Fe:cn8:CCCCFeFeFeFe:sim00094,-0.42547742,-0.16011821,0,1,1
r2.7:Fe:cn8:CCCCFeFeFeFe:sim00098,-0.40642473,-0.13456595,0,1,1
r2.7:Fe:cn8:CCCCFeFeFeFe:sim00102,-0.43425038,-0.14289385,0,1,1
r2.7:Fe:cn8:CCCCFeFeFeFe:sim00106,-0.42033112,-0.24121283,0,1,1
r2.7:Fe:cn8:CCCCFeFeFeFe:sim00110,-0.43330058,-0.089780428,0,1,1
r2.7:Fe:cn8:CCCCFeFeFeFe:sim00114,-0.42486966,-0.084094904,0,1,1
r2.7:Fe:cn8:CCCCFeFeFeFe:sim00118,-0.41641057,-0.067342751,0,1,1
r2.7:Fe:cn8:CCCCFeFeFeFe:sim00122,-0.44226032,-0.10998854,0,1,1
r2.7:Fe:cn8:CCCCFeFeFeFe:sim00126,-0.44257638,-0.10755204,0,1,1
r2.7:Fe:cn8:CCCCFeFeFeFe:sim00130,-0.44422045,-0.10777221,0,1,1
r2.7:Fe:cn8:CCCCFeFeFeFe:sim00134,-0.43634129,-0.1028391,0,1,1
r2.7:Fe:cn8:CCCCFeFeFeFe:sim00138,-0.44734955,-0.10890064,0,1,1
r2.7:Fe:cn8:CCCCFeFeFeFe:sim00142,-0.45515105,-0.17263599,0,1,1
r2.7:Fe:cn8:CCCCFeFeFeFe:sim00146,-0.44364485,-0.19511478,0,1,1
r2.7:Fe:cn8:CCCCFeFeFeFe:sim00150,-0.45079106,-0.12350116,0,1,1
r2.7:Fe:cn8:CCCCFeFeFeFe:sim00154,-0.44738141,-0.11304682,0,1,1
r2.7:Fe:cn8:CCCCFeFeFeFe:sim00158,-0.45558619,-0.13438146,0,1,1
r2.7:Fe:cn8:CCCCFeFeFeFe:sim00162,-0.40667072,-0.12103058,0,1,1
r2.7:Fe:cn8:CCCCFeFeFeFe:sim00166,-0.43533823,-0.10197111,0,1,1
r2.7:Fe:cn8:CCCCFeFeFeFe:sim00170,-0.43756506,-0.10540921,0,1,1
r2.7:Fe:cn8:CCCCFeFeFeFe:sim00174,-0.44564888,-0.10880341,0,1,1
r2.7:Fe:cn8:CCCCFeFeFeFe:sim00178,-0.42978096,-0.077594943,0,1,1
r2.7:Fe:cn8:CCCFeFeFeFeFe:sim00001,-0.27599579,-0.064416893,0,1,1
r2.7:Fe:cn8:CCCFeFeFeFeFe:sim00005,-0.27839193,-0.06258525,0,1,1
r2.7:Fe:cn8:CCCFeFeFeFeFe:sim00009,-0.27557197,-0.058827735,0,1,1
r2.7:Fe:cn8:CCCFeFeFeFeFe:sim00013,-0.30851823,-0.03574818,0,1,1
r2.7:Fe:cn8:CCCFeFeFeFeFe:sim00017,-0.30806524,-0.034330357,0,1,1
r2.7:Fe:cn8:CCCFeFeFeFeFe:sim00021,-0.32592529,-0.090349689,0,1,1
r2.7:Fe:cn8:CCCFeFeFeFeFe:sim00025,-0.30921444,-0.03179219,0,1,1
r2.7:Fe:cn8:CCCFeFeFeFeFe:sim00029,-0.30742884,-0.031066172,0,1,1
r2.7:Fe:cn8:CCCFeFeFeFeFe:sim00033,-0.30791879,-0.028545953,0,1,1
r2.7:Fe:cn8:CCCFeFeFeFeFe:sim00037,-0.30787623,-0.028348984,0,1,1
r2.7:Fe:cn8:CCCFeFeFeFeFe:sim00041,-0.3092007,-0.027303681,0,1,1
r2.7:Fe:cn8:CCCFeFeFeFeFe:sim00045,-0.29146147,-0.043710966,0,1,1
r2.7:Fe:cn8:CCCFeFeFeFeFe:sim00049,-0.30839762,-0.028498551,0,1,1
r2.7:Fe:cn8:CCCFeFeFeFeFe:sim00053,-0.30164829,-0.023767889,0,1,1
r2.7:Fe:cn8:CCCFeFeFeFeFe:sim00057,-0.3100124,-0.030727314,0,1,1
r2.7:Fe:cn8:CCCFeFeFeFeFe:sim00061,-0.3161585,-0.046376232,0,1,1
r2.7:Fe:cn8:CCCFeFeFeFeFe:sim00065,-0.28682178,-0.013313003,0,1,1
r2.7:Fe:cn8:CCCFeFeFeFeFe:sim00069,-0.30682969,-0.027846178,0,1,1
r2.7:Fe:cn8:CCCFeFeFeFeFe:sim00073,-0.30365038,-0.016130341,0,1,1
r2.7:Fe:cn8:CCCFeFeFeFeFe:sim00077,-0.34150612,-0.00011799185,0,1,1
r2.7:Fe:cn8:CCCFeFeFeFeFe:sim00081,-0.26737621,-0.027281875,0,1,1
r2.7:Fe:cn8:CCCFeFeFeFeFe:sim00085,-0.25803074,-0.035538621,0,1,1
r2.7:Fe:cn8:CCCFeFeFeFeFe:sim00089,-0.2719914,-0.032793727,0,1,1
r2.7:Fe:cn8:CCCFeFeFeFeFe:sim00093,-0.29104179,-0.046507414,0,1,1
r2.7:Fe:cn8:CCCFeFeFeFeFe:sim00097,-0.28260434,0.0018119715,0,1,1
r2.7:Fe:cn8:CCCFeFeFeFeFe:sim00101,-0.26951003,-0.021700595,0,1,1
r2.7:Fe:cn8:CCCFeFeFeFeFe:sim00105,-0.32467914,-0.036190711,0,1,1
r2.7:Fe:cn8:CCCFeFeFeFeFe:sim00109,-0.32491365,-0.036867663,0,1,1
r2.7:Fe:cn8:CCCFeFeFeFeFe:sim00113,-0.3216857,0.012406396,0,1,1
r2.7:Fe:cn8:CCCFeFeFeFeFe:sim00117,-0.38660336,0.044142161,0,1,1
r2.7:Fe:cn8:CCCFeFeFeFeFe:sim00121,-0.33750233,-0.0069568185,0,1,1
r2.7:Fe:cn8:CCCFeFeFeFeFe:sim00125,-0.33185765,-0.0047139022,0,1,1
r2.7:Fe:cn8:CCCFeFeFeFeFe:sim00129,-0.33220044,-0.0045263353,0,1,1
r2.7:Fe:cn8:CCCFeFeFeFeFe:sim00133,-0.33263922,-0.0049830759,0,1,1
r2.7:Fe:cn8:CCCFeFeFeFeFe:sim00137,-0.37672415,-0.0091706757,0,1,1
r2.7:Fe:cn8:CCCFeFeFeFeFe:sim00141,-0.40588483,-0.041698545,0,1,1
r2.7:Fe:cn8:CCCFeFeFeFeFe:sim00145,-0.35033953,-0.064694665,0,1,1
r2.7:Fe:cn8:CCCFeFeFeFeFe:sim00149,-0.3645882,-0.076752543,0,1,1
r2.7:Fe:cn8:CCCFeFeFeFeFe:sim00153,-0.30700666,-0.032543335,0,1,1
r2.7:Fe:cn8:CCCFeFeFeFeFe:sim00157,-0.3323344,-0.00497588,0,1,1
r2.7:Fe:cn8:CCCFeFeFeFeFe:sim00161,-0.25545841,0.03820876,0,1,1
r2.7:Fe:cn8:CCCFeFeFeFeFe:sim00165,-0.34533674,0.049627069,0,1,1
r2.7:Fe:cn8:CCCFeFeFeFeFe:sim00169,-0.29238164,-0.001898305,0,1,1
r2.7:Fe:cn8:CCCFeFeFeFeFe:sim00173,-0.33838356,-0.017982379,0,1,1
r2.7:Fe:cn8:CCCFeFeFeFeFe:sim00177,-0.35320014,-0.065530553,0,1,1
r2.7:Fe:cn8:CCCFeFeFeFeFe:sim00181,-0.33236486,-0.0046866266,0,1,1
r2.7:Fe:cn8:CCCFeFeFeFeFe:sim00185,-0.29504341,-0.0046468554,0,1,1
r2.7:Fe:cn8:CCCFeFeFeFeFe:sim00189,-0.33214515,-0.0048280447,0,1,1
r2.7:Fe:cn8:CCCFeFeFeFeFe:sim00193,-0.31684995,0.014649868,0,1,1
r2.7:Fe:cn8:CCCFeFeFeFeFe:sim00197,-0.33121336,0.00676317,0,1,1
r2.7:Fe:cn8:CCCFeFeFeFeFe:sim00201,-0.3206386,-0.0062432834,0,1,1
r2.7:Fe:cn8:CCCFeFeFeFeFe:sim00205,-0.31507316,0.057633817,0,1,1
r2.7:Fe:cn8:CCCFeFeFeFeFe:sim00209,-0.30353174,-0.018098719,0,1,1
r2.7:Fe:cn8:CCCFeFeFeFeFe:sim00213,-0.33249256,-0.0032072847,0,1,1
r2.7:Fe:cn8:CCCFeFeFeFeFe:sim00217,-0.33746353,-0.01309166,0,1,1
r2.7:Fe:cn8:CCCFeFeFeFeFe:sim00221,-0.33577722,-0.014669795,0,1,1
r2.7:Fe:cn8:CCCFeFeFeFeFe:sim00225,-0.33369911,-0.0032936793,0,1,1
r2.7:Fe:cn8:CCCFeFeFeFeFe:sim00229,-0.33550343,-0.0037718227,0,1,1
r2.7:Fe:cn8:CCCFeFeFeFeFe:sim00233,-0.30276257,-0.035595067,0,1,1
r2.7:Fe:cn8:CCCFeFeFeFeFe:sim00237,-0.33700758,-0.0067715449,0,1,1
r2.7:Fe:cn8:CCCFeFeFeFeFe:sim00241,-0.32811877,-0.044327646,0,1,1
r2.7:Fe:cn8:CCCFeFeFeFeFe:sim00245,-0.3385984,-0.053374365,0,1,1
r2.7:Fe:cn8:CCCFeFeFeFeFe:sim00249,-0.32832623,-0.043777775,0,1,1
r2.7:Fe:cn8:CCCFeFeFeFeFe:sim00253,-0.33489999,-0.0038587525,0,1,1
r2.7:Fe:cn8:CCCFeFeFeFeFe:sim00257,-0.36461481,-0.010573476,0,1,1
r2.7:Fe:cn8:CCCFeFeFeFeFe:sim00261,-0.34672365,0.02639582,0,1,1
r2.7:Fe:cn8:CCCFeFeFeFeFe:sim00265,-0.31353986,-0.033215061,0,1,1
r2.7:Fe:cn8:CCCFeFeFeFeFe:sim00269,-0.33937469,-0.004865339,0,1,1
r2.7:Fe:cn8:CCCFeFeFeFeFe:sim00273,-0.3430703,-0.018456159,0,1,1
r2.7:Fe:cn8:CCCFeFeFeFeFe:sim00277,-0.33366865,-0.0028272723,0,1,1
r2.7:Fe:cn8:CCCFeFeFeFeFe:sim00281,-0.32246456,0.012504688,0,1,1
r2.7:Fe:cn8:CCCFeFeFeFeFe:sim00285,-0.31718376,-0.017843539,0,1,1
r2.7:Fe:cn8:CCCFeFeFeFeFe:sim00289,-0.33433709,-0.0032791726,0,1,1
r2.7:Fe:cn8:CCCFeFeFeFeFe:sim00293,-0.3228544,-0.029630329,0,1,1
r2.7:Fe:cn8:CCCFeFeFeFeFe:sim00297,-0.33326477,-0.0027079494,0,1,1
r2.7:Fe:cn8:CCCFeFeFeFeFe:sim00301,-0.3198601,0.041907825,0,1,1
r2.7:Fe:cn8:CCCFeFeFeFeFe:sim00305,-0.34216884,0.031176588,0,1,1
r2.7:Fe:cn8:CCCFeFeFeFeFe:sim00309,-0.3318584,0.047607515,0,1,1
r2.7:Fe:cn8:CCCFeFeFeFeFe:sim00313,-0.38774189,-7.6641474e-05,0,1,1
r2.7:Fe:cn8:CCCFeFeFeFeFe:sim00317,-0.4028151,-0.0021584937,0,1,1
r2.7:Fe:cn8:CCCFeFeFeFeFe:sim00321,-0.32081503,-0.030032629,0,1,1
r2.7:Fe:cn8:CCCFeFeFeFeFe:sim00325,-0.33526275,-0.0015935488,0,1,1
r2.7:Fe:cn8:CCCFeFeFeFeFe:sim00329,-0.33474654,-0.0012818637,0,1,1
r2.7:Fe:cn8:CCCFeFeFeFeFe:sim00333,-0.3091327,-0.016217671,0,1,1
r2.7:Fe:cn8:CCCFeFeFeFeFe:sim00337,-0.33434317,-0.00076359435,0,1,1
r2.7:Fe:cn8:CCCFeFeFeFeFe:sim00341,-0.32719612,-0.031735148,0,1,1
r2.7:Fe:cn8:CCCFeFeFeFeFe:sim00345,-0.33478472,-0.00069172349,0,1,1
r2.7:Fe:cn8:CCCFeFeFeFeFe:sim00349,-0.33914307,-0.006004727,0,1,1
r2.7:Fe:cn8:CCCFeFeFeFeFe:sim00353,-0.3132517,0.012660393,0,1,1
r2.7:Fe:cn8:CCCFeFeFeFeFe:sim00357,-0.33440015,-0.00040710822,0,1,1
r2.7:Fe:cn8:CCCFeFeFeFeFe:sim00361,-0.33850604,-0.0012876649,0,1,1
r2.7:Fe:cn8:CCCFeFeFeFeFe:sim00365,-0.37250006,0.0016044491,0,1,1
r2.7:Fe:cn8:CCCFeFeFeFeFe:sim00369,-0.34123552,-0.008508251,0,1,1
r2.7:Fe:cn8:CCCFeFeFeFeFe:sim00373,-0.3335464,-0.00054409268,0,1,1
r2.7:Fe:cn8:CCCFeFeFeFeFe:sim00377,-0.3339138,1.8281866e-05,0,1,1
r2.7:Fe:cn8:CCCFeFeFeFeFe:sim00381,-0.32496232,0.015761267,0,1,1
r2.7:Fe:cn8:CCCFeFeFeFeFe:sim00385,-0.34615454,-0.054996446,0,1,1
r2.7:Fe:cn8:CCCFeFeFeFeFe:sim00389,-0.36792457,0.010742513,0,1,1
r2.7:Fe:cn8:CCCFeFeFeFeFe:sim00393,-0.33418545,-0.0001972811,0,1,1
r2.7:Fe:cn8:CCCFeFeFeFeFe:sim00397,-0.3338576,-5.71237e-05,0,1,1
r2.7:Fe:cn8:CCCFeFeFeFeFe:sim00401,-0.33426765,0.00025512718,0,1,1
r2.7:Fe:cn8:CCCFeFeFeFeFe:sim00405,-0.32353592,0.017365482,0,1,1
r2.7:Fe:cn8:CCCFeFeFeFeFe:sim00409,-0.3344447,0.00027715907,0,1,1
r2.7:Fe:cn8:CCCFeFeFeFeFe:sim00413,-0.34007001,0.042008087,0,1,1
r2.7:Fe:cn8:CCCFeFeFeFeFe:sim00417,-0.33170292,0.0015411655,0,1,1
r2.7:Fe:cn8:CCCFeFeFeFeFe:sim00421,-0.32701316,0.012524735,0,1,1
r2.7:Fe:cn8:CCCFeFeFeFeFe:sim00425,-0.33788145,-0.004319163,0,1,1
r2.7:Fe:cn8:CCCFeFeFeFeFe:sim00429,-0.33778,-0.0048905155,0,1,1
r2.7:Fe:cn8:CCCFeFeFeFeFe:sim00433,-0.34461078,-0.016350348,0,1,1
r2.7:Fe:cn8:CCCFeFeFeFeFe:sim00437,-0.33435011,-0.00036859122,0,1,1
r2.7:Fe:cn8:CCCFeFeFeFeFe:sim00441,-0.31283888,0.01285147,0,1,1
r2.7:Fe:cn8:CCCFeFeFeFeFe:sim00445,-0.34138581,0.031371195,0,1,1
r2.7:Fe:cn8:CCCFeFeFeFeFe:sim00449,-0.35240856,-0.021498919,0,1,1
r2.7:Fe:cn8:CCCFeFeFeFeFe:sim00453,-0.33959535,-0.0093335258,0,1,1
r2.7:Fe:cn8:CCCFeFeFeFeFe:sim00457,-0.28521445,-0.020966507,0,1,1
r2.7:Fe:cn8:CCCFeFeFeFeFe:sim00461,-0.3263846,-0.031769749,0,1,1
r2.7:Fe:cn8:CCCFeFeFeFeFe:sim00465,-0.31913587,-0.039757483,0,1,1
r2.7:Fe:cn8:CCCFeFeFeFeFe:sim00469,-0.32650203,-0.032073587,0,1,1
r2.7:Fe:cn8:CCCFeFeFeFeFe:sim00473,-0.33374417,-0.00059994526,0,1,1
r2.7:Fe:cn8:CCCFeFeFeFeFe:sim00477,-0.33461574,-0.00049189589,0,1,1
r2.7:Fe:cn8:CCCFeFeFeFeFe:sim00481,-0.37854314,-0.016199388,0,1,1
r2.7:Fe:cn8:CCCFeFeFeFeFe:sim00485,-0.37929052,-0.013119129,0,1,1
r2.7:Fe:cn8:CCCFeFeFeFeFe:sim00489,-0.37806973,-0.0066521903,0,1,1
r2.7:Fe:cn8:CCCFeFeFeFeFe:sim00493,-0.33584031,-0.0011686105,0,1,1
r2.7:Fe:cn8:CCCFeFeFeFeFe:sim00497,-0.33546084,0.00025506617,0,1,1
r2.7:Fe:cn8:CCCFeFeFeFeFe:sim00501,-0.32321092,0.0063801561,0,1,1
r2.7:Fe:cn8:CCCFeFeFeFeFe:sim00505,-0.32964045,0.0021917606,0,1,1
r2.7:Fe:cn8:CCCFeFeFeFeFe:sim00509,-0.31606987,-0.00082731288,0,1,1
r2.7:Fe:cn8:CCFeFeFeFeFeFe:sim00003,-0.19442931,0.022115914,0,1,1
r2.7:Fe:cn8:CCFeFeFeFeFeFe:sim00007,-0.19395983,0.02219549,0,1,1
r2.7:Fe:cn8:CCFeFeFeFeFeFe:sim00011,-0.20480844,0.06179354,0,1,1
r2.7:Fe:cn8:CCFeFeFeFeFeFe:sim00015,-0.21637671,0.045963451,0,1,1
r2.7:Fe:cn8:CCFeFeFeFeFeFe:sim00019,-0.21437204,0.056633815,0,1,1
r2.7:Fe:cn8:CCFeFeFeFeFeFe:sim00023,-0.22183987,0.044101167,0,1,1
r2.7:Fe:cn8:CCFeFeFeFeFeFe:sim00027,-0.21863537,0.047461241,0,1,1
r2.7:Fe:cn8:CCFeFeFeFeFeFe:sim00031,-0.23464406,0.041947868,0,1,1
r2.7:Fe:cn8:CCFeFeFeFeFeFe:sim00035,-0.23829709,-0.0011265859,0,1,1
r2.7:Fe:cn8:CCFeFeFeFeFeFe:sim00039,-0.22070955,0.039840642,0,1,1
r2.7:Fe:cn8:CCFeFeFeFeFeFe:sim00043,-0.21994245,0.04927098,0,1,1
r2.7:Fe:cn8:CCFeFeFeFeFeFe:sim00047,-0.21959689,0.049357232,0,1,1
r2.7:Fe:cn8:CCFeFeFeFeFeFe:sim00051,-0.23728412,0.066790976,0,1,1
r2.7:Fe:cn8:CCFeFeFeFeFeFe:sim00055,-0.21518944,0.051861908,0,1,1
r2.7:Fe:cn8:CCFeFeFeFeFeFe:sim00059,-0.21494789,0.051900119,0,1,1
r2.7:Fe:cn8:CCFeFeFeFeFeFe:sim00063,-0.2183753,0.050574392,0,1,1
r2.7:Fe:cn8:CCFeFeFeFeFeFe:sim00067,-0.2043501,0.073757648,0,1,1
r2.7:Fe:cn8:CCFeFeFeFeFeFe:sim00071,-0.21927401,0.049507473,0,1,1
r2.7:Fe:cn8:CCFeFeFeFeFeFe:sim00075,-0.22107726,0.046487838,0,1,1
r2.7:Fe:cn8:CCFeFeFeFeFeFe:sim00079,-0.21911067,0.049918704,0,1,1
r2.7:Fe:cn8:CCFeFeFeFeFeFe:sim00083,-0.19704767,0.031751074,0,1,1
r2.7:Fe:cn8:CCFeFeFeFeFeFe:sim00087,-0.16254823,0.041696116,0,1,1
r2.7:Fe:cn8:CCFeFeFeFeFeFe:sim00091,-0.20640849,0.064057253,0,1,1
r2.7:Fe:cn8:CCFeFeFeFeFeFe:sim00095,-0.20996511,0.054050293,0,1,1
r2.7:Fe:cn8:CCFeFeFeFeFeFe:sim00099,-0.22310972,0.078173637,0,1,1
r2.7:Fe:cn8:CCFeFeFeFeFeFe:sim00103,-0.25679639,0.057218898,0,1,1
r2.7:Fe:cn8:CCFeFeFeFeFeFe:sim00107,-0.23422885,0.042360473,0,1,1
r2.7:Fe:cn8:CCFeFeFeFeFeFe:sim00111,-0.23053496,0.086588643,0,1,1
r2.7:Fe:cn8:CCFeFeFeFeFeFe:sim00115,-0.23004413,0.084424578,0,1,1
r2.7:Fe:cn8:CCFeFeFeFeFeFe:sim00119,-0.23515818,0.12507449,0,1,1
r2.7:Fe:cn8:CCFeFeFeFeFeFe:sim00123,-0.24038871,0.070508368,0,1,1
r2.7:Fe:cn8:CCFeFeFeFeFeFe:sim00127,-0.24124992,0.069151074,0,1,1
r2.7:Fe:cn8:CCFeFeFeFeFeFe:sim00131,-0.24212842,0.070044398,0,1,1
r2.7:Fe:cn8:CCFeFeFeFeFeFe:sim00135,-0.24144223,0.070532404,0,1,1
r2.7:Fe:cn8:CCFeFeFeFeFeFe:sim00139,-0.25343025,0.057744995,0,1,1
r2.7:Fe:cn8:CCFeFeFeFeFeFe:sim00143,-0.2592873,0.020408258,0,1,1
r2.7:Fe:cn8:CCFeFeFeFeFeFe:sim00147,-0.25951922,0.019739684,0,1,1
r2.7:Fe:cn8:CCFeFeFeFeFeFe:sim00151,-0.25299972,0.055002607,0,1,1
r2.7:Fe:cn8:CCFeFeFeFeFeFe:sim00155,-0.24745914,0.098637417,0,1,1
r2.7:Fe:cn8:CCFeFeFeFeFeFe:sim00159,-0.24646892,0.068904094,0,1,1
r2.7:Fe:cn8:CCFeFeFeFeFeFe:sim00163,-0.2160009,0.076205187,0,1,1
r2.7:Fe:cn8:CCFeFeFeFeFeFe:sim00167,-0.23443359,0.074425049,0,1,1
r2.7:Fe:cn8:CCFeFeFeFeFeFe:sim00171,-0.27367949,0.077175021,0,1,1
r2.7:Fe:cn8:CCFeFeFeFeFeFe:sim00175,-0.24973874,0.097758189,0,1,1
r2.7:Fe:cn8:CCFeFeFeFeFeFe:sim00179,-0.24745658,0.068817444,0,1,1
r2.7:Fe:cn8:CCFeFeFeFeFeFe:sim00183,-0.24746411,0.098394975,0,1,1
r2.7:Fe:cn8:CCFeFeFeFeFeFe:sim00187,-0.24305242,0.06941022,0,1,1
r2.7:Fe:cn8:CCFeFeFeFeFeFe:sim00191,-0.23255932,0.089295186,0,1,1
r2.7:Fe:cn8:CCFeFeFeFeFeFe:sim00195,-0.23928459,0.081370547,0,1,1
r2.7:Fe:cn8:CCFeFeFeFeFeFe:sim00199,-0.23334472,0.08336629,0,1,1
r2.7:Fe:cn8:CCFeFeFeFeFeFe:sim00203,-0.27479506,0.094363168,0,1,1
r2.7:Fe:cn8:CCFeFeFeFeFeFe:sim00207,-0.25500447,0.086192273,0,1,1
r2.7:Fe:cn8:CCFeFeFeFeFeFe:sim00211,-0.24394444,0.071860641,0,1,1
r2.7:Fe:cn8:CCFeFeFeFeFeFe:sim00215,-0.24329352,0.071460418,0,1,1
r2.7:Fe:cn8:CCFeFeFeFeFeFe:sim00219,-0.2436979,0.070960864,0,1,1
r2.7:Fe:cn8:CCFeFeFeFeFeFe:sim00223,-0.27238175,0.075460389,0,1,1
r2.7:Fe:cn8:CCFeFeFeFeFeFe:sim00227,-0.24363843,0.071433522,0,1,1
r2.7:Fe:cn8:CCFeFeFeFeFeFe:sim00231,-0.25127569,0.1048944,0,1,1
r2.7:Fe:cn8:CCFeFeFeFeFeFe:sim00235,-0.23729229,0.082783297,0,1,1
r2.7:Fe:cn8:CCFeFeFeFeFeFe:sim00239,-0.24045205,0.068848699,0,1,1
r2.7:Fe:cn8:CCFeFeFeFeFeFe:sim00243,-0.21886024,0.017290745,0,1,1
r2.7:Fe:cn8:CCFeFeFeFeFeFe:sim00247,-0.24222569,0.024008505,0,1,1
r2.7:Fe:cn8:CCFeFeFeFeFeFe:sim00251,-0.25035033,0.068813965,0,1,1
r2.7:Fe:cn8:CCFeFeFeFeFeFe:sim00255,-0.22930662,0.058258753,0,1,1
r2.7:Fe:cn8:CCFeFeFeFeFeFe:sim00259,-0.24502602,0.070968509,0,1,1
r2.7:Fe:cn8:CCFeFeFeFeFeFe:sim00263,-0.25828776,0.055174045,0,1,1
r2.7:Fe:cn8:CCFeFeFeFeFeFe:sim00267,-0.22656326,0.055262666,0,1,1
r2.7:Fe:cn8:CCFeFeFeFeFeFe:sim00271,-0.24257495,0.067679949,0,1,1
r2.7:Fe:cn8:CCFeFeFeFeFeFe:sim00275,-0.25351804,0.058717754,0,1,1
r2.7:Fe:cn8:CCFeFeFeFeFeFe:sim00279,-0.2326919,0.087157935,0,1,1
r2.7:Fe:cn8:CCFeFeFeFeFeFe:sim00283,-0.24196769,0.071843825,0,1,1
r2.7:Fe:cn8:CCFeFeFeFeFeFe:sim00287,-0.24393612,0.075252108,0,1,1
r2.7:Fe:cn8:CCFeFeFeFeFeFe:sim00291,-0.23180333,0.069299221,0,1,1
r2.7:Fe:cn8:CCFeFeFeFeFeFe:sim00295,-0.24962412,0.067712158,0,1,1
r2.7:Fe:cn8:CCFeFeFeFeFeFe:sim00299,-0.24214634,0.072430737,0,1,1
r2.7:Fe:cn8:CCFeFeFeFeFeFe:sim00303,-0.25069776,0.10142832,0,1,1
r2.7:Fe:cn8:CCFeFeFeFeFeFe:sim00307,-0.25903487,0.088745974,0,1,1
r2.7:Fe:cn8:CCFeFeFeFeFeFe:sim00311,-0.26063785,0.0678721,0,1,1
r2.7:Fe:cn8:CCFeFeFeFeFeFe:sim00315,-0.26157239,0.068536751,0,1,1
r2.7:Fe:cn8:CCFeFeFeFeFeFe:sim00319,-0.2600019,0.068280764,0,1,1
r2.7:Fe:cn8:CCFeFeFeFeFeFe:sim00323,-0.2444355,0.07331688,0,1,1
r2.7:Fe:cn8:CCFeFeFeFeFeFe:sim00327,-0.24478248,0.073042966,0,1,1
r2.7:Fe:cn8:CCFeFeFeFeFeFe:sim00331,-0.26043236,0.055298671,0,1,1
r2.7:Fe:cn8:CCFeFeFeFeFeFe:sim00335,-0.24406028,0.073269792,0,1,1
r2.7:Fe:cn8:CCFeFeFeFeFeFe:sim00339,-0.26554626,0.08180964,0,1,1
r2.7:Fe:cn8:CCFeFeFeFeFeFe:sim00343,-0.24306706,0.075666063,0,1,1
r2.7:Fe:cn8:CCFeFeFeFeFeFe:sim00347,-0.23068212,0.097002648,0,1,1
r2.7:Fe:cn8:CCFeFeFeFeFeFe:sim00351,-0.24323982,0.076154552,0,1,1
r2.7:Fe:cn8:CCFeFeFeFeFeFe:sim00355,-0.24218795,0.074923225,0,1,1
r2.7:Fe:cn8:CCFeFeFeFeFeFe:sim00359,-0.24433275,0.073792852,0,1,1
r2.7:Fe:cn8:CCFeFeFeFeFeFe:sim00363,-0.23969747,0.085953295,0,1,1
r2.7:Fe:cn8:CCFeFeFeFeFeFe:sim00367,-0.25005957,0.070966892,0,1,1
r2.7:Fe:cn8:CCFeFeFeFeFeFe:sim00371,-0.24413301,0.073664479,0,1,1
r2.7:Fe:cn8:CCFeFeFeFeFeFe:sim00375,-0.22825393,0.06152422,0,1,1
r2.7:Fe:cn8:CCFeFeFeFeFeFe:sim00379,-0.29415318,0.067656741,0,1,1
r2.7:Fe:cn8:CCFeFeFeFeFeFe:sim00383,-0.24459602,0.074215591,0,1,1
r2.7:Fe:cn8:CCFeFeFeFeFeFe:sim00387,-0.24447413,0.073537335,0,1,1
r2.7:Fe:cn8:CCFeFeFeFeFeFe:sim00391,-0.19936776,0.080790348,0,1,1
r2.7:Fe:cn8:CCFeFeFeFeFeFe:sim00395,-0.2575728,0.05076503,0,1,1
r2.7:Fe:cn8:CCFeFeFeFeFeFe:sim00399,-0.24350081,0.073868722,0,1,1
r2.7:Fe:cn8:CCFeFeFeFeFeFe:sim00403,-0.2438917,0.075638749,0,1,1
r2.7:Fe:cn8:CCFeFeFeFeFeFe:sim00407,-0.23959611,0.08361154,0,1,1
r2.7:Fe:cn8:CCFeFeFeFeFeFe:sim00411,-0.20572895,0.075645968,0,1,1
r2.7:Fe:cn8:CCFeFeFeFeFeFe:sim00415,-0.24266066,0.075996831,0,1,1
r2.7:Fe:cn8:CCFeFeFeFeFeFe:sim00419,-0.266444,0.098841004,0,1,1
r2.7:Fe:cn8:CCFeFeFeFeFeFe:sim00423,-0.24741924,0.069844209,0,1,1
r2.7:Fe:cn8:CCFeFeFeFeFeFe:sim00427,-0.24700904,0.070187934,0,1,1
r2.7:Fe:cn8:CCFeFeFeFeFeFe:sim00431,-0.24432325,0.073315836,0,1,1
r2.7:Fe:cn8:CCFeFeFeFeFeFe:sim00435,-0.28317353,0.070739307,0,1,1
r2.7:Fe:cn8:CCFeFeFeFeFeFe:sim00439,-0.24054842,0.077844068,0,1,1
r2.7:Fe:cn8:CCFeFeFeFeFeFe:sim00443,-0.21303412,0.048706789,0,1,1
r2.7:Fe:cn8:CCFeFeFeFeFeFe:sim00447,-0.25413629,0.059285805,0,1,1
r2.7:Fe:cn8:CCFeFeFeFeFeFe:sim00451,-0.22225808,0.065020405,0,1,1
r2.7:Fe:cn8:CCFeFeFeFeFeFe:sim00455,-0.22847477,0.060884271,0,1,1
r2.7:Fe:cn8:CCFeFeFeFeFeFe:sim00459,-0.22948882,0.060721301,0,1,1
r2.7:Fe:cn8:CCFeFeFeFeFeFe:sim00463,-0.24218303,0.052394737,0,1,1
r2.7:Fe:cn8:CCFeFeFeFeFeFe:sim00467,-0.22780132,0.054975323,0,1,1
r2.7:Fe:cn8:CCFeFeFeFeFeFe:sim00471,-0.24421646,0.073606566,0,1,1
r2.7:Fe:cn8:CCFeFeFeFeFeFe:sim00475,-0.2448636,0.076856293,0,1,1
r2.7:Fe:cn8:CCFeFeFeFeFeFe:sim00479,-0.25760671,0.050301559,0,1,1
r2.7:Fe:cn8:CCFeFeFeFeFeFe:sim00483,-0.28389865,0.069660686,0,1,1
r2.7:Fe:cn8:CCFeFeFeFeFeFe:sim00487,-0.27208179,-0.0054427134,0,1,1
r2.7:Fe:cn8:CCFeFeFeFeFeFe:sim00491,-0.24405518,0.073412441,0,1,1
r2.7:Fe:cn8:CCFeFeFeFeFeFe:sim00495,-0.24998719,0.09540838,0,1,1
r2.7:Fe:cn8:CCFeFeFeFeFeFe:sim00499,-0.23540276,0.078332961,0,1,1
r2.7:Fe:cn8:CCFeFeFeFeFeFe:sim00503,-0.23003386,0.090244584,0,1,1
r2.7:Fe:cn8:CCFeFeFeFeFeFe:sim00507,-0.27160108,0.072663359,0,1,1
r2.7:Fe:cn8:CCFeFeFeFeFeFe:sim00511,-0.26018682,0.090821855,0,1,1
r2.7:Fe:cn8:CCFeFeFeFeFeFe:sim00515,-0.26667148,0.088642396,0,1,1
r2.7:Fe:cn8:CCFeFeFeFeFeFe:sim00519,-0.26282516,0.087544993,0,1,1
r2.7:Fe:cn8:CCFeFeFeFeFeFe:sim00523,-0.26902252,0.079518922,0,1,1
r2.7:Fe:cn8:CCFeFeFeFeFeFe:sim00527,-0.23983204,0.076692224,0,1,1
r2.7:Fe:cn8:CCFeFeFeFeFeFe:sim00531,-0.24018839,0.075504467,0,1,1
r2.7:Fe:cn8:CCFeFeFeFeFeFe:sim00535,-0.239411,0.075876959,0,1,1
r2.7:Fe:cn8:CCFeFeFeFeFeFe:sim00539,-0.24034926,0.075682931,0,1,1
r2.7:Fe:cn8:CCFeFeFeFeFeFe:sim00543,-0.22333613,0.062779613,0,1,1
r2.7:Fe:cn8:CCFeFeFeFeFeFe:sim00547,-0.2241331,0.063071102,0,1,1
r2.7:Fe:cn8:CCFeFeFeFeFeFe:sim00551,-0.25210792,0.1002365,0,1,1
r2.7:Fe:cn8:CCFeFeFeFeFeFe:sim00555,-0.23989636,0.075649917,0,1,1
r2.7:Fe:cn8:CCFeFeFeFeFeFe:sim00559,-0.23375636,0.079716712,0,1,1
r2.7:Fe:cn8:CCFeFeFeFeFeFe:sim00563,-0.25723451,0.076178528,0,1,1
r2.7:Fe:cn8:CCFeFeFeFeFeFe:sim00567,-0.26367578,0.10110366,0,1,1
r2.7:Fe:cn8:CCFeFeFeFeFeFe:sim00571,-0.2429775,0.0718024,0,1,1
r2.7:Fe:cn8:CCFeFeFeFeFeFe:sim00575,-0.23981817,0.07600642,0,1,1
r2.7:Fe:cn8:CCFeFeFeFeFeFe:sim00579,-0.23981771,0.075600006,0,1,1
r2.7:Fe:cn8:CCFeFeFeFeFeFe:sim00583,-0.24460651,0.11187654,0,1,1
r2.7:Fe:cn8:CCFeFeFeFeFeFe:sim00587,-0.24026723,0.075219944,0,1,1
r2.7:Fe:cn8:CCFeFeFeFeFeFe:sim00591,-0.23982143,0.075776204,0,1,1
r2.7:Fe:cn8:CCFeFeFeFeFeFe:sim00595,-0.23817226,0.08578749,0,1,1
r2.7:Fe:cn8:CCFeFeFeFeFeFe:sim00599,-0.23996685,0.075884223,0,1,1
r2.7:Fe:cn8:CCFeFeFeFeFeFe:sim00603,-0.24266839,0.074234217,0,1,1
r2.7:Fe:cn8:CCFeFeFeFeFeFe:sim00607,-0.243099,0.074211746,0,1,1
r2.7:Fe:cn8:CCFeFeFeFeFeFe:sim00611,-0.2530283,0.059621725,0,1,1
r2.7:Fe:cn8:CCFeFeFeFeFeFe:sim00615,-0.24421041,0.067106292,0,1,1
r2.7:Fe:cn8:CCFeFeFeFeFeFe:sim00619,-0.25849968,0.055832494,0,1,1
r2.7:Fe:cn8:CCFeFeFeFeFeFe:sim00623,-0.26356152,0.073478058,0,1,1
r2.7:Fe:cn8:CCFeFeFeFeFeFe:sim00627,-0.24287097,0.072450981,0,1,1
r2.7:Fe:cn8:CCFeFeFeFeFeFe:sim00631,-0.23050253,0.058887422,0,1,1
r2.7:Fe:cn8:CCFeFeFeFeFeFe:sim00635,-0.21355282,0.070175372,0,1,1
r2.7:Fe:cn8:CCFeFeFeFeFeFe:sim00639,-0.24298629,0.074482091,0,1,1
r2.7:Fe:cn8:CCFeFeFeFeFeFe:sim00643,-0.23429023,0.088454269,0,1,1
r2.7:Fe:cn8:CCFeFeFeFeFeFe:sim00647,-0.24300149,0.074145809,0,1,1
r2.7:Fe:cn8:CCFeFeFeFeFeFe:sim00651,-0.2306135,0.079657435,0,1,1
r2.7:Fe:cn8:CCFeFeFeFeFeFe:sim00655,-0.25258201,0.059678257,0,1,1
r2.7:Fe:cn8:CCFeFeFeFeFeFe:sim00659,-0.22905794,0.079945795,0,1,1
r2.7:Fe:cn8:CCFeFeFeFeFeFe:sim00663,-0.25314569,0.059296407,0,1,1
r2.7:Fe:cn8:CFeFeFeFeFeFeFe:sim00004,-0.11506571,0.082332723,0,1,1
r2.7:Fe:cn8:CFeFeFeFeFeFeFe:sim00008,-0.084948704,0.079599291,0,1,1
r2.7:Fe:cn8:CFeFeFeFeFeFeFe:sim00012,-0.098752789,0.10690129,0,1,1
r2.7:Fe:cn8:CFeFeFeFeFeFeFe:sim00016,-0.11236943,0.12429041,0,1,1
r2.7:Fe:cn8:CFeFeFeFeFeFeFe:sim00020,-0.13580622,0.11345124,0,1,1
r2.7:Fe:cn8:CFeFeFeFeFeFeFe:sim00024,-0.13124806,0.073867641,0,1,1
r2.7:Fe:cn8:CFeFeFeFeFeFeFe:sim00028,-0.13715445,0.10466149,0,1,1
r2.7:Fe:cn8:CFeFeFeFeFeFeFe:sim00032,-0.16531405,0.10948214,0,1,1
r2.7:Fe:cn8:CFeFeFeFeFeFeFe:sim00036,-0.14300841,0.10409739,0,1,1
r2.7:Fe:cn8:CFeFeFeFeFeFeFe:sim00040,-0.1359366,0.10776944,0,1,1
r2.7:Fe:cn8:CFeFeFeFeFeFeFe:sim00044,-0.1324192,0.109915,0,1,1
r2.7:Fe:cn8:CFeFeFeFeFeFeFe:sim00048,-0.16809909,0.10600475,0,1,1
r2.7:Fe:cn8:CFeFeFeFeFeFeFe:sim00052,-0.12856127,0.11213519,0,1,1
r2.7:Fe:cn8:CFeFeFeFeFeFeFe:sim00056,-0.13383855,0.11038608,0,1,1
r2.7:Fe:cn8:CFeFeFeFeFeFeFe:sim00060,-0.13701762,0.10671499,0,1,1
r2.7:Fe:cn8:CFeFeFeFeFeFeFe:sim00064,-0.14118546,0.13977583,0,1,1
r2.7:Fe:cn8:CFeFeFeFeFeFeFe:sim00068,-0.13657117,0.10713162,0,1,1
r2.7:Fe:cn8:CFeFeFeFeFeFeFe:sim00072,-0.16006087,0.13097502,0,1,1
r2.7:Fe:cn8:CFeFeFeFeFeFeFe:sim00076,-0.13745423,0.10594755,0,1,1
r2.7:Fe:cn8:CFeFeFeFeFeFeFe:sim00080,-0.10497358,0.10624045,0,1,1
r2.7:Fe:cn8:CFeFeFeFeFeFeFe:sim00084,-0.075026162,0.082723878,0,1,1
r2.7:Fe:cn8:CFeFeFeFeFeFeFe:sim00088,-0.10220666,0.10619326,0,1,1
r2.7:Fe:cn8:CFeFeFeFeFeFeFe:sim00092,-0.13459793,0.10729812,0,1,1
r2.7:Fe:cn8:CFeFeFeFeFeFeFe:sim00096,-0.13355684,0.10774407,0,1,1
r2.7:Fe:cn8:CFeFeFeFeFeFeFe:sim00100,-0.15087332,0.10049351,0,1,1
r2.7:Fe:cn8:CFeFeFeFeFeFeFe:sim00104,-0.13999385,0.11434893,0,1,1
r2.7:Fe:cn8:CFeFeFeFeFeFeFe:sim00108,-0.15580848,0.096445218,0,1,1
r2.7:Fe:cn8:CFeFeFeFeFeFeFe:sim00112,-0.14600568,0.13903293,0,1,1
r2.7:Fe:cn8:CFeFeFeFeFeFeFe:sim00116,-0.14887495,0.13579929,0,1,1
r2.7:Fe:cn8:CFeFeFeFeFeFeFe:sim00120,-0.15100449,0.1287064,0,1,1
r2.7:Fe:cn8:CFeFeFeFeFeFeFe:sim00124,-0.15645471,0.12541763,0,1,1
r2.7:Fe:cn8:CFeFeFeFeFeFeFe:sim00128,-0.15651654,0.12539767,0,1,1
r2.7:Fe:cn8:CFeFeFeFeFeFeFe:sim00132,-0.16028053,0.12182918,0,1,1
r2.7:Fe:cn8:CFeFeFeFeFeFeFe:sim00136,-0.17075646,0.10700551,0,1,1
r2.7:Fe:cn8:CFeFeFeFeFeFeFe:sim00140,-0.2027739,0.078379937,0,1,1
r2.7:Fe:cn8:CFeFeFeFeFeFeFe:sim00144,-0.15284218,0.067795202,0,1,1
r2.7:Fe:cn8:CFeFeFeFeFeFeFe:sim00148,-0.17270286,0.080257915,0,1,1
r2.7:Fe:cn8:CFeFeFeFeFeFeFe:sim00152,-0.15692911,0.12504545,0,1,1
r2.7:Fe:cn8:CFeFeFeFeFeFeFe:sim00156,-0.16497296,0.10573747,0,1,1
r2.7:Fe:cn8:CFeFeFeFeFeFeFe:sim00160,-0.16080783,0.11554901,0,1,1
r2.7:Fe:cn8:CFeFeFeFeFeFeFe:sim00164,-0.1424955,0.1421427,0,1,1
r2.7:Fe:cn8:CFeFeFeFeFeFeFe:sim00168,-0.15105617,0.12881316,0,1,1
r2.7:Fe:cn8:CFeFeFeFeFeFeFe:sim00172,-0.15862587,0.12470406,0,1,1
r2.7:Fe:cn8:CFeFeFeFeFeFeFe:sim00176,-0.14642857,0.1105154,0,1,1
r2.7:Fe:cn8:CFeFeFeFeFeFeFe:sim00180,-0.15134598,0.12742612,0,1,1
r2.7:Fe:cn8:CFeFeFeFeFeFeFe:sim00184,-0.15645084,0.12524942,0,1,1
r2.7:Fe:cn8:CFeFeFeFeFeFeFe:sim00188,-0.15666543,0.12503856,0,1,1
r2.7:Fe:cn8:CFeFeFeFeFeFeFe:sim00192,-0.19516914,0.13358167,0,1,1
r2.7:Fe:cn8:CFeFeFeFeFeFeFe:sim00196,-0.15511385,0.13444108,0,1,1
r2.7:Fe:cn8:CFeFeFeFeFeFeFe:sim00200,-0.16564953,0.1176774,0,1,1
r2.7:Fe:cn8:CFeFeFeFeFeFeFe:sim00204,-0.15992463,0.12530328,0,1,1
r2.7:Fe:cn8:CFeFeFeFeFeFeFe:sim00208,-0.10674071,0.10685363,0,1,1
r2.7:Fe:cn8:CFeFeFeFeFeFeFe:sim00212,-0.15957765,0.12478368,0,1,1
r2.7:Fe:cn8:CFeFeFeFeFeFeFe:sim00216,-0.15852547,0.12814245,0,1,1
r2.7:Fe:cn8:CFeFeFeFeFeFeFe:sim00220,-0.14981596,0.1389973,0,1,1
r2.7:Fe:cn8:CFeFeFeFeFeFeFe:sim00224,-0.15965252,0.12588969,0,1,1
r2.7:Fe:cn8:CFeFeFeFeFeFeFe:sim00228,-0.16910866,0.11754937,0,1,1
r2.7:Fe:cn8:CFeFeFeFeFeFeFe:sim00232,-0.17401271,0.10878277,0,1,1
r2.7:Fe:cn8:CFeFeFeFeFeFeFe:sim00236,-0.16248786,0.12285233,0,1,1
r2.7:Fe:cn8:CFeFeFeFeFeFeFe:sim00240,-0.15559979,0.093205646,0,1,1
r2.7:Fe:cn8:CFeFeFeFeFeFeFe:sim00244,-0.15511277,0.093691707,0,1,1
r2.7:Fe:cn8:CFeFeFeFeFeFeFe:sim00248,-0.15476048,0.085596874,0,1,1
r2.7:Fe:cn8:CFeFeFeFeFeFeFe:sim00252,-0.16637915,0.1220042,0,1,1
r2.7:Fe:cn8:CFeFeFeFeFeFeFe:sim00256,-0.17402722,0.13271432,0,1,1
r2.7:Fe:cn8:CFeFeFeFeFeFeFe:sim00260,-0.1644076,0.12411406,0,1,1
r2.7:Fe:cn8:CFeFeFeFeFeFeFe:sim00264,-0.16452672,0.12419442,0,1,1
r2.7:Fe:cn8:CFeFeFeFeFeFeFe:sim00268,-0.16435988,0.12448359,0,1,1
r2.7:Fe:cn8:CFeFeFeFeFeFeFe:sim00272,-0.16021733,0.12605615,0,1,1
r2.7:Fe:cn8:CFeFeFeFeFeFeFe:sim00276,-0.1494108,0.13973288,0,1,1
r2.7:Fe:cn8:CFeFeFeFeFeFeFe:sim00280,-0.15966085,0.1259163,0,1,1
r2.7:Fe:cn8:CFeFeFeFeFeFeFe:sim00284,-0.15461954,0.12932421,0,1,1
r2.7:Fe:cn8:CFeFeFeFeFeFeFe:sim00288,-0.17965314,0.13838862,0,1,1
r2.7:Fe:cn8:CFeFeFeFeFeFeFe:sim00292,-0.15975302,0.12585868,0,1,1
r2.7:Fe:cn8:CFeFeFeFeFeFeFe:sim00296,-0.15964824,0.12618811,0,1,1
r2.7:Fe:cn8:CFeFeFeFeFeFeFe:sim00300,-0.16599806,0.15269789,0,1,1
r2.7:Fe:cn8:CFeFeFeFeFeFeFe:sim00304,-0.15704568,0.16059688,0,1,1
r2.7:Fe:cn8:CFeFeFeFeFeFeFe:sim00308,-0.15280853,0.17060943,0,1,1
r2.7:Fe:cn8:CFeFeFeFeFeFeFe:sim00312,-0.1690166,0.12674589,0,1,1
r2.7:Fe:cn8:CFeFeFeFeFeFeFe:sim00316,-0.16912949,0.12726378,0,1,1
r2.7:Fe:cn8:CFeFeFeFeFeFeFe:sim00320,-0.16051303,0.12726778,0,1,1
r2.7:Fe:cn8:CFeFeFeFeFeFeFe:sim00324,-0.18283232,0.1481929,0,1,1
r2.7:Fe:cn8:CFeFeFeFeFeFeFe:sim00328,-0.17680253,0.082858846,0,1,1
r2.7:Fe:cn8:CFeFeFeFeFeFeFe:sim00332,-0.16073033,0.12459308,0,1,1
r2.7:Fe:cn8:CFeFeFeFeFeFeFe:sim00336,-0.15301272,0.129417,0,1,1
r2.7:Fe:cn8:CFeFeFeFeFeFeFe:sim00340,-0.1707909,0.11395712,0,1,1
r2.7:Fe:cn8:CFeFeFeFeFeFeFe:sim00344,-0.15279564,0.1294139,0,1,1
r2.7:Fe:cn8:CFeFeFeFeFeFeFe:sim00348,-0.1974376,0.12310325,0,1,1
r2.7:Fe:cn8:CFeFeFeFeFeFeFe:sim00352,-0.16031012,0.12748806,0,1,1
r2.7:Fe:cn8:CFeFeFeFeFeFeFe:sim00356,-0.16442844,0.16056283,0,1,1
r2.7:Fe:cn8:CFeFeFeFeFeFeFe:sim00360,-0.17080623,0.12204921,0,1,1
r2.7:Fe:cn8:FeFeFeFeFeFeFeFe:sim00004,-0.091412663,0.067674592,0,1,1
r2.7:Fe:cn8:FeFeFeFeFeFeFeFe:sim00008,-0.049855713,0.10474207,0,1,1
r2.7:Fe:cn8:FeFeFeFeFeFeFeFe:sim00012,-0.097657032,0.1244358,0,1,1
r2.7:Fe:cn8:FeFeFeFeFeFeFeFe:sim00016,-0.088084042,0.12993018,0,1,1
r2.7:Fe:cn8:FeFeFeFeFeFeFeFe:sim00020,-0.096480221,0.1274031,0,1,1
r2.7:Fe:cn8:FeFeFeFeFeFeFeFe:sim00024,-0.092230685,0.098275669,0,1,1
r2.7:Fe:cn8:FeFeFeFeFeFeFeFe:sim00028,-0.096434794,0.12733522,0,1,1
r2.7:Fe:cn8:FeFeFeFeFeFeFeFe:sim00032,-0.079572201,0.1175511,0,1,1
r2.7:Fe:cn8:FeFeFeFeFeFeFeFe:sim00036,-0.11088938,0.11732659,0,1,1
r2.7:Fe:cn8:FeFeFeFeFeFeFeFe:sim00040,-0.10620068,0.1312166,0,1,1
r2.7:Fe:cn8:FeFeFeFeFeFeFeFe:sim00044,-0.096852221,0.12918675,0,1,1
r2.7:Fe:cn8:FeFeFeFeFeFeFeFe:sim00048,-0.12822503,0.12511641,0,1,1
r2.7:Fe:cn8:FeFeFeFeFeFeFeFe:sim00052,-0.075806499,0.11951237,0,1,1
r2.7:Fe:cn9:CCCCCFeFeFeFe:sim00001,-0.39052093,-0.26486215,0,1,1
r2.7:Fe:cn9:CCCCCFeFeFeFe:sim00005,-0.34201688,-0.24155153,0,1,1
r2.7:Fe:cn9:CCCCCFeFeFeFe:sim00009,-0.38989964,-0.24406534,0,1,1
r2.7:Fe:cn9:CCCCCFeFeFeFe:sim00013,-0.45360553,-0.25475207,0,1,1
r2.7:Fe:cn9:CCCCCFeFeFeFe:sim00017,-0.42385796,-0.22284846,0,1,1
r2.7:Fe:cn9:CCCCCFeFeFeFe:sim00021,-0.42424101,-0.21477269,0,1,1
r2.7:Fe:cn9:CCCCCFeFeFeFe:sim00025,-0.43146354,-0.17014439,0,1,1
r2.7:Fe:cn9:CCCCFeFeFeFeFe:sim00004,-0.29506049,-0.1315926,0,1,1
r2.7:Fe:cn9:CCCCFeFeFeFeFe:sim00008,-0.25979531,-0.13725396,0,1,1
r2.7:Fe:cn9:CCCCFeFeFeFeFe:sim00012,-0.31819707,-0.10813393,0,1,1
r2.7:Fe:cn9:CCCCFeFeFeFeFe:sim00016,-0.31435716,-0.10236777,0,1,1
r2.7:Fe:cn9:CCCCFeFeFeFeFe:sim00020,-0.32275486,-0.10181075,0,1,1
r2.7:Fe:cn9:CCCCFeFeFeFeFe:sim00024,-0.31710958,-0.14421648,0,1,1
r2.7:Fe:cn9:CCCCFeFeFeFeFe:sim00028,-0.32302645,-0.10324014,0,1,1
r2.7:Fe:cn9:CCCCFeFeFeFeFe:sim00032,-0.32550108,-0.10229484,0,1,1
r2.7:Fe:cn9:CCCCFeFeFeFeFe:sim00036,-0.33428106,-0.10804211,0,1,1
r2.7:Fe:cn9:CCCCFeFeFeFeFe:sim00040,-0.32345182,-0.10025941,0,1,1
r2.7:Fe:cn9:CCCCFeFeFeFeFe:sim00044,-0.30302823,-0.081072666,0,1,1
r2.7:Fe:cn9:CCCCFeFeFeFeFe:sim00048,-0.36565453,-0.10383961,0,1,1
r2.7:Fe:cn9:CCCCFeFeFeFeFe:sim00052,-0.32105678,-0.097017907,0,1,1
r2.7:Fe:cn9:CCCCFeFeFeFeFe:sim00056,-0.31886053,-0.096512944,0,1,1
r2.7:Fe:cn9:CCCCFeFeFeFeFe:sim00060,-0.32175517,-0.10000516,0,1,1
r2.7:Fe:cn9:CCCCFeFeFeFeFe:sim00064,-0.32292143,-0.10037229,0,1,1
r2.7:Fe:cn9:CCCCFeFeFeFeFe:sim00068,-0.32259521,-0.10069204,0,1,1
r2.7:Fe:cn9:CCCCFeFeFeFeFe:sim00072,-0.32320252,-0.10078368,0,1,1
r2.7:Fe:cn9:CCCCFeFeFeFeFe:sim00076,-0.32337961,-0.1013894,0,1,1
r2.7:Fe:cn9:CCCCFeFeFeFeFe:sim00080,-0.28669336,-0.10550731,0,1,1
r2.7:Fe:cn9:CCCCFeFeFeFeFe:sim00084,-0.28275138,-0.14772455,0,1,1
r2.7:Fe:cn9:CCCCFeFeFeFeFe:sim00088,-0.28332368,-0.10026343,0,1,1
r2.7:Fe:cn9:CCCCFeFeFeFeFe:sim00092,-0.31988338,-0.0999588,0,1,1
r2.7:Fe:cn9:CCCCFeFeFeFeFe:sim00096,-0.3216106,-0.10815644,0,1,1
r2.7:Fe:cn9:CCCCFeFeFeFeFe:sim00100,-0.34066522,-0.11422171,0,1,1
r2.7:Fe:cn9:CCCCFeFeFeFeFe:sim00104,-0.33411199,-0.10581788,0,1,1
r2.7:Fe:cn9:CCCCFeFeFeFeFe:sim00108,-0.34015194,-0.11105745,0,1,1
r2.7:Fe:cn9:CCCCFeFeFeFeFe:sim00112,-0.31823751,-0.079549044,0,1,1
r2.7:Fe:cn9:CCCCFeFeFeFeFe:sim00116,-0.3376812,-0.068646826,0,1,1
r2.7:Fe:cn9:CCCCFeFeFeFeFe:sim00120,-0.37002128,-0.099818103,0,1,1
r2.7:Fe:cn9:CCCCFeFeFeFeFe:sim00124,-0.34433469,-0.078855947,0,1,1
r2.7:Fe:cn9:CCCCFeFeFeFeFe:sim00128,-0.34724563,-0.080272354,0,1,1
r2.7:Fe:cn9:CCCCFeFeFeFeFe:sim00132,-0.34602973,-0.079417884,0,1,1
r2.7:Fe:cn9:CCCCFeFeFeFeFe:sim00136,-0.36217397,-0.10494156,0,1,1
r2.7:Fe:cn9:CCCCFeFeFeFeFe:sim00140,-0.3920553,-0.1365511,0,1,1
r2.7:Fe:cn9:CCCCFeFeFeFeFe:sim00144,-0.35894835,-0.13633449,0,1,1
r2.7:Fe:cn9:CCCCFeFeFeFeFe:sim00148,-0.35926819,-0.13661458,0,1,1
r2.7:Fe:cn9:CCCCFeFeFeFeFe:sim00152,-0.34525609,-0.079641417,0,1,1
r2.7:Fe:cn9:CCCCFeFeFeFeFe:sim00156,-0.3542228,-0.093419984,0,1,1
r2.7:Fe:cn9:CCCCFeFeFeFeFe:sim00160,-0.34968963,-0.087549947,0,1,1
r2.7:Fe:cn9:CCCCFeFeFeFeFe:sim00164,-0.33820182,-0.07415098,0,1,1
r2.7:Fe:cn9:CCCCFeFeFeFeFe:sim00168,-0.33750743,-0.074631438,0,1,1
r2.7:Fe:cn9:CCCCFeFeFeFeFe:sim00172,-0.34388107,-0.075882658,0,1,1
r2.7:Fe:cn9:CCCCFeFeFeFeFe:sim00176,-0.357169,-0.095520452,0,1,1
r2.7:Fe:cn9:CCCCFeFeFeFeFe:sim00180,-0.34418273,-0.079325289,0,1,1
r2.7:Fe:cn9:CCCCFeFeFeFeFe:sim00184,-0.36909977,-0.063919552,0,1,1
r2.7:Fe:cn9:CCCCFeFeFeFeFe:sim00188,-0.34476274,-0.079389922,0,1,1
r2.7:Fe:cn9:CCCCFeFeFeFeFe:sim00192,-0.43019798,-0.069245793,0,1,1
r2.7:Fe:cn9:CCCCFeFeFeFeFe:sim00196,-0.34224576,-0.068008594,0,1,1
r2.7:Fe:cn9:CCCCFeFeFeFeFe:sim00200,-0.3498041,-0.072312303,0,1,1
r2.7:Fe:cn9:CCCCFeFeFeFeFe:sim00204,-0.34894621,-0.077503063,0,1,1
r2.7:Fe:cn9:CCCCFeFeFeFeFe:sim00208,-0.321666,-0.10422355,0,1,1
r2.7:Fe:cn9:CCCCFeFeFeFeFe:sim00212,-0.32436556,-0.092852548,0,1,1
r2.7:Fe:cn9:CCCCFeFeFeFeFe:sim00216,-0.34971637,-0.074273437,0,1,1
r2.7:Fe:cn9:CCCCFeFeFeFeFe:sim00220,-0.34840021,-0.074849039,0,1,1
r2.7:Fe:cn9:CCCCFeFeFeFeFe:sim00224,-0.35415632,-0.076802775,0,1,1
r2.7:Fe:cn9:CCCCFeFeFeFeFe:sim00228,-0.34849238,-0.074604556,0,1,1
r2.7:Fe:cn9:CCCCFeFeFeFeFe:sim00232,-0.35406747,-0.079681046,0,1,1
r2.7:Fe:cn9:CCCCFeFeFeFeFe:sim00236,-0.35147887,-0.078309141,0,1,1
r2.7:Fe:cn9:CCCCFeFeFeFeFe:sim00240,-0.33960733,-0.10651415,0,1,1
r2.7:Fe:cn9:CCCCFeFeFeFeFe:sim00244,-0.34287873,-0.11515523,0,1,1
r2.7:Fe:cn9:CCCCFeFeFeFeFe:sim00248,-0.34080666,-0.11387723,0,1,1
r2.7:Fe:cn9:CCCCFeFeFeFeFe:sim00252,-0.35469863,-0.082768954,0,1,1
r2.7:Fe:cn9:CCCCFeFeFeFeFe:sim00256,-0.3653788,-0.060300704,0,1,1
r2.7:Fe:cn9:CCCCFeFeFeFeFe:sim00260,-0.36219665,-0.078623407,0,1,1
r2.7:Fe:cn9:CCCCFeFeFeFeFe:sim00264,-0.35514677,-0.076565057,0,1,1
r2.7:Fe:cn9:CCCCFeFeFeFeFe:sim00268,-0.35377485,-0.07642898,0,1,1
r2.7:Fe:cn9:CCCCFeFeFeFeFe:sim00272,-0.34866804,-0.072742112,0,1,1
r2.7:Fe:cn9:CCCCFeFeFeFeFe:sim00276,-0.32640097,-0.056388699,0,1,1
r2.7:Fe:cn9:CCCCFeFeFeFeFe:sim00280,-0.34320948,-0.11521169,0,1,1
r2.7:Fe:cn9:CCCCFeFeFeFeFe:sim00284,-0.34206596,-0.071737088,0,1,1
r2.7:Fe:cn9:CCCCFeFeFeFeFe:sim00288,-0.37311536,-0.058767121,0,1,1
r2.7:Fe:cn9:CCCCFeFeFeFeFe:sim00292,-0.34956583,-0.073710717,0,1,1
r2.7:Fe:cn9:CCCCFeFeFeFeFe:sim00296,-0.31370267,-0.073029459,0,1,1
r2.7:Fe:cn9:CCCCFeFeFeFeFe:sim00300,-0.35621423,-0.041199956,0,1,1
r2.7:Fe:cn9:CCCCFeFeFeFeFe:sim00304,-0.34839937,-0.039766096,0,1,1
r2.7:Fe:cn9:CCCCFeFeFeFeFe:sim00308,-0.35006389,0.01469738,0,1,1
r2.7:Fe:cn9:CCCCFeFeFeFeFe:sim00312,-0.37556425,-0.092348114,0,1,1
r2.7:Fe:cn9:CCCFeFeFeFeFeFe:sim00003,-0.21089074,-0.040641114,0,1,1
r2.7:Fe:cn9:CCCFeFeFeFeFeFe:sim00007,-0.21053465,-0.040696979,0,1,1
r2.7:Fe:cn9:CCCFeFeFeFeFeFe:sim00011,-0.22132443,-0.0051558642,0,1,1
r2.7:Fe:cn9:CCCFeFeFeFeFeFe:sim00015,-0.2320489,-0.019963896,0,1,1
r2.7:Fe:cn9:CCCFeFeFeFeFeFe:sim00019,-0.22029948,0.0046337326,0,1,1
r2.7:Fe:cn9:CCCFeFeFeFeFeFe:sim00023,-0.25203636,-0.040939324,0,1,1
r2.7:Fe:cn9:CCCFeFeFeFeFeFe:sim00027,-0.2350225,-0.014107285,0,1,1
r2.7:Fe:cn9:CCCFeFeFeFeFeFe:sim00031,-0.21981144,-0.031112332,0,1,1
r2.7:Fe:cn9:CCCFeFeFeFeFeFe:sim00035,-0.23616679,-0.013353037,0,1,1
r2.7:Fe:cn9:CCCFeFeFeFeFeFe:sim00039,-0.23531434,-0.012384697,0,1,1
r2.7:Fe:cn9:CCCFeFeFeFeFeFe:sim00043,-0.23494761,-0.011632356,0,1,1
r2.7:Fe:cn9:CCCFeFeFeFeFeFe:sim00047,-0.23611522,-0.013248382,0,1,1
r2.7:Fe:cn9:CCCFeFeFeFeFeFe:sim00051,-0.23723042,0.021599751,0,1,1
r2.7:Fe:cn9:CCCFeFeFeFeFeFe:sim00055,-0.23179992,-0.010979498,0,1,1
r2.7:Fe:cn9:CCCFeFeFeFeFeFe:sim00059,-0.23151331,-0.011138162,0,1,1
r2.7:Fe:cn9:CCCFeFeFeFeFeFe:sim00063,-0.23494129,-0.012239553,0,1,1
r2.7:Fe:cn9:CCCFeFeFeFeFeFe:sim00067,-0.23530196,-0.012817427,0,1,1
r2.7:Fe:cn9:CCCFeFeFeFeFeFe:sim00071,-0.2387919,-0.020970363,0,1,1
r2.7:Fe:cn9:CCCFeFeFeFeFeFe:sim00075,-0.23725443,-0.016467722,0,1,1
r2.7:Fe:cn9:CCCFeFeFeFeFeFe:sim00079,-0.23779765,-0.014120611,0,1,1
r2.7:Fe:cn9:CCCFeFeFeFeFeFe:sim00083,-0.21110256,-0.029508546,0,1,1
r2.7:Fe:cn9:CCCFeFeFeFeFeFe:sim00087,-0.20176123,-0.0066026933,0,1,1
r2.7:Fe:cn9:CCCFeFeFeFeFeFe:sim00091,-0.24020466,-0.013915275,0,1,1
r2.7:Fe:cn9:CCCFeFeFeFeFeFe:sim00095,-0.24209064,-0.025853373,0,1,1
r2.7:Fe:cn9:CCCFeFeFeFeFeFe:sim00099,-0.23431703,0.017169366,0,1,1
r2.7:Fe:cn9:CCCFeFeFeFeFeFe:sim00103,-0.26643786,-0.0063483687,0,1,1
r2.7:Fe:cn9:CCCFeFeFeFeFeFe:sim00107,-0.23729613,-0.03901843,0,1,1
r2.7:Fe:cn9:CCCFeFeFeFeFeFe:sim00111,-0.24598423,0.019899271,0,1,1
r2.7:Fe:cn9:CCCFeFeFeFeFeFe:sim00115,-0.24589777,0.01821409,0,1,1
r2.7:Fe:cn9:CCCFeFeFeFeFeFe:sim00119,-0.24412586,0.029649246,0,1,1
r2.7:Fe:cn9:CCCFeFeFeFeFeFe:sim00123,-0.25518835,0.0064201578,0,1,1
r2.7:Fe:cn9:CCCFeFeFeFeFeFe:sim00127,-0.25580552,0.0052331779,0,1,1
r2.7:Fe:cn9:CCCFeFeFeFeFeFe:sim00131,-0.2475756,0.018947417,0,1,1
r2.7:Fe:cn9:CCCFeFeFeFeFeFe:sim00135,-0.25714841,0.0067244773,0,1,1
r2.7:Fe:cn9:CCCFeFeFeFeFeFe:sim00139,-0.25976568,0.0094126575,0,1,1
r2.7:Fe:cn9:CCCFeFeFeFeFeFe:sim00143,-0.2730276,-0.045820754,0,1,1
r2.7:Fe:cn9:CCCFeFeFeFeFeFe:sim00147,-0.27320307,-0.046007596,0,1,1
r2.7:Fe:cn9:CCCFeFeFeFeFeFe:sim00151,-0.26592863,-0.0083627161,0,1,1
r2.7:Fe:cn9:CCCFeFeFeFeFeFe:sim00155,-0.25016743,0.0079598259,0,1,1
r2.7:Fe:cn9:CCCFeFeFeFeFeFe:sim00159,-0.25683147,0.0051826942,0,1,1
r2.7:Fe:cn9:CCCFeFeFeFeFeFe:sim00163,-0.23888975,0.0091437278,0,1,1
r2.7:Fe:cn9:CCCFeFeFeFeFeFe:sim00167,-0.25069842,0.011506383,0,1,1
r2.7:Fe:cn9:CCCFeFeFeFeFeFe:sim00171,-0.28967616,0.0025997725,0,1,1
r2.7:Fe:cn9:CCCFeFeFeFeFeFe:sim00175,-0.2631377,0.040556259,0,1,1
r2.7:Fe:cn9:CCCFeFeFeFeFeFe:sim00179,-0.25676274,0.0072773625,0,1,1
r2.7:Fe:cn9:CCCFeFeFeFeFeFe:sim00183,-0.26260069,0.032610442,0,1,1
r2.7:Fe:cn9:CCCFeFeFeFeFeFe:sim00187,-0.24369504,-0.011031616,0,1,1
r2.7:Fe:cn9:CCCFeFeFeFeFeFe:sim00191,-0.25089619,0.020392511,0,1,1
r2.7:Fe:cn9:CCCFeFeFeFeFeFe:sim00195,-0.2545734,0.015811171,0,1,1
r2.7:Fe:cn9:CCCFeFeFeFeFeFe:sim00199,-0.25473502,0.015536058,0,1,1
r2.7:Fe:cn9:CCCFeFeFeFeFeFe:sim00203,-0.25896713,0.0095938072,0,1,1
r2.7:Fe:cn9:CCCFeFeFeFeFeFe:sim00207,-0.26862729,-0.0046416405,0,1,1
r2.7:Fe:cn9:CCCFeFeFeFeFeFe:sim00211,-0.26692125,0.0056041381,0,1,1
r2.7:Fe:cn9:CCCFeFeFeFeFeFe:sim00215,-0.25699228,0.010195031,0,1,1
r2.7:Fe:cn9:CCCFeFeFeFeFeFe:sim00219,-0.25971237,0.0091795474,0,1,1
r2.7:Fe:cn9:CCCFeFeFeFeFeFe:sim00223,-0.28829357,0.013949513,0,1,1
r2.7:Fe:cn9:CCCFeFeFeFeFeFe:sim00227,-0.25961939,0.0089348489,0,1,1
r2.7:Fe:cn9:CCCFeFeFeFeFeFe:sim00231,-0.26260647,0.0061002406,0,1,1
r2.7:Fe:cn9:CCCFeFeFeFeFeFe:sim00235,-0.26432851,0.0055709309,0,1,1
r2.7:Fe:cn9:CCCFeFeFeFeFeFe:sim00239,-0.26216272,0.0042922008,0,1,1
r2.7:Fe:cn9:CCCFeFeFeFeFeFe:sim00243,-0.25778615,-0.03065457,0,1,1
r2.7:Fe:cn9:CCCFeFeFeFeFeFe:sim00247,-0.25219241,-0.032100312,0,1,1
r2.7:Fe:cn9:CCCFeFeFeFeFeFe:sim00251,-0.25262654,0.029733496,0,1,1
r2.7:Fe:cn9:CCCFeFeFeFeFeFe:sim00255,-0.25293222,-0.0059165885,0,1,1
r2.7:Fe:cn9:CCCFeFeFeFeFeFe:sim00259,-0.2927272,0.0069588642,0,1,1
r2.7:Fe:cn9:CCCFeFeFeFeFeFe:sim00263,-0.23497652,0.003045731,0,1,1
r2.7:Fe:cn9:CCCFeFeFeFeFeFe:sim00267,-0.27088228,0.035717044,0,1,1
r2.7:Fe:cn9:CCCFeFeFeFeFeFe:sim00271,-0.25796092,0.0023156668,0,1,1
r2.7:Fe:cn9:CCCFeFeFeFeFeFe:sim00275,-0.26954201,-0.0044844081,0,1,1
r2.7:Fe:cn9:CCCFeFeFeFeFeFe:sim00279,-0.25738436,0.011483211,0,1,1
r2.7:Fe:cn9:CCCFeFeFeFeFeFe:sim00283,-0.25484726,0.0087815719,0,1,1
r2.7:Fe:cn9:CCCFeFeFeFeFeFe:sim00287,-0.2595886,0.0097541846,0,1,1
r2.7:Fe:cn9:CCCFeFeFeFeFeFe:sim00291,-0.25978839,0.0096616251,0,1,1
r2.7:Fe:cn9:CCCFeFeFeFeFeFe:sim00295,-0.26436999,0.0032626118,0,1,1
r2.7:Fe:cn9:CCCFeFeFeFeFeFe:sim00299,-0.25955278,0.0097693363,0,1,1
r2.7:Fe:cn9:CCCFeFeFeFeFeFe:sim00303,-0.26657903,0.039288715,0,1,1
r2.7:Fe:cn9:CCCFeFeFeFeFeFe:sim00307,-0.27638891,0.025432929,0,1,1
r2.7:Fe:cn9:CCCFeFeFeFeFeFe:sim00311,-0.27796263,0.00071758317,0,1,1
r2.7:Fe:cn9:CCCFeFeFeFeFeFe:sim00315,-0.27892125,0.0012665847,0,1,1
r2.7:Fe:cn9:CCCFeFeFeFeFeFe:sim00319,-0.27024087,-0.028295765,0,1,1
r2.7:Fe:cn9:CCCFeFeFeFeFeFe:sim00323,-0.26545292,0.0045082108,0,1,1
r2.7:Fe:cn9:CCCFeFeFeFeFeFe:sim00327,-0.26585037,0.0090251649,0,1,1
r2.7:Fe:cn9:CCCFeFeFeFeFeFe:sim00331,-0.26071724,0.01165843,0,1,1
r2.7:Fe:cn9:CCCFeFeFeFeFeFe:sim00335,-0.27716368,-0.040378653,0,1,1
r2.7:Fe:cn9:CCCFeFeFeFeFeFe:sim00339,-0.26523396,0.0050977143,0,1,1
r2.7:Fe:cn9:CCCFeFeFeFeFeFe:sim00343,-0.26075491,0.011528905,0,1,1
r2.7:Fe:cn9:CCCFeFeFeFeFeFe:sim00347,-0.24703951,0.033919837,0,1,1
r2.7:Fe:cn9:CCCFeFeFeFeFeFe:sim00351,-0.26133102,0.010856588,0,1,1
r2.7:Fe:cn9:CCCFeFeFeFeFeFe:sim00355,-0.2605297,0.01149738,0,1,1
r2.7:Fe:cn9:CCCFeFeFeFeFeFe:sim00359,-0.25989571,0.012253838,0,1,1
r2.7:Fe:cn9:CCCFeFeFeFeFeFe:sim00363,-0.26773119,-0.0013109194,0,1,1
r2.7:Fe:cn9:CCCFeFeFeFeFeFe:sim00367,-0.25950018,-0.018575309,0,1,1
r2.7:Fe:cn9:CCCFeFeFeFeFeFe:sim00371,-0.26004162,0.012134268,0,1,1
r2.7:Fe:cn9:CCCFeFeFeFeFeFe:sim00375,-0.25015369,0.025583183,0,1,1
r2.7:Fe:cn9:CCCFeFeFeFeFeFe:sim00379,-0.3104336,0.0019267901,0,1,1
r2.7:Fe:cn9:CCCFeFeFeFeFeFe:sim00383,-0.28943247,0.016272914,0,1,1
r2.7:Fe:cn9:CCCFeFeFeFeFeFe:sim00387,-0.26062721,0.011670302,0,1,1
r2.7:Fe:cn9:CCCFeFeFeFeFeFe:sim00391,-0.26036114,0.012177674,0,1,1
r2.7:Fe:cn9:CCCFeFeFeFeFeFe:sim00395,-0.27471364,-0.010632725,0,1,1
r2.7:Fe:cn9:CCCFeFeFeFeFeFe:sim00399,-0.29058936,0.036031336,0,1,1
r2.7:Fe:cn9:CCCFeFeFeFeFeFe:sim00403,-0.26039869,0.012047919,0,1,1
r2.7:Fe:cn9:CCCFeFeFeFeFeFe:sim00407,-0.25878626,0.014073287,0,1,1
r2.7:Fe:cn9:CCCFeFeFeFeFeFe:sim00411,-0.22905672,0.008777,0,1,1
r2.7:Fe:cn9:CCCFeFeFeFeFeFe:sim00415,-0.25854349,0.01372195,0,1,1
r2.7:Fe:cn9:CCCFeFeFeFeFeFe:sim00419,-0.28235647,0.037413795,0,1,1
r2.7:Fe:cn9:CCCFeFeFeFeFeFe:sim00423,-0.26352572,0.0082185017,0,1,1
r2.7:Fe:cn9:CCCFeFeFeFeFeFe:sim00427,-0.29202387,0.012577283,0,1,1
r2.7:Fe:cn9:CCCFeFeFeFeFeFe:sim00431,-0.26053467,0.010924489,0,1,1
r2.7:Fe:cn9:CCCFeFeFeFeFeFe:sim00435,-0.29901838,0.0075479061,0,1,1
r2.7:Fe:cn9:CCCFeFeFeFeFeFe:sim00439,-0.25839555,0.015250563,0,1,1
r2.7:Fe:cn9:CCCFeFeFeFeFeFe:sim00443,-0.22792928,-0.013905426,0,1,1
r2.7:Fe:cn9:CCCFeFeFeFeFeFe:sim00447,-0.2604517,0.011487087,0,1,1
r2.7:Fe:cn9:CCCFeFeFeFeFeFe:sim00451,-0.27930042,0.00084354781,0,1,1
r2.7:Fe:cn9:CCCFeFeFeFeFeFe:sim00455,-0.24621797,-0.0038576405,0,1,1
r2.7:Fe:cn9:CCCFeFeFeFeFeFe:sim00459,-0.24461864,0.0013537431,0,1,1
r2.7:Fe:cn9:CCCFeFeFeFeFeFe:sim00463,-0.21979475,-0.0024967077,0,1,1
r2.7:Fe:cn9:CCCFeFeFeFeFeFe:sim00467,-0.24130236,-0.0092070187,0,1,1
r2.7:Fe:cn9:CCCFeFeFeFeFeFe:sim00471,-0.26027194,0.011217793,0,1,1
r2.7:Fe:cn9:CCCFeFeFeFeFeFe:sim00475,-0.2618553,0.010923337,0,1,1
r2.7:Fe:cn9:CCCFeFeFeFeFeFe:sim00479,-0.26186708,0.018497828,0,1,1
r2.7:Fe:cn9:CCCFeFeFeFeFeFe:sim00483,-0.29718792,0.0052881697,0,1,1
r2.7:Fe:cn9:CCCFeFeFeFeFeFe:sim00487,-0.29409471,-0.028129069,0,1,1
r2.7:Fe:cn9:CCCFeFeFeFeFeFe:sim00491,-0.26053295,0.011179761,0,1,1
r2.7:Fe:cn9:CCCFeFeFeFeFeFe:sim00495,-0.24988252,0.018089846,0,1,1
r2.7:Fe:cn9:CCCFeFeFeFeFeFe:sim00499,-0.25759897,0.012311161,0,1,1
r2.7:Fe:cn9:CCCFeFeFeFeFeFe:sim00503,-0.25852427,0.012161603,0,1,1
r2.7:Fe:cn9:CCCFeFeFeFeFeFe:sim00507,-0.21630174,0.016955735,0,1,1
r2.7:Fe:cn9:CCCFeFeFeFeFeFe:sim00511,-0.29498428,0.019540502,0,1,1
r2.7:Fe:cn9:CCCFeFeFeFeFeFe:sim00515,-0.28283408,0.0262603,0,1,1
r2.7:Fe:cn9:CCCFeFeFeFeFeFe:sim00519,-0.27910087,0.025208067,0,1,1
r2.7:Fe:cn9:CCCFeFeFeFeFeFe:sim00523,-0.25598267,0.013721685,0,1,1
r2.7:Fe:cn9:CCCFeFeFeFeFeFe:sim00527,-0.25808531,0.0078993812,0,1,1
r2.7:Fe:cn9:CCCFeFeFeFeFeFe:sim00531,-0.25630251,0.013332352,0,1,1
r2.7:Fe:cn9:CCCFeFeFeFeFeFe:sim00535,-0.25554407,0.013533658,0,1,1
r2.7:Fe:cn9:CCCFeFeFeFeFeFe:sim00539,-0.25612342,0.01404156,0,1,1
r2.7:Fe:cn9:CCCFeFeFeFeFeFe:sim00543,-0.23720376,0.00099420652,0,1,1
r2.7:Fe:cn9:CCCFeFeFeFeFeFe:sim00547,-0.24079803,0.00031424189,0,1,1
r2.7:Fe:cn9:CCCFeFeFeFeFeFe:sim00551,-0.26290005,0.040430721,0,1,1
r2.7:Fe:cn9:CCCFeFeFeFeFeFe:sim00555,-0.25646341,0.013115387,0,1,1
r2.7:Fe:cn9:CCCFeFeFeFeFeFe:sim00559,-0.25609899,0.013711855,0,1,1
r2.7:Fe:cn9:CCCFeFeFeFeFeFe:sim00563,-0.27374655,-0.012805758,0,1,1
r2.7:Fe:cn9:CCCFeFeFeFeFeFe:sim00567,-0.25582147,0.015486032,0,1,1
r2.7:Fe:cn9:CCCFeFeFeFeFeFe:sim00571,-0.24530736,0.027976401,0,1,1
r2.7:Fe:cn9:CCCFeFeFeFeFeFe:sim00575,-0.25579715,0.015383463,0,1,1
r2.7:Fe:cn9:CCCFeFeFeFeFeFe:sim00579,-0.29451773,0.0097104451,0,1,1
r2.7:Fe:cn9:CCCFeFeFeFeFeFe:sim00583,-0.26096684,0.050132461,0,1,1
r2.7:Fe:cn9:CCCFeFeFeFeFeFe:sim00587,-0.28705895,0.037879009,0,1,1
r2.7:Fe:cn9:CCCFeFeFeFeFeFe:sim00591,-0.24951671,-0.013981915,0,1,1
r2.7:Fe:cn9:CCCFeFeFeFeFeFe:sim00595,-0.25425619,0.023308463,0,1,1
r2.7:Fe:cn9:CCCFeFeFeFeFeFe:sim00599,-0.25590605,0.013526388,0,1,1
r2.7:Fe:cn9:CCCFeFeFeFeFeFe:sim00603,-0.25906134,0.01219531,0,1,1
r2.7:Fe:cn9:CCCFeFeFeFeFeFe:sim00607,-0.25374994,0.01838612,0,1,1
r2.7:Fe:cn9:CCCFeFeFeFeFeFe:sim00611,-0.24746624,-0.016085561,0,1,1
r2.7:Fe:cn9:CCCFeFeFeFeFeFe:sim00615,-0.28780606,0.016065463,0,1,1
r2.7:Fe:cn9:CCCFeFeFeFeFeFe:sim00619,-0.27586848,-0.0031005307,0,1,1
r2.7:Fe:cn9:CCCFeFeFeFeFeFe:sim00623,-0.27007225,0.025359174,0,1,1
r2.7:Fe:cn9:CCCFeFeFeFeFeFe:sim00627,-0.25894833,0.010344279,0,1,1
r2.7:Fe:cn9:CCCFeFeFeFeFeFe:sim00631,-0.2469763,-0.0054371818,0,1,1
r2.7:Fe:cn9:CCCFeFeFeFeFeFe:sim00635,-0.2700581,0.0056905448,0,1,1
r2.7:Fe:cn9:CCCFeFeFeFeFeFe:sim00639,-0.2724033,-0.0097942501,0,1,1
r2.7:Fe:cn9:CCCFeFeFeFeFeFe:sim00643,-0.26566499,0.039761536,0,1,1
r2.7:Fe:cn9:CCCFeFeFeFeFeFe:sim00647,-0.24934861,0.025869919,0,1,1
r2.7:Fe:cn9:CCCFeFeFeFeFeFe:sim00651,-0.24588223,0.021354727,0,1,1
r2.7:Fe:cn9:CCCFeFeFeFeFeFe:sim00655,-0.23449904,0.011035805,0,1,1
r2.7:Fe:cn9:CCCFeFeFeFeFeFe:sim00659,-0.24588047,0.028486304,0,1,1
r2.7:Fe:cn9:CCCFeFeFeFeFeFe:sim00663,-0.26899675,-0.0018964068,0,1,1
r2.7:Fe:cn9:CCCFeFeFeFeFeFe:sim00667,-0.25778678,0.014644294,0,1,1
r2.7:Fe:cn9:CCCFeFeFeFeFeFe:sim00671,-0.25917807,0.012005471,0,1,1
r2.7:Fe:cn9:CCCFeFeFeFeFeFe:sim00675,-0.26204473,0.010500146,0,1,1
r2.7:Fe:cn9:CCCFeFeFeFeFeFe:sim00679,-0.25941086,0.011918297,0,1,1
r2.7:Fe:cn9:CCCFeFeFeFeFeFe:sim00683,-0.25875828,0.012055395,0,1,1
r2.7:Fe:cn9:CCCFeFeFeFeFeFe:sim00687,-0.25222066,-0.015282794,0,1,1
r2.7:Fe:cn9:CCCFeFeFeFeFeFe:sim00691,-0.24545518,0.034768745,0,1,1
r2.7:Fe:cn9:CCCFeFeFeFeFeFe:sim00695,-0.25884244,0.012192466,0,1,1
r2.7:Fe:cn9:CCCFeFeFeFeFeFe:sim00699,-0.25754398,0.013918282,0,1,1
r2.7:Fe:cn9:CCCFeFeFeFeFeFe:sim00703,-0.24662659,0.018434636,0,1,1
r2.7:Fe:cn9:CCCFeFeFeFeFeFe:sim00707,-0.24061923,0.027666232,0,1,1
r2.7:Fe:cn9:CCCFeFeFeFeFeFe:sim00711,-0.25959995,0.011744965,0,1,1
r2.7:Fe:cn9:CCCFeFeFeFeFeFe:sim00715,-0.2618413,0.010927476,0,1,1
r2.7:Fe:cn9:CCCFeFeFeFeFeFe:sim00719,-0.25888026,0.015361616,0,1,1
r2.7:Fe:cn9:CCCFeFeFeFeFeFe:sim00723,-0.25501883,-0.024727292,0,1,1
r2.7:Fe:cn9:CCCFeFeFeFeFeFe:sim00727,-0.25969759,0.011390193,0,1,1
r2.7:Fe:cn9:CCCFeFeFeFeFeFe:sim00731,-0.26612169,0.0075876871,0,1,1
r2.7:Fe:cn9:CCFeFeFeFeFeFeFe:sim00001,-0.14942695,0.025208302,0,1,1
r2.7:Fe:cn9:CCFeFeFeFeFeFeFe:sim00005,-0.13909265,0.030397037,0,1,1
r2.7:Fe:cn9:CCFeFeFeFeFeFeFe:sim00009,-0.12943947,0.027117126,0,1,1
r2.7:Fe:cn9:CCFeFeFeFeFeFeFe:sim00013,-0.16261074,0.046408322,0,1,1
r2.7:Fe:cn9:CCFeFeFeFeFeFeFe:sim00017,-0.15550554,0.052761052,0,1,1
r2.7:Fe:cn9:CCFeFeFeFeFeFeFe:sim00021,-0.15591216,0.062969834,0,1,1
r2.7:Fe:cn9:CCFeFeFeFeFeFeFe:sim00025,-0.16601777,0.05017826,0,1,1
r2.7:Fe:cn9:CCFeFeFeFeFeFeFe:sim00029,-0.15938278,0.056708731,0,1,1
r2.7:Fe:cn9:CCFeFeFeFeFeFeFe:sim00033,-0.13439526,0.030286629,0,1,1
r2.7:Fe:cn9:CCFeFeFeFeFeFeFe:sim00037,-0.18477619,0.065590523,0,1,1
r2.7:Fe:cn9:CCFeFeFeFeFeFeFe:sim00041,-0.15324885,0.06767977,0,1,1
r2.7:Fe:cn9:CCFeFeFeFeFeFeFe:sim00045,-0.14879294,0.041553564,0,1,1
r2.7:Fe:cn9:CCFeFeFeFeFeFeFe:sim00049,-0.16520284,0.05276889,0,1,1
r2.7:Fe:cn9:CCFeFeFeFeFeFeFe:sim00053,-0.16689624,0.04886426,0,1,1
r2.7:Fe:cn9:CCFeFeFeFeFeFeFe:sim00057,-0.16173916,0.054155979,0,1,1
r2.7:Fe:cn9:CCFeFeFeFeFeFeFe:sim00061,-0.17373773,0.04110172,0,1,1
r2.7:Fe:cn9:CCFeFeFeFeFeFeFe:sim00065,-0.16537382,0.047695864,0,1,1
r2.7:Fe:cn9:CCFeFeFeFeFeFeFe:sim00069,-0.16412082,0.053421658,0,1,1
r2.7:Fe:cn9:CCFeFeFeFeFeFeFe:sim00073,-0.16438143,0.05042797,0,1,1
r2.7:Fe:cn9:CCFeFeFeFeFeFeFe:sim00077,-0.16531752,0.052293677,0,1,1
r2.7:Fe:cn9:CCFeFeFeFeFeFeFe:sim00081,-0.14436319,0.068001404,0,1,1
r2.7:Fe:cn9:CCFeFeFeFeFeFeFe:sim00085,-0.1248695,0.047587864,0,1,1
r2.7:Fe:cn9:CCFeFeFeFeFeFeFe:sim00089,-0.13544841,0.049562804,0,1,1
r2.7:Fe:cn9:CCFeFeFeFeFeFeFe:sim00093,-0.15571608,0.033449311,0,1,1
r2.7:Fe:cn9:CCFeFeFeFeFeFeFe:sim00097,-0.14231963,0.044127002,0,1,1
r2.7:Fe:cn9:CCFeFeFeFeFeFeFe:sim00101,-0.17784025,0.043853745,0,1,1
r2.7:Fe:cn9:CCFeFeFeFeFeFeFe:sim00105,-0.17797655,0.044183906,0,1,1
r2.7:Fe:cn9:CCFeFeFeFeFeFeFe:sim00109,-0.17787834,0.044513382,0,1,1
r2.7:Fe:cn9:CCFeFeFeFeFeFeFe:sim00113,-0.17387521,0.081849664,0,1,1
r2.7:Fe:cn9:CCFeFeFeFeFeFeFe:sim00117,-0.20065184,0.085547157,0,1,1
r2.7:Fe:cn9:CCFeFeFeFeFeFeFe:sim00121,-0.18820649,0.067048192,0,1,1
r2.7:Fe:cn9:CCFeFeFeFeFeFeFe:sim00125,-0.18471406,0.066188805,0,1,1
r2.7:Fe:cn9:CCFeFeFeFeFeFeFe:sim00129,-0.18349768,0.06872195,0,1,1
r2.7:Fe:cn9:CCFeFeFeFeFeFeFe:sim00133,-0.18428451,0.067783974,0,1,1
r2.7:Fe:cn9:CCFeFeFeFeFeFeFe:sim00137,-0.2199076,0.064674698,0,1,1
r2.7:Fe:cn9:CCFeFeFeFeFeFeFe:sim00141,-0.21374726,0.048841003,0,1,1
r2.7:Fe:cn9:CCFeFeFeFeFeFeFe:sim00145,-0.19986613,0.0241371,0,1,1
r2.7:Fe:cn9:CCFeFeFeFeFeFeFe:sim00149,-0.20919126,0.0188038,0,1,1
r2.7:Fe:cn9:CCFeFeFeFeFeFeFe:sim00153,-0.15116039,0.060225718,0,1,1
r2.7:Fe:cn9:CCFeFeFeFeFeFeFe:sim00157,-0.18378967,0.06873548,0,1,1
r2.7:Fe:cn9:CCFeFeFeFeFeFeFe:sim00161,-0.16530134,0.095692113,0,1,1
r2.7:Fe:cn9:CCFeFeFeFeFeFeFe:sim00165,-0.19051963,0.088313259,0,1,1
r2.7:Fe:cn9:CCFeFeFeFeFeFeFe:sim00169,-0.18119387,0.071590327,0,1,1
r2.7:Fe:cn9:CCFeFeFeFeFeFeFe:sim00173,-0.1802441,0.073859543,0,1,1
r2.7:Fe:cn9:CCFeFeFeFeFeFeFe:sim00177,-0.18576972,0.067941241,0,1,1
r2.7:Fe:cn9:CCFeFeFeFeFeFeFe:sim00181,-0.1836808,0.06880638,0,1,1
r2.7:Fe:cn9:CCFeFeFeFeFeFeFe:sim00185,-0.14776385,0.072158739,0,1,1
r2.7:Fe:cn9:CCFeFeFeFeFeFeFe:sim00189,-0.17212044,0.054356299,0,1,1
r2.7:Fe:cn9:CCFeFeFeFeFeFeFe:sim00193,-0.17707595,0.084217228,0,1,1
r2.7:Fe:cn9:CCFeFeFeFeFeFeFe:sim00197,-0.18230745,0.077696554,0,1,1
r2.7:Fe:cn9:CCFeFeFeFeFeFeFe:sim00201,-0.18719082,0.071718208,0,1,1
r2.7:Fe:cn9:CCFeFeFeFeFeFeFe:sim00205,-0.18681537,0.072191328,0,1,1
r2.7:Fe:cn9:CCFeFeFeFeFeFeFe:sim00209,-0.18253501,0.073551126,0,1,1
r2.7:Fe:cn9:CCFeFeFeFeFeFeFe:sim00213,-0.18586281,0.07189858,0,1,1
r2.7:Fe:cn9:CCFeFeFeFeFeFeFe:sim00217,-0.18655804,0.068628579,0,1,1
r2.7:Fe:cn9:CCFeFeFeFeFeFeFe:sim00221,-0.18238531,0.038739797,0,1,1
r2.7:Fe:cn9:CCFeFeFeFeFeFeFe:sim00225,-0.18694454,0.072032064,0,1,1
r2.7:Fe:cn9:CCFeFeFeFeFeFeFe:sim00229,-0.17566308,0.091883242,0,1,1
r2.7:Fe:cn9:CCFeFeFeFeFeFeFe:sim00233,-0.18941328,0.069276012,0,1,1
r2.7:Fe:cn9:CCFeFeFeFeFeFeFe:sim00237,-0.19188568,0.06376826,0,1,1
r2.7:Fe:cn9:CCFeFeFeFeFeFeFe:sim00241,-0.18247057,0.039868843,0,1,1
r2.7:Fe:cn9:CCFeFeFeFeFeFeFe:sim00245,-0.18977477,0.028085232,0,1,1
r2.7:Fe:cn9:CCFeFeFeFeFeFeFe:sim00249,-0.18183224,0.040513754,0,1,1
r2.7:Fe:cn9:CCFeFeFeFeFeFeFe:sim00253,-0.18772535,0.072178453,0,1,1
r2.7:Fe:cn9:CCFeFeFeFeFeFeFe:sim00257,-0.17791647,0.069705755,0,1,1
r2.7:Fe:cn9:CCFeFeFeFeFeFeFe:sim00261,-0.19114216,0.070912912,0,1,1
r2.7:Fe:cn9:CCFeFeFeFeFeFeFe:sim00265,-0.16951212,0.049637355,0,1,1
r2.7:Fe:cn9:CCFeFeFeFeFeFeFe:sim00269,-0.19115598,0.070856579,0,1,1
r2.7:Fe:cn9:CCFeFeFeFeFeFeFe:sim00273,-0.18657075,0.072885074,0,1,1
r2.7:Fe:cn9:CCFeFeFeFeFeFeFe:sim00277,-0.18698362,0.072267972,0,1,1
r2.7:Fe:cn9:CCFeFeFeFeFeFeFe:sim00281,-0.19336967,0.070968769,0,1,1
r2.7:Fe:cn9:CCFeFeFeFeFeFeFe:sim00285,-0.17258283,0.060793467,0,1,1
r2.7:Fe:cn9:CCFeFeFeFeFeFeFe:sim00289,-0.18716769,0.072119676,0,1,1
r2.7:Fe:cn9:CCFeFeFeFeFeFeFe:sim00293,-0.15868494,0.026397167,0,1,1
r2.7:Fe:cn9:CCFeFeFeFeFeFeFe:sim00297,-0.18667331,0.072376333,0,1,1
r2.7:Fe:cn9:CCFeFeFeFeFeFeFe:sim00301,-0.19362541,0.097654633,0,1,1
r2.7:Fe:cn9:CCFeFeFeFeFeFeFe:sim00305,-0.19576597,0.095659517,0,1,1
r2.7:Fe:cn9:CCFeFeFeFeFeFeFe:sim00309,-0.19321808,0.098958805,0,1,1
r2.7:Fe:cn9:CCFeFeFeFeFeFeFe:sim00313,-0.18835874,0.083150618,0,1,1
r2.7:Fe:cn9:CCFeFeFeFeFeFeFe:sim00317,-0.22717083,0.096069485,0,1,1
r2.7:Fe:cn9:CCFeFeFeFeFeFeFe:sim00321,-0.17726587,0.081948616,0,1,1
r2.7:Fe:cn9:CCFeFeFeFeFeFeFe:sim00325,-0.18804441,0.073036067,0,1,1
r2.7:Fe:cn9:CCFeFeFeFeFeFeFe:sim00329,-0.18771631,0.073401734,0,1,1
r2.7:Fe:cn9:CCFeFeFeFeFeFeFe:sim00333,-0.13193783,0.065558694,0,1,1
r2.7:Fe:cn9:CCFeFeFeFeFeFeFe:sim00337,-0.17292541,0.062845945,0,1,1
r2.7:Fe:cn9:CCFeFeFeFeFeFeFe:sim00341,-0.18166158,0.049878202,0,1,1
r2.7:Fe:cn9:CCFeFeFeFeFeFeFe:sim00345,-0.18126816,0.075481318,0,1,1
r2.7:Fe:cn9:CCFeFeFeFeFeFeFe:sim00349,-0.18877104,0.074529365,0,1,1
r2.7:Fe:cn9:CCFeFeFeFeFeFeFe:sim00353,-0.1781555,0.078896433,0,1,1
r2.7:Fe:cn9:CCFeFeFeFeFeFeFe:sim00357,-0.19756301,0.061043866,0,1,1
r2.7:Fe:cn9:CCFeFeFeFeFeFeFe:sim00361,-0.22558831,0.070104569,0,1,1
r2.7:Fe:cn9:CCFeFeFeFeFeFeFe:sim00365,-0.19275817,0.070288152,0,1,1
r2.7:Fe:cn9:CCFeFeFeFeFeFeFe:sim00369,-0.18839917,0.07247813,0,1,1
r2.7:Fe:cn9:CCFeFeFeFeFeFeFe:sim00373,-0.18675792,0.075934045,0,1,1
r2.7:Fe:cn9:CCFeFeFeFeFeFeFe:sim00377,-0.18830791,0.072021417,0,1,1
r2.7:Fe:cn9:CCFeFeFeFeFeFeFe:sim00381,-0.17878582,0.086553283,0,1,1
r2.7:Fe:cn9:CCFeFeFeFeFeFeFe:sim00385,-0.20510945,0.029375277,0,1,1
r2.7:Fe:cn9:CCFeFeFeFeFeFeFe:sim00389,-0.2243911,0.06976489,0,1,1
r2.7:Fe:cn9:CCFeFeFeFeFeFeFe:sim00393,-0.18588901,0.076282628,0,1,1
r2.7:Fe:cn9:CCFeFeFeFeFeFeFe:sim00397,-0.18900597,0.073403157,0,1,1
r2.7:Fe:cn9:CCFeFeFeFeFeFeFe:sim00401,-0.18716438,0.075016052,0,1,1
r2.7:Fe:cn9:CCFeFeFeFeFeFeFe:sim00405,-0.18697275,0.074745148,0,1,1
r2.7:Fe:cn9:CCFeFeFeFeFeFeFe:sim00409,-0.18737814,0.074797086,0,1,1
r2.7:Fe:cn9:CCFeFeFeFeFeFeFe:sim00413,-0.1876808,0.075135946,0,1,1
r2.7:Fe:cn9:CCFeFeFeFeFeFeFe:sim00417,-0.18552497,0.075906239,0,1,1
r2.7:Fe:cn9:CCFeFeFeFeFeFeFe:sim00421,-0.20974332,0.083689526,0,1,1
r2.7:Fe:cn9:CCFeFeFeFeFeFeFe:sim00425,-0.19006816,0.071388252,0,1,1
r2.7:Fe:cn9:CCFeFeFeFeFeFeFe:sim00429,-0.19019334,0.071131006,0,1,1
r2.7:Fe:cn9:CCFeFeFeFeFeFeFe:sim00433,-0.19709517,0.061574038,0,1,1
r2.7:Fe:cn9:CCFeFeFeFeFeFeFe:sim00437,-0.18782221,0.073964261,0,1,1
r2.7:Fe:cn9:CCFeFeFeFeFeFeFe:sim00441,-0.15049487,0.079272918,0,1,1
r2.7:Fe:cn9:CCFeFeFeFeFeFeFe:sim00445,-0.19636112,0.069178149,0,1,1
r2.7:Fe:cn9:CCFeFeFeFeFeFeFe:sim00449,-0.19744365,0.060937602,0,1,1
r2.7:Fe:cn9:CCFeFeFeFeFeFeFe:sim00453,-0.18565962,0.042671517,0,1,1
r2.7:Fe:cn9:CCFeFeFeFeFeFeFe:sim00457,-0.17577294,0.055753388,0,1,1
r2.7:Fe:cn9:CCFeFeFeFeFeFeFe:sim00461,-0.18255369,0.047279023,0,1,1
r2.7:Fe:cn9:CCFeFeFeFeFeFeFe:sim00465,-0.19967316,0.054556217,0,1,1
r2.7:Fe:cn9:CCFeFeFeFeFeFeFe:sim00469,-0.18129811,0.049834192,0,1,1
r2.7:Fe:cn9:CCFeFeFeFeFeFeFe:sim00473,-0.18097851,0.049552642,0,1,1
r2.7:Fe:cn9:CCFeFeFeFeFeFeFe:sim00477,-0.20669912,0.087397367,0,1,1
r2.7:Fe:cn9:CCFeFeFeFeFeFeFe:sim00481,-0.22381663,0.061736073,0,1,1
r2.7:Fe:cn9:CCFeFeFeFeFeFeFe:sim00485,-0.22169521,0.070943743,0,1,1
r2.7:Fe:cn9:CCFeFeFeFeFeFeFe:sim00489,-0.26637647,0.063976921,0,1,1
r2.7:Fe:cn9:CCFeFeFeFeFeFeFe:sim00493,-0.1990215,0.075827681,0,1,1
r2.7:Fe:cn9:CCFeFeFeFeFeFeFe:sim00497,-0.18737391,0.074310318,0,1,1
r2.7:Fe:cn9:CCFeFeFeFeFeFeFe:sim00501,-0.18521537,0.067238361,0,1,1
r2.7:Fe:cn9:CCFeFeFeFeFeFeFe:sim00505,-0.18853097,0.070257507,0,1,1
r2.7:Fe:cn9:CCFeFeFeFeFeFeFe:sim00509,-0.1730253,0.074217647,0,1,1
r2.7:Fe:cn9:CCFeFeFeFeFeFeFe:sim00513,-0.19400327,0.089237072,0,1,1
r2.7:Fe:cn9:CCFeFeFeFeFeFeFe:sim00517,-0.20274393,0.089070208,0,1,1
r2.7:Fe:cn9:CCFeFeFeFeFeFeFe:sim00521,-0.18352753,0.076587886,0,1,1
r2.7:Fe:cn9:CCFeFeFeFeFeFeFe:sim00525,-0.18358363,0.076521181,0,1,1
r2.7:Fe:cn9:CCFeFeFeFeFeFeFe:sim00529,-0.1900336,0.10083943,0,1,1
r2.7:Fe:cn9:CCFeFeFeFeFeFeFe:sim00533,-0.18419951,0.075759798,0,1,1
r2.7:Fe:cn9:CCFeFeFeFeFeFeFe:sim00537,-0.18388723,0.075874597,0,1,1
r2.7:Fe:cn9:CCFeFeFeFeFeFeFe:sim00541,-0.16911721,0.06437137,0,1,1
r2.7:Fe:cn9:CCFeFeFeFeFeFeFe:sim00545,-0.17329566,0.061455987,0,1,1
r2.7:Fe:cn9:CCFeFeFeFeFeFeFe:sim00549,-0.16732246,0.0632658,0,1,1
r2.7:Fe:cn9:CCFeFeFeFeFeFeFe:sim00553,-0.1690273,0.09486255,0,1,1
r2.7:Fe:cn9:CCFeFeFeFeFeFeFe:sim00557,-0.18341963,0.076446198,0,1,1
r2.7:Fe:cn9:CCFeFeFeFeFeFeFe:sim00561,-0.18360396,0.077694505,0,1,1
r2.7:Fe:cn9:CCFeFeFeFeFeFeFe:sim00565,-0.19973251,0.033426214,0,1,1
r2.7:Fe:cn9:CCFeFeFeFeFeFeFe:sim00569,-0.17717345,0.052729268,0,1,1
r2.7:Fe:cn9:CCFeFeFeFeFeFeFe:sim00573,-0.17845158,0.08217784,0,1,1
r2.7:Fe:cn9:CCFeFeFeFeFeFeFe:sim00577,-0.18382317,0.076148249,0,1,1
r2.7:Fe:cn9:CCFeFeFeFeFeFeFe:sim00581,-0.19750701,0.087285891,0,1,1
r2.7:Fe:cn9:CCFeFeFeFeFeFeFe:sim00585,-0.18882868,0.071919054,0,1,1
r2.7:Fe:cn9:CCFeFeFeFeFeFeFe:sim00589,-0.18159528,0.069427729,0,1,1
r2.7:Fe:cn9:CCFeFeFeFeFeFeFe:sim00593,-0.18764876,0.10865463,0,1,1
r2.7:Fe:cn9:CCFeFeFeFeFeFeFe:sim00597,-0.19309026,0.0634652,0,1,1
r2.7:Fe:cn9:CCFeFeFeFeFeFeFe:sim00601,-0.18632448,0.074730165,0,1,1
r2.7:Fe:cn9:CCFeFeFeFeFeFeFe:sim00605,-0.18217565,0.0406316,0,1,1
r2.7:Fe:cn9:CCFeFeFeFeFeFeFe:sim00609,-0.15766646,0.043771058,0,1,1
r2.7:Fe:cn9:CCFeFeFeFeFeFeFe:sim00613,-0.21027268,0.080374427,0,1,1
r2.7:Fe:cn9:CCFeFeFeFeFeFeFe:sim00617,-0.1957626,0.062464751,0,1,1
r2.7:Fe:cn9:CCFeFeFeFeFeFeFe:sim00621,-0.19703946,0.098340742,0,1,1
r2.7:Fe:cn9:CCFeFeFeFeFeFeFe:sim00625,-0.18630476,0.073076263,0,1,1
r2.7:Fe:cn9:CCFeFeFeFeFeFeFe:sim00629,-0.18633522,0.072923973,0,1,1
r2.7:Fe:cn9:CCFeFeFeFeFeFeFe:sim00633,-0.20901607,0.0918025,0,1,1
r2.7:Fe:cn9:CCFeFeFeFeFeFeFe:sim00637,-0.18569531,0.077931881,0,1,1
r2.7:Fe:cn9:CCFeFeFeFeFeFeFe:sim00641,-0.1867144,0.074560113,0,1,1
r2.7:Fe:cn9:CCFeFeFeFeFeFeFe:sim00645,-0.18664968,0.073277563,0,1,1
r2.7:Fe:cn9:CCFeFeFeFeFeFeFe:sim00649,-0.18702322,0.073203556,0,1,1
r2.7:Fe:cn9:CCFeFeFeFeFeFeFe:sim00653,-0.17515694,0.080525793,0,1,1
r2.7:Fe:cn9:CCFeFeFeFeFeFeFe:sim00657,-0.1758959,0.077344418,0,1,1
r2.7:Fe:cn9:CCFeFeFeFeFeFeFe:sim00661,-0.18662514,0.07367406,0,1,1
r2.7:Fe:cn9:CCFeFeFeFeFeFeFe:sim00665,-0.19262488,0.071008071,0,1,1
r2.7:Fe:cn9:CCFeFeFeFeFeFeFe:sim00669,-0.18733205,0.066887289,0,1,1
r2.7:Fe:cn9:CCFeFeFeFeFeFeFe:sim00673,-0.19707309,0.09767215,0,1,1
r2.7:Fe:cn9:CCFeFeFeFeFeFeFe:sim00677,-0.1864287,0.074278228,0,1,1
r2.7:Fe:cn9:CCFeFeFeFeFeFeFe:sim00681,-0.18611868,0.074986778,0,1,1
r2.7:Fe:cn9:CCFeFeFeFeFeFeFe:sim00685,-0.18590008,0.071622498,0,1,1
r2.7:Fe:cn9:CCFeFeFeFeFeFeFe:sim00689,-0.18635853,0.07504224,0,1,1
r2.7:Fe:cn9:CCFeFeFeFeFeFeFe:sim00693,-0.18670759,0.074639812,0,1,1
r2.7:Fe:cn9:CCFeFeFeFeFeFeFe:sim00697,-0.18619458,0.074385904,0,1,1
r2.7:Fe:cn9:CCFeFeFeFeFeFeFe:sim00701,-0.21851307,0.067441911,0,1,1
r2.7:Fe:cn9:CCFeFeFeFeFeFeFe:sim00705,-0.16972467,0.082384534,0,1,1
r2.7:Fe:cn9:CCFeFeFeFeFeFeFe:sim00709,-0.16445231,0.068508118,0,1,1
r2.7:Fe:cn9:CCFeFeFeFeFeFeFe:sim00713,-0.17682436,0.072227031,0,1,1
r2.7:Fe:cn9:CCFeFeFeFeFeFeFe:sim00717,-0.19767216,0.069912039,0,1,1
r2.7:Fe:cn9:CCFeFeFeFeFeFeFe:sim00721,-0.1874911,0.074650653,0,1,1
r2.7:Fe:cn9:CCFeFeFeFeFeFeFe:sim00725,-0.19055736,0.07067313,0,1,1
r2.7:Fe:cn9:CCFeFeFeFeFeFeFe:sim00729,-0.18929382,0.072540924,0,1,1
r2.7:Fe:cn9:CCFeFeFeFeFeFeFe:sim00733,-0.16281874,0.070554107,0,1,1
r2.7:Fe:cn9:CCFeFeFeFeFeFeFe:sim00737,-0.19435832,0.066470504,0,1,1
r2.7:Fe:cn9:CCFeFeFeFeFeFeFe:sim00741,-0.18479632,0.075678408,0,1,1
r2.7:Fe:cn9:CCFeFeFeFeFeFeFe:sim00745,-0.18698582,0.073986441,0,1,1
r2.7:Fe:cn9:CCFeFeFeFeFeFeFe:sim00749,-0.19649792,0.060526859,0,1,1
r2.7:Fe:cn9:CCFeFeFeFeFeFeFe:sim00753,-0.15900406,0.073652782,0,1,1
r2.7:Fe:cn9:CCFeFeFeFeFeFeFe:sim00757,-0.20781057,0.084708102,0,1,1
r2.7:Fe:cn9:CCFeFeFeFeFeFeFe:sim00761,-0.17340438,0.087432928,0,1,1
r2.7:Fe:cn9:CCFeFeFeFeFeFeFe:sim00765,-0.18755963,0.073824301,0,1,1
r2.7:Fe:cn9:CCFeFeFeFeFeFeFe:sim00769,-0.20911761,0.095047176,0,1,1
r2.7:Fe:cn9:CCFeFeFeFeFeFeFe:sim00773,-0.16467106,0.053117078,0,1,1
r2.7:Fe:cn9:CCFeFeFeFeFeFeFe:sim00777,-0.18937941,0.068602853,0,1,1
r2.7:Fe:cn9:CCFeFeFeFeFeFeFe:sim00781,-0.18739815,0.074317716,0,1,1
r2.7:Fe:cn9:CCFeFeFeFeFeFeFe:sim00785,-0.1868808,0.076511003,0,1,1
r2.7:Fe:cn9:CCFeFeFeFeFeFeFe:sim00789,-0.19303444,0.098647512,0,1,1
r2.7:Fe:cn9:CCFeFeFeFeFeFeFe:sim00793,-0.17324632,0.089960732,0,1,1
r2.7:Fe:cn9:CCFeFeFeFeFeFeFe:sim00797,-0.20826788,0.086336374,0,1,1
r2.7:Fe:cn9:CCFeFeFeFeFeFeFe:sim00801,-0.16017051,0.06761729,0,1,1
r2.7:Fe:cn9:CCFeFeFeFeFeFeFe:sim00805,-0.15682803,0.072140351,0,1,1
r2.7:Fe:cn9:CCFeFeFeFeFeFeFe:sim00809,-0.15696953,0.071600929,0,1,1
r2.7:Fe:cn9:CCFeFeFeFeFeFeFe:sim00813,-0.15491238,0.075854272,0,1,1
r2.7:Fe:cn9:CCFeFeFeFeFeFeFe:sim00817,-0.15758125,0.068715028,0,1,1
r2.7:Fe:cn9:CCFeFeFeFeFeFeFe:sim00821,-0.17828707,0.083908968,0,1,1
r2.7:Fe:cn9:CCFeFeFeFeFeFeFe:sim00825,-0.17813091,0.083578825,0,1,1
r2.7:Fe:cn9:CCFeFeFeFeFeFeFe:sim00829,-0.18873569,0.085776292,0,1,1
r2.7:Fe:cn9:CCFeFeFeFeFeFeFe:sim00833,-0.18379818,0.014715182,0,1,1
r2.7:Fe:cn9:CCFeFeFeFeFeFeFe:sim00837,-0.16692069,0.058820743,0,1,1
r2.7:Fe:cn9:CCFeFeFeFeFeFeFe:sim00841,-0.13528754,0.049468968,0,1,1
r2.7:Fe:cn9:CCFeFeFeFeFeFeFe:sim00845,-0.15823813,0.071361877,0,1,1
r2.7:Fe:cn9:CCFeFeFeFeFeFeFe:sim00849,-0.13803361,0.059335347,0,1,1
r2.7:Fe:cn9:CCFeFeFeFeFeFeFe:sim00853,-0.14547735,0.070081092,0,1,1
r2.7:Fe:cn9:CCFeFeFeFeFeFeFe:sim00857,-0.14790557,0.069475092,0,1,1
r2.7:Fe:cn9:CCFeFeFeFeFeFeFe:sim00861,-0.15796487,0.071982026,0,1,1
r2.7:Fe:cn9:CCFeFeFeFeFeFeFe:sim00865,-0.15198006,0.046997663,0,1,1
r2.7:Fe:cn9:CCFeFeFeFeFeFeFe:sim00869,-0.13515225,0.050285775,0,1,1
r2.7:Fe:cn9:CCFeFeFeFeFeFeFe:sim00873,-0.15657042,0.080540739,0,1,1
r2.7:Fe:cn9:CCFeFeFeFeFeFeFe:sim00877,-0.15691483,0.08023756,0,1,1
r2.7:Fe:cn9:CCFeFeFeFeFeFeFe:sim00881,-0.15113501,0.07846944,0,1,1
r2.7:Fe:cn9:CFeFeFeFeFeFeFeFe:sim00002,-0.076995172,0.078897536,0,1,1
r2.7:Fe:cn9:CFeFeFeFeFeFeFeFe:sim00006,-0.09147419,0.040925883,0,1,1
r2.7:Fe:cn9:CFeFeFeFeFeFeFeFe:sim00010,-0.089232273,0.075133577,0,1,1
r2.7:Fe:cn9:CFeFeFeFeFeFeFeFe:sim00014,-0.10915835,0.057043977,0,1,1
r2.7:Fe:cn9:CFeFeFeFeFeFeFeFe:sim00018,-0.094552979,0.097001553,0,1,1
r2.7:Fe:cn9:CFeFeFeFeFeFeFeFe:sim00022,-0.10573415,0.095349021,0,1,1
r2.7:Fe:cn9:CFeFeFeFeFeFeFeFe:sim00026,-0.092171326,0.11055494,0,1,1
r2.7:Fe:cn9:CFeFeFeFeFeFeFeFe:sim00030,-0.10300987,0.12453333,0,1,1
r2.7:Fe:cn9:CFeFeFeFeFeFeFeFe:sim00034,-0.098280214,0.10203344,0,1,1
r2.7:Fe:cn9:CFeFeFeFeFeFeFeFe:sim00038,-0.096629061,0.096368469,0,1,1
r2.7:Fe:cn9:CFeFeFeFeFeFeFeFe:sim00042,-0.10030814,0.099125721,0,1,1
r2.7:Fe:cn9:CFeFeFeFeFeFeFeFe:sim00046,-0.092601053,0.079807721,0,1,1
r2.7:Fe:cn9:CFeFeFeFeFeFeFeFe:sim00050,-0.095466666,0.095692948,0,1,1
r2.7:Fe:cn9:CFeFeFeFeFeFeFeFe:sim00054,-0.068839304,0.1096943,0,1,1
r2.7:Fe:cn9:CFeFeFeFeFeFeFeFe:sim00058,-0.094426923,0.10375911,0,1,1
r2.7:Fe:cn9:CFeFeFeFeFeFeFeFe:sim00062,-0.096950099,0.10091811,0,1,1
r2.7:Fe:cn9:CFeFeFeFeFeFeFeFe:sim00066,-0.097012684,0.10234234,0,1,1
r2.7:Fe:cn9:CFeFeFeFeFeFeFeFe:sim00070,-0.093901962,0.10460088,0,1,1
r2.7:Fe:cn9:CFeFeFeFeFeFeFeFe:sim00074,-0.1246755,0.10028551,0,1,1
r2.7:Fe:cn9:CFeFeFeFeFeFeFeFe:sim00078,-0.10266796,0.12463668,0,1,1
r2.7:Fe:cn9:CFeFeFeFeFeFeFeFe:sim00082,-0.088687234,0.11081421,0,1,1
r2.7:Fe:cn9:CFeFeFeFeFeFeFeFe:sim00086,-0.070439696,0.099916987,0,1,1
r2.7:Fe:cn9:CFeFeFeFeFeFeFeFe:sim00090,-0.1010133,0.10014966,0,1,1
r2.7:Fe:cn9:CFeFeFeFeFeFeFeFe:sim00094,-0.09535715,0.10260702,0,1,1
r2.7:Fe:cn9:CFeFeFeFeFeFeFeFe:sim00098,-0.091430992,0.10419335,0,1,1
r2.7:Fe:cn9:CFeFeFeFeFeFeFeFe:sim00102,-0.11177923,0.093739897,0,1,1
r2.7:Fe:cn9:CFeFeFeFeFeFeFeFe:sim00106,-0.089193434,0.074937113,0,1,1
r2.7:Fe:cn9:CFeFeFeFeFeFeFeFe:sim00110,-0.10551538,0.12823634,0,1,1
r2.7:Fe:cn9:CFeFeFeFeFeFeFeFe:sim00114,-0.10016552,0.13137159,0,1,1
r2.7:Fe:cn9:CFeFeFeFeFeFeFeFe:sim00118,-0.10590512,0.12796368,0,1,1
r2.7:Fe:cn9:CFeFeFeFeFeFeFeFe:sim00122,-0.11431953,0.11455978,0,1,1
r2.7:Fe:cn9:CFeFeFeFeFeFeFeFe:sim00126,-0.11501545,0.11617386,0,1,1
r2.7:Fe:cn9:CFeFeFeFeFeFeFeFe:sim00130,-0.12004525,0.11448967,0,1,1
r2.7:Fe:cn9:CFeFeFeFeFeFeFeFe:sim00134,-0.11585943,0.11478101,0,1,1
r2.7:Fe:cn9:CFeFeFeFeFeFeFeFe:sim00138,-0.11560018,0.11603928,0,1,1
r2.7:Fe:cn9:CFeFeFeFeFeFeFeFe:sim00142,-0.13073407,0.084390581,0,1,1
r2.7:Fe:cn9:CFeFeFeFeFeFeFeFe:sim00146,-0.11858272,0.064119987,0,1,1
r2.7:Fe:cn9:CFeFeFeFeFeFeFeFe:sim00150,-0.13529456,0.089271702,0,1,1
r2.7:Fe:cn9:CFeFeFeFeFeFeFeFe:sim00154,-0.11801538,0.11259654,0,1,1
r2.7:Fe:cn9:CFeFeFeFeFeFeFeFe:sim00158,-0.15313739,0.098656431,0,1,1
r2.7:Fe:cn9:CFeFeFeFeFeFeFeFe:sim00162,-0.092514113,0.11033578,0,1,1
r2.7:Fe:cn9:CFeFeFeFeFeFeFeFe:sim00166,-0.10449363,0.12505642,0,1,1
r2.7:Fe:cn9:CFeFeFeFeFeFeFeFe:sim00170,-0.11782911,0.11497194,0,1,1
r2.7:Fe:cn9:CFeFeFeFeFeFeFeFe:sim00174,-0.11659548,0.11551359,0,1,1
r2.7:Fe:cn9:CFeFeFeFeFeFeFeFe:sim00178,-0.11353026,0.11806109,0,1,1
r2.7:Fe:cn9:CFeFeFeFeFeFeFeFe:sim00182,-0.11043442,0.11779637,0,1,1
r2.7:Fe:cn9:CFeFeFeFeFeFeFeFe:sim00186,-0.11453696,0.1171926,0,1,1
r2.7:Fe:cn9:CFeFeFeFeFeFeFeFe:sim00190,-0.11726608,0.15347493,0,1,1
r2.7:Fe:cn9:CFeFeFeFeFeFeFeFe:sim00194,-0.075838216,0.13336632,0,1,1
r2.7:Fe:cn9:CFeFeFeFeFeFeFeFe:sim00198,-0.11359286,0.12437358,0,1,1
r2.7:Fe:cn9:CFeFeFeFeFeFeFeFe:sim00202,-0.11777709,0.11958619,0,1,1
r2.7:Fe:cn9:CFeFeFeFeFeFeFeFe:sim00206,-0.11875816,0.11808458,0,1,1
r2.7:Fe:cn9:CFeFeFeFeFeFeFeFe:sim00210,-0.10456514,0.13164978,0,1,1
r2.7:Fe:cn9:CFeFeFeFeFeFeFeFe:sim00214,-0.13483086,0.13144575,0,1,1
r2.7:Fe:cn9:CFeFeFeFeFeFeFeFe:sim00218,-0.10231777,0.10570797,0,1,1
r2.7:Fe:cn9:CFeFeFeFeFeFeFeFe:sim00222,-0.12605287,0.11455459,0,1,1
r2.7:Fe:cn9:CFeFeFeFeFeFeFeFe:sim00226,-0.11773559,0.1196868,0,1,1
r2.7:Fe:cn9:CFeFeFeFeFeFeFeFe:sim00230,-0.10868746,0.086709261,0,1,1
r2.7:Fe:cn9:CFeFeFeFeFeFeFeFe:sim00234,-0.12011451,0.11681839,0,1,1
r2.7:Fe:cn9:CFeFeFeFeFeFeFeFe:sim00238,-0.11977514,0.11704756,0,1,1
r2.7:Fe:cn9:CFeFeFeFeFeFeFeFe:sim00242,-0.11378669,0.090666875,0,1,1
r2.7:Fe:cn9:CFeFeFeFeFeFeFeFe:sim00246,-0.11356431,0.090875924,0,1,1
r2.7:Fe:cn9:CFeFeFeFeFeFeFeFe:sim00250,-0.11866981,0.11916257,0,1,1
r2.7:Fe:cn9:CFeFeFeFeFeFeFeFe:sim00254,-0.12147831,0.11661424,0,1,1
r2.7:Fe:cn9:CFeFeFeFeFeFeFeFe:sim00258,-0.11357198,0.09726499,0,1,1
r2.7:Fe:cn9:CFeFeFeFeFeFeFeFe:sim00262,-0.13079749,0.12052416,0,1,1
r2.7:Fe:cn9:CFeFeFeFeFeFeFeFe:sim00266,-0.12158309,0.11864644,0,1,1
r2.7:Fe:cn9:CFeFeFeFeFeFeFeFe:sim00270,-0.11734654,0.11966593,0,1,1
r2.7:Fe:cn9:CFeFeFeFeFeFeFeFe:sim00274,-0.12265679,0.11437731,0,1,1
r2.7:Fe:cn9:CFeFeFeFeFeFeFeFe:sim00278,-0.11971022,0.11791874,0,1,1
r2.7:Fe:cn9:CFeFeFeFeFeFeFeFe:sim00282,-0.13492978,0.13146427,0,1,1
r2.7:Fe:cn9:CFeFeFeFeFeFeFeFe:sim00286,-0.11773982,0.11979702,0,1,1
r2.7:Fe:cn9:CFeFeFeFeFeFeFeFe:sim00290,-0.11773843,0.11827868,0,1,1
r2.7:Fe:cn9:CFeFeFeFeFeFeFeFe:sim00294,-0.12551063,0.11317869,0,1,1
r2.7:Fe:cn9:CFeFeFeFeFeFeFeFe:sim00298,-0.12127907,0.11850835,0,1,1
r2.7:Fe:cn9:CFeFeFeFeFeFeFeFe:sim00302,-0.12865631,0.14557695,0,1,1
r2.7:Fe:cn9:CFeFeFeFeFeFeFeFe:sim00306,-0.11962521,0.144692,0,1,1
r2.7:Fe:cn9:CFeFeFeFeFeFeFeFe:sim00310,-0.12347271,0.1207708,0,1,1
r2.7:Fe:cn9:CFeFeFeFeFeFeFeFe:sim00314,-0.12908274,0.12024462,0,1,1
r2.7:Fe:cn9:CFeFeFeFeFeFeFeFe:sim00318,-0.11388435,0.13320956,0,1,1
r2.7:Fe:cn9:CFeFeFeFeFeFeFeFe:sim00322,-0.11737051,0.12312931,0,1,1
r2.7:Fe:cn9:CFeFeFeFeFeFeFeFe:sim00326,-0.11861673,0.12075009,0,1,1
r2.7:Fe:cn9:CFeFeFeFeFeFeFeFe:sim00330,-0.1009681,0.1096708,0,1,1
r2.7:Fe:cn9:CFeFeFeFeFeFeFeFe:sim00334,-0.14482129,0.11938156,0,1,1
r2.7:Fe:cn9:CFeFeFeFeFeFeFeFe:sim00338,-0.11808169,0.12113535,0,1,1
r2.7:Fe:cn9:CFeFeFeFeFeFeFeFe:sim00342,-0.13016179,0.10524131,0,1,1
r2.7:Fe:cn9:CFeFeFeFeFeFeFeFe:sim00346,-0.12737404,0.11001849,0,1,1
r2.7:Fe:cn9:CFeFeFeFeFeFeFeFe:sim00350,-0.10057149,0.11008659,0,1,1
r2.7:Fe:cn9:CFeFeFeFeFeFeFeFe:sim00354,-0.11793883,0.12375494,0,1,1
r2.7:Fe:cn9:CFeFeFeFeFeFeFeFe:sim00358,-0.12213067,0.12010957,0,1,1
r2.7:Fe:cn9:CFeFeFeFeFeFeFeFe:sim00362,-0.11742588,0.12251695,0,1,1
r2.7:Fe:cn9:CFeFeFeFeFeFeFeFe:sim00366,-0.12293577,0.11934077,0,1,1
r2.7:Fe:cn9:CFeFeFeFeFeFeFeFe:sim00370,-0.11803425,0.12162469,0,1,1
r2.7:Fe:cn9:CFeFeFeFeFeFeFeFe:sim00374,-0.10878474,0.11955626,0,1,1
r2.7:Fe:cn9:CFeFeFeFeFeFeFeFe:sim00378,-0.12019886,0.11820456,0,1,1
r2.7:Fe:cn9:CFeFeFeFeFeFeFeFe:sim00382,-0.11834323,0.12152022,0,1,1
r2.7:Fe:cn9:CFeFeFeFeFeFeFeFe:sim00386,-0.11849678,0.12125178,0,1,1
r2.7:Fe:cn9:CFeFeFeFeFeFeFeFe:sim00390,-0.10077973,0.10991897,0,1,1
r2.7:Fe:cn9:CFeFeFeFeFeFeFeFe:sim00394,-0.11423883,0.12681773,0,1,1
r2.7:Fe:cn9:CFeFeFeFeFeFeFeFe:sim00398,-0.12092538,0.11827795,0,1,1
r2.7:Fe:cn9:CFeFeFeFeFeFeFeFe:sim00402,-0.11938864,0.12130827,0,1,1
r2.7:Fe:cn9:CFeFeFeFeFeFeFeFe:sim00406,-0.11864543,0.12081481,0,1,1
r2.7:Fe:cn9:CFeFeFeFeFeFeFeFe:sim00410,-0.12823182,0.10738456,0,1,1
r2.7:Fe:cn9:CFeFeFeFeFeFeFeFe:sim00414,-0.11708188,0.12256568,0,1,1
r2.7:Fe:cn9:CFeFeFeFeFeFeFeFe:sim00418,-0.13023652,0.13280913,0,1,1
r2.7:Fe:cn9:CFeFeFeFeFeFeFeFe:sim00422,-0.12233067,0.11699245,0,1,1
r2.7:Fe:cn9:CFeFeFeFeFeFeFeFe:sim00426,-0.11600532,0.12494373,0,1,1
r2.7:Fe:cn9:FeFeFeFeFeFeFeFeFe:sim00004,-0.048264716,0.10441654,0,1,1
r2.7:Fe:cn9:FeFeFeFeFeFeFeFeFe:sim00008,-0.024061229,0.10192478,0,1,1
r2.7:Fe:cn9:FeFeFeFeFeFeFeFeFe:sim00012,-0.064270101,0.11884923,0,1,1
r2.7:Fe:cn9:FeFeFeFeFeFeFeFeFe:sim00016,-0.06666211,0.11242592,0,1,1
r2.7:Fe:cn9:FeFeFeFeFeFeFeFeFe:sim00020,-0.065862916,0.12203439,0,1,1
r2.7:Fe:cn9:FeFeFeFeFeFeFeFeFe:sim00024,-0.062182959,0.096455015,0,1,1
r2.7:Fe:cn9:FeFeFeFeFeFeFeFeFe:sim00028,-0.066081323,0.12204515,0,1,1
r2.7:Fe:cn9:FeFeFeFeFeFeFeFeFe:sim00032,-0.066621356,0.1233532,0,1,1
r2.7:Fe:cn9:FeFeFeFeFeFeFeFeFe:sim00036,-0.071002156,0.12109017,0,1,1
r2.7:Fe:cn9:FeFeFeFeFeFeFeFeFe:sim00040,-0.06642884,0.12411576,0,1,1
r2.7:Fe:cn9:FeFeFeFeFeFeFeFeFe:sim00044,-0.067149192,0.12425162,0,1,1
r2.7:Fe:cn9:FeFeFeFeFeFeFeFeFe:sim00048,-0.095491864,0.12109193,0,1,1
r2.7:Fe:cn9:FeFeFeFeFeFeFeFeFe:sim00052,-0.063423201,0.12542921,0,1,1
r2.7:Fe:cn9:FeFeFeFeFeFeFeFeFe:sim00056,-0.063319907,0.12665437,0,1,1
r3.0:C:cn10:CCCCFeFeFeFeFeFe:sim00003,0.11414931,-0.43519634,0,1,1
r3.0:C:cn10:CCCCFeFeFeFeFeFe:sim00007,0.11400361,-0.43531436,0,1,1
r3.0:C:cn10:CCCCFeFeFeFeFeFe:sim00011,0.11085378,-0.40618885,0,1,1
r3.0:C:cn10:CCCCFeFeFeFeFeFe:sim00015,0.10985525,-0.40688136,0,1,1
r3.0:C:cn10:CCCCFeFeFeFeFeFe:sim00019,0.10081217,-0.40791908,0,1,1
r3.0:C:cn10:CCCCFeFeFeFeFeFe:sim00023,0.084147528,-0.41542748,0,1,1
r3.0:C:cn10:CCCCFeFeFeFeFeFe:sim00027,0.090273537,-0.44395116,0,1,1
r3.0:C:cn10:CCCCFeFeFeFeFeFe:sim00031,0.098477364,-0.45259714,0,1,1
r3.0:C:cn10:CCCCFeFeFeFeFeFe:sim00035,0.08724051,-0.3827579,0,1,1
r3.0:C:cn10:CCCCFeFeFeFeFeFe:sim00039,0.073089764,-0.42708951,0,1,1
r3.0:C:cn10:CCCCFeFeFeFeFeFe:sim00043,0.092731886,-0.4087657,0,1,1
r3.0:C:cn10:CCCCFeFeFeFeFeFe:sim00047,0.091129281,-0.40979859,0,1,1
r3.0:C:cn10:CCCCFeFeFeFeFeFe:sim00051,0.075995564,-0.39457679,0,1,1
r3.0:C:cn10:CCCCFeFeFeFeFeFe:sim00055,0.098012678,-0.40484166,0,1,1
r3.0:C:cn10:CCCCFeFeFeFeFeFe:sim00059,0.095850334,-0.40752232,0,1,1
r3.0:C:cn10:CCCCFeFeFeFeFeFe:sim00063,0.078001395,-0.41771764,0,1,1
r3.0:C:cn10:CCCCFeFeFeFeFeFe:sim00067,0.091536082,-0.4093833,0,1,1
r3.0:C:cn10:CCCCFeFeFeFeFeFe:sim00071,0.070399478,-0.42253965,0,1,1
r3.0:C:cn10:CCCCFeFeFeFeFeFe:sim00075,0.088655308,-0.41188768,0,1,1
r3.0:C:cn10:CCCCFeFeFeFeFeFe:sim00079,0.08976946,-0.40998113,0,1,1
r3.0:C:cn10:CCCCFeFeFeFeFeFe:sim00083,0.13047728,-0.43667868,0,1,1
r3.0:C:cn10:CCCCFeFeFeFeFeFe:sim00087,0.13125698,-0.40777212,0,1,1
r3.0:C:cn10:CCCCFeFeFeFeFeFe:sim00091,0.086820684,-0.41026744,0,1,1
r3.0:C:cn10:CCCCFeFeFeFeFeFe:sim00095,0.097411938,-0.4353517,0,1,1
r3.0:C:cn10:CCCCFeFeFeFeFeFe:sim00099,0.071881391,-0.40096357,0,1,1
r3.0:C:cn10:CCCCFeFeFeFeFeFe:sim00103,0.052420173,-0.40195745,0,1,1
r3.0:C:cn10:CCCCFeFeFeFeFeFe:sim00107,0.072787315,-0.41430753,0,1,1
r3.0:C:cn10:CCCCFeFeFeFeFeFe:sim00111,0.084615335,-0.37731525,0,1,1
r3.0:C:cn10:CCCCFeFeFeFeFeFe:sim00115,0.084310472,-0.37861282,0,1,1
r3.0:C:cn10:CCCCFeFeFeFeFeFe:sim00119,0.08907146,-0.36872083,0,1,1
r3.0:C:cn10:CCCCFeFeFeFeFeFe:sim00123,0.10442964,-0.38824183,0,1,1
r3.0:C:cn10:CCCCFeFeFeFeFeFe:sim00127,0.069001399,-0.38774496,0,1,1
r3.0:C:cn10:CCCCFeFeFeFeFeFe:sim00131,0.064738475,-0.3893159,0,1,1
r3.0:C:cn10:CCCCFeFeFeFeFeFe:sim00135,0.067914508,-0.38806024,0,1,1
r3.0:C:cn10:CCCFeFeFeFeFeFeFe:sim00001,0.1526939,-0.32935682,0,1,1
r3.0:C:cn10:CCCFeFeFeFeFeFeFe:sim00005,0.15554883,-0.3183862,0,1,1
r3.0:C:cn10:CCCFeFeFeFeFeFeFe:sim00009,0.15428674,-0.31945631,0,1,1
r3.0:C:cn10:CCCFeFeFeFeFeFeFe:sim00013,0.1182479,-0.28769177,0,1,1
r3.0:C:cn10:CCCFeFeFeFeFeFeFe:sim00017,0.13244164,-0.30325514,0,1,1
r3.0:C:cn10:CCCFeFeFeFeFeFeFe:sim00021,0.13204788,-0.2977657,0,1,1
r3.0:C:cn10:CCCFeFeFeFeFeFeFe:sim00025,0.13136394,-0.29797918,0,1,1
r3.0:C:cn10:CCCFeFeFeFeFeFeFe:sim00029,0.13143747,-0.29773262,0,1,1
r3.0:C:cn10:CCCFeFeFeFeFeFeFe:sim00033,0.13115591,-0.29569373,0,1,1
r3.0:C:cn10:CCCFeFeFeFeFeFeFe:sim00037,0.13112642,-0.29602674,0,1,1
r3.0:C:cn10:CCCFeFeFeFeFeFeFe:sim00041,0.1341835,-0.29333878,0,1,1
r3.0:C:cn10:CCCFeFeFeFeFeFeFe:sim00045,0.14686015,-0.3105824,0,1,1
r3.0:C:cn10:CCCFeFeFeFeFeFeFe:sim00049,0.1308213,-0.29609543,0,1,1
r3.0:C:cn10:CCCFeFeFeFeFeFeFe:sim00053,0.13206486,-0.30116147,0,1,1
r3.0:C:cn10:CCCFeFeFeFeFeFeFe:sim00057,0.13490912,-0.29408783,0,1,1
r3.0:C:cn10:CCCFeFeFeFeFeFeFe:sim00061,0.11877874,-0.3050687,0,1,1
r3.0:C:cn10:CCCFeFeFeFeFeFeFe:sim00065,0.11724374,-0.26920843,0,1,1
r3.0:C:cn10:CCCFeFeFeFeFeFeFe:sim00069,0.12649308,-0.29909924,0,1,1
r3.0:C:cn10:CCCFeFeFeFeFeFeFe:sim00073,0.12544595,-0.29969078,0,1,1
r3.0:C:cn10:CCCFeFeFeFeFeFeFe:sim00077,0.1309832,-0.29597831,0,1,1
r3.0:C:cn10:CCCFeFeFeFeFeFeFe:sim00081,0.16535766,-0.29728216,0,1,1
r3.0:C:cn10:CCCFeFeFeFeFeFeFe:sim00085,0.17177095,-0.30097893,0,1,1
r3.0:C:cn10:CCCFeFeFeFeFeFeFe:sim00089,0.1654778,-0.29733288,0,1,1
r3.0:C:cn10:CCCFeFeFeFeFeFeFe:sim00093,0.13842769,-0.31166404,0,1,1
r3.0:C:cn10:CCCFeFeFeFeFeFeFe:sim00097,0.15702282,-0.3048324,0,1,1
r3.0:C:cn10:CCCFeFeFeFeFeFeFe:sim00101,0.095969275,-0.31471798,0,1,1
r3.0:C:cn10:CCCFeFeFeFeFeFeFe:sim00105,0.11462753,-0.30157399,0,1,1
r3.0:C:cn10:CCCFeFeFeFeFeFeFe:sim00109,0.11453854,-0.30175489,0,1,1
r3.0:C:cn10:CCCFeFeFeFeFeFeFe:sim00113,0.12458936,-0.2659269,0,1,1
r3.0:C:cn10:CCCFeFeFeFeFeFeFe:sim00117,0.11258738,-0.2404325,0,1,1
r3.0:C:cn10:CCCFeFeFeFeFeFeFe:sim00121,0.10639719,-0.27828699,0,1,1
r3.0:C:cn10:CCCFeFeFeFeFeFeFe:sim00125,0.11154146,-0.27634335,0,1,1
r3.0:C:cn10:CCCFeFeFeFeFeFeFe:sim00129,0.1114063,-0.27668512,0,1,1
r3.0:C:cn10:CCCFeFeFeFeFeFeFe:sim00133,0.11213613,-0.27659237,0,1,1
r3.0:C:cn10:CCCFeFeFeFeFeFeFe:sim00137,0.072157077,-0.2782273,0,1,1
r3.0:C:cn10:CCCFeFeFeFeFeFeFe:sim00141,0.05309483,-0.32136706,0,1,1
r3.0:C:cn10:CCCFeFeFeFeFeFeFe:sim00145,0.066163734,-0.35260093,0,1,1
r3.0:C:cn10:CCCFeFeFeFeFeFeFe:sim00149,0.08147417,-0.32783094,0,1,1
r3.0:C:cn10:CCCFeFeFeFeFeFeFe:sim00153,0.13190366,-0.30550331,0,1,1
r3.0:C:cn10:CCCFeFeFeFeFeFeFe:sim00157,0.11099236,-0.27670586,0,1,1
r3.0:C:cn10:CCCFeFeFeFeFeFeFe:sim00161,0.12160237,-0.2639119,0,1,1
r3.0:C:cn10:CCCFeFeFeFeFeFeFe:sim00165,0.090628318,-0.26596159,0,1,1
r3.0:C:cn10:CCCFeFeFeFeFeFeFe:sim00169,0.12046255,-0.2723954,0,1,1
r3.0:C:cn10:CCCFeFeFeFeFeFeFe:sim00173,0.11535003,-0.27245903,0,1,1
r3.0:C:cn10:CCCFeFeFeFeFeFeFe:sim00177,0.10912606,-0.27735475,0,1,1
r3.0:C:cn10:CCCFeFeFeFeFeFeFe:sim00181,0.11090053,-0.27629694,0,1,1
r3.0:C:cn10:CCCFeFeFeFeFeFeFe:sim00185,0.14911886,-0.27353212,0,1,1
r3.0:C:cn10:CCCFeFeFeFeFeFeFe:sim00189,0.1124322,-0.27391332,0,1,1
r3.0:C:cn10:CCCFeFeFeFeFeFeFe:sim00193,0.12122355,-0.2636404,0,1,1
r3.0:C:cn10:CCCFeFeFeFeFeFeFe:sim00197,0.11805434,-0.26008555,0,1,1
r3.0:C:cn10:CCCFeFeFeFeFeFeFe:sim00201,0.10769321,-0.27317467,0,1,1
r3.0:C:cn10:CCCFeFeFeFeFeFeFe:sim00205,0.11113898,-0.29797181,0,1,1
r3.0:C:cn10:CCCFeFeFeFeFeFeFe:sim00209,0.11245921,-0.271238,0,1,1
r3.0:C:cn10:CCCFeFeFeFeFeFeFe:sim00213,0.10903076,-0.27310416,0,1,1
r3.0:C:cn10:CCCFeFeFeFeFeFeFe:sim00217,0.1096338,-0.27833593,0,1,1
r3.0:C:cn10:CCCFeFeFeFeFeFeFe:sim00221,0.10380083,-0.28121573,0,1,1
r3.0:C:cn10:CCCFeFeFeFeFeFeFe:sim00225,0.10803757,-0.27271134,0,1,1
r3.0:C:cn10:CCCFeFeFeFeFeFeFe:sim00229,0.097689472,-0.27191016,0,1,1
r3.0:C:cn10:CCCFeFeFeFeFeFeFe:sim00233,0.10505657,-0.2757597,0,1,1
r3.0:C:cn10:CCCFeFeFeFeFeFeFe:sim00237,0.085296094,-0.32166258,0,1,1
r3.0:C:cn10:CCCFeFeFeFeFeFeFe:sim00241,0.10709959,-0.30500019,0,1,1
r3.0:C:cn10:CCCFeFeFeFeFeFeFe:sim00245,0.083723754,-0.29580343,0,1,1
r3.0:C:cn10:CCCFeFeFeFeFeFeFe:sim00249,0.10737079,-0.30488756,0,1,1
r3.0:C:cn10:CCCFeFeFeFeFeFeFe:sim00253,0.09409406,-0.28289539,0,1,1
r3.0:C:cn10:CCCFeFeFeFeFeFeFe:sim00257,0.10797255,-0.27604124,0,1,1
r3.0:C:cn10:CCCFeFeFeFeFeFeFe:sim00261,0.10364717,-0.27420089,0,1,1
r3.0:C:cn10:CCCFeFeFeFeFeFeFe:sim00265,0.11377355,-0.30895886,0,1,1
r3.0:C:cn10:CCCFeFeFeFeFeFeFe:sim00269,0.10324421,-0.27444929,0,1,1
r3.0:C:cn10:CCCFeFeFeFeFeFeFe:sim00273,0.10134908,-0.27626047,0,1,1
r3.0:C:cn10:CCCFeFeFeFeFeFeFe:sim00277,0.10772092,-0.27274427,0,1,1
r3.0:C:cn10:CCCFeFeFeFeFeFeFe:sim00281,0.082383849,-0.28743154,0,1,1
r3.0:C:cn10:CCCFeFeFeFeFeFeFe:sim00285,0.11062866,-0.27321449,0,1,1
r3.0:C:cn10:CCCFeFeFeFeFeFeFe:sim00289,0.10324506,-0.27476016,0,1,1
r3.0:C:cn10:CCCFeFeFeFeFeFeFe:sim00293,0.11141877,-0.29725268,0,1,1
r3.0:C:cn10:CCCFeFeFeFeFeFeFe:sim00297,0.11082324,-0.26878968,0,1,1
r3.0:C:cn10:CCCFeFeFeFeFeFeFe:sim00301,0.085299954,-0.2319954,0,1,1
r3.0:C:cn10:CCCFeFeFeFeFeFeFe:sim00305,0.10024267,-0.24898453,0,1,1
r3.0:C:cn10:CCCFeFeFeFeFeFeFe:sim00309,0.10207067,-0.24556153,0,1,1
r3.0:C:cn10:CCCFeFeFeFeFeFeFe:sim00313,0.13076386,-0.29035842,0,1,1
r3.0:C:cn10:CCCFeFeFeFeFeFeFe:sim00317,0.072940335,-0.26894718,0,1,1
r3.0:C:cn10:CCCFeFeFeFeFeFeFe:sim00321,0.11235821,-0.26866123,0,1,1
r3.0:C:cn10:CCCFeFeFeFeFeFeFe:sim00325,0.088584118,-0.25805491,0,1,1
r3.0:C:cn10:CCCFeFeFeFeFeFeFe:sim00329,0.1070089,-0.27094325,0,1,1
r3.0:C:cn10:CCCFeFeFeFeFeFeFe:sim00333,0.12521328,-0.28310362,0,1,1
r3.0:C:cn10:CCCFeFeFeFeFeFeFe:sim00337,0.10733462,-0.27078873,0,1,1
r3.0:C:cn10:CCCFeFeFeFeFeFeFe:sim00341,0.11042644,-0.29567981,0,1,1
r3.0:C:cn10:CCCFeFeFeFeFeFeFe:sim00345,0.10688464,-0.27245474,0,1,1
r3.0:C:cn10:CCCFeFeFeFeFeFeFe:sim00349,0.1012696,-0.27423593,0,1,1
r3.0:C:cn10:CCFeFeFeFeFeFeFeFe:sim00001,0.1798602,-0.2309926,0,1,1
r3.0:C:cn10:CCFeFeFeFeFeFeFeFe:sim00005,0.17990455,-0.22469231,0,1,1
r3.0:C:cn10:CCFeFeFeFeFeFeFeFe:sim00009,0.17187244,-0.22384296,0,1,1
r3.0:C:cn10:CCFeFeFeFeFeFeFeFe:sim00013,0.15668005,-0.21765342,0,1,1
r3.0:C:cn10:CCFeFeFeFeFeFeFeFe:sim00017,0.15471552,-0.21311459,0,1,1
r3.0:C:cn10:CCFeFeFeFeFeFeFeFe:sim00021,0.15851696,-0.20561141,0,1,1
r3.0:C:cn10:CCFeFeFeFeFeFeFeFe:sim00025,0.15581766,-0.20006453,0,1,1
r3.0:C:cn10:CCFeFeFeFeFeFeFeFe:sim00029,0.17400941,-0.16328876,0,1,1
r3.0:C:cn10:CCFeFeFeFeFeFeFeFe:sim00033,0.15777019,-0.20364869,0,1,1
r3.0:C:cn10:CCFeFeFeFeFeFeFeFe:sim00037,0.14338274,-0.22041017,0,1,1
r3.0:C:cn10:CCFeFeFeFeFeFeFeFe:sim00041,0.1589724,-0.20209534,0,1,1
r3.0:C:cn10:CCFeFeFeFeFeFeFeFe:sim00045,0.15501876,-0.22930595,0,1,1
r3.0:C:cn10:CCFeFeFeFeFeFeFeFe:sim00049,0.15354361,-0.20529355,0,1,1
r3.0:C:cn10:CCFeFeFeFeFeFeFeFe:sim00053,0.16159868,-0.2021372,0,1,1
r3.0:C:cn10:CCFeFeFeFeFeFeFeFe:sim00057,0.15549177,-0.20337409,0,1,1
r3.0:C:cn10:CCFeFeFeFeFeFeFeFe:sim00061,0.14724001,-0.21273495,0,1,1
r3.0:C:cn10:CCFeFeFeFeFeFeFeFe:sim00065,0.15433072,-0.18013233,0,1,1
r3.0:C:cn10:CCFeFeFeFeFeFeFeFe:sim00069,0.15921651,-0.20318455,0,1,1
r3.0:C:cn10:CCFeFeFeFeFeFeFeFe:sim00073,0.15304834,-0.20689632,0,1,1
r3.0:C:cn10:CCFeFeFeFeFeFeFeFe:sim00077,0.15824035,-0.20352288,0,1,1
r3.0:C:cn10:CCFeFeFeFeFeFeFeFe:sim00081,0.18386203,-0.20707189,0,1,1
r3.0:C:cn10:CCFeFeFeFeFeFeFeFe:sim00085,0.19473431,-0.20974945,0,1,1
r3.0:C:cn10:CCFeFeFeFeFeFeFeFe:sim00089,0.20100087,-0.22107483,0,1,1
r3.0:C:cn10:CCFeFeFeFeFeFeFeFe:sim00093,0.15578154,-0.20715091,0,1,1
r3.0:C:cn10:CCFeFeFeFeFeFeFeFe:sim00097,0.16537288,-0.20100661,0,1,1
r3.0:C:cn10:CCFeFeFeFeFeFeFeFe:sim00101,0.14347067,-0.20970467,0,1,1
r3.0:C:cn10:CCFeFeFeFeFeFeFeFe:sim00105,0.14644815,-0.23231843,0,1,1
r3.0:C:cn10:CCFeFeFeFeFeFeFeFe:sim00109,0.14330253,-0.20927842,0,1,1
r3.0:C:cn10:CCFeFeFeFeFeFeFeFe:sim00113,0.14969854,-0.17909056,0,1,1
r3.0:C:cn10:CCFeFeFeFeFeFeFeFe:sim00117,0.12936105,-0.16705622,0,1,1
r3.0:C:cn10:CCFeFeFeFeFeFeFeFe:sim00121,0.11709323,-0.20700753,0,1,1
r3.0:C:cn10:CCFeFeFeFeFeFeFeFe:sim00125,0.13909639,-0.18703204,0,1,1
r3.0:C:cn10:CCFeFeFeFeFeFeFeFe:sim00129,0.14058776,-0.18653566,0,1,1
r3.0:C:cn10:CCFeFeFeFeFeFeFeFe:sim00133,0.15602563,-0.19885297,0,1,1
r3.0:C:cn10:CCFeFeFeFeFeFeFeFe:sim00137,0.094380684,-0.17206755,0,1,1
r3.0:C:cn10:CCFeFeFeFeFeFeFeFe:sim00141,0.098939165,-0.22192907,0,1,1
r3.0:C:cn10:CCFeFeFeFeFeFeFeFe:sim00145,0.12506168,-0.22841185,0,1,1
r3.0:C:cn10:CCFeFeFeFeFeFeFeFe:sim00149,0.11693764,-0.22764429,0,1,1
r3.0:C:cn10:CCFeFeFeFeFeFeFeFe:sim00153,0.17723238,-0.22093113,0,1,1
r3.0:C:cn10:CCFeFeFeFeFeFeFeFe:sim00157,0.15082371,-0.17715965,0,1,1
r3.0:C:cn10:CCFeFeFeFeFeFeFeFe:sim00161,0.16025555,-0.16584514,0,1,1
r3.0:C:cn10:CCFeFeFeFeFeFeFeFe:sim00165,0.13790084,-0.15858623,0,1,1
r3.0:C:cn10:CCFeFeFeFeFeFeFeFe:sim00169,0.14299384,-0.18612537,0,1,1
r3.0:C:cn10:CCFeFeFeFeFeFeFeFe:sim00173,0.14353029,-0.18384075,0,1,1
r3.0:C:cn10:CCFeFeFeFeFeFeFeFe:sim00177,0.16695973,-0.21230127,0,1,1
r3.0:C:cn10:CCFeFeFeFeFeFeFeFe:sim00181,0.14032756,-0.18666497,0,1,1
r3.0:C:cn10:CCFeFeFeFeFeFeFeFe:sim00185,0.17392093,-0.18532006,0,1,1
r3.0:C:cn10:CCFeFeFeFeFeFeFeFe:sim00189,0.14023055,-0.18681419,0,1,1
r3.0:C:cn10:CCFeFeFeFeFeFeFeFe:sim00193,0.14929953,-0.17435646,0,1,1
r3.0:C:cn10:CCFeFeFeFeFeFeFeFe:sim00197,0.14392596,-0.17722955,0,1,1
r3.0:C:cn10:CCFeFeFeFeFeFeFeFe:sim00201,0.1478038,-0.17388964,0,1,1
r3.0:C:cn10:CCFeFeFeFeFeFeFeFe:sim00205,0.13748091,-0.18293631,0,1,1
r3.0:C:cn10:CCFeFeFeFeFeFeFeFe:sim00209,0.14159995,-0.18159521,0,1,1
r3.0:C:cn10:CCFeFeFeFeFeFeFeFe:sim00213,0.13846603,-0.18327481,0,1,1
r3.0:C:cn10:CCFeFeFeFeFeFeFeFe:sim00217,0.13547018,-0.18902496,0,1,1
r3.0:C:cn10:CCFeFeFeFeFeFeFeFe:sim00221,0.13343176,-0.19164447,0,1,1
r3.0:C:cn10:CCFeFeFeFeFeFeFeFe:sim00225,0.15356278,-0.19514473,0,1,1
r3.0:C:cn10:CCFeFeFeFeFeFeFeFe:sim00229,0.13604742,-0.18346806,0,1,1
r3.0:C:cn10:CCFeFeFeFeFeFeFeFe:sim00233,0.13498703,-0.18597361,0,1,1
r3.0:C:cn10:CCFeFeFeFeFeFeFeFe:sim00237,0.13501176,-0.18580644,0,1,1
r3.0:C:cn10:CCFeFeFeFeFeFeFeFe:sim00241,0.13676819,-0.21339247,0,1,1
r3.0:C:cn10:CCFeFeFeFeFeFeFeFe:sim00245,0.15960561,-0.2166651,0,1,1
r3.0:C:cn10:CCFeFeFeFeFeFeFeFe:sim00249,0.11625494,-0.19085957,0,1,1
r3.0:C:cn10:CCFeFeFeFeFeFeFeFe:sim00253,0.13629085,-0.18360145,0,1,1
r3.0:C:cn10:CCFeFeFeFeFeFeFeFe:sim00257,0.14348106,-0.18542811,0,1,1
r3.0:C:cn10:CCFeFeFeFeFeFeFeFe:sim00261,0.13328563,-0.18423818,0,1,1
r3.0:C:cn10:CCFeFeFeFeFeFeFeFe:sim00265,0.15695322,-0.20035718,0,1,1
r3.0:C:cn10:CCFeFeFeFeFeFeFeFe:sim00269,0.13312334,-0.184315,0,1,1
r3.0:C:cn10:CCFeFeFeFeFeFeFeFe:sim00273,0.11181665,-0.17682208,0,1,1
r3.0:C:cn10:CCFeFeFeFeFeFeFeFe:sim00277,0.13758211,-0.18264204,0,1,1
r3.0:C:cn10:CCFeFeFeFeFeFeFeFe:sim00281,0.13144289,-0.18397629,0,1,1
r3.0:C:cn10:CCFeFeFeFeFeFeFeFe:sim00285,0.15132567,-0.19568349,0,1,1
r3.0:C:cn10:CCFeFeFeFeFeFeFeFe:sim00289,0.14091161,-0.17427497,0,1,1
r3.0:C:cn10:CCFeFeFeFeFeFeFeFe:sim00293,0.14041846,-0.20572059,0,1,1
r3.0:C:cn10:CCFeFeFeFeFeFeFeFe:sim00297,0.14505921,-0.18476133,0,1,1
r3.0:C:cn10:CCFeFeFeFeFeFeFeFe:sim00301,0.1337947,-0.15747756,0,1,1
r3.0:C:cn10:CCFeFeFeFeFeFeFeFe:sim00305,0.13637035,-0.15684506,0,1,1
r3.0:C:cn10:CCFeFeFeFeFeFeFeFe:sim00309,0.13849072,-0.15585478,0,1,1
r3.0:C:cn10:CCFeFeFeFeFeFeFeFe:sim00313,0.17335916,-0.18144207,0,1,1
r3.0:C:cn10:CCFeFeFeFeFeFeFeFe:sim00317,0.12114412,-0.16619328,0,1,1
r3.0:C:cn10:CCFeFeFeFeFeFeFeFe:sim00321,0.14156073,-0.17815456,0,1,1
r3.0:C:cn10:CCFeFeFeFeFeFeFeFe:sim00325,0.13622148,-0.18190132,0,1,1
r3.0:C:cn10:CCFeFeFeFeFeFeFeFe:sim00329,0.13656458,-0.18163709,0,1,1
r3.0:C:cn10:CCFeFeFeFeFeFeFeFe:sim00333,0.15528196,-0.18969756,0,1,1
r3.0:C:cn10:CCFeFeFeFeFeFeFeFe:sim00337,0.16248494,-0.18716739,0,1,1
r3.0:C:cn10:CCFeFeFeFeFeFeFeFe:sim00341,0.13968389,-0.20555669,0,1,1
r3.0:C:cn10:CCFeFeFeFeFeFeFeFe:sim00345,0.1342437,-0.18143171,0,1,1
r3.0:C:cn10:CCFeFeFeFeFeFeFeFe:sim00349,0.14018871,-0.17259865,0,1,1
r3.0:C:cn10:CCFeFeFeFeFeFeFeFe:sim00353,0.1285561,-0.16197932,0,1,1
r3.0:C:cn10:CCFeFeFeFeFeFeFeFe:sim00357,0.13704999,-0.1806348,0,1,1
r3.0:C:cn10:CCFeFeFeFeFeFeFeFe:sim00361,0.14875805,-0.16442145,0,1,1
r3.0:C:cn10:CCFeFeFeFeFeFeFeFe:sim00365,0.13189797,-0.18304743,0,1,1
r3.0:C:cn10:CCFeFeFeFeFeFeFeFe:sim00369,0.13787083,-0.18763371,0,1,1
r3.0:C:cn10:CCFeFeFeFeFeFeFeFe:sim00373,0.13766328,-0.17969106,0,1,1
r3.0:C:cn10:CCFeFeFeFeFeFeFeFe:sim00377,0.13532741,-0.18165509,0,1,1
r3.0:C:cn10:CCFeFeFeFeFeFeFeFe:sim00381,0.14805534,-0.17135154,0,1,1
r3.0:C:cn10:CCFeFeFeFeFeFeFeFe:sim00385,0.12185212,-0.19221677,0,1,1
r3.0:C:cn10:CCFeFeFeFeFeFeFeFe:sim00389,0.10333057,-0.18240787,0,1,1
r3.0:C:cn10:CCFeFeFeFeFeFeFeFe:sim00393,0.13273951,-0.18227108,0,1,1
r3.0:C:cn10:CCFeFeFeFeFeFeFeFe:sim00397,0.13727745,-0.18083371,0,1,1
r3.0:C:cn10:CCFeFeFeFeFeFeFeFe:sim00401,0.13536838,-0.18126853,0,1,1
r3.0:C:cn10:CCFeFeFeFeFeFeFeFe:sim00405,0.13667168,-0.18050137,0,1,1
r3.0:C:cn10:CFeFeFeFeFeFeFeFeFe:sim00003,0.20569918,-0.15211958,0,1,1
r3.0:C:cn10:CFeFeFeFeFeFeFeFeFe:sim00007,0.20582977,-0.15211375,0,1,1
r3.0:C:cn10:CFeFeFeFeFeFeFeFeFe:sim00011,0.21155289,-0.11779235,0,1,1
r3.0:C:cn10:CFeFeFeFeFeFeFeFeFe:sim00015,0.19206218,-0.13618813,0,1,1
r3.0:C:cn10:CFeFeFeFeFeFeFeFeFe:sim00019,0.19583283,-0.12781866,0,1,1
r3.0:C:cn10:CFeFeFeFeFeFeFeFeFe:sim00023,0.18737151,-0.13560344,0,1,1
r3.0:C:cn10:CFeFeFeFeFeFeFeFeFe:sim00027,0.18942381,-0.13296829,0,1,1
r3.0:C:cn10:CFeFeFeFeFeFeFeFeFe:sim00031,0.20188323,-0.14756396,0,1,1
r3.0:C:cn10:CFeFeFeFeFeFeFeFeFe:sim00035,0.19073705,-0.12985817,0,1,1
r3.0:C:cn10:CFeFeFeFeFeFeFeFeFe:sim00039,0.18131933,-0.13579436,0,1,1
r3.0:C:cn10:CFeFeFeFeFeFeFeFeFe:sim00043,0.18886524,-0.13172407,0,1,1
r3.0:C:cn10:CFeFeFeFeFeFeFeFeFe:sim00047,0.1891883,-0.13142875,0,1,1
r3.0:C:cn10:CFeFeFeFeFeFeFeFeFe:sim00051,0.17816196,-0.11808463,0,1,1
r3.0:C:cn10:CFeFeFeFeFeFeFeFeFe:sim00055,0.19220072,-0.12957625,0,1,1
r3.0:C:cn10:CFeFeFeFeFeFeFeFeFe:sim00059,0.19247171,-0.12971537,0,1,1
r3.0:C:cn10:CFeFeFeFeFeFeFeFeFe:sim00063,0.1897848,-0.13080421,0,1,1
r3.0:C:cn10:CFeFeFeFeFeFeFeFeFe:sim00067,0.19929644,-0.12228696,0,1,1
r3.0:C:cn10:CFeFeFeFeFeFeFeFeFe:sim00071,0.18933257,-0.13131091,0,1,1
r3.0:C:cn10:CFeFeFeFeFeFeFeFeFe:sim00075,0.18806978,-0.13365763,0,1,1
r3.0:C:cn10:CFeFeFeFeFeFeFeFeFe:sim00079,0.18994656,-0.13117974,0,1,1
r3.0:C:cn10:CFeFeFeFeFeFeFeFeFe:sim00083,0.20354441,-0.14480974,0,1,1
r3.0:C:cn10:CFeFeFeFeFeFeFeFeFe:sim00087,0.21766752,-0.12787049,0,1,1
r3.0:C:cn10:CFeFeFeFeFeFeFeFeFe:sim00091,0.18422528,-0.13285117,0,1,1
r3.0:C:cn10:CFeFeFeFeFeFeFeFeFe:sim00095,0.19248204,-0.13033952,0,1,1
r3.0:C:cn10:CFeFeFeFeFeFeFeFeFe:sim00099,0.1888151,-0.10941381,0,1,1
r3.0:C:cn10:CFeFeFeFeFeFeFeFeFe:sim00103,0.16078411,-0.10347911,0,1,1
r3.0:C:cn10:CFeFeFeFeFeFeFeFeFe:sim00107,0.16351883,-0.12554425,0,1,1
r3.0:C:cn10:CFeFeFeFeFeFeFeFeFe:sim00111,0.18375899,-0.10585395,0,1,1
r3.0:C:cn10:CFeFeFeFeFeFeFeFeFe:sim00115,0.18027709,-0.10846464,0,1,1
r3.0:C:cn10:CFeFeFeFeFeFeFeFeFe:sim00119,0.18765217,-0.097668007,0,1,1
r3.0:C:cn10:CFeFeFeFeFeFeFeFeFe:sim00123,0.17002451,-0.12391888,0,1,1
r3.0:C:cn10:CFeFeFeFeFeFeFeFeFe:sim00127,0.17314269,-0.1158231,0,1,1
r3.0:C:cn10:CFeFeFeFeFeFeFeFeFe:sim00131,0.17744827,-0.11485888,0,1,1
r3.0:C:cn10:CFeFeFeFeFeFeFeFeFe:sim00135,0.17777064,-0.11481281,0,1,1
r3.0:C:cn10:CFeFeFeFeFeFeFeFeFe:sim00139,0.16955881,-0.13873316,0,1,1
r3.0:C:cn10:CFeFeFeFeFeFeFeFeFe:sim00143,0.15956917,-0.15311317,0,1,1
r3.0:C:cn10:CFeFeFeFeFeFeFeFeFe:sim00147,0.15809186,-0.15386054,0,1,1
r3.0:C:cn10:CFeFeFeFeFeFeFeFeFe:sim00151,0.16337761,-0.11890904,0,1,1
r3.0:C:cn10:CFeFeFeFeFeFeFeFeFe:sim00155,0.17220797,-0.11697017,0,1,1
r3.0:C:cn10:CFeFeFeFeFeFeFeFeFe:sim00159,0.14254273,-0.11646887,0,1,1
r3.0:C:cn10:CFeFeFeFeFeFeFeFeFe:sim00163,0.17989467,-0.1169968,0,1,1
r3.0:C:cn10:CFeFeFeFeFeFeFeFeFe:sim00167,0.1779501,-0.11291551,0,1,1
r3.0:C:cn10:FeFeFeFeFeFeFeFeFeFe:sim00003,0.17908205,-0.062604509,0,1,1
r3.0:C:cn10:FeFeFeFeFeFeFeFeFeFe:sim00007,0.17809714,-0.063243538,0,1,1
r3.0:C:cn11:CCCCCFeFeFeFeFeFe:sim00002,0.05549819,-0.42871663,0,1,1
r3.0:C:cn11:CCCCCFeFeFeFeFeFe:sim00006,0.049673077,-0.43034071,0,1,1
r3.0:C:cn11:CCCCCFeFeFeFeFeFe:sim00010,0.040238224,-0.43379053,0,1,1
r3.0:C:cn11:CCCCCFeFeFeFeFeFe:sim00014,0.010364581,-0.45042717,0,1,1
r3.0:C:cn11:CCCCCFeFeFeFeFeFe:sim00018,0.032972448,-0.40769467,0,1,1
r3.0:C:cn11:CCCCCFeFeFeFeFeFe:sim00022,0.031655494,-0.40392056,0,1,1
r3.0:C:cn11:CCCCCFeFeFeFeFeFe:sim00026,0.026672225,-0.40560108,0,1,1
r3.0:C:cn11:CCCCCFeFeFeFeFeFe:sim00030,0.064505681,-0.37786794,0,1,1
r3.0:C:cn11:CCCCCFeFeFeFeFeFe:sim00034,0.029158005,-0.4122372,0,1,1
r3.0:C:cn11:CCCCCFeFeFeFeFeFe:sim00038,0.013664743,-0.41965652,0,1,1
r3.0:C:cn11:CCCCCFeFeFeFeFeFe:sim00042,0.02851974,-0.40476504,0,1,1
r3.0:C:cn11:CCCCCFeFeFeFeFeFe:sim00046,0.038214382,-0.42528892,0,1,1
r3.0:C:cn11:CCCCCFeFeFeFeFeFe:sim00050,0.035950415,-0.39944267,0,1,1
r3.0:C:cn11:CCCCCFeFeFeFeFeFe:sim00054,0.051198766,-0.41742334,0,1,1
r3.0:C:cn11:CCCCFeFeFeFeFeFeFe:sim00002,0.09904144,-0.3188484,0,1,1
r3.0:C:cn11:CCCCFeFeFeFeFeFeFe:sim00006,0.10163667,-0.31533852,0,1,1
r3.0:C:cn11:CCCCFeFeFeFeFeFeFe:sim00010,0.087919086,-0.34568739,0,1,1
r3.0:C:cn11:CCCCFeFeFeFeFeFeFe:sim00014,0.05860927,-0.34497237,0,1,1
r3.0:C:cn11:CCCCFeFeFeFeFeFeFe:sim00018,0.083230272,-0.29792005,0,1,1
r3.0:C:cn11:CCCCFeFeFeFeFeFeFe:sim00022,0.058608439,-0.26926279,0,1,1
r3.0:C:cn11:CCCCFeFeFeFeFeFeFe:sim00026,0.1093365,-0.29687631,0,1,1
r3.0:C:cn11:CCCCFeFeFeFeFeFeFe:sim00030,0.075630948,-0.26639137,0,1,1
r3.0:C:cn11:CCCCFeFeFeFeFeFeFe:sim00034,0.077527821,-0.29248172,0,1,1
r3.0:C:cn11:CCCCFeFeFeFeFeFeFe:sim00038,0.081588879,-0.29140863,0,1,1
r3.0:C:cn11:CCCCFeFeFeFeFeFeFe:sim00042,0.076363742,-0.29533795,0,1,1
r3.0:C:cn11:CCCCFeFeFeFeFeFeFe:sim00046,0.081645943,-0.3260282,0,1,1
r3.0:C:cn11:CCCCFeFeFeFeFeFeFe:sim00050,0.083559215,-0.29005539,0,1,1
r3.0:C:cn11:CCCCFeFeFeFeFeFeFe:sim00054,0.098886833,-0.30477142,0,1,1
r3.0:C:cn11:CCCCFeFeFeFeFeFeFe:sim00058,0.083189979,-0.29035529,0,1,1
r3.0:C:cn11:CCCCFeFeFeFeFeFeFe:sim00062,0.077880576,-0.29214725,0,1,1
r3.0:C:cn11:CCCCFeFeFeFeFeFeFe:sim00066,0.081775621,-0.29099849,0,1,1
r3.0:C:cn11:CCCCFeFeFeFeFeFeFe:sim00070,0.075110488,-0.26510048,0,1,1
r3.0:C:cn11:CCCCFeFeFeFeFeFeFe:sim00074,0.079457469,-0.29170573,0,1,1
r3.0:C:cn11:CCCCFeFeFeFeFeFeFe:sim00078,0.079872169,-0.29163596,0,1,1
r3.0:C:cn11:CCCCFeFeFeFeFeFeFe:sim00082,0.091927089,-0.28536573,0,1,1
r3.0:C:cn11:CCCCFeFeFeFeFeFeFe:sim00086,0.11291307,-0.29644409,0,1,1
r3.0:C:cn11:CCCCFeFeFeFeFeFeFe:sim00090,0.089229852,-0.32278031,0,1,1
r3.0:C:cn11:CCCCFeFeFeFeFeFeFe:sim00094,0.082405098,-0.29156595,0,1,1
r3.0:C:cn11:CCCCFeFeFeFeFeFeFe:sim00098,0.08191853,-0.29135036,0,1,1
r3.0:C:cn11:CCCCFeFeFeFeFeFeFe:sim00102,0.063608177,-0.29734161,0,1,1
r3.0:C:cn11:CCCCFeFeFeFeFeFeFe:sim00106,0.092266873,-0.31913394,0,1,1
r3.0:C:cn11:CCCCFeFeFeFeFeFeFe:sim00110,0.072829202,-0.26164925,0,1,1
r3.0:C:cn11:CCCCFeFeFeFeFeFeFe:sim00114,0.079139113,-0.25842735,0,1,1
r3.0:C:cn11:CCCCFeFeFeFeFeFeFe:sim00118,0.072072983,-0.26230279,0,1,1
r3.0:C:cn11:CCCCFeFeFeFeFeFeFe:sim00122,0.053165443,-0.27392408,0,1,1
r3.0:C:cn11:CCCCFeFeFeFeFeFeFe:sim00126,0.059658643,-0.27258733,0,1,1
r3.0:C:cn11:CCCCFeFeFeFeFeFeFe:sim00130,0.058019176,-0.2731154,0,1,1
r3.0:C:cn11:CCCCFeFeFeFeFeFeFe:sim00134,0.058510657,-0.27282381,0,1,1
r3.0:C:cn11:CCCCFeFeFeFeFeFeFe:sim00138,0.058847766,-0.27154842,0,1,1
r3.0:C:cn11:CCCCFeFeFeFeFeFeFe:sim00142,0.038230315,-0.31718123,0,1,1
r3.0:C:cn11:CCCCFeFeFeFeFeFeFe:sim00146,0.045848377,-0.33567753,0,1,1
r3.0:C:cn11:CCCCFeFeFeFeFeFeFe:sim00150,0.047373109,-0.28238857,0,1,1
r3.0:C:cn11:CCCCFeFeFeFeFeFeFe:sim00154,0.055880457,-0.27704951,0,1,1
r3.0:C:cn11:CCCCFeFeFeFeFeFeFe:sim00158,0.043628648,-0.29073751,0,1,1
r3.0:C:cn11:CCCCFeFeFeFeFeFeFe:sim00162,0.083227038,-0.28168225,0,1,1
r3.0:C:cn11:CCCCFeFeFeFeFeFeFe:sim00166,0.064867288,-0.26895773,0,1,1
r3.0:C:cn11:CCCCFeFeFeFeFeFeFe:sim00170,0.057545021,-0.27370986,0,1,1
r3.0:C:cn11:CCCCFeFeFeFeFeFeFe:sim00174,0.089313492,-0.3016324,0,1,1
r3.0:C:cn11:CCCCFeFeFeFeFeFeFe:sim00178,0.058710087,-0.27153599,0,1,1
r3.0:C:cn11:CCCCFeFeFeFeFeFeFe:sim00182,0.028655538,-0.26988313,0,1,1
r3.0:C:cn11:CCCCFeFeFeFeFeFeFe:sim00186,0.055774286,-0.24680981,0,1,1
r3.0:C:cn11:CCCCFeFeFeFeFeFeFe:sim00190,0.077618524,-0.21455754,0,1,1
r3.0:C:cn11:CCCCFeFeFeFeFeFeFe:sim00194,0.097118057,-0.26251376,0,1,1
r3.0:C:cn11:CCCCFeFeFeFeFeFeFe:sim00198,0.060555469,-0.26327115,0,1,1
r3.0:C:cn11:CCCCFeFeFeFeFeFeFe:sim00202,0.06034651,-0.29350498,0,1,1
r3.0:C:cn11:CCCCFeFeFeFeFeFeFe:sim00206,0.056423619,-0.26115882,0,1,1
r3.0:C:cn11:CCCCFeFeFeFeFeFeFe:sim00210,0.05374964,-0.23760243,0,1,1
r3.0:C:cn11:CCCCFeFeFeFeFeFeFe:sim00214,0.056253262,-0.26860252,0,1,1
r3.0:C:cn11:CCCFeFeFeFeFeFeFeFe:sim00002,0.13254027,-0.22510135,0,1,1
r3.0:C:cn11:CCCFeFeFeFeFeFeFeFe:sim00006,0.15000081,-0.2447523,0,1,1
r3.0:C:cn11:CCCFeFeFeFeFeFeFeFe:sim00010,0.12107214,-0.2292435,0,1,1
r3.0:C:cn11:CCCFeFeFeFeFeFeFeFe:sim00014,0.10013494,-0.24744874,0,1,1
r3.0:C:cn11:CCCFeFeFeFeFeFeFeFe:sim00018,0.12083005,-0.22928905,0,1,1
r3.0:C:cn11:CCCFeFeFeFeFeFeFeFe:sim00022,0.11471701,-0.2023246,0,1,1
r3.0:C:cn11:CCCFeFeFeFeFeFeFeFe:sim00026,0.110608,-0.20369363,0,1,1
r3.0:C:cn11:CCCFeFeFeFeFeFeFeFe:sim00030,0.11681109,-0.17336291,0,1,1
r3.0:C:cn11:CCCFeFeFeFeFeFeFeFe:sim00034,0.11356332,-0.20085587,0,1,1
r3.0:C:cn11:CCCFeFeFeFeFeFeFeFe:sim00038,0.11394107,-0.20056212,0,1,1
r3.0:C:cn11:CCCFeFeFeFeFeFeFeFe:sim00042,0.11163682,-0.20354278,0,1,1
r3.0:C:cn11:CCCFeFeFeFeFeFeFeFe:sim00046,0.11792862,-0.22368632,0,1,1
r3.0:C:cn11:CCCFeFeFeFeFeFeFeFe:sim00050,0.11781131,-0.19895643,0,1,1
r3.0:C:cn11:CCCFeFeFeFeFeFeFeFe:sim00054,0.13170534,-0.21168573,0,1,1
r3.0:C:cn11:CCCFeFeFeFeFeFeFeFe:sim00058,0.11782343,-0.19865823,0,1,1
r3.0:C:cn11:CCCFeFeFeFeFeFeFeFe:sim00062,0.101005,-0.21182151,0,1,1
r3.0:C:cn11:CCCFeFeFeFeFeFeFeFe:sim00066,0.11564647,-0.20037006,0,1,1
r3.0:C:cn11:CCCFeFeFeFeFeFeFeFe:sim00070,0.10696501,-0.18032493,0,1,1
r3.0:C:cn11:CCCFeFeFeFeFeFeFeFe:sim00074,0.11737978,-0.22399172,0,1,1
r3.0:C:cn11:CCCFeFeFeFeFeFeFeFe:sim00078,0.11443927,-0.2004052,0,1,1
r3.0:C:cn11:CCCFeFeFeFeFeFeFeFe:sim00082,0.12319075,-0.19554564,0,1,1
r3.0:C:cn11:CCCFeFeFeFeFeFeFeFe:sim00086,0.15417735,-0.19574052,0,1,1
r3.0:C:cn11:CCCFeFeFeFeFeFeFeFe:sim00090,0.12622483,-0.22218841,0,1,1
r3.0:C:cn11:CCCFeFeFeFeFeFeFeFe:sim00094,0.1168868,-0.20045665,0,1,1
r3.0:C:cn11:CCCFeFeFeFeFeFeFeFe:sim00098,0.11496121,-0.20070225,0,1,1
r3.0:C:cn11:CCCFeFeFeFeFeFeFeFe:sim00102,0.099965155,-0.2063527,0,1,1
r3.0:C:cn11:CCCFeFeFeFeFeFeFeFe:sim00106,0.10984209,-0.21341853,0,1,1
r3.0:C:cn11:CCCFeFeFeFeFeFeFeFe:sim00110,0.10818473,-0.17275827,0,1,1
r3.0:C:cn11:CCCFeFeFeFeFeFeFeFe:sim00114,0.11403348,-0.16925278,0,1,1
r3.0:C:cn11:CCCFeFeFeFeFeFeFeFe:sim00118,0.10561384,-0.17458534,0,1,1
r3.0:C:cn11:CCCFeFeFeFeFeFeFeFe:sim00122,0.095598713,-0.18428017,0,1,1
r3.0:C:cn11:CCCFeFeFeFeFeFeFeFe:sim00126,0.096630156,-0.18314894,0,1,1
r3.0:C:cn11:CCCFeFeFeFeFeFeFeFe:sim00130,0.095600039,-0.18341826,0,1,1
r3.0:C:cn11:CCCFeFeFeFeFeFeFeFe:sim00134,0.095550284,-0.18341459,0,1,1
r3.0:C:cn11:CCCFeFeFeFeFeFeFeFe:sim00138,0.094061367,-0.18362993,0,1,1
r3.0:C:cn11:CCCFeFeFeFeFeFeFeFe:sim00142,0.078942865,-0.22508639,0,1,1
r3.0:C:cn11:CCCFeFeFeFeFeFeFeFe:sim00146,0.09022858,-0.2404657,0,1,1
r3.0:C:cn11:CCCFeFeFeFeFeFeFeFe:sim00150,0.084254488,-0.19327712,0,1,1
r3.0:C:cn11:CCCFeFeFeFeFeFeFeFe:sim00154,0.093815342,-0.18076622,0,1,1
r3.0:C:cn11:CCCFeFeFeFeFeFeFeFe:sim00158,0.098067053,-0.21228103,0,1,1
r3.0:C:cn11:CCCFeFeFeFeFeFeFeFe:sim00162,0.11846422,-0.19272631,0,1,1
r3.0:C:cn11:CCCFeFeFeFeFeFeFeFe:sim00166,0.096991889,-0.18127505,0,1,1
r3.0:C:cn11:CCCFeFeFeFeFeFeFeFe:sim00170,0.095305383,-0.18430245,0,1,1
r3.0:C:cn11:CCCFeFeFeFeFeFeFeFe:sim00174,0.094535194,-0.18407111,0,1,1
r3.0:C:cn11:CCCFeFeFeFeFeFeFeFe:sim00178,0.095966533,-0.18241321,0,1,1
r3.0:C:cn11:CCCFeFeFeFeFeFeFeFe:sim00182,0.090269543,-0.16391511,0,1,1
r3.0:C:cn11:CCCFeFeFeFeFeFeFeFe:sim00186,0.09208405,-0.1846997,0,1,1
r3.0:C:cn11:CCCFeFeFeFeFeFeFeFe:sim00190,0.081387818,-0.16061145,0,1,1
r3.0:C:cn11:CCCFeFeFeFeFeFeFeFe:sim00194,0.13181624,-0.17324536,0,1,1
r3.0:C:cn11:CCCFeFeFeFeFeFeFeFe:sim00199,0.11903735,-0.19724308,0,1,1
r3.0:C:cn11:CCCFeFeFeFeFeFeFeFe:sim00203,0.063688137,-0.17933315,0,1,1
r3.0:C:cn11:CCCFeFeFeFeFeFeFeFe:sim00207,0.12458046,-0.18026143,0,1,1
r3.0:C:cn11:CCCFeFeFeFeFeFeFeFe:sim00211,0.093106277,-0.1793147,0,1,1
r3.0:C:cn11:CCCFeFeFeFeFeFeFeFe:sim00215,0.093548872,-0.17937228,0,1,1
r3.0:C:cn11:CCCFeFeFeFeFeFeFeFe:sim00219,0.093408428,-0.17954797,0,1,1
r3.0:C:cn11:CCCFeFeFeFeFeFeFeFe:sim00223,0.067945436,-0.17347263,0,1,1
r3.0:C:cn11:CCCFeFeFeFeFeFeFeFe:sim00227,0.093051121,-0.17944244,0,1,1
r3.0:C:cn11:CCCFeFeFeFeFeFeFeFe:sim00231,0.090997882,-0.18214837,0,1,1
r3.0:C:cn11:CCCFeFeFeFeFeFeFeFe:sim00235,0.089454904,-0.18320069,0,1,1
r3.0:C:cn11:CCCFeFeFeFeFeFeFeFe:sim00239,0.089059718,-0.18394177,0,1,1
r3.0:C:cn11:CCCFeFeFeFeFeFeFeFe:sim00243,0.096726537,-0.23624159,0,1,1
r3.0:C:cn11:CCCFeFeFeFeFeFeFeFe:sim00247,0.094592303,-0.21845523,0,1,1
r3.0:C:cn11:CCCFeFeFeFeFeFeFeFe:sim00251,0.08797048,-0.18154773,0,1,1
r3.0:C:cn11:CCCFeFeFeFeFeFeFeFe:sim00255,0.10623036,-0.19320902,0,1,1
r3.0:C:cn11:CCCFeFeFeFeFeFeFeFe:sim00259,0.092259012,-0.17993347,0,1,1
r3.0:C:cn11:CCCFeFeFeFeFeFeFeFe:sim00263,0.087063335,-0.18400607,0,1,1
r3.0:C:cn11:CCCFeFeFeFeFeFeFeFe:sim00267,0.059549563,-0.18041208,0,1,1
r3.0:C:cn11:CCCFeFeFeFeFeFeFeFe:sim00271,0.094905294,-0.18522744,0,1,1
r3.0:C:cn11:CCCFeFeFeFeFeFeFeFe:sim00275,0.082109198,-0.18944198,0,1,1
r3.0:C:cn11:CCFeFeFeFeFeFeFeFeFe:sim00003,0.14578395,-0.1563935,0,1,1
r3.0:C:cn11:CCFeFeFeFeFeFeFeFeFe:sim00007,0.15902969,-0.14413713,0,1,1
r3.0:C:cn11:CCFeFeFeFeFeFeFeFeFe:sim00011,0.1507531,-0.1238842,0,1,1
r3.0:C:cn11:CCFeFeFeFeFeFeFeFeFe:sim00015,0.14222907,-0.13155733,0,1,1
r3.0:C:cn11:CCFeFeFeFeFeFeFeFeFe:sim00019,0.14360069,-0.12360072,0,1,1
r3.0:C:cn11:CCFeFeFeFeFeFeFeFeFe:sim00023,0.13781168,-0.130486,0,1,1
r3.0:C:cn11:CCFeFeFeFeFeFeFeFeFe:sim00027,0.13961983,-0.12853213,0,1,1
r3.0:C:cn11:CCFeFeFeFeFeFeFeFeFe:sim00031,0.14917615,-0.14253537,0,1,1
r3.0:C:cn11:CCFeFeFeFeFeFeFeFeFe:sim00035,0.13914225,-0.12668931,0,1,1
r3.0:C:cn11:CCFeFeFeFeFeFeFeFeFe:sim00039,0.13940263,-0.12627821,0,1,1
r3.0:C:cn11:CCFeFeFeFeFeFeFeFeFe:sim00043,0.13920668,-0.12650384,0,1,1
r3.0:C:cn11:CCFeFeFeFeFeFeFeFeFe:sim00047,0.13905628,-0.12652358,0,1,1
r3.0:C:cn11:CCFeFeFeFeFeFeFeFeFe:sim00051,0.12795793,-0.11332352,0,1,1
r3.0:C:cn11:CCFeFeFeFeFeFeFeFeFe:sim00055,0.14233434,-0.1246878,0,1,1
r3.0:C:cn11:CCFeFeFeFeFeFeFeFeFe:sim00059,0.14235881,-0.12508973,0,1,1
r3.0:C:cn11:CCFeFeFeFeFeFeFeFeFe:sim00063,0.13998702,-0.12591369,0,1,1
r3.0:C:cn11:CCFeFeFeFeFeFeFeFeFe:sim00067,0.13963999,-0.12647381,0,1,1
r3.0:C:cn11:CCFeFeFeFeFeFeFeFeFe:sim00071,0.13937095,-0.12655891,0,1,1
r3.0:C:cn11:CCFeFeFeFeFeFeFeFeFe:sim00075,0.13713816,-0.13035579,0,1,1
r3.0:C:cn11:CCFeFeFeFeFeFeFeFeFe:sim00079,0.13802451,-0.12713704,0,1,1
r3.0:C:cn11:CCFeFeFeFeFeFeFeFeFe:sim00083,0.15407813,-0.14004402,0,1,1
r3.0:C:cn11:CCFeFeFeFeFeFeFeFeFe:sim00087,0.16521652,-0.12367731,0,1,1
r3.0:C:cn11:CCFeFeFeFeFeFeFeFeFe:sim00091,0.13619258,-0.12744875,0,1,1
r3.0:C:cn11:CCFeFeFeFeFeFeFeFeFe:sim00095,0.13837267,-0.12981676,0,1,1
r3.0:C:cn11:CCFeFeFeFeFeFeFeFeFe:sim00099,0.13856125,-0.10488468,0,1,1
r3.0:C:cn11:CCFeFeFeFeFeFeFeFeFe:sim00103,0.1114141,-0.12120043,0,1,1
r3.0:C:cn11:CCFeFeFeFeFeFeFeFeFe:sim00107,0.12629823,-0.13243806,0,1,1
r3.0:C:cn11:CCFeFeFeFeFeFeFeFeFe:sim00111,0.13406444,-0.10079956,0,1,1
r3.0:C:cn11:CCFeFeFeFeFeFeFeFeFe:sim00115,0.13281153,-0.09553732,0,1,1
r3.0:C:cn11:CCFeFeFeFeFeFeFeFeFe:sim00119,0.13405478,-0.093990862,0,1,1
r3.0:C:cn11:CCFeFeFeFeFeFeFeFeFe:sim00123,0.12348434,-0.11101169,0,1,1
r3.0:C:cn11:CCFeFeFeFeFeFeFeFeFe:sim00127,0.10829736,-0.099912383,0,1,1
r3.0:C:cn11:CCFeFeFeFeFeFeFeFeFe:sim00131,0.10461963,-0.12396243,0,1,1
r3.0:C:cn11:CCFeFeFeFeFeFeFeFeFe:sim00135,0.10771416,-0.099380516,0,1,1
r3.0:C:cn11:CCFeFeFeFeFeFeFeFeFe:sim00139,0.11690162,-0.11250712,0,1,1
r3.0:C:cn11:CCFeFeFeFeFeFeFeFeFe:sim00143,0.098850466,-0.15809576,0,1,1
r3.0:C:cn11:CCFeFeFeFeFeFeFeFeFe:sim00147,0.10942364,-0.14875609,0,1,1
r3.0:C:cn11:CFeFeFeFeFeFeFeFeFeFe:sim00004,0.19493021,-0.098014176,0,1,1
r3.0:C:cn11:CFeFeFeFeFeFeFeFeFeFe:sim00008,0.20596652,-0.091644086,0,1,1
r3.0:C:cn12:CCCCCCFeFeFeFeFeFe:sim00003,0.12679666,-0.44672051,0,1,1
r3.0:C:cn12:CCCCCCFeFeFeFeFeFe:sim00007,0.12670398,-0.44693029,0,1,1
r3.0:C:cn12:CCCCCCFeFeFeFeFeFe:sim00011,0.1229924,-0.41984847,0,1,1
r3.0:C:cn12:CCCCCCFeFeFeFeFeFe:sim00015,0.1087043,-0.4291316,0,1,1
r3.0:C:cn12:CCCCCFeFeFeFeFeFeFe:sim00004,0.16943307,-0.33782938,0,1,1
r3.0:C:cn12:CCCCCFeFeFeFeFeFeFe:sim00008,0.2000751,-0.34384274,0,1,1
r3.0:C:cn12:CCCCCFeFeFeFeFeFeFe:sim00012,0.15300326,-0.32096669,0,1,1
r3.0:C:cn12:CCCCCFeFeFeFeFeFeFe:sim00016,0.15820526,-0.31748265,0,1,1
r3.0:C:cn12:CCCCCFeFeFeFeFeFeFe:sim00020,0.149565,-0.31746164,0,1,1
r3.0:C:cn12:CCCCCFeFeFeFeFeFeFe:sim00024,0.15114118,-0.34932566,0,1,1
r3.0:C:cn12:CCCCCFeFeFeFeFeFeFe:sim00028,0.14938636,-0.31721205,0,1,1
r3.0:C:cn12:CCCCCFeFeFeFeFeFeFe:sim00032,0.14840922,-0.31581092,0,1,1
r3.0:C:cn12:CCCCCFeFeFeFeFeFeFe:sim00036,0.14888658,-0.3139973,0,1,1
r3.0:C:cn12:CCCCCFeFeFeFeFeFeFe:sim00040,0.12764454,-0.34428635,0,1,1
r3.0:C:cn12:CCCCCFeFeFeFeFeFeFe:sim00044,0.13571073,-0.32482091,0,1,1
r3.0:C:cn12:CCCCCFeFeFeFeFeFeFe:sim00048,0.11472423,-0.31764111,0,1,1
r3.0:C:cn12:CCCCCFeFeFeFeFeFeFe:sim00052,0.15581115,-0.33732504,0,1,1
r3.0:C:cn12:CCCCCFeFeFeFeFeFeFe:sim00056,0.18434224,-0.3392342,0,1,1
r3.0:C:cn12:CCCCCFeFeFeFeFeFeFe:sim00060,0.1495105,-0.31508371,0,1,1
r3.0:C:cn12:CCCCCFeFeFeFeFeFeFe:sim00064,0.14981496,-0.31475303,0,1,1
r3.0:C:cn12:CCCCCFeFeFeFeFeFeFe:sim00068,0.15000904,-0.31493145,0,1,1
r3.0:C:cn12:CCCCFeFeFeFeFeFeFeFe:sim00001,0.20137846,-0.25039881,0,1,1
r3.0:C:cn12:CCCCFeFeFeFeFeFeFeFe:sim00005,0.19837192,-0.24749745,0,1,1
r3.0:C:cn12:CCCCFeFeFeFeFeFeFeFe:sim00009,0.22579041,-0.25063336,0,1,1
r3.0:C:cn12:CCCCFeFeFeFeFeFeFeFe:sim00013,0.18223023,-0.22727965,0,1,1
r3.0:C:cn12:CCCCFeFeFeFeFeFeFeFe:sim00017,0.1800348,-0.23475514,0,1,1
r3.0:C:cn12:CCCCFeFeFeFeFeFeFeFe:sim00021,0.1801298,-0.22493522,0,1,1
r3.0:C:cn12:CCCCFeFeFeFeFeFeFeFe:sim00025,0.18502448,-0.22395676,0,1,1
r3.0:C:cn12:CCCCFeFeFeFeFeFeFeFe:sim00029,0.18012677,-0.22461839,0,1,1
r3.0:C:cn12:CCCCFeFeFeFeFeFeFeFe:sim00033,0.19139896,-0.21360156,0,1,1
r3.0:C:cn12:CCCCFeFeFeFeFeFeFeFe:sim00037,0.1798306,-0.22283068,0,1,1
r3.0:C:cn12:CCCCFeFeFeFeFeFeFeFe:sim00041,0.18110818,-0.22124059,0,1,1
r3.0:C:cn12:CCCCFeFeFeFeFeFeFeFe:sim00045,0.19273952,-0.23548545,0,1,1
r3.0:C:cn12:CCCCFeFeFeFeFeFeFeFe:sim00049,0.17749496,-0.22392549,0,1,1
r3.0:C:cn12:CCCCFeFeFeFeFeFeFeFe:sim00053,0.18309073,-0.22110116,0,1,1
r3.0:C:cn12:CCCCFeFeFeFeFeFeFeFe:sim00057,0.18330143,-0.2210886,0,1,1
r3.0:C:cn12:CCCCFeFeFeFeFeFeFeFe:sim00061,0.16875966,-0.23174784,0,1,1
r3.0:C:cn12:CCCCFeFeFeFeFeFeFeFe:sim00065,0.17016852,-0.20148838,0,1,1
r3.0:C:cn12:CCCCFeFeFeFeFeFeFeFe:sim00069,0.18064833,-0.22255257,0,1,1
r3.0:C:cn12:CCCCFeFeFeFeFeFeFeFe:sim00073,0.16088027,-0.21328269,0,1,1
r3.0:C:cn12:CCCCFeFeFeFeFeFeFeFe:sim00077,0.19543529,-0.20395663,0,1,1
r3.0:C:cn12:CCCCFeFeFeFeFeFeFeFe:sim00081,0.2104353,-0.2244674,0,1,1
r3.0:C:cn12:CCCCFeFeFeFeFeFeFeFe:sim00085,0.18578346,-0.20488919,0,1,1
r3.0:C:cn12:CCCCFeFeFeFeFeFeFeFe:sim00089,0.2100355,-0.22505945,0,1,1
r3.0:C:cn12:CCCCFeFeFeFeFeFeFeFe:sim00093,0.19034205,-0.24180503,0,1,1
r3.0:C:cn12:CCCCFeFeFeFeFeFeFeFe:sim00097,0.18525219,-0.22187775,0,1,1
r3.0:C:cn12:CCCCFeFeFeFeFeFeFeFe:sim00101,0.16475061,-0.22906019,0,1,1
r3.0:C:cn12:CCCCFeFeFeFeFeFeFeFe:sim00105,0.16477352,-0.22836091,0,1,1
r3.0:C:cn12:CCCCFeFeFeFeFeFeFeFe:sim00109,0.16484392,-0.22863247,0,1,1
r3.0:C:cn12:CCCCFeFeFeFeFeFeFeFe:sim00113,0.17418545,-0.19563065,0,1,1
r3.0:C:cn12:CCCCFeFeFeFeFeFeFeFe:sim00117,0.14849888,-0.1895182,0,1,1
r3.0:C:cn12:CCCCFeFeFeFeFeFeFeFe:sim00121,0.15525059,-0.20735396,0,1,1
r3.0:C:cn12:CCCCFeFeFeFeFeFeFeFe:sim00125,0.16233408,-0.20556881,0,1,1
r3.0:C:cn12:CCCCFeFeFeFeFeFeFeFe:sim00129,0.16226681,-0.20572762,0,1,1
r3.0:C:cn12:CCCFeFeFeFeFeFeFeFeFe:sim00001,0.21380328,-0.17012048,0,1,1
r3.0:C:cn12:CCCFeFeFeFeFeFeFeFeFe:sim00005,0.23087592,-0.15715384,0,1,1
r3.0:C:cn12:CCCFeFeFeFeFeFeFeFeFe:sim00009,0.21930893,-0.16688389,0,1,1
r3.0:C:cn12:CCCFeFeFeFeFeFeFeFeFe:sim00013,0.20294668,-0.15153389,0,1,1
r3.0:C:cn12:CCCFeFeFeFeFeFeFeFeFe:sim00017,0.20185205,-0.15206088,0,1,1
r3.0:C:cn12:CCCFeFeFeFeFeFeFeFeFe:sim00021,0.20129986,-0.14748041,0,1,1
r3.0:C:cn12:CCCFeFeFeFeFeFeFeFeFe:sim00025,0.19978862,-0.1487731,0,1,1
r3.0:C:cn12:CCCFeFeFeFeFeFeFeFeFe:sim00029,0.18964863,-0.15770769,0,1,1
r3.0:C:cn12:CCCFeFeFeFeFeFeFeFeFe:sim00033,0.20032302,-0.14666566,0,1,1
r3.0:C:cn12:CCCFeFeFeFeFeFeFeFeFe:sim00037,0.20066714,-0.14638107,0,1,1
r3.0:C:cn12:CCCFeFeFeFeFeFeFeFeFe:sim00041,0.20158854,-0.14530434,0,1,1
r3.0:C:cn12:CCCFeFeFeFeFeFeFeFeFe:sim00045,0.21413057,-0.15631025,0,1,1
r3.0:C:cn12:CCCFeFeFeFeFeFeFeFeFe:sim00049,0.18580006,-0.13575187,0,1,1
r3.0:C:cn12:CCCFeFeFeFeFeFeFeFeFe:sim00053,0.20720172,-0.14385307,0,1,1
r3.0:C:cn12:CCCFeFeFeFeFeFeFeFeFe:sim00057,0.20439239,-0.14565291,0,1,1
r3.0:C:cn12:CCCFeFeFeFeFeFeFeFeFe:sim00061,0.18031241,-0.16407077,0,1,1
r3.0:C:cn12:CCCFeFeFeFeFeFeFeFeFe:sim00065,0.2119253,-0.13606773,0,1,1
r3.0:C:cn12:CCCFeFeFeFeFeFeFeFeFe:sim00069,0.21381059,-0.13287154,0,1,1
r3.0:C:cn12:CCCFeFeFeFeFeFeFeFeFe:sim00073,0.19580156,-0.14948745,0,1,1
r3.0:C:cn12:CCCFeFeFeFeFeFeFeFeFe:sim00077,0.20056143,-0.1468959,0,1,1
r3.0:C:cn12:CCCFeFeFeFeFeFeFeFeFe:sim00081,0.229442,-0.14746509,0,1,1
r3.0:C:cn12:CCFeFeFeFeFeFeFeFeFeFe:sim00002,0.25071567,-0.11010847,0,1,1
r3.0:C:cn12:CCFeFeFeFeFeFeFeFeFeFe:sim00006,0.2300612,-0.10370497,0,1,1
r3.0:C:cn13:CCCCCCCFeFeFeFeFeFe:sim00004,0.029390091,-0.49561799,0,1,1
r3.0:C:cn13:CCCCCCFeFeFeFeFeFeFe:sim00001,0.065281883,-0.38827026,0,1,1
r3.0:C:cn13:CCCCCCFeFeFeFeFeFeFe:sim00005,0.065410361,-0.38093543,0,1,1
r3.0:C:cn13:CCCCCCFeFeFeFeFeFeFe:sim00009,0.076092921,-0.37321582,0,1,1
r3.0:C:cn13:CCCCCCFeFeFeFeFeFeFe:sim00013,0.044805191,-0.36671761,0,1,1
r3.0:C:cn13:CCCCCCFeFeFeFeFeFeFe:sim00017,0.042926103,-0.3662768,0,1,1
r3.0:C:cn13:CCCCCFeFeFeFeFeFeFeFe:sim00003,0.12836273,-0.29031995,0,1,1
r3.0:C:cn13:CCCCCFeFeFeFeFeFeFeFe:sim00007,0.10160668,-0.28995097,0,1,1
r3.0:C:cn13:CCCCCFeFeFeFeFeFeFeFe:sim00011,0.095957525,-0.26499641,0,1,1
r3.0:C:cn13:CCCCCFeFeFeFeFeFeFeFe:sim00015,0.086099811,-0.27385384,0,1,1
r3.0:C:cn13:CCCCCFeFeFeFeFeFeFeFe:sim00019,0.071208827,-0.25388575,0,1,1
r3.0:C:cn13:CCCCCFeFeFeFeFeFeFeFe:sim00023,0.09379749,-0.2644119,0,1,1
r3.0:C:cn13:CCCCCFeFeFeFeFeFeFeFe:sim00027,0.08378347,-0.26971298,0,1,1
r3.0:C:cn13:CCCCCFeFeFeFeFeFeFeFe:sim00031,0.12414609,-0.29304677,0,1,1
r3.0:C:cn13:CCCCCFeFeFeFeFeFeFeFe:sim00035,0.07315851,-0.2766743,0,1,1
r3.0:C:cn13:CCCCFeFeFeFeFeFeFeFeFe:sim00004,0.13156359,-0.20984863,0,1,1
r3.0:C:cn13:CCCCFeFeFeFeFeFeFeFeFe:sim00008,0.15814072,-0.21412782,0,1,1
r3.0:C:cn13:CCCCFeFeFeFeFeFeFeFeFe:sim00012,0.11381729,-0.19580983,0,1,1
r3.0:C:cn13:CCCCFeFeFeFeFeFeFeFeFe:sim00016,0.096622832,-0.16908173,0,1,1
r3.0:C:cn13:CCCCFeFeFeFeFeFeFeFeFe:sim00020,0.115032,-0.19134636,0,1,1
r3.0:C:cn13:CCCCFeFeFeFeFeFeFeFeFe:sim00024,0.11716777,-0.2180602,0,1,1
r3.0:C:cn14:CCCCCCCFeFeFeFeFeFeFe:sim00001,0.070909671,-0.43532553,0,1,1
r3.0:C:cn14:CCCCCFeFeFeFeFeFeFeFeFe:sim00001,0.1276252,-0.24465485,0,1,1
r3.0:C:cn14:CCCCCFeFeFeFeFeFeFeFeFe:sim00005,0.12738447,-0.23889481,0,1,1
r3.0:C:cn14:CCCCCFeFeFeFeFeFeFeFeFe:sim00009,0.12613408,-0.23990279,0,1,1
r3.0:C:cn5:FeFeFeFeFe:sim00002,0.1520739,-0.24359038,0,1,1
r3.0:C:cn6:CFeFeFeFeFe:sim00004,0.17775473,-0.26964331,0,1,1
r3.0:C:cn6:CFeFeFeFeFe:sim00008,0.21627754,-0.29036045,0,1,1
r3.0:C:cn6:FeFeFeFeFeFe:sim00004,0.16954564,-0.20158231,0,1,1
r3.0:C:cn6:FeFeFeFeFeFe:sim00008,0.20182909,-0.21666312,0,1,1
r3.0:C:cn6:FeFeFeFeFeFe:sim00012,0.14727151,-0.18854076,0,1,1
r3.0:C:cn6:FeFeFeFeFeFe:sim00016,0.15767084,-0.17891464,0,1,1
r3.0:C:cn6:FeFeFeFeFeFe:sim00020,0.12388528,-0.16607113,0,1,1
r3.0:C:cn6:FeFeFeFeFeFe:sim00024,0.15780438,-0.20906921,0,1,1
r3.0:C:cn7:CCFeFeFeFeFe:sim00003,0.11567542,-0.3512117,0,1,1
r3.0:C:cn7:CCFeFeFeFeFe:sim00007,0.074294411,-0.34998578,0,1,1
r3.0:C:cn7:CFeFeFeFeFeFe:sim00004,0.17281845,-0.22787157,0,1,1
r3.0:C:cn7:CFeFeFeFeFeFe:sim00008,0.20851347,-0.23398341,0,1,1
r3.0:C:cn7:CFeFeFeFeFeFe:sim00012,0.16539569,-0.20190938,0,1,1
r3.0:C:cn7:CFeFeFeFeFeFe:sim00016,0.16048683,-0.20242709,0,1,1
r3.0:C:cn7:CFeFeFeFeFeFe:sim00020,0.15035528,-0.20030481,0,1,1
r3.0:C:cn7:CFeFeFeFeFeFe:sim00024,0.17421938,-0.26845592,0,1,1
r3.0:C:cn7:CFeFeFeFeFeFe:sim00028,0.14996593,-0.20004073,0,1,1
r3.0:C:cn7:CFeFeFeFeFeFe:sim00032,0.1866582,-0.23157614,0,1,1
r3.0:C:cn7:CFeFeFeFeFeFe:sim00036,0.1401279,-0.19857624,0,1,1
r3.0:C:cn7:CFeFeFeFeFeFe:sim00040,0.14962383,-0.19731824,0,1,1
r3.0:C:cn7:CFeFeFeFeFeFe:sim00044,0.14935949,-0.19942167,0,1,1
r3.0:C:cn7:CFeFeFeFeFeFe:sim00048,0.10490456,-0.19894345,0,1,1
r3.0:C:cn7:CFeFeFeFeFeFe:sim00052,0.15358937,-0.19660366,0,1,1
r3.0:C:cn7:CFeFeFeFeFeFe:sim00056,0.14773946,-0.19776177,0,1,1
r3.0:C:cn7:CFeFeFeFeFeFe:sim00060,0.15055734,-0.1973373,0,1,1
r3.0:C:cn7:CFeFeFeFeFeFe:sim00064,0.17349558,-0.2269121,0,1,1
r3.0:C:cn7:CFeFeFeFeFeFe:sim00068,0.15076816,-0.19711304,0,1,1
r3.0:C:cn7:CFeFeFeFeFeFe:sim00072,0.12919338,-0.18193661,0,1,1
r3.0:C:cn7:FeFeFeFeFeFeFe:sim00004,0.15129656,-0.1193555,0,1,1
r3.0:C:cn7:FeFeFeFeFeFeFe:sim00008,0.18239497,-0.15389886,0,1,1
r3.0:C:cn7:FeFeFeFeFeFeFe:sim00012,0.13695954,-0.1263838,0,1,1
r3.0:C:cn7:FeFeFeFeFeFeFe:sim00016,0.14280365,-0.12246528,0,1,1
r3.0:C:cn7:FeFeFeFeFeFeFe:sim00020,0.12115467,-0.13390197,0,1,1
r3.0:C:cn7:FeFeFeFeFeFeFe:sim00024,0.12412042,-0.16969408,0,1,1
r3.0:C:cn7:FeFeFeFeFeFeFe:sim00028,0.13364181,-0.12214212,0,1,1
r3.0:C:cn7:FeFeFeFeFeFeFe:sim00032,0.13268238,-0.12083097,0,1,1
r3.0:C:cn7:FeFeFeFeFeFeFe:sim00036,0.12714498,-0.12277883,0,1,1
r3.0:C:cn7:FeFeFeFeFeFeFe:sim00040,0.13301471,-0.12002095,0,1,1
r3.0:C:cn7:FeFeFeFeFeFeFe:sim00044,0.13288017,-0.12018121,0,1,1
r3.0:C:cn7:FeFeFeFeFeFeFe:sim00048,0.079751082,-0.14091392,0,1,1
r3.0:C:cn7:FeFeFeFeFeFeFe:sim00052,0.13490154,-0.11913708,0,1,1
r3.0:C:cn7:FeFeFeFeFeFeFe:sim00056,0.13159782,-0.1199711,0,1,1
r3.0:C:cn7:FeFeFeFeFeFeFe:sim00060,0.1339567,-0.11984881,0,1,1
r3.0:C:cn7:FeFeFeFeFeFeFe:sim00064,0.13344464,-0.11984085,0,1,1
r3.0:C:cn7:FeFeFeFeFeFeFe:sim00068,0.11984748,-0.13938533,0,1,1
r3.0:C:cn8:CCCFeFeFeFeFe:sim00001,0.08216764,-0.4143987,0,1,1
r3.0:C:cn8:CCCFeFeFeFeFe:sim00005,0.091053374,-0.40236658,0,1,1
r3.0:C:cn8:CCFeFeFeFeFeFe:sim00004,0.13116208,-0.27382329,0,1,1
r3.0:C:cn8:CCFeFeFeFeFeFe:sim00008,0.16699594,-0.28032556,0,1,1
r3.0:C:cn8:CCFeFeFeFeFeFe:sim00012,0.11634973,-0.25254464,0,1,1
r3.0:C:cn8:CCFeFeFeFeFeFe:sim00016,0.12251589,-0.24823096,0,1,1
r3.0:C:cn8:CCFeFeFeFeFeFe:sim00020,0.10828175,-0.24746226,0,1,1
r3.0:C:cn8:CCFeFeFeFeFeFe:sim00024,0.073175155,-0.25349265,0,1,1
r3.0:C:cn8:CCFeFeFeFeFeFe:sim00028,0.1083412,-0.24712032,0,1,1
r3.0:C:cn8:CCFeFeFeFeFeFe:sim00032,0.10719164,-0.2451728,0,1,1
r3.0:C:cn8:CCFeFeFeFeFeFe:sim00036,0.10093132,-0.2476891,0,1,1
r3.0:C:cn8:CCFeFeFeFeFeFe:sim00040,0.1073439,-0.24433847,0,1,1
r3.0:C:cn8:CCFeFeFeFeFeFe:sim00044,0.10754234,-0.24491496,0,1,1
r3.0:C:cn8:CCFeFeFeFeFeFe:sim00048,0.063075833,-0.24634251,0,1,1
r3.0:C:cn8:CCFeFeFeFeFeFe:sim00052,0.11268082,-0.24233298,0,1,1
r3.0:C:cn8:CCFeFeFeFeFeFe:sim00056,0.11556528,-0.23644371,0,1,1
r3.0:C:cn8:CCFeFeFeFeFeFe:sim00060,0.10900868,-0.24426486,0,1,1
r3.0:C:cn8:CCFeFeFeFeFeFe:sim00064,0.10835515,-0.24450076,0,1,1
r3.0:C:cn8:CCFeFeFeFeFeFe:sim00068,0.10895398,-0.24436165,0,1,1
r3.0:C:cn8:CCFeFeFeFeFeFe:sim00072,0.12764807,-0.26015753,0,1,1
r3.0:C:cn8:CCFeFeFeFeFeFe:sim00076,0.10792011,-0.24527407,0,1,1
r3.0:C:cn8:CCFeFeFeFeFeFe:sim00080,0.16178872,-0.2389567,0,1,1
r3.0:C:cn8:CCFeFeFeFeFeFe:sim00084,0.14385262,-0.25147328,0,1,1
r3.0:C:cn8:CCFeFeFeFeFeFe:sim00088,0.15026873,-0.24724714,0,1,1
r3.0:C:cn8:CCFeFeFeFeFeFe:sim00092,0.1080542,-0.24327639,0,1,1
r3.0:C:cn8:CCFeFeFeFeFeFe:sim00096,0.11276857,-0.2433655,0,1,1
r3.0:C:cn8:CCFeFeFeFeFeFe:sim00100,0.091592155,-0.25236908,0,1,1
r3.0:C:cn8:CCFeFeFeFeFeFe:sim00104,0.091643192,-0.25215214,0,1,1
r3.0:C:cn8:CCFeFeFeFeFeFe:sim00108,0.087209493,-0.26441285,0,1,1
r3.0:C:cn8:CCFeFeFeFeFeFe:sim00112,0.10460117,-0.20896316,0,1,1
r3.0:C:cn8:CCFeFeFeFeFeFe:sim00116,0.10156856,-0.21260004,0,1,1
r3.0:C:cn8:CCFeFeFeFeFeFe:sim00120,0.088361606,-0.22218092,0,1,1
r3.0:C:cn8:CCFeFeFeFeFeFe:sim00124,0.060184497,-0.19199778,0,1,1
r3.0:C:cn8:CCFeFeFeFeFeFe:sim00128,0.10894221,-0.23682281,0,1,1
r3.0:C:cn8:CCFeFeFeFeFeFe:sim00132,0.086091489,-0.22294341,0,1,1
r3.0:C:cn8:CCFeFeFeFeFeFe:sim00136,0.067457661,-0.24427798,0,1,1
r3.0:C:cn8:CCFeFeFeFeFeFe:sim00140,0.030444747,-0.27767989,0,1,1
r3.0:C:cn8:CCFeFeFeFeFeFe:sim00144,0.067143783,-0.27818921,0,1,1
r3.0:C:cn8:CFeFeFeFeFeFeFe:sim00001,0.20094675,-0.20530879,0,1,1
r3.0:C:cn8:CFeFeFeFeFeFeFe:sim00005,0.18082716,-0.17172392,0,1,1
r3.0:C:cn8:CFeFeFeFeFeFeFe:sim00009,0.17969747,-0.1731579,0,1,1
r3.0:C:cn8:CFeFeFeFeFeFeFe:sim00013,0.16225989,-0.15303743,0,1,1
r3.0:C:cn8:CFeFeFeFeFeFeFe:sim00017,0.16252087,-0.18946411,0,1,1
r3.0:C:cn8:CFeFeFeFeFeFeFe:sim00021,0.15944414,-0.14567222,0,1,1
r3.0:C:cn8:CFeFeFeFeFeFeFe:sim00025,0.15509346,-0.14987096,0,1,1
r3.0:C:cn8:CFeFeFeFeFeFeFe:sim00029,0.15479533,-0.14987662,0,1,1
r3.0:C:cn8:CFeFeFeFeFeFeFe:sim00033,0.13807842,-0.19564031,0,1,1
r3.0:C:cn8:CFeFeFeFeFeFeFe:sim00037,0.156068,-0.14691868,0,1,1
r3.0:C:cn8:CFeFeFeFeFeFeFe:sim00041,0.15774782,-0.1453169,0,1,1
r3.0:C:cn8:CFeFeFeFeFeFeFe:sim00045,0.17216468,-0.16209911,0,1,1
r3.0:C:cn8:CFeFeFeFeFeFeFe:sim00049,0.15032069,-0.14879206,0,1,1
r3.0:C:cn8:CFeFeFeFeFeFeFe:sim00053,0.17431484,-0.13335575,0,1,1
r3.0:C:cn8:CFeFeFeFeFeFeFe:sim00057,0.16012342,-0.14521748,0,1,1
r3.0:C:cn8:CFeFeFeFeFeFeFe:sim00061,0.14328992,-0.15657878,0,1,1
r3.0:C:cn8:CFeFeFeFeFeFeFe:sim00065,0.14795075,-0.12438401,0,1,1
r3.0:C:cn8:CFeFeFeFeFeFeFe:sim00069,0.15958169,-0.1453927,0,1,1
r3.0:C:cn8:CFeFeFeFeFeFeFe:sim00073,0.15029091,-0.15073839,0,1,1
r3.0:C:cn8:CFeFeFeFeFeFeFe:sim00077,0.1560501,-0.14707981,0,1,1
r3.0:C:cn8:CFeFeFeFeFeFeFe:sim00081,0.19145902,-0.14846857,0,1,1
r3.0:C:cn8:CFeFeFeFeFeFeFe:sim00085,0.19925767,-0.15542518,0,1,1
r3.0:C:cn8:CFeFeFeFeFeFeFe:sim00089,0.20114078,-0.14172703,0,1,1
r3.0:C:cn8:CFeFeFeFeFeFeFe:sim00093,0.17178985,-0.1643541,0,1,1
r3.0:C:cn8:CFeFeFeFeFeFeFe:sim00097,0.16461745,-0.14408247,0,1,1
r3.0:C:cn8:CFeFeFeFeFeFeFe:sim00101,0.14207557,-0.15424204,0,1,1
r3.0:C:cn8:CFeFeFeFeFeFeFe:sim00105,0.15679641,-0.14151925,0,1,1
r3.0:C:cn8:CFeFeFeFeFeFeFe:sim00109,0.14033344,-0.16365525,0,1,1
r3.0:C:cn8:CFeFeFeFeFeFeFe:sim00113,0.15644497,-0.14149979,0,1,1
r3.0:C:cn8:CFeFeFeFeFeFeFe:sim00117,0.12525755,-0.10561686,0,1,1
r3.0:C:cn8:CFeFeFeFeFeFeFe:sim00121,0.13629796,-0.12614346,0,1,1
r3.0:C:cn8:CFeFeFeFeFeFeFe:sim00125,0.13912436,-0.12624241,0,1,1
r3.0:C:cn8:CFeFeFeFeFeFeFe:sim00129,0.13907112,-0.1259595,0,1,1
r3.0:C:cn8:CFeFeFeFeFeFeFe:sim00133,0.13851973,-0.12728545,0,1,1
r3.0:C:cn8:CFeFeFeFeFeFeFe:sim00137,0.099854179,-0.11803908,0,1,1
r3.0:C:cn8:CFeFeFeFeFeFeFe:sim00141,0.09120097,-0.1679727,0,1,1
r3.0:C:cn8:CFeFeFeFeFeFeFe:sim00145,0.1213323,-0.1750989,0,1,1
r3.0:C:cn8:CFeFeFeFeFeFeFe:sim00149,0.10775045,-0.18128267,0,1,1
r3.0:C:cn8:CFeFeFeFeFeFeFe:sim00153,0.16354394,-0.15276417,0,1,1
r3.0:C:cn8:CFeFeFeFeFeFeFe:sim00157,0.12721729,-0.12421824,0,1,1
r3.0:C:cn8:CFeFeFeFeFeFeFe:sim00161,0.1592515,-0.10252967,0,1,1
r3.0:C:cn8:CFeFeFeFeFeFeFe:sim00165,0.15636525,-0.13062234,0,1,1
r3.0:C:cn8:CFeFeFeFeFeFeFe:sim00169,0.14212695,-0.12584296,0,1,1
r3.0:C:cn8:CFeFeFeFeFeFeFe:sim00173,0.1426851,-0.12365116,0,1,1
r3.0:C:cn8:CFeFeFeFeFeFeFe:sim00177,0.13655064,-0.12736554,0,1,1
r3.0:C:cn8:CFeFeFeFeFeFeFe:sim00181,0.13900717,-0.12665862,0,1,1
r3.0:C:cn8:CFeFeFeFeFeFeFe:sim00185,0.17839326,-0.12548809,0,1,1
r3.0:C:cn8:CFeFeFeFeFeFeFe:sim00189,0.13893081,-0.12639853,0,1,1
r3.0:C:cn8:CFeFeFeFeFeFeFe:sim00193,0.14591607,-0.11266711,0,1,1
r3.0:C:cn8:CFeFeFeFeFeFeFe:sim00197,0.14086309,-0.11653181,0,1,1
r3.0:C:cn8:CFeFeFeFeFeFeFe:sim00201,0.11247417,-0.13901088,0,1,1
r3.0:C:cn8:CFeFeFeFeFeFeFe:sim00205,0.13210207,-0.12344255,0,1,1
r3.0:C:cn8:CFeFeFeFeFeFeFe:sim00209,0.13540101,-0.12221747,0,1,1
r3.0:C:cn8:CFeFeFeFeFeFeFe:sim00213,0.1347197,-0.12183771,0,1,1
r3.0:C:cn8:FeFeFeFeFeFeFeFe:sim00004,0.18575582,-0.11556149,0,1,1
r3.0:C:cn8:FeFeFeFeFeFeFeFe:sim00008,0.21362154,-0.12061967,0,1,1
r3.0:C:cn8:FeFeFeFeFeFeFeFe:sim00012,0.17343546,-0.096100211,0,1,1
r3.0:C:cn8:FeFeFeFeFeFeFeFe:sim00016,0.17883086,-0.092285357,0,1,1
r3.0:C:cn8:FeFeFeFeFeFeFeFe:sim00020,0.16760084,-0.093676902,0,1,1
r3.0:C:cn8:FeFeFeFeFeFeFeFe:sim00024,0.16899107,-0.1251213,0,1,1
r3.0:C:cn8:FeFeFeFeFeFeFeFe:sim00028,0.16750285,-0.09362942,0,1,1
r3.0:C:cn8:FeFeFeFeFeFeFeFe:sim00032,0.16380827,-0.06693919,0,1,1
r3.0:C:cn8:FeFeFeFeFeFeFeFe:sim00036,0.15736197,-0.095383532,0,1,1
r3.0:C:cn8:FeFeFeFeFeFeFeFe:sim00040,0.1670796,-0.090924501,0,1,1
r3.0:C:cn8:FeFeFeFeFeFeFeFe:sim00044,0.16969869,-0.11625323,0,1,1
r3.0:C:cn8:FeFeFeFeFeFeFeFe:sim00048,0.13377827,-0.084075153,0,1,1
r3.0:C:cn8:FeFeFeFeFeFeFeFe:sim00052,0.16811892,-0.092820123,0,1,1
r3.0:C:cn8:FeFeFeFeFeFeFeFe:sim00056,0.17098945,-0.087861918,0,1,1
r3.0:C:cn8:FeFeFeFeFeFeFeFe:sim00060,0.16791387,-0.091046914,0,1,1
r3.0:C:cn8:FeFeFeFeFeFeFeFe:sim00064,0.16774455,-0.091466084,0,1,1
r3.0:C:cn8:FeFeFeFeFeFeFeFe:sim00068,0.16781241,-0.091114499,0,1,1
r3.0:C:cn8:FeFeFeFeFeFeFeFe:sim00072,0.17159778,-0.089813992,0,1,1
r3.0:C:cn8:FeFeFeFeFeFeFeFe:sim00076,0.16709584,-0.091979407,0,1,1
r3.0:C:cn8:FeFeFeFeFeFeFeFe:sim00080,0.19639294,-0.09646862,0,1,1
r3.0:C:cn8:FeFeFeFeFeFeFeFe:sim00084,0.19080842,-0.098133408,0,1,1
r3.0:C:cn8:FeFeFeFeFeFeFeFe:sim00088,0.20030749,-0.093123093,0,1,1
r3.0:C:cn8:FeFeFeFeFeFeFeFe:sim00092,0.17020531,-0.090493634,0,1,1
r3.0:C:cn8:FeFeFeFeFeFeFeFe:sim00096,0.1709758,-0.090496689,0,1,1
r3.0:C:cn8:FeFeFeFeFeFeFeFe:sim00100,0.15479207,-0.097300418,0,1,1
r3.0:C:cn8:FeFeFeFeFeFeFeFe:sim00104,0.15443549,-0.098713458,0,1,1
r3.0:C:cn8:FeFeFeFeFeFeFeFe:sim00108,0.15735666,-0.096032366,0,1,1
r3.0:C:cn8:FeFeFeFeFeFeFeFe:sim00112,0.16386518,-0.061196472,0,1,1
r3.0:C:cn8:FeFeFeFeFeFeFeFe:sim00116,0.16152941,-0.064300671,0,1,1
r3.0:C:cn8:FeFeFeFeFeFeFeFe:sim00120,0.15147591,-0.072984122,0,1,1
r3.0:C:cn8:FeFeFeFeFeFeFeFe:sim00124,0.15149388,-0.072896816,0,1,1
r3.0:C:cn8:FeFeFeFeFeFeFeFe:sim00128,0.15303953,-0.07189279,0,1,1
r3.0:C:cn8:FeFeFeFeFeFeFeFe:sim00132,0.14592636,-0.074291289,0,1,1
r3.0:C:cn8:FeFeFeFeFeFeFeFe:sim00136,0.1210599,-0.077409148,0,1,1
r3.0:C:cn8:FeFeFeFeFeFeFeFe:sim00140,0.10108029,-0.1186749,0,1,1
r3.0:C:cn8:FeFeFeFeFeFeFeFe:sim00144,0.13632543,-0.11547279,0,1,1
r3.0:C:cn9:CCCFeFeFeFeFeFe:sim00001,0.10428959,-0.35212871,0,1,1
r3.0:C:cn9:CCCFeFeFeFeFeFe:sim00005,0.11562283,-0.33649322,0,1,1
r3.0:C:cn9:CCCFeFeFeFeFeFe:sim00009,0.077780351,-0.30571923,0,1,1
r3.0:C:cn9:CCCFeFeFeFeFeFe:sim00013,0.090451673,-0.31824645,0,1,1
r3.0:C:cn9:CCCFeFeFeFeFeFe:sim00017,0.089627631,-0.31686687,0,1,1
r3.0:C:cn9:CCCFeFeFeFeFeFe:sim00021,0.088005483,-0.31370559,0,1,1
r3.0:C:cn9:CCCFeFeFeFeFeFe:sim00025,0.055888493,-0.34916493,0,1,1
r3.0:C:cn9:CCCFeFeFeFeFeFe:sim00029,0.066987976,-0.29938233,0,1,1
r3.0:C:cn9:CCCFeFeFeFeFeFe:sim00033,0.087340191,-0.31154868,0,1,1
r3.0:C:cn9:CCCFeFeFeFeFeFe:sim00037,0.12489218,-0.343474,0,1,1
r3.0:C:cn9:CCCFeFeFeFeFeFe:sim00041,0.085975558,-0.3131144,0,1,1
r3.0:C:cn9:CCCFeFeFeFeFeFe:sim00045,0.10565849,-0.32788503,0,1,1
r3.0:C:cn9:CCCFeFeFeFeFeFe:sim00049,0.087221444,-0.31090099,0,1,1
r3.0:C:cn9:CCCFeFeFeFeFeFe:sim00053,0.092093952,-0.30850279,0,1,1
r3.0:C:cn9:CCCFeFeFeFeFeFe:sim00057,0.076513797,-0.32000771,0,1,1
r3.0:C:cn9:CCCFeFeFeFeFeFe:sim00061,0.073500812,-0.31957543,0,1,1
r3.0:C:cn9:CCCFeFeFeFeFeFe:sim00065,0.069763891,-0.28806844,0,1,1
r3.0:C:cn9:CCCFeFeFeFeFeFe:sim00069,0.083451964,-0.31211659,0,1,1
r3.0:C:cn9:CCCFeFeFeFeFeFe:sim00073,0.079579458,-0.31284013,0,1,1
r3.0:C:cn9:CCCFeFeFeFeFeFe:sim00077,0.087701142,-0.31086817,0,1,1
r3.0:C:cn9:CCCFeFeFeFeFeFe:sim00081,0.12995641,-0.31047803,0,1,1
r3.0:C:cn9:CCCFeFeFeFeFeFe:sim00085,0.15339334,-0.30843785,0,1,1
r3.0:C:cn9:CCCFeFeFeFeFeFe:sim00089,0.12318036,-0.31792343,0,1,1
r3.0:C:cn9:CCCFeFeFeFeFeFe:sim00093,0.1251407,-0.34477004,0,1,1
r3.0:C:cn9:CCCFeFeFeFeFeFe:sim00097,0.075207479,-0.32243982,0,1,1
r3.0:C:cn9:CCCFeFeFeFeFeFe:sim00101,0.059179798,-0.31975144,0,1,1
r3.0:C:cn9:CCCFeFeFeFeFeFe:sim00105,0.068428554,-0.31724495,0,1,1
r3.0:C:cn9:CCCFeFeFeFeFeFe:sim00109,0.067976035,-0.31747675,0,1,1
r3.0:C:cn9:CCCFeFeFeFeFeFe:sim00113,0.079978734,-0.27675539,0,1,1
r3.0:C:cn9:CCCFeFeFeFeFeFe:sim00117,0.041944534,-0.2384696,0,1,1
r3.0:C:cn9:CCCFeFeFeFeFeFe:sim00121,0.058348704,-0.29181007,0,1,1
r3.0:C:cn9:CCCFeFeFeFeFeFe:sim00125,0.05837949,-0.29105535,0,1,1
r3.0:C:cn9:CCCFeFeFeFeFeFe:sim00129,0.078471996,-0.27736863,0,1,1
r3.0:C:cn9:CCCFeFeFeFeFeFe:sim00133,0.065565437,-0.28860191,0,1,1
r3.0:C:cn9:CCCFeFeFeFeFeFe:sim00137,0.015594837,-0.29408753,0,1,1
r3.0:C:cn9:CCCFeFeFeFeFeFe:sim00141,0.0087167444,-0.33534497,0,1,1
r3.0:C:cn9:CCCFeFeFeFeFeFe:sim00145,0.062076304,-0.35507262,0,1,1
r3.0:C:cn9:CCCFeFeFeFeFeFe:sim00149,0.030406248,-0.34797519,0,1,1
r3.0:C:cn9:CCCFeFeFeFeFeFe:sim00153,0.088423193,-0.32656771,0,1,1
r3.0:C:cn9:CCCFeFeFeFeFeFe:sim00157,0.060681153,-0.28796354,0,1,1
r3.0:C:cn9:CCCFeFeFeFeFeFe:sim00161,0.094036564,-0.26364827,0,1,1
r3.0:C:cn9:CCCFeFeFeFeFeFe:sim00165,0.059572048,-0.2646274,0,1,1
r3.0:C:cn9:CCCFeFeFeFeFeFe:sim00169,0.071185805,-0.28937864,0,1,1
r3.0:C:cn9:CCCFeFeFeFeFeFe:sim00173,0.071908824,-0.28586721,0,1,1
r3.0:C:cn9:CCCFeFeFeFeFeFe:sim00177,0.071559027,-0.28634655,0,1,1
r3.0:C:cn9:CCCFeFeFeFeFeFe:sim00181,0.065568201,-0.28175625,0,1,1
r3.0:C:cn9:CCFeFeFeFeFeFeFe:sim00004,0.14687996,-0.2303765,0,1,1
r3.0:C:cn9:CCFeFeFeFeFeFeFe:sim00008,0.18632555,-0.23202308,0,1,1
r3.0:C:cn9:CCFeFeFeFeFeFeFe:sim00012,0.12906432,-0.210051,0,1,1
r3.0:C:cn9:CCFeFeFeFeFeFeFe:sim00016,0.13777164,-0.20640442,0,1,1
r3.0:C:cn9:CCFeFeFeFeFeFeFe:sim00020,0.12552616,-0.20624439,0,1,1
r3.0:C:cn9:CCFeFeFeFeFeFeFe:sim00024,0.12898129,-0.2473509,0,1,1
r3.0:C:cn9:CCFeFeFeFeFeFeFe:sim00028,0.12539226,-0.20611438,0,1,1
r3.0:C:cn9:CCFeFeFeFeFeFeFe:sim00032,0.12605688,-0.1948653,0,1,1
r3.0:C:cn9:CCFeFeFeFeFeFeFe:sim00036,0.11899792,-0.20666988,0,1,1
r3.0:C:cn9:CCFeFeFeFeFeFeFe:sim00040,0.12505114,-0.20365696,0,1,1
r3.0:C:cn9:CCFeFeFeFeFeFeFe:sim00044,0.12482969,-0.20406605,0,1,1
r3.0:C:cn9:CCFeFeFeFeFeFeFe:sim00048,0.086328395,-0.20522815,0,1,1
r3.0:C:cn9:CCFeFeFeFeFeFeFe:sim00052,0.15010449,-0.18163854,0,1,1
r3.0:C:cn9:CCFeFeFeFeFeFeFe:sim00056,0.1291445,-0.20028476,0,1,1
r3.0:C:cn9:CCFeFeFeFeFeFeFe:sim00060,0.12615758,-0.20337632,0,1,1
r3.0:C:cn9:CCFeFeFeFeFeFeFe:sim00064,0.12548089,-0.20388572,0,1,1
r3.0:C:cn9:CCFeFeFeFeFeFeFe:sim00068,0.12565,-0.20385796,0,1,1
r3.0:C:cn9:CCFeFeFeFeFeFeFe:sim00072,0.10654935,-0.19046111,0,1,1
r3.0:C:cn9:CCFeFeFeFeFeFeFe:sim00076,0.12659489,-0.20391966,0,1,1
r3.0:C:cn9:CCFeFeFeFeFeFeFe:sim00080,0.16930746,-0.21160507,0,1,1
r3.0:C:cn9:CCFeFeFeFeFeFeFe:sim00084,0.15906742,-0.20847781,0,1,1
r3.0:C:cn9:CCFeFeFeFeFeFeFe:sim00088,0.16578829,-0.20581475,0,1,1
r3.0:C:cn9:CCFeFeFeFeFeFeFe:sim00092,0.12356763,-0.20471795,0,1,1
r3.0:C:cn9:CCFeFeFeFeFeFeFe:sim00096,0.12040497,-0.20649379,0,1,1
r3.0:C:cn9:CCFeFeFeFeFeFeFe:sim00100,0.075474188,-0.18221271,0,1,1
r3.0:C:cn9:CCFeFeFeFeFeFeFe:sim00104,0.10786714,-0.21062243,0,1,1
r3.0:C:cn9:CCFeFeFeFeFeFeFe:sim00108,0.10549437,-0.21111646,0,1,1
r3.0:C:cn9:CCFeFeFeFeFeFeFe:sim00112,0.1157952,-0.17574915,0,1,1
r3.0:C:cn9:CCFeFeFeFeFeFeFe:sim00116,0.11613584,-0.1746861,0,1,1
r3.0:C:cn9:CCFeFeFeFeFeFeFe:sim00120,0.10492646,-0.18229321,0,1,1
r3.0:C:cn9:CCFeFeFeFeFeFeFe:sim00124,0.10439349,-0.1851851,0,1,1
r3.0:C:cn9:CCFeFeFeFeFeFeFe:sim00128,0.10751276,-0.17627919,0,1,1
r3.0:C:cn9:CCFeFeFeFeFeFeFe:sim00132,0.10331067,-0.18424429,0,1,1
r3.0:C:cn9:CCFeFeFeFeFeFeFe:sim00136,0.086627029,-0.20391515,0,1,1
r3.0:C:cn9:CCFeFeFeFeFeFeFe:sim00140,0.025716173,-0.22455975,0,1,1
r3.0:C:cn9:CCFeFeFeFeFeFeFe:sim00144,0.0802067,-0.23350154,0,1,1
r3.0:C:cn9:CCFeFeFeFeFeFeFe:sim00148,0.061345115,-0.25717926,0,1,1
r3.0:C:cn9:CCFeFeFeFeFeFeFe:sim00152,0.1010451,-0.18482377,0,1,1
r3.0:C:cn9:CCFeFeFeFeFeFeFe:sim00156,0.058725536,-0.16661632,0,1,1
r3.0:C:cn9:CCFeFeFeFeFeFeFe:sim00160,0.11591137,-0.20602585,0,1,1
r3.0:C:cn9:CCFeFeFeFeFeFeFe:sim00164,0.083606087,-0.17272177,0,1,1
r3.0:C:cn9:CCFeFeFeFeFeFeFe:sim00168,0.11352244,-0.17996155,0,1,1
r3.0:C:cn9:CCFeFeFeFeFeFeFe:sim00172,0.10267838,-0.18469128,0,1,1
r3.0:C:cn9:CCFeFeFeFeFeFeFe:sim00176,0.10373449,-0.1844831,0,1,1
r3.0:C:cn9:CCFeFeFeFeFeFeFe:sim00180,0.12167279,-0.16443655,0,1,1
r3.0:C:cn9:CCFeFeFeFeFeFeFe:sim00184,0.10480628,-0.18380848,0,1,1
r3.0:C:cn9:CCFeFeFeFeFeFeFe:sim00188,0.10432021,-0.18410233,0,1,1
r3.0:C:cn9:CCFeFeFeFeFeFeFe:sim00192,0.089110434,-0.19361407,0,1,1
r3.0:C:cn9:CCFeFeFeFeFeFeFe:sim00196,0.10607027,-0.17416042,0,1,1
r3.0:C:cn9:CCFeFeFeFeFeFeFe:sim00200,0.096165977,-0.18963726,0,1,1
r3.0:C:cn9:CCFeFeFeFeFeFeFe:sim00204,0.10069563,-0.18072748,0,1,1
r3.0:C:cn9:CCFeFeFeFeFeFeFe:sim00208,0.12855707,-0.2328804,0,1,1
r3.0:C:cn9:CCFeFeFeFeFeFeFe:sim00212,0.1010905,-0.18167485,0,1,1
r3.0:C:cn9:CCFeFeFeFeFeFeFe:sim00216,0.10020825,-0.17938952,0,1,1
r3.0:C:cn9:CCFeFeFeFeFeFeFe:sim00220,0.10137939,-0.17996345,0,1,1
r3.0:C:cn9:CCFeFeFeFeFeFeFe:sim00224,0.10141073,-0.18032375,0,1,1
r3.0:C:cn9:CCFeFeFeFeFeFeFe:sim00228,0.10119958,-0.17975691,0,1,1
r3.0:C:cn9:CCFeFeFeFeFeFeFe:sim00232,0.096351683,-0.18430276,0,1,1
r3.0:C:cn9:CCFeFeFeFeFeFeFe:sim00236,0.12250334,-0.20922206,0,1,1
r3.0:C:cn9:CCFeFeFeFeFeFeFe:sim00240,0.10567963,-0.21417563,0,1,1
r3.0:C:cn9:CCFeFeFeFeFeFeFe:sim00244,0.10337216,-0.21465251,0,1,1
r3.0:C:cn9:CCFeFeFeFeFeFeFe:sim00248,0.10506961,-0.21389627,0,1,1
r3.0:C:cn9:CCFeFeFeFeFeFeFe:sim00252,0.091214694,-0.18468189,0,1,1
r3.0:C:cn9:CCFeFeFeFeFeFeFe:sim00256,0.083923005,-0.16537747,0,1,1
r3.0:C:cn9:CCFeFeFeFeFeFeFe:sim00260,0.094591536,-0.19166924,0,1,1
r3.0:C:cn9:CCFeFeFeFeFeFeFe:sim00264,0.095993757,-0.1819445,0,1,1
r3.0:C:cn9:CCFeFeFeFeFeFeFe:sim00268,0.097472847,-0.18208613,0,1,1
r3.0:C:cn9:CCFeFeFeFeFeFeFe:sim00272,0.099149667,-0.18070741,0,1,1
r3.0:C:cn9:CCFeFeFeFeFeFeFe:sim00276,0.10164254,-0.17970487,0,1,1
r3.0:C:cn9:CCFeFeFeFeFeFeFe:sim00280,0.10288579,-0.18685721,0,1,1
r3.0:C:cn9:CCFeFeFeFeFeFeFe:sim00284,0.10332429,-0.17878585,0,1,1
r3.0:C:cn9:CCFeFeFeFeFeFeFe:sim00288,0.082063504,-0.16633348,0,1,1
r3.0:C:cn9:CCFeFeFeFeFeFeFe:sim00292,0.10124966,-0.17967515,0,1,1
r3.0:C:cn9:CCFeFeFeFeFeFeFe:sim00296,0.06247976,-0.18086158,0,1,1
r3.0:C:cn9:CCFeFeFeFeFeFeFe:sim00300,0.083793394,-0.16226162,0,1,1
r3.0:C:cn9:CCFeFeFeFeFeFeFe:sim00304,0.10402457,-0.14921534,0,1,1
r3.0:C:cn9:CCFeFeFeFeFeFeFe:sim00308,0.11444043,-0.13003692,0,1,1
r3.0:C:cn9:CCFeFeFeFeFeFeFe:sim00312,0.11011885,-0.20209551,0,1,1
r3.0:C:cn9:CCFeFeFeFeFeFeFe:sim00316,0.10924792,-0.20241003,0,1,1
r3.0:C:cn9:CCFeFeFeFeFeFeFe:sim00320,0.10029037,-0.17858058,0,1,1
r3.0:C:cn9:CCFeFeFeFeFeFeFe:sim00324,0.074325375,-0.14571285,0,1,1
r3.0:C:cn9:CCFeFeFeFeFeFeFe:sim00328,0.10027455,-0.17846391,0,1,1
r3.0:C:cn9:CCFeFeFeFeFeFeFe:sim00332,0.099280424,-0.1810506,0,1,1
r3.0:C:cn9:CFeFeFeFeFeFeFeFe:sim00002,0.19271277,-0.14193778,0,1,1
r3.0:C:cn9:CFeFeFeFeFeFeFeFe:sim00006,0.18365194,-0.14526114,0,1,1
r3.0:C:cn9:CFeFeFeFeFeFeFeFe:sim00010,0.1707833,-0.15150857,0,1,1
r3.0:C:cn9:CFeFeFeFeFeFeFeFe:sim00014,0.14815156,-0.17140831,0,1,1
r3.0:C:cn9:CFeFeFeFeFeFeFeFe:sim00018,0.18635137,-0.15116376,0,1,1
r3.0:C:cn9:CFeFeFeFeFeFeFeFe:sim00022,0.16489087,-0.12384473,0,1,1
r3.0:C:cn9:CFeFeFeFeFeFeFeFe:sim00026,0.16270155,-0.12359112,0,1,1
r3.0:C:cn9:CFeFeFeFeFeFeFeFe:sim00030,0.16109596,-0.098475032,0,1,1
r3.0:C:cn9:CFeFeFeFeFeFeFeFe:sim00034,0.15269274,-0.1063534,0,1,1
r3.0:C:cn9:CFeFeFeFeFeFeFeFe:sim00038,0.16422711,-0.12200777,0,1,1
r3.0:C:cn9:CFeFeFeFeFeFeFeFe:sim00042,0.16757748,-0.12176736,0,1,1
r3.0:C:cn9:CFeFeFeFeFeFeFeFe:sim00046,0.16746223,-0.14643423,0,1,1
r3.0:C:cn9:CFeFeFeFeFeFeFeFe:sim00050,0.16928793,-0.12054631,0,1,1
r3.0:C:cn9:CFeFeFeFeFeFeFeFe:sim00054,0.1742429,-0.13732465,0,1,1
r3.0:C:cn9:CFeFeFeFeFeFeFeFe:sim00058,0.16789322,-0.1202665,0,1,1
r3.0:C:cn9:CFeFeFeFeFeFeFeFe:sim00062,0.16533521,-0.1232987,0,1,1
r3.0:C:cn9:CFeFeFeFeFeFeFeFe:sim00066,0.15752678,-0.12554747,0,1,1
r3.0:C:cn9:CFeFeFeFeFeFeFeFe:sim00070,0.1542273,-0.10614019,0,1,1
r3.0:C:cn9:CFeFeFeFeFeFeFeFe:sim00074,0.16466516,-0.12192912,0,1,1
r3.0:C:cn9:CFeFeFeFeFeFeFeFe:sim00078,0.16447371,-0.12205618,0,1,1
r3.0:C:cn9:CFeFeFeFeFeFeFeFe:sim00082,0.17631948,-0.11470789,0,1,1
r3.0:C:cn9:CFeFeFeFeFeFeFeFe:sim00086,0.19260082,-0.126964,0,1,1
r3.0:C:cn9:CFeFeFeFeFeFeFeFe:sim00090,0.18893516,-0.13497022,0,1,1
r3.0:C:cn9:CFeFeFeFeFeFeFeFe:sim00094,0.16886221,-0.12079512,0,1,1
r3.0:C:cn9:CFeFeFeFeFeFeFeFe:sim00098,0.15659426,-0.11951873,0,1,1
r3.0:C:cn9:CFeFeFeFeFeFeFeFe:sim00102,0.1610426,-0.11837974,0,1,1
r3.0:C:cn9:CFeFeFeFeFeFeFeFe:sim00106,0.17064272,-0.1515515,0,1,1
r3.0:C:cn9:CFeFeFeFeFeFeFeFe:sim00110,0.15875363,-0.092918642,0,1,1
r3.0:C:cn9:CFeFeFeFeFeFeFeFe:sim00114,0.16452171,-0.089478016,0,1,1
r3.0:C:cn9:CFeFeFeFeFeFeFeFe:sim00118,0.15843967,-0.093632713,0,1,1
r3.0:C:cn9:CFeFeFeFeFeFeFeFe:sim00122,0.14639069,-0.10608657,0,1,1
r3.0:C:cn9:CFeFeFeFeFeFeFeFe:sim00126,0.14648789,-0.10439281,0,1,1
r3.0:C:cn9:CFeFeFeFeFeFeFeFe:sim00130,0.15803304,-0.093482837,0,1,1
r3.0:C:cn9:CFeFeFeFeFeFeFeFe:sim00134,0.14551012,-0.10469908,0,1,1
r3.0:C:cn9:CFeFeFeFeFeFeFeFe:sim00138,0.14541087,-0.10479132,0,1,1
r3.0:C:cn9:CFeFeFeFeFeFeFeFe:sim00142,0.1488319,-0.13212106,0,1,1
r3.0:C:cn9:CFeFeFeFeFeFeFeFe:sim00146,0.14222285,-0.16279945,0,1,1
r3.0:C:cn9:CFeFeFeFeFeFeFeFe:sim00150,0.13420244,-0.11517062,0,1,1
r3.0:C:cn9:CFeFeFeFeFeFeFeFe:sim00154,0.14293501,-0.10839637,0,1,1
r3.0:C:cn9:CFeFeFeFeFeFeFeFe:sim00158,0.12109133,-0.13890095,0,1,1
r3.0:C:cn9:CFeFeFeFeFeFeFeFe:sim00162,0.16970357,-0.1139551,0,1,1
r3.0:C:cn9:CFeFeFeFeFeFeFeFe:sim00166,0.15410283,-0.10051719,0,1,1
r3.0:C:cn9:CFeFeFeFeFeFeFeFe:sim00170,0.1446241,-0.10547356,0,1,1
r3.0:C:cn9:CFeFeFeFeFeFeFeFe:sim00174,0.1444319,-0.10541063,0,1,1
r3.0:C:cn9:CFeFeFeFeFeFeFeFe:sim00178,0.13647611,-0.088544704,0,1,1
r3.0:C:cn9:CFeFeFeFeFeFeFeFe:sim00182,0.13706724,-0.089307763,0,1,1
r3.0:C:cn9:CFeFeFeFeFeFeFeFe:sim00186,0.14636242,-0.1042234,0,1,1
r3.0:C:cn9:CFeFeFeFeFeFeFeFe:sim00190,0.11159125,-0.064317621,0,1,1
r3.0:C:cn9:CFeFeFeFeFeFeFeFe:sim00194,0.18172014,-0.094785415,0,1,1
r3.0:C:cn9:CFeFeFeFeFeFeFeFe:sim00198,0.14780173,-0.095523871,0,1,1
r3.0:C:cn9:CFeFeFeFeFeFeFeFe:sim00202,0.1433979,-0.10095,0,1,1
r3.0:C:cn9:CFeFeFeFeFeFeFeFe:sim00206,0.14247102,-0.10269511,0,1,1
r3.0:C:cn9:CFeFeFeFeFeFeFeFe:sim00210,0.15314296,-0.094235063,0,1,1
r3.0:C:cn9:CFeFeFeFeFeFeFeFe:sim00214,0.14341594,-0.10071367,0,1,1
r3.0:C:cn9:CFeFeFeFeFeFeFeFe:sim00218,0.15966144,-0.11356815,0,1,1
r3.0:C:cn9:CFeFeFeFeFeFeFeFe:sim00222,0.13438557,-0.10627472,0,1,1
r3.0:C:cn9:CFeFeFeFeFeFeFeFe:sim00226,0.11731048,-0.094561011,0,1,1
r3.0:C:cn9:CFeFeFeFeFeFeFeFe:sim00230,0.12897614,-0.11400849,0,1,1
r3.0:C:cn9:CFeFeFeFeFeFeFeFe:sim00234,0.14123854,-0.10419349,0,1,1
r3.0:C:cn9:CFeFeFeFeFeFeFeFe:sim00238,0.14864878,-0.099581979,0,1,1
r3.0:C:cn9:CFeFeFeFeFeFeFeFe:sim00242,0.14233586,-0.13556179,0,1,1
r3.0:C:cn9:CFeFeFeFeFeFeFeFe:sim00246,0.14520591,-0.13254237,0,1,1
r3.0:C:cn9:CFeFeFeFeFeFeFeFe:sim00250,0.13980505,-0.10448777,0,1,1
r3.0:C:cn9:CFeFeFeFeFeFeFeFe:sim00254,0.14206253,-0.10107044,0,1,1
r3.0:C:cn9:CFeFeFeFeFeFeFeFe:sim00258,0.14520071,-0.12550946,0,1,1
r3.0:C:cn9:CFeFeFeFeFeFeFeFe:sim00262,0.14700057,-0.097604409,0,1,1
r3.0:C:cn9:CFeFeFeFeFeFeFeFe:sim00266,0.13875148,-0.10235155,0,1,1
r3.0:C:cn9:CFeFeFeFeFeFeFeFe:sim00270,0.1438728,-0.10107864,0,1,1
r3.0:C:cn9:CFeFeFeFeFeFeFeFe:sim00274,0.14340621,-0.1008078,0,1,1
r3.0:C:cn9:CFeFeFeFeFeFeFeFe:sim00278,0.14901836,-0.097552396,0,1,1
r3.0:C:cn9:CFeFeFeFeFeFeFeFe:sim00282,0.15129316,-0.096480705,0,1,1
r3.0:C:cn9:CFeFeFeFeFeFeFeFe:sim00286,0.14317995,-0.10078549,0,1,1
r3.0:C:cn9:CFeFeFeFeFeFeFeFe:sim00290,0.14383145,-0.099656172,0,1,1
r3.0:C:cn9:CFeFeFeFeFeFeFeFe:sim00294,0.15534079,-0.093516797,0,1,1
r3.0:C:cn9:CFeFeFeFeFeFeFeFe:sim00298,0.13941307,-0.10189014,0,1,1
r3.0:C:cn9:CFeFeFeFeFeFeFeFe:sim00302,0.13981321,-0.072788849,0,1,1
r3.0:C:cn9:CFeFeFeFeFeFeFeFe:sim00306,0.15545443,-0.088800564,0,1,1
r3.0:C:cn9:CFeFeFeFeFeFeFeFe:sim00310,0.15380205,-0.11536643,0,1,1
r3.0:C:cn9:CFeFeFeFeFeFeFeFe:sim00314,0.1750478,-0.15611604,0,1,1
r3.0:C:cn9:CFeFeFeFeFeFeFeFe:sim00318,0.16703963,-0.10387532,0,1,1
r3.0:C:cn9:CFeFeFeFeFeFeFeFe:sim00322,0.14255941,-0.098715551,0,1,1
r3.0:C:cn9:CFeFeFeFeFeFeFeFe:sim00326,0.11395012,-0.099075668,0,1,1
r3.0:C:cn9:CFeFeFeFeFeFeFeFe:sim00330,0.14553654,-0.098092422,0,1,1
r3.0:C:cn9:CFeFeFeFeFeFeFeFe:sim00334,0.11428998,-0.098704934,0,1,1
r3.0:C:cn9:FeFeFeFeFeFeFeFeFe:sim00002,0.18875434,-0.096328147,0,1,1
r3.0:C:cn9:FeFeFeFeFeFeFeFeFe:sim00006,0.18883398,-0.094595291,0,1,1
r3.0:C:cn9:FeFeFeFeFeFeFeFeFe:sim00010,0.17713682,-0.10024597,0,1,1
r3.0:C:cn9:FeFeFeFeFeFeFeFeFe:sim00014,0.1601222,-0.1162838,0,1,1
r3.0:C:cn9:FeFeFeFeFeFeFeFeFe:sim00018,0.17419633,-0.078497119,0,1,1
r3.0:C:cn9:FeFeFeFeFeFeFeFeFe:sim00022,0.16922234,-0.081150725,0,1,1
r3.0:C:cn9:FeFeFeFeFeFeFeFeFe:sim00026,0.16769628,-0.076436907,0,1,1
r3.0:C:cn9:FeFeFeFeFeFeFeFeFe:sim00030,0.15561889,-0.039290469,0,1,1
r3.0:C:cn9:FeFeFeFeFeFeFeFeFe:sim00034,0.16121103,-0.082853876,0,1,1
r3.0:C:cn9:FeFeFeFeFeFeFeFeFe:sim00038,0.17065799,-0.073374026,0,1,1
r3.0:C:cn9:FeFeFeFeFeFeFeFeFe:sim00042,0.16873015,-0.076250255,0,1,1
r3.0:C:cn9:FeFeFeFeFeFeFeFeFe:sim00046,0.17346297,-0.095168568,0,1,1
r3.0:C:cn9:FeFeFeFeFeFeFeFeFe:sim00050,0.17438489,-0.071901999,0,1,1
r3.0:C:cn9:FeFeFeFeFeFeFeFeFe:sim00054,0.1715364,-0.096180171,0,1,1
r3.0:C:cn9:FeFeFeFeFeFeFeFeFe:sim00058,0.17401981,-0.072117627,0,1,1
r3.0:C:cn9:FeFeFeFeFeFeFeFeFe:sim00062,0.16631418,-0.07586202,0,1,1
r3.0:C:cn9:FeFeFeFeFeFeFeFeFe:sim00066,0.17189451,-0.073201731,0,1,1
r3.0:C:cn9:FeFeFeFeFeFeFeFeFe:sim00070,0.16100214,-0.061936524,0,1,1
r3.0:C:cn9:FeFeFeFeFeFeFeFeFe:sim00074,0.17314787,-0.072721399,0,1,1
r3.0:C:cn9:FeFeFeFeFeFeFeFeFe:sim00078,0.17105596,-0.073350504,0,1,1
r3.0:C:cn9:FeFeFeFeFeFeFeFeFe:sim00082,0.1815058,-0.066790424,0,1,1
r3.0:C:cn9:FeFeFeFeFeFeFeFeFe:sim00086,0.19640692,-0.077942267,0,1,1
r3.0:C:cn9:FeFeFeFeFeFeFeFeFe:sim00090,0.18723726,-0.084986508,0,1,1
r3.0:C:cn9:FeFeFeFeFeFeFeFeFe:sim00094,0.14728764,-0.050344232,0,1,1
r3.0:Fe:cn10:CCCCFeFeFeFeFeFe:sim00002,-0.0058558844,-0.24373464,0,1,1
r3.0:Fe:cn10:CCCCFeFeFeFeFeFe:sim00006,0.014518456,-0.25590298,0,1,1
r3.0:Fe:cn10:CCCCFeFeFeFeFeFe:sim00010,-0.020105697,-0.24961665,0,1,1
r3.0:Fe:cn10:CCCCFeFeFeFeFeFe:sim00014,-0.055424098,-0.24248876,0,1,1
r3.0:Fe:cn10:CCCCFeFeFeFeFeFe:sim00018,-0.033128738,-0.2248916,0,1,1
r3.0:Fe:cn10:CCCCFeFeFeFeFeFe:sim00022,-0.030478757,-0.21472332,0,1,1
r3.0:Fe:cn10:CCCCFeFeFeFeFeFe:sim00026,-0.014800534,-0.23295176,0,1,1
r3.0:Fe:cn10:CCCCFeFeFeFeFeFe:sim00030,-0.041320302,-0.19567971,0,1,1
r3.0:Fe:cn10:CCCCFeFeFeFeFeFe:sim00034,-0.02514624,-0.21015598,0,1,1
r3.0:Fe:cn10:CCCCFeFeFeFeFeFe:sim00038,-0.031602871,-0.21417817,0,1,1
r3.0:Fe:cn10:CCCCFeFeFeFeFeFe:sim00042,-0.03430653,-0.21767572,0,1,1
r3.0:Fe:cn10:CCCCFeFeFeFeFeFe:sim00046,-0.024036007,-0.24292991,0,1,1
r3.0:Fe:cn10:CCCFeFeFeFeFeFeFe:sim00003,0.042178825,-0.14760831,0,1,1
r3.0:Fe:cn10:CCCFeFeFeFeFeFeFe:sim00007,0.023979705,-0.13370501,0,1,1
r3.0:Fe:cn10:CCCFeFeFeFeFeFeFe:sim00011,0.052368507,-0.13196816,0,1,1
r3.0:Fe:cn10:CCCFeFeFeFeFeFeFe:sim00015,0.022362208,-0.12837541,0,1,1
r3.0:Fe:cn10:CCCFeFeFeFeFeFeFe:sim00019,0.028570097,-0.11644877,0,1,1
r3.0:Fe:cn10:CCCFeFeFeFeFeFeFe:sim00023,0.024769966,-0.12266769,0,1,1
r3.0:Fe:cn10:CCCFeFeFeFeFeFeFe:sim00027,0.021373505,-0.12348443,0,1,1
r3.0:Fe:cn10:CCCFeFeFeFeFeFeFe:sim00031,0.024026003,-0.14113095,0,1,1
r3.0:Fe:cn10:CCCFeFeFeFeFeFeFe:sim00035,0.020996306,-0.1211711,0,1,1
r3.0:Fe:cn10:CCCFeFeFeFeFeFeFe:sim00039,0.021452397,-0.12075938,0,1,1
r3.0:Fe:cn10:CCCFeFeFeFeFeFeFe:sim00043,0.020660447,-0.12120038,0,1,1
r3.0:Fe:cn10:CCCFeFeFeFeFeFeFe:sim00047,0.021096487,-0.12171952,0,1,1
r3.0:Fe:cn10:CCCFeFeFeFeFeFeFe:sim00051,0.0063014338,-0.10478976,0,1,1
r3.0:Fe:cn10:CCCFeFeFeFeFeFeFe:sim00055,0.022695966,-0.12014044,0,1,1
r3.0:Fe:cn10:CCCFeFeFeFeFeFeFe:sim00059,0.025106985,-0.11943991,0,1,1
r3.0:Fe:cn10:CCCFeFeFeFeFeFeFe:sim00063,0.015285941,-0.12195296,0,1,1
r3.0:Fe:cn10:CCCFeFeFeFeFeFeFe:sim00067,0.021411952,-0.12122267,0,1,1
r3.0:Fe:cn10:CCCFeFeFeFeFeFeFe:sim00071,0.021426119,-0.12088303,0,1,1
r3.0:Fe:cn10:CCCFeFeFeFeFeFeFe:sim00075,0.0136406,-0.098208256,0,1,1
r3.0:Fe:cn10:CCCFeFeFeFeFeFeFe:sim00079,0.019796489,-0.12178738,0,1,1
r3.0:Fe:cn10:CCCFeFeFeFeFeFeFe:sim00083,0.039852861,-0.13818981,0,1,1
r3.0:Fe:cn10:CCCFeFeFeFeFeFeFe:sim00087,0.055500429,-0.11652572,0,1,1
r3.0:Fe:cn10:CCCFeFeFeFeFeFeFe:sim00091,0.017417418,-0.12197243,0,1,1
r3.0:Fe:cn10:CCCFeFeFeFeFeFeFe:sim00095,0.023555407,-0.12050795,0,1,1
r3.0:Fe:cn10:CCCFeFeFeFeFeFeFe:sim00099,0.017716054,-0.09476351,0,1,1
r3.0:Fe:cn10:CCCFeFeFeFeFeFeFe:sim00103,-0.0087740719,-0.10299601,0,1,1
r3.0:Fe:cn10:CCCFeFeFeFeFeFeFe:sim00107,0.0078808926,-0.12758376,0,1,1
r3.0:Fe:cn10:CCCFeFeFeFeFeFeFe:sim00111,0.01365016,-0.089216188,0,1,1
r3.0:Fe:cn10:CCCFeFeFeFeFeFeFe:sim00115,0.0078202812,-0.094610028,0,1,1
r3.0:Fe:cn10:CCCFeFeFeFeFeFeFe:sim00119,0.017220266,-0.078622147,0,1,1
r3.0:Fe:cn10:CCCFeFeFeFeFeFeFe:sim00123,0.0038979433,-0.10074797,0,1,1
r3.0:Fe:cn10:CCCFeFeFeFeFeFeFe:sim00127,0.0016179072,-0.10212067,0,1,1
r3.0:Fe:cn10:CCCFeFeFeFeFeFeFe:sim00131,0.0059631323,-0.12841283,0,1,1
r3.0:Fe:cn10:CCCFeFeFeFeFeFeFe:sim00135,0.00031218605,-0.10235452,0,1,1
r3.0:Fe:cn10:CCCFeFeFeFeFeFeFe:sim00139,-0.0036536281,-0.10201827,0,1,1
r3.0:Fe:cn10:CCCFeFeFeFeFeFeFe:sim00143,-0.014463942,-0.14174284,0,1,1
r3.0:Fe:cn10:CCCFeFeFeFeFeFeFe:sim00147,-0.017277,-0.14956482,0,1,1
r3.0:Fe:cn10:CCCFeFeFeFeFeFeFe:sim00151,-0.010853439,-0.11318871,0,1,1
r3.0:Fe:cn10:CCCFeFeFeFeFeFeFe:sim00155,0.0016625546,-0.10154776,0,1,1
r3.0:Fe:cn10:CCCFeFeFeFeFeFeFe:sim00159,0.0078317327,-0.10004918,0,1,1
r3.0:Fe:cn10:CCCFeFeFeFeFeFeFe:sim00163,0.016022075,-0.1013593,0,1,1
r3.0:Fe:cn10:CCCFeFeFeFeFeFeFe:sim00167,0.025331682,-0.082755826,0,1,1
r3.0:Fe:cn10:CCCFeFeFeFeFeFeFe:sim00171,-0.03157901,-0.10210167,0,1,1
r3.0:Fe:cn10:CCCFeFeFeFeFeFeFe:sim00175,-0.00062839768,-0.10250723,0,1,1
r3.0:Fe:cn10:CCCFeFeFeFeFeFeFe:sim00179,0.003493614,-0.13488384,0,1,1
r3.0:Fe:cn10:CCCFeFeFeFeFeFeFe:sim00183,0.002816706,-0.099082157,0,1,1
r3.0:Fe:cn10:CCCFeFeFeFeFeFeFe:sim00187,0.0014361328,-0.10157887,0,1,1
r3.0:Fe:cn10:CCCFeFeFeFeFeFeFe:sim00191,0.0084533496,-0.086343125,0,1,1
r3.0:Fe:cn10:CCCFeFeFeFeFeFeFe:sim00195,0.0044665947,-0.090812683,0,1,1
r3.0:Fe:cn10:CCCFeFeFeFeFeFeFe:sim00199,-0.0081252689,-0.10363948,0,1,1
r3.0:Fe:cn10:CCCFeFeFeFeFeFeFe:sim00203,-0.0018778741,-0.097982042,0,1,1
r3.0:Fe:cn10:CCCFeFeFeFeFeFeFe:sim00207,0.00044445574,-0.097537339,0,1,1
r3.0:Fe:cn10:CCCFeFeFeFeFeFeFe:sim00211,-0.0025042379,-0.097728506,0,1,1
r3.0:Fe:cn10:CCFeFeFeFeFeFeFeFe:sim00003,0.079100102,-0.072284415,0,1,1
r3.0:Fe:cn10:CCFeFeFeFeFeFeFeFe:sim00007,0.079284355,-0.072301954,0,1,1
r3.0:Fe:cn10:CCFeFeFeFeFeFeFeFe:sim00011,0.074856929,-0.042161722,0,1,1
r3.0:Fe:cn10:CCFeFeFeFeFeFeFeFe:sim00015,0.063279167,-0.053483427,0,1,1
r3.0:Fe:cn10:CCFeFeFeFeFeFeFeFe:sim00019,0.066556439,-0.043891564,0,1,1
r3.0:Fe:cn10:CCFeFeFeFeFeFeFeFe:sim00023,0.053028688,-0.055962577,0,1,1
r3.0:Fe:cn10:CCFeFeFeFeFeFeFeFe:sim00027,0.06034708,-0.049938589,0,1,1
r3.0:Fe:cn10:CCFeFeFeFeFeFeFeFe:sim00031,0.063338652,-0.027013233,0,1,1
r3.0:Fe:cn10:CCFeFeFeFeFeFeFeFe:sim00035,0.060265221,-0.047923423,0,1,1
r3.0:Fe:cn10:CCFeFeFeFeFeFeFeFe:sim00039,0.060320623,-0.048065379,0,1,1
r3.0:Fe:cn10:CCFeFeFeFeFeFeFeFe:sim00043,0.057626501,-0.049468491,0,1,1
r3.0:Fe:cn10:CCFeFeFeFeFeFeFeFe:sim00047,0.0648266,-0.045201145,0,1,1
r3.0:Fe:cn10:CCFeFeFeFeFeFeFeFe:sim00051,0.079851538,-0.055537812,0,1,1
r3.0:Fe:cn10:CCFeFeFeFeFeFeFeFe:sim00055,0.06043398,-0.050083835,0,1,1
r3.0:Fe:cn10:CCFeFeFeFeFeFeFeFe:sim00059,0.079925559,-0.059932243,0,1,1
r3.0:Fe:cn10:CCFeFeFeFeFeFeFeFe:sim00063,0.060592495,-0.047824681,0,1,1
r3.0:Fe:cn10:CCFeFeFeFeFeFeFeFe:sim00067,0.060636666,-0.048173219,0,1,1
r3.0:Fe:cn10:CCFeFeFeFeFeFeFeFe:sim00071,0.059079409,-0.048706692,0,1,1
r3.0:Fe:cn10:CCFeFeFeFeFeFeFeFe:sim00075,0.059048779,-0.050687809,0,1,1
r3.0:Fe:cn10:CCFeFeFeFeFeFeFeFe:sim00079,0.044777855,-0.066734798,0,1,1
r3.0:Fe:cn10:CCFeFeFeFeFeFeFeFe:sim00083,0.076803923,-0.063782282,0,1,1
r3.0:Fe:cn10:CCFeFeFeFeFeFeFeFe:sim00087,0.088296995,-0.046460383,0,1,1
r3.0:Fe:cn10:CCFeFeFeFeFeFeFeFe:sim00091,0.058108121,-0.048114687,0,1,1
r3.0:Fe:cn10:CCFeFeFeFeFeFeFeFe:sim00095,0.062312368,-0.047855798,0,1,1
r3.0:Fe:cn10:CCFeFeFeFeFeFeFeFe:sim00099,0.058295708,-0.022799838,0,1,1
r3.0:Fe:cn10:CCFeFeFeFeFeFeFeFe:sim00103,0.030803837,-0.040880546,0,1,1
r3.0:Fe:cn10:CCFeFeFeFeFeFeFeFe:sim00107,0.047800105,-0.054044083,0,1,1
r3.0:Fe:cn10:CCFeFeFeFeFeFeFeFe:sim00111,0.053848803,-0.019055212,0,1,1
r3.0:Fe:cn10:CCFeFeFeFeFeFeFeFe:sim00115,0.053269044,-0.020746011,0,1,1
r3.0:Fe:cn10:CCFeFeFeFeFeFeFeFe:sim00119,0.056885615,-0.0093290918,0,1,1
r3.0:Fe:cn10:CCFeFeFeFeFeFeFeFe:sim00123,0.040837966,-0.031806231,0,1,1
r3.0:Fe:cn10:CCFeFeFeFeFeFeFeFe:sim00127,0.042560313,-0.031230155,0,1,1
r3.0:Fe:cn10:CCFeFeFeFeFeFeFeFe:sim00131,0.041031823,-0.031199969,0,1,1
r3.0:Fe:cn10:CCFeFeFeFeFeFeFeFe:sim00135,0.04150483,-0.031412467,0,1,1
r3.0:Fe:cn10:CCFeFeFeFeFeFeFeFe:sim00139,0.035415169,-0.032501977,0,1,1
r3.0:Fe:cn10:CCFeFeFeFeFeFeFeFe:sim00143,0.027530814,-0.072519846,0,1,1
r3.0:Fe:cn10:CCFeFeFeFeFeFeFeFe:sim00147,0.038414977,-0.061399043,0,1,1
r3.0:Fe:cn10:CCFeFeFeFeFeFeFeFe:sim00151,0.021191619,-0.05229333,0,1,1
r3.0:Fe:cn10:CCFeFeFeFeFeFeFeFe:sim00155,0.026650665,-0.044648957,0,1,1
r3.0:Fe:cn10:CCFeFeFeFeFeFeFeFe:sim00159,0.041975871,-0.030751009,0,1,1
r3.0:Fe:cn10:CCFeFeFeFeFeFeFeFe:sim00163,0.080714665,-0.036834199,0,1,1
r3.0:Fe:cn10:CCFeFeFeFeFeFeFeFe:sim00167,0.047715805,-0.027633958,0,1,1
r3.0:Fe:cn10:CCFeFeFeFeFeFeFeFe:sim00171,0.015626116,-0.021118075,0,1,1
r3.0:Fe:cn10:CCFeFeFeFeFeFeFeFe:sim00175,0.040498897,-0.031686593,0,1,1
r3.0:Fe:cn10:CCFeFeFeFeFeFeFeFe:sim00179,0.058602706,-0.042039353,0,1,1
r3.0:Fe:cn10:CCFeFeFeFeFeFeFeFe:sim00183,0.042234942,-0.030841671,0,1,1
r3.0:Fe:cn10:CCFeFeFeFeFeFeFeFe:sim00187,0.043708336,-0.028402831,0,1,1
r3.0:Fe:cn10:CCFeFeFeFeFeFeFeFe:sim00191,0.048286311,-0.017223421,0,1,1
r3.0:Fe:cn10:CCFeFeFeFeFeFeFeFe:sim00195,0.031429727,-0.038661707,0,1,1
r3.0:Fe:cn10:CCFeFeFeFeFeFeFeFe:sim00199,0.045374934,-0.020821219,0,1,1
r3.0:Fe:cn10:CCFeFeFeFeFeFeFeFe:sim00203,0.039481662,-0.02767993,0,1,1
r3.0:Fe:cn10:CCFeFeFeFeFeFeFeFe:sim00207,0.040075626,-0.027942507,0,1,1
r3.0:Fe:cn10:CCFeFeFeFeFeFeFeFe:sim00211,0.038943879,-0.027058681,0,1,1
r3.0:Fe:cn10:CCFeFeFeFeFeFeFeFe:sim00215,0.050981186,-0.015666019,0,1,1
r3.0:Fe:cn10:CCFeFeFeFeFeFeFeFe:sim00219,0.041185807,-0.025966978,0,1,1
r3.0:Fe:cn10:CCFeFeFeFeFeFeFeFe:sim00223,0.014044167,-0.021488432,0,1,1
r3.0:Fe:cn10:CCFeFeFeFeFeFeFeFe:sim00227,0.039011262,-0.027481729,0,1,1
r3.0:Fe:cn10:CCFeFeFeFeFeFeFeFe:sim00231,0.034091551,-0.039730307,0,1,1
r3.0:Fe:cn10:CCFeFeFeFeFeFeFeFe:sim00235,0.061018229,-0.03682404,0,1,1
r3.0:Fe:cn10:CCFeFeFeFeFeFeFeFe:sim00239,0.037111413,-0.03174562,0,1,1
r3.0:Fe:cn10:CCFeFeFeFeFeFeFeFe:sim00243,0.041081592,-0.06155191,0,1,1
r3.0:Fe:cn10:CCFeFeFeFeFeFeFeFe:sim00247,0.0061643519,-0.06932392,0,1,1
r3.0:Fe:cn10:CCFeFeFeFeFeFeFeFe:sim00251,0.034178663,-0.02916611,0,1,1
r3.0:Fe:cn10:CCFeFeFeFeFeFeFeFe:sim00255,0.064888701,-0.028547836,0,1,1
r3.0:Fe:cn10:CCFeFeFeFeFeFeFeFe:sim00259,0.022379963,-0.041876327,0,1,1
r3.0:Fe:cn10:CCFeFeFeFeFeFeFeFe:sim00263,0.03530078,-0.028747978,0,1,1
r3.0:Fe:cn10:CCFeFeFeFeFeFeFeFe:sim00267,0.035315264,-0.029884493,0,1,1
r3.0:Fe:cn10:CCFeFeFeFeFeFeFeFe:sim00271,0.042968519,-0.031683784,0,1,1
r3.0:Fe:cn10:CCFeFeFeFeFeFeFeFe:sim00275,0.0029335131,-0.048120387,0,1,1
r3.0:Fe:cn10:CCFeFeFeFeFeFeFeFe:sim00279,0.039401177,-0.027261544,0,1,1
r3.0:Fe:cn10:CCFeFeFeFeFeFeFeFe:sim00283,0.038156163,-0.036338318,0,1,1
r3.0:Fe:cn10:CCFeFeFeFeFeFeFeFe:sim00287,0.01443019,-0.036209412,0,1,1
r3.0:Fe:cn10:CCFeFeFeFeFeFeFeFe:sim00291,0.039362229,-0.027311459,0,1,1
r3.0:Fe:cn10:CCFeFeFeFeFeFeFeFe:sim00295,0.034502268,-0.030282339,0,1,1
r3.0:Fe:cn10:CCFeFeFeFeFeFeFeFe:sim00299,0.052335855,-0.041335125,0,1,1
r3.0:Fe:cn10:CCFeFeFeFeFeFeFeFe:sim00303,0.033366021,-0.0022302936,0,1,1
r3.0:Fe:cn10:CCFeFeFeFeFeFeFeFe:sim00307,0.0019512398,0.0092160506,0,1,1
r3.0:Fe:cn10:CCFeFeFeFeFeFeFeFe:sim00311,0.043037701,-0.036818158,0,1,1
r3.0:Fe:cn10:CCFeFeFeFeFeFeFeFe:sim00315,0.032824308,-0.04216205,0,1,1
r3.0:Fe:cn10:CCFeFeFeFeFeFeFeFe:sim00319,0.025924822,-0.021986498,0,1,1
r3.0:Fe:cn10:CCFeFeFeFeFeFeFeFe:sim00323,0.03901555,-0.026391361,0,1,1
r3.0:Fe:cn10:CCFeFeFeFeFeFeFeFe:sim00327,0.072283104,-0.025017519,0,1,1
r3.0:Fe:cn10:CCFeFeFeFeFeFeFeFe:sim00331,0.038553562,-0.025467835,0,1,1
r3.0:Fe:cn10:CCFeFeFeFeFeFeFeFe:sim00335,0.038904432,-0.025417984,0,1,1
r3.0:Fe:cn10:CCFeFeFeFeFeFeFeFe:sim00339,0.050613157,-0.042088214,0,1,1
r3.0:Fe:cn10:CCFeFeFeFeFeFeFeFe:sim00343,0.03913302,-0.025710192,0,1,1
r3.0:Fe:cn10:CCFeFeFeFeFeFeFeFe:sim00347,0.047733765,-0.0095018242,0,1,1
r3.0:Fe:cn10:CCFeFeFeFeFeFeFeFe:sim00351,0.038661215,-0.025914123,0,1,1
r3.0:Fe:cn10:CCFeFeFeFeFeFeFeFe:sim00355,0.038998909,-0.025430951,0,1,1
r3.0:Fe:cn10:CCFeFeFeFeFeFeFeFe:sim00359,0.038484499,-0.025635041,0,1,1
r3.0:Fe:cn10:CCFeFeFeFeFeFeFeFe:sim00363,0.050503697,-0.041511975,0,1,1
r3.0:Fe:cn10:CCFeFeFeFeFeFeFeFe:sim00367,0.034059431,-0.027867222,0,1,1
r3.0:Fe:cn10:CCFeFeFeFeFeFeFeFe:sim00371,0.038018052,-0.026663555,0,1,1
r3.0:Fe:cn10:CCFeFeFeFeFeFeFeFe:sim00375,0.038978383,-0.025475997,0,1,1
r3.0:Fe:cn10:CCFeFeFeFeFeFeFeFe:sim00379,0.013687895,-0.035315402,0,1,1
r3.0:Fe:cn10:CCFeFeFeFeFeFeFeFe:sim00383,0.038710814,-0.025338532,0,1,1
r3.0:Fe:cn10:CCFeFeFeFeFeFeFeFe:sim00387,0.038570076,-0.02555201,0,1,1
r3.0:Fe:cn10:CCFeFeFeFeFeFeFeFe:sim00391,0.0506487,-0.013243694,0,1,1
r3.0:Fe:cn10:CCFeFeFeFeFeFeFeFe:sim00395,0.036304262,-0.032177269,0,1,1
r3.0:Fe:cn10:CCFeFeFeFeFeFeFeFe:sim00399,0.039532468,-0.02528077,0,1,1
r3.0:Fe:cn10:CCFeFeFeFeFeFeFeFe:sim00403,0.038913269,-0.024932943,0,1,1
r3.0:Fe:cn10:CCFeFeFeFeFeFeFeFe:sim00407,0.040082179,-0.023758925,0,1,1
r3.0:Fe:cn10:CCFeFeFeFeFeFeFeFe:sim00411,0.065652423,-0.029650206,0,1,1
r3.0:Fe:cn10:CCFeFeFeFeFeFeFeFe:sim00415,0.040358376,-0.023776343,0,1,1
r3.0:Fe:cn10:CCFeFeFeFeFeFeFeFe:sim00419,0.021646168,0.0016851833,0,1,1
r3.0:Fe:cn10:CCFeFeFeFeFeFeFeFe:sim00423,0.031142974,-0.031678904,0,1,1
r3.0:Fe:cn10:CCFeFeFeFeFeFeFeFe:sim00427,0.041518275,-0.025300637,0,1,1
r3.0:Fe:cn10:CCFeFeFeFeFeFeFeFe:sim00431,0.038619455,-0.026005568,0,1,1
r3.0:Fe:cn10:CCFeFeFeFeFeFeFeFe:sim00435,0.004913663,-0.026671199,0,1,1
r3.0:Fe:cn10:CCFeFeFeFeFeFeFeFe:sim00439,0.042891596,-0.021502493,0,1,1
r3.0:Fe:cn10:CCFeFeFeFeFeFeFeFe:sim00443,0.083272241,-0.036313538,0,1,1
r3.0:Fe:cn10:CCFeFeFeFeFeFeFeFe:sim00447,0.039146878,-0.025565224,0,1,1
r3.0:Fe:cn10:CCFeFeFeFeFeFeFeFe:sim00451,0.055163037,-0.022878174,0,1,1
r3.0:Fe:cn10:CCFeFeFeFeFeFeFeFe:sim00455,0.054407753,-0.037465088,0,1,1
r3.0:Fe:cn10:CCFeFeFeFeFeFeFeFe:sim00459,0.053423211,-0.03774282,0,1,1
r3.0:Fe:cn10:CCFeFeFeFeFeFeFeFe:sim00463,0.036408771,-0.045561835,0,1,1
r3.0:Fe:cn10:CCFeFeFeFeFeFeFeFe:sim00467,0.053529598,-0.043259628,0,1,1
r3.0:Fe:cn10:CCFeFeFeFeFeFeFeFe:sim00471,0.038840577,-0.025573656,0,1,1
r3.0:Fe:cn10:CCFeFeFeFeFeFeFeFe:sim00475,0.036422681,-0.032129649,0,1,1
r3.0:Fe:cn10:CCFeFeFeFeFeFeFeFe:sim00479,0.039023716,-0.025585799,0,1,1
r3.0:Fe:cn10:CCFeFeFeFeFeFeFeFe:sim00483,0.0055717318,-0.026711021,0,1,1
r3.0:Fe:cn10:CCFeFeFeFeFeFeFeFe:sim00487,0.0079559823,-0.058123805,0,1,1
r3.0:Fe:cn10:CCFeFeFeFeFeFeFeFe:sim00491,0.041684724,-0.015931122,0,1,1
r3.0:Fe:cn10:CCFeFeFeFeFeFeFeFe:sim00495,0.061901271,-0.0016825637,0,1,1
r3.0:Fe:cn10:CCFeFeFeFeFeFeFeFe:sim00499,0.041066989,-0.025053252,0,1,1
r3.0:Fe:cn10:CCFeFeFeFeFeFeFeFe:sim00503,0.041366529,-0.024553651,0,1,1
r3.0:Fe:cn10:CFeFeFeFeFeFeFeFeFe:sim00002,0.13343079,-0.0020326781,0,1,1
r3.0:Fe:cn10:CFeFeFeFeFeFeFeFeFe:sim00006,0.11886695,-0.012931555,0,1,1
r3.0:Fe:cn10:CFeFeFeFeFeFeFeFeFe:sim00010,0.10887135,-0.017304268,0,1,1
r3.0:Fe:cn10:CFeFeFeFeFeFeFeFeFe:sim00014,0.090702802,-0.034182619,0,1,1
r3.0:Fe:cn10:CFeFeFeFeFeFeFeFeFe:sim00018,0.10700356,0.012516853,0,1,1
r3.0:Fe:cn10:CFeFeFeFeFeFeFeFeFe:sim00022,0.1032293,0.0075120172,0,1,1
r3.0:Fe:cn10:CFeFeFeFeFeFeFeFeFe:sim00026,0.097703695,0.0054740296,0,1,1
r3.0:Fe:cn10:CFeFeFeFeFeFeFeFeFe:sim00030,0.096293837,0.029480482,0,1,1
r3.0:Fe:cn10:CFeFeFeFeFeFeFeFeFe:sim00034,0.1106978,0.018093059,0,1,1
r3.0:Fe:cn10:CFeFeFeFeFeFeFeFeFe:sim00038,0.10196336,0.0028496291,0,1,1
r3.0:Fe:cn10:CFeFeFeFeFeFeFeFeFe:sim00042,0.09862633,0.0054077916,0,1,1
r3.0:Fe:cn10:CFeFeFeFeFeFeFeFeFe:sim00046,0.1059444,-0.012536662,0,1,1
r3.0:Fe:cn10:CFeFeFeFeFeFeFeFeFe:sim00050,0.13366838,-0.010180965,0,1,1
r3.0:Fe:cn10:CFeFeFeFeFeFeFeFeFe:sim00054,0.1182283,-0.0004941618,0,1,1
r3.0:Fe:cn10:CFeFeFeFeFeFeFeFeFe:sim00058,0.10390436,0.0097978646,0,1,1
r3.0:Fe:cn10:CFeFeFeFeFeFeFeFeFe:sim00062,0.10139085,0.0071473671,0,1,1
r3.0:Fe:cn10:CFeFeFeFeFeFeFeFeFe:sim00066,0.10162697,0.0087025864,0,1,1
r3.0:Fe:cn10:CFeFeFeFeFeFeFeFeFe:sim00070,0.094775602,0.016040547,0,1,1
r3.0:Fe:cn10:CFeFeFeFeFeFeFeFeFe:sim00074,0.10070232,0.0079931207,0,1,1
r3.0:Fe:cn10:CFeFeFeFeFeFeFeFeFe:sim00078,0.10117885,0.0085596666,0,1,1
r3.0:Fe:cn10:CFeFeFeFeFeFeFeFeFe:sim00082,0.11034207,0.014664587,0,1,1
r3.0:Fe:cn10:CFeFeFeFeFeFeFeFeFe:sim00086,0.12600327,0.0041276827,0,1,1
r3.0:Fe:cn10:CFeFeFeFeFeFeFeFeFe:sim00090,0.11351072,0.0036884367,0,1,1
r3.0:Fe:cn10:CFeFeFeFeFeFeFeFeFe:sim00094,0.11425047,0.02385696,0,1,1
r3.0:Fe:cn10:CFeFeFeFeFeFeFeFeFe:sim00098,0.1025662,0.0088975513,0,1,1
r3.0:Fe:cn10:CFeFeFeFeFeFeFeFeFe:sim00102,0.089906991,0.0030656129,0,1,1
r3.0:Fe:cn10:CFeFeFeFeFeFeFeFeFe:sim00106,0.10915844,-0.017380873,0,1,1
r3.0:Fe:cn10:CFeFeFeFeFeFeFeFeFe:sim00110,0.09539222,0.034594756,0,1,1
r3.0:Fe:cn10:CFeFeFeFeFeFeFeFeFe:sim00114,0.10036472,0.037476197,0,1,1
r3.0:Fe:cn10:CFeFeFeFeFeFeFeFeFe:sim00118,0.095063768,0.034220241,0,1,1
r3.0:Fe:cn10:CFeFeFeFeFeFeFeFeFe:sim00122,0.08512751,0.022467988,0,1,1
r3.0:Fe:cn10:CFeFeFeFeFeFeFeFeFe:sim00126,0.075582445,0.013811413,0,1,1
r3.0:Fe:cn10:CFeFeFeFeFeFeFeFeFe:sim00130,0.075346835,0.013896511,0,1,1
r3.0:Fe:cn10:CFeFeFeFeFeFeFeFeFe:sim00134,0.08429417,0.023628699,0,1,1
r3.0:Fe:cn10:CFeFeFeFeFeFeFeFeFe:sim00138,0.084432483,0.024612941,0,1,1
r3.0:Fe:cn10:CFeFeFeFeFeFeFeFeFe:sim00142,0.066777401,-0.016594851,0,1,1
r3.0:Fe:cn10:CFeFeFeFeFeFeFeFeFe:sim00146,0.1134479,-0.025462741,0,1,1
r3.0:Fe:cn10:CFeFeFeFeFeFeFeFeFe:sim00150,0.075277314,0.013872504,0,1,1
r3.0:Fe:cn10:CFeFeFeFeFeFeFeFeFe:sim00154,0.082070023,0.020220263,0,1,1
r3.0:Fe:cn10:CFeFeFeFeFeFeFeFeFe:sim00158,0.073714308,0.008722892,0,1,1
r3.0:Fe:cn10:CFeFeFeFeFeFeFeFeFe:sim00162,0.1039881,0.014292822,0,1,1
r3.0:Fe:cn10:CFeFeFeFeFeFeFeFeFe:sim00166,0.089201003,0.026871383,0,1,1
r3.0:Fe:cn10:CFeFeFeFeFeFeFeFeFe:sim00170,0.081952587,0.021230271,0,1,1
r3.0:Fe:cn10:CFeFeFeFeFeFeFeFeFe:sim00174,0.08329054,0.023010803,0,1,1
r3.0:Fe:cn10:CFeFeFeFeFeFeFeFeFe:sim00178,0.084373698,0.02474078,0,1,1
r3.0:Fe:cn10:CFeFeFeFeFeFeFeFeFe:sim00182,0.079522021,0.030734714,0,1,1
r3.0:Fe:cn10:CFeFeFeFeFeFeFeFeFe:sim00186,0.082163922,0.014720587,0,1,1
r3.0:Fe:cn10:CFeFeFeFeFeFeFeFeFe:sim00190,0.071910784,0.024484599,0,1,1
r3.0:Fe:cn10:CFeFeFeFeFeFeFeFeFe:sim00194,0.11814743,0.033866085,0,1,1
r3.0:Fe:cn10:CFeFeFeFeFeFeFeFeFe:sim00198,0.09004432,0.035929512,0,1,1
r3.0:Fe:cn10:CFeFeFeFeFeFeFeFeFe:sim00202,0.082340755,0.026862552,0,1,1
r3.0:Fe:cn10:CFeFeFeFeFeFeFeFeFe:sim00206,0.067522489,0.035476226,0,1,1
r3.0:Fe:cn10:CFeFeFeFeFeFeFeFeFe:sim00210,0.067552827,0.039407521,0,1,1
r3.0:Fe:cn10:CFeFeFeFeFeFeFeFeFe:sim00214,0.082442366,0.02709103,0,1,1
r3.0:Fe:cn10:CFeFeFeFeFeFeFeFeFe:sim00218,0.097455874,0.015199903,0,1,1
r3.0:Fe:cn10:CFeFeFeFeFeFeFeFeFe:sim00222,0.073261581,0.021881379,0,1,1
r3.0:Fe:cn10:CFeFeFeFeFeFeFeFeFe:sim00226,0.079932272,0.024537623,0,1,1
r3.0:Fe:cn10:CFeFeFeFeFeFeFeFeFe:sim00230,0.07058996,0.014685293,0,1,1
r3.0:Fe:cn10:CFeFeFeFeFeFeFeFeFe:sim00234,0.078325033,0.023459712,0,1,1
r3.0:Fe:cn10:CFeFeFeFeFeFeFeFeFe:sim00238,0.080404371,0.024547677,0,1,1
r3.0:Fe:cn10:CFeFeFeFeFeFeFeFeFe:sim00242,0.08460632,-0.0017060166,0,1,1
r3.0:Fe:cn10:CFeFeFeFeFeFeFeFeFe:sim00246,0.084773026,-0.0020444698,0,1,1
r3.0:Fe:cn10:CFeFeFeFeFeFeFeFeFe:sim00250,0.081385016,0.026508994,0,1,1
r3.0:Fe:cn10:CFeFeFeFeFeFeFeFeFe:sim00254,0.084837265,0.028025933,0,1,1
r3.0:Fe:cn10:CFeFeFeFeFeFeFeFeFe:sim00258,0.087365218,0.0072570513,0,1,1
r3.0:Fe:cn10:CFeFeFeFeFeFeFeFeFe:sim00262,0.082443565,0.027292132,0,1,1
r3.0:Fe:cn10:CFeFeFeFeFeFeFeFeFe:sim00266,0.078813732,0.027163744,0,1,1
r3.0:Fe:cn10:CFeFeFeFeFeFeFeFeFe:sim00270,0.082885168,0.026570804,0,1,1
r3.0:Fe:cn10:CFeFeFeFeFeFeFeFeFe:sim00274,0.082228824,0.027164856,0,1,1
r3.0:Fe:cn10:CFeFeFeFeFeFeFeFeFe:sim00278,0.081978209,0.026479226,0,1,1
r3.0:Fe:cn10:CFeFeFeFeFeFeFeFeFe:sim00282,0.083208881,0.026704807,0,1,1
r3.0:Fe:cn10:CFeFeFeFeFeFeFeFeFe:sim00286,0.06715057,0.039077148,0,1,1
r3.0:Fe:cn10:CFeFeFeFeFeFeFeFeFe:sim00290,0.068589427,-0.010502174,0,1,1
r3.0:Fe:cn10:CFeFeFeFeFeFeFeFeFe:sim00294,0.10531652,0.021602936,0,1,1
r3.0:Fe:cn10:CFeFeFeFeFeFeFeFeFe:sim00298,0.093843065,0.014196023,0,1,1
r3.0:Fe:cn10:CFeFeFeFeFeFeFeFeFe:sim00302,0.077226147,0.050666928,0,1,1
r3.0:Fe:cn10:CFeFeFeFeFeFeFeFeFe:sim00306,0.069124982,0.063040875,0,1,1
r3.0:Fe:cn10:CFeFeFeFeFeFeFeFeFe:sim00310,0.083975881,0.020136757,0,1,1
r3.0:Fe:cn10:CFeFeFeFeFeFeFeFeFe:sim00314,0.094241939,0.01308293,0,1,1
r3.0:Fe:cn10:CFeFeFeFeFeFeFeFeFe:sim00318,0.066555701,0.031423893,0,1,1
r3.0:Fe:cn10:CFeFeFeFeFeFeFeFeFe:sim00322,0.096594743,0.067999199,0,1,1
r3.0:Fe:cn10:CFeFeFeFeFeFeFeFeFe:sim00326,0.081522733,0.028190784,0,1,1
r3.0:Fe:cn10:CFeFeFeFeFeFeFeFeFe:sim00330,0.081789628,0.028552106,0,1,1
r3.0:Fe:cn10:CFeFeFeFeFeFeFeFeFe:sim00334,0.047450386,0.019027725,0,1,1
r3.0:Fe:cn10:CFeFeFeFeFeFeFeFeFe:sim00338,0.081868574,0.028374452,0,1,1
r3.0:Fe:cn10:CFeFeFeFeFeFeFeFeFe:sim00342,0.070630029,0.013273179,0,1,1
r3.0:Fe:cn10:CFeFeFeFeFeFeFeFeFe:sim00346,0.071898937,0.018683719,0,1,1
r3.0:Fe:cn10:CFeFeFeFeFeFeFeFeFe:sim00350,0.076927751,0.049371988,0,1,1
r3.0:Fe:cn10:CFeFeFeFeFeFeFeFeFe:sim00354,0.082158253,0.028588982,0,1,1
r3.0:Fe:cn10:CFeFeFeFeFeFeFeFeFe:sim00358,0.075433925,0.018369349,0,1,1
r3.0:Fe:cn10:CFeFeFeFeFeFeFeFeFe:sim00362,0.067409508,0.042010266,0,1,1
r3.0:Fe:cn10:CFeFeFeFeFeFeFeFeFe:sim00366,0.075703934,0.025198355,0,1,1
r3.0:Fe:cn10:CFeFeFeFeFeFeFeFeFe:sim00370,0.082089551,0.029112276,0,1,1
r3.0:Fe:cn10:CFeFeFeFeFeFeFeFeFe:sim00374,0.081970796,0.028748991,0,1,1
r3.0:Fe:cn10:CFeFeFeFeFeFeFeFeFe:sim00378,0.048594821,0.02548752,0,1,1
r3.0:Fe:cn10:CFeFeFeFeFeFeFeFeFe:sim00382,0.053371303,0.047885492,0,1,1
r3.0:Fe:cn10:CFeFeFeFeFeFeFeFeFe:sim00386,0.081626393,0.028455116,0,1,1
r3.0:Fe:cn10:CFeFeFeFeFeFeFeFeFe:sim00390,0.062416933,0.024317713,0,1,1
r3.0:Fe:cn10:CFeFeFeFeFeFeFeFeFe:sim00394,0.083316721,0.031179687,0,1,1
r3.0:Fe:cn10:CFeFeFeFeFeFeFeFeFe:sim00398,0.087365039,0.030269537,0,1,1
r3.0:Fe:cn10:CFeFeFeFeFeFeFeFeFe:sim00402,0.095495507,0.015998974,0,1,1
r3.0:Fe:cn10:CFeFeFeFeFeFeFeFeFe:sim00406,0.08181987,0.029010588,0,1,1
r3.0:Fe:cn10:CFeFeFeFeFeFeFeFeFe:sim00410,0.077567667,0.0161706,0,1,1
r3.0:Fe:cn10:CFeFeFeFeFeFeFeFeFe:sim00414,0.08319854,0.030049071,0,1,1
r3.0:Fe:cn10:CFeFeFeFeFeFeFeFeFe:sim00418,0.069185175,0.039973531,0,1,1
r3.0:Fe:cn10:CFeFeFeFeFeFeFeFeFe:sim00422,0.081654496,0.026902648,0,1,1
r3.0:Fe:cn10:CFeFeFeFeFeFeFeFeFe:sim00426,0.088195011,0.066146329,0,1,1
r3.0:Fe:cn10:CFeFeFeFeFeFeFeFeFe:sim00430,0.082574941,0.027997322,0,1,1
r3.0:Fe:cn10:CFeFeFeFeFeFeFeFeFe:sim00434,0.088182904,0.021837875,0,1,1
r3.0:Fe:cn10:CFeFeFeFeFeFeFeFeFe:sim00438,0.081727684,0.028429409,0,1,1
r3.0:Fe:cn10:CFeFeFeFeFeFeFeFeFe:sim00442,0.080921181,0.026401361,0,1,1
r3.0:Fe:cn10:CFeFeFeFeFeFeFeFeFe:sim00446,0.077983722,0.027474049,0,1,1
r3.0:Fe:cn10:CFeFeFeFeFeFeFeFeFe:sim00450,0.11109152,0.031629454,0,1,1
r3.0:Fe:cn10:CFeFeFeFeFeFeFeFeFe:sim00454,0.09297853,0.01745652,0,1,1
r3.0:Fe:cn10:CFeFeFeFeFeFeFeFeFe:sim00458,0.095710896,0.014295042,0,1,1
r3.0:Fe:cn10:CFeFeFeFeFeFeFeFeFe:sim00462,0.08735466,0.0082732243,0,1,1
r3.0:Fe:cn10:CFeFeFeFeFeFeFeFeFe:sim00466,0.082977064,0.0055107498,0,1,1
r3.0:Fe:cn10:CFeFeFeFeFeFeFeFeFe:sim00470,0.082067482,0.028672958,0,1,1
r3.0:Fe:cn10:CFeFeFeFeFeFeFeFeFe:sim00474,0.096020103,0.041841876,0,1,1
r3.0:Fe:cn10:CFeFeFeFeFeFeFeFeFe:sim00478,0.083199345,0.023201695,0,1,1
r3.0:Fe:cn10:CFeFeFeFeFeFeFeFeFe:sim00482,0.051766876,0.027255939,0,1,1
r3.0:Fe:cn10:CFeFeFeFeFeFeFeFeFe:sim00486,0.037884567,0.037699323,0,1,1
r3.0:Fe:cn10:CFeFeFeFeFeFeFeFeFe:sim00490,0.084560439,0.037823651,0,1,1
r3.0:Fe:cn10:CFeFeFeFeFeFeFeFeFe:sim00494,0.082094751,0.029111208,0,1,1
r3.0:Fe:cn10:CFeFeFeFeFeFeFeFeFe:sim00498,0.07450185,0.019667393,0,1,1
r3.0:Fe:cn10:CFeFeFeFeFeFeFeFeFe:sim00502,0.082751282,0.027710285,0,1,1
r3.0:Fe:cn10:CFeFeFeFeFeFeFeFeFe:sim00506,0.099958226,0.017651739,0,1,1
r3.0:Fe:cn10:CFeFeFeFeFeFeFeFeFe:sim00510,0.068378851,0.041606124,0,1,1
r3.0:Fe:cn10:CFeFeFeFeFeFeFeFeFe:sim00514,0.070495844,0.043087468,0,1,1
r3.0:Fe:cn10:CFeFeFeFeFeFeFeFeFe:sim00518,0.065896139,0.049208008,0,1,1
r3.0:Fe:cn10:CFeFeFeFeFeFeFeFeFe:sim00522,0.085204184,0.03019109,0,1,1
r3.0:Fe:cn10:CFeFeFeFeFeFeFeFeFe:sim00526,0.085346036,0.030125331,0,1,1
r3.0:Fe:cn10:CFeFeFeFeFeFeFeFeFe:sim00530,0.08530429,0.030522786,0,1,1
r3.0:Fe:cn10:CFeFeFeFeFeFeFeFeFe:sim00534,0.095036261,0.040634736,0,1,1
r3.0:Fe:cn10:CFeFeFeFeFeFeFeFeFe:sim00538,0.079843499,0.027275775,0,1,1
r3.0:Fe:cn10:CFeFeFeFeFeFeFeFeFe:sim00542,0.13154557,0.021823676,0,1,1
r3.0:Fe:cn10:FeFeFeFeFeFeFeFeFeFe:sim00001,0.096456327,0.054080103,0,1,1
r3.0:Fe:cn10:FeFeFeFeFeFeFeFeFeFe:sim00005,0.0965067,0.059382636,0,1,1
r3.0:Fe:cn10:FeFeFeFeFeFeFeFeFeFe:sim00009,0.091753609,0.056873906,0,1,1
r3.0:Fe:cn10:FeFeFeFeFeFeFeFeFeFe:sim00013,0.080228791,0.073068045,0,1,1
r3.0:Fe:cn10:FeFeFeFeFeFeFeFeFeFe:sim00017,0.061764073,0.070904762,0,1,1
r3.0:Fe:cn10:FeFeFeFeFeFeFeFeFeFe:sim00021,0.078606002,0.0761998,0,1,1
r3.0:Fe:cn10:FeFeFeFeFeFeFeFeFeFe:sim00025,0.077553988,0.07550893,0,1,1
r3.0:Fe:cn10:FeFeFeFeFeFeFeFeFeFe:sim00029,0.078399174,0.076322645,0,1,1
r3.0:Fe:cn10:FeFeFeFeFeFeFeFeFeFe:sim00033,0.064207815,0.088577516,0,1,1
r3.0:Fe:cn10:FeFeFeFeFeFeFeFeFeFe:sim00037,0.07830207,0.077719986,0,1,1
r3.0:Fe:cn10:FeFeFeFeFeFeFeFeFeFe:sim00041,0.065710366,0.090252869,0,1,1
r3.0:Fe:cn10:FeFeFeFeFeFeFeFeFeFe:sim00045,0.090253785,0.06834504,0,1,1
r3.0:Fe:cn10:FeFeFeFeFeFeFeFeFeFe:sim00049,0.077937424,0.077776797,0,1,1
r3.0:Fe:cn10:FeFeFeFeFeFeFeFeFeFe:sim00053,0.080592647,0.078807712,0,1,1
r3.0:Fe:cn10:FeFeFeFeFeFeFeFeFeFe:sim00057,0.080840737,0.078965127,0,1,1
r3.0:Fe:cn10:FeFeFeFeFeFeFeFeFeFe:sim00061,0.044347387,0.084426492,0,1,1
r3.0:Fe:cn10:FeFeFeFeFeFeFeFeFeFe:sim00065,0.056674242,0.079793803,0,1,1
r3.0:Fe:cn10:FeFeFeFeFeFeFeFeFeFe:sim00069,0.078811698,0.077901706,0,1,1
r3.0:Fe:cn10:FeFeFeFeFeFeFeFeFeFe:sim00073,0.074118331,0.074958518,0,1,1
r3.0:Fe:cn10:FeFeFeFeFeFeFeFeFeFe:sim00077,0.078083329,0.077575758,0,1,1
r3.0:Fe:cn10:FeFeFeFeFeFeFeFeFeFe:sim00081,0.092804015,0.063175909,0,1,1
r3.0:Fe:cn10:FeFeFeFeFeFeFeFeFeFe:sim00085,0.10342111,0.069452353,0,1,1
r3.0:Fe:cn10:FeFeFeFeFeFeFeFeFeFe:sim00089,0.10689844,0.069698431,0,1,1
r3.0:Fe:cn10:FeFeFeFeFeFeFeFeFeFe:sim00093,0.091682941,0.068693161,0,1,1
r3.0:Fe:cn10:FeFeFeFeFeFeFeFeFeFe:sim00097,0.083999947,0.079548389,0,1,1
r3.0:Fe:cn10:FeFeFeFeFeFeFeFeFeFe:sim00101,0.068248294,0.07253477,0,1,1
r3.0:Fe:cn10:FeFeFeFeFeFeFeFeFeFe:sim00105,0.068650484,0.072769359,0,1,1
r3.0:Fe:cn10:FeFeFeFeFeFeFeFeFeFe:sim00109,0.065097205,0.071862109,0,1,1
r3.0:Fe:cn10:FeFeFeFeFeFeFeFeFeFe:sim00113,0.072696015,0.10112391,0,1,1
r3.0:Fe:cn10:FeFeFeFeFeFeFeFeFeFe:sim00117,0.052271008,0.10587136,0,1,1
r3.0:Fe:cn10:FeFeFeFeFeFeFeFeFeFe:sim00121,0.061254449,0.089807823,0,1,1
r3.0:Fe:cn10:FeFeFeFeFeFeFeFeFeFe:sim00125,0.064112172,0.091782369,0,1,1
r3.0:Fe:cn10:FeFeFeFeFeFeFeFeFeFe:sim00129,0.068510115,0.073062859,0,1,1
r3.0:Fe:cn10:FeFeFeFeFeFeFeFeFeFe:sim00133,0.063823737,0.091414981,0,1,1
r3.0:Fe:cn10:FeFeFeFeFeFeFeFeFeFe:sim00137,0.048466582,0.12399179,0,1,1
r3.0:Fe:cn10:FeFeFeFeFeFeFeFeFeFe:sim00141,0.033228364,0.068023294,0,1,1
r3.0:Fe:cn10:FeFeFeFeFeFeFeFeFeFe:sim00145,0.051742215,0.057910286,0,1,1
r3.0:Fe:cn10:FeFeFeFeFeFeFeFeFeFe:sim00149,0.044235528,0.053646319,0,1,1
r3.0:Fe:cn10:FeFeFeFeFeFeFeFeFeFe:sim00153,0.053624142,0.072394639,0,1,1
r3.0:Fe:cn10:FeFeFeFeFeFeFeFeFeFe:sim00157,0.063964814,0.09132459,0,1,1
r3.0:Fe:cn11:CCCCCFeFeFeFeFeFe:sim00004,-0.064908005,-0.23689634,0,1,1
r3.0:Fe:cn11:CCCCFeFeFeFeFeFeFe:sim00002,-0.0082799289,-0.14611395,0,1,1
r3.0:Fe:cn11:CCCCFeFeFeFeFeFeFe:sim00006,-0.0081958883,-0.14409259,0,1,1
r3.0:Fe:cn11:CCCCFeFeFeFeFeFeFe:sim00010,-0.018990472,-0.14850534,0,1,1
r3.0:Fe:cn11:CCCCFeFeFeFeFeFeFe:sim00014,-0.046409789,-0.17155762,0,1,1
r3.0:Fe:cn11:CCCCFeFeFeFeFeFeFe:sim00018,-0.026951069,-0.124538,0,1,1
r3.0:Fe:cn11:CCCCFeFeFeFeFeFeFe:sim00022,-0.030724779,-0.12089281,0,1,1
r3.0:Fe:cn11:CCCCFeFeFeFeFeFeFe:sim00026,-0.033597928,-0.12010881,0,1,1
r3.0:Fe:cn11:CCCCFeFeFeFeFeFeFe:sim00030,-0.0089829108,-0.099798389,0,1,1
r3.0:Fe:cn11:CCCCFeFeFeFeFeFeFe:sim00034,-0.032878563,-0.11994976,0,1,1
r3.0:Fe:cn11:CCCCFeFeFeFeFeFeFe:sim00038,-0.014730832,-0.13256797,0,1,1
r3.0:Fe:cn11:CCCCFeFeFeFeFeFeFe:sim00042,-0.030403664,-0.1204053,0,1,1
r3.0:Fe:cn11:CCCCFeFeFeFeFeFeFe:sim00046,-0.024614252,-0.14435349,0,1,1
r3.0:Fe:cn11:CCCCFeFeFeFeFeFeFe:sim00050,-0.027003765,-0.11697545,0,1,1
r3.0:Fe:cn11:CCCCFeFeFeFeFeFeFe:sim00054,-0.0097820656,-0.13090667,0,1,1
r3.0:Fe:cn11:CCCCFeFeFeFeFeFeFe:sim00058,-0.027270382,-0.11692932,0,1,1
r3.0:Fe:cn11:CCCCFeFeFeFeFeFeFe:sim00062,-0.03571685,-0.12253101,0,1,1
r3.0:Fe:cn11:CCCCFeFeFeFeFeFeFe:sim00066,-0.030242534,-0.11865557,0,1,1
r3.0:Fe:cn11:CCCCFeFeFeFeFeFeFe:sim00070,-0.029986026,-0.10149111,0,1,1
r3.0:Fe:cn11:CCCCFeFeFeFeFeFeFe:sim00074,-0.031114008,-0.11902267,0,1,1
r3.0:Fe:cn11:CCCCFeFeFeFeFeFeFe:sim00078,-0.036091644,-0.12213937,0,1,1
r3.0:Fe:cn11:CCCCFeFeFeFeFeFeFe:sim00082,-0.018785287,-0.11139713,0,1,1
r3.0:Fe:cn11:CCCCFeFeFeFeFeFeFe:sim00086,-0.00066056941,-0.12451403,0,1,1
r3.0:Fe:cn11:CCCCFeFeFeFeFeFeFe:sim00090,-0.028567627,-0.13757478,0,1,1
r3.0:Fe:cn11:CCCCFeFeFeFeFeFeFe:sim00094,-0.028690973,-0.13790905,0,1,1
r3.0:Fe:cn11:CCCCFeFeFeFeFeFeFe:sim00098,-0.033929572,-0.12170877,0,1,1
r3.0:Fe:cn11:CCCCFeFeFeFeFeFeFe:sim00102,-0.044336844,-0.12561271,0,1,1
r3.0:Fe:cn11:CCCCFeFeFeFeFeFeFe:sim00106,-0.021018637,-0.15038548,0,1,1
r3.0:Fe:cn11:CCCCFeFeFeFeFeFeFe:sim00110,-0.038299371,-0.087666057,0,1,1
r3.0:Fe:cn11:CCCCFeFeFeFeFeFeFe:sim00114,-0.032465674,-0.083727896,0,1,1
r3.0:Fe:cn11:CCCCFeFeFeFeFeFeFe:sim00118,-0.039400987,-0.08802563,0,1,1
r3.0:Fe:cn11:CCCCFeFeFeFeFeFeFe:sim00122,-0.079241358,-0.096073993,0,1,1
r3.0:Fe:cn11:CCCCFeFeFeFeFeFeFe:sim00126,-0.048330776,-0.083491914,0,1,1
r3.0:Fe:cn11:CCCCFeFeFeFeFeFeFe:sim00130,-0.062358867,-0.11157379,0,1,1
r3.0:Fe:cn11:CCCCFeFeFeFeFeFeFe:sim00134,-0.05262487,-0.10291894,0,1,1
r3.0:Fe:cn11:CCCCFeFeFeFeFeFeFe:sim00138,-0.053392678,-0.10088868,0,1,1
r3.0:Fe:cn11:CCCCFeFeFeFeFeFeFe:sim00142,-0.069584601,-0.14713779,0,1,1
r3.0:Fe:cn11:CCCCFeFeFeFeFeFeFe:sim00146,-0.056477118,-0.1636571,0,1,1
r3.0:Fe:cn11:CCCCFeFeFeFeFeFeFe:sim00150,-0.061617728,-0.11154527,0,1,1
r3.0:Fe:cn11:CCCCFeFeFeFeFeFeFe:sim00154,-0.054071501,-0.10415904,0,1,1
r3.0:Fe:cn11:CCCCFeFeFeFeFeFeFe:sim00158,-0.065178871,-0.11894569,0,1,1
r3.0:Fe:cn11:CCCCFeFeFeFeFeFeFe:sim00162,-0.02961793,-0.11488769,0,1,1
r3.0:Fe:cn11:CCCCFeFeFeFeFeFeFe:sim00166,-0.045068186,-0.096145518,0,1,1
r3.0:Fe:cn11:CCCCFeFeFeFeFeFeFe:sim00170,-0.046965178,-0.09860386,0,1,1
r3.0:Fe:cn11:CCCCFeFeFeFeFeFeFe:sim00174,-0.053805538,-0.10151022,0,1,1
r3.0:Fe:cn11:CCCCFeFeFeFeFeFeFe:sim00178,-0.049958259,-0.096039005,0,1,1
r3.0:Fe:cn11:CCCCFeFeFeFeFeFeFe:sim00182,-0.04863571,-0.083635353,0,1,1
r3.0:Fe:cn11:CCCCFeFeFeFeFeFeFe:sim00186,-0.052575968,-0.10094918,0,1,1
r3.0:Fe:cn11:CCCFeFeFeFeFeFeFeFe:sim00004,0.03391571,-0.069612354,0,1,1
r3.0:Fe:cn11:CCCFeFeFeFeFeFeFeFe:sim00008,0.037530057,-0.086122185,0,1,1
r3.0:Fe:cn11:CCCFeFeFeFeFeFeFeFe:sim00012,0.033979081,-0.036937188,0,1,1
r3.0:Fe:cn11:CCCFeFeFeFeFeFeFeFe:sim00016,0.033795357,-0.036558338,0,1,1
r3.0:Fe:cn11:CCCFeFeFeFeFeFeFeFe:sim00020,0.015150736,-0.047354378,0,1,1
r3.0:Fe:cn11:CCCFeFeFeFeFeFeFeFe:sim00024,0.018948378,-0.07786575,0,1,1
r3.0:Fe:cn11:CCCFeFeFeFeFeFeFeFe:sim00028,0.014897869,-0.047570448,0,1,1
r3.0:Fe:cn11:CCCFeFeFeFeFeFeFeFe:sim00032,0.0090838233,-0.049423207,0,1,1
r3.0:Fe:cn11:CCCFeFeFeFeFeFeFeFe:sim00036,0.009648988,-0.047692202,0,1,1
r3.0:Fe:cn11:CCCFeFeFeFeFeFeFeFe:sim00040,0.0044365297,-0.055981625,0,1,1
r3.0:Fe:cn11:CCCFeFeFeFeFeFeFeFe:sim00044,0.014654863,-0.045607015,0,1,1
r3.0:Fe:cn11:CCCFeFeFeFeFeFeFeFe:sim00048,-0.018716849,-0.046924282,0,1,1
r3.0:Fe:cn11:CCCFeFeFeFeFeFeFeFe:sim00052,0.01808314,-0.043970078,0,1,1
r3.0:Fe:cn11:CCCFeFeFeFeFeFeFeFe:sim00056,0.019739412,-0.041183211,0,1,1
r3.0:Fe:cn11:CCCFeFeFeFeFeFeFeFe:sim00060,0.0020236496,-0.063071765,0,1,1
r3.0:Fe:cn11:CCCFeFeFeFeFeFeFeFe:sim00064,0.011294741,-0.014840443,0,1,1
r3.0:Fe:cn11:CCCFeFeFeFeFeFeFeFe:sim00068,0.023902396,-0.048424918,0,1,1
r3.0:Fe:cn11:CCCFeFeFeFeFeFeFeFe:sim00072,0.013830346,-0.045056138,0,1,1
r3.0:Fe:cn11:CCCFeFeFeFeFeFeFeFe:sim00076,0.014836045,-0.045932163,0,1,1
r3.0:Fe:cn11:CCCFeFeFeFeFeFeFeFe:sim00080,0.044821478,-0.04949506,0,1,1
r3.0:Fe:cn11:CCCFeFeFeFeFeFeFeFe:sim00084,0.040903572,-0.052922763,0,1,1
r3.0:Fe:cn11:CCCFeFeFeFeFeFeFeFe:sim00088,0.047234565,-0.047425024,0,1,1
r3.0:Fe:cn11:CCCFeFeFeFeFeFeFeFe:sim00092,0.017430423,-0.044903472,0,1,1
r3.0:Fe:cn11:CCCFeFeFeFeFeFeFeFe:sim00096,0.018474983,-0.044464432,0,1,1
r3.0:Fe:cn11:CCCFeFeFeFeFeFeFeFe:sim00100,0.0023024965,-0.051651292,0,1,1
r3.0:Fe:cn11:CCCFeFeFeFeFeFeFeFe:sim00104,0.0023006597,-0.051374339,0,1,1
r3.0:Fe:cn11:CCCFeFeFeFeFeFeFeFe:sim00108,-0.017000208,-0.038960218,0,1,1
r3.0:Fe:cn11:CCCFeFeFeFeFeFeFeFe:sim00112,0.0082843788,-0.016940903,0,1,1
r3.0:Fe:cn11:CCCFeFeFeFeFeFeFeFe:sim00116,0.0054572681,-0.020067403,0,1,1
r3.0:Fe:cn11:CCCFeFeFeFeFeFeFeFe:sim00120,-0.0027192479,-0.028314646,0,1,1
r3.0:Fe:cn11:CCCFeFeFeFeFeFeFeFe:sim00124,0.012361147,-0.039889354,0,1,1
r3.0:Fe:cn11:CCCFeFeFeFeFeFeFeFe:sim00128,-0.002882388,-0.028119689,0,1,1
r3.0:Fe:cn11:CCCFeFeFeFeFeFeFeFe:sim00132,-0.0040358524,-0.02848665,0,1,1
r3.0:Fe:cn11:CCCFeFeFeFeFeFeFeFe:sim00136,-0.017384967,-0.046829384,0,1,1
r3.0:Fe:cn11:CCCFeFeFeFeFeFeFeFe:sim00140,-0.047649249,-0.071503222,0,1,1
r3.0:Fe:cn11:CCCFeFeFeFeFeFeFeFe:sim00144,-0.019303089,-0.070909277,0,1,1
r3.0:Fe:cn11:CCCFeFeFeFeFeFeFeFe:sim00148,-0.020304086,-0.07145118,0,1,1
r3.0:Fe:cn11:CCCFeFeFeFeFeFeFeFe:sim00152,0.01763756,-0.05109714,0,1,1
r3.0:Fe:cn11:CCCFeFeFeFeFeFeFeFe:sim00156,-0.013437974,-0.03909938,0,1,1
r3.0:Fe:cn11:CCCFeFeFeFeFeFeFeFe:sim00160,-0.0061678695,-0.034228127,0,1,1
r3.0:Fe:cn11:CCCFeFeFeFeFeFeFeFe:sim00164,0.0027752607,-0.025274508,0,1,1
r3.0:Fe:cn11:CCCFeFeFeFeFeFeFeFe:sim00168,0.0056678904,-0.023325974,0,1,1
r3.0:Fe:cn11:CCCFeFeFeFeFeFeFeFe:sim00172,-0.021832738,-0.015033197,0,1,1
r3.0:Fe:cn11:CCCFeFeFeFeFeFeFeFe:sim00176,-0.0048935106,-0.028946903,0,1,1
r3.0:Fe:cn11:CCCFeFeFeFeFeFeFeFe:sim00180,-0.0029968624,-0.0284166,0,1,1
r3.0:Fe:cn11:CCCFeFeFeFeFeFeFeFe:sim00184,-0.0030026154,-0.028372884,0,1,1
r3.0:Fe:cn11:CCCFeFeFeFeFeFeFeFe:sim00188,-0.0033288398,-0.028379422,0,1,1
r3.0:Fe:cn11:CCCFeFeFeFeFeFeFeFe:sim00192,-0.029270565,-0.028412819,0,1,1
r3.0:Fe:cn11:CCCFeFeFeFeFeFeFeFe:sim00196,-0.032033823,0.0018634895,0,1,1
r3.0:Fe:cn11:CCCFeFeFeFeFeFeFeFe:sim00200,-0.020557169,-0.017535996,0,1,1
r3.0:Fe:cn11:CCCFeFeFeFeFeFeFeFe:sim00204,-0.00624396,-0.025570206,0,1,1
r3.0:Fe:cn11:CCCFeFeFeFeFeFeFeFe:sim00208,0.015164791,-0.047653519,0,1,1
r3.0:Fe:cn11:CCCFeFeFeFeFeFeFeFe:sim00212,-0.013119747,-0.028951677,0,1,1
r3.0:Fe:cn11:CCCFeFeFeFeFeFeFeFe:sim00216,-0.006411484,-0.02397497,0,1,1
r3.0:Fe:cn11:CCCFeFeFeFeFeFeFeFe:sim00220,-0.0059047621,-0.024995731,0,1,1
r3.0:Fe:cn11:CCCFeFeFeFeFeFeFeFe:sim00224,-0.0059391148,-0.024893597,0,1,1
r3.0:Fe:cn11:CCCFeFeFeFeFeFeFeFe:sim00228,-0.0059280326,-0.0248063,0,1,1
r3.0:Fe:cn11:CCCFeFeFeFeFeFeFeFe:sim00232,-0.038189534,-0.037618503,0,1,1
r3.0:Fe:cn11:CCCFeFeFeFeFeFeFeFe:sim00236,-0.0027335598,-0.024271043,0,1,1
r3.0:Fe:cn11:CCCFeFeFeFeFeFeFeFe:sim00240,-0.0017377228,-0.055379961,0,1,1
r3.0:Fe:cn11:CCCFeFeFeFeFeFeFeFe:sim00244,-0.0018827369,-0.055337954,0,1,1
r3.0:Fe:cn11:CCCFeFeFeFeFeFeFeFe:sim00248,-2.2503168e-06,-0.054253578,0,1,1
r3.0:Fe:cn11:CCCFeFeFeFeFeFeFeFe:sim00252,-0.01345085,-0.036985833,0,1,1
r3.0:Fe:cn11:CCCFeFeFeFeFeFeFeFe:sim00256,-0.011652309,-0.0031771788,0,1,1
r3.0:Fe:cn11:CCCFeFeFeFeFeFeFeFe:sim00260,-0.0042030825,-0.025184473,0,1,1
r3.0:Fe:cn11:CCCFeFeFeFeFeFeFeFe:sim00264,-0.010430396,-0.026601145,0,1,1
r3.0:Fe:cn11:CCCFeFeFeFeFeFeFeFe:sim00268,0.0071259337,-0.039001789,0,1,1
r3.0:Fe:cn11:CCCFeFeFeFeFeFeFeFe:sim00272,-0.0044440934,-0.023004914,0,1,1
r3.0:Fe:cn11:CCCFeFeFeFeFeFeFeFe:sim00276,-0.0060752658,-0.024921769,0,1,1
r3.0:Fe:cn11:CCCFeFeFeFeFeFeFeFe:sim00280,-0.0071535972,-0.033194907,0,1,1
r3.0:Fe:cn11:CCCFeFeFeFeFeFeFeFe:sim00284,-0.0055675171,-0.023741443,0,1,1
r3.0:Fe:cn11:CCCFeFeFeFeFeFeFeFe:sim00288,-0.023398742,-0.011448449,0,1,1
r3.0:Fe:cn11:CCCFeFeFeFeFeFeFeFe:sim00292,-0.0056288326,-0.024704276,0,1,1
r3.0:Fe:cn11:CCCFeFeFeFeFeFeFeFe:sim00296,-0.0057605021,-0.024416691,0,1,1
r3.0:Fe:cn11:CCCFeFeFeFeFeFeFeFe:sim00300,-0.011669165,0.00032191598,0,1,1
r3.0:Fe:cn11:CCCFeFeFeFeFeFeFeFe:sim00304,-0.0058113262,0.0012418963,0,1,1
r3.0:Fe:cn11:CCCFeFeFeFeFeFeFeFe:sim00308,-0.032049429,0.017711647,0,1,1
r3.0:Fe:cn11:CCCFeFeFeFeFeFeFeFe:sim00312,-0.0053972434,-0.034447052,0,1,1
r3.0:Fe:cn11:CCCFeFeFeFeFeFeFeFe:sim00316,-0.0052089035,-0.033916976,0,1,1
r3.0:Fe:cn11:CCCFeFeFeFeFeFeFeFe:sim00320,-0.0066558588,-0.023526499,0,1,1
r3.0:Fe:cn11:CCCFeFeFeFeFeFeFeFe:sim00324,-0.027819784,-0.0011750783,0,1,1
r3.0:Fe:cn11:CCCFeFeFeFeFeFeFeFe:sim00328,0.0019054459,-0.026907809,0,1,1
r3.0:Fe:cn11:CCCFeFeFeFeFeFeFeFe:sim00332,0.0059322086,-0.0071238712,0,1,1
r3.0:Fe:cn11:CCCFeFeFeFeFeFeFeFe:sim00336,-0.021782007,-0.025847286,0,1,1
r3.0:Fe:cn11:CCCFeFeFeFeFeFeFeFe:sim00340,-0.0066995844,-0.022902876,0,1,1
r3.0:Fe:cn11:CCCFeFeFeFeFeFeFeFe:sim00344,0.010484844,-0.036102206,0,1,1
r3.0:Fe:cn11:CCCFeFeFeFeFeFeFeFe:sim00348,-0.040320031,-0.02434615,0,1,1
r3.0:Fe:cn11:CCCFeFeFeFeFeFeFeFe:sim00352,-0.0076082828,-0.02481897,0,1,1
r3.0:Fe:cn11:CCCFeFeFeFeFeFeFeFe:sim00356,-0.0064212047,-0.022896465,0,1,1
r3.0:Fe:cn11:CCCFeFeFeFeFeFeFeFe:sim00360,-0.011345949,-0.025233602,0,1,1
r3.0:Fe:cn11:CCCFeFeFeFeFeFeFeFe:sim00364,-0.011289901,-0.025405822,0,1,1
r3.0:Fe:cn11:CCCFeFeFeFeFeFeFeFe:sim00368,-0.016152062,-0.028220447,0,1,1
r3.0:Fe:cn11:CCCFeFeFeFeFeFeFeFe:sim00372,-0.030301783,-0.05231474,0,1,1
r3.0:Fe:cn11:CCCFeFeFeFeFeFeFeFe:sim00376,-0.010477301,0.007517999,0,1,1
r3.0:Fe:cn11:CCCFeFeFeFeFeFeFeFe:sim00380,-0.0017763865,-0.020323785,0,1,1
r3.0:Fe:cn11:CCCFeFeFeFeFeFeFeFe:sim00384,-0.024070868,-0.0098374644,0,1,1
r3.0:Fe:cn11:CCCFeFeFeFeFeFeFeFe:sim00388,-0.0066780578,-0.02357045,0,1,1
r3.0:Fe:cn11:CCCFeFeFeFeFeFeFeFe:sim00392,-0.0058582118,-0.022838252,0,1,1
r3.0:Fe:cn11:CCCFeFeFeFeFeFeFeFe:sim00396,-0.0031811842,-0.029625122,0,1,1
r3.0:Fe:cn11:CCCFeFeFeFeFeFeFeFe:sim00400,-0.0060602133,-0.022658959,0,1,1
r3.0:Fe:cn11:CCCFeFeFeFeFeFeFeFe:sim00404,-0.0063383258,-0.022964826,0,1,1
r3.0:Fe:cn11:CCCFeFeFeFeFeFeFeFe:sim00408,0.025808768,-0.030210022,0,1,1
r3.0:Fe:cn11:CCCFeFeFeFeFeFeFeFe:sim00412,-0.022437373,-0.0081703207,0,1,1
r3.0:Fe:cn11:CCCFeFeFeFeFeFeFeFe:sim00416,0.0084535163,-0.0032803889,0,1,1
r3.0:Fe:cn11:CCCFeFeFeFeFeFeFeFe:sim00420,-0.041142687,-0.036446664,0,1,1
r3.0:Fe:cn11:CCCFeFeFeFeFeFeFeFe:sim00424,-0.0086658578,-0.024945922,0,1,1
r3.0:Fe:cn11:CCCFeFeFeFeFeFeFeFe:sim00428,-0.0070567774,-0.022778703,0,1,1
r3.0:Fe:cn11:CCCFeFeFeFeFeFeFeFe:sim00432,-0.0082816733,-0.02473616,0,1,1
r3.0:Fe:cn11:CCCFeFeFeFeFeFeFeFe:sim00436,0.0020478074,-0.017822679,0,1,1
r3.0:Fe:cn11:CCCFeFeFeFeFeFeFeFe:sim00440,-0.0062671043,-0.023001494,0,1,1
r3.0:Fe:cn11:CCCFeFeFeFeFeFeFeFe:sim00444,0.010512196,-0.03651499,0,1,1
r3.0:Fe:cn11:CCCFeFeFeFeFeFeFeFe:sim00448,-0.0028749744,-0.022443861,0,1,1
r3.0:Fe:cn11:CCCFeFeFeFeFeFeFeFe:sim00452,0.014603571,-0.031307168,0,1,1
r3.0:Fe:cn11:CCCFeFeFeFeFeFeFeFe:sim00456,0.010311171,-0.03200851,0,1,1
r3.0:Fe:cn11:CCCFeFeFeFeFeFeFeFe:sim00460,-0.00055986154,-0.04617494,0,1,1
r3.0:Fe:cn11:CCCFeFeFeFeFeFeFeFe:sim00464,-0.0023576485,-0.048935492,0,1,1
r3.0:Fe:cn11:CCCFeFeFeFeFeFeFeFe:sim00468,0.015978768,-0.059400894,0,1,1
r3.0:Fe:cn11:CCCFeFeFeFeFeFeFeFe:sim00472,-0.025507594,-0.039122969,0,1,1
r3.0:Fe:cn11:CCCFeFeFeFeFeFeFeFe:sim00476,0.027151996,-0.022065725,0,1,1
r3.0:Fe:cn11:CCCFeFeFeFeFeFeFeFe:sim00480,-0.04377402,0.0061501698,0,1,1
r3.0:Fe:cn11:CCCFeFeFeFeFeFeFeFe:sim00484,-0.041028086,-0.024858532,0,1,1
r3.0:Fe:cn11:CCCFeFeFeFeFeFeFeFe:sim00488,-0.039949566,-0.023932096,0,1,1
r3.0:Fe:cn11:CCCFeFeFeFeFeFeFeFe:sim00492,-0.0063710674,-0.02290348,0,1,1
r3.0:Fe:cn11:CCCFeFeFeFeFeFeFeFe:sim00496,-0.0066523305,-0.023012714,0,1,1
r3.0:Fe:cn11:CCCFeFeFeFeFeFeFeFe:sim00500,-0.016411752,-0.039819095,0,1,1
r3.0:Fe:cn11:CCCFeFeFeFeFeFeFeFe:sim00504,-0.00093952118,-0.019999743,0,1,1
r3.0:Fe:cn11:CCCFeFeFeFeFeFeFeFe:sim00508,-0.019077726,-0.064281717,0,1,1
r3.0:Fe:cn11:CCCFeFeFeFeFeFeFeFe:sim00512,-0.023834093,-0.0090763401,0,1,1
r3.0:Fe:cn11:CCCFeFeFeFeFeFeFeFe:sim00516,-0.021355664,-0.00129981,0,1,1
r3.0:Fe:cn11:CCCFeFeFeFeFeFeFeFe:sim00520,-0.0030103829,-0.02127558,0,1,1
r3.0:Fe:cn11:CCCFeFeFeFeFeFeFeFe:sim00524,0.0020401073,-0.019245947,0,1,1
r3.0:Fe:cn11:CCCFeFeFeFeFeFeFeFe:sim00528,-0.0027275092,-0.021173734,0,1,1
r3.0:Fe:cn11:CCCFeFeFeFeFeFeFeFe:sim00532,0.0061098197,-0.011057299,0,1,1
r3.0:Fe:cn11:CCCFeFeFeFeFeFeFeFe:sim00536,-0.0025603601,-0.021895276,0,1,1
r3.0:Fe:cn11:CCCFeFeFeFeFeFeFeFe:sim00540,-0.0087741883,-0.010214263,0,1,1
r3.0:Fe:cn11:CCCFeFeFeFeFeFeFeFe:sim00544,0.026039245,-0.04583725,0,1,1
r3.0:Fe:cn11:CCCFeFeFeFeFeFeFeFe:sim00548,0.01134777,-0.033685789,0,1,1
r3.0:Fe:cn11:CCCFeFeFeFeFeFeFeFe:sim00552,-0.0010060403,-0.019772075,0,1,1
r3.0:Fe:cn11:CCCFeFeFeFeFeFeFeFe:sim00556,-0.0029762806,-0.020758603,0,1,1
r3.0:Fe:cn11:CCCFeFeFeFeFeFeFeFe:sim00560,-0.0015319855,-0.018244149,0,1,1
r3.0:Fe:cn11:CCCFeFeFeFeFeFeFeFe:sim00564,0.0055735623,-0.014260517,0,1,1
r3.0:Fe:cn11:CCCFeFeFeFeFeFeFeFe:sim00568,0.030195706,-0.040758718,0,1,1
r3.0:Fe:cn11:CCCFeFeFeFeFeFeFeFe:sim00572,-0.0012907614,-0.012857815,0,1,1
r3.0:Fe:cn11:CCCFeFeFeFeFeFeFeFe:sim00576,-0.00372524,-0.022735676,0,1,1
r3.0:Fe:cn11:CCCFeFeFeFeFeFeFeFe:sim00580,-0.002659803,-0.022210332,0,1,1
r3.0:Fe:cn11:CCCFeFeFeFeFeFeFeFe:sim00584,-0.023807272,0.001132709,0,1,1
r3.0:Fe:cn11:CCCFeFeFeFeFeFeFeFe:sim00588,-0.0016831051,-0.019974643,0,1,1
r3.0:Fe:cn11:CCFeFeFeFeFeFeFeFeFe:sim00002,0.065846667,-0.012403829,0,1,1
r3.0:Fe:cn11:CCFeFeFeFeFeFeFeFeFe:sim00006,0.066362955,-0.0038898645,0,1,1
r3.0:Fe:cn11:CCFeFeFeFeFeFeFeFeFe:sim00010,0.087719597,-0.012552435,0,1,1
r3.0:Fe:cn11:CCFeFeFeFeFeFeFeFeFe:sim00014,0.036686286,-0.032871567,0,1,1
r3.0:Fe:cn11:CCFeFeFeFeFeFeFeFeFe:sim00018,0.052586071,0.0074402764,0,1,1
r3.0:Fe:cn11:CCFeFeFeFeFeFeFeFeFe:sim00022,0.049812712,0.010305302,0,1,1
r3.0:Fe:cn11:CCFeFeFeFeFeFeFeFeFe:sim00026,0.048494283,0.015024268,0,1,1
r3.0:Fe:cn11:CCFeFeFeFeFeFeFeFeFe:sim00030,0.044319678,0.03262002,0,1,1
r3.0:Fe:cn11:CCFeFeFeFeFeFeFeFeFe:sim00034,0.049196918,0.012048002,0,1,1
r3.0:Fe:cn11:CCFeFeFeFeFeFeFeFeFe:sim00038,0.049184952,0.012101491,0,1,1
r3.0:Fe:cn11:CCFeFeFeFeFeFeFeFeFe:sim00042,0.034944296,-0.0069841798,0,1,1
r3.0:Fe:cn11:CCFeFeFeFeFeFeFeFeFe:sim00046,0.054456379,-0.0086953519,0,1,1
r3.0:Fe:cn11:CCFeFeFeFeFeFeFeFeFe:sim00050,0.052781802,0.013261004,0,1,1
r3.0:Fe:cn11:CCFeFeFeFeFeFeFeFeFe:sim00054,0.064355396,0.00048276779,0,1,1
r3.0:Fe:cn11:CCFeFeFeFeFeFeFeFeFe:sim00058,0.052555557,0.013429623,0,1,1
r3.0:Fe:cn11:CCFeFeFeFeFeFeFeFeFe:sim00062,0.048649348,0.0092642931,0,1,1
r3.0:Fe:cn11:CCFeFeFeFeFeFeFeFeFe:sim00066,0.050331507,0.012403341,0,1,1
r3.0:Fe:cn11:CCFeFeFeFeFeFeFeFeFe:sim00070,0.045944024,0.019526897,0,1,1
r3.0:Fe:cn11:CCFeFeFeFeFeFeFeFeFe:sim00074,0.072240286,0.0066000996,0,1,1
r3.0:Fe:cn11:CCFeFeFeFeFeFeFeFeFe:sim00078,0.049862765,0.01225914,0,1,1
r3.0:Fe:cn11:CCFeFeFeFeFeFeFeFeFe:sim00082,0.058618672,0.019248566,0,1,1
r3.0:Fe:cn11:CCFeFeFeFeFeFeFeFeFe:sim00086,0.074368544,0.0076138824,0,1,1
r3.0:Fe:cn11:CCFeFeFeFeFeFeFeFeFe:sim00090,0.056524973,0.0049406248,0,1,1
r3.0:Fe:cn11:CCFeFeFeFeFeFeFeFeFe:sim00094,0.050926499,0.012774901,0,1,1
r3.0:Fe:cn11:CCFeFeFeFeFeFeFeFeFe:sim00098,0.061710835,0.023119939,0,1,1
r3.0:Fe:cn11:CCFeFeFeFeFeFeFeFeFe:sim00102,0.038674813,0.0067625139,0,1,1
r3.0:Fe:cn11:CCFeFeFeFeFeFeFeFeFe:sim00106,0.057559982,-0.013539069,0,1,1
r3.0:Fe:cn11:CCFeFeFeFeFeFeFeFeFe:sim00110,0.043655038,0.037922468,0,1,1
r3.0:Fe:cn11:CCFeFeFeFeFeFeFeFeFe:sim00114,0.048580039,0.041212924,0,1,1
r3.0:Fe:cn11:CCFeFeFeFeFeFeFeFeFe:sim00118,0.041901138,0.030129597,0,1,1
r3.0:Fe:cn11:CCFeFeFeFeFeFeFeFeFe:sim00122,0.031725649,0.025072232,0,1,1
r3.0:Fe:cn11:CCFeFeFeFeFeFeFeFeFe:sim00126,0.033777546,0.027425652,0,1,1
r3.0:Fe:cn11:CCFeFeFeFeFeFeFeFeFe:sim00130,0.032885652,0.027227169,0,1,1
r3.0:Fe:cn11:CCFeFeFeFeFeFeFeFeFe:sim00134,0.032878049,0.027182091,0,1,1
r3.0:Fe:cn11:CCFeFeFeFeFeFeFeFeFe:sim00138,0.02783807,0.048338715,0,1,1
r3.0:Fe:cn11:CCFeFeFeFeFeFeFeFeFe:sim00142,0.019829523,-0.009944533,0,1,1
r3.0:Fe:cn11:CCFeFeFeFeFeFeFeFeFe:sim00146,0.031208849,-0.022611834,0,1,1
r3.0:Fe:cn11:CCFeFeFeFeFeFeFeFeFe:sim00150,0.025536031,0.01789009,0,1,1
r3.0:Fe:cn11:CCFeFeFeFeFeFeFeFeFe:sim00154,0.030813022,0.024127446,0,1,1
r3.0:Fe:cn11:CCFeFeFeFeFeFeFeFeFe:sim00158,0.021447949,0.011232943,0,1,1
r3.0:Fe:cn11:CCFeFeFeFeFeFeFeFeFe:sim00162,0.053055983,0.018055018,0,1,1
r3.0:Fe:cn11:CCFeFeFeFeFeFeFeFeFe:sim00166,0.038069457,0.030555088,0,1,1
r3.0:Fe:cn11:CCFeFeFeFeFeFeFeFeFe:sim00170,0.027527943,0.02373668,0,1,1
r3.0:Fe:cn11:CCFeFeFeFeFeFeFeFeFe:sim00174,0.03183116,0.026515383,0,1,1
r3.0:Fe:cn11:CCFeFeFeFeFeFeFeFeFe:sim00178,0.051980346,0.0080270097,0,1,1
r3.0:Fe:cn11:CCFeFeFeFeFeFeFeFeFe:sim00182,0.030784544,0.034247853,0,1,1
r3.0:Fe:cn11:CCFeFeFeFeFeFeFeFeFe:sim00186,0.028572816,0.024447108,0,1,1
r3.0:Fe:cn11:CCFeFeFeFeFeFeFeFeFe:sim00190,0.039237622,0.06740839,0,1,1
r3.0:Fe:cn11:CCFeFeFeFeFeFeFeFeFe:sim00194,0.063560866,0.033509467,0,1,1
r3.0:Fe:cn11:CCFeFeFeFeFeFeFeFeFe:sim00198,0.025280891,0.024971167,0,1,1
r3.0:Fe:cn11:CCFeFeFeFeFeFeFeFeFe:sim00202,0.029998988,0.023126585,0,1,1
r3.0:Fe:cn11:CCFeFeFeFeFeFeFeFeFe:sim00206,0.052848913,0.023751551,0,1,1
r3.0:Fe:cn11:CCFeFeFeFeFeFeFeFeFe:sim00210,0.015848128,0.042608712,0,1,1
r3.0:Fe:cn11:CCFeFeFeFeFeFeFeFeFe:sim00214,0.031235937,0.03052095,0,1,1
r3.0:Fe:cn11:CCFeFeFeFeFeFeFeFeFe:sim00218,0.044209383,0.013071938,0,1,1
r3.0:Fe:cn11:CCFeFeFeFeFeFeFeFeFe:sim00222,0.020847561,0.022272112,0,1,1
r3.0:Fe:cn11:CCFeFeFeFeFeFeFeFeFe:sim00226,0.030564679,0.030579126,0,1,1
r3.0:Fe:cn11:CCFeFeFeFeFeFeFeFeFe:sim00230,0.019681832,0.018590558,0,1,1
r3.0:Fe:cn11:CCFeFeFeFeFeFeFeFeFe:sim00234,0.023836436,0.048943065,0,1,1
r3.0:Fe:cn11:CCFeFeFeFeFeFeFeFeFe:sim00238,0.029074069,0.028019518,0,1,1
r3.0:Fe:cn11:CCFeFeFeFeFeFeFeFeFe:sim00242,0.034873478,0.0031001577,0,1,1
r3.0:Fe:cn11:CCFeFeFeFeFeFeFeFeFe:sim00246,0.031021433,0.0019301524,0,1,1
r3.0:Fe:cn11:CCFeFeFeFeFeFeFeFeFe:sim00250,0.030048817,0.030277729,0,1,1
r3.0:Fe:cn11:CCFeFeFeFeFeFeFeFeFe:sim00254,0.020449659,0.020606764,0,1,1
r3.0:Fe:cn11:CCFeFeFeFeFeFeFeFeFe:sim00258,0.043500196,0.019232918,0,1,1
r3.0:Fe:cn11:CCFeFeFeFeFeFeFeFeFe:sim00262,0.038789574,0.017257839,0,1,1
r3.0:Fe:cn11:CCFeFeFeFeFeFeFeFeFe:sim00266,0.027466036,0.029718528,0,1,1
r3.0:Fe:cn11:CCFeFeFeFeFeFeFeFeFe:sim00270,0.031495374,0.030593917,0,1,1
r3.0:Fe:cn11:CCFeFeFeFeFeFeFeFeFe:sim00274,0.030930091,0.030690471,0,1,1
r3.0:Fe:cn11:CCFeFeFeFeFeFeFeFeFe:sim00278,0.021357123,0.020356948,0,1,1
r3.0:Fe:cn11:CCFeFeFeFeFeFeFeFeFe:sim00282,0.034639191,0.0033899557,0,1,1
r3.0:Fe:cn11:CCFeFeFeFeFeFeFeFeFe:sim00286,0.030902786,0.0309688,0,1,1
r3.0:Fe:cn11:CCFeFeFeFeFeFeFeFeFe:sim00290,0.031162629,0.03085405,0,1,1
r3.0:Fe:cn11:CCFeFeFeFeFeFeFeFeFe:sim00294,0.053793177,0.025816198,0,1,1
r3.0:Fe:cn11:CCFeFeFeFeFeFeFeFeFe:sim00298,0.02744218,0.029549465,0,1,1
r3.0:Fe:cn11:CCFeFeFeFeFeFeFeFeFe:sim00302,0.027006611,0.056304369,0,1,1
r3.0:Fe:cn11:CCFeFeFeFeFeFeFeFeFe:sim00306,0.020155914,0.044252545,0,1,1
r3.0:Fe:cn11:CCFeFeFeFeFeFeFeFeFe:sim00310,0.033466432,0.025221569,0,1,1
r3.0:Fe:cn11:CCFeFeFeFeFeFeFeFeFe:sim00314,0.039665088,0.023500515,0,1,1
r3.0:Fe:cn11:CCFeFeFeFeFeFeFeFeFe:sim00318,0.043974217,0.036000907,0,1,1
r3.0:Fe:cn11:CCFeFeFeFeFeFeFeFeFe:sim00322,0.035758059,0.036754601,0,1,1
r3.0:Fe:cn11:CCFeFeFeFeFeFeFeFeFe:sim00326,-3.3678934e-05,0.030842336,0,1,1
r3.0:Fe:cn11:CCFeFeFeFeFeFeFeFeFe:sim00330,0.030561607,0.032188799,0,1,1
r3.0:Fe:cn11:CCFeFeFeFeFeFeFeFeFe:sim00334,0.0065934435,0.033902898,0,1,1
r3.0:Fe:cn11:CCFeFeFeFeFeFeFeFeFe:sim00338,0.03056773,0.031867549,0,1,1
r3.0:Fe:cn11:CCFeFeFeFeFeFeFeFeFe:sim00342,0.018433547,0.015791632,0,1,1
r3.0:Fe:cn11:CCFeFeFeFeFeFeFeFeFe:sim00346,0.020948045,0.022194933,0,1,1
r3.0:Fe:cn11:CCFeFeFeFeFeFeFeFeFe:sim00350,0.016573941,0.019463934,0,1,1
r3.0:Fe:cn11:CCFeFeFeFeFeFeFeFeFe:sim00354,0.038883258,0.041993763,0,1,1
r3.0:Fe:cn11:CCFeFeFeFeFeFeFeFeFe:sim00358,0.02832805,0.031832535,0,1,1
r3.0:Fe:cn11:CCFeFeFeFeFeFeFeFeFe:sim00362,0.036698554,0.034543425,0,1,1
r3.0:Fe:cn11:CCFeFeFeFeFeFeFeFeFe:sim00366,0.013995552,0.01394655,0,1,1
r3.0:Fe:cn11:CCFeFeFeFeFeFeFeFeFe:sim00370,0.030825606,0.032511208,0,1,1
r3.0:Fe:cn11:CCFeFeFeFeFeFeFeFeFe:sim00374,0.028922634,0.030880917,0,1,1
r3.0:Fe:cn11:CCFeFeFeFeFeFeFeFeFe:sim00378,0.027809523,0.030083794,0,1,1
r3.0:Fe:cn11:CCFeFeFeFeFeFeFeFeFe:sim00382,0.056828383,0.033447627,0,1,1
r3.0:Fe:cn11:CCFeFeFeFeFeFeFeFeFe:sim00386,0.030437872,0.03226785,0,1,1
r3.0:Fe:cn11:CCFeFeFeFeFeFeFeFeFe:sim00390,0.025782386,0.053216793,0,1,1
r3.0:Fe:cn11:CCFeFeFeFeFeFeFeFeFe:sim00394,0.041510396,0.044877999,0,1,1
r3.0:Fe:cn11:CCFeFeFeFeFeFeFeFeFe:sim00398,0.028103411,0.029058296,0,1,1
r3.0:Fe:cn11:CCFeFeFeFeFeFeFeFeFe:sim00402,0.015668018,-0.005345806,0,1,1
r3.0:Fe:cn11:CCFeFeFeFeFeFeFeFeFe:sim00406,0.030233115,0.032661576,0,1,1
r3.0:Fe:cn11:CCFeFeFeFeFeFeFeFeFe:sim00410,0.0041184537,0.029329628,0,1,1
r3.0:Fe:cn11:CCFeFeFeFeFeFeFeFeFe:sim00414,0.041343156,0.043785464,0,1,1
r3.0:Fe:cn11:CCFeFeFeFeFeFeFeFeFe:sim00418,0.020431643,0.046413474,0,1,1
r3.0:Fe:cn11:CCFeFeFeFeFeFeFeFeFe:sim00422,0.028006099,0.029386424,0,1,1
r3.0:Fe:cn11:CCFeFeFeFeFeFeFeFeFe:sim00426,0.038388908,0.040376488,0,1,1
r3.0:Fe:cn11:CCFeFeFeFeFeFeFeFeFe:sim00430,0.025445612,0.052762233,0,1,1
r3.0:Fe:cn11:CCFeFeFeFeFeFeFeFeFe:sim00434,0.030384103,0.032439753,0,1,1
r3.0:Fe:cn11:CCFeFeFeFeFeFeFeFeFe:sim00438,0.031627566,0.02665244,0,1,1
r3.0:Fe:cn11:CCFeFeFeFeFeFeFeFeFe:sim00442,0.030572502,0.032472439,0,1,1
r3.0:Fe:cn11:CCFeFeFeFeFeFeFeFeFe:sim00446,0.026656503,0.030888176,0,1,1
r3.0:Fe:cn11:CCFeFeFeFeFeFeFeFeFe:sim00450,0.044494439,0.022212137,0,1,1
r3.0:Fe:cn11:CCFeFeFeFeFeFeFeFeFe:sim00454,0.042793412,0.021446865,0,1,1
r3.0:Fe:cn11:CCFeFeFeFeFeFeFeFeFe:sim00458,0.044514768,0.022556391,0,1,1
r3.0:Fe:cn11:CCFeFeFeFeFeFeFeFeFe:sim00462,0.03575252,0.011569585,0,1,1
r3.0:Fe:cn11:CCFeFeFeFeFeFeFeFeFe:sim00466,0.036086518,0.011984208,0,1,1
r3.0:Fe:cn11:CCFeFeFeFeFeFeFeFeFe:sim00470,0.0080822762,0.027800627,0,1,1
r3.0:Fe:cn11:CCFeFeFeFeFeFeFeFeFe:sim00474,0.042998087,0.043738429,0,1,1
r3.0:Fe:cn11:CCFeFeFeFeFeFeFeFeFe:sim00478,0.035104871,0.035136662,0,1,1
r3.0:Fe:cn11:CCFeFeFeFeFeFeFeFeFe:sim00482,0.0016249871,0.03855497,0,1,1
r3.0:Fe:cn11:CCFeFeFeFeFeFeFeFeFe:sim00486,-0.014157974,0.04059229,0,1,1
r3.0:Fe:cn11:CCFeFeFeFeFeFeFeFeFe:sim00490,0.021671368,0.029211197,0,1,1
r3.0:Fe:cn11:CCFeFeFeFeFeFeFeFeFe:sim00494,0.032002065,0.033100471,0,1,1
r3.0:Fe:cn11:CCFeFeFeFeFeFeFeFeFe:sim00498,0.050785515,0.01272893,0,1,1
r3.0:Fe:cn11:CCFeFeFeFeFeFeFeFeFe:sim00502,0.033562627,0.034057222,0,1,1
r3.0:Fe:cn11:CCFeFeFeFeFeFeFeFeFe:sim00506,0.03395788,0.033602942,0,1,1
r3.0:Fe:cn11:CCFeFeFeFeFeFeFeFeFe:sim00510,0.01698559,0.045673046,0,1,1
r3.0:Fe:cn11:CCFeFeFeFeFeFeFeFeFe:sim00514,0.018796086,0.046497229,0,1,1
r3.0:Fe:cn11:CCFeFeFeFeFeFeFeFeFe:sim00518,0.018951247,0.046742272,0,1,1
r3.0:Fe:cn11:CCFeFeFeFeFeFeFeFeFe:sim00522,0.033797514,0.033915926,0,1,1
r3.0:Fe:cn11:CCFeFeFeFeFeFeFeFeFe:sim00526,0.018260524,0.04613059,0,1,1
r3.0:Fe:cn11:CCFeFeFeFeFeFeFeFeFe:sim00530,0.033985075,0.034092188,0,1,1
r3.0:Fe:cn11:CCFeFeFeFeFeFeFeFeFe:sim00534,0.043472659,0.044291936,0,1,1
r3.0:Fe:cn11:CCFeFeFeFeFeFeFeFeFe:sim00538,0.026884332,0.030083314,0,1,1
r3.0:Fe:cn11:CCFeFeFeFeFeFeFeFeFe:sim00542,0.092560321,0.037735991,0,1,1
r3.0:Fe:cn11:CCFeFeFeFeFeFeFeFeFe:sim00546,0.045357559,0.017851949,0,1,1
r3.0:Fe:cn11:CCFeFeFeFeFeFeFeFeFe:sim00550,0.032382332,0.039448027,0,1,1
r3.0:Fe:cn11:CCFeFeFeFeFeFeFeFeFe:sim00554,0.033869002,0.034347773,0,1,1
r3.0:Fe:cn11:CCFeFeFeFeFeFeFeFeFe:sim00558,0.034031875,0.034136597,0,1,1
r3.0:Fe:cn11:CCFeFeFeFeFeFeFeFeFe:sim00562,0.044522561,0.047058571,0,1,1
r3.0:Fe:cn11:CCFeFeFeFeFeFeFeFeFe:sim00566,0.034500193,0.0367602,0,1,1
r3.0:Fe:cn11:CCFeFeFeFeFeFeFeFeFe:sim00570,0.056578316,0.028602393,0,1,1
r3.0:Fe:cn11:CCFeFeFeFeFeFeFeFeFe:sim00574,0.046039604,0.050421901,0,1,1
r3.0:Fe:cn11:CCFeFeFeFeFeFeFeFeFe:sim00578,0.041182347,0.030469069,0,1,1
r3.0:Fe:cn11:CCFeFeFeFeFeFeFeFeFe:sim00582,0.033879828,0.033495083,0,1,1
r3.0:Fe:cn11:CCFeFeFeFeFeFeFeFeFe:sim00586,0.033323869,0.033456091,0,1,1
r3.0:Fe:cn11:CCFeFeFeFeFeFeFeFeFe:sim00590,0.037029132,0.0058204634,0,1,1
r3.0:Fe:cn11:CCFeFeFeFeFeFeFeFeFe:sim00594,0.038516935,0.036818855,0,1,1
r3.0:Fe:cn11:CCFeFeFeFeFeFeFeFeFe:sim00598,0.034289643,0.034151524,0,1,1
r3.0:Fe:cn11:CCFeFeFeFeFeFeFeFeFe:sim00602,0.035887558,0.034259763,0,1,1
r3.0:Fe:cn11:CCFeFeFeFeFeFeFeFeFe:sim00606,0.03276762,0.034187373,0,1,1
r3.0:Fe:cn11:CCFeFeFeFeFeFeFeFeFe:sim00610,0.025645444,-0.0045449068,0,1,1
r3.0:Fe:cn11:CCFeFeFeFeFeFeFeFeFe:sim00614,0.027454374,0.025648527,0,1,1
r3.0:Fe:cn11:CCFeFeFeFeFeFeFeFeFe:sim00618,0.019375404,0.019311303,0,1,1
r3.0:Fe:cn11:CCFeFeFeFeFeFeFeFeFe:sim00622,0.030066432,0.029828405,0,1,1
r3.0:Fe:cn11:CCFeFeFeFeFeFeFeFeFe:sim00626,0.029515002,0.035673164,0,1,1
r3.0:Fe:cn11:CCFeFeFeFeFeFeFeFeFe:sim00630,0.033398565,0.033578645,0,1,1
r3.0:Fe:cn11:CCFeFeFeFeFeFeFeFeFe:sim00634,0.009664502,0.040431067,0,1,1
r3.0:Fe:cn11:CCFeFeFeFeFeFeFeFeFe:sim00638,0.012743968,0.053245261,0,1,1
r3.0:Fe:cn11:CCFeFeFeFeFeFeFeFeFe:sim00642,0.016969098,0.019490091,0,1,1
r3.0:Fe:cn11:CCFeFeFeFeFeFeFeFeFe:sim00646,0.025435263,0.029162278,0,1,1
r3.0:Fe:cn11:CCFeFeFeFeFeFeFeFeFe:sim00650,0.029022772,0.039031509,0,1,1
r3.0:Fe:cn11:CCFeFeFeFeFeFeFeFeFe:sim00654,0.03735818,0.04898854,0,1,1
r3.0:Fe:cn11:CCFeFeFeFeFeFeFeFeFe:sim00658,0.034166992,0.049337454,0,1,1
r3.0:Fe:cn11:CCFeFeFeFeFeFeFeFeFe:sim00662,0.040447038,0.04282447,0,1,1
r3.0:Fe:cn11:CCFeFeFeFeFeFeFeFeFe:sim00666,0.032290913,0.04012591,0,1,1
r3.0:Fe:cn11:CCFeFeFeFeFeFeFeFeFe:sim00670,0.023145884,0.028428311,0,1,1
r3.0:Fe:cn11:CCFeFeFeFeFeFeFeFeFe:sim00674,0.031204194,0.032665215,0,1,1
r3.0:Fe:cn11:CCFeFeFeFeFeFeFeFeFe:sim00678,0.029942537,0.02491064,0,1,1
r3.0:Fe:cn11:CCFeFeFeFeFeFeFeFeFe:sim00682,0.031348724,0.033091016,0,1,1
r3.0:Fe:cn11:CCFeFeFeFeFeFeFeFeFe:sim00686,0.031550985,0.032810938,0,1,1
r3.0:Fe:cn11:CCFeFeFeFeFeFeFeFeFe:sim00690,0.031250633,0.032813691,0,1,1
r3.0:Fe:cn11:CCFeFeFeFeFeFeFeFeFe:sim00694,0.029526034,0.032244742,0,1,1
r3.0:Fe:cn11:CCFeFeFeFeFeFeFeFeFe:sim00698,0.032596521,0.035078105,0,1,1
r3.0:Fe:cn11:CCFeFeFeFeFeFeFeFeFe:sim00702,0.026733875,0.031569924,0,1,1
r3.0:Fe:cn11:CCFeFeFeFeFeFeFeFeFe:sim00706,0.030162344,0.017892368,0,1,1
r3.0:Fe:cn11:CCFeFeFeFeFeFeFeFeFe:sim00710,0.030802924,0.032165371,0,1,1
r3.0:Fe:cn11:CCFeFeFeFeFeFeFeFeFe:sim00714,0.036197316,0.03364215,0,1,1
r3.0:Fe:cn11:CCFeFeFeFeFeFeFeFeFe:sim00718,0.033818513,0.036031749,0,1,1
r3.0:Fe:cn11:CCFeFeFeFeFeFeFeFeFe:sim00722,0.030951353,0.032398682,0,1,1
r3.0:Fe:cn11:CCFeFeFeFeFeFeFeFeFe:sim00726,0.032295212,0.035308763,0,1,1
r3.0:Fe:cn11:CCFeFeFeFeFeFeFeFeFe:sim00730,0.026338968,0.029721709,0,1,1
r3.0:Fe:cn11:CCFeFeFeFeFeFeFeFeFe:sim00734,0.028866269,0.03299962,0,1,1
r3.0:Fe:cn11:CCFeFeFeFeFeFeFeFeFe:sim00738,0.024154017,0.028641768,0,1,1
r3.0:Fe:cn11:CCFeFeFeFeFeFeFeFeFe:sim00742,0.028956048,0.031563338,0,1,1
r3.0:Fe:cn11:CCFeFeFeFeFeFeFeFeFe:sim00746,0.063433424,0.014565144,0,1,1
r3.0:Fe:cn11:CCFeFeFeFeFeFeFeFeFe:sim00750,0.020503823,0.020250324,0,1,1
r3.0:Fe:cn11:CCFeFeFeFeFeFeFeFeFe:sim00754,0.041945916,0.046836779,0,1,1
r3.0:Fe:cn11:CCFeFeFeFeFeFeFeFeFe:sim00758,0.01849998,0.042418275,0,1,1
r3.0:Fe:cn11:CCFeFeFeFeFeFeFeFeFe:sim00762,0.031258531,0.031634826,0,1,1
r3.0:Fe:cn11:CCFeFeFeFeFeFeFeFeFe:sim00766,0.030920416,0.031997923,0,1,1
r3.0:Fe:cn11:CCFeFeFeFeFeFeFeFeFe:sim00770,0.029607514,0.024622358,0,1,1
r3.0:Fe:cn11:CCFeFeFeFeFeFeFeFeFe:sim00774,0.035522878,0.01170444,0,1,1
r3.0:Fe:cn11:CCFeFeFeFeFeFeFeFeFe:sim00778,0.015120123,0.044298649,0,1,1
r3.0:Fe:cn11:CCFeFeFeFeFeFeFeFeFe:sim00782,0.030778641,0.032327544,0,1,1
r3.0:Fe:cn11:CCFeFeFeFeFeFeFeFeFe:sim00786,0.031041438,0.032603245,0,1,1
r3.0:Fe:cn11:CCFeFeFeFeFeFeFeFeFe:sim00790,0.030942097,0.026581367,0,1,1
r3.0:Fe:cn11:CCFeFeFeFeFeFeFeFeFe:sim00794,0.020315705,0.021926392,0,1,1
r3.0:Fe:cn11:CCFeFeFeFeFeFeFeFeFe:sim00798,0.025096517,0.02907072,0,1,1
r3.0:Fe:cn11:CCFeFeFeFeFeFeFeFeFe:sim00802,0.066729583,0.038775988,0,1,1
r3.0:Fe:cn11:CCFeFeFeFeFeFeFeFeFe:sim00806,0.045402166,0.030244699,0,1,1
r3.0:Fe:cn11:CCFeFeFeFeFeFeFeFeFe:sim00810,0.065481529,0.027922595,0,1,1
r3.0:Fe:cn11:CCFeFeFeFeFeFeFeFeFe:sim00814,0.058018528,0.030965293,0,1,1
r3.0:Fe:cn11:CCFeFeFeFeFeFeFeFeFe:sim00818,0.054570816,0.030074732,0,1,1
r3.0:Fe:cn11:CCFeFeFeFeFeFeFeFeFe:sim00822,0.039680988,0.039629929,0,1,1
r3.0:Fe:cn11:CCFeFeFeFeFeFeFeFeFe:sim00826,0.025912499,0.026822137,0,1,1
r3.0:Fe:cn11:CCFeFeFeFeFeFeFeFeFe:sim00830,0.042429857,0.016617164,0,1,1
r3.0:Fe:cn11:CCFeFeFeFeFeFeFeFeFe:sim00834,0.030772552,0.010733495,0,1,1
r3.0:Fe:cn11:CCFeFeFeFeFeFeFeFeFe:sim00838,0.046079237,0.017762514,0,1,1
r3.0:Fe:cn11:CCFeFeFeFeFeFeFeFeFe:sim00842,0.074518785,0.01724622,0,1,1
r3.0:Fe:cn11:CCFeFeFeFeFeFeFeFeFe:sim00846,0.074792512,0.018317906,0,1,1
r3.0:Fe:cn11:CCFeFeFeFeFeFeFeFeFe:sim00850,0.058075178,0.021756383,0,1,1
r3.0:Fe:cn11:CCFeFeFeFeFeFeFeFeFe:sim00854,0.062590182,0.024639996,0,1,1
r3.0:Fe:cn11:CCFeFeFeFeFeFeFeFeFe:sim00858,0.067057066,0.026386281,0,1,1
r3.0:Fe:cn11:CCFeFeFeFeFeFeFeFeFe:sim00862,0.036735505,0.04807533,0,1,1
r3.0:Fe:cn11:CCFeFeFeFeFeFeFeFeFe:sim00866,0.052646279,0.036046717,0,1,1
r3.0:Fe:cn11:CCFeFeFeFeFeFeFeFeFe:sim00870,0.036749084,0.043185897,0,1,1
r3.0:Fe:cn11:CCFeFeFeFeFeFeFeFeFe:sim00874,0.038205799,0.038972244,0,1,1
r3.0:Fe:cn11:CCFeFeFeFeFeFeFeFeFe:sim00878,0.063051678,0.029618347,0,1,1
r3.0:Fe:cn11:CCFeFeFeFeFeFeFeFeFe:sim00882,0.054868072,0.051371504,0,1,1
r3.0:Fe:cn11:CCFeFeFeFeFeFeFeFeFe:sim00886,0.048436169,0.019626891,0,1,1
r3.0:Fe:cn11:CCFeFeFeFeFeFeFeFeFe:sim00890,0.055167191,0.027716666,0,1,1
r3.0:Fe:cn11:CCFeFeFeFeFeFeFeFeFe:sim00894,0.055266358,0.027529713,0,1,1
r3.0:Fe:cn11:CCFeFeFeFeFeFeFeFeFe:sim00898,0.055046264,0.028077131,0,1,1
r3.0:Fe:cn11:CCFeFeFeFeFeFeFeFeFe:sim00902,0.036352795,0.0259341,0,1,1
r3.0:Fe:cn11:CCFeFeFeFeFeFeFeFeFe:sim00906,0.042831048,0.037340842,0,1,1
r3.0:Fe:cn11:CCFeFeFeFeFeFeFeFeFe:sim00910,0.026300767,0.031474005,0,1,1
r3.0:Fe:cn11:CCFeFeFeFeFeFeFeFeFe:sim00914,0.0276541,0.031573832,0,1,1
r3.0:Fe:cn11:CCFeFeFeFeFeFeFeFeFe:sim00918,0.026364015,0.03126001,0,1,1
r3.0:Fe:cn11:CCFeFeFeFeFeFeFeFeFe:sim00922,0.032416742,0.031317964,0,1,1
r3.0:Fe:cn11:CCFeFeFeFeFeFeFeFeFe:sim00926,0.052294455,0.036070004,0,1,1
r3.0:Fe:cn11:CCFeFeFeFeFeFeFeFeFe:sim00930,0.039725244,0.018374678,0,1,1
r3.0:Fe:cn11:CCFeFeFeFeFeFeFeFeFe:sim00934,0.055629745,0.033785105,0,1,1
r3.0:Fe:cn11:CCFeFeFeFeFeFeFeFeFe:sim00938,0.046484292,0.022972187,0,1,1
r3.0:Fe:cn11:CCFeFeFeFeFeFeFeFeFe:sim00942,0.033628788,0.034355041,0,1,1
r3.0:Fe:cn11:CCFeFeFeFeFeFeFeFeFe:sim00946,0.032887653,0.032356355,0,1,1
r3.0:Fe:cn11:CCFeFeFeFeFeFeFeFeFe:sim00950,0.032968614,0.032455388,0,1,1
r3.0:Fe:cn11:CCFeFeFeFeFeFeFeFeFe:sim00954,0.03608257,0.033814002,0,1,1
r3.0:Fe:cn11:CCFeFeFeFeFeFeFeFeFe:sim00958,0.037183959,0.035398874,0,1,1
r3.0:Fe:cn11:CCFeFeFeFeFeFeFeFeFe:sim00962,0.03052026,0.0027217984,0,1,1
r3.0:Fe:cn11:CCFeFeFeFeFeFeFeFeFe:sim00966,0.032723267,0.038902763,0,1,1
r3.0:Fe:cn11:CCFeFeFeFeFeFeFeFeFe:sim00970,0.018527346,0.055022955,0,1,1
r3.0:Fe:cn11:CCFeFeFeFeFeFeFeFeFe:sim00974,0.037620515,0.035178032,0,1,1
r3.0:Fe:cn11:CCFeFeFeFeFeFeFeFeFe:sim00978,0.039043691,0.036411703,0,1,1
r3.0:Fe:cn11:CCFeFeFeFeFeFeFeFeFe:sim00982,0.033021703,0.033768985,0,1,1
r3.0:Fe:cn11:CCFeFeFeFeFeFeFeFeFe:sim00986,0.027404567,0.029796347,0,1,1
r3.0:Fe:cn11:CCFeFeFeFeFeFeFeFeFe:sim00990,0.025907286,0.053223785,0,1,1
r3.0:Fe:cn11:CCFeFeFeFeFeFeFeFeFe:sim00994,0.023270058,0.053612418,0,1,1
r3.0:Fe:cn11:CCFeFeFeFeFeFeFeFeFe:sim00998,0.027973607,0.053399995,0,1,1
r3.0:Fe:cn11:CCFeFeFeFeFeFeFeFeFe:sim01002,0.045441855,0.016667534,0,1,1
r3.0:Fe:cn11:CCFeFeFeFeFeFeFeFeFe:sim01006,0.043804858,0.016876476,0,1,1
r3.0:Fe:cn11:CCFeFeFeFeFeFeFeFeFe:sim01010,0.048206255,-0.004000057,0,1,1
r3.0:Fe:cn11:CCFeFeFeFeFeFeFeFeFe:sim01014,0.017520759,-0.0067269257,0,1,1
r3.0:Fe:cn11:CCFeFeFeFeFeFeFeFeFe:sim01018,0.046489581,0.018509239,0,1,1
r3.0:Fe:cn11:CCFeFeFeFeFeFeFeFeFe:sim01022,0.046363715,0.018588671,0,1,1
r3.0:Fe:cn11:CCFeFeFeFeFeFeFeFeFe:sim01026,0.042742144,0.017596392,0,1,1
r3.0:Fe:cn11:CCFeFeFeFeFeFeFeFeFe:sim01030,0.027728802,0.053348631,0,1,1
r3.0:Fe:cn11:CCFeFeFeFeFeFeFeFeFe:sim01034,0.030849507,0.030499924,0,1,1
r3.0:Fe:cn11:CCFeFeFeFeFeFeFeFeFe:sim01038,0.0034549753,0.05009567,0,1,1
r3.0:Fe:cn11:CCFeFeFeFeFeFeFeFeFe:sim01042,0.045983005,0.017779838,0,1,1
r3.0:Fe:cn11:CCFeFeFeFeFeFeFeFeFe:sim01046,0.051644679,-0.0016074389,0,1,1
r3.0:Fe:cn11:CCFeFeFeFeFeFeFeFeFe:sim01050,0.047849197,0.019117694,0,1,1
r3.0:Fe:cn11:CCFeFeFeFeFeFeFeFeFe:sim01054,0.060297452,0.008648213,0,1,1
r3.0:Fe:cn11:CCFeFeFeFeFeFeFeFeFe:sim01058,0.046365254,0.018776299,0,1,1
r3.0:Fe:cn11:CCFeFeFeFeFeFeFeFeFe:sim01062,0.071128346,-0.0069984701,0,1,1
r3.0:Fe:cn11:CCFeFeFeFeFeFeFeFeFe:sim01066,0.065597199,-0.0012547945,0,1,1
r3.0:Fe:cn11:CCFeFeFeFeFeFeFeFeFe:sim01070,0.043073166,0.026120072,0,1,1
r3.0:Fe:cn11:CCFeFeFeFeFeFeFeFeFe:sim01074,0.046508737,0.018883232,0,1,1
r3.0:Fe:cn11:CCFeFeFeFeFeFeFeFeFe:sim01078,0.046634898,0.019044776,0,1,1
r3.0:Fe:cn11:CCFeFeFeFeFeFeFeFeFe:sim01082,0.027038231,0.027385829,0,1,1
r3.0:Fe:cn11:CCFeFeFeFeFeFeFeFeFe:sim01086,0.044989828,0.018533232,0,1,1
r3.0:Fe:cn11:CCFeFeFeFeFeFeFeFeFe:sim01090,0.05082196,0.011319554,0,1,1
r3.0:Fe:cn11:CCFeFeFeFeFeFeFeFeFe:sim01094,0.04652819,0.018492978,0,1,1
r3.0:Fe:cn11:CCFeFeFeFeFeFeFeFeFe:sim01098,0.032313678,0.0061675012,0,1,1
r3.0:Fe:cn11:CCFeFeFeFeFeFeFeFeFe:sim01102,0.04645006,0.047074847,0,1,1
r3.0:Fe:cn11:CCFeFeFeFeFeFeFeFeFe:sim01106,0.070829742,0.030702215,0,1,1
r3.0:Fe:cn11:CCFeFeFeFeFeFeFeFeFe:sim01110,0.052881151,0.044987466,0,1,1
r3.0:Fe:cn11:CCFeFeFeFeFeFeFeFeFe:sim01114,0.066825114,0.064147867,0,1,1
r3.0:Fe:cn11:CCFeFeFeFeFeFeFeFeFe:sim01118,0.060586285,0.060223904,0,1,1
r3.0:Fe:cn11:CCFeFeFeFeFeFeFeFeFe:sim01122,0.049813874,0.046136647,0,1,1
r3.0:Fe:cn11:CCFeFeFeFeFeFeFeFeFe:sim01126,0.051279146,0.049724203,0,1,1
r3.0:Fe:cn11:CCFeFeFeFeFeFeFeFeFe:sim01130,0.021255532,0.049011458,0,1,1
r3.0:Fe:cn11:CCFeFeFeFeFeFeFeFeFe:sim01134,0.051475152,0.049895734,0,1,1
r3.0:Fe:cn11:CCFeFeFeFeFeFeFeFeFe:sim01138,0.051443353,0.04990606,0,1,1
r3.0:Fe:cn11:CCFeFeFeFeFeFeFeFeFe:sim01142,0.056479789,0.052863058,0,1,1
r3.0:Fe:cn11:CCFeFeFeFeFeFeFeFeFe:sim01146,0.067893341,0.040692851,0,1,1
r3.0:Fe:cn11:CCFeFeFeFeFeFeFeFeFe:sim01150,0.03959702,0.02969701,0,1,1
r3.0:Fe:cn11:CCFeFeFeFeFeFeFeFeFe:sim01154,0.048728757,0.045099564,0,1,1
r3.0:Fe:cn11:CCFeFeFeFeFeFeFeFeFe:sim01158,0.037851851,0.030752694,0,1,1
r3.0:Fe:cn11:CCFeFeFeFeFeFeFeFeFe:sim01162,0.049014028,0.046523873,0,1,1
r3.0:Fe:cn11:CCFeFeFeFeFeFeFeFeFe:sim01166,0.049473025,0.04720797,0,1,1
r3.0:Fe:cn11:CCFeFeFeFeFeFeFeFeFe:sim01170,0.0132165,0.067514397,0,1,1
r3.0:Fe:cn11:CCFeFeFeFeFeFeFeFeFe:sim01174,0.028533593,0.054973144,0,1,1
r3.0:Fe:cn11:CCFeFeFeFeFeFeFeFeFe:sim01178,0.029840838,0.056533232,0,1,1
r3.0:Fe:cn11:CCFeFeFeFeFeFeFeFeFe:sim01182,0.04760199,0.055616051,0,1,1
r3.0:Fe:cn11:CCFeFeFeFeFeFeFeFeFe:sim01186,0.051134828,0.049819894,0,1,1
r3.0:Fe:cn11:CCFeFeFeFeFeFeFeFeFe:sim01190,0.063010193,0.075294636,0,1,1
r3.0:Fe:cn11:CCFeFeFeFeFeFeFeFeFe:sim01194,0.084205061,0.058948696,0,1,1
r3.0:Fe:cn11:CCFeFeFeFeFeFeFeFeFe:sim01198,0.052850928,0.057733674,0,1,1
r3.0:Fe:cn11:CCFeFeFeFeFeFeFeFeFe:sim01202,0.0418933,0.039607339,0,1,1
r3.0:Fe:cn11:CCFeFeFeFeFeFeFeFeFe:sim01206,0.040943813,0.03818227,0,1,1
r3.0:Fe:cn11:CCFeFeFeFeFeFeFeFeFe:sim01210,0.022695741,0.049699068,0,1,1
r3.0:Fe:cn11:CCFeFeFeFeFeFeFeFeFe:sim01214,0.036634728,0.037522294,0,1,1
r3.0:Fe:cn11:CCFeFeFeFeFeFeFeFeFe:sim01218,0.053080656,0.026044127,0,1,1
r3.0:Fe:cn11:CCFeFeFeFeFeFeFeFeFe:sim01222,0.033974133,0.033360347,0,1,1
r3.0:Fe:cn11:CCFeFeFeFeFeFeFeFeFe:sim01226,0.040556248,0.036647845,0,1,1
r3.0:Fe:cn11:CFeFeFeFeFeFeFeFeFeFe:sim00003,0.10256615,0.037129175,0,1,1
r3.0:Fe:cn11:CFeFeFeFeFeFeFeFeFeFe:sim00007,0.1027492,0.037265413,0,1,1
r3.0:Fe:cn11:CFeFeFeFeFeFeFeFeFeFe:sim00011,0.098737597,0.062313911,0,1,1
r3.0:Fe:cn11:CFeFeFeFeFeFeFeFeFeFe:sim00015,0.087971829,0.051392142,0,1,1
r3.0:Fe:cn11:CFeFeFeFeFeFeFeFeFeFe:sim00019,0.089836381,0.058523308,0,1,1
r3.0:Fe:cn11:CFeFeFeFeFeFeFeFeFeFe:sim00023,0.085643664,0.053705957,0,1,1
r3.0:Fe:cn11:CFeFeFeFeFeFeFeFeFeFe:sim00027,0.087249801,0.055927292,0,1,1
r3.0:Fe:cn11:CFeFeFeFeFeFeFeFeFeFe:sim00031,0.093228891,0.052531786,0,1,1
r3.0:Fe:cn11:CFeFeFeFeFeFeFeFeFeFe:sim00035,0.11423504,0.058011878,0,1,1
r3.0:Fe:cn11:CFeFeFeFeFeFeFeFeFeFe:sim00039,0.08726304,0.057540648,0,1,1
r3.0:Fe:cn11:CFeFeFeFeFeFeFeFeFeFe:sim00043,0.08664111,0.057093207,0,1,1
r3.0:Fe:cn11:CFeFeFeFeFeFeFeFeFeFe:sim00047,0.090854451,0.058773912,0,1,1
r3.0:Fe:cn11:CFeFeFeFeFeFeFeFeFeFe:sim00051,0.086805835,0.058705591,0,1,1
r3.0:Fe:cn11:CFeFeFeFeFeFeFeFeFeFe:sim00055,0.089869156,0.058714222,0,1,1
r3.0:Fe:cn11:CFeFeFeFeFeFeFeFeFeFe:sim00059,0.089928322,0.058349568,0,1,1
r3.0:Fe:cn11:CFeFeFeFeFeFeFeFeFeFe:sim00063,0.087558292,0.057717197,0,1,1
r3.0:Fe:cn11:CFeFeFeFeFeFeFeFeFeFe:sim00067,0.087498367,0.057378389,0,1,1
r3.0:Fe:cn11:CFeFeFeFeFeFeFeFeFeFe:sim00071,0.087243393,0.057175804,0,1,1
r3.0:Fe:cn11:CFeFeFeFeFeFeFeFeFeFe:sim00075,0.086040333,0.054880954,0,1,1
r3.0:Fe:cn11:CFeFeFeFeFeFeFeFeFeFe:sim00079,0.084985957,0.055469994,0,1,1
r3.0:Fe:cn11:CFeFeFeFeFeFeFeFeFeFe:sim00083,0.10071322,0.044019658,0,1,1
r3.0:Fe:cn11:CFeFeFeFeFeFeFeFeFeFe:sim00087,0.11052034,0.059898421,0,1,1
r3.0:Fe:cn11:CFeFeFeFeFeFeFeFeFeFe:sim00091,0.087676987,0.057849605,0,1,1
r3.0:Fe:cn11:CFeFeFeFeFeFeFeFeFeFe:sim00095,0.088696681,0.057430305,0,1,1
r3.0:Fe:cn11:CFeFeFeFeFeFeFeFeFeFe:sim00099,0.085213445,0.075975597,0,1,1
r3.0:Fe:cn11:CFeFeFeFeFeFeFeFeFeFe:sim00103,0.055417951,0.054605097,0,1,1
r3.0:Fe:cn11:CFeFeFeFeFeFeFeFeFeFe:sim00107,0.077076852,0.052088123,0,1,1
r3.0:Fe:cn11:CFeFeFeFeFeFeFeFeFeFe:sim00111,0.081420563,0.074705817,0,1,1
r3.0:Fe:cn11:CFeFeFeFeFeFeFeFeFeFe:sim00115,0.081759676,0.079046108,0,1,1
r3.0:Fe:cn11:CFeFeFeFeFeFeFeFeFeFe:sim00119,0.068773009,0.099175863,0,1,1
r3.0:Fe:cn11:CFeFeFeFeFeFeFeFeFeFe:sim00123,0.072988003,0.071232893,0,1,1
r3.0:Fe:cn11:CFeFeFeFeFeFeFeFeFeFe:sim00127,0.072856367,0.071174026,0,1,1
r3.0:Fe:cn11:CFeFeFeFeFeFeFeFeFeFe:sim00131,0.071476072,0.070942402,0,1,1
r3.0:Fe:cn11:CFeFeFeFeFeFeFeFeFeFe:sim00135,0.085603118,0.060164742,0,1,1
r3.0:Fe:cn11:CFeFeFeFeFeFeFeFeFeFe:sim00139,0.066956468,0.069897458,0,1,1
r3.0:Fe:cn11:CFeFeFeFeFeFeFeFeFeFe:sim00143,0.060094647,0.037524063,0,1,1
r3.0:Fe:cn11:CFeFeFeFeFeFeFeFeFeFe:sim00147,0.060104117,0.037176173,0,1,1
r3.0:Fe:cn11:CFeFeFeFeFeFeFeFeFeFe:sim00151,0.087623194,0.063102916,0,1,1
r3.0:Fe:cn11:CFeFeFeFeFeFeFeFeFeFe:sim00155,0.072695002,0.071435399,0,1,1
r3.0:Fe:cn11:CFeFeFeFeFeFeFeFeFeFe:sim00159,0.082434237,0.085221641,0,1,1
r3.0:Fe:cn11:CFeFeFeFeFeFeFeFeFeFe:sim00163,0.083498836,0.070871495,0,1,1
r3.0:Fe:cn11:CFeFeFeFeFeFeFeFeFeFe:sim00167,0.086918823,0.087436385,0,1,1
r3.0:Fe:cn11:CFeFeFeFeFeFeFeFeFeFe:sim00171,0.04520629,0.067163192,0,1,1
r3.0:Fe:cn11:CFeFeFeFeFeFeFeFeFeFe:sim00175,0.070954092,0.070737235,0,1,1
r3.0:Fe:cn11:CFeFeFeFeFeFeFeFeFeFe:sim00179,0.071407191,0.073017403,0,1,1
r3.0:Fe:cn11:CFeFeFeFeFeFeFeFeFeFe:sim00183,0.073660143,0.073212594,0,1,1
r3.0:Fe:cn11:CFeFeFeFeFeFeFeFeFeFe:sim00187,0.073846072,0.072647795,0,1,1
r3.0:Fe:cn11:CFeFeFeFeFeFeFeFeFeFe:sim00191,0.076203942,0.081213571,0,1,1
r3.0:Fe:cn11:CFeFeFeFeFeFeFeFeFeFe:sim00195,0.0736643,0.078630455,0,1,1
r3.0:Fe:cn11:CFeFeFeFeFeFeFeFeFeFe:sim00199,0.060068522,0.089777932,0,1,1
r3.0:Fe:cn11:CFeFeFeFeFeFeFeFeFeFe:sim00203,0.066087969,0.071326181,0,1,1
r3.0:Fe:cn11:CFeFeFeFeFeFeFeFeFeFe:sim00207,0.070653401,0.07372468,0,1,1
r3.0:Fe:cn11:CFeFeFeFeFeFeFeFeFeFe:sim00211,0.080190443,0.063020296,0,1,1
r3.0:Fe:cn11:CFeFeFeFeFeFeFeFeFeFe:sim00215,0.070290819,0.074130081,0,1,1
r3.0:Fe:cn11:CFeFeFeFeFeFeFeFeFeFe:sim00219,0.070216201,0.073927365,0,1,1
r3.0:Fe:cn11:CFeFeFeFeFeFeFeFeFeFe:sim00223,0.048258789,0.078235112,0,1,1
r3.0:Fe:cn11:CFeFeFeFeFeFeFeFeFeFe:sim00227,0.070053369,0.073799737,0,1,1
r3.0:Fe:cn11:CFeFeFeFeFeFeFeFeFeFe:sim00231,0.080610588,0.062846243,0,1,1
r3.0:Fe:cn11:CFeFeFeFeFeFeFeFeFeFe:sim00235,0.067031227,0.071253128,0,1,1
r3.0:Fe:cn11:CFeFeFeFeFeFeFeFeFeFe:sim00239,0.067057215,0.069199912,0,1,1
r3.0:Fe:cn11:CFeFeFeFeFeFeFeFeFeFe:sim00243,0.071722299,0.046893273,0,1,1
r3.0:Fe:cn11:CFeFeFeFeFeFeFeFeFeFe:sim00247,0.06359046,0.033068921,0,1,1
r3.0:Fe:cn11:CFeFeFeFeFeFeFeFeFeFe:sim00251,0.067413688,0.07291808,0,1,1
r3.0:Fe:cn11:CFeFeFeFeFeFeFeFeFeFe:sim00255,0.085295841,0.065868706,0,1,1
r3.0:Fe:cn11:CFeFeFeFeFeFeFeFeFeFe:sim00259,0.069290094,0.073916584,0,1,1
r3.0:Fe:cn11:CFeFeFeFeFeFeFeFeFeFe:sim00263,0.062752344,0.070318624,0,1,1
r3.0:Fe:cn11:CFeFeFeFeFeFeFeFeFeFe:sim00267,0.066875011,0.073083796,0,1,1
r3.0:Fe:cn11:CFeFeFeFeFeFeFeFeFeFe:sim00271,0.06688112,0.073381878,0,1,1
r3.0:Fe:cn11:CFeFeFeFeFeFeFeFeFeFe:sim00275,0.06599284,0.067457221,0,1,1
r3.0:Fe:cn11:CFeFeFeFeFeFeFeFeFeFe:sim00279,0.070052221,0.074194551,0,1,1
r3.0:Fe:cn11:CFeFeFeFeFeFeFeFeFeFe:sim00283,0.097403333,0.057185784,0,1,1
r3.0:Fe:cn11:CFeFeFeFeFeFeFeFeFeFe:sim00287,0.052065931,0.072613232,0,1,1
r3.0:Fe:cn11:CFeFeFeFeFeFeFeFeFeFe:sim00291,0.070174061,0.074237213,0,1,1
r3.0:Fe:cn11:CFeFeFeFeFeFeFeFeFeFe:sim00295,0.066994183,0.072890155,0,1,1
r3.0:Fe:cn11:CFeFeFeFeFeFeFeFeFeFe:sim00299,0.087307647,0.055898614,0,1,1
r3.0:Fe:cn11:CFeFeFeFeFeFeFeFeFeFe:sim00303,0.066586904,0.097107314,0,1,1
r3.0:Fe:cn11:CFeFeFeFeFeFeFeFeFeFe:sim00307,0.056775227,0.084998585,0,1,1
r3.0:Fe:cn11:CFeFeFeFeFeFeFeFeFeFe:sim00311,0.075208813,0.07172659,0,1,1
r3.0:Fe:cn11:CFeFeFeFeFeFeFeFeFeFe:sim00315,0.071792051,0.069042772,0,1,1
r3.0:Fe:cn11:CFeFeFeFeFeFeFeFeFeFe:sim00319,0.07653448,0.079328455,0,1,1
r3.0:Fe:cn11:CFeFeFeFeFeFeFeFeFeFe:sim00323,0.069389537,0.074986883,0,1,1
r3.0:Fe:cn11:CFeFeFeFeFeFeFeFeFeFe:sim00327,0.069364607,0.075015001,0,1,1
r3.0:Fe:cn11:CFeFeFeFeFeFeFeFeFeFe:sim00331,0.069556586,0.075525053,0,1,1
r3.0:Fe:cn11:CFeFeFeFeFeFeFeFeFeFe:sim00335,0.069758356,0.075336091,0,1,1
r3.0:Fe:cn11:CFeFeFeFeFeFeFeFeFeFe:sim00339,0.058341805,0.068548575,0,1,1
r3.0:Fe:cn11:CFeFeFeFeFeFeFeFeFeFe:sim00343,0.069260865,0.075254366,0,1,1
r3.0:Fe:cn11:CFeFeFeFeFeFeFeFeFeFe:sim00347,0.079863191,0.089212187,0,1,1
r3.0:Fe:cn11:CFeFeFeFeFeFeFeFeFeFe:sim00351,0.073874086,0.056541979,0,1,1
r3.0:Fe:cn11:CFeFeFeFeFeFeFeFeFeFe:sim00355,0.073054217,0.076853879,0,1,1
r3.0:Fe:cn11:CFeFeFeFeFeFeFeFeFeFe:sim00359,0.069676742,0.075599901,0,1,1
r3.0:Fe:cn11:CFeFeFeFeFeFeFeFeFeFe:sim00363,0.065796547,0.073912449,0,1,1
r3.0:Fe:cn11:CFeFeFeFeFeFeFeFeFeFe:sim00367,0.064484537,0.070935369,0,1,1
r3.0:Fe:cn11:CFeFeFeFeFeFeFeFeFeFe:sim00371,0.072962902,0.078258693,0,1,1
r3.0:Fe:cn11:CFeFeFeFeFeFeFeFeFeFe:sim00375,0.057078272,0.0639432,0,1,1
r3.0:Fe:cn11:CFeFeFeFeFeFeFeFeFeFe:sim00379,0.051798966,0.074240774,0,1,1
r3.0:Fe:cn11:CFeFeFeFeFeFeFeFeFeFe:sim00383,0.069520727,0.075642481,0,1,1
r3.0:Fe:cn11:CFeFeFeFeFeFeFeFeFeFe:sim00387,0.069317572,0.075536363,0,1,1
r3.0:Fe:cn11:CFeFeFeFeFeFeFeFeFeFe:sim00391,0.066694155,0.0749688,0,1,1
r3.0:Fe:cn11:CFeFeFeFeFeFeFeFeFeFe:sim00395,0.060408741,0.063061349,0,1,1
r3.0:Fe:cn11:CFeFeFeFeFeFeFeFeFeFe:sim00399,0.070048913,0.075706914,0,1,1
r3.0:Fe:cn11:CFeFeFeFeFeFeFeFeFeFe:sim00403,0.070086651,0.076099686,0,1,1
r3.0:Fe:cn11:CFeFeFeFeFeFeFeFeFeFe:sim00407,0.071532987,0.076651789,0,1,1
r3.0:Fe:cn11:CFeFeFeFeFeFeFeFeFeFe:sim00411,0.10408795,0.10599425,0,1,1
r3.0:Fe:cn11:CFeFeFeFeFeFeFeFeFeFe:sim00415,0.070740819,0.076814204,0,1,1
r3.0:Fe:cn11:CFeFeFeFeFeFeFeFeFeFe:sim00419,0.053433876,0.094999753,0,1,1
r3.0:Fe:cn11:CFeFeFeFeFeFeFeFeFeFe:sim00423,0.071797863,0.075840078,0,1,1
r3.0:Fe:cn11:CFeFeFeFeFeFeFeFeFeFe:sim00427,0.067808211,0.073171884,0,1,1
r3.0:Fe:cn11:CFeFeFeFeFeFeFeFeFeFe:sim00431,0.069728687,0.075099513,0,1,1
r3.0:Fe:cn11:CFeFeFeFeFeFeFeFeFeFe:sim00435,0.042201459,0.074299656,0,1,1
r3.0:Fe:cn11:CFeFeFeFeFeFeFeFeFeFe:sim00439,0.072066978,0.078617498,0,1,1
r3.0:Fe:cn11:CFeFeFeFeFeFeFeFeFeFe:sim00443,0.096928157,0.064999916,0,1,1
r3.0:Fe:cn11:CFeFeFeFeFeFeFeFeFeFe:sim00447,0.06969098,0.075266145,0,1,1
r3.0:Fe:cn11:CFeFeFeFeFeFeFeFeFeFe:sim00451,0.086585119,0.068908714,0,1,1
r3.0:Fe:cn11:CFeFeFeFeFeFeFeFeFeFe:sim00455,0.081996754,0.065971702,0,1,1
r3.0:Fe:cn11:CFeFeFeFeFeFeFeFeFeFe:sim00459,0.081418239,0.065912738,0,1,1
r3.0:Fe:cn11:CFeFeFeFeFeFeFeFeFeFe:sim00463,0.067684077,0.059710663,0,1,1
r3.0:Fe:cn11:CFeFeFeFeFeFeFeFeFeFe:sim00467,0.081627466,0.061272319,0,1,1
r3.0:Fe:cn11:CFeFeFeFeFeFeFeFeFeFe:sim00471,0.078181632,0.084813319,0,1,1
r3.0:Fe:cn11:CFeFeFeFeFeFeFeFeFeFe:sim00475,0.069731437,0.075609706,0,1,1
r3.0:Fe:cn11:CFeFeFeFeFeFeFeFeFeFe:sim00479,0.069973797,0.075463586,0,1,1
r3.0:Fe:cn11:CFeFeFeFeFeFeFeFeFeFe:sim00483,0.04212473,0.07375697,0,1,1
r3.0:Fe:cn11:CFeFeFeFeFeFeFeFeFeFe:sim00487,0.035819389,0.036146656,0,1,1
r3.0:Fe:cn11:CFeFeFeFeFeFeFeFeFeFe:sim00491,0.069636174,0.07522653,0,1,1
r3.0:Fe:cn11:CFeFeFeFeFeFeFeFeFeFe:sim00495,0.076936521,0.079602219,0,1,1
r3.0:Fe:cn11:CFeFeFeFeFeFeFeFeFeFe:sim00499,0.083998635,0.067049436,0,1,1
r3.0:Fe:cn11:CFeFeFeFeFeFeFeFeFeFe:sim00503,0.072783194,0.076890565,0,1,1
r3.0:Fe:cn11:CFeFeFeFeFeFeFeFeFeFe:sim00507,0.072719537,0.076453157,0,1,1
r3.0:Fe:cn11:CFeFeFeFeFeFeFeFeFeFe:sim00511,0.03465382,0.10602569,0,1,1
r3.0:Fe:cn11:CFeFeFeFeFeFeFeFeFeFe:sim00515,0.055619836,0.087214932,0,1,1
r3.0:Fe:cn11:CFeFeFeFeFeFeFeFeFeFe:sim00519,0.058172576,0.086531557,0,1,1
r3.0:Fe:cn11:CFeFeFeFeFeFeFeFeFeFe:sim00523,0.072708771,0.076877259,0,1,1
r3.0:Fe:cn11:CFeFeFeFeFeFeFeFeFeFe:sim00527,0.071390614,0.075687289,0,1,1
r3.0:Fe:cn11:CFeFeFeFeFeFeFeFeFeFe:sim00531,0.073210694,0.076426782,0,1,1
r3.0:Fe:cn11:CFeFeFeFeFeFeFeFeFeFe:sim00535,0.07308457,0.076977618,0,1,1
r3.0:Fe:cn11:CFeFeFeFeFeFeFeFeFeFe:sim00539,0.068580166,0.075597957,0,1,1
r3.0:Fe:cn11:CFeFeFeFeFeFeFeFeFeFe:sim00543,0.078451753,0.063333616,0,1,1
r3.0:Fe:cn11:CFeFeFeFeFeFeFeFeFeFe:sim00547,0.095201857,0.081567988,0,1,1
r3.0:Fe:cn11:CFeFeFeFeFeFeFeFeFeFe:sim00551,0.068382785,0.096189752,0,1,1
r3.0:Fe:cn11:CFeFeFeFeFeFeFeFeFeFe:sim00555,0.072540201,0.076971121,0,1,1
r3.0:Fe:cn11:CFeFeFeFeFeFeFeFeFeFe:sim00559,0.072604895,0.077053748,0,1,1
r3.0:Fe:cn11:CFeFeFeFeFeFeFeFeFeFe:sim00563,0.070189692,0.07729046,0,1,1
r3.0:Fe:cn11:CFeFeFeFeFeFeFeFeFeFe:sim00567,0.074055627,0.079797253,0,1,1
r3.0:Fe:cn11:CFeFeFeFeFeFeFeFeFeFe:sim00571,0.07245481,0.07646548,0,1,1
r3.0:Fe:cn11:CFeFeFeFeFeFeFeFeFeFe:sim00575,0.074079297,0.079718664,0,1,1
r3.0:Fe:cn11:CFeFeFeFeFeFeFeFeFeFe:sim00579,0.072695926,0.076617286,0,1,1
r3.0:Fe:cn11:CFeFeFeFeFeFeFeFeFeFe:sim00583,0.069389679,0.1017372,0,1,1
r3.0:Fe:cn11:CFeFeFeFeFeFeFeFeFeFe:sim00587,0.072690926,0.077084661,0,1,1
r3.0:Fe:cn11:CFeFeFeFeFeFeFeFeFeFe:sim00591,0.089585386,0.079050876,0,1,1
r3.0:Fe:cn11:CFeFeFeFeFeFeFeFeFeFe:sim00595,0.087616228,0.072655216,0,1,1
r3.0:Fe:cn11:CFeFeFeFeFeFeFeFeFeFe:sim00599,0.072798915,0.076925159,0,1,1
r3.0:Fe:cn11:CFeFeFeFeFeFeFeFeFeFe:sim00603,0.070805088,0.075829178,0,1,1
r3.0:Fe:cn11:CFeFeFeFeFeFeFeFeFeFe:sim00607,0.070733525,0.075815476,0,1,1
r3.0:Fe:cn11:CFeFeFeFeFeFeFeFeFeFe:sim00611,0.053522039,0.05766448,0,1,1
r3.0:Fe:cn11:CFeFeFeFeFeFeFeFeFeFe:sim00615,0.063845702,0.06913802,0,1,1
r3.0:Fe:cn11:CFeFeFeFeFeFeFeFeFeFe:sim00619,0.056955874,0.065526769,0,1,1
r3.0:Fe:cn11:CFeFeFeFeFeFeFeFeFeFe:sim00623,0.05917614,0.08417327,0,1,1
r3.0:Fe:cn11:CFeFeFeFeFeFeFeFeFeFe:sim00627,0.069806382,0.073003501,0,1,1
r3.0:Fe:cn11:CFeFeFeFeFeFeFeFeFeFe:sim00631,0.080867067,0.064932168,0,1,1
r3.0:Fe:cn11:CFeFeFeFeFeFeFeFeFeFe:sim00635,0.070284396,0.075980455,0,1,1
r3.0:Fe:cn11:CFeFeFeFeFeFeFeFeFeFe:sim00639,0.069818273,0.076495968,0,1,1
r3.0:Fe:cn11:CFeFeFeFeFeFeFeFeFeFe:sim00643,0.070567176,0.075952314,0,1,1
r3.0:Fe:cn11:CFeFeFeFeFeFeFeFeFeFe:sim00647,0.070334896,0.075852215,0,1,1
r3.0:Fe:cn11:CFeFeFeFeFeFeFeFeFeFe:sim00651,0.065879144,0.085581101,0,1,1
r3.0:Fe:cn11:CFeFeFeFeFeFeFeFeFeFe:sim00655,0.079162754,0.069079727,0,1,1
r3.0:Fe:cn11:CFeFeFeFeFeFeFeFeFeFe:sim00659,0.066307575,0.079374142,0,1,1
r3.0:Fe:cn11:CFeFeFeFeFeFeFeFeFeFe:sim00663,0.061780035,0.066458359,0,1,1
r3.0:Fe:cn11:CFeFeFeFeFeFeFeFeFeFe:sim00667,0.07181669,0.078003109,0,1,1
r3.0:Fe:cn11:CFeFeFeFeFeFeFeFeFeFe:sim00671,0.070293374,0.075835802,0,1,1
r3.0:Fe:cn11:CFeFeFeFeFeFeFeFeFeFe:sim00675,0.067662895,0.073707238,0,1,1
r3.0:Fe:cn11:CFeFeFeFeFeFeFeFeFeFe:sim00679,0.080783717,0.064576507,0,1,1
r3.0:Fe:cn11:CFeFeFeFeFeFeFeFeFeFe:sim00683,0.070742764,0.076148972,0,1,1
r3.0:Fe:cn11:CFeFeFeFeFeFeFeFeFeFe:sim00687,0.080683134,0.089551955,0,1,1
r3.0:Fe:cn11:CFeFeFeFeFeFeFeFeFeFe:sim00691,0.080452397,0.089458056,0,1,1
r3.0:Fe:cn11:CFeFeFeFeFeFeFeFeFeFe:sim00695,0.070468985,0.075886793,0,1,1
r3.0:Fe:cn11:CFeFeFeFeFeFeFeFeFeFe:sim00699,0.072603829,0.078464493,0,1,1
r3.0:Fe:cn11:CFeFeFeFeFeFeFeFeFeFe:sim00703,0.062730066,0.077211946,0,1,1
r3.0:Fe:cn11:CFeFeFeFeFeFeFeFeFeFe:sim00707,0.06508866,0.078570247,0,1,1
r3.0:Fe:cn11:CFeFeFeFeFeFeFeFeFeFe:sim00711,0.070274085,0.075454533,0,1,1
r3.0:Fe:cn11:CFeFeFeFeFeFeFeFeFeFe:sim00715,0.065033033,0.074700318,0,1,1
r3.0:Fe:cn11:CFeFeFeFeFeFeFeFeFeFe:sim00719,0.069921955,0.075683646,0,1,1
r3.0:Fe:cn11:CFeFeFeFeFeFeFeFeFeFe:sim00723,0.07312379,0.050757404,0,1,1
r3.0:Fe:cn11:CFeFeFeFeFeFeFeFeFeFe:sim00727,0.069990985,0.075482301,0,1,1
r3.0:Fe:cn11:CFeFeFeFeFeFeFeFeFeFe:sim00731,0.06593173,0.072875611,0,1,1
r3.0:Fe:cn11:CFeFeFeFeFeFeFeFeFeFe:sim00735,0.065513268,0.073037818,0,1,1
r3.0:Fe:cn11:CFeFeFeFeFeFeFeFeFeFe:sim00739,0.060937125,0.071826234,0,1,1
r3.0:Fe:cn11:CFeFeFeFeFeFeFeFeFeFe:sim00743,0.065297224,0.079283215,0,1,1
r3.0:Fe:cn11:CFeFeFeFeFeFeFeFeFeFe:sim00747,0.070053309,0.075498648,0,1,1
r3.0:Fe:cn11:CFeFeFeFeFeFeFeFeFeFe:sim00751,0.06457755,0.07746198,0,1,1
r3.0:Fe:cn11:CFeFeFeFeFeFeFeFeFeFe:sim00755,0.069227971,0.073868424,0,1,1
r3.0:Fe:cn11:CFeFeFeFeFeFeFeFeFeFe:sim00759,0.064250953,0.092482388,0,1,1
r3.0:Fe:cn11:CFeFeFeFeFeFeFeFeFeFe:sim00763,0.079339571,0.0620539,0,1,1
r3.0:Fe:cn11:CFeFeFeFeFeFeFeFeFeFe:sim00767,0.068778187,0.072769627,0,1,1
r3.0:Fe:cn11:CFeFeFeFeFeFeFeFeFeFe:sim00771,0.080016531,0.089319646,0,1,1
r3.0:Fe:cn11:CFeFeFeFeFeFeFeFeFeFe:sim00775,0.10053949,0.060880341,0,1,1
r3.0:Fe:cn11:CFeFeFeFeFeFeFeFeFeFe:sim00779,0.071057878,0.077694975,0,1,1
r3.0:Fe:cn11:CFeFeFeFeFeFeFeFeFeFe:sim00783,0.056121819,0.086789154,0,1,1
r3.0:Fe:cn11:CFeFeFeFeFeFeFeFeFeFe:sim00787,0.082610048,0.066724122,0,1,1
r3.0:Fe:cn11:CFeFeFeFeFeFeFeFeFeFe:sim00791,0.088575944,0.069036148,0,1,1
r3.0:Fe:cn11:CFeFeFeFeFeFeFeFeFeFe:sim00795,0.045180749,0.073991746,0,1,1
r3.0:Fe:cn11:CFeFeFeFeFeFeFeFeFeFe:sim00799,0.072446324,0.076386623,0,1,1
r3.0:Fe:cn11:CFeFeFeFeFeFeFeFeFeFe:sim00803,0.093334638,0.071856819,0,1,1
r3.0:Fe:cn11:CFeFeFeFeFeFeFeFeFeFe:sim00807,0.093347743,0.071861692,0,1,1
r3.0:Fe:cn11:CFeFeFeFeFeFeFeFeFeFe:sim00811,0.095949329,0.075184092,0,1,1
r3.0:Fe:cn11:CFeFeFeFeFeFeFeFeFeFe:sim00815,0.094738707,0.074526124,0,1,1
r3.0:Fe:cn11:CFeFeFeFeFeFeFeFeFeFe:sim00819,0.093398087,0.072206877,0,1,1
r3.0:Fe:cn11:CFeFeFeFeFeFeFeFeFeFe:sim00823,0.078286849,0.082313463,0,1,1
r3.0:Fe:cn11:CFeFeFeFeFeFeFeFeFeFe:sim00827,0.074138202,0.079396904,0,1,1
r3.0:Fe:cn11:CFeFeFeFeFeFeFeFeFeFe:sim00831,0.071934827,0.032396663,0,1,1
r3.0:Fe:cn11:CFeFeFeFeFeFeFeFeFeFe:sim00835,0.083525412,0.062049083,0,1,1
r3.0:Fe:cn11:CFeFeFeFeFeFeFeFeFeFe:sim00839,0.083580099,0.062268727,0,1,1
r3.0:Fe:cn11:CFeFeFeFeFeFeFeFeFeFe:sim00843,0.093508825,0.072968483,0,1,1
r3.0:Fe:cn11:CFeFeFeFeFeFeFeFeFeFe:sim00847,0.086869664,0.075591691,0,1,1
r3.0:Fe:cn11:CFeFeFeFeFeFeFeFeFeFe:sim00851,0.099382311,0.072363377,0,1,1
r3.0:Fe:cn11:CFeFeFeFeFeFeFeFeFeFe:sim00855,0.08995156,0.064789109,0,1,1
r3.0:Fe:cn11:CFeFeFeFeFeFeFeFeFeFe:sim00859,0.085112847,0.079093993,0,1,1
r3.0:Fe:cn11:CFeFeFeFeFeFeFeFeFeFe:sim00863,0.0910381,0.069068827,0,1,1
r3.0:Fe:cn11:CFeFeFeFeFeFeFeFeFeFe:sim00867,0.092129424,0.071900852,0,1,1
r3.0:Fe:cn11:CFeFeFeFeFeFeFeFeFeFe:sim00871,0.082573876,0.044829831,0,1,1
r3.0:Fe:cn11:CFeFeFeFeFeFeFeFeFeFe:sim00875,0.093455181,0.078328066,0,1,1
r3.0:Fe:cn11:CFeFeFeFeFeFeFeFeFeFe:sim00879,0.10232338,0.087541036,0,1,1
r3.0:Fe:cn11:CFeFeFeFeFeFeFeFeFeFe:sim00883,0.08612787,0.060408164,0,1,1
r3.0:Fe:cn11:CFeFeFeFeFeFeFeFeFeFe:sim00887,0.066846028,0.066561885,0,1,1
r3.0:Fe:cn11:CFeFeFeFeFeFeFeFeFeFe:sim00891,0.10533118,0.083197884,0,1,1
r3.0:Fe:cn11:CFeFeFeFeFeFeFeFeFeFe:sim00895,0.096300103,0.074073873,0,1,1
r3.0:Fe:cn11:CFeFeFeFeFeFeFeFeFeFe:sim00899,0.095332645,0.046670578,0,1,1
r3.0:Fe:cn11:CFeFeFeFeFeFeFeFeFeFe:sim00903,0.078515343,0.074424826,0,1,1
r3.0:Fe:cn11:CFeFeFeFeFeFeFeFeFeFe:sim00907,0.062252618,0.078017056,0,1,1
r3.0:Fe:cn11:CFeFeFeFeFeFeFeFeFeFe:sim00911,0.076132163,0.084443696,0,1,1
r3.0:Fe:cn11:CFeFeFeFeFeFeFeFeFeFe:sim00915,0.094329096,0.075854495,0,1,1
r3.0:Fe:cn11:CFeFeFeFeFeFeFeFeFeFe:sim00919,0.062436845,0.072027251,0,1,1
r3.0:Fe:cn11:CFeFeFeFeFeFeFeFeFeFe:sim00923,0.084749222,0.070091084,0,1,1
r3.0:Fe:cn11:CFeFeFeFeFeFeFeFeFeFe:sim00927,0.086038448,0.065403201,0,1,1
r3.0:Fe:cn11:CFeFeFeFeFeFeFeFeFeFe:sim00931,0.079782888,0.062486339,0,1,1
r3.0:Fe:cn11:CFeFeFeFeFeFeFeFeFeFe:sim00935,0.08228647,0.064749874,0,1,1
r3.0:Fe:cn11:CFeFeFeFeFeFeFeFeFeFe:sim00939,0.082483545,0.065016918,0,1,1
r3.0:Fe:cn11:CFeFeFeFeFeFeFeFeFeFe:sim00943,0.071524151,0.075851053,0,1,1
r3.0:Fe:cn11:CFeFeFeFeFeFeFeFeFeFe:sim00947,0.085563742,0.065008685,0,1,1
r3.0:Fe:cn11:CFeFeFeFeFeFeFeFeFeFe:sim00951,0.074952558,0.076978236,0,1,1
r3.0:Fe:cn11:CFeFeFeFeFeFeFeFeFeFe:sim00955,0.081769079,0.085961193,0,1,1
r3.0:Fe:cn11:CFeFeFeFeFeFeFeFeFeFe:sim00959,0.072971538,0.076440483,0,1,1
r3.0:Fe:cn11:CFeFeFeFeFeFeFeFeFeFe:sim00963,0.072908297,0.076581545,0,1,1
r3.0:Fe:cn11:CFeFeFeFeFeFeFeFeFeFe:sim00967,0.071667477,0.068745717,0,1,1
r3.0:Fe:cn11:CFeFeFeFeFeFeFeFeFeFe:sim00971,0.065868035,0.064417124,0,1,1
r3.0:Fe:cn11:CFeFeFeFeFeFeFeFeFeFe:sim00975,0.075762369,0.077607922,0,1,1
r3.0:Fe:cn11:CFeFeFeFeFeFeFeFeFeFe:sim00979,0.080140837,0.080487482,0,1,1
r3.0:Fe:cn11:CFeFeFeFeFeFeFeFeFeFe:sim00983,0.071997419,0.076705441,0,1,1
r3.0:Fe:cn11:CFeFeFeFeFeFeFeFeFeFe:sim00987,0.071671404,0.076083168,0,1,1
r3.0:Fe:cn11:CFeFeFeFeFeFeFeFeFeFe:sim00991,0.065703481,0.093960486,0,1,1
r3.0:Fe:cn11:CFeFeFeFeFeFeFeFeFeFe:sim00996,0.066438965,0.092946656,0,1,1
r3.0:Fe:cn11:CFeFeFeFeFeFeFeFeFeFe:sim01000,0.11373527,0.035708264,0,1,1
r3.0:Fe:cn11:CFeFeFeFeFeFeFeFeFeFe:sim01004,0.082550131,0.062481795,0,1,1
r3.0:Fe:cn11:CFeFeFeFeFeFeFeFeFeFe:sim01008,0.10629553,0.059728846,0,1,1
r3.0:Fe:cn11:CFeFeFeFeFeFeFeFeFeFe:sim01012,0.057073031,0.062045731,0,1,1
r3.0:Fe:cn11:CFeFeFeFeFeFeFeFeFeFe:sim01016,0.091468602,0.066668086,0,1,1
r3.0:Fe:cn11:CFeFeFeFeFeFeFeFeFeFe:sim01020,0.083943106,0.062858753,0,1,1
r3.0:Fe:cn11:CFeFeFeFeFeFeFeFeFeFe:sim01024,0.087376535,0.038389571,0,1,1
r3.0:Fe:cn11:CFeFeFeFeFeFeFeFeFeFe:sim01028,0.082385547,0.061661486,0,1,1
r3.0:Fe:cn11:CFeFeFeFeFeFeFeFeFeFe:sim01032,0.056609467,0.085527852,0,1,1
r3.0:Fe:cn11:CFeFeFeFeFeFeFeFeFeFe:sim01036,0.066503301,0.072457433,0,1,1
r3.0:Fe:cn11:CFeFeFeFeFeFeFeFeFeFe:sim01040,0.070371166,0.074677005,0,1,1
r3.0:Fe:cn11:CFeFeFeFeFeFeFeFeFeFe:sim01044,0.090785168,0.060341436,0,1,1
r3.0:Fe:cn11:CFeFeFeFeFeFeFeFeFeFe:sim01048,0.069807857,0.074193969,0,1,1
r3.0:Fe:cn11:CFeFeFeFeFeFeFeFeFeFe:sim01052,0.084144086,0.063207902,0,1,1
r3.0:Fe:cn11:CFeFeFeFeFeFeFeFeFeFe:sim01056,0.085574269,0.065850556,0,1,1
r3.0:Fe:cn11:CFeFeFeFeFeFeFeFeFeFe:sim01060,0.10129135,0.044844866,0,1,1
r3.0:Fe:cn11:CFeFeFeFeFeFeFeFeFeFe:sim01064,0.10226381,0.051753569,0,1,1
r3.0:Fe:cn11:CFeFeFeFeFeFeFeFeFeFe:sim01068,0.10145678,0.044923939,0,1,1
r3.0:Fe:cn11:CFeFeFeFeFeFeFeFeFeFe:sim01072,0.084225103,0.063257702,0,1,1
r3.0:Fe:cn11:FeFeFeFeFeFeFeFeFeFeFe:sim00004,0.12865067,0.059713662,0,1,1
r3.0:Fe:cn11:FeFeFeFeFeFeFeFeFeFeFe:sim00008,0.14878587,0.055985477,0,1,1
r3.0:Fe:cn11:FeFeFeFeFeFeFeFeFeFeFe:sim00012,0.11698341,0.073677979,0,1,1
r3.0:Fe:cn11:FeFeFeFeFeFeFeFeFeFeFe:sim00016,0.12060029,0.075983174,0,1,1
r3.0:Fe:cn11:FeFeFeFeFeFeFeFeFeFeFe:sim00020,0.11651637,0.080946892,0,1,1
r3.0:Fe:cn11:FeFeFeFeFeFeFeFeFeFeFe:sim00024,0.11768612,0.053903133,0,1,1
r3.0:Fe:cn11:FeFeFeFeFeFeFeFeFeFeFe:sim00028,0.11085451,0.073911048,0,1,1
r3.0:Fe:cn11:FeFeFeFeFeFeFeFeFeFeFe:sim00032,0.10982709,0.074738331,0,1,1
r3.0:Fe:cn11:FeFeFeFeFeFeFeFeFeFeFe:sim00036,0.11389329,0.077181228,0,1,1
r3.0:Fe:cn11:FeFeFeFeFeFeFeFeFeFeFe:sim00040,0.11348471,0.076688066,0,1,1
r3.0:Fe:cn11:FeFeFeFeFeFeFeFeFeFeFe:sim00044,0.12153312,0.085687086,0,1,1
r3.0:Fe:cn11:FeFeFeFeFeFeFeFeFeFeFe:sim00048,0.08958561,0.076816201,0,1,1
r3.0:Fe:cn11:FeFeFeFeFeFeFeFeFeFeFe:sim00052,0.11706909,0.079016417,0,1,1
r3.0:Fe:cn11:FeFeFeFeFeFeFeFeFeFeFe:sim00056,0.11628862,0.079113632,0,1,1
r3.0:Fe:cn11:FeFeFeFeFeFeFeFeFeFeFe:sim00060,0.11482231,0.077685088,0,1,1
r3.0:Fe:cn11:FeFeFeFeFeFeFeFeFeFeFe:sim00064,0.11780227,0.078869581,0,1,1
r3.0:Fe:cn11:FeFeFeFeFeFeFeFeFeFeFe:sim00068,0.11127765,0.075563006,0,1,1
r3.0:Fe:cn11:FeFeFeFeFeFeFeFeFeFeFe:sim00072,0.11464663,0.078051873,0,1,1
r3.0:Fe:cn11:FeFeFeFeFeFeFeFeFeFeFe:sim00076,0.11443098,0.077392407,0,1,1
r3.0:Fe:cn11:FeFeFeFeFeFeFeFeFeFeFe:sim00080,0.11503161,0.074571222,0,1,1
r3.0:Fe:cn11:FeFeFeFeFeFeFeFeFeFeFe:sim00084,0.13856167,0.076429717,0,1,1
r3.0:Fe:cn11:FeFeFeFeFeFeFeFeFeFeFe:sim00088,0.15040249,0.086982258,0,1,1
r3.0:Fe:cn11:FeFeFeFeFeFeFeFeFeFeFe:sim00092,0.12025415,0.080550767,0,1,1
r3.0:Fe:cn11:FeFeFeFeFeFeFeFeFeFeFe:sim00096,0.11722906,0.078457505,0,1,1
r3.0:Fe:cn11:FeFeFeFeFeFeFeFeFeFeFe:sim00100,0.10503795,0.07308092,0,1,1
r3.0:Fe:cn11:FeFeFeFeFeFeFeFeFeFeFe:sim00104,0.10541217,0.073179215,0,1,1
r3.0:Fe:cn11:FeFeFeFeFeFeFeFeFeFeFe:sim00108,0.10272154,0.066547245,0,1,1
r3.0:Fe:cn11:FeFeFeFeFeFeFeFeFeFeFe:sim00112,0.1096264,0.099382155,0,1,1
r3.0:Fe:cn11:FeFeFeFeFeFeFeFeFeFeFe:sim00116,0.11684915,0.10946805,0,1,1
r3.0:Fe:cn11:FeFeFeFeFeFeFeFeFeFeFe:sim00120,0.10954931,0.098981082,0,1,1
r3.0:Fe:cn11:FeFeFeFeFeFeFeFeFeFeFe:sim00124,0.10145491,0.090510003,0,1,1
r3.0:Fe:cn11:FeFeFeFeFeFeFeFeFeFeFe:sim00128,0.10104,0.090509579,0,1,1
r3.0:Fe:cn11:FeFeFeFeFeFeFeFeFeFeFe:sim00132,0.10172001,0.092920683,0,1,1
r3.0:Fe:cn11:FeFeFeFeFeFeFeFeFeFeFe:sim00136,0.091502592,0.077688754,0,1,1
r3.0:Fe:cn11:FeFeFeFeFeFeFeFeFeFeFe:sim00140,0.069522247,0.060119823,0,1,1
r3.0:Fe:cn11:FeFeFeFeFeFeFeFeFeFeFe:sim00144,0.0900677,0.059700284,0,1,1
r3.0:Fe:cn11:FeFeFeFeFeFeFeFeFeFeFe:sim00149,0.081618272,0.050975438,0,1,1
r3.0:Fe:cn11:FeFeFeFeFeFeFeFeFeFeFe:sim00153,0.12035844,0.076111801,0,1,1
r3.0:Fe:cn11:FeFeFeFeFeFeFeFeFeFeFe:sim00157,0.10914239,0.098579682,0,1,1
r3.0:Fe:cn11:FeFeFeFeFeFeFeFeFeFeFe:sim00161,0.11404151,0.10536116,0,1,1
r3.0:Fe:cn11:FeFeFeFeFeFeFeFeFeFeFe:sim00165,0.094719298,0.10175366,0,1,1
r3.0:Fe:cn11:FeFeFeFeFeFeFeFeFeFeFe:sim00169,0.10311278,0.090539791,0,1,1
r3.0:Fe:cn11:FeFeFeFeFeFeFeFeFeFeFe:sim00173,0.10344689,0.092147999,0,1,1
r3.0:Fe:cn11:FeFeFeFeFeFeFeFeFeFeFe:sim00177,0.10081811,0.090124495,0,1,1
r3.0:Fe:cn11:FeFeFeFeFeFeFeFeFeFeFe:sim00181,0.10155459,0.090587072,0,1,1
r3.0:Fe:cn11:FeFeFeFeFeFeFeFeFeFeFe:sim00185,0.12257095,0.088898763,0,1,1
r3.0:Fe:cn11:FeFeFeFeFeFeFeFeFeFeFe:sim00189,0.11037025,0.10284905,0,1,1
r3.0:Fe:cn11:FeFeFeFeFeFeFeFeFeFeFe:sim00193,0.10598625,0.099240802,0,1,1
r3.0:Fe:cn11:FeFeFeFeFeFeFeFeFeFeFe:sim00197,0.10217156,0.096595213,0,1,1
r3.0:Fe:cn11:FeFeFeFeFeFeFeFeFeFeFe:sim00201,0.098919824,0.092565499,0,1,1
r3.0:Fe:cn11:FeFeFeFeFeFeFeFeFeFeFe:sim00205,0.099031448,0.092968486,0,1,1
r3.0:Fe:cn11:FeFeFeFeFeFeFeFeFeFeFe:sim00209,0.10208046,0.093820259,0,1,1
r3.0:Fe:cn12:CCCCCFeFeFeFeFeFeFe:sim00001,0.063916996,-0.17470668,0,1,1
r3.0:Fe:cn12:CCCCCFeFeFeFeFeFeFe:sim00005,0.060920458,-0.17082599,0,1,1
r3.0:Fe:cn12:CCCCCFeFeFeFeFeFeFe:sim00009,0.064949311,-0.16767856,0,1,1
r3.0:Fe:cn12:CCCCCFeFeFeFeFeFeFe:sim00013,0.04190059,-0.15088122,0,1,1
r3.0:Fe:cn12:CCCCCFeFeFeFeFeFeFe:sim00017,0.042115405,-0.15047497,0,1,1
r3.0:Fe:cn12:CCCCCFeFeFeFeFeFeFe:sim00021,0.041095227,-0.13737278,0,1,1
r3.0:Fe:cn12:CCCCCFeFeFeFeFeFeFe:sim00025,0.03681989,-0.15624571,0,1,1
r3.0:Fe:cn12:CCCCCFeFeFeFeFeFeFe:sim00029,0.011525383,-0.16433403,0,1,1
r3.0:Fe:cn12:CCCCFeFeFeFeFeFeFeFe:sim00003,0.099543117,-0.089493386,0,1,1
r3.0:Fe:cn12:CCCCFeFeFeFeFeFeFeFe:sim00007,0.098253705,-0.092145599,0,1,1
r3.0:Fe:cn12:CCCCFeFeFeFeFeFeFeFe:sim00011,0.11985973,-0.068636201,0,1,1
r3.0:Fe:cn12:CCCCFeFeFeFeFeFeFeFe:sim00015,0.082700931,-0.073793553,0,1,1
r3.0:Fe:cn12:CCCCFeFeFeFeFeFeFeFe:sim00019,0.065293647,-0.041427951,0,1,1
r3.0:Fe:cn12:CCCCFeFeFeFeFeFeFeFe:sim00023,0.067970127,-0.082973309,0,1,1
r3.0:Fe:cn12:CCCCFeFeFeFeFeFeFeFe:sim00027,0.080090418,-0.070543632,0,1,1
r3.0:Fe:cn12:CCCCFeFeFeFeFeFeFeFe:sim00031,0.0743469,-0.093473904,0,1,1
r3.0:Fe:cn12:CCCCFeFeFeFeFeFeFeFe:sim00035,0.079489313,-0.068421692,0,1,1
r3.0:Fe:cn12:CCCCFeFeFeFeFeFeFeFe:sim00039,0.080157936,-0.067777269,0,1,1
r3.0:Fe:cn12:CCCCFeFeFeFeFeFeFeFe:sim00043,0.084234394,-0.065436244,0,1,1
r3.0:Fe:cn12:CCCCFeFeFeFeFeFeFeFe:sim00047,0.079584695,-0.068424582,0,1,1
r3.0:Fe:cn12:CCCCFeFeFeFeFeFeFeFe:sim00051,0.05813751,-0.058608174,0,1,1
r3.0:Fe:cn12:CCCCFeFeFeFeFeFeFeFe:sim00055,0.079406992,-0.0687645,0,1,1
r3.0:Fe:cn12:CCCCFeFeFeFeFeFeFeFe:sim00059,0.078179747,-0.069896221,0,1,1
r3.0:Fe:cn12:CCCCFeFeFeFeFeFeFeFe:sim00063,0.080406718,-0.067738377,0,1,1
r3.0:Fe:cn12:CCCCFeFeFeFeFeFeFeFe:sim00067,0.080213241,-0.068073124,0,1,1
r3.0:Fe:cn12:CCCCFeFeFeFeFeFeFeFe:sim00071,0.079543695,-0.068366028,0,1,1
r3.0:Fe:cn12:CCCCFeFeFeFeFeFeFeFe:sim00075,0.078349136,-0.070943043,0,1,1
r3.0:Fe:cn12:CCCCFeFeFeFeFeFeFeFe:sim00079,0.078708969,-0.068603754,0,1,1
r3.0:Fe:cn12:CCCCFeFeFeFeFeFeFeFe:sim00083,0.10472468,-0.078644805,0,1,1
r3.0:Fe:cn12:CCCCFeFeFeFeFeFeFeFe:sim00087,0.10846054,-0.064911932,0,1,1
r3.0:Fe:cn12:CCCCFeFeFeFeFeFeFeFe:sim00091,0.076586708,-0.068131596,0,1,1
r3.0:Fe:cn12:CCCCFeFeFeFeFeFeFeFe:sim00095,0.081748679,-0.067858234,0,1,1
r3.0:Fe:cn12:CCCCFeFeFeFeFeFeFeFe:sim00099,0.089720801,-0.059250139,0,1,1
r3.0:Fe:cn12:CCCCFeFeFeFeFeFeFeFe:sim00103,0.050742369,-0.061428245,0,1,1
r3.0:Fe:cn12:CCCCFeFeFeFeFeFeFeFe:sim00107,0.067593575,-0.074544713,0,1,1
r3.0:Fe:cn12:CCCCFeFeFeFeFeFeFeFe:sim00111,0.073280588,-0.039837133,0,1,1
r3.0:Fe:cn12:CCCCFeFeFeFeFeFeFeFe:sim00115,0.07312955,-0.041526705,0,1,1
r3.0:Fe:cn12:CCCCFeFeFeFeFeFeFeFe:sim00119,0.074621804,-0.03158867,0,1,1
r3.0:Fe:cn12:CCCCFeFeFeFeFeFeFeFe:sim00123,0.062582396,-0.051137757,0,1,1
r3.0:Fe:cn12:CCCCFeFeFeFeFeFeFeFe:sim00127,0.066198356,-0.050049234,0,1,1
r3.0:Fe:cn12:CCCCFeFeFeFeFeFeFeFe:sim00131,0.065701976,-0.049522635,0,1,1
r3.0:Fe:cn12:CCCCFeFeFeFeFeFeFeFe:sim00135,0.060839478,-0.051828973,0,1,1
r3.0:Fe:cn12:CCCCFeFeFeFeFeFeFeFe:sim00139,0.055283912,-0.053123299,0,1,1
r3.0:Fe:cn12:CCCCFeFeFeFeFeFeFeFe:sim00143,0.043723736,-0.09434852,0,1,1
r3.0:Fe:cn12:CCCCFeFeFeFeFeFeFeFe:sim00147,0.043706041,-0.094800644,0,1,1
r3.0:Fe:cn12:CCCCFeFeFeFeFeFeFeFe:sim00151,0.05420807,-0.058030203,0,1,1
r3.0:Fe:cn12:CCCCFeFeFeFeFeFeFeFe:sim00155,0.062276769,-0.050880861,0,1,1
r3.0:Fe:cn12:CCCCFeFeFeFeFeFeFeFe:sim00159,0.066728234,-0.047938447,0,1,1
r3.0:Fe:cn12:CCCCFeFeFeFeFeFeFeFe:sim00163,0.075262293,-0.050842769,0,1,1
r3.0:Fe:cn12:CCCCFeFeFeFeFeFeFeFe:sim00167,0.064388588,-0.051881488,0,1,1
r3.0:Fe:cn12:CCCCFeFeFeFeFeFeFeFe:sim00171,0.033813436,-0.050977554,0,1,1
r3.0:Fe:cn12:CCCCFeFeFeFeFeFeFeFe:sim00175,0.041722272,-0.095368497,0,1,1
r3.0:Fe:cn12:CCCCFeFeFeFeFeFeFeFe:sim00179,0.063491672,-0.047915515,0,1,1
r3.0:Fe:cn12:CCCCFeFeFeFeFeFeFeFe:sim00183,0.062300567,-0.051253367,0,1,1
r3.0:Fe:cn12:CCCCFeFeFeFeFeFeFeFe:sim00187,0.062507667,-0.050914709,0,1,1
r3.0:Fe:cn12:CCCCFeFeFeFeFeFeFeFe:sim00191,0.068705954,-0.038254198,0,1,1
r3.0:Fe:cn12:CCCCFeFeFeFeFeFeFeFe:sim00195,0.074988849,-0.030933196,0,1,1
r3.0:Fe:cn12:CCCCFeFeFeFeFeFeFeFe:sim00199,0.06290704,-0.04254866,0,1,1
r3.0:Fe:cn12:CCCCFeFeFeFeFeFeFeFe:sim00203,0.060840458,-0.047146413,0,1,1
r3.0:Fe:cn12:CCCCFeFeFeFeFeFeFeFe:sim00207,0.059857726,-0.048185609,0,1,1
r3.0:Fe:cn12:CCCCFeFeFeFeFeFeFeFe:sim00211,0.058693878,-0.047569923,0,1,1
r3.0:Fe:cn12:CCCCFeFeFeFeFeFeFeFe:sim00215,0.0592696,-0.047613576,0,1,1
r3.0:Fe:cn12:CCCCFeFeFeFeFeFeFeFe:sim00219,0.058147531,-0.049481567,0,1,1
r3.0:Fe:cn12:CCCCFeFeFeFeFeFeFeFe:sim00223,0.033940293,-0.041701842,0,1,1
r3.0:Fe:cn12:CCCCFeFeFeFeFeFeFeFe:sim00227,0.067052267,-0.051003356,0,1,1
r3.0:Fe:cn12:CCCCFeFeFeFeFeFeFeFe:sim00231,0.055478405,-0.058723357,0,1,1
r3.0:Fe:cn12:CCCCFeFeFeFeFeFeFeFe:sim00235,0.051408164,-0.020914355,0,1,1
r3.0:Fe:cn12:CCCCFeFeFeFeFeFeFeFe:sim00239,0.059232619,-0.048980672,0,1,1
r3.0:Fe:cn12:CCCCFeFeFeFeFeFeFeFe:sim00243,0.061136726,-0.080666192,0,1,1
r3.0:Fe:cn12:CCCCFeFeFeFeFeFeFeFe:sim00247,0.062227789,-0.086292602,0,1,1
r3.0:Fe:cn12:CCCCFeFeFeFeFeFeFeFe:sim00251,0.049841821,-0.037877932,0,1,1
r3.0:Fe:cn12:CCCCFeFeFeFeFeFeFeFe:sim00255,0.073901474,-0.059702139,0,1,1
r3.0:Fe:cn12:CCCCFeFeFeFeFeFeFeFe:sim00259,0.058006372,-0.04816382,0,1,1
r3.0:Fe:cn12:CCCCFeFeFeFeFeFeFeFe:sim00263,0.044464689,-0.059628166,0,1,1
r3.0:Fe:cn12:CCCCFeFeFeFeFeFeFeFe:sim00267,0.055195197,-0.049275208,0,1,1
r3.0:Fe:cn12:CCCCFeFeFeFeFeFeFeFe:sim00271,0.060756251,-0.053686988,0,1,1
r3.0:Fe:cn12:CCCCFeFeFeFeFeFeFeFe:sim00275,0.048273299,-0.05853929,0,1,1
r3.0:Fe:cn12:CCCCFeFeFeFeFeFeFeFe:sim00279,0.049477663,-0.057914048,0,1,1
r3.0:Fe:cn12:CCCCFeFeFeFeFeFeFeFe:sim00283,0.060936749,-0.046991311,0,1,1
r3.0:Fe:cn12:CCCCFeFeFeFeFeFeFeFe:sim00287,0.081112839,-0.038003031,0,1,1
r3.0:Fe:cn12:CCCCFeFeFeFeFeFeFeFe:sim00291,0.058733221,-0.047544789,0,1,1
r3.0:Fe:cn12:CCCCFeFeFeFeFeFeFeFe:sim00295,0.056226827,-0.049501523,0,1,1
r3.0:Fe:cn12:CCCCFeFeFeFeFeFeFeFe:sim00299,0.05928671,-0.047791075,0,1,1
r3.0:Fe:cn12:CCCCFeFeFeFeFeFeFeFe:sim00303,0.051908344,-0.023352234,0,1,1
r3.0:Fe:cn12:CCCCFeFeFeFeFeFeFeFe:sim00307,0.042557552,-0.033730973,0,1,1
r3.0:Fe:cn12:CCCCFeFeFeFeFeFeFeFe:sim00311,0.039833117,-0.0698018,0,1,1
r3.0:Fe:cn12:CCCCFeFeFeFeFeFeFeFe:sim00315,0.062585741,-0.058584712,0,1,1
r3.0:Fe:cn12:CCCCFeFeFeFeFeFeFeFe:sim00319,0.064417675,-0.058803722,0,1,1
r3.0:Fe:cn12:CCCCFeFeFeFeFeFeFeFe:sim00323,0.058440637,-0.046529304,0,1,1
r3.0:Fe:cn12:CCCCFeFeFeFeFeFeFeFe:sim00327,0.058451317,-0.046478666,0,1,1
r3.0:Fe:cn12:CCCCFeFeFeFeFeFeFeFe:sim00331,0.058540165,-0.045884553,0,1,1
r3.0:Fe:cn12:CCCCFeFeFeFeFeFeFeFe:sim00335,0.058820274,-0.046134505,0,1,1
r3.0:Fe:cn12:CCCCFeFeFeFeFeFeFeFe:sim00339,0.053410627,-0.049395323,0,1,1
r3.0:Fe:cn12:CCCCFeFeFeFeFeFeFeFe:sim00343,0.044480279,-0.063819319,0,1,1
r3.0:Fe:cn12:CCCCFeFeFeFeFeFeFeFe:sim00347,0.071946234,-0.027874803,0,1,1
r3.0:Fe:cn12:CCCCFeFeFeFeFeFeFeFe:sim00351,0.055537615,-0.049269605,0,1,1
r3.0:Fe:cn12:CCCCFeFeFeFeFeFeFeFe:sim00355,0.072914734,-0.033108752,0,1,1
r3.0:Fe:cn12:CCCCFeFeFeFeFeFeFeFe:sim00359,0.058713451,-0.04572656,0,1,1
r3.0:Fe:cn12:CCCCFeFeFeFeFeFeFeFe:sim00363,0.053869247,-0.04827838,0,1,1
r3.0:Fe:cn12:CCCCFeFeFeFeFeFeFeFe:sim00367,0.052582327,-0.056552421,0,1,1
r3.0:Fe:cn12:CCCCFeFeFeFeFeFeFeFe:sim00371,0.058948942,-0.045456048,0,1,1
r3.0:Fe:cn12:CCCCFeFeFeFeFeFeFeFe:sim00375,0.062815994,-0.0444832,0,1,1
r3.0:Fe:cn12:CCCCFeFeFeFeFeFeFeFe:sim00379,0.030019706,-0.059423551,0,1,1
r3.0:Fe:cn12:CCCCFeFeFeFeFeFeFeFe:sim00383,0.058256522,-0.045787707,0,1,1
r3.0:Fe:cn12:CCCCFeFeFeFeFeFeFeFe:sim00387,0.058238115,-0.046020541,0,1,1
r3.0:Fe:cn12:CCCCFeFeFeFeFeFeFeFe:sim00391,0.0562675,-0.048334137,0,1,1
r3.0:Fe:cn12:CCCCFeFeFeFeFeFeFeFe:sim00395,0.042781238,-0.069712564,0,1,1
r3.0:Fe:cn12:CCCCFeFeFeFeFeFeFeFe:sim00399,0.059259389,-0.045831371,0,1,1
r3.0:Fe:cn12:CCCCFeFeFeFeFeFeFeFe:sim00403,0.031159461,-0.045123834,0,1,1
r3.0:Fe:cn12:CCCCFeFeFeFeFeFeFeFe:sim00407,0.059941143,-0.044293214,0,1,1
r3.0:Fe:cn12:CCCCFeFeFeFeFeFeFeFe:sim00411,0.085361719,-0.050634719,0,1,1
r3.0:Fe:cn12:CCCCFeFeFeFeFeFeFeFe:sim00415,0.065539382,-0.067055345,0,1,1
r3.0:Fe:cn12:CCCCFeFeFeFeFeFeFeFe:sim00419,0.039106492,-0.021749025,0,1,1
r3.0:Fe:cn12:CCCCFeFeFeFeFeFeFeFe:sim00423,0.056026828,-0.048952695,0,1,1
r3.0:Fe:cn12:CCCCFeFeFeFeFeFeFeFe:sim00427,0.058256432,-0.047966711,0,1,1
r3.0:Fe:cn12:CCCCFeFeFeFeFeFeFeFe:sim00431,0.057303913,-0.054743133,0,1,1
r3.0:Fe:cn12:CCCCFeFeFeFeFeFeFeFe:sim00435,0.026573172,-0.04615096,0,1,1
r3.0:Fe:cn12:CCCCFeFeFeFeFeFeFeFe:sim00439,0.061277535,-0.042772964,0,1,1
r3.0:Fe:cn12:CCCFeFeFeFeFeFeFeFeFe:sim00004,0.127096,-0.028826229,0,1,1
r3.0:Fe:cn12:CCCFeFeFeFeFeFeFeFeFe:sim00008,0.15117544,-0.033396933,0,1,1
r3.0:Fe:cn12:CCCFeFeFeFeFeFeFeFeFe:sim00012,0.1141384,-0.0046329224,0,1,1
r3.0:Fe:cn12:CCCFeFeFeFeFeFeFeFeFe:sim00016,0.11730517,-0.00943664,0,1,1
r3.0:Fe:cn12:CCCFeFeFeFeFeFeFeFeFe:sim00020,0.11489061,-0.0062789754,0,1,1
r3.0:Fe:cn12:CCCFeFeFeFeFeFeFeFeFe:sim00024,0.11428141,-0.036440466,0,1,1
r3.0:Fe:cn12:CCCFeFeFeFeFeFeFeFeFe:sim00028,0.11029083,-0.008969022,0,1,1
r3.0:Fe:cn12:CCCFeFeFeFeFeFeFeFeFe:sim00032,0.10972754,-0.0076171048,0,1,1
r3.0:Fe:cn12:CCCFeFeFeFeFeFeFeFeFe:sim00036,0.10523986,-0.0094810072,0,1,1
r3.0:Fe:cn12:CCCFeFeFeFeFeFeFeFeFe:sim00040,0.099359095,-0.017480215,0,1,1
r3.0:Fe:cn12:CCCFeFeFeFeFeFeFeFeFe:sim00044,0.10971428,-0.0074009802,0,1,1
r3.0:Fe:cn12:CCCFeFeFeFeFeFeFeFeFe:sim00048,0.081240632,-0.0069606197,0,1,1
r3.0:Fe:cn12:CCCFeFeFeFeFeFeFeFeFe:sim00052,0.11297874,-0.0057009929,0,1,1
r3.0:Fe:cn12:CCCFeFeFeFeFeFeFeFeFe:sim00056,0.12756853,-0.01678499,0,1,1
r3.0:Fe:cn12:CCCFeFeFeFeFeFeFeFeFe:sim00060,0.11072457,-0.0071244901,0,1,1
r3.0:Fe:cn12:CCCFeFeFeFeFeFeFeFeFe:sim00064,0.11042812,-0.0070427647,0,1,1
r3.0:Fe:cn12:CCCFeFeFeFeFeFeFeFeFe:sim00068,0.10901576,-0.0078551732,0,1,1
r3.0:Fe:cn12:CCCFeFeFeFeFeFeFeFeFe:sim00072,0.11003191,-0.0071502537,0,1,1
r3.0:Fe:cn12:CCCFeFeFeFeFeFeFeFeFe:sim00076,0.11005617,-0.0079220794,0,1,1
r3.0:Fe:cn12:CCCFeFeFeFeFeFeFeFeFe:sim00080,0.13464101,-0.013759239,0,1,1
r3.0:Fe:cn12:CCCFeFeFeFeFeFeFeFeFe:sim00084,0.13440035,-0.01205425,0,1,1
r3.0:Fe:cn12:CCCFeFeFeFeFeFeFeFeFe:sim00088,0.1391449,-0.0089766197,0,1,1
r3.0:Fe:cn12:CCCFeFeFeFeFeFeFeFeFe:sim00092,0.11252806,-0.0066769565,0,1,1
r3.0:Fe:cn12:CCCFeFeFeFeFeFeFeFeFe:sim00096,0.11329763,-0.0064499001,0,1,1
r3.0:Fe:cn12:CCCFeFeFeFeFeFeFeFeFe:sim00100,0.098940052,-0.012640424,0,1,1
r3.0:Fe:cn12:CCCFeFeFeFeFeFeFeFeFe:sim00104,0.098693013,-0.012477088,0,1,1
r3.0:Fe:cn12:CCCFeFeFeFeFeFeFeFeFe:sim00108,0.096512571,-0.013016925,0,1,1
r3.0:Fe:cn12:CCCFeFeFeFeFeFeFeFeFe:sim00112,0.10465318,0.018635711,0,1,1
r3.0:Fe:cn12:CCCFeFeFeFeFeFeFeFeFe:sim00116,0.097604901,0.013028669,0,1,1
r3.0:Fe:cn12:CCCFeFeFeFeFeFeFeFeFe:sim00120,0.078740083,-0.030645788,0,1,1
r3.0:Fe:cn12:CCCFeFeFeFeFeFeFeFeFe:sim00124,0.094248742,0.00966244,0,1,1
r3.0:Fe:cn12:CCCFeFeFeFeFeFeFeFeFe:sim00128,0.093971774,0.0084151533,0,1,1
r3.0:Fe:cn12:CCCFeFeFeFeFeFeFeFeFe:sim00132,0.093017153,0.008007572,0,1,1
r3.0:Fe:cn12:CCCFeFeFeFeFeFeFeFeFe:sim00136,0.080408596,-0.0086882589,0,1,1
r3.0:Fe:cn12:CCCFeFeFeFeFeFeFeFeFe:sim00140,0.058127183,-0.02808396,0,1,1
r3.0:Fe:cn12:CCCFeFeFeFeFeFeFeFeFe:sim00144,0.078500547,-0.030685451,0,1,1
r3.0:Fe:cn12:CCCFeFeFeFeFeFeFeFeFe:sim00148,0.078857608,-0.030300003,0,1,1
r3.0:Fe:cn12:CCCFeFeFeFeFeFeFeFeFe:sim00152,0.08205089,0.020576272,0,1,1
r3.0:Fe:cn12:CCCFeFeFeFeFeFeFeFeFe:sim00156,0.085795589,-0.0007845317,0,1,1
r3.0:Fe:cn12:CCCFeFeFeFeFeFeFeFeFe:sim00160,0.088845201,0.0013444505,0,1,1
r3.0:Fe:cn12:CCCFeFeFeFeFeFeFeFeFe:sim00164,0.093750462,0.0085445791,0,1,1
r3.0:Fe:cn12:CCCFeFeFeFeFeFeFeFeFe:sim00168,0.095178239,0.00967234,0,1,1
r3.0:Fe:cn12:CCCFeFeFeFeFeFeFeFeFe:sim00172,0.089866668,0.0050963983,0,1,1
r3.0:Fe:cn12:CCCFeFeFeFeFeFeFeFeFe:sim00176,0.092342705,0.0073672896,0,1,1
r3.0:Fe:cn12:CCCFeFeFeFeFeFeFeFeFe:sim00180,0.093864128,0.0084847203,0,1,1
r3.0:Fe:cn12:CCCFeFeFeFeFeFeFeFeFe:sim00184,0.093750216,0.0078677954,0,1,1
r3.0:Fe:cn12:CCCFeFeFeFeFeFeFeFeFe:sim00188,0.093649387,0.0082028043,0,1,1
r3.0:Fe:cn12:CCCFeFeFeFeFeFeFeFeFe:sim00192,0.076327115,0.010726155,0,1,1
r3.0:Fe:cn12:CCCFeFeFeFeFeFeFeFeFe:sim00196,0.095420435,0.015976809,0,1,1
r3.0:Fe:cn12:CCCFeFeFeFeFeFeFeFeFe:sim00200,0.08792907,0.0049769031,0,1,1
r3.0:Fe:cn12:CCCFeFeFeFeFeFeFeFeFe:sim00204,0.088894196,0.008101766,0,1,1
r3.0:Fe:cn12:CCCFeFeFeFeFeFeFeFeFe:sim00208,0.11041093,-0.0089753903,0,1,1
r3.0:Fe:cn12:CCCFeFeFeFeFeFeFeFeFe:sim00212,0.11977789,0.0097084166,0,1,1
r3.0:Fe:cn12:CCCFeFeFeFeFeFeFeFeFe:sim00216,0.092990234,0.014439767,0,1,1
r3.0:Fe:cn12:CCCFeFeFeFeFeFeFeFeFe:sim00220,0.091697842,0.011231707,0,1,1
r3.0:Fe:cn12:CCCFeFeFeFeFeFeFeFeFe:sim00224,0.091130979,0.010934751,0,1,1
r3.0:Fe:cn12:CCCFeFeFeFeFeFeFeFeFe:sim00228,0.091257341,0.011477849,0,1,1
r3.0:Fe:cn12:CCCFeFeFeFeFeFeFeFeFe:sim00232,0.087599792,0.0080258548,0,1,1
r3.0:Fe:cn12:CCCFeFeFeFeFeFeFeFeFe:sim00236,0.088008069,0.007456393,0,1,1
r3.0:Fe:cn12:CCCFeFeFeFeFeFeFeFeFe:sim00240,0.095156036,-0.016186669,0,1,1
r3.0:Fe:cn12:CCCFeFeFeFeFeFeFeFeFe:sim00244,0.076298922,-0.023018559,0,1,1
r3.0:Fe:cn12:CCCFeFeFeFeFeFeFeFeFe:sim00248,0.081876628,-0.0027994865,0,1,1
r3.0:Fe:cn12:CCCFeFeFeFeFeFeFeFeFe:sim00252,0.085381068,0.0079849828,0,1,1
r3.0:Fe:cn12:CCCFeFeFeFeFeFeFeFeFe:sim00256,0.076229379,0.021258252,0,1,1
r3.0:Fe:cn12:CCCFeFeFeFeFeFeFeFeFe:sim00260,0.08720544,0.0099140331,0,1,1
r3.0:Fe:cn12:CCCFeFeFeFeFeFeFeFeFe:sim00264,0.092141852,-0.01116197,0,1,1
r3.0:Fe:cn12:CCCFeFeFeFeFeFeFeFeFe:sim00268,0.085887164,0.0093506537,0,1,1
r3.0:Fe:cn12:CCCFeFeFeFeFeFeFeFeFe:sim00272,0.095995128,-0.009501433,0,1,1
r3.0:Fe:cn12:CCCFeFeFeFeFeFeFeFeFe:sim00276,0.09143167,0.011507606,0,1,1
r3.0:Fe:cn12:CCCFeFeFeFeFeFeFeFeFe:sim00280,0.091561772,0.011665748,0,1,1
r3.0:Fe:cn12:CCCFeFeFeFeFeFeFeFeFe:sim00284,0.091524929,0.011756278,0,1,1
r3.0:Fe:cn12:CCCFeFeFeFeFeFeFeFeFe:sim00288,0.060794633,0.035594516,0,1,1
r3.0:Fe:cn12:CCCFeFeFeFeFeFeFeFeFe:sim00292,0.091226555,0.011735094,0,1,1
r3.0:Fe:cn12:CCCFeFeFeFeFeFeFeFeFe:sim00296,0.091211475,0.011397343,0,1,1
r3.0:Fe:cn12:CCCFeFeFeFeFeFeFeFeFe:sim00300,0.086116321,0.034126155,0,1,1
r3.0:Fe:cn12:CCCFeFeFeFeFeFeFeFeFe:sim00304,0.090334885,0.033687558,0,1,1
r3.0:Fe:cn12:CCCFeFeFeFeFeFeFeFeFe:sim00308,0.098810762,0.050766509,0,1,1
r3.0:Fe:cn12:CCCFeFeFeFeFeFeFeFeFe:sim00312,0.097798824,0.0050962488,0,1,1
r3.0:Fe:cn12:CCCFeFeFeFeFeFeFeFeFe:sim00316,0.097716451,0.0052797473,0,1,1
r3.0:Fe:cn12:CCCFeFeFeFeFeFeFeFeFe:sim00320,0.090764619,0.012310808,0,1,1
r3.0:Fe:cn12:CCCFeFeFeFeFeFeFeFeFe:sim00324,0.070438713,0.032460067,0,1,1
r3.0:Fe:cn12:CCCFeFeFeFeFeFeFeFeFe:sim00328,0.081129089,0.0027015375,0,1,1
r3.0:Fe:cn12:CCCFeFeFeFeFeFeFeFeFe:sim00332,0.086161993,0.0084314812,0,1,1
r3.0:Fe:cn12:CCCFeFeFeFeFeFeFeFeFe:sim00336,0.085141107,0.020448692,0,1,1
r3.0:Fe:cn12:CCCFeFeFeFeFeFeFeFeFe:sim00340,0.090648271,0.012713679,0,1,1
r3.0:Fe:cn12:CCCFeFeFeFeFeFeFeFeFe:sim00344,0.091013692,0.012750515,0,1,1
r3.0:Fe:cn12:CCCFeFeFeFeFeFeFeFeFe:sim00348,0.061771519,0.013197502,0,1,1
r3.0:Fe:cn12:CCCFeFeFeFeFeFeFeFeFe:sim00352,0.090814464,0.012706103,0,1,1
r3.0:Fe:cn12:CCCFeFeFeFeFeFeFeFeFe:sim00356,0.08055529,0.0027135692,0,1,1
r3.0:Fe:cn12:CCCFeFeFeFeFeFeFeFeFe:sim00360,0.071215943,0.02297958,0,1,1
r3.0:Fe:cn12:CCCFeFeFeFeFeFeFeFeFe:sim00364,0.057638939,0.011499689,0,1,1
r3.0:Fe:cn12:CCCFeFeFeFeFeFeFeFeFe:sim00368,0.086040638,0.010830089,0,1,1
r3.0:Fe:cn12:CCCFeFeFeFeFeFeFeFeFe:sim00372,0.078489937,-0.0032492257,0,1,1
r3.0:Fe:cn12:CCCFeFeFeFeFeFeFeFeFe:sim00376,0.10560292,0.044845123,0,1,1
r3.0:Fe:cn12:CCCFeFeFeFeFeFeFeFeFe:sim00380,0.095015191,0.015673148,0,1,1
r3.0:Fe:cn12:CCCFeFeFeFeFeFeFeFeFe:sim00384,0.075569272,0.024951762,0,1,1
r3.0:Fe:cn12:CCCFeFeFeFeFeFeFeFeFe:sim00388,0.071450025,0.0071829967,0,1,1
r3.0:Fe:cn12:CCCFeFeFeFeFeFeFeFeFe:sim00392,0.09136574,0.013270534,0,1,1
r3.0:Fe:cn12:CCCFeFeFeFeFeFeFeFeFe:sim00396,0.089920342,0.0054331901,0,1,1
r3.0:Fe:cn12:CCCFeFeFeFeFeFeFeFeFe:sim00400,0.090803169,0.012979927,0,1,1
r3.0:Fe:cn12:CCCFeFeFeFeFeFeFeFeFe:sim00404,0.10366115,0.029810801,0,1,1
r3.0:Fe:cn12:CCCFeFeFeFeFeFeFeFeFe:sim00408,0.11969568,0.0130449,0,1,1
r3.0:Fe:cn12:CCCFeFeFeFeFeFeFeFeFe:sim00412,0.089321792,0.010886522,0,1,1
r3.0:Fe:cn12:CCCFeFeFeFeFeFeFeFeFe:sim00416,0.11028701,0.032142218,0,1,1
r3.0:Fe:cn12:CCCFeFeFeFeFeFeFeFeFe:sim00420,0.069244549,0.0046825176,0,1,1
r3.0:Fe:cn12:CCCFeFeFeFeFeFeFeFeFe:sim00424,0.088510521,0.010364494,0,1,1
r3.0:Fe:cn12:CCCFeFeFeFeFeFeFeFeFe:sim00428,0.08805722,0.010782662,0,1,1
r3.0:Fe:cn12:CCCFeFeFeFeFeFeFeFeFe:sim00432,0.081066199,0.0031784086,0,1,1
r3.0:Fe:cn12:CCCFeFeFeFeFeFeFeFeFe:sim00436,0.11140054,0.034074228,0,1,1
r3.0:Fe:cn12:CCCFeFeFeFeFeFeFeFeFe:sim00440,0.092314906,0.0075491904,0,1,1
r3.0:Fe:cn12:CCCFeFeFeFeFeFeFeFeFe:sim00444,0.081184685,0.0033540493,0,1,1
r3.0:Fe:cn12:CCCFeFeFeFeFeFeFeFeFe:sim00448,0.089168005,0.011318478,0,1,1
r3.0:Fe:cn12:CCCFeFeFeFeFeFeFeFeFe:sim00452,0.10818955,0.004051134,0,1,1
r3.0:Fe:cn12:CCCFeFeFeFeFeFeFeFeFe:sim00456,0.10507033,0.0026077062,0,1,1
r3.0:Fe:cn12:CCCFeFeFeFeFeFeFeFeFe:sim00460,0.092711866,-0.0099314069,0,1,1
r3.0:Fe:cn12:CCCFeFeFeFeFeFeFeFeFe:sim00464,0.11485351,-0.029323902,0,1,1
r3.0:Fe:cn12:CCCFeFeFeFeFeFeFeFeFe:sim00468,0.11063081,-0.018691959,0,1,1
r3.0:Fe:cn12:CCCFeFeFeFeFeFeFeFeFe:sim00472,0.11209728,-0.011800384,0,1,1
r3.0:Fe:cn12:CCCFeFeFeFeFeFeFeFeFe:sim00476,0.090610899,0.031743687,0,1,1
r3.0:Fe:cn12:CCCFeFeFeFeFeFeFeFeFe:sim00480,0.053089682,0.039894372,0,1,1
r3.0:Fe:cn12:CCCFeFeFeFeFeFeFeFeFe:sim00484,0.062111009,0.013250703,0,1,1
r3.0:Fe:cn12:CCCFeFeFeFeFeFeFeFeFe:sim00488,0.062329102,0.013675466,0,1,1
r3.0:Fe:cn12:CCCFeFeFeFeFeFeFeFeFe:sim00492,0.094381519,-0.0142767,0,1,1
r3.0:Fe:cn12:CCCFeFeFeFeFeFeFeFeFe:sim00496,0.090877987,0.012844654,0,1,1
r3.0:Fe:cn12:CCCFeFeFeFeFeFeFeFeFe:sim00500,0.081450656,-0.0023995829,0,1,1
r3.0:Fe:cn12:CCCFeFeFeFeFeFeFeFeFe:sim00504,0.097590618,0.017436376,0,1,1
r3.0:Fe:cn12:CCCFeFeFeFeFeFeFeFeFe:sim00508,0.076980777,-0.025905304,0,1,1
r3.0:Fe:cn12:CCCFeFeFeFeFeFeFeFeFe:sim00512,0.079687066,0.02729097,0,1,1
r3.0:Fe:cn12:CCCFeFeFeFeFeFeFeFeFe:sim00516,0.079337269,0.027384723,0,1,1
r3.0:Fe:cn12:CCCFeFeFeFeFeFeFeFeFe:sim00520,0.069112897,0.015047388,0,1,1
r3.0:Fe:cn12:CCCFeFeFeFeFeFeFeFeFe:sim00524,0.098318003,0.016478652,0,1,1
r3.0:Fe:cn12:CCCFeFeFeFeFeFeFeFeFe:sim00528,0.094416998,0.01471826,0,1,1
r3.0:Fe:cn12:CCCFeFeFeFeFeFeFeFeFe:sim00532,0.088280834,0.013012283,0,1,1
r3.0:Fe:cn12:CCCFeFeFeFeFeFeFeFeFe:sim00536,0.088668816,0.013482857,0,1,1
r3.0:Fe:cn12:CCCFeFeFeFeFeFeFeFeFe:sim00540,0.089206211,0.02474446,0,1,1
r3.0:Fe:cn12:CCCFeFeFeFeFeFeFeFeFe:sim00544,0.10833853,0.0041882535,0,1,1
r3.0:Fe:cn12:CCCFeFeFeFeFeFeFeFeFe:sim00548,0.11269823,-0.016721226,0,1,1
r3.0:Fe:cn12:CCCFeFeFeFeFeFeFeFeFe:sim00552,0.09436813,0.015387211,0,1,1
r3.0:Fe:cn12:CCCFeFeFeFeFeFeFeFeFe:sim00556,0.094057247,0.015057587,0,1,1
r3.0:Fe:cn12:CCCFeFeFeFeFeFeFeFeFe:sim00560,0.094287552,0.01626098,0,1,1
r3.0:Fe:cn12:CCCFeFeFeFeFeFeFeFeFe:sim00564,0.098874338,0.020237895,0,1,1
r3.0:Fe:cn12:CCCFeFeFeFeFeFeFeFeFe:sim00568,0.12352096,-0.0039347867,0,1,1
r3.0:Fe:cn12:CCCFeFeFeFeFeFeFeFeFe:sim00572,0.095489174,0.022930073,0,1,1
r3.0:Fe:cn12:CCCFeFeFeFeFeFeFeFeFe:sim00576,0.096747458,0.017402437,0,1,1
r3.0:Fe:cn12:CCCFeFeFeFeFeFeFeFeFe:sim00580,0.084128134,0.0045641838,0,1,1
r3.0:Fe:cn12:CCCFeFeFeFeFeFeFeFeFe:sim00584,0.093773879,0.014448753,0,1,1
r3.0:Fe:cn12:CCCFeFeFeFeFeFeFeFeFe:sim00588,0.095785238,0.014788269,0,1,1
r3.0:Fe:cn12:CCCFeFeFeFeFeFeFeFeFe:sim00592,0.094176613,0.014788545,0,1,1
r3.0:Fe:cn12:CCCFeFeFeFeFeFeFeFeFe:sim00596,0.094271794,0.014167147,0,1,1
r3.0:Fe:cn12:CCCFeFeFeFeFeFeFeFeFe:sim00600,0.09163636,0.013546715,0,1,1
r3.0:Fe:cn12:CCCFeFeFeFeFeFeFeFeFe:sim00604,0.088602625,0.011427118,0,1,1
r3.0:Fe:cn12:CCCFeFeFeFeFeFeFeFeFe:sim00608,0.09153676,0.012998256,0,1,1
r3.0:Fe:cn12:CCCFeFeFeFeFeFeFeFeFe:sim00612,0.074327819,0.0063427319,0,1,1
r3.0:Fe:cn12:CCCFeFeFeFeFeFeFeFeFe:sim00616,0.063734151,0.021204589,0,1,1
r3.0:Fe:cn12:CCCFeFeFeFeFeFeFeFeFe:sim00620,0.091435447,0.01184373,0,1,1
r3.0:Fe:cn12:CCCFeFeFeFeFeFeFeFeFe:sim00624,0.089941114,0.010330862,0,1,1
r3.0:Fe:cn12:CCCFeFeFeFeFeFeFeFeFe:sim00628,0.095638044,0.013039804,0,1,1
r3.0:Fe:cn12:CCCFeFeFeFeFeFeFeFeFe:sim00632,0.091719456,0.01377681,0,1,1
r3.0:Fe:cn12:CCCFeFeFeFeFeFeFeFeFe:sim00636,0.089106359,0.011484858,0,1,1
r3.0:Fe:cn12:CCCFeFeFeFeFeFeFeFeFe:sim00640,0.11651953,0.013084261,0,1,1
r3.0:Fe:cn12:CCCFeFeFeFeFeFeFeFeFe:sim00644,0.076578751,0.025860379,0,1,1
r3.0:Fe:cn12:CCCFeFeFeFeFeFeFeFeFe:sim00648,0.076178834,-0.024148278,0,1,1
r3.0:Fe:cn12:CCCFeFeFeFeFeFeFeFeFe:sim00652,0.085888468,0.021111991,0,1,1
r3.0:Fe:cn12:CCCFeFeFeFeFeFeFeFeFe:sim00656,0.086085595,0.02094095,0,1,1
r3.0:Fe:cn12:CCCFeFeFeFeFeFeFeFeFe:sim00660,0.091561474,0.013292246,0,1,1
r3.0:Fe:cn12:CCCFeFeFeFeFeFeFeFeFe:sim00664,0.0914331,0.013352592,0,1,1
r3.0:Fe:cn12:CCCFeFeFeFeFeFeFeFeFe:sim00668,0.092120424,0.013620907,0,1,1
r3.0:Fe:cn12:CCCFeFeFeFeFeFeFeFeFe:sim00672,0.096277393,-0.0077650417,0,1,1
r3.0:Fe:cn12:CCCFeFeFeFeFeFeFeFeFe:sim00676,0.091219515,0.012628539,0,1,1
r3.0:Fe:cn12:CCCFeFeFeFeFeFeFeFeFe:sim00680,0.092322335,0.013121532,0,1,1
r3.0:Fe:cn12:CCCFeFeFeFeFeFeFeFeFe:sim00684,0.10471103,0.030288484,0,1,1
r3.0:Fe:cn12:CCCFeFeFeFeFeFeFeFeFe:sim00688,0.074177705,0.0059889555,0,1,1
r3.0:Fe:cn12:CCCFeFeFeFeFeFeFeFeFe:sim00692,0.10620189,0.00082903751,0,1,1
r3.0:Fe:cn12:CCCFeFeFeFeFeFeFeFeFe:sim00696,0.093693852,0.014086102,0,1,1
r3.0:Fe:cn12:CCCFeFeFeFeFeFeFeFeFe:sim00700,0.058085497,0.02096376,0,1,1
r3.0:Fe:cn12:CCCFeFeFeFeFeFeFeFeFe:sim00704,0.087380975,0.02605238,0,1,1
r3.0:Fe:cn12:CCCFeFeFeFeFeFeFeFeFe:sim00708,0.098691165,0.010700203,0,1,1
r3.0:Fe:cn12:CCCFeFeFeFeFeFeFeFeFe:sim00712,0.091394775,0.013259119,0,1,1
r3.0:Fe:cn12:CCCFeFeFeFeFeFeFeFeFe:sim00716,0.091498084,0.013064901,0,1,1
r3.0:Fe:cn12:CCCFeFeFeFeFeFeFeFeFe:sim00720,0.076012336,0.025224451,0,1,1
r3.0:Fe:cn12:CCCFeFeFeFeFeFeFeFeFe:sim00724,0.10060179,0.02322389,0,1,1
r3.0:Fe:cn12:CCCFeFeFeFeFeFeFeFeFe:sim00728,0.079394929,0.026765632,0,1,1
r3.0:Fe:cn12:CCCFeFeFeFeFeFeFeFeFe:sim00732,0.075189225,-0.0022250444,0,1,1
r3.0:Fe:cn12:CCCFeFeFeFeFeFeFeFeFe:sim00736,0.10957262,0.0047083385,0,1,1
r3.0:Fe:cn12:CCCFeFeFeFeFeFeFeFeFe:sim00740,0.071687348,0.033267982,0,1,1
r3.0:Fe:cn12:CCCFeFeFeFeFeFeFeFeFe:sim00744,0.090552665,0.012849274,0,1,1
r3.0:Fe:cn12:CCCFeFeFeFeFeFeFeFeFe:sim00748,0.10620727,0.051975932,0,1,1
r3.0:Fe:cn12:CCCFeFeFeFeFeFeFeFeFe:sim00752,0.082643583,0.013947478,0,1,1
r3.0:Fe:cn12:CCCFeFeFeFeFeFeFeFeFe:sim00756,0.098751687,0.020397298,0,1,1
r3.0:Fe:cn12:CCCFeFeFeFeFeFeFeFeFe:sim00760,0.090880588,0.01265069,0,1,1
r3.0:Fe:cn12:CCCFeFeFeFeFeFeFeFeFe:sim00764,0.091117822,0.012551926,0,1,1
r3.0:Fe:cn12:CCCFeFeFeFeFeFeFeFeFe:sim00768,0.091552041,0.012377207,0,1,1
r3.0:Fe:cn12:CCCFeFeFeFeFeFeFeFeFe:sim00772,0.090095796,0.012645681,0,1,1
r3.0:Fe:cn12:CCCFeFeFeFeFeFeFeFeFe:sim00776,0.11030433,-0.0070992322,0,1,1
r3.0:Fe:cn12:CCCFeFeFeFeFeFeFeFeFe:sim00780,0.090949409,0.013060213,0,1,1
r3.0:Fe:cn12:CCCFeFeFeFeFeFeFeFeFe:sim00784,0.094767459,0.014453596,0,1,1
r3.0:Fe:cn12:CCCFeFeFeFeFeFeFeFeFe:sim00788,0.090272695,0.01354537,0,1,1
r3.0:Fe:cn12:CCCFeFeFeFeFeFeFeFeFe:sim00792,0.089781515,0.012518404,0,1,1
r3.0:Fe:cn12:CCCFeFeFeFeFeFeFeFeFe:sim00796,0.092183039,0.015107911,0,1,1
r3.0:Fe:cn12:CCCFeFeFeFeFeFeFeFeFe:sim00800,0.11695243,0.0087326309,0,1,1
r3.0:Fe:cn12:CCCFeFeFeFeFeFeFeFeFe:sim00804,0.11681835,0.0087684784,0,1,1
r3.0:Fe:cn12:CCCFeFeFeFeFeFeFeFeFe:sim00808,0.11784232,0.0091085946,0,1,1
r3.0:Fe:cn12:CCCFeFeFeFeFeFeFeFeFe:sim00812,0.12051508,0.014918737,0,1,1
r3.0:Fe:cn12:CCCFeFeFeFeFeFeFeFeFe:sim00816,0.11940179,0.013303017,0,1,1
r3.0:Fe:cn12:CCCFeFeFeFeFeFeFeFeFe:sim00820,0.10075299,0.020540522,0,1,1
r3.0:Fe:cn12:CCCFeFeFeFeFeFeFeFeFe:sim00824,0.096134208,0.017723616,0,1,1
r3.0:Fe:cn12:CCCFeFeFeFeFeFeFeFeFe:sim00828,0.09624435,0.018537425,0,1,1
r3.0:Fe:cn12:CCCFeFeFeFeFeFeFeFeFe:sim00832,0.083046779,-0.027728565,0,1,1
r3.0:Fe:cn12:CCCFeFeFeFeFeFeFeFeFe:sim00836,0.12071905,-0.013234141,0,1,1
r3.0:Fe:cn12:CCCFeFeFeFeFeFeFeFeFe:sim00840,0.096744753,0.028885534,0,1,1
r3.0:Fe:cn12:CCCFeFeFeFeFeFeFeFeFe:sim00844,0.12984771,-0.0017497168,0,1,1
r3.0:Fe:cn12:CCCFeFeFeFeFeFeFeFeFe:sim00848,0.11462632,0.0010150668,0,1,1
r3.0:Fe:cn12:CCCFeFeFeFeFeFeFeFeFe:sim00852,0.1221728,0.005385682,0,1,1
r3.0:Fe:cn12:CCCFeFeFeFeFeFeFeFeFe:sim00856,0.12246824,0.0051599802,0,1,1
r3.0:Fe:cn12:CCCFeFeFeFeFeFeFeFeFe:sim00860,0.13137047,-0.002305002,0,1,1
r3.0:Fe:cn12:CCCFeFeFeFeFeFeFeFeFe:sim00864,0.11723401,0.0093600703,0,1,1
r3.0:Fe:cn12:CCCFeFeFeFeFeFeFeFeFe:sim00868,0.11724441,0.016435426,0,1,1
r3.0:Fe:cn12:CCCFeFeFeFeFeFeFeFeFe:sim00872,0.11662053,0.015974483,0,1,1
r3.0:Fe:cn12:CCCFeFeFeFeFeFeFeFeFe:sim00876,0.11698493,0.017362062,0,1,1
r3.0:Fe:cn12:CCCFeFeFeFeFeFeFeFeFe:sim00880,0.11986609,0.011024195,0,1,1
r3.0:Fe:cn12:CCCFeFeFeFeFeFeFeFeFe:sim00884,0.11580242,0.0085623795,0,1,1
r3.0:Fe:cn12:CCCFeFeFeFeFeFeFeFeFe:sim00888,0.10526759,0.02364628,0,1,1
r3.0:Fe:cn12:CCCFeFeFeFeFeFeFeFeFe:sim00892,0.11572374,0.0085993242,0,1,1
r3.0:Fe:cn12:CCCFeFeFeFeFeFeFeFeFe:sim00896,0.11047818,0.0074880258,0,1,1
r3.0:Fe:cn12:CCCFeFeFeFeFeFeFeFeFe:sim00900,0.09552332,0.002711477,0,1,1
r3.0:Fe:cn12:CCCFeFeFeFeFeFeFeFeFe:sim00904,0.10016408,0.0058378908,0,1,1
r3.0:Fe:cn12:CCCFeFeFeFeFeFeFeFeFe:sim00908,0.079851821,0.016418256,0,1,1
r3.0:Fe:cn12:CCCFeFeFeFeFeFeFeFeFe:sim00912,0.097918645,0.022325397,0,1,1
r3.0:Fe:cn12:CCCFeFeFeFeFeFeFeFeFe:sim00916,0.057935249,0.012351993,0,1,1
r3.0:Fe:cn12:CCCFeFeFeFeFeFeFeFeFe:sim00920,0.093450591,0.013675018,0,1,1
r3.0:Fe:cn12:CCCFeFeFeFeFeFeFeFeFe:sim00924,0.11236902,-0.006556835,0,1,1
r3.0:Fe:cn12:CCCFeFeFeFeFeFeFeFeFe:sim00928,0.090992533,0.01082702,0,1,1
r3.0:Fe:cn12:CCCFeFeFeFeFeFeFeFeFe:sim00932,0.11257266,-0.025388554,0,1,1
r3.0:Fe:cn12:CCCFeFeFeFeFeFeFeFeFe:sim00936,0.13481629,-0.01951525,0,1,1
r3.0:Fe:cn12:CCCFeFeFeFeFeFeFeFeFe:sim00940,0.093485504,0.014225382,0,1,1
r3.0:Fe:cn12:CCCFeFeFeFeFeFeFeFeFe:sim00944,0.078246139,0.025905905,0,1,1
r3.0:Fe:cn12:CCCFeFeFeFeFeFeFeFeFe:sim00948,0.093076833,0.013105788,0,1,1
r3.0:Fe:cn12:CCCFeFeFeFeFeFeFeFeFe:sim00952,0.0780387,0.024747012,0,1,1
r3.0:Fe:cn12:CCCFeFeFeFeFeFeFeFeFe:sim00956,0.093256555,0.013294301,0,1,1
r3.0:Fe:cn12:CCCFeFeFeFeFeFeFeFeFe:sim00960,0.10902355,0.03156402,0,1,1
r3.0:Fe:cn12:CCCFeFeFeFeFeFeFeFeFe:sim00964,0.10743655,0.025489004,0,1,1
r3.0:Fe:cn12:CCCFeFeFeFeFeFeFeFeFe:sim00968,0.097033985,0.011647752,0,1,1
r3.0:Fe:cn12:CCCFeFeFeFeFeFeFeFeFe:sim00972,0.099657021,0.01831677,0,1,1
r3.0:Fe:cn12:CCCFeFeFeFeFeFeFeFeFe:sim00976,0.11060714,0.032410536,0,1,1
r3.0:Fe:cn12:CCCFeFeFeFeFeFeFeFeFe:sim00980,0.095265612,0.016017284,0,1,1
r3.0:Fe:cn12:CCCFeFeFeFeFeFeFeFeFe:sim00984,0.092522703,0.01313719,0,1,1
r3.0:Fe:cn12:CCCFeFeFeFeFeFeFeFeFe:sim00988,0.10478566,0.00092374871,0,1,1
r3.0:Fe:cn12:CCCFeFeFeFeFeFeFeFeFe:sim00992,0.089972995,0.035018969,0,1,1
r3.0:Fe:cn12:CCCFeFeFeFeFeFeFeFeFe:sim00996,0.080521867,0.051131953,0,1,1
r3.0:Fe:cn12:CCCFeFeFeFeFeFeFeFeFe:sim01000,0.12518206,-0.020601362,0,1,1
r3.0:Fe:cn12:CCCFeFeFeFeFeFeFeFeFe:sim01004,0.10458928,-0.001546975,0,1,1
r3.0:Fe:cn12:CCCFeFeFeFeFeFeFeFeFe:sim01008,0.12932225,-0.0056357528,0,1,1
r3.0:Fe:cn12:CCCFeFeFeFeFeFeFeFeFe:sim01012,0.10665932,-0.00075174955,0,1,1
r3.0:Fe:cn12:CCCFeFeFeFeFeFeFeFeFe:sim01016,0.11124136,0.0022761724,0,1,1
r3.0:Fe:cn12:CCCFeFeFeFeFeFeFeFeFe:sim01020,0.10629715,-0.0006850005,0,1,1
r3.0:Fe:cn12:CCCFeFeFeFeFeFeFeFeFe:sim01024,0.11009333,-0.027833268,0,1,1
r3.0:Fe:cn12:CCCFeFeFeFeFeFeFeFeFe:sim01028,0.13554677,-0.020588962,0,1,1
r3.0:Fe:cn12:CCCFeFeFeFeFeFeFeFeFe:sim01032,0.09139318,0.012623018,0,1,1
r3.0:Fe:cn12:CCCFeFeFeFeFeFeFeFeFe:sim01036,0.087156311,0.0098590599,0,1,1
r3.0:Fe:cn12:CCCFeFeFeFeFeFeFeFeFe:sim01040,0.10646998,-0.00012745569,0,1,1
r3.0:Fe:cn12:CCCFeFeFeFeFeFeFeFeFe:sim01044,0.10656877,-0.00036982537,0,1,1
r3.0:Fe:cn12:CCCFeFeFeFeFeFeFeFeFe:sim01048,0.07798285,0.00015131191,0,1,1
r3.0:Fe:cn12:CCCFeFeFeFeFeFeFeFeFe:sim01052,0.10626837,-0.00059122732,0,1,1
r3.0:Fe:cn12:CCCFeFeFeFeFeFeFeFeFe:sim01056,0.1065556,0.00091319793,0,1,1
r3.0:Fe:cn12:CCCFeFeFeFeFeFeFeFeFe:sim01060,0.11058507,-0.0090484666,0,1,1
r3.0:Fe:cn12:CCCFeFeFeFeFeFeFeFeFe:sim01064,0.11236961,-0.036901481,0,1,1
r3.0:Fe:cn12:CCCFeFeFeFeFeFeFeFeFe:sim01068,0.12247666,0.0016480123,0,1,1
r3.0:Fe:cn12:CCCFeFeFeFeFeFeFeFeFe:sim01072,0.093916066,-0.01649213,0,1,1
r3.0:Fe:cn12:CCCFeFeFeFeFeFeFeFeFe:sim01076,0.093757764,-0.012061642,0,1,1
r3.0:Fe:cn12:CCCFeFeFeFeFeFeFeFeFe:sim01080,0.1058355,-0.00057555316,0,1,1
r3.0:Fe:cn12:CCCFeFeFeFeFeFeFeFeFe:sim01084,0.10467745,-0.00070386031,0,1,1
r3.0:Fe:cn12:CCCFeFeFeFeFeFeFeFeFe:sim01088,0.10926443,0.0018947815,0,1,1
r3.0:Fe:cn12:CCCFeFeFeFeFeFeFeFeFe:sim01092,0.10672126,-0.00031660323,0,1,1
r3.0:Fe:cn12:CCCFeFeFeFeFeFeFeFeFe:sim01096,0.13590743,-0.00037471822,0,1,1
r3.0:Fe:cn12:CCCFeFeFeFeFeFeFeFeFe:sim01100,0.11150277,0.030505605,0,1,1
r3.0:Fe:cn12:CCCFeFeFeFeFeFeFeFeFe:sim01104,0.093893453,0.026434416,0,1,1
r3.0:Fe:cn12:CCCFeFeFeFeFeFeFeFeFe:sim01108,0.094452336,-0.0087474836,0,1,1
r3.0:Fe:cn12:CCCFeFeFeFeFeFeFeFeFe:sim01112,0.10829447,0.029890796,0,1,1
r3.0:Fe:cn12:CCCFeFeFeFeFeFeFeFeFe:sim01116,0.09791363,0.040605947,0,1,1
r3.0:Fe:cn12:CCCFeFeFeFeFeFeFeFeFe:sim01120,0.11209341,0.03081839,0,1,1
r3.0:Fe:cn12:CCCFeFeFeFeFeFeFeFeFe:sim01124,0.11188971,0.030650981,0,1,1
r3.0:Fe:cn12:CCCFeFeFeFeFeFeFeFeFe:sim01128,0.11012813,0.029600123,0,1,1
r3.0:Fe:cn12:CCCFeFeFeFeFeFeFeFeFe:sim01132,0.11095832,0.031426832,0,1,1
r3.0:Fe:cn12:CCCFeFeFeFeFeFeFeFeFe:sim01136,0.099264905,0.014335142,0,1,1
r3.0:Fe:cn12:CCCFeFeFeFeFeFeFeFeFe:sim01140,0.090488024,0.032695886,0,1,1
r3.0:Fe:cn12:CCCFeFeFeFeFeFeFeFeFe:sim01144,0.11698062,0.033765543,0,1,1
r3.0:Fe:cn12:CCCFeFeFeFeFeFeFeFeFe:sim01148,0.1142257,0.030798404,0,1,1
r3.0:Fe:cn12:CCCFeFeFeFeFeFeFeFeFe:sim01152,0.11155149,0.02940264,0,1,1
r3.0:Fe:cn12:CCCFeFeFeFeFeFeFeFeFe:sim01156,0.10186976,0.019690501,0,1,1
r3.0:Fe:cn12:CCCFeFeFeFeFeFeFeFeFe:sim01160,0.099947996,0.017862255,0,1,1
r3.0:Fe:cn12:CCCFeFeFeFeFeFeFeFeFe:sim01164,0.10953409,0.028450567,0,1,1
r3.0:Fe:cn12:CCCFeFeFeFeFeFeFeFeFe:sim01168,0.10979201,0.028269198,0,1,1
r3.0:Fe:cn12:CCCFeFeFeFeFeFeFeFeFe:sim01172,0.088782668,0.036222469,0,1,1
r3.0:Fe:cn12:CCCFeFeFeFeFeFeFeFeFe:sim01176,0.090084933,0.037813969,0,1,1
r3.0:Fe:cn12:CCCFeFeFeFeFeFeFeFeFe:sim01180,0.11148195,0.030249305,0,1,1
r3.0:Fe:cn12:CCCFeFeFeFeFeFeFeFeFe:sim01184,0.11152112,0.030348033,0,1,1
r3.0:Fe:cn12:CCCFeFeFeFeFeFeFeFeFe:sim01188,0.11143328,0.030566551,0,1,1
r3.0:Fe:cn12:CCCFeFeFeFeFeFeFeFeFe:sim01192,0.0955244,0.034385465,0,1,1
r3.0:Fe:cn12:CCCFeFeFeFeFeFeFeFeFe:sim01196,0.11307021,0.038469609,0,1,1
r3.0:Fe:cn12:CCCFeFeFeFeFeFeFeFeFe:sim01200,0.092508405,0.017669693,0,1,1
r3.0:Fe:cn12:CCCFeFeFeFeFeFeFeFeFe:sim01204,0.1014991,0.020289024,0,1,1
r3.0:Fe:cn12:CCCFeFeFeFeFeFeFeFeFe:sim01208,0.10797025,-0.01613356,0,1,1
r3.0:Fe:cn12:CCCFeFeFeFeFeFeFeFeFe:sim01212,0.097894385,0.017819133,0,1,1
r3.0:Fe:cn12:CCCFeFeFeFeFeFeFeFeFe:sim01216,0.097151048,0.019067926,0,1,1
r3.0:Fe:cn12:CCFeFeFeFeFeFeFeFeFeFe:sim00003,0.14879036,0.016422767,0,1,1
r3.0:Fe:cn12:CCFeFeFeFeFeFeFeFeFeFe:sim00007,0.14791314,0.021242321,0,1,1
r3.0:Fe:cn12:CCFeFeFeFeFeFeFeFeFeFe:sim00011,0.14403374,0.045920338,0,1,1
r3.0:Fe:cn12:CCFeFeFeFeFeFeFeFeFeFe:sim00015,0.13080741,0.034093875,0,1,1
r3.0:Fe:cn12:CCFeFeFeFeFeFeFeFeFeFe:sim00019,0.11331771,0.044102002,0,1,1
r3.0:Fe:cn12:CCFeFeFeFeFeFeFeFeFeFe:sim00023,0.13135853,0.036918972,0,1,1
r3.0:Fe:cn12:CCFeFeFeFeFeFeFeFeFeFe:sim00027,0.13240696,0.039583147,0,1,1
r3.0:Fe:cn12:CCFeFeFeFeFeFeFeFeFeFe:sim00031,0.14112386,0.035990052,0,1,1
r3.0:Fe:cn12:CCFeFeFeFeFeFeFeFeFeFe:sim00035,0.13183387,0.040774122,0,1,1
r3.0:Fe:cn12:CCFeFeFeFeFeFeFeFeFeFe:sim00039,0.14490607,0.07545913,0,1,1
r3.0:Fe:cn12:CCFeFeFeFeFeFeFeFeFeFe:sim00043,0.13180625,0.040686,0,1,1
r3.0:Fe:cn12:CCFeFeFeFeFeFeFeFeFeFe:sim00047,0.13178232,0.041020323,0,1,1
r3.0:Fe:cn12:CCFeFeFeFeFeFeFeFeFeFe:sim00051,0.12168977,0.053918488,0,1,1
r3.0:Fe:cn12:CCFeFeFeFeFeFeFeFeFeFe:sim00055,0.13508424,0.042656984,0,1,1
r3.0:Fe:cn12:CCFeFeFeFeFeFeFeFeFeFe:sim00059,0.13521145,0.042182706,0,1,1
r3.0:Fe:cn12:CCFeFeFeFeFeFeFeFeFeFe:sim00063,0.13682173,0.044092081,0,1,1
r3.0:Fe:cn12:CCFeFeFeFeFeFeFeFeFeFe:sim00067,0.1327225,0.041293621,0,1,1
r3.0:Fe:cn12:CCFeFeFeFeFeFeFeFeFeFe:sim00071,0.13233191,0.04107048,0,1,1
r3.0:Fe:cn12:CCFeFeFeFeFeFeFeFeFeFe:sim00075,0.13128239,0.039078083,0,1,1
r3.0:Fe:cn12:CCFeFeFeFeFeFeFeFeFeFe:sim00079,0.13105424,0.040633332,0,1,1
r3.0:Fe:cn12:CCFeFeFeFeFeFeFeFeFeFe:sim00083,0.14457794,0.027576597,0,1,1
r3.0:Fe:cn12:CCFeFeFeFeFeFeFeFeFeFe:sim00087,0.14400199,0.028733069,0,1,1
r3.0:Fe:cn12:CCFeFeFeFeFeFeFeFeFeFe:sim00091,0.12832995,0.038466137,0,1,1
r3.0:Fe:cn12:CCFeFeFeFeFeFeFeFeFeFe:sim00095,0.13390853,0.041319579,0,1,1
r3.0:Fe:cn12:CCFeFeFeFeFeFeFeFeFeFe:sim00099,0.12981051,0.060394127,0,1,1
r3.0:Fe:cn12:CCFeFeFeFeFeFeFeFeFeFe:sim00103,0.10848451,0.047220822,0,1,1
r3.0:Fe:cn12:CCFeFeFeFeFeFeFeFeFeFe:sim00107,0.13573891,0.025548032,0,1,1
r3.0:Fe:cn12:CCFeFeFeFeFeFeFeFeFeFe:sim00111,0.1229253,0.062240683,0,1,1
r3.0:Fe:cn12:CCFeFeFeFeFeFeFeFeFeFe:sim00115,0.12691842,0.062364407,0,1,1
r3.0:Fe:cn12:CCFeFeFeFeFeFeFeFeFeFe:sim00119,0.1284464,0.07194142,0,1,1
r3.0:Fe:cn12:CCFeFeFeFeFeFeFeFeFeFe:sim00123,0.13882338,0.050302576,0,1,1
r3.0:Fe:cn12:CCFeFeFeFeFeFeFeFeFeFe:sim00127,0.1174737,0.054788306,0,1,1
r3.0:Fe:cn12:CCFeFeFeFeFeFeFeFeFeFe:sim00131,0.11830305,0.056212123,0,1,1
r3.0:Fe:cn12:CCFeFeFeFeFeFeFeFeFeFe:sim00135,0.1261612,0.064297788,0,1,1
r3.0:Fe:cn12:CCFeFeFeFeFeFeFeFeFeFe:sim00139,0.11424527,0.056244683,0,1,1
r3.0:Fe:cn12:CCFeFeFeFeFeFeFeFeFeFe:sim00143,0.10317089,0.018839521,0,1,1
r3.0:Fe:cn12:CCFeFeFeFeFeFeFeFeFeFe:sim00147,0.105319,0.020821011,0,1,1
r3.0:Fe:cn12:CCFeFeFeFeFeFeFeFeFeFe:sim00151,0.10866251,0.045931771,0,1,1
r3.0:Fe:cn12:CCFeFeFeFeFeFeFeFeFeFe:sim00155,0.12204608,0.057957884,0,1,1
r3.0:Fe:cn12:CCFeFeFeFeFeFeFeFeFeFe:sim00159,0.11539979,0.052922655,0,1,1
r3.0:Fe:cn12:CCFeFeFeFeFeFeFeFeFeFe:sim00163,0.13070963,0.055964898,0,1,1
r3.0:Fe:cn12:CCFeFeFeFeFeFeFeFeFeFe:sim00167,0.12214866,0.057838991,0,1,1
r3.0:Fe:cn12:CCFeFeFeFeFeFeFeFeFeFe:sim00171,0.11987303,0.037182279,0,1,1
r3.0:Fe:cn12:CCFeFeFeFeFeFeFeFeFeFe:sim00175,0.11614681,0.054404952,0,1,1
r3.0:Fe:cn12:CCFeFeFeFeFeFeFeFeFeFe:sim00179,0.11735587,0.056341574,0,1,1
r3.0:Fe:cn12:CCFeFeFeFeFeFeFeFeFeFe:sim00183,0.11812343,0.055402949,0,1,1
r3.0:Fe:cn12:CCFeFeFeFeFeFeFeFeFeFe:sim00187,0.11788189,0.055213422,0,1,1
r3.0:Fe:cn12:CCFeFeFeFeFeFeFeFeFeFe:sim00191,0.12257165,0.072207473,0,1,1
r3.0:Fe:cn12:CCFeFeFeFeFeFeFeFeFeFe:sim00195,0.1186901,0.062234342,0,1,1
r3.0:Fe:cn12:CCFeFeFeFeFeFeFeFeFeFe:sim00199,0.12337662,0.043309096,0,1,1
r3.0:Fe:cn12:CCFeFeFeFeFeFeFeFeFeFe:sim00203,0.11536312,0.058092102,0,1,1
r3.0:Fe:cn12:CCFeFeFeFeFeFeFeFeFeFe:sim00207,0.14168634,0.057085034,0,1,1
r3.0:Fe:cn12:CCFeFeFeFeFeFeFeFeFeFe:sim00211,0.11507013,0.058210768,0,1,1
r3.0:Fe:cn12:CCFeFeFeFeFeFeFeFeFeFe:sim00215,0.11547478,0.058103453,0,1,1
r3.0:Fe:cn12:CCFeFeFeFeFeFeFeFeFeFe:sim00219,0.11547931,0.057893284,0,1,1
r3.0:Fe:cn12:CCFeFeFeFeFeFeFeFeFeFe:sim00223,0.094635814,0.062821954,0,1,1
r3.0:Fe:cn12:CCFeFeFeFeFeFeFeFeFeFe:sim00227,0.11539459,0.058003422,0,1,1
r3.0:Fe:cn12:CCFeFeFeFeFeFeFeFeFeFe:sim00231,0.1134303,0.055703104,0,1,1
r3.0:Fe:cn12:CCFeFeFeFeFeFeFeFeFeFe:sim00235,0.10282705,0.045521442,0,1,1
r3.0:Fe:cn12:CCFeFeFeFeFeFeFeFeFeFe:sim00239,0.11271434,0.054896142,0,1,1
r3.0:Fe:cn12:CCFeFeFeFeFeFeFeFeFeFe:sim00243,0.11338374,0.029454987,0,1,1
r3.0:Fe:cn12:CCFeFeFeFeFeFeFeFeFeFe:sim00247,0.12858059,0.014923958,0,1,1
r3.0:Fe:cn12:CCFeFeFeFeFeFeFeFeFeFe:sim00251,0.10959785,0.061158232,0,1,1
r3.0:Fe:cn12:CCFeFeFeFeFeFeFeFeFeFe:sim00255,0.12538575,0.047841907,0,1,1
r3.0:Fe:cn12:CCFeFeFeFeFeFeFeFeFeFe:sim00259,0.11428086,0.057801433,0,1,1
r3.0:Fe:cn12:CCFeFeFeFeFeFeFeFeFeFe:sim00263,0.11207803,0.056879286,0,1,1
r3.0:Fe:cn12:CCFeFeFeFeFeFeFeFeFeFe:sim00267,0.11205724,0.056882672,0,1,1
r3.0:Fe:cn12:CCFeFeFeFeFeFeFeFeFeFe:sim00271,0.11647563,0.053064428,0,1,1
r3.0:Fe:cn12:CCFeFeFeFeFeFeFeFeFeFe:sim00275,0.10459301,0.047915265,0,1,1
r3.0:Fe:cn12:CCFeFeFeFeFeFeFeFeFeFe:sim00279,0.12698629,0.068443909,0,1,1
r3.0:Fe:cn12:CCFeFeFeFeFeFeFeFeFeFe:sim00283,0.11592568,0.059035555,0,1,1
r3.0:Fe:cn12:CCFeFeFeFeFeFeFeFeFeFe:sim00287,0.092703052,0.058529481,0,1,1
r3.0:Fe:cn12:CCFeFeFeFeFeFeFeFeFeFe:sim00291,0.11685732,0.058884092,0,1,1
r3.0:Fe:cn12:CCFeFeFeFeFeFeFeFeFeFe:sim00295,0.1112202,0.055642486,0,1,1
r3.0:Fe:cn12:CCFeFeFeFeFeFeFeFeFeFe:sim00299,0.11789322,0.061648361,0,1,1
r3.0:Fe:cn12:CCFeFeFeFeFeFeFeFeFeFe:sim00303,0.11079645,0.079238392,0,1,1
r3.0:Fe:cn12:CCFeFeFeFeFeFeFeFeFeFe:sim00307,0.10865466,0.065401793,0,1,1
r3.0:Fe:cn12:CCFeFeFeFeFeFeFeFeFeFe:sim00311,0.12254466,0.055057667,0,1,1
r3.0:Fe:cn12:CCFeFeFeFeFeFeFeFeFeFe:sim00315,0.12213004,0.055430409,0,1,1
r3.0:Fe:cn12:CCFeFeFeFeFeFeFeFeFeFe:sim00319,0.1188465,0.052427743,0,1,1
r3.0:Fe:cn12:CCFeFeFeFeFeFeFeFeFeFe:sim00323,0.11461398,0.059130639,0,1,1
r3.0:Fe:cn12:CCFeFeFeFeFeFeFeFeFeFe:sim00327,0.11378984,0.058628261,0,1,1
r3.0:Fe:cn12:CCFeFeFeFeFeFeFeFeFeFe:sim00331,0.11144086,0.0843058,0,1,1
r3.0:Fe:cn12:CCFeFeFeFeFeFeFeFeFeFe:sim00335,0.11532851,0.060137291,0,1,1
r3.0:Fe:cn12:CCFeFeFeFeFeFeFeFeFeFe:sim00339,0.13715471,0.039002284,0,1,1
r3.0:Fe:cn12:CCFeFeFeFeFeFeFeFeFeFe:sim00343,0.11015903,0.07834734,0,1,1
r3.0:Fe:cn12:CCFeFeFeFeFeFeFeFeFeFe:sim00347,0.1398786,0.063572079,0,1,1
r3.0:Fe:cn12:CCFeFeFeFeFeFeFeFeFeFe:sim00351,0.11776061,0.061444264,0,1,1
r3.0:Fe:cn12:CCFeFeFeFeFeFeFeFeFeFe:sim00355,0.11509748,0.059905112,0,1,1
r3.0:Fe:cn12:CCFeFeFeFeFeFeFeFeFeFe:sim00359,0.10237474,0.025455182,0,1,1
r3.0:Fe:cn12:CCFeFeFeFeFeFeFeFeFeFe:sim00363,0.11106692,0.05759811,0,1,1
r3.0:Fe:cn12:CCFeFeFeFeFeFeFeFeFeFe:sim00367,0.11813813,0.061918858,0,1,1
r3.0:Fe:cn12:CCFeFeFeFeFeFeFeFeFeFe:sim00371,0.1151272,0.059954893,0,1,1
r3.0:Fe:cn12:CCFeFeFeFeFeFeFeFeFeFe:sim00375,0.11531136,0.059883505,0,1,1
r3.0:Fe:cn12:CCFeFeFeFeFeFeFeFeFeFe:sim00379,0.099366426,0.057308547,0,1,1
r3.0:Fe:cn12:CCFeFeFeFeFeFeFeFeFeFe:sim00383,0.11463585,0.059736785,0,1,1
r3.0:Fe:cn12:CCFeFeFeFeFeFeFeFeFeFe:sim00387,0.1147436,0.059535276,0,1,1
r3.0:Fe:cn12:CCFeFeFeFeFeFeFeFeFeFe:sim00391,0.11508647,0.059999727,0,1,1
r3.0:Fe:cn12:CCFeFeFeFeFeFeFeFeFeFe:sim00395,0.10374489,0.044977769,0,1,1
r3.0:Fe:cn12:CCFeFeFeFeFeFeFeFeFeFe:sim00399,0.11551426,0.059575263,0,1,1
r3.0:Fe:cn12:CCFeFeFeFeFeFeFeFeFeFe:sim00403,0.11755897,0.062909521,0,1,1
r3.0:Fe:cn12:CCFeFeFeFeFeFeFeFeFeFe:sim00407,0.11612295,0.061189078,0,1,1
r3.0:Fe:cn12:CCFeFeFeFeFeFeFeFeFeFe:sim00411,0.13690889,0.055958051,0,1,1
r3.0:Fe:cn12:CCFeFeFeFeFeFeFeFeFeFe:sim00415,0.10229693,0.072125115,0,1,1
r3.0:Fe:cn12:CCFeFeFeFeFeFeFeFeFeFe:sim00419,0.11256991,0.068275385,0,1,1
r3.0:Fe:cn12:CCFeFeFeFeFeFeFeFeFeFe:sim00423,0.11456428,0.057681128,0,1,1
r3.0:Fe:cn12:CCFeFeFeFeFeFeFeFeFeFe:sim00427,0.10395483,0.048022889,0,1,1
r3.0:Fe:cn12:CCFeFeFeFeFeFeFeFeFeFe:sim00431,0.11082714,0.056588415,0,1,1
r3.0:Fe:cn12:CCFeFeFeFeFeFeFeFeFeFe:sim00435,0.09024141,0.061162286,0,1,1
r3.0:Fe:cn12:CCFeFeFeFeFeFeFeFeFeFe:sim00439,0.11726218,0.062275093,0,1,1
r3.0:Fe:cn12:CCFeFeFeFeFeFeFeFeFeFe:sim00443,0.14145006,0.041733786,0,1,1
r3.0:Fe:cn12:CCFeFeFeFeFeFeFeFeFeFe:sim00447,0.11488382,0.059461817,0,1,1
r3.0:Fe:cn12:CCFeFeFeFeFeFeFeFeFeFe:sim00451,0.13164516,0.052544367,0,1,1
r3.0:Fe:cn12:CCFeFeFeFeFeFeFeFeFeFe:sim00455,0.12647504,0.049369968,0,1,1
r3.0:Fe:cn12:CCFeFeFeFeFeFeFeFeFeFe:sim00459,0.13824213,0.039238546,0,1,1
r3.0:Fe:cn12:CCFeFeFeFeFeFeFeFeFeFe:sim00463,0.11309855,0.043345954,0,1,1
r3.0:Fe:cn12:CCFeFeFeFeFeFeFeFeFeFe:sim00467,0.12612444,0.045339458,0,1,1
r3.0:Fe:cn12:CCFeFeFeFeFeFeFeFeFeFe:sim00471,0.11357174,0.05883798,0,1,1
r3.0:Fe:cn12:CCFeFeFeFeFeFeFeFeFeFe:sim00475,0.11498471,0.060452152,0,1,1
r3.0:Fe:cn12:CCFeFeFeFeFeFeFeFeFeFe:sim00479,0.11531771,0.059436537,0,1,1
r3.0:Fe:cn12:CCFeFeFeFeFeFeFeFeFeFe:sim00483,0.090643592,0.060742032,0,1,1
r3.0:Fe:cn12:CCFeFeFeFeFeFeFeFeFeFe:sim00487,0.1038406,0.050195217,0,1,1
r3.0:Fe:cn12:CCFeFeFeFeFeFeFeFeFeFe:sim00491,0.11455504,0.059024923,0,1,1
r3.0:Fe:cn12:CCFeFeFeFeFeFeFeFeFeFe:sim00495,0.12224531,0.064018391,0,1,1
r3.0:Fe:cn12:CCFeFeFeFeFeFeFeFeFeFe:sim00499,0.11694805,0.059164703,0,1,1
r3.0:Fe:cn12:CCFeFeFeFeFeFeFeFeFeFe:sim00503,0.1182657,0.060509466,0,1,1
r3.0:Fe:cn12:CCFeFeFeFeFeFeFeFeFeFe:sim00507,0.11947839,0.062231425,0,1,1
r3.0:Fe:cn12:CCFeFeFeFeFeFeFeFeFeFe:sim00511,0.10543177,0.072687857,0,1,1
r3.0:Fe:cn12:CCFeFeFeFeFeFeFeFeFeFe:sim00515,0.10098581,0.071189605,0,1,1
r3.0:Fe:cn12:CCFeFeFeFeFeFeFeFeFeFe:sim00519,0.10351104,0.070407055,0,1,1
r3.0:Fe:cn12:CCFeFeFeFeFeFeFeFeFeFe:sim00523,0.11784267,0.060914915,0,1,1
r3.0:Fe:cn12:CCFeFeFeFeFeFeFeFeFeFe:sim00527,0.090373993,0.060209222,0,1,1
r3.0:Fe:cn12:CCFeFeFeFeFeFeFeFeFeFe:sim00531,0.11771228,0.060814437,0,1,1
r3.0:Fe:cn12:CCFeFeFeFeFeFeFeFeFeFe:sim00535,0.11813322,0.06087023,0,1,1
r3.0:Fe:cn12:CCFeFeFeFeFeFeFeFeFeFe:sim00539,0.11794142,0.061276279,0,1,1
r3.0:Fe:cn12:CCFeFeFeFeFeFeFeFeFeFe:sim00543,0.13101947,0.051358342,0,1,1
r3.0:Fe:cn12:CCFeFeFeFeFeFeFeFeFeFe:sim00547,0.13056031,0.051540386,0,1,1
r3.0:Fe:cn12:CCFeFeFeFeFeFeFeFeFeFe:sim00551,0.11541618,0.08265496,0,1,1
r3.0:Fe:cn12:CCFeFeFeFeFeFeFeFeFeFe:sim00555,0.11733942,0.060895402,0,1,1
r3.0:Fe:cn12:CCFeFeFeFeFeFeFeFeFeFe:sim00559,0.11422434,0.059690904,0,1,1
r3.0:Fe:cn12:CCFeFeFeFeFeFeFeFeFeFe:sim00563,0.11398848,0.059600972,0,1,1
r3.0:Fe:cn12:CCFeFeFeFeFeFeFeFeFeFe:sim00567,0.11705324,0.061728101,0,1,1
r3.0:Fe:cn12:CCFeFeFeFeFeFeFeFeFeFe:sim00571,0.11385005,0.057940554,0,1,1
r3.0:Fe:cn12:CCFeFeFeFeFeFeFeFeFeFe:sim00575,0.11817787,0.061080977,0,1,1
r3.0:Fe:cn12:CCFeFeFeFeFeFeFeFeFeFe:sim00579,0.11768205,0.060748573,0,1,1
r3.0:Fe:cn12:CCFeFeFeFeFeFeFeFeFeFe:sim00583,0.11648598,0.088274844,0,1,1
r3.0:Fe:cn12:CCFeFeFeFeFeFeFeFeFeFe:sim00587,0.091875039,0.078286439,0,1,1
r3.0:Fe:cn12:CCFeFeFeFeFeFeFeFeFeFe:sim00591,0.11785894,0.061131608,0,1,1
r3.0:Fe:cn12:CCFeFeFeFeFeFeFeFeFeFe:sim00595,0.11910216,0.067852609,0,1,1
r3.0:Fe:cn12:CCFeFeFeFeFeFeFeFeFeFe:sim00599,0.1178681,0.060873587,0,1,1
r3.0:Fe:cn12:CCFeFeFeFeFeFeFeFeFeFe:sim00603,0.11570618,0.059866749,0,1,1
r3.0:Fe:cn12:CCFeFeFeFeFeFeFeFeFeFe:sim00607,0.11764556,0.06058206,0,1,1
r3.0:Fe:cn12:CCFeFeFeFeFeFeFeFeFeFe:sim00611,0.11165313,0.051782843,0,1,1
r3.0:Fe:cn12:CCFeFeFeFeFeFeFeFeFeFe:sim00615,0.10873892,0.053331424,0,1,1
r3.0:Fe:cn12:CCFeFeFeFeFeFeFeFeFeFe:sim00619,0.10187384,0.049682911,0,1,1
r3.0:Fe:cn12:CCFeFeFeFeFeFeFeFeFeFe:sim00623,0.10512911,0.06965702,0,1,1
r3.0:Fe:cn12:CCFeFeFeFeFeFeFeFeFeFe:sim00627,0.11560409,0.058589779,0,1,1
r3.0:Fe:cn12:CCFeFeFeFeFeFeFeFeFeFe:sim00631,0.12677197,0.048488177,0,1,1
r3.0:Fe:cn12:CCFeFeFeFeFeFeFeFeFeFe:sim00635,0.092721783,0.060178969,0,1,1
r3.0:Fe:cn12:CCFeFeFeFeFeFeFeFeFeFe:sim00639,0.10404655,0.049664941,0,1,1
r3.0:Fe:cn12:CCFeFeFeFeFeFeFeFeFeFe:sim00643,0.1157029,0.059825849,0,1,1
r3.0:Fe:cn12:CCFeFeFeFeFeFeFeFeFeFe:sim00647,0.11554667,0.060033932,0,1,1
r3.0:Fe:cn12:CCFeFeFeFeFeFeFeFeFeFe:sim00651,0.10918148,0.059058554,0,1,1
r3.0:Fe:cn12:CCFeFeFeFeFeFeFeFeFeFe:sim00655,0.12383733,0.055097457,0,1,1
r3.0:Fe:cn12:CCFeFeFeFeFeFeFeFeFeFe:sim00659,0.12237625,0.053625964,0,1,1
r3.0:Fe:cn12:CCFeFeFeFeFeFeFeFeFeFe:sim00663,0.10343527,0.04907383,0,1,1
r3.0:Fe:cn12:CCFeFeFeFeFeFeFeFeFeFe:sim00667,0.11672232,0.06280861,0,1,1
r3.0:Fe:cn12:CCFeFeFeFeFeFeFeFeFeFe:sim00671,0.11556441,0.059856161,0,1,1
r3.0:Fe:cn12:CCFeFeFeFeFeFeFeFeFeFe:sim00675,0.087669663,0.059478529,0,1,1
r3.0:Fe:cn12:CCFeFeFeFeFeFeFeFeFeFe:sim00679,0.11558969,0.059771184,0,1,1
r3.0:Fe:cn12:CCFeFeFeFeFeFeFeFeFeFe:sim00683,0.11694927,0.060177673,0,1,1
r3.0:Fe:cn12:CCFeFeFeFeFeFeFeFeFeFe:sim00687,0.11585597,0.059887584,0,1,1
r3.0:Fe:cn12:CCFeFeFeFeFeFeFeFeFeFe:sim00691,0.12710775,0.074784234,0,1,1
r3.0:Fe:cn12:CCFeFeFeFeFeFeFeFeFeFe:sim00695,0.11609263,0.060059696,0,1,1
r3.0:Fe:cn12:CCFeFeFeFeFeFeFeFeFeFe:sim00699,0.11778516,0.06254784,0,1,1
r3.0:Fe:cn12:CCFeFeFeFeFeFeFeFeFeFe:sim00703,0.11576642,0.051129915,0,1,1
r3.0:Fe:cn12:CCFeFeFeFeFeFeFeFeFeFe:sim00707,0.1081784,0.063202776,0,1,1
r3.0:Fe:cn12:CCFeFeFeFeFeFeFeFeFeFe:sim00711,0.11146165,0.056873661,0,1,1
r3.0:Fe:cn12:CCFeFeFeFeFeFeFeFeFeFe:sim00715,0.11019798,0.058626659,0,1,1
r3.0:Fe:cn12:CCFeFeFeFeFeFeFeFeFeFe:sim00719,0.10456825,0.070817098,0,1,1
r3.0:Fe:cn12:CCFeFeFeFeFeFeFeFeFeFe:sim00723,0.11830515,0.034797043,0,1,1
r3.0:Fe:cn12:CCFeFeFeFeFeFeFeFeFeFe:sim00727,0.11977277,0.040613409,0,1,1
r3.0:Fe:cn12:CCFeFeFeFeFeFeFeFeFeFe:sim00731,0.11105537,0.058043934,0,1,1
r3.0:Fe:cn12:CCFeFeFeFeFeFeFeFeFeFe:sim00735,0.11088585,0.056616537,0,1,1
r3.0:Fe:cn12:CCFeFeFeFeFeFeFeFeFeFe:sim00739,0.10594884,0.055824213,0,1,1
r3.0:Fe:cn12:CCFeFeFeFeFeFeFeFeFeFe:sim00743,0.11457154,0.059430834,0,1,1
r3.0:Fe:cn12:CCFeFeFeFeFeFeFeFeFeFe:sim00747,0.11491297,0.059569206,0,1,1
r3.0:Fe:cn12:CCFeFeFeFeFeFeFeFeFeFe:sim00751,0.10740396,0.061730329,0,1,1
r3.0:Fe:cn12:CCFeFeFeFeFeFeFeFeFeFe:sim00755,0.11406258,0.057598729,0,1,1
r3.0:Fe:cn12:CCFeFeFeFeFeFeFeFeFeFe:sim00759,0.1127463,0.057060666,0,1,1
r3.0:Fe:cn12:CCFeFeFeFeFeFeFeFeFeFe:sim00763,0.12219093,0.046564531,0,1,1
r3.0:Fe:cn12:CCFeFeFeFeFeFeFeFeFeFe:sim00767,0.11519267,0.05925991,0,1,1
r3.0:Fe:cn12:CCFeFeFeFeFeFeFeFeFeFe:sim00771,0.11425009,0.052816022,0,1,1
r3.0:Fe:cn12:CCFeFeFeFeFeFeFeFeFeFe:sim00775,0.14167038,0.041864291,0,1,1
r3.0:Fe:cn12:CCFeFeFeFeFeFeFeFeFeFe:sim00779,0.11518957,0.059600379,0,1,1
r3.0:Fe:cn12:CCFeFeFeFeFeFeFeFeFeFe:sim00783,0.10154416,0.070779882,0,1,1
r3.0:Fe:cn12:CCFeFeFeFeFeFeFeFeFeFe:sim00787,0.12807244,0.050545219,0,1,1
r3.0:Fe:cn12:CCFeFeFeFeFeFeFeFeFeFe:sim00791,0.112996,0.057804365,0,1,1
r3.0:Fe:cn12:CCFeFeFeFeFeFeFeFeFeFe:sim00795,0.11829924,0.061646491,0,1,1
r3.0:Fe:cn12:CCFeFeFeFeFeFeFeFeFeFe:sim00799,0.11408706,0.059125081,0,1,1
r3.0:Fe:cn12:CCFeFeFeFeFeFeFeFeFeFe:sim00803,0.13848568,0.055793669,0,1,1
r3.0:Fe:cn12:CCFeFeFeFeFeFeFeFeFeFe:sim00807,0.13862062,0.055627391,0,1,1
r3.0:Fe:cn12:CCFeFeFeFeFeFeFeFeFeFe:sim00811,0.14133559,0.059351437,0,1,1
r3.0:Fe:cn12:CCFeFeFeFeFeFeFeFeFeFe:sim00815,0.13991246,0.058827002,0,1,1
r3.0:Fe:cn12:CCFeFeFeFeFeFeFeFeFeFe:sim00819,0.14013454,0.058898091,0,1,1
r3.0:Fe:cn12:CCFeFeFeFeFeFeFeFeFeFe:sim00823,0.11560412,0.057194889,0,1,1
r3.0:Fe:cn12:CCFeFeFeFeFeFeFeFeFeFe:sim00827,0.12962639,0.074290708,0,1,1
r3.0:Fe:cn12:CCFeFeFeFeFeFeFeFeFeFe:sim00831,0.11603288,0.01215472,0,1,1
r3.0:Fe:cn12:CCFeFeFeFeFeFeFeFeFeFe:sim00835,0.12845327,0.046320204,0,1,1
r3.0:Fe:cn12:CCFeFeFeFeFeFeFeFeFeFe:sim00839,0.12834504,0.045968577,0,1,1
r3.0:Fe:cn12:CCFeFeFeFeFeFeFeFeFeFe:sim00843,0.13741392,0.055491485,0,1,1
r3.0:Fe:cn12:CCFeFeFeFeFeFeFeFeFeFe:sim00847,0.13001634,0.060289722,0,1,1
r3.0:Fe:cn12:CCFeFeFeFeFeFeFeFeFeFe:sim00851,0.14415509,0.052854583,0,1,1
r3.0:Fe:cn12:CCFeFeFeFeFeFeFeFeFeFe:sim00855,0.13989092,0.049840003,0,1,1
r3.0:Fe:cn12:CCFeFeFeFeFeFeFeFeFeFe:sim00859,0.15203619,0.06107264,0,1,1
r3.0:Fe:cn12:CCFeFeFeFeFeFeFeFeFeFe:sim00863,0.13749608,0.054541312,0,1,1
r3.0:Fe:cn12:CCFeFeFeFeFeFeFeFeFeFe:sim00867,0.13715957,0.054742113,0,1,1
r3.0:Fe:cn12:CCFeFeFeFeFeFeFeFeFeFe:sim00871,0.13020296,0.03076392,0,1,1
r3.0:Fe:cn12:CCFeFeFeFeFeFeFeFeFeFe:sim00875,0.13763614,0.060970865,0,1,1
r3.0:Fe:cn12:CCFeFeFeFeFeFeFeFeFeFe:sim00879,0.1474454,0.071204707,0,1,1
r3.0:Fe:cn12:CCFeFeFeFeFeFeFeFeFeFe:sim00883,0.1373482,0.055411514,0,1,1
r3.0:Fe:cn12:CCFeFeFeFeFeFeFeFeFeFe:sim00887,0.13014543,0.042855229,0,1,1
r3.0:Fe:cn12:CCFeFeFeFeFeFeFeFeFeFe:sim00891,0.1493115,0.06571389,0,1,1
r3.0:Fe:cn12:CCFeFeFeFeFeFeFeFeFeFe:sim00895,0.14161643,0.058008701,0,1,1
r3.0:Fe:cn12:CCFeFeFeFeFeFeFeFeFeFe:sim00899,0.1373985,0.055534661,0,1,1
r3.0:Fe:cn12:CCFeFeFeFeFeFeFeFeFeFe:sim00903,0.1266977,0.057620257,0,1,1
r3.0:Fe:cn12:CCFeFeFeFeFeFeFeFeFeFe:sim00907,0.12052358,0.075805567,0,1,1
r3.0:Fe:cn12:CCFeFeFeFeFeFeFeFeFeFe:sim00911,0.11258823,0.059160721,0,1,1
r3.0:Fe:cn12:CCFeFeFeFeFeFeFeFeFeFe:sim00915,0.14760953,0.068048529,0,1,1
r3.0:Fe:cn12:CCFeFeFeFeFeFeFeFeFeFe:sim00919,0.10971931,0.057158165,0,1,1
r3.0:Fe:cn12:CCFeFeFeFeFeFeFeFeFeFe:sim00923,0.10501664,0.06664674,0,1,1
r3.0:Fe:cn12:CCFeFeFeFeFeFeFeFeFeFe:sim00927,0.11740644,0.060261142,0,1,1
r3.0:Fe:cn12:CCFeFeFeFeFeFeFeFeFeFe:sim00931,0.13817628,0.080545098,0,1,1
r3.0:Fe:cn12:CCFeFeFeFeFeFeFeFeFeFe:sim00935,0.12769806,0.048541743,0,1,1
r3.0:Fe:cn12:CCFeFeFeFeFeFeFeFeFeFe:sim00939,0.13697535,0.03598791,0,1,1
r3.0:Fe:cn12:CCFeFeFeFeFeFeFeFeFeFe:sim00943,0.11695791,0.06005739,0,1,1
r3.0:Fe:cn12:CCFeFeFeFeFeFeFeFeFeFe:sim00947,0.13067217,0.048987512,0,1,1
r3.0:Fe:cn12:CCFeFeFeFeFeFeFeFeFeFe:sim00951,0.09931916,0.065690517,0,1,1
r3.0:Fe:cn12:CCFeFeFeFeFeFeFeFeFeFe:sim00955,0.14077652,0.059995659,0,1,1
r3.0:Fe:cn12:CCFeFeFeFeFeFeFeFeFeFe:sim00959,0.11801426,0.059106842,0,1,1
r3.0:Fe:cn12:CCFeFeFeFeFeFeFeFeFeFe:sim00963,0.11815672,0.060311526,0,1,1
r3.0:Fe:cn12:CCFeFeFeFeFeFeFeFeFeFe:sim00967,0.11797317,0.059684843,0,1,1
r3.0:Fe:cn12:CCFeFeFeFeFeFeFeFeFeFe:sim00971,0.11448236,0.065013468,0,1,1
r3.0:Fe:cn12:CCFeFeFeFeFeFeFeFeFeFe:sim00975,0.13448949,0.050759885,0,1,1
r3.0:Fe:cn12:CCFeFeFeFeFeFeFeFeFeFe:sim00979,0.12114505,0.061801054,0,1,1
r3.0:Fe:cn12:CCFeFeFeFeFeFeFeFeFeFe:sim00983,0.10092379,0.068406038,0,1,1
r3.0:Fe:cn12:CCFeFeFeFeFeFeFeFeFeFe:sim00987,0.11690579,0.06008099,0,1,1
r3.0:Fe:cn12:CCFeFeFeFeFeFeFeFeFeFe:sim00991,0.11091493,0.078009047,0,1,1
r3.0:Fe:cn12:CCFeFeFeFeFeFeFeFeFeFe:sim00995,0.1123236,0.078693628,0,1,1
r3.0:Fe:cn12:CCFeFeFeFeFeFeFeFeFeFe:sim00999,0.11564678,0.078999154,0,1,1
r3.0:Fe:cn12:CCFeFeFeFeFeFeFeFeFeFe:sim01003,0.12829255,0.046789568,0,1,1
r3.0:Fe:cn12:CCFeFeFeFeFeFeFeFeFeFe:sim01007,0.1239955,0.04512769,0,1,1
r3.0:Fe:cn12:CCFeFeFeFeFeFeFeFeFeFe:sim01011,0.14166823,0.031435635,0,1,1
r3.0:Fe:cn12:CCFeFeFeFeFeFeFeFeFeFe:sim01015,0.12888394,0.04663093,0,1,1
r3.0:Fe:cn12:CCFeFeFeFeFeFeFeFeFeFe:sim01019,0.13025311,0.053819232,0,1,1
r3.0:Fe:cn12:CCFeFeFeFeFeFeFeFeFeFe:sim01023,0.12590031,0.037901722,0,1,1
r3.0:Fe:cn12:CCFeFeFeFeFeFeFeFeFeFe:sim01027,0.12885392,0.046976361,0,1,1
r3.0:Fe:cn12:CCFeFeFeFeFeFeFeFeFeFe:sim01031,0.12249991,0.051713903,0,1,1
r3.0:Fe:cn12:CCFeFeFeFeFeFeFeFeFeFe:sim01035,0.11562397,0.058294997,0,1,1
r3.0:Fe:cn12:CCFeFeFeFeFeFeFeFeFeFe:sim01039,0.11592153,0.058651432,0,1,1
r3.0:Fe:cn12:CCFeFeFeFeFeFeFeFeFeFe:sim01043,0.13079149,0.048636723,0,1,1
r3.0:Fe:cn12:CCFeFeFeFeFeFeFeFeFeFe:sim01047,0.12918851,0.047326706,0,1,1
r3.0:Fe:cn12:CCFeFeFeFeFeFeFeFeFeFe:sim01051,0.11570344,0.058315489,0,1,1
r3.0:Fe:cn12:CCFeFeFeFeFeFeFeFeFeFe:sim01055,0.12907252,0.047464821,0,1,1
r3.0:Fe:cn12:CCFeFeFeFeFeFeFeFeFeFe:sim01059,0.12935691,0.048523664,0,1,1
r3.0:Fe:cn12:CCFeFeFeFeFeFeFeFeFeFe:sim01063,0.14173821,0.047778647,0,1,1
r3.0:Fe:cn12:CCFeFeFeFeFeFeFeFeFeFe:sim01067,0.1443487,0.027998393,0,1,1
r3.0:Fe:cn12:CCFeFeFeFeFeFeFeFeFeFe:sim01071,0.11670049,0.013244051,0,1,1
r3.0:Fe:cn12:CCFeFeFeFeFeFeFeFeFeFe:sim01075,0.13214666,0.046887167,0,1,1
r3.0:Fe:cn12:CCFeFeFeFeFeFeFeFeFeFe:sim01079,0.12832053,0.047068,0,1,1
r3.0:Fe:cn12:CCFeFeFeFeFeFeFeFeFeFe:sim01083,0.1155673,0.036603216,0,1,1
r3.0:Fe:cn12:CCFeFeFeFeFeFeFeFeFeFe:sim01087,0.13709903,0.048806254,0,1,1
r3.0:Fe:cn12:CCFeFeFeFeFeFeFeFeFeFe:sim01091,0.12455665,0.046525735,0,1,1
r3.0:Fe:cn12:CCFeFeFeFeFeFeFeFeFeFe:sim01095,0.12911117,0.046988238,0,1,1
r3.0:Fe:cn12:CCFeFeFeFeFeFeFeFeFeFe:sim01099,0.12473644,0.065854207,0,1,1
r3.0:Fe:cn12:CCFeFeFeFeFeFeFeFeFeFe:sim01103,0.11914592,0.086255893,0,1,1
r3.0:Fe:cn12:CCFeFeFeFeFeFeFeFeFeFe:sim01107,0.13395998,0.075729229,0,1,1
r3.0:Fe:cn12:CCFeFeFeFeFeFeFeFeFeFe:sim01111,0.13220468,0.07442981,0,1,1
r3.0:Fe:cn12:CCFeFeFeFeFeFeFeFeFeFe:sim01115,0.14704958,0.063242428,0,1,1
r3.0:Fe:cn12:CCFeFeFeFeFeFeFeFeFeFe:sim01119,0.12237309,0.091674022,0,1,1
r3.0:Fe:cn12:CCFeFeFeFeFeFeFeFeFeFe:sim01123,0.13266161,0.074308231,0,1,1
r3.0:Fe:cn12:CCFeFeFeFeFeFeFeFeFeFe:sim01127,0.14657755,0.10971837,0,1,1
r3.0:Fe:cn12:CCFeFeFeFeFeFeFeFeFeFe:sim01131,0.13337927,0.075347014,0,1,1
r3.0:Fe:cn12:CCFeFeFeFeFeFeFeFeFeFe:sim01135,0.13559255,0.076932572,0,1,1
r3.0:Fe:cn12:CCFeFeFeFeFeFeFeFeFeFe:sim01139,0.1174898,0.059251022,0,1,1
r3.0:Fe:cn12:CCFeFeFeFeFeFeFeFeFeFe:sim01143,0.14145827,0.057930157,0,1,1
r3.0:Fe:cn12:CCFeFeFeFeFeFeFeFeFeFe:sim01147,0.13728707,0.076838613,0,1,1
r3.0:Fe:cn12:CCFeFeFeFeFeFeFeFeFeFe:sim01151,0.12500493,0.065496139,0,1,1
r3.0:Fe:cn12:CCFeFeFeFeFeFeFeFeFeFe:sim01155,0.13420922,0.074632585,0,1,1
r3.0:Fe:cn12:CCFeFeFeFeFeFeFeFeFeFe:sim01159,0.13359077,0.0745719,0,1,1
r3.0:Fe:cn12:CCFeFeFeFeFeFeFeFeFeFe:sim01163,0.13443823,0.067267269,0,1,1
r3.0:Fe:cn12:CCFeFeFeFeFeFeFeFeFeFe:sim01167,0.106336,0.073589653,0,1,1
r3.0:Fe:cn12:CCFeFeFeFeFeFeFeFeFeFe:sim01171,0.090586543,0.080809698,0,1,1
r3.0:Fe:cn12:CCFeFeFeFeFeFeFeFeFeFe:sim01175,0.11325653,0.080313869,0,1,1
r3.0:Fe:cn12:CCFeFeFeFeFeFeFeFeFeFe:sim01179,0.11451585,0.082443632,0,1,1
r3.0:Fe:cn12:CCFeFeFeFeFeFeFeFeFeFe:sim01183,0.13373014,0.075348653,0,1,1
r3.0:Fe:cn12:CCFeFeFeFeFeFeFeFeFeFe:sim01187,0.13554531,0.07622052,0,1,1
r3.0:Fe:cn12:CCFeFeFeFeFeFeFeFeFeFe:sim01191,0.13048439,0.081326216,0,1,1
r3.0:Fe:cn12:CCFeFeFeFeFeFeFeFeFeFe:sim01195,0.13333602,0.082221128,0,1,1
r3.0:Fe:cn12:CCFeFeFeFeFeFeFeFeFeFe:sim01199,0.13186701,0.081359237,0,1,1
r3.0:Fe:cn12:CCFeFeFeFeFeFeFeFeFeFe:sim01203,0.12488495,0.065953858,0,1,1
r3.0:Fe:cn12:CCFeFeFeFeFeFeFeFeFeFe:sim01207,0.12531769,0.065714769,0,1,1
r3.0:Fe:cn12:CCFeFeFeFeFeFeFeFeFeFe:sim01211,0.11921793,0.064104289,0,1,1
r3.0:Fe:cn12:CCFeFeFeFeFeFeFeFeFeFe:sim01215,0.12125368,0.06346187,0,1,1
r3.0:Fe:cn12:CCFeFeFeFeFeFeFeFeFeFe:sim01219,0.12244631,0.064958692,0,1,1
r3.0:Fe:cn12:CCFeFeFeFeFeFeFeFeFeFe:sim01223,0.1025162,0.068711579,0,1,1
r3.0:Fe:cn12:CCFeFeFeFeFeFeFeFeFeFe:sim01227,0.12484645,0.064761281,0,1,1
r3.0:Fe:cn12:CCFeFeFeFeFeFeFeFeFeFe:sim01231,0.12485857,0.066078626,0,1,1
r3.0:Fe:cn12:CCFeFeFeFeFeFeFeFeFeFe:sim01235,0.12378394,0.065410122,0,1,1
r3.0:Fe:cn12:CCFeFeFeFeFeFeFeFeFeFe:sim01239,0.12807694,0.066001944,0,1,1
r3.0:Fe:cn12:CCFeFeFeFeFeFeFeFeFeFe:sim01243,0.12312826,0.06350138,0,1,1
r3.0:Fe:cn12:CCFeFeFeFeFeFeFeFeFeFe:sim01247,0.11069562,0.070699386,0,1,1
r3.0:Fe:cn12:CCFeFeFeFeFeFeFeFeFeFe:sim01251,0.11974536,0.063977323,0,1,1
r3.0:Fe:cn12:CCFeFeFeFeFeFeFeFeFeFe:sim01255,0.13897479,0.052094426,0,1,1
r3.0:Fe:cn12:CCFeFeFeFeFeFeFeFeFeFe:sim01259,0.12490053,0.066033646,0,1,1
r3.0:Fe:cn12:CCFeFeFeFeFeFeFeFeFeFe:sim01263,0.1159168,0.056815777,0,1,1
r3.0:Fe:cn12:CCFeFeFeFeFeFeFeFeFeFe:sim01267,0.12326782,0.065196037,0,1,1
r3.0:Fe:cn12:CCFeFeFeFeFeFeFeFeFeFe:sim01271,0.12575382,0.060836598,0,1,1
r3.0:Fe:cn12:CCFeFeFeFeFeFeFeFeFeFe:sim01275,0.11595592,0.056630116,0,1,1
r3.0:Fe:cn12:CCFeFeFeFeFeFeFeFeFeFe:sim01279,0.11321732,0.055668157,0,1,1
r3.0:Fe:cn12:CCFeFeFeFeFeFeFeFeFeFe:sim01283,0.11808415,0.058038384,0,1,1
r3.0:Fe:cn12:CCFeFeFeFeFeFeFeFeFeFe:sim01287,0.11618664,0.057276867,0,1,1
r3.0:Fe:cn12:CCFeFeFeFeFeFeFeFeFeFe:sim01291,0.1248983,0.066005304,0,1,1
r3.0:Fe:cn12:CCFeFeFeFeFeFeFeFeFeFe:sim01295,0.12062354,0.063420616,0,1,1
r3.0:Fe:cn12:CCFeFeFeFeFeFeFeFeFeFe:sim01299,0.12506516,0.066058122,0,1,1
r3.0:Fe:cn12:CCFeFeFeFeFeFeFeFeFeFe:sim01303,0.12390133,0.065689355,0,1,1
r3.0:Fe:cn12:CCFeFeFeFeFeFeFeFeFeFe:sim01307,0.10931996,0.053795695,0,1,1
r3.0:Fe:cn12:CCFeFeFeFeFeFeFeFeFeFe:sim01311,0.12373171,0.06576056,0,1,1
r3.0:Fe:cn12:CCFeFeFeFeFeFeFeFeFeFe:sim01315,0.12297477,0.065977767,0,1,1
r3.0:Fe:cn12:CCFeFeFeFeFeFeFeFeFeFe:sim01319,0.12401699,0.065932103,0,1,1
r3.0:Fe:cn12:CCFeFeFeFeFeFeFeFeFeFe:sim01323,0.12380757,0.065894574,0,1,1
r3.0:Fe:cn12:CCFeFeFeFeFeFeFeFeFeFe:sim01327,0.12381954,0.065754987,0,1,1
r3.0:Fe:cn12:CCFeFeFeFeFeFeFeFeFeFe:sim01331,0.12819169,0.067211181,0,1,1
r3.0:Fe:cn12:CCFeFeFeFeFeFeFeFeFeFe:sim01335,0.12445749,0.064164966,0,1,1
r3.0:Fe:cn12:CCFeFeFeFeFeFeFeFeFeFe:sim01339,0.1203063,0.062901199,0,1,1
r3.0:Fe:cn12:CCFeFeFeFeFeFeFeFeFeFe:sim01343,0.1239399,0.065924682,0,1,1
r3.0:Fe:cn12:CCFeFeFeFeFeFeFeFeFeFe:sim01347,0.13525039,0.080586411,0,1,1
r3.0:Fe:cn12:CCFeFeFeFeFeFeFeFeFeFe:sim01351,0.12349088,0.065361716,0,1,1
r3.0:Fe:cn12:CCFeFeFeFeFeFeFeFeFeFe:sim01355,0.11955737,0.084652402,0,1,1
r3.0:Fe:cn12:CCFeFeFeFeFeFeFeFeFeFe:sim01359,0.12392168,0.065862663,0,1,1
r3.0:Fe:cn12:CCFeFeFeFeFeFeFeFeFeFe:sim01363,0.11350027,0.057325065,0,1,1
r3.0:Fe:cn12:CCFeFeFeFeFeFeFeFeFeFe:sim01367,0.11256758,0.050580546,0,1,1
r3.0:Fe:cn12:CCFeFeFeFeFeFeFeFeFeFe:sim01371,0.097050048,0.064574048,0,1,1
r3.0:Fe:cn12:CCFeFeFeFeFeFeFeFeFeFe:sim01375,0.10689232,0.075502202,0,1,1
r3.0:Fe:cn12:CCFeFeFeFeFeFeFeFeFeFe:sim01379,0.081303462,0.064322419,0,1,1
r3.0:Fe:cn12:CCFeFeFeFeFeFeFeFeFeFe:sim01383,0.12369429,0.065784849,0,1,1
r3.0:Fe:cn12:CCFeFeFeFeFeFeFeFeFeFe:sim01387,0.14278924,0.059676506,0,1,1
r3.0:Fe:cn12:CCFeFeFeFeFeFeFeFeFeFe:sim01391,0.11916697,0.064893417,0,1,1
r3.0:Fe:cn12:CCFeFeFeFeFeFeFeFeFeFe:sim01395,0.10987943,0.05214978,0,1,1
r3.0:Fe:cn12:CCFeFeFeFeFeFeFeFeFeFe:sim01399,0.11926638,0.064297587,0,1,1
r3.0:Fe:cn12:CCFeFeFeFeFeFeFeFeFeFe:sim01403,0.089738049,0.032543622,0,1,1
r3.0:Fe:cn12:CCFeFeFeFeFeFeFeFeFeFe:sim01407,0.09066736,0.033814017,0,1,1
r3.0:Fe:cn12:CCFeFeFeFeFeFeFeFeFeFe:sim01411,0.1140427,0.033412866,0,1,1
r3.0:Fe:cn12:CCFeFeFeFeFeFeFeFeFeFe:sim01415,0.091711201,0.037129007,0,1,1
r3.0:Fe:cn12:CCFeFeFeFeFeFeFeFeFeFe:sim01419,0.074695088,0.055363737,0,1,1
r3.0:Fe:cn12:CCFeFeFeFeFeFeFeFeFeFe:sim01423,0.11429072,0.034550525,0,1,1
r3.0:Fe:cn12:CCFeFeFeFeFeFeFeFeFeFe:sim01427,0.11231562,0.032152243,0,1,1
r3.0:Fe:cn12:CCFeFeFeFeFeFeFeFeFeFe:sim01431,0.11086746,0.03081106,0,1,1
r3.0:Fe:cn12:CCFeFeFeFeFeFeFeFeFeFe:sim01435,0.086366773,0.032817889,0,1,1
r3.0:Fe:cn12:CCFeFeFeFeFeFeFeFeFeFe:sim01439,0.11343469,0.03409645,0,1,1
r3.0:Fe:cn12:CCFeFeFeFeFeFeFeFeFeFe:sim01443,0.13897997,0.014289432,0,1,1
r3.0:Fe:cn12:CCFeFeFeFeFeFeFeFeFeFe:sim01447,0.11228655,0.032296386,0,1,1
r3.0:Fe:cn12:CCFeFeFeFeFeFeFeFeFeFe:sim01451,0.11464787,0.033769269,0,1,1
r3.0:Fe:cn12:CCFeFeFeFeFeFeFeFeFeFe:sim01455,0.11215001,0.031949017,0,1,1
r3.0:Fe:cn12:CCFeFeFeFeFeFeFeFeFeFe:sim01459,0.11507098,0.032916434,0,1,1
r3.0:Fe:cn12:CCFeFeFeFeFeFeFeFeFeFe:sim01463,0.11541405,0.016741183,0,1,1
r3.0:Fe:cn12:CCFeFeFeFeFeFeFeFeFeFe:sim01467,0.11595672,0.033061948,0,1,1
r3.0:Fe:cn12:CCFeFeFeFeFeFeFeFeFeFe:sim01471,0.1122115,0.032056697,0,1,1
r3.0:Fe:cn12:CCFeFeFeFeFeFeFeFeFeFe:sim01475,0.12584117,0.021223204,0,1,1
r3.0:Fe:cn12:CCFeFeFeFeFeFeFeFeFeFe:sim01479,0.11360506,0.027204381,0,1,1
r3.0:Fe:cn12:CCFeFeFeFeFeFeFeFeFeFe:sim01483,0.098749056,0.042846225,0,1,1
r3.0:Fe:cn12:CCFeFeFeFeFeFeFeFeFeFe:sim01487,0.11565882,0.007664633,0,1,1
r3.0:Fe:cn12:CCFeFeFeFeFeFeFeFeFeFe:sim01491,0.10672422,0.029086493,0,1,1
r3.0:Fe:cn12:CCFeFeFeFeFeFeFeFeFeFe:sim01495,0.11378854,0.03367582,0,1,1
r3.0:Fe:cn12:CCFeFeFeFeFeFeFeFeFeFe:sim01499,0.10837495,0.029636696,0,1,1
r3.0:Fe:cn12:CCFeFeFeFeFeFeFeFeFeFe:sim01503,0.12485239,0.066058524,0,1,1
r3.0:Fe:cn12:CCFeFeFeFeFeFeFeFeFeFe:sim01507,0.1163501,0.057442643,0,1,1
r3.0:Fe:cn12:CCFeFeFeFeFeFeFeFeFeFe:sim01511,0.11333461,0.056243267,0,1,1
r3.0:Fe:cn12:CCFeFeFeFeFeFeFeFeFeFe:sim01515,0.11216473,0.055486221,0,1,1
r3.0:Fe:cn12:CCFeFeFeFeFeFeFeFeFeFe:sim01519,0.11485611,0.054957312,0,1,1
r3.0:Fe:cn12:CCFeFeFeFeFeFeFeFeFeFe:sim01523,0.12446144,0.065979682,0,1,1
r3.0:Fe:cn12:CCFeFeFeFeFeFeFeFeFeFe:sim01527,0.12049012,0.064256333,0,1,1
r3.0:Fe:cn12:CCFeFeFeFeFeFeFeFeFeFe:sim01531,0.14170364,0.047383733,0,1,1
r3.0:Fe:cn12:CCFeFeFeFeFeFeFeFeFeFe:sim01535,0.14205337,0.047518529,0,1,1
r3.0:Fe:cn12:CCFeFeFeFeFeFeFeFeFeFe:sim01539,0.14165743,0.047883097,0,1,1
r3.0:Fe:cn12:CCFeFeFeFeFeFeFeFeFeFe:sim01543,0.13325734,0.073482469,0,1,1
r3.0:Fe:cn12:CCFeFeFeFeFeFeFeFeFeFe:sim01547,0.1234396,0.064280003,0,1,1
r3.0:Fe:cn12:CCFeFeFeFeFeFeFeFeFeFe:sim01551,0.12059761,0.085142843,0,1,1
r3.0:Fe:cn12:CCFeFeFeFeFeFeFeFeFeFe:sim01555,0.12607174,0.067371972,0,1,1
r3.0:Fe:cn12:CCFeFeFeFeFeFeFeFeFeFe:sim01559,0.12472779,0.066094629,0,1,1
r3.0:Fe:cn12:CCFeFeFeFeFeFeFeFeFeFe:sim01563,0.11077004,0.047640048,0,1,1
r3.0:Fe:cn12:CCFeFeFeFeFeFeFeFeFeFe:sim01567,0.11570016,0.058200113,0,1,1
r3.0:Fe:cn12:CCFeFeFeFeFeFeFeFeFeFe:sim01571,0.12434793,0.065681547,0,1,1
r3.0:Fe:cn12:CCFeFeFeFeFeFeFeFeFeFe:sim01575,0.12473228,0.06574697,0,1,1
r3.0:Fe:cn12:CCFeFeFeFeFeFeFeFeFeFe:sim01579,0.13026981,0.068554729,0,1,1
r3.0:Fe:cn12:CCFeFeFeFeFeFeFeFeFeFe:sim01583,0.11938198,0.08538726,0,1,1
r3.0:Fe:cn12:CCFeFeFeFeFeFeFeFeFeFe:sim01587,0.11331176,0.052152231,0,1,1
r3.0:Fe:cn12:CCFeFeFeFeFeFeFeFeFeFe:sim01591,0.10911004,0.064293332,0,1,1
r3.0:Fe:cn12:CCFeFeFeFeFeFeFeFeFeFe:sim01595,0.12559785,0.07293123,0,1,1
r3.0:Fe:cn12:CCFeFeFeFeFeFeFeFeFeFe:sim01599,0.12445927,0.066243097,0,1,1
r3.0:Fe:cn12:CCFeFeFeFeFeFeFeFeFeFe:sim01603,0.12027706,0.059789609,0,1,1
r3.0:Fe:cn12:CCFeFeFeFeFeFeFeFeFeFe:sim01607,0.12020519,0.059874255,0,1,1
r3.0:Fe:cn12:CCFeFeFeFeFeFeFeFeFeFe:sim01611,0.12680395,0.094981246,0,1,1
r3.0:Fe:cn12:CCFeFeFeFeFeFeFeFeFeFe:sim01615,0.14248948,0.086579442,0,1,1
r3.0:Fe:cn12:CCFeFeFeFeFeFeFeFeFeFe:sim01619,0.13555932,0.082880601,0,1,1
r3.0:Fe:cn12:CCFeFeFeFeFeFeFeFeFeFe:sim01623,0.12988028,0.067631476,0,1,1
r3.0:Fe:cn12:CCFeFeFeFeFeFeFeFeFeFe:sim01627,0.14204967,0.05744458,0,1,1
r3.0:Fe:cn12:CCFeFeFeFeFeFeFeFeFeFe:sim01631,0.14584394,0.054566447,0,1,1
r3.0:Fe:cn12:CCFeFeFeFeFeFeFeFeFeFe:sim01635,0.13502552,0.065411881,0,1,1
r3.0:Fe:cn12:CCFeFeFeFeFeFeFeFeFeFe:sim01639,0.13594967,0.065225668,0,1,1
r3.0:Fe:cn12:CCFeFeFeFeFeFeFeFeFeFe:sim01643,0.12875503,0.06767232,0,1,1
r3.0:Fe:cn12:CCFeFeFeFeFeFeFeFeFeFe:sim01647,0.12388544,0.067933634,0,1,1
r3.0:Fe:cn12:CCFeFeFeFeFeFeFeFeFeFe:sim01651,0.11858211,0.079911225,0,1,1
r3.0:Fe:cn12:CCFeFeFeFeFeFeFeFeFeFe:sim01655,0.15713929,0.068196245,0,1,1
r3.0:Fe:cn12:CCFeFeFeFeFeFeFeFeFeFe:sim01659,0.11665078,0.078802072,0,1,1
r3.0:Fe:cn12:CCFeFeFeFeFeFeFeFeFeFe:sim01663,0.11974442,0.059496727,0,1,1
r3.0:Fe:cn12:CCFeFeFeFeFeFeFeFeFeFe:sim01667,0.12950984,0.070603661,0,1,1
r3.0:Fe:cn12:CCFeFeFeFeFeFeFeFeFeFe:sim01671,0.12796849,0.067149103,0,1,1
r3.0:Fe:cn12:CCFeFeFeFeFeFeFeFeFeFe:sim01675,0.13383666,0.064762779,0,1,1
r3.0:Fe:cn12:CCFeFeFeFeFeFeFeFeFeFe:sim01679,0.12908706,0.068439394,0,1,1
r3.0:Fe:cn12:CCFeFeFeFeFeFeFeFeFeFe:sim01683,0.12897158,0.069038458,0,1,1
r3.0:Fe:cn12:CCFeFeFeFeFeFeFeFeFeFe:sim01687,0.12911369,0.068987161,0,1,1
r3.0:Fe:cn12:CCFeFeFeFeFeFeFeFeFeFe:sim01691,0.1424364,0.08395163,0,1,1
r3.0:Fe:cn12:CCFeFeFeFeFeFeFeFeFeFe:sim01695,0.1268326,0.066134803,0,1,1
r3.0:Fe:cn12:CCFeFeFeFeFeFeFeFeFeFe:sim01699,0.13018419,0.070153087,0,1,1
r3.0:Fe:cn12:CCFeFeFeFeFeFeFeFeFeFe:sim01703,0.12020615,0.062868431,0,1,1
r3.0:Fe:cn12:CCFeFeFeFeFeFeFeFeFeFe:sim01707,0.10787795,0.063075326,0,1,1
r3.0:Fe:cn12:CCFeFeFeFeFeFeFeFeFeFe:sim01711,0.096533917,0.08440049,0,1,1
r3.0:Fe:cn12:CCFeFeFeFeFeFeFeFeFeFe:sim01715,0.10073756,0.06599921,0,1,1
r3.0:Fe:cn12:CCFeFeFeFeFeFeFeFeFeFe:sim01719,0.096713878,0.064213179,0,1,1
r3.0:Fe:cn12:CCFeFeFeFeFeFeFeFeFeFe:sim01723,0.12635688,0.040923428,0,1,1
r3.0:Fe:cn12:CCFeFeFeFeFeFeFeFeFeFe:sim01727,0.12660912,0.040653981,0,1,1
r3.0:Fe:cn12:CCFeFeFeFeFeFeFeFeFeFe:sim01731,0.13195974,0.049028818,0,1,1
r3.0:Fe:cn12:CCFeFeFeFeFeFeFeFeFeFe:sim01735,0.12890112,0.069345869,0,1,1
r3.0:Fe:cn12:CCFeFeFeFeFeFeFeFeFeFe:sim01739,0.119329,0.065872654,0,1,1
r3.0:Fe:cn12:CCFeFeFeFeFeFeFeFeFeFe:sim01743,0.12307502,0.06405884,0,1,1
r3.0:Fe:cn12:CCFeFeFeFeFeFeFeFeFeFe:sim01747,0.12316706,0.065262735,0,1,1
r3.0:Fe:cn12:CCFeFeFeFeFeFeFeFeFeFe:sim01751,0.11664853,0.069864519,0,1,1
r3.0:Fe:cn12:CCFeFeFeFeFeFeFeFeFeFe:sim01755,0.12339871,0.065695114,0,1,1
r3.0:Fe:cn12:CCFeFeFeFeFeFeFeFeFeFe:sim01759,0.12274864,0.065211691,0,1,1
r3.0:Fe:cn12:CCFeFeFeFeFeFeFeFeFeFe:sim01763,0.13693981,0.05537628,0,1,1
r3.0:Fe:cn12:CCFeFeFeFeFeFeFeFeFeFe:sim01767,0.12434006,0.066600576,0,1,1
r3.0:Fe:cn12:CCFeFeFeFeFeFeFeFeFeFe:sim01771,0.13767706,0.057723343,0,1,1
r3.0:Fe:cn12:CCFeFeFeFeFeFeFeFeFeFe:sim01775,0.14860235,0.045718651,0,1,1
r3.0:Fe:cn12:CCFeFeFeFeFeFeFeFeFeFe:sim01779,0.1380599,0.055384386,0,1,1
r3.0:Fe:cn12:CCFeFeFeFeFeFeFeFeFeFe:sim01783,0.1040365,0.080968797,0,1,1
r3.0:Fe:cn12:CCFeFeFeFeFeFeFeFeFeFe:sim01787,0.13208617,0.056515019,0,1,1
r3.0:Fe:cn12:CCFeFeFeFeFeFeFeFeFeFe:sim01791,0.1233299,0.066158772,0,1,1
r3.0:Fe:cn12:CCFeFeFeFeFeFeFeFeFeFe:sim01795,0.12441901,0.067202248,0,1,1
r3.0:Fe:cn12:CCFeFeFeFeFeFeFeFeFeFe:sim01799,0.12456244,0.067556635,0,1,1
r3.0:Fe:cn12:CCFeFeFeFeFeFeFeFeFeFe:sim01803,0.12318567,0.064571932,0,1,1
r3.0:Fe:cn12:CCFeFeFeFeFeFeFeFeFeFe:sim01807,0.12308334,0.065505952,0,1,1
r3.0:Fe:cn12:CCFeFeFeFeFeFeFeFeFeFe:sim01811,0.12511237,0.066159837,0,1,1
r3.0:Fe:cn12:CCFeFeFeFeFeFeFeFeFeFe:sim01815,0.12641639,0.067766145,0,1,1
r3.0:Fe:cn12:CCFeFeFeFeFeFeFeFeFeFe:sim01819,0.12490401,0.065950356,0,1,1
r3.0:Fe:cn12:CCFeFeFeFeFeFeFeFeFeFe:sim01823,0.12633336,0.078792512,0,1,1
r3.0:Fe:cn12:CCFeFeFeFeFeFeFeFeFeFe:sim01827,0.12349981,0.07793054,0,1,1
r3.0:Fe:cn12:CCFeFeFeFeFeFeFeFeFeFe:sim01831,0.11264864,0.032252107,0,1,1
r3.0:Fe:cn12:CCFeFeFeFeFeFeFeFeFeFe:sim01835,0.12801333,0.066921845,0,1,1
r3.0:Fe:cn12:CCFeFeFeFeFeFeFeFeFeFe:sim01839,0.12284879,0.060700785,0,1,1
r3.0:Fe:cn12:CCFeFeFeFeFeFeFeFeFeFe:sim01843,0.12479495,0.065883197,0,1,1
r3.0:Fe:cn12:CCFeFeFeFeFeFeFeFeFeFe:sim01847,0.1180499,0.0704486,0,1,1
r3.0:Fe:cn12:CCFeFeFeFeFeFeFeFeFeFe:sim01851,0.15002987,0.065307029,0,1,1
r3.0:Fe:cn12:CCFeFeFeFeFeFeFeFeFeFe:sim01855,0.1464396,0.062803037,0,1,1
r3.0:Fe:cn12:CCFeFeFeFeFeFeFeFeFeFe:sim01859,0.13701338,0.076289833,0,1,1
r3.0:Fe:cn12:CCFeFeFeFeFeFeFeFeFeFe:sim01863,0.12478776,0.064654976,0,1,1
r3.0:Fe:cn12:CCFeFeFeFeFeFeFeFeFeFe:sim01867,0.12995444,0.068933889,0,1,1
r3.0:Fe:cn12:CCFeFeFeFeFeFeFeFeFeFe:sim01871,0.11080691,0.03129188,0,1,1
r3.0:Fe:cn12:CCFeFeFeFeFeFeFeFeFeFe:sim01875,0.12480564,0.066040561,0,1,1
r3.0:Fe:cn12:CCFeFeFeFeFeFeFeFeFeFe:sim01879,0.1289649,0.074058466,0,1,1
r3.0:Fe:cn12:CCFeFeFeFeFeFeFeFeFeFe:sim01883,0.12433173,0.065792061,0,1,1
r3.0:Fe:cn12:CCFeFeFeFeFeFeFeFeFeFe:sim01887,0.1128587,0.049999136,0,1,1
r3.0:Fe:cn12:CCFeFeFeFeFeFeFeFeFeFe:sim01891,0.1363135,0.07618656,0,1,1
r3.0:Fe:cn12:CCFeFeFeFeFeFeFeFeFeFe:sim01895,0.10297972,0.069047019,0,1,1
r3.0:Fe:cn12:CCFeFeFeFeFeFeFeFeFeFe:sim01899,0.12449405,0.065854482,0,1,1
r3.0:Fe:cn12:CCFeFeFeFeFeFeFeFeFeFe:sim01903,0.12217051,0.09798187,0,1,1
r3.0:Fe:cn12:CCFeFeFeFeFeFeFeFeFeFe:sim01907,0.12696981,0.1261837,0,1,1
r3.0:Fe:cn12:CCFeFeFeFeFeFeFeFeFeFe:sim01911,0.13778028,0.063707545,0,1,1
r3.0:Fe:cn12:CCFeFeFeFeFeFeFeFeFeFe:sim01915,0.15233977,0.074014798,0,1,1
r3.0:Fe:cn12:CCFeFeFeFeFeFeFeFeFeFe:sim01919,0.11011472,0.08451239,0,1,1
r3.0:Fe:cn12:CCFeFeFeFeFeFeFeFeFeFe:sim01923,0.12472636,0.059794638,0,1,1
r3.0:Fe:cn12:CCFeFeFeFeFeFeFeFeFeFe:sim01927,0.11103714,0.0716113,0,1,1
r3.0:Fe:cn12:CCFeFeFeFeFeFeFeFeFeFe:sim01931,0.11967511,0.064377367,0,1,1
r3.0:Fe:cn12:CCFeFeFeFeFeFeFeFeFeFe:sim01935,0.1331352,0.076577224,0,1,1
r3.0:Fe:cn12:CCFeFeFeFeFeFeFeFeFeFe:sim01939,0.12994501,0.075685911,0,1,1
r3.0:Fe:cn12:CCFeFeFeFeFeFeFeFeFeFe:sim01943,0.15538786,0.075119823,0,1,1
r3.0:Fe:cn12:CCFeFeFeFeFeFeFeFeFeFe:sim01947,0.16484568,0.061374452,0,1,1
r3.0:Fe:cn12:CCFeFeFeFeFeFeFeFeFeFe:sim01951,0.12861951,0.074511737,0,1,1
r3.0:Fe:cn12:CCFeFeFeFeFeFeFeFeFeFe:sim01955,0.12704512,0.073947072,0,1,1
r3.0:Fe:cn12:CCFeFeFeFeFeFeFeFeFeFe:sim01959,0.12716445,0.073971413,0,1,1
r3.0:Fe:cn12:CCFeFeFeFeFeFeFeFeFeFe:sim01963,0.1143527,0.057871427,0,1,1
r3.0:Fe:cn12:CCFeFeFeFeFeFeFeFeFeFe:sim01967,0.11027563,0.070461556,0,1,1
r3.0:Fe:cn12:CCFeFeFeFeFeFeFeFeFeFe:sim01971,0.12674265,0.080065094,0,1,1
r3.0:Fe:cn12:CCFeFeFeFeFeFeFeFeFeFe:sim01975,0.12554495,0.072869986,0,1,1
r3.0:Fe:cn12:CCFeFeFeFeFeFeFeFeFeFe:sim01979,0.12465269,0.072680794,0,1,1
r3.0:Fe:cn12:CCFeFeFeFeFeFeFeFeFeFe:sim01983,0.12322488,0.070698611,0,1,1
r3.0:Fe:cn12:CCFeFeFeFeFeFeFeFeFeFe:sim01987,0.12583582,0.071881518,0,1,1
r3.0:Fe:cn12:CCFeFeFeFeFeFeFeFeFeFe:sim01991,0.1205667,0.070825376,0,1,1
r3.0:Fe:cn12:CCFeFeFeFeFeFeFeFeFeFe:sim01995,0.12674296,0.074092507,0,1,1
r3.0:Fe:cn12:CCFeFeFeFeFeFeFeFeFeFe:sim01999,0.14376856,0.043522555,0,1,1
r3.0:Fe:cn12:CCFeFeFeFeFeFeFeFeFeFe:sim02003,0.11406583,0.055739567,0,1,1
r3.0:Fe:cn12:CCFeFeFeFeFeFeFeFeFeFe:sim02007,0.11396405,0.055685654,0,1,1
r3.0:Fe:cn12:CCFeFeFeFeFeFeFeFeFeFe:sim02011,0.12808298,0.071675695,0,1,1
r3.0:Fe:cn12:CCFeFeFeFeFeFeFeFeFeFe:sim02015,0.11879151,0.063054472,0,1,1
r3.0:Fe:cn12:CCFeFeFeFeFeFeFeFeFeFe:sim02019,0.11834972,0.068433344,0,1,1
r3.0:Fe:cn12:CCFeFeFeFeFeFeFeFeFeFe:sim02023,0.11605985,0.059040353,0,1,1
r3.0:Fe:cn12:CCFeFeFeFeFeFeFeFeFeFe:sim02027,0.11674478,0.061884847,0,1,1
r3.0:Fe:cn12:CCFeFeFeFeFeFeFeFeFeFe:sim02031,0.12574297,0.057685271,0,1,1
r3.0:Fe:cn12:CCFeFeFeFeFeFeFeFeFeFe:sim02035,0.12896822,0.07695213,0,1,1
r3.0:Fe:cn12:CCFeFeFeFeFeFeFeFeFeFe:sim02039,0.1192175,0.063567378,0,1,1
r3.0:Fe:cn12:CCFeFeFeFeFeFeFeFeFeFe:sim02043,0.1168793,0.06131405,0,1,1
r3.0:Fe:cn12:CCFeFeFeFeFeFeFeFeFeFe:sim02047,0.114916,0.059050411,0,1,1
r3.0:Fe:cn12:CCFeFeFeFeFeFeFeFeFeFe:sim02051,0.10819284,0.0760196,0,1,1
r3.0:Fe:cn12:CCFeFeFeFeFeFeFeFeFeFe:sim02055,0.11718574,0.061804045,0,1,1
r3.0:Fe:cn12:CCFeFeFeFeFeFeFeFeFeFe:sim02059,0.12066603,0.063216507,0,1,1
r3.0:Fe:cn12:CCFeFeFeFeFeFeFeFeFeFe:sim02063,0.10398606,0.026746655,0,1,1
r3.0:Fe:cn12:CCFeFeFeFeFeFeFeFeFeFe:sim02067,0.12408017,0.056034733,0,1,1
r3.0:Fe:cn12:CCFeFeFeFeFeFeFeFeFeFe:sim02071,0.11803982,0.061733644,0,1,1
r3.0:Fe:cn12:CCFeFeFeFeFeFeFeFeFeFe:sim02075,0.12091607,0.061270904,0,1,1
r3.0:Fe:cn12:CFeFeFeFeFeFeFeFeFeFeFe:sim00002,0.17350732,0.060136754,0,1,1
r3.0:Fe:cn12:CFeFeFeFeFeFeFeFeFeFeFe:sim00006,0.17369694,0.061427694,0,1,1
r3.0:Fe:cn12:CFeFeFeFeFeFeFeFeFeFeFe:sim00010,0.16515814,0.058003131,0,1,1
r3.0:Fe:cn12:CFeFeFeFeFeFeFeFeFeFeFe:sim00014,0.14999871,0.044448879,0,1,1
r3.0:Fe:cn12:CFeFeFeFeFeFeFeFeFeFeFe:sim00018,0.16118905,0.075218663,0,1,1
r3.0:Fe:cn12:CFeFeFeFeFeFeFeFeFeFeFe:sim00022,0.17989533,0.077615194,0,1,1
r3.0:Fe:cn12:CFeFeFeFeFeFeFeFeFeFeFe:sim00026,0.14748342,0.068262637,0,1,1
r3.0:Fe:cn12:CFeFeFeFeFeFeFeFeFeFeFe:sim00030,0.15651025,0.099000886,0,1,1
r3.0:Fe:cn12:CFeFeFeFeFeFeFeFeFeFeFe:sim00034,0.15850109,0.079287194,0,1,1
r3.0:Fe:cn12:CFeFeFeFeFeFeFeFeFeFeFe:sim00038,0.17027445,0.080769196,0,1,1
r3.0:Fe:cn12:CFeFeFeFeFeFeFeFeFeFeFe:sim00042,0.15687211,0.076978862,0,1,1
r3.0:Fe:cn12:CFeFeFeFeFeFeFeFeFeFeFe:sim00046,0.16309397,0.062191889,0,1,1
r3.0:Fe:cn12:CFeFeFeFeFeFeFeFeFeFeFe:sim00050,0.15736289,0.097716853,0,1,1
r3.0:Fe:cn12:CFeFeFeFeFeFeFeFeFeFeFe:sim00054,0.17501651,0.074547015,0,1,1
r3.0:Fe:cn12:CFeFeFeFeFeFeFeFeFeFeFe:sim00058,0.16583553,0.081569582,0,1,1
r3.0:Fe:cn12:CFeFeFeFeFeFeFeFeFeFeFe:sim00062,0.15928549,0.078509644,0,1,1
r3.0:Fe:cn12:CFeFeFeFeFeFeFeFeFeFeFe:sim00066,0.15936384,0.07846009,0,1,1
r3.0:Fe:cn12:CFeFeFeFeFeFeFeFeFeFeFe:sim00070,0.14940469,0.081783406,0,1,1
r3.0:Fe:cn12:CFeFeFeFeFeFeFeFeFeFeFe:sim00074,0.15868452,0.079229452,0,1,1
r3.0:Fe:cn12:CFeFeFeFeFeFeFeFeFeFeFe:sim00078,0.17073707,0.07111872,0,1,1
r3.0:Fe:cn12:CFeFeFeFeFeFeFeFeFeFeFe:sim00082,0.16722596,0.086258017,0,1,1
r3.0:Fe:cn12:CFeFeFeFeFeFeFeFeFeFeFe:sim00086,0.19175176,0.065767094,0,1,1
r3.0:Fe:cn12:CFeFeFeFeFeFeFeFeFeFeFe:sim00090,0.16854149,0.076467499,0,1,1
r3.0:Fe:cn12:CFeFeFeFeFeFeFeFeFeFeFe:sim00094,0.16054972,0.079395585,0,1,1
r3.0:Fe:cn12:CFeFeFeFeFeFeFeFeFeFeFe:sim00098,0.16042954,0.079838589,0,1,1
r3.0:Fe:cn12:CFeFeFeFeFeFeFeFeFeFeFe:sim00102,0.15058412,0.075409204,0,1,1
r3.0:Fe:cn12:CFeFeFeFeFeFeFeFeFeFeFe:sim00106,0.16480894,0.058544073,0,1,1
r3.0:Fe:cn12:CFeFeFeFeFeFeFeFeFeFeFe:sim00110,0.1542381,0.10100362,0,1,1
r3.0:Fe:cn12:CFeFeFeFeFeFeFeFeFeFeFe:sim00114,0.16871601,0.10268524,0,1,1
r3.0:Fe:cn12:CFeFeFeFeFeFeFeFeFeFeFe:sim00118,0.15384768,0.10087552,0,1,1
r3.0:Fe:cn12:CFeFeFeFeFeFeFeFeFeFeFe:sim00122,0.1457445,0.09106756,0,1,1
r3.0:Fe:cn12:CFeFeFeFeFeFeFeFeFeFeFe:sim00126,0.14576098,0.092277832,0,1,1
r3.0:Fe:cn12:CFeFeFeFeFeFeFeFeFeFeFe:sim00130,0.1573236,0.082106628,0,1,1
r3.0:Fe:cn12:CFeFeFeFeFeFeFeFeFeFeFe:sim00134,0.14635548,0.093379065,0,1,1
r3.0:Fe:cn12:CFeFeFeFeFeFeFeFeFeFeFe:sim00138,0.14476185,0.091889374,0,1,1
r3.0:Fe:cn12:CFeFeFeFeFeFeFeFeFeFeFe:sim00142,0.12089272,0.059191056,0,1,1
r3.0:Fe:cn12:CFeFeFeFeFeFeFeFeFeFeFe:sim00146,0.14428952,0.050979573,0,1,1
r3.0:Fe:cn12:CFeFeFeFeFeFeFeFeFeFeFe:sim00150,0.13858594,0.084143743,0,1,1
r3.0:Fe:cn12:CFeFeFeFeFeFeFeFeFeFeFe:sim00154,0.14300764,0.088989146,0,1,1
r3.0:Fe:cn12:CFeFeFeFeFeFeFeFeFeFeFe:sim00158,0.13653491,0.079736829,0,1,1
r3.0:Fe:cn12:CFeFeFeFeFeFeFeFeFeFeFe:sim00162,0.16153933,0.0851987,0,1,1
r3.0:Fe:cn12:CFeFeFeFeFeFeFeFeFeFeFe:sim00166,0.15735888,0.10316281,0,1,1
r3.0:Fe:cn12:CFeFeFeFeFeFeFeFeFeFeFe:sim00170,0.14441365,0.091375217,0,1,1
r3.0:Fe:cn12:CFeFeFeFeFeFeFeFeFeFeFe:sim00174,0.15666901,0.081369974,0,1,1
r3.0:Fe:cn12:CFeFeFeFeFeFeFeFeFeFeFe:sim00178,0.13602892,0.080274336,0,1,1
r3.0:Fe:cn12:CFeFeFeFeFeFeFeFeFeFeFe:sim00182,0.1492091,0.12467133,0,1,1
r3.0:Fe:cn12:CFeFeFeFeFeFeFeFeFeFeFe:sim00186,0.14570877,0.092242733,0,1,1
r3.0:Fe:cn12:CFeFeFeFeFeFeFeFeFeFeFe:sim00190,0.1437805,0.12119464,0,1,1
r3.0:Fe:cn12:CFeFeFeFeFeFeFeFeFeFeFe:sim00194,0.17085434,0.093215205,0,1,1
r3.0:Fe:cn12:CFeFeFeFeFeFeFeFeFeFeFe:sim00198,0.14672828,0.098745778,0,1,1
r3.0:Fe:cn12:CFeFeFeFeFeFeFeFeFeFeFe:sim00202,0.14721818,0.097292393,0,1,1
r3.0:Fe:cn12:CFeFeFeFeFeFeFeFeFeFeFe:sim00206,0.1426172,0.093647912,0,1,1
r3.0:Fe:cn12:CFeFeFeFeFeFeFeFeFeFeFe:sim00210,0.13114017,0.10486951,0,1,1
r3.0:Fe:cn12:CFeFeFeFeFeFeFeFeFeFeFe:sim00214,0.14357446,0.095002763,0,1,1
r3.0:Fe:cn12:CFeFeFeFeFeFeFeFeFeFeFe:sim00218,0.15596871,0.084965274,0,1,1
r3.0:Fe:cn12:CFeFeFeFeFeFeFeFeFeFeFe:sim00222,0.13698138,0.090883672,0,1,1
r3.0:Fe:cn12:CFeFeFeFeFeFeFeFeFeFeFe:sim00226,0.16416718,0.094650254,0,1,1
r3.0:Fe:cn12:CFeFeFeFeFeFeFeFeFeFeFe:sim00230,0.13352633,0.084415272,0,1,1
r3.0:Fe:cn12:CFeFeFeFeFeFeFeFeFeFeFe:sim00234,0.14048685,0.08629024,0,1,1
r3.0:Fe:cn12:CFeFeFeFeFeFeFeFeFeFeFe:sim00238,0.14477192,0.093821444,0,1,1
r3.0:Fe:cn12:CFeFeFeFeFeFeFeFeFeFeFe:sim00242,0.14509849,0.070860438,0,1,1
r3.0:Fe:cn12:CFeFeFeFeFeFeFeFeFeFeFe:sim00246,0.14714086,0.071970887,0,1,1
r3.0:Fe:cn12:CFeFeFeFeFeFeFeFeFeFeFe:sim00250,0.14240107,0.094591573,0,1,1
r3.0:Fe:cn12:CFeFeFeFeFeFeFeFeFeFeFe:sim00254,0.14250153,0.094655663,0,1,1
r3.0:Fe:cn12:CFeFeFeFeFeFeFeFeFeFeFe:sim00258,0.14703672,0.078080185,0,1,1
r3.0:Fe:cn12:CFeFeFeFeFeFeFeFeFeFeFe:sim00262,0.139734,0.093716376,0,1,1
r3.0:Fe:cn12:CFeFeFeFeFeFeFeFeFeFeFe:sim00266,0.14038098,0.094017901,0,1,1
r3.0:Fe:cn12:CFeFeFeFeFeFeFeFeFeFeFe:sim00270,0.1439337,0.094773687,0,1,1
r3.0:Fe:cn12:CFeFeFeFeFeFeFeFeFeFeFe:sim00274,0.14342977,0.09496963,0,1,1
r3.0:Fe:cn12:CFeFeFeFeFeFeFeFeFeFeFe:sim00278,0.13604817,0.086639345,0,1,1
r3.0:Fe:cn12:CFeFeFeFeFeFeFeFeFeFeFe:sim00282,0.14053409,0.11774002,0,1,1
r3.0:Fe:cn12:CFeFeFeFeFeFeFeFeFeFeFe:sim00286,0.14356621,0.094783142,0,1,1
r3.0:Fe:cn12:CFeFeFeFeFeFeFeFeFeFeFe:sim00290,0.14720845,0.097449183,0,1,1
r3.0:Fe:cn12:CFeFeFeFeFeFeFeFeFeFeFe:sim00294,0.16222924,0.090359733,0,1,1
r3.0:Fe:cn12:CFeFeFeFeFeFeFeFeFeFeFe:sim00298,0.15264568,0.083553255,0,1,1
r3.0:Fe:cn12:CFeFeFeFeFeFeFeFeFeFeFe:sim00302,0.13905193,0.114512,0,1,1
r3.0:Fe:cn12:CFeFeFeFeFeFeFeFeFeFeFe:sim00306,0.14206989,0.11463611,0,1,1
r3.0:Fe:cn12:CFeFeFeFeFeFeFeFeFeFeFe:sim00310,0.14535554,0.097070746,0,1,1
r3.0:Fe:cn12:CFeFeFeFeFeFeFeFeFeFeFe:sim00314,0.16367108,0.092063427,0,1,1
r3.0:Fe:cn12:CFeFeFeFeFeFeFeFeFeFeFe:sim00318,0.16030778,0.10296626,0,1,1
r3.0:Fe:cn12:CFeFeFeFeFeFeFeFeFeFeFe:sim00322,0.1503647,0.10151899,0,1,1
r3.0:Fe:cn12:CFeFeFeFeFeFeFeFeFeFeFe:sim00326,0.14186962,0.093977921,0,1,1
r3.0:Fe:cn12:CFeFeFeFeFeFeFeFeFeFeFe:sim00330,0.14313819,0.096273519,0,1,1
r3.0:Fe:cn12:CFeFeFeFeFeFeFeFeFeFeFe:sim00334,0.1309121,0.10546326,0,1,1
r3.0:Fe:cn12:CFeFeFeFeFeFeFeFeFeFeFe:sim00338,0.14320615,0.096042596,0,1,1
r3.0:Fe:cn12:CFeFeFeFeFeFeFeFeFeFeFe:sim00342,0.13371532,0.083489016,0,1,1
r3.0:Fe:cn12:CFeFeFeFeFeFeFeFeFeFeFe:sim00346,0.13480414,0.08784008,0,1,1
r3.0:Fe:cn12:CFeFeFeFeFeFeFeFeFeFeFe:sim00350,0.14291427,0.096220069,0,1,1
r3.0:Fe:cn12:CFeFeFeFeFeFeFeFeFeFeFe:sim00354,0.15162607,0.10477429,0,1,1
r3.0:Fe:cn12:CFeFeFeFeFeFeFeFeFeFeFe:sim00358,0.14030069,0.095458366,0,1,1
r3.0:Fe:cn12:CFeFeFeFeFeFeFeFeFeFeFe:sim00362,0.14242487,0.095818453,0,1,1
r3.0:Fe:cn12:CFeFeFeFeFeFeFeFeFeFeFe:sim00366,0.13932532,0.094459698,0,1,1
r3.0:Fe:cn12:CFeFeFeFeFeFeFeFeFeFeFe:sim00370,0.13469611,0.087536566,0,1,1
r3.0:Fe:cn12:CFeFeFeFeFeFeFeFeFeFeFe:sim00374,0.14325128,0.096033648,0,1,1
r3.0:Fe:cn12:CFeFeFeFeFeFeFeFeFeFeFe:sim00378,0.14144157,0.10058598,0,1,1
r3.0:Fe:cn12:CFeFeFeFeFeFeFeFeFeFeFe:sim00382,0.14328843,0.096399397,0,1,1
r3.0:Fe:cn12:CFeFeFeFeFeFeFeFeFeFeFe:sim00386,0.14429851,0.097511485,0,1,1
r3.0:Fe:cn12:CFeFeFeFeFeFeFeFeFeFeFe:sim00390,0.14325202,0.096306078,0,1,1
r3.0:Fe:cn12:CFeFeFeFeFeFeFeFeFeFeFe:sim00394,0.14416175,0.098157942,0,1,1
r3.0:Fe:cn12:CFeFeFeFeFeFeFeFeFeFeFe:sim00398,0.14217682,0.09420827,0,1,1
r3.0:Fe:cn12:CFeFeFeFeFeFeFeFeFeFeFe:sim00402,0.14224361,0.096161664,0,1,1
r3.0:Fe:cn12:CFeFeFeFeFeFeFeFeFeFeFe:sim00406,0.14295416,0.096364655,0,1,1
r3.0:Fe:cn12:CFeFeFeFeFeFeFeFeFeFeFe:sim00410,0.13517317,0.084841281,0,1,1
r3.0:Fe:cn12:CFeFeFeFeFeFeFeFeFeFeFe:sim00414,0.1440329,0.097308651,0,1,1
r3.0:Fe:cn12:CFeFeFeFeFeFeFeFeFeFeFe:sim00418,0.13250747,0.10439792,0,1,1
r3.0:Fe:cn12:CFeFeFeFeFeFeFeFeFeFeFe:sim00422,0.14134632,0.094073407,0,1,1
r3.0:Fe:cn12:CFeFeFeFeFeFeFeFeFeFeFe:sim00426,0.14991491,0.10294976,0,1,1
r3.0:Fe:cn12:CFeFeFeFeFeFeFeFeFeFeFe:sim00430,0.14166901,0.09474121,0,1,1
r3.0:Fe:cn12:CFeFeFeFeFeFeFeFeFeFeFe:sim00434,0.13368672,0.083631136,0,1,1
r3.0:Fe:cn12:CFeFeFeFeFeFeFeFeFeFeFe:sim00438,0.14649889,0.098262012,0,1,1
r3.0:Fe:cn12:CFeFeFeFeFeFeFeFeFeFeFe:sim00442,0.14156039,0.095650598,0,1,1
r3.0:Fe:cn12:CFeFeFeFeFeFeFeFeFeFeFe:sim00446,0.13987401,0.095010325,0,1,1
r3.0:Fe:cn12:CFeFeFeFeFeFeFeFeFeFeFe:sim00450,0.15410659,0.081692025,0,1,1
r3.0:Fe:cn12:CFeFeFeFeFeFeFeFeFeFeFe:sim00454,0.15313807,0.087220401,0,1,1
r3.0:Fe:cn12:CFeFeFeFeFeFeFeFeFeFeFe:sim00458,0.13922532,0.10499554,0,1,1
r3.0:Fe:cn12:CFeFeFeFeFeFeFeFeFeFeFe:sim00462,0.14744222,0.080081977,0,1,1
r3.0:Fe:cn12:CFeFeFeFeFeFeFeFeFeFeFe:sim00466,0.14794444,0.079609357,0,1,1
r3.0:Fe:cn12:CFeFeFeFeFeFeFeFeFeFeFe:sim00470,0.1425382,0.096514687,0,1,1
r3.0:Fe:cn12:CFeFeFeFeFeFeFeFeFeFeFe:sim00474,0.15392001,0.10553832,0,1,1
r3.0:Fe:cn12:CFeFeFeFeFeFeFeFeFeFeFe:sim00478,0.1444917,0.097387202,0,1,1
r3.0:Fe:cn12:CFeFeFeFeFeFeFeFeFeFeFe:sim00482,0.11945803,0.096565187,0,1,1
r3.0:Fe:cn12:CFeFeFeFeFeFeFeFeFeFeFe:sim00486,0.10798071,0.10477656,0,1,1
r3.0:Fe:cn12:CFeFeFeFeFeFeFeFeFeFeFe:sim00490,0.1439871,0.10240684,0,1,1
r3.0:Fe:cn12:CFeFeFeFeFeFeFeFeFeFeFe:sim00494,0.14336659,0.096332066,0,1,1
r3.0:Fe:cn12:CFeFeFeFeFeFeFeFeFeFeFe:sim00498,0.14434381,0.096979305,0,1,1
r3.0:Fe:cn12:CFeFeFeFeFeFeFeFeFeFeFe:sim00502,0.14434707,0.096942738,0,1,1
r3.0:Fe:cn12:CFeFeFeFeFeFeFeFeFeFeFe:sim00506,0.14746974,0.09822613,0,1,1
r3.0:Fe:cn12:CFeFeFeFeFeFeFeFeFeFeFe:sim00510,0.13243996,0.10738136,0,1,1
r3.0:Fe:cn12:CFeFeFeFeFeFeFeFeFeFeFe:sim00514,0.13362104,0.10815329,0,1,1
r3.0:Fe:cn12:CFeFeFeFeFeFeFeFeFeFeFe:sim00518,0.1337983,0.10850524,0,1,1
r3.0:Fe:cn12:CFeFeFeFeFeFeFeFeFeFeFe:sim00522,0.14557409,0.096749306,0,1,1
r3.0:Fe:cn12:CFeFeFeFeFeFeFeFeFeFeFe:sim00526,0.14718215,0.098932013,0,1,1
r3.0:Fe:cn12:CFeFeFeFeFeFeFeFeFeFeFe:sim00530,0.14582166,0.097666867,0,1,1
r3.0:Fe:cn12:CFeFeFeFeFeFeFeFeFeFeFe:sim00534,0.15415712,0.10632627,0,1,1
r3.0:Fe:cn12:CFeFeFeFeFeFeFeFeFeFeFe:sim00538,0.14350331,0.096044764,0,1,1
r3.0:Fe:cn12:CFeFeFeFeFeFeFeFeFeFeFe:sim00542,0.18122198,0.088665821,0,1,1
r3.0:Fe:cn12:CFeFeFeFeFeFeFeFeFeFeFe:sim00546,0.15713814,0.085580058,0,1,1
r3.0:Fe:cn12:CFeFeFeFeFeFeFeFeFeFeFe:sim00550,0.14468732,0.1021615,0,1,1
r3.0:Fe:cn12:CFeFeFeFeFeFeFeFeFeFeFe:sim00554,0.14580604,0.097968869,0,1,1
r3.0:Fe:cn12:CFeFeFeFeFeFeFeFeFeFeFe:sim00558,0.13333897,0.10791042,0,1,1
r3.0:Fe:cn12:CFeFeFeFeFeFeFeFeFeFeFe:sim00562,0.1457525,0.098633967,0,1,1
r3.0:Fe:cn12:CFeFeFeFeFeFeFeFeFeFeFe:sim00566,0.15247086,0.10646079,0,1,1
r3.0:Fe:cn12:CFeFeFeFeFeFeFeFeFeFeFe:sim00570,0.14464037,0.10200657,0,1,1
r3.0:Fe:cn12:CFeFeFeFeFeFeFeFeFeFeFe:sim00574,0.14235517,0.12021013,0,1,1
r3.0:Fe:cn12:CFeFeFeFeFeFeFeFeFeFeFe:sim00578,0.14679424,0.092965379,0,1,1
r3.0:Fe:cn12:CFeFeFeFeFeFeFeFeFeFeFe:sim00582,0.14564015,0.097400188,0,1,1
r3.0:Fe:cn12:CFeFeFeFeFeFeFeFeFeFeFe:sim00586,0.14775878,0.10005678,0,1,1
r3.0:Fe:cn12:CFeFeFeFeFeFeFeFeFeFeFe:sim00590,0.13671783,0.08505968,0,1,1
r3.0:Fe:cn12:CFeFeFeFeFeFeFeFeFeFeFe:sim00594,0.14618306,0.098295644,0,1,1
r3.0:Fe:cn12:CFeFeFeFeFeFeFeFeFeFeFe:sim00598,0.14623041,0.097780906,0,1,1
r3.0:Fe:cn12:CFeFeFeFeFeFeFeFeFeFeFe:sim00602,0.14685421,0.098413207,0,1,1
r3.0:Fe:cn12:CFeFeFeFeFeFeFeFeFeFeFe:sim00606,0.14416441,0.096680164,0,1,1
r3.0:Fe:cn12:CFeFeFeFeFeFeFeFeFeFeFe:sim00610,0.1385826,0.06546174,0,1,1
r3.0:Fe:cn12:CFeFeFeFeFeFeFeFeFeFeFe:sim00614,0.13678445,0.087077454,0,1,1
r3.0:Fe:cn12:CFeFeFeFeFeFeFeFeFeFeFe:sim00618,0.12324418,0.098324284,0,1,1
r3.0:Fe:cn12:CFeFeFeFeFeFeFeFeFeFeFe:sim00622,0.13978356,0.11281949,0,1,1
r3.0:Fe:cn12:CFeFeFeFeFeFeFeFeFeFeFe:sim00626,0.14233322,0.093947664,0,1,1
r3.0:Fe:cn12:CFeFeFeFeFeFeFeFeFeFeFe:sim00630,0.1452824,0.097039811,0,1,1
r3.0:Fe:cn12:CFeFeFeFeFeFeFeFeFeFeFe:sim00634,0.1447314,0.098351441,0,1,1
r3.0:Fe:cn12:CFeFeFeFeFeFeFeFeFeFeFe:sim00639,0.14092737,0.095552973,0,1,1
r3.0:Fe:cn12:CFeFeFeFeFeFeFeFeFeFeFe:sim00643,0.14368539,0.095310159,0,1,1
r3.0:Fe:cn12:CFeFeFeFeFeFeFeFeFeFeFe:sim00647,0.14361183,0.096448295,0,1,1
r3.0:Fe:cn12:CFeFeFeFeFeFeFeFeFeFeFe:sim00651,0.13544776,0.098427758,0,1,1
r3.0:Fe:cn12:CFeFeFeFeFeFeFeFeFeFeFe:sim00655,0.14762434,0.087521203,0,1,1
r3.0:Fe:cn12:CFeFeFeFeFeFeFeFeFeFeFe:sim00660,0.14201893,0.095885538,0,1,1
r3.0:Fe:cn12:CFeFeFeFeFeFeFeFeFeFeFe:sim00664,0.14360261,0.09647724,0,1,1
r3.0:Fe:cn12:CFeFeFeFeFeFeFeFeFeFeFe:sim00668,0.1440341,0.096529998,0,1,1
r3.0:Fe:cn12:CFeFeFeFeFeFeFeFeFeFeFe:sim00672,0.14265782,0.09021394,0,1,1
r3.0:Fe:cn12:CFeFeFeFeFeFeFeFeFeFeFe:sim00676,0.14361893,0.096321978,0,1,1
r3.0:Fe:cn12:CFeFeFeFeFeFeFeFeFeFeFe:sim00680,0.14175788,0.094793648,0,1,1
r3.0:Fe:cn12:CFeFeFeFeFeFeFeFeFeFeFe:sim00684,0.14011081,0.094222769,0,1,1
r3.0:Fe:cn12:CFeFeFeFeFeFeFeFeFeFeFe:sim00688,0.13539638,0.087648302,0,1,1
r3.0:Fe:cn12:CFeFeFeFeFeFeFeFeFeFeFe:sim00692,0.14378686,0.097636409,0,1,1
r3.0:Fe:cn12:CFeFeFeFeFeFeFeFeFeFeFe:sim00696,0.14539571,0.097019196,0,1,1
r3.0:Fe:cn12:CFeFeFeFeFeFeFeFeFeFeFe:sim00700,0.1130523,0.099153407,0,1,1
r3.0:Fe:cn12:CFeFeFeFeFeFeFeFeFeFeFe:sim00704,0.13475229,0.098082937,0,1,1
r3.0:Fe:cn12:CFeFeFeFeFeFeFeFeFeFeFe:sim00708,0.14775965,0.090990923,0,1,1
r3.0:Fe:cn12:CFeFeFeFeFeFeFeFeFeFeFe:sim00712,0.1433249,0.096134812,0,1,1
r3.0:Fe:cn12:CFeFeFeFeFeFeFeFeFeFeFe:sim00716,0.14341284,0.096256062,0,1,1
r3.0:Fe:cn12:CFeFeFeFeFeFeFeFeFeFeFe:sim00720,0.13677472,0.092570432,0,1,1
r3.0:Fe:cn12:CFeFeFeFeFeFeFeFeFeFeFe:sim00724,0.14308627,0.095211096,0,1,1
r3.0:Fe:cn12:CFeFeFeFeFeFeFeFeFeFeFe:sim00728,0.14624806,0.097448289,0,1,1
r3.0:Fe:cn12:CFeFeFeFeFeFeFeFeFeFeFe:sim00732,0.1449282,0.08688388,0,1,1
r3.0:Fe:cn12:CFeFeFeFeFeFeFeFeFeFeFe:sim00736,0.13960597,0.09382131,0,1,1
r3.0:Fe:cn12:CFeFeFeFeFeFeFeFeFeFeFe:sim00740,0.12778519,0.11323193,0,1,1
r3.0:Fe:cn12:CFeFeFeFeFeFeFeFeFeFeFe:sim00744,0.14407946,0.098081075,0,1,1
r3.0:Fe:cn12:CFeFeFeFeFeFeFeFeFeFeFe:sim00748,0.15736437,0.12832493,0,1,1
r3.0:Fe:cn12:CFeFeFeFeFeFeFeFeFeFeFe:sim00752,0.13634062,0.097224936,0,1,1
r3.0:Fe:cn12:CFeFeFeFeFeFeFeFeFeFeFe:sim00756,0.14687285,0.10142168,0,1,1
r3.0:Fe:cn12:CFeFeFeFeFeFeFeFeFeFeFe:sim00760,0.14330439,0.096005373,0,1,1
r3.0:Fe:cn12:CFeFeFeFeFeFeFeFeFeFeFe:sim00764,0.14038047,0.11874125,0,1,1
r3.0:Fe:cn12:CFeFeFeFeFeFeFeFeFeFeFe:sim00768,0.14459275,0.10199738,0,1,1
r3.0:Fe:cn12:CFeFeFeFeFeFeFeFeFeFeFe:sim00772,0.14323324,0.09629757,0,1,1
r3.0:Fe:cn12:CFeFeFeFeFeFeFeFeFeFeFe:sim00776,0.16034883,0.080603488,0,1,1
r3.0:Fe:cn12:CFeFeFeFeFeFeFeFeFeFeFe:sim00780,0.14423679,0.10263924,0,1,1
r3.0:Fe:cn12:CFeFeFeFeFeFeFeFeFeFeFe:sim00784,0.14265662,0.094858281,0,1,1
r3.0:Fe:cn12:CFeFeFeFeFeFeFeFeFeFeFe:sim00788,0.14327259,0.096343152,0,1,1
r3.0:Fe:cn12:CFeFeFeFeFeFeFeFeFeFeFe:sim00792,0.14206885,0.095979474,0,1,1
r3.0:Fe:cn12:CFeFeFeFeFeFeFeFeFeFeFe:sim00796,0.14231923,0.095754817,0,1,1
r3.0:Fe:cn12:CFeFeFeFeFeFeFeFeFeFeFe:sim00800,0.16459829,0.092660978,0,1,1
r3.0:Fe:cn12:CFeFeFeFeFeFeFeFeFeFeFe:sim00804,0.164474,0.092659675,0,1,1
r3.0:Fe:cn12:CFeFeFeFeFeFeFeFeFeFeFe:sim00808,0.16158703,0.090713613,0,1,1
r3.0:Fe:cn12:CFeFeFeFeFeFeFeFeFeFeFe:sim00812,0.16623236,0.098966457,0,1,1
r3.0:Fe:cn12:CFeFeFeFeFeFeFeFeFeFeFe:sim00816,0.16582918,0.095311105,0,1,1
r3.0:Fe:cn12:CFeFeFeFeFeFeFeFeFeFeFe:sim00820,0.15108864,0.1023881,0,1,1
r3.0:Fe:cn12:CFeFeFeFeFeFeFeFeFeFeFe:sim00824,0.14188573,0.089934252,0,1,1
r3.0:Fe:cn12:CFeFeFeFeFeFeFeFeFeFeFe:sim00828,0.14757279,0.10082395,0,1,1
r3.0:Fe:cn12:CFeFeFeFeFeFeFeFeFeFeFe:sim00832,0.13406239,0.081534207,0,1,1
r3.0:Fe:cn12:CFeFeFeFeFeFeFeFeFeFeFe:sim00836,0.16474864,0.096696891,0,1,1
r3.0:Fe:cn12:CFeFeFeFeFeFeFeFeFeFeFe:sim00840,0.17930107,0.075682931,0,1,1
r3.0:Fe:cn12:CFeFeFeFeFeFeFeFeFeFeFe:sim00844,0.17336167,0.082244232,0,1,1
r3.0:Fe:cn12:CFeFeFeFeFeFeFeFeFeFeFe:sim00848,0.16386393,0.092564188,0,1,1
r3.0:Fe:cn12:CFeFeFeFeFeFeFeFeFeFeFe:sim00852,0.17723399,0.097864464,0,1,1
r3.0:Fe:cn12:CFeFeFeFeFeFeFeFeFeFeFe:sim00856,0.16920094,0.089459516,0,1,1
r3.0:Fe:cn12:CFeFeFeFeFeFeFeFeFeFeFe:sim00860,0.16523875,0.07278543,0,1,1
r3.0:Fe:cn12:CFeFeFeFeFeFeFeFeFeFeFe:sim00864,0.16418491,0.092877738,0,1,1
r3.0:Fe:cn12:CFeFeFeFeFeFeFeFeFeFeFe:sim00868,0.16447899,0.10393157,0,1,1
r3.0:Fe:cn12:CFeFeFeFeFeFeFeFeFeFeFe:sim00872,0.15873338,0.1015619,0,1,1
r3.0:Fe:cn12:CFeFeFeFeFeFeFeFeFeFeFe:sim00876,0.16470136,0.099797808,0,1,1
r3.0:Fe:cn12:CFeFeFeFeFeFeFeFeFeFeFe:sim00880,0.1673653,0.094791837,0,1,1
r3.0:Fe:cn12:CFeFeFeFeFeFeFeFeFeFeFe:sim00884,0.17525728,0.12371685,0,1,1
r3.0:Fe:cn12:CFeFeFeFeFeFeFeFeFeFeFe:sim00888,0.15490454,0.10499149,0,1,1
r3.0:Fe:cn12:CFeFeFeFeFeFeFeFeFeFeFe:sim00892,0.16354527,0.092351548,0,1,1
r3.0:Fe:cn12:CFeFeFeFeFeFeFeFeFeFeFe:sim00896,0.16379221,0.092661455,0,1,1
r3.0:Fe:cn12:CFeFeFeFeFeFeFeFeFeFeFe:sim00900,0.1495842,0.091889992,0,1,1
r3.0:Fe:cn12:CFeFeFeFeFeFeFeFeFeFeFe:sim00904,0.15219322,0.093292147,0,1,1
r3.0:Fe:cn12:CFeFeFeFeFeFeFeFeFeFeFe:sim00908,0.13064076,0.11582265,0,1,1
r3.0:Fe:cn12:CFeFeFeFeFeFeFeFeFeFeFe:sim00912,0.1406488,0.095717721,0,1,1
r3.0:Fe:cn12:CFeFeFeFeFeFeFeFeFeFeFe:sim00916,0.11675839,0.096238576,0,1,1
r3.0:Fe:cn12:CFeFeFeFeFeFeFeFeFeFeFe:sim00920,0.1453325,0.096935362,0,1,1
r3.0:Fe:cn12:CFeFeFeFeFeFeFeFeFeFeFe:sim00924,0.1608291,0.079742178,0,1,1
r3.0:Fe:cn12:CFeFeFeFeFeFeFeFeFeFeFe:sim00928,0.1452843,0.096668579,0,1,1
r3.0:Fe:cn12:CFeFeFeFeFeFeFeFeFeFeFe:sim00932,0.15794303,0.087698959,0,1,1
r3.0:Fe:cn12:CFeFeFeFeFeFeFeFeFeFeFe:sim00936,0.17921802,0.070245765,0,1,1
r3.0:Fe:cn12:CFeFeFeFeFeFeFeFeFeFeFe:sim00940,0.14489874,0.096416652,0,1,1
r3.0:Fe:cn12:CFeFeFeFeFeFeFeFeFeFeFe:sim00944,0.13244656,0.10662399,0,1,1
r3.0:Fe:cn12:CFeFeFeFeFeFeFeFeFeFeFe:sim00948,0.15563735,0.10581182,0,1,1
r3.0:Fe:cn12:CFeFeFeFeFeFeFeFeFeFeFe:sim00952,0.1362817,0.10954758,0,1,1
r3.0:Fe:cn12:CFeFeFeFeFeFeFeFeFeFeFe:sim00956,0.14484105,0.096280888,0,1,1
r3.0:Fe:cn12:CFeFeFeFeFeFeFeFeFeFeFe:sim00960,0.15517125,0.1097912,0,1,1
r3.0:Fe:cn12:CFeFeFeFeFeFeFeFeFeFeFe:sim00964,0.13872866,0.099525958,0,1,1
r3.0:Fe:cn12:CFeFeFeFeFeFeFeFeFeFeFe:sim00968,0.14228958,0.09288165,0,1,1
r3.0:Fe:cn12:CFeFeFeFeFeFeFeFeFeFeFe:sim00972,0.14962125,0.099373959,0,1,1
r3.0:Fe:cn12:CFeFeFeFeFeFeFeFeFeFeFe:sim00976,0.16375902,0.10800207,0,1,1
r3.0:Fe:cn12:CFeFeFeFeFeFeFeFeFeFeFe:sim00980,0.14684176,0.098826468,0,1,1
r3.0:Fe:cn12:CFeFeFeFeFeFeFeFeFeFeFe:sim00984,0.14458491,0.096409284,0,1,1
r3.0:Fe:cn12:CFeFeFeFeFeFeFeFeFeFeFe:sim00988,0.1451043,0.096933782,0,1,1
r3.0:Fe:cn12:CFeFeFeFeFeFeFeFeFeFeFe:sim00992,0.14082853,0.11361437,0,1,1
r3.0:Fe:cn12:CFeFeFeFeFeFeFeFeFeFeFe:sim00996,0.14014289,0.11211365,0,1,1
r3.0:Fe:cn12:CFeFeFeFeFeFeFeFeFeFeFe:sim01000,0.1509821,0.068515949,0,1,1
r3.0:Fe:cn12:CFeFeFeFeFeFeFeFeFeFeFe:sim01004,0.15460664,0.084429473,0,1,1
r3.0:Fe:cn12:CFeFeFeFeFeFeFeFeFeFeFe:sim01008,0.17192852,0.10317756,0,1,1
r3.0:Fe:cn12:CFeFeFeFeFeFeFeFeFeFeFe:sim01012,0.1561538,0.084873617,0,1,1
r3.0:Fe:cn12:CFeFeFeFeFeFeFeFeFeFeFe:sim01016,0.15988909,0.087302744,0,1,1
r3.0:Fe:cn12:CFeFeFeFeFeFeFeFeFeFeFe:sim01020,0.15585142,0.084613487,0,1,1
r3.0:Fe:cn12:CFeFeFeFeFeFeFeFeFeFeFe:sim01024,0.15869881,0.06247364,0,1,1
r3.0:Fe:cn12:CFeFeFeFeFeFeFeFeFeFeFe:sim01028,0.14790544,0.076478928,0,1,1
r3.0:Fe:cn12:CFeFeFeFeFeFeFeFeFeFeFe:sim01032,0.14194891,0.094004951,0,1,1
r3.0:Fe:cn12:CFeFeFeFeFeFeFeFeFeFeFe:sim01036,0.13998455,0.093449585,0,1,1
r3.0:Fe:cn12:CFeFeFeFeFeFeFeFeFeFeFe:sim01040,0.16523103,0.097842313,0,1,1
r3.0:Fe:cn12:CFeFeFeFeFeFeFeFeFeFeFe:sim01044,0.15603867,0.085073084,0,1,1
r3.0:Fe:cn12:CFeFeFeFeFeFeFeFeFeFeFe:sim01048,0.1321964,0.085598707,0,1,1
r3.0:Fe:cn12:CFeFeFeFeFeFeFeFeFeFeFe:sim01052,0.15621634,0.085192978,0,1,1
r3.0:Fe:cn12:CFeFeFeFeFeFeFeFeFeFeFe:sim01056,0.15611182,0.086101465,0,1,1
r3.0:Fe:cn12:CFeFeFeFeFeFeFeFeFeFeFe:sim01060,0.17163314,0.068139941,0,1,1
r3.0:Fe:cn12:CFeFeFeFeFeFeFeFeFeFeFe:sim01064,0.17160381,0.068194486,0,1,1
r3.0:Fe:cn12:CFeFeFeFeFeFeFeFeFeFeFe:sim01068,0.17178053,0.068219021,0,1,1
r3.0:Fe:cn12:CFeFeFeFeFeFeFeFeFeFeFe:sim01072,0.16842143,0.074959397,0,1,1
r3.0:Fe:cn12:CFeFeFeFeFeFeFeFeFeFeFe:sim01076,0.15614648,0.084682412,0,1,1
r3.0:Fe:cn12:CFeFeFeFeFeFeFeFeFeFeFe:sim01080,0.1566063,0.091037877,0,1,1
r3.0:Fe:cn12:CFeFeFeFeFeFeFeFeFeFeFe:sim01084,0.15471056,0.084500223,0,1,1
r3.0:Fe:cn12:CFeFeFeFeFeFeFeFeFeFeFe:sim01088,0.15806143,0.08609052,0,1,1
r3.0:Fe:cn12:CFeFeFeFeFeFeFeFeFeFeFe:sim01092,0.14839894,0.076735385,0,1,1
r3.0:Fe:cn12:CFeFeFeFeFeFeFeFeFeFeFe:sim01096,0.15730807,0.08549428,0,1,1
r3.0:Fe:cn12:CFeFeFeFeFeFeFeFeFeFeFe:sim01100,0.16023661,0.11095726,0,1,1
r3.0:Fe:cn12:CFeFeFeFeFeFeFeFeFeFeFe:sim01104,0.16053706,0.11098593,0,1,1
r3.0:Fe:cn12:CFeFeFeFeFeFeFeFeFeFeFe:sim01108,0.16259196,0.11203039,0,1,1
r3.0:Fe:cn12:CFeFeFeFeFeFeFeFeFeFeFe:sim01112,0.16055131,0.11122246,0,1,1
r3.0:Fe:cn12:CFeFeFeFeFeFeFeFeFeFeFe:sim01116,0.15848449,0.10886163,0,1,1
r3.0:Fe:cn12:CFeFeFeFeFeFeFeFeFeFeFe:sim01120,0.15237236,0.1025758,0,1,1
r3.0:Fe:cn12:CFeFeFeFeFeFeFeFeFeFeFe:sim01124,0.16069101,0.11100835,0,1,1
r3.0:Fe:cn12:CFeFeFeFeFeFeFeFeFeFeFe:sim01128,0.15915585,0.10986946,0,1,1
r3.0:Fe:cn12:CFeFeFeFeFeFeFeFeFeFeFe:sim01132,0.16454229,0.093954846,0,1,1
r3.0:Fe:cn12:CFeFeFeFeFeFeFeFeFeFeFe:sim01136,0.15123306,0.098317161,0,1,1
r3.0:Fe:cn12:CFeFeFeFeFeFeFeFeFeFeFe:sim01140,0.14267373,0.11235026,0,1,1
r3.0:Fe:cn12:CFeFeFeFeFeFeFeFeFeFeFe:sim01144,0.17894869,0.095218971,0,1,1
r3.0:Fe:cn12:CFeFeFeFeFeFeFeFeFeFeFe:sim01148,0.15973409,0.11042816,0,1,1
r3.0:Fe:cn12:CFeFeFeFeFeFeFeFeFeFeFe:sim01152,0.16057435,0.11010242,0,1,1
r3.0:Fe:cn12:CFeFeFeFeFeFeFeFeFeFeFe:sim01156,0.15224007,0.10274467,0,1,1
r3.0:Fe:cn12:CFeFeFeFeFeFeFeFeFeFeFe:sim01160,0.15936446,0.109094,0,1,1
r3.0:Fe:cn12:CFeFeFeFeFeFeFeFeFeFeFe:sim01164,0.15859108,0.10899877,0,1,1
r3.0:Fe:cn12:CFeFeFeFeFeFeFeFeFeFeFe:sim01168,0.15879893,0.10864781,0,1,1
r3.0:Fe:cn12:CFeFeFeFeFeFeFeFeFeFeFe:sim01172,0.14150944,0.11555074,0,1,1
r3.0:Fe:cn12:CFeFeFeFeFeFeFeFeFeFeFe:sim01176,0.14122534,0.11504922,0,1,1
r3.0:Fe:cn12:CFeFeFeFeFeFeFeFeFeFeFe:sim01180,0.16020386,0.11079422,0,1,1
r3.0:Fe:cn12:CFeFeFeFeFeFeFeFeFeFeFe:sim01184,0.16044952,0.11090407,0,1,1
r3.0:Fe:cn12:CFeFeFeFeFeFeFeFeFeFeFe:sim01188,0.16083787,0.11031241,0,1,1
r3.0:Fe:cn12:CFeFeFeFeFeFeFeFeFeFeFe:sim01192,0.14962982,0.11803494,0,1,1
r3.0:Fe:cn12:CFeFeFeFeFeFeFeFeFeFeFe:sim01196,0.16163994,0.1173145,0,1,1
r3.0:Fe:cn12:CFeFeFeFeFeFeFeFeFeFeFe:sim01200,0.15201773,0.098856539,0,1,1
r3.0:Fe:cn12:CFeFeFeFeFeFeFeFeFeFeFe:sim01204,0.14284448,0.089281224,0,1,1
r3.0:Fe:cn12:CFeFeFeFeFeFeFeFeFeFeFe:sim01208,0.16782907,0.085092545,0,1,1
r3.0:Fe:cn12:CFeFeFeFeFeFeFeFeFeFeFe:sim01212,0.14883445,0.099979199,0,1,1
r3.0:Fe:cn12:CFeFeFeFeFeFeFeFeFeFeFe:sim01216,0.14829372,0.10109193,0,1,1
r3.0:Fe:cn12:CFeFeFeFeFeFeFeFeFeFeFe:sim01220,0.1400357,0.11148684,0,1,1
r3.0:Fe:cn12:CFeFeFeFeFeFeFeFeFeFeFe:sim01224,0.1519624,0.10073113,0,1,1
r3.0:Fe:cn12:CFeFeFeFeFeFeFeFeFeFeFe:sim01228,0.15493836,0.1031661,0,1,1
r3.0:Fe:cn12:CFeFeFeFeFeFeFeFeFeFeFe:sim01232,0.15086247,0.10163231,0,1,1
r3.0:Fe:cn12:CFeFeFeFeFeFeFeFeFeFeFe:sim01236,0.15216061,0.10223069,0,1,1
r3.0:Fe:cn12:CFeFeFeFeFeFeFeFeFeFeFe:sim01240,0.15181781,0.10179559,0,1,1
r3.0:Fe:cn12:CFeFeFeFeFeFeFeFeFeFeFe:sim01244,0.15215041,0.1020905,0,1,1
r3.0:Fe:cn12:CFeFeFeFeFeFeFeFeFeFeFe:sim01248,0.15431237,0.10892475,0,1,1
r3.0:Fe:cn12:CFeFeFeFeFeFeFeFeFeFeFe:sim01252,0.15144967,0.10074899,0,1,1
r3.0:Fe:cn12:CFeFeFeFeFeFeFeFeFeFeFe:sim01256,0.12833774,0.12031067,0,1,1
r3.0:Fe:cn12:CFeFeFeFeFeFeFeFeFeFeFe:sim01260,0.15169692,0.10144588,0,1,1
r3.0:Fe:cn12:CFeFeFeFeFeFeFeFeFeFeFe:sim01264,0.15175556,0.10164659,0,1,1
r3.0:Fe:cn12:CFeFeFeFeFeFeFeFeFeFeFe:sim01268,0.16348274,0.13307105,0,1,1
r3.0:Fe:cn12:CFeFeFeFeFeFeFeFeFeFeFe:sim01272,0.15200134,0.1022023,0,1,1
r3.0:Fe:cn12:CFeFeFeFeFeFeFeFeFeFeFe:sim01276,0.15237843,0.10212887,0,1,1
r3.0:Fe:cn12:CFeFeFeFeFeFeFeFeFeFeFe:sim01280,0.1441748,0.094015539,0,1,1
r3.0:Fe:cn12:CFeFeFeFeFeFeFeFeFeFeFe:sim01284,0.1520312,0.10246706,0,1,1
r3.0:Fe:cn12:CFeFeFeFeFeFeFeFeFeFeFe:sim01288,0.13249563,0.11430801,0,1,1
r3.0:Fe:cn12:CFeFeFeFeFeFeFeFeFeFeFe:sim01292,0.14629342,0.10505142,0,1,1
r3.0:Fe:cn12:CFeFeFeFeFeFeFeFeFeFeFe:sim01296,0.15213479,0.10132203,0,1,1
r3.0:Fe:cn12:CFeFeFeFeFeFeFeFeFeFeFe:sim01300,0.15142749,0.10185989,0,1,1
r3.0:Fe:cn12:FeFeFeFeFeFeFeFeFeFeFeFe:sim00003,0.16894463,0.066560172,0,1,1
r3.0:Fe:cn12:FeFeFeFeFeFeFeFeFeFeFeFe:sim00007,0.16928574,0.066532165,0,1,1
r3.0:Fe:cn12:FeFeFeFeFeFeFeFeFeFeFeFe:sim00011,0.16613868,0.088276602,0,1,1
r3.0:Fe:cn12:FeFeFeFeFeFeFeFeFeFeFeFe:sim00015,0.15789084,0.079692431,0,1,1
r3.0:Fe:cn12:FeFeFeFeFeFeFeFeFeFeFeFe:sim00019,0.15905407,0.086131752,0,1,1
r3.0:Fe:cn12:FeFeFeFeFeFeFeFeFeFeFeFe:sim00023,0.15427653,0.080550916,0,1,1
r3.0:Fe:cn12:FeFeFeFeFeFeFeFeFeFeFeFe:sim00027,0.15590131,0.082427949,0,1,1
r3.0:Fe:cn12:FeFeFeFeFeFeFeFeFeFeFeFe:sim00031,0.16357619,0.080430299,0,1,1
r3.0:Fe:cn12:FeFeFeFeFeFeFeFeFeFeFeFe:sim00035,0.15204674,0.082230195,0,1,1
r3.0:Fe:cn12:FeFeFeFeFeFeFeFeFeFeFeFe:sim00039,0.15571199,0.084155791,0,1,1
r3.0:Fe:cn12:FeFeFeFeFeFeFeFeFeFeFeFe:sim00043,0.15547839,0.083442785,0,1,1
r3.0:Fe:cn12:FeFeFeFeFeFeFeFeFeFeFeFe:sim00048,0.11053896,0.099402666,0,1,1
r3.0:Fe:cn12:FeFeFeFeFeFeFeFeFeFeFeFe:sim00052,0.15819643,0.084935434,0,1,1
r3.0:Fe:cn12:FeFeFeFeFeFeFeFeFeFeFeFe:sim00056,0.15817852,0.086013436,0,1,1
r3.0:Fe:cn12:FeFeFeFeFeFeFeFeFeFeFeFe:sim00060,0.13824871,0.08818277,0,1,1
r3.0:Fe:cn12:FeFeFeFeFeFeFeFeFeFeFeFe:sim00064,0.15464026,0.082755446,0,1,1
r3.0:Fe:cn12:FeFeFeFeFeFeFeFeFeFeFeFe:sim00068,0.15005571,0.080280848,0,1,1
r3.0:Fe:cn12:FeFeFeFeFeFeFeFeFeFeFeFe:sim00072,0.15568462,0.083784923,0,1,1
r3.0:Fe:cn12:FeFeFeFeFeFeFeFeFeFeFeFe:sim00076,0.15747899,0.088057555,0,1,1
r3.0:Fe:cn12:FeFeFeFeFeFeFeFeFeFeFeFe:sim00080,0.16837808,0.072573297,0,1,1
r3.0:Fe:cn12:FeFeFeFeFeFeFeFeFeFeFeFe:sim00084,0.16652735,0.068403989,0,1,1
r3.0:Fe:cn12:FeFeFeFeFeFeFeFeFeFeFeFe:sim00088,0.17877056,0.082500666,0,1,1
r3.0:Fe:cn12:FeFeFeFeFeFeFeFeFeFeFeFe:sim00092,0.15858606,0.085568175,0,1,1
r3.0:Fe:cn12:FeFeFeFeFeFeFeFeFeFeFeFe:sim00096,0.15865293,0.085168429,0,1,1
r3.0:Fe:cn12:FeFeFeFeFeFeFeFeFeFeFeFe:sim00100,0.15035859,0.08174701,0,1,1
r3.0:Fe:cn12:FeFeFeFeFeFeFeFeFeFeFeFe:sim00104,0.14712939,0.079675138,0,1,1
r3.0:Fe:cn12:FeFeFeFeFeFeFeFeFeFeFeFe:sim00108,0.142656,0.078162499,0,1,1
r3.0:Fe:cn12:FeFeFeFeFeFeFeFeFeFeFeFe:sim00112,0.15103476,0.10429262,0,1,1
r3.0:Fe:cn12:FeFeFeFeFeFeFeFeFeFeFeFe:sim00116,0.14937574,0.10220914,0,1,1
r3.0:Fe:cn12:FeFeFeFeFeFeFeFeFeFeFeFe:sim00120,0.14336766,0.096043542,0,1,1
r3.0:Fe:cn12:FeFeFeFeFeFeFeFeFeFeFeFe:sim00124,0.14330554,0.095984824,0,1,1
r3.0:Fe:cn12:FeFeFeFeFeFeFeFeFeFeFeFe:sim00128,0.14318322,0.096210979,0,1,1
r3.0:Fe:cn12:FeFeFeFeFeFeFeFeFeFeFeFe:sim00132,0.14236522,0.095950633,0,1,1
r3.0:Fe:cn12:FeFeFeFeFeFeFeFeFeFeFeFe:sim00136,0.13345383,0.083436362,0,1,1
r3.0:Fe:cn12:FeFeFeFeFeFeFeFeFeFeFeFe:sim00140,0.11239133,0.066877462,0,1,1
r3.0:Fe:cn12:FeFeFeFeFeFeFeFeFeFeFeFe:sim00144,0.13159898,0.066108167,0,1,1
r3.0:Fe:cn12:FeFeFeFeFeFeFeFeFeFeFeFe:sim00148,0.13240241,0.066591196,0,1,1
r3.0:Fe:cn12:FeFeFeFeFeFeFeFeFeFeFeFe:sim00152,0.14193268,0.095578782,0,1,1
r3.0:Fe:cn12:FeFeFeFeFeFeFeFeFeFeFeFe:sim00156,0.13524349,0.088046841,0,1,1
r3.0:Fe:cn12:FeFeFeFeFeFeFeFeFeFeFeFe:sim00160,0.14999737,0.11997108,0,1,1
r3.0:Fe:cn12:FeFeFeFeFeFeFeFeFeFeFeFe:sim00164,0.14663222,0.099681728,0,1,1
r3.0:Fe:cn12:FeFeFeFeFeFeFeFeFeFeFeFe:sim00168,0.13810039,0.086578652,0,1,1
r3.0:Fe:cn12:FeFeFeFeFeFeFeFeFeFeFeFe:sim00172,0.14174265,0.095702894,0,1,1
r3.0:Fe:cn12:FeFeFeFeFeFeFeFeFeFeFeFe:sim00176,0.1430852,0.096706823,0,1,1
r3.0:Fe:cn12:FeFeFeFeFeFeFeFeFeFeFeFe:sim00180,0.14310141,0.095937341,0,1,1
r3.0:Fe:cn12:FeFeFeFeFeFeFeFeFeFeFeFe:sim00184,0.14321037,0.095855609,0,1,1
r3.0:Fe:cn12:FeFeFeFeFeFeFeFeFeFeFeFe:sim00188,0.14296816,0.096121967,0,1,1
r3.0:Fe:cn12:FeFeFeFeFeFeFeFeFeFeFeFe:sim00192,0.13260506,0.10293651,0,1,1
r3.0:Fe:cn13:CCCCCCFeFeFeFeFeFeFe:sim00002,-0.040527415,-0.22124866,0,1,1
r3.0:Fe:cn13:CCCCCFeFeFeFeFeFeFeFe:sim00004,0.0059922324,-0.13974679,0,1,1
r3.0:Fe:cn13:CCCCCFeFeFeFeFeFeFeFe:sim00008,0.028221991,-0.12193833,0,1,1
r3.0:Fe:cn13:CCCCCFeFeFeFeFeFeFeFe:sim00012,-0.035307154,-0.11748968,0,1,1
r3.0:Fe:cn13:CCCCCFeFeFeFeFeFeFeFe:sim00016,-0.0056473706,-0.11912476,0,1,1
r3.0:Fe:cn13:CCCCCFeFeFeFeFeFeFeFe:sim00020,-0.012438703,-0.11908915,0,1,1
r3.0:Fe:cn13:CCCCCFeFeFeFeFeFeFeFe:sim00024,-0.026513945,-0.18921596,0,1,1
r3.0:Fe:cn13:CCCCCFeFeFeFeFeFeFeFe:sim00028,-0.012855102,-0.11913095,0,1,1
r3.0:Fe:cn13:CCCCCFeFeFeFeFeFeFeFe:sim00032,-0.013754764,-0.11822031,0,1,1
r3.0:Fe:cn13:CCCCCFeFeFeFeFeFeFeFe:sim00036,-0.018215867,-0.11960331,0,1,1
r3.0:Fe:cn13:CCCCCFeFeFeFeFeFeFeFe:sim00040,-0.013104861,-0.11741348,0,1,1
r3.0:Fe:cn13:CCCCFeFeFeFeFeFeFeFeFe:sim00004,0.02204085,-0.083371922,0,1,1
r3.0:Fe:cn13:CCCCFeFeFeFeFeFeFeFeFe:sim00008,0.060662095,-0.085493304,0,1,1
r3.0:Fe:cn13:CCCCFeFeFeFeFeFeFeFeFe:sim00012,0.029318515,-0.05688785,0,1,1
r3.0:Fe:cn13:CCCCFeFeFeFeFeFeFeFeFe:sim00016,0.033582959,-0.054007228,0,1,1
r3.0:Fe:cn13:CCCCFeFeFeFeFeFeFeFeFe:sim00020,0.026722599,-0.054059666,0,1,1
r3.0:Fe:cn13:CCCCFeFeFeFeFeFeFeFeFe:sim00024,0.033265382,-0.07717406,0,1,1
r3.0:Fe:cn13:CCCCFeFeFeFeFeFeFeFeFe:sim00028,0.041844308,-0.065129042,0,1,1
r3.0:Fe:cn13:CCCCFeFeFeFeFeFeFeFeFe:sim00032,0.026245264,-0.052387498,0,1,1
r3.0:Fe:cn13:CCCCFeFeFeFeFeFeFeFeFe:sim00036,0.021902643,-0.053980164,0,1,1
r3.0:Fe:cn13:CCCCFeFeFeFeFeFeFeFeFe:sim00040,0.026313465,-0.051888295,0,1,1
r3.0:Fe:cn13:CCCCFeFeFeFeFeFeFeFeFe:sim00044,0.028450934,-0.046418402,0,1,1
r3.0:Fe:cn13:CCCCFeFeFeFeFeFeFeFeFe:sim00048,-0.0044051148,-0.042382877,0,1,1
r3.0:Fe:cn13:CCCCFeFeFeFeFeFeFeFeFe:sim00052,0.030467281,-0.04836347,0,1,1
r3.0:Fe:cn13:CCCCFeFeFeFeFeFeFeFeFe:sim00056,0.031353213,-0.048377253,0,1,1
r3.0:Fe:cn13:CCCCFeFeFeFeFeFeFeFeFe:sim00060,0.012123285,-0.039841644,0,1,1
r3.0:Fe:cn13:CCCCFeFeFeFeFeFeFeFeFe:sim00064,0.026828505,-0.051629569,0,1,1
r3.0:Fe:cn13:CCCCFeFeFeFeFeFeFeFeFe:sim00068,0.027207216,-0.051767707,0,1,1
r3.0:Fe:cn13:CCCCFeFeFeFeFeFeFeFeFe:sim00072,0.02644667,-0.051802807,0,1,1
r3.0:Fe:cn13:CCCCFeFeFeFeFeFeFeFeFe:sim00076,0.0017714287,-0.051994629,0,1,1
r3.0:Fe:cn13:CCCCFeFeFeFeFeFeFeFeFe:sim00080,0.05287046,-0.055572543,0,1,1
r3.0:Fe:cn13:CCCCFeFeFeFeFeFeFeFeFe:sim00084,0.053374361,-0.047935054,0,1,1
r3.0:Fe:cn13:CCCCFeFeFeFeFeFeFeFeFe:sim00088,0.05656616,-0.052914754,0,1,1
r3.0:Fe:cn13:CCCCFeFeFeFeFeFeFeFeFe:sim00092,0.01782365,-0.038785808,0,1,1
r3.0:Fe:cn13:CCCCFeFeFeFeFeFeFeFeFe:sim00096,0.0050596157,-0.050770316,0,1,1
r3.0:Fe:cn13:CCCCFeFeFeFeFeFeFeFeFe:sim00100,0.015376925,-0.057311609,0,1,1
r3.0:Fe:cn13:CCCCFeFeFeFeFeFeFeFeFe:sim00104,0.015596064,-0.057124712,0,1,1
r3.0:Fe:cn13:CCCCFeFeFeFeFeFeFeFeFe:sim00108,0.009750261,-0.05928823,0,1,1
r3.0:Fe:cn13:CCCCFeFeFeFeFeFeFeFeFe:sim00112,0.044273335,-0.03093099,0,1,1
r3.0:Fe:cn13:CCCCFeFeFeFeFeFeFeFeFe:sim00116,0.018100111,-0.035977207,0,1,1
r3.0:Fe:cn13:CCCCFeFeFeFeFeFeFeFeFe:sim00120,0.010923342,-0.035429653,0,1,1
r3.0:Fe:cn13:CCCCFeFeFeFeFeFeFeFeFe:sim00124,0.01083371,-0.036747713,0,1,1
r3.0:Fe:cn13:CCCCFeFeFeFeFeFeFeFeFe:sim00128,0.010664016,-0.036523286,0,1,1
r3.0:Fe:cn13:CCCCFeFeFeFeFeFeFeFeFe:sim00132,0.0098141022,-0.036838237,0,1,1
r3.0:Fe:cn13:CCCCFeFeFeFeFeFeFeFeFe:sim00136,-0.0021329622,-0.053052984,0,1,1
r3.0:Fe:cn13:CCCCFeFeFeFeFeFeFeFeFe:sim00140,-0.029272119,-0.074638896,0,1,1
r3.0:Fe:cn13:CCCCFeFeFeFeFeFeFeFeFe:sim00144,-0.0046590902,-0.075327732,0,1,1
r3.0:Fe:cn13:CCCCFeFeFeFeFeFeFeFeFe:sim00148,-0.010027489,-0.076455645,0,1,1
r3.0:Fe:cn13:CCCCFeFeFeFeFeFeFeFeFe:sim00152,0.010075241,-0.037220076,0,1,1
r3.0:Fe:cn13:CCCCFeFeFeFeFeFeFeFeFe:sim00156,0.0012873837,-0.046292305,0,1,1
r3.0:Fe:cn13:CCCCFeFeFeFeFeFeFeFeFe:sim00160,0.0042401394,-0.043870218,0,1,1
r3.0:Fe:cn13:CCCCFeFeFeFeFeFeFeFeFe:sim00164,0.0099503519,-0.036572069,0,1,1
r3.0:Fe:cn13:CCCCFeFeFeFeFeFeFeFeFe:sim00168,0.015119696,-0.033741035,0,1,1
r3.0:Fe:cn13:CCCCFeFeFeFeFeFeFeFeFe:sim00172,0.0089391684,-0.037007935,0,1,1
r3.0:Fe:cn13:CCCCFeFeFeFeFeFeFeFeFe:sim00176,0.0091902753,-0.037455872,0,1,1
r3.0:Fe:cn13:CCCCFeFeFeFeFeFeFeFeFe:sim00180,0.008700815,-0.037418481,0,1,1
r3.0:Fe:cn13:CCCCFeFeFeFeFeFeFeFeFe:sim00184,0.01076517,-0.036767442,0,1,1
r3.0:Fe:cn13:CCCCFeFeFeFeFeFeFeFeFe:sim00188,-0.0045378641,-0.024785478,0,1,1
r3.0:Fe:cn13:CCCCFeFeFeFeFeFeFeFeFe:sim00192,-0.011591597,-0.037012063,0,1,1
r3.0:Fe:cn13:CCCCFeFeFeFeFeFeFeFeFe:sim00196,0.03348244,-0.021530788,0,1,1
r3.0:Fe:cn13:CCCCFeFeFeFeFeFeFeFeFe:sim00200,0.0060168845,-0.039499987,0,1,1
r3.0:Fe:cn13:CCCCFeFeFeFeFeFeFeFeFe:sim00204,0.0077355946,-0.034198422,0,1,1
r3.0:Fe:cn13:CCCCFeFeFeFeFeFeFeFeFe:sim00208,0.025923895,-0.053463534,0,1,1
r3.0:Fe:cn13:CCCCFeFeFeFeFeFeFeFeFe:sim00212,0.0080782985,-0.034878176,0,1,1
r3.0:Fe:cn13:CCCCFeFeFeFeFeFeFeFeFe:sim00216,0.018343307,-0.046061881,0,1,1
r3.0:Fe:cn13:CCCCFeFeFeFeFeFeFeFeFe:sim00220,0.0081974566,-0.03367253,0,1,1
r3.0:Fe:cn13:CCCCFeFeFeFeFeFeFeFeFe:sim00224,0.0080846874,-0.033436134,0,1,1
r3.0:Fe:cn13:CCCCFeFeFeFeFeFeFeFeFe:sim00228,-0.0012419181,-0.04318044,0,1,1
r3.0:Fe:cn13:CCCCFeFeFeFeFeFeFeFeFe:sim00232,0.0034384078,-0.036463547,0,1,1
r3.0:Fe:cn13:CCCCFeFeFeFeFeFeFeFeFe:sim00236,0.0019665831,-0.014521919,0,1,1
r3.0:Fe:cn13:CCCCFeFeFeFeFeFeFeFeFe:sim00240,0.013107222,-0.065939926,0,1,1
r3.0:Fe:cn13:CCCCFeFeFeFeFeFeFeFeFe:sim00244,0.011809851,-0.060584255,0,1,1
r3.0:Fe:cn13:CCCCFeFeFeFeFeFeFeFeFe:sim00248,0.013013227,-0.060117196,0,1,1
r3.0:Fe:cn13:CCCCFeFeFeFeFeFeFeFeFe:sim00252,0.0025654619,-0.036945671,0,1,1
r3.0:Fe:cn13:CCCCFeFeFeFeFeFeFeFeFe:sim00256,-0.0062841419,-0.023963515,0,1,1
r3.0:Fe:cn13:CCCCFeFeFeFeFeFeFeFeFe:sim00260,0.0061334134,-0.04561609,0,1,1
r3.0:Fe:cn13:CCCCFeFeFeFeFeFeFeFeFe:sim00264,0.00051722821,-0.036320057,0,1,1
r3.0:Fe:cn13:CCCCFeFeFeFeFeFeFeFeFe:sim00268,0.01771537,-0.045253951,0,1,1
r3.0:Fe:cn13:CCCCFeFeFeFeFeFeFeFeFe:sim00272,-0.0018033786,-0.043518987,0,1,1
r3.0:Fe:cn13:CCCCFeFeFeFeFeFeFeFeFe:sim00276,0.026932027,-0.053455912,0,1,1
r3.0:Fe:cn13:CCCCFeFeFeFeFeFeFeFeFe:sim00280,0.0080545442,-0.033519763,0,1,1
r3.0:Fe:cn13:CCCCFeFeFeFeFeFeFeFeFe:sim00284,0.0061388025,-0.034435123,0,1,1
r3.0:Fe:cn13:CCCCFeFeFeFeFeFeFeFeFe:sim00288,-0.0074020792,-0.022054553,0,1,1
r3.0:Fe:cn13:CCCCFeFeFeFeFeFeFeFeFe:sim00292,0.008111855,-0.033510499,0,1,1
r3.0:Fe:cn13:CCCCFeFeFeFeFeFeFeFeFe:sim00296,0.0092597464,-0.03302234,0,1,1
r3.0:Fe:cn13:CCCCFeFeFeFeFeFeFeFeFe:sim00300,0.0029428254,-0.011519138,0,1,1
r3.0:Fe:cn13:CCCCFeFeFeFeFeFeFeFeFe:sim00304,0.0081014642,-0.010448679,0,1,1
r3.0:Fe:cn13:CCCCFeFeFeFeFeFeFeFeFe:sim00308,0.019417331,0.007740628,0,1,1
r3.0:Fe:cn13:CCCCFeFeFeFeFeFeFeFeFe:sim00312,0.0099378275,-0.042307928,0,1,1
r3.0:Fe:cn13:CCCCFeFeFeFeFeFeFeFeFe:sim00316,0.0083343042,-0.043935958,0,1,1
r3.0:Fe:cn13:CCCCFeFeFeFeFeFeFeFeFe:sim00320,0.0073922239,-0.032478288,0,1,1
r3.0:Fe:cn13:CCCCFeFeFeFeFeFeFeFeFe:sim00324,-0.011289183,-0.012715873,0,1,1
r3.0:Fe:cn13:CCCCFeFeFeFeFeFeFeFeFe:sim00328,0.007519091,-0.031075681,0,1,1
r3.0:Fe:cn13:CCCCFeFeFeFeFeFeFeFeFe:sim00332,0.021371249,-0.046250775,0,1,1
r3.0:Fe:cn13:CCCCFeFeFeFeFeFeFeFeFe:sim00336,0.0060703144,-0.022493664,0,1,1
r3.0:Fe:cn13:CCCCFeFeFeFeFeFeFeFeFe:sim00340,0.0075732488,-0.032071617,0,1,1
r3.0:Fe:cn13:CCCCFeFeFeFeFeFeFeFeFe:sim00344,0.0094944639,-0.04255962,0,1,1
r3.0:Fe:cn13:CCCCFeFeFeFeFeFeFeFeFe:sim00348,-0.022792196,-0.033075526,0,1,1
r3.0:Fe:cn13:CCCCFeFeFeFeFeFeFeFeFe:sim00352,0.0073387274,-0.032494452,0,1,1
r3.0:Fe:cn13:CCCCFeFeFeFeFeFeFeFeFe:sim00356,0.0095957974,-0.031274799,0,1,1
r3.0:Fe:cn13:CCCCFeFeFeFeFeFeFeFeFe:sim00360,0.0014810406,-0.035429325,0,1,1
r3.0:Fe:cn13:CCCCFeFeFeFeFeFeFeFeFe:sim00364,0.0031473602,-0.034030233,0,1,1
r3.0:Fe:cn13:CCCCFeFeFeFeFeFeFeFeFe:sim00368,0.011102041,-0.029249165,0,1,1
r3.0:Fe:cn13:CCCCFeFeFeFeFeFeFeFeFe:sim00372,-0.0044455929,-0.047826104,0,1,1
r3.0:Fe:cn13:CCCCFeFeFeFeFeFeFeFeFe:sim00376,-0.01122759,0.0070240572,0,1,1
r3.0:Fe:cn13:CCCCFeFeFeFeFeFeFeFeFe:sim00380,0.023692744,-0.013405957,0,1,1
r3.0:Fe:cn13:CCCCFeFeFeFeFeFeFeFeFe:sim00384,-0.012543662,-0.02343398,0,1,1
r3.0:Fe:cn13:CCCCFeFeFeFeFeFeFeFeFe:sim00388,-0.0081660589,-0.071114846,0,1,1
r3.0:Fe:cn13:CCCCFeFeFeFeFeFeFeFeFe:sim00392,-0.021831583,-0.03286314,0,1,1
r3.0:Fe:cn13:CCCCFeFeFeFeFeFeFeFeFe:sim00396,0.0066380268,-0.039385065,0,1,1
r3.0:Fe:cn13:CCCCFeFeFeFeFeFeFeFeFe:sim00400,0.0076490804,-0.031930093,0,1,1
r3.0:Fe:cn13:CCCCFeFeFeFeFeFeFeFeFe:sim00404,0.0074349558,-0.032053497,0,1,1
r3.0:Fe:cn13:CCCCFeFeFeFeFeFeFeFeFe:sim00408,0.038586695,-0.023481363,0,1,1
r3.0:Fe:cn13:CCCCFeFeFeFeFeFeFeFeFe:sim00412,0.0045092087,-0.032618254,0,1,1
r3.0:Fe:cn13:CCCCFeFeFeFeFeFeFeFeFe:sim00416,0.020455038,-0.01497421,0,1,1
r3.0:Fe:cn13:CCCCFeFeFeFeFeFeFeFeFe:sim00420,-0.023087641,-0.043119457,0,1,1
r3.0:Fe:cn13:CCCCFeFeFeFeFeFeFeFeFe:sim00424,0.0063470709,-0.033486091,0,1,1
r3.0:Fe:cn13:CCCCFeFeFeFeFeFeFeFeFe:sim00428,0.0056162751,-0.034370203,0,1,1
r3.0:Fe:cn13:CCCCFeFeFeFeFeFeFeFeFe:sim00432,0.0078305164,-0.032051332,0,1,1
r3.0:Fe:cn13:CCCCFeFeFeFeFeFeFeFeFe:sim00436,0.014988587,-0.027666364,0,1,1
r3.0:Fe:cn13:CCCCFeFeFeFeFeFeFeFeFe:sim00440,0.0078010666,-0.03237189,0,1,1
r3.0:Fe:cn13:CCCCFeFeFeFeFeFeFeFeFe:sim00444,0.0077682268,-0.031873085,0,1,1
r3.0:Fe:cn13:CCCCFeFeFeFeFeFeFeFeFe:sim00448,0.006347382,-0.033381663,0,1,1
r3.0:Fe:cn13:CCCCFeFeFeFeFeFeFeFeFe:sim00452,0.025903849,-0.039825875,0,1,1
r3.0:Fe:cn13:CCCCFeFeFeFeFeFeFeFeFe:sim00456,0.03635738,-0.053872604,0,1,1
r3.0:Fe:cn13:CCCCFeFeFeFeFeFeFeFeFe:sim00460,0.0077226567,-0.055531412,0,1,1
r3.0:Fe:cn13:CCCCFeFeFeFeFeFeFeFeFe:sim00464,0.012522753,-0.053461097,0,1,1
r3.0:Fe:cn13:CCCCFeFeFeFeFeFeFeFeFe:sim00468,0.027415609,-0.064561948,0,1,1
r3.0:Fe:cn13:CCCCFeFeFeFeFeFeFeFeFe:sim00472,-0.00059486279,-0.036753371,0,1,1
r3.0:Fe:cn13:CCCCFeFeFeFeFeFeFeFeFe:sim00476,0.027553577,-0.041249212,0,1,1
r3.0:Fe:cn13:CCCCFeFeFeFeFeFeFeFeFe:sim00480,-0.056112424,-0.0082065538,0,1,1
r3.0:Fe:cn13:CCCCFeFeFeFeFeFeFeFeFe:sim00484,-0.022122582,-0.033236396,0,1,1
r3.0:Fe:cn13:CCCCFeFeFeFeFeFeFeFeFe:sim00488,-0.02182446,-0.032890841,0,1,1
r3.0:Fe:cn13:CCCCFeFeFeFeFeFeFeFeFe:sim00492,0.012451226,-0.052225977,0,1,1
r3.0:Fe:cn13:CCCCFeFeFeFeFeFeFeFeFe:sim00496,0.0049365908,-0.035367601,0,1,1
r3.0:Fe:cn13:CCCCFeFeFeFeFeFeFeFeFe:sim00500,-0.0088029988,-0.043931808,0,1,1
r3.0:Fe:cn13:CCCCFeFeFeFeFeFeFeFeFe:sim00504,0.040339217,-0.049340434,0,1,1
r3.0:Fe:cn13:CCCCFeFeFeFeFeFeFeFeFe:sim00508,-0.0047166157,-0.069436334,0,1,1
r3.0:Fe:cn13:CCCCFeFeFeFeFeFeFeFeFe:sim00512,0.012005831,0.02177301,0,1,1
r3.0:Fe:cn13:CCCCFeFeFeFeFeFeFeFeFe:sim00516,-0.0047228774,-0.018485691,0,1,1
r3.0:Fe:cn13:CCCCFeFeFeFeFeFeFeFeFe:sim00520,0.026140653,-0.042037856,0,1,1
r3.0:Fe:cn13:CCCCFeFeFeFeFeFeFeFeFe:sim00524,0.015013848,-0.028587023,0,1,1
r3.0:Fe:cn13:CCCCFeFeFeFeFeFeFeFeFe:sim00528,0.015608932,-0.051126007,0,1,1
r3.0:Fe:cn13:CCCCFeFeFeFeFeFeFeFeFe:sim00532,0.011433804,-0.029250415,0,1,1
r3.0:Fe:cn13:CCCCFeFeFeFeFeFeFeFeFe:sim00536,0.010815357,-0.030423341,0,1,1
r3.0:Fe:cn13:CCCCFeFeFeFeFeFeFeFeFe:sim00540,0.0054516005,-0.021013577,0,1,1
r3.0:Fe:cn13:CCCCFeFeFeFeFeFeFeFeFe:sim00544,0.024235342,-0.040847696,0,1,1
r3.0:Fe:cn13:CCCCFeFeFeFeFeFeFeFeFe:sim00548,0.022511411,-0.042399772,0,1,1
r3.0:Fe:cn13:CCCCFeFeFeFeFeFeFeFeFe:sim00552,0.010703838,-0.03048574,0,1,1
r3.0:Fe:cn13:CCCCFeFeFeFeFeFeFeFeFe:sim00556,0.010825546,-0.029975273,0,1,1
r3.0:Fe:cn13:CCCCFeFeFeFeFeFeFeFeFe:sim00560,0.0087622497,-0.034692273,0,1,1
r3.0:Fe:cn13:CCCCFeFeFeFeFeFeFeFeFe:sim00564,0.01351725,-0.028789686,0,1,1
r3.0:Fe:cn13:CCCCFeFeFeFeFeFeFeFeFe:sim00568,0.03874699,-0.049256232,0,1,1
r3.0:Fe:cn13:CCCCFeFeFeFeFeFeFeFeFe:sim00572,0.011806881,-0.02306396,0,1,1
r3.0:Fe:cn13:CCCCFeFeFeFeFeFeFeFeFe:sim00576,0.018599972,-0.033197619,0,1,1
r3.0:Fe:cn13:CCCCFeFeFeFeFeFeFeFeFe:sim00580,0.0088446252,-0.031574082,0,1,1
r3.0:Fe:cn13:CCCCFeFeFeFeFeFeFeFeFe:sim00584,0.0095048146,-0.038115114,0,1,1
r3.0:Fe:cn13:CCCCFeFeFeFeFeFeFeFeFe:sim00588,0.010607688,-0.030885546,0,1,1
r3.0:Fe:cn13:CCCCFeFeFeFeFeFeFeFeFe:sim00592,0.010829849,-0.030468471,0,1,1
r3.0:Fe:cn13:CCCCFeFeFeFeFeFeFeFeFe:sim00596,0.0074314028,-0.031968743,0,1,1
r3.0:Fe:cn13:CCCCFeFeFeFeFeFeFeFeFe:sim00600,-0.0023849101,-0.018923694,0,1,1
r3.0:Fe:cn13:CCCCFeFeFeFeFeFeFeFeFe:sim00604,0.012209918,-0.035980824,0,1,1
r3.0:Fe:cn13:CCCCFeFeFeFeFeFeFeFeFe:sim00608,0.0084751835,-0.031888843,0,1,1
r3.0:Fe:cn13:CCCCFeFeFeFeFeFeFeFeFe:sim00612,-0.01190699,-0.01127493,0,1,1
r3.0:Fe:cn13:CCCCFeFeFeFeFeFeFeFeFe:sim00616,-0.0016855198,-0.030845076,0,1,1
r3.0:Fe:cn13:CCCCFeFeFeFeFeFeFeFeFe:sim00620,0.007889973,-0.033349086,0,1,1
r3.0:Fe:cn13:CCCCFeFeFeFeFeFeFeFeFe:sim00624,0.0066622379,-0.03474975,0,1,1
r3.0:Fe:cn13:CCCCFeFeFeFeFeFeFeFeFe:sim00628,0.01331248,-0.030139817,0,1,1
r3.0:Fe:cn13:CCCCFeFeFeFeFeFeFeFeFe:sim00632,0.0076333052,-0.030914793,0,1,1
r3.0:Fe:cn13:CCCCFeFeFeFeFeFeFeFeFe:sim00636,0.0097254207,-0.02419588,0,1,1
r3.0:Fe:cn13:CCCCFeFeFeFeFeFeFeFeFe:sim00640,0.0081828535,-0.03150595,0,1,1
r3.0:Fe:cn13:CCCCFeFeFeFeFeFeFeFeFe:sim00644,0.016988005,-0.023836171,0,1,1
r3.0:Fe:cn13:CCCCFeFeFeFeFeFeFeFeFe:sim00648,0.0079611083,-0.031294979,0,1,1
r3.0:Fe:cn13:CCCCFeFeFeFeFeFeFeFeFe:sim00652,0.0069328807,-0.021666786,0,1,1
r3.0:Fe:cn13:CCCCFeFeFeFeFeFeFeFeFe:sim00656,-0.0020851896,-0.031593148,0,1,1
r3.0:Fe:cn13:CCCCFeFeFeFeFeFeFeFeFe:sim00660,0.0065208743,-0.032715008,0,1,1
r3.0:Fe:cn13:CCCCFeFeFeFeFeFeFeFeFe:sim00664,0.0086456761,-0.031597815,0,1,1
r3.0:Fe:cn13:CCCCFeFeFeFeFeFeFeFeFe:sim00668,0.0085275071,-0.031503104,0,1,1
r3.0:Fe:cn13:CCCCFeFeFeFeFeFeFeFeFe:sim00672,0.0080493717,-0.031582244,0,1,1
r3.0:Fe:cn13:CCCCFeFeFeFeFeFeFeFeFe:sim00676,0.0062115062,-0.033066675,0,1,1
r3.0:Fe:cn13:CCCCFeFeFeFeFeFeFeFeFe:sim00680,0.0085603623,-0.031670447,0,1,1
r3.0:Fe:cn13:CCCCFeFeFeFeFeFeFeFeFe:sim00684,0.0086982073,-0.031324301,0,1,1
r3.0:Fe:cn13:CCCCFeFeFeFeFeFeFeFeFe:sim00688,-0.016538266,-0.03048153,0,1,1
r3.0:Fe:cn13:CCCCFeFeFeFeFeFeFeFeFe:sim00692,0.0082615754,-0.031579003,0,1,1
r3.0:Fe:cn13:CCCCFeFeFeFeFeFeFeFeFe:sim00696,0.035061896,-0.031484369,0,1,1
r3.0:Fe:cn13:CCCCFeFeFeFeFeFeFeFeFe:sim00700,-0.021396285,-0.023723066,0,1,1
r3.0:Fe:cn13:CCCCFeFeFeFeFeFeFeFeFe:sim00704,0.0062414608,-0.022254575,0,1,1
r3.0:Fe:cn13:CCCCFeFeFeFeFeFeFeFeFe:sim00708,0.018884024,-0.03226313,0,1,1
r3.0:Fe:cn13:CCCCFeFeFeFeFeFeFeFeFe:sim00712,0.007818995,-0.032055154,0,1,1
r3.0:Fe:cn13:CCCCFeFeFeFeFeFeFeFeFe:sim00716,0.008430656,-0.031140573,0,1,1
r3.0:Fe:cn13:CCCCFeFeFeFeFeFeFeFeFe:sim00720,0.0079087727,-0.031747408,0,1,1
r3.0:Fe:cn13:CCCCFeFeFeFeFeFeFeFeFe:sim00724,0.0061587738,-0.022141458,0,1,1
r3.0:Fe:cn13:CCCCFeFeFeFeFeFeFeFeFe:sim00728,-0.0058107269,-0.0090089701,0,1,1
r3.0:Fe:cn13:CCCCFeFeFeFeFeFeFeFeFe:sim00732,-0.0048545678,-0.042993084,0,1,1
r3.0:Fe:cn13:CCCCFeFeFeFeFeFeFeFeFe:sim00736,0.0084096612,-0.055356044,0,1,1
r3.0:Fe:cn13:CCCCFeFeFeFeFeFeFeFeFe:sim00740,-0.010794958,-0.011877333,0,1,1
r3.0:Fe:cn13:CCCFeFeFeFeFeFeFeFeFeFe:sim00002,0.082526669,-0.010903342,0,1,1
r3.0:Fe:cn13:CCCFeFeFeFeFeFeFeFeFeFe:sim00006,0.073518448,-0.01774071,0,1,1
r3.0:Fe:cn13:CCCFeFeFeFeFeFeFeFeFeFe:sim00010,0.073446319,-0.013076688,0,1,1
r3.0:Fe:cn13:CCCFeFeFeFeFeFeFeFeFeFe:sim00014,0.046748266,-0.037686866,0,1,1
r3.0:Fe:cn13:CCCFeFeFeFeFeFeFeFeFeFe:sim00018,0.060138304,-0.0032733155,0,1,1
r3.0:Fe:cn13:CCCFeFeFeFeFeFeFeFeFeFe:sim00022,0.057755835,-0.000422754,0,1,1
r3.0:Fe:cn13:CCCFeFeFeFeFeFeFeFeFeFe:sim00026,0.055793077,-0.00084205443,0,1,1
r3.0:Fe:cn13:CCCFeFeFeFeFeFeFeFeFeFe:sim00030,0.057867218,0.020952621,0,1,1
r3.0:Fe:cn13:CCCFeFeFeFeFeFeFeFeFeFe:sim00034,0.057190441,0.00088560308,0,1,1
r3.0:Fe:cn13:CCCFeFeFeFeFeFeFeFeFeFe:sim00038,0.057101402,0.00094472046,0,1,1
r3.0:Fe:cn13:CCCFeFeFeFeFeFeFeFeFeFe:sim00042,0.056189314,-0.00050548353,0,1,1
r3.0:Fe:cn13:CCCFeFeFeFeFeFeFeFeFeFe:sim00046,0.062107921,-0.017555967,0,1,1
r3.0:Fe:cn13:CCCFeFeFeFeFeFeFeFeFeFe:sim00050,0.064294532,0.0048588873,0,1,1
r3.0:Fe:cn13:CCCFeFeFeFeFeFeFeFeFeFe:sim00054,0.050049614,-0.006605404,0,1,1
r3.0:Fe:cn13:CCCFeFeFeFeFeFeFeFeFeFe:sim00058,0.059029117,-0.0044996752,0,1,1
r3.0:Fe:cn13:CCCFeFeFeFeFeFeFeFeFeFe:sim00062,0.053976905,-0.0025566281,0,1,1
r3.0:Fe:cn13:CCCFeFeFeFeFeFeFeFeFeFe:sim00066,0.058161754,0.0014199105,0,1,1
r3.0:Fe:cn13:CCCFeFeFeFeFeFeFeFeFeFe:sim00070,0.05367028,0.008257865,0,1,1
r3.0:Fe:cn13:CCCFeFeFeFeFeFeFeFeFeFe:sim00074,0.057313371,0.0012053532,0,1,1
r3.0:Fe:cn13:CCCFeFeFeFeFeFeFeFeFeFe:sim00078,0.05776114,0.0014378227,0,1,1
r3.0:Fe:cn13:CCCFeFeFeFeFeFeFeFeFeFe:sim00082,0.06688305,0.0085383244,0,1,1
r3.0:Fe:cn13:CCCFeFeFeFeFeFeFeFeFeFe:sim00086,0.081195444,-0.001954078,0,1,1
r3.0:Fe:cn13:CCCFeFeFeFeFeFeFeFeFeFe:sim00090,0.06090698,0.020139672,0,1,1
r3.0:Fe:cn13:CCCFeFeFeFeFeFeFeFeFeFe:sim00094,0.060415726,0.0026377542,0,1,1
r3.0:Fe:cn13:CCCFeFeFeFeFeFeFeFeFeFe:sim00098,0.055361535,0.0087199053,0,1,1
r3.0:Fe:cn13:CCCFeFeFeFeFeFeFeFeFeFe:sim00102,0.047546644,-0.0038963258,0,1,1
r3.0:Fe:cn13:CCCFeFeFeFeFeFeFeFeFeFe:sim00106,0.064349838,-0.021901283,0,1,1
r3.0:Fe:cn13:CCCFeFeFeFeFeFeFeFeFeFe:sim00110,0.052279554,0.024457425,0,1,1
r3.0:Fe:cn13:CCCFeFeFeFeFeFeFeFeFeFe:sim00114,0.056504603,0.026849499,0,1,1
r3.0:Fe:cn13:CCCFeFeFeFeFeFeFeFeFeFe:sim00118,0.037637554,0.034774818,0,1,1
r3.0:Fe:cn13:CCCFeFeFeFeFeFeFeFeFeFe:sim00122,0.034778152,0.0050520301,0,1,1
r3.0:Fe:cn13:CCCFeFeFeFeFeFeFeFeFeFe:sim00126,0.042988636,0.014584013,0,1,1
r3.0:Fe:cn13:CCCFeFeFeFeFeFeFeFeFeFe:sim00130,0.04226926,0.014978352,0,1,1
r3.0:Fe:cn13:CCCFeFeFeFeFeFeFeFeFeFe:sim00134,0.043140981,0.01438842,0,1,1
r3.0:Fe:cn13:CCCFeFeFeFeFeFeFeFeFeFe:sim00138,0.043828838,0.015665721,0,1,1
r3.0:Fe:cn13:CCCFeFeFeFeFeFeFeFeFeFe:sim00142,0.029589867,-0.019556483,0,1,1
r3.0:Fe:cn13:CCCFeFeFeFeFeFeFeFeFeFe:sim00146,0.039884642,-0.031205216,0,1,1
r3.0:Fe:cn13:CCCFeFeFeFeFeFeFeFeFeFe:sim00150,0.034724399,0.0061183912,0,1,1
r3.0:Fe:cn13:CCCFeFeFeFeFeFeFeFeFeFe:sim00154,0.041490708,0.013850228,0,1,1
r3.0:Fe:cn13:CCCFeFeFeFeFeFeFeFeFeFe:sim00158,0.032090224,0.0006053595,0,1,1
r3.0:Fe:cn13:CCCFeFeFeFeFeFeFeFeFeFe:sim00162,0.059047174,0.0058478839,0,1,1
r3.0:Fe:cn13:CCCFeFeFeFeFeFeFeFeFeFe:sim00166,0.048330225,0.01892635,0,1,1
r3.0:Fe:cn13:CCCFeFeFeFeFeFeFeFeFeFe:sim00170,0.041782405,0.014227612,0,1,1
r3.0:Fe:cn13:CCCFeFeFeFeFeFeFeFeFeFe:sim00174,0.041692708,0.014309305,0,1,1
r3.0:Fe:cn13:CCCFeFeFeFeFeFeFeFeFeFe:sim00178,0.042684261,0.01575255,0,1,1
r3.0:Fe:cn13:CCCFeFeFeFeFeFeFeFeFeFe:sim00182,0.039315857,0.021987479,0,1,1
r3.0:Fe:cn13:CCCFeFeFeFeFeFeFeFeFeFe:sim00186,0.041168183,0.0097522568,0,1,1
r3.0:Fe:cn13:CCCFeFeFeFeFeFeFeFeFeFe:sim00190,0.040984962,0.046621144,0,1,1
r3.0:Fe:cn13:CCCFeFeFeFeFeFeFeFeFeFe:sim00194,0.072585233,0.023206348,0,1,1
r3.0:Fe:cn13:CCCFeFeFeFeFeFeFeFeFeFe:sim00198,0.044317726,0.021962712,0,1,1
r3.0:Fe:cn13:CCCFeFeFeFeFeFeFeFeFeFe:sim00202,0.040764943,0.018050957,0,1,1
r3.0:Fe:cn13:CCCFeFeFeFeFeFeFeFeFeFe:sim00206,0.039935887,0.016676454,0,1,1
r3.0:Fe:cn13:CCCFeFeFeFeFeFeFeFeFeFe:sim00210,0.048660152,0.024838449,0,1,1
r3.0:Fe:cn13:CCCFeFeFeFeFeFeFeFeFeFe:sim00214,0.041256115,0.018260427,0,1,1
r3.0:Fe:cn13:CCCFeFeFeFeFeFeFeFeFeFe:sim00218,0.054870244,0.0074126963,0,1,1
r3.0:Fe:cn13:CCCFeFeFeFeFeFeFeFeFeFe:sim00222,0.033586055,0.013362896,0,1,1
r3.0:Fe:cn13:CCCFeFeFeFeFeFeFeFeFeFe:sim00226,0.028602349,0.027290344,0,1,1
r3.0:Fe:cn13:CCCFeFeFeFeFeFeFeFeFeFe:sim00230,0.031664345,0.0080332737,0,1,1
r3.0:Fe:cn13:CCCFeFeFeFeFeFeFeFeFeFe:sim00234,0.039757684,0.016572904,0,1,1
r3.0:Fe:cn13:CCCFeFeFeFeFeFeFeFeFeFe:sim00238,0.04689363,0.014100197,0,1,1
r3.0:Fe:cn13:CCCFeFeFeFeFeFeFeFeFeFe:sim00242,0.052742314,0.0019578729,0,1,1
r3.0:Fe:cn13:CCCFeFeFeFeFeFeFeFeFeFe:sim00246,0.022753961,-0.0030334026,0,1,1
r3.0:Fe:cn13:CCCFeFeFeFeFeFeFeFeFeFe:sim00250,0.039984416,0.017264524,0,1,1
r3.0:Fe:cn13:CCCFeFeFeFeFeFeFeFeFeFe:sim00254,0.039686684,0.017746937,0,1,1
r3.0:Fe:cn13:CCCFeFeFeFeFeFeFeFeFeFe:sim00258,0.036069434,-0.0098627871,0,1,1
r3.0:Fe:cn13:CCCFeFeFeFeFeFeFeFeFeFe:sim00262,0.056014612,0.021731501,0,1,1
r3.0:Fe:cn13:CCCFeFeFeFeFeFeFeFeFeFe:sim00266,0.051431436,0.0062462687,0,1,1
r3.0:Fe:cn13:CCCFeFeFeFeFeFeFeFeFeFe:sim00270,0.041091453,0.017966086,0,1,1
r3.0:Fe:cn13:CCCFeFeFeFeFeFeFeFeFeFe:sim00274,0.037205137,0.016608974,0,1,1
r3.0:Fe:cn13:CCCFeFeFeFeFeFeFeFeFeFe:sim00278,0.041733932,0.019001268,0,1,1
r3.0:Fe:cn13:CCCFeFeFeFeFeFeFeFeFeFe:sim00282,0.028214518,0.0066203866,0,1,1
r3.0:Fe:cn13:CCCFeFeFeFeFeFeFeFeFeFe:sim00286,0.040612206,0.018072899,0,1,1
r3.0:Fe:cn13:CCCFeFeFeFeFeFeFeFeFeFe:sim00290,0.040832419,0.018138545,0,1,1
r3.0:Fe:cn13:CCCFeFeFeFeFeFeFeFeFeFe:sim00294,0.062524557,0.014415872,0,1,1
r3.0:Fe:cn13:CCCFeFeFeFeFeFeFeFeFeFe:sim00298,0.037373345,0.017044298,0,1,1
r3.0:Fe:cn13:CCCFeFeFeFeFeFeFeFeFeFe:sim00302,0.036073036,0.039105885,0,1,1
r3.0:Fe:cn13:CCCFeFeFeFeFeFeFeFeFeFe:sim00306,0.039065324,0.039227616,0,1,1
r3.0:Fe:cn13:CCCFeFeFeFeFeFeFeFeFeFe:sim00310,0.039169107,0.032298677,0,1,1
r3.0:Fe:cn13:CCCFeFeFeFeFeFeFeFeFeFe:sim00314,0.047449812,0.0047375015,0,1,1
r3.0:Fe:cn13:CCCFeFeFeFeFeFeFeFeFeFe:sim00318,0.052543305,0.022366108,0,1,1
r3.0:Fe:cn13:CCCFeFeFeFeFeFeFeFeFeFe:sim00322,0.040146641,0.01958164,0,1,1
r3.0:Fe:cn13:CCCFeFeFeFeFeFeFeFeFeFe:sim00326,0.039712239,0.01867659,0,1,1
r3.0:Fe:cn13:CCCFeFeFeFeFeFeFeFeFeFe:sim00330,0.040612943,0.019615665,0,1,1
r3.0:Fe:cn13:CCCFeFeFeFeFeFeFeFeFeFe:sim00334,0.0007641436,0.037987284,0,1,1
r3.0:Fe:cn13:CCCFeFeFeFeFeFeFeFeFeFe:sim00338,0.048673265,0.02798113,0,1,1
r3.0:Fe:cn13:CCCFeFeFeFeFeFeFeFeFeFe:sim00342,0.028833121,0.0036061793,0,1,1
r3.0:Fe:cn13:CCCFeFeFeFeFeFeFeFeFeFe:sim00346,0.031603284,0.010403611,0,1,1
r3.0:Fe:cn13:CCCFeFeFeFeFeFeFeFeFeFe:sim00350,0.040384259,0.019404555,0,1,1
r3.0:Fe:cn13:CCCFeFeFeFeFeFeFeFeFeFe:sim00354,0.048956815,0.028347593,0,1,1
r3.0:Fe:cn13:CCCFeFeFeFeFeFeFeFeFeFe:sim00358,0.036851749,0.018044641,0,1,1
r3.0:Fe:cn13:CCCFeFeFeFeFeFeFeFeFeFe:sim00362,0.032542177,0.011548844,0,1,1
r3.0:Fe:cn13:CCCFeFeFeFeFeFeFeFeFeFe:sim00366,0.035446845,0.016263979,0,1,1
r3.0:Fe:cn13:CCCFeFeFeFeFeFeFeFeFeFe:sim00370,0.039024368,0.018799998,0,1,1
r3.0:Fe:cn13:CCCFeFeFeFeFeFeFeFeFeFe:sim00374,0.040383782,0.019441862,0,1,1
r3.0:Fe:cn13:CCCFeFeFeFeFeFeFeFeFeFe:sim00378,0.037959639,0.017654067,0,1,1
r3.0:Fe:cn13:CCCFeFeFeFeFeFeFeFeFeFe:sim00382,0.040261414,0.01942567,0,1,1
r3.0:Fe:cn13:CCCFeFeFeFeFeFeFeFeFeFe:sim00386,0.029253865,0.0046117771,0,1,1
r3.0:Fe:cn13:CCCFeFeFeFeFeFeFeFeFeFe:sim00390,0.040476438,0.019858699,0,1,1
r3.0:Fe:cn13:CCCFeFeFeFeFeFeFeFeFeFe:sim00394,0.041545544,0.021803116,0,1,1
r3.0:Fe:cn13:CCCFeFeFeFeFeFeFeFeFeFe:sim00398,0.03799184,0.016443258,0,1,1
r3.0:Fe:cn13:CCCFeFeFeFeFeFeFeFeFeFe:sim00402,0.039470337,0.019357903,0,1,1
r3.0:Fe:cn13:CCCFeFeFeFeFeFeFeFeFeFe:sim00406,0.040428914,0.019814469,0,1,1
r3.0:Fe:cn13:CCCFeFeFeFeFeFeFeFeFeFe:sim00410,0.049237851,0.011133485,0,1,1
r3.0:Fe:cn13:CCCFeFeFeFeFeFeFeFeFeFe:sim00414,0.029315026,0.029852003,0,1,1
r3.0:Fe:cn13:CCCFeFeFeFeFeFeFeFeFeFe:sim00418,0.016872458,0.018418055,0,1,1
r3.0:Fe:cn13:CCCFeFeFeFeFeFeFeFeFeFe:sim00422,0.0393738,0.018098438,0,1,1
r3.0:Fe:cn13:CCCFeFeFeFeFeFeFeFeFeFe:sim00426,0.034343354,0.038617514,0,1,1
r3.0:Fe:cn13:CCCFeFeFeFeFeFeFeFeFeFe:sim00430,0.040212564,0.01930929,0,1,1
r3.0:Fe:cn13:CCCFeFeFeFeFeFeFeFeFeFe:sim00434,0.026412375,0.030634634,0,1,1
r3.0:Fe:cn13:CCCFeFeFeFeFeFeFeFeFeFe:sim00438,0.040082574,0.01908399,0,1,1
r3.0:Fe:cn13:CCCFeFeFeFeFeFeFeFeFeFe:sim00442,0.026982218,-0.015574922,0,1,1
r3.0:Fe:cn13:CCCFeFeFeFeFeFeFeFeFeFe:sim00446,0.03517168,0.01726648,0,1,1
r3.0:Fe:cn13:CCCFeFeFeFeFeFeFeFeFeFe:sim00450,0.033833023,0.0051627713,0,1,1
r3.0:Fe:cn13:CCCFeFeFeFeFeFeFeFeFeFe:sim00454,0.031831663,0.0044718771,0,1,1
r3.0:Fe:cn13:CCCFeFeFeFeFeFeFeFeFeFe:sim00458,0.052770041,0.010502846,0,1,1
r3.0:Fe:cn13:CCCFeFeFeFeFeFeFeFeFeFe:sim00462,0.041056041,-0.00092052406,0,1,1
r3.0:Fe:cn13:CCCFeFeFeFeFeFeFeFeFeFe:sim00466,0.045064237,0.001103914,0,1,1
r3.0:Fe:cn13:CCCFeFeFeFeFeFeFeFeFeFe:sim00470,0.026757937,0.030512854,0,1,1
r3.0:Fe:cn13:CCCFeFeFeFeFeFeFeFeFeFe:sim00474,0.053150196,0.030889001,0,1,1
r3.0:Fe:cn13:CCCFeFeFeFeFeFeFeFeFeFe:sim00478,0.040179618,0.019041773,0,1,1
r3.0:Fe:cn13:CCCFeFeFeFeFeFeFeFeFeFe:sim00482,0.013278212,0.018205879,0,1,1
r3.0:Fe:cn13:CCCFeFeFeFeFeFeFeFeFeFe:sim00486,-0.0060167811,0.019133452,0,1,1
r3.0:Fe:cn13:CCCFeFeFeFeFeFeFeFeFeFe:sim00490,0.041205209,0.026042966,0,1,1
r3.0:Fe:cn13:CCCFeFeFeFeFeFeFeFeFeFe:sim00494,0.039623521,0.018458057,0,1,1
r3.0:Fe:cn13:CCCFeFeFeFeFeFeFeFeFeFe:sim00498,0.041629851,0.019969519,0,1,1
r3.0:Fe:cn13:CCCFeFeFeFeFeFeFeFeFeFe:sim00502,0.061441172,0.025412235,0,1,1
r3.0:Fe:cn13:CCCFeFeFeFeFeFeFeFeFeFe:sim00506,0.0435105,0.020668112,0,1,1
r3.0:Fe:cn13:CCCFeFeFeFeFeFeFeFeFeFe:sim00510,0.04208447,0.020574203,0,1,1
r3.0:Fe:cn13:CCCFeFeFeFeFeFeFeFeFeFe:sim00514,0.029690085,0.031929642,0,1,1
r3.0:Fe:cn13:CCCFeFeFeFeFeFeFeFeFeFe:sim00518,0.0299375,0.032179933,0,1,1
r3.0:Fe:cn13:CCCFeFeFeFeFeFeFeFeFeFe:sim00522,0.043302841,0.020748755,0,1,1
r3.0:Fe:cn13:CCCFeFeFeFeFeFeFeFeFeFe:sim00526,0.04331651,0.02077492,0,1,1
r3.0:Fe:cn13:CCCFeFeFeFeFeFeFeFeFeFe:sim00530,0.035064187,0.012124824,0,1,1
r3.0:Fe:cn13:CCCFeFeFeFeFeFeFeFeFeFe:sim00534,0.051881853,0.029930994,0,1,1
r3.0:Fe:cn13:CCCFeFeFeFeFeFeFeFeFeFe:sim00538,0.031653129,0.020897826,0,1,1
r3.0:Fe:cn13:CCCFeFeFeFeFeFeFeFeFeFe:sim00542,0.10893781,0.011974436,0,1,1
r3.0:Fe:cn13:CCCFeFeFeFeFeFeFeFeFeFe:sim00546,0.053768169,0.0060731038,0,1,1
r3.0:Fe:cn13:CCCFeFeFeFeFeFeFeFeFeFe:sim00550,0.039777238,0.02936116,0,1,1
r3.0:Fe:cn13:CCCFeFeFeFeFeFeFeFeFeFe:sim00554,0.043204825,0.02117244,0,1,1
r3.0:Fe:cn13:CCCFeFeFeFeFeFeFeFeFeFe:sim00558,0.040119261,0.019861987,0,1,1
r3.0:Fe:cn13:CCCFeFeFeFeFeFeFeFeFeFe:sim00562,0.043159962,0.021985207,0,1,1
r3.0:Fe:cn13:CCCFeFeFeFeFeFeFeFeFeFe:sim00566,0.042473242,0.021647314,0,1,1
r3.0:Fe:cn13:CCCFeFeFeFeFeFeFeFeFeFe:sim00570,0.043133494,0.020725003,0,1,1
r3.0:Fe:cn13:CCCFeFeFeFeFeFeFeFeFeFe:sim00574,0.055975925,0.036312588,0,1,1
r3.0:Fe:cn13:CCCFeFeFeFeFeFeFeFeFeFe:sim00578,0.043038413,0.02079545,0,1,1
r3.0:Fe:cn13:CCCFeFeFeFeFeFeFeFeFeFe:sim00582,0.043641236,0.020943468,0,1,1
r3.0:Fe:cn13:CCCFeFeFeFeFeFeFeFeFeFe:sim00586,0.042926691,0.020429734,0,1,1
r3.0:Fe:cn13:CCCFeFeFeFeFeFeFeFeFeFe:sim00590,0.018784422,0.017243726,0,1,1
r3.0:Fe:cn13:CCCFeFeFeFeFeFeFeFeFeFe:sim00594,0.038766108,0.018075233,0,1,1
r3.0:Fe:cn13:CCCFeFeFeFeFeFeFeFeFeFe:sim00598,0.043891672,0.020415047,0,1,1
r3.0:Fe:cn13:CCCFeFeFeFeFeFeFeFeFeFe:sim00602,0.045087978,0.021370638,0,1,1
r3.0:Fe:cn13:CCCFeFeFeFeFeFeFeFeFeFe:sim00606,0.037235055,0.017181644,0,1,1
r3.0:Fe:cn13:CCCFeFeFeFeFeFeFeFeFeFe:sim00610,0.054385867,-0.0076461132,0,1,1
r3.0:Fe:cn13:CCCFeFeFeFeFeFeFeFeFeFe:sim00614,0.03730423,0.013740488,0,1,1
r3.0:Fe:cn13:CCCFeFeFeFeFeFeFeFeFeFe:sim00618,0.033030137,0.011148942,0,1,1
r3.0:Fe:cn13:CCCFeFeFeFeFeFeFeFeFeFe:sim00622,0.041197393,0.018485203,0,1,1
r3.0:Fe:cn13:CCCFeFeFeFeFeFeFeFeFeFe:sim00626,0.048097197,0.02584965,0,1,1
r3.0:Fe:cn13:CCCFeFeFeFeFeFeFeFeFeFe:sim00630,0.046097584,0.021520888,0,1,1
r3.0:Fe:cn13:CCCFeFeFeFeFeFeFeFeFeFe:sim00634,0.041931298,0.021842005,0,1,1
r3.0:Fe:cn13:CCCFeFeFeFeFeFeFeFeFeFe:sim00638,0.03805948,0.044678118,0,1,1
r3.0:Fe:cn13:CCCFeFeFeFeFeFeFeFeFeFe:sim00642,0.040783945,0.01941278,0,1,1
r3.0:Fe:cn13:CCCFeFeFeFeFeFeFeFeFeFe:sim00646,0.046029698,0.027360246,0,1,1
r3.0:Fe:cn13:CCCFeFeFeFeFeFeFeFeFeFe:sim00650,0.038317431,0.02628147,0,1,1
r3.0:Fe:cn13:CCCFeFeFeFeFeFeFeFeFeFe:sim00654,0.05902585,0.023839762,0,1,1
r3.0:Fe:cn13:CCCFeFeFeFeFeFeFeFeFeFe:sim00658,0.038803354,0.032812763,0,1,1
r3.0:Fe:cn13:CCCFeFeFeFeFeFeFeFeFeFe:sim00662,0.048951205,0.028770128,0,1,1
r3.0:Fe:cn13:CCCFeFeFeFeFeFeFeFeFeFe:sim00666,0.043270137,0.021600237,0,1,1
r3.0:Fe:cn13:CCCFeFeFeFeFeFeFeFeFeFe:sim00670,0.036581606,0.018207707,0,1,1
r3.0:Fe:cn13:CCCFeFeFeFeFeFeFeFeFeFe:sim00674,0.039166674,0.019170525,0,1,1
r3.0:Fe:cn13:CCCFeFeFeFeFeFeFeFeFeFe:sim00678,0.039809164,0.012454567,0,1,1
r3.0:Fe:cn13:CCCFeFeFeFeFeFeFeFeFeFe:sim00682,0.041226976,0.019914128,0,1,1
r3.0:Fe:cn13:CCCFeFeFeFeFeFeFeFeFeFe:sim00686,0.054781102,0.0086605931,0,1,1
r3.0:Fe:cn13:CCCFeFeFeFeFeFeFeFeFeFe:sim00690,0.041008908,0.019776536,0,1,1
r3.0:Fe:cn13:CCCFeFeFeFeFeFeFeFeFeFe:sim00694,0.039419007,0.019356163,0,1,1
r3.0:Fe:cn13:CCCFeFeFeFeFeFeFeFeFeFe:sim00698,0.042251326,0.021800803,0,1,1
r3.0:Fe:cn13:CCCFeFeFeFeFeFeFeFeFeFe:sim00702,0.038052242,0.019677585,0,1,1
r3.0:Fe:cn13:CCCFeFeFeFeFeFeFeFeFeFe:sim00706,0.04064003,0.0022199808,0,1,1
r3.0:Fe:cn13:CCCFeFeFeFeFeFeFeFeFeFe:sim00710,0.040503103,0.01949003,0,1,1
r3.0:Fe:cn13:CCCFeFeFeFeFeFeFeFeFeFe:sim00714,0.040454283,0.019437239,0,1,1
r3.0:Fe:cn13:CCCFeFeFeFeFeFeFeFeFeFe:sim00718,0.05136884,0.031387519,0,1,1
r3.0:Fe:cn13:CCCFeFeFeFeFeFeFeFeFeFe:sim00722,0.040558033,0.019266406,0,1,1
r3.0:Fe:cn13:CCCFeFeFeFeFeFeFeFeFeFe:sim00726,0.040484495,0.020622244,0,1,1
r3.0:Fe:cn13:CCCFeFeFeFeFeFeFeFeFeFe:sim00730,0.036043264,0.016266139,0,1,1
r3.0:Fe:cn13:CCCFeFeFeFeFeFeFeFeFeFe:sim00734,0.057245351,0.024337618,0,1,1
r3.0:Fe:cn13:CCCFeFeFeFeFeFeFeFeFeFe:sim00738,0.034653321,0.017420411,0,1,1
r3.0:Fe:cn13:CCCFeFeFeFeFeFeFeFeFeFe:sim00742,0.036299516,0.025379339,0,1,1
r3.0:Fe:cn13:CCCFeFeFeFeFeFeFeFeFeFe:sim00746,0.065786868,0.0011290474,0,1,1
r3.0:Fe:cn13:CCCFeFeFeFeFeFeFeFeFeFe:sim00750,0.0089093354,0.0089439983,0,1,1
r3.0:Fe:cn13:CCCFeFeFeFeFeFeFeFeFeFe:sim00754,0.050350673,0.032096047,0,1,1
r3.0:Fe:cn13:CCCFeFeFeFeFeFeFeFeFeFe:sim00758,0.029651282,0.02872652,0,1,1
r3.0:Fe:cn13:CCCFeFeFeFeFeFeFeFeFeFe:sim00762,0.047401398,0.016193792,0,1,1
r3.0:Fe:cn13:CCCFeFeFeFeFeFeFeFeFeFe:sim00766,0.040460084,0.018922489,0,1,1
r3.0:Fe:cn13:CCCFeFeFeFeFeFeFeFeFeFe:sim00770,0.040845636,0.019275235,0,1,1
r3.0:Fe:cn13:CCCFeFeFeFeFeFeFeFeFeFe:sim00774,0.044754874,0.00049088127,0,1,1
r3.0:Fe:cn13:CCCFeFeFeFeFeFeFeFeFeFe:sim00778,0.04039203,0.019584866,0,1,1
r3.0:Fe:cn13:CCCFeFeFeFeFeFeFeFeFeFe:sim00782,0.036984179,0.018148446,0,1,1
r3.0:Fe:cn13:CCCFeFeFeFeFeFeFeFeFeFe:sim00786,0.040757049,0.019341657,0,1,1
r3.0:Fe:cn13:CCCFeFeFeFeFeFeFeFeFeFe:sim00790,0.016963402,0.019420424,0,1,1
r3.0:Fe:cn13:CCCFeFeFeFeFeFeFeFeFeFe:sim00794,0.030543217,0.010440266,0,1,1
r3.0:Fe:cn13:CCCFeFeFeFeFeFeFeFeFeFe:sim00798,0.057720192,0.02352046,0,1,1
r3.0:Fe:cn13:CCCFeFeFeFeFeFeFeFeFeFe:sim00802,0.07441248,0.026507741,0,1,1
r3.0:Fe:cn13:CCCFeFeFeFeFeFeFeFeFeFe:sim00806,0.053043794,0.0069115339,0,1,1
r3.0:Fe:cn13:CCCFeFeFeFeFeFeFeFeFeFe:sim00810,0.072966367,0.016743919,0,1,1
r3.0:Fe:cn13:CCCFeFeFeFeFeFeFeFeFeFe:sim00814,0.066311747,0.019526398,0,1,1
r3.0:Fe:cn13:CCCFeFeFeFeFeFeFeFeFeFe:sim00818,0.066412702,0.019626725,0,1,1
r3.0:Fe:cn13:CCCFeFeFeFeFeFeFeFeFeFe:sim00822,0.049799807,0.027228873,0,1,1
r3.0:Fe:cn13:CCCFeFeFeFeFeFeFeFeFeFe:sim00826,0.050007194,0.0269133,0,1,1
r3.0:Fe:cn13:CCCFeFeFeFeFeFeFeFeFeFe:sim00830,0.048346259,0.0033015299,0,1,1
r3.0:Fe:cn13:CCCFeFeFeFeFeFeFeFeFeFe:sim00834,0.038546231,0.025811562,0,1,1
r3.0:Fe:cn13:CCCFeFeFeFeFeFeFeFeFeFe:sim00838,0.052268233,0.03220645,0,1,1
r3.0:Fe:cn13:CCCFeFeFeFeFeFeFeFeFeFe:sim00842,0.074755497,0.022140188,0,1,1
r3.0:Fe:cn13:CCCFeFeFeFeFeFeFeFeFeFe:sim00846,0.077481098,0.0054689799,0,1,1
r3.0:Fe:cn13:CCCFeFeFeFeFeFeFeFeFeFe:sim00850,0.066179372,0.011000695,0,1,1
r3.0:Fe:cn13:CCCFeFeFeFeFeFeFeFeFeFe:sim00854,0.066260353,0.020462086,0,1,1
r3.0:Fe:cn13:CCCFeFeFeFeFeFeFeFeFeFe:sim00858,0.069736712,0.01240637,0,1,1
r3.0:Fe:cn13:CCCFeFeFeFeFeFeFeFeFeFe:sim00862,0.048250619,0.035720915,0,1,1
r3.0:Fe:cn13:CCCFeFeFeFeFeFeFeFeFeFe:sim00866,0.059999645,0.023181951,0,1,1
r3.0:Fe:cn13:CCCFeFeFeFeFeFeFeFeFeFe:sim00870,0.066655897,0.024188356,0,1,1
r3.0:Fe:cn13:CCCFeFeFeFeFeFeFeFeFeFe:sim00874,0.072274439,0.027372686,0,1,1
r3.0:Fe:cn13:CCCFeFeFeFeFeFeFeFeFeFe:sim00878,0.066233449,0.024573127,0,1,1
r3.0:Fe:cn13:CCCFeFeFeFeFeFeFeFeFeFe:sim00882,0.049499925,0.048822906,0,1,1
r3.0:Fe:cn13:CCCFeFeFeFeFeFeFeFeFeFe:sim00886,0.059414197,0.010016892,0,1,1
r3.0:Fe:cn13:CCCFeFeFeFeFeFeFeFeFeFe:sim00890,0.065078653,0.017069865,0,1,1
r3.0:Fe:cn13:CCCFeFeFeFeFeFeFeFeFeFe:sim00894,0.056694169,0.011905944,0,1,1
r3.0:Fe:cn13:CCCFeFeFeFeFeFeFeFeFeFe:sim00898,0.063605428,0.016408134,0,1,1
r3.0:Fe:cn13:CCCFeFeFeFeFeFeFeFeFeFe:sim00902,0.057333488,0.0013615806,0,1,1
r3.0:Fe:cn13:CCCFeFeFeFeFeFeFeFeFeFe:sim00906,0.050819125,0.016267153,0,1,1
r3.0:Fe:cn13:CCCFeFeFeFeFeFeFeFeFeFe:sim00910,0.037608568,0.018964831,0,1,1
r3.0:Fe:cn13:CCCFeFeFeFeFeFeFeFeFeFe:sim00914,0.046085052,0.027586916,0,1,1
r3.0:Fe:cn13:CCCFeFeFeFeFeFeFeFeFeFe:sim00918,0.036255151,0.01841468,0,1,1
r3.0:Fe:cn13:CCCFeFeFeFeFeFeFeFeFeFe:sim00922,0.042060979,0.018608393,0,1,1
r3.0:Fe:cn13:CCCFeFeFeFeFeFeFeFeFeFe:sim00926,0.041163079,0.018638242,0,1,1
r3.0:Fe:cn13:CCCFeFeFeFeFeFeFeFeFeFe:sim00930,0.057437953,0.0093820766,0,1,1
r3.0:Fe:cn13:CCCFeFeFeFeFeFeFeFeFeFe:sim00934,0.061443821,0.017571473,0,1,1
r3.0:Fe:cn13:CCCFeFeFeFeFeFeFeFeFeFe:sim00938,0.039962441,-0.0031895398,0,1,1
r3.0:Fe:cn13:CCCFeFeFeFeFeFeFeFeFeFe:sim00942,0.036150955,0.023863371,0,1,1
r3.0:Fe:cn13:CCCFeFeFeFeFeFeFeFeFeFe:sim00946,0.038877953,0.018128762,0,1,1
r3.0:Fe:cn13:CCCFeFeFeFeFeFeFeFeFeFe:sim00950,0.042648315,0.019708091,0,1,1
r3.0:Fe:cn13:CCCFeFeFeFeFeFeFeFeFeFe:sim00954,0.031075351,0.0048189247,0,1,1
r3.0:Fe:cn13:CCCFeFeFeFeFeFeFeFeFeFe:sim00958,0.042113613,0.019527791,0,1,1
r3.0:Fe:cn13:CCCFeFeFeFeFeFeFeFeFeFe:sim00962,0.036069427,0.011617893,0,1,1
r3.0:Fe:cn13:CCCFeFeFeFeFeFeFeFeFeFe:sim00966,0.040077988,0.028621919,0,1,1
r3.0:Fe:cn13:CCCFeFeFeFeFeFeFeFeFeFe:sim00970,0.046582345,0.021609113,0,1,1
r3.0:Fe:cn13:CCCFeFeFeFeFeFeFeFeFeFe:sim00974,0.056868929,0.010492334,0,1,1
r3.0:Fe:cn13:CCCFeFeFeFeFeFeFeFeFeFe:sim00978,0.046486925,0.021426886,0,1,1
r3.0:Fe:cn13:CCCFeFeFeFeFeFeFeFeFeFe:sim00982,0.043993764,0.020399977,0,1,1
r3.0:Fe:cn13:CCCFeFeFeFeFeFeFeFeFeFe:sim00986,0.046993375,0.020886404,0,1,1
r3.0:Fe:cn13:CCCFeFeFeFeFeFeFeFeFeFe:sim00990,0.034092031,0.035810392,0,1,1
r3.0:Fe:cn13:CCCFeFeFeFeFeFeFeFeFeFe:sim00994,0.036876217,0.033677775,0,1,1
r3.0:Fe:cn13:CCCFeFeFeFeFeFeFeFeFeFe:sim00998,0.039260004,0.03363784,0,1,1
r3.0:Fe:cn13:CCCFeFeFeFeFeFeFeFeFeFe:sim01002,0.057756919,0.007907128,0,1,1
r3.0:Fe:cn13:CCCFeFeFeFeFeFeFeFeFeFe:sim01006,0.052394617,0.0062004779,0,1,1
r3.0:Fe:cn13:CCCFeFeFeFeFeFeFeFeFeFe:sim01010,0.058137078,-0.012571814,0,1,1
r3.0:Fe:cn13:CCCFeFeFeFeFeFeFeFeFeFe:sim01014,0.041520353,-0.027247746,0,1,1
r3.0:Fe:cn13:CCCFeFeFeFeFeFeFeFeFeFe:sim01018,0.053958967,0.0066246246,0,1,1
r3.0:Fe:cn13:CCCFeFeFeFeFeFeFeFeFeFe:sim01022,0.054602664,0.0074422294,0,1,1
r3.0:Fe:cn13:CCCFeFeFeFeFeFeFeFeFeFe:sim01026,0.054603379,-0.018466983,0,1,1
r3.0:Fe:cn13:CCCFeFeFeFeFeFeFeFeFeFe:sim01030,0.039289679,0.039101332,0,1,1
r3.0:Fe:cn13:CCCFeFeFeFeFeFeFeFeFeFe:sim01034,0.040917028,0.017819684,0,1,1
r3.0:Fe:cn13:CCCFeFeFeFeFeFeFeFeFeFe:sim01038,0.040744789,0.018144319,0,1,1
r3.0:Fe:cn13:CCCFeFeFeFeFeFeFeFeFeFe:sim01042,0.053930186,0.0060609588,0,1,1
r3.0:Fe:cn13:CCCFeFeFeFeFeFeFeFeFeFe:sim01046,0.060932484,-0.010290981,0,1,1
r3.0:Fe:cn13:CCCFeFeFeFeFeFeFeFeFeFe:sim01050,0.055084761,0.0074191694,0,1,1
r3.0:Fe:cn13:CCCFeFeFeFeFeFeFeFeFeFe:sim01054,0.078464635,0.01289095,0,1,1
r3.0:Fe:cn13:CCCFeFeFeFeFeFeFeFeFeFe:sim01058,0.054836255,0.007098787,0,1,1
r3.0:Fe:cn13:CCCFeFeFeFeFeFeFeFeFeFe:sim01062,0.07189104,-0.011854831,0,1,1
r3.0:Fe:cn13:CCCFeFeFeFeFeFeFeFeFeFe:sim01066,0.070098549,-0.011595536,0,1,1
r3.0:Fe:cn13:CCCFeFeFeFeFeFeFeFeFeFe:sim01070,0.051241893,0.01430693,0,1,1
r3.0:Fe:cn13:CCCFeFeFeFeFeFeFeFeFeFe:sim01074,0.054529201,0.0073843687,0,1,1
r3.0:Fe:cn13:CCCFeFeFeFeFeFeFeFeFeFe:sim01078,0.055087581,0.0075456346,0,1,1
r3.0:Fe:cn13:CCCFeFeFeFeFeFeFeFeFeFe:sim01082,0.039184976,0.017296711,0,1,1
r3.0:Fe:cn13:CCCFeFeFeFeFeFeFeFeFeFe:sim01086,0.053571701,0.0073431008,0,1,1
r3.0:Fe:cn13:CCCFeFeFeFeFeFeFeFeFeFe:sim01090,0.073396161,-0.011277859,0,1,1
r3.0:Fe:cn13:CCCFeFeFeFeFeFeFeFeFeFe:sim01094,0.054601803,0.0069518834,0,1,1
r3.0:Fe:cn13:CCCFeFeFeFeFeFeFeFeFeFe:sim01098,0.053692639,0.0061076842,0,1,1
r3.0:Fe:cn13:CCCFeFeFeFeFeFeFeFeFeFe:sim01102,0.059349332,0.036684547,0,1,1
r3.0:Fe:cn13:CCCFeFeFeFeFeFeFeFeFeFe:sim01106,0.076269545,0.017336657,0,1,1
r3.0:Fe:cn13:CCCFeFeFeFeFeFeFeFeFeFe:sim01110,0.05933924,0.035596114,0,1,1
r3.0:Fe:cn13:CCCFeFeFeFeFeFeFeFeFeFe:sim01114,0.063771687,0.038366292,0,1,1
r3.0:Fe:cn13:CCCFeFeFeFeFeFeFeFeFeFe:sim01118,0.054977063,0.033601984,0,1,1
r3.0:Fe:cn13:CCCFeFeFeFeFeFeFeFeFeFe:sim01122,0.058313068,0.032972138,0,1,1
r3.0:Fe:cn13:CCCFeFeFeFeFeFeFeFeFeFe:sim01126,0.054896139,0.054223593,0,1,1
r3.0:Fe:cn13:CCCFeFeFeFeFeFeFeFeFeFe:sim01130,0.067616954,0.044277191,0,1,1
r3.0:Fe:cn13:CCCFeFeFeFeFeFeFeFeFeFe:sim01134,0.058028147,0.034673888,0,1,1
r3.0:Fe:cn13:CCCFeFeFeFeFeFeFeFeFeFe:sim01138,0.057386093,0.034867451,0,1,1
r3.0:Fe:cn13:CCCFeFeFeFeFeFeFeFeFeFe:sim01142,0.067686185,0.040353794,0,1,1
r3.0:Fe:cn13:CCCFeFeFeFeFeFeFeFeFeFe:sim01146,0.074505508,0.02695303,0,1,1
r3.0:Fe:cn13:CCCFeFeFeFeFeFeFeFeFeFe:sim01150,0.046947718,0.023695597,0,1,1
r3.0:Fe:cn13:CCCFeFeFeFeFeFeFeFeFeFe:sim01154,0.056625366,0.030125285,0,1,1
r3.0:Fe:cn13:CCCFeFeFeFeFeFeFeFeFeFe:sim01158,0.048147175,0.019685583,0,1,1
r3.0:Fe:cn13:CCCFeFeFeFeFeFeFeFeFeFe:sim01162,0.071966641,0.022783566,0,1,1
r3.0:Fe:cn13:CCCFeFeFeFeFeFeFeFeFeFe:sim01166,0.057171356,0.038938366,0,1,1
r3.0:Fe:cn13:CCCFeFeFeFeFeFeFeFeFeFe:sim01170,0.037401225,0.038566507,0,1,1
r3.0:Fe:cn13:CCCFeFeFeFeFeFeFeFeFeFe:sim01174,0.046456549,0.048099458,0,1,1
r3.0:Fe:cn13:CCCFeFeFeFeFeFeFeFeFeFe:sim01178,0.03767813,0.038905475,0,1,1
r3.0:Fe:cn13:CCCFeFeFeFeFeFeFeFeFeFe:sim01182,0.054897457,0.040422685,0,1,1
r3.0:Fe:cn13:CCCFeFeFeFeFeFeFeFeFeFe:sim01186,0.058971625,0.035154033,0,1,1
r3.0:Fe:cn13:CCCFeFeFeFeFeFeFeFeFeFe:sim01190,0.057324197,0.067079559,0,1,1
r3.0:Fe:cn13:CCCFeFeFeFeFeFeFeFeFeFe:sim01194,0.087395534,0.043010771,0,1,1
r3.0:Fe:cn13:CCCFeFeFeFeFeFeFeFeFeFe:sim01198,0.060482088,0.042241901,0,1,1
r3.0:Fe:cn13:CCCFeFeFeFeFeFeFeFeFeFe:sim01202,0.052691106,0.031329434,0,1,1
r3.0:Fe:cn13:CCCFeFeFeFeFeFeFeFeFeFe:sim01206,0.049567111,0.024783522,0,1,1
r3.0:Fe:cn13:CCCFeFeFeFeFeFeFeFeFeFe:sim01210,0.033047199,0.03529314,0,1,1
r3.0:Fe:cn13:CCCFeFeFeFeFeFeFeFeFeFe:sim01214,0.047172543,0.024893869,0,1,1
r3.0:Fe:cn13:CCCFeFeFeFeFeFeFeFeFeFe:sim01218,0.061039459,0.014344664,0,1,1
r3.0:Fe:cn13:CCCFeFeFeFeFeFeFeFeFeFe:sim01222,0.044803094,0.021949107,0,1,1
r3.0:Fe:cn13:CCCFeFeFeFeFeFeFeFeFeFe:sim01226,0.050566666,0.024723349,0,1,1
r3.0:Fe:cn13:CCCFeFeFeFeFeFeFeFeFeFe:sim01230,0.049111765,0.014615242,0,1,1
r3.0:Fe:cn13:CCCFeFeFeFeFeFeFeFeFeFe:sim01234,0.058188174,0.034424908,0,1,1
r3.0:Fe:cn13:CCCFeFeFeFeFeFeFeFeFeFe:sim01238,0.050566133,0.025669932,0,1,1
r3.0:Fe:cn13:CCCFeFeFeFeFeFeFeFeFeFe:sim01242,0.054512601,0.027659187,0,1,1
r3.0:Fe:cn13:CCCFeFeFeFeFeFeFeFeFeFe:sim01246,0.050828267,0.025932405,0,1,1
r3.0:Fe:cn13:CCCFeFeFeFeFeFeFeFeFeFe:sim01250,0.050881099,0.026141083,0,1,1
r3.0:Fe:cn13:CCCFeFeFeFeFeFeFeFeFeFe:sim01254,0.061783962,0.041293029,0,1,1
r3.0:Fe:cn13:CCCFeFeFeFeFeFeFeFeFeFe:sim01258,0.056776684,0.0089109801,0,1,1
r3.0:Fe:cn13:CCCFeFeFeFeFeFeFeFeFeFe:sim01262,0.050579168,0.025128707,0,1,1
r3.0:Fe:cn13:CCCFeFeFeFeFeFeFeFeFeFe:sim01266,0.050594557,0.026211772,0,1,1
r3.0:Fe:cn13:CCCFeFeFeFeFeFeFeFeFeFe:sim01270,0.050925042,0.026002059,0,1,1
r3.0:Fe:cn13:CCCFeFeFeFeFeFeFeFeFeFe:sim01274,0.049609102,0.01917656,0,1,1
r3.0:Fe:cn13:CCCFeFeFeFeFeFeFeFeFeFe:sim01278,0.048803523,0.025022579,0,1,1
r3.0:Fe:cn13:CCCFeFeFeFeFeFeFeFeFeFe:sim01282,0.050696857,0.026401354,0,1,1
r3.0:Fe:cn13:CCCFeFeFeFeFeFeFeFeFeFe:sim01286,0.050388124,0.02618723,0,1,1
r3.0:Fe:cn13:CCCFeFeFeFeFeFeFeFeFeFe:sim01290,0.050532173,0.025824515,0,1,1
r3.0:Fe:cn13:CCCFeFeFeFeFeFeFeFeFeFe:sim01294,0.070644006,0.021718733,0,1,1
r3.0:Fe:cn13:CCCFeFeFeFeFeFeFeFeFeFe:sim01298,0.047734171,0.02522262,0,1,1
r3.0:Fe:cn13:CCCFeFeFeFeFeFeFeFeFeFe:sim01302,0.054218035,0.0082549816,0,1,1
r3.0:Fe:cn13:CCCFeFeFeFeFeFeFeFeFeFe:sim01306,0.048992652,0.024326565,0,1,1
r3.0:Fe:cn13:CCCFeFeFeFeFeFeFeFeFeFe:sim01310,0.048103258,0.024429426,0,1,1
r3.0:Fe:cn13:CCCFeFeFeFeFeFeFeFeFeFe:sim01314,0.052529633,0.019191192,0,1,1
r3.0:Fe:cn13:CCCFeFeFeFeFeFeFeFeFeFe:sim01318,0.057831585,0.034662485,0,1,1
r3.0:Fe:cn13:CCCFeFeFeFeFeFeFeFeFeFe:sim01322,0.050933693,0.027879262,0,1,1
r3.0:Fe:cn13:CCCFeFeFeFeFeFeFeFeFeFe:sim01326,0.049422313,0.025930686,0,1,1
r3.0:Fe:cn13:CCCFeFeFeFeFeFeFeFeFeFe:sim01330,0.050176121,0.02586784,0,1,1
r3.0:Fe:cn13:CCCFeFeFeFeFeFeFeFeFeFe:sim01334,0.027994594,0.026368113,0,1,1
r3.0:Fe:cn13:CCCFeFeFeFeFeFeFeFeFeFe:sim01338,0.050198585,0.025429834,0,1,1
r3.0:Fe:cn13:CCCFeFeFeFeFeFeFeFeFeFe:sim01342,0.065748587,0.011856561,0,1,1
r3.0:Fe:cn13:CCCFeFeFeFeFeFeFeFeFeFe:sim01346,0.041316014,0.016820917,0,1,1
r3.0:Fe:cn13:CCCFeFeFeFeFeFeFeFeFeFe:sim01350,0.024933683,0.04331648,0,1,1
r3.0:Fe:cn13:CCCFeFeFeFeFeFeFeFeFeFe:sim01354,0.059450768,0.04148959,0,1,1
r3.0:Fe:cn13:CCCFeFeFeFeFeFeFeFeFeFe:sim01358,0.046435423,0.024586542,0,1,1
r3.0:Fe:cn13:CCCFeFeFeFeFeFeFeFeFeFe:sim01362,0.032491218,-0.00071682443,0,1,1
r3.0:Fe:cn13:CCCFeFeFeFeFeFeFeFeFeFe:sim01366,0.038685057,0.011003708,0,1,1
r3.0:Fe:cn13:CCCFeFeFeFeFeFeFeFeFeFe:sim01370,0.022679461,0.02505241,0,1,1
r3.0:Fe:cn13:CCCFeFeFeFeFeFeFeFeFeFe:sim01374,0.022563782,0.024806064,0,1,1
r3.0:Fe:cn13:CCCFeFeFeFeFeFeFeFeFeFe:sim01378,0.0460186,0.006250307,0,1,1
r3.0:Fe:cn13:CCCFeFeFeFeFeFeFeFeFeFe:sim01382,0.049569104,0.026102252,0,1,1
r3.0:Fe:cn13:CCCFeFeFeFeFeFeFeFeFeFe:sim01386,0.049697872,0.025634667,0,1,1
r3.0:Fe:cn13:CCCFeFeFeFeFeFeFeFeFeFe:sim01390,0.044752497,0.024747666,0,1,1
r3.0:Fe:cn13:CCCFeFeFeFeFeFeFeFeFeFe:sim01394,0.045863166,0.026659861,0,1,1
r3.0:Fe:cn13:CCCFeFeFeFeFeFeFeFeFeFe:sim01398,0.043506324,0.022888079,0,1,1
r3.0:Fe:cn13:CCCFeFeFeFeFeFeFeFeFeFe:sim01402,0.01390923,-0.0085146055,0,1,1
r3.0:Fe:cn13:CCCFeFeFeFeFeFeFeFeFeFe:sim01406,0.014808824,-0.0079277745,0,1,1
r3.0:Fe:cn13:CCCFeFeFeFeFeFeFeFeFeFe:sim01410,0.0052818027,-0.019095888,0,1,1
r3.0:Fe:cn13:CCCFeFeFeFeFeFeFeFeFeFe:sim01414,0.016996514,0.0020371359,0,1,1
r3.0:Fe:cn13:CCCFeFeFeFeFeFeFeFeFeFe:sim01418,0.004323496,0.0048119868,0,1,1
r3.0:Fe:cn13:CCCFeFeFeFeFeFeFeFeFeFe:sim01422,0.037096445,-0.0085840458,0,1,1
r3.0:Fe:cn13:CCCFeFeFeFeFeFeFeFeFeFe:sim01426,0.045865245,0.00069845549,0,1,1
r3.0:Fe:cn13:CCCFeFeFeFeFeFeFeFeFeFe:sim01430,0.051044345,-0.018836439,0,1,1
r3.0:Fe:cn13:CCCFeFeFeFeFeFeFeFeFeFe:sim01434,0.037149601,-0.0081508243,0,1,1
r3.0:Fe:cn13:CCCFeFeFeFeFeFeFeFeFeFe:sim01438,0.037135735,-0.0085038608,0,1,1
r3.0:Fe:cn13:CCCFeFeFeFeFeFeFeFeFeFe:sim01442,0.037350163,-0.0085070729,0,1,1
r3.0:Fe:cn13:CCCFeFeFeFeFeFeFeFeFeFe:sim01446,0.04216931,-0.0011835807,0,1,1
r3.0:Fe:cn13:CCCFeFeFeFeFeFeFeFeFeFe:sim01450,0.037411164,-0.0084604258,0,1,1
r3.0:Fe:cn13:CCCFeFeFeFeFeFeFeFeFeFe:sim01454,0.025558945,0.0022062524,0,1,1
r3.0:Fe:cn13:CCCFeFeFeFeFeFeFeFeFeFe:sim01458,0.03725398,-0.0084642824,0,1,1
r3.0:Fe:cn13:CCCFeFeFeFeFeFeFeFeFeFe:sim01462,0.043959662,-0.020957824,0,1,1
r3.0:Fe:cn13:CCCFeFeFeFeFeFeFeFeFeFe:sim01466,0.033502672,-0.0093080057,0,1,1
r3.0:Fe:cn13:CCCFeFeFeFeFeFeFeFeFeFe:sim01470,0.037893627,-0.0090468582,0,1,1
r3.0:Fe:cn13:CCCFeFeFeFeFeFeFeFeFeFe:sim01474,0.049700279,0.0023164877,0,1,1
r3.0:Fe:cn13:CCCFeFeFeFeFeFeFeFeFeFe:sim01478,0.037018068,-0.0085979002,0,1,1
r3.0:Fe:cn13:CCCFeFeFeFeFeFeFeFeFeFe:sim01482,0.045806088,0.00013410739,0,1,1
r3.0:Fe:cn13:CCCFeFeFeFeFeFeFeFeFeFe:sim01486,0.024325166,-0.0011603065,0,1,1
r3.0:Fe:cn13:CCCFeFeFeFeFeFeFeFeFeFe:sim01490,0.021177469,-0.019587558,0,1,1
r3.0:Fe:cn13:CCCFeFeFeFeFeFeFeFeFeFe:sim01494,0.031348124,-0.011386857,0,1,1
r3.0:Fe:cn13:CCCFeFeFeFeFeFeFeFeFeFe:sim01498,0.033330131,-0.0043466273,0,1,1
r3.0:Fe:cn13:CCCFeFeFeFeFeFeFeFeFeFe:sim01502,0.069038831,0.018282691,0,1,1
r3.0:Fe:cn13:CCCFeFeFeFeFeFeFeFeFeFe:sim01506,0.031327877,0.0026206919,0,1,1
r3.0:Fe:cn13:CCCFeFeFeFeFeFeFeFeFeFe:sim01510,0.040266059,0.016384006,0,1,1
r3.0:Fe:cn13:CCCFeFeFeFeFeFeFeFeFeFe:sim01514,0.035065401,0.02009601,0,1,1
r3.0:Fe:cn13:CCCFeFeFeFeFeFeFeFeFeFe:sim01518,0.043018691,0.018810054,0,1,1
r3.0:Fe:cn13:CCCFeFeFeFeFeFeFeFeFeFe:sim01522,0.051794078,0.026604686,0,1,1
r3.0:Fe:cn13:CCCFeFeFeFeFeFeFeFeFeFe:sim01526,0.049182467,0.024615696,0,1,1
r3.0:Fe:cn13:CCCFeFeFeFeFeFeFeFeFeFe:sim01530,0.068260022,0.0082744677,0,1,1
r3.0:Fe:cn13:CCCFeFeFeFeFeFeFeFeFeFe:sim01534,0.075930186,0.016721182,0,1,1
r3.0:Fe:cn13:CCCFeFeFeFeFeFeFeFeFeFe:sim01538,0.062688306,0.0050958456,0,1,1
r3.0:Fe:cn13:CCCFeFeFeFeFeFeFeFeFeFe:sim01542,0.076090351,0.024841661,0,1,1
r3.0:Fe:cn13:CCCFeFeFeFeFeFeFeFeFeFe:sim01546,0.02445085,0.019248124,0,1,1
r3.0:Fe:cn13:CCCFeFeFeFeFeFeFeFeFeFe:sim01550,0.049327742,0.031249596,0,1,1
r3.0:Fe:cn13:CCCFeFeFeFeFeFeFeFeFeFe:sim01554,0.050462633,0.026409455,0,1,1
r3.0:Fe:cn13:CCCFeFeFeFeFeFeFeFeFeFe:sim01558,0.050673362,0.026251728,0,1,1
r3.0:Fe:cn13:CCCFeFeFeFeFeFeFeFeFeFe:sim01562,0.041856434,0.017263139,0,1,1
r3.0:Fe:cn13:CCCFeFeFeFeFeFeFeFeFeFe:sim01566,0.042704672,0.017615644,0,1,1
r3.0:Fe:cn13:CCCFeFeFeFeFeFeFeFeFeFe:sim01570,0.050311886,0.024682304,0,1,1
r3.0:Fe:cn13:CCCFeFeFeFeFeFeFeFeFeFe:sim01574,0.061296936,0.040845066,0,1,1
r3.0:Fe:cn13:CCCFeFeFeFeFeFeFeFeFeFe:sim01578,0.050429188,0.025903748,0,1,1
r3.0:Fe:cn13:CCCFeFeFeFeFeFeFeFeFeFe:sim01582,0.038417764,0.0045760702,0,1,1
r3.0:Fe:cn13:CCCFeFeFeFeFeFeFeFeFeFe:sim01586,0.039271075,0.011204325,0,1,1
r3.0:Fe:cn13:CCCFeFeFeFeFeFeFeFeFeFe:sim01590,0.034572914,0.01059406,0,1,1
r3.0:Fe:cn13:CCCFeFeFeFeFeFeFeFeFeFe:sim01594,0.050271507,0.026334604,0,1,1
r3.0:Fe:cn13:CCCFeFeFeFeFeFeFeFeFeFe:sim01598,0.05053553,0.02650745,0,1,1
r3.0:Fe:cn13:CCCFeFeFeFeFeFeFeFeFeFe:sim01602,0.050273363,0.021624396,0,1,1
r3.0:Fe:cn13:CCCFeFeFeFeFeFeFeFeFeFe:sim01606,0.046396539,0.020012675,0,1,1
r3.0:Fe:cn13:CCCFeFeFeFeFeFeFeFeFeFe:sim01610,0.067903884,0.012131095,0,1,1
r3.0:Fe:cn13:CCFeFeFeFeFeFeFeFeFeFeFe:sim00004,0.09638983,0.026155718,0,1,1
r3.0:Fe:cn13:CCFeFeFeFeFeFeFeFeFeFeFe:sim00008,0.12376809,0.021070903,0,1,1
r3.0:Fe:cn13:CCFeFeFeFeFeFeFeFeFeFeFe:sim00012,0.09289404,0.048694756,0,1,1
r3.0:Fe:cn13:CCFeFeFeFeFeFeFeFeFeFeFe:sim00016,0.11157962,0.026085151,0,1,1
r3.0:Fe:cn13:CCFeFeFeFeFeFeFeFeFeFeFe:sim00020,0.0822303,0.042429883,0,1,1
r3.0:Fe:cn13:CCFeFeFeFeFeFeFeFeFeFeFe:sim00024,0.089452922,0.0029519787,0,1,1
r3.0:Fe:cn13:CCFeFeFeFeFeFeFeFeFeFeFe:sim00028,0.082207657,0.042553525,0,1,1
r3.0:Fe:cn13:CCFeFeFeFeFeFeFeFeFeFeFe:sim00032,0.081832424,0.043808244,0,1,1
r3.0:Fe:cn13:CCFeFeFeFeFeFeFeFeFeFeFe:sim00036,0.077353291,0.041198272,0,1,1
r3.0:Fe:cn13:CCFeFeFeFeFeFeFeFeFeFeFe:sim00040,0.082055397,0.044341296,0,1,1
r3.0:Fe:cn13:CCFeFeFeFeFeFeFeFeFeFeFe:sim00044,0.082702033,0.044362139,0,1,1
r3.0:Fe:cn13:CCFeFeFeFeFeFeFeFeFeFeFe:sim00048,0.069802277,0.033330459,0,1,1
r3.0:Fe:cn13:CCFeFeFeFeFeFeFeFeFeFeFe:sim00052,0.084556006,0.045133438,0,1,1
r3.0:Fe:cn13:CCFeFeFeFeFeFeFeFeFeFeFe:sim00056,0.085699484,0.04198778,0,1,1
r3.0:Fe:cn13:CCFeFeFeFeFeFeFeFeFeFeFe:sim00060,0.082664564,0.044341471,0,1,1
r3.0:Fe:cn13:CCFeFeFeFeFeFeFeFeFeFeFe:sim00064,0.088022061,0.039637726,0,1,1
r3.0:Fe:cn13:CCFeFeFeFeFeFeFeFeFeFeFe:sim00068,0.081746951,0.042512197,0,1,1
r3.0:Fe:cn13:CCFeFeFeFeFeFeFeFeFeFeFe:sim00072,0.081903927,0.043986142,0,1,1
r3.0:Fe:cn13:CCFeFeFeFeFeFeFeFeFeFeFe:sim00076,0.090369582,0.052389078,0,1,1
r3.0:Fe:cn13:CCFeFeFeFeFeFeFeFeFeFeFe:sim00080,0.10449566,0.041525692,0,1,1
r3.0:Fe:cn13:CCFeFeFeFeFeFeFeFeFeFeFe:sim00084,0.1027281,0.040366404,0,1,1
r3.0:Fe:cn13:CCFeFeFeFeFeFeFeFeFeFeFe:sim00088,0.094525971,0.053732697,0,1,1
r3.0:Fe:cn13:CCFeFeFeFeFeFeFeFeFeFeFe:sim00092,0.084015608,0.044531997,0,1,1
r3.0:Fe:cn13:CCFeFeFeFeFeFeFeFeFeFeFe:sim00096,0.087736346,0.045742512,0,1,1
r3.0:Fe:cn13:CCFeFeFeFeFeFeFeFeFeFeFe:sim00100,0.057263583,0.056389559,0,1,1
r3.0:Fe:cn13:CCFeFeFeFeFeFeFeFeFeFeFe:sim00104,0.07280872,0.039538186,0,1,1
r3.0:Fe:cn13:CCFeFeFeFeFeFeFeFeFeFeFe:sim00108,0.071401037,0.040136132,0,1,1
r3.0:Fe:cn13:CCFeFeFeFeFeFeFeFeFeFeFe:sim00112,0.07626538,0.064353682,0,1,1
r3.0:Fe:cn13:CCFeFeFeFeFeFeFeFeFeFeFe:sim00116,0.076232851,0.06431967,0,1,1
r3.0:Fe:cn13:CCFeFeFeFeFeFeFeFeFeFeFe:sim00120,0.069066845,0.056695078,0,1,1
r3.0:Fe:cn13:CCFeFeFeFeFeFeFeFeFeFeFe:sim00124,0.065386094,0.054383021,0,1,1
r3.0:Fe:cn13:CCFeFeFeFeFeFeFeFeFeFeFe:sim00128,0.069569685,0.056656621,0,1,1
r3.0:Fe:cn13:CCFeFeFeFeFeFeFeFeFeFeFe:sim00132,0.067838289,0.056432076,0,1,1
r3.0:Fe:cn13:CCFeFeFeFeFeFeFeFeFeFeFe:sim00136,0.057994287,0.043069776,0,1,1
r3.0:Fe:cn13:CCFeFeFeFeFeFeFeFeFeFeFe:sim00140,0.036905039,0.026353531,0,1,1
r3.0:Fe:cn13:CCFeFeFeFeFeFeFeFeFeFeFe:sim00144,0.057535961,0.025826437,0,1,1
r3.0:Fe:cn13:CCFeFeFeFeFeFeFeFeFeFeFe:sim00148,0.05755467,0.025916824,0,1,1
r3.0:Fe:cn13:CCFeFeFeFeFeFeFeFeFeFeFe:sim00152,0.06851925,0.056589324,0,1,1
r3.0:Fe:cn13:CCFeFeFeFeFeFeFeFeFeFeFe:sim00156,0.06090958,0.048547976,0,1,1
r3.0:Fe:cn13:CCFeFeFeFeFeFeFeFeFeFeFe:sim00160,0.065046884,0.051179066,0,1,1
r3.0:Fe:cn13:CCFeFeFeFeFeFeFeFeFeFeFe:sim00164,0.069908187,0.058366891,0,1,1
r3.0:Fe:cn13:CCFeFeFeFeFeFeFeFeFeFeFe:sim00168,0.062632404,0.045877531,0,1,1
r3.0:Fe:cn13:CCFeFeFeFeFeFeFeFeFeFeFe:sim00172,0.067771688,0.056623906,0,1,1
r3.0:Fe:cn13:CCFeFeFeFeFeFeFeFeFeFeFe:sim00176,0.067545347,0.056148756,0,1,1
r3.0:Fe:cn13:CCFeFeFeFeFeFeFeFeFeFeFe:sim00180,0.069014661,0.056771554,0,1,1
r3.0:Fe:cn13:CCFeFeFeFeFeFeFeFeFeFeFe:sim00184,0.065959014,0.079495706,0,1,1
r3.0:Fe:cn13:CCFeFeFeFeFeFeFeFeFeFeFe:sim00188,0.068835922,0.056837987,0,1,1
r3.0:Fe:cn13:CCFeFeFeFeFeFeFeFeFeFeFe:sim00192,0.053330075,0.061282232,0,1,1
r3.0:Fe:cn13:CCFeFeFeFeFeFeFeFeFeFeFe:sim00196,0.069850601,0.063215323,0,1,1
r3.0:Fe:cn13:CCFeFeFeFeFeFeFeFeFeFeFe:sim00200,0.064938203,0.05450185,0,1,1
r3.0:Fe:cn13:CCFeFeFeFeFeFeFeFeFeFeFe:sim00204,0.066439427,0.058975156,0,1,1
r3.0:Fe:cn13:CCFeFeFeFeFeFeFeFeFeFeFe:sim00208,0.082127973,0.04249062,0,1,1
r3.0:Fe:cn13:CCFeFeFeFeFeFeFeFeFeFeFe:sim00212,0.066967569,0.05833545,0,1,1
r3.0:Fe:cn13:CCFeFeFeFeFeFeFeFeFeFeFe:sim00216,0.067043126,0.060762092,0,1,1
r3.0:Fe:cn13:CCFeFeFeFeFeFeFeFeFeFeFe:sim00220,0.066727728,0.059347317,0,1,1
r3.0:Fe:cn13:CCFeFeFeFeFeFeFeFeFeFeFe:sim00224,0.077986248,0.050977502,0,1,1
r3.0:Fe:cn13:CCFeFeFeFeFeFeFeFeFeFeFe:sim00228,0.066709645,0.05950918,0,1,1
r3.0:Fe:cn13:CCFeFeFeFeFeFeFeFeFeFeFe:sim00232,0.064526536,0.057774145,0,1,1
r3.0:Fe:cn13:CCFeFeFeFeFeFeFeFeFeFeFe:sim00236,0.065899655,0.058529895,0,1,1
r3.0:Fe:cn13:CCFeFeFeFeFeFeFeFeFeFeFe:sim00240,0.079925038,0.050376505,0,1,1
r3.0:Fe:cn13:CCFeFeFeFeFeFeFeFeFeFeFe:sim00244,0.069983147,0.037103128,0,1,1
r3.0:Fe:cn13:CCFeFeFeFeFeFeFeFeFeFeFe:sim00248,0.067390271,0.035097566,0,1,1
r3.0:Fe:cn13:CCFeFeFeFeFeFeFeFeFeFeFe:sim00252,0.06197124,0.056502908,0,1,1
r3.0:Fe:cn13:CCFeFeFeFeFeFeFeFeFeFeFe:sim00256,0.051062975,0.065813906,0,1,1
r3.0:Fe:cn13:CCFeFeFeFeFeFeFeFeFeFeFe:sim00260,0.06339822,0.058106855,0,1,1
r3.0:Fe:cn13:CCFeFeFeFeFeFeFeFeFeFeFe:sim00264,0.053268109,0.044541139,0,1,1
r3.0:Fe:cn13:CCFeFeFeFeFeFeFeFeFeFeFe:sim00268,0.063505173,0.058319315,0,1,1
r3.0:Fe:cn13:CCFeFeFeFeFeFeFeFeFeFeFe:sim00272,0.066388473,0.059413843,0,1,1
r3.0:Fe:cn13:CCFeFeFeFeFeFeFeFeFeFeFe:sim00276,0.066939071,0.05961211,0,1,1
r3.0:Fe:cn13:CCFeFeFeFeFeFeFeFeFeFeFe:sim00280,0.066612042,0.058473974,0,1,1
r3.0:Fe:cn13:CCFeFeFeFeFeFeFeFeFeFeFe:sim00284,0.066696547,0.059317831,0,1,1
r3.0:Fe:cn13:CCFeFeFeFeFeFeFeFeFeFeFe:sim00288,0.053805161,0.069576971,0,1,1
r3.0:Fe:cn13:CCFeFeFeFeFeFeFeFeFeFeFe:sim00292,0.067711778,0.059890553,0,1,1
r3.0:Fe:cn13:CCFeFeFeFeFeFeFeFeFeFeFe:sim00296,0.067356132,0.059286579,0,1,1
r3.0:Fe:cn13:CCFeFeFeFeFeFeFeFeFeFeFe:sim00300,0.062172931,0.077809758,0,1,1
r3.0:Fe:cn13:CCFeFeFeFeFeFeFeFeFeFeFe:sim00304,0.066681437,0.079113111,0,1,1
r3.0:Fe:cn13:CCFeFeFeFeFeFeFeFeFeFeFe:sim00308,0.073359631,0.093605772,0,1,1
r3.0:Fe:cn13:CCFeFeFeFeFeFeFeFeFeFeFe:sim00312,0.071021304,0.056749854,0,1,1
r3.0:Fe:cn13:CCFeFeFeFeFeFeFeFeFeFeFe:sim00316,0.06287694,0.048504096,0,1,1
r3.0:Fe:cn13:CCFeFeFeFeFeFeFeFeFeFeFe:sim00320,0.066134334,0.060421415,0,1,1
r3.0:Fe:cn13:CCFeFeFeFeFeFeFeFeFeFeFe:sim00324,0.05054377,0.077129737,0,1,1
r3.0:Fe:cn13:CCFeFeFeFeFeFeFeFeFeFeFe:sim00328,0.066239432,0.060404763,0,1,1
r3.0:Fe:cn13:CCFeFeFeFeFeFeFeFeFeFeFe:sim00332,0.07672064,0.089829355,0,1,1
r3.0:Fe:cn13:CCFeFeFeFeFeFeFeFeFeFeFe:sim00336,0.06224829,0.064626202,0,1,1
r3.0:Fe:cn13:CCFeFeFeFeFeFeFeFeFeFeFe:sim00340,0.066204108,0.06061453,0,1,1
r3.0:Fe:cn13:CCFeFeFeFeFeFeFeFeFeFeFe:sim00344,0.066167682,0.060548618,0,1,1
r3.0:Fe:cn13:CCFeFeFeFeFeFeFeFeFeFeFe:sim00348,0.04033545,0.058669511,0,1,1
r3.0:Fe:cn13:CCFeFeFeFeFeFeFeFeFeFeFe:sim00352,0.058519155,0.052534774,0,1,1
r3.0:Fe:cn13:CCFeFeFeFeFeFeFeFeFeFeFe:sim00356,0.050816104,0.077649243,0,1,1
r3.0:Fe:cn13:CCFeFeFeFeFeFeFeFeFeFeFe:sim00360,0.062649503,0.059144948,0,1,1
r3.0:Fe:cn13:CCFeFeFeFeFeFeFeFeFeFeFe:sim00364,0.063877195,0.059719414,0,1,1
r3.0:Fe:cn13:CCFeFeFeFeFeFeFeFeFeFeFe:sim00368,0.061908625,0.058089465,0,1,1
r3.0:Fe:cn13:CCFeFeFeFeFeFeFeFeFeFeFe:sim00372,0.056460943,0.047221996,0,1,1
r3.0:Fe:cn13:CCFeFeFeFeFeFeFeFeFeFeFe:sim00376,0.063236132,0.082752571,0,1,1
r3.0:Fe:cn13:CCFeFeFeFeFeFeFeFeFeFeFe:sim00380,0.069405451,0.062794432,0,1,1
r3.0:Fe:cn13:CCFeFeFeFeFeFeFeFeFeFeFe:sim00384,0.054203346,0.076902926,0,1,1
r3.0:Fe:cn13:CCFeFeFeFeFeFeFeFeFeFeFe:sim00388,0.066256404,0.06056815,0,1,1
r3.0:Fe:cn13:CCFeFeFeFeFeFeFeFeFeFeFe:sim00392,0.086555026,0.057647616,0,1,1
r3.0:Fe:cn13:CCFeFeFeFeFeFeFeFeFeFeFe:sim00396,0.061455216,0.072008654,0,1,1
r3.0:Fe:cn13:CCFeFeFeFeFeFeFeFeFeFeFe:sim00400,0.064748429,0.060329039,0,1,1
r3.0:Fe:cn13:CCFeFeFeFeFeFeFeFeFeFeFe:sim00404,0.066192314,0.060683638,0,1,1
r3.0:Fe:cn13:CCFeFeFeFeFeFeFeFeFeFeFe:sim00408,0.089734644,0.061006166,0,1,1
r3.0:Fe:cn13:CCFeFeFeFeFeFeFeFeFeFeFe:sim00412,0.067475922,0.061984148,0,1,1
r3.0:Fe:cn13:CCFeFeFeFeFeFeFeFeFeFeFe:sim00416,0.07737232,0.075425692,0,1,1
r3.0:Fe:cn13:CCFeFeFeFeFeFeFeFeFeFeFe:sim00420,0.05048462,0.058452986,0,1,1
r3.0:Fe:cn13:CCFeFeFeFeFeFeFeFeFeFeFe:sim00424,0.052516811,0.069595598,0,1,1
r3.0:Fe:cn13:CCFeFeFeFeFeFeFeFeFeFeFe:sim00428,0.065017082,0.058672007,0,1,1
r3.0:Fe:cn13:CCFeFeFeFeFeFeFeFeFeFeFe:sim00432,0.05981965,0.056852296,0,1,1
r3.0:Fe:cn13:CCFeFeFeFeFeFeFeFeFeFeFe:sim00436,0.07274951,0.064489186,0,1,1
r3.0:Fe:cn13:CCFeFeFeFeFeFeFeFeFeFeFe:sim00440,0.063435808,0.059712138,0,1,1
r3.0:Fe:cn13:CCFeFeFeFeFeFeFeFeFeFeFe:sim00444,0.066479363,0.06100544,0,1,1
r3.0:Fe:cn13:CCFeFeFeFeFeFeFeFeFeFeFe:sim00448,0.064396046,0.058406606,0,1,1
r3.0:Fe:cn13:CCFeFeFeFeFeFeFeFeFeFeFe:sim00452,0.081977881,0.05486431,0,1,1
r3.0:Fe:cn13:CCFeFeFeFeFeFeFeFeFeFeFe:sim00456,0.076949775,0.051069126,0,1,1
r3.0:Fe:cn13:CCFeFeFeFeFeFeFeFeFeFeFe:sim00460,0.070652619,0.043771427,0,1,1
r3.0:Fe:cn13:CCFeFeFeFeFeFeFeFeFeFeFe:sim00464,0.06291607,0.034631297,0,1,1
r3.0:Fe:cn13:CCFeFeFeFeFeFeFeFeFeFeFe:sim00468,0.060000274,0.049661689,0,1,1
r3.0:Fe:cn13:CCFeFeFeFeFeFeFeFeFeFeFe:sim00472,0.059839386,0.056770045,0,1,1
r3.0:Fe:cn13:CCFeFeFeFeFeFeFeFeFeFeFe:sim00476,0.091253929,0.061428364,0,1,1
r3.0:Fe:cn13:CCFeFeFeFeFeFeFeFeFeFeFe:sim00480,0.038744066,0.082500115,0,1,1
r3.0:Fe:cn13:CCFeFeFeFeFeFeFeFeFeFeFe:sim00484,0.042407107,0.06010446,0,1,1
r3.0:Fe:cn13:CCFeFeFeFeFeFeFeFeFeFeFe:sim00488,0.039815575,0.059399888,0,1,1
r3.0:Fe:cn13:CCFeFeFeFeFeFeFeFeFeFeFe:sim00492,0.066007331,0.060724154,0,1,1
r3.0:Fe:cn13:CCFeFeFeFeFeFeFeFeFeFeFe:sim00496,0.064553954,0.056050017,0,1,1
r3.0:Fe:cn13:CCFeFeFeFeFeFeFeFeFeFeFe:sim00500,0.057907354,0.047190685,0,1,1
r3.0:Fe:cn13:CCFeFeFeFeFeFeFeFeFeFeFe:sim00504,0.070753917,0.063910894,0,1,1
r3.0:Fe:cn13:CCFeFeFeFeFeFeFeFeFeFeFe:sim00508,0.057552528,0.030836286,0,1,1
r3.0:Fe:cn13:CCFeFeFeFeFeFeFeFeFeFeFe:sim00512,0.0501974,0.068449579,0,1,1
r3.0:Fe:cn13:CCFeFeFeFeFeFeFeFeFeFeFe:sim00516,0.056486219,0.072499156,0,1,1
r3.0:Fe:cn13:CCFeFeFeFeFeFeFeFeFeFeFe:sim00520,0.069040984,0.062032599,0,1,1
r3.0:Fe:cn13:CCFeFeFeFeFeFeFeFeFeFeFe:sim00524,0.072582379,0.063426264,0,1,1
r3.0:Fe:cn13:CCFeFeFeFeFeFeFeFeFeFeFe:sim00528,0.069989681,0.063269183,0,1,1
r3.0:Fe:cn13:CCFeFeFeFeFeFeFeFeFeFeFe:sim00532,0.058626577,0.048258737,0,1,1
r3.0:Fe:cn13:CCFeFeFeFeFeFeFeFeFeFeFe:sim00536,0.069025032,0.062168598,0,1,1
r3.0:Fe:cn13:CCFeFeFeFeFeFeFeFeFeFeFe:sim00540,0.056380335,0.061635174,0,1,1
r3.0:Fe:cn13:CCFeFeFeFeFeFeFeFeFeFeFe:sim00544,0.080285184,0.053646199,0,1,1
r3.0:Fe:cn13:CCFeFeFeFeFeFeFeFeFeFeFe:sim00548,0.07952939,0.053575862,0,1,1
r3.0:Fe:cn13:CCFeFeFeFeFeFeFeFeFeFeFe:sim00552,0.068895385,0.061926037,0,1,1
r3.0:Fe:cn13:CCFeFeFeFeFeFeFeFeFeFeFe:sim00556,0.069268219,0.062218957,0,1,1
r3.0:Fe:cn13:CCFeFeFeFeFeFeFeFeFeFeFe:sim00560,0.069368951,0.063548252,0,1,1
r3.0:Fe:cn13:CCFeFeFeFeFeFeFeFeFeFeFe:sim00564,0.070764787,0.063812003,0,1,1
r3.0:Fe:cn13:CCFeFeFeFeFeFeFeFeFeFeFe:sim00568,0.092371419,0.046999492,0,1,1
r3.0:Fe:cn13:CCFeFeFeFeFeFeFeFeFeFeFe:sim00572,0.069755644,0.068171732,0,1,1
r3.0:Fe:cn13:CCFeFeFeFeFeFeFeFeFeFeFe:sim00576,0.069119632,0.06121432,0,1,1
r3.0:Fe:cn13:CCFeFeFeFeFeFeFeFeFeFeFe:sim00580,0.06894879,0.06188802,0,1,1
r3.0:Fe:cn13:CCFeFeFeFeFeFeFeFeFeFeFe:sim00584,0.071914293,0.062962987,0,1,1
r3.0:Fe:cn13:CCFeFeFeFeFeFeFeFeFeFeFe:sim00588,0.075757191,0.069706641,0,1,1
r3.0:Fe:cn13:CCFeFeFeFeFeFeFeFeFeFeFe:sim00592,0.068949088,0.061969958,0,1,1
r3.0:Fe:cn13:CCFeFeFeFeFeFeFeFeFeFeFe:sim00596,0.073236115,0.044781253,0,1,1
r3.0:Fe:cn13:CCFeFeFeFeFeFeFeFeFeFeFe:sim00600,0.067382745,0.061449211,0,1,1
r3.0:Fe:cn13:CCFeFeFeFeFeFeFeFeFeFeFe:sim00604,0.059571378,0.057507735,0,1,1
r3.0:Fe:cn13:CCFeFeFeFeFeFeFeFeFeFeFe:sim00608,0.066969484,0.060818978,0,1,1
r3.0:Fe:cn13:CCFeFeFeFeFeFeFeFeFeFeFe:sim00612,0.052925751,0.055585638,0,1,1
r3.0:Fe:cn13:CCFeFeFeFeFeFeFeFeFeFeFe:sim00616,0.055623982,0.057240974,0,1,1
r3.0:Fe:cn13:CCFeFeFeFeFeFeFeFeFeFeFe:sim00620,0.066764995,0.060096957,0,1,1
r3.0:Fe:cn13:CCFeFeFeFeFeFeFeFeFeFeFe:sim00624,0.065507628,0.058713149,0,1,1
r3.0:Fe:cn13:CCFeFeFeFeFeFeFeFeFeFeFe:sim00628,0.072055995,0.065781437,0,1,1
r3.0:Fe:cn13:CCFeFeFeFeFeFeFeFeFeFeFe:sim00632,0.071091793,0.044313654,0,1,1
r3.0:Fe:cn13:CCFeFeFeFeFeFeFeFeFeFeFe:sim00636,0.070823371,0.063443512,0,1,1
r3.0:Fe:cn13:CCFeFeFeFeFeFeFeFeFeFeFe:sim00640,0.069774799,0.062166221,0,1,1
r3.0:Fe:cn13:CCFeFeFeFeFeFeFeFeFeFeFe:sim00644,0.054411057,0.071450919,0,1,1
r3.0:Fe:cn13:CCFeFeFeFeFeFeFeFeFeFeFe:sim00648,0.066844992,0.062127758,0,1,1
r3.0:Fe:cn13:CCFeFeFeFeFeFeFeFeFeFeFe:sim00652,0.063215122,0.065385237,0,1,1
r3.0:Fe:cn13:CCFeFeFeFeFeFeFeFeFeFeFe:sim00656,0.062821276,0.065057561,0,1,1
r3.0:Fe:cn13:CCFeFeFeFeFeFeFeFeFeFeFe:sim00660,0.066832505,0.060900748,0,1,1
r3.0:Fe:cn13:CCFeFeFeFeFeFeFeFeFeFeFe:sim00664,0.07343661,0.065116122,0,1,1
r3.0:Fe:cn13:CCFeFeFeFeFeFeFeFeFeFeFe:sim00668,0.067291051,0.06115108,0,1,1
r3.0:Fe:cn13:CCFeFeFeFeFeFeFeFeFeFeFe:sim00672,0.065201551,0.060245924,0,1,1
r3.0:Fe:cn13:CCFeFeFeFeFeFeFeFeFeFeFe:sim00676,0.066570908,0.060572002,0,1,1
r3.0:Fe:cn13:CCFeFeFeFeFeFeFeFeFeFeFe:sim00680,0.06615939,0.060015444,0,1,1
r3.0:Fe:cn13:CCFeFeFeFeFeFeFeFeFeFeFe:sim00684,0.067100041,0.061281476,0,1,1
r3.0:Fe:cn13:CCFeFeFeFeFeFeFeFeFeFeFe:sim00688,0.058952194,0.052610397,0,1,1
r3.0:Fe:cn13:CCFeFeFeFeFeFeFeFeFeFeFe:sim00692,0.067906007,0.061277661,0,1,1
r3.0:Fe:cn13:CCFeFeFeFeFeFeFeFeFeFeFe:sim00696,0.068780221,0.061705541,0,1,1
r3.0:Fe:cn13:CCFeFeFeFeFeFeFeFeFeFeFe:sim00700,0.038613766,0.063709058,0,1,1
r3.0:Fe:cn13:CCFeFeFeFeFeFeFeFeFeFeFe:sim00704,0.063152909,0.065073743,0,1,1
r3.0:Fe:cn13:CCFeFeFeFeFeFeFeFeFeFeFe:sim00708,0.0731823,0.056582611,0,1,1
r3.0:Fe:cn13:CCFeFeFeFeFeFeFeFeFeFeFe:sim00712,0.066474997,0.060970623,0,1,1
r3.0:Fe:cn13:CCFeFeFeFeFeFeFeFeFeFeFe:sim00716,0.066760331,0.060861666,0,1,1
r3.0:Fe:cn13:CCFeFeFeFeFeFeFeFeFeFeFe:sim00720,0.06649404,0.061019462,0,1,1
r3.0:Fe:cn13:CCFeFeFeFeFeFeFeFeFeFeFe:sim00724,0.066229805,0.060826108,0,1,1
r3.0:Fe:cn13:CCFeFeFeFeFeFeFeFeFeFeFe:sim00728,0.070666514,0.06327267,0,1,1
r3.0:Fe:cn13:CCFeFeFeFeFeFeFeFeFeFeFe:sim00732,0.055678893,0.050477251,0,1,1
r3.0:Fe:cn13:CCFeFeFeFeFeFeFeFeFeFeFe:sim00736,0.062095664,0.057206877,0,1,1
r3.0:Fe:cn13:CCFeFeFeFeFeFeFeFeFeFeFe:sim00740,0.050826259,0.077438556,0,1,1
r3.0:Fe:cn13:CCFeFeFeFeFeFeFeFeFeFeFe:sim00744,0.065598257,0.059677456,0,1,1
r3.0:Fe:cn13:CCFeFeFeFeFeFeFeFeFeFeFe:sim00748,0.077805944,0.091645397,0,1,1
r3.0:Fe:cn13:CCFeFeFeFeFeFeFeFeFeFeFe:sim00752,0.05934656,0.061706316,0,1,1
r3.0:Fe:cn13:CCFeFeFeFeFeFeFeFeFeFeFe:sim00756,0.068842947,0.06439998,0,1,1
r3.0:Fe:cn13:CCFeFeFeFeFeFeFeFeFeFeFe:sim00760,0.066443622,0.060558658,0,1,1
r3.0:Fe:cn13:CCFeFeFeFeFeFeFeFeFeFeFe:sim00764,0.066549458,0.060607396,0,1,1
r3.0:Fe:cn13:CCFeFeFeFeFeFeFeFeFeFeFe:sim00768,0.066846207,0.060288049,0,1,1
r3.0:Fe:cn13:CCFeFeFeFeFeFeFeFeFeFeFe:sim00772,0.057282042,0.071134217,0,1,1
r3.0:Fe:cn13:CCFeFeFeFeFeFeFeFeFeFeFe:sim00776,0.081739232,0.044023465,0,1,1
r3.0:Fe:cn13:CCFeFeFeFeFeFeFeFeFeFeFe:sim00780,0.066271044,0.060913131,0,1,1
r3.0:Fe:cn13:CCFeFeFeFeFeFeFeFeFeFeFe:sim00784,0.069788173,0.061770771,0,1,1
r3.0:Fe:cn13:CCFeFeFeFeFeFeFeFeFeFeFe:sim00788,0.065424234,0.054548025,0,1,1
r3.0:Fe:cn13:CCFeFeFeFeFeFeFeFeFeFeFe:sim00792,0.065378852,0.060313124,0,1,1
r3.0:Fe:cn13:CCFeFeFeFeFeFeFeFeFeFeFe:sim00796,0.065477908,0.060259178,0,1,1
r3.0:Fe:cn13:CCFeFeFeFeFeFeFeFeFeFeFe:sim00800,0.096765935,0.066688329,0,1,1
r3.0:Fe:cn13:CCFeFeFeFeFeFeFeFeFeFeFe:sim00804,0.088833608,0.058433253,0,1,1
r3.0:Fe:cn13:CCFeFeFeFeFeFeFeFeFeFeFe:sim00808,0.089606434,0.05875992,0,1,1
r3.0:Fe:cn13:CCFeFeFeFeFeFeFeFeFeFeFe:sim00812,0.09011735,0.061212432,0,1,1
r3.0:Fe:cn13:CCFeFeFeFeFeFeFeFeFeFeFe:sim00816,0.085793279,0.05850713,0,1,1
r3.0:Fe:cn13:CCFeFeFeFeFeFeFeFeFeFeFe:sim00820,0.0751132,0.067833245,0,1,1
r3.0:Fe:cn13:CCFeFeFeFeFeFeFeFeFeFeFe:sim00824,0.07312306,0.063319303,0,1,1
r3.0:Fe:cn13:CCFeFeFeFeFeFeFeFeFeFeFe:sim00828,0.071478076,0.066310748,0,1,1
r3.0:Fe:cn13:CCFeFeFeFeFeFeFeFeFeFeFe:sim00832,0.058681708,0.0057218666,0,1,1
r3.0:Fe:cn13:CCFeFeFeFeFeFeFeFeFeFeFe:sim00836,0.080820791,0.051182382,0,1,1
r3.0:Fe:cn13:CCFeFeFeFeFeFeFeFeFeFeFe:sim00840,0.087830506,0.058243193,0,1,1
r3.0:Fe:cn13:CCFeFeFeFeFeFeFeFeFeFeFe:sim00844,0.090985917,0.059426222,0,1,1
r3.0:Fe:cn13:CCFeFeFeFeFeFeFeFeFeFeFe:sim00848,0.08797314,0.058401581,0,1,1
r3.0:Fe:cn13:CCFeFeFeFeFeFeFeFeFeFeFe:sim00852,0.094434895,0.055748183,0,1,1
r3.0:Fe:cn13:CCFeFeFeFeFeFeFeFeFeFeFe:sim00856,0.093889944,0.055475358,0,1,1
r3.0:Fe:cn13:CCFeFeFeFeFeFeFeFeFeFeFe:sim00860,0.10029972,0.048089948,0,1,1
r3.0:Fe:cn13:CCFeFeFeFeFeFeFeFeFeFeFe:sim00864,0.088564217,0.058749638,0,1,1
r3.0:Fe:cn13:CCFeFeFeFeFeFeFeFeFeFeFe:sim00868,0.089109197,0.064505026,0,1,1
r3.0:Fe:cn13:CCFeFeFeFeFeFeFeFeFeFeFe:sim00872,0.088530838,0.064194456,0,1,1
r3.0:Fe:cn13:CCFeFeFeFeFeFeFeFeFeFeFe:sim00876,0.07612101,0.075502895,0,1,1
r3.0:Fe:cn13:CCFeFeFeFeFeFeFeFeFeFeFe:sim00880,0.091317654,0.060589999,0,1,1
r3.0:Fe:cn13:CCFeFeFeFeFeFeFeFeFeFeFe:sim00884,0.088206634,0.058305968,0,1,1
r3.0:Fe:cn13:CCFeFeFeFeFeFeFeFeFeFeFe:sim00888,0.079231873,0.070426293,0,1,1
r3.0:Fe:cn13:CCFeFeFeFeFeFeFeFeFeFeFe:sim00892,0.087674044,0.05699325,0,1,1
r3.0:Fe:cn13:CCFeFeFeFeFeFeFeFeFeFeFe:sim00896,0.088063218,0.058364853,0,1,1
r3.0:Fe:cn13:CCFeFeFeFeFeFeFeFeFeFeFe:sim00900,0.064517848,0.053863607,0,1,1
r3.0:Fe:cn13:CCFeFeFeFeFeFeFeFeFeFeFe:sim00904,0.072188571,0.055568881,0,1,1
r3.0:Fe:cn13:CCFeFeFeFeFeFeFeFeFeFeFe:sim00908,0.059967544,0.067771032,0,1,1
r3.0:Fe:cn13:CCFeFeFeFeFeFeFeFeFeFeFe:sim00912,0.063870288,0.060248021,0,1,1
r3.0:Fe:cn13:CCFeFeFeFeFeFeFeFeFeFeFe:sim00916,0.039740536,0.060546242,0,1,1
r3.0:Fe:cn13:CCFeFeFeFeFeFeFeFeFeFeFe:sim00920,0.068440005,0.061563265,0,1,1
r3.0:Fe:cn13:CCFeFeFeFeFeFeFeFeFeFeFe:sim00924,0.083378509,0.044877782,0,1,1
r3.0:Fe:cn13:CCFeFeFeFeFeFeFeFeFeFeFe:sim00928,0.068277054,0.061290212,0,1,1
r3.0:Fe:cn13:CCFeFeFeFeFeFeFeFeFeFeFe:sim00932,0.080760315,0.051906154,0,1,1
r3.0:Fe:cn13:CCFeFeFeFeFeFeFeFeFeFeFe:sim00936,0.1019478,0.040672515,0,1,1
r3.0:Fe:cn13:CCFeFeFeFeFeFeFeFeFeFeFe:sim00940,0.068223707,0.061047621,0,1,1
r3.0:Fe:cn13:CCFeFeFeFeFeFeFeFeFeFeFe:sim00944,0.05538762,0.071104631,0,1,1
r3.0:Fe:cn13:CCFeFeFeFeFeFeFeFeFeFeFe:sim00948,0.069264546,0.056465775,0,1,1
r3.0:Fe:cn13:CCFeFeFeFeFeFeFeFeFeFeFe:sim00952,0.051852822,0.069784544,0,1,1
r3.0:Fe:cn13:CCFeFeFeFeFeFeFeFeFeFeFe:sim00956,0.06797906,0.060556985,0,1,1
r3.0:Fe:cn13:CCFeFeFeFeFeFeFeFeFeFeFe:sim00960,0.079221986,0.075053334,0,1,1
r3.0:Fe:cn13:CCFeFeFeFeFeFeFeFeFeFeFe:sim00964,0.070768371,0.062327061,0,1,1
r3.0:Fe:cn13:CCFeFeFeFeFeFeFeFeFeFeFe:sim00968,0.065483019,0.057427283,0,1,1
r3.0:Fe:cn13:CCFeFeFeFeFeFeFeFeFeFeFe:sim00972,0.076231055,0.066301726,0,1,1
r3.0:Fe:cn13:CCFeFeFeFeFeFeFeFeFeFeFe:sim00976,0.082039513,0.076417588,0,1,1
r3.0:Fe:cn13:CCFeFeFeFeFeFeFeFeFeFeFe:sim00980,0.061104447,0.053865444,0,1,1
r3.0:Fe:cn13:CCFeFeFeFeFeFeFeFeFeFeFe:sim00984,0.072246201,0.061910748,0,1,1
r3.0:Fe:cn13:CCFeFeFeFeFeFeFeFeFeFeFe:sim00988,0.068057008,0.061263118,0,1,1
r3.0:Fe:cn13:CCFeFeFeFeFeFeFeFeFeFeFe:sim00992,0.063823238,0.077907376,0,1,1
r3.0:Fe:cn13:CCFeFeFeFeFeFeFeFeFeFeFe:sim00996,0.062574491,0.076805435,0,1,1
r3.0:Fe:cn13:CCFeFeFeFeFeFeFeFeFeFeFe:sim01000,0.094931021,0.03294123,0,1,1
r3.0:Fe:cn13:CCFeFeFeFeFeFeFeFeFeFeFe:sim01004,0.082266077,0.05146892,0,1,1
r3.0:Fe:cn13:CCFeFeFeFeFeFeFeFeFeFeFe:sim01008,0.0891238,0.032820925,0,1,1
r3.0:Fe:cn13:CCFeFeFeFeFeFeFeFeFeFeFe:sim01012,0.079685211,0.04954879,0,1,1
r3.0:Fe:cn13:CCFeFeFeFeFeFeFeFeFeFeFe:sim01016,0.09577363,0.042047832,0,1,1
r3.0:Fe:cn13:CCFeFeFeFeFeFeFeFeFeFeFe:sim01020,0.099854112,0.049007732,0,1,1
r3.0:Fe:cn13:CCFeFeFeFeFeFeFeFeFeFeFe:sim01024,0.077065542,0.024328453,0,1,1
r3.0:Fe:cn13:CCFeFeFeFeFeFeFeFeFeFeFe:sim01028,0.079329059,0.049458008,0,1,1
r3.0:Fe:cn13:CCFeFeFeFeFeFeFeFeFeFeFe:sim01032,0.066786394,0.059312008,0,1,1
r3.0:Fe:cn13:CCFeFeFeFeFeFeFeFeFeFeFe:sim01036,0.063344762,0.058032833,0,1,1
r3.0:Fe:cn13:CCFeFeFeFeFeFeFeFeFeFeFe:sim01040,0.079602636,0.04985084,0,1,1
r3.0:Fe:cn13:CCFeFeFeFeFeFeFeFeFeFeFe:sim01044,0.079596117,0.049735777,0,1,1
r3.0:Fe:cn13:CCFeFeFeFeFeFeFeFeFeFeFe:sim01048,0.056110088,0.050703887,0,1,1
r3.0:Fe:cn13:CCFeFeFeFeFeFeFeFeFeFeFe:sim01052,0.07954143,0.049823392,0,1,1
r3.0:Fe:cn13:CCFeFeFeFeFeFeFeFeFeFeFe:sim01056,0.079656415,0.050934087,0,1,1
r3.0:Fe:cn13:CCFeFeFeFeFeFeFeFeFeFeFe:sim01060,0.095058501,0.032825839,0,1,1
r3.0:Fe:cn13:CCFeFeFeFeFeFeFeFeFeFeFe:sim01064,0.094976269,0.032806836,0,1,1
r3.0:Fe:cn13:CCFeFeFeFeFeFeFeFeFeFeFe:sim01068,0.083549038,0.022740848,0,1,1
r3.0:Fe:cn13:CCFeFeFeFeFeFeFeFeFeFeFe:sim01072,0.079508275,0.049816083,0,1,1
r3.0:Fe:cn13:CCFeFeFeFeFeFeFeFeFeFeFe:sim01076,0.068243787,0.018628297,0,1,1
r3.0:Fe:cn13:CCFeFeFeFeFeFeFeFeFeFeFe:sim01080,0.086019456,0.057397172,0,1,1
r3.0:Fe:cn13:CCFeFeFeFeFeFeFeFeFeFeFe:sim01084,0.078096457,0.049128056,0,1,1
r3.0:Fe:cn13:CCFeFeFeFeFeFeFeFeFeFeFe:sim01088,0.081152245,0.051960796,0,1,1
r3.0:Fe:cn13:CCFeFeFeFeFeFeFeFeFeFeFe:sim01092,0.079993851,0.049758445,0,1,1
r3.0:Fe:cn13:CCFeFeFeFeFeFeFeFeFeFeFe:sim01096,0.079430632,0.048943728,0,1,1
r3.0:Fe:cn13:CCFeFeFeFeFeFeFeFeFeFeFe:sim01100,0.083443537,0.075323708,0,1,1
r3.0:Fe:cn13:CCFeFeFeFeFeFeFeFeFeFeFe:sim01104,0.08368811,0.075564452,0,1,1
r3.0:Fe:cn13:CCFeFeFeFeFeFeFeFeFeFeFe:sim01108,0.082135417,0.075112522,0,1,1
r3.0:Fe:cn13:CCFeFeFeFeFeFeFeFeFeFeFe:sim01112,0.083551332,0.075867385,0,1,1
r3.0:Fe:cn13:CCFeFeFeFeFeFeFeFeFeFeFe:sim01116,0.08288122,0.075666755,0,1,1
r3.0:Fe:cn13:CCFeFeFeFeFeFeFeFeFeFeFe:sim01120,0.08372774,0.075499833,0,1,1
r3.0:Fe:cn13:CCFeFeFeFeFeFeFeFeFeFeFe:sim01124,0.083798848,0.075481206,0,1,1
r3.0:Fe:cn13:CCFeFeFeFeFeFeFeFeFeFeFe:sim01128,0.083577633,0.075840019,0,1,1
r3.0:Fe:cn13:CCFeFeFeFeFeFeFeFeFeFeFe:sim01132,0.084533066,0.08180929,0,1,1
r3.0:Fe:cn13:CCFeFeFeFeFeFeFeFeFeFeFe:sim01136,0.060653623,0.071584195,0,1,1
r3.0:Fe:cn13:CCFeFeFeFeFeFeFeFeFeFeFe:sim01140,0.070985436,0.080582075,0,1,1
r3.0:Fe:cn13:CCFeFeFeFeFeFeFeFeFeFeFe:sim01144,0.098073073,0.09149915,0,1,1
r3.0:Fe:cn13:CCFeFeFeFeFeFeFeFeFeFeFe:sim01148,0.08775416,0.07763873,0,1,1
r3.0:Fe:cn13:CCFeFeFeFeFeFeFeFeFeFeFe:sim01152,0.082502827,0.072510026,0,1,1
r3.0:Fe:cn13:CCFeFeFeFeFeFeFeFeFeFeFe:sim01156,0.075573824,0.066225223,0,1,1
r3.0:Fe:cn13:CCFeFeFeFeFeFeFeFeFeFeFe:sim01160,0.075451463,0.066370666,0,1,1
r3.0:Fe:cn13:CCFeFeFeFeFeFeFeFeFeFeFe:sim01164,0.08436738,0.075235359,0,1,1
r3.0:Fe:cn13:CCFeFeFeFeFeFeFeFeFeFeFe:sim01168,0.067383781,0.091178678,0,1,1
r3.0:Fe:cn13:CCFeFeFeFeFeFeFeFeFeFeFe:sim01172,0.064978696,0.080234654,0,1,1
r3.0:Fe:cn13:CCFeFeFeFeFeFeFeFeFeFeFe:sim01176,0.064591587,0.079526946,0,1,1
r3.0:Fe:cn13:CCFeFeFeFeFeFeFeFeFeFeFe:sim01180,0.083309121,0.075351492,0,1,1
r3.0:Fe:cn13:CCFeFeFeFeFeFeFeFeFeFeFe:sim01184,0.083407268,0.075186834,0,1,1
r3.0:Fe:cn13:CCFeFeFeFeFeFeFeFeFeFeFe:sim01188,0.071870781,0.044151373,0,1,1
r3.0:Fe:cn13:CCFeFeFeFeFeFeFeFeFeFeFe:sim01192,0.082185037,0.070098281,0,1,1
r3.0:Fe:cn13:CCFeFeFeFeFeFeFeFeFeFeFe:sim01196,0.083763167,0.080727272,0,1,1
r3.0:Fe:cn13:CCFeFeFeFeFeFeFeFeFeFeFe:sim01200,0.073987074,0.062052067,0,1,1
r3.0:Fe:cn13:CCFeFeFeFeFeFeFeFeFeFeFe:sim01204,0.075434238,0.066612035,0,1,1
r3.0:Fe:cn13:CCFeFeFeFeFeFeFeFeFeFeFe:sim01208,0.11113399,0.046792444,0,1,1
r3.0:Fe:cn13:CCFeFeFeFeFeFeFeFeFeFeFe:sim01212,0.073484637,0.060239524,0,1,1
r3.0:Fe:cn13:CCFeFeFeFeFeFeFeFeFeFeFe:sim01216,0.073333859,0.06668096,0,1,1
r3.0:Fe:cn13:CCFeFeFeFeFeFeFeFeFeFeFe:sim01220,0.077179343,0.066311471,0,1,1
r3.0:Fe:cn13:CCFeFeFeFeFeFeFeFeFeFeFe:sim01224,0.075908311,0.065958023,0,1,1
r3.0:Fe:cn13:CCFeFeFeFeFeFeFeFeFeFeFe:sim01228,0.078457244,0.071731322,0,1,1
r3.0:Fe:cn13:CCFeFeFeFeFeFeFeFeFeFeFe:sim01232,0.086025856,0.07665889,0,1,1
r3.0:Fe:cn13:CCFeFeFeFeFeFeFeFeFeFeFe:sim01236,0.076657213,0.067883015,0,1,1
r3.0:Fe:cn13:CCFeFeFeFeFeFeFeFeFeFeFe:sim01240,0.076781139,0.067985922,0,1,1
r3.0:Fe:cn13:CCFeFeFeFeFeFeFeFeFeFeFe:sim01244,0.068202458,0.058703244,0,1,1
r3.0:Fe:cn13:CCFeFeFeFeFeFeFeFeFeFeFe:sim01248,0.076867022,0.067401543,0,1,1
r3.0:Fe:cn13:CCFeFeFeFeFeFeFeFeFeFeFe:sim01252,0.071963474,0.064561509,0,1,1
r3.0:Fe:cn13:CCFeFeFeFeFeFeFeFeFeFeFe:sim01256,0.064629667,0.075075157,0,1,1
r3.0:Fe:cn13:CCFeFeFeFeFeFeFeFeFeFeFe:sim01260,0.085586317,0.080179259,0,1,1
r3.0:Fe:cn13:CCFeFeFeFeFeFeFeFeFeFeFe:sim01264,0.080460884,0.062831365,0,1,1
r3.0:Fe:cn13:CCFeFeFeFeFeFeFeFeFeFeFe:sim01268,0.075513229,0.066701107,0,1,1
r3.0:Fe:cn13:CCFeFeFeFeFeFeFeFeFeFeFe:sim01272,0.085672215,0.080543242,0,1,1
r3.0:Fe:cn13:CCFeFeFeFeFeFeFeFeFeFeFe:sim01276,0.075911447,0.066857912,0,1,1
r3.0:Fe:cn13:CCFeFeFeFeFeFeFeFeFeFeFe:sim01280,0.07565096,0.066990674,0,1,1
r3.0:Fe:cn13:CCFeFeFeFeFeFeFeFeFeFeFe:sim01284,0.074643925,0.066090561,0,1,1
r3.0:Fe:cn13:CCFeFeFeFeFeFeFeFeFeFeFe:sim01288,0.06290777,0.076992385,0,1,1
r3.0:Fe:cn13:CCFeFeFeFeFeFeFeFeFeFeFe:sim01292,0.075546734,0.066837013,0,1,1
r3.0:Fe:cn13:CCFeFeFeFeFeFeFeFeFeFeFe:sim01296,0.074768104,0.065139823,0,1,1
r3.0:Fe:cn13:CCFeFeFeFeFeFeFeFeFeFeFe:sim01300,0.0767482,0.068163104,0,1,1
r3.0:Fe:cn13:CCFeFeFeFeFeFeFeFeFeFeFe:sim01304,0.079630069,0.067283891,0,1,1
r3.0:Fe:cn13:CCFeFeFeFeFeFeFeFeFeFeFe:sim01308,0.082011767,0.079254515,0,1,1
r3.0:Fe:cn13:CCFeFeFeFeFeFeFeFeFeFeFe:sim01312,0.063191995,0.035633489,0,1,1
r3.0:Fe:cn13:CCFeFeFeFeFeFeFeFeFeFeFe:sim01316,0.074591458,0.067618169,0,1,1
r3.0:Fe:cn13:CCFeFeFeFeFeFeFeFeFeFeFe:sim01320,0.074844383,0.066670917,0,1,1
r3.0:Fe:cn13:CCFeFeFeFeFeFeFeFeFeFeFe:sim01324,0.082378022,0.067376226,0,1,1
r3.0:Fe:cn13:CCFeFeFeFeFeFeFeFeFeFeFe:sim01328,0.084160209,0.056509856,0,1,1
r3.0:Fe:cn13:CCFeFeFeFeFeFeFeFeFeFeFe:sim01332,0.074094839,0.064219445,0,1,1
r3.0:Fe:cn13:CCFeFeFeFeFeFeFeFeFeFeFe:sim01336,0.061291106,0.057124708,0,1,1
r3.0:Fe:cn13:CCFeFeFeFeFeFeFeFeFeFeFe:sim01340,0.087195031,0.056277126,0,1,1
r3.0:Fe:cn13:CCFeFeFeFeFeFeFeFeFeFeFe:sim01344,0.070462257,0.065529145,0,1,1
r3.0:Fe:cn13:CCFeFeFeFeFeFeFeFeFeFeFe:sim01348,0.05017218,0.065949418,0,1,1
r3.0:Fe:cn13:CCFeFeFeFeFeFeFeFeFeFeFe:sim01352,0.074889712,0.066379972,0,1,1
r3.0:Fe:cn13:CCFeFeFeFeFeFeFeFeFeFeFe:sim01356,0.079400897,0.067687586,0,1,1
r3.0:Fe:cn13:CCFeFeFeFeFeFeFeFeFeFeFe:sim01360,0.057850134,0.045212526,0,1,1
r3.0:Fe:cn13:CCFeFeFeFeFeFeFeFeFeFeFe:sim01364,0.065096557,0.053130917,0,1,1
r3.0:Fe:cn13:CCFeFeFeFeFeFeFeFeFeFeFe:sim01368,0.063221231,0.052318741,0,1,1
r3.0:Fe:cn13:CCFeFeFeFeFeFeFeFeFeFeFe:sim01372,0.04000866,0.052193016,0,1,1
r3.0:Fe:cn13:CCFeFeFeFeFeFeFeFeFeFeFe:sim01376,0.046779931,0.088103294,0,1,1
r3.0:Fe:cn13:CCFeFeFeFeFeFeFeFeFeFeFe:sim01380,0.078210048,0.06871254,0,1,1
r3.0:Fe:cn13:CCFeFeFeFeFeFeFeFeFeFeFe:sim01384,0.062090956,0.076728001,0,1,1
r3.0:Fe:cn13:CCFeFeFeFeFeFeFeFeFeFeFe:sim01388,0.082391895,0.074651301,0,1,1
r3.0:Fe:cn13:CCFeFeFeFeFeFeFeFeFeFeFe:sim01392,0.071646474,0.066016287,0,1,1
r3.0:Fe:cn13:CCFeFeFeFeFeFeFeFeFeFeFe:sim01396,0.069377929,0.059137508,0,1,1
r3.0:Fe:cn13:CCFeFeFeFeFeFeFeFeFeFeFe:sim01400,0.043792278,0.036355972,0,1,1
r3.0:Fe:cn13:CCFeFeFeFeFeFeFeFeFeFeFe:sim01404,0.04278611,0.034492262,0,1,1
r3.0:Fe:cn13:CCFeFeFeFeFeFeFeFeFeFeFe:sim01408,0.06700097,0.036746312,0,1,1
r3.0:Fe:cn13:CCFeFeFeFeFeFeFeFeFeFeFe:sim01412,0.044719469,0.039385155,0,1,1
r3.0:Fe:cn13:CCFeFeFeFeFeFeFeFeFeFeFe:sim01416,0.054577406,0.052893549,0,1,1
r3.0:Fe:cn13:CCFeFeFeFeFeFeFeFeFeFeFe:sim01420,0.058065102,0.046831138,0,1,1
r3.0:Fe:cn13:CCFeFeFeFeFeFeFeFeFeFeFe:sim01424,0.063999958,0.035957567,0,1,1
r3.0:Fe:cn13:CCFeFeFeFeFeFeFeFeFeFeFe:sim01428,0.063682005,0.035881843,0,1,1
r3.0:Fe:cn13:CCFeFeFeFeFeFeFeFeFeFeFe:sim01432,0.064569376,0.036512028,0,1,1
r3.0:Fe:cn13:CCFeFeFeFeFeFeFeFeFeFeFe:sim01436,0.080944315,0.030539695,0,1,1
r3.0:Fe:cn13:CCFeFeFeFeFeFeFeFeFeFeFe:sim01440,0.064574301,0.036086705,0,1,1
r3.0:Fe:cn13:CCFeFeFeFeFeFeFeFeFeFeFe:sim01444,0.072386168,0.044542324,0,1,1
r3.0:Fe:cn13:CCFeFeFeFeFeFeFeFeFeFeFe:sim01448,0.06429144,0.036141295,0,1,1
r3.0:Fe:cn13:CCFeFeFeFeFeFeFeFeFeFeFe:sim01452,0.068591006,0.038442023,0,1,1
r3.0:Fe:cn13:CCFeFeFeFeFeFeFeFeFeFeFe:sim01456,0.068513297,0.038401943,0,1,1
r3.0:Fe:cn13:CCFeFeFeFeFeFeFeFeFeFeFe:sim01460,0.073609591,0.025679298,0,1,1
r3.0:Fe:cn13:CCFeFeFeFeFeFeFeFeFeFeFe:sim01464,0.073396869,0.024716012,0,1,1
r3.0:Fe:cn13:CCFeFeFeFeFeFeFeFeFeFeFe:sim01468,0.074301772,0.0052812407,0,1,1
r3.0:Fe:cn13:CCFeFeFeFeFeFeFeFeFeFeFe:sim01472,0.045838963,0.043013018,0,1,1
r3.0:Fe:cn13:CCFeFeFeFeFeFeFeFeFeFeFe:sim01476,0.089009069,0.036759704,0,1,1
r3.0:Fe:cn13:CCFeFeFeFeFeFeFeFeFeFeFe:sim01480,0.060296599,0.058031302,0,1,1
r3.0:Fe:cn13:CCFeFeFeFeFeFeFeFeFeFeFe:sim01484,0.064010508,0.03606936,0,1,1
r3.0:Fe:cn13:CCFeFeFeFeFeFeFeFeFeFeFe:sim01488,0.065290421,0.037197623,0,1,1
r3.0:Fe:cn13:CCFeFeFeFeFeFeFeFeFeFeFe:sim01492,0.058805149,0.033447541,0,1,1
r3.0:Fe:cn13:CCFeFeFeFeFeFeFeFeFeFeFe:sim01496,0.059122559,0.033584379,0,1,1
r3.0:Fe:cn13:CCFeFeFeFeFeFeFeFeFeFeFe:sim01500,0.057870489,0.045149855,0,1,1
r3.0:Fe:cn13:CCFeFeFeFeFeFeFeFeFeFeFe:sim01504,0.069703184,0.059855793,0,1,1
r3.0:Fe:cn13:CCFeFeFeFeFeFeFeFeFeFeFe:sim01508,0.056470312,0.027806487,0,1,1
r3.0:Fe:cn13:CCFeFeFeFeFeFeFeFeFeFeFe:sim01512,0.067757316,0.058564339,0,1,1
r3.0:Fe:cn13:CCFeFeFeFeFeFeFeFeFeFeFe:sim01516,0.044914529,0.074710004,0,1,1
r3.0:Fe:cn13:CCFeFeFeFeFeFeFeFeFeFeFe:sim01520,0.075352922,0.066641383,0,1,1
r3.0:Fe:cn13:CCFeFeFeFeFeFeFeFeFeFeFe:sim01524,0.078854904,0.067010008,0,1,1
r3.0:Fe:cn13:CCFeFeFeFeFeFeFeFeFeFeFe:sim01528,0.075274833,0.066460267,0,1,1
r3.0:Fe:cn13:CCFeFeFeFeFeFeFeFeFeFeFe:sim01532,0.090573847,0.049693312,0,1,1
r3.0:Fe:cn13:CCFeFeFeFeFeFeFeFeFeFeFe:sim01536,0.090945013,0.050153837,0,1,1
r3.0:Fe:cn13:CCFeFeFeFeFeFeFeFeFeFeFe:sim01540,0.057708491,0.075592659,0,1,1
r3.0:Fe:cn13:CCFeFeFeFeFeFeFeFeFeFeFe:sim01544,0.074175432,0.064891294,0,1,1
r3.0:Fe:cn13:CCFeFeFeFeFeFeFeFeFeFeFe:sim01548,0.073526941,0.065016933,0,1,1
r3.0:Fe:cn13:CCFeFeFeFeFeFeFeFeFeFeFe:sim01552,0.075579777,0.066789106,0,1,1
r3.0:Fe:cn13:CCFeFeFeFeFeFeFeFeFeFeFe:sim01556,0.075537533,0.067353994,0,1,1
r3.0:Fe:cn13:CCFeFeFeFeFeFeFeFeFeFeFe:sim01560,0.067711845,0.05893831,0,1,1
r3.0:Fe:cn13:CCFeFeFeFeFeFeFeFeFeFeFe:sim01564,0.081440218,0.049189955,0,1,1
r3.0:Fe:cn13:CCFeFeFeFeFeFeFeFeFeFeFe:sim01568,0.090721041,0.042553011,0,1,1
r3.0:Fe:cn13:CCFeFeFeFeFeFeFeFeFeFeFe:sim01572,0.072307974,0.089960471,0,1,1
r3.0:Fe:cn13:CCFeFeFeFeFeFeFeFeFeFeFe:sim01576,0.075673342,0.066740632,0,1,1
r3.0:Fe:cn13:CCFeFeFeFeFeFeFeFeFeFeFe:sim01580,0.068379238,0.054170292,0,1,1
r3.0:Fe:cn13:CCFeFeFeFeFeFeFeFeFeFeFe:sim01584,0.065554924,0.053328555,0,1,1
r3.0:Fe:cn13:CCFeFeFeFeFeFeFeFeFeFeFe:sim01588,0.065363012,0.05305155,0,1,1
r3.0:Fe:cn13:CCFeFeFeFeFeFeFeFeFeFeFe:sim01592,0.075247087,0.066819407,0,1,1
r3.0:Fe:cn13:CCFeFeFeFeFeFeFeFeFeFeFe:sim01596,0.075450785,0.066800304,0,1,1
r3.0:Fe:cn13:CCFeFeFeFeFeFeFeFeFeFeFe:sim01600,0.071617529,0.061136872,0,1,1
r3.0:Fe:cn13:CCFeFeFeFeFeFeFeFeFeFeFe:sim01604,0.067578793,0.058737386,0,1,1
r3.0:Fe:cn13:CCFeFeFeFeFeFeFeFeFeFeFe:sim01608,0.071754955,0.060935725,0,1,1
r3.0:Fe:cn13:CCFeFeFeFeFeFeFeFeFeFeFe:sim01612,0.083242752,0.085639104,0,1,1
r3.0:Fe:cn13:CCFeFeFeFeFeFeFeFeFeFeFe:sim01616,0.084330894,0.085887268,0,1,1
r3.0:Fe:cn13:CCFeFeFeFeFeFeFeFeFeFeFe:sim01620,0.092913441,0.059502412,0,1,1
r3.0:Fe:cn13:CCFeFeFeFeFeFeFeFeFeFeFe:sim01624,0.088883579,0.056056827,0,1,1
r3.0:Fe:cn13:CCFeFeFeFeFeFeFeFeFeFeFe:sim01628,0.094745085,0.060029119,0,1,1
r3.0:Fe:cn13:CCFeFeFeFeFeFeFeFeFeFeFe:sim01632,0.085447438,0.067832552,0,1,1
r3.0:Fe:cn13:CCFeFeFeFeFeFeFeFeFeFeFe:sim01636,0.085370488,0.066309959,0,1,1
r3.0:Fe:cn13:CCFeFeFeFeFeFeFeFeFeFeFe:sim01640,0.079113483,0.069623224,0,1,1
r3.0:Fe:cn13:CCFeFeFeFeFeFeFeFeFeFeFe:sim01644,0.066755757,0.079764292,0,1,1
r3.0:Fe:cn13:CCFeFeFeFeFeFeFeFeFeFeFe:sim01648,0.079224557,0.070674226,0,1,1
r3.0:Fe:cn13:CCFeFeFeFeFeFeFeFeFeFeFe:sim01652,0.069058903,0.07348004,0,1,1
r3.0:Fe:cn13:CCFeFeFeFeFeFeFeFeFeFeFe:sim01656,0.061960656,0.070770927,0,1,1
r3.0:Fe:cn13:CCFeFeFeFeFeFeFeFeFeFeFe:sim01660,0.079023413,0.06917996,0,1,1
r3.0:Fe:cn13:CCFeFeFeFeFeFeFeFeFeFeFe:sim01664,0.07903102,0.0695742,0,1,1
r3.0:Fe:cn13:CCFeFeFeFeFeFeFeFeFeFeFe:sim01668,0.079442114,0.069231093,0,1,1
r3.0:Fe:cn13:CCFeFeFeFeFeFeFeFeFeFeFe:sim01672,0.079450071,0.069121458,0,1,1
r3.0:Fe:cn13:CCFeFeFeFeFeFeFeFeFeFeFe:sim01676,0.079205528,0.069007196,0,1,1
r3.0:Fe:cn13:CCFeFeFeFeFeFeFeFeFeFeFe:sim01680,0.079471618,0.069353141,0,1,1
r3.0:Fe:cn13:CCFeFeFeFeFeFeFeFeFeFeFe:sim01684,0.082313195,0.070374429,0,1,1
r3.0:Fe:cn13:CCFeFeFeFeFeFeFeFeFeFeFe:sim01688,0.071372554,0.060696695,0,1,1
r3.0:Fe:cn13:CCFeFeFeFeFeFeFeFeFeFeFe:sim01692,0.075833723,0.066901341,0,1,1
r3.0:Fe:cn13:CCFeFeFeFeFeFeFeFeFeFeFe:sim01696,0.079811819,0.068447568,0,1,1
r3.0:Fe:cn13:CCFeFeFeFeFeFeFeFeFeFeFe:sim01700,0.047867242,0.064725488,0,1,1
r3.0:Fe:cn13:CCFeFeFeFeFeFeFeFeFeFeFe:sim01704,0.07003168,0.063552707,0,1,1
r3.0:Fe:cn13:CCFeFeFeFeFeFeFeFeFeFeFe:sim01708,0.085168794,0.057483982,0,1,1
r3.0:Fe:cn13:CCFeFeFeFeFeFeFeFeFeFeFe:sim01712,0.054099247,0.066517428,0,1,1
r3.0:Fe:cn13:CCFeFeFeFeFeFeFeFeFeFeFe:sim01716,0.065300129,0.097454496,0,1,1
r3.0:Fe:cn13:CCFeFeFeFeFeFeFeFeFeFeFe:sim01720,0.074508786,0.066671409,0,1,1
r3.0:Fe:cn13:CCFeFeFeFeFeFeFeFeFeFeFe:sim01724,0.073968567,0.066399075,0,1,1
r3.0:Fe:cn13:CCFeFeFeFeFeFeFeFeFeFeFe:sim01728,0.077451959,0.062722191,0,1,1
r3.0:Fe:cn13:CCFeFeFeFeFeFeFeFeFeFeFe:sim01732,0.06483186,0.063316964,0,1,1
r3.0:Fe:cn13:CCFeFeFeFeFeFeFeFeFeFeFe:sim01736,0.078258112,0.068624303,0,1,1
r3.0:Fe:cn13:CCFeFeFeFeFeFeFeFeFeFeFe:sim01740,0.05889637,0.082859039,0,1,1
r3.0:Fe:cn13:CCFeFeFeFeFeFeFeFeFeFeFe:sim01744,0.074192405,0.06592378,0,1,1
r3.0:Fe:cn13:CCFeFeFeFeFeFeFeFeFeFeFe:sim01748,0.08476752,0.09586744,0,1,1
r3.0:Fe:cn13:CCFeFeFeFeFeFeFeFeFeFeFe:sim01752,0.069446847,0.069506228,0,1,1
r3.0:Fe:cn13:CCFeFeFeFeFeFeFeFeFeFeFe:sim01756,0.083631627,0.076037847,0,1,1
r3.0:Fe:cn13:CCFeFeFeFeFeFeFeFeFeFeFe:sim01760,0.070596233,0.063845374,0,1,1
r3.0:Fe:cn13:CCFeFeFeFeFeFeFeFeFeFeFe:sim01764,0.074302085,0.066053666,0,1,1
r3.0:Fe:cn13:CCFeFeFeFeFeFeFeFeFeFeFe:sim01768,0.074575946,0.066049941,0,1,1
r3.0:Fe:cn13:CCFeFeFeFeFeFeFeFeFeFeFe:sim01772,0.073246874,0.06000255,0,1,1
r3.0:Fe:cn13:CCFeFeFeFeFeFeFeFeFeFeFe:sim01776,0.089481808,0.049466293,0,1,1
r3.0:Fe:cn13:CCFeFeFeFeFeFeFeFeFeFeFe:sim01780,0.078686178,0.069743559,0,1,1
r3.0:Fe:cn13:CCFeFeFeFeFeFeFeFeFeFeFe:sim01784,0.073606275,0.072072662,0,1,1
r3.0:Fe:cn13:CCFeFeFeFeFeFeFeFeFeFeFe:sim01788,0.075246714,0.067694731,0,1,1
r3.0:Fe:cn13:CCFeFeFeFeFeFeFeFeFeFeFe:sim01792,0.073742695,0.066284098,0,1,1
r3.0:Fe:cn13:CCFeFeFeFeFeFeFeFeFeFeFe:sim01796,0.075077787,0.067909494,0,1,1
r3.0:Fe:cn13:CCFeFeFeFeFeFeFeFeFeFeFe:sim01800,0.07633578,0.067147501,0,1,1
r3.0:Fe:cn13:CCFeFeFeFeFeFeFeFeFeFeFe:sim01804,0.076388538,0.067842074,0,1,1
r3.0:Fe:cn13:CCFeFeFeFeFeFeFeFeFeFeFe:sim01808,0.076297291,0.067002915,0,1,1
r3.0:Fe:cn13:CCFeFeFeFeFeFeFeFeFeFeFe:sim01812,0.075391307,0.066943631,0,1,1
r3.0:Fe:cn13:CCFeFeFeFeFeFeFeFeFeFeFe:sim01816,0.067257442,0.058103517,0,1,1
r3.0:Fe:cn13:CCFeFeFeFeFeFeFeFeFeFeFe:sim01820,0.071300201,0.070247859,0,1,1
r3.0:Fe:cn13:CCFeFeFeFeFeFeFeFeFeFeFe:sim01824,0.071150474,0.070655271,0,1,1
r3.0:Fe:cn13:CCFeFeFeFeFeFeFeFeFeFeFe:sim01828,0.066916667,0.067872658,0,1,1
r3.0:Fe:cn13:CCFeFeFeFeFeFeFeFeFeFeFe:sim01832,0.061531521,0.07021077,0,1,1
r3.0:Fe:cn13:CCFeFeFeFeFeFeFeFeFeFeFe:sim01836,0.075730644,0.066905327,0,1,1
r3.0:Fe:cn13:CCFeFeFeFeFeFeFeFeFeFeFe:sim01840,0.075468801,0.066863701,0,1,1
r3.0:Fe:cn13:CCFeFeFeFeFeFeFeFeFeFeFe:sim01844,0.075416327,0.067007944,0,1,1
r3.0:Fe:cn13:CCFeFeFeFeFeFeFeFeFeFeFe:sim01848,0.075689614,0.067019075,0,1,1
r3.0:Fe:cn13:CCFeFeFeFeFeFeFeFeFeFeFe:sim01852,0.1000865,0.067396998,0,1,1
r3.0:Fe:cn13:CCFeFeFeFeFeFeFeFeFeFeFe:sim01856,0.10028413,0.067349002,0,1,1
r3.0:Fe:cn13:CCFeFeFeFeFeFeFeFeFeFeFe:sim01860,0.087964699,0.056487165,0,1,1
r3.0:Fe:cn13:CCFeFeFeFeFeFeFeFeFeFeFe:sim01864,0.088416383,0.057203971,0,1,1
r3.0:Fe:cn13:CCFeFeFeFeFeFeFeFeFeFeFe:sim01868,0.076702878,0.073123641,0,1,1
r3.0:Fe:cn13:CCFeFeFeFeFeFeFeFeFeFeFe:sim01872,0.074912809,0.067116015,0,1,1
r3.0:Fe:cn13:CCFeFeFeFeFeFeFeFeFeFeFe:sim01876,0.088239782,0.058084089,0,1,1
r3.0:Fe:cn13:CCFeFeFeFeFeFeFeFeFeFeFe:sim01880,0.075195648,0.066689588,0,1,1
r3.0:Fe:cn13:CCFeFeFeFeFeFeFeFeFeFeFe:sim01884,0.071943633,0.064404167,0,1,1
r3.0:Fe:cn13:CCFeFeFeFeFeFeFeFeFeFeFe:sim01888,0.061189849,0.075963371,0,1,1
r3.0:Fe:cn13:CCFeFeFeFeFeFeFeFeFeFeFe:sim01892,0.075304903,0.066761211,0,1,1
r3.0:Fe:cn13:CCFeFeFeFeFeFeFeFeFeFeFe:sim01896,0.075753815,0.067788005,0,1,1
r3.0:Fe:cn13:CCFeFeFeFeFeFeFeFeFeFeFe:sim01900,0.066856466,0.092245013,0,1,1
r3.0:Fe:cn13:CCFeFeFeFeFeFeFeFeFeFeFe:sim01904,0.062032137,0.085034333,0,1,1
r3.0:Fe:cn13:CCFeFeFeFeFeFeFeFeFeFeFe:sim01908,0.061202869,0.10622244,0,1,1
r3.0:Fe:cn13:CCFeFeFeFeFeFeFeFeFeFeFe:sim01912,0.077760018,0.074681684,0,1,1
r3.0:Fe:cn13:CCFeFeFeFeFeFeFeFeFeFeFe:sim01916,0.052767444,0.073160045,0,1,1
r3.0:Fe:cn13:CCFeFeFeFeFeFeFeFeFeFeFe:sim01920,0.060527202,0.071688399,0,1,1
r3.0:Fe:cn13:CCFeFeFeFeFeFeFeFeFeFeFe:sim01924,0.076780595,0.054286893,0,1,1
r3.0:Fe:cn13:CCFeFeFeFeFeFeFeFeFeFeFe:sim01928,0.060391918,0.071705192,0,1,1
r3.0:Fe:cn13:CCFeFeFeFeFeFeFeFeFeFeFe:sim01932,0.083348945,0.076938972,0,1,1
r3.0:Fe:cn13:CCFeFeFeFeFeFeFeFeFeFeFe:sim01936,0.11908085,0.04264088,0,1,1
r3.0:Fe:cn13:CCFeFeFeFeFeFeFeFeFeFeFe:sim01940,0.1023647,0.0801505,0,1,1
r3.0:Fe:cn13:CCFeFeFeFeFeFeFeFeFeFeFe:sim01944,0.08874999,0.083998553,0,1,1
r3.0:Fe:cn13:CCFeFeFeFeFeFeFeFeFeFeFe:sim01948,0.10211894,0.074734755,0,1,1
r3.0:Fe:cn13:CCFeFeFeFeFeFeFeFeFeFeFe:sim01952,0.063979991,0.083627596,0,1,1
r3.0:Fe:cn13:CCFeFeFeFeFeFeFeFeFeFeFe:sim01956,0.076479867,0.073029391,0,1,1
r3.0:Fe:cn13:CCFeFeFeFeFeFeFeFeFeFeFe:sim01960,0.086793751,0.086895421,0,1,1
r3.0:Fe:cn13:CCFeFeFeFeFeFeFeFeFeFeFe:sim01964,0.07678955,0.073487222,0,1,1
r3.0:Fe:cn13:CCFeFeFeFeFeFeFeFeFeFeFe:sim01968,0.075290993,0.071493998,0,1,1
r3.0:Fe:cn13:CCFeFeFeFeFeFeFeFeFeFeFe:sim01972,0.07733611,0.07431335,0,1,1
r3.0:Fe:cn13:CCFeFeFeFeFeFeFeFeFeFeFe:sim01976,0.085735202,0.086441204,0,1,1
r3.0:Fe:cn13:CCFeFeFeFeFeFeFeFeFeFeFe:sim01980,0.080985174,0.07627786,0,1,1
r3.0:Fe:cn13:CCFeFeFeFeFeFeFeFeFeFeFe:sim01984,0.0721009,0.070336282,0,1,1
r3.0:Fe:cn13:CCFeFeFeFeFeFeFeFeFeFeFe:sim01988,0.076651558,0.073103108,0,1,1
r3.0:Fe:cn13:CCFeFeFeFeFeFeFeFeFeFeFe:sim01992,0.076489918,0.071788184,0,1,1
r3.0:Fe:cn13:CCFeFeFeFeFeFeFeFeFeFeFe:sim01996,0.075592682,0.071372449,0,1,1
r3.0:Fe:cn13:CCFeFeFeFeFeFeFeFeFeFeFe:sim02000,0.082556903,0.041736372,0,1,1
r3.0:Fe:cn13:CCFeFeFeFeFeFeFeFeFeFeFe:sim02004,0.064914636,0.057068288,0,1,1
r3.0:Fe:cn13:CCFeFeFeFeFeFeFeFeFeFeFe:sim02008,0.098342389,0.085866421,0,1,1
r3.0:Fe:cn13:CCFeFeFeFeFeFeFeFeFeFeFe:sim02012,0.068826616,0.062488928,0,1,1
r3.0:Fe:cn13:CCFeFeFeFeFeFeFeFeFeFeFe:sim02016,0.072257079,0.06482821,0,1,1
r3.0:Fe:cn13:CFeFeFeFeFeFeFeFeFeFeFeFe:sim00002,0.1238369,0.061253209,0,1,1
r3.0:Fe:cn13:CFeFeFeFeFeFeFeFeFeFeFeFe:sim00006,0.12395299,0.062368207,0,1,1
r3.0:Fe:cn13:CFeFeFeFeFeFeFeFeFeFeFeFe:sim00010,0.11624127,0.059343275,0,1,1
r3.0:Fe:cn13:CFeFeFeFeFeFeFeFeFeFeFeFe:sim00014,0.10498168,0.047756381,0,1,1
r3.0:Fe:cn13:CFeFeFeFeFeFeFeFeFeFeFeFe:sim00018,0.11237893,0.074902132,0,1,1
r3.0:Fe:cn13:CFeFeFeFeFeFeFeFeFeFeFeFe:sim00023,0.10123716,0.08613503,0,1,1
r3.0:Fe:cn13:CFeFeFeFeFeFeFeFeFeFeFeFe:sim00027,0.1109525,0.078466468,0,1,1
r3.0:Fe:cn13:CFeFeFeFeFeFeFeFeFeFeFeFe:sim00031,0.11655267,0.075991094,0,1,1
r3.0:Fe:cn13:CFeFeFeFeFeFeFeFeFeFeFeFe:sim00035,0.10295855,0.071149468,0,1,1
r3.0:Fe:cn13:CFeFeFeFeFeFeFeFeFeFeFeFe:sim00039,0.11675344,0.086188294,0,1,1
r3.0:Fe:cn13:CFeFeFeFeFeFeFeFeFeFeFeFe:sim00043,0.10980678,0.078438833,0,1,1
r3.0:Fe:cn13:CFeFeFeFeFeFeFeFeFeFeFeFe:sim00047,0.11007367,0.078753673,0,1,1
r3.0:Fe:cn13:CFeFeFeFeFeFeFeFeFeFeFeFe:sim00051,0.10105664,0.089185506,0,1,1
r3.0:Fe:cn13:CFeFeFeFeFeFeFeFeFeFeFeFe:sim00055,0.11226411,0.07974384,0,1,1
r3.0:Fe:cn13:CFeFeFeFeFeFeFeFeFeFeFeFe:sim00059,0.10119821,0.089326777,0,1,1
r3.0:Fe:cn13:CFeFeFeFeFeFeFeFeFeFeFeFe:sim00063,0.11092689,0.079238474,0,1,1
r3.0:Fe:cn13:CFeFeFeFeFeFeFeFeFeFeFeFe:sim00067,0.11054704,0.078893758,0,1,1
r3.0:Fe:cn13:CFeFeFeFeFeFeFeFeFeFeFeFe:sim00071,0.11022177,0.078605816,0,1,1
r3.0:Fe:cn13:CFeFeFeFeFeFeFeFeFeFeFeFe:sim00075,0.1092722,0.076050714,0,1,1
r3.0:Fe:cn13:CFeFeFeFeFeFeFeFeFeFeFeFe:sim00079,0.10922756,0.078328639,0,1,1
r3.0:Fe:cn13:CFeFeFeFeFeFeFeFeFeFeFeFe:sim00083,0.12266892,0.067853272,0,1,1
r3.0:Fe:cn13:CFeFeFeFeFeFeFeFeFeFeFeFe:sim00087,0.13077837,0.081151061,0,1,1
r3.0:Fe:cn13:CFeFeFeFeFeFeFeFeFeFeFeFe:sim00091,0.10125203,0.07089448,0,1,1
r3.0:Fe:cn13:CFeFeFeFeFeFeFeFeFeFeFeFe:sim00095,0.11125388,0.078641675,0,1,1
r3.0:Fe:cn13:CFeFeFeFeFeFeFeFeFeFeFeFe:sim00099,0.10883185,0.095793664,0,1,1
r3.0:Fe:cn13:CFeFeFeFeFeFeFeFeFeFeFeFe:sim00103,0.090032525,0.083647996,0,1,1
r3.0:Fe:cn13:CFeFeFeFeFeFeFeFeFeFeFeFe:sim00107,0.10171799,0.074618019,0,1,1
r3.0:Fe:cn13:CFeFeFeFeFeFeFeFeFeFeFeFe:sim00111,0.10626426,0.099400811,0,1,1
r3.0:Fe:cn13:CFeFeFeFeFeFeFeFeFeFeFeFe:sim00115,0.10548268,0.09755104,0,1,1
r3.0:Fe:cn13:CFeFeFeFeFeFeFeFeFeFeFeFe:sim00119,0.092117891,0.11956635,0,1,1
r3.0:Fe:cn13:CFeFeFeFeFeFeFeFeFeFeFeFe:sim00123,0.09864106,0.090638421,0,1,1
r3.0:Fe:cn13:CFeFeFeFeFeFeFeFeFeFeFeFe:sim00127,0.098267801,0.090356939,0,1,1
r3.0:Fe:cn13:CFeFeFeFeFeFeFeFeFeFeFeFe:sim00131,0.094480902,0.11096284,0,1,1
r3.0:Fe:cn13:CFeFeFeFeFeFeFeFeFeFeFeFe:sim00135,0.097417496,0.090149753,0,1,1
r3.0:Fe:cn13:CFeFeFeFeFeFeFeFeFeFeFeFe:sim00139,0.093338333,0.089298017,0,1,1
r3.0:Fe:cn13:CFeFeFeFeFeFeFeFeFeFeFeFe:sim00143,0.087772116,0.061981577,0,1,1
r3.0:Fe:cn13:CFeFeFeFeFeFeFeFeFeFeFeFe:sim00147,0.10593846,0.058899231,0,1,1
r3.0:Fe:cn13:CFeFeFeFeFeFeFeFeFeFeFeFe:sim00151,0.09060476,0.082846664,0,1,1
r3.0:Fe:cn13:CFeFeFeFeFeFeFeFeFeFeFeFe:sim00155,0.098115034,0.09059462,0,1,1
r3.0:Fe:cn13:CFeFeFeFeFeFeFeFeFeFeFeFe:sim00159,0.097953655,0.090419404,0,1,1
r3.0:Fe:cn13:CFeFeFeFeFeFeFeFeFeFeFeFe:sim00163,0.10724488,0.090280004,0,1,1
r3.0:Fe:cn13:CFeFeFeFeFeFeFeFeFeFeFeFe:sim00167,0.10184202,0.092646375,0,1,1
r3.0:Fe:cn13:CFeFeFeFeFeFeFeFeFeFeFeFe:sim00171,0.078006662,0.090313338,0,1,1
r3.0:Fe:cn13:CFeFeFeFeFeFeFeFeFeFeFeFe:sim00175,0.096696876,0.089755751,0,1,1
r3.0:Fe:cn13:CFeFeFeFeFeFeFeFeFeFeFeFe:sim00179,0.1093336,0.082409479,0,1,1
r3.0:Fe:cn13:CFeFeFeFeFeFeFeFeFeFeFeFe:sim00183,0.09827055,0.090432748,0,1,1
r3.0:Fe:cn13:CFeFeFeFeFeFeFeFeFeFeFeFe:sim00187,0.098197624,0.090198845,0,1,1
r3.0:Fe:cn13:CFeFeFeFeFeFeFeFeFeFeFeFe:sim00191,0.10111915,0.098959535,0,1,1
r3.0:Fe:cn13:CFeFeFeFeFeFeFeFeFeFeFeFe:sim00195,0.098898076,0.096487999,0,1,1
r3.0:Fe:cn13:CFeFeFeFeFeFeFeFeFeFeFeFe:sim00199,0.090454891,0.10562794,0,1,1
r3.0:Fe:cn13:CFeFeFeFeFeFeFeFeFeFeFeFe:sim00203,0.097456016,0.093824923,0,1,1
r3.0:Fe:cn13:CFeFeFeFeFeFeFeFeFeFeFeFe:sim00207,0.0985884,0.095080405,0,1,1
r3.0:Fe:cn13:CFeFeFeFeFeFeFeFeFeFeFeFe:sim00211,0.095492348,0.09223865,0,1,1
r3.0:Fe:cn13:CFeFeFeFeFeFeFeFeFeFeFeFe:sim00215,0.09613961,0.092641726,0,1,1
r3.0:Fe:cn13:CFeFeFeFeFeFeFeFeFeFeFeFe:sim00219,0.11044712,0.077309631,0,1,1
r3.0:Fe:cn13:CFeFeFeFeFeFeFeFeFeFeFeFe:sim00223,0.077831767,0.095683523,0,1,1
r3.0:Fe:cn13:CFeFeFeFeFeFeFeFeFeFeFeFe:sim00227,0.10171451,0.090310238,0,1,1
r3.0:Fe:cn13:CFeFeFeFeFeFeFeFeFeFeFeFe:sim00231,0.095305219,0.092216931,0,1,1
r3.0:Fe:cn13:CFeFeFeFeFeFeFeFeFeFeFeFe:sim00235,0.08587417,0.10099197,0,1,1
r3.0:Fe:cn13:CFeFeFeFeFeFeFeFeFeFeFeFe:sim00239,0.10377847,0.1023844,0,1,1
r3.0:Fe:cn13:CFeFeFeFeFeFeFeFeFeFeFeFe:sim00243,0.10442377,0.074683443,0,1,1
r3.0:Fe:cn13:CFeFeFeFeFeFeFeFeFeFeFeFe:sim00247,0.098258004,0.066438936,0,1,1
r3.0:Fe:cn13:CFeFeFeFeFeFeFeFeFeFeFeFe:sim00251,0.092338122,0.091146976,0,1,1
r3.0:Fe:cn13:CFeFeFeFeFeFeFeFeFeFeFeFe:sim00255,0.10493868,0.081389971,0,1,1
r3.0:Fe:cn13:CFeFeFeFeFeFeFeFeFeFeFeFe:sim00259,0.095238008,0.092445761,0,1,1
r3.0:Fe:cn13:CFeFeFeFeFeFeFeFeFeFeFeFe:sim00263,0.093304671,0.092005543,0,1,1
r3.0:Fe:cn13:CFeFeFeFeFeFeFeFeFeFeFeFe:sim00267,0.093992725,0.092950925,0,1,1
r3.0:Fe:cn13:CFeFeFeFeFeFeFeFeFeFeFeFe:sim00271,0.097102821,0.089823902,0,1,1
r3.0:Fe:cn13:CFeFeFeFeFeFeFeFeFeFeFeFe:sim00275,0.097134955,0.096580289,0,1,1
r3.0:Fe:cn13:CFeFeFeFeFeFeFeFeFeFeFeFe:sim00279,0.095923774,0.092975415,0,1,1
r3.0:Fe:cn13:CFeFeFeFeFeFeFeFeFeFeFeFe:sim00283,0.09715087,0.093404755,0,1,1
r3.0:Fe:cn13:CFeFeFeFeFeFeFeFeFeFeFeFe:sim00287,0.096098296,0.092927709,0,1,1
r3.0:Fe:cn13:CFeFeFeFeFeFeFeFeFeFeFeFe:sim00291,0.095991939,0.092883557,0,1,1
r3.0:Fe:cn13:CFeFeFeFeFeFeFeFeFeFeFeFe:sim00295,0.092724517,0.090840027,0,1,1
r3.0:Fe:cn13:CFeFeFeFeFeFeFeFeFeFeFeFe:sim00299,0.089103796,0.085444532,0,1,1
r3.0:Fe:cn13:CFeFeFeFeFeFeFeFeFeFeFeFe:sim00303,0.092014045,0.10970525,0,1,1
r3.0:Fe:cn13:CFeFeFeFeFeFeFeFeFeFeFeFe:sim00307,0.084822066,0.10245861,0,1,1
r3.0:Fe:cn13:CFeFeFeFeFeFeFeFeFeFeFeFe:sim00311,0.10463756,0.093163952,0,1,1
r3.0:Fe:cn13:CFeFeFeFeFeFeFeFeFeFeFeFe:sim00315,0.10098387,0.093506612,0,1,1
r3.0:Fe:cn13:CFeFeFeFeFeFeFeFeFeFeFeFe:sim00319,0.10984383,0.10069913,0,1,1
r3.0:Fe:cn13:CFeFeFeFeFeFeFeFeFeFeFeFe:sim00323,0.091320977,0.092724673,0,1,1
r3.0:Fe:cn13:CFeFeFeFeFeFeFeFeFeFeFeFe:sim00327,0.095447041,0.093666486,0,1,1
r3.0:Fe:cn13:CFeFeFeFeFeFeFeFeFeFeFeFe:sim00331,0.095505103,0.093960598,0,1,1
r3.0:Fe:cn13:CFeFeFeFeFeFeFeFeFeFeFeFe:sim00335,0.095778011,0.093880035,0,1,1
r3.0:Fe:cn13:CFeFeFeFeFeFeFeFeFeFeFeFe:sim00339,0.092197403,0.091681816,0,1,1
r3.0:Fe:cn13:CFeFeFeFeFeFeFeFeFeFeFeFe:sim00343,0.095495723,0.093987845,0,1,1
r3.0:Fe:cn13:CFeFeFeFeFeFeFeFeFeFeFeFe:sim00347,0.10291155,0.099513665,0,1,1
r3.0:Fe:cn13:CFeFeFeFeFeFeFeFeFeFeFeFe:sim00351,0.096390344,0.089729249,0,1,1
r3.0:Fe:cn13:CFeFeFeFeFeFeFeFeFeFeFeFe:sim00355,0.095789403,0.095090598,0,1,1
r3.0:Fe:cn13:CFeFeFeFeFeFeFeFeFeFeFeFe:sim00359,0.095620751,0.094190322,0,1,1
r3.0:Fe:cn13:CFeFeFeFeFeFeFeFeFeFeFeFe:sim00363,0.11383204,0.077575579,0,1,1
r3.0:Fe:cn13:CFeFeFeFeFeFeFeFeFeFeFeFe:sim00367,0.093086064,0.09574993,0,1,1
r3.0:Fe:cn13:CFeFeFeFeFeFeFeFeFeFeFeFe:sim00371,0.09582375,0.094350576,0,1,1
r3.0:Fe:cn13:CFeFeFeFeFeFeFeFeFeFeFeFe:sim00375,0.095769823,0.094172746,0,1,1
r3.0:Fe:cn13:CFeFeFeFeFeFeFeFeFeFeFeFe:sim00379,0.082208194,0.094137341,0,1,1
r3.0:Fe:cn13:CFeFeFeFeFeFeFeFeFeFeFeFe:sim00383,0.09548644,0.094172843,0,1,1
r3.0:Fe:cn13:CFeFeFeFeFeFeFeFeFeFeFeFe:sim00387,0.095406592,0.09400855,0,1,1
r3.0:Fe:cn13:CFeFeFeFeFeFeFeFeFeFeFeFe:sim00391,0.096720472,0.095334217,0,1,1
r3.0:Fe:cn13:CFeFeFeFeFeFeFeFeFeFeFeFe:sim00395,0.087660357,0.083967432,0,1,1
r3.0:Fe:cn13:CFeFeFeFeFeFeFeFeFeFeFeFe:sim00399,0.096047021,0.094250381,0,1,1
r3.0:Fe:cn13:CFeFeFeFeFeFeFeFeFeFeFeFe:sim00403,0.095822446,0.094250053,0,1,1
r3.0:Fe:cn13:CFeFeFeFeFeFeFeFeFeFeFeFe:sim00407,0.09675099,0.095234416,0,1,1
r3.0:Fe:cn13:CFeFeFeFeFeFeFeFeFeFeFeFe:sim00411,0.11911064,0.093023218,0,1,1
r3.0:Fe:cn13:CFeFeFeFeFeFeFeFeFeFeFeFe:sim00415,0.10234037,0.092791557,0,1,1
r3.0:Fe:cn13:CFeFeFeFeFeFeFeFeFeFeFeFe:sim00419,0.082226686,0.11034926,0,1,1
r3.0:Fe:cn13:CFeFeFeFeFeFeFeFeFeFeFeFe:sim00423,0.094853774,0.093201078,0,1,1
r3.0:Fe:cn13:CFeFeFeFeFeFeFeFeFeFeFeFe:sim00427,0.091589585,0.090846539,0,1,1
r3.0:Fe:cn13:CFeFeFeFeFeFeFeFeFeFeFeFe:sim00431,0.095862463,0.093645684,0,1,1
r3.0:Fe:cn13:CFeFeFeFeFeFeFeFeFeFeFeFe:sim00435,0.072604723,0.092212617,0,1,1
r3.0:Fe:cn13:CFeFeFeFeFeFeFeFeFeFeFeFe:sim00439,0.097795688,0.096515909,0,1,1
r3.0:Fe:cn13:CFeFeFeFeFeFeFeFeFeFeFeFe:sim00443,0.1172629,0.079052478,0,1,1
r3.0:Fe:cn13:CFeFeFeFeFeFeFeFeFeFeFeFe:sim00447,0.095895588,0.094159387,0,1,1
r3.0:Fe:cn13:CFeFeFeFeFeFeFeFeFeFeFeFe:sim00451,0.10954624,0.088489525,0,1,1
r3.0:Fe:cn13:CFeFeFeFeFeFeFeFeFeFeFeFe:sim00455,0.10611845,0.086173482,0,1,1
r3.0:Fe:cn13:CFeFeFeFeFeFeFeFeFeFeFeFe:sim00459,0.1054647,0.086025335,0,1,1
r3.0:Fe:cn13:CFeFeFeFeFeFeFeFeFeFeFeFe:sim00463,0.093805365,0.080632411,0,1,1
r3.0:Fe:cn13:CFeFeFeFeFeFeFeFeFeFeFeFe:sim00467,0.10862741,0.082957596,0,1,1
r3.0:Fe:cn13:CFeFeFeFeFeFeFeFeFeFeFeFe:sim00471,0.095697246,0.09407717,0,1,1
r3.0:Fe:cn13:CFeFeFeFeFeFeFeFeFeFeFeFe:sim00475,0.095650703,0.093758695,0,1,1
r3.0:Fe:cn13:CFeFeFeFeFeFeFeFeFeFeFeFe:sim00479,0.085531965,0.10158956,0,1,1
r3.0:Fe:cn13:CFeFeFeFeFeFeFeFeFeFeFeFe:sim00483,0.058111656,0.092950501,0,1,1
r3.0:Fe:cn13:CFeFeFeFeFeFeFeFeFeFeFeFe:sim00487,0.076391079,0.0727937,0,1,1
r3.0:Fe:cn13:CFeFeFeFeFeFeFeFeFeFeFeFe:sim00491,0.095689982,0.093802169,0,1,1
r3.0:Fe:cn13:CFeFeFeFeFeFeFeFeFeFeFeFe:sim00495,0.10937151,0.1056703,0,1,1
r3.0:Fe:cn13:CFeFeFeFeFeFeFeFeFeFeFeFe:sim00499,0.085468248,0.10349561,0,1,1
r3.0:Fe:cn13:CFeFeFeFeFeFeFeFeFeFeFeFe:sim00503,0.097218469,0.094776526,0,1,1
r3.0:Fe:cn13:CFeFeFeFeFeFeFeFeFeFeFeFe:sim00507,0.11722834,0.09460187,0,1,1
r3.0:Fe:cn13:CFeFeFeFeFeFeFeFeFeFeFeFe:sim00511,0.075716965,0.11436722,0,1,1
r3.0:Fe:cn13:CFeFeFeFeFeFeFeFeFeFeFeFe:sim00515,0.083710946,0.10365026,0,1,1
r3.0:Fe:cn13:CFeFeFeFeFeFeFeFeFeFeFeFe:sim00519,0.08520326,0.099775396,0,1,1
r3.0:Fe:cn13:CFeFeFeFeFeFeFeFeFeFeFeFe:sim00523,0.098166585,0.09525238,0,1,1
r3.0:Fe:cn13:CFeFeFeFeFeFeFeFeFeFeFeFe:sim00527,0.093403563,0.10984483,0,1,1
r3.0:Fe:cn13:CFeFeFeFeFeFeFeFeFeFeFeFe:sim00531,0.098159775,0.095120884,0,1,1
r3.0:Fe:cn13:CFeFeFeFeFeFeFeFeFeFeFeFe:sim00535,0.09458781,0.11085743,0,1,1
r3.0:Fe:cn13:CFeFeFeFeFeFeFeFeFeFeFeFe:sim00539,0.0866272,0.10504838,0,1,1
r3.0:Fe:cn13:CFeFeFeFeFeFeFeFeFeFeFeFe:sim00543,0.10897414,0.087121136,0,1,1
r3.0:Fe:cn13:CFeFeFeFeFeFeFeFeFeFeFeFe:sim00547,0.11492253,0.085161023,0,1,1
r3.0:Fe:cn13:CFeFeFeFeFeFeFeFeFeFeFeFe:sim00551,0.094558299,0.11123459,0,1,1
r3.0:Fe:cn13:CFeFeFeFeFeFeFeFeFeFeFeFe:sim00555,0.097962789,0.095251471,0,1,1
r3.0:Fe:cn13:CFeFeFeFeFeFeFeFeFeFeFeFe:sim00559,0.098844633,0.095617048,0,1,1
r3.0:Fe:cn13:CFeFeFeFeFeFeFeFeFeFeFeFe:sim00563,0.083499409,0.10367181,0,1,1
r3.0:Fe:cn13:CFeFeFeFeFeFeFeFeFeFeFeFe:sim00567,0.098187685,0.096132509,0,1,1
r3.0:Fe:cn13:CFeFeFeFeFeFeFeFeFeFeFeFe:sim00571,0.096742004,0.094325468,0,1,1
r3.0:Fe:cn13:CFeFeFeFeFeFeFeFeFeFeFeFe:sim00575,0.099688604,0.095609292,0,1,1
r3.0:Fe:cn13:CFeFeFeFeFeFeFeFeFeFeFeFe:sim00579,0.09714745,0.099168293,0,1,1
r3.0:Fe:cn13:CFeFeFeFeFeFeFeFeFeFeFeFe:sim00583,0.095383413,0.11593561,0,1,1
r3.0:Fe:cn13:CFeFeFeFeFeFeFeFeFeFeFeFe:sim00587,0.097988576,0.09514115,0,1,1
r3.0:Fe:cn13:CFeFeFeFeFeFeFeFeFeFeFeFe:sim00591,0.098169543,0.095139183,0,1,1
r3.0:Fe:cn13:CFeFeFeFeFeFeFeFeFeFeFeFe:sim00595,0.098913841,0.10071039,0,1,1
r3.0:Fe:cn13:CFeFeFeFeFeFeFeFeFeFeFeFe:sim00599,0.098259173,0.09508495,0,1,1
r3.0:Fe:cn13:CFeFeFeFeFeFeFeFeFeFeFeFe:sim00603,0.10216209,0.091784723,0,1,1
r3.0:Fe:cn13:CFeFeFeFeFeFeFeFeFeFeFeFe:sim00607,0.093828671,0.11507335,0,1,1
r3.0:Fe:cn13:CFeFeFeFeFeFeFeFeFeFeFeFe:sim00611,0.089204825,0.086525969,0,1,1
r3.0:Fe:cn13:CFeFeFeFeFeFeFeFeFeFeFeFe:sim00615,0.089780726,0.08777,0,1,1
r3.0:Fe:cn13:CFeFeFeFeFeFeFeFeFeFeFeFe:sim00619,0.08513999,0.085825808,0,1,1
r3.0:Fe:cn13:CFeFeFeFeFeFeFeFeFeFeFeFe:sim00623,0.087901421,0.10349748,0,1,1
r3.0:Fe:cn13:CFeFeFeFeFeFeFeFeFeFeFeFe:sim00627,0.093443498,0.09223561,0,1,1
r3.0:Fe:cn13:CFeFeFeFeFeFeFeFeFeFeFeFe:sim00631,0.10497682,0.085008517,0,1,1
r3.0:Fe:cn13:CFeFeFeFeFeFeFeFeFeFeFeFe:sim00635,0.10777094,0.085104451,0,1,1
r3.0:Fe:cn13:CFeFeFeFeFeFeFeFeFeFeFeFe:sim00639,0.096347213,0.094493121,0,1,1
r3.0:Fe:cn13:CFeFeFeFeFeFeFeFeFeFeFeFe:sim00643,0.096490487,0.09447667,0,1,1
r3.0:Fe:cn13:CFeFeFeFeFeFeFeFeFeFeFeFe:sim00647,0.099963911,0.078412719,0,1,1
r3.0:Fe:cn13:CFeFeFeFeFeFeFeFeFeFeFeFe:sim00651,0.090446465,0.095896512,0,1,1
r3.0:Fe:cn13:CFeFeFeFeFeFeFeFeFeFeFeFe:sim00655,0.085259646,0.090595715,0,1,1
r3.0:Fe:cn13:CFeFeFeFeFeFeFeFeFeFeFeFe:sim00659,0.088849925,0.095494114,0,1,1
r3.0:Fe:cn13:CFeFeFeFeFeFeFeFeFeFeFeFe:sim00663,0.090735301,0.087985471,0,1,1
r3.0:Fe:cn13:CFeFeFeFeFeFeFeFeFeFeFeFe:sim00667,0.096136801,0.099980593,0,1,1
r3.0:Fe:cn13:CFeFeFeFeFeFeFeFeFeFeFeFe:sim00671,0.10388458,0.10235404,0,1,1
r3.0:Fe:cn13:CFeFeFeFeFeFeFeFeFeFeFeFe:sim00675,0.094790332,0.093450665,0,1,1
r3.0:Fe:cn13:CFeFeFeFeFeFeFeFeFeFeFeFe:sim00679,0.099582121,0.096324526,0,1,1
r3.0:Fe:cn13:CFeFeFeFeFeFeFeFeFeFeFeFe:sim00683,0.096460171,0.094249539,0,1,1
r3.0:Fe:cn13:CFeFeFeFeFeFeFeFeFeFeFeFe:sim00687,0.09628164,0.094172269,0,1,1
r3.0:Fe:cn13:CFeFeFeFeFeFeFeFeFeFeFeFe:sim00691,0.10484197,0.10579106,0,1,1
r3.0:Fe:cn13:CFeFeFeFeFeFeFeFeFeFeFeFe:sim00695,0.097272553,0.095223032,0,1,1
r3.0:Fe:cn13:CFeFeFeFeFeFeFeFeFeFeFeFe:sim00699,0.097102314,0.095373124,0,1,1
r3.0:Fe:cn13:CFeFeFeFeFeFeFeFeFeFeFeFe:sim00703,0.088763036,0.094618492,0,1,1
r3.0:Fe:cn13:CFeFeFeFeFeFeFeFeFeFeFeFe:sim00707,0.09046752,0.09640082,0,1,1
r3.0:Fe:cn13:CFeFeFeFeFeFeFeFeFeFeFeFe:sim00711,0.0953025,0.092298396,0,1,1
r3.0:Fe:cn13:CFeFeFeFeFeFeFeFeFeFeFeFe:sim00715,0.090909384,0.09645953,0,1,1
r3.0:Fe:cn13:CFeFeFeFeFeFeFeFeFeFeFeFe:sim00719,0.094834879,0.093113944,0,1,1
r3.0:Fe:cn13:CFeFeFeFeFeFeFeFeFeFeFeFe:sim00723,0.11693269,0.070252903,0,1,1
r3.0:Fe:cn13:CFeFeFeFeFeFeFeFeFeFeFeFe:sim00727,0.095978409,0.093898498,0,1,1
r3.0:Fe:cn13:CFeFeFeFeFeFeFeFeFeFeFeFe:sim00731,0.092399716,0.091704816,0,1,1
r3.0:Fe:cn13:CFeFeFeFeFeFeFeFeFeFeFeFe:sim00735,0.091947958,0.091057755,0,1,1
r3.0:Fe:cn13:CFeFeFeFeFeFeFeFeFeFeFeFe:sim00739,0.090966925,0.070066042,0,1,1
r3.0:Fe:cn13:CFeFeFeFeFeFeFeFeFeFeFeFe:sim00743,0.095878169,0.094229698,0,1,1
r3.0:Fe:cn13:CFeFeFeFeFeFeFeFeFeFeFeFe:sim00747,0.095680736,0.093902498,0,1,1
r3.0:Fe:cn13:CFeFeFeFeFeFeFeFeFeFeFeFe:sim00751,0.091028653,0.10019355,0,1,1
r3.0:Fe:cn13:CFeFeFeFeFeFeFeFeFeFeFeFe:sim00755,0.095285162,0.092464358,0,1,1
r3.0:Fe:cn13:CFeFeFeFeFeFeFeFeFeFeFeFe:sim00759,0.10050194,0.089841202,0,1,1
r3.0:Fe:cn13:CFeFeFeFeFeFeFeFeFeFeFeFe:sim00763,0.11050636,0.087869503,0,1,1
r3.0:Fe:cn13:CFeFeFeFeFeFeFeFeFeFeFeFe:sim00767,0.093860671,0.091205239,0,1,1
r3.0:Fe:cn13:CFeFeFeFeFeFeFeFeFeFeFeFe:sim00771,0.096031725,0.0941514,0,1,1
r3.0:Fe:cn13:CFeFeFeFeFeFeFeFeFeFeFeFe:sim00775,0.11737167,0.079278164,0,1,1
r3.0:Fe:cn13:CFeFeFeFeFeFeFeFeFeFeFeFe:sim00779,0.091866173,0.093259647,0,1,1
r3.0:Fe:cn13:CFeFeFeFeFeFeFeFeFeFeFeFe:sim00783,0.08423949,0.10344802,0,1,1
r3.0:Fe:cn13:CFeFeFeFeFeFeFeFeFeFeFeFe:sim00787,0.11713281,0.09624549,0,1,1
r3.0:Fe:cn13:CFeFeFeFeFeFeFeFeFeFeFeFe:sim00791,0.094368637,0.092657298,0,1,1
r3.0:Fe:cn13:CFeFeFeFeFeFeFeFeFeFeFeFe:sim00795,0.093158543,0.092237845,0,1,1
r3.0:Fe:cn13:CFeFeFeFeFeFeFeFeFeFeFeFe:sim00799,0.094933137,0.093807273,0,1,1
r3.0:Fe:cn13:CFeFeFeFeFeFeFeFeFeFeFeFe:sim00803,0.1163215,0.091837928,0,1,1
r3.0:Fe:cn13:CFeFeFeFeFeFeFeFeFeFeFeFe:sim00807,0.11654412,0.091843754,0,1,1
r3.0:Fe:cn13:CFeFeFeFeFeFeFeFeFeFeFeFe:sim00811,0.11863448,0.094640128,0,1,1
r3.0:Fe:cn13:CFeFeFeFeFeFeFeFeFeFeFeFe:sim00815,0.11684014,0.093323871,0,1,1
r3.0:Fe:cn13:CFeFeFeFeFeFeFeFeFeFeFeFe:sim00819,0.11777996,0.094442539,0,1,1
r3.0:Fe:cn13:CFeFeFeFeFeFeFeFeFeFeFeFe:sim00823,0.091956086,0.10997681,0,1,1
r3.0:Fe:cn13:CFeFeFeFeFeFeFeFeFeFeFeFe:sim00827,0.099122062,0.097329788,0,1,1
r3.0:Fe:cn13:CFeFeFeFeFeFeFeFeFeFeFeFe:sim00831,0.097884811,0.055626921,0,1,1
r3.0:Fe:cn13:CFeFeFeFeFeFeFeFeFeFeFeFe:sim00835,0.10836902,0.084046841,0,1,1
r3.0:Fe:cn13:CFeFeFeFeFeFeFeFeFeFeFeFe:sim00839,0.10843951,0.084052064,0,1,1
r3.0:Fe:cn13:CFeFeFeFeFeFeFeFeFeFeFeFe:sim00843,0.11553559,0.09187109,0,1,1
r3.0:Fe:cn13:CFeFeFeFeFeFeFeFeFeFeFeFe:sim00847,0.11564008,0.097565845,0,1,1
r3.0:Fe:cn13:CFeFeFeFeFeFeFeFeFeFeFeFe:sim00851,0.12105875,0.089427404,0,1,1
r3.0:Fe:cn13:CFeFeFeFeFeFeFeFeFeFeFeFe:sim00855,0.11791929,0.087209374,0,1,1
r3.0:Fe:cn13:CFeFeFeFeFeFeFeFeFeFeFeFe:sim00859,0.12265879,0.08958707,0,1,1
r3.0:Fe:cn13:CFeFeFeFeFeFeFeFeFeFeFeFe:sim00863,0.11573662,0.091046989,0,1,1
r3.0:Fe:cn13:CFeFeFeFeFeFeFeFeFeFeFeFe:sim00867,0.1155268,0.09227141,0,1,1
r3.0:Fe:cn13:CFeFeFeFeFeFeFeFeFeFeFeFe:sim00871,0.10702596,0.069432691,0,1,1
r3.0:Fe:cn13:FeFeFeFeFeFeFeFeFeFeFeFeFe:sim00001,0.14395423,0.081067972,0,1,1
r3.0:Fe:cn13:FeFeFeFeFeFeFeFeFeFeFeFeFe:sim00005,0.13943024,0.080944449,0,1,1
r3.0:Fe:cn13:FeFeFeFeFeFeFeFeFeFeFeFeFe:sim00009,0.13700916,0.078002937,0,1,1
r3.0:Fe:cn13:FeFeFeFeFeFeFeFeFeFeFeFeFe:sim00013,0.12508525,0.088728994,0,1,1
r3.0:Fe:cn13:FeFeFeFeFeFeFeFeFeFeFeFeFe:sim00017,0.12458668,0.088469878,0,1,1
r3.0:Fe:cn13:FeFeFeFeFeFeFeFeFeFeFeFeFe:sim00021,0.1239086,0.0909888,0,1,1
r3.0:Fe:cn13:FeFeFeFeFeFeFeFeFeFeFeFeFe:sim00025,0.12307253,0.090696841,0,1,1
r3.0:Fe:cn13:FeFeFeFeFeFeFeFeFeFeFeFeFe:sim00029,0.12382907,0.091207035,0,1,1
r3.0:Fe:cn13:FeFeFeFeFeFeFeFeFeFeFeFeFe:sim00033,0.12414298,0.092391819,0,1,1
r3.0:Fe:cn13:FeFeFeFeFeFeFeFeFeFeFeFeFe:sim00037,0.12373836,0.093040526,0,1,1
r3.0:Fe:cn13:FeFeFeFeFeFeFeFeFeFeFeFeFe:sim00041,0.12427197,0.093021415,0,1,1
r3.0:Fe:cn13:FeFeFeFeFeFeFeFeFeFeFeFeFe:sim00045,0.13279897,0.085122466,0,1,1
r3.0:Fe:cn13:FeFeFeFeFeFeFeFeFeFeFeFeFe:sim00049,0.12348814,0.092134453,0,1,1
r3.0:Fe:cn13:FeFeFeFeFeFeFeFeFeFeFeFeFe:sim00053,0.1256018,0.09320759,0,1,1
r3.0:Fe:cn13:FeFeFeFeFeFeFeFeFeFeFeFeFe:sim00057,0.12594406,0.093348019,0,1,1
r3.0:Fe:cn13:FeFeFeFeFeFeFeFeFeFeFeFeFe:sim00061,0.1175261,0.085879609,0,1,1
r3.0:Fe:cn13:FeFeFeFeFeFeFeFeFeFeFeFeFe:sim00065,0.13444269,0.093608499,0,1,1
r3.0:Fe:cn13:FeFeFeFeFeFeFeFeFeFeFeFeFe:sim00069,0.12418086,0.092378765,0,1,1
r3.0:Fe:cn13:FeFeFeFeFeFeFeFeFeFeFeFeFe:sim00073,0.12064704,0.090160131,0,1,1
r3.0:Fe:cn13:FeFeFeFeFeFeFeFeFeFeFeFeFe:sim00077,0.12293907,0.091233261,0,1,1
r3.0:Fe:cn13:FeFeFeFeFeFeFeFeFeFeFeFeFe:sim00081,0.14960477,0.090151764,0,1,1
r3.0:Fe:cn13:FeFeFeFeFeFeFeFeFeFeFeFeFe:sim00085,0.14516449,0.0860705,0,1,1
r3.0:Fe:cn14:CCCCCCFeFeFeFeFeFeFeFe:sim00004,-0.016049806,-0.16271144,0,1,1
r3.0:Fe:cn14:CCCCCFeFeFeFeFeFeFeFeFe:sim00003,0.036566261,-0.10630746,0,1,1
r3.0:Fe:cn14:CCCCCFeFeFeFeFeFeFeFeFe:sim00007,0.065669872,-0.10510651,0,1,1
r3.0:Fe:cn14:CCCCCFeFeFeFeFeFeFeFeFe:sim00011,0.031797487,-0.081043348,0,1,1
r3.0:Fe:cn14:CCCCCFeFeFeFeFeFeFeFeFe:sim00015,0.022240827,-0.090455651,0,1,1
r3.0:Fe:cn14:CCCCCFeFeFeFeFeFeFeFeFe:sim00019,0.023953199,-0.082667284,0,1,1
r3.0:Fe:cn14:CCCCCFeFeFeFeFeFeFeFeFe:sim00023,0.017933596,-0.089667879,0,1,1
r3.0:Fe:cn14:CCCCCFeFeFeFeFeFeFeFeFe:sim00027,0.019772271,-0.087523408,0,1,1
r3.0:Fe:cn14:CCCCCFeFeFeFeFeFeFeFeFe:sim00031,0.021889975,-0.098953456,0,1,1
r3.0:Fe:cn14:CCCCCFeFeFeFeFeFeFeFeFe:sim00035,-0.0046577058,-0.085343398,0,1,1
r3.0:Fe:cn14:CCCCCFeFeFeFeFeFeFeFeFe:sim00039,0.019740282,-0.085521676,0,1,1
r3.0:Fe:cn14:CCCCCFeFeFeFeFeFeFeFeFe:sim00043,0.019014215,-0.086076729,0,1,1
r3.0:Fe:cn14:CCCCCFeFeFeFeFeFeFeFeFe:sim00047,0.019404978,-0.085829996,0,1,1
r3.0:Fe:cn14:CCCCCFeFeFeFeFeFeFeFeFe:sim00051,0.0079103056,-0.072819419,0,1,1
r3.0:Fe:cn14:CCCCCFeFeFeFeFeFeFeFeFe:sim00055,0.022677274,-0.084116742,0,1,1
r3.0:Fe:cn14:CCCCCFeFeFeFeFeFeFeFeFe:sim00059,0.022611305,-0.08409851,0,1,1
r3.0:Fe:cn14:CCCCCFeFeFeFeFeFeFeFeFe:sim00063,0.018252861,-0.086351685,0,1,1
r3.0:Fe:cn14:CCCCCFeFeFeFeFeFeFeFeFe:sim00067,0.02007968,-0.085263953,0,1,1
r3.0:Fe:cn14:CCCCFeFeFeFeFeFeFeFeFeFe:sim00002,0.06812299,-0.049968913,0,1,1
r3.0:Fe:cn14:CCCCFeFeFeFeFeFeFeFeFeFe:sim00006,0.055159282,-0.037547968,0,1,1
r3.0:Fe:cn14:CCCCFeFeFeFeFeFeFeFeFeFe:sim00010,0.05920976,-0.052396335,0,1,1
r3.0:Fe:cn14:CCCCFeFeFeFeFeFeFeFeFeFe:sim00014,0.040058192,-0.069148868,0,1,1
r3.0:Fe:cn14:CCCCFeFeFeFeFeFeFeFeFeFe:sim00018,0.054778926,-0.033701584,0,1,1
r3.0:Fe:cn14:CCCCFeFeFeFeFeFeFeFeFeFe:sim00022,0.052530576,-0.031149697,0,1,1
r3.0:Fe:cn14:CCCCFeFeFeFeFeFeFeFeFeFe:sim00026,0.049293038,-0.032130677,0,1,1
r3.0:Fe:cn14:CCCCFeFeFeFeFeFeFeFeFeFe:sim00030,0.047697265,-0.010766489,0,1,1
r3.0:Fe:cn14:CCCCFeFeFeFeFeFeFeFeFeFe:sim00034,0.05199134,-0.029636463,0,1,1
r3.0:Fe:cn14:CCCCFeFeFeFeFeFeFeFeFeFe:sim00038,0.05232583,-0.029261462,0,1,1
r3.0:Fe:cn14:CCCCFeFeFeFeFeFeFeFeFeFe:sim00042,0.050039906,-0.03331865,0,1,1
r3.0:Fe:cn14:CCCCFeFeFeFeFeFeFeFeFeFe:sim00046,0.056651391,-0.048187055,0,1,1
r3.0:Fe:cn14:CCCCFeFeFeFeFeFeFeFeFeFe:sim00050,0.058209382,-0.052756041,0,1,1
r3.0:Fe:cn14:CCCCFeFeFeFeFeFeFeFeFeFe:sim00054,0.067035437,-0.037947167,0,1,1
r3.0:Fe:cn14:CCCCFeFeFeFeFeFeFeFeFeFe:sim00058,0.048087947,-0.025826171,0,1,1
r3.0:Fe:cn14:CCCCFeFeFeFeFeFeFeFeFeFe:sim00062,0.05273173,-0.030701524,0,1,1
r3.0:Fe:cn14:CCCCFeFeFeFeFeFeFeFeFeFe:sim00066,0.05276702,-0.029451638,0,1,1
r3.0:Fe:cn14:CCCCFeFeFeFeFeFeFeFeFeFe:sim00070,0.047693513,-0.016518036,0,1,1
r3.0:Fe:cn14:CCCCFeFeFeFeFeFeFeFeFeFe:sim00074,0.052036915,-0.029578801,0,1,1
r3.0:Fe:cn14:CCCCFeFeFeFeFeFeFeFeFeFe:sim00078,0.053488482,-0.022700036,0,1,1
r3.0:Fe:cn14:CCCCFeFeFeFeFeFeFeFeFeFe:sim00082,0.060407966,-0.023389483,0,1,1
r3.0:Fe:cn14:CCCCFeFeFeFeFeFeFeFeFeFe:sim00086,0.074062325,-0.033798911,0,1,1
r3.0:Fe:cn14:CCCCFeFeFeFeFeFeFeFeFeFe:sim00090,0.058174241,-0.038055349,0,1,1
r3.0:Fe:cn14:CCCCFeFeFeFeFeFeFeFeFeFe:sim00094,0.054165453,-0.029379224,0,1,1
r3.0:Fe:cn14:CCCCFeFeFeFeFeFeFeFeFeFe:sim00098,0.038164984,-0.010097716,0,1,1
r3.0:Fe:cn14:CCCCFeFeFeFeFeFeFeFeFeFe:sim00102,0.042521093,-0.034527931,0,1,1
r3.0:Fe:cn14:CCCCFeFeFeFeFeFeFeFeFeFe:sim00106,0.059979957,-0.052757174,0,1,1
r3.0:Fe:cn14:CCCCFeFeFeFeFeFeFeFeFeFe:sim00110,0.04680863,-0.0065181204,0,1,1
r3.0:Fe:cn14:CCCCFeFeFeFeFeFeFeFeFeFe:sim00114,0.051344503,-0.0040093679,0,1,1
r3.0:Fe:cn14:CCCCFeFeFeFeFeFeFeFeFeFe:sim00118,0.047661223,-0.0064342371,0,1,1
r3.0:Fe:cn14:CCCCFeFeFeFeFeFeFeFeFeFe:sim00122,0.0381287,-0.017071262,0,1,1
r3.0:Fe:cn14:CCCCFeFeFeFeFeFeFeFeFeFe:sim00126,0.038232759,-0.015978232,0,1,1
r3.0:Fe:cn14:CCCCFeFeFeFeFeFeFeFeFeFe:sim00130,0.037156023,-0.016079405,0,1,1
r3.0:Fe:cn14:CCCCFeFeFeFeFeFeFeFeFeFe:sim00134,0.03722965,-0.01606339,0,1,1
r3.0:Fe:cn14:CCCCFeFeFeFeFeFeFeFeFeFe:sim00138,0.038715802,-0.015200811,0,1,1
r3.0:Fe:cn14:CCCCFeFeFeFeFeFeFeFeFeFe:sim00142,0.023918353,-0.050831627,0,1,1
r3.0:Fe:cn14:CCCCFeFeFeFeFeFeFeFeFeFe:sim00146,0.034514625,-0.061728001,0,1,1
r3.0:Fe:cn14:CCCCFeFeFeFeFeFeFeFeFeFe:sim00150,0.043232169,-0.035030242,0,1,1
r3.0:Fe:cn14:CCCCFeFeFeFeFeFeFeFeFeFe:sim00154,0.035107967,-0.01974076,0,1,1
r3.0:Fe:cn14:CCCCFeFeFeFeFeFeFeFeFeFe:sim00158,0.02714901,-0.030209132,0,1,1
r3.0:Fe:cn14:CCCCFeFeFeFeFeFeFeFeFeFe:sim00162,0.055541534,-0.023892432,0,1,1
r3.0:Fe:cn14:CCCCFeFeFeFeFeFeFeFeFeFe:sim00166,0.041869428,-0.012954597,0,1,1
r3.0:Fe:cn14:CCCCFeFeFeFeFeFeFeFeFeFe:sim00170,0.036741246,-0.016634732,0,1,1
r3.0:Fe:cn14:CCCCFeFeFeFeFeFeFeFeFeFe:sim00174,0.03748475,-0.014677913,0,1,1
r3.0:Fe:cn14:CCCCFeFeFeFeFeFeFeFeFeFe:sim00178,0.044994496,-0.0073301685,0,1,1
r3.0:Fe:cn14:CCCCFeFeFeFeFeFeFeFeFeFe:sim00182,0.035129927,-0.0080060633,0,1,1
r3.0:Fe:cn14:CCCCFeFeFeFeFeFeFeFeFeFe:sim00186,0.038102269,-0.015993116,0,1,1
r3.0:Fe:cn14:CCCCFeFeFeFeFeFeFeFeFeFe:sim00190,0.036038645,0.015359411,0,1,1
r3.0:Fe:cn14:CCCCFeFeFeFeFeFeFeFeFeFe:sim00194,0.06609787,-0.0080435779,0,1,1
r3.0:Fe:cn14:CCCCFeFeFeFeFeFeFeFeFeFe:sim00198,0.039054055,-0.0089572575,0,1,1
r3.0:Fe:cn14:CCCCFeFeFeFeFeFeFeFeFeFe:sim00202,0.035685912,-0.013036137,0,1,1
r3.0:Fe:cn14:CCCCFeFeFeFeFeFeFeFeFeFe:sim00206,0.052719168,-0.031602938,0,1,1
r3.0:Fe:cn14:CCCCFeFeFeFeFeFeFeFeFeFe:sim00210,0.021885786,-0.0027562536,0,1,1
r3.0:Fe:cn14:CCCCFeFeFeFeFeFeFeFeFeFe:sim00214,0.035798479,-0.013024266,0,1,1
r3.0:Fe:cn14:CCCCFeFeFeFeFeFeFeFeFeFe:sim00218,0.049526032,-0.023186646,0,1,1
r3.0:Fe:cn14:CCCCFeFeFeFeFeFeFeFeFeFe:sim00222,0.024119206,-0.019936934,0,1,1
r3.0:Fe:cn14:CCCCFeFeFeFeFeFeFeFeFeFe:sim00226,0.035587441,-0.012635201,0,1,1
r3.0:Fe:cn14:CCCCFeFeFeFeFeFeFeFeFeFe:sim00230,0.024372067,-0.018864626,0,1,1
r3.0:Fe:cn14:CCCCFeFeFeFeFeFeFeFeFeFe:sim00234,0.033563104,-0.015644103,0,1,1
r3.0:Fe:cn14:CCCCFeFeFeFeFeFeFeFeFeFe:sim00238,0.033955362,-0.015107649,0,1,1
r3.0:Fe:cn14:CCCCFeFeFeFeFeFeFeFeFeFe:sim00242,0.039376277,-0.03651106,0,1,1
r3.0:Fe:cn14:CCCCFeFeFeFeFeFeFeFeFeFe:sim00246,0.039138854,-0.037395049,0,1,1
r3.0:Fe:cn14:CCCCFeFeFeFeFeFeFeFeFeFe:sim00250,0.034866288,-0.013413028,0,1,1
r3.0:Fe:cn14:CCCCFeFeFeFeFeFeFeFeFeFe:sim00254,0.034652773,-0.013293767,0,1,1
r3.0:Fe:cn14:CCCCFeFeFeFeFeFeFeFeFeFe:sim00258,0.039142881,-0.031727433,0,1,1
r3.0:Fe:cn14:CCCCFeFeFeFeFeFeFeFeFeFe:sim00262,0.032856081,-0.013902389,0,1,1
r3.0:Fe:cn14:CCCCFeFeFeFeFeFeFeFeFeFe:sim00266,0.032425776,-0.013888598,0,1,1
r3.0:Fe:cn14:CCCCFeFeFeFeFeFeFeFeFeFe:sim00270,0.035994463,-0.013256928,0,1,1
r3.0:Fe:cn14:CCCCFeFeFeFeFeFeFeFeFeFe:sim00274,0.021773519,-0.002484476,0,1,1
r3.0:Fe:cn14:CCCCFeFeFeFeFeFeFeFeFeFe:sim00278,0.033850536,-0.013658922,0,1,1
r3.0:Fe:cn14:CCCCFeFeFeFeFeFeFeFeFeFe:sim00282,0.035198387,-0.013230261,0,1,1
r3.0:Fe:cn14:CCCCFeFeFeFeFeFeFeFeFeFe:sim00286,0.035465278,-0.012941325,0,1,1
r3.0:Fe:cn14:CCCCFeFeFeFeFeFeFeFeFeFe:sim00290,0.035805356,-0.011847725,0,1,1
r3.0:Fe:cn14:CCCCFeFeFeFeFeFeFeFeFeFe:sim00294,0.057180431,-0.01080732,0,1,1
r3.0:Fe:cn14:CCCCFeFeFeFeFeFeFeFeFeFe:sim00298,0.032507323,-0.01389146,0,1,1
r3.0:Fe:cn14:CCCCFeFeFeFeFeFeFeFeFeFe:sim00302,0.025720965,0.025536768,0,1,1
r3.0:Fe:cn14:CCCCFeFeFeFeFeFeFeFeFeFe:sim00306,0.034144182,0.0081189638,0,1,1
r3.0:Fe:cn14:CCCCFeFeFeFeFeFeFeFeFeFe:sim00310,0.038393948,-0.01989131,0,1,1
r3.0:Fe:cn14:CCCCFeFeFeFeFeFeFeFeFeFe:sim00314,0.041701343,-0.029290004,0,1,1
r3.0:Fe:cn14:CCCCFeFeFeFeFeFeFeFeFeFe:sim00318,0.047241691,-0.010713644,0,1,1
r3.0:Fe:cn14:CCCCFeFeFeFeFeFeFeFeFeFe:sim00322,0.009117851,-0.010924822,0,1,1
r3.0:Fe:cn14:CCCCFeFeFeFeFeFeFeFeFeFe:sim00326,0.034925088,-0.012024028,0,1,1
r3.0:Fe:cn14:CCCCFeFeFeFeFeFeFeFeFeFe:sim00330,0.035382211,-0.011749869,0,1,1
r3.0:Fe:cn14:CCCCFeFeFeFeFeFeFeFeFeFe:sim00334,0.013069523,-0.011197672,0,1,1
r3.0:Fe:cn14:CCCCFeFeFeFeFeFeFeFeFeFe:sim00338,0.035417255,-0.01176441,0,1,1
r3.0:Fe:cn14:CCCCFeFeFeFeFeFeFeFeFeFe:sim00342,0.02215502,-0.017687259,0,1,1
r3.0:Fe:cn14:CCCCFeFeFeFeFeFeFeFeFeFe:sim00346,0.026939914,-0.020100232,0,1,1
r3.0:Fe:cn14:CCCCFeFeFeFeFeFeFeFeFeFe:sim00350,0.049028508,-0.021731539,0,1,1
r3.0:Fe:cn14:CCCCFeFeFeFeFeFeFeFeFeFe:sim00354,0.043579537,-0.0030752625,0,1,1
r3.0:Fe:cn14:CCCCFeFeFeFeFeFeFeFeFeFe:sim00358,0.036484294,-0.031002184,0,1,1
r3.0:Fe:cn14:CCCCFeFeFeFeFeFeFeFeFeFe:sim00362,0.035814375,-0.01086989,0,1,1
r3.0:Fe:cn14:CCCCFeFeFeFeFeFeFeFeFeFe:sim00366,0.031139378,-0.013238386,0,1,1
r3.0:Fe:cn14:CCCCFeFeFeFeFeFeFeFeFeFe:sim00370,0.036206543,-0.011754344,0,1,1
r3.0:Fe:cn14:CCCCFeFeFeFeFeFeFeFeFeFe:sim00374,0.035187431,-0.011532183,0,1,1
r3.0:Fe:cn14:CCCCFeFeFeFeFeFeFeFeFeFe:sim00378,0.032848611,-0.013205766,0,1,1
r3.0:Fe:cn14:CCCCFeFeFeFeFeFeFeFeFeFe:sim00382,0.037294146,-0.0091603715,0,1,1
r3.0:Fe:cn14:CCCCFeFeFeFeFeFeFeFeFeFe:sim00386,0.035160422,-0.011438821,0,1,1
r3.0:Fe:cn14:CCCCFeFeFeFeFeFeFeFeFeFe:sim00390,0.035498369,-0.011204123,0,1,1
r3.0:Fe:cn14:CCCCFeFeFeFeFeFeFeFeFeFe:sim00394,0.050277025,-0.019762931,0,1,1
r3.0:Fe:cn14:CCCCFeFeFeFeFeFeFeFeFeFe:sim00398,0.021139489,-0.0050403606,0,1,1
r3.0:Fe:cn14:CCCCFeFeFeFeFeFeFeFeFeFe:sim00402,0.034309082,-0.011431498,0,1,1
r3.0:Fe:cn14:CCCCFeFeFeFeFeFeFeFeFeFe:sim00406,0.035331566,-0.011449535,0,1,1
r3.0:Fe:cn14:CCCCFeFeFeFeFeFeFeFeFeFe:sim00410,0.024938893,-0.025294038,0,1,1
r3.0:Fe:cn14:CCCCFeFeFeFeFeFeFeFeFeFe:sim00414,0.035360049,-0.01132842,0,1,1
r3.0:Fe:cn14:CCCCFeFeFeFeFeFeFeFeFeFe:sim00418,0.024670364,-0.0068267868,0,1,1
r3.0:Fe:cn14:CCCCFeFeFeFeFeFeFeFeFeFe:sim00422,0.033233389,-0.01404016,0,1,1
r3.0:Fe:cn14:CCCCFeFeFeFeFeFeFeFeFeFe:sim00426,0.041831538,-0.0056603472,0,1,1
r3.0:Fe:cn14:CCCCFeFeFeFeFeFeFeFeFeFe:sim00430,0.035142459,-0.011863695,0,1,1
r3.0:Fe:cn14:CCCCFeFeFeFeFeFeFeFeFeFe:sim00434,0.034927335,-0.011381239,0,1,1
r3.0:Fe:cn14:CCCCFeFeFeFeFeFeFeFeFeFe:sim00438,0.035024609,-0.011838281,0,1,1
r3.0:Fe:cn14:CCCCFeFeFeFeFeFeFeFeFeFe:sim00442,0.060401037,-0.029770002,0,1,1
r3.0:Fe:cn14:CCCCFeFeFeFeFeFeFeFeFeFe:sim00446,0.031980157,-0.012732972,0,1,1
r3.0:Fe:cn14:CCCCFeFeFeFeFeFeFeFeFeFe:sim00450,0.047587536,-0.020788241,0,1,1
r3.0:Fe:cn14:CCCCFeFeFeFeFeFeFeFeFeFe:sim00454,0.038905844,-0.018973477,0,1,1
r3.0:Fe:cn14:CCCCFeFeFeFeFeFeFeFeFeFe:sim00458,0.047536898,-0.020860674,0,1,1
r3.0:Fe:cn14:CCCCFeFeFeFeFeFeFeFeFeFe:sim00462,0.039914876,-0.029798629,0,1,1
r3.0:Fe:cn14:CCCCFeFeFeFeFeFeFeFeFeFe:sim00466,0.043318767,-0.028573824,0,1,1
r3.0:Fe:cn14:CCCCFeFeFeFeFeFeFeFeFeFe:sim00470,0.035153206,-0.011877568,0,1,1
r3.0:Fe:cn14:CCCCFeFeFeFeFeFeFeFeFeFe:sim00474,0.04368132,-0.003041127,0,1,1
r3.0:Fe:cn14:CCCCFeFeFeFeFeFeFeFeFeFe:sim00478,0.035206866,-0.011627978,0,1,1
r3.0:Fe:cn14:CCCCFeFeFeFeFeFeFeFeFeFe:sim00482,0.0073522893,-0.0079195108,0,1,1
r3.0:Fe:cn14:CCCCFeFeFeFeFeFeFeFeFeFe:sim00486,-0.0033482306,-0.003225619,0,1,1
r3.0:Fe:cn14:CCCCFeFeFeFeFeFeFeFeFeFe:sim00490,0.032336283,-0.0073327497,0,1,1
r3.0:Fe:cn14:CCCCFeFeFeFeFeFeFeFeFeFe:sim00494,0.035556339,-0.011455758,0,1,1
r3.0:Fe:cn14:CCCCFeFeFeFeFeFeFeFeFeFe:sim00498,0.036210969,-0.011142863,0,1,1
r3.0:Fe:cn14:CCCCFeFeFeFeFeFeFeFeFeFe:sim00502,0.039292984,-0.0032379038,0,1,1
r3.0:Fe:cn14:CCCCFeFeFeFeFeFeFeFeFeFe:sim00506,0.02951538,-0.019239668,0,1,1
r3.0:Fe:cn14:CCCCFeFeFeFeFeFeFeFeFeFe:sim00510,0.022150103,-0.002022862,0,1,1
r3.0:Fe:cn14:CCCCFeFeFeFeFeFeFeFeFeFe:sim00514,0.02469424,0.00073164504,0,1,1
r3.0:Fe:cn14:CCCCFeFeFeFeFeFeFeFeFeFe:sim00518,0.010333713,0.010833412,0,1,1
r3.0:Fe:cn14:CCCCFeFeFeFeFeFeFeFeFeFe:sim00522,0.049044102,0.004276223,0,1,1
r3.0:Fe:cn14:CCCCFeFeFeFeFeFeFeFeFeFe:sim00526,0.03707809,-0.010522101,0,1,1
r3.0:Fe:cn14:CCCCFeFeFeFeFeFeFeFeFeFe:sim00530,0.03825976,-0.0099271173,0,1,1
r3.0:Fe:cn14:CCCCFeFeFeFeFeFeFeFeFeFe:sim00534,0.043383993,-0.0023220587,0,1,1
r3.0:Fe:cn14:CCCCFeFeFeFeFeFeFeFeFeFe:sim00538,0.0333081,-0.012419537,0,1,1
r3.0:Fe:cn14:CCCCFeFeFeFeFeFeFeFeFeFe:sim00542,0.077611037,-0.0185185,0,1,1
r3.0:Fe:cn14:CCCCFeFeFeFeFeFeFeFeFeFe:sim00546,0.048446607,-0.024763744,0,1,1
r3.0:Fe:cn14:CCCCFeFeFeFeFeFeFeFeFeFe:sim00550,0.037100006,-0.0051281224,0,1,1
r3.0:Fe:cn14:CCCCFeFeFeFeFeFeFeFeFeFe:sim00554,0.038214218,-0.0098138405,0,1,1
r3.0:Fe:cn14:CCCCFeFeFeFeFeFeFeFeFeFe:sim00558,0.038311616,-0.0099574095,0,1,1
r3.0:Fe:cn14:CCCCFeFeFeFeFeFeFeFeFeFe:sim00562,0.038264818,-0.0088951513,0,1,1
r3.0:Fe:cn14:CCCCFeFeFeFeFeFeFeFeFeFe:sim00566,0.033890739,-0.010630941,0,1,1
r3.0:Fe:cn14:CCCCFeFeFeFeFeFeFeFeFeFe:sim00570,0.039108641,-0.0034234494,0,1,1
r3.0:Fe:cn14:CCCCFeFeFeFeFeFeFeFeFeFe:sim00574,0.049242038,0.0044545685,0,1,1
r3.0:Fe:cn14:CCCCFeFeFeFeFeFeFeFeFeFe:sim00578,0.03802425,-0.010359172,0,1,1
r3.0:Fe:cn14:CCCCFeFeFeFeFeFeFeFeFeFe:sim00582,0.050233651,-0.019618575,0,1,1
r3.0:Fe:cn14:CCCCFeFeFeFeFeFeFeFeFeFe:sim00586,0.037613418,-0.010529144,0,1,1
r3.0:Fe:cn14:CCCCFeFeFeFeFeFeFeFeFeFe:sim00590,0.03146283,-0.021787997,0,1,1
r3.0:Fe:cn14:CCCCFeFeFeFeFeFeFeFeFeFe:sim00594,0.037938174,-0.010311227,0,1,1
r3.0:Fe:cn14:CCCCFeFeFeFeFeFeFeFeFeFe:sim00598,0.039035812,-0.01016698,0,1,1
r3.0:Fe:cn14:CCCCFeFeFeFeFeFeFeFeFeFe:sim00602,0.039924443,-0.0095905839,0,1,1
r3.0:Fe:cn14:CCCCFeFeFeFeFeFeFeFeFeFe:sim00606,0.035096709,-0.012238595,0,1,1
r3.0:Fe:cn14:CCCCFeFeFeFeFeFeFeFeFeFe:sim00610,0.030828435,-0.043886807,0,1,1
r3.0:Fe:cn14:CCCCFeFeFeFeFeFeFeFeFeFe:sim00614,0.032258671,-0.016862543,0,1,1
r3.0:Fe:cn14:CCCCFeFeFeFeFeFeFeFeFeFe:sim00618,0.027903745,-0.019637058,0,1,1
r3.0:Fe:cn14:CCCCFeFeFeFeFeFeFeFeFeFe:sim00622,0.03601506,-0.012386064,0,1,1
r3.0:Fe:cn14:CCCCFeFeFeFeFeFeFeFeFeFe:sim00626,0.035453018,-0.012845184,0,1,1
r3.0:Fe:cn14:CCCCFeFeFeFeFeFeFeFeFeFe:sim00630,0.037694227,-0.0104503,0,1,1
r3.0:Fe:cn14:CCCCFeFeFeFeFeFeFeFeFeFe:sim00634,0.036936522,-0.0088034132,0,1,1
r3.0:Fe:cn14:CCCCFeFeFeFeFeFeFeFeFeFe:sim00638,0.036267556,-0.0099550029,0,1,1
r3.0:Fe:cn14:CCCCFeFeFeFeFeFeFeFeFeFe:sim00642,0.022083715,-0.00063384924,0,1,1
r3.0:Fe:cn14:CCCCFeFeFeFeFeFeFeFeFeFe:sim00646,0.03224263,-0.01260761,0,1,1
r3.0:Fe:cn14:CCCCFeFeFeFeFeFeFeFeFeFe:sim00650,0.036420379,-0.026955774,0,1,1
r3.0:Fe:cn14:CCCCFeFeFeFeFeFeFeFeFeFe:sim00654,0.017612254,0.021792633,0,1,1
r3.0:Fe:cn14:CCCCFeFeFeFeFeFeFeFeFeFe:sim00658,0.036327686,0.0053810938,0,1,1
r3.0:Fe:cn14:CCCCFeFeFeFeFeFeFeFeFeFe:sim00662,0.043826383,-0.0034622445,0,1,1
r3.0:Fe:cn14:CCCCFeFeFeFeFeFeFeFeFeFe:sim00666,0.036995444,-0.0045755361,0,1,1
r3.0:Fe:cn14:CCCCFeFeFeFeFeFeFeFeFeFe:sim00670,0.025240473,-0.020620814,0,1,1
r3.0:Fe:cn14:CCCCFeFeFeFeFeFeFeFeFeFe:sim00674,0.03336427,-0.014264212,0,1,1
r3.0:Fe:cn14:CCCCFeFeFeFeFeFeFeFeFeFe:sim00678,0.034611814,-0.018237608,0,1,1
r3.0:Fe:cn14:CCCCFeFeFeFeFeFeFeFeFeFe:sim00682,0.035966173,-0.011139232,0,1,1
r3.0:Fe:cn14:CCCCFeFeFeFeFeFeFeFeFeFe:sim00686,0.035954181,-0.011180728,0,1,1
r3.0:Fe:cn14:CCCCFeFeFeFeFeFeFeFeFeFe:sim00690,0.035846706,-0.011177953,0,1,1
r3.0:Fe:cn14:CCCCFeFeFeFeFeFeFeFeFeFe:sim00694,0.03432662,-0.011466195,0,1,1
r3.0:Fe:cn14:CCCCFeFeFeFeFeFeFeFeFeFe:sim00698,0.045594845,-0.00037367924,0,1,1
r3.0:Fe:cn14:CCCCFeFeFeFeFeFeFeFeFeFe:sim00702,0.031568591,-0.010471769,0,1,1
r3.0:Fe:cn14:CCCCFeFeFeFeFeFeFeFeFeFe:sim00706,0.035870336,-0.027526665,0,1,1
r3.0:Fe:cn14:CCCCFeFeFeFeFeFeFeFeFeFe:sim00710,0.037370544,-0.0090293083,0,1,1
r3.0:Fe:cn14:CCCCFeFeFeFeFeFeFeFeFeFe:sim00714,0.055798341,-0.016181562,0,1,1
r3.0:Fe:cn14:CCCCFeFeFeFeFeFeFeFeFeFe:sim00718,0.036494508,-0.0105496,0,1,1
r3.0:Fe:cn14:CCCCFeFeFeFeFeFeFeFeFeFe:sim00722,0.052183695,-0.029792132,0,1,1
r3.0:Fe:cn14:CCCCFeFeFeFeFeFeFeFeFeFe:sim00726,0.031410392,-0.012816323,0,1,1
r3.0:Fe:cn14:CCCCFeFeFeFeFeFeFeFeFeFe:sim00730,0.0068242457,0.0035895263,0,1,1
r3.0:Fe:cn14:CCCCFeFeFeFeFeFeFeFeFeFe:sim00734,0.058834277,-0.029277021,0,1,1
r3.0:Fe:cn14:CCCCFeFeFeFeFeFeFeFeFeFe:sim00738,0.015662258,-0.0042152861,0,1,1
r3.0:Fe:cn14:CCCCFeFeFeFeFeFeFeFeFeFe:sim00742,0.034123346,-0.012005877,0,1,1
r3.0:Fe:cn14:CCCCFeFeFeFeFeFeFeFeFeFe:sim00746,0.060240608,-0.029536074,0,1,1
r3.0:Fe:cn14:CCCCFeFeFeFeFeFeFeFeFeFe:sim00750,0.026330955,-0.022044986,0,1,1
r3.0:Fe:cn14:CCCCFeFeFeFeFeFeFeFeFeFe:sim00754,0.045411825,0.0010026031,0,1,1
r3.0:Fe:cn14:CCCCFeFeFeFeFeFeFeFeFeFe:sim00758,0.023623034,-0.003135782,0,1,1
r3.0:Fe:cn14:CCCCFeFeFeFeFeFeFeFeFeFe:sim00762,0.047535982,-0.021328731,0,1,1
r3.0:Fe:cn14:CCCCFeFeFeFeFeFeFeFeFeFe:sim00766,0.038077243,-0.010156377,0,1,1
r3.0:Fe:cn14:CCCCFeFeFeFeFeFeFeFeFeFe:sim00770,0.03546812,-0.011624224,0,1,1
r3.0:Fe:cn14:CCCCFeFeFeFeFeFeFeFeFeFe:sim00774,0.039784092,-0.030198002,0,1,1
r3.0:Fe:cn14:CCCCFeFeFeFeFeFeFeFeFeFe:sim00778,0.030781377,-0.01425108,0,1,1
r3.0:Fe:cn14:CCCCFeFeFeFeFeFeFeFeFeFe:sim00782,0.039565153,-0.0089087151,0,1,1
r3.0:Fe:cn14:CCCCFeFeFeFeFeFeFeFeFeFe:sim00786,0.043164507,-0.0029960959,0,1,1
r3.0:Fe:cn14:CCCCFeFeFeFeFeFeFeFeFeFe:sim00790,0.03448654,-0.011844854,0,1,1
r3.0:Fe:cn14:CCCCFeFeFeFeFeFeFeFeFeFe:sim00794,0.026130293,-0.020348286,0,1,1
r3.0:Fe:cn14:CCCCFeFeFeFeFeFeFeFeFeFe:sim00798,0.026004879,-0.020429144,0,1,1
r3.0:Fe:cn14:CCCCFeFeFeFeFeFeFeFeFeFe:sim00802,0.06714347,-0.0061809318,0,1,1
r3.0:Fe:cn14:CCCCFeFeFeFeFeFeFeFeFeFe:sim00806,0.055124078,-0.016456775,0,1,1
r3.0:Fe:cn14:CCCCFeFeFeFeFeFeFeFeFeFe:sim00810,0.065139689,-0.01717354,0,1,1
r3.0:Fe:cn14:CCCCFeFeFeFeFeFeFeFeFeFe:sim00814,0.059808835,-0.012778285,0,1,1
r3.0:Fe:cn14:CCCCFeFeFeFeFeFeFeFeFeFe:sim00818,0.059902716,-0.012618675,0,1,1
r3.0:Fe:cn14:CCCCFeFeFeFeFeFeFeFeFeFe:sim00822,0.044599913,-0.003302726,0,1,1
r3.0:Fe:cn14:CCCCFeFeFeFeFeFeFeFeFeFe:sim00826,0.043672707,-0.0051437914,0,1,1
r3.0:Fe:cn14:CCCCFeFeFeFeFeFeFeFeFeFe:sim00830,0.062440727,-0.034793731,0,1,1
r3.0:Fe:cn14:CCCCFeFeFeFeFeFeFeFeFeFe:sim00834,0.032379348,-0.0062389225,0,1,1
r3.0:Fe:cn14:CCCCFeFeFeFeFeFeFeFeFeFe:sim00838,0.049149945,-0.024267692,0,1,1
r3.0:Fe:cn14:CCCFeFeFeFeFeFeFeFeFeFeFe:sim00002,0.099445611,0.0018096529,0,1,1
r3.0:Fe:cn14:CCCFeFeFeFeFeFeFeFeFeFeFe:sim00006,0.091667593,-0.00133248,0,1,1
r3.0:Fe:cn14:CCCFeFeFeFeFeFeFeFeFeFeFe:sim00010,0.084524542,-0.0044068559,0,1,1
r3.0:Fe:cn14:CCCFeFeFeFeFeFeFeFeFeFeFe:sim00014,0.081705056,0.013816817,0,1,1
r3.0:Fe:cn14:CCCFeFeFeFeFeFeFeFeFeFeFe:sim00018,0.090933435,0.0030263958,0,1,1
r3.0:Fe:cn14:CCCFeFeFeFeFeFeFeFeFeFeFe:sim00022,0.078411609,0.015348018,0,1,1
r3.0:Fe:cn14:CCCFeFeFeFeFeFeFeFeFeFeFe:sim00026,0.075602196,0.014102541,0,1,1
r3.0:Fe:cn14:CCCFeFeFeFeFeFeFeFeFeFeFe:sim00030,0.074279599,0.033897001,0,1,1
r3.0:Fe:cn14:CCCFeFeFeFeFeFeFeFeFeFeFe:sim00034,0.077930368,0.016561719,0,1,1
r3.0:Fe:cn14:CCCFeFeFeFeFeFeFeFeFeFeFe:sim00038,0.077644549,0.016592709,0,1,1
r3.0:Fe:cn14:CCCFeFeFeFeFeFeFeFeFeFeFe:sim00042,0.076081313,0.014374292,0,1,1
r3.0:Fe:cn14:CCCFeFeFeFeFeFeFeFeFeFeFe:sim00046,0.082265325,-0.00039171535,0,1,1
r3.0:Fe:cn14:CCCFeFeFeFeFeFeFeFeFeFeFe:sim00050,0.080718808,0.017782668,0,1,1
r3.0:Fe:cn14:CCCFeFeFeFeFeFeFeFeFeFeFe:sim00054,0.091721162,0.0093175359,0,1,1
r3.0:Fe:cn14:CCCFeFeFeFeFeFeFeFeFeFeFe:sim00058,0.067882046,0.027543619,0,1,1
r3.0:Fe:cn14:CCCFeFeFeFeFeFeFeFeFeFeFe:sim00062,0.074703261,0.032877255,0,1,1
r3.0:Fe:cn14:CCCFeFeFeFeFeFeFeFeFeFeFe:sim00066,0.078688242,0.016848991,0,1,1
r3.0:Fe:cn14:CCCFeFeFeFeFeFeFeFeFeFeFe:sim00070,0.07369858,0.022297392,0,1,1
r3.0:Fe:cn14:CCCFeFeFeFeFeFeFeFeFeFeFe:sim00074,0.078023091,0.016573092,0,1,1
r3.0:Fe:cn14:CCCFeFeFeFeFeFeFeFeFeFeFe:sim00078,0.073811531,0.015757928,0,1,1
r3.0:Fe:cn14:CCCFeFeFeFeFeFeFeFeFeFeFe:sim00082,0.085768558,0.022447994,0,1,1
r3.0:Fe:cn14:CCCFeFeFeFeFeFeFeFeFeFeFe:sim00086,0.098367698,0.013129168,0,1,1
r3.0:Fe:cn14:CCCFeFeFeFeFeFeFeFeFeFeFe:sim00090,0.073607199,0.019996511,0,1,1
r3.0:Fe:cn14:CCCFeFeFeFeFeFeFeFeFeFeFe:sim00094,0.079985633,0.016728755,0,1,1
r3.0:Fe:cn14:CCCFeFeFeFeFeFeFeFeFeFeFe:sim00098,0.065234497,0.034689698,0,1,1
r3.0:Fe:cn14:CCCFeFeFeFeFeFeFeFeFeFeFe:sim00102,0.069098599,0.012237083,0,1,1
r3.0:Fe:cn14:CCCFeFeFeFeFeFeFeFeFeFeFe:sim00106,0.088695787,-0.021234848,0,1,1
r3.0:Fe:cn14:CCCFeFeFeFeFeFeFeFeFeFeFe:sim00110,0.073427759,0.038516574,0,1,1
r3.0:Fe:cn14:CCCFeFeFeFeFeFeFeFeFeFeFe:sim00115,0.071455255,0.036027186,0,1,1
r3.0:Fe:cn14:CCCFeFeFeFeFeFeFeFeFeFeFe:sim00119,0.074213512,0.044195354,0,1,1
r3.0:Fe:cn14:CCCFeFeFeFeFeFeFeFeFeFeFe:sim00123,0.065399364,0.029254926,0,1,1
r3.0:Fe:cn14:CCCFeFeFeFeFeFeFeFeFeFeFe:sim00127,0.065246813,0.029320249,0,1,1
r3.0:Fe:cn14:CCCFeFeFeFeFeFeFeFeFeFeFe:sim00131,0.064231575,0.02915537,0,1,1
r3.0:Fe:cn14:CCCFeFeFeFeFeFeFeFeFeFeFe:sim00135,0.064378902,0.029049007,0,1,1
r3.0:Fe:cn14:CCCFeFeFeFeFeFeFeFeFeFeFe:sim00139,0.060042575,0.028127128,0,1,1
r3.0:Fe:cn14:CCCFeFeFeFeFeFeFeFeFeFeFe:sim00143,0.053012837,-0.0020990733,0,1,1
r3.0:Fe:cn14:CCCFeFeFeFeFeFeFeFeFeFeFe:sim00147,0.052909389,-0.0024983305,0,1,1
r3.0:Fe:cn14:CCCFeFeFeFeFeFeFeFeFeFeFe:sim00151,0.056922026,0.021123232,0,1,1
r3.0:Fe:cn14:CCCFeFeFeFeFeFeFeFeFeFeFe:sim00155,0.0651142,0.029505415,0,1,1
r3.0:Fe:cn14:CCCFeFeFeFeFeFeFeFeFeFeFe:sim00159,0.065099128,0.029495353,0,1,1
r3.0:Fe:cn14:CCCFeFeFeFeFeFeFeFeFeFeFe:sim00163,0.052299418,0.045419618,0,1,1
r3.0:Fe:cn14:CCCFeFeFeFeFeFeFeFeFeFeFe:sim00167,0.079354048,0.022237569,0,1,1
r3.0:Fe:cn14:CCCFeFeFeFeFeFeFeFeFeFeFe:sim00171,0.043191459,0.029132513,0,1,1
r3.0:Fe:cn14:CCCFeFeFeFeFeFeFeFeFeFeFe:sim00175,0.06363257,0.028656926,0,1,1
r3.0:Fe:cn14:CCCFeFeFeFeFeFeFeFeFeFeFe:sim00179,0.05654325,0.022129137,0,1,1
r3.0:Fe:cn14:CCCFeFeFeFeFeFeFeFeFeFeFe:sim00183,0.063400641,0.027056625,0,1,1
r3.0:Fe:cn14:CCCFeFeFeFeFeFeFeFeFeFeFe:sim00187,0.065137349,0.029273486,0,1,1
r3.0:Fe:cn14:CCCFeFeFeFeFeFeFeFeFeFeFe:sim00191,0.068331204,0.038464367,0,1,1
r3.0:Fe:cn14:CCCFeFeFeFeFeFeFeFeFeFeFe:sim00195,0.064436771,0.035391308,0,1,1
r3.0:Fe:cn14:CCCFeFeFeFeFeFeFeFeFeFeFe:sim00199,0.053362045,0.045167729,0,1,1
r3.0:Fe:cn14:CCCFeFeFeFeFeFeFeFeFeFeFe:sim00203,0.06298241,0.031683546,0,1,1
r3.0:Fe:cn14:CCCFeFeFeFeFeFeFeFeFeFeFe:sim00207,0.06324476,0.031678103,0,1,1
r3.0:Fe:cn14:CCCFeFeFeFeFeFeFeFeFeFeFe:sim00211,0.062506542,0.032046881,0,1,1
r3.0:Fe:cn14:CCCFeFeFeFeFeFeFeFeFeFeFe:sim00215,0.081646428,0.027541498,0,1,1
r3.0:Fe:cn14:CCCFeFeFeFeFeFeFeFeFeFeFe:sim00219,0.062204003,0.031424381,0,1,1
r3.0:Fe:cn14:CCCFeFeFeFeFeFeFeFeFeFeFe:sim00223,0.04433731,0.036360782,0,1,1
r3.0:Fe:cn14:CCCFeFeFeFeFeFeFeFeFeFeFe:sim00227,0.081549197,0.027489226,0,1,1
r3.0:Fe:cn14:CCCFeFeFeFeFeFeFeFeFeFeFe:sim00231,0.061041377,0.029900219,0,1,1
r3.0:Fe:cn14:CCCFeFeFeFeFeFeFeFeFeFeFe:sim00235,0.060108248,0.029322762,0,1,1
r3.0:Fe:cn14:CCCFeFeFeFeFeFeFeFeFeFeFe:sim00239,0.06124872,0.028722666,0,1,1
r3.0:Fe:cn14:CCCFeFeFeFeFeFeFeFeFeFeFe:sim00243,0.060765717,0.00579328,0,1,1
r3.0:Fe:cn14:CCCFeFeFeFeFeFeFeFeFeFeFe:sim00247,0.080678716,-0.013159141,0,1,1
r3.0:Fe:cn14:CCCFeFeFeFeFeFeFeFeFeFeFe:sim00251,0.058935013,0.030220717,0,1,1
r3.0:Fe:cn14:CCCFeFeFeFeFeFeFeFeFeFeFe:sim00255,0.073225304,0.023056544,0,1,1
r3.0:Fe:cn14:CCCFeFeFeFeFeFeFeFeFeFeFe:sim00259,0.080697447,0.02716437,0,1,1
r3.0:Fe:cn14:CCCFeFeFeFeFeFeFeFeFeFeFe:sim00263,0.059928454,0.029718047,0,1,1
r3.0:Fe:cn14:CCCFeFeFeFeFeFeFeFeFeFeFe:sim00267,0.059897516,0.030962449,0,1,1
r3.0:Fe:cn14:CCCFeFeFeFeFeFeFeFeFeFeFe:sim00271,0.064078584,0.027528794,0,1,1
r3.0:Fe:cn14:CCCFeFeFeFeFeFeFeFeFeFeFe:sim00275,0.055026013,0.023787653,0,1,1
r3.0:Fe:cn14:CCCFeFeFeFeFeFeFeFeFeFeFe:sim00279,0.061783358,0.036366984,0,1,1
r3.0:Fe:cn14:CCCFeFeFeFeFeFeFeFeFeFeFe:sim00283,0.064084888,0.032416005,0,1,1
r3.0:Fe:cn14:CCCFeFeFeFeFeFeFeFeFeFeFe:sim00287,0.062824115,0.031985216,0,1,1
r3.0:Fe:cn14:CCCFeFeFeFeFeFeFeFeFeFeFe:sim00291,0.03811172,0.031216102,0,1,1
r3.0:Fe:cn14:CCCFeFeFeFeFeFeFeFeFeFeFe:sim00295,0.054994114,0.027187834,0,1,1
r3.0:Fe:cn14:CCCFeFeFeFeFeFeFeFeFeFeFe:sim00299,0.067123197,0.034578703,0,1,1
r3.0:Fe:cn14:CCCFeFeFeFeFeFeFeFeFeFeFe:sim00303,0.074355684,0.053076044,0,1,1
r3.0:Fe:cn14:CCCFeFeFeFeFeFeFeFeFeFeFe:sim00307,0.050952077,0.0423273,0,1,1
r3.0:Fe:cn14:CCCFeFeFeFeFeFeFeFeFeFeFe:sim00311,0.075717993,0.036964666,0,1,1
r3.0:Fe:cn14:CCCFeFeFeFeFeFeFeFeFeFeFe:sim00315,0.063344888,0.027342711,0,1,1
r3.0:Fe:cn14:CCCFeFeFeFeFeFeFeFeFeFeFe:sim00319,0.067348659,0.028093819,0,1,1
r3.0:Fe:cn14:CCCFeFeFeFeFeFeFeFeFeFeFe:sim00323,0.062148232,0.032830354,0,1,1
r3.0:Fe:cn14:CCCFeFeFeFeFeFeFeFeFeFeFe:sim00327,0.06231568,0.03278207,0,1,1
r3.0:Fe:cn14:CCCFeFeFeFeFeFeFeFeFeFeFe:sim00331,0.062102385,0.032900784,0,1,1
r3.0:Fe:cn14:CCCFeFeFeFeFeFeFeFeFeFeFe:sim00335,0.0611807,0.032386102,0,1,1
r3.0:Fe:cn14:CCCFeFeFeFeFeFeFeFeFeFeFe:sim00339,0.047714751,0.039205462,0,1,1
r3.0:Fe:cn14:CCCFeFeFeFeFeFeFeFeFeFeFe:sim00343,0.054842301,0.025338275,0,1,1
r3.0:Fe:cn14:CCCFeFeFeFeFeFeFeFeFeFeFe:sim00347,0.072486028,0.046506584,0,1,1
r3.0:Fe:cn14:CCCFeFeFeFeFeFeFeFeFeFeFe:sim00351,0.062234197,0.032797661,0,1,1
r3.0:Fe:cn14:CCCFeFeFeFeFeFeFeFeFeFeFe:sim00355,0.06261652,0.03322494,0,1,1
r3.0:Fe:cn14:CCCFeFeFeFeFeFeFeFeFeFeFe:sim00359,0.062604643,0.033469319,0,1,1
r3.0:Fe:cn14:CCCFeFeFeFeFeFeFeFeFeFeFe:sim00363,0.061486501,0.033306144,0,1,1
r3.0:Fe:cn14:CCCFeFeFeFeFeFeFeFeFeFeFe:sim00367,0.059147339,0.031900063,0,1,1
r3.0:Fe:cn14:CCCFeFeFeFeFeFeFeFeFeFeFe:sim00371,0.072763093,0.046967462,0,1,1
r3.0:Fe:cn14:CCCFeFeFeFeFeFeFeFeFeFeFe:sim00375,0.062617719,0.033483211,0,1,1
r3.0:Fe:cn14:CCCFeFeFeFeFeFeFeFeFeFeFe:sim00379,0.032706566,0.040354498,0,1,1
r3.0:Fe:cn14:CCCFeFeFeFeFeFeFeFeFeFeFe:sim00383,0.062128957,0.033319514,0,1,1
r3.0:Fe:cn14:CCCFeFeFeFeFeFeFeFeFeFeFe:sim00387,0.062181003,0.03314482,0,1,1
r3.0:Fe:cn14:CCCFeFeFeFeFeFeFeFeFeFeFe:sim00391,0.067146286,0.034649346,0,1,1
r3.0:Fe:cn14:CCCFeFeFeFeFeFeFeFeFeFeFe:sim00395,0.052899327,0.02026771,0,1,1
r3.0:Fe:cn14:CCCFeFeFeFeFeFeFeFeFeFeFe:sim00399,0.062751338,0.033343747,0,1,1
r3.0:Fe:cn14:CCCFeFeFeFeFeFeFeFeFeFeFe:sim00403,0.062637776,0.033551659,0,1,1
r3.0:Fe:cn14:CCCFeFeFeFeFeFeFeFeFeFeFe:sim00407,0.062953681,0.033742297,0,1,1
r3.0:Fe:cn14:CCCFeFeFeFeFeFeFeFeFeFeFe:sim00411,0.065787688,0.045501389,0,1,1
r3.0:Fe:cn14:CCCFeFeFeFeFeFeFeFeFeFeFe:sim00415,0.064506821,0.035686385,0,1,1
r3.0:Fe:cn14:CCCFeFeFeFeFeFeFeFeFeFeFe:sim00419,0.04708847,0.049809612,0,1,1
r3.0:Fe:cn14:CCCFeFeFeFeFeFeFeFeFeFeFe:sim00423,0.062371783,0.033389397,0,1,1
r3.0:Fe:cn14:CCCFeFeFeFeFeFeFeFeFeFeFe:sim00427,0.061331674,0.030671133,0,1,1
r3.0:Fe:cn14:CCCFeFeFeFeFeFeFeFeFeFeFe:sim00431,0.062295143,0.033023681,0,1,1
r3.0:Fe:cn14:CCCFeFeFeFeFeFeFeFeFeFeFe:sim00435,0.037559334,0.032413673,0,1,1
r3.0:Fe:cn14:CCCFeFeFeFeFeFeFeFeFeFeFe:sim00439,0.064621039,0.036000069,0,1,1
r3.0:Fe:cn14:CCCFeFeFeFeFeFeFeFeFeFeFe:sim00443,0.085645899,0.016857386,0,1,1
r3.0:Fe:cn14:CCCFeFeFeFeFeFeFeFeFeFeFe:sim00447,0.062653452,0.033166863,0,1,1
r3.0:Fe:cn14:CCCFeFeFeFeFeFeFeFeFeFeFe:sim00451,0.077421233,0.026957827,0,1,1
r3.0:Fe:cn14:CCCFeFeFeFeFeFeFeFeFeFeFe:sim00455,0.073685065,0.024501523,0,1,1
r3.0:Fe:cn14:CCCFeFeFeFeFeFeFeFeFeFeFe:sim00459,0.077005945,0.007058993,0,1,1
r3.0:Fe:cn14:CCCFeFeFeFeFeFeFeFeFeFeFe:sim00463,0.06044871,0.018641051,0,1,1
r3.0:Fe:cn14:CCCFeFeFeFeFeFeFeFeFeFeFe:sim00467,0.077694453,0.021098917,0,1,1
r3.0:Fe:cn14:CCCFeFeFeFeFeFeFeFeFeFeFe:sim00471,0.056181241,0.035724409,0,1,1
r3.0:Fe:cn14:CCCFeFeFeFeFeFeFeFeFeFeFe:sim00475,0.062507421,0.033124495,0,1,1
r3.0:Fe:cn14:CCCFeFeFeFeFeFeFeFeFeFeFe:sim00479,0.070177533,0.041189749,0,1,1
r3.0:Fe:cn14:CCCFeFeFeFeFeFeFeFeFeFeFe:sim00483,0.03770487,0.032324787,0,1,1
r3.0:Fe:cn14:CCCFeFeFeFeFeFeFeFeFeFeFe:sim00487,0.022176757,0.014293528,0,1,1
r3.0:Fe:cn14:CCCFeFeFeFeFeFeFeFeFeFeFe:sim00491,0.06290175,0.033206236,0,1,1
r3.0:Fe:cn14:CCCFeFeFeFeFeFeFeFeFeFeFe:sim00495,0.068976022,0.037211929,0,1,1
r3.0:Fe:cn14:CCCFeFeFeFeFeFeFeFeFeFeFe:sim00499,0.064002745,0.033505924,0,1,1
r3.0:Fe:cn14:CCCFeFeFeFeFeFeFeFeFeFeFe:sim00503,0.065447465,0.034510564,0,1,1
r3.0:Fe:cn14:CCCFeFeFeFeFeFeFeFeFeFeFe:sim00507,0.065281384,0.034392655,0,1,1
r3.0:Fe:cn14:CCCFeFeFeFeFeFeFeFeFeFeFe:sim00511,0.053423185,0.044757273,0,1,1
r3.0:Fe:cn14:CCCFeFeFeFeFeFeFeFeFeFeFe:sim00515,0.048598167,0.043141223,0,1,1
r3.0:Fe:cn14:CCCFeFeFeFeFeFeFeFeFeFeFe:sim00519,0.052003313,0.042782858,0,1,1
r3.0:Fe:cn14:CCCFeFeFeFeFeFeFeFeFeFeFe:sim00523,0.06546627,0.035220742,0,1,1
r3.0:Fe:cn14:CCCFeFeFeFeFeFeFeFeFeFeFe:sim00527,0.074228838,0.047126975,0,1,1
r3.0:Fe:cn14:CCCFeFeFeFeFeFeFeFeFeFeFe:sim00531,0.066968039,0.036576003,0,1,1
r3.0:Fe:cn14:CCCFeFeFeFeFeFeFeFeFeFeFe:sim00535,0.061631158,0.032115396,0,1,1
r3.0:Fe:cn14:CCCFeFeFeFeFeFeFeFeFeFeFe:sim00539,0.060884055,0.032343712,0,1,1
r3.0:Fe:cn14:CCCFeFeFeFeFeFeFeFeFeFeFe:sim00543,0.076482221,0.02584636,0,1,1
r3.0:Fe:cn14:CCCFeFeFeFeFeFeFeFeFeFeFe:sim00547,0.07853654,0.028661214,0,1,1
r3.0:Fe:cn14:CCCFeFeFeFeFeFeFeFeFeFeFe:sim00551,0.061268426,0.051909361,0,1,1
r3.0:Fe:cn14:CCCFeFeFeFeFeFeFeFeFeFeFe:sim00555,0.06468007,0.034267515,0,1,1
r3.0:Fe:cn14:CCCFeFeFeFeFeFeFeFeFeFeFe:sim00559,0.058248866,0.026844481,0,1,1
r3.0:Fe:cn14:CCCFeFeFeFeFeFeFeFeFeFeFe:sim00563,0.082155965,0.032973953,0,1,1
r3.0:Fe:cn14:CCCFeFeFeFeFeFeFeFeFeFeFe:sim00567,0.065279469,0.035624195,0,1,1
r3.0:Fe:cn14:CCCFeFeFeFeFeFeFeFeFeFeFe:sim00571,0.066170357,0.034579523,0,1,1
r3.0:Fe:cn14:CCCFeFeFeFeFeFeFeFeFeFeFe:sim00575,0.065311834,0.034579258,0,1,1
r3.0:Fe:cn14:CCCFeFeFeFeFeFeFeFeFeFeFe:sim00579,0.067468233,0.037220854,0,1,1
r3.0:Fe:cn14:CCCFeFeFeFeFeFeFeFeFeFeFe:sim00583,0.062469725,0.057057172,0,1,1
r3.0:Fe:cn14:CCCFeFeFeFeFeFeFeFeFeFeFe:sim00587,0.065028682,0.034538493,0,1,1
r3.0:Fe:cn14:CCCFeFeFeFeFeFeFeFeFeFeFe:sim00591,0.06527324,0.034640856,0,1,1
r3.0:Fe:cn14:CCCFeFeFeFeFeFeFeFeFeFeFe:sim00595,0.066289596,0.040603995,0,1,1
r3.0:Fe:cn14:CCCFeFeFeFeFeFeFeFeFeFeFe:sim00599,0.065194167,0.033384372,0,1,1
r3.0:Fe:cn14:CCCFeFeFeFeFeFeFeFeFeFeFe:sim00603,0.063395113,0.033499967,0,1,1
r3.0:Fe:cn14:CCCFeFeFeFeFeFeFeFeFeFeFe:sim00607,0.063393787,0.033525199,0,1,1
r3.0:Fe:cn14:CCCFeFeFeFeFeFeFeFeFeFeFe:sim00611,0.055486035,0.025638543,0,1,1
r3.0:Fe:cn14:CCCFeFeFeFeFeFeFeFeFeFeFe:sim00615,0.032704968,0.027067572,0,1,1
r3.0:Fe:cn14:CCCFeFeFeFeFeFeFeFeFeFeFe:sim00619,0.04720936,0.041710448,0,1,1
r3.0:Fe:cn14:CCCFeFeFeFeFeFeFeFeFeFeFe:sim00623,0.053126074,0.041642714,0,1,1
r3.0:Fe:cn14:CCCFeFeFeFeFeFeFeFeFeFeFe:sim00627,0.063243628,0.032393921,0,1,1
r3.0:Fe:cn14:CCCFeFeFeFeFeFeFeFeFeFeFe:sim00631,0.073447868,0.024244128,0,1,1
r3.0:Fe:cn14:CCCFeFeFeFeFeFeFeFeFeFeFe:sim00635,0.061929055,0.032688443,0,1,1
r3.0:Fe:cn14:CCCFeFeFeFeFeFeFeFeFeFeFe:sim00639,0.055762891,0.025747614,0,1,1
r3.0:Fe:cn14:CCCFeFeFeFeFeFeFeFeFeFeFe:sim00643,0.06471584,0.034221038,0,1,1
r3.0:Fe:cn14:CCCFeFeFeFeFeFeFeFeFeFeFe:sim00647,0.063213535,0.033533849,0,1,1
r3.0:Fe:cn14:CCCFeFeFeFeFeFeFeFeFeFeFe:sim00651,0.059877325,0.038795706,0,1,1
r3.0:Fe:cn14:CCCFeFeFeFeFeFeFeFeFeFeFe:sim00655,0.071402505,0.029420149,0,1,1
r3.0:Fe:cn14:CCCFeFeFeFeFeFeFeFeFeFeFe:sim00659,0.05557942,0.042722013,0,1,1
r3.0:Fe:cn14:CCCFeFeFeFeFeFeFeFeFeFeFe:sim00663,0.055356067,0.025335906,0,1,1
r3.0:Fe:cn14:CCCFeFeFeFeFeFeFeFeFeFeFe:sim00667,0.065905795,0.040034074,0,1,1
r3.0:Fe:cn14:CCCFeFeFeFeFeFeFeFeFeFeFe:sim00671,0.087857753,0.034314536,0,1,1
r3.0:Fe:cn14:CCCFeFeFeFeFeFeFeFeFeFeFe:sim00675,0.061452091,0.032981049,0,1,1
r3.0:Fe:cn14:CCCFeFeFeFeFeFeFeFeFeFeFe:sim00679,0.075737618,0.023962533,0,1,1
r3.0:Fe:cn14:CCCFeFeFeFeFeFeFeFeFeFeFe:sim00683,0.063464046,0.033648174,0,1,1
r3.0:Fe:cn14:CCCFeFeFeFeFeFeFeFeFeFeFe:sim00687,0.050675727,0.043403741,0,1,1
r3.0:Fe:cn14:CCCFeFeFeFeFeFeFeFeFeFeFe:sim00691,0.073020667,0.04681557,0,1,1
r3.0:Fe:cn14:CCCFeFeFeFeFeFeFeFeFeFeFe:sim00695,0.063197874,0.033676852,0,1,1
r3.0:Fe:cn14:CCCFeFeFeFeFeFeFeFeFeFeFe:sim00699,0.064961597,0.035806865,0,1,1
r3.0:Fe:cn14:CCCFeFeFeFeFeFeFeFeFeFeFe:sim00703,0.056657195,0.03664222,0,1,1
r3.0:Fe:cn14:CCCFeFeFeFeFeFeFeFeFeFeFe:sim00707,0.059088275,0.038548764,0,1,1
r3.0:Fe:cn14:CCCFeFeFeFeFeFeFeFeFeFeFe:sim00711,0.062951528,0.033232797,0,1,1
r3.0:Fe:cn14:CCCFeFeFeFeFeFeFeFeFeFeFe:sim00715,0.061160099,0.0327143,0,1,1
r3.0:Fe:cn14:CCCFeFeFeFeFeFeFeFeFeFeFe:sim00719,0.062796816,0.033220313,0,1,1
r3.0:Fe:cn14:CCCFeFeFeFeFeFeFeFeFeFeFe:sim00723,0.068857051,0.01196737,0,1,1
r3.0:Fe:cn14:CCCFeFeFeFeFeFeFeFeFeFeFe:sim00727,0.062012199,0.032779526,0,1,1
r3.0:Fe:cn14:CCCFeFeFeFeFeFeFeFeFeFeFe:sim00731,0.05921565,0.031113831,0,1,1
r3.0:Fe:cn14:CCCFeFeFeFeFeFeFeFeFeFeFe:sim00735,0.063154303,0.025487188,0,1,1
r3.0:Fe:cn14:CCCFeFeFeFeFeFeFeFeFeFeFe:sim00739,0.054652236,0.029852781,0,1,1
r3.0:Fe:cn14:CCCFeFeFeFeFeFeFeFeFeFeFe:sim00743,0.06246591,0.033030458,0,1,1
r3.0:Fe:cn14:CCCFeFeFeFeFeFeFeFeFeFeFe:sim00747,0.06261903,0.032955892,0,1,1
r3.0:Fe:cn14:CCCFeFeFeFeFeFeFeFeFeFeFe:sim00751,0.057769783,0.03648296,0,1,1
r3.0:Fe:cn14:CCCFeFeFeFeFeFeFeFeFeFeFe:sim00755,0.06189457,0.031865221,0,1,1
r3.0:Fe:cn14:CCCFeFeFeFeFeFeFeFeFeFeFe:sim00759,0.061784934,0.031574633,0,1,1
r3.0:Fe:cn14:CCCFeFeFeFeFeFeFeFeFeFeFe:sim00763,0.072987169,0.023493344,0,1,1
r3.0:Fe:cn14:CCCFeFeFeFeFeFeFeFeFeFeFe:sim00767,0.061056461,0.030730819,0,1,1
r3.0:Fe:cn14:CCCFeFeFeFeFeFeFeFeFeFeFe:sim00771,0.062707372,0.033317421,0,1,1
r3.0:Fe:cn14:CCCFeFeFeFeFeFeFeFeFeFeFe:sim00775,0.08577989,0.016822869,0,1,1
r3.0:Fe:cn14:CCCFeFeFeFeFeFeFeFeFeFeFe:sim00779,0.083268337,0.033017315,0,1,1
r3.0:Fe:cn14:CCCFeFeFeFeFeFeFeFeFeFeFe:sim00783,0.049999911,0.043121975,0,1,1
r3.0:Fe:cn14:CCCFeFeFeFeFeFeFeFeFeFeFe:sim00787,0.073998868,0.024997341,0,1,1
r3.0:Fe:cn14:CCCFeFeFeFeFeFeFeFeFeFeFe:sim00791,0.061782748,0.032926556,0,1,1
r3.0:Fe:cn14:CCCFeFeFeFeFeFeFeFeFeFeFe:sim00795,0.061722219,0.032990359,0,1,1
r3.0:Fe:cn14:CCCFeFeFeFeFeFeFeFeFeFeFe:sim00799,0.060592618,0.03225448,0,1,1
r3.0:Fe:cn14:CCCFeFeFeFeFeFeFeFeFeFeFe:sim00803,0.087819234,0.01287874,0,1,1
r3.0:Fe:cn14:CCCFeFeFeFeFeFeFeFeFeFeFe:sim00807,0.08384002,0.030013237,0,1,1
r3.0:Fe:cn14:CCCFeFeFeFeFeFeFeFeFeFeFe:sim00811,0.085965529,0.032852221,0,1,1
r3.0:Fe:cn14:CCCFeFeFeFeFeFeFeFeFeFeFe:sim00815,0.083121613,0.03024477,0,1,1
r3.0:Fe:cn14:CCCFeFeFeFeFeFeFeFeFeFeFe:sim00819,0.072840221,0.0008441158,0,1,1
r3.0:Fe:cn14:CCCFeFeFeFeFeFeFeFeFeFeFe:sim00823,0.069950655,0.038783733,0,1,1
r3.0:Fe:cn14:CCCFeFeFeFeFeFeFeFeFeFeFe:sim00827,0.065936223,0.036640398,0,1,1
r3.0:Fe:cn14:CCCFeFeFeFeFeFeFeFeFeFeFe:sim00831,0.062946573,-0.0098646237,0,1,1
r3.0:Fe:cn14:CCCFeFeFeFeFeFeFeFeFeFeFe:sim00835,0.075177982,0.021542681,0,1,1
r3.0:Fe:cn14:CCCFeFeFeFeFeFeFeFeFeFeFe:sim00839,0.075278446,0.021259591,0,1,1
r3.0:Fe:cn14:CCCFeFeFeFeFeFeFeFeFeFeFe:sim00843,0.083118163,0.029722227,0,1,1
r3.0:Fe:cn14:CCCFeFeFeFeFeFeFeFeFeFeFe:sim00847,0.078303352,0.034997549,0,1,1
r3.0:Fe:cn14:CCCFeFeFeFeFeFeFeFeFeFeFe:sim00851,0.08889439,0.027313333,0,1,1
r3.0:Fe:cn14:CCCFeFeFeFeFeFeFeFeFeFeFe:sim00855,0.085646801,0.024949353,0,1,1
r3.0:Fe:cn14:CCCFeFeFeFeFeFeFeFeFeFeFe:sim00859,0.088934727,0.026957726,0,1,1
r3.0:Fe:cn14:CCCFeFeFeFeFeFeFeFeFeFeFe:sim00863,0.082888819,0.02880072,0,1,1
r3.0:Fe:cn14:CCCFeFeFeFeFeFeFeFeFeFeFe:sim00867,0.082658604,0.029955249,0,1,1
r3.0:Fe:cn14:CCCFeFeFeFeFeFeFeFeFeFeFe:sim00871,0.071544848,0.0052348641,0,1,1
r3.0:Fe:cn14:CCCFeFeFeFeFeFeFeFeFeFeFe:sim00875,0.083934329,0.035778824,0,1,1
r3.0:Fe:cn14:CCCFeFeFeFeFeFeFeFeFeFeFe:sim00879,0.091699474,0.043689135,0,1,1
r3.0:Fe:cn14:CCCFeFeFeFeFeFeFeFeFeFeFe:sim00883,0.086380921,0.031968608,0,1,1
r3.0:Fe:cn14:CCCFeFeFeFeFeFeFeFeFeFeFe:sim00887,0.075036816,0.017761743,0,1,1
r3.0:Fe:cn14:CCCFeFeFeFeFeFeFeFeFeFeFe:sim00891,0.094388641,0.039867535,0,1,1
r3.0:Fe:cn14:CCCFeFeFeFeFeFeFeFeFeFeFe:sim00895,0.086653642,0.031859312,0,1,1
r3.0:Fe:cn14:CCCFeFeFeFeFeFeFeFeFeFeFe:sim00899,0.084241949,0.030334815,0,1,1
r3.0:Fe:cn14:CCCFeFeFeFeFeFeFeFeFeFeFe:sim00903,0.069540329,0.029932305,0,1,1
r3.0:Fe:cn14:CCCFeFeFeFeFeFeFeFeFeFeFe:sim00907,0.064889371,0.046524432,0,1,1
r3.0:Fe:cn14:CCCFeFeFeFeFeFeFeFeFeFeFe:sim00911,0.0601025,0.033025324,0,1,1
r3.0:Fe:cn14:CCCFeFeFeFeFeFeFeFeFeFeFe:sim00915,0.081569687,0.032338109,0,1,1
r3.0:Fe:cn14:CCCFeFeFeFeFeFeFeFeFeFeFe:sim00919,0.057823475,0.032419138,0,1,1
r3.0:Fe:cn14:CCCFeFeFeFeFeFeFeFeFeFeFe:sim00923,0.077356644,0.024161674,0,1,1
r3.0:Fe:cn14:CCCFeFeFeFeFeFeFeFeFeFeFe:sim00927,0.064869761,0.033669073,0,1,1
r3.0:Fe:cn14:CCCFeFeFeFeFeFeFeFeFeFeFe:sim00931,0.069792621,0.021071967,0,1,1
r3.0:Fe:cn14:CCCFeFeFeFeFeFeFeFeFeFeFe:sim00935,0.076177426,0.024828928,0,1,1
r3.0:Fe:cn14:CCCFeFeFeFeFeFeFeFeFeFeFe:sim00939,0.074857384,0.024340918,0,1,1
r3.0:Fe:cn14:CCCFeFeFeFeFeFeFeFeFeFeFe:sim00943,0.06408947,0.033798691,0,1,1
r3.0:Fe:cn14:CCCFeFeFeFeFeFeFeFeFeFeFe:sim00947,0.076930627,0.023946658,0,1,1
r3.0:Fe:cn14:CCCFeFeFeFeFeFeFeFeFeFeFe:sim00951,0.06714718,0.034515224,0,1,1
r3.0:Fe:cn14:CCCFeFeFeFeFeFeFeFeFeFeFe:sim00955,0.065347642,0.034119375,0,1,1
r3.0:Fe:cn14:CCCFeFeFeFeFeFeFeFeFeFeFe:sim00959,0.069439746,0.01713842,0,1,1
r3.0:Fe:cn14:CCCFeFeFeFeFeFeFeFeFeFeFe:sim00963,0.065288894,0.034112338,0,1,1
r3.0:Fe:cn14:CCCFeFeFeFeFeFeFeFeFeFeFe:sim00967,0.06517639,0.033985119,0,1,1
r3.0:Fe:cn14:CCCFeFeFeFeFeFeFeFeFeFeFe:sim00971,0.069969259,0.037644848,0,1,1
r3.0:Fe:cn14:CCCFeFeFeFeFeFeFeFeFeFeFe:sim00975,0.067930445,0.035090301,0,1,1
r3.0:Fe:cn14:CCCFeFeFeFeFeFeFeFeFeFeFe:sim00979,0.068210855,0.035081733,0,1,1
r3.0:Fe:cn14:CCCFeFeFeFeFeFeFeFeFeFeFe:sim00983,0.065218851,0.03242531,0,1,1
r3.0:Fe:cn14:CCCFeFeFeFeFeFeFeFeFeFeFe:sim00987,0.064034775,0.033464134,0,1,1
r3.0:Fe:cn14:CCCFeFeFeFeFeFeFeFeFeFeFe:sim00991,0.058834843,0.049799424,0,1,1
r3.0:Fe:cn14:CCCFeFeFeFeFeFeFeFeFeFeFe:sim00995,0.06055057,0.050507944,0,1,1
r3.0:Fe:cn14:CCCFeFeFeFeFeFeFeFeFeFeFe:sim00999,0.071873449,0.040472843,0,1,1
r3.0:Fe:cn14:CCCFeFeFeFeFeFeFeFeFeFeFe:sim01003,0.077724501,0.023192041,0,1,1
r3.0:Fe:cn14:CCCFeFeFeFeFeFeFeFeFeFeFe:sim01007,0.062043831,-0.0097845281,0,1,1
r3.0:Fe:cn14:CCCFeFeFeFeFeFeFeFeFeFeFe:sim01011,0.083699159,0.030365299,0,1,1
r3.0:Fe:cn14:CCCFeFeFeFeFeFeFeFeFeFeFe:sim01015,0.075769655,0.022046626,0,1,1
r3.0:Fe:cn14:CCCFeFeFeFeFeFeFeFeFeFeFe:sim01019,0.076611124,0.028340816,0,1,1
r3.0:Fe:cn14:CCCFeFeFeFeFeFeFeFeFeFeFe:sim01023,0.07379473,0.020184433,0,1,1
r3.0:Fe:cn14:CCCFeFeFeFeFeFeFeFeFeFeFe:sim01027,0.07554394,0.022302808,0,1,1
r3.0:Fe:cn14:CCCFeFeFeFeFeFeFeFeFeFeFe:sim01031,0.067909665,0.026912138,0,1,1
r3.0:Fe:cn14:CCCFeFeFeFeFeFeFeFeFeFeFe:sim01035,0.06612429,0.014060965,0,1,1
r3.0:Fe:cn14:CCCFeFeFeFeFeFeFeFeFeFeFe:sim01039,0.063441202,0.032373697,0,1,1
r3.0:Fe:cn14:CCCFeFeFeFeFeFeFeFeFeFeFe:sim01043,0.075249836,0.021967104,0,1,1
r3.0:Fe:cn14:CCCFeFeFeFeFeFeFeFeFeFeFe:sim01047,0.075591169,0.022658465,0,1,1
r3.0:Fe:cn14:CCCFeFeFeFeFeFeFeFeFeFeFe:sim01051,0.063533515,0.032486424,0,1,1
r3.0:Fe:cn14:CCCFeFeFeFeFeFeFeFeFeFeFe:sim01055,0.075840577,0.022781741,0,1,1
r3.0:Fe:cn14:CCCFeFeFeFeFeFeFeFeFeFeFe:sim01059,0.075794138,0.022393014,0,1,1
r3.0:Fe:cn14:CCCFeFeFeFeFeFeFeFeFeFeFe:sim01063,0.090789385,0.0058294535,0,1,1
r3.0:Fe:cn14:CCCFeFeFeFeFeFeFeFeFeFeFe:sim01067,0.086784817,0.003337343,0,1,1
r3.0:Fe:cn14:CCCFeFeFeFeFeFeFeFeFeFeFe:sim01071,0.075705595,0.022426158,0,1,1
r3.0:Fe:cn14:CCCFeFeFeFeFeFeFeFeFeFeFe:sim01075,0.082707562,0.028719684,0,1,1
r3.0:Fe:cn14:CCCFeFeFeFeFeFeFeFeFeFeFe:sim01079,0.074757293,0.022164837,0,1,1
r3.0:Fe:cn14:CCCFeFeFeFeFeFeFeFeFeFeFe:sim01083,0.066863053,0.01411535,0,1,1
r3.0:Fe:cn14:CCCFeFeFeFeFeFeFeFeFeFeFe:sim01087,0.075355351,0.028106308,0,1,1
r3.0:Fe:cn14:CCCFeFeFeFeFeFeFeFeFeFeFe:sim01091,0.063647918,0.013630268,0,1,1
r3.0:Fe:cn14:CCCFeFeFeFeFeFeFeFeFeFeFe:sim01095,0.0754769,0.022226725,0,1,1
r3.0:Fe:cn14:CCCFeFeFeFeFeFeFeFeFeFeFe:sim01099,0.084212698,0.029803,0,1,1
r3.0:Fe:cn14:CCCFeFeFeFeFeFeFeFeFeFeFe:sim01103,0.067159675,0.057701021,0,1,1
r3.0:Fe:cn14:CCCFeFeFeFeFeFeFeFeFeFeFe:sim01107,0.081648983,0.049927603,0,1,1
r3.0:Fe:cn14:CCCFeFeFeFeFeFeFeFeFeFeFe:sim01111,0.078467406,0.046950944,0,1,1
r3.0:Fe:cn14:CCCFeFeFeFeFeFeFeFeFeFeFe:sim01115,0.079674155,0.046970852,0,1,1
r3.0:Fe:cn14:CCCFeFeFeFeFeFeFeFeFeFeFe:sim01119,0.080652267,0.054196388,0,1,1
r3.0:Fe:cn14:CCCFeFeFeFeFeFeFeFeFeFeFe:sim01123,0.079947025,0.047915578,0,1,1
r3.0:Fe:cn14:CCCFeFeFeFeFeFeFeFeFeFeFe:sim01127,0.079675302,0.047733992,0,1,1
r3.0:Fe:cn14:CCCFeFeFeFeFeFeFeFeFeFeFe:sim01131,0.079470165,0.04768429,0,1,1
r3.0:Fe:cn14:CCCFeFeFeFeFeFeFeFeFeFeFe:sim01135,0.079958819,0.047768544,0,1,1
r3.0:Fe:cn14:CCCFeFeFeFeFeFeFeFeFeFeFe:sim01139,0.075202681,0.046720844,0,1,1
r3.0:Fe:cn14:CCCFeFeFeFeFeFeFeFeFeFeFe:sim01143,0.072799705,0.05862445,0,1,1
r3.0:Fe:cn14:CCCFeFeFeFeFeFeFeFeFeFeFe:sim01147,0.084916443,0.045676932,0,1,1
r3.0:Fe:cn14:CCCFeFeFeFeFeFeFeFeFeFeFe:sim01151,0.072051875,0.038750879,0,1,1
r3.0:Fe:cn14:CCCFeFeFeFeFeFeFeFeFeFeFe:sim01155,0.090037137,0.060610984,0,1,1
r3.0:Fe:cn14:CCCFeFeFeFeFeFeFeFeFeFeFe:sim01159,0.079661429,0.047233071,0,1,1
r3.0:Fe:cn14:CCCFeFeFeFeFeFeFeFeFeFeFe:sim01163,0.084152296,0.042894278,0,1,1
r3.0:Fe:cn14:CCCFeFeFeFeFeFeFeFeFeFeFe:sim01167,0.08649195,0.053959083,0,1,1
r3.0:Fe:cn14:CCCFeFeFeFeFeFeFeFeFeFeFe:sim01171,0.062004123,0.053219255,0,1,1
r3.0:Fe:cn14:CCCFeFeFeFeFeFeFeFeFeFeFe:sim01175,0.059162546,0.049718551,0,1,1
r3.0:Fe:cn14:CCCFeFeFeFeFeFeFeFeFeFeFe:sim01179,0.062713347,0.054251786,0,1,1
r3.0:Fe:cn14:CCCFeFeFeFeFeFeFeFeFeFeFe:sim01183,0.079647668,0.047491953,0,1,1
r3.0:Fe:cn14:CCCFeFeFeFeFeFeFeFeFeFeFe:sim01187,0.07982529,0.047786564,0,1,1
r3.0:Fe:cn14:CCCFeFeFeFeFeFeFeFeFeFeFe:sim01191,0.081885919,0.055571217,0,1,1
r3.0:Fe:cn14:CCCFeFeFeFeFeFeFeFeFeFeFe:sim01195,0.080653675,0.053047892,0,1,1
r3.0:Fe:cn14:CCCFeFeFeFeFeFeFeFeFeFeFe:sim01199,0.080466613,0.053711887,0,1,1
r3.0:Fe:cn14:CCCFeFeFeFeFeFeFeFeFeFeFe:sim01203,0.05933775,0.048901942,0,1,1
r3.0:Fe:cn14:CCCFeFeFeFeFeFeFeFeFeFeFe:sim01207,0.072235845,0.039042238,0,1,1
r3.0:Fe:cn14:CCCFeFeFeFeFeFeFeFeFeFeFe:sim01211,0.06701497,0.036600798,0,1,1
r3.0:Fe:cn14:CCCFeFeFeFeFeFeFeFeFeFeFe:sim01215,0.064449556,0.036029898,0,1,1
r3.0:Fe:cn14:CCCFeFeFeFeFeFeFeFeFeFeFe:sim01219,0.067600563,0.042482503,0,1,1
r3.0:Fe:cn14:CCCFeFeFeFeFeFeFeFeFeFeFe:sim01223,0.052991472,0.042289726,0,1,1
r3.0:Fe:cn14:CCCFeFeFeFeFeFeFeFeFeFeFe:sim01227,0.071859322,0.038337804,0,1,1
r3.0:Fe:cn14:CCCFeFeFeFeFeFeFeFeFeFeFe:sim01231,0.07192947,0.03920988,0,1,1
r3.0:Fe:cn14:CCCFeFeFeFeFeFeFeFeFeFeFe:sim01235,0.071067668,0.038757138,0,1,1
r3.0:Fe:cn14:CCCFeFeFeFeFeFeFeFeFeFeFe:sim01239,0.071993738,0.038216628,0,1,1
r3.0:Fe:cn14:CCCFeFeFeFeFeFeFeFeFeFeFe:sim01243,0.070283294,0.037096892,0,1,1
r3.0:Fe:cn14:CCCFeFeFeFeFeFeFeFeFeFeFe:sim01247,0.081058562,0.046556819,0,1,1
r3.0:Fe:cn14:CCCFeFeFeFeFeFeFeFeFeFeFe:sim01251,0.06863638,0.038114641,0,1,1
r3.0:Fe:cn14:CCCFeFeFeFeFeFeFeFeFeFeFe:sim01255,0.07047154,0.040527392,0,1,1
r3.0:Fe:cn14:CCCFeFeFeFeFeFeFeFeFeFeFe:sim01259,0.071928471,0.039458163,0,1,1
r3.0:Fe:cn14:CCCFeFeFeFeFeFeFeFeFeFeFe:sim01263,0.0718266,0.039088521,0,1,1
r3.0:Fe:cn14:CCCFeFeFeFeFeFeFeFeFeFeFe:sim01267,0.079670191,0.047541063,0,1,1
r3.0:Fe:cn14:CCCFeFeFeFeFeFeFeFeFeFeFe:sim01271,0.074672766,0.037158225,0,1,1
r3.0:Fe:cn14:CCCFeFeFeFeFeFeFeFeFeFeFe:sim01275,0.063949078,0.031038649,0,1,1
r3.0:Fe:cn14:CCCFeFeFeFeFeFeFeFeFeFeFe:sim01279,0.071721524,0.039322149,0,1,1
r3.0:Fe:cn14:CCCFeFeFeFeFeFeFeFeFeFeFe:sim01283,0.071157686,0.035389632,0,1,1
r3.0:Fe:cn14:CCCFeFeFeFeFeFeFeFeFeFeFe:sim01287,0.071818396,0.039750855,0,1,1
r3.0:Fe:cn14:CCCFeFeFeFeFeFeFeFeFeFeFe:sim01291,0.07471706,0.040319297,0,1,1
r3.0:Fe:cn14:CCCFeFeFeFeFeFeFeFeFeFeFe:sim01295,0.068420403,0.037766427,0,1,1
r3.0:Fe:cn14:CCCFeFeFeFeFeFeFeFeFeFeFe:sim01299,0.06744922,0.038484126,0,1,1
r3.0:Fe:cn14:CCCFeFeFeFeFeFeFeFeFeFeFe:sim01303,0.0809668,0.052385088,0,1,1
r3.0:Fe:cn14:CCCFeFeFeFeFeFeFeFeFeFeFe:sim01307,0.063313507,0.03123704,0,1,1
r3.0:Fe:cn14:CCCFeFeFeFeFeFeFeFeFeFeFe:sim01311,0.068960711,0.034364134,0,1,1
r3.0:Fe:cn14:CCCFeFeFeFeFeFeFeFeFeFeFe:sim01315,0.068918273,0.038348094,0,1,1
r3.0:Fe:cn14:CCCFeFeFeFeFeFeFeFeFeFeFe:sim01319,0.072189413,0.039870717,0,1,1
r3.0:Fe:cn14:CCCFeFeFeFeFeFeFeFeFeFeFe:sim01323,0.071166947,0.039228424,0,1,1
r3.0:Fe:cn14:CCCFeFeFeFeFeFeFeFeFeFeFe:sim01327,0.070977695,0.039211996,0,1,1
r3.0:Fe:cn14:CCFeFeFeFeFeFeFeFeFeFeFeFe:sim00001,0.11396968,0.03464821,0,1,1
r3.0:Fe:cn14:CCFeFeFeFeFeFeFeFeFeFeFeFe:sim00005,0.11552618,0.040042203,0,1,1
r3.0:Fe:cn14:CCFeFeFeFeFeFeFeFeFeFeFeFe:sim00009,0.1250312,0.029843872,0,1,1
r3.0:Fe:cn14:CCFeFeFeFeFeFeFeFeFeFeFeFe:sim00013,0.11908669,0.050359719,0,1,1
r3.0:Fe:cn14:CCFeFeFeFeFeFeFeFeFeFeFeFe:sim00017,0.09977112,0.050381396,0,1,1
r3.0:Fe:cn14:CCFeFeFeFeFeFeFeFeFeFeFeFe:sim00021,0.099877752,0.053509373,0,1,1
r3.0:Fe:cn14:CCFeFeFeFeFeFeFeFeFeFeFeFe:sim00025,0.098157085,0.052946173,0,1,1
r3.0:Fe:cn14:CCFeFeFeFeFeFeFeFeFeFeFeFe:sim00029,0.098735213,0.053194478,0,1,1
r3.0:Fe:cn14:CCFeFeFeFeFeFeFeFeFeFeFeFe:sim00033,0.098565958,0.055298433,0,1,1
r3.0:Fe:cn14:CCFeFeFeFeFeFeFeFeFeFeFeFe:sim00037,0.098625831,0.054601766,0,1,1
r3.0:Fe:cn14:CCFeFeFeFeFeFeFeFeFeFeFeFe:sim00041,0.098495387,0.054557703,0,1,1
r3.0:Fe:cn14:CCFeFeFeFeFeFeFeFeFeFeFeFe:sim00045,0.12626086,0.042600069,0,1,1
r3.0:Fe:cn14:CCFeFeFeFeFeFeFeFeFeFeFeFe:sim00049,0.098586775,0.054470025,0,1,1
r3.0:Fe:cn14:CCFeFeFeFeFeFeFeFeFeFeFeFe:sim00053,0.10103893,0.055888228,0,1,1
r3.0:Fe:cn14:CCFeFeFeFeFeFeFeFeFeFeFeFe:sim00057,0.10116711,0.055933177,0,1,1
r3.0:Fe:cn14:CCFeFeFeFeFeFeFeFeFeFeFeFe:sim00061,0.071209654,0.062335987,0,1,1
r3.0:Fe:cn14:CCFeFeFeFeFeFeFeFeFeFeFeFe:sim00065,0.094221018,0.058481693,0,1,1
r3.0:Fe:cn14:CCFeFeFeFeFeFeFeFeFeFeFeFe:sim00069,0.099279955,0.054932684,0,1,1
r3.0:Fe:cn14:CCFeFeFeFeFeFeFeFeFeFeFeFe:sim00073,0.095090792,0.0522324,0,1,1
r3.0:Fe:cn14:CCFeFeFeFeFeFeFeFeFeFeFeFe:sim00077,0.079868846,0.054882128,0,1,1
r3.0:Fe:cn14:CCFeFeFeFeFeFeFeFeFeFeFeFe:sim00081,0.12092043,0.055751875,0,1,1
r3.0:Fe:cn14:CCFeFeFeFeFeFeFeFeFeFeFeFe:sim00085,0.12276994,0.048717536,0,1,1
r3.0:Fe:cn14:CCFeFeFeFeFeFeFeFeFeFeFeFe:sim00089,0.11730906,0.051137988,0,1,1
r3.0:Fe:cn14:CCFeFeFeFeFeFeFeFeFeFeFeFe:sim00093,0.11263398,0.047150038,0,1,1
r3.0:Fe:cn14:CCFeFeFeFeFeFeFeFeFeFeFeFe:sim00097,0.10390031,0.056517787,0,1,1
r3.0:Fe:cn14:CCFeFeFeFeFeFeFeFeFeFeFeFe:sim00101,0.090220422,0.050120462,0,1,1
r3.0:Fe:cn14:CCFeFeFeFeFeFeFeFeFeFeFeFe:sim00105,0.089507416,0.050222017,0,1,1
r3.0:Fe:cn14:CCFeFeFeFeFeFeFeFeFeFeFeFe:sim00109,0.090303592,0.050473247,0,1,1
r3.0:Fe:cn14:CCFeFeFeFeFeFeFeFeFeFeFeFe:sim00113,0.094174437,0.073953547,0,1,1
r3.0:Fe:cn14:CCFeFeFeFeFeFeFeFeFeFeFeFe:sim00117,0.078560784,0.080032989,0,1,1
r3.0:Fe:cn14:CCFeFeFeFeFeFeFeFeFeFeFeFe:sim00121,0.083946824,0.06501393,0,1,1
r3.0:Fe:cn14:CCFeFeFeFeFeFeFeFeFeFeFeFe:sim00125,0.087741636,0.067199998,0,1,1
r3.0:Fe:cn14:CCFeFeFeFeFeFeFeFeFeFeFeFe:sim00129,0.086710609,0.066325098,0,1,1
r3.0:Fe:cn14:CCFeFeFeFeFeFeFeFeFeFeFeFe:sim00133,0.086422153,0.065866262,0,1,1
r3.0:Fe:cn14:CCFeFeFeFeFeFeFeFeFeFeFeFe:sim00137,0.063129783,0.065156095,0,1,1
r3.0:Fe:cn14:CCFeFeFeFeFeFeFeFeFeFeFeFe:sim00141,0.05824944,0.041778788,0,1,1
r3.0:Fe:cn14:CCFeFeFeFeFeFeFeFeFeFeFeFe:sim00145,0.076395594,0.037961058,0,1,1
r3.0:Fe:cn14:CCFeFeFeFeFeFeFeFeFeFeFeFe:sim00149,0.070502654,0.03449123,0,1,1
r3.0:Fe:cn14:CCFeFeFeFeFeFeFeFeFeFeFeFe:sim00153,0.11148833,0.060407288,0,1,1
r3.0:Fe:cn14:CCFeFeFeFeFeFeFeFeFeFeFeFe:sim00157,0.088367268,0.068051666,0,1,1
r3.0:Fe:cn14:CCFeFeFeFeFeFeFeFeFeFeFeFe:sim00161,0.099433191,0.080808342,0,1,1
r3.0:Fe:cn14:CCFeFeFeFeFeFeFeFeFeFeFeFe:sim00165,0.08096306,0.077092014,0,1,1
r3.0:Fe:cn14:CCFeFeFeFeFeFeFeFeFeFeFeFe:sim00169,0.088460974,0.066337697,0,1,1
r3.0:Fe:cn14:CCFeFeFeFeFeFeFeFeFeFeFeFe:sim00173,0.081749603,0.060325149,0,1,1
r3.0:Fe:cn14:CCFeFeFeFeFeFeFeFeFeFeFeFe:sim00177,0.0853751,0.06561055,0,1,1
r3.0:Fe:cn14:CCFeFeFeFeFeFeFeFeFeFeFeFe:sim00181,0.079469495,0.058599178,0,1,1
r3.0:Fe:cn14:CCFeFeFeFeFeFeFeFeFeFeFeFe:sim00185,0.10944892,0.066908665,0,1,1
r3.0:Fe:cn14:CCFeFeFeFeFeFeFeFeFeFeFeFe:sim00189,0.079750694,0.058682267,0,1,1
r3.0:Fe:cn14:CCFeFeFeFeFeFeFeFeFeFeFeFe:sim00193,0.090844162,0.074053064,0,1,1
r3.0:Fe:cn14:CCFeFeFeFeFeFeFeFeFeFeFeFe:sim00197,0.083356559,0.071089312,0,1,1
r3.0:Fe:cn14:CCFeFeFeFeFeFeFeFeFeFeFeFe:sim00201,0.084574483,0.0682979,0,1,1
r3.0:Fe:cn14:CCFeFeFeFeFeFeFeFeFeFeFeFe:sim00205,0.096317284,0.05970249,0,1,1
r3.0:Fe:cn14:CCFeFeFeFeFeFeFeFeFeFeFeFe:sim00209,0.087489575,0.069089331,0,1,1
r3.0:Fe:cn14:CCFeFeFeFeFeFeFeFeFeFeFeFe:sim00213,0.085268378,0.068204388,0,1,1
r3.0:Fe:cn14:CCFeFeFeFeFeFeFeFeFeFeFeFe:sim00217,0.083019465,0.064370856,0,1,1
r3.0:Fe:cn14:CCFeFeFeFeFeFeFeFeFeFeFeFe:sim00221,0.080579117,0.061446365,0,1,1
r3.0:Fe:cn14:CCFeFeFeFeFeFeFeFeFeFeFeFe:sim00225,0.084735781,0.068321496,0,1,1
r3.0:Fe:cn14:CCFeFeFeFeFeFeFeFeFeFeFeFe:sim00229,0.084803924,0.069231324,0,1,1
r3.0:Fe:cn14:CCFeFeFeFeFeFeFeFeFeFeFeFe:sim00233,0.08676891,0.051031619,0,1,1
r3.0:Fe:cn14:CCFeFeFeFeFeFeFeFeFeFeFeFe:sim00237,0.075937927,0.059058487,0,1,1
r3.0:Fe:cn14:CCFeFeFeFeFeFeFeFeFeFeFeFe:sim00241,0.087428838,0.047796868,0,1,1
r3.0:Fe:cn14:CCFeFeFeFeFeFeFeFeFeFeFeFe:sim00245,0.084278256,0.046177331,0,1,1
r3.0:Fe:cn14:CCFeFeFeFeFeFeFeFeFeFeFeFe:sim00249,0.087932974,0.048304252,0,1,1
r3.0:Fe:cn14:CCFeFeFeFeFeFeFeFeFeFeFeFe:sim00253,0.081941254,0.065645516,0,1,1
r3.0:Fe:cn14:CCFeFeFeFeFeFeFeFeFeFeFeFe:sim00257,0.089598186,0.065926068,0,1,1
r3.0:Fe:cn14:CCFeFeFeFeFeFeFeFeFeFeFeFe:sim00261,0.081925668,0.06759581,0,1,1
r3.0:Fe:cn14:CCFeFeFeFeFeFeFeFeFeFeFeFe:sim00265,0.096179865,0.052386612,0,1,1
r3.0:Fe:cn14:CCFeFeFeFeFeFeFeFeFeFeFeFe:sim00269,0.081868008,0.067567565,0,1,1
r3.0:Fe:cn14:CCFeFeFeFeFeFeFeFeFeFeFeFe:sim00273,0.094919354,0.060825747,0,1,1
r3.0:Fe:cn14:CCFeFeFeFeFeFeFeFeFeFeFeFe:sim00277,0.078646652,0.064915486,0,1,1
r3.0:Fe:cn14:CCFeFeFeFeFeFeFeFeFeFeFeFe:sim00281,0.08062461,0.067609593,0,1,1
r3.0:Fe:cn14:CCFeFeFeFeFeFeFeFeFeFeFeFe:sim00285,0.0857118,0.048510719,0,1,1
r3.0:Fe:cn14:CCFeFeFeFeFeFeFeFeFeFeFeFe:sim00289,0.084570125,0.068360917,0,1,1
r3.0:Fe:cn14:CCFeFeFeFeFeFeFeFeFeFeFeFe:sim00293,0.096035287,0.060976189,0,1,1
r3.0:Fe:cn14:CCFeFeFeFeFeFeFeFeFeFeFeFe:sim00297,0.08486151,0.068644375,0,1,1
r3.0:Fe:cn14:CCFeFeFeFeFeFeFeFeFeFeFeFe:sim00301,0.080698028,0.085396573,0,1,1
r3.0:Fe:cn14:CCFeFeFeFeFeFeFeFeFeFeFeFe:sim00305,0.087559365,0.093071632,0,1,1
r3.0:Fe:cn14:CCFeFeFeFeFeFeFeFeFeFeFeFe:sim00309,0.080583543,0.085457467,0,1,1
r3.0:Fe:cn14:CCFeFeFeFeFeFeFeFeFeFeFeFe:sim00313,0.094007842,0.073330164,0,1,1
r3.0:Fe:cn14:CCFeFeFeFeFeFeFeFeFeFeFeFe:sim00317,0.06768629,0.082101129,0,1,1
r3.0:Fe:cn14:CCFeFeFeFeFeFeFeFeFeFeFeFe:sim00321,0.087341972,0.070943855,0,1,1
r3.0:Fe:cn14:CCFeFeFeFeFeFeFeFeFeFeFeFe:sim00325,0.08393041,0.069068231,0,1,1
r3.0:Fe:cn14:CCFeFeFeFeFeFeFeFeFeFeFeFe:sim00329,0.084238939,0.069277264,0,1,1
r3.0:Fe:cn14:CCFeFeFeFeFeFeFeFeFeFeFeFe:sim00333,0.095868967,0.060818788,0,1,1
r3.0:Fe:cn14:CCFeFeFeFeFeFeFeFeFeFeFeFe:sim00337,0.085343204,0.07540381,0,1,1
r3.0:Fe:cn14:CCFeFeFeFeFeFeFeFeFeFeFeFe:sim00341,0.087927759,0.054127332,0,1,1
r3.0:Fe:cn14:CCFeFeFeFeFeFeFeFeFeFeFeFe:sim00345,0.084208108,0.069761865,0,1,1
r3.0:Fe:cn14:CCFeFeFeFeFeFeFeFeFeFeFeFe:sim00349,0.085695051,0.071704023,0,1,1
r3.0:Fe:cn14:CCFeFeFeFeFeFeFeFeFeFeFeFe:sim00353,0.075350136,0.075528197,0,1,1
r3.0:Fe:cn14:CCFeFeFeFeFeFeFeFeFeFeFeFe:sim00357,0.084296919,0.06975989,0,1,1
r3.0:Fe:cn14:CCFeFeFeFeFeFeFeFeFeFeFeFe:sim00361,0.062683314,0.068749681,0,1,1
r3.0:Fe:cn14:CCFeFeFeFeFeFeFeFeFeFeFeFe:sim00365,0.079916105,0.067778215,0,1,1
r3.0:Fe:cn14:CCFeFeFeFeFeFeFeFeFeFeFeFe:sim00369,0.081730269,0.064033613,0,1,1
r3.0:Fe:cn14:CCFeFeFeFeFeFeFeFeFeFeFeFe:sim00373,0.084773667,0.070716873,0,1,1
r3.0:Fe:cn14:CCFeFeFeFeFeFeFeFeFeFeFeFe:sim00377,0.077409782,0.062404815,0,1,1
r3.0:Fe:cn14:CCFeFeFeFeFeFeFeFeFeFeFeFe:sim00381,0.095217571,0.078093253,0,1,1
r3.0:Fe:cn14:CCFeFeFeFeFeFeFeFeFeFeFeFe:sim00385,0.073696598,0.041592445,0,1,1
r3.0:Fe:cn14:CCFeFeFeFeFeFeFeFeFeFeFeFe:sim00389,0.071550265,0.061260298,0,1,1
r3.0:Fe:cn14:CCFeFeFeFeFeFeFeFeFeFeFeFe:sim00393,0.084540181,0.0699315,0,1,1
r3.0:Fe:cn14:CCFeFeFeFeFeFeFeFeFeFeFeFe:sim00397,0.084567718,0.069829278,0,1,1
r3.0:Fe:cn14:CCFeFeFeFeFeFeFeFeFeFeFeFe:sim00401,0.084588908,0.070452824,0,1,1
r3.0:Fe:cn14:CCFeFeFeFeFeFeFeFeFeFeFeFe:sim00405,0.084119186,0.069969371,0,1,1
r3.0:Fe:cn14:CCFeFeFeFeFeFeFeFeFeFeFeFe:sim00409,0.083948284,0.069730416,0,1,1
r3.0:Fe:cn14:CCFeFeFeFeFeFeFeFeFeFeFeFe:sim00413,0.087132379,0.071547322,0,1,1
r3.0:Fe:cn14:CCFeFeFeFeFeFeFeFeFeFeFeFe:sim00417,0.084691077,0.069738671,0,1,1
r3.0:Fe:cn14:CCFeFeFeFeFeFeFeFeFeFeFeFe:sim00421,0.079685055,0.066708229,0,1,1
r3.0:Fe:cn14:CCFeFeFeFeFeFeFeFeFeFeFeFe:sim00425,0.08412426,0.068386041,0,1,1
r3.0:Fe:cn14:CCFeFeFeFeFeFeFeFeFeFeFeFe:sim00429,0.0826656,0.067672074,0,1,1
r3.0:Fe:cn14:CCFeFeFeFeFeFeFeFeFeFeFeFe:sim00433,0.076082788,0.066275612,0,1,1
r3.0:Fe:cn14:CCFeFeFeFeFeFeFeFeFeFeFeFe:sim00438,0.084093317,0.069584265,0,1,1
r3.0:Fe:cn14:CCFeFeFeFeFeFeFeFeFeFeFeFe:sim00442,0.08738111,0.070803903,0,1,1
r3.0:Fe:cn14:CCFeFeFeFeFeFeFeFeFeFeFeFe:sim00446,0.081626937,0.068915389,0,1,1
r3.0:Fe:cn14:CCFeFeFeFeFeFeFeFeFeFeFeFe:sim00450,0.094001591,0.060436789,0,1,1
r3.0:Fe:cn14:CCFeFeFeFeFeFeFeFeFeFeFeFe:sim00454,0.089560196,0.077407405,0,1,1
r3.0:Fe:cn14:CCFeFeFeFeFeFeFeFeFeFeFeFe:sim00458,0.094705313,0.06217226,0,1,1
r3.0:Fe:cn14:CCFeFeFeFeFeFeFeFeFeFeFeFe:sim00462,0.088175006,0.054474551,0,1,1
r3.0:Fe:cn14:CCFeFeFeFeFeFeFeFeFeFeFeFe:sim00466,0.088332519,0.05442518,0,1,1
r3.0:Fe:cn14:CCFeFeFeFeFeFeFeFeFeFeFeFe:sim00470,0.08453346,0.069615319,0,1,1
r3.0:Fe:cn14:CCFeFeFeFeFeFeFeFeFeFeFeFe:sim00474,0.095005177,0.079442307,0,1,1
r3.0:Fe:cn14:CCFeFeFeFeFeFeFeFeFeFeFeFe:sim00478,0.084298812,0.069694713,0,1,1
r3.0:Fe:cn14:CCFeFeFeFeFeFeFeFeFeFeFeFe:sim00482,0.061649241,0.06885536,0,1,1
r3.0:Fe:cn14:CCFeFeFeFeFeFeFeFeFeFeFeFe:sim00486,0.05148004,0.07660564,0,1,1
r3.0:Fe:cn14:CCFeFeFeFeFeFeFeFeFeFeFeFe:sim00490,0.08525975,0.075582005,0,1,1
r3.0:Fe:cn14:CCFeFeFeFeFeFeFeFeFeFeFeFe:sim00494,0.084507294,0.070102476,0,1,1
r3.0:Fe:cn14:CCFeFeFeFeFeFeFeFeFeFeFeFe:sim00498,0.082069576,0.068234108,0,1,1
r3.0:Fe:cn14:CCFeFeFeFeFeFeFeFeFeFeFeFe:sim00502,0.077467702,0.07952261,0,1,1
r3.0:Fe:cn14:CCFeFeFeFeFeFeFeFeFeFeFeFe:sim00506,0.086813249,0.070962638,0,1,1
r3.0:Fe:cn14:CCFeFeFeFeFeFeFeFeFeFeFeFe:sim00510,0.074044853,0.079659447,0,1,1
r3.0:Fe:cn14:CCFeFeFeFeFeFeFeFeFeFeFeFe:sim00514,0.075546749,0.080437228,0,1,1
r3.0:Fe:cn14:CCFeFeFeFeFeFeFeFeFeFeFeFe:sim00518,0.087303303,0.071654297,0,1,1
r3.0:Fe:cn14:CCFeFeFeFeFeFeFeFeFeFeFeFe:sim00522,0.082938835,0.068698354,0,1,1
r3.0:Fe:cn14:CCFeFeFeFeFeFeFeFeFeFeFeFe:sim00526,0.084656946,0.068348855,0,1,1
r3.0:Fe:cn14:CCFeFeFeFeFeFeFeFeFeFeFeFe:sim00530,0.086723551,0.071138367,0,1,1
r3.0:Fe:cn14:CCFeFeFeFeFeFeFeFeFeFeFeFe:sim00534,0.094146982,0.07888028,0,1,1
r3.0:Fe:cn14:CCFeFeFeFeFeFeFeFeFeFeFeFe:sim00538,0.082779102,0.068682171,0,1,1
r3.0:Fe:cn14:CCFeFeFeFeFeFeFeFeFeFeFeFe:sim00542,0.11661761,0.062465366,0,1,1
r3.0:Fe:cn14:CCFeFeFeFeFeFeFeFeFeFeFeFe:sim00546,0.095116787,0.058089197,0,1,1
r3.0:Fe:cn14:CCFeFeFeFeFeFeFeFeFeFeFeFe:sim00550,0.087057345,0.07578823,0,1,1
r3.0:Fe:cn14:CCFeFeFeFeFeFeFeFeFeFeFeFe:sim00554,0.087043636,0.07149142,0,1,1
r3.0:Fe:cn14:CCFeFeFeFeFeFeFeFeFeFeFeFe:sim00558,0.085845828,0.075147495,0,1,1
r3.0:Fe:cn14:CCFeFeFeFeFeFeFeFeFeFeFeFe:sim00562,0.090478547,0.056201342,0,1,1
r3.0:Fe:cn14:CCFeFeFeFeFeFeFeFeFeFeFeFe:sim00566,0.086328298,0.071847513,0,1,1
r3.0:Fe:cn14:CCFeFeFeFeFeFeFeFeFeFeFeFe:sim00570,0.085456304,0.070377983,0,1,1
r3.0:Fe:cn14:CCFeFeFeFeFeFeFeFeFeFeFeFe:sim00574,0.092199825,0.098937668,0,1,1
r3.0:Fe:cn14:CCFeFeFeFeFeFeFeFeFeFeFeFe:sim00578,0.069481708,0.074904524,0,1,1
r3.0:Fe:cn14:CCFeFeFeFeFeFeFeFeFeFeFeFe:sim00582,0.0859503,0.065227978,0,1,1
r3.0:Fe:cn14:CCFeFeFeFeFeFeFeFeFeFeFeFe:sim00586,0.086591996,0.070809692,0,1,1
r3.0:Fe:cn14:CCFeFeFeFeFeFeFeFeFeFeFeFe:sim00590,0.077663198,0.058728285,0,1,1
r3.0:Fe:cn14:CCFeFeFeFeFeFeFeFeFeFeFeFe:sim00594,0.086903922,0.070978366,0,1,1
r3.0:Fe:cn14:CCFeFeFeFeFeFeFeFeFeFeFeFe:sim00598,0.08632981,0.065476187,0,1,1
r3.0:Fe:cn14:CCFeFeFeFeFeFeFeFeFeFeFeFe:sim00602,0.088140719,0.071137443,0,1,1
r3.0:Fe:cn14:CCFeFeFeFeFeFeFeFeFeFeFeFe:sim00606,0.084946595,0.069978505,0,1,1
r3.0:Fe:cn14:CCFeFeFeFeFeFeFeFeFeFeFeFe:sim00610,0.087808028,0.049589273,0,1,1
r3.0:Fe:cn14:CCFeFeFeFeFeFeFeFeFeFeFeFe:sim00614,0.081749812,0.065017454,0,1,1
r3.0:Fe:cn14:CCFeFeFeFeFeFeFeFeFeFeFeFe:sim00618,0.077106014,0.062415138,0,1,1
r3.0:Fe:cn14:CCFeFeFeFeFeFeFeFeFeFeFeFe:sim00622,0.085058756,0.06912715,0,1,1
r3.0:Fe:cn14:CCFeFeFeFeFeFeFeFeFeFeFeFe:sim00626,0.084599048,0.068820924,0,1,1
r3.0:Fe:cn14:CCFeFeFeFeFeFeFeFeFeFeFeFe:sim00630,0.086204946,0.070668206,0,1,1
r3.0:Fe:cn14:CCFeFeFeFeFeFeFeFeFeFeFeFe:sim00634,0.085853487,0.072012529,0,1,1
r3.0:Fe:cn14:CCFeFeFeFeFeFeFeFeFeFeFeFe:sim00638,0.085344218,0.070482075,0,1,1
r3.0:Fe:cn14:CCFeFeFeFeFeFeFeFeFeFeFeFe:sim00642,0.084723704,0.069799431,0,1,1
r3.0:Fe:cn14:CCFeFeFeFeFeFeFeFeFeFeFeFe:sim00646,0.082376443,0.070230715,0,1,1
r3.0:Fe:cn14:CCFeFeFeFeFeFeFeFeFeFeFeFe:sim00650,0.080616333,0.073224023,0,1,1
r3.0:Fe:cn14:CCFeFeFeFeFeFeFeFeFeFeFeFe:sim00654,0.090424813,0.082575485,0,1,1
r3.0:Fe:cn14:CCFeFeFeFeFeFeFeFeFeFeFeFe:sim00658,0.081489518,0.078977555,0,1,1
r3.0:Fe:cn14:CCFeFeFeFeFeFeFeFeFeFeFeFe:sim00662,0.090215564,0.07310608,0,1,1
r3.0:Fe:cn14:CCFeFeFeFeFeFeFeFeFeFeFeFe:sim00667,0.074083678,0.080557346,0,1,1
r3.0:Fe:cn14:CCFeFeFeFeFeFeFeFeFeFeFeFe:sim00671,0.084755458,0.070185639,0,1,1
r3.0:Fe:cn14:CCFeFeFeFeFeFeFeFeFeFeFeFe:sim00675,0.080084085,0.067243867,0,1,1
r3.0:Fe:cn14:CCFeFeFeFeFeFeFeFeFeFeFeFe:sim00679,0.088964768,0.070893668,0,1,1
r3.0:Fe:cn14:CCFeFeFeFeFeFeFeFeFeFeFeFe:sim00683,0.085167788,0.070222378,0,1,1
r3.0:Fe:cn14:CCFeFeFeFeFeFeFeFeFeFeFeFe:sim00687,0.085388824,0.070312791,0,1,1
r3.0:Fe:cn14:CCFeFeFeFeFeFeFeFeFeFeFeFe:sim00691,0.094281591,0.082517877,0,1,1
r3.0:Fe:cn14:CCFeFeFeFeFeFeFeFeFeFeFeFe:sim00695,0.088519327,0.072286554,0,1,1
r3.0:Fe:cn14:CCFeFeFeFeFeFeFeFeFeFeFeFe:sim00699,0.08808364,0.072893605,0,1,1
r3.0:Fe:cn14:CCFeFeFeFeFeFeFeFeFeFeFeFe:sim00703,0.077971622,0.071528837,0,1,1
r3.0:Fe:cn14:CCFeFeFeFeFeFeFeFeFeFeFeFe:sim00707,0.07994917,0.073180221,0,1,1
r3.0:Fe:cn14:CCFeFeFeFeFeFeFeFeFeFeFeFe:sim00711,0.085575603,0.075393647,0,1,1
r3.0:Fe:cn14:CCFeFeFeFeFeFeFeFeFeFeFeFe:sim00715,0.084597915,0.07007467,0,1,1
r3.0:Fe:cn14:CCFeFeFeFeFeFeFeFeFeFeFeFe:sim00719,0.084676541,0.070106283,0,1,1
r3.0:Fe:cn14:CCFeFeFeFeFeFeFeFeFeFeFeFe:sim00723,0.087102666,0.049091801,0,1,1
r3.0:Fe:cn14:CCFeFeFeFeFeFeFeFeFeFeFeFe:sim00727,0.080146872,0.072972916,0,1,1
r3.0:Fe:cn14:CCFeFeFeFeFeFeFeFeFeFeFeFe:sim00731,0.080962539,0.067370906,0,1,1
r3.0:Fe:cn14:CCFeFeFeFeFeFeFeFeFeFeFeFe:sim00735,0.080898471,0.067648575,0,1,1
r3.0:Fe:cn14:CCFeFeFeFeFeFeFeFeFeFeFeFe:sim00739,0.076944076,0.066774517,0,1,1
r3.0:Fe:cn14:CCFeFeFeFeFeFeFeFeFeFeFeFe:sim00743,0.084276147,0.069806747,0,1,1
r3.0:Fe:cn14:CCFeFeFeFeFeFeFeFeFeFeFeFe:sim00747,0.081054799,0.06762398,0,1,1
r3.0:Fe:cn14:CCFeFeFeFeFeFeFeFeFeFeFeFe:sim00751,0.079320185,0.071447499,0,1,1
r3.0:Fe:cn14:CCFeFeFeFeFeFeFeFeFeFeFeFe:sim00755,0.083899908,0.06845966,0,1,1
r3.0:Fe:cn14:CCFeFeFeFeFeFeFeFeFeFeFeFe:sim00759,0.083017319,0.067951098,0,1,1
r3.0:Fe:cn14:CCFeFeFeFeFeFeFeFeFeFeFeFe:sim00763,0.090453096,0.058795717,0,1,1
r3.0:Fe:cn14:CCFeFeFeFeFeFeFeFeFeFeFeFe:sim00767,0.083772607,0.067949489,0,1,1
r3.0:Fe:cn14:CCFeFeFeFeFeFeFeFeFeFeFeFe:sim00771,0.080509022,0.069040619,0,1,1
r3.0:Fe:cn14:CCFeFeFeFeFeFeFeFeFeFeFeFe:sim00775,0.10566518,0.055104211,0,1,1
r3.0:Fe:cn14:CCFeFeFeFeFeFeFeFeFeFeFeFe:sim00779,0.084677696,0.070017897,0,1,1
r3.0:Fe:cn14:CCFeFeFeFeFeFeFeFeFeFeFeFe:sim00783,0.072840579,0.078902885,0,1,1
r3.0:Fe:cn14:CCFeFeFeFeFeFeFeFeFeFeFeFe:sim00787,0.094758578,0.062142219,0,1,1
r3.0:Fe:cn14:CCFeFeFeFeFeFeFeFeFeFeFeFe:sim00791,0.082893059,0.068346225,0,1,1
r3.0:Fe:cn14:CCFeFeFeFeFeFeFeFeFeFeFeFe:sim00795,0.083698325,0.069398947,0,1,1
r3.0:Fe:cn14:CCFeFeFeFeFeFeFeFeFeFeFeFe:sim00799,0.085268214,0.073805757,0,1,1
r3.0:Fe:cn14:CCFeFeFeFeFeFeFeFeFeFeFeFe:sim00803,0.10444932,0.06630072,0,1,1
r3.0:Fe:cn14:CCFeFeFeFeFeFeFeFeFeFeFeFe:sim00807,0.10725807,0.068810798,0,1,1
r3.0:Fe:cn14:CCFeFeFeFeFeFeFeFeFeFeFeFe:sim00811,0.10640679,0.069640711,0,1,1
r3.0:Fe:cn14:CCFeFeFeFeFeFeFeFeFeFeFeFe:sim00815,0.10496995,0.06894169,0,1,1
r3.0:Fe:cn14:CCFeFeFeFeFeFeFeFeFeFeFeFe:sim00819,0.10516385,0.069113657,0,1,1
r3.0:Fe:cn14:CCFeFeFeFeFeFeFeFeFeFeFeFe:sim00823,0.091238059,0.07505542,0,1,1
r3.0:Fe:cn14:CCFeFeFeFeFeFeFeFeFeFeFeFe:sim00827,0.10176081,0.057568461,0,1,1
r3.0:Fe:cn14:CCFeFeFeFeFeFeFeFeFeFeFeFe:sim00831,0.085040778,0.031104913,0,1,1
r3.0:Fe:cn14:CCFeFeFeFeFeFeFeFeFeFeFeFe:sim00835,0.095991589,0.05883516,0,1,1
r3.0:Fe:cn14:CCFeFeFeFeFeFeFeFeFeFeFeFe:sim00839,0.10756723,0.050003733,0,1,1
r3.0:Fe:cn14:CCFeFeFeFeFeFeFeFeFeFeFeFe:sim00843,0.10300479,0.066551961,0,1,1
r3.0:Fe:cn14:CCFeFeFeFeFeFeFeFeFeFeFeFe:sim00847,0.097928047,0.069754288,0,1,1
r3.0:Fe:cn14:CCFeFeFeFeFeFeFeFeFeFeFeFe:sim00851,0.10732704,0.06359642,0,1,1
r3.0:Fe:cn14:CCFeFeFeFeFeFeFeFeFeFeFeFe:sim00855,0.12143578,0.056988355,0,1,1
r3.0:Fe:cn14:CCFeFeFeFeFeFeFeFeFeFeFeFe:sim00859,0.10873968,0.063975044,0,1,1
r3.0:Fe:cn14:CCFeFeFeFeFeFeFeFeFeFeFeFe:sim00863,0.103169,0.066769578,0,1,1
r3.0:Fe:cn14:CCFeFeFeFeFeFeFeFeFeFeFeFe:sim00867,0.1027642,0.06567008,0,1,1
r3.0:Fe:cn14:CCFeFeFeFeFeFeFeFeFeFeFeFe:sim00871,0.10482743,0.034563653,0,1,1
r3.0:Fe:cn14:CCFeFeFeFeFeFeFeFeFeFeFeFe:sim00875,0.10391595,0.072150044,0,1,1
r3.0:Fe:cn14:CCFeFeFeFeFeFeFeFeFeFeFeFe:sim00879,0.11108235,0.079528213,0,1,1
r3.0:Fe:cn14:CCFeFeFeFeFeFeFeFeFeFeFeFe:sim00883,0.11581894,0.059956066,0,1,1
r3.0:Fe:cn14:CCFeFeFeFeFeFeFeFeFeFeFeFe:sim00887,0.095510699,0.054034498,0,1,1
r3.0:Fe:cn14:CCFeFeFeFeFeFeFeFeFeFeFeFe:sim00891,0.10209017,0.084910266,0,1,1
r3.0:Fe:cn14:CCFeFeFeFeFeFeFeFeFeFeFeFe:sim00895,0.1135053,0.075998217,0,1,1
r3.0:Fe:cn14:CCFeFeFeFeFeFeFeFeFeFeFeFe:sim00899,0.10291172,0.066476002,0,1,1
r3.0:Fe:cn14:CCFeFeFeFeFeFeFeFeFeFeFeFe:sim00903,0.092007957,0.068389349,0,1,1
r3.0:Fe:cn14:CCFeFeFeFeFeFeFeFeFeFeFeFe:sim00907,0.087904893,0.083853155,0,1,1
r3.0:Fe:cn14:CCFeFeFeFeFeFeFeFeFeFeFeFe:sim00911,0.082391016,0.069520421,0,1,1
r3.0:Fe:cn14:CCFeFeFeFeFeFeFeFeFeFeFeFe:sim00915,0.097856946,0.062640704,0,1,1
r3.0:Fe:cn14:CCFeFeFeFeFeFeFeFeFeFeFeFe:sim00919,0.079151623,0.072783284,0,1,1
r3.0:Fe:cn14:CCFeFeFeFeFeFeFeFeFeFeFeFe:sim00923,0.098005556,0.061513335,0,1,1
r3.0:Fe:cn14:CCFeFeFeFeFeFeFeFeFeFeFeFe:sim00927,0.08632765,0.070371948,0,1,1
r3.0:Fe:cn14:CCFeFeFeFeFeFeFeFeFeFeFeFe:sim00931,0.094816118,0.060173169,0,1,1
r3.0:Fe:cn14:CCFeFeFeFeFeFeFeFeFeFeFeFe:sim00935,0.093767449,0.059522524,0,1,1
r3.0:Fe:cn14:CCFeFeFeFeFeFeFeFeFeFeFeFe:sim00939,0.09567523,0.061757628,0,1,1
r3.0:Fe:cn14:CCFeFeFeFeFeFeFeFeFeFeFeFe:sim00943,0.085917607,0.070366353,0,1,1
r3.0:Fe:cn14:CCFeFeFeFeFeFeFeFeFeFeFeFe:sim00947,0.097683981,0.061191376,0,1,1
r3.0:Fe:cn14:CCFeFeFeFeFeFeFeFeFeFeFeFe:sim00951,0.088810846,0.071132667,0,1,1
r3.0:Fe:cn14:CCFeFeFeFeFeFeFeFeFeFeFeFe:sim00955,0.086922966,0.07060384,0,1,1
r3.0:Fe:cn14:CCFeFeFeFeFeFeFeFeFeFeFeFe:sim00959,0.086870909,0.070571288,0,1,1
r3.0:Fe:cn14:CCFeFeFeFeFeFeFeFeFeFeFeFe:sim00963,0.097247079,0.062750459,0,1,1
r3.0:Fe:cn14:CCFeFeFeFeFeFeFeFeFeFeFeFe:sim00967,0.087572746,0.075470306,0,1,1
r3.0:Fe:cn14:CCFeFeFeFeFeFeFeFeFeFeFeFe:sim00971,0.089361109,0.07174778,0,1,1
r3.0:Fe:cn14:CCFeFeFeFeFeFeFeFeFeFeFeFe:sim00975,0.083329417,0.067956038,0,1,1
r3.0:Fe:cn14:CCFeFeFeFeFeFeFeFeFeFeFeFe:sim00979,0.095477261,0.075274855,0,1,1
r3.0:Fe:cn14:CCFeFeFeFeFeFeFeFeFeFeFeFe:sim00983,0.081987672,0.065567724,0,1,1
r3.0:Fe:cn14:CCFeFeFeFeFeFeFeFeFeFeFeFe:sim00987,0.088657647,0.049510334,0,1,1
r3.0:Fe:cn14:CCFeFeFeFeFeFeFeFeFeFeFeFe:sim00991,0.10373156,0.085851051,0,1,1
r3.0:Fe:cn14:CCFeFeFeFeFeFeFeFeFeFeFeFe:sim00995,0.082357414,0.08579468,0,1,1
r3.0:Fe:cn14:CCFeFeFeFeFeFeFeFeFeFeFeFe:sim00999,0.093937136,0.077093348,0,1,1
r3.0:Fe:cn14:CCFeFeFeFeFeFeFeFeFeFeFeFe:sim01003,0.095378086,0.059225369,0,1,1
r3.0:Fe:cn14:CCFeFeFeFeFeFeFeFeFeFeFeFe:sim01007,0.095073655,0.059268657,0,1,1
r3.0:Fe:cn14:CCFeFeFeFeFeFeFeFeFeFeFeFe:sim01011,0.1038147,0.067234285,0,1,1
r3.0:Fe:cn14:CCFeFeFeFeFeFeFeFeFeFeFeFe:sim01015,0.096341103,0.059639938,0,1,1
r3.0:Fe:cn14:CCFeFeFeFeFeFeFeFeFeFeFeFe:sim01019,0.088129096,0.052929338,0,1,1
r3.0:Fe:cn14:CCFeFeFeFeFeFeFeFeFeFeFeFe:sim01023,0.094707638,0.057824224,0,1,1
r3.0:Fe:cn14:CCFeFeFeFeFeFeFeFeFeFeFeFe:sim01027,0.096251458,0.059575796,0,1,1
r3.0:Fe:cn14:CCFeFeFeFeFeFeFeFeFeFeFeFe:sim01031,0.086168706,0.06330429,0,1,1
r3.0:Fe:cn14:CCFeFeFeFeFeFeFeFeFeFeFeFe:sim01035,0.08154548,0.066594429,0,1,1
r3.0:Fe:cn14:CCFeFeFeFeFeFeFeFeFeFeFeFe:sim01039,0.083326064,0.067068085,0,1,1
r3.0:Fe:cn14:CCFeFeFeFeFeFeFeFeFeFeFeFe:sim01043,0.096451402,0.059988927,0,1,1
r3.0:Fe:cn14:CCFeFeFeFeFeFeFeFeFeFeFeFe:sim01047,0.10138639,0.062372975,0,1,1
r3.0:Fe:cn14:CCFeFeFeFeFeFeFeFeFeFeFeFe:sim01051,0.085021436,0.069052912,0,1,1
r3.0:Fe:cn14:CCFeFeFeFeFeFeFeFeFeFeFeFe:sim01055,0.096469417,0.05993231,0,1,1
r3.0:Fe:cn14:CCFeFeFeFeFeFeFeFeFeFeFeFe:sim01059,0.096670941,0.059786484,0,1,1
r3.0:Fe:cn14:CCFeFeFeFeFeFeFeFeFeFeFeFe:sim01063,0.11078222,0.044837829,0,1,1
r3.0:Fe:cn14:CFeFeFeFeFeFeFeFeFeFeFeFeFe:sim00002,0.14580509,0.078257106,0,1,1
r3.0:Fe:cn14:CFeFeFeFeFeFeFeFeFeFeFeFeFe:sim00006,0.13847236,0.051551096,0,1,1
r3.0:Fe:cn14:CFeFeFeFeFeFeFeFeFeFeFeFeFe:sim00010,0.12878887,0.067561746,0,1,1
r3.0:Fe:cn14:CFeFeFeFeFeFeFeFeFeFeFeFeFe:sim00014,0.12705526,0.058003731,0,1,1
r3.0:Fe:cn14:CFeFeFeFeFeFeFeFeFeFeFeFeFe:sim00018,0.12361899,0.080205202,0,1,1
r3.0:Fe:cn14:CFeFeFeFeFeFeFeFeFeFeFeFeFe:sim00022,0.12342741,0.084440619,0,1,1
r3.0:Fe:cn14:CFeFeFeFeFeFeFeFeFeFeFeFeFe:sim00026,0.12094124,0.083311729,0,1,1
r3.0:Fe:cn14:CFeFeFeFeFeFeFeFeFeFeFeFeFe:sim00030,0.11959749,0.10005795,0,1,1
r3.0:Fe:cn14:CFeFeFeFeFeFeFeFeFeFeFeFeFe:sim00034,0.12374741,0.086876594,0,1,1
r3.0:Fe:cn14:CFeFeFeFeFeFeFeFeFeFeFeFeFe:sim00038,0.12547687,0.066247672,0,1,1
r3.0:Fe:cn14:CFeFeFeFeFeFeFeFeFeFeFeFeFe:sim00042,0.12190963,0.083382256,0,1,1
r3.0:Fe:cn14:CFeFeFeFeFeFeFeFeFeFeFeFeFe:sim00046,0.1273502,0.074152641,0,1,1
r3.0:Fe:cn14:CFeFeFeFeFeFeFeFeFeFeFeFeFe:sim00050,0.1251979,0.086517006,0,1,1
r3.0:Fe:cn14:CFeFeFeFeFeFeFeFeFeFeFeFeFe:sim00054,0.13495885,0.079349235,0,1,1
r3.0:Fe:cn14:CFeFeFeFeFeFeFeFeFeFeFeFeFe:sim00059,0.11883542,0.079766981,0,1,1
r3.0:Fe:cn14:CFeFeFeFeFeFeFeFeFeFeFeFeFe:sim00063,0.12401332,0.085989892,0,1,1
r3.0:Fe:cn14:CFeFeFeFeFeFeFeFeFeFeFeFeFe:sim00067,0.13006538,0.083567284,0,1,1
r3.0:Fe:cn14:CFeFeFeFeFeFeFeFeFeFeFeFeFe:sim00071,0.12347399,0.085639022,0,1,1
r3.0:Fe:cn14:CFeFeFeFeFeFeFeFeFeFeFeFeFe:sim00075,0.12258369,0.083779819,0,1,1
r3.0:Fe:cn14:CFeFeFeFeFeFeFeFeFeFeFeFeFe:sim00079,0.12207979,0.085309625,0,1,1
r3.0:Fe:cn14:CFeFeFeFeFeFeFeFeFeFeFeFeFe:sim00083,0.13455535,0.075771667,0,1,1
r3.0:Fe:cn14:CFeFeFeFeFeFeFeFeFeFeFeFeFe:sim00087,0.15189309,0.079456814,0,1,1
r3.0:Fe:cn14:CFeFeFeFeFeFeFeFeFeFeFeFeFe:sim00091,0.12097469,0.08490143,0,1,1
r3.0:Fe:cn14:CFeFeFeFeFeFeFeFeFeFeFeFeFe:sim00095,0.12387133,0.085345,0,1,1
r3.0:Fe:cn14:CFeFeFeFeFeFeFeFeFeFeFeFeFe:sim00099,0.12142003,0.10027604,0,1,1
r3.0:Fe:cn14:CFeFeFeFeFeFeFeFeFeFeFeFeFe:sim00103,0.11061196,0.08830639,0,1,1
r3.0:Fe:cn14:CFeFeFeFeFeFeFeFeFeFeFeFeFe:sim00107,0.11803632,0.066258349,0,1,1
r3.0:Fe:cn14:CFeFeFeFeFeFeFeFeFeFeFeFeFe:sim00111,0.11897492,0.10372037,0,1,1
r3.0:Fe:cn14:CFeFeFeFeFeFeFeFeFeFeFeFeFe:sim00115,0.11893044,0.10267195,0,1,1
r3.0:Fe:cn14:CFeFeFeFeFeFeFeFeFeFeFeFeFe:sim00119,0.11979023,0.10905466,0,1,1
r3.0:Fe:cn14:CFeFeFeFeFeFeFeFeFeFeFeFeFe:sim00123,0.11229414,0.096232221,0,1,1
r3.0:Fe:cn14:CFeFeFeFeFeFeFeFeFeFeFeFeFe:sim00127,0.11218276,0.096213356,0,1,1
r3.0:Fe:cn14:CFeFeFeFeFeFeFeFeFeFeFeFeFe:sim00131,0.11133997,0.095954694,0,1,1
r3.0:Fe:cn14:CFeFeFeFeFeFeFeFeFeFeFeFeFe:sim00135,0.12471433,0.081930101,0,1,1
r3.0:Fe:cn14:CFeFeFeFeFeFeFeFeFeFeFeFeFe:sim00139,0.10907071,0.095883377,0,1,1
r3.0:Fe:cn14:CFeFeFeFeFeFeFeFeFeFeFeFeFe:sim00143,0.10252354,0.070247307,0,1,1
r3.0:Fe:cn14:CFeFeFeFeFeFeFeFeFeFeFeFeFe:sim00147,0.10260931,0.065504782,0,1,1
r3.0:Fe:cn14:CFeFeFeFeFeFeFeFeFeFeFeFeFe:sim00151,0.10547543,0.089406885,0,1,1
r3.0:Fe:cn14:CFeFeFeFeFeFeFeFeFeFeFeFeFe:sim00155,0.11223423,0.096411131,0,1,1
r3.0:Fe:cn14:CFeFeFeFeFeFeFeFeFeFeFeFeFe:sim00159,0.11181474,0.096254364,0,1,1
r3.0:Fe:cn14:CFeFeFeFeFeFeFeFeFeFeFeFeFe:sim00163,0.13119547,0.088040315,0,1,1
r3.0:Fe:cn14:CFeFeFeFeFeFeFeFeFeFeFeFeFe:sim00167,0.1155469,0.098149382,0,1,1
r3.0:Fe:cn14:CFeFeFeFeFeFeFeFeFeFeFeFeFe:sim00171,0.086687423,0.088856883,0,1,1
r3.0:Fe:cn14:CFeFeFeFeFeFeFeFeFeFeFeFeFe:sim00175,0.1109248,0.09565495,0,1,1
r3.0:Fe:cn14:CFeFeFeFeFeFeFeFeFeFeFeFeFe:sim00179,0.11180624,0.097387508,0,1,1
r3.0:Fe:cn14:CFeFeFeFeFeFeFeFeFeFeFeFeFe:sim00183,0.10914827,0.094358191,0,1,1
r3.0:Fe:cn14:CFeFeFeFeFeFeFeFeFeFeFeFeFe:sim00187,0.11288637,0.096634373,0,1,1
r3.0:Fe:cn14:CFeFeFeFeFeFeFeFeFeFeFeFeFe:sim00191,0.11472068,0.10403046,0,1,1
r3.0:Fe:cn14:CFeFeFeFeFeFeFeFeFeFeFeFeFe:sim00195,0.11217636,0.10035922,0,1,1
r3.0:Fe:cn14:CFeFeFeFeFeFeFeFeFeFeFeFeFe:sim00199,0.11297536,0.10170915,0,1,1
r3.0:Fe:cn14:CFeFeFeFeFeFeFeFeFeFeFeFeFe:sim00203,0.10657131,0.097560145,0,1,1
r3.0:Fe:cn14:CFeFeFeFeFeFeFeFeFeFeFeFeFe:sim00207,0.11066759,0.098153949,0,1,1
r3.0:Fe:cn14:CFeFeFeFeFeFeFeFeFeFeFeFeFe:sim00211,0.10306077,0.091316126,0,1,1
r3.0:Fe:cn14:CFeFeFeFeFeFeFeFeFeFeFeFeFe:sim00215,0.11039867,0.098564647,0,1,1
r3.0:Fe:cn14:CFeFeFeFeFeFeFeFeFeFeFeFeFe:sim00219,0.11043353,0.098392524,0,1,1
r3.0:Fe:cn14:CFeFeFeFeFeFeFeFeFeFeFeFeFe:sim00223,0.10025918,0.10889606,0,1,1
r3.0:Fe:cn14:CFeFeFeFeFeFeFeFeFeFeFeFeFe:sim00227,0.11026547,0.098437317,0,1,1
r3.0:Fe:cn14:CFeFeFeFeFeFeFeFeFeFeFeFeFe:sim00231,0.10878509,0.096755758,0,1,1
r3.0:Fe:cn14:CFeFeFeFeFeFeFeFeFeFeFeFeFe:sim00235,0.10465954,0.09425845,0,1,1
r3.0:Fe:cn14:CFeFeFeFeFeFeFeFeFeFeFeFeFe:sim00239,0.11953694,0.087623559,0,1,1
r3.0:Fe:cn14:CFeFeFeFeFeFeFeFeFeFeFeFeFe:sim00243,0.11144242,0.07749173,0,1,1
r3.0:Fe:cn14:CFeFeFeFeFeFeFeFeFeFeFeFeFe:sim00247,0.11218181,0.074187852,0,1,1
r3.0:Fe:cn14:CFeFeFeFeFeFeFeFeFeFeFeFeFe:sim00251,0.10680117,0.09698604,0,1,1
r3.0:Fe:cn14:CFeFeFeFeFeFeFeFeFeFeFeFeFe:sim00255,0.11897298,0.091021545,0,1,1
r3.0:Fe:cn14:CFeFeFeFeFeFeFeFeFeFeFeFeFe:sim00259,0.10947231,0.098313622,0,1,1
r3.0:Fe:cn14:CFeFeFeFeFeFeFeFeFeFeFeFeFe:sim00263,0.10773746,0.097830176,0,1,1
r3.0:Fe:cn14:CFeFeFeFeFeFeFeFeFeFeFeFeFe:sim00267,0.10777369,0.097710855,0,1,1
r3.0:Fe:cn14:CFeFeFeFeFeFeFeFeFeFeFeFeFe:sim00271,0.11104037,0.094771333,0,1,1
r3.0:Fe:cn14:CFeFeFeFeFeFeFeFeFeFeFeFeFe:sim00275,0.10362797,0.091435924,0,1,1
r3.0:Fe:cn14:CFeFeFeFeFeFeFeFeFeFeFeFeFe:sim00280,0.11057645,0.098711453,0,1,1
r3.0:Fe:cn14:CFeFeFeFeFeFeFeFeFeFeFeFeFe:sim00284,0.11045562,0.098858245,0,1,1
r3.0:Fe:cn14:CFeFeFeFeFeFeFeFeFeFeFeFeFe:sim00288,0.1003691,0.11223067,0,1,1
r3.0:Fe:cn14:FeFeFeFeFeFeFeFeFeFeFeFeFeFe:sim00003,0.13531104,0.08324156,0,1,1
r3.0:Fe:cn14:FeFeFeFeFeFeFeFeFeFeFeFeFeFe:sim00007,0.13531156,0.083197206,0,1,1
r3.0:Fe:cn14:FeFeFeFeFeFeFeFeFeFeFeFeFeFe:sim00011,0.13205944,0.10059083,0,1,1
r3.0:Fe:cn14:FeFeFeFeFeFeFeFeFeFeFeFeFeFe:sim00015,0.12560637,0.094007857,0,1,1
r3.0:Fe:cn14:FeFeFeFeFeFeFeFeFeFeFeFeFeFe:sim00019,0.12666363,0.09898065,0,1,1
r3.0:Fe:cn15:CCCCCCFeFeFeFeFeFeFeFeFe:sim00001,0.036801163,-0.18337123,0,1,1
r3.0:Fe:cn15:CCCCCCFeFeFeFeFeFeFeFeFe:sim00005,0.035512883,-0.17834198,0,1,1
r3.0:Fe:cn15:CCCCCFeFeFeFeFeFeFeFeFeFe:sim00003,0.06876605,-0.11433313,0,1,1
r3.0:Fe:cn15:CCCCCFeFeFeFeFeFeFeFeFeFe:sim00007,0.064871632,-0.11705758,0,1,1
r3.0:Fe:cn15:CCCCCFeFeFeFeFeFeFeFeFeFe:sim00011,0.06075896,-0.094257116,0,1,1
r3.0:Fe:cn15:CCCCCFeFeFeFeFeFeFeFeFeFe:sim00015,0.055264603,-0.1214445,0,1,1
r3.0:Fe:cn15:CCCCCFeFeFeFeFeFeFeFeFeFe:sim00019,0.05311868,-0.095940582,0,1,1
r3.0:Fe:cn15:CCCCCFeFeFeFeFeFeFeFeFeFe:sim00023,0.039638918,-0.11000822,0,1,1
r3.0:Fe:cn15:CCCCCFeFeFeFeFeFeFeFeFeFe:sim00027,0.061760675,-0.10966054,0,1,1
r3.0:Fe:cn15:CCCCCFeFeFeFeFeFeFeFeFeFe:sim00031,0.053208847,-0.11111023,0,1,1
r3.0:Fe:cn15:CCCCCFeFeFeFeFeFeFeFeFeFe:sim00035,0.049313813,-0.098450392,0,1,1
r3.0:Fe:cn15:CCCCCFeFeFeFeFeFeFeFeFeFe:sim00039,0.049472932,-0.098311432,0,1,1
r3.0:Fe:cn15:CCCCCFeFeFeFeFeFeFeFeFeFe:sim00043,0.04526215,-0.10135368,0,1,1
r3.0:Fe:cn15:CCCCCFeFeFeFeFeFeFeFeFeFe:sim00047,0.049318317,-0.098488897,0,1,1
r3.0:Fe:cn15:CCCCCFeFeFeFeFeFeFeFeFeFe:sim00051,0.038927943,-0.086987935,0,1,1
r3.0:Fe:cn15:CCCCCFeFeFeFeFeFeFeFeFeFe:sim00055,0.03204748,-0.092238657,0,1,1
r3.0:Fe:cn15:CCCCCFeFeFeFeFeFeFeFeFeFe:sim00059,0.079021931,-0.096246369,0,1,1
r3.0:Fe:cn15:CCCCCFeFeFeFeFeFeFeFeFeFe:sim00063,0.049944676,-0.098101437,0,1,1
r3.0:Fe:cn15:CCCCCFeFeFeFeFeFeFeFeFeFe:sim00067,0.049636777,-0.098494731,0,1,1
r3.0:Fe:cn15:CCCCCFeFeFeFeFeFeFeFeFeFe:sim00071,0.049648959,-0.098422743,0,1,1
r3.0:Fe:cn15:CCCCCFeFeFeFeFeFeFeFeFeFe:sim00075,0.049599756,-0.10014975,0,1,1
r3.0:Fe:cn15:CCCCCFeFeFeFeFeFeFeFeFeFe:sim00079,0.044531431,-0.10149713,0,1,1
r3.0:Fe:cn15:CCCCCFeFeFeFeFeFeFeFeFeFe:sim00083,0.063422501,-0.11069759,0,1,1
r3.0:Fe:cn15:CCCCCFeFeFeFeFeFeFeFeFeFe:sim00087,0.072166018,-0.095803738,0,1,1
r3.0:Fe:cn15:CCCCFeFeFeFeFeFeFeFeFeFeFe:sim00003,0.090803325,-0.063641854,0,1,1
r3.0:Fe:cn15:CCCCFeFeFeFeFeFeFeFeFeFeFe:sim00007,0.091096483,-0.063573495,0,1,1
r3.0:Fe:cn15:CCCCFeFeFeFeFeFeFeFeFeFeFe:sim00011,0.087082565,-0.04242342,0,1,1
r3.0:Fe:cn15:CCCCFeFeFeFeFeFeFeFeFeFeFe:sim00015,0.072405897,-0.054176707,0,1,1
r3.0:Fe:cn15:CCCCFeFeFeFeFeFeFeFeFeFeFe:sim00019,0.0572467,-0.027158983,0,1,1
r3.0:Fe:cn15:CCCCFeFeFeFeFeFeFeFeFeFeFe:sim00023,0.075087413,-0.049649511,0,1,1
r3.0:Fe:cn15:CCCCFeFeFeFeFeFeFeFeFeFeFe:sim00027,0.076833732,-0.047670521,0,1,1
r3.0:Fe:cn15:CCCCFeFeFeFeFeFeFeFeFeFeFe:sim00031,0.081771351,-0.05515641,0,1,1
r3.0:Fe:cn15:CCCCFeFeFeFeFeFeFeFeFeFeFe:sim00035,0.07639198,-0.046144318,0,1,1
r3.0:Fe:cn15:CCCCFeFeFeFeFeFeFeFeFeFeFe:sim00039,0.090201914,-0.013734353,0,1,1
r3.0:Fe:cn15:CCCCFeFeFeFeFeFeFeFeFeFeFe:sim00043,0.082458757,-0.04868672,0,1,1
r3.0:Fe:cn15:CCCCFeFeFeFeFeFeFeFeFeFeFe:sim00047,0.076718241,-0.046387132,0,1,1
r3.0:Fe:cn15:CCCCFeFeFeFeFeFeFeFeFeFeFe:sim00051,0.066845909,-0.035368416,0,1,1
r3.0:Fe:cn15:CCCCFeFeFeFeFeFeFeFeFeFeFe:sim00055,0.058701232,-0.044564538,0,1,1
r3.0:Fe:cn15:CCCCFeFeFeFeFeFeFeFeFeFeFe:sim00059,0.079168715,-0.045097973,0,1,1
r3.0:Fe:cn15:CCCCFeFeFeFeFeFeFeFeFeFeFe:sim00063,0.077215746,-0.04579889,0,1,1
r3.0:Fe:cn15:CCCCFeFeFeFeFeFeFeFeFeFeFe:sim00067,0.076962687,-0.046086352,0,1,1
r3.0:Fe:cn15:CCCCFeFeFeFeFeFeFeFeFeFeFe:sim00071,0.076567493,-0.046417993,0,1,1
r3.0:Fe:cn15:CCCCFeFeFeFeFeFeFeFeFeFeFe:sim00075,0.075596325,-0.048280623,0,1,1
r3.0:Fe:cn15:CCCCFeFeFeFeFeFeFeFeFeFeFe:sim00079,0.083441034,-0.039090723,0,1,1
r3.0:Fe:cn15:CCCCFeFeFeFeFeFeFeFeFeFeFe:sim00083,0.08764451,-0.058875043,0,1,1
r3.0:Fe:cn15:CCCCFeFeFeFeFeFeFeFeFeFeFe:sim00087,0.097654454,-0.043821156,0,1,1
r3.0:Fe:cn15:CCCCFeFeFeFeFeFeFeFeFeFeFe:sim00091,0.07244464,-0.047591649,0,1,1
r3.0:Fe:cn15:CCCCFeFeFeFeFeFeFeFeFeFeFe:sim00095,0.078147478,-0.046136983,0,1,1
r3.0:Fe:cn15:CCCCFeFeFeFeFeFeFeFeFeFeFe:sim00099,0.075547613,-0.028217455,0,1,1
r3.0:Fe:cn15:CCCCFeFeFeFeFeFeFeFeFeFeFe:sim00103,0.048457384,-0.045101333,0,1,1
r3.0:Fe:cn15:CCCCFeFeFeFeFeFeFeFeFeFeFe:sim00107,0.067541197,-0.050604992,0,1,1
r3.0:Fe:cn15:CCCCFeFeFeFeFeFeFeFeFeFeFe:sim00111,0.071692757,-0.025143448,0,1,1
r3.0:Fe:cn15:CCCCFeFeFeFeFeFeFeFeFeFeFe:sim00115,0.050988328,-0.026165031,0,1,1
r3.0:Fe:cn15:CCCCFeFeFeFeFeFeFeFeFeFeFe:sim00119,0.080193251,-0.01149693,0,1,1
r3.0:Fe:cn15:CCCCFeFeFeFeFeFeFeFeFeFeFe:sim00123,0.063763551,-0.0337185,0,1,1
r3.0:Fe:cn15:CCCCFeFeFeFeFeFeFeFeFeFeFe:sim00127,0.063738137,-0.03396659,0,1,1
r3.0:Fe:cn15:CCCCFeFeFeFeFeFeFeFeFeFeFe:sim00131,0.062468655,-0.033909719,0,1,1
r3.0:Fe:cn15:CCCCFeFeFeFeFeFeFeFeFeFeFe:sim00135,0.062970094,-0.033912025,0,1,1
r3.0:Fe:cn15:CCCCFeFeFeFeFeFeFeFeFeFeFe:sim00139,0.063885123,-0.033135198,0,1,1
r3.0:Fe:cn15:CCCCFeFeFeFeFeFeFeFeFeFeFe:sim00143,0.050345656,-0.065539069,0,1,1
r3.0:Fe:cn15:CCCCFeFeFeFeFeFeFeFeFeFeFe:sim00147,0.050379906,-0.065592825,0,1,1
r3.0:Fe:cn15:CCCCFeFeFeFeFeFeFeFeFeFeFe:sim00151,0.05578088,-0.041317243,0,1,1
r3.0:Fe:cn15:CCCCFeFeFeFeFeFeFeFeFeFeFe:sim00155,0.063734561,-0.033531554,0,1,1
r3.0:Fe:cn15:CCCCFeFeFeFeFeFeFeFeFeFeFe:sim00159,0.063516147,-0.033383865,0,1,1
r3.0:Fe:cn15:CCCCFeFeFeFeFeFeFeFeFeFeFe:sim00163,0.073594406,-0.033397749,0,1,1
r3.0:Fe:cn15:CCCCFeFeFeFeFeFeFeFeFeFeFe:sim00167,0.06751816,-0.031392548,0,1,1
r3.0:Fe:cn15:CCCCFeFeFeFeFeFeFeFeFeFeFe:sim00171,0.041792195,-0.033926368,0,1,1
r3.0:Fe:cn15:CCCCFeFeFeFeFeFeFeFeFeFeFe:sim00175,0.062278543,-0.034316387,0,1,1
r3.0:Fe:cn15:CCCCFeFeFeFeFeFeFeFeFeFeFe:sim00179,0.063219391,-0.032425661,0,1,1
r3.0:Fe:cn15:CCCCFeFeFeFeFeFeFeFeFeFeFe:sim00183,0.063789435,-0.033775382,0,1,1
r3.0:Fe:cn15:CCCCFeFeFeFeFeFeFeFeFeFeFe:sim00187,0.063981958,-0.033467017,0,1,1
r3.0:Fe:cn15:CCCCFeFeFeFeFeFeFeFeFeFeFe:sim00191,0.079146206,-0.034335885,0,1,1
r3.0:Fe:cn15:CCCCFeFeFeFeFeFeFeFeFeFeFe:sim00195,0.064554006,-0.027103111,0,1,1
r3.0:Fe:cn15:CCCCFeFeFeFeFeFeFeFeFeFeFe:sim00199,0.064533956,-0.027537419,0,1,1
r3.0:Fe:cn15:CCCCFeFeFeFeFeFeFeFeFeFeFe:sim00203,0.060363241,-0.031772833,0,1,1
r3.0:Fe:cn15:CCCCFeFeFeFeFeFeFeFeFeFeFe:sim00207,0.061842375,-0.031478919,0,1,1
r3.0:Fe:cn15:CCCCFeFeFeFeFeFeFeFeFeFeFe:sim00211,0.068633564,-0.023205632,0,1,1
r3.0:Fe:cn15:CCCCFeFeFeFeFeFeFeFeFeFeFe:sim00215,0.061379205,-0.03117534,0,1,1
r3.0:Fe:cn15:CCCCFeFeFeFeFeFeFeFeFeFeFe:sim00219,0.061533712,-0.031180857,0,1,1
r3.0:Fe:cn15:CCCCFeFeFeFeFeFeFeFeFeFeFe:sim00223,0.046419058,-0.034761697,0,1,1
r3.0:Fe:cn15:CCCCFeFeFeFeFeFeFeFeFeFeFe:sim00227,0.061405532,-0.031011788,0,1,1
r3.0:Fe:cn15:CCCCFeFeFeFeFeFeFeFeFeFeFe:sim00231,0.05962069,-0.033115942,0,1,1
r3.0:Fe:cn15:CCCCFeFeFeFeFeFeFeFeFeFeFe:sim00235,0.058592856,-0.03353719,0,1,1
r3.0:Fe:cn15:CCCCFeFeFeFeFeFeFeFeFeFeFe:sim00239,0.060037792,-0.034009226,0,1,1
r3.0:Fe:cn15:CCCCFeFeFeFeFeFeFeFeFeFeFe:sim00243,0.055419378,-0.063159682,0,1,1
r3.0:Fe:cn15:CCCCFeFeFeFeFeFeFeFeFeFeFe:sim00247,0.063688733,-0.059510197,0,1,1
r3.0:Fe:cn15:CCCCFeFeFeFeFeFeFeFeFeFeFe:sim00251,0.0586146,-0.03113669,0,1,1
r3.0:Fe:cn15:CCCCFeFeFeFeFeFeFeFeFeFeFe:sim00255,0.070332259,-0.041697215,0,1,1
r3.0:Fe:cn15:CCCCFeFeFeFeFeFeFeFeFeFeFe:sim00259,0.06061814,-0.031456344,0,1,1
r3.0:Fe:cn15:CCCCFeFeFeFeFeFeFeFeFeFeFe:sim00263,0.058782008,-0.03217959,0,1,1
r3.0:Fe:cn15:CCCCFeFeFeFeFeFeFeFeFeFeFe:sim00267,0.058534354,-0.032174475,0,1,1
r3.0:Fe:cn15:CCCCFeFeFeFeFeFeFeFeFeFeFe:sim00271,0.062435057,-0.035472814,0,1,1
r3.0:Fe:cn15:CCCCFeFeFeFeFeFeFeFeFeFeFe:sim00275,0.050513014,-0.021334548,0,1,1
r3.0:Fe:cn15:CCCCFeFeFeFeFeFeFeFeFeFeFe:sim00279,0.061303906,-0.031010967,0,1,1
r3.0:Fe:cn15:CCCCFeFeFeFeFeFeFeFeFeFeFe:sim00283,0.087280981,-0.029748823,0,1,1
r3.0:Fe:cn15:CCCCFeFeFeFeFeFeFeFeFeFeFe:sim00287,0.060580347,-0.037123866,0,1,1
r3.0:Fe:cn15:CCCCFeFeFeFeFeFeFeFeFeFeFe:sim00291,0.060575992,-0.031369336,0,1,1
r3.0:Fe:cn15:CCCCFeFeFeFeFeFeFeFeFeFeFe:sim00295,0.057966538,-0.03312619,0,1,1
r3.0:Fe:cn15:CCCCFeFeFeFeFeFeFeFeFeFeFe:sim00299,0.053357087,-0.039048184,0,1,1
r3.0:Fe:cn15:CCCCFeFeFeFeFeFeFeFeFeFeFe:sim00303,0.05684533,-0.012732918,0,1,1
r3.0:Fe:cn15:CCCCFeFeFeFeFeFeFeFeFeFeFe:sim00307,0.048460767,-0.020698434,0,1,1
r3.0:Fe:cn15:CCCCFeFeFeFeFeFeFeFeFeFeFe:sim00311,0.065541446,-0.03793335,0,1,1
r3.0:Fe:cn15:CCCCFeFeFeFeFeFeFeFeFeFeFe:sim00315,0.065988295,-0.035570908,0,1,1
r3.0:Fe:cn15:CCCCFeFeFeFeFeFeFeFeFeFeFe:sim00319,0.065452635,-0.037918396,0,1,1
r3.0:Fe:cn15:CCCCFeFeFeFeFeFeFeFeFeFeFe:sim00323,0.062333614,-0.029693814,0,1,1
r3.0:Fe:cn15:CCCCFeFeFeFeFeFeFeFeFeFeFe:sim00327,0.045405097,-0.013567279,0,1,1
r3.0:Fe:cn15:CCCCFeFeFeFeFeFeFeFeFeFeFe:sim00331,0.061062574,-0.029528689,0,1,1
r3.0:Fe:cn15:CCCCFeFeFeFeFeFeFeFeFeFeFe:sim00335,0.061090413,-0.029856833,0,1,1
r3.0:Fe:cn15:CCCCFeFeFeFeFeFeFeFeFeFeFe:sim00339,0.056351598,-0.038355656,0,1,1
r3.0:Fe:cn15:CCCCFeFeFeFeFeFeFeFeFeFeFe:sim00343,0.06079606,-0.029772637,0,1,1
r3.0:Fe:cn15:CCCCFeFeFeFeFeFeFeFeFeFeFe:sim00347,0.070981726,-0.016578516,0,1,1
r3.0:Fe:cn15:CCCCFeFeFeFeFeFeFeFeFeFeFe:sim00351,0.060707241,-0.030047631,0,1,1
r3.0:Fe:cn15:CCCCFeFeFeFeFeFeFeFeFeFeFe:sim00355,0.064845867,-0.027186057,0,1,1
r3.0:Fe:cn15:CCCCFeFeFeFeFeFeFeFeFeFeFe:sim00359,0.061053205,-0.029697321,0,1,1
r3.0:Fe:cn15:CCCCFeFeFeFeFeFeFeFeFeFeFe:sim00363,0.055895157,-0.03194702,0,1,1
r3.0:Fe:cn15:CCCCFeFeFeFeFeFeFeFeFeFeFe:sim00367,0.057392765,-0.031181583,0,1,1
r3.0:Fe:cn15:CCCCFeFeFeFeFeFeFeFeFeFeFe:sim00371,0.048146661,-0.061345201,0,1,1
r3.0:Fe:cn15:CCCCFeFeFeFeFeFeFeFeFeFeFe:sim00375,0.061301157,-0.029496191,0,1,1
r3.0:Fe:cn15:CCCCFeFeFeFeFeFeFeFeFeFeFe:sim00379,0.044493053,-0.03590982,0,1,1
r3.0:Fe:cn15:CCCCFeFeFeFeFeFeFeFeFeFeFe:sim00383,0.060835849,-0.029718893,0,1,1
r3.0:Fe:cn15:CCCCFeFeFeFeFeFeFeFeFeFeFe:sim00387,0.060842808,-0.029718898,0,1,1
r3.0:Fe:cn15:CCCCFeFeFeFeFeFeFeFeFeFeFe:sim00391,0.079878263,-0.033680938,0,1,1
r3.0:Fe:cn15:CCCCFeFeFeFeFeFeFeFeFeFeFe:sim00395,0.051115297,-0.043525677,0,1,1
r3.0:Fe:cn15:CCCCFeFeFeFeFeFeFeFeFeFeFe:sim00399,0.061605252,-0.029404873,0,1,1
r3.0:Fe:cn15:CCCCFeFeFeFeFeFeFeFeFeFeFe:sim00403,0.059985735,-0.03006869,0,1,1
r3.0:Fe:cn15:CCCCFeFeFeFeFeFeFeFeFeFeFe:sim00407,0.061760552,-0.028447811,0,1,1
r3.0:Fe:cn15:CCCCFeFeFeFeFeFeFeFeFeFeFe:sim00411,0.077683792,-0.015307891,0,1,1
r3.0:Fe:cn15:CCCCFeFeFeFeFeFeFeFeFeFeFe:sim00415,0.065674469,-0.026018217,0,1,1
r3.0:Fe:cn15:CCCCFeFeFeFeFeFeFeFeFeFeFe:sim00419,0.050265588,-0.0096405204,0,1,1
r3.0:Fe:cn15:CCCCFeFeFeFeFeFeFeFeFeFeFe:sim00423,0.058907963,-0.032102659,0,1,1
r3.0:Fe:cn15:CCCCFeFeFeFeFeFeFeFeFeFeFe:sim00427,0.059405323,-0.031728715,0,1,1
r3.0:Fe:cn15:CCCCFeFeFeFeFeFeFeFeFeFeFe:sim00431,0.054447416,-0.033958379,0,1,1
r3.0:Fe:cn15:CCCCFeFeFeFeFeFeFeFeFeFeFe:sim00435,0.032626212,-0.033033546,0,1,1
r3.0:Fe:cn15:CCCCFeFeFeFeFeFeFeFeFeFeFe:sim00439,0.063216649,-0.027194789,0,1,1
r3.0:Fe:cn15:CCCCFeFeFeFeFeFeFeFeFeFeFe:sim00443,0.083954126,-0.046771705,0,1,1
r3.0:Fe:cn15:CCCCFeFeFeFeFeFeFeFeFeFeFe:sim00447,0.06103953,-0.029838393,0,1,1
r3.0:Fe:cn15:CCCCFeFeFeFeFeFeFeFeFeFeFe:sim00451,0.075758055,-0.036387287,0,1,1
r3.0:Fe:cn15:CCCCFeFeFeFeFeFeFeFeFeFeFe:sim00455,0.073616661,-0.037561584,0,1,1
r3.0:Fe:cn15:CCCCFeFeFeFeFeFeFeFeFeFeFe:sim00459,0.071422793,-0.038936552,0,1,1
r3.0:Fe:cn15:CCCCFeFeFeFeFeFeFeFeFeFeFe:sim00463,0.06098029,-0.067681476,0,1,1
r3.0:Fe:cn15:CCCCFeFeFeFeFeFeFeFeFeFeFe:sim00467,0.070644364,-0.04354291,0,1,1
r3.0:Fe:cn15:CCCCFeFeFeFeFeFeFeFeFeFeFe:sim00471,0.06272956,-0.027496355,0,1,1
r3.0:Fe:cn15:CCCCFeFeFeFeFeFeFeFeFeFeFe:sim00475,0.059937257,-0.030618221,0,1,1
r3.0:Fe:cn15:CCCCFeFeFeFeFeFeFeFeFeFeFe:sim00479,0.061215613,-0.029766226,0,1,1
r3.0:Fe:cn15:CCCCFeFeFeFeFeFeFeFeFeFeFe:sim00483,0.044509333,-0.022406716,0,1,1
r3.0:Fe:cn15:CCCCFeFeFeFeFeFeFeFeFeFeFe:sim00487,0.039481439,-0.053272843,0,1,1
r3.0:Fe:cn15:CCCCFeFeFeFeFeFeFeFeFeFeFe:sim00491,0.058046661,-0.0075576361,0,1,1
r3.0:Fe:cn15:CCCCFeFeFeFeFeFeFeFeFeFeFe:sim00495,0.067482196,-0.025987195,0,1,1
r3.0:Fe:cn15:CCCCFeFeFeFeFeFeFeFeFeFeFe:sim00499,0.062662847,-0.029293695,0,1,1
r3.0:Fe:cn15:CCCCFeFeFeFeFeFeFeFeFeFeFe:sim00503,0.063617945,-0.028643489,0,1,1
r3.0:Fe:cn15:CCCCFeFeFeFeFeFeFeFeFeFeFe:sim00507,0.065370642,-0.028055146,0,1,1
r3.0:Fe:cn15:CCCCFeFeFeFeFeFeFeFeFeFeFe:sim00511,0.055757705,-0.016768688,0,1,1
r3.0:Fe:cn15:CCCCFeFeFeFeFeFeFeFeFeFeFe:sim00515,0.048179392,-0.020041775,0,1,1
r3.0:Fe:cn15:CCCCFeFeFeFeFeFeFeFeFeFeFe:sim00519,0.073481545,-0.037422866,0,1,1
r3.0:Fe:cn15:CCCCFeFeFeFeFeFeFeFeFeFeFe:sim00523,0.063787229,-0.028344292,0,1,1
r3.0:Fe:cn15:CCCCFeFeFeFeFeFeFeFeFeFeFe:sim00527,0.054958995,-0.036924619,0,1,1
r3.0:Fe:cn15:CCCCFeFeFeFeFeFeFeFeFeFeFe:sim00531,0.063474268,-0.028585136,0,1,1
r3.0:Fe:cn15:CCCCFeFeFeFeFeFeFeFeFeFeFe:sim00535,0.063780934,-0.028634308,0,1,1
r3.0:Fe:cn15:CCCCFeFeFeFeFeFeFeFeFeFeFe:sim00539,0.06248593,-0.028820459,0,1,1
r3.0:Fe:cn15:CCCCFeFeFeFeFeFeFeFeFeFeFe:sim00543,0.075231194,-0.037595127,0,1,1
r3.0:Fe:cn15:CCCCFeFeFeFeFeFeFeFeFeFeFe:sim00547,0.074491255,-0.03777121,0,1,1
r3.0:Fe:cn15:CCCCFeFeFeFeFeFeFeFeFeFeFe:sim00551,0.049831722,-0.024247371,0,1,1
r3.0:Fe:cn15:CCCCFeFeFeFeFeFeFeFeFeFeFe:sim00555,0.055810329,-0.036186583,0,1,1
r3.0:Fe:cn15:CCCFeFeFeFeFeFeFeFeFeFeFeFe:sim00003,0.1112762,-0.018953782,0,1,1
r3.0:Fe:cn15:CCCFeFeFeFeFeFeFeFeFeFeFeFe:sim00007,0.11157445,-0.018766563,0,1,1
r3.0:Fe:cn15:CCCFeFeFeFeFeFeFeFeFeFeFeFe:sim00011,0.10999636,0.003747751,0,1,1
r3.0:Fe:cn15:CCCFeFeFeFeFeFeFeFeFeFeFeFe:sim00015,0.10037322,-0.0063397395,0,1,1
r3.0:Fe:cn15:CCCFeFeFeFeFeFeFeFeFeFeFeFe:sim00019,0.10116829,-0.00059645815,0,1,1
r3.0:Fe:cn15:CCCFeFeFeFeFeFeFeFeFeFeFeFe:sim00023,0.11829475,-0.021425359,0,1,1
r3.0:Fe:cn15:CCCFeFeFeFeFeFeFeFeFeFeFeFe:sim00027,0.098411463,-0.003963918,0,1,1
r3.0:Fe:cn15:CCCFeFeFeFeFeFeFeFeFeFeFeFe:sim00031,0.10407466,-0.0089906827,0,1,1
r3.0:Fe:cn15:CCCFeFeFeFeFeFeFeFeFeFeFeFe:sim00035,0.09709987,-0.0034547525,0,1,1
r3.0:Fe:cn15:CCCFeFeFeFeFeFeFeFeFeFeFeFe:sim00039,0.098297119,-0.0023418746,0,1,1
r3.0:Fe:cn15:CCCFeFeFeFeFeFeFeFeFeFeFeFe:sim00043,0.09655679,-0.0036442613,0,1,1
r3.0:Fe:cn15:CCCFeFeFeFeFeFeFeFeFeFeFeFe:sim00047,0.09805806,-0.0028244453,0,1,1
r3.0:Fe:cn15:CCCFeFeFeFeFeFeFeFeFeFeFeFe:sim00051,0.089158572,0.0075189192,0,1,1
r3.0:Fe:cn15:CCCFeFeFeFeFeFeFeFeFeFeFeFe:sim00055,0.10064939,-0.0014224539,0,1,1
r3.0:Fe:cn15:CCCFeFeFeFeFeFeFeFeFeFeFeFe:sim00059,0.10196889,-0.00094324118,0,1,1
r3.0:Fe:cn15:CCCFeFeFeFeFeFeFeFeFeFeFeFe:sim00063,0.099013172,-0.0023916911,0,1,1
r3.0:Fe:cn15:CCCFeFeFeFeFeFeFeFeFeFeFeFe:sim00067,0.0986633,-0.0025983294,0,1,1
r3.0:Fe:cn15:CCCFeFeFeFeFeFeFeFeFeFeFeFe:sim00071,0.10159713,-0.0013524522,0,1,1
r3.0:Fe:cn15:CCCFeFeFeFeFeFeFeFeFeFeFeFe:sim00075,0.1007828,-0.0022243685,0,1,1
r3.0:Fe:cn15:CCCFeFeFeFeFeFeFeFeFeFeFeFe:sim00079,0.097264975,-0.0031820249,0,1,1
r3.0:Fe:cn15:CCCFeFeFeFeFeFeFeFeFeFeFeFe:sim00083,0.10935804,-0.014387843,0,1,1
r3.0:Fe:cn15:CCCFeFeFeFeFeFeFeFeFeFeFeFe:sim00087,0.11774822,-0.0004057718,0,1,1
r3.0:Fe:cn15:CCCFeFeFeFeFeFeFeFeFeFeFeFe:sim00091,0.095808446,-0.0032874227,0,1,1
r3.0:Fe:cn15:CCCFeFeFeFeFeFeFeFeFeFeFeFe:sim00095,0.099608503,-0.0025318812,0,1,1
r3.0:Fe:cn15:CCCFeFeFeFeFeFeFeFeFeFeFeFe:sim00099,0.097127683,0.014026665,0,1,1
r3.0:Fe:cn15:CCCFeFeFeFeFeFeFeFeFeFeFeFe:sim00103,0.078443795,0.0020616851,0,1,1
r3.0:Fe:cn15:CCCFeFeFeFeFeFeFeFeFeFeFeFe:sim00107,0.089946352,-0.0069376165,0,1,1
r3.0:Fe:cn15:CCCFeFeFeFeFeFeFeFeFeFeFeFe:sim00111,0.093406193,0.016700441,0,1,1
r3.0:Fe:cn15:CCCFeFeFeFeFeFeFeFeFeFeFeFe:sim00115,0.087126099,0.0086276652,0,1,1
r3.0:Fe:cn15:CCCFeFeFeFeFeFeFeFeFeFeFeFe:sim00119,0.09442652,0.022184316,0,1,1
r3.0:Fe:cn15:CCCFeFeFeFeFeFeFeFeFeFeFeFe:sim00123,0.086530976,0.0089376774,0,1,1
r3.0:Fe:cn15:CCCFeFeFeFeFeFeFeFeFeFeFeFe:sim00127,0.087921895,0.010982323,0,1,1
r3.0:Fe:cn15:CCCFeFeFeFeFeFeFeFeFeFeFeFe:sim00131,0.08807005,0.0096057998,0,1,1
r3.0:Fe:cn15:CCCFeFeFeFeFeFeFeFeFeFeFeFe:sim00135,0.078683719,0.0015572954,0,1,1
r3.0:Fe:cn15:CCCFeFeFeFeFeFeFeFeFeFeFeFe:sim00139,0.087484881,0.011419973,0,1,1
r3.0:Fe:cn15:CCCFeFeFeFeFeFeFeFeFeFeFeFe:sim00143,0.080996871,-0.016323308,0,1,1
r3.0:Fe:cn15:CCCFeFeFeFeFeFeFeFeFeFeFeFe:sim00147,0.072238505,0.00057029672,0,1,1
r3.0:Fe:cn15:CCCFeFeFeFeFeFeFeFeFeFeFeFe:sim00151,0.079061784,0.0018756673,0,1,1
r3.0:Fe:cn15:CCCFeFeFeFeFeFeFeFeFeFeFeFe:sim00155,0.086218707,0.0090577118,0,1,1
r3.0:Fe:cn15:CCCFeFeFeFeFeFeFeFeFeFeFeFe:sim00159,0.086018965,0.0091295177,0,1,1
r3.0:Fe:cn15:CCCFeFeFeFeFeFeFeFeFeFeFeFe:sim00163,0.095283039,0.0090738274,0,1,1
r3.0:Fe:cn15:CCCFeFeFeFeFeFeFeFeFeFeFeFe:sim00167,0.089937925,0.010955457,0,1,1
r3.0:Fe:cn15:CCCFeFeFeFeFeFeFeFeFeFeFeFe:sim00171,0.066132814,0.0087181507,0,1,1
r3.0:Fe:cn15:CCCFeFeFeFeFeFeFeFeFeFeFeFe:sim00175,0.085016415,0.008366717,0,1,1
r3.0:Fe:cn15:CCCFeFeFeFeFeFeFeFeFeFeFeFe:sim00179,0.085999161,0.010057075,0,1,1
r3.0:Fe:cn15:CCCFeFeFeFeFeFeFeFeFeFeFeFe:sim00183,0.086218528,0.0089665158,0,1,1
r3.0:Fe:cn15:CCCFeFeFeFeFeFeFeFeFeFeFeFe:sim00187,0.08621525,0.008899942,0,1,1
r3.0:Fe:cn15:CCCFeFeFeFeFeFeFeFeFeFeFeFe:sim00191,0.092570014,0.018800979,0,1,1
r3.0:Fe:cn15:CCCFeFeFeFeFeFeFeFeFeFeFeFe:sim00195,0.087034553,0.014948734,0,1,1
r3.0:Fe:cn15:CCCFeFeFeFeFeFeFeFeFeFeFeFe:sim00199,0.08020547,0.0075179213,0,1,1
r3.0:Fe:cn15:CCCFeFeFeFeFeFeFeFeFeFeFeFe:sim00203,0.084377684,0.011268706,0,1,1
r3.0:Fe:cn15:CCCFeFeFeFeFeFeFeFeFeFeFeFe:sim00207,0.083804719,0.0053346041,0,1,1
r3.0:Fe:cn15:CCCFeFeFeFeFeFeFeFeFeFeFeFe:sim00211,0.093176462,0.023646725,0,1,1
r3.0:Fe:cn15:CCCFeFeFeFeFeFeFeFeFeFeFeFe:sim00215,0.084344216,0.011335339,0,1,1
r3.0:Fe:cn15:CCCFeFeFeFeFeFeFeFeFeFeFeFe:sim00219,0.07259836,0.019902918,0,1,1
r3.0:Fe:cn15:CCCFeFeFeFeFeFeFeFeFeFeFeFe:sim00223,0.065701835,0.014191571,0,1,1
r3.0:Fe:cn15:CCCFeFeFeFeFeFeFeFeFeFeFeFe:sim00227,0.085075416,0.011565153,0,1,1
r3.0:Fe:cn15:CCCFeFeFeFeFeFeFeFeFeFeFeFe:sim00231,0.079811335,0.030253449,0,1,1
r3.0:Fe:cn15:CCCFeFeFeFeFeFeFeFeFeFeFeFe:sim00235,0.081392705,0.0087446533,0,1,1
r3.0:Fe:cn15:CCCFeFeFeFeFeFeFeFeFeFeFeFe:sim00239,0.078536227,0.0075090411,0,1,1
r3.0:Fe:cn15:CCCFeFeFeFeFeFeFeFeFeFeFeFe:sim00243,0.085507877,-0.011360177,0,1,1
r3.0:Fe:cn15:CCCFeFeFeFeFeFeFeFeFeFeFeFe:sim00247,0.097761758,0.014283341,0,1,1
r3.0:Fe:cn15:CCCFeFeFeFeFeFeFeFeFeFeFeFe:sim00251,0.080501273,0.0098797223,0,1,1
r3.0:Fe:cn15:CCCFeFeFeFeFeFeFeFeFeFeFeFe:sim00255,0.093652785,0.0030901723,0,1,1
r3.0:Fe:cn15:CCCFeFeFeFeFeFeFeFeFeFeFeFe:sim00259,0.083337933,0.011223491,0,1,1
r3.0:Fe:cn15:CCCFeFeFeFeFeFeFeFeFeFeFeFe:sim00263,0.081432104,0.010351543,0,1,1
r3.0:Fe:cn15:CCCFeFeFeFeFeFeFeFeFeFeFeFe:sim00267,0.062625773,0.010835288,0,1,1
r3.0:Fe:cn15:CCCFeFeFeFeFeFeFeFeFeFeFeFe:sim00271,0.10649864,-0.0081776595,0,1,1
r3.0:Fe:cn15:CCCFeFeFeFeFeFeFeFeFeFeFeFe:sim00275,0.078297369,0.0046032667,0,1,1
r3.0:Fe:cn15:CCCFeFeFeFeFeFeFeFeFeFeFeFe:sim00279,0.084124483,0.011573586,0,1,1
r3.0:Fe:cn15:CCCFeFeFeFeFeFeFeFeFeFeFeFe:sim00283,0.085243925,0.011852102,0,1,1
r3.0:Fe:cn15:CCCFeFeFeFeFeFeFeFeFeFeFeFe:sim00287,0.084182605,0.011432031,0,1,1
r3.0:Fe:cn15:CCCFeFeFeFeFeFeFeFeFeFeFeFe:sim00291,0.086889006,0.01231661,0,1,1
r3.0:Fe:cn15:CCCFeFeFeFeFeFeFeFeFeFeFeFe:sim00295,0.080708541,0.0091448743,0,1,1
r3.0:Fe:cn15:CCCFeFeFeFeFeFeFeFeFeFeFeFe:sim00299,0.085665643,0.01218052,0,1,1
r3.0:Fe:cn15:CCCFeFeFeFeFeFeFeFeFeFeFeFe:sim00303,0.079417139,0.027937029,0,1,1
r3.0:Fe:cn15:CCCFeFeFeFeFeFeFeFeFeFeFeFe:sim00307,0.073171653,0.021185134,0,1,1
r3.0:Fe:cn15:CCCFeFeFeFeFeFeFeFeFeFeFeFe:sim00311,0.089090839,0.0071742269,0,1,1
r3.0:Fe:cn15:CCCFeFeFeFeFeFeFeFeFeFeFeFe:sim00315,0.088764809,0.0078036771,0,1,1
r3.0:Fe:cn15:CCCFeFeFeFeFeFeFeFeFeFeFeFe:sim00319,0.089328222,0.0071895495,0,1,1
r3.0:Fe:cn15:CCCFeFeFeFeFeFeFeFeFeFeFeFe:sim00323,0.094241269,0.02160727,0,1,1
r3.0:Fe:cn15:CCCFeFeFeFeFeFeFeFeFeFeFeFe:sim00327,0.083613999,0.012391472,0,1,1
r3.0:Fe:cn15:CCCFeFeFeFeFeFeFeFeFeFeFeFe:sim00331,0.083554313,0.012337999,0,1,1
r3.0:Fe:cn15:CCCFeFeFeFeFeFeFeFeFeFeFeFe:sim00335,0.083760098,0.012389148,0,1,1
r3.0:Fe:cn15:CCCFeFeFeFeFeFeFeFeFeFeFeFe:sim00339,0.087596759,0.017724825,0,1,1
r3.0:Fe:cn15:CCCFeFeFeFeFeFeFeFeFeFeFeFe:sim00343,0.076473065,0.0052390178,0,1,1
r3.0:Fe:cn15:CCCFeFeFeFeFeFeFeFeFeFeFeFe:sim00347,0.1023588,0.037076391,0,1,1
r3.0:Fe:cn15:CCCFeFeFeFeFeFeFeFeFeFeFeFe:sim00351,0.083475955,0.012268015,0,1,1
r3.0:Fe:cn15:CCCFeFeFeFeFeFeFeFeFeFeFeFe:sim00355,0.080552302,0.010497344,0,1,1
r3.0:Fe:cn15:CCCFeFeFeFeFeFeFeFeFeFeFeFe:sim00359,0.082857065,0.016701926,0,1,1
r3.0:Fe:cn15:CCCFeFeFeFeFeFeFeFeFeFeFeFe:sim00363,0.080530986,0.0099227102,0,1,1
r3.0:Fe:cn15:CCCFeFeFeFeFeFeFeFeFeFeFeFe:sim00367,0.08439903,0.013296636,0,1,1
r3.0:Fe:cn15:CCCFeFeFeFeFeFeFeFeFeFeFeFe:sim00371,0.084129885,0.012667297,0,1,1
r3.0:Fe:cn15:CCCFeFeFeFeFeFeFeFeFeFeFeFe:sim00375,0.083953708,0.012570392,0,1,1
r3.0:Fe:cn15:CCCFeFeFeFeFeFeFeFeFeFeFeFe:sim00379,0.068948381,0.0071349232,0,1,1
r3.0:Fe:cn15:CCCFeFeFeFeFeFeFeFeFeFeFeFe:sim00383,0.080942139,0.011768507,0,1,1
r3.0:Fe:cn15:CCCFeFeFeFeFeFeFeFeFeFeFeFe:sim00387,0.086335838,-0.0081608938,0,1,1
r3.0:Fe:cn15:CCCFeFeFeFeFeFeFeFeFeFeFeFe:sim00391,0.083931953,0.013078186,0,1,1
r3.0:Fe:cn15:CCCFeFeFeFeFeFeFeFeFeFeFeFe:sim00395,0.07486017,0.00064369384,0,1,1
r3.0:Fe:cn15:CCCFeFeFeFeFeFeFeFeFeFeFeFe:sim00399,0.084244274,0.012487465,0,1,1
r3.0:Fe:cn15:CCCFeFeFeFeFeFeFeFeFeFeFeFe:sim00403,0.083879277,0.012977648,0,1,1
r3.0:Fe:cn15:CCCFeFeFeFeFeFeFeFeFeFeFeFe:sim00407,0.083560765,0.012320597,0,1,1
r3.0:Fe:cn15:CCCFeFeFeFeFeFeFeFeFeFeFeFe:sim00411,0.10232101,0.009701238,0,1,1
r3.0:Fe:cn15:CCCFeFeFeFeFeFeFeFeFeFeFeFe:sim00415,0.084844358,0.013537795,0,1,1
r3.0:Fe:cn15:CCCFeFeFeFeFeFeFeFeFeFeFeFe:sim00419,0.074226409,0.013070622,0,1,1
r3.0:Fe:cn15:CCCFeFeFeFeFeFeFeFeFeFeFeFe:sim00423,0.082410678,0.011747671,0,1,1
r3.0:Fe:cn15:CCCFeFeFeFeFeFeFeFeFeFeFeFe:sim00427,0.082109123,0.010500864,0,1,1
r3.0:Fe:cn15:CCCFeFeFeFeFeFeFeFeFeFeFeFe:sim00431,0.083562195,0.01204111,0,1,1
r3.0:Fe:cn15:CCCFeFeFeFeFeFeFeFeFeFeFeFe:sim00435,0.060781341,0.011508951,0,1,1
r3.0:Fe:cn15:CCCFeFeFeFeFeFeFeFeFeFeFeFe:sim00439,0.086664148,0.02062925,0,1,1
r3.0:Fe:cn15:CCCFeFeFeFeFeFeFeFeFeFeFeFe:sim00443,0.10522803,-0.0029735754,0,1,1
r3.0:Fe:cn15:CCCFeFeFeFeFeFeFeFeFeFeFeFe:sim00447,0.087116376,0.014605714,0,1,1
r3.0:Fe:cn15:CCCFeFeFeFeFeFeFeFeFeFeFeFe:sim00451,0.097518004,0.0066553778,0,1,1
r3.0:Fe:cn15:CCCFeFeFeFeFeFeFeFeFeFeFeFe:sim00455,0.10063402,0.011357983,0,1,1
r3.0:Fe:cn15:CCCFeFeFeFeFeFeFeFeFeFeFeFe:sim00459,0.093566544,0.0041691433,0,1,1
r3.0:Fe:cn15:CCCFeFeFeFeFeFeFeFeFeFeFeFe:sim00463,0.081162527,-0.0016965541,0,1,1
r3.0:Fe:cn15:CCCFeFeFeFeFeFeFeFeFeFeFeFe:sim00467,0.11555907,0.00042997551,0,1,1
r3.0:Fe:cn15:CCCFeFeFeFeFeFeFeFeFeFeFeFe:sim00472,0.077917144,0.0089892428,0,1,1
r3.0:Fe:cn15:CCCFeFeFeFeFeFeFeFeFeFeFeFe:sim00476,0.10674221,0.013161955,0,1,1
r3.0:Fe:cn15:CCCFeFeFeFeFeFeFeFeFeFeFeFe:sim00480,0.058481086,0.032312892,0,1,1
r3.0:Fe:cn15:CCCFeFeFeFeFeFeFeFeFeFeFeFe:sim00484,0.062518567,0.012361439,0,1,1
r3.0:Fe:cn15:CCCFeFeFeFeFeFeFeFeFeFeFeFe:sim00488,0.061147165,0.011779176,0,1,1
r3.0:Fe:cn15:CCCFeFeFeFeFeFeFeFeFeFeFeFe:sim00492,0.083862558,0.012629553,0,1,1
r3.0:Fe:cn15:CCCFeFeFeFeFeFeFeFeFeFeFeFe:sim00496,0.083937563,0.01252834,0,1,1
r3.0:Fe:cn15:CCCFeFeFeFeFeFeFeFeFeFeFeFe:sim00500,0.07134413,0.0034867441,0,1,1
r3.0:Fe:cn15:CCCFeFeFeFeFeFeFeFeFeFeFeFe:sim00504,0.087487824,0.014457479,0,1,1
r3.0:Fe:cn15:CCCFeFeFeFeFeFeFeFeFeFeFeFe:sim00508,0.060427256,-0.020501304,0,1,1
r3.0:Fe:cn15:CCCFeFeFeFeFeFeFeFeFeFeFeFe:sim00512,0.075401045,0.023106357,0,1,1
r3.0:Fe:cn15:CCCFeFeFeFeFeFeFeFeFeFeFeFe:sim00516,0.074910142,0.023096919,0,1,1
r3.0:Fe:cn15:CCCFeFeFeFeFeFeFeFeFeFeFeFe:sim00520,0.086472534,0.013809301,0,1,1
r3.0:Fe:cn15:CCCFeFeFeFeFeFeFeFeFeFeFeFe:sim00524,0.091752909,0.017807145,0,1,1
r3.0:Fe:cn15:CCCFeFeFeFeFeFeFeFeFeFeFeFe:sim00528,0.083649911,0.034543514,0,1,1
r3.0:Fe:cn15:CCCFeFeFeFeFeFeFeFeFeFeFeFe:sim00532,0.085143976,0.013197159,0,1,1
r3.0:Fe:cn15:CCFeFeFeFeFeFeFeFeFeFeFeFeFe:sim00002,0.12822632,0.017679526,0,1,1
r3.0:Fe:cn15:CCFeFeFeFeFeFeFeFeFeFeFeFeFe:sim00006,0.12831363,0.018926084,0,1,1
r3.0:Fe:cn15:CCFeFeFeFeFeFeFeFeFeFeFeFeFe:sim00010,0.12359696,0.016522432,0,1,1
r3.0:Fe:cn15:CCFeFeFeFeFeFeFeFeFeFeFeFeFe:sim00014,0.10726582,-0.0011517833,0,1,1
r3.0:Fe:cn15:CCFeFeFeFeFeFeFeFeFeFeFeFeFe:sim00018,0.11756153,0.030259522,0,1,1
r3.0:Fe:cn15:CCFeFeFeFeFeFeFeFeFeFeFeFeFe:sim00022,0.10915532,0.025754293,0,1,1
r3.0:Fe:cn15:CCFeFeFeFeFeFeFeFeFeFeFeFeFe:sim00026,0.11326404,0.031544428,0,1,1
r3.0:Fe:cn15:CCFeFeFeFeFeFeFeFeFeFeFeFeFe:sim00030,0.11211348,0.048072629,0,1,1
r3.0:Fe:cn15:CCFeFeFeFeFeFeFeFeFeFeFeFeFe:sim00034,0.11538225,0.033606559,0,1,1
r3.0:Fe:cn15:CCFeFeFeFeFeFeFeFeFeFeFeFeFe:sim00038,0.12386096,0.044772919,0,1,1
r3.0:Fe:cn15:CCFeFeFeFeFeFeFeFeFeFeFeFeFe:sim00042,0.11391919,0.032448523,0,1,1
r3.0:Fe:cn15:CCFeFeFeFeFeFeFeFeFeFeFeFeFe:sim00046,0.11839434,0.018493803,0,1,1
r3.0:Fe:cn15:CCFeFeFeFeFeFeFeFeFeFeFeFeFe:sim00050,0.12441802,0.041234646,0,1,1
r3.0:Fe:cn15:CCFeFeFeFeFeFeFeFeFeFeFeFeFe:sim00054,0.127342,0.027259136,0,1,1
r3.0:Fe:cn15:CCFeFeFeFeFeFeFeFeFeFeFeFeFe:sim00058,0.11746853,0.034612641,0,1,1
r3.0:Fe:cn15:CCFeFeFeFeFeFeFeFeFeFeFeFeFe:sim00062,0.11594778,0.032717019,0,1,1
r3.0:Fe:cn15:CCFeFeFeFeFeFeFeFeFeFeFeFeFe:sim00066,0.11606944,0.03377727,0,1,1
r3.0:Fe:cn15:CCFeFeFeFeFeFeFeFeFeFeFeFeFe:sim00070,0.11363041,0.039744675,0,1,1
r3.0:Fe:cn15:CCFeFeFeFeFeFeFeFeFeFeFeFeFe:sim00074,0.12401554,0.044763558,0,1,1
r3.0:Fe:cn15:CCFeFeFeFeFeFeFeFeFeFeFeFeFe:sim00078,0.11565831,0.03354767,0,1,1
r3.0:Fe:cn15:CCFeFeFeFeFeFeFeFeFeFeFeFeFe:sim00082,0.12290371,0.034628563,0,1,1
r3.0:Fe:cn15:CCFeFeFeFeFeFeFeFeFeFeFeFeFe:sim00086,0.13595738,0.031878866,0,1,1
r3.0:Fe:cn15:CCFeFeFeFeFeFeFeFeFeFeFeFeFe:sim00090,0.12017609,0.027760578,0,1,1
r3.0:Fe:cn15:CCFeFeFeFeFeFeFeFeFeFeFeFeFe:sim00094,0.11792722,0.03908328,0,1,1
r3.0:Fe:cn15:CCFeFeFeFeFeFeFeFeFeFeFeFeFe:sim00098,0.11611044,0.032376889,0,1,1
r3.0:Fe:cn15:CCFeFeFeFeFeFeFeFeFeFeFeFeFe:sim00102,0.10792638,0.029693998,0,1,1
r3.0:Fe:cn15:CCFeFeFeFeFeFeFeFeFeFeFeFeFe:sim00106,0.13099194,0.024384135,0,1,1
r3.0:Fe:cn15:CCFeFeFeFeFeFeFeFeFeFeFeFeFe:sim00110,0.1112592,0.051561177,0,1,1
r3.0:Fe:cn15:CCFeFeFeFeFeFeFeFeFeFeFeFeFe:sim00114,0.11476672,0.053550448,0,1,1
r3.0:Fe:cn15:CCFeFeFeFeFeFeFeFeFeFeFeFeFe:sim00118,0.11081593,0.051082425,0,1,1
r3.0:Fe:cn15:CCFeFeFeFeFeFeFeFeFeFeFeFeFe:sim00122,0.10254273,0.040992189,0,1,1
r3.0:Fe:cn15:CCFeFeFeFeFeFeFeFeFeFeFeFeFe:sim00126,0.11310193,0.055785101,0,1,1
r3.0:Fe:cn15:CCFeFeFeFeFeFeFeFeFeFeFeFeFe:sim00130,0.10374556,0.043367852,0,1,1
r3.0:Fe:cn15:CCFeFeFeFeFeFeFeFeFeFeFeFeFe:sim00134,0.10386877,0.044290356,0,1,1
r3.0:Fe:cn15:CCFeFeFeFeFeFeFeFeFeFeFeFeFe:sim00138,0.10381916,0.044353768,0,1,1
r3.0:Fe:cn15:CCFeFeFeFeFeFeFeFeFeFeFeFeFe:sim00142,0.078797795,0.021865258,0,1,1
r3.0:Fe:cn15:CCFeFeFeFeFeFeFeFeFeFeFeFeFe:sim00146,0.091780104,0.017392106,0,1,1
r3.0:Fe:cn15:CCFeFeFeFeFeFeFeFeFeFeFeFeFe:sim00150,0.098175719,0.037773501,0,1,1
r3.0:Fe:cn15:CCFeFeFeFeFeFeFeFeFeFeFeFeFe:sim00154,0.10791018,0.045242861,0,1,1
r3.0:Fe:cn15:CCFeFeFeFeFeFeFeFeFeFeFeFeFe:sim00158,0.096901886,0.034496076,0,1,1
r3.0:Fe:cn15:CCFeFeFeFeFeFeFeFeFeFeFeFeFe:sim00162,0.11024334,0.04690307,0,1,1
r3.0:Fe:cn15:CCFeFeFeFeFeFeFeFeFeFeFeFeFe:sim00166,0.10914998,0.048340764,0,1,1
r3.0:Fe:cn15:CCFeFeFeFeFeFeFeFeFeFeFeFeFe:sim00170,0.10069975,0.059049476,0,1,1
r3.0:Fe:cn15:CCFeFeFeFeFeFeFeFeFeFeFeFeFe:sim00174,0.10323627,0.043862566,0,1,1
r3.0:Fe:cn15:CCFeFeFeFeFeFeFeFeFeFeFeFeFe:sim00178,0.10479949,0.050191142,0,1,1
r3.0:Fe:cn15:CCFeFeFeFeFeFeFeFeFeFeFeFeFe:sim00182,0.099591091,0.048117153,0,1,1
r3.0:Fe:cn15:CCFeFeFeFeFeFeFeFeFeFeFeFeFe:sim00186,0.10752439,0.046425365,0,1,1
r3.0:Fe:cn15:CCFeFeFeFeFeFeFeFeFeFeFeFeFe:sim00190,0.10284061,0.068901919,0,1,1
r3.0:Fe:cn15:CCFeFeFeFeFeFeFeFeFeFeFeFeFe:sim00194,0.12634254,0.050464936,0,1,1
r3.0:Fe:cn15:CCFeFeFeFeFeFeFeFeFeFeFeFeFe:sim00198,0.10674655,0.051696539,0,1,1
r3.0:Fe:cn15:CCFeFeFeFeFeFeFeFeFeFeFeFeFe:sim00202,0.098832592,0.045729931,0,1,1
r3.0:Fe:cn15:CCFeFeFeFeFeFeFeFeFeFeFeFeFe:sim00206,0.11267006,0.037259061,0,1,1
r3.0:Fe:cn15:CCFeFeFeFeFeFeFeFeFeFeFeFeFe:sim00210,0.091764063,0.054706678,0,1,1
r3.0:Fe:cn15:CCFeFeFeFeFeFeFeFeFeFeFeFeFe:sim00214,0.10261046,0.046678592,0,1,1
r3.0:Fe:cn15:CCFeFeFeFeFeFeFeFeFeFeFeFeFe:sim00218,0.11345211,0.038606003,0,1,1
r3.0:Fe:cn15:CFeFeFeFeFeFeFeFeFeFeFeFeFeFe:sim00001,0.14742279,0.044895645,0,1,1
r3.0:Fe:cn15:CFeFeFeFeFeFeFeFeFeFeFeFeFeFe:sim00005,0.15048711,0.051628597,0,1,1
r3.0:Fe:cn15:CFeFeFeFeFeFeFeFeFeFeFeFeFeFe:sim00009,0.13170129,0.063177638,0,1,1
r3.0:Fe:cn15:CFeFeFeFeFeFeFeFeFeFeFeFeFeFe:sim00013,0.14093433,0.061278999,0,1,1
r3.0:Fe:cn15:CFeFeFeFeFeFeFeFeFeFeFeFeFeFe:sim00017,0.13806704,0.060290135,0,1,1
r3.0:Fe:cn15:CFeFeFeFeFeFeFeFeFeFeFeFeFeFe:sim00021,0.13571288,0.060815431,0,1,1
r3.0:Fe:cn15:CFeFeFeFeFeFeFeFeFeFeFeFeFeFe:sim00025,0.13683096,0.062123027,0,1,1
r3.0:Fe:cn15:CFeFeFeFeFeFeFeFeFeFeFeFeFeFe:sim00029,0.13727832,0.063447833,0,1,1
r3.0:Fe:cn15:CFeFeFeFeFeFeFeFeFeFeFeFeFeFe:sim00033,0.12707475,0.071531951,0,1,1
r3.0:Fe:cn15:CFeFeFeFeFeFeFeFeFeFeFeFeFeFe:sim00037,0.13689803,0.063477211,0,1,1
r3.0:Fe:cn15:CFeFeFeFeFeFeFeFeFeFeFeFeFeFe:sim00041,0.13762046,0.06446591,0,1,1
r3.0:Fe:cn16:CCCCCFeFeFeFeFeFeFeFeFeFeFe:sim00001,0.077085808,-0.080096737,0,1,1
r3.0:Fe:cn16:CCCCCFeFeFeFeFeFeFeFeFeFeFe:sim00005,0.076411784,-0.074850686,0,1,1
r3.0:Fe:cn16:CCCCCFeFeFeFeFeFeFeFeFeFeFe:sim00009,0.075774439,-0.075495794,0,1,1
r3.0:Fe:cn16:CCCCCFeFeFeFeFeFeFeFeFeFeFe:sim00013,0.042978328,-0.058857631,0,1,1
r3.0:Fe:cn16:CCCCCFeFeFeFeFeFeFeFeFeFeFe:sim00017,0.075053453,-0.030889066,0,1,1
r3.0:Fe:cn16:CCCCCFeFeFeFeFeFeFeFeFeFeFe:sim00021,0.061059985,-0.060081851,0,1,1
r3.0:Fe:cn16:CCCCCFeFeFeFeFeFeFeFeFeFeFe:sim00025,0.062338598,-0.057385545,0,1,1
r3.0:Fe:cn16:CCCCCFeFeFeFeFeFeFeFeFeFeFe:sim00029,0.060935121,-0.05977311,0,1,1
r3.0:Fe:cn16:CCCCCFeFeFeFeFeFeFeFeFeFeFe:sim00033,0.05957745,-0.059163343,0,1,1
r3.0:Fe:cn16:CCCCCFeFeFeFeFeFeFeFeFeFeFe:sim00037,0.059881967,-0.058895141,0,1,1
r3.0:Fe:cn16:CCCCCFeFeFeFeFeFeFeFeFeFeFe:sim00041,0.060633726,-0.058114361,0,1,1
r3.0:Fe:cn16:CCCCCFeFeFeFeFeFeFeFeFeFeFe:sim00045,0.070062749,-0.067574427,0,1,1
r3.0:Fe:cn16:CCCCCFeFeFeFeFeFeFeFeFeFeFe:sim00049,0.059694346,-0.059219465,0,1,1
r3.0:Fe:cn16:CCCCCFeFeFeFeFeFeFeFeFeFeFe:sim00053,0.053164601,-0.047157932,0,1,1
r3.0:Fe:cn16:CCCCCFeFeFeFeFeFeFeFeFeFeFe:sim00057,0.061794531,-0.057707809,0,1,1
r3.0:Fe:cn16:CCCCCFeFeFeFeFeFeFeFeFeFeFe:sim00061,0.052880365,-0.066068456,0,1,1
r3.0:Fe:cn16:CCCCCFeFeFeFeFeFeFeFeFeFeFe:sim00065,0.056043405,-0.050687578,0,1,1
r3.0:Fe:cn16:CCCCCFeFeFeFeFeFeFeFeFeFeFe:sim00069,0.072827414,-0.067696273,0,1,1
r3.0:Fe:cn16:CCCCCFeFeFeFeFeFeFeFeFeFeFe:sim00073,0.055992402,-0.061619498,0,1,1
r3.0:Fe:cn16:CCCCCFeFeFeFeFeFeFeFeFeFeFe:sim00077,0.059704497,-0.059035771,0,1,1
r3.0:Fe:cn16:CCCCFeFeFeFeFeFeFeFeFeFeFeFe:sim00004,0.096823484,-0.030014796,0,1,1
r3.0:Fe:cn16:CCCCFeFeFeFeFeFeFeFeFeFeFeFe:sim00008,0.12154316,-0.040994216,0,1,1
r3.0:Fe:cn16:CCCCFeFeFeFeFeFeFeFeFeFeFeFe:sim00012,0.08589261,-0.017803239,0,1,1
r3.0:Fe:cn16:CCCCFeFeFeFeFeFeFeFeFeFeFeFe:sim00016,0.071961716,-0.011511122,0,1,1
r3.0:Fe:cn16:CCCCFeFeFeFeFeFeFeFeFeFeFeFe:sim00020,0.091647558,-0.0076881927,0,1,1
r3.0:Fe:cn16:CCCCFeFeFeFeFeFeFeFeFeFeFeFe:sim00024,0.087602772,-0.035007175,0,1,1
r3.0:Fe:cn16:CCCCFeFeFeFeFeFeFeFeFeFeFeFe:sim00028,0.083194762,-0.015155125,0,1,1
r3.0:Fe:cn16:CCCCFeFeFeFeFeFeFeFeFeFeFeFe:sim00032,0.082358591,-0.015419262,0,1,1
r3.0:Fe:cn16:CCCCFeFeFeFeFeFeFeFeFeFeFeFe:sim00036,0.079202212,-0.01593253,0,1,1
r3.0:Fe:cn16:CCCCFeFeFeFeFeFeFeFeFeFeFeFe:sim00040,0.089826092,-0.0070880586,0,1,1
r3.0:Fe:cn16:CCCCFeFeFeFeFeFeFeFeFeFeFeFe:sim00044,0.083413355,-0.014167819,0,1,1
r3.0:Fe:cn16:CCCCFeFeFeFeFeFeFeFeFeFeFeFe:sim00048,0.060773488,-0.014968487,0,1,1
r3.0:Fe:cn16:CCCCFeFeFeFeFeFeFeFeFeFeFeFe:sim00052,0.085821241,-0.012903638,0,1,1
r3.0:Fe:cn16:CCCCFeFeFeFeFeFeFeFeFeFeFeFe:sim00056,0.083221093,0.0086270962,0,1,1
r3.0:Fe:cn16:CCCCFeFeFeFeFeFeFeFeFeFeFeFe:sim00060,0.084012277,-0.014000862,0,1,1
r3.0:Fe:cn16:CCCCFeFeFeFeFeFeFeFeFeFeFeFe:sim00064,0.083902478,-0.013980596,0,1,1
r3.0:Fe:cn16:CCCCFeFeFeFeFeFeFeFeFeFeFeFe:sim00068,0.084959269,-0.008246352,0,1,1
r3.0:Fe:cn16:CCCCFeFeFeFeFeFeFeFeFeFeFeFe:sim00072,0.083476178,-0.014177575,0,1,1
r3.0:Fe:cn16:CCCCFeFeFeFeFeFeFeFeFeFeFeFe:sim00076,0.083607711,-0.014428738,0,1,1
r3.0:Fe:cn16:CCCCFeFeFeFeFeFeFeFeFeFeFeFe:sim00080,0.10294085,-0.017225675,0,1,1
r3.0:Fe:cn16:CCCCFeFeFeFeFeFeFeFeFeFeFeFe:sim00084,0.1021174,-0.017621566,0,1,1
r3.0:Fe:cn16:CCCCFeFeFeFeFeFeFeFeFeFeFeFe:sim00088,0.10837561,-0.014343205,0,1,1
r3.0:Fe:cn16:CCCCFeFeFeFeFeFeFeFeFeFeFeFe:sim00092,0.068252698,-0.0097028688,0,1,1
r3.0:Fe:cn16:CCCCFeFeFeFeFeFeFeFeFeFeFeFe:sim00096,0.089814253,-0.028996399,0,1,1
r3.0:Fe:cn16:CCCCFeFeFeFeFeFeFeFeFeFeFeFe:sim00100,0.065084405,-0.010135356,0,1,1
r3.0:Fe:cn16:CCCCFeFeFeFeFeFeFeFeFeFeFeFe:sim00104,0.075303458,-0.018140085,0,1,1
r3.0:Fe:cn16:CCCCFeFeFeFeFeFeFeFeFeFeFeFe:sim00108,0.076613761,-0.034938347,0,1,1
r3.0:Fe:cn16:CCCCFeFeFeFeFeFeFeFeFeFeFeFe:sim00112,0.078898869,0.0050151045,0,1,1
r3.0:Fe:cn16:CCCCFeFeFeFeFeFeFeFeFeFeFeFe:sim00116,0.077269949,0.002886557,0,1,1
r3.0:Fe:cn16:CCCCFeFeFeFeFeFeFeFeFeFeFeFe:sim00120,0.0715864,0.0022536947,0,1,1
r3.0:Fe:cn16:CCCCFeFeFeFeFeFeFeFeFeFeFeFe:sim00124,0.071756281,-0.0024806671,0,1,1
r3.0:Fe:cn16:CCCCFeFeFeFeFeFeFeFeFeFeFeFe:sim00128,0.071541667,-0.0022334224,0,1,1
r3.0:Fe:cn16:CCCCFeFeFeFeFeFeFeFeFeFeFeFe:sim00132,0.071651891,-0.0018422644,0,1,1
r3.0:Fe:cn16:CCCCFeFeFeFeFeFeFeFeFeFeFeFe:sim00137,0.048439927,-0.0033836609,0,1,1
r3.0:Fe:cn16:CCCCFeFeFeFeFeFeFeFeFeFeFeFe:sim00141,0.042686719,-0.027780926,0,1,1
r3.0:Fe:cn16:CCCCFeFeFeFeFeFeFeFeFeFeFeFe:sim00145,0.059852302,-0.03655022,0,1,1
r3.0:Fe:cn16:CCCCFeFeFeFeFeFeFeFeFeFeFeFe:sim00149,0.053420115,-0.035577491,0,1,1
r3.0:Fe:cn16:CCCCFeFeFeFeFeFeFeFeFeFeFeFe:sim00153,0.083955541,-0.022169439,0,1,1
r3.0:Fe:cn16:CCCCFeFeFeFeFeFeFeFeFeFeFeFe:sim00157,0.071545377,-0.0027744989,0,1,1
r3.0:Fe:cn16:CCCCFeFeFeFeFeFeFeFeFeFeFeFe:sim00161,0.084199153,0.01190487,0,1,1
r3.0:Fe:cn16:CCCCFeFeFeFeFeFeFeFeFeFeFeFe:sim00165,0.066615328,0.0094777765,0,1,1
r3.0:Fe:cn16:CCCCFeFeFeFeFeFeFeFeFeFeFeFe:sim00169,0.073260695,-0.0023937854,0,1,1
r3.0:Fe:cn16:CCCCFeFeFeFeFeFeFeFeFeFeFeFe:sim00173,0.073836774,-0.00070682442,0,1,1
r3.0:Fe:cn16:CCCCFeFeFeFeFeFeFeFeFeFeFeFe:sim00177,0.070279844,-0.0030876324,0,1,1
r3.0:Fe:cn16:CCCCFeFeFeFeFeFeFeFeFeFeFeFe:sim00181,0.071760267,-0.002329258,0,1,1
r3.0:Fe:cn16:CCCFeFeFeFeFeFeFeFeFeFeFeFeFe:sim00002,0.11643555,0.0085506169,0,1,1
r3.0:Fe:cn16:CCCFeFeFeFeFeFeFeFeFeFeFeFeFe:sim00006,0.11566327,0.009091828,0,1,1
r3.0:Fe:cn16:CCCFeFeFeFeFeFeFeFeFeFeFeFeFe:sim00010,0.11528394,0.012846124,0,1,1
r3.0:Fe:cn16:CCCFeFeFeFeFeFeFeFeFeFeFeFeFe:sim00014,0.094324157,-0.0064218245,0,1,1
r3.0:Fe:cn16:CCCFeFeFeFeFeFeFeFeFeFeFeFeFe:sim00018,0.10488046,0.020244962,0,1,1
r3.0:Fe:cn16:CCCFeFeFeFeFeFeFeFeFeFeFeFeFe:sim00022,0.098495893,0.025156014,0,1,1
r3.0:Fe:cn16:CCCFeFeFeFeFeFeFeFeFeFeFeFeFe:sim00026,0.10127416,0.022394668,0,1,1
r3.0:Fe:cn16:CCCFeFeFeFeFeFeFeFeFeFeFeFeFe:sim00030,0.11004267,0.030014604,0,1,1
r3.0:Fe:cn16:CCCFeFeFeFeFeFeFeFeFeFeFeFeFe:sim00034,0.10248547,0.023526981,0,1,1
r3.0:Fe:cn16:CCCFeFeFeFeFeFeFeFeFeFeFeFeFe:sim00038,0.10247466,0.023576174,0,1,1
r3.0:Fe:cn16:CCCFeFeFeFeFeFeFeFeFeFeFeFeFe:sim00042,0.10108101,0.021760067,0,1,1
r3.0:Fe:cn16:CCCFeFeFeFeFeFeFeFeFeFeFeFeFe:sim00046,0.099294759,0.0021564909,0,1,1
r3.0:Fe:cn16:CCCFeFeFeFeFeFeFeFeFeFeFeFeFe:sim00050,0.10344704,0.022694116,0,1,1
r3.0:Fe:cn16:CCFeFeFeFeFeFeFeFeFeFeFeFeFeFe:sim00004,0.14455839,0.038049635,0,1,1
r3.0:Fe:cn16:CCFeFeFeFeFeFeFeFeFeFeFeFeFeFe:sim00008,0.14547689,0.038564105,0,1,1
r3.0:Fe:cn16:CCFeFeFeFeFeFeFeFeFeFeFeFeFeFe:sim00012,0.12040721,0.05231918,0,1,1
r3.0:Fe:cn16:CCFeFeFeFeFeFeFeFeFeFeFeFeFeFe:sim00016,0.11308837,0.061871611,0,1,1
r3.0:Fe:cn16:CCFeFeFeFeFeFeFeFeFeFeFeFeFeFe:sim00020,0.11678606,0.054011099,0,1,1
r3.0:Fe:cn17:CCCCCFeFeFeFeFeFeFeFeFeFeFeFe:sim00001,0.082052439,-0.065691501,0,1,1
r3.0:Fe:cn17:CCCCCFeFeFeFeFeFeFeFeFeFeFeFe:sim00005,0.081871986,-0.061439458,0,1,1
r3.0:Fe:cn17:CCCCCFeFeFeFeFeFeFeFeFeFeFeFe:sim00009,0.081282973,-0.062086709,0,1,1
r3.0:Fe:cn17:CCCCCFeFeFeFeFeFeFeFeFeFeFeFe:sim00013,0.068145037,-0.050656117,0,1,1
r3.0:Fe:cn17:CCCCCFeFeFeFeFeFeFeFeFeFeFeFe:sim00017,0.0675501,-0.050598096,0,1,1
r3.0:Fe:cn17:CCCCFeFeFeFeFeFeFeFeFeFeFeFeFe:sim00003,0.088469826,-0.0056556426,0,1,1
r3.0:Fe:cn17:CCCCFeFeFeFeFeFeFeFeFeFeFeFeFe:sim00008,0.11698428,-0.024100086,0,1,1
r3.0:Fe:cn6:CFeFeFeFeFe:sim00001,-0.0078893248,-0.050560899,0,1,1
r3.0:Fe:cn7:CFeFeFeFeFeFe:sim00002,0.039545894,-0.033493709,0,1,1
r3.0:Fe:cn7:FeFeFeFeFeFeFe:sim00001,0.040945068,0.019722084,0,1,1
r3.0:Fe:cn8:CCFeFeFeFeFeFe:sim00002,0.0030441044,-0.076384701,0,1,1
r3.0:Fe:cn8:CCFeFeFeFeFeFe:sim00006,0.0034084613,-0.073903851,0,1,1
r3.0:Fe:cn8:CCFeFeFeFeFeFe:sim00010,-0.0025831766,-0.074121572,0,1,1
r3.0:Fe:cn8:CCFeFeFeFeFeFe:sim00014,-0.048339393,-0.11580721,0,1,1
r3.0:Fe:cn8:CCFeFeFeFeFeFe:sim00018,-0.016290301,-0.048299294,0,1,1
r3.0:Fe:cn8:CCFeFeFeFeFeFe:sim00022,-0.031569999,-0.049627539,0,1,1
r3.0:Fe:cn8:CFeFeFeFeFeFeFe:sim00004,0.062822357,0.001017145,0,1,1
r3.0:Fe:cn8:CFeFeFeFeFeFeFe:sim00008,0.093344606,-0.004722361,0,1,1
r3.0:Fe:cn8:CFeFeFeFeFeFeFe:sim00012,0.047218032,0.025202882,0,1,1
r3.0:Fe:cn8:CFeFeFeFeFeFeFe:sim00016,0.059121944,0.0026428974,0,1,1
r3.0:Fe:cn8:CFeFeFeFeFeFeFe:sim00020,0.067679778,0.03352356,0,1,1
r3.0:Fe:cn8:CFeFeFeFeFeFeFe:sim00024,0.046276323,-0.007335233,0,1,1
r3.0:Fe:cn8:CFeFeFeFeFeFeFe:sim00028,0.04138713,0.026885469,0,1,1
r3.0:Fe:cn8:CFeFeFeFeFeFeFe:sim00032,0.046957254,0.032138299,0,1,1
r3.0:Fe:cn8:FeFeFeFeFeFeFeFe:sim00002,0.082988106,0.03602175,0,1,1
r3.0:Fe:cn8:FeFeFeFeFeFeFeFe:sim00006,0.083154015,0.038024507,0,1,1
r3.0:Fe:cn8:FeFeFeFeFeFeFeFe:sim00010,0.071804933,0.034713488,0,1,1
r3.0:Fe:cn8:FeFeFeFeFeFeFeFe:sim00014,0.052725349,0.0169889,0,1,1
r3.0:Fe:cn8:FeFeFeFeFeFeFeFe:sim00018,0.048763722,0.084400818,0,1,1
r3.0:Fe:cn8:FeFeFeFeFeFeFeFe:sim00022,0.063800447,0.060931578,0,1,1
r3.0:Fe:cn9:CCCCFeFeFeFeFe:sim00004,-0.082302622,-0.24946499,0,1,1
r3.0:Fe:cn9:CCCFeFeFeFeFeFe:sim00004,-0.016801305,-0.1399722,0,1,1
r3.0:Fe:cn9:CCCFeFeFeFeFeFe:sim00008,0.017848648,-0.14654584,0,1,1
r3.0:Fe:cn9:CCCFeFeFeFeFeFe:sim00012,-0.037075609,-0.11668911,0,1,1
r3.0:Fe:cn9:CCCFeFeFeFeFeFe:sim00016,-0.02646501,-0.10980731,0,1,1
r3.0:Fe:cn9:CCCFeFeFeFeFeFe:sim00020,-0.040938351,-0.11432946,0,1,1
r3.0:Fe:cn9:CCCFeFeFeFeFeFe:sim00024,-0.034811754,-0.15058661,0,1,1
r3.0:Fe:cn9:CCCFeFeFeFeFeFe:sim00028,-0.040884506,-0.11185156,0,1,1
r3.0:Fe:cn9:CCCFeFeFeFeFeFe:sim00032,-0.043789841,-0.13268802,0,1,1
r3.0:Fe:cn9:CCCFeFeFeFeFeFe:sim00036,-0.049678322,-0.12342598,0,1,1
r3.0:Fe:cn9:CCCFeFeFeFeFeFe:sim00040,-0.041280016,-0.10936168,0,1,1
r3.0:Fe:cn9:CCCFeFeFeFeFeFe:sim00044,-0.034370944,-0.13925575,0,1,1
r3.0:Fe:cn9:CCCFeFeFeFeFeFe:sim00048,-0.087918364,-0.11497803,0,1,1
r3.0:Fe:cn9:CCFeFeFeFeFeFeFe:sim00003,0.032596212,-0.055228941,0,1,1
r3.0:Fe:cn9:CCFeFeFeFeFeFeFe:sim00007,0.029260762,-0.059469879,0,1,1
r3.0:Fe:cn9:CCFeFeFeFeFeFeFe:sim00011,0.027048653,-0.020728273,0,1,1
r3.0:Fe:cn9:CCFeFeFeFeFeFeFe:sim00015,0.014572186,-0.033996794,0,1,1
r3.0:Fe:cn9:CCFeFeFeFeFeFeFe:sim00019,0.016263168,-0.024258526,0,1,1
r3.0:Fe:cn9:CCFeFeFeFeFeFeFe:sim00023,0.0088270307,-0.033080794,0,1,1
r3.0:Fe:cn9:CCFeFeFeFeFeFeFe:sim00027,0.011288985,-0.030271625,0,1,1
r3.0:Fe:cn9:CCFeFeFeFeFeFeFe:sim00031,-0.0052279672,-0.028020181,0,1,1
r3.0:Fe:cn9:CCFeFeFeFeFeFeFe:sim00035,0.010744569,-0.027810317,0,1,1
r3.0:Fe:cn9:CCFeFeFeFeFeFeFe:sim00039,0.028648274,-0.040448971,0,1,1
r3.0:Fe:cn9:CCFeFeFeFeFeFeFe:sim00043,0.0074677705,-0.031636845,0,1,1
r3.0:Fe:cn9:CCFeFeFeFeFeFeFe:sim00047,0.0090562319,-0.021287918,0,1,1
r3.0:Fe:cn9:CCFeFeFeFeFeFeFe:sim00051,-0.0042519323,-0.010097003,0,1,1
r3.0:Fe:cn9:CCFeFeFeFeFeFeFe:sim00055,-0.0023905085,-0.013078541,0,1,1
r3.0:Fe:cn9:CCFeFeFeFeFeFeFe:sim00059,0.015138365,-0.025931697,0,1,1
r3.0:Fe:cn9:CCFeFeFeFeFeFeFe:sim00063,0.012252684,-0.026919773,0,1,1
r3.0:Fe:cn9:CCFeFeFeFeFeFeFe:sim00067,0.011351743,-0.027931634,0,1,1
r3.0:Fe:cn9:CCFeFeFeFeFeFeFe:sim00071,0.010818564,-0.027746692,0,1,1
r3.0:Fe:cn9:CCFeFeFeFeFeFeFe:sim00075,0.0091448016,-0.030650964,0,1,1
r3.0:Fe:cn9:CCFeFeFeFeFeFeFe:sim00079,0.0084486604,-0.027904885,0,1,1
r3.0:Fe:cn9:CCFeFeFeFeFeFeFe:sim00083,0.02988157,-0.045725916,0,1,1
r3.0:Fe:cn9:CCFeFeFeFeFeFeFe:sim00087,0.043330379,-0.024098137,0,1,1
r3.0:Fe:cn9:CCFeFeFeFeFeFeFe:sim00091,0.0069826343,-0.028409977,0,1,1
r3.0:Fe:cn9:CCFeFeFeFeFeFeFe:sim00095,0.013238757,-0.027147759,0,1,1
r3.0:Fe:cn9:CCFeFeFeFeFeFeFe:sim00099,0.0074641793,-0.00099635008,0,1,1
r3.0:Fe:cn9:CCFeFeFeFeFeFeFe:sim00103,-0.022636166,-0.019518286,0,1,1
r3.0:Fe:cn9:CCFeFeFeFeFeFeFe:sim00107,-0.003017813,-0.034425266,0,1,1
r3.0:Fe:cn9:CCFeFeFeFeFeFeFe:sim00111,-0.0013690089,0.040457048,0,1,1
r3.0:Fe:cn9:CCFeFeFeFeFeFeFe:sim00115,0.0032737285,0.0032635503,0,1,1
r3.0:Fe:cn9:CCFeFeFeFeFeFeFe:sim00119,0.0047279503,0.015045368,0,1,1
r3.0:Fe:cn9:CCFeFeFeFeFeFeFe:sim00123,-0.028345041,0.0069685676,0,1,1
r3.0:Fe:cn9:CCFeFeFeFeFeFeFe:sim00127,-0.0088972822,-0.0083390381,0,1,1
r3.0:Fe:cn9:CCFeFeFeFeFeFeFe:sim00131,-0.027547436,0.0037422483,0,1,1
r3.0:Fe:cn9:CCFeFeFeFeFeFeFe:sim00135,-0.048337631,-0.0098888502,0,1,1
r3.0:Fe:cn9:CCFeFeFeFeFeFeFe:sim00139,-0.016773544,-0.010196415,0,1,1
r3.0:Fe:cn9:CFeFeFeFeFeFeFeFe:sim00003,0.081977688,0.0090342388,0,1,1
r3.0:Fe:cn9:CFeFeFeFeFeFeFeFe:sim00007,0.082026832,0.0089331716,0,1,1
r3.0:Fe:cn9:CFeFeFeFeFeFeFeFe:sim00011,0.066744715,0.028815243,0,1,1
r3.0:Fe:cn9:CFeFeFeFeFeFeFeFe:sim00015,0.061583918,0.02664784,0,1,1
r3.0:Fe:cn9:CFeFeFeFeFeFeFeFe:sim00019,0.064850703,0.033989038,0,1,1
r3.0:Fe:cn9:CFeFeFeFeFeFeFeFe:sim00023,0.066668488,0.021150384,0,1,1
r3.0:Fe:cn9:CFeFeFeFeFeFeFeFe:sim00027,0.063233487,0.031947486,0,1,1
r3.0:Fe:cn9:CFeFeFeFeFeFeFeFe:sim00031,0.068614475,0.025887018,0,1,1
r3.0:Fe:cn9:CFeFeFeFeFeFeFeFe:sim00035,0.062309895,0.033374071,0,1,1
r3.0:Fe:cn9:CFeFeFeFeFeFeFeFe:sim00039,0.062952086,0.034111775,0,1,1
r3.0:Fe:cn9:CFeFeFeFeFeFeFeFe:sim00043,0.06248289,0.033289127,0,1,1
r3.0:Fe:cn9:CFeFeFeFeFeFeFeFe:sim00047,0.064801537,0.034571417,0,1,1
r3.0:Fe:cn9:CFeFeFeFeFeFeFeFe:sim00051,0.049784742,0.049920101,0,1,1
r3.0:Fe:cn9:CFeFeFeFeFeFeFeFe:sim00055,0.066336475,0.035596788,0,1,1
r3.0:Fe:cn9:CFeFeFeFeFeFeFeFe:sim00059,0.066391625,0.035176903,0,1,1
r3.0:Fe:cn9:CFeFeFeFeFeFeFeFe:sim00063,0.06956812,0.026728788,0,1,1
r3.0:Fe:cn9:CFeFeFeFeFeFeFeFe:sim00067,0.063288391,0.034243107,0,1,1
r3.0:Fe:cn9:CFeFeFeFeFeFeFeFe:sim00071,0.064869031,0.035365406,0,1,1
r3.0:Fe:cn9:CFeFeFeFeFeFeFeFe:sim00075,0.061370544,0.03085798,0,1,1
r3.0:Fe:cn9:CFeFeFeFeFeFeFeFe:sim00079,0.062966116,0.041771095,0,1,1
r3.0:Fe:cn9:CFeFeFeFeFeFeFeFe:sim00083,0.084419996,0.019296771,0,1,1
r3.0:Fe:cn9:CFeFeFeFeFeFeFeFe:sim00087,0.08696162,0.035010848,0,1,1
r3.0:Fe:cn9:CFeFeFeFeFeFeFeFe:sim00091,0.058368787,0.033477664,0,1,1
r3.0:Fe:cn9:CFeFeFeFeFeFeFeFe:sim00095,0.064970382,0.03432386,0,1,1
r3.0:Fe:cn9:CFeFeFeFeFeFeFeFe:sim00099,0.057627048,0.056546569,0,1,1
r3.0:Fe:cn9:CFeFeFeFeFeFeFeFe:sim00103,0.033504669,0.041852459,0,1,1
r3.0:Fe:cn9:CFeFeFeFeFeFeFeFe:sim00107,0.050323013,0.027600359,0,1,1
r3.0:Fe:cn9:CFeFeFeFeFeFeFeFe:sim00111,0.057426173,0.065311596,0,1,1
r3.0:Fe:cn9:CFeFeFeFeFeFeFeFe:sim00115,0.056280684,0.062027391,0,1,1
r3.0:Fe:cn9:CFeFeFeFeFeFeFeFe:sim00119,0.05780299,0.071939111,0,1,1
r3.0:Fe:cn9:CFeFeFeFeFeFeFeFe:sim00123,0.011376986,0.050078332,0,1,1
r3.0:Fe:cn9:CFeFeFeFeFeFeFeFe:sim00127,0.046745382,0.053408157,0,1,1
r3.0:Fe:cn9:CFeFeFeFeFeFeFeFe:sim00131,0.043514777,0.050950695,0,1,1
r3.0:Fe:cn9:CFeFeFeFeFeFeFeFe:sim00135,0.044162285,0.05083742,0,1,1
r3.0:Fe:cn9:CFeFeFeFeFeFeFeFe:sim00139,0.038048558,0.049401034,0,1,1
r3.0:Fe:cn9:CFeFeFeFeFeFeFeFe:sim00143,-0.00435792,0.0081779286,0,1,1
r3.0:Fe:cn9:CFeFeFeFeFeFeFeFe:sim00147,0.016782509,0.022793213,0,1,1
r3.0:Fe:cn9:CFeFeFeFeFeFeFeFe:sim00151,0.033908591,0.039740462,0,1,1
r3.0:Fe:cn9:CFeFeFeFeFeFeFeFe:sim00155,0.017007863,0.051858749,0,1,1
r3.0:Fe:cn9:CFeFeFeFeFeFeFeFe:sim00159,0.044710226,0.051405225,0,1,1
r3.0:Fe:cn9:FeFeFeFeFeFeFeFeFe:sim00001,0.1038302,0.017094923,0,1,1
r3.0:Fe:cn9:FeFeFeFeFeFeFeFeFe:sim00005,0.098762244,0.043697398,0,1,1
r3.0:Fe:cn9:FeFeFeFeFeFeFeFeFe:sim00009,0.098330155,0.043036941,0,1,1
r3.0:Fe:cn9:FeFeFeFeFeFeFeFeFe:sim00013,0.08109089,0.059462391,0,1,1
r3.0:Fe:cn9:FeFeFeFeFeFeFeFeFe:sim00017,0.079910718,0.058738321,0,1,1
r3.0:Fe:cn9:FeFeFeFeFeFeFeFeFe:sim00021,0.072981179,0.057840403,0,1,1
r3.0:Fe:cn9:FeFeFeFeFeFeFeFeFe:sim00025,0.077470198,0.062199764,0,1,1
r3.0:Fe:cn9:FeFeFeFeFeFeFeFeFe:sim00030,0.073438466,0.085035168,0,1,1
r3.0:Fe:cn9:FeFeFeFeFeFeFeFeFe:sim00034,0.081012234,0.06753391,0,1,1
r3.0:Fe:cn9:FeFeFeFeFeFeFeFeFe:sim00038,0.074594878,0.062946424,0,1,1
r3.0:Fe:cn9:FeFeFeFeFeFeFeFeFe:sim00042,0.070760228,0.06028156,0,1,1
r3.0:Fe:cn9:FeFeFeFeFeFeFeFeFe:sim00046,0.083569109,0.043301862,0,1,1
r3.0:Fe:cn9:FeFeFeFeFeFeFeFeFe:sim00050,0.080640323,0.058124769,0,1,1
r3.0:Fe:cn9:FeFeFeFeFeFeFeFeFe:sim00054,0.072734714,0.061178338,0,1,1
r3.0:Fe:cn9:FeFeFeFeFeFeFeFeFe:sim00058,0.071646512,0.055208981,0,1,1
r3.0:Fe:cn9:FeFeFeFeFeFeFeFeFe:sim00062,0.079196833,0.063066334,0,1,1
r3.0:Fe:cn9:FeFeFeFeFeFeFeFeFe:sim00066,0.066223733,0.074902937,0,1,1
r3.0:Fe:cn9:FeFeFeFeFeFeFeFeFe:sim00070,0.077703789,0.071018644,0,1,1
