0 -0.0002512736 -0.0002229229 -0.0001470546 3.0109087361 3.0695325097 3.1205618268 3.3540208311 3.6007277256 3.649348341 4.2023631748 4.2938735121 4.4625787015 4.6168147823 4.6369447513 4.7466382916 4.8026774684 4.9214770842 5.0263891723 5.0830664521 5.0958566842 5.1521765943 5.24212648 5.2723838957 5.2828472524 5.3242455865 5.3795493484 5.3978438037 5.4214782892 5.5132113094 5.5512533676 5.5664236064 5.6163349458 5.6363401806 5.7016742803 5.7085235688 5.7619939006 5.7937004822 5.7999620675 5.8153942479 5.8585229404 5.9007823664 5.9114512948 5.9419579994 5.9622286945 5.9779696773 5.9852204943 6.0320670775 6.1668343554 6.1864944089 6.2685287511 6.4578932403 6.4671376476 6.4750700377 6.4853863487 6.6429077057 6.6861433705 6.7719658307 6.8687422022 7.0214969453 7.0647180462 7.1638121983 7.1825340904 7.1891786737 7.2176646685 7.2361126155 7.4941176227 7.5080693675 7.5445564129 7.6450448484 7.6935986243 7.7367569215 7.7478347508 7.8474169924 7.9222615462 7.9670906547 7.9964266725 8.0520316751 8.1874700768 8.2299237907 8.3084665108 8.4320115173 8.4787443046 8.5701288798 8.6134245709 8.6793110778 8.6828012263 8.736067109 8.8350511848 8.8516396242 8.9727441829 9.0473522459 9.1770491524 9.4869795654 11.0440104082 11.4649324815 11.9498846153 16.0457026636 16.2300260065 16.2324246054 16.3812118563 16.5167999517 16.5295830546 24.1114702051 24.241024917 24.4522901793
1 0.0592291716 0.06457073 0.110139053 3.0113640144 3.0699617712 3.1204353554 3.3533780865 3.6012656938 3.6496276206 4.2022997921 4.2937201713 4.4624359666 4.6173902472 4.636766813 4.7470220557 4.8028760062 4.9220172462 5.0266950399 5.0821007034 5.0956355869 5.1512206578 5.2416309163 5.2716627767 5.2815370673 5.3243451611 5.3782011023 5.3988080537 5.4214944887 5.5065233058 5.5493662544 5.5714185498 5.6162899495 5.6345774621 5.7037403077 5.7096349063 5.7626104019 5.7751482855 5.8154285502 5.8155887208 5.8590391001 5.9012981227 5.9112301801 5.9397535415 5.9641597517 5.9799233991 5.9883560685 6.0336552448 6.1667429514 6.1872492079 6.269002166 6.4580773234 6.4677708401 6.4743995827 6.4859896425 6.64202192 6.6867271346 6.7731219298 6.8684495073 7.0210094788 7.0652827022 7.1635251354 7.1833133789 7.1885849387 7.2176306335 7.2364869816 7.4940801747 7.5080362945 7.5449544553 7.6450849191 7.6926981628 7.7364758483 7.7465087459 7.8473159921 7.923095302 7.966922983 7.9971749564 8.05232211 8.1873605471 8.2297198198 8.3084899262 8.4292834172 8.4804161588 8.570058294 8.6131783728 8.6790592277 8.6816576223 8.7367156738 8.8354163946 8.8513277893 8.9726084437 9.0474620606 9.1769324555 9.4867394355 11.0441893892 11.4648427801 11.9496207709 16.0457009874 16.2300321175 16.2323896643 16.3811624892 16.5165072272 16.5298040388 24.1114355992 24.240996178 24.4522224253
2 0.1184736924 0.1292797677 0.2201741474 3.0127288611 3.0712493363 3.120060194 3.3514637964 3.602877873 3.6504649765 4.2021104035 4.2932624307 4.4620077436 4.6190969804 4.6362334749 4.7481651841 4.8034504726 4.9236455032 5.0276031204 5.079208661 5.0949558522 5.1483780362 5.2401130507 5.2696145887 5.2776117695 5.3244924529 5.3746024511 5.401119658 5.4215232736 5.4914641524 5.5435474532 5.5816328546 5.6158001893 5.6313833615 5.7047399339 5.716598515 5.751541741 5.7653073407 5.816190268 5.8283499409 5.8605327684 5.9028504039 5.9118096597 5.9345729537 5.9697974974 5.9852086565 5.9963208414 6.0385020534 6.1665223638 6.1894589284 6.2704266337 6.4585405522 6.4696581182 6.4726850949 6.4876448531 6.6394906314 6.6884394388 6.7764308083 6.8676249189 7.0196217193 7.0668616533 7.1626672138 7.1856228505 7.1868812642 7.217546277 7.2375588403 7.4939820512 7.5079374683 7.5461190484 7.6451568235 7.6897100285 7.7356328989 7.743131267 7.8470136789 7.9253296596 7.9664207726 7.9993983544 8.0532243513 8.1870273178 8.2291085869 8.3085608964 8.4220822189 8.4844482429 8.5698381932 8.6124400005 8.6783037367 8.6784492369 8.7384851514 8.8364831278 8.8503930814 8.9722107962 9.047782361 9.176584713 9.486019669 11.0447263622 11.4645739997 11.9488296299 16.0456959224 16.2300485458 16.2322863391 16.3810149748 16.5156871471 16.5304093693 24.1113319146 24.2409101032 24.452019407
3 0.1777470486 0.1939686814 0.3301742682 3.0150003133 3.0733945485 3.1194490071 3.348319176 3.6055590866 3.6518589601 4.2017972629 4.2925071013 4.4612939878 4.6218773281 4.6353461641 4.7500435214 4.8043388209 4.9263813517 5.0290829581 5.0744064647 5.0937678288 5.143719965 5.2374862808 5.266531584 5.2710894055 5.3242198142 5.3693448524 5.4037830631 5.4214986428 5.4739434753 5.5336186833 5.5919315094 5.6143903596 5.6300408543 5.7036226384 5.7278748931 5.7281621154 5.7682937021 5.8172523787 5.8345183918 5.8628500483 5.9054374763 5.9153050826 5.9285285604 5.9786133998 5.992811702 6.0069871739 6.0467823932 6.1662942832 6.1930017601 6.2728144513 6.4589220715 6.4706244218 6.4727618189 6.4901658387 6.6356419725 6.6911714623 6.7814555086 6.8664354405 7.0175102232 7.0691593179 7.1612454207 7.1842720082 7.1893652878 7.2174798244 7.2392034893 7.4938610518 7.5077740686 7.5479622318 7.645059555 7.6839930653 7.7342288975 7.7392206951 7.8465121119 7.9283234437 7.9655864485 8.0029937493 8.0548349046 8.1864568956 8.2280921319 8.3086809167 8.4120279711 8.4892211669 8.569443049 8.6112101224 8.6736977919 8.6770447878 8.7409885641 8.8381680744 8.8488378844 8.9715789682 9.0482865737 9.1760129913 9.4848221363 11.0456214153 11.4641271111 11.9475123692 16.0456873589 16.2300688519 16.2321198579 16.3807710681 16.5144667024 16.5312734642 24.1111595496 24.2407671182 24.4516818535
4 0.2370636642 0.2586643069 0.4401003498 3.0181734404 3.0763963194 3.1186225917 3.3440109298 3.6093007056 3.653807157 4.2013640441 4.2914654214 4.4602946577 4.6256394982 4.6341072476 4.7526178762 4.8054423317 4.9302442905 5.0310770882 5.0677226074 5.0919886748 5.1373518509 5.2336317584 5.2620061836 5.2627590346 5.3226283722 5.3628289633 5.4057506462 5.4212852717 5.4574292906 5.5199066484 5.6003774996 5.6128469548 5.6311837218 5.7018166534 5.7051399119 5.7403635103 5.7716893162 5.8188627781 5.8348814695 5.8657645725 5.9089468646 5.9220176947 5.9229331133 5.9892721206 6.002505655 6.0191104664 6.0585912885 6.1661937318 6.1977531698 6.2761849636 6.4583638473 6.4693373633 6.4770164445 6.4935166379 6.6309000811 6.6947655121 6.7875600133 6.8651833882 7.0148661957 7.0717930729 7.1592667074 7.1810320212 7.1943112664 7.217617512 7.2412807253 7.4937662796 7.5075480681 7.5503337248 7.6441562336 7.675463701 7.7322652622 7.7363473532 7.8458147136 7.9313933534 7.9644240865 8.0076911937 8.0573221867 8.1856282847 8.226673855 8.3088499005 8.4001862039 8.4936765615 8.5688295791 8.6094898617 8.6679818032 8.6752827075 8.7438589763 8.8403430354 8.8466661476 8.9707561254 9.0489330168 9.1752291362 9.483149956 11.0468746878 11.4635037295 11.9456709463 16.0456751086 16.2300793469 16.2319019252 16.380433675 16.5129691434 16.5322754037 24.1109191666 24.2405679298 24.4512109784
5 0.2964375997 0.323375526 0.5499236573 3.0222413547 3.080253137 3.1176094278 3.3386284851 3.6140906449 3.6563061874 4.2008157156 4.290152897 4.459009763 4.6302635246 4.632520015 4.7558354443 4.8066325583 4.9352334819 5.0334891109 5.0591997304 5.0895065617 5.129396671 5.2284295857 5.2504220196 5.2585598312 5.3181312867 5.3559297624 5.4053987162 5.4206211503 5.4450972336 5.5033480994 5.6063210355 5.6122468373 5.6337936034 5.6833419458 5.6996985798 5.7528470495 5.7743513497 5.8211429484 5.8325957993 5.8690098595 5.9122764629 5.9194869929 5.930593272 5.9996229643 6.0150867445 6.0319956676 6.0737883438 6.1663644692 6.2036084873 6.2805631569 6.4561060879 6.4698177086 6.4823239025 6.4977351206 6.6256983198 6.6990408174 6.7939516822 6.8643440298 7.0118429712 7.0743569546 7.1567373342 7.1774642872 7.199874402 7.2184896729 7.2436770204 7.4937429251 7.507262242 7.5529927816 7.6404131273 7.6663132597 7.7297440724 7.7352270352 7.8449262568 7.9340643517 7.9629394672 8.013006845 8.0609164 8.1845154786 8.2248585174 8.3090608228 8.3871466591 8.497248195 8.5679388921 8.6072808101 8.661814469 8.6730179967 8.7468519023 8.8428487939 8.8438833502 8.96979696 9.0496680543 9.1742498453 9.4810074968 11.0484863598 11.4627061098 11.9433080953 16.045658898 16.2300528611 16.2316570018 16.3800068227 16.5112856545 16.5333272275 24.1106116898 24.2403135211 24.4506084753
6 0.3558825573 0.3881080164 0.6596171682 3.02719523 3.0849630743 3.1164450801 3.3322805093 3.6199133551 3.6593517075 4.2001583643 4.2885890949 4.4574394248 4.6305886539 4.6356086667 4.7596314723 4.8077601531 4.941297742 5.0361609479 5.0488959965 5.0861990784 5.1199769797 5.2217496323 5.2364244548 5.2540042258 5.3088925536 5.350246382 5.4010896838 5.4189665924 5.439540597 5.4852719491 5.6095690142 5.6128431718 5.6370683002 5.6634251409 5.6975005856 5.7646988583 5.7751383517 5.8242414646 5.830805103 5.8723102334 5.911386805 5.9225572859 5.939844029 6.0087194163 6.0304984711 6.0451296935 6.0919448071 6.1669941407 6.2104763526 6.2859783184 6.4526867808 6.4717701313 6.4885453397 6.5028689328 6.6204439589 6.703816513 6.7996887458 6.8645889489 7.0085471818 7.0764504388 7.1536636085 7.1738781614 7.2046031991 7.2214791235 7.2463195017 7.4938159475 7.5069201809 7.5555034459 7.6303889814 7.6610519256 7.7266681611 7.7357332233 7.8438528514 7.9361297888 7.9611401531 8.0183211976 8.0658453974 8.1830915493 8.2226522416 8.3092872169 8.3732805773 8.4996223366 8.5667054461 8.6045850472 8.6556230525 8.6702513757 8.749837737 8.8404964507 8.8455107169 8.9687631644 9.0504293912 9.1730967106 9.4784003797 11.0504566369 11.4617371407 11.9404273195 16.0456383588 16.2299403895 16.2314307302 16.3794956183 16.5094784359 16.5343708166 24.1102383016 24.2400051459 24.449876513
7 0.415411812 0.4528663136 0.7691543294 3.0330243266 3.0905237977 3.1151714789 3.3250910164 3.6267498042 3.6629384135 4.1993989643 4.2867974056 4.4555839448 4.6283182167 4.6415213491 4.7639308722 4.8086636486 4.9482938312 5.0368851406 5.0388240175 5.0819906517 5.1091980902 5.2133315734 5.2201314317 5.2488792999 5.2951107908 5.3464770604 5.3940201687 5.4151132596 5.4397844928 5.4675253355 5.6101005356 5.6144736391 5.6404925288 5.6459410526 5.6954477111 5.7735025127 5.7755573122 5.828303472 5.8313392388 5.8754136332 5.9091302496 5.9294793529 5.9491993036 6.0170333481 6.0477103766 6.058002549 6.1123950202 6.1683643046 6.2182681745 6.2924633127 6.4489793847 6.4745740081 6.4954878875 6.5089516113 6.6155250831 6.7089276836 6.8037813254 6.8666786391 7.0050498894 7.0777042453 7.1500523774 7.1705683367 7.2068423135 7.2281606632 7.2491723304 7.4939674886 7.5065263072 7.5568859985 7.6154220626 7.660127791 7.7230412363 7.7374637815 7.8426019327 7.9375799152 7.9590355942 8.0230820163 8.0721980656 8.1813352088 8.2200625115 8.3094491472 8.3589058847 8.5006125704 8.5650757245 8.601405166 8.6497517415 8.6669838421 8.752762133 8.8365138218 8.8481535191 8.9677186648 9.0511490167 9.1717961624 9.4753354809 11.0527857318 11.4606003365 11.9370328827 16.0456130175 16.2296821468 16.2312789686 16.3789061931 16.5075903287 16.53536822 24.1098004386 24.2396443209 24.4490177293
8 0.4750381364 0.5176542876 0.8785087371 3.0397160272 3.0969325714 3.1138361097 3.3171953623 3.6345774437 3.6670600533 4.1985450891 4.2848047944 4.4534438767 4.6257145791 4.6478425958 4.7686493817 4.8091755281 4.9559278871 5.0232545348 5.0409773896 5.0770103225 5.0971333563 5.20169504 5.2025675889 5.2425368083 5.2799151608 5.3437901924 5.3867530096 5.4066554989 5.4430214835 5.4529604608 5.6079605112 5.6168913397 5.6313264246 5.643643506 5.6937981233 5.7700200933 5.7852518689 5.8333964979 5.8344066954 5.8781463025 5.9079143802 5.9379211802 5.9584175309 6.0249503059 6.0661177887 6.0700183233 6.1343659119 6.1708959834 6.2268921036 6.3000549745 6.4455527244 6.4779136715 6.5028847756 6.5159958644 6.6113412083 6.7142339561 6.8055365261 6.871093268 7.0014008689 7.0778283823 7.1459111274 7.1677752858 7.2070193679 7.2380156399 7.2522266748 7.4940860617 7.5060858939 7.5546393526 7.6010483919 7.661248673 7.7188680316 7.7400600594 7.8411822563 7.9385034085 7.9566372646 8.026991927 8.0797966967 8.1792415443 8.2170981701 8.309296896 8.3444637575 8.5001086996 8.563033333 8.5977443053 8.6444549301 8.6632167424 8.7556104884 8.8319451697 8.8506135453 8.9667247443 9.0517556263 9.1703792211 9.4718209342 11.0554738422 11.4592998277 11.9331297987 16.0455822835 16.229256531 16.2312189363 16.3782456331 16.5056523118 16.5362941021 24.1092997864 24.2392328165 24.4480352228
9 0.5347737251 0.5824752665 0.9876540188 3.0472558854 3.1041862547 3.1124911467 3.3087363869 3.64337014 3.6717094575 4.1976045616 4.2826415607 4.4510200926 4.6227843876 4.65441386 4.7736936251 4.8091233166 4.9636680637 5.0081011397 5.041588881 5.0719689662 5.0838104797 5.1813089066 5.1884766144 5.2338953862 5.2675732853 5.3412909414 5.3806144003 5.3915268954 5.4439448003 5.4476713633 5.6032688117 5.6198460397 5.6198460607 5.6461106946 5.6928645416 5.7658466426 5.7938108309 5.8393419525 5.8394016452 5.8805087993 5.9080901764 5.9474644358 5.9673787011 6.032634424 6.0804824613 6.0854874234 6.1571128867 6.1751490844 6.2362513414 6.308795764 6.4427908049 6.4816464372 6.5103707606 6.5239937462 6.6083424547 6.7196221801 6.8049074225 6.8776527033 6.9976410243 7.0766830089 7.1412479206 7.1656281579 7.2061647708 7.2499138074 7.255489465 7.4937997195 7.5056050884 7.5447707248 7.5931466287 7.6633562515 7.7141544923 7.7432598711 7.8396039016 7.9390191532 7.9539588381 8.0300205283 8.0882024969 8.1768402398 8.2137694173 8.307906782 8.3310529895 8.4980630712 8.5606174298 8.593606188 8.6398836032 8.6589518575 8.7583838855 8.8268014381 8.8527480777 8.9658351017 9.0521766267 9.1688809445 9.4678661334 11.0585211252 11.457840349 11.9287238186 16.0455454386 16.2286893123 16.2312201514 16.3775218949 16.5036881558 16.5371310229 24.1087382737 24.2387726459 24.4469325439
10 0.5946301229 0.6473320588 1.0965637723 3.0556276909 3.1111925588 3.1122812883 3.2998608958 3.6530980321 3.6768786263 4.1965850364 4.2803411267 4.4483138368 4.6195349947 4.6610801595 4.7789588765 4.8083251784 4.9706090427 4.9915257803 5.0388215215 5.0685561292 5.0691960162 5.159221955 5.1704598977 5.2227683001 5.2606861743 5.3387231601 5.3710964884 5.3760481117 5.4393150256 5.4531227241 5.5964073792 5.6114016012 5.6230857612 5.6475093884 5.6929904297 5.761914185 5.8014474074 5.8454844429 5.8459320269 5.8827662333 5.9096422263 5.9578958116 5.9759929759 6.0402196634 6.0887224522 6.1056501908 6.1799934939 6.1816992192 6.2462450759 6.3187360406 6.4409839533 6.4856994262 6.5174681498 6.5329199081 6.6070559435 6.7250052668 6.8023655215 6.8856085539 6.9938139131 7.07434346 7.136071312 7.1640993387 7.2047483471 7.2589720903 7.263278389 7.4917675337 7.5050909397 7.5286228783 7.5924189127 7.6660813615 7.7089080096 7.7468737461 7.837878287 7.9392433945 7.9510164093 8.0322719785 8.0968193115 8.1742273413 8.2100878022 8.3021584174 8.3219719906 8.4944970823 8.5579179929 8.5889951674 8.6360815636 8.6541915015 8.7610849121 8.821094697 8.8544418838 8.9650910343 9.0523399844 9.1673394425 9.4634817343 11.0619276697 11.4562272265 11.9238214161 16.0455016267 16.228011751 16.2312464582 16.3767437047 16.501717133 16.5378666551 24.1081180652 24.2382660527 24.4457136844
11 0.6546181556 0.7122269379 1.2052115201 3.0648135545 3.1099992192 3.1212136643 3.2907166038 3.663727182 3.6825589997 4.1954935066 4.2779398716 4.4453267558 4.6159743779 4.6676893547 4.7843220744 4.8065823225 4.9736264484 4.9752886932 5.0314106128 5.0531748156 5.0681856772 5.1357607009 5.1494194905 5.210437004 5.2587419245 5.3364700937 5.3478111829 5.3730246811 5.4367681554 5.4591630766 5.5880142549 5.6055519485 5.6263382169 5.6475946633 5.6944463909 5.7587090604 5.8084681101 5.8523468088 5.8524374269 5.8854156517 5.91245641 5.9690339326 5.9841502821 6.0479077411 6.0943484285 6.1263801629 6.1908782254 6.2024808394 6.2567708223 6.3299349891 6.440358096 6.490029676 6.5236270929 6.5427358183 6.6080534512 6.730318961 6.7984949271 6.8940086155 6.9899789158 7.071123391 7.1303903007 7.1630066565 7.2029483164 7.2626785805 7.2778186054 7.4833205444 7.5045514353 7.5148553858 7.5952981965 7.6692677771 7.7031377171 7.7507589571 7.8360181979 7.939278391 7.9478287713 8.033858087 8.104950122 8.17161882 8.206066214 8.2903004361 8.3191709293 8.4895129574 8.5550450428 8.5839162823 8.6330037512 8.6489386355 8.7637104378 8.8148380158 8.8556112757 8.9645172491 9.0521762084 9.1657943594 9.4586796554 11.0656934663 11.4544663623 11.9184297716 16.0454498467 16.2272440436 16.2312727406 16.3759204432 16.4997555722 16.5384921497 24.1074415538 24.2377154972 24.4443830654
12 0.7147478649 0.777161615 1.3135706625 3.0747940168 3.1089720418 3.1309788766 3.2814495989 3.675218445 3.6887424761 4.1943357278 4.2754770299 4.4420608923 4.6121110373 4.6740859041 4.7896234577 4.803675817 4.954491144 4.9756220318 5.0202815628 5.0355250197 5.0702811927 5.1113583149 5.1276474639 5.1977843313 5.2605479325 5.3230393194 5.3352647047 5.3712670722 5.4350372255 5.4657473034 5.5785389921 5.6019721282 5.6292605799 5.6464327382 5.6973040645 5.7563853766 5.8151508652 5.857912534 5.8600035312 5.8889616597 5.9165154381 5.9807102298 5.9916931931 6.0559926883 6.0974476455 6.1473805202 6.2025814518 6.2241551755 6.2677275637 6.342456642 6.4410829627 6.4946078416 6.5283755637 6.5533936734 6.6118039853 6.7355177858 6.7937672442 6.9018773433 6.9862256711 7.067550767 7.1242143219 7.1620657099 7.2008387523 7.2665920599 7.2933433641 7.4644573626 7.5039955542 7.5098843802 7.5996997637 7.6728282283 7.6968548837 7.7548032979 7.8340378275 7.939210259 7.9444177646 8.0348392652 8.1117558405 8.1694210263 8.2017188653 8.2760880692 8.3191379871 8.4832942835 8.5520906305 8.5783753197 8.6305526452 8.6431969924 8.7662488909 8.8080453231 8.8562056713 8.9641190679 9.0516206727 9.1642847875 9.4534730773 11.0698183754 11.4525642179 11.9125567538 16.0453889482 16.2263983946 16.2312820247 16.3750620136 16.4978177514 16.5390011574 24.1067113521 24.2371236416 24.4429455239
13 0.7750284477 0.8421372067 1.4216144233 3.085548184 3.108173165 3.1415718458 3.2722023306 3.6875215526 3.6954271818 4.1931155494 4.2729946599 4.4385186251 4.6079538631 4.680095768 4.7945793043 4.7994266186 4.9341901937 4.9695780349 5.0064883618 5.0159049448 5.0733756242 5.0865736363 5.1081418619 5.1853620359 5.26533138 5.2974144497 5.335801268 5.3705208977 5.4335578188 5.4729061002 5.568315144 5.6003944831 5.631264745 5.6445859053 5.7014208831 5.7549222278 5.8216658617 5.8621553147 5.8680888106 5.8935362539 5.9220065095 5.9927648496 5.9984246645 6.0648331294 6.0984953319 6.1683004469 6.2163586343 6.2447033117 6.2790194546 6.3563568325 6.4432746048 6.4994107581 6.531534635 6.56483946 6.6184551653 6.7405709164 6.7885166457 6.9082161774 6.9826764583 7.064320569 7.1175532737 7.1609573675 7.1984538829 7.2706566463 7.3096975883 7.4404425453 7.5034333542 7.5095736014 7.6048179172 7.6766979817 7.690073445 7.7589166052 7.8319528269 7.9391092904 7.9408087143 8.0352097495 8.1162274053 8.1682269374 8.1970612704 8.2617029072 8.3200197653 8.4760870458 8.5491071799 8.5723788885 8.6286170442 8.636971215 8.7686802681 8.8007312522 8.8562064666 8.9638817685 9.0506163199 9.1628467049 9.4478764412 11.0743020941 11.450527795 11.9062109 16.0453176319 16.2254830579 16.2312616218 16.374178696 16.4959164085 16.5393892282 24.1059302831 24.2364933331 24.4414062992
14 0.8354681998 0.9071542021 1.5293157778 3.0970538933 3.1076651991 3.1529868168 3.2631120942 3.7004711434 3.7027212455 4.1918341502 4.2705376829 4.4347025262 4.6035119588 4.6854946609 4.7931422123 4.7993027145 4.912767201 4.9568307028 4.9895687535 4.9939015678 5.0620509294 5.0743063683 5.0950624305 5.174078058 5.2712560725 5.2725157535 5.3384469053 5.3707786323 5.4320527074 5.4806907209 5.5577480511 5.6004471078 5.6311869784 5.6433400202 5.7065373827 5.7542395381 5.8280501003 5.8651304522 5.8766412857 5.8987443831 5.9292368257 6.0041571902 6.0050379119 6.074783121 6.0981104214 6.1887505193 6.2316616988 6.2639364169 6.2905599749 6.3716597992 6.4469972766 6.5044179199 6.5332944378 6.5770151289 6.6277477566 6.7454583935 6.7829772951 6.9120295902 6.9794368717 7.0622292192 7.1104175697 7.1593763746 7.1958108044 7.2747468487 7.3267394366 7.4151277332 7.5028761282 7.5107964965 7.610309571 7.680817145 7.6828107541 7.763027053 7.8297803583 7.9370309799 7.9390298272 8.0348967131 8.1174605493 8.1684621351 8.1921102131 8.2481392508 8.3213108938 8.4681680085 8.5461087814 8.565934504 8.6270999116 8.6302670028 8.7709776662 8.7929109768 8.8556232343 8.9637723766 9.0491165784 9.1615101954 9.4419054452 11.0791441234 11.4483646157 11.8994013946 16.0452344548 16.2245045158 16.2312011405 16.3732809889 16.4940630276 16.5396534317 24.1051013694 24.2358275869 24.4397710164
15 0.8960744636 0.9722124308 1.6366473552 3.1075105455 3.1092879058 3.1652172271 3.2543099587 3.7100077081 3.714621605 4.1904891737 4.2681539765 4.4306150951 4.5987943959 4.6899408106 4.7853786223 4.8025006022 4.8902269165 4.9389952 4.9689185973 4.9692015374 5.0383610483 5.0682080489 5.0923347231 5.1652195218 5.2447475595 5.2816361808 5.3429596064 5.372509871 5.4303567325 5.4890914605 5.5473376437 5.6017061937 5.6281791209 5.6437165748 5.7123688102 5.7542652545 5.8342099876 5.8672262322 5.8856192515 5.9041274189 5.9383726353 6.0087803477 6.0173479171 6.0861098177 6.096901393 6.2083103016 6.2480104037 6.2818192308 6.3022763924 6.3883306406 6.4522662883 6.5096099607 6.5340534741 6.5898600662 6.6391609757 6.750167859 6.777318389 6.9125247063 6.9764619461 7.0620500515 7.1028182097 7.1570527805 7.1929184733 7.2786016764 7.3443303091 7.3901460751 7.5023367092 7.5126250712 7.6160020309 7.6750886725 7.6851227943 7.767080136 7.8275391418 7.9331186478 7.9390085981 8.0337600743 8.1152641682 8.1696368622 8.1868837051 8.2363655767 8.3228307917 8.4598143611 8.5430854957 8.5590506847 8.6230912671 8.6259316495 8.7731095371 8.7846000371 8.854487754 8.9637435531 9.0470881312 9.1602968666 9.4355770386 11.0843437339 11.4460826998 11.8921380461 16.0451378423 16.2234685289 16.2310916298 16.3723794413 16.4922679922 16.5397921088 24.1042278228 24.2351295674 24.43804567
16 0.9568535816 1.0373110327 1.7435813033 3.1077707976 3.1222261264 3.1782555481 3.245920082 3.7181055155 3.7290857699 4.1890737744 4.2658944831 4.4262583017 4.5938098586 4.692829282 4.7758608 4.8035006924 4.8665176299 4.917904975 4.9418280538 4.94581021 5.0157831268 5.0589583291 5.0935984286 5.1599642564 5.2180074436 5.2924069605 5.3481116561 5.3769565532 5.4283469975 5.4977687761 5.537897065 5.6037531723 5.6230926758 5.6450473763 5.7186433186 5.7549651169 5.8399374843 5.8688250114 5.8949776812 5.9096566515 5.9492774068 6.0123005732 6.0294436641 6.0954597373 6.0989439075 6.2265347512 6.2650332078 6.298489771 6.3141143634 6.4062560091 6.4590521997 6.5149682805 6.5341985769 6.6033120721 6.6521124566 6.7546918647 6.7716647268 6.9094082354 6.9734509758 7.064318745 7.094766864 7.1537577159 7.189781672 7.2816603262 7.3623285513 7.366816904 7.5018300928 7.5147044239 7.6217956505 7.6669352129 7.6895450988 7.7710389065 7.8252494784 7.929111404 7.9390610999 8.0315925196 8.1102788963 8.170088797 8.1814009302 8.2277019535 8.3244859867 8.4512835022 8.5400188988 8.5517370636 8.6154522893 8.6250721061 8.7750421692 8.7758141618 8.8528468362 8.9637386556 9.0445130855 9.1592179466 9.4289094143 11.0898999332 11.4436905406 11.8844312621 16.0450261062 16.2223806474 16.2309252565 16.3714844789 16.4905406573 16.5398047052 24.1033130323 24.2344025693 24.4362366062
17 1.017810854 1.1024484294 1.8500890936 3.1085062254 3.1358438411 3.1920931046 3.2380593608 3.7265901243 3.7442139273 4.1875755894 4.2638132651 4.4216328258 4.5885660998 4.693001106 4.7654108814 4.8003286335 4.841506374 4.894579665 4.9122312185 4.923342361 4.9942411101 5.0497529197 5.0938798133 5.1585225328 5.1911208052 5.304750379 5.3520857472 5.3856792703 5.425912314 5.504807054 5.5317902599 5.6061981771 5.6168627849 5.6465817859 5.7251107365 5.7563477731 5.8449485452 5.8701853213 5.904664367 5.9156974358 5.9616329399 6.0148298398 6.0408995833 6.0944684943 6.1132844761 6.2429750087 6.2824478117 6.3142442724 6.326042688 6.4252397335 6.4672862554 6.520475458 6.5339895191 6.6173080127 6.6660505313 6.759025736 6.7661064536 6.9029571133 6.9699902162 7.0691217982 7.0862759715 7.1493136813 7.186402928 7.2826691022 7.3469996078 7.3805831256 7.5013747702 7.516832387 7.6276275156 7.6583870952 7.6940055147 7.7748843054 7.8229332232 7.9250556354 7.9391756915 8.0281286506 8.1034239193 8.1678967683 8.175682173 8.2235142826 8.3262100649 8.4428037393 8.5368934814 8.5440045148 8.6073598797 8.6245063176 8.766569089 8.7767421199 8.850755021 8.9636968709 9.0413901506 9.1582734583 9.4219219998 11.095811434 11.4411970794 11.8762920237 16.0448974705 16.2212464683 16.2306952263 16.3706062286 16.488889373 16.5396916546 24.1023605513 24.2336499968 24.434350503
18 1.0789505017 1.1676222975 1.9561412369 3.1097753495 3.1501159617 3.2067198827 3.2308373768 3.735476586 3.7599102777 4.1859756625 4.2619673987 4.4167368071 4.5830690614 4.68842535 4.7558373897 4.7902861778 4.8149516856 4.8689120864 4.8811653008 4.9058397618 4.973457338 5.0411993917 5.092659569 5.1598006419 5.1641547601 5.3186702875 5.3543068313 5.3987870501 5.4229384119 5.5048480547 5.5348060833 5.6086910678 5.609952809 5.6480426178 5.7315448027 5.7584547326 5.8489603844 5.8714639592 5.9146204058 5.9227296368 5.9751205203 6.0165449483 6.050921603 6.0949135968 6.1290347715 6.2572338527 6.3000276799 6.3294704968 6.3380589367 6.4450025824 6.4768666641 6.5261164203 6.5335495308 6.6317842529 6.6804362775 6.7607103375 6.7631659334 6.8937792408 6.9658384179 7.076060821 7.0773588527 7.1436379753 7.1827835221 7.2793054654 7.3335672972 7.3989245226 7.5009957278 7.5188550813 7.633456165 7.6494938657 7.6984164567 7.7786145102 7.8206136738 7.9210058124 7.939304668 8.0230816828 8.0955099152 8.1625493095 8.1697487287 8.223922829 8.327944275 8.4345725525 8.5337036841 8.5358652983 8.5988255322 8.6242378558 8.7568803908 8.7781784758 8.8482679935 8.9635575392 9.0377346548 9.1574526434 9.4146354449 11.1020766234 11.4386116773 11.8677318579 16.0447501041 16.220071764 16.2303958155 16.3697543478 16.4873214795 16.5394542949 24.1013740853 24.2328753433 24.432394351
19 1.140275634 1.2328295433 2.0617068543 3.1116346069 3.1650172625 3.2221243378 3.2243566281 3.7447500881 3.7761018454 4.184247339 4.2604165643 4.4115637798 4.5773213468 4.6768710448 4.7492951899 4.7716887634 4.7865003562 4.8405862831 4.84951626 4.8962519873 4.9531341346 5.0337362916 5.0905743483 5.1371669193 5.1622546896 5.3339187069 5.3556359091 5.4150131829 5.4193006698 5.4986611593 5.5465993505 5.6026314111 5.6109320728 5.6493507161 5.7377455304 5.7613416193 5.851796238 5.8727545586 5.9247814434 5.9311311122 5.9894894739 6.0176509369 6.0582648855 6.0981827093 6.1460332664 6.2690598098 6.31756851 6.3445371678 6.3501979949 6.4651569995 6.4876648462 6.5318807457 6.5329209537 6.6466769379 6.694637971 6.7555737644 6.7671088477 6.8825636594 6.9610434832 7.0680298443 7.0843607489 7.1368745047 7.1789240628 7.2702040803 7.328356285 7.4171487321 7.5007316373 7.5206371559 7.6392544764 7.6403247897 7.7026823338 7.782242318 7.8183153222 7.9170262124 7.9393504506 8.0162280643 8.0871587173 8.1552275915 8.1636227916 8.2275358088 8.3296295675 8.4267588111 8.5273332249 8.5304580342 8.5898625689 8.6242820441 8.7467633074 8.7793249072 8.8454371429 8.9632632156 9.0335775082 9.1567355127 9.4070716085 11.1086935346 11.4359440861 11.8587628087 16.0445821615 16.2188625422 16.230022446 16.3689378627 16.4858432868 16.5390948053 24.1003574771 24.2320821699 24.4303754314
20 1.2017882213 1.298066278 2.1667530086 3.1141381215 3.1805225904 3.2187130745 3.2382932197 3.754390286 3.7927135146 4.1823551104 4.2592221551 4.4060992142 4.5713193562 4.6579977301 4.745163353 4.7464617884 4.755769933 4.8102751525 4.8181452289 4.8936454745 4.9330373543 5.0277325329 5.0881978102 5.110210387 5.1647710027 5.3481216064 5.3588593985 5.4148616786 5.4330496003 5.4911324647 5.5627415329 5.5951063877 5.6126870502 5.6504919767 5.7435416041 5.765056171 5.8534596832 5.874108588 5.9350770262 5.9410799591 6.0045479891 6.0183633938 6.0620998144 6.1052159992 6.1640619197 6.2784398454 6.3348537667 6.3596891003 6.3625468807 6.4850889123 6.4995297336 6.5322083172 6.5377673455 6.6619221626 6.7076277709 6.7510836678 6.7708499648 6.8699876251 6.9558977005 7.0583044643 7.0927471178 7.1297985607 7.1748248464 7.2578730272 7.3291640483 7.4349844567 7.5006535453 7.5220544335 7.6309808564 7.6450060781 7.7067019091 7.7857898716 7.816063405 7.9131930307 7.93914239 8.0075344428 8.0787846499 8.1473191222 8.1573273182 8.2328546726 8.3312025616 8.4195064113 8.5184238446 8.5271816518 8.5804862709 8.6246601302 8.7362325966 8.7801615047 8.842305337 8.9627614251 9.0289634452 9.1560951675 9.3992535432 11.115659821 11.4332044166 11.849397408 16.04439183 16.2176250612 16.2295717721 16.3681650225 16.4844600493 16.5386161577 24.0993146934 24.2312740842 24.4283012939
21 1.2634890725 1.3633277933 2.2712436246 3.1173376023 3.1966070318 3.2139971011 3.2552114294 3.7643737276 3.8096648847 4.1802532821 4.25844572 4.4003146149 4.565047354 4.63339752 4.7145586577 4.7225564137 4.7426996095 4.7803990082 4.7876883089 4.8954697576 4.9130051279 5.0233498849 5.0833368675 5.0858506271 5.1668150771 5.3525509949 5.3726226605 5.409473176 5.4515275281 5.4844756731 5.5818451063 5.5875677455 5.6138209381 5.651473049 5.7487920101 5.7696189059 5.854125752 5.8755461096 5.9454254722 5.9525644924 6.0189087473 6.0201242341 6.0631522236 6.1153938984 6.1828258839 6.2856338443 6.3516185589 6.3750121079 6.3752657201 6.5034235533 6.5122855031 6.5321069825 6.5437953823 6.6774560559 6.7170097526 6.7489120242 6.7743833469 6.8567066193 6.9508883988 7.0481996232 7.0982197261 7.1252077365 7.1704861093 7.2453884259 7.3329648465 7.4520154571 7.5009184926 7.5229952294 7.6216165611 7.6507034301 7.7103717051 7.7892806696 7.8138831766 7.9095968904 7.9383941318 7.9972746302 8.0705968035 8.1396758902 8.1508858637 8.2389430494 8.3325935528 8.4129376938 8.5091546597 8.5239177687 8.5707139895 8.6253948085 8.7253024028 8.7806763657 8.8389038029 8.9620053188 9.0239489588 9.155500441 9.3912054775 11.1229727323 11.4304031056 11.8396486441 16.0441773837 16.2163658177 16.2290417569 16.3674431736 16.4831759402 16.5380220773 24.0982498091 24.2304547182 24.4261797337
22 1.3253778175 1.4286085363 2.375137659 3.1212824205 3.2102951415 3.2132460174 3.2728619193 3.7746741116 3.8268692124 4.177884135 4.2581465613 4.3941572012 4.5584635523 4.6047778599 4.6804266245 4.6870434295 4.7272471744 4.7583939581 4.7620596563 4.8929315822 4.8997932408 5.0205295492 5.0565986308 5.0837133379 5.1682427456 5.3528193674 5.3908935294 5.4029826192 5.4651175591 5.4841550295 5.5801985248 5.6031282345 5.6146226857 5.652305829 5.7533869134 5.7750125651 5.8540665911 5.8770678778 5.9557205953 5.9654518964 6.0195392188 6.0359595303 6.062867058 6.1274727022 6.2018929265 6.2911598745 6.3675364918 6.3885891929 6.3904742752 6.5156133454 6.5257084289 6.536249613 6.5500350905 6.6932147918 6.7186368038 6.7525909563 6.7777013897 6.8433142383 6.9466628685 7.0377339054 7.0959616969 7.1280209718 7.1659082312 7.2341168418 7.338163644 7.4674708491 7.5019359789 7.5233659938 7.6124808424 7.656346747 7.7135897094 7.7927297596 7.8117988405 7.9063456665 7.9366239148 7.9860913863 8.0626759618 8.1326911983 8.1443223892 8.2452948551 8.3337267254 8.4071553515 8.4995453684 8.5207284194 8.5605652333 8.6265071103 8.7139861521 8.7808668375 8.8352499953 8.9609535586 9.0186002574 9.1549184536 9.382952796 11.1306290948 11.4275508814 11.8295299308 16.043937243 16.2150915113 16.2284317271 16.3667786582 16.4819940329 16.5373170095 24.0971669926 24.229627707 24.4240187666
23 1.3874528933 1.4939020817 2.4783858271 3.1260199851 3.2076925025 3.2304153555 3.291225647 3.7852620269 3.8442327927 4.1751749029 4.2583783089 4.3875314044 4.5514614837 4.5733204503 4.6443479035 4.6498322771 4.6946511174 4.7301760121 4.7597034404 4.8727494455 4.9054986839 5.0190492623 5.0300497198 5.0819268375 5.1691124035 5.3524155024 5.3952443085 5.4095666691 5.4641776388 5.5000173995 5.5731715407 5.6126414341 5.6287066669 5.6530018531 5.7572484644 5.7811849884 5.8535724666 5.8786669509 5.9658044076 5.9795531964 6.0205634323 6.0508330971 6.0632452048 6.1406230506 6.2205584369 6.2958212196 6.3823092632 6.4027278424 6.4059887779 6.5173650142 6.5394242908 6.54760719 6.5567167428 6.7091345186 6.7131893532 6.7614036865 6.7807948403 6.8302232343 6.943926283 7.0269279564 7.0881665833 7.1363485139 7.161091923 7.2243463394 7.3440332476 7.4797254119 7.5047879721 7.5230996314 7.6039946755 7.661943336 7.7162581961 7.7961340545 7.8098321253 7.9035673539 7.9330417176 7.9750214329 8.0550987836 8.1264661532 8.1376610396 8.2516352684 8.3345237989 8.4022416475 8.4896181395 8.517694149 8.5500617277 8.6280144763 8.702296477 8.7807402685 8.8313464223 8.9595697827 9.0129913899 9.1543168145 9.3745220163 11.1386252937 11.4246587265 11.8190550751 16.0436700381 16.213808993 16.2277423998 16.3661767406 16.4809162912 16.536506092 24.0960704893 24.2287966672 24.4218266042
24 1.4497115358 1.5592011007 2.580924335 3.1315966877 3.2062786331 3.2480911839 3.3102815823 3.7961044321 3.8616545138 4.1720323538 4.259184176 4.3802649671 4.5398026512 4.543734387 4.6069873118 4.6119301947 4.656438147 4.7028198868 4.7615747948 4.8524175989 4.9119524318 5.0037465963 5.0185854142 5.0806417695 5.1695699347 5.3517151478 5.3861336495 5.4274280124 5.4595549388 5.5217063764 5.5666390517 5.6116556097 5.6535704691 5.6544432888 5.7603322112 5.7880676959 5.8529024278 5.880334539 5.9754201659 5.9946522896 6.0223957051 6.0567547184 6.0726659026 6.1544260802 6.2375893379 6.3008647732 6.3958671728 6.4176603142 6.4214509381 6.5145211676 6.5524809212 6.5583243398 6.5646632403 6.7054504993 6.7251511517 6.7717902106 6.783653094 6.8175580981 6.9432106987 7.0158050387 7.0791675204 7.1462478842 7.156038424 7.2159320103 7.3501801877 7.4865942532 7.5107979469 7.5221657062 7.5968859597 7.6675070724 7.7182845053 7.7994653305 7.8080006273 7.901412373 7.9266128192 7.9653558492 8.0480180378 8.1209217492 8.1309258951 8.2578066546 8.3349127848 8.3982542234 8.4793979241 8.5149123893 8.539227444 8.629929735 8.6902451755 8.7803140956 8.8271804927 8.9578220246 9.0072024372 9.1536653504 9.3659407628 11.1469572597 11.4217378398 11.8082382443 16.0433746746 16.2125251983 16.2269758762 16.3656415609 16.4799435725 16.535595129 24.0949646056 24.2279651761 24.4196116273
25 1.5121497743 1.6244973238 2.6826618163 3.1380600984 3.206157916 3.2662498401 3.3300067622 3.8071638836 3.8790255169 4.16833291 4.2605901319 4.3720466269 4.5047580758 4.5341198161 4.56874495 4.5753352807 4.6156857652 4.6761422927 4.7645538067 4.831913534 4.918770089 4.9777483408 5.0187605137 5.0800320388 5.169790724 5.3507771336 5.375561427 5.4419474325 5.4573658761 5.5452876071 5.5607204562 5.6096993135 5.654018541 5.6819001843 5.7626290143 5.7956119236 5.8522619895 5.8820612308 5.9841631126 6.0104811505 6.0256051768 6.0562000872 6.0888927829 6.1686744512 6.2510275973 6.3080840351 6.4084101551 6.4330861381 6.4367359149 6.5101450943 6.5626163127 6.5628860218 6.5757565526 6.6995029602 6.7411998413 6.7824129012 6.7862648977 6.8052568091 6.944573508 7.0043918617 7.0708110292 7.1507497273 7.1563088288 7.2086052758 7.3563228627 7.4886783585 7.5180442577 7.5205819452 7.5923305805 7.6730577737 7.7195795538 7.8026681446 7.8063162852 7.9000542101 7.9168001492 7.9578828666 8.0416528385 8.1158814241 8.1241407037 8.2637083351 8.3348431001 8.3952193047 8.4689128058 8.5124940459 8.5280885971 8.6322606848 8.6778432055 8.7796151416 8.8227254756 8.9556825102 9.001317427 9.1529373628 9.3572377342 11.1556204584 11.4187995967 11.7970939329 16.0430503999 16.2112470705 16.226135602 16.3651761162 16.479075645 16.5345905678 24.0938536926 24.2271367512 24.4173823585
26 1.5747624306 1.6897814955 2.783448964 3.1454643001 3.2074745584 3.2848676501 3.3503763832 3.818397429 3.8962288598 4.1639047889 4.2625936937 4.3623177155 4.4685706069 4.5173757312 4.5298791241 4.5463433023 4.573094473 4.6500528358 4.7679861814 4.8112294999 4.9256963452 4.9521164868 5.0191862572 5.0802786093 5.1699548532 5.3495960525 5.3634840324 5.4447764268 5.4663104854 5.5554928915 5.5700801244 5.6071945591 5.6543507834 5.7102479626 5.7641661378 5.8038485298 5.8517959099 5.8838367891 5.9915354042 6.0265248308 6.0308569485 6.0553543203 6.1061438284 6.1832591208 6.2590693073 6.3188078291 6.4202068882 6.4486207916 6.4516412213 6.50523236 6.5575181586 6.5706994115 6.5898492925 6.6982410952 6.7572133895 6.7886200543 6.7923076921 6.7942432429 6.9474077542 6.9927198819 7.0641476861 7.1452288546 7.1660041197 7.2021031523 7.3622000241 7.4880824512 7.518426233 7.5228935947 7.5917034249 7.6786201604 7.7200556505 7.8047846925 7.8056634053 7.8996867081 7.9042819618 7.9522093773 8.0362129818 8.1111348479 8.1173286118 8.2692578068 8.3343072987 8.3931256373 8.4581943932 8.5105578843 8.5166736097 8.6350100111 8.6651007177 8.7786781094 8.8179426015 8.9531283423 8.9954214191 9.1521104823 9.3484426642 11.1646098831 11.4158555072 11.7856369301 16.0426968677 16.2099814749 16.2252262969 16.3647822677 16.4783112203 16.5334994767 24.0927421284 24.2263148311 24.415147434
27 1.6375431218 1.7550433167 2.8829968256 3.1538844342 3.2104794673 3.3039206375 3.371363914 3.8297549866 3.9131388592 4.1584960237 4.2651406209 4.3501279818 4.4315263665 4.488875777 4.490568563 4.5289637292 4.5310399468 4.6245713317 4.7716590554 4.790371258 4.9269145941 4.9325447772 5.0195178646 5.0815239894 5.1702389785 5.348152533 5.3499065294 5.4419373281 5.4804781263 5.5509882781 5.5946170666 5.6053821758 5.654570341 5.7387190892 5.7650054378 5.8129912794 5.8515894584 5.8856500103 5.9972520002 6.0385966374 6.0405733769 6.0569444547 6.1237589029 6.198117477 6.2618482087 6.3318719709 6.4314491662 6.4639354028 6.465660494 6.5008717608 6.5435674356 6.5776538419 6.6051475362 6.7013027402 6.7731150776 6.7824195319 6.7907163806 6.8044687715 6.9505185222 6.9808274511 7.0601019009 7.1394802066 7.1750608701 7.1962131327 7.3675278312 7.4854923606 7.5158473619 7.5240919286 7.5954157633 7.6842217748 7.7196273096 7.8034062241 7.808355395 7.8902520926 7.9005159728 7.9475154598 8.0318115577 8.1064811738 8.1105119241 8.2743533235 8.3333702154 8.3919240194 8.4472782553 8.5050130458 8.509222631 8.6381753283 8.6520271265 8.7775434151 8.8127842009 8.9501435813 8.9895961624 9.1511672179 9.3395862719 11.1739200517 11.4129171734 11.7738822858 16.0423141969 16.2087351097 16.2242538557 16.364460768 16.4776480015 16.5323295229 24.0916343018 24.2255027563 24.4129155742
28 1.700484265 1.8202713711 2.9806071285 3.1634645263 3.2157515621 3.3233841494 3.3929412114 3.8411768579 3.9296191639 4.1517178778 4.2680568444 4.3341618912 4.393843762 4.4509447271 4.4591446666 4.4834861056 4.5208457295 4.5998515555 4.7693586666 4.7754846468 4.9022077341 4.9391644346 5.019517942 5.0838107663 5.1708151523 5.3348780639 5.3464345069 5.4389460355 5.4944530527 5.5471975743 5.5993398645 5.6234874793 5.6546794399 5.7652371743 5.7663070574 5.8236208758 5.8516759504 5.8874888698 6.0015214438 6.0457584868 6.0487512621 6.0678427348 6.1415820335 6.2132094036 6.2607661898 6.3438472897 6.442240177 6.4770755657 6.4787626645 6.4996776255 6.524515636 6.5844943148 6.6208745329 6.7049738877 6.7742033635 6.7886811981 6.7926959599 6.8163776091 6.9525047988 6.9687636202 7.059499207 7.1335100212 7.1832980981 7.1907945218 7.3719801175 7.4807393201 7.5130705569 7.5229107649 7.6022144115 7.689887838 7.7182208688 7.8021798321 7.8106340972 7.8756441986 7.9027453208 7.9433595566 8.0284159957 8.1017533255 8.1037119527 8.2788235619 8.3322102416 8.3915350051 8.4362044002 8.4931395132 8.5085973564 8.6386312203 8.6417492087 8.7762546267 8.8071976233 8.9467229238 8.9839140636 9.1500952921 9.3307001999 11.1835450056 11.4099962452 11.7618452782 16.041903025 16.2075144147 16.2232252264 16.3642113062 16.4770827461 16.5310889512 24.0905345945 24.224703753 24.4106955534
29 1.7635770864 1.8854530289 3.0739762373 3.1746280937 3.2251822198 3.3432323856 3.4150786214 3.8525896506 3.9455169218 4.1429493945 4.2707308231 4.3137252646 4.3556910602 4.4111086084 4.4345356225 4.4368177877 4.5112120243 4.576243907 4.7482275268 4.7794223225 4.8780621703 4.9454170978 5.0191032181 5.0870387672 5.1718504793 5.3184818486 5.3444504532 5.4365111453 5.5075688339 5.5440802144 5.5961131114 5.6491870519 5.6546800339 5.7649698689 5.791586906 5.8369074222 5.8520488377 5.8893408338 6.0048325668 6.04537335 6.0609088003 6.0846836305 6.1595340743 6.2285055446 6.256744728 6.3503505607 6.4526236865 6.4829840787 6.4928635177 6.5038788343 6.5073995988 6.5915228416 6.6367265088 6.7047330579 6.7707733908 6.7938694871 6.8045128591 6.8292707245 6.9523820687 6.9565954546 7.0627164038 7.1273269898 7.1855948254 7.1907721139 7.375189536 7.473586197 7.5103898601 7.5212207745 7.6103352278 7.6956233509 7.7158049353 7.8011095101 7.8123484266 7.8611146048 7.9065535484 7.9396972008 8.0258585084 8.0968291808 8.0969490642 8.2823586169 8.3311772357 8.3918619591 8.4250177918 8.4810875354 8.5087715377 8.6249213101 8.6457191262 8.7748558416 8.8011295595 8.9428763094 8.9784311554 9.14888784 9.3218169363 11.1934783125 11.4071043742 11.7495413811 16.0414645502 16.2063254839 16.2221482718 16.3640325654 16.476611342 16.5297865608 24.0894473636 24.2239209163 24.408496168
30 1.8268116313 1.9505743189 3.1520410294 3.1893886272 3.2478170959 3.3634377984 3.4377450477 3.8638989795 3.9606453003 4.1312051222 4.2694312339 4.2929944849 4.3171949488 4.3711367091 4.3891104544 4.4165934055 4.5007326617 4.5544093008 4.727032244 4.7834520212 4.8545456548 4.9511580725 5.0183485954 5.0909720265 5.173502668 5.3008232077 5.3422375082 5.4347624683 5.5195894573 5.5415754044 5.5928407749 5.6545744049 5.674012295 5.7643185118 5.8132118305 5.8526756209 5.8541617222 5.8911932122 6.0075964411 6.0439245733 6.0746106703 6.1028717132 6.1775567846 6.2439811268 6.2498019838 6.3474848724 6.4626083275 6.4832382423 6.4934727179 6.5060042034 6.5184903366 6.5989425501 6.6525224006 6.6986358104 6.7725826224 6.7951295822 6.8196117755 6.8430971645 6.9444236574 6.9500975629 7.0693319867 7.1209431051 7.1808263683 7.1971974126 7.376777922 7.4641499916 7.5081358318 7.520072389 7.6185149736 7.7013015273 7.7125207597 7.8002119503 7.8131671363 7.8473316329 7.9120698519 7.9366633942 8.023887335 8.0902431299 8.0916355414 8.284455813 8.3308367129 8.3928033576 8.4137688964 8.4688933952 8.5098067816 8.6109054185 8.6500672932 8.7733892971 8.7945303308 8.9386325682 8.9731810861 9.1475435208 9.3129697194 11.2037130712 11.4042531677 11.7369862323 16.0410005625 16.2051739837 16.2210316189 16.3639222874 16.476228896 16.5284316823 24.0883769248 24.223157197 24.4063262046
31 1.8901767763 2.0156197591 3.1879135842 3.2100361016 3.3082315054 3.3839702983 3.4609079714 3.8749748203 3.9747284733 4.1150871403 4.2517022755 4.2784389291 4.2871758479 4.3310580291 4.3405634454 4.4043203564 4.4883954323 4.5353614209 4.70584896 4.787563138 4.8317289002 4.9562191255 5.0174547906 5.0952922009 5.175906882 5.2820186613 5.3398645874 5.4337070341 5.5301277984 5.5396124122 5.59028585 5.654365689 5.6966341136 5.7633939413 5.8318744058 5.8535105955 5.8748585437 5.8930334848 6.0100464301 6.0422021778 6.0893072172 6.12152602 6.1955996933 6.2391589864 6.2596124773 6.3354502216 6.4721819105 6.4725151085 6.5017163231 6.5179547852 6.5322496354 6.6069308108 6.6681110178 6.6883369728 6.7772961265 6.796075307 6.8342243793 6.8573404531 6.9324206128 6.9465553663 7.0782399051 7.1143748539 7.1763001197 7.2028310054 7.3764232019 7.4528523737 7.5066111292 7.5197040805 7.6260453966 7.7048721401 7.7104914591 7.7995227109 7.8120367656 7.8356160587 7.9193513776 7.9344034827 8.0222229341 8.083614781 8.0861486157 8.2845067052 8.3318759614 8.3942602039 8.4025142401 8.4565949469 8.5117320297 8.5965915122 8.6547704012 8.771893418 8.7873577183 8.934039694 8.9681727974 9.1460665713 9.3041924237 11.2142419196 11.4014541409 11.724195602 16.0405134596 16.204065081 16.2198845048 16.3638773421 16.4759298303 16.5270341511 24.0873275341 24.2224153888 24.4041944057
32 1.9536602432 2.0805721267 3.2044207696 3.2255000396 3.3946210669 3.4047961391 3.4845334062 3.8856174316 3.987201733 4.0933173424 4.2274677801 4.2394420966 4.2898354694 4.2898466469 4.2924740676 4.3958206429 4.4736947914 4.5199723829 4.684778953 4.7917492224 4.8096889052 4.9603988311 5.0167040251 5.0996696831 5.1791513785 5.2621876493 5.3374312311 5.4333045605 5.538118344 5.5384177997 5.5893941419 5.6540583085 5.7158365638 5.7622952785 5.8502991972 5.8545044747 5.8948495653 5.8964148881 6.0122989628 6.0403883519 6.1039174343 6.1403755526 6.2136157338 6.2238745111 6.2753749459 6.3195595016 6.4627526427 6.4813190599 6.5161581094 6.5285106094 6.5468634204 6.6156338767 6.6762567624 6.6833369161 6.7824342941 6.7967634682 6.8479914322 6.8707514344 6.9209393391 6.9434481586 7.0880529412 7.1076449388 7.1720675623 7.2078595505 7.3739510039 7.4401576838 7.5060074204 7.5200080509 7.6325763473 7.7009156531 7.7152731387 7.7990983532 7.8065003275 7.8286634136 7.9283692149 7.9329887448 8.020596905 8.0770882885 8.0803925431 8.2821181382 8.3347781876 8.3913169499 8.3961386798 8.4442313928 8.5145430762 8.5819877823 8.6597992924 8.770401361 8.7795799862 8.9291606433 8.9633933125 9.1444668025 9.2955194319 11.2250570441 11.3987186688 11.7111853627 16.0400062474 16.2030033843 16.2187166213 16.3638937976 16.4757079863 16.5256042793 24.0863033713 24.2216981179 24.4021094359
33 2.0172486126 2.1454121455 3.2192442844 3.2383406204 3.4258762457 3.4866564748 3.508585769 3.8954612054 3.9962779403 4.0668468153 4.2000839841 4.2062372869 4.2412207654 4.2515378714 4.2936548261 4.3891302879 4.457669464 4.5080563268 4.6639523301 4.78851492 4.7960052133 4.9634750462 5.0164100093 5.1038270104 5.1832456932 5.2414472045 5.3350638557 5.4334920692 5.5370231497 5.543395329 5.5913533362 5.6536582904 5.7307456384 5.7611058613 5.8556104074 5.8706783097 5.8966299935 5.9161479866 6.0144441665 6.0385475402 6.1155825185 6.1592702417 6.2055027889 6.2315593427 6.29124162 6.305671472 6.4548508493 6.4899849581 6.5316484583 6.5375292429 6.5628672521 6.6251333167 6.6642464161 6.6980167818 6.7865707986 6.7972559825 6.8600457303 6.8811027016 6.9108837665 6.9432961547 7.097368294 7.100784828 7.1681617924 7.2126700727 7.3694118932 7.4264321467 7.5063455095 7.5208132997 7.6379718294 7.6947187439 7.7217638148 7.7965008131 7.7990136259 7.826750474 7.9323992177 7.9390044046 8.0187723265 8.0706978871 8.0744357372 8.2773562314 8.3395738329 8.3802472335 8.3983504689 8.4318430158 8.5182058591 8.567102985 8.6651185941 8.7689393923 8.7711784948 8.9240662036 8.9588144172 9.1427595204 9.2869854963 11.2361501904 11.3960579377 11.6979714605 16.0394825233 16.2019928992 16.217537965 16.3639669906 16.4755567311 16.5241528233 24.0853085226 24.2210078352 24.4000798456
34 2.080927338 2.2101180545 3.234341972 3.2513077835 3.4471634981 3.5330276406 3.5794705197 3.90362384 3.9942931536 4.0447246364 4.15986402 4.1892288585 4.1920850829 4.2116865891 4.2973877565 4.3819273531 4.4430044077 4.4986032121 4.6435323168 4.7683179753 4.8003258936 4.9652575106 5.016846506 5.1075797802 5.1880938974 5.2199091508 5.332911088 5.4341966778 5.5362623278 5.5445886852 5.5967166086 5.653173457 5.7412009185 5.7598920827 5.8567869745 5.8936829011 5.8983640541 5.9313489969 6.0166255855 6.0367107234 6.1173008027 6.1780964332 6.1924324027 6.2493853858 6.2966561555 6.3071825294 6.4484113908 6.4981366898 6.5442439541 6.5449621702 6.581432093 6.6354142447 6.6539612569 6.711911154 6.7889442667 6.7976595608 6.8677998138 6.8860810822 6.9049060275 6.9485785926 7.0938386437 7.1048927958 7.1645463506 7.2178212362 7.3631064538 7.4119329219 7.5074800913 7.5219714407 7.6422257072 7.6877150419 7.7287263925 7.7850491683 7.7993547 7.8270667293 7.9325451396 7.9510479882 8.0165547972 8.0645019052 8.0683832929 8.2705877692 8.3459938389 8.3693827381 8.4008128334 8.4194708501 8.5226619804 8.5519468596 8.6706863475 8.7621430071 8.7675318176 8.9188282033 8.9544001991 9.1409653335 9.2786256059 11.2475126757 11.3934828972 11.6845698866 16.0389464425 16.2010370007 16.2163586953 16.3640915953 16.4754690646 16.5226909468 24.0843469634 24.2203468105 24.398114035
35 2.1446807581 2.2746650038 3.2500090166 3.2652666608 3.4685979326 3.557819375 3.6715850059 3.9069593191 3.9715326018 4.0413503504 4.1173570076 4.1451838805 4.1720713933 4.1755072016 4.3005989406 4.3715147443 4.4328709769 4.4907334443 4.623720646 4.7492451035 4.8047049611 4.9656703416 5.018158338 5.1108469107 5.1934883065 5.1976791723 5.3311386027 5.4353432805 5.5357780147 5.5427708953 5.604750612 5.6526134824 5.7477156837 5.7587041684 5.8579991271 5.9000418311 5.9186596953 5.938117031 6.0190588937 6.0348971015 6.1050608065 6.1928050256 6.196754318 6.2670483999 6.2934178006 6.3231641784 6.4431911256 6.505722822 6.5508589923 6.5512369115 6.6027752729 6.6463597008 6.6472318546 6.7246831112 6.7890801493 6.7981576961 6.867095965 6.886024778 6.9072632345 6.9590542925 7.0868692687 7.1096510366 7.1609793748 7.223907684 7.3555641658 7.3968374071 7.5091672314 7.5233657367 7.6454096075 7.6801781738 7.7360469458 7.7737164471 7.8002104658 7.8282225367 7.9333004581 7.9641881962 8.0138044147 8.0586163044 8.0623626487 8.2622093122 8.3537352389 8.3588087059 8.4034492323 8.4071562656 8.5278346943 8.5365306527 8.676453666 8.7524850514 8.7661870648 8.9135157448 8.9501128524 9.1391097899 9.2704748753 11.2591354015 11.3910042124 11.6709966516 16.0384026671 16.200138423 16.2151890025 16.3642616932 16.4754377244 16.5212301779 24.0834225427 24.2197171282 24.396220216
36 2.208492107 2.3390241977 3.2662837141 3.2805655952 3.4900973858 3.5829184737 3.7618570175 3.8932280536 3.9508276813 4.047590831 4.0707223552 4.103236981 4.1327018222 4.1638934462 4.3029612147 4.3568408617 4.4285219854 4.4839740164 4.6047642073 4.731499549 4.8091344083 4.9648011637 5.0203118941 5.1136321999 5.1748571642 5.1991298578 5.3299219036 5.43685861 5.535519083 5.5390885134 5.6142984419 5.6519898193 5.7510731202 5.7575780097 5.8592179588 5.9016542091 5.9300062109 5.944813122 6.0220877413 6.0331212804 6.0917420566 6.1994238415 6.2151494197 6.2845019843 6.2970648088 6.3391492967 6.4389919795 6.5126813306 6.5517809252 6.5553421368 6.6255998988 6.6458301559 6.6577732607 6.7358451438 6.7866808062 6.7990439067 6.8598844667 6.8835274701 6.9161558308 6.9721396588 7.0799682202 7.1112808891 7.1569295096 7.2312531858 7.3475217905 7.3812714234 7.5111524029 7.5249036488 7.6476382941 7.6722350093 7.7436612452 7.7631238739 7.801663752 7.8297743242 7.9345317018 7.977944711 8.0104548171 8.0533017827 8.0565007849 8.2525383789 8.348617826 8.3625657584 8.3949404206 8.4061904369 8.5208677956 8.5336340449 8.6823644733 8.7422198894 8.7649144904 8.9081951886 8.9459159312 9.1372227796 9.2625684811 11.2710088641 11.3886322179 11.65726776 16.0378562993 16.1992992647 16.214038989 16.3644708438 16.4754552852 16.5197823596 24.0825389663 24.219120687 24.3944063743
37 2.2723435217 2.4031616525 3.2831764679 3.2973425513 3.5115369758 3.6082785283 3.8477190206 3.855241279 3.9481922549 4.0207115942 4.055610767 4.0679833085 4.0936225668 4.1535614479 4.3037123908 4.3399646494 4.4282797408 4.4781293124 4.5869609262 4.7153678145 4.8136040406 4.9628646035 5.0231337319 5.1159908932 5.1515384637 5.2046681425 5.3294336411 5.4386721837 5.5343147769 5.5354407116 5.6245028015 5.6513155075 5.7519673297 5.756537421 5.8604199427 5.9031928345 5.9050497077 5.9677950086 6.0274711612 6.0313960425 6.0890623689 6.2039083059 6.2331881069 6.301698324 6.3085813492 6.3550967132 6.4355484681 6.518935656 6.5467584843 6.558571877 6.6440758709 6.6545088078 6.6694089514 6.7447392393 6.7816889996 6.800697229 6.8507865069 6.8806771463 6.9272037444 6.985578951 7.0732719986 7.110068692 7.1517368149 7.2396041418 7.3399411839 7.3653286008 7.5132383034 7.5265097306 7.6490464176 7.663926928 7.7507558755 7.7543386394 7.8037836023 7.8315343087 7.9361162174 7.9914404152 8.0065371177 8.0492099968 8.050896829 8.241815344 8.3389096779 8.3723191396 8.38286352 8.408976113 8.5049748063 8.5399605169 8.6883554022 8.731375297 8.7637139289 8.9029329904 8.9417757057 9.1353376389 9.2549416757 11.2831231643 11.3863768763 11.6433991871 16.0373128012 16.1985210115 16.2129185622 16.3647121597 16.4755142518 16.5183595902 24.0816997813 24.2185592001 24.3926802304
38 2.3362160426 2.4670363602 3.3007438604 3.3155925046 3.5326968494 3.6338470263 3.8073771804 3.9166682057 3.9516658647 3.9713998134 4.0477107476 4.0550242541 4.0636272577 4.144042484 4.2996828764 4.3259269816 4.4297087098 4.4731170451 4.5706552964 4.7012514857 4.8181010274 4.9601175301 5.0263981963 5.1179975152 5.1278157555 5.2097493948 5.3298217419 5.4407140296 5.5288378441 5.5355037285 5.6347545036 5.650604889 5.7507915935 5.7555964423 5.8615860168 5.8660196256 5.9046500515 5.9836552862 6.0297334941 6.0398255271 6.096838356 6.2040057838 6.2507743187 6.3185878921 6.3270239147 6.3709612332 6.4324563271 6.5243885984 6.5382720686 6.5607219984 6.6522015839 6.6770705525 6.6809848696 6.7506923381 6.7744021949 6.803310555 6.8420826231 6.8784783771 6.9385658017 6.997951711 7.0669893769 7.1065971426 7.1449018723 7.2480818197 7.3340570631 7.3490826121 7.5153155031 7.5281214375 7.6497735577 7.6552410335 7.7446417065 7.7601419187 7.806619043 7.833385015 7.9379505179 8.0021963389 8.0027787411 8.0456022363 8.0480193631 8.2302296019 8.329789663 8.3709637704 8.3828664299 8.4117579107 8.4888725305 8.5467071166 8.6943559615 8.7199869031 8.7625785612 8.8977998727 8.9376617627 9.1334899054 9.2476299045 11.2954680087 11.384247743 11.629406858 16.0367779015 16.1978045721 16.2118373406 16.3649783882 16.4756071433 16.516974155 24.0809083617 24.2180341996 24.3910492002
39 2.4000896075 2.5305975059 3.3190812329 3.3352210444 3.5530995173 3.6595575168 3.7564346746 3.9069999247 3.9489774042 3.9555095807 4.0163837273 4.0711733715 4.0785471312 4.1351024609 4.286040947 4.3208648081 4.430940508 4.468780306 4.5561954126 4.6896924086 4.8226094259 4.9567955011 5.0298939338 5.1037816452 5.1197238798 5.2140633855 5.3311778331 5.4429076115 5.5227895433 5.5356739037 5.6443693832 5.6498732553 5.7472046412 5.7547614841 5.8201170483 5.8627007125 5.9060188257 5.9902323135 6.028145532 6.0607543387 6.1109459414 6.2006890676 6.2678065419 6.3351194027 6.349945169 6.3866933565 6.4291350484 6.5284542385 6.5289144743 6.5619722428 6.6601058212 6.692165509 6.7010934796 6.7534316805 6.7656115825 6.8061672128 6.8354948047 6.8772609434 6.9494570056 7.0083188763 7.0614454768 7.1013878189 7.1361913477 7.2554365255 7.3313226171 7.332594818 7.5173556542 7.5296871913 7.6461602302 7.6499552394 7.7374220351 7.7683643176 7.8101943003 7.8352374456 7.9399519202 7.9976849499 8.0087492541 8.0406221168 8.0527383364 8.2179414719 8.3213673704 8.3592758723 8.3940853146 8.4145101148 8.4725879021 8.553760104 8.7002882709 8.7080978379 8.7614946001 8.8928748709 8.9335477977 9.1317157092 9.2406690486 11.3080326949 11.3822539498 11.6153066271 16.0362574947 16.1971503267 16.2108045718 16.3652620017 16.475726569 16.5156384444 24.0801678935 24.217547041 24.3895203554
40 2.4639430352 2.5937801249 3.3382767354 3.3561056669 3.5713375695 3.6851850613 3.705655096 3.8551017532 3.9247885281 3.9581095467 3.978420115 4.0781045609 4.1266244032 4.1521589476 4.2671466653 4.3212792877 4.4308932847 4.4646914841 4.5438011665 4.6813595179 4.8271096588 4.9530907995 5.0334487187 5.0795321077 5.1212278266 5.2173798605 5.3335028175 5.4451518524 5.516084951 5.5359212884 5.6491364571 5.6517605505 5.7372166774 5.754033226 5.7771636223 5.8637514099 5.9072926673 5.9912409325 6.02664399 6.085660084 6.1290790771 6.1954014381 6.2841747057 6.3512400585 6.3750206238 6.4022386022 6.424856493 6.51892986 6.532353007 6.5625106054 6.6681970138 6.7024957119 6.7233062908 6.7533862389 6.7574875799 6.8071439157 6.8332724223 6.877050011 6.9592692836 7.0160239404 7.0571431835 7.0947780962 7.12557217 7.2606519821 7.3159191822 7.3329344503 7.5193722952 7.5311656831 7.6367225612 7.6497179657 7.7312837985 7.7765729947 7.8145051508 7.8370338381 7.9420567365 7.9933282223 8.0084075012 8.0359395516 8.0641315588 8.2050973119 8.3137543925 8.3478287883 8.4057824938 8.4172950213 8.4561565162 8.5609986922 8.6957472275 8.7060792988 8.760441035 8.8882480186 8.9294131368 9.1300498374 9.2340957957 11.3208060517 11.3804042334 11.6011142615 16.0357575328 16.1965581853 16.2098290618 16.3655552996 16.4758652953 16.5143648581 24.0794813612 24.2170989115 24.3881003841
41 2.5277539932 2.6564981033 3.3583797814 3.3781278676 3.5811872787 3.6611296504 3.711370214 3.8006079901 3.8929019584 3.9408986641 3.9587496393 4.084352627 4.1185204457 4.2352245892 4.2473428529 4.3234864678 4.4292997413 4.4602242404 4.5333401234 4.6769439081 4.8315780168 4.9491558039 5.0369287963 5.0551713035 5.1225492705 5.2195601347 5.3366829982 5.4472688416 5.5083283357 5.5362196453 5.6484105014 5.6502298414 5.7114630567 5.7534082418 5.7560534507 5.8647277396 5.9084655637 5.9896783983 6.0252406221 6.1104824492 6.1505073036 6.1893288998 6.2997569914 6.3668960263 6.4003563239 6.417536085 6.4190206118 6.510809324 6.5345160409 6.5625289951 6.6757469294 6.7112456614 6.7336766754 6.7515863024 6.7606986128 6.8052577106 6.8361280929 6.8777854426 6.9672999381 7.0206571116 7.0548080379 7.0869424576 7.1131580372 7.263744318 7.2991056361 7.3389997493 7.5213548328 7.5325256062 7.6270731546 7.6491767468 7.7261019059 7.7844619713 7.8195158789 7.8387724647 7.9442179078 7.9894680321 8.004367672 8.0315515006 8.0794318476 8.1918404966 8.3070617286 8.3366423861 8.4166189347 8.4213303351 8.4396264827 8.5682940224 8.6829994495 8.7116345699 8.7593895351 8.8840205188 8.9252451944 9.1285235809 9.2279481132 11.3337762309 11.3787071135 11.5868454253 16.0352839145 16.1960276542 16.2089191128 16.3658505233 16.4760163064 16.5131656917 24.0788515354 24.2166908389 24.3867955518
42 2.5914989459 2.7186324503 3.379390639 3.4011693376 3.5609393752 3.6457363753 3.7370736784 3.7455767406 3.85927744 3.9038783583 3.9570522197 4.0896802474 4.1107946337 4.2281542563 4.3198612192 4.3265612907 4.426435504 4.4550312916 4.5242147527 4.6769356176 4.8359864797 4.9451146319 5.0308187416 5.0402297054 5.1237098107 5.2205280393 5.3404852589 5.4488046372 5.4984921009 5.5365459855 5.6225041475 5.6477111577 5.6979256395 5.7489309094 5.7528803584 5.8656211222 5.90953193 5.9868028068 6.0239469945 6.1333747888 6.1725859884 6.185547447 6.3144168386 6.3820328397 6.4097198678 6.4259482805 6.4325157376 6.504646994 6.5352265831 6.5621895473 6.6817724842 6.7171511597 6.7285375376 6.7496050735 6.7801803667 6.8025668568 6.8417229276 6.8794111141 6.9727799353 7.0220724978 7.055290651 7.0779391536 7.0992364531 7.2657003775 7.2822026687 7.3484832242 7.523180872 7.5337452891 7.6175062353 7.6484340857 7.7216487729 7.7916688676 7.8251560862 7.8405421874 7.9464047961 7.9863920299 7.9986523028 8.0275048732 8.0964950312 8.178320939 8.3013970084 8.3257223559 8.4209239702 8.4230643236 8.4321699467 8.5755077129 8.6699055615 8.7168827384 8.758304991 8.8803011638 8.9210429 9.127162551 9.2222657569 11.3469298519 11.3771717177 11.5725156672 16.0348423746 16.1955579088 16.2080824688 16.3661399837 16.4761728621 16.5120530044 24.0782809604 24.2163237021 24.3856116636
43 2.655153073 2.7800107619 3.4012498509 3.4250765533 3.5129937235 3.6566872478 3.6906203325 3.7626070134 3.8254352498 3.8674104598 3.9529129759 4.0923103394 4.1048104382 4.2104446983 4.3302361767 4.4041772322 4.4227195057 4.4493452098 4.5156356856 4.6813787409 4.840303777 4.9410750715 5.0066206769 5.0432661561 5.1247128304 5.2201869786 5.3445545118 5.4479025 5.4846625905 5.5368802111 5.5803405588 5.647053587 5.7008894113 5.744591732 5.7524417702 5.8664244249 5.9104865832 5.9831898732 6.0227743215 6.154218735 6.1735431006 6.2053830407 6.3280007641 6.3965949875 6.399314364 6.447092935 6.4479671195 6.5004868819 6.5343949913 6.5615567409 6.6846233508 6.7186637162 6.7236013707 6.7492263961 6.8008889128 6.8024108667 6.8480525421 6.8818833109 6.9752367717 7.0203728926 7.0591797666 7.0677400481 7.0843470049 7.2652597504 7.2675038553 7.3601045709 7.5245162272 7.5348119446 7.6085071565 7.6475797792 7.7176770185 7.7977640075 7.8313162804 7.8425356907 7.9486067667 7.9842504035 7.9921410711 8.0239303525 8.1143565438 8.1647054818 8.2968616801 8.315052667 8.4065641161 8.4232070742 8.4451871482 8.5824903213 8.6565329564 8.7217557504 8.7571474561 8.8771977207 8.9168211476 9.1259847304 9.217090694 11.36024624 11.3758135127 11.5581404121 16.0344383752 16.1951478711 16.2073262649 16.3664162023 16.4763285558 16.5110384637 24.0777719434 24.2159982427 24.384554027
44 2.7186901448 2.8403693713 3.423792624 3.4495516879 3.4574187306 3.6364583274 3.6738690328 3.7877618487 3.791940487 3.8315500524 3.9465122731 4.0868300772 4.1054282741 4.1949032249 4.3343600113 4.418531147 4.4437277221 4.4873846132 4.507086577 4.6897940519 4.8445004854 4.9371383099 4.9827695008 5.0459620802 5.1255407207 5.2182531832 5.3483159101 5.4344202888 5.4703952914 5.5372048557 5.5463099026 5.6464520017 5.7073583688 5.7413313576 5.7520839362 5.8671317111 5.9113247426 5.9791943854 6.0217332664 6.1675721488 6.1738397561 6.2335231934 6.3403379535 6.3866728835 6.4105231618 6.4611572641 6.4657102933 6.4986694798 6.5320864632 6.5605455717 6.6829359803 6.7158680442 6.7239287044 6.7506113339 6.800972475 6.824357052 6.8541954582 6.8851502618 6.9749032871 7.0158289698 7.0562914407 7.0663851544 7.0693213976 7.2483303117 7.2695867272 7.3729102483 7.5247427769 7.5357204526 7.6007774681 7.6466911635 7.713975114 7.8023486703 7.8378407304 7.844979281 7.9508375516 7.9829703341 7.9852588928 8.0210732811 8.1325504537 8.1511918172 8.2935466737 8.3045860458 8.3902616931 8.425091178 8.4586341406 8.5890801383 8.6429631326 8.7262055832 8.7558762576 8.874802363 8.9126165488 9.1249990804 9.2124672591 11.3733154515 11.3750362455 11.5437349593 16.034077003 16.1947962914 16.2066569797 16.3666720618 16.4764773793 16.5101331664 24.0773265445 24.2157150769 24.3836274175
45 2.7820823319 2.8992794062 3.399341982 3.4465226791 3.473665236 3.5848280151 3.6919536386 3.7591185304 3.7963628783 3.8122680216 3.9383099779 4.0757652811 4.1096767524 4.1819869955 4.3387646144 4.414223805 4.4386810593 4.498521416 4.5688850062 4.7013135599 4.8485671798 4.9334051369 4.9595388515 5.0482378316 5.1261416851 5.2138889557 5.3500026091 5.3978291218 5.4667387222 5.5265514624 5.5375049094 5.6459193617 5.7137071533 5.7391352876 5.7517982928 5.867738063 5.9120420573 5.9751060241 6.0208337209 6.1620493495 6.1923353872 6.2622395356 6.3512428271 6.3725765215 6.4237461174 6.4743174111 6.4745445414 6.5018838171 6.5285334769 6.5589471344 6.6783475533 6.7107422293 6.7292001724 6.752243625 6.8028731629 6.8451919688 6.8597250761 6.8891589571 6.972605769 7.0087889546 7.0438497698 7.0550154435 7.0762464865 7.2314766232 7.2719217947 7.3862716031 7.5230472436 7.5364717433 7.5951267938 7.6458335918 7.7104126785 7.8052513548 7.8445156071 7.8479531518 7.9531302591 7.9783029366 7.9822105812 8.0192971888 8.1380299693 8.1507923477 8.2914768 8.2942807332 8.3743562847 8.4266839396 8.4722574243 8.5951024693 8.6293062289 8.7302112867 8.754456379 8.8731712532 8.9084952583 9.1242050485 9.208441809 11.3734995507 11.3874706233 11.5293144929 16.033762874 16.1945018328 16.2060803861 16.3669009632 16.4766137985 16.5093474355 24.0769465678 24.2154747084 24.3828360461
46 2.8452999027 2.9559928963 3.3399836189 3.4665339094 3.4924080411 3.5441442376 3.7093507372 3.7272720568 3.7619399569 3.8356909824 3.9290331837 4.0622007619 4.1144734671 4.1717573765 4.3432141783 4.410160613 4.4344793155 4.4902624011 4.6478873434 4.7148514315 4.8525789116 4.9299745238 4.9373506909 5.0499844093 5.1263774548 5.20480516 5.3351315231 5.368175134 5.4675878791 5.5155621093 5.5377677128 5.6454671059 5.718456514 5.7384676704 5.7515768092 5.8682394582 5.9126346573 5.9712032281 6.0200845738 6.1571638381 6.2102818284 6.2903898055 6.3576252041 6.3605216752 6.4361604664 6.4720107101 6.4869444371 6.5104033545 6.5241717966 6.5565098472 6.6735494323 6.7050262019 6.7373003195 6.7532059405 6.8060827205 6.864024279 6.8644204612 6.8940131666 6.9693053439 6.9997596023 7.0315031815 7.0417243352 7.0879854997 7.2147800967 7.2742740119 7.3997090024 7.518849995 7.5370709342 7.5920659792 7.645061016 7.7069766754 7.8066665505 7.8510505527 7.8512470312 7.9555129458 7.9715756017 7.9814480654 8.0189788337 8.1255582421 8.1688599532 8.2836750467 8.2910107319 8.3591420083 8.4279966708 8.4858498572 8.6003634373 8.6157390702 8.7337832261 8.7528656523 8.8722997487 8.9045644415 9.1235932803 9.205061617 11.37267283 11.4012340208 11.5148941266 16.0335000473 16.1942631589 16.2056015011 16.3670969841 16.4767328441 16.5086905949 24.0766335534 24.2152775394 24.3821835298
47 2.9083106973 3.0091031187 3.2797784985 3.4573875106 3.503131812 3.5443915528 3.69683651 3.7250189342 3.7284409298 3.8572526649 3.9197126178 4.0474373491 4.1191655456 4.163911654 4.3473812456 4.4066881216 4.4312067491 4.4828367817 4.7228163449 4.7291283462 4.8569603865 4.9169072036 4.9269182937 5.0509889453 5.1257706132 5.1860297386 5.2987368991 5.3656230707 5.4693555236 5.5086922564 5.5379829045 5.6451049221 5.7208750153 5.7396085185 5.7514124131 5.868632686 5.9130992221 5.9677661408 6.0194934829 6.1532010622 6.2275887414 6.3168605659 6.342646626 6.3679837793 6.447580955 6.4635832739 6.4974678011 6.5188783387 6.5200571411 6.5530160119 6.6698259133 6.6997594803 6.7466074692 6.7534902811 6.8097674325 6.8681580654 6.8789639654 6.9005597866 6.9658302508 6.9898100861 7.020597739 7.0294612734 7.1009456499 7.1983688208 7.2763780228 7.4127006485 7.5123679921 7.5375254082 7.591334195 7.6444165864 7.7037945475 7.8070587289 7.8544318729 7.8570548541 7.9579643767 7.9654532933 7.9802596778 8.0202194068 8.1142642821 8.1865401979 8.2728858409 8.2918080902 8.3450516787 8.4290259997 8.4990975453 8.6022050241 8.6050286111 8.7369612164 8.7510995676 8.8720955436 8.9009896606 9.1231477116 9.2023728058 11.3720160114 11.4151361037 11.5004890545 16.0332919498 16.1940790202 16.2052245328 16.3672550311 16.4768302173 16.5081707308 24.0763887706 24.2151238822 24.3816728653
48 2.9710789519 3.0557818144 3.2189356289 3.4202589158 3.5237202307 3.5681460673 3.66865761 3.6962664686 3.7378257343 3.8754185516 3.911841661 4.0332024674 4.1233610583 4.1580840247 4.3508511233 4.4040758614 4.4288644567 4.4768635033 4.7424803898 4.7891171771 4.8639231024 4.8994376481 4.9241571442 5.0506664296 5.1215941254 5.1561661485 5.2739454987 5.3669282964 5.471130629 5.5041515563 5.5381424061 5.6448405526 5.7215128976 5.741722818 5.7512993083 5.868915292 5.9134330584 5.9650658693 6.0190666611 6.1502915445 6.2438709044 6.3255914002 6.3432749218 6.3734561959 6.4519293279 6.4576078163 6.5028315196 6.5197653404 6.5251092408 6.5483486626 6.6673911034 6.6955850118 6.7534041361 6.7555417285 6.8130832885 6.8708665832 6.8874670286 6.9099088548 6.9628366633 6.9807819821 7.0116892572 7.0189496155 7.1145201861 7.1825143301 7.2780197057 7.424429079 7.5047631029 7.5378430131 7.5919808131 7.6439332118 7.7011295236 7.8069372502 7.8570544554 7.8620214902 7.9603469445 7.960421897 7.9786286372 8.0225311698 8.1048772631 8.2035999151 8.2613929891 8.2939810735 8.3327318204 8.4297662545 8.5113709013 8.5901802436 8.6080655798 8.7398047289 8.7491707064 8.8723538779 8.8980178819 9.1228489657 9.2004172946 11.3715430079 11.4291514229 11.486115175 16.0331413138 16.1939483381 16.204952827 16.3673709791 16.476902405 16.5077944511 24.0762132126 24.2150139687 24.3813064075
49 3.033560159 3.0903353003 3.1575834217 3.3888232998 3.5428354334 3.5953934393 3.6444393308 3.6671161579 3.7464121077 3.8872110619 3.907583135 4.0221792707 4.126491671 4.154230035 4.3531774171 4.4024775248 4.427448713 4.4729571023 4.7525329451 4.8309520345 4.8834069143 4.8870246824 4.9207865039 5.0472929542 5.1025166281 5.1379095088 5.2629142605 5.3680729096 5.4724433557 5.5014284553 5.5382404291 5.6446796413 5.7214700603 5.7435055889 5.751233203 5.8690855436 5.9136341762 5.9633369271 6.018808692 6.1485159877 6.2576890592 6.3131403054 6.3621084549 6.3768000127 6.4399304547 6.4652579668 6.501318062 6.5256624693 6.5288038244 6.542656218 6.6660632217 6.6929188503 6.7532350265 6.7621828959 6.8153590901 6.8725054601 6.8907184022 6.9189809452 6.9608226037 6.9746069422 7.0049479941 7.011939294 7.1276019602 7.1681299814 7.2790563476 7.43334285 7.4980913858 7.5380305276 7.5929086239 7.6436340348 7.6993242618 7.8067030616 7.8587661233 7.8653607336 7.9570521982 7.9622896724 7.9770299491 8.0248167541 8.0984383749 8.219762237 8.2488883418 8.2969974534 8.3233064816 8.4302125263 8.5211700318 8.5804139366 8.610072292 8.7423700045 8.7471080417 8.8727541832 8.8959872131 9.1226786101 9.1992290595 11.371257973 11.4432579618 11.4717934786 16.033050127 16.1938702804 16.204788817 16.3674417898 16.4769467946 16.5075666638 24.076107592 24.2149479585 24.3810858511
50 3.0939777616 3.0975382001 3.1037118587 3.376299334 3.5514988918 3.6181055641 3.6263091994 3.651720149 3.7494672209 3.8905536028 3.9071642246 4.0178617237 4.127708816 4.1528145966 4.3539996353 4.4019432847 4.4269732888 4.4715938685 4.7563911915 4.8402866825 4.882397463 4.9071233278 4.913578596 5.042606213 5.0889723223 5.1352714125 5.2599413079 5.3684911709 5.4729331014 5.5005028365 5.538273491 5.6446256203 5.721394896 5.7441762142 5.7512114637 5.8691424085 5.913701353 5.9627412374 6.0187223865 6.1479193157 6.2641226349 6.3069863598 6.370481566 6.3779250429 6.4339786075 6.4683782085 6.4996835014 6.530021887 6.5306685274 6.5382926158 6.6656452275 6.6920033566 6.753159379 6.7646690611 6.8161669357 6.8730538871 6.8914732772 6.9227583905 6.9601129831 6.9724440239 7.0021318647 7.0095898964 7.1350096175 7.1602982184 7.2794100195 7.4368709938 7.4952717562 7.5380924999 7.5933146652 7.6435327914 7.6986815915 7.8065983852 7.859359327 7.8665469638 7.9558572662 7.9630965605 7.9763159546 8.0257850221 8.0961052524 8.2332478509 8.2366818326 8.2987823133 8.3193248451 8.4303616456 8.5252761509 8.5763174462 8.6107544576 8.7443117892 8.7453251094 8.8729433031 8.8952546455 9.122623426 9.1988303878 11.3711627726 11.4566224554 11.4583572453 16.0330195965 16.1938443211 16.2047339816 16.3674656023 16.476961773 16.5074903938 24.0760723373 24.2149259448 24.3810122185
51 3.0939777616 3.0975382001 3.1037118587 3.376299334 3.5514988918 3.6181055641 3.6263091994 3.651720149 3.7494672209 3.8905536028 3.9071642246 4.0178617237 4.127708816 4.1528145966 4.3539996353 4.4019432847 4.4269732888 4.4715938685 4.7563911915 4.8402866825 4.882397463 4.9071233278 4.913578596 5.042606213 5.0889723223 5.1352714125 5.2599413079 5.3684911709 5.4729331014 5.5005028365 5.538273491 5.6446256203 5.721394896 5.7441762142 5.7512114637 5.8691424085 5.913701353 5.9627412374 6.0187223865 6.1479193157 6.2641226349 6.3069863598 6.370481566 6.3779250429 6.4339786075 6.4683782085 6.4996835014 6.530021887 6.5306685274 6.5382926158 6.6656452275 6.6920033566 6.753159379 6.7646690611 6.8161669357 6.8730538871 6.8914732772 6.9227583905 6.9601129831 6.9724440239 7.0021318647 7.0095898964 7.1350096175 7.1602982184 7.2794100195 7.4368709938 7.4952717562 7.5380924999 7.5933146652 7.6435327914 7.6986815915 7.8065983852 7.859359327 7.8665469638 7.9558572662 7.9630965605 7.9763159546 8.0257850221 8.0961052524 8.2332478509 8.2366818326 8.2987823133 8.3193248451 8.4303616456 8.5252761509 8.5763174462 8.6107544576 8.7443117892 8.7453251094 8.8729433031 8.8952546455 9.122623426 9.1988303878 11.3711627726 11.4566224554 11.4583572453 16.0330195965 16.1938443211 16.2047339816 16.3674656023 16.476961773 16.5074903938 24.0760723373 24.2149259448 24.3810122185
52 3.0934769996 3.0973151503 3.1042353743 3.3766946539 3.5519855329 3.6185710567 3.6268030011 3.6522148008 3.7502949816 3.8908871405 3.907639931 4.017788101 4.127197636 4.1523792884 4.3534880107 4.4012333707 4.4260865197 4.4690382156 4.7550742182 4.8430802543 4.882523045 4.9096335213 4.914599246 5.0432739984 5.0897560574 5.1356539565 5.2601906706 5.3677962607 5.4729489232 5.4996225086 5.537487435 5.64371541 5.7156001101 5.7450637689 5.7564117224 5.8696185071 5.9130331704 5.9644128849 6.0187914069 6.1471896301 6.2626219711 6.3057343456 6.3659982603 6.3817784668 6.433965181 6.4685280786 6.5003998863 6.5293513017 6.5319074738 6.5389496053 6.6637682941 6.6915207268 6.7534747002 6.7657188964 6.8169164985 6.869711464 6.8919713683 6.9270580698 6.9570571145 6.97350099 7.0048829496 7.0110275363 7.1349065668 7.1602128108 7.279844702 7.4370079943 7.4953175202 7.5377480113 7.5932767176 7.6434003203 7.6986496686 7.8066760684 7.8576975411 7.8681343796 7.9552808119 7.9631842975 7.976280118 8.0260183821 8.0960311007 8.2328505102 8.2366313729 8.2987822917 8.319255665 8.4303581803 8.5253106226 8.5763304162 8.6107060904 8.7441874504 8.7452668395 8.8728773295 8.8952180487 9.122743482 9.1989368522 11.3706487059 11.4561083609 11.4578529032 16.033031072 16.193800531 16.2046556302 16.3673817826 16.4768811668 16.5074201446 24.0762324496 24.2149304289 24.3812152755
53 3.0919778017 3.0967158513 3.1057326932 3.3778799882 3.5534448518 3.6199664426 3.6282840864 3.6536978966 3.752766558 3.8918762289 3.9090671214 4.0175567082 4.125657937 4.1510653112 4.3519376745 4.3989929177 4.4234844023 4.4618227446 4.7514383641 4.8510471325 4.8829851841 4.9168134892 4.9176644695 5.0452152322 5.0921575693 5.1367888185 5.2609436856 5.3657170188 5.47300777 5.4970592825 5.5351533614 5.6410120042 5.7035717315 5.7476717565 5.7666432542 5.8709917 5.9114269313 5.9689692728 6.0189692778 6.1450223875 6.2583775559 6.302143422 6.3580141701 6.3877661841 6.4339335223 6.4689894279 6.5023325011 6.5285231026 6.5343373599 6.5409746428 6.6584000836 6.6901496651 6.7544425456 6.7687966736 6.8183449344 6.8628646971 6.8933791402 6.9373424545 6.950477876 6.9752255982 7.012040134 7.0153199942 7.1346069588 7.1599731853 7.2811438866 7.4374187566 7.4954548842 7.536717388 7.5931613326 7.6430038396 7.6985515234 7.8069084465 7.8544660809 7.871144195 7.9535939731 7.9634465428 7.9761590038 8.0266931877 8.0958094764 8.2316619798 8.2364801459 8.2987821277 8.3190530757 8.4303410925 8.5254128109 8.5763678976 8.6105622734 8.7438146829 8.7450924205 8.8726797179 8.8951089502 9.123104432 9.1992569307 11.3691071612 11.4545668471 11.4563404228 16.0330655103 16.1936691902 16.2044208613 16.3671306234 16.4766397727 16.5072097543 24.0767121546 24.2149438677 24.3818236412
54 3.0894894531 3.0958292114 3.108105041 3.3798534657 3.555874998 3.6222884738 3.6307514401 3.6561668206 3.7568469124 3.8934861737 3.9114454764 4.0171338983 4.1230719727 4.1488484972 4.3493043442 4.3948432756 4.4193386436 4.4512249886 4.746231186 4.8628331735 4.8842678984 4.9227930259 4.9278079467 5.0482536572 5.0963193152 5.1386379053 5.2622154535 5.3622707427 5.4731433808 5.4930277517 5.5313468626 5.6365873376 5.689526187 5.7518440563 5.7776518648 5.8731028005 5.9096978545 5.9754202451 6.0191676598 6.1414867184 6.2520485521 6.2966583247 6.3482089034 6.3939768175 6.4339054098 6.4697845184 6.5049254798 6.5273477108 6.5378848769 6.544485813 6.6501859848 6.6881049727 6.7561165753 6.7736997811 6.8179375004 6.8577890617 6.8953933809 6.9430233062 6.9502451311 6.9769402005 7.0218194472 7.0223951994 7.1341393101 7.1596309253 7.2832937475 7.4381026551 7.4956840245 7.5350092193 7.5929639553 7.6423461496 7.6983801648 7.8072934664 7.8508773472 7.8743684436 7.9509061787 7.9638802594 7.9759223079 8.0277412961 8.0954428717 8.2296928709 8.2362286194 8.298781501 8.3187310797 8.4302911707 8.525578921 8.5764255829 8.6103268894 8.7431942312 8.7448030054 8.8723513957 8.8949294138 9.1237086182 9.1997926748 11.3665401102 11.4520002237 11.4538214478 16.0331229469 16.1934503878 16.2040305308 16.3667130245 16.4762388618 16.5068602919 24.0775095603 24.2149662212 24.3828349035
55 3.086027489 3.0946762665 3.1113158014 3.38261198 3.5592727702 3.6255318255 3.6342031965 3.6596170815 3.7624779 3.8956587935 3.9147726271 4.0164562118 4.1194133843 4.1456887436 4.3455232697 4.3880499093 4.4139233957 4.4391685696 4.7402665655 4.8744840691 4.8891553819 4.9300471316 4.941618909 5.0521372835 5.1024436229 5.1411384999 5.2640321642 5.3574890558 5.4734105957 5.4878343604 5.5261994573 5.6305289142 5.6746309582 5.7573434098 5.7882166438 5.87570491 5.9085707693 5.9827668835 6.0192369658 6.1367103166 6.244471665 6.2898868072 6.3367403405 6.4000622541 6.4339059866 6.4709206943 6.5075252933 6.5254803637 6.542578323 6.5495328459 6.6398990877 6.6856705911 6.7585517697 6.7801435339 6.813058724 6.8580642619 6.8973262354 6.9361602425 6.9641699937 6.9787926254 7.0321045772 7.0331131067 7.1335509808 7.1592783786 7.2862736241 7.4390589534 7.496005076 7.5326380559 7.5926772317 7.6414319251 7.6981243965 7.8078275762 7.8472241451 7.8775218142 7.9473568212 7.9644799453 7.9755416668 8.0290701357 8.0949354402 8.2269612261 8.2358776083 8.2987798022 8.318310425 8.4301790944 8.525802274 8.5764962228 8.6100065028 8.7423273303 8.7444004554 8.8718939067 8.894682839 9.1245599285 9.2005474879 11.3629508601 11.4484123465 11.4502987323 16.0332034401 16.193144275 16.2034860625 16.3661304834 16.4756805431 16.5063735303 24.0786215213 24.2149974227 24.3842450527
56 3.0816137591 3.0932396173 3.1153622933 3.3861511984 3.5636334667 3.6296892159 3.6386364113 3.6640420973 3.7695786027 3.8983120176 3.9190411579 4.0154175906 4.1146550476 4.1415310721 4.3405292753 4.3777079214 4.4075895417 4.4278033612 4.7341968785 4.8793893926 4.9029714266 4.9395849528 4.9573222795 5.0566182392 5.1107277098 5.1442046161 5.2664324756 5.3514221611 5.4738830955 5.4818284416 5.5198952546 5.6228912998 5.6594017699 5.763875811 5.7977779412 5.8784853582 5.9085546115 5.9901464449 6.0189639722 6.130898127 6.236498108 6.282482155 6.3238586843 6.4057300151 6.4339524389 6.4723726247 6.5096356996 6.5226616456 6.5484055688 6.555933709 6.628287906 6.6831159187 6.7617689404 6.7878240197 6.8044306424 6.8631501565 6.897817689 6.9314427574 6.978444384 6.9809115372 7.0442032765 7.0453682157 7.1329086819 7.1590597342 7.2900590863 7.4402872465 7.4964177778 7.5296249011 7.5922913609 7.6402677304 7.6977694808 7.8085055238 7.8436159581 7.8805054472 7.9430860889 7.9652370703 7.9750002669 8.0305824954 8.094292992 8.2234927595 8.2354283223 8.2987760319 8.3178154868 8.4299689115 8.5260728786 8.5765695361 8.6096104849 8.7412156958 8.7438872502 8.8713094088 8.8943739007 9.1256637728 9.2015261012 11.3583440856 11.4438086251 11.4457761647 16.0333070703 16.1927510693 16.202789444 16.3653850932 16.4749677495 16.5057519319 24.0800436512 24.2150373786 24.3860484978
57 3.0762764727 3.0914918625 3.1202488837 3.3904655593 3.5689507192 3.6347515501 3.6440467913 3.6694328464 3.7780457336 3.9013395013 3.9242337802 4.0138479882 4.1087869406 4.136308952 4.3342936848 4.3636294266 4.4007183097 4.418496603 4.7284617997 4.8809812732 4.9209391611 4.9517226315 4.97409056 5.0615681992 5.1212815583 5.1477293633 5.2694690639 5.3441449614 5.4746497626 5.4753649917 5.5126584481 5.6136343684 5.6443014216 5.7711101057 5.8058918049 5.8810885981 5.9099954376 5.9967932595 6.0180726803 6.1243556198 6.2289239274 6.2750603204 6.3099365897 6.4107399846 6.4340432815 6.4740742782 6.5110156338 6.5187601806 6.5553293297 6.5631821956 6.6160788466 6.6806604094 6.76572808 6.7941271285 6.7966788377 6.870795461 6.895232392 6.9304704688 6.9833736583 6.9927350463 7.0582776485 7.0583542156 7.1323007491 7.1591899001 7.2946253799 7.4417880537 7.4969206159 7.5259983043 7.5917945764 7.6388620474 7.6972980277 7.8093200603 7.840116534 7.8832692921 7.9382213262 7.9661394693 7.9742924566 8.0321908815 8.0935229752 8.2193207657 8.2348824242 8.2987686793 8.3172711048 8.4296219478 8.5263770144 8.5766321178 8.6091511512 8.7398615108 8.7432663676 8.8706006699 8.8940084622 9.1270270481 9.2027345401 11.3527258728 11.4381960357 11.4402587998 16.0334339385 16.1922710606 16.2019432215 16.3644795379 16.4741042186 16.5049986297 24.0817703405 24.2150859686 24.3882380892
58 3.0700501882 3.0894062688 3.1259780628 3.3955482475 3.5752163392 3.6407080654 3.6504284068 3.6757773204 3.7877541047 3.9046101481 3.930315621 4.0114806181 4.1018518093 4.1299523295 4.3268742298 4.3469403923 4.3936578143 4.4112024295 4.7233216201 4.8819444922 4.9391024204 4.9668279466 4.9910939244 5.0671048744 5.1340709014 5.1515889782 5.2732098251 5.3357655238 5.4687823107 5.4758088161 5.5047380134 5.6025996818 5.629878543 5.7786869331 5.8121433927 5.8831374599 5.9131106815 6.0020058417 6.016238229 6.1175062348 6.2224495026 6.2681501339 6.2954324524 6.4149350946 6.4341487029 6.4759043391 6.5116073517 6.5138128198 6.5632785598 6.5702807317 6.6042432193 6.6784825382 6.7703171283 6.7841048531 6.805949066 6.8796390496 6.8894977163 6.9331696302 6.9862511735 7.0067969838 7.0716220037 7.0741519038 7.1318432898 7.1599853449 7.299950688 7.4435635421 7.4975085483 7.5217970157 7.5911737424 7.6372253301 7.6966910713 7.8102615312 7.8367720134 7.8857836734 7.9328738988 7.9671708518 7.973419902 8.033824931 8.0926344356 8.2144855381 8.2342420889 8.2987556017 8.3166999977 8.4291005457 8.5266969679 8.5766673921 8.6086438644 8.7382674094 8.7425411368 8.8697710628 8.8935934612 9.1286580919 9.2041800792 11.3461037765 11.4315831372 11.4337529009 16.0335841644 16.1917046185 16.2009504925 16.363417088 16.4730944674 16.5041174036 24.083794778 24.2151430452 24.3908051473
59 3.0629757135 3.0869602198 3.1325487921 3.4013911393 3.5824202013 3.6475464548 3.6577733926 3.6830596576 3.7985571917 3.9079667244 3.9372213994 4.0079092417 4.0940051581 4.1224043832 4.3184569515 4.3293007847 4.3866635733 4.4052419256 4.718908186 4.8827842321 4.9563246959 4.9847306021 5.007327611 5.0737207485 5.148908586 5.1556496253 5.2777378735 5.3264376813 5.4623894586 5.4774578187 5.4963979849 5.5896724291 5.6166391936 5.7862151974 5.8161855654 5.8842519231 5.9179611255 6.0051756591 6.0131346401 6.1108796734 6.2175932942 6.2621627517 6.2809038891 6.4182345622 6.4342023023 6.4776286641 6.5080853979 6.5114356984 6.5721438425 6.5743820454 6.595481555 6.6767457476 6.7746551213 6.7753520655 6.8159047765 6.8819341334 6.8890554739 6.9380136704 6.9896373758 7.0203495286 7.0851939235 7.0911337383 7.131695491 7.1619130982 7.3060186983 7.4456183625 7.4981659093 7.5170776717 7.5904150373 7.6353701071 7.6959292769 7.8113173265 7.8336181429 7.8880314194 7.9271408133 7.9683105843 7.9723883286 8.0354336108 8.0916379376 8.2090333153 8.2335100569 8.2987339233 8.3161210724 8.4283711724 8.5270110426 8.5766556875 8.6081070229 8.7364364553 8.7417150727 8.8688245589 8.8931367675 9.130566621 9.2058711865 11.3384868905 11.4239800929 11.4262659918 16.0337578846 16.1910522022 16.1998148971 16.3622015935 16.4719437625 16.5031126509 24.0861089779 24.2152084339 24.3937394972
60 3.0550998932 3.0841366923 3.1399567358 3.407984713 3.5905501733 3.6552529358 3.6660716218 3.6912587226 3.8102878819 3.9112207218 3.9448327402 4.0025561046 4.0855887918 4.113653497 4.3093614642 4.3121168126 4.3798717782 4.4000854219 4.7152685854 4.8836331849 4.972814837 5.0043509592 5.0214644312 5.0823577013 5.1597787518 5.1654679165 5.2831491048 5.3163837333 5.4564549734 5.4796750159 5.4879209367 5.5751087979 5.6047418153 5.7932578975 5.8178000303 5.8840639013 5.9243954833 6.0058815874 6.0085433783 6.1050402682 6.2144936957 6.2573716809 6.2671135447 6.4206028924 6.434095469 6.4787075804 6.5022525887 6.5105676666 6.5696405256 6.5817857621 6.5954337591 6.6756234109 6.7663883057 6.7805755905 6.8262383798 6.873629895 6.8987480357 6.9436945277 6.9936456906 7.0330262453 7.0987340439 7.1087393595 7.1321023776 7.1656636335 7.3128199879 7.447960586 7.4988375766 7.5119445311 7.5895046804 7.6333111711 7.6949942109 7.8124711451 7.830682103 7.8900049806 7.9211079183 7.9695338736 7.9712057097 8.0369845512 8.0905454301 8.2030149162 8.2326896708 8.298699974 8.315548629 8.4274066573 8.5272939203 8.5765745422 8.607561824 8.7343721181 8.7407917001 8.8677657191 8.8926470106 9.1327636556 9.2078174561 11.3298859301 11.4153986963 11.4178069193 16.0339552494 16.190314371 16.1985406079 16.360837476 16.4706580839 16.5019893537 24.0887038116 24.2152819329 24.3970295101
61 3.0464752687 3.0809252521 3.1481947535 3.4153179199 3.5995920954 3.6638122273 3.6753103111 3.7003456659 3.8227594997 3.9141346846 3.95293531 3.9947210816 4.077157155 4.1037914053 4.2963907912 4.3000001262 4.3733154249 4.3954760636 4.7123967081 4.8845413278 4.9891229501 5.024374683 5.032111782 5.0940853491 5.1638638066 5.1832640178 5.2895458103 5.3059464618 5.4511849894 5.4796340723 5.4824796781 5.5595554491 5.5940162814 5.7993135637 5.8169106783 5.8822228435 5.9320113112 6.0025220839 6.0040268708 6.1004521031 6.212519813 6.2539023745 6.2553246311 6.4220075992 6.4336779623 6.4778851775 6.4977951407 6.5091265447 6.5594666184 6.5920511437 6.6004379124 6.6753083372 6.7596662546 6.785636864 6.8367803021 6.8652645565 6.9085582274 6.949382537 6.9983730138 7.0443967041 7.1117746156 7.1262116114 7.133546274 7.1722253591 7.3203516691 7.450602728 7.499247775 7.5067320654 7.5884296311 7.6310659174 7.6938695837 7.813702003 7.8279826609 7.8917048696 7.9148533888 7.9698815482 7.9708124071 8.0384622302 8.0893700376 8.196484295 8.2317848915 8.2986492867 8.3149922567 8.4261875117 8.5275173836 8.5763993758 8.6070316635 8.732078246 8.7397743805 8.8665996837 8.8921333801 9.1352614251 9.2100295266 11.3203133281 11.4058524036 11.4083859251 16.0341764201 16.1894917982 16.1971323175 16.3593297195 16.469244085 16.5007530412 24.091569043 24.2153633133 24.4006621493
62 3.0371596146 3.077322836 3.1572532949 3.423378011 3.6095297962 3.6732073653 3.685473483 3.7102794757 3.8357670995 3.9163636346 3.9611334002 3.9838391364 4.0693465316 4.0931181513 4.2827690915 4.2908117609 4.3669649641 4.391341878 4.7102540455 4.8855329619 5.0055170242 5.0386641099 5.0437804371 5.1092066467 5.1678427208 5.2015198131 5.2957358929 5.2970249642 5.4466723814 5.4719745477 5.4857310655 5.5437991413 5.5843123969 5.8038077824 5.8135396693 5.8783841599 5.9400831946 5.9955592136 6.0000110508 6.09734716 6.2097869402 6.2477456659 6.251733618 6.4223698619 6.4327723832 6.4737958829 6.4963942004 6.507325496 6.5484695245 6.6027893184 6.6056027796 6.675987552 6.7547729069 6.790034066 6.8473664323 6.8574242351 6.9183825302 6.9545585739 7.0038257124 7.0540692128 7.1230483926 7.1373387783 7.1426143098 7.1827649154 7.3286145538 7.4535628421 7.4975579101 7.5033493417 7.58717816 7.6286549247 7.692542368 7.814982872 7.8255298095 7.8931383987 7.9084511363 7.9684267771 7.9721154382 8.0398659501 8.088125751 8.1894972312 8.2308002879 8.2985766658 8.3144571394 8.4247024443 8.5276513459 8.5761046502 8.6065410451 8.7295590355 8.7386661548 8.865332159 8.8916053967 9.1380732545 9.2125189863 11.309783344 11.3953563734 11.3980147302 16.0344215651 16.1885852856 16.1955952256 16.3576838586 16.4677090469 16.4994097495 24.0946933695 24.2154523187 24.4046230231
63 3.0272153649 3.073334288 3.1671206614 3.4321503065 3.6203451301 3.6834192232 3.6965411624 3.7209982663 3.849088606 3.9172532914 3.9686784435 3.970030119 4.062584623 4.0823329779 4.2715857171 4.282200583 4.3607675244 4.3877217121 4.7087823145 4.8866224322 5.0219602706 5.0415594381 5.0618041949 5.1269807003 5.1717524909 5.2186769736 5.287106086 5.3056607778 5.4428016843 5.4656101435 5.4888018108 5.5288835422 5.5757047322 5.8061215386 5.807754236 5.8721836819 5.947226969 5.9885926836 5.9950868576 6.0956900523 6.2042143386 6.2465173064 6.2507116869 6.4215088618 6.4312134953 6.4673378326 6.4975802835 6.5054810542 6.5376914094 6.6096309188 6.6138637818 6.6777724553 6.751916742 6.7930237826 6.8508396729 6.8578285789 6.9281343293 6.95895344 7.0098453399 7.0618513412 7.1304574134 7.1456510702 7.1574309094 7.197868163 7.3376067923 7.4568656431 7.4922156708 7.5034345946 7.5857401477 7.626102909 7.6910036922 7.816278778 7.8233243593 7.8943184497 7.9019742337 7.9668539571 7.9734112304 8.0412080085 8.0868269982 8.1821103028 8.2297409996 8.2984763361 8.3139445151 8.4229482723 8.527665084 8.575665564 8.6061139534 8.7268190002 8.7374696159 8.8639694009 8.8910726622 9.1412134285 9.2152982623 11.2983121855 11.3839275135 11.3867066296 16.0346908562 16.1875957805 16.1939350233 16.3559059661 16.4660608283 16.497965977 24.098064466 24.2155486653 24.4088964425
64 3.0167089562 3.0689725946 3.1777831709 3.4416178864 3.6320180121 3.6944254051 3.7084880838 3.7324006519 3.8624841782 3.9151337888 3.9550315019 3.9741725853 4.0568981668 4.0728454014 4.262901233 4.2744990348 4.3546718552 4.3847254185 4.707910268 4.8878194976 5.038207415 5.0415183235 5.0777830947 5.1463793971 5.1758013651 5.2310242246 5.2834853318 5.3154832266 5.4392066761 5.4615241444 5.489388284 5.5172251873 5.568558356 5.7996420638 5.8056849062 5.8632404951 5.9505525855 5.9828179227 5.9921472035 6.0952483243 6.196413269 6.250575366 6.2509177089 6.4191044665 6.4289162013 6.4604175567 6.5000077723 6.5039704031 6.5273073868 6.6122087586 6.6251583773 6.6806238923 6.7512106235 6.7936310857 6.8464356387 6.8679884293 6.9377272197 6.9625150563 7.0161005306 7.0678707051 7.1356429521 7.1569333975 7.1711764303 7.2168054056 7.3473124258 7.4605435686 7.4857900176 7.5045266824 7.5841069406 7.6234402161 7.6892494269 7.8175441039 7.8213577144 7.895262265 7.8954986819 7.9651775978 7.9746687407 8.0425121731 8.0854880707 8.174380214 8.2286126769 8.298342177 8.313452104 8.4209294593 8.5275285454 8.5750601535 8.6057718139 8.7238629382 8.7361868275 8.8625181953 8.8905445907 9.1446970315 9.2183804922 11.2859181442 11.3715845378 11.3744766003 16.0349844633 16.1865243942 16.1921578765 16.3540026371 16.4643078116 16.4964286391 24.101669034 24.2156520424 24.4134654834
65 3.0057101174 3.0642587979 3.1892252524 3.4517611522 3.6445264287 3.7061975783 3.7212814749 3.7443013345 3.8756884408 3.9061100691 3.94333431 3.9753858482 4.0520141136 4.0669693278 4.2565529374 4.2679575683 4.3486396165 4.3825134824 4.707556507 4.8891313966 5.0390455807 5.0538668733 5.0910314796 5.1665927868 5.1804520167 5.2333316245 5.2896605459 5.3264569613 5.4356687595 5.4606892654 5.4829395696 5.5130775974 5.5636244803 5.7893135901 5.8021232711 5.8512583178 5.9465954215 5.9793118034 5.9947167055 6.0956920058 6.1883677584 6.2509884581 6.2587619585 6.4147822942 6.4259488103 6.4543386693 6.5029751512 6.5031307923 6.5172686603 6.6134198834 6.636579192 6.6843556493 6.7526461396 6.7911029974 6.8448984398 6.87765362 6.9470706176 6.9653400311 7.0221675396 7.0725540063 7.1411779689 7.1686957272 7.1846514363 7.2382925575 7.3576821707 7.4646376103 7.4790956557 7.5059526583 7.5822705779 7.6207050377 7.6872804206 7.8187187564 7.8196119486 7.8891079804 7.8959903228 7.9634145078 7.9758594133 8.0438124352 8.0841223913 8.1663634853 8.2274214033 8.2981680396 8.3129743989 8.418657493 8.5272136035 8.5742714532 8.6055313838 8.720695902 8.7348193001 8.8609858343 8.8900301322 9.148539762 9.2217793767 11.2726217429 11.3583480327 11.3613414211 16.0353025493 16.1853724226 16.1902704072 16.3519809722 16.462458844 16.4948050196 24.1054928534 24.2157621117 24.4183120551
66 2.9942911389 3.0592216057 3.2014294899 3.4625571702 3.6578463963 3.7186940634 3.7348769751 3.7563097267 3.8882766301 3.8883761786 3.9378338408 3.9702465375 4.0475860188 4.0669615689 4.2522131865 4.2627546457 4.3426484281 4.381283665 4.7076295603 4.8905636459 5.0344309361 5.0684483571 5.1007983652 5.1864361649 5.1870370421 5.2272923628 5.3032070214 5.3384661786 5.4328346796 5.4634676748 5.4708842389 5.514217239 5.5621144961 5.7769125676 5.7953645084 5.836203821 5.9359901195 5.9786526738 6.0022319886 6.0966627819 6.1813226151 6.2515776157 6.2685516562 6.4084235982 6.4225593105 6.4497486482 6.5031122717 6.5061715824 6.5075418046 6.6135343449 6.648053799 6.6887355012 6.7560791594 6.7855865982 6.8460029131 6.886617302 6.9560743037 6.967596366 7.0276493429 7.0764880334 7.1479223251 7.1801109553 7.1981772441 7.2613828936 7.3686007227 7.4691976174 7.4724257496 7.5076192034 7.5802222646 7.6179465057 7.6851023865 7.8180602283 7.8197228791 7.8828989638 7.8965253496 7.9615841278 7.9769589714 8.0451519591 8.0827416121 8.1581164848 8.2261736115 8.2979481454 8.3125027718 8.4161502744 8.5266951585 8.5732892164 8.6054030712 8.717323171 8.7333680344 8.8593800873 8.8895374993 9.152757719 9.2255090111 11.2584458977 11.3442405365 11.347319807 16.0356452642 16.184141368 16.1882796732 16.3498485576 16.4605231765 16.4931027209 24.109520839 24.2158785082 24.4234169724
67 2.9825261505 3.0538967462 3.2143766216 3.4739786121 3.6719518325 3.7318336415 3.7492104246 3.7674417824 3.8662027484 3.9000111082 3.9355783887 3.9590110275 4.043337413 4.0729966128 4.2494480852 4.2590164378 4.3366913559 4.3812560883 4.7080260544 4.892120253 5.0278666029 5.0814182505 5.106440229 5.1945354054 5.2070900066 5.218167209 5.3178545437 5.351306706 5.4322021369 5.4574262506 5.469757813 5.515587667 5.5652499952 5.7626217311 5.7856028906 5.8184041699 5.9214456467 5.9808103286 6.0120555004 6.0978065221 6.175848446 6.2519755645 6.2794138137 6.4004146077 6.4191177388 6.4466512606 6.4977004234 6.5043551284 6.5094269768 6.6128550709 6.6595291444 6.6935931974 6.7612430602 6.7779336339 6.8488067839 6.8946643684 6.9646601006 6.9694743741 7.0322693046 7.0802722217 7.1560716309 7.1909267854 7.2116700408 7.2855189944 7.379826344 7.4660918349 7.4742816279 7.509524646 7.577950138 7.6152287025 7.6827254949 7.8166675756 7.8204502534 7.8769889075 7.8968914869 7.9597088158 7.9779491146 8.0465821249 8.0813545367 8.1496957791 8.2248760062 8.2976775577 8.3120253903 8.4134316335 8.5259520152 8.5721107374 8.6053901355 8.7137502308 8.7318336333 8.8577091667 8.8890739102 9.1573671596 9.2295836929 11.2434160914 11.3292866316 11.3324325579 16.0360127379 16.1828329628 16.1861931465 16.3476134432 16.4585103988 16.4913296146 24.1137370998 24.2160008405 24.4287600321
68 2.9704904324 3.0483261304 3.2280454875 3.4859919105 3.6868142772 3.7453547639 3.7641793105 3.774800302 3.8459147423 3.9089764097 3.9341796567 3.9449098315 4.0391007126 4.0833950316 4.2477749389 4.2568363556 4.3307756155 4.3826509664 4.7086274852 4.8938035822 5.0195340555 5.0921763331 5.1078898668 5.2051297694 5.2072784105 5.2274403433 5.3296562062 5.3646695306 5.4355616421 5.4441154286 5.4794460707 5.5158442262 5.5731582873 5.7466612645 5.7731067459 5.7985209444 5.9045517626 5.9853497792 6.0226747624 6.0987851951 6.1721752412 6.2518693301 6.2907540161 6.3914652116 6.415994787 6.444701494 6.4883624943 6.5062443209 6.5126227611 6.6116334734 6.6709688884 6.6988555155 6.7677907289 6.7689811329 6.852367778 6.90158891 6.9711683909 6.9727769669 7.0359059884 7.0844227196 7.1655094469 7.2011015351 7.2248828293 7.3103547012 7.3908672782 7.4605981731 7.4799536491 7.5117014904 7.5754367556 7.6126353682 7.6801637662 7.8153919435 7.8207623207 7.8715221198 7.8971135836 7.9578140624 7.9788190421 8.048161552 8.0799658497 8.1411588145 8.22353551 8.2973527225 8.3115269614 8.4105310316 8.5249675025 8.5707405916 8.6054889532 8.7099827642 8.7302164812 8.8559816887 8.8886453625 9.1623842268 9.2340177033 11.2275605613 11.3135130521 11.3167027232 16.0364050726 16.1814491943 16.1840186895 16.3452841174 16.4564303722 16.4894937904 24.1181250017 24.2161286909 24.4343200937
69 2.9582597759 3.0425568891 3.2424129124 3.4985537606 3.7024023183 3.7569704505 3.7729574635 3.7795937629 3.836347373 3.9079930847 3.9328171292 3.9369597444 4.034804705 4.0964347754 4.2467198208 4.2562878204 4.3249219814 4.3856573669 4.70929594 4.8956139234 5.0096501563 5.098766139 5.1071770075 5.196967846 5.2179481569 5.2463071852 5.3366034468 5.3780343183 5.4316252923 5.4440595763 5.4924893542 5.5157412961 5.5848134994 5.7292859295 5.7578807571 5.7776178061 5.886133202 5.9917106903 6.0333572468 6.099282227 6.17036236 6.2510471304 6.3020519736 6.38233516 6.4134297955 6.4435617643 6.4793855637 6.5089995408 6.5156613644 6.6100477542 6.6823506096 6.7045176301 6.759285799 6.7753443237 6.8560090956 6.9072265648 6.9728735993 6.9804113717 7.0385702902 7.0893216826 7.1758810178 7.2107558935 7.2375375289 7.3356355886 7.4007344403 7.4568886759 7.4862792964 7.5142132027 7.5726573152 7.6102747335 7.6774343783 7.8141855712 7.8204893269 7.8666696716 7.897216548 7.9559286221 7.9795667187 8.049954981 8.0785745924 8.1325650155 8.2221592531 8.2969720697 8.3109883419 8.407483462 8.5237298306 8.5691894638 8.6056901704 8.7060266571 8.7285169758 8.854206626 8.8882564533 9.1678246476 9.2388250603 11.2109104988 11.296948809 11.3001557833 16.0368223337 16.1799923301 16.1817645298 16.3428694807 16.4542931611 16.4876035064 24.1226672329 24.2162616165 24.4400751639
70 2.9459099055 3.0366403493 3.257453496 3.5116037797 3.7186802981 3.7463326142 3.7789778063 3.7950159656 3.8413495805 3.8923027195 3.931262812 3.94133465 4.0304477576 4.1109594953 4.2458717301 4.2574272871 4.3191659688 4.390398209 4.7098691345 4.8975486925 4.9984849893 5.0952216593 5.1108566617 5.1868486078 5.2322685692 5.2641147226 5.3387884543 5.3899638997 5.4212340151 5.4571587968 5.5088183372 5.5163581111 5.5990219682 5.7107947515 5.7392880934 5.7573997761 5.8667531197 5.999377994 6.0436590741 6.0990094526 6.1703853521 6.2494288833 6.312670952 6.3738473887 6.4114292222 6.4430245576 6.4711004155 6.5125015049 6.5184555031 6.6082129807 6.6936630292 6.7105987141 6.7491845412 6.783527789 6.8592639251 6.9114996931 6.9747835979 6.987582894 7.0403519046 7.0951953013 7.1866060673 7.2202072638 7.2493781704 7.3611355991 7.4077022911 7.4565723211 7.4933189592 7.5171677263 7.5695802211 7.6082837204 7.6745570082 7.8129966168 7.8194518496 7.8626091494 7.8972246778 7.9540845483 7.9801997873 8.0520318893 8.0771721917 8.1239775488 8.2207546311 8.2965366722 8.3103860705 8.4043295105 8.5222322016 8.5674724795 8.6059803267 8.7018880274 8.7267357987 8.8523932553 8.8879102566 9.1737033992 9.244019239 11.1935002627 11.2796253335 11.2828198493 16.0372645402 16.1784649453 16.1794392334 16.3403788148 16.4521089631 16.48566714 24.1273458723 24.2163991494 24.446002484
71 2.9335159651 3.0306310012 3.2731392649 3.5250470482 3.7197133348 3.735604729 3.7939635354 3.8090551854 3.8538138602 3.8729017273 3.9295574354 3.9490016277 4.0260721439 4.1262236344 4.2449228771 4.2602867318 4.3135624095 4.3969031914 4.7101553907 4.899601053 4.9863624902 5.0857803855 5.1154588369 5.1771574825 5.247232858 5.2803003306 5.3379342795 5.3943369118 5.4188043566 5.473005197 5.5184675771 5.5282227102 5.6147580259 5.691599718 5.7169178829 5.7393534026 5.8469220753 6.0079366822 6.0532420939 6.0977198534 6.1721832179 6.2470634613 6.3215145051 6.3672207661 6.4097215752 6.4429952087 6.4639466692 6.516685382 6.5209250446 6.6061993778 6.7049031679 6.7171108705 6.7388881194 6.7919724892 6.8617944423 6.9144638685 6.9770804142 6.9943222692 7.0413673409 7.1021172301 7.1968873268 7.2300045472 7.2601927894 7.3866187873 7.4101885811 7.4610180828 7.5011187959 7.520745251 7.5661716813 7.6068314121 7.6715533225 7.8117711003 7.8175139765 7.8594732943 7.8971608917 7.9523171374 7.9807360041 8.0544647108 8.0757395276 8.1154663403 8.2193294637 8.2960509574 8.3096919141 8.4011154878 8.5204727088 8.5656074807 8.6063434997 8.6975732862 8.7248741995 8.8505510972 8.8876082691 9.1800343451 9.2496128578 11.1753676041 11.2615766413 11.2647258828 16.0377316532 16.1768699488 16.1770516759 16.3378217504 16.4498880388 16.4836931402 24.1321424599 24.2165407984 24.4520786203
72 2.9211520683 3.024585499 3.2894391109 3.538705086 3.6895743274 3.7531100753 3.8103104852 3.8157609752 3.8593661061 3.8688980049 3.9280254923 3.9567181472 4.0217444908 4.1417024081 4.2436843859 4.2648540973 4.30819775 4.4051012165 4.7099297824 4.901757496 4.9736519899 5.073365495 5.118819903 5.1679835023 5.2620212817 5.2937236933 5.3365774291 5.3871601398 5.4280416638 5.4895796743 5.5225204314 5.5502803804 5.6306042187 5.672689273 5.6919059919 5.7235424197 5.8272093687 6.0170672701 6.061820755 6.0952271067 6.1756775764 6.2440883933 6.326593058 6.3645252443 6.4078109624 6.443452857 6.4584574868 6.5215190296 6.5229974455 6.6040485349 6.7160713723 6.724045118 6.7285418854 6.8003011913 6.8633531585 6.9163391976 6.9799143434 7.0006429249 7.041727838 7.1100361534 7.2058557494 7.2408080987 7.269825784 7.4087335466 7.4118075534 7.4693381846 7.5097007661 7.5252394987 7.5624049837 7.6061239276 7.6684467276 7.810455225 7.8146491046 7.8572866534 7.8970458176 7.9506647977 7.9812030428 8.0573265367 8.0742417368 8.1071137344 8.2178922967 8.2955234689 8.3088725644 8.397893485 8.5184540607 8.5636135498 8.6067626612 8.6930892436 8.7229342704 8.8486898489 8.887350428 9.1868298394 9.2556173263 11.156553904 11.2428395191 11.2459079363 16.0382235631 16.1746110128 16.1752106102 16.3352082316 16.4476406425 16.4816899821 24.1370380699 24.2166860494 24.4582795575
73 2.9088909062 3.0185617223 3.3063178884 3.5521421463 3.6586041903 3.770996029 3.804441055 3.8273562701 3.8633291495 3.8841352385 3.9276628696 3.9639658503 4.0175436699 4.1569855672 4.2420757012 4.2710301558 4.3032261895 4.4148349887 4.7089337084 4.9039933619 4.9607553081 5.0587055495 5.1209033497 5.1593653143 5.2759169222 5.3017599612 5.3383591159 5.3764850891 5.4405818256 5.5050235382 5.5287088197 5.5743719342 5.6389524974 5.6612614427 5.6655507866 5.7102064493 5.8083594499 6.0265220309 6.0691622383 6.0914296195 6.1807690138 6.2406678478 6.3264215744 6.3672995677 6.4051964239 6.4444210927 6.455085502 6.5246104576 6.5269954905 6.6017850185 6.7182235623 6.7272018029 6.7313679294 6.8081018602 6.8637743333 6.9175162463 6.9833761571 7.0065227251 7.0415303472 7.1188172772 7.2129552763 7.2530118492 7.278186979 7.4051679689 7.4363462984 7.4791941414 7.5190534407 7.5310875361 7.5582735742 7.6064161669 7.6652625207 7.8089981684 7.8109626397 7.8559460091 7.8968967537 7.9491688826 7.9816374736 8.0606881928 8.0726175436 8.099026098 8.2164529056 8.2949676752 8.3078896864 8.3947211367 8.5161831763 8.5615099073 8.6072206033 8.6884432768 8.7209191888 8.8468193118 8.8871352012 9.1941002981 9.2620424526 11.1371044221 11.2234537358 11.2264034172 16.0387400754 16.1721266473 16.1734905865 16.3325484785 16.4453769542 16.4796661229 24.1420133852 24.2168343671 24.4645807941
74 2.8968034062 3.0126179145 3.3237349403 3.5638047997 3.629120193 3.7799197193 3.7919559413 3.844877803 3.877373843 3.8962432342 3.9312926958 3.9708306574 4.0135570183 4.1717212932 4.2400969245 4.2784799567 4.299018299 4.4258896885 4.7068814926 4.9062639568 4.9480899357 5.0422581784 5.1218725173 5.1513163779 5.2883304331 5.3023765918 5.345961057 5.3650701467 5.4532738955 5.5172762664 5.5370113572 5.5997198554 5.6249010262 5.6387563512 5.6716368562 5.7006347437 5.7914882727 6.0360961651 6.0751084839 6.0863355802 6.1873209482 6.2369361967 6.3227466059 6.3738322013 6.4017020565 6.4459456602 6.4539219873 6.5257168224 6.5331225838 6.5994239007 6.7080645541 6.7382541101 6.739021771 6.8149080417 6.8629746585 6.9185346529 6.9874665561 7.0119032571 7.0408695294 7.1282826883 7.2181789173 7.2665013817 7.2852572952 7.4008296943 7.4597529001 7.4886614371 7.529123835 7.5387924458 7.5538085042 7.6080368512 7.6620286706 7.8066463552 7.8073554274 7.8552698143 7.8967266072 7.9478735419 7.9820826565 8.0646146118 8.0707556532 8.0913589547 8.2150230847 8.294402822 8.3067005801 8.3916608112 8.5136706899 8.5593151744 8.6077004261 8.6836435877 8.7188334089 8.8449493117 8.8869597429 9.2018537369 9.2688960068 11.1170685564 11.203462279 11.2062533754 16.0392808938 16.1696081974 16.1717139475 16.3298529464 16.4431070141 16.4776299612 24.1470487735 24.2169851965 24.4709574389
75 2.8849584298 3.0068119053 3.3416416319 3.5658370202 3.6093262978 3.7561236712 3.8097322794 3.8625714719 3.8935939303 3.9015250487 3.9426043078 3.9777288141 4.0098887028 4.1855747898 4.2377972784 4.2856337145 4.29717665 4.4380236129 4.7034785227 4.9084853276 4.9360654582 5.0244279808 5.1218953241 5.1438336263 5.2980737177 5.2988051598 5.3534159787 5.3572808264 5.4650409781 5.5237639397 5.5472398292 5.6053371475 5.611891105 5.6259559588 5.6858722753 5.6969473332 5.778440109 6.0455833962 6.079598622 6.0800976404 6.1951469196 6.2329695311 6.3180608246 6.3816540663 6.3976018419 6.4480705959 6.454608886 6.5262911465 6.539910761 6.5969754565 6.698099842 6.7469252994 6.7492683985 6.8202145797 6.8609485778 6.9200256993 6.9920620631 7.0167014187 7.0398732299 7.1382404357 7.2218415387 7.2808665499 7.2910895058 7.3964426757 7.481354686 7.4966494866 7.5397971972 7.5486292892 7.5491200686 7.6114240139 7.6587777072 7.801910549 7.8054927863 7.8550704385 7.8965430114 7.9468256437 7.9825852011 8.0684467183 8.0691604472 8.0843673199 8.2136178391 8.2938548205 8.3052597411 8.3887779228 8.5109304046 8.5570469279 8.6081856233 8.6786995922 8.7166827877 8.8430896154 8.8868201029 9.2100952717 9.2761832388 11.0965001115 11.182911618 11.1855028176 16.0398456021 16.1670654608 16.1698852003 16.3271322835 16.44084066 16.4755897985 24.1521243646 24.2171379645 24.4773843103
76 2.8734225004 3.0012004131 3.3599770582 3.5457099858 3.611935046 3.7301181693 3.829151972 3.8793588247 3.9025516049 3.9095179613 3.9598754407 3.985423812 4.0066999333 4.1981780388 4.235249063 4.2874841086 4.3027807047 4.4509922909 4.6984542123 4.9104881261 4.9250500181 5.0056516779 5.1211127224 5.1368977056 5.291648366 5.3069860781 5.3416686362 5.3697374391 5.4748860478 5.5217975517 5.5590883944 5.5855645987 5.5872853221 5.6509681954 5.6968998948 5.7012893078 5.7720897682 6.0545922576 6.0731792591 6.082677781 6.204013453 6.2287923031 6.3136575652 6.3894972216 6.3934028544 6.4508056697 6.4565734786 6.5263393887 6.547361088 6.5944482699 6.6883887261 6.7549697902 6.7602448713 6.8235652482 6.8577537167 6.9225966688 6.9968602892 7.0208244797 7.0387756689 7.1485004248 7.2242906727 7.2956665801 7.2958034816 7.3924307559 7.5002003644 7.502895519 7.5443332736 7.5510401115 7.5603466628 7.6171340863 7.6555508258 7.7969440861 7.8033909563 7.8551990939 7.8963478923 7.9460747913 7.9831895164 8.0653428106 8.0743648831 8.0784496152 8.2122571501 8.2933571594 8.3035215278 8.3861381444 8.5079787258 8.5547214613 8.6086597949 8.6736225071 8.7144746406 8.8412498436 8.8867114766 9.2188265807 9.2839063492 11.075457573 11.1618519962 11.1642010485 16.0404336435 16.1645083793 16.1680093116 16.3243972868 16.4385874693 16.4735538045 24.1572201292 24.2172920818 24.4838360356
77 2.8622595476 2.9958384219 3.3786601925 3.5158759533 3.6245951024 3.7037100048 3.8489745405 3.8893174936 3.9083171843 3.9236698929 3.9795787417 3.9950208569 4.0044369768 4.2090674046 4.2325302915 4.2865911622 4.3134450077 4.464563488 4.6916076696 4.9118934192 4.9153283511 4.9865355878 5.1196336224 5.1304677318 5.2843262047 5.3124816155 5.3300029753 5.3821530624 5.4816211863 5.5099148378 5.565713423 5.5662147558 5.5725184394 5.6745361726 5.7027340152 5.7143571525 5.7748593334 6.0599933965 6.0688864295 6.0844910687 6.2136576704 6.2244113388 6.3100952529 6.3895843918 6.3968509762 6.4540848504 6.4592899029 6.5259113511 6.5554549072 6.5918521367 6.6789719495 6.7630065291 6.7711845524 6.8247129019 6.8534905352 6.9266636111 7.0012731916 7.0241838394 7.038051816 7.1588803212 7.2258068349 7.2995767641 7.3104881941 7.3891220042 7.5076757121 7.5147586178 7.5405503646 7.5623610571 7.5732716341 7.6257246092 7.6524070357 7.791908009 7.8010509375 7.855557843 7.8961377595 7.9456733735 7.9839298368 8.061174565 8.0739354899 8.0802455708 8.2109685559 8.2929518222 8.3014439008 8.3838035366 8.5048340998 8.5523536829 8.60910595 8.668426252 8.7122177256 8.8394393816 8.886628477 9.228045323 9.2920639124 11.0540043858 11.1403377507 11.1424020405 16.0410442966 16.161947001 16.1660917293 16.321658856 16.4363567053 16.4715299844 24.1623159575 24.2174469451 24.4902871512
78 2.8515306584 2.9907786181 3.397574596 3.4841000205 3.6395904405 3.677339694 3.8689837789 3.8885394666 3.9238668836 3.9349395163 3.9962983567 4.0073999787 4.0076211849 4.21766275 4.2297150587 4.2868448472 4.3255817776 4.4785243947 4.6828549637 4.9070618604 4.9117502719 4.9682250976 5.1175358347 5.1244721828 5.2766289681 5.313470449 5.3200099088 5.3938310085 5.4841608271 5.4894403127 5.5479318863 5.5483710664 5.5864744091 5.6963183095 5.7057324128 5.7343589101 5.7853227241 6.0543061129 6.0749648648 6.0852705245 6.2198615272 6.2238089315 6.3076117607 6.3864891036 6.40356567 6.4577281353 6.4623777829 6.5251158183 6.564143796 6.5892043009 6.6698742695 6.7708121209 6.7820832087 6.8237711688 6.8482830693 6.9323224796 7.0043141954 7.0267077689 7.0385582219 7.169205865 7.2266025154 7.3026320117 7.3248657696 7.3868957345 7.5113856998 7.5216799318 7.5406158566 7.5736172308 7.5866285261 7.6374268831 7.6494453256 7.7869472231 7.7985001914 7.8560945671 7.8959048909 7.9456764403 7.984819035 8.0562430295 8.0706012186 8.0867915515 8.2097908829 8.2926901732 8.2989927993 8.3818280192 8.5015164767 8.5499571034 8.6095052582 8.6631288687 8.7099221617 8.8376672904 8.886565412 9.2377445124 9.3006502539 11.0322092294 11.1184276616 11.1201648323 16.0416766497 16.1593914417 16.1641384007 16.318927946 16.4341572698 16.4695261503 24.1673917386 24.2176019393 24.4967122029
79 2.8412938215 2.9860708743 3.416536272 3.4519708673 3.6513494437 3.6553416255 3.8847036879 3.888896059 3.9415540917 3.9431287429 3.9989965505 4.0236227361 4.026635815 4.2234333627 4.2268693043 4.2893624799 4.338342459 4.4926834978 4.6722606096 4.9002676209 4.9076874035 4.953258346 5.1148681684 5.1187973097 5.2688336278 5.3042324071 5.3171301278 5.4038708619 5.4638978051 5.4822534449 5.5313367556 5.5332057949 5.6012324286 5.7102092487 5.7170705357 5.7580628196 5.7997744123 6.0462810337 6.0830136588 6.0853215323 6.2152474363 6.2342050277 6.306283378 6.3843172698 6.4096920363 6.4614288981 6.465594853 6.5241351932 6.5733144019 6.5865650928 6.6611024034 6.7779947703 6.792929295 6.8212884174 6.8422654083 6.939358412 7.0048785271 7.0283568274 7.0412752699 7.1793093737 7.2268368658 7.3052224438 7.3381032837 7.3863705862 7.5143298352 7.5199462563 7.5457687711 7.5845400951 7.5996526922 7.6468647559 7.6518237346 7.7822090714 7.7957997238 7.8567930977 7.8956393669 7.9461409804 7.9858337942 8.0512148769 8.0678846515 8.0939549226 8.2087795612 8.2926337551 8.2961462872 8.3802530405 8.4980468111 8.5475438874 8.6098349105 8.657754834 8.7075992906 8.8359422194 8.886516552 9.2479118428 9.3096547838 11.0101462857 11.0961853289 11.097553955 16.0423295712 16.1568518456 16.1621557888 16.3162155189 16.4319976612 16.4675498949 24.1724274402 24.21775644 24.5030858467
80 2.8316036532 2.9817617606 3.4199732578 3.4352197041 3.6261625275 3.6713364486 3.8801468662 3.9080892093 3.9493017998 3.9580462019 4.001173467 4.0425253747 4.0496995769 4.2240498467 4.2262859887 4.2943801553 4.3513424343 4.5068692764 4.6600406858 4.8948285335 4.8964108022 4.9450734562 5.1116523707 5.1132750295 5.2611299343 5.2922679373 5.3135471582 5.4096284166 5.4376114351 5.4769979264 5.5146700687 5.5214645197 5.6163870009 5.7184890148 5.7371376829 5.7829030575 5.8156217569 6.0386151167 6.0850089995 6.0907828286 6.2107696034 6.2446007105 6.3060879964 6.3831531872 6.4153879515 6.4647853368 6.4688015689 6.5232290672 6.5816784378 6.5851516944 6.652643361 6.7837507409 6.8037003708 6.8183621623 6.8355761086 6.9473577018 7.0026139572 7.0291485395 7.046451894 7.1890294205 7.2266255782 7.3076152667 7.3490465886 7.3886310339 7.5149262238 7.516698298 7.5512653364 7.5949685051 7.6114148851 7.6451430534 7.6679394237 7.7778661975 7.7930520292 7.8576633571 7.8953316403 7.9471239033 7.9868971469 8.0466337566 8.0653863802 8.1016409656 8.2080139899 8.2928548911 8.2928974062 8.379104502 8.4944466073 8.5451249672 8.610064407 8.6523389733 8.7052614943 8.8342723226 8.886476375 9.2585289662 9.3190612943 10.9878954869 11.0736795747 11.0746398845 16.0430016773 16.1543383443 16.1601508863 16.3135324952 16.42988594 16.4656085693 24.1774031872 24.2179098162 24.5093829483
81 2.8225110916 2.9778940665 3.3883335271 3.4529703551 3.6025010724 3.6872822239 3.8754371903 3.9248366568 3.9559538199 3.9702451959 4.0083100987 4.0634850619 4.0737195706 4.2213053011 4.2267403425 4.3014243653 4.3643181101 4.5209270234 4.6465401388 4.8785826369 4.8905316973 4.9431343566 5.1076736792 5.1078847306 5.2536786425 5.2799062849 5.3066759978 5.3970801645 5.4246280047 5.4702089748 5.497857464 5.5138644292 5.6317407424 5.7307235253 5.7561176216 5.8073775076 5.8315461303 6.0321714892 6.0847395448 6.0979774075 6.2067284284 6.2547715565 6.3069371919 6.3829967514 6.4208365119 6.4673874798 6.4719279382 6.5227036424 6.5804464791 6.5936693982 6.6444641792 6.7865005382 6.81434187 6.8168795324 6.828374801 6.9557951927 6.9980300356 7.0292027921 7.05350547 7.1982141527 7.226046575 7.3100719599 7.3564583955 7.39484983 7.5090076007 7.5185999424 7.5554579986 7.6047397157 7.6203390474 7.645473695 7.6846295109 7.7741473793 7.7904091663 7.8587325473 7.8949751085 7.9486777694 7.9878639352 8.0428910346 8.0629089479 8.1096967594 8.2076071252 8.2892549256 8.2934368987 8.3783917465 8.4907375137 8.5427102257 8.6101489403 8.646933314 8.7029219797 8.8326651798 8.8864397777 9.269570726 9.3288472284 10.9655427338 11.0509848681 11.0514995157 16.0436912963 16.1518610155 16.1581312265 16.3108897044 16.4278297004 16.4637092624 24.1822993404 24.2180614332 24.5155786819
82 2.8140630447 2.9745063114 3.3571928585 3.4682995483 3.5819030455 3.7029262905 3.8708580382 3.9356307515 3.9672189571 3.9764086058 4.0223067318 4.0857512252 4.0983592587 4.2186783197 4.2256053244 4.3096990101 4.3770716281 4.5347142335 4.632199897 4.8574479585 4.8871187877 4.9443089892 5.1016970283 5.1035376984 5.2466318994 5.2672968185 5.2963229998 5.3681627111 5.42249697 5.4628404947 5.4814296238 5.5117868889 5.6471481192 5.7459658529 5.7731766597 5.8305893497 5.8469085063 6.0277279616 6.084935019 6.104522478 6.2034990868 6.264516842 6.3086969846 6.3837932444 6.4261649279 6.4689712935 6.4749485863 6.5228225004 6.5776777696 6.6039660489 6.6365134916 6.7847378677 6.8186094143 6.8203766825 6.8252300035 6.9640188186 6.9917580615 7.0288273473 7.0617665853 7.2067299555 7.2251448956 7.3128241766 7.3605738323 7.4047294352 7.5028076354 7.5200942118 7.5583650051 7.6136409871 7.6244953127 7.6494347778 7.7008251057 7.7713856106 7.7880783995 7.8600372692 7.8945681004 7.9508432128 7.9885244969 8.04030485 8.0603705706 8.1178996716 8.2077161787 8.2852418298 8.2944735566 8.3781087706 8.4869409659 8.5403087785 8.6100174984 8.6416192572 8.7005945435 8.8311277245 8.8864022494 9.2810043545 9.3389829352 10.9431800668 11.0281817666 11.0282166508 16.0443964302 16.1494298412 16.1561048921 16.3082978368 16.4258360503 16.4618587845 24.187096574 24.2182106552 24.5216486276
83 2.8063019746 2.9716322205 3.3266573478 3.4777673399 3.5678446967 3.7179967156 3.86663294 3.9400117669 3.9790358239 3.9839538657 4.040715954 4.1087130045 4.1234787614 4.216209724 4.223628356 4.3184736441 4.3894553138 4.5480941377 4.6175301885 4.8348683743 4.8843309097 4.9468412719 5.094998436 5.0985623183 5.2401310442 5.2544077097 5.2827851214 5.3365500533 5.418118745 5.4525356594 5.4688813256 5.515333637 5.6624850976 5.76293187 5.7872614935 5.8519891849 5.8614788798 6.0259826474 6.0859937719 6.1105130987 6.2014706728 6.2736621262 6.3112045517 6.3854583625 6.4313453601 6.4696266782 6.4778654667 6.5236824542 6.5748139687 6.614500006 6.6287248135 6.7792134934 6.8126317682 6.8230117688 6.8353891182 6.9711284939 6.984243134 7.0286587137 7.0707899856 7.2144751438 7.2239388883 7.3160457907 7.3629538479 7.4166445648 7.4965820969 7.5212128012 7.5602059952 7.6214245301 7.6246180271 7.6559535707 7.7155240101 7.7700933906 7.7863191783 7.8616164171 7.8941148325 7.953637353 7.988650416 8.0391054793 8.0577721106 8.1259510161 8.2085496 8.2808920911 8.2960671896 8.3782371244 8.4830778767 8.537929396 8.609552551 8.6365281882 8.6982933263 8.8296661787 8.8863600036 9.2927886482 9.3494309291 10.9209057682 11.0048824914 11.0053573645 16.0451147134 16.147054665 16.1540805202 16.3057673951 16.4239115973 16.4600636524 24.1917759518 24.2183568487 24.527568868
84 2.7992653978 2.9693001416 3.2968165466 3.4762823371 3.5654431195 3.7321739087 3.8629842214 3.9412459652 3.9806346186 4.0031126557 4.0610838975 4.1317631168 4.1489682134 4.2139485971 4.2214518919 4.3271996376 4.4013649811 4.5609258058 4.6030971263 4.8116681915 4.8819383949 4.950012547 5.0872154445 5.0928928493 5.234283558 5.2410978366 5.2667363657 5.304084509 5.4115809849 5.4367847453 5.4633719561 5.523135255 5.6776299645 5.7802911503 5.7973218483 5.8712923342 5.8753904427 6.0273255977 6.0882402716 6.1162925721 6.2009549017 6.2820568984 6.3142878991 6.3878965247 6.436041848 6.4699939076 6.4806965144 6.5251535295 6.5719338257 6.6210210084 6.6250830485 6.771658945 6.804557459 6.828532118 6.8454513559 6.9757988917 6.9758705486 7.0297648227 7.0803048492 7.2213946241 7.2224281984 7.319825487 7.3648354735 7.4292864371 7.4905053089 7.5219735626 7.5611561039 7.6229512215 7.6278385033 7.6624718324 7.7277002532 7.771016192 7.7854205931 7.8635050968 7.8936251864 7.9570386769 7.9880854365 8.0393021356 8.0552393982 8.1334880556 8.2103579237 8.2762466683 8.2983243259 8.3787495761 8.4791683694 8.5355811256 8.608563178 8.6318686471 8.6960325682 8.8282859939 8.8863100681 9.3048731443 9.3601451793 10.8988243721 10.9815961157 10.9826057373 16.0458433694 16.1447451497 16.1520673047 16.3033086468 16.4220624423 16.4583300775 24.1963190024 24.2184993859 24.5333160809
85 2.7929852768 2.9675323714 3.2677518106 3.4637639916 3.5747947055 3.7450787783 3.8601523285 3.9412066129 3.9823455928 4.0229217524 4.0823357961 4.1540248936 4.1746769259 4.2119964555 4.2198392934 4.3354921065 4.4127379112 4.5730470885 4.5895180246 4.7883068395 4.8797546458 4.9534814906 5.0780227172 5.0864557839 5.2270116755 5.2291098513 5.2491950493 5.271194112 5.404543547 5.4191134915 5.4616682793 5.53360233 5.6924523421 5.7967105628 5.802670979 5.8883472305 5.8891601222 6.031592171 6.0918724545 6.1224933598 6.2021019618 6.2895578508 6.317797755 6.3910116968 6.4394607491 6.4713291055 6.4834686608 6.526946155 6.5690766405 6.6133193261 6.6355479974 6.7631851402 6.7964523632 6.8342316694 6.8551245355 6.9667010696 6.9769761233 7.0332975006 7.0901346968 7.2206028702 7.2274878321 7.3241481985 7.3668429489 7.4419447264 7.4847386868 7.5223899149 7.5613302216 7.6206244547 7.6326622075 7.6676158596 7.7365382319 7.7748377659 7.7856488283 7.8657303414 7.8931134702 7.9609710505 7.9868227023 8.0403880204 8.0532429322 8.140135363 8.2133885471 8.2713496265 8.3013474217 8.3796136701 8.475231549 8.5332741991 8.6067829933 8.6279286606 8.69382637 8.8269917992 8.8862503356 9.3171973299 9.3710704601 10.8770465475 10.958464919 10.9600283625 16.0465791667 16.1425107348 16.1500749945 16.3009315787 16.4202941799 16.4566639558 24.2007077916 24.2186376475 24.5388676315
86 2.7874872698 2.9663443568 3.2395407841 3.4454123363 3.5907050092 3.7562873515 3.8583867119 3.9406405172 3.9847193941 4.0426467891 4.1039901205 4.1736761361 4.1997586328 4.2111588878 4.2203218134 4.3431275235 4.4235557402 4.577451089 4.5842418876 4.7651600949 4.8776376587 4.9570265557 5.0671896017 5.0791865591 5.2113805407 5.2241962076 5.2315981909 5.2384348745 5.3983168472 5.4015218497 5.4618809178 5.5456276211 5.7068043573 5.8032956282 5.8109212682 5.9028911479 5.9036094565 6.0381161718 6.0969255073 6.129903399 6.2048812694 6.2959927475 6.3216551587 6.3947109344 6.4406992709 6.4750158036 6.4862139938 6.5287367908 6.5662826811 6.6055367345 6.645688055 6.754454452 6.7884612842 6.8396532834 6.8641854427 6.9572696334 6.9740494756 7.0395949641 7.1001503075 7.2184523092 7.2328027849 7.3288935293 7.3692670825 7.4542200483 7.4794542123 7.5224780663 7.5608032332 7.6180551707 7.6357471452 7.6708666738 7.7422694341 7.7812792308 7.7871708402 7.8683097489 7.8925965351 7.9652920288 7.9849948729 8.0408350679 8.0531167356 8.1456043685 8.2177967105 8.2662449574 8.3052209834 8.3807946398 8.4712853067 8.5310213236 8.6039770774 8.6249689572 8.6916884695 8.8257873545 8.886179578 9.32968993 9.3821418042 10.8556888204 10.935604982 10.9377344949 16.0473183756 16.1403605938 16.1481138865 16.2986458524 16.4186119044 16.4550708602 24.2049249934 24.2187710261 24.5442016605
87 2.7827897987 2.9657437288 3.2122602889 3.4248675061 3.6095278119 3.7653955917 3.8578925394 3.939918003 3.9880976065 4.0618572327 4.1257482668 4.1868922962 4.2075128988 4.2261915698 4.228116263 4.3501222601 4.4338525175 4.5675587292 4.5941719668 4.7426770045 4.8754836254 4.96044014 5.054621695 5.0710584701 5.1932861475 5.2034374517 5.2154803996 5.2219041596 5.3847236788 5.3937293328 5.4633322394 5.5585426891 5.7205096553 5.7998177306 5.8219974977 5.9143966568 5.9195405865 6.0461922284 6.1032702242 6.1391158314 6.2091450409 6.3011272766 6.3258909026 6.398901147 6.4397642351 6.4814421129 6.4889681979 6.5302626793 6.5636014749 6.5975959212 6.6552071533 6.7460128056 6.7807184102 6.8445451287 6.8722425903 6.9479788296 6.9677109016 7.0480315277 7.1102453255 7.2159728612 7.2374156358 7.3338534293 7.3722427823 7.4658369718 7.4748435012 7.5222637317 7.5596300778 7.6154182144 7.6370539093 7.6721509878 7.7461816981 7.7890295813 7.7899918845 7.8712537998 7.8920916711 7.9697917628 7.9827953407 8.0391436747 8.0560924552 8.1497977347 8.2235562366 8.260974325 8.3099912718 8.3822574967 8.467346153 8.5288394723 8.600143491 8.6230213997 8.6896320368 8.8246755066 8.8860974282 9.3422683287 9.3932841087 10.8348730902 10.9131413236 10.9158414626 16.0480567284 16.1383035927 16.146194812 16.2964607614 16.4170202221 16.4535560344 24.2089539589 24.2188989301 24.54929717
88 2.7789028846 2.9657291219 3.1859885677 3.4037323718 3.6296399992 3.7721454741 3.858727166 3.9392796598 3.9927214163 4.0801799654 4.1473068108 4.1914822222 4.2068592369 4.2387615911 4.2539997359 4.3569083739 4.4437261373 4.5604281006 4.6022291844 4.7215638515 4.8732159583 4.9634604493 5.0403726941 5.0621292337 5.170121154 5.1728534819 5.2012773638 5.2182246686 5.3690891499 5.3912497398 5.4656527602 5.5719294684 5.7333481451 5.7931723369 5.8297237132 5.9222072262 5.9373051061 6.0555194747 6.1106485299 6.1501716594 6.2147260113 6.3046980938 6.3306141944 6.4034794506 6.4375619288 6.4899457757 6.4917706362 6.5313816891 6.5610961209 6.5894333333 6.6636387153 6.7384991331 6.7733470614 6.8487386521 6.8785383989 6.9396581899 6.9588230636 7.0577870264 7.1203233871 7.2131731977 7.2414030977 7.3387646341 7.3758264294 7.4711172477 7.4765550255 7.5217901169 7.5578601805 7.612809082 7.6366648554 7.6716794614 7.7494187977 7.7939533573 7.7969042256 7.8745712439 7.8916146396 7.9742067178 7.9804074394 8.0358973269 8.0613214313 8.1528341492 8.2304521642 8.2555757242 8.3156414544 8.3839683761 8.4634290738 8.5267522622 8.5955332348 8.6218686406 8.6876694934 8.8236581493 8.8860043337 9.3548381969 9.4044119529 10.814725896 10.8912079794 10.8944748421 16.048789386 16.1363482487 16.1443291134 16.2943851913 16.4155232677 16.4521243879 24.2127787816 24.2190207863 24.5541341051
89 2.7758266891 2.9662887234 3.160807349 3.3827358208 3.6502745822 3.7765560804 3.8607032893 3.9389199409 3.9987424371 4.097202405 4.1680855591 4.1911555703 4.2068457465 4.2530394747 4.2801017136 4.3645107754 4.4533492443 4.5564605776 4.607242075 4.7030954577 4.870771514 4.9656962888 5.0246297023 5.0526096915 5.1364083517 5.1511297298 5.1884706571 5.2151266137 5.3548362291 5.391081533 5.4685925363 5.5854842635 5.7450370078 5.7843159541 5.8346449192 5.9258870388 5.9566863981 6.0661352698 6.1187295848 6.1625107854 6.2215056328 6.306534457 6.3358912962 6.4083176168 6.4350097632 6.4946653631 6.4995988357 6.5321684991 6.5588460116 6.5810127328 6.6702422601 6.7328044022 6.7664518666 6.8520948291 6.8816981142 6.933747657 6.9480671186 7.068272136 7.1302909654 7.2100773146 7.2448178087 7.3433500149 7.3800297708 7.4684925996 7.4861189396 7.5211299123 7.5555468415 7.6103044592 7.6347621019 7.6698251276 7.7525117796 7.7987940305 7.8043009744 7.8782750789 7.8911780755 7.9779750706 7.9782472705 8.03188909 8.0677838466 8.1549696131 8.2381733344 8.2500829431 8.3220683288 8.3858953249 8.4595474077 8.5247929149 8.5904547885 8.6212387172 8.6858123596 8.8227361845 8.8859014866 9.3672934107 9.4154296988 10.7953773865 10.8699478345 10.8737684603 16.0495109165 16.1345026904 16.142528608 16.292427581 16.4141247254 16.4507804931 24.2163843603 24.219136044 24.5586934324
90 2.7735496888 2.9673984978 3.1368040065 3.362269956 3.6709784829 3.7789427077 3.8634083739 3.9390233765 4.0061998744 4.1124055233 4.1860036219 4.1889740809 4.2096832612 4.2645728872 4.3060401888 4.3743621665 4.4629792829 4.5557865029 4.607188574 4.6894137226 4.8680841874 4.9665274561 5.0076879659 5.0429464014 5.1026039122 5.129097046 5.1766176927 5.2122292862 5.3420796575 5.3932229854 5.4719652626 5.5989282085 5.7552159596 5.7741131816 5.8377497526 5.9254908259 5.9771567281 6.0780019312 6.1271635407 6.1752529694 6.2294182293 6.3066437177 6.3416624055 6.4132426022 6.4327338766 6.4977016959 6.5091478313 6.5332509145 6.5569465662 6.5723562567 6.6740673192 6.7300369315 6.7601086222 6.8544677077 6.880159428 6.931871626 6.9359635292 7.0791204823 7.1400532269 7.2067254917 7.247673369 7.347365747 7.3848363947 7.4671649879 7.4942196938 7.5204051761 7.5527529348 7.607992388 7.6315831522 7.6670139777 7.7555919202 7.8042287059 7.8109980273 7.8823856164 7.8907903728 7.9756018576 7.9816327741 8.0274471144 8.0749701914 8.1564869098 8.2445257375 8.2464254244 8.3290699404 8.3880087333 8.455712743 8.5230075583 8.5851470645 8.6209306029 8.684071134 8.8219094887 8.8857907334 9.3795163591 9.4262319499 10.7769599521 10.8495121217 10.8538641535 16.0502152899 16.1327746187 16.1408055343 16.2905958872 16.4128278527 16.4495285826 24.2192441777 24.2197564593 24.5629572145
91 2.7720464122 2.9690200437 3.1140739915 3.3425901588 3.6914063122 3.7797899171 3.8663591308 3.939785125 4.0149972879 4.1250866725 4.186099065 4.195287406 4.2210775094 4.2716593215 4.3316018736 4.3873811533 4.4729797512 4.5582702833 4.6001212059 4.6826117059 4.8650644943 4.9650265271 4.9899323148 5.0338414532 5.0687984563 5.1075996595 5.165503641 5.2094270938 5.3308535744 5.3975161577 5.4756217422 5.611930627 5.7633646702 5.763463609 5.8401252459 5.9215243026 5.9981542 6.0907797148 6.1356182988 6.1875579677 6.2383833428 6.3051730218 6.3477848394 6.4180191065 6.4311272445 6.5009314866 6.5159931282 6.5366549538 6.5555020683 6.5636641467 6.6746222198 6.7308734807 6.7543541292 6.8556565732 6.8739324649 6.922999801 6.9340833192 7.0900981794 7.1495116599 7.2031738546 7.2499410319 7.35065001 7.3902106184 7.4672665247 7.5004660803 7.5198098605 7.5495540183 7.6059892212 7.627377787 7.6636490955 7.75862001 7.8100010968 7.8169436621 7.8869280229 7.8904550899 7.9733602771 7.9841250539 8.0227225291 8.0825897225 8.1576228313 8.2389307049 8.2549902516 8.3363517564 8.3902815668 8.4519348354 8.5214581742 8.579770923 8.6208204753 8.6824552071 8.8211768882 8.885674468 9.3913787507 9.4367044519 10.7596064914 10.8300594869 10.8349112051 16.0508958976 16.1311712695 16.1391724733 16.2888975515 16.4116355073 16.4483725484 24.2193446905 24.2228817641 24.5669086794
92 2.7712746856 2.9710980778 3.0927236527 3.3238950311 3.71123411 3.7795894893 3.8691659811 3.9414247463 4.024899545 4.1342634383 4.1831343176 4.197633148 4.2392380983 4.2748803557 4.3565551923 4.4030344926 4.4838681231 4.5636077608 4.5866328973 4.6822774807 4.8615725903 4.960120779 4.9718367125 5.0259406968 5.0350649512 5.0876339396 5.1550143066 5.2066965125 5.3211300322 5.4036931724 5.4794339282 5.6240144933 5.7529173279 5.76939457 5.8427144514 5.9146921453 6.0191986118 6.1039130448 6.1437964778 6.198880541 6.2481992923 6.3023391809 6.3541069648 6.4223465129 6.4304206051 6.5043986025 6.5175792303 6.5432321406 6.5546050337 6.5564270588 6.6726804551 6.7347683845 6.7491781304 6.855315446 6.864670963 6.9097830397 6.9387997183 7.101039546 7.1585629209 7.1994931872 7.2515575361 7.3531600166 7.3961022714 7.4688245938 7.5044508643 7.5195562633 7.5460395963 7.6044401768 7.622381563 7.6600714363 7.761509389 7.8159017661 7.8221490822 7.890170872 7.8919242657 7.9713013688 7.9855525131 8.0178168378 8.0904376932 8.1585432694 8.2333229716 8.2637246356 8.3435522848 8.3926895036 8.4482215532 8.5202238029 8.5744332478 8.6208347548 8.6809728124 8.8205361529 8.8855555126 9.4027430284 9.446725514 10.7434483087 10.8117545148 10.8170653598 16.0515456024 16.1296993788 16.1376422406 16.2873394694 16.4105501741 16.447315941 24.2194371172 24.2257479342 24.5705322864
93 2.7711724041 2.9735576315 3.0728734646 3.3063625385 3.7301194464 3.7787476296 3.8716019359 3.9441937411 4.0355542656 4.1386719873 4.1807248261 4.1983406001 4.258762561 4.2760921707 4.3806131442 4.4195760652 4.4963535829 4.5693595287 4.5714494166 4.6860039402 4.8573835626 4.9512137429 4.9539852097 5.0014830691 5.0189238685 5.0707144637 5.1450666555 5.2040620508 5.3128370569 5.4114158258 5.4832846389 5.6344238671 5.7438292946 5.7728517177 5.8461027608 5.9056770268 6.039899789 6.1168006883 6.1514366663 6.2090456675 6.2584945538 6.298395653 6.3604998546 6.4258869858 6.4307225163 6.5081177785 6.5154068673 6.5415228093 6.5542948435 6.560512219 6.6698199543 6.7404217108 6.7445189378 6.8527952595 6.8539083037 6.8972423514 6.9445744453 7.1118092459 7.1670986861 7.1957674442 7.2524431694 7.354977352 7.4024484017 7.4717417072 7.5061151806 7.5195514468 7.54231294 7.6034924205 7.6168076 7.6565452648 7.7641790231 7.8217631281 7.8266451109 7.8899318945 7.8973821921 7.9694621641 7.9858207982 8.0128228739 8.098349552 8.1593469174 8.2277289919 8.2725280398 8.3502823929 8.3952110311 8.4445788594 8.5193978595 8.5692055997 8.6209281892 8.6796310148 8.8199840215 8.8854369888 9.413464495 9.4561680179 10.7286126809 10.7947656135 10.8004873055 16.0521568294 16.1283651489 16.1362277402 16.2859279626 16.4095739944 16.4463619691 24.2195210273 24.2283436523 24.5738137862
94 2.7716540071 2.9763012263 3.0546615109 3.2901685379 3.7476873006 3.7775661681 3.8735838879 3.948371971 4.0465274164 4.1373165218 4.179420702 4.1987959971 4.2771056176 4.2781557288 4.4033993416 4.4349923082 4.5111907377 4.5505282302 4.5814900623 4.6918608574 4.8521563113 4.937100294 4.9386856927 4.9681552505 5.0109381749 5.0589682178 5.1355884 5.2015730296 5.3058755253 5.4203016957 5.4870610958 5.6420127417 5.7375138254 5.7740614655 5.8503839337 5.8950451172 6.0599325478 6.1289032042 6.1583044394 6.2181345345 6.2688052134 6.2936229956 6.366859995 6.4283335182 6.4320420611 6.5112047046 6.5120502327 6.5332178293 6.5544967229 6.5725087128 6.6675273075 6.7402636134 6.7466560595 6.8425852117 6.8471043921 6.8867140463 6.9505826989 7.1222783913 7.1750064696 7.1920921066 7.2525288284 7.3562718927 7.4091718168 7.475808024 7.5060502999 7.5191634497 7.5384895283 7.6032387728 7.6108515619 7.653257538 7.7665707698 7.8274450641 7.8304688433 7.8897288689 7.903285899 7.9678704702 7.9849103877 8.0078403443 8.1061805637 8.1600804134 8.2221810489 8.281305593 8.3561711157 8.3978275109 8.4410108519 8.5190792199 8.5641342628 8.6210707619 8.6784357367 8.8195162759 8.8853221827 9.4233942269 9.4649020572 10.7152201832 10.7792621782 10.7853404953 16.0527217024 16.1271742174 16.1349417736 16.2846687542 16.4087087941 16.4455135006 24.2195960277 24.2306586684 24.5767402766
95 2.7726071596 2.9792066133 3.0382467362 3.2754970152 3.7635407736 3.7762587972 3.8751211552 3.9542436394 4.0573400108 4.1304674667 4.1790236809 4.1993334777 4.2789251156 4.2969644108 4.4243832883 4.4478491762 4.528669822 4.5315299212 4.5935197035 4.6988708402 4.8454601959 4.9219945404 4.9235511878 4.9352590893 5.000495938 5.053592704 5.1265169375 5.1992868064 5.3001336462 5.4299328449 5.4906514626 5.6454916431 5.7355227752 5.7735726803 5.8552482424 5.8832398229 6.0790098374 6.1397896222 6.1641778015 6.2262893872 6.2787035518 6.2883253122 6.3731031627 6.4295006757 6.4342989479 6.5056270198 6.5160975845 6.5245175203 6.5549697257 6.5856581459 6.6669613822 6.7362541037 6.752561025 6.8313158578 6.8377368044 6.8791870824 6.9563715315 7.1323059075 7.1821714423 7.1885722183 7.2517891816 7.3572385441 7.4161754588 7.4807359263 7.5049991691 7.5177856253 7.5346938013 7.6036592588 7.6047048745 7.6503261953 7.7686503942 7.8328193089 7.8336610697 7.8895507061 7.9095906379 7.9665471194 7.9828649555 8.0029834323 8.1137917919 8.1607557043 8.2167245403 8.2899386316 8.3609132364 8.4005231848 8.4375198944 8.5193561361 8.5592455406 8.6212404311 8.6773918173 8.8191278845 8.8852144076 9.4323827997 9.4727982052 10.7033819379 10.7654109981 10.7717881848 16.053232233 16.126131629 16.133796802 16.2835669458 16.4079561104 16.4447730629 24.2196617649 24.2326838411 24.5793002527
96 2.7738907149 2.9821261552 3.0238109045 3.2625450151 3.7749741776 3.7773001438 3.8762683989 3.9620432952 4.067500453 4.1194294344 4.1788947075 4.2000429564 4.2816695524 4.3149560069 4.4426844741 4.4577311967 4.513513404 4.5480972655 4.6074590682 4.7065879695 4.836976726 4.9024746559 4.9069247645 4.9100005077 4.9886314158 5.0532522684 5.1178030464 5.1972585354 5.2954984432 5.4398468674 5.4939440382 5.6444124974 5.7385895843 5.7720393054 5.8602220909 5.8706114968 6.0968605161 6.1491562244 6.168831707 6.233571689 6.282830847 6.2878608289 6.379151049 6.4293964346 6.4373180711 6.4990917074 6.5162661581 6.5201283796 6.5553300098 6.5988776815 6.6689744709 6.7323050501 6.7572226408 6.8206035021 6.8258924539 6.8742356212 6.9616611996 7.1417196305 7.1853196272 7.1884793567 7.2502768455 7.3580360664 7.423330116 7.4861935055 7.5033871348 7.5153262313 7.5310535909 7.5985738346 7.604605735 7.6478147753 7.7704024849 7.8362651872 7.8377563968 7.8893869685 7.9162226115 7.9655055321 7.9797761254 7.9983855739 8.1210349006 8.1613652691 8.2114299439 8.2982630731 8.3643156 8.4032850418 8.434106913 8.5202857278 8.5545497532 8.6214192395 8.6765031014 8.81881323 8.8851168689 9.4402847809 9.4797313493 10.6931970174 10.7533719414 10.7599895758 16.0536805607 16.1252418097 16.1328046599 16.2826269981 16.4073172185 16.4441428439 24.2197179279 24.234411173 24.5814836513
97 2.775335854 2.9848895403 3.0115573771 3.2515223762 3.7738152457 3.7886632806 3.8770942853 3.971871181 4.0765348586 4.1055655507 4.1787013642 4.2009119714 4.2849157084 4.331942466 4.4562169273 4.4649688032 4.4985604914 4.5678639981 4.6233630895 4.7147468958 4.8268961021 4.8711531238 4.8898936052 4.9005146108 4.9772365317 5.055908937 5.1094142961 5.1955360524 5.2918642897 5.4495129932 5.4968289743 5.6398841207 5.7459363192 5.7700491027 5.8574599236 5.8648552436 6.1132085465 6.1568286414 6.1720296702 6.2399159105 6.277497278 6.2960208412 6.384901765 6.42824299 6.4408024114 6.4922237044 6.5086561222 6.5240130884 6.5551992302 6.6116210945 6.6740491075 6.7282496645 6.7593074186 6.8109397468 6.8140027296 6.8708027406 6.966253355 7.1502935257 7.1824491637 7.1938202719 7.2481521372 7.3587514269 7.4304498499 7.4918198369 7.5013138699 7.5121850643 7.5276917978 7.592704162 7.6058437253 7.6457502784 7.7718241187 7.8383247603 7.8421171048 7.8892311227 7.9230804993 7.9647480751 7.9757706385 7.9942028541 8.1277307545 8.161893382 8.2064124546 8.3060496493 8.366338457 8.4061023424 8.4307720465 8.5218762712 8.5500462603 8.6215914212 8.6757725486 8.8185664287 8.8850325345 9.446963839 9.4855849544 10.6847502824 10.7432930517 10.7500950185 16.0540592391 16.124508544 16.1319762285 16.2818527141 16.4067931542 16.4436246925 24.2197642498 24.2358338431 24.5832818906
98 2.7767531404 2.9873119781 3.0017039773 3.2426449806 3.7728529338 3.797459159 3.87766419 3.9835861783 4.0840186253 4.090031314 4.1784266174 4.2018534186 4.2880916866 4.3476690419 4.4592167964 4.4700801327 4.4923930744 4.585915383 4.641216463 4.7230007844 4.8161279674 4.8412415576 4.8736386164 4.8940725771 4.9675611613 5.0602775706 5.1013383213 5.1941579875 5.2891389153 5.458301659 5.4992023558 5.6338233058 5.7560195065 5.7680635036 5.8440966823 5.8687914807 6.1277427316 6.1627442254 6.1735413164 6.2451557928 6.27271521 6.3029293588 6.3901746485 6.4264488406 6.4442805105 6.4859780704 6.5016969371 6.5276211162 6.5544100557 6.6233078206 6.6821992608 6.7240439443 6.7568222538 6.8028212423 6.8048882193 6.8682399106 6.9699936539 7.1577207067 7.1800725815 7.19809362 7.2457045017 7.3593962907 7.4372432027 7.4972174732 7.4986703653 7.5091032461 7.5247178081 7.5874091385 7.6071176129 7.6441404453 7.7729192912 7.8398801605 7.8457502279 7.8890841096 7.9300310447 7.9642589357 7.971007709 7.9906156533 8.1336378045 8.1623232009 8.2018625055 8.3129787429 8.3671280165 8.4089651345 8.4275163028 8.5240803544 8.5457313191 8.6217427881 8.6752023547 8.8183817347 8.8849640151 9.4522982078 9.4902555333 10.6781109247 10.7353052996 10.7422403434 16.0543615532 16.1239349556 16.1313210829 16.2812472245 16.4063847354 16.4432201203 24.2198005098 24.2369462331 24.584687903
99 2.7779483113 2.9892096913 2.9944671282 3.2361201359 3.7721352695 3.8036572697 3.8780320222 3.9966349528 4.0739817812 4.0896066818 4.1781527332 4.2027201322 4.2907024928 4.3615832424 4.450889516 4.4734783539 4.496045491 4.6002947925 4.6601729673 4.7306525607 4.8054924987 4.8148973203 4.8596276176 4.8899999071 4.9602873864 5.0656820254 5.0935917403 5.1931535498 5.2872474302 5.4654716304 5.500972223 5.6280221814 5.7664192071 5.7673472957 5.8309920612 5.8717731725 6.1400406164 6.1669160907 6.1732364517 6.2490860519 6.2688942288 6.3082758654 6.3946328185 6.4245481112 6.4470855468 6.4815223184 6.4954899265 6.5307573097 6.5531263593 6.6331306318 6.6929610275 6.7199510363 6.7486395602 6.7967006536 6.8002205161 6.8663449976 6.9727591951 7.1635926328 7.178291119 7.2012133032 7.2433575759 7.3599282333 7.4432206508 7.4955311479 7.5019218448 7.506798186 7.522234912 7.583089882 7.6082008817 7.64298695 7.7736947068 7.8409654454 7.8484991511 7.8889566287 7.9368747758 7.9639957314 7.9657093507 7.9878254063 8.1384132833 8.1626404478 8.1980838207 8.3186098078 8.3670351472 8.4118586331 8.4243473347 8.5267989803 8.5416127611 8.6218609673 8.6747940725 8.8182539971 8.8849134593 9.4561861294 9.4936570283 10.6733318794 10.7295173474 10.7365406012 16.0545818445 16.1235234911 16.1308471373 16.2808129764 16.4060925792 16.4429303019 24.2198265347 24.2377439502 24.585696163
100 2.7787476423 2.9900364279 2.9904225694 3.2321244555 3.7716931696 3.8073207167 3.8782369982 4.0094100136 4.0593268488 4.0930537029 4.1779571105 4.203338051 4.2924009648 4.3722442888 4.4413259311 4.4754253201 4.5006051144 4.6095478143 4.6770526334 4.7364166957 4.7902314251 4.8017310219 4.8497735766 4.8877711409 4.9557920057 5.0716919788 5.0862775107 5.1925429874 5.2861348835 5.4702268951 5.5020656548 5.6238921044 5.7653444153 5.7781145591 5.8193505102 5.8736280007 6.1492787311 6.1693902833 6.1714358394 6.2515242731 6.2664154557 6.3116991295 6.3977354252 6.4231041277 6.4486437244 6.4796719482 6.4905464303 6.5330509857 6.5518478418 6.6399369166 6.7053183742 6.7167260938 6.736729154 6.792910861 6.7987456818 6.8651451511 6.9744575064 7.1674207132 7.1771864728 7.2031130765 7.2416281056 7.3602834581 7.4475670623 7.4927162759 7.5053317675 7.5054933123 7.5204206186 7.5802132694 7.6089218101 7.6422922629 7.7741568968 7.8416061365 7.8502194228 7.8888673193 7.9431404155 7.960363898 7.9638889104 7.9860377458 8.1416005667 8.1628348312 8.195505513 8.3223780941 8.3665922885 8.4147279904 8.4213147994 8.5298605752 8.5377623089 8.6219361398 8.6745487218 8.8181791209 8.8848824672 9.4585508182 9.495724753 10.670450056 10.7260107677 10.7330837603 16.0547158155 16.1232759071 16.1305603178 16.280551724 16.4059171162 16.4427560756 24.2198421997 24.2382238441 24.5863027082
101 2.7790288514 2.9885437011 2.990840072 3.23077827 3.7715439446 3.8085302452 3.878302706 4.0161625035 4.0519376806 4.0942179146 4.1778867996 4.2035628444 4.2929884793 4.3765710183 4.4371551798 4.4760599376 4.5023541716 4.6127482871 4.6846000865 4.7386266892 4.781596185 4.7988349154 4.8461528439 4.8870632837 4.9542726787 5.0764992444 5.0810505341 5.1923381652 5.2857677829 5.4719013524 5.5024355655 5.6223969316 5.7649716442 5.7836190922 5.8135830448 5.8742570376 6.1531886363 6.1700487249 6.1702094503 6.2523506848 6.2655553827 6.3128831786 6.3988675547 6.4225648494 6.4490591073 6.4795583005 6.4883852899 6.533930063 6.5512880611 6.6424199181 6.714354059 6.7154583246 6.7276484942 6.7916304888 6.7984932889 6.8647305848 6.9750302797 7.1687595197 7.1768120537 7.2037511054 7.2409857325 7.3604086738 7.4492100831 7.491545465 7.5050810397 7.5066397609 7.5196984606 7.5791963214 7.6091741157 7.6420600842 7.7743104199 7.841817937 7.8508058332 7.8888348867 7.9465671837 7.9572426728 7.9638644239 7.9854196827 8.1427336287 8.1629002883 8.1945772519 8.3237192614 8.3663592159 8.4167781168 8.4192106329 8.5321996867 8.5351696108 8.6219619351 8.6744668765 8.8181544662 8.8848720254 9.4593444608 9.4964185362 10.6694870805 10.7248361858 10.7319251765 16.0547607775 16.1231932613 16.1304642966 16.2804645225 16.4058586005 16.4426979443 24.2198474297 24.2383840195 24.5865051551
102 2.7790288514 2.9885437011 2.990840072 3.23077827 3.7715439446 3.8085302452 3.878302706 4.0161625035 4.0519376806 4.0942179146 4.1778867996 4.2035628444 4.2929884793 4.3765710183 4.4371551798 4.4760599376 4.5023541716 4.6127482871 4.6846000865 4.7386266892 4.781596185 4.7988349154 4.8461528439 4.8870632837 4.9542726787 5.0764992444 5.0810505341 5.1923381652 5.2857677829 5.4719013524 5.5024355655 5.6223969316 5.7649716442 5.7836190922 5.8135830448 5.8742570376 6.1531886363 6.1700487249 6.1702094503 6.2523506848 6.2655553827 6.3128831786 6.3988675547 6.4225648494 6.4490591073 6.4795583005 6.4883852899 6.533930063 6.5512880611 6.6424199181 6.714354059 6.7154583246 6.7276484942 6.7916304888 6.7984932889 6.8647305848 6.9750302797 7.1687595197 7.1768120537 7.2037511054 7.2409857325 7.3604086738 7.4492100831 7.491545465 7.5050810397 7.5066397609 7.5196984606 7.5791963214 7.6091741157 7.6420600842 7.7743104199 7.841817937 7.8508058332 7.8888348867 7.9465671837 7.9572426728 7.9638644239 7.9854196827 8.1427336287 8.1629002883 8.1945772519 8.3237192614 8.3663592159 8.4167781168 8.4192106329 8.5321996867 8.5351696108 8.6219619351 8.6744668765 8.8181544662 8.8848720254 9.4593444608 9.4964185362 10.6694870805 10.7248361858 10.7319251765 16.0547607775 16.1231932613 16.1304642966 16.2804645225 16.4058586005 16.4426979443 24.2198474297 24.2383840195 24.5865051551
103 2.7766658641 2.9866519186 2.9937694454 3.2331235222 3.7706254202 3.8054732264 3.8753531152 4.0128943372 4.0484482779 4.0981851535 4.1760378691 4.2047302573 4.294633873 4.3791127079 4.4365798939 4.4763498974 4.5019464488 4.6130061281 4.6833324459 4.7391443905 4.7834154599 4.8010793207 4.8462870486 4.8866296214 4.9565463426 5.0780577917 5.0788314463 5.1950109664 5.2855583849 5.4719309528 5.5018296407 5.6225100294 5.7648671592 5.7836754446 5.8126645265 5.8745570378 6.1522790311 6.1677382947 6.1703641642 6.2524699696 6.262408237 6.311738462 6.4017945479 6.4218738393 6.4488039322 6.4788835236 6.4878906123 6.5339876251 6.5512066546 6.636717197 6.7125643841 6.7192677444 6.7302320284 6.7865855844 6.8054126615 6.8653235236 6.9757188601 7.1630807233 7.1813100356 7.2032582394 7.2413426658 7.3606163399 7.449738514 7.4879070434 7.4966837327 7.515099153 7.5210678785 7.5787875099 7.6096232931 7.6417549563 7.7733928999 7.8407047281 7.8531298175 7.8888477242 7.9461807567 7.9522926862 7.9691146302 7.9867825459 8.1414241182 8.1636484857 8.1939760445 8.3252084383 8.3621051572 8.4191596403 8.4213358763 8.5320169837 8.5357337281 8.6193964098 8.6777552539 8.8152144126 8.8877775655 9.4537273753 9.5019359553 10.6696016139 10.7208725889 10.7361101703 16.0547259713 16.1230541741 16.130648688 16.2805231415 16.4058131318 16.4427353527 24.2198053868 24.2383600164 24.5864822721
104 2.769962796 2.9812026927 3.0021652646 3.2399257182 3.7678856093 3.7965994379 3.8666528679 4.0045450816 4.0383471444 4.1083685089 4.1705972584 4.2082716043 4.2992879056 4.3861626812 4.4349821064 4.4770800781 4.5011220581 4.6138001702 4.6796064676 4.7406716213 4.7887697609 4.8077725613 4.8464912364 4.8856645751 4.9631792825 5.0727552178 5.0826014818 5.2024547571 5.2849418191 5.472002731 5.5000389713 5.622815112 5.7644825233 5.7838269388 5.8099952012 5.8754630378 6.1496113141 6.1609463658 6.1706803369 6.2527265258 6.2535412064 6.309127913 6.4092612937 6.4198544299 6.4479950866 6.4769642591 6.486485141 6.5341125433 6.5507054184 6.6236048274 6.7065826932 6.729964469 6.7353268719 6.7807613774 6.8170035071 6.8670283436 6.9777818453 7.1537477363 7.1871466404 7.2018860038 7.2423032934 7.3612680587 7.4508778132 7.4790382759 7.4882651001 7.5235503819 7.5241098689 7.5760578523 7.6122440729 7.6408541661 7.7707310582 7.8384462868 7.8588500207 7.8886577785 7.9452550301 7.9456078115 7.9768115855 7.9906281908 8.1379875727 8.1655350192 8.1921867429 8.3295624687 8.3522203882 8.4190169028 8.4321313958 8.5313643175 8.5374099915 8.6133315047 8.6860894692 8.8075742441 8.8953166839 9.4417439574 9.5136217257 10.6699447 10.7148788848 10.7427671793 16.0546217313 16.1226756149 16.1311630123 16.2806987436 16.4056777991 16.4428465333 24.2196794286 24.238288103 24.5864137133
105 2.7598532234 2.9727753953 3.0150744369 3.2505826581 3.7633713491 3.7826603471 3.8526793349 3.9933230114 4.0225666015 4.1218927215 4.1618400466 4.2141778972 4.3062099694 4.3961500348 4.432737419 4.4778000139 4.5011083822 4.6151906017 4.673717112 4.7431082189 4.7973367582 4.8187413997 4.846218236 4.8851134434 4.9736769926 5.0640651763 5.0897758918 5.2134465136 5.2839530703 5.4720658866 5.4971390139 5.6232149519 5.7635758652 5.7840205695 5.8058643143 5.876992658 6.145245616 6.150030587 6.1708199698 6.2406483589 6.2528849441 6.3061875818 6.4166496175 6.4186926419 6.4465198169 6.4740777329 6.4843913539 6.5341920478 6.5489466358 6.6087673756 6.69935838 6.7407012305 6.7411962485 6.7767239611 6.8311398419 6.8696488975 6.9812045661 7.1433318043 7.1918849547 7.1998942045 7.2435965844 7.3624476266 7.4509074009 7.4676023205 7.4822457065 7.5254674316 7.5328578442 7.5690138867 7.6185494493 7.6394007124 7.7665628552 7.8357441056 7.8668033808 7.8876654192 7.9396293618 7.9443029502 7.9848038552 7.9964336708 8.1332898535 8.1680523107 8.1892521884 8.3364785297 8.340229453 8.4188113317 8.445638492 8.5299332289 8.5401523104 8.606385119 8.6971497052 8.7972274611 8.905503309 9.4277319232 9.5271421672 10.6705147987 10.7088419408 10.7499066826 16.0544485916 16.1221397013 16.1319247097 16.2809905668 16.4054557482 16.4430284276 24.2194700655 24.2381685665 24.5862997485
106 2.7473953923 2.9620926723 3.0314051872 3.2643318863 3.7571593263 3.7645767549 3.834206809 3.9803786721 4.0022514169 4.1368414654 4.1501316029 4.2221698018 4.3144190189 4.4067988927 4.4304475786 4.477993842 4.5037167557 4.6172717596 4.666226317 4.7462855967 4.8084610345 4.8336079422 4.844964371 4.8861989754 4.9873930608 5.053934723 5.0990966075 5.2268507716 5.282650969 5.4720367505 5.4932385154 5.6235628488 5.7616537417 5.7841672745 5.8008517725 5.879173888 6.135462659 6.1390904552 6.1703526007 6.2260167091 6.2527002829 6.303286775 6.4124543276 6.4278711202 6.4442301956 6.4705873115 6.4819550996 6.5341163162 6.5444338028 6.5959542822 6.69135379 6.7474934889 6.7476719384 6.7758924966 6.8472760015 6.8729295278 6.9859425395 7.1323024609 7.1952683685 7.1975862928 7.2449011891 7.3642861633 7.4470018599 7.4550299417 7.4813271917 7.5263582935 7.5412962583 7.5580071421 7.6278848115 7.6374640166 7.7611981147 7.8327054749 7.8762251887 7.8851725058 7.9347714049 7.9438739128 7.9929696512 8.0036946016 8.1280159823 8.170994276 8.1852434216 8.327701177 8.3455509951 8.4185858297 8.4602835583 8.5272612036 8.5438903878 8.6003570307 8.7095849388 8.7855074888 8.917016258 9.4129877255 9.5412074929 10.6713093538 10.702955128 10.7573308972 16.0542074364 16.1215223077 16.1328571687 16.2813973469 16.4051519836 16.4432761763 24.219178146 24.2380018844 24.5861408266
107 2.7334976274 2.9498453008 3.0502000793 3.2804229741 3.7432196678 3.7493544303 3.8121278449 3.9661579918 3.9784748317 4.1358779083 4.1521916561 4.231618664 4.3228768973 4.4154537132 4.4289057733 4.4779692161 4.510304905 4.6201595531 4.6578937894 4.750024767 4.8203041023 4.8437555291 4.8518104899 4.8897464487 5.0036695774 5.043226776 5.1100333706 5.2418698781 5.2811195753 5.4718008123 5.4884609068 5.6236782377 5.7579161922 5.7841420033 5.7958943491 5.8820426663 6.1177794359 6.1309140449 6.1686730882 6.2119452902 6.2519901883 6.3003967156 6.4074820485 6.4351754505 6.440969931 6.4668568407 6.4796302395 6.5338393531 6.5357533936 6.5874210044 6.6828382753 6.7490904405 6.7540207552 6.7793544442 6.8644374171 6.8766227178 6.991896223 7.1210123084 7.1952398637 7.1972250824 7.2459165609 7.3669457863 7.438799839 7.4421046878 7.485687436 7.5256425246 7.5448886597 7.5494061428 7.6351377702 7.6388895757 7.7549517109 7.8294178487 7.8807758837 7.8862170153 7.9309719268 7.9445462828 8.0013727072 8.0120261423 8.1226590688 8.1743557196 8.180259299 8.3152875609 8.3563561182 8.4183916563 8.4754026493 8.522901393 8.5485373633 8.5963387009 8.7227396719 8.7731238609 8.9291628439 9.3979352056 9.5554030664 10.6723248084 10.6972610523 10.7649910631 16.0538994917 16.120876408 16.1339063837 16.2819173261 16.4047730526 16.4435834356 24.2188048525 24.2377887223 24.5859375733
108 2.7188461924 2.9366098264 3.0707058173 3.2981954129 3.7193190175 3.740088225 3.7872670273 3.9509295488 3.9521153931 4.1195050827 4.1673767455 4.2416479625 4.3306311585 4.4198832159 4.4290115564 4.4787717604 4.5210561576 4.6239696613 4.6496130121 4.7541706146 4.8261038886 4.8492086036 4.8726842998 4.8958573427 5.0218852919 5.0326003194 5.1220522584 5.2579874916 5.2794710636 5.4712172033 5.4829272882 5.623358769 5.7515271741 5.7837860804 5.7920300993 5.8856390071 6.0975893855 6.1205091667 6.1649272906 6.2005233813 6.250644431 6.2974384785 6.4019401581 6.4365921937 6.4394372712 6.4631871078 6.4778688292 6.5233321452 6.533402383 6.5830259461 6.6740897857 6.7467152308 6.7605090957 6.7853703936 6.8805353411 6.8813977206 6.9988853573 7.1098369228 7.1930874637 7.1977215819 7.2463850726 7.3705838761 7.4282697416 7.4293239553 7.4931694116 7.5194615074 7.5346491799 7.5571753768 7.6325390973 7.6505807789 7.748111866 7.8260075996 7.8745636688 7.8956631901 7.9277093693 7.9470418626 8.0101228579 8.0211445927 8.1175731684 8.1744263689 8.1781948714 8.3033179629 8.368503938 8.4182843996 8.4906325403 8.5166939247 8.5539974049 8.5948382615 8.7362755195 8.760460731 8.9415800733 9.3827579118 9.5695569564 10.6735566264 10.6917732319 10.7728657881 16.0535263129 16.1202358685 16.1350371625 16.2825482655 16.4043266731 16.4439427491 24.2183516965 24.2375299314 24.5856907891
109 2.7039340841 2.9228357367 3.0923411994 3.3170848257 3.6934556575 3.7295182193 3.76029582 3.9238472678 3.9349796797 4.1014483801 4.1820087393 4.2513042951 4.3370214169 4.4195175383 4.4315615848 4.480744615 4.5350365088 4.6287858129 4.6424745555 4.7585879173 4.8230797 4.8642411282 4.8955003288 4.9043149226 5.0223981852 5.041745135 5.1346163887 5.2748630978 5.2778502211 5.4701287103 5.4767433984 5.6223864108 5.7422960773 5.7829141942 5.7897325022 5.890001678 6.0755914712 6.1079614458 6.1585662433 6.1929243874 6.248608587 6.2943538263 6.3960082454 6.4309742709 6.4401414323 6.4597739925 6.476735086 6.5089934104 6.5329060735 6.5810266985 6.6654157935 6.7427135303 6.7666172242 6.7919638341 6.8845424167 6.8969329003 7.0066310781 7.0992040416 7.1913197612 7.1967315966 7.246093182 7.3752539502 7.4168278677 7.4170246516 7.5022487143 7.5044059811 7.5315618394 7.5645906712 7.6298104363 7.6623376347 7.7409417783 7.8226124364 7.8669184894 7.9033677786 7.9243009368 7.9521670026 8.0193145267 8.0308298319 8.1129910053 8.167899797 8.182567782 8.2920007981 8.3816532068 8.4183259677 8.5052235592 8.5093635175 8.5601719469 8.5958464829 8.7477475902 8.7499970438 8.954063565 9.3675577052 9.5835811693 10.67499932 10.6864961476 10.7809410277 16.0530897704 16.1196222989 16.1362262757 16.2832874593 16.4038213517 16.4443459301 24.2178205119 24.2372265449 24.585401446
110 2.6891122358 2.9088635015 3.1146415429 3.3365953744 3.6660858286 3.7178287099 3.7317313832 3.8941766133 3.9186337332 4.082144004 4.1957232791 4.2597180641 4.3419547502 4.4154046692 4.4369337794 4.4832302017 4.5502496792 4.6346185467 4.6380059686 4.7631488186 4.8175487354 4.8825092831 4.9150617522 4.9193583078 5.0135757265 5.062570099 5.1471605702 5.2764385336 5.2922534066 5.4683833075 5.4699904096 5.6205289598 5.7308738789 5.7813293983 5.7887251551 5.8951619406 6.0525799735 6.0937972196 6.1502398296 6.1884825544 6.2458665763 6.291090502 6.3898175603 6.4240192901 6.4376785731 6.4566887089 6.4755963265 6.4942320407 6.5324339472 6.5799772438 6.6571437638 6.737992478 6.771984048 6.7983777724 6.888570689 6.9099448076 7.0147529926 7.0895931784 7.1900903207 7.1942284157 7.2448713933 7.3804584291 7.4054016785 7.4057394416 7.4862023493 7.5120357758 7.5306316771 7.571636382 7.6271242866 7.6737544982 7.7337029085 7.8193576203 7.8582269948 7.9086184306 7.920240994 7.9602811033 8.0289883792 8.0408948285 8.1090353901 8.1608672716 8.1875036165 8.2814964885 8.3954823722 8.418611999 8.4994375372 8.5208917001 8.5669640574 8.5990709945 8.7351382105 8.7637788475 8.9664881898 9.3524033504 9.5974228628 10.6766464819 10.6814305194 10.7892048435 16.052592033 16.1190499384 16.1374575709 16.2841317528 16.4032660304 16.4447844146 24.217213447 24.2368797734 24.5850706838
111 2.6746334504 2.894949502 3.1372089937 3.3562612641 3.637571671 3.7019681567 3.7052340168 3.8634854492 3.9022371113 4.0620253355 4.208086505 4.2662615573 4.3459893565 4.4088882018 4.4449165526 4.4853776863 4.5638516792 4.6384523679 4.6413559983 4.7677284674 4.811915477 4.9011973983 4.9284560946 4.9426443569 5.0074008789 5.0841746608 5.1590591074 5.275449686 5.3099603388 5.4627182517 5.4658769646 5.6175424643 5.718251495 5.7788508953 5.7884807103 5.9011373308 6.0294266305 6.0788062501 6.1410316393 6.1857102495 6.2424291204 6.2875821197 6.3834341569 6.4156397933 6.432907659 6.453858611 6.4735737375 6.4799951648 6.5319672852 6.5790739058 6.6495998847 6.7328649125 6.7762912786 6.8043610534 6.8925632873 6.9195326273 7.0227864669 7.081488356 7.1895122776 7.1901891524 7.2425993879 7.3821158662 7.3944451548 7.3995253392 7.4673740242 7.5218291957 7.530096035 7.5783025115 7.6246875441 7.6845547549 7.7266905484 7.8163425562 7.8487552085 7.91163695 7.9153214127 7.9708447741 8.0391196021 8.0511591606 8.1057411348 8.1535603662 8.1929984883 8.2719478752 8.4094021806 8.4195503157 8.4895770484 8.535239485 8.5742809837 8.6041903607 8.7227470578 8.777533304 8.9787712397 9.3373482856 9.6110463478 10.6765751383 10.6784908241 10.7976456148 16.0520355479 16.1185285624 16.1387190675 16.2850775619 16.4026697852 16.4452495631 24.216532955 24.2364910004 24.5846998055
112 2.6606838232 2.8812881681 3.1596736026 3.3756057592 3.6082088769 3.6713119256 3.6919847921 3.8320692346 3.8861423303 4.0415254399 4.2185330942 4.2707287277 4.3500201318 4.4009017863 4.4548809399 4.4865389278 4.5731883614 4.6460379166 4.648711364 4.7722126017 4.807199616 4.9186851216 4.9451094008 4.961064717 5.0080134109 5.1062692481 5.1696148705 5.2750951115 5.3277919721 5.4549408486 5.4626296108 5.6131854677 5.7053999897 5.7753594934 5.7885540001 5.907926347 6.0070349532 6.0637352986 6.131516035 6.1835903179 6.2383273067 6.2837379024 6.3768478777 6.4057504586 6.4265566088 6.4509101031 6.4671728656 6.4701347707 6.531367913 6.5778877782 6.6430734557 6.7274475249 6.7793138146 6.8097721173 6.8964413887 6.9251126955 7.0302234552 7.0752553934 7.1846066706 7.1896428449 7.239214327 7.3739088387 7.3837826451 7.4047335655 7.4492072801 7.5296649014 7.5309102912 7.5846022924 7.6227379212 7.6945506467 7.7202750944 7.813634519 7.8386510909 7.9095868158 7.9131237838 7.9828556773 8.0496261131 8.0614158619 8.1030889535 8.1462834083 8.1990181978 8.2634937517 8.4178010265 8.4266055649 8.4792573307 8.5489660978 8.5820351413 8.6109678915 8.7106669725 8.7911950743 8.9908544453 9.3224380117 9.6244254407 10.6719276387 10.6805242199 10.8062513157 16.0514230205 16.1180651406 16.1400012995 16.2861208944 16.4020415882 16.4457328978 24.2157817838 24.2360617765 24.5842902728
113 2.6474038073 2.8680290085 3.1816625126 3.3940991123 3.5782504834 3.6400065703 3.6783772815 3.8001663257 3.8707076601 4.0210861197 4.2263568566 4.273452085 4.3548286168 4.3919897411 4.4660953768 4.4862771819 4.5782092435 4.6561813074 4.6605064208 4.7765208237 4.8042264713 4.9344262001 4.9648318575 4.9680776138 5.0218175136 5.1286118735 5.1781149297 5.2754841509 5.3455210451 5.4466367576 5.4588992019 5.607263178 5.6931770875 5.7708594623 5.7886180765 5.915503291 5.9862618742 6.0491233588 6.121904896 6.1816184383 6.233608733 6.2794423035 6.3699663961 6.3943055827 6.4190850258 6.4463786204 6.4575770235 6.4651590491 6.5304604783 6.5761761634 6.6377679671 6.7217913199 6.7809446532 6.8144536606 6.9000778427 6.9265856859 7.0365760382 7.0709702167 7.1775052131 7.1904570585 7.2347151092 7.3622628728 7.3724668577 7.4149774406 7.4332178004 7.5292844659 7.5384792486 7.5905597327 7.6215387958 7.7036273466 7.7149373812 7.8112671177 7.8279855033 7.9032399921 7.9136620933 7.995411769 8.0603772934 8.0713728279 8.1010491462 8.1394818518 8.205505299 8.256273022 8.4193670475 8.4409685377 8.4687654358 8.5618801371 8.5901436912 8.6192444291 8.6989785905 8.8047130853 9.0026946521 9.3077134363 9.6375398335 10.6674848789 10.6827377513 10.8150091906 16.0507573924 16.1176647874 16.1412963674 16.2872573737 16.4013901321 16.4462262789 24.2149629636 24.2355938128 24.5838436994
114 2.6349020492 2.855288952 3.2027732981 3.4111162874 3.5479289326 3.6082528955 3.6647624185 3.7679822616 3.8563024913 4.0011726692 4.2308641738 4.275135297 4.3608719436 4.3824643046 4.4779199265 4.484382685 4.5812088245 4.6630524214 4.6791691877 4.780657084 4.8038386666 4.9490071743 4.9672178781 4.9863153773 5.0451480827 5.1509801722 5.1839918858 5.2764502695 5.3628127401 5.4377758725 5.4553094136 5.5997247801 5.6822830716 5.7655369627 5.7884262728 5.9238045071 5.9678201847 6.0352837818 6.1123292358 6.1795523231 6.2283342061 6.2745620749 6.3626064008 6.3813821169 6.4107710719 6.4386110489 6.4530727251 6.4587601083 6.5291463704 6.573795475 6.6337544098 6.7159246251 6.7811914382 6.8181854173 6.9032904189 6.9244214509 7.0414518803 7.0683289488 7.1689559631 7.1918209151 7.2291546189 7.3501574338 7.3590944904 7.4212116794 7.4271211534 7.5289600253 7.5437600983 7.5959959769 7.6214730238 7.711267305 7.7117379842 7.8092427844 7.8167969705 7.8965551936 7.9135829227 8.0077959877 8.0711686247 8.0805374538 8.099650755 8.1338907503 8.2123876264 8.2504214315 8.4205531563 8.4560845062 8.4582847502 8.573877368 8.5985263396 8.628878236 8.6877566983 8.8180460833 9.0142586963 9.2932124525 9.6503732049 10.6632431563 10.68512176 10.823905603 16.0500418182 16.1173313176 16.1425973842 16.2884822624 16.4007237092 16.4467220246 24.2140797945 24.2350889739 24.5833618458
115 2.6232644685 2.8431610697 3.2225472929 3.4259017905 3.5174804286 3.5762215483 3.6515422297 3.7357155789 3.843314016 3.9822925642 4.2317722869 4.2763268036 4.3683270897 4.3725125298 4.4809058533 4.4898569173 4.5840960283 4.6685192441 4.699406411 4.7848153718 4.8068488655 4.9630172534 4.9646558154 5.0081207708 5.0716812948 5.173149199 5.1870498052 5.2774253864 5.3790108578 5.428483298 5.4529055143 5.5908272934 5.6732069432 5.7597714671 5.787785809 5.9326154374 5.9522851813 6.0223378366 6.1029545699 6.17726756 6.2225739674 6.268958305 6.354434887 6.3672978653 6.4017922104 6.4300680888 6.4511507547 6.451267917 6.5274599884 6.5706634011 6.6309527623 6.7098680053 6.7801523825 6.8206569362 6.9058525409 6.9195414344 7.0446179463 7.0667550413 7.1590894222 7.1934781937 7.2226213665 7.3381656421 7.3428148041 7.4143074716 7.4402443896 7.52872387 7.5462929381 7.5999371753 7.6234221464 7.7098711459 7.7189012888 7.8051356622 7.8075394817 7.8898163004 7.913035889 8.0193234353 8.0815284027 8.0880664381 8.099202589 8.1307585061 8.2195863447 8.2460617185 8.4218878534 8.4479419346 8.4713375048 8.5849540725 8.6070994145 8.6396863877 8.6770777894 8.831160019 9.0255204341 9.2789706733 9.6629121567 10.6591983421 10.6876659016 10.8329259698 16.0492796429 16.1170675807 16.1438981454 16.2897904875 16.4000501366 16.447212986 24.2131358317 24.2345492707 24.5828466116
116 2.6125602616 2.8317206921 3.2404372014 3.4375658203 3.4871785802 3.5440623419 3.6391139659 3.7036038703 3.8321506144 3.9650144608 4.2294937858 4.277018847 4.3622538965 4.377187768 4.4761154297 4.5015364581 4.587664651 4.6719396056 4.7191841106 4.7895953761 4.8138236332 4.9625878437 4.976648883 5.0288956671 5.0989996899 5.1876410493 5.1948571401 5.2776178426 5.3920111731 5.4201337626 5.4529966989 5.5813364754 5.6661935579 5.7540620196 5.7865499973 5.9369792813 5.9446401219 6.0102492781 6.0940092078 6.1746930604 6.2164032692 6.2625013488 6.3445867108 6.3529973538 6.3922630965 6.4224140482 6.4425935918 6.4504451971 6.5255440633 6.566742828 6.6291561087 6.7036392448 6.7779845977 6.8214556455 6.9075137276 6.9130678751 7.0460257371 7.0656241197 7.1481024527 7.1950325867 7.2152481972 7.3241171141 7.3264555622 7.4121544474 7.4536597301 7.5286319363 7.5461514023 7.6007643899 7.6285821691 7.7111622528 7.7251967186 7.7931116607 7.8061215416 7.8832814389 7.9120661045 8.0291378496 8.0896341546 8.0930966494 8.1013900693 8.1316429477 8.2270224616 8.2432889335 8.4234423357 8.4378286317 8.4865796228 8.5952037571 8.6157582557 8.6514277883 8.6670379785 8.8440264272 9.0364589334 9.2650217332 9.6751455685 10.6553459766 10.6903592027 10.8420547435 16.0484743784 16.1168756657 16.145192927 16.291176666 16.3993767144 16.4476925884 24.2121348708 24.2339768515 24.5823000285
117 2.6028459116 2.8210297009 3.2557578741 3.4451617654 3.4573905941 3.5119123451 3.6276363253 3.6720731282 3.8232375838 3.9499798876 4.2248557942 4.2768704352 4.3517703176 4.3873196108 4.4703851036 4.5126864699 4.5920409609 4.6730903855 4.7363765655 4.7963319125 4.8248563678 4.9617252289 4.9897979772 5.0469854822 5.1260414973 5.1868091697 5.2157376344 5.2765607263 5.3936275724 5.4200519219 5.456725015 5.5726572716 5.6612609479 5.7488897282 5.7846220221 5.927839083 5.9536817791 5.9988534527 6.0857780596 6.1717820532 6.2098976123 6.2550868689 6.331148153 6.3405415567 6.3822455215 6.4159516978 6.4333953844 6.4501653747 6.5235817808 6.5620359755 6.6280839448 6.697254646 6.774875661 6.8200984372 6.9060873747 6.9080230728 7.0457870175 7.0644316943 7.1362591172 7.195662561 7.2075120006 7.3041588079 7.3150684866 7.4136159252 7.4666632565 7.5287682885 7.5438036051 7.5982699215 7.6367097463 7.7151367781 7.7307550834 7.780964929 7.8049532526 7.8771715796 7.9106657273 8.0360751876 8.0926367646 8.096354832 8.1089548041 8.1368937248 8.2346214948 8.2421543288 8.4252348788 8.4280151615 8.5017239443 8.6047756778 8.6243076936 8.6578221482 8.663832312 8.8566213711 9.0470573228 9.2513973569 9.6870641772 10.6516813394 10.6931901204 10.8512754237 16.0476296805 16.1167570312 16.1464763618 16.2926351308 16.3987102081 16.4481548475 24.2110809316 24.2333739939 24.5817242524
118 2.594167895 2.8111395526 3.2675968167 3.4286806606 3.4478957532 3.4799062282 3.6160227433 3.6425486423 3.8170010334 3.937893586 4.2186422464 4.2756216344 4.3411221033 4.3985038129 4.4640855393 4.5231035712 4.5970771179 4.6721970784 4.7486506998 4.8069148105 4.8395593165 4.9623225585 5.0020819618 5.0600968269 5.1519725098 5.1864910277 5.2351707251 5.2746228642 5.3828132696 5.4286610714 5.4646016013 5.5667075432 5.6582620488 5.744598356 5.7819632346 5.9197924542 5.9643803623 5.9878922555 6.0785737928 6.1684985759 6.2031280667 6.2466512187 6.3147122912 6.3295325724 6.3717479635 6.4106409222 6.4239074502 6.4502727218 6.5217343426 6.5565842481 6.6274360829 6.6907291341 6.7710232653 6.8161530463 6.8994500388 6.9071532167 7.0441123901 7.0628410918 7.1238857634 7.1920733567 7.2023010797 7.2840490111 7.30398148 7.4175173443 7.4784999873 7.5292495846 7.5398117558 7.5935673691 7.6464570984 7.7212720392 7.7357456384 7.7692209259 7.8040124161 7.871679429 7.9088079767 8.0389917851 8.0932280766 8.1003348567 8.1191256559 8.1451227027 8.2423164785 8.242652435 8.418559759 8.4272690201 8.5167043232 8.6138243688 8.6320310062 8.6501343228 8.6766434749 8.868924719 9.0573020285 9.2381273006 9.6986602842 10.648199506 10.6961466036 10.8605705902 16.0467493266 16.1167125892 16.1477433615 16.2941599563 16.3980568472 16.4485943698 24.209978241 24.2327430948 24.5811215544
119 2.5865645204 2.8020934205 3.27465223 3.4019868535 3.4454184344 3.4481979012 3.5980079218 3.6211504358 3.8138373455 3.9294731489 4.2114177573 4.2732199825 4.3303567848 4.4104877619 4.4575276481 4.5326286135 4.6025455771 4.669731167 4.7551630288 4.8219336131 4.857280114 4.9644477563 5.0125779444 5.0658975324 5.1756966469 5.1892059745 5.2519698612 5.2730056104 5.3690686101 5.4370954698 5.4764031618 5.5653571656 5.6569603309 5.7413563281 5.7786005727 5.9134816657 5.9756092765 5.9770665797 6.0726852808 6.1648113487 6.1961569249 6.2371843813 6.2970607241 6.3184205967 6.3607305242 6.406337828 6.4145124118 6.4506654243 6.5201081859 6.5504726491 6.6269281755 6.6840762698 6.7666227323 6.8094371016 6.893575497 6.9047243365 7.0412366207 7.0606568298 7.1113611553 7.1820221991 7.2014108082 7.2647447251 7.2931342234 7.4227928112 7.4883498828 7.5302208768 7.5346619297 7.5878258567 7.6564943655 7.7283205389 7.7403621695 7.759207701 7.8033008118 7.866993723 7.9064703117 8.0377237844 8.0934511157 8.1066155123 8.1298051164 8.154910821 8.2447156187 8.2500497062 8.4095152382 8.4295414618 8.531465871 8.6224782532 8.6346812961 8.6482055708 8.6896447837 8.8809196204 9.0671822492 9.2252392261 9.7099275377 10.6448953937 10.699216155 10.8699219505 16.0458371935 16.1167427598 16.1489890698 16.2957449847 16.3974223322 16.4490063439 24.2088312154 24.2320866615 24.5804943125
120 2.5800671814 2.793927716 3.2750783251 3.3787540584 3.4170298204 3.4379813297 3.5706876349 3.6101034827 3.81407004 3.9253453805 4.2035520369 4.2697566661 4.3195141976 4.423025746 4.4509500199 4.5411279968 4.6082132458 4.6661844139 4.7573639076 4.8397745994 4.8773320064 4.9680802718 5.0187991977 5.0649790063 5.1951245878 5.1961674453 5.2641078685 5.2733513684 5.3579026255 5.4434192193 5.4914511803 5.5695677863 5.657091816 5.7391911515 5.7746302724 5.9086210456 5.9661040281 5.9871988652 6.0683110566 6.1606916651 6.1890335848 6.226739277 6.2788082686 6.3068490235 6.3491271817 6.4028606108 6.4055909761 6.4512328143 6.5187497873 6.5438396236 6.626307339 6.6773086288 6.7618597828 6.8001420679 6.8883674129 6.9006260051 7.0373511177 7.0577785156 7.0991007514 7.1686104959 7.201326188 7.2470709861 7.2824468239 7.4284650209 7.4953159472 7.5287280005 7.5318298393 7.5821489248 7.66517637 7.7330286546 7.7448097192 7.7548167061 7.8028498195 7.8633325043 7.9036494647 8.0332877308 8.093760201 8.114974156 8.1405052395 8.1654798098 8.2482181972 8.2577736207 8.4009342421 8.4320444321 8.5459612822 8.6296741281 8.630830686 8.6546007699 8.7026653665 8.8925920997 9.0766895813 9.2127585459 9.7208607603 10.6417638013 10.7023858948 10.8793104004 16.0448972372 16.1168475085 16.150208835 16.2973838516 16.3968118474 16.4493865254 24.2076444421 24.2314073009 24.5798450019
121 2.5747012046 2.7866731722 3.2670036253 3.3601328682 3.3870657552 3.4262880991 3.5411541551 3.6013912079 3.817902946 3.9259082149 4.1952832104 4.2653858018 4.3086295294 4.4358971981 4.4445275671 4.5484818155 4.6138608338 4.6619461473 4.7570563398 4.8584813509 4.8991078107 4.9731646321 5.0152144865 5.063861202 5.20553038 5.2057427887 5.2709199031 5.2773976367 5.35487975 5.4483416128 5.5089414822 5.5789680762 5.6584032506 5.7380484935 5.7702185326 5.9049449868 5.9548205455 5.9990233686 6.0654997014 6.1561138535 6.1817899927 6.2154380509 6.260212905 6.2948384738 6.3368851286 6.3974751559 6.4000176559 6.4518205475 6.5176554728 6.5368946032 6.6253556476 6.6704386453 6.7569056163 6.7887430145 6.8833522063 6.8948316424 7.0325556688 7.0541641419 7.0875301507 7.1526159601 7.2010765005 7.231598356 7.2718331233 7.4336772238 7.4985274146 7.5222374925 7.5341672907 7.5776290144 7.6699918966 7.7328921612 7.7492906532 7.7601488677 7.8027216624 7.8609755335 7.9003699281 8.0269235932 8.0942972432 8.124572885 8.1510674558 8.1764488724 8.2529889233 8.2654511831 8.3928738236 8.4347665531 8.5601488027 8.6233336428 8.6389435872 8.6629721971 8.7155740999 8.9039307177 9.0858177429 9.2007082657 9.731455807 10.6387994418 10.7056426233 10.8887160943 16.0439334722 16.1170263711 16.1513981961 16.2990700118 16.3962300734 16.4497312212 24.2064226603 24.230707709 24.5791761852
122 2.570486412 2.7803556099 3.2504374288 3.3429709555 3.3615306334 3.4111775158 3.5117260735 3.5919539602 3.8253846098 3.931220997 4.1867668756 4.260275913 4.2977352135 4.4383856965 4.4489049065 4.5545802262 4.6192820175 4.6572636627 4.7554158494 4.8766580039 4.9220803537 4.9796369092 4.9991338993 5.0677620763 5.2002834852 5.2151168831 5.27798279 5.2864977302 5.3612046784 5.4534923703 5.5281132084 5.5923589859 5.6606695763 5.7378411361 5.7656034254 5.9022631334 5.9431505537 6.010946808 6.0641188218 6.1510576645 6.1744338943 6.2034788667 6.2414595006 6.2825088202 6.3240033487 6.390408148 6.3976192291 6.4521964115 6.5167854466 6.5299452296 6.6238897145 6.6634797997 6.7519119588 6.7757925583 6.8779397187 6.8873997368 7.0268342092 7.0498152234 7.077037962 7.1344011432 7.2005156439 7.2184815352 7.2612103979 7.4377815881 7.4975990437 7.5151283536 7.5371816842 7.5751023613 7.6685129937 7.7338352181 7.7539851795 7.7708056221 7.803008607 7.8602769072 7.8966884587 8.0195168722 8.0951381666 8.1347421105 8.1614124824 8.1876153881 8.2588280177 8.2730559394 8.3853998523 8.4376932255 8.5739904495 8.6172790831 8.6468548831 8.6716734083 8.7282706409 8.914926263 9.0945623637 9.1891088461 9.7417094423 10.6359969726 10.7089728841 10.8981185235 16.0429499525 16.117278472 16.1525528781 16.3007967645 16.3956812 16.4500372729 24.2051707416 24.2299906603 24.5784905023
123 2.5674374768 2.7749964724 3.2278562592 3.3185796544 3.3468689206 3.3933899616 3.4830038186 3.5808806461 3.8363980384 3.9409918447 4.1781076774 4.2545878964 4.286862147 4.4326133781 4.4618591739 4.5593293824 4.6242780244 4.6522325765 4.7531545379 4.8932278165 4.9455094611 4.975567602 4.9874037268 5.0743499557 5.180612519 5.2228192648 5.2885910928 5.3007326162 5.3726338973 5.4605657382 5.5482711179 5.6084836618 5.6636978877 5.7384787604 5.7611052367 5.9004622749 5.9311394776 6.0228010643 6.0638516924 6.1455121114 6.1669355719 6.1911500986 6.222742218 6.2700217673 6.3105479975 6.3845320075 6.3954779406 6.4520163798 6.5160763188 6.5234292294 6.6217615237 6.6564479292 6.7470047662 6.7617766544 6.8716278601 6.8784600294 7.0200520395 7.0447876814 7.0679024518 7.1145901056 7.1995906769 7.2075282428 7.2505060799 7.4404225582 7.4931435939 7.5070057725 7.5406141504 7.5747017917 7.6611053429 7.737741398 7.759019384 7.7836649187 7.8038326708 7.8616257555 7.8926988953 8.0116116419 8.0963426686 8.1450578713 8.1714870839 8.1988528092 8.2655242086 8.280571899 8.3785915706 8.4408068664 8.5874477379 8.6117800778 8.6545855494 8.6804074767 8.740677342 8.9255714479 9.1029208203 9.1779780989 9.7516192321 10.6333510207 10.7123630264 10.907496602 16.0419507542 16.1176025363 16.1536687952 16.3025572786 16.3951689358 16.4503020424 24.20389367 24.2292589966 24.5777906604
124 2.5655641246 2.7706131878 3.2019820624 3.2902128331 3.3374683524 3.3734975562 3.4552669314 3.5679888838 3.8506800935 3.9546705736 4.1693792865 4.2484672614 4.276040509 4.4272733839 4.4745483258 4.5626671885 4.6286547639 4.6467915352 4.7507440532 4.907123384 4.9459705289 4.971922815 4.9962211941 5.0811523468 5.1540160156 5.2291952874 5.299850899 5.3188277834 5.3853513995 5.4707829853 5.5687324986 5.626379904 5.6673226726 5.7398834048 5.757154438 5.8994966711 5.9189149579 6.0343595192 6.0641969443 6.1394792812 6.1591972495 6.1788618417 6.2043285383 6.2575743374 6.2966399899 6.3799049529 6.3934011286 6.4508203182 6.5154500957 6.5179208732 6.6188624472 6.6493624352 6.7422765789 6.7470720094 6.8641037883 6.8681888413 7.0119658186 7.0392037418 7.0602223108 7.0939638304 7.1972862543 7.1993736299 7.2396622884 7.4415473633 7.4863213551 7.4975892763 7.5440146136 7.5758578466 7.6501819925 7.742182393 7.7644168634 7.7980154457 7.8053444979 7.8653305716 7.8885437852 8.0035429791 8.0979667144 8.1552453304 8.181248206 8.2100656481 8.272868479 8.2879932552 8.3725463906 8.4440871403 8.6004217792 8.6069697552 8.6621450473 8.6890734906 8.7527331154 8.9358605868 9.1108921024 9.1673311367 9.7611834452 10.6308562051 10.7157992657 10.9168287577 16.040939958 16.1179968988 16.1547420592 16.304344618 16.3946965151 16.4505233997 24.2025965213 24.2285156155 24.5770794224
125 2.5648712155 2.7672193982 3.1745373282 3.2614257074 3.3285046453 3.3519382946 3.428677841 3.5534488152 3.8678618669 3.9715869064 4.1606378521 4.242042792 4.2653003566 4.4224098162 4.4866847218 4.5645878653 4.6322265259 4.6407307 4.7485184513 4.9170391655 4.917891262 4.9960561668 5.0053919915 5.0871537099 5.1265400103 5.2351833009 5.309504817 5.3392311711 5.3976949642 5.4844983578 5.5887435089 5.6453842375 5.6713907364 5.7419981828 5.7543461101 5.899375284 5.9066576125 6.0452935548 6.0644477276 6.1329720008 6.1509807744 6.1672043042 6.1866658683 6.2454129482 6.2824297213 6.376531061 6.3911768976 6.4481294359 6.5140407987 6.514819303 6.6151299241 6.6422472106 6.7319573037 6.7377789667 6.8552726993 6.8567810527 7.0022409016 7.0332036397 7.0539277915 7.0733208835 7.1900223927 7.1972356751 7.2286389733 7.4413313774 7.477959682 7.4870667768 7.5468464155 7.5778174709 7.6376572283 7.7451440159 7.7700448967 7.8077053195 7.8135309197 7.8714710961 7.88444302 7.9955281875 8.100065246 8.1651030969 8.1906569143 8.2211674524 8.280663453 8.2953239064 8.3673845615 8.4475112457 8.6024843941 8.6132614616 8.6695351804 8.6976187844 8.7643891273 8.9457892355 9.1184767005 9.1571803924 9.7704009634 10.6285071576 10.719267744 10.926093027 16.0399216333 16.1184595108 16.155768993 16.3061517661 16.3942667008 16.4506997135 24.201284443 24.2277634585 24.5763595968
126 2.5653587275 2.7648250875 3.1464559661 3.2329589521 3.3187984669 3.3290804193 3.4033084988 3.5375760814 3.8875140033 3.9910658044 4.1519324387 4.2354277388 4.2546721385 4.4180534913 4.4977929738 4.5651800758 4.6337610489 4.6348283245 4.7467018893 4.8900410595 4.9211051863 5.0132685832 5.0207814814 5.0919957151 5.103655537 5.2414597166 5.3167292814 5.3607950422 5.4094172188 5.501139743 5.6074007718 5.6650359164 5.6757245953 5.7447954082 5.7535151058 5.8945829361 5.9001478879 6.0550954658 6.0636685346 6.1259892428 6.1417779504 6.1570206396 6.1705651846 6.233863536 6.2680751329 6.3743850362 6.3885544789 6.4436874021 6.5122282858 6.5140883963 6.6105549266 6.6351311985 6.7166375619 6.7335175363 6.8444251286 6.8452395638 6.9904959679 7.0268495134 7.0488739536 7.0534200503 7.1832214892 7.1953914633 7.2174163572 7.4400706622 7.4682499904 7.4760328142 7.5486183787 7.5800045283 7.624593287 7.7459188731 7.7755997642 7.8110009039 7.8297913811 7.8798405107 7.8807562484 7.9877162432 8.1026913577 8.1744626447 8.1996757898 8.2320677859 8.2887296215 8.3025766883 8.3632522854 8.4510542805 8.5988592086 8.625399017 8.6767527341 8.7060079083 8.7756058995 8.9553537733 9.1256765079 9.1475357284 9.7792711992 10.6262985402 10.7227545875 10.9352671544 16.0388998233 16.1189879446 16.1567461477 16.3079716511 16.393881784 16.4508298438 24.1999626332 24.2270055 24.5756340261
127 2.5670216548 2.7634366236 3.1182551092 3.2050356926 3.305270379 3.3081053462 3.3791461691 3.5207125975 3.9091822301 4.0124914917 4.1433153527 4.2287218985 4.24418728 4.4142256946 4.5069597955 4.5647138361 4.6257333309 4.6363352223 4.7453921905 4.8644515066 4.9167150187 5.0174792802 5.0453087137 5.09141622 5.0956817024 5.2483235179 5.3214758637 5.3827861781 5.420791155 5.519632439 5.6236642007 5.68005474 5.6849861599 5.7482889627 5.7557575521 5.8829373923 5.9018900557 6.060786528 6.0629432863 6.1184679086 6.1308924695 6.1493779945 6.1572160252 6.2233783703 6.2537293366 6.3734257748 6.3852217039 6.4376831199 6.5125359738 6.5131515664 6.6051884289 6.6280485885 6.7012657896 6.7294518549 6.8312841672 6.8342597217 6.9764357178 7.0201051216 7.0348888516 7.0448915829 7.1771760725 7.1932939664 7.2059972118 7.4380965584 7.456866952 7.465335894 7.5489778313 7.58205001 7.6115916635 7.7446043051 7.7807018532 7.8150096137 7.8463040075 7.8780987098 7.8900381315 7.9802138809 8.1058936221 8.183169916 8.208267988 8.2426633891 8.2969115904 8.3097721968 8.3603197197 8.4546896879 8.595791598 8.637096517 8.6837912573 8.7142133793 8.7863514122 8.9645509011 9.1324947314 9.1384046617 9.7877940189 10.6242250621 10.7262459624 10.9443286922 16.037878531 16.1195793965 16.1576703246 16.3097971702 16.39354358 16.450913138 24.1986363198 24.2262447348 24.5749055756
128 2.5698498255 2.7630567325 3.0902456902 3.1777623588 3.2808467232 3.2964761212 3.3561141326 3.5031698871 3.9324036504 4.0353270019 4.134856114 4.2220140972 4.2338790965 4.4109406104 4.5123414245 4.5638446285 4.6170963839 4.6366809131 4.744508777 4.8424569357 4.9019491546 5.0183737498 5.0689409716 5.0921624471 5.0987220085 5.25580676 5.3240741072 5.4047314023 5.4320507788 5.5388757655 5.6366141729 5.6839823957 5.7049224657 5.7525576665 5.7621763804 5.8720117238 5.9046866221 6.0549635737 6.067501683 6.1103126927 6.1185126369 6.145172069 6.1472684049 6.2145909334 6.2395365553 6.3736004874 6.3807936792 6.4307115983 6.5118869896 6.5146766427 6.5991465083 6.6210387699 6.6859590515 6.7255011299 6.8174832189 6.8226777707 6.9600847584 7.0129091671 7.0180302375 7.0417609968 7.1716316928 7.1909685312 7.1944093583 7.4357280163 7.443751912 7.4553796357 7.547741518 7.5836665823 7.5990847906 7.7416014455 7.7850857573 7.8188826553 7.8626040697 7.8774742968 7.9016193372 7.9731004036 8.1097120247 8.1910799953 8.2163973948 8.2528336931 8.3050891151 8.3169370779 8.3587668717 8.4583897676 8.5932836483 8.648307448 8.6906422641 8.7222122001 8.7965998945 8.9733770242 9.1297927404 9.138935807 9.7959696719 10.6222814941 10.7297281291 10.953255103 16.0368617061 16.1202306887 16.1585385996 16.3116212147 16.393253421 16.4509494289 24.19731074 24.2254841666 24.5741771221
129 2.5738276381 2.7636844104 3.0626333751 3.1512079661 3.2561286874 3.2840617699 3.3341054904 3.4852097525 3.9566962457 4.0591068588 4.1266666688 4.2153852817 4.2237846241 4.4082064558 4.5108789973 4.5636133281 4.609458089 4.6358632501 4.7436849184 4.8248995647 4.8783009731 5.0196008664 5.0881790694 5.1015389447 5.1045582077 5.2637865207 5.3249731751 5.4263002485 5.4432697122 5.5579472258 5.6459221655 5.6871381236 5.7244757991 5.7578015749 5.7731921736 5.8621895541 5.9086133944 6.0460640686 6.066899752 6.1015471464 6.1064745094 6.1400947183 6.1445101405 6.2083264047 6.2256335355 6.3748431087 6.3748510924 6.4235200768 6.5101480355 6.5182361066 6.5926151057 6.6141463233 6.6708104476 6.7215542638 6.8031024675 6.8108734207 6.9419146847 7.0027179554 7.0052353009 7.0391955681 7.1662707469 7.182708629 7.1885210019 7.429327315 7.4332506412 7.44598852 7.5448781482 7.5835892668 7.5884316507 7.7373510885 7.7886980981 7.8212123037 7.8783107169 7.8801333277 7.9141895745 7.9664382497 8.1141726921 8.1980607133 8.2240296688 8.2624448086 8.3131970012 8.3241017034 8.3587479592 8.4621262284 8.5913089956 8.6590120291 8.697296051 8.7299843075 8.8063310766 8.9818274718 9.1217041264 9.1450053165 9.8037987259 10.6204626825 10.7331874937 10.9620238612 16.035853232 16.1209382689 16.1593483514 16.3134366946 16.3930121465 16.4509390348 24.1959911193 24.2247267957 24.5734515424
130 2.5789337067 2.7653147811 3.0355669195 3.1254262352 3.2313996989 3.2710379017 3.3130141357 3.4670432227 3.9815041422 4.0834158344 4.1189577495 4.2089131423 4.2139490782 4.4060249507 4.500067077 4.5640411107 4.6054529096 4.6339265159 4.7420097824 4.8119769013 4.8501202184 5.0226883348 5.0941869127 5.1148470348 5.1220120293 5.2720637299 5.3245925317 5.4472363255 5.4544362585 5.5761177133 5.6520564295 5.6894409066 5.7429991785 5.7645281195 5.7879035492 5.8541151781 5.9137167906 6.0346458042 6.0599813541 6.092319215 6.0963575159 6.1346321624 6.1467132943 6.2054316475 6.2121555632 6.3670701187 6.3770697288 6.4167279539 6.5077539462 6.5228205937 6.5858546558 6.6074215701 6.65589958 6.7174809899 6.7881771728 6.7992234563 6.9226654521 6.9885800736 6.9970980953 7.0368647829 7.1607276984 7.17098223 7.1861260189 7.4139132738 7.4309081207 7.4370440585 7.5404681061 7.5748224946 7.5866726553 7.7322433122 7.7915926061 7.8209822757 7.8867571063 7.8931470194 7.9274233072 7.9602852389 8.1192817422 8.2040034316 8.2311340213 8.2713684263 8.3212492074 8.3312972441 8.360331808 8.465870754 8.5898358765 8.6691955587 8.7037422587 8.7375117893 8.8155297424 8.9898954765 9.114142468 9.1507099026 9.8112820065 10.618763562 10.7366106576 10.9706125538 16.0348569151 16.1216982095 16.1600972937 16.3152365632 16.3928200909 16.4508827609 24.1946826512 24.2239756079 24.572731702
131 2.5851403998 2.7679388992 3.0091624033 3.1004634353 3.2068989539 3.2575737681 3.2927525649 3.4488366921 4.00603961 4.1078557295 4.112186766 4.2026806273 4.2044391841 4.4043881097 4.4803834997 4.5635064308 4.6069274538 4.6309168585 4.7373941623 4.8032854005 4.8225525564 5.0272101673 5.0943459062 5.1296702875 5.1436878464 5.280411656 5.3232669634 5.465530222 5.4673196154 5.5928253668 5.6559736522 5.6910536359 5.7589713726 5.774101217 5.8037629661 5.8493619589 5.9199895683 6.0215101434 6.0483611162 6.0827855928 6.0873578436 6.1299132543 6.1508732642 6.1992524214 6.2063428407 6.3573862219 6.380172327 6.410627023 6.5044874913 6.5280871143 6.5791997393 6.6009225743 6.6413050693 6.7131392244 6.772708052 6.7880789248 6.9030638741 6.9752719951 6.9885382339 7.034423643 7.1546265553 7.1593518096 7.1839986793 7.397674033 7.4285679466 7.4288975754 7.5346613009 7.5645301217 7.5866383998 7.7266063442 7.7937380279 7.8184290496 7.8968027226 7.9069421834 7.9410482587 7.9547200299 8.1250189981 8.2088387442 8.2376855114 8.2795173473 8.329343041 8.3385522944 8.3634419008 8.4695955527 8.588830233 8.6788462997 8.7099702655 8.7447784559 8.8241854675 8.9975707857 9.1071122003 9.1560571794 9.8184205431 10.6171791682 10.7399844639 10.9789989804 16.0338764734 16.1225062036 16.1607835099 16.3170138415 16.3926770708 16.4507819027 24.193390477 24.2232335621 24.5720204436
132 2.5924132408 2.7715434992 2.9835161091 3.0763616652 3.1828224606 3.2438203238 3.2732569455 3.4307198902 4.0288282523 4.107486949 4.1319727916 4.1953963879 4.1967947162 4.4032701639 4.4541884885 4.5614065625 4.6131450229 4.6268055785 4.7259741979 4.798078584 4.8014978687 5.0325582231 5.09298836 5.1448549332 5.1652173947 5.2886014942 5.3212464135 5.4765577184 5.4863483741 5.6076694318 5.6587126912 5.6921526365 5.7709343461 5.7877377352 5.8152766411 5.8523506145 5.9273358303 6.0073680624 6.0348906635 6.0730878335 6.0778941389 6.1253836581 6.1561616369 6.187150593 6.210740872 6.3460208753 6.384010906 6.4051737572 6.50011482 6.5337094169 6.5730403767 6.5947199066 6.6271257427 6.7083704176 6.756690378 6.7777519727 6.8836857277 6.9625956777 6.9796122312 7.0315296623 7.1476477407 7.1479742344 7.18233699 7.3807158881 7.4206374782 7.4273656522 7.5276444724 7.5549218095 7.5860672758 7.720718568 7.7947861168 7.8147162982 7.909006946 7.9196169785 7.9499259724 7.9548335094 8.1313327956 8.2125519432 8.2436675232 8.286882388 8.3376139347 8.3458893556 8.3678455449 8.4732738659 8.5882568853 8.687955034 8.7159694704 8.751769599 8.832292455 9.0048376915 9.1006205008 9.1610556385 9.8252155192 10.6157046488 10.7432960425 10.9871612496 16.032915526 16.1233575595 16.1614054913 16.3187616433 16.3925823708 16.4506382488 24.1921196657 24.2225035788 24.5713205756
133 2.6007101251 2.7761106844 2.9587118386 3.053160386 3.1593294181 3.2299068102 3.2544847098 3.4127934992 4.0466168444 4.1076993306 4.1548869222 4.1873902745 4.1914350994 4.402610262 4.4238300678 4.5584012553 4.6213484354 4.6221763047 4.7055695962 4.7906767054 4.7955467589 5.0383394999 5.090805115 5.1597642161 5.1858449891 5.2964130864 5.3187167919 5.4875581535 5.5041372562 5.6204264712 5.6611784467 5.6928624142 5.78092618 5.8029965097 5.8180407372 5.8665503289 5.9355058687 5.9927720814 6.0216102493 6.0633914081 6.0673642284 6.1210741346 6.1614257917 6.1766155953 6.217752362 6.3333416498 6.3884029944 6.4001598014 6.4944446287 6.5393057904 6.5677691407 6.5889043818 6.6135281061 6.7029620166 6.7401818065 6.7685068689 6.8649433199 6.9504865618 6.9703900201 7.0278532696 7.137035999 7.1395849752 7.181271039 7.3631322198 7.4133432949 7.4264045848 7.5196213987 7.5461043945 7.5847646923 7.7148206904 7.7937805806 7.8115170412 7.9216968126 7.9311564872 7.9466089533 7.9685916854 8.138137375 8.2151906074 8.2490740155 8.2935401178 8.3461560089 8.353321595 8.3732149396 8.4768804131 8.5880801729 8.6965149513 8.7217295005 8.7584718594 8.8398494046 9.0116721158 9.0946802699 9.165714546 9.8316682281 10.6143352754 10.7465328522 10.9950778735 16.0319775843 16.1242471926 16.1619621786 16.3204731989 16.3925347304 16.4504540846 24.1908751945 24.2217885292 24.5706348617
134 2.6099802708 2.7816175463 2.9348254453 3.0308971842 3.1365499914 3.2159411007 3.2364093335 3.3951357653 4.0547897894 4.1167885603 4.1701431624 4.1865528375 4.1870036165 4.3910984703 4.4022778494 4.5550588039 4.6137940924 4.6326577601 4.6805106567 4.7874884364 4.7949801851 5.0443310066 5.0880184995 5.1739756132 5.2052577319 5.303637873 5.3158251171 5.4985994305 5.5205331003 5.6310649793 5.664066373 5.6933235532 5.7907089076 5.8166391177 5.8174867145 5.8864815716 5.9439531487 5.9781857067 6.0100480276 6.0539431522 6.0557903491 6.1173495685 6.1607843302 6.1733045667 6.2264145208 6.3197169597 6.3931076977 6.395384982 6.4874226066 6.544299036 6.5637001538 6.58357959 6.6008823005 6.6965042429 6.7234768769 6.7605519353 6.8471108322 6.9389624824 6.9609573119 7.023094282 7.1267353172 7.1303546787 7.1808548954 7.3450174174 7.4067724225 7.4260473544 7.5108058566 7.5380650898 7.582636005 7.7091211733 7.7897460881 7.8102676824 7.9306206001 7.9415838448 7.9483341408 7.982183591 8.1453140677 8.2168586119 8.2539111534 8.2996178983 8.3549711997 8.360850299 8.3792165019 8.4803917586 8.5882643303 8.7045216408 8.7272403711 8.7648731667 8.8468593629 9.0180371752 9.0893147244 9.1700438333 9.8377800337 10.6130664546 10.7496827202 11.002727858 16.0310660423 16.1251696136 16.1624530068 16.3221418801 16.3925323325 16.4502321938 24.1896619301 24.2210912235 24.5699660092
135 2.6201627643 2.7880356959 2.9119280427 3.0096081532 3.1145924018 3.2020115921 3.2190148389 3.3778080824 4.0539860832 4.1326565387 4.1663862176 4.1846596452 4.2038948204 4.357333302 4.4020074645 4.5516444018 4.6025069585 4.6438831257 4.6572335013 4.7880576261 4.7958176318 5.0504083233 5.0847381842 5.1871565542 5.2232402081 5.3100796152 5.3127039791 5.509769412 5.5354491797 5.6397316272 5.6678329315 5.6937540551 5.8004244503 5.8146343518 5.8302040427 5.9073891515 5.9515486981 5.9641875624 6.0019630628 6.0433672069 6.0451737516 6.1146481497 6.1525555337 6.1787808761 6.2359248353 6.3054566629 6.3907395928 6.3977976523 6.4792209396 6.5476293336 6.5610054588 6.5786607845 6.5902454592 6.6879073583 6.7076129317 6.7540314192 6.8303549173 6.9280775329 6.951420357 7.0170129849 7.1172477103 7.1199667194 7.181092505 7.3264692504 7.4010007058 7.4262588295 7.5014277795 7.5307608332 7.5796166997 7.7037944521 7.7832293648 7.8107001924 7.9312128482 7.9509443362 7.9591924356 7.9955146314 8.1527166054 8.2176976732 8.2581980647 8.3052419709 8.3639777481 8.3684633213 8.3855707426 8.4837865881 8.5887736766 8.7119731308 8.7324926113 8.7709627212 8.8533295194 9.023876425 9.0845644073 9.1740539792 9.8435523358 10.6118937389 10.7527338801 11.0100907888 16.0301841684 16.1261189136 16.1628779535 16.323761224 16.3925727948 16.4499758592 24.1884846098 24.2204144 24.5693166584
136 2.6311844453 2.7953306732 2.8900888103 2.98932807 3.0935486928 3.1881896402 3.2022909674 3.3608597604 4.0487351261 4.1468372209 4.1592157969 4.1879061317 4.2234494934 4.3236699844 4.4012887512 4.5482732896 4.5861107824 4.6402209476 4.6554985683 4.7903552463 4.7976354047 5.0565015447 5.0810259307 5.1990061036 5.2396255173 5.3094950318 5.3155570765 5.5211665376 5.5489090728 5.6467019564 5.6726598323 5.6944694582 5.8094034426 5.8129625487 5.8408186535 5.925375441 5.9526946364 5.9565148219 5.9995586197 6.0303150574 6.0379311311 6.113390423 6.1440275832 6.1857039651 6.2456598355 6.2908121911 6.3862233964 6.4020043128 6.4702917518 6.5474826705 6.5597124878 6.5731778395 6.584329603 6.6750348868 6.6947444394 6.7490179101 6.814771211 6.9178893355 6.9419119824 7.0094719526 7.1084882282 7.108680846 7.1819669933 7.3075878852 7.3960889182 7.4269145267 7.4917579037 7.5241376651 7.5756728737 7.6989744574 7.7753194502 7.8119008941 7.9287991351 7.9592982577 7.9735177888 8.0085237242 8.1601797313 8.2178639108 8.2619666522 8.3105036625 8.3730484754 8.3761346294 8.3920696776 8.4870458923 8.5895726585 8.7188699582 8.7374773686 8.7767310011 8.859270924 9.0291041785 9.080497215 9.1777558837 9.84898654 10.6108128377 10.7556750066 11.017146914 16.0293350977 16.1270887449 16.1632375895 16.3253249567 16.3926531662 16.4496888592 24.1873478239 24.219760715 24.5686893727
137 2.6429566353 2.8034611774 2.8693782348 2.9700904522 3.0734992547 3.174532134 3.1862291674 3.3443322361 4.0415430379 4.1519568764 4.1520018963 4.2007403433 4.2414670979 4.2914649289 4.3992285356 4.5450003161 4.5669863605 4.6294037306 4.6673193509 4.7934752547 4.8001183649 5.0625712032 5.0769155248 5.2092234624 5.2542938564 5.306371146 5.3199116555 5.5328904377 5.5610751815 5.6523133007 5.6783983081 5.6958928587 5.8117702413 5.8163276163 5.8497528387 5.9282636567 5.9537715251 5.9582158386 6.0034871094 6.0169711975 6.0339772083 6.1139543114 6.1363746147 6.1928895246 6.2551132633 6.2759993568 6.3819422159 6.4050144972 6.4614211719 6.5424413481 6.5597445341 6.5674878161 6.5841390999 6.6578737439 6.6849681006 6.7455065247 6.8004269043 6.9084392741 6.9325982092 7.0004685572 7.0960175204 7.1010392481 7.1834579348 7.2884748805 7.3920806057 7.4277473875 7.4821677065 7.5181392052 7.5708090181 7.6947477621 7.7666367705 7.8133701844 7.925987655 7.966716881 7.9884460384 8.0211705795 8.1675294646 8.2175076599 8.2652605391 8.3154530315 8.3820424527 8.3838248647 8.3985705848 8.4901530567 8.5906257677 8.7252152636 8.7421864957 8.782169774 8.8646981119 9.0335945762 9.0772197596 9.1811607361 9.8540840328 10.6098196286 10.7584952494 11.0238772211 16.0285218241 16.128072298 16.1635331338 16.3268270169 16.3927699288 16.4493754597 24.1862559982 24.2191327319 24.5680866277
138 2.6553696766 2.8123780106 2.8498729836 2.9519275423 3.0545164757 3.1610841176 3.1708192428 3.3282629742 4.0333095772 4.1451242803 4.1501434007 4.2168752564 4.2571903315 4.2643262103 4.3945391375 4.5418548948 4.5499572802 4.6221530098 4.6792441978 4.7969771202 4.8030315608 5.0685951767 5.0724221269 5.2174937744 5.2671807838 5.30355194 5.3230212299 5.5450328993 5.5722321545 5.6569050699 5.6845161874 5.6985817378 5.810995208 5.8195660008 5.8581695563 5.9180122967 5.958594399 5.9623230439 6.0020044372 6.0130173089 6.0363098706 6.1166261935 6.129862582 6.2000960076 6.260976545 6.2640858523 6.3780972998 6.4057558259 6.453798763 6.5336316007 6.5609432688 6.5631226661 6.586974817 6.6386653203 6.6761953316 6.7434120849 6.7873981328 6.8997444767 6.9236843602 6.9901352912 7.0826688564 7.094221876 7.1855474191 7.269233466 7.389001018 7.4282246498 7.4732603558 7.5127110947 7.5650724441 7.6911509472 7.757489372 7.814893576 7.9232726203 7.9732782151 8.0032825652 8.0334254647 8.1745932713 8.2167608028 8.2681332611 8.3201084687 8.3908185391 8.3914827093 8.4049848237 8.493093866 8.5918973516 8.731014906 8.7466126257 8.7872721 8.8696286378 9.0371797309 9.0748797209 9.1842798776 9.8588461602 10.6089101678 10.7611842633 11.0302635089 16.0277471939 16.1290622744 16.1637665095 16.3282615787 16.3929190094 16.4490403993 24.185213378 24.2185329118 24.5675108021
139 2.6682829559 2.822022533 2.8316648 2.9348702445 3.03666801 3.1478815325 3.1560464507 3.3126892559 4.0243123308 4.1387013079 4.1450789197 4.2154854117 4.2593795214 4.2701184063 4.3860407979 4.5386210424 4.538854247 4.6167325191 4.691214544 4.8006194899 4.8061978631 5.0675485331 5.0745614395 5.2235010096 5.278283209 5.3012963819 5.324818708 5.5576696552 5.5827199421 5.6607802443 5.6902584468 5.7030888797 5.8105467668 5.8183492936 5.8669552486 5.9063775995 5.9594451087 5.9646245904 5.988192649 6.0229743863 6.0467740667 6.12150597 6.1246799801 6.2072149205 6.2464989233 6.2716298894 6.3749629515 6.4030603299 6.4487416041 6.5231424943 6.559954887 6.5630153505 6.5908465843 6.6187335245 6.6673829911 6.7425705915 6.7757859441 6.8917999934 6.9154182166 6.9787064654 7.068564159 7.0880543175 7.1882199662 7.2499706097 7.3868569183 7.4273531346 7.4660728719 7.507803163 7.5585508526 7.6881748361 7.7480577806 7.8163722362 7.9207744021 7.979062244 8.017744826 8.0452624451 8.1812089857 8.2157315487 8.2706457182 8.3244696005 8.3990468312 8.3992345851 8.4112706281 8.4958564324 8.5933513337 8.7362775875 8.7507492335 8.7920323099 8.8740825289 9.039684894 9.0736312205 9.1871246607 9.8632742101 10.6080807016 10.7637322377 11.0362884558 16.0270138991 16.1300508558 16.1639404021 16.3296230739 16.3930958013 16.4486888662 24.1842240116 24.2179636041 24.5669641678
140 2.6815046633 2.8148791541 2.8323242271 2.9189480317 3.0200203039 3.1349542679 3.1418888815 3.2976519964 4.0145701796 4.1327993204 4.1373130151 4.1957445412 4.2770843317 4.2797002119 4.3737842364 4.5343179906 4.5360087898 4.6124147417 4.7031929305 4.8042559089 4.809481769 5.0622907338 5.0804640293 5.2269900669 5.2876568567 5.2998467287 5.3253109168 5.5708536225 5.5928480554 5.6641880399 5.6953844543 5.7092809441 5.8103783787 5.8133663366 5.875906012 5.8951821466 5.960999075 5.9612598519 5.9739591921 6.0336968077 6.0629349897 6.1211377989 6.1283998299 6.2141777603 6.2322377582 6.2779749783 6.3728375048 6.3967616708 6.4466108879 6.512178932 6.5577436333 6.5652552619 6.5947682073 6.5989891983 6.6583084339 6.7427471577 6.7657021429 6.8845885745 6.9080848671 6.9664754005 7.0538287157 7.0823328713 7.1914599348 7.2308012345 7.3856371425 7.423822712 7.4619389524 7.5033701091 7.5513637721 7.6857748939 7.7384714512 7.8177557387 7.9185250316 7.9841465231 8.0316658074 8.0566553573 8.1872322121 8.214504462 8.2728627588 8.3285274737 8.4064482021 8.4071397758 8.4174306139 8.4984310648 8.5949508701 8.7410149738 8.7545906851 8.796445952 8.8780816755 9.0410266171 9.0735372104 9.1897063084 9.8673693996 10.6073276766 10.7661299232 11.041935681 16.0263244713 16.1310296723 16.1640583161 16.3309062138 16.3932951985 16.4483264627 24.183291736 24.217427037 24.5664488813
141 2.6947456262 2.7997192345 2.8431965336 2.9041888311 3.0046434009 3.122329789 3.1283150404 3.283199649 4.0039787133 4.1260141826 4.127469312 4.1777393954 4.2850024958 4.2984528145 4.3597928693 4.5333246068 4.5362601178 4.6089519398 4.7151493517 4.8077902901 4.8127781088 5.0566438831 5.0863009077 5.2278768198 5.2954017411 5.2993228293 5.3245933383 5.5846101055 5.6028328899 5.6673213068 5.7003539858 5.7162145096 5.8058875166 5.81051503 5.884187157 5.8847878827 5.9543219369 5.959766463 5.9640410058 6.0442851445 6.0806105278 6.120133766 6.1367659966 6.2185376393 6.2209387734 6.2828697269 6.3719582834 6.3880919603 6.4464351692 6.5012936144 6.5564153458 6.5646605623 6.5821597436 6.5982368215 6.6492386198 6.7436541621 6.7572328416 6.8780946566 6.9019820002 6.9537716533 7.0385893085 7.0768558372 7.1952481764 7.2118551384 7.3853137071 7.4171823389 7.46131783 7.4993711081 7.5436514169 7.6838845056 7.7288397819 7.8190170678 7.9165283243 7.9886028795 8.0449263198 8.0675753692 8.1925426353 8.2131434062 8.2748487083 8.3322709423 8.4136126328 8.4143739557 8.4235035794 8.5008100948 8.5966579743 8.7452417811 8.7581322695 8.8005097034 8.8816491847 9.0413141716 9.0744685833 9.1920357761 9.8711328636 10.6066477508 10.7683686565 11.0471898022 16.0256812766 16.131989773 16.1641246273 16.3321060095 16.3935116476 16.4479591576 24.1824201625 24.2169253096 24.5659669753
142 2.7075006373 2.786581722 2.8545290981 2.8906188937 2.9906190124 3.110037695 3.1152816835 3.2693921375 3.9924000834 4.1112751514 4.1227564839 4.1653795838 4.2843370922 4.3197579126 4.347643704 4.5308048032 4.542567277 4.6063436501 4.7270504403 4.8111558703 4.816004314 5.0506094063 5.0920729984 5.2263306535 5.2996409657 5.3016305423 5.3228635748 5.598933889 5.6127774985 5.6703224082 5.7054875926 5.7230345291 5.7970156651 5.811042435 5.875309064 5.89073156 5.9461009428 5.9464016601 5.9677699339 6.0544295903 6.0947870393 6.1246139254 6.1457441135 6.2056583766 6.227479756 6.2864678533 6.3724070328 6.3785431704 6.4470580391 6.4907789517 6.5522035323 6.5559219705 6.576460197 6.6009748318 6.6410095974 6.7449840737 6.7504019693 6.8723193477 6.8973507876 6.9409848315 7.022974023 7.071432346 7.1932875429 7.1995585207 7.3858431295 7.4083362773 7.4633017016 7.4957684292 7.5355650855 7.6824274745 7.7192666564 7.8201425042 7.9147771007 7.9924954446 8.0574321697 8.0779891739 8.1970498549 8.211695781 8.2766618571 8.33569008 8.4204633918 8.4208009334 8.4295244302 8.5029876808 8.5984331662 8.7489757946 8.761370211 8.8042212478 8.8848087245 9.0408231013 9.0761310969 9.1941236181 9.8745656486 10.6060378042 10.7704403833 11.0520364873 16.02508651 16.1329216042 16.1641446241 16.3332177922 16.3937392166 16.4475932199 24.1816126635 24.2164603835 24.5655203503
143 2.7187229519 2.7763784616 2.8661720098 2.87826265 2.9780563468 3.098115635 3.1027321375 3.2563045916 3.979773477 4.0953266573 4.1187027576 4.1574954619 4.2763117728 4.3401201758 4.3405089622 4.5284504928 4.5512225993 4.6047965041 4.738848918 4.814304263 4.8190951925 5.0442038013 5.0977839389 5.2227365792 5.3005497741 5.3063911281 5.3204666646 5.6137868748 5.6226859511 5.6732941802 5.7106549146 5.7293523062 5.7875373756 5.812049955 5.8667774277 5.8940304371 5.9339657314 5.9381648164 5.9725950881 6.0639563777 6.1010866603 6.1377283151 6.1541971447 6.1940040369 6.2338347899 6.2892152089 6.3692171103 6.3740744272 6.4477754716 6.4808314388 6.5336353561 6.5561629005 6.5747078451 6.6028399741 6.6351265116 6.7451557039 6.7464577171 6.8672941368 6.8941935096 6.928696166 7.0071133532 7.0658714774 7.1752943871 7.2043540292 7.3871674682 7.3983602508 7.4668024021 7.4925246961 7.5272622317 7.6813274772 7.7098587914 7.8211269796 7.9132592424 7.9958798534 8.0691036451 8.0878571629 8.2006989659 8.2101971916 8.2783484493 8.3387776951 8.4263754417 8.4269237837 8.4354523885 8.504959604 8.6002352191 8.7522377742 8.7643016563 8.8075791272 8.8875838863 9.0398615263 9.078199464 9.1959798623 9.8776687071 10.6054949485 10.7723376797 11.0564625016 16.0245421911 16.1338150064 16.1641245281 16.3342372317 16.3939716852 16.4472351351 24.1808723603 24.2160340755 24.5651107674
144 2.7261737017 2.7711820338 2.8671425451 2.8779008057 2.9671269411 3.0866170577 3.0905955821 3.2440304359 3.9662411437 4.0804514778 4.1153462641 4.1521810902 4.2625180676 4.3381564202 4.3591308394 4.5262618364 4.5603277656 4.6047865423 4.7504719023 4.8171992336 4.821999467 5.0374695354 5.1034400916 5.2175669616 5.301753624 5.3093789839 5.3181446658 5.6290918639 5.6324924159 5.6763168989 5.7153507143 5.7352469688 5.7779872135 5.8135291703 5.8592059947 5.8917475991 5.9254954659 5.9301381963 5.9785526374 6.0726981437 6.1028198934 6.1552106207 6.1605009355 6.1845022347 6.2401449453 6.2917228894 6.360879628 6.3767242539 6.4482393367 6.4716121869 6.5146310367 6.5569434634 6.5698518214 6.6038120669 6.6331036742 6.7413710565 6.747877743 6.8630919979 6.8917468428 6.9181493793 6.9911423969 7.0599586469 7.1581325179 7.2095825233 7.38793294 7.3892144189 7.4711226347 7.4895974863 7.518908585 7.6805139535 7.7007317112 7.8219715496 7.9119601997 7.9988032831 8.0798691914 8.0971311472 8.2034753901 8.2086762197 8.2799374114 8.3415297519 8.4311578498 8.4329195578 8.4411529771 8.5067230702 8.6020210992 8.7550511942 8.7669246341 8.810582579 8.8899975895 9.0386748687 9.0804129199 9.1976138953 9.8804428954 10.6050165373 10.7740537708 11.0604557501 16.0240501598 16.1346592425 16.1640714803 16.3351603539 16.3942026576 16.4468914995 24.1802021118 24.2156480508 24.5647398415
145 2.7273226789 2.7733185532 2.8572788346 2.8893326502 2.9581480016 3.0756212186 3.0787880984 3.2326831242 3.9522169221 4.0677337597 4.1127183439 4.1483132337 4.2462296632 4.3382893589 4.3765185958 4.5242394848 4.5680699792 4.6070602808 4.7618073752 4.8198128487 4.8246775539 5.0304882029 5.1090501504 5.2112746579 5.3030126453 5.3093981374 5.3175397631 5.6420874374 5.6447072149 5.6794835327 5.7188975191 5.7411236824 5.768730189 5.8152599986 5.8526587153 5.8828550276 5.9218252206 5.9226746835 5.9854601743 6.0804551216 6.1032985798 6.1617429556 6.1727607404 6.1795810742 6.246749798 6.2945273189 6.3540690194 6.3801043993 6.4482652775 6.4632688175 6.4962409885 6.5579514045 6.56103828 6.6040131024 6.6349753474 6.7388753508 6.7491635004 6.8598347886 6.8875029831 6.9121867319 6.9752040226 7.0534293251 7.142140051 7.2151704567 7.3774552033 7.3918955651 7.4758405245 7.4869275807 7.5106911793 7.6799250278 7.6920148112 7.8226816987 7.9108642585 8.0013049983 8.0896606465 8.1057513309 8.2054079563 8.2071592395 8.28143744 8.3439452 8.4352454791 8.4383810231 8.4464645336 8.5082765218 8.6037462045 8.7574417728 8.7692379815 8.8132313698 8.8920715466 9.037429513 9.0825917426 9.1990343595 9.8828889725 10.6046001749 10.7755825486 11.0640053147 16.0236120723 16.1354430773 16.1639934734 16.3359835572 16.3944256984 16.4465688931 24.1796045042 24.2153038165 24.5644090349
146 2.723580195 2.7811280676 2.8486892901 2.8997256809 2.9517819584 3.0652455521 3.0672166884 3.2223955984 3.9383314357 4.0573885566 4.1108372767 4.1453563377 4.2297375035 4.339322425 4.3920708493 4.5223868046 4.5731786285 4.6120768619 4.7726888968 4.8221229118 4.827100149 5.0233956372 5.1146231273 5.2042542837 5.3041741846 5.3068139608 5.3187123689 5.6513321163 5.6603076002 5.6830246971 5.7208641248 5.7472982342 5.7600238558 5.816737412 5.8473404725 5.8698686915 5.9160383292 5.9207800331 5.9929172665 6.0870131724 6.1034062792 6.1573031636 6.1797352772 6.1883512974 6.2542649549 6.2978569158 6.3490941592 6.3840142381 6.4476857509 6.4559408762 6.4790122073 6.5495041692 6.5587633777 6.6037248987 6.6393569369 6.7374622598 6.7503430306 6.857695018 6.8795345283 6.9129192836 6.9594529257 7.0459611061 7.1277387958 7.221013629 7.3672064689 7.3951014642 7.4806599725 7.4844106684 7.5028527279 7.6795084218 7.6838558394 7.8232659689 7.9099553744 8.003417145 8.0984090577 8.1136423845 8.2056752669 8.2065694532 8.2828376351 8.3460254929 8.4387153523 8.4432447662 8.4512541105 8.5096194565 8.6053650005 8.7594367537 8.7712412392 8.8155256374 8.8938258023 9.0362314341 9.0846186907 9.2002490636 9.8850076011 10.6042437256 10.7769185872 11.0671014872 16.0232293981 16.1361549328 16.1638992075 16.3367036274 16.39463449 16.4462737309 24.1790818415 24.215002716 24.5641196515
147 2.7182484393 2.7910051424 2.841388662 2.9076601406 2.9493527013 3.0556595706 3.0557880619 3.2133165403 3.9252914257 4.0492368507 4.109697017 4.1430521345 4.2142779418 4.3405504765 4.405607596 4.5207132311 4.5757456295 4.6191070402 4.7828801089 4.8241111781 4.8292469703 5.0163976673 5.1201622476 5.1968490797 5.303553399 5.3051606957 5.3201202611 5.6600583962 5.6746497174 5.6880393677 5.7213367864 5.7520628677 5.7536696481 5.8172301702 5.8436269617 5.8551142694 5.9104267172 5.9204639713 6.0004136975 6.0922074631 6.1033113907 6.1515148366 6.1808849149 6.2006915154 6.2634264231 6.3015493713 6.3459449163 6.3882868418 6.4461478255 6.4497561057 6.4636735438 6.5367699258 6.5589222969 6.6033487148 6.6447914377 6.7368998952 6.7514999284 6.8568883961 6.8698271295 6.9184351323 6.9440604456 7.0372225232 7.1153817381 7.2269624855 7.3574356968 7.3986915422 7.4818294758 7.4853325825 7.4957714859 7.6764242226 7.6792212261 7.8237347206 7.9092178725 8.005165612 8.1060408922 8.1207087796 8.2042606402 8.2070746866 8.2841116538 8.3477739491 8.4416144704 8.4474549109 8.4554264308 8.5107522422 8.6068321169 8.7610639253 8.7729345154 8.8174657505 8.8952783508 9.0351473718 9.0864177918 9.2012649072 9.8867993483 10.6039453211 10.7780571564 11.0697357983 16.0229034164 16.1367831419 16.1637978427 16.3373177508 16.3948230087 16.4460120965 24.1786361374 24.2147459242 24.5638728318
148 2.7130676049 2.800847725 2.8353874232 2.9115583881 2.9523186009 3.0444254777 3.047097296 3.2056028608 3.9137515225 4.0429922678 4.109248543 4.1412676554 4.2005698532 4.3416880169 4.4169694708 4.5192387417 4.5767437668 4.626664615 4.792063803 4.825762145 4.8311041171 5.0097830427 5.1256491952 5.1893774105 5.3004235436 5.3059453625 5.3212872511 5.6680572555 5.683616941 5.6984271836 5.7207209875 5.7450155403 5.7598490546 5.8161970296 5.8396251704 5.8417664856 5.9059632365 5.9202706699 6.0074235916 6.0960161182 6.1030397435 6.1464022221 6.1814688901 6.2092616234 6.2744980722 6.3051803391 6.3441665411 6.3927049593 6.442415923 6.4448191841 6.4519499233 6.524117621 6.558125309 6.6032539866 6.6502547412 6.736936235 6.7526997933 6.8576522872 6.8603085926 6.9268373399 6.9292198766 7.0270029438 7.1054221223 7.2327992322 7.348419881 7.402475847 7.4787669602 7.4896227524 7.4900682968 7.6699115988 7.6790291441 7.8240989763 7.9086371077 8.006570854 8.112475172 8.1268303384 8.2029628306 8.2070764754 8.2852240818 8.3491950419 8.4439687157 8.4509639168 8.4589146231 8.5116759103 8.608103907 8.7623503995 8.774318326 8.8190521906 8.8964448318 9.0342198088 9.0879392444 9.2020878193 9.8882646884 10.603703368 10.7789942338 11.0719010412 16.0226352143 16.137316324 16.1636986307 16.3378235263 16.3949857125 16.4457895635 24.1782691083 24.2145344426 24.5636695484
149 2.7087223835 2.809557139 2.8306880265 2.9119555671 2.9599806766 3.0331031134 3.0398612445 3.1994087194 3.9042485589 4.0383916295 4.1093724834 4.1399299524 4.1891280189 4.3426203422 4.4260105188 4.51799836 4.5769985796 4.6335081442 4.7998466695 4.8270623841 4.8326564501 5.0039258756 5.1310047699 5.182177984 5.2977534875 5.3065301536 5.3221548716 5.6750558422 5.6878217834 5.7132173648 5.7194705942 5.7390611878 5.7653911344 5.8138974994 5.8239522392 5.8413722108 5.9026782617 5.920088057 6.013455031 6.0986163788 6.1026348156 6.1423304547 6.1815552688 6.2145503193 6.2868240128 6.3083016486 6.3427842798 6.3969140984 6.4354048193 6.4411890082 6.4456174015 6.5127144747 6.5564502997 6.6035759106 6.6550715115 6.7373111639 6.7539278874 6.8519502723 6.8602067759 6.915151939 6.937202882 7.0153536538 7.0979753746 7.2382058729 7.3405132915 7.4061859296 7.4749303071 7.4863134877 7.4932965392 7.6645267023 7.6789055857 7.8243693604 7.908200092 8.0076486151 8.1176229625 8.1318606074 8.2018418712 8.2067588248 8.2861371955 8.3502936781 8.4457917682 8.4537329724 8.4616712151 8.512391913 8.6091403882 8.763321211 8.7753934208 8.8202854588 8.8973382982 9.0334761707 9.0891500391 9.202722709 9.8894040052 10.6035165536 10.7797265145 11.0735912924 16.0224256841 16.1377438836 16.1636104201 16.3382189753 16.3951177326 16.4456110133 24.1779821667 24.2143690958 24.5635106025
150 2.7054982718 2.8164192644 2.8272707673 2.9109617246 2.9699418758 3.0219397226 3.0343059098 3.1948724678 3.8971861659 4.0352357593 4.1098497392 4.1389973208 4.1804177608 4.3433017351 4.4325953377 4.5170435106 4.5769696416 4.6388496968 4.805798197 4.8280004367 4.8338700117 4.9992640553 5.1359884436 5.175708223 5.2957309406 5.3069298105 5.3227437626 5.6806829937 5.6905349576 5.7180158033 5.7284372317 5.7344318464 5.769866544 5.8087139176 5.8112322942 5.8416483118 5.900501594 5.9199280008 6.0180838697 6.100302922 6.1021955933 6.1392927284 6.1814536347 6.2175288865 6.2991530651 6.3106164664 6.3405062382 6.4004229429 6.4296550204 6.4388362527 6.4410317642 6.5036891884 6.5544113956 6.6041547027 6.6587937186 6.7377804233 6.7550601006 6.845402711 6.864700234 6.9021118813 6.9489677622 7.0026046981 7.0929139708 7.2427336915 7.334186964 7.4094397536 7.4709685384 7.4842457717 7.4961277862 7.6604811036 7.6788308135 7.8245551694 7.9078960652 8.008410527 8.1213914759 8.1356332049 8.2009670893 8.2063235511 8.2868166793 8.3510745135 8.4470906841 8.4557320861 8.4636626242 8.5129018432 8.6099073884 8.7639978471 8.7761606088 8.8211660063 8.8979690478 9.032934189 9.0900283907 9.203173429 9.8902175939 10.6033838516 10.7802514197 11.0748019282 16.0222755214 16.1380566099 16.1635410602 16.3385025501 16.3952150558 16.4454804596 24.1777764165 24.2142505284 24.5633966203
151 2.7035252544 2.8209841907 2.8250270021 2.9099842087 2.9799821657 3.01161575 3.0307875362 3.1921037143 3.8928414297 4.0333918544 4.1103615422 4.1384459307 4.1749103059 4.3437145951 4.4366045949 4.5164350875 4.5768842468 4.6422213793 4.8095339317 4.8285672369 4.8346701825 4.9962376973 5.1399558786 5.1707786957 5.2944733581 5.3071612169 5.3230832264 5.6844401746 5.6922689012 5.7168130148 5.7314284247 5.7418119616 5.7728393528 5.7954325016 5.8091427586 5.8419946468 5.8992917225 5.9198190579 6.0209892973 6.1012936145 6.1018546552 6.1373417347 6.1813572285 6.2190108548 6.3098056983 6.3120089469 6.3366974073 6.4027394902 6.4277083183 6.4364961729 6.4375984227 6.4979608803 6.5527523593 6.6046807553 6.6611339067 6.7381463147 6.7558849662 6.8412037231 6.871125072 6.8904256639 6.9616403543 6.9892823145 7.0900052692 7.2458183104 7.3300185757 7.4117371264 7.4680211206 7.4832292542 7.4979191792 7.6579638728 7.6787912411 7.8246636105 7.9077169751 8.0088645719 8.1236947854 8.1379827506 8.2004071027 8.2059643339 8.2872356806 8.3515413523 8.4478689819 8.4569399996 8.4648662199 8.5132071336 8.6103786529 8.7643968506 8.776620599 8.8216941857 8.8983445081 9.0326049469 9.0905604925 9.2034427485 9.8907056639 10.6033045257 10.7805671028 11.0755296368 16.0221852243 16.1382473141 16.1634967657 16.3386731404 16.3952746863 16.4454008941 24.177652649 24.2141792026 24.5633280508
152 2.7028619132 2.8232388877 2.8235916023 2.9096076812 2.985568238 3.0059954651 3.029580041 3.1911727335 3.8913755598 4.0327852158 4.1105809185 4.1382634137 4.1730167242 4.3438527084 4.4379517664 4.5162252946 4.5768458325 4.6433718865 4.8108059202 4.8287568608 4.834954468 4.9951858709 5.1415950673 5.168806753 5.2940469915 5.3072368433 5.3231939629 5.6857813354 5.6928837155 5.7163347939 5.7303791482 5.7481782142 5.773894439 5.7891066225 5.8083490439 5.8421340105 5.8989080202 5.919780606 6.0219786531 6.1016308349 6.101726039 6.1366557402 6.1813236551 6.2194571803 6.3124700313 6.3149348604 6.333951821 6.40354449 6.4281065721 6.4339080782 6.437228534 6.496012997 6.5521151429 6.6048894627 6.6619312171 6.738282592 6.7561903114 6.8397530021 6.8776599373 6.8821145079 6.9725788475 6.9781147361 7.0890590663 7.2469238484 7.3285510478 7.412577785 7.4669334383 7.4829205757 7.4985329242 7.6571086095 7.6787789219 7.8246992386 7.9076578403 8.0090154096 8.1244702761 8.1387820846 8.2002139119 8.2058263826 8.2873772698 8.3516966779 8.4481282622 8.4573440404 8.465268858 8.5133087784 8.6105376273 8.7645286618 8.7767738724 8.8218702202 8.8984691619 9.0324945489 9.0907386795 9.2035323359 9.8908683401 10.603278133 10.7806724539 11.0757724277 16.022155092 16.1383114084 16.1634815397 16.3387300782 16.395294772 16.445374164 24.1776113403 24.2141553964 24.5633051643
153 2.7028619132 2.8232388877 2.8235916023 2.9096076812 2.985568238 3.0059954651 3.029580041 3.1911727335 3.8913755598 4.0327852158 4.1105809185 4.1382634137 4.1730167242 4.3438527084 4.4379517664 4.5162252946 4.5768458325 4.6433718865 4.8108059202 4.8287568608 4.834954468 4.9951858709 5.1415950673 5.168806753 5.2940469915 5.3072368433 5.3231939629 5.6857813354 5.6928837155 5.7163347939 5.7303791482 5.7481782142 5.773894439 5.7891066225 5.8083490439 5.8421340105 5.8989080202 5.919780606 6.0219786531 6.1016308349 6.101726039 6.1366557402 6.1813236551 6.2194571803 6.3124700313 6.3149348604 6.333951821 6.40354449 6.4281065721 6.4339080782 6.437228534 6.496012997 6.5521151429 6.6048894627 6.6619312171 6.738282592 6.7561903114 6.8397530021 6.8776599373 6.8821145079 6.9725788475 6.9781147361 7.0890590663 7.2469238484 7.3285510478 7.412577785 7.4669334383 7.4829205757 7.4985329242 7.6571086095 7.6787789219 7.8246992386 7.9076578403 8.0090154096 8.1244702761 8.1387820846 8.2002139119 8.2058263826 8.2873772698 8.3516966779 8.4481282622 8.4573440404 8.465268858 8.5133087784 8.6105376273 8.7645286618 8.7767738724 8.8218702202 8.8984691619 9.0324945489 9.0907386795 9.2035323359 9.8908683401 10.603278133 10.7806724539 11.0757724277 16.022155092 16.1383114084 16.1634815397 16.3387300782 16.395294772 16.445374164 24.1776113403 24.2141553964 24.5633051643
154 2.6986260535 2.8025456506 2.8043810671 2.9322044106 3.0040128081 3.0069304021 3.0309275025 3.1920534775 3.883101748 4.0239740285 4.1193951335 4.1347315282 4.1810280631 4.3476804238 4.4357993921 4.5066444794 4.5865226454 4.6438940785 4.811498051 4.8274259677 4.8372208293 4.995064462 5.1409724644 5.1691547975 5.2943730173 5.306114582 5.3248642368 5.684725847 5.6918605337 5.7166675769 5.730831479 5.7479044795 5.7742959028 5.7890380281 5.808846932 5.8412113238 5.8949644154 5.9228652512 6.022524826 6.1017890735 6.1018988668 6.1366862601 6.1811355997 6.2165518467 6.3091254498 6.3181403552 6.3339380559 6.4025583197 6.4280859919 6.4321941265 6.4386125824 6.4962336887 6.5520564637 6.6054864358 6.6630645765 6.7381022337 6.7559281422 6.8400987985 6.8770633939 6.8812931813 6.9724989447 6.9797833588 7.0891658753 7.2473743245 7.3285531459 7.402588858 7.4672207268 7.4823428642 7.5086658996 7.6563370204 7.6801950962 7.8250201062 7.9076485307 8.0086477432 8.1227072945 8.1402868691 8.1977703008 8.207708533 8.2869534331 8.3516620351 8.4478635194 8.4553381558 8.4673898496 8.5133205615 8.6106589496 8.7641601965 8.7764335663 8.8221006531 8.8985674912 9.0325118345 9.0905206299 9.203086677 9.8897361215 10.6038604829 10.7816734324 11.0772946345 16.0221723272 16.1384043399 16.1635874346 16.3387650906 16.3953802928 16.4454605145 24.1777006214 24.2140710475 24.5631532101
155 2.6823224535 2.7618894201 2.7704317478 2.9686425274 3.0110651806 3.0374755306 3.0452514764 3.1947113072 3.860796153 4.0043102612 4.1234246089 4.1405154386 4.202596318 4.3583951518 4.4295879543 4.4865854886 4.6068860155 4.6452616183 4.8129730977 4.8263736294 4.8416819322 4.9946999311 5.1391618836 5.1701969999 5.2946593582 5.304404407 5.3288435716 5.6817315982 5.6891025429 5.7172454046 5.7320208161 5.747316888 5.7753570224 5.788860383 5.8102551515 5.8385632114 5.8865564059 5.9286985833 6.0240697778 6.1020020973 6.1026871021 6.1367735722 6.1805744652 6.208499003 6.3039287471 6.3222262529 6.3338955571 6.3996375192 6.4280272351 6.4292593374 6.4406809915 6.4970231553 6.55188084 6.6071038793 6.6663789753 6.7375648195 6.7551435043 6.8411095797 6.8752882487 6.8791222023 6.9722502665 6.9845713046 7.0894848962 7.2487002795 7.328568448 7.3798132986 7.4680696013 7.4825100978 7.5299821653 7.654473084 7.6839877516 7.8259914646 7.9076208649 8.0075466867 8.1186326802 8.1435883395 8.1932335576 8.2105477298 8.285681333 8.3515774916 8.4470683372 8.4516444868 8.4714281959 8.5133570166 8.611022609 8.7630329448 8.77548479 8.8227495783 8.8988564041 9.032563579 9.0898686559 9.2017643227 9.8863684055 10.605602273 10.7846649893 11.0818328258 16.0222240835 16.1386827454 16.1639041591 16.3388700876 16.3956369708 16.4457191642 24.1779670076 24.2138192058 24.562698165
156 2.6482769376 2.7104916844 2.7500145613 2.9877893963 3.0209603643 3.0603013052 3.0945150335 3.1993256843 3.829455249 3.9809247994 4.1081978806 4.1645783814 4.2328685161 4.3742194523 4.4200313829 4.4635594691 4.6304868002 4.6469807092 4.8133698844 4.8287775436 4.8470038843 4.9940915505 5.136319698 5.1719276735 5.2930822353 5.3049265678 5.3339510097 5.6771880418 5.6851889965 5.7172281493 5.7335740546 5.7469488616 5.7767448097 5.7886333192 5.8122652742 5.8346055737 5.8766073287 5.9343722117 6.0263533323 6.1024334752 6.1039358892 6.1369057773 6.1796494584 6.1967278659 6.2972962438 6.3252903831 6.3338209762 6.3949388455 6.4261595171 6.4279389797 6.442668563 6.4987004566 6.5515895216 6.6092880554 6.6716235671 6.7366813147 6.7538420503 6.8426879439 6.8723755914 6.8763606648 6.9718082956 6.9919602875 7.0900119502 7.2508228593 7.328622388 7.3520895347 7.4694427088 7.4835517701 7.5545445252 7.6522251806 7.6894333557 7.827639556 7.907575636 8.0057180848 8.113517833 8.1474194293 8.1878940938 8.2130054943 8.2835756471 8.3514936504 8.4457392163 8.4477000241 8.4759449957 8.5134222138 8.611627675 8.7610990006 8.7741076193 8.8237082051 8.8993179446 9.0326494476 9.088789073 9.1996086139 9.8808499331 10.6084878831 10.7896133589 11.0893037303 16.0223105085 16.1391454589 16.1644288473 16.3390449461 16.3960651454 16.4461489107 24.1784060212 24.2134035931 24.5619424792
157 2.6010463469 2.6554806396 2.7403548656 2.9899672436 3.0304577279 3.1002849586 3.146435188 3.2068397581 3.7933646804 3.9564574419 4.0893526536 4.190188993 4.2677516743 4.3924544319 4.4090117747 4.4398639681 4.6484899278 4.655197372 4.811975618 4.835539024 4.8529162122 4.9932387443 5.132664351 5.1743376839 5.2896511858 5.3078318144 5.3397611448 5.6714926724 5.6805534755 5.7159916516 5.7351276435 5.7472506444 5.778082127 5.7884010792 5.8139697139 5.8304235467 5.8660862389 5.9389704724 6.0290017966 6.1031839369 6.1054976081 6.1370657263 6.1783763214 6.1826397686 6.2892543462 6.3260004999 6.3337095893 6.3887132972 6.4232972386 6.4278347689 6.4444899089 6.5016286101 6.5511846202 6.6114573112 6.6783996506 6.7354699404 6.75203334 6.8446247513 6.8683868945 6.8740232521 6.9711392356 7.0013768485 7.0907402047 7.2535913927 7.3224947257 7.3287524828 7.4712827752 7.4852508722 7.5795684405 7.6500069994 7.6960928626 7.8300077341 7.9075141804 8.0031717394 8.1078154754 8.1513346078 8.1819379178 8.2147865018 8.2807130515 8.3514727768 8.4437907284 8.4438687304 8.480651169 8.5135250371 8.6124725689 8.7583315003 8.7725022983 8.8248409198 8.8999230886 9.032768887 9.087291741 9.1966900553 9.8733153465 10.6124917923 10.7964634778 11.099574947 16.0224318326 16.1397905431 16.1651567706 16.3392894536 16.3966653582 16.446747762 24.179009824 24.2128307885 24.5608902291
158 2.547888572 2.5986941503 2.7353472767 2.9869509298 3.0396120379 3.1402459319 3.1990533122 3.2208581673 3.7555168166 3.9319233415 4.0683295648 4.2158571207 4.3042457694 4.3916584977 4.416729299 4.4177539792 4.6493584676 4.680342992 4.8097988496 4.8455660663 4.8593188961 4.9921421109 5.1284358397 5.177414928 5.2855634382 5.3116977904 5.3461942372 5.6649521957 5.6754219682 5.71342807 5.7364303425 5.7482808768 5.7789875939 5.7881545564 5.8128625212 5.8287567355 5.8555124694 5.9421105102 6.0315968073 6.1043611002 6.1070206389 6.1372347409 6.1674310485 6.1767780234 6.2800610075 6.3235573595 6.3335565123 6.3811527657 6.4209479661 6.4277316025 6.4460457572 6.50605864 6.5506691543 6.6130480944 6.6861897668 6.7339561059 6.7497310333 6.8466161136 6.8633960212 6.8732073789 6.9702079808 7.0123357278 7.0916603691 7.2566321615 7.2924696197 7.3290023267 7.47351879 7.4875607526 7.6039400273 7.6479952034 7.7037539865 7.8331547526 7.9074383979 7.9999215153 8.1016783115 8.1551911809 8.1754227281 8.2156189115 8.2772999617 8.3515655825 8.4400009437 8.4414447426 8.4854581382 8.5136810992 8.6135550246 8.7547679569 8.7708098172 8.8260196004 8.9006331059 9.0329211332 9.0853891686 9.1931037944 9.8639403688 10.6175792884 10.8051407356 11.1124734393 16.0225883466 16.1406152976 16.1660814092 16.339603297 16.3974383181 16.4475129538 24.1797665629 24.2121108837 24.5595471059
159 2.4921184018 2.5408954874 2.7322024782 2.9818599961 3.0494439469 3.1671321678 3.248941388 3.2514206347 3.7181084698 3.9078729659 4.045990125 4.240297366 4.3380478488 4.3782100801 4.3973109723 4.4404511577 4.6493739112 4.7056404936 4.8074366281 4.8580064518 4.8661833925 4.990804994 5.123865351 5.1811449347 5.2813405298 5.3156634873 5.3532761984 5.6577784944 5.6698652197 5.7098453779 5.7373448993 5.7497524099 5.779030358 5.7877786744 5.8075780947 5.8312796585 5.8453798221 5.9435801456 6.0337470176 6.1060372919 6.1076122263 6.137397645 6.152474512 6.1748859112 6.2700519642 6.3180059208 6.3333582504 6.3723665045 6.4190649398 6.4276479264 6.4472212312 6.512016198 6.5500471074 6.6135995242 6.6944051999 6.7321723356 6.7469531323 6.8485401251 6.8574816362 6.8747672014 6.9689855021 7.0244627717 7.0927609627 7.2553113313 7.2671308512 7.3294152558 7.4760726226 7.4904904193 7.6270698507 7.6462527624 7.7123079419 7.8371498644 7.9073507797 7.9959855265 8.0951677496 8.1589405207 8.1683851459 8.2151002063 8.2737370006 8.3517942565 8.4363683539 8.4384517751 8.490322996 8.513913545 8.6148720373 8.7505077363 8.7690947211 8.8271409347 8.9014014415 9.0331052218 9.0830954819 9.1889662081 9.852931294 10.623707362 10.815553282 11.1277955779 16.0227803726 16.1416162714 16.1671945494 16.3399860486 16.3983848511 16.448440973 24.1806592482 24.211258607 24.5579204003
160 2.4350262419 2.4824589079 2.7299165289 2.9755769823 3.0595848345 3.1789523116 3.2911965686 3.3028796997 3.6830043723 3.8847509261 4.0229043337 4.261137276 4.3496495112 4.3667059461 4.4004143172 4.4645115515 4.6485342281 4.7309375619 4.8051128903 4.8715566128 4.8742458238 4.9892357516 5.1191585182 5.1855115307 5.2771735502 5.3192166712 5.3610238199 5.6501130988 5.6638414456 5.7056901391 5.7378137813 5.7512729709 5.7776799524 5.7868445702 5.8006222372 5.8360689018 5.8362902659 5.9432582216 6.0351518318 6.1049668075 6.1081967717 6.1375495778 6.1402935321 6.172741495 6.2595566775 6.310026552 6.3331143916 6.3625264686 6.4172476408 6.427601033 6.4479326046 6.5192604146 6.5493234896 6.6127782547 6.7024628724 6.7301581945 6.7437222599 6.8507214278 6.850879095 6.8788664478 6.9674541473 7.0374614643 7.0940286482 7.2295881395 7.266810242 7.3300288215 7.478864951 7.4940664077 7.6447919689 7.6485637004 7.7216867257 7.8420620052 7.9072544426 7.9913864645 8.0883144729 8.1608589807 8.1625674498 8.2126844022 8.2706181049 8.3521475729 8.4329150578 8.4348756725 8.4952175779 8.5142519326 8.6164198022 8.7456740828 8.7673766434 8.8281299988 8.902176028 9.0333200002 9.0804254837 9.184410655 9.8405140458 10.6308257146 10.8275947474 11.1453174768 16.0230082302 16.1427892779 16.1684864053 16.3404371489 16.3995058367 16.4495275872 24.1816638891 24.21029519 24.5560189815
161 2.3771818001 2.4235940598 2.7280757861 2.9684311853 3.0688869796 3.1830736859 3.3395763392 3.3527846182 3.6519941483 3.8630509089 3.9994775523 4.2733779046 4.3329115668 4.3628231049 4.4317426155 4.4889968908 4.647002229 4.7561319676 4.8029495748 4.8802415211 4.8890133352 4.987450973 5.1144892355 5.1904975109 5.2731487502 5.322034763 5.3693862008 5.6420504899 5.6572297103 5.701379334 5.7378199733 5.752451108 5.77439405 5.7838414487 5.7948464849 5.8289214001 5.8419062367 5.9410912037 6.0356408411 6.0957892395 6.1106917905 6.1342227419 6.1377051399 6.1703990709 6.2488565963 6.300493711 6.3328291708 6.351942811 6.4149915456 6.4276039454 6.4481339316 6.5273241332 6.5485043693 6.610371899 6.7099012425 6.7279601852 6.7400659837 6.8431886091 6.8545668089 6.8850689194 6.9656103523 7.0510566674 7.0954486156 7.2005289759 7.270699256 7.3308707736 7.4818198199 7.4983189854 7.6436021477 7.6681262975 7.7318359757 7.8479402041 7.9071531724 7.9861521916 8.0811384364 8.1528794694 8.166070216 8.2078311348 8.2685695156 8.3525868709 8.4296562683 8.4307119507 8.5001199239 8.5147290946 8.6181936499 8.7403817763 8.7656627627 8.8289370533 8.9029018795 9.0335641428 9.0773940986 9.1795824111 9.8269238544 10.6388778235 10.8411472058 11.1648045923 16.0232721989 16.1441294139 16.1699457627 16.3409558867 16.4008021302 16.4507678779 24.1827464389 24.209251426 24.5538532723
162 2.3188763216 2.3644316165 2.7264436155 2.9604862169 3.0752581316 3.1846213703 3.3893446793 3.4003241714 3.6269127795 3.8434297958 3.9760411914 4.2719696674 4.3107905024 4.3718679968 4.4680631118 4.5133588338 4.6450777445 4.7811395511 4.8010633056 4.8879635174 4.9061705478 4.9854801104 5.1099995272 5.1960852521 5.2693111071 5.3239327475 5.3782357274 5.6336546885 5.6498733679 5.6972336212 5.7373483296 5.7527493264 5.7690932468 5.7772111694 5.7923572157 5.8237298358 5.8483577232 5.9370813155 6.0351744699 6.0809657468 6.1132294829 6.1333046491 6.1379078673 6.1679294051 6.2381560161 6.290189403 6.3325125414 6.3410256665 6.4119113047 6.4276619526 6.4477897582 6.5356035779 6.5475968096 6.6062774516 6.7165194269 6.7256314931 6.7360172792 6.8349505166 6.8604012475 6.892819391 6.963464994 7.0648885499 7.0970049984 7.1724711781 7.2748238923 7.331956777 7.484867605 7.5032744621 7.6426621372 7.6855434215 7.7427033063 7.8547844839 7.9070514846 7.9803168386 8.0736566135 8.1444846363 8.1694527518 8.2002775365 8.267961745 8.3530571459 8.425977539 8.4266033802 8.505011376 8.5153766308 8.620187981 8.7347248934 8.763962213 8.8295323393 8.9035237786 9.0338361675 9.0740165149 9.1746327851 9.8123962634 10.6478020156 10.8560841981 11.1860199113 16.0235724804 16.1456310813 16.1715601424 16.341541379 16.402274472 16.4521562783 24.1838579105 24.2081725602 24.551435218
163 2.2602782207 2.3050603778 2.7247981673 2.9515780468 3.075665055 3.1874969457 3.4379111054 3.4443442338 3.6098251072 3.8268239322 3.9529379575 4.259649482 4.2878949001 4.3912637127 4.5045901737 4.5369797993 4.6432318486 4.7996065358 4.8058765142 4.8957940291 4.9242854726 4.9833725541 5.1058021172 5.2022572149 5.26568372 5.3248199667 5.387392086 5.6249703755 5.6416372398 5.6934166697 5.7363391148 5.7507542723 5.7632473192 5.7688175672 5.7916445312 5.8205986552 5.8552146765 5.9312780601 6.0338105415 6.0636282098 6.1154018761 6.1342889095 6.1382273387 6.1654246919 6.2275556475 6.2797194802 6.3302364418 6.3321803462 6.4077955606 6.4277690757 6.4468398137 6.5434482355 6.5466085938 6.6005027269 6.7224699396 6.7232311125 6.7316155454 6.8260688583 6.8687373004 6.9016589276 6.9610419755 7.0781433916 7.0986812994 7.1466417805 7.278809085 7.3332897224 7.4879465094 7.5089493363 7.6419462358 7.7006926762 7.7542333331 7.8625119582 7.9069547233 7.9739228989 8.0658864662 8.1357162574 8.1727212732 8.1901590323 8.2687706948 8.3534976055 8.4207254167 8.423765249 8.5098754561 8.5162201704 8.6223962071 8.7287769238 8.7622882586 8.8299010915 8.9039888757 9.0341344533 9.0703092645 9.1697124562 9.7971598265 10.65753252 10.8722736559 11.2087304112 16.0239091612 16.1472880125 16.1733159797 16.3421925499 16.4039233842 16.4536866139 24.184927096 24.2071255763 24.54877825
164 2.2014950787 2.2455450522 2.7228332171 2.9412659985 3.0677318566 3.1949249282 3.4820366353 3.4831589287 3.6038003507 3.8145230699 3.9306529138 4.2419420933 4.2650669486 4.4155838201 4.5403699036 4.5589203682 4.6422593371 4.7987982835 4.8302430846 4.9037475966 4.9430351183 4.9812096298 5.1019839158 5.2089962792 5.2622738603 5.3246641098 5.3966515518 5.6160304725 5.6324584564 5.6898471622 5.7346114698 5.7441235345 5.7598655207 5.760313005 5.7914420239 5.8189324636 5.8623407154 5.9237745056 6.0316594509 6.045364379 6.1167714221 6.1354885055 6.1387115982 6.1630047013 6.2170363228 6.2695098625 6.3200618585 6.3318532062 6.402573375 6.4279048721 6.4451692317 6.5455475523 6.5502210588 6.5931977823 6.720820225 6.7269102047 6.7282193877 6.8166011723 6.8794945475 6.9112160272 6.9583757085 7.0874024068 7.1004608001 7.1267249491 7.2824743424 7.3348602835 7.4910029077 7.5153455409 7.6414271861 7.7135559522 7.7663656422 7.8709292236 7.9068692461 7.9670253967 8.0578477483 8.1266209356 8.1758826373 8.1778587629 8.2707094788 8.3538486565 8.4150620906 8.4211487982 8.5146973967 8.5172755546 8.6248107019 8.7225948681 8.7606560842 8.8300395084 8.9042490506 9.0344572601 9.066292272 9.1649642423 9.7814305645 10.6680004745 10.8895805903 11.2327117739 16.0242821784 16.1490932985 16.1751988182 16.3429081099 16.4057490566 16.4553521445 24.1858517749 24.2062079988 24.5458972434
165 2.1426013533 2.1859354942 2.7200483634 2.9287575746 3.0522270325 3.2078232263 3.5144952638 3.5157994596 3.6142672481 3.8079223222 3.9101265619 4.2217660725 4.2426114818 4.4419469599 4.5750319979 4.5775557561 4.6435913736 4.7989592916 4.8540982781 4.9117987558 4.9621843073 4.9791278971 5.0986097698 5.2162858615 5.2590737548 5.3234704449 5.4058053731 5.6068615537 5.6223672827 5.6860723773 5.7317435193 5.7343022003 5.752646662 5.7584938756 5.791380256 5.818037009 5.8696282448 5.9147137791 6.0268584861 6.028848557 6.1170124955 6.1362043566 6.1392775504 6.1608216675 6.206472991 6.2598063994 6.3109817441 6.331553904 6.3962721857 6.4280321007 6.4425864756 6.5444202274 6.5552884509 6.5847602448 6.7184399535 6.7219825665 6.7343739896 6.8066032168 6.8922865694 6.9211659486 6.9555080927 7.0814304124 7.1023269326 7.1242315952 7.2856958767 7.3366483047 7.4939909119 7.5224470024 7.6410777375 7.7242144423 7.7790338991 7.8797219484 7.9068028057 7.959700736 8.0495636454 8.117250898 8.1638119002 8.1789435064 8.2734041168 8.3540547455 8.4091686713 8.4187593393 8.5185466839 8.5194639312 8.6274227685 8.7162235996 8.7590799532 8.8299517802 8.9042629362 9.0348027475 9.0619915559 9.1605158109 9.7654080618 10.6791348717 10.9078694588 11.2577515253 16.024691289 16.15103942 16.1771935127 16.3436865372 16.4077512233 16.4571456085 24.1864947342 24.2055518848 24.5428084673
166 2.083651992 2.1262718279 2.7155753251 2.9129951302 3.0328263018 3.2251918334 3.53541259 3.5359868539 3.6441286983 3.8071106262 3.8936770445 4.200377345 4.2207113415 4.4690485215 4.5905992628 4.6083640062 4.6492515951 4.8005540479 4.8772067004 4.9199184047 4.9773711415 4.9815426912 5.09572644 5.2241097583 5.2560582897 5.3212748581 5.4146454955 5.5974879127 5.6114780794 5.6811004419 5.7241052678 5.7271214537 5.7466862037 5.7576067537 5.7913312173 5.8172970235 5.8769817804 5.904315587 6.0085016758 6.0255024877 6.1160208273 6.1361600326 6.1396341802 6.1590506896 6.195693802 6.2506819923 6.3033906911 6.3313033209 6.3889933073 6.4280958739 6.4388120718 6.5432295502 6.557709267 6.5762329988 6.7157632439 6.7172928011 6.7414674149 6.7961322896 6.9065142887 6.9312252024 6.9524854624 7.0641716705 7.1042635967 7.1355674239 7.2883874088 7.338624626 7.4968715061 7.530217879 7.6408714983 7.7328196756 7.7921649764 7.8884585484 7.9067653733 7.9520673943 8.0410617143 8.10766288 8.1484222997 8.1819099187 8.2764554583 8.3540641594 8.4033262199 8.4166007491 8.5200251727 8.524163188 8.6302226278 8.7096994704 8.7575709199 8.8296480418 8.903997546 9.0351689949 9.057441874 9.1564731737 9.7492729766 10.6908634314 10.9270061611 11.2836508715 16.0251360441 16.1531182814 16.1792844399 16.3445260594 16.409929033 16.4590592667 24.1867011212 24.2053064892 24.5395295272
167 2.0246896518 2.0665874443 2.7078935463 2.8933884908 3.0138307532 3.2457684436 3.5464637097 3.5470350717 3.6861242306 3.8074631422 3.8871166378 4.1783872687 4.1995226233 4.4960616705 4.5972444373 4.6402117594 4.6597677065 4.8042230105 4.8991071313 4.9280787666 4.9764205127 5.0009528992 5.0933670653 5.2324516557 5.2531799183 5.3181456618 5.4229608219 5.5879347405 5.599970439 5.6734522034 5.715434759 5.7206402485 5.7426980762 5.756857405 5.7912345344 5.8161266484 5.8843087559 5.8929379082 5.9905852044 6.0217361722 6.1138817924 6.135306239 6.1393849515 6.1578311987 6.1845671969 6.242094153 6.2974616183 6.3311153655 6.380906004 6.4280249591 6.4334924651 6.5419712264 6.5552060828 6.5703681681 6.711035644 6.7147363518 6.7498170012 6.7852519887 6.9212246792 6.9412847931 6.9493558312 7.0466787336 7.1062554133 7.1502061797 7.2904953069 7.3407530283 7.4996115217 7.5386026113 7.6407834273 7.7395495107 7.8056770022 7.8965753059 7.9067709754 7.9443409563 8.0323748987 8.0979100925 8.132067351 8.1847870838 8.2794172845 8.3538291759 8.3979416795 8.4146755703 8.5216914631 8.5287846226 8.6331994296 8.7030530907 8.7561353063 8.8291430658 8.9034294773 9.035554021 9.0526883828 9.1529159828 9.7331857089 10.7031133923 10.9468596516 11.310225526 16.0256157686 16.1553212476 16.1814557114 16.3454246391 16.4122809152 16.4610849468 24.1863511889 24.2055855417 24.5360792983
168 1.9657487721 2.0069108334 2.694507012 2.8713322584 2.9981432906 3.2686612109 3.5469285668 3.5569535407 3.7328366786 3.8005094287 3.8978960327 4.1561678763 4.1792118365 4.5219820212 4.6000941839 4.6704437448 4.672542333 4.8107482048 4.9187777094 4.9362544067 4.9773274387 5.0202835551 5.0915566249 5.2412942344 5.2503602928 5.3141906877 5.4305261685 5.5782306654 5.5880775021 5.6620942341 5.7091580226 5.7130167337 5.7400820485 5.7563341147 5.7910541688 5.8138293063 5.8811868226 5.8915123661 5.9733508164 6.0176552177 6.1107607382 6.1337045158 6.1382570047 6.1571533153 6.1730773165 6.2339914651 6.2930059934 6.330991671 6.3722546714 6.4262684197 6.427735805 6.5406287265 6.5472829732 6.5684418119 6.7056294087 6.7130831922 6.7594891901 6.7740401421 6.9342961527 6.9461666367 6.952083628 7.0322462997 7.1082879122 7.1657356069 7.2919959343 7.3429920735 7.5021826501 7.5475275582 7.6407901483 7.7445651081 7.8194745796 7.9032492029 7.9068419195 7.9370008305 8.0235428512 8.0880108948 8.1151516361 8.1875793092 8.2817571857 8.3533146213 8.3935560208 8.4129850611 8.5235168182 8.5333189542 8.6363412894 8.6963114388 8.754773873 8.8284555133 8.9025456755 9.0359558027 9.0477865099 9.1498954594 9.7172859783 10.7158122158 10.967303184 11.337305806 16.0261295462 16.1576391831 16.183691386 16.3463799612 16.4148044474 16.4632140874 24.1854177826 24.2064097904 24.5324778492
169 1.9068579921 1.9472667476 2.6721581704 2.8507029844 2.9864811651 3.2933080879 3.539846592 3.5673671263 3.7810071786 3.7855171358 3.9241934374 4.134036711 4.1599845693 4.5446880756 4.6034358888 4.684565322 4.6989328054 4.8208617903 4.9340920244 4.9444224823 4.9822540876 5.0394244728 5.0903194714 5.2474780781 5.2506177926 5.3095683028 5.4370843247 5.5684098112 5.5760862069 5.6473438929 5.70455504 5.7049803642 5.7381971456 5.7562577878 5.7907647943 5.8094643685 5.8700335338 5.8984844847 5.9569978371 6.0133597329 6.1068323227 6.1313885055 6.1362146968 6.1568176059 6.1613877045 6.2263903684 6.2894200168 6.3309169913 6.3633641925 6.4169293125 6.4271395527 6.537595391 6.5391672422 6.5676990398 6.7001254962 6.7118794586 6.7626052609 6.770348072 6.9419441894 6.9429630768 6.9655747638 7.0228554175 7.1103476569 7.1815484497 7.2928936321 7.3452967063 7.5045606097 7.5569036433 7.6408701812 7.747980372 7.8334372945 7.9069615966 7.9070189681 7.9312547911 8.0146138173 8.0778357652 8.0982423059 8.1902900061 8.2828579862 8.3525246022 8.3907922637 8.411529213 8.5254656342 8.5377580952 8.6396353501 8.6894994673 8.7534815469 8.8276075829 8.901343751 9.036372293 9.0427997584 9.1474352303 9.7016930953 10.7288882006 10.9882152232 11.3647362275 16.0266762109 16.1600624937 16.1859756761 16.3473894237 16.4174962258 16.4654377811 24.1839661293 24.2077072511 24.5287463519
170 1.848041645 1.8876769617 2.638502173 2.8354292735 2.978225573 3.3193453096 3.5277289952 3.5786928138 3.7666789347 3.8292309864 3.9590093097 4.11245241 4.1421273408 4.5598118615 4.6127595784 4.6943031662 4.7255431522 4.8349098829 4.942887516 4.9525629227 4.9933974288 5.0582834463 5.089691588 5.2443538362 5.2603982989 5.3045010843 5.4423223407 5.5585135244 5.5643445185 5.6301326237 5.6969382858 5.7002269964 5.7367043581 5.7568405122 5.7903465565 5.8019619643 5.8606937863 5.9050977714 5.9416853275 6.0089494745 6.102260941 6.1281107242 6.1333577451 6.1500037215 6.1565573051 6.2193703855 6.2857477994 6.3308560719 6.3545906623 6.405652675 6.4261516857 6.5279051125 6.5375277281 6.5671573678 6.6946319564 6.7110839284 6.751129844 6.7821315912 6.9397870446 6.942815526 6.9813475786 7.0201134181 7.1124223138 7.1973835238 7.2932203208 7.3476195497 7.5067245294 7.566629229 7.6410041401 7.7498470637 7.8473912534 7.9055805904 7.907387372 7.9289730232 8.0056474021 8.0667464388 8.082443663 8.1929217428 8.2821170163 8.3515314831 8.3902084318 8.4103067446 8.5274976686 8.5420950691 8.6430678672 8.6826413444 8.7522475768 8.8266249176 8.8998318382 9.0368014379 9.0377958299 9.145534648 9.6865067454 10.742271008 11.0094800661 11.392374786 16.0272543422 16.1625811701 16.1882931454 16.3484501318 16.4203517457 16.4677468165 24.1821010857 24.2093660099 24.5249069786
171 1.7893207153 1.8281607835 2.5939228767 2.8266696503 2.9725245961 3.3465182814 3.5124511591 3.5908016874 3.7463711666 3.8766293673 3.9969316313 4.092700668 4.1260946303 4.5650333006 4.6306466501 4.7016997302 4.7501189581 4.8526425496 4.9464431072 4.9606588451 5.0094924345 5.0767843223 5.0897447102 5.2407378948 5.2706047756 5.2992867573 5.4458505862 5.5485919763 5.553257346 5.6112168146 5.6890927789 5.6950361994 5.7354538411 5.7581621007 5.7897827468 5.7907950017 5.8539480283 5.9111967903 5.9275448324 6.0045290061 6.0972023057 6.1227954598 6.1297899176 6.1402496757 6.1561677513 6.2130252344 6.2808634023 6.3307523279 6.3460751243 6.3932933424 6.424703173 6.5185754014 6.5356229948 6.566937444 6.6892260878 6.7104779296 6.740013788 6.7945102941 6.9366766151 6.938756807 6.9969587397 7.0244140002 7.114500677 7.2130644681 7.2930396146 7.3499118889 7.5086565698 7.5765923568 7.6411749117 7.7501543793 7.8610336504 7.8997226849 7.9081483659 7.9293378338 7.9967186322 8.0533824476 8.0696102439 8.1954763233 8.2791438095 8.3504471974 8.3921152295 8.4093150814 8.5295699666 8.5463239151 8.646624313 8.6757614395 8.7510560149 8.8255366405 8.8980279905 9.0328419475 9.0372411917 9.1441736576 9.6718081425 10.7558921003 11.0309882202 11.4200920587 16.0278622671 16.1651848336 16.1906288912 16.3495588948 16.4233652946 16.4701317196 24.1799216965 24.2112797283 24.5209827819
172 1.7307134681 1.7687354035 2.5407416573 2.823246045 2.9687261468 3.3746302593 3.4952512695 3.6034137723 3.7255738158 3.9222134421 4.0287147521 4.0819109288 4.1127278085 4.5643068266 4.6525590858 4.707992006 4.7724742354 4.8733685789 4.947702159 4.9686975876 5.0275358956 5.0906428132 5.0948660621 5.236317867 5.2811958894 5.2942909242 5.4472139122 5.5387059471 5.5432158563 5.5911656341 5.6815484611 5.6882522984 5.7343810636 5.7600887784 5.7765515341 5.789058689 5.8495622705 5.914701297 5.9165892851 6.0002110097 6.091810635 6.1138964599 6.1255826752 6.1338727173 6.1555349661 6.2074225631 6.2738164575 6.3305281523 6.3371663417 6.3816691877 6.4227512207 6.5094877859 6.5333383009 6.5673275552 6.6839795211 6.7090919208 6.7304148381 6.8071086672 6.9323776206 6.9336660078 7.0100748249 7.0353145631 7.116572656 7.2284165525 7.2924630018 7.3521243654 7.5103417743 7.586671428 7.6413678141 7.7488423532 7.8737248382 7.8919699783 7.9098212335 7.9296409528 7.9879237568 8.0378098076 8.0601775896 8.1979548782 8.2739170869 8.3493377851 8.3964958105 8.4085503304 8.5316384292 8.5504395846 8.6502894954 8.6688851387 8.7498864619 8.8243753898 8.8959591134 9.0280003696 9.0376895309 9.1433181524 9.657661433 10.7696850967 11.0526365849 11.4477702261 16.0284980648 16.1678627835 16.1929687088 16.3507122269 16.4265298646 16.4725827937 24.1775055004 24.2133634183 24.5169975545
173 1.6722358733 1.7094161392 2.4813454768 2.8235481293 2.9664005093 3.4035116344 3.4769208078 3.6162214535 3.704724326 3.9641213635 4.0299085526 4.1033905478 4.1038710792 4.5610893953 4.6727206612 4.7162591477 4.7923873253 4.8962879183 4.9484606366 4.9766732708 5.0454454619 5.0927905882 5.1124824877 5.2307725277 5.289897155 5.2921155666 5.4459910666 5.5289292512 5.5343016022 5.570670186 5.6743628145 5.6794379265 5.7334590032 5.7599306856 5.7628160042 5.7881612274 5.8467451111 5.9032873843 5.9210417206 5.9961135019 6.0862471855 6.1021874462 6.1207931308 6.1302378606 6.1546091014 6.2025848528 6.2642179988 6.3261949148 6.3300863775 6.373311703 6.4202874385 6.5003875258 6.5305384757 6.5685385618 6.6789596675 6.7042754473 6.7251657616 6.8194852813 6.9257707668 6.9307859413 7.0201507356 7.0511975027 7.1186292398 7.2431904016 7.2917023821 7.3542074293 7.511768127 7.5967331356 7.6415707197 7.7458309069 7.8836650941 7.8840528348 7.9136708659 7.9285088179 7.9793879768 8.0216514411 8.0529887583 8.2003579556 8.2667445136 8.3481928454 8.4030714166 8.4080072551 8.5336590785 8.5544378336 8.6540476853 8.6620395595 8.7487150522 8.8231772151 8.8936594639 9.023324861 9.0381444657 9.1429249734 9.6441152585 10.7835860542 11.074328479 11.47530208 16.0291595763 16.170604046 16.1952992344 16.3519063507 16.4298370856 16.4750901579 24.1749098057 24.2155522673 24.5129756682
174 1.6139018961 1.650216609 2.4174554396 2.8263734608 2.9652708546 3.4329981173 3.4579708385 3.6289318479 3.6840465738 3.9980420381 4.0129024664 4.1038882043 4.144089766 4.5567908431 4.6854040772 4.7314632337 4.8096090817 4.9207024592 4.9496322328 4.9845938077 5.0614127958 5.0971889034 5.1296023899 5.2238827054 5.2864089582 5.3032873091 5.4420035877 5.519352468 5.5252679284 5.5514213797 5.6675690132 5.6683566744 5.7326776515 5.7432816373 5.7647109164 5.7870785668 5.8448082685 5.8934350512 5.9242882834 5.992342604 6.0806875561 6.0892509174 6.115488779 6.1278385531 6.153372982 6.1984777186 6.2523006819 6.3121391016 6.3293125576 6.3696234673 6.4173414681 6.4910600595 6.5270820837 6.570646281 6.6742270098 6.6951378469 6.7253221279 6.8310745799 6.9203436227 6.9280643146 7.0283726217 7.0695678136 7.1206624421 7.2568692658 7.2912522538 7.3561116072 7.512926782 7.6066256145 7.6417741202 7.7410669195 7.875320452 7.8901421327 7.9213899581 7.9255094447 7.9712741365 8.0059621264 8.047364153 8.2026856054 8.2580799189 8.3469719298 8.4076792597 8.4114351126 8.5355891715 8.558315115 8.6552542125 8.6578827477 8.7475156849 8.8219811961 8.8911687836 9.0188585019 9.0386040505 9.1429460704 9.6312044014 10.7975336797 11.0959735512 11.5025900604 16.0298444165 16.1733974238 16.1976080615 16.3531372041 16.4332771852 16.4776437856 24.1721772065 24.2177962442 24.5089418861
175 1.5557236994 1.5911488568 2.3501932341 2.8309486525 2.9651533914 3.4387408409 3.4629097895 3.6412898971 3.6636707554 3.9928328085 4.0173176101 4.1195298992 4.1884679501 4.5519796235 4.6902253147 4.7538933806 4.8239000152 4.9460458035 4.9517441964 4.992504385 5.0732204425 5.1055442472 5.1462096818 5.2156608272 5.283956232 5.3146066267 5.435491245 5.5100889333 5.5116540965 5.5378360793 5.6549844039 5.6611871939 5.7262728109 5.7320347671 5.7664901557 5.785800362 5.8433415504 5.885237467 5.9260661456 5.9889510174 6.0753225713 6.0757958984 6.109767293 6.1259849275 6.1518205435 6.194983649 6.2386498299 6.2958918449 6.3280783383 6.3698179253 6.4139786725 6.4813942798 6.5228410067 6.5736069071 6.6698300756 6.6841305825 6.7285697948 6.8411212141 6.9172048658 6.9255271692 7.0354094412 7.088982259 7.1226652391 7.2680326516 7.2925205182 7.3577876485 7.5138124194 7.6161625505 7.64197111 7.7345884434 7.8671221381 7.8920813649 7.9206424176 7.9326653113 7.9637884004 7.9913084513 8.0429784619 8.2049374516 8.248366379 8.3456465603 8.4075583885 8.4211655075 8.5373884133 8.562068477 8.6485616301 8.6617782699 8.7462615134 8.8208286566 8.8885301885 9.0146328633 9.039066392 9.1433316719 9.6189514511 10.8114694808 11.1174876053 11.5295453468 16.0305499896 16.1762315474 16.1998838311 16.3544004505 16.436838976 16.4802335411 24.1693404849 24.2200553476 24.5049211484
176 1.4977117862 1.5322234437 2.2802863405 2.8367821709 2.9659190281 3.4194644175 3.4930229685 3.6436813843 3.6531080091 3.9722120335 4.0226387072 4.1502167968 4.2337515472 4.5469219303 4.6911303814 4.7796638394 4.8351070054 4.95508431 4.9717457275 5.0005992627 5.0802604682 5.11791699 5.16230333 5.2064713808 5.2824797546 5.3259305816 5.4270438557 5.4915766725 5.5012843336 5.5313058231 5.6396080215 5.6552307569 5.7096143345 5.7315313137 5.7675575652 5.7843180092 5.8421504723 5.8786925429 5.9261795577 5.9858764067 6.062102129 6.0703420065 6.1037761342 6.1243666511 6.1499449636 6.1918171218 6.2240116917 6.2788979253 6.3262469827 6.3725132913 6.4102909253 6.4713787742 6.5177221312 6.5772983067 6.6657900459 6.6726492627 6.7336246444 6.848754258 6.9173490553 6.9231999311 7.0413675789 7.1088323097 7.1246315044 7.2738936241 7.2982878426 7.3591866136 7.5144236717 7.6250884865 7.6421572694 7.7266022357 7.8590763105 7.8913708189 7.9141586311 7.9457321105 7.9571781016 7.9780575609 8.0395607982 8.2071127484 8.2379696115 8.3442086773 8.407635344 8.4318841775 8.5390206852 8.56569547 8.641997945 8.6657176832 8.7449266821 8.8197618938 8.8857879802 9.0106683289 9.0395296553 9.144032527 9.6073684433 10.8253378642 11.1387923651 11.5560870177 16.0312735059 16.1790949262 16.2021162923 16.3556914909 16.4405098727 16.4828492154 24.1664260344 24.2222963582 24.5009383263
177 1.4398751003 1.4734495166 2.2082203008 2.8435490162 2.9674704586 3.4003083959 3.5230223627 3.6241385924 3.6643213772 3.9516326613 4.0219533553 4.1881080219 4.2791694357 4.5417618741 4.6903321684 4.8066369519 4.8432573512 4.9596912681 4.9962042805 5.0102004964 5.0845275379 5.1312997453 5.1778968827 5.1973097084 5.2817920539 5.3370630332 5.4173442545 5.4686744404 5.493131572 5.5274267105 5.6229332695 5.6497103781 5.6934317498 5.7311689117 5.7677505763 5.7826251316 5.8411662272 5.8736600235 5.9245625561 5.9829007443 6.0483152421 6.0658833206 6.0977423314 6.122758521 6.147733369 6.188209512 6.2094817866 6.2622577548 6.3236825674 6.3767398522 6.4063798489 6.4610777326 6.5116874859 6.5815593955 6.6607882748 6.6625210092 6.7400480869 6.8534498649 6.9211089717 6.9213238657 7.0461750774 7.1265559456 7.1288234445 7.2746675286 7.3083371152 7.3602599699 7.5147635568 7.6330028224 7.6423304393 7.7175806612 7.8510684666 7.8888543648 7.9064596477 7.9515997276 7.9595736774 7.9664509178 8.0368387824 8.2092104208 8.227171112 8.3426641894 8.4078995281 8.4432675518 8.5404570254 8.5691940649 8.6356033401 8.669684375 8.7434882322 8.8188224292 8.8829855742 9.0069752351 9.0399920688 9.1450013782 9.5964584323 10.8390861883 11.1598152015 11.5821412844 16.0320120015 16.1819760001 16.2042963354 16.3570054799 16.4442759387 16.4854805621 24.1634560732 24.2244908335 24.4970179463
178 1.3822210972 1.41483486 2.134331651 2.8510215577 2.9697285378 3.3813963579 3.5524099357 3.6050884668 3.675094418 3.9313183199 4.0202382801 4.2283030522 4.3243660777 4.5365878756 4.6887107276 4.8339901939 4.8486034083 4.965344251 5.0115675579 5.0289540934 5.0876511408 5.1414722801 5.1908036041 5.1930175205 5.281649724 5.3477345751 5.4069409385 5.4449204237 5.4858920724 5.5232591529 5.6061682375 5.6446369168 5.6776907299 5.7309481279 5.767073106 5.7807182671 5.8403695168 5.8698647853 5.9212882622 5.9796911986 6.0345454488 6.0619287112 6.0920232857 6.1209025451 6.1451654024 6.1818594771 6.1974809306 6.2468329715 6.3202636246 6.3819207039 6.4023327215 6.4506118156 6.5047702679 6.5862176747 6.6497028421 6.6590859088 6.7476249166 6.8555758615 6.9192835913 6.92874264 7.0497233958 7.1284340491 7.14876636 7.2733070676 7.319719108 7.3609597595 7.5148398403 7.6391994506 7.6424903904 7.7084138396 7.8429286562 7.8848410901 7.8980075101 7.9473531171 7.9566132995 7.973565366 8.0345601487 8.2112290877 8.2161825725 8.3410260216 8.4083391077 8.4550357702 8.5416812519 8.5725625848 8.6294222058 8.6736617897 8.7419280092 8.8180489083 8.8801637273 9.0035554799 9.0404519268 9.1461938497 9.5862169677 10.8526647781 11.1804888366 11.6076407981 16.0327623581 16.1848631911 16.2064159966 16.3583373434 16.4481219608 16.4881173318 24.1604500395 24.2266139485 24.4931838823
179 1.3247557953 1.3563859376 2.0588627402 2.859030403 2.9726240432 3.3628230958 3.5803320944 3.5865684513 3.6860147613 3.9113848651 4.0195041504 4.2688060677 4.3691155949 4.5314617116 4.686677648 4.8515671746 4.8613478233 4.9716331597 5.0201279391 5.0544043834 5.0902889077 5.142839719 5.1919177644 5.2077046189 5.2817973703 5.3575800707 5.3960453081 5.4213029092 5.4799207251 5.5166999556 5.5910622987 5.640023815 5.6623541947 5.730867003 5.7656604078 5.7785978022 5.8397420717 5.8669457216 5.9165126966 5.9759250702 6.0209037947 6.0581752053 6.0871650573 6.1184055405 6.1422139553 6.1705449717 6.1900767386 6.2335425536 6.3158995383 6.387701972 6.3981936075 6.4401520017 6.4970858642 6.5911059768 6.6387166133 6.6562647949 6.7561887718 6.8561427916 6.9177585935 6.9385551372 7.0519138497 7.1302620346 7.1684910077 7.2712772659 7.3309855395 7.3612388992 7.5146652445 7.6424237706 7.6426384069 7.7006231297 7.8345126356 7.8795247097 7.8892392598 7.9443682865 7.9485599697 7.9875681271 8.0325172155 8.2051627872 8.2131670708 8.3393099174 8.4089411041 8.4669313505 8.5427010119 8.5757996494 8.6235027282 8.6776335162 8.7402343162 8.8174748994 8.8773592048 9.0004043022 9.0409075911 9.1475689132 9.5766334562 10.8660269081 11.2007510372 11.6325240297 16.0335213245 16.1877449543 16.208468438 16.3596817988 16.4520315505 16.4907493062 24.157425467 24.2286438832 24.4894590201
180 1.26748381 1.298107926 1.9819945335 2.8674422714 2.9760925891 3.3446637105 3.5686103438 3.6053255768 3.698368545 3.8919071121 4.0205629498 4.3087296775 4.4132301109 4.5264371782 4.6844782738 4.8526214681 4.8884822517 4.9780828868 5.0276572716 5.0806469366 5.0926428795 5.134748937 5.201089837 5.2220077168 5.2819868251 5.3661304804 5.3837833056 5.3994726938 5.4756779874 5.5059323588 5.5794866615 5.6358893481 5.6474746539 5.7309194219 5.7637182267 5.7762692352 5.8392545492 5.8645171529 5.9104015045 5.9714141484 6.00751531 6.0540330348 6.0838497396 6.1145795043 6.1388473585 6.1576015385 6.1836743768 6.2234449497 6.3105447251 6.3938326925 6.3939358444 6.4299325983 6.4888379495 6.5960725423 6.6280935082 6.6538349956 6.7655755223 6.8561167769 6.9165777086 6.9497379096 7.0526806745 7.1320368225 7.1877796172 7.2692024512 7.3415726257 7.3610516674 7.5142574254 7.6410464348 7.6427768169 7.6961519677 7.8257724119 7.8731373739 7.8805048915 7.9422129432 7.9425440629 8.0014359539 8.0305558978 8.194231437 8.2150223911 8.3375323572 8.4096915039 8.4786884087 8.5435700277 8.5789041312 8.6178955332 8.6815833646 8.7384030203 8.8171269134 8.874603958 8.9975120098 9.0413574907 9.149089064 9.5676923941 10.8791287589 11.2205443078 11.6567347161 16.0342855385 16.190609828 16.2104479058 16.3610333782 16.4559872685 16.493366332 24.1543985375 24.2305615554 24.4858648999
181 1.2104083773 1.2400047436 1.9038668302 2.8761472471 2.9800714497 3.3269794751 3.5512420451 3.6253250006 3.7141457673 3.8729411294 4.0237202452 4.3475830675 4.4564834847 4.5215980205 4.6823065794 4.8521890931 4.9152064424 4.9842518232 5.0349372611 5.0946895024 5.1067934278 5.1219631766 5.213506928 5.2359833489 5.2819863338 5.3666562763 5.3728646083 5.3835397727 5.4736841012 5.4904333604 5.5721525255 5.6322589942 5.6332263222 5.7310929348 5.7614643834 5.7737449404 5.8388754315 5.862215411 5.9030875428 5.9661444115 5.9945200458 6.0489709606 6.0825491331 6.108325766 6.1350332486 6.1462037276 6.1756073396 6.217039942 6.3042043431 6.3894450359 6.4000257395 6.4203357784 6.480318736 6.6009877414 6.6178717431 6.6517585966 6.7756091017 6.8561364915 6.9157982036 6.9615675728 7.0520123506 7.1337560182 7.2062420621 7.2676075233 7.3511627524 7.3603544155 7.5136386484 7.6346216854 7.6429085096 7.695777776 7.8167852839 7.8659463625 7.8720502572 7.9374206309 7.941685253 8.0150819837 8.0285725517 8.1834792177 8.2167927566 8.3357096245 8.4105753895 8.4899824657 8.5444333396 8.5818751227 8.6126510156 8.6854954307 8.7364378688 8.8170229531 8.87192481 8.9948655176 9.0418001208 9.150720306 9.559374467 10.891929355 11.2398155896 11.680221368 16.0350515499 16.193446483 16.2123496689 16.3623864529 16.4599707679 16.4959583541 24.1513844286 24.2323505704 24.4824213443
182 1.1535313678 1.1820790781 1.8245911495 2.8850512476 2.9844976067 3.3098217004 3.5344886184 3.6387912272 3.7349096906 3.8545331565 4.0290176043 4.3850259702 4.4980782252 4.5175455499 4.6803794431 4.850598557 4.9413160594 4.9897615653 5.0422011272 5.0959781721 5.1076221283 5.1325378138 5.2263280712 5.2496890254 5.2815793073 5.3456509258 5.373069261 5.3773808753 5.4714026257 5.4743568533 5.5680921431 5.6199227839 5.6291681448 5.73136551 5.7590931371 5.7710467523 5.8385758947 5.8597277253 5.8946665343 5.9602284459 5.9820664101 6.042918859 6.0831684226 6.098716741 6.1307455727 6.1377753225 6.1659987656 6.2134612219 6.2969282729 6.3845228307 6.404879336 6.4129402318 6.4718985353 6.6057491271 6.6080592052 6.6500004238 6.7860950049 6.8565571336 6.9154970346 6.9735511945 7.0499821802 7.1354179136 7.222961921 7.2674415293 7.3591065197 7.3595011134 7.5128351297 7.6247450732 7.6430364813 7.6982334619 7.8077349985 7.8582084058 7.864041198 7.9339797355 7.9415838444 8.0265056427 8.0284430093 8.1729750732 8.2184755462 8.3338574201 8.4115770847 8.5003414851 8.5456147991 8.5847119121 8.6078152789 8.6893541525 8.7343499104 8.817171783 8.8693435877 8.9924496314 9.0422340408 9.1524320167 9.5516575147 10.904390485 11.2585159697 11.7029368334 16.0358158427 16.1962437698 16.2141699436 16.3637352603 16.4639629534 16.4985154484 24.1483975324 24.2339972991 24.4791460873
183 1.096853292 1.124332411 1.7442592153 2.8940714261 2.9893066422 3.2932343342 3.5183729526 3.6461424758 3.7603470847 3.8367236598 4.03633984 4.4207751433 4.5110519482 4.5408926756 4.6790482992 4.8480841315 4.9665300557 4.9942566883 5.0496768978 5.0895775202 5.0996977287 5.1576448135 5.2382606642 5.2631699182 5.2804964009 5.3248065849 5.3646479863 5.3796537172 5.4506158863 5.4777718451 5.5657436604 5.60807267 5.6266653315 5.7317004203 5.7567612769 5.7682099312 5.8383172074 5.856815466 5.8852144833 5.9538259214 5.9702995124 6.0361677912 6.085196348 6.0861528299 6.1259790875 6.1319588697 6.1559247827 6.2112339098 6.288795793 6.3789216808 6.4011692554 6.4152046276 6.4639940643 6.5986468653 6.6102852086 6.6485251452 6.7968141462 6.8575436642 6.9157786664 6.9852730697 7.0468089231 7.137021511 7.2356761626 7.2709447538 7.3572715554 7.3663436141 7.5118760502 7.6133908396 7.6431634491 7.70185544 7.7988672367 7.850140876 7.856601931 7.9316601497 7.9420585398 8.0243268296 8.041468833 8.1627713757 8.2200677933 8.3319907219 8.4126803103 8.5090242989 8.5477393652 8.5874139653 8.6034254491 8.6931443574 8.7321561025 8.8175729356 8.8668776002 8.9902480645 9.0426578714 9.1541967428 9.5445173682 10.9164766107 11.2766004036 11.7248379119 16.0365748582 16.1989907646 16.2159058083 16.3650739332 16.4679441501 16.5010278547 24.145451591 24.2354910242 24.4760544192
184 1.0403732979 1.0667650442 1.6629487156 2.9031332446 2.9944322653 3.2772557414 3.5029161868 3.6490529728 3.7889397019 3.8195493566 4.0454806028 4.4545650496 4.5069348721 4.5793077237 4.6791032521 4.8448059891 4.9903929085 4.9972886632 5.0577456859 5.0744796738 5.0998030939 5.1818730961 5.2483372653 5.2764279455 5.2779792618 5.306388383 5.3572016735 5.380167892 5.4296867797 5.4835597816 5.563617742 5.5985013506 5.6248160175 5.7320380615 5.7545846308 5.7652893825 5.8380096072 5.8533556143 5.874810422 5.9470801392 5.9593460712 6.0290618629 6.0718743071 6.0880220342 6.1207853875 6.1273798141 6.146263596 6.2092072213 6.27989743 6.372416244 6.3949158968 6.4213679181 6.4570050467 6.5896161547 6.6145575795 6.6472984306 6.8075156706 6.8591302672 6.9167837477 6.9961725692 7.0430167554 7.1385665715 7.2417190462 7.2807190612 7.3548186346 7.3714495148 7.5107923078 7.6019220705 7.6432915579 7.7055601015 7.7904463635 7.8419166021 7.8498439963 7.9302286696 7.9429649101 8.0220333653 8.0541173997 8.1529077048 8.2215661748 8.3301237472 8.4138683466 8.5150826372 8.5516711352 8.5899809137 8.5995067285 8.6968513041 8.7298773468 8.8182173045 8.8645403562 8.9882442117 9.0430702919 9.1559899603 9.5379285636 10.928154768 11.2940274542 11.7458850128 16.0373250179 16.2016768127 16.2175551105 16.3663965301 16.4718942801 16.503486008 24.1425597774 24.2368241038 24.4731588676
185 0.9840891594 1.0093761267 1.5807273212 2.9121684953 2.9998063427 3.261919941 3.4881379865 3.6490585808 3.8030442951 3.8193259283 4.0561901623 4.4861312221 4.5026796567 4.6135459559 4.6828140463 4.8408751221 4.9980897309 5.0121114265 5.0596329218 5.0671161166 5.0997380602 5.2049596461 5.2553271209 5.2715177022 5.2893522553 5.2940491291 5.3501883881 5.3798201959 5.4101895099 5.491066748 5.5603248932 5.5923171983 5.6237066616 5.7322833156 5.7526349179 5.7623689902 5.8373912836 5.8494647167 5.8635553884 5.9400861085 5.9492967654 6.0218742071 6.0568603094 6.0909664057 6.1153838328 6.1227919139 6.1376025578 6.2066752853 6.2703208829 6.3648968584 6.3899751734 6.4278099888 6.4512281722 6.5809443638 6.6185608093 6.6462880087 6.8179114687 6.8612477481 6.9186953251 7.0050318694 7.0399150257 7.1400536927 7.2426228853 7.2951282355 7.3517238134 7.3746044801 7.5096151261 7.5912016087 7.6434221954 7.7087174824 7.782723386 7.8336705229 7.8438787314 7.9294661023 7.944191337 8.0196421466 8.0663522996 8.1434136909 8.2229670108 8.3282699566 8.415124198 8.518033451 8.5578345898 8.592412543 8.5960766498 8.7004607194 8.7275362789 8.8190880758 8.8623424214 8.9864217172 9.0434700368 9.1577898223 9.5318649459 10.9393944613 11.3107590476 11.7660418537 16.0380627464 16.2042915697 16.2191163721 16.3676970676 16.4757930401 16.5058805711 24.1397347401 24.2379921156 24.4704689361
186 0.9279972535 0.9521636831 1.4976555621 2.9211138655 3.0053593425 3.2472574763 3.4740567246 3.647200364 3.7872404557 3.8506287155 4.0682099351 4.4985551039 4.5152057037 4.6374105657 4.6960760474 4.8363769056 4.9953081154 5.0304733289 5.0469625942 5.0789077274 5.0988519823 5.226632616 5.2547097272 5.2636141785 5.2893393751 5.3015809873 5.3430984314 5.3797904821 5.393945434 5.4995969607 5.5552374613 5.5900669513 5.62344797 5.7322887054 5.7509310866 5.7595729059 5.8356886978 5.8458507375 5.8515857775 5.932885071 5.9401880734 6.0148070956 6.0417057458 6.0928915479 6.110550802 6.1173501638 6.1302567728 6.2032886899 6.2601464582 6.3564383493 6.3868525479 6.4341780597 6.44679112 6.5726084098 6.6223197034 6.6454642645 6.8276805572 6.8637305452 6.9217344253 7.0092179189 7.0403431415 7.1414844226 7.2412590278 7.3111382856 7.34797145 7.3756834515 7.5083746784 7.5817873635 7.6435559138 7.710941624 7.7759072005 7.8255088669 7.8388161906 7.9291761764 7.9456512923 8.0171850634 8.0781413734 8.1343112514 8.2242662811 8.3264420711 8.416430755 8.5183982398 8.5656462585 8.5931723524 8.5947087853 8.7039588325 8.7251551289 8.8201617382 8.8602923435 8.9847648825 9.0438558923 9.1595769085 9.5263001721 10.9501675554 11.3267602449 11.785275194 16.0387844933 16.2068250403 16.2205886942 16.3689695545 16.4796200793 16.5082024648 24.1369886234 24.2389939465 24.467990921
187 0.8720925204 0.8951246448 1.4137889346 2.929909826 3.0110210991 3.2332960327 3.4606896011 3.6441580883 3.7721680892 3.8823010746 4.0812950751 4.4946071979 4.5415211001 4.6473397597 4.722361775 4.8313912927 4.9874921159 5.0378928185 5.0445046842 5.0939934166 5.0971089638 5.2425515551 5.2466525057 5.2628869471 5.2866387458 5.3123129461 5.3358076451 5.3815494358 5.3827888351 5.5085459923 5.549066163 5.591027322 5.6241746575 5.7318417512 5.7494215684 5.757068688 5.8316778058 5.8390848501 5.8437735084 5.9254750469 5.9319886059 6.0080129022 6.0268096115 6.0915437886 6.1082412761 6.1109116021 6.1238905209 6.199010251 6.2494564772 6.3472965209 6.3856891964 6.4403501945 6.4436518302 6.5645871534 6.6258840027 6.6448004574 6.8364967908 6.8663107746 6.9261316809 7.007235158 7.0461180222 7.1428614177 7.2388974346 7.3271668877 7.3435553989 7.3747998075 7.5070988934 7.5740076864 7.6436924477 7.7120138756 7.7701263348 7.817517023 7.8347543285 7.9291882835 7.9472763229 8.0147050889 8.0894558684 8.1256164562 8.2254596661 8.3246520929 8.4177709529 8.5170715798 8.574012592 8.5909827066 8.5968697096 8.7073324057 8.7227538907 8.8214089667 8.858397599 8.9832589541 9.0442266943 9.1613339862 9.5212081264 10.9604481661 11.3419990333 11.8035545998 16.0394867555 16.2092676134 16.2219716651 16.3702080271 16.4833551722 16.5104428992 24.1343330715 24.2398318048 24.4657278248
188 0.8163684014 0.8382548842 1.3291794811 2.9384997419 3.0167218022 3.2200608789 3.4480527207 3.6403935485 3.7578559049 3.9139690404 4.0952272786 4.4908550006 4.5648222557 4.6498733585 4.755057316 4.8260082768 4.9748671335 5.0319310905 5.0546302886 5.0947856075 5.1118387066 5.2296800955 5.2616342675 5.2648698024 5.2819585694 5.3203626352 5.3291665254 5.377419183 5.3867220721 5.5174257021 5.5428281976 5.5941634113 5.6260364874 5.7306837299 5.747953798 5.7550318522 5.8255435265 5.8263001218 5.8432146023 5.9178283741 5.9245965701 6.001607508 6.0124935644 6.0860376313 6.1039527582 6.1090658828 6.1175459529 6.1940771971 6.2383629222 6.3378364191 6.3864356279 6.4416578632 6.4462455542 6.5568625637 6.6293211064 6.6442726981 6.8440888042 6.8686050936 6.9320662403 7.0017620436 7.0550061921 7.1441886558 7.2359838607 7.3384799613 7.3418389017 7.3728252644 7.5058125876 7.5679760539 7.6438308081 7.7118895459 7.7653842534 7.8097652972 7.8317612913 7.9293571077 7.9490107963 8.0122525593 8.1002698741 8.1173411831 8.2265426204 8.3229113263 8.4191279219 8.5147232709 8.581040977 8.5907338052 8.5988955129 8.7105687647 8.720348931 8.8227952634 8.856665538 8.9818903245 9.0445813256 9.1630457874 9.5165632586 10.9702125504 11.356446132 11.8208522361 16.0401660989 16.2116100953 16.2232652734 16.3714065854 16.4869783855 16.5125934032 24.1317792218 24.2405111342 24.4636793791
189 0.7608167401 0.7815492513 1.243877007 2.9468291805 3.0223930963 3.2075751827 3.4361611434 3.6362344013 3.7443311648 3.9453393994 4.1098207005 4.4873102342 4.5848850501 4.6498564534 4.7892373795 4.8203364635 4.9592428751 5.0268441779 5.062164474 5.0924078483 5.1310110879 5.217994002 5.2581323262 5.2758207206 5.2812563132 5.3240133721 5.3249930628 5.3768841589 5.3962461681 5.5258546825 5.5371073351 5.5988339636 5.6291727137 5.7285898329 5.7462280388 5.753535749 5.8135777975 5.8184194985 5.8433753957 5.9099101122 5.9178520437 5.9956757935 5.9990510558 6.0782289221 6.0969027753 6.1103243476 6.1108736641 6.1889154681 6.2270564827 6.3284411117 6.3889029772 6.4406183147 6.4517994142 6.5494200794 6.632707761 6.6438597886 6.8503141611 6.8701064704 6.9395900656 6.9954273375 7.0649527159 7.1454717185 7.2326917335 7.3327605789 7.3510225361 7.373822551 7.5045370083 7.5636062375 7.6439694312 7.7107108525 7.7615425742 7.8023128258 7.8298555421 7.9295615436 7.9508082649 8.0098812066 8.1094946632 8.1105598945 8.2275104924 8.3212303991 8.4204851295 8.5117666329 8.5828918815 8.5958672107 8.6007865087 8.7136558272 8.7179520746 8.8242813292 8.8551043087 8.9806466723 9.0449187147 9.1646988051 9.5123408574 10.9794390002 11.3700748163 11.8371426837 16.0408191791 16.2138437392 16.2244698269 16.3725594305 16.4904702366 16.5146458539 24.1293376905 24.2410404224 24.4618421827
190 0.7054276275 0.7250016146 1.1579300489 2.9548454335 3.027969169 3.1958602368 3.4250289166 3.6319196759 3.7316197189 3.976148707 4.1249236702 4.4839815986 4.6015413262 4.6489117791 4.8145018057 4.8231863535 4.9421976883 5.0207274425 5.0681408469 5.0904406792 5.1503514768 5.2075648603 5.2510881155 5.271758157 5.2958437197 5.3201658413 5.3267974104 5.3795716979 5.4095789292 5.5321285396 5.5335588078 5.6047066597 5.6336619803 5.7254661535 5.7437451168 5.7524021273 5.8014295506 5.8112412666 5.8438649396 5.9016937675 5.9115624131 5.9867589897 5.9902733803 6.0692816499 6.0899283125 6.1016741299 6.1121313056 6.1839974713 6.2158746997 6.3194417724 6.3928193753 6.4403522231 6.4569590547 6.5422484734 6.6361217736 6.6435430037 6.8551979908 6.8702104337 6.9485873537 6.9897079978 7.0751552965 7.1467181579 7.2291041719 7.326424346 7.3491919904 7.3834768428 7.5032897992 7.560656948 7.6441063586 7.7087639305 7.7583682081 7.7952101319 7.8289921396 7.9297042169 7.9526290397 8.0076437265 8.1020849535 8.1203044694 8.2283587048 8.3196192841 8.4218265128 8.5084625606 8.5818641624 8.6025431151 8.6038492589 8.7155701305 8.716582131 8.8258232393 8.8537237169 8.9795170591 9.0452378353 9.1662811093 9.5085172682 10.988107737 11.3828607563 11.8524027777 16.0414427616 16.2159602717 16.2255858797 16.3736609028 16.4938118425 16.5165925042 24.1270185537 24.2414309039 24.4602099523
191 0.6501891576 0.668604905 1.0713866867 2.9624972864 3.0333877114 3.184935619 3.4146690941 3.6276256805 3.7197460011 4.0061332894 4.1404179558 4.4808761553 4.6147079324 4.6476066651 4.8086339225 4.8562272609 4.9246583602 5.0127726702 5.0731250723 5.0888326978 5.1691641546 5.1983035272 5.2421521897 5.270436769 5.3084150798 5.3173373858 5.3273806859 5.384076602 5.4253419301 5.5279320786 5.5403873032 5.6115879542 5.6394436275 5.721363087 5.7398063403 5.7511174044 5.7906381072 5.8048949585 5.8445446941 5.8931728196 5.9055372433 5.9758653505 5.9854281121 6.0596558725 6.0829701709 6.0914472234 6.1118829275 6.1796903061 6.2053678985 6.3110810462 6.397882029 6.4407089643 6.4616840696 6.535339459 6.6396346881 6.6433058553 6.8589023987 6.8683215661 6.9588027428 6.9855706155 7.0853153462 7.1479379616 7.2252756052 7.3195105063 7.3414403738 7.3969663919 7.5020853282 7.5587996278 7.6442394291 7.7063857067 7.7556225156 7.788500756 7.8290633472 7.9297119645 7.9544385967 8.0055869916 8.095120321 8.1294837818 8.2290830183 8.3180873215 8.4231366014 8.5049888904 8.580404464 8.60416584 8.6120909075 8.7132047836 8.7193368616 8.8273726239 8.8525358778 8.9784919932 9.0455377062 9.1677821827 9.5050700662 10.9962008124 11.3947818705 11.8666114648 16.0420337419 16.2179519163 16.226614166 16.3747055201 16.4969850581 16.518426011 24.1248313259 24.2416961665 24.4587738747
192 0.5950870329 0.6123511634 0.9842952832 2.9697350619 3.038590652 3.1748193042 3.4050937481 3.6234820056 3.7087329999 4.0350103464 4.15621583 4.4779998902 4.624416233 4.646178775 4.8028401129 4.8879924706 4.9071819436 5.0030818382 5.0774056347 5.0868811728 5.1870306011 5.1902578081 5.2341271621 5.2704197424 5.3156650452 5.3171175682 5.3298163515 5.3894235735 5.4422596465 5.5244730861 5.5463246932 5.6193328445 5.6462029299 5.7164593041 5.7336938062 5.7489001948 5.7822889441 5.8001896888 5.8453781599 5.8843682625 5.8996294163 5.9665584704 5.9811431723 6.0496129735 6.0752444676 6.0804439014 6.109259508 6.1761708652 6.1962898726 6.3035054535 6.4037922102 6.4415712427 6.4659474721 6.5286871969 6.6431338652 6.6433060689 6.8616527116 6.8640488418 6.9699121294 6.9836019946 7.0953113999 7.1491441169 7.2212548961 7.3120711922 7.3314425529 7.4109188628 7.5009352648 7.5576850489 7.6443664653 7.7038797595 7.7531286313 7.7822222848 7.8299146785 7.9295368924 7.9562065368 8.0037474155 8.0886104728 8.1380791994 8.2296799069 8.3166432417 8.4244006287 8.5014755701 8.5789283813 8.6056552648 8.6200899528 8.7108527604 8.7219098788 8.8288772741 8.8515553145 8.9775634646 9.0458173933 9.1691927751 9.5019781904 11.0037020119 11.4058181944 11.8797496787 16.0425891636 16.2198114135 16.2275555425 16.3756880155 16.4999726031 16.5201394603 24.122784936 24.2418516789 24.4575230425
193 0.540103916 0.5562315919 0.8967052468 2.9765109401 3.0435246027 3.165527742 3.3963139753 3.6195822721 3.6986022099 4.0624675068 4.1722530073 4.4753579858 4.6308358122 4.6447440193 4.7971728705 4.8901658809 4.9182126209 4.9922240888 5.0811338415 5.0836379855 5.1835334853 5.2036759314 5.2284929801 5.2707781662 5.3155431872 5.319363832 5.3375108087 5.394997592 5.4593927932 5.5216714485 5.5514760846 5.6278032688 5.6531720648 5.7112309893 5.7250435595 5.7452376165 5.7772633841 5.7975357512 5.8463905163 5.8753338492 5.8937749979 5.9589289846 5.9774020938 6.0393675651 6.0636437505 6.071977385 6.103538429 6.1734411261 6.1893817476 6.2967778245 6.4102717277 6.4428507807 6.4697363215 6.5222878089 6.643014358 6.6471796294 6.8573793337 6.8636721029 6.98158439 6.9839397755 7.1050942061 7.1503532359 7.2170947105 7.304172749 7.3202820801 7.4245348018 7.4998492727 7.5569904776 7.6444854409 7.7014767993 7.7507872959 7.7764070078 7.8313687182 7.9291571475 7.9579059063 8.0021473193 8.0825675345 8.1460726967 8.2301470813 8.315295186 8.4256046357 8.4980224018 8.5775213399 8.6070120272 8.627710902 8.7085061845 8.7242917427 8.830282933 8.8507978079 8.9767249502 9.0460760115 9.1705047757 9.4992220483 11.010596765 11.4159517613 11.8918002295 16.0431062366 16.2215320386 16.2284109386 16.3766033762 16.5027581786 16.5217263928 24.1208877041 24.2419142623 24.4564449495
194 0.4852183268 0.500236609 0.8086679538 2.9827795209 3.048141002 3.1570759072 3.3883399005 3.6159919099 3.6893735733 4.0881635479 4.1884726297 4.4729549697 4.6342833564 4.6433657898 4.7916038391 4.8739491314 4.9466451392 4.980871574 5.0785263199 5.0843927441 5.1780031937 5.2189075757 5.2258010531 5.2710137186 5.3173724701 5.3189827009 5.347137576 5.4004203074 5.4760462535 5.5194367395 5.5560221252 5.6368463694 5.6587532251 5.7069411382 5.7140568924 5.7407525986 5.7752891513 5.7967543323 5.8476647554 5.8661616615 5.8880149666 5.9529461225 5.9741748108 6.0291298577 6.0490512248 6.0654821269 6.0944968387 6.1714007169 6.1849659564 6.2908996994 6.4170662848 6.4444822426 6.4730513193 6.5161389711 6.642936278 6.6512809218 6.8486748464 6.8651483245 6.9863123802 6.9935100973 7.1146496412 7.1515861064 7.2128556643 7.2958980846 7.308465023 7.4375511433 7.49883569 7.5564443467 7.6445946187 7.6993309714 7.7485594212 7.7710823654 7.833246632 7.9285764193 7.959512753 8.0007932185 8.0770066633 8.1534461061 8.2304842038 8.3140507224 8.4267355633 8.4947086226 8.576208652 8.6082368017 8.6349037911 8.7061530437 8.7264737393 8.8315373503 8.850276971 8.9759713878 9.0463127282 9.1717111014 9.4967835962 11.0168720606 11.4251664966 11.9027477074 16.0435823534 16.2231076163 16.2291813133 16.3774468795 16.5053265718 16.523180827 24.1191473175 24.2419015305 24.4555260205
195 0.4304026944 0.4443559077 0.7202380648 2.9884985533 3.0523959957 3.1494773324 3.3811806779 3.6127541639 3.6810654132 4.1117463905 4.2047934372 4.4707948054 4.6352085739 4.6420818536 4.7860212223 4.8588590681 4.9696296838 4.9730471283 5.0716617262 5.0872292014 5.1732645179 5.2259321495 5.2325905086 5.2709479565 5.3183484186 5.3213578447 5.356606416 5.4054545877 5.4916621851 5.5176804725 5.5601559407 5.6462765249 5.6604518009 5.7013169272 5.7057600106 5.7368764649 5.7752560406 5.7972795055 5.8493463369 5.8569906921 5.8824842541 5.9484671511 5.9714235796 6.0191188872 6.0332412488 6.0595476268 6.0825802613 6.1699155695 6.1827555043 6.2858349567 6.4239420347 6.4464175739 6.4759052414 6.5102396465 6.6428900311 6.6556156909 6.8385058911 6.8662263373 6.9902202159 7.0054033087 7.1239832927 7.1528678107 7.2086086718 7.2873506203 7.2963188246 7.449837461 7.4979020972 7.5558347666 7.6446926501 7.697530811 7.7464421662 7.7662713008 7.8353817504 7.9278215099 7.9610058332 7.9996766096 8.0719461889 8.1601801465 8.2306938387 8.312916854 8.4277813374 8.4915985048 8.5750018689 8.6093302798 8.6416506727 8.7037777205 8.7284479039 8.8325973843 8.8499977978 8.9752991112 9.0465267673 9.1728055999 9.4946463987 11.0225163686 11.433448123 11.9125783989 16.0440151055 16.2245325331 16.2298676193 16.3782141292 16.5076637501 16.5244972809 24.1175708078 24.2418313256 24.4547521486
196 0.3756197318 0.3885785174 0.6314756968 2.9936297197 3.0562501472 3.1427441264 3.374844493 3.609894988 3.6736943643 4.1328917251 4.2210590745 4.4688809504 4.6341568063 4.6409161915 4.780265279 4.8452254242 4.9589910553 4.9971669915 5.0636764819 5.0896689104 5.1689545762 5.2281674077 5.2446372696 5.2706737909 5.3180451501 5.3274297818 5.3654581676 5.4099443449 5.5057631843 5.5163218209 5.5640052122 5.6558352794 5.6571285022 5.6875399236 5.7081938147 5.735195121 5.7762253213 5.7984594744 5.8480200186 5.8516364897 5.8773776508 5.9452752305 5.9691078928 6.0095674885 6.0167720461 6.0539930844 6.0686303619 6.1688572604 6.1821195626 6.2815293202 6.4306800162 6.4486212694 6.4783203835 6.5045900472 6.6428673495 6.6601672789 6.8274816035 6.8670132668 6.9951145798 7.0169901093 7.1331120804 7.154226593 7.2044370263 7.2786606066 7.284086744 7.4613052941 7.49705571 7.5550097479 7.6447786313 7.6961121813 7.7444516128 7.7619925916 7.8376252376 7.9269379534 7.9623664177 7.9987771445 8.0674072125 8.1662531993 8.2307826632 8.311900016 8.4287309454 8.4887448426 8.5739095843 8.6102931499 8.6479497637 8.7013615569 8.730207044 8.8334380566 8.8499482949 8.974705743 9.0467174142 9.1737829665 9.4927956749 11.0275195689 11.4407840778 11.9212802137 16.0444022969 16.225801747 16.2304707733 16.3789010894 16.5097569444 16.5256707929 24.1161645293 24.2417211694 24.4541092197
197 0.320815232 0.3328928689 0.5424504531 2.9981393429 3.0596681033 3.1368869828 3.3693385629 3.607427202 3.667275303 4.1513516228 4.2369806869 4.4672163955 4.6317187339 4.6398847555 4.7742089594 4.8333571553 4.9493333765 5.0187477629 5.055347134 5.0917232312 5.1649538609 5.2314693186 5.2550023307 5.2704173599 5.3182551043 5.3352844941 5.3735063968 5.4137789318 5.5152900279 5.5179594725 5.5675230094 5.6508187604 5.6646825543 5.6739605968 5.710996768 5.7375074783 5.7776641185 5.7997214284 5.839524594 5.8547370386 5.8729359961 5.9431203588 5.9671879916 6.0000078993 6.0007254814 6.048839275 6.0535385803 6.1681178895 6.1824356375 6.2779239829 6.4370713888 6.4510663626 6.4803254028 6.4991920014 6.6428611775 6.6648906711 6.8161679859 6.867586648 7.0004885482 7.0279936467 7.1420567746 7.1556897898 7.2004388831 7.2699948076 7.2719644008 7.4718777893 7.4963035734 7.5538751743 7.6448521114 7.695069405 7.7426136046 7.7582612075 7.8398466675 7.9259843039 7.9635781615 7.9980673831 8.0634126636 8.1716398641 8.2307629038 8.3110060587 8.4295745044 8.4861912187 8.5729400982 8.6111260772 8.6538089434 8.6988834709 8.7317447604 8.8340593218 8.8500934348 8.9741900417 9.0468840208 9.1746386731 9.4912183315 11.0318728864 11.4471634395 11.9288426215 16.0447419582 16.2269107956 16.2309916308 16.3795041169 16.5115947225 16.5266969395 24.1149341389 24.2415877521 24.4535836015
198 0.2659024683 0.277286862 0.4532497186 3.0019988897 3.0626183483 3.1319151823 3.3646691375 3.6053541192 3.6618212802 4.1669852104 4.2521037726 4.4658036932 4.628481935 4.6389985026 4.7678724337 4.8234785817 4.9409271221 5.0375401096 5.0473574943 5.0933915746 5.1613201273 5.2348765876 5.2636764842 5.2703850497 5.3190000148 5.3444295732 5.3806083372 5.4168738055 5.514525067 5.5280253848 5.5703590347 5.6442005054 5.6582202835 5.6755097656 5.7116818567 5.7439133052 5.7793710699 5.8006507972 5.8318621145 5.8586024016 5.86960602 5.941738992 5.9656269249 5.9832758594 5.99286377 6.0381178632 6.0441643637 6.1676122226 6.1832348265 6.2749638717 6.4429151882 6.4537304971 6.4819520018 6.4940501601 6.6428655762 6.6696999964 6.8050819058 6.868002064 7.0058972795 7.0381214484 7.1508304453 7.1572738068 7.196730432 7.2601232614 7.2615706697 7.48147182 7.495652567 7.552395076 7.6449130537 7.6943648787 7.7409599774 7.7550887159 7.8419324755 7.9250259937 7.9646270157 7.9975179231 8.059985915 8.1763094701 8.2306538204 8.310240216 8.4303033223 8.4839735135 8.5721017854 8.6118296842 8.6592422194 8.6963207156 8.7330554662 8.8344854129 8.8503765563 8.973751703 9.047026011 9.1753689075 9.4899029871 11.0355688336 11.4525768657 11.9352565987 16.0450323576 16.227855802 16.2314309671 16.3800199901 16.5131670526 16.5275718526 24.1138845777 24.24144647 24.4531625872
199 0.2107242597 0.2217479356 0.3639976611 3.005185181 3.0650731556 3.1278365905 3.3608415013 3.6036727415 3.6573434576 4.1797482426 4.2658273006 4.4646449771 4.6249936982 4.6382650986 4.7615178101 4.8156612465 4.9339469204 5.0402328309 5.0533225027 5.0946613016 5.1581679975 5.2377560018 5.2706632935 5.2706798752 5.320180304 5.3541863923 5.3866314946 5.4191658399 5.5139770877 5.5359917657 5.5718737328 5.6391179935 5.6451982444 5.6837486666 5.7109850105 5.751647419 5.7815251762 5.8010473281 5.8254405426 5.8615350763 5.8693608035 5.940820615 5.9643912452 5.9669439827 5.9862807938 6.0231312575 6.0400769949 6.1672751313 6.1841986772 6.2726019244 6.4480195745 6.4565906298 6.4832318432 6.4891752775 6.6428756447 6.6744460746 6.7947231061 6.868299104 7.0109502997 7.0470598097 7.158963961 7.1594137813 7.1934506711 7.2487366311 7.2536754258 7.4899779394 7.4951092536 7.5505990168 7.644961754 7.6939383906 7.7395270536 7.752483736 7.8437843249 7.9241295169 7.9655011662 7.9971017663 8.0571491745 8.1802249947 8.2304827848 8.3096070613 8.4309099513 8.4821209221 8.5714027826 8.6124045323 8.6642669921 8.6936500898 8.7341344038 8.834756087 8.8507288661 8.9733911233 9.0471428862 9.175970524 9.4888399898 11.0386011606 11.4570165387 11.9405145832 16.0452720119 16.2286334798 16.2317894607 16.3804459357 16.514465357 16.5282922339 24.113020055 24.241311022 24.4528347819
200 0.1549441405 0.1662631399 0.2749043341 3.0076802812 3.0670087837 3.1246576535 3.3578599747 3.6023765515 3.653851051 4.1896506516 4.2774721511 4.4637419767 4.6217356864 4.637689926 4.7556428675 4.8098220454 4.92848813 5.0343531842 5.0659211288 5.0955085106 5.1556063121 5.2398522755 5.2711846863 5.2760529048 5.32158626 5.3636811578 5.3914552334 5.4206299356 5.513604699 5.5421309505 5.5715714952 5.6335803258 5.6364179786 5.6910420886 5.7099905048 5.7577722341 5.7846673947 5.8009403107 5.8206062819 5.8610044891 5.8748386681 5.9396253285 5.9518253822 5.9634508153 5.981309755 6.0093589933 6.0367033195 6.1670581195 6.1851179122 6.2708007327 6.4522069065 6.4596120542 6.48419395 6.4845937015 6.6428874559 6.6788832202 6.7856201426 6.8685056699 7.0153026627 7.0544805621 7.1606818629 7.1676910841 7.1907740158 7.238028479 7.2466870934 7.4946796213 7.4972291195 7.5486030473 7.6449987249 7.6937170863 7.738354079 7.7504524213 7.845318457 7.9233573031 7.9661909923 7.9967971621 8.0549219547 8.1833432521 8.2302850897 8.3091104518 8.4313882337 8.4806566416 8.5708505159 8.6128511055 8.6689003431 8.6908507125 8.7349776598 8.8349148817 8.8510819006 8.9731091368 9.0472342303 9.1764410022 9.4880214298 11.0409648125 11.4604761221 11.9446104368 16.0454596953 16.2292411365 16.232067682 16.3807796519 16.5154825577 16.5288553671 24.1123440344 24.2411930698 24.4525904287
201 0.0976371888 0.1108192061 0.1864092121 3.0094711154 3.0684058951 3.1223833923 3.3557279159 3.6014578854 3.6513512817 4.1967140572 4.2863720533 4.463096028 4.6191058933 4.6372766998 4.7508585074 4.8058013051 4.924588839 5.0299829922 5.0752090566 5.09591343 5.1537193801 5.2411882303 5.2717697628 5.2798444753 5.3229269585 5.371851964 5.3949779978 5.4213297551 5.5133724353 5.5467736837 5.5697326866 5.6243670299 5.6357800201 5.6967539125 5.7091753852 5.7609169813 5.7887641711 5.8005386444 5.8174771458 5.8597147431 5.883273676 5.9329261369 5.9432696616 5.9627804835 5.978307306 5.9976459886 6.0341729223 6.1669263133 6.1858569916 6.2695326093 6.4553222166 6.4627143854 6.4803803076 6.4848626981 6.642898006 6.6826367601 6.7783700135 6.8686409595 7.0186562132 7.0600643188 7.1622498203 7.1752521954 7.1889660421 7.2284034753 7.2410834349 7.4943687733 7.5029529462 7.5466489713 7.6450245624 7.693626416 7.7374802371 7.7489989397 7.8464663678 7.9227633088 7.9666890365 7.9965886846 8.0533199209 8.1856175731 8.2301012669 8.3087534698 8.4317333398 8.4795983328 8.57045125 8.6131697958 8.6731487795 8.6879136598 8.7355821774 8.835000021 8.8513772772 8.9729067477 9.0472997145 9.1767784144 9.4874411478 11.042655894 11.4629507239 11.9475394158 16.0455944464 16.2296766757 16.232266083 16.3810193278 16.5162131122 16.529259129 24.1118592218 24.2411019628 24.4524216716
202 0.0340597074 0.055402591 0.0995678593 3.0105489279 3.0692501027 3.121017398 3.3544477221 3.6009098483 3.649849337 4.2009507787 4.2919648762 4.4627080804 4.6174034298 4.6370278498 4.747727722 4.8034507963 4.9222540466 5.0272955828 5.0810341219 5.095935353 5.1525650134 5.2419039588 5.2722176194 5.2820991913 5.323893269 5.3775055044 5.3971233315 5.4214917038 5.5132492471 5.5499933872 5.5674888261 5.6184043879 5.6361002962 5.7004121338 5.7086834725 5.7618646054 5.7923193154 5.8001304776 5.8158633185 5.8588277321 5.8931586804 5.9202327621 5.9421108737 5.9623694078 5.9775045649 5.9889696638 6.0326007666 6.1668562385 6.1863313355 6.2687788485 6.4572437319 6.4656205743 6.4768087157 6.4852563923 6.6429051762 6.6852150992 6.7736269538 6.8687174592 7.020773063 7.0635383119 7.1633895285 7.1807923209 7.1885666438 7.2208423735 7.237403145 7.4941806204 7.5067296664 7.545139541 7.6450398107 7.6936016482 7.7369398962 7.7481259098 7.8471765963 7.9223892502 7.9669899851 7.9964668117 8.0523542826 8.1870039541 8.2299709375 8.3085383657 8.4319417982 8.4789584245 8.5702097223 8.613360892 8.6769499628 8.6848998153 8.7359457662 8.8350397982 8.8515718687 8.9727848816 9.047339101 9.1769814007 9.4870947407 11.0436716425 11.4644368693 11.9492981476 16.0456755746 16.2299385988 16.2323849914 16.3811636584 16.5166530419 16.5295019968 24.1115675566 24.2410445271 24.4523227577
203 -0.0002512736 -0.0002229229 -0.0001470546 3.0109087361 3.0695325097 3.1205618268 3.3540208311 3.6007277256 3.649348341 4.2023631748 4.2938735121 4.4625787015 4.6168147823 4.6369447513 4.7466382916 4.8026774684 4.9214770842 5.0263891723 5.0830664521 5.0958566842 5.1521765943 5.24212648 5.2723838957 5.2828472524 5.3242455865 5.3795493484 5.3978438037 5.4214782892 5.5132113094 5.5512533676 5.5664236064 5.6163349458 5.6363401806 5.7016742803 5.7085235688 5.7619939006 5.7937004822 5.7999620675 5.8153942479 5.8585229404 5.9007823664 5.9114512948 5.9419579994 5.9622286945 5.9779696773 5.9852204943 6.0320670775 6.1668343554 6.1864944089 6.2685287511 6.4578932403 6.4671376476 6.4750700377 6.4853863487 6.6429077057 6.6861433705 6.7719658307 6.8687422022 7.0214969453 7.0647180462 7.1638121983 7.1825340904 7.1891786737 7.2176646685 7.2361126155 7.4941176227 7.5080693675 7.5445564129 7.6450448484 7.6935986243 7.7367569215 7.7478347508 7.8474169924 7.9222615462 7.9670906547 7.9964266725 8.0520316751 8.1874700768 8.2299237907 8.3084665108 8.4320115173 8.4787443046 8.5701288798 8.6134245709 8.6793110778 8.6828012263 8.736067109 8.8350511848 8.8516396242 8.9727441829 9.0473522459 9.1770491524 9.4869795654 11.0440104082 11.4649324815 11.9498846153 16.0457026636 16.2300260065 16.2324246054 16.3812118563 16.5167999517 16.5295830546 24.1114702051 24.241024917 24.4522901793
204 -0.0002512736 -0.0002229229 -0.0001470546 3.0109087361 3.0695325097 3.1205618268 3.3540208311 3.6007277256 3.649348341 4.2023631748 4.2938735121 4.4625787015 4.6168147823 4.6369447513 4.7466382916 4.8026774684 4.9214770842 5.0263891723 5.0830664521 5.0958566842 5.1521765943 5.24212648 5.2723838957 5.2828472524 5.3242455865 5.3795493484 5.3978438037 5.4214782892 5.5132113094 5.5512533676 5.5664236064 5.6163349458 5.6363401806 5.7016742803 5.7085235688 5.7619939006 5.7937004822 5.7999620675 5.8153942479 5.8585229404 5.9007823664 5.9114512948 5.9419579994 5.9622286945 5.9779696773 5.9852204943 6.0320670775 6.1668343554 6.1864944089 6.2685287511 6.4578932403 6.4671376476 6.4750700377 6.4853863487 6.6429077057 6.6861433705 6.7719658307 6.8687422022 7.0214969453 7.0647180462 7.1638121983 7.1825340904 7.1891786737 7.2176646685 7.2361126155 7.4941176227 7.5080693675 7.5445564129 7.6450448484 7.6935986243 7.7367569215 7.7478347508 7.8474169924 7.9222615462 7.9670906547 7.9964266725 8.0520316751 8.1874700768 8.2299237907 8.3084665108 8.4320115173 8.4787443046 8.5701288798 8.6134245709 8.6793110778 8.6828012263 8.736067109 8.8350511848 8.8516396242 8.9727441829 9.0473522459 9.1770491524 9.4869795654 11.0440104082 11.4649324815 11.9498846153 16.0457026636 16.2300260065 16.2324246054 16.3812118563 16.5167999517 16.5295830546 24.1114702051 24.241024917 24.4522901793
205 0.0292808946 0.0319199797 0.0532419635 2.9992037056 3.0809741632 3.1165794732 3.3579305501 3.6009559584 3.6494738963 4.2013708868 4.294911898 4.4618765556 4.6151667356 4.6375665668 4.7459335432 4.8026159378 4.9173871747 5.0317113894 5.0830211599 5.0958702238 5.1519720114 5.2400009587 5.2749350289 5.2828553326 5.3241979544 5.3800186367 5.397754951 5.4208492134 5.513206485 5.5512379014 5.565984413 5.6164686702 5.6363387984 5.7018478292 5.7085366436 5.7618892953 5.7936128754 5.7998536462 5.8154394989 5.8582641232 5.9009805973 5.9114840307 5.9422332379 5.9618855367 5.9786600892 5.9852496923 6.0322416296 6.1668808295 6.1864748299 6.2687990623 6.4578202682 6.4671137942 6.4748985469 6.4853795802 6.6429159973 6.6863031011 6.7717253341 6.8687517892 7.0212745873 7.0646864224 7.164050886 7.1824749312 7.1896874993 7.217514726 7.2360465944 7.4934028819 7.5079377043 7.5440954266 7.6457536196 7.6938286212 7.7367122825 7.7480136428 7.8477162343 7.9217669531 7.966747689 7.9964901522 8.0524035944 8.1873705535 8.230175724 8.3084876089 8.4318500123 8.4785385456 8.5701797223 8.6133944539 8.6792809724 8.6826013862 8.7361471688 8.8353140845 8.8516167256 8.972766892 9.0473514162 9.1770277269 9.4869722417 11.0440140087 11.464931898 11.9498832542 16.0456994058 16.2300263408 16.2324312089 16.3812146351 16.5167967789 16.5295801171 24.1114684492 24.2410277208 24.4522891307
206 0.058565001 0.0638399508 0.106482313 2.9756162246 3.103767726 3.1053405801 3.3689515541 3.6016439275 3.6498504579 4.1985211737 4.2979002727 4.4598002205 4.6101245847 4.6394020045 4.7439190971 4.8023446911 4.9075468077 5.0452946707 5.0828852972 5.0959104375 5.1513590545 5.2350233132 5.2811743489 5.2828795356 5.3240516085 5.3814759767 5.3974901796 5.4189716397 5.5131949109 5.5511915813 5.5646753183 5.6168667503 5.636334677 5.7023631143 5.7085756863 5.7615688999 5.7933575137 5.7995291676 5.8155752911 5.8575143348 5.9015432799 5.9115827391 5.9430618322 5.9610103236 5.9805712215 5.9853371935 6.0327656952 6.1670207897 6.1864161144 6.2696085014 6.4576012027 6.4670421532 6.4743850919 6.4853605313 6.6429409376 6.6867809158 6.7710025516 6.8687805084 7.0206246657 7.0645915178 7.1647660201 7.1822967674 7.1911974409 7.2170674823 7.2358483237 7.4913014325 7.5075402962 7.5427232984 7.6478363311 7.6945059975 7.7365874052 7.7485514007 7.8486056514 7.9203081986 7.9657230044 7.9966716092 8.0535059656 8.1870720677 8.2309273106 8.308550608 8.4313662472 8.4779249731 8.570326013 8.6133041384 8.6791907462 8.6820111915 8.7363866325 8.8360958485 8.8515481143 8.9728352547 9.0473489311 9.1769634145 9.4869503067 11.0440247961 11.4649301498 11.9498791762 16.0456896463 16.2300273423 16.2324509931 16.3812229612 16.5167872723 16.5295713156 24.1114631887 24.2410361209 24.452285989
207 0.0878519319 0.0957587673 0.1597178783 2.9487358872 3.0884549196 3.1293121359 3.385474115 3.602801538 3.6504777132 4.1941285999 4.302525187 4.4564337288 4.6014328892 4.6423673135 4.7408754372 4.8016382402 4.8960579359 5.0631207818 5.0826589066 5.0959760992 5.1503400822 5.2290271463 5.2829197495 5.2892166692 5.3237960834 5.384075549 5.3970549661 5.4158736556 5.5131856499 5.5511146422 5.5625213707 5.6175203094 5.6363278909 5.703204492 5.7086401553 5.7610138243 5.7929559604 5.7989910719 5.8158017396 5.8563443692 5.9023857738 5.9117488646 5.9444502724 5.9598892553 5.9833997066 5.9854827192 6.0336405513 6.167255853 6.1863183277 6.2709526015 6.4572357095 6.4669224869 6.4735327078 6.4853328101 6.6429827229 6.68757273 6.7697937814 6.8688282342 7.0195962351 7.0644332284 7.1659548309 7.1819975125 7.1936611051 7.2163306672 7.2355171817 7.4879307164 7.5068700968 7.5404710779 7.6511730207 7.6955943005 7.7364083178 7.7494513079 7.85006125 7.9179553222 7.9640289611 7.9969474017 8.0553004204 8.1865748715 8.2321661884 8.3086546294 8.4305624543 8.4769143503 8.5705493826 8.6131537309 8.6790406693 8.6810579582 8.7367833708 8.8373763409 8.8514340429 8.9729499785 9.0473448019 9.1768561072 9.4869138691 11.0440427278 11.4649272435 11.9498723972 16.0456734269 16.2300290069 16.2324838783 16.3812368039 16.5167714676 16.5295566827 24.1114544456 24.2410500832 24.4522807663
208 0.117143536 0.1276759732 0.2129464604 2.92062709 3.0675708266 3.1555235284 3.405849973 3.6044456056 3.65135514 4.1885629572 4.3084187485 4.4518990561 4.5887908091 4.6463409881 4.7372077768 4.8002302305 4.8856849719 5.0823420581 5.0823909179 5.0960651273 5.1489189684 5.2229279952 5.2829757883 5.2980461987 5.3234135635 5.3880887885 5.3964588224 5.4115993518 5.5131951767 5.5510074733 5.5595630189 5.6184157783 5.6363185619 5.7043472834 5.7087291612 5.7601954229 5.7924414197 5.7982437082 5.816119024 5.8548480787 5.9033977264 5.9119846306 5.9464029558 5.9587340812 5.9856858069 5.9869063372 6.0348684888 6.1675887235 6.1861815782 6.2728239704 6.4567235879 6.4667544136 6.4723463995 6.4853019168 6.6430416815 6.6886718907 6.7680934277 6.868894758 7.0182637586 7.0642113667 7.1676127574 7.1815735975 7.1970061756 7.2153170908 7.2350521323 7.4834561839 7.5059160438 7.5373861498 7.6555939291 7.6970369655 7.7362150227 7.7507189569 7.8520459041 7.9148107732 7.9616852757 7.9972870694 8.0577285637 8.1858793867 8.2338726367 8.3087982291 8.4294422964 8.4755235252 8.5708202907 8.61294341 8.6788311919 8.6797851497 8.7373338925 8.8391240791 8.851274932 8.9731122489 9.047339048 9.1767056277 9.4868631094 11.0440677332 11.4649231904 11.949862944 16.0456508173 16.230031328 16.2325297322 16.3812561122 16.5167494241 16.5295362728 24.1114422563 24.2410695512 24.4522734826
209 0.1464414302 0.15959102 0.2661657653 2.8918883062 3.0439527941 3.1817754488 3.4288147411 3.6066002972 3.6524820062 4.1821544686 4.3152534808 4.4463368367 4.5720072923 4.6511830543 4.7333558749 4.797953488 4.8777701643 5.0819348492 5.0961745243 5.1013953786 5.1471010192 5.2172133832 5.2830473935 5.3070328382 5.3228783699 5.3939048215 5.3957158427 5.406205339 5.5132500544 5.5508706145 5.5558543596 5.6195363808 5.6363068551 5.7057596268 5.7088414873 5.7590794946 5.7918546409 5.7972937625 5.8165273707 5.8531217778 5.9044710595 5.9122927922 5.9489150262 5.9576568205 5.9859458125 5.9909429164 6.0364530443 6.1680232051 6.1860060181 6.2752123681 6.4560652332 6.4665374308 6.470833062 6.4852745598 6.6431182754 6.6900693929 6.7658948154 6.8689797885 7.0167182943 7.0639256406 7.1697335272 7.1810198425 7.201143335 7.2140445373 7.2344517275 7.4780615112 7.5046640242 7.5335270182 7.6609091391 7.6987622744 7.7360572186 7.7523624096 7.8545129048 7.9109947331 7.958717832 7.9976613874 8.0607189138 8.1849862068 8.2360207651 8.3089794284 8.4280107847 8.47377404 8.5710994514 8.612673428 8.6782496996 8.6785629443 8.7380334278 8.8412988727 8.8510713683 8.9733237379 9.0473316959 9.1765117321 9.4867982781 11.0440997137 11.4649180061 11.9498508537 16.0456219141 16.2300342963 16.2325883705 16.3812808147 16.5167212247 16.5295101617 24.1114266715 24.2410944463 24.4522641661
210 0.1757471747 0.1915033151 0.3193734812 2.8627521891 3.0184608981 3.2077980718 3.4535084833 3.6092977007 3.6538573678 4.1751616294 4.3227745756 4.4398896673 4.5511245461 4.6567517665 4.7296909158 4.7948530718 4.8726573074 5.0814374035 5.0963002899 5.1189225828 5.1448928616 5.2123233343 5.2831342358 5.3156313522 5.3221563556 5.3948453958 5.3997568468 5.4019785413 5.5133923835 5.5507047522 5.5514610138 5.6208636613 5.6362929742 5.7074046575 5.7089756158 5.7576317542 5.7912385191 5.7961508756 5.8170270291 5.8512514082 5.9055188649 5.912676345 5.9519666209 5.9567064467 5.9862619132 5.9954174881 6.0383993059 6.1685642148 6.1857918434 6.278104811 6.4552621554 6.4662709477 6.4690013761 6.4852578534 6.6432131023 6.6917541583 6.7631912378 6.8690829526 7.0150583536 7.0635756239 7.1723092648 7.1803293017 7.2059742423 7.2125356147 7.2337141113 7.4719256612 7.5030981152 7.5289580187 7.6669313579 7.7006883 7.735989569 7.7543923757 7.8574097621 7.9066331055 7.9551572533 7.9980474602 8.0641942562 8.1838960996 8.2385799394 8.3091957544 8.4262741694 8.4716905843 8.5713395564 8.6123441121 8.6765189103 8.6782367379 8.738876038 8.8438547459 8.8508241032 8.9735866154 9.0473227795 9.1762741149 9.486719695 11.0441385434 11.4649117105 11.9498361739 16.045586841 16.2300378997 16.2326595576 16.38131082 16.5166869754 16.5294784466 24.1114077561 24.2411246675 24.4522528526
211 0.2050622925 0.2234122202 0.372567289 2.8333307013 2.9916581041 3.2334322976 3.4793684104 3.6125784514 3.6554800671 4.1677757119 4.3307955178 4.4326908681 4.526437047 4.6629148496 4.726446194 4.7911727387 4.8700634835 5.08084987 5.0964372988 5.1338737571 5.1423023084 5.2088763197 5.2832359175 5.3212043597 5.3233653759 5.3923239831 5.3938728527 5.4126856173 5.5136912956 5.5464578479 5.5505107129 5.622378779 5.6362771551 5.7091297615 5.7092427284 5.75582366 5.7906322606 5.7948284845 5.8176182413 5.8493076057 5.9064827782 5.9131382338 5.9555208038 5.9558982936 5.9866331118 6.0002669807 6.0407142764 6.1692177939 6.1855392941 6.2814856982 6.4543174515 6.4659543284 6.4668616799 6.4852585207 6.643326899 6.6937133531 6.7599771448 6.8692037967 7.0133819281 7.063160719 7.1753306214 7.1794931175 7.2108175433 7.2113981525 7.2328370311 7.4652099341 7.5012019933 7.5237449101 7.6734887565 7.7027269101 7.7360672153 7.7568223446 7.8606816449 7.9018501566 7.9510374044 7.9984302757 8.0680779947 8.1826100114 8.2415162782 8.3094442906 8.4242398107 8.4692995284 8.5714871892 8.6119558681 8.6746672448 8.6778535644 8.7398547464 8.8467426966 8.8505340502 8.9739035628 9.04731234 9.1759924148 9.486627746 11.0441840692 11.4649043279 11.9498189621 16.0455457477 16.2300421238 16.2327430074 16.3813460171 16.5166468051 16.5294412456 24.1113855886 24.2411600929 24.4522395857
212 0.2343882708 0.255317044 0.4257448648 2.8036868451 2.9639131474 3.2585572694 3.5060260027 3.6164922867 3.6573487301 4.160136543 4.3391824806 4.4248587102 4.4984091484 4.6695552742 4.7237114592 4.7872237452 4.8694426515 5.0801724217 5.0965791401 5.1393382039 5.1450601714 5.2077952347 5.2833519747 5.3199699652 5.3299401644 5.3839785477 5.3928301597 5.4261147748 5.5142690208 5.5409267048 5.5502894566 5.6240634249 5.6362596597 5.7093019099 5.7112334312 5.7536372314 5.7900664639 5.7933449601 5.8183012062 5.8473456945 5.9073313848 5.913681107 5.9552304619 5.9595255903 5.9870582418 6.0054427987 6.0434072789 6.1699911112 6.1852486547 6.2853369553 6.4532361471 6.4644258244 6.4655869478 6.4852822091 6.6434605449 6.6959327241 6.7562493604 6.8693417878 7.0117804158 7.0626801118 7.1785004493 7.178786923 7.2089218387 7.2173165398 7.231817856 7.4580532721 7.4989603887 7.5179518103 7.6804297034 7.704786421 7.7363419957 7.7596685691 7.8642741036 7.8967654494 7.9463939679 7.9988018557 8.0722986814 8.1811290711 8.2447940748 8.3097217339 8.4219160342 8.4666276976 8.5714849357 8.6115091827 8.6727731435 8.6774145969 8.7409616841 8.8499129948 8.8502022824 8.9742777868 9.0473004253 9.1756662217 9.4865228813 11.0442361118 11.4648958868 11.9497992861 16.0454988092 16.2300469516 16.232838385 16.3813862755 16.5166008651 16.5293986974 24.1113602611 24.2412005792 24.4522244167
213 0.263726557 0.2872170321 0.4789038797 2.7738605401 2.9354719096 3.2830639708 3.5332356378 3.6210983151 3.6594617633 4.1523479013 4.3478391559 4.4164946843 4.4675607539 4.676572991 4.7214729321 4.7832649164 4.8702499205 5.0794052548 5.0967179061 5.1360102557 5.1514808166 5.2099842748 5.283481881 5.3183919019 5.3353114741 5.3747915919 5.3917559812 5.44190754 5.515365776 5.5349542318 5.5500420686 5.6259003486 5.6362407683 5.7094898608 5.7133372596 5.7510675828 5.7895603869 5.7917251717 5.8190760401 5.8454078346 5.908053887 5.9143071582 5.9546924828 5.9639185989 5.9875359722 6.0109039641 6.0464903919 6.1708924511 6.1849202547 6.2896381873 6.452025349 6.4617070167 6.4651682613 6.4853329965 6.6436150672 6.6983969321 6.7520082107 6.8694963153 7.0103345457 7.062132719 7.1773385828 7.1826663312 7.206883803 7.2236357276 7.2306536093 7.4505726043 7.4963604534 7.5116395176 7.687622756 7.7067729597 7.7368595798 7.762949743 7.8681349741 7.8914937008 7.9412631978 7.9991594268 8.0767925987 8.1794545961 8.248377041 8.3100244581 8.4193119804 8.4637014628 8.5712737914 8.6110046279 8.6709158199 8.6769211896 8.7421882432 8.8498300287 8.8533168933 8.9747130321 9.0472870898 9.1752950852 9.4864056121 11.044294466 11.4648864197 11.9497772233 16.0454462251 16.2300523636 16.2329453076 16.3814314456 16.5165493287 16.5293509609 24.1113318785 24.241245963 24.452207404
214 0.2930785534 0.3191113558 0.5320420004 2.7438795073 2.9065024446 3.3068443641 3.5608295692 3.6264646605 3.6618173495 4.1444894356 4.3566951335 4.4076841819 4.4343818831 4.6838842542 4.7196616049 4.7794658032 4.8720521457 5.0785485869 5.0968439195 5.1323288583 5.153264025 5.215345289 5.2836250503 5.3164015162 5.3396245442 5.364831736 5.3906950688 5.4591455946 5.5175161209 5.5286298211 5.5497697515 5.6278735682 5.6362207727 5.7096912734 5.715516841 5.7481226983 5.7891218999 5.7900027117 5.8199427325 5.843525684 5.9086527516 5.9150180891 5.954269978 5.9686322328 5.9880648143 6.0166139755 6.0499789042 6.1719311787 6.1845544695 6.2943668322 6.4506941981 6.4587196566 6.4646978919 6.4854131164 6.6437916466 6.7010898663 6.7472584491 6.8696666922 7.0091120409 7.061517129 7.1759933677 7.1869560103 7.2047416945 7.2293410199 7.2302678598 7.4428655439 7.4933929223 7.5048650261 7.6949547991 7.7085908982 7.7376575489 7.7666861669 7.8722155376 7.8861461269 7.9356809074 7.9995035678 8.0815047331 8.1775880985 8.2522293164 8.3103485801 8.4164374523 8.4605461491 8.5707959818 8.6104428656 8.6691719124 8.676374878 8.7435252325 8.8494186705 8.8569077594 8.9752135908 9.0472723945 9.1748785244 9.4862765072 11.0443589018 11.4648759633 11.9497528603 16.0453882181 16.2300583382 16.2330633466 16.3814813594 16.5164923906 16.5292982147 24.1113005582 24.2412960612 24.4521886134
215 0.3224456114 0.3509990995 0.5851568877 2.7137644138 2.8771227116 3.3297872777 3.5886901995 3.6326670017 3.6644134436 4.1366252215 4.3656977304 4.3984983271 4.3992918983 4.6914197938 4.7181881131 4.7759243381 4.8745368068 5.0776026564 5.0969453809 5.1283049113 5.1517612459 5.2226400773 5.2837808408 5.3139256922 5.3430953869 5.3541641574 5.3896965389 5.4760248183 5.5220129805 5.5220436224 5.549473815 5.629968367 5.6361999686 5.7099037139 5.7177377397 5.7448210101 5.7882231732 5.7887495874 5.8209011001 5.8417228521 5.9091375431 5.9158152205 5.9539472415 5.9735979036 5.9886431274 6.0225394215 6.0538917811 6.1731176694 6.1841517211 6.2994983061 6.4492536489 6.4554791724 6.4641757382 6.4855228891 6.6439916242 6.7039949278 6.7420098934 6.869852157 7.0081666416 7.0608315362 7.1744501564 7.1916422963 7.202535417 7.2278765981 7.2371306349 7.4350137717 7.4900529747 7.4976819742 7.7023292094 7.7101428988 7.7387643424 7.7708981843 7.8764710939 7.8808321279 7.9296817069 7.9998367498 8.086388649 8.1755312924 8.2563162279 8.3106900282 8.4133027673 8.4571857191 8.56999822 8.6098246527 8.6676119238 8.6757773787 8.7449630291 8.8489697368 8.8606417169 8.9757843036 9.0472564058 9.1744160384 9.4861361891 11.0444291653 11.4648645579 11.9497262929 16.0453250335 16.2300648513 16.2331920293 16.3815358306 16.5164302663 16.5292406567 24.1112664295 24.241350672 24.4521681175
216 0.351829025 0.3828792471 0.6382461971 2.6835315397 2.8474177343 3.3517783619 3.6167329285 3.6397853954 3.6672477659 4.1288098378 4.3626311168 4.3748064177 4.388996171 4.6991226274 4.7169615944 4.7726955543 4.8774852034 5.0765677214 5.0970079155 5.1239496371 5.1483848307 5.2306122674 5.2839485592 5.3108914066 5.3428501123 5.345927562 5.3888109366 5.4894457004 5.5152845723 5.5314225681 5.5491556667 5.6321711755 5.636178649 5.7101247034 5.7199688842 5.7411879591 5.7864491423 5.7884358529 5.8219507389 5.8400169104 5.9095206647 5.9166997726 5.9537086898 5.9787488014 5.9892691261 6.0286494004 6.0582521368 6.1744631925 6.1837124798 6.3050061247 6.4477161298 6.4520018592 6.4636021096 6.4856608126 6.64421651 6.7070952732 6.7362777282 6.8700518758 7.0075381204 7.0600736713 7.1726953695 7.1967108627 7.2003046148 7.2262567443 7.2441461446 7.4270862663 7.4863407396 7.4901418149 7.709665015 7.7113301885 7.7401989441 7.7756037447 7.8756604335 7.8808611192 7.9232984762 8.000162335 8.0914057367 8.1732861019 8.2606048134 8.3110446095 8.4099186187 8.453642671 8.5688352068 8.609150847 8.6662965876 8.6751305887 8.7464917223 8.8484849001 8.8644779205 8.9764305502 9.0472391961 9.1739071188 9.4859853305 11.0445049796 11.4648522476 11.9496976258 16.0452569375 16.2300718768 16.2333308405 16.3815946557 16.5163631914 16.529178503 24.1112296329 24.2414095756 24.4521459957
217 0.3812300238 0.4147506656 0.6913075774 2.6531942703 2.817450392 3.3727034065 3.6448953696 3.6478987511 3.6703177958 4.1210928058 4.3246684224 4.3792268283 4.3839890371 4.7069459304 4.7158978041 4.769812849 4.8807432862 5.0754440589 5.0970139888 5.1192744 5.1440303086 5.2385342583 5.2841274643 5.3072316854 5.3309468513 5.3482817735 5.388086331 5.4973132662 5.5084384047 5.5473289714 5.5488168021 5.634469411 5.636157098 5.7103517645 5.7221826974 5.7372526432 5.7847679949 5.7881699478 5.823090976 5.8384209498 5.9098148347 5.9176733334 5.9535396662 5.9840213949 5.989940887 6.0349152893 6.0630877032 6.1759797343 6.183237266 6.3108619878 6.4460951457 6.4483047254 6.4629778987 6.4858237566 6.6444679924 6.7103740156 6.7300824737 6.8702649439 7.0072529774 7.0592407272 7.1707186494 7.1980862163 7.2021468798 7.2244779002 7.2512390273 7.4191420463 7.4822614379 7.4822955943 7.71205372 7.7168972866 7.7419711591 7.7808151874 7.8707390081 7.8853491595 7.9165620402 8.0004839551 8.0965241821 8.1708546711 8.2650641425 8.3114080751 8.4062959505 8.4499380886 8.5672729209 8.6084224145 8.6652735614 8.6744365852 8.7481012461 8.8479659703 8.8683785825 8.9771582212 9.0472208423 9.1733512625 9.4858246492 11.0445860459 11.4648390802 11.9496669716 16.0451842158 16.2300793865 16.2334792252 16.381657614 16.5162914205 16.5291119878 24.1111903198 24.2414725349 24.4521223335
218 0.4106497651 0.4466120876 0.7443386707 2.6227639852 2.7872683529 3.3924548079 3.6570765477 3.673130428 3.6736207628 4.1135220391 4.2856140164 4.3692313706 4.3932192077 4.7148511493 4.7149219188 4.7672997826 4.8841994372 5.0742319648 5.0969421535 5.1142905284 5.1391863396 5.2460778863 5.2843167719 5.3028922357 5.3185078107 5.3502755157 5.3875641286 5.5013067878 5.5015856657 5.5484587933 5.5675654098 5.6361355849 5.6368513216 5.7105824661 5.7243550173 5.733045189 5.7833042596 5.7879403064 5.8243208217 5.8369447435 5.9100318068 5.9187385445 5.9534268569 5.9893560934 5.9906563557 6.0413106431 6.0684312771 6.1776797469 6.1827266521 6.3170358075 6.4444048775 6.4444053478 6.4623048004 6.4860072054 6.6447479493 6.7138143831 6.7234496658 6.870490388 7.007325563 7.0583292831 7.1685152789 7.1959117535 7.2079351625 7.2225367482 7.2583339913 7.4112323437 7.4741963434 7.4778251959 7.7122168209 7.7239783517 7.74408233 7.7865357219 7.8661731563 7.8899025713 7.9095010089 8.0008051584 8.1017178751 8.1682393741 8.2696654725 8.3117761809 8.4024458464 8.4460917891 8.5652910677 8.607640437 8.6645750361 8.6736976239 8.749781497 8.8474148897 8.8723088565 8.9779736663 9.0472014265 9.1727479864 9.4856549037 11.0446720445 11.4648251066 11.9496344509 16.0451071728 16.2300873504 16.2336365907 16.381724469 16.5162152269 16.5290413622 24.1111486513 24.2415392973 24.4520972228
219 0.4400893256 0.4784620911 0.7973371111 2.5922506189 2.7569086299 3.4109406557 3.6673679797 3.6771536369 3.7014017558 4.1061467747 4.2456320779 4.3590444245 4.4024745171 4.7139694751 4.7228064133 4.7651750737 4.8877693483 5.0729317539 5.0967660814 5.1090091397 5.1341211487 5.2531182251 5.2845156589 5.2978377057 5.3055829832 5.3519927123 5.387275544 5.4947998345 5.503567045 5.5480832797 5.5895025925 5.6361143602 5.6393058559 5.7108144641 5.7264648864 5.7285950073 5.7822391549 5.7877360411 5.8256389242 5.8355955933 5.9101818591 5.9199000473 5.9533584729 5.9914133538 5.9946974729 6.0478111228 6.074321113 6.1795758125 6.1821812659 6.3234956541 6.4403217408 6.4426598192 6.4615856015 6.4862055087 6.6450584603 6.7164093282 6.7173998359 6.8707271678 7.0077594227 7.0573352301 7.1660882513 7.1938050713 7.2140603072 7.2204304702 7.2653526102 7.4034022421 7.4659022186 7.4730465982 7.7117297008 7.7308789243 7.7465263453 7.792756469 7.862061529 7.8944921916 7.9021417401 8.0011292273 8.1069653778 8.1654428276 8.2743822808 8.3121447435 8.3983794374 8.4421225291 8.5628841078 8.6068061207 8.6642168082 8.6729161374 8.7515224382 8.8468337262 8.8762366581 8.9788836091 9.0471810346 9.1720968427 9.4854768887 11.0447626365 11.4648103811 11.9496001918 16.0450261294 16.2300957367 16.233802309 16.3817949685 16.5161349014 16.5289668936 24.1111047979 24.2416095947 24.4520707609
220 0.4695496927 0.5102990755 0.8503005248 2.5616630318 2.7264006438 3.4280950732 3.6787896769 3.6809131157 3.7296807034 4.0990203379 4.2048514613 4.3486954813 4.4117352278 4.7129870906 4.7307852346 4.7634535049 4.8913860979 5.0715437613 5.0964533223 5.1034409678 5.1289920959 5.2596207183 5.2847232681 5.2920565983 5.2922194055 5.3534942187 5.3872395283 5.48814573 5.5051187576 5.5476919569 5.6115852476 5.636093651 5.6418225669 5.7110455388 5.7239298062 5.7284942779 5.7818402674 5.7875477252 5.8270435254 5.8343789254 5.9102737044 5.9211657678 5.9533242846 5.9922095857 5.9999943498 6.0543944095 6.0808011999 6.1816017939 6.1816802153 6.3302075878 6.436072238 6.4408744741 6.4608245647 6.4864121142 6.6454018211 6.7089953309 6.721114147 6.8709741781 7.0085486987 7.0562537011 7.163449307 7.1917811072 7.2181570684 7.2205068123 7.2722091392 7.3956918481 7.4574806679 7.4679440633 7.7105156821 7.7375880893 7.7492908058 7.7994550472 7.8584902334 7.8945083921 7.899091986 8.0014590971 8.1122490037 8.1624679041 8.2791902077 8.3125096886 8.3941078264 8.4380482376 8.5600606018 8.6059208056 8.6641990587 8.6720947333 8.7533141868 8.846224667 8.8801324833 8.979895021 9.0471597561 9.171397436 9.4852914297 11.0448574647 11.4647949609 11.949564329 16.0449414217 16.2301045117 16.2339757195 16.3818688458 16.516050751 16.5288888648 24.1110589384 24.2416831457 24.4520430509
221 0.4990317536 0.5421212353 0.903226529 2.5310092663 2.6957683306 3.4438874993 3.6848956108 3.6913141234 3.7579442296 4.0922030244 4.1633741193 4.3382099572 4.4209833216 4.7119334028 4.7387654601 4.7621447379 4.8949936711 5.0700683436 5.095963727 5.0975961904 5.1239001682 5.2655870022 5.2784617168 5.2849387125 5.2855643485 5.3548264677 5.3874624436 5.4816784314 5.5063941812 5.5472865666 5.6327563105 5.6360736591 5.6443915473 5.7112736263 5.7190751486 5.7304278068 5.7825010637 5.7873676809 5.8285324217 5.8332986919 5.9103146044 5.9225486726 5.9533155699 5.9930426447 6.0051998622 6.061040089 6.0879213248 6.1809889867 6.1840044212 6.3371353278 6.4316753895 6.4390631189 6.4600279545 6.4866197707 6.6457805588 6.7012447352 6.724941451 6.8712302509 7.0096794565 7.055079009 7.1606185502 7.1898461257 7.2157157515 7.2272591848 7.278804946 7.3881370738 7.4490140455 7.4625391315 7.7085182578 7.7441114512 7.752358236 7.806596308 7.8555259992 7.886623035 7.9036787072 8.0017973314 8.1175540238 8.159317748 8.2840669401 8.3128670916 8.3896420307 8.433886257 8.556841057 8.6049859769 8.6645086377 8.6712361905 8.7551470868 8.8455900114 8.8839692645 8.9810149458 9.0471376841 9.1706494413 9.4850993777 11.0449561552 11.4647789061 11.9495270038 16.0448533997 16.2301136404 16.2341561317 16.3819458206 16.5159630985 16.528807573 24.1110112593 24.2417596558 24.4520142003
222 0.5285362844 0.5739265282 0.9561127311 2.5002967319 2.6650316232 3.4583282283 3.6890972295 3.7048612857 3.7861734397 4.0857653427 4.1212815173 4.3276100439 4.4302017655 4.7107799283 4.7467284343 4.7612515346 4.8985426974 5.0685058823 5.091484253 5.095247475 5.1189168704 5.2643527658 5.2710299751 5.2784046868 5.2851610802 5.3560279611 5.3879391651 5.4754429351 5.5075929696 5.5468688869 5.6360545582 5.6470033897 5.6520525043 5.7114968449 5.7140543514 5.7322524628 5.78477335 5.7871899688 5.8301029281 5.8323576212 5.9103105632 5.9240692086 5.9533250109 5.9939100191 6.01027163 6.0677295084 6.0957367685 6.1803436638 6.1865584779 6.3442396906 6.4271498726 6.4372396337 6.4592047685 6.4868206991 6.6461974474 6.6931972087 6.7288662662 6.8714941568 7.011130838 7.0538046005 7.157622792 7.1879992549 7.2131073795 7.2343020301 7.2850210414 7.380770101 7.440607204 7.4568557387 7.7057073485 7.7504675226 7.75570725 7.814135078 7.853210069 7.8785057983 7.9082315794 8.0021461261 8.1228679943 8.1559957938 8.288992059 8.3132132107 8.384992943 8.4296535803 8.5532548336 8.6040032761 8.6651222905 8.6703434559 8.7570117671 8.844932163 8.8877222918 8.9822502691 9.0471149138 9.1698526235 9.4849016047 11.0450583188 11.4647622791 11.9494883631 16.0447624254 16.2301230865 16.234342828 16.3820255996 16.5158722808 16.5287233287 24.1109619541 24.2418388195 24.4519843218
223 0.5580639368 0.605712638 1.0089567284 2.4695323434 2.6342075185 3.4714682708 3.6935137548 3.7192952261 3.8143525435 4.0786394498 4.0797918324 4.3169153928 4.4393739193 4.7095112546 4.7546583322 4.7607685094 4.9019876301 5.0668567876 5.0851136861 5.094242681 5.1140979689 5.249934253 5.2706498404 5.275962547 5.2853894388 5.3571339289 5.3886548973 5.4694747122 5.5088179071 5.5464407223 5.6360364935 5.6496491651 5.6684948004 5.7088885764 5.7117135148 5.7339573837 5.7870102246 5.7893300695 5.8315573527 5.8317518468 5.910266539 5.9257587634 5.9533465637 5.9948090972 6.0151720029 6.0744456092 6.1043074252 6.1796667219 6.1893503603 6.3514776924 6.4225144175 6.4354173905 6.4583677786 6.4870067343 6.6466555252 6.684894582 6.7328734949 6.8717646069 7.0128759706 7.0524230333 7.1544931999 7.1862347409 7.2103349516 7.2416201261 7.2907082983 7.3736195933 7.4323974899 7.4509195377 7.7020828995 7.7566831342 7.7593136133 7.8220200616 7.8515547041 7.8701750383 7.9127320161 8.0025073248 8.1281801903 8.1525057875 8.2939468665 8.3135445093 8.3801713086 8.4253670771 8.5493367971 8.6029745143 8.6660101364 8.6694196398 8.758899187 8.8442536222 8.8913692107 8.9836074304 9.0470915431 9.169006858 9.4846989976 11.0451635528 11.4647451449 11.9494485591 16.044668871 16.2301328123 16.2345350666 16.3821078779 16.515778648 16.528636455 24.110911222 24.2419203209 24.4519535318
224 0.5876152232 0.6374769315 1.0617561069 2.4387226297 2.6033108638 3.4833933459 3.6981406196 3.7344257589 3.8424680974 4.0355016394 4.0743856174 4.306143666 4.4484830313 4.7081241151 4.760682077 4.7625416262 4.9052849067 5.0651215037 5.0784919114 5.0928726379 5.10949079 5.2352474066 5.2624001927 5.2803928684 5.2856228397 5.3581794727 5.3895869314 5.4638012444 5.5101261444 5.5460038948 5.6360195814 5.6523204129 5.6812450754 5.7035970178 5.7119221727 5.7355336774 5.7868254335 5.7967472922 5.8308984853 5.8334754416 5.9101866425 5.9276646387 5.9533753192 5.9957371715 6.0198683686 6.0811727444 6.1136960732 6.1789591428 6.1923852993 6.3588011572 6.4177877452 6.4336091896 6.4575350395 6.4871694459 6.6471581112 6.6763805975 6.736948407 6.8720402543 7.0148825853 7.0509259844 7.1512629259 7.1845442404 7.2074041118 7.2491984827 7.2956757639 7.3667107196 7.4245667569 7.4447573045 7.6976745786 7.7627889054 7.7631511612 7.8301978215 7.8505435647 7.8616475131 7.9171633745 8.0028824388 8.1334811309 8.1488518117 8.2989142068 8.3138576712 8.37518772 8.4210437057 8.5451242876 8.6019016861 8.6671388258 8.6684680097 8.7608006694 8.8435569776 8.894890097 8.9850920833 9.0470676712 9.1681121535 9.4844924537 11.045271442 11.4647275704 11.9494077487 16.0445731176 16.230142779 16.2347320847 16.3821923397 16.5156825619 16.5285472861 24.1108592675 24.2420038353 24.4519219507
225 0.6171904998 0.6692164067 1.114508441 2.4078738208 2.5723549532 3.4942137116 3.7029728776 3.750013451 3.870508444 3.9919124327 4.0696737178 4.2953109861 4.4575117791 4.7066253229 4.7609716904 4.7703666592 4.9083918272 5.0633005169 5.0716250324 5.0910429454 5.1051381619 5.2203336967 5.2537837578 5.2843228293 5.2858603227 5.3592013678 5.3907057286 5.4584445379 5.5115504002 5.545560235 5.6360039096 5.6550091361 5.6899640887 5.6981971265 5.7121215795 5.7369742922 5.7866336958 5.8071152798 5.8303805651 5.8352694168 5.9100743114 5.9298571638 5.9534073618 5.9966914427 6.0243334666 6.0878964875 6.1239655033 6.1782220046 6.1956651451 6.36615459 6.412988518 6.4318272339 6.4567321068 6.4873002423 6.6477088195 6.66770089 6.7410766107 6.872319696 7.0171133142 7.0493043048 7.1479651739 7.1829186882 7.2043236312 7.2570223851 7.2996800691 7.3600650522 7.4173524148 7.438396449 7.6925376243 7.7671925631 7.7688155664 7.8386160083 7.8501359311 7.852938557 7.9215107445 8.0032726647 8.138762177 8.1450383171 8.3038782874 8.314149605 8.3700526263 8.4167007095 8.5406547364 8.6007869853 8.6674919843 8.6684740454 8.7627079236 8.8428448971 8.8982675964 8.9867087173 9.0470433986 9.1671686762 9.4842828749 11.0453815609 11.4647096242 11.9493660927 16.0444755533 16.2301529472 16.2349331011 16.3822786597 16.5155843952 16.528456166 24.1108062993 24.2420890306 24.4518897019
226 0.6467899456 0.7009276306 1.167211292 2.3769919236 2.5413519936 3.5040525463 3.7080051664 3.7657755696 3.8984632885 3.9479088285 4.0658128122 4.284432306 4.4664418289 4.7050289782 4.7616119575 4.7781233009 4.9112660188 5.0613943645 5.0645176095 5.088639127 5.1010804461 5.2052355931 5.2449552963 5.2861009202 5.2877484632 5.3602385626 5.3919749083 5.4534245956 5.5131086774 5.545111574 5.6359895386 5.6577077979 5.6927048402 5.6950028007 5.7123107231 5.7382739254 5.7864340077 5.8198275503 5.8300020378 5.8371289018 5.9099324598 5.9324394463 5.9534396356 5.9976690212 6.0285456466 6.0946034379 6.1351742488 6.1774564941 6.1991878227 6.3734719612 6.4081352984 6.4300831327 6.4559953195 6.4873904667 6.6483115714 6.658903231 6.7452440141 6.8726014737 7.0195256448 7.0475481311 7.1446318711 7.1813495678 7.2011058182 7.2650774243 7.3024248704 7.3537004025 7.4110486097 7.4318646371 7.6867461415 7.7714099302 7.7747914617 7.8440622498 7.8472254801 7.8502734801 7.9257607705 8.0036788996 8.1410701588 8.1440151876 8.3088245061 8.3144174414 8.3647763585 8.4123557985 8.5359640219 8.5996328215 8.6664951252 8.6699822829 8.7646130601 8.8421201188 8.9014871024 8.9884602642 9.0470188263 9.1661767758 9.4840711634 11.0454934752 11.4646913769 11.9493237553 16.0443765714 16.2301632764 16.23513732 16.382366504 16.5154845295 16.528363448 24.1107525296 24.2421755683 24.451856912
227 0.676413539 0.7326066657 1.2198622082 2.3460827878 2.5103134831 3.5130353875 3.7132316648 3.7813914717 3.9035220142 3.9263233724 4.0629944688 4.2735217213 4.4752533855 4.7033535546 4.7625750142 4.7858026667 4.9138654313 5.0571724214 5.0594036477 5.0855258917 5.0973563488 5.1899973729 5.2360941722 5.2863436612 5.2906616988 5.361331368 5.3933498431 5.4487638884 5.5148092084 5.5446597354 5.6359765033 5.6604093168 5.6871348057 5.6971466018 5.7124888157 5.739428957 5.7862260712 5.8297601863 5.833822137 5.8390484414 5.9097636017 5.9355590991 5.9534698193 5.9986669289 6.0324890088 6.1012810292 6.1473708228 6.1766639223 6.2029469339 6.3806719374 6.4032465185 6.4283879248 6.4553766168 6.48743149 6.6489706009 6.6500380761 6.7494367814 6.8728840762 7.0220715095 7.0456470718 7.1412928929 7.1798296318 7.1977667974 7.2733495135 7.3035876506 7.3476306596 7.4059802461 7.4251895181 7.6803856884 7.7757752831 7.7807411688 7.8350315785 7.8508877808 7.8559813547 7.9299015023 8.0041017502 8.1369526435 8.1492322224 8.3137392882 8.3146585219 8.3593691696 8.4080273157 8.5310854932 8.5984418377 8.6654811279 8.671631921 8.7665085978 8.8413854418 8.9045369407 8.9903477233 9.0469940558 9.165137014 9.4838582162 11.0456067434 11.4646728999 11.9492809033 16.0442765691 16.2301737257 16.2353439335 16.3824555315 16.5153833544 16.5282694925 24.1106981727 24.2422631054 24.4518237095
228 0.7060610282 0.7642489796 1.272458723 2.3151521694 2.4792505328 3.521282117 3.71864604 3.7965081508 3.8587785399 3.9540802155 4.0614476416 4.262592738 4.4839247119 4.7016193772 4.7638326194 4.7933968864 4.9161488486 5.0495902255 5.0573290468 5.0815498717 5.0940028456 5.1746659763 5.2273992478 5.2865875756 5.2930531679 5.3625194109 5.3947745986 5.4444929539 5.5166532762 5.544206528 5.6359648144 5.6631070581 5.6815005848 5.6972105747 5.7126552865 5.740437393 5.7860101333 5.8296510753 5.8410219904 5.8479785321 5.9095699559 5.9394172032 5.9534962135 5.9996820983 6.036153378 6.107917341 6.1605866615 6.1758457421 6.2069315466 6.3876511167 6.3983404542 6.4267521159 6.454950333 6.4874148048 6.6411594655 6.6496904519 6.7536412857 6.8731659403 7.0246964869 7.0435904827 7.1379756947 7.1783532155 7.1943266014 7.281824892 7.3028909185 7.3418656867 7.402432858 7.4183985458 7.6735467234 7.780260894 7.7866849633 7.8258585906 7.8519069486 7.8648432442 7.933922272 8.0045415387 8.1326915877 8.1544052788 8.3148703825 8.3186099333 8.3538412898 8.4037343884 8.526049517 8.5972169297 8.6644538116 8.6733938075 8.7683874646 8.8406437157 8.9074085151 8.9923698416 9.0469691878 9.1640501958 9.4836449207 11.0457209186 11.4646542659 11.9492377058 16.0441759454 16.2301842537 16.2355521253 16.3825453949 16.5152812657 16.5281746664 24.1106434451 24.2423512952 24.451790225
229 0.7357318967 0.7958493354 1.3249983546 2.2842057921 2.448174154 3.528901871 3.7242413842 3.8107494986 3.8137012222 3.9817259061 4.0614345052 4.251658511 4.4924315993 4.6998467534 4.7653576843 4.8008989103 4.9180768983 5.0417695495 5.055171341 5.0765480376 5.0910544005 5.159291894 5.2190786474 5.2868316975 5.2949157202 5.3638386495 5.3961770911 5.4406572183 5.5186370347 5.5437537393 5.6359544614 5.6657948204 5.6758148451 5.6958329217 5.7128097708 5.741298803 5.7857868539 5.8296695196 5.8430429147 5.8613355231 5.909353531 5.9442601839 5.9535176394 6.0007113711 6.0395340865 6.1145009176 6.1748283666 6.1750035689 6.2111261946 6.3934352042 6.3942754623 6.4251857233 6.4548217844 6.4873321234 6.6323263543 6.6504759613 6.7578440618 6.8734454525 7.0273385807 7.0413678452 7.134705202 7.1769162882 7.1908090257 7.2904901163 7.3002041668 7.336411326 7.4005520247 7.4115188792 7.6663197546 7.7848395259 7.7926388298 7.8165545387 7.8532606184 7.8737749552 7.9378135938 8.0049983028 8.1282933915 8.1595260568 8.3150507326 8.3234244742 8.3482029974 8.3994970631 8.5208833917 8.5959612664 8.6634171075 8.6752414601 8.7702429939 8.8398978311 8.9100963782 8.9945228877 9.0469443227 9.1629174036 9.4834321507 11.0458355502 11.4646355483 11.9491943333 16.0440750998 16.2301948187 16.2357610735 16.3826357423 16.515178664 16.5280793412 24.1105885634 24.2424397891 24.4517565902
230 0.7654253198 0.8274016573 1.3774786048 2.253249413 2.4170955315 3.5359904973 3.7300101376 3.7683098466 3.8237350716 4.0092529245 4.0632342169 4.2407320635 4.5007467663 4.6980547837 4.7671251926 4.8083023425 4.9196135087 5.0337065758 5.0529314331 5.0703632166 5.0885416194 5.14393004 5.211332935 5.2870750694 5.2962480607 5.3653180484 5.3974630573 5.4373244733 5.520752823 5.5433031293 5.6359454147 5.6684668174 5.6700895366 5.6934573896 5.7129520957 5.7420142385 5.7855571993 5.8298090881 5.8451039965 5.8731632806 5.9091161984 5.9503286681 5.9535333498 6.0017514945 6.042631565 6.1210205936 6.1741392046 6.1900701906 6.2155110834 6.3885486727 6.4003725448 6.4236983236 6.4551350447 6.4871754847 6.623604492 6.6513322232 6.7620317603 6.8737209517 7.0299265455 7.0389692579 7.1315038381 7.1755163606 7.1872412165 7.2956121492 7.2993320396 7.3312695386 7.400276825 7.4045773484 7.6587923392 7.789484588 7.7986147668 7.8071300187 7.8548830952 7.8827438896 7.9415670829 8.0054717917 8.1237651351 8.1645857443 8.3151974359 8.3281715471 8.3424647065 8.3953364197 8.5156114962 8.5946783109 8.6623750458 8.6771510374 8.7720689179 8.8391507083 8.9125981922 8.9968005477 9.0469195595 9.1617400345 9.4832207614 11.0459501859 11.4646168208 11.9491509568 16.0439744305 16.2302053792 16.2359699542 16.3827262185 16.5150759534 16.5279838919 24.1105337445 24.2425282378 24.4517229378
231 0.7951401116 0.8588988641 1.429896958 2.2222888929 2.386026298 3.542629866 3.7226217181 3.7359439947 3.8351135013 4.0366539876 4.0671101621 4.2298264967 4.5088391698 4.6962607325 4.7691126126 4.8156012938 4.9207276877 5.025395232 5.0506103805 5.0628653722 5.0864895103 5.1286405142 5.204332986 5.2873167455 5.2970577379 5.366976733 5.398511795 5.4345901148 5.5229902036 5.5428564246 5.6359376282 5.6643360583 5.6711176534 5.6903813054 5.7130822638 5.7425861258 5.7853223565 5.8300621516 5.8471974454 5.8830242904 5.9088597526 5.9535429518 5.9577505412 6.0027991163 6.0454507691 6.1274653256 6.1732546645 6.2062478039 6.2200624735 6.383698552 6.405733172 6.4222990974 6.4560713392 6.4869373689 6.6150690201 6.6522645258 6.7661911052 6.8739907316 7.032377736 7.0363860417 7.1283916125 7.1741523228 7.1836529907 7.2893906313 7.3083377777 7.3264386909 7.397600471 7.4013662182 7.6510476454 7.7941702272 7.7975951035 7.8046212139 7.8567149695 7.8917203003 7.945175391 8.005961459 8.1191147048 8.1695748207 8.3153084958 8.3328402724 8.336637073 8.3912746594 8.5102555744 8.5933718421 8.6613317415 8.679101179 8.7738593567 8.8384052871 8.914914565 8.9991939561 9.0468949955 9.1605198421 9.4830115866 11.0460643733 11.4645981575 11.9491077476 16.0438743331 16.2302158933 16.2361779447 16.3828164659 16.5149735396 16.5278886955 24.1104792043 24.2426162927 24.4516894007
232 0.8248746578 0.8903326621 1.4822508796 2.1913302785 2.3549788276 3.5488883432 3.6766520956 3.7420337899 3.8446092684 4.0639219049 4.0732626562 4.2189552003 4.5166732068 4.6944797976 4.7712999507 4.8227902482 4.9213954132 5.016827682 5.0482094338 5.0539730913 5.0849155897 5.1134890795 5.1981980251 5.2875557948 5.2973627711 5.3688223898 5.3991816356 5.4325722619 5.5253368257 5.5424153129 5.6359310416 5.6585654178 5.6737422936 5.6868046939 5.7132004348 5.743018131 5.785083666 5.8304199742 5.8493149148 5.8908293096 5.9085859625 5.9535463394 5.9664353705 6.0038507783 6.0480004862 6.133824031 6.172352207 6.2232540546 6.2247531953 6.3789023042 6.4101389558 6.420996866 6.4578215179 6.4866108245 6.6068080355 6.6532782534 6.7703088573 6.8742530446 7.0336114496 7.0345955073 7.1253862222 7.1728242591 7.1800759137 7.2819143596 7.3174946618 7.3219139731 7.3906145072 7.4034936038 7.6431641346 7.7879594743 7.7988713702 7.810663495 7.8587036372 7.9006764894 7.9486321559 8.0064664508 8.1143509605 8.1744828771 8.3153820561 8.330731121 8.3374201461 8.3873351541 8.5048350881 8.5920459775 8.6602913785 8.6810727825 8.7756088066 8.8376645152 8.9170487635 9.0016918575 9.0468707262 9.1592589829 9.4828054346 11.0461776617 11.4645796321 11.9490648762 16.0437751987 16.2302263197 16.2363842261 16.3829061268 16.5148718282 16.5277941294 24.1104251566 24.2427036074 24.4516561115
233 0.8546268309 0.921693284 1.5345378156 2.1603798988 2.3239665642 3.5548218764 3.6304145385 3.7482693571 3.8520697806 4.0817807106 4.0910494379 4.208132072 4.5242077936 4.6927251277 4.7736695862 4.8298639349 4.9216013455 5.0079955118 5.0436670894 5.045730086 5.0838281384 5.0985470764 5.1929819406 5.2877913044 5.2971915797 5.3708512983 5.3993371934 5.4313847959 5.5277791575 5.5419814386 5.6359255837 5.6527883904 5.6763360283 5.682865358 5.7133069064 5.7433149999 5.7848425675 5.8308728447 5.8514475238 5.8967942814 5.9082966158 5.9535436366 5.9760789407 6.004902908 6.0502925798 6.1400854311 6.171434367 6.229553241 6.2409366916 6.3741771413 6.4134269577 6.4198001157 6.4605214798 6.4861896067 6.5989274453 6.6543787406 6.7743717846 6.8745061073 7.0306414548 7.0364663035 7.1225031424 7.1715332623 7.1765421967 7.2735709759 7.31768792 7.3267901748 7.3836455428 7.4063357191 7.6352159427 7.7782325547 7.8035637311 7.8167442201 7.8608031381 7.9095859797 7.9519319623 8.0069855934 8.1094839617 8.1792984547 8.3154164256 8.3247583939 8.3419009418 8.3835424403 8.4993675966 8.5907051948 8.6592581929 8.683048761 8.7773121265 8.8369313369 8.9190063251 9.0042808751 9.0468468447 9.1579600677 9.4826030855 11.0462896039 11.464561318 11.949022512 16.0436774127 16.2302366174 16.2365879875 16.3829948439 16.5147712237 16.5277005699 24.1103718127 24.2427898386 24.4516232022
234 0.8843938812 0.9529691592 1.5867551902 2.129444484 2.2930044064 3.560475318 3.583921185 3.7546393574 3.8574912063 4.0926147857 4.1180291524 4.1973717553 4.5313953127 4.691007974 4.7762059912 4.8368172015 4.9213400514 4.9988920133 5.0319899158 5.0431741341 5.083224927 5.0838903815 5.1886736201 5.2880223825 5.2965814164 5.3730498322 5.3988989642 5.4310878184 5.5303031112 5.5415563983 5.635921174 5.6470156817 5.6786614043 5.6788944308 5.7134020945 5.7434823832 5.7846005585 5.8314102376 5.8535858852 5.9012876932 5.9079935565 5.9535351476 5.9862873444 6.005951809 6.052341227 6.1462378982 6.1705039901 6.2344303808 6.2590971462 6.3695400011 6.4155626083 6.4187170001 6.4641793664 6.4856683304 6.5915575155 6.6555710685 6.7783666408 6.8747481086 7.0274755769 7.0378568005 7.1197556964 7.1702812576 7.1730834983 7.264718776 7.3137509923 7.33621187 7.3767195915 7.4096176409 7.6272736266 7.7684236504 7.808223795 7.8228636173 7.8629736303 7.9184226565 7.9550703114 8.0075173777 8.1045252783 8.1840089093 8.3154101428 8.3187311325 8.3462726222 8.3799221336 8.4938691407 8.5893543531 8.6582364543 8.685013806 8.7789645236 8.8362086818 8.9207946031 9.0069458473 9.0468234414 9.1566262193 9.4824052884 11.046399758 11.4645432878 11.9489808223 16.0435813534 16.230246746 16.2367884281 16.3830822623 16.5146721272 16.527608391 24.1103193805 24.2428746482 24.4515908031
235 0.914172295 0.9841464919 1.6389004051 2.0985313155 2.2621091736 3.5371829768 3.5658837602 3.7611310673 3.8610081165 4.1055857004 4.1448532553 4.1866899073 4.5381804311 4.689337902 4.7788954047 4.843644881 4.920616489 4.9895160138 5.0190327227 5.0405437578 5.0695969639 5.0830926703 5.1852103876 5.2882481613 5.2955759196 5.3753968483 5.3978828979 5.4316479664 5.5328945684 5.5411417364 5.6359177255 5.6412581006 5.6742652836 5.6814133085 5.7134865142 5.7435266571 5.7843591609 5.8320209928 5.85572014 5.9046800652 5.9076787172 5.9535213159 5.9967059268 6.0069936509 6.0541621949 6.1522693058 6.1695642691 6.2393507597 6.2774888728 6.3650075178 6.4166555521 6.4177553139 6.4686598869 6.485042637 6.5848614905 6.6568597876 6.7822801551 6.8749772208 7.0241176916 7.0386118594 7.1171551022 7.169070837 7.1697297301 7.2556799413 7.3100921734 7.3457472652 7.3698627091 7.4131215513 7.6194050319 7.7585421035 7.8128287875 7.829019784 7.8651807131 7.9271598445 7.9580435976 8.0080599446 8.0994884222 8.18860031 8.3126624867 8.3153620955 8.3505252599 8.3765007328 8.4883546207 8.5879987124 8.6572304467 8.6869541699 8.7805615386 8.8354994525 8.9224222853 9.0096701927 9.0468006038 9.1552611369 9.4822127589 11.046507689 11.4645256133 11.9489399719 16.0434873905 16.2302566656 16.236984761 16.3831680309 16.514574935 16.5275179622 24.1102680637 24.2429577038 24.4515590432
236 0.9439576083 1.0152087169 1.6909708373 2.0676484186 2.2313001857 3.4902098427 3.571073758 3.7677301161 3.8628520257 4.1204247282 4.1715134043 4.1761035068 4.5444988201 4.6877230163 4.7817254973 4.8503416463 4.9194456365 4.9798775473 5.0049157127 5.0378416194 5.0557427165 5.0834073288 5.1824978878 5.2884677992 5.2942224972 5.377866268 5.3963900198 5.4329485534 5.5355398146 5.5407389417 5.6355267504 5.6359151467 5.6697325544 5.6838886463 5.7135607598 5.7434547529 5.7841198949 5.8326935006 5.8578399992 5.9072710099 5.9073541466 5.9535026886 6.0070756941 6.0080244583 6.0557721938 6.158166882 6.1686187807 6.2442794467 6.2958138722 6.3605959875 6.4169009857 6.4169224275 6.4737432236 6.48430938 6.5790463473 6.6582485578 6.7860990318 6.8751916163 7.0205767585 7.0385546277 7.1147104998 7.1665079731 7.1679051055 7.2467483447 7.30669954 7.355383708 7.3631011132 7.4166788905 7.6116761077 7.7485974663 7.8173566364 7.8352088522 7.8673947252 7.9357692565 7.9608490891 8.0086110715 8.094389462 8.1930573898 8.3065667658 8.3152717106 8.3546489693 8.3733052757 8.4828381667 8.5866439503 8.6562444481 8.6888574738 8.7820990312 8.8348065128 8.9238989253 9.0124362599 9.0467784159 9.1538691672 9.4820261777 11.0466129707 11.4645083648 11.9489001221 16.0433958839 16.2302663375 16.2371762161 16.3832518036 16.5144800372 16.5274296478 24.1102180608 24.2430386804 24.4515280487
237 0.9737441577 1.0461357901 1.7429638374 2.0368048178 2.2006000019 3.443010849 3.5760643897 3.7744201609 3.8632994816 4.1368242741 4.1656312183 4.1980004725 4.550275847 4.6861701752 4.7846850451 4.8569018422 4.9178513324 4.9700051771 4.9897696537 5.0350709931 5.042395689 5.0841352002 5.1804290044 5.288680484 5.2925700871 5.3804293211 5.394556971 5.4348386965 5.5382258884 5.540349444 5.6298332458 5.6359133438 5.6651074338 5.6863165399 5.7136254876 5.7432740083 5.7838842592 5.8334158824 5.8599347934 5.9070220322 5.9092794701 5.9534798873 6.0090401005 6.0172305707 6.0571883235 6.1639170648 6.1676715189 6.2491809254 6.3137172985 6.3563213274 6.4162251694 6.4165047344 6.4792002819 6.4834668279 6.5743746946 6.6597396925 6.7898099642 6.8753894903 7.0168674046 7.0374907585 7.1124289638 7.1634415949 7.1667875325 7.2381971882 7.3035607754 7.3564613025 7.3651082 7.420158761 7.604151521 7.7385997093 7.8217859325 7.8414250656 7.8695900863 7.9442197168 7.9634849102 8.0091681607 8.089247909 8.1973635687 8.300459736 8.3151392248 8.3586338484 8.3703628092 8.4773335068 8.5852961736 8.6552827084 8.6907125404 8.7835731649 8.8341326757 8.9252345179 9.0152256333 9.0467569584 9.1524553832 9.4818461887 11.0467151873 11.464491611 11.9488614306 16.0433071824 16.2302757237 16.2373620427 16.3833332413 16.5143878155 16.5273438045 24.1101695649 24.2431172617 24.4514979433
238 1.0035247425 1.0769032561 1.7948767272 2.0060108783 2.170035377 3.3955943239 3.5808681404 3.7811824849 3.8626292132 4.1544796302 4.1552938278 4.2243042492 4.5554253758 4.6846851837 4.7877636163 4.8633192866 4.9158645469 4.9599539092 4.9737227138 5.0296096541 5.0322359322 5.085234584 5.178897557 5.2888854344 5.2906675554 5.3830561965 5.3925122037 5.4371767095 5.5399746111 5.5409408507 5.624189968 5.635912222 5.6604263875 5.6886931168 5.7136813982 5.7429920512 5.7836537148 5.834176157 5.8619935308 5.906684718 5.9108591595 5.9534535829 6.0100362825 6.0270728365 6.0584276231 6.166726926 6.169505362 6.2540195251 6.3307830944 6.3521990282 6.4156413138 6.4156696429 6.4825148918 6.4848350473 6.5711742187 6.6613336062 6.7933996604 6.8755690935 7.0130103093 7.0352189625 7.110315509 7.1605496384 7.1657218072 7.2302790767 7.3006636042 7.3499701697 7.3749071659 7.4234578891 7.596894936 7.7285594774 7.8260958937 7.8476607627 7.8717447123 7.9524755065 7.9659500235 8.0097282338 8.0840880258 8.2015010774 8.2943589722 8.314966026 8.3624699329 8.3676996461 8.4718543414 8.5839619248 8.6543494278 8.6925092534 8.7849803931 8.8334806914 8.9264391369 9.0180193709 9.0467363085 9.1510256709 9.481673398 11.0468139352 11.4644754188 11.9488240504 16.0432216224 16.2302847877 16.2375415127 16.3834120128 16.5142986422 16.5272607806 24.1101227625 24.243193141 24.4514688469
239 1.0332901596 1.1074810069 1.8467067971 1.9752787755 2.1396385225 3.3479679616 3.5854916217 3.7879954973 3.8610963464 4.1451147703 4.1731137778 4.250413042 4.5598489114 4.6832729606 4.7909512633 4.8695870243 4.9135213949 4.9498116987 4.9568932961 5.0174187812 5.0293414868 5.0866577238 5.1778061098 5.2885627528 5.2890819028 5.3857170821 5.3903578417 5.4398477572 5.5396157458 5.5436739762 5.618610371 5.6359116873 5.6557205098 5.6910144408 5.7137292206 5.7426167264 5.7834296726 5.834962388 5.8640049648 5.9063447169 5.9121172384 5.9534244751 6.0110085392 6.0365481397 6.0595067187 6.1657899152 6.1749162183 6.2587598087 6.3465390341 6.3482441013 6.414445109 6.4152609603 6.481455378 6.4904939132 6.5698360913 6.6630281707 6.7968548838 6.8757287766 7.0090323552 7.0315491441 7.1083730976 7.1578465159 7.1647116937 7.2232160739 7.2979961393 7.3436551024 7.3847661466 7.4264935131 7.5899688054 7.718488418 7.8302663372 7.853906255 7.8738395139 7.9604940948 7.9682442086 8.010287932 8.0789407924 8.2054512129 8.2882842733 8.3147550317 8.3653403979 8.3661471627 8.4664147366 8.5826481794 8.6534487334 8.6942384392 8.7863174452 8.8328532346 8.9275226458 9.0207981688 9.046716539 9.1495868207 9.4815083732 11.0469088243 11.4644598528 11.9487881292 16.0431395272 16.2302934939 16.2377139233 16.3834877965 16.5142128782 16.5271809139 24.1100778333 24.2432660226 24.4514408761
240 1.0630285511 1.1378316132 1.8984513031 1.9446231507 2.1094487913 3.3001389092 3.5899361487 3.7948341159 3.8589218427 4.1351207717 4.1924870438 4.2763131352 4.5634354514 4.6819376796 4.7942382074 4.875697017 4.910861201 4.9393875861 4.9397021834 5.0058354339 5.0263939908 5.0883527313 5.1770692159 5.2863021147 5.289269177 5.3881693408 5.3883827051 5.44276363 5.5392740834 5.5464158663 5.6131093558 5.6359116481 5.6510171461 5.6932763946 5.7137696982 5.7421560728 5.7832134837 5.8357628096 5.8659576714 5.9060047171 5.9131291684 5.9533932753 6.011952234 6.0456265402 6.0604415612 6.1648658832 6.1801328944 6.2633669332 6.3444710202 6.3604862128 6.4130167176 6.41500288 6.4802922752 6.4960599192 6.570787401 6.6648180002 6.8001625072 6.8758670504 7.0049665319 7.0263264791 7.1066026574 7.1553420096 7.1637608843 7.2171816411 7.2955471412 7.3375440626 7.3946693806 7.429199139 7.5834335177 7.7083996146 7.8342776627 7.8601495833 7.8758579725 7.9682228797 7.9703680345 8.0108435254 8.0738469157 8.209194756 8.2822581507 8.3145110286 8.3633068147 8.3696553638 8.4610295563 8.5813623339 8.6525846559 8.6958917686 8.787581314 8.832252893 8.9284944808 9.0235424515 9.0466977192 9.1481466241 9.481351643 11.0469994797 11.4644449755 11.9487538092 16.0430612054 16.2303018085 16.2378785999 16.3835602822 16.5141308717 16.5271045305 24.1100349489 24.2433356226 24.4514141425
241 1.0927244709 1.1679080556 1.9140620461 1.9501074621 2.0795149604 3.2521138412 3.594198205 3.8016690057 3.8562916563 4.1253426313 4.2123970661 4.3019880289 4.5660625515 4.6806828885 4.7976144938 4.8816397436 4.9079248616 4.9213001337 4.9297819987 4.9948522525 5.0234014415 5.0902652736 5.1766138457 5.2839306425 5.2894465822 5.3860013513 5.3910245341 5.4458562211 5.5389507897 5.5491584749 5.607703735 5.6359120156 5.6463410428 5.6954745315 5.7138035751 5.7416183609 5.783006432 5.8365659314 5.867840136 5.9056675814 5.9139490753 5.9533606918 6.0128625632 6.0542896885 6.0612472399 6.1639607087 6.1851373647 6.2678070034 6.3408936586 6.3721686191 6.4114323369 6.4148973305 6.4790320794 6.5014439867 6.5744222023 6.6666937071 6.8033095801 6.8759826645 7.0008516025 7.0194556064 7.1050031211 7.1530415414 7.16287285 7.2122808995 7.2933061958 7.3316656389 7.4045992265 7.4315227481 7.5773457613 7.6983081779 7.8381108506 7.8663761188 7.8777857885 7.9723228237 7.9755943508 8.0113909336 8.0688614928 8.2127125744 8.2763063957 8.314240863 8.3616164959 8.3729842476 8.4557149562 8.5801121789 8.6517611063 8.6974616761 8.7887692428 8.831682155 8.9293634996 9.0262323994 9.0466799138 9.1467139699 9.4812036968 11.0470855434 11.4644308464 11.9487212262 16.0429869504 16.2303096991 16.2380348982 16.3836291716 16.5140529562 16.5270319435 24.1099942731 24.2434016706 24.4513887535
242 1.1223575213 1.1976506056 1.8836182713 2.0016724474 2.0498983604 3.2038990232 3.5982698289 3.8084656483 3.8533606246 4.1158161692 4.2326739877 4.3274173404 4.5675992285 4.6795116065 4.8010695856 4.8874036772 4.9027161866 4.9047536628 4.9202325481 4.9844480552 5.0203740055 5.0923399071 5.1763783946 5.2814921119 5.2896134826 5.3838938678 5.3936147866 5.4490705999 5.5386469583 5.5518950284 5.6024128126 5.6359127056 5.6417152117 5.6976038862 5.7138315848 5.7410121982 5.7828097278 5.8373606254 5.8696408513 5.9053363391 5.914616635 5.9533274183 6.0137345704 6.061937858 6.0625226321 6.1630807324 6.1899102469 6.2720474346 6.3375252254 6.3812787567 6.4097517138 6.4149438117 6.4776841675 6.5065775851 6.5809954453 6.6686411865 6.8062834096 6.876074708 6.9967315556 7.0109165324 7.1035714963 7.1509466561 7.1620506902 7.2085382371 7.2912638231 7.3260490572 7.4145353462 7.4334269908 7.571756056 7.6882320713 7.8417474774 7.8725679651 7.8796105877 7.9741106042 7.9825188223 8.0119257586 8.0640612258 8.215986413 8.2704587274 8.3139533551 8.3602815663 8.376123429 8.4504889713 8.5789058576 8.6509818516 8.6989412945 8.7898787141 8.8311433978 8.9301378859 9.0288479301 9.0466631835 9.1452989334 9.4810649853 11.0471666751 11.4644175221 11.9486905092 16.0429170393 16.2303171349 16.238182207 16.3836941808 16.5139794496 16.5269634512 24.1099559605 24.2434639099 24.4513648108
243 1.151900312 1.2269824931 1.8533214454 2.0206772179 2.0531433806 3.155500369 3.6021389576 3.8151832227 3.8502578997 4.1065833623 4.2531739877 4.3525751779 4.5679113195 4.6784264057 4.8045918463 4.8837150818 4.8929745934 4.9013886349 4.9112474626 4.9745957522 5.0173246951 5.0945210407 5.1763111582 5.2790293804 5.2897692834 5.3818769484 5.3961263588 5.4523593701 5.5383636093 5.5546198059 5.5972591088 5.6359136385 5.637161646 5.6996587274 5.7138544397 5.7403467174 5.7826245033 5.8381361981 5.8713484245 5.9050141674 5.9151615869 5.9532941243 6.0145631699 6.0625264561 6.0703087738 6.1622327148 6.1944307747 6.2760573306 6.3343782002 6.3877542903 6.4080238664 6.4151386732 6.4762612252 6.5114075501 6.5905249244 6.6706410136 6.8090716504 6.8761427331 6.9926548707 7.0007661377 7.1023029779 7.1490556462 7.1612969867 7.2058989269 7.2894115274 7.3207241399 7.4244535288 7.434890828 7.5667055838 7.678193295 7.8451697515 7.8787030903 7.8813216782 7.9757340473 7.9888738003 8.0124433323 8.0595552 8.2189998401 8.2647495132 8.3136588439 8.3593074024 8.3790624662 8.445372242 8.5777518048 8.6502504924 8.7003244009 8.7909074391 8.8306388764 8.9308250983 9.0313686532 9.0466475845 9.1439128493 9.4809359206 11.0472425544 11.4644050563 11.9486617798 16.0428517317 16.230324087 16.2383199506 16.3837550406 16.5139106526 16.5268993359 24.1099201567 24.243522099 24.4513424106
244 1.1813153224 1.2558038337 1.8232111362 1.991952736 2.1045173215 3.1069234921 3.6057897719 3.8217732906 3.8470922687 4.0976936709 4.2737726812 4.3774276547 4.5668696825 4.6774294777 4.8081678344 4.8643745425 4.8978704883 4.8983346526 4.9030174641 4.9652702541 5.014270274 5.0967535825 5.1763687543 5.2765846948 5.2899134317 5.3799739513 5.3985327587 5.455678335 5.5381016872 5.5573277199 5.59226926 5.6327020139 5.6359147404 5.7016322321 5.7138728222 5.7396318633 5.7824518092 5.8388824538 5.8729516936 5.9047043643 5.9156066961 5.9532614464 6.0153431847 6.0630249717 6.0776269096 6.1614237689 6.1986768355 6.2798078719 6.3314642697 6.3918005007 6.406290924 6.41547428 6.4747797341 6.5158926286 6.6027663928 6.6726680497 6.8116624054 6.8761868977 6.9886736234 6.989125924 7.1011911106 7.147364247 7.1606136681 7.2042446789 7.2877418036 7.3157211969 7.434323958 7.4359119084 7.5622227293 7.6682196233 7.8483605699 7.8829098469 7.8847540894 7.9771963883 7.9944902167 8.0129387795 8.0554991216 8.2217392736 8.2592185332 8.313368356 8.3586914343 8.3817909253 8.4403889362 8.576658665 8.6495704388 8.7016053738 8.7918533473 8.8301707118 8.9314318532 9.0337738258 9.0466331685 9.1425683526 9.4808168772 11.0473128814 11.464393499 11.9486351516 16.0427912697 16.2303305285 16.2384475909 16.3838114985 16.513846847 16.5268398626 24.1098869972 24.2435760123 24.4513216431
245 1.2105499336 1.2839830647 1.7933418292 1.9638576641 2.1557912517 3.0581737576 3.6092030833 3.8281783167 3.8439566727 4.089205531 4.2943588998 4.4019289784 4.5643610668 4.6765226874 4.8117812814 4.8447762327 4.8942401879 4.8957141821 4.9034611819 4.9564551301 5.0112324639 5.0989833723 5.1765147108 5.2741999198 5.2900454183 5.3782036466 5.4008080954 5.458983092 5.5378620594 5.5600135953 5.587475114 5.6283584689 5.6359159431 5.7035160551 5.7138873767 5.7388788016 5.7822926111 5.8395897519 5.8744398515 5.9044103088 5.9159697155 5.9532299822 6.0160693979 6.0634442247 6.0844496611 6.1606612645 6.2026250927 6.2832726966 6.3287942683 6.3938192321 6.4045905915 6.4159381021 6.4732605134 6.5200011638 6.6172808069 6.674691361 6.8140443313 6.8762081208 6.9761630072 6.9848424428 7.1002280095 7.1458663408 7.1600018984 7.2034167907 7.2862481094 7.3110708337 7.4365087445 7.4441086074 7.5583200402 7.6583472133 7.8513035992 7.8843671875 7.8906864371 7.9785013295 7.9991415659 8.0134070958 8.0521071786 8.2241949565 8.2539117293 8.313092515 8.3584219642 8.3842984693 8.4355679434 8.575635187 8.6489448894 8.7027791582 8.7927145781 8.829740881 8.9319641313 9.0360423361 9.0466199829 9.1412793695 9.4807081921 11.0473773782 11.4643828968 11.9486107302 16.0427358765 16.2303364343 16.2385646291 16.3838633194 16.513788295 16.5267852778 24.1098566073 24.2436254409 24.4513025916
246 1.2395282968 1.3113448582 1.7637910604 1.9365683909 2.2069620473 3.009256338 3.6123568112 3.8343301202 3.8409317246 4.0811879118 4.3148287503 4.4260150792 4.5603006918 4.6757076183 4.8154115379 4.8250135248 4.8894743085 4.890540304 4.9083250813 4.9481478496 5.0082395291 5.1011575177 5.1767182958 5.271916617 5.2901647789 5.3765815558 5.4029271596 5.4622262081 5.5376455148 5.5626709731 5.5829150158 5.6241547752 5.6359171849 5.7052997619 5.7138987029 5.738100477 5.7821477879 5.8402490651 5.8758025753 5.9041354098 5.9162647001 5.9532002847 6.0167366205 6.0637939193 6.0907429118 6.1599527043 6.2062512184 6.2864282406 6.3263781237 6.3942947581 6.4029576385 6.4165117911 6.4717292908 6.5237094433 6.6335424773 6.676674546 6.8162067479 6.8762082297 6.9620731754 6.9812173308 7.0994046426 7.1445546234 7.1594620013 7.203239069 7.2849248169 7.3068036595 7.4367216353 7.4537572431 7.5549924789 7.6486246052 7.8539833789 7.8856869547 7.8964560466 7.979652923 8.0025585719 8.0138432406 8.04963919 8.2263617187 8.2488818302 8.3128404181 8.3584768482 8.3865749739 8.4309444352 8.5746900947 8.648376809 8.7038412386 8.7934894721 8.8293512061 8.932427199 9.0381527499 9.0466080706 9.140061031 9.4806101663 11.0474357898 11.4643732923 11.9485886123 16.042685756 16.2303417815 16.2386706084 16.3839102871 16.5137352374 16.5267358083 24.1098291017 24.2436701936 24.4512853331
247 1.2681375288 1.3376532129 1.7346732211 1.9103218568 2.2580264318 2.9601762862 3.6152265961 3.8380882421 3.8401484755 4.0737217242 4.335079376 4.4495928473 4.5546449331 4.6749856085 4.8052034074 4.8190311139 4.8843855636 4.8868174374 4.9128887981 4.9403642474 5.0053282941 5.1032247541 5.1769535953 5.2697759177 5.290271095 5.3751207809 5.404865609 5.4653547889 5.5374527628 5.5652901386 5.5786352114 5.6201180686 5.6359184103 5.7069700995 5.7139073506 5.737312343 5.7820181295 5.8408520388 5.8770301594 5.9038830444 5.9165028982 5.9531728581 6.0173397741 6.0640826577 6.0964660574 6.1593055709 6.2095302596 6.2892540008 6.3242248099 6.3936999706 6.4014246874 6.4171703556 6.4702172364 6.5270003921 6.6510231079 6.6785765454 6.8181397479 6.876190073 6.9470727175 6.9778543433 7.098711175 7.1434212011 7.158993439 7.2035355179 7.283767148 7.3029498833 7.4366114477 7.4632011777 7.5522177112 7.6391189693 7.8563854471 7.8868634378 7.902005921 7.9806554359 8.0045125209 8.0142422428 8.0483202979 8.2282393497 8.2441886744 8.3126187434 8.3588218637 8.3886106676 8.4265618837 8.5738319352 8.6478689092 8.7047876169 8.7941765641 8.8290033453 8.9328256406 9.0400834532 9.0465974698 9.1389294833 9.4805230656 11.0474878853 11.4643647244 11.9485688855 16.0426410921 16.2303465494 16.2387651148 16.3839522052 16.5136878929 16.52669166 24.1098045838 24.2437100972 24.4512699372
248 1.2962033471 1.3625884491 1.7061639236 1.8854385623 2.3089808827 2.9109386486 3.6177865859 3.8354888926 3.8455402655 4.0669006739 4.3550011568 4.472521238 4.5474027729 4.6743577807 4.7855063 4.8226016587 4.8804758692 4.8831263116 4.9171039086 4.9331432915 5.0025465546 5.1051359366 5.1771988101 5.2678181344 5.290363995 5.3738325015 5.4066002651 5.4683084644 5.5372844315 5.5678548416 5.5746911684 5.6162817983 5.6359195706 5.7085101075 5.7139138142 5.7365332586 5.7819043357 5.8413910552 5.8781136488 5.903656484 5.9166933628 5.953148154 6.0178739888 6.0643179601 6.1015730092 6.1587271509 6.2124371564 6.2917326815 6.322342308 6.3924474151 6.4000224757 6.4178816178 6.4687613234 6.5298624153 6.6692239649 6.680352968 6.8198343034 6.8761575578 6.9314034564 6.9748081472 7.0981373686 7.1424581042 7.1585948583 7.2041416161 7.2827711043 7.299538791 7.4362558682 7.4723434058 7.5499587076 7.6299259725 7.8584964855 7.887891852 7.9072617346 7.9815131983 8.0049714814 8.0145993167 8.0481894075 8.229832448 8.2398989689 8.3124312987 8.3594086529 8.3903962944 8.4224745776 8.5730689059 8.6474236297 8.7056147953 8.7947745762 8.828698784 8.9331633929 9.0418129267 9.0465882142 9.1379015631 9.4804471214 11.0475334589 11.4643572275 11.948551628 16.0426020485 16.2303507196 16.2388477797 16.3839888978 16.5136464571 16.5266530172 24.109783146 24.2437449974 24.4512564658
249 1.3234453434 1.3857178826 1.678544728 1.8623518978 2.3598214314 2.8615486831 3.620010418 3.8331890666 3.8503998478 4.0608309021 4.3744654486 4.4945768148 4.53864689 4.6738250657 4.7661612368 4.8260672617 4.8777063428 4.8795366012 4.9209085969 4.9265534229 4.9999555938 5.1068447434 5.1774357383 5.2660820779 5.2904431551 5.3727262564 5.4081095104 5.4710181093 5.5371410675 5.5703367897 5.5711483831 5.6126907926 5.6359206234 5.7098981522 5.7139185294 5.7357864643 5.7818070148 5.8418593029 5.8790449688 5.9034588134 5.9168433751 5.9531265685 6.0183347118 6.0645062865 6.1060139483 6.1582243392 6.2149474186 6.2938501975 6.3207375754 6.3908756716 6.3987797131 6.41860623 6.467404266 6.5322883005 6.6819579159 6.6876589132 6.8212823663 6.8761155657 6.9153564838 6.9721304787 7.097673024 7.1416577108 7.1582642174 7.2049104231 7.2819333952 7.2965981055 7.4357434082 7.481043081 7.5481682989 7.6211853009 7.8603044789 7.8887682436 7.912126459 7.9822304397 8.0041968081 8.0149099832 8.0490092061 8.2311496943 8.236085141 8.3122790903 8.3601723803 8.3919232939 8.4187504752 8.5724086664 8.647043121 8.7063197635 8.7952824125 8.8284388264 8.9334437823 9.0433201781 9.0465803333 9.1369943167 9.480382532 11.0475723303 11.4643508319 11.948536908 16.0425687678 16.2303542759 16.2389182802 16.3840202108 16.5136111012 16.5266200414 24.1097648685 24.2437747596 24.4512449735
250 1.349392206 1.4064638239 1.65228792 1.8416401465 2.4105431673 2.8120123689 3.621872393 3.8312371092 3.8546115505 4.0556284944 4.3933001879 4.5153890248 4.5285315285 4.6733882224 4.7475511576 4.8293433529 4.8759673717 4.8761441863 4.9207016191 4.9242258497 4.9976319816 5.1083086325 5.1776494051 5.2646040719 5.2905083001 5.3718100869 5.4093737661 5.4734059785 5.5370231347 5.5680819198 5.5726864314 5.6094099552 5.635921533 5.7111071586 5.7139218698 5.7351003645 5.7817266828 5.8422508487 5.8798170481 5.9032928439 5.9169587387 5.9531084404 6.018717823 6.064653059 6.109737822 6.1578034343 6.2170379483 6.2955955262 6.3194165231 6.3892532963 6.3977226265 6.4192986529 6.4661936464 6.5342741546 6.6833462298 6.705791409 6.8224769602 6.8760697068 6.8993273205 6.9698685583 7.0973084477 7.1410130862 7.1579989932 7.2057154522 7.2812513683 7.29415325 7.4351660061 7.4890919993 7.546794824 7.6131041773 7.8617988816 7.889489408 7.9164749857 7.982811119 8.0026524353 8.0151701926 8.0503646754 8.2322026068 8.2328229096 8.3121608499 8.361029794 8.3931839899 8.4154737158 8.5718581416 8.6467292295 8.7068999879 8.7956991537 8.828224589 8.933669559 9.0445853429 9.0465738515 9.136224353 9.4803294632 11.047604346 11.4643455636 11.9485247841 16.0425413714 16.2303572045 16.2389763414 16.3840460127 16.5135819715 16.5265928704 24.10974982 24.2437992686 24.4512355067
251 1.3732203253 1.4240823281 1.6282179061 1.8240477363 2.4611387596 2.7623378965 3.6233487966 3.8296740487 3.8580553128 4.0514138448 4.4112294374 4.5173422433 4.5343186321 4.6730478524 4.7303249113 4.8322994741 4.8730885361 4.875076636 4.9157450434 4.9269640766 4.9956669509 5.109490037 5.177827806 5.2634167063 5.2905592039 5.371090594 5.4103760169 5.4753883008 5.5369310135 5.5655735929 5.5748183313 5.6065383289 5.6359222706 5.7121046481 5.713924144 5.7345085031 5.7816637626 5.842560711 5.8804239319 5.9031610262 5.9170439856 5.9530940488 6.0190197517 6.0647626832 6.1126954958 6.1574699339 6.2186879698 6.2969604276 6.318384 6.3877878301 6.3968742853 6.4199095775 6.4651797308 6.5358183971 6.68447601 6.7229060603 6.8234122619 6.8760258944 6.8839327479 6.9680635402 7.0970349185 7.1405182463 7.1577964606 7.2064519404 7.2807229469 7.2922265495 7.4346112852 7.4961830948 7.5457878555 7.605988865 7.8629707845 7.8900528203 7.9201515792 7.9832587571 8.0008365856 8.0153764419 8.0518379196 8.2301872955 8.2330039369 8.312073853 8.361879436 8.3941717802 8.4127450595 8.5714233271 8.6464834845 8.7073534046 8.7960240535 8.8280569936 8.9338429284 9.0455904358 9.0465687892 9.1356070515 9.4802880497 11.0476293793 11.4643414437 11.9485153042 16.0425199591 16.2303594942 16.2390217367 16.3840661945 16.5135591889 16.5265716183 24.1097380569 24.2438184299 24.4512281036
252 1.3934718683 1.4376839359 1.6077931389 1.8104645007 2.5115925656 2.7125415677 3.6244192812 3.8285329883 3.8606161118 4.0483022314 4.4276882646 4.5056684152 4.5502501034 4.6728044122 4.715605198 4.8347383253 4.8705738023 4.8747821619 4.9118998344 4.929022832 4.9941606728 5.1103577177 5.1779617369 5.2625474256 5.29059569 5.3705729459 5.4111023403 5.4768814138 5.5368650005 5.5637056756 5.5765923269 5.6042273789 5.6359228135 5.7128546016 5.7139255943 5.7340477128 5.781618584 5.8427849296 5.880860879 5.9030653674 5.9171025181 5.9530836122 6.0192375867 6.0648385658 6.1148433406 6.1572283436 6.2198799993 6.2979390775 6.3176437831 6.3866340007 6.3962538066 6.4203901777 6.4644115475 6.5369208495 6.6853112094 6.7378627848 6.8240836691 6.8702462018 6.8759897609 6.9667490873 7.0968451247 7.1401683547 7.1576540152 7.2070375312 7.2803465753 7.2908364255 7.4341554035 7.5018827447 7.5451031985 7.6002723627 7.8638130703 7.8904565774 7.9229760271 7.9835762801 7.9991854112 8.0155258819 8.0531039085 8.2282470873 8.233565929 8.3120148288 8.3626072288 8.3948813143 8.410677006 8.5711091063 8.646307087 8.7076784135 8.7962565347 8.8279367629 8.9339655772 9.0463202011 9.0465651621 9.1351556777 9.480258395 11.0476473312 11.464338489 11.9485085058 16.0425046088 16.230361136 16.239054289 16.3840806713 16.5135428477 16.5265563741 24.1097296231 24.2438321697 24.4512227941
253 1.4077387566 1.4463438358 1.5934221391 1.8018155177 2.5618396468 2.6626887878 3.6250681811 3.8278383417 3.8621966928 4.0463910901 4.4411438439 4.4950700994 4.5613712833 4.6726582217 4.7052091327 4.8363913836 4.8688733157 4.8747869666 4.90942797 4.9303061559 4.9932089126 5.1108881268 5.1780446851 5.2620171107 5.2906176323 5.3702608608 5.4115423915 5.4778117458 5.5368253078 5.5625508139 5.5778060806 5.6026879329 5.6359231456 5.713322201 5.7139263946 5.7337533844 5.7815913825 5.8429206263 5.881124443 5.9030073588 5.9171367059 5.9530772873 6.0193691723 6.0648831293 6.1161468722 6.1570820121 6.2206007635 6.2985276761 6.3171985726 6.3858993561 6.3958755558 6.4206981058 6.4639312513 6.5375819693 6.6858240494 6.748728234 6.8244878552 6.8601585152 6.8759659932 6.965950165 7.0967335444 7.1399598638 7.1575695012 7.2074128321 7.2801211746 7.2899966552 7.4338571313 7.5056501529 7.5447067327 7.5964950213 7.8643205489 7.8906993529 7.9247664268 7.9837658844 7.998042151 8.015616408 8.0539450775 8.2270582975 8.233898683 8.3119807935 8.3631013223 8.3953086482 8.409379651 8.5709190922 8.6462009011 8.7078738743 8.7963961871 8.8278644161 8.9340386951 9.0465629814 9.0467629679 9.1348805009 9.4802405728 11.0476581309 11.4643367114 11.948504416 16.0424953762 16.2303621236 16.2390738714 16.3840893819 16.5135330157 16.526547202 24.1097245501 24.2438404348 24.4512195999
254 1.4130135377 1.4493258021 1.5881126247 1.7988371726 2.6073395297 2.6173203078 3.6252856083 3.8276051057 3.8627313219 4.0457462622 4.4471381421 4.4900257263 4.5654578633 4.6726094706 4.7013639373 4.8369839472 4.8682646279 4.8748255933 4.9085699817 4.9307427965 4.9928828061 5.111066592 5.1780727651 5.2618388515 5.2906249549 5.3701565823 5.4116897936 5.4781280198 5.5368120627 5.5621597542 5.5782439877 5.6021408659 5.6359232574 5.7134813353 5.7139266497 5.7336519696 5.7815822996 5.8429660539 5.8812125316 5.9029879191 5.9171479476 5.9530751686 6.0194131832 6.0648978231 6.1165839316 6.1570330026 6.2208419604 6.298724102 6.317049989 6.3856474576 6.3957484619 6.4208042243 6.463767715 6.5378022717 6.6859969947 6.7528465564 6.8246228083 6.856301963 6.8759577063 6.96568213 7.0966967401 7.1398906092 7.1575414956 7.2075419385 7.2800461108 7.2897157688 7.4337534949 7.5069784131 7.5445770124 7.5951634797 7.8644900619 7.8907803643 7.925381308 7.9838289319 7.9976340914 8.0156467284 8.054238661 8.2266577465 8.2340088313 8.3119696916 8.3632767399 8.3954513643 8.4089366432 8.5708555046 8.6461654477 8.7079391037 8.7964427651 8.8278402656 8.9340629894 9.0465622537 9.0469113929 9.1347880314 9.4802346272 11.0476617355 11.464336118 11.9485030509 16.042492295 16.2303624533 16.2390804073 16.3840922895 16.5135297339 16.5265441403 24.109722857 24.2438431933 24.4512185337
255 1.4130135377 1.4493258021 1.5881126247 1.7988371726 2.6073395297 2.6173203078 3.6252856083 3.8276051057 3.8627313219 4.0457462622 4.4471381421 4.4900257263 4.5654578633 4.6726094706 4.7013639373 4.8369839472 4.8682646279 4.8748255933 4.9085699817 4.9307427965 4.9928828061 5.111066592 5.1780727651 5.2618388515 5.2906249549 5.3701565823 5.4116897936 5.4781280198 5.5368120627 5.5621597542 5.5782439877 5.6021408659 5.6359232574 5.7134813353 5.7139266497 5.7336519696 5.7815822996 5.8429660539 5.8812125316 5.9029879191 5.9171479476 5.9530751686 6.0194131832 6.0648978231 6.1165839316 6.1570330026 6.2208419604 6.298724102 6.317049989 6.3856474576 6.3957484619 6.4208042243 6.463767715 6.5378022717 6.6859969947 6.7528465564 6.8246228083 6.856301963 6.8759577063 6.96568213 7.0966967401 7.1398906092 7.1575414956 7.2075419385 7.2800461108 7.2897157688 7.4337534949 7.5069784131 7.5445770124 7.5951634797 7.8644900619 7.8907803643 7.925381308 7.9838289319 7.9976340914 8.0156467284 8.054238661 8.2266577465 8.2340088313 8.3119696916 8.3632767399 8.3954513643 8.4089366432 8.5708555046 8.6461654477 8.7079391037 8.7964427651 8.8278402656 8.9340629894 9.0465622537 9.0469113929 9.1347880314 9.4802346272 11.0476617355 11.464336118 11.9485030509 16.042492295 16.2303624533 16.2390804073 16.3840922895 16.5135297339 16.5265441403 24.109722857 24.2438431933 24.4512185337
256 1.4142711097 1.4496041331 1.5892176312 1.7975080545 2.610449793 2.6204894995 3.6255907023 3.8278973101 3.8628210165 4.0459223111 4.4471611509 4.4900507319 4.5651957901 4.6728626962 4.7009712787 4.8366342051 4.8684023865 4.8744186065 4.9078542821 4.9302841826 4.9923930353 5.1098892789 5.1785537903 5.2600972397 5.2893336179 5.3681891215 5.4144827714 5.4744857411 5.5355451597 5.5628440244 5.5788727119 5.6027690468 5.6349691403 5.7133373115 5.7151560576 5.7343188199 5.7789667347 5.8406287252 5.8822991208 5.9050733775 5.9176700482 5.9563652142 6.0195386815 6.0654007662 6.1168798941 6.1579070278 6.2223991127 6.2988766381 6.3169578439 6.3791482146 6.403213228 6.4208886773 6.4642456159 6.5380179766 6.6853041342 6.7536572038 6.8250331363 6.8537280963 6.8786924767 6.9655603194 7.096719577 7.1385202136 7.1575483656 7.2084538443 7.280509081 7.2897388384 7.4338806529 7.5069580941 7.5447271016 7.5952870816 7.8641830841 7.88989643 7.9246585644 7.9836752364 7.9952510694 8.017741499 8.0545263107 8.2228703758 8.2362136851 8.3134825578 8.3637433067 8.3951992552 8.4090787965 8.5706101126 8.6459385535 8.7075954439 8.7961490871 8.8275494727 8.9338891389 9.0446197624 9.0483332276 9.1352407647 9.4800170971 11.0478373768 11.4642454799 11.9482412117 16.0424885548 16.230380519 16.2390376975 16.3840411345 16.5132714678 16.5267305954 24.1096894308 24.2438124586 24.4511515744
257 1.4180374477 1.4504614848 1.5925286333 1.7936454741 2.6193392933 2.6302855864 3.6265050703 3.8287720893 3.8630914311 4.0464502597 4.4472201189 4.4901332574 4.5644145822 4.673603041 4.699815923 4.8355896045 4.8688120778 4.8732021613 4.9057211276 4.9289077999 4.9909274442 5.1064495598 5.1797790118 5.25512885 5.2854558747 5.363569849 5.4213448625 5.4647872299 5.5317094963 5.5650637557 5.57720616 5.6067655344 5.6325056202 5.7130459045 5.7181820464 5.7364881634 5.772034902 5.8345428316 5.88530537 5.9106584452 5.9193373622 5.9653829284 6.0199191669 6.0669075667 6.1178072144 6.1604811106 6.2269948866 6.2993381224 6.3167128037 6.3703501898 6.4149039509 6.4211375577 6.4656722168 6.5386658024 6.6833452507 6.7559623999 6.8262557839 6.8482339809 6.8846702843 6.9651925671 7.0967857958 7.1346809087 7.1575653386 7.2109386819 7.2819029942 7.289809217 7.4342247836 7.5068992982 7.5451947356 7.5956615808 7.8632626133 7.8872877453 7.9224079046 7.9832145839 7.9899572746 8.0222329256 8.0554011684 8.2151519463 8.2396988245 8.3173593145 8.365220594 8.3944432159 8.4095487446 8.5698742914 8.6452582031 8.7065671894 8.7952713327 8.8266774474 8.9333659241 9.041933873 9.0494935923 9.1365623378 9.4793649638 11.0483643362 11.4639739004 11.9474560752 16.0424773643 16.23043404 16.2389096266 16.3838885128 16.5125396245 16.5272473553 24.1095892861 24.2437203963 24.4509509391
258 1.4242935835 1.4519630318 1.5980336537 1.7876015605 2.6331184873 2.6471634979 3.6280259659 3.8302237419 3.8635467693 4.0473295049 4.4472848403 4.4902958769 4.5631287042 4.6747611676 4.6979768697 4.8338652641 4.8694812723 4.8711887297 4.9022111886 4.9266129284 4.9884973277 5.1009577434 5.1811245537 5.2476789215 5.2789848048 5.3581380693 5.4294475714 5.451799341 5.5252443092 5.5659058258 5.5730007748 5.6146311014 5.6293914466 5.7126934636 5.721782349 5.7405008484 5.763112624 5.826371052 5.8898709059 5.9184688754 5.9221665932 5.9783777856 6.02056683 6.0694097736 6.1194697959 6.1646156397 6.234415275 6.3001217503 6.3164057872 6.3624613451 6.4215388272 6.4276026648 6.4680270244 6.5397485635 6.6804138706 6.7594457717 6.828266024 6.8419564106 6.8917580833 6.9645724473 7.0968887052 7.1289998992 7.1575814366 7.2144379997 7.284234616 7.289930402 7.4346777821 7.5068084657 7.5460309911 7.5962980117 7.8617300442 7.8830788308 7.9183822358 7.9824482791 7.9837420837 8.0273207284 8.0568976485 8.2055432482 8.2435036671 8.3221337461 8.3678783842 8.3931841106 8.4104869312 8.5686491079 8.6441253938 8.7048625789 8.7938192678 8.8252252479 8.9324884765 9.0386586474 9.0503373588 9.1386532576 9.4782795991 11.0492427188 11.4635223834 11.9461487841 16.0424588109 16.2305209948 16.2386963763 16.3836369383 16.5114318524 16.5279978224 24.1094228244 24.2435674321 24.4506173547
259 1.4330084446 1.454211353 1.605712977 1.7798980021 2.6513267647 2.670929493 3.6301488006 3.8322420413 3.8641947969 4.0485590129 4.4473051347 4.4905761054 4.5613605223 4.6761674452 4.695639182 4.8314888681 4.8683952096 4.8703853131 4.8973894697 4.9234007431 4.9851219402 5.0936201546 5.1815663874 5.2389547316 5.2699214306 5.3528230001 5.429897893 5.4446658997 5.5161583696 5.5548062708 5.5779141975 5.6225379406 5.6263737373 5.7124205878 5.725014122 5.7463048726 5.7552778788 5.8174566339 5.8957593886 5.9259148655 5.927529606 5.9937555589 6.0215025188 6.0728868604 6.1220030153 6.1700907084 6.2443363468 6.3012551106 6.3161777291 6.3558888605 6.422076294 6.4408919128 6.4712785746 6.5412734126 6.6768502431 6.7637225586 6.8310235604 6.8356239448 6.8992365169 6.9636917283 7.097017746 7.1221508924 7.1575781624 7.2184088471 7.2874906534 7.2901081827 7.4350731616 7.5066961877 7.547316873 7.5972146021 7.8595877205 7.8774598778 7.912202475 7.9775502359 7.9813785069 8.0323549015 8.0590661028 8.1948845291 8.2477517559 8.3264227222 8.371757442 8.391423382 8.4121567134 8.5669363506 8.6425417908 8.702495564 8.7918089342 8.823194632 8.9312490904 9.0348442624 9.0509508532 9.1413760311 9.4767632935 11.0504726933 11.4628925988 11.94432124 16.0424330327 16.2306380391 16.2383982686 16.3832905462 16.5100486493 16.5288832598 24.1091907131 24.2433542724 24.4501520299
260 1.4441396319 1.4573383185 1.6155395078 1.7711531559 2.6738995308 2.7008533173 3.6328671251 3.8348109242 3.8650482064 4.0501372759 4.4472119983 4.4910253288 4.5591381859 4.6773932937 4.6932516601 4.8285005631 4.8648357627 4.8714852161 4.891344554 4.9192762967 4.9808291096 5.0845668409 5.1796294609 5.2306126285 5.2582883812 5.3479388328 5.414793718 5.4514589137 5.5045946349 5.5386590799 5.5862151078 5.6238034896 5.6268403891 5.7123739728 5.7276481041 5.7518090258 5.7531189401 5.8089437184 5.9027649611 5.9302402502 5.9372878685 6.0103734326 6.0227561393 6.077300446 6.1255419409 6.1766204664 6.2563450239 6.3027891782 6.3162047372 6.350871775 6.4227333216 6.4545361977 6.475388222 6.5432562708 6.6729529798 6.7684152994 6.8295411472 6.8344738148 6.9068210724 6.9625469229 7.0971593091 7.1147099251 7.1575292924 7.2224820274 7.2903505752 7.2916104969 7.4352084884 7.5065769931 7.5491550388 7.598436505 7.8568389654 7.8706596217 7.9034817516 7.9719598625 7.9800083465 8.0370651079 8.0619539095 8.1837791338 8.2524534426 8.3294572992 8.3764715238 8.3891630546 8.4149577748 8.5647385443 8.6405097315 8.6994861657 8.7892623289 8.820588048 8.9296378377 9.0305755137 9.0513966988 9.1445816915 9.4748192618 11.0520544821 11.4620868771 11.9419760979 16.0424002077 16.2307805381 16.2380158011 16.3828550118 16.50846851 16.5298276567 24.1088938825 24.243081901 24.449556652
261 1.4576344445 1.4614953877 1.627479249 1.7620143257 2.700758716 2.736152809 3.6361726021 3.8379061102 3.8661270685 4.052062255 4.4469208432 4.4917056732 4.5564934162 4.6774296928 4.6918470236 4.8249493587 4.8605080662 4.8727281689 4.8841938636 4.9142495669 4.9756560525 5.0738425637 5.173767608 5.2243275323 5.2441411219 5.3434100223 5.3972052194 5.4592418718 5.4908151589 5.5198489561 5.5958521222 5.6216441384 5.62593871 5.7126518631 5.7296129918 5.7549413334 5.759784051 5.8022190211 5.9106827136 5.9348441958 5.9474478422 6.0243671511 6.0274611013 6.0825910808 6.130203086 6.1838675791 6.2699290913 6.3048086243 6.3166808349 6.3476805791 6.4234954721 6.4683150488 6.4803145923 6.5457297194 6.668949383 6.7731583764 6.8239299657 6.8385495696 6.914329743 6.9611560636 7.0972977465 7.1071498809 7.1574007562 7.2264700421 7.2906677181 7.2964633292 7.4348797002 7.5064690553 7.5516555683 7.5999953771 7.8534881268 7.8629073108 7.892021413 7.9672920088 7.978341794 8.0413121391 8.0655709099 8.1726518861 8.2575019115 8.3311225686 8.3812176972 8.3864057397 8.4193347419 8.5620589711 8.6380322313 8.6958610253 8.7862070078 8.8174086224 8.927643438 9.025952996 9.0517133318 9.1481288559 9.4724516515 11.0539883485 11.4611082027 11.9391167604 16.0423605391 16.2309425963 16.2375497105 16.3823374366 16.5067469697 16.5307787009 24.1085335219 24.2427515736 24.4488333819
262 1.4668434927 1.4734310943 1.6414918797 1.7531069141 2.7317379042 2.7761270378 3.6400549683 3.8414908747 3.8674631478 4.0543313067 4.4463377529 4.4926838797 4.5534595737 4.6751175998 4.6926099439 4.8208868683 4.8553662708 4.8740497852 4.8761023577 4.9083354688 4.9696503713 5.0614280938 5.1636217278 5.2205415822 5.227573294 5.3384688011 5.3798701832 5.465625224 5.4751350931 5.4995891149 5.6036042849 5.6196010653 5.6232421932 5.7131802437 5.7305667176 5.7645084708 5.7651403339 5.7991314644 5.9193225495 5.9395256093 5.9578373351 6.0263858657 6.0444914303 6.0886786466 6.1360797895 6.1914587426 6.2844094658 6.3074301297 6.3178090752 6.3467282082 6.4243516993 6.4819867311 6.4860176845 6.5487564014 6.6649973334 6.777549601 6.8190557967 6.8431728425 6.9215661861 6.9595999972 7.0974164625 7.0998720715 7.1571507453 7.2303188221 7.2910717222 7.301833669 7.4339279876 7.5063938236 7.5549165892 7.6019287627 7.8495406398 7.8543682447 7.877954192 7.9635935156 7.9763837912 8.0450428635 8.0698568758 8.161794519 8.2627317854 8.3316485217 8.3831546409 8.3852727395 8.4254984709 8.5589016988 8.6351129911 8.691654207 8.7826756532 8.8136601439 8.9252543833 9.0210780766 9.0519199546 9.1518933811 9.4696655534 11.0562745799 11.4599602052 11.9357473684 16.0423142377 16.2311170606 16.2370010917 16.3817462038 16.5049229648 16.5317014376 24.1081110749 24.2423648111 24.447984847
263 1.4735435214 1.4914600487 1.6575314085 1.7450027751 2.766615924 2.8201609734 3.6445019832 3.8455086244 3.8691074286 4.056941099 4.4453685931 4.4940223208 4.55007019 4.670687584 4.6953356982 4.8163598594 4.8492690019 4.8673265825 4.8753766071 4.901553104 4.9628712317 5.0472680956 5.1503212765 5.2087154457 5.2182202605 5.3306316346 5.3653379745 5.4578622306 5.4670339135 5.4818824414 5.6004248046 5.6172595054 5.6297445906 5.7133349352 5.7303475316 5.7690392324 5.7786728436 5.8008851816 5.9285225906 5.9441868184 5.9683334984 6.0288765047 6.0610869019 6.095466054 6.1432439516 6.1990070391 6.2987871565 6.3107528124 6.3198306905 6.3487386713 6.4252944701 6.4924617703 6.4952647611 6.5524500437 6.6611955116 6.7810737578 6.8153129115 6.8482568647 6.9282087725 6.9581235542 7.0932284143 7.0974989685 7.1567301867 7.2340509685 7.2915764639 7.3074088208 7.4322977902 7.5063755917 7.5590041895 7.6042792364 7.8449398017 7.8450031133 7.8618730727 7.960722041 7.9741402627 8.0482620569 8.0746827038 8.151411054 8.2679559598 8.331317788 8.379413562 8.3884485533 8.4331932994 8.5552716152 8.6317564069 8.6869083242 8.7787056415 8.8093470452 8.9224603057 9.0160441548 9.0520219919 9.1557710277 9.4664670147 11.0589134679 11.4586471475 11.9318727915 16.0422615032 16.2312954243 16.236371643 16.3810908019 16.5030247978 16.532572322 24.107628233 24.241923391 24.4470141339
264 1.4817481322 1.5116454375 1.6755468776 1.7382043879 2.8051448426 2.8677185916 3.6494993626 3.8498704571 3.8711426684 4.0598875141 4.4439290674 4.4957690328 4.5463579794 4.6649432366 4.6992449095 4.8114024623 4.8419066949 4.8582799449 4.876627862 4.8939244432 4.9553907329 5.0312979888 5.135232783 5.187728921 5.2161712043 5.316406903 5.3563980216 5.4392671345 5.451817266 5.4793837915 5.590388816 5.6141952028 5.6432986521 5.7113021053 5.7304248419 5.7730906375 5.795569558 5.8064352504 5.9381549061 5.9488203669 5.9788216184 6.0319227841 6.0769698443 6.1028453185 6.151744716 6.2061488499 6.3116523819 6.3147100293 6.3231356207 6.354842946 6.4263194068 6.4996167245 6.5077955926 6.5570012928 6.6575925679 6.783098745 6.8132190122 6.8537080562 6.9336031842 6.9573590755 7.0875250618 7.0975297968 7.1560836875 7.2377173192 7.2921973179 7.3127556941 7.4301026667 7.5064410163 7.5639383284 7.607093265 7.8332641491 7.8398834463 7.8456882783 7.9584727306 7.9716181626 8.0509812228 8.0798860123 8.1416563938 8.2729870819 8.3303528359 8.3751869152 8.3910098155 8.4418460366 8.5511744706 8.62796758 8.6816760799 8.7743386366 8.8044743809 8.9192535381 9.0109325761 9.0520155074 9.1596763148 9.4628630551 11.0619052851 11.4571739136 11.9274986151 16.0422025036 16.2314674307 16.2356642396 16.3803816207 16.5010742252 16.533375148 24.1070869285 24.2414293381 24.4459247785
265 1.4915953113 1.5339064649 1.6954830921 1.7331397473 2.8470662461 2.91833543 3.6550306913 3.8544376106 3.873701068 4.0631655409 4.4419526137 4.4979497961 4.5423542401 4.658325823 4.7039168201 4.8060279985 4.832833776 4.8494939748 4.8777161985 4.8854723373 4.9472954929 5.0134693167 5.1193136191 5.1647978916 5.2137162766 5.2964251286 5.3505534916 5.4195778901 5.4331007229 5.4809966034 5.5796256603 5.6100542776 5.6590466502 5.7054850786 5.7330189997 5.7786121642 5.8138924717 5.8139639521 5.9481255462 5.9534912763 5.9891694972 6.035635775 6.0919489595 6.110704973 6.1615970932 6.2125960171 6.318941457 6.3219167031 6.3283354851 6.365845541 6.4274249062 6.5074579028 6.5191592161 6.5626833954 6.6541939247 6.7832014768 6.8130752426 6.8594279134 6.9366355663 6.958481664 7.0830114759 7.0974952001 7.1551510006 7.2413612617 7.2929508318 7.3172820183 7.4276920839 7.5066186055 7.56968963 7.6104197544 7.8160421971 7.8332289952 7.834190989 7.9566558025 7.9688255309 8.0531683835 8.0853061426 8.1326703603 8.2776525253 8.3289091301 8.370479731 8.393344821 8.4508692349 8.546616927 8.6237523297 8.6760223179 8.7696202227 8.7990478031 8.9156307642 9.0058111389 9.0518904116 9.1635398736 9.4588616842 11.0652502607 11.4555459932 11.9226311272 16.0421373551 16.2316196699 16.23488454 16.37962972 16.4990890116 16.5340985054 24.1064893268 24.2408849134 24.4447207559
266 1.5032038033 1.5581587752 1.7172813513 1.7301634724 2.8921207518 2.9716102055 3.6610773141 3.8590099492 3.8769759078 4.0667691575 4.4393937541 4.5005645286 4.5380885096 4.6510363199 4.7091646713 4.8002196835 4.8218034573 4.8412782829 4.8762173983 4.8785475912 4.9386884506 4.9937737747 5.1031726903 5.1401224013 5.2105815548 5.2732134867 5.3418767825 5.3989862488 5.4195683468 5.4815831498 5.5699064287 5.6045993886 5.6758853561 5.6967922761 5.7381621437 5.7857336516 5.822397174 5.8327846816 5.9583219107 5.9583712921 5.9992121727 6.0401603323 6.1059280708 6.1189377841 6.1727627503 6.218186496 6.3231582781 6.3300986031 6.3358436678 6.3809326639 6.4286120064 6.5159649624 6.5289591661 6.5697691925 6.6509687219 6.7816349336 6.8144857057 6.8653147614 6.9367879511 6.9621820436 7.0798639788 7.0973835946 7.1538689856 7.244993113 7.2938543534 7.3202072435 7.4256929855 7.5069381939 7.5761867083 7.6143082723 7.7944671344 7.823780718 7.8279367688 7.9551197795 7.9657715612 8.0547195164 8.090794211 8.1246103797 8.2818075309 8.3270960306 8.365297669 8.3957836893 8.4597956067 8.5416066171 8.6191172065 8.670026655 8.7645995841 8.7930735357 8.9115945878 9.0007338385 9.0516327068 9.1673055582 9.4544719233 11.068948552 11.4537694647 11.9172773022 16.0420661035 16.2317300889 16.2340467046 16.3788465759 16.4970844867 16.5347342272 24.1058378171 24.2402926017 24.4434064679
267 1.5166703313 1.5843157294 1.7295610086 1.7408801621 2.9400536902 3.0271959204 3.6676181965 3.8633586011 3.8811890297 4.0706912003 4.4362268172 4.5035878742 4.5335883406 4.6431778672 4.714889477 4.793918976 4.8089802579 4.8335048485 4.8661729463 4.8790208347 4.9296907952 4.9722648267 5.0872145991 5.1139144499 5.2065941512 5.2481590686 5.3263307187 5.377656424 5.4145900045 5.4807950304 5.561838699 5.5977208821 5.6865930566 5.6933955573 5.7451130916 5.7941629362 5.8312659336 5.8516438187 5.9634820704 5.9688547308 6.0087551258 6.0456676482 6.1189135869 6.1274477867 6.1851387242 6.2229042407 6.327465762 6.3375938773 6.3455281323 6.398391211 6.429884693 6.5251200921 6.5370350591 6.5783220952 6.6478629581 6.7790858935 6.8165934414 6.8712653507 6.9351364735 6.967680373 7.0781739834 7.0971857399 7.1521739668 7.2485668287 7.2949256298 7.3206279727 7.4249506365 7.5074304147 7.5833289922 7.6188069572 7.7707871281 7.8155228683 7.8211338178 7.9537487368 7.9624666821 8.055454109 8.0961901259 8.1176892168 8.2853471179 8.3249978869 8.3596470296 8.3985609375 8.4682717317 8.5361522116 8.6140695075 8.6637866678 8.7593292247 8.7865583454 8.9071548087 8.9957412212 9.0512260527 9.1709278579 9.4497038286 11.0730002157 11.4518509763 11.9114447841 16.0419887073 16.2317405588 16.2332010782 16.3780438084 16.4950744938 16.5352764357 24.1051350022 24.2396550977 24.4419867299
268 1.5320683905 1.6122895626 1.7315540778 1.7662159159 2.9906184135 3.0847911714 3.6746297532 3.86733315 3.8864837549 4.07492322 4.4324419669 4.5069717246 4.528879083 4.6348092945 4.7210197757 4.7870102779 4.7946547956 4.8258932117 4.8553369737 4.8790270449 4.920443688 4.9490769252 5.0717275636 5.0863982737 5.2008979717 5.2226839742 5.3047541015 5.3557328501 5.4169973396 5.4788905287 5.5554768647 5.5894213269 5.6756372507 5.7113196708 5.7533698047 5.8035956489 5.840386574 5.8699928246 5.9691830673 5.9795586339 6.0176162286 6.052311591 6.1309982222 6.1361557619 6.1985717046 6.2268532583 6.3320389766 6.3453723164 6.357056658 6.416897334 6.4312509911 6.5349060602 6.5436030306 6.5880434309 6.6448333268 6.776126011 6.818640723 6.8771763037 6.9329836013 6.9740725342 7.0779473733 7.0968946688 7.1500043322 7.2519448685 7.296182404 7.3177897213 7.4262743085 7.5081261729 7.5909985898 7.6239601404 7.7458113377 7.8080360031 7.8137976635 7.9524528639 7.9589226533 8.0551428476 8.101185613 8.1122915706 8.288213612 8.3226917693 8.3535347672 8.401822417 8.4760168197 8.530263496 8.6086172926 8.6574213575 8.7538647178 8.7795095117 8.9023291906 8.9908611742 9.0506528709 9.1743697745 9.4445685176 11.0774051766 11.4497977249 11.9051418676 16.041905024 16.2314306226 16.2325607082 16.3772328986 16.4930719669 16.5357209476 24.1043836885 24.2389752921 24.4404667563
269 1.5494483303 1.6419924027 1.7363064422 1.7932235175 3.04357801 3.1441321416 3.6820856373 3.8709501574 3.8928364509 4.0794553174 4.4280408483 4.5106468247 4.52398357 4.625962964 4.7274785143 4.7790267489 4.779302965 4.8182322292 4.843680115 4.8784482584 4.9111089163 4.9244484629 5.0569332841 5.0578154476 5.186535439 5.2040002506 5.2801510063 5.3333459956 5.4236612347 5.476456915 5.5505383053 5.5797871827 5.6642709538 5.7294645838 5.7625724722 5.8137794728 5.8497112369 5.8874130982 5.975669215 5.9904802229 6.0257087719 6.0601454346 6.1423205897 6.1450025048 6.2128952842 6.230202472 6.3369641495 6.3538690101 6.3701049195 6.4327258336 6.4356060084 6.5453043872 6.5491218617 6.598336198 6.6419462302 6.7730697761 6.8201511193 6.882945436 6.9311443279 6.9809779426 7.0791144924 7.0965053792 7.1473031977 7.2548184764 7.2976420288 7.3115115947 7.4300756935 7.5090561021 7.5990647691 7.629805696 7.7199938503 7.8012413319 7.8059471 7.9511596534 7.955152679 8.0535851807 8.1041202647 8.1101057084 8.290394043 8.3202647484 8.3469685035 8.4056377961 8.4827880526 8.5239514592 8.6027694026 8.6510740689 8.7482644727 8.7719347967 8.8971435811 8.986110146 9.0498951367 9.1776011544 9.4390781989 11.0821631967 11.4476174334 11.8983774779 16.0418148007 16.2305899642 16.2323291529 16.3764249012 16.4910892798 16.5360648922 24.1035868733 24.2382562548 24.4388521441
270 1.5688384188 1.6733371386 1.7439295986 1.8218369549 3.0987058976 3.2049854551 3.689956485 3.8743441149 3.9001056338 4.0842759522 4.4230332776 4.5145211296 4.5189216156 4.6166488275 4.7341296816 4.7622064313 4.7705301539 4.8103898586 4.831129289 4.8771348041 4.8987796333 4.9018667781 5.028435239 5.0430169626 5.1599071507 5.1955795123 5.2550140263 5.3106164048 5.4320945881 5.4744215059 5.5465997633 5.5689581224 5.652635098 5.7476727016 5.7724116398 5.8245015325 5.8592688662 5.9035301917 5.9831923191 6.0016256243 6.0331008042 6.069063234 6.1530221707 6.1539495511 6.2279669053 6.2331322313 6.3422675392 6.3632161355 6.3843717526 6.4343390482 6.4538951054 6.5540833056 6.5562938437 6.6082178896 6.6397124051 6.7700384386 6.8209319383 6.8884729861 6.9300456433 6.9883373576 7.0815447697 7.0960142662 7.1440210011 7.2564892255 7.2993211099 7.3025265831 7.4362311999 7.5102499773 7.6073679645 7.6363720514 7.6937633932 7.7951169809 7.7976054641 7.9498073772 7.951171544 8.0507206994 8.1027930683 8.11320479 8.2919015877 8.3178348964 8.339956542 8.4100142623 8.4883593934 8.5172283926 8.5965354788 8.6449130771 8.7425894973 8.7638424126 8.8916313616 8.9814947832 9.0489349535 9.1805974099 9.4332462043 11.0872738425 11.4453183258 11.891161149 16.0417176689 16.2294901141 16.2322290543 16.3756301653 16.4891384463 16.5363064629 24.1027477334 24.2375012187 24.4371488567
271 1.5902465946 1.7062381384 1.7544882982 1.8519898058 3.155785597 3.2671418567 3.698209613 3.8776651817 3.9081342273 4.0893717134 4.4174353312 4.5137092088 4.5184729785 4.6068509643 4.7404905071 4.7442639939 4.7605683169 4.8022836808 4.8175485876 4.8714982368 4.8760988556 4.8929085952 4.9985703989 5.0301427275 5.1304340757 5.1869671542 5.2318635329 5.2876574383 5.4400600218 5.474303432 5.5432615608 5.5570994687 5.640766752 5.7658094323 5.7825978314 5.8355743981 5.8691394408 5.9180544931 5.991951045 6.0130045579 6.0399763696 6.0788400975 6.1629774311 6.1632206301 6.2358008592 6.243684779 6.3479461212 6.3733872725 6.3995552046 6.4361623121 6.4711929922 6.558940606 6.5678493838 6.6153930455 6.6401305245 6.767020689 6.8210760478 6.893662786 6.9297941932 6.9962428977 7.0850588541 7.0954181864 7.1401180059 7.2553048575 7.2928367989 7.3012351668 7.444274356 7.5117360394 7.6156091514 7.6436745499 7.6677272622 7.7888028901 7.7896399412 7.9469957755 7.948340744 8.0466870626 8.1010335843 8.1174220776 8.2927391179 8.3155788595 8.3325078837 8.4149125784 8.492514079 8.5101080016 8.5899259836 8.6391267006 8.7369031381 8.7552409905 8.88583234 8.9770138773 9.047754975 9.1833385488 9.4270870246 11.0927364529 11.4429091002 11.8835030007 16.0416131443 16.2282744394 16.2321124181 16.3748580721 16.4872312219 16.5364447473 24.1018696116 24.2367135617 24.4353632048
272 1.6136626421 1.740611821 1.7680059089 1.8836156772 3.2146098749 3.3304105375 3.7068086678 3.8810323015 3.9167963496 4.0947270353 4.4112685615 4.5083572375 4.5223365258 4.5965168808 4.7252703534 4.7416557054 4.7534449818 4.7938678523 4.8027235638 4.8460994449 4.8725497575 4.884421027 4.9685974861 5.0184547165 5.1002060779 5.1735246403 5.2143063066 5.2645771806 5.4450745601 5.4781918673 5.5402449063 5.5443804899 5.6286539398 5.783756402 5.7928530087 5.8468330977 5.8794350558 5.9308636254 6.0019996031 6.0246249467 6.0465399312 6.0892302981 6.1720819251 6.1730019424 6.2383318798 6.2599824572 6.3539815761 6.3842634798 6.4152270286 6.4384351306 6.4868920287 6.5641163055 6.5799415465 6.6166236123 6.646345727 6.7639123797 6.8209363436 6.8984234026 6.9302169504 7.004845285 7.089432168 7.0947128411 7.1355669551 7.2483621165 7.2857468639 7.3033982832 7.4536408634 7.5135401831 7.6221684394 7.6439111839 7.6517102388 7.7795806171 7.7847740641 7.9426438401 7.9467083176 8.0417605147 8.0996864005 8.1214313562 8.2928565831 8.3137578245 8.3246322426 8.4202640956 8.4950519255 8.5026055306 8.5829522241 8.6339088618 8.7312707656 8.7461395491 8.8797912889 8.9726604375 9.0463387153 9.1858084427 9.4206163485 11.0985501077 11.4403989005 11.8754137144 16.0415006328 16.2269780933 16.2319409163 16.3741168043 16.4853791342 16.5364796102 24.1009560028 24.2358967882 24.433501827
273 1.6390605671 1.7763770911 1.7844696547 1.9166485791 3.2749793502 3.3946138303 3.7157132309 3.8845321671 3.925998103 4.1003238336 4.4045598806 4.5028694562 4.5258746528 4.5855360776 4.7053328062 4.7278884249 4.7577316282 4.7850670152 4.7864261279 4.8212472228 4.8688383136 4.876559874 4.9389780711 5.0080650144 5.0699299493 5.1537352233 5.2040284781 5.2414799266 5.4463543238 5.4865149203 5.5309598047 5.5374551991 5.6162670206 5.8014074809 5.8029116515 5.8581438274 5.8902749322 5.9420620349 6.0131851239 6.0364860925 6.0529551165 6.1000333503 6.1812691248 6.1824239012 6.2408145387 6.2768092211 6.3603462313 6.3956608913 6.4298841664 6.4425096339 6.5003500495 6.5699216931 6.5925363015 6.6133114264 6.6571295264 6.7605620241 6.8210326044 6.9026692656 6.9309487905 7.0142805052 7.0938896725 7.0943830844 7.1303566653 7.2347179904 7.2825365462 7.3058227006 7.4637625737 7.5156849629 7.6121145155 7.6378179903 7.6604484901 7.7700000521 7.7804702002 7.9381363888 7.9448613747 8.036243849 8.0984769178 8.1250002532 8.2921483684 8.3127001197 8.3163400632 8.4259856837 8.4947379022 8.4958121992 8.5756263767 8.6294325291 8.7257593727 8.7365474642 8.873556352 8.9684236804 9.0446707793 9.1879942777 9.4138511044 11.1047135967 11.4377972857 11.8669045082 16.041379442 16.2256146692 16.2316994532 16.3734131569 16.4835934604 16.5364116083 24.1000105402 24.2350545101 24.4315716699
274 1.6664009958 1.8038357462 1.8134556516 1.951023235 3.336700572 3.4595818944 3.7248783949 3.8882299914 3.9356663208 4.106141031 4.3973417143 4.4972391507 4.5287302146 4.5736998684 4.6846357147 4.707729643 4.7632712662 4.7680240569 4.7762033546 4.7990043721 4.8644509691 4.8694047352 4.9102780521 4.9990330095 5.0402120957 5.1305625056 5.1982701592 5.2184676001 5.4455000237 5.4971144172 5.5169775908 5.5351221788 5.6035760099 5.8125298529 5.8186665897 5.8694184379 5.9017526648 5.9519436473 6.0251845268 6.0485631016 6.0593439074 6.1111091217 6.1905502651 6.1915234089 6.2433104283 6.2941045618 6.3670056904 6.407337629 6.4379584499 6.45383487 6.5110313238 6.5761045879 6.6055952695 6.6087661391 6.6699167244 6.7568362759 6.8219123289 6.9063217852 6.9315498448 7.0245939224 7.0929291215 7.0995328952 7.1244987595 7.2169136723 7.280970794 7.3085183035 7.4740065131 7.5181883747 7.5905336141 7.6452077385 7.6698098192 7.7601642795 7.7766700561 7.9334965679 7.9427540126 8.0303946015 8.0970498227 8.1280321963 8.2905479512 8.3076425393 8.312686565 8.4319901162 8.4865238697 8.4947074849 8.5679615145 8.6258148265 8.7204370325 8.7264744396 8.867177503 8.9642907663 9.0427370327 9.1898861409 9.4068095062 11.1112253898 11.4351141974 11.8579871103 16.0412487979 16.2241927552 16.23137979 16.3727524028 16.4818851639 16.5362419253 24.0990369802 24.2341904267 24.4295799653
275 1.6956334707 1.8260343811 1.8517722061 1.9866753321 3.3995834699 3.5251468529 3.7342543386 3.892178777 3.9457384438 4.1121539237 4.3896521506 4.4914433236 4.5303404331 4.5606286493 4.6634951281 4.6834332003 4.74751864 4.7621464496 4.7670589556 4.7849567247 4.8595906832 4.862786558 4.8832737198 4.9913352478 5.0117081027 5.1065405327 5.1946453804 5.1956414269 5.4439046653 5.5025530587 5.5072505628 5.5343401761 5.5905589311 5.8215014688 5.8354467952 5.8806203781 5.9139073782 5.9608758954 6.0376202932 6.060708504 6.0658939393 6.122368197 6.1999372362 6.2003231993 6.245861771 6.3117706702 6.3739198967 6.4189852043 6.4412955316 6.4704717407 6.5187475089 6.5805058697 6.6064770741 6.6190762206 6.6836316171 6.7526896699 6.8240292181 6.9093104508 6.9315993763 7.0356480557 7.0917839408 7.1043097459 7.1180439271 7.1974901419 7.278965098 7.3114919493 7.4834613263 7.5210623791 7.5710064117 7.6538257831 7.6796073959 7.750277539 7.7733110793 7.9287504291 7.9403443885 8.0244076438 8.0950937856 8.1304682464 8.2881406097 8.2985516341 8.3138199478 8.4381905583 8.4779841861 8.4917555614 8.5599716384 8.6230871431 8.7153721542 8.715930481 8.8607051656 8.960248182 9.0405247291 9.1914767119 9.3995111017 11.1180836089 11.4323599263 11.8486737319 16.041107868 16.2227196891 16.2309769183 16.3721382212 16.4802647975 16.535972322 24.0980391872 24.2333083046 24.4275342083
276 1.7266985631 1.8509745533 1.8912545682 2.023541718 3.4634379364 3.5911355644 3.7437859475 3.8964251985 3.9561552021 4.1183333251 4.3815348953 4.48543135 4.5298020169 4.5456545936 4.6424186261 4.6565340157 4.7247049264 4.7458218848 4.7579118047 4.7862486804 4.8532577656 4.8546033055 4.8618632557 4.9836594053 4.9863147402 5.0827330264 5.1731041835 5.1921904603 5.4421706401 5.4877852355 5.5131685828 5.5380588823 5.5772047294 5.8296764595 5.8516703611 5.8917493988 5.9267148386 5.9691948558 6.0501639192 6.0710205978 6.0745038813 6.1337577997 6.208836344 6.2094394214 6.2484992552 6.3296413994 6.3810431756 6.4302047944 6.4438810411 6.4883617474 6.5237318476 6.5793804573 6.6106926963 6.6329337432 6.6977086608 6.7482099317 6.8276926142 6.911573887 6.9307360365 7.0469513809 7.0903319117 7.1077636909 7.1111284759 7.1786385989 7.2753626227 7.3147466043 7.4905424201 7.5243111084 7.5567064076 7.662641882 7.6893503064 7.7408435985 7.7703314738 7.9239274907 7.9375969168 8.0184237105 8.0923619675 8.1322659292 8.2851308085 8.2890801054 8.3160433012 8.4444968507 8.469141786 8.4870952309 8.5516717102 8.6211872113 8.704925872 8.7106324556 8.8541890331 8.9562827489 9.0380226076 9.1927610326 9.3919768247 11.1252860024 11.4295450758 11.8389770396 16.0409557898 16.2212026774 16.2304880095 16.3715726936 16.4787423801 16.5356050942 24.0970211182 24.2324119576 24.425442133
277 1.7595297664 1.8785485892 1.9318336929 2.0615605489 3.5280690687 3.6573596549 3.7534125534 3.9010128308 3.9668550504 4.1246443947 4.3730388573 4.4790974988 4.525742347 4.5277076345 4.6220610514 4.6291719351 4.700061124 4.723755602 4.7489537022 4.7918652814 4.8323033592 4.8499620696 4.8547246136 4.9605573935 4.9799652426 5.0595894054 5.1509633414 5.1905302989 5.4404904705 5.4727553962 5.513367714 5.5474181596 5.5635132259 5.8369728665 5.86726943 5.9028104693 5.9401009816 5.9771591546 6.062578652 6.0778891339 6.086749013 6.1452503746 6.2170683465 6.2190621135 6.2512487198 6.3474387944 6.3883233611 6.4404727637 6.4464014377 6.5067624934 6.5264096828 6.5743659811 6.6201788079 6.6471199725 6.7115671537 6.7436606541 6.8330873232 6.9130608427 6.928651725 7.0571457705 7.0882285156 7.1041207386 7.1085788758 7.1631932278 7.2696158911 7.3182802587 7.4931286126 7.527928656 7.5505153996 7.6714676889 7.6974783996 7.7334331846 7.7676752963 7.9190615449 7.9344850527 8.012542378 8.0886746757 8.1333885203 8.279241535 8.2817302162 8.3192416881 8.4507903758 8.4600219829 8.4809941292 8.5430776907 8.6199797043 8.6934711534 8.706283573 8.847677081 8.9523822868 9.0352209693 9.1937363369 9.3842290495 11.1328299205 11.4266805246 11.8289101268 16.0407917037 16.2196491884 16.2299120311 16.37105637 16.477327254 16.5351430373 24.0959868067 24.2315052255 24.4233116879
278 1.7940551677 1.9086363171 1.9734436415 2.1006713941 3.5932701749 3.7236003347 3.7630678845 3.9059834774 3.9777691235 4.1310450292 4.3642170406 4.4721784783 4.5055107476 4.5165066496 4.6026630233 4.6036958211 4.6750399453 4.6991632419 4.7404259756 4.7972077196 4.8110658902 4.846294547 4.850541887 4.939275952 4.9757359552 5.0373563684 5.1293354391 5.189498491 5.4388556549 5.4575300332 5.5108524273 5.5494937082 5.5592778378 5.8433755954 5.8821869625 5.9137872446 5.9539641 5.9849486914 6.0747154292 6.0843698168 6.0995143344 6.1568359469 6.2250172177 6.2288063202 6.2541367251 6.3646943934 6.3956999879 6.4490223176 6.4491306613 6.5254672426 6.5271815677 6.5693049551 6.631772222 6.6615852815 6.7241043257 6.7398408955 6.8403088237 6.9137310861 6.9250706154 7.0625170798 7.0845565765 7.097970435 7.1074192817 7.1539652964 7.2618605931 7.3220845928 7.4913124013 7.5318962152 7.552794206 7.6802319393 7.6996915919 7.7323576457 7.7652982458 7.9141918776 7.9309939933 8.0068321361 8.0839181992 8.133797532 8.2690503688 8.2781024402 8.3232909308 8.4506526782 8.456770248 8.4739680068 8.5342065825 8.6192947631 8.6815771076 8.7023872544 8.8412147483 8.9485359975 9.0321117424 9.1944019275 9.376291648 11.1407122945 11.4237773881 11.8184864846 16.0406147901 16.2180670876 16.2292495565 16.3705883999 16.4760279278 16.534589415 24.0949403465 24.2305919541 24.4211510096
279 1.8301989155 1.9411087846 2.0160214968 2.1408153057 3.6588118098 3.7726803289 3.7895831995 3.9113769878 3.9888156079 4.1374836486 4.3551239647 4.4633473069 4.4792093928 4.5010947081 4.5818303732 4.5826239381 4.6524838317 4.6725523299 4.7326191713 4.7913037249 4.8007038985 4.8443861087 4.8471286326 4.9212374036 4.9723044095 5.0162705033 5.108351977 5.1890107859 5.4371310763 5.4421637563 5.507587599 5.5351630727 5.5716813638 5.8489224614 5.8963774928 5.9246336711 5.9681915622 5.9926807537 6.0864899219 6.0908304811 6.1123528705 6.1685178115 6.2326720517 6.2386692062 6.2571955719 6.3805831946 6.4031015713 6.4518224574 6.455542632 6.5265658584 6.5443701314 6.5663955849 6.6440578517 6.6762788396 6.7301634047 6.7416054203 6.8493402427 6.9135561964 6.9197664717 7.0575398721 7.0781552906 7.0938786888 7.1097529517 7.1503567086 7.2531837543 7.3261433596 7.4883929248 7.536178098 7.5602821873 7.6888914124 7.6938492703 7.7397733726 7.7631756667 7.90936522 7.9271223382 8.0013371598 8.0780404898 8.1334491848 8.2585219702 8.2743610569 8.3280544261 8.4410645794 8.4600587959 8.4686434741 8.5250764786 8.6189664737 8.6692547479 8.6989991628 8.8348442757 8.9447346392 9.0286885426 9.1947590887 9.3681900482 11.1489296178 11.4208469775 11.8077199729 16.0404243108 16.2164646613 16.2285026301 16.370166721 16.4748519142 16.5339479314 24.0938858757 24.2296759747 24.418968396
280 1.8678825131 1.9758314612 2.059507236 2.1819348552 3.7244232576 3.7821735805 3.8549331202 3.9172296606 3.9998923753 4.1438961709 4.3458096067 4.4407600537 4.4606632132 4.4800520802 4.5584584512 4.5638718856 4.6356469357 4.6446036887 4.725871966 4.7728300562 4.8012647774 4.8441316878 4.8448052708 4.9066723308 4.9691423424 4.9968487476 5.0881669722 5.1890203265 5.4267018603 5.4350853545 5.5044096072 5.5205439904 5.5839101138 5.8536843986 5.909807218 5.9352810963 5.9826667479 6.0004275843 6.0973331926 6.0978573218 6.125105982 6.180310757 6.2400105318 6.2486425396 6.2604700576 6.3935886333 6.4104422633 6.4548652576 6.4597303098 6.5254645669 6.5633949685 6.5665896121 6.6563164881 6.6911489487 6.7281211819 6.7503495417 6.8598780484 6.9125202673 6.9127412927 7.0441774268 7.0694022525 7.0915152058 7.1144680247 7.1504904194 7.2456484683 7.330430425 7.4869663783 7.5407156805 7.5699739164 7.6841799345 7.6974000072 7.7514771839 7.761316015 7.9046390662 7.9228817077 7.9960822203 8.0710436052 8.1322957457 8.2476726982 8.2705804027 8.3333640207 8.4312914233 8.4540472395 8.47189801 8.5157066167 8.6188595455 8.6565153137 8.6961664584 8.828604212 8.9409705595 9.0249467327 9.1948110285 9.3599512921 11.1574779301 11.4179007583 11.7966247906 16.0402196512 16.214850579 16.2276746415 16.3697882907 16.4738055682 16.5332227056 24.0928275598 24.2287610839 24.4167722789
281 1.9070259585 2.0126668947 2.1038435743 2.2239741456 3.7897584131 3.7914676283 3.9190875211 3.9235711653 4.0108663663 4.1502019453 4.336304494 4.4048464511 4.4503876774 4.4549065117 4.5285799013 4.5490424719 4.6164627579 4.6249112014 4.7205466913 4.7553672443 4.7987163269 4.8412895663 4.8470804528 4.8957764257 4.9641304508 4.9812720998 5.0689658466 5.1895002365 5.4111824928 5.4324239291 5.5018346992 5.5056633021 5.5956398309 5.857747279 5.9224529389 5.9456509613 5.9972686245 6.0082298561 6.103924174 6.1087910655 6.1376155176 6.1922405727 6.2469956342 6.2586859546 6.264048612 6.4011836685 6.4176189283 6.458218134 6.4633510778 6.5247436446 6.5698532458 6.5824759342 6.6678940603 6.7061430421 6.7256726441 6.7583267988 6.870629142 6.9050390062 6.9106205934 7.0285663849 7.0592776398 7.0899535825 7.1123957589 7.1566043022 7.2414974922 7.3349073728 7.4878530005 7.5454174178 7.5803217109 7.6732740465 7.7056759826 7.7597867303 7.7649202963 7.9000876876 7.9182936686 7.9910767495 8.0629748542 8.1302909005 8.2365200206 8.2668035625 8.3389930468 8.421370197 8.4451158198 8.4776503514 8.5061174421 8.6188822514 8.6433702746 8.6939255024 8.8225291258 8.9372376423 9.0208834894 9.1945628444 9.3516040924 11.1663528047 11.4149503064 11.7852154463 16.040000365 16.2132338187 16.2267701958 16.3694493473 16.4728939358 16.5324182489 24.0917695757 24.2278510247 24.4145711942
282 1.9475487444 2.0514768258 2.148975785 2.2668788015 3.8004798244 3.854325828 3.9304198282 3.9811179772 4.0215575016 4.1562984711 4.3265807581 4.36560481 4.4271712353 4.4395417107 4.4943873119 4.5364151753 4.5897352568 4.6177650864 4.7169328271 4.7387389233 4.7937674921 4.8383242244 4.8496223385 4.8888503461 4.9524369298 4.974531716 5.0509742076 5.1904362581 5.3956384473 5.4288500949 5.4905507106 5.5002496586 5.6066886654 5.8611991211 5.9342994018 5.9556657909 6.0118674851 6.0161051763 6.1106616455 6.1192667736 6.1497005513 6.2043426579 6.2535716345 6.2673290997 6.2694639708 6.4009757291 6.4245112969 6.4619576197 6.4688561046 6.5246144739 6.5756159301 6.6015496438 6.6779417668 6.7212071633 6.724504886 6.7640028664 6.8761592849 6.902168105 6.9078685108 7.0140501228 7.0482715933 7.0887638691 7.1002993211 7.1690757641 7.2417540468 7.3395205434 7.4909830392 7.5501413686 7.5905488063 7.662060983 7.7135431991 7.7587663888 7.7792406528 7.8958138254 7.9133840845 7.9863176505 8.0539199669 8.1273970478 8.2250826859 8.2630464452 8.3446105689 8.4113413471 8.4359748841 8.4835619602 8.4963306788 8.6189889534 8.629831342 8.6923001492 8.8166495782 8.9335312111 9.0164978789 9.1940215106 9.3431788828 11.1755493382 11.4120072645 11.7735067285 16.0397662175 16.2116235656 16.2257949796 16.3691456791 16.4721206207 16.5315394449 24.0907160949 24.2269494673 24.4123737529
283 1.9893707172 2.0921237947 2.1948515048 2.3105959414 3.8091253869 3.917324221 3.937776029 4.031713779 4.0393434474 4.1620549465 4.3164430846 4.32540917 4.3981389925 4.4273465096 4.4577020347 4.5253096225 4.5663534576 4.6118055564 4.7146319515 4.7234139992 4.7872699382 4.8349219463 4.8506462325 4.8861445932 4.937374491 4.9736131539 5.0344628931 5.1918233329 5.3800986469 5.4241476612 5.4752377703 5.4998996331 5.6169479793 5.8641228374 5.9453346264 5.9652561181 6.0240522804 6.0263193886 6.1176234971 6.1292508025 6.1611605396 6.2166564899 6.2596593803 6.2718276234 6.2795375018 6.3933802007 6.4309900672 6.4661634404 6.4762732118 6.5248790033 6.5830938468 6.6205502893 6.6855065949 6.7246772669 6.7362845835 6.7674531085 6.8707963531 6.9042907478 6.9103624948 7.0020113342 7.0366024969 7.0818844697 7.0877948862 7.1847067152 7.2459038886 7.3441973299 7.4959979079 7.5546639055 7.6002045826 7.6510636733 7.7206261929 7.7586400469 7.7940193542 7.8919731672 7.9081759547 7.9817883852 8.0440021366 8.1235922212 8.2133809835 8.259300059 8.3496978267 8.4012489631 8.4274533366 8.4863694099 8.4893356221 8.6159104945 8.6191760932 8.6913010464 8.810992413 8.9298479225 9.0117909473 9.1931958842 9.3347078592 11.1850621434 11.4090832964 11.7615136767 16.0395172275 16.2100290933 16.2247556246 16.368872888 16.4714876772 16.5305915333 24.0896712674 24.2260599918 24.4101886097
284 2.0324127846 2.1344722966 2.241420528 2.355074136 3.8173161568 3.9456130948 3.9771801995 4.0409730321 4.0905125948 4.1673050754 4.2865867029 4.30520786 4.369293255 4.415181884 4.4198818205 4.5152316922 4.5482057982 4.6056872046 4.7051675173 4.7178014821 4.7798834138 4.8307374025 4.8493301535 4.8870098887 4.9229675033 4.9749948307 5.0197423887 5.1936637367 5.3645893899 5.4182403156 5.4597571445 5.5008504414 5.6263630955 5.866593012 5.9555427962 5.9743638644 6.032052063 6.0404614417 6.1249097741 6.1386919427 6.1717925543 6.2292127316 6.2651506045 6.2765004338 6.2900391106 6.3808513207 6.4369377194 6.4708989966 6.4833782574 6.525370405 6.5914374774 6.6394053999 6.6900212904 6.7243605861 6.7513128386 6.7703631664 6.8627747618 6.8999320395 6.9217917228 6.9930777019 7.0243983545 7.0610582064 7.0869943972 7.2016553844 7.2528747409 7.3488415433 7.5024978999 7.5586262789 7.6089971262 7.6408007577 7.7262478956 7.7600881123 7.8088820027 7.8888294018 7.9026826759 7.9774488632 8.0333919918 8.1188749894 8.2014371478 8.2555328536 8.3534284386 8.3911409184 8.4204815048 8.4762581687 8.4948583958 8.6016200166 8.6194742734 8.6909261064 8.8055814058 8.9261856705 9.0067658298 9.1920967313 9.3262250046 11.1948853456 11.4061900408 11.7492515521 16.0392537058 16.2084596332 16.223659575 16.368626628 16.4709955345 16.5295800968 24.0886392051 24.2251860713 24.4080244314
285 2.0765974591 2.1783895458 2.2886345948 2.4002633558 3.8249557104 3.9538639289 4.0299509694 4.0488075504 4.1287880696 4.1718392261 4.2534124019 4.2908907707 4.3432160685 4.382109324 4.4077742266 4.5057693316 4.5366553703 4.5988499815 4.6901685588 4.7200344464 4.7720906798 4.8254220363 4.8459754225 4.8895783619 4.910696117 4.9780644568 5.0071372612 5.1959657654 5.3491354248 5.411187804 5.4441420961 5.5029986338 5.6349300716 5.8686750676 5.9648942642 5.9829434739 6.0400668071 6.0541110416 6.132639485 6.1475140951 6.1814201367 6.2420122562 6.2699005866 6.2816577085 6.3007540851 6.3654895318 6.4422787054 6.4761823165 6.4880361863 6.5259552389 6.599749338 6.6580310817 6.6906457174 6.7216319433 6.7662175574 6.775721311 6.8572849068 6.8948606678 6.9297596583 6.9877600914 7.0117610331 7.0418232574 7.0863478198 7.2191274244 7.2617793952 7.3533277092 7.5101226107 7.5614637108 7.6167387808 7.6319587505 7.7296516169 7.7638480914 7.8232744722 7.8868831887 7.8969043194 7.9732053581 8.0223377773 8.1132666615 8.1892759917 8.2516940335 8.3546672064 8.3810689435 8.4162494856 8.4660230414 8.5000514129 8.5869725571 8.6199378891 8.6911619398 8.80043828 8.9225435207 9.0014278844 9.190736775 9.3177660884 11.2050125808 11.4033390646 11.7367358094 16.0389762884 16.2069242387 16.222514961 16.3684028076 16.4706429576 16.5285110545 24.0876239662 24.2243310568 24.4058898643
286 2.1218492247 2.2237459098 2.3364471753 2.446114908 3.8319279022 3.9623983711 4.0544580431 4.0638866383 4.1500598563 4.1753891534 4.233185199 4.2699501116 4.323841111 4.3458015005 4.4131597153 4.4967505394 4.5324561306 4.5911747662 4.6750401143 4.7243461806 4.7642562207 4.818683249 4.8408935194 4.8910632911 4.9025982285 4.9827830094 4.9969349828 5.1987425566 5.3337609196 5.4031334697 5.428426177 5.5061246266 5.6426980162 5.8704256398 5.9733321962 5.9909618758 6.0480390521 6.0670740807 6.1409368747 6.1556069696 6.189926386 6.2550000938 6.2737169664 6.2873727811 6.311708066 6.3486295432 6.4470014172 6.4819653376 6.4889016972 6.5263128933 6.6068846016 6.676325783 6.6844280062 6.7203954932 6.7808990551 6.7844049868 6.8554964669 6.8891809571 6.9295326804 6.9847427974 6.9987921137 7.0301909444 7.0858574874 7.2366887079 7.2720580053 7.3574943959 7.5185638632 7.5624016044 7.6233320816 7.6254346128 7.7307127111 7.7699856988 7.8361610201 7.8871418636 7.89083005 7.9688405695 8.0112341202 8.1068110306 8.1769259226 8.2477178089 8.3525097295 8.3710886045 8.415697385 8.4556917807 8.5048478081 8.5719812144 8.6206331321 8.6919857526 8.795584059 8.9189216836 8.9957848556 9.1891307684 9.3093686308 11.2154369969 11.4005418151 11.7239820689 16.0386859625 16.2054316483 16.2213304835 16.3681977472 16.4704270457 16.5273906614 24.0866295394 24.223498163 24.4037935005
287 2.1680947221 2.2704150542 2.3848132516 2.4925813667 3.8380740903 3.9709775559 4.0569047863 4.0608389637 4.158893848 4.1775509248 4.2337503826 4.2414450774 4.3113403035 4.3138947382 4.4357821636 4.4883709776 4.5366250274 4.5827438322 4.6600819776 4.7300150554 4.756676125 4.8103718017 4.8341196773 4.8882942523 4.9015061809 4.9891718359 4.9893190605 5.2020109179 5.3184903771 5.3942484506 5.4126430911 5.5099474732 5.6497725006 5.8718934506 5.9807554136 5.9983979161 6.0558915157 6.0791673953 6.1499008212 6.1628109228 6.19728015 6.2680363922 6.2763368028 6.2937041295 6.3229540466 6.3311857036 6.4511536938 6.4852082445 6.488139855 6.5259230405 6.6108480584 6.6724702588 6.6941613326 6.7245972746 6.7946486291 6.7952006275 6.8573152484 6.883063697 6.9201431681 6.9794581832 6.9856088248 7.0320656055 7.0855353007 7.2540236021 7.2834078078 7.3611372998 7.5275544562 7.5607640114 7.622047169 7.6287674048 7.7300349811 7.7777804678 7.8458243703 7.8844505797 7.8913056582 7.963884173 8.0007486045 8.0995724619 8.1644206121 8.2435279527 8.3471233909 8.3612591478 8.4186842944 8.4452939317 8.5091917188 8.556659656 8.6216249994 8.6933671727 8.7910406787 8.9153215361 8.9898470772 9.1872955977 9.3010718162 11.2261512575 11.3978095726 11.7110060888 16.0383840844 16.2039901529 16.2201153101 16.3680082857 16.470343265 16.5262255157 24.0856598281 24.2226904564 24.4017438434
288 2.2152627496 2.3182738218 2.433689097 2.5396164952 3.8431505845 3.9791471588 4.0296162074 4.055027993 4.1447707264 4.1771445224 4.2087364752 4.2595357464 4.2853792942 4.3065960913 4.4683755382 4.482193149 4.5518698915 4.5737031147 4.6453389037 4.7365141364 4.7496372199 4.8005937906 4.8259002122 4.8849075277 4.9034866891 4.98431697 4.9971954055 5.2057901995 5.3033495503 5.3846983557 5.3968267133 5.5141580142 5.6563170522 5.8731203153 5.9869972283 6.0052415543 6.063529472 6.0902546178 6.1595552643 6.1688913264 6.203549448 6.2773581938 6.2808558026 6.3007448291 6.3139754584 6.3345614458 6.454815982 6.4763243073 6.4945660728 6.5243191822 6.6082862939 6.6628595124 6.7113692304 6.7325981299 6.80432841 6.8088243552 6.8625704457 6.8768283447 6.9047935194 6.9723606827 6.9727128781 7.0441095953 7.08540053 7.2708557928 7.2956976851 7.3640041489 7.5368493132 7.5566017839 7.6219202943 7.6331214587 7.7282854412 7.7863661775 7.8510607396 7.8777866917 7.9005645216 7.9575189334 7.9919127584 8.0916332637 8.1518018399 8.2390419725 8.3395395486 8.3516431685 8.4242004503 8.434860968 8.5130439534 8.5410222899 8.6229640938 8.6952696505 8.7868327447 8.9117456969 8.983627726 9.1852504197 9.2929163408 11.2371475472 11.3951534028 11.6978237395 16.0380723879 16.2026074709 16.2188789838 16.3678318385 16.4703855122 16.5250225782 24.0847186359 24.2219108444 24.3997492724
289 2.2632840811 2.3672018408 2.4830320514 2.5871751618 3.8467505653 3.98596452 3.9870890191 4.0482169078 4.1133113135 4.1632963312 4.1846523009 4.265884978 4.2932366855 4.3041495274 4.4718246084 4.5079812896 4.5641987387 4.5817108183 4.630834792 4.7430870049 4.7435263183 4.7899293381 4.816922767 4.8833806953 4.9056398282 4.9817948021 5.0067529549 5.2101013932 5.2883664053 5.3746317182 5.3810112598 5.5184339983 5.6625496282 5.8741421124 5.9918010714 6.0114929136 6.0708471081 6.1002809651 6.1697876705 6.1734994798 6.2089105708 6.2759623137 6.2930032459 6.2981414464 6.3087078833 6.3466098769 6.4580733939 6.4616765034 6.5011025803 6.5211320899 6.5983811542 6.6605112798 6.727718779 6.7424250274 6.8119620317 6.8210800897 6.8702139632 6.8711903104 6.8885148572 6.9592539988 6.9671772403 7.0604573851 7.0854801044 7.2869517665 7.3088788461 7.3657957975 7.5462042066 7.5508191211 7.6243588972 7.6365545979 7.7259026104 7.7949720306 7.8528959602 7.8709464402 7.9138742466 7.948974283 7.9857304066 8.0830910756 8.1391245652 8.234174661 8.3307924136 8.3423060481 8.4244264361 8.4312296999 8.5163905244 8.52508451 8.6246744707 8.6976513409 8.7829892753 8.9081981591 8.9771431413 9.1830168405 9.2849441742 11.2484175798 11.392584109 11.6844509775 16.0377529814 16.2012906344 16.2176313453 16.3676664106 16.4705461978 16.5237892025 24.0838096515 24.2211620666 24.3978180072
290 2.3120910947 2.4170808258 2.5328002897 2.6352132468 3.8481645035 3.9398350464 3.9893671686 4.0373475888 4.07371352 4.1288663848 4.1783425538 4.2550164094 4.30439713 4.3221944229 4.4655081952 4.5438032144 4.5543557527 4.6165975421 4.6240458918 4.7391429853 4.7478196466 4.7802918097 4.808253736 4.8837718655 4.9075938533 4.9815012017 5.0177199159 5.2149668097 5.2735721865 5.3641809371 5.3652316191 5.5224501319 5.6687304599 5.8749896477 5.9947968973 6.017161187 6.0777393177 6.1092842577 6.1761290027 6.1802796546 6.2136803595 6.2701023235 6.2860301869 6.3038635634 6.3179313307 6.3591771325 6.4412154247 6.4610005924 6.5076239764 6.5159566306 6.5862642413 6.6628562435 6.7428815735 6.7524712782 6.8172105214 6.8301872753 6.8667572324 6.8679504687 6.8874253528 6.9465939109 6.963485548 7.0783335281 7.0858104979 7.3021983755 7.3228622243 7.3661806421 7.5445672285 7.555353426 7.6284434288 7.6393087702 7.7231520621 7.802750111 7.853124246 7.8642384622 7.9294065078 7.9383832425 7.9823372553 8.0740566556 8.1264665069 8.2288416085 8.3215966825 8.3333150968 8.4140261028 8.4390699532 8.5088630543 8.5192518584 8.6267442875 8.7004655585 8.7795452147 8.9046844847 8.9704132349 9.1806191337 9.2771982191 11.2599526067 11.3901121853 11.6709038211 16.0374283332 16.2000458885 16.2163824664 16.3675105704 16.4708163411 16.5225331836 24.0829364348 24.2204466882 24.3959580707
291 2.3616171912 2.4677934917 2.5829525769 2.6836875387 3.8461614623 3.8901552223 3.9859710371 4.023752082 4.0296858351 4.0957223375 4.1726228941 4.2520038434 4.3067844318 4.3429800546 4.4595067371 4.5442759334 4.5822584543 4.6026643913 4.6690774297 4.7389377361 4.7456482648 4.7768411282 4.8019073723 4.8858855378 4.9095766345 4.9831315678 5.0300009416 5.2204109807 5.2590026363 5.3495238702 5.3534688848 5.5258935935 5.6751378329 5.875689399 5.9954897716 6.0222633787 6.0841188818 6.1173730581 6.1761141588 6.1904031968 6.2184172863 6.258955116 6.2787002099 6.3131473207 6.328432828 6.372319035 6.4159031262 6.4636594498 6.5085864407 6.5140265694 6.5763079426 6.6665624726 6.7563756556 6.7610226512 6.8207163169 6.83306322 6.8547019207 6.8701821936 6.9000336371 6.9348620827 6.962021104 7.0864409332 7.0965106799 7.3166802535 7.3374166107 7.364829956 7.5387799519 7.5639889274 7.6334611631 7.6417063554 7.7202099732 7.8084640728 7.8528682392 7.8583623533 7.926716634 7.9459681484 7.9811174399 8.064652145 8.1139475893 8.222964092 8.3124144438 8.3247383214 8.4036980975 8.447259615 8.4923765394 8.5216910728 8.6291210614 8.7036609614 8.776542413 8.9012120655 8.9634620238 9.1780844948 9.2697218537 11.2717434273 11.387747771 11.6571983268 16.0371012456 16.1988786056 16.2151425954 16.3673633964 16.4711856626 16.5212628234 24.0821024033 24.2197670948 24.3941772524
292 2.4117959534 2.5192219407 2.6334480013 2.7325556149 3.8388081953 3.839018728 3.9755150165 3.9829119576 4.0018524041 4.0758444071 4.1657274313 4.2548821631 4.3108762563 4.3562985076 4.4540284262 4.5340423493 4.5890844755 4.622804051 4.700198171 4.7348410082 4.748835845 4.7814360869 4.804832508 4.8896008868 4.9122686291 4.9863809483 5.0435747661 5.2264639657 5.2446994354 5.3339260416 5.3426185092 5.5284893261 5.6820305607 5.8762641435 5.9932833698 6.0268228893 6.0899337052 6.1246872527 6.1727572148 6.199101166 6.2240631529 6.2456068871 6.2730000658 6.3212228246 6.3396133152 6.3860445979 6.387718602 6.4661046272 6.499496514 6.5202279035 6.5695332598 6.6700853074 6.7664159568 6.7674916327 6.8230278991 6.8297138493 6.8473589239 6.8777578124 6.9130447031 6.9248700694 6.9638634466 7.0874377932 7.1143096082 7.3306311706 7.3522025432 7.3614746805 7.5340794057 7.5717506687 7.6389460661 7.6441417628 7.717209114 7.8103375672 7.852694693 7.8543982214 7.9151783364 7.9628413699 7.981435826 8.0550097521 8.10177289 8.216477086 8.3035584873 8.3166427092 8.3934830319 8.4554612138 8.4756462802 8.5238205327 8.6317126518 8.7071815664 8.7740296316 8.8977904553 8.9563183335 9.1754433117 9.2625583555 11.2837803998 11.3855006061 11.6433505667 16.0367748166 16.1977932154 16.2139221109 16.3672244031 16.4716426627 16.5199870202 24.0813108191 24.2191254897 24.3924830707
293 2.4625599478 2.571245282 2.6842456705 2.7817756952 3.7869167972 3.8238642633 3.934302228 3.9636340808 3.9668211203 4.072673411 4.1580204775 4.2616612904 4.3162981763 4.3641985905 4.4490951848 4.5237252767 4.5759218549 4.6602614439 4.7122947484 4.7201508123 4.7578663611 4.7894412609 4.8328845927 4.8947625798 4.917441438 4.9909729596 5.0585312326 5.2307119316 5.2331692931 5.3184792003 5.3317658929 5.5300318692 5.6896003007 5.8767334829 5.9875657769 6.0308679893 6.0951678864 6.1313636305 6.1655347153 6.2052570495 6.2302971342 6.2315990577 6.2679795847 6.3285373955 6.3508555381 6.3593203923 6.4002940753 6.4683948799 6.4897599093 6.5261645869 6.5651412715 6.6728683697 6.7681529123 6.7752569017 6.8232961033 6.8234286906 6.8474464339 6.88686172 6.9180835933 6.9229930829 6.9708588097 7.0888899952 7.1312607351 7.3443020203 7.3559675363 7.3668928402 7.5307975226 7.5782512285 7.644597699 7.6470429881 7.7142592045 7.8070881041 7.8524941134 7.8529064483 7.9052513121 7.9793864869 7.9828590334 8.045270873 8.0903365623 8.2093412406 8.2952503184 8.3090918696 8.3834240671 8.458697591 8.4633842614 8.5258062315 8.6343939367 8.7109666076 8.7720609705 8.894431783 8.9490167416 9.1727294182 9.2557502146 11.2960534498 11.38337999 11.6293766078 16.036452391 16.196793152 16.212731484 16.367093458 16.4721746746 16.5187153823 24.0805647762 24.2185238931 24.3908827354
294 2.5138389846 2.6237360782 2.7353043451 2.831306454 3.7341422865 3.8002222323 3.8844196707 3.9244635316 3.9553417867 4.077853955 4.1498696126 4.2709060674 4.3227325595 4.3685491435 4.4446993571 4.5133872472 4.5632604466 4.6829919603 4.7039596819 4.7258330635 4.7591111108 4.798564558 4.8747973418 4.9025005648 4.9300415216 4.9966682287 5.0751096048 5.2170992296 5.2406007149 5.3032290182 5.3210801175 5.5304141083 5.6979202624 5.8771142822 5.9778602737 6.0344302559 6.0997905377 6.1375168656 6.1539858378 6.2088040252 6.2114479379 6.2409534716 6.2640144817 6.3336887259 6.3353072035 6.3618319133 6.4149210689 6.4706142047 6.4804765094 6.5317906562 6.5619628147 6.6748895042 6.7675318684 6.7786445932 6.8161399473 6.821304794 6.8540384708 6.8940626609 6.9169796662 6.9285555564 6.9836487358 7.0909145827 7.1469866271 7.3483199506 7.3578794188 7.3812415251 7.5290104564 7.5831617014 7.6502128865 7.6507757281 7.7114545478 7.7993973027 7.8501939146 7.853685983 7.8989653028 7.9850874155 7.9946281688 8.0355861281 8.0804903784 8.2015572747 8.2876436365 8.30214276 8.3735668649 8.4415619338 8.4707427835 8.5278671324 8.6370182528 8.7149501569 8.7706919929 8.8911512507 8.94159886 9.1699802726 9.2493383729 11.3085520767 11.3813947466 11.6152924915 16.0361375009 16.1958808182 16.2115812436 16.3669706969 16.4727678837 16.5174583688 24.0798671891 24.2179641423 24.3893831102
295 2.5655574944 2.6765549095 2.786581971 2.8811067558 3.6808980831 3.768853901 3.8336581629 3.8792238667 3.9513185239 4.0861665953 4.1415232177 4.2816871217 4.3299111159 4.3706584722 4.4408216165 4.5030860045 4.5512123215 4.6870589455 4.6886398331 4.7354987903 4.7706942983 4.8080719871 4.894363813 4.9239495344 4.9618729237 5.0032606511 5.0937468957 5.203932708 5.2488947166 5.2882280553 5.3107985478 5.5296426336 5.7068928369 5.8774210341 5.9639890047 6.0375430613 6.1035043138 6.1372704712 6.1432336997 6.1888935914 6.2105508308 6.2511849465 6.2607168744 6.3135715694 6.3415998216 6.3724020199 6.4296561003 6.4724199043 6.4729217886 6.5370775036 6.559066118 6.6764722804 6.7662697249 6.7772525148 6.8082954329 6.8182592381 6.863851047 6.8983138018 6.9224948732 6.9311189968 7.0003877669 7.0936607786 7.1611620186 7.3386918693 7.3714666354 7.3950865494 7.5285924805 7.5863404182 7.6555080304 7.6556455418 7.7088757935 7.7888220497 7.8446629746 7.8551547836 7.8978341866 7.987879726 8.0065739882 8.0261184787 8.0741637111 8.1931785335 8.2808322938 8.295840982 8.3639592933 8.424280628 8.4772449592 8.5302592445 8.6394323731 8.7190603949 8.7699729072 8.8879677157 8.9341150955 9.1672369852 9.2433614418 11.3212653472 11.3795532024 11.6011142156 16.0358337982 16.1950575701 16.2104819434 16.3668564429 16.4734073093 16.5162274542 24.0792207814 24.2174478948 24.3879906761
296 2.6176303885 2.7295417911 2.8380350323 2.9311352519 3.6273471651 3.7317732741 3.7823315856 3.8324759807 3.9506631883 4.095660184 4.1331646574 4.2933973948 4.3375968939 4.3713725641 4.4374357083 4.4928741292 4.539931173 4.6698062142 4.6885308797 4.7325057569 4.7918114499 4.8176317788 4.8978243558 4.9498223808 5.0105678536 5.0114456363 5.115155588 5.1912989924 5.2583013179 5.2735391486 5.3013044073 5.5278362527 5.7161818756 5.877666163 5.9461799472 6.0402401906 6.1026565145 6.1170893965 6.148574132 6.1649138658 6.2111828517 6.257006685 6.2614854014 6.3006035656 6.3474200084 6.3825005558 6.4439716041 6.4659902424 6.4756999259 6.5420162135 6.5558543152 6.6780940891 6.7653044792 6.77183144 6.7996234611 6.8146932271 6.8747664984 6.9025346883 6.9311569319 6.9323623619 7.0190217032 7.09730918 7.1735060101 7.3273426306 7.3850790306 7.4083327475 7.5292907567 7.5879060766 7.6607851261 7.6611337299 7.706589126 7.7764816887 7.8359143799 7.8573973325 7.900983575 7.9909989443 8.0118876737 8.0170596348 8.0746636967 8.184317077 8.2748561892 8.2902135834 8.3546505823 8.4069116111 8.4826257483 8.5332261115 8.6414937736 8.7232185238 8.7699386407 8.8849043391 8.9266270814 9.1645441045 9.2378549743 11.3341818477 11.3778632073 11.5868577175 16.0355449809 16.194323724 16.2094441228 16.3667511359 16.4740767539 16.5150353093 24.0786280761 24.2169766319 24.3867114947
297 2.6699561628 2.7825020971 2.8896175865 2.9813497076 3.5736417764 3.6907656575 3.7307289805 3.7848090376 3.9521552619 4.1054770491 4.1249559587 4.3056188485 4.3455592302 4.3712357541 4.4345113841 4.4827938808 4.5296325365 4.6524190204 4.6871120573 4.7265425978 4.8093189684 4.8270239827 4.8988882535 4.977169705 5.0184189761 5.0634823853 5.1405706427 5.1793033233 5.2592405386 5.2691399183 5.2934032102 5.5252138061 5.7250834746 5.8778602796 5.9251327331 6.0425546476 6.0773138706 6.1117391756 6.1427371125 6.1535747539 6.211083688 6.2525410617 6.2713622792 6.2943664304 6.3527480477 6.3920757569 6.4566358969 6.4612923686 6.4800021969 6.5466237314 6.5520307053 6.6801735562 6.7636736613 6.7648560498 6.7900112076 6.8107377201 6.8857268679 6.9082710012 6.9331560592 6.940176514 7.038331444 7.1020612782 7.1837888309 7.3145724608 7.3986299376 7.4209394198 7.5307997391 7.5881808862 7.6655453738 7.6673292691 7.7046445425 7.7630551103 7.8255548098 7.860469957 7.9064285542 7.9940951338 8.0087301526 8.009189415 8.083362958 8.1751418866 8.2697111774 8.2852570321 8.3456891707 8.3895425368 8.4867237242 8.5369103839 8.643088581 8.7273376189 8.7705965023 8.8819892431 8.9192110303 9.1619490757 9.2328508705 11.3472894534 11.3763323407 11.5725388599 16.0352747141 16.1936785915 16.2084782543 16.3666552722 16.4747587376 16.5138959781 24.078091385 24.2165516641 24.3855511733
298 2.7224047209 2.8351824501 2.9412796875 3.0317057667 3.5199477322 3.647059091 3.6791607509 3.7365052263 3.9549060767 4.1148762827 4.1173051103 4.3180456588 4.3535462984 4.3706066866 4.432017028 4.4728664999 4.5206197322 4.6350608145 4.6855379987 4.7202061531 4.8216318269 4.8360585045 4.899224891 5.0049267635 5.0266403447 5.1096178145 5.1680730595 5.1725579087 5.2454337583 5.2792945914 5.2911614712 5.5220831753 5.7322414106 5.8780123921 5.902178568 6.0403992209 6.0445176743 6.1037731266 6.1291428236 6.1582515241 6.2104689965 6.2482137619 6.2805094083 6.2926344608 6.357554965 6.4010577017 6.458240499 6.4653914308 6.4878600549 6.5475443582 6.5509556125 6.682930174 6.7537691615 6.7648264216 6.7798811319 6.8064662177 6.8961536417 6.9152229102 6.933854307 6.9484218601 7.0576129738 7.1081149286 7.1918439999 7.3006790818 7.411905634 7.4329156305 7.532815526 7.5875656846 7.669858385 7.6736821944 7.7030742812 7.7490259109 7.8148313843 7.8644024035 7.9127929644 7.9956450507 8.0013311607 8.0026324383 8.0974190653 8.1658721659 8.2653624619 8.2809149789 8.3371171437 8.3723180014 8.4895536215 8.5412724057 8.644147847 8.7313221708 8.7719130662 8.8792560621 8.9119622936 9.1595013111 9.2283769845 11.360573607 11.3749696071 11.5581734202 16.0350265502 16.1931205503 16.2075946673 16.3665693589 16.4754344547 16.5128250138 24.0776128011 24.2161741373 24.3845148316
299 2.7747943967 2.8872274138 2.992964542 3.0821544397 3.4664752731 3.6014530404 3.6280136954 3.6877266824 3.9583217597 4.1094319554 4.1244472733 4.3304414195 4.3612640011 4.3697289541 4.4299219261 4.4630785161 4.5133061922 4.6178756035 4.6842016906 4.7141080936 4.8300463931 4.8445456473 4.8992475518 5.0308673864 5.0350379332 5.1424843297 5.1577606625 5.2138675708 5.2322558909 5.2800745337 5.3062299471 5.5188442382 5.7351126611 5.8781300828 5.8796401278 6.0004515828 6.0461579855 6.0837023425 6.1277081777 6.1626005916 6.209479443 6.2448194942 6.2887200984 6.2932088804 6.3618087031 6.4093430381 6.4566435467 6.4699017367 6.4992974223 6.5425262155 6.5551297438 6.6863573025 6.7426991877 6.7650549675 6.7699140783 6.8019715647 6.9056904617 6.9227364209 6.9345739481 6.9553643718 7.0763833965 7.1156264517 7.1975809054 7.2859364851 7.4245426527 7.4443120984 7.5350657579 7.586448473 7.673671389 7.6797892752 7.7018923824 7.7348231343 7.8044803678 7.8691948433 7.9193285134 7.9911789214 7.9913345981 8.0030647552 8.1139908835 8.1567704224 8.2617579191 8.2770330411 8.3289549156 8.3555005331 8.491300708 8.5460880611 8.6446594036 8.735069367 8.7738023282 8.8767441871 8.9050013443 9.1572508609 9.224456966 11.3734953043 11.3743074218 11.5437770871 16.0348038492 16.1926471618 16.2068034346 16.3664938783 16.4760838155 16.511839511 24.07719419 24.2158450394 24.3836070693
300 2.8268451578 2.9380976603 3.0446027533 3.1326363325 3.4135330545 3.5544890692 3.5778374152 3.6385851911 3.9619825038 4.1025555271 4.1328474611 4.3426086024 4.3683827387 4.3687723904 4.4281979797 4.4533740931 4.5082087315 4.601007803 4.6832684099 4.7084726209 4.8358459608 4.8522842538 4.8991262794 5.0433745144 5.0539027181 5.1485447864 5.1605613869 5.2198984941 5.2581350614 5.2846529257 5.3310924624 5.5160187686 5.7296429694 5.8607603025 5.8782196547 5.960946202 6.0475011999 6.0601504212 6.1295577891 6.1665961797 6.2082273986 6.2424767237 6.2947619166 6.2958478303 6.3654769219 6.4167910716 6.4562529818 6.4722876863 6.5117275148 6.5372271241 6.5593627063 6.6902674387 6.730901693 6.7607328823 6.7654191401 6.7973833046 6.9140947809 6.9302669558 6.935323077 6.9607306836 7.0942399512 7.1246694841 7.2009977478 7.2705915582 7.4360467451 7.4551725856 7.5373212119 7.585170551 7.6769446614 7.6852962781 7.7010962104 7.7208982397 7.7949832935 7.8748098127 7.9255937412 7.9801669839 7.9854087463 8.0057685599 8.131686807 8.1481379992 8.2588385872 8.2732614802 8.3211569676 8.3396146516 8.4922375376 8.551024596 8.644673228 8.7384727949 8.7761170237 8.8744983949 8.8984810137 9.1552467357 9.2211103317 11.3727304828 11.3876621821 11.5293654714 16.0346097012 16.1922553447 16.2061142087 16.3664292659 16.4766856694 16.5109579403 24.0768371829 24.2155652079 24.3828319375
301 2.8780743055 2.9869076507 3.0960989029 3.1830661004 3.3616430954 3.5065810684 3.5295033056 3.589177265 3.9655551552 4.0964549095 4.140216865 4.3543386049 4.3678573407 4.3746179121 4.4268208085 4.4436665769 4.5058729441 4.5846185117 4.6828112593 4.7034136745 4.8398813025 4.8590592043 4.8989496075 5.0513397026 5.0740176058 5.1406268512 5.1671493688 5.2086355775 5.274826482 5.3215154265 5.3612752176 5.5143181028 5.7123006943 5.8464750642 5.8782862517 5.926620259 6.036415613 6.0485694361 6.1317965097 6.17018446 6.2068242035 6.2409755375 6.2965829973 6.3017880868 6.3685286459 6.423230514 6.4567763916 6.4737936504 6.523214655 6.5319749047 6.5639874231 6.6943512896 6.7189073126 6.7527752268 6.7658536993 6.7928796834 6.9211895226 6.9360597792 6.9374138488 6.9644244639 7.1107806517 7.1352065881 7.2022023188 7.25487291 7.445909894 7.4653934934 7.5393971649 7.5840188068 7.6796497462 7.6898954841 7.7006617035 7.7078031448 7.78671007 7.8811539243 7.9312697874 7.9690109846 7.9801466301 8.00844996 8.1403117466 8.1498611433 8.2565457589 8.2688600651 8.3135169549 8.3257436606 8.4926367901 8.5557213168 8.644299551 8.7414281574 8.7786450271 8.8725674571 8.8925936761 9.1535349934 9.2183527135 11.3718932299 11.4014109819 11.5149541578 16.0344468557 16.1919416129 16.205535998 16.3663758956 16.4772183277 16.5101996688 24.0765431707 24.2153353368 24.3821929118
302 2.9275381691 3.0320937757 3.1472938854 3.2332795896 3.3118216383 3.4581489068 3.4845185371 3.5396174956 3.9687446195 4.0913542038 4.1462876718 4.3652433477 4.3670692586 4.3799856934 4.4257703339 4.4338732787 4.5067152849 4.5689036774 4.6828474011 4.699015725 4.8426631371 4.8646472969 4.8987701487 5.0585156742 5.0916022682 5.1342186361 5.1660253238 5.1988597222 5.2790301615 5.371883167 5.3923424844 5.5146968839 5.6839781203 5.8302090628 5.8783339564 5.9056825904 6.0137721054 6.0493810392 6.1337954635 6.1732726363 6.2054017816 6.2400627815 6.2982781546 6.3064681456 6.3709356361 6.4284770537 6.4578707559 6.4748491118 6.5271556775 6.5324812017 6.5692949224 6.6982218755 6.7074595276 6.7463203539 6.7663338211 6.7887037722 6.9268408965 6.9367227474 6.9438582305 6.9665055239 7.12552428 7.1470796129 7.201460907 7.2390126971 7.4537774766 7.4745548287 7.5411503519 7.5832060758 7.6817675728 7.6930594369 7.696339952 7.7007246596 7.7799661577 7.8880317913 7.9360792874 7.9582063145 7.9758916897 8.0107455668 8.1336563856 8.1681433533 8.2548255835 8.2624928883 8.3059581451 8.3154619415 8.492725576 8.559832447 8.6436992568 8.7438396291 8.7811141842 8.8710012699 8.8875745179 9.1521567457 9.2161962124 11.3712361454 11.4152910463 11.5005588873 16.0343176563 16.191702378 16.2050768803 16.3663340734 16.4776605032 16.5095840517 24.0763132986 24.2151559831 24.3816928694
303 2.9731184423 3.0707667446 3.1978261211 3.266341036 3.2827651846 3.4099875888 3.4456284691 3.4901196102 3.9712771443 4.0874814969 4.1508241083 4.3664676979 4.3741194599 4.385520045 4.4239632368 4.4250309968 4.5108447895 4.5541215725 4.683326571 4.695387921 4.8444892194 4.8688323059 4.8986212807 5.06435721 5.1069240325 5.1295153586 5.1603791315 5.191110966 5.2820571408 5.4179122207 5.4218622245 5.5178962668 5.6493738735 5.8075896869 5.878365867 5.9017178187 5.9934827571 6.0499504056 6.1353281873 6.1757159212 6.204131447 6.2395390905 6.2996179071 6.3098397575 6.3726737825 6.4323589394 6.459136191 6.475590998 6.5232056697 6.5388183795 6.5749778308 6.6975943253 6.7014486825 6.741560993 6.7668346733 6.7851841894 6.9309485085 6.9372495351 6.949271947 6.9671962397 7.13777139 7.1599856474 7.1993188276 7.2233077136 7.459482255 7.4819371982 7.5424747369 7.5828168846 7.6832863943 7.6863778717 7.695865657 7.7009896547 7.7749923878 7.895013854 7.9397616755 7.9483392552 7.9727753429 8.0124966536 8.1285439779 8.1862049479 8.2527738599 8.2536323378 8.2999775281 8.3088996615 8.4926740832 8.5630444578 8.6430645067 8.7456256165 8.7832121508 8.8698461481 8.8836928327 9.1511462549 9.2146497754 11.3707643919 11.4292848914 11.4861963282 16.0342239864 16.1915343002 16.2047436681 16.3663040347 16.4779927174 16.509129047 24.0761484619 24.2150275734 24.3813340691
304 3.0094872363 3.0978882246 3.2307461649 3.2463110767 3.3270261355 3.3673008655 3.4176604959 3.4414451413 3.9729123925 4.0850509549 4.1536326138 4.3660919084 4.3788936562 4.3932333971 4.4140579281 4.4245917705 4.5179476171 4.54067498 4.6840440411 4.692769284 4.8455280261 4.8714286551 4.8985240946 5.0682354099 5.1195209798 5.1266560056 5.1528562841 5.1860472165 5.2840415981 5.4347350099 5.4648823097 5.5219404069 5.6157928733 5.787263227 5.8783841557 5.9062192044 5.9778325588 6.0502878755 6.1362845322 6.1773180546 6.2032266459 6.2392729261 6.3004684186 6.3118732055 6.373724521 6.4347422375 6.460142769 6.4760454643 6.5205794649 6.5423076273 6.5796561372 6.6906818568 6.7036075923 6.7386412975 6.7672675611 6.7827489741 6.933441453 6.9375882637 6.9531600769 6.9669669071 7.1463542689 7.1732039008 7.1968394094 7.2084372052 7.4629438817 7.4867577893 7.5432975962 7.5827488193 7.6801878959 7.6841997064 7.6969327913 7.7014210798 7.7719519105 7.9010385569 7.9405557042 7.9420846766 7.9708745023 8.0135952138 8.1253125549 8.2034154684 8.2399969243 8.2529310783 8.2969270466 8.3050053244 8.4925984226 8.5650940678 8.6425861082 8.7467235898 8.7846301783 8.8691386591 8.8812199754 9.1505292824 9.2137195344 11.3704804436 11.4433701078 11.4718895309 16.0341672239 16.1914346518 16.2045415579 16.3662859458 16.4781990732 16.5088494569 24.0760493025 24.2149504083 24.3811181357
305 3.0247831336 3.1076182849 3.2162122049 3.2782555627 3.3230577615 3.3759484202 3.4052781771 3.4071439768 3.9734785591 4.0842210494 4.1545839827 4.3659642275 4.3801540207 4.4003281926 4.4065355039 4.4244460881 4.5253155417 4.5312079386 4.6844470429 4.6917306714 4.8458655067 4.872309242 4.8984904224 5.069602715 5.1256853644 5.1256998747 5.1482725509 5.1842737074 5.2847343382 5.4400612998 5.487065867 5.5219718523 5.5993232248 5.7791169824 5.8783901098 5.9093831936 5.9714174838 6.0503996729 6.1366090713 6.1778815708 6.2028945299 6.2391918455 6.3007592539 6.3125526646 6.3740761081 6.4355455569 6.4605274153 6.476200086 6.5196535574 6.5433988258 6.5815036506 6.6881547224 6.7043695196 6.7376567458 6.7674507663 6.7818611508 6.9342771794 6.9377050754 6.95466464 6.9666803567 7.149559007 7.1818704499 7.1956758173 7.1992251599 7.4641056857 7.4884351594 7.5435765253 7.5827693312 7.6779964955 7.6845044364 7.6972420102 7.7016232962 7.7709301684 7.903703657 7.937300044 7.9428799011 7.9702354486 8.0139699764 8.1242055501 8.2147470713 8.2299962691 8.2526998274 8.2961291672 8.3036363417 8.492565862 8.5657992528 8.6424085079 8.7470940858 8.785132654 8.8689005844 8.8803683322 9.1503218181 9.2134090628 11.3703856484 11.45662464 11.4585610757 16.0341482089 16.1914016436 16.2044738161 16.3662799053 16.4782690829 16.5087551094 24.0760162064 24.2149246668 24.3810460488
306 3.0247831336 3.1076182849 3.2162122049 3.2782555627 3.3230577615 3.3759484202 3.4052781771 3.4071439768 3.9734785591 4.0842210494 4.1545839827 4.3659642275 4.3801540207 4.4003281926 4.4065355039 4.4244460881 4.5253155417 4.5312079386 4.6844470429 4.6917306714 4.8458655067 4.872309242 4.8984904224 5.069602715 5.1256853644 5.1256998747 5.1482725509 5.1842737074 5.2847343382 5.4400612998 5.487065867 5.5219718523 5.5993232248 5.7791169824 5.8783901098 5.9093831936 5.9714174838 6.0503996729 6.1366090713 6.1778815708 6.2028945299 6.2391918455 6.3007592539 6.3125526646 6.3740761081 6.4355455569 6.4605274153 6.476200086 6.5196535574 6.5433988258 6.5815036506 6.6881547224 6.7043695196 6.7376567458 6.7674507663 6.7818611508 6.9342771794 6.9377050754 6.95466464 6.9666803567 7.149559007 7.1818704499 7.1956758173 7.1992251599 7.4641056857 7.4884351594 7.5435765253 7.5827693312 7.6779964955 7.6845044364 7.6972420102 7.7016232962 7.7709301684 7.903703657 7.937300044 7.9428799011 7.9702354486 8.0139699764 8.1242055501 8.2147470713 8.2299962691 8.2526998274 8.2961291672 8.3036363417 8.492565862 8.5657992528 8.6424085079 8.7470940858 8.785132654 8.8689005844 8.8803683322 9.1503218181 9.2134090628 11.3703856484 11.45662464 11.4585610757 16.0341482089 16.1914016436 16.2044738161 16.3662799053 16.4782690829 16.5087551094 24.0760162064 24.2149246668 24.3810460488
307 3.0251664443 3.107845764 3.2164945426 3.2785526016 3.323018727 3.3739614193 3.4057947306 3.4097052229 3.973973717 4.0836435036 4.1542171521 4.3660984513 4.378050431 4.3996304705 4.4056245252 4.425245672 4.5248813093 4.5299561207 4.6846789752 4.6920471407 4.84843865 4.8714177005 4.9015265032 5.0694329428 5.1226236219 5.1295881282 5.1484475306 5.1848796671 5.2853895361 5.4396410656 5.4874918028 5.5220134987 5.5996324511 5.7795306119 5.8768352188 5.9088037089 5.9669317812 6.0524059003 6.1362197144 6.1786960587 6.2039190134 6.2390692085 6.3004202179 6.3119910178 6.3732553485 6.4341150154 6.4589993728 6.4759386757 6.522898812 6.5450137171 6.581842339 6.6872398403 6.7063588465 6.7345472027 6.7707371792 6.7823884199 6.9286961451 6.9358496634 6.9566399975 6.9715268405 7.1495683004 7.1817041231 7.1968459533 7.1998600517 7.464237781 7.4886014645 7.5430532017 7.5827201169 7.6779367757 7.684331587 7.6973898381 7.7017452868 7.7711666196 7.903480557 7.9358365361 7.9430213565 7.9712486155 8.0141020169 8.1237035005 8.2145509028 8.2298828672 8.2526553477 8.2961632827 8.3040125599 8.4926482071 8.5657417658 8.6423545738 8.7469870261 8.7850408968 8.8688707025 8.880258218 9.1504105954 9.2135083041 11.3698699774 11.4561104201 11.4580563487 16.0341575785 16.1913618539 16.2043954059 16.3661978061 16.4781865996 16.5086835486 24.0761764406 24.2149291454 24.3812490065
308 3.0263137668 3.108521775 3.2173472196 3.2794275159 3.322911172 3.3692705025 3.4073444684 3.4161117577 3.9754547203 4.0818953691 4.1531153027 4.3664943142 4.3715159368 4.397477375 4.4038435916 4.4270858103 4.5236246394 4.5264216021 4.6853662874 4.6929877325 4.8559666648 4.86957115 4.9096565747 5.0689407116 5.1204711946 5.1342080298 5.1490137051 5.1866639265 5.2873413795 5.4383706963 5.4887653304 5.5221222378 5.600549546 5.7807821749 5.872307891 5.90706983 5.9550877654 6.0566766551 6.1351619809 6.1810269646 6.20698707 6.2385400672 6.2993951913 6.3104403189 6.3709201418 6.4307274835 6.4548394939 6.4752368938 6.5316864079 6.5494251072 6.5828757867 6.6845264695 6.7116445176 6.7282491104 6.7781084385 6.7839577598 6.9168870839 6.9317076283 6.9611247098 6.9811550175 7.1496058624 7.1812935605 7.2002861194 7.2017526871 7.4646276909 7.4890960676 7.54149829 7.5825690958 7.6777569767 7.6838138726 7.6978314318 7.7021106856 7.7718718019 7.9028241175 7.9319024438 7.9434282832 7.9738353354 8.0144962106 8.1222122133 8.2139654852 8.2295444457 8.2525304521 8.2962658774 8.3051194591 8.4928946014 8.5655679734 8.6421931585 8.746665665 8.7847663738 8.8687814402 8.8799285769 9.1506778634 9.2138065457 11.3683236692 11.4545684931 11.4565427212 16.0341857125 16.1912424902 16.204160464 16.3659517983 16.4779395846 16.5084692292 24.0766565101 24.2149425676 24.3818570758
309 3.0282171564 3.1096268296 3.2187862569 3.280833644 3.3227626385 3.3635665396 3.4099272882 3.4246528145 3.9779071944 4.0789300836 4.1512745457 4.36054159 4.3671291601 4.3937036012 4.4023841339 4.4292511539 4.5212128693 4.5216677234 4.686486127 4.6945287709 4.8677684514 4.8679291215 4.9214705773 5.0681752052 5.1193056605 5.1394483563 5.1500837053 5.1895371695 5.2905490373 5.4362264872 5.4908690556 5.5222491424 5.602043299 5.7829012194 5.8651486236 5.9042460721 5.9386505466 6.0601446267 6.1337087405 6.1845212144 6.2120361511 6.2372254405 6.2971020618 6.3088749242 6.3674278985 6.4270838357 6.4489965522 6.4742660579 6.5441758634 6.5556302185 6.5846563401 6.6801037512 6.7139740357 6.7273503293 6.7865347242 6.7868498954 6.9031895299 6.9267760071 6.966572528 6.9913155731 7.1497011876 7.1807917426 7.2048673789 7.2058903714 7.465256663 7.4899054317 7.5389560272 7.5823071128 7.677455349 7.6829536787 7.6985613173 7.7027176713 7.7730337312 7.9017691944 7.9263180227 7.9440520381 7.9771869108 8.0151462567 8.1197749982 8.2129997635 8.2289863257 8.252347711 8.2964376679 8.3068965198 8.4933031223 8.5652739163 8.6419254335 8.7461294655 8.7843113171 8.8686339459 8.8793815087 9.1511264218 9.2143053375 11.3657488439 11.4520010596 11.4540218579 16.0342326858 16.1910435703 16.2037698548 16.3655427505 16.4775293399 16.5081132376 24.0774545189 24.2149648935 24.3828678477
310 3.0308629863 3.1111277624 3.2208353863 3.2826993995 3.322615316 3.3576584582 3.4135419019 3.4344911707 3.9813038264 4.0746700132 4.1486892368 4.3458034177 4.367950485 4.3880965497 4.4014884519 4.4314838711 4.5151815444 4.519176347 4.6880068614 4.6966374042 4.8663331674 4.8836038122 4.9360662738 5.0672104696 5.1191779785 5.1452116222 5.1518171702 5.1933801011 5.2949458083 5.4331833645 5.4937616657 5.5223118686 5.6040634569 5.7859286942 5.8557699589 5.9005333838 5.9195516716 6.060698062 6.1321195511 6.1885304202 6.2188245373 6.234793804 6.2922877074 6.3092082383 6.3633135011 6.4243603701 6.442440535 6.4732344666 6.5588446464 6.5624692291 6.5872991903 6.674107523 6.7075507984 6.7382010156 6.7900699405 6.7958634336 6.8891217288 6.9215915107 6.9723716897 7.0007229804 7.1499044028 7.1803159149 7.2091462455 7.2135979286 7.4660946559 7.4910044796 7.5354983301 7.5819215573 7.6770294251 7.6817547245 7.6995709476 7.7035628575 7.7746340843 7.9003636039 7.9196843044 7.9448216678 7.9807233422 8.0160401887 8.1164601319 8.2116676814 8.2282172739 8.2521364517 8.2966797586 8.3092563454 8.4938705663 8.5648531121 8.6415533861 8.7453775583 8.783679401 8.8684301283 8.8786204947 9.151760908 9.215007252 11.3621490527 11.4484117956 11.4504965486 16.0342986228 16.1907651261 16.2032250168 16.3649721088 16.4769580264 16.507617375 24.0785673146 24.2149960563 24.3842773183
311 3.0342313625 3.1129767609 3.2235223975 3.2849366056 3.3225201077 3.3518696859 3.4181841854 3.4452742884 3.9855987476 4.0690071777 4.1453540961 4.3282217784 4.3687743986 4.3805855534 4.4009970768 4.4337581718 4.5092285141 4.5163355099 4.6898928663 4.6992759467 4.8652748001 4.9021983033 4.9527875942 5.0661323917 5.1201304871 5.151411886 5.1543987501 5.1980673713 5.3004409655 5.4292286294 5.4973661498 5.5221945351 5.6065431183 5.789903677 5.8445745017 5.8962808779 5.8989162071 6.0574800148 6.1304313989 6.1920158662 6.2267962539 6.2311678822 6.2854541428 6.311875791 6.359247815 6.4229384277 6.4359530477 6.4723949054 6.5686818358 6.5746900919 6.5910694922 6.6667097271 6.7002645421 6.7527292695 6.794506602 6.8046110687 6.8756613414 6.916342342 6.9782419225 7.0089450349 7.1502863001 7.1799643382 7.2145118099 7.2233532625 7.4671020318 7.4923504299 7.5312266209 7.5813987791 7.6764761875 7.6802221725 7.7008493353 7.7046407755 7.7766503082 7.8986582338 7.9123509183 7.9456535916 7.9841272029 8.0171591259 8.1123560543 8.2099870305 8.2272493488 8.2519252417 8.2969935114 8.3120985723 8.4945924461 8.5642967291 8.6410798724 8.7444087828 8.7828756719 8.8681726479 8.8776503713 9.1525877549 9.2159158687 11.3575293055 11.4438058656 11.445970731 16.0343836958 16.1904072088 16.2025279574 16.3642418942 16.4762286496 16.5069841438 24.0799905019 24.2150359624 24.3860799046
312 3.0382952906 3.1151101457 3.2268752413 3.287450586 3.3225263916 3.34634982 3.4238450089 3.4568350033 3.9907181962 4.0618059403 4.1412692379 4.3086483609 4.3674528634 4.3731936144 4.4007450142 4.4361037403 4.5041098386 4.5133410185 4.6921070444 4.7024035804 4.8645289121 4.9229376502 4.9710549401 5.0650228056 5.122215158 5.1579770098 5.1580256285 5.20348182 5.3069219245 5.4243728332 5.5015594024 5.5217498382 5.6094011744 5.7948390661 5.8319345043 5.8774636972 5.8919390266 6.0505661533 6.1284259972 6.1935578559 6.2263035388 6.23501675 6.2788243143 6.3160194394 6.3560348877 6.4227186394 6.4301248456 6.4720211636 6.5729094988 6.5910452709 6.5963484738 6.6581199448 6.6942518165 6.7680396542 6.7997857072 6.8126777631 6.8641732946 6.9111192418 6.9839936504 7.0158494839 7.1509365162 7.1798431771 7.2208703722 7.2350623776 7.4682317152 7.49386612 7.5262851352 7.5807257357 7.6757902141 7.6783647771 7.7023836051 7.7059432458 7.7790579477 7.8966996304 7.9045240802 7.9464588047 7.9872361339 8.0184774141 8.107566302 8.2079783131 8.2260976849 8.2517370214 8.297380377 8.3153215039 8.49546298 8.5635938274 8.6405086912 8.7432217433 8.7819064471 8.8678649057 8.8764772914 9.1536151312 9.2170357514 11.3518961087 11.4381899406 11.4404495232 16.0344881233 16.1899698947 16.2016812481 16.3633546991 16.4753450408 16.506216729 24.0817184594 24.2150844914 24.3882684665
313 3.0430195819 3.1174471007 3.2309184565 3.2901509574 3.3226606184 3.3412116677 3.4305078367 3.46907823 3.9965451002 4.0529095261 4.1364511349 4.2878133439 4.3571655538 4.37284014 4.4006137906 4.4385521322 4.5003053631 4.5103991944 4.6946118902 4.7059765697 4.8640299848 4.9450992715 4.9903265723 5.0639458381 5.1255134176 5.1629011506 5.164849553 5.2095206773 5.314256265 5.4186575981 5.5061614603 5.5208057632 5.6125429846 5.8006544944 5.8182044309 5.8557995829 5.8879943302 6.0404942646 6.1258098764 6.191916741 6.2195205097 6.2422289001 6.2751395956 6.3206606573 6.3546162932 6.4235168075 6.4253913168 6.4723444287 6.5741807193 6.6031649468 6.60735995 6.6486441137 6.6904586127 6.7808115257 6.8058479068 6.8202403932 6.8570708826 6.9059904237 6.9894645222 7.0214744482 7.1519591685 7.1800743313 7.2281152894 7.2485811763 7.469431683 7.4953902542 7.5209089693 7.5798907612 7.6749424468 7.6762163076 7.7041593353 7.7074587534 7.7818327614 7.894525949 7.8963389881 7.9471468354 7.9899683076 8.0199655518 8.102205033 8.2056638471 8.2247802145 8.251587447 8.2978416966 8.3188297338 8.4964750681 8.5627316666 8.6398446796 8.7418148826 8.7807791819 8.8675110265 8.8751086734 9.1548528654 9.2183724206 11.3452575141 11.431572222 11.4339392654 16.0346121679 16.1894532934 16.200688016 16.3623136829 16.4743118316 16.5053189733 24.0837443622 24.2151414958 24.3908343363
314 3.0483594809 3.1198886964 3.2356701618 3.2929622077 3.3228676712 3.3366336914 3.4381465419 3.4819393098 4.0028928182 4.0421526406 4.1309552395 4.2663312319 4.3435725963 4.3741982364 4.4005075533 4.4411318425 4.4979996157 4.5077248381 4.6973702646 4.7099482542 4.8637244284 4.9680090618 5.0100955706 5.0629401812 5.1301521539 5.1692255537 5.1719880539 5.2160990627 5.3222929829 5.4121619683 5.5109208809 5.5191794175 5.6158559806 5.8037466845 5.8067731395 5.8349321219 5.8849087118 6.0278949868 6.1223849649 6.1869647594 6.2097906039 6.247086919 6.2762249328 6.3248453814 6.3559495203 6.4220501294 6.4253226637 6.4734759824 6.5722388626 6.6110424615 6.622419048 6.6393758829 6.6895260545 6.7852207064 6.8126311266 6.8300659683 6.856832293 6.901028198 6.9945065169 7.0259881585 7.1534655838 7.1807939114 7.2361292142 7.2637259985 7.4706477125 7.4965129344 7.515588648 7.5788837676 7.6734201364 7.6742956268 7.7061606747 7.709171893 7.7849522573 7.8878964237 7.8921655549 7.9476273885 7.9922805882 8.0215963733 8.0963935513 8.2030672136 8.2233173291 8.2514854736 8.29837849 8.3225380595 8.4976202479 8.5616960747 8.6390938308 8.740186573 8.7795023035 8.8671158385 8.8735531391 9.1563123533 9.2199323177 11.3376231797 11.4239624721 11.4264475712 16.0347561331 16.1888575576 16.1995519352 16.3611225655 16.4731344243 16.504295349 24.0860602088 24.2152068009 24.3937673523
315 3.0542590036 3.1223177431 3.2411395255 3.2958333967 3.3228313809 3.3330571944 3.4467239409 3.4953676518 4.0094587651 4.029381934 4.1249207912 4.2447048951 4.3285997806 4.3758370541 4.4003342768 4.4438778041 4.4971589511 4.5055319127 4.7003463921 4.7142693319 4.8635670558 4.991017899 5.0298970179 5.0620186143 5.1363102691 5.1771713681 5.1793710387 5.2231568878 5.3308622569 5.4050089625 5.5154935346 5.5166993992 5.6191955605 5.7889636611 5.8062029495 5.8222553695 5.8830702887 6.0133367305 6.1180920031 6.1795284996 6.1972170523 6.248622171 6.2816635886 6.3277060476 6.3606319252 6.4202654847 6.4283418418 6.4753601319 6.5672658702 6.6195243788 6.6239300875 6.6425677969 6.6916525789 6.7795287647 6.8200619426 6.843714219 6.8630676384 6.8963235599 6.9989897583 7.0296756478 7.1555641776 7.1821490869 7.2447845576 7.2802929325 7.4718264139 7.4961250859 7.5115225811 7.5776962266 7.670680017 7.6731533734 7.7083703097 7.7110628714 7.7883963499 7.8792809196 7.8896372107 7.9478111173 7.9941433272 8.0233531692 8.0902577373 8.2002130057 8.2217314825 8.2514349274 8.298991245 8.3263727978 8.4988886236 8.5604718769 8.6382634327 8.7383352249 8.7780850117 8.8666848457 8.8718204373 9.1580064493 9.2217227645 11.3290044409 11.4153720507 11.4179833901 16.0349203603 16.1881828955 16.1982772157 16.359785621 16.4718189558 16.5031509245 24.0886568528 24.2152802051 24.3970559004
316 3.0606489946 3.1246002273 3.2473243603 3.2987466826 3.3217505746 3.331416824 3.4561914458 3.509319844 4.0144836781 4.0157422574 4.1186548213 4.223321213 4.3129485361 4.3776149345 4.4000011084 4.4468427891 4.4976363967 4.5040160074 4.7035069878 4.718888436 4.8635146633 5.0134757801 5.0493280312 5.0611777018 5.144203311 5.1868266887 5.1870078317 5.2306778533 5.3397729735 5.3973739578 5.5132352737 5.5194150616 5.6223569838 5.77433621 5.7892656549 5.8278611508 5.8827557905 5.9973081832 6.1129827872 6.1704967698 6.1828025492 6.2466716147 6.2899508114 6.3286045438 6.3685134334 6.4200745685 6.432832407 6.4777833503 6.5597330035 6.6133654494 6.6283947382 6.6567796231 6.6965497145 6.768294052 6.8280355467 6.8572711827 6.874511276 6.8920037888 7.0028127326 7.0329412011 7.1583483736 7.1842967558 7.2539416751 7.2980759608 7.4729187431 7.4926892741 7.5103500135 7.576321136 7.6675156055 7.6720044197 7.7107694025 7.7131069982 7.7921468768 7.8705703312 7.8869511028 7.947610883 7.9955248811 8.025236814 8.0839258591 8.1971267688 8.2200467435 8.2514361961 8.299679726 8.3302715829 8.5002687638 8.559043375 8.6373622284 8.7362594128 8.7765370508 8.8662241916 8.869921356 9.1599493419 9.2237519149 11.319414394 11.4058139596 11.4085570788 16.0351052247 16.1874295849 16.1968685904 16.3583076683 16.4703722572 16.5018913267 24.0915240395 24.2153614792 24.4006869599
317 3.0674449585 3.1265892194 3.2542082425 3.3017248532 3.3193421572 3.3321376268 3.4664899856 3.5237564615 3.997413619 4.020913764 4.1127689133 4.2024423995 4.2972107055 4.3794916398 4.3994223566 4.4501036396 4.4992501846 4.5033322676 4.7068221286 4.7237528514 4.8635207141 5.0346986108 5.0604483685 5.0680847114 5.154017585 5.194964907 5.1980845062 5.2387376338 5.3488072761 5.3894971075 5.5087290034 5.5220747287 5.6250342367 5.7604684229 5.7710143667 5.8371376227 5.8841041047 5.9802537225 6.1071842783 6.1604814213 6.1674929261 6.2417964962 6.2998077685 6.3272994733 6.3787761026 6.4214010561 6.4388711268 6.4804176087 6.5503129407 6.6017766644 6.6375867295 6.6710793534 6.7036442772 6.7547392357 6.8363711494 6.868423408 6.8882695411 6.8895337211 7.0059140616 7.0363175216 7.1618845966 7.1874052036 7.2634443621 7.3168786009 7.4738844833 7.4867573889 7.5116393029 7.5747530456 7.6640043732 7.6707804326 7.7133376137 7.7152740702 7.7961856413 7.8618413889 7.88411047 7.9469446519 7.9963844933 8.0272686679 8.0775259547 8.1938350068 8.218288309 8.2514876267 8.3004428176 8.3341824238 8.5017475643 8.5573948713 8.6364005952 8.7339580184 8.7748684566 8.865740612 8.8678676213 9.1621564136 9.2260286997 11.3088679911 11.3953028949 11.3981804853 16.0353111306 16.1865979892 16.1953313014 16.3566940616 16.468801808 16.5005227004 24.0946504458 24.215450367 24.4046461561
318 3.074544819 3.1281320303 3.2617562502 3.3048385944 3.3164423974 3.3345288959 3.4775520569 3.5386401689 3.9782196953 4.0236937385 4.1083093049 4.1822019097 4.2819071379 4.3814513189 4.3985358366 4.4537566694 4.5018243999 4.5035770142 4.7102653875 4.7288092178 4.8635322847 5.0532118153 5.0607305666 5.0860061737 5.1657484913 5.2034275671 5.2104557529 5.2476113866 5.3577115535 5.3817032667 5.5032210331 5.5227148118 5.6267844203 5.7481246049 5.754732003 5.8472248565 5.8871004162 5.9626415624 6.1008751851 6.1498075798 6.1520432294 6.2348315096 6.3101327228 6.3241974377 6.3903567006 6.4240611206 6.4462329246 6.482860083 6.5397718137 6.5902696816 6.6470824024 6.6846058999 6.7123255082 6.7402002856 6.8447086859 6.8782326644 6.8854871432 6.9049089987 7.0082822881 7.0404527299 7.1662031768 7.1916579403 7.2731121873 7.3365172939 7.4746987686 7.4797929104 7.5140743571 7.5729881504 7.6601479173 7.6694895103 7.7160532819 7.7175275484 7.8004903964 7.8531733499 7.8811141854 7.9457409644 7.9966731891 8.0294874897 8.0711819008 8.1903651545 8.2164819937 8.2515865312 8.3012784187 8.3380624871 8.5033100745 8.5555112253 8.6353907402 8.7314303896 8.7730892894 8.8652413742 8.8656717858 9.1646440849 9.228562763 11.297382147 11.3838553081 11.3868670428 16.0355385062 16.1856885762 16.1936710838 16.3549506782 16.4671156856 16.4990516638 24.0980237259 24.2155465847 24.4089178174
319 3.0818269267 3.1290808173 3.269907997 3.3082147497 3.3136392596 3.3381426819 3.4893045444 3.5539338722 3.9570484297 4.0225414883 4.1065749011 4.1626141281 4.267489814 4.3834891807 4.3973193815 4.4579008587 4.5047823916 4.5052033776 4.713812755 4.7340041017 4.8634896943 5.0573598087 5.073314679 5.1030983211 5.1789168413 5.2128312267 5.2228377433 5.2579308017 5.366183807 5.3744350953 5.4968655249 5.5205029129 5.6270577592 5.7382035571 5.7415138228 5.8572183555 5.8915688976 5.9451167804 6.0942757934 6.1363542931 6.1393819577 6.2265624401 6.3153611285 6.324700572 6.4022370417 6.4277208536 6.4544001655 6.4846793125 6.5289757474 6.579469894 6.6568588484 6.6971589147 6.7219707704 6.7253622635 6.8522839705 6.8844002697 6.8875779874 6.9183307877 7.0099613241 7.0460125125 7.1712946187 7.1972561736 7.2827291802 7.356815644 7.4725837194 7.4753631394 7.5170538931 7.5710244424 7.6559383121 7.6681498127 7.7188937741 7.7198234254 7.8050275501 7.8446507818 7.8779614941 7.9439475121 7.996340705 8.031941319 8.0650075385 8.1867454493 8.2146537189 8.2517298433 8.3021833971 8.3418768556 8.5049392928 8.5533784281 8.634346903 8.7286765139 8.7712093635 8.8633471062 8.8647341983 9.1674296428 9.2313643901 11.2849758587 11.3714894775 11.3746318773 16.0357877973 16.1847019391 16.1918941475 16.3530839051 16.4653225103 16.4974852623 24.1016305595 24.2156498214 24.4134850377
320 3.0891489005 3.1293057194 3.2785664602 3.3111509241 3.3120468813 3.3428831381 3.5016718681 3.5695979484 3.9341325666 4.0164805011 4.1082871732 4.1436007701 4.2543582528 4.3856072496 4.3957980152 4.4626146051 4.5069280193 4.509253288 4.717439921 4.7392843546 4.8633290718 5.0563377102 5.0889460751 5.1195112295 5.1922854824 5.2240257437 5.2335897888 5.2705533077 5.3683097378 5.3738588824 5.4899345756 5.5147233116 5.6253972493 5.7315485108 5.7321283651 5.8656651044 5.8971700057 5.9289567604 6.0876475579 6.121643244 6.1286939654 6.2176474392 6.3096168337 6.3347661695 6.4135208963 6.4317340274 6.4624527686 6.4856338771 6.5190620868 6.5701020911 6.6668421284 6.7086567774 6.7101460621 6.7325851272 6.8577484044 6.8862962545 6.8967394794 6.9285926033 7.0110513911 7.0534413377 7.1771119485 7.2044127783 7.2920289198 7.3775852099 7.4655958438 7.4759275796 7.5203532342 7.5688619334 7.6513640998 7.6667838643 7.7218359513 7.7221087005 7.8097389272 7.8363660226 7.874661737 7.9415425623 7.9953444233 8.034677839 8.0590989469 8.1830046624 8.2128290248 8.2519145116 8.3031536138 8.34559738 8.5066159379 8.5509841792 8.6332855565 8.7256972045 8.7692379904 8.8609074153 8.8642271598 9.1705310532 9.234444424 11.2716703369 11.35822559 11.3614919266 16.0360594609 16.183638819 16.1900071586 16.3511006234 16.4634313858 16.4958309192 24.1054567049 24.2157597392 24.4183297446
321 3.0963482199 3.1287082265 3.2875833578 3.3090473291 3.3166068544 3.3487723277 3.514579051 3.5855852643 3.9097672097 4.005765635 4.112894344 4.1250279695 4.2429013576 4.387812203 4.3940373568 4.4679353727 4.5099650048 4.5138590714 4.7211175603 4.7445971891 4.8629880897 5.0547485221 5.1032280326 5.1354713409 5.2041701752 5.2379784739 5.2414593733 5.2855704982 5.3642234811 5.3802967882 5.4828167809 5.5050492805 5.6218137409 5.7269250414 5.7285827489 5.8691483648 5.9034000095 5.9173099959 6.08129735 6.1076905436 6.1186789115 6.2086543509 6.3015198195 6.3459297049 6.423350549 6.4349645623 6.4681975449 6.4867130611 6.5117039558 6.5629645952 6.6766267579 6.6955188935 6.7190825153 6.7434148725 6.8602005522 6.8919606458 6.9057888018 6.9353292907 7.0117078138 7.0626812488 7.1835776373 7.2133275336 7.3006783282 7.3985753603 7.4592407265 7.4765428421 7.5238738985 7.5665030162 7.6464128423 7.665416783 7.7243194627 7.7248566166 7.8145166193 7.8284215848 7.8712553966 7.9385477244 7.9936560509 8.0377372048 8.0535260875 8.1791716722 8.2110326333 8.2521377123 8.3041840172 8.3492016685 8.5083182172 8.5483184458 8.6322255848 8.7224942963 8.7671837509 8.8583669886 8.8637285696 9.173966756 9.2378141693 11.2574891507 11.3440858356 11.347466074 16.0363539572 16.1825001302 16.1880172177 16.3490081903 16.4614518364 16.4940963858 24.1094870551 24.2158759731 24.4234327708
322 3.103245799 3.1272316032 3.2967544195 3.3073333495 3.3222431845 3.3558571151 3.527954405 3.6018315023 3.8842878377 3.9914025744 4.1067433456 4.1189928201 4.2335692124 4.3901139298 4.3921270563 4.4738477049 4.5138431646 4.5189203302 4.7248043269 4.7498899216 4.8624150984 5.052668748 5.1164036835 5.1511933621 5.2137297965 5.2462803013 5.2546057465 5.3014483911 5.3635555282 5.3849865391 5.4760175907 5.491733277 5.617030584 5.7257034258 5.7290630653 5.8629482517 5.9096002985 5.9144976609 6.0755764357 6.0946285907 6.1099915422 6.2001230753 6.2923887532 6.3570321758 6.42912711 6.4377238369 6.467631067 6.4910072281 6.5089381277 6.5586360517 6.677427815 6.6901241454 6.7284710158 6.7544013144 6.8605406753 6.9003088543 6.9146926073 6.9389369996 7.0121415746 7.0731306993 7.1905921917 7.2241352704 7.3082687029 7.4193260391 7.4539645488 7.4776104812 7.5275639804 7.5639531645 7.6410739737 7.664074976 7.7263788406 7.7279327334 7.8191528461 7.8209324862 7.8678601473 7.9350393128 7.9912639811 8.0411492546 8.0483261446 8.1752748734 8.2092880874 8.2523969412 8.3052688064 8.3526722211 8.5100216175 8.5453739839 8.6311884082 8.7190708503 8.7650543154 8.8557404121 8.8632468325 9.1777554428 9.2414852809 11.2424583854 11.3290945148 11.3325752965 16.0366717407 16.1812869875 16.1859318375 16.3468144192 16.4593937403 16.4922896901 24.1137056979 24.2159981318 24.4287739308
323 3.1096538054 3.1248655727 3.3058702345 3.305978525 3.3293194038 3.3641750144 3.5417316341 3.618234964 3.8580649408 3.9744046864 4.0886045269 4.125003368 4.2269514416 4.3901623432 4.3925244841 4.4802786509 4.5185342283 4.5243473046 4.7284373463 4.7551093396 4.8615818876 5.050024735 5.1288351269 5.1667857427 5.2212701503 5.2484934679 5.2725793457 5.3153455216 5.3683332281 5.3873874098 5.4701648035 5.4756051222 5.6122857191 5.7277909265 5.7322396317 5.8488528395 5.9150045467 5.9182145372 6.0708539226 6.0823501953 6.1035976188 6.1926230709 6.2826011569 6.3678427469 6.4255829185 6.444150792 6.4607884664 6.4981987244 6.5116998277 6.5571371472 6.6634996861 6.69970763 6.7369008577 6.7653393115 6.8600717631 6.9097707258 6.9232046114 6.9404283348 7.0126249 7.0839387001 7.1980414456 7.2368314625 7.3143343426 7.4386726276 7.4502575157 7.4802820762 7.5313908604 7.5612225673 7.6353427918 7.6627849473 7.7281957264 7.7310410898 7.8140279208 7.8232415709 7.8647658937 7.9311552813 7.9881720671 8.0435011535 8.0449343045 8.1713414317 8.2076174853 8.252690027 8.306401654 8.3559956985 8.5116987627 8.5421468014 8.6301980128 8.7154313647 8.7628563265 8.8530424527 8.8627902845 9.1819158132 9.2454696334 11.2266068134 11.3132781609 11.3168428283 16.0370132507 16.1800007352 16.1837589179 16.3445275571 16.4572672608 16.4904190853 24.1180959782 24.216125798 24.4343321013
324 3.1153883757 3.1216442173 3.3049326661 3.3148667267 3.3380478441 3.3737406565 3.5558512148 3.6346102085 3.8315344266 3.9555504281 4.0704961791 4.1294425015 4.2237585665 4.3882299474 4.3950573297 4.4870976296 4.5240474524 4.5300569891 4.7319202071 4.7602006613 4.8605001515 5.0467242017 5.1408029731 5.182115602 5.2272451449 5.2488641435 5.2903677163 5.3245771357 5.3799588646 5.3870315325 5.4580551 5.4660075057 5.6088813083 5.7322504583 5.7372100179 5.8316679563 5.9188690567 5.9231124896 6.0674349613 6.0706400411 6.1005415198 6.1867934901 6.2724220815 6.3782357285 6.4162286853 6.4502940037 6.4517671116 6.5059584719 6.5188126078 6.5579748951 6.6487010748 6.7103761338 6.7444850878 6.7760490366 6.8595001469 6.9192768002 6.9301130264 6.9418762008 7.0135008081 7.0943638982 7.2058003599 7.2512010682 7.3184289315 7.4485903961 7.4535419467 7.4876683729 7.5353273159 7.5583307971 7.629226464 7.6615724265 7.7296665348 7.7341569073 7.8078505465 7.8260327281 7.8625782327 7.9270964126 7.9843968476 8.0390214091 8.0491054805 8.1673964128 8.2060413215 8.2530150906 8.3075759822 8.3591623098 8.5133193958 8.5386365438 8.6292808229 8.7115819939 8.7605953564 8.8502879383 8.8623670117 9.1864663097 9.2497791677 11.2099660789 11.2966656788 11.3002943415 16.0373789004 16.1786429774 16.1815067208 16.3421562597 16.4550827744 16.4884929986 24.1226405647 24.2162585291 24.4400853051
325 3.1176382844 3.1202863424 3.3041368698 3.3239508709 3.34834413 3.3845420537 3.5702608943 3.6505678617 3.80531053 3.9354169221 4.0523371221 4.1311893357 4.2245308937 4.3864003874 4.3977267985 4.4941215479 4.5304344135 4.5359690495 4.7351091519 4.7651060663 4.8592410664 5.0426785247 5.1524763838 5.1965016128 5.2318276176 5.2487581331 5.3066886053 5.3288319303 5.3836866313 5.396179248 5.4416661682 5.4643652244 5.6078274654 5.7380053364 5.7431315729 5.8137568739 5.9206963757 5.9264977048 6.0593703126 6.0654170014 6.1015391217 6.183341053 6.2620935466 6.388117729 6.4040677189 6.4376539692 6.4593486192 6.5132988935 6.528399681 6.5604903473 6.633945535 6.7211549835 6.7513602217 6.7863641467 6.859132117 6.928061559 6.9324273737 6.9470632621 7.0151842768 7.1039524687 7.2137318132 7.2667848682 7.3202685564 7.449281109 7.461029819 7.5027651429 7.5393307037 7.5553242736 7.6227544965 7.6604623338 7.7306844255 7.7372505217 7.8025498804 7.8264683463 7.8621795776 7.9231245844 7.979964922 8.0348341312 8.0536709293 8.1634618401 8.2045784352 8.253370467 8.3087852761 8.3621652998 8.5148505587 8.534846788 8.6284653381 8.70753078 8.7582759453 8.8474916495 8.8619846586 9.1914248252 9.2544257106 11.1925708962 11.2792885011 11.282958145 16.0377690642 16.1772156105 16.1791838413 16.3397095635 16.4528507984 16.4865199812 24.1273215174 24.2163958575 24.4460107987
326 3.1129445502 3.1242229299 3.3035315106 3.3334971181 3.3599099155 3.3965422506 3.5849150315 3.6651577578 3.7805413331 3.9144507801 4.0340810158 4.1298891946 4.2291731942 4.3847255947 4.4005476805 4.5011315608 4.5377771615 4.5420010703 4.7378000762 4.769762799 4.8579554604 5.0378150918 5.163917559 5.2080417186 5.2349507619 5.2507134819 5.320570771 5.328414506 5.3775193133 5.407734015 5.4353191198 5.4659571024 5.6096818774 5.7436656383 5.7492612442 5.7965202224 5.9204420899 5.9273295139 6.0485941781 6.0645726188 6.1066650607 6.182947836 6.2518801831 6.3906000816 6.3974086807 6.4237398139 6.4667061814 6.519860617 6.5391009432 6.5640901448 6.6193881554 6.7318014594 6.7576737479 6.7961359394 6.8590976797 6.9314320122 6.9354826502 6.9553963921 7.0181236753 7.1125297426 7.2216786911 7.2828952488 7.3198778695 7.4523602112 7.4640823749 7.5227613873 7.5432407939 7.5523775794 7.6160027046 7.6594806024 7.7311624029 7.7402804083 7.7982650593 7.823881347 7.8640223272 7.9195668095 7.9749112898 8.0308751877 8.0586351874 8.1595557618 8.2032460593 8.2537545976 8.3100234268 8.3650005214 8.5162570545 8.5307852324 8.6277814405 8.7032879077 8.7559017199 8.844668227 8.8616502304 9.196808381 9.25942076 11.1744592616 11.2611807638 11.2648654029 16.0381840639 16.1757208556 16.1767991795 16.3371968558 16.4505819173 16.4845086585 24.1321203592 24.2165372925 24.4520851625
327 3.1076750236 3.1271257572 3.3030612741 3.3438383561 3.372424611 3.4096831452 3.5997722051 3.6757469456 3.7600327238 3.8930202007 4.0157141001 4.1259705048 4.2368955503 4.3832398755 4.4035348509 4.507906764 4.5461560089 4.5480626025 4.7397230514 4.7741008784 4.8568878752 5.032089294 5.1750832699 5.2138865097 5.2363850319 5.2578791606 5.3223127079 5.3315091004 5.3691646677 5.4043224588 5.4504212415 5.4710997229 5.6145656259 5.7464996231 5.7549343055 5.7823521976 5.9185220876 5.9254281218 6.0385218188 6.0644319631 6.1153113345 6.1860529681 6.2421272983 6.376761694 6.4059504296 6.4092218329 6.4737110038 6.5255345901 6.550117291 6.5682836347 6.6051511521 6.7420791492 6.7635707459 6.8052567463 6.8594513359 6.9298560872 6.9410397909 6.9647512886 7.0226875109 7.1201070757 7.2294461505 7.2986629889 7.317631936 7.4575476151 7.4660696689 7.5443875636 7.5457406115 7.5508331074 7.6091727293 7.6586601632 7.73107533 7.7431787282 7.7950951474 7.8186165464 7.8674887978 7.9168371043 7.9692788579 8.0270813257 8.0639996562 8.1556914421 8.202059953 8.2541658983 8.3112850904 8.3676660765 8.517502274 8.5264637784 8.6272592703 8.6988660074 8.7534755835 8.841832097 8.8613699023 9.2026327688 9.264775232 11.1556726789 11.2423795023 11.246050374 16.0386241533 16.1741612921 16.1743619088 16.3346278414 16.4482867093 16.4824676837 24.1370181484 24.2166823206 24.4582843941
328 3.1019478891 3.1289808713 3.3026774777 3.3551644025 3.385637241 3.4238885323 3.6147898528 3.6761595294 3.7501120787 3.8714517168 3.997252912 4.1201628363 4.2466707227 4.3819624549 4.4067028291 4.5142650412 4.5540473982 4.555608134 4.7405572025 4.7780405281 4.8563716481 5.0254970626 5.185792371 5.2141758258 5.2358106993 5.2689897266 5.3111183982 5.3396178458 5.3596778399 5.40102057 5.4726647943 5.479453641 5.6222988027 5.7411791152 5.7595606782 5.7761663556 5.9155831096 5.9211190042 6.0294868321 6.0645859584 6.1263029637 6.1925731982 6.2333653756 6.3632962173 6.3942216036 6.4140092399 6.4801772616 6.5303476295 6.5609699307 6.5726595555 6.5914160382 6.7516824827 6.7691806262 6.8137087734 6.8602164948 6.9287673753 6.9444933705 6.9745829453 7.0290084632 7.1267858998 7.2367683833 7.3131003381 7.3141782277 7.4643626304 7.4685845894 7.5438484049 7.5537105504 7.5656481188 7.6030158099 7.6580574854 7.730519042 7.7458202596 7.7930656303 7.8114960268 7.8714119451 7.9154706711 7.9631191413 8.0234012898 8.0697623985 8.1518768078 8.2010346004 8.2546026105 8.3125660551 8.3701620158 8.5185494427 8.5218985016 8.6269275762 8.6942805496 8.7509999644 8.8389974144 8.8611488432 9.2089121531 9.2704991613 11.1362563975 11.2229248708 11.2265506742 16.0390895007 16.1718814444 16.1725398916 16.3320125074 16.4459756749 16.4804056918 24.141995554 24.2168304071 24.4645840028
329 3.095880956 3.1298292286 3.3023382268 3.3675171363 3.3993707076 3.4390631079 3.6299131706 3.6625819968 3.7547273591 3.8500623077 3.9787448439 4.1130935676 4.2576229833 4.3809004566 4.4100651625 4.5200854036 4.5598231003 4.5661035587 4.7399817217 4.7814895944 4.8567892174 5.0180866741 5.1955622181 5.2116808504 5.2330319716 5.271866686 5.3059343567 5.3452846293 5.3506264018 5.402060955 5.4900856807 5.4962081891 5.6325597847 5.7278879037 5.7626697765 5.777372943 5.912192231 5.9149578241 6.0219351072 6.0649414912 6.13792136 6.2017233968 6.2265041535 6.3510191287 6.3795487408 6.4211521441 6.485805267 6.5343984448 6.5711368379 6.5768765833 6.5786921942 6.7602135502 6.7746054091 6.821630858 6.8614071998 6.9287049377 6.9459146055 6.9847651157 7.0369178682 7.1326924988 7.243254027 7.3103437896 7.3252053025 7.4722683415 7.4725468168 7.5404788119 7.5581482761 7.5809503011 7.6024286564 7.6578008447 7.7297822473 7.7479524227 7.7921109281 7.8033226589 7.8746735184 7.9160823438 7.9564942972 8.019805705 8.0759174906 8.148114292 8.2001834556 8.2550626389 8.31386361 8.3724900861 8.5171095181 8.5193632893 8.6268114644 8.689550415 8.748477102 8.8361780249 8.8609910665 9.2156586253 9.2766013493 11.116259663 11.2028603844 11.206407563 16.0395801693 16.1693674088 16.1708600503 16.3293610847 16.4436591664 16.4783312582 24.1470329312 24.2169809977 24.4709591075
330 3.0895875235 3.1297555445 3.3020069925 3.3808090645 3.4135094692 3.4550814897 3.6409257201 3.6450516481 3.7680909703 3.8291985967 3.9602761043 4.1051875586 4.2691193361 4.3800516952 4.4136335245 4.5252972639 4.5652175745 4.5775535236 4.7377665154 4.7843415085 4.8584942733 5.0099675969 5.2027987196 5.2080782754 5.2289312179 5.2550986934 5.3189587917 5.3418579303 5.3508158063 5.4061226186 5.5018164286 5.519848419 5.6449904247 5.7119785444 5.7639961692 5.7802729499 5.9075499843 5.9086097882 6.0164034288 6.0657039531 6.1477626136 6.2119853318 6.2230464694 6.3410751559 6.3655944311 6.4274769281 6.4900905795 6.5378108163 6.5663019458 6.5806683196 6.5815824809 6.7672120938 6.7799111609 6.8293563024 6.8630387617 6.9299573692 6.9455801981 6.9952599605 7.0460450218 7.1379442463 7.2483261487 7.307100666 7.3341504958 7.478511186 7.480760297 7.5368297724 7.5630211026 7.5801465526 7.616644658 7.6582520722 7.7294522569 7.7490399548 7.7920872839 7.7949917891 7.8765274782 7.9190764905 7.9494809351 8.0162971512 8.0824541059 8.1444012057 8.1995192194 8.2555433853 8.3151769059 8.374653518 8.5121207525 8.5199120495 8.6269294883 8.6846988007 8.7459093486 8.8333874406 8.8608993153 9.2228817063 9.2830889525 11.0957359776 11.1822331871 11.1856662555 16.0400960956 16.1668295974 16.1691256219 16.326684008 16.441347321 16.4762528581 24.1521103998 24.21713352 24.4773845344
331 3.083174158 3.1288735764 3.301650017 3.394831588 3.4279999377 3.471749275 3.6165212414 3.6600261044 3.7850004096 3.8093030989 3.941998588 4.0967097581 4.2807208036 4.3794070125 4.4174164172 4.5298505052 4.570001336 4.589837608 4.7338741789 4.7864748489 4.8617241233 5.001313817 5.2024113283 5.2033410878 5.2281243956 5.2321152628 5.3364608736 5.3384948319 5.3548492197 5.4118720027 5.5135474348 5.542983481 5.6592293687 5.6958242495 5.7635588298 5.782272959 5.8994792465 5.9047392683 6.0134367545 6.0671746585 6.1531681752 6.2211430491 6.2245446315 6.3351745232 6.3532001752 6.4329341678 6.4922067629 6.5407041463 6.5566381935 6.5838476664 6.5905805513 6.7722799986 6.7851240369 6.8373402048 6.8651309061 6.9325938029 6.9438114551 7.0060464968 7.0559770271 7.1426366449 7.2512680764 7.3054880836 7.3395172507 7.4865515558 7.4893850682 7.5331123358 7.5682218072 7.5737176441 7.6331249513 7.6605633062 7.7306258147 7.748016653 7.787822111 7.7928076274 7.8768794955 7.9242711721 7.9421766699 8.0129235138 8.0893554399 8.1407307482 8.19905414 8.2560415864 8.3165073021 8.3766568468 8.5069596162 8.5201696212 8.6272899637 8.6797547764 8.743299467 8.8306388269 8.860874991 9.2305877911 9.2899670047 11.0747433684 11.1610943455 11.1643762617 16.0406370646 16.1642779418 16.1673409481 16.323991873 16.4390499987 16.4741788305 24.1572079219 24.2172873858 24.4838349173
332 3.0767397865 3.1273118301 3.3012326757 3.4092441753 3.4428679882 3.4886607659 3.5917609963 3.6744386505 3.7910567607 3.8032568558 3.9242136954 4.0878246203 4.2921186595 4.3789520849 4.4214173853 4.5336882697 4.5738670307 4.6028277613 4.7285224781 4.7877562741 4.8665519416 4.9923591448 5.191822041 5.1925990217 5.213233947 5.2331879629 5.333891083 5.3588638027 5.3600303281 5.4184958094 5.5244068682 5.5650127434 5.6748933412 5.6804154192 5.7616773007 5.782412386 5.8913013622 5.9002859054 6.0134198209 6.0695522518 6.1532472872 6.2266811797 6.2302772092 6.3353797684 6.3438148267 6.4374890576 6.4910842097 6.5431778546 6.5499857451 6.5863056363 6.598797643 6.7752730883 6.7902318241 6.8459646635 6.8677043645 6.9364956418 6.9408773307 7.0170982468 7.0663585382 7.146841147 7.251587336 7.306250909 7.3414027 7.4961199993 7.4976974325 7.5294951216 7.5667606923 7.5737536293 7.6431299391 7.6668086507 7.7352005341 7.7434499671 7.7834450216 7.7940769118 7.8761244913 7.9309844749 7.9347113475 8.0097999792 8.0965975358 8.1370937551 8.1988003359 8.2565531696 8.3178586827 8.3785057613 8.5016566056 8.5201176099 8.62788615 8.674756138 8.7406509017 8.8279449948 8.8609181267 9.2387795292 9.2972378691 11.0533446605 11.1394991694 11.1425917539 16.041202683 16.161722472 16.1655108875 16.3212953919 16.4367767238 16.4721173447 24.1623053814 24.2174419926 24.4902847971
333 3.0703755994 3.1252021307 3.3007146144 3.4235519172 3.4582433771 3.5045167398 3.5687099323 3.6873369805 3.7757273511 3.821444339 3.9076682869 4.0786385615 4.3030885999 4.378668723 4.4256326766 4.5367314304 4.5764117018 4.6164003649 4.7221782744 4.7880493591 4.8729022075 4.9833821899 5.169454582 5.1755851885 5.2063361526 5.2400217368 5.3341809262 5.3630104748 5.3825616368 5.4255002622 5.5337639529 5.5849718305 5.6667372498 5.691520592 5.7589245494 5.7802787138 5.8835536732 5.8950290325 6.0163926804 6.0728168071 6.1496270019 6.2271895719 6.2362090997 6.3397845823 6.3427814298 6.4411217406 6.4861347196 6.5453029694 6.5469931456 6.5880071381 6.6060940963 6.7764059168 6.7951909051 6.8553743292 6.870770809 6.9369750293 6.9414272169 7.0283731299 7.0769181875 7.1506075609 7.2494972613 7.3093708954 7.3402895959 7.5050913542 7.505975573 7.5263557883 7.5606747355 7.5796293143 7.6463554797 7.6742893929 7.7349354631 7.7453974354 7.7824370236 7.7957188386 7.87471871 7.9272668458 7.9383974239 8.0071478762 8.1041480485 8.133481301 8.1987701529 8.257073137 8.3192377179 8.3802069757 8.496244829 8.5197469867 8.6286892074 8.6697549504 8.7379680117 8.8253183905 8.8610274079 9.2474551415 9.3049006157 11.0316077493 11.117507559 11.1203719618 16.0417923488 16.1591732785 16.1636408426 16.3186053477 16.4345366335 16.47007637 24.167382663 24.2175967264 24.4967087228
334 3.0641653923 3.1226717803 3.300043135 3.4371067638 3.4743554252 3.5130131357 3.5540347378 3.6965103105 3.7658863819 3.8368878188 3.8947837057 4.0692258901 4.3134617564 4.3785357121 4.43004834 4.5388728213 4.5771383641 4.630438361 4.7154923619 4.7872320674 4.8806030258 4.9746790644 5.1420073126 5.1562876975 5.2039916838 5.2467422885 5.3369528922 5.3673770138 5.4056472549 5.4325426648 5.5411978973 5.60070618 5.6568412289 5.708426941 5.756125736 5.7757649215 5.8767538379 5.8890088191 6.021986228 6.0766896032 6.1443672553 6.2235087702 6.2378536622 6.3435741774 6.3563705654 6.4438309238 6.4779971153 6.5470389017 6.5471167542 6.5889870332 6.612421139 6.7761638004 6.7999371771 6.8654840778 6.8743149317 6.9322532153 6.947116519 7.0398071126 7.0874590399 7.1539680594 7.2457907024 7.3142052224 7.3368052888 7.5101848942 7.5139379854 7.5249077301 7.5572022111 7.5858377695 7.6468064092 7.6782918395 7.7235578517 7.7614859653 7.7838752768 7.7976247557 7.8729839489 7.9201137917 7.9456748667 8.0053560081 8.1119649705 8.1298883669 8.1989765734 8.2575954927 8.3206540249 8.3817681196 8.4907594692 8.5190591585 8.6296360618 8.6648288815 8.7352562533 8.8227710766 8.8612002367 9.2566076692 9.3129503246 11.0096058648 11.0951843771 11.0977815949 16.042405218 16.1566404721 16.1617367835 16.3159325468 16.4323384322 16.4680636493 24.1724197318 24.2177509639 24.5030813518
335 3.0581861033 3.1198389038 3.2991438958 3.4491849982 3.4914501083 3.5019010225 3.5602079307 3.6987322438 3.7651771808 3.8422161677 3.8928363732 4.0596440974 4.3231059245 4.378529241 4.4346367927 4.5399774255 4.5755081225 4.644827297 4.7091853842 4.7852241267 4.889432294 4.966523224 5.1137174466 5.1351166119 5.2031572167 5.252937935 5.3416668087 5.3719910883 5.4289421677 5.4393367644 5.54646826 5.6078128423 5.6549756058 5.7241433408 5.7547850312 5.7690211507 5.871386186 5.8825372096 6.0295116406 6.0806485422 6.1388623938 6.2176951752 6.2337317392 6.3554122673 6.374058369 6.4456370266 6.4679613511 6.5486206509 6.5488570629 6.5893477566 6.6177928121 6.7751206265 6.8043978202 6.8760948439 6.8782635723 6.9268575491 6.9533127082 7.0513087019 7.0978408314 7.1569417969 7.2412973318 7.3200377105 7.3315500502 7.5108446356 7.5170935864 7.5271782334 7.5588031457 7.5923158761 7.6461662243 7.6788484526 7.7105191415 7.7808093965 7.7867274218 7.8001146435 7.8711156783 7.9136843388 7.9518975081 8.0050313221 8.1199953559 8.1263189903 8.1994337091 8.2581132257 8.3221201539 8.3831976411 8.4852371898 8.5180663956 8.6306054196 8.6601051775 8.7325223086 8.8203146958 8.8614328341 9.2662241622 9.3213773184 10.9874178203 11.0725998453 11.074891291 16.0430401681 16.154134144 16.1598052696 16.3132877705 16.4301903539 16.4660866748 24.1773967121 24.2179040752 24.5093775495
336 3.0525084011 3.1168101409 3.2979075391 3.4591243553 3.4812548194 3.5096523915 3.5773396045 3.6942217591 3.7738565433 3.8336181473 3.9056135659 4.0499431453 4.3319114365 4.3786229353 4.4393528237 4.539886795 4.5710710925 4.6594464755 4.703877722 4.7820217757 4.8991310279 4.9591151338 5.0854854713 5.1128350952 5.2032814899 5.2586111072 5.3477208855 5.3768621443 5.44556587 5.452075444 5.5495016655 5.6052547252 5.6620221967 5.7345978118 5.7587845259 5.7604462693 5.867887407 5.8761353396 6.0380946266 6.083998554 6.133995274 6.2116148157 6.2254890141 6.3730286513 6.394024371 6.4465842183 6.4571189869 6.5497869729 6.5513995501 6.5892567414 6.6223097248 6.7737993593 6.8084994277 6.8824206651 6.8869902462 6.9210126312 6.9598119845 7.0627524189 7.1079646543 7.1595402961 7.2366197148 7.325037714 7.3263476909 7.5083261736 7.5149006635 7.5318649366 7.5656809678 7.5989120597 7.6448658455 7.6774096453 7.6966204354 7.7904021869 7.7953414908 7.8084147326 7.8692334453 7.9087266867 7.9561270565 8.0068748129 8.1227937201 8.1281740974 8.2001574156 8.2586183584 8.3236512783 8.3845047198 8.4797154895 8.5167917357 8.6313694435 8.6558096866 8.7297741622 8.81796041 8.8617203721 9.276284811 9.3301663326 10.9651282316 11.0498299586 11.0517780839 16.0436957579 16.1516643243 16.157853467 16.3106817273 16.4281001316 16.4641526683 24.182293966 24.218055427 24.5155724885
337 3.0471972436 3.1136798469 3.296170666 3.459395248 3.4664097656 3.5288980228 3.5973043176 3.6871815188 3.7882382409 3.8189936494 3.925229722 4.0401717661 4.3397774957 4.3787874654 4.4441286287 4.5384280652 4.5636467107 4.6741518656 4.699893188 4.7777335784 4.9093658363 4.9525285832 5.0579032635 5.0900424553 5.2041786262 5.2638959644 5.3544971633 5.3820112274 5.450932413 5.4744231896 5.5503900405 5.5992815168 5.6716590819 5.7370391781 5.7507060522 5.7703326391 5.8666259201 5.8705329369 6.0467707061 6.0860227999 6.1303530626 6.2065376144 6.2154100589 6.3939051787 6.4149639511 6.4462395566 6.4467436792 6.5505872745 6.5539958307 6.588937478 6.6261900065 6.7726057288 6.8121675768 6.8862830779 6.8979778821 6.9152271036 6.966461109 7.0739693766 7.1177622035 7.1617745056 7.232143135 7.3177032141 7.3328026516 7.5047694169 7.5097807082 7.5368282746 7.5751985682 7.6053148005 7.6430070167 7.6749957374 7.6824934196 7.794595134 7.7980991478 7.8268331705 7.8674195583 7.9066302965 7.9578408109 8.0111980416 8.1193608839 8.1364228693 8.2011660706 8.2591020679 8.3252644124 8.3856991823 8.4742320159 8.5152686139 8.6315213144 8.6523404948 8.7270211263 8.8157188087 8.862057128 9.2867620389 9.3392956367 10.9428276928 11.0269569123 11.0285258858 16.0443701846 16.149240941 16.1558891639 16.308125003 16.4260749748 16.4622685634 24.1870921704 24.2182043846 24.5216417461
338 3.0423123666 3.110530149 3.293690869 3.4382608352 3.4706822706 3.5489748537 3.6184012004 3.6808756246 3.802755173 3.8055617505 3.9473166554 4.0303829229 4.3465954974 4.3789896288 4.4488663274 4.535428897 4.5534427404 4.6887375711 4.6971421133 4.7726164424 4.9195857485 4.9466607875 5.031731829 5.0672979255 5.205739105 5.2689516984 5.3613878023 5.3874812018 5.4549947915 5.4950396172 5.5493857918 5.5947680162 5.6791581931 5.7361945941 5.7408290482 5.7836489799 5.8667790915 5.867838642 6.0545911909 6.0862294543 6.1281717073 6.2030956956 6.2054041852 6.4161970346 6.4338148919 6.4379853527 6.4462389748 6.5510665845 6.5562411708 6.5886440408 6.629790101 6.7718087682 6.8153133037 6.8885036439 6.908896768 6.9108599181 6.9731503744 7.0847330438 7.1271889936 7.1636648732 7.228103458 7.3099330193 7.3391915782 7.5008943122 7.5036470359 7.5413725528 7.585313901 7.610853243 7.6406233046 7.6689748284 7.6721753754 7.7977277571 7.7991299107 7.8435468601 7.8657439312 7.9098258862 7.9572842702 8.017531426 8.1161141714 8.1446494337 8.2024815299 8.2595548848 8.3269769082 8.3867914164 8.468823848 8.513540513 8.6305085745 8.6502360101 8.7242738249 8.81359978 8.8624366504 9.2976195732 9.3487361313 10.920612889 11.0040695312 11.0052259702 16.0450612376 16.1468737779 16.1539207809 16.3056280131 16.4241215553 16.4604409904 24.1917723935 24.2183503161 24.5275614003
339 3.0379086858 3.1074314192 3.2901219274 3.4186816988 3.4717644258 3.5695759389 3.6400911775 3.676949332 3.7862480922 3.8245872361 3.9706152983 4.020640625 4.3522259627 4.3791906928 4.4534234339 4.5307392559 4.5410340057 4.6951633038 4.7028305769 4.7671478391 4.9285515504 4.9411857242 5.0084565049 5.0452254688 5.2078740861 5.2739171518 5.367830012 5.3933091026 5.4572945968 5.5123477813 5.546882777 5.5947741186 5.6819634547 5.7323294147 5.7345721363 5.7945974625 5.8663221386 5.8715058542 6.0608561207 6.084605005 6.1269527655 6.197330675 6.2012366414 6.4258037765 6.4378634829 6.4458222775 6.4567675756 6.5515008093 6.5579377551 6.5886137861 6.6335953119 6.771546506 6.8178016341 6.8867873551 6.9102671728 6.9196129394 6.9798036948 7.0947393737 7.1362204629 7.1652552582 7.2246378388 7.3020978993 7.3453751841 7.4969286183 7.4974097887 7.5452831139 7.5950097702 7.6139330442 7.6378046316 7.6577793744 7.6692471618 7.7955466252 7.8038760837 7.8543847565 7.864281505 7.9206912698 7.9551331893 8.0249237747 8.1132197887 8.1527476756 8.2041301953 8.2599669658 8.3288039223 8.3877922775 8.4635267662 8.5116608799 8.6280480277 8.6497614794 8.7215441398 8.8116123424 8.8628519298 9.3088115255 9.3584504482 10.8985866211 10.9812636865 10.9819774402 16.045766251 16.1445724331 16.1519573785 16.3032009548 16.4222460004 16.4586762647 24.1963161696 24.2184925948 24.5333081238
340 3.0340366058 3.104442894 3.2850134372 3.4013150809 3.4697254019 3.5902867644 3.6620025207 3.676221751 3.7700964323 3.8447371266 3.9946871668 4.0110318441 4.3564656792 4.3793435955 4.457578748 4.5242590841 4.5272730222 4.6932669413 4.7155531948 4.7623032559 4.9329388149 4.9355040776 4.9917190011 5.0246270532 5.2105005519 5.2788969371 5.3733734869 5.3994468861 5.457423116 5.5247257373 5.543384292 5.6014268117 5.6788015244 5.726652468 5.7326039821 5.8011687508 5.8704331737 5.8772240884 6.0654090519 6.0816915324 6.1251359763 6.1932969749 6.200296292 6.4174326506 6.4424700587 6.46054914 6.4756442582 6.5526833942 6.5591355194 6.589015127 6.6381667914 6.7718474801 6.8193952851 6.8813289716 6.9134288746 6.9300134303 6.9863693521 7.1035857254 7.1448499299 7.166627499 7.221814934 7.2945811775 7.3512571166 7.4915310774 7.4929660967 7.5484122531 7.6035967699 7.6115926457 7.6348557966 7.6520318485 7.6663392433 7.7915737145 7.808705459 7.8599769553 7.8631273288 7.9382418642 7.9520081505 8.0323850397 8.1109537791 8.160599016 8.2061438922 8.260328438 8.3307545329 8.3887129799 8.4583745326 8.509693426 8.6244479541 8.6505880126 8.7188451285 8.8097644363 8.8632955667 9.3202815196 9.3683920954 10.8768577159 10.9586426804 10.9588876564 16.046482054 16.1423462764 16.1500086583 16.3008537598 16.4204538943 16.4569803769 24.2007055713 24.2186306029 24.5388592753
341 3.0307422338 3.1016132979 3.2778871151 3.3867543793 3.4649069268 3.6104909378 3.679176092 3.6834970968 3.7550322054 3.8656452168 4.001692799 4.0193309447 4.3590034453 4.3793882791 4.46094408 4.5132848204 4.5159683 4.6906684576 4.724542774 4.7604647728 4.927368776 4.9287258988 4.9873002387 5.0065652661 5.2135357974 5.2839624517 5.3777450234 5.4056789877 5.4552122495 5.5323353373 5.539467455 5.6141275928 5.6709677898 5.7236594833 5.7302175044 5.8033575078 5.8788150991 5.8841823637 6.0686253376 6.0784371389 6.1210231283 6.1948898344 6.1992739402 6.4104964019 6.4403971813 6.4780360977 6.4921658047 6.5563060438 6.5602356325 6.5899305132 6.644052902 6.7726615856 6.8196717308 6.8745853792 6.9182649618 6.940001818 6.9928125137 7.110768523 7.1530873906 7.1679006418 7.2196529872 7.287798663 7.3567683323 7.4862978868 7.489050693 7.5504812267 7.6030576994 7.6100515957 7.6326764685 7.6528409629 7.6634632294 7.785910737 7.8134634507 7.8624116471 7.8632058098 7.9483348741 7.9592346594 8.0389930763 8.1097330766 8.1680763056 8.2085597846 8.2606298023 8.3328262967 8.3895649683 8.4533982137 8.5077127382 8.6202042845 8.6521973956 8.7161909164 8.808062681 8.8637599298 9.3319619153 9.3785046964 10.8555407862 10.9360725921 10.9363175707 16.0472049238 16.1402044089 16.1480849598 16.2985960495 16.4187502861 16.4553589849 24.2049232808 24.2187637345 24.5441929886
342 3.0280674943 3.0989814015 3.2684285257 3.3753886142 3.4578543536 3.6292407003 3.686315431 3.7021702856 3.7434963665 3.8869257685 3.9928783859 4.044427157 4.3593733744 4.3792438679 4.462747021 4.5006604441 4.5059541007 4.6865815446 4.7261138978 4.7651947345 4.9136893108 4.9198900132 4.9922025891 4.9938235674 5.2168940785 5.2891578934 5.3808321894 5.4116289823 5.4508650071 5.535748653 5.5371553608 5.6277048501 5.6634318684 5.7220901659 5.727237768 5.8027772042 5.8896353471 5.8912779019 6.0709458883 6.0759701142 6.1146502415 6.1971689094 6.2018286294 6.4051177743 6.4377559497 6.489661133 6.5052620391 6.562031939 6.5646938916 6.5914176822 6.6516898628 6.7738926303 6.8179687281 6.8683539528 6.9236152336 6.9494958453 6.9991095258 7.1157454825 7.1609580149 7.1691782645 7.2181322685 7.2822025428 7.3618586868 7.4819206233 7.4851958986 7.5507861271 7.59200847 7.6124885884 7.633158643 7.6573132847 7.6605596534 7.77884641 7.8179492289 7.8623121436 7.8658845322 7.9443901514 7.981361961 8.0438879951 8.1100756487 8.1750518055 8.2114178702 8.2608623876 8.3349983741 8.3903597609 8.4486255829 8.505804881 8.6156591174 8.6542243164 8.7135965696 8.8065121046 8.8642373039 9.3437731917 9.3887213852 10.8347558052 10.9136570698 10.9144074003 16.0479305404 16.1381556212 16.1461972479 16.2964370908 16.4171397047 16.4538174083 24.2089526577 24.2188913993 24.5492882576
343 3.0260501342 3.0965764973 3.2566970176 3.3672101602 3.4491907771 3.6453996692 3.6982047812 3.7078657198 3.7456542297 3.9078888398 3.9851818665 4.0698858395 4.3569492113 4.378795497 4.4616398314 4.4916335174 4.4944325296 4.6803128946 4.7209906099 4.7754616012 4.8984388808 4.9086634264 4.9821473837 5.0052231744 5.2204833757 5.2945065469 5.3826011749 5.4168567401 5.4448872714 5.5328412942 5.5407779237 5.6293266494 5.6682806716 5.7213330518 5.7235140207 5.8010527399 5.8973232139 5.9010450125 6.0722155083 6.0754069013 6.1079407263 6.1932237708 6.2124887412 6.4011204235 6.4347383439 6.4943044229 6.5141629483 6.5653746477 6.5783240918 6.5938547292 6.6613097342 6.7754260082 6.8135703032 6.8638445015 6.9289847283 6.9584268869 7.0052435896 7.118100504 7.1684988998 7.1704226778 7.217206005 7.278253747 7.3664922896 7.4785676542 7.4813827242 7.5477462229 7.5824400703 7.6104264684 7.636827297 7.6575549474 7.6631497878 7.7707763916 7.8219149474 7.8630489711 7.8686502101 7.940365455 8.0034302379 8.0464199676 8.1123914617 8.1814106012 8.2147544214 8.2610188424 8.3372240088 8.3911087589 8.4440806469 8.5040673566 8.61100218 8.6564554692 8.7110779481 8.8051158645 8.864720021 9.3556235618 9.3989644276 10.8146274525 10.891774824 10.8930392844 16.0486539498 16.1362083538 16.1443570906 16.2943857543 16.4156261785 16.4523606238 24.2127778049 24.2190130257 24.5541250194
344 3.024723594 3.0944188068 3.2431391941 3.3618082903 3.4395089493 3.6584844013 3.6986827054 3.7147594171 3.7633975221 3.9267057737 3.9803384791 4.0956234617 4.3510801458 4.3778724757 4.4571815113 4.4817670105 4.4874627518 4.6714017586 4.7122134362 4.7877183142 4.8848598623 4.8959185492 4.9759064316 5.0185997594 5.2242016172 5.3000156352 5.3830390191 5.4209718091 5.4378926853 5.5312887649 5.543700444 5.6184128059 5.6850600308 5.7189661206 5.7219792951 5.7991773999 5.9013023494 5.9118039584 6.0711381814 6.0776619311 6.1038375218 6.1870287713 6.2253056237 6.3979943979 6.4314011668 6.4937243514 6.5192311946 6.5703516981 6.5908990451 6.60168137 6.672871374 6.7771484823 6.8062441901 6.8615809269 6.934108736 6.9667408957 7.0112013458 7.1177316375 7.1713542575 7.1757521348 7.2168128625 7.2763448988 7.3706446476 7.4763759022 7.4775426647 7.5397655666 7.5770728216 7.6059208639 7.6415411253 7.6545112885 7.6693927342 7.7621146715 7.8251099494 7.8648342907 7.8716200085 7.9364113052 8.0247911589 8.0464087299 8.1166833 8.1870679576 8.2185918713 8.2610936555 8.3394241064 8.3918230145 8.4397833434 8.5026074161 8.6063380895 8.6587627901 8.7086515408 8.80387498 8.8652005774 9.3674089045 9.4091451494 10.7952841934 10.8705683145 10.872348298 16.0493695384 16.134370658 16.1425766219 16.2924504747 16.414213261 16.4509932629 24.2163836312 24.219128064 24.5586842321
345 3.024116701 3.0925198525 3.2283818923 3.3585792601 3.4293163553 3.6691539115 3.6860645604 3.7348162658 3.7852577628 3.938420042 3.9831943428 4.1215479528 4.3414324978 4.3762148229 4.4517121036 4.4684920802 4.4862188014 4.6597842291 4.7009198163 4.8001208374 4.874064488 4.8832986317 4.9723444858 5.0329008977 5.2279322639 5.3056793614 5.3821539474 5.4237263495 5.4304538697 5.5314706455 5.5456822393 5.6045293969 5.7012941374 5.7135907572 5.7271656517 5.7976609882 5.9026318179 5.9211467574 6.0664934694 6.083241527 6.1046449692 6.1785029639 6.2391979915 6.39495347 6.4277506032 6.4902344728 6.5220753044 6.5761162553 6.5951260875 6.619840267 6.6860536947 6.7789606707 6.7964839455 6.861308085 6.9388105206 6.9744004692 7.0169699423 7.1148813273 7.1715498758 7.1827512124 7.216894263 7.2766807838 7.3743003079 7.4735188992 7.4754519421 7.528015418 7.5753992004 7.600375849 7.6447299588 7.6525712249 7.6756370391 7.7532492074 7.8273778052 7.8677661728 7.8747360912 7.9326678046 8.0441626279 8.0450406894 8.1225054741 8.1919831115 8.2229308015 8.2610837007 8.3414846557 8.3925129466 8.4357494562 8.5015373912 8.6017279351 8.6610624476 8.7063342791 8.8027881058 8.8656717333 9.3790131141 9.4191642592 10.7768570545 10.850188209 10.8524770921 16.0500710259 16.1326501578 16.1408684856 16.2906392136 16.4129040589 16.44971961 24.2192359903 24.2197559107 24.5629479492
346 3.0242530983 3.0908828461 3.2130177856 3.3569422569 3.4190243984 3.6732012612 3.678359171 3.7569928505 3.8080012444 3.9393044269 3.9973282061 4.1475427154 4.3283178823 4.3734350076 4.4473723543 4.4553450349 4.4854363591 4.6458946974 4.6872668413 4.8115537558 4.8662224936 4.8725585563 4.9704220079 5.0476538912 5.2315396696 5.3114801578 5.3800089748 5.4230550873 5.4250673466 5.5335223247 5.5458789528 5.5909725534 5.7074443471 5.7093085296 5.7420752396 5.7967435493 5.9013072014 5.9285969806 6.0594771214 6.0921335655 6.1097937651 6.1677978677 6.2534449143 6.3911163159 6.4237418236 6.4854040366 6.5244728612 6.5817643277 6.5978581845 6.6399181082 6.7003353111 6.7807849348 6.7850847763 6.8624733398 6.9429567228 6.9813876636 7.0225342569 7.109993643 7.1706910225 7.1894951829 7.2174220486 7.279180644 7.3774499228 7.4689907216 7.4758697033 7.5150442732 7.5755029646 7.5943628223 7.6427642191 7.6547731486 7.6816800404 7.7445283019 7.8287370399 7.8717326791 7.8778972652 7.9292915847 8.0401919003 8.0638969158 8.1292382547 8.1961590946 8.227751961 8.2609888033 8.3432611769 8.393187988 8.4319907957 8.5009656837 8.597210072 8.6632948816 8.704143329 8.8018513814 8.866126599 9.3903089678 9.428912655 10.7594780704 10.8307924326 10.8335751555 16.0507514836 16.1310540143 16.1392457528 16.2889594243 16.4117012644 16.4485436015 24.2193363089 24.2228813391 24.5668993902
347 3.025150249 3.0895031572 3.1975139999 3.3564319813 3.4089596962 3.6608218232 3.6866902129 3.7803199172 3.8308309861 3.9344656179 4.017415525 4.1734411241 4.3126531794 4.369024494 4.4432682612 4.4446116019 4.4836529041 4.6306377437 4.6712307409 4.8206001759 4.8610118395 4.865589406 4.969425766 5.0625743057 5.2348654945 5.317388041 5.3767546731 5.4161045498 5.4251163595 5.5373301633 5.5426425363 5.5799959201 5.700618527 5.7124394298 5.7626750022 5.7965225277 5.897848238 5.9338685266 6.0520192188 6.1039000803 6.1176644995 6.1551868266 6.2675327657 6.3857482449 6.4192754086 6.4802361329 6.5275933411 6.5868342653 6.6005045189 6.6595284224 6.7151130806 6.7727767786 6.7825723271 6.8646365154 6.9464427015 6.9877071208 7.027874002 7.1035627676 7.1687127222 7.1958988121 7.2184478523 7.2834863926 7.3800854968 7.4633720734 7.4776678557 7.5027679235 7.5762971374 7.5881629397 7.6376916252 7.6587881734 7.6874013625 7.7362524597 7.8293561975 7.8764103485 7.8810032388 7.9264886989 8.0349561269 8.081152113 8.1363333719 8.1996273748 8.233027095 8.2608123309 8.3445925272 8.393856133 8.4285156941 8.5009827472 8.5928110808 8.6654151823 8.7020958583 8.8010583917 8.8665587058 9.401159621 9.4382727998 10.7432783958 10.8125446848 10.8157976278 16.0514033865 16.1295888908 16.137721806 16.2874180198 16.4106071875 16.447468826 24.219428556 24.2257475859 24.5705230057
348 3.026817709 3.0883689386 3.1822131575 3.356699305 3.3993815755 3.6492135589 3.6943989278 3.8041831654 3.853358166 3.9279902678 4.0390285574 4.1989752032 4.2956647198 4.3625455522 4.4332606797 4.443062637 4.4798840903 4.6152520558 4.6528939961 4.8253062506 4.8578947201 4.8644524561 4.9689030775 5.07743944 5.2377289301 5.3233574158 5.3726380627 5.4099610787 5.4240869143 5.5344160804 5.5426130244 5.573427406 5.6932208546 5.7148877167 5.7842528094 5.7970145717 5.8931605594 5.9368346205 6.0452867691 6.1178733692 6.1271593178 6.1410092921 6.2810671845 6.378439162 6.4142114446 6.4754521283 6.5319019914 6.5911999247 6.603261214 6.6776984037 6.7297852445 6.7602405347 6.7843135188 6.867536581 6.9491890283 6.9933889907 7.0329603358 7.0960581638 7.1657681351 7.2017044252 7.220187803 7.2890762839 7.3821919053 7.4558929222 7.4808484432 7.4926403072 7.5773287672 7.5819643236 7.6311715588 7.6628160098 7.6927180457 7.7286591337 7.8294557548 7.8813202054 7.8839672095 7.9245601484 8.0287907345 8.0966555999 8.1433831685 8.2024300594 8.2387245424 8.2605617964 8.3453238736 8.3945233269 8.425329875 8.5016431222 8.5885528486 8.6673881835 8.7002087775 8.8004002738 8.8669620653 9.4114208206 9.4471207363 10.7283861099 10.7956123231 10.7993035618 16.052018709 16.1282609205 16.1363101826 16.2860213436 16.4096237907 16.4464985246 24.219512302 24.2283433431 24.5738045382
349 3.0292540538 3.0874619871 3.1673664343 3.3574814458 3.3904982514 3.6385510563 3.7015508437 3.8281176177 3.8752592696 3.9213246 4.0601651469 4.2236556155 4.2787385371 4.3541330343 4.4259967854 4.4421300438 4.4733878827 4.6010940022 4.6325059608 4.825470681 4.8563052468 4.8691401162 4.9685665343 5.0920373302 5.2399355421 5.3293190596 5.3679852772 5.4049516417 5.4222024964 5.522209498 5.5490296382 5.5704869885 5.6853660143 5.7177557893 5.7981795381 5.8048341323 5.8885812135 5.9375483172 6.0398496439 6.1249595239 6.1340146762 6.137544602 6.2937371423 6.3691269001 6.4084177199 6.4715919003 6.537324541 6.5948814082 6.6062113002 6.6933314245 6.7437661504 6.7484477779 6.7860625594 6.8710273576 6.9511438242 6.9984909799 7.037751102 7.0879043143 7.1621208626 7.206423171 7.2230737363 7.295395007 7.383731113 7.4462809935 7.4853772291 7.4853903661 7.5759258446 7.5784016083 7.6234601943 7.6665666092 7.6975657069 7.7219036891 7.8292330206 7.8858619599 7.8867177828 7.923944388 8.0219267133 8.1103094707 8.1500980017 8.2046124854 8.2447976853 8.2602494354 8.3453352151 8.3951925935 8.4224377855 8.5029469637 8.5844587579 8.6691857419 8.698498456 8.7998659983 8.8673312181 9.4209439073 9.4553287799 10.7149237768 10.7801635385 10.7842535384 16.0525890707 16.1270756768 16.1350243697 16.2847751424 16.4087527223 16.4456355924 24.2195871549 24.2306583702 24.5767310777
350 3.0324411688 3.0867589165 3.1531693346 3.3585726488 3.3824793058 3.6289726132 3.7081162545 3.8516026178 3.8961802283 3.9151843922 4.0792237337 4.2464579009 4.2635458402 4.3450961309 4.4215466206 4.4409273827 4.4640742887 4.5893029364 4.6104379623 4.8235220727 4.8557466542 4.8768178572 4.9682340702 5.1061382279 5.2413011722 5.3351593247 5.3631790179 5.4013691191 5.4196618967 5.5082658035 5.5562497988 5.5691976454 5.6771773325 5.7212649481 5.7999249591 5.822260108 5.8864019596 5.9362830658 6.0358858811 6.1085652525 6.148223566 6.1505115987 6.3053139964 6.3579950036 6.4018448666 6.4689903614 6.5434686556 6.5979410076 6.6094265097 6.7039175198 6.7398451117 6.7564312041 6.7879921069 6.8750047269 6.9522898426 7.003098475 7.0421821063 7.0794846866 7.1580669974 7.2096413162 7.2274337089 7.3019318537 7.3846121936 7.4353619162 7.4806270072 7.4911852678 7.5702007138 7.5794206907 7.6146747474 7.6699908962 7.7018899893 7.7160504579 7.828838064 7.8891976605 7.8893957206 7.9251599754 8.0145262251 8.1220673273 8.1562686919 8.2062266848 8.251159116 8.259892656 8.3445696407 8.3958627267 8.4198445329 8.5048260429 8.5805606892 8.6707850808 8.6969804161 8.7994428396 8.8676612726 9.4295796211 9.4627688868 10.7030058786 10.7663637901 10.7708065509 16.0531059397 16.1260381451 16.1338775459 16.2836845431 16.4079953491 16.4448825791 24.2196527623 24.2326835339 24.579291112
351 3.0363330335 3.0862326958 3.1397951912 3.3598036759 3.375464332 3.6206026427 3.7140122639 3.873586834 3.9105346641 3.9156889987 4.0942018804 4.2522802478 4.2650281881 4.3384650625 4.4196340503 4.4368929227 4.4542550398 4.5804226755 4.5871180149 4.8212887507 4.8558215208 4.8851660569 4.9678001607 5.1194702394 5.2416961809 5.3406510683 5.3586821896 5.3994453401 5.41664898 5.4940000471 5.563973223 5.5684685602 5.66879803 5.7253403467 5.802102557 5.833031293 5.8903915474 5.9335335032 6.0332831604 6.0910956099 6.1586459314 6.1678884013 6.315671724 6.3453487191 6.3945835649 6.4677260678 6.5498134642 6.6004419391 6.6129781037 6.7044478228 6.7394496782 6.7669981675 6.7904978251 6.8793434933 6.9526568188 7.0073206778 7.0461441814 7.0711666983 7.1539040895 7.2115376846 7.2329538017 7.3082451969 7.3846386576 7.4245135241 7.4775165048 7.4981702783 7.5649451933 7.5803345465 7.6049754732 7.6730848403 7.7056427334 7.7110858829 7.8283775021 7.8913616152 7.8915342972 7.9285086722 8.0067101366 8.1319288224 8.1617379248 8.2073381823 8.2576522005 8.2595141619 8.3430568369 8.3965262921 8.4175586335 8.5071382114 8.5769079365 8.6721677006 8.6956690116 8.799117033 8.8679479365 9.4371826562 9.4693166257 10.6927362834 10.754371538 10.7591161212 16.0535608932 16.1251526985 16.1328822703 16.2827540308 16.4073527873 16.4442416911 24.2197088139 24.2344108447 24.5814745716
352 3.0408322143 3.0858545611 3.1274335818 3.3610301025 3.3695683522 3.6135576771 3.7191226161 3.8897675272 3.9113761587 3.9332423622 4.1028038544 4.2474343305 4.275078539 4.3390596694 4.420175173 4.4251982188 4.4493724686 4.5629977725 4.5742963177 4.8194064257 4.8562280075 4.8930422825 4.9672271575 5.1316901541 5.2411089489 5.3451241022 5.3553256666 5.399298887 5.4133647673 5.4801929428 5.5679134118 5.5719057287 5.6604164717 5.7297392393 5.8045043416 5.8355267843 5.9024396548 5.9299449523 6.031754051 6.0730227618 6.1682722018 6.1855407144 6.3248108377 6.3315443556 6.3868619796 6.4676177784 6.5558299182 6.6024354998 6.6169185736 6.6966429064 6.7456610358 6.7745488415 6.7941626247 6.8838416091 6.9523399116 7.0112781799 7.0493817762 7.0634109392 7.1499255327 7.2126069502 7.2389253829 7.3139601681 7.3834627377 7.4151035156 7.4754394695 7.5061947716 7.5603187145 7.5811123656 7.5945834075 7.6758445418 7.7069533854 7.7087806607 7.8279251128 7.8924218767 7.8931745502 7.9337842912 7.9985760147 8.1399260899 8.1663823643 8.2080298576 8.2591414326 8.2640276268 8.3409322885 8.3971666675 8.4155957846 8.5096709598 8.5735783749 8.6733186404 8.6945771016 8.7988745919 8.8681875417 9.44361681 9.4748556054 10.6842059436 10.7443334049 10.7493256797 16.053945929 16.1244230756 16.1320501252 16.2819874314 16.4068259301 16.443714792 24.2197550437 24.2358334879 24.5832728688
353 3.0457374106 3.085596241 3.1163523871 3.3621276238 3.3648847648 3.6079454844 3.7233110034 3.8928476356 3.9243914475 3.9481690633 4.1040050514 4.2502029922 4.2752899024 4.3481426298 4.4084019978 4.4236869075 4.4481842459 4.5385767257 4.5703566839 4.8180054921 4.8567448358 4.899823446 4.9665479344 5.1423449464 5.2397168697 5.346514889 5.3552161672 5.4008555585 5.4100688105 5.4674368888 5.5674385754 5.5796935829 5.6523213865 5.7340811453 5.8068649523 5.8331717709 5.9193190878 5.9262092217 6.0309621492 6.05471451 6.1765614522 6.2030447687 6.3170029976 6.3328607161 6.3789970761 6.4682851757 6.5610426304 6.6039586938 6.6212250177 6.686732749 6.752542377 6.778867618 6.7989107391 6.8881768796 6.9515229073 7.0150706443 7.0506713935 7.0576162335 7.1464198554 7.2132102173 7.2446599901 7.3187612687 7.3807885437 7.4082698873 7.4740453809 7.515072426 7.5564746047 7.581734285 7.5837822121 7.6782411004 7.7036005826 7.711265552 7.8275311934 7.8925398629 7.8946098618 7.9404544864 7.9902097968 8.1461037137 8.1701028462 8.2084005196 8.2588051733 8.2699235625 8.3384571821 8.3977542181 8.4139835071 8.512152256 8.5706901377 8.6742259919 8.6937157325 8.798702234 8.8683770635 9.4487604619 9.4792821251 10.6774910111 10.7363790117 10.7415633619 16.0542538132 16.1238523614 16.1313913296 16.281387896 16.4064154727 16.4433034049 24.2197912314 24.236945851 24.5846789314
354 3.0506233925 3.0854323488 3.1070239432 3.3614865409 3.3629924819 3.6038604875 3.7264360162 3.8911964349 3.9400683339 3.9596917107 4.099816485 4.258608364 4.2709895886 4.3595537645 4.3912097549 4.4313156369 4.4479605097 4.5145345048 4.5679955023 4.8170625709 4.8572157994 4.9050644331 4.965868618 5.1508323057 5.2379392733 5.3451164216 5.3579407756 5.4037103785 5.407123543 5.4564355587 5.5670555752 5.5867858649 5.6450270348 5.7378580896 5.8088790458 5.8295831847 5.9229767577 5.937327524 6.0306114617 6.0368657379 6.1829835546 6.2197634383 6.3023808832 6.3400205104 6.371359843 6.469249755 6.5650597525 6.6050352171 6.6256594328 6.6774529928 6.7579347467 6.7809802747 6.8034702642 6.8918934532 6.9504958687 7.0186912107 7.0470781631 7.0569379337 7.1436626339 7.2135433485 7.2494994923 7.3223901025 7.3771215295 7.4042964696 7.4731455464 7.5245079089 7.5535298437 7.5729810696 7.5821870419 7.6801910666 7.7010314647 7.7130653144 7.827229231 7.8923416564 7.8956481413 7.9480146852 7.9816944468 8.1504993399 8.1728202931 8.2085573644 8.2585364355 8.2748489181 8.3360386775 8.3982432173 8.4127649846 8.5142697889 8.5684068962 8.674880613 8.6930938451 8.7985883407 8.8685141352 9.4525120085 9.482509733 10.6726515027 10.7306158348 10.7359365286 16.054478438 16.123442972 16.1309143478 16.2809578883 16.4061219334 16.4430087127 24.2198172042 24.2377435456 24.58568723
355 3.0546053004 3.0853427084 3.100364547 3.3594263257 3.363545134 3.6013772829 3.7283709535 3.8896567514 3.9516644455 3.9670222145 4.0944535074 4.2669582813 4.2678848776 4.3676173452 4.3774727222 4.4434327085 4.4479589442 4.492330057 4.5667554654 4.8165243802 4.8575375255 4.9083956328 4.9653515544 5.1564107364 5.2364162377 5.3437437437 5.3603804926 5.4050116032 5.4068366295 5.4483742704 5.5668035283 5.5921784049 5.6395187668 5.7404806942 5.8102438298 5.8267380636 5.9207898452 5.9532134769 6.0213941996 6.0304860344 6.1870651266 6.2340897488 6.2893040466 6.3462868706 6.364521536 6.4700512346 6.5675898724 6.6056777959 6.6294635536 6.6704709568 6.7612692892 6.781925328 6.8066110822 6.8944501288 6.9496353954 7.0217828326 7.0426158822 7.0578648442 7.1418942904 7.2137092678 7.252781217 7.3246504498 7.373966751 7.4024450313 7.4726388365 7.5337717338 7.5514402925 7.5631396062 7.5824619844 7.6815246599 7.6993527718 7.7141554668 7.8270403511 7.8921213733 7.8962761991 7.9561053132 7.9731209773 8.1531333766 8.1744755726 8.2086014007 8.2583624986 8.2782002161 8.3342173507 8.3985746955 8.4119968665 8.5157086881 8.5669216535 8.6752759942 8.6927180222 8.7985238551 8.8685970594 9.4547948055 9.4844733296 10.6697305318 10.7271245173 10.7325264901 16.0546151568 16.123196642 16.1306255285 16.2806991751 16.4059456701 16.4428315599 24.2198328379 24.2382234247 24.5862937995
356 3.0562355269 3.0853143243 3.0978398607 3.3587360214 3.3637351291 3.6005439946 3.7290266871 3.8890893596 3.9559815787 3.9695446772 4.0920625206 4.2654048453 4.2720720982 4.370355344 4.3719445671 4.4479743858 4.4530091017 4.4794625141 4.5663707166 4.8163499056 4.8576511394 4.9095414527 4.9651563454 5.1583732484 5.2358095492 5.3432369846 5.3613069376 5.4042312215 5.4083207568 5.4452384939 5.5667153985 5.5943007466 5.6373586268 5.7414272111 5.8107280033 5.8256734527 5.9200168747 5.9606172704 6.0141699595 6.0304581968 6.1884671862 6.2408298317 6.2829790057 6.3497413162 6.3608239657 6.4703585304 6.5684534547 6.6058915949 6.6310930638 6.6677402317 6.7623912037 6.7821963529 6.8077162711 6.8953683375 6.949297682 7.0231710982 7.0406776931 7.0582585496 7.1412842444 7.2137593111 7.2539502944 7.3254181282 7.3727391606 7.4019212589 7.4724750211 7.53919129 7.5501100511 7.5581472373 7.5825541697 7.6820103918 7.6987564649 7.7145206055 7.8269761598 7.8920323224 7.896486387 7.9638885764 7.9651904709 8.1540113509 8.1750315699 8.2086068832 8.2583022592 8.2794015705 8.3335303385 8.3986931008 8.4117331042 8.5162205551 8.5664034902 8.6754082236 8.6925922953 8.7985030185 8.8686248144 9.4555611388 9.4851324403 10.6687539981 10.7259550908 10.7313840478 16.05466106 16.1231144158 16.1305288104 16.2806128191 16.4058868926 16.4427724527 24.2198380574 24.238383595 24.5864962547
357 3.0562355269 3.0853143243 3.0978398607 3.3587360214 3.3637351291 3.6005439946 3.7290266871 3.8890893596 3.9559815787 3.9695446772 4.0920625206 4.2654048453 4.2720720982 4.370355344 4.3719445671 4.4479743858 4.4530091017 4.4794625141 4.5663707166 4.8163499056 4.8576511394 4.9095414527 4.9651563454 5.1583732484 5.2358095492 5.3432369846 5.3613069376 5.4042312215 5.4083207568 5.4452384939 5.5667153985 5.5943007466 5.6373586268 5.7414272111 5.8107280033 5.8256734527 5.9200168747 5.9606172704 6.0141699595 6.0304581968 6.1884671862 6.2408298317 6.2829790057 6.3497413162 6.3608239657 6.4703585304 6.5684534547 6.6058915949 6.6310930638 6.6677402317 6.7623912037 6.7821963529 6.8077162711 6.8953683375 6.949297682 7.0231710982 7.0406776931 7.0582585496 7.1412842444 7.2137593111 7.2539502944 7.3254181282 7.3727391606 7.4019212589 7.4724750211 7.53919129 7.5501100511 7.5581472373 7.5825541697 7.6820103918 7.6987564649 7.7145206055 7.8269761598 7.8920323224 7.896486387 7.9638885764 7.9651904709 8.1540113509 8.1750315699 8.2086068832 8.2583022592 8.2794015705 8.3335303385 8.3986931008 8.4117331042 8.5162205551 8.5664034902 8.6754082236 8.6925922953 8.7985030185 8.8686248144 9.4555611388 9.4851324403 10.6687539981 10.7259550908 10.7313840478 16.05466106 16.1231144158 16.1305288104 16.2806128191 16.4058868926 16.4427724527 24.2198380574 24.238383595 24.5864962547
358 3.0544875873 3.0848506238 3.0971198084 3.357994338 3.3658936767 3.6017726572 3.7290635621 3.8896776072 3.953138406 3.9662557268 4.0890418742 4.2574706814 4.2760379711 4.3691594116 4.3786561767 4.4449428793 4.4557371263 4.4857908221 4.5655190961 4.8158242503 4.8527191138 4.9107423537 4.9707351113 5.1598258397 5.2361114943 5.3429433587 5.3616008665 5.4030793872 5.4084361276 5.4464708007 5.5665026641 5.5943751243 5.6375281984 5.7413860243 5.810588588 5.8256366796 5.9191886057 5.9600420611 6.0135470599 6.0302855244 6.1870468024 6.2420926287 6.2826619044 6.3494694416 6.3600989322 6.4700633137 6.568173826 6.5998109284 6.6322128788 6.6672078936 6.7591933606 6.7783805879 6.8146510451 6.8953746162 6.9510611777 7.0237661822 7.041257078 7.0578816016 7.1401749837 7.2141814006 7.2539730609 7.3273102399 7.3719625027 7.4021111716 7.4725905371 7.5392196256 7.5482296157 7.5575459088 7.5858623645 7.6724968806 7.6990211445 7.7235801298 7.8266415735 7.8920943003 7.8951101584 7.9640617012 7.9654300751 8.1540745878 8.1742489624 8.2085239799 8.2587681002 8.2792943296 8.3321818016 8.3997630759 8.4132406542 8.5164616624 8.5671433586 8.6681333467 8.7002457614 8.7959142165 8.8712777417 9.4487479876 9.491849458 10.6688683137 10.7217702546 10.7357790452 16.0546264461 16.1229792958 16.1307090954 16.280671357 16.4058410283 16.4428102334 24.2197959946 24.2383595924 24.5864733937
359 3.0493238761 3.0835362806 3.094976294 3.3558091392 3.3722133462 3.605398735 3.7291430259 3.8914352682 3.9445963344 3.9571406379 4.0803018568 4.237760877 4.2873655618 4.3649839562 4.394680626 4.4414060025 4.463477539 4.4996281053 4.5631397398 4.8143312695 4.8403020536 4.9142908473 4.9851213067 5.1641224853 5.2370178683 5.3420629024 5.3624815364 5.3999761052 5.408782818 5.4498204195 5.5658702955 5.5945926889 5.6380338346 5.7412630418 5.8101792267 5.8255144644 5.9167089441 5.9583166989 6.0116952037 6.0297781238 6.1831755331 6.2454553934 6.2817086628 6.348634705 6.357927285 6.4691827259 6.567250699 6.5842069516 6.6338836596 6.665651265 6.7531814517 6.767741354 6.8309297621 6.8954461631 6.9557944146 7.025460337 7.0426205199 7.0567765364 7.1373502502 7.2151954155 7.2541170028 7.3327611202 7.3697558049 7.4026827429 7.4730167947 7.5392707833 7.5411836972 7.5598378497 7.5929960068 7.6550770672 7.6998186724 7.7395233106 7.825688562 7.8915082338 7.8922584163 7.9607677958 7.9696401505 8.1539612069 8.1721542822 8.2082556001 8.2601441173 8.2791108889 8.3284394585 8.4027221677 8.4175937908 8.5171692981 8.5693406481 8.6564401616 8.7131044831 8.7890912234 8.8782952871 9.4355097393 9.5048005863 10.6692107812 10.7158932195 10.7422858313 16.0545227808 16.1226103194 16.1312134216 16.2808467155 16.4057045264 16.4429225135 24.2196699773 24.2382876802 24.5864049002
360 3.0410155783 3.0815172904 3.0914578077 3.3522902449 3.3822794047 3.6112525641 3.729166455 3.8943414323 3.9305521284 3.9438556613 4.0666723064 4.2119489028 4.3046704435 4.3570868566 4.414184806 4.4422519144 4.4750898102 4.5163360312 4.5597996717 4.8121140814 4.8242826397 4.9200346513 5.0045218367 5.1710906175 5.2385302704 5.3405977461 5.3639450749 5.3956143456 5.4093628065 5.4546089703 5.5648352975 5.5949364384 5.6388666647 5.7410601366 5.8095237364 5.8252746292 5.9125948618 5.9554440111 6.0086632035 6.0289644749 6.1776436516 6.2500052176 6.2801141812 6.3471808874 6.354329118 6.467733153 6.5624362381 6.5654111276 6.6349638238 6.6631826209 6.7475403135 6.7522088135 6.851134804 6.8957693022 6.9623113055 7.0279806648 7.0437182841 7.0550329384 7.1340702532 7.2162632137 7.2544987663 7.34119876 7.3664559732 7.4036383804 7.4739833704 7.531355888 7.5392421446 7.5650932836 7.6012384835 7.6363292554 7.7011582201 7.7553889346 7.8242658439 7.8869397806 7.8924508821 7.9555758779 7.975645803 8.1526901399 8.1696020307 8.2077395412 8.2623687751 8.2792004047 8.3230016814 8.4070287487 8.4243405431 8.5182981627 8.5729304879 8.6447230544 8.7268663124 8.7797291752 8.8879887359 9.4207094285 9.5191266158 10.669779965 10.7100526074 10.7491735874 16.0543505916 16.1220856283 16.1319632107 16.2811381308 16.4054805836 16.4431061846 24.2194605175 24.2381681458 24.5862910425
361 3.0300178349 3.0788935095 3.086640626 3.3475931078 3.3955401431 3.6190797147 3.7289507375 3.8983622474 3.9120018034 3.9276709063 4.0492014603 4.1829827807 4.3263243159 4.3459912535 4.4335806978 4.4478245582 4.4891976543 4.5343777079 4.556595794 4.8072158133 4.8095509675 4.9277504899 5.0265401786 5.180474193 5.2406513204 5.338554642 5.3659832713 5.3905703151 5.4101801749 5.4602838831 5.563424565 5.5953770495 5.6400129391 5.7407808924 5.8086541036 5.824873458 5.9068794902 5.9514347321 6.0045269195 6.0278817222 6.1711351187 6.2547931884 6.2778719075 6.3450187601 6.349380227 6.4657447352 6.5368270358 6.5621354672 6.6355121615 6.6599632142 6.7340486336 6.742699493 6.8721140489 6.8969453154 6.9695487532 7.0308576361 7.0431449761 7.0528530879 7.1317835384 7.2169320758 7.2550717307 7.3519093037 7.3625353116 7.4049733948 7.4758372619 7.5204568603 7.538954516 7.5720814379 7.6097693837 7.6177266514 7.7030507128 7.7689784073 7.8225718726 7.8830128925 7.8925161753 7.9489132081 7.9826463587 8.1489265175 8.1677805628 8.2068639092 8.2653472173 8.2799782568 8.3166284529 8.4121821329 8.4328646844 8.5197808462 8.5778114117 8.6337445119 8.7409314398 8.7690626175 8.8991338887 9.4054023911 9.5337785306 10.67057348 10.7043730574 10.7563140143 16.0541107518 16.1214787598 16.1328841975 16.2815443359 16.4051742837 16.4433563098 24.2191684661 24.2380014665 24.5861322666
362 3.0168660354 3.0757025137 3.0806228126 3.3418906013 3.4114254487 3.6285691422 3.7281945274 3.8905539523 3.9034519188 3.9091845935 4.0289136134 4.1522000614 4.3324878189 4.351400439 4.4498859742 4.4566255867 4.5047313155 4.5531587904 4.5553493457 4.7905813432 4.8071218127 4.9371781676 5.0499353719 5.1919684346 5.2433846231 5.3359508679 5.3685809062 5.3852152145 5.411242157 5.4665052665 5.5616733939 5.5958714185 5.6414550332 5.7404312921 5.807603296 5.824266075 5.899618425 5.946314238 5.9993818268 6.0265630355 6.1641013887 6.2588334208 6.2749754209 6.3420350772 6.3433160024 6.4632612283 6.5091954615 6.5565880539 6.6357233453 6.6561803451 6.715526503 6.7383724808 6.8885855043 6.9028790972 6.9768170217 7.0333503 7.0398090062 7.0506754843 7.1314435568 7.2169945513 7.2555331663 7.3585183665 7.3641853071 7.40666397 7.4789755477 7.5090703637 7.5381255592 7.58000116 7.6000423914 7.6184799267 7.7055023455 7.7786102321 7.820621044 7.8816478408 7.8921508841 7.9413858277 7.9900834117 8.1423818005 8.166876052 8.2054626615 8.268955259 8.2817928538 8.3100033504 8.4178577966 8.4424740368 8.5215493392 8.5838543365 8.6239342401 8.7551125474 8.7577943569 8.9110416874 9.389897332 9.5484563586 10.6715880031 10.6988796245 10.7636769353 16.0538044722 16.1208419643 16.1339231131 16.2820635693 16.4047922739 16.4436664474 24.2187950093 24.2377883079 24.5859291945
363 3.0020684021 3.071952226 3.0735172029 3.3353501969 3.4294195451 3.6393735419 3.7264214499 3.8676919047 3.888936792 3.9095525748 4.0066981499 4.1202880136 4.3183944092 4.3780708601 4.4598143826 4.4669568059 4.5211822229 4.5583991255 4.5723933423 4.7753997928 4.8053681842 4.9480513936 5.0740146404 5.2052513512 5.2467347608 5.3328247278 5.3717120259 5.3797798463 5.412560243 5.4730789941 5.5596245128 5.5963606947 5.6431720257 5.7400206472 5.8064000255 5.8234158863 5.8908966988 5.9401284124 5.9933342461 6.0250244719 6.1568210023 6.2607967277 6.2714184939 6.3367614671 6.3381086197 6.4603297192 6.4810295505 6.5476482597 6.6357277603 6.6520565556 6.6988268387 6.7342771218 6.893563158 6.9196199327 6.9836362315 7.0336003015 7.0343826593 7.0493022095 7.1330297916 7.2164222567 7.2554089477 7.3549181168 7.3773733903 7.408645126 7.4837221444 7.4975338702 7.5363237435 7.5841171076 7.5880869056 7.6275623648 7.7085062307 7.7833007084 7.8178431692 7.8846833637 7.8907888048 7.9338600259 7.9975991625 8.1338558472 8.1660819581 8.2033237214 8.2730273487 8.2848464745 8.3037505482 8.4238907751 8.4524121983 8.5235881238 8.5909131187 8.6157127166 8.7463195585 8.7693114952 8.9233334135 9.3743271418 9.5630382397 10.6728192896 10.6935789414 10.7712491377 16.0534332892 16.1202090926 16.1350447971 16.2826935874 16.4043423849 16.4440290311 24.218341663 24.237529521 24.5856826218
364 2.9860535416 3.0654443 3.0676444184 3.3281203096 3.4490866104 3.6511156057 3.722904972 3.8445501333 3.8677124639 3.9165883655 3.9833049808 4.0876674833 4.3039434576 4.4059252977 4.4615802486 4.4773799934 4.5375357399 4.5675110437 4.5919317872 4.7625467846 4.804843702 4.9601193038 5.0983080152 5.2200065682 5.2507072268 5.3292531252 5.3744149432 5.3753354352 5.4141506774 5.4798935696 5.5573283778 5.5967679571 5.6451394661 5.7395626837 5.8050658362 5.8223024 5.8808348722 5.9329470875 5.9864927167 6.0232537106 6.1494686496 6.2586609038 6.2671923862 6.3310355157 6.333134042 6.453600991 6.4569646378 6.5342706318 6.6356018805 6.6479221435 6.6857184087 6.7302486158 6.8953952377 6.9379995976 6.9893379327 7.0255548729 7.0332715612 7.0492652762 7.1357419938 7.2152264976 7.2542456063 7.352189541 7.3908304771 7.4107663638 7.4861944242 7.4901043333 7.5330541564 7.5710793435 7.5955836741 7.6373480712 7.7120339702 7.78361567 7.8134412129 7.8875357983 7.8925988118 7.9275131271 8.0049688355 8.1241177456 8.1647443638 8.2002205642 8.2772882688 8.2891690107 8.2985236249 8.4302207973 8.4618030198 8.5260392403 8.5988349581 8.6095199117 8.7348764442 8.7834616598 8.9357891375 9.358768796 9.5774603796 10.6742621932 10.6884719917 10.7790216057 16.0529990507 16.1196019363 16.1362258576 16.2834316791 16.4038332406 16.4444357599 24.2178102665 24.2372261388 24.5853935148
365 2.9691617354 3.0565258267 3.0627828613 3.3203249192 3.4700654483 3.6633772401 3.7166388057 3.821791965 3.8467613713 3.9244226051 3.9594221741 4.0546509691 4.2896392829 4.4339997487 4.456538769 4.4868617205 4.5512151091 4.5831659134 4.6117047944 4.7528528743 4.8060476992 4.9731577097 5.1224033027 5.2359367115 5.2553075952 5.3253805994 5.3692265653 5.3793902905 5.4160329229 5.4868830621 5.5548454494 5.5969958765 5.6473281647 5.7390765678 5.8036137332 5.8209277588 5.8695928569 5.9248648644 5.97896092 6.0212017509 6.142159119 6.2500555921 6.2622796162 6.3270507401 6.3278758291 6.4279670249 6.45304215 6.5162280426 6.6353918239 6.6442440931 6.6769492502 6.7262177734 6.8969400111 6.9542235014 6.9920469061 7.0182354625 7.0309043359 7.0498064005 7.1385825024 7.2133481354 7.2518156836 7.3506859485 7.4037750988 7.4127032332 7.4755624769 7.4973378041 7.5287429563 7.5619431332 7.6018724511 7.6481210882 7.7160301905 7.7810252298 7.8074074696 7.8815665696 7.9041432773 7.9234385663 8.0120580609 8.1136817107 8.1625797083 8.19597119 8.2810863335 8.2946332792 8.2952597328 8.4368447497 8.4696042463 8.5293254919 8.6057531993 8.6074691567 8.723621636 8.7975117128 8.9482714348 9.3432774469 9.5916827806 10.6759106909 10.6835574374 10.7869861994 16.0525038989 16.119034932 16.1374499677 16.284274684 16.4032738989 16.4448779574 24.2172029739 24.2368793719 24.585063007
366 2.951655652 3.0468794003 3.0573742116 3.3120636198 3.4920459719 3.6756683978 3.7065544393 3.7991955512 3.8280746951 3.9312644594 3.9372963373 4.0215483753 4.2757783028 4.4471710755 4.4605600033 4.4955395321 4.5608093811 4.6038233779 4.6317017161 4.7470489511 4.8093436446 4.9869721593 5.1458338024 5.2527692534 5.2605365957 5.3214694282 5.3642986373 5.3837938916 5.4182233123 5.4940072224 5.5522512162 5.5969250178 5.6497020465 5.7385874327 5.8020473338 5.8193223692 5.8573706486 5.9160003763 5.9708330249 6.0187774787 6.1349721583 6.2338772146 6.2566443558 6.3198685783 6.3280002343 6.4048506133 6.447946465 6.4948090195 6.6351282554 6.6413799976 6.6721943262 6.7221747754 6.8985169433 6.9666852817 6.9879389483 7.0160656374 7.0289734279 7.0498675412 7.140696688 7.2105986401 7.2482707314 7.3506033723 7.4138108686 7.4149992289 7.4664981111 7.5025887782 7.5272046227 7.5565964777 7.6066123501 7.6599325336 7.7204144611 7.776769542 7.8003848656 7.8729580698 7.9176081044 7.9218262066 8.0188061856 8.1029067515 8.1595419885 8.1905075908 8.2830442963 8.2954928816 8.3009963003 8.4437836508 8.4747813886 8.534080708 8.6046614841 8.6166733457 8.712666386 8.8114195092 8.9606882308 9.3278984026 9.6056770549 10.6777579121 10.6788327789 10.7951345069 16.0519502521 16.1185180192 16.1387050074 16.2852190119 16.4026735455 16.445346878 24.2165222452 24.2364906035 24.5846923942
367 2.9337359366 3.0366145171 3.0514267492 3.303414349 3.5147263741 3.6873684821 3.6921588014 3.7757478224 3.8137395067 3.9116550281 3.942560749 3.9889727121 4.2625702219 4.4353002179 4.4795088052 4.5083520575 4.5668330317 4.6269621844 4.6519557265 4.7455950357 4.8148852094 5.001395668 5.1679623953 5.2663678269 5.2702572914 5.3179924794 5.3597157966 5.3884455873 5.4207193264 5.5012406413 5.5496447749 5.5964139397 5.6522152905 5.7381255745 5.8003596702 5.8175496393 5.8444058563 5.9064956776 5.9621915452 6.0158445131 6.1279657678 6.2110041211 6.250221487 6.31167597 6.3304843224 6.3845880612 6.439253233 6.4737618504 6.6348347355 6.6393031273 6.670747674 6.7181409002 6.900119273 6.9737965543 6.977588139 7.0188860184 7.0290802683 7.0489616352 7.1413882394 7.2066820676 7.2441732751 7.3518970705 7.4130829169 7.4225584166 7.4603109484 7.5036799327 7.532389182 7.5546514029 7.6097383525 7.6725470834 7.7250989526 7.7716345767 7.793048717 7.8626368532 7.9220380326 7.9316578921 8.0252306434 8.0920640427 8.155713875 8.183918081 8.2831213929 8.2992725491 8.3079454022 8.451061682 8.4768536663 8.5406690085 8.6062758835 8.6263169017 8.7020946096 8.8251492533 8.9729740914 9.312671966 9.6194213505 10.6742948519 10.6797961711 10.803457362 16.0513407836 16.118058295 16.1399814106 16.2862606646 16.4020412528 16.4458339478 24.2157708354 24.236061384 24.5842831304
368 2.9155557305 3.0258298134 3.0449488608 3.2944369346 3.5377165728 3.6741221932 3.6976308777 3.7509658903 3.80415789 3.8899392949 3.9454401339 3.9632969125 4.2501750744 4.4220125238 4.4843743206 4.5311840814 4.5698748801 4.6510066501 4.6725220832 4.7485020426 4.8225881869 5.0162835029 5.187841569 5.27266607 5.2881769979 5.315803581 5.3556010065 5.3932420059 5.4234692709 5.5085663414 5.5471614939 5.5953029076 5.654809157 5.7377228766 5.7985309224 5.8157093738 5.8309684932 5.8965174437 5.9531070782 6.0122199632 6.1211798981 6.1831439865 6.2429102066 6.3026079432 6.3334774193 6.3675984821 6.4217525844 6.4597334617 6.6345321634 6.6377256171 6.67200395 6.7141496282 6.9016533467 6.9646644517 6.9748616477 7.0232876324 7.0314573404 7.0473522026 7.1400029792 7.2013949604 7.2403059237 7.3541344095 7.4098874284 7.424294004 7.4581550591 7.5058317942 7.5378831887 7.5587302416 7.6113330936 7.6854738428 7.730045057 7.7661363765 7.7859085202 7.8516447266 7.9233740145 7.9453209167 8.0314489663 8.0813704956 8.1512406252 8.1764360513 8.2830667386 8.3047360196 8.315132265 8.4586940415 8.4762694819 8.5487793485 8.6104372486 8.6362813119 8.6919730707 8.8386699654 8.9850803122 9.2976355582 9.6328979685 10.6699400775 10.6820170038 10.8119446145 16.0506784009 16.1176609709 16.1412712099 16.2873952595 16.4013858025 16.4463309417 24.2149517822 24.2355934242 24.5838368214
369 2.8972324348 3.0146114402 3.0379478156 3.285176475 3.5602086741 3.6542653714 3.7052610688 3.7251965511 3.7981137761 3.8705960786 3.9193359125 3.9678844012 4.238719028 4.4079642431 4.4812795569 4.5579103052 4.5704045915 4.6751585001 4.6934456852 4.7553092545 4.8321697947 5.0315066321 5.2041201315 5.2789915723 5.3063220605 5.3163300602 5.3522016882 5.3981066096 5.4263266044 5.5159712408 5.5449887731 5.5934237119 5.6574091446 5.7374041019 5.796524487 5.8139388722 5.8173539995 5.8862613336 5.9436388566 6.0076753511 6.1146136618 6.1519490513 6.2345834192 6.2927387136 6.332955106 6.3565663635 6.3966041001 6.452936631 6.6342406568 6.6363665166 6.6754849099 6.7102352592 6.9029844916 6.9507562132 6.971053997 7.0278375182 7.033111237 7.0468857674 7.1358400634 7.1949772886 7.2372710333 7.3562151653 7.4054007256 7.4198604701 7.4598777453 7.5123269464 7.5379781083 7.5707769867 7.6115102562 7.6978818879 7.735422472 7.7606799884 7.7793264337 7.8408856771 7.9253617625 7.9577832606 8.0377096575 8.0710072554 8.1462944394 8.1683888282 8.2836607936 8.3109250408 8.3221905806 8.4666810782 8.4740449583 8.5577043126 8.6168775612 8.6464547756 8.6823615389 8.8519545458 8.9969693826 9.2828246726 9.6460921279 10.6657646065 10.6844112076 10.820585011 16.0499662228 16.1173299362 16.1425674745 16.2886180539 16.4007155647 16.4468301041 24.2140683934 24.2350885887 24.5833552192
370 2.8788567024 3.0030323308 3.0304289472 3.2756661784 3.5792759484 3.6365504716 3.6989404529 3.7086873679 3.7941774389 3.8547401632 3.8882449575 3.9792125266 4.2282996516 4.3935868331 4.4741517276 4.5689087257 4.5850151337 4.6989617068 4.714722413 4.7652664728 4.8432357621 5.0469448414 5.2152804051 5.2845829322 5.3210707426 5.3244932991 5.3501619515 5.4030287769 5.4290019925 5.5234416749 5.5433794325 5.590618477 5.6599234293 5.7371691639 5.794281136 5.8038766785 5.8124101521 5.8759603587 5.9338348105 6.0019406838 6.1077720949 6.1192604728 6.2251246711 6.2818478504 6.323701497 6.3556926687 6.3696534766 6.449001749 6.633979469 6.6350451568 6.6807853493 6.7064271852 6.9039476469 6.936443744 6.964147423 7.0303423882 7.0320389172 7.0497060619 7.1282456642 7.188167679 7.2352342533 7.3561176799 7.4025531588 7.4111145497 7.4643505279 7.5218807222 7.5353988234 7.5866299987 7.610363186 7.7082998851 7.7419359918 7.7556376181 7.7735671123 7.8312014534 7.9277045736 7.9682582311 8.0443999587 8.0611303264 8.1410590346 8.1601418667 8.2850324412 8.317523988 8.3287442824 8.4712279773 8.4750067565 8.5668167399 8.6252752034 8.6566882861 8.673358436 8.8649791489 9.0086117308 9.2682732755 9.6589912683 10.6617644122 10.6869688851 10.8293661344 16.049207557 16.1170680983 16.1438639732 16.2899239701 16.4000384226 16.4473242237 24.2131242319 24.234548888 24.5828402154
371 2.8604991444 2.9911521448 3.0223952521 3.2659296156 3.5831545926 3.6333760756 3.6727000038 3.706369876 3.7912957748 3.8409945734 3.8605226445 3.9918377309 4.2189851982 4.3791923438 4.4645289966 4.565883974 4.6115474706 4.7221108594 4.736257461 4.7775958773 4.8553715328 5.0624801811 5.2204574004 5.2891670219 5.3289175015 5.3424780129 5.3515610311 5.4081004626 5.4310455416 5.5309565775 5.5426482188 5.5867703486 5.6622438056 5.7369592895 5.7908696007 5.7917123467 5.8113209848 5.8658969085 5.9237294683 5.9947133958 6.0832347706 6.1035852458 6.2144878171 6.269064569 6.3099750389 6.3446077782 6.3600101596 6.4461433976 6.6336440603 6.6337652861 6.6875676098 6.7027483102 6.9043463714 6.9220067677 6.9553416399 7.0243912547 7.0356372208 7.0537445142 7.1169521443 7.1816802538 7.234048363 7.3519363764 7.4000617416 7.4039300961 7.4705639749 7.5294543408 7.5346749055 7.6039330132 7.6079589648 7.7146943685 7.7508001279 7.7513638581 7.7688490553 7.8234075319 7.9302034022 7.9760074642 8.0518749648 8.0519643704 8.1357262243 8.1520588725 8.2871485332 8.3244014448 8.3344197093 8.4686837282 8.4836398851 8.5757507356 8.6352734959 8.6636348005 8.6682619272 8.8777227286 9.0199837131 9.2540139272 9.6715846225 10.6579353548 10.6896794902 10.8382743787 16.0484058773 16.116877593 16.1451549674 16.2913076214 16.399361732 16.4478066738 24.2121231012 24.2339764702 24.5822938332
372 2.842215297 2.9790177076 3.0138473964 3.2559824981 3.5672161762 3.6429274814 3.6536734223 3.6977877721 3.7887879358 3.8180823272 3.8483374969 4.0053676954 4.2108103754 4.3650265196 4.4533884691 4.561796147 4.6371245063 4.7443763446 4.757812037 4.7917010474 4.8682056522 5.0779913052 5.2201203507 5.2930555768 5.3345204112 5.3600069717 5.3607557221 5.4135422609 5.4319036561 5.5384719794 5.5431274081 5.5818506318 5.664250289 5.7365919997 5.7787073524 5.7886976273 5.8108767524 5.856414859 5.9133370379 5.9856747161 6.0488995052 6.097960863 6.2027440604 6.2528521287 6.295178055 6.3244114952 6.3656403774 6.4437930885 6.632062119 6.6336092401 6.6955627372 6.6992163468 6.9039470313 6.9076178266 6.9452889822 7.016983093 7.0384072128 7.0571127148 7.1023395168 7.1757079888 7.2334844418 7.3439718276 7.3879358961 7.4094556386 7.477883285 7.5257538738 7.543942137 7.6043566935 7.6217835213 7.7160672825 7.7481685602 7.762319236 7.7653969061 7.8181535065 7.9327163128 7.9805210751 8.0433532111 8.0607044577 8.1304986244 8.1444767086 8.2899503691 8.3314816105 8.3388765621 8.4670736032 8.4925368537 8.5843668584 8.6465002588 8.656428504 8.6778903504 8.8901666854 9.0310663131 9.2400777562 9.6838629333 10.6542732285 10.6925318769 10.8472949481 16.0475648012 16.1167599176 16.1464350832 16.2927633382 16.398692304 16.4482714277 24.2110690284 24.2333736126 24.5817182203
373 2.824049309 2.9666638076 3.0047841267 3.2458341376 3.5451903446 3.6192084646 3.6746168409 3.6839436148 3.7862387926 3.788779084 3.8479654825 4.0197134303 4.2037703587 4.3512969587 4.441465699 4.5570547781 4.6615474488 4.7655742696 4.7789267957 4.8072992774 4.8814387436 5.0933493105 5.2156043471 5.2960883899 5.3371861222 5.3766695432 5.3769859964 5.4196756965 5.4311278651 5.545066599 5.5458692739 5.5760054729 5.6658196917 5.7356356328 5.7678858438 5.7850982839 5.8112596443 5.8479217002 5.9026349242 5.9745169066 6.0150128551 6.0930469542 6.1900730296 6.2324041071 6.2799951452 6.3107514481 6.3715846263 6.441722884 6.630193648 6.6335130718 6.6958468433 6.7045595953 6.8934036195 6.9024743323 6.9343521134 7.0089515269 7.039972333 7.0591899588 7.0853547043 7.1700027291 7.2333444206 7.3338240119 7.3753960689 7.4174599638 7.4858985123 7.5202910445 7.5528433671 7.5996458092 7.6395941652 7.7131736864 7.7462774225 7.7634822965 7.7754313871 7.8156689153 7.9351475732 7.981695231 8.0356434195 8.0706045451 8.1255943394 8.1376870018 8.2933847633 8.3387079901 8.3418644226 8.4668536524 8.5016449121 8.5926577386 8.6490923722 8.6586016049 8.6881742818 8.9022945716 9.0418442594 9.2264943602 9.6958182525 10.6507737971 10.6955143506 10.856411876 16.046688068 16.116716017 16.1476992308 16.2942851939 16.3980364047 16.4487130585 24.2099662477 24.2327427122 24.5811156403
374 2.8060367072 2.9541142661 2.9952030781 3.2354887421 3.5219262641 3.5937461781 3.6665661472 3.6994443717 3.7590689035 3.7834399394 3.8516926288 4.0348294021 4.1978146666 4.3381894974 4.4293396338 4.5520067674 4.6847162123 4.785555111 4.79888356 4.8244528773 4.8948467722 5.1084157775 5.2082046569 5.2977506092 5.3400773454 5.3918020144 5.3959289978 5.4250489755 5.4304797016 5.5485095822 5.5526718759 5.5698732004 5.6668368226 5.7332443533 5.7591467986 5.7808072136 5.8125797157 5.8408666715 5.891530963 5.9609852085 5.9827310008 6.0886952048 6.1766817874 6.20904333 6.2645576733 6.3029547285 6.3775066043 6.4398207977 6.6279244555 6.6334650335 6.6926567918 6.7143893429 6.8794684206 6.8996188812 6.9227571792 7.0008842603 7.0391547633 7.0597917157 7.0677936168 7.1642006819 7.2334815706 7.3226963419 7.362802022 7.4265041248 7.4942723209 7.514101664 7.5598719318 7.5940139979 7.6567579514 7.7072961934 7.7458322074 7.7634241181 7.7889846831 7.8157042542 7.937455321 7.9798039071 8.028772358 8.0813728463 8.121249935 8.1319217494 8.2974063503 8.3432884067 8.34603164 8.4682544609 8.51090532 8.6006681613 8.6422917303 8.6712716 8.6984028077 8.9140918264 9.052305401 9.2132916799 9.7074437863 10.6474328222 10.6986147218 10.8656080599 16.0457795173 16.1167463403 16.1489425558 16.2958670312 16.3973997632 16.4491267287 24.2088191819 24.2320862757 24.5804884639
375 2.7882065012 2.9413832289 2.985101961 3.2249466819 3.4985954511 3.5687779997 3.6471731864 3.7247746515 3.7299660335 3.7804577966 3.8569826025 4.0506603746 4.1928426147 4.3258795004 4.4174822596 4.5469409474 4.7065997613 4.8042012943 4.8169706744 4.84327637 4.9082698377 5.1230437288 5.198823357 5.2978499281 5.3442470528 5.4046063517 5.4152787252 5.4210645355 5.4392438525 5.5532291616 5.5557739097 5.5668918795 5.6672058007 5.7284480875 5.7531653535 5.7758395895 5.8147922656 5.8357052853 5.8798187949 5.9449371269 5.9532864679 6.0849161346 6.1626194332 6.1850748178 6.2489007208 6.2993582184 6.3832400138 6.4380257051 6.6251345241 6.6334363582 6.68966751 6.7249118528 6.8659034428 6.8950721037 6.9106672055 6.9932819197 7.0313800305 7.0547270043 7.0588882968 7.1579969982 7.2337922845 7.3112562664 7.35036668 7.4355760319 7.5026017053 7.5073342249 7.5647542951 7.5878671488 7.6724961736 7.6996006443 7.7469746383 7.7655251371 7.8019437619 7.8179551744 7.9396675833 7.9753249071 8.0226953529 8.0926253953 8.1177172922 8.1273474073 8.3019729907 8.3432436848 8.3534071249 8.4712769394 8.520255949 8.6084497059 8.6360569185 8.6842638278 8.7085010352 8.9255455203 9.0624402427 9.2004958778 9.7187337711 10.6442460833 10.7018203606 10.8748653112 16.0448430689 16.1168508788 16.1501604097 16.2975024882 16.3967875852 16.4495081752 24.2076324246 24.2314069099 24.5798391596
376 2.7705828151 2.9284766621 2.9744800781 3.2142058251 3.4756157346 3.5445426195 3.6268087286 3.7017774924 3.7489106803 3.7784395392 3.8624990885 4.0671152212 4.1887022435 4.3145422971 4.4062950682 4.5420964414 4.7272161248 4.8214291713 4.8330164208 4.8633768389 4.9215948537 5.1370820365 5.1880356359 5.2966687911 5.3494820587 5.4130867332 5.4149224656 5.4335695401 5.4523005708 5.5513392728 5.558765591 5.5714574607 5.6668613107 5.7213455064 5.7493793617 5.7704138761 5.8175471309 5.8329264717 5.8672079078 5.926420675 5.9281686523 6.0817323117 6.1472801467 6.1628793554 6.2330534922 6.2986999617 6.3886761005 6.4363039974 6.621702987 6.6333794925 6.6869051138 6.7360056436 6.852789243 6.8885965659 6.8982174691 6.9865369184 7.0134755381 7.0496903663 7.0565155152 7.1511743219 7.2342046012 7.2998787481 7.3382283166 7.4438542638 7.5000986644 7.5102354126 7.5675510612 7.5820335404 7.6858367019 7.6909828572 7.7498979273 7.7700040661 7.8122972956 7.8233007234 7.9418929526 7.9688050198 8.017286778 8.1040192512 8.1152492128 8.1240740964 8.3070412043 8.3419893509 8.3607911866 8.4757377999 8.5296330841 8.6160428878 8.630388073 8.697387651 8.7184259354 8.936644085 9.0722415858 9.1881312527 9.7296833674 10.641209395 10.7051182532 10.8841644182 16.043882703 16.1170291924 16.1513483349 16.2991850241 16.3962045661 16.4498536916 24.2064107203 24.2307073107 24.5791702843
377 2.7531861796 2.9153940464 2.9633400934 3.203263008 3.4531770819 3.5212021261 3.6061427778 3.6746722695 3.762559859 3.7864423582 3.8674492657 4.0840448883 4.185194827 4.3043666391 4.3961334737 4.5376708596 4.7466137542 4.8371923601 4.8473284634 4.8838936749 4.9347374787 5.1503832875 5.1762329613 5.2946543524 5.3551762443 5.4027431765 5.4233979706 5.4492835652 5.4675418392 5.5458930509 5.5645241797 5.5779298929 5.6657874223 5.7129608294 5.7462667228 5.7649359371 5.8200973555 5.8330572643 5.8537041712 5.9057930782 5.9087400479 6.079158111 6.12918574 6.1450127943 6.2170621542 6.300225024 6.3937286958 6.4346392211 6.6175143991 6.6332297312 6.6843963722 6.747560655 6.8401935319 6.8801104559 6.8855312951 6.9808693532 6.9912566684 7.047133577 7.0527411264 7.1435865367 7.234668617 7.2887915875 7.3264834599 7.4505270377 7.4925066391 7.5160759986 7.5685298744 7.5780107982 7.6820405686 7.6959252504 7.754554382 7.7770047793 7.8179559064 7.8329455047 7.9443099138 7.960817277 8.0123557089 8.1140703358 8.1152545273 8.1222103796 8.3125635334 8.3398778093 8.3681423759 8.4813527507 8.5389722135 8.6234737602 8.6252785046 8.7104978479 8.7281441972 8.9473770075 9.0817042359 9.1762202203 9.7402885662 10.6383186184 10.7084950592 10.8934852207 16.0429024415 16.1172804272 16.1525020595 16.3009079445 16.3956549052 16.4501601119 24.205158945 24.2299902525 24.5784844732
378 2.7360345796 2.9021302704 2.9516899266 3.1921156605 3.4313709064 3.498902523 3.5856107028 3.6487724329 3.7607223155 3.8093492288 3.8713595251 4.1012174587 4.1820871847 4.2955759043 4.3873186121 4.5338267305 4.7648548297 4.8514837898 4.8602191339 4.903953765 4.9476268544 5.1628142529 5.1637353337 5.2921681442 5.3606881507 5.390256136 5.4309576558 5.4605168971 5.4839613182 5.5429074397 5.5698612446 5.5840484049 5.664059422 5.704107058 5.742843167 5.7598647055 5.8220749767 5.8356305546 5.8402630263 5.8840765188 5.8953645581 6.0771885061 6.1091790964 6.1312443013 6.2009999677 6.3034696106 6.3983204247 6.4330264751 6.6124662334 6.6329120223 6.682157482 6.759472637 6.8281653564 6.8697401812 6.872717533 6.9675063472 6.9762981237 7.044477981 7.0476518563 7.1351420554 7.2351483488 7.27814022 7.3152019709 7.454652266 7.4846748437 7.5188664079 7.5680565152 7.5777464911 7.6731247326 7.7026448914 7.7602032188 7.7864774177 7.8212285338 7.8439322102 7.9471260609 7.9519819182 8.0076919746 8.1143364953 8.1213772924 8.1265688316 8.3184878569 8.3372835953 8.3754209743 8.4878162163 8.5482074312 8.6207210996 8.6307559463 8.7234836758 8.737628055 8.9577344551 9.090824757 9.1647833972 9.7505461054 10.6355696705 10.7119371696 10.9028066955 16.0419063311 16.117603329 16.1536174994 16.3026644271 16.395142315 16.4504247953 24.2038820862 24.2292585769 24.5777844292
379 2.7191443206 2.8886777119 2.9395446113 3.18076356 3.4102347077 3.4777815834 3.5655084819 3.6241748232 3.7552737953 3.8352247647 3.8739591803 4.1182841875 4.1791336204 4.288462891 4.380136206 4.5306958544 4.782002079 4.8643343894 4.8718518311 4.9228006804 4.9601953841 5.15087455 5.1742670596 5.2894198919 5.3654042268 5.3758843501 5.4379918093 5.4655773353 5.5009452379 5.5440851472 5.5741339347 5.5888715703 5.6619150876 5.6954659428 5.7391640859 5.7555216379 5.8241491788 5.8284438709 5.8363683615 5.8652098421 5.8873004746 6.0757845465 6.0893619467 6.1198144646 6.1849795902 6.3081165878 6.4023764172 6.4314688403 6.6064773524 6.6323536039 6.6801742803 6.7716372468 6.8167268107 6.8577719079 6.8598935538 6.9430093455 6.972682543 7.0411117946 7.0413496296 7.1257943515 7.2356134216 7.268015814 7.3044356957 7.4551085635 7.4767222752 7.5186509366 7.5665072154 7.5821678293 7.6644247871 7.7067261969 7.765739252 7.7977489242 7.8234810305 7.8544613856 7.9430384413 7.95051652 8.0031286119 8.1160953075 8.122312733 8.1371227578 8.3247580352 8.3345599639 8.3825889549 8.4948507327 8.5572684764 8.6167140495 8.6378938255 8.7362598068 8.7468537992 8.9677067841 9.0996012555 9.1538398418 9.7604533918 10.6329585301 10.7154307648 10.9121070512 16.040898426 16.1179962518 16.1546907664 16.3044475465 16.3946700296 16.4506456132 24.2025852223 24.2285151813 24.5770729126
380 2.7025307595 2.8750284755 2.9269279278 3.1692106317 3.3897740042 3.4579666209 3.5460477353 3.6009573799 3.7486618666 3.861588495 3.8751150518 4.1347320556 4.176107647 4.2834420955 4.374823617 4.5283818746 4.7981093076 4.8758076871 4.8822891028 4.9397122147 4.9723741993 5.1380670224 5.1846683508 5.2864619756 5.3598418409 5.3687121526 5.4445228826 5.4646796827 5.5181259243 5.5490769243 5.5767438736 5.5913984711 5.659820042 5.6880093123 5.7362042772 5.7518887659 5.8191932897 5.8227878327 5.8279200809 5.8606284169 5.883579419 6.0704768049 6.0748474024 6.1101951983 6.1691771762 6.3139244513 6.4058215226 6.4299748145 6.5994966238 6.6315000016 6.6783756445 6.7839344063 6.8058703425 6.8444132548 6.8473575874 6.9181294686 6.9698026197 7.0339525285 7.0368392883 7.1155372298 7.2360281007 7.2584681481 7.2942283219 7.4509170134 7.468766207 7.5173045008 7.5642160995 7.5902647856 7.656064905 7.7091178803 7.7704103385 7.8093608562 7.8249398072 7.8640634685 7.9349791935 7.9545681314 7.9985948886 8.1192650625 8.1245463968 8.1473078843 8.3313151944 8.3320238208 8.389609913 8.5022260209 8.5660726656 8.6132706755 8.6448853527 8.7487595392 8.7558009988 8.9772838579 9.1080331849 9.1434075288 9.7700084295 10.6304812423 10.7189618735 10.9213638312 16.0398827725 16.1184571647 16.1557181814 16.3062502994 16.3942408074 16.4508209394 24.2012735024 24.2277630074 24.5763527301
381 2.6862089293 2.8611767263 2.9138736245 3.1574666629 3.3699776923 3.4395679164 3.5273855364 3.5791814642 3.7413407252 3.8747916621 3.8879585877 4.1498346366 4.1728403454 4.2811067124 4.371549543 4.5269616229 4.8132144561 4.8859912491 4.891546662 4.9539028888 4.9840932533 5.1258858589 5.1939835774 5.2831690262 5.3423308861 5.3700024034 5.450283704 5.4600245727 5.5351952721 5.5556897993 5.5772518189 5.5908186057 5.6584396659 5.682729143 5.7353621721 5.7483105311 5.8017623222 5.8126297428 5.8315302149 5.8663158429 5.8834422146 6.0526424203 6.0741660301 6.1024508057 6.1538837355 6.3206934278 6.4085798132 6.4285563215 6.5915103693 6.6303277384 6.6766067271 6.7946207891 6.7971394697 6.8299507572 6.8353782791 6.8931369296 6.9674243597 7.0255990583 7.0315846835 7.1044014226 7.2363329994 7.249512643 7.2846339626 7.4419514522 7.4609181554 7.5164560402 7.5614541491 7.6003469307 7.6482358889 7.7105201348 7.7738665813 7.8193517757 7.8256866526 7.8725623181 7.9292169604 7.9592562293 7.9941426765 8.123641075 8.1281170503 8.1570111995 8.3299568209 8.3380991037 8.3964489802 8.5097597585 8.5745033692 8.6104421753 8.6517241825 8.7609299433 8.7644520021 8.9864540486 9.1161211645 9.1335041862 9.7792097527 10.6281339211 10.7225164297 10.9305540237 16.0388633947 16.1189836567 16.1566962914 16.308065629 16.3938569315 16.4509496425 24.1999521247 24.2270050294 24.5756267235
382 2.6701940746 2.8471210242 2.900426074 3.1455487635 3.3508308903 3.4226704657 3.5096396828 3.5588934087 3.7335006838 3.8730243167 3.91410242 4.1626684117 4.1692587259 4.2822220987 4.3703948816 4.5264858703 4.8273331242 4.8949869785 4.8996230021 4.9644668364 4.9952838807 5.1151132161 5.2022141007 5.2791874233 5.3235486289 5.3687880705 5.4539703183 5.4547670159 5.5516266713 5.5618520323 5.5757298208 5.5873222438 5.6584555639 5.6796203538 5.7378915757 5.742686862 5.7816681266 5.8086561713 5.8367105834 5.8744449629 5.8862716657 6.0358138633 6.0733091913 6.0968273044 6.1396132538 6.3282479764 6.4105761044 6.4272271207 6.5825473804 6.6288455461 6.6746123733 6.7852187687 6.8086866349 6.8147486733 6.8241757453 6.8683314538 6.9653257517 7.0164570475 7.0253264893 7.0924503846 7.2364094758 7.2411355444 7.2757556698 7.4290734164 7.4532802828 7.516326698 7.5584277419 7.6107243192 7.6415557594 7.7113401611 7.7759281027 7.8256065825 7.8258335896 7.8798351708 7.9275240287 7.9644602729 7.9899486661 8.1289246348 8.1329628702 8.1662097802 8.328611053 8.3450493088 8.4030727761 8.5173108106 8.5823474958 8.6083809937 8.6584011639 8.7727284584 8.7727915842 8.9952027016 9.123866808 9.1241487169 9.7880563631 10.6259127511 10.7260803314 10.9396541768 16.03784428 16.1195729392 16.1576218908 16.3098864502 16.3935202059 16.4510310817 24.1986263167 24.2262442421 24.5748977588
383 2.654502108 2.8328665346 2.886640273 3.1334823959 3.3323249844 3.4073268814 3.4928958491 3.5401262643 3.7252696908 3.8698988744 3.9398115513 4.1654175862 4.1723383913 4.2875106845 4.3713445498 4.5269800817 4.8404496417 4.9029022963 4.90651392 4.9704422404 5.0058816418 5.1066851168 5.2093848041 5.2738765167 5.3036949406 5.3650092467 5.4481361294 5.4572559208 5.5642260785 5.5664022796 5.5753069143 5.582321043 5.6603290623 5.677474335 5.7310181473 5.7444167454 5.7689366476 5.807337506 5.8428118067 5.8833733248 5.891527223 6.0199151546 6.0714376242 6.0936213119 6.1272920865 6.3364258365 6.4117394856 6.4260016447 6.5726810098 6.6270796332 6.6720416141 6.7750878518 6.7990982636 6.8140711629 6.8204669835 6.8442983547 6.9632845677 7.006743123 7.0180822827 7.0797746203 7.2332986698 7.2360081565 7.267822311 7.4134354486 7.4459424314 7.5164056191 7.5552861014 7.6181028333 7.638704388 7.7117830921 7.7764644032 7.8255281947 7.8267233058 7.8857355572 7.9311929445 7.9699954956 7.986308341 8.1347624208 8.1389761744 8.174907476 8.328211985 8.3521058528 8.4094494679 8.5247709105 8.5891078358 8.6075290413 8.6649053654 8.7808066871 8.784120523 9.0035096621 9.115363603 9.1312725591 9.7965476712 10.6238139888 10.7296394961 10.9486405176 16.0368293666 16.1202218479 16.1584920465 16.3117056737 16.3932319486 16.4510651044 24.1973013135 24.2254836493 24.5741687147
384 2.6391499926 2.8184269695 2.8725811796 3.1213018286 3.314463424 3.3935539842 3.4772105563 3.5229018189 3.7167528138 3.8655354176 3.9648285761 4.1615253391 4.1784330401 4.297207197 4.3742957472 4.5284456495 4.8525008036 4.9098434192 4.9122191107 4.9711381926 5.0158280258 5.1013817981 5.215514129 5.2663260169 5.2829920376 5.3593612909 5.4433446025 5.4568964608 5.5629135309 5.5686838665 5.5777072776 5.5862699272 5.6642131217 5.675067544 5.713753087 5.7546138216 5.7641516454 5.8088631937 5.8493902987 5.8928020252 5.8987560091 6.0048816159 6.0672275488 6.0930980311 6.1183390768 6.3450686039 6.4120087476 6.4248946019 6.562029152 6.6250447936 6.6684831344 6.7642814341 6.7832688618 6.8054281417 6.8194118151 6.8338849056 6.9610263046 6.9967686081 7.0099105429 7.06648495 7.2259437493 7.2346408078 7.2613035531 7.3959690648 7.4389799018 7.5161336333 7.5521312376 7.6174149749 7.6444266072 7.7119257122 7.7753460338 7.8230872842 7.8249280128 7.8900738774 7.9399261823 7.9755825093 7.9836749457 8.1407869333 8.1460061768 8.1831307543 8.3289548614 8.3592095378 8.4155490211 8.5320572288 8.5937053014 8.608915757 8.6712247767 8.7884862263 8.7950779262 9.0113451112 9.1071790463 9.1383415334 9.8046834416 10.6218339629 10.7331799173 10.9574890744 16.0358225312 16.1209268427 16.159304126 16.313516231 16.3929929819 16.4510520461 24.1959823377 24.2247262514 24.573442471
385 2.6241560506 2.8038261126 2.8583224651 3.1090499402 3.2972626675 3.3813341381 3.4626125368 3.5072325135 3.7080425506 3.8600747668 3.9887825076 4.1579765047 4.1812852036 4.3108064682 4.3790802323 4.5308618875 4.8633418385 4.9159109931 4.9167416513 4.9666580254 5.0250704571 5.0993327141 5.220511197 5.2556099064 5.2617741458 5.3531643617 5.4397816674 5.4528882456 5.5570432309 5.5680497418 5.5751749469 5.5993428488 5.6699675686 5.671978857 5.6961598385 5.763175265 5.7674428524 5.8133677277 5.8558687566 5.9028896373 5.9076094741 5.9906799361 6.0596486266 6.0954117605 6.1138945188 6.3540102226 6.4113392144 6.4239224034 6.5507542267 6.6227063419 6.6635373946 6.7517323541 6.767547022 6.7985802134 6.7989877764 6.8444524852 6.9581096975 6.9870442342 7.000923584 7.0527057513 7.2189956314 7.2316301455 7.256867005 7.3773236628 7.4324520825 7.5150791783 7.549027395 7.6123877743 7.6548530472 7.7117510454 7.7724238542 7.8164553969 7.8241764514 7.8926555698 7.9522228189 7.9798897188 7.9835790766 8.1466540624 8.153860691 8.190931413 8.3309936142 8.3663017374 8.4213437282 8.539106465 8.5955015554 8.6131355319 8.6773467976 8.7958209486 8.8055776591 9.01866227 9.0996402808 9.1450773655 9.8124637423 10.6199690757 10.7366877182 10.9661758 16.034827577 16.1216840061 16.1600558292 16.3153110984 16.3928036211 16.4509927319 24.1946745788 24.2239750343 24.5727218974
386 2.6095401955 2.7890988022 2.8439448237 3.0967773912 3.280749279 3.3706204691 3.4491042459 3.4931227128 3.699222087 3.8536675804 4.0110968847 4.1554126921 4.1816865777 4.3273555277 4.3854924 4.5341888468 4.8726681776 4.9200702665 4.9211976992 4.9581287688 5.0335605694 5.0998549643 5.2233067475 5.2413080204 5.2413431116 5.3476182419 5.4373166737 5.4447969914 5.5504272551 5.5655798264 5.5741242865 5.6101645636 5.6684639034 5.6759708908 5.6830651061 5.7639483503 5.7817119318 5.8207900024 5.8616983794 5.9139740724 5.9178396472 5.9773380328 6.0491908465 6.1005427233 6.113605814 6.3630586679 6.4097099967 6.4231093104 6.539066084 6.6199374507 6.6569127848 6.7360674298 6.7522708755 6.7814322977 6.7937421717 6.8548096177 6.9537642869 6.9784339725 6.9913135588 7.0385698718 7.2123631747 7.2267077859 7.2547861458 7.3579569444 7.4264020141 7.5129220571 7.5460089588 7.6068244135 7.6661474322 7.7111481958 7.7675764424 7.8086796113 7.8233882893 7.8933736393 7.9665914112 7.9808328431 7.9882383381 8.152076016 8.1623064763 8.1983938967 8.3344245975 8.3733237963 8.4268091031 8.5458703813 8.5957269077 8.6189196171 8.6832585941 8.8028033274 8.8156011131 9.025384261 9.0928207649 9.1514840623 9.819888897 10.6182158044 10.7401492049 10.9746766948 16.0338482234 16.1224890399 16.1607452237 16.3170833218 16.3926636604 16.4508884795 24.1933831727 24.223232957 24.5720098419
387 2.5953240873 2.77429129 2.8295340231 3.0845412807 3.2649551683 3.3613439646 3.4366645974 3.4805688387 3.6903666381 3.8464660045 4.0308693239 4.1548165868 4.1804366738 4.3459086693 4.3933147623 4.5383708172 4.8798221842 4.9220946929 4.9257872119 4.9475243342 5.0412507451 5.1018471624 5.2131219099 5.2238927235 5.2326876421 5.3431465906 5.4327949691 5.4357802285 5.5432924044 5.5629097638 5.5729018243 5.6171379358 5.6651291808 5.6709024082 5.6875343312 5.7660134546 5.7964750544 5.8307764768 5.8666147708 5.9261935654 5.9292819716 5.9650691858 6.0373043415 6.1082775617 6.1162098997 6.3719616596 6.4071302977 6.422505887 6.5272308167 6.6164783177 6.6485020806 6.7168168779 6.7378652157 6.767677264 6.7909370074 6.8640386902 6.947107768 6.9719321312 6.9813967743 7.0242186404 7.2059362448 7.2203933277 7.2545653244 7.3382226516 7.4208569228 7.5094328643 7.543086641 7.6017719048 7.6772762184 7.7098758949 7.7609107813 7.8010571303 7.8226441945 7.8923040158 7.9820208428 7.9822553923 7.9937825304 8.1568462159 8.1710658376 8.2056469826 8.3392709471 8.3802160484 8.4319252228 8.5523124925 8.5955185421 8.6250974482 8.6889473754 8.8094274892 8.8251335189 9.0313806041 9.086845772 9.1575658635 9.8269594426 10.6165707025 10.7435509181 10.9829679287 16.0328880951 16.1233372593 16.161370783 16.3188260411 16.39257236 16.4507411025 24.1921131825 24.2225029404 24.5713091195
388 2.5815312073 2.7594609505 2.8151788797 3.0724034708 3.2499128431 3.3534205084 3.4252533512 3.4695581465 3.6815442833 3.8386177795 4.0468356203 4.15752905 4.1781358939 4.3657359399 4.402336205 4.543340235 4.8833504901 4.9222893207 4.9297538952 4.9379092344 5.0480884706 5.1041894847 5.1916935002 5.204622021 5.2342484578 5.3394508928 5.4176046484 5.4350615285 5.5353187307 5.5601554685 5.5710745481 5.6194641912 5.6626981096 5.6684037658 5.6961775304 5.7695383446 5.8112087879 5.8425904259 5.8707776253 5.938130068 5.9418339091 5.9554606142 6.0252938707 6.1182405128 6.1206772306 6.3803375652 6.4036433944 6.422237749 6.5155874235 6.611916407 6.6383892762 6.6949917764 6.7248619859 6.7566994229 6.7899854452 6.8714960307 6.9381788193 6.9676286253 6.9716759089 7.0098157316 7.199576651 7.2133788644 7.2555572643 7.3184346467 7.4158296699 7.504481792 7.5402520625 7.5976169856 7.6878482779 7.7074869082 7.7530559723 7.7941834045 7.8219910562 7.8897248291 7.9848675005 7.9978975769 7.9992962872 8.1608511332 8.1798110845 8.2128763565 8.345475028 8.3869164778 8.4366785747 8.5584056238 8.595313947 8.6312025231 8.6944006274 8.815689161 8.8341635492 9.0364295238 9.0819301971 9.1633271108 9.8336760886 10.6150304033 10.7468796818 10.9910259615 16.0319507129 16.1242235849 16.1619314283 16.320532514 16.3925284325 16.4505529133 24.1908695784 24.2217878557 24.5706225011
389 2.568186852 2.7446753844 2.8009693184 3.0604287898 3.235651754 3.3467566833 3.4148168982 3.460066369 3.6728167008 3.8302625553 4.0577707022 4.1648372144 4.1751851026 4.3863230434 4.412362417 4.5490216784 4.8807359271 4.9200684274 4.9331424252 4.9331627347 5.0540067607 5.105733572 5.1690122121 5.1852895586 5.2361744119 5.335956543 5.4002285113 5.4350915258 5.5262752712 5.5568162373 5.5687605009 5.6185916496 5.6618068919 5.6709930872 5.7038589591 5.7748888664 5.8257856267 5.8551057019 5.8746684318 5.9380219386 5.9554329032 5.9603009675 6.0142024823 6.1263901582 6.1299517415 6.3875473227 6.3993273786 6.4226112935 6.5045704909 6.605733928 6.6267809818 6.6718429912 6.7138637982 6.7472081493 6.7905608567 6.8762865933 6.9279544869 6.9628679705 6.9646935427 6.9956020489 7.1931001943 7.2061259529 7.2573660746 7.2989181845 7.4113209677 7.4980561026 7.5374809035 7.5945209219 7.6976272917 7.7032731457 7.7452180793 7.7881011879 7.8214451804 7.8860458088 7.9884659503 8.0046707073 8.013848799 8.1640659297 8.1881702848 8.2203237398 8.3529039929 8.3933590567 8.4410644127 8.5641301 8.5952642542 8.6370581571 8.6996063268 8.8215856312 8.842683032 9.0401829305 9.0784137133 9.1687721268 9.8400396814 10.6135916228 10.7501226519 10.9988276593 16.031039484 16.1251425311 16.1624265733 16.3221961405 16.3925300312 16.4503267262 24.1896572191 24.2210905135 24.5699527024
390 2.5553180491 2.7300110122 2.7869946341 3.048683302 3.222196024 3.341253987 3.4052945864 3.4520549351 3.6642398972 3.8215300484 4.0634162208 4.1718446307 4.17704204 4.4073102508 4.4232201372 4.5553356583 4.8708865871 4.917656991 4.9325096137 4.936069079 5.0589047661 5.1049493807 5.1461794527 5.1682887092 5.2374695076 5.3321403642 5.3817154111 5.4358068886 5.5162751118 5.5522230413 5.5663976196 5.6169019836 5.6628167364 5.6760870083 5.7094256349 5.782201708 5.8402483692 5.8669476236 5.8788275713 5.9295787329 5.9700339144 5.9759490836 6.0050612272 6.1329732922 6.1428792126 6.3925831894 6.3942925167 6.4242134134 6.4947264527 6.5974752441 6.6139057266 6.6481641694 6.7053994291 6.7383771204 6.792264527 6.8773084004 6.9173363498 6.9556319723 6.9623968458 6.982094375 7.1862476534 7.1989128078 7.2597981234 7.2800591625 7.4073221428 7.4902568333 7.5347347508 7.5925078407 7.6964971373 7.7064240043 7.7387159791 7.7826334199 7.8209966544 7.8817154599 7.992750736 8.0098806478 8.0296380134 8.1665360792 8.1957731414 8.2282436289 8.3613676158 8.3994718629 8.4450895049 8.5694723915 8.5954224905 8.6425881748 8.704553147 8.8271157178 8.8506867333 9.0422319486 9.0766954005 9.173905107 9.8460511709 10.6122511651 10.7532673615 11.006350407 16.0301576936 16.1260881916 16.1628561722 16.3238104865 16.3925747414 16.4500658566 24.1884808335 24.2204136525 24.5693023728
391 2.5429533962 2.715551297 2.7733420236 3.037232784 3.2095633792 3.3368116125 3.3966244345 3.4454687301 3.6558649375 3.8125396227 4.0647999854 4.1682868408 4.1931379409 4.4284366864 4.4347573708 4.5622020075 4.8562659805 4.9156714886 4.933049349 4.9385177371 5.0625948913 5.0999248388 5.1235920776 5.1564901315 5.2378474167 5.327644605 5.3630590613 5.4371347576 5.5056880189 5.5459613145 5.5644259783 5.6156036985 5.6657304054 5.6818200251 5.7125785088 5.7910589616 5.8545104494 5.8767499375 5.8834390249 5.9218992082 5.9855866737 5.9937330319 5.9990426215 6.1401678349 6.1564636704 6.3886758076 6.3944413219 6.42757109 6.4866904293 6.5869830142 6.5999391565 6.6243999034 6.6997063206 6.729749236 6.7946790123 6.8737790136 6.9069305779 6.9493380367 6.9603377491 6.9707854676 7.1786501815 7.1919309533 7.2623512228 7.2627615593 7.4038182019 7.4812663378 7.531961723 7.5915155057 7.6870408714 7.714063861 7.7341543929 7.7776186075 7.8206147635 7.8771630028 7.9974412637 8.0149256502 8.0451067536 8.1683519643 8.2023481624 8.2368068214 8.3706422901 8.4051752746 8.4487749085 8.5744240915 8.5958028301 8.6477565459 8.7092306642 8.8322797354 8.8581721773 9.042411371 9.0769294636 9.1787300256 9.8517115817 10.6110059278 10.7563017647 11.0135722161 16.0293084963 16.127054221 16.1632207711 16.3253693075 16.3926595763 16.449774119 24.1873450026 24.2197599292 24.5686740852
392 2.5311228307 2.701384754 2.7600954145 3.0261414804 3.1977649472 3.3333281378 3.3887472703 3.4402351945 3.6477386576 3.8034008968 4.0633945373 4.1646308384 4.2116553997 4.4468413419 4.4495017709 4.5695427933 4.8394543553 4.9129469541 4.9332074152 4.9405407499 5.0645851519 5.0904229827 5.10182979 5.1511531039 5.2370600042 5.3222755572 5.3451794335 5.4389984783 5.4949486814 5.5381526194 5.5629541902 5.6149372927 5.6702634887 5.6871466225 5.7137235217 5.8006551317 5.8677193979 5.8840097969 5.8874555211 5.9175293607 5.9972851955 6.0020161656 6.0126350692 6.1477704553 6.1701137479 6.3826336698 6.3930674268 6.4323274382 6.4810758183 6.5744838813 6.5850082877 6.6008308209 6.6966161146 6.7210664006 6.7973905575 6.8659294905 6.8972056475 6.9407876289 6.9582978084 6.9647313359 7.169822551 7.1853354945 7.2464102648 7.2662101192 7.4007909925 7.4713039882 7.5290959391 7.5914430815 7.6755934768 7.7203772898 7.731205251 7.7729749577 7.8202560247 7.8727759351 8.0023053528 8.0198164217 8.060142907 8.1696243028 8.2078039881 8.2460183707 8.3804938976 8.4103809455 8.4521579678 8.578981143 8.5964005448 8.6525463917 8.7136295638 8.8370794537 8.8651394799 9.0410658775 9.0787592005 9.1832505568 9.8570219856 10.6098529088 10.7592142783 11.0204718272 16.0284949088 16.1280338119 16.1635215615 16.3268665716 16.3927809792 16.4494558188 24.1862541428 24.2191319074 24.5680703257
393 2.5198573381 2.6876028936 2.7473345815 3.0154711539 3.1868056034 3.3307024755 3.3816089338 3.4362650027 3.6399043366 3.7942150393 4.0603755598 4.160963268 4.2314046625 4.4593553585 4.4703400417 4.5772848046 4.8217787484 4.9088027121 4.9320398029 4.9421524747 5.0626841058 5.079287545 5.0831289372 5.1504562034 5.234856598 5.3159652629 5.3289076827 5.4413304235 5.4844416369 5.5292175389 5.5618691161 5.6148040033 5.6759931958 5.6913288555 5.7136117294 5.810275101 5.8757308071 5.8881053519 5.8922329115 5.9197640617 6.000284024 6.0192058757 6.032339903 6.1556074108 6.1831786534 6.3763335763 6.3893965733 6.4374201431 6.4782598771 6.5604067466 6.5692702494 6.5776934168 6.6956545372 6.7121793068 6.7999973066 6.8548317414 6.8885998906 6.9288552062 6.9561378208 6.9640868811 7.1592655885 7.179263995 7.232876666 7.2701158113 7.3982223251 7.4605910793 7.5260559833 7.592186264 7.6630539107 7.72520254 7.7292394016 7.7686868752 7.8198773739 7.8688879212 8.0071595204 8.0245679848 8.074663207 8.1704654421 8.2122085567 8.2557367667 8.3906948374 8.414992909 8.4552920753 8.5831432554 8.5971995626 8.6569515804 8.7177418432 8.8415180416 8.8715911776 9.0388039324 9.0815633005 9.1874700139 9.8619834792 10.6087892144 10.7619938211 11.0270288064 16.0277198021 16.1290196692 16.1637604365 16.3282964823 16.3929348343 16.4491157381 24.1852124891 24.2185320487 24.5674934834
394 2.5091886073 2.6742982284 2.7351345212 3.0052804059 3.1766846287 3.3288343772 3.3751608367 3.4334539691 3.6324023132 3.7850764841 4.0565021382 4.15735038 4.2515977451 4.4721952787 4.4908040872 4.5853617977 4.8038901081 4.9026963883 4.9292155231 4.943338839 5.0502487068 5.0696082285 5.0741658033 5.1521316037 5.2310789372 5.3087316919 5.3149014861 5.4440800795 5.4744720564 5.5195979689 5.5610147527 5.6150466068 5.6824812038 5.6937085999 5.7130772023 5.8195666434 5.8752033454 5.8850965246 5.9052714414 5.9289676112 6.0074352964 6.0370015535 6.0526459646 6.1635265952 6.1949140999 6.3699450636 6.3846976109 6.4419764623 6.4781017497 6.54513698 6.5529735022 6.555295443 6.6962322033 6.7030088499 6.8021337853 6.841628106 6.8815468996 6.9154929844 6.9537512569 6.965878841 7.1467237818 7.1738391495 7.2221601531 7.2744548299 7.3960970247 7.4493327126 7.5227428245 7.5936550247 7.6501294623 7.7277689439 7.7284002255 7.7647784914 7.8194548539 7.8657576298 8.0118623004 8.0291936232 8.0886032799 8.1709778583 8.2156987195 8.2657621035 8.4010340522 8.4189127453 8.4582421819 8.5869134765 8.5981757919 8.6609728618 8.7215610033 8.845599989 8.8775320352 9.0361272738 9.0848265602 9.191391306 9.8665971622 10.6078120679 10.764629851 11.0332236358 16.0269858948 16.1300039803 16.1639400479 16.3296535003 16.3931164876 16.4487591123 24.1842240799 24.2179627027 24.5669458413
395 2.4991486465 2.6615624372 2.7235650433 2.9956242203 3.167396524 3.3276247108 3.3693595336 3.4316855283 3.6252705312 3.7760748584 4.052237776 4.1538450019 4.271729364 4.4852659553 4.5107516515 4.5937168102 4.7861539439 4.8940220443 4.9251589757 4.9440327205 5.0313511056 5.0629691641 5.0709364519 5.1549122394 5.2258474271 5.3006487962 5.3034698441 5.4472133577 5.4652727643 5.5096683405 5.5602419679 5.6155299639 5.6893374738 5.6938780445 5.7127327542 5.8284628926 5.8701558126 5.881013096 5.9203161492 5.9423529377 6.0174602106 6.0552156915 6.0733824784 6.1713997456 6.2044751767 6.3636301614 6.3802999961 6.4456804852 6.4796052583 6.5289190899 6.5342798508 6.5364392136 6.6935331822 6.6977700205 6.8035469295 6.827151881 6.8764194474 6.9018313552 6.9510439206 6.9682942222 7.1324014045 7.1691627663 7.2142244968 7.2791991456 7.3944059786 7.4377133152 7.5190383552 7.5957781977 7.6373246717 7.7264906285 7.729878675 7.7612911657 7.8190005258 7.8635382148 8.0163087349 8.0336985943 8.1019118348 8.1712487445 8.2184093369 8.2759044461 8.4113212371 8.4220503361 8.4610745076 8.5902978941 8.5992989889 8.6646158214 8.7250822172 8.8493310025 8.8829688233 9.0333433668 9.0882276421 9.1950169134 9.8708641196 10.6069188194 10.7671124001 11.0390377972 16.0262957464 16.1309783861 16.1640638611 16.330932365 16.3933207823 16.4483915959 24.1832927417 24.2174260981 24.5664295669
396 2.4897693687 2.6494847444 2.7126905336 2.9865536767 3.1589318871 3.326975674 3.3641659428 3.4308331983 3.6185450006 3.7672969627 4.0478685303 4.1504906096 4.2914600649 4.4984778672 4.5300342068 4.6023049381 4.7688061169 4.882470185 4.9207001363 4.9440532965 5.0120664997 5.0596360997 5.0675689012 5.1581991782 5.2196896658 5.2918272419 5.2944378624 5.450704498 5.4570151387 5.4997335071 5.5594128013 5.6161530652 5.6920768748 5.6962415995 5.7125747234 5.8369018596 5.8631262059 5.8775071897 5.9359961904 5.9580392705 6.0291068688 6.0736438711 6.0943813131 6.1791311638 6.2110000191 6.357533235 6.3774441424 6.4485910803 6.4801855536 6.5119212035 6.5166116259 6.5199707825 6.6837882742 6.6997389278 6.8042268299 6.8119401828 6.8734025722 6.8883463662 6.9479248216 6.9705101282 7.1168683835 7.1653054039 7.2086810883 7.2843103726 7.3931493248 7.4258997195 7.5148070063 7.5985012496 7.625022075 7.7252280087 7.7296232615 7.7582650417 7.8185629757 7.8622565204 8.0204269117 8.0380746313 8.1145471995 8.1713487401 8.220446937 8.2860074428 8.4213871975 8.4243391134 8.4638416202 8.5933054465 8.6005341927 8.6678896243 8.7283024613 8.8527178683 8.887910058 9.0306223399 9.0915823541 9.1983488805 9.874785406 10.6061069559 10.7694321071 11.0444538498 16.0256517517 16.1319339528 16.164136206 16.3321281149 16.3935421087 16.4480192139 24.1824220757 24.2169243343 24.5659467035
397 2.481082161 2.6381505424 2.7025698469 2.9781157851 3.1512782965 3.3267910629 3.3595446298 3.4307627173 3.6122601616 3.7588286566 4.0435771742 4.147323755 4.3105423014 4.5117440606 4.5484852585 4.6110968387 4.7520158963 4.8684145345 4.9164374839 4.9429487854 4.9940735972 5.0591257652 5.0629389124 5.1616954205 5.2134109652 5.2824031664 5.2872488058 5.44981381 5.4545210954 5.4900496487 5.5584024822 5.6168433521 5.6890027135 5.7029435489 5.7121922174 5.8444644752 5.8553228075 5.8756463907 5.9519156322 5.9750285995 6.0414281638 6.0920773643 6.1154544831 6.1866701801 6.2138450942 6.3517707708 6.3770211647 6.4504427968 6.4745305438 6.4943438983 6.5037650077 6.5074489222 6.6738763884 6.7016657641 6.7963331294 6.8045024716 6.8723837548 6.8753170329 6.944302408 6.9721460048 7.1007890502 7.1622955736 7.2050582628 7.2897343107 7.3923399577 7.4140474483 7.5099045298 7.6017816683 7.6135355512 7.7238895543 7.7277154981 7.7557234875 7.8182045273 7.8618231006 8.0241744164 8.0422972722 8.1264752111 8.1713330226 8.2218883784 8.2959467627 8.4257504986 8.4310821211 8.4665683591 8.5959478242 8.6018430943 8.6708061183 8.7312205924 8.855768283 8.892365701 9.0280562664 9.0947845871 9.2013888259 9.8783620316 10.6053741117 10.7715802476 11.0494555005 16.0250561345 16.1328611539 16.1641623153 16.3332361074 16.3937744742 16.4476482964 24.1816154443 24.2164593734 24.5654991625
398 2.4731174482 2.6276402564 2.6932562916 2.9703534033 3.1444211732 3.3269766849 3.35546332 3.4313338339 3.6064491337 3.7507565061 4.039485362 4.1443755595 4.328777147 4.524977455 4.5659080829 4.6200822419 4.7359143038 4.8527107662 4.9125730426 4.9396476991 4.9788275088 5.0569081428 5.0607239253 5.1652386026 5.2077742907 5.2725321275 5.281251229 5.4437260497 5.4585867044 5.4808680389 5.5571044498 5.6175488898 5.6852862443 5.7092564323 5.7112936075 5.8474387653 5.850072559 5.8767135167 5.9678555841 5.9926907212 6.0537386754 6.1103100024 6.1363526931 6.1940232634 6.2129114246 6.3464228892 6.3792586867 6.4479380062 6.4648475949 6.4764273731 6.4879370497 6.5076235852 6.6639788314 6.7031506077 6.7805513867 6.8049722003 6.8629620841 6.8729813145 6.9400845031 6.9730540757 7.0847560344 7.1601126086 7.202963655 7.2953953906 7.3920074508 7.4023080792 7.5041985126 7.6031259058 7.6055841259 7.7224472007 7.724328488 7.7536623202 7.8179701577 7.8620721378 8.0275328188 8.0463272866 8.1376678626 8.1712434937 8.2227868435 8.3056209605 8.4263005825 8.440273014 8.4692458477 8.5982394302 8.603185428 8.6733791018 8.7338373519 8.8584906477 8.8963468201 9.0256948838 9.0977708154 9.2041379682 9.8815949506 10.6047180799 10.7735487621 11.0540276687 16.0245109432 16.1337498702 16.1641483427 16.3342520369 16.3940115934 16.4472853946 24.1808759591 24.2160330325 24.5650887154
399 2.465904262 2.6180284359 2.6847976756 2.9633052065 3.1383446014 3.3274409792 3.3518926471 3.432401939 3.6011438326 3.7431690183 4.0356773862 4.1416726672 4.3459877397 4.5380884849 4.5820662333 4.6292693602 4.7206082745 4.8362638589 4.9091214496 4.9324344645 4.9682710496 5.0496715198 5.0637746008 5.1687323542 5.2032637742 5.262386213 5.2759263651 5.4387504531 5.462529191 5.4726909216 5.5554371775 5.618232198 5.6813481626 5.7098325437 5.7150467836 5.8399002119 5.8527834375 5.8816067139 5.9836155254 6.0105684449 6.0655107546 6.1281378309 6.1566210143 6.2012588407 6.2088946668 6.341530187 6.3835363579 6.4350192492 6.4583983147 6.4630694562 6.472604903 6.5112364581 6.6543687841 6.7039121816 6.7647480063 6.8062821444 6.8514750764 6.8746946412 6.9351829712 6.9732316037 7.0692626164 7.1586865113 7.2021049614 7.3011908377 7.3908370103 7.3922021855 7.4976012786 7.5939885363 7.6098760837 7.7196987198 7.7209216615 7.7520474124 7.8178710123 7.8628091481 8.0305003892 8.050115415 8.1481022766 8.1711112835 8.2231781527 8.3149416004 8.4260465907 8.4488410703 8.4718364795 8.6001973557 8.6045203622 8.6756236639 8.736155281 8.8608938308 8.8998652138 9.023564779 9.1005011294 9.2065971636 9.8844850511 10.6041368228 10.7753302813 11.0581565435 16.0240180452 16.1345894217 16.1641013452 16.3351719524 16.3942470016 16.4469371739 24.1802064698 24.2156469773 24.564716987
400 2.4594698248 2.6093830457 2.6772363905 2.9570056891 3.1330320993 3.3280958883 3.3488060775 3.4338198405 3.5963749341 3.7361572561 4.032213828 4.1392378812 4.3620010282 4.5509829097 4.5966881207 4.6386682868 4.7061880243 4.8198270573 4.9060629264 4.9211378935 4.962769785 5.0416192545 5.0677590399 5.1721186282 5.2000455868 5.2521530004 5.2709608204 5.4348295504 5.4621260936 5.4698278159 5.5533520311 5.6188661293 5.677462578 5.7079191599 5.7202245661 5.8329773427 5.8533459315 5.8893736761 5.9989707691 6.0282919125 6.0763069831 6.1453514753 6.1747127536 6.2039740907 6.2084949286 6.3371012962 6.3881210763 6.4189897024 6.440454161 6.4579335372 6.4653170611 6.515540052 6.6454174935 6.7038419429 6.7490472564 6.8089101529 6.8410289019 6.8770390904 6.9295270315 6.9727723587 7.0547262508 7.1579057918 7.2022539805 7.3069851886 7.3798016167 7.3929986979 7.4901059379 7.5862300181 7.6146236785 7.7140888913 7.7193664415 7.7508215865 7.8178885979 7.8638465209 8.0330848151 8.0536081887 8.1577595873 8.1709591484 8.2230860016 8.3238237406 8.4250777942 8.4566794151 8.474285851 8.6018412992 8.605807829 8.6775555536 8.7381785315 8.8629869017 8.9029330094 9.0216796199 9.1029492189 9.2087669554 9.8870331469 10.6036284831 10.7769181494 11.0618296354 16.0235791234 16.1353686512 16.1640292132 16.3359922737 16.3944741916 16.4466102864 24.179609554 24.2153027152 24.5643854486
401 2.4538391586 2.6017649245 2.6706095141 2.9514851845 3.12846733 3.3288579967 3.3461799369 3.4354400273 3.5921716699 3.7298145906 4.0291395987 4.1370906061 4.3766336354 4.5635594595 4.6095048891 4.648238843 4.692729872 4.8039973138 4.9033872109 4.9079841745 4.9602992475 5.0332463334 5.0722737172 5.1753684844 5.1980503822 5.2420353567 5.2662269355 5.4318587919 5.4558649985 5.4738335126 5.5508423275 5.6194313669 5.6738183316 5.7057345495 5.7247338815 5.8268414701 5.8530319935 5.8984301296 6.0136548654 6.0455274529 6.0857607032 6.1617204494 6.1824723891 6.2070247306 6.215859508 6.3331374307 6.3874750853 6.408204293 6.4227795689 6.4441452621 6.4684593677 6.5197055353 6.6375827827 6.7030218832 6.7335796 6.813070557 6.8317708289 6.8795890822 6.9230935803 6.9718313047 7.041508697 7.1576314232 7.2032056687 7.3126071776 7.3693898959 7.3944956794 7.4818075299 7.5798560937 7.6197871317 7.7077585737 7.7178507114 7.749916809 7.8179889199 7.8650218345 8.035297544 8.0567528785 8.166623138 8.1708035574 8.2225266944 8.332175803 8.4235084501 8.4636914697 8.4765349954 8.6031933327 8.6070097388 8.6791905628 8.7399125668 8.8647788422 8.905562243 9.0200457637 9.1050969731 9.210647629 9.8892399702 10.603191394 10.7783064448 11.0650358216 16.0231956718 16.1360760808 16.163940523 16.3367098056 16.3946867727 16.4463112201 24.1790875079 24.21500159 24.5640954127
402 2.4490347238 2.5952273801 2.6649489187 2.9467698946 3.1246347493 3.3296499286 3.3439934874 3.4371177498 3.5885614469 3.7242353416 4.026488771 4.1352471683 4.3896806597 4.5757068245 4.6203238339 4.6578010702 4.6802942685 4.7892740899 4.8948903061 4.9010963254 4.9591762736 5.025075866 5.0769816993 5.1784832107 5.1970767338 5.2322507485 5.2617384302 5.4297013214 5.4497792368 5.4786657381 5.5479547827 5.61991501 5.6705520831 5.7034794149 5.7285448252 5.8215962888 5.8525014122 5.9077212157 6.0273483237 6.0619420646 6.0935941725 6.1764423 6.1769676662 6.2221163809 6.2234193151 6.3296795489 6.3755672402 6.4055723285 6.4086497844 6.4315211984 6.4718214582 6.5234654141 6.631364333 6.7016799885 6.7185185818 6.8187421027 6.8238166354 6.8819339849 6.9159736997 6.970595313 7.0299181524 7.1577132122 7.2047464782 7.3178529131 7.3598192131 7.3968076305 7.4728971068 7.5747863028 7.6253139675 7.7009513687 7.7164449712 7.7492658166 7.818135194 7.8662034723 8.0371502691 8.0595008213 8.1706563862 8.1746748368 8.2215148604 8.3398870668 8.4214781945 8.4697900862 8.4785288711 8.6042773923 8.6080910461 8.680543921 8.741363756 8.8662782465 8.9077644349 9.0186654507 9.1069314866 9.2122392718 9.8911061661 10.6028240891 10.7794899983 11.0677653852 16.0228689919 16.1367001672 16.1638442908 16.3373217516 16.3948786491 16.4460461311 24.1786423382 24.2147447766 24.5638480274
403 2.4450760969 2.5898158927 2.660281376 2.9428819216 3.1215201821 3.3304019564 3.3422290161 3.438715158 3.5855693013 3.7195121183 4.0242875056 4.1337210523 4.4009088508 4.5872990953 4.6290831412 4.666965084 4.6689182553 4.7761234903 4.8828988813 4.8991994406 4.9586464381 5.0176065166 5.0815665495 5.1815030914 5.1968647253 5.2230274735 5.2576100616 5.4282057451 5.444589493 5.4835287618 5.5448060629 5.6203097279 5.6677648193 5.7013458554 5.7316465419 5.8172970556 5.8519976298 5.9165375479 6.039668795 6.077179465 6.0996550328 6.1672104575 6.1907341421 6.2310828715 6.2391065537 6.3268802982 6.3603658126 6.38907741 6.4120838283 6.4203981059 6.4750430366 6.5267590822 6.627210367 6.7001078064 6.7041269609 6.8172480629 6.825755135 6.8835193131 6.9085370188 6.9692588043 7.0201986154 7.1580049559 7.2066337087 7.3225001767 7.3513433888 7.4000405912 7.4636374831 7.5708902955 7.6311257861 7.6939009736 7.7152120169 7.7488096557 7.818295026 7.8672895073 8.0386531902 8.0618093249 8.1705262098 8.1818869006 8.2200732131 8.3468107488 8.4191620423 8.4748975283 8.4802206327 8.6051183774 8.6090206523 8.6816297099 8.7425388763 8.867493021 8.9095501755 9.0175386948 9.1084433558 9.2135418332 9.8926322874 10.6025253111 10.7804644092 11.0700100489 16.0226001905 16.1372296723 16.1637496076 16.3378257252 16.3950442102 16.4458206615 24.1782757549 24.214533277 24.563644272
404 2.4419796897 2.5855679015 2.6566286527 2.9398392996 3.1191113227 3.331053738 3.3408719186 3.4401065526 3.5832172178 3.7157318284 4.0225558114 4.1325230796 4.4100581688 4.59818554 4.6358234243 4.6586073907 4.6751522504 4.7650298782 4.8726848642 4.8977082621 4.95839495 5.0112826614 5.0856992635 5.1845222288 5.1971340686 5.2145928465 5.2540264465 5.4272236582 5.4404504333 5.4880994934 5.5416087497 5.620612986 5.6655305049 5.6995022105 5.7340412104 5.81396471 5.8515972145 5.9242764297 6.0501623731 6.090845952 6.1039475825 6.1577933811 6.2025421191 6.2384921243 6.2552620449 6.3250873739 6.3455734524 6.3736421479 6.4111550197 6.4148174821 6.4778034108 6.5295733647 6.6253669764 6.6908294259 6.6985859705 6.8121150978 6.8338713402 6.8832035189 6.9018733208 6.968004376 7.0125208848 7.1583762143 7.2085876106 7.3263352481 7.3442536414 7.4042418907 7.4543484645 7.5680272325 7.6370861269 7.6868635886 7.7142028761 7.7485009423 7.8184429801 7.8682039641 8.0398144043 8.0636426667 8.170419222 8.1882012651 8.2182542683 8.3527419104 8.4167891992 8.4789463005 8.4815729762 8.6057407795 8.6097721472 8.6824603158 8.7434445577 8.8684300957 8.9109287365 9.0166644421 9.1096256916 9.2145551817 9.8938187913 10.6022940201 10.7812260583 11.0717630029 16.0223901762 16.1376541536 16.1636651538 16.3382197598 16.3951785251 16.4456397548 24.1779891655 24.214367916 24.563484953
405 2.4397585147 2.5825126547 2.654007591 2.9376560232 3.1173981541 3.3315560617 3.3399107678 3.4411845109 3.5815233781 3.7129706012 4.0213085795 4.1316615407 4.4168574013 4.6081469159 4.6406080789 4.6493657199 4.681692385 4.7565188832 4.8648209768 4.896634014 4.9582799534 5.0064764647 5.0890283571 5.1877046357 5.1976036004 5.2071461777 5.2512140565 5.4266246402 5.437442832 5.4919954069 5.538707437 5.6208259115 5.6639012614 5.698084896 5.7357385353 5.8115982455 5.8513163475 5.9303632223 6.0583023377 6.1024756119 6.1066407971 6.1491545268 6.2117797256 6.2449397145 6.269744973 6.3248557566 6.3321378142 6.3598298233 6.4041825673 6.4163700002 6.4798580796 6.5318211177 6.6256566311 6.6793544103 6.6973415012 6.8084424885 6.842824254 6.879095656 6.8979448266 6.9669880941 7.0069876487 7.1587202097 7.2103019785 7.329184115 7.338865139 7.4092964824 7.4454518656 7.5660738612 7.6429070006 7.6802147686 7.7134559421 7.7483043154 7.8185606544 7.8688926448 8.0406398744 8.0649726294 8.1703398374 8.1934728541 8.2161979317 8.3573966648 8.4146626047 8.4818806996 8.4825579863 8.606166873 8.6103243987 8.6830459389 8.7440867125 8.8690951637 8.9119077248 9.0160412988 9.1104735406 9.2152791563 9.8946660363 10.6021293999 10.7817721195 11.0730189274 16.0222396582 16.1379645494 16.1635986177 16.3385023174 16.395277528 16.4455074774 24.1777836699 24.2142493383 24.5633707011
406 2.4384220006 2.5806711077 2.652430174 2.936342071 3.1163732797 3.3318724458 3.339337366 3.4418662814 3.58050142 3.7112882265 4.0205561631 4.1311422924 4.4210577066 4.6166161276 4.6414931031 4.6434735456 4.6859420246 4.7511232016 4.8598309173 4.8959856548 4.9582326053 5.0034722801 5.0912077117 5.1912875308 5.1980150155 5.2008136074 5.2494041793 5.426307734 5.4356182456 5.4947072519 5.5365960551 5.6209516004 5.6629111217 5.6971938727 5.7367504986 5.8101862856 5.8511519509 5.9342745794 6.0635210582 6.1080355708 6.111264881 6.1421840342 6.2177474034 6.2494330452 6.2815196005 6.3210406984 6.326544744 6.348767072 6.3998320175 6.4170133009 6.481095228 6.5333097054 6.6271547217 6.6710078811 6.6965335357 6.8062385932 6.852314168 6.8713790545 6.8967566337 6.9663287693 7.0036520563 7.1589584717 7.2114810181 7.330931787 7.335479537 7.4145919371 7.4377733779 7.5649386294 7.6478456459 7.6747565762 7.712997586 7.7481956335 7.818635848 7.8693195141 8.041133623 8.0657788281 8.1702910453 8.1973100761 8.2142916472 8.3604202931 8.413150509 8.4831564518 8.4836588064 8.6064146549 8.6106619994 8.6833941808 8.7444700066 8.8694924612 8.9124927933 9.0156679933 9.1109835473 9.2157136094 9.8951742799 10.6020308637 10.7821005679 11.0737740103 16.0221491441 16.1381537978 16.1635560785 16.3386722946 16.395338183 16.4454268608 24.1776600564 24.2141780063 24.5633019685
407 2.4379758584 2.5800558577 2.6519035726 2.9359034229 3.1160321642 3.3319804349 3.3391467809 3.4420995155 3.58015981 3.7107230296 4.020304682 4.1309688234 4.4224797616 4.6208729517 4.6374684857 4.6444287476 4.6874192352 4.7492689735 4.8581160113 4.8957688852 4.9582201162 5.0024502422 5.0919686135 5.1952808526 5.1958675792 5.198176323 5.2487776686 5.4262093316 5.4350067286 5.4956956137 5.5358083074 5.6209930838 5.662579056 5.6968900475 5.7370866194 5.809717211 5.8510980084 5.9356261792 6.0653285139 6.1084522799 6.1149885155 6.1390753063 6.2198237683 6.251054285 6.2869954249 6.3158011602 6.3283004399 6.3436947731 6.3983517637 6.4171644383 6.4815043714 6.5338347562 6.6280542184 6.6678045879 6.6962542267 6.8055041391 6.8612446137 6.8628333263 6.8965721457 6.9661005902 7.0025379383 7.1590432316 7.2119020035 7.3315199143 7.334322707 7.4175289674 7.4340298726 7.5645663314 7.650043695 7.6723816161 7.7128431286 7.7481609278 7.8186616558 7.8694640269 8.041297956 8.0660489362 8.1702745896 8.1988249976 8.2134206782 8.361476654 8.4125971028 8.4833571668 8.4842544745 8.6064958841 8.6107755807 8.6835097328 8.7445974284 8.8696245996 8.9126874241 9.0155436598 9.1111537628 9.2158584392 9.8953436771 10.6019980577 10.7822101861 11.0740259596 16.0221189388 16.1382173967 16.1635414483 16.3387290276 16.3953586131 16.4453997775 24.1776187992 24.2141541981 24.5632790274
408 2.4379758584 2.5800558577 2.6519035726 2.9359034229 3.1160321642 3.3319804349 3.3391467809 3.4420995155 3.58015981 3.7107230296 4.020304682 4.1309688234 4.4224797616 4.6208729517 4.6374684857 4.6444287476 4.6874192352 4.7492689735 4.8581160113 4.8957688852 4.9582201162 5.0024502422 5.0919686135 5.1952808526 5.1958675792 5.198176323 5.2487776686 5.4262093316 5.4350067286 5.4956956137 5.5358083074 5.6209930838 5.662579056 5.6968900475 5.7370866194 5.809717211 5.8510980084 5.9356261792 6.0653285139 6.1084522799 6.1149885155 6.1390753063 6.2198237683 6.251054285 6.2869954249 6.3158011602 6.3283004399 6.3436947731 6.3983517637 6.4171644383 6.4815043714 6.5338347562 6.6280542184 6.6678045879 6.6962542267 6.8055041391 6.8612446137 6.8628333263 6.8965721457 6.9661005902 7.0025379383 7.1590432316 7.2119020035 7.3315199143 7.334322707 7.4175289674 7.4340298726 7.5645663314 7.650043695 7.6723816161 7.7128431286 7.7481609278 7.8186616558 7.8694640269 8.041297956 8.0660489362 8.1702745896 8.1988249976 8.2134206782 8.361476654 8.4125971028 8.4833571668 8.4842544745 8.6064958841 8.6107755807 8.6835097328 8.7445974284 8.8696245996 8.9126874241 9.0155436598 9.1111537628 9.2158584392 9.8953436771 10.6019980577 10.7822101861 11.0740259596 16.0221189388 16.1382173967 16.1635414483 16.3387290276 16.3953586131 16.4453997775 24.1776187992 24.2141541981 24.5632790274
409 2.4305085001 2.5600103126 2.6743264219 2.9414841492 3.1079352999 3.2936701066 3.3745406542 3.4531357697 3.5789744364 3.7122302766 4.0197858285 4.1318812098 4.4206554797 4.6178244052 4.6315293032 4.6482916054 4.6908883716 4.7397645091 4.8660920144 4.8947563586 4.9589705972 5.0026168994 5.0907944094 5.1917958811 5.19522825 5.2042839856 5.2506877339 5.4260932039 5.4341089444 5.4959973315 5.5340889622 5.622672993 5.6624491616 5.6963539997 5.7370299533 5.8104338361 5.8508116552 5.9360162781 6.065722372 6.1083909111 6.1147489868 6.1392633495 6.2189045079 6.2515619554 6.287630346 6.3150390459 6.3289968775 6.3435256473 6.3976628534 6.4172824329 6.4804501951 6.5341798958 6.6280675696 6.6676631245 6.696816585 6.8048720802 6.8607796423 6.8615722884 6.8966952068 6.955431218 7.0155896025 7.1589796803 7.2111786016 7.3309883342 7.3337588691 7.4176253867 7.4348048195 7.5644841635 7.6499472133 7.6709735753 7.713169472 7.7472784507 7.8208377198 7.8694982618 8.0414323378 8.0640734036 8.1701193458 8.1989980196 8.2150554601 8.3616955623 8.4123907635 8.4827903863 8.4841457291 8.6063178158 8.6112088726 8.6830732248 8.7443875358 8.8695278897 8.9130053875 9.0155777199 9.1107297081 9.2154935692 9.8942239175 10.6025887707 10.7832140779 11.0755438977 16.0221369317 16.1383099141 16.1636473341 16.3387703922 16.3954434877 16.4454804113 24.1777125317 24.214064914 24.5631276028
410 2.4094008364 2.5247289123 2.7162035805 2.9574680468 3.0858793556 3.2498201041 3.4117136463 3.4819367743 3.5755955674 3.7165608409 4.0183032741 4.1345533564 4.4153579016 4.6088225085 4.6204831905 4.6548834751 4.6993316221 4.716622489 4.8846306399 4.8919118051 4.9610355503 5.0030894107 5.0874168333 5.1889177172 5.1950901051 5.213133044 5.2562858902 5.4257541977 5.4314308326 5.4968935551 5.5296088362 5.6266561486 5.6620610119 5.6952842213 5.7368321488 5.8124810623 5.8499619382 5.937154356 6.0668930704 6.1081996414 6.1140288352 6.1398363534 6.2162783074 6.2530388042 6.2894018823 6.31308525 6.3307656772 6.3430189396 6.3957230026 6.4175470721 6.4773767052 6.5351698752 6.6281217924 6.6672516484 6.6984234736 6.8030197656 6.8540056402 6.8625210754 6.8970589316 6.9395195166 7.0392696438 7.1587725078 7.2090696863 7.329250479 7.3322332329 7.4179023918 7.4370799712 7.5641864223 7.6496745576 7.6668983563 7.7141324574 7.7450748503 7.8267986529 7.8696046675 8.0417593902 8.0585386644 8.1696590981 8.1995097588 8.2196586373 8.362350067 8.411767808 8.4810964796 8.483840727 8.6057853009 8.6124921097 8.681786612 8.7437448379 8.869253983 8.9139358498 9.0156797182 9.1094679184 9.214408594 9.8908932487 10.6043554381 10.7862139625 11.0800696676 16.0221908803 16.138587086 16.1639641573 16.3388943667 16.3956981813 16.4457219804 24.1779924534 24.213798093 24.5626741388
411 2.3779022014 2.4873919297 2.7629481729 2.9820121456 3.0542989385 3.2047096799 3.4499239517 3.5205280885 3.5704651262 3.7232301302 4.0160573332 4.1388125972 4.4070426317 4.5942672104 4.6072946838 4.6635593435 4.6866961859 4.7099295874 4.8876980451 4.9068165784 4.9639724889 5.003807191 5.0822257752 5.1881635296 5.1949141585 5.2234284187 5.2652025858 5.4252189825 5.4270394863 5.4983589694 5.5237622315 5.6303939574 5.6614192288 5.6951932215 5.736463989 5.8155943039 5.8485797803 5.9389470039 6.0688057599 6.1078539944 6.11282621 6.1408184779 6.2122704039 6.2553405735 6.291979095 6.3104531916 6.3331371247 6.3421766623 6.3928211132 6.4177768629 6.4725354457 6.5366756469 6.6282580681 6.6665963883 6.7008622984 6.8000615396 6.841477595 6.8640052669 6.8976473626 6.927736503 7.0652673472 7.1583681635 7.2057538326 7.3260406805 7.3300751976 7.4183255457 7.4407156076 7.5635193719 7.6492727388 7.6606006739 7.7156873372 7.7423893882 7.8353396197 7.8697942091 8.0415712632 8.050928319 8.1689087776 8.2003397468 8.2264975265 8.3634333429 8.4107179725 8.4782959046 8.4833990045 8.6049032344 8.6145780466 8.6797149127 8.7426345723 8.8688443713 8.9154151377 9.0158491093 9.1073994859 9.2126317375 9.8854354089 10.6072818232 10.7911749051 11.0875210928 16.0222806926 16.1390477723 16.1644894262 16.3391005931 16.3961228965 16.4461234898 24.178454648 24.2133569171 24.5619210624
412 2.3396780365 2.4492987335 2.811697931 3.0130129319 3.0168881674 3.1589983319 3.4901334696 3.5635897936 3.5641096832 3.731637475 4.0133257663 4.144429443 4.3962926161 4.5747372655 4.5929302877 4.6531533475 4.6742238555 4.7211482455 4.8826451832 4.9293459605 4.9672874287 5.0047375688 5.0757484654 5.189389586 5.1947590392 5.2348328693 5.2768870138 5.421103771 5.4245277178 5.5003557232 5.5177521539 5.6311647549 5.6605315877 5.6979043032 5.7359993171 5.8194370502 5.8467285405 5.9412499418 6.0713943118 6.1072968413 6.1111539971 6.1422433067 6.207267092 6.2582034114 6.2949637183 6.3074921586 6.3358634034 6.3410021772 6.3892708129 6.4178223557 6.466302099 6.5385041871 6.6285401258 6.6657131129 6.7038482063 6.796145012 6.8235453433 6.8659242084 6.8984352762 6.9213685034 7.0919958063 7.1576635738 7.2015157299 7.3213572036 7.3273798942 7.4188432814 7.4455058345 7.5622298205 7.648810391 7.6527762367 7.7177693266 7.7397999896 7.8453247577 7.8700846949 8.0359259852 8.047098177 8.1678891158 8.2014579988 8.2347273547 8.3649334085 8.4092290464 8.4744266487 8.4829071299 8.6036791442 8.6173958839 8.6769557782 8.7410111878 8.868348714 8.9173550805 9.0160849905 9.1045760589 9.2102078722 9.8779833247 10.6113414345 10.798040104 11.0977674109 16.0224062107 16.1396900788 16.1652190214 16.3393884729 16.3967179516 16.4466832871 24.1790922696 24.2127470096 24.5608724108
413 2.297581348 2.4103518354 2.8615117106 2.975965832 3.0486533819 3.1130439024 3.5320850082 3.5570072144 3.6086953076 3.7411949471 4.010418185 4.1511662818 4.3836833434 4.5509017875 4.5778540012 4.6172807311 4.6864519272 4.7322480181 4.8772436728 4.9506400217 4.9705445871 5.0059859788 5.0685452897 5.1923705626 5.1946898201 5.2470858735 5.2906556384 5.4139386828 5.4237292802 5.5028382952 5.5123026238 5.6276996541 5.659409133 5.7039709506 5.7357336114 5.8236563883 5.8445362542 5.9438859451 6.0745475719 6.1063673652 6.1091107113 6.1441484064 6.2016272872 6.2611958711 6.2979753366 6.3045151326 6.3388438481 6.3395002046 6.3853574915 6.4176034453 6.4591334172 6.540425634 6.6290453931 6.6645890625 6.707074789 6.7914190606 6.802090837 6.8681932308 6.8993901431 6.91917404 7.1189008438 7.1564855735 7.1967382306 7.3153830091 7.3240746592 7.4193906728 7.4512075512 7.5599835879 7.64425597 7.6483671948 7.7203042093 7.7375070861 7.8559139724 7.8705000563 8.0244795777 8.0482365801 8.1666227551 8.2028288639 8.2435937066 8.3668320257 8.4072932201 8.4695502167 8.4824634788 8.6021221054 8.6208604038 8.673628114 8.738831454 8.8678069258 8.9196596882 9.0163861093 9.1010693636 9.2071956001 9.8687102467 10.6164983105 10.8067328968 11.1106375418 16.0225672048 16.1405113649 16.1661472451 16.3397571656 16.3974837499 16.4473990717 24.1798949781 24.2119770017 24.5595338196
414 2.253433625 2.3705634878 2.911929143 2.9328802527 3.0670558576 3.0875542834 3.5495381571 3.5752707163 3.6547836067 3.751370433 4.007650829 4.1588063156 4.3697131354 4.5234486926 4.5623068347 4.5796620186 4.6997502927 4.7427992432 4.8719378067 4.9694271698 4.9733758993 5.0080515529 5.0611573612 5.1947829004 5.196879022 5.2599875134 5.3057083556 5.4060229379 5.4228769352 5.5057579953 5.5077469677 5.6206300073 5.6580663565 5.7118310589 5.7364586903 5.8278035498 5.842317356 5.9466686723 6.0780886785 6.1045623514 6.1071198912 6.1465745086 6.1956565113 6.2636454433 6.3006744554 6.301970513 6.3376768245 6.3420294505 6.3813379288 6.4170952669 6.4515346308 6.5422034074 6.6298505205 6.6631664892 6.7102228062 6.7790936835 6.7860183852 6.8707578658 6.9004746135 6.9196429721 7.1456810295 7.1545726299 7.1918959089 7.3082857461 7.3201098937 7.4198889284 7.4575660315 7.5564256951 7.635855958 7.6480241553 7.7232179228 7.7354905823 7.8665149064 7.8710693074 8.0115359724 8.0507574527 8.1651315014 8.2044137169 8.2524803386 8.3691028051 8.4049139367 8.4637602939 8.4821629151 8.6002409658 8.6248807787 8.6698624928 8.7360653551 8.8672371968 8.9222370575 9.0167508755 9.0969701454 9.2036637617 9.8578192099 10.622707999 10.8171593332 11.1259298918 16.0227633641 16.1415082555 16.1672668904 16.3402055856 16.398420738 16.4482679071 24.1808479414 24.2110595323 24.5579125066
415 2.208321856 2.3301129717 2.8884228996 2.9626676123 3.0211683477 3.1287206279 3.5419884426 3.6192637847 3.7013388809 3.7616781943 4.0053405185 4.1671625292 4.3547878355 4.4930390646 4.5406047055 4.5464292065 4.7136224123 4.7524972879 4.8671565319 4.9754534167 4.9837450633 5.012405723 5.054103106 5.1951302999 5.2027130599 5.2733852048 5.3210754996 5.3980290648 5.4220253586 5.5041917419 5.509066254 5.6112143619 5.6565214535 5.7184628277 5.7399571004 5.8308254848 5.8410864153 5.9494276945 6.081750009 6.1014577601 6.1055110427 6.1495713621 6.1896118839 6.2646404466 6.3004909684 6.3027582002 6.3355394713 6.3453698926 6.377444049 6.4163098388 6.4440435692 6.5436240363 6.6310115171 6.6613079016 6.7128444429 6.7562071109 6.780061658 6.8735946353 6.9016492155 6.921765142 7.1515983342 7.1721117611 7.187514832 7.3002014151 7.3154741427 7.4202402511 7.4643331745 7.5513084787 7.6282171987 7.6478559038 7.7264437736 7.7336504739 7.8718251653 7.8767001431 7.9981637485 8.0541967005 8.1634350194 8.2061721949 8.2608809642 8.3717082804 8.4021114639 8.457194226 8.4820847096 8.5980417205 8.629367485 8.6657954013 8.7327023986 8.8666317765 8.9250054012 9.0171773755 9.0923862485 9.1996878169 9.8455320953 10.6299186523 10.8292111193 11.1434224856 16.0229942878 16.1426766553 16.1685693288 16.3407323996 16.3995293523 16.4492862363 24.1819301073 24.2100129807 24.5560172497
416 2.1629044363 2.2892384422 2.8430779163 2.9754754506 3.013523851 3.1714386848 3.5345704339 3.6637535196 3.7480674725 3.7716531568 4.003808109 4.1760731147 4.3392336207 4.4602826281 4.5003084003 4.5303135718 4.7275084185 4.7611574542 4.8633347959 4.9764725003 4.9914602401 5.0208170542 5.0478870285 5.1958371467 5.2096983389 5.2871602254 5.3353842226 5.3910128958 5.4212293457 5.5016501472 5.512716477 5.6004696103 5.6547966832 5.7216671216 5.7475170082 5.8307991512 5.8428146045 5.952028666 6.0851518718 6.0973757525 6.1038581625 6.153207196 6.1837122061 6.2633942294 6.3005590447 6.3039601909 6.333096989 6.3487750008 6.3738707973 6.4152868128 6.4372299175 6.5445230728 6.6325417807 6.6587067349 6.7134538707 6.7359266128 6.7736567146 6.8767053751 6.9028749202 6.9249314092 7.1472952015 7.1840399882 7.1979647522 7.2912571548 7.3101869624 7.4203204402 7.4712786845 7.5446570406 7.6216584699 7.647924757 7.7299273313 7.7318751037 7.8728023293 7.8861534053 7.9848879041 8.0585435384 8.1615505734 8.2080623852 8.2683540102 8.3745959171 8.3989257214 8.4500469947 8.4822856299 8.5955239854 8.6342368184 8.6615675857 8.7287531941 8.8659591128 8.9278947391 9.017663389 9.0874396083 9.195346497 9.8320793548 10.6380721689 10.8427687333 11.1628824209 16.0232594744 16.144011767 16.1700446144 16.341336023 16.4008099533 16.4504499005 24.183111195 24.208864479 24.5538583611
417 2.117603715 2.2481732052 2.7971570484 2.9300487929 3.0643303178 3.2151851822 3.5274455869 3.7085180124 3.7808293119 3.7947672261 4.0033807705 4.185387114 4.3233199518 4.4257243657 4.458955045 4.5140282646 4.7405727178 4.7689220037 4.8608886582 4.9761829702 4.994045899 5.0315171159 5.0429740332 5.1970081272 5.2176815244 5.3012160099 5.346207743 5.3870322256 5.420544249 5.500119158 5.5166646484 5.5891031009 5.652918863 5.7226929262 5.7573302366 5.8284639887 5.846893577 5.9543840011 6.0878004209 6.0924976027 6.1018763233 6.1575711794 6.1781424257 6.2598487541 6.301928624 6.3040698815 6.3303599618 6.3520789275 6.3707420887 6.4140924585 6.4316994567 6.5448020104 6.6343942123 6.6546789381 6.7054521663 6.7260902318 6.7669083888 6.8801098428 6.9041153264 6.9287484725 7.1416298035 7.1816572657 7.2228933509 7.2816322732 7.3043162703 7.4199751481 7.4781964481 7.5368532735 7.6161325255 7.6482757186 7.7300644498 7.7336296254 7.8740354552 7.8946435366 7.9721050143 8.0638366656 8.1594932759 8.2100405282 8.2744832482 8.3776935733 8.3954158677 8.4425857837 8.4827984072 8.5926768289 8.6394132618 8.6573254892 8.7242475882 8.8651699566 8.9308461964 9.0182064089 9.0822620515 9.1907190104 9.8176911131 10.6471053347 10.857704527 11.1840739761 16.0235583113 16.1455081121 16.1716816064 16.3420146167 16.4022627494 16.4517541602 24.1843464408 24.207655174 24.5514476543
418 2.0727119257 2.2071235055 2.7508720808 2.8849468166 3.1149292553 3.2595603568 3.5207449963 3.7533951819 3.7887325853 3.8412652072 4.0043835163 4.1949352837 4.3072857407 4.38982922 4.4167923076 4.4976293536 4.7512744653 4.7767645197 4.8601151798 4.9744868706 4.9942379062 5.0397026529 5.0415380573 5.1987201013 5.2265233081 5.3154680773 5.3502022308 5.3890062211 5.4200282839 5.4996027477 5.5208690049 5.5776370857 5.6509200412 5.723248832 5.7673061151 5.8256064196 5.851771203 5.9564528155 6.0868648474 6.0891242095 6.0994336675 6.1627537104 6.1730507938 6.2546156953 6.3029672093 6.3037089132 6.3273416213 6.3550259858 6.3680631768 6.412822838 6.428073654 6.5444317167 6.6364533074 6.6479044981 6.6914335598 6.7259519826 6.7599271348 6.8838386279 6.9053384227 6.9329320847 7.1348282137 7.1802686596 7.2458146135 7.2720348049 7.2980861395 7.4190327045 7.4849084733 7.5285548491 7.6113453481 7.6489318152 7.7281352608 7.7375291796 7.8755569131 7.9020142943 7.9601490747 8.0700965542 8.1572764578 8.2120606625 8.2788523294 8.3809059668 8.3916572557 8.4351592151 8.4836343349 8.5894748068 8.6448302776 8.6532238528 8.71923109 8.8642052839 8.9338103046 9.0188036624 9.0769899678 9.185882938 9.8025900026 10.6569509273 10.8738856593 11.206765048 16.0238900644 16.1471595548 16.1734681043 16.3427660848 16.4038877098 16.4531937187 24.185567621 24.2064492119 24.5487984072
419 2.0284480337 2.1662655373 2.7043747439 2.8402199102 3.165150335 3.3042405654 3.5145900765 3.7948933498 3.7982616194 3.8873761892 4.0071130069 4.2044563542 4.2913698379 4.3529437293 4.3742782728 4.4811673932 4.7576195998 4.7863613259 4.8610465134 4.9715489058 4.9932467214 5.0381874432 5.0495233378 5.2009838488 5.2360933087 5.3298341068 5.3479148546 5.3959404037 5.4197474114 5.5000905939 5.52528908 5.5665032829 5.6488384014 5.7241829894 5.7762070119 5.8231490263 5.8569256241 5.9582322313 6.0805027503 6.0885571103 6.0964423491 6.168541611 6.1688002117 6.2484292165 6.3006476077 6.3049341615 6.3240592291 6.3573327437 6.3656883597 6.4116055117 6.4268879677 6.5434422335 6.637199939 6.6385386268 6.681044707 6.7276031969 6.7528378804 6.8879266099 6.9065182491 6.9372572247 7.1272237419 7.179646926 7.2552600995 7.272356105 7.2928223177 7.4173594028 7.4912678879 7.520516337 7.6069507982 7.6498897858 7.7260212276 7.7416230328 7.8773944809 7.908178399 7.9493061844 8.0773021052 8.1549119661 8.214074476 8.2810421807 8.3841151664 8.3877370084 8.4281878458 8.4847880803 8.5858758809 8.6494267057 8.6504301103 8.7137611163 8.8630044957 8.9367450781 9.0194521345 9.071758114 9.1809128107 9.7869857941 10.6675387614 10.8911767518 11.2307318857 16.0242538698 16.1489593285 16.1753909988 16.3435880715 16.4056844683 16.4547627476 24.1866692577 24.2053475441 24.5459253172
420 1.9849887312 2.1257491126 2.6577795024 2.7959133891 3.2147816253 3.3489427636 3.5091205878 3.7988766701 3.8430179579 3.9328567873 4.0117935955 4.2133331528 4.2758543365 4.3152558553 4.3324185073 4.4646922137 4.759388033 4.7979131566 4.8633821666 4.9678056468 4.9914968516 5.0383217269 5.0550189077 5.2037087535 5.2462667034 5.3431413192 5.344221215 5.4036423744 5.4197849332 5.5015063241 5.5298843228 5.5560892884 5.6467194603 5.7259329342 5.7830309126 5.8219361522 5.8621613082 5.9597437736 6.0734516239 6.0856447781 6.0928385873 6.1646687651 6.175661873 6.2418798685 6.2972108843 6.3048475218 6.3205351448 6.3588504553 6.3633373949 6.4105918899 6.4283867494 6.5419040559 6.6236781779 6.6404159074 6.6752100304 6.7295998351 6.7457885985 6.892405791 6.9076376564 6.9415371072 7.119119246 7.1795762777 7.2452178279 7.2775336688 7.2991552888 7.4149990174 7.4971614214 7.5134140891 7.6027005104 7.6511168877 7.7236728104 7.7459264955 7.8795691861 7.9131059765 7.9398155331 8.08538343 8.152410328 8.2160315219 8.2806658516 8.383749405 8.3871896682 8.4221148616 8.4862429501 8.5818235687 8.6461034045 8.6561630582 8.7079041218 8.8615129082 8.9396142345 9.020148592 9.0666930161 9.1758792632 9.77107169 10.6787966616 10.9094421941 11.255762274 16.024648726 16.1509000661 16.1774364325 16.3444779605 16.4076522193 16.4564549144 24.1874944316 24.2045021289 24.5428444509
421 1.9424858333 2.0857027512 2.6111770734 2.7520693031 3.2635177048 3.3933902398 3.5045489613 3.8003173652 3.8875780354 3.9773274052 4.0185269553 4.2191596853 4.2611423936 4.2776388496 4.293392912 4.4482576711 4.75801397 4.8101459211 4.8665980873 4.9638519881 4.9891574035 5.0398960525 5.0579565502 5.2066915515 5.2569218439 5.3380059748 5.3585041235 5.4097369193 5.4202614761 5.5036624082 5.534612416 5.5467405327 5.6446176242 5.7287272967 5.7869123142 5.8228257091 5.8673419344 5.9610181534 6.065772443 6.0801313411 6.0885811252 6.1614350712 6.1831790083 6.2353767061 6.2928160404 6.3029600022 6.3167969484 6.3596900028 6.3606653043 6.4099327859 6.4323551209 6.5399079841 6.60983479 6.6418111532 6.6722186914 6.7317724924 6.7389568157 6.8972925192 6.9086970706 6.9456156838 7.1107443142 7.1798982329 7.2326524504 7.2710178087 7.3158498413 7.4124395223 7.5025109337 7.5077057394 7.5985212431 7.6525501281 7.7210574571 7.7504711304 7.8820935365 7.9167941705 7.9318770829 8.0942256024 8.1497807935 8.2178799213 8.277448781 8.3797917565 8.3900068336 8.4173029148 8.4879754791 8.5772551894 8.6434170094 8.6619865235 8.7017342942 8.8596879196 8.9423857043 9.0208896088 9.0619066032 9.1708485971 9.7550220451 10.6906513494 10.9285480688 11.2816574265 16.0250734883 16.1529738314 16.1795899704 16.3454328741 16.4097896075 16.4582634112 24.187843748 24.2041069837 24.5395731847
422 1.9010763341 2.0462383627 2.5646427465 2.7087275767 3.310845355 3.4372428334 3.5013102728 3.7989404502 3.931858822 4.0201045925 4.0272531595 4.2093586049 4.2462445798 4.2479256465 4.2643927487 4.4319284152 4.7547299472 4.8219435319 4.8701826739 4.9603014162 4.9863098379 5.0427218332 5.0584683791 5.2096417621 5.2679382061 5.333310206 5.3724788002 5.4133850396 5.4213803337 5.5062864948 5.5387125632 5.5394273803 5.6425981464 5.7325934331 5.7878265181 5.8259671071 5.8723311783 5.9620799178 6.0575431259 6.0719993236 6.0836501972 6.1587994243 6.1911033091 6.2291451227 6.2876302906 6.2990839722 6.312876978 6.3573539748 6.360130063 6.4097392724 6.4381854582 6.5375486639 6.5974167532 6.6424276327 6.6708671051 6.7325494129 6.7341720617 6.9025383908 6.9097599595 6.9493663356 7.1022632385 7.1805064275 7.2190895831 7.2624182903 7.3302812964 7.4109701647 7.5035487329 7.5072731802 7.5945473846 7.6540992829 7.7181595386 7.7553004641 7.8849703605 7.919137288 7.9257547446 8.1036785062 8.1470312936 8.2195676658 8.2713277336 8.3759608868 8.3924871029 8.4139048069 8.4899588866 8.5721154859 8.6415049556 8.6678640254 8.6953344444 8.8575034345 8.9450304854 9.0216715922 9.0574908091 9.1658825873 9.738991245 10.7030292404 10.9483636949 11.3082328713 16.0255268656 16.1551721542 16.1818367764 16.3464496745 16.4120946145 16.4601809853 24.1875472741 24.2043262718 24.5361301379
423 1.8608883395 2.0074550503 2.5182416888 2.6659267535 3.3557516238 3.4794569856 3.5009490653 3.7945583623 3.9757658011 4.0377277549 4.0598043993 4.1734834863 4.216349574 4.2375804183 4.2615408797 4.4157925921 4.7503041738 4.8323863542 4.8739167946 4.9576747974 4.9830030359 5.0466850142 5.0567891552 5.2122349056 5.2791942795 5.3293677197 5.3857547246 5.4144491821 5.4235346812 5.5091472871 5.5320797461 5.5442775985 5.6407394445 5.7372861942 5.7868960403 5.8305106598 5.8769869528 5.9629306168 6.0488512206 6.0614662958 6.0780436456 6.1566896721 6.1991247874 6.2232436576 6.2817955127 6.2933478248 6.3088118446 6.3531823021 6.3604107325 6.4100477655 6.445120869 6.5349136077 6.5873022562 6.6419724908 6.6706711765 6.7267873875 6.7369107707 6.9075953956 6.9113845212 6.9526934596 7.0937931122 7.1813309767 7.2047096176 7.2530301454 7.3388531389 7.4126121303 7.5008336447 7.511437191 7.591127736 7.6556543792 7.7149792865 7.7604633119 7.8881924008 7.9189680456 7.9227136193 8.1135660268 8.1441683632 8.2210446194 8.2625043464 8.3723499694 8.394616291 8.4117960278 8.4921654035 8.5663710817 8.6404555123 8.6737642724 8.6888003136 8.8549522571 8.9475218533 9.0224908086 9.0535138365 9.16103838 9.7231134846 10.7158571442 10.9687628127 11.3353186003 16.0260074187 16.1574860673 16.1841617932 16.3475249658 16.4145644448 16.4621999705 24.1865677998 24.205191072 24.5325350948
424 1.822044578 1.9694420384 2.4720324434 2.623704499 3.3959341668 3.5004031729 3.5247207243 3.7870644476 4.0191558471 4.0494751902 4.0934912969 4.1295408537 4.186513656 4.2330248776 4.2695342681 4.3999908498 4.7452252638 4.8404125908 4.8781319351 4.9563005776 4.9792739777 5.0517412055 5.0531890049 5.2141700803 5.2905652762 5.3262972356 5.3975480069 5.4131522482 5.427514121 5.5121850951 5.5266646131 5.5491040809 5.6391355424 5.742175262 5.7855990222 5.8354587076 5.8811744803 5.9635237581 6.0397864769 6.0489623283 6.0717713358 6.1550167296 6.206782238 6.2177136165 6.2754156692 6.2861565018 6.3046418641 6.3480480902 6.3606375407 6.410812344 6.4524704442 6.5320771495 6.5798184347 6.640201482 6.6715095616 6.7218676264 6.7401190299 6.9100026468 6.9160344023 6.9555355634 7.0854187078 7.1823257265 7.1895731207 7.2430991645 7.3401157641 7.4183634739 7.4993553416 7.5150192646 7.5887989514 7.6570970097 7.7115307703 7.7660053148 7.8917426906 7.9165147962 7.9225527403 8.1236864177 8.1411970722 8.2222652547 8.2514149689 8.3690453798 8.3964086236 8.4106572465 8.494567686 8.5600195389 8.6402835445 8.679660337 8.6822516103 8.8520463338 8.9498349255 9.0233434095 9.0500185766 9.1563683739 9.7075032192 10.7290628687 10.9896244447 11.3627587114 16.0265135612 16.1599061456 16.1865499215 16.3486550984 16.4171954141 16.464312319 24.1850054225 24.2065948331 24.5288089158
425 1.7846644037 1.9322808641 2.4260693128 2.582097949 3.4264200501 3.512005882 3.5647039715 3.7764734257 4.0614830573 4.0616699073 4.084254483 4.1162062756 4.1604736509 4.2392765376 4.2798800121 4.3847957918 4.7398222542 4.8449359705 4.8835787581 4.9562391298 4.9751562329 5.0479310946 5.0578859308 5.2152121831 5.3019208242 5.3241199889 5.4067174454 5.4099176219 5.4344680511 5.5154284988 5.5221645589 5.5538396976 5.6378979866 5.7461686876 5.7853534841 5.8401278078 5.8847859309 5.9637109339 6.0304351529 6.0351330965 6.0648500194 6.1536859886 6.2100782999 6.2160340964 6.2685579432 6.2781131882 6.3004100221 6.3419468754 6.3608144818 6.4119266861 6.4597264067 6.5290979121 6.5748878695 6.6369776402 6.673418541 6.7179071942 6.7439263451 6.9107923217 6.922670971 6.9578693565 7.07720267 7.1737269284 7.1834598989 7.2327230488 7.3353983491 7.4263723017 7.4990768305 7.5180562748 7.5882000897 7.6583134039 7.7078398887 7.7719601141 7.8955956168 7.9148478417 7.9221613765 8.1337908115 8.1381210105 8.2231920221 8.2386613527 8.3661233447 8.3977978795 8.4101842861 8.4971395811 8.5530896587 8.6409000695 8.675859489 8.6855289455 8.8488149918 8.9519465619 9.024225457 9.0470233159 9.1519200151 9.6922561003 10.7425757296 11.0108334798 11.3904107273 16.0270435623 16.1624225476 16.1889861956 16.3498361744 16.4199828448 16.466509635 24.1830046622 24.2083863075 24.5249734352
426 1.7488648036 1.8960469858 2.3804040373 2.5411439583 3.4424218024 3.5351408864 3.6032780322 3.7630975279 4.0385531234 4.0727586196 4.1009531842 4.126872231 4.140987121 4.25905215 4.291101195 4.3708835535 4.7343316501 4.8456722767 4.8905574751 4.9572948103 4.9706832762 5.041251467 5.0651208304 5.2152120019 5.3131232015 5.3227975595 5.4052589722 5.4130153714 5.4446532961 5.5165069911 5.5206690496 5.5584108061 5.6371558923 5.748033074 5.7873140916 5.8440270988 5.8877603887 5.9631025861 6.0208764814 6.0209471088 6.0572999568 6.1526042675 6.2046401046 6.2220389189 6.2612601012 6.2699268927 6.2961602494 6.3349345371 6.3609050637 6.4132565595 6.4666080939 6.5260183817 6.5721117101 6.6323152524 6.676478236 6.7149000282 6.748449686 6.9112155289 6.9300265183 6.9597146359 7.0691922299 7.15722763 7.1847129647 7.2219566844 7.3270552104 7.4334908247 7.5003405516 7.5205984069 7.589916518 7.659206363 7.7039439473 7.7783420754 7.8997184833 7.9143520694 7.921058499 8.1349423657 8.1435045531 8.2237990297 8.2250032725 8.3636464505 8.3985403937 8.4102747313 8.4998564704 8.5456347791 8.6420452648 8.669919783 8.6913498778 8.8453016212 8.9538355727 9.0251329485 9.044524454 9.1477354742 9.6774502438 10.7563269679 11.0322810236 11.4181447273 16.0275955515 16.1650250577 16.1914559505 16.3510640549 16.4229209712 16.468783208 24.1806872054 24.2104368697 24.5210513428
427 1.7147606929 1.8608109391 2.3350870141 2.500879281 3.4473190849 3.5651229289 3.6389894378 3.7480719486 3.9951465559 4.0780234386 4.1145725038 4.1326306107 4.1515713345 4.2863432826 4.3028070757 4.3605592715 4.7289384314 4.8433868449 4.8985469603 4.9591298544 4.9658891173 5.0333543507 5.0734259952 5.214107355 5.3222476251 5.3240272344 5.3996887461 5.4176493519 5.4568687136 5.5124773064 5.5248607924 5.5627435481 5.6370519098 5.7473344933 5.791624756 5.8466791111 5.8900998573 5.9607464968 6.0080100121 6.0111808701 6.0491434663 6.1516824749 6.1979064582 6.2278223279 6.2535397172 6.2623001375 6.2919350379 6.327096364 6.3608669592 6.4146647903 6.4730447174 6.5228654866 6.5708894644 6.6263754381 6.6807224191 6.712720697 6.7537852458 6.9114305546 6.9379159188 6.9611396628 7.06142368 7.1401492111 7.1860715517 7.2108363819 7.3167646168 7.4373064826 7.5036679499 7.5227024114 7.5942990422 7.6597034714 7.6998947345 7.7851422325 7.9040733423 7.9148434934 7.9192930538 8.1316621304 8.1520645596 8.2115726688 8.2240754678 8.361660382 8.3982949509 8.4109936428 8.5026953606 8.5377235973 8.6431064562 8.6650461223 8.6971054659 8.8415594923 8.9554831805 9.0260618407 9.0425006205 9.1438512086 9.6631477111 10.7702500844 11.0538645614 11.4458423922 16.0281675256 16.1677031314 16.1939449772 16.3523343691 16.4260028596 16.471124047 24.1781391409 24.2126533574 24.5170660484
428 1.6824646673 1.8266391423 2.2901682135 2.4613407042 3.4467356171 3.592614395 3.6696220596 3.7350024703 3.9552816009 4.076047896 4.1073763417 4.1378345771 4.1905870084 4.3066805727 4.3148652537 4.3630845362 4.723804019 4.8390830072 4.9068722162 4.9608071909 4.9614026335 5.0244160756 5.0827439733 5.2119121878 5.3223462403 5.3344836985 5.3936620296 5.4217799659 5.4699496952 5.5076756253 5.5301790454 5.5667773562 5.6377315833 5.7446781044 5.7973022346 5.8475362138 5.8918721192 5.9549223171 5.9987729604 6.0014091241 6.0404049572 6.150834975 6.1904192345 6.2325498119 6.2454033774 6.2557995403 6.2877724876 6.3185296838 6.3606599812 6.4160238152 6.4791036533 6.5196513825 6.5705884565 6.6194148546 6.6860585662 6.7111743935 6.7600019422 6.9114688794 6.9462712167 6.9622661197 7.0539254625 7.1225856424 7.1875275805 7.199391051 7.3054853026 7.4369822749 7.5090414206 7.5244261123 7.601348732 7.6597603295 7.6957679944 7.7923281452 7.9086188781 7.9151238273 7.9179070268 8.1282804705 8.1574664181 8.2007100828 8.2240280466 8.3601915004 8.3968992894 8.4123053624 8.505634834 8.5294322099 8.642867553 8.6624322527 8.7027801792 8.8376474725 8.9568736644 9.0270080719 9.0409174305 9.1402974429 9.6493961072 10.7842810957 11.0754879748 11.473396028 16.0287573563 16.1704459409 16.1964396629 16.3536425257 16.4292203451 16.4735229155 24.1754194846 24.2149696415 24.5130415252
429 1.6520863072 1.7935944241 2.2456978889 2.4225651472 3.4431326652 3.6077107362 3.6889325755 3.7339568545 3.9223179146 4.07243017 4.0962573391 4.1512894075 4.2291866744 4.307521819 4.3272361003 4.3887342961 4.7190886563 4.8335150424 4.9150943678 4.9554677701 4.9638545747 5.0145929844 5.0929772155 5.2087000869 5.3229158048 5.3443484881 5.3875698184 5.4260046603 5.4832704184 5.5024558883 5.5360776164 5.5704863596 5.6393252804 5.7408688475 5.8031254764 5.8460234476 5.8931827317 5.9447251114 5.9916120051 5.9949351552 6.0311119622 6.1499765114 6.1823649554 6.2359739466 6.2368553629 6.250767337 6.2837024204 6.3093380209 6.3602411781 6.4172193233 6.4848960228 6.5163738992 6.5707053654 6.6117243726 6.6922177034 6.7100567939 6.7671351955 6.9113400475 6.9550378039 6.9632712963 7.0467204286 7.1046522811 7.187652093 7.1890771378 7.2937716055 7.4331335227 7.5156753821 7.5258244517 7.610712523 7.6593591851 7.6916860874 7.7998471388 7.9123361981 7.913312174 7.9195962913 8.1247972713 8.1556432487 8.1967845594 8.2236817499 8.3592458809 8.3944435093 8.4139893897 8.508654929 8.5208388141 8.6403303598 8.6630406295 8.7083602809 8.8336263115 8.9579950898 9.0279675835 9.0397321713 9.1370976291 9.6362302223 10.7983587226 11.0970614459 11.5007076149 16.0293628 16.1732424219 16.1989271119 16.3549837249 16.4325639906 16.4759703662 24.1725700257 24.217336896 24.5090021299
430 1.6237310981 1.7617363302 2.2017271451 2.3845897344 3.4370677454 3.6022895291 3.693277773 3.7507139592 3.901491241 4.072073832 4.0837287038 4.1682662831 4.2616275732 4.3042172155 4.3399279364 4.4252337866 4.7149738824 4.8271806946 4.9229775451 4.9498936599 4.9663356156 5.0040312129 5.1039963392 5.2045865233 5.3236951563 5.3534988512 5.3817766568 5.4305812938 5.4964993987 5.4969069279 5.5422910971 5.5739042818 5.6419266365 5.7364555905 5.8080563746 5.8417317758 5.8941137215 5.9318562859 5.9818295504 5.9956018413 6.0212969226 6.1490169506 6.1740512483 6.2279061197 6.2379200746 6.2473313687 6.2797390362 6.2996351378 6.3595578692 6.4181497131 6.4904990171 6.513016363 6.5709547887 6.6035886544 6.6987570236 6.7091931049 6.7751798525 6.9110478706 6.9641593384 6.9643821795 7.0398277003 7.0864897896 7.1756642454 7.1907197989 7.2819693186 7.4268767107 7.5226459101 7.5269469876 7.6217390408 7.6585044863 7.6878736759 7.8076315564 7.9081485558 7.9181102576 7.9225425191 8.1212128645 8.1460523005 8.2006088298 8.2230785102 8.3588101794 8.3910920418 8.4158022185 8.5117369939 8.5120208996 8.6361755121 8.6661485059 8.7138335456 8.8295559336 8.9588400106 9.0289363398 9.0388979129 9.1342679646 9.6236736598 10.812424518 11.1185012801 11.5276879054 16.0299815082 16.1760813217 16.2013952454 16.3563529733 16.4360230683 16.4784567767 24.1696221019 24.2197169622 24.5049723981
431 1.5974990124 1.7311212447 2.1583084057 2.3474518481 3.4282501516 3.5795238559 3.6873800034 3.7723588745 3.8981256623 4.070633346 4.0767629276 4.1869144632 4.2693126553 4.3224157115 4.3529840637 4.4644611449 4.7116911793 4.8204093322 4.9303934722 4.9440932519 4.9687952019 4.9928782232 5.1156536868 5.1997120569 5.3242927469 5.3618543615 5.3766870846 5.4355796624 5.4911353976 5.5094235071 5.5485312012 5.5771424667 5.6455767272 5.7317611656 5.8110044295 5.8347873878 5.8946739383 5.9186845044 5.9720896258 5.9991434321 6.0109997909 6.1478532863 6.165825126 6.2185815655 6.2383547135 6.2453988285 6.2758561156 6.2895700608 6.3585450838 6.4187244894 6.4959121796 6.5095468856 6.5712708973 6.5952710745 6.7051153963 6.7084517599 6.7840830754 6.9105944304 6.9658500652 6.9735743092 7.0332647234 7.068277533 7.1634969791 7.1924582233 7.2703095407 7.4191557617 7.5278365681 7.5293238415 7.6334638902 7.6572171739 7.6848086598 7.8156045074 7.9031072928 7.9229713768 7.9260742651 8.1175289094 8.1331127041 8.208000668 8.2222738911 8.3588542588 8.3869850463 8.4175609877 8.503054229 8.5148635368 8.6314942602 8.6706200683 8.7191890252 8.8254939301 8.9594060303 9.0299103463 9.0383667759 9.1318170608 9.6117404061 10.8264229434 11.1397296726 11.5542555883 16.0306110397 16.1789512473 16.2038328783 16.3577450998 16.439585567 16.4809723852 24.1666007069 24.2220784066 24.5009768105
432 1.5734827907 1.7018023565 2.1154958067 2.3111891631 3.4159399622 3.5469834673 3.6719744841 3.7914693364 3.9124138401 4.0573696493 4.0868142091 4.2064981765 4.2596853972 4.356208178 4.3664807291 4.5041385984 4.7095657258 4.8134297892 4.9372593728 4.9380488655 4.97126429 4.9812978465 5.1277967752 5.1942275902 5.324152091 5.3693948553 5.3728017032 5.4409368 5.485261008 5.5218748573 5.554471153 5.580389984 5.6502625677 5.7269821054 5.8100300278 5.8266313892 5.894793461 5.9068995331 5.9624051427 6.0002718199 6.0044844379 6.146357326 6.1579733211 6.2089351979 6.2375797848 6.2445524283 6.2718328709 6.2794834693 6.3571305406 6.4188631179 6.5010434145 6.505917811 6.5717545075 6.5870136241 6.7077424512 6.7106987031 6.7937415194 6.9099814468 6.9678800707 6.9832129494 7.0270511856 7.0502754438 7.1512553393 7.19429792 7.2589520488 7.410615277 7.5285288455 7.5353477616 7.6443034568 7.6555291549 7.683632174 7.8236849855 7.8973144583 7.9278560012 7.9300041889 8.1137493744 8.1194832761 8.2165001697 8.2213323357 8.3593350726 8.3822337429 8.4191367742 8.4940130133 8.5180180853 8.6268759259 8.6758199541 8.7244168568 8.8214952377 8.9596961193 9.0308856664 9.0380923052 9.1297458475 9.6004363097 10.8403014027 11.1606744374 11.580336524 16.0312488725 16.1818407144 16.206229772 16.3591547734 16.4432382251 16.4835073263 24.163526906 24.2243942972 24.4970395312
433 1.551765968 1.6738294892 2.0733455343 2.2758396654 3.3992098313 3.5087689831 3.6517322968 3.8061649676 3.9391168015 4.0441565194 4.1017632447 4.2266416008 4.2469388166 4.3805293014 4.3916468746 4.5432579718 4.7090905994 4.8064160815 4.9316964914 4.9435037119 4.9694927441 4.9738402963 5.1402784651 5.1882823184 5.3226277171 5.3706595637 5.3761652603 5.4464854024 5.4794061185 5.5337058245 5.5597377333 5.5838914025 5.6559297695 5.7222501539 5.8023046069 5.8200137292 5.8941212633 5.897899951 5.9527692449 5.9891811903 6.0109080755 6.1443564024 6.1506763298 6.1990659568 6.2358401677 6.2444885923 6.2658928062 6.2712723963 6.3552472082 6.4184948591 6.5020669002 6.5057179751 6.5726005003 6.5790406411 6.7070081584 6.714969279 6.8040086798 6.9092109374 6.9704435884 6.992984167 7.0212231729 7.0329604864 7.1390898413 7.1962471088 7.2480063764 7.4016667831 7.5290523325 7.5404856006 7.6515972141 7.6534787691 7.6866556254 7.8317918137 7.8908666271 7.9327275613 7.9342035804 8.1061920019 8.1098815346 8.2203218132 8.2252325149 8.3602010673 8.376932276 8.4204350258 8.4849710311 8.5211850609 8.6226045502 8.681415038 8.7295081033 8.8176128644 8.9597186192 9.0318584369 9.038031035 9.1280477762 9.5897604496 10.8540102397 11.1812687149 11.6058630523 16.0318924169 16.1847381961 16.2085766631 16.3605765224 16.4469665888 16.4860516676 24.1604192603 24.2266409996 24.4931841171
434 1.5324206884 1.6472488153 2.0319161159 2.2414416564 3.3772954814 3.4667134739 3.6318417071 3.8166996059 3.9727700736 4.0311272697 4.1206701692 4.2335452367 4.2470898461 4.3952790308 4.4260843597 4.5809717404 4.7110552245 4.7995260369 4.9248921224 4.9490519827 4.9577392814 4.9766742051 5.1529630866 5.1820147412 5.3192576287 5.3705781568 5.3822630132 5.4519883516 5.4736916552 5.5447903676 5.5639023135 5.5879045519 5.6625001103 5.7176611431 5.7894081615 5.8137724122 5.890352175 5.8945736585 5.9431477107 5.977821274 6.0178372042 6.1416048264 6.1440096988 6.1891443183 6.2330622933 6.2452821472 6.2561608342 6.266937711 6.3528508541 6.4175595756 6.4979227193 6.5097117101 6.5715587458 6.574016981 6.7062164961 6.7175253954 6.8147130889 6.9082856864 6.9727102635 7.0026692636 7.0159402929 7.0175218767 7.1272074792 7.1983166263 7.2375441151 7.3925646995 7.5294287678 7.5445463252 7.6511075068 7.6536587024 7.6953136146 7.8398463453 7.8839017535 7.9375529491 7.9385656652 8.0936890514 8.1059368811 8.2193086924 8.2338470744 8.3613963932 8.3711657253 8.4213824933 8.4760038656 8.5243496717 8.618835266 8.687194543 8.7344546224 8.8138994681 8.9594869121 9.0328248808 9.0381433945 9.1267093478 9.5797063766 10.8675027068 11.2014506699 11.6307733705 16.0325390294 16.1876321714 16.2108652701 16.3620047549 16.4507550952 16.4885954459 24.1572946753 24.2287975732 24.4894332005
435 1.5155053611 1.6221024729 1.9912686712 2.2080337414 3.3499752522 3.421838403 3.6152539459 3.8239383557 4.009935796 4.0183698932 4.1423971199 4.2200898015 4.2676230674 4.4109164727 4.4584981254 4.6161628787 4.7167272905 4.7929596249 4.9173707245 4.9464290054 4.9538363515 4.9799492236 5.1657292136 5.1755466918 5.3140052698 5.3724157307 5.3878140979 5.4571847985 5.4682400599 5.5550455828 5.5664799365 5.5926428259 5.6698839179 5.7132798656 5.7747826273 5.8055866979 5.8870816236 5.8932776555 5.9334684221 5.9663218004 6.024771082 6.1377529908 6.1379650035 6.1794398971 6.229269887 6.2455440207 6.2469527948 6.2637088701 6.3499388525 6.4160092373 6.4934166141 6.5128106404 6.5647488338 6.5761331176 6.7053524006 6.7181654352 6.8256782726 6.907209675 6.9714983223 7.0073270348 7.0087278897 7.0146802209 7.1158905642 7.2005198266 7.2276084515 7.3834596892 7.5296736373 7.5473496969 7.648457896 7.6523058178 7.7076104558 7.8477741323 7.8766108107 7.9423027924 7.9429977679 8.0821905295 8.1019318299 8.2183534606 8.2421688543 8.3628644254 8.3650147039 8.4219184078 8.467193063 8.5274978228 8.6156613466 8.6929982742 8.7392489575 8.8104095607 8.959018783 9.0337813198 9.0383941212 9.1257109442 9.5702632235 10.8807349117 11.2211631883 11.6550109777 16.0331860259 16.190511173 16.213088278 16.3634337812 16.454587177 16.4911287041 24.154168914 24.2308455238 24.4858081502
436 1.5010622007 1.5984281186 1.9514671245 2.1756548031 3.3177026113 3.374907397 3.6028946332 3.8287363738 4.0059464202 4.0487309803 4.1658450036 4.2067958372 4.2880257296 4.4276561554 4.4879900117 4.6472928987 4.7277847001 4.7871338525 4.9087589693 4.9360558831 4.9578334602 4.9838428442 5.1689799241 5.1784702299 5.3071495616 5.3756744403 5.3929488418 5.4618392505 5.4631868113 5.5644618008 5.5669551936 5.598215118 5.6779830376 5.7091160897 5.7602515654 5.7953862787 5.8859232595 5.8917812542 5.9236106864 5.9548603553 6.0312819015 6.1323575236 6.132470724 6.170307674 6.2246428258 6.234941029 6.2493816167 6.2608404334 6.3465671135 6.4138097701 6.4885010713 6.5148797798 6.5587502061 6.5789061284 6.7044125496 6.7169311519 6.8367316115 6.9059885121 6.9626451362 7.0049827309 7.0064687531 7.0235542309 7.1055381626 7.2028724238 7.2182229969 7.3744335071 7.529796755 7.5487335322 7.6455723232 7.6495823362 7.7213621242 7.8555058708 7.8692357387 7.9469515127 7.9474179923 8.0717876645 8.0978881385 8.2175076149 8.2500898651 8.3585587584 8.3645503789 8.4219847608 8.4586342361 8.5306160438 8.6131380563 8.6986877634 8.7438842481 8.8072020508 8.9583355496 9.034724185 9.038752325 9.1250278984 9.5614166828 10.8936657452 11.2403535805 11.6785241799 16.0338306963 16.1933638353 16.2152393061 16.364857837 16.4584453872 16.4936415275 24.1510569084 24.2327687709 24.4823287189
437 1.4891146713 1.5762584804 1.9125783751 2.1443439586 3.2813770887 3.3265862665 3.5945024702 3.8317861165 3.9939030223 4.0880948381 4.1900923519 4.1937777506 4.3080891347 4.445716434 4.5135956405 4.6733544983 4.7443806926 4.7835822131 4.8987696208 4.9270216742 4.9611074899 4.9884940031 5.1623945217 5.1910937156 5.2990209396 5.3797424433 5.3977851593 5.4587037237 5.465781877 5.5648591163 5.5731076979 5.6045990244 5.686685943 5.7050552557 5.746973193 5.7839645036 5.8861156295 5.8900751988 5.9134052815 5.9436637457 6.0370246115 6.1250267404 6.127406954 6.1620403149 6.2193938581 6.2246441237 6.2524070442 6.2582148709 6.3428633373 6.4109429629 6.4831689334 6.5159009336 6.5536427655 6.5820613807 6.7034013133 6.7141240759 6.847696635 6.9046298464 6.948676066 7.0006331959 7.0120073404 7.0332935772 7.0967576247 7.2053922093 7.2094000827 7.3655220057 7.5298028577 7.5485808347 7.6424925265 7.646381731 7.7355326114 7.8620558496 7.862977924 7.9514771629 7.9517530993 8.0624934728 8.0938329649 8.2168117889 8.2575284206 8.3518801034 8.3664030225 8.421508968 8.4504537498 8.5336914324 8.6112917809 8.7041329342 8.7483541556 8.8043426559 8.9574610608 9.0356500254 9.0391913248 9.1246317095 9.5531498554 10.906256797 11.2589732933 11.7012656509 16.0344703186 16.1961789399 16.2173128588 16.3662711081 16.4623115391 16.4961240807 24.1479729481 24.23455374 24.4790126888
438 1.4796647632 1.5556210611 1.874672424 2.1141405001 3.2419902358 3.2774741563 3.589359247 3.8336070608 3.9822756395 4.1273554093 4.1811069821 4.2144416483 4.3276444051 4.4652781292 4.5344496662 4.695867901 4.7579892673 4.7898545144 4.8874750708 4.9193622068 4.9638125023 4.9940224154 5.1558483178 5.2035203816 5.2898751225 5.3839805318 5.4024205619 5.455036078 5.4689307514 5.5599042307 5.5810775517 5.6116836622 5.6958586569 5.7007458399 5.735866786 5.7722173212 5.8862903683 5.8889166736 5.9026672651 5.9329779663 6.0417449882 6.1156829132 6.1226196658 6.1546095587 6.2137088674 6.2148884811 6.2557925377 6.2558538134 6.339035319 6.4074083019 6.4774636921 6.5159542243 6.5494374348 6.5850896339 6.7023278967 6.710295279 6.8583730054 6.9031437206 6.9332221817 6.996533398 7.019426622 7.0429716129 7.0905341362 7.2011482053 7.2080985631 7.3567307411 7.5296922055 7.546850172 7.6392595253 7.642995553 7.7496543714 7.8553645308 7.8701326729 7.9558610462 7.9559369234 8.0542717089 8.0897985495 8.2162949951 8.2644088132 8.3450691277 8.3683756347 8.4203688286 8.4428428442 8.5367116122 8.6101244718 8.7092055862 8.7526528028 8.8019053392 8.9564206738 9.0365555163 9.0396883475 9.1244912965 9.5454439799 10.9184722619 11.2769776362 11.7231920428 16.0351021726 16.1989454609 16.2193042661 16.3676677557 16.466166859 16.4985666441 24.1449307915 24.2361895191 24.475875529
439 1.4726897694 1.5365384008 1.8378224473 2.085083817 3.2003955064 3.228114753 3.5867102845 3.8345741409 3.9710932842 4.1660011329 4.168834758 4.2384113166 4.3466209261 4.4864338375 4.5501659546 4.7179084717 4.7586044913 4.8128478269 4.8752532722 4.9128015542 4.9661491965 5.000607512 5.1493765666 5.215683 5.2798888783 5.3876800467 5.4069304706 5.4525413987 5.4712925187 5.5521320975 5.5884060965 5.6193587936 5.6955816365 5.705333779 5.7276122081 5.7609730658 5.8845003965 5.8898551676 5.8912751322 5.9229947134 6.0452769838 6.1046339577 6.1179472161 6.1476124288 6.2059007149 6.207714387 6.2535486593 6.2595321643 6.3353714452 6.4032246808 6.4714738904 6.5151656794 6.5460820568 6.5872914469 6.7012043556 6.7062088535 6.8685085315 6.9015428127 6.9177028459 6.9927463005 7.0258951039 7.0524499806 7.0883534463 7.1934786505 7.2110116577 7.3480458549 7.5294612015 7.5435926392 7.6359137973 7.6394499465 7.7634826652 7.8494397559 7.8769188683 7.9599091999 7.9600871232 8.0470590265 8.0858215357 8.2159747675 8.2706451975 8.3382339649 8.3704263919 8.4183373394 8.4361110161 8.5396647032 8.6096170448 8.7137777314 8.7567747229 8.7999713286 8.9552403074 9.0374374654 9.0402241538 9.1245741922 9.5382790498 10.93027884 11.2943255224 11.7442636414 16.0357235544 16.2016526085 16.2212096142 16.3690419434 16.4699921475 16.5009596505 24.1419437272 24.2376680342 24.472930085
440 1.4681372982 1.5190302266 1.8021048093 2.0572132991 3.1572354278 3.1790151873 3.5859219409 3.8349529701 3.9603800691 4.1570014813 4.2035439741 4.2617060227 4.3651154022 4.5091476444 4.5610943392 4.7412900855 4.7545066789 4.8415379951 4.8625126292 4.9070278015 4.9683209634 5.0085822936 5.1429912115 5.2275255776 5.2691879835 5.3900387032 5.4113697846 5.451670094 5.4729457093 5.5419848546 5.5950238886 5.627574494 5.6890704773 5.7148963665 5.7222721337 5.7510100097 5.8792587755 5.8818488682 5.8915491299 5.9137749956 6.0475202728 6.092352114 6.1132693995 6.1405328573 6.1978751168 6.2014503508 6.2514607225 6.2632394237 6.3322263094 6.3984318258 6.4653140738 6.5136618442 6.5434806659 6.5878661625 6.7000442376 6.7027570689 6.8777327887 6.8998425188 6.9027554052 6.9892790841 7.0295448576 7.061644012 7.0915953035 7.1864122629 7.214151249 7.339441888 7.5291030727 7.5389459701 7.6324955475 7.6356512849 7.7768685272 7.8445134383 7.8832920916 7.9636148716 7.9641412447 8.0407820984 8.0819419695 8.2158579592 8.2761202373 8.3315188291 8.37251837 8.4151011318 8.4306647299 8.5425393031 8.6097329558 8.717725478 8.7607148201 8.7986236949 8.9539456432 9.0382928187 9.0407826387 9.1248476052 9.5316343318 10.9416456332 11.3109792257 11.7644440618 16.0363317904 16.2042898704 16.2230256717 16.3703878645 16.4737679452 16.5032937215 24.1390246033 24.2389842079 24.4701863179
441 1.4659130679 1.5031229893 1.7675990037 2.0305682206 3.1129657963 3.1306566366 3.5865037131 3.8349305615 3.9501565001 4.1456411155 4.2394123883 4.2841850752 4.3834531208 4.5332453564 4.5681388399 4.7495124135 4.7661626593 4.8495637492 4.8702579788 4.901822792 4.9705174664 5.0184981745 5.1366791677 5.2390029038 5.257871462 5.3902974692 5.4157755427 5.4527721772 5.4740164946 5.5302637408 5.6007878899 5.6363294408 5.6812674558 5.7189826499 5.7242606894 5.7430766348 5.8668322166 5.8788664632 5.8933305012 5.9052397259 6.0483952852 6.0792750302 6.1085742215 6.1329970524 6.1909252261 6.1948578657 6.2495048284 6.2667770783 6.3299795877 6.3930909867 6.459102096 6.5115496721 6.5415168787 6.5860816799 6.6988616625 6.7007823956 6.8841453328 6.8902354008 6.8980608467 6.9861255492 7.0303918542 7.0704816853 7.1000439538 7.1799894587 7.2175349574 7.3308876033 7.5286086636 7.5331099826 7.6290449447 7.6314722394 7.789709685 7.8407456676 7.8892153599 7.9670040878 7.9680102813 8.0353694762 8.0782020255 8.2159419627 8.2806472734 8.3251405687 8.3746193097 8.410597764 8.4266663945 8.5453244782 8.6104221322 8.7209396716 8.7644683355 8.7979357335 8.9525615185 9.0391186651 9.0413504349 9.1252793016 9.5254887961 10.9525440414 11.3269041545 11.7836999786 16.0369242503 16.2068470519 16.2247498129 16.3716997701 16.4774747008 16.5055597025 24.1361858348 24.2401360687 24.4676511144
442 1.4658278417 1.4889004587 1.7343875101 2.0051876032 3.0679609835 3.0834465198 3.5880843712 3.8346387889 3.9404403268 4.1347834141 4.2728546684 4.3058396058 4.40222556 4.5584388251 4.5723350048 4.7444156142 4.791807675 4.8366280386 4.8968927788 4.8970562794 4.9729227811 5.031101906 5.1303990458 5.2460278709 5.2500805479 5.3880180646 5.4201694919 5.4557261186 5.4746566091 5.5180626675 5.6055513828 5.6456165711 5.6725627844 5.716475315 5.7330264675 5.7377772678 5.8543813993 5.8756679579 5.895009776 5.8972276799 6.0477904523 6.0657631889 6.1040142916 6.1248569611 6.1850485546 6.1877993031 6.2476544717 6.2699901729 6.3289595573 6.3872842684 6.4529419272 6.5089163824 6.5400729231 6.5815157472 6.6976707094 6.7008220819 6.8742012548 6.8935170806 6.896218117 6.9832738094 7.0300528098 7.0788979543 7.1119763512 7.1742936033 7.2211759978 7.3223505493 7.5263164509 7.5279674116 7.6256022165 7.6268096627 7.8019290342 7.8382097315 7.8946598454 7.9700332757 7.9716812754 8.0307580308 8.0746444938 8.216216159 8.2839032224 8.3194555554 8.3767012531 8.4052925339 8.4237532518 8.5480097622 8.6116249848 8.7233424236 8.7680308215 8.7979537716 8.9511115242 9.0399122397 9.0419165395 9.1258382906 9.5198214705 10.9629476582 11.3420686414 11.8020008882 16.0374983613 16.2093143131 16.2263799417 16.3729719982 16.4810929368 16.5077486989 24.1334393971 24.2411247887 24.4653281856
443 1.4670684305 1.4770304675 1.7025555543 1.9811100584 3.0226837493 3.0376006053 3.5903814202 3.8341712092 3.931247119 4.1244551274 4.3029097625 4.3267634426 4.4222657687 4.5745624917 4.5843685504 4.7394424738 4.8172448156 4.8238746134 4.8926537133 4.9202895502 4.9757498872 5.0471104856 5.1240756838 5.2337471416 5.2607353662 5.3831913323 5.4245600083 5.4595967322 5.4750289184 5.5068701763 5.6092132539 5.6553823298 5.6633529241 5.7139635252 5.7351707551 5.7405998309 5.8424789829 5.8723227913 5.889563848 5.8964835089 6.0455411367 6.0521268304 6.099905134 6.1161554256 6.180115031 6.1801381353 6.2458803029 6.2728176112 6.3293475982 6.3811121553 6.4469155695 6.5058381101 6.5390411269 6.5742112358 6.6964850179 6.702940235 6.8621397136 6.8943364981 6.8981763416 6.9807087721 7.0301114216 7.0868348925 7.1256088783 7.1695298251 7.2250804147 7.3138008715 7.5188044828 7.5271685729 7.6216156421 7.6222075081 7.8134637209 7.8368917536 7.8996056208 7.9726677779 7.9751407843 8.0268941711 8.0713110495 8.2166634444 8.2853652773 8.3150236263 8.3787401249 8.3997655391 8.4214457314 8.5505851612 8.613276109 8.7249041473 8.7713981212 8.7986796733 8.9496177994 9.0406709275 9.0424719729 9.126495319 9.5146117291 10.9728321693 11.3564437507 11.8193188987 16.0380516207 16.2116822045 16.2279144174 16.3741990024 16.4846034116 16.5098521102 24.1307968085 24.2419546299 24.4632180675
444 1.4625475542 1.4744130239 1.6721907553 1.9583736103 2.9777421678 2.9931258267 3.5931759146 3.8335947703 3.9225906663 4.1146806823 4.3286829374 4.3469955348 4.4444590435 4.5754706886 4.6106433708 4.7346875919 4.8114512358 4.8413958023 4.8885733241 4.9400532684 4.9793538236 5.0667691354 5.1175918292 5.2211319221 5.2709565987 5.376064249 5.4289431098 5.4622351677 5.47530171 5.4990760329 5.6117216377 5.6539869044 5.6655240403 5.7114981816 5.7345509437 5.7460855141 5.8319429838 5.8688961681 5.8821169143 5.8976814282 6.0386553395 6.0414885723 6.0966224996 6.1070457279 6.1716967586 6.1760336398 6.2441505278 6.2753137958 6.3311180827 6.3746893459 6.4410828592 6.502389604 6.5383288918 6.5645955042 6.6953175374 6.7068001979 6.8511752397 6.8924394251 6.9009125729 6.9784134134 7.0314814929 7.0942434079 7.139246091 7.16639681 7.2292440288 7.3052147114 7.5108050607 7.5262027534 7.615903865 7.6189004342 7.8242567976 7.8367062938 7.9040422991 7.9748864133 7.9783746087 8.0237303569 8.0682403128 8.2172617302 8.2844996462 8.3124208465 8.3807153047 8.394387937 8.4194664677 8.5530411641 8.6153073551 8.7256522371 8.7745663519 8.8000618602 8.9481009998 9.0413922652 9.0430094742 9.1272231956 9.5098395268 10.9821752537 11.3700030999 11.8356285447 16.0385816085 16.2139417004 16.2293519856 16.3753753819 16.4879872755 16.5118616639 24.1282691074 24.2426327894 24.4613182318
445 1.4533298353 1.47975255 1.6433826504 1.9370154978 2.9337503016 2.9499882942 3.5962942736 3.8329578575 3.9144832613 4.1054825751 4.350078982 4.3661452342 4.4693312971 4.5755115039 4.636863314 4.7301976409 4.799511137 4.8631379763 4.8847937781 4.9562732452 4.9846205098 5.0895562084 5.1107766282 5.2083113701 5.2807476448 5.3669760725 5.4333024475 5.4606689722 5.4756504032 5.4977287341 5.6130502164 5.6447683165 5.6759078562 5.7094396063 5.7349986161 5.7482909073 5.8237747582 5.8654558322 5.8748739109 5.8985537575 6.025630961 6.0356058917 6.0944264063 6.0977187173 6.1625449717 6.17257414 6.2424319188 6.2776092815 6.3340634373 6.3681395755 6.4354859424 6.4986513274 6.5378595487 6.5532564404 6.6941803776 6.7118843577 6.8415164065 6.8905509633 6.9016199565 6.9763696805 7.0344818184 7.1010852874 7.149223595 7.1679734526 7.23364946 7.2965774057 7.5025330806 7.5250637655 7.6097394109 7.6157192896 7.8342070211 7.8375651417 7.9079694204 7.9766875788 7.9813680791 8.0212180586 8.0654657204 8.2179853465 8.2813869624 8.3116164916 8.3826092154 8.3893564139 8.4177010016 8.5553687563 8.6176500916 8.7256653255 8.7775318938 8.8020008996 8.9465804058 9.0420739432 9.0435232332 9.1279969738 9.5054855881 10.9909564894 11.3827226975 11.8509066235 16.0390859995 16.2160842288 16.2306917128 16.3764959106 16.4912262185 16.5137694484 24.125866824 24.2431691421 24.4596233051
446 1.4449150172 1.4872732218 1.6162220828 1.9170719588 2.8912169782 2.9082448315 3.5995958344 3.8322958029 3.9069359043 4.0968815979 4.367923055 4.3835771654 4.4967048972 4.57499436 4.6626179107 4.7259992001 4.7882477847 4.8813086046 4.8814602028 4.9683168669 4.9937055974 5.1033920978 5.1143993384 5.1954583307 5.2901285682 5.3563382928 5.4376084823 5.4550845488 5.4762646207 5.5025788327 5.6131727473 5.6359413165 5.6863812192 5.7079929247 5.7358580799 5.7462429451 5.8185340021 5.8620723315 5.8680794142 5.8990686254 6.0133251589 6.0280718265 6.0883608275 6.0933433451 6.1527918028 6.1696278429 6.2406915296 6.279836193 6.3378847268 6.3615902806 6.4301553242 6.4947127994 6.5375711513 6.5407651803 6.6930847298 6.7176702323 6.8332583638 6.8886951785 6.9005044053 6.9745592227 7.039011492 7.1073348603 7.151283881 7.1781525891 7.2382637046 7.2878866175 7.4941838773 7.5237507598 7.6032220119 7.612699946 7.8389699866 7.8435986139 7.9113964543 7.9780950057 7.9841069901 8.0192995913 8.063013281 8.2188063126 8.2768060699 8.3118924456 8.3844069425 8.3847737018 8.416112388 8.5575594369 8.6202366269 8.7250556598 8.780291381 8.8043671298 8.9450741358 9.0427138076 9.0440086572 9.1287940238 9.5015315589 10.999157263 11.394580795 11.8651320513 16.0395625752 16.2181016996 16.2319329291 16.3775555666 16.4943026094 16.5155679448 24.1235999498 24.2435758878 24.45812539
447 1.4376959422 1.496260025 1.5908004465 1.8985779978 2.8505491403 2.8680538574 3.6029645142 3.8316346611 3.8999584539 4.0888969678 4.3830176584 4.3992011238 4.5258180231 4.5741321978 4.6874417354 4.7221089137 4.7779666159 4.8781247825 4.8958200996 4.9756278086 5.0083632551 5.0951231359 5.1401194097 5.1828060584 5.29913912 5.3446506518 5.4418181493 5.4482278104 5.4773577439 5.5106704853 5.6120471875 5.6276855339 5.6967598277 5.7071918831 5.7367480658 5.7401437815 5.8152247815 5.8588170503 5.8624507578 5.8992142656 6.0019802746 6.0192108273 6.0791388345 6.0931885922 6.1426983665 6.1670995828 6.2388992546 6.2820749378 6.3422808678 6.3551676724 6.4251154185 6.4906722764 6.527605309 6.5374144872 6.6920408341 6.7237025357 6.8264614122 6.8868955626 6.8979276459 6.9729639907 7.0447298666 7.1129797559 7.1501795525 7.1919297875 7.2430367372 7.2791555467 7.4859320269 7.5222704907 7.5964704366 7.6098745441 7.841214115 7.8519201728 7.9143423316 7.9791597607 7.9865791187 8.0179025632 8.0608993705 8.2196954535 8.2715405401 8.3125402158 8.3806906567 8.3860958892 8.4146945179 8.5596052367 8.6230008506 8.7239485833 8.7828416958 8.8070213585 8.943599424 9.0433098607 9.0444621681 9.1295940226 9.4979601278 11.0067606851 11.4055577524 11.8782857365 16.0400092342 16.2199865306 16.233075175 16.3785495609 16.4971996251 16.5172500571 24.1214779057 24.2438671176 24.4568144702
448 1.4316586648 1.5063584196 1.5672087839 1.8815671407 2.8120893471 2.8296475348 3.6063032587 3.8309938043 3.8935597384 4.0815463942 4.3957926881 4.4133990446 4.5557027439 4.5730737299 4.7106319579 4.7185378864 4.7693046147 4.8752643339 4.9064022528 4.9800376335 5.0270781911 5.0855851601 5.165674296 5.1706515092 5.3078412079 5.332469429 5.4415947097 5.4458789239 5.4791734978 5.520184126 5.6096121116 5.6201250974 5.7067108 5.7069828782 5.7314697439 5.7374591955 5.8113414911 5.8557591977 5.8591881592 5.8990044234 5.9917839395 6.0093782337 6.0701985786 6.0936343242 6.1326587289 6.1649264017 6.2370313448 6.2843438548 6.3469977369 6.3489923289 6.4203886345 6.486633491 6.5141684426 6.5373509687 6.6910579771 6.7296024384 6.8211635378 6.8851745474 6.8942902755 6.971566713 7.0512125369 7.1180204589 7.1488856668 7.2061320324 7.2479014521 7.2704166978 7.4779313487 7.5206394694 7.5896116969 7.6072701723 7.8438575135 7.8594056054 7.9168344816 7.9799553218 7.9887760737 8.0169403463 8.0591288514 8.2206233622 8.2660816411 8.3131609182 8.3771242359 8.3876654689 8.4134505808 8.5614987375 8.6258781991 8.7224670532 8.7851799652 8.809830739 8.942172923 9.0438602622 9.0448810275 9.130378888 9.4947551229 11.0137515117 11.415635917 11.8903504686 16.0404240034 16.2217316699 16.2341181572 16.3794733661 16.4999013692 16.5188091415 24.1195095084 24.2440583193 24.4556788807
449 1.4267239567 1.5172337927 1.5455367386 1.8660711788 2.7761430909 2.7933102787 3.6095303249 3.8303877119 3.8877476404 4.0748461098 4.4065532525 4.4265104301 4.5719247104 4.5853676545 4.7152938365 4.7303539562 4.7641988859 4.8727688539 4.9139225982 4.9831290968 5.0478371514 5.074370858 5.1593237947 5.1901806597 5.3163175359 5.3203408939 5.4356316083 5.4497442527 5.4819800767 5.5302945576 5.6057988331 5.613345068 5.7072726756 5.7140736016 5.7236396987 5.7378849986 5.8047789148 5.8529623689 5.8590946404 5.898485981 5.9828490992 5.9988891832 6.0616682407 6.0941755709 6.1232711656 6.1630691698 6.2350748495 6.2866151847 6.3431751166 6.3518420333 6.4159978355 6.4827003403 6.5007724969 6.5373506889 6.6901445094 6.7350609403 6.8173795905 6.8835531208 6.8899558251 6.9703512522 7.0580511905 7.1224686632 7.148045655 7.219932657 7.2527750076 7.2617287375 7.4703157374 7.518885677 7.5827755618 7.60490778 7.8467554615 7.8660166495 7.9189074113 7.9805655974 7.9906950479 8.016319 8.0576938975 8.2215612106 8.2607107415 8.3135839493 8.3740659442 8.389106833 8.4123832311 8.5632330921 8.6288050654 8.7207238332 8.7873035592 8.8126772235 8.9408109905 9.0443633301 9.0452631849 9.1311326765 9.4919015905 11.0201160704 11.4247995142 11.9013108207 16.0408050469 16.2233306169 16.2350617086 16.3803227435 16.5023929801 16.5202390337 24.1177029385 24.2441658476 24.4547058175
450 1.4227878687 1.5258713767 1.5285336839 1.8521199078 2.7429925899 2.7593671046 3.6125767487 3.8298272158 3.8825291612 4.0688108774 4.4156125646 4.4386483292 4.5707617184 4.6136680915 4.7123822629 4.7410010931 4.7686941442 4.8707077585 4.9192048936 4.9855157318 5.0611437547 5.0693045237 5.1491087895 5.2128650904 5.3087426571 5.3246587459 5.4304141649 5.4534034083 5.4860433737 5.5405328881 5.6005651623 5.6074116316 5.7079471695 5.7081686972 5.7280936495 5.7379853841 5.7953954864 5.8504810669 5.8616100217 5.8977474008 5.9752122343 5.9880035981 6.053661775 6.0938742922 6.1155872634 6.1615039619 6.2330326612 6.2888362608 6.3378132977 6.3566778559 6.4119674169 6.478969221 6.4876832974 6.5373907383 6.6893078719 6.7398408272 6.8150884091 6.8820505456 6.8852218974 6.9693028511 7.0648980869 7.1263447157 7.1478217597 7.2329460074 7.2532093439 7.2575613876 7.4632007119 7.5170494791 7.576093153 7.6028015671 7.8497559407 7.8717523729 7.920600914 7.981069677 7.9923399713 8.0159473807 8.0565739306 8.2224814228 8.2556005148 8.3137638049 8.371487901 8.3904126327 8.4114903286 8.5648020425 8.6317177758 8.7188199387 8.7892100903 8.8154600389 8.9395299147 9.044817541 9.0456071468 9.1318414613 9.4893858568 11.0258421935 11.4330345504 11.9111530652 16.0411506758 16.2247774405 16.2359057558 16.3810937694 16.5046607292 16.5215340746 24.1160657083 24.2442063808 24.4538818616
451 1.4197327858 1.5082958949 1.5398822239 1.8397408656 2.712902026 2.7281764894 3.61538456 3.8293203771 3.8779104699 4.0634539819 4.4232540027 4.4497752934 4.5696411057 4.6389031763 4.7098071328 4.7435515093 4.7829317539 4.8691913052 4.9229248184 4.9874313501 5.0457385613 5.090529092 5.1401675118 5.2330456776 5.2980527456 5.3329263917 5.425912942 5.4569094019 5.4915846851 5.5505231106 5.5939529399 5.6023989521 5.6981310964 5.7088791515 5.7357566648 5.7377670484 5.7844961819 5.8483572651 5.8654789079 5.8969256461 5.9688523326 5.9769404959 6.046281344 6.0912526123 6.1111932767 6.160214412 6.2309284087 6.2909459682 6.3329870101 6.3614177013 6.4083233744 6.4749556356 6.4756981748 6.537453789 6.6885546278 6.7437923258 6.8142086905 6.8803214624 6.8806841701 6.9684082862 7.0714763345 7.1296746101 7.1482346188 7.2430686838 7.2468379749 7.2621548665 7.4566855473 7.515183431 7.5696978777 7.6009590117 7.8527219731 7.8766302911 7.9219580269 7.9815285926 7.9937216628 8.0157459508 8.0557369392 8.223358223 8.2508690967 8.3137205718 8.3693493059 8.3915768113 8.4107636709 8.5661999384 8.634551279 8.7168467057 8.7908974146 8.8180947979 8.9383460345 9.0452215306 9.0459118623 9.1324932025 9.4871955786 11.0309191577 11.4403287263 11.9198650997 16.041459356 16.2260667947 16.2366502914 16.3817828599 16.5066921072 16.5226891339 24.1146046313 24.2441963894 24.4531934955
452 1.4174335615 1.4928882484 1.5508832706 1.8289590752 2.6861185621 2.7001226982 3.6179054575 3.8288731203 3.8738969416 4.0587872148 4.4296865244 4.4597960154 4.5686048604 4.6584192824 4.7075713186 4.7486733672 4.7983696537 4.8683863396 4.9255621886 4.9889835711 5.0281980824 5.1107655529 5.1325160363 5.250184117 5.2885434472 5.3410840754 5.4220808239 5.4603722971 5.4987362129 5.5598526318 5.586158569 5.5984352824 5.688123726 5.7099347416 5.7372722794 5.7412877041 5.7743997894 5.8466167314 5.8696620644 5.896208122 5.9637189119 5.9659013536 6.0396192841 6.0861678408 6.110309624 6.1591853489 6.2288100033 6.2928849937 6.3287567145 6.3660115764 6.4050927063 6.463255558 6.4724924166 6.5375269224 6.6878904941 6.7468705603 6.8145746835 6.8754375231 6.8794693148 6.9676559464 7.0775740532 7.132487001 7.1492292555 7.2363949518 7.2564637171 7.2664440791 7.4508557187 7.5133507659 7.563727 7.5993815646 7.8555335366 7.88068482 7.9230228723 7.9819777097 7.9948568403 8.0156516146 8.0551421685 8.2241680751 8.2466052982 8.3135069048 8.3676034965 8.3925944239 8.4101895084 8.5674217534 8.6372377709 8.7148892747 8.792363633 8.8205113367 8.9372757091 9.0455740943 9.0461766258 9.1330776184 9.4853197843 11.0353376289 11.4466713619 11.927436384 16.0417297155 16.2271939327 16.2372953515 16.3823867939 16.5084759016 16.5236996319 24.1133257932 24.244151634 24.4526275922
453 1.415763044 1.47971974 1.561129042 1.8197967985 2.6628730194 2.675602827 3.6200997613 3.8284897082 3.8704931869 4.0548208537 4.4350424304 4.4685966663 4.5676844983 4.6698510626 4.7056768924 4.7613335383 4.8118859293 4.8685153826 4.9274390765 4.9902320467 5.0087296019 5.1260833613 5.1293739739 5.2639910041 5.2803908222 5.3489233913 5.4188786259 5.4639074543 5.507476088 5.5679466467 5.5775982957 5.5957952578 5.6782893921 5.7109829414 5.7365722787 5.7410740286 5.7693196533 5.8452648312 5.8734957987 5.8958252 5.9550933027 5.9597498078 6.0337607703 6.0803452453 6.111241267 6.1583979267 6.2267503929 6.2946013903 6.325162396 6.3704326831 6.4023024134 6.4523288246 6.4698452054 6.5376006676 6.6873203708 6.7491333306 6.8159302845 6.8707229607 6.8784192178 6.9670358586 7.0830309183 7.1348105903 7.1506910519 7.2289051197 7.2660981368 7.2703165207 7.4457852583 7.5116225007 7.5583223218 7.5980658957 7.8580873335 7.8839649388 7.9238385159 7.9824256146 7.9957661892 8.0156184851 8.0547438335 8.2248900289 8.2428801125 8.3131880326 8.3662044762 8.3934614835 8.4097501187 8.5684631004 8.6397056365 8.7130299738 8.7936070935 8.8226514877 8.9363351019 9.0458741873 9.0464009917 9.1335860638 9.4837489063 11.0390896148 11.4520533298 11.9338578859 16.0419605518 16.2281547185 16.2378409979 16.3829027346 16.5100022635 16.5245615588 24.1122345261 24.2440867084 24.4521718603
454 1.4145979597 1.4688536198 1.5702141261 1.8122733061 2.6433845156 2.6550035994 3.6219355336 3.8281731163 3.8677030744 4.051563641 4.4393947431 4.4760547019 4.5669036739 4.6741859816 4.7041253328 4.7811000036 4.822454311 4.8697688791 4.9287680117 4.987639773 4.991214415 5.1207925365 5.1457577618 5.2736926062 5.2744979703 5.3560594468 5.4162796814 5.4675628529 5.5174728807 5.5689836284 5.5739474851 5.5950073065 5.6683295563 5.7119097463 5.734347969 5.7357624257 5.7708328672 5.8442825243 5.8766058712 5.8960278087 5.9447493206 5.9568651853 6.0287879001 6.0750043953 6.1127471253 6.1578266994 6.2248442346 6.2960531442 6.322225082 6.3746540265 6.3999782929 6.4424960013 6.4676601162 6.5376682196 6.6868483662 6.7507091303 6.8179478177 6.8663244824 6.8775450208 6.9665396771 7.0877204126 7.136672068 7.1524516349 7.2220651207 7.2736634212 7.2743166706 7.4415385615 7.5100732473 7.5536285905 7.5970054787 7.8602962304 7.8865295878 7.9244449644 7.9828584009 7.9964719366 8.0156159076 8.0544952723 8.2255059873 8.2397518463 8.312829189 8.3651117008 8.3941748303 8.4094258944 8.5693202446 8.641879348 8.7113504648 8.7946263932 8.8244673322 8.9355397601 9.0461209251 9.0465847029 9.1340114195 9.482474808 11.042168423 11.4564669999 11.9391220363 16.0421508372 16.2289456366 16.2382873032 16.3833282477 16.5112627644 16.5252714921 24.1113353839 24.2440146377 24.4518152376
455 1.4138252167 1.4603437549 1.577754891 1.8064046712 2.62787105 2.6386659821 3.6233878144 3.8279253381 3.8655297486 4.049022762 4.4427764338 4.4820424666 4.5662799456 4.6746929526 4.7029176759 4.8048090094 4.8297514188 4.8720348275 4.9296885397 4.9653217298 4.9919561069 5.1166114232 5.1593357013 5.2684896323 5.2820089582 5.3620419968 5.4142679411 5.4712447639 5.5276791912 5.5615576822 5.5771405084 5.5964288742 5.6580118529 5.7126351137 5.726110944 5.7349558901 5.7746980949 5.8436253371 5.8788460922 5.897040971 5.9351502785 5.9549431697 6.0247841616 6.0706458342 6.1142624265 6.1574393072 6.2231997967 6.2972088303 6.3199506409 6.3786046856 6.3981436686 6.4339850662 6.4659554273 6.5377248123 6.6864778169 6.7517499755 6.820252792 6.8624133128 6.8768557818 6.9661606519 7.0915318892 7.1380946328 7.1542920247 7.2161742406 7.2763849672 7.2809222212 7.4381712221 7.5087759702 7.5497884872 7.596192269 7.8620888485 7.8884411304 7.9248773953 7.9832473914 7.9969954342 8.015625202 8.0543529263 8.22600091 8.2372681762 8.3124881218 8.3642926182 8.3947320235 8.4091975144 8.5699901149 8.6436812359 8.709931586 8.7954203804 8.8259200826 8.9349040018 9.0463135836 9.0467276304 9.1343479961 9.481490805 11.0445686257 11.4599061922 11.9432226915 16.042299724 16.2295638005 16.2386343401 16.3836613187 16.5122504443 16.525826611 24.1106321222 24.2439465376 24.4515482237
456 1.4133483051 1.454233429 1.5834133559 1.8022035908 2.6165572739 2.6268477523 3.6244379573 3.82774764 3.8639756428 4.047203827 4.4451964506 4.4864344865 4.5658259698 4.6738545038 4.7020546249 4.8297694651 4.8341263911 4.8746075608 4.9302912044 4.9423992603 4.992474567 5.1135612624 5.1695497358 5.2647873156 5.2869523951 5.3665055202 5.4128347387 5.4746403419 5.5352904801 5.5578794472 5.5781456126 5.599073848 5.6477693903 5.7131264223 5.7194352612 5.7342712106 5.7783110612 5.8432294891 5.8802560357 5.8989652079 5.9266783253 5.9538049941 6.0218357111 6.0674661647 6.1155030582 6.157199345 6.2219263851 6.2980469398 6.318335137 6.3820876463 6.396818173 6.4271319274 6.4647386698 6.5377672268 6.6862113039 6.7523925321 6.8224308471 6.8592228684 6.8763585013 6.9658935894 7.0943595901 7.1390970186 7.1559454964 7.2115592145 7.2783957328 7.2857634856 7.4357296435 7.5077961163 7.5469336619 7.5956182634 7.8634094213 7.8897579483 7.9251646848 7.9835581973 7.9973551296 8.0156361699 8.0542796925 8.226362962 8.2354666861 8.3122111835 8.3637232619 8.3951312539 8.4090478935 8.570470313 8.6450361107 8.7088499256 8.7959881573 8.8269795417 8.9344401635 9.0464515994 9.0468297245 9.1345914532 9.4807916816 11.0462860312 11.4623661389 11.9461551033 16.0424065485 16.2300069584 16.2388821728 16.3839003657 16.5129598502 16.526224709 24.1101276806 24.2438913367 24.4513631523
457 1.4130932578 1.4505543335 1.5869230233 1.7996792415 2.6096592025 2.6197073796 3.6250730736 3.8276407684 3.8630424884 4.046110855 4.4466521207 4.489121032 4.5655502945 4.6729634441 4.7015366291 4.8363256774 4.8535566022 4.8761796443 4.9206057946 4.9306323503 4.9927812803 5.1116955865 5.1759105303 5.2625746428 5.2897315555 5.3692389214 5.4119759212 5.4771692738 5.5371507736 5.5600002786 5.5782683303 5.6013030702 5.6393677137 5.7133970386 5.7153058353 5.7338129709 5.7807355203 5.8430270558 5.88099053 5.901490687 5.9200454453 5.9532405572 6.0200246896 6.0655413997 6.1163065277 6.1570722815 6.2211188341 6.2985542975 6.3173705937 6.3846603689 6.396016678 6.4224894445 6.4640101627 6.5377934211 6.6860506635 6.752737996 6.8240281176 6.8570721775 6.8760581522 6.9657348128 7.0961055775 7.1396929077 7.1571153819 7.2085782996 7.2796299618 7.2887208279 7.4342494915 7.50718574 7.5451725026 7.5952767945 7.8642178816 7.8905274272 7.9253282634 7.9837593092 7.9975650938 8.0156439746 8.0542474362 8.226583621 8.2343746928 8.3120317217 8.3633876445 8.3953712768 8.4089637378 8.5707591205 8.6458790974 8.7081708234 8.796329081 8.8276239837 8.9341578034 9.04653457 9.0468909767 9.1347387364 9.4803737037 11.0473176613 11.463843455 11.947915896 16.0424708344 16.2302734988 16.2390308514 16.3840442513 16.5133870661 16.526464203 24.1098241689 24.243855563 24.4512543998
458 1.4130135377 1.4493258021 1.5881126247 1.7988371726 2.6073395297 2.6173203078 3.6252856083 3.8276051057 3.8627313219 4.0457462622 4.4471381421 4.4900257263 4.5654578633 4.6726094706 4.7013639373 4.8369839472 4.8682646279 4.8748255933 4.9085699817 4.9307427965 4.9928828061 5.111066592 5.1780727651 5.2618388515 5.2906249549 5.3701565823 5.4116897936 5.4781280198 5.5368120627 5.5621597542 5.5782439877 5.6021408659 5.6359232574 5.7134813353 5.7139266497 5.7336519696 5.7815822996 5.8429660539 5.8812125316 5.9029879191 5.9171479476 5.9530751686 6.0194131832 6.0648978231 6.1165839316 6.1570330026 6.2208419604 6.298724102 6.317049989 6.3856474576 6.3957484619 6.4208042243 6.463767715 6.5378022717 6.6859969947 6.7528465564 6.8246228083 6.856301963 6.8759577063 6.96568213 7.0966967401 7.1398906092 7.1575414956 7.2075419385 7.2800461108 7.2897157688 7.4337534949 7.5069784131 7.5445770124 7.5951634797 7.8644900619 7.8907803643 7.925381308 7.9838289319 7.9976340914 8.0156467284 8.054238661 8.2266577465 8.2340088313 8.3119696916 8.3632767399 8.3954513643 8.4089366432 8.5708555046 8.6461654477 8.7079391037 8.7964427651 8.8278402656 8.9340629894 9.0465622537 9.0469113929 9.1347880314 9.4802346272 11.0476617355 11.464336118 11.9485030509 16.042492295 16.2303624533 16.2390804073 16.3840922895 16.5135297339 16.5265441403 24.109722857 24.2438431933 24.4512185337
459 3.0939777616 3.0975382001 3.1037118587 3.376299334 3.5514988918 3.6181055641 3.6263091994 3.651720149 3.7494672209 3.8905536028 3.9071642246 4.0178617237 4.127708816 4.1528145966 4.3539996353 4.4019432847 4.4269732888 4.4715938685 4.7563911915 4.8402866825 4.882397463 4.9071233278 4.913578596 5.042606213 5.0889723223 5.1352714125 5.2599413079 5.3684911709 5.4729331014 5.5005028365 5.538273491 5.6446256203 5.721394896 5.7441762142 5.7512114637 5.8691424085 5.913701353 5.9627412374 6.0187223865 6.1479193157 6.2641226349 6.3069863598 6.370481566 6.3779250429 6.4339786075 6.4683782085 6.4996835014 6.530021887 6.5306685274 6.5382926158 6.6656452275 6.6920033566 6.753159379 6.7646690611 6.8161669357 6.8730538871 6.8914732772 6.9227583905 6.9601129831 6.9724440239 7.0021318647 7.0095898964 7.1350096175 7.1602982184 7.2794100195 7.4368709938 7.4952717562 7.5380924999 7.5933146652 7.6435327914 7.6986815915 7.8065983852 7.859359327 7.8665469638 7.9558572662 7.9630965605 7.9763159546 8.0257850221 8.0961052524 8.2332478509 8.2366818326 8.2987823133 8.3193248451 8.4303616456 8.5252761509 8.5763174462 8.6107544576 8.7443117892 8.7453251094 8.8729433031 8.8952546455 9.122623426 9.1988303878 11.3711627726 11.4566224554 11.4583572453 16.0330195965 16.1938443211 16.2047339816 16.3674656023 16.476961773 16.5074903938 24.0760723373 24.2149259448 24.3810122185
460 3.094084978 3.0976384633 3.1036531297 3.37599064 3.5487033605 3.6133900309 3.6293248927 3.6568486259 3.7490376057 3.889345245 3.9073789439 4.0188143226 4.1279154249 4.1528237296 4.354124003 4.4019506804 4.4270166776 4.4716178438 4.7564389361 4.840320536 4.8824378602 4.9070795434 4.9137226499 5.0425832394 5.0892487283 5.1353706622 5.259938209 5.3675491104 5.4719166903 5.5010247986 5.5378346806 5.6440160061 5.7223510111 5.744361268 5.7511604334 5.8694631647 5.9144067141 5.9623501807 6.0188816314 6.1478011165 6.2641512916 6.306610501 6.3707110114 6.3778900978 6.4342272357 6.4679330883 6.4994185303 6.5297208118 6.5310025774 6.5384122931 6.6651799685 6.6920134412 6.7530599329 6.7651116704 6.8158337631 6.8733361785 6.8902446491 6.9225919874 6.9600962412 6.9736225745 7.0021969004 7.0099069007 7.1350897743 7.1603205768 7.2796072257 7.4369681156 7.4952991361 7.5380983579 7.5932832231 7.6435717262 7.6986726974 7.8065359432 7.8593633807 7.866580033 7.9558413977 7.962991362 7.9763315405 8.0257629988 8.0961307866 8.2332336366 8.2366750986 8.2987797925 8.3193083899 8.4301769818 8.5253588906 8.5762998976 8.6106787547 8.7443729327 8.7453686842 8.8729367036 8.8952256323 9.12265442 9.1988454541 11.3711620047 11.456622459 11.4583574464 16.0330206965 16.1938419166 16.2047337257 16.3674644204 16.4769630707 16.5074916531 24.076072282 24.2149259436 24.3810122519
461 3.0944065943 3.0979391914 3.1034769895 3.3750634374 3.541365985 3.6034988508 3.6373227842 3.667980177 3.7477579213 3.8858365332 3.9080147172 4.021546348 4.1285443859 4.1528509275 4.354495676 4.401972759 4.4271475037 4.4716899039 4.7565823402 4.840419634 4.8825593282 4.9069491236 4.9141563012 5.0425148363 5.0900747344 5.1356675752 5.2599274968 5.3647809895 5.4689194339 5.5025332798 5.5365246588 5.6421951822 5.7251684152 5.7449175517 5.7510260296 5.8704186356 5.9164958605 5.9611846117 6.0193595983 6.1474457341 6.2642328293 6.3054944392 6.3713922166 6.3777843066 6.434958699 6.4666294423 6.4986351197 6.5288232262 6.5319740507 6.5387606109 6.66382327 6.6920428525 6.752762099 6.7664060797 6.8148542881 6.8741634713 6.8868010293 6.9220959208 6.9600463221 6.976800014 7.0025087181 7.0108528644 7.1353296183 7.1603875473 7.2801973898 7.4372585639 7.4953819326 7.5381159031 7.5931895623 7.643688389 7.6986459974 7.8063487579 7.8593749281 7.8666791466 7.9557938307 7.9626769789 7.9763782425 8.0256969076 8.0962070356 8.2331910111 8.2366549249 8.2987722387 8.3192590979 8.4296252113 8.5256051052 8.5762453878 8.6104547892 8.7445550346 8.7454991713 8.8729170879 8.8951387565 9.1227472251 9.1988905848 11.3711597041 11.4566224699 11.4583580488 16.0330239926 16.1938347126 16.2047329588 16.3674608792 16.4769669588 16.5074954257 24.076072116 24.2149259398 24.3810123519
462 3.0949425116 3.0984401994 3.1031835798 3.3735146379 3.5313401958 3.592287047 3.6484495302 3.6812641219 3.7456546044 3.8803261717 3.9090474305 4.0257309583 4.1296230089 4.1528955942 4.3551103546 4.4020091966 4.4273677545 4.4718104498 4.7568219143 4.84057675 4.8827626963 4.9067348144 4.914883846 5.0424022597 5.0914409864 5.1361596013 5.2599048265 5.3603440721 5.4640864724 5.5048732183 5.5343622132 5.6391877603 5.7297050916 5.7458482698 5.7508590908 5.8719888891 5.9198926476 5.9592670637 6.0201569637 6.1468507545 6.2643545034 6.3036711116 6.372503239 6.3776047469 6.436131436 6.4645523869 6.4973648136 6.5273465738 6.5335009971 6.5393083798 6.6616832091 6.6920890615 6.7522673912 6.7684610961 6.8132829942 6.8754826807 6.8817014487 6.9212792129 6.959964134 6.9809906553 7.0034960671 7.0124130924 7.135727283 7.1604988163 7.2811762334 7.437739588 7.4955221051 7.5381450498 7.5930356844 7.6438823553 7.6986014399 7.8060372507 7.8593921221 7.8668440229 7.9557146815 7.962157037 7.9764558897 8.0255866893 8.0963329556 8.2331200266 8.2366213959 8.2987596782 8.3191771893 8.4287128269 8.5260089496 8.576148288 8.6100919738 8.7448541648 8.7457158604 8.8728850029 8.8949945074 9.1229013129 9.1989655753 11.3711558799 11.456622488 11.4583590501 16.033029472 16.1938227374 16.204731684 16.3674549933 16.4769734214 16.5075016964 24.0760718402 24.2149259335 24.3810125182
463 3.0956925653 3.0991411789 3.1027731396 3.3713400007 3.5199352405 3.5809326109 3.661396021 3.6955287869 3.7427685045 3.8731878437 3.9104400806 4.0309481594 4.1311962228 4.1529567607 4.3559608434 4.4020594603 4.4276807726 4.4719801438 4.7571585072 4.8407803666 4.8830493472 4.9064410175 4.9159118758 5.0422467019 5.0933327278 5.1368423476 5.2598626223 5.3544548947 5.4576289738 5.5078325319 5.5313772579 5.6350359677 5.7357551232 5.7471582347 5.7507293766 5.8741421706 5.9244839252 5.9566342758 6.0212747852 6.1460119603 6.2644967945 6.301190613 6.3740057018 6.377346368 6.4376813176 6.4618172897 6.4956519758 6.5253216922 6.5354734999 6.540015123 6.6589145266 6.6921478445 6.7515783387 6.7711497853 6.8111952999 6.8755336893 6.8772207661 6.9201556843 6.9598511555 6.9847405976 7.006027928 7.0145644672 7.1362797013 7.1606538641 7.2825369001 7.4384066083 7.4957228837 7.538185656 7.5928249413 7.6441529191 7.6985389432 7.8056021229 7.8594118645 7.867074192 7.9556041439 7.9614375453 7.9765641867 8.0254322599 8.0965068627 8.2330207715 8.2365746519 8.2987421548 8.31906303 8.4274501155 8.5265612134 8.5759991128 8.6096059252 8.7452639526 8.7460175761 8.8728413535 8.8947936946 9.1231158094 9.1990700867 11.3711505473 11.456622513 11.4583604464 16.0330371139 16.1938060378 16.2047299062 16.3674467866 16.4769824328 16.5075104398 24.0760714555 24.2149259248 24.38101275
464 3.0966565248 3.1000416967 3.10224601 3.3685354627 3.507864901 3.5698258738 3.6754486517 3.7103907825 3.7391509116 3.8647797878 3.9121467093 4.0367770879 4.1333247117 4.1530331195 4.3570370128 4.4021228175 4.4280912954 4.4721999004 4.757593304 4.8410154368 4.8834212184 4.9060735461 4.9172484538 5.0420482142 5.0957307339 5.1377093471 5.2597895443 5.3473479041 5.449792311 5.5111846418 5.5276089634 5.6297997067 5.7430805381 5.7488531113 5.75070999 5.8768368747 5.930135047 5.9533362501 6.0227143951 6.14492305 6.2646356155 6.2981146135 6.3758421672 6.3770017096 6.4395277793 6.4585468607 6.4935458195 6.5227955096 6.5377768576 6.5408369935 6.65569383 6.6922132671 6.7506984933 6.7743337045 6.8086731924 6.8687638573 6.8792991692 6.9187425344 6.9597093848 6.9867614184 7.0109293919 7.0172771148 7.1369826671 7.1608519685 7.2842703382 7.4392532232 7.4959887138 7.5382375241 7.5925620597 7.6444990958 7.6984584026 7.8050443528 7.8594297773 7.8673689957 7.9554624904 7.9605268481 7.9767026972 8.0252335323 8.0967265119 8.2328933715 8.2365148884 8.2987197295 8.31891713 8.4258504555 8.5272500188 8.5757844295 8.609018311 8.7457758388 8.7464026902 8.8727873922 8.894537438 9.1233895046 9.1992036471 11.3711437274 11.4566225448 11.4583622322 16.0330468894 16.1937846794 16.2047276325 16.3674362924 16.4769939566 16.5075216204 24.0760709636 24.2149259136 24.3810130465
465 3.0978340932 3.101141194 3.1016026402 3.3650989142 3.4955065461 3.5591346627 3.6902302546 3.7256880429 3.7348593203 3.8554014918 3.9141165877 4.0428438194 4.1360804068 4.1531230708 4.3583257588 4.4021983498 4.4286055018 4.4724708735 4.7581278209 4.8412643811 4.8838808035 4.9056393186 4.9189020264 5.0418045938 5.0986121382 5.1387516947 5.2596696801 5.3392472546 5.4408298826 5.514718273 5.5231035335 5.6235545135 5.7508648719 5.7509384379 5.7514374128 5.8800239153 5.9367044044 5.9494354792 6.0244772477 6.1435752703 6.2647447604 6.2945109241 6.3765604949 6.3779325939 6.4415801167 6.4548567048 6.4910943833 6.5198348927 6.5403064263 6.5417327272 6.6522004478 6.6922776562 6.7496324409 6.7778811339 6.8057950095 6.8617203854 6.881644136 6.9170589647 6.9595412727 6.9869662038 7.0179605874 7.0205161409 7.137830919 7.1610922103 7.2863657797 7.440271218 7.4963251797 7.5383004025 7.5922531726 7.6449196253 7.6983596991 7.8043651931 7.8594401634 7.8677275868 7.9552900723 7.9594355663 7.976870822 8.0249904464 8.0969891983 8.2327379921 8.2364423551 8.2986924808 8.3187401409 8.4239295001 8.5280616305 8.5754868731 8.6083565267 8.7463793939 8.7468691378 8.8727247052 8.8942271556 9.1237208657 9.1993656548 11.3711354472 11.4566225831 11.4583644005 16.033058761 16.1937587459 16.2047248717 16.3674235535 16.4770079466 16.5075351929 24.0760703663 24.2149259 24.3810134065
466 3.0992249076 3.1008435973 3.1024389848 3.3610322796 3.4830691357 3.5489463201 3.7055320736 3.72995362 3.7413356904 3.8452863186 3.9162979602 4.0488372952 4.1395379275 4.1532247771 4.3598109726 4.4022849697 4.4292310524 4.4727944398 4.7587639001 4.8415082434 4.8844311533 4.9051460159 4.920880145 5.0415103911 5.101950906 5.1399575063 5.259481402 5.330354096 5.4309872273 5.5179118999 5.5182521765 5.6163873471 5.7512420332 5.7534185069 5.7605913985 5.8836492218 5.9440543874 5.9450068648 6.0265647199 6.141956987 6.2647981738 6.2904492236 6.376009086 6.3801700053 6.4437430131 6.4508498281 6.488341234 6.5165316166 6.5426668546 6.5429736437 6.6486051455 6.692331554 6.7483858165 6.7816769761 6.8026304398 6.8546252703 6.8841918514 6.9151251302 6.9593496447 6.9859721397 7.0242431656 7.0262817656 7.1388182393 7.1613734806 7.2888112707 7.4414505758 7.4967389029 7.5383739873 7.5919058595 7.6454129767 7.6982427113 7.803566165 7.8594359587 7.8681489288 7.9550873211 7.9581765323 7.9770677712 8.0247030076 8.0972918746 8.2325548412 8.2363573547 8.2986605041 8.3185328529 8.4217043583 8.528981268 8.5750854269 8.607653069 8.7470626792 8.7474144381 8.8726551929 8.8938645477 9.1241080538 9.1995553825 11.3711257395 11.4566226276 11.4583669427 16.0330726835 16.1937283391 16.2047216346 16.3674086215 16.4770243466 16.5075511024 24.076069666 24.214925884 24.3810138286
467 3.0999695776 3.1008285384 3.1039342541 3.3563436669 3.4706762114 3.5393101414 3.7212307468 3.7244931119 3.7572814049 3.8346104445 3.9186409488 4.0545133858 4.1437615725 4.1533362239 4.3614735414 4.4023814418 4.4299771077 4.4731721792 4.7595037018 4.8417279032 4.8850758775 4.9046017301 4.9231880973 5.0411560781 5.1057177925 5.1413111312 5.2591958296 5.3208449579 5.4204960868 5.5120875644 5.5216391551 5.6083911453 5.7518722285 5.7562952119 5.770322642 5.8876561349 5.9401390457 5.9520581334 6.0289778626 6.1400532331 6.2647717184 6.2859983268 6.3753298062 6.3824156775 6.4459210166 6.4466169503 6.4853243612 6.5130081701 6.5436107116 6.5457063794 6.6450649386 6.6923636493 6.7469653208 6.7856259482 6.7992394203 6.8476269164 6.8868897143 6.9129615483 6.9591376137 6.9842508333 7.0284175324 7.0352691435 7.1399375662 7.1616944883 7.2915942043 7.4427794905 7.4972374177 7.5384579249 7.5915291901 7.6459773534 7.698107329 7.8026490524 7.8594086784 7.8686317954 7.9548547494 7.9567647228 7.9772925322 8.0243713317 8.0976312746 8.2323441726 8.2362602416 8.298623912 8.3182961909 8.4191928569 8.5299938346 8.5745561685 8.6069444335 8.7478126222 8.7480357191 8.8725810456 8.8934515785 9.1245489428 9.199771981 11.3711146429 11.4566226779 11.4583698487 16.0330886039 16.1936935782 16.2047179339 16.3673915572 16.4770430908 16.5075692845 24.0760688655 24.2149258658 24.3810143111
468 3.0989814223 3.1026444893 3.105626055 3.351049274 3.4584058276 3.5302520242 3.718534457 3.7372483429 3.7734888177 3.8235056765 3.9210995148 4.0596974512 4.1487899344 4.1534552824 4.3632914068 4.4024864059 4.4308542981 4.47360585 4.7603496931 4.8419052232 4.885819145 4.9040146261 4.9258275596 5.0407273259 5.1098796641 5.1427920111 5.258774869 5.310876135 5.4095758133 5.5056847444 5.5247645119 5.599659433 5.7527711497 5.7595669864 5.7804219357 5.8919875418 5.9349381867 5.9606026957 6.0317171073 6.1378452894 6.2646442752 6.2812248704 6.3745001612 6.3844947185 6.4422394831 6.4480221759 6.482076369 6.5094234567 6.5445421465 6.5484467184 6.6417212071 6.6923606807 6.7453787415 6.7896517214 6.7956731641 6.840823817 6.8896955161 6.9105889688 6.9589084905 6.982054625 7.0329971995 7.0445641556 7.141181113 7.1620537696 7.294701807 7.4442443831 7.4978290201 7.5385518136 7.5911337704 7.6466106996 7.6979534694 7.8016158933 7.8593483637 7.8691747695 7.9545929522 7.9552171929 7.9775438318 8.0239956984 8.0980040381 8.2321062899 8.2361514199 8.2985828337 8.3180312104 8.4164129398 8.5310845104 8.5738736728 8.6062693647 8.7486153865 8.7487297444 8.8725047141 8.8929904555 9.1250411414 9.200014485 11.3711022013 11.4566227335 11.4583731071 16.0331064613 16.1936545996 16.2047137841 16.3673724296 16.477064104 16.5075896656 24.0760679679 24.2149258454 24.3810148521
469 3.097880136 3.1046721969 3.1075133066 3.3451747093 3.4463104535 3.5217802374 3.7121304633 3.7535324197 3.7899303677 3.8120710054 3.9236325714 4.0642855734 4.1535797726 4.1546231089 4.3652397144 4.4025984044 4.4318746147 4.4740973622 4.7613046351 4.8420240175 4.8866656842 4.9033926333 4.9287953774 5.0402042994 5.1143980236 5.1443730342 5.2581689271 5.3005907535 5.3984393407 5.4987569016 5.5275423528 5.5902819676 5.753943072 5.763227954 5.7906793305 5.8965876667 5.9295359235 5.9695897168 6.0347819322 6.1353103663 6.2643981589 6.2761930231 6.3734920566 6.3861941697 6.437793193 6.4499612482 6.4786252468 6.5059761284 6.5454446472 6.5511480679 6.6386988998 6.692307311 6.7436349757 6.791976035 6.7936941194 6.8342799857 6.892575808 6.9080286409 6.9586656945 6.9795224403 7.0379393833 7.0539517583 7.1425404909 7.1624496983 7.2981215392 7.4458299236 7.4985225929 7.538655207 7.5907317862 7.647310707 7.6977810942 7.8004689683 7.8592435347 7.8697762435 7.9535530082 7.9543026083 7.9778200956 8.0235766107 8.0984068278 8.2318415509 8.2360313418 8.298537415 8.3177390918 8.4133822208 8.5322391907 8.5730131416 8.6056664105 8.7494567173 8.7494929437 8.8724288743 8.8924836073 9.1255820161 9.2002818185 11.3710884639 11.4566227941 11.4583767051 16.0331261874 16.1936115563 16.2047092015 16.3673513164 16.477087302 16.5076121635 24.0760669768 24.2149258228 24.3810154495
470 3.0966669103 3.1069110302 3.1095947897 3.3387554427 3.4344273932 3.5138883632 3.7053295274 3.7700455571 3.8003815897 3.8065838452 3.9262044333 4.0682401597 4.1537075237 4.1612181021 4.367291094 4.4027159107 4.4330511824 4.4746487455 4.7623715646 4.8420707513 4.8876207815 4.9027431775 4.9320825476 5.039560874 5.1192264499 5.1460181528 5.2573147249 5.2901270703 5.3873014654 5.4913556636 5.5299114626 5.5803418363 5.7553845141 5.7672673913 5.8008644724 5.9014034924 5.9241042942 5.9789346263 6.0381704996 6.1324214805 6.2640189439 6.270964762 6.3722712228 6.3872678072 6.4333514729 6.4516628454 6.4749952902 6.5029012221 6.5463063204 6.5537724498 6.6361055779 6.6921859755 6.7417440541 6.7881875568 6.7977056233 6.8280349034 6.8955041592 6.9053029076 6.958412669 6.9767415921 7.0432010409 7.0632886881 7.1440068306 7.1628804963 7.3018413733 7.447519064 7.4993274041 7.5387676171 7.5903370362 7.6480748227 7.6975902296 7.7992107879 7.8590811632 7.8704344179 7.9517931681 7.9539844817 7.9781194024 8.0231148605 8.0988364351 8.231550373 8.2359005051 8.2984878179 8.3174211351 8.4101176864 8.5334447757 8.5719530721 8.6051709758 8.750321444 8.7503222532 8.8723563857 8.8919336602 9.1261687168 9.2005728016 11.3710734853 11.456622859 11.4583806285 16.0331477066 16.1935646172 16.204704204 16.367328303 16.4771125918 16.5076366872 24.0760658961 24.2149257982 24.3810161009
471 3.0953431514 3.1093602901 3.111869143 3.3318362604 3.422784513 3.5065576189 3.6981755328 3.7867595757 3.7884953288 3.8234305499 3.9287848047 4.0715775601 4.1538364288 4.1684946389 4.3694161146 4.4028373601 4.4343978722 4.4752621141 4.7635537723 4.8420349252 4.888690278 4.9020729539 4.9356734291 5.0387637042 5.124306413 5.1476789426 5.2561343716 5.279627889 5.3763873922 5.4835301101 5.5318314151 5.5699139465 5.7570872216 5.7716695642 5.8106954379 5.9063858284 5.9188820855 5.9885651128 6.0418792814 6.1291476335 6.2634948479 6.265600288 6.3707972382 6.3874536257 6.4289875583 6.4530646503 6.4712079661 6.5004539883 6.5471189331 6.5562882607 6.6340298697 6.6919767165 6.7397171653 6.7843442413 6.8016477643 6.8221101562 6.8984596095 6.9024360906 6.958152803 6.9737751037 7.0487392604 7.0724699529 7.1455709001 7.1633442455 7.3058499274 7.4492930876 7.5002528824 7.5388885171 7.5899649474 7.6489002574 7.6973809874 7.7978440766 7.8588466809 7.8711473019 7.9499605082 7.9536394234 7.9784394358 8.0226116006 8.0992898706 8.2312332386 8.2357594513 8.29843422 8.3170787532 8.4066355274 8.5346893328 8.5706779538 8.6048123939 8.7511977982 8.7512111035 8.8722902439 8.8913434137 9.1267982019 9.2008861567 11.3710573247 11.4566229278 11.4583848617 16.0331709366 16.1935139666 16.2046988112 16.3673034824 16.4771398722 16.507663138 24.07606473 24.2149257716 24.3810168037
472 3.0939105131 3.1120192087 3.1143348578 3.3244697964 3.4114035277 3.4997593236 3.6907080318 3.7764575559 3.8036521864 3.840454221 3.9313484793 4.0743502072 4.1539644928 4.1763483326 4.3715839485 4.4029611826 4.4359287191 4.475939628 4.7648547745 4.8419091493 4.889880564 4.9013877403 4.9395451457 5.0377711187 5.1295605167 5.1492896674 5.2545382584 5.2692518993 5.3659388404 5.4753263632 5.5332790792 5.559064598 5.7590403041 5.7764139401 5.8197918966 5.9114900598 5.9142173198 5.9984193472 6.0459026946 6.1254544087 6.2601582388 6.262815821 6.3690247404 6.3865083658 6.4247750788 6.454120535 6.4672826474 6.4988764871 6.5478770932 6.55866852 6.6325395093 6.6916570331 6.737566678 6.7804811162 6.8054875789 6.8165141429 6.8994556818 6.9014254026 6.9578893632 6.9706737155 7.0545115986 7.0814130026 7.1472232152 7.1638389 7.3101364379 7.4511316864 7.5013083687 7.539017345 7.5896325594 7.6497839948 7.6971535881 7.796371754 7.8585240457 7.8719127128 7.9480795588 7.9532683729 7.9787774324 8.0220684224 8.0997644373 8.2308907008 8.2356087627 8.2983768147 8.3167134646 8.4029510731 8.5359621576 8.5691802845 8.6046117246 8.7520695532 8.7521575452 8.8722335271 8.8907158165 9.1274672651 9.2012205163 11.371040046 11.4566229999 11.4583893882 16.0331957882 16.1934598032 16.2046930443 16.367276955 16.477169034 16.5076914093 24.0760634832 24.2149257433 24.3810175552
473 3.0923709353 3.1148869483 3.1169902719 3.3167144015 3.400301955 3.4934576234 3.6829625862 3.7643043648 3.8207049648 3.8576403681 3.9338748818 4.0766285832 4.1540898727 4.1846653992 4.3737632619 4.4030858353 4.4376571261 4.4766834496 4.7662782782 4.84168895 4.8911985702 4.9006922407 4.9436670919 5.036531879 5.1348816149 5.1507603535 5.2524364092 5.259188521 5.3562133732 5.4667874199 5.5342455092 5.5478517728 5.7612316254 5.7814757318 5.8276180518 5.9106206076 5.9166766166 6.0084442189 6.0502327716 6.121305088 6.2546954514 6.2619724586 6.366906521 6.3842544981 6.420786328 6.4548031324 6.4632372083 6.4983515442 6.5485775815 6.5608895379 6.6316795073 6.6912017929 6.7353061571 6.7766329119 6.8091940798 6.8112456517 6.8963939165 6.9043879922 6.9576254362 6.9674813931 7.0604763866 7.0900499002 7.148954142 7.1643622979 7.3146905735 7.4530130786 7.5025028504 7.5391535076 7.5893584646 7.650722801 7.6969083848 7.794796914 7.8580958922 7.8727282768 7.9461763343 7.9528723596 7.9791301262 8.0214874379 8.1002577853 8.23052339 8.23544906 8.2983158102 8.3163268856 8.3990788006 8.5372537632 8.5674613237 8.604580859 8.7529243097 8.7531561909 8.8721893364 8.8900539416 9.1281725611 9.2015744305 11.3710217178 11.4566230748 11.4583941899 16.0332221657 16.19340234 16.2046869258 16.3672488275 16.4771999606 16.5077213874 24.0760621606 24.2149257131 24.3810183524
474 3.0907266875 3.1179626004 3.1198335629 3.3086317127 3.3894943101 3.4876122903 3.6749711762 3.7520649765 3.8379020741 3.8749758239 3.9363475422 4.0784872297 4.1542109085 4.193334297 4.3759233116 4.4032098352 4.4395948755 4.4774956963 4.767828139 4.8413723844 4.8926517548 4.8999899476 4.948000405 5.0349839412 5.1401156102 5.1519675734 5.2496784446 5.2497644665 5.3474710876 5.4579531613 5.5347331777 5.5363258305 5.7636486301 5.7868266804 5.8334668247 5.9087778692 5.9219112004 6.0185937115 6.0548588916 6.1166623427 6.2492661386 6.260954814 6.364398925 6.3806216143 6.4170879225 6.45510529 6.4590884965 6.498962187 6.5492188208 6.5629299183 6.6314711461 6.690583284 6.7329503698 6.7728348711 6.8062967515 6.8127345755 6.8932898617 6.9073362798 6.9573638824 6.9642379601 7.066593006 7.0983233429 7.1507539879 7.1649121743 7.3195021009 7.454914183 7.5038446788 7.5392963837 7.5891626844 7.651713235 7.69664589 7.793122801 7.857543798 7.8735914292 7.9442780218 7.9524525045 7.9794936915 8.020871367 8.1007679494 8.2301320207 8.235280999 8.2982514291 8.3159207219 8.395032395 8.5385558193 8.5655304371 8.6047230708 8.75374961 8.7542022955 8.872160732 8.8893609632 9.1289106322 9.201946375 11.3710024126 11.4566231518 11.4583992481 16.0332499675 16.1933418026 16.2046804799 16.3672192135 16.4772325286 16.5077529518 24.0760607674 24.2149256814 24.3810191921
475 3.0889804176 3.1212451847 3.1228627391 3.3002842827 3.37899285 3.4821813285 3.6667626249 3.7397634345 3.8552294296 3.8924484245 3.9387535596 4.0799961443 4.1543261459 4.2022526597 4.3780351785 4.4033317912 4.4417510144 4.4783783888 4.7695083085 4.8409595362 4.8942480859 4.8992830062 4.9524972258 5.0330535091 5.1450362139 5.1527436373 5.2410414478 5.2465277345 5.3399446848 5.4488604875 5.524530385 5.5347535288 5.7662787842 5.7924359673 5.836624027 5.9093835674 5.9271647974 6.0288274586 6.0597675956 6.1114904601 6.2439204747 6.2597511482 6.3614690796 6.3756604084 6.4137344118 6.4548527061 6.455039931 6.5006784846 6.5498004573 6.5647698241 6.6319123744 6.6897715138 6.7305152745 6.7691231195 6.8016552336 6.8160706176 6.8901921871 6.910261036 6.9571073002 6.9609803755 7.0728221326 7.1061846666 7.1526130832 7.1654861735 7.3245604329 7.4568108686 7.5053412791 7.5394453282 7.5890664645 7.6527516587 7.6963668036 7.7913527837 7.8568486946 7.8744994161 7.9424125369 7.9520100216 7.9798636833 8.0202236264 8.10129337 8.229717398 8.2351052682 8.2981839079 8.3154967596 8.3908248442 8.5398610632 8.5634033874 8.6050346545 8.7545338784 8.7552909801 8.8721506652 8.8886401331 9.1296779329 9.2023347589 11.3709822067 11.4566232305 11.4584045427 16.0332790865 16.1932784288 16.2046737317 16.3671882318 16.4772666078 16.5077859758 24.0760593091 24.2149256482 24.3810200711
476 3.0871352056 3.124733647 3.1260756294 3.2917335426 3.3688080401 3.4771231662 3.658363006 3.7274198327 3.8726741314 3.91004677 3.9410830889 4.081216734 4.1544343497 4.2113301516 4.3800730133 4.4034504348 4.4441307381 4.4793333945 4.7713227726 4.8404519636 4.8959960187 4.8985720597 4.9570995408 5.0306548862 5.1493159986 5.1528678362 5.2337067834 5.2428544418 5.3337983254 5.4395435326 5.5125032169 5.5343248481 5.7691097693 5.7982711434 5.8367693216 5.9127375065 5.9324135085 6.0391094778 6.0649425008 6.1057579454 6.2387027428 6.2583466472 6.3581021286 6.3695232561 6.4107617326 6.4505456754 6.4546381631 6.5033779026 6.5503230349 6.5663904493 6.6329798321 6.6887348877 6.7280179838 6.7655345104 6.7973067231 6.8191534025 6.8871627429 6.9131544641 6.9568580023 6.957743329 7.0791259445 7.1135929222 7.1545218512 7.1660818616 7.3298541028 7.4586782987 7.5069988572 7.5395996759 7.5890919673 7.653834249 7.6960720426 7.7894903276 7.8559914441 7.8754492956 7.9406079237 7.9515462189 7.9802349775 8.0195484208 8.1018328994 8.2292804249 8.2349225852 8.2981134964 8.3150568553 8.38646855 8.5411631942 8.5611001857 8.6055070287 8.7552665289 8.7564172637 8.8721619075 8.8878947593 9.1304708542 9.2027379334 11.3709611801 11.4566233102 11.4584100529 16.0333094101 16.1932124679 16.2046667078 16.367156007 16.4773020626 16.5078203272 24.0760577914 24.2149256137 24.3810209858
477 3.0851946201 3.1284268573 3.1294698715 3.2830382433 3.3589488461 3.4723983139 3.6497960193 3.7150512161 3.8902240618 3.9277600332 3.9433288694 4.0822007546 4.1545345105 4.2204886794 4.3820151322 4.4035646477 4.4467344309 4.4803623651 4.7732754765 4.839852147 4.8978560454 4.8979044642 4.9617373462 5.0276918826 5.1520696094 5.1525208017 5.2282184382 5.2390293799 5.3290945252 5.4300339283 5.5002771432 5.5334704512 5.7721295297 5.8042989789 5.8342179192 5.9185011039 5.9376382197 6.0494070562 6.0703643193 6.0994402048 6.2336493401 6.2567221571 6.3543057863 6.3624265933 6.4081832499 6.4461831279 6.4539458819 6.5068840442 6.550787738 6.5677736632 6.6346323103 6.6874413958 6.7254766923 6.7621058458 6.7932365182 6.8219187265 6.8842807995 6.9160098705 6.9545594719 6.9566180009 7.0854682904 7.120514527 7.1564708675 7.1666967385 7.3353702228 7.460491383 7.5088221127 7.5397587453 7.5892618463 7.6549570083 7.6957627733 7.787538965 7.8549535847 7.8764379406 7.9388915949 7.9510624997 7.9806017157 8.0188508295 8.1023857945 8.2288221087 8.2347336936 8.2980404567 8.3146029266 8.3819754504 8.5424567644 8.5586430616 8.606128742 8.7559380522 8.7575760941 8.8721969804 8.8871281859 9.1312857469 9.2031541999 11.370939416 11.4566233903 11.4584157569 16.0333408208 16.1931441792 16.2046594359 16.3671226681 16.4773387515 16.5078558684 24.0760562204 24.2149255779 24.3810219327
478 3.0831627781 3.1323236075 3.1330428971 3.27425341 3.3494229114 3.4679704757 3.641083329 3.7026722479 3.9078675884 3.9454858012 3.9455778003 4.0829908415 4.1546258436 4.2296612591 4.3838448007 4.4036734874 4.4495570266 4.4814666679 4.7753702371 4.8391629649 4.8971319038 4.899982752 4.9663258149 5.0240617295 5.1500612354 5.1541972546 5.225144644 5.2354687602 5.3257910095 5.420361093 5.4878808033 5.5322171886 5.7753262357 5.8104861635 5.8296490501 5.9259669563 5.942824146 6.0596897519 6.0760109757 6.0925219357 6.2287870335 6.2548530876 6.3501102723 6.3546156564 6.4059903708 6.4417808745 6.4530194396 6.5110031857 6.5511961913 6.5689018017 6.6368151038 6.6858603829 6.7229105554 6.7588724303 6.7894311789 6.8242824037 6.8816470008 6.9188214165 6.9514594397 6.9563890021 7.0918148201 7.1269231912 7.15845091 7.1673282503 7.3410939901 7.4622253489 7.5108139657 7.5399218426 7.589598695 7.6561157772 7.6954404459 7.7855022643 7.853718216 7.8774620417 7.9372894355 7.9505603633 7.9809572576 8.018136885 8.1029516997 8.2283435684 8.23453936 8.2979650629 8.3141369412 8.3773571422 8.5437370709 8.5560548731 8.6068870526 8.7565400862 8.7587623766 8.8722580866 8.8863437736 9.1321189425 9.2035818185 11.3709170004 11.4566234705 11.4584216323 16.0333731968 16.1930738313 16.2046519444 16.3670883486 16.4773765288 16.5078924576 24.0760546022 24.2149255411 24.381022908
479 3.0810444038 3.1364226084 3.1367919149 3.2654297569 3.340236661 3.4638071748 3.6322448632 3.6902957127 3.9255933324 3.9475505728 3.9634899309 4.0836217071 4.1547077827 4.2387904037 4.3855505865 4.4037762087 4.4525878042 4.4826473112 4.7776106411 4.8383872069 4.8963941404 4.9022405826 4.9707610691 5.0196623608 5.1466145322 5.1541054735 5.2248388542 5.2326189986 5.3237707755 5.4105525285 5.4753393473 5.530594252 5.7786882027 5.8167998108 5.8237128486 5.9344499442 5.9479602792 6.0699284702 6.0818578062 6.0849988601 6.2241318535 6.2527088432 6.345563879 6.3463420746 6.4041575189 6.4373549852 6.4519210734 6.5155478593 6.5515503007 6.5697575958 6.639464581 6.6839648425 6.720339508 6.7558660362 6.7858798677 6.8261388012 6.8793843449 6.9215839314 6.9484717525 6.9561724072 7.0981330792 7.1327999227 7.1604529991 7.1679738005 7.3470083042 7.4638564226 7.5129753058 7.5400882653 7.5901243738 7.6573062466 7.6951068305 7.783383798 7.8522709633 7.8785181113 7.9358248322 7.9500414049 7.9812941526 8.0174136318 8.1035306186 8.2278460404 8.2343403704 8.2978875996 8.3136609064 8.3726250033 8.545000054 8.5533580399 8.6077689968 8.757065472 8.759971001 8.872347046 8.8855448831 9.1329667738 9.2040190162 11.370894022 11.45662355 11.4584276557 16.0334064121 16.1930017011 16.2046442629 16.3670531856 16.4774152441 16.5079299488 24.0760529433 24.2149255033 24.3810239079
480 3.0788448864 3.1407138896 3.1407224857 3.256613472 3.3313953574 3.4598799924 3.6232990791 3.6779328984 3.9433899789 3.9495213361 3.981486429 4.0841214861 4.1547799685 4.2478265 4.3871262474 4.403872282 4.4558106523 4.4839048613 4.7799999262 4.8375271163 4.8956341473 4.9046879705 4.9749141245 5.0144032714 5.1416634717 5.1524353833 5.2272136308 5.230817123 5.3228862498 5.4006341173 5.4626750293 5.5286322562 5.7822037897 5.816880043 5.8232077398 5.9434353767 5.9530387755 6.0768785681 6.0800945709 6.0878778165 6.2196888918 6.2502535219 6.337853576 6.3407263985 6.4026492814 6.4329219418 6.4507146959 6.5203475733 6.551852126 6.5703242301 6.6425123758 6.6817339791 6.7177840095 6.7531125546 6.7825754261 6.8273676776 6.877630978 6.9242927704 6.9456226458 6.9559693207 7.104392574 7.1381329814 7.1624684297 7.1686307613 7.3530935466 7.465362599 7.5153047714 7.5402573059 7.5908592405 7.6585239701 7.6947640563 7.781187111 7.8506009188 7.8796024889 7.9345177255 7.9495073158 7.9816041414 8.0166891545 8.1041228804 8.2273308848 8.2341375266 8.2978083616 8.313176858 8.3677903105 8.5462422051 8.5505739294 8.6087620095 8.7575082949 8.7611968664 8.8724652384 8.884734859 9.1338255933 9.2044639952 11.3708705716 11.4566236284 11.4584338035 16.0334403374 16.1929280724 16.2046364215 16.3670173192 16.4774547437 16.5079681926 24.0760512501 24.2149254647 24.3810249284
481 3.0765703322 3.144805517 3.1452217752 3.2478462688 3.3229031266 3.4561645283 3.6142631976 3.6655938921 3.9513974276 3.9612461094 3.9995573199 4.0845129898 4.1548422343 4.2567263893 4.3885702105 4.4039614068 4.4592047451 4.4852393517 4.7825408464 4.8365839439 4.8948391361 4.9073351756 4.9786227287 5.0082188571 5.1353708215 5.1497266502 5.2301969194 5.2318087423 5.3229956486 5.390630412 5.4499077108 5.5263625612 5.7858612907 5.8094595468 5.8296785177 5.952559018 5.9580543186 6.0681804462 6.0901589572 6.0940419679 6.2154530673 6.2474491967 6.3293899837 6.3356629868 6.401427192 6.4284987746 6.4494624294 6.525251247 6.5521037786 6.570585527 6.6458888221 6.6791555826 6.7152647085 6.7506297989 6.7795151573 6.8278552041 6.8765189015 6.9269437087 6.9429358646 6.9557805631 7.1105648125 7.1429177003 7.1644887964 7.1692964848 7.3593275525 7.4667244518 7.5177985668 7.5404282555 7.5918213283 7.6597643775 7.694414652 7.7789156884 7.8487014416 7.8807113463 7.9333838024 7.9489598825 7.9818782089 8.0159725526 8.1047290976 8.2267995904 8.2339316432 8.2977276523 8.3126868494 8.3628643527 8.5474604825 8.5477225756 8.6098542164 8.7578639127 8.7624349038 8.8726135568 8.8839170163 9.1346917896 9.2049149411 11.3708467418 11.4566237054 11.4584400515 16.0334748401 16.1928532352 16.2046284513 16.3669808922 16.4774948711 16.508007037 24.0760495294 24.2149254256 24.3810259655
482 3.0742276086 3.1490631938 3.1499189175 3.2391656108 3.3147629676 3.4526401785 3.6051534134 3.6532878118 3.9531791298 3.9791500466 4.0176925253 4.0848147771 4.1548945888 4.265452216 4.3898847692 4.4040435216 4.462745502 4.486650185 4.7852355196 4.8355574821 4.8939904265 4.9101926229 4.9816815732 5.0010816515 5.1281111981 5.146579125 5.2306968511 5.2380694255 5.3239826984 5.3805649165 5.4370552874 5.5238167978 5.7896488237 5.8016510772 5.8361812383 5.9615518711 5.9630034894 6.0589348933 6.1000910964 6.1003194671 6.2114107135 6.2442636624 6.321179262 6.3304400162 6.4004546431 6.4241031867 6.4482220302 6.53012573 6.5523073365 6.5705262501 6.6495254894 6.6762276747 6.7128020224 6.7484260147 6.776701269 6.8275280075 6.8761397323 6.9295328608 6.940432452 6.955606687 7.1166233275 7.1471561397 7.1665060117 7.1699683131 7.365685779 7.4679259206 7.5204503217 7.5406004071 7.5930255395 7.6610227884 7.694061588 7.7765729248 7.8465707011 7.8818406959 7.9324339446 7.9484009855 7.9821067087 8.0152738415 8.1053501199 8.2262537788 8.2337235439 8.2976457834 8.3121929405 8.3578585398 8.5448226116 8.5486522391 8.6110345138 8.7581289707 8.7636800972 8.8727923718 8.8830946281 9.135561803 9.2053700307 11.3708226267 11.4566237803 11.4584463749 16.0335097853 16.1927774845 16.2046203835 16.3669440493 16.4775354672 16.5080463279 24.076047788 24.2149253859 24.3810270151
483 3.0718243769 3.1534829817 3.1548122503 3.2306050366 3.3069767562 3.4492898081 3.5959850845 3.6410229901 3.9548674687 3.9970897 4.0358817339 4.0850420306 4.1549371973 4.2739705442 4.3910751489 4.404118809 4.4664056777 4.488136027 4.788085257 4.8344455421 4.8930606487 4.91327081 4.9838335478 4.9930123373 5.1203960443 5.1434557697 5.232139006 5.2455364199 5.3257623433 5.370460356 5.4241340495 5.5210265573 5.7935542232 5.7935864559 5.8426849926 5.9678841695 5.9701961966 6.04918219 6.1066780369 6.1098579068 6.2075416984 6.2406844369 6.3134289687 6.3251232256 6.3996996701 6.4197536649 6.4470451622 6.534853163 6.552464772 6.5701325132 6.6533568584 6.6729590081 6.7104156425 6.7464995221 6.7741409181 6.8263836917 6.876514048 6.9320566196 6.938130551 6.9554479966 7.1225436889 7.1508565758 7.1685123189 7.1706435885 7.3721416485 7.4689549933 7.5232509993 7.5407730592 7.5944829313 7.6622944255 7.6937083183 7.7741620942 7.8442118849 7.8829863983 7.9316740083 7.9478325973 7.9822795887 8.0146037507 8.1059869824 8.2256952076 8.2335140581 8.2975630729 8.3116971864 8.3527845067 8.5418913227 8.5498151576 8.6122925264 8.7583014022 8.7649275017 8.8730015106 8.882270915 9.1364321387 9.2058274396 11.3707983217 11.456623853 11.4584527488 16.0335450358 16.1927011186 16.2046122499 16.3669069366 16.4775763713 16.5080859095 24.0760460327 24.214925346 24.381028073
484 3.0693691105 3.1580605621 3.1598999992 3.2221945288 3.299545251 3.4460993747 3.5867729085 3.6288071237 3.9564640432 4.0150524038 4.0541142614 4.0852072552 4.1549703624 4.2822517077 4.3921485813 4.4041876978 4.4701564423 4.4896946957 4.7910903751 4.8332433208 4.8920090709 4.9165802008 4.9840848419 4.9847694397 5.1127965612 5.1406443249 5.234309757 5.2538840053 5.3282783969 5.3603389401 5.4111589875 5.5180232129 5.7853556131 5.7975649343 5.8491579339 5.9726949968 5.9782971133 6.0389714812 6.1130841525 6.119422444 6.2038217434 6.236738824 6.3063115819 6.3197777641 6.3991360801 6.4154695752 6.4459763803 6.5393285742 6.5525778892 6.5693922674 6.657321282 6.669368315 6.7081239831 6.7448396017 6.7718457929 6.8244951812 6.87758696 6.9345116122 6.9360452406 6.9553045685 7.1283035104 7.1540328533 7.170500301 7.1713196629 7.3786670227 7.4698042061 7.5261888545 7.5409455184 7.5962001756 7.6635744299 7.6933588213 7.7716863222 7.8416330513 7.8841441726 7.931104957 7.9472567792 7.9823867408 8.0139733944 8.106640849 8.2251257721 8.2333040176 8.2974798446 8.3112016275 8.3476542145 8.5389447599 8.550947197 8.6136185036 8.7583804169 8.7661722601 8.8732402502 8.8814490357 9.1372993792 9.20628535 11.3707739227 11.4566239229 11.458459148 16.033580453 16.1926244388 16.2046040827 16.3668697009 16.4776174218 16.5081256254 24.0760442704 24.2149253058 24.3810291351
485 3.0668710958 3.1627911827 3.1651802667 3.2139608905 3.2924681072 3.4430575425 3.5775310893 3.6166473968 3.9579708826 4.0330247407 4.0723788946 4.0853208277 4.1549945044 4.2902693542 4.3931134848 4.4042508599 4.4739683526 4.4913230477 4.794249991 4.8319425911 4.8907736435 4.9201311063 4.9744280371 4.9841502026 5.1058811586 5.1382918289 5.2370069527 5.2628918266 5.3314977098 5.350222618 5.3981440521 5.5148378441 5.7770220297 5.8016679101 5.8555657439 5.9774348845 5.9856657972 6.0283603759 6.1195032402 6.1287423024 6.2002246566 6.2325152905 6.2999471556 6.3144695626 6.3987435605 6.4112712362 6.4450526514 6.5434582924 6.5526482658 6.568295832 6.6613614094 6.6654825658 6.7059436093 6.7434283691 6.7698311793 6.8219855957 6.879253198 6.9341884162 6.936894665 6.9551762736 7.1338824544 7.1567036508 7.171993907 7.1724628846 7.3852327513 7.4704708975 7.5292494467 7.5411171024 7.5981792534 7.6648578755 7.6930176367 7.7691485613 7.8388466691 7.8853096079 7.9307233049 7.9466756777 7.9824184874 8.0133938024 8.1073129517 8.2245475055 8.2330942532 8.2973964263 8.3107082784 8.3424800481 8.5359978741 8.5520465451 8.6150031907 8.7583664752 8.7674096173 8.8735073261 8.8806320795 9.1381601949 9.2067419575 11.3707495259 11.45662399 11.4584655474 16.0336158975 16.1925477475 16.204595914 16.3668324893 16.4776584565 16.5081653185 24.0760425082 24.2149252657 24.3810301972
486 3.0643404126 3.1676695908 3.1706510172 3.2059281065 3.2857439035 3.4401553091 3.5682735002 3.604550586 3.9593903276 4.0509923416 4.0853914266 4.0906637128 4.1550101421 4.2980001419 4.3939788014 4.4043092043 4.4778121604 4.4930168668 4.7975618007 4.8305306212 4.8892573111 4.9239335532 4.9642290626 4.9816671877 5.1001459794 5.1364504858 5.2400573444 5.2724094427 5.3354033131 5.3401333292 5.3851023787 5.5115012421 5.7686318633 5.8058495109 5.8618691181 5.9821026086 5.9921113369 6.0174157568 6.1258998421 6.1377676526 6.1967242868 6.2281764471 6.294391566 6.3092675936 6.3985072861 6.40717996 6.444303254 6.5471593352 6.5526771988 6.5668364183 6.6613347344 6.6654242403 6.7038886917 6.7422431472 6.7681144884 6.8189937897 6.8813915638 6.932568722 6.93920278 6.9550628 7.1392622383 7.1588917128 7.1726637195 7.1743933421 7.3918092369 7.4709571828 7.5324157073 7.5412871427 7.6004174199 7.6661397847 7.6926898939 7.7665515689 7.8358689392 7.8864781756 7.9305217774 7.9460915196 7.9823661951 8.0128753199 8.1080045235 8.2239625772 8.2328855913 8.2973131492 8.3102191185 8.3372749135 8.5330646498 8.55311158 8.6164376984 8.7582612511 8.768634933 8.8738009553 8.8798230599 9.1390113529 9.207195478 11.3707252276 11.4566240538 11.4584719216 16.0336512291 16.1924713473 16.2045877761 16.3667954484 16.4776993137 16.5082048325 24.0760407529 24.2149252257 24.3810312551
487 3.0617878947 3.1726899513 3.1763100585 3.1981176761 3.2793701854 3.4373856596 3.5590138495 3.592523152 3.9607249321 4.0689396532 4.0854263674 4.1089558796 4.1550178746 4.3054235519 4.394753502 4.4043638673 4.4816594444 4.4947707606 4.8010218447 4.8289886969 4.8873048778 4.9279971382 4.953745417 4.977135433 5.0959279006 5.1351150353 5.2433187892 5.2823300171 5.3300932537 5.3399876343 5.3720464832 5.5080439827 5.7602194147 5.8100954049 5.8680195044 5.9866964614 5.9974404654 6.0062166726 6.1322377613 6.1464388588 6.1932961048 6.2239537767 6.2896383366 6.3042467384 6.3984173536 6.4032180462 6.4437499284 6.5503597216 6.5526656499 6.5650105924 6.6569615867 6.6694609495 6.7019705386 6.7412588246 6.7667132821 6.8156500251 6.8838892806 6.9311915342 6.941433116 6.9549636752 7.1444266453 7.1606230986 7.1733265348 7.1762852903 7.3983669634 7.4712696536 7.5356680644 7.5414549872 7.6029074347 7.6674151448 7.6923813277 7.7638978904 7.8327190098 7.8876452446 7.9304900792 7.9455066065 7.9822229694 8.012426923 8.108716726 8.2233732891 8.2326788506 8.2972303457 8.3097360825 8.332052333 8.5301582271 8.5541408377 8.6179133792 8.7580675846 8.7698436929 8.8741188732 8.8790249088 9.1398497256 9.2076441545 11.3707011238 11.4566241142 11.4584782455 16.0336863082 16.19239554 16.2045797011 16.3667587239 16.4777398324 16.5082440119 24.0760390115 24.2149251861 24.3810323047
488 3.059225068 3.177845745 3.182155018 3.1905489116 3.2733435258 3.4347432551 3.5497658543 3.5805713237 3.9619773823 4.085431865 4.0868496631 4.1272413949 4.1550183642 4.3125217802 4.3954462475 4.4044161979 4.485483077 4.4965780739 4.8046242606 4.8272900732 4.8846674498 4.9323308728 4.9433313986 4.9705734459 5.0933361237 5.1342489078 5.2466773558 5.2925732587 5.3201250621 5.3452463044 5.3589884363 5.5044965597 5.7518104683 5.814390471 5.8739515286 5.9912139673 5.9948609061 6.0014657192 6.138480211 6.1546837164 6.189918399 6.2201213437 6.2856347975 6.2994910394 6.3984682198 6.39940871 6.4434071871 6.5526141914 6.5529995211 6.5628186269 6.6524018607 6.6734265859 6.7001972606 6.7404498332 6.7656429211 6.8120660423 6.8866519635 6.9300589901 6.9435829758 6.9548782881 7.1493615379 7.1619264894 7.1739798319 7.1781326873 7.4048769457 7.4714188426 7.5389846272 7.5416200022 7.6056380181 7.6686789247 7.6920982744 7.761189848 7.8294181956 7.8888060971 7.9306156621 7.9449233071 7.9819843444 8.0120555333 8.1094505689 8.2227820703 8.2324748392 8.2971483488 8.3092610522 8.3268265408 8.527291007 8.5551329849 8.6194217161 8.7577894252 8.7710315179 8.8744583814 8.878240472 9.1406722968 9.2080862632 11.3706773094 11.456624171 11.4584844941 16.0337209953 16.192320625 16.204571721 16.3667224602 16.4777798532 16.5082827027 24.0760372909 24.2149251469 24.3810333417
489 3.0566640685 3.1831296422 3.1832392011 3.1881833113 3.2676596039 3.4322241564 3.5405434296 3.5687011789 3.9631504317 4.0854132377 4.1047035679 4.1455047934 4.1550123203 4.3192796827 4.3960651751 4.4044677396 4.4892575499 4.4984308253 4.8083610265 4.8253971288 4.8809643014 4.9334701593 4.9369430154 4.9622102501 5.0922570816 5.133800983 5.2500437065 5.3030746759 5.3102521692 5.3459400233 5.3511729191 5.5008895808 5.7434243679 5.8187187021 5.8795687754 5.9834785277 5.9956516515 6.0040222888 6.1445899973 6.1624145991 6.1865731158 6.2169548195 6.2823051871 6.295096966 6.3957759179 6.39865822 6.4432827231 6.55252295 6.5550323541 6.5602647003 6.6476950038 6.6772797235 6.6985736044 6.7397915842 6.7649140599 6.8083345333 6.8896041952 6.9291700503 6.9456497973 6.9548059109 7.154054875 7.1628325796 7.1746211415 7.1799298281 7.4113110756 7.47141852 7.5417815741 7.5423414326 7.6085944669 7.6699260928 7.6918476377 7.7584295357 7.8259892833 7.889955947 7.9308844146 7.9443440495 7.9816488582 8.0117654438 8.1102068208 8.2221914686 8.2322743514 8.2970674902 8.3087958482 8.3216125793 8.5244747399 8.5560867977 8.6209542255 8.757431768 8.7721941723 8.8748164048 8.8774725058 9.141476168 9.2085201194 11.3706538783 11.4566242242 11.4584906428 16.0337551527 16.1922468984 16.2045638673 16.3666867992 16.4778192187 16.5083207531 24.0760355978 24.2149251084 24.381034362
490 3.054117541 3.1762042362 3.1885333439 3.1943921018 3.262313301 3.4298255829 3.5313609018 3.5569187261 3.9642468474 4.0853750692 4.1224803711 4.1550004851 4.1637287766 4.3256847433 4.396617784 4.4045202056 4.4929591861 4.5003196791 4.8122217001 4.8232574608 4.8756992151 4.924754225 4.9418408942 4.952416632 5.0924345656 5.1337155141 5.2533498858 5.3004989937 5.3137786661 5.3329128953 5.357755069 5.4972540389 5.7350753266 5.8230631112 5.8847157077 5.9722596081 6.000004856 6.0049913873 6.1505297727 6.1695263355 6.1832464058 6.2146866539 6.2795716109 6.2911758481 6.3923441017 6.3989891866 6.4433778787 6.5523915502 6.5564269843 6.5573569291 6.642880464 6.6809821268 6.6971009773 6.7392613651 6.7645302992 6.8045324685 6.892686237 6.9285205813 6.9476311465 6.9547457192 7.1584967298 7.1633735669 7.1752480538 7.1816713391 7.417642349 7.4712848998 7.541939112 7.5457127564 7.6117593551 7.6711516349 7.6916368149 7.7556188241 7.8224559732 7.8910899592 7.9312812288 7.9437713109 7.981218401 8.0115579649 8.1109859102 8.2216041406 8.2320781645 8.2969880989 8.3083422232 8.3164263955 8.5217205951 8.5570011438 8.6225023744 8.7570005858 8.773327571 8.8751895546 8.8767236737 9.1422585628 9.208944083 11.3706309229 11.4566242737 11.4584966672 16.0337886441 16.1921746515 16.2045561711 16.3666518806 16.4778577744 16.5083580143 24.076033939 24.2149250706 24.3810353618
491 3.0515985228 3.1694582081 3.1940473818 3.200778246 3.2572988106 3.4275457034 3.522233256 3.5452299931 3.9652693676 4.0853213345 4.1401563878 4.1549836202 4.1818937533 4.3317270469 4.3971108878 4.4045754462 4.4965662633 4.5022339582 4.8161931543 4.8207987108 4.8684417931 4.9177033061 4.9416178588 4.9470307193 5.0935679278 5.1339374944 5.256546413 5.2908912225 5.319918718 5.3246338126 5.3649718406 5.4936216882 5.7267732624 5.827405642 5.8891206798 5.9615110889 6.004267594 6.0043239967 6.1562624013 6.175896593 6.1799289377 6.2134680391 6.2773681049 6.2878537022 6.3891377154 6.3994661542 6.4436881504 6.5522190613 6.5541072385 6.5571686209 6.6379974365 6.6844984811 6.6957776572 6.7388387928 6.7644863443 6.8007250855 6.8958500361 6.9281034461 6.9495247142 6.9546968118 7.1626793037 7.1635827433 7.1758582259 7.1833521709 7.4238449768 7.471035829 7.5420920484 7.5490714946 7.6151132437 7.6723505743 7.691473569 7.752759376 7.8188424778 7.8922032715 7.931790429 7.9432076077 7.9806982665 8.0114313625 8.111787814 8.2210228384 8.2318870365 8.2969105 8.307901856 8.3112849382 8.5190392161 8.5578749693 8.6240575108 8.7565027575 8.7744277849 8.8755741962 8.8759965435 9.143016831 9.2093565638 11.3706085337 11.4566243195 11.4585025437 16.0338213359 16.1921041704 16.2045486628 16.3666178405 16.4778953691 16.5083943404 24.076032321 24.2149250338 24.381036337
492 3.0491203138 3.1630139744 3.1996608652 3.2073382214 3.2526097596 3.4253834569 3.5131764315 3.5336411286 3.9662206686 4.0852555006 4.1549624951 4.1577046338 4.1999772638 4.3373992383 4.3975506146 4.4046354056 4.5000590695 4.5041617068 4.8179222516 4.8202593175 4.8591251536 4.912467225 4.9302377326 4.9525173836 5.0953787022 5.1344152069 5.2595993829 5.2814560815 5.3069693274 5.3355893636 5.3727927713 5.4900255768 5.7185243441 5.8317270858 5.8922868931 5.9517659269 6.0020561214 6.0084324367 6.1617514741 6.1766160406 6.1813918299 6.2133462881 6.275647917 6.2852654116 6.3861806022 6.4000971213 6.4442037158 6.5505311073 6.5520039527 6.5572596029 6.6330849335 6.6877962465 6.6945991587 6.7385059496 6.7647669751 6.7969692557 6.8990557703 6.9279085894 6.9513283124 6.9546582293 7.1634941802 7.166596934 7.1764493881 7.1849675917 7.4298943865 7.4706900221 7.5422398409 7.552389618 7.6186353409 7.6735179911 7.691365831 7.7498526761 7.8151732743 7.8932910177 7.932396072 7.9426554821 7.9800968988 8.0113810936 8.1126119339 8.2204503946 8.2317017028 8.2968350129 8.3062062545 8.3074763461 8.5164407606 8.5587072874 8.6256108075 8.7559459944 8.7754910471 8.8752935849 8.8759665167 9.143748452 9.2097560264 11.3705867988 11.4566243615 11.458508249 16.033853097 16.1920357337 16.2045413722 16.3665848118 16.4779318555 16.5084295897 24.0760307501 24.214924998 24.3810372837
493 3.0466963402 3.1568832012 3.2053611573 3.214068027 3.2482393375 3.4233383991 3.5042076814 3.5221585253 3.9671033376 4.0851806067 4.154937877 4.1750940655 4.2179532484 4.3426964587 4.397942435 4.4047020641 4.5034199062 4.5060898045 4.8144968948 4.824400923 4.8481002285 4.9087731374 4.918681179 4.9583042483 5.0976376858 5.1351011527 5.2624874605 5.2722226088 5.2940769011 5.3465922184 5.3811780015 5.4865008299 5.7103313726 5.83600701 5.8933543019 5.943921481 5.9983085961 6.0124904287 6.1669620088 6.1733077269 6.1858825464 6.2142622209 6.27438627 6.2835395585 6.3834951429 6.4008928215 6.4449099734 6.5466472391 6.551744072 6.5567192695 6.6281820489 6.6908456987 6.6935587114 6.7382473157 6.7653470063 6.7933158774 6.9022692156 6.927923115 6.9530398732 6.9546289715 7.1631424938 7.1702460864 7.1770193514 7.1865131796 7.4357671316 7.4702663812 7.5423819736 7.5556387011 7.6223040708 7.6746490436 7.6913214189 7.7469000795 7.811472997 7.8943483526 7.9330821413 7.9421174892 7.9794253936 8.0114002811 8.1134569588 8.2198897041 8.2315228737 8.29676195 8.3012095835 8.3070672094 8.5139349278 8.5594971713 8.6271532188 8.755338765 8.7765137566 8.8746171674 8.8763625923 9.1444510368 9.2101409949 11.3705658039 11.4566243999 11.4585137605 16.0338838002 16.1919696125 16.2045343281 16.3665529229 16.4779670908 16.5084636248 24.0760292326 24.2149249634 24.3810381983
494 3.0443400132 3.1510764825 3.2111334628 3.2209630467 3.2441804281 3.4214105719 3.495346018 3.5107889779 3.967919853 4.0850993277 4.1549105213 4.1922886321 4.2357911124 4.3476162543 4.398291206 4.4047773603 4.5066330511 4.5080041333 4.8103561636 4.8285952761 4.8358741449 4.9061891772 4.9073374601 4.9643929043 5.1001672073 5.1359521243 5.2632219247 5.2651988715 5.2812541581 5.3575838976 5.3900791978 5.4830858467 5.7021940946 5.8402237033 5.8912504729 5.939089132 5.9932711939 6.0164310309 6.1700086388 6.1718613496 6.1892693438 6.2160657022 6.2735806552 6.2827724436 6.3811011756 6.401866446 6.4457880893 6.5424772232 6.551436665 6.5555830042 6.6233283021 6.6926477959 6.6936202348 6.7380495883 6.7661922371 6.7898112878 6.9054598689 6.9281313541 6.9546080135 6.9546574478 7.1625626742 7.1736253288 7.1775660134 7.1879848149 7.4414407299 7.469783427 7.5425179575 7.5587905254 7.6260975255 7.6757389897 7.6913476569 7.7439028849 7.8077664505 7.8953704788 7.9338326632 7.9415961819 7.978696855 8.0114803255 8.114320715 8.2193437043 8.2313512324 8.2963154451 8.2966916154 8.306675875 8.5115309753 8.5602437476 8.6286754514 8.7546902188 8.7774924831 8.8739695578 8.8767584527 9.1451223304 9.2105100568 11.3705456316 11.4566244348 11.4585190566 16.033913322 16.1919060688 16.2045275584 16.3665222977 16.4780009373 16.5084963133 24.0760277744 24.2149249302 24.3810390771
495 3.0420645891 3.145603441 3.2169602958 3.2280178568 3.2404257413 3.419600392 3.4866127733 3.4995398928 3.9686725687 4.0850140253 4.1548811644 4.2092460916 4.2534545208 4.3521584613 4.3986012223 4.4048630881 4.5096846886 4.509889792 4.805306641 4.8228890907 4.8328160504 4.8965820604 4.9043479181 4.9707828969 5.1028333251 5.1369288781 5.25448749 5.2677285948 5.2685146081 5.3684969783 5.3994407827 5.4798242009 5.6941095416 5.844354146 5.8856072886 5.9376782477 5.9871776567 6.0202420903 6.1667279494 6.1764202557 6.1915140999 6.218541897 6.2732494138 6.2829970336 6.3790147027 6.4030332373 6.446815548 6.5380452537 6.5510784721 6.5539006132 6.6185639596 6.6918566894 6.6960970268 6.7379014486 6.7672612089 6.7864977606 6.9085996662 6.9285149354 6.9545943209 6.9561792061 7.1617899575 7.1767352766 7.1780873647 7.1893786723 7.4468934514 7.4692588461 7.5426473318 7.56181775 7.6299937876 7.6767832098 7.6914508874 7.7408624411 7.8040787224 7.8963526743 7.9346317728 7.9410940947 7.9779257169 8.0116115444 8.1152000069 8.2188153529 8.231187432 8.2915457173 8.2966243031 8.3063036824 8.5092377266 8.560946193 8.6301679496 8.754010106 8.7784239708 8.8733529175 8.8771501404 9.145760213 9.2108618671 11.3705263614 11.4566244662 11.4585241163 16.0339415435 16.1918453542 16.2045210901 16.366493055 16.4780332627 16.5085275282 24.0760263814 24.2149248985 24.3810399166
496 3.0398830332 3.1404728126 3.2228207949 3.2352259497 3.2369679396 3.4179085572 3.4780323086 3.4884195797 3.9693637029 4.0849267898 4.1548505165 4.2259165334 4.2708998352 4.3563250746 4.3988762692 4.4049607631 4.5117313486 4.512562815 4.7991578665 4.8094727898 4.8370331284 4.8867589275 4.9029984506 4.9774713858 5.1055360687 5.1379956684 5.2460553357 5.255872878 5.2700759473 5.3792503269 5.4092010678 5.4767677613 5.6860724939 5.8483740137 5.8772860457 5.9388719622 5.9802804662 6.0239098421 6.1634792401 6.1806141264 6.1926617858 6.2214402228 6.2734277633 6.2841613748 6.3772464455 6.4044098594 6.4479667059 6.5333779722 6.5506659514 6.5517343202 6.613930233 6.6911749761 6.6982580836 6.7377933159 6.7685074678 6.7834131697 6.9116621488 6.9290528709 6.954586864 6.9576034364 7.1608597205 7.1785814946 7.1795785057 7.1906912136 7.452104084 7.4687091542 7.5427696644 7.5646946321 7.6339711185 7.6777772292 7.6916358752 7.7377803007 7.8004353768 7.8972903218 7.9354637555 7.9406137263 7.9771271134 8.0117837561 8.1160904517 8.2183076026 8.2310320937 8.2869236961 8.2965602958 8.3059518802 8.5070635698 8.5616037315 8.6316208973 8.7533086929 8.7793051425 8.8727693 8.877533765 9.1463627013 9.2111951522 11.370508069 11.4566244943 11.4585289196 16.0339683507 16.1917877095 16.2045149488 16.3664653079 16.478063941 16.5085571482 24.0760250589 24.2149248684 24.3810407136
497 3.0378078921 3.1356925169 3.2286898398 3.2337997583 3.2425793298 3.4163359667 3.469632921 3.4774376685 3.9699953299 4.0848394728 4.1548192558 4.2422405431 4.2880740815 4.3601201121 4.3991196738 4.405071455 4.5135131201 4.5152571237 4.7917778743 4.7958662469 4.8412125076 4.8781360794 4.9019814205 4.9844526978 5.1082008545 5.1391197774 5.2379642442 5.2433451639 5.2722426662 5.3897421084 5.4192929964 5.473981953 5.6780761979 5.8522577277 5.8674646866 5.9415410503 5.9728314392 6.0274189507 6.1602803636 6.1844242633 6.1928386624 6.224502159 6.2741589747 6.2861308015 6.3758003567 6.4060134247 6.4492133509 6.5285045017 6.5491566833 6.5501956949 6.6094692449 6.6905919967 6.7000917225 6.7377171112 6.7698819895 6.7805899249 6.9146219583 6.9297216811 6.9545846305 6.9589285457 7.1598073757 7.1790465974 7.1821594239 7.1919191797 7.4570516973 7.4681494634 7.5428845521 7.5673977687 7.6380080025 7.6787167424 7.6919051157 7.7346584418 7.7968627138 7.8981789391 7.9363130843 7.9401575216 7.9763163464 8.0119867561 8.1169863197 8.217823376 8.2308858046 8.2824741269 8.2964998634 8.3056216245 8.5050164502 8.5622156335 8.6330242396 8.7525966694 8.780133103 8.8722206476 8.877905552 9.1469279489 9.2115087125 11.3704908265 11.4566245193 11.4585334477 16.0339936355 16.1917333633 16.2045091588 16.3664391638 16.4780928524 16.5085850586 24.0760238123 24.21492484 24.3810414649
498 3.0358511754 3.1312697171 3.2309141146 3.2345369155 3.2500679067 3.4148836538 3.461447998 3.4666057267 3.9705693742 4.0847537149 4.1547880242 4.2581469458 4.3049123036 4.3635494852 4.3993343528 4.4051955884 4.5152194636 4.5177588746 4.7822593946 4.7831559228 4.8453163009 4.8708525466 4.9011964465 4.9917176957 5.1107717981 5.1402711111 5.2302558493 5.2309498843 5.2742315054 5.3998389559 5.4296442925 5.4715547161 5.6701135069 5.8559785636 5.8569659234 5.9449171594 5.9650699195 6.0307525978 6.1571532897 6.1878390219 6.1922266231 6.2274885823 6.2754782265 6.2887142292 6.3746722521 6.4078600464 6.4505252712 6.5234567472 6.5462486864 6.5496651229 6.6052236441 6.6900972202 6.70159433 6.737666042 6.7713354673 6.7780533751 6.9174545744 6.9304955841 6.9545866374 6.9601530593 7.1586682459 7.1794809772 7.1844840987 7.1930595841 7.4617154355 7.4675933428 7.5429916215 7.5699068172 7.6420830303 7.6795976363 7.6922580793 7.7314995915 7.7933880742 7.8990142098 7.9371644688 7.9397278525 7.9755084689 8.0122106738 8.1178803905 8.2173655377 8.230749116 8.278223192 8.2964432621 8.3053139793 8.5031038571 8.5627812155 8.6343677253 8.7518850449 8.780905144 8.8717087877 8.8782618847 9.1474542472 9.2118014263 11.3704747018 11.4566245414 11.4585376825 16.0340172953 16.1916825312 16.2045037431 16.3664147236 16.4781198843 16.5086111514 24.0760226464 24.2149248135 24.3810421676
499 3.0340242491 3.1272108684 3.2283042062 3.2403246646 3.257678561 3.4135527292 3.4535174836 3.4559382045 3.9710876071 4.0846709676 4.1547574226 4.2735500821 4.3213341348 4.3666208762 4.3995228552 4.405332722 4.516835065 4.5200607534 4.7688174503 4.7734332362 4.8493028677 4.8648962197 4.9005791581 4.999252833 5.1132067628 5.1414218882 5.2187086671 5.2229746177 5.2760452956 5.4093591223 5.4401768345 5.4696113309 5.662178691 5.8462821369 5.859508834 5.9485695159 5.9572173294 6.0338926303 6.1541239133 6.1908546747 6.1910283589 6.2302071706 6.2773898002 6.29169989 6.3738487642 6.4099627709 6.4518708417 6.5182700621 6.5430981459 6.549073532 6.6012357529 6.6896805347 6.7027721216 6.7376344124 6.7728202522 6.7758200186 6.9201362316 6.9313467748 6.954591942 6.9612756214 7.1574773958 7.1798830534 7.1865600361 7.1941097056 7.4660743599 7.4670527561 7.5430905289 7.5722051341 7.6461745766 7.6804160147 7.6926904442 7.7283077088 7.7900401684 7.8997920146 7.9380029269 7.9393269982 7.9747179717 8.0124462147 8.1187638471 8.2169368654 8.2306225414 8.2741984374 8.2963907322 8.3050299162 8.5013328061 8.5632998402 8.635640975 8.7511850292 8.7816187475 8.8712354291 8.8785993404 9.1479400252 9.2120722517 11.3704597581 11.4566245607 11.4585416073 16.0340392342 16.1916354149 16.2044987232 16.3663920815 16.4781449316 16.5086353256 24.0760215659 24.2149247889 24.3810428188
500 3.0323377428 3.1235217597 3.2259635977 3.2460070731 3.2653936591 3.4123443336 3.4454539264 3.4458897069 3.9715516444 4.0845925112 4.154728008 4.2883466233 4.3372394062 4.3693436156 4.3996874002 4.40548133 4.5183452117 4.5221567239 4.7556986768 4.7628798206 4.8531271223 4.8601351421 4.9000871695 5.0070386584 5.1154737677 5.1425464307 5.2066479041 5.2161676611 5.2776863826 5.4180489996 5.4508050098 5.4683357845 5.6542702816 5.8357276377 5.8628201588 5.9494757964 5.9522544752 6.0368197808 6.1512217926 6.1894391007 6.1934758052 6.2325346799 6.2798451083 6.2948847267 6.3733068275 6.4123287432 6.453217635 6.5129844406 6.5397984418 6.5484235282 6.5975461724 6.6893324621 6.7036424468 6.7376174592 6.7738960082 6.7742918382 6.9226439709 6.9322458184 6.9545996518 6.962294995 7.1562694043 7.1802513654 7.1883959125 7.1950670822 7.4665380651 7.4701073718 7.5431809603 7.5742802662 7.650260189 7.6811682218 7.6931933941 7.7250887248 7.7868493944 7.9005084625 7.9388138847 7.9389571258 7.973958557 8.0126848131 8.11962623 8.2165400215 8.2305065548 8.2704286138 8.296342498 8.3047703152 8.4997098183 8.563770918 8.6368335764 8.7505078947 8.7822715909 8.870802157 8.8789147208 9.1483838494 9.21232023 11.3704460544 11.4566245774 11.4585452068 16.0340593631 16.1915922015 16.2044941191 16.3663713248 16.4781678968 16.5086574879 24.076020575 24.2149247663 24.381043416
501 3.0308014679 3.1202075472 3.2238862937 3.251527272 3.2731886154 3.4112595976 3.4351785374 3.4386235944 3.9719629456 4.0845194694 4.1547002906 4.3024120527 4.3525026638 4.371728533 4.3998299101 4.4056386239 4.5197360381 4.5240418787 4.7430666309 4.7518400128 4.8563801082 4.8567410709 4.8996917965 5.0150473395 5.1175483984 5.1436210522 5.1948013006 5.2098843237 5.2791563543 5.4255649902 5.4614326109 5.467986865 5.646395522 5.8255340071 5.8658838355 5.9420287648 5.9558220679 6.0395139722 6.1484797646 6.1876311623 6.19571509 6.2344241251 6.2827336673 6.2980911089 6.3730138766 6.4149554305 6.4545330649 6.5076464963 6.5364474548 6.5477227568 6.5941918824 6.6890443065 6.7042341204 6.7376112135 6.7722764922 6.7757098752 6.9249557892 6.9331621732 6.9546089329 6.9632100614 7.1550780592 7.1805845774 7.1900012597 7.1959295049 7.4660580833 7.4737932369 7.5432626322 7.5761242187 7.6543155173 7.6818508656 7.6937530824 7.7218517198 7.7838480919 7.9011599216 7.9386202699 7.939583308 7.9732429748 8.0129187154 8.1204554824 8.2161775235 8.2304015897 8.266943405 8.2962987658 8.3045359661 8.4982408962 8.5641939081 8.637935209 8.7498648162 8.7828615518 8.8704104288 8.8792050769 9.1487844245 9.2125444868 11.3704336444 11.4566245917 11.4585484666 16.0340776001 16.1915530626 16.2044899491 16.3663525333 16.4781886906 16.5086775528 24.0760196776 24.2149247459 24.3810439568
502 3.0294243504 3.1172727829 3.2220668012 3.2568150285 3.2810277335 3.4102996081 3.4251486675 3.4317911906 3.9723228133 4.084452822 4.1546747313 4.3155971703 4.3669666428 4.3737877403 4.399952039 4.4058004648 4.5209947365 4.5257122908 4.7310989348 4.7406858665 4.8534397152 4.8600946318 4.8993731399 5.0232383757 5.119411937 5.1446240343 5.1832142495 5.2041754881 5.2804559737 5.431514771 5.4688552833 5.4719474594 5.6385773517 5.8158980405 5.8686713171 5.9350421445 5.9591697355 6.0419547167 6.1459333744 6.1857491434 6.1975924043 6.2358920681 6.2858933877 6.3011728019 6.3729288726 6.4178256319 6.4557850674 6.5023126923 6.533146487 6.5469856476 6.5912040626 6.6888082479 6.7045863893 6.7376123838 6.7709462008 6.7770387515 6.9270508614 6.9340648508 6.9546190187 6.9640198209 7.1539359655 7.1808814823 7.1913861126 7.1966950124 7.4656201704 7.4771107358 7.5433352909 7.5777334396 7.6583124627 7.6824608409 7.6943503839 7.7186108654 7.7810706534 7.901743049 7.9383183133 7.9402978626 7.9725829016 8.013141018 8.12123812 8.2158517158 8.2303080374 8.2637730163 8.2962597233 8.3043275697 8.4969314996 8.5645683203 8.6389357984 8.7492666886 8.7833867125 8.8700615681 8.8794677299 9.1491405922 9.2127442352 11.370422577 11.4566246039 11.4585513739 16.034093871 16.1915181538 16.2044862298 16.3663357791 16.4782072322 16.5086954429 24.0760188772 24.2149247276 24.3810444392
503 3.0282143737 3.1147214371 3.2205001796 3.261784213 3.2888568186 3.409465381 3.4154193238 3.4254802008 3.9726323939 4.0843934136 4.1546517403 4.3277253793 4.375534305 4.3804352102 4.4000551961 4.4059614183 4.5221097294 4.527164872 4.7199932512 4.7297960653 4.8511498858 4.8631367835 4.8991171121 5.0315508398 5.1210500069 5.1455356772 5.1719516837 5.1990925499 5.28158525 5.4356472982 5.4710730425 5.4822122657 5.6308654875 5.8070048796 5.871154798 5.9286651689 5.9622201723 6.0441216121 6.1436200452 6.1839110792 6.1991332803 6.2369933539 6.2891338865 6.3040146215 6.373004174 6.4209007271 6.4569428188 6.4970546372 6.5299988623 6.5462346671 6.588606094 6.6886173946 6.7047464642 6.73761826 6.7698813674 6.7782478249 6.9289098106 6.9349232071 6.9546292162 6.9647233918 7.1528740644 7.1811410055 7.1925606255 7.1973618862 7.4652303521 7.4800389554 7.5433987127 7.5791084796 7.6622159163 7.6829953503 7.6949610753 7.7153887676 7.7785533789 7.9022548191 7.9380529686 7.9409450989 7.9719888474 8.0133456762 8.1219595544 8.2155647418 8.2302262457 8.260947597 8.2962255385 8.304145739 8.4957865201 8.5648937167 8.6398257 8.7487239214 8.7838453652 8.8697567601 8.879700287 9.1494513316 9.2129187765 11.3704128958 11.456624614 11.4585539172 16.0341081094 16.1914876136 16.2044829759 16.3663211266 16.4782234497 16.5087110892 24.076018177 24.2149247117 24.3810448612
504 3.0271785334 3.1125569178 3.2191820814 3.2663309185 3.2965894963 3.4060775771 3.4087578377 3.419795881 3.9728926781 4.0843419627 4.1546316754 4.338592112 4.3769817757 4.3926672434 4.4001405663 4.4061149929 4.5230708041 4.5283972395 4.7099699273 4.7195547782 4.8493821344 4.8658170624 4.8989135952 5.0398886808 5.1224515869 5.1463384094 5.161112871 5.1946860356 5.282543594 5.4380970956 5.4743703536 5.4920491357 5.6233541939 5.79903806 5.8733078967 5.9230305982 5.9649107681 6.0459949307 6.1415779272 6.1822118063 6.2003668436 6.2377962242 6.2922605467 6.3065292245 6.3731881695 6.4241110517 6.4579774828 6.4919678367 6.527107875 6.545500437 6.5864123468 6.6884658045 6.7047659306 6.7376266337 6.7690526921 6.7793113911 6.9305150061 6.9357078416 6.9546389128 6.9653200108 7.1519210697 7.1813622087 7.1935346736 7.1979286459 7.4648934586 7.4825577279 7.5434527043 7.58025332 7.6659778471 7.6834519246 7.6955565861 7.7122224522 7.776333934 7.9026925505 7.9378257599 7.9415136533 7.9714700794 8.0135274974 8.1226045935 8.2153185177 8.2301565183 8.2584964838 8.2961963587 8.3039910015 8.4948102562 8.5651697135 8.6405959045 8.7482462142 8.7842360172 8.8694970457 8.8799006542 9.1497157587 9.2130675023 11.3704046386 11.4566246223 11.4585560864 16.0341202572 16.1914615635 16.2044802004 16.3663086321 16.4782372801 16.5087244317 24.0760175799 24.2149246981 24.381045221
505 3.0263228007 3.1107820855 3.2181087842 3.2703335249 3.3040809365 3.3972688406 3.4081777869 3.4148609804 3.9731045021 4.0842990674 4.1546148411 4.3479684723 4.378143554 4.4002091265 4.403374584 4.4062540687 4.5238692108 4.5294075955 4.7012697 4.7103570043 4.8480409945 4.8680873922 4.8987552754 5.0480916611 5.1236082906 5.1470169385 5.1508605737 5.1910038799 5.283330018 5.4393330591 5.4781309159 5.5012137722 5.6162106312 5.7921812626 5.8751064115 5.9182542097 5.9671888523 6.0475562812 6.1398443908 6.180726508 6.2013234245 6.2383657025 6.2950918153 6.3086528923 6.3734284932 6.4273414758 6.4588629697 6.4871860194 6.5245737887 6.5448201918 6.5846282867 6.688348487 6.7046966271 6.7376357341 6.7684287891 6.7802084796 6.9318508709 6.9363915696 6.9546475811 6.9658090326 7.151102842 7.1815442925 7.1943174533 7.1983940455 7.4646132677 7.4846482049 7.5434971018 7.5811744088 7.6695263396 7.6838284412 7.6961054445 7.7091743944 7.7744502656 7.9030539299 7.937638007 7.9419934563 7.9710345574 8.0136821257 8.1231581203 8.2151147094 8.2300991135 8.2564472715 8.2961723101 8.3038638 8.4940063899 8.5653959825 8.6412382608 8.7478423213 8.7845573959 8.8692833162 8.8800670466 9.1499331261 9.2131898958 11.370397838 11.4566246288 11.4585578731 16.0341302647 16.1914401071 16.2044779143 16.3662983434 16.4782486697 16.5087354189 24.076017088 24.2149246869 24.3810455175
506 3.0256520943 3.1093992656 3.2172772142 3.2736567226 3.3110768027 3.389247924 3.4077259092 3.4108117245 3.9732685485 4.0842652105 4.1546014873 4.3556116552 4.3790321459 4.4002616588 4.4063714844 4.4122294497 4.5244977308 4.5301946203 4.6941441675 4.7026076671 4.8470580411 4.8699041675 4.8986368917 5.0558764573 5.1245138435 5.1414800394 5.1475584238 5.1880894368 5.2839433491 5.4398572206 5.4817011158 5.5093556745 5.6097173395 5.7866134726 5.8765291097 5.9144337074 5.9690100198 6.0487893114 6.1384541914 6.17951362 6.2020320714 6.2387557107 6.297469398 6.3103411312 6.3736755714 6.4304102297 6.4595766809 6.4829030179 6.52248974 6.5442344535 6.5832520774 6.6882613925 6.7045866199 6.7376441768 6.7679795248 6.7809225541 6.9329041795 6.9369504146 6.9546547836 6.9661899296 7.1504417327 7.1816865993 7.1949171002 7.1987570703 7.4643926446 7.4862935368 7.5435317718 7.5818794839 7.6727454209 7.6841231399 7.6965754708 7.7063527527 7.772938873 7.9033370337 7.9374908106 7.9423759357 7.9706888777 8.0138060254 8.123605923 8.2149547104 8.2300542439 8.2548247477 8.2961534966 8.3037644948 8.4933779659 8.5655722531 8.6417457023 8.7475198147 8.7848084528 8.8691163086 8.880197995 9.1501028228 9.2132855325 11.3703925208 11.4566246338 11.4585592701 16.0341380912 16.1914233296 16.2044761267 16.3662902999 16.4782575745 16.5087440086 24.0760167034 24.2149246781 24.3810457492
507 3.0251702596 3.1084102576 3.2166849647 3.2761617794 3.3171209602 3.3824713278 3.4074027457 3.4077875528 3.9733853468 4.0842407639 4.1545918091 4.3612842026 4.3796583614 4.4002987612 4.4064607108 4.4188881947 4.5249507197 4.5307573834 4.6888371303 4.6967041068 4.8463860178 4.871230445 4.8985547465 5.0627226043 5.1251637051 5.1334931377 5.1479526522 5.185979368 5.2843824325 5.4400291547 5.4845778502 5.5159710234 5.6043219785 5.7824984483 5.8775585 5.9116472895 5.9703381426 6.0496804053 6.1374374181 6.1786169206 6.2025181914 6.2390068655 6.2992642031 6.3115644881 6.3738861982 6.4330444305 6.4601002023 6.4793985747 6.5209366728 6.54378237 6.5822773621 6.6882013962 6.7044767458 6.7376509242 6.7676788193 6.7814411844 6.9336643293 6.9373645565 6.9546601763 6.9664622915 7.1499559416 7.1817886155 7.1953403429 7.1990169337 7.4642336701 7.4874796008 7.5435566101 7.5823763086 7.6754417861 7.6843346371 7.6969366296 7.7039446953 7.7718324628 7.9035403462 7.9373850404 7.9426542041 7.9704382245 8.0138964646 8.1239356141 8.2148396243 8.2300220754 8.2536497642 8.2961399999 8.3036933645 8.4929273722 8.5656983131 8.6421124643 8.7472848593 8.7849883679 8.8689966011 8.8802923522 9.1502243739 9.2133540814 11.3703887078 11.4566246373 11.4585602719 16.0341437045 16.1914112978 16.2044748447 16.3662845325 16.4782639598 16.5087501678 24.0760164277 24.2149246719 24.3810459154
508 3.0248800534 3.1078163418 3.2163303081 3.2777241078 3.3214434864 3.3777092349 3.4059135551 3.4072086889 3.9734552749 4.0842259911 4.1545859463 4.3647817239 4.380030558 4.4003208555 4.4065165127 4.4230358659 4.5252241335 4.5310952718 4.6855572651 4.6929963793 4.8459942472 4.8720380343 4.8985063896 5.0677122366 5.1255548042 5.1278186862 5.148192198 5.1847016163 5.2846463066 5.4400613874 5.4864286594 5.520397331 5.6006450262 5.7799701087 5.8781815244 5.9099521514 5.9711462234 6.0502193156 6.1368174312 6.178066899 6.2028015139 6.2391469062 6.3003804992 6.312304872 6.3740268069 6.4348788803 6.4604199056 6.4770411747 6.5199778135 6.5434966073 6.5816965261 6.6881662808 6.704397959 6.7376552554 6.7675067213 6.7817557409 6.9341235702 6.9376191689 6.9546635116 6.9666258258 7.1496589393 7.1818499728 7.1955922118 7.1991730754 7.4641377477 7.4881957016 7.5435715428 7.5826714608 7.6773124669 7.6844619363 7.6971642401 7.7022487748 7.7711572205 7.9036627741 7.9373213249 7.9428232182 7.9702863308 8.0139515019 8.1241375384 8.21477025 8.2300027266 8.252938155 8.2961318783 8.3036506072 8.492656326 8.5657740102 8.6423342753 8.7471420155 8.785096553 8.8689246095 8.880349296 9.1502974401 9.2133953056 11.370386414 11.4566246394 11.4585608746 16.0341470817 16.1914040595 16.2044740735 16.3662810632 16.4782678009 16.5087538728 24.0760162618 24.2149246681 24.3810460154
509 3.0247831336 3.1076182849 3.2162122049 3.2782555627 3.3230577615 3.3759484202 3.4052781771 3.4071439768 3.9734785591 4.0842210494 4.1545839827 4.3659642275 4.3801540207 4.4003281926 4.4065355039 4.4244460881 4.5253155417 4.5312079386 4.6844470429 4.6917306714 4.8458655067 4.872309242 4.8984904224 5.069602715 5.1256853644 5.1256998747 5.1482725509 5.1842737074 5.2847343382 5.4400612998 5.487065867 5.5219718523 5.5993232248 5.7791169824 5.8783901098 5.9093831936 5.9714174838 6.0503996729 6.1366090713 6.1778815708 6.2028945299 6.2391918455 6.3007592539 6.3125526646 6.3740761081 6.4355455569 6.4605274153 6.476200086 6.5196535574 6.5433988258 6.5815036506 6.6881547224 6.7043695196 6.7376567458 6.7674507663 6.7818611508 6.9342771794 6.9377050754 6.95466464 6.9666803567 7.149559007 7.1818704499 7.1956758173 7.1992251599 7.4641056857 7.4884351594 7.5435765253 7.5827693312 7.6779964955 7.6845044364 7.6972420102 7.7016232962 7.7709301684 7.903703657 7.937300044 7.9428799011 7.9702354486 8.0139699764 8.1242055501 8.2147470713 8.2299962691 8.2526998274 8.2961291672 8.3036363417 8.492565862 8.5657992528 8.6424085079 8.7470940858 8.785132654 8.8689005844 8.8803683322 9.1503218181 9.2134090628 11.3703856484 11.45662464 11.4585610757 16.0341482089 16.1914016436 16.2044738161 16.3662799053 16.4782690829 16.5087551094 24.0760162064 24.2149246668 24.3810460488
510 2.7028619132 2.8232388877 2.8235916023 2.9096076812 2.985568238 3.0059954651 3.029580041 3.1911727335 3.8913755598 4.0327852158 4.1105809185 4.1382634137 4.1730167242 4.3438527084 4.4379517664 4.5162252946 4.5768458325 4.6433718865 4.8108059202 4.8287568608 4.834954468 4.9951858709 5.1415950673 5.168806753 5.2940469915 5.3072368433 5.3231939629 5.6857813354 5.6928837155 5.7163347939 5.7303791482 5.7481782142 5.773894439 5.7891066225 5.8083490439 5.8421340105 5.8989080202 5.919780606 6.0219786531 6.1016308349 6.101726039 6.1366557402 6.1813236551 6.2194571803 6.3124700313 6.3149348604 6.333951821 6.40354449 6.4281065721 6.4339080782 6.437228534 6.496012997 6.5521151429 6.6048894627 6.6619312171 6.738282592 6.7561903114 6.8397530021 6.8776599373 6.8821145079 6.9725788475 6.9781147361 7.0890590663 7.2469238484 7.3285510478 7.412577785 7.4669334383 7.4829205757 7.4985329242 7.6571086095 7.6787789219 7.8246992386 7.9076578403 8.0090154096 8.1244702761 8.1387820846 8.2002139119 8.2058263826 8.2873772698 8.3516966779 8.4481282622 8.4573440404 8.465268858 8.5133087784 8.6105376273 8.7645286618 8.7767738724 8.8218702202 8.8984691619 9.0324945489 9.0907386795 9.2035323359 9.8908683401 10.603278133 10.7806724539 11.0757724277 16.022155092 16.1383114084 16.1634815397 16.3387300782 16.395294772 16.445374164 24.1776113403 24.2141553964 24.5633051643
511 2.7023011784 2.8233952256 2.8234039588 2.9086073885 2.9857475005 3.006327227 3.0302876774 3.1918421518 3.8918592436 4.0297815675 4.109389276 4.1412380346 4.1734138904 4.3449491325 4.4379932484 4.5157419937 4.5764511184 4.6434475234 4.8093454608 4.8286079983 4.836484987 4.9953876032 5.1417318573 5.1690190131 5.2941249732 5.3074062545 5.3231956605 5.6852234354 5.6927947661 5.716093845 5.7284298603 5.748156377 5.7738925442 5.7907988658 5.8076494796 5.8427114886 5.8988470246 5.9196742568 6.0217215801 6.101376018 6.1022425843 6.1365870319 6.1818733993 6.2179786766 6.3123050169 6.3160069823 6.3338793734 6.400013273 6.4280917048 6.4334875205 6.4407963323 6.4963156396 6.5520799298 6.6046191472 6.6625860225 6.7383433109 6.7560964328 6.8403875838 6.8776931653 6.8821636962 6.9723909411 6.9780867882 7.0891753064 7.2467837052 7.3284692162 7.4124998461 7.4668993009 7.4831399766 7.4987803191 7.6570999686 7.6788196996 7.8246902114 7.9076023035 8.0086867047 8.1245326376 8.13883102 8.1999669172 8.2057722492 8.2876610159 8.3513730988 8.4484501263 8.4573101176 8.465285017 8.5132165067 8.6105369059 8.7644019944 8.7767557652 8.821974998 8.8984881902 9.0324785563 9.0907581009 9.203544982 9.8908728025 10.603276879 10.7806739666 11.0757706969 16.0221550564 16.1383113156 16.1634815989 16.3387300771 16.3952948349 16.4453741892 24.1776113476 24.2141553953 24.5633051385
512 2.7006356104 2.8228056375 2.8238990549 2.9056858698 2.9862851724 3.0072525623 3.0323960676 3.1938418352 3.8933084373 4.0216094237 4.1058811909 4.1493218615 4.1746040853 4.3481707868 4.4381189085 4.5142965193 4.5752702809 4.6436752818 4.8057257254 4.828162729 4.8403148662 4.9959878215 5.1421383457 5.1696543557 5.2943550071 5.3079153106 5.3232046569 5.6835677338 5.6925239857 5.715370622 5.7231464836 5.7480934513 5.7738849032 5.7953053835 5.8056050068 5.8443863226 5.8986644224 5.9193532705 6.0209649623 6.1006134347 6.10377731 6.1364071529 6.1834873002 6.2137717353 6.3117831435 6.3189858962 6.333662879 6.3920802965 6.428046475 6.4322814947 6.4488656774 6.4971888837 6.5519744515 6.6038215774 6.6645404933 6.7385258304 6.7558149932 6.842278663 6.8777925818 6.8823111463 6.9718295511 6.9780047248 7.0895218064 7.2463662555 7.3282237813 7.4122671807 7.4667970651 7.4837963105 7.4995198408 7.6570740978 7.6789417645 7.82466323 7.9074362265 8.0077031324 8.1247191749 8.1389777222 8.1992278045 8.2056153736 8.2885039016 8.3504136597 8.4494031553 8.4572083948 8.46533346 8.5129401527 8.6105347574 8.7640251229 8.7767013939 8.8222862049 8.8985451353 9.0324306333 9.0908162997 9.2035828643 9.8908861715 10.6032731218 10.7806784989 11.0757655112 16.0221549495 16.1383110377 16.163481776 16.338730074 16.3952950236 16.445374265 24.1776113697 24.2141553917 24.5633050612
513 2.6979131332 2.8218219176 2.8247238248 2.9010522589 2.9871809072 3.0085907265 3.0358631505 3.1971458931 3.8957176016 4.0099230511 4.1002395318 4.1608568392 4.1765833927 4.353332453 4.4383324715 4.5119019597 4.5733131502 4.6440577274 4.8010500102 4.8274249649 4.8453407041 4.9969718018 5.1428030574 5.1707085087 5.2947249954 5.3087664032 5.3232330046 5.6808648932 5.6920596854 5.7141639002 5.7156097096 5.7479970392 5.7738658163 5.8015281171 5.8023426291 5.8470230868 5.898361398 5.9188119463 6.0197518959 6.0993486821 6.1062870958 6.1361837689 6.1860713343 6.2073822857 6.3108203489 6.3232983464 6.3333048675 6.3827428123 6.427969028 6.4304423431 6.4585223636 6.4985436398 6.5517991909 6.6025360496 6.6677649869 6.7388312271 6.7553465812 6.845389313 6.8779573886 6.8825565356 6.9709014991 6.9778739836 7.0900920728 7.245680325 7.3278149243 7.4118831195 7.4666272579 7.4848841011 7.5007436198 7.6570311519 7.6791443161 7.824618594 7.9071611972 8.0060722366 8.1250282592 8.1392218784 8.1980021361 8.2053714054 8.2898818738 8.3488500598 8.4509519052 8.4570390086 8.4654140852 8.5124811035 8.6105312283 8.7634070751 8.776610611 8.8227948244 8.8986395794 9.0323509453 9.09091308 9.2036458156 9.8909083928 10.6032668761 10.7806860331 11.0757568915 16.0221547719 16.1383105757 16.1634820705 16.3387300689 16.3952953373 16.4453743909 24.1776114063 24.2141553858 24.5633049328
514 2.6942075408 2.8204438524 2.8258776829 2.8949809258 2.9884341274 3.0101148902 3.0406234626 3.2017109062 3.8990776147 3.9960890287 4.0927201077 4.1744697792 4.1793452692 4.3601743279 4.4386404338 4.508579493 4.5705958391 4.6445992119 4.7959150294 4.8264010888 4.850965615 4.9983156881 5.1437074204 5.1721744837 5.2952135961 5.3099632667 5.3233018915 5.6771895328 5.6913827592 5.7066767558 5.7124713575 5.7478792771 5.773826324 5.7980029827 5.8085802957 5.8504719495 5.8979400243 5.918041177 6.0181520012 6.0975910766 6.1097050382 6.1360014382 6.1894998325 6.1994194217 6.3092667952 6.3282878669 6.3328095017 6.3733033998 6.4278563657 6.4281856284 6.4686105329 6.500270439 6.5515549544 6.6008256529 6.6722108411 6.7392612566 6.7546921743 6.8496612366 6.8781862693 6.8828993962 6.9696176295 6.9777039753 7.0908758107 7.2447402548 7.3272429534 7.4113528368 7.46639075 7.4863946268 7.5024389253 7.6569713878 7.6794260318 7.8245568014 7.9067798226 8.0038063163 8.1254572143 8.1395629659 8.1962990146 8.2050636395 8.2917579026 8.3467287028 8.4530438956 8.4568021891 8.4655267216 8.5118416826 8.6105263947 8.762561781 8.7764831776 8.8234869475 8.8987708318 9.0322397673 9.0910481153 9.2037335578 9.8909393759 10.6032581658 10.7806965396 11.0757448721 16.0221545241 16.1383099315 16.1634824811 16.3387300617 16.3952957747 16.4453745664 24.1776114574 24.2141553776 24.5633047537
515 2.6896110153 2.8186733603 2.8273598075 2.8877516016 2.9900440256 3.0116114539 3.046594022 3.2074764236 3.9033759332 3.9809594602 4.0836039746 4.1828805122 4.1892986719 4.3684095982 4.4390525301 4.5043575048 4.5671403697 4.6453059876 4.7905864151 4.8250997583 4.856923734 4.9999874449 5.144826563 5.1740427629 5.2957886357 5.3115106037 5.3234431133 5.6726291984 5.6904672895 5.6968660227 5.7102892694 5.7477560004 5.7737549234 5.7927129256 5.8159009776 5.8546008937 5.8974033949 5.9170290585 6.0162585818 6.0953536463 6.1139466466 6.1359394334 6.1904030148 6.1936413054 6.3069036518 6.3321825065 6.3333662451 6.3644361406 6.4257564843 6.4277044802 6.4786672753 6.5022720085 6.551242874 6.5987748476 6.6778117385 6.7398182964 6.7538531344 6.8550186363 6.87847741 6.8833392242 6.9679921125 6.9775086906 7.0918596235 7.2435653953 7.3265083128 7.4106828784 7.4660887456 7.4883164333 7.504588696 7.6568951623 7.6797850856 7.8244785469 7.9062956703 8.0009220312 8.1260023736 8.1400002505 8.194130843 8.2047196968 8.294085689 8.3441035806 8.4556169617 8.4564982628 8.4656711277 8.5110251687 8.6105203615 8.7615066905 8.7763187726 8.824345156 8.898937937 9.0320974836 9.0912209484 9.2038457043 9.8909789946 10.6032470247 10.7807099774 11.0757295013 16.0221542073 16.1383091075 16.1634830063 16.3387300524 16.3952963341 16.445374791 24.1776115228 24.2141553671 24.5633045247
516 2.6842261929 2.816515697 2.8291691407 2.8796148112 2.9920095651 3.0129126702 3.0536808232 3.2143668212 3.9085968032 3.9650274752 4.0731612302 4.1871772012 4.2048364423 4.3777604773 4.4395824614 4.4992704844 4.5629742141 4.6461863708 4.785188595 4.8235316521 4.8630903476 5.0019480595 5.1461303651 5.1763015394 5.2964054303 5.3134135726 5.323700593 5.6672740968 5.6864738784 5.6892814567 5.7076122784 5.7476455266 5.7736384187 5.7865852006 5.8231374189 5.8592995899 5.8967557799 5.9157617817 6.0141853542 6.0926531348 6.1189165402 6.1360600838 6.1807315749 6.1983742265 6.3034722212 6.3314310797 6.3380488798 6.3566261991 6.423404241 6.4275085286 6.4884498647 6.5044823573 6.5508644099 6.5964880986 6.6844858687 6.7405052691 6.7528312016 6.8613719885 6.8788285269 6.8838756401 6.9660416263 6.9773077518 7.0930278359 7.2421794796 7.3256115955 7.4098806519 7.4657227679 7.4906358972 7.5071722017 7.6568029293 7.6802191715 7.8243847191 7.9057131914 7.9974398814 8.1266591546 8.1405327834 8.1915130131 8.2043681815 8.2968135195 8.3410297962 8.456127657 8.4586060377 8.4658469894 8.5100358212 8.6105132598 8.7602612972 8.7761170059 8.8253500017 8.8991396867 9.0319245868 9.0914309916 9.2039817615 9.8910270879 10.6032334958 10.7807262938 11.0757108403 16.0221538227 16.1383081072 16.1634836439 16.3387300413 16.3952970133 16.4453750636 24.1776116021 24.2141553544 24.5633042466
517 2.678159091 2.8139801525 2.8313043857 2.8707802161 2.9943294803 3.0139048282 3.0617849331 3.2222946681 3.9147215152 3.94858111 4.061631072 4.1922205967 4.220775974 4.3879779257 4.4402489703 4.4933577991 4.5581298042 4.6472509559 4.7797861246 4.8217091758 4.869400573 5.0041528876 5.1475847046 5.178936995 5.2970059689 5.3156771494 5.3241309991 5.6612094544 5.675674403 5.687788758 5.7044333668 5.7475670698 5.7734628122 5.7797242378 5.8300448254 5.8644750728 5.8960027715 5.9142248343 6.0120629897 6.0895100118 6.1245145624 6.1364065329 6.1707024993 6.2035932473 6.2987698776 6.3305638 6.3419475954 6.3502151802 6.4213600559 6.4272630404 6.4977881157 6.5068720459 6.5504213545 6.5940909755 6.6921387704 6.7413255456 6.751628487 6.8686206698 6.8792369004 6.8845086097 6.9637845224 6.9771281814 7.0943633344 7.2406099415 7.3245535592 7.4089539655 7.4652946413 7.493337751 7.5101657705 7.6566952367 7.6807255336 7.8242763965 7.9050376279 7.9933835932 8.1274221498 8.1411593978 8.1884635427 8.2040359285 8.2998876212 8.3375589128 8.4556909051 8.4619481648 8.4660539172 8.5088789151 8.6105052446 8.7588458103 8.7758774341 8.8264813384 8.8993746335 9.0317216774 9.0916775268 9.2041411321 9.8910834602 10.6032176314 10.780745425 11.0756889638 16.0221533717 16.1383069343 16.1634843914 16.3387300282 16.3952978096 16.4453753832 24.1776116952 24.2141553394 24.5633039205
518 2.671513624 2.8110801905 2.833764005 2.8614177587 2.9970022788 3.0145225623 3.0708075159 3.2311651478 3.9217286859 3.9317951856 4.0492150197 4.1979929724 4.2369166514 4.3988481545 4.4410773955 4.4866624489 4.5526440785 4.6485128798 4.7744161287 4.8196461443 4.8758169327 5.0065530398 5.1491528272 5.181933595 5.2975205239 5.3183053868 5.324801903 5.6545109492 5.6645754834 5.6859494812 5.700744134 5.7475388636 5.7722295096 5.773214169 5.8364307481 5.8700480231 5.8951513819 5.9124045398 6.0100352853 6.0859484692 6.1306406466 6.1370055413 6.1605403498 6.2092097496 6.2927867827 6.3295905424 6.3447708651 6.3453114552 6.4198075845 6.4269621439 6.5065279783 6.509444354 6.5499158368 6.5917348887 6.7006665016 6.7422828351 6.7502474636 6.8766534807 6.8796994138 6.8852387387 6.9612400613 6.9770073829 7.0958483387 7.2388872384 7.3233351461 7.4079106707 7.4648064713 7.4964055111 7.5135435207 7.6565727212 7.6813010011 7.8241548432 7.9042749072 7.9887794525 8.128285229 8.1418787052 8.1850026853 8.2037461253 8.3032546919 8.3337363507 8.4551886534 8.4655854809 8.4662914433 8.5075607839 8.6104964917 8.7572801149 8.7755995791 8.8277193659 8.8996411087 9.0314894616 9.0919597057 9.2043231182 9.8911478827 10.6031994929 10.7807672962 11.0756639591 16.0221528561 16.1383055936 16.163485246 16.3387300132 16.3952987199 16.4453757486 24.1776118015 24.2141553223 24.5633035478
519 2.664387889 2.8078331464 2.8365462177 2.8516636669 3.0000262416 3.0147380263 3.0806535054 3.2408807418 3.9147807935 3.929594557 4.0360780005 4.2044733471 4.2531126207 4.4101912134 4.4421018905 4.4792298867 4.5465581362 4.6499881369 4.7691021032 4.8173574596 4.8823155747 5.0090967166 5.1507967593 5.1852743819 5.2978733453 5.3213006029 5.3257858242 5.6472427466 5.6532480497 5.6837223064 5.6965354399 5.747576155 5.76419619 5.7728794133 5.8421282743 5.8759505928 5.8942100461 5.9102899431 6.0082542584 6.0819963531 6.1371982101 6.1378718337 6.1504190101 6.2151499953 6.2857545741 6.3285224153 6.341759177 6.3463432687 6.4188450209 6.4265998045 6.5122267966 6.5145013943 6.5493503276 6.5896056752 6.7099586863 6.74338106 6.7486909583 6.8802125966 6.885346038 6.8860676613 6.958427774 6.9769982196 7.0974650485 7.2370442296 7.321957505 7.4067584269 7.4642606222 7.499821786 7.517278047 7.6564361043 7.6819420267 7.8240215024 7.9034315296 7.9836556246 8.1292416482 8.1426890906 8.1811525339 8.2035173133 8.30686356 8.3296004506 8.4546216688 8.4665590182 8.4694665495 8.5060888731 8.6104871943 8.7555830599 8.775282948 8.8290453489 8.8999372419 9.0312287507 9.0922765505 9.2045269254 9.8912200938 10.6031791505 10.7807918216 11.0756359262 16.0221522781 16.1383040903 16.1634862041 16.3387299964 16.3952997406 16.4453761582 24.1776119208 24.2141553032 24.5633031299
520 2.6568720271 2.8042596582 2.8396489957 2.8416272141 3.0033994251 3.0145498029 3.0912339536 3.2513454081 3.8976118413 3.9382932945 4.0223529893 4.2116370647 4.2692430627 4.4218559798 4.4433685611 4.4711069693 4.5399170864 4.651695934 4.7638603068 4.8148587997 4.8888799101 5.0117304216 5.1524786833 5.1889412519 5.2979926029 5.3246625373 5.3271500121 5.6394573527 5.6417414904 5.6810658561 5.6917984333 5.7476892959 5.7557146051 5.7724470353 5.8469860978 5.8821249781 5.8931884858 5.9078750171 6.0068730829 6.0776849594 6.1390121791 6.1404763922 6.1440961617 6.2213526544 6.2780425568 6.3273717341 6.3392492368 6.346626793 6.4184548578 6.4261700618 6.5152607841 6.5215066749 6.548727645 6.5879329658 6.7199010344 6.7446242233 6.7469621417 6.8807726692 6.8869985515 6.8945535322 6.9553669741 6.9771777842 7.0991961408 7.2351156457 7.3204220177 7.4055045832 7.4636596938 7.5035684673 7.5213410238 7.6562861854 7.6826447287 7.8238779895 7.9025144518 7.9780415047 8.1302841639 8.143588707 8.1769366431 8.2033631023 8.3106660973 8.3251826427 8.4539908473 8.4668560066 8.4735465704 8.504471804 8.6104775594 8.753772042 8.7749270544 8.8304420391 8.900260983 9.030940459 9.0926269545 9.204751667 9.8912998007 10.6031566831 10.7808189053 11.0756049769 16.0221516398 16.1383024304 16.1634872621 16.3387299778 16.3953008676 16.4453766106 24.1776120525 24.214155282 24.5633026685
521 2.6490473033 2.8003829903 2.8313966674 2.8430700589 3.0071196621 3.0139736071 3.1024672658 3.2624677706 3.8803396881 3.9477972748 4.0081466035 4.2194551445 4.2851931355 4.4337141646 4.4449398311 4.4623410823 4.5327701906 4.6536590717 4.7587029783 4.8121663308 4.8954974365 5.0144000027 5.1541621933 5.1929151989 5.297821551 5.3283875162 5.3289450002 5.6300921008 5.6311965535 5.6779400204 5.6865259368 5.7468694851 5.7478821727 5.7719076954 5.8508694478 5.8885221992 5.8920973966 5.9051611162 6.0060359183 6.0730486104 6.1308235526 6.1404285673 6.1512497801 6.2277664566 6.2700167173 6.3261520439 6.3374631296 6.345715225 6.4185069055 6.4256672607 6.5185910813 6.5273048276 6.548050961 6.5869885231 6.7303770679 6.7450645207 6.7460162691 6.8813755901 6.888036795 6.9040963285 6.9520764196 6.9776625825 7.101025118 7.2331376695 7.3187303265 7.4041561504 7.4630064969 7.5076268238 7.5257037047 7.6561238363 7.6834049346 7.8237260828 7.9015309706 7.9719671312 8.1314051456 8.1445754699 8.172379685 8.2032923791 8.3146175696 8.3205082159 8.4532972231 8.4671816839 8.4777869594 8.5027194492 8.6104678038 8.7518628233 8.7745314409 8.8318938668 8.9006101258 9.0306256016 9.0930096834 9.2049963693 9.8913866807 10.6031321777 10.7808484411 11.0755712347 16.0221509438 16.1383006204 16.1634884158 16.3387299576 16.3953020966 16.4453771038 24.1776121961 24.2141552589 24.5633021653
522 2.6409860268 2.7962283567 2.8210440534 2.8468068706 3.0111845632 3.0130353019 3.1142796002 3.2741631717 3.863001515 3.958077344 3.9935443863 4.2278932866 4.3008396604 4.445654633 4.4469003124 4.4529794603 4.5251714328 4.6559043151 4.753640089 4.8092964532 4.9021580398 5.0170514923 5.1558133602 5.1971765148 5.2973256474 5.3311972185 5.3324676662 5.6183279404 5.6224929084 5.6743069601 5.6807141182 5.7377394174 5.7481511593 5.7712547098 5.8536682425 5.8909479411 5.8951009159 5.9021595239 6.005864734 6.0681239414 6.1215501768 6.14212042 6.1585807558 6.2343481954 6.2619682398 6.3248782066 6.3361455092 6.3437923339 6.4188008263 6.425086268 6.5222563215 6.5316546308 6.5473238084 6.5870482241 6.7412689362 6.7430019297 6.747560941 6.8820171023 6.8891908761 6.9137347205 6.9485741089 6.978634038 7.1029365236 7.2311476317 7.3168843663 7.4027198363 7.4623040294 7.5119775239 7.5303373109 7.6559499929 7.6842182264 7.8235677121 7.9004886096 7.9654626888 8.1325966864 8.1456470513 8.1675071534 8.2033098047 8.3155973319 8.3186766046 8.4525419796 8.4675352317 8.4821546406 8.5008430215 8.6104581496 8.7498695113 8.7740957012 8.8333869706 8.9009823334 9.0302852927 9.0934233772 9.2052599763 9.8914803823 10.6031057294 10.7808803132 11.0755348342 16.0221501928 16.1382986674 16.1634896605 16.3387299358 16.3953034226 16.445377636 24.177612351 24.214155234 24.5633016224
523 2.6327519901 2.791822307 2.8106288294 2.8508566299 3.0117660373 3.0155915179 3.1266047005 3.2863546955 3.845625296 3.9691030338 3.9786153065 4.2369103437 4.3160387199 4.4430687097 4.4493641392 4.4575785677 4.5171807117 4.6584626994 4.7486803811 4.8062655882 4.9088530306 5.0196317323 5.1574015502 5.201704938 5.2964923105 5.3339089966 5.3368901993 5.6064717686 5.6133714594 5.6701318276 5.6743643338 5.7283965567 5.7484846732 5.7704843962 5.8553085791 5.8897510591 5.8988938602 5.9018262836 6.0064451644 6.0629488748 6.1127278872 6.1440859939 6.1660166598 6.2410611067 6.2541053778 6.323566567 6.3351127048 6.3410753535 6.4191240921 6.4244226707 6.5262817702 6.5344050011 6.5465500873 6.5882979891 6.740778525 6.7492616412 6.7524573056 6.8826927787 6.8904735496 6.9231310792 6.944877185 6.9803762691 7.1049160502 7.2291838146 7.3148863972 7.4012021188 7.461555452 7.5166006076 7.5352133106 7.6557656485 7.6850799855 7.823404945 7.8993950124 7.9585581167 8.1338507073 8.1468008728 8.1623451255 8.2034164428 8.3104660672 8.3228049214 8.4517264598 8.4679157342 8.4866212615 8.4988551749 8.610448821 8.7478046423 8.7736195024 8.8349091255 8.9013751646 9.0299207423 9.093866552 9.2055413559 9.8915805268 10.6030774408 10.7809143968 11.0754959205 16.0221493898 16.1382965792 16.1634909914 16.3387299125 16.3953048404 16.445378205 24.1776125167 24.2141552074 24.5633010419
524 2.6244011879 2.7871921972 2.800200667 2.8552162637 3.0101990712 3.0203376957 3.1393833818 3.2989733923 3.8282328604 3.9634153955 3.9808427183 4.2464559627 4.3306147568 4.4326545335 4.4524826801 4.4693956441 4.5088659505 4.6613696778 4.7438320484 4.8030900095 4.915574566 5.0220887852 5.1588999618 5.2064797407 5.2953248168 5.3370644776 5.3416367738 5.5945429202 5.6038514646 5.6653833786 5.6674849929 5.7189065278 5.7488633079 5.7695962588 5.8557625975 5.8885166423 5.8954020314 5.9086688924 6.0078153637 6.0575613295 6.1044123536 6.1463231718 6.1734900402 6.2465688726 6.24787357 6.3222352129 6.3342375916 6.3377711856 6.4192960108 6.4236729547 6.5306752986 6.53559837 6.5457340723 6.5907293697 6.7383987802 6.7511212931 6.7638203621 6.8833980659 6.8919033767 6.9318154887 6.9410019222 6.9833101855 7.1069505663 7.2272853476 7.3127390409 7.3996093351 7.4607640659 7.5214754254 7.5403036004 7.6555718445 7.6859854374 7.8232399703 7.8982578437 7.9512828281 8.1351590542 8.1480340994 8.1569200857 8.2036104103 8.3051273685 8.3269669231 8.4508521778 8.4683221742 8.4911624411 8.4967701208 8.6104400388 8.7456793215 8.7731026067 8.8364496151 8.9017861005 9.0295332541 9.0943376028 9.2058393054 9.8916867103 10.603047422 10.7809505581 11.0754546486 16.022148538 16.138294364 16.1634924032 16.3387298877 16.3953063445 16.4453788087 24.1776126924 24.2141551792 24.5633004261
525 2.6159826518 2.7823657513 2.7898015566 2.8598824168 3.0083678139 3.0254200467 3.152562833 3.3119579624 3.8108418443 3.9479906082 3.9932636891 4.2564669066 4.3443539679 4.4217816531 4.4564490233 4.4810212586 4.5003066121 4.6646649759 4.7391032426 4.799785725 4.9223152852 5.0243721363 5.1602858724 5.2114797513 5.2938346143 5.3406371901 5.3466828994 5.5825585786 5.5939480504 5.6600347458 5.6600932706 5.7093284404 5.7492604545 5.7685929958 5.8550519427 5.8872526537 5.8917373487 5.9156038218 6.009962068 6.0519977967 6.0966448392 6.1488298135 6.1809372846 6.2394491922 6.2547580737 6.3209043444 6.3334328509 6.3340551007 6.419187058 6.4228346608 6.5354268895 6.5354774679 6.5448804193 6.5941320964 6.735867484 6.7531422108 6.7752319925 6.8841283252 6.8935067003 6.9369637712 6.9392262937 6.9879525739 7.1090280852 7.2254921689 7.3104453181 7.3979477735 7.4599332911 7.5265805538 7.5455806033 7.6553696623 7.6869296954 7.8230750766 7.8970846999 7.9436655387 8.1365135854 8.1493436319 8.1512588117 8.2038874879 8.2995918746 8.3311292235 8.4499208312 8.4687534295 8.4946037557 8.4957570989 8.6104320176 8.7435033898 8.7725448922 8.8379990801 8.9022125717 9.0291242218 9.0948348074 9.2061525583 9.8917985048 10.6030157898 10.7809886553 11.0754111829 16.0221476407 16.1382920306 16.1634938904 16.3387298616 16.3953079289 16.4453794445 24.1776128775 24.2141551494 24.5632997774
526 2.6075392993 2.7773707053 2.7794674018 2.8648514394 3.0063047034 3.030835302 3.1660958476 3.3252541185 3.7934669733 3.9323790409 4.0063321215 4.2668612428 4.357009509 4.4104939328 4.461491259 4.4915994227 4.4923748526 4.6683919727 4.734502514 4.7963684126 4.9290680684 5.0264327019 5.1615406079 5.2166833012 5.2920353359 5.3445960162 5.3519973209 5.5705347066 5.5836737204 5.6522164968 5.6540646721 5.6997149639 5.7496433188 5.7674803269 5.8532426496 5.885964298 5.8879684403 5.9226098238 6.0128257182 6.0462919798 6.0894535719 6.151603796 6.1882973348 6.232799795 6.2616903873 6.3195967651 6.3300664474 6.3326385534 6.4187190973 6.4219065202 6.534378417 6.5405111334 6.5439941714 6.5982005276 6.7331897417 6.7553259764 6.7865592635 6.8848788697 6.8953200725 6.9327774421 6.9449295867 6.9946962001 7.1111376983 7.2238450246 7.3080086879 7.396223761 7.4590666463 7.5318936927 7.5510172969 7.6551602135 7.6879078016 7.8229126276 7.8958830305 7.9357341999 8.1379062501 8.1453883203 8.1507261006 8.204241657 8.2938685928 8.3352601504 8.448934313 8.4692082697 8.4923737995 8.5003868807 8.6104249608 8.7412855952 8.7719463731 8.8395493609 8.9026519845 9.0286951256 9.0953563299 9.2064797903 9.8919154607 10.6029826673 10.7810285387 11.0753656963 16.0221467015 16.1382895881 16.1634954471 16.3387298343 16.3953095873 16.44538011 24.1776130713 24.2141551183 24.5632990984
527 2.5991087378 2.7692292353 2.7722345224 2.8701193721 3.004040619 3.036579973 3.1799400516 3.3388137925 3.7761209333 3.916612643 4.0200128845 4.2775290387 4.3683298923 4.3988347267 4.4678428947 4.4828676531 4.5033793989 4.6725963907 4.7300392611 4.7928534197 4.9358258687 5.0282226591 5.1626492713 5.2220680885 5.289939469 5.348908622 5.3575412657 5.5584867914 5.5730396813 5.6438930751 5.6474594595 5.6901124452 5.749974296 5.7662666577 5.8504331168 5.8841776483 5.884653352 5.9296686315 6.0163127873 6.0404737121 6.0828551471 6.1546428388 6.1955103101 6.2266464758 6.2686488952 6.318338497 6.3259126283 6.3318140149 6.4178561269 6.420888569 6.5326172249 6.5430807636 6.5458915156 6.6026468307 6.7303709794 6.7576733288 6.7976594994 6.8856449979 6.8973929481 6.9284570099 6.9488962432 7.0035323506 7.1132694856 7.222385469 7.3054330889 7.3944437405 7.4581677312 7.5373915437 7.5565871897 7.6549446313 7.6889147664 7.8227550297 7.8946600699 7.9275160256 8.1393291556 8.1393358695 8.1521778579 8.2046655543 8.2879654406 8.3393292555 8.4478947242 8.4696853538 8.4900999377 8.5050356761 8.6104190578 8.7390337603 8.7713072185 8.8410933485 8.9031017471 9.0282475289 9.0959002262 9.2068196262 9.8920371082 10.6029481836 10.7810700519 11.0753183697 16.022145724 16.1382870463 16.163497067 16.3387298059 16.3953113133 16.4453808027 24.1776132729 24.2141550859 24.5632983917
528 2.5907239952 2.7591141525 2.7669841699 2.8756819278 3.0016046253 3.042650351 3.1940571677 3.352594295 3.7588149784 3.9007185365 4.0342691255 4.2883173445 4.3781159498 4.3868474989 4.4742761685 4.4756848411 4.5139621238 4.6773240836 4.7257242588 4.789255846 4.9425815886 5.0296951203 5.163600277 5.2276109425 5.2875571952 5.3535428582 5.3632673939 5.5464305083 5.5620569523 5.6351728364 5.6402158162 5.6805610829 5.750212725 5.7649626176 5.8467394004 5.8804577516 5.8833177523 5.9367643808 6.0203109653 6.0345683298 6.0768560371 6.1579441766 6.2025160889 6.2209939769 6.275614058 6.3171594994 6.3216754546 6.3309326682 6.416592582 6.4197822457 6.5304397902 6.5421460258 6.5515251535 6.6072507483 6.7274169527 6.7601840631 6.8083777154 6.886422023 6.8997899895 6.9240160316 6.9514728394 7.014079493 7.1154144181 7.2211558263 7.3027229816 7.3926143394 7.4572402095 7.5430496655 7.5622642585 7.6547240602 7.6899456044 7.8226046948 7.8934227813 7.919037607 8.1331290096 8.1407746258 8.1536949715 8.2051508442 8.2818896681 8.3433068538 8.4468043871 8.4701832282 8.4878039576 8.5096892184 8.61041448 8.736754937 8.7706277712 8.8426248474 8.903559294 9.0277830735 9.0964644496 9.2071706466 9.8921629594 10.6029124735 10.7811130316 11.0752693911 16.0221447122 16.1382844151 16.163498744 16.3387297765 16.3953130999 16.4453815196 24.1776134817 24.2141550524 24.5632976602
529 2.5824141658 2.7491460341 2.7616459453 2.8815344697 2.9990239109 3.0490425044 3.2084123352 3.3665574952 3.7415593689 3.884720036 4.0490615002 4.2990061058 4.374576827 4.3862871976 4.4660555923 4.4850779766 4.5240564642 4.682617786 4.7215703441 4.7855907495 4.9493279851 5.0308036786 5.1643847445 5.2332874663 5.2848965817 5.3584669603 5.3691182265 5.53438238 5.5507372359 5.626116797 5.632344708 5.6710951801 5.7503170768 5.763580523 5.8422819885 5.8769070719 5.8819514998 5.9438831304 6.0247029666 6.0285965911 6.0714541851 6.1615041354 6.2092529291 6.2158308513 6.2825679722 6.3160944247 6.3174171802 6.3299788407 6.414942782 6.4185904718 6.5280209815 6.5411961831 6.5573669602 6.6118603751 6.7243337593 6.762856943 6.8185460904 6.8872052983 6.9025913801 6.9194676661 6.953099399 7.0258651159 7.1175642569 7.2201990671 7.2998833917 7.3907424294 7.456287795 7.5488422986 7.56802286 7.6544996469 7.6909953684 7.8224639923 7.8921778096 7.9103251078 8.1267956786 8.1422352482 8.1552732177 8.20568852 8.2756481818 8.3471636131 8.445665857 8.4707003255 8.4855098595 8.514334753 8.6104113782 8.7344555477 8.7699085648 8.8441384528 8.904022109 9.0273034753 9.097046857 9.2075313946 9.8922925108 10.6028756764 10.781157309 11.075218955 16.02214367 16.1382817049 16.1635004712 16.3387297463 16.3953149402 16.4453822581 24.1776136967 24.2141550178 24.5632969068
530 2.5742049713 2.7393461097 2.7562453446 2.8876719842 2.9963238314 3.0557522757 3.2229734918 3.3806690533 3.724363698 3.8686374413 4.0643468243 4.3092711308 4.3620700007 4.3929136893 4.4585394495 4.4959300447 4.5336050675 4.6885128505 4.7175933689 4.7818735624 4.956057592 5.0315018593 5.164995799 5.2390715223 5.2819645002 5.363649177 5.3750237488 5.5223605065 5.5390935398 5.616796358 5.6238762749 5.6617435006 5.7502475983 5.7621338194 5.8371763534 5.8736232876 5.8805448995 5.9510124639 6.0225751269 6.0293766085 6.0666406068 6.1653176512 6.2111332106 6.2156562856 6.2894940092 6.3131853726 6.3151832512 6.3289456735 6.4129327865 6.4173177211 6.5254805544 6.5402378523 6.5633727253 6.6163761815 6.7211278568 6.7656896249 6.82798856 6.8879902376 6.9058881468 6.9148247931 6.9541261014 7.0385086163 7.119711457 7.2195585469 7.2969199547 7.3888351806 7.4553142384 7.5547421508 7.5738376285 7.6542725312 7.6920591786 7.8223351932 7.890931446 7.901404538 8.1203643323 8.1437039135 8.1569080756 8.2062691435 8.2692477889 8.3508702238 8.4444819356 8.4712349644 8.4832439174 8.5189607634 8.6104098797 8.7321415127 8.7691503406 8.8456294445 8.9044877465 9.0268105196 9.0976452166 9.207900383 9.8924252445 10.6028379364 10.7812027099 11.0751672615 16.0221426016 16.1382789264 16.1635022419 16.3387297152 16.3953168269 16.4453830152 24.1776139171 24.2141549824 24.5632961344
531 2.5661192419 2.7297334007 2.7508069644 2.8940890486 2.993528007 3.0627752764 3.2377108134 3.3948977219 3.7072371446 3.8524886592 4.0800757145 4.318634437 4.3493796377 4.3981865253 4.452213959 4.5080235172 4.542563356 4.6950321976 4.7138135894 4.7781209137 4.9627626531 5.0317425217 5.1654278199 5.2449345073 5.2787679075 5.3690571784 5.3808977927 5.5103854417 5.5271405555 5.6072920334 5.614865903 5.652529739 5.7499693028 5.7606365566 5.8315275936 5.8706965545 5.8790851107 5.958141158 6.0165173203 6.0342308039 6.0624009006 6.1693777763 6.2068677307 6.2216581279 6.2963765172 6.3090165803 6.3144714896 6.3278336937 6.4105947133 6.415970079 6.5228993521 6.5392780332 6.5695010432 6.6207348384 6.717806086 6.7686785949 6.8365345918 6.8887723315 6.9097684982 6.9101001267 6.9547874748 7.0517467117 7.1218490769 7.2192775514 7.2938389606 7.3869001133 7.4543233165 7.560720129 7.5796833693 7.6540438363 7.69313225 7.8222204006 7.8896896008 7.8923021088 8.1138641055 8.1451738455 8.1585947209 8.2068830383 8.2626953791 8.3543971851 8.4432556826 8.4717853502 8.481034646 8.5235567426 8.6104100864 8.729818363 8.7683540647 8.8470936937 8.9049538499 9.0263060555 9.098257216 9.2082761006 9.8925606312 10.6027994013 10.7812490556 11.0751145156 16.0221415111 16.1382760906 16.1635040491 16.3387296835 16.3953187525 16.4453837878 24.1776141421 24.2141549463 24.563295346
532 2.5581773256 2.720325071 2.7453544325 2.9007797913 2.9906584401 3.0701068796 3.2525962082 3.409214715 3.6901886769 3.8362896937 4.0961883617 4.3264234468 4.3365681692 4.4023509495 4.4477589956 4.5210801938 4.5509028822 4.7021807223 4.7102577672 4.7743523395 4.9694350631 5.0314772692 5.1656756635 5.2508443339 5.2753152983 5.3746573934 5.386632687 5.4984813195 5.5148948225 5.5976918364 5.6054016429 5.6434730984 5.7494550086 5.7591029327 5.8254283213 5.8682027637 5.8775569475 5.9652589047 6.0104344647 6.0391782686 6.0587165779 6.1736752156 6.2029941364 6.2271872613 6.3032005739 6.3049390104 6.3140094464 6.3266497347 6.40796308 6.4145552957 6.5203314604 6.5383240936 6.5757142743 6.6248971755 6.7143756997 6.7718191177 6.8440441768 6.88954716 6.9053063232 6.9142932086 6.9552326649 7.0654027839 7.1239706969 7.2193985936 7.2906474001 7.3849451525 7.4533188221 7.5667450013 7.585534958 7.6538146608 7.6942099157 7.8221214687 7.8830446777 7.8884577853 8.1073249934 8.1466386231 8.1603280208 8.2075204455 8.2559980587 8.3577147631 8.4419904276 8.4723495775 8.4789126199 8.5281130016 8.610412073 8.7274913415 8.767520944 8.8485275837 8.9054181689 9.02579199 9.0988804708 9.2086570197 9.892698132 10.6027602223 10.7812961637 11.0750609262 16.0221404028 16.1382732087 16.1635058857 16.3387296513 16.3953207095 16.445384573 24.1776143708 24.2141549095 24.5632945448
533 2.5503974351 2.7111367062 2.7399103604 2.907737843 2.9877356365 3.0777422106 3.2676028548 3.4235931405 3.6732272266 3.820055038 4.1126066183 4.3237160084 4.3318144951 4.4056467035 4.4460047567 4.5348173917 4.5586135692 4.7069624433 4.7099387279 4.7705941816 4.976066312 5.0306559423 5.1657338707 5.2567639944 5.2716182201 5.3804143056 5.3920916019 5.486677365 5.5023747204 5.588089469 5.5956133044 5.6345889515 5.7486879269 5.7575469317 5.8189586518 5.8661978804 5.8759438505 5.9723560755 6.0043370462 6.044146047 6.0555661509 6.1781979331 6.1994673081 6.2321713688 6.3009744606 6.3099517814 6.3138498242 6.3254060127 6.4050726298 6.4130828359 6.5178125065 6.5373837448 6.5819788141 6.6288400772 6.7108443972 6.7751051955 6.8504383087 6.8903104013 6.9004560825 6.9194658277 6.9555564207 7.0793555111 7.1260703462 7.2199624137 7.2873530097 7.3829786894 7.4523045556 7.5727829685 7.5913672534 7.6535860706 7.695287647 7.8220399067 7.8736602979 7.8872411014 8.1007780488 8.1480921969 8.1621025305 8.2081716538 8.2491632484 8.3607931857 8.4406897811 8.4729256326 8.4769100719 8.5326205073 8.6104158861 8.7251654922 8.7666524435 8.8499279412 8.9058785728 9.0252702827 9.0995125344 9.2090416022 9.8928372005 10.6027205533 10.7813438487 11.0750067054 16.0221392812 16.138270292 16.1635077444 16.3387296187 16.39532269 16.4453853677 24.1776146022 24.2141548723 24.5632937339
534 2.5427959398 2.7021825377 2.7344963156 2.914956278 2.9847787217 3.085676133 3.282704774 3.4380074851 3.6563618437 3.8037979923 4.1292182918 4.3109375086 4.3340743967 4.4082769194 4.4476903791 4.5489736423 4.5657041062 4.7039791756 4.718251009 4.7668897538 4.9826474329 5.0292262842 5.1655958587 5.2626495172 5.2676927581 5.3862896756 5.3970981686 5.475009993 5.4896003423 5.5785824775 5.5856835228 5.62588955 5.747663229 5.7559820594 5.8121873282 5.8647142078 5.8742289405 5.9794235171 5.9982360335 6.0490747906 6.0529259539 6.1829308691 6.1962391085 6.2365415027 6.2971397159 6.3140429188 6.3166160982 6.3241192404 6.4019571574 6.4115639255 6.5153652067 6.5364650067 6.5882649242 6.6325512038 6.7072203666 6.7785295384 6.8557193925 6.8910578362 6.8955622415 6.9252133035 6.9558198854 7.0935176958 7.1281424393 7.221006657 7.2839643183 7.381009657 7.4512843175 7.5787971176 7.5971550332 7.653359091 7.6963610705 7.8219767677 7.864178897 7.8860442376 8.0942555834 8.1495288974 8.1639124893 8.208827113 8.2421987565 8.3636031528 8.4393576443 8.4735113983 8.4750601912 8.5370707439 8.6104215428 8.7228457406 8.7657503028 8.8512919783 8.9063330625 9.0247429385 9.1001509082 9.2094283062 9.8929772854 10.6026805503 10.7813919226 11.0749520676 16.0221381507 16.1382673521 16.1635096179 16.3387295859 16.3953246864 16.4453861687 24.1776148354 24.2141548349 24.5632929166
535 2.535387612 2.6934756236 2.7291328082 2.9224275415 2.9818055476 3.0939032316 3.2978764259 3.4524331426 3.6396018454 3.7875309252 4.1458436524 4.2984147066 4.3329395462 4.4104008742 4.4530850334 4.5633072069 4.5722002515 4.7013830936 4.726996252 4.7633313328 4.9891689509 5.0271338902 5.1652530806 5.2635608704 5.2684470312 5.3922416143 5.4014238174 5.4635257822 5.4765933094 5.5692705434 5.5758603864 5.6173847429 5.7463881578 5.7544211725 5.8051733202 5.8637590716 5.8723960729 5.9864523713 5.992144111 6.0507707079 6.0539174225 6.1878557932 6.1932600051 6.2402392706 6.2934475652 6.3146291673 6.3228097082 6.3231797011 6.3986489738 6.4100115967 6.5130031241 6.5355761584 6.5945463254 6.6360255623 6.7035123326 6.7820835423 6.8599668262 6.8906378625 6.8917853512 6.9313917619 6.9560631312 7.1078233413 7.1301817211 7.2225642384 7.2804906917 7.3790476289 7.4502619015 7.5847467242 7.6028729613 7.653134701 7.6974259817 7.821932524 7.8546331159 7.8848714714 8.0877913647 8.1509434399 8.1657518194 8.2094775362 8.2351128332 8.3661167307 8.437998218 8.4733960468 8.4741046596 8.5414555932 8.6104290316 8.7205369641 8.7648165544 8.852617242 8.9067797787 9.0242120009 9.1007930521 9.2098155928 9.8931178321 10.602640371 10.7814401958 11.0748972289 16.0221370156 16.1382644006 16.1635114987 16.3387295529 16.3953266907 16.4453869729 24.1776150696 24.2141547972 24.563292096
536 2.5281858338 2.6850279947 2.7238392898 2.9301433604 2.978832787 3.1024177884 3.3130923207 3.4668459714 3.6229569646 3.7712654944 4.1621581013 4.2864749027 4.3287546423 4.4121386675 4.4618493996 4.5775771072 4.578141391 4.6992870065 4.7358587498 4.760191611 4.9956208334 5.0243225569 5.1646941259 5.2592514188 5.2740885255 5.3982234093 5.4047758396 5.4522857489 5.4633765753 5.5602541068 5.566468787 5.6090826644 5.7448805965 5.7528763858 5.7979675179 5.8633158792 5.8704308189 5.9860768485 5.9934339125 6.049073869 6.0586375625 6.1904805434 6.1929513079 6.2432257093 6.2899075534 6.3156300495 6.3215002969 6.329628878 6.3951787532 6.4084407263 6.5107332922 6.5347256708 6.600799685 6.6392632525 6.6997296129 6.7857572758 6.8633093992 6.8856963147 6.8924889379 6.9378157404 6.9563125679 7.1222198366 7.1321832201 7.2246614552 7.2769423774 7.3771029515 7.4492410881 7.5905863641 7.6084955963 7.6529138269 7.6984783566 7.8219069316 7.8450593491 7.8837266762 8.0814207941 8.1523309231 8.1676141258 8.2101139987 8.2279142144 8.3683086647 8.4366160099 8.4719490971 8.4747031107 8.54576723 8.6104383117 8.7182440556 8.763853542 8.8539015715 8.9072170088 9.0236795453 9.1014363961 9.210201932 9.8932582856 10.6026001736 10.7814884778 11.0748424056 16.0221358806 16.1382614491 16.1635133796 16.3387295199 16.395328695 16.445387777 24.1776153038 24.2141547596 24.5632912754
537 2.5212027706 2.6768507737 2.7186341617 2.9380946338 2.9758760191 3.1112137523 3.3283266336 3.4812218725 3.6064375088 3.7550128375 4.1775014041 4.2757816784 4.3222027134 4.4135793882 4.4733058486 4.5835761327 4.5915118758 4.6978642828 4.7436074029 4.758648842 5.0019924415 5.0207351479 5.1639037266 5.2548007076 5.2794857424 5.4041819859 5.4067948523 5.4413714846 5.4499742683 5.5516335383 5.55791207 5.600990366 5.7431664176 5.7513590402 5.7906143266 5.8633469612 5.8683213208 5.9800538512 6.000359394 6.0478078143 6.0632079128 6.1878527124 6.1981929996 6.2454892048 6.2865265502 6.3170399925 6.3202154126 6.3359499472 6.3915755959 6.4068680605 6.5085581187 6.5339221194 6.6070040821 6.6422679529 6.6958821808 6.7895394738 6.8658913995 6.8807513493 6.8931646912 6.9442938522 6.9565853802 7.1341422092 7.1366630748 7.2273159746 7.2733305471 7.3751869291 7.4482256382 7.5962647875 7.6139974488 7.652697338 7.69951436 7.8218988885 7.8354990353 7.8826133334 8.0751810517 8.1536868251 8.169492698 8.2107280367 8.2206121585 8.3701580714 8.4352158394 8.4707473245 8.4753043637 8.5499980295 8.6104493144 8.715971979 8.7628639396 8.8551430612 8.90764319 9.0231476706 9.1020783514 9.2105858085 9.8933980923 10.6025601171 10.7815365781 11.0747878141 16.02213475 16.1382585092 16.1635152529 16.338729487 16.3953306915 16.445388578 24.177615537 24.2141547222 24.5632904581
538 2.5144495176 2.6689542735 2.7135347905 2.9462712968 2.9729498032 3.1202846984 3.343552814 3.4955363747 3.5900545349 3.7387837437 4.190425018 4.267787826 4.3139662744 4.4147889092 4.4867774964 4.5885578186 4.6047673766 4.6973830053 4.7463603957 4.7625263953 5.0082724838 5.0163150591 5.1628616257 5.2502523401 5.2845215707 5.4070786768 5.4100558775 5.430893798 5.4364116016 5.5435090934 5.5506472568 5.5931143708 5.7412762293 5.7498797103 5.7831530875 5.8637972481 5.8660589835 5.9740999687 6.0072199013 6.0469439247 6.0676087042 6.1853312221 6.2035537157 6.2470490561 6.2833091907 6.3188226938 6.318979858 6.3421292044 6.387867203 6.4053122091 6.5064768187 6.5331740699 6.6131404946 6.6450458782 6.6919807362 6.7934175373 6.8678478436 6.87581717 6.8938088076 6.9506552823 6.956892261 7.1360541737 7.1511142086 7.2305348837 7.2696673365 7.3733120848 7.4472192872 7.6017235151 7.6193530986 7.6524860429 7.7005303511 7.8219062974 7.8260002439 7.8815345468 8.0691111849 8.1550069946 8.1713805147 8.2113117497 8.2132164823 8.3716503557 8.4338028412 8.469813142 8.475905958 8.5541404852 8.6104619441 8.7137258184 8.7618507715 8.856340029 8.9080569108 9.0226184915 9.1027163226 9.2109657279 9.893536702 10.6025203598 10.7815843067 11.0747336696 16.0221336284 16.1382555927 16.1635171114 16.3387294545 16.3953326721 16.4453893726 24.1776157684 24.214154685 24.5632896472
539 2.5079362224 2.6613480762 2.7085575293 2.9546621521 2.9700677446 3.129623775 3.3587431784 3.5097642185 3.5738200511 3.7225888152 4.198123536 4.2653041695 4.3045777142 4.4158161344 4.5017380323 4.5931406393 4.6168822189 4.6982440421 4.7444452548 4.7714363141 5.0110083058 5.0144489718 5.161541263 5.2456562477 5.2890386341 5.4052519426 5.4157726271 5.421004173 5.422714876 5.5359818407 5.5451147873 5.5854611424 5.7392421778 5.7484482371 5.775619312 5.8636389866 5.8645977983 5.9682466628 6.0140062034 6.0464526197 6.0718262542 6.1828746986 6.2090039386 6.2479526588 6.2802582291 6.3178176744 6.3209139118 6.348152898 6.3840800981 6.4037935829 6.5044865273 6.5324899356 6.619191329 6.6476050381 6.6880367844 6.7973775385 6.8692929696 6.8709084968 6.8944175831 6.9567627401 6.9572391602 7.1379147855 7.1655372806 7.2343130296 7.2659658821 7.3714925364 7.4462257384 7.6068951305 7.6245373788 7.6522806865 7.7015228878 7.816619589 7.8219259475 7.8804930611 8.0632521181 8.1562876405 8.1732702513 8.2057375968 8.2118579077 8.3727790747 8.4323824645 8.4691613512 8.4765053717 8.5581871347 8.6104760797 8.7115108205 8.7608174329 8.857490989 8.9084569103 9.02209413 9.1033477197 9.211340222 9.8936735706 10.6024810591 10.781631475 11.0746801852 16.0221325201 16.1382527109 16.1635189478 16.3387294222 16.3953346292 16.4453901577 24.1776159971 24.2141546482 24.563288846
540 2.501672188 2.6540411 2.7037177425 2.9632546592 2.9672425522 3.1392236335 3.3738684771 3.5238789281 3.5577472542 3.7064386271 4.1980318957 4.2709026322 4.2944149012 4.4166976536 4.5178163298 4.5973767025 4.6272746945 4.700979138 4.7412747784 4.7819060219 5.0047661531 5.0205091799 5.1599082392 5.2410668516 5.2928263773 5.4010773333 5.4089115911 5.4119077458 5.4212457164 5.5291555659 5.5416270589 5.5780374676 5.7370953036 5.7470737672 5.7680457452 5.8610606186 5.8656684168 5.9625336335 6.0207086 6.0463033841 6.0758516658 6.1804467782 6.2145122165 6.248267288 6.2773748325 6.3167510038 6.323229789 6.3540072319 6.3802398613 6.4023342311 6.5025831805 6.5318778008 6.6251400017 6.6499546923 6.6840627215 6.8014042312 6.8660406234 6.8703183775 6.8949874135 6.9576284492 6.9625152577 7.1397198823 7.1798972573 7.2386318827 7.2622403516 7.3697445467 7.445248656 7.6117013067 7.6295256338 7.6520819488 7.7024887281 7.807424444 7.8219534346 7.8794912817 8.0576465513 8.1575253181 8.1751542903 8.198186549 8.2123600647 8.3735473805 8.4309604701 8.4687975157 8.4771000334 8.5621304943 8.6104915771 8.7093324304 8.7597677103 8.8585946274 8.9088420751 9.0215767072 9.1039699699 9.2117078538 9.8938081618 10.6024423709 10.7816778964 11.0746275715 16.0221314296 16.1382498752 16.1635207547 16.3387293906 16.3953365549 16.4453909302 24.177616222 24.2141546121 24.5632880576
541 2.4956659596 2.6470416533 2.6990298335 2.9644860894 2.9720346709 3.1490763357 3.3888974252 3.5378523615 3.5418508168 3.6903438954 4.191471349 4.2832705571 4.2837414497 4.4174611023 4.5347563934 4.6013141054 4.6353819692 4.7061079821 4.7377796075 4.792947344 4.9975480889 5.0264396112 5.1579185443 5.2365404705 5.2956126217 5.3945539378 5.3950306755 5.4038718396 5.4263716108 5.5231391333 5.5402704052 5.5708507568 5.734863686 5.7457647885 5.7604632857 5.8583274511 5.8669189776 5.9570107567 6.0273167574 6.0464648142 6.0796796809 6.1780170715 6.2200456153 6.2480698079 6.2746588335 6.3157990357 6.3256774386 6.3596783977 6.376371352 6.4009575195 6.5007622198 6.5313452077 6.6309705692 6.6521049367 6.6800719268 6.8054810644 6.8612294667 6.8709958874 6.8955148 6.9580597362 6.9678455786 7.141465453 7.194158128 7.2434591018 7.2585059676 7.3680873412 7.4442916577 7.6160507379 7.6342940563 7.6518904439 7.7034248304 7.798495296 7.8219831461 7.8785312968 8.0523387156 8.1587169142 8.1770247368 8.1905750699 8.2128126777 8.3739686831 8.4295429224 8.4687171099 8.4776873363 8.5659629988 8.610508271 8.7071963203 8.7587058011 8.8596497826 8.9092114345 9.0210683337 9.1045805299 9.2120672229 9.8939399491 10.6024044487 10.7817233872 11.0745760353 16.0221303611 16.1382470969 16.163522525 16.3387293595 16.3953384417 16.4453916871 24.1776164425 24.2141545767 24.5632872852
542 2.489925398 2.6403574796 2.6945072743 2.9618094191 2.9809861008 3.1591732293 3.4037961868 3.5261472389 3.5516542322 3.6743156638 4.1814826346 4.2727456645 4.2993778364 4.4181275583 4.5523786182 4.6049958622 4.6409668725 4.7138285594 4.7341852781 4.8042801356 4.9893248214 5.0322259708 5.1555165875 5.2321322578 5.2970748446 5.3811028498 5.3859302819 5.3972148141 5.431028594 5.5180476476 5.5408929339 5.5639092695 5.7325713818 5.7445291501 5.7529017951 5.8554473797 5.8682494883 5.9517402514 6.033819529 6.046904696 6.0833076985 6.175561955 6.2255701603 6.2474377088 6.272108955 6.3149771044 6.32816448 6.3651526354 6.3724989104 6.3996875676 6.4990191528 6.5308989058 6.6366674049 6.6540663786 6.6760788613 6.8095902004 6.8564916068 6.8713818036 6.8959963605 6.9585304642 6.9727153693 7.1431476264 7.2082807663 7.248748885 7.254779021 7.3665443462 7.443358306 7.6198374165 7.6388201016 7.6517067208 7.7043283515 7.789927817 7.8220083409 7.8776149003 8.047373948 8.1598596302 8.1788734381 8.1829156338 8.2132112278 8.3740663134 8.4281361769 8.4689056621 8.4782646518 8.5696769504 8.6105259773 8.7051084106 8.7576363326 8.8606554265 8.9095641546 9.0205711004 9.1051768977 9.2124169698 9.894068418 10.6023674433 10.7817677675 11.0745257791 16.0221293189 16.1382443868 16.1635242518 16.3387293292 16.3953402822 16.4453924254 24.1776166575 24.2141545421 24.5632865317
543 2.4844577405 2.6339957957 2.6901626356 2.9592228444 2.9900905038 3.1695047822 3.4185278041 3.5106552846 3.5652515943 3.6583655238 4.1699218249 4.261568359 4.3173813714 4.4187132504 4.5705521485 4.6084594644 4.6442995327 4.7238332399 4.7305705462 4.8157739287 4.980080916 5.0378531518 5.1526331819 5.227893083 5.2968946846 5.3671611323 5.3756247634 5.3922517415 5.4350809423 5.5139988305 5.5431853478 5.5572222739 5.7302380272 5.7433740585 5.7453908212 5.8524325685 5.869549446 5.9467986678 6.0402047544 6.0475901166 6.086734957 6.1730651482 6.2310512458 6.2464432451 6.269723016 6.3142959999 6.3306058399 6.36864653 6.3704163213 6.3985483562 6.4973499935 6.5305445638 6.6422149177 6.655849875 6.6720991693 6.8137125348 6.8518443162 6.8715210042 6.8964288522 6.9590363717 6.9771098752 7.1447626651 7.2222202045 7.2510768719 7.2544430662 7.3651450948 7.4424520997 7.6229401643 7.6430829739 7.6515312642 7.7051966444 7.7818337647 7.8220213538 7.8767436158 8.0427980535 8.1609509643 8.1752215308 8.1806920094 8.2135523408 8.3738721941 8.4267468619 8.4693398878 8.4788293456 8.5732644732 8.6105444967 8.7030748836 8.7565643773 8.8616106498 8.9098995301 9.0200870697 9.1057566243 9.2127557805 9.8941930681 10.602331502 10.7818108615 11.0744770001 16.0221283071 16.1382417558 16.1635259282 16.3387292998 16.395342069 16.4453931421 24.1776168663 24.2141545086 24.5632858002
544 2.4792696528 2.6279633221 2.6860076172 2.956735944 2.9993265427 3.1800603541 3.4330515635 3.4953965302 3.5786082873 3.6425058872 4.157655278 4.2503210603 4.3364304233 4.4192307838 4.589176804 4.6117368477 4.6459553286 4.7269722775 4.7355089068 4.8273425092 4.9698167103 5.0433052344 5.1491838358 5.2238668167 5.2948626313 5.3532415083 5.3641193795 5.3891899706 5.4383937952 5.5110991616 5.5467884825 5.550800146 5.7278789263 5.7379602614 5.7423060402 5.8492993326 5.8706977644 5.9422776314 6.0464590312 6.0484876035 6.089961874 6.170518044 6.2364540034 6.2451507332 6.2674981241 6.3137615389 6.3329278408 6.3648379968 6.3754560773 6.3975624275 6.495751597 6.5302864504 6.6475973079 6.6574663178 6.6681497815 6.8178277178 6.8473055724 6.8714503164 6.8968092103 6.9595718643 6.981032713 7.1463069621 7.235921835 7.2474179327 7.2604728089 7.3639282101 7.4415764632 7.625224981 7.6470641733 7.6513644968 7.7060272539 7.7743391772 7.8220139513 7.8759187208 8.0386564301 8.1619886927 8.1675069574 8.1824718652 8.2138339006 8.3734247626 8.4253818541 8.4699895732 8.4793787931 8.5767174775 8.6105636165 8.7011021866 8.7554954643 8.8625146478 8.9102169762 9.0196182651 9.1063173249 9.2130823907 9.8943134144 10.602296768 10.7818524983 11.0744298897 16.0221273296 16.1382392142 16.1635275477 16.3387292714 16.3953437951 16.4453938345 24.1776170679 24.2141544762 24.5632850935
545 2.4743672725 2.6222663094 2.682053078 2.9543576046 3.0086693084 3.1908278852 3.4473222943 3.4803960563 3.5916843392 3.6267503375 4.1451085938 4.2390977229 4.3561179235 4.4196900242 4.6081714079 4.6148545785 4.6465006442 4.723412267 4.7482494561 4.8389162191 4.9585492657 5.0485655052 5.1450680254 5.2200884036 5.2909807412 5.3393837876 5.3518860316 5.3880267648 5.4408623677 5.5094160147 5.5446544167 5.5513675796 5.7255054684 5.7306409829 5.7413308649 5.8460679919 5.8715656011 5.9382812283 6.0495632844 6.0525674536 6.0929895334 6.1679197763 6.2417436244 6.2436161746 6.2654308569 6.3133744187 6.3350704344 6.3610969915 6.3802588985 6.3967491607 6.4942219015 6.530127092 6.6527983597 6.6589264561 6.664249015 6.8219141748 6.8428940529 6.8712011177 6.8971346073 6.9601303258 6.9845010886 7.1477770413 7.2438216311 7.2493158053 7.2667606722 7.3629461321 7.4407347356 7.6265523932 7.6507480811 7.6512067826 7.7068179119 7.7675777181 7.8219778503 7.8751412705 8.0349929487 8.1597871315 8.1629708502 8.1842042588 8.2140551489 8.372766528 8.4240482464 8.4708198309 8.4799103966 8.5800276337 8.6105831148 8.6991970263 8.7544355842 8.863366709 8.9105160185 9.0191666621 9.1068566901 9.2133955893 9.8944289898 10.6022633797 10.7818925131 11.0743846325 16.0221263904 16.1382367719 16.1635291038 16.3387292441 16.3953454538 16.4453944998 24.1776172617 24.2141544451 24.5632844145
546 2.4697562453 2.6169105598 2.6783090652 2.9520960498 3.0180894515 3.2017934587 3.4612896015 3.4656833279 3.6044353348 3.6111140993 4.1325228446 4.2279823747 4.3762244303 4.4200987448 4.617834121 4.6274660333 4.6463552559 4.7199061718 4.7615917003 4.8504319108 4.9463123223 5.0536164991 5.1401705604 5.21658294 5.2854750406 5.3256326807 5.3393554398 5.3885373849 5.4424490308 5.5089421216 5.5387977678 5.5566421387 5.7231257632 5.7234654103 5.7404534199 5.8427627225 5.8720253791 5.9349169127 6.0507830615 6.0585133134 6.0958193014 6.1652770303 6.2418882386 6.2468856455 6.263517436 6.3131303517 6.3369884417 6.3574471514 6.3848122855 6.3961227301 6.4927600853 6.5300669237 6.6578012686 6.6602407481 6.6604166646 6.825949122 6.8386291072 6.8708012667 6.8974025427 6.9607043857 6.9875415809 7.1491695604 7.2403083456 7.2623085055 7.2732228117 7.3622726176 7.4399301586 7.6267918386 7.6510584296 7.6541225554 7.707566532 7.7616771883 7.8219053886 7.8744121222 8.0318486064 8.152078438 8.1638957112 8.1858803288 8.2142167609 8.3719416576 8.4227533078 8.4717933403 8.4804216022 8.5831863578 8.6106027626 8.6973663513 8.7533911848 8.8641662043 8.9107962829 9.018734178 9.1073724963 9.2136942224 9.8945393462 10.6022314707 10.781930747 11.0743414058 16.0221254931 16.1382344387 16.1635305904 16.338729218 16.3953470384 16.4453951354 24.1776174469 24.2141544153 24.5632837658
547 2.4654417561 2.6119014452 2.6747848424 2.9499588656 3.0275520709 3.2129406813 3.4512933152 3.4748970443 3.5956146864 3.6168117628 4.1200585578 4.217054255 4.396614169 4.4204631028 4.6206920831 4.6457969077 4.6469965039 4.716467188 4.7752090065 4.8618279863 4.9331554499 5.0584400703 5.1343665854 5.2133657635 5.2787047216 5.3120391355 5.3269109491 5.3903665545 5.4432071881 5.5095733086 5.5332439822 5.5623875441 5.7164680844 5.7207454421 5.7396775311 5.8394114217 5.8719686073 5.9322774574 6.0521127959 6.0642777584 6.098452555 6.1626036225 6.2400098744 6.2518462052 6.2617538917 6.3130204482 6.3386522559 6.3539120885 6.3891043732 6.3956900228 6.4913666488 6.5301039552 6.6566740769 6.6614192392 6.6625885083 6.8299085742 6.8345306989 6.8702765015 6.8976109718 6.9612861556 6.9901865688 7.1504813165 7.2368993104 7.2747697216 7.279771111 7.3620143586 7.4391658637 7.6258431085 7.6509196945 7.6571795006 7.7082712032 7.7567392538 7.8217903057 7.8737319582 8.0292600022 8.1443986204 8.1647617698 8.1874911547 8.2143208893 8.3709938885 8.4215044347 8.4728722869 8.480909917 8.5861848119 8.6106223279 8.6956173216 8.7523691561 8.8649125784 8.9110574849 9.0183226625 9.1078626159 9.2139771962 9.8946440565 10.6022011684 10.7819670484 11.0743003787 16.0221246412 16.1382322238 16.1635320017 16.3387291933 16.3953485427 16.4453957387 24.1776176226 24.2141543871 24.56328315
548 2.4614285542 2.6072439219 2.6714889163 2.9479530245 3.0370152938 3.2242497887 3.437267923 3.4880812872 3.5802728219 3.6287583709 4.107840193 4.2063913799 4.4171902737 4.4207879956 4.6234403723 4.6450036578 4.6667000514 4.7131079126 4.7888669884 4.873041117 4.9191427891 5.0630174952 5.1275318525 5.2104433793 5.2710507004 5.2986619761 5.3148889177 5.3931407918 5.4432715522 5.5111198013 5.5280078451 5.5684252081 5.709686183 5.7183686193 5.7390057253 5.8360455938 5.8713304036 5.9304161233 6.0535185035 6.0698394093 6.1008905027 6.1599198866 6.2380201072 6.2565922851 6.2601362189 6.3130317998 6.340048005 6.3505153605 6.3931240399 6.3954489629 6.4900434258 6.5302334781 6.6530441971 6.662471464 6.6671417425 6.8306193151 6.8337673365 6.8696514225 6.897758486 6.9618674397 6.9924713299 7.1517092538 7.2336164818 7.2863151064 7.2865145894 7.362327477 7.4384448582 7.6236605743 7.6507907869 7.6599153656 7.7089301838 7.7528167637 7.8216285583 7.8731013082 8.0272577152 8.1367670354 8.1655677207 8.1890278215 8.214371165 8.3699649172 8.4203090928 8.4740198535 8.4813729268 8.5890139218 8.6106415782 8.6939572652 8.7513767986 8.8656053418 8.9112994189 9.0179338881 9.1083250264 9.2142434803 9.8947427163 10.6021725941 10.7820012731 11.0742617117 16.0221238382 16.1382301358 16.163533332 16.3387291699 16.3953499608 16.4453963075 24.1776177883 24.2141543605 24.5632825694
549 2.4577209751 2.6029425434 2.6684290617 2.9460849056 3.0464284709 3.235696327 3.4236578023 3.5007712743 3.5651137771 3.6402135789 4.0959769264 4.1960730696 4.4210773302 4.4378731816 4.6260862077 4.6440903338 4.6865113291 4.7098415358 4.8023848419 4.8840035224 4.9043519207 5.0673296109 5.1195591085 5.2078149448 5.2628510671 5.2855698842 5.3035757567 5.3965341344 5.4428192106 5.5133466461 5.5231049984 5.5746104647 5.7031599837 5.7159990554 5.7384389357 5.8327002473 5.8701106857 5.9293251238 6.0549665663 6.0751739411 6.1031340797 6.1572519105 6.2359557871 6.2586605208 6.2610919441 6.3131482041 6.3411769044 6.3472803902 6.3953877366 6.3968609861 6.4887935317 6.5304478488 6.6495515726 6.6634063673 6.67144179 6.8269158349 6.8374989732 6.86895015 6.8978445567 6.9624399248 6.9944317926 7.1528504727 7.2304823629 7.2927636462 7.2972840117 7.363435091 7.4377700107 7.6202716346 7.6506718742 7.6623315207 7.7095418946 7.749897358 7.8214190628 7.8725205713 8.025864683 8.1292050042 8.1663124408 8.1904814927 8.2143726457 8.3688932971 8.4191747499 8.4752012446 8.4818083131 8.5916644148 8.6106602839 8.6923936197 8.7504217749 8.8662440637 8.911521947 9.0175695402 9.1087578194 9.2144921101 9.8948349447 10.6021458622 10.7820332853 11.074225556 16.0221230872 16.1382281831 16.1635345761 16.3387291481 16.395351287 16.4453968394 24.1776179432 24.2141543356 24.5632820265
550 2.4543229585 2.5990014707 2.6656123452 2.944360314 3.0557299089 3.247249169 3.4105246255 3.5128875125 3.5501693741 3.6511090241 4.0845732222 4.1861817167 4.4213342285 4.4585883053 4.6286319436 4.6431325694 4.7063580775 4.7066828204 4.8156088081 4.8888735152 4.8946403843 5.0713569913 5.1103794026 5.2054740108 5.2543859037 5.2728437424 5.2931995934 5.4002848355 5.4420270919 5.516017611 5.5185517458 5.5808217218 5.696933229 5.7136415945 5.7379761591 5.8294137838 5.8683788253 5.9289306043 6.0564239676 6.0802536481 6.1051839006 6.1546306572 6.2338531811 6.2573231372 6.2653145568 6.3133509697 6.3420535464 6.3442303324 6.3954852624 6.4003057735 6.4876212522 6.5307363817 6.6462222957 6.6642322452 6.6754686559 6.8234413544 6.8410757453 6.8681967187 6.897869857 6.9629953518 6.9961028862 7.1539022413 7.2275197799 7.2990262922 7.3067427109 7.3656265876 7.4371440362 7.6157811967 7.6505630866 7.6644344594 7.7101049123 7.7479017421 7.8211642482 7.8719900361 8.0250946707 8.1217363152 8.1669949704 8.1918434938 8.2143317053 8.3678137871 8.4181087987 8.4763843076 8.4822138705 8.5941268821 8.6106782213 8.6909338591 8.7495120379 8.8668283665 8.9117249884 9.0172312084 9.1091592092 9.2147221897 9.8949203866 10.60212108 10.7820629579 11.0741920528 16.0221223912 16.1382263733 16.1635357292 16.3387291279 16.3953525162 16.4453973324 24.1776180868 24.2141543125 24.5632815233
551 2.4512380632 2.5954244809 2.6630451465 2.9427844975 3.0648440818 3.2588674582 3.397943881 3.5243415941 3.5354810576 3.6613693495 4.0737345119 4.1768039051 4.4215611856 4.4792569915 4.6310746653 4.6421814843 4.7036490821 4.7261556356 4.828394724 4.8728125625 4.904867261 5.0750801565 5.0999844335 5.2034102678 5.2458871128 5.2605793048 5.2839202213 5.4041874172 5.441045601 5.514364808 5.5189228015 5.5869516099 5.6910533342 5.7113039691 5.737614089 5.826227838 5.8662576642 5.9291082381 6.0578585574 6.0850470316 6.1070402568 6.1520909957 6.2317493506 6.256120755 6.2692310573 6.3136197516 6.3413878869 6.3427031406 6.3957129089 6.4034498208 6.4865318793 6.5310853887 6.6430838609 6.6649567021 6.6792016419 6.8202169613 6.8444685108 6.8674152487 6.8978366682 6.9635256711 6.9975174028 7.1548620065 7.2247516084 7.3050145213 7.3145414706 7.3691917947 7.436569481 7.6103609415 7.6504645218 7.6662357706 7.7106179629 7.7466981281 7.8208703082 7.8715098996 8.0249508639 8.1143879781 8.1676144965 8.1931054024 8.2142558595 8.3667570608 8.4171184715 8.4775398465 8.4825875225 8.5963918659 8.6106951754 8.6895854051 8.7486557361 8.8673579202 8.9119085087 9.0169203775 9.1095275399 9.2149328938 9.894998713 10.6020983468 10.7820901728 11.074161333 16.0221217529 16.1382247136 16.1635367866 16.3387291093 16.3953536434 16.4453977845 24.1776182185 24.2141542913 24.5632810618
552 2.4484694793 2.5922149745 2.6607331783 2.9413621613 3.0736783321 3.2704957845 3.3860081765 3.5211047328 3.5350361467 3.6709123817 4.0635701521 4.1680308684 4.4217601931 4.4997874455 4.6334055248 4.6412725205 4.7007612863 4.7457991538 4.8405962836 4.8562923074 4.91458754 5.0784798089 5.0884447672 5.2016111224 5.2375548007 5.248890054 5.2758237206 5.4080785006 5.4399904055 5.5105610303 5.5218880332 5.592899875 5.685571354 5.7089990591 5.7373467679 5.8231870105 5.8638966119 5.9297097056 6.0592393583 6.0895184782 6.1087031432 6.1496706464 6.2296832572 6.2550504918 6.272814191 6.3139333732 6.3387750591 6.3431580599 6.3960370955 6.4062853633 6.4855314989 6.5314783962 6.6401649094 6.6655866211 6.6826195511 6.8172634604 6.8476465923 6.8666299195 6.8977493674 6.9640231826 6.9987052744 7.1557274072 7.2222004482 7.3106428084 7.3204769337 7.3742563672 7.4360487066 7.6042305094 7.6503762506 7.6677518321 7.7110799157 7.7461260196 7.8205470812 7.8710802854 8.0254244961 8.1071914145 8.1681703363 8.1942591471 8.2141535267 8.3657496763 8.4162107468 8.4786417291 8.4829273378 8.5984499753 8.6107109428 8.688355525 8.7478610905 8.8678324381 8.9120725103 9.0166384189 9.1098612924 9.2151234702 9.8950696229 10.6020777541 10.782114822 11.0741335162 16.0221211748 16.1382232105 16.1635377443 16.3387290925 16.3953546643 16.4453981939 24.1776183378 24.2141542722 24.5632806439
553 2.4460200387 2.589375981 2.6586815043 2.9400974814 3.0821192402 3.2820563832 3.3748308758 3.5071185788 3.5448654561 3.6796498816 4.054194507 4.1599581931 4.4219328363 4.5200627485 4.6356088122 4.6404308121 4.6980453116 4.7651516603 4.8394627373 4.8520569787 4.9236901702 5.0759211232 5.0815370811 5.200063015 5.229572191 5.2379099024 5.26892676 5.4118242595 5.4389450953 5.5071570446 5.524773273 5.5985675703 5.6805416005 5.706747644 5.7371653307 5.8203384111 5.8614474094 5.930586463 6.0605369146 6.0936281373 6.1101723075 6.1474090366 6.2276965121 6.2541099527 6.2760387685 6.3142706092 6.3364128745 6.3434542454 6.3964221989 6.4088053886 6.4846267379 6.531896568 6.6374948315 6.6661281481 6.6857009982 6.8146010491 6.8505776381 6.8658647633 6.8976149684 6.9644806615 6.999693169 7.1564962867 7.21988825 7.3158296778 7.3246438274 7.3806231854 7.4355838753 7.5976405917 7.6502983211 7.6690031855 7.7114897766 7.746019679 7.8202075426 7.8707012593 8.0264931776 8.1001844503 8.168661922 8.1952971111 8.21403373 8.3648142229 8.4153922508 8.4796668721 8.4832315447 8.600292031 8.6107253342 8.6872512162 8.7471362456 8.8682516729 8.9122170225 9.0163865829 9.1101590912 9.2152932409 9.895132844 10.6020593844 10.7821368073 11.0741087112 16.0221206592 16.13822187 16.1635385984 16.3387290776 16.3953555748 16.4453985591 24.1776184442 24.2141542551 24.5632802712
554 2.4438922237 2.586910164 2.6568945553 2.9389941162 3.0900291709 3.2934362394 3.3645495551 3.4936359537 3.5537170563 3.6874890689 4.0457264009 4.1526846216 4.4220803702 4.5399220418 4.6376608273 4.63967451 4.69553334 4.7840248174 4.8225170031 4.8626049696 4.932048182 5.062671904 5.0842337756 5.1987524504 5.2221166576 5.2277950703 5.2631909317 5.4153114967 5.4379677654 5.5041688945 5.5274671268 5.6038522639 5.6760207949 5.7045815396 5.7370579364 5.8177309125 5.8590492626 5.93160409 6.0617236864 6.0973321589 6.1114473114 6.1453460537 6.2258336342 6.2532972513 6.2788819149 6.31461091 6.3343210538 6.3436279944 6.3968332141 6.4110035725 6.4838244801 6.5323193457 6.6351031982 6.6665866841 6.6884248353 6.8122489493 6.8532275454 6.8651432932 6.8974436387 6.9648914702 7.0005043174 7.1571667056 7.2178359003 7.3204987934 7.327392456 7.3878067469 7.4351769351 7.5908643657 7.6502307639 7.6700135762 7.711846683 7.7462250131 7.8198669581 7.8703728446 8.0281181356 8.0934148635 8.1690887868 8.1962122389 8.2139057487 8.363969576 8.4146691538 8.4805951642 8.4834985453 8.6019092347 8.6107381767 8.6862790821 8.7464890946 8.8686154134 8.912342093 9.0161659912 9.1104197093 9.2154416043 9.895188134 10.6020433117 10.7821560415 11.0740870146 16.0221202082 16.1382206973 16.1635393455 16.3387290645 16.3953563713 16.4453988785 24.1776185372 24.2141542401 24.5632799451
555 2.4420881732 2.584819825 2.6553761427 2.9380552168 3.0972440989 3.304465506 3.3553281819 3.480826986 3.5614745808 3.6943351053 4.0382869252 4.1463098071 4.4222037802 4.5591280476 4.6390168843 4.6395287796 4.6932651635 4.8021469567 4.8057222715 4.8720511964 4.9395188559 5.049066925 5.0865525828 5.1976667632 5.2153662499 5.2187240097 5.2585428655 5.4184422058 5.4370977555 5.5016116333 5.5298811587 5.6086443549 5.6720666401 5.7025467 5.7370100124 5.8154140034 5.8568225291 5.9326480354 6.062774482 6.1005834923 6.1125275975 6.1435206891 6.2241416381 6.2526109961 6.2813233061 6.314935059 6.3325176656 6.3437134531 6.3972378274 6.4128742342 6.4831315594 6.5327253084 6.6330190021 6.6669668854 6.6907706874 6.8102250068 6.8555605832 6.8644879838 6.8972490441 6.9652496568 7.0011584952 7.1577369543 7.2160627765 7.324580133 7.3291375782 7.3952148614 7.434829606 7.5841980438 7.650173596 7.6708086684 7.7121498983 7.7466086701 7.8195417954 7.8700950345 8.0302386207 8.086947134 8.1694505524 8.1969981441 8.2137787351 8.3632312073 8.4140470679 8.4814093706 8.4837269279 8.6032933616 8.6107493161 8.6854452011 8.7459270843 8.8689234819 8.91244778 9.0159776303 9.1106420735 9.2155680363 9.8952352808 10.6020296006 10.7821724479 11.0740685109 16.0221198235 16.1382196971 16.1635399827 16.3387290533 16.3953570506 16.4453991509 24.1776186166 24.2141542274 24.563279667
556 2.4406096891 2.5831069067 2.6541294712 2.9372834349 3.1035746649 3.31488175 3.3473560613 3.4689543346 3.5680220918 3.7000946403 4.0319955371 4.1409309432 4.4223038294 4.5773083342 4.6384676794 4.6411702466 4.6912888891 4.7894773767 4.8191099057 4.8801918744 4.9459467604 5.0356217795 5.0884772823 5.1967946561 5.2095011966 5.210893728 5.2548943869 5.4211309656 5.4363611789 5.4994989109 5.5319454092 5.6128252067 5.6687357494 5.7007053057 5.7370049302 5.8134361473 5.8548673714 5.9336243711 6.0636669154 6.1033334638 6.1134125572 6.141969585 6.2226687543 6.2520502424 6.2833453824 6.3152257562 6.3310187678 6.3437408921 6.3976078003 6.4144123336 6.4825544461 6.5330932289 6.6312697107 6.667272669 6.6927195855 6.8085452713 6.8575399398 6.8639196346 6.897048278 6.9655500404 7.0016721012 7.1582055644 7.2145862892 7.3280112534 7.3302205079 7.4022778394 7.434543367 7.5779666483 7.6501268248 7.6714144896 7.7123988075 7.7470611984 7.8192485251 7.869867804 8.0327595826 8.0808761503 8.1697469181 8.1976492128 8.2136613154 8.3626115139 8.4135309453 8.4820950411 8.483915478 8.6044369665 8.6107586185 8.684754996 8.7454570056 8.8691757316 8.9125341451 9.0158223452 9.1108252684 9.2156720915 9.8952741039 10.6020183064 10.7821859613 11.0740532722 16.0221195067 16.1382188733 16.1635405076 16.3387290441 16.3953576101 16.4453993753 24.177618682 24.2141542169 24.563279438
557 2.43945824 2.5817729953 2.653157149 2.9366809309 3.1088132937 3.3242747228 3.340840721 3.4584284257 3.573249895 3.7046803646 4.0269645277 4.1366383385 4.4223810962 4.5938494876 4.6380340007 4.6425341664 4.6896600733 4.7744179475 4.8342855284 4.8868169427 4.9511710212 5.0230661075 5.0899929924 5.1961265614 5.2045105804 5.2046996753 5.2521586746 5.4233044816 5.4357750322 5.4978425686 5.5336053004 5.61626862 5.6660809613 5.6991350636 5.7370251906 5.8118426153 5.8532643664 5.9344585908 6.0643818686 6.105534286 6.1141015946 6.1407255242 6.221462146 6.2516144153 6.2849335323 6.3154681246 6.3298380617 6.3437356685 6.3979197475 6.4156135178 6.4820989406 6.533403275 6.6298801605 6.6675072213 6.6942546612 6.8072235801 6.8591289936 6.8634566569 6.8968610575 6.9657882832 7.0020582846 7.158571319 7.2134214322 7.3307386119 7.3308779207 7.4084770095 7.4343194449 7.5725271648 7.6500904516 7.6718556981 7.7125929131 7.7474967828 7.8190024377 7.8696911194 8.0355237491 8.0753565859 8.169977651 8.1981607011 8.2135611963 8.3621201369 8.4131249851 8.4826404356 8.4840631884 8.6053335929 8.6107659722 8.6842131075 8.7450847823 8.8693720451 8.912601247 9.0157008349 9.1109685405 9.2157534041 9.8953044547 10.6020094744 10.7821965279 11.0740413579 16.022119259 16.1382182292 16.1635409179 16.3387290369 16.3953580476 16.4453995508 24.1776187331 24.2141542087 24.5632792589
558 2.4386349649 2.5808193227 2.6524611959 2.9362493788 3.1127503093 3.3320199764 3.3359917979 3.44987384 3.5770615099 3.7080162765 4.0232922406 4.1335102431 4.4224360025 4.6077275541 4.637720898 4.643564721 4.6884379357 4.761585528 4.8467216642 4.8917255623 4.9550377084 5.0124374801 5.091086596 5.1956548717 5.199774116 5.2011274391 5.2502611269 5.4249026197 5.4353500874 5.4966522637 5.5348196875 5.6188478083 5.6641482117 5.6979233179 5.7370540882 5.8106728804 5.8520754443 5.9350941243 6.0649039311 6.1071424719 6.1145941826 6.1398159411 6.2205646617 6.2513032147 6.2860762423 6.3156501359 6.3289865741 6.3437176925 6.3981554746 6.4164742125 6.4817698893 6.5336382729 6.628871367 6.6676730073 6.6953618553 6.8062711673 6.8602935668 6.8631143428 6.8967079 6.9659609501 7.0023270866 7.1588332618 7.2125803659 7.3312606371 7.332718873 7.4133393929 7.4341588044 7.5682569991 7.6500644742 7.6721538134 7.7127318315 7.7478515269 7.8188165849 7.8695649462 8.0382499989 8.0706659073 8.1701425783 8.198528821 8.2134848022 8.3617642484 8.4128325485 8.4830364679 8.4841692672 8.6059779731 8.6107712888 8.6838232793 8.7448152695 8.8695123322 8.912649137 9.0156136473 9.1110713006 9.2158116888 9.8953262171 10.6020031403 10.7822041057 11.0740328144 16.0221190813 16.1382177673 16.1635412122 16.3387290317 16.3953583614 16.4453996766 24.1776187697 24.2141542028 24.5632791305
559 2.4381406755 2.5802467678 2.6520430501 2.9359899714 3.115199951 3.3329950236 3.3372668 3.4441413809 3.5793810389 3.7100430939 4.0210558269 4.1316075019 4.4224688355 4.6173555513 4.6375317468 4.6442091541 4.6876776139 4.7525798042 4.8551138196 4.8947478577 4.9574167189 5.0051039166 5.0917474863 5.1953740789 5.1968545159 5.1989222437 5.2491456292 5.4258802661 5.4350928374 5.4959351469 5.5355597316 5.6204494337 5.6629733053 5.6971541758 5.737077668 5.809957829 5.8513445576 5.9354912026 6.065221786 6.1081228191 6.1148899099 6.1392615624 6.22001097 6.2511165162 6.2867652103 6.3157629494 6.3284723883 6.3437012138 6.398302051 6.4169917406 6.4815709433 6.5337849125 6.6282593641 6.66777178 6.6960305743 6.8056963248 6.8610051574 6.862904186 6.8966072614 6.9660655542 7.002485573 7.1589907044 7.2120720572 7.3314587966 7.3339200986 7.4164544949 7.4340621406 7.5655141637 7.6500488895 7.6723255765 7.7128152908 7.7480814676 7.818700917 7.8694892551 8.040425546 8.0673133762 8.1702415811 8.1987508127 8.2134369633 8.3615487904 8.4126560896 8.4832766696 8.4842331439 8.6063662038 8.6107745045 8.6835882608 8.7446520766 8.8695965296 8.9126778545 9.0155611765 9.111133126 9.2158467414 9.895339308 10.6019993297 10.7822086645 11.074027675 16.0221189744 16.1382174894 16.1635413893 16.3387290286 16.3953585501 16.4453997523 24.1776187918 24.2141541993 24.5632790532
560 2.4379758584 2.5800558577 2.6519035726 2.9359034229 3.1160321642 3.3319804349 3.3391467809 3.4420995155 3.58015981 3.7107230296 4.020304682 4.1309688234 4.4224797616 4.6208729517 4.6374684857 4.6444287476 4.6874192352 4.7492689735 4.8581160113 4.8957688852 4.9582201162 5.0024502422 5.0919686135 5.1952808526 5.1958675792 5.198176323 5.2487776686 5.4262093316 5.4350067286 5.4956956137 5.5358083074 5.6209930838 5.662579056 5.6968900475 5.7370866194 5.809717211 5.8510980084 5.9356261792 6.0653285139 6.1084522799 6.1149885155 6.1390753063 6.2198237683 6.251054285 6.2869954249 6.3158011602 6.3283004399 6.3436947731 6.3983517637 6.4171644383 6.4815043714 6.5338347562 6.6280542184 6.6678045879 6.6962542267 6.8055041391 6.8612446137 6.8628333263 6.8965721457 6.9661005902 7.0025379383 7.1590432316 7.2119020035 7.3315199143 7.334322707 7.4175289674 7.4340298726 7.5645663314 7.650043695 7.6723816161 7.7128431286 7.7481609278 7.8186616558 7.8694640269 8.041297956 8.0660489362 8.1702745896 8.1988249976 8.2134206782 8.361476654 8.4125971028 8.4833571668 8.4842544745 8.6064958841 8.6107755807 8.6835097328 8.7445974284 8.8696245996 8.9126874241 9.0155436598 9.1111537628 9.2158584392 9.8953436771 10.6019980577 10.7822101861 11.0740259596 16.0221189388 16.1382173967 16.1635414483 16.3387290276 16.3953586131 16.4453997775 24.1776187992 24.2141541981 24.5632790274
561 2.7790288514 2.9885437011 2.990840072 3.23077827 3.7715439446 3.8085302452 3.878302706 4.0161625035 4.0519376806 4.0942179146 4.1778867996 4.2035628444 4.2929884793 4.3765710183 4.4371551798 4.4760599376 4.5023541716 4.6127482871 4.6846000865 4.7386266892 4.781596185 4.7988349154 4.8461528439 4.8870632837 4.9542726787 5.0764992444 5.0810505341 5.1923381652 5.2857677829 5.4719013524 5.5024355655 5.6223969316 5.7649716442 5.7836190922 5.8135830448 5.8742570376 6.1531886363 6.1700487249 6.1702094503 6.2523506848 6.2655553827 6.3128831786 6.3988675547 6.4225648494 6.4490591073 6.4795583005 6.4883852899 6.533930063 6.5512880611 6.6424199181 6.714354059 6.7154583246 6.7276484942 6.7916304888 6.7984932889 6.8647305848 6.9750302797 7.1687595197 7.1768120537 7.2037511054 7.2409857325 7.3604086738 7.4492100831 7.491545465 7.5050810397 7.5066397609 7.5196984606 7.5791963214 7.6091741157 7.6420600842 7.7743104199 7.841817937 7.8508058332 7.8888348867 7.9465671837 7.9572426728 7.9638644239 7.9854196827 8.1427336287 8.1629002883 8.1945772519 8.3237192614 8.3663592159 8.4167781168 8.4192106329 8.5321996867 8.5351696108 8.6219619351 8.6744668765 8.8181544662 8.8848720254 9.4593444608 9.4964185362 10.6694870805 10.7248361858 10.7319251765 16.0547607775 16.1231932613 16.1304642966 16.2804645225 16.4058586005 16.4426979443 24.2198474297 24.2383840195 24.5865051551
562 2.7791981417 2.9886299455 2.9909198108 3.2308753153 3.7713933785 3.8084881895 3.8777119545 4.0160820686 4.051953113 4.0940483276 4.1776132633 4.2038826368 4.2930210137 4.3764772724 4.4372062434 4.4760821376 4.5023112156 4.6119750672 4.6833897416 4.7383551946 4.7824903641 4.800273568 4.8465594983 4.8871014472 4.9548569311 5.0764101327 5.0810041368 5.1924235578 5.2858962916 5.4718566265 5.5024897102 5.6222039662 5.7648547001 5.7838272159 5.8136116441 5.874312556 6.153227379 6.1700276556 6.1700315229 6.2522831099 6.265497387 6.3125899565 6.39797919 6.4216553597 6.4480440075 6.4799865759 6.4891080435 6.5343744282 6.5519085902 6.6430069929 6.7143244959 6.7156104962 6.7275393673 6.7915750661 6.7987852362 6.8647967928 6.9748729713 7.1687525048 7.1768115863 7.2038749388 7.240956074 7.3603250908 7.4484287373 7.4914912619 7.5057892048 7.5066976979 7.5197627421 7.5790168517 7.6092039576 7.6420200281 7.7742812992 7.8416925117 7.8508196278 7.8888316176 7.9468064254 7.9570894377 7.9637222243 7.9853952407 8.1429263967 8.1630184887 8.1945659696 8.3237045285 8.3663009031 8.4167729383 8.4191891308 8.5321878036 8.5352015921 8.6220185159 8.6744850529 8.8181370423 8.8848570494 9.4593407626 9.4964077159 10.6694863575 10.7248372902 10.7319246428 16.0547606791 16.1231931835 16.1304643602 16.2804646689 16.4058586284 16.4426980178 24.2198474205 24.2383840191 24.5865051463
563 2.7797058623 2.9888885114 2.9911588328 3.231166288 3.7709421569 3.8083618575 3.8759483957 4.015841296 4.0519991032 4.0935400307 4.1767944789 4.2048360587 4.2931179738 4.3761960173 4.4373584184 4.4761466128 4.5021815872 4.6097086327 4.679936514 4.7375568857 4.7851161114 4.8044119541 4.8477766816 4.8872197079 4.9565906246 5.0761443065 5.0808684184 5.1926801044 5.2862808169 5.4717227218 5.5026520184 5.6216286956 5.7645042468 5.7844479092 5.8136968946 5.8744787613 6.1533429528 6.1694964665 6.1699628006 6.2520778716 6.2653189142 6.3117229871 6.3954093071 6.4189924715 6.4451900748 6.4811018347 6.4911867617 6.535694954 6.5537046757 6.6447464932 6.7142425427 6.7160658103 6.7272156642 6.7914107273 6.7996567685 6.8649933261 6.9744026714 7.1687312704 7.1768089625 7.2042453219 7.2408669933 7.3600755662 7.4462080667 7.4913296388 7.5068705665 7.5077869562 7.5199549064 7.5784810864 7.6092919904 7.6419049981 7.7741935603 7.8413173635 7.8508615729 7.8888195324 7.9475213409 7.9566320336 7.9633004478 7.9853219038 8.1435015026 8.1633711084 8.194532118 8.3236606303 8.3661261182 8.4167574196 8.4191247094 8.5321521185 8.5352973824 8.6221879946 8.6745395072 8.8180848198 8.8848121694 9.4593296823 9.4963752942 10.6694841915 10.7248405989 10.7319230437 16.0547603844 16.1231929504 16.1304645509 16.2804651072 16.4058587121 16.4426982381 24.2198473927 24.2383840179 24.58650512
564 2.7805515614 2.9893188963 2.991556555 3.2316506978 3.7701917087 3.8081507569 3.8730374237 4.0154417778 4.0520747155 4.0926946877 4.1754359025 4.2064055605 4.2932774342 4.3757272086 4.4376087215 4.4762469945 4.5019630671 4.6060944163 4.6746770613 4.7362782723 4.7893167351 4.8108141403 4.8497960681 4.8874299367 4.9594181721 5.0757062865 5.0806541372 5.1931089186 5.2869183877 5.4715004554 5.5029221182 5.620681735 5.7639214146 5.7854704008 5.8138371529 5.8747546007 6.1535333888 6.168600591 6.1698491969 6.251727283 6.2650062033 6.3103190262 6.3914032491 6.4147528286 6.4409049473 6.4825590187 6.4943934361 6.5378550817 6.556500203 6.6475759714 6.7141277391 6.7168206523 6.7266883508 6.791143369 6.8010954809 6.8653140411 6.9736242085 7.1686952494 7.1768005398 7.204858955 7.2407181583 7.3596637343 7.4428428761 7.4910635035 7.5071555771 7.5107692605 7.5202729039 7.5775969105 7.6094337952 7.6417304719 7.7740460726 7.8406957687 7.850933336 7.8887918043 7.9487036726 7.9558772804 7.9626133767 7.9851996437 8.1444495507 8.1639522865 8.1944756829 8.3235884652 8.3658353191 8.4167316115 8.4190176225 8.5320925286 8.5354565225 8.6224695803 8.6746300153 8.8179979465 8.8847375289 9.4593112624 9.4963213883 10.669480591 10.724846099 10.7319203856 16.0547598944 16.1231925629 16.1304648679 16.280465836 16.4058588511 16.4426986043 24.2198473467 24.2383840158 24.5865050763
565 2.7817344848 2.9899202607 2.9921120047 3.2323277255 3.7691444082 3.8078540757 3.8690191842 4.0148861516 4.0521783393 4.091515866 4.1735465761 4.2085629364 4.2934962019 4.375070799 4.4379523848 4.4763726827 4.5016521638 4.60133549 4.6681189396 4.7345907103 4.7948683872 4.8189738367 4.8526038245 4.8877539189 4.9632516659 5.0751035952 5.0803804022 5.1937118819 5.287804155 5.4711911819 5.5032994087 5.6193799491 5.7631080691 5.7868775668 5.814029677 5.8751383089 6.1537953813 6.1673381881 6.1696785042 6.2512180393 6.2645353086 6.3084351794 6.3862721783 6.4091774946 6.4355753882 6.4840671424 6.4984468915 6.5407974183 6.5600559832 6.6513995441 6.7140105589 6.7178689549 6.7259754987 6.7907831957 6.8030822947 6.865749114 6.9725454735 7.1686435053 7.1767803262 7.205710506 7.2405089584 7.3590955233 7.4386615266 7.4906975405 7.5075482042 7.514390415 7.5207132824 7.5763773184 7.6096222035 7.6415224192 7.7738369515 7.8398328575 7.8510376387 7.8887370856 7.9503402012 7.9548362759 7.9616842222 7.985028428 8.1457555147 8.1647525252 8.1943966395 8.3234895221 8.3654292586 8.4166955991 8.4188682935 8.5320088733 8.535678252 8.6228619589 8.674756205 8.8178766688 8.8846333667 9.4592855737 9.4962461937 10.6694755702 10.7248537686 10.731916679 16.0547592112 16.1231920225 16.1304653099 16.2804668521 16.405859045 16.442699115 24.2198472825 24.2383840129 24.5865050153
566 2.7832535737 2.9906914253 2.9928238175 3.2331962191 3.7678035644 3.8074706965 3.8639457296 4.0141780783 4.0523076072 4.0900098946 4.1711390633 4.2112708288 4.2937698401 4.3742267802 4.4383831412 4.4765088652 4.5012444152 4.5956546823 4.6607107122 4.7325828355 4.801514448 4.8284443718 4.8561806601 4.8882268358 4.9679761231 5.0743467553 5.0800766348 5.1944916805 5.2889315374 5.4707967833 5.5037830872 5.6177453557 5.7620667839 5.7886470282 5.8142706211 5.8756273919 6.1541242449 6.1657021913 6.1694389082 6.2505304541 6.2638706089 6.3061435843 6.3803249921 6.4025253048 6.4294920192 6.4854543869 6.5030824874 6.5444481241 6.5641179647 6.65609752 6.7139296818 6.7192021441 6.7251020349 6.7903453351 6.8055933932 6.866285615 6.9711772015 7.1685747458 7.1767401018 7.2067928471 7.2402384219 7.3583789738 7.433942204 7.4902379814 7.508042361 7.518347467 7.5212711211 7.5748402218 7.6098475764 7.6413174337 7.7735635588 7.838735191 7.8511781733 7.8886395829 7.9524134669 7.9535240212 7.9605442972 7.9848082411 8.147399593 8.1657590664 8.1942949507 8.3233658659 8.3649089704 8.4166495029 8.4186773139 8.5319009511 8.5359615166 8.6233632978 8.674917557 8.8177213316 8.8845000173 9.4592527146 9.4961499828 10.6694691488 10.7248635775 10.7319119384 16.0547583373 16.1231913314 16.1304658753 16.2804681517 16.405859293 16.4426997681 24.2198472003 24.2383840092 24.5865049373
567 2.7851074616 2.9916308672 2.9936902358 3.2342546888 3.7661734078 3.806999215 3.8578777418 4.0133222102 4.0524592691 4.0881865678 4.1682293849 4.2144846769 4.2940927014 4.3731952425 4.4388935817 4.476636539 4.5007347942 4.5892662411 4.6528016163 4.7303525511 4.808987911 4.8388791347 4.8605018709 4.8889031919 4.9734538624 5.0734493208 5.0797857183 5.1954518591 5.2902924087 5.4703196552 5.5043721879 5.6158038359 5.7608008033 5.7907524418 5.8145550296 5.8762186043 6.1545138384 6.1636850862 6.1691150016 6.2496373475 6.26296284 6.3035254327 6.3738389118 6.3950429388 6.422866893 6.4866402233 6.5080836686 6.548721588 6.5684494742 6.661535821 6.7139288035 6.7208090799 6.7240994922 6.7898508052 6.8086022171 6.8669082234 6.9695326922 7.1684873406 7.1766695974 7.2080973563 7.2399051057 7.3575240015 7.4288948978 7.4896923104 7.5086306247 7.5219399112 7.5223980794 7.5730082376 7.6100981698 7.6411626336 7.7732225059 7.8374102934 7.8513594856 7.8884792239 7.9519589458 7.9549026249 7.9592319544 7.9845391134 8.1493582392 8.166956368 8.1941705656 8.3232201189 8.3642757499 8.4165934796 8.418445443 8.5317685409 8.5363049783 8.6239712542 8.6751134081 8.817532379 8.8843379098 9.4592128116 9.4960331049 10.6694613522 10.724875487 10.7319061826 16.0547572764 16.1231904924 16.1304665617 16.2804697297 16.405859594 16.442700561 24.2198471006 24.2383840046 24.5865048426
568 2.7872944701 2.9927367144 2.9947091053 3.2355013011 3.764259072 3.8064379662 3.8508812716 4.0123241521 4.0526290075 4.0860594811 4.1648369805 4.2181549154 4.2944579706 4.3719764534 4.4394755538 4.4767325371 4.5001181965 4.582360559 4.6446505841 4.7279998549 4.817017087 4.8500226711 4.8655373453 4.8898663532 4.9795263255 5.0724279755 5.0795687547 5.1965968881 5.2918773148 5.4697626892 5.5050656286 5.6135838188 5.7593139976 5.793164818 5.8148768269 5.876907919 6.1549564382 6.1612800381 6.1686876602 6.2485025764 6.2617469715 6.3006651709 6.3670578585 6.3869531438 6.4158623905 6.48759792 6.5132859359 6.5535245707 6.5728461212 6.6675732249 6.7140533 6.7226760076 6.7230058377 6.789327949 6.8120811547 6.8676000197 6.9676274943 7.168379347 7.1765567381 7.2096142625 7.2395069605 7.3565421233 7.4236727827 7.4890689248 7.5093044962 7.5227113487 7.5263494863 7.5709085159 7.6103605638 7.6411149928 7.7728096613 7.8358662126 7.8515868289 7.8882319859 7.9501623722 7.9577843291 7.9577913326 7.9842211556 8.1516052511 8.168326638 8.194023417 8.3230554349 8.363531131 8.4165277236 8.4181736071 8.5316114262 8.5367070274 8.6246829865 8.6753429534 8.817310354 8.8841475681 9.459166018 9.4958959851 10.6694522111 10.7248894499 10.7318994342 16.0547560325 16.1231895086 16.1304673664 16.2804715797 16.405859947 16.4427014907 24.2198469837 24.2383839993 24.5865047316
569 2.7898126043 2.9940067395 2.9958778722 3.2369338704 3.7620665748 3.8057850562 3.8430248379 4.0111904139 4.0528111747 4.083645937 4.160984729 4.2222291899 4.294857718 4.3705709565 4.4401205666 4.4767695783 4.4993899832 4.5750992186 4.6364488356 4.7256212041 4.8253161875 4.8616881869 4.8712514914 4.8912428734 4.9860122197 5.071302743 5.079511883 5.1979322464 5.2936757056 5.4691292527 5.5058622675 5.6111150731 5.75761081 5.7958537309 5.8152288075 5.8776904902 6.1554425303 6.158482174 6.1681339439 6.247079239 6.2601406775 6.2976454466 6.36020201 6.3784550104 6.4086108174 6.4883288879 6.5185691046 6.5587593035 6.5771394386 6.6740654159 6.714346939 6.7218654464 6.7247865343 6.7888144951 6.8160027241 6.8683432912 6.9654790758 7.16824854 7.176387959 7.2113330094 7.23904118 7.3554461603 7.4183884556 7.4883767725 7.5100546768 7.5235749777 7.5300435447 7.5685726932 7.610620132 7.6412396422 7.7723201663 7.8341111616 7.8518659902 7.8878704822 7.9481579575 7.9562709098 7.9610335641 7.9838545995 8.154112814 8.1698503875 8.1938534202 8.3228754682 8.3626768599 8.4164524685 8.4178628976 8.5314294228 8.5371657972 8.6254951685 8.6756052502 8.8170558986 8.88392961 9.4591125138 9.4957391227 10.6694417616 10.7249054111 10.7318917199 16.0547546105 16.123188384 16.1304682863 16.2804736945 16.4058603505 16.4427025534 24.2198468501 24.2383839933 24.5865046046
570 2.7926595456 2.9954383524 2.9971935786 3.2385498495 3.7596027951 3.8050384025 3.8343770794 4.0099283567 4.0529984184 4.0809664834 4.1566990731 4.2266543734 4.2952829635 4.3689796895 4.4408201719 4.4767163754 4.4985465413 4.567616047 4.6283407238 4.723305563 4.8335659145 4.8737367331 4.8776030253 4.8932207947 4.9927017486 5.0700973663 5.0797352834 5.1994645171 5.2956761681 5.4684231661 5.5067609667 5.608427695 5.755696199 5.7987883329 5.8156026222 5.8785606069 6.1552899215 6.1559604752 6.1674270616 6.2453077212 6.2580448557 6.2945430853 6.3534777216 6.3697299149 6.4012257529 6.4888477682 6.5238472453 6.5643253597 6.5811954058 6.6808656595 6.714848744 6.7207292625 6.7271216461 6.7883604322 6.8203402161 6.8691203048 6.9631065023 7.1680924502 7.1761486045 7.2132426145 7.2385040394 7.3542499334 7.4131269059 7.4876249877 7.5108713469 7.5245175801 7.5333465125 7.5660370999 7.6108615312 7.6416066279 7.7717484615 7.8321532675 7.8522030933 7.8873649156 7.9459711443 7.9547218224 7.9646243728 7.9834398415 8.1568524234 8.1715069686 8.1936604718 8.3226843346 8.3617148674 8.4163679878 8.4175145696 8.531222406 8.53767918 8.6264040079 8.6758992218 8.8167697548 8.8836847468 9.4590525048 9.4955630905 10.6694300447 10.7249233076 10.73188307 16.0547530162 16.1231871231 16.1304693178 16.2804760657 16.4058608029 16.442703745 24.2198467002 24.2383839865 24.5865044623
571 2.7958326444 2.9970285914 2.9986528589 3.2403463188 3.7568754498 3.8041957809 3.8250050193 4.0085461322 4.0531811473 4.0780442192 4.1520103045 4.2313782305 4.2957237531 4.3672041204 4.4415663011 4.4765378709 4.4975858184 4.5600207823 4.6204391769 4.7211319438 4.8413965273 4.8845445443 4.8860616482 4.8960628405 4.9993484477 5.0688399323 5.0804030862 5.2012014956 5.2978666505 5.4676486783 5.5077606623 5.6055513291 5.7535755756 5.8019381363 5.815988764 5.8795116386 6.1517062738 6.1564959678 6.1665364577 6.2431139941 6.2553484825 6.2914261681 6.347081987 6.3609488208 6.3938085418 6.4891743256 6.5290599086 6.5701203891 6.584911553 6.6878224437 6.7155901331 6.7196551451 6.7296597751 6.7880318472 6.825067875 6.8699140133 6.9605301399 7.1679084074 7.1758234156 7.2153320066 7.2378907325 7.352967965 7.4079542989 7.4868225388 7.5117444333 7.525522123 7.5361448244 7.5633434269 7.61106919 7.6422857734 7.7710883294 7.8300004267 7.8526043817 7.8866844989 7.9436286424 7.9531958851 7.9685304551 7.9829774895 8.1597956467 8.1732750708 8.1934444498 8.3224865661 8.3606472404 8.4162745969 8.4171300397 8.5309903371 8.5382448442 8.6274052688 8.676223663 8.8164527637 8.8834137821 9.4589862224 9.4953685329 10.6694171068 10.7249430686 10.7318735187 16.0547512557 16.1231857308 16.1304704568 16.2804786841 16.4058613025 16.4427050607 24.2198465347 24.238383979 24.5865043052
572 2.7993289104 2.9987741131 3.0002519338 3.2423199731 3.753893069 3.8032548818 3.8149729031 4.0070526156 4.053346763 4.0749040035 4.1469530945 4.2363506567 4.2961692508 4.3652463972 4.4423515389 4.4761957067 4.4965077847 4.5524033622 4.6128361104 4.7191681155 4.848403376 4.8920217756 4.8985777751 4.9000865044 5.0056639999 5.0675638446 5.0817291861 5.203152304 5.3002346664 5.4668104406 5.5088604404 5.6025146233 5.7512547392 5.8052735601 5.8163765534 5.8805359701 6.1477398417 6.1570311671 6.1654280927 6.2404090029 6.2519403421 6.2883521688 6.3411982661 6.3522782662 6.3864520933 6.4893292754 6.5341653869 6.5760399879 6.5882141483 6.6947747985 6.7165925318 6.7187083205 6.7323769238 6.7879156549 6.8301607511 6.8707086796 6.9577713963 7.1676935926 7.175397113 7.2175903267 7.2371952162 7.3516151947 7.4029235136 7.4859779035 7.5126638551 7.5265659182 7.5383457783 7.5605402078 7.6112277838 7.6433397924 7.7703329565 7.8276602503 7.8530759891 7.8857993825 7.9411579552 7.9517432797 7.9727256369 7.9824684094 8.1629147091 8.175133161 8.1932052151 8.3222870574 8.3594761941 8.4161726535 8.4167108832 8.5307332885 8.5388602532 8.6284942972 8.6765772445 8.8161058665 8.8831176114 9.458913922 9.4951561639 10.6694029988 10.7249646162 10.7318631037 16.054749336 16.1231842126 16.1304716988 16.2804815391 16.4058618472 16.4427064954 24.2198463543 24.2383839708 24.5865041338
573 2.8031450012 3.0006711814 3.0019866058 3.2444671073 3.7506649715 3.8022133749 3.8043415183 4.0054573321 4.0534785452 4.0715716828 4.1415673861 4.2415244972 4.2966078483 4.363109507 4.4431693293 4.475649074 4.4953147766 4.5448378879 4.6056089483 4.7174701594 4.8542347945 4.8999723579 4.9055720791 4.9112141665 5.0113279628 5.066309278 5.0839674021 5.2053275093 5.3027674749 5.4659134798 5.5100596169 5.5993448919 5.7487398109 5.8087662683 5.8167541238 5.881624926 6.1434055602 6.1575432806 6.1640650036 6.237090543 6.2477285531 6.2853670538 6.3359832091 6.3438830046 6.379243068 6.4893323033 6.5391357759 6.58197712 6.5910556795 6.7015466184 6.7178657444 6.7179617495 6.7352468468 6.7881244672 6.8355943662 6.8714904162 6.9548525061 7.1674450954 7.1748550713 7.2200071824 7.236410073 7.3502067161 7.3980774672 7.4850987772 7.513619741 7.5276173631 7.5398811273 7.5576857548 7.6113226804 7.6448166292 7.7694750205 7.8251400785 7.8536237024 7.8846830054 7.9385869531 7.9504099833 7.9771842203 7.9819137724 8.1661829114 8.1770598604 8.1929426146 8.3220910035 8.3582040451 8.4160625585 8.4162588312 8.5304514648 8.5395226836 8.6296660514 8.6769585194 8.8157301042 8.8827972203 9.4588358828 9.4949267656 10.6693877763 10.7249878651 10.731851866 16.0547472647 16.1231825746 16.1304730388 16.2804846197 16.405862435 16.4427080434 24.2198461596 24.238383962 24.586503949
574 2.8072772091 3.002715655 3.0038522534 3.2467836001 3.7472012403 3.7931678845 3.8010689832 4.0037703774 4.0535540202 4.0680734045 4.1358998209 4.2468559977 4.2970272959 4.3607974361 4.4440141119 4.4748561149 4.4940116857 4.537385929 4.5988242109 4.7160826143 4.8587304025 4.9083239659 4.9126209091 4.9239091551 5.0160282649 5.0651252978 5.0873704284 5.2077392326 5.3054522325 5.4649631706 5.5113578206 5.5960679511 5.7460371686 5.8123893362 5.8171084117 5.8827686816 6.1387249689 6.1580022285 6.1624082383 6.2330494313 6.2426645775 6.2825052224 6.3315484201 6.3359234093 6.3722629439 6.4892012718 6.543953387 6.5878216441 6.5934123031 6.7079426987 6.7174960491 6.7194073688 6.7382412845 6.7887993196 6.841344315 6.8722476484 6.951796364 7.1671599798 7.1741840748 7.222572853 7.2355264015 7.3487575371 7.3934509916 7.4841918202 7.5146026158 7.5286301456 7.5407110409 7.5548536609 7.6113403501 7.6467428093 7.7685068075 7.8224470379 7.8542527245 7.8833146174 7.9359434914 7.9492351652 7.9813150996 7.9818812331 8.1695749039 8.1790342573 8.1926564865 8.3219038289 8.3568331881 8.4157757664 8.415944756 8.5301452203 8.5402292443 8.6309151351 8.6773659297 8.8153266176 8.8824536838 9.4587524063 9.4946811853 10.6693714993 10.7250127235 10.7318398499 16.0547450499 16.1231808231 16.1304744717 16.2804879135 16.4058630634 16.4427096986 24.2198459514 24.2383839526 24.5865037513
575 2.8117214442 3.0049029734 3.0058438246 3.2492648952 3.7435126989 3.7815052083 3.7998195665 4.0020023318 4.0535425655 4.0644350516 4.130005951 4.2523049638 4.2974148609 4.3583153214 4.4448813932 4.4737760214 4.4926059687 4.5300991244 4.5925388292 4.7150390248 4.8619782297 4.916991542 4.9210954925 4.9366069953 5.0195335012 5.0640728687 5.0921167634 5.2104012373 5.308276115 5.4639652087 5.5127550789 5.592708085 5.7431533826 5.816117282 5.8174251524 5.8839561604 6.1337260418 6.1583667259 6.1604182445 6.2281813431 6.2367638849 6.2797901388 6.3279461521 6.328546397 6.3655881708 6.4889520425 6.5486081181 6.5934606604 6.5952808872 6.7137515925 6.7173984002 6.7212034172 6.7413302408 6.7901054302 6.8473858937 6.8729715153 6.9486264019 7.1668353557 7.1733731344 7.2252784422 7.2345337456 7.3472823662 7.3890717731 7.4832624448 7.5156035531 7.5295332658 7.5408259768 7.5521425124 7.6112687306 7.6491197725 7.7674203624 7.8195881229 7.8549674456 7.8816815617 7.9332550636 7.9482489327 7.980674304 7.9867925948 8.1730668395 8.181036163 8.1923466685 8.3217311063 8.3553660753 8.4152637183 8.4158197327 8.5298150729 8.5409768957 8.632235833 8.6777978127 8.8148966472 8.8820881641 9.4586638155 9.4944203336 10.6693542321 10.7250390933 10.7318271028 16.0547427005 16.1231789651 16.1304759917 16.2804914077 16.4058637301 16.4427114544 24.2198457306 24.2383839426 24.5865035416
576 2.8164732159 3.0072281427 3.0079558318 3.2519059817 3.7396108893 3.7694030139 3.7984632139 4.0001641684 4.0534019127 4.0606818063 4.123953572 4.257834712 4.2977575158 4.3556695853 4.4457677616 4.4723718743 4.4911074779 4.5230211514 4.586799679 4.7143627656 4.8642208529 4.9258733779 4.9307111655 4.9492555583 5.0217592083 5.0632290017 5.0982435782 5.2133289774 5.3112264104 5.4629255837 5.5142519032 5.5892881085 5.7400951535 5.8176888868 5.8199260016 5.8851749155 6.1284426185 6.1580567547 6.1585775995 6.2224035536 6.2301160531 6.2772354844 6.3218708012 6.325167642 6.359289528 6.4885985962 6.5530954904 6.5966754887 6.5987805363 6.7177596832 6.718762334 6.7232300695 6.7444822915 6.7922141083 6.8536938178 6.873656228 6.9453665059 7.1664684558 7.1724143302 7.2281159821 7.2334200739 7.345795422 7.3849606976 7.482314641 7.5166142966 7.5302161811 7.5402450113 7.5496904921 7.6110975441 7.6519243297 7.7662076762 7.8165702872 7.8557712297 7.879780853 7.9305484807 7.9474708628 7.9799937277 7.9918952181 8.1766364373 8.1830463176 8.1920130075 8.3215784666 8.3538051999 8.4147248582 8.4156880171 8.5294617125 8.5417624675 8.6336221495 8.6782524088 8.8144415331 8.8817019092 9.4585704535 9.4941451813 10.6693360426 10.7250668703 10.7318136751 16.0547402256 16.1231770079 16.1304775928 16.2804950884 16.4058644323 16.4427133039 24.219845498 24.238383932 24.5865033207
577 2.8215276102 3.0096857187 3.0101823447 3.2547013714 3.7355080513 3.7569073823 3.7969983444 3.9982671545 4.0530731758 4.0568378347 4.1178275502 4.2634118834 4.2980421626 4.3528680396 4.446670855 4.4706140458 4.4895281267 4.5161891696 4.5816418601 4.7140680497 4.865721314 4.9348458887 4.9411684889 4.9618047581 5.0227743463 5.0626921901 5.1056393819 5.2165395759 5.3142905864 5.461850553 5.5158493757 5.5858294963 5.7368692545 5.8178829866 5.8237926331 5.8864109927 6.1229135357 6.1552891346 6.158546302 6.2156721906 6.2228849852 6.2748466425 6.3159717491 6.3231556576 6.3534308091 6.4881532798 6.557415153 6.5976233957 6.6036714218 6.7186690835 6.722798676 6.7254562453 6.747664913 6.7952672511 6.8602420543 6.8742994055 6.9420409634 7.1660567175 7.1713036384 7.2310784896 7.2321718177 7.3443102665 7.3811318357 7.4813508412 7.5176273512 7.5305174059 7.5390107848 7.5476865319 7.6108185596 7.6551128955 7.7648609097 7.8134005334 7.8566662258 7.8776197085 7.927849567 7.9469096386 7.9792761751 7.9971670597 8.1802629797 8.1850465567 8.1916553727 8.3214514981 8.352153085 8.4141614919 8.4155501778 8.5290860062 8.5425826769 8.6350678476 8.6787278691 8.8139627139 8.8812962508 9.4584726825 9.4938567568 10.6693170027 10.7250959449 10.7317996196 16.0547376351 16.1231749594 16.1304792688 16.2804989411 16.4058651674 16.4427152398 24.2198452545 24.238383921 24.5865030894
578 2.8268792624 3.0122697904 3.0125169855 3.2576450744 3.7312171039 3.744061248 3.7954238159 3.996322748 4.0524742618 4.0529260745 4.1117362851 4.2690061815 4.298255896 4.3499199527 4.4475892903 4.468483698 4.4878814276 4.5096348406 4.5770864127 4.7141610481 4.8666928923 4.9437573202 4.9522221604 4.9742055193 5.022744453 5.0625888852 5.1141000661 5.2200517009 5.3174563318 5.4607466163 5.5175492331 5.5823525548 5.7334824769 5.8179897037 5.8276953733 5.887648775 6.1171815862 6.1520870575 6.1581355541 6.2079929998 6.2153090649 6.2726223329 6.3108711709 6.3218246512 6.3480670293 6.4876270886 6.5615697226 6.5981610701 6.6080345905 6.7202058578 6.7257609544 6.7278465275 6.7508448207 6.7993343486 6.8670037761 6.8749024112 6.9386744285 7.1655978676 7.1700416867 7.2307739774 7.2341599825 7.3428396592 7.3775922413 7.4803718195 7.5186360467 7.5302525629 7.5371825484 7.546342003 7.6104258004 7.6586278915 7.763372653 7.8100859974 7.8576532079 7.8752149508 7.9251828647 7.9465638485 7.9785249381 8.0025871321 8.1839272649 8.1870199464 8.1912736718 8.3213556376 8.3504122767 8.4135760525 8.4154068207 8.528688999 8.5434341448 8.6365664902 8.6792222635 8.8134617266 8.8808726016 9.4583708822 9.4935561426 10.6692971873 10.7251262021 10.7317849917 16.0547349391 16.1231728274 16.1304810129 16.2805029507 16.4058659324 16.4427172545 24.2198450011 24.2383839095 24.5865028488
579 2.8325223259 3.0149529223 3.0149739613 3.260730573 3.7267516286 3.730904722 3.7937390389 3.9943424887 4.0489681091 4.0514925888 4.1058188831 4.2745900758 4.2983863048 4.3468360705 4.4485225658 4.4659756507 4.4861819502 4.503385014 4.5731383471 4.7146410608 4.8672885275 4.9524217445 4.9636905651 4.9864091806 5.0218612696 5.0630796544 5.1233985501 5.2238852939 5.3207115791 5.4596204915 5.5193539482 5.5788766215 5.7299415806 5.8179902546 5.8316132598 5.8888708054 6.1112924274 6.1484312504 6.1571297146 6.1994204204 6.2077124566 6.2705562352 6.3065397438 6.3210798128 6.3432424505 6.4870299411 6.5655638739 6.5983303795 6.6117918309 6.722429042 6.7276506976 6.7303639668 6.753988312 6.8043868871 6.8739514224 6.8754707123 6.9352918922 7.1650900072 7.168634388 7.2292103025 7.2373554582 7.3413954314 7.3743416932 7.4793766258 7.5196345772 7.5293238899 7.5348291609 7.5457809295 7.6099156924 7.6624043893 7.7617362141 7.8066340238 7.8587314531 7.8725915063 7.9225713446 7.9464237091 7.9777438157 8.0081354856 8.1876115321 8.1889508955 8.1908678684 8.3212960534 8.3485853439 8.4129710916 8.4152585862 8.5282719106 8.5443134121 8.6381114792 8.6797335893 8.8129402052 8.8804324525 9.4582654487 9.493244472 10.6692766747 10.7251575226 10.7317698493 16.0547321484 16.1231706205 16.1304828185 16.2805071011 16.4058667242 16.44271934 24.2198447388 24.2383838977 24.5865025997
580 2.838450434 3.0174828652 3.0177913304 3.2639507928 3.7174754198 3.7221258551 3.7919440947 3.9923378851 4.0449841071 4.0499810066 4.1002491421 4.2801385051 4.2984218109 4.3436285861 4.4494709407 4.4630998409 4.4844447527 4.4974621521 4.5697858578 4.7155016828 4.8676131249 4.960617006 4.9754426639 4.9983672875 5.020298304 5.064361355 5.133328566 5.2280611011 5.3240445084 5.458479091 5.5212668063 5.5754202814 5.7262532502 5.8178649514 5.8355259275 5.8900575898 6.1052935315 6.1443139676 6.1552030911 6.1900457428 6.2005243732 6.2686384846 6.3029095756 6.3208300563 6.3389887976 6.4863709256 6.5694036204 6.5981754226 6.6148946374 6.7253673379 6.7285592102 6.7329724155 6.7570616155 6.8103089133 6.8760142865 6.8810568401 6.93191864 7.1645316958 7.1670934031 7.2274635474 7.2406608412 7.3399883788 7.3713724781 7.4783625523 7.5206180194 7.5278210152 7.5320233915 7.5459389026 7.6092871536 7.66637559 7.7599459275 7.8030522331 7.8598986586 7.8697804135 7.9200361251 7.9464732858 7.976937125 8.0137931693 8.1904380032 8.1908252509 8.1912993713 8.3212775235 8.3466748834 8.4123492683 8.4151061454 8.5278361297 8.545216954 8.6396960964 8.6802597801 8.8123998794 8.8799773701 9.4581567927 9.4929229255 10.6692555458 10.7251897825 10.7317542521 16.0547292738 16.1231683474 16.1304846782 16.2805113762 16.4058675399 16.4427214881 24.2198444686 24.2383838854 24.5865023431
581 2.8446566562 3.0200990613 3.0207144722 3.267298072 3.7038087824 3.7173546486 3.7900398543 3.9903202999 4.0409928135 4.0477662442 4.0952270262 4.2856285997 4.2983520368 4.340311059 4.4504353015 4.4598808752 4.4826848362 4.491884558 4.5670012871 4.7167319192 4.8677382458 4.9680936662 4.9873826592 5.0100317591 5.0181954287 5.0666582745 5.1437194902 5.2325999566 5.3274435375 5.4573294991 5.5232919739 5.5720015927 5.7224240572 5.8175933928 5.8394133406 5.8911873803 6.0992332337 6.1397408318 6.1519330931 6.1799803593 6.1942598749 6.2668569661 6.2998916793 6.3209945206 6.3353240465 6.4856585119 6.5730957492 6.5977401006 6.617330031 6.7286290375 6.7290123342 6.7356382165 6.7600312505 6.8169348395 6.8765480977 6.8882914767 6.9285801779 7.1639220308 7.1654363977 7.2255158026 7.2440729054 7.338628172 7.3686692847 7.4773251331 7.5215823317 7.5259582977 7.5288380573 7.546625393 7.6085416232 7.6704765716 7.7579974706 7.7993485809 7.8611509023 7.8668167755 7.9175962053 7.9466927628 7.9761097025 8.0195421739 8.1899842168 8.1926303785 8.1949756278 8.3213043111 8.3446835313 8.4117133385 8.414950195 8.5273832053 8.5461411941 8.641313541 8.6807987144 8.8118425728 8.8795089925 9.4580453382 9.492592727 10.6692338839 10.7252228547 10.7317382614 16.0547263268 16.1231660171 16.1304865848 16.280515759 16.4058683761 16.4427236903 24.2198441917 24.2383838729 24.5865020801
582 2.8511334448 3.0227932924 3.0237354164 3.2707641293 3.689938386 3.7124534991 3.7880280953 3.9883008348 4.0370115757 4.0446823481 4.0909451628 4.2910394356 4.2981681877 4.3368982854 4.4514170157 4.456355711 4.4809166643 4.4866664613 4.5647438443 4.718317211 4.8677133696 4.9746035734 4.9994382141 5.0156596888 5.0213554249 5.07019361 5.154435038 5.2375217754 5.3308973004 5.4561789492 5.5254345566 5.5686383197 5.7184604284 5.8171547282 5.8432554989 5.892235944 6.0931598928 6.134731763 6.1469493577 6.1693406496 6.1893692293 6.265198377 6.2973917388 6.3215044557 6.3322520793 6.4849007283 6.5766473782 6.5970664382 6.6191205281 6.7280138811 6.7333175229 6.7383312354 6.762864414 6.82408891 6.8770926603 6.8956265953 6.9253021039 7.1632607201 7.1636870791 7.2233488921 7.2475891736 7.3373232859 7.3662092509 7.476258176 7.522524337 7.5239456275 7.5253438864 7.5476525701 7.6076830315 7.6746463873 7.7558881698 7.7955314112 7.862482647 7.8637379817 7.9152682231 7.9470604322 7.975266896 8.0253653629 8.1895067738 8.1943552328 8.1986263064 8.3213800429 8.3426139811 8.4110661408 8.414791453 8.5269148358 8.5470825162 8.6429569671 8.681348225 8.8112702006 8.8790290258 9.4579315208 9.4922551396 10.6692117744 10.7252566085 10.7317219406 16.054723319 16.1231636387 16.1304885307 16.2805202322 16.4058692295 16.4427259379 24.219843909 24.2383838601 24.5865018116
583 2.8578725729 3.025556873 3.0268456271 3.2743400289 3.6758962384 3.7074385123 3.7859116124 3.9862902181 4.0330563955 4.0406280099 4.0875314643 4.2963518288 4.2978634285 4.333406127 4.4524177787 4.4525700458 4.4791537733 4.4818180144 4.562963531 4.7202403444 4.8675734892 4.9799494247 5.0115524287 5.0127716378 5.0322929188 5.0751399198 5.1653665025 5.2428442367 5.3343946173 5.4550348008 5.5277006422 5.5653481722 5.7143686229 5.8165280098 5.8470321121 5.8931763286 6.0871211554 6.1293208805 6.1401821192 6.1582379542 6.1859904905 6.2636490591 6.2953207571 6.3223025902 6.3297633254 6.4841053033 6.5800656154 6.5961935575 6.6203180668 6.7268534356 6.738203291 6.7410253268 6.7655294095 6.8316098445 6.8776747021 6.9030334868 6.9221099033 7.161875018 7.1625481448 7.2209448263 7.2512078023 7.3360809468 7.3639621853 7.4751538299 7.5216086798 7.521936494 7.523441691 7.5488868218 7.6067177122 7.678828916 7.7536172814 7.7916095068 7.8605823527 7.8638867871 7.9130662528 7.9475542338 7.974414544 8.0312463936 8.1890060895 8.1959904123 8.202238481 8.3215075933 8.3404690086 8.4104105821 8.4146306528 8.5264328568 8.5480372763 8.6446195183 8.6819061084 8.8106847666 8.8785392396 9.4578157862 9.4919114611 10.6691893045 10.7252909106 10.7317053539 16.0547202623 16.1231612216 16.1304905083 16.2805247781 16.4058700968 16.442728222 24.2198436217 24.2383838471 24.5865015388
584 2.8648650597 3.0283806513 3.0300359824 3.278016145 3.6617130642 3.7023264018 3.7836943187 3.9842986967 4.0291419972 4.0356135406 4.0850021155 4.2974332304 4.3015481709 4.3298513078 4.4485742751 4.4534394542 4.4773452485 4.4774084883 4.5616054338 4.7224822297 4.8673440251 4.9840372228 5.0095920895 5.0236785673 5.0428018873 5.0815666448 5.1764256434 5.2485811759 5.337924458 5.4539045159 5.530097323 5.5621490511 5.7101547176 5.8156926447 5.8507222301 5.8939786411 6.0811632911 6.1235554613 6.1319136507 6.1467738085 6.1839000029 6.2621956231 6.2936004446 6.3233414612 6.3278362993 6.4832797787 6.5833573008 6.5951571617 6.6209941275 6.7252638524 6.7435656555 6.7436983791 6.7679961411 6.8393599522 6.8783279169 6.9104836624 6.9190286448 7.1600352754 7.1617854092 7.2182862904 7.254927453 7.3349070999 7.3618909652 7.4740026885 7.5176972931 7.5200341761 7.5243328366 7.5502421382 7.6056542573 7.6829729183 7.7511862275 7.7875921371 7.857388222 7.8653547361 7.9110016547 7.9481528214 7.973558942 8.0371696308 8.1884827555 8.197528201 8.2058002116 8.3216889821 8.3382515037 8.4097496205 8.4144685371 8.5259392271 8.5490018129 8.6462943601 8.6824701338 8.8100883604 8.8780414623 9.4576985881 9.4915630199 10.669166563 10.7253256256 10.7316885667 16.0547171687 16.1231587754 16.1304925098 16.2805293789 16.4058709745 16.4427305336 24.2198433309 24.2383838339 24.5865012626
585 2.8721010829 3.0312550116 3.0332967545 3.281782125 3.6474185817 3.6971344811 3.7813813332 3.9823359379 4.0252819048 4.029755657 4.0832667627 4.2968756574 4.306612309 4.3262511887 4.444419808 4.4544839096 4.4732500347 4.4756917463 4.5606136063 4.7250225431 4.8670439828 4.9868989118 5.0061676421 5.0357765946 5.052844418 5.0894174159 5.1875388699 5.2547407629 5.3414759013 5.452795632 5.5326326901 5.559059302 5.7058246036 5.8146289521 5.8543038149 5.8946098698 6.0753305671 6.1174941975 6.1225617411 6.1350389946 6.1827310576 6.2608253976 6.2921648263 6.3245815267 6.3264397776 6.4824315924 6.5865288173 6.5939893816 6.6212292549 6.7233376272 6.7463320796 6.7492855832 6.7702366901 6.8472249192 6.8790937597 6.9160825577 6.9179490134 7.1582078686 7.1609743763 7.2153571436 7.2587471553 7.333806396 7.3599521088 7.4727939347 7.5136720301 7.5183084978 7.5251969478 7.5516629303 7.6045033184 7.6870316781 7.7485987727 7.7834891064 7.8541933753 7.8668765516 7.9090829915 7.9488362189 7.9727067933 8.0431200541 8.1879375675 8.1989625904 8.2093004688 8.3219252892 8.3359645105 8.4090862478 8.414305852 8.5254360142 8.5499724566 8.6479747105 8.6830380528 8.8094831527 8.8775375757 9.4575803871 9.4912111697 10.6691436395 10.7253606165 10.7316716454 16.0547140504 16.1231563098 16.1304945272 16.2805340164 16.4058718593 16.4427328636 24.2198430378 24.2383838206 24.5865009843
586 2.8795698729 3.0341698802 3.036617591 3.2856268514 3.6330417763 3.691880656 3.7789790501 3.9804109414 4.0214885236 4.0232266794 4.0821793012 4.2961915654 4.311529465 4.3226235342 4.4401562324 4.4555528477 4.4695300954 4.4740130149 4.5599340626 4.7278402356 4.866687996 4.9886688434 5.0025347865 5.0478108653 5.0623885395 5.098533496 5.1986429074 5.2613236 5.3450380908 5.4517157322 5.5353157906 5.5560979776 5.7013839965 5.8133188276 5.857753235 5.8950337953 6.0696646305 6.1112050598 6.1124889252 6.1231147991 6.1821666173 6.2595267367 6.2909597113 6.3255352709 6.3259894361 6.4815681361 6.5895859548 6.5927188563 6.6211044505 6.721147311 6.7489115221 6.7552365347 6.7722259835 6.8551098786 6.8800221677 6.9132944839 6.9254019353 7.1564371109 7.160117686 7.2121429045 7.2626661668 7.3327822 7.3580965259 7.4715155271 7.5095931417 7.516807979 7.5260338604 7.5531114777 7.603277356 7.6909624995 7.7458611314 7.7793108042 7.8510347291 7.8684410951 7.9073160176 7.9495861596 7.9718651419 8.0490831589 8.1873715509 8.2002892803 8.2127290681 8.3222165929 8.333611275 8.4084234689 8.4141433406 8.5249253795 8.5509455392 8.6496538676 8.6836076084 8.8088713911 8.8770295091 9.4574616482 9.4908572851 10.6691206246 10.7253957453 10.7316546567 16.0547109197 16.1231538344 16.1304965526 16.2805386722 16.4058727475 16.4427352029 24.2198427436 24.2383838073 24.5865007049
587 2.887259588 3.0371147344 3.0399874987 3.2895384049 3.6186111757 3.6865834161 3.7764951877 3.9785319656 4.016202579 4.0177732231 4.0815898252 4.295384688 4.3162861936 4.3189862798 4.4358294737 4.4566476372 4.4661790967 4.4723802936 4.5595167433 4.7309139183 4.8662876681 4.989532934 4.9987228485 5.0597485469 5.0714095936 5.1087044965 5.2096817 5.2683209293 5.3486001911 5.4506724087 5.5381565357 5.5532851095 5.6968384623 5.8117465021 5.8610446567 5.8952110543 6.0642038832 6.1019556365 6.1047630419 6.1110753118 6.1819878187 6.2582892189 6.289941226 6.3250794637 6.3275365845 6.4806967885 6.5913709531 6.5925338197 6.620695441 6.7187499556 6.7514247471 6.7612894543 6.7739425497 6.8629348705 6.8811719843 6.9106852116 6.9328154139 7.154770848 7.159218756 7.2086311913 7.26668383 7.3318366198 7.3562704625 7.470154433 7.5055192088 7.5155669312 7.5268439939 7.55456048 7.6019903407 7.6947262412 7.7429819998 7.7750682596 7.8479481256 7.8700362224 7.9057037468 7.9503862081 7.9710412854 8.0550448526 8.1867859863 8.2015056537 8.2160766134 8.322561935 8.3311953023 8.407764281 8.4139817368 8.524409562 8.5519174022 8.6513252347 8.6841765447 8.8082553941 8.8765192334 9.4573428395 9.490502756 10.6690976089 10.7254308732 10.7316376677 16.054707789 16.123151359 16.1304985781 16.280543328 16.4058736357 16.4427375421 24.2198424493 24.238383794 24.5865004255
588 2.8951571641 3.0400786158 3.0433948293 3.2935040281 3.6041551335 3.6812618238 3.773938813 3.9767064706 4.0088358708 4.0141464169 4.0813717416 4.2944615953 4.3153573111 4.3208703718 4.4314808466 4.4577691427 4.4631868467 4.4708001789 4.5593165607 4.7342221351 4.8658524673 4.9896820642 4.9947560776 5.0715585139 5.0798912675 5.1197148133 5.220604246 5.2757131565 5.3521513428 5.4496732187 5.5411655472 5.5506419848 5.6921934656 5.8098993699 5.8641493043 5.8950994441 6.0589828489 6.0911410197 6.0982479517 6.0989901062 6.1820545076 6.2571037654 6.2890741094 6.3250263761 6.3291979628 6.4798249244 6.5899680538 6.5953767759 6.6200696453 6.7161910531 6.7538622753 6.767315755 6.7753693321 6.8706309541 6.8826107106 6.9082727211 6.9401630797 7.153259606 7.1582817642 7.2048120928 7.270799432 7.3309705556 7.3544166749 7.4686969078 7.5015072481 7.5146093986 7.5276282623 7.5559888313 7.6006574092 7.6982870033 7.7399725157 7.7707731988 7.8449681294 7.871649003 7.9042465943 7.951221742 7.9702426647 8.0609913438 8.1861824323 8.2026107242 8.2193344479 8.3229593174 8.3287204236 8.4071116505 8.4138217591 8.5238908635 8.5528844046 8.6529823439 8.6847426155 8.8076375453 8.8760087537 9.4572244303 9.4901489823 10.6690746834 10.7254658616 10.7316207453 16.0547046707 16.1231488935 16.1305005955 16.2805479654 16.4058745205 16.442739872 24.2198421562 24.2383837807 24.5865001471
589 2.9032481362 3.0430501482 3.0468272705 3.2975100917 3.5897021272 3.6759355005 3.77132034 3.9749410794 4.0012498419 4.0106176402 4.081427555 4.2934315222 4.3117542627 4.3252712151 4.4271467826 4.4589175588 4.4605396087 4.4692779724 4.5592937446 4.7377435377 4.8653903334 4.9892854316 4.9906551387 5.0832105537 5.0878260986 5.1313700725 5.2313631174 5.2834688771 5.3556806203 5.4487256284 5.5443539242 5.5481914223 5.6874544441 5.8077688499 5.8670345604 5.894654579 6.0540315525 6.0801714672 6.0869270017 6.0917422841 6.1822777797 6.2559626977 6.288330107 6.3253291146 6.3309512679 6.4789598998 6.588529865 6.5981184128 6.6192851199 6.7135076628 6.7562166705 6.7731895558 6.7764945042 6.8781373131 6.8844130444 6.9060714036 6.9474192335 7.1519556441 7.1573116128 7.2006784483 7.2750120686 7.33018377 7.3524758797 7.4671288206 7.4976124249 7.5139513797 7.5283879754 7.5573792046 7.5992944832 7.7016120419 7.7368461525 7.7664381095 7.8421277326 7.8732659641 7.9029425845 7.9520798543 7.9694767298 8.0669090245 8.185562746 8.2036050556 8.2224946136 8.3234057286 8.3261908743 8.4064684897 8.4136641048 8.523371632 8.5538429311 8.6546188763 8.6853035937 8.8070202855 8.8755001026 9.4571068889 9.489797369 10.6690519386 10.7255005725 10.7316039564 16.0547015771 16.1231464474 16.130502597 16.2805525661 16.4058753982 16.4427421835 24.2198418655 24.2383837675 24.586499871
590 2.9115164237 3.0460175607 3.050271841 3.3015420651 3.575281079 3.6706246081 3.7686515007 3.9732415575 3.9935424969 4.0071956216 4.0816849427 4.2923060767 4.3081943408 4.3294793105 4.4228590012 4.45822052 4.4600922541 4.4678178179 4.5594137245 4.7414569738 4.864908095 4.9864381994 4.9884818084 5.0946747823 5.095215349 5.1435056279 5.2419134839 5.2915445152 5.3591769925 5.4478369427 5.5459580306 5.5477329151 5.6826269169 5.8053512265 5.8696628822 5.8938310174 6.0493749477 6.0691411861 6.0749548105 6.0853291007 6.1826002651 6.2548597525 6.2876865933 6.3259411773 6.3327762283 6.4781090149 6.5870737218 6.6007615311 6.6183907163 6.7107307752 6.7584821497 6.7773122043 6.7787905614 6.8853993344 6.8866575863 6.9040913358 6.9545588522 7.150911891 7.1563138763 7.1962260215 7.2793205129 7.3294749752 7.3503885181 7.465436022 7.4938873013 7.5136021538 7.5291247309 7.5587166308 7.5979178562 7.704671957 7.7336185601 7.7620763099 7.8394578937 7.8748733584 7.9017876108 7.9529492154 7.9687507788 8.072784344 8.1849290999 8.2044906535 8.2255498167 8.3236113849 8.3238972013 8.4058376322 8.4135094447 8.5228542471 8.5547894 8.656228681 8.6858572799 8.806406105 8.8749953316 9.4569906811 9.4894493196 10.6690294642 10.7255348689 10.7315873673 16.0546985203 16.1231440306 16.1305045746 16.280557112 16.4058762654 16.4427444674 24.2198415782 24.2383837545 24.5864995982
591 2.9199440734 3.0489687178 3.0537148931 3.3055844921 3.5609217086 3.6653498249 3.7659452881 3.9716128118 3.9857927222 4.0038883503 4.0820906132 4.2910988512 4.3046941736 4.3334866601 4.4186449289 4.4562101005 4.4612916288 4.4664228505 4.5596467462 4.7453415007 4.8644117609 4.9821217444 4.9873807627 5.102068252 5.1059212122 5.1559850492 5.2522125212 5.2998845925 5.3626292877 5.4470142153 5.5439684222 5.5513134739 5.6777166385 5.8026484129 5.8719905347 5.8925839722 6.0450324415 6.0581250247 6.0631460577 6.0790897786 6.1829839708 6.2537900655 6.2871254449 6.3268173505 6.3346540982 6.4772794518 6.5856148718 6.6033081418 6.6174268579 6.7078870671 6.7606542489 6.7778230902 6.7840086266 6.8894212586 6.89236754 6.9023377111 6.9615575795 7.1501807377 7.1552947337 7.1914535659 7.2837230928 7.3288419366 7.3480968409 7.4636047477 7.4903806109 7.513565157 7.529840298 7.5599876322 7.5965437627 7.707441171 7.7303073685 7.7577020232 7.836986868 7.8764574513 7.9007757314 7.9538199202 7.9680717703 8.0786036723 8.184283994 8.2052708321 8.2284933991 8.3209872865 8.3244288981 8.4052218084 8.4133584185 8.5223411039 8.5557202708 8.657805792 8.6864015106 8.805797534 8.8744965034 9.4568762684 9.4891062313 10.669007349 10.7255686154 10.7315710435 16.0546955124 16.1231416525 16.1305065206 16.2805615851 16.4058771188 16.4427467146 24.2198412955 24.2383837417 24.5864993297
592 2.9285109514 3.051891155 3.0571421241 3.3096209761 3.5466549257 3.6601323127 3.7632158721 3.9700589079 3.9780657426 4.0007031375 4.0826048746 4.2898249682 4.3012696902 4.3372867223 4.4145282284 4.4544868175 4.4625129958 4.4650953485 4.5599673629 4.7493763317 4.8639067237 4.9777212131 4.986067588 5.1084007443 5.1169194321 5.1686948499 5.2622191199 5.3084225487 5.3660261646 5.4462641354 5.5422513352 5.5551056836 5.6727298063 5.7996685751 5.8739661976 5.8908716653 6.0410175671 6.0471862226 6.0515796472 6.0731015096 6.183403052 6.2527501315 6.2866321412 6.3279142708 6.336567285 6.4764781897 6.5841667311 6.6057594735 6.6164265552 6.7050001979 6.7627295427 6.7780346194 6.7887502218 6.8927716018 6.8989972354 6.9008105258 6.9683917108 7.1498126615 7.1542608881 7.186362786 7.2882175738 7.3282815891 7.3455472497 7.4616220439 7.4871356324 7.513838639 7.5305364932 7.5611796766 7.5951879414 7.7098986818 7.7269319684 7.7533304569 7.8347393227 7.8780048236 7.899899485 7.9546833366 7.9674461139 8.0843531514 8.1836302631 8.2059500612 8.2313193136 8.3183246313 8.3249952195 8.4046236214 8.4132116302 8.5218345983 8.556632053 8.6593444431 8.6869341669 8.8051971327 8.8740056824 9.4567641057 9.4887694887 10.6689856802 10.725601679 10.7315550493 16.0546925654 16.1231393224 16.1305084273 16.2805659678 16.4058779549 16.4427489165 24.2198410185 24.2383837292 24.5864990667
593 2.9371943747 3.054772123 3.0605385966 3.3136341755 3.5325132764 3.6549936756 3.7604784899 3.9685831042 3.9704172236 3.9976466719 4.0831975529 4.2885005964 4.2979360273 4.3408744439 4.4105293463 4.4530276759 4.4637524916 4.4638368785 4.5603538931 4.7535407193 4.8633979042 4.973251527 4.9846086998 5.114233872 5.1276383815 5.1815386883 5.2718938368 5.3170819871 5.3693560913 5.4455928854 5.5408375927 5.5591180314 5.6676733404 5.7964265664 5.8755296272 5.8886582867 6.0363811247 6.0373378502 6.0403433449 6.0674345159 6.1838394924 6.2517377464 6.286195057 6.3291907381 6.3384990788 6.4757118964 6.5827411099 6.6081159863 6.6154164452 6.7020917703 6.7647054138 6.777960983 6.7929457986 6.8967581616 6.8995045904 6.905248743 6.9750381756 7.149854676 7.1532194751 7.1809582079 7.2928010494 7.3277901635 7.3426927412 7.4594762021 7.4841883396 7.5144162177 7.5312150501 7.5622808206 7.5938652132 7.7120290246 7.7235132833 7.7489778836 7.8327352838 7.8795026832 7.8991502087 7.9555319618 7.9668794407 8.0900185313 8.1829710775 8.2065337983 8.2340221031 8.3156303327 8.3255899298 8.4040455237 8.4130696451 8.5213371124 8.5575213148 8.6608390815 8.6874531822 8.80460748 8.8735249261 9.4566546397 9.4884404577 10.6689645434 10.7256339292 10.7315394479 16.0546896907 16.1231370497 16.1305102871 16.2805702427 16.4058787704 16.4427510642 24.2198407483 24.2383837169 24.5864988101
594 2.9459686701 3.0575986403 3.0638887731 3.3176058145 3.5185314528 3.6499559058 3.7577493115 3.9628961634 3.9671878996 3.9947250703 4.0838451157 4.2871424717 4.2947074617 4.3442462709 4.4066660287 4.4518087979 4.4626484297 4.4650050235 4.560787899 4.7578137773 4.862889853 4.9687275543 4.9830562723 5.1195920858 5.1380462084 5.1944322611 5.2811990441 5.3257782254 5.3726073335 5.4450059646 5.5397597902 5.5633565239 5.6625552487 5.7929441348 5.8766107772 5.885917373 6.0257621022 6.0295357226 6.0339948973 6.0621491061 6.1842804695 6.2507519353 6.2858049059 6.3306078604 6.3404334631 6.4749867981 6.5813484101 6.6103773875 6.6144177549 6.6991820448 6.766579868 6.7776226717 6.7965559073 6.8984098904 6.9014052108 6.9110880802 6.9814745249 7.1503486374 7.1521779645 7.1752469821 7.2974698346 7.3273633195 7.3394952101 7.4571571844 7.4815655966 7.5152873855 7.5318774845 7.5632794757 7.5925890919 7.7138233235 7.7200735444 7.7446617213 7.8309890198 7.8809391773 7.8985183464 7.9563592916 7.9663763658 8.0955849905 8.1823099375 8.2070283105 8.2365968802 8.3129123247 8.326206294 8.4034897962 8.4129329869 8.5208509998 8.5583846921 8.6622843799 8.6879565497 8.8040311609 8.8730562749 9.4565483072 9.4881204802 10.6689440222 10.7256652388 10.731524301 16.0546868999 16.1231348433 16.1305120927 16.280574393 16.4058795622 16.4427531492 24.219840486 24.238383705 24.586498561
595 2.9548046493 3.0603575535 3.0671765637 3.3215167111 3.5047468801 3.6450413161 3.7550452852 3.9555468733 3.9658750947 3.9919439229 4.0845286965 4.285767452 4.2915973661 4.347400131 4.4029537783 4.4508059655 4.4615305335 4.4662642617 4.5612537116 4.7621742381 4.8623868207 4.9641645533 4.9814518533 5.1245016162 5.1481102078 5.2072991416 5.2900992318 5.3344200939 5.3757679538 5.4445079762 5.5390515639 5.5678236391 5.6573850993 5.7892498907 5.877130162 5.8826352578 6.0153793872 6.0192668297 6.0309847138 6.0572928717 6.1847167028 6.2497928671 6.2854543034 6.3321290967 6.3423549863 6.4743085307 6.5799977952 6.612542651 6.6134471479 6.6962904716 6.7683513852 6.7770457041 6.7995736785 6.8975122651 6.9067082306 6.9164879162 6.9876789265 7.1511440552 7.1513294839 7.1692386442 7.302219359 7.3269962812 7.3359273185 7.454657022 7.4792837215 7.5164379857 7.532524959 7.5641642588 7.5913714507 7.7152802596 7.7166360758 7.7404006077 7.8295080243 7.882303691 7.8979937361 7.9571597029 7.965940255 8.1010369355 8.1816506601 8.2074404956 8.2390393086 8.3101797436 8.3268372198 8.4029585288 8.4128021359 8.5203785724 8.5592188985 8.6636752472 8.68844233 8.8034707538 8.8726017419 9.4564455332 9.4878108675 10.6689241975 10.7256954843 10.7315096683 16.0546842038 16.1231327118 16.130513837 16.2805784024 16.4058803271 16.4427551634 24.2198402326 24.2383836936 24.5864983203
596 2.9636689878 3.0630356076 3.0703853919 3.3253468288 3.4912003944 3.6402724564 3.7523839645 3.9484103134 3.9646458607 3.989308333 4.0852327486 4.2843921266 4.2886181849 4.3503353833 4.3994062446 4.4499951032 4.460483368 4.4675226788 4.561738013 4.766600138 4.8618928067 4.9595786242 4.9798290574 5.128989067 5.1577968437 5.2200674534 5.2985614186 5.3429120176 5.3788258242 5.4441023743 5.5387462522 5.5725171167 5.6521746188 5.7853790411 5.8770017407 5.8788141339 6.0052822211 6.0096563545 6.0282982331 6.0528984575 6.1851413888 6.2488617585 6.2851374211 6.3337202483 6.3442486842 6.4736819774 6.5786973364 6.612517454 6.6146100385 6.6934360813 6.7700188037 6.7762606017 6.8020224091 6.8967943213 6.9126354037 6.9214286117 6.9936301723 7.1501255691 7.1528235357 7.1629448623 7.307044053 7.326683972 7.3319736697 7.4519701722 7.4773477136 7.5178506614 7.5331581483 7.5649239077 7.5902222636 7.7132250926 7.7164067527 7.7362144608 7.8282922888 7.8835871172 7.8975658715 7.9579283493 7.9655730119 8.1063577823 8.1809973569 8.2077777037 8.2413455836 8.3074431327 8.3274753982 8.4024536053 8.4126775282 8.5199220865 8.5600207362 8.6650068386 8.6889086575 8.8029288158 8.872163303 9.4563467291 9.4875128946 10.6689051476 10.7257245463 10.7314956076 16.0546816132 16.1231306637 16.130515513 16.280582255 16.405881062 16.4427570989 24.2198399891 24.2383836825 24.5864980891
597 2.9725234963 3.0656195259 3.0734982783 3.3290753541 3.4779370213 3.6356720114 3.7497833195 3.9415249797 3.9635008154 3.9868229535 4.0859441286 4.2830324942 4.2857814261 4.3530527295 4.3960355453 4.4493526896 4.4595068462 4.4687716376 4.5622294771 4.7710684175 4.8614115902 4.9549872022 4.9782155305 5.1330803009 5.1670718584 5.2326671776 5.3065556186 5.3511565047 5.3817686539 5.4437911737 5.5388747392 5.5774285999 5.6469384382 5.7813729201 5.8744742704 5.8761400062 5.9955195418 6.0008276275 6.0259220179 6.0489823514 6.1855494951 6.2479607668 6.2848497097 6.3353494338 6.3461000415 6.4731110993 6.5774541393 6.6116382894 6.6165771232 6.6906377652 6.7715812288 6.7753012202 6.8039489426 6.8962364707 6.9191334117 6.9258991226 6.999307701 7.1491303432 7.1548470111 7.1563792041 7.3119372154 7.3264211458 7.3276311385 7.4490938288 7.4757513262 7.5195052699 7.5337771134 7.5655472597 7.5891494376 7.7098655107 7.7172181726 7.7321245191 7.8273340456 7.8847820805 7.8972241312 7.9586610695 7.9652749069 8.1115297164 8.1803544039 8.208047568 8.24351241 8.3047146686 8.3281134386 8.4019766915 8.4125595554 8.5194837302 8.5607871067 8.6662745639 8.6893537473 8.8024078677 8.871742886 9.4562522909 9.4872277947 10.6688869477 10.7257523103 10.7314821744 16.0546791382 16.123128707 16.1305171143 16.2805859355 16.4058817642 16.4427589478 24.2198397565 24.238383672 24.5864978682
598 2.9813242793 3.0680960982 3.0764979463 3.3326808054 3.4650068634 3.6312626783 3.7472615371 3.9349274729 3.9624401024 3.9844920183 4.0866514722 4.2817037125 4.2830976676 4.3555540889 4.3928525256 4.4488560933 4.4586006904 4.4700015276 4.5627184652 4.7755544211 4.8609467492 4.9504096195 4.9766343694 5.1367996328 5.1759004739 5.2450279058 5.3140553044 5.3590571978 5.3845840329 5.4435746297 5.5394622985 5.5825421448 5.6416950008 5.7772783505 5.8696550862 5.8744727113 5.9861403389 5.9928960602 6.0238390804 6.045545 6.1859372783 6.247092873 6.2845876747 6.3369870676 6.3478949854 6.4725987708 6.5762744519 6.6108165869 6.6184408194 6.6879144588 6.7730379636 6.774203555 6.8054150133 6.8958179718 6.9261353278 6.9298975549 7.0046916363 7.1481661235 7.1495569563 7.1574049188 7.3168908466 7.3229083856 7.3262025101 7.446028187 7.4744779988 7.5213792519 7.534381188 7.5660232928 7.5881587444 7.7065827654 7.7177379598 7.7281533464 7.8266180904 7.8858830951 7.8969579776 7.9593543057 7.9650444653 8.1165334362 8.1797264022 8.2082578457 8.2455369784 8.3020084081 8.3287439943 8.4015292288 8.4124485651 8.5190656112 8.5615150233 8.6674740959 8.6897759011 8.8019103785 8.8713423599 9.4561625976 9.4869567528 10.6688696699 10.7257786668 10.7314694218 16.0546767886 16.1231268496 16.1305186344 16.2805894295 16.4058824307 16.4427607031 24.2198395357 24.238383662 24.5864976585
599 2.9900207849 3.0704522797 3.0793669495 3.3361411783 3.4524660917 3.6270670233 3.7448368123 3.9286528394 3.9614634712 3.9823193702 4.0873447699 4.2804199173 4.2805765729 4.3578424407 4.3898669598 4.4484838353 4.4577644927 4.4712019439 4.5631967702 4.7800312727 4.8605016696 4.9458677691 4.9751051437 5.1401693094 5.1842476859 5.2570768975 5.3210378065 5.3665225828 5.3872594929 5.4434509047 5.5405243642 5.5878326177 5.6364676401 5.7731468767 5.8644150596 5.8719589049 5.9771937515 5.9859523618 6.0220297627 6.042572288 6.1863019479 6.2462617559 6.2843486921 6.3386058518 6.3496199069 6.4721466316 6.5751637577 6.6100570512 6.6201974195 6.6852852426 6.7730046172 6.7743884562 6.8064889174 6.8955178811 6.9334312005 6.9335682057 7.0097628432 7.142495035 7.1472404639 7.1604904321 7.3178247609 7.3218954208 7.32602284 7.4427766874 7.4735024953 7.5234479467 7.5349688856 7.5663412415 7.5872538547 7.7034026298 7.717996646 7.7243247903 7.8261226902 7.8868866418 7.8967571248 7.9600050316 7.9648784353 8.1213478871 8.1791181291 8.2084162724 8.2474169374 8.2993405451 8.3293598751 8.4011124322 8.4123448624 8.5186697449 8.5622016234 8.6686013771 8.6901735132 8.8014387486 8.870963524 9.4560780099 9.4867009003 10.6688533822 10.7258035118 10.7314574001 16.0546745737 16.1231250986 16.1305200673 16.2805927232 16.405883059 16.4427623577 24.2198393275 24.2383836526 24.5864974608
600 2.998554768 3.0726752967 3.0820878234 3.3394341286 3.4403780194 3.6231073149 3.7425271345 3.9227347388 3.9605703561 3.9803084855 4.0880150813 4.2782269144 4.279194105 4.3599216388 4.3870877053 4.4482157844 4.4569977637 4.4723619003 4.5636574032 4.7844691046 4.8600795475 4.9413869003 4.9736446308 5.1432092281 5.1920786488 5.2687373497 5.3274845897 5.3734702622 5.3897825852 5.4434157451 5.542061386 5.5932639994 5.6312858155 5.7690338996 5.8588307479 5.8686084955 5.9687289525 5.9800443049 6.0204726218 6.0400381319 6.1866414254 6.245471657 6.2841308539 6.3401807829 6.351261702 6.4717549711 6.5741268576 6.6093625552 6.6218426419 6.6827693628 6.771741443 6.7756322603 6.8072390212 6.8953158441 6.9365159693 6.9413587909 7.0145030014 7.1352120406 7.1463606286 7.1640847561 7.3124089311 7.3258770791 7.3269395545 7.4393462833 7.472792983 7.5256848425 7.5355378366 7.5664908039 7.5864364673 7.7003510241 7.718030379 7.7206638766 7.8258209676 7.8877911528 7.8966116781 7.9606106888 7.9647718463 8.1259500001 8.1785344801 8.2085304323 8.2491503621 8.2967296655 8.3299541462 8.4007272946 8.4122487115 8.5182980438 8.5628441815 8.6696526264 8.6905450754 8.8009952928 8.8706080974 9.4559988683 9.4864613099 10.6688381491 10.7258267474 10.7314461568 16.0546725023 16.1231234611 16.1305214075 16.2805958036 16.4058836467 16.4427639052 24.2198391328 24.2383836437 24.5864972759
601 3.0068592223 3.0747527605 3.0846432598 3.3425371981 3.4288142025 3.6194053346 3.7403500707 3.9172054788 3.9597599523 3.9784624956 4.0886543456 4.2760566027 4.278038068 4.3617962073 4.3845228137 4.4480332952 4.456299971 4.4734700695 4.5640944162 4.788834114 4.8596833852 4.9369965748 4.9722673436 5.1459368418 5.1993591385 5.2799268529 5.33338136 5.379831404 5.3921409726 5.4434622093 5.5440532603 5.5987876187 5.6261864619 5.764997731 5.8529953845 5.8644962586 5.9607948521 5.975164086 6.0191452733 6.0379077325 6.1869541692 6.2447272396 6.2839328365 6.3416891666 6.3528078328 6.471422663 6.5731679393 6.6087344887 6.6233716953 6.6803861756 6.7704502684 6.7767690065 6.8077295411 6.8951926983 6.9391752338 6.9494368335 7.0188946941 7.1277285328 7.1455335035 7.1681573584 7.3066976301 7.3257604262 7.3320095001 7.4357478122 7.4723132609 7.5280617491 7.5360847625 7.5664624622 7.5857065205 7.697453806 7.7171966244 7.7178791379 7.8256825707 7.8885968995 7.8965122491 7.961169129 7.9647181631 8.1303144591 8.177980403 8.2086076434 8.2507357189 8.2941969736 8.3305202137 8.4003745962 8.4121603388 8.5179523067 8.5634401228 8.6706243448 8.6908891824 8.8005822234 8.8702777081 9.4559254916 9.4862389898 10.6688240307 10.7258482819 10.7314357364 16.0546705825 16.1231219434 16.1305226496 16.2805986585 16.4058841913 16.4427653393 24.2198389524 24.2383836356 24.5864971046
602 3.0148573864 3.0766727875 3.0870163044 3.3454280825 3.4178554645 3.6159821668 3.7383225504 3.9120959418 3.9590312868 3.9767842054 4.0892552613 4.2740727177 4.2769623727 4.3634711277 4.3821796075 4.4479192987 4.4556705698 4.4745150372 4.5645027546 4.79308744 4.8593159841 4.9327317965 4.9709859083 5.1483671979 5.206056074 5.29055607 5.3387179746 5.385554669 5.3943225315 5.4435804941 5.5464541903 5.6043403529 5.62121536 5.7610985696 5.847017547 5.8597636207 5.9534396426 5.9712478466 6.0180251611 6.0361409829 6.1872390433 6.2440334417 6.2837537877 6.3431106318 6.3542464016 6.4711471664 6.5722906394 6.6081730695 6.6247793612 6.6781550178 6.7691658645 6.7777983823 6.8080182987 6.8951308864 6.9414382028 6.9577361603 7.0229215105 7.1200676617 7.1447655163 7.1726662679 7.3007349558 7.3256684066 7.3370883415 7.4319966116 7.4720248933 7.5305488725 7.5366054989 7.5662479531 7.5850624667 7.6947365299 7.7139497657 7.7175848555 7.8256754101 7.8893057899 7.8964500484 7.9616785631 7.9647095331 8.1344135359 8.1774608235 8.2086548577 8.2521718256 8.2917664528 8.331051895 8.4000549197 8.4120799349 8.5176342094 8.5639870368 8.6715133207 8.691204536 8.8002016326 8.8699738829 9.455858176 9.4860348789 10.6688110828 10.7258680304 10.7314261799 16.0546688219 16.1231205516 16.1305237886 16.2806012766 16.4058846907 16.4427666546 24.2198387869 24.2383836281 24.5864969474
603 3.0224620037 3.0784241219 3.089190574 3.3480849397 3.4075926617 3.6128579691 3.7364606537 3.9074354245 3.9583832848 3.9752761095 4.0898112152 4.2722815419 4.2759763701 4.3649516232 4.3800647284 4.4478583571 4.4551090256 4.4754855619 4.564878136 4.7971838793 4.8589799342 4.9286342958 4.9698113335 5.1505130671 5.2121380682 5.3005277668 5.343488148 5.3906087488 5.3963154568 5.4437579178 5.5491890704 5.6098428788 5.6164283566 5.7573973885 5.8410202303 5.8546070385 5.9467102121 5.968188356 6.0170902342 6.0346956088 6.1874952194 6.2433953266 6.2835932271 6.3444271342 6.3555662363 6.4709246089 6.5714980968 6.607677623 6.6260601017 6.676095004 6.7679210143 6.7787201179 6.8081558709 6.8951147005 6.9433380026 6.9661938217 7.026568158 7.1122564043 7.1440625674 7.1775579425 7.294572688 7.3255969272 7.3421546656 7.4281136206 7.4718890856 7.5331147475 7.5370950742 7.5658409419 7.5845015893 7.6922241672 7.7109503607 7.7171896351 7.8257672737 7.8899210879 7.8964169607 7.9621375148 7.9647371119 8.1382170475 8.1769805649 8.2086785761 8.2534578089 8.289464905 8.3315434771 8.3997686703 8.4120076586 8.5173452955 8.5644826913 8.6723166343 8.6914899494 8.7998554759 8.8696980371 9.4557971933 9.4858498422 10.6687993566 10.7258859151 10.7314175251 16.0546672274 16.1231192911 16.1305248202 16.2806036477 16.4058851431 16.4427678457 24.2198386371 24.2383836213 24.5864968051
604 3.0295751165 3.0799962619 3.0911504898 3.3504867352 3.3981269133 3.6100517273 3.7347794067 3.9032514062 3.9578148289 3.9739404067 4.0903162459 4.2706885937 4.2750882276 4.3662429529 4.378184162 4.44783669 4.4546148318 4.4763708288 4.5652169493 4.8010705378 4.8586776016 4.9247538767 4.9687531996 5.1523851245 5.2175759687 5.3097364279 5.3476889747 5.3949827783 5.3981083597 5.4439791195 5.5521524701 5.6118921644 5.6151981768 5.7539547184 5.8351403677 5.8492583084 5.9406514534 5.9658552257 6.0163195223 6.0335297834 6.1877221014 6.2428179324 6.283450959 6.3456229359 6.3567569839 6.4707499603 6.5707929997 6.607246835 6.6272081921 6.674224757 6.7667460996 6.7795339774 6.8081855802 6.8951303893 6.9449096703 6.9747473588 7.0298205794 7.1043279094 7.1434299748 7.1827659146 7.2882722864 7.3255423155 7.347180291 7.424127406 7.4718682314 7.5357259294 7.537547851 7.5652380062 7.5840203401 7.6899407799 7.7082253033 7.7167341934 7.8259271905 7.8904470746 7.8964056041 7.9625447787 7.9647914487 8.1416925093 8.1765442629 8.208684777 8.2545930589 8.2873217944 8.3319897623 8.3995160999 8.4119436398 8.5170869685 8.5649250452 8.6730316625 8.6917443507 8.799545555 8.8694514655 9.45574279 9.485684666 10.6687888983 10.7259018655 10.7314098063 16.0546658054 16.123118167 16.1305257402 16.2806057624 16.4058855465 16.4427689079 24.2198385034 24.2383836152 24.5864966782
605 3.0360887869 3.0813795831 3.0928815221 3.3526136163 3.3895689006 3.6075810018 3.7332925861 3.899569264 3.9573248124 3.9727790111 4.0907650328 4.2692986587 4.2743049765 4.3673502181 4.3765432447 4.4478421819 4.4541875222 4.4771606909 4.5655161731 4.8046856461 4.8584111159 4.9211495975 4.967819791 5.1539921566 5.2223433506 5.3180688089 5.3513203059 5.398684332 5.3996903498 5.4442265241 5.5552109722 5.6076843522 5.6202906984 5.7508293111 5.8295284378 5.8439642873 5.9353055031 5.9641147335 6.0156936139 6.0326041188 6.1879192677 6.2423061242 6.2833269948 6.3466845581 6.3578092071 6.4706173 6.5701776264 6.6068789796 6.6282178808 6.6725620778 6.7656687648 6.7802397539 6.808143911 6.8951661644 6.9461882345 6.9833295201 7.0326660697 7.0963260283 7.1428724331 7.1882068768 7.2819097215 7.3255013442 7.3521262286 7.4200779542 7.4719271284 7.5379577305 7.5383462193 7.564440151 7.5836146781 7.6879091458 7.705800727 7.7162565866 7.8261264898 7.8908886762 7.896409378 7.9628993833 7.9648629056 8.1448055749 8.1761562784 8.2086788557 8.2555771823 8.2853688062 8.3323861049 8.3992973346 8.411887983 8.5168604844 8.5653122622 8.6736560817 8.6919667865 8.7992735019 8.8692353331 9.4556951863 9.4855400545 10.6687797494 10.7259158186 10.7314030538 16.0546645614 16.1231171836 16.1305265451 16.2806076123 16.4058858994 16.4427698372 24.2198383865 24.2383836099 24.5864965672
606 3.0418872316 3.0825654592 3.0943704372 3.3544473032 3.3820367497 3.6054616706 3.732012538 3.8964119496 3.9569121855 3.9717935628 4.0911529017 4.2681158198 4.2736325648 4.3682781888 4.3751466586 4.4478643773 4.4538266808 4.4778458905 4.5657733077 4.8079579901 4.858182356 4.9178903357 4.9670181852 5.1553412732 5.2264169231 5.3254058804 5.3543840345 5.401051102 5.4017353185 5.4444811 5.5582091445 5.6038920225 5.6249869502 5.748076686 5.8243473289 5.8389706409 5.9307109467 5.9628440744 6.0151950412 6.0318830658 6.1880864261 6.2418644523 6.2832214852 6.3476007005 6.3587144825 6.4705201705 6.5696538814 6.6065721248 6.6290835739 6.6711235699 6.7647136317 6.7808372663 6.8080610842 6.8952121374 6.9472070151 6.9918582039 7.0350933871 7.0883145143 7.1423939884 7.1937717312 7.275585441 7.3254712414 7.3569352176 7.4160238993 7.4720339 7.5383184195 7.5409348685 7.5634553939 7.5832803919 7.6861503401 7.703701329 7.7157912237 7.8263395561 7.8912510828 7.8964225001 7.9632005566 7.9649420864 8.1475208513 8.1758206098 8.2086655758 8.2564099553 8.2836390285 8.3327284384 8.3991124037 8.4118407708 8.5166669452 8.5656427229 8.6741878718 8.6921564245 8.7990407647 8.8690506674 9.455654575 9.4854166254 10.668771946 10.7259277195 10.7313972944 16.0546635004 16.1231163449 16.1305272315 16.2806091901 16.4058862004 16.4427706298 24.2198382868 24.2383836054 24.5864964725
607 3.0468508682 3.0835463744 3.0956055408 3.3559714842 3.3756520005 3.6037076792 3.730950012 3.8937996491 3.9565759949 3.9709854362 4.0914758411 4.2671434837 4.273075913 4.3690311526 4.3739984159 4.4478944679 4.4535319481 4.4784182551 4.565986321 4.8108077042 4.8579929375 4.9150539892 4.9663543127 5.15643811 5.229776825 5.3316266251 5.3568833457 5.4021809279 5.4041665734 5.4447233973 5.5609789782 5.6006086492 5.6291386534 5.7457475828 5.8197691375 5.8345100285 5.9269020307 5.9619390079 6.0148085861 6.0313358171 6.1882233792 6.2414970196 6.2831346604 6.3483621334 6.3594654943 6.4704519966 6.5692233248 6.6063243138 6.6298000377 6.6699242335 6.763902046 6.7813263591 6.8079616426 6.8952602187 6.9479962117 7.0002156057 7.0370928536 7.0803970535 7.1419980288 7.1993066965 7.2694442403 7.3254496916 7.3615174764 7.4120565581 7.4721606776 7.5386237444 7.5434423384 7.5623038157 7.5830133955 7.6846832838 7.7019496491 7.7153681351 7.8265443239 7.8915393817 7.8964400355 7.9634476976 7.9650202505 8.1498031634 8.1755408088 8.2086490286 8.2570912792 8.2821656884 8.3330132961 8.3989612693 8.411802067 8.5165072928 8.5659150357 8.6746253186 8.6923125564 8.7988485933 8.8688983505 9.4556211205 9.4853149071 10.6687655189 10.7259375212 10.7313925508 16.0546626265 16.123115654 16.1305277969 16.2806104896 16.4058864483 16.4427712826 24.2198382046 24.2383836017 24.5864963945
608 3.0508625925 3.0843160262 3.0965769058 3.357172196 3.370533342 3.6023308052 3.7301140149 3.8917494442 3.956315417 3.9703557466 4.0917305242 4.2663844045 4.2726389662 4.3696127869 4.3731018395 4.4479252768 4.4533030253 4.4788708664 4.5661536051 4.8131494415 4.8578442005 4.9127243023 4.9658329941 5.1572870115 5.2324067998 5.3366139789 5.3588219898 5.4030709077 5.4060121308 5.4449348067 5.5633522844 5.5979286833 5.6325899233 5.7438863737 5.815968282 5.8307927114 5.9239079213 5.9613164546 6.0145215157 6.0309368408 6.1883299975 6.2412073611 6.2830667796 6.3489615681 6.3600561224 6.4704065433 6.5688871989 6.6061337226 6.6303626096 6.6689770539 6.7632518469 6.7817069026 6.8078649708 6.8953039996 6.9485817965 7.0082001931 7.0386564404 7.0727645769 7.141687288 7.2045750634 7.2637143609 7.3254348274 7.365723328 7.4083271184 7.4722840992 7.5388679965 7.5457996518 7.5610290004 7.5828099855 7.6835242816 7.700565344 7.7150124474 7.8267225695 7.8917582229 7.8964579191 7.96364035 7.96508969 8.1516192723 8.1753199021 8.2086326017 8.2576211373 8.2809804312 8.3332378257 8.3988438551 8.4117719195 8.5163823048 8.5661280477 8.6749670165 8.6924345997 8.7986980277 8.8687791134 9.4555949586 9.4852353361 10.6687604935 10.7259451852 10.7313888418 16.0546619432 16.1231151139 16.130528239 16.2806115057 16.4058866421 16.442771793 24.2198381404 24.2383835988 24.5864963335
609 3.0538161579 3.0848694142 3.0972765772 3.3580381712 3.366788243 3.6013404487 3.7295116863 3.8902749971 3.9561297841 3.9699053561 4.0919143326 4.2658407035 4.2723247411 4.3700260562 4.3724595421 4.447951242 4.453139678 4.4791981994 4.5662739427 4.8148988671 4.857737199 4.9109843683 4.9654579638 5.1578911874 5.2342942623 5.340262752 5.360203627 5.4037131633 5.4073040054 5.4450989279 5.5651751855 5.5959399698 5.6351896123 5.7425295237 5.8131096161 5.8279974607 5.9217520453 5.9609142041 6.0143237603 6.0306661592 6.1884061998 6.240998341 6.2830180888 6.3493935206 6.3604815199 6.4703783731 6.5686464481 6.6059987916 6.6307674037 6.6682926103 6.7627771584 6.7819787943 6.8077857206 6.895338636 6.9489846959 7.0154068589 7.0397778366 7.0658145272 7.1414638605 7.2091867798 7.2587785953 7.325425217 7.3692947288 7.4050949578 7.4723856681 7.5390462808 7.5478898952 7.5597272597 7.5826670563 7.6826865749 7.6995645098 7.7147440171 7.8268600623 7.8919115323 7.8964729731 7.9637781815 7.9651440561 8.1529399572 8.175160322 8.2086189539 8.2579995588 8.2801112392 8.3333998001 8.3987600717 8.4117503627 8.5162925901 8.5662808526 8.6752118701 8.6925220995 8.798589888 8.8686935302 9.4555761953 9.4851782539 10.6687568897 10.7259506811 10.731386182 16.0546614532 16.1231147266 16.130528556 16.2806122344 16.4058867811 16.4427721591 24.2198380944 24.2383835967 24.5864962898
610 3.0556258085 3.0852029127 3.0976987425 3.3585611331 3.3645033269 3.6007434574 3.7291481993 3.8893862786 3.9560186048 3.9696348775 4.0920253782 4.2655138845 4.2721353638 4.3702731334 4.3720734058 4.4479684024 4.4530417373 4.4793962304 4.5663464814 4.8159825949 4.8576726926 4.9099066885 4.9652318828 5.1582528386 5.2354302858 5.3424886732 5.3610312822 5.4041013367 5.4080680023 5.4452028959 5.5663232851 5.594714736 5.6368085317 5.7417042085 5.8113316931 5.8262619451 5.9204515455 5.9606894575 6.0142080417 6.0305094723 6.1884519377 6.2408720677 6.2829887877 6.3496541828 6.3607381763 6.4703632616 6.5685017356 6.6059183307 6.6310114945 6.6678787323 6.7624882114 6.7821419594 6.8077341347 6.8953607472 6.9492202176 7.0209451989 7.0404525003 7.0604321401 7.1413292209 7.2125122652 7.2552609891 7.3254198507 7.3718094007 7.4027833916 7.4724520059 7.5391548353 7.5494751102 7.5586213606 7.5825822683 7.6821799437 7.6989590973 7.7145771826 7.826946627 7.8920022819 7.8964829192 7.963860967 7.9651786211 8.1537422312 8.1750638492 8.2086099971 8.2582265875 8.2795802147 8.3334976239 8.3987098386 8.4117374199 8.5162385858 8.5663727979 8.675359096 8.69257473 8.7985247658 8.8686420142 9.4555649068 9.485143906 10.6687547217 10.7259539873 10.7313845819 16.0546611584 16.1231144935 16.1305287467 16.2806126728 16.4058868647 16.4427723792 24.2198380667 24.2383835955 24.5864962635
611 3.0562355269 3.0853143243 3.0978398607 3.3587360214 3.3637351291 3.6005439946 3.7290266871 3.8890893596 3.9559815787 3.9695446772 4.0920625206 4.2654048453 4.2720720982 4.370355344 4.3719445671 4.4479743858 4.4530091017 4.4794625141 4.5663707166 4.8163499056 4.8576511394 4.9095414527 4.9651563454 5.1583732484 5.2358095492 5.3432369846 5.3613069376 5.4042312215 5.4083207568 5.4452384939 5.5667153985 5.5943007466 5.6373586268 5.7414272111 5.8107280033 5.8256734527 5.9200168747 5.9606172704 6.0141699595 6.0304581968 6.1884671862 6.2408298317 6.2829790057 6.3497413162 6.3608239657 6.4703585304 6.5684534547 6.6058915949 6.6310930638 6.6677402317 6.7623912037 6.7821963529 6.8077162711 6.8953683375 6.949297682 7.0231710982 7.0406776931 7.0582585496 7.1412842444 7.2137593111 7.2539502944 7.3254181282 7.3727391606 7.4019212589 7.4724750211 7.53919129 7.5501100511 7.5581472373 7.5825541697 7.6820103918 7.6987564649 7.7145206055 7.8269761598 7.8920323224 7.896486387 7.9638885764 7.9651904709 8.1540113509 8.1750315699 8.2086068832 8.2583022592 8.2794015705 8.3335303385 8.3986931008 8.4117331042 8.5162205551 8.5664034902 8.6754082236 8.6925922953 8.7985030185 8.8686248144 9.4555611388 9.4851324403 10.6687539981 10.7259550908 10.7313840478 16.05466106 16.1231144158 16.1305288104 16.2806128191 16.4058868926 16.4427724527 24.2198380574 24.238383595 24.5864962547
