nep4_zbl 2 C Fe 
zbl 1 2
cutoff 7.5 6.5 210 143
n_max 8 6
basis_size 12 12
l_max 4 2 1
ANN 60 0
  1.1784234e-01
 -9.3505639e-01
 -9.4702154e-02
 -1.2061025e+00
 -1.8493167e+00
 -2.1776819e+00
  9.2114311e-01
  8.5127276e-01
  5.5131686e-01
 -1.9791924e+00
  7.4674404e-01
 -2.6205230e-01
 -3.5835657e+00
  6.1548362e+00
 -1.1696398e-01
 -2.3316910e+00
  1.1488297e+00
  7.8752452e-01
  1.6254990e+00
 -4.4190397e+00
  7.1212850e+00
 -3.3433554e+00
 -1.2036660e+00
 -4.5342335e-01
  1.9046848e+00
  1.0121391e+00
 -1.4592479e+00
  2.9536486e+00
 -2.1061912e+00
 -1.8213518e+00
 -1.3889785e+00
  1.5912091e+00
 -3.0276423e+00
  6.1439919e+00
 -6.8985396e-03
  5.0006676e+00
  3.1692210e-01
  2.7737350e+00
  1.0074850e+00
  6.3770132e+00
  1.9261408e+00
  1.1537374e+00
 -6.6700214e-01
 -3.1015077e+00
 -6.0210550e-01
 -1.4249494e+00
 -1.0967063e+00
 -7.4835920e+00
  2.7710476e+00
 -5.9362024e-01
  1.7909862e+00
  6.9758701e+00
 -1.4327850e+01
  1.0216450e+01
 -5.3646588e-01
  1.3135440e+00
 -5.2891092e+00
  4.7340522e+00
  8.7920696e-01
 -2.2694516e+00
  2.3781972e+00
 -6.9395131e-01
  1.3715239e+01
 -3.4951749e+00
 -6.2360454e+00
 -3.7634120e+00
  1.6031302e+00
  2.6603653e+00
 -6.9011730e-01
  8.2916632e+00
 -1.0932705e+00
 -7.4420428e+00
 -3.4191532e+00
 -2.7219777e+00
  7.1793351e+00
  6.9090509e+00
  1.5476429e-01
 -3.4207025e+00
 -1.4913049e+00
  3.4380993e-01
  3.3432593e+00
 -1.6687602e+00
 -1.6433495e+00
  2.2449851e+00
  6.2154595e-02
  1.6562893e+00
  9.3012400e+00
  3.7180114e-01
  5.7562957e+00
 -3.1914279e-02
  2.0838977e-01
  3.4534729e+00
  7.7258096e+00
  2.8705692e+00
 -3.2024102e+00
 -1.5961928e+01
  1.8337445e+00
 -4.9209733e+00
 -4.9990058e+00
  2.5548136e+00
  8.7704194e-01
  5.2151189e+00
 -3.0810432e+00
 -1.7253329e+00
 -9.5833933e-01
  1.1529821e+00
  4.6572548e-01
 -3.7308357e+00
 -3.6596882e+00
  2.7837908e+00
 -2.6293087e+00
 -3.0315328e+00
 -3.9721839e+00
  2.3890743e+00
  4.2787414e+00
 -1.7323791e+00
  1.3551879e+00
 -1.2586547e+00
 -1.3497599e+00
  2.8141317e+00
  3.6063912e+00
  2.9377687e+00
 -5.7069194e-01
 -2.7333889e+00
  1.3946519e+00
  9.2070599e+00
 -6.9118395e+00
  1.0578474e+01
  5.7220955e+00
 -8.2843906e-01
  1.0788544e+00
  1.7639472e+00
 -3.2912209e+00
  1.9974103e+00
  1.3070207e+01
  6.2740529e-01
  9.9664192e+00
 -8.1754780e+00
 -1.1351839e+01
 -6.5564494e+00
 -2.6544541e-01
  2.9231415e+00
 -1.7408739e+01
  2.6473689e+00
  1.4173971e+00
 -7.7604861e+00
 -1.6462123e+00
  4.1689034e+00
 -6.5950656e+00
 -1.0082185e+01
  1.2287413e+00
  8.9701241e-01
  4.4112487e+00
 -4.6158664e-02
  2.3432653e+00
  2.9719419e+00
 -2.6752579e+00
 -3.3438647e-01
  2.8663979e+00
  1.3650502e+00
  1.5362959e+00
 -4.5017067e-01
  1.4075388e-01
 -4.8467347e-01
 -2.9346576e+00
  3.7860782e+00
 -1.1672895e+00
 -4.7930002e+00
  4.0738492e+00
 -6.2814651e+00
  3.7616713e+00
  6.7207706e-01
  4.5081228e-01
  1.0112622e+00
 -2.6013520e+00
 -2.7967663e+00
 -5.2022581e+00
 -3.0598702e+00
  4.1044146e-01
 -1.5878251e+00
 -3.2461292e-01
 -1.6643507e+00
  8.6450988e-01
  7.1179900e+00
 -1.5910447e+00
 -1.1623167e+00
 -3.4038258e+01
  6.0001144e+00
 -2.7544291e+00
  7.5578432e+00
 -5.0972509e+00
 -5.3006649e-01
 -2.7621911e+00
 -3.0152783e+00
 -2.0041649e+00
 -3.5320039e+00
 -1.0204406e+00
 -7.1325054e+00
  1.0160313e+01
 -6.7952809e+00
 -5.2992764e+00
  8.8334310e-01
 -4.2768133e-01
 -2.5345299e+00
 -5.1493639e-01
  8.6955869e-01
 -2.0026243e-01
  2.8269317e+00
  2.1135368e+00
 -1.3212336e+00
 -3.5093427e+00
 -3.4942961e+00
  3.2101102e+00
  3.4450171e+00
  1.1019348e-01
 -7.2332149e+00
 -4.4025362e-01
 -1.4148432e+00
  2.9116509e+00
 -4.4601617e+00
 -5.8788700e+00
  1.9138128e+00
  2.2850368e+00
 -4.1570239e+00
 -6.9275818e+00
  6.0263629e+00
 -3.7273735e-01
  1.0987413e+01
 -1.6068401e+00
 -3.3029015e+00
 -2.9102650e+00
 -7.5350130e-01
  6.6711469e+00
 -6.4170044e-03
  5.8535957e+00
 -3.3538231e-01
 -1.0971484e+01
 -1.1792521e+01
  1.7955793e+01
  5.3928905e+00
 -4.7581120e+00
 -1.1279202e+01
 -1.6837666e+01
  9.5022869e+00
  6.7008100e+00
 -1.1183150e+00
 -6.7787414e+00
  8.0603952e+00
  4.8242078e+00
 -1.9870195e+00
  3.6742158e+00
 -4.7777972e+00
 -4.2492075e+00
  4.5394316e+00
  2.6437063e+00
 -4.1831455e+00
  2.7735010e-01
  4.1260395e+00
 -1.5390804e+00
 -6.2940228e-01
  6.0871310e+00
 -1.3354590e+00
 -1.3421838e+00
 -3.9146781e+00
  4.4101877e+00
 -3.1511419e+00
  7.6315618e-01
 -2.3872244e+00
  1.0495216e+01
  2.1608021e+00
 -4.3448167e+00
  8.1161718e+00
 -6.0456381e+00
  5.5934219e+00
 -5.7949929e+00
  8.9498415e+00
  4.0392165e+00
 -1.8907642e+00
  2.8109484e+00
 -6.2671292e-01
  8.4484309e-01
 -6.9312291e+00
 -2.7085943e-02
 -1.4625530e+00
 -1.3566935e-02
 -4.5643678e+00
  1.1232977e+00
 -3.6512880e+00
 -2.2372561e+00
 -1.4218802e+01
  1.0403486e+01
 -3.4441388e+00
  4.8341055e+00
  4.3775425e+00
  2.6902585e+00
 -3.6110251e+00
  4.3573074e+00
 -9.3283528e-01
 -5.3980913e+00
 -7.5951095e+00
  4.9440165e+00
  4.5956988e+00
 -1.8282417e+00
 -1.5017102e+00
  4.4861612e+00
  1.8577739e+00
  3.2361054e+00
 -1.3495005e+00
 -6.5266216e-01
  1.5229751e+00
  3.6334038e+00
  3.1752920e+00
  3.0945435e+00
  5.3949434e-01
 -6.3952470e+00
 -1.9521929e+00
  2.0080214e+00
 -1.6860381e+00
 -3.9051092e-01
  3.2813144e+00
  1.8022019e+00
 -4.8501539e+00
 -1.4924452e+01
 -1.2033108e+00
 -2.9886024e+00
 -9.0370893e+00
  1.5374790e-01
 -5.7155046e+00
  7.4694128e+00
 -1.5857683e+00
 -9.3000698e-01
  8.9921436e+00
  1.1742840e+01
 -5.4363837e+00
  6.8734655e+00
 -9.0077963e+00
 -1.1283598e+00
 -1.0186043e+00
 -1.3172233e+00
  5.6166559e-01
 -3.9809878e+00
 -8.7912351e-01
  4.5265799e+00
  2.1108217e+00
  1.3595510e-01
 -9.8391391e-02
  1.6167301e+00
  2.1788099e+00
  1.4849577e+00
  1.5642527e+00
 -2.1904392e+00
  3.8389864e+00
 -5.6446228e+00
  4.4418359e+00
 -1.6787219e+00
  4.3206968e+00
 -3.7939858e+00
 -2.4589169e+00
  2.0933452e+00
  7.3677909e-01
 -2.0642250e+00
  1.8968998e+00
  3.4054232e+00
 -3.6838850e-01
 -1.2744501e+00
 -3.3046727e+00
  3.4783220e-01
 -3.8096058e+00
 -3.5293958e+00
 -5.3075676e+00
  3.6089308e+00
  9.3822269e+00
 -5.6129730e-01
  9.7762769e-01
 -8.4954846e-01
 -3.9343596e+00
 -1.3988292e+00
  1.9975652e+00
  4.1608486e+00
  7.4075603e-01
  7.8745149e-02
  7.5974684e+00
 -2.0893605e+00
 -2.2239785e+00
  1.1511160e+00
 -1.3177773e+00
 -4.2481694e+00
 -1.4935144e+00
  5.2970892e-01
  1.4280940e+00
  8.7570410e+00
 -2.4065521e+00
 -5.3443933e+00
  1.6606052e+00
  4.2155170e+00
  4.6256642e+00
  8.0665150e+00
  4.2236695e+00
  1.2168750e+01
  1.6060892e+01
  3.5429218e+00
 -1.0291868e+01
 -2.3422054e+01
 -2.9138610e+00
 -3.2371933e+00
 -3.3069808e+00
 -9.2800455e+00
 -7.8640060e+00
 -2.3910286e+00
  1.3255547e+01
  7.6208478e-01
  8.5994177e+00
  5.8584299e+00
  2.0993988e+01
  1.4879862e+00
 -1.4482883e+00
 -5.6367097e+00
  9.3238573e+00
 -1.3085367e+01
  7.2179646e+00
 -1.9005289e+01
 -2.9978228e+00
  5.1035423e+00
 -1.1151316e+00
 -2.2098811e+00
  1.4394601e+01
 -1.2141887e+00
  1.2178425e+01
  1.8942127e+00
  2.7275026e+00
  4.0512016e-01
 -2.9889078e+00
 -3.3342295e+00
  7.0748096e+00
  1.3603960e+01
 -4.1897130e-01
 -1.8730874e+00
  6.8081436e+00
  7.8427386e+00
 -6.6008878e-01
 -1.3810854e+01
 -4.8582072e+00
 -8.5644150e-01
  4.2430186e+00
  2.1298623e+00
  2.8614330e+00
  2.7606461e+00
  1.7703133e+00
  1.0492012e-01
  1.1105185e+01
  2.8769441e+00
  8.6414731e-01
  1.4474514e+01
  5.1717291e+00
 -6.2910256e+00
  6.8738538e-01
  1.0896859e+01
  4.8793211e+00
 -2.7907052e+00
  6.8755150e-01
  3.3845494e+00
 -9.8367298e-01
  1.4740628e+00
 -2.8116548e-01
 -1.0788181e+00
 -2.1830947e+00
 -6.3959485e-01
  5.5511069e-01
 -8.3598691e-01
  7.3043764e-01
  1.0833323e+00
  9.6861607e-01
  3.2534271e-01
  2.1129413e+00
 -1.7070405e+00
  9.5818996e-01
  4.5866165e+00
  9.4656688e-01
 -1.7324628e+00
 -9.8449087e-01
  5.1525397e+00
 -2.5491240e+00
  4.8753390e+00
  1.0124778e+00
 -5.5609101e-01
  1.4397103e+00
  1.9845695e+00
 -4.0919762e+00
  1.7305728e+00
 -2.7375808e+00
 -2.3622129e+00
  1.2036296e+00
  6.2622046e+00
  1.7035421e+00
  1.9893273e+00
  8.6732191e-01
  4.7857504e+00
  5.6116474e-01
 -1.8349679e+00
 -2.7142391e+00
 -2.6116004e+00
 -5.4764500e+00
 -5.5999213e-01
  1.2829956e+01
 -7.8761560e-01
  1.5869401e-01
  5.5821171e+00
 -2.5251842e+00
  4.1670961e+00
 -3.2460287e+00
 -4.5743489e+00
  3.1775770e+00
  3.4419924e-01
 -1.9204718e+00
  2.7733549e-01
  3.3618727e+00
 -5.0220490e+00
 -1.1568786e+01
  7.7561545e-01
  6.4931259e+00
  9.7149944e-01
 -1.8193620e+00
 -7.2314005e+00
  6.6377527e-01
  2.5746782e+00
 -2.4636461e-01
 -2.7904184e+00
 -5.6035991e+00
  8.4712133e-03
 -3.0599630e+00
 -3.6270087e+00
  1.6661330e+00
  7.6350760e-01
  4.3844423e+00
 -9.0260153e+00
 -4.0913296e-01
 -6.2199430e+00
  1.2010427e+00
  6.0386322e-02
  5.6530333e-01
  1.5824244e+00
 -1.0831755e+00
 -4.7919230e+00
  2.0401316e+00
 -1.2374698e+00
  7.1938281e+00
  1.5150414e+00
  1.3864968e+00
  1.4385978e+00
  7.0166582e-01
  8.5517712e+00
 -5.0935955e+00
  2.8360555e+00
  2.3802574e+00
 -1.2708799e+00
 -1.5480926e+00
  7.6937861e+00
  7.8944163e+00
 -5.6756699e-01
  9.2656946e+00
 -1.2545334e+01
  2.2596633e-02
  1.8344917e+00
 -5.1034508e+00
  8.1680870e+00
 -8.3497770e-02
  1.0102513e+00
 -3.6189926e+00
  2.2809956e+00
 -6.7449218e-01
 -7.3328838e+00
  7.6733023e-01
  4.6557326e+00
 -7.2892399e+00
 -3.6192541e+00
  4.8198719e+00
 -2.5464089e+00
 -6.1758537e+00
 -5.3047234e-01
  5.1988101e+00
 -6.0380774e+00
  1.8340506e-01
  1.9924012e-01
 -9.0720701e+00
  1.2107944e+01
 -2.9758000e-01
  4.3416176e+00
  2.6229937e+00
  1.5063255e+01
  4.5858998e+00
 -3.1759760e+00
  3.8275352e+00
 -5.6165080e+00
  5.1874452e+00
  1.8385090e+00
 -4.4836450e+00
 -9.6293688e+00
 -3.4582365e+00
  2.9555100e-01
 -4.6883330e+00
 -1.6026284e+00
  2.9118446e-01
  3.3988807e+00
  6.9825759e+00
  8.0367689e+00
  3.7047052e+00
  2.9309721e+00
  2.9328482e+00
 -3.3070252e+00
  4.4904752e+00
  1.2572406e+01
  9.6002560e+00
  4.8153706e+00
 -1.0916649e+00
 -4.5260925e+00
  2.5498779e+00
 -1.1564858e+00
 -1.5153089e-01
  2.0559549e+00
  5.8607655e+00
 -5.0909796e+00
 -4.0529180e+00
  7.1204054e-01
 -2.1518879e+01
  1.7018335e+00
  3.2759602e+00
 -5.6156411e+00
  4.1682119e+00
  2.1861801e+00
 -2.1711495e+00
  2.6414089e+00
 -7.7505857e-01
  8.7539768e+00
 -1.0855489e+00
 -1.2610625e+00
  2.3553176e+00
  3.4313908e+00
  5.8339816e-01
  9.6404715e+00
  7.4818225e+00
 -1.7003561e+00
  7.3189015e+00
  4.0935693e+00
  3.9749539e+00
  5.3232417e+00
  1.6221786e+01
  1.9921534e+01
 -2.3012545e+00
 -2.2043209e+00
 -8.2551441e+00
  2.7616632e+00
  5.8648262e+00
  4.9794526e+00
 -5.8600259e+00
  7.9436245e+00
  7.8979015e+00
  1.0867431e+00
  8.1007881e+00
 -4.6999602e+00
  4.0947294e-01
 -1.0973641e+00
 -1.1898726e+01
  6.0078278e+00
  4.9328992e-01
 -3.8261366e+00
 -2.3993523e+00
 -1.0230621e+00
  1.8702977e+00
  9.9685860e+00
 -3.3683648e+00
  5.5577092e+00
  2.3627841e+00
  6.7118759e+00
 -2.1349237e+00
  4.1358762e+00
 -9.5773590e-01
 -1.7431753e+00
  8.8074245e+00
 -3.5561802e+00
  2.4897127e+00
  3.2654867e+00
 -8.4285778e-01
  3.1465533e+00
 -3.2038798e+00
 -3.9381926e+00
  2.3018363e+00
  2.4060598e-02
  6.5825832e-01
 -1.9220376e+00
  2.7136426e+00
  4.2009687e-01
  5.6508523e-01
  1.0730933e+00
  7.0455828e+00
  3.9417205e+00
 -7.2589598e+00
 -1.2873952e+01
 -3.5684242e+00
  1.1675160e-01
  8.4749918e+00
 -1.9558899e+00
  1.0187038e+00
  2.1191933e+00
 -1.4211595e+00
 -6.2271171e+00
 -4.5130733e-02
 -1.8866843e+00
 -8.0220451e+00
  5.0178328e+00
  1.0092010e+00
 -3.6791124e+00
  4.1196437e+00
  1.3924888e+01
 -5.1714001e+00
 -1.6822307e+00
 -2.0746256e-01
 -1.4555763e+00
  6.9577295e-01
  4.0609288e+00
  1.3255105e+00
 -7.1685612e-02
  1.6656108e+00
 -4.0778157e-01
  6.6553845e+00
 -1.8890949e-01
 -1.0497540e+00
 -1.5792030e+00
  1.9015863e+00
 -2.5265610e+00
 -4.8065519e+00
 -8.2518095e-01
 -1.5475297e+00
 -4.0717426e-01
 -7.4694306e-01
  3.4915419e+00
 -2.5297577e+00
 -4.4809027e+00
 -4.1706438e+00
  4.5576039e-01
 -7.2026616e-01
  2.0202985e+00
  5.8931131e+00
 -1.6088785e+00
 -4.5711012e+00
 -3.7154004e-01
  7.8863993e+00
 -5.0344639e+00
 -2.7365839e+00
  8.7716885e+00
 -8.1362712e-01
 -1.4476401e+00
 -5.4674649e+00
  5.5016341e+00
  1.3555548e-01
 -8.7568817e+00
  7.6160365e-01
 -3.5590162e+00
  4.7172289e+00
 -3.9774600e-01
 -2.2955749e+00
  1.0751487e+01
 -3.7382343e+00
 -4.6748214e+00
  1.5554335e+00
 -1.6289684e+00
  4.3771214e+00
 -1.0046247e+00
  2.8268847e+00
 -6.2087088e+00
  5.4330902e+00
 -7.7622790e+00
 -7.8871055e+00
 -2.0488989e+00
  7.4027115e-01
 -5.6836815e+00
  4.6916156e+00
 -1.6889400e+00
 -4.9442387e-01
 -1.3471817e+00
 -2.5298560e+00
 -1.0981982e+00
  1.8158218e+00
 -3.4487367e+00
  9.9512577e-01
  4.6329637e+00
  3.8140547e+00
 -9.8531857e+00
 -4.2997438e-01
 -1.2085042e+01
 -5.6966825e+00
 -6.0679102e+00
  5.6413980e+00
  1.1978233e+00
  2.1416643e+00
  4.0896627e-01
 -5.6410670e+00
  1.1470442e+01
 -1.6220603e+00
 -3.6769118e+00
  7.4073665e-02
 -1.1741577e+01
 -4.8001128e-01
  2.5869075e-02
 -2.7242191e-02
  3.4326789e+00
  7.8929134e-02
  6.3862443e+00
 -8.7356300e+00
  3.6155622e+00
 -1.0238045e+01
 -7.4500985e+00
 -3.0472009e+00
 -3.0600111e+00
  4.8747544e+00
 -2.2680666e+00
 -2.8442664e+00
 -2.7949970e+00
  2.4709613e+00
  6.8950087e-01
 -1.9225383e+00
 -2.5820355e+00
 -1.1213096e+01
  4.0404603e-01
 -8.1788510e-01
  1.5415138e+01
  1.7420308e-01
  7.7148713e-02
 -2.9762247e-01
 -3.4561653e+00
  3.9576786e+00
  1.5004778e+00
 -5.0609617e+00
  2.9847977e+00
 -3.7608299e+00
  1.6289890e+01
  9.0973463e+00
  2.1777775e+00
  2.0188687e+00
 -9.7804630e-01
 -4.4717941e+00
  1.3014716e-01
 -7.5439131e-01
 -4.1508508e+00
  1.1334583e+01
 -2.3506255e+00
 -3.8544490e+00
  1.9970957e+00
  2.3388803e+00
 -5.4593520e+00
  6.0227113e+00
 -6.2771306e+00
 -1.4658222e+00
  5.3844321e-01
  5.9439006e+00
 -3.0865254e+00
  2.1147738e+00
 -7.2884350e+00
  2.0047436e+00
  9.0669804e+00
  2.7531264e+00
  4.2770510e+00
  2.9786294e+00
  8.2993689e+00
  5.6275444e+00
  1.6913576e+00
 -4.9358687e+00
  1.3306742e+00
 -5.3776395e-01
  2.1045310e+00
  1.4974587e+00
 -1.7418981e+00
  2.3901594e+00
  1.0405626e+00
 -3.2013032e-01
 -1.8244553e+00
 -4.1527218e-01
 -1.1828829e+01
 -1.6238834e-01
  1.3077372e+00
  1.9909194e+00
  4.7158771e+00
 -5.9922590e+00
  2.3685734e+00
 -5.7865028e+00
  1.5814822e+00
  5.1622543e+00
  6.7842525e-01
  6.4017839e+00
  3.1607327e+00
 -3.2285073e+00
 -3.2711825e+00
 -6.5181818e+00
  2.4822314e+00
  4.8929489e-01
  3.8187537e+00
  1.9468925e+00
  1.2573457e+00
 -9.5597467e+00
  9.3790787e-01
 -2.1992459e+00
  8.4212799e+00
 -9.6496212e-01
  2.8642743e+00
  1.0923440e+01
 -4.6149831e+00
  8.4807415e+00
 -4.9873061e+00
 -1.1006468e+01
 -2.7950485e+00
  1.9743989e+00
  4.0343779e-01
  3.6164134e+00
 -1.8815645e+00
 -5.3138967e+00
  4.3619452e+00
 -4.6081880e-01
 -3.8584991e+00
 -7.8275025e-01
  4.0759835e+00
  1.7934109e+00
 -1.9800950e+00
  2.5139184e+00
  2.6185083e+00
  9.0567750e-01
  2.3321903e+00
 -8.7347788e-01
  2.7371869e+00
 -3.0220149e-02
  7.6026115e+00
  3.7953246e+00
  8.2725966e-01
  2.8208554e+00
  3.0189586e+00
 -2.1710186e+00
 -4.1159126e-01
 -3.6567318e+00
  3.8598309e+00
 -2.8766578e-01
 -2.9619768e-01
  6.2159443e+00
 -2.8643353e+00
  6.2574830e+00
 -4.2648063e+00
  2.8551227e-01
  1.0101236e+01
  3.6237259e+00
 -8.6190882e+00
 -1.9669022e-01
  3.1662397e+00
 -5.0071464e+00
 -1.3986084e+00
 -1.1043578e+01
 -1.1817760e+01
  1.0100161e+01
  1.0909189e-02
  2.3013995e+00
  1.6752007e+01
 -3.1321606e-01
 -5.9060106e+00
  1.1486261e+01
  2.6266825e-01
  3.3902972e+00
 -6.0592198e+00
 -1.8087410e+00
  2.8147159e+00
  5.5927019e+00
 -6.5420413e+00
  5.8857787e-01
 -9.3810768e+00
  2.1189773e+00
 -1.3602628e+00
  2.7913290e-01
 -9.1701899e+00
 -7.0482534e-01
  3.1482530e+00
  1.4496970e+00
  1.0919026e+00
  3.4142666e+00
  3.2138932e+00
  1.4826566e+00
  4.7380414e+00
  2.4078252e+00
 -3.8572900e+00
 -2.7097478e+00
 -8.5704267e-01
  4.2194190e+00
  3.8069487e+00
 -3.1095414e+00
 -3.4821517e+00
  7.4411359e+00
 -1.8742700e-01
 -6.3936234e+00
 -1.1100935e+01
 -6.0194597e+00
 -4.9065361e+00
  1.4063612e+00
  4.9585838e+00
 -3.6559732e+00
  5.0866661e+00
 -7.0519729e+00
 -3.9508684e+00
 -4.6019611e+00
 -3.6683059e+00
 -5.8770883e-01
  2.9959641e+00
 -4.3067446e+00
  5.9101949e+00
 -8.7804985e+00
  4.4563726e-01
 -1.2095001e+00
  7.9312935e+00
  6.1691828e+00
  2.5960853e+00
  1.4148341e+00
  3.6565995e+00
  3.7319961e+00
 -1.2224182e+00
  8.9220238e+00
 -3.2334113e+00
  3.1677933e+00
  2.8618350e+00
 -3.5246842e+00
 -1.6475137e+00
  3.3876886e+00
  8.8723946e+00
 -5.7536373e+00
  6.6436467e+00
 -1.4815918e-01
 -1.0751989e+01
  1.4481386e+00
  2.4528468e+00
 -1.4054353e+00
  3.1352410e+00
 -1.4861664e+00
 -1.6776360e+01
  5.4167585e+00
 -1.1257345e+01
  4.4234724e+00
 -5.2774019e+00
  2.1602871e+00
  8.3222275e+00
  4.7593078e-01
 -5.9768504e-01
 -7.4043722e+00
  3.1567512e+00
  5.7016830e+00
 -4.8446846e-01
 -4.0723481e+00
  1.1112068e+00
  2.1225290e+00
  1.1538635e+00
  3.7597892e+00
 -6.5110178e+00
  8.6174011e+00
 -4.3251710e+00
 -5.2697265e-01
  1.7685364e+00
  2.8344846e-01
  2.3306973e+00
  5.2643504e+00
  2.3315957e+00
  1.0058149e+00
  2.5527685e+00
  4.5048742e+00
  2.1763836e-01
 -7.7068174e-01
 -6.5441093e+00
 -3.4197271e+00
 -1.7399638e+00
 -9.3391538e-01
  9.3182200e-01
  2.2901425e+00
  3.5412133e+00
  4.1266799e+00
 -1.0609576e+01
  8.4344807e+00
  3.7212557e-01
  5.8596048e+00
  6.0271659e+00
  1.0652025e+01
 -3.0239074e+00
  6.9729879e-02
  1.5012857e+01
  1.3104212e+01
 -6.0492411e+00
  4.1573806e+00
 -5.6346190e-01
  9.2066784e+00
  2.3714712e+00
  6.2803779e+00
 -1.2186807e+01
  8.3724470e+00
 -2.1666062e+00
 -7.4480834e+00
 -3.8988832e-01
  4.7714777e+00
  3.8522522e+00
 -3.6737750e+00
 -9.0307398e+00
 -4.8783665e+00
  3.2215214e+00
  6.8019587e-01
  1.2743032e+01
  1.9825426e+01
 -1.4049447e+01
 -6.4952254e-01
 -8.8079858e-01
 -9.6357685e-01
 -2.2553833e+00
 -5.4858103e+00
 -7.6072073e-01
 -1.9292837e+00
 -1.4944886e+01
 -9.0375173e-01
  1.6127295e+01
  1.2840919e+01
 -1.7041895e-01
  4.5146470e+00
 -3.7007012e+00
 -8.3133116e+00
  3.7082283e+00
 -1.2367873e-01
 -9.3861711e-01
  2.6404736e+00
  1.1364761e-01
  8.0745831e-02
 -5.7323329e-02
  6.1655992e-01
 -1.0210369e+00
 -6.1952758e-01
 -1.9146526e-01
 -1.5249474e+00
 -8.5233158e-01
 -1.8123645e-02
 -2.7630803e-01
 -1.0197178e+00
 -3.6062069e-02
  1.8120733e+00
 -6.3619661e-01
  8.7121939e-03
  8.6243224e-01
  4.7406361e-01
 -3.5984960e+00
  1.9493194e+00
  3.9059243e+00
  2.4691081e+00
  2.9604226e-01
  4.4665211e-01
 -1.7160389e+00
 -2.2987528e-01
  3.1123199e+00
  5.8204842e-01
  1.3389164e+00
  2.1231952e+00
  8.7669098e-01
 -8.0017889e-01
 -4.0070853e-01
 -1.0705377e+00
  3.2662386e-01
 -1.5939903e+00
 -1.3682748e+00
  1.5665525e-01
 -3.0801947e+00
 -1.9417663e+00
  1.3578600e+00
 -1.0831441e+00
 -4.3403039e+00
  2.9575968e+00
 -7.2877783e-01
 -1.7907245e+00
 -4.2282529e+00
  2.4772549e+00
 -4.3596840e+00
 -4.6749558e+00
 -4.8092518e+00
 -1.4388390e+00
 -1.8513929e+01
  1.6112256e+00
 -7.5175858e-01
  4.1591992e+00
  2.2706692e+00
  2.0038848e+00
 -9.9744616e+00
 -2.6800916e+00
  5.5221906e+00
  2.1245043e+00
 -7.6837282e+00
 -1.7333490e+01
  1.0907515e+00
  1.6859861e+01
 -1.8584188e+00
  1.8570120e+01
 -3.6824176e+00
  2.2308083e+00
 -1.0299860e+01
 -3.9732727e-01
 -1.2199019e+00
  1.8621178e-01
 -2.8805273e+00
  7.0330894e-01
 -2.3609109e+00
 -4.1143980e+00
  2.2262101e+00
 -1.5546362e+01
  4.8870084e-01
  1.8714612e+00
 -7.0988250e+00
 -1.2288272e+01
 -5.2992463e+00
  2.2586405e+00
  2.8969936e+00
  3.7572150e+00
  5.6546440e+00
  8.5890827e+00
  1.3478690e+01
 -1.9181930e+00
  3.9687946e+00
 -1.1758245e+01
 -4.2867379e+00
 -7.6659865e+00
  4.2866421e+00
 -4.8876529e+00
  1.0415807e+00
 -3.1933784e-01
  3.9617310e+00
  5.2988515e+00
 -1.3797415e+01
 -7.2765595e-01
 -2.4002597e+00
 -6.5056267e+00
  7.2638555e+00
  8.8842326e-01
 -1.0764428e+01
  5.1645570e+00
 -2.1053696e+00
 -7.6877184e+00
  6.1957297e+00
 -6.0877728e+00
  1.1949817e+00
 -1.0591340e+01
  2.0281394e+00
  4.8959928e+00
 -4.4063468e+00
  9.6921282e+00
  2.1943231e+00
 -9.9153548e-01
 -1.9662613e+00
  4.4192247e+00
 -7.8764925e+00
 -2.6281624e+00
  5.4416180e+00
  4.8611388e+00
 -1.2425749e+00
  4.3546877e+00
 -2.0527692e+00
 -3.2100062e+00
 -1.7357582e+00
 -1.5541808e+01
  3.5077162e+00
 -1.1942110e+01
 -2.2955220e+00
 -9.7356033e+00
 -5.7812562e+00
 -3.7332425e-01
  4.4632201e+00
  1.9466223e+01
  3.8680120e+00
  4.4864397e+00
  2.4006033e+00
  5.9145246e+00
  1.3010982e-01
 -4.8202479e-01
 -2.0200834e-01
  2.8735819e+00
 -1.7492656e+00
  3.0290124e+00
  1.2658998e+00
  1.4391694e+00
 -2.6380310e+00
 -3.8877201e+00
 -3.5499053e+00
  3.0306120e+00
  3.9838557e+00
 -1.4532597e+00
 -1.9575489e+01
 -5.5926356e+00
  1.3318703e+00
  1.4235041e-01
  5.6078429e+00
  6.0317864e+00
  1.2398371e+00
 -1.4375318e+00
  2.3939686e+00
  2.1241231e+00
  2.1912439e+00
  6.9161816e+00
 -4.0686226e+00
 -1.6171783e+01
 -1.4572711e+01
  2.3321664e+00
  1.0384356e+00
  4.5827312e+00
  2.9140580e+00
  2.5121725e-01
  2.1018789e+00
  2.5504929e-01
  2.8034732e+00
  1.9898518e+00
 -2.5986626e+00
 -5.5102623e-01
  2.3010597e+00
 -1.0650757e+01
  2.9016147e+00
 -7.4150670e-01
 -2.2969701e+00
  2.7925072e+00
 -2.5882330e+00
 -1.0293179e+01
 -3.7605474e+00
 -2.1196959e+00
  5.6749492e+00
 -9.2817587e-01
  2.0685489e+00
  2.5957973e+00
 -1.9030589e+00
  8.5410595e+00
  1.0205720e-01
 -2.3765769e+00
  7.0054179e-01
 -3.3633557e-01
 -8.4880745e-01
  2.5264648e-01
 -5.2400696e-01
  2.9332349e-01
 -4.5252204e-01
 -1.3846685e+00
  1.7950384e-01
 -8.7991756e-01
 -2.4777846e+00
  4.8294973e+00
  8.8159084e+00
 -9.2504662e-01
  9.9804010e-03
 -3.8753734e+00
 -6.5065223e-01
 -2.7181027e+00
  4.1526155e+00
  2.6823723e+00
  2.0130043e+00
  4.2186219e-02
 -5.0825434e+00
 -9.7860408e-01
  3.8100846e+00
 -1.6487385e-01
  7.1451962e-01
  2.1920640e+00
  3.6274043e-01
 -4.2349637e-01
 -1.7355703e+00
  2.2123299e+00
  4.9345222e+00
  2.0799081e+00
 -7.4722481e-01
  1.1265389e+00
 -1.7122424e+00
  9.2669016e-01
  5.7528704e-01
 -3.5262093e-01
  2.5759048e+00
  3.4872797e-01
 -6.0205275e-01
 -2.2630706e-01
 -1.0671897e+01
 -7.4555316e+00
 -1.1555663e+01
 -5.7246647e+00
  4.6783495e+00
  4.3676348e+00
  2.8284130e+00
 -4.7847357e-01
 -4.4395542e+00
 -3.9576373e+00
  9.2105742e+00
  7.1046132e-01
 -1.9457151e+00
 -7.2648048e-01
  2.4401815e+00
 -1.5187346e+00
 -1.0219286e-01
  1.2636397e+00
 -8.7545280e+00
  3.9379413e+00
  2.1488760e+00
 -4.5551686e+00
 -4.7668362e+00
  4.9727521e+00
  5.2678198e-01
 -2.9630735e+00
  2.1248121e+00
  2.9470491e+00
  3.6143622e+00
  1.2392767e+01
 -2.0596147e+00
  2.8004758e+00
  2.2062124e+01
  6.6828661e+00
  1.6776707e+00
 -7.8255725e+00
 -3.7725303e+00
  2.3417883e+00
  4.7105432e-01
  9.3839159e+00
 -6.6942275e-01
 -7.4369407e+00
  3.4997323e+00
  3.9246862e+00
  2.5603139e+00
  7.1107521e+00
 -1.0052975e+00
  7.5937748e+00
 -1.5087900e+00
  7.6412039e+00
  6.8202400e+00
  1.7846385e-01
  2.9313622e+00
 -8.0502539e+00
  7.5425571e-01
  2.7761288e+00
 -2.2343230e+00
 -8.3867016e+00
 -5.1841617e+00
  3.8009810e+00
  7.7705207e+00
 -2.2780868e-01
 -2.0289044e+00
  5.2490759e+00
  2.3218603e+00
 -3.3042404e-01
  4.8413310e+00
 -1.0595561e+00
  5.1548820e+00
 -9.0905035e-01
  1.2206186e+01
 -8.5173778e-02
  1.5552981e+00
  8.3557024e+00
  5.0060682e+00
  8.3524294e+00
  2.9852312e+00
 -4.2412004e+00
  1.1003479e+01
  4.2989426e+00
 -8.0011663e+00
 -7.7477641e+00
 -9.1708069e+00
 -5.0324860e+00
 -2.5498183e+00
 -8.2537909e+00
 -2.1080856e+00
  1.9488245e+00
 -5.7913804e+00
  4.9981766e+00
  1.1781578e+01
  1.1280258e+01
 -3.4218268e+00
 -5.0243535e+00
  1.0419825e+00
 -1.9570040e+00
  3.9908495e+00
 -2.4598169e+00
 -1.4540744e+00
  1.1321568e+00
  3.0181384e+00
 -2.0510254e+00
  1.5936462e+01
  4.9361381e-01
 -1.9058982e+00
 -6.2622410e-01
 -6.5252538e+00
  2.9127743e+00
 -2.7720582e+00
 -2.5558758e-01
 -3.0872338e+00
  5.5863714e-01
  2.5743101e+00
  3.5168347e+00
  9.2780858e-01
  1.4670389e+00
  2.8805876e+00
  2.6471286e+00
  5.1392174e+00
  1.8228892e+00
 -3.4340801e+00
 -5.9634495e+00
 -5.2152938e-01
  2.2074456e+00
 -4.7821383e+00
 -3.0549588e+00
  3.8763413e+00
 -2.8515623e+00
 -1.4052163e-01
  9.3133813e-01
  2.1080418e+00
 -4.5784388e+00
 -2.6784139e+00
 -1.6119620e+00
  7.0008421e-01
  3.5316828e-03
  2.1791863e+00
  2.8337674e+00
 -6.5964446e+00
 -6.0732812e-01
 -5.8295590e-01
  5.4386001e+00
 -3.2857037e+00
 -1.3851185e+00
  7.1454639e+00
 -1.0820522e+01
 -1.3493463e+00
 -1.6861631e+00
  4.1249281e-01
  6.9792385e+00
  1.1105602e+00
  1.1365654e+01
 -5.3041906e+00
 -8.8130236e+00
 -2.3530252e+00
  3.4412906e+00
 -3.6292403e+00
  5.1034536e+00
  1.7798452e+00
  4.7162819e+00
 -2.1459904e+00
 -6.8125361e-01
 -2.9931827e+00
  2.0448332e-01
 -8.3464360e-01
 -4.3892007e+00
  4.7813921e+00
  3.3681947e-01
  6.0529816e-01
  1.0976987e+00
  2.1024019e-01
 -7.6069981e-01
  1.2971395e+00
 -3.8046271e-01
 -5.7752042e+00
 -1.5491517e-01
 -2.4450822e+00
 -3.9467344e+00
  3.6010072e+00
  7.3329821e+00
 -3.9049134e-01
 -2.9362299e+00
  6.7014155e+00
 -4.2280836e+00
 -5.6017792e-01
  1.6640240e+00
 -1.9945900e+00
 -6.5052176e-01
  2.1727259e+00
  1.1338314e+00
 -1.4368936e+00
  2.9879494e+00
 -3.9360282e+00
  2.7966566e+00
  1.7376137e-01
  2.3942494e+00
 -4.0913177e+00
 -3.6102444e-01
 -1.1785373e+01
  1.8405297e+00
  5.6739945e+00
  9.0120001e+00
 -8.6273985e+00
 -3.2510688e+00
  1.4768873e+01
  8.5294610e-01
 -4.4674029e+00
 -1.4671775e+00
 -7.9050064e+00
  3.6391306e+00
 -9.3153267e+00
 -5.9029579e+00
 -2.7989812e+00
  5.0692660e-01
 -2.9933870e+00
  2.5584264e+00
  2.6672845e+00
 -2.2492266e-01
 -8.2647336e-01
 -6.5817733e+00
  4.8645797e+00
  7.7869997e+00
  3.8328445e-01
 -2.7473285e+00
 -2.8797441e+00
 -7.4103737e+00
  2.1578305e+00
  2.6484869e+00
  6.5050273e+00
  1.9747664e+00
 -2.0631008e+01
  5.7146609e-01
  4.0750098e+00
  8.6387962e-02
  3.4615746e+00
  3.5219140e+00
  3.9725685e+00
 -1.9469573e+00
  4.1790371e+00
 -6.5044308e-01
  1.4919433e+01
  9.9280472e+00
  5.5226870e+00
  3.4472437e+00
 -4.2601264e-01
  1.3151123e+01
 -2.5613759e+00
 -2.0267312e-01
 -1.6921003e+00
  6.4262938e+00
  1.3028135e+00
  6.0825324e+00
 -1.6043101e-01
 -1.1211221e+01
 -6.7284480e-02
  7.9435682e+00
  1.4664268e+01
  2.3237000e+00
  1.0196193e+01
  1.7267017e+00
 -6.3492494e+00
  6.0126930e-02
  3.8093218e-01
 -1.0977104e+00
 -1.9879252e+00
  1.3481776e-01
 -1.3586587e+00
 -1.5954068e+00
 -8.1170340e+00
 -1.3375865e+00
  1.1994802e+01
  9.0126866e-01
  5.8860874e+00
 -1.0565081e+00
  6.6809559e+00
  2.8214581e+00
 -6.9179606e+00
 -2.2060702e+00
  5.7079544e+00
  2.0156825e+00
 -6.8036830e-01
  4.4066238e+00
  9.8792286e+00
  1.6054176e+00
 -5.3684678e+00
  1.6927090e+00
  5.9389830e+00
 -5.8410974e+00
  2.0466239e+00
 -8.0444107e+00
  1.6194404e+00
  8.1351061e+00
 -1.4798726e+00
  1.5981559e+00
  6.7980494e+00
  1.4261332e+01
 -1.8253016e+00
 -2.5883336e+00
 -8.8296785e+00
 -1.8328967e+00
 -2.3722227e-01
  5.0091681e+00
  5.0258946e+00
 -4.2330713e+00
  6.8989148e+00
  4.7232046e+00
  2.7420421e+00
 -7.6273465e+00
  3.6690192e+00
  1.6404297e+00
  5.2696997e-01
 -1.0922481e+00
  2.8880408e-01
  7.1619660e-01
 -4.9228039e-02
 -8.9513846e-02
 -9.1387391e-01
  2.9587832e-01
  7.3206091e-01
 -7.3727816e-01
 -6.5824968e-01
 -1.2045765e+00
  1.4828492e+00
 -2.2799046e+00
  4.7926176e-01
  1.7710303e+00
 -1.0667076e+00
 -1.5422910e-01
  2.7799873e-02
  1.1684154e+00
 -1.2487489e+00
 -6.5896779e-01
 -2.0134599e+00
  4.1760883e-01
 -1.2703956e+00
 -8.5156852e-01
  1.8860898e+00
 -4.1285825e-01
  4.8078890e+00
 -1.7683623e+00
 -2.4140947e+00
 -5.7040281e+00
 -2.7486794e+00
  4.1080823e+00
 -7.4176769e+00
  1.7871197e+00
  9.1304159e-01
 -3.4465663e+00
 -1.8608054e+00
 -8.5836691e-01
  9.7882754e-01
 -4.6813245e+00
 -2.7574577e+00
  1.6019982e+00
 -1.5905879e+00
 -7.3142533e+00
  1.1148551e-01
  2.5289726e-01
  2.2748063e+00
 -2.7385845e+00
  2.4823029e+00
  2.0991437e+00
 -3.6435196e-01
 -9.7829252e-01
 -1.1778990e+00
 -7.9222322e-01
 -1.2183572e+00
 -1.0572305e+00
 -3.0544312e+00
 -8.3481610e-01
  4.6559468e-01
 -5.8581822e-02
 -8.4814304e-01
  2.3755421e-01
 -9.0975924e+00
  1.8700140e+00
  3.4829204e+00
  4.4703218e-01
  1.3993207e+00
 -4.9931172e-01
  4.7506304e+00
 -5.8645210e+00
 -1.4227747e+00
  2.9883871e+00
 -2.8281376e+00
  1.2900856e+00
 -5.5014310e+00
  5.3306241e+00
 -8.0874586e+00
 -6.1778326e+00
 -3.6761317e+00
  3.3838272e+00
  3.1483622e+00
  3.0674663e+00
  1.6349456e+00
 -6.3054595e+00
 -1.4246284e+01
 -5.9477907e-02
  3.4741592e+00
  1.6843057e+00
  5.1571374e+00
 -1.6415689e+00
  2.0071209e+01
 -3.2485795e+00
 -3.4279552e+00
 -2.4247649e+00
  4.2544284e+00
  1.4977398e+00
 -9.2017263e-01
  6.0425673e+00
 -2.1057495e+01
  3.9153335e+00
 -1.5654728e+00
 -8.1916291e-01
 -2.6015637e+00
  1.0230356e+00
  1.9532509e+00
 -1.0301683e+00
 -1.9331232e+00
 -2.1916857e-01
  2.9331690e-01
  3.6703842e+00
  1.5554408e+00
  2.4964824e+00
 -3.7456908e+00
 -1.8874031e-01
  3.3480680e+00
 -3.5658648e+00
  2.3127840e+00
 -9.1428000e-01
 -9.5783443e+00
 -2.2611048e+00
  2.5225272e+00
 -3.7450597e+00
 -4.3342572e-01
  3.2468736e+00
 -2.8353372e+00
 -6.7910433e+00
 -2.2943556e+00
 -7.9857197e+00
  1.9928375e+00
 -7.6923943e+00
  3.5986403e-01
  6.6424818e+00
 -1.6076651e+00
  6.6542917e-01
 -1.5256700e+01
 -1.1767574e+01
 -4.4703321e+00
  5.1071262e+00
  5.2737608e+00
 -7.6962948e-01
 -2.8964372e+00
  7.6724997e+00
  4.3748987e-01
 -2.4343143e+00
  1.8055400e+00
  7.1616092e+00
  5.3840451e+00
  1.0721649e+00
  3.8271853e-01
  2.4895096e+00
 -2.0414493e+00
  2.1853797e+00
  2.4624290e+00
 -2.3452365e+00
 -2.7621303e+00
  1.1396741e+00
  5.1345973e+00
 -6.2070537e-01
  3.3023121e+00
  1.5929753e+00
  2.9603937e+00
  1.2978712e+00
  4.4522972e+00
  3.5618081e+00
  2.9602461e+00
 -3.6812792e+00
  5.6319594e-01
 -9.6013093e-01
 -2.5258775e+00
  4.6460123e+00
  4.6776867e+00
  2.4191070e+00
  5.2837282e-01
  2.0465066e+00
 -3.5431390e+00
 -2.7890059e-01
  5.3807731e+00
  4.4636807e+00
  2.1416781e+00
 -2.6123998e+00
  7.9522691e+00
 -3.5158589e+00
  3.8301189e+00
 -2.0769110e-01
  5.5173427e-01
 -1.7369334e+00
 -1.6965766e+00
  4.1545749e+00
 -1.0446057e+00
  4.0074012e-01
 -3.9709556e+00
 -8.9336262e+00
 -2.5571070e+01
 -5.5962138e+00
 -6.6249746e-01
  4.2955337e+00
 -3.9848325e+00
 -2.0286857e-01
  1.6754818e+00
 -3.8535519e+00
 -5.6424582e-01
 -7.8427091e+00
 -7.6073937e+00
 -9.3486395e+00
 -2.5491974e+00
 -5.1011372e+00
 -1.6517138e-02
  5.0028443e-02
 -2.3487110e+00
  6.5301323e+00
  5.9550218e-02
 -1.9157387e+00
 -8.4093666e+00
 -1.8073483e-01
 -1.6637074e+00
  7.7963800e+00
  4.0073552e+00
 -4.6904373e+00
  4.8304862e-01
  2.7688048e+00
  2.3115375e+00
  1.3804201e+01
 -6.0793862e+00
  1.0904838e+00
 -6.3469825e+00
  2.8285131e-02
  2.8747501e+00
  2.7156334e+00
 -8.6181450e+00
  1.1603119e+00
  6.3879070e+00
 -1.2257748e+01
  6.3187060e+00
  7.5774670e+00
  1.3708030e+00
  1.1553605e+00
  1.5904599e+01
  7.3811288e+00
 -1.4611793e+00
 -9.3265295e-01
 -4.8796253e+00
 -5.3784089e+00
 -3.7899718e+00
 -4.6799932e+00
  2.8129802e+00
  3.3280470e+00
 -7.1911922e+00
 -1.7917387e+00
 -1.0259001e+01
 -5.5818534e-01
 -1.0946419e+00
  1.1348560e+00
  8.1433516e+00
 -4.5940151e+00
 -2.1052132e+00
 -3.7279973e+00
  4.2384720e+00
  1.5033269e-01
 -1.8520346e+00
  3.3649204e+00
  2.8120828e+00
  1.1734087e-01
  1.9854164e+00
 -1.5031737e+00
  3.6669579e+00
 -3.8283336e+00
  1.4572588e-01
  2.9074874e+00
  8.2792807e+00
  6.1851306e+00
  6.6798925e+00
  2.4066830e+00
 -6.2852011e+00
 -5.1543489e+00
 -9.8037262e+00
  3.7118368e-02
  3.3420887e+00
 -1.7430021e-01
  3.4835844e+00
 -2.5886872e+00
 -7.2439036e+00
 -4.5695295e+00
  1.7673516e+00
 -2.3987710e-02
 -6.0486612e+00
 -2.6697707e+00
  1.1778209e+00
 -5.0681119e+00
 -1.9817050e+00
  4.0138092e+00
  4.0882101e+00
 -6.1793623e+00
 -8.9877033e+00
  1.7308053e+00
  5.0560248e-01
  2.2446818e+00
  9.7261328e-01
  6.2192863e-01
  7.9351228e-01
  3.1644988e+00
 -4.2293177e+00
 -6.1660352e+00
  1.9149151e+00
 -9.0694122e+00
 -6.5906572e+00
 -6.2100291e-01
  1.5895416e+00
 -4.7779846e-01
 -1.0725077e+00
  4.1341267e+00
  1.8271712e+00
  9.6006769e-01
 -1.3139062e+00
 -3.0721118e+00
 -3.6415031e+00
 -3.8223808e+00
  2.5729899e+00
  3.2699883e-01
  2.2145019e-01
  3.6765571e+00
 -1.7089816e+00
  2.1381466e+00
  3.9650297e+00
 -2.9442599e-01
 -3.4740307e+00
  1.0201125e+00
  8.8308620e+00
 -4.2808491e-01
  2.9596434e+00
  4.1688118e+00
 -4.1126055e-01
 -1.2331554e+00
 -3.0651834e-02
  5.5280204e+00
  5.2979177e-01
 -1.7835480e+00
  3.2010586e+00
  5.3603759e+00
 -3.9591203e+00
  5.0764093e+00
  1.7022210e+00
 -1.2242419e+00
 -1.3155208e+00
 -2.9589651e+00
 -8.4447660e+00
 -2.2039487e+00
 -3.2737606e+00
  4.5706172e+00
  2.2417028e+00
  3.5243828e+00
  1.0921828e+01
 -9.6718912e+00
  1.5015680e+00
  3.9251692e+00
 -3.5367465e+00
  5.6898155e+00
 -7.1675158e-01
 -7.4596376e+00
  1.7256554e+00
  5.1743490e-01
  1.7787789e-01
  7.4810845e-01
  2.8936143e+00
  4.5764761e+00
  4.7519445e+00
  2.8217438e-01
 -1.1726861e-01
  9.2200489e+00
  2.3067169e-01
  1.9855189e+00
 -3.5241323e+00
 -4.8137954e-01
  1.9115982e+00
  1.0764316e+00
  5.9957653e-01
  7.3758264e+00
 -1.6228755e-03
 -4.6920362e+00
  4.0642052e+00
 -6.7180986e+00
 -7.7130920e-01
 -5.5818372e+00
 -1.5309995e+00
 -1.0758998e+01
 -3.3671851e+00
  8.1955189e-01
  7.2481999e+00
  2.1720936e+00
 -2.2540073e+00
 -6.6412812e-01
 -7.6487656e+00
 -1.6986476e-01
  9.7594223e+00
 -3.8764999e+00
  3.0869405e+00
  1.4827013e+00
 -9.4223565e-01
 -5.2446094e+00
  1.1043610e+01
 -7.3751771e-01
 -2.6707993e+00
 -1.4160899e+00
  1.4687830e+00
 -6.5816169e+00
 -1.2417386e-01
 -1.5132586e+01
  3.1873360e+00
  5.3147979e+00
 -2.7839043e+00
 -8.6024308e-01
  3.1662085e+00
 -2.2470694e+00
 -3.3143151e+00
  2.8114542e-01
  1.1586585e+00
  3.8814740e+00
 -2.9784930e+00
 -1.5207239e+00
  5.2070980e+00
  1.0447943e+00
 -4.4800520e-01
 -8.1461582e+00
 -4.2599258e+00
  3.9535346e+00
  3.5097711e+00
 -9.8820645e-01
 -4.5172234e+00
  1.9380846e+00
  1.3514545e+00
 -1.1417290e+00
 -2.7491291e+00
 -1.2206455e+00
 -2.6480098e+00
  1.3381044e+00
  2.6985695e+00
  4.4801121e+00
 -2.7581272e-01
  9.2345858e-01
  1.0989945e+00
 -4.4832236e-01
 -1.6594608e+01
 -9.5511417e+00
 -1.1907439e+00
  7.7586639e-01
  3.9937837e+00
  6.3049603e-01
  2.8224227e+00
  7.3155017e+00
  5.9185982e-01
  3.1363082e+00
 -2.0736692e-02
 -1.3813788e+00
 -1.3859305e+00
 -4.4074378e+00
  3.4325519e+00
 -2.8653362e+00
 -3.7442501e+00
  2.3729339e+00
  7.9509301e+00
  2.3137283e+00
 -3.8562048e-02
 -3.6768880e+00
  2.4651451e+00
 -4.8839464e+00
 -1.8156866e+01
 -1.4995426e+00
 -1.8482240e+00
 -4.2575512e+00
  5.4451985e+00
 -5.7635984e+00
 -1.2638025e+01
  2.2050817e+00
  6.7418232e+00
 -7.1398568e+00
 -8.1831045e+00
  3.9261873e+00
  7.6699667e+00
  8.9996064e-01
  4.3202639e+00
  1.4050274e+00
 -3.2224622e+00
  9.4475708e+00
 -1.2567018e+00
 -4.0250010e+00
  1.0332255e+01
 -9.0230341e+00
 -5.4505386e+00
  2.1660459e+00
 -2.7110639e+00
 -9.5542961e-01
 -4.5059605e+00
 -1.1988719e+00
 -1.0907994e+01
  6.5537143e+00
 -2.3824657e-01
 -2.3686421e+00
  1.8128471e+01
  2.8694797e+00
 -8.8011965e-02
  1.7280605e+01
  9.6970015e+00
 -1.3957683e+01
 -1.4867932e+00
 -1.6296037e+00
  4.4572659e+00
 -1.4263077e+00
  5.9084611e+00
 -4.3597156e-01
 -7.1954265e+00
 -4.3636239e-03
 -8.8141880e+00
 -3.8088541e+00
 -1.1174912e+00
  4.1020479e+00
  2.1274624e+00
 -6.1578584e+00
 -3.3477683e+00
 -2.0339794e+00
  3.2881591e+00
 -1.8090300e+01
  2.2203948e+00
  2.1417078e+01
 -1.3060266e+01
  3.6441976e-01
  3.6191893e+00
 -1.5932643e+00
 -1.4471401e+01
 -1.1599748e+01
  1.6241506e+00
 -2.8019714e+00
  1.4697522e+00
  3.6601698e+00
  3.6767850e+00
  2.1879520e+00
 -1.9695743e+00
  2.0008092e+00
  1.2333599e+01
  1.1559567e+01
 -5.9109025e+00
 -1.5569668e+00
  8.1967509e-01
 -2.8813646e+00
  3.3243871e+00
  3.5797050e+00
  2.0045230e+00
  3.2485604e+00
  4.9268899e+00
  1.5782622e+00
  6.9592557e+00
 -3.0236831e+00
  1.1533780e-01
  6.0266867e+00
 -3.7795670e+00
  5.4071528e-01
  3.5555530e+00
  6.7751570e+00
  6.8741697e-01
  2.3585749e+00
 -2.3393202e+00
 -5.8940778e+00
 -2.5008736e+00
  9.5031917e-01
  1.1461873e+00
  3.3120844e+00
 -2.4241168e+00
 -5.0830787e-01
 -7.0735884e-01
  1.7856675e+00
  1.7485904e+00
  1.6430081e-01
 -2.0289702e+00
 -3.0905905e+00
  3.1812558e+00
  2.5182948e-01
 -9.5645065e+00
  1.0036991e+00
  2.0979943e+00
  3.7561211e-01
 -3.7317421e+00
 -8.0236320e+00
 -3.5164859e+00
  5.2237111e-01
  4.2139521e+00
  2.5448036e+00
 -1.1504304e-01
 -8.3057922e-01
 -7.6765971e+00
  8.8623409e+00
  3.2893152e+00
 -3.7450316e+00
  8.9292133e-01
  3.3979771e+00
  4.7641075e-01
  3.9599168e+00
  6.3402777e+00
  3.1898384e+00
 -8.7118177e+00
  4.0834441e+00
 -2.5618091e+00
 -1.5423713e+01
  1.2802012e+01
 -8.5623417e+00
 -8.0723852e-02
 -5.5707102e+00
 -5.1295638e+00
 -4.1644912e+00
  3.0282853e+00
  3.1100793e+00
  3.1734893e-01
  6.2545161e+00
 -3.4338009e-01
 -4.0710902e-01
  3.1113939e+00
  1.2329752e+00
  6.1184764e-01
 -1.3804170e+00
  5.2932966e-01
  1.9248998e+00
  1.3482570e+01
 -4.5543218e+00
 -2.8632598e+00
 -1.1413564e+01
 -2.5746725e+00
 -8.6614466e+00
  2.7903302e+00
 -6.9535646e+00
 -1.5985456e+01
  2.8816123e+00
  2.6223740e+01
  5.6713414e+00
 -1.0182379e+00
  1.2147243e+00
 -1.2895545e+00
  9.6041126e+00
  3.3388996e+00
 -3.2942083e-01
 -6.9256872e-02
 -2.6553013e+00
 -1.3876409e+01
 -2.1412497e+00
  2.0742951e-01
 -3.6293879e+00
  5.6664367e+00
 -2.0966201e+00
 -3.5293744e+00
  4.3867970e+00
  2.3621545e+00
 -2.2878492e+00
 -4.6414790e+00
  1.8361877e+00
  2.8485332e+00
 -8.1898212e+00
  1.0610843e+01
 -7.6948774e-01
  4.3668923e+00
 -1.5081907e+01
  9.8142071e+00
  2.1640124e+00
 -1.8538244e+00
 -8.1161718e+00
 -1.5452900e+01
  2.2225006e+00
  1.8886585e+00
  2.9516168e+00
 -4.2096624e+00
 -3.6481707e+00
 -5.1186895e+00
  4.6076322e+00
 -1.4918464e+00
 -5.4044695e+00
  8.8705486e-01
  1.3089875e+00
  3.0199054e-01
 -2.7321854e+00
  4.6838851e+00
 -1.7941676e+00
 -4.7124872e+00
  2.2699239e+00
  9.3781459e-01
  1.2307755e+01
  5.4448420e-01
 -3.3683029e-01
 -1.1800647e+01
  7.0070443e+00
  3.6633236e+00
 -1.8603409e+01
  2.5876796e+00
  3.3372591e+00
  7.9424124e+00
 -3.2302768e+00
  1.1519799e-01
 -9.2494755e+00
 -2.4844868e+01
 -1.7487910e+00
  4.8470173e+00
  2.4989793e+00
  7.3189139e+00
 -5.1693053e+00
 -5.5561393e-01
 -9.1894604e-02
 -9.1321307e-01
  3.0334044e+00
 -7.9901590e+00
  6.5806417e+00
 -2.6969370e-01
  4.7003632e+00
 -1.8280997e+00
  1.3807248e+00
 -7.7340231e+00
 -4.7816916e+00
 -1.5997970e+01
  3.5305328e+00
  1.0645263e+01
 -7.5667467e+00
  6.8155499e+00
  5.6124740e+00
 -9.7124043e+00
 -8.3891268e+00
  6.8638148e+00
 -9.1040783e+00
 -3.0707836e+00
  2.1948643e+00
  1.0065498e+01
  7.7772851e+00
  2.6421905e-01
 -3.8815689e+00
 -2.6022770e+00
  2.0673947e+00
  2.5874176e+00
 -7.3320806e-01
  9.8800570e-02
  4.5194650e-01
  3.9893689e+00
  5.9007163e+00
  5.3387733e+00
 -8.8538200e-02
 -7.1222758e+00
 -3.6417603e+00
 -1.3420906e+00
  2.2951286e+00
  5.5625296e-01
 -4.5405254e+00
  4.5459428e+00
  2.3589294e+00
  4.2764235e-01
 -1.8205885e+00
 -1.7840420e-01
 -5.8824668e+00
 -3.4317966e+00
 -6.8938298e+00
  7.9324985e-01
 -5.1923323e-01
 -2.8324950e+00
 -2.2310274e+00
  5.4748306e+00
 -5.3762918e+00
  4.1036677e+00
  6.4371943e+00
  1.2990602e+01
 -1.6933268e+00
 -3.5582054e+00
 -1.5224097e+00
 -1.4795776e-01
 -3.3621142e+00
  1.8376514e+00
 -4.8627391e+00
 -5.7674317e+00
 -6.3521247e+00
  2.1870579e-01
 -1.0050442e+01
  4.8446093e+00
 -5.4687858e-01
 -4.3517661e+00
  3.9174690e+00
  4.7596402e+00
 -4.4339409e+00
  3.5096569e+00
 -1.0527801e+01
  8.4182730e+00
  4.8658214e+00
 -2.1904638e+00
  5.3139377e-01
 -4.2309208e+00
 -2.3585527e+00
 -1.2834870e+00
 -9.3281803e+00
 -3.7680840e+00
 -2.6694608e+00
  8.1409302e+00
 -6.2765025e-02
  1.8106868e+00
 -5.0297780e+00
 -1.5776573e+01
 -7.4109550e+00
  1.7117319e+01
  1.1020421e+01
 -1.7404467e+00
 -2.5154431e+00
 -1.1255219e+00
 -2.9450841e+00
 -1.6940715e+00
 -1.7609313e+00
  1.0549747e+00
 -1.6096473e-01
  2.2934577e+00
 -1.0789986e+01
 -4.6819992e+00
  2.3841832e+00
 -8.9785213e+00
  5.3586931e+00
  3.1659634e+00
  2.0367057e+00
  4.9165001e+00
  2.2304301e+00
 -8.9383364e+00
  5.0104456e+00
  1.9293758e-01
 -4.8377571e+00
 -3.0082629e+00
 -1.6275610e+00
  6.1696625e+00
 -6.2706333e-01
 -4.4279490e+00
  4.2174864e+00
 -8.9857492e+00
 -2.9258189e+00
 -4.4482379e+00
  2.7605915e+00
  1.3738348e+00
 -3.8349620e-01
  8.5156708e+00
 -6.1963493e-01
  5.1921072e+00
  6.8575330e+00
  3.4972007e+00
  2.1437342e+00
  8.4302483e+00
 -6.7329974e+00
  2.6005375e+00
  5.4626279e+00
 -2.7869338e-01
  1.8566965e+00
 -1.6996723e+00
 -2.5455599e+00
  3.9636617e+00
  2.4143257e+00
  3.2342677e+00
 -4.8415394e+00
  3.6166453e+00
 -2.8461952e+00
 -1.2345312e+00
 -2.1995640e+00
 -2.0420675e+00
  1.1606869e+01
 -1.7659868e+01
 -8.1758022e+00
  1.5176394e+00
 -2.0478222e+00
  7.7963147e+00
 -2.6150279e+00
  1.1473205e+01
  1.6331905e+00
  5.2264938e+00
 -4.6630466e-01
 -2.2503104e+00
  1.7334509e+00
 -4.2651019e+00
 -2.5048362e-02
  3.9578118e+00
  2.3815928e+00
  1.2680275e+00
 -1.4454743e+00
  2.6925802e+00
  3.4924650e+00
 -2.8041573e+00
 -2.3554897e+00
  7.2267299e+00
 -1.1306104e+01
  4.5855312e+00
 -4.7735432e-01
  3.9089990e+00
 -4.3748803e-02
 -2.5707190e+00
 -3.5682774e+00
 -2.5568478e+00
 -4.6123452e+00
 -2.5290382e+00
  1.4202154e+00
  2.2481325e+00
 -6.3168383e+00
 -1.4048550e-01
 -5.7078665e-01
  1.3430853e+00
  2.9573886e+00
 -1.9339123e+00
 -1.9473945e+00
  2.1134908e-01
  3.0441773e-01
  1.6832066e+00
  3.9076033e+00
 -7.0741886e-01
 -4.1950288e+00
  4.5945082e+00
  2.2749217e+00
  1.1078218e+01
 -1.1305237e+00
 -7.2551093e+00
 -2.4569397e+00
 -5.0894179e+00
 -4.6608858e+00
 -5.4142666e+00
 -3.2418163e+00
 -2.3539991e+00
 -1.7388701e+00
 -2.6551446e-01
 -2.8460906e+00
  1.1052771e+01
  5.7760149e-01
  1.9337672e+00
 -1.5056505e+00
 -1.4126849e-01
 -2.3631501e-01
 -1.4562823e+00
  2.1491227e-01
  5.0550276e-01
  1.5417546e+00
 -1.1246072e+00
  1.1205367e+00
 -1.9733484e-01
  1.6274571e+00
  1.9164102e-01
 -2.2950149e+00
  3.1614503e-01
 -5.9791380e-01
 -7.0506614e-01
 -7.9818469e-01
  1.1516571e-02
  3.8899952e-01
 -6.0316211e-01
  2.2304087e+00
 -1.8071027e+00
  1.4116249e+00
 -7.8298974e-01
 -1.5285406e+00
 -5.6826663e-01
 -4.1495216e-01
  4.5991483e+00
 -2.0111234e+00
  3.2847455e+00
 -1.7117751e+00
 -9.3452787e-01
 -1.4538518e+00
  8.8075727e-01
  5.5024476e+00
 -3.6652374e+00
  9.4728813e+00
 -7.7371925e-01
  4.6151547e+00
 -1.3504486e+00
 -6.4565980e-01
  2.7340355e+00
 -7.2686214e+00
  6.6622114e+00
  4.8412938e+00
 -1.2374245e+01
 -2.9144053e+00
  7.9884610e+00
  3.9519634e+00
 -1.2733783e+00
  1.0691741e+01
 -1.1059659e-01
 -4.7118144e+00
  7.3488718e-03
  2.2156734e+00
 -1.3701096e-01
 -8.9906883e+00
 -3.1937668e-01
  5.3410977e-01
  7.7269750e+00
  4.2162766e+00
  4.9620070e+00
 -2.7851646e+00
 -2.6534071e+00
 -6.8651867e+00
  2.2239025e+00
  6.1298680e+00
  1.3319657e+00
 -7.6069384e+00
  1.7586519e+00
  1.4554360e+00
  8.8003788e+00
 -1.2634606e+01
 -4.7541733e+00
 -5.6224937e+00
  3.4704552e+00
 -1.1548709e+01
  8.7990437e+00
 -1.0575807e+00
 -8.0155287e+00
 -3.5803277e-02
  5.9907160e+00
  1.4483486e+00
  4.0953455e+00
  3.5476015e+00
 -5.5365658e+00
  4.4658908e-01
  6.7451653e+00
  4.1627860e+00
 -8.4530630e+00
  6.7854638e+00
  1.0692438e+01
 -8.2746181e+00
 -1.0150917e+00
  1.8688189e+00
  1.1838657e+00
  1.0849007e+01
 -7.4244766e+00
  1.3552207e+00
  8.1039619e-01
 -1.3480885e+00
  1.7012831e+00
 -4.1461115e+00
  9.4783983e+00
  9.0641624e-01
 -2.3097959e+00
  2.1095281e+00
  5.6091766e+00
  1.0889629e-01
 -6.2531018e+00
  2.1967394e+00
 -7.2433276e+00
  4.1549058e+00
 -8.6193991e+00
  2.5662985e-01
  3.5638540e+00
  2.7769086e+00
 -4.6962924e+00
 -2.3251855e+00
 -4.4790020e+00
 -9.2966825e-01
  3.3818316e+00
  8.3857594e+00
  6.9955950e+00
  3.7977817e+00
 -3.3295577e+00
  8.1236343e+00
 -7.9355392e+00
 -1.0485645e+01
 -6.9051142e+00
 -6.2679416e-01
  8.8196063e-01
 -1.1295835e+00
  9.6910226e-01
 -1.1813606e+00
  9.8476639e+00
  4.2542572e+00
  3.4258192e+00
 -5.2845631e+00
  1.2911094e+01
  1.6758920e+00
  6.7804165e+00
 -1.0060895e+01
 -2.0052905e+00
 -1.5262293e+00
 -2.7322733e+00
  1.2431439e+01
 -1.5701200e+00
  3.5244513e+00
 -1.8511535e+00
 -1.3721013e+01
  1.4802724e+00
 -6.4522967e+00
  1.2097105e+00
  7.6687831e-01
 -3.7362790e+00
  1.9621403e+00
 -2.4262378e+00
 -1.9095869e+00
 -1.5848485e+00
 -4.1970925e+00
  6.3910356e+00
  6.4448899e-01
  6.1805063e-01
  3.2281613e+00
  3.4571006e+00
 -3.5765636e+00
 -6.0362196e+00
 -1.5263107e+01
  1.1504915e+01
 -2.0514811e+01
 -4.9651523e+00
  1.1036283e+01
  4.8683167e+00
 -1.0505300e+01
  9.7114766e-01
  4.0439372e+00
  7.6330537e-01
 -8.8522415e+00
 -1.0716743e+01
  1.3646402e+01
  1.6218263e+00
 -5.0086588e-01
  2.0779061e+00
 -1.1177565e+01
 -3.1476936e+00
  1.0047355e+01
  4.1601309e-01
 -7.9787574e+00
 -3.2745953e+00
  2.7361658e-01
 -9.1297197e+00
  2.8283260e+00
 -5.7410234e-01
 -1.2165065e+00
 -3.8874052e+00
  7.8943586e+00
  1.1630200e+01
 -7.0017347e+00
 -4.9468222e+00
 -2.1648293e+00
  8.0437546e+00
 -5.4657378e+00
  8.5031614e+00
  1.4681742e+01
 -3.6210504e+00
 -1.0382267e+01
 -7.6052694e+00
 -4.3071346e+00
  1.4060147e+00
  4.8892841e+00
 -3.5929055e+00
 -1.5248492e+00
 -7.3146653e+00
 -9.7936845e-01
  6.6534414e+00
  4.0588510e-01
 -2.6582196e+00
  4.3864498e+00
  7.0718198e+00
  2.9844093e+00
  1.2987802e+00
 -2.4286523e+00
  6.5190476e-01
  8.7797403e+00
  1.3474003e+01
  7.3977699e+00
  5.2581444e+00
  7.4871578e+00
  3.0351212e+00
 -1.9122484e+00
 -1.3381093e+00
 -4.9464869e+00
  2.1281970e+00
 -2.0251567e+00
 -7.0696545e-01
  1.6668983e+01
 -1.4214551e+01
  3.1893444e+00
  1.3547260e+01
 -1.1841171e-02
  1.4907472e+00
  4.9160056e+00
  6.6509819e+00
  9.3608075e-01
 -8.4822142e-01
 -8.7059754e-01
 -8.3910074e+00
  1.1190892e-01
 -2.7106256e+00
 -1.9044468e-01
 -7.1106863e+00
  1.5632217e+00
  8.0698073e-01
 -2.8781803e+00
 -2.7312727e+00
 -1.1068758e+00
 -1.4416422e-02
  3.0171974e+00
  2.1146712e+00
  1.8019556e+00
  1.8047583e+00
  6.9726658e+00
  5.1544124e-01
 -2.8469234e+00
  2.2584087e-01
  3.6397309e+00
  5.8719718e-01
  5.0228357e-01
 -4.5832753e+00
 -5.5290117e+00
 -3.6877244e+00
  4.1268325e+00
  6.8850869e-01
  6.4444094e+00
  4.0366960e+00
  2.2465413e+00
 -4.3269162e+00
 -3.4521549e+00
 -9.3965549e+00
 -1.3659313e+00
 -8.7436533e+00
  1.6802082e+00
  5.7438002e+00
  1.7940390e+01
  7.7718544e-01
  2.8912017e+00
 -7.3264928e+00
 -1.8522291e+01
  6.3871264e+00
 -2.8888363e-01
 -6.2164650e+00
  5.5536276e-01
 -1.1045346e-01
  5.9142728e+00
 -1.4370010e+01
 -1.0606013e+01
 -1.4246293e+01
  9.7134739e-02
 -5.5094975e-01
 -3.4264529e+00
 -2.8194239e+00
 -4.6156902e+00
  7.9915327e-01
  2.3573508e+00
 -1.8347185e+00
  2.4210873e+00
  1.7257801e+00
  7.5406208e+00
  1.5580435e+00
  3.0884597e-01
 -2.6331947e+00
 -2.2580030e+00
 -4.4443927e+00
 -1.7857435e+00
  2.8750868e+00
 -2.5776916e+00
 -7.5938594e-01
  2.3795161e+00
 -2.7574096e+00
  7.8117428e+00
 -5.2216043e+00
 -3.2774150e+00
  3.1715782e+00
  5.1455898e+00
 -5.5342636e+00
  3.6987667e+00
 -9.9847275e-01
  8.3449680e-01
 -2.8313303e-01
  1.4813641e-02
  1.9226887e+00
 -4.8581572e+00
 -6.5605364e+00
 -1.5205307e-01
  2.2133698e+00
 -2.0735753e+00
  1.2756509e+00
 -3.5221311e-01
  1.1960108e+00
 -5.4109323e-01
 -9.8917621e-01
 -1.0610016e+01
  1.0728872e+01
  2.4404085e+00
 -4.0478950e+00
  2.0832539e+00
  4.1229162e+00
  1.7355301e+00
 -3.3828551e-01
 -1.7370749e+00
  6.4364409e-01
 -4.1543617e+00
 -2.9606133e+00
  5.6304526e+00
  6.9682747e-01
 -1.2580950e+00
 -4.9955466e-01
  4.8004550e-01
  1.0422832e+00
  9.5831150e-01
  2.5878646e+00
  2.9408295e+00
 -3.8734034e-01
 -7.2141008e+00
 -6.2092882e-01
 -1.0107642e+00
  4.5216393e+00
  8.4098816e-01
 -3.9498633e-01
  2.5988886e+00
 -2.0077207e+00
  3.3134854e+00
 -1.2689387e+00
  8.8220185e-01
 -1.6904705e+00
  5.8497429e+00
 -1.2114668e+00
  1.0314841e+00
  8.3247967e+00
  2.5483608e-01
 -6.3952303e+00
  1.1906674e+00
 -4.5699139e+00
  1.0437077e-01
 -7.9843378e+00
  2.4231503e+00
  3.7375727e+00
  1.1528181e+01
  2.4470866e+00
 -1.0275737e+01
 -1.5798261e+00
 -1.8929888e+01
 -2.5900531e+00
 -1.5916830e+00
  2.6017860e-01
  8.2970703e-01
 -9.6079817e+00
 -4.7088475e+00
  1.6086545e+00
 -3.3567100e+00
  5.5114012e+00
 -5.3599057e+00
 -1.1797538e+00
  2.8963358e+00
 -6.7272801e+00
 -4.7847867e-02
  2.7879269e+00
 -7.4528158e-01
  2.5048373e+00
 -1.1170667e+01
 -6.6946883e+00
 -7.8798094e+00
 -1.7953798e-01
  8.2388151e-01
 -2.0212405e+00
  1.6189930e-01
 -2.7210727e-01
  4.4934721e+00
 -6.7097652e-01
  2.0915914e+00
 -1.0335013e+01
  2.2041712e+01
 -3.9899220e+00
 -1.3060073e+01
  2.6089122e+00
  5.0941620e+00
 -3.6106050e+00
  5.8130875e+00
  7.3645272e+00
  7.1938592e-01
 -1.2453083e+01
 -2.1190715e+00
  1.1194362e-01
  7.8978982e+00
  1.7523290e+00
  3.6636012e+00
  1.3458014e+00
  1.7771267e+00
 -8.1977148e+00
 -2.9533944e+00
  1.9967258e+00
  1.1448883e+01
  8.6820545e+00
  3.2445312e+00
 -1.0822768e+01
  1.0571460e+01
 -6.3751693e+00
 -2.1902575e+00
  7.7679884e-01
 -5.9066200e+00
  1.3978328e+00
 -6.0085783e+00
  5.4572453e+00
 -1.2769034e+01
 -4.1979184e+00
 -4.8166022e+00
 -8.0513465e-01
  4.3898129e+00
  2.6383491e+00
 -2.3515718e+00
  1.8221457e+00
 -1.3379695e+00
  4.7489944e+00
  1.1083663e+00
 -3.2835165e-01
  6.4524209e-01
  2.2185967e+00
 -2.6964417e+00
 -4.2662945e+00
  1.3134382e+01
 -1.6306907e+00
 -2.2374198e+00
  2.2439033e-01
 -2.6884580e+00
 -2.8944755e-02
 -8.0035009e+00
  1.7291095e+00
  8.3880892e+00
  3.7162584e-01
 -6.4859791e+00
  1.1814502e+00
  3.6058474e-02
  4.8353892e-02
  1.2947435e+00
 -1.7261950e+01
 -6.0560125e-01
  2.4290543e+00
  2.0349977e+00
 -1.3383915e+01
 -2.3500459e-01
 -2.2760463e+00
 -3.3628213e+00
 -1.7551991e+00
  5.1003653e-01
 -1.3290849e+00
 -1.6036309e+00
 -6.0195273e-01
  4.5949621e+00
 -3.4453306e-01
  3.3629367e+00
  4.9125061e+00
 -3.9718118e+00
  4.3543191e+00
 -4.4536791e+00
 -5.1931067e+00
 -1.3544515e-01
 -3.9120760e+00
  1.5622144e+00
  3.0771322e+00
 -4.1723046e+00
 -1.2886260e+00
  4.2832232e+00
  2.5292099e+00
  1.4686122e+00
  4.4768351e-01
 -3.1787672e+00
  8.6845422e-01
 -8.4839678e-01
  4.0180209e-01
  6.5998745e-01
  4.4509634e-01
  9.2638272e-01
 -2.3137739e-01
 -1.5041057e+00
 -8.1586622e-02
 -1.8287883e+00
  2.4885958e-01
  1.6454647e-01
  1.5037371e-01
 -7.5073421e-01
  1.0936729e-01
 -6.5768421e-01
 -4.0022847e-01
  2.3722548e+00
  5.1127076e-01
 -1.2978619e+00
  7.5174975e-01
  1.7571397e+00
 -6.1001068e-01
 -1.0288648e-01
  1.3404187e+00
  1.3417457e+00
 -2.4979511e-01
 -4.7418103e-01
  2.4623802e+00
  8.4577572e-01
  3.0919546e-01
 -3.1836257e+00
 -4.7942501e-02
  6.2333906e-01
  1.6290272e+00
 -2.1299785e-01
 -6.8977010e-01
 -6.6563970e-01
 -1.4014914e+00
  8.5320365e-01
  2.3949921e+00
 -9.1407555e-01
 -8.2167792e-01
 -5.7895428e-01
  7.1425128e-01
  4.0417683e-01
  2.4033965e-01
  4.2826197e-01
 -6.6910434e-01
 -1.5633147e+00
  1.9133943e-01
 -5.0766194e-01
 -2.6517826e-01
  2.5760210e-01
  2.2696894e-01
  1.1834959e+00
 -6.4702287e-02
 -7.2350252e-01
  2.2114339e+00
 -9.3546003e-01
  9.1014045e-01
 -9.7207502e-02
 -1.5270868e-02
  2.6186390e+00
  1.0080303e+00
 -3.8694584e-01
 -1.5070547e+00
 -2.3644426e+00
  1.0473911e+01
 -5.4682595e-01
 -2.5553789e+00
 -3.7597351e+00
  5.1415486e+00
  7.7760072e+00
  1.5688760e+00
 -3.5426471e+00
 -2.7954450e+00
  6.0961447e+00
  3.5985739e+00
 -2.1239843e+00
 -5.1327622e-01
 -6.7071762e+00
 -3.9204576e+00
 -3.6279979e+00
  2.0018017e+00
  6.2020767e-01
 -1.5678415e-01
 -6.0205383e+00
 -1.6295134e+00
  5.5556669e+00
 -8.6265767e-01
 -7.1506424e+00
  4.8347006e+00
  5.7461794e-02
  1.7718089e-01
 -5.0365720e+00
  3.9283648e+00
 -2.4443738e+00
 -3.0983887e+00
  7.1511660e+00
  9.5675904e-01
  4.8578057e+00
 -3.0873868e+00
  8.5684090e+00
 -3.1806624e+00
 -2.0862470e+00
 -6.7661133e+00
 -4.1635332e+00
 -3.0521579e+00
  3.3243449e+00
  2.5016692e+00
 -1.1106770e+00
 -4.6446618e-01
 -2.0949900e+00
  5.2273315e-01
  1.4001641e+00
  1.8150877e+00
 -4.3663734e-01
  5.4008117e+00
 -1.4888539e+00
 -1.2069449e+00
  1.6720916e+00
 -1.1838437e+00
 -2.8843784e+00
  2.7530234e+00
 -2.1960735e+00
  2.4630964e+00
 -1.0894330e+00
 -5.5700886e-01
  1.4385933e+00
  4.0676516e-01
  5.4467726e-01
  5.7224149e-01
  1.3135896e+00
 -4.7179155e+00
 -1.9258553e+00
  2.0315532e-01
  1.9939765e+00
  6.1080890e+00
 -1.9672495e+00
 -1.0111759e+00
 -4.6738935e+00
 -2.2884605e+00
  2.1987658e+00
  4.4588571e+00
  1.3168205e+01
 -8.7296753e+00
 -9.3054819e+00
 -2.7419496e-01
 -2.3810046e+00
  4.1780111e-01
 -1.8112422e+00
 -1.5057539e+00
 -3.7711024e+00
 -2.8057644e+00
  3.3222580e+00
  2.5266927e-01
  1.4523588e+00
  1.4467715e+01
  5.1577342e-01
  2.9973135e+00
  4.0437641e+00
  5.0408549e+00
  3.1653056e-01
 -1.2238660e+01
 -1.3840358e-01
  1.0974500e+00
 -5.5408306e-02
 -8.9056387e+00
 -5.9592671e+00
  1.3317591e+01
  2.9893465e+00
  7.4844599e+00
 -3.3888962e+00
 -3.5693018e+00
  1.7835395e+00
  3.9348335e+00
 -5.9086342e+00
  2.8117928e-01
  3.0187991e+00
 -3.9408097e+00
  3.6751020e+00
 -1.8921349e+00
 -1.8841771e+00
  3.3491721e+00
  1.0064808e+00
  4.5640192e+00
  2.8527477e+00
 -2.9282539e+00
  5.5402274e+00
  1.1338320e+01
  2.4337389e+00
  1.3436041e+00
  1.1602131e+01
 -4.3425078e+00
  1.4613782e+01
  7.7669364e-01
  3.8875217e+00
 -3.8084047e+00
 -8.4142284e+00
  2.0191340e-01
  1.3286080e+00
  1.6222464e+01
  1.0759959e+01
 -3.0524304e+00
 -2.7266176e+00
 -1.8050978e+00
 -3.2978842e+00
 -1.1340419e+01
 -9.4395202e-01
 -1.8694079e+00
 -3.9802287e+00
  4.6259394e+00
  1.4875753e+00
 -2.9007924e+00
 -4.8864663e-01
  2.7106363e-01
 -9.6305948e-01
 -9.9762846e-03
  6.0748857e-01
 -1.0397639e+00
 -1.1458846e+00
  1.3817047e+00
 -2.0813951e+00
  5.5647260e-01
 -3.5051119e-01
 -2.4804010e+00
  2.0482855e+00
 -1.4087552e-01
  5.6117660e-01
 -3.7251141e-02
 -1.1770127e-01
 -2.5037367e+00
  3.5008016e+00
 -3.1528721e+00
  9.0428084e-01
 -1.6538461e+00
 -2.0507305e+00
  3.1057866e+00
  2.6322756e+00
  6.1394316e-01
  1.8063927e+00
  5.1624900e-01
  4.2113826e-01
 -3.8901231e+00
 -2.4879882e+00
  1.1499292e+00
  2.0817189e+00
  1.3970209e+00
  3.0015018e+00
  3.8894436e-01
  3.0679122e-01
 -2.1019395e-01
 -4.9480348e+00
  2.5631645e+00
 -5.8854371e-01
  1.3560089e+00
 -1.7979684e+00
  2.0263786e+00
 -2.0859089e+00
  1.5714252e+01
  6.2395387e+00
  6.5880977e-02
  6.0499406e+00
 -5.2976093e+00
 -1.1236222e+00
  8.7212372e+00
  1.2632312e+00
  6.2109499e+00
 -3.4947306e-01
 -3.4633875e+00
 -9.9253130e-01
  4.9513812e+00
 -4.1699672e+00
 -4.2491298e+00
 -1.6553973e+00
 -2.0436478e+00
 -4.5395141e+00
 -2.7279427e+00
  3.8689919e-02
  3.3469958e+00
 -1.2585061e+01
  1.0610499e+01
  2.0049375e-01
 -1.5579535e+00
  1.8961215e+00
 -7.9780526e+00
  6.9548221e+00
  1.1952375e+00
  1.3988676e+00
 -5.9991536e+00
 -1.0949598e+01
 -1.3211603e+00
  1.1870361e+01
 -8.0106676e-01
 -5.7622089e+00
 -1.6431383e+01
  8.8746634e+00
  1.7822151e+01
  7.1958488e-01
  8.8370532e-02
  1.8787035e+00
 -2.2999032e+00
  4.0567026e+00
 -6.3231117e-01
 -3.9775782e+00
  5.8491492e-01
  4.2014732e+00
  9.7775358e-01
 -2.2724190e+00
 -9.0955842e-01
  4.4277921e+00
 -2.0029531e+00
 -2.8602307e+00
  1.2043489e+00
 -3.5906284e+00
 -3.1598604e+00
 -1.6679626e+00
  1.0915730e+00
 -3.3804007e+00
 -1.1987476e+00
  3.4792597e+00
  1.8267466e+00
  4.8574643e+00
  1.9612868e+00
 -3.4993525e+00
 -1.1557953e+00
  5.0744307e-01
  1.3851834e+01
 -6.9514856e+00
  4.6806458e-01
 -1.4127315e+00
 -2.6038926e+00
  9.4446343e-01
 -5.1588287e+00
  4.0937529e+00
 -2.3383749e+00
 -8.1392056e-01
 -1.4513288e+00
  1.8235906e+00
 -3.5317345e+00
 -8.3792362e+00
  3.3860774e+00
 -6.0002822e-01
  3.1680877e+00
 -7.6399827e+00
 -2.7222533e+00
  1.1448276e+01
  8.3400698e+00
 -9.6835451e+00
  7.5467527e-01
 -8.9686221e-01
  8.0052131e-01
 -2.5769359e-01
 -7.5864249e-01
  5.7422972e+00
  1.7731604e+01
 -1.9717108e+00
 -2.6944149e-01
 -1.0677377e+01
  7.7238698e+00
 -9.5730715e+00
 -4.5049267e+00
 -3.0947077e+00
 -1.9165037e+00
  1.0248868e+00
  2.1047525e-01
 -6.2277012e+00
  3.4397759e+00
 -1.0303061e+01
  3.9739513e-01
 -1.8108667e-01
 -1.1153798e+00
  3.7845500e+00
  9.8956451e+00
  1.2354735e+01
 -8.5870390e+00
  4.5393443e+00
 -6.9193811e+00
  4.4910131e+00
  1.7601326e+00
  3.8779745e-01
  2.4078906e+00
  6.7332101e-01
 -1.9182988e+00
  2.7418489e+00
  4.9731464e+00
 -2.9098046e+00
 -2.8580189e-01
 -1.2362070e+01
  5.4939473e-01
 -2.9152842e+00
 -3.6675339e+00
 -2.4672108e+00
  6.0477147e+00
 -1.9575712e+01
 -4.6966434e+00
 -1.2191287e+01
 -9.7809687e+00
 -3.2164433e+00
  3.2478325e+00
  1.0145972e+00
  8.3340187e+00
  1.4959687e+01
  3.8418059e+00
  4.8097582e+00
  5.7568727e+00
  5.7899885e+00
 -4.4821539e+00
 -1.9670281e+00
  1.4900607e+00
  4.2230754e+00
  6.1754169e+00
  9.4825001e+00
  4.7241502e+00
 -7.2064581e+00
 -3.6898558e+00
 -7.6589074e+00
  1.4451333e+00
 -5.9056478e+00
  1.4223710e+01
  8.4382086e+00
  7.6820350e-01
  2.3218513e+00
 -2.3385937e+00
 -3.7757571e+00
  3.4650497e+00
  3.5586107e+00
 -2.0710905e+00
 -1.4578151e+00
  4.3970017e+00
  4.5924547e-01
  8.2101860e+00
 -1.0938733e+00
 -1.4077693e-01
  7.5717044e-01
  1.0203881e+01
  6.4720613e-01
  2.3648741e+00
 -3.2962534e+00
 -4.2517953e+00
  8.4136600e+00
  3.4438469e+00
  3.9855497e+00
 -1.5473189e+00
  8.0590701e-01
 -1.1710430e+01
 -4.0312233e+00
  6.1504984e+00
  2.2545049e+00
 -2.2090459e+00
  7.3485913e+00
  4.5110617e+00
  8.3483324e+00
 -1.9317048e+00
  6.4388242e+00
  4.1849422e+00
 -1.0933727e+00
  7.1085134e+00
 -4.2485056e+00
 -5.0516529e+00
  1.6479578e+00
  1.3662206e+00
 -5.2429738e+00
  1.8756906e+00
 -3.3340545e+00
 -9.8675346e-01
  5.5278969e-01
 -9.4068414e-01
  1.1878967e+00
 -7.2076887e-02
  3.0881360e+00
  6.2673247e-01
 -3.9303547e-01
 -2.3855398e+00
 -4.6275706e+00
  1.5142933e-01
  2.1228468e+00
 -2.6080656e+00
 -7.8966389e+00
  6.0075216e-02
  8.4409180e+00
 -4.4671311e+00
  3.4556291e+00
  1.4666364e+00
 -1.2854166e+00
 -6.2771153e+00
 -3.0203483e+00
  3.6415541e+00
 -9.4549233e-01
  3.7348874e+00
  5.4511070e-01
 -1.0547473e+00
 -6.7417827e+00
 -6.7067504e+00
 -2.5354329e-02
 -1.0373988e+01
 -6.9090390e-01
  9.1395724e-01
 -1.3815839e+00
  2.4160743e+00
 -2.3415651e+00
  7.3617959e-01
 -1.0886406e+01
 -2.0175061e+00
 -4.9496017e+00
 -1.7526405e+00
  5.5619817e+00
 -1.7528384e+00
  1.1717805e+01
 -1.2651696e+00
 -3.0600169e+00
 -3.5733700e-01
  4.2003913e+00
 -4.3003600e-02
  2.3292835e+00
  3.0551144e-01
  3.0638413e+00
  2.3722919e+01
  9.8835325e-01
 -8.2000571e-01
 -6.4031982e-01
 -2.2031099e-01
  3.8911793e-01
 -1.9489752e-01
 -1.1200021e-02
 -1.0772600e+00
 -1.6879343e+00
  3.3043629e-01
  4.5101953e-01
 -2.6883893e+00
 -4.2177191e-01
  3.3128283e+00
 -7.2183710e-01
 -1.3374224e+01
  7.8845030e-01
 -4.7449309e-01
 -3.6910872e+00
  4.6741982e+00
  2.7347846e+00
  4.3507543e-01
 -1.4217277e+01
 -2.2257817e+00
 -1.0093101e+00
 -3.0063429e+00
  3.8885715e+00
  1.5511503e+00
 -1.2236726e-01
 -1.9487354e+01
  1.0213985e-02
  1.1940414e+00
 -9.6589756e+00
  4.0880079e+00
  3.9901192e+00
 -9.4403833e-01
 -3.3540375e+01
 -7.2294343e-01
 -1.3469753e-01
  7.0426174e-02
  2.8194921e+00
 -3.6072648e+00
  4.8904204e+00
 -2.4944628e+01
  6.3534856e+00
 -1.4712804e+01
  1.2910280e+01
  4.8559198e+00
  1.8695848e+00
  7.3123465e+00
  7.7640028e+00
 -7.1837463e+00
 -1.6610328e+00
 -2.8052032e-01
  3.1440613e-01
  1.1210995e+00
  1.0281683e+00
 -1.6715469e+00
  3.8244340e+00
  6.9450510e-01
  1.1673303e+00
 -2.5588316e-01
 -4.7915115e+00
  1.7855303e-01
  2.1754014e+00
  1.9493604e-01
  1.4736866e+00
 -1.2567234e+00
  7.3793137e-01
  3.0290725e+00
 -5.7525606e+00
 -1.0036569e+00
 -5.9321541e-02
 -1.2341075e+00
 -2.6384428e-01
  6.0036321e+00
  7.0109682e+00
 -5.3003063e+00
 -5.4302483e+00
  9.5899612e-01
 -3.7745230e+00
  5.4168601e+00
  2.2769390e-01
  5.7086921e+00
 -1.3440219e+00
  1.1966679e+00
 -7.3209994e-02
 -2.0181313e+00
  2.9534934e+00
 -4.7501407e+00
 -8.4198608e+00
  3.0043142e+00
  5.9117615e-01
 -8.5966200e-01
  1.3058524e+00
  9.2797136e-01
 -5.5126643e+00
  1.3303926e+01
 -1.1937651e+01
 -3.9000759e-01
  2.8898315e+00
 -8.5853088e-01
  3.6737614e+00
  9.6868744e+00
 -1.6547438e+01
  1.5447164e+01
  1.2149255e+00
  4.1018095e+00
 -4.4267750e+00
 -2.3312738e+00
  5.1156487e+00
 -2.1860120e+00
  4.6426305e-01
 -1.1998693e+01
 -1.6630458e+00
  2.8233395e+00
 -4.7226491e+00
 -2.3773095e-01
  3.7194231e+00
  6.9207025e+00
  1.4086647e+00
 -6.4040935e-01
  3.5203214e+00
  1.0157241e+01
 -5.6671643e+00
 -7.8133649e-01
 -8.1198778e+00
 -5.3349471e-01
  8.6252193e+00
 -2.6907969e-01
  2.6585252e+00
 -5.0460207e-01
  4.9727721e+00
 -9.6444064e-01
  2.8437891e+00
  2.6549058e+00
 -2.6940775e+00
 -4.0792980e+00
 -7.1978750e+00
  5.0025773e-01
  7.0341748e-01
 -6.9284253e+00
  6.7989674e+00
 -8.3488255e+00
  2.9370315e+00
 -9.9312983e+00
 -6.0724134e+00
 -6.1955791e+00
  1.1200925e+00
 -3.9312451e+00
 -3.6383762e+00
 -1.6852609e+00
 -9.5378858e-01
 -1.7896478e+00
  7.0923901e-01
 -1.1552627e+00
  3.3574648e+00
  1.2033259e+00
 -1.5170863e+00
 -8.1838655e-01
 -1.6635449e+00
  5.3300995e-01
 -8.2777733e-01
 -5.7819591e+00
  3.1908185e+00
 -2.5056932e+00
  1.9188346e+00
 -5.9223752e+00
  4.9135375e+00
 -9.9820358e-01
  6.2373314e+00
 -7.9965049e-01
  1.3025439e+00
 -5.7513471e+00
  9.6429002e-01
 -8.7683039e+00
 -3.5353816e+00
 -1.0548567e+00
  3.8757687e+00
 -6.1429105e+00
 -3.8675280e+00
  8.6144662e-01
 -6.8588619e+00
 -2.7446802e+00
  7.1068048e+00
 -6.7119679e+00
  1.1723114e+00
 -1.0485299e+01
  5.5596194e+00
 -1.1966257e+00
  2.2438678e-01
 -4.3962464e+00
  9.7556887e+00
 -1.7584119e+00
  3.9577265e+00
 -8.6225462e+00
  1.7170973e+01
 -7.0241682e-02
 -6.5850725e+00
 -3.5969048e+00
  5.3337450e+00
 -4.2932668e-01
  9.9336462e+00
 -1.1359340e+01
  1.6336087e+00
 -3.3921192e+00
 -1.7105943e+00
  4.1475492e+00
  3.9150572e-01
  6.9284827e-01
  5.3234806e+00
  2.0739832e+00
  1.0831672e+00
 -1.7836124e+00
  5.9087467e-01
  8.7735951e-01
 -2.2320881e+00
 -1.1715785e+00
  9.3521506e-01
  1.3136915e+00
  1.9133012e+00
 -1.0736241e+00
 -5.8069930e+00
 -5.4662478e-01
 -8.5741168e-01
 -3.2705474e-01
  8.7323313e+00
  1.2559326e+00
 -2.2496345e+00
 -4.4972091e+00
 -3.8114853e+00
  5.7271938e+00
  3.2598573e-01
 -5.9706444e-01
  2.8810704e+00
 -5.8298254e+00
 -1.0861192e+01
  8.4868789e-01
  1.3877691e+01
 -1.1495458e+01
  3.2660787e+00
  1.1780369e-01
  1.8714962e+00
  2.5404599e+00
 -4.2002010e+00
 -6.0240245e-01
  5.4176626e+00
 -1.1165164e+01
  2.3264942e+00
  2.3442769e+00
 -4.8939452e-01
 -2.7277167e+00
  2.1370692e+00
  1.2488921e+00
 -1.9597143e+00
 -1.7695446e+00
 -9.4147329e+00
  2.6150229e+00
  6.5444493e+00
  8.3654594e+00
  6.9830251e+00
  3.6087191e+00
  1.0493567e+01
 -1.2330272e+00
  1.6411890e-01
  6.2910950e-01
  2.8205633e+00
 -5.3019972e+00
 -1.7985569e+00
 -1.3153878e+00
  1.0665024e+01
  1.1230828e+00
  2.6047888e+00
 -5.6666164e+00
 -5.2954588e+00
  1.5413493e+00
 -1.0815088e+01
  3.6102388e+00
  3.0524869e+00
 -2.5361988e-01
 -8.2260532e+00
 -2.4378406e-01
 -5.1327807e-01
  5.7191043e+00
  4.3841262e+00
 -2.7764213e+00
  6.7161398e+00
  3.5379150e+00
 -3.2448220e+00
 -7.7252421e+00
 -3.8642435e+00
 -1.1802131e+00
  1.3446964e+01
  1.6847889e+00
  5.9855089e+00
 -2.9598176e+00
  8.3791075e+00
  1.1943891e+01
 -6.6890869e+00
 -6.3898015e+00
 -4.1320591e+00
  2.4884317e+00
  1.7543571e+01
 -7.6175928e-01
  4.9838071e+00
  4.0577683e+00
 -9.2411488e-01
  7.3398757e+00
  8.9078480e-01
  3.2925894e+00
  1.8150504e+00
 -3.6965711e+00
 -1.0361382e+01
 -3.9958551e+00
  3.1129789e+00
  1.8435212e+00
 -3.0418620e+00
 -5.5007048e+00
  1.8078598e+00
  1.6441448e+01
 -7.3381245e-01
  8.1963092e-01
  7.1614523e+00
  3.1946352e+00
 -3.8596749e+00
  2.5492570e+00
  5.2501688e+00
 -3.0448356e+00
  1.2537961e-01
  2.1853915e-01
 -7.2541604e+00
 -6.7000179e+00
  2.9298282e+00
 -4.3897300e+00
  7.1775419e-01
 -3.9579046e+00
 -5.6970153e-02
  2.6908171e+00
 -3.8417799e+00
  5.2913064e-01
 -1.5228559e+01
  3.0215480e+00
  5.8600936e+00
 -4.5300798e+00
 -4.0871797e+00
 -6.4892292e+00
 -2.1275370e+00
 -8.5962219e+00
 -3.6365769e+00
  2.7608366e+00
 -6.8097389e-01
  4.7959837e-01
 -1.8882062e-01
 -2.3516796e+00
 -6.1980033e+00
  5.2314162e+00
 -3.9029828e-01
  1.5942678e+00
 -1.9090858e-01
 -2.6206691e+00
  3.3111701e+00
  2.1275544e+00
 -3.9961843e+00
 -1.0569251e-02
 -5.1386666e+00
 -7.9428210e+00
  1.0197015e+00
  6.5517883e+00
 -3.5391533e+00
  5.0425644e+00
 -2.8187904e+00
  4.7081962e+00
  5.9301929e+00
 -8.1068373e+00
 -2.4062626e+00
  2.6925254e+00
  4.7933793e-01
 -1.8685498e+00
 -2.3646970e+00
  6.5048084e+00
 -3.8074386e+00
  1.3564676e+01
 -9.7813749e+00
 -6.5010924e+00
  5.9121647e+00
 -3.6288793e+00
  3.9616239e+00
 -8.3323479e+00
  4.8671951e+00
 -3.1120143e+00
  7.6516552e+00
 -2.1412720e+01
  1.9379342e+00
 -5.0770469e+00
 -3.1965368e+00
  4.2474861e+00
 -1.6416405e+00
 -8.3232069e+00
 -2.2522249e+00
  6.2961273e+00
 -7.1638584e+00
  7.8145423e+00
 -4.3243318e+00
 -2.0524561e+00
 -1.2312393e+00
 -5.0767841e+00
 -8.8995771e+00
 -1.1863330e+01
 -6.0394400e-01
 -3.6268520e+00
 -6.5393883e-01
  1.1432831e+00
 -1.0774828e+00
 -9.1228706e-01
  2.6468852e+00
 -9.8444414e-01
 -2.9388185e+00
  2.6026043e-01
  8.7116289e-01
  3.1737473e+00
  4.3355379e-01
 -1.5199213e+00
  2.6714165e+00
  1.2629264e+01
 -4.0237200e-01
  8.7093228e-01
  2.3133299e+00
 -3.9066169e+00
  7.2340804e-01
  2.7208111e+00
  1.0048179e+01
 -2.8484151e+00
  3.8544855e+00
  2.5476355e+01
  8.6665792e+00
 -4.1185870e+00
  1.4216096e+00
 -3.7390864e-01
  4.7602329e+00
 -2.9067700e+00
  7.3143311e+00
  2.0955675e+01
 -2.6345658e+00
  8.7653172e-01
  7.3896210e+01
 -1.6845139e+00
  8.5972557e+00
  2.1418445e+00
  5.8292441e+00
 -4.7725587e+00
 -3.0280237e+00
 -1.1225021e+01
 -1.7833776e+00
  5.8053856e+00
  4.0797710e+00
  3.1991851e+00
 -1.1973252e+01
 -7.6983523e+00
  9.4739914e-01
  4.4373150e+00
 -1.6101340e+00
 -1.1516035e+00
 -1.0853726e+00
  2.5942521e-02
  2.3712038e-01
 -5.1936609e-01
 -1.5633470e+00
 -1.9678569e+00
 -1.8667177e+00
  1.0691988e+00
  9.0904647e-01
  4.3082282e-01
 -4.6880426e+00
 -4.5472226e+00
 -2.5689340e+00
 -1.7080672e+00
 -1.7567313e+00
  4.9486414e-01
 -2.4983847e-01
 -5.2333574e+00
  1.0884728e+00
  1.9461863e+00
  1.0432322e+00
 -6.1924517e-01
  1.9509082e+00
  9.9311352e-01
 -3.6683989e+00
 -2.5326879e+00
  1.0273844e+00
 -8.9361324e+00
  2.6245475e-01
  5.5609030e-01
  1.7396535e+00
 -1.3844932e+00
  9.1552582e+00
  2.9200363e-01
  4.2779322e+00
 -3.5185885e+00
 -8.1343234e-01
  1.7971201e+01
  5.4282660e+00
  2.0469179e+00
  9.3325067e-01
 -9.3974342e+00
  9.5798975e-01
  1.3609800e+00
  1.4421521e+00
  1.7686659e-01
  1.0241081e+01
  6.6863937e+00
 -3.3359146e+00
 -1.5114326e+00
  3.5802031e+00
 -8.5762424e+00
  4.0418916e+00
 -5.8420572e+00
 -5.9572911e+00
 -6.7103086e+00
 -3.9445457e+00
 -1.4474499e-01
 -4.1026115e+00
  1.9355035e+00
  6.4738913e+00
  4.4248443e+00
  4.5413671e+00
  3.6558435e+00
 -1.2158424e+01
  6.4577641e+00
  6.1020403e+00
 -1.1353023e+00
 -5.5381241e+00
  6.8535070e+00
  1.7126913e+00
  4.0333962e+00
  1.9009453e+01
 -4.5562562e-01
  2.1917439e+00
 -4.1778469e+00
  1.1666980e+00
  1.6789253e-01
 -3.6831510e+00
 -9.4749910e-01
  4.3345609e+00
  4.2192665e-01
  5.7041335e-01
 -8.1544620e-01
 -3.4533472e+00
 -3.1787856e+00
  5.9060025e+00
 -3.4582856e+00
 -1.2771638e+01
 -5.6926101e-01
  8.7404823e+00
  1.6250382e-01
  5.4151616e+00
  5.0134077e+00
  1.0288210e+00
 -2.3811200e+00
  5.0718540e-01
 -9.6903257e+00
 -4.2461100e+00
 -1.2503130e+01
  1.4515868e+00
  1.0624212e+00
  2.3735592e+00
 -1.1335689e+01
  1.0429726e+00
  1.3938253e+00
 -6.0727328e-01
  1.1825134e+00
 -3.5906696e-01
  3.2687309e+00
 -1.0102860e+00
 -8.8566399e+00
 -1.3535012e+00
 -3.8200564e+00
 -3.6725941e+00
  5.8064032e+00
 -1.2787782e+01
 -2.0941193e+00
 -1.6915785e+01
 -2.9746726e+00
  3.7204113e+00
 -3.9760366e-01
  2.2908892e-01
  2.3924820e+00
 -7.8421144e+00
 -3.8989121e-01
  5.3462534e+00
 -3.4493566e+00
  1.0340682e+00
  2.1582508e+00
  2.0369253e+00
  2.2283981e+00
 -2.1773636e+00
  4.7983393e-01
  9.0954179e-01
 -1.2274225e+01
  1.0412849e+00
  3.7323670e+00
  2.5084476e+01
  7.4528823e+00
  2.5324590e+00
  4.0084374e-01
 -7.6537189e+00
  7.0167990e+00
  8.8291826e+00
  2.9608698e+00
 -1.5876351e+01
  5.7944064e+00
 -8.4334221e+00
 -2.5374806e+00
  4.3629608e+00
 -6.6864233e+00
 -3.0397577e+00
 -4.9109793e-01
  1.9349142e+00
  4.2577732e-01
 -8.5420322e+00
 -5.7957739e-01
 -5.2680116e+00
 -5.0069290e-01
 -5.7320185e+00
 -5.6711167e-01
 -4.0821028e+00
 -4.1317132e-01
  5.0464177e+00
  3.3696482e+00
 -2.1829410e+00
 -9.3543320e+00
 -7.1117914e-01
  4.6132059e+00
 -6.7956052e+00
 -4.9504228e+00
  9.5053320e+00
 -5.7481279e+00
 -4.7457886e+00
  8.7448349e+00
 -4.6949801e+00
  6.7897277e+00
  9.3468494e+00
  8.5389853e-01
 -2.3447859e+00
 -4.9625854e+00
 -5.4288778e+00
  1.0224870e+01
 -1.1540995e+01
 -4.8984733e+00
 -7.1570506e+00
  8.4504299e+00
 -6.9127321e+00
  1.2545156e+01
  4.7596655e+00
 -1.0500064e+01
 -2.1386514e+00
 -1.6511617e+00
  9.8048854e-01
  8.4457779e-01
  2.3609588e+00
  4.8794718e+00
  1.2878683e+00
  9.2617363e-01
 -1.8310974e+00
 -1.1526484e-02
  6.4196771e-01
  7.0472736e+00
  9.1306204e-01
 -2.0065279e+00
  7.1917981e-01
 -2.6187451e+00
  9.6064014e+00
  1.1852800e-01
 -1.2589244e+00
 -1.6755165e-01
 -5.0044823e-01
  2.0098844e+00
 -2.0693176e+00
 -7.7498889e+00
 -5.6784678e-01
 -3.9554021e+00
  2.3981359e+00
  5.1723456e+00
 -1.7582364e+00
 -3.3763490e+00
  7.3407502e+00
  7.5524797e+00
  2.2776062e+01
 -1.4299660e+00
  2.5161712e+00
 -5.5900230e+00
  3.2884333e+00
  5.9244065e+00
  1.6950779e+00
  1.6000442e-01
  1.7006602e+00
  2.9086468e-01
 -2.1939203e+01
 -6.3950977e+00
 -1.3241599e+01
  1.6958338e+01
 -5.7478271e+00
  5.0812373e+00
 -3.7894208e+00
  2.6076248e+00
  4.8729486e+00
  3.1070359e+00
  2.1446523e-01
 -1.7768551e+00
 -2.7741909e+00
 -3.4292121e+00
 -1.7754568e+00
  4.9784860e-01
  1.6483580e+00
  1.1904240e+00
  2.5072026e-01
 -9.6193480e-01
 -3.9940355e+00
  1.8246554e-02
  6.0128506e-02
 -1.8390720e-01
  1.4509929e+00
  2.7474906e+00
 -1.8458788e+00
 -5.0004964e+00
 -6.3002974e-01
  2.4889996e+00
  2.9468138e+00
  3.5883498e+00
 -2.2582705e+00
 -4.2642145e+00
 -1.7598205e+00
 -5.3935022e+00
  4.6235621e-01
  2.2436380e+00
  1.1311035e+00
 -4.5345144e+00
  4.0812621e+00
  2.2997440e-01
 -8.5611272e-01
  3.9072008e+00
 -2.7087765e+00
  2.3799510e-01
 -8.8845425e+00
  1.0014564e-01
  2.1585448e+00
 -3.4940231e+00
  1.2922956e+01
  5.5705142e+00
  2.3024428e+00
 -2.7851317e-02
  2.9990342e+00
  1.8402083e+00
 -1.5243419e+00
 -2.5871787e+00
 -1.2041069e+00
 -1.9215991e+00
 -8.6904395e-01
  8.5359538e-01
 -2.1305850e+00
 -8.1592607e+00
 -2.1166714e+01
 -2.2417631e+00
  8.2874870e+00
 -8.5270662e+00
 -1.6901083e+00
  1.4634459e+01
 -1.3164315e+00
  1.0101695e+00
 -5.0218644e+00
  2.0064621e+00
 -5.6392866e-01
  1.4873669e+00
  1.5670437e+00
  1.4509028e+01
  1.7983550e+00
 -1.9309107e+00
 -2.9780905e+00
  9.3818426e+00
 -7.3146768e+00
 -5.5096769e+00
  1.8471558e-01
 -7.9386604e-01
 -5.9437118e+00
 -6.0034418e+00
  1.0858333e+01
  3.0244377e+00
  5.2549515e+00
  3.6827788e+00
  4.4788942e+00
 -2.3369975e+00
 -8.2202387e-01
  2.4927112e-01
 -1.3567122e+01
 -1.8905106e+00
  6.7705102e+00
  1.4353516e+01
 -4.3643246e+00
 -1.4475033e+01
  1.4886553e+01
 -1.1250277e+01
 -1.3313697e+01
 -8.1612453e+00
  1.1341722e+01
  5.3754311e+00
  9.3989525e+00
  3.9375589e+00
 -5.3602157e+00
 -2.9660482e+00
 -4.9863367e+00
 -5.8529887e-02
  8.2418126e-01
  5.4619966e+00
  5.5906100e+00
  1.3634946e+00
 -2.7062898e+00
  2.2835727e+00
  4.7386932e+00
 -1.5751965e+00
 -1.0804746e+00
 -8.7208968e-01
  1.0988786e+00
 -1.9014369e-01
 -4.8556061e+00
 -6.6496390e-01
  6.5759200e-01
  6.2073612e-01
 -4.3958230e+00
 -8.1481419e+00
 -1.4945606e+01
 -3.6644077e+00
 -6.1620450e-01
 -1.0166368e+01
 -3.4936080e+00
 -9.0510588e+00
  3.9429820e+00
 -4.5277858e+00
 -2.0580456e+00
  6.4019394e+00
  6.3637810e+00
 -3.3703134e+00
 -1.0477345e+01
 -1.0431195e+01
  2.3220119e+00
 -1.0386784e+00
  6.4161458e+00
  8.1610139e-03
  1.4962459e-01
 -2.1512883e+00
 -9.2783184e+00
 -5.7486515e+00
 -2.2540892e+01
 -6.5227056e-01
 -5.5983346e-03
 -1.7676157e+00
 -9.2024574e+00
 -3.5333014e+00
 -1.3817527e+00
  7.4427032e+00
 -2.7201054e+00
  8.8678576e-02
 -1.2841266e+00
 -1.9270193e+01
  2.6442699e+00
  1.0363674e+00
 -6.8261051e-01
  3.3947463e+00
 -1.9160293e+00
  1.0055680e+00
 -3.1345279e+00
  2.7383013e+00
  6.5857201e+00
 -5.3492227e+00
 -3.4011757e+00
 -8.8873482e+00
  8.1872600e-01
 -2.7282782e+00
  1.3383079e+01
  4.1582733e-02
 -2.1443517e+00
 -3.1770465e+00
 -5.1324153e+00
  7.8709787e-01
 -3.7607896e+00
  1.2448130e-01
 -5.0844092e+00
  4.8208103e+00
  7.9869121e-01
 -1.8200377e+01
 -1.5183064e+00
  5.0205765e+00
 -3.2839606e+00
  6.7177743e-01
 -1.1051862e+01
  6.1669459e+00
  4.3469043e+00
  4.6076412e+00
  2.3942034e-01
 -1.2164850e+00
 -7.0755935e+00
  5.3359903e-02
 -3.3249087e+00
  2.8548889e+00
 -4.4683199e+00
  9.6215620e+00
  2.5082798e+00
  5.9928107e-01
  1.2394212e+00
 -1.0973096e+00
 -5.7665644e+00
 -6.2069201e-01
  9.0706091e+00
 -6.7152280e-01
 -1.2071401e+00
 -1.7304595e-01
 -2.8844595e+00
 -1.8730119e+00
  2.1958468e+00
 -5.9404635e+00
  2.3966044e-01
  5.6349974e+00
 -3.3143034e+00
  2.6707788e+00
  1.4634250e+00
  4.6288977e+00
  9.4876498e-01
 -9.7479801e+00
 -1.9314520e+00
 -8.2401485e+00
 -6.0457933e-01
 -3.3220899e+00
 -3.7964170e+00
 -1.5680513e+01
  4.4460025e+00
 -8.5408182e+00
  3.1945827e+00
 -2.2221708e+00
 -3.5027599e+00
  8.3253431e+00
  8.5784330e+00
 -1.8355623e-02
 -3.7713122e+00
 -7.0234728e+00
 -2.2746980e+00
 -4.6048138e-02
 -4.6876216e+00
 -1.1775863e+01
 -3.9023008e+00
 -7.8220806e+00
 -5.9133229e+00
 -1.3624045e+00
 -2.3311665e+00
 -4.0914407e+00
 -1.9031253e+00
  2.8659015e+00
  1.5355624e+01
  1.2250029e+00
  5.5317760e-01
 -1.3707148e-01
  3.1478317e+00
 -6.5503616e+00
 -1.1326894e+00
  1.1031784e+01
 -5.0069267e-01
 -7.0844275e-01
 -4.1434364e+00
  6.1343365e+00
 -7.6670341e-02
 -2.9847848e+00
 -1.7695138e+00
 -3.2711263e+00
  1.0405047e+00
 -9.0630335e-01
  3.5534010e+00
 -4.6192155e+00
 -3.7950006e+00
 -2.6453874e+00
 -3.3633974e+00
 -4.5867224e+00
 -5.0136119e-01
  2.7274835e-01
  5.4334450e+00
 -1.8578646e+00
 -1.1271731e+00
  7.0582676e-01
 -4.9686980e+00
 -5.8206701e+00
 -5.5718594e+00
 -4.6350375e-01
  1.2070811e+01
 -6.8422298e+00
  4.1337609e+00
 -4.4110184e+00
 -9.5118647e+00
  2.4894364e+00
  9.8475780e+00
 -4.1765213e+00
  4.5068553e-01
  3.5280883e+00
 -1.7177690e+00
  2.0786693e+00
 -2.2931507e-01
  2.9527373e+00
 -9.5884628e+00
  1.9190807e+00
 -1.2519305e+01
  9.3283043e+00
  2.5363164e+00
 -6.6889077e-01
  2.7136385e+00
  1.2294937e+01
 -4.8580966e+00
  5.1793385e+00
  2.0447311e+00
 -1.0892331e+01
 -2.3680558e+00
  2.9252226e+00
  5.1298623e+00
 -4.7443395e+00
  4.3623471e+00
  1.0174948e+01
  2.8890159e+00
 -2.5886419e+00
  3.8917243e-01
 -1.1227994e+00
 -3.7839588e-02
 -1.9035199e+00
  1.5307495e-01
 -2.4632430e+00
 -9.9997830e-01
  6.2269241e-01
  2.2635922e+00
 -1.1957918e+01
 -2.0916771e+01
 -2.4930267e-02
  1.7735261e+00
 -2.5648716e+01
 -2.6276857e-01
  3.9912531e-01
 -1.3528340e+01
 -2.4835743e+01
  1.7779872e+00
  7.2929668e+00
 -3.2424793e+01
 -2.2021070e+00
 -1.5969767e-01
 -9.2144585e+00
 -1.5541175e+01
 -1.6031481e+00
  1.1901295e+01
 -6.9572517e+01
 -2.2543788e+00
 -1.8370342e+00
 -3.4461689e+00
 -1.0801613e+00
 -9.6859655e+00
  4.5141988e+00
 -2.8524073e+01
 -1.8055305e+00
 -3.2518165e+00
 -1.0423572e+01
 -1.3787853e+00
 -9.4525414e+00
 -2.9328444e+00
  8.7647009e+00
  6.6757736e+00
  3.8232870e+00
 -6.6804380e+00
  4.9949713e+00
  5.0223246e+00
  1.2518425e-01
 -1.3253517e-01
 -4.9189644e+00
 -2.9584641e+00
 -1.9255136e+00
  3.6084144e+00
 -3.7569380e+00
 -3.9301374e+00
 -7.0305738e+00
  8.4713316e+00
  3.1247900e+00
 -6.3286839e+00
 -2.9513319e+00
 -9.6272773e-01
 -1.3441968e-02
  1.7920344e+00
  3.3957601e+00
  5.2618899e+00
 -3.8239551e+00
  3.8329623e+00
  7.0775399e+00
  2.2663121e+00
 -1.0849859e+01
 -2.3062398e+00
  5.1802273e+00
 -8.7163181e+00
  3.3085055e+00
 -2.7294421e+00
 -9.0148163e+00
 -1.7529355e+00
  6.2565875e+00
 -2.0585306e+00
  2.4445777e+00
 -3.1047010e-01
  6.0229503e-02
  4.6806746e+00
  1.5391396e+00
 -4.3091545e+00
 -2.6865906e-01
  8.8905821e+00
  5.0660424e+00
 -5.4850421e+00
  3.2181170e+00
 -7.2049327e+00
 -1.8982512e+00
  1.1673465e-01
  5.2406722e-01
  8.9324135e-01
 -3.2801549e+00
 -5.1367134e-01
  8.5768566e+00
 -5.1983461e+00
 -1.4884459e+01
 -2.5838822e-01
 -1.5107574e+00
  1.4080750e+00
 -2.8663814e-01
 -1.7681868e-01
 -2.6664567e+00
 -1.3966258e-01
 -4.2677200e-01
 -5.5354983e-01
 -8.9194381e-01
 -1.4120412e+00
  2.3091800e+00
 -7.2278127e-02
  1.0651846e+00
 -1.7260573e+00
  3.9043326e+00
  3.0599027e+00
  8.6584413e-01
  2.6686195e-01
 -3.8955891e+00
  4.5496982e-01
  1.5413938e+00
 -6.9624877e-01
 -1.3321788e+00
 -8.2360893e-01
 -1.0665092e-01
  3.4467034e+00
 -2.0340903e+00
  3.0665042e+00
  1.4096613e-01
  7.7402825e+00
 -3.1709337e+00
  1.6034960e+00
  1.3215205e+01
  9.4825974e+00
  4.5547314e+00
 -1.1998043e+00
 -3.5038073e+00
  1.8949576e-01
  6.0406342e+00
 -8.4905845e-01
  1.4235504e+01
 -4.3748627e+00
 -9.6692142e+00
 -9.5779581e+00
 -9.4879723e+00
 -2.5327826e+00
 -1.0408980e+00
  7.6059265e+00
 -1.9948126e+00
  5.3170309e+00
  5.1501393e+00
  1.3642718e+00
 -5.8297887e+00
 -6.3656047e-02
  1.8250911e+00
 -1.4910223e+00
 -4.2615163e-01
 -5.1680584e+00
 -1.1412843e-01
  1.5274121e+00
 -6.5621191e-01
  2.5749197e+00
  4.7995954e+00
 -5.3454390e+00
  1.1289321e+00
 -3.0875907e+00
 -1.5029228e+00
 -2.7987053e+00
  2.3921385e+00
 -6.8396378e-01
 -2.4668655e+00
 -8.7179083e-01
 -8.0484992e-01
 -6.6459829e-01
 -1.1492181e+01
 -6.8708282e+00
  1.0867480e+01
  1.9521062e+00
 -6.8414694e-01
  4.6764221e+00
 -9.9555197e+00
 -1.9922240e+00
  5.0505953e+00
  8.7997761e+00
 -3.1093564e+00
 -2.0487349e+00
  9.8778820e+00
  1.4848182e+00
  4.8581228e+00
  1.3461508e+00
 -1.5463727e+00
 -9.1098375e+00
  1.7857429e+00
  9.1008625e+00
 -9.3497008e-01
  4.5928798e+00
  8.9319792e+00
 -3.6100211e+00
  7.8708048e+00
  1.8554817e+00
  1.1034036e+00
 -2.2270892e+00
 -4.5241585e+00
  2.7018769e+00
  1.4680791e+00
 -2.0556512e+00
 -1.4413879e-02
  2.1068029e+00
  2.2772067e+00
 -4.5161757e-01
  4.7725368e-01
 -1.5725359e+00
 -2.3655536e+00
 -8.6851829e-01
  1.7870350e+00
 -1.8264228e+00
  3.4972384e+00
  8.0720425e-01
  9.8162681e-01
  4.5353498e+00
 -1.3284253e+00
 -6.3397384e-01
 -1.0601246e+00
 -4.6863186e-01
 -2.0942600e+00
  8.5252285e-01
 -6.2828951e+00
  7.9611909e-01
 -3.5361663e-01
 -1.9640765e+00
  1.7854594e+00
 -3.3783839e+00
  5.0216694e+00
  2.0336287e+00
  1.4477911e+00
  6.7271128e+00
  5.7329445e+00
 -1.8743573e+00
  3.8898280e+00
 -7.4717957e-01
 -6.6694503e+00
  3.8594382e+00
  7.6470618e+00
  9.7876763e-01
 -3.7838876e+00
 -4.9712081e+00
  8.2715034e+00
 -3.0101113e+00
 -9.3719492e+00
  1.2056603e+01
  9.9692163e+00
 -1.0931258e+01
 -1.2693522e+01
  6.6472163e+00
 -1.1094722e+00
 -1.2928609e+01
  3.5299649e+00
  2.5603600e+00
  4.2414379e+00
 -1.3394916e+01
 -1.0775264e+01
 -9.4465513e+00
  1.0103144e+01
 -4.5776239e-01
  5.0029497e+00
  6.3498435e+00
 -3.0803363e+00
 -1.0628057e+01
 -7.4359113e-01
  1.3585175e+00
 -1.3814671e+01
 -8.6881179e-01
  3.9894712e+00
  8.8321676e+00
 -1.1797919e+00
 -3.1708274e+00
 -9.1216650e+00
  4.1472697e+00
 -1.6361225e-01
  2.4985383e+00
 -1.1981531e+01
  4.5272088e+00
 -4.9409709e+00
  4.6824689e+00
 -6.9754773e-01
  7.9060927e-02
 -8.3625145e+00
  8.3202162e+00
 -1.2368895e+01
 -2.1765103e+00
 -9.3392181e+00
 -2.7554846e+00
 -1.0082092e+01
  4.2331238e+00
 -1.0320614e-01
  1.4493526e+01
  2.1689508e+00
 -8.3749723e+00
  2.6655912e+00
 -3.3855095e+00
  8.2649803e+00
 -4.1889396e+00
 -1.3248360e+01
  2.9842117e+00
 -3.2271130e+00
 -9.1952556e-01
  9.0538698e-01
  2.6791658e+00
  1.7031306e+00
  2.4214871e-01
 -2.5612049e+00
 -2.7663732e-01
  2.2911634e+00
 -1.9143385e+00
  4.2749363e-01
  3.4869189e+00
 -7.9253249e+00
  1.0391924e+00
 -1.2679455e+01
 -1.8645363e+00
 -3.7692623e+00
  1.5759238e+01
  4.2002892e+00
 -8.1946049e+00
  1.5713923e-01
  1.1491428e+01
  4.3581910e+00
 -8.2878647e+00
  1.3555282e-01
  1.8962233e+01
 -9.2693828e-02
 -4.8118971e-02
 -1.8232067e+01
  5.8981714e+00
  1.2264126e+01
  1.4322742e+01
  7.7559867e+00
 -3.1999427e-01
  7.6282179e-01
  3.2621837e+00
  8.1947613e-01
 -1.4304787e+00
  2.9099860e+00
 -5.7882137e+00
  8.1823559e+00
  3.7189338e+00
  6.9209695e-01
  2.8922265e+00
 -8.3914509e+00
  4.6827981e-01
 -8.1371647e-01
 -3.2953625e+00
  1.8482925e-01
 -3.5876410e+00
  5.4309106e+00
  9.3790001e-01
  7.8331456e+00
  5.4472656e+00
 -6.2659326e+00
  7.7705033e-02
  2.0593884e+00
  3.2741654e+00
  1.8882531e+00
  1.0575800e+00
 -1.9128808e+00
  6.8746156e-01
  1.8369741e+01
  3.1084406e-01
 -1.1844846e+01
 -8.2448620e-01
  2.8914385e+00
  5.3508580e-01
 -4.7587566e+00
 -3.8906665e+00
  5.7369356e+00
  4.6502900e+00
  4.3204021e+00
 -3.3235941e+00
  3.3043113e+00
 -9.0761986e+00
  2.9367604e+00
  4.2373559e-01
  1.0388917e+00
 -9.5110197e+00
  5.4857883e+00
  1.0472879e+00
 -8.7239718e-01
  5.6078944e+00
  1.2278543e+01
 -7.8228445e+00
 -6.7894459e+00
  1.3127084e+01
  2.3736823e+00
  4.1194777e+00
  2.3298538e+00
 -3.4209010e-01
 -1.9066241e+00
  9.5420599e-02
  5.6764573e-01
  3.9843819e+00
 -2.2431724e+00
 -3.5007608e-01
  2.5486484e+00
 -4.1003499e+00
  1.1135216e+00
  3.2540810e+00
 -1.0927018e+00
 -3.0117393e+00
 -1.4443114e+00
  1.9439334e+00
 -9.3249488e-01
  1.6306136e+00
  6.3805753e-01
 -7.7652717e+00
  5.7652455e-02
 -1.1351919e+00
  6.5354377e-01
  1.7373048e-02
  1.3643042e+00
  1.7064103e+00
  2.6236899e+00
 -3.5787897e+00
 -1.2209710e+00
 -5.5896127e-01
  8.1922597e-01
  4.0339465e+00
  2.9788241e+00
 -6.7198956e-01
 -1.9051687e+00
 -2.2338717e+00
 -1.7998619e+00
 -3.2796724e+00
 -4.2124610e+00
  9.8741465e+00
  1.1229056e+00
  4.3582910e-01
  2.8590307e-01
  1.3659929e+00
  4.0240493e+00
 -5.7419715e+00
  8.7939224e+00
 -2.4735346e+00
 -3.8678424e+00
  6.7248422e-01
  3.7415037e+00
  1.0556406e+01
  5.9844379e+00
  3.2092729e+00
  3.0113010e+00
 -1.6265357e+00
 -5.2445621e+00
  1.7976133e+00
 -1.0903131e+01
 -7.7279818e-01
 -3.3632014e+00
 -2.5024851e+01
 -8.0131216e+00
 -7.9268831e-01
 -3.2156999e+00
  4.2357659e+00
  5.7085438e+00
 -1.0292605e+01
  1.9149831e-01
  2.8200798e+00
  1.2770597e+01
  3.9249835e+00
  1.3438085e+00
  4.6859946e+00
  6.3373220e-01
  6.1244311e+00
 -1.1977015e+00
  1.9848807e+00
 -1.2914264e+00
 -3.8808889e+00
 -2.1186008e+00
 -1.0537170e+01
  8.2873219e-01
 -1.3679886e+00
 -4.6609315e-01
 -6.3263507e+00
  3.8110176e-01
 -2.9047761e+00
  5.8969206e-01
 -3.6577606e+00
 -1.6889893e+00
  1.1537617e+01
  1.0989163e+01
  3.8721368e+00
  1.6720113e+00
  7.3196501e-01
  8.2269627e-01
  7.2568808e+00
 -7.7014060e+00
 -9.4704323e-02
  8.7094870e+00
  1.0048175e-01
 -8.9993536e-01
 -5.8288760e+00
  1.9371176e+00
  2.8195961e+00
  1.5801065e+00
 -2.3388274e+00
  9.0337200e+00
 -1.6206915e+01
  5.2250910e-01
 -2.1392248e+00
  4.4239631e+00
 -8.3597980e-02
 -5.6793489e+00
  1.7267578e+00
 -3.8858464e+00
  1.9051895e+01
 -5.2754602e+00
 -8.6457624e+00
  6.2758398e+00
 -6.1633096e+00
  1.9150403e+00
  5.4871140e+00
 -3.6665146e+00
  8.5102968e+00
  3.0219944e+00
  4.4301248e+00
  5.7119961e+00
  2.9652867e+00
  2.2450950e+00
  1.2231352e+00
  9.8130741e+00
  3.4822137e+00
 -4.9987335e+00
 -1.2838547e+01
 -2.9805952e-01
 -6.8459859e+00
 -1.7801765e+00
 -2.2220120e-01
  2.1333437e+00
 -4.2607141e+00
 -6.0701180e+00
  4.8532577e+00
  4.8376098e+00
 -2.4789484e+00
  6.9375515e-01
 -4.9321980e+00
  6.7594701e-01
 -6.0487723e+00
 -6.6429031e-01
  2.2123537e+00
 -2.3395195e+00
 -5.4880133e+00
 -4.8014174e+00
  3.3224447e+00
  4.9653635e+00
 -8.1917057e+00
  4.0217414e+00
  1.0055318e+00
 -9.6026211e+00
 -2.0149713e+00
  3.3844962e+00
 -1.2792456e+01
 -6.7007560e-01
  3.9300804e+00
 -9.7257242e-02
  2.0508475e+00
  3.2471151e+00
  1.2799673e+00
 -9.5794386e-01
 -2.6178823e+00
 -9.2095785e-02
 -1.6725322e+00
  2.1675131e+00
 -3.1043844e+00
  1.5454385e+00
 -5.7513165e+00
 -3.2458713e+00
 -3.1710353e+00
 -1.8239514e+00
  3.8327014e-01
 -3.1667281e-02
 -1.6012555e+00
 -2.6551566e+00
  3.1508994e+00
 -3.9951758e+00
  1.4550920e+00
  3.7333267e+00
 -4.8360362e+00
 -5.1125607e+00
 -4.1463261e+00
  4.2179136e+00
 -2.3602202e+00
  2.3213711e+00
  3.9894621e+00
  9.7615826e-01
  8.5890512e+00
 -1.5136936e+01
  2.7162278e+00
 -2.6879520e+00
  3.1321628e+00
 -5.3404121e+00
 -5.5227590e+00
  4.8034143e-01
  1.8117659e+00
  6.8645062e+00
  1.6828627e+01
 -5.9086809e+00
 -6.5110817e+00
  4.2815862e+00
 -1.8645339e+00
  1.0241257e+01
  1.8135967e+01
 -7.6054873e+00
  2.4677460e+00
 -8.6424810e-01
 -2.5231678e+00
  7.6416428e-03
  3.6263101e+00
 -9.9754137e-01
  6.4664716e-01
 -1.7287866e+00
 -2.1330595e+00
 -1.1732566e+00
  2.0741558e+00
 -1.2388045e+00
  1.5622151e+00
 -1.0401710e+00
 -1.8696140e-01
  6.1031122e+00
 -1.3693242e+00
  6.9670138e+00
 -9.8801832e+00
  6.3773029e-02
  3.3055120e+00
  3.0065386e+00
 -8.5632849e+00
 -2.7335155e+00
  5.1268244e+00
  1.6445401e+00
 -6.9373870e+00
 -7.9271417e+00
  1.0903879e+00
 -4.8035283e+00
  2.8097952e-02
  2.2215593e+00
 -5.9552312e+00
 -1.8096931e+00
 -9.4816294e+00
 -1.0067535e+01
  8.9772863e+00
  1.1594041e+01
 -3.2570365e-01
 -6.9169626e+00
 -2.8399992e+00
 -2.5067844e+01
 -3.3547258e+00
  5.4456873e+00
 -9.9758458e-01
 -2.5680628e+00
 -8.7110662e+00
 -6.0348505e-01
 -3.7663796e+00
  2.5479720e+00
  3.3869927e+00
 -2.8139095e+00
  4.2379779e-01
  7.6455803e+00
 -8.7979860e+00
 -9.2498465e+00
 -8.4704666e+00
  3.7282510e+00
  3.6188297e+00
 -1.4832567e+01
  1.8360932e+00
  7.2718329e+00
  2.4181345e+00
 -1.2190667e+01
  5.3690948e+00
 -9.9636793e+00
  9.0078694e-01
 -8.4033859e-01
  3.3730807e+00
  1.1538404e+00
 -5.3431759e+00
 -7.2427237e-01
 -3.0838413e+00
  5.8933061e-01
  9.5671207e-01
 -5.8619350e-01
  1.3510193e+01
  3.4807494e+00
  1.7016835e-05
  3.5300772e+00
  5.2172905e-01
 -1.4158316e+01
 -8.1976576e+00
  2.7829733e+00
  9.7364807e+00
 -5.3132510e+00
 -1.9411120e-01
 -2.3525565e+00
 -1.3074914e+01
  3.1165509e+00
  9.5932131e+00
  3.1801753e+00
 -2.5339139e+00
 -2.4940767e+00
  1.2933956e+00
  2.3189390e+00
  7.6792228e-01
 -6.0777750e+00
  2.3541667e+00
  3.6839614e+00
 -2.3636837e+01
  3.2987792e+00
  7.2168727e+00
 -4.9013109e+00
 -1.9161437e+00
 -2.6293693e+00
 -3.0446434e+00
  3.1618497e+00
  2.7598851e+00
  1.1477524e+01
  6.8372259e+00
 -2.7677522e+00
  5.2950754e+00
  5.9964380e+00
 -1.6096910e+01
  9.5218152e-01
  2.8402495e+00
 -1.9546314e-01
 -1.8082137e+00
 -3.6963320e+00
 -1.1056979e+00
  3.3666875e+00
 -2.8600338e-01
  5.7644349e-01
  8.3522301e+00
  1.3270430e+01
  1.6085614e+00
 -4.0484085e+00
  4.9388856e-01
 -2.2138960e+00
 -4.1630716e+00
 -4.4287939e+00
 -2.0697730e+00
  5.6576443e+00
  3.0279443e+00
  6.9830132e+00
 -1.7170399e+01
  1.7065445e+01
 -1.6242109e+01
 -3.0766647e+00
 -1.0102540e+01
 -1.1925610e+00
  9.9634075e+00
 -3.7546999e+00
 -1.0572495e+01
  1.9808940e+00
 -4.7048879e+00
 -1.3856152e+00
 -7.6588230e+00
 -1.3216213e+01
  5.8621782e-01
  5.3959689e+00
 -1.0930852e+00
 -3.6329951e+00
 -2.6375055e+00
  1.9593419e+00
  8.9368254e-01
  1.8321153e+00
 -3.9618170e+00
  3.1705436e-01
 -7.3358041e-01
  9.7549963e+00
  2.7794361e+00
  2.6967788e+00
  5.3059421e+00
  6.5450683e+00
 -1.9041686e+00
 -9.0866985e+00
  1.2885239e+00
 -6.2831359e+00
  6.8870125e+00
 -2.1421506e+00
  6.8240767e+00
 -3.2801206e+00
 -3.2278023e+00
  1.0969904e+01
 -3.2184780e-01
  1.3280564e+01
 -3.7364430e+00
 -5.7636237e+00
 -9.9049848e-01
 -2.8911247e+00
 -9.7924299e+00
 -3.3709972e+00
 -1.2240269e+01
  1.1298632e+01
  8.5669489e+00
  5.2196784e+00
 -4.6616992e-01
  1.5154085e+01
 -2.1593835e+00
 -2.5632935e-02
  1.0013809e+01
 -6.0954862e+00
 -2.6984429e+00
  6.3156691e+00
 -5.5295062e+00
  8.8983088e+00
 -1.9477315e+00
  5.9284325e+00
  5.1495880e-01
 -4.0948815e+00
 -6.0206561e+00
  5.6234751e+00
 -8.8131857e+00
 -6.0223775e+00
  1.0560454e+00
 -2.8011670e+00
  1.0652124e+01
 -7.4482751e+00
  9.9841213e-01
 -3.2714772e+00
  9.1181288e+00
  9.0971449e-03
 -5.2511387e+00
  3.9155271e+00
  3.8982918e+00
 -3.2064955e+00
 -7.3492336e+00
  2.6382556e+00
  4.8553267e+00
  8.7158461e+00
  1.8182647e+00
  4.9132533e+00
  7.3651304e+00
 -5.3709006e+00
 -8.0604773e+00
  4.0815070e-02
 -2.4375298e+00
  1.3269851e+00
 -6.6098404e+00
  2.1074820e+00
  1.9879905e+00
 -2.0277109e+00
 -4.8697047e+00
  1.1367123e+00
  2.4021738e+00
 -1.3385589e+00
 -1.9241414e+00
 -2.5372555e+00
 -3.2111144e+00
 -7.0108666e+00
  2.2943807e-01
  4.6047640e+00
  1.4501873e-01
 -3.5830834e+00
 -3.0913286e+00
  1.7729845e+01
  1.9888787e+00
 -1.5011550e+01
 -5.2907462e+00
 -1.2438003e+01
  1.1505381e+01
 -4.5041432e+00
  2.4005792e-01
  8.9073257e+00
  7.1867175e-02
 -1.6168463e+00
  2.3168781e+00
  2.1189798e-01
  9.7663388e-02
  1.9406273e+00
  3.4304490e+00
 -1.4920515e+00
 -5.3081636e+00
 -2.0738521e+00
 -3.2331498e+00
 -6.7285657e-01
 -7.4430103e+00
  1.6049265e+01
  3.0158801e+00
 -5.0149459e-01
  4.5083385e+00
 -8.5588036e+00
  1.5935922e+00
  3.9842103e+00
 -1.7301868e+00
  3.8209343e+00
 -1.0103427e+00
  2.3965540e+00
  2.1140521e+00
 -3.2601557e+00
 -5.4745455e+00
 -4.7080007e+00
 -4.1392736e+00
  1.4884011e+00
  3.6127343e+00
  1.4414256e+00
 -2.3758945e-01
 -2.8125198e+01
 -1.6755499e+01
 -6.2167458e-02
 -4.2993407e+00
  1.1140790e+00
  5.2101493e-01
 -4.5427775e+00
 -1.2450109e+01
  5.9611549e+00
 -3.0442441e+00
 -5.6739068e+00
 -3.9581833e+00
 -7.5093608e+00
  4.7655506e+00
  4.2450633e+00
 -2.1021526e+00
 -1.2610181e-01
  1.0103865e-01
  4.9132776e-01
  9.9682987e-02
  1.3746495e+00
 -3.0841094e-01
  4.6292222e-01
  5.8778012e-01
  1.5345248e+00
  1.4711913e-01
 -1.0848673e-01
  5.5145568e-01
  1.8900067e-01
  1.0155118e+00
 -9.7508526e-01
 -1.0316573e+00
  4.1393331e-01
  6.4813066e-01
  1.6414968e+00
  6.4888829e-01
 -2.7125749e-01
  1.1958239e+00
  1.4043764e+00
 -2.4367599e+00
  1.5445602e-01
 -3.0891246e-01
 -8.9879507e-01
  5.0493836e+00
 -3.7718037e-01
  1.2934320e+00
 -2.8438673e+00
  1.0784580e+00
  2.5576959e+00
  9.0462977e-01
  1.3465948e+00
  1.2753546e-01
  1.3091720e+00
 -2.7300732e+00
 -1.6612203e+00
 -2.5134578e+00
  2.9935369e+00
  6.0681570e-01
  6.4977083e+00
  5.9390464e+00
 -5.0902230e-01
 -1.2957439e+00
  1.4873192e+00
 -3.7167057e-02
  1.7336711e+00
  5.0754485e+00
  3.1950443e+00
 -1.8385897e+00
 -5.0644121e+00
 -8.7642968e-02
 -1.4955552e+00
  4.1862183e+00
 -3.9166386e+00
  2.2789229e-01
 -1.1787047e+00
  2.2157979e+00
  1.7162366e+00
 -4.6383491e-01
 -2.0317483e+00
  3.8957412e+00
 -1.3660313e+00
 -3.3263686e+00
 -5.7604009e-01
 -1.5217628e+00
 -1.0466167e+00
  2.8178577e+00
 -1.1782124e+00
 -2.5900795e+00
 -4.7185569e+00
  2.9300146e+00
  2.1315203e+00
  3.6668499e+00
 -4.1394636e-01
 -1.3520489e+00
  4.4602857e+00
 -1.5317246e+00
  1.3350821e+00
  2.9742181e+00
 -1.5735168e+00
  3.6053925e+00
  4.9119768e+00
  6.4851755e-01
 -6.5076127e+00
  3.0345500e-01
  2.3934071e+00
 -6.9241953e+00
  2.9805715e+00
 -3.5671391e+00
 -9.2782049e+00
  1.0033457e+00
 -1.1470132e+01
 -4.1309052e+00
 -4.4927058e+00
 -2.3821837e-01
 -2.3270371e+00
 -9.8342838e+00
  3.5348878e+00
  7.9761314e-01
  2.1112221e+01
  5.8312068e+00
  1.8194258e+00
 -7.2974777e+00
 -7.3701078e-01
  4.9873996e+00
  7.8038222e-01
  5.0184298e+00
 -4.5812244e+00
 -4.5517591e-01
  3.6999092e+00
 -6.5016255e+00
  7.5718937e+00
 -3.1286025e+00
 -7.5886363e-01
  3.9360814e+00
  1.8421692e+01
  2.3774157e+00
  2.8595333e+00
 -3.1507897e+00
  2.1389528e+01
 -2.7344246e+00
 -1.0775620e+01
  5.0729699e+00
  1.6349156e+00
  3.1787479e+00
 -3.1814122e+00
 -1.9798074e+00
  5.3616605e+00
 -8.1034832e+00
 -2.8453767e+00
 -1.0964616e+01
 -4.9293389e+00
 -2.5263820e+00
 -9.9362526e+00
  2.8187330e+00
  8.0995932e+00
  4.6786666e+00
 -7.2591572e+00
 -1.6051712e+00
 -1.0115760e+01
  5.6953897e+00
  2.2157927e+00
  4.1988082e+00
  1.4924214e+01
 -5.3777871e+00
  3.5746012e+00
 -7.1885145e-01
  3.5015874e+00
  1.2702558e+01
  5.2110686e+00
 -2.8309546e+00
  5.7070154e-01
  9.8811836e+00
  4.7459388e-01
 -2.0311801e+00
 -2.7403216e+00
  4.7438005e-01
 -1.4766624e+00
  7.7354207e+00
 -5.6920877e+00
 -5.7767367e+00
  3.4738312e+00
  9.1673642e-01
 -5.1498289e+00
 -4.8434792e+00
 -1.9337077e+00
 -3.9551754e+00
 -4.0317197e+00
 -1.0293364e+01
  6.6333866e+00
  8.7637253e+00
  6.9779210e+00
 -1.0479093e+00
 -6.3327330e-01
 -1.8524517e-01
 -1.2760313e-01
  1.1052179e-01
 -3.2357869e+00
 -6.3975692e+00
  1.1516096e+01
 -3.3904493e+00
 -2.3555293e+00
  7.9990304e-01
  1.5623126e+01
 -6.0575457e+00
  9.7466052e-02
  3.0219734e+01
  2.1829948e+00
 -2.7809393e+00
 -7.8937521e+00
  4.0365353e+00
  1.4746431e+00
 -1.5395162e+00
  4.0756369e+00
  9.3396873e+00
  4.4161987e-01
 -3.4551194e+00
 -7.1702570e-01
 -7.3232431e+00
  1.6336912e-01
 -2.0414705e+00
 -5.0010071e+00
  3.3365901e+00
  3.8840726e-01
  6.0390681e-01
 -6.9028616e-01
 -9.2160481e-01
 -7.2675252e-01
  1.4504443e+00
 -1.5384923e+00
 -8.8181563e-02
  1.6702980e-01
 -3.4565818e-02
 -2.0649219e+00
  1.3627942e+00
 -2.1476327e-01
  3.2288450e-01
  2.1320190e+00
  6.5760034e-01
 -4.8478931e-01
 -7.6640451e-01
  2.1072288e+00
 -1.7087016e+00
  3.1634727e+00
  1.4756855e-01
  2.1730606e-01
 -2.6201975e+00
  2.3722842e+00
  3.3132188e+00
 -4.4106207e+00
  3.0407155e+00
 -2.6806197e-01
  3.9321277e+00
  6.7270261e-01
  3.9346406e+00
 -1.2734029e+00
 -5.5468693e+00
 -3.9062506e-01
  8.2553399e-01
 -2.4320662e+00
 -2.0258994e+00
  3.3836973e+00
  1.7350749e+00
  3.1400619e+00
  5.9315486e+00
 -3.2389660e+00
  5.4136848e-01
  1.2450492e+00
  3.1628792e+00
 -7.1392183e+00
  7.0308763e-01
  7.7052432e-01
  2.2975346e-01
  4.1673918e+00
 -1.0858639e-01
 -3.3549278e+00
 -4.3494096e+00
  3.1190333e+00
 -7.0141643e-01
  2.1992664e+00
 -1.1836309e+00
 -9.1662556e-01
  1.2986463e+00
 -4.5941401e-01
 -3.3250918e+00
  1.2624705e+00
 -8.4761345e-01
 -1.8711182e+00
 -2.6154506e-01
  1.7039691e+00
  2.7766767e+00
 -5.7146997e+00
  1.4248759e+00
 -1.7229763e+00
 -1.0586973e-01
 -1.7116933e+00
 -2.4247785e+00
  5.7052565e-01
  1.6575346e+00
 -5.7694745e+00
 -1.4937035e+01
  5.0776091e+00
 -2.5108171e-01
  1.8515541e+01
 -5.6473941e-01
 -1.0137010e+01
 -2.8706510e+00
  2.2592266e+00
  2.0672684e+01
  1.0877472e+01
  1.2682849e+00
 -4.0225658e+00
 -2.6456733e+00
 -5.7026243e+00
  3.2863274e+00
 -2.4407001e+00
  6.6862187e+00
  4.9031363e+00
  6.1701908e+00
 -1.0404056e+00
  7.7972330e-02
 -2.2877157e+00
  3.5466011e+00
  4.5203872e+00
 -2.8462520e+00
  1.6334431e+00
 -2.0648847e+00
 -4.6756621e-02
  2.3967728e-01
 -2.1032967e-01
 -9.1815013e-01
  2.0863402e+00
  4.2554936e+00
 -2.3811008e-01
 -3.4604836e+00
  1.6476364e+00
 -5.3285069e+00
  3.7158618e+00
  4.2496195e+00
 -5.0947332e+00
  1.0818584e+00
  5.5318141e-01
 -7.1571150e+00
  1.7354971e+00
  1.1635578e+01
 -1.0161156e+01
  3.7269661e+00
 -3.4457006e+00
  1.3851500e+00
 -7.7142304e-01
  3.6881542e-01
  3.9815738e+00
 -4.7869391e+00
 -3.6001042e-01
 -1.8313442e+01
 -1.1130337e+00
 -2.3407190e+00
 -6.7635851e+00
 -9.1654005e+00
  8.9138317e-01
  1.1570217e+01
 -9.4775152e-01
  2.1490541e+00
 -7.7202644e+00
  3.5865667e+00
 -8.8757783e-01
  1.2110229e+00
  1.4301215e+00
  1.5205411e+01
  8.3066425e+00
  2.5861399e+00
  2.5279632e+00
  5.0398350e+00
 -1.3524336e+00
 -7.3593230e+00
  3.8291044e+00
 -5.4685891e-01
  3.8259038e-01
  1.0033665e+00
  3.3669108e-01
 -1.2064251e-01
  2.5928743e+00
 -4.2264771e+00
 -2.8381848e+00
  7.0726627e-01
  9.5707846e-01
  2.6183626e-01
  2.4136942e-02
 -1.3090056e+00
  2.4384677e+00
  1.6949720e+00
  6.9213039e-01
  1.1506616e+00
  3.4923452e-01
 -1.1390601e+00
  5.7609242e-01
 -2.9424999e-02
 -9.5286503e+00
 -3.2556468e-01
  2.2449803e+00
  9.5565720e+00
  8.5951719e+00
  9.8650479e-01
  3.2387786e+00
 -3.6149771e+00
  3.6921062e+00
 -3.2548952e+00
  1.3195320e+01
  1.2056828e+01
 -8.6217356e-01
  1.6669876e+01
 -1.4095387e+01
  2.7267721e+00
 -5.2948194e+00
  5.0130301e+00
 -5.0806990e+00
  4.0915923e+00
 -5.9708757e+00
  5.4973316e+01
  7.3909599e-01
 -3.5656545e+00
  1.0312139e+01
  1.4285044e+01
 -3.3903310e+00
 -3.3907657e+00
 -2.7706032e+00
 -2.6146231e+00
  1.1353818e+00
 -5.2946609e-01
 -7.2101536e+00
  1.5121570e+00
  4.2138183e-01
  1.7737089e+00
  1.8867592e+00
 -7.1567907e+00
  4.0418160e-01
  5.0308208e+00
  1.9935673e+00
 -1.0777086e+01
 -1.0720476e+00
 -1.4545783e+00
 -2.1811376e+00
  5.5989879e-01
  3.7362602e-01
  2.5072443e+00
 -7.9948311e+00
  1.1197131e+00
  1.2231494e+00
 -8.1825531e-01
 -9.1162866e-01
  1.7896612e+00
  1.5995537e+00
 -1.0231558e+01
 -7.0863977e-02
  8.9069958e+00
 -4.0477462e+00
  1.7999634e+01
 -6.8426485e+00
 -7.9578266e-02
 -1.1198635e+01
  5.3941321e-01
  1.2698245e+01
  2.1689548e+00
  1.2704004e+00
  5.0765700e+00
  5.1797595e+00
  1.7603065e+00
 -1.3614320e+00
 -2.3584920e-01
  2.5148840e+00
  3.3979850e+00
 -5.7889986e+00
  5.6088061e+00
 -1.4995960e+00
 -8.0062160e+00
 -1.1152740e+01
  4.9484482e+00
 -1.7462513e+00
  2.7855747e+00
  5.1155722e-01
 -3.1326169e-01
  1.2120411e+00
  8.1356859e-01
 -3.1609285e+00
 -1.0598124e+00
 -1.7633764e+00
 -5.1471300e-02
 -2.9288282e+00
  1.1360177e+00
  1.3354949e+00
 -1.1366601e+00
 -2.4418075e+00
  1.3468258e-01
 -1.3310580e-01
 -2.0935631e+00
  9.5705622e-01
  8.5449547e-01
 -6.7949539e-01
 -3.6810362e+00
 -1.0972943e+00
 -7.9650551e-01
 -2.1636508e+00
  1.1704092e+00
  5.2224457e-01
  6.1534715e-01
 -7.8476410e+00
 -6.5226597e-01
 -9.3482046e+00
 -2.4013515e+00
 -2.1306672e+00
  4.1964087e+00
  8.0468616e+00
 -7.2266455e+00
  1.2252109e+00
  1.7158840e+00
 -1.1030830e+00
  6.5677367e-02
  5.4199705e+00
  1.1112067e+00
 -5.9394855e+00
 -2.2049158e+00
  1.1940935e+00
  2.7562501e+00
 -4.0062103e+00
 -6.6639585e+00
  9.7795677e+00
 -1.5268619e-01
 -2.9670048e+00
 -3.3631711e+00
 -1.8031585e-01
  3.1473846e+00
  7.9303831e-01
  2.0535567e-01
  5.5547410e-01
  4.9833279e+00
 -1.2736244e+00
  4.8189692e+00
  6.6803284e-02
  1.3085759e+00
 -2.8206198e+00
 -1.9578846e+00
  1.2596705e+00
 -1.3108175e+00
 -8.6650473e-01
  1.0791196e+00
  3.0684283e+00
 -1.9662526e+00
  2.0578351e+00
 -3.3061960e+00
 -4.6674658e-02
  1.0483798e+00
  1.5781653e+00
  3.2114797e+00
  1.9035038e+00
 -6.2420268e+00
 -5.9109244e+00
 -3.8624978e+00
  1.5630751e+00
  9.7540579e+00
  5.4857688e+00
  4.4730806e+00
 -4.1337161e+00
  3.0693383e+00
 -5.5173950e+00
 -2.4041264e+00
 -1.9876546e+00
 -2.7261767e+00
  6.9252765e-01
  5.4967028e-01
 -2.9120855e+00
  1.8775495e+00
  3.5653850e-01
 -3.4109426e-01
  2.8786488e+00
  6.4604158e+00
  3.4626706e+00
  2.8602066e+00
  2.3932936e+00
 -1.2285045e+00
 -7.8163757e+00
 -7.0866942e+00
  8.1953859e+00
 -1.3100110e-01
  7.2207862e-01
 -6.5800695e+00
 -1.3700641e+01
  7.5087023e-01
  3.1557658e+00
 -1.0091105e+00
  1.9654961e+00
  4.8981338e+00
  3.8471544e+00
 -1.0347620e+00
 -1.6602781e+01
  8.5549231e+00
  3.4193218e+00
 -1.2479592e+01
 -3.0712674e+00
 -1.1526115e+01
 -6.7208640e-02
 -2.5811553e-01
 -1.8760693e+00
 -9.9795151e+00
  3.6204011e+00
 -1.7761575e+00
  7.9776859e+00
 -8.4655571e+00
 -8.2336626e+00
 -1.2511879e+01
 -4.7272086e+00
  5.4561629e+00
  2.1162322e+00
 -1.8938190e+00
 -7.6386499e+00
  1.0005582e+01
  2.1662672e+00
 -6.8402290e+00
  2.7674193e+00
  7.4873910e+00
  7.1885095e+00
 -1.3577028e+01
 -6.7599964e+00
 -5.1200771e-01
  8.4835367e+00
 -4.9190850e+00
  7.3852521e-01
 -3.9654632e+00
 -4.8551583e+00
 -2.8164575e+00
 -9.6039194e-01
  1.2369452e+00
 -6.9649606e+00
  2.0878108e+00
 -3.3375387e+00
  2.4629207e+00
 -3.8983850e+00
  4.3494935e+00
 -1.9737382e+00
 -5.4955368e+00
  2.1672461e+00
 -5.5482478e+00
 -1.2744932e+00
 -7.1975632e+00
  6.0895882e+00
 -2.0355947e+00
 -4.7189202e+00
  2.8646405e+00
  2.3092927e-01
 -4.1091824e+00
  1.0411710e+00
 -4.1659503e+00
 -2.3132074e+01
 -9.3466979e-01
  2.4714310e+00
  3.4716771e+00
 -3.4061079e+00
 -2.4164333e+00
 -1.2349758e+00
 -1.3634049e+01
 -2.6836998e+00
  5.5707150e+00
 -3.4650774e+00
  2.9100192e+00
 -1.1363542e+00
  1.5751866e+00
  6.7966744e-02
 -4.3777976e+00
 -3.4117606e+00
  9.3148642e+00
  4.4298048e+00
 -3.4356415e-01
 -3.9520211e+00
  7.3158536e+00
  4.6493993e+00
 -1.3543222e+01
 -3.4174142e+00
 -1.5109812e+00
  7.1146026e+00
 -5.8782797e+00
 -2.4092455e+00
 -2.8716977e+00
 -1.4410197e+00
 -1.5382342e+00
 -3.1864746e+00
  1.5204654e+00
 -1.9279590e+00
 -2.1429658e+00
  2.6260495e+00
 -3.8615055e+00
 -8.0075383e-01
  1.5505592e+00
 -9.0509802e-01
  7.1883502e+00
 -7.2198886e-01
  9.9003386e-01
 -6.3469534e+00
 -7.1146073e+00
 -2.4432209e+00
 -1.7304778e+00
  1.6290385e+00
  6.0756202e+00
  2.7962906e+00
  2.6828618e+00
  2.4283578e+00
 -1.0621634e+00
 -9.6243744e+00
 -1.8591268e+00
  8.1772366e+00
  2.7957680e+00
 -5.1376824e+00
 -3.0848672e+00
  2.7180481e+00
 -3.7982035e+00
 -1.9866910e+00
 -4.1866693e+00
 -2.4922082e+00
 -1.7053510e-01
  7.4525714e+00
 -5.2327514e-01
 -3.4989974e-01
  1.1628630e+00
  4.4849405e+00
 -1.0308580e+00
  3.7104819e+00
  4.3568870e-01
  6.5541291e-01
  8.6522989e+00
  4.0620360e+00
  1.3609468e+00
  1.7854159e+00
  8.7621260e-01
  5.1471524e+00
  8.3726662e-01
 -4.4002233e+00
 -5.3231244e+00
  3.0352390e+00
 -1.4789014e-01
 -1.5255165e+00
  9.4228214e-01
 -3.5890720e+00
 -2.3475718e+00
  5.6412246e-02
 -5.7150847e-01
 -1.3821547e+00
 -3.4323961e-01
  2.3732662e+00
  1.1933676e+00
 -3.0506220e+00
 -3.2866028e-01
  8.5862473e-02
  7.3973447e-01
  2.5665390e-01
 -1.0155046e+00
  4.2867258e-01
  2.9282770e-01
 -7.6692134e-01
 -8.4488899e-02
  6.3891220e-01
  7.0218337e-01
 -1.3996559e-01
 -1.3949682e-01
 -3.8860297e-01
 -1.6898034e+00
  5.9412217e-01
 -8.1582330e-02
 -2.6387310e-01
  4.4036010e-01
 -3.4997916e-01
  2.8307836e+00
  3.7136850e-01
 -2.8482300e-01
 -4.5744354e-01
  1.6475830e+00
  2.8776085e-01
  2.6189685e+00
  9.9380076e-01
 -1.5356706e+00
  5.5023253e-01
  8.1936520e-01
 -5.0848961e-01
  2.7723840e-01
  1.0694847e+00
 -8.7412423e-01
  3.5908052e-01
  2.5306208e+00
  1.3368282e+00
 -1.3183037e+00
  9.1014451e-01
  5.2641767e-01
 -8.1400919e-01
 -7.7844334e-01
  2.3120250e-01
 -7.6286536e-01
  3.4906054e-01
  1.4405022e+00
 -1.0625682e-01
 -1.1747609e-01
 -3.1468025e-01
 -7.1317625e-01
  7.0564640e-01
 -8.3380175e-01
  9.9006691e+00
  2.9672463e+00
  1.5918812e-01
  4.4997731e-01
  1.9130657e+00
 -1.0440751e-01
  2.0359097e+00
  1.4656059e-01
 -1.7861158e+00
 -1.5129837e+00
 -6.2809891e-01
 -2.3402333e+00
  2.5040877e+00
  4.0314989e+00
 -5.3357437e-02
 -9.4258100e-01
 -5.8818895e-01
 -4.5808311e+00
  3.2370017e+00
  1.7175573e+00
 -1.3988321e+00
 -5.9628325e+00
  1.6695740e+00
  3.6748750e+00
  1.3608738e+00
  1.0191672e+00
  1.5648724e-01
 -1.0951897e+00
  3.5162420e+00
 -3.6407158e+00
 -1.6697209e+00
 -2.0448296e+00
  6.0034609e-01
  1.2938701e+00
 -4.0009532e-02
 -5.2709150e-01
 -1.8117226e+00
 -4.6971922e+00
 -1.9311768e+00
  1.1662234e+00
 -3.2854712e+00
  2.8172556e-01
 -1.5434524e+00
  1.4248954e+00
 -2.4977012e+00
 -1.6770306e+00
  2.2005942e+00
  5.9065353e-02
 -9.1014320e-01
  3.3514521e+00
 -4.6253130e-01
 -4.0366271e-01
 -8.9149870e-02
 -6.0696006e-01
  1.5803680e+00
 -3.0281955e-01
 -2.9907188e-01
 -4.6813283e+00
  2.2968822e+00
 -3.1868548e+00
 -1.4137826e+00
  3.5703728e-01
 -6.3770689e-02
 -4.3546930e-01
 -2.8639557e+00
  8.1950933e-02
 -2.3313572e+00
 -3.0638999e-01
  3.8493431e-01
 -3.7614040e+00
  2.8405297e+00
 -9.0019786e-01
  3.6939671e+00
 -2.0698099e+00
  8.0049336e-01
 -4.7522736e-01
 -9.3547970e-01
  2.4840343e+00
 -1.0758929e+00
 -7.1711266e-01
  3.5441079e+00
 -1.4697313e+00
 -2.3764720e+00
  1.9796604e+00
  9.0687776e-01
 -9.7685534e-01
  7.7863681e-01
  1.0772125e+00
 -4.3457052e-01
  1.1825587e+00
  3.8843912e-01
  7.6034755e-01
  8.5506147e-01
  4.0568509e+00
  2.4849365e-02
 -4.8320442e-01
  1.7477626e+00
  2.1294940e+00
 -1.7782456e-01
  1.6029391e+00
 -6.3036376e-01
 -5.4943758e-01
  5.3504097e-01
  6.6341907e-01
 -1.6669234e+00
 -1.3583378e+00
  9.9625699e-03
  3.5676486e+00
 -1.3193302e+00
  1.7911726e+00
 -4.3068628e+00
 -2.4928818e+00
 -1.6044275e+00
 -6.5920264e-01
 -2.4270866e+00
 -2.7819242e+00
  3.9543062e-01
 -9.6400779e-01
 -1.2112831e+00
 -1.1488368e-01
  9.5379192e-01
  3.5659289e+00
 -2.2124200e+00
 -6.0391581e-01
 -8.0719709e-01
 -2.3240073e+00
 -8.1951916e-01
  1.1434273e+00
  2.3560908e-01
 -3.6468604e-01
 -8.3468807e-01
 -1.1079850e+00
 -3.3476796e+00
  1.3806470e-01
  3.0759351e+00
  1.8628025e+00
  6.8657154e-01
  1.6997489e+00
 -1.6496934e+00
 -1.1373838e+00
  5.7731420e-01
 -1.0681877e-01
 -4.5237060e+00
 -5.0788097e+00
  6.1094272e-01
  7.7087677e-01
 -1.1016128e+00
 -1.0387717e+00
 -1.7544588e+00
  1.1185919e+00
 -8.8196486e-02
 -1.3691959e+00
 -1.6104813e-01
 -4.5581388e+00
 -1.8166178e+00
  5.3548592e-01
  1.6077982e+00
 -9.6679121e-01
 -2.3885317e+00
 -3.6609885e-01
 -6.6697413e-01
 -6.3525015e-01
 -1.3891777e-01
 -1.9600512e+00
  4.7592912e+00
 -3.0568409e+00
 -1.6732165e+00
 -1.5222158e+00
  1.7923408e+00
  1.3268245e+00
  9.7801667e-01
 -2.5606239e+00
 -2.2844768e+00
  7.0017185e+00
  2.1457229e+00
  2.4681752e+00
  6.7146182e-01
  6.8675194e+00
  1.2429724e+00
  2.2146304e+00
  9.4478834e-01
  5.2307596e+00
  1.9012794e+00
  3.9279892e+00
  1.6388927e+00
 -8.6113885e-02
 -3.8262859e-01
  4.0274334e-01
  2.5451848e-01
  5.2919561e-01
  9.6425503e-01
 -2.6635039e-01
 -7.2802418e-01
 -1.7784981e+00
  1.8998423e+00
 -6.5875441e-01
  2.4289536e+00
 -2.2391703e+00
  1.5397125e+00
  1.4226997e+00
  5.1148963e-01
 -4.2750621e+00
  9.9794708e-02
 -7.2572082e-01
 -1.1081910e+00
  1.9740640e-01
  6.3671499e-01
 -1.0358893e+00
 -9.5266736e-01
  1.4163610e+00
  1.5860770e+00
 -6.3015473e-01
 -1.5245427e+00
 -1.0124613e+00
 -1.6401270e-01
 -2.8916039e+00
 -4.1399336e+00
 -1.3619696e+00
 -2.6603487e-01
 -2.8650472e+00
  1.1372268e+00
 -1.1425902e+00
  8.7802684e-01
  1.6107531e-01
 -9.8236692e-01
 -6.0532227e+00
 -4.1241598e+00
  5.8192122e-01
 -5.2373332e-01
  2.3429921e+00
 -9.4126612e-01
  2.1823582e-01
  7.3565763e-01
 -2.0336140e-02
 -2.1095510e+00
  1.0506686e+00
  2.2808514e+00
  6.2437046e-01
  1.5244656e+00
  1.9874076e+00
 -3.7029731e-01
 -3.9376235e+00
  6.5940428e-01
 -9.4703883e-01
 -2.8869748e-01
 -2.6262793e-01
 -1.7952958e+00
 -2.9303119e+00
  6.1077201e-01
 -1.0049065e+00
 -2.2467165e+00
  1.9894202e+00
 -5.6077874e-01
  2.5739384e-01
 -1.8515580e+00
  3.7614214e-01
 -1.8973445e+00
 -3.1619730e+00
 -1.2436922e+00
  1.2560909e+00
 -2.6174212e+00
  2.3983176e+00
 -4.1799212e-01
  1.0349096e-01
  1.5003554e+00
 -5.9006338e+00
 -1.1294924e+00
 -1.9115626e+00
  1.1125982e+00
 -6.5702684e-02
 -7.7172828e-01
  1.0876712e+00
  4.7511535e+00
  8.6305666e-01
  1.0548315e+00
  1.2100447e+00
  3.7115936e+00
  2.7958736e-01
 -3.0502877e+00
 -2.1221123e+00
  2.0175519e+00
 -1.8571997e+00
  1.1499647e+00
  2.2763045e+00
  1.1178702e+00
  1.0667407e-01
  3.1050575e+00
 -1.5426065e+00
 -1.9219521e+00
 -2.2686079e+00
 -3.5843937e+00
 -2.2929192e+00
  3.6892429e-01
 -4.9346467e-03
  1.0537481e-01
 -2.8968453e-01
  1.8291427e+00
  2.2343919e+00
 -4.2356801e-01
  5.9336793e-01
  8.9761323e-01
  1.6200062e+00
  1.6980371e+00
 -3.7355205e-01
  2.4616723e+00
  2.8611493e+00
 -7.5642979e-01
  3.0961113e+00
 -1.3588606e-04
  2.4100666e+00
  6.1870438e-01
  3.2467413e-01
  6.8886155e-01
  4.0958866e-02
  1.3380270e+00
  5.5188924e-01
 -3.4026712e-01
 -2.8375764e+00
 -3.0734684e+00
  5.1616435e+00
  1.7569948e+00
 -2.7019403e+00
 -7.1089226e-01
 -6.7316788e-01
  1.7039307e+00
 -2.6933489e+00
  7.6475447e-01
 -3.3992703e+00
  4.9646178e-01
  1.5230906e+00
  3.8572282e-01
  1.6084480e+00
 -4.2371407e-01
  7.9232997e-01
 -2.5920570e+00
  3.0629272e+00
 -1.6314435e+00
  3.4885113e+00
 -3.1174338e-01
  1.7580369e+00
  1.0487185e-01
 -5.3222579e-01
  3.9365087e+00
  3.5893749e-02
  1.5268759e+00
  6.0009468e-01
 -1.8215395e+00
  1.8196470e+00
  4.6779114e-01
 -9.9569298e-03
  3.3017941e+00
  6.9404536e-01
  1.1965791e+00
  3.4193516e+00
 -4.4464958e-01
 -1.2203294e+00
  1.3004208e+00
  5.2830458e-01
  4.7398871e-01
 -2.0137656e+00
 -2.1012476e-01
  9.8021919e-01
  2.0342317e-01
 -1.3851904e+00
 -1.8564533e+00
  1.7513095e+00
  2.4727400e-01
 -8.8020104e-01
 -5.1134515e-01
 -2.0515811e+00
 -9.5660120e-01
 -9.7539121e-01
  3.5688536e+00
  4.1516591e-03
  3.1461811e-01
  2.2949369e+00
  2.6332452e+00
  2.5032032e+00
  2.1648507e-01
 -5.4923040e-01
 -2.3066992e-01
 -2.0996101e-01
 -5.2477188e+00
 -6.3953477e-01
 -3.1841843e+00
  1.0808017e-01
  3.3651242e+00
 -1.1245049e+00
  1.6057358e+00
 -3.5622847e-01
 -3.8706818e-01
  1.3986349e-01
 -1.4116873e-01
  1.1737581e+00
 -1.2563044e+00
  1.2203852e+00
 -2.2365196e+00
  1.5109575e+00
  2.4044743e+00
 -8.3981641e-04
 -1.0836195e+00
  2.4404979e+00
 -1.1286824e+00
 -1.9151725e+00
  1.2146130e+00
 -1.5432150e+00
  2.7911966e+00
  2.8376889e-01
 -7.2709145e-03
 -7.6164375e-03
  3.7702879e-01
  7.6720428e-01
 -1.2795002e+00
 -6.4166838e-01
 -4.8259169e-01
  5.5011761e-01
 -8.4308541e-01
 -1.4898784e+00
  3.7319645e-01
  3.7479419e-01
 -3.2110119e-01
  7.2955710e-01
  7.8529543e-01
 -2.2710402e+00
  3.2707679e+00
  3.5602820e+00
 -4.4417784e-01
  3.5090780e-01
  9.1760427e-02
 -1.8559279e+00
 -1.1444522e+00
 -1.6969364e+00
  9.3409276e-01
  2.5447936e+00
 -4.0418949e+00
  2.6481192e+00
  3.1867263e+00
 -1.6692636e+00
  8.1961346e-01
 -2.1856573e+00
  1.8384373e+00
 -9.8980135e-01
 -1.2845050e+00
  1.3562371e+00
 -3.9814636e-02
  2.5354416e+00
 -2.3300114e+00
  7.8570831e-01
 -2.5330939e+00
 -6.7491788e-01
 -3.0654511e+00
  1.9077442e+00
 -7.4712411e-02
  1.7790444e+00
  1.0661734e+00
 -1.5609007e+00
  7.5654936e-01
  9.7512752e-02
  2.8033648e+00
 -3.2206309e-01
 -5.8117676e-01
  3.3752747e+00
 -1.7536279e+00
  1.2505453e+00
 -1.9820887e+00
 -3.2134845e+00
 -3.2590950e+00
  2.6499727e+00
 -2.5356855e+00
  1.3162453e+00
  9.8663515e-01
 -1.3207428e+00
  1.4796998e-01
  2.9948173e+00
  2.5536153e+00
  2.8929296e+00
 -5.3827782e+00
 -1.6632273e+00
  1.6457083e+00
  4.4659963e+00
  1.8737142e+00
  6.6681081e-01
  3.3198103e-01
  2.7344711e+00
  5.4118425e-01
 -1.0600704e+00
  1.1781080e-01
 -6.2146586e-01
  1.1543441e-01
  1.4121501e-01
 -2.2318766e+00
 -8.2601529e-01
 -1.4462574e+00
 -2.1849728e+00
 -4.9501878e-01
 -7.1662647e-01
 -4.7688687e-01
 -1.9939965e-01
  1.2727134e+00
 -4.9992925e-01
 -1.6243666e+00
  2.0679541e-01
  1.0308377e+00
 -1.6119366e+00
  4.9032450e-01
  1.3300096e+00
 -1.2752876e+00
 -1.8226459e+00
  1.5694498e+00
 -1.2802064e-01
 -1.3065372e+00
 -8.5682130e-01
  1.3093951e+00
 -6.6213012e-01
 -5.7861304e-01
 -4.4402394e-02
 -5.8666229e-01
 -7.6777917e-01
  8.2429744e-02
 -4.6037294e-02
  1.3280560e-01
  7.1911436e-01
  2.2272105e+00
 -7.9472893e-01
  7.4949044e-01
 -4.0379443e+00
 -1.1266977e+00
 -3.7819753e+00
  4.7727947e+00
 -3.2550328e+00
 -5.2353754e+00
  2.8377876e-01
 -1.9433824e+00
  2.8906386e+00
 -1.4956431e+00
 -6.5444779e-01
 -2.8873420e+00
 -3.0629821e+00
  1.3118798e+00
 -8.4972453e-01
  1.3322853e+00
  7.6023757e-01
  3.0599046e+00
 -1.1811957e+00
  4.1726491e-01
  1.9169302e-01
 -5.3946722e-01
  1.0718229e+00
 -9.7516966e-01
  3.3881819e+00
 -1.8131272e+00
 -4.9158606e-01
 -2.2530189e+00
 -1.7349784e+00
 -2.0942750e+00
 -9.7258526e-01
  1.0512986e+00
 -2.0421879e+00
  6.9738638e-01
 -5.7535034e-01
  9.7140521e-01
 -1.9381589e+00
  1.7184030e+00
  2.1366820e+00
  1.8186498e+00
  4.5888573e-01
  1.0967749e+00
  2.4939084e+00
  3.2859048e-01
  2.9451150e-01
 -4.4924572e-01
  1.3802316e+00
  6.2085307e-01
  1.5961766e+00
 -1.1178638e+00
  1.8716311e+00
 -4.7913176e-01
  1.5400896e+00
 -7.2358662e-01
 -4.7016656e-01
  3.6221614e-01
 -1.0927728e+00
  2.1826358e+00
  3.5848706e+00
  2.8276341e+00
 -2.8494604e+00
 -1.1881454e+00
  2.0774562e+00
  9.5551270e-01
 -6.7543811e-01
 -4.3057384e+00
 -3.0801978e+00
 -2.8072400e+00
 -7.9753953e-01
 -1.4603406e+00
 -4.2021852e+00
 -1.8671052e+00
  4.8023528e-01
  1.4461575e+00
 -2.9180834e-01
  1.4579463e-01
  1.0808295e+00
  1.8074969e+00
  1.5933923e+00
  5.9309018e-01
  3.0541971e+00
  7.3964983e-01
  3.8674483e-01
  9.7552881e-02
  1.5082338e+00
  5.5128336e-01
 -1.8566799e+00
 -2.0963894e-01
  3.8092372e-01
  5.7011348e-01
 -1.8702016e+00
 -1.0576577e-01
 -1.2240647e+00
  1.1013975e+00
 -1.0292860e+00
 -1.8098946e-01
 -5.9738183e-01
  4.3725884e-01
 -1.9086184e-01
 -1.0491792e-01
 -1.4208338e+00
  3.6665373e-02
  1.4142970e+00
 -2.2984605e-01
 -2.0587547e+00
 -1.4402835e+00
  7.8204177e-02
  3.3296886e-01
  4.8314911e-01
 -5.9849012e-01
  1.2158725e+00
  2.4674639e-01
  2.3966918e+00
  1.8708527e+00
 -1.0712587e+00
  9.3013394e-01
  6.4117575e-01
 -1.6898313e+00
 -7.2246283e-01
 -1.0827650e+00
 -2.7760831e-01
 -8.7501132e-01
 -1.9109360e+00
 -2.3025644e+00
 -1.0297489e+00
 -1.3390275e+00
  8.2353175e-01
  6.7023897e-01
  3.9836094e-01
  1.2357163e+00
 -7.6243430e-01
  1.6558783e+00
  1.6199695e+00
 -1.3353630e-02
 -1.3992032e+00
  1.5670131e+00
  4.5308578e-01
  1.0014570e+00
 -1.5217353e+00
 -1.5257802e+00
 -8.0416971e-01
 -3.4812126e-01
  1.1818253e+00
 -9.9588251e-01
 -9.6130079e-01
  7.9298151e-01
  1.6580436e+00
 -5.6211001e-01
 -3.4751856e-01
 -6.1788142e-01
  6.4779848e-01
  7.9672605e-01
 -2.3302863e+00
 -1.3934208e+00
 -1.8436797e+00
  6.5224618e-01
  2.1907175e+00
 -7.2748119e-01
  1.0629249e+00
  6.8693495e+00
  2.6423168e+00
  7.7615422e-01
 -2.0057154e-01
 -1.5280807e+00
 -1.9719057e+00
 -4.6237382e-01
  1.0106235e+00
 -1.0458732e+00
 -1.3075600e+00
  1.5034578e+00
  1.7142259e+00
  2.2495587e+00
  3.6912388e-01
  9.1081941e-01
  1.4840733e+00
  2.2718377e+00
  1.8436865e+00
  1.0203758e+00
 -1.0723418e+00
  7.4481261e-01
  5.9412330e-01
  2.9696587e-01
 -1.6312127e-01
 -6.3342661e-01
  7.3874697e-02
  1.9816602e+00
 -1.5083377e-01
 -7.8661466e-01
  2.9693469e-01
  8.5171992e-01
  3.5945261e-01
 -5.1828128e-01
  6.8054253e-01
 -9.9019039e-01
 -4.2501953e-01
 -5.5278862e-01
  2.3733567e-01
 -1.6534913e+00
  3.5771132e-01
 -1.0247827e+00
  4.1092357e-01
 -3.6720294e-01
  1.8441883e-01
 -1.0941476e-01
  5.5420196e-01
  3.7038535e-01
  2.8171332e+00
 -3.6911154e+00
  6.8583760e+00
 -1.5634334e+00
 -1.4285152e+00
 -2.2434537e+00
  6.8092257e-02
 -3.4718921e+00
 -2.5878234e+00
  1.6807698e+00
 -9.2563063e-01
 -1.1520365e+00
  7.4849182e-01
  2.0697103e+00
  5.9061170e-01
  1.8505900e+00
  6.5017396e-01
 -1.2177155e+00
  2.4323590e+00
  2.6195624e+00
  4.9665591e-01
 -1.2997463e+00
  7.0623152e-02
  3.3502609e-01
  1.3721237e+00
  2.0602207e-01
 -3.3002007e+00
 -6.6516322e-01
  2.3655894e+00
  1.4813941e+00
 -4.0055828e+00
 -2.1897493e-01
  2.9612467e-01
  1.2974217e+00
 -9.8340321e-01
  2.8430745e-01
 -1.6400449e+00
  1.3642766e+00
  1.3833462e+00
  4.0752167e-01
 -2.6255524e+00
  9.1971767e-01
  1.5444999e+00
  4.5664740e-01
 -2.3112085e+00
 -4.1456419e-01
  4.7225851e-01
  6.3766640e-01
 -1.9821771e+00
 -2.0130241e-01
  4.0465140e-01
  1.7704614e+00
 -3.9360439e-03
 -4.1191516e+00
  2.6135066e+00
 -3.0009258e+00
 -3.3082280e+00
  1.7432673e+00
 -1.8555907e+00
  2.3047304e+00
  1.1963644e+00
  8.9450091e-01
 -1.8545483e+00
  1.4690101e+00
  1.6053599e+00
 -1.0588921e-01
 -1.0426658e+00
 -1.8518730e+00
 -7.6360071e-01
  2.0492847e+00
  2.7059755e+00
 -2.6258795e+00
 -1.2461385e+00
  2.2841635e+00
  3.5167298e-01
 -6.1125483e-02
  1.1001042e+00
  1.3359646e+00
 -2.2074847e+00
  1.0385537e+00
  1.9230688e+00
 -1.1006858e+00
 -3.0478036e+00
  2.7060363e-01
  5.0739036e-04
 -9.4725287e-01
  2.6446596e-01
 -2.0131595e+00
 -3.4408610e+00
  1.1289375e-01
  1.9165471e+00
 -1.7904333e+00
 -2.2231331e+00
  1.9993402e+00
  1.6422443e+00
 -7.2560352e-01
  4.3928611e-01
  1.1115799e+00
  4.4384775e-01
  2.6759419e-01
  1.8453606e+00
  5.8137268e-01
  9.5073981e-03
  9.5073981e-03
  9.5073981e-03
  9.5073981e-03
  9.5073981e-03
  9.5073981e-03
  9.5073981e-03
  9.5073981e-03
  9.5073981e-03
  1.9185007e-02
  1.9185007e-02
  1.9185007e-02
  1.9185007e-02
  1.9185007e-02
  1.9185007e-02
  1.9185007e-02
  1.1177531e-02
  1.1177531e-02
  1.1177531e-02
  1.1177531e-02
  1.1177531e-02
  1.1177531e-02
  1.1177531e-02
  4.8203911e-03
  4.8203911e-03
  4.8203911e-03
  4.8203911e-03
  4.8203911e-03
  4.8203911e-03
  4.8203911e-03
  1.7245864e-03
  1.7245864e-03
  1.7245864e-03
  1.7245864e-03
  1.7245864e-03
  1.7245864e-03
  1.7245864e-03
  2.9625862e-03
  2.9625862e-03
  2.9625862e-03
  2.9625862e-03
  2.9625862e-03
  2.9625862e-03
  2.9625862e-03
  7.8870944e-04
  7.8870944e-04
  7.8870944e-04
  7.8870944e-04
  7.8870944e-04
  7.8870944e-04
  7.8870944e-04
