nep4_zbl 2 C Fe 
zbl 1 2
cutoff 7.5 6.5 210 138
n_max 8 6
basis_size 12 12
l_max 4 2 1
ANN 60 0
  6.5105474e-01
 -7.8027791e-01
 -1.1040939e-01
 -1.1228142e+00
 -1.8579853e+00
 -2.4244044e+00
  8.7746716e-01
  8.3376527e-01
  6.7204595e-01
 -2.1603708e+00
  4.6872485e-01
 -1.0147237e+00
 -3.3940692e+00
  5.9011698e+00
 -5.9930891e-01
 -2.0245600e+00
  1.6351094e+00
 -2.6548478e-01
  1.7662128e+00
 -2.2819386e+00
  7.7399683e+00
 -4.2022457e+00
 -2.0691559e+00
  1.3341948e-01
  1.1164670e+00
  1.2740450e+00
 -3.0366151e+00
  1.6250322e+00
 -2.0049448e+00
 -1.1477245e+00
 -7.4009687e-01
  5.8010632e-01
 -3.0053248e+00
  3.7060905e-01
 -1.7203926e-01
  5.1908264e+00
  7.3387258e-02
  2.7791803e+00
  1.1087047e+00
  8.1808853e+00
  2.2997379e+00
  3.1992745e+00
 -1.6636800e+00
 -2.4899528e+00
 -3.5231888e+00
  4.7105762e-01
  4.6390853e+00
 -3.5377879e+00
  3.6899834e+00
 -3.8523266e-01
  8.5817766e+00
 -3.4445901e+00
 -8.9447289e+00
  2.4657614e+00
  1.9154038e+00
  2.7564058e+00
 -3.1946998e+00
  6.4392285e+00
 -4.4325175e+00
 -2.6802537e+00
  2.1428640e+00
  4.2366478e-01
  7.3199630e+00
 -3.5633872e+00
 -8.8489413e-01
 -2.6142175e+00
 -2.2743883e+00
  1.4435513e+00
 -6.7981739e+00
 -2.4942491e+00
 -3.4688839e-01
 -1.4551618e+00
 -6.8500930e-01
 -4.9357641e-01
 -3.5417206e+00
  2.6939466e+00
 -9.0700993e-04
 -2.3506050e+00
 -4.8141909e+00
 -1.9020898e+00
  1.8165990e+00
 -2.0694442e+00
 -2.0271726e+00
  1.1009609e+00
 -1.1491381e-01
  1.0934354e-01
 -1.9701693e+00
 -1.4977509e+00
  1.7228436e+00
  2.0939760e+00
  4.9771595e+00
  3.4430375e+00
  6.5714130e+00
  4.0347084e-01
 -3.9025886e+00
 -6.6352057e+00
 -5.2886844e+00
  7.9999369e-01
 -2.2686269e+00
  2.6709366e+00
 -2.2508781e+00
 -1.7475924e+00
 -3.8516684e+00
 -1.4241537e+00
 -9.7961146e-01
  1.4461927e+00
  2.2109909e-01
 -2.9140964e+00
 -3.7030742e+00
  2.9270363e+00
 -2.5583794e+00
 -3.1115892e+00
 -1.6900898e+00
  1.9139369e+00
  9.2981443e+00
 -3.8852451e+00
 -3.5932034e-01
 -1.5192267e+00
  1.4517189e+00
 -6.8974668e-01
 -1.2640625e+00
 -2.8053646e+00
 -1.9729335e+00
  3.2188585e+00
  4.8778549e-01
  8.8461370e+00
 -2.9250169e-01
  6.5408936e+00
 -1.3241976e+00
 -1.6884367e+00
  3.7799144e+00
  2.6513487e-01
 -4.5692691e-01
  7.9393935e+00
  7.1982532e+00
  5.5523765e-01
  2.5161309e+00
 -5.4859891e+00
 -7.9941130e+00
 -7.2052665e+00
  2.3863983e+00
 -2.5173278e+00
 -2.6001284e+00
  6.2337631e-01
  2.2469184e-01
 -2.0492854e+00
 -5.0356679e+00
  6.7464036e-01
 -5.0505934e+00
 -7.8805299e+00
  2.7830949e+00
 -8.5726891e+00
 -5.8911481e+00
 -2.8625339e-01
  3.2998590e+00
  3.1441681e+00
 -2.7451506e+00
 -4.9174750e-01
  2.0936821e+00
  8.1193507e-01
  1.7199919e+00
 -3.8895762e-01
  2.7512887e+00
 -4.2751827e+00
  1.7193048e+00
 -4.0037847e+00
 -3.1869488e+00
 -3.0870688e+00
  4.0287123e+00
 -1.5753173e+00
  5.1455265e-01
 -1.5799985e+00
  8.2583854e-04
  2.2450197e+00
 -2.1958163e+00
 -2.5884333e+00
 -4.6133718e+00
 -7.5788298e+00
  1.0818385e-01
  9.1375322e+00
 -3.8700471e+00
 -1.2868073e+00
  6.4120525e-01
  6.2796326e+00
 -1.1280049e+00
 -1.9690317e+00
 -1.3266232e+01
  6.4930048e+00
 -2.4763744e+00
  8.1917324e+00
 -1.1566762e+00
 -1.4467105e+00
 -2.9457576e+00
 -2.5074434e+00
 -6.1087737e+00
 -4.0557241e+00
 -2.4049582e+00
 -4.7547402e+00
  9.2056614e-01
 -6.8599472e+00
  7.2972387e-01
  7.9540071e+00
 -1.2706385e+00
  1.3079273e+00
  1.4819946e+00
  6.4787763e-01
  2.6324978e+00
  1.9936014e+00
  1.2578468e-01
  2.1287166e-01
 -4.2374182e+00
 -2.9392676e+00
  3.6548643e+00
 -2.6825337e+00
 -3.6952607e-02
  7.2697031e-01
 -5.8533925e-01
  3.1781521e+00
 -3.5939801e-01
 -5.4335871e+00
 -5.8543131e-02
  1.4240048e+00
  5.6494379e-01
  9.9534887e-01
  9.5191879e+00
  1.0866528e+00
  2.3643396e+00
  2.3360367e+00
 -9.5679832e-01
  1.1149020e+00
  2.7210050e+00
 -8.9685850e+00
  1.3011274e+00
 -1.6976180e+00
  6.1634960e+00
  5.6005526e-01
 -3.3989408e+00
 -6.9239712e+00
 -1.3376396e+00
  5.3951535e+00
 -2.7250128e+00
 -5.9066844e+00
 -5.6330209e+00
  3.9056666e+00
  7.2402701e+00
 -1.0206895e+00
 -6.7395630e+00
  7.3651094e+00
 -4.5095760e-01
  1.6610051e+00
  4.8779998e+00
 -5.4115834e+00
 -3.2908599e+00
  3.0425594e+00
  5.2530012e+00
 -3.4049869e+00
 -1.3800741e+00
  3.4686003e+00
 -1.3574711e+00
 -2.5936109e-01
  4.5801563e+00
 -1.9138193e+00
 -1.1142292e+00
 -4.2675166e+00
  3.9113864e-02
 -5.9582434e+00
  8.4090757e-01
 -2.5406089e+00
  1.2134594e+00
  1.9166154e+00
  1.9399762e+00
  5.2350080e-01
 -4.4351196e+00
  7.0684252e+00
 -7.5131321e+00
  4.4848151e+00
  3.6062751e+00
  9.2506409e-01
  2.4695950e+00
 -4.9466991e-01
  1.5947616e+00
  2.0402300e+00
 -1.8737133e+00
 -8.9030743e-02
 -3.7913409e-01
 -5.2379169e+00
 -6.5398800e-01
 -7.9998785e-01
 -1.1686085e+00
 -2.5246992e+00
  5.4979939e+00
 -5.4157896e+00
  2.4518695e+00
 -1.0630083e-02
  1.7224253e+00
 -4.0771675e+00
  4.1531253e+00
 -7.5338775e-01
  7.8864565e+00
 -3.2468810e+00
  5.4147444e+00
  3.8038735e+00
 -2.5419862e+00
  3.6074791e+00
  1.0164188e+00
  4.0782409e+00
 -2.2469199e+00
  5.7450646e-01
 -1.8565764e+00
  4.7347231e+00
  5.1615319e+00
  6.7167563e+00
  1.0672954e+00
  6.8262000e+00
 -7.3427868e+00
 -2.4540641e+00
  2.8446555e+00
  1.7725474e+00
 -5.5712527e-01
  1.1295300e+00
  3.4639674e-01
  3.4858320e+00
 -2.1844451e+00
 -1.2221568e+00
 -2.1478622e+00
 -1.8770220e+00
 -2.9795947e+00
  5.3718257e-01
 -4.1233549e+00
 -2.3431766e+00
  9.0035582e-01
  3.8896582e+00
 -1.2895662e+00
 -5.0501351e+00
  2.9717023e+00
 -4.7984157e+00
  1.8894382e+00
 -1.0441853e+00
 -6.0892075e-01
  1.3649995e+00
 -4.3694444e+00
  3.1585431e+00
 -1.7191703e+00
 -9.0643129e+00
 -8.6735785e-02
  3.0884147e+00
 -4.5550489e+00
  1.2286230e+00
  3.3257499e+00
  1.9082105e-01
 -2.1485908e+00
 -1.0442663e+00
 -1.3000233e+00
  1.5722142e-01
  1.7498084e+00
  2.0071454e+00
 -2.6531198e+00
 -2.6354568e+00
  2.4068704e+00
  6.5643674e-01
 -2.0515475e+00
  1.9348958e+00
  3.4007328e+00
 -8.1791067e-01
 -1.2296321e+00
 -3.2524998e+00
  5.4387873e-01
 -7.7095995e+00
 -2.4945734e+00
 -1.4484389e+00
  3.3540156e+00
  8.5823193e+00
 -9.5617390e-01
  4.2067790e-01
  5.3778944e+00
 -6.0075941e+00
  7.7706712e-01
  3.5918646e+00
  3.6573637e+00
  7.0883697e-01
 -1.5030990e+00
  2.6566010e+00
 -1.1422433e+00
  1.1264385e+00
 -2.2746888e-01
  2.2484655e+00
 -6.7209020e+00
  1.9033121e+00
  1.7039906e+00
  1.2036283e+00
  3.8070369e+00
 -1.6580863e+00
 -7.2794523e+00
  1.5762385e+00
 -9.7975550e+00
 -5.7164354e+00
  4.4949775e+00
  2.8045578e+00
  1.3967515e+01
  8.7189093e+00
  4.1205730e+00
 -5.1954412e+00
 -1.8619671e+00
  6.0134535e+00
 -3.1391740e-01
 -3.0204396e+00
  3.0363074e-01
 -3.1196399e+00
 -2.5088227e+00
  4.9109793e+00
  8.4522796e-01
  2.8134768e+00
  2.9239392e+00
  4.6198516e+00
  3.9388771e+00
  8.5252410e-01
 -3.3114240e+00
 -1.8792545e+00
 -6.1012917e+00
 -2.9521337e+00
 -1.0113798e+01
 -2.7293270e+00
  1.9305509e+00
  1.6190445e+00
  4.1126913e-01
  2.2031951e+00
 -5.2148753e-01
  4.4136300e+00
  6.8976218e-01
 -2.2207046e+00
 -3.8118467e+00
 -1.7448049e+00
 -3.3845544e+00
  6.5535078e+00
  1.3870656e+00
 -1.4202839e+00
 -3.8848352e+00
  4.6420841e+00
  6.0141301e+00
  4.1058567e-01
 -3.3029470e+00
  1.1724831e+00
 -5.5757725e-01
  4.3116436e+00
  2.7540820e+00
  1.1980928e+00
  4.2548332e+00
 -4.0462966e+00
 -3.0048664e+00
 -3.5200446e+00
  2.8575230e+00
 -1.9604843e+00
  3.4433836e-01
  8.3887949e+00
 -9.7864323e+00
 -1.3134367e+00
  4.4380484e+00
 -1.4952687e+00
 -3.1662385e+00
  6.2879819e-01
  3.2804074e+00
 -9.8058480e-01
  1.4352795e+00
 -3.3488661e-01
 -6.9088680e-01
 -1.7963874e+00
 -5.7762802e-01
  5.7937407e-01
  2.3593500e+00
  1.2842941e-01
  5.3849125e-01
 -2.2675369e+00
  3.8342077e-01
  3.8693559e+00
 -1.9232861e+00
 -6.8150103e-01
  5.5082798e+00
  2.7624152e+00
  2.7473333e+00
 -8.4130532e-01
 -6.2130761e-01
 -2.2610183e+00
  3.5709600e+00
  2.3917198e+00
 -4.2467168e-01
  7.8808379e-01
  2.0829828e+00
 -5.2715445e+00
  4.7169411e-01
 -2.7755301e+00
  2.3577477e-01
  1.6211997e+00
  4.4241118e+00
  2.7024863e+00
  1.5954729e+00
  2.2018571e+00
 -3.5226648e+00
  4.0586561e-01
 -2.8792160e+00
 -1.4739782e+00
  7.8805393e-01
 -4.9479952e+00
  1.3373393e+00
 -8.6595478e+00
 -1.0739266e+00
  1.9639056e+00
  1.6937084e+00
 -9.6847242e-01
  1.7623261e+00
 -2.1993375e+00
 -4.5920701e+00
 -1.4154478e+00
  1.7870278e+00
 -1.8421023e+00
 -3.4787574e+00
 -3.5115681e+00
 -5.2162685e+00
 -7.4941754e+00
  1.7978206e+00
  5.0643998e-01
 -4.6658535e+00
 -7.8120813e+00
 -6.6476402e+00
  2.2327399e+00
  1.1594024e+00
 -1.1057028e+00
 -3.4118617e+00
 -1.4228899e+00
  3.1997922e-01
 -8.3726102e-01
 -8.0290966e+00
  1.0498624e+00
  6.2950331e-01
  2.8205760e+00
 -5.7814817e+00
 -6.0825205e-01
 -1.0155572e+00
  1.4851375e+00
  6.0636836e-01
  1.2557236e+00
  3.2892184e+00
 -6.8615012e+00
 -3.7856746e+00
  6.9804054e-01
  9.0965785e-02
  4.6041179e+00
 -9.4354761e-01
  1.1682655e+00
  1.4978269e-01
  4.2608911e-01
 -1.7380569e+00
 -3.5794733e+00
  2.3458838e+00
  9.3779498e-01
 -9.4105393e-01
 -2.3546287e-01
  3.0604973e+00
  7.7180037e+00
 -6.1047971e-01
  4.3830810e+00
 -8.8108740e+00
  3.1103948e-01
  9.8970002e-01
 -3.9695587e+00
  8.3537817e+00
 -7.0170361e-01
  5.0757891e-01
 -4.4752231e-01
  6.3493170e-02
 -5.3971016e-01
 -4.9109445e+00
  7.4084067e-01
  4.5301394e+00
 -1.1351879e+01
 -4.8145275e+00
  3.4530232e+00
 -3.1272888e+00
 -6.0568466e+00
 -6.9029421e-01
  3.8511295e+00
 -3.3828359e+00
  6.9962376e-01
  2.8884346e+00
 -2.0974572e-01
  1.2457628e+00
 -1.3562008e+00
  4.6147656e+00
  2.5274096e+00
  1.2582878e+00
 -1.9305007e+00
 -1.7855516e-01
  3.8744583e+00
 -6.3326850e+00
  2.8871975e+00
  3.3493462e+00
 -5.2580719e+00
 -3.4783607e+00
 -4.5389156e+00
  1.1006119e+00
 -2.1970248e+00
 -5.3790383e-02
 -2.2396433e+00
 -8.4313117e-02
  1.7136571e+00
  6.0710683e+00
  2.4052880e+00
  1.0076380e+01
  6.8481145e+00
  6.7104101e-01
  7.2929511e+00
  5.1309724e+00
 -4.3287649e+00
 -1.0098337e+00
 -5.5349833e-01
 -4.4030108e+00
  2.5332408e+00
 -2.2283423e+00
  2.6182351e+00
  3.1904037e+00
  6.5531082e+00
 -6.0001988e+00
  5.1697910e-01
 -5.2080708e+00
 -3.6332922e+00
  2.4278048e-01
  2.1297026e+00
 -3.9213779e+00
  3.1825955e+00
  5.5529351e+00
 -3.6305645e+00
 -4.3594170e+00
 -8.9299130e-01
  5.4703255e+00
 -1.3816497e+00
 -1.2449727e+00
  6.5404816e+00
  3.9907026e+00
  4.4164457e+00
  6.0143919e+00
  1.9713957e+00
 -1.7327229e+00
  3.1492910e+00
  4.7797470e+00
  1.6084697e+00
  1.9702922e+00
  2.2363577e+00
  8.7837881e-01
 -2.0713427e+00
 -1.3784833e+00
  1.0624766e+00
  3.0711577e+00
  8.8755846e+00
  3.7691362e+00
 -1.9751014e-01
  1.5026557e+00
  7.3397818e+00
  9.7258848e-01
  6.6257119e+00
 -1.5203104e+00
  4.7871593e-01
  5.9100777e-01
 -2.3702469e+00
  4.2590094e+00
  8.7267083e-01
 -3.8886454e+00
 -1.6703737e+00
 -6.8177503e-01
  1.3926299e+00
  2.6454282e+00
 -3.1779449e+00
  5.0313001e+00
  2.4596784e+00
  3.1164747e-01
 -3.0096750e+00
 -3.8305452e+00
 -1.5983810e+00
 -2.5920453e+00
 -6.3395992e-02
 -1.5120090e+00
  2.7928092e+00
  3.5541651e+00
 -3.4949279e+00
  3.2516544e+00
  1.2478120e+00
 -3.9160140e+00
  1.6849355e+00
 -1.6145971e+00
  8.4106894e+00
 -1.8132292e+00
 -6.1866772e-01
  2.2401676e-01
  6.9459991e+00
  7.3228300e-01
 -3.2302812e-01
  1.5329652e+00
 -6.0891118e+00
 -6.4477191e+00
 -3.1604595e+00
  1.4167304e-01
  4.1067243e+00
 -3.9055746e+00
  2.4743624e+00
 -6.7863936e+00
 -8.9658670e+00
  1.1301140e+00
 -3.6658959e+00
 -1.2304610e+00
 -1.7889230e+00
  3.6088622e+00
 -7.8614349e+00
 -5.4026885e+00
  2.6256335e+00
  3.1256118e+00
 -2.7208018e+00
 -7.9818571e-01
 -1.0137665e-01
 -1.5919752e+00
  6.2232822e-01
  3.9442382e+00
  1.7747101e+00
 -4.4034469e-01
  1.8255101e+00
 -3.8171586e-01
  7.3990641e+00
 -8.2489812e-01
 -1.6455402e+00
 -2.4683886e+00
  1.3998471e+00
 -3.0967233e-01
 -6.1162949e+00
 -5.0425458e+00
 -2.2515430e+00
 -2.2149259e-01
 -1.9358536e+00
  2.8239145e+00
 -1.7076118e+00
 -3.6022809e+00
 -1.7236615e+00
  4.0707994e-01
 -8.8020235e-01
  6.9770346e+00
  4.5080409e+00
 -1.9458159e+00
 -5.2719564e+00
 -3.3190053e+00
  4.9410591e-01
 -4.0539808e+00
  8.1544936e-01
  5.0676079e+00
 -1.0861083e+00
 -2.7238543e+00
 -4.6852670e+00
  8.0280027e+00
  7.8739274e-01
 -7.9137783e+00
 -4.1557840e-01
 -1.9983239e+00
 -2.4088469e+00
 -2.5715227e+00
 -1.2848979e+00
  1.1572398e+01
 -5.0355291e-01
 -4.5924177e+00
  6.0782659e-01
 -1.4768591e+00
 -8.8753259e-01
  1.2306906e+00
  3.3139203e+00
 -2.0963533e+00
  6.1620350e+00
 -3.2969506e+00
 -3.5111022e+00
 -1.1981981e+00
  6.0377902e-01
 -5.8918986e+00
  4.7933655e+00
 -4.8547659e+00
  2.1393066e-02
  3.7745781e+00
 -1.8708615e+00
 -3.0637155e+00
  7.2096686e+00
 -1.0503670e+00
  2.4416487e+00
  8.6508274e+00
 -3.2370201e-01
 -1.7106634e+00
  3.6444349e+00
 -1.9719263e+00
 -9.5195580e-01
 -7.8684511e+00
  5.8977141e+00
  6.5581757e-01
  1.3191512e-01
  5.9078377e-01
 -4.9930291e+00
  5.6479797e+00
 -4.0109801e+00
 -3.9570067e+00
  6.9164771e-01
  2.9311383e+00
 -1.9974364e+00
 -1.2696691e+00
 -1.7502131e-01
  2.1760807e+00
 -2.9899881e+00
 -3.2448580e+00
 -4.5547185e+00
  2.5148640e+00
 -1.0421772e+01
 -1.2097298e+00
 -3.3997011e-01
 -3.5852311e+00
  7.5081096e+00
 -1.8870214e+00
 -2.4127959e-01
  2.0346804e+00
  5.2681751e+00
 -1.5388235e+00
 -4.0160351e+00
  5.4973054e+00
  2.6292729e+00
 -1.1123300e+00
 -5.0393730e-01
  1.1195381e+00
  2.8904288e+00
 -6.7312646e+00
  6.2574315e+00
  3.1270959e+00
  3.6461680e+00
 -2.9353281e-02
 -5.2624078e+00
 -1.7844254e+00
  8.5924262e-01
 -2.6500947e+00
  7.9950166e+00
  4.3694234e+00
  1.0960968e+00
  2.6597393e+00
 -3.4364302e+00
  5.0891042e+00
 -5.3029251e-01
 -2.1814032e+00
  2.3860838e+00
 -1.5403636e+00
  1.4371170e+00
  4.6708141e-02
  8.6934268e-01
  7.9004335e-01
  5.2838969e+00
 -4.7654176e+00
 -3.9168575e-01
  1.7044913e+00
 -4.7762289e+00
 -4.2909522e+00
 -1.0634798e+00
 -1.5619693e+00
  3.6412258e+00
  2.4842479e+00
 -6.2679660e-01
  2.9405901e-01
  6.3890042e+00
  2.5423136e+00
 -2.7193387e+00
 -3.9870423e-01
 -4.8091335e+00
  1.4295901e+00
 -3.8880572e+00
  2.0071082e+00
  1.4442475e+00
 -1.3600814e+00
  2.9482806e+00
 -2.5123131e+00
  9.4154346e-01
 -8.2894630e+00
 -1.5533894e+00
 -7.3392801e+00
 -1.1528685e+00
  8.6698637e+00
  1.9988041e+00
  4.9630971e+00
 -5.0570540e+00
  3.5167251e+00
 -9.6282877e-02
  1.7262102e+00
  4.3798218e+00
  2.0545897e+00
 -2.6258492e+00
  8.3660841e+00
 -3.3928494e+00
 -2.3942854e-01
 -5.8210206e+00
  3.3512180e+00
  1.1923267e+00
  4.3836915e-01
  3.6440449e+00
  3.9051969e+00
 -6.6121974e+00
  2.6226451e+00
 -1.3966869e+00
  1.1192904e+00
 -1.0241530e+01
  5.3932500e+00
  2.5152841e-01
 -9.2947209e-01
  7.8707161e+00
 -2.2574377e+00
  4.7103190e-01
 -6.1445580e+00
 -4.2574639e+00
 -2.2307780e+00
  3.1293974e+00
 -1.1785486e+00
  1.7329964e-01
  5.2238083e+00
 -4.4503169e+00
 -1.4224916e+00
 -1.7120671e+00
  4.6763382e+00
  2.4322081e+00
 -1.8254343e+00
  2.6859407e+00
  2.4260201e+00
  2.1894534e+00
  2.3849537e+00
 -2.3180742e+00
  3.4010115e+00
  3.6474276e+00
  6.1226811e+00
  5.5889931e+00
  9.2078984e-01
  1.5668200e+00
  9.0847807e+00
 -1.4998388e+00
 -1.3792270e+00
  4.4105166e-01
  3.2616444e+00
  3.7923422e-01
 -3.3301408e+00
  4.9741263e+00
 -9.2094183e-02
  3.9587889e+00
 -3.4560852e+00
  9.4776094e-01
  7.7075996e+00
  2.9705635e-01
 -7.2687039e+00
 -2.4207921e+00
  5.5432863e+00
 -9.5172081e+00
  3.1995025e+00
 -4.7696686e+00
 -3.6350474e+00
  7.1066451e+00
  1.5102072e+00
  1.1930616e+00
 -2.4885650e+00
 -5.1506764e-01
 -5.0573645e+00
  1.4370379e+00
  2.5983569e-01
 -2.9283860e-01
  6.5045482e-01
 -5.4153430e-01
  4.3463850e+00
  2.8702023e+00
  4.8947701e+00
 -3.5249272e-01
 -1.5491432e+00
  5.4135523e+00
  7.0133805e+00
  2.2371398e-01
 -1.0838958e+01
 -1.0604155e+00
  1.7134238e+00
  9.8106034e-02
  1.2057217e+00
  4.5809922e+00
 -9.5649131e-02
  1.7645130e+00
 -6.5757756e+00
  2.0276239e+00
  5.2369566e+00
  9.6170062e-01
 -5.4277420e-01
 -3.1387889e+00
 -1.7814922e+00
  4.8997277e-01
 -8.8072567e+00
  2.5754197e+00
 -6.4306724e-01
 -2.8420777e+00
 -2.6210086e+00
 -6.3688555e+00
 -5.4627085e+00
 -1.3497167e+00
 -2.7285898e-01
 -4.2869563e+00
  4.4681954e+00
 -8.2567968e+00
 -3.9168742e+00
 -1.1894853e+00
  2.2542207e-02
 -2.5083413e+00
  2.3070545e+00
 -3.4659476e+00
  5.1105351e+00
 -8.8694868e+00
  3.4542437e+00
 -1.1256572e+00
  1.3319259e+00
  3.8319883e-01
  7.4665332e-01
 -2.1603234e+00
  4.7511843e-01
 -3.0443630e-01
  2.4793527e+00
  5.1642952e+00
 -8.2570925e-02
  2.5982516e+00
  3.4441750e+00
  3.6411517e+00
 -1.1617668e+00
  2.3599927e+00
  1.1204096e+00
 -4.7003751e+00
  7.4819317e+00
 -1.4175734e-01
 -7.2675185e+00
  3.3533776e+00
  4.4814711e+00
 -1.0584723e+01
  5.6405125e+00
 -3.5767190e+00
 -5.4606423e+00
  1.0610088e+00
 -9.4970722e+00
  1.2207811e-02
  2.9625411e+00
  4.6260524e+00
  5.9797115e+00
 -1.7657586e+00
 -8.0850178e-01
 -8.0111843e-01
  2.5528903e+00
  6.4164643e+00
 -1.1904937e+00
  5.9153447e+00
  1.0400523e+00
  1.9807494e+00
 -7.3434180e-01
  1.4952252e+00
 -2.0453978e+00
  1.1249266e+01
  3.2659155e-01
  3.1102699e-01
 -2.3003423e-01
 -8.0080557e-01
  1.6762459e+00
 -1.3228472e+00
  2.7706001e+00
  4.9665761e+00
  2.8180149e+00
  3.1420016e+00
  9.8204270e-02
 -7.8695256e-01
 -5.1946192e+00
  1.5478174e-01
 -4.1280031e+00
  6.9217467e-01
  8.7247258e-01
  2.4855888e+00
  3.4704318e+00
  2.4947436e+00
 -1.8400253e-01
  5.2142630e+00
  6.8969554e-01
  5.9378326e-01
  5.7876310e+00
  5.1977067e+00
 -6.8798828e+00
 -1.4851828e+00
  6.4358993e+00
  4.5059071e+00
  9.8593307e-01
  4.2242680e+00
 -1.7647029e+00
  1.0081658e+00
 -6.3319027e-01
  4.1910415e+00
 -2.4939287e+00
  7.7205553e+00
 -1.3671139e+00
 -1.7364897e+00
 -3.2141054e-01
  2.7265124e+00
  4.4188271e+00
  2.1945686e+00
  2.6200111e+00
 -8.6155996e+00
  3.1044677e-01
  2.6522408e+00
  8.5923090e+00
  4.2699494e+00
 -5.6581178e+00
 -2.9112704e+00
 -6.1985284e-01
  3.9381027e+00
 -2.2460947e+00
  4.6181335e+00
 -9.4635081e-01
 -1.9714525e+00
 -3.1972861e+00
  1.1642019e+00
  2.0198286e+00
  5.3057203e+00
 -1.1761260e+00
  1.6505569e+00
 -1.9581581e+00
 -5.9088678e+00
  1.0763282e-01
 -6.7736882e-01
 -9.3574631e-01
  2.7788808e+00
  1.0327093e-01
 -8.2396623e-03
 -3.9953601e-02
  5.8527589e-01
 -1.0480162e+00
 -5.9349644e-01
 -2.5014141e-01
 -1.5046543e+00
 -8.6836952e-01
  2.0918608e-01
 -5.7731920e-01
 -1.1655052e+00
  9.7022933e-01
  2.2500303e+00
 -7.8747267e-01
 -5.1575460e-02
  6.6306180e-01
  3.9975774e-01
 -3.6103277e+00
  2.3997929e+00
  3.9150422e+00
  3.2804480e+00
  3.3993986e-01
  4.2525035e-01
 -2.0420171e-01
  5.4336321e-01
  3.4300201e+00
  4.8514423e-01
  1.2250451e+00
  2.5626454e+00
  6.8861210e-01
 -1.7716136e+00
 -3.0988160e-01
 -5.9314650e-01
  3.1119508e-01
  1.6311780e+00
  3.0841729e-01
  4.1855857e-01
 -3.8521891e+00
 -8.4690779e-01
  3.6134332e-01
 -1.8295729e+00
 -2.2062211e+00
  3.4479473e+00
  6.1948687e-01
  6.8556613e-01
 -1.7638808e+00
  2.8002048e+00
 -3.9305041e+00
  1.0571750e+00
 -7.0790172e+00
 -4.6895656e-01
 -6.1352210e+00
  8.4966731e-01
  4.8406067e-01
  4.4547071e+00
 -1.4418654e+00
  2.0387557e+00
 -8.8802891e+00
 -4.1683693e+00
  2.4229856e+00
  3.4002693e+00
  1.2868646e+00
 -2.3757784e+00
  1.5937402e+00
  4.1305833e+00
  3.3520844e+00
  4.0944757e+00
 -3.7704263e+00
 -1.8181702e+00
 -5.6884484e+00
 -2.9263261e-01
  3.9737279e+00
  3.9284904e+00
 -8.1058615e-01
  2.5415081e-01
  8.4797370e-01
 -1.2464210e+00
  4.8873085e-01
 -9.1465578e+00
 -6.0557711e-01
  7.7407682e-01
 -9.7923124e-01
 -1.0765966e+00
 -3.9555082e+00
  2.7627020e+00
 -6.8248409e-01
  1.7620502e+00
  3.9000556e+00
 -3.1847976e-02
  5.9297810e+00
  2.4088387e+00
  3.7617004e+00
 -3.7169240e-02
 -2.8526616e+00
 -3.2687171e+00
  1.7401680e+00
 -1.7659369e+00
 -5.7142448e-01
 -4.2110672e+00
  1.2706223e+00
 -1.2202938e+00
 -6.6217291e-01
  1.9433166e-01
 -2.4667618e+00
 -5.8987923e+00
  5.4513531e+00
  6.7922699e-01
 -1.6591656e+00
  1.8176706e+00
 -2.2652125e+00
 -3.0478650e-01
  1.2945782e+00
 -1.8038023e+00
 -3.0564761e+00
 -4.4481287e+00
  5.7133579e+00
  1.9348953e+00
 -2.9072542e+00
  1.1031475e+00
 -2.5086718e+00
 -2.2535479e+00
 -1.8742459e+00
 -1.6744494e+00
 -9.7288467e-02
 -3.7170863e+00
 -3.4324207e+00
  5.5892348e+00
 -3.4753752e+00
  1.3630514e-01
  1.2560071e+00
 -3.5933268e+00
 -1.0543518e+00
 -5.4016323e+00
  4.1945028e+00
 -6.3586054e+00
 -6.7923033e-01
 -5.3596311e+00
 -1.1865696e+00
  6.5097556e-02
  2.1716752e+00
  8.7850323e+00
  5.0008068e+00
  3.2437770e+00
 -3.5600311e-01
  3.5663249e+00
 -7.4002051e-01
 -7.6494306e-01
 -2.2858379e+00
  4.5268944e-01
 -1.7931244e+00
  4.2092690e+00
  8.7631550e+00
  1.4153157e+00
 -2.5969155e+00
 -1.2078407e+00
 -6.6084623e-01
  2.2347662e+00
  4.5733199e+00
 -1.1053960e+00
 -1.4470916e+00
 -5.3158064e+00
  1.2502195e+00
  3.8117626e-01
  3.0622785e+00
  2.7178302e+00
  3.6930125e+00
 -4.4649029e-01
  2.4888861e+00
  2.1425126e+00
 -4.5409322e+00
 -4.6895921e-01
 -7.3395219e+00
 -8.1299467e+00
 -4.6548963e+00
 -1.4827023e+00
 -3.9770038e+00
  3.7979481e+00
 -7.5732839e-01
 -1.6033653e+00
 -2.0246868e+00
 -1.9344115e+00
  6.1915892e-01
 -1.0883705e-01
 -2.3444610e+00
 -1.1417239e+00
  9.8008221e-01
  3.9661694e-01
 -7.3522615e-01
 -2.4465141e+00
 -2.4130938e+00
  3.0649662e+00
 -1.9453174e+00
 -6.1079011e+00
  1.1151481e+00
 -2.5021741e+00
 -1.5988438e-01
  1.7996892e+00
 -3.2152774e+00
  2.4994287e+00
 -2.9875457e+00
  2.4859817e+00
  5.2472252e-02
 -2.2095628e+00
  7.0381075e-01
 -3.8861302e-01
 -8.3166766e-01
  2.3095354e-01
 -5.8689731e-01
  4.9825561e-01
 -4.7239062e-01
 -8.8072950e-01
  1.1229975e+00
 -8.9983213e-01
 -5.4909289e-01
  4.1557860e+00
  4.4162440e+00
 -1.3263727e+00
  1.3248055e+00
 -2.4064734e+00
 -3.5505581e-01
 -2.9513187e+00
  4.3077307e+00
  1.7922934e+00
  2.3056283e+00
 -1.4557353e+00
 -2.2406416e+00
 -6.4961702e-01
  4.9079113e+00
 -3.6899239e-01
  2.5917253e+00
  2.5272400e+00
  1.2463650e+00
  1.4884138e+00
 -1.7953306e+00
  4.8510103e+00
  5.1548991e+00
  2.1431823e+00
 -6.9195199e-01
  6.7307377e-01
 -1.6503855e+00
  3.0329936e+00
 -5.7293531e-02
 -2.8942003e+00
 -2.6707072e+00
 -8.0158025e-01
 -9.0821260e-01
 -1.4967865e+00
 -2.2964668e+00
  2.5516088e+00
 -6.2123508e+00
  2.1382234e+00
  4.4648824e+00
  6.8007630e-01
 -1.1820433e-01
 -1.8164357e+00
 -4.0140014e+00
 -1.9950742e+00
  7.5837455e+00
  2.9299611e-02
  1.8191925e-01
 -2.4143674e+00
  1.7554862e+00
 -3.3650739e+00
  4.9280575e-01
  3.4989097e+00
  3.4123498e-01
 -1.0541816e+00
  1.8100648e+00
 -2.4007177e+00
  3.8314831e-01
  7.1899495e+00
  3.6092645e-01
 -8.0331898e-01
 -2.3968327e-01
  3.9088478e+00
 -9.1657680e-01
  2.9832036e+00
 -3.4406962e+00
 -2.1423216e+00
  9.1128845e+00
  3.8557844e+00
  8.4625798e-01
 -1.2276391e+01
 -3.8856881e+00
  7.4013968e+00
 -1.0562747e+00
  4.1763659e+00
  4.1153637e-01
 -6.1027060e+00
  2.0627329e+00
  3.1013606e+00
 -5.1074314e-01
  4.7810273e+00
  2.8625703e+00
  1.2721887e+00
 -1.1571336e+00
  5.0373621e+00
 -4.2214841e-01
  2.1742007e-01
  2.0923717e+00
 -1.3654391e+00
  1.3718418e+00
  4.1453781e+00
  2.7673795e+00
 -5.3393669e+00
 -8.3916092e+00
 -5.2200522e+00
  2.0302275e-01
  6.0682712e+00
 -1.8063806e+00
  5.6583004e+00
  1.9529611e+00
 -3.8576245e+00
  5.2698054e+00
 -9.4006437e-01
 -8.7623280e-01
 -6.9200270e-02
  2.4994059e+00
  6.0103327e-01
  1.4197719e+00
  8.6418180e+00
 -4.3899579e+00
  7.3493624e+00
  1.7454082e+00
 -7.5796479e-01
  6.8171282e+00
  2.1824222e+00
 -5.5410128e+00
 -2.7057097e+00
 -1.6133634e+00
 -1.3865511e+00
 -2.7950299e+00
 -3.4260502e+00
  1.9253627e+00
 -2.8711810e+00
  4.4857058e-01
  1.3421124e+00
 -1.8980239e-01
  4.9077129e+00
 -4.6753874e+00
 -4.1807890e-01
 -3.0139473e-01
 -1.2853311e+00
  1.9968295e+00
  1.1635789e-01
 -4.5117441e-01
 -5.3806174e-01
  3.3398061e+00
 -7.4852395e-01
  4.5915608e+00
  4.1243110e+00
 -1.3874260e+00
  3.9421008e+00
 -4.7781587e+00
  9.5130175e-01
 -2.1690230e+00
 -3.6896503e-01
 -3.0665095e+00
  7.0802665e-01
  4.7763872e-01
  3.4913754e+00
  1.1269406e+00
  1.6404942e+00
  2.2120857e+00
 -2.5933497e+00
  4.9717579e+00
  1.0320941e-01
 -5.9638877e+00
 -6.0476213e+00
  7.7501118e-02
  4.3093753e+00
 -3.9637737e+00
 -3.7928782e+00
 -5.1104393e+00
 -5.2228990e+00
 -8.5784811e-01
  9.3991971e-01
 -3.4495503e-01
 -2.1353118e+00
 -2.8385973e+00
 -4.9570351e+00
  3.3222735e-01
 -1.4321028e+00
 -7.5950992e-01
 -3.7459144e-01
 -3.5913241e+00
 -4.0783378e-01
  8.0953920e-01
  6.2847137e+00
 -3.0643711e+00
 -1.5744238e+00
  1.9580643e+00
  3.4858439e+00
 -1.4021684e+00
 -5.4591966e+00
  1.6603339e+00
  1.3046581e+00
  4.4530106e+00
  1.4623280e+01
  3.0161064e+00
 -2.0287523e+00
 -2.2477281e+00
  3.8057766e+00
 -3.7134371e+00
  3.3967459e+00
  1.5741941e+00
  4.8378272e+00
 -2.2315621e+00
 -7.5266188e-01
 -2.9655232e+00
 -5.5882800e-02
 -9.1717523e-01
 -4.5906081e+00
  4.8142605e+00
  2.9787770e-01
 -9.8675042e-01
  7.1054870e-01
  6.2993848e-01
 -2.0306737e+00
 -8.0396301e-01
  3.7012403e+00
 -4.5671721e+00
  6.7284048e-01
 -2.1404290e+00
 -1.9357679e+00
  5.8046527e+00
  6.2918677e+00
 -6.8895710e-01
 -1.0438344e+00
  2.7636356e+00
 -2.7132802e+00
  2.8134356e+00
  1.7661178e+00
 -3.5820930e+00
 -6.5405887e-01
  1.9433050e+00
  2.1451478e+00
 -1.0123134e+00
  3.6333692e+00
 -4.4211493e+00
  1.9482398e+00
  2.7086604e-01
 -9.3114138e-01
 -3.9102775e-01
 -3.0916312e+00
 -1.3629091e+00
 -3.5231745e+00
  4.8831763e+00
  7.8968711e+00
 -5.7433467e+00
  1.9160517e+00
  4.3053827e+00
  1.1757454e+00
 -4.7849021e+00
 -4.6944469e-01
 -8.5024519e+00
 -4.6387620e+00
 -3.8873487e+00
 -5.4720860e+00
 -1.4514092e+00
  2.0373906e-01
 -3.2642338e+00
  2.9241474e+00
  1.6290278e+00
 -3.9815316e+00
 -9.2962426e-01
 -5.8097234e+00
 -2.6648817e+00
  2.9276757e-02
  2.3409972e-01
  2.4593556e+00
 -4.3953285e-01
 -1.7188841e+00
  3.2209594e+00
  3.1508420e+00
 -1.7793133e+00
  8.0651081e-01
 -1.4388896e+01
 -7.6795143e-01
  4.2691767e-02
  9.2977077e-02
  3.5361106e+00
  3.5366085e+00
 -4.8198237e+00
 -3.2108966e-01
  3.8443525e+00
  5.5825753e+00
  5.4154282e+00
 -2.4113019e+00
 -3.2364428e-01
  3.0908604e+00
 -5.7249241e+00
  4.5217681e+00
 -8.1093252e-01
 -1.4542450e-01
 -3.1608922e+00
 -1.1756185e+00
  1.0183815e+00
  5.6907387e+00
 -7.0814574e-01
  1.2523960e+00
 -1.2857796e+00
  3.2925251e+00
  3.7521601e+00
  1.9014673e+00
  3.6702156e-01
 -9.4662410e-01
 -4.0843129e+00
  6.8012244e-01
  4.8368382e-01
 -4.5230846e+00
 -6.6206819e-01
 -1.4223361e+00
 -1.5812742e+00
 -2.2678454e+00
 -2.2444031e+00
 -7.8090656e-01
  2.4486983e+00
  7.9459935e-01
 -6.8828684e-01
  3.8486962e+00
  2.3522012e+00
  2.9070225e+00
  4.8815355e+00
 -3.4356282e+00
  1.0389996e+01
  2.2091250e+00
 -4.3569798e+00
 -2.9095645e+00
  5.6491656e+00
  3.4967465e+00
 -2.2584918e+00
  2.6373074e+00
 -1.6048058e+00
 -4.5575395e+00
  7.6227779e+00
 -8.1169784e-01
  9.5798868e-01
  6.7082691e+00
  5.5659592e-01
 -1.7609315e+00
  5.4597564e+00
  9.8923855e+00
 -2.0435390e+00
 -6.0094128e+00
 -3.0912158e+00
 -4.6906558e-01
  2.3388772e-01
  1.4147110e+00
  4.6904211e+00
 -1.2254121e+00
  3.2699018e+00
  6.8997926e-01
  2.4667320e-01
 -2.3129609e+00
  3.4735243e+00
  1.4475269e+00
 -3.9902277e+00
 -1.1375976e+00
  3.4645241e-01
  6.9070238e-01
 -9.9298470e-02
 -8.2406528e-02
 -1.0222791e+00
  3.2362425e-01
  7.2090262e-01
 -7.1321446e-01
 -6.6957319e-01
 -5.4727614e-01
  1.1735879e+00
 -2.7379098e+00
  2.6381880e-01
  2.0253060e+00
 -1.1076009e+00
  5.1510024e-01
  8.3218113e-02
  1.3675643e+00
 -2.2041285e+00
 -1.0520159e+00
 -3.0606759e+00
  5.0106829e-01
 -1.2649224e+00
 -1.1100240e+00
  1.9418710e+00
  6.1818159e-01
  4.4901328e+00
 -2.3162684e+00
 -2.1388094e+00
 -5.7387805e+00
 -2.9653094e+00
  4.0898204e+00
 -6.4149194e+00
  9.5645547e-01
  7.8200853e-01
 -4.2014289e+00
  8.5295767e-01
 -4.4585067e-01
  9.5561683e-01
 -4.8671165e+00
 -3.1926215e+00
 -2.1235472e-01
 -1.7161866e+00
 -5.9420004e+00
  6.5238133e-02
 -2.4959046e-01
  1.7265103e+00
 -2.1699297e+00
  1.6716716e+00
  1.9654073e+00
 -5.9276080e-01
 -7.4996543e-01
 -1.1839286e+00
 -7.7535671e-01
 -1.2198511e+00
 -9.5261520e-01
 -3.0970955e+00
 -6.4005971e-01
  4.3626282e-01
  2.6480319e+00
 -2.1802359e+00
  1.4058405e+00
 -1.0114215e+01
  2.0177612e+00
  2.6134017e+00
  1.2872346e-01
  2.7221618e+00
 -1.7084755e+00
  5.5235023e+00
 -6.6478744e+00
 -1.9526273e+00
  2.8311391e+00
 -1.4492836e+00
  1.9487070e+00
 -4.4878335e+00
  5.3288970e+00
 -3.7527428e+00
 -7.0238729e+00
 -3.8493960e+00
  2.0630507e+00
  2.4050682e+00
  1.7588751e+00
  1.3928845e+00
 -9.2521620e+00
 -2.1657944e+00
  3.1207623e+00
  2.1143990e+00
  4.4154477e+00
  5.6895761e+00
 -1.6553558e+00
  1.0851502e+01
 -3.4869828e+00
 -8.5277967e+00
 -7.8807387e+00
  2.6812871e+00
  3.8504789e+00
 -1.7633412e+00
 -1.6342593e+00
 -7.5949602e+00
  8.0740219e-01
 -2.1273053e+00
 -9.3789279e-02
 -2.2225735e+00
  9.4789803e-01
  1.5725963e+00
 -8.2702452e-01
 -2.6428111e+00
 -6.0181963e-01
  3.6566276e-02
  3.6521103e+00
  3.9446512e-01
 -3.4056995e+00
 -5.5802479e+00
 -5.1746064e-01
  1.3346847e+00
  8.1156292e+00
 -1.0610507e+00
 -4.8026180e-01
 -2.7219599e-01
 -3.8191688e-01
  4.4769686e-01
 -3.8619678e+00
  2.3312802e+00
  8.0809879e-01
 -2.4278636e-01
  5.2446550e-01
 -2.4837444e+00
 -1.6165183e+00
  4.0271452e-01
  1.3653278e+00
 -1.7075267e+00
  1.2821464e+01
  8.7495589e-01
 -2.6545579e-02
 -1.3214026e+01
 -4.9603472e+00
  1.6031753e+00
  6.0266204e-02
  2.1776211e+00
 -1.3504800e+00
  1.0612377e-01
  1.8374960e+00
  9.2117596e-01
 -9.1760534e-01
  7.7319503e-01
  5.1580749e+00
  4.9713435e+00
  2.7089524e+00
 -3.5802915e-03
  6.4698300e+00
 -1.6986412e-01
  1.2365720e+00
  1.8744774e+00
 -1.9135982e+00
 -2.8192484e+00
  1.1389729e+00
  5.0073724e+00
 -2.6673588e-01
  3.1678243e+00
  1.5960246e+00
  2.9828863e+00
  1.7774107e+00
  2.1923683e+00
  1.8246180e+00
  2.8065486e+00
 -3.8566074e+00
  2.6895573e+00
 -4.7532535e-01
 -3.6048949e+00
  7.3993950e+00
  4.4005814e+00
 -2.1033044e+00
  2.2597084e+00
  3.5440953e+00
 -4.8831844e+00
  2.5363908e+00
  3.7033331e+00
  4.7414451e+00
  2.0163765e+00
 -2.3274379e+00
  3.4491150e+00
 -1.5985385e+00
  3.6848688e+00
 -9.5542878e-01
 -1.4041460e-01
  3.5489410e-01
 -2.2949629e+00
  3.7129846e+00
 -1.6393828e+00
  1.7236110e+00
 -3.8864429e+00
 -1.3627333e+01
 -5.9408612e+00
 -5.0548153e+00
 -3.4199903e+00
  4.8878926e-01
 -2.9198062e+00
  2.9427125e+00
  4.9382693e-01
 -2.0558295e+00
  3.3615693e-01
 -6.9683361e+00
  2.9620476e+00
 -2.2750354e+00
  4.7883034e+00
 -3.8654385e+00
 -7.9044213e+00
 -4.8597261e-01
 -2.6444647e+00
  3.0333865e+00
  6.7343426e-01
 -5.3671145e+00
  1.0978540e+00
 -2.2381442e+00
 -4.4382415e+00
  7.0627680e+00
  2.6620665e-01
 -4.5930147e+00
  6.5501046e-01
  2.4236820e+00
  4.6087403e+00
  5.0907364e+00
 -5.9261341e+00
 -6.3835949e-01
 -2.7377415e+00
 -3.6904604e+00
  2.4198470e+00
  4.3500767e+00
 -4.0548534e+00
  9.1078264e-01
  7.8403811e+00
 -4.8911829e+00
  1.4961514e+00
  2.0754471e+00
  8.2560551e-01
  4.5555415e+00
  3.8514521e+00
  8.3518732e-01
 -2.6588640e+00
 -5.7851543e+00
 -5.2287335e+00
  8.2695156e-01
 -5.0969825e+00
 -1.5083570e+00
  2.4399855e+00
  4.5043826e+00
 -1.3493342e+00
  4.2694063e+00
 -1.7373619e+00
  1.2658849e+00
 -1.8916605e+00
 -2.5119057e+00
  3.7364736e+00
 -3.9624958e+00
 -3.2309825e+00
 -2.2260084e+00
  3.8555982e+00
  3.7598002e-01
 -2.0534167e+00
  1.6877393e+00
  4.1979216e-02
 -6.9667405e-01
  1.5606946e-01
 -1.1245484e+00
  3.7962284e+00
  1.7543765e-02
  1.5731249e+00
  3.9313644e-02
 -6.0111773e-01
 -3.2241698e-02
  4.2552900e+00
 -2.9311648e-01
 -8.5707006e+00
 -4.2940211e+00
 -3.7615499e+00
  1.5397228e+00
  1.7678040e+00
 -7.1526900e-02
  2.2210414e+00
 -5.5535269e-01
 -1.5867895e+00
 -1.2430608e+00
  3.1573191e+00
 -9.4907540e-01
 -1.2011372e+00
 -6.1423862e-01
  1.3209434e-01
 -3.8494244e-01
 -2.8117199e+00
  6.6831927e+00
 -2.6228318e+00
 -4.5846505e+00
 -8.1104155e+00
 -5.9144753e-01
 -1.1649354e+00
  1.0402236e+00
  1.0095105e+00
 -5.7118597e+00
  1.2820404e+00
  4.5459676e+00
 -2.5266671e+00
 -6.3088140e+00
  1.4574912e+00
 -4.4353819e+00
  2.2506788e+00
  6.4514661e-01
  1.7195228e+00
 -5.4361236e-01
 -6.3000649e-01
  3.9978194e+00
  1.7344674e+00
  9.9975365e-01
 -1.3459438e+00
 -2.7504852e+00
 -3.4584076e+00
 -6.7401743e-01
  1.4119437e+00
 -1.2170335e+00
  1.3481876e+00
 -1.2214957e+00
 -2.3049695e+00
  4.0402160e+00
  7.4800634e-01
  2.6108401e+00
 -6.2289462e+00
 -6.5821522e-01
  3.1287425e+00
  2.9821358e+00
 -1.1468294e-01
  2.9415123e+00
  1.2000354e-01
 -4.3993845e+00
 -5.2230496e+00
  8.2444344e+00
  1.2116437e+00
  2.1168272e+00
  3.6185358e+00
  5.8594003e+00
  2.6534064e+00
  5.8062658e+00
 -1.4464335e+00
 -7.9237831e-01
 -2.2411656e+00
  3.3088773e-02
 -2.6559877e-01
 -2.1660101e+00
 -1.4097350e+00
  3.1937308e+00
 -3.2022974e+00
  1.8769740e+00
 -2.8347716e-01
 -5.7067046e+00
  1.3841785e+00
  3.1268823e+00
  2.3730636e+00
  2.8444636e+00
  5.0795712e+00
  5.4043263e-01
  2.1517208e+00
 -2.8641310e-01
  9.9594897e-01
  3.8694038e+00
 -1.7238456e+00
  3.4094563e+00
  3.6520922e+00
 -1.5423685e+00
  3.7854965e+00
  8.8463774e+00
  9.8406023e-01
  2.1224082e+00
  4.6213669e-01
 -2.1636841e+00
  2.7485781e+00
 -5.1621479e-01
  1.4362555e+00
  3.2272313e+00
  1.4173038e-01
 -4.3105621e+00
 -6.1588299e-01
 -4.9777431e+00
  3.2061875e-01
 -1.2670448e+00
 -4.4602737e+00
 -1.7856215e+00
 -3.1304429e+00
 -4.7081451e+00
 -1.7826097e+00
  2.9057653e+00
  1.8067597e+00
 -3.5605938e+00
 -8.8028736e+00
 -1.1782111e+00
 -1.6079626e+00
 -4.4454145e+00
  1.4939506e+00
  1.5593040e+00
  5.1260405e+00
 -3.9736888e+00
  4.5753074e-01
 -5.4409716e-02
 -3.1055565e+00
 -6.9622797e-01
 -2.2837236e+00
 -2.6230529e-01
  7.6519631e-02
  4.8133631e+00
  3.1842265e+00
  6.5786934e+00
 -2.0941381e+00
 -2.4151832e-01
  3.0668356e+00
 -2.1983426e+00
 -5.8533540e+00
  2.9831259e+00
  2.5646486e+00
  6.2232594e+00
 -4.7433000e+00
  1.3390747e-01
  3.8901279e+00
  1.3237534e+00
  1.5863266e+00
 -2.1048226e+00
 -2.8919406e+00
  3.4709833e+00
  3.2456510e+00
  6.4339242e+00
 -4.0784478e+00
 -3.9768882e+00
  5.6091461e+00
  1.7709953e+00
 -5.0061908e+00
 -2.3442295e+00
 -5.5094421e-01
  1.8330648e+00
  6.1910629e-01
  6.0209661e+00
 -1.3290241e+00
  9.0230662e-01
  8.7112814e-01
 -1.1659532e+00
 -3.1135597e+00
 -6.1855454e+00
 -1.4777566e+00
  1.0516336e+00
  3.5552404e+00
 -1.2837797e+00
  2.4047823e+00
  2.7767301e+00
 -5.6466150e-01
 -7.1014267e-01
  3.8653299e-01
 -1.3189186e+00
  2.7141130e+00
 -1.0861543e+00
 -4.2349491e+00
  1.6088786e+00
 -1.6257952e+00
  9.0307152e-01
  5.8052335e+00
 -1.2005736e+00
 -4.0059885e-01
 -5.3309646e+00
  2.7540302e+00
 -2.4084845e+00
 -7.2262893e+00
 -3.1498821e+00
 -9.2541951e-01
 -3.9229143e+00
  3.7696999e-01
 -2.1999030e+00
 -4.3428121e+00
 -1.6841776e+00
 -2.1302147e+00
 -7.2157192e+00
 -1.7349062e+00
  2.1472719e+00
  6.2556839e+00
 -1.0155245e+00
  3.5933969e+00
  1.4331732e+00
 -1.4554918e+00
  3.8065748e+00
 -9.7646397e-01
  4.0010059e-01
  3.7415552e-01
 -7.2862864e+00
 -3.7002339e+00
  3.4649613e+00
 -5.1404486e+00
  1.3560922e-01
 -2.8803511e+00
  1.4407316e+00
 -2.3206453e+00
 -4.8760521e-01
  2.6014264e+00
  1.9878125e+00
  7.7791214e+00
  1.3295677e+00
  2.2347568e-01
  5.1050320e+00
 -5.0864325e+00
 -2.1037771e-01
 -1.7381849e+00
 -2.9916718e+00
  7.2157822e+00
  3.1411729e+00
  2.8490808e+00
 -2.4358062e-01
 -3.8856649e+00
 -1.9517941e-02
 -1.3918141e+00
 -3.8830664e+00
 -1.0007749e-01
  1.5033311e+00
 -3.3341730e+00
 -2.6108646e+00
  1.0349758e+00
  4.8421884e+00
  5.8866434e+00
 -3.7910888e+00
  1.6037397e+00
  5.7120996e+00
 -2.1363771e+00
  6.3523680e-01
 -2.4519472e+00
 -1.5053964e+00
  1.8050755e+00
 -2.1274312e+00
  2.8166869e-01
 -3.3393052e+00
  3.9117503e+00
 -7.4598002e-01
  1.7628603e+00
 -6.1014193e-01
  1.7419549e+00
  2.1624506e+00
  6.6000428e+00
  7.1022425e+00
  2.5716124e+00
 -2.4998696e+00
 -6.7832098e+00
 -2.4005995e+00
 -1.0445840e+00
  3.0800662e+00
  5.7258946e-01
  3.0952075e+00
  7.2641087e-01
 -6.8739325e-01
  1.3758311e+00
 -5.3538857e+00
 -5.3080006e+00
  3.7253809e+00
  1.5246961e-01
 -2.8819408e+00
  5.1719933e+00
  2.3289270e+00
  6.3550061e-01
  1.8763608e+00
 -2.6983533e+00
 -2.7703438e+00
 -3.1229465e+00
  1.3833600e-01
  1.3809987e+00
  2.9167302e+00
 -2.4557223e+00
  1.7757627e-01
 -1.4357821e+00
  2.2586226e+00
  2.4553573e+00
 -3.4916732e-01
  9.4051099e-01
  1.6629996e+00
 -8.0944908e-01
  3.6646764e+00
 -2.8043189e+00
  4.0801120e-01
  1.8116831e+00
 -3.7095428e+00
  2.1483293e+00
  5.4916505e-02
 -2.9366965e+00
 -9.2442614e-01
  2.3747516e+00
 -3.1040564e+00
 -9.1987044e-02
 -9.8505121e-01
 -7.0836926e-01
  1.4913341e+00
  3.6075153e+00
  2.9017246e+00
  3.1857319e+00
  2.5846837e+00
  1.9914321e+00
  3.6620417e+00
  5.4819298e+00
 -7.0906043e-01
 -6.3639655e+00
 -5.9462867e+00
 -6.5795308e-01
 -7.1019826e+00
  9.3139973e+00
 -6.3029819e+00
 -4.9195024e-01
 -5.6714931e+00
 -5.0503464e+00
 -3.2183230e+00
  6.2174354e+00
  1.2458979e+00
 -8.1500822e-01
  3.4476600e+00
 -5.6606239e-01
 -9.9024403e-01
  3.3389864e+00
  1.7571732e-01
 -1.5765027e+00
 -1.6275021e+00
 -3.7212554e-01
 -6.4396697e-01
  1.6544982e+00
 -3.3427095e+00
 -6.6301191e-01
 -3.1528491e-01
 -6.1809344e+00
 -7.7157634e-01
  3.1302395e+00
 -3.9415436e+00
 -5.2859898e+00
 -5.5513687e+00
  3.8615127e+00
  2.9682665e+00
  2.1510012e+00
  4.5262489e+00
 -1.0030299e+00
  3.8628218e+00
  2.2076256e+00
 -6.8937287e+00
 -5.9591216e-01
 -2.6415460e+00
 -2.4605637e+00
 -1.2216489e+00
  1.9236751e+00
 -1.6080440e+00
  2.3363631e+00
 -4.9055925e-01
 -2.5756595e+00
 -7.7036917e-01
 -1.4868224e+00
  6.6964984e+00
 -2.0417297e+00
  2.3323688e-01
  7.9736334e-01
  6.4192839e+00
  3.0896740e+00
 -1.0214605e+00
  3.9280224e+00
  9.2238009e-01
  2.1833863e+00
  1.4802088e-01
 -1.8805171e+00
  2.0949171e+00
 -7.2424722e+00
  2.2710016e+00
 -1.4810251e-01
 -4.8579261e-01
 -4.3743844e+00
 -3.6197798e+00
 -5.0655270e+00
  4.3076611e+00
 -1.7534671e+00
 -4.2049427e+00
  1.1961306e+00
  1.9953355e+00
 -1.1243901e+00
 -4.2341309e+00
  2.8953001e+00
  1.1199960e+00
 -3.9864719e+00
 -7.2632980e+00
  9.7324079e-01
  9.2077303e+00
  8.6575115e-01
 -2.7543609e+00
 -8.0823250e+00
  2.5668371e-01
  3.4518626e+00
 -7.0449815e+00
  1.8428463e+00
  5.7484217e+00
  4.2085023e+00
 -3.5789895e+00
  2.1090162e+00
 -7.8096485e+00
 -5.0756173e+00
 -1.1372654e+00
  2.2016702e+00
  1.5007399e-01
  1.5302639e+00
 -2.1859775e+00
 -3.9139621e+00
  2.0959532e+00
 -6.2370121e-02
  2.8341084e+00
 -2.5726459e+00
  5.6061563e+00
 -1.1746891e+00
  1.3370779e+00
 -1.4214921e+00
 -2.5937743e+00
 -5.6450138e+00
 -3.9240019e+00
 -4.6339207e+00
  4.5245042e-01
  1.2478545e-01
  5.1418800e+00
 -2.5536401e+00
  5.8493619e+00
 -1.0713302e+01
 -4.5065722e+00
  2.1282377e+00
 -6.2669678e+00
 -1.1851027e+00
  3.5769956e+00
 -1.2387789e+00
 -5.4143381e-01
  2.6824838e-01
 -2.7292149e+00
 -4.9065685e+00
  1.6891835e+00
  5.4609337e+00
 -1.0610996e-01
  1.4953578e-01
 -9.5759946e-01
 -1.2831013e+00
  5.5385203e+00
  1.0355845e+01
  2.3758940e-01
 -5.5478134e+00
 -1.2857234e+00
  2.7349153e+00
  1.1035875e+00
  4.8709254e+00
 -4.1532526e+00
  3.8206453e+00
  6.4847755e+00
  5.1014628e-02
 -2.7545259e+00
 -5.7619697e-01
 -6.2567296e+00
 -2.0703101e+00
  1.2511690e+00
  8.5376821e-02
  1.3056484e+00
 -1.4356889e+00
  1.9526808e+00
  3.6729944e+00
 -1.1126970e+00
  2.2073302e-01
  3.0423882e+00
  8.5868902e+00
 -1.9236507e+00
  1.9601841e+00
  4.7222872e+00
 -3.0366915e-01
 -3.6265140e+00
 -1.4034197e+00
 -5.5858536e+00
 -6.9124231e+00
 -3.7336748e+00
  3.4433424e+00
  3.0057135e+00
  1.0686597e+00
 -3.8886101e+00
 -2.6711581e+00
 -3.4237275e+00
 -1.7881620e+00
 -5.8351362e-01
  2.8082116e+00
 -4.0940471e+00
 -1.8200901e+00
  3.7721105e+00
 -2.3405857e+00
 -8.6354929e-01
 -4.6951699e+00
 -5.8176547e-01
 -8.1164932e+00
 -1.5523474e+00
 -8.7425451e+00
 -2.9140847e+00
  4.2587333e+00
  7.1420246e-01
  6.7989788e+00
 -5.5740504e+00
 -8.6576090e+00
 -6.0035830e+00
  1.0182687e+01
  7.2724452e+00
 -2.7217679e+00
 -3.0045810e+00
 -5.8615246e+00
 -6.8604355e+00
 -2.1039469e+00
 -7.1102369e-01
 -3.1518795e+00
 -3.8096721e+00
 -6.7827606e+00
 -1.4917238e+00
 -1.8372581e+00
  5.8975041e-01
  3.6913798e+00
 -3.0377662e+00
  1.0431722e-01
  1.5444589e+00
  6.0202060e+00
  5.8412290e+00
 -1.5259590e+00
  3.7860712e-01
  1.8081216e+00
 -4.5122523e+00
 -1.2129077e+00
 -1.5920098e+00
  9.0252142e+00
 -7.8485727e-01
 -2.7119296e+00
  4.3741202e+00
 -7.5148644e+00
 -2.5195715e+00
  1.5770894e+00
  3.1199107e+00
 -1.1509670e+00
 -1.5489907e+00
  3.3081694e+00
 -5.1748681e-01
  4.4269991e+00
  4.9019175e+00
  5.2681500e-01
 -1.5282211e+00
  1.5214397e+00
 -2.8116813e+00
  3.7020373e+00
  6.9860225e+00
 -3.1070024e-01
  2.6333058e+00
 -5.4595268e-01
 -1.2170452e+00
  3.4454880e+00
  1.9439831e+00
 -1.0176028e+00
  2.0474415e+00
  2.0897946e+00
  3.5324101e+00
 -2.4851060e+00
 -3.1221390e+00
 -5.7013708e-01
  1.9669280e+00
  7.9053497e+00
 -7.6314073e+00
  1.9622929e+00
 -1.1705518e+01
  4.6909180e+00
 -3.5412185e+00
 -3.4697878e+00
  3.8395679e+00
  3.9090600e+00
 -4.3674588e+00
 -7.3528361e-01
  1.8330308e+00
 -3.0112569e+00
  3.6414036e-01
  4.2240329e+00
  2.8880105e+00
  6.0370743e-01
 -3.5402093e+00
  2.5359421e+00
  4.0227056e+00
 -2.1416435e+00
 -1.8848690e+00
  7.6928558e+00
 -8.9977264e+00
  1.7703618e+00
 -1.5751915e+00
  2.5054150e+00
 -4.4560232e+00
  3.6027330e-01
  1.4754610e+00
 -4.1439228e+00
 -7.7915220e+00
 -4.4187512e+00
  6.7340982e-01
  4.6424630e-01
 -4.5206513e+00
 -7.1563683e+00
  2.2790918e+00
 -1.1496962e+00
  1.7870640e+00
 -1.8024817e+00
 -1.4692035e+00
 -1.5037497e+00
  1.8116437e+00
  2.0218661e+00
  3.5669699e-01
 -1.9017459e+00
 -1.5285215e+00
  9.6978416e+00
 -1.8591883e+00
  9.8436719e-01
 -1.8705564e+00
 -5.9257197e-01
 -5.2118411e+00
 -6.7068793e-02
 -6.9580045e+00
 -4.3323946e+00
 -1.0838685e+00
 -2.5949752e+00
 -9.7537541e-01
  3.1702816e-01
 -1.7434146e+00
  9.1830397e+00
  5.9975082e-01
  1.8851449e+00
 -1.4962960e+00
 -1.6818568e-01
 -2.1948087e-01
 -1.2473788e+00
  1.5849394e-01
  4.3304950e-01
  1.5473812e+00
  2.7574432e-01
  1.6310605e+00
 -2.8251421e-01
  7.0577067e-01
  2.9556862e-01
 -1.8508006e+00
  4.3594554e-01
  3.4121895e+00
 -8.2102227e-01
 -3.0013499e-01
 -8.0927056e-01
  3.1343004e-01
  4.6870932e-01
  1.8028985e+00
 -1.0013012e+00
  1.4440011e+00
 -6.6247874e-01
 -2.0549533e+00
 -1.2941037e-01
 -4.8882046e-01
  3.1881804e+00
 -1.6145316e+00
  2.1532612e+00
 -1.6348174e+00
  4.6581721e+00
 -5.4458052e-01
  1.2286716e+00
  4.9322429e+00
  2.2602355e+00
  7.4943423e+00
 -5.2688974e-01
  2.9485533e-01
 -4.3803954e+00
 -6.3044369e-01
  2.1154006e+00
 -1.8077236e+00
  9.4624119e+00
  1.6043609e+00
 -6.1428733e+00
 -7.2424161e-01
  2.7860615e+00
 -1.1243602e+00
  1.2176592e+00
  1.4710093e-01
  3.6180570e+00
 -2.3283439e+00
 -7.8857344e-01
  2.5687001e+00
 -6.5690148e-01
  1.3188156e+00
  1.1243700e+00
 -1.5689546e+00
  2.7621930e+00
  3.9828668e+00
 -8.3202392e-01
 -3.4105570e+00
 -1.0361590e+00
 -3.0719781e+00
  5.0739269e+00
  3.4407091e+00
  4.2688122e+00
 -4.2010317e+00
  1.9925634e+00
  1.0775195e+00
  3.2240849e+00
 -4.3973618e+00
 -5.0192270e+00
 -4.2579185e-02
  1.4567716e+00
 -4.8004336e+00
  1.6509088e+00
 -1.3500185e+00
 -4.8752952e+00
  2.2671795e+00
  4.8879156e+00
 -3.7683144e-02
  3.6337447e+00
  3.5494545e+00
  2.3321472e-01
  1.0600541e+00
  1.1608963e+00
  3.0199149e+00
 -9.1708965e+00
  9.0350380e+00
  1.3380424e+00
 -4.0337491e+00
 -2.1145580e+00
  8.2708025e-01
  9.1515869e-01
  7.5282993e+00
  2.8366370e+00
 -3.7725224e+00
 -2.1986344e+00
 -9.9721980e-01
  1.4780109e+00
  2.7242024e+00
  2.7443788e+00
 -2.0528405e+00
  3.4373972e+00
  1.9138162e+00
  1.0279077e+01
 -1.0368437e+00
 -1.0509310e+00
  1.6831926e+00
 -8.1388813e-01
  2.6308763e-01
  1.2324789e+00
  2.2374572e-01
 -5.2028364e-01
  4.2651267e+00
 -1.4116617e+00
 -6.4637871e+00
 -8.0895793e-01
  2.8357058e+00
 -5.9740186e-02
  5.0233598e+00
  2.8721642e+00
 -2.7504802e+00
 -1.3920703e+00
 -1.1146542e+00
  3.4565549e+00
  2.9039090e+00
 -3.2828221e+00
  2.8833237e-01
 -4.8412948e+00
  5.5198078e+00
  1.3079643e+00
 -6.7108411e-01
  7.5604677e+00
  9.3699509e-01
  1.8311827e+00
 -1.4156798e+00
  3.7029355e+00
  1.1419175e+00
  3.5553129e+00
 -1.0823478e+01
 -1.5578805e+00
 -1.9871867e+00
 -3.3770258e+00
  1.0409180e+00
 -1.6133100e+00
  1.4990274e+00
 -2.3837836e+00
 -5.0981979e+00
  1.2630301e+00
 -6.5749550e+00
  1.2826220e+00
  8.6643475e-01
 -3.9803288e+00
  2.5198240e+00
 -3.0157976e+00
 -7.9893059e-01
 -1.3677046e+00
 -6.7098222e+00
  8.4125929e+00
  2.5868888e+00
  2.1167653e+00
  9.0653157e-01
 -4.7829297e-01
 -8.8299501e-01
 -8.1955212e-01
 -4.2966561e+00
  5.4077964e+00
 -6.1997104e+00
 -2.3071766e+00
  4.7330265e+00
 -2.7660353e+00
 -1.1706803e+01
  1.3552697e-01
  2.2770252e+00
 -9.9250183e+00
  1.3232509e+00
 -3.3278558e-01
  2.5657861e+00
  4.5744753e+00
 -3.3393973e-01
 -5.4410672e-01
 -2.8119884e+00
 -2.7567372e+00
  6.0808616e+00
  1.2935741e+00
 -4.0668831e+00
  1.0149961e+00
  6.1242235e-01
 -1.6208663e+00
 -5.7342901e+00
 -6.3693446e-01
 -3.0841367e+00
 -5.9187136e+00
 -1.3660303e+00
  8.9285116e+00
  1.5108212e+00
 -7.6151175e+00
 -2.1792786e+00
  3.3434265e+00
 -2.9599783e+00
  2.5386860e+00
  6.7165728e+00
 -1.0064583e+00
 -1.9610740e+00
  8.1522799e-01
 -9.7775469e+00
 -4.2549272e+00
  3.6874468e+00
  2.8136672e-02
 -8.7861437e-01
 -7.5428309e+00
  1.7225794e-01
  1.1595260e+00
  5.1485324e-01
 -3.1981797e+00
  1.6536233e+00
  6.3109403e+00
  5.9712620e+00
  1.2887073e+00
  1.3040560e+00
 -8.4312696e+00
 -2.7825711e+00
  8.6775455e+00
  5.1665658e-01
  3.9055390e+00
  3.5158858e+00
  2.0656345e+00
 -5.9808364e+00
 -6.9212570e+00
  2.8631082e+00
 -3.6075243e-01
 -3.1447978e+00
 -1.4250475e+00
  8.7702847e+00
 -1.2776989e+00
  1.0915251e+00
  1.5122789e+00
 -5.8312225e-01
  5.6711736e+00
  2.9388807e+00
  5.8868104e-01
 -3.6733422e+00
 -1.0917182e+00
 -5.0281888e-01
 -4.0199226e-01
  4.9258208e-01
 -1.0474857e+00
  8.7863147e-01
 -8.4461308e-01
  4.0466003e+00
  1.2877440e+00
 -3.5725403e+00
 -2.8633590e+00
 -1.3316742e+00
  1.4963597e-01
  1.7899728e+00
  2.5336807e+00
  1.5312002e+00
  1.7161021e+00
  7.1429124e+00
  1.8934164e+00
 -4.0778708e+00
  1.7261024e+00
  2.2581856e+00
  4.4400448e-01
 -1.5836844e+00
 -4.1867862e+00
 -3.4471383e+00
 -2.4688191e+00
 -1.5798509e-01
  1.9102953e-01
  5.8012919e+00
  9.9719095e-01
  2.9759107e+00
  2.0465443e+00
 -5.4625764e+00
 -2.2698023e+00
 -8.0951309e-01
 -5.4862418e+00
  6.0889494e-01
  2.5951958e+00
  4.4467602e+00
 -1.1567138e+00
  3.2062232e+00
 -4.1993508e+00
 -3.6859117e+00
  1.0742033e+00
  2.0622728e+00
 -1.6207738e+00
  4.7026491e+00
  3.1726864e-01
 -1.5572652e+00
  7.3164946e-01
  1.0937289e+00
 -1.1096448e+01
  4.8104590e-01
  2.5427179e-02
 -3.1731560e+00
 -6.9997296e+00
 -6.1410275e+00
  9.2299062e-01
 -1.3018824e+00
 -1.2100227e+00
  1.9939374e+00
  2.0711749e+00
  1.0342600e+00
  1.2373718e+00
 -3.0106103e+00
 -1.4346486e+00
 -1.7412449e+00
 -2.7551669e-01
 -2.9612256e-02
  2.8810649e+00
  1.4683802e-01
 -2.3566656e+00
  2.6355393e+00
 -5.0919471e+00
  3.8116193e+00
 -4.4393044e+00
 -1.6041974e+00
  8.1436288e-01
  1.1094186e+00
 -1.8404379e+00
 -1.6277848e+00
 -1.6852709e+00
 -6.5859967e-01
 -1.1581677e+00
  2.0379434e+00
 -4.4351907e+00
 -3.6593742e+00
 -4.5759416e+00
 -4.5630030e-02
  1.5629767e+00
  1.8010522e+00
  6.2106714e+00
 -4.5534840e-01
  1.8477334e+00
 -6.5091672e+00
 -1.0105224e+00
 -4.3846279e-02
  7.3690720e+00
 -9.1628355e-01
 -9.1781491e-01
  1.1462154e+00
  2.9716465e+00
  2.0911930e+00
 -9.6702978e-02
 -1.9258610e+00
  2.7801812e-01
  2.4829696e-01
 -2.5358891e+00
  2.1112320e+00
 -6.3511789e-01
  1.8546083e+00
 -1.3921932e+00
  6.6636823e-02
  1.2188573e+00
  3.7498348e+00
  1.8113139e+00
  3.5727108e+00
 -1.7055312e+00
  2.0556118e-01
  4.6794152e+00
  3.6166000e+00
  5.6167436e+00
  1.9432002e+00
  1.2965732e+00
  6.5431886e+00
  5.3414550e+00
  3.9589853e+00
  7.0046659e+00
 -4.8289175e+00
  4.1315746e+00
  3.8388290e+00
  6.7089683e-01
 -3.2019799e+00
  4.6539474e+00
 -1.5230167e+00
 -4.9818769e+00
  5.2059746e-01
  7.0054221e-01
 -6.1751800e+00
 -1.2592406e+00
 -8.4888210e+00
 -3.2948288e-01
 -1.9270314e+00
  2.1909163e+00
 -8.7650472e-01
 -2.0081139e+00
 -9.5789108e+00
  9.8989141e-01
 -1.0024591e+01
  2.8940079e+00
  1.1201819e+00
 -3.7037990e+00
  2.2191005e+00
  4.3217793e+00
 -8.1128061e-01
  6.5110545e+00
 -2.5201557e+00
 -6.6719670e+00
  2.1213963e+00
  3.3378055e+00
  2.0619452e+00
 -5.2663010e-01
 -9.2756361e-01
  8.2487230e+00
 -2.8065622e+00
 -4.6274943e+00
 -2.2939219e+00
  1.7803332e+00
  1.4279492e+00
 -3.0968809e+00
 -1.8416594e+00
  4.6615133e+00
 -1.1100894e+00
  8.1118874e-02
  1.2546545e+00
 -2.6054544e+00
  8.7470478e-01
 -3.6721563e-01
 -7.3672485e-01
  3.4695363e+00
  8.5898771e+00
 -3.4803829e+00
  7.0140952e-01
 -3.4656327e+00
  5.9148842e-01
  9.8324203e-01
 -1.8580874e+00
  1.4537336e+00
 -1.6224023e+00
  1.4099306e+00
 -3.4451933e+00
  4.8623204e-01
  1.7010711e+00
 -3.4702961e+00
 -1.3002524e-01
  1.6335464e+00
 -1.6877528e+00
  6.9164521e-01
 -1.6002301e+00
 -6.2524872e+00
  1.3893079e+00
 -4.4714255e+00
 -1.3268896e+00
 -5.9903961e-01
 -5.0613084e+00
  1.7837505e+00
  8.5164392e-01
  2.6584065e+00
 -9.6635284e+00
 -3.9467788e+00
 -8.6910534e+00
 -8.5362238e-01
  5.2539501e+00
  2.4032373e+00
 -2.5653200e+00
  7.1710092e-01
 -9.9774581e-01
  2.3533089e+00
  1.1208562e+00
 -8.8769501e-01
  6.1929977e-01
  2.1600251e+00
  7.0840878e+00
 -3.3364692e+00
  5.1261535e+00
 -1.6284384e+00
  2.1919611e-01
 -6.2471145e-01
 -2.2459958e+00
 -4.6690080e-01
 -2.7202425e+00
 -2.8235459e+00
  4.0771790e+00
  3.4037688e-01
 -6.9549394e-01
 -4.1932182e+00
 -2.7889328e+00
  1.2017726e-02
 -2.1745267e+00
 -7.8737397e+00
 -7.0062190e-01
  2.3387134e+00
  7.8529406e-01
 -5.8616495e+00
 -2.9285520e-01
 -2.3963976e+00
 -3.3879583e+00
 -1.4419106e+00
  4.3046827e+00
 -1.5520132e+00
 -1.6957918e+00
 -2.2622001e+00
  5.3728991e+00
  9.9087161e-01
  3.9065416e+00
  5.1487541e+00
 -2.6577172e+00
  4.7580090e+00
 -2.3308835e+00
 -2.7716460e+00
 -1.7004603e-01
 -4.8783989e+00
  1.6107419e+00
  3.0616961e+00
 -3.3334990e+00
 -1.5588787e+00
  3.0998838e+00
  2.3284764e+00
  1.4634658e+00
 -3.9923203e-01
 -2.0890799e+00
  8.1701022e-01
 -8.5311282e-01
  4.1836232e-01
  6.8682939e-01
  5.3456533e-01
  9.6807760e-01
 -2.0446728e-01
 -1.5006670e+00
 -8.5753359e-02
 -1.8244056e+00
  2.5298885e-01
  2.2618893e-01
  1.8142256e-01
 -7.2103024e-01
  7.2170943e-02
 -6.6580248e-01
 -3.9754480e-01
  2.4057937e+00
  4.7982875e-01
 -1.2823646e+00
  7.5977445e-01
  1.7609066e+00
 -6.1119169e-01
 -8.8187493e-02
  1.3100574e+00
  1.3289759e+00
 -2.5599030e-01
 -4.7350860e-01
  2.4701877e+00
  8.2645333e-01
  3.1383723e-01
 -3.2634308e+00
 -7.6821245e-02
  5.8811742e-01
  1.6352293e+00
 -2.1287556e-01
 -6.9720846e-01
 -6.6364980e-01
 -1.4132440e+00
  8.3775306e-01
  2.4139812e+00
 -8.7571412e-01
 -8.0869186e-01
 -6.2867540e-01
  6.4467007e-01
  4.0110722e-01
  2.4461764e-01
  4.8357251e-01
 -6.9902486e-01
 -1.5725538e+00
  2.2109039e-01
 -5.0058693e-01
 -2.4156368e-01
  2.8010735e-01
  1.6674978e-01
  1.2128088e+00
 -1.6395527e-01
 -7.3595732e-01
  2.2228897e+00
 -9.7512871e-01
  1.2019712e+00
 -3.7191246e-02
  1.0453380e-01
  3.4646294e+00
  6.8999094e-01
 -4.3490830e-01
 -1.5752174e+00
 -2.2912698e+00
  9.1603003e+00
 -1.1469258e+00
 -1.6494327e+00
 -1.3909696e+00
  1.3490144e+00
  4.9503956e+00
  9.9686116e-01
 -1.5521723e+00
 -2.6220977e+00
  5.2730122e+00
 -9.0169758e-02
  9.4152354e-02
  5.0228095e-01
 -3.0198324e+00
 -2.1026566e+00
 -1.0491854e+00
  3.2937205e+00
 -7.5890988e-01
 -2.4407854e+00
 -9.6515763e-01
  1.5633801e+00
  2.2323334e+00
 -6.9808269e-01
 -7.3227549e+00
  6.2478142e+00
 -1.0891993e+00
  9.2931539e-01
 -5.0928454e+00
  5.2025928e+00
 -6.6060424e-01
 -2.2256289e-01
  2.6949251e+00
  4.3008915e-01
  2.9277487e+00
 -2.2317188e+00
  1.1433696e+01
 -3.7258413e+00
  3.2367826e-01
 -7.3095560e+00
 -6.4264164e+00
  1.3373983e+00
  5.8532381e-01
  2.5850201e+00
  1.0750889e-01
 -5.2297521e-01
 -1.9511590e+00
 -6.6989720e-01
  1.2190849e+00
  1.8279933e+00
 -5.7061869e-01
  5.1866927e+00
 -1.3378062e+00
 -1.4330084e+00
  4.2197881e+00
 -2.2028344e+00
 -3.2368355e+00
  2.9584119e+00
 -9.5101428e-01
  1.4206057e+00
 -1.2210844e+00
 -4.4436312e-01
  2.0738261e+00
 -9.4869596e-01
  2.9517951e+00
  9.1053224e-01
  2.6227016e+00
 -5.1175246e+00
 -3.2799447e-01
 -2.0035164e-01
  1.6329645e+00
  6.6780815e+00
 -4.6544824e+00
 -2.3758370e-01
 -4.4348292e+00
 -3.6016645e+00
  3.9025254e+00
  2.8635242e+00
  7.2506857e+00
 -8.8197489e+00
 -4.3816957e+00
 -4.4833696e-01
 -5.1496663e+00
  7.0758426e-01
 -4.5515375e+00
 -5.8980551e+00
  5.8123727e+00
 -3.6498690e-01
  2.0352051e+00
  1.6169960e+00
 -1.4503090e-01
  4.2231102e+00
  2.3239064e+00
 -2.9356899e+00
  3.6208758e+00
 -1.5062101e+00
  2.8680911e+00
 -2.1498375e+00
  2.9986856e+00
  2.4606147e+00
  1.5789534e+00
 -1.9832973e+00
 -7.7364726e+00
  2.2467428e-01
 -1.2307091e+00
  8.3334351e-01
 -3.0472815e+00
  2.5603821e+00
  1.0377998e+00
  4.4671178e+00
 -5.8126245e+00
  1.4341903e+00
  4.3513589e+00
  5.4393930e+00
  4.7608557e+00
 -9.3697852e-01
  9.9769419e-01
  3.0457125e+00
  2.8302497e-01
 -6.5689856e-01
 -2.8859811e+00
  4.8790212e+00
  8.4615928e-01
  1.1158211e+00
  3.3884504e+00
  2.9787114e+00
 -3.4934618e+00
  4.1584225e+00
  3.8163595e+00
  2.4904685e+00
  1.0929680e+00
 -2.0651085e+00
  8.4148556e-01
 -8.6018699e-01
 -5.0909567e-01
  7.3982596e+00
  1.1045752e+01
 -3.0936780e+00
 -3.6041110e+00
 -3.9268830e+00
 -4.5353918e+00
 -4.9369678e+00
  5.3170447e+00
 -2.8236439e+00
 -6.9999542e+00
  9.3825859e-01
  1.1136669e+00
 -2.6872499e+00
 -4.4395676e-01
  3.1808227e-01
 -1.0002892e+00
 -6.7253723e-03
  3.6841351e-01
 -1.1453823e+00
 -9.2344892e-01
  1.4595710e+00
 -2.0923882e+00
  5.2495992e-01
 -4.9389103e-01
 -3.6500490e+00
  2.2122409e+00
 -2.1164142e-01
  4.4620949e-01
 -4.9394444e-01
 -1.3520783e-01
 -2.1038134e+00
  2.7788219e+00
 -3.6175113e+00
  3.2934853e-01
 -1.5548394e+00
 -2.1631942e+00
  2.8301375e+00
  2.2684655e+00
 -5.3047035e-02
  1.3844154e+00
  6.1769712e-01
  5.2037966e-01
 -4.0393362e+00
 -3.1348708e+00
  2.6810548e+00
  1.2815971e+00
  2.4249935e+00
  3.0702252e+00
  2.0079204e-01
  4.3840063e-01
 -1.1215138e-03
 -4.3432374e+00
 -5.4394263e-01
  1.2810712e+00
  1.5369170e+00
 -1.3016715e+00
  2.1194503e+00
 -2.0119593e+00
  1.1303561e+01
  1.4126225e+00
  7.6446182e-01
  5.4871922e+00
 -5.0501876e+00
 -2.3965881e+00
  2.1446111e+00
  1.3080168e+00
  5.6580148e+00
  2.8757727e-01
 -3.5066974e+00
 -3.6618245e+00
  5.0493693e+00
 -3.5040995e-01
  1.0992141e+00
  4.4156985e+00
 -3.6293787e-01
 -6.4735287e-01
 -1.0552073e+00
 -5.5111799e+00
 -2.8866615e+00
 -3.8543298e+00
  5.4749413e+00
 -4.0295186e+00
 -1.7487279e+00
 -2.0215178e+00
 -2.6696482e-01
  9.3936644e+00
  1.5740526e+00
  1.8881788e+00
 -8.7899647e+00
 -5.8437419e+00
 -6.7736608e-01
  9.2106819e+00
  3.8788922e+00
 -2.9676914e+00
 -8.5807848e+00
  7.1020336e+00
  1.4623997e-01
  4.3708978e+00
 -2.6039577e+00
 -1.5987739e-01
 -1.4516001e+00
  3.9809465e+00
 -3.0034850e+00
 -2.8693988e+00
  1.7396051e+00
  3.9681256e+00
 -6.1374432e-01
 -3.8992529e+00
 -9.3927771e-01
  1.3642836e-02
  4.7320879e-01
  3.0600493e+00
  1.7428740e+00
 -4.5045819e+00
 -4.4068055e+00
 -1.9840347e+00
 -2.8066063e-01
 -3.3866358e+00
 -1.2035738e+00
  3.8361568e+00
  1.3577917e+00
  2.3773243e+00
  1.5495057e+00
 -4.9349494e+00
  1.0861163e-01
 -1.6416773e+00
  1.0202482e+01
  7.9304159e-02
  6.0039139e-01
  2.5038576e+00
 -1.3620960e+00
  7.2112149e-01
 -7.3622894e+00
  5.1516042e+00
 -2.7055047e+00
 -4.6844015e+00
 -3.0560920e+00
  1.7363467e+00
  6.9060451e-01
 -3.2463815e+00
 -3.6487964e-01
 -2.3832486e+00
  1.6374098e+00
 -7.0205946e+00
 -4.8019433e+00
  7.2880673e-01
 -5.0179524e+00
 -7.6569796e+00
 -5.6280661e-02
 -1.4192656e+00
  6.9101882e-01
  2.4981313e+00
 -6.1742411e+00
  5.7304449e+00
  3.1143067e+00
 -2.1333756e+00
  3.8637886e+00
  1.7756861e+00
  4.2716656e+00
 -3.4569523e+00
 -4.7466373e+00
 -1.5159669e+00
 -1.8778607e+00
  4.7719941e+00
  4.0521545e+00
 -3.6008310e+00
  6.7613869e+00
 -1.0354392e+01
 -7.8662157e-01
 -2.6883094e+00
  1.3225765e+00
  1.5698419e+00
  3.3805029e+00
  4.7319345e+00
  1.4160532e-01
 -2.2324219e-01
  3.7534151e+00
  3.4782722e+00
 -2.4235373e+00
 -4.4085717e+00
  2.5558009e+00
 -2.2618906e-01
 -3.2909117e+00
  5.2886415e-01
  4.1378736e-01
 -5.9541154e-01
 -2.5994608e+00
  9.6427575e-02
  5.9713352e-01
  5.2723489e+00
 -2.1319406e+00
 -4.9968758e+00
  5.1413774e+00
 -8.3103266e+00
 -1.0928082e+00
 -6.2947911e-01
 -8.4730520e+00
 -5.7058024e+00
  1.2366379e+00
  3.5552067e-01
  3.8850703e+00
  5.7132239e+00
  2.4945486e+00
 -2.3375952e+00
  2.7794218e+00
  4.9456410e+00
 -5.0050740e+00
 -2.5481594e+00
  1.0400433e-01
  1.3483604e+00
 -1.3261651e+00
  2.9569941e+00
  1.0697830e+00
 -2.9410186e+00
  1.4324480e+00
 -1.4545293e+00
 -5.1721811e-01
 -8.7898403e-02
 -3.7564492e+00
  2.0346100e+00
  1.5972933e+00
 -6.3378447e-01
  1.3220214e+00
  9.8963680e+00
  3.6700511e+00
  3.7077248e+00
 -5.0555892e+00
 -4.4341865e+00
  4.8545904e+00
 -2.0121582e+00
 -4.1641359e+00
 -5.9310383e-01
 -3.5980411e+00
 -3.3222117e+00
  8.0749083e+00
  5.2262344e+00
  1.4647127e+00
  3.2902062e+00
  5.3214431e-01
  4.4093623e+00
  3.5907505e+00
 -4.0536752e+00
  1.5453269e-01
  3.6361399e+00
 -1.0067198e+01
  3.7946210e+00
  3.5519114e+00
 -1.7836763e+00
 -7.0921826e-01
  3.0605175e+00
  7.5608873e+00
  7.2399535e+00
  8.0420381e-01
  5.8394828e+00
 -1.3030632e-01
  4.7929864e+00
 -8.5977912e-01
 -1.1354847e+00
  1.7717398e+00
 -9.1855752e-01
  5.4281557e-01
 -3.3595760e+00
  2.2816279e+00
  5.5793428e-01
 -1.7541802e+00
 -3.6186278e+00
  2.2478602e+00
  1.6694579e+00
  1.9759959e-01
  2.8805211e+00
  6.5605432e-01
 -3.9989418e-01
 -2.1963744e+00
 -4.5186591e+00
 -5.9536773e-01
  3.1256912e+00
 -2.9178865e+00
 -8.5943975e+00
  1.5713847e+00
  9.0879440e+00
 -4.5630856e+00
  3.8597014e+00
  1.5002837e+00
 -1.3760154e+00
 -6.6800957e+00
 -4.2117090e+00
  2.9124253e+00
 -1.6028154e+00
  3.6710484e+00
  3.9330348e-01
 -1.1176357e+00
 -5.3616514e+00
 -5.2665973e+00
 -1.4898087e+00
 -9.7452869e+00
  4.1623659e-02
  7.8996909e-01
 -3.4782174e+00
  1.3975899e+00
 -1.0724128e+00
 -2.1724583e-01
 -9.2003984e+00
  1.5372464e-02
 -7.8737462e-01
  6.8830121e-01
  7.6080041e+00
 -1.9179904e+00
 -4.8909307e+00
 -3.2222514e+00
 -1.1115696e+00
  8.4741384e-01
  2.7060416e+00
 -2.9376178e+00
 -5.2537503e+00
  2.0404246e+00
  4.7574635e+00
  4.4298201e+00
  1.3969891e+00
 -6.4758849e-01
 -6.1134297e-01
 -2.5003484e-01
  3.5989761e-01
 -2.1663785e-01
  1.9801185e-02
 -1.0202087e+00
 -2.0573983e+00
  5.9876364e-01
  1.8550766e+00
 -1.3957170e+00
 -6.4117229e-01
  2.5311496e+00
 -2.3465391e-01
 -8.6215801e+00
  1.2187136e+00
 -3.2075098e-01
 -3.4520512e+00
  3.5334711e+00
  2.7149389e+00
  2.3952022e+00
 -1.5944531e+01
 -1.9260312e+00
 -1.2703282e+00
 -3.1548111e+00
  3.1368716e+00
  1.4589514e+00
 -1.8877518e-01
 -2.3017149e+01
  1.3486354e+00
  1.4979364e+00
 -1.5309284e+01
  4.2984276e+00
  3.4862249e+00
  3.8211987e+00
 -3.5117558e+01
  4.6795297e-01
 -1.2876405e+00
 -8.0979908e-01
  2.1411493e+00
 -4.3020840e+00
  3.9219036e+00
  9.1788864e+00
  6.4877720e+00
 -1.4324780e+01
 -1.0851066e+00
  4.7261639e+00
  5.0186691e+00
  5.9956455e+00
  1.3632258e+00
 -7.3137279e+00
 -1.5336411e+00
 -2.3904759e-01
  1.1634547e-01
  1.1498693e+00
  1.0365223e+00
 -1.5846066e+00
  3.8620007e+00
  3.4988883e-01
  1.4115596e+00
 -2.6975238e-01
 -3.8400204e+00
  7.2841358e-01
  2.1460316e+00
  7.3750377e-02
  9.4834369e-01
 -8.0739367e-01
  6.2568766e-01
  1.9839644e+00
 -6.9826865e+00
  4.3332103e-01
 -1.7109095e+00
 -4.7327843e-01
 -7.9512179e-01
  5.1356344e+00
  6.2582774e+00
 -1.0178157e+00
 -2.8108208e+00
  1.5728216e+00
 -2.2472520e+00
  2.4223955e+00
 -2.9901672e-02
  3.9777277e+00
 -7.0362067e-01
 -1.2624136e+00
 -2.4549100e+00
  5.3314886e+00
  3.6296308e+00
 -2.9571302e+00
 -7.2219448e+00
  1.3228076e+00
  2.5718912e-01
 -2.4279473e+00
  1.1717569e+00
  3.5478735e+00
 -5.4877915e+00
  2.4085019e+00
 -2.6637256e+00
 -1.9027635e+00
  1.7735577e+00
 -5.0409331e+00
  1.5570376e+00
  5.4935160e+00
 -3.1127660e+00
  1.1333483e+01
  5.9009051e-01
  2.8496668e+00
 -5.2427683e+00
  1.0810873e-01
  2.5089161e+00
  2.7630398e+00
  2.9289064e+00
 -7.2254057e+00
 -8.0544853e-01
  1.6988024e+00
 -4.2460680e+00
  1.8422123e+00
  5.2127171e+00
  2.2210810e+00
 -2.4471245e+00
 -1.1000088e+00
  5.8899915e-01
  1.0633308e+01
  1.4030086e+00
 -7.6217127e-01
 -9.0241385e+00
 -3.1090212e-01
  3.9476750e+00
 -1.9391795e+00
  2.6184194e+00
 -1.2879174e+00
  2.6496048e+00
 -1.0685688e+00
  3.0681050e+00
  2.7471359e+00
  6.3830867e+00
  2.2618580e+00
 -6.6781402e+00
  1.3415776e+00
 -4.8820949e+00
 -4.0231180e+00
 -1.8194240e+00
 -6.3892299e-01
 -6.7228017e+00
 -8.1553917e+00
 -3.2308719e+00
 -6.3670573e+00
 -1.8808755e+00
  1.5562403e-01
 -1.1107996e+00
 -1.6088536e+00
 -7.3448533e-01
 -2.5851610e+00
  1.6079138e-01
 -1.2500428e+00
  3.7188087e+00
  1.5162047e+00
 -1.6390115e+00
 -3.5982674e-01
 -1.6495304e+00
 -8.5557275e-02
 -1.4636873e+00
 -9.1426134e+00
  2.3997180e+00
 -1.0834203e+01
  2.3963182e+00
 -1.0100117e+00
  4.4323444e+00
  1.6229832e+00
  7.4749460e+00
 -2.2075667e+00
  2.0537978e-01
 -3.4902613e+00
  1.9207118e-01
 -5.2269301e+00
  1.5344188e+00
 -8.4886909e-01
  7.5991464e+00
 -8.7364206e+00
  6.8045363e+00
  6.6369023e+00
 -5.5263782e-01
  1.8778887e+00
  5.4168863e+00
 -4.9193778e+00
  1.0256176e+00
 -4.2136984e+00
 -1.2577028e+00
 -1.3241862e+00
  9.2870772e-01
 -2.4192312e+00
  2.5418410e+00
 -7.0819926e-01
 -1.2277006e+00
 -2.4491925e+00
  3.2002583e+00
 -1.3196087e+00
 -6.2123084e+00
 -9.8673458e+00
  5.7365298e+00
 -1.3604074e+00
 -1.2794274e+00
  5.7962208e+00
  1.5725502e+00
 -3.3573110e+00
 -1.6113683e+00
  3.4676912e+00
  3.4684232e-01
  6.5078831e-01
  5.3273759e+00
  1.9960786e+00
  1.1038765e+00
 -1.4477423e+00
  2.8052297e-01
  1.0858452e+00
 -6.9645482e-01
 -3.0768535e+00
  9.7149020e-01
  1.8022074e+00
  1.3669858e+00
 -6.1502719e-01
 -5.4394612e+00
 -2.4938290e+00
 -8.3668584e-01
 -7.6511925e-01
  9.7549076e+00
  1.1083537e+00
 -2.3395748e+00
 -5.4844880e+00
 -2.2838733e+00
 -2.2050233e+00
  2.1859107e+00
  7.7865463e-01
 -2.3962295e+00
 -2.8320272e+00
 -8.0671282e+00
 -4.3785766e-01
  9.3283482e+00
 -5.7939062e+00
  2.6194198e+00
  1.0435219e+00
 -2.0782228e-01
 -7.5355631e-01
 -4.1358709e+00
 -1.9532156e+00
  2.0489644e-02
 -3.7581134e-01
 -8.1393689e-01
 -3.1697080e-01
 -3.4447803e+00
 -3.1828275e+00
  1.9474415e+00
  3.1677356e+00
 -3.7224860e+00
 -1.4484907e+00
 -1.4411472e+00
  1.0854629e+00
  3.0475183e+00
 -4.0857711e+00
  8.6604300e+00
  6.1518598e-01
  2.4162688e+00
 -3.5404632e+00
 -1.0740863e+00
 -2.1841000e-01
  2.3109193e+00
 -4.2776008e+00
 -5.5538535e-01
 -2.1426570e+00
  2.0951536e+00
  6.5589035e-01
  1.3665646e+00
 -2.9148452e+00
  2.8178406e+00
  1.9955590e+00
 -4.0811028e+00
  7.5224524e+00
  3.2844427e+00
 -8.1137171e+00
 -9.4454575e+00
  4.0284342e-01
 -3.5347755e+00
 -4.4516668e+00
  5.9262121e-01
  4.5012796e-01
  1.6926123e+00
  3.0040770e+00
  1.3274548e+00
 -3.3315086e+00
 -1.0851882e-01
 -3.5948582e-02
  3.5181839e+00
 -8.4706241e-01
  1.4853343e-01
 -2.7257454e+00
  5.0347252e+00
  2.0282621e+00
  1.1980864e+00
 -5.7875466e+00
 -2.7719891e+00
  1.3559718e+00
  1.1187755e+01
  9.6719481e-02
  2.9955852e+00
 -3.8318279e+00
  2.2956576e+00
  5.9348619e-01
  4.5143490e+00
  2.7623672e+00
  7.6348715e+00
 -3.5941045e+00
 -2.7680619e+00
  2.9536738e+00
  2.0052652e+00
  2.0433092e+00
 -2.1578395e+00
 -4.8297138e+00
 -4.8488631e+00
  3.6700289e+00
 -9.1361946e-01
  2.1296406e+00
  1.4659569e+00
  2.5926385e+00
  1.6923257e+00
  2.0122159e+00
  2.7977973e-01
 -6.3595104e-01
  2.5154879e+00
 -3.9966636e+00
 -7.1319356e+00
 -8.2672682e+00
  1.7399935e+00
 -1.1027539e+00
  1.0449526e-01
 -3.6210098e+00
  2.2858834e+00
  1.6145996e+00
 -3.8632624e+00
  7.5212860e-01
 -5.6954789e+00
  1.9789835e+00
  1.6606583e-01
 -2.3559601e+00
 -3.1435614e+00
 -6.3541908e+00
 -2.2184916e+00
 -1.8058609e+00
 -1.6818727e+00
  2.7904973e+00
 -6.7079526e-01
  2.4226847e+00
  2.4350479e+00
  4.8929200e-01
 -7.0974617e+00
  3.1054602e+00
 -1.1641855e+00
  9.0855873e-01
  4.2861220e-01
 -4.2000394e+00
  5.8174839e+00
  8.5636550e-01
 -4.4998941e+00
 -1.1353995e+00
 -1.5322232e+00
 -1.6972772e+00
  3.7119215e+00
  5.6795464e+00
 -2.0463786e+00
  2.0107250e+00
 -4.6681666e+00
  5.3309636e+00
  8.0139923e-01
 -3.8829494e+00
  1.2492576e+00
  5.1801124e+00
  5.5965865e-01
 -4.7735646e-01
 -1.0346718e+00
  5.4153428e+00
 -8.0475178e+00
  7.9794436e+00
 -5.3245845e+00
 -2.1551521e+00
 -2.7317998e+00
 -3.3727958e+00
  1.1010429e+01
  2.7227244e-01
 -2.9094179e+00
  1.7626922e+00
  6.2799344e+00
 -1.0027366e+00
  1.7730730e+00
 -1.9028293e+00
 -3.0815122e+00
  4.2618093e+00
 -4.0760922e+00
 -9.8014200e-01
 -2.3001518e+00
  3.1915460e+00
  6.0765781e+00
  1.8394943e+00
 -2.4861455e+00
 -2.5611970e+00
  5.6327267e+00
  1.5795000e+00
 -4.5097427e+00
 -8.8580427e+00
  1.7747487e+00
 -3.6875417e+00
 -4.0715784e-01
  1.3048763e+00
 -1.1656435e+00
 -9.1739023e-01
  2.4526114e+00
 -9.2909008e-01
 -4.1065688e+00
 -4.5856974e-01
  1.0527689e+00
  6.0952973e-01
 -3.2761390e+00
 -2.3999572e+00
  1.5614247e+00
  1.1477334e+01
 -8.3356174e-03
  2.0466540e+00
  1.2854736e+00
 -4.4957118e+00
  1.3844143e+00
  1.2919374e+00
  1.2766241e+01
 -1.4728508e+00
  1.9791698e+00
  1.5724370e+01
 -3.9483483e+00
 -2.0562544e+00
  4.5591388e-02
 -3.5784838e-01
  6.3144550e+00
 -3.0425065e+00
  2.7264867e+00
  3.1316097e+00
  9.4053519e-01
  8.0290145e-01
  1.1373867e+01
 -4.5974975e+00
  1.1743675e+01
 -6.0243404e-01
  4.7327585e+00
 -2.3023832e+00
 -2.7329416e+00
 -5.6216998e+00
 -9.8297167e-01
  1.6130662e+00
  4.9327844e-01
  7.3784475e+00
  2.8930506e-01
  2.7063315e+00
  4.2236013e+00
  3.5725713e+00
 -1.5821522e+00
 -1.0771124e+00
 -9.7947383e-01
 -1.1009561e-02
  2.0511089e-01
 -6.1904669e-01
 -1.6218722e+00
 -1.3723590e+00
 -2.0077794e+00
  1.2783130e+00
  9.2523098e-01
 -4.0654537e-01
 -2.7124362e+00
 -4.0542002e+00
 -2.4560688e+00
 -1.6855768e+00
 -2.2164838e+00
  1.0209838e+00
 -4.3103391e-01
 -3.9507437e+00
  6.0633612e-01
  2.2878120e+00
  1.1809772e+00
 -1.8201096e-01
  1.7639223e+00
  1.2280090e+00
 -3.7123370e+00
 -1.9260436e+00
  9.2407173e-01
 -6.5963488e+00
  2.9303524e-01
  1.5543781e-01
 -1.3234005e+00
 -1.8562493e+00
  5.6945362e+00
  4.0004749e+00
  4.4791079e+00
 -2.3576105e-01
 -7.3529565e-01
 -7.0964831e-01
  8.6896116e-01
 -8.6705750e-03
 -7.6200074e-01
 -4.8773880e+00
 -1.1695868e+00
  2.4239814e+00
  2.3415933e+00
  1.4990013e+00
 -3.3430092e+00
  1.1191410e+01
  3.4824505e+00
  3.1452427e+00
  1.6345456e+00
 -4.7785978e+00
  4.7609801e+00
  2.7738032e-01
  7.6776266e-01
 -5.3444271e+00
 -2.3976548e+00
 -3.2523844e-01
 -8.2036400e-01
  4.3449144e+00
 -2.0796304e+00
  6.7676067e+00
  6.7594748e+00
  3.5418890e+00
 -3.5809419e+00
  6.0724840e+00
  4.3778467e+00
  5.8245721e+00
 -5.0938172e+00
  4.3750854e+00
 -5.3624111e-01
  7.7803493e+00
 -4.3965569e+00
  1.7529117e-01
  1.2510231e+00
 -4.2105141e+00
  1.2078447e+00
 -1.4458804e+00
 -3.1057055e+00
 -2.3523996e+00
  3.2571182e+00
 -6.1917730e-02
  5.4584903e-01
 -1.3505936e+00
  1.0575605e-01
 -7.0304680e-01
  2.4825423e+00
  7.9759884e-01
 -2.7479267e+00
  2.5424013e+00
  1.3944077e+00
  4.1354555e-01
  5.8307023e+00
  4.7069941e+00
  3.8465106e+00
 -1.9495255e+00
  1.4569194e+00
 -3.1039307e+00
 -8.8613415e+00
 -1.2884254e+01
  2.1439748e-01
  4.2180413e-01
  1.3709916e+00
 -2.8096213e+00
  2.1378834e+00
  1.1805651e+00
 -1.3366741e+00
 -1.7834543e-01
 -2.5168185e+00
  3.2921898e+00
 -6.0192335e-01
 -8.8273735e+00
 -2.8775237e+00
 -5.1432343e+00
 -7.6368136e+00
  3.6668973e+00
 -4.1725602e+00
 -1.3264971e+00
 -6.9810810e+00
 -1.6349319e-02
  4.9538109e-01
 -6.4537442e-01
  1.4393110e+00
  8.0268707e+00
 -3.5783534e+00
 -4.9565619e-01
  3.1413279e+00
 -5.2461853e+00
  8.0918903e+00
  3.9574840e+00
  2.7503977e+00
  2.7851906e+00
 -2.3909590e-01
  1.7522830e+00
  5.7882581e+00
 -7.4274731e+00
  1.0410656e+00
  7.1613922e+00
  1.3794488e+00
 -1.7794609e-02
 -8.2602650e-01
  2.7876681e-01
 -1.2611641e+00
  4.5711070e-01
 -3.6602813e-01
 -2.3787620e+00
 -8.9179420e+00
  2.3577621e+00
 -7.6602445e+00
  2.4217682e+00
  3.8101020e+00
 -1.9715084e+00
 -3.4839094e+00
  6.2645111e+00
  6.4472318e+00
 -1.8693427e+00
 -5.2414675e+00
 -5.2052492e-01
 -2.8257641e-01
  4.0041065e-01
 -3.5938576e-01
  3.2735065e-01
 -4.8395371e+00
  4.3964672e-01
 -1.8151556e-01
 -2.1336657e-01
 -2.0294805e+00
 -4.4667113e-01
 -3.6064887e+00
  5.7376442e+00
 -3.6734629e+00
 -5.9726105e+00
  1.1724200e+00
 -4.4252000e+00
 -4.9109654e+00
  7.6227551e+00
  1.8036440e-01
  2.9389217e+00
  2.9033666e+00
  1.5334750e+00
 -2.8946191e-01
  8.8531899e-01
 -3.4081929e+00
  1.0099601e+01
 -3.8650548e+00
  9.2022642e-03
 -8.5359974e+00
  1.0351735e+00
 -8.8650364e-01
  3.4530985e+00
 -1.2326776e+00
 -5.6499147e+00
  2.7747509e+00
 -3.5600593e+00
 -4.1184697e-02
  3.8342088e-01
 -5.8728971e+00
  1.1875657e+00
 -4.2411060e+00
  1.5899009e+00
 -2.6467509e+00
  5.4841822e-01
  6.0731965e-01
  6.4416332e+00
  4.3444589e-01
 -1.8865995e+00
  3.4660589e-02
 -1.9542364e+00
  6.8424726e+00
 -6.1935240e-01
 -9.0591955e-01
  2.8651068e+00
 -4.3012178e-01
  5.8267136e+00
 -2.3699243e+00
 -3.4313240e+00
  5.6528716e+00
 -2.6250305e+00
  5.4947152e+00
 -3.8310947e+00
  5.7553463e-02
 -4.6929269e+00
  9.3939962e+00
  2.8742809e+00
 -2.2794387e+00
  1.8782225e-01
  2.3232508e+00
 -2.1254947e+00
  4.4975419e+00
  5.1445398e+00
  1.5917052e+00
 -2.0882328e+00
  1.4201212e-01
 -9.3487817e-01
 -5.4888380e-01
  3.1122088e+00
 -1.1805050e+01
  5.9758830e-01
  9.8945242e-01
  2.3794835e+00
 -2.2182844e+00
  3.2367635e+00
  4.0616474e+00
 -3.3891687e+00
 -2.6697630e-01
 -1.8257209e+00
  3.3644202e+00
 -3.5867310e+00
  2.8790638e+00
 -3.4996762e+00
 -1.5679815e+00
  5.8452172e+00
 -8.1293422e-01
 -1.0718000e+00
 -4.2364531e+00
 -2.0989933e+00
 -1.5770994e-01
 -1.5113723e-01
  1.2534101e+00
  2.4380941e+00
 -1.5821279e+00
 -4.3110113e+00
  1.3196373e+00
  2.9115407e+00
  5.4647870e+00
  3.4472492e+00
 -2.2805805e+00
 -7.9671502e+00
 -1.0548053e+00
 -6.5320859e+00
  2.2224889e+00
  4.3681335e+00
  9.7233790e-01
 -5.1286316e+00
  4.6023693e+00
  2.3792627e+00
  1.6310291e+00
  6.5875269e-02
 -9.1305578e-01
  2.8295618e-01
 -6.0075026e+00
  1.7078347e+00
  5.4101044e-01
 -3.2870317e+00
  5.1292572e+00
  2.7684088e+00
 -9.5128864e-01
 -3.1777172e+00
 -7.5424117e-01
  2.0796158e+00
 -5.2615190e+00
 -4.4193238e-01
 -1.4560291e+00
 -5.4574399e+00
 -3.5720787e+00
  1.2360836e+00
  1.2103949e-01
 -2.8914139e+00
 -6.6077785e+00
  2.1278707e-02
  1.9024773e+00
 -3.9496484e+00
 -1.7328132e+00
  3.8810096e+00
  2.9941814e+00
  1.1844558e+00
 -1.8331044e+00
  2.6115713e+00
  8.2363820e-01
  2.1571429e+00
  2.0891373e+00
  5.7343311e+00
 -2.6042836e+00
  1.0179806e+00
 -2.2040358e+00
  2.5811226e+00
 -1.4675052e+00
 -3.1034114e+00
  5.7472974e-01
 -6.8619239e-01
 -2.0820003e+00
 -5.9109664e-01
  4.9256520e+00
  3.7664080e+00
  7.1318083e+00
  1.9112762e+00
  3.7934618e+00
  2.4446101e+00
  1.7729631e-01
 -1.3900615e-01
 -1.0715234e+00
  9.2741214e-03
  3.8843651e+00
  5.8881631e+00
 -4.4837451e+00
 -4.0617652e-02
  3.5817392e+00
  1.3593466e+00
 -7.0624800e+00
 -1.9277867e+00
  3.6170034e+00
  2.7952867e+00
 -2.3191160e-01
  1.3862649e+00
 -9.9238592e-01
 -6.7310758e+00
 -6.9472599e+00
  9.3286806e-01
 -4.5638723e+00
  2.3284929e+00
 -1.8606604e+00
  2.9649217e+00
 -2.2407429e+00
 -2.2071004e+00
  9.4987357e-01
 -2.2983139e+00
 -8.3286440e-01
 -1.0610820e+00
  1.4080435e+00
 -1.4434959e-01
 -4.6987019e+00
 -5.3385764e-01
  1.2541192e+00
 -4.4951100e+00
 -1.2556659e+01
 -3.9098212e-01
  3.1664219e+00
 -8.8257122e+00
 -1.7576939e+00
  6.3464880e+00
 -1.7491294e+00
 -6.2637987e+00
  4.7399988e+00
 -2.3243425e+00
 -9.5489388e+00
 -4.1909070e+00
  2.1101043e+00
 -4.3196239e+00
 -8.4442921e+00
 -1.2529261e+00
  2.6832135e+00
  1.1228163e+00
 -3.6700518e+00
  3.9354973e+00
  8.5042486e+00
 -4.5113559e+00
 -3.2299628e+00
 -2.1077847e+00
 -8.8169301e-01
 -9.5300627e-01
 -5.5765271e-01
  5.0357084e+00
 -4.7459841e+00
 -1.6752858e+00
  5.5548340e-01
  7.6137753e+00
 -1.4376829e+00
 -1.9681219e+00
 -1.1864070e+00
 -5.9071331e+00
  2.6279871e+00
  1.0615193e-01
 -4.7525601e+00
  3.4968643e+00
 -5.2236090e+00
 -1.8112490e+00
 -1.5004638e+00
  8.1727880e-01
  4.0332193e+00
 -3.7438726e+00
 -2.6583824e+00
 -1.0543244e+01
 -6.4594855e+00
 -2.9570003e+00
  7.0951004e+00
 -2.1407351e-01
  3.2059000e+00
  2.2863457e+00
  1.4274153e+00
 -1.9108545e+00
 -3.0853763e+00
  2.0837831e-01
 -4.2180920e+00
  7.1426463e+00
  4.2964876e-01
 -4.3885307e+00
 -7.5284362e-01
  5.9968263e-01
  1.3736584e+00
  8.1320935e-01
 -5.2821031e+00
  5.8730154e+00
  4.1109591e+00
  2.7165821e+00
  2.0652356e+00
  2.0796659e+00
 -4.2366695e+00
  1.6351172e+00
 -1.4479650e+00
  3.2808959e+00
 -2.1881580e+00
 -8.1263745e-01
  3.2145271e+00
  1.2236648e+00
  8.8282604e+00
 -8.4197730e-01
 -4.8085690e+00
  4.6515088e+00
  3.7111506e+00
 -7.7194595e-01
  3.5696847e+00
 -2.4527639e-01
 -5.7291465e+00
 -3.1390746e+00
 -5.8330708e+00
 -7.2747502e+00
 -5.8991253e-01
  6.1157546e+00
 -3.6210730e+00
  6.6781030e+00
 -8.7678641e-01
  3.6751029e+00
  1.0226506e+00
 -4.4545250e+00
 -2.6430001e+00
 -1.1044821e+00
  2.1480675e+00
 -3.8245177e+00
 -2.7054312e+00
 -6.1430755e+00
  4.2284870e+00
 -4.8691225e+00
 -5.8347521e+00
 -5.2406416e+00
  1.3291246e+00
  2.7663484e+00
  1.3604445e+00
  1.1242336e+00
 -3.6438904e+00
 -1.1254232e+00
 -2.9899976e+00
 -2.8359709e+00
 -4.1626969e-01
 -1.2065985e+00
 -5.1720440e-01
 -8.9489470e+00
 -6.3135443e+00
  2.1913543e+00
 -5.3372085e-01
 -2.2070823e+00
 -5.5981833e-01
  1.7796952e+00
  4.8743749e+00
  1.5736618e+00
 -3.2652068e+00
  6.8539208e-01
 -5.8463721e+00
  2.2271033e-01
  1.4141566e-01
  1.6464418e+01
 -4.1759568e-01
  4.7968827e-02
 -2.9674385e+00
  5.1491203e+00
 -2.4344945e+00
 -6.3790929e-01
 -1.9526947e+00
  3.0124691e+00
  2.7199641e-01
 -2.6720345e+00
 -5.7139987e-01
 -4.8785181e+00
 -3.1469429e+00
 -6.3045011e-03
 -4.0841699e+00
 -4.3781691e+00
 -2.9531078e+00
  9.0064859e+00
  1.9189304e+00
 -3.3790576e+00
 -1.7365113e+00
 -3.8539878e-01
  8.2083070e-01
 -7.5727372e+00
  7.3486362e+00
 -1.0466218e-01
  2.8154917e+00
 -3.1724026e+00
  3.3250635e+00
 -6.5072818e+00
 -5.6056571e+00
 -2.7360876e+00
  3.0404172e+00
 -3.4728758e+00
 -1.5569395e+00
  5.7877932e+00
  4.2468065e-01
  8.2037544e+00
 -4.1051492e-01
 -8.0428753e+00
 -1.7364883e+00
 -2.7314122e+00
 -1.1231531e+00
 -4.9613276e+00
  3.7983885e+00
 -1.4264712e+00
  2.1738508e+00
  1.2569043e-01
  4.5485935e+00
  3.8666682e+00
  1.3038572e+00
 -1.0222919e+01
 -5.2351713e+00
  4.9900780e+00
  4.7397804e+00
  2.1244521e+00
  3.3218970e+00
 -4.4630301e-01
 -1.1127474e+00
 -5.1108260e+00
 -3.7048197e-01
  1.4867900e-01
 -1.7675257e-01
 -2.7152584e+00
 -6.0291243e-01
 -3.2057340e+00
  4.7033373e-01
 -2.4599741e-01
  2.6728845e+00
 -4.9363694e+00
  1.3842295e+00
  4.0334873e+00
  5.2609138e+00
 -9.6026707e-01
  2.7362819e+00
  8.4556347e-01
 -1.8466170e+00
 -1.3488742e+00
 -3.2972419e-01
 -6.5959823e-01
 -6.7093525e+00
 -7.6499481e+00
  2.5995785e-02
  3.4919896e+00
  3.8040334e-01
 -4.9400630e+00
  5.0410193e-01
 -5.2903790e+00
  1.4065641e+00
 -6.0134029e+00
 -2.6751244e+00
  2.5357530e+00
 -6.0657649e+00
 -1.4466515e+00
 -4.4671774e+00
  2.0250209e-01
  2.4682286e+00
 -1.0367670e+01
 -7.6026154e-01
 -5.5508785e+00
 -3.7770901e+00
  6.0140901e+00
  7.1032529e+00
  7.5423236e+00
  5.5588692e-01
  4.1648960e+00
  8.7223434e-01
 -4.6916655e-01
  2.6299338e+00
  3.9113936e+00
 -5.9929118e+00
 -1.7256902e+00
  3.4057713e+00
  3.1720946e+00
 -4.4432373e+00
 -1.1473583e+01
  1.9845105e+00
 -1.3885816e+00
 -5.3798113e+00
 -4.0766006e+00
  5.1877012e+00
 -2.2434525e-01
  4.0234661e+00
 -2.8916088e-01
  1.4944246e+00
  2.0255661e-01
  7.1477240e-01
  4.3206048e+00
  4.1011729e+00
 -3.9819615e+00
  3.9904315e+00
  2.6332121e+00
 -2.2330763e+00
  1.4238361e+00
  8.2938617e-01
  9.8348725e-01
  1.8723650e-01
  1.3214283e+00
 -1.9116684e+00
  9.3787974e-01
 -3.9547208e-01
 -7.4279690e-01
  1.5009468e+00
  3.0211215e+00
 -7.5590581e-02
 -3.7887132e-01
  3.6581132e+00
  3.4939771e+00
 -5.7033672e+00
  3.6700110e+00
 -5.4557147e+00
  2.2778199e+00
  6.8462563e-01
  7.3854542e-01
 -1.9215605e+00
 -6.4008170e-01
 -2.5926294e+00
  4.5685363e+00
 -2.7888422e+00
 -1.2965381e+00
  6.6099159e-02
 -1.3690984e+00
  1.4427402e+00
 -1.3513607e+00
 -2.9879361e-01
 -2.5768723e+00
  1.5341803e-01
 -5.4149216e-01
 -3.3193791e+00
 -1.9068388e+00
 -1.3786526e+00
  3.1789081e+00
  6.4714944e-01
  7.5300660e+00
  6.8091017e-01
  1.7192110e+00
  4.6537409e+00
  9.7650880e-01
 -1.4623436e+00
  2.1286533e+00
 -1.6465919e+00
 -1.2351629e+00
 -8.7019128e-01
 -1.2749273e+00
 -9.8189849e-01
 -2.4054232e-01
  4.2077270e+00
  9.5602393e-02
  2.3187039e+00
 -1.5752996e+00
 -5.9078142e-02
 -2.7700119e+00
 -2.5440657e-01
  2.2224090e+00
 -3.5336607e+00
  1.5522512e+00
  6.4314280e+00
 -2.0978591e+00
 -5.9501061e-05
  7.1726036e-01
 -2.1103846e-01
  6.2496657e+00
 -6.0124950e+00
 -1.6408076e+00
 -3.7406101e+00
 -4.8022225e-01
 -3.3026218e+00
  2.0860015e-01
  7.6588988e+00
 -6.1735880e-01
  3.1378953e+00
  2.4572361e+00
 -3.3856945e+00
 -8.8684263e+00
  1.2188375e+00
 -6.7111045e-01
 -1.2655627e+00
  2.6135783e+00
 -7.7015576e+00
  4.4491248e+00
  2.7528191e+00
 -2.2013490e+00
 -3.5496240e+00
  3.7892692e+00
 -1.3043007e+00
  6.2598877e+00
  1.2040455e+00
 -2.2884374e+00
 -4.8635176e-01
  3.7695250e-01
 -8.8902211e-01
 -1.8651781e+00
 -1.6778950e-01
 -2.0117760e+00
  3.3899813e+00
 -6.1411482e-01
  2.4219253e+00
 -3.4593699e+00
 -4.5314938e-01
  4.9693516e-01
  1.8670212e+00
 -4.6927319e+00
 -5.3011951e+00
  1.4985433e+00
  8.1985378e+00
 -1.7933303e+00
  3.2358899e+00
 -9.5932508e-01
  1.4971746e+00
  6.9267535e-01
 -1.0251512e-01
 -1.5188967e+00
 -2.2982354e-01
 -8.2333553e-01
 -2.7585584e-01
  2.9870639e+00
  3.4679410e+00
 -2.2526088e+00
  1.8585334e+00
  3.4549136e+00
  2.1516671e+00
  5.7493186e-01
 -2.0470614e+00
 -4.8281589e+00
  2.8564210e+00
  4.8996395e-01
 -2.0693452e+00
 -3.2109331e-02
  2.1466398e+00
  2.4069507e+00
 -7.2071201e-01
  1.4895263e-01
 -4.9106291e-01
 -2.6571872e+00
 -1.5891137e+00
  2.0095592e+00
 -1.9731876e+00
  3.0787451e+00
 -4.3838763e-01
  5.8283663e-01
  5.0875950e+00
 -1.3176601e+00
  1.9943102e-01
 -3.4763902e-01
 -4.5836890e-01
 -3.3595126e+00
  6.5656728e-01
 -3.3362122e+00
  1.3211746e+00
  2.9615602e-01
 -9.7513062e-01
  4.6341386e+00
 -2.1493790e+00
  2.8565893e+00
  1.3537365e+00
  4.7468085e+00
  1.8155197e+00
  6.3932481e+00
 -7.6044464e-01
 -1.2006934e+00
 -6.8354735e+00
 -4.7958045e+00
  4.8343358e+00
 -2.2595942e+00
 -2.4844110e+00
 -7.0128536e+00
 -2.7697384e+00
  5.1613035e+00
 -5.9131498e+00
 -9.6469450e+00
  4.6053343e+00
  1.9712707e+00
 -5.3698522e-01
 -6.0590110e+00
  3.6715801e+00
 -1.3482313e+00
 -7.6579113e+00
  3.7655201e+00
  2.6341786e+00
  4.7494431e+00
 -7.7092795e+00
 -2.1922617e+00
 -3.8960493e+00
  4.3014545e+00
  5.4117018e-01
 -7.8091735e-01
  1.8960372e+00
 -7.6264799e-02
 -7.7256422e+00
 -6.9662130e-01
  3.6962714e+00
 -1.0554286e+01
 -5.8632082e-01
  1.1813002e+00
  9.5978874e-01
  3.2473593e+00
 -6.6910191e+00
 -5.5477157e+00
  6.9089442e-01
 -7.4789839e+00
  2.5185905e+00
 -7.3995543e+00
  7.9930019e-01
 -3.0511568e+00
 -4.2806497e+00
 -3.3793724e+00
 -3.3271995e+00
 -1.0427015e+00
  3.3313947e+00
 -5.7694840e+00
  1.8826495e+00
 -2.2511032e+00
  3.5194173e+00
 -1.2773959e+01
  1.7551492e+00
 -4.8367509e-01
  7.6101387e-01
 -2.4065642e+00
 -5.5283815e-01
  2.6641328e+00
  3.5272553e+00
  7.8015289e+00
 -2.7026885e+00
 -1.6949594e+01
  6.1250076e+00
 -3.4499745e+00
 -8.4921134e-01
  1.0542178e+00
  2.6131792e+00
  1.6916497e+00
  6.7051071e-01
 -2.7155485e+00
 -8.7017959e-01
 -2.4635540e-01
 -5.0222964e+00
 -3.8140848e-01
  4.2725101e+00
 -8.2753795e-01
 -7.7362508e-01
  1.3546039e-01
 -1.7978611e+00
 -2.6664486e+00
  7.2203937e+00
  2.6623037e+00
  3.9703445e+00
  3.9817846e+00
 -2.5439355e+00
  8.2788105e+00
 -1.1785477e+00
  1.1889145e-01
  8.6420259e+00
 -1.6014741e-01
 -1.5900906e+00
 -4.4911571e+00
  5.8066559e+00
  3.2037892e+00
  2.1492078e+00
  1.9916449e+00
  5.0597292e-01
  6.5793967e-01
  3.7136285e+00
  5.0524931e+00
 -1.6738098e+00
  2.3344495e+00
 -8.5131454e+00
  2.2730505e+00
  4.9525073e-01
  1.0083343e+00
  1.3949430e-01
 -6.3458328e+00
  1.7784466e-01
 -9.6923232e-01
 -4.5122895e+00
 -4.2565048e-01
 -4.0050135e+00
  1.6825697e+00
 -2.0244490e-01
 -9.7639102e-01
  3.5554919e+00
  1.9750334e+00
 -7.8476906e-01
 -2.8524977e-01
  1.1893542e+00
 -3.7935958e+00
  1.2360539e+00
  2.3625288e+00
  2.4362178e+00
  1.1996062e+00
  8.1684952e+00
 -2.5766957e+00
  1.8942906e+00
 -2.3497202e+00
  5.7323580e+00
 -5.5790019e-01
 -2.6967552e+00
  4.3312866e-02
 -1.1391977e+00
  4.3462915e+00
  4.1530924e+00
  3.4927542e+00
  1.7105856e+00
  3.6397228e+00
  6.4669008e+00
  1.0045888e+00
  1.4223157e+00
  4.0464191e+00
  3.2183483e+00
 -7.1190220e-01
  1.3565600e+01
  1.6084341e+01
 -4.0560228e-01
  1.1038723e+00
 -1.7825438e+00
  2.0182703e+00
 -8.2898402e-01
  2.8667908e+00
 -1.1822035e+00
 -1.8835824e+00
 -1.4503822e-01
 -4.8980727e+00
  3.9016824e+00
 -6.4199166e+00
 -7.6083839e-01
  3.7006040e+00
 -4.8356977e+00
 -3.0467421e-01
  3.4402122e+00
 -1.1661066e+00
 -3.0587997e+00
 -1.6273293e+00
  1.8353540e+00
 -9.7791791e-01
  1.6776443e+00
  8.9669061e-01
 -6.0151129e+00
  7.5664550e-02
 -2.5123012e+00
  7.3991972e-01
 -5.7029117e-02
  1.2384732e+00
  3.7103357e+00
  1.9089409e+00
 -3.9840317e+00
 -3.1565684e-01
  2.7440017e-01
  2.0700914e-01
  4.0302172e+00
  3.7021959e+00
  4.1577104e-01
 -2.7240697e-01
 -1.5971160e+00
 -2.5061715e+00
 -4.2616682e+00
  2.5129299e+00
  3.3230753e+00
 -4.0585634e-01
 -5.2106088e-01
  3.2454858e+00
 -2.9163969e+00
  4.0216136e+00
 -2.4478929e+00
  4.8165736e+00
  3.3400903e+00
 -1.7514077e+00
  7.1494853e-01
  2.2196426e+00
  5.6640725e+00
  2.2124210e-01
  3.1380365e+00
 -7.3769450e+00
  1.0202984e-01
 -5.1653442e+00
 -2.9940295e+00
 -9.5115690e+00
 -2.0206008e+00
 -2.5951359e+00
 -1.9173479e+01
 -9.0544157e+00
 -8.6000764e-01
  1.6808786e+00
  2.0439250e+00
  6.9256253e+00
 -4.9676991e+00
 -3.6048188e+00
 -1.3489784e-01
  1.8828372e+00
  3.8929415e+00
  1.2737331e+00
  3.9857216e+00
  8.5077065e-01
  4.0995822e+00
 -2.1746063e+00
  1.8967717e+00
 -3.0325109e-01
 -7.3506885e+00
 -1.7220343e+00
 -7.6027908e+00
 -2.2773566e+00
 -3.8572252e-01
 -2.0114975e+00
 -3.7057791e+00
  1.8493874e+00
  4.1616765e-01
 -3.0523100e+00
 -6.5140715e+00
 -2.0342742e-01
 -1.7720991e+00
 -3.4105589e+00
  2.2713881e+00
  6.3146343e+00
  5.7115936e+00
 -1.0059155e-01
  7.7833648e+00
 -2.1194611e+00
  1.4959925e+00
  1.1807629e+01
  2.2176185e-01
  5.0787358e+00
  2.5041285e+00
 -2.8945405e+00
  2.4104898e+00
 -2.6443510e+00
 -6.9238907e-01
  2.9995191e+00
 -7.4566040e+00
  5.2383476e-01
  2.8302333e+00
  2.2232507e-01
 -4.6084994e-01
 -5.3750868e+00
  6.4862007e-01
 -2.3586860e+00
  6.3900261e+00
 -9.6308813e+00
 -1.0459760e+01
 -2.2343386e-02
 -3.3622155e+00
 -3.5962367e-01
 -3.7342691e-01
 -3.6862817e+00
  3.1609917e+00
  3.4523811e+00
 -6.7148006e-01
  4.6750593e+00
  2.9989440e+00
  4.2767927e-02
  3.1013594e+00
 -7.3250997e-01
  3.7938888e+00
 -6.8773179e+00
 -6.3757753e+00
  3.2747991e+00
 -4.0198617e+00
  1.7551620e+00
 -3.1678391e+00
  3.9519823e+00
 -3.7922754e+00
 -5.9309130e+00
  3.6017175e+00
  6.0393591e+00
 -2.7801688e+00
  1.4466354e-01
 -4.7290387e+00
 -2.0738128e-01
 -1.9012455e+00
  4.9526367e+00
  2.5139594e+00
 -1.8678683e+00
 -9.1901535e-01
 -5.9382811e+00
  3.8591812e+00
  2.7639904e+00
 -6.8232703e+00
  2.2025449e+00
  8.5519487e-01
 -3.5043156e+00
 -1.9907683e+00
 -1.6857959e-01
 -3.2027719e+00
 -1.0331031e+00
  3.9425950e+00
 -1.5112664e-01
  1.9209318e+00
  3.1977475e+00
  1.2731472e+00
 -8.2858998e-01
 -2.6078911e+00
  1.0999624e+00
 -8.7621629e-01
  2.3183997e+00
 -5.2426453e+00
  1.6540819e+00
 -4.2785091e+00
 -3.3896620e+00
 -3.9493134e+00
 -2.1381273e+00
  8.6427212e-01
 -3.3309919e-01
 -2.1729489e-01
 -2.9508791e+00
  9.2187148e-01
 -7.7943325e-01
  1.8844682e-01
  3.9749970e+00
 -6.4276748e+00
 -5.1518244e-01
 -2.0795774e+00
  4.6487021e+00
 -1.2530258e+00
  8.1459031e-02
  5.6383281e+00
 -1.4185694e+00
  7.1242204e+00
 -9.3180752e+00
  1.2190090e+00
 -6.5886207e+00
  1.0907446e+00
 -5.1473966e+00
 -2.3322480e+00
  1.4124095e+00
  2.6310313e+00
 -8.6962664e-01
  3.9225552e+00
 -7.6050658e+00
 -7.8922658e+00
  2.4168189e+00
  1.5262356e+00
  6.0482484e-01
  3.5469480e+00
  8.4436378e+00
  2.0101702e+00
 -2.6416419e+00
 -2.0822408e+00
  1.8661546e+00
  3.3315537e+00
 -9.7244459e-01
  7.3703146e-01
 -1.0852685e+00
 -2.1454411e+00
 -4.3283415e-01
  2.5490520e+00
  2.8974323e+00
 -1.2713690e-01
 -2.6719489e+00
 -6.9494987e+00
 -7.2332959e+00
 -7.7847872e+00
  6.9575520e+00
 -4.0936103e+00
 -6.1707336e-01
  2.7555511e+00
  7.6715171e-01
 -2.6817513e+00
 -2.7840619e+00
  5.1648760e+00
  2.0719194e+00
 -2.7030041e+00
 -1.2450238e+00
  4.1701965e+00
 -8.7875147e+00
 -2.5145206e-01
  9.8386062e-03
 -1.7318864e+00
  3.0721643e+00
  1.5369642e+00
 -2.3682954e+00
  2.0949562e+00
 -5.3069601e+00
 -7.0667109e+00
 -2.2902877e+00
 -3.6761327e+00
 -6.7564588e+00
  4.3275023e+00
  5.4784827e+00
 -2.5163639e+00
  2.2927902e+00
  4.6316581e+00
  4.8710141e+00
 -2.9738042e+00
  4.8292521e-02
  2.2209814e+00
 -2.3065837e-01
 -9.0704161e-01
  3.5274973e+00
 -5.4188929e+00
 -2.5934632e+00
 -7.7523675e+00
 -7.0811415e+00
  2.5093255e+00
  3.7075861e+00
  2.2041452e+00
 -4.0711489e+00
  3.4052844e+00
 -3.3490496e+00
  3.7989943e+00
 -1.3478449e+01
  2.3320651e+00
 -5.7831326e+00
 -1.7820051e+00
 -4.0987638e-01
 -1.9007615e+00
 -3.7610865e+00
 -2.2224147e+00
  1.1815902e+00
  1.3538562e+00
  2.3510389e+00
  5.3614707e+00
 -2.9943619e+00
  2.1484572e-01
  3.2094851e+00
 -2.2980180e+00
 -7.2533135e+00
 -4.9376335e+00
  1.5715992e+00
  2.7246962e+00
 -2.5087552e+00
 -3.9872491e+00
  2.4673498e+00
  3.8731744e+00
 -1.4236921e+00
  6.0285435e+00
  2.8624339e+00
 -2.5137024e+00
 -9.5857668e-01
  1.1201199e+00
  1.1897302e+00
  5.4730350e-01
 -5.4573849e-02
  1.3696308e+01
  1.8458652e+00
 -1.1088794e+01
  2.0569577e+00
  2.7102652e+00
 -4.9355321e+00
  3.8501451e+00
 -1.5283665e-01
 -3.2589402e+00
  3.0632346e+00
  2.7039549e+00
  1.2814453e-01
  8.6897510e-01
 -2.7798064e+00
  4.1760106e+00
  3.5160642e+00
  9.6319968e-01
  9.5202845e-01
 -4.5975156e+00
  5.4459500e-01
 -3.5840721e+00
 -1.4945713e-01
  1.1358181e+01
  2.9600937e+00
  1.8145540e+00
 -3.1093425e-01
  9.8948008e-01
  2.8128660e+00
  4.5423408e+00
 -5.9957771e+00
 -3.2436025e-01
 -3.5947506e+00
 -3.4900382e+00
 -3.7546556e+00
  6.0323691e-01
  3.4397457e+00
 -2.0673072e+00
  3.4183410e-01
 -7.5674262e+00
  6.9300032e+00
 -8.4128685e+00
  6.0953057e-01
 -5.4499388e+00
 -1.5313147e+00
  4.6661048e+00
 -8.6673183e+00
 -3.3363345e+00
  1.3391111e+00
  1.5099590e+00
  6.8185287e+00
 -2.4196953e-02
  1.4328293e+00
 -4.3381743e+00
 -1.9225059e+00
 -8.6654651e-01
 -4.7421427e+00
 -3.3391480e+00
  3.6959891e+00
  9.7219777e-01
  3.1102059e+00
 -3.0570228e+00
  1.5045459e+00
  3.3225114e+00
  9.5761023e+00
  2.5433710e+00
 -5.3088880e-01
  5.1924896e+00
  8.8878149e-01
  3.9035249e+00
  1.5637838e+00
  2.6844580e+00
 -8.6698084e+00
  9.7775249e+00
 -8.8761539e+00
  1.6663440e+00
 -1.9265826e-01
 -5.4745326e+00
  5.2643781e+00
  8.8099337e+00
  6.9807158e+00
  2.1564437e-01
 -2.5181453e+00
 -5.2300322e-01
 -2.2244565e+00
  1.0299879e+00
  3.3508005e+00
 -5.7959814e+00
 -4.8092690e+00
  1.0912347e+00
  6.1671634e+00
  1.1462774e+00
  6.5328050e+00
 -2.2352259e+00
 -7.6739186e-01
  5.9630842e+00
 -3.8719780e+00
 -2.6306260e+00
  4.5176830e+00
 -3.0994930e+00
  2.6473153e+00
 -1.5503489e+00
  2.4824979e+00
 -2.6382360e+00
 -1.5869958e+00
 -2.1733379e-01
  4.2027779e+00
 -1.4335546e+00
 -4.6468782e+00
  1.5644693e+00
 -1.3051279e-01
  1.5460608e+01
 -5.1279368e+00
  2.6079330e+00
 -4.8511844e+00
  5.9004383e+00
 -3.3460301e-01
  1.4961957e+00
  2.0919220e+00
 -1.8373606e+00
 -7.0055240e-01
 -2.9839625e+00
  4.0274425e+00
  5.0359459e+00
  9.9419695e-01
 -3.4144394e+00
  5.4655309e+00
  2.3918896e+00
 -4.5083275e+00
 -2.5008255e-01
 -1.7364134e+00
 -2.9367187e+00
  9.6462601e-01
 -3.9546719e-01
  7.4771762e-01
  1.9295983e+00
  4.8832631e+00
  1.6158031e+00
 -4.0936871e+00
  1.7524090e+00
 -8.3017433e-01
  3.5591490e+00
 -1.2111512e+00
 -4.1244769e+00
 -7.8029723e+00
  2.1370103e+00
  4.0626545e+00
  1.7428541e+00
  1.4922415e+00
 -1.8621401e-01
  5.3006964e+00
  4.0624204e+00
 -3.0833294e+00
 -2.6826999e+00
 -3.0885756e+00
  2.3854918e+00
 -4.5176558e+00
  3.3892176e+00
  9.4954062e+00
 -1.6186582e+00
 -5.8397973e-01
  7.3968706e+00
  4.3192831e-01
  1.2871735e-01
 -1.2364022e+00
  3.2364995e+00
  9.3511212e-01
 -4.6069593e+00
 -4.5878415e+00
 -2.9789016e+00
 -1.0961710e-01
 -4.2958050e+00
  7.1396437e+00
  5.7953328e-01
  3.0101168e+00
  3.9527903e+00
 -3.1110876e+00
  1.6805075e+00
 -1.3466635e+00
 -2.3707037e+00
 -4.7021718e+00
 -3.1262877e+00
  3.0641570e+00
  1.5378256e+00
  1.6311643e-01
 -7.6496749e+00
  1.2859709e+00
  2.5488927e+00
 -6.3491255e-01
 -3.8221421e+00
  1.7810950e+00
  7.2499955e-01
  1.6639978e+00
 -1.6624151e+00
 -4.3798918e-01
  1.0217773e+00
 -1.2689567e+00
  2.7378201e+00
 -7.4285493e+00
 -1.2234187e+01
  1.0365722e-01
  2.0630879e+00
 -4.8065691e+00
  3.3133087e+00
 -5.0689254e+00
  4.6847415e+00
  3.9891431e+00
 -3.9804156e+00
  4.3212905e+00
  1.7594315e-01
  4.8573330e-01
  1.1155748e-01
  1.2426951e+00
 -3.4839445e-01
  4.4756854e-01
  5.9442860e-01
  1.5410230e+00
  2.1263288e-01
 -1.3117220e-01
  3.7688008e-01
  2.3482202e-01
  1.2293736e+00
 -1.0397283e+00
 -8.5106045e-01
  4.0819111e-01
  7.3025870e-01
  1.6160214e+00
  6.2598979e-01
 -3.7092850e-01
  1.3017416e+00
  1.7410775e+00
 -2.4445620e+00
 -3.7980440e-01
 -2.8619504e-01
 -1.0540094e+00
  4.7268476e+00
 -7.6577246e-01
  1.4237471e+00
 -2.9986949e+00
  4.5164672e-01
  2.3825226e+00
 -8.6498350e-01
  1.9911493e-01
 -8.1314218e-01
  7.1267390e-01
 -2.9329360e+00
 -7.2496289e-01
 -2.5445020e+00
  3.2496548e+00
 -1.8210325e+00
  5.1540313e+00
  6.2637291e+00
 -4.9673459e-01
 -1.2199502e+00
  1.4851000e+00
 -3.5501418e-01
 -1.4240502e+00
  4.0441852e+00
  2.4285161e+00
 -1.3846147e+00
 -3.3855159e+00
  1.1145994e-03
 -1.8305213e+00
  4.2485366e+00
 -3.9450202e+00
  1.1530105e-01
 -1.0723552e+00
  2.0438461e+00
  1.6627896e+00
 -2.9762706e-01
 -1.7429891e+00
  3.0077007e+00
 -2.2459283e+00
  1.4320837e+00
  1.9955436e+00
  9.4113247e-03
 -8.7303102e-01
  3.1314521e+00
 -2.7678490e+00
  1.5608485e+00
 -1.6173708e+00
  3.9794555e+00
  1.9084978e+00
  2.4705875e+00
 -1.8792614e+00
 -9.4589514e-01
  1.8701093e+00
 -4.0376658e+00
 -3.9238293e+00
 -2.2614806e+00
 -7.9543781e-01
 -1.9675773e+00
  4.1202188e+00
 -4.9090916e-01
 -6.1300478e+00
 -1.8876125e+00
  1.5174726e+00
 -2.8122435e+00
 -2.0174286e+00
 -3.2968085e+00
 -4.7340870e+00
  1.0708865e+00
  2.2264578e+00
  9.6335942e-01
 -8.1567698e+00
 -3.7190323e+00
  1.1063641e+00
 -7.6501389e+00
  3.4018080e+00
  1.3382249e+00
  9.7590303e+00
 -1.4611314e-01
  1.3512255e+00
 -7.6062951e+00
 -8.1669956e-02
 -7.1743143e-01
  8.4466207e-01
 -3.7657756e-01
 -4.5522270e+00
 -1.4671421e+00
  4.3887758e+00
 -2.5279768e+00
  5.9174914e+00
 -2.9007862e+00
 -2.9857203e-01
  1.8189217e+00
  6.3693366e+00
  1.7285668e+00
  1.4131037e+00
 -4.1857762e+00
  1.1354809e+01
 -1.1598763e+00
 -1.1232487e+01
  4.8911123e+00
  9.6288234e-01
  3.4315252e+00
 -2.2374256e+00
  1.0425111e+00
 -3.5258415e+00
  1.0198243e+00
 -1.8361760e+00
 -2.2509952e+00
 -3.8196356e+00
 -2.7859311e+00
 -5.8007369e+00
  2.9858630e+00
  1.3065778e+00
  2.3962681e+00
 -5.6211219e+00
 -5.6473529e-01
 -4.9284773e+00
  2.1203930e+00
  2.0107782e+00
  5.4872336e+00
  6.1152697e+00
 -5.3087320e+00
  1.3935740e+00
 -9.7537297e-01
  3.4464095e+00
  9.0300417e+00
  1.7686230e+00
 -2.3338661e+00
  1.7301087e+00
  1.9041053e+00
  2.1994607e+00
 -2.0758703e+00
  2.8746650e+00
  1.2792523e-01
 -7.4112368e+00
  1.0621554e+01
 -2.7722526e+00
  8.3067697e-01
  1.2016091e+00
 -6.1215633e-01
 -5.4808416e+00
  3.5249851e+00
 -2.7121034e+00
 -1.7110554e+00
 -2.9222200e+00
 -5.1155801e+00
  6.7411695e+00
  2.7588747e+00
  6.5502424e+00
  5.9032030e+00
 -1.9279710e+00
  4.5447035e+00
  4.9898634e+00
  2.1551745e-01
 -3.2150214e+00
  2.3966949e+00
  1.0977742e+01
 -2.6787400e+00
 -1.3069773e+00
 -2.8027755e-01
  3.6977677e+00
 -4.2488613e+00
 -3.9647779e-01
  1.6063169e+00
  2.5369009e-01
 -1.4005425e+00
 -4.1796908e+00
  3.3619831e+00
 -1.9906427e+00
  4.9357271e+00
 -1.5751112e+00
  3.2031913e+00
 -3.9905436e+00
  3.6238792e+00
 -1.4436132e+00
  2.9311228e+00
 -1.6307912e+00
 -8.2337670e-02
 -6.9374781e+00
  2.9562929e+00
  4.8184046e-01
  5.3739446e-01
 -6.6996771e-01
 -9.1991407e-01
 -7.1580130e-01
  1.3200651e+00
 -1.5054615e+00
 -5.0902452e-02
  1.7960522e-01
 -4.8496563e-02
 -2.1223342e+00
  1.6105884e+00
 -3.0249074e-02
 -3.2437460e-03
  2.2312620e+00
  7.5024199e-01
 -4.7286552e-01
 -7.2214228e-01
  2.3186302e+00
 -2.0365760e+00
  3.6879478e+00
  2.0046140e-01
  2.7655661e-01
 -2.6138232e+00
  2.5058966e+00
  3.9798622e+00
 -3.7337418e+00
  3.1248610e+00
 -2.6345572e-01
  4.0080004e+00
  5.6514448e-01
  3.9002388e+00
 -1.8697942e+00
 -4.3690376e+00
 -5.9642154e-01
 -7.7588087e-01
 -1.3070186e+00
 -2.0864615e+00
  3.4522886e+00
  1.4895601e+00
  2.4178939e+00
  1.7745299e+00
 -2.4079473e+00
  5.3762043e-01
  6.4889455e-01
  1.9368712e+00
 -3.7150280e+00
  5.2694111e+00
  7.5034428e-01
 -9.9742234e-02
  1.5116040e+00
 -3.1548318e-02
 -3.0481167e+00
 -3.7245417e+00
  3.1221061e+00
 -7.1001184e-01
  2.1592302e+00
 -1.2744756e+00
 -3.9738737e-02
  5.9463620e-01
 -7.5959879e-01
 -3.2993052e+00
  2.2521248e-01
 -4.1064534e+00
 -1.3451592e+00
 -7.5294000e-01
  9.9252540e-01
  3.8396127e+00
 -4.9611168e+00
 -3.4623756e+00
 -1.3960907e+00
 -2.2801859e+00
 -2.1338460e+00
 -8.8402790e-01
  9.4846562e-02
 -2.8767037e+00
 -3.5252373e+00
 -1.6728139e+00
  4.0299535e+00
 -1.6449708e-01
  1.0985175e+01
  1.9467072e+00
 -5.2254218e-01
 -1.0932263e+00
  1.3080410e+01
  7.5371518e+00
  8.8638163e+00
  1.1015238e+00
 -6.4636965e+00
 -7.9272437e-01
 -2.9860785e+00
  8.1069398e-01
 -1.6235000e+00
  1.2520770e+00
  1.4160179e+00
  3.4116850e+00
  6.3971949e-01
  9.8643631e-01
 -2.1794536e+00
 -1.6661909e+00
  1.2167206e+00
 -4.4446206e+00
 -1.3842234e-01
  1.2650506e+00
  5.1651764e-01
 -7.9214829e-01
  8.2075083e-01
  1.1998925e+00
  1.4961146e+00
  6.0447211e+00
 -2.2312639e+00
 -4.5043144e+00
  1.1046515e+00
  2.9233861e+00
  4.5832195e+00
  4.7331748e+00
 -4.0144119e+00
  1.9067062e+00
 -1.4800340e+00
 -2.1776996e+00
  2.7388196e+00
  1.6595672e+00
 -6.9908919e+00
  3.5077753e+00
  2.3452098e+00
  6.8606567e-01
  5.0293821e-01
  1.1764956e+00
  2.9917510e+00
  2.6902652e-01
 -4.6740093e+00
  4.1296988e+00
  1.5074337e+00
 -1.7826983e+00
  8.2828194e-01
 -5.0341082e+00
  1.6211164e+00
 -2.1517603e+00
 -4.7001871e-01
 -2.9982528e-01
  2.5725372e+00
 -2.2697239e+00
 -2.2186863e+00
  7.9616874e-01
  2.4267125e+00
  4.0274935e+00
  4.8517656e+00
  2.0512457e+00
  5.2713099e+00
 -1.0338508e+00
  3.5436299e+00
 -4.9703712e+00
  4.1107569e+00
 -4.2514601e-01
  4.3394098e-01
  7.1527964e-01
  2.1870849e-01
 -8.5823633e-02
  2.7370472e+00
 -4.1804695e+00
 -3.8620343e+00
  3.7284058e-01
  1.1668451e+00
  1.2906525e+00
 -1.2257072e+00
 -2.4459097e+00
  2.5979412e+00
  1.4777184e+00
  1.6765684e+00
  9.3863666e-01
 -3.8280728e-01
 -4.8881931e+00
  1.1314579e+00
 -7.8646295e-02
 -2.5298560e+00
 -1.3079941e+00
  3.2995832e-01
  7.7302618e+00
  4.8138121e-01
  1.9434698e+00
  2.1796088e+00
 -7.5596051e+00
  3.4350164e+00
  2.5350266e+00
  9.4457216e+00
  9.3999588e-01
 -5.4178959e-01
  1.0356957e+01
  4.1925880e-01
 -3.3586059e+00
 -3.3910048e+00
  7.0903420e+00
  1.8857756e+00
 -1.3756256e+00
  3.4491897e+00
  1.6303520e+01
  1.7271074e+00
 -6.2519493e+00
  4.9712162e+00
  3.1568480e+00
 -2.2482412e+00
 -2.7749155e+00
 -7.3451418e-01
 -6.9717464e+00
  1.1395520e+00
 -6.1890996e-01
 -6.6642551e+00
  1.4181285e+00
  4.0561920e-01
  1.4343201e+00
  2.0329840e+00
 -6.3297019e+00
  1.1699641e-01
  6.0170598e+00
 -1.1984961e-01
 -9.6829891e+00
 -3.6370940e+00
 -3.1976545e+00
 -3.2837499e-02
  8.8681573e-01
  9.6803409e-01
  2.2886147e+00
 -4.6007118e+00
  7.1958971e-01
 -2.3170831e+00
 -3.3902655e+00
 -3.5385439e+00
  1.0289962e+00
 -2.1800511e+00
 -2.2903593e+00
 -3.0476117e-01
  6.4375606e+00
  2.7769783e+00
  1.0146032e+01
 -5.5450039e+00
  7.3723006e-01
 -2.7729478e+00
  8.4963137e-01
  1.4130379e+01
 -5.7516756e+00
  1.5922650e+00
  1.9567120e+00
  4.0171647e+00
  2.1860697e+00
  3.0936825e+00
 -1.3443020e-01
  2.2350686e+00
 -1.3412845e+00
 -4.4761724e+00
  4.4608369e+00
 -3.3864936e-01
 -6.2128620e+00
 -4.5532961e+00
  4.2203312e+00
 -1.2615224e+00
  2.8873374e+00
  3.3415642e-01
 -4.5701894e-01
  1.2160498e+00
  8.2132560e-01
 -3.1122224e+00
 -1.1762984e+00
 -1.6980202e+00
  1.6442606e-01
 -3.1758797e+00
  1.0756739e+00
  1.5140778e+00
 -1.3287656e+00
 -1.8675764e+00
  1.3746305e-01
  2.5738958e-01
 -1.9332831e+00
  1.1663710e+00
  5.1369113e-01
 -1.0300616e+00
 -3.2789760e+00
 -1.3922768e+00
 -1.5762055e+00
 -1.9773564e+00
  1.8069333e+00
 -1.0957308e+00
  7.3096323e-01
 -6.8847742e+00
 -1.2378291e+00
 -1.0440031e+01
 -2.1438947e+00
 -1.8403559e+00
  3.4458866e+00
  7.2617493e+00
 -6.9130697e+00
  5.5595678e-01
  2.6324413e+00
 -1.7614216e+00
 -9.0672344e-01
  6.7555337e+00
 -1.2039729e+00
 -4.0644541e+00
 -3.6974695e+00
  3.9536050e-01
  2.3663988e+00
 -4.2986941e+00
 -3.8778074e+00
  2.0363369e+00
 -1.5882821e+00
 -1.8658000e+00
 -4.1881995e+00
 -2.1465388e-01
  3.0500064e+00
  1.5562567e+00
  1.9328268e-01
  5.6220132e-01
  4.8648629e+00
 -1.2904394e+00
  5.0949507e+00
  1.7491414e-01
  1.1041995e+00
 -2.6673076e+00
 -1.3892581e+00
  1.2874864e+00
 -1.4910023e+00
 -2.2794609e+00
  1.2212729e+00
  2.9606411e+00
 -1.8674152e+00
  2.3041592e+00
 -4.7133846e+00
 -7.8852430e-02
  2.0872850e+00
  1.4875984e+00
  3.6980844e+00
  2.8904791e+00
 -4.8215280e+00
 -5.8712072e+00
 -4.7238431e+00
 -3.2841161e-01
  9.2522001e+00
  2.2934773e+00
  1.2805272e+01
  1.3214846e+00
  3.8201907e+00
 -2.1265361e+00
 -1.4183561e+00
 -2.2855322e+00
 -8.8703585e+00
  2.3915260e+00
  1.4859346e+00
  1.1009742e+00
  1.7303565e+00
  3.5002851e+00
 -1.0353572e+00
  9.2671847e-01
  1.1240265e+00
  2.2166860e+00
 -9.0430677e-01
  1.7306117e+00
 -1.5715489e+00
 -1.2285705e+01
 -4.3513880e+00
  1.1066553e+01
  1.0271190e+00
 -7.6503199e-01
 -6.4650316e+00
  3.1338260e+00
  2.6810613e+00
  2.3926287e+00
 -1.8549885e+00
  1.5884750e+00
  7.3077959e-01
  9.1192794e-01
 -6.0925274e+00
 -8.6863089e+00
  3.4870167e+00
  2.2481158e+00
 -5.3731132e+00
 -2.1108153e+00
 -9.9847851e+00
  5.3305414e-02
  5.6791229e+00
  1.9782974e+00
 -3.0117579e+00
  3.7651439e+00
 -6.6173100e-01
 -1.8512934e+00
 -6.1865683e+00
 -3.1027002e+00
 -3.7111065e+00
  1.6156859e+00
 -2.2951305e+00
  2.5456200e+00
 -1.7888236e+00
 -4.6411705e+00
  9.2325516e+00
  7.8007102e-01
 -1.7152697e+00
  4.8468149e-01
  9.6507215e+00
 -1.9423518e+00
 -3.0654442e+00
 -3.3284538e+00
 -8.3229434e-01
  6.5211954e+00
 -2.4518669e+00
  5.7558751e-01
  7.8517461e-01
 -3.2797225e+00
  5.7063084e-02
 -9.0871201e+00
  2.8633399e+00
 -1.1077744e+01
  3.4333708e+00
 -8.1592875e+00
  2.8433282e+00
 -3.3695438e+00
  2.4488332e+00
 -9.1127867e-01
 -3.2221577e+00
  2.0966268e+00
  8.4766493e+00
 -1.2967553e+00
 -4.3656731e+00
  3.6429513e+00
  3.3306553e+00
  4.5305004e+00
  1.5145314e+00
 -4.8200459e+00
  1.5212538e+00
 -1.5669966e+00
  7.1849837e+00
 -1.3382469e+01
  9.5912409e-01
  1.6769402e+00
  4.1265473e+00
  3.4999871e+00
 -2.3096538e+00
  5.8955164e+00
 -4.0279531e+00
 -3.0617418e+00
  7.0026283e+00
  5.7570500e+00
  1.7431475e+00
 -1.0369093e+00
  1.0729208e+00
 -1.8525844e+00
  1.9255089e+00
 -2.0303171e+00
  3.8139505e+00
 -7.2103077e-01
 -8.4734815e-01
 -7.3330250e+00
  1.0138978e+01
  4.1246371e+00
 -3.1613085e+00
 -4.0936933e+00
 -6.6559637e-01
  8.3139381e+00
  2.7011130e+00
 -2.0025184e+00
 -1.8608536e+00
 -1.2485474e+00
 -1.5240512e+00
  5.4568434e-01
  1.5021725e+00
 -7.0056391e-01
 -2.2714903e+00
  2.7364419e+00
 -3.4815598e+00
 -9.3968600e-01
  1.5572666e+00
 -9.7370523e-01
  4.6898808e+00
 -3.5685283e-01
  9.9703950e-01
 -1.5021170e+00
  3.1376762e+00
 -2.2137244e+00
 -1.8200763e+00
  1.6444533e+00
  5.1721811e+00
 -2.3799365e+00
  3.2849808e+00
 -5.2246943e-02
 -9.2469418e-01
 -6.9714184e+00
 -1.7558790e+00
  6.4157376e+00
  1.5973705e-01
 -4.7099905e+00
 -2.3829656e+00
  2.7488265e+00
 -4.0706863e+00
 -1.1853733e+00
 -4.2516298e+00
 -1.3448465e+00
 -1.2525232e-01
  3.3488812e+00
 -4.8910341e-01
  1.6232610e-01
  7.9950684e-01
  4.4211874e+00
 -5.8587426e-01
  5.8976121e+00
 -1.9426594e+00
 -3.8683895e-02
  3.0291424e+00
  3.3490412e+00
  1.3644354e+00
  1.9734952e+00
  1.1406630e+00
  4.9348512e+00
  8.4405595e-01
 -4.3369775e+00
 -7.3543854e+00
  3.0269098e+00
 -1.5273423e-01
 -1.5107728e+00
  9.9349755e-01
  1.5601355e+00
 -2.0296965e+00
  4.6916794e-02
 -6.0944408e-01
 -1.3963629e+00
 -3.3791110e-01
  2.3956633e+00
  1.1686473e+00
 -3.0375047e+00
 -3.4234804e-01
  8.0534674e-02
  7.1879154e-01
  1.9435695e-01
 -1.0258499e+00
  4.1021386e-01
  3.0507299e-01
 -7.7432084e-01
 -2.7310623e-02
  6.0752803e-01
  6.5785033e-01
 -1.3486427e-01
 -1.5530784e-01
 -3.7073818e-01
 -1.6772875e+00
  5.9846628e-01
 -8.1086189e-02
 -3.7741566e-01
  4.7725841e-01
 -4.1882074e-01
  2.8293977e+00
  3.6904085e-01
 -2.6925409e-01
 -5.0532138e-01
  1.6317770e+00
  3.1075704e-01
  2.5873835e+00
  9.9096406e-01
 -1.5661870e+00
  5.8433241e-01
  8.3609980e-01
 -4.9683160e-01
  2.8679854e-01
  1.1331977e+00
 -8.7988013e-01
  3.7834617e-01
  2.5204930e+00
  1.3303678e+00
 -1.3193083e+00
  9.0925884e-01
  5.1107293e-01
 -8.6419433e-01
 -8.1605476e-01
  2.5141034e-01
 -7.6594496e-01
  2.1021789e-01
  1.4218490e+00
 -1.0284820e-01
 -8.9899495e-02
 -3.2800561e-01
 -7.5543535e-01
  7.0588893e-01
 -8.1400579e-01
  9.1649370e+00
  2.6303816e+00
  1.9952649e-01
  3.9421707e-01
  1.9142052e+00
 -2.2660723e-01
  2.7134001e+00
  1.1925607e-01
 -1.7962035e+00
 -2.0046856e+00
 -4.2001504e-01
 -2.2891290e+00
  2.5002632e+00
  3.8422289e+00
 -1.2836905e-01
 -8.9849305e-01
 -5.9832585e-01
 -4.6634617e+00
  3.4551361e+00
  1.6120049e+00
 -1.4265193e+00
 -6.2236762e+00
  1.8492776e+00
  3.5861640e+00
  1.3745662e+00
  9.1105783e-01
  2.8028929e-01
 -1.1119999e+00
  3.5550251e+00
 -4.0181823e+00
 -1.6662655e+00
 -1.9235669e+00
  6.0706156e-01
  1.1041229e+00
 -2.2002393e-01
 -5.7023430e-01
 -1.8141714e+00
 -4.1987772e+00
 -1.6902666e+00
  1.1442688e+00
 -3.2862573e+00
  2.5789496e-01
 -1.6015599e+00
  1.6097797e+00
 -2.4811347e+00
 -1.8884256e+00
  1.9500135e+00
 -5.7316083e-02
 -8.9889449e-01
  3.4353757e+00
 -5.6491715e-01
 -5.0453180e-01
 -1.0280170e-01
 -5.8870327e-01
  1.5624593e+00
 -2.8449216e-01
 -3.1346816e-01
 -4.5271707e+00
  2.3163161e+00
 -4.2225089e+00
 -1.4580679e+00
  6.0611326e-01
 -2.6797771e-01
 -4.0793622e-01
 -2.9264474e+00
  8.6415902e-02
 -2.3201923e+00
 -4.5470652e-01
  3.6290324e-01
 -4.1094484e+00
  2.7609532e+00
 -1.2514104e+00
  3.7307098e+00
 -1.7789431e+00
  7.2993994e-01
 -2.4810764e-01
 -9.4227046e-01
  2.3595612e+00
 -1.0515751e+00
 -6.3235295e-01
  3.6736736e+00
 -1.3749583e+00
 -2.3257825e+00
  1.6255362e+00
  8.9979845e-01
 -1.3712941e+00
  8.1918555e-01
  1.0479205e+00
 -4.5508596e-01
  1.1161801e+00
  3.5837084e-01
  8.4182602e-01
  8.3960003e-01
  4.1166372e+00
 -1.1598995e-01
 -1.0278491e+00
  1.6911442e+00
  2.1352143e+00
 -1.3295947e-01
  1.6095220e+00
 -6.2913805e-01
 -4.5586938e-01
  5.4500151e-01
  6.4131755e-01
 -1.7709242e+00
 -1.1181214e+00
 -8.8698920e-03
  3.5725510e+00
 -1.3193251e+00
  2.2667336e+00
 -4.1718373e+00
 -2.6472585e+00
 -1.6463253e+00
 -5.0200427e-01
 -2.4096153e+00
 -3.0182447e+00
  3.8782543e-01
 -1.0572984e+00
 -1.2784884e+00
 -6.0654949e-02
  9.7155917e-01
  3.3874745e+00
 -2.0069821e+00
 -7.6339841e-01
 -8.1451809e-01
 -2.3674669e+00
 -8.7071294e-01
  1.1523114e+00
  2.6768470e-01
 -1.5525046e-01
 -1.0745330e+00
 -1.0309918e+00
 -3.3711731e+00
 -1.8390998e-01
  3.1983509e+00
  2.4078090e+00
  7.2114527e-01
  2.2266350e+00
 -1.6309690e+00
 -9.3195647e-01
  5.3374541e-01
  1.4715229e-01
 -4.4267106e+00
 -5.2682838e+00
  4.0452883e-01
  6.6425991e-01
 -1.1913888e+00
 -1.0489725e+00
 -1.6493412e+00
  9.5500052e-01
 -9.7976625e-02
 -1.4492816e+00
 -1.6079389e-01
 -4.5769215e+00
 -1.6917822e+00
  6.9965404e-01
  1.5769117e+00
 -8.7523949e-01
 -2.4054852e+00
 -3.8762131e-01
 -6.6203386e-01
 -3.6241910e-01
 -1.3909023e-01
 -1.5311197e+00
  4.6179767e+00
 -3.2568700e+00
 -1.6569146e+00
 -1.4493946e+00
  1.7213461e+00
  1.7772671e+00
  1.1180534e+00
 -2.5789342e+00
 -2.2162650e+00
  6.5775161e+00
  2.0871742e+00
  2.4041312e+00
  6.4841145e-01
  6.4271431e+00
  1.0941000e+00
  2.0970821e+00
  9.1903073e-01
  5.0155373e+00
  2.0981696e+00
  4.1150870e+00
  1.6331125e+00
 -3.1850418e-01
 -3.6158323e-01
 -6.6256180e-02
  2.9534653e-01
  6.7311931e-01
  8.9636457e-01
 -1.9481616e-01
 -7.4106342e-01
 -3.0386400e+00
  1.7725925e+00
 -7.1382147e-01
  2.4791863e+00
 -1.2990506e+00
  1.5146694e+00
  1.3526309e+00
  5.3711134e-01
 -4.2508817e+00
  4.5497823e-01
 -1.0594356e+00
 -1.1531551e+00
 -2.1382222e-01
  5.9707999e-01
 -9.4036704e-01
 -9.4724435e-01
  8.9411229e-01
  1.6735405e+00
 -6.4445436e-01
 -1.5022482e+00
 -2.6260540e+00
 -2.0464680e-01
 -2.4767029e+00
 -4.0126595e+00
 -1.3361281e+00
 -2.1678025e-01
 -3.5362167e+00
  1.1402975e+00
 -1.3150462e+00
  9.1536266e-01
 -1.3937636e-02
 -9.5400518e-01
 -5.4919968e+00
 -4.0367408e+00
  6.6133595e-01
 -5.3618866e-01
  2.1015961e+00
 -8.7383974e-01
  2.0643936e-02
  7.4708718e-01
 -9.3353286e-02
 -2.1079721e+00
  1.0119544e+00
  2.3290870e+00
  4.6793649e-01
  1.4758399e+00
  1.6109346e+00
 -3.7174475e-01
 -3.9586411e+00
  8.0481416e-01
 -9.5687687e-01
 -2.8134561e-01
 -9.1986610e-03
 -1.7443367e+00
 -2.8732002e+00
  5.5650872e-01
 -1.2807969e+00
 -2.0259352e+00
  3.0508008e+00
 -5.8677602e-01
  3.8287300e-01
 -1.7203307e+00
  1.4320719e-01
 -1.8747448e+00
 -3.1052003e+00
 -1.3076539e+00
  1.2685032e+00
 -2.5674188e+00
  2.3873544e+00
 -3.5082003e-01
  1.1048649e-01
  1.5044284e+00
 -5.3909540e+00
 -1.2220453e+00
 -8.1768191e-01
  1.2233729e+00
 -2.6701415e-01
 -7.3942542e-01
  2.9821807e-01
  4.7878852e+00
  8.8037586e-01
  1.0716841e+00
  1.3876239e+00
  3.7570117e+00
  3.3841439e-02
 -3.0377026e+00
 -2.1232114e+00
  2.0571160e+00
 -1.2558323e+00
  1.2702097e+00
  2.1994202e+00
  1.0051935e+00
  3.8635004e-01
  3.1522326e+00
 -2.0146985e+00
 -1.7428728e+00
 -2.2171481e+00
 -3.5988266e+00
 -1.9900454e+00
  5.4033959e-01
 -7.6675378e-02
  9.7363114e-02
 -2.4165632e-01
  1.8272208e+00
  2.3247361e+00
 -4.7822997e-01
  4.4216853e-01
  8.7975806e-01
  1.4952619e+00
  1.7680839e+00
 -4.6124297e-01
  1.9137765e+00
  2.7817612e+00
 -7.8601331e-01
  3.3257153e+00
  6.9518805e-02
  2.3842571e+00
  4.9819288e-01
  3.4593302e-01
  6.6873544e-01
 -5.5122714e-02
  1.3430223e+00
  5.3837675e-01
 -3.2761055e-01
 -2.5172262e+00
 -2.5871210e+00
  5.2205720e+00
  1.8027128e+00
 -2.0916605e+00
 -9.1103721e-01
 -1.2488967e+00
  1.8458565e+00
 -2.5538270e+00
  7.2912818e-01
 -3.2863567e+00
  5.0078136e-01
  1.8192260e+00
  5.6148058e-01
  1.4846735e+00
 -4.7690600e-01
  1.1218691e+00
 -2.4000535e+00
  2.9672780e+00
 -1.5930983e+00
  3.2926166e+00
 -4.4307402e-01
  1.7809979e+00
  1.6632067e-01
 -2.8297868e-01
  3.9310532e+00
 -8.3055121e-01
  1.5516620e+00
  7.5498670e-01
 -1.8528693e+00
  1.8864210e+00
  5.2935797e-01
  3.5931766e-01
  3.4131024e+00
  8.0076343e-01
  1.1769627e+00
  3.2819691e+00
 -4.4280270e-01
 -9.5290440e-01
  1.3420988e+00
  5.9054571e-01
  5.0596660e-01
 -2.1319189e+00
 -2.4749875e-01
  9.9305451e-01
  2.7033329e-01
 -1.3908226e+00
 -1.8326015e+00
  1.7252774e+00
  1.6624212e-01
 -8.2524806e-01
 -4.8669714e-01
 -1.6556544e+00
 -1.0221253e-01
 -1.0799000e+00
  3.8012915e+00
  1.1864974e+00
  7.8574464e-02
  1.9648305e+00
  2.6699238e+00
  2.0536845e+00
  1.2480548e-01
 -4.4510409e-01
 -1.7817347e-01
  9.9739522e-01
 -5.2453938e+00
 -4.3397096e-01
 -3.1660371e+00
 -1.2412182e-01
  3.4909780e+00
 -1.1581583e+00
  1.6442370e+00
 -1.2955712e-01
 -5.6931186e-01
 -1.9356115e-02
 -9.9888757e-02
  9.7009981e-01
 -1.3738647e+00
  1.1151087e+00
 -2.2031536e+00
  1.3487247e+00
  2.6038556e+00
  6.9919765e-02
 -1.0339389e+00
  2.3055282e+00
 -1.1847701e+00
 -1.8853135e+00
  1.2196580e+00
 -1.5247290e+00
  2.8086555e+00
  1.4723430e-02
  3.7703526e-03
 -1.6467260e-01
  3.7339383e-01
  8.0236810e-01
 -1.2758899e+00
 -5.1613766e-01
 -6.5152174e-01
  5.4170328e-01
 -8.7242925e-01
 -1.5073296e+00
  3.5085469e-01
  2.3840070e-01
 -3.2050261e-01
  2.0199978e+00
  1.0946091e+00
 -2.4736469e+00
  3.2990241e+00
  3.7337666e+00
 -4.5256194e-01
  5.7034868e-01
  9.0320624e-02
 -1.8200605e+00
 -1.1422077e+00
 -1.7112958e+00
  9.1278577e-01
  2.2686143e+00
 -4.1103177e+00
  2.7179179e+00
  3.2258191e+00
 -1.9037485e+00
  8.4403789e-01
 -2.1269677e+00
  1.8380466e+00
 -1.0245157e+00
 -1.4023589e+00
  1.4338627e+00
 -5.6799274e-02
  2.6228986e+00
 -2.2624624e+00
  4.7823736e-01
 -2.5361059e+00
 -6.1444110e-01
 -3.0788057e+00
  1.7551098e+00
 -7.8742065e-02
  1.5896515e+00
  1.0078112e+00
 -1.4013809e+00
  7.4552220e-01
  4.6455890e-01
  2.9594717e+00
 -2.8263882e-01
 -5.6776267e-01
  3.4856813e+00
 -1.7567697e+00
  1.1759391e+00
 -1.9969898e+00
 -2.9702537e+00
 -3.2624402e+00
  2.7594876e+00
 -2.4995103e+00
  1.4607407e+00
  9.7357643e-01
 -1.4494506e+00
  1.9949679e-01
  3.6528878e+00
  2.5088737e+00
  2.9263964e+00
 -3.7227058e+00
 -1.5387666e+00
  1.8700444e+00
  4.9101582e+00
  1.7416918e+00
  8.6536962e-01
  4.6058679e-01
  2.6476991e+00
 -8.0905482e-02
 -1.6833577e+00
  2.3718433e-02
 -4.9215633e-01
  1.6073075e-01
  5.0117165e-01
 -2.0135627e+00
 -6.8368250e-01
 -1.1399636e+00
 -2.0768092e+00
 -5.2539545e-01
 -8.9442837e-01
 -3.8576174e-01
 -2.0418186e-01
  1.1942886e+00
 -5.2791095e-01
 -1.8979260e+00
 -3.1613630e-01
  1.0233090e+00
 -1.5737799e+00
  5.5874175e-01
  1.4935340e+00
 -1.3426427e+00
 -1.7113944e+00
  1.6893897e+00
 -2.9497477e-01
 -1.4776903e+00
 -9.3290520e-01
  1.5124177e+00
 -8.4374774e-01
 -5.5908746e-01
  1.9418193e-02
 -9.0343213e-01
 -1.2244140e+00
  1.6596548e-01
 -2.5513378e-01
  8.9150235e-02
  6.3065439e-01
  2.2134528e+00
 -7.7211922e-01
  7.2846353e-01
 -3.6866093e+00
 -9.9416465e-01
 -3.7805858e+00
  4.8407950e+00
 -2.9200881e+00
 -4.6131611e+00
  4.4066241e-01
 -2.0513415e+00
  3.0675240e+00
 -1.4816082e+00
 -6.5660787e-01
 -2.7120292e+00
 -3.3292718e+00
  1.2990565e+00
 -8.5216558e-01
  1.2319405e+00
  8.4464282e-01
  3.1147332e+00
 -1.2061565e+00
  3.2148167e-01
 -1.6593587e-01
 -5.9531897e-01
  1.1568197e+00
 -9.1050005e-01
  3.3317978e+00
 -1.6376915e+00
 -5.6011218e-01
 -2.3219750e+00
 -1.9479035e+00
 -2.1098912e+00
 -1.0660665e+00
  9.7858089e-01
 -1.6944089e+00
  3.8362107e-01
 -5.8247370e-01
  9.5889330e-01
 -1.7615231e+00
  1.5537360e+00
  2.1599598e+00
  1.8604745e+00
  5.3909320e-01
  9.5542204e-01
  2.4679854e+00
  3.1385157e-01
  1.5888920e-01
 -2.8777847e-01
  1.3783705e+00
  6.8998468e-01
  1.6974052e+00
 -1.2576469e+00
  1.8725117e+00
 -4.7370794e-01
  2.4844966e+00
 -8.3381480e-01
 -4.4093233e-01
  3.3250502e-01
 -1.1773304e+00
  1.6022370e+00
  3.6377313e+00
  2.6773734e+00
 -3.0039306e+00
 -1.0227946e+00
  2.0183563e+00
  1.0188760e+00
 -4.1208366e-01
 -4.3582602e+00
 -3.0694256e+00
 -2.8225176e+00
 -1.1337103e+00
 -1.4540734e+00
 -4.2044182e+00
 -1.9092870e+00
  4.6714556e-01
  1.4583422e+00
 -2.7781978e-01
  1.4608121e-01
  9.9314594e-01
  1.9054174e+00
  1.4940519e+00
  5.9290504e-01
  3.3503437e+00
  7.1388054e-01
  4.1339147e-01
  1.6676293e-01
  1.2683908e+00
  5.3310573e-01
 -1.7839963e+00
 -2.5384548e-01
  3.0164003e-01
  6.2978387e-01
 -1.8466411e+00
 -8.9543462e-02
 -1.2725241e+00
  1.2003661e+00
 -1.0511122e+00
 -2.1142814e-01
 -3.5701704e-01
  4.7505417e-01
 -1.8734597e-01
 -4.9623758e-02
 -1.3493284e+00
  1.2399060e-01
  1.5716231e+00
 -2.9263428e-01
 -1.3455750e+00
 -1.0975449e+00
  1.5047008e-01
  3.0718276e-01
  2.0717137e-01
 -4.2411208e-01
  1.1242080e+00
 -7.5648189e-01
  2.4405651e+00
  1.7967937e+00
 -1.3286905e+00
  1.2110374e+00
  4.3768558e-01
 -1.6083516e+00
 -6.9647485e-01
 -1.2117708e+00
 -2.5606620e-01
 -8.0125862e-01
 -1.8667778e+00
 -1.9192325e+00
 -9.6522290e-01
 -1.4698410e+00
  1.2328205e+00
  7.1690464e-01
  3.0742350e-01
  1.2235582e+00
 -9.2435086e-01
  1.4297009e+00
  1.6204027e+00
  1.0941868e-02
 -1.3006917e+00
  1.5844100e+00
  4.7547209e-01
  1.0129168e+00
 -1.5240488e+00
 -1.5890722e+00
 -6.2561989e-01
 -6.4214349e-01
  1.2815626e+00
 -9.7760087e-01
 -9.0859836e-01
  6.6348326e-01
  1.4537902e+00
 -6.6151685e-01
 -3.7489367e-01
 -7.9370981e-01
  5.1970023e-01
  8.8473904e-01
 -2.3742640e+00
 -1.4296855e+00
 -1.8575106e+00
  6.6792101e-01
  2.2007425e+00
 -5.6873590e-01
  7.5706375e-01
  6.4138303e+00
  2.4714823e+00
  3.1257111e-01
  1.2580957e-01
 -2.9703856e-02
 -2.0144296e+00
 -8.9591426e-01
  9.5204091e-01
 -1.0480411e+00
 -1.0442055e+00
  1.4831039e+00
  1.4875331e+00
  2.2023265e+00
  5.7829905e-01
  8.3216542e-01
  1.4645809e+00
  1.9138682e+00
  1.8879751e+00
  1.2272552e+00
 -1.2663614e+00
  9.5256674e-01
  6.1109668e-01
  2.5890049e-01
 -1.2128595e-01
 -6.1121893e-01
  1.9458357e-02
  2.1959105e+00
 -1.7934865e-01
 -8.1440139e-01
  3.8544601e-01
  7.4030495e-01
  4.4639149e-01
 -6.2359631e-01
  6.8213111e-01
 -9.2673242e-01
 -5.6310582e-01
 -5.0347114e-01
  8.5287645e-02
 -1.5207343e+00
  3.4906676e-01
 -9.8568380e-01
  4.3359986e-01
 -3.4648944e-02
  3.0030712e-01
 -1.2155251e-01
  5.5386043e-01
  4.6718320e-01
  2.7936563e+00
 -3.7553093e+00
  6.5649672e+00
 -1.5332688e+00
 -8.6044461e-01
 -1.9600873e+00
 -9.5263116e-02
 -3.9151111e+00
 -2.4984822e+00
  1.7247324e-01
 -8.8817757e-01
 -1.0837561e+00
  2.8561300e-01
  2.4161909e+00
  2.0908520e-01
  1.6628228e+00
  7.6866740e-01
 -8.1484425e-01
  2.3767118e+00
  2.6204150e+00
  1.2142134e-01
 -1.1449498e+00
  1.4026682e-01
  3.4821028e-01
  1.8382204e+00
  1.7861333e-02
 -3.0378077e+00
 -7.4107575e-01
  2.4618125e+00
  1.4099622e+00
 -4.0909762e+00
 -2.0214218e-01
  5.6796926e-01
  1.3307673e+00
 -1.0466282e+00
  2.9764763e-01
 -1.6373929e+00
  1.3986080e+00
  1.4090493e+00
  4.6622181e-01
 -2.4885149e+00
  7.0422566e-01
  1.6797124e+00
  4.8606139e-01
 -2.3340490e+00
 -4.6069631e-01
  5.4097056e-01
  6.6732121e-01
 -2.0358367e+00
 -3.1540462e-01
  3.6737436e-01
  1.7293676e+00
 -1.0867695e-02
 -4.1037464e+00
  2.5261674e+00
 -2.9822767e+00
 -3.3099253e+00
  1.1299775e+00
 -2.1405265e+00
  2.1604662e+00
  7.7472907e-01
  1.1463566e+00
 -1.8447229e+00
  1.6593099e+00
  1.6067082e+00
 -2.2293387e-02
 -1.0696722e+00
 -2.0339048e+00
 -7.2056723e-01
  2.1867745e+00
  2.9688661e+00
 -2.6200099e+00
 -8.7799740e-01
  2.1502700e+00
  3.2883495e-01
 -1.0510323e-01
  6.9953638e-01
  1.2159873e+00
 -1.9843817e+00
  1.1062310e+00
  1.8342816e+00
 -1.0892701e+00
 -3.1343858e+00
  3.2102451e-01
  1.2419742e-02
 -9.3874151e-01
  2.7701679e-01
 -2.0646722e+00
 -3.0369608e+00
  1.2672228e-01
  1.7708179e+00
 -1.7583475e+00
 -2.2811661e+00
  2.1053593e+00
  1.7225782e+00
 -7.0297474e-01
  4.0413192e-01
  1.1355267e+00
  4.3692109e-01
  4.0304941e-01
  1.8945252e+00
  5.5391395e-01
  1.0336728e-02
  1.0336728e-02
  1.0336728e-02
  1.0336728e-02
  1.0336728e-02
  1.0336728e-02
  1.0336728e-02
  1.0336728e-02
  1.0336728e-02
  2.0371897e-02
  2.0371897e-02
  2.0371897e-02
  2.0371897e-02
  2.0371897e-02
  2.0371897e-02
  2.0371897e-02
  1.1027298e-02
  1.1027298e-02
  1.1027298e-02
  1.1027298e-02
  1.1027298e-02
  1.1027298e-02
  1.1027298e-02
  5.0737970e-03
  5.0737970e-03
  5.0737970e-03
  5.0737970e-03
  5.0737970e-03
  5.0737970e-03
  5.0737970e-03
  1.7245191e-03
  1.7245191e-03
  1.7245191e-03
  1.7245191e-03
  1.7245191e-03
  1.7245191e-03
  1.7245191e-03
  3.1329542e-03
  3.1329542e-03
  3.1329542e-03
  3.1329542e-03
  3.1329542e-03
  3.1329542e-03
  3.1329542e-03
  8.8931608e-04
  8.8931608e-04
  8.8931608e-04
  8.8931608e-04
  8.8931608e-04
  8.8931608e-04
  8.8931608e-04
