nep4_zbl 2 C Fe 
zbl 1 2
cutoff 7.5 6.5 210 146
n_max 8 6
basis_size 12 12
l_max 4 2 1
ANN 60 0
  5.6620437e-01
 -9.0326285e-01
 -9.2137381e-02
 -1.1662204e+00
 -1.8510331e+00
 -2.2692671e+00
  9.0195537e-01
  8.8903838e-01
  6.4596909e-01
 -1.8828769e+00
  9.8605263e-01
 -8.4188038e-01
 -3.6326444e+00
  6.0097275e+00
 -2.6257200e-02
 -2.2429776e+00
  1.3478508e+00
 -1.3015030e-01
  1.3234138e+00
 -3.4449649e+00
  7.5106659e+00
 -3.8159156e+00
 -1.2043200e+00
  5.0670546e-01
  1.0576080e+00
  1.0166446e+00
 -1.9115275e+00
  2.1671655e+00
 -2.0126996e+00
 -9.1183943e-01
 -1.1793171e+00
  9.8897266e-01
 -3.0231943e+00
  4.5647316e+00
  1.0399598e-01
  5.3290401e+00
  3.3773225e-02
  2.7910061e+00
  7.6992148e-01
  6.3685336e+00
  1.9265316e+00
  5.4189700e-01
 -1.1237108e+00
 -3.1561017e+00
 -3.0887988e+00
  2.1576338e+00
  2.7787256e-01
 -7.8392744e+00
  3.0666986e+00
 -1.2204862e+00
  4.3002353e+00
 -1.1048460e+00
 -1.0546025e+01
  2.6761072e+00
  3.9719528e-01
  4.9867620e+00
 -4.6338267e+00
  3.4571798e+00
 -2.6313670e+00
 -3.2156200e+00
  3.9458060e-01
  1.6912602e+00
  4.9668159e+00
 -3.5629704e+00
 -1.5642816e-02
 -2.5164447e+00
 -5.3908974e-02
  7.5499564e-02
 -2.7486885e+00
  2.1263924e+00
  1.7703925e+00
 -1.2200942e+00
 -1.3841099e+00
 -1.6829487e+00
  9.0730816e-01
  1.7805108e+00
  1.0532254e+00
 -1.9205190e+00
  8.6639977e-01
 -1.6791022e+00
  5.1612109e-01
 -2.3339705e+00
 -1.6181760e+00
  1.8343838e+00
 -1.4455329e+00
  1.9913267e+00
 -1.9883555e+00
  8.8077486e-02
  8.3872614e+00
 -4.6068817e-01
  4.8954930e+00
  3.4062819e+00
  7.3979020e+00
  6.0806723e+00
 -3.2311325e+00
 -5.1893048e+00
 -5.9232063e+00
  1.1475389e+00
 -9.4366574e-01
  2.5211208e+00
  5.1573195e+00
 -8.5474628e-01
 -3.1632383e+00
 -1.9073573e+00
 -9.8768938e-01
  1.3382936e+00
  4.4979545e-01
 -3.0044665e+00
 -3.5921397e+00
  2.7161529e+00
 -2.6498117e+00
 -3.7663424e+00
 -3.3002813e+00
  2.0544252e+00
  6.3761787e+00
 -1.6340600e+00
 -1.4309359e-01
 -2.1952808e+00
  7.8873301e-01
 -2.4928562e-03
  1.6204659e+00
  8.9259539e+00
 -1.9425182e+00
 -1.8104134e+00
  4.2262730e-01
  9.1899805e+00
 -5.9284878e-01
  7.0960522e+00
  1.2685823e+00
 -1.6077617e+00
  3.4883120e+00
  1.9618795e+00
 -1.4401290e+00
  3.3889456e+00
  1.0925063e+01
  5.4857463e-01
  5.2611485e+00
 -6.1815224e+00
 -1.0517056e+01
 -9.7245054e+00
  1.4409508e+00
  4.9026737e-01
 -5.0444311e-01
  1.1311429e+00
 -1.8867896e+00
 -3.4245505e+00
 -3.1143916e+00
  1.4236003e-01
 -7.0461946e+00
 -3.4970155e+00
  4.6801267e+00
  3.2431586e+00
 -4.2722988e+00
 -1.1715090e-01
  2.7125056e+00
  3.1152875e+00
 -2.6600423e+00
 -3.4882501e-01
  2.6727371e+00
  1.3803189e+00
  1.7374477e+00
 -4.9483278e-01
  1.6940945e+00
 -1.3141705e+00
 -1.1862242e-01
 -1.9429778e+00
 -9.1577810e-01
 -6.2967706e+00
  4.7705002e+00
 -4.6567283e+00
  3.5143187e+00
 -1.5239522e+00
 -1.0760441e-01
  1.6930008e+00
 -2.3474247e+00
 -1.5126354e+00
 -4.6097822e+00
 -6.5416102e+00
  6.5094179e-01
  9.6116982e+00
 -4.1012483e+00
 -1.2725091e+00
  6.5971863e-01
  6.5170403e+00
 -1.9474968e+00
 -1.4794405e+00
 -1.1975616e+01
  6.0972581e+00
 -2.8212600e+00
  5.0448942e+00
 -2.0926650e+00
 -5.3796566e-01
 -2.9713550e+00
 -9.2671204e+00
 -3.1574697e+00
 -3.4479563e+00
 -1.8217478e+00
 -5.7554846e+00
  2.5331252e+00
 -6.8465090e+00
  9.2643571e-01
  7.0993018e+00
 -1.0063949e+00
 -2.9680643e+00
  2.3084958e+00
  7.2401386e-01
  2.0343833e+00
  1.7014112e+00
 -1.9174143e+00
  2.3961274e-01
 -4.1899896e+00
 -4.1527300e+00
  1.8439074e+00
 -1.1119049e+00
  2.0108268e+00
 -4.9319100e-01
 -4.8853296e-01
  1.7723274e+00
  2.4105360e-01
 -7.0899162e+00
 -2.9623046e+00
  3.5092132e+00
  3.1578877e+00
  2.0404711e+00
  5.3539271e+00
  6.6947013e-01
  2.4298801e+00
  6.2514410e+00
 -1.3813939e+00
 -1.6745098e-01
  2.5676808e+00
 -2.1405177e+00
  2.8516309e+00
 -7.9595536e-01
  5.8563123e+00
  1.8392769e+00
 -4.3784585e+00
 -8.3818321e+00
 -1.2980957e+00
  5.1990829e+00
  4.9722853e-01
 -9.6571350e+00
 -8.0883169e+00
  5.6118736e+00
  6.6949081e+00
 -1.4376611e+00
 -6.9138017e+00
  4.8104897e+00
  4.6416563e-01
 -1.7087413e+00
  3.1822784e+00
 -6.9319792e+00
 -4.8103690e+00
  1.1288141e+00
  7.4659328e+00
 -3.3598235e+00
 -1.5912080e+00
  4.0882430e+00
 -1.4120752e+00
 -7.2191441e-01
  6.3476901e+00
 -1.5682724e+00
 -1.1779367e+00
 -3.7552598e+00
  5.9169130e+00
 -6.2521009e+00
  6.3269681e-01
 -2.3929958e+00
  3.5773005e+00
  1.7315876e+00
  1.7827388e+00
  7.7989966e-01
 -3.4856219e+00
  5.3965821e+00
 -6.0395274e+00
  7.4283056e+00
  3.3198850e+00
  1.1257212e-01
  2.9113204e+00
 -7.0153534e-01
  1.3078933e+00
  2.9190898e-02
 -4.4638300e+00
  1.4113711e+00
 -2.3211874e-01
 -7.0884476e+00
 -6.0370010e-01
 -1.8904665e+00
  2.6651409e-01
 -2.2236223e+00
  1.0559704e+01
 -6.3425789e+00
  1.8076578e+00
  3.1382468e+00
  6.6398352e-01
 -3.9351673e+00
  4.4789157e+00
 -1.6971316e+00
  8.6593926e-01
  2.1886222e+00
  4.9239373e+00
  3.6684251e+00
 -3.5125146e+00
  4.8867769e+00
  2.5015280e+00
  1.4708438e+00
  2.6358202e+00
  2.9976469e-01
 -5.5454630e-01
  3.1787205e+00
  3.4035518e+00
  3.0784831e+00
  1.5198824e+00
  2.6808980e+00
 -4.9743938e+00
 -2.7089734e+00
  2.1145432e+00
  1.5335803e+00
 -1.9014053e-01
  2.4829848e+00
 -8.6320764e-01
 -1.9160813e+00
 -2.0365427e+00
 -1.2205875e+00
 -2.2619243e+00
  5.2176422e-01
 -2.2689369e+00
 -6.9498949e-02
 -1.7201757e-01
 -3.7239170e+00
  2.2643901e-01
  1.5567538e+00
  5.8072634e+00
 -9.1472597e+00
  5.6971207e+00
 -1.5526603e+00
 -1.5115103e+00
 -1.0352279e+00
 -1.9759244e-01
  8.5931665e-01
 -4.0482864e+00
  4.7221413e+00
 -2.1355219e+00
 -5.5403333e+00
 -3.6496465e+00
  3.6421289e+00
 -2.1173627e+00
  2.8789248e+00
  3.5464122e+00
 -5.8218563e-01
 -2.0702477e+00
  3.4425893e-01
  9.6376993e-02
  3.8163353e-02
  3.1136560e-01
  1.1975904e+00
 -3.2733517e+00
 -2.6316965e+00
  2.2505043e+00
  6.9283420e-01
 -2.0575430e+00
  1.9000653e+00
  3.4297516e+00
 -7.4697942e-01
 -1.2053376e+00
 -3.2682998e+00
  5.2661484e-01
 -6.9200931e+00
 -2.8290064e+00
 -3.2731819e+00
  3.8958199e+00
  9.3052235e+00
 -7.8220016e-01
  9.5223486e-01
  4.1107335e+00
 -6.2516384e+00
  1.4904903e+00
  3.4073808e+00
  3.2244532e+00
  5.1629680e-01
 -7.9549116e-01
  8.9044504e+00
 -1.1832155e+00
 -2.8719995e+00
  7.6493484e-01
  1.3076456e+00
 -7.5013199e+00
  1.8090534e+00
  1.0836347e+00
  1.1615598e+00
  4.5423422e+00
 -1.5420015e+00
 -6.7784853e+00
  1.6531210e+00
 -5.3959498e+00
 -9.1130772e+00
  6.5058088e+00
  3.6864872e+00
  1.4982444e+01
  1.2488943e+01
  3.9835103e+00
 -5.0056539e+00
 -6.9030533e+00
  3.2978444e+00
  2.9140854e-01
 -3.5732627e+00
 -1.4028931e+00
 -7.6588469e+00
 -2.6911423e+00
  4.8792076e+00
 -7.4390763e-01
  4.1910448e+00
  6.6589923e+00
  6.9533625e+00
  3.8493850e+00
  1.2085638e+00
 -2.8858936e+00
  4.5288076e+00
 -1.0809024e+01
  3.4973213e-01
 -1.4306334e+01
 -2.9619734e+00
  2.5548944e+00
  2.9730546e+00
  3.4943995e-01
  9.3796902e+00
 -1.6561357e+00
  3.9111660e+00
  1.3778542e+00
 -1.1935396e+00
 -4.4698563e+00
 -7.5109577e-01
 -3.1188617e+00
  7.4419880e+00
  3.1531146e+00
 -1.8633799e-01
 -2.1528153e+00
  6.0177312e+00
  6.0817909e+00
  8.0817467e-01
 -4.5155458e+00
 -9.4481859e+00
 -9.5713645e-01
  8.6376343e+00
  2.3884778e+00
  8.1298453e-01
  2.5473754e+00
  6.6297710e-01
  1.7831926e-01
 -1.1148884e+00
  2.8614476e+00
  9.8365396e-01
  7.5755749e+00
  8.0179663e+00
 -6.9879413e+00
  4.9974802e-01
  4.5845380e+00
  3.6030161e+00
 -2.7385509e+00
  6.9552439e-01
  3.3961217e+00
 -9.8814678e-01
  1.4117477e+00
 -2.8818011e-01
 -1.0370839e+00
 -2.0832891e+00
 -5.9834427e-01
  5.0775325e-01
  1.7345283e+00
  4.5493448e-01
  1.2625138e+00
 -1.9096875e+00
  7.3181740e-03
  3.6910851e+00
 -1.7412931e+00
 -9.3952581e-02
  5.5427675e+00
  2.1244442e+00
  2.2880781e+00
 -1.0146282e+00
  6.7377299e-01
 -2.6309321e+00
  3.6174827e+00
  1.4046724e+00
 -3.9812064e-01
  4.9137756e-02
  1.5277588e+00
 -4.3102736e+00
  7.8633368e-01
 -2.7826567e+00
 -9.8654091e-01
  1.2826226e+00
  6.5384808e+00
  2.7675719e+00
  2.4458928e+00
  1.5858077e+00
 -1.6364516e+00
  5.8958244e-01
 -3.3239207e+00
 -3.4672756e+00
 -3.1467311e+00
 -6.4912562e+00
 -3.8987815e-01
 -4.0283484e+00
 -1.0566548e+00
  1.0390300e+00
  2.1964951e+00
 -6.7714727e-01
  1.5479784e+00
 -3.3412228e+00
 -1.4772096e+00
  3.6336460e+00
  8.8226730e-01
 -1.8414426e+00
 -8.5586071e-01
 -4.9961624e+00
 -5.0142508e+00
 -8.6184301e+00
  4.8639860e-02
  2.5487285e+00
 -4.1996827e+00
 -4.5236311e+00
 -7.2282562e+00
  2.1182251e+00
  1.5265059e+00
 -3.1948330e+00
 -2.3258297e+00
 -2.1788840e-01
  4.7047593e-02
 -1.4649893e+00
 -4.1378880e+00
  1.1427954e+00
  3.0059138e-01
  9.0575433e-01
 -8.7769985e+00
 -5.8520073e-01
 -5.8822250e+00
  1.1446199e+00
  5.5067807e-01
  5.8595669e-01
  2.0345380e+00
 -5.6511722e+00
 -5.2995234e+00
  1.6493207e+00
 -3.7213295e+00
  5.5805402e+00
 -5.0338161e-01
  1.2372860e+00
 -1.4365836e+00
  7.1439922e-01
 -1.3194697e+00
 -3.2523105e+00
  1.9829643e-01
  6.1690164e+00
 -1.4486117e+00
  5.8651698e-01
  6.1556897e+00
  4.5138640e+00
 -5.5205441e-01
  5.8618555e+00
 -7.3896909e+00
  1.8841328e-01
  1.1799467e+00
 -4.0157456e+00
  8.1448908e+00
 -1.3114177e-01
  2.6151063e+00
 -1.3304724e+00
  2.4172170e+00
 -9.0015566e-01
 -6.0414124e+00
  1.5472482e+00
  4.3611045e+00
 -6.1480303e+00
 -4.8552332e+00
  9.6406198e-01
 -2.6848876e+00
 -6.0185156e+00
 -5.2859437e-01
  7.7563953e-01
 -5.8759570e+00
  7.4888957e-01
  2.1319253e+00
  1.2621120e+00
  5.3072405e+00
 -1.2325648e+00
  4.4092827e+00
  2.5987813e+00
  1.3718600e+00
 -1.3575423e+00
  2.4116483e+00
  3.6534760e+00
 -5.4843946e+00
  5.7654023e+00
  2.8792350e+00
 -4.0014486e+00
 -6.4413843e+00
 -2.7260075e+00
  1.4743801e+00
 -5.0302172e+00
 -3.3694239e+00
 -2.4073815e+00
 -1.9365679e-01
  2.6355691e+00
  5.7912593e+00
  3.7595618e+00
  3.7492576e+00
  3.2355399e+00
  1.9432365e+00
  6.8078046e+00
  1.3934018e+01
  1.0219865e+00
 -2.4867330e+00
 -8.9792562e-01
 -4.5040879e+00
  1.5844005e+00
 -2.0337477e+00
 -9.3440342e-01
  3.6668553e+00
  6.9070802e+00
 -5.2929749e+00
 -9.6716958e-01
 -4.5345902e+00
 -4.5574293e+00
 -6.9058877e-01
  3.2681975e+00
 -5.9282522e+00
  4.2451649e+00
  1.8749775e+00
 -8.4551897e+00
 -4.6540446e+00
 -1.0839477e+00
  4.9241872e+00
 -1.0941747e+00
 -1.1312126e+00
  4.3147680e-01
  3.1869235e+00
 -2.0687293e-01
  7.2141190e+00
  5.9902298e-01
 -1.5584775e+00
  3.6113117e+00
  4.3811369e+00
  3.0015879e+00
  6.0081348e+00
  4.0833249e+00
 -6.6063142e-01
 -2.1956654e+00
 -1.1246237e+00
  8.4571356e-01
  4.3673210e+00
  1.0815642e+01
  4.0934000e+00
 -1.7870346e+00
 -6.2702787e-01
  1.8255974e+00
  1.1502246e+00
  5.5025201e+00
 -6.4936647e+00
  2.9545900e-01
  1.3583612e-01
 -9.0392990e+00
  5.3784657e+00
 -6.8763173e-01
 -3.8096085e+00
 -2.6608346e+00
 -2.8785710e+00
  1.4342502e+00
  1.3759164e+00
 -3.3290865e+00
  3.7963746e+00
  2.3452127e+00
  6.2571774e+00
 -1.0984747e+00
 -1.1720364e+00
 -4.2841569e-01
 -1.9253157e+00
 -1.5648137e+00
 -3.3882444e+00
  2.5149288e+00
  2.5188982e+00
 -2.3648331e+00
  3.1832459e+00
  1.5600750e+00
 -3.8876095e+00
  2.4467072e+00
 -6.5511298e-01
  3.1667669e+00
 -9.2254680e-01
  5.5151310e+00
  2.1901494e-01
  4.1273761e+00
  1.9800889e+00
  3.2882893e+00
  1.6365540e+00
 -7.5575314e+00
 -7.4536047e+00
 -3.1934559e+00
  6.0618281e-01
  7.1749988e+00
 -4.1996408e+00
  2.4996812e+00
 -5.3157835e+00
 -4.5206170e+00
 -3.7838223e+00
 -2.7826211e+00
 -1.5527046e+00
 -4.8515048e+00
  3.4785724e+00
 -7.8830996e+00
 -3.8947856e+00
  2.2120140e+00
  6.4594245e+00
 -3.0099790e+00
 -1.3424616e+00
 -1.5314300e-02
 -1.4701807e+00
  6.5484124e-01
  4.0942297e+00
  1.5101084e+00
 -6.8852037e-02
  1.8459390e+00
 -4.1721275e-01
  1.0868659e+01
 -2.4944106e-01
 -1.1247770e+00
 -2.0820870e+00
  1.4571327e+00
 -6.9384801e-01
 -5.0701823e+00
 -4.2613354e+00
 -1.6664976e+00
 -4.1566989e-01
 -1.2283664e-01
  2.9423089e+00
 -1.6288186e+00
 -4.2054234e+00
 -3.0680263e+00
 -2.4848637e-01
 -1.2023268e+00
  4.2912045e+00
  5.2995386e+00
 -9.9311656e-01
 -4.9879966e+00
 -2.5434971e+00
  1.4233255e+00
 -4.4104109e+00
 -1.5638671e+00
  5.3312750e+00
 -7.7484530e-01
 -2.2097278e+00
 -4.4699378e+00
  6.8431597e+00
  2.9704621e-01
 -5.2301569e+00
 -6.2954277e-01
 -7.8323799e-01
  6.3945370e+00
 -6.8121117e-01
 -4.2508715e-01
  1.1032887e+01
 -6.4234328e-01
 -4.7161636e+00
  1.0543747e+00
 -1.4374918e+00
 -6.6166127e-01
  1.7167178e-01
  3.1534088e+00
 -2.0628192e+00
  5.9495559e+00
 -4.2545176e+00
 -2.6285222e+00
 -3.4139917e+00
  6.6946381e-01
 -5.4133420e+00
  3.8742349e+00
 -7.4259043e+00
 -9.3466006e-02
 -6.7812937e-01
 -2.4191628e+00
 -3.4725025e+00
  7.6178441e+00
 -2.5556736e+00
  1.4264777e+00
  8.9651022e+00
  5.4792576e+00
 -1.7473371e+00
 -6.8853116e-01
 -4.8250103e+00
 -3.8422365e+00
 -9.3915224e+00
  6.9987597e+00
 -3.3899317e+00
  1.0654552e-01
 -1.5069960e-01
 -3.1088791e+00
  8.0060339e+00
 -5.5017757e+00
 -5.6340246e+00
  6.2745595e-01
  8.9029509e-01
  1.1288687e+00
  4.6133203e-03
 -4.0382290e-01
  2.2253339e+00
  7.1629924e-01
 -2.1891856e+00
 -1.0005730e+01
  2.4994049e+00
 -7.6332412e+00
 -7.0095468e-01
  1.3550853e+00
 -2.2996418e+00
  5.6463218e+00
 -1.9233979e+00
  1.5381894e+00
  2.8684266e+00
  5.5518861e+00
 -9.7797072e-01
 -1.6201545e+00
  6.4332585e+00
 -8.0411606e+00
  1.5695752e-01
 -7.1071631e-01
  5.6365643e+00
  4.0007167e+00
 -9.8939270e-01
  3.7135007e+00
  3.2908251e+00
  4.0617356e+00
  7.6813734e-01
 -5.1678500e+00
  2.1519663e+00
  4.0428019e-01
  4.0399742e+00
  7.0762076e+00
  2.2289131e+00
  1.1772953e+00
 -3.1593342e+00
 -3.9836857e+00
  6.1014209e+00
 -4.0857548e-01
 -9.1708553e-01
  5.8212523e+00
 -1.1666328e+00
 -3.7580500e+00
  9.6746564e-02
  9.4015497e-01
  1.3060769e+00
  4.0494905e+00
 -5.0234900e+00
 -2.2986708e+00
  3.2990544e+00
  2.2183366e+00
 -3.1637247e+00
  4.8662362e+00
  5.7475823e-01
  3.0273075e+00
  2.7203836e+00
 -2.9409959e+00
 -2.2015746e+00
  3.0070550e+00
  5.4827995e+00
  6.1628337e+00
  2.8244295e+00
  1.2593335e-01
  1.6639001e+00
 -4.4112039e+00
  2.6829863e+00
  2.0308063e+00
 -1.4515463e+00
  3.0577877e+00
  3.4091672e-01
  1.2203901e-01
 -3.6237266e+00
 -7.7260619e-01
 -3.9431462e-01
 -1.7094082e+00
  4.0851135e+00
  1.9859059e+00
  5.1135263e+00
 -2.4629323e+00
  6.7870727e+00
  1.0246956e+00
  1.4878988e+00
  6.4143319e+00
  2.3506052e+00
  5.8276300e+00
  2.5756202e+00
 -2.7434316e+00
 -2.8974795e+00
 -6.6946993e+00
  1.2337064e+00
  3.3702874e-01
  2.9535427e+00
  3.6982806e+00
  2.5490746e+00
 -4.9499145e+00
  1.0416856e+00
 -2.0786502e+00
  1.5199437e+00
 -1.0996081e+01
  1.2983265e+00
  1.5423659e+00
  2.0179369e-01
  8.8260965e+00
 -5.6115031e+00
 -2.2699716e+00
 -3.2144799e+00
 -1.7150928e+00
 -1.9876112e+00
  3.9601026e+00
 -1.4313229e+00
 -6.5053058e-01
  2.8379948e+00
 -9.3323970e-01
 -1.5903683e+00
  1.0568094e+00
  4.8975425e+00
  1.7477361e+00
 -1.8603969e+00
  2.6421783e+00
  2.2467101e+00
  1.5836059e+00
  2.5932162e+00
 -1.9591516e+00
  3.1492739e+00
  6.1807103e+00
  4.9659905e+00
  5.9841509e+00
  1.0269549e+00
  2.5264521e+00
  1.1229981e+01
 -9.1390240e-01
 -1.4263591e+00
 -2.7674012e+00
  4.9279757e+00
  4.0065786e-01
 -4.4700727e+00
  3.8864169e+00
  1.1366943e-01
  5.6262121e+00
 -4.1356902e+00
  8.7964004e-01
  6.5250936e+00
 -9.8281556e-01
 -1.0469415e+01
  7.2036016e-01
  3.9331520e+00
 -8.8791876e+00
  3.0626104e+00
 -5.9136338e+00
 -7.4767504e+00
  9.7898378e+00
  6.3359298e-02
  5.0395554e-01
  1.4577796e+00
 -1.2864909e-01
 -5.2687377e-01
  1.9939291e+00
  2.0391200e-01
 -2.9927278e-01
  2.0974426e-01
 -1.7494627e+00
  2.7747834e+00
  2.9647458e+00
  9.3755364e-01
  4.6863012e+00
 -2.1219189e+00
  2.0003178e+00
 -1.0268629e+00
  2.4588484e-01
 -8.7932196e+00
 -1.1423852e+00
  1.8485509e+00
  9.9496311e-01
  9.7248197e-01
  3.4399195e+00
  8.1592023e-02
  1.7622324e+00
 -7.7612245e-01
 -5.2269948e-01
  9.0879285e-01
 -2.8548640e-01
 -7.0036018e-01
  6.5870947e-01
  7.9526168e-01
 -4.9086377e-02
 -1.0406760e+01
  4.2197948e+00
 -3.2486683e-01
 -6.9375110e+00
 -4.7417068e+00
 -1.5557536e+00
 -4.5845160e+00
 -7.6803893e-01
 -1.0985019e+00
 -3.9766951e+00
  8.7288475e+00
 -7.1070437e+00
 -3.2143102e+00
 -5.3035030e+00
 -1.7129579e+00
 -2.2792103e+00
  2.4652514e+00
 -4.3062968e+00
  4.8723221e+00
 -8.8241558e+00
  4.7379822e-01
 -1.7480348e+00
  4.3002634e+00
 -7.8285801e-01
  1.1858840e+00
 -2.6187277e+00
  5.2202463e-01
 -1.4516154e-01
  2.7834194e+00
 -3.1118864e-02
 -3.3085575e+00
  3.0029962e+00
  3.8407896e+00
  1.6758833e+00
 -3.1576033e+00
  2.7734671e+00
  1.9255902e+00
 -4.7372036e+00
  6.7437720e+00
 -1.6383220e-01
 -1.0372623e+01
  3.1067078e+00
  2.3778737e+00
  5.6472945e-01
  5.0068402e+00
 -2.3989928e+00
 -5.8963556e+00
 -3.5996141e+00
 -9.8389854e+00
  8.7504119e-01
  8.7875575e-01
  1.0190952e+00
  8.6540442e+00
 -3.8980644e+00
 -6.2781459e-01
 -2.7684340e+00
  3.5734506e+00
  4.7528977e+00
 -1.3133563e+00
  1.6996303e+00
  1.0141267e+00
  6.7054123e-02
  1.2609001e+00
  8.2488811e-01
 -6.6139646e+00
  7.6640515e+00
  1.9798146e-01
 -1.3602871e-01
 -6.3659571e-02
  4.9832511e-01
  1.6223016e+00
 -8.7561172e-01
  2.1825113e+00
  4.9166942e+00
  3.0164492e+00
  3.8993785e+00
  1.9578272e-01
 -8.8507938e-01
 -5.5144196e+00
 -1.1768371e-01
 -4.1073217e+00
  1.1206187e-01
  1.2069756e+00
  2.2788386e+00
  1.2832620e+00
  3.4690948e+00
  2.7200496e-01
  2.7601573e+00
 -8.1879032e-01
  2.9112634e-01
  7.2474236e+00
  1.9049488e+00
 -6.5053029e+00
 -1.5810164e+00
  7.3575773e+00
  1.2084767e+00
  7.4825734e-01
  4.2622128e+00
 -1.6712943e-01
  4.7046738e+00
 -1.0324690e+00
  5.3603539e+00
 -7.3476257e+00
  6.1743498e+00
 -1.8812045e+00
 -3.1556799e+00
 -1.7672452e-01
  4.3929925e+00
  5.4226966e+00
  1.5662279e+00
 -5.1740688e-01
 -7.0523252e+00
 -9.0217668e-01
  2.4703021e+00
  7.3332520e+00
  8.4980125e+00
 -1.2212204e+01
 -4.5523477e+00
 -6.9956219e-01
  4.1004777e+00
 -2.2873015e+00
  3.0188804e+00
 -8.2042229e-01
 -1.9467280e+00
 -3.8882463e+00
 -3.1490114e-01
  2.7509370e+00
  5.7991810e+00
 -2.6734701e-01
  9.5020020e-01
 -1.8959808e+00
 -5.6272507e+00
  2.8977590e+00
 -5.7209539e+00
 -9.5706958e-01
  2.7765489e+00
  9.9611655e-02
  6.2511722e-04
 -3.9222896e-02
  5.9638131e-01
 -1.0459431e+00
 -5.9113216e-01
 -2.1953030e-01
 -1.4958030e+00
 -9.3105602e-01
  1.0962992e-01
 -4.0929613e-01
 -1.0659792e+00
  4.3789500e-01
  2.2452731e+00
 -6.6465700e-01
  1.8979993e-01
  7.1510565e-01
  4.5866016e-01
 -3.5147827e+00
  2.1562867e+00
  3.9047778e+00
  3.1284626e+00
  2.8248003e-01
  4.0924054e-01
 -1.0260803e+00
  3.0286494e-01
  3.4387605e+00
  3.2719630e-01
  1.3098767e+00
  2.1724389e+00
  8.0187964e-01
 -9.8321557e-01
 -2.8398350e-01
 -8.9553809e-01
  2.8259000e-01
 -1.2977961e+00
 -9.6079016e-01
  4.6938419e-01
 -1.4263556e+00
 -1.5971435e+00
  1.2956390e+00
 -1.3078328e+00
 -3.1513524e+00
  3.0174580e+00
  1.8364674e-01
 -1.8243361e+00
 -4.0177217e+00
  5.5251627e+00
 -4.3585367e+00
 -4.2152724e+00
 -6.7113409e+00
 -1.6586911e-02
 -8.6888971e+00
  1.6460452e+00
  2.8311294e-01
  4.1112509e+00
  2.5285437e+00
 -3.3541638e-02
 -1.0506751e+01
 -2.5933599e+00
  2.4421885e+00
  2.1356173e+00
  1.2657621e+00
 -5.1361570e+00
  1.4825289e+00
  6.1547108e+00
  7.4534874e+00
  4.4122458e+00
 -3.6300297e+00
  2.9034948e+00
 -7.2034535e+00
 -4.2157203e-01
  3.9993372e+00
  2.9554615e+00
 -8.4894650e-02
 -3.2450491e-01
  5.9844518e-01
 -3.2728591e+00
  1.2481012e+00
 -1.2878384e+01
  5.8495146e-01
  2.0128541e+00
 -5.3605223e+00
  4.3354416e-01
 -2.0966749e+00
  2.1761227e+00
 -5.8612132e-01
 -3.9978129e-01
  4.9342208e+00
  1.1631454e+00
  8.4517727e+00
  3.0465822e+00
  3.9090502e+00
 -2.3039155e+00
 -1.2758011e+00
 -3.0814481e+00
  4.7993245e+00
 -4.3423715e+00
 -6.1648941e-01
  2.8309637e-01
  3.4464719e+00
 -1.3558844e+00
 -2.8871229e+00
  6.4888865e-01
 -2.1321819e+00
 -4.2729831e+00
  5.8745794e+00
  1.2187526e+00
 -1.4023914e+00
  1.0540547e+00
 -2.2579215e+00
 -2.2478051e+00
  3.2246733e-01
 -5.0281029e+00
 -5.4685698e+00
 -7.2621231e+00
  4.8313112e+00
  1.5345504e+00
 -3.7270408e+00
  1.3088567e+00
  3.3364198e-01
 -1.3047746e+00
 -1.9688457e+00
 -5.0268154e+00
  2.7550783e+00
 -3.1914766e+00
 -1.7670805e+00
  4.6498404e+00
 -7.0730929e+00
  1.3245276e+00
  1.1370635e+00
 -2.6991084e+00
 -1.3921031e+00
 -8.1385584e+00
  1.0138147e+00
 -7.4021020e+00
  6.5835911e-01
 -3.8324509e+00
  1.2485564e+00
 -5.6197858e-01
  3.6171241e+00
  6.0058742e+00
  4.4463568e+00
  3.6383264e+00
  6.4013913e-02
  2.8175571e+00
 -6.6226590e-01
 -4.0532377e-01
 -4.0164474e-01
  4.7244713e-01
 -1.3984805e+00
  2.7712281e+00
  4.6384697e+00
  1.3799859e+00
 -3.6904054e+00
 -2.5658998e+00
 -7.5951219e-01
  1.7207103e+00
  3.8788230e+00
 -3.1969838e+00
  3.0255632e+00
 -5.2242560e+00
  1.1566347e+00
  4.7828323e-01
  5.1834493e+00
  4.3216648e+00
  2.1065774e+00
 -1.5130519e+00
  2.9038460e+00
  2.1744695e+00
 -1.7423838e+00
  3.4249711e+00
 -4.1667771e+00
 -1.0143497e+01
 -3.7509205e+00
 -2.9622981e-01
 -1.7342438e+00
  3.7345772e+00
  3.5170963e+00
 -2.2269289e+00
 -2.6178329e+00
 -2.2953704e-01
  2.8269660e+00
 -9.1933524e-03
 -4.7519155e+00
 -3.8286921e-01
  3.4546237e+00
 -2.0795982e+00
 -9.0486544e-01
 -3.8681040e+00
 -2.2575252e+00
  2.5859718e+00
 -9.3647254e-01
 -7.0011263e+00
  1.4988916e+00
 -9.0594184e-01
 -1.3562375e-01
  1.1884888e+00
 -4.1561475e+00
  2.6000381e+00
 -5.9324694e+00
  5.9307499e+00
  1.3255171e-01
 -2.3395424e+00
  7.1260077e-01
 -3.3292499e-01
 -8.7488836e-01
  2.4877778e-01
 -5.4565394e-01
  4.1113377e-01
 -4.4686297e-01
  1.0681180e-01
  3.4693956e-01
 -8.9118516e-01
 -1.1709863e+00
  4.5311146e+00
  4.9724813e+00
 -1.4789317e+00
  3.6402068e-01
 -3.3243964e+00
 -6.2456858e-01
 -2.8233092e+00
  3.9516525e+00
  2.7128394e+00
  2.2687733e+00
 -1.6453061e+00
 -2.8949294e+00
 -1.0208629e+00
  4.5308838e+00
 -6.6320276e-01
  2.5309646e+00
  2.0930688e+00
  7.8555351e-01
  2.3249147e+00
 -1.7164167e+00
  2.1390030e+00
  4.8618102e+00
  1.8801513e+00
 -7.1557546e-01
  6.5817219e-01
 -1.6488378e+00
  2.3941882e+00
  4.7328505e-01
 -2.2081943e+00
  1.0872971e+00
 -8.1073962e-02
 -1.6334637e+00
  4.5158130e-01
 -1.9589827e+00
 -7.1494162e-01
 -7.2725644e+00
  2.1074302e+00
  4.7454572e+00
  2.8531232e+00
  6.0597301e-01
 -1.7267967e+00
 -3.8710952e+00
 -3.2263863e+00
  6.5369525e+00
 -4.6589509e-01
  9.0456635e-01
 -3.9623895e+00
  2.5937238e+00
 -2.1969028e+00
 -2.1678474e-02
  8.8534242e-01
 -5.2614813e+00
 -9.4688654e-01
  1.3589803e+00
  6.8104112e-01
  1.3881251e-01
  7.4403434e+00
  4.2943528e-01
 -3.2891402e+00
  1.2939235e+00
  4.3745122e+00
 -3.9524475e-01
  4.5133185e+00
 -3.9754367e+00
 -3.0460958e+00
  1.2456930e+01
  1.3633436e+00
  2.8983489e-01
 -8.6824207e+00
 -5.6239481e+00
  6.5660014e+00
 -1.0428605e+00
  1.9456863e+00
 -5.5206144e-01
 -6.4865136e+00
  3.2974267e+00
  5.1481900e+00
 -2.6382287e+00
  6.9404569e+00
  2.3280499e+00
 -5.8329225e-01
 -9.6874720e-01
  3.2471459e+00
 -4.5867810e-01
  2.6375842e+00
  2.1742218e+00
 -4.5221529e+00
  1.1669490e+00
  8.0484142e+00
  1.4108511e+00
 -6.5398388e+00
 -5.6227007e+00
 -3.7482073e+00
 -6.1566621e-01
  1.1755928e+00
 -1.7677852e+00
  6.2500205e+00
  1.2628994e+00
 -2.8284819e+00
  6.1313313e-01
  4.1209832e-01
  3.0290051e+00
 -9.9412560e-01
  1.4271076e+00
 -6.3230775e-02
  1.3630744e+00
  6.6123767e+00
 -3.1745842e+00
  5.6976156e+00
  2.6305413e+00
 -2.3468869e+00
  7.1568046e+00
  3.6634252e+00
 -4.5869946e+00
 -4.8746915e+00
 -4.8552256e+00
 -3.8995214e+00
 -2.5248003e+00
 -2.2023289e+00
  1.3661963e-01
 -7.3242003e-01
  7.2400010e-01
  7.4839926e-01
  2.5349126e+00
  4.8489876e+00
 -3.2955301e+00
 -6.1044760e+00
  1.5217086e+00
 -4.7018981e+00
  3.5497785e+00
 -1.4548517e+00
 -1.5745317e+00
  7.5322157e-01
  2.0337398e+00
 -2.7956030e+00
  5.9720702e+00
  3.4585747e-01
 -1.0003316e+00
  4.9020424e+00
 -4.0739670e+00
  1.5494493e+00
 -3.1145391e+00
 -2.9961655e-01
 -3.0557549e+00
  5.5823290e-01
  2.4669995e+00
  3.4606011e+00
  9.4509113e-01
  1.4685521e+00
  3.5295391e+00
 -9.0148371e-01
  5.2436366e+00
  5.2372319e-01
 -5.0598326e+00
 -6.0396452e+00
  4.5935705e-01
  6.4804702e+00
 -4.3765922e+00
 -3.6573610e+00
  2.3305109e+00
 -3.3126609e+00
 -2.4249171e-01
  2.8825965e-02
  9.9977154e-01
 -3.0365047e+00
 -3.1627998e+00
 -4.1870394e+00
  7.0593649e-01
  1.0415630e-01
  3.6227268e-01
  1.5032508e+00
 -6.7265801e+00
 -4.4135103e-01
  1.3410854e+00
  6.1084900e+00
 -4.0661058e+00
 -1.3949978e+00
  6.7045784e+00
  2.9350743e+00
 -1.3632963e+00
 -3.3648427e+00
  5.5979186e-01
  8.7434196e+00
  3.4714365e+00
  1.6602135e+01
  2.3966603e+00
 -1.2428974e+00
 -5.9744363e+00
  3.8293412e+00
 -1.3635753e+00
  1.6880389e+00
  1.5815817e+00
  4.6249685e+00
 -2.1576264e+00
 -6.8729091e-01
 -3.0092659e+00
  1.8884161e-01
 -9.0688854e-01
 -4.5596399e+00
  4.8167524e+00
 -9.2523730e-01
 -5.6872195e-01
  1.0888486e+00
  5.3273028e-01
 -9.4906408e-01
 -1.5421638e-01
  1.7369305e+00
 -5.5222225e+00
 -4.6046641e-01
 -1.4000421e+00
 -4.6340861e+00
  4.1087542e+00
  6.4237561e+00
  1.9397523e-01
  3.1904194e-03
  5.9279308e+00
 -3.6479871e+00
  1.3971671e+00
  1.9841230e+00
 -2.1448166e+00
 -1.0847714e+00
  9.7794908e-01
  1.1073781e+00
 -1.3383993e+00
  3.2468972e+00
 -2.6919746e+00
  2.9347432e+00
  5.0063252e-01
 -6.4746742e+00
 -9.1196263e-01
 -2.9496183e+00
 -1.7470640e+00
 -3.5742302e+00
  5.9936991e+00
  8.0726414e+00
 -2.9467170e+00
  2.3571444e+00
  9.8576593e+00
  6.0562217e-01
 -4.4098654e+00
 -1.7796921e+00
 -8.0245838e+00
 -3.2058272e+00
 -1.6549586e+00
 -5.8307757e+00
 -1.8063306e+00
  2.4337983e+00
  2.3959103e-01
  3.5999520e+00
  1.5000437e+00
 -1.0620191e+00
 -7.5703651e-01
 -5.3662825e+00
 -1.0016497e-01
  3.7583404e+00
  7.8699988e-01
  1.1287775e+00
 -4.9742383e-01
 -1.7137084e+00
  5.0591912e+00
  2.9624364e+00
  2.9062912e+00
  1.3971533e+00
 -1.3740249e+01
 -2.6502499e-01
  2.2117643e+00
  8.2149647e-02
  3.2797425e+00
  3.5328703e+00
  3.2230101e+00
  2.8429863e-01
  4.0409818e+00
  1.1005042e+00
  7.7110643e+00
  3.6561394e-01
  4.5812225e+00
  3.6282489e+00
 -1.5869535e+00
  3.4852121e+00
 -2.1739915e-01
 -2.4095069e-01
 -2.0363474e+00
 -1.0991440e+00
  1.7668790e+00
  3.0258367e+00
 -1.6958685e-01
  1.7226087e+00
 -1.6304065e+00
  3.3050807e+00
  8.9336014e+00
  2.4980545e+00
  3.7242160e+00
 -5.7537186e-01
 -8.6703062e+00
  6.5997815e-01
  3.4642363e-01
 -4.0538759e+00
 -5.9254060e+00
 -1.5945023e+00
 -1.3292645e+00
 -1.4397389e+00
 -2.0534830e+00
 -3.5953596e+00
  7.6002655e+00
  1.4902601e+00
 -3.3707492e+00
  2.8835769e+00
  6.5959015e+00
  3.6101863e+00
  8.7966865e-01
 -2.9089489e+00
  1.0264255e+00
  2.8109410e+00
 -5.6608553e+00
  2.3155516e-01
  9.6368427e+00
  1.3828510e+00
 -5.6266761e+00
  1.2188443e+00
 -1.3778739e-01
 -5.0671124e+00
  1.7455571e+00
 -1.9460236e+00
  1.0887240e+00
  6.1258168e+00
  2.2126579e+00
  5.6074896e+00
  4.8685327e+00
  1.1369308e+01
 -2.0144253e+00
 -5.4102141e-01
 -1.0462518e+00
 -8.6537790e-01
  5.2489138e-01
  1.8545539e+00
  5.1977634e+00
 -2.3010805e+00
  7.1986127e+00
  3.4820426e+00
 -4.3111291e+00
 -1.9105943e+00
  3.4143431e+00
  1.3852795e+00
 -2.0734484e+00
 -1.1257662e+00
  2.8082219e-01
  6.9842595e-01
 -2.5911184e-02
 -8.0889143e-02
 -9.3977606e-01
  3.3319595e-01
  7.2064078e-01
 -7.3947752e-01
 -6.6328090e-01
 -8.2296002e-01
  1.2080983e+00
 -2.4188416e+00
  4.0154621e-01
  1.7093186e+00
 -1.1026350e+00
  3.7493610e-01
  2.6820758e-01
  1.2791151e+00
 -2.0701439e+00
 -9.1530246e-01
 -2.3552153e+00
  5.5290198e-01
 -1.3394676e+00
 -9.8746133e-01
  1.8879955e+00
 -3.2056224e-01
  4.5421433e+00
 -2.1493092e+00
 -2.2640986e+00
 -5.6551242e+00
 -2.9266412e+00
  4.1636171e+00
 -7.2171130e+00
  1.0704964e+00
  7.9856241e-01
 -3.8359549e+00
 -9.9278140e-01
 -1.2427034e+00
  9.9042523e-01
 -5.5945787e+00
 -2.5237765e+00
  3.8883194e-01
 -1.7714423e+00
 -6.3547697e+00
  7.5750746e-02
 -1.4340852e-01
  9.5667118e-01
 -2.2157378e+00
  2.4367986e+00
  2.8617148e+00
 -6.0262680e-01
 -9.5856470e-01
 -1.1788709e+00
 -7.3685074e-01
 -1.1904517e+00
 -9.8232722e-01
 -3.1244512e+00
 -7.2751182e-01
  4.6272281e-01
  3.1151462e+00
 -1.8578423e+00
  8.5262752e-01
 -1.0277039e+01
  1.7033696e+00
  3.4757588e+00
  8.9896694e-02
  2.1927810e+00
 -1.1324174e+00
  4.6111960e+00
 -7.1851707e+00
 -1.1147263e+00
  2.9282146e+00
 -2.5721827e+00
  2.2371709e+00
 -6.0762706e+00
  5.3742681e+00
 -4.7093415e+00
 -6.7732162e+00
 -3.1680613e+00
  1.8700583e+00
  3.0852084e+00
  1.7482213e+00
  1.4218223e+00
 -5.3775048e+00
 -9.1598396e+00
  1.7509192e+00
  2.9804139e+00
  2.4728963e+00
  5.4590302e+00
 -1.6652104e+00
  1.3897640e+01
 -3.3899643e+00
 -4.7152472e+00
 -3.3776107e+00
  2.8854103e+00
  4.4494843e+00
 -4.6295018e+00
  1.3119228e+00
 -1.1293704e+01
  1.2653698e+00
 -1.2873554e+00
 -3.2525703e-01
 -1.9583082e+00
  1.0114051e+00
  1.5854831e+00
 -9.0250868e-01
 -2.5944576e+00
 -4.8303032e-01
  3.4838948e-01
  3.8040154e+00
  1.4312555e-01
 -2.7286327e+00
 -5.4938993e+00
 -6.6304976e-01
  2.8345003e+00
  4.7403779e+00
 -1.4258482e+00
 -1.3228455e+00
 -9.1784859e+00
 -1.9886909e+00
  2.3382590e+00
 -3.1200945e+00
  1.4157906e+00
  2.5651004e+00
 -2.9493630e+00
 -1.4373755e-01
 -2.2304945e+00
 -2.9880614e+00
  1.0749987e+00
 -6.6584821e+00
  9.1379592e-03
  7.4216833e+00
  6.7460817e-01
  1.3998859e-01
 -1.1932685e+01
 -3.3973653e+00
 -1.9383942e+00
  6.2259865e-01
  2.2343018e+00
 -9.0000999e-01
  1.0006061e+00
  3.5393002e+00
  8.3679938e-01
 -2.3480167e+00
  1.0418497e+00
  5.7285557e+00
  5.4558620e+00
  2.8783946e+00
 -3.5602860e+00
  6.2069125e+00
 -4.3367567e+00
  2.2669742e+00
  2.1545715e+00
 -2.0255997e+00
 -2.8094084e+00
  1.1153978e+00
  5.1040826e+00
 -3.7892786e-01
  3.1994953e+00
  1.6919037e+00
  2.9652514e+00
  1.1587459e+00
  4.3326640e+00
  2.6783135e+00
  2.9279938e+00
 -3.7179053e+00
  7.5951153e-01
 -1.1018887e+00
 -3.9626420e+00
  6.8349261e+00
  4.4643917e+00
  6.7391175e-01
  2.7906621e+00
  2.3873768e+00
 -4.5568743e+00
  1.1876673e+00
  2.8371382e+00
  5.1013498e+00
  2.0549817e+00
 -3.8027935e+00
  5.1388035e+00
 -2.5698817e+00
  1.9789711e+00
 -1.8988121e-01
  4.6245185e-01
 -2.3721369e-01
 -2.6715360e+00
  2.8912616e+00
 -1.8070546e-01
 -2.2647515e-01
 -3.9209619e+00
 -9.8671160e+00
 -1.2469698e+01
 -6.0516729e+00
 -3.3552172e+00
 -8.5718256e-01
 -4.7691417e+00
  1.6700227e+00
  2.4933182e-01
 -2.2568958e+00
 -9.5719856e-01
 -5.4177904e+00
 -2.7325878e-01
 -6.2562547e+00
  3.7119322e+00
 -3.0200126e+00
 -7.6222386e+00
 -1.2277403e+00
 -2.6292751e+00
  8.5042267e+00
  6.8651128e-01
 -4.9549260e+00
  1.3813648e+00
 -2.5964828e+00
  1.8171984e-01
  5.7477856e+00
  2.5322952e+00
 -4.6459808e+00
  4.0328297e-01
  1.4476608e+00
  2.6663072e+00
  9.8901482e+00
 -6.7632570e+00
  2.4252436e+00
 -4.2126031e+00
 -2.0078630e+00
  1.1257613e+00
  5.8526464e+00
 -4.5248623e+00
 -3.7793326e+00
  7.2514467e+00
 -4.9383693e+00
 -1.7555761e+00
  1.2343835e+01
  1.6152064e+00
  5.1805420e+00
  1.0109985e+01
  3.1630939e-01
 -2.9808638e+00
 -2.7299106e+00
 -5.9297252e+00
 -1.7349755e+00
 -3.8027542e+00
  1.5511315e+00
  2.8411045e+00
  3.7986927e+00
 -6.9139987e-01
  3.7962849e+00
 -1.8776181e+00
  1.4990786e+00
 -1.5402843e+00
 -1.1176342e+00
  4.0222249e+00
 -4.0993972e+00
 -5.0573330e+00
 -1.6990279e+00
  3.7068770e+00
  1.4540654e-01
 -1.8458717e+00
  5.2955446e+00
 -1.0124614e+00
 -4.7701606e-01
  2.8820950e-01
 -6.3470399e-01
  3.5971365e+00
 -2.1936946e-01
  2.7107349e-01
  3.8909514e+00
  2.2170861e+00
  2.3679335e-01
  3.4858019e+00
 -1.1429070e+00
 -8.0999165e+00
  3.8153082e-01
 -1.5708727e+00
 -2.9913273e+00
  3.2187893e+00
  6.3189030e-02
  1.4756356e+00
 -1.3189007e+00
  9.3938303e-01
 -4.7980118e+00
  3.0192745e+00
  1.7120786e+00
  1.5853885e+00
 -4.4859138e+00
  1.1482035e+00
 -4.1735430e+00
 -5.5378213e+00
  5.5221925e+00
 -1.4482119e+00
 -7.5048943e+00
 -7.6811104e+00
  2.6431079e+00
 -1.0369354e+00
  2.0107110e+00
  1.0493172e+00
 -3.1944296e+00
  9.9532819e-01
  2.1180584e+00
 -2.3445463e+00
 -6.4186568e+00
  1.8224410e+00
 -5.1612458e+00
  2.7081513e+00
  6.0616136e-01
  1.7026278e+00
 -5.4660791e-01
 -8.9389181e-01
  4.1646008e+00
  1.9499360e+00
  8.2559061e-01
 -1.4672101e+00
 -3.1592813e+00
 -3.4756932e+00
 -1.4928445e+00
  2.3488917e+00
 -1.0378720e+00
  2.3389218e+00
  7.4346410e-03
 -2.7849760e+00
  1.1942936e+00
  2.6879265e+00
  2.9327661e-01
 -2.6251802e+00
  6.4441854e-01
  6.1425195e+00
  1.8290603e+00
  2.6285412e+00
  2.2488148e+00
 -6.4737332e-01
 -4.2005014e-01
 -2.8688905e+00
  9.0975647e+00
 -2.9192749e-01
  1.6808460e+00
  3.8325527e+00
  5.5017247e+00
  3.0205884e+00
  6.0032897e+00
 -3.2154717e-02
 -1.5637493e+00
 -2.1707275e+00
 -3.9188430e+00
 -5.1490893e+00
 -2.2004008e+00
 -1.0407902e+00
  4.2790327e+00
  6.2389898e-01
  2.3551497e+00
  4.0564313e+00
 -4.9505477e+00
  1.4239268e+00
  4.6998835e+00
  1.5067241e-01
  5.2377100e+00
  8.5660315e+00
 -4.9536567e+00
  1.9564977e+00
  1.3611330e-01
  7.5361061e-01
  3.3484128e+00
 -6.8552226e-01
  3.3464546e+00
  2.9598334e+00
 -1.4266585e+00
  3.4196577e+00
  1.0651323e+01
  2.3666233e-01
 -2.1038785e+00
 -2.4299321e+00
 -1.0450199e+00
  1.6299762e-01
  9.7717041e-01
  1.0672437e+00
  8.1291151e+00
 -5.7904110e+00
 -4.7412491e+00
  2.8435550e+00
 -7.4852610e+00
 -7.9895616e-01
 -4.0127044e+00
 -1.6592991e+00
 -2.8273199e+00
 -3.1108718e+00
 -8.4111481e+00
 -1.9665065e+00
  5.9987369e+00
  9.0227240e-01
 -7.5249114e+00
 -6.8584752e+00
 -9.8035681e-01
 -3.9263301e+00
 -8.3243809e+00
  1.0561330e+00
  1.5514743e+00
  6.4199347e+00
 -2.9732752e+00
  1.0849323e+00
 -6.9014406e-01
 -4.2444291e+00
 -3.0031023e+00
 -3.8084495e+00
 -1.0065970e+00
 -3.7734410e-01
 -1.4684019e+00
  3.1912034e+00
  4.4989238e+00
 -2.3232327e+00
 -6.4055896e-01
  3.3297479e+00
 -2.1566486e+00
 -4.0353131e+00
 -7.2005868e-01
  3.2657871e+00
  6.2751470e+00
 -9.2932014e+00
  7.1913397e-01
 -4.1573593e-01
  1.4903135e+00
  1.2405820e+00
  1.1972023e+00
  2.4605036e+00
  4.6641350e+00
  5.6117592e+00
  8.2524529e+00
 -1.1681709e+00
 -6.3255606e+00
  4.6055965e+00
 -8.2307780e-01
 -3.9326770e+00
 -2.6234887e+00
 -8.7795031e-01
  1.1483066e+00
  2.8070850e+00
  2.2712028e+00
 -1.1758428e+00
  9.4809490e-01
 -2.9697257e-01
 -3.1857295e+00
 -1.5138073e+00
 -6.3843689e+00
 -3.2761788e-01
  1.2005683e+00
  1.1444728e+00
  7.0948726e-01
  2.9200871e+00
  6.6597939e+00
  2.2002228e-01
  4.6382901e-01
  5.2509317e-03
 -1.0000898e+00
  2.8456855e-01
 -9.5971715e-01
  3.5777354e-01
 -3.5585704e+00
 -4.6088872e+00
  1.5228438e+00
  7.4367833e+00
 -1.7568212e+00
 -2.8175381e-01
 -3.9654300e+00
  2.7264237e+00
 -3.2350471e+00
 -6.7723503e+00
 -2.7470152e+00
  2.6926403e+00
 -1.4915414e+00
  8.3360445e-01
 -2.1717026e+00
 -9.3610609e-01
 -3.7186270e+00
  3.4460404e+00
 -4.9376307e+00
 -4.0297875e+00
  2.0315278e+00
  5.8772960e+00
  4.3188378e-01
  4.3428588e+00
  2.5594723e+00
 -2.6839325e+00
  1.9877315e+00
 -1.2934769e+00
 -8.0434181e-02
  3.2409363e+00
 -6.7800641e+00
 -6.2853146e+00
  4.0500565e+00
 -2.5752659e+00
 -1.0195973e+00
 -2.0763338e+00
 -3.6422938e-01
 -5.0616064e+00
  1.8471127e+00
 -5.0505292e-01
  2.0329556e+00
  1.0460387e+01
  2.4444540e+00
 -1.0364823e+00
  1.4899970e+01
 -4.4051614e+00
 -6.2704463e+00
 -9.1983712e-01
 -2.7442379e+00
  2.6867201e+00
 -1.2964296e+00
  5.5522265e+00
 -1.7570357e+00
 -2.6228902e-01
 -1.8532412e-01
 -6.3616238e+00
 -3.8007836e+00
 -1.1834477e+00
  4.0902390e+00
 -2.2351685e+00
  2.4751143e+00
  1.7685499e+00
  3.6809185e+00
  3.0150640e+00
 -3.8821213e+00
  2.1084464e+00
  7.6812239e+00
 -4.4420862e+00
  3.3565438e-01
  3.4859262e+00
 -1.6714859e+00
 -1.3559839e+00
 -5.2483788e+00
 -1.0124953e+00
 -4.0418386e+00
  1.8799851e+00
 -5.5217571e+00
  3.0969174e+00
 -1.6492037e+00
  1.5193969e+00
  1.9914374e+00
  6.9706330e+00
  5.8658352e+00
 -6.5352929e-01
  9.6811026e-02
 -4.4204216e+00
 -2.6195219e+00
  3.8476229e+00
  1.5073850e+00
 -9.6618897e-01
  3.2486370e+00
  1.1125967e-01
  3.5813203e-01
  4.1550651e-01
 -8.5760313e-01
 -2.7975953e+00
  6.3120918e+00
 -7.8756261e-01
 -5.9649763e-03
  4.9225492e+00
  6.2800975e+00
  8.5039771e-01
 -1.3954543e-01
 -2.8026922e+00
 -4.4716616e+00
 -3.5190651e+00
  3.4197193e-01
  1.1875168e+00
  3.2661564e+00
 -2.4164467e+00
 -1.3554073e-02
 -9.2460829e-01
  1.8886364e+00
  2.2405863e+00
 -4.0971291e-01
 -4.3555236e+00
 -3.9484034e+00
 -2.1782825e+00
  3.0388906e+00
 -2.5903497e+00
  9.0080595e-01
  1.6634140e+00
 -2.0567026e+00
 -9.1914082e-01
 -3.1091251e+00
 -6.3447456e+00
 -2.8026667e+00
  3.1609657e+00
 -2.3864081e+00
 -9.9885963e-02
 -8.8230783e-01
 -1.7449538e+00
  7.4632235e+00
  3.0771770e+00
  3.1909001e+00
  1.7637358e+00
  2.5226111e+00
  2.2228508e+00
  3.2214196e+00
  7.4259715e+00
  1.4391780e-01
 -8.6713276e+00
 -3.4796786e+00
 -2.8318880e+00
 -7.0371280e+00
  6.8526864e+00
 -6.7139177e+00
  2.6485829e+00
 -4.7383370e+00
 -5.6512437e+00
 -3.0702426e+00
  2.2089319e+00
  2.5177214e+00
 -7.8174734e-01
  5.7105575e+00
 -5.7731444e-01
 -1.2254752e+00
  3.4244099e+00
  1.2688231e-01
  9.2444813e-01
 -1.4331017e+00
  2.3388766e-01
  1.5100054e+00
  6.9449830e+00
 -6.1133986e+00
 -2.6922295e+00
 -5.4438610e-02
 -6.6028595e+00
 -1.2241837e+00
  3.8642566e+00
 -5.2142344e+00
 -1.0519007e+01
  1.1642956e+00
  1.4384454e+01
  4.3092680e+00
  2.4714401e+00
  5.3418784e+00
 -1.0939989e+00
  3.2938471e+00
  2.7751791e+00
 -4.3602624e+00
  2.0428726e-01
 -8.4976685e-01
 -6.7302418e+00
 -1.8213366e+00
  6.8205352e+00
 -3.8402739e+00
 -1.5886303e+00
 -2.3270836e+00
 -2.8209677e+00
  2.2868915e-01
 -1.6874505e+00
  3.1767044e+00
 -1.4738133e+00
  5.5990195e-01
  2.1970625e+00
 -5.1199394e-01
  2.3736122e+00
 -1.0491400e+00
  4.3576455e+00
 -6.8769568e-01
  1.6464335e+00
  9.1490233e-01
 -2.0240738e+00
 -6.1256461e+00
 -7.6313167e+00
  1.7915254e+00
  4.8351786e-01
  1.6504755e+00
 -4.3233337e+00
 -3.4675379e+00
 -4.7373800e+00
  5.2163949e+00
 -1.4794060e+00
 -4.4731102e+00
  9.2089874e-01
  1.4458895e+00
 -4.1983721e-01
 -4.0604339e+00
  3.1006842e+00
  6.0840905e-01
 -4.7303572e+00
 -5.1764622e+00
  9.1883278e-01
  1.1950699e+01
  5.5463123e-01
 -8.8200223e-01
 -8.9433193e+00
 -1.5750794e+00
  3.3097456e+00
 -7.8730607e+00
  2.3475735e+00
  4.9681554e+00
  4.3180380e+00
 -3.4294205e+00
  2.1592524e+00
 -9.8093777e+00
 -7.6605716e+00
 -1.5866656e+00
  1.1753309e+00
 -8.0270648e-01
  5.2006955e+00
 -7.0623875e+00
 -2.7394364e+00
  6.4185328e+00
 -7.5063443e-01
  3.4667058e+00
 -1.7578087e+00
  5.7200027e+00
 -2.3649971e+00
  2.9836650e+00
  4.9161950e-01
 -2.6262491e+00
  1.1210388e+00
 -4.2842045e+00
 -3.8107567e+00
 -2.5705605e+00
  3.5755413e+00
  4.0610094e+00
 -6.4376307e+00
  5.4615135e+00
 -6.5547323e+00
 -8.6743345e+00
 -4.3177822e-01
 -9.5623512e+00
 -1.2100112e+00
  2.2244861e+00
  5.9870954e+00
 -2.9717162e+00
 -1.6760099e-01
 -4.4953856e+00
 -5.3888307e+00
 -1.4415991e-01
 -3.8364920e-01
 -5.1718301e-01
 -4.1050968e+00
  3.5834205e-01
  3.4206741e+00
  4.3082678e-01
  1.0282842e+01
  1.6093874e+00
 -4.9213629e+00
 -2.3380339e+00
  4.5674765e-01
 -1.6962198e+00
  2.5587718e+00
 -4.2933884e+00
  3.5055315e+00
  2.0315585e+00
  2.2465360e+00
 -3.1426508e+00
 -5.0622821e-03
 -2.3786976e+00
 -3.9190930e-01
 -2.2826886e+00
 -8.0492318e-02
 -3.7749457e-01
 -2.9091964e+00
 -4.5412242e-01
  2.1713405e+00
 -1.3608022e+00
  4.5390347e-01
  6.1151266e+00
  1.1029521e+01
 -1.7054088e+00
  4.8679395e+00
 -1.9882069e+00
 -1.4618610e-01
 -3.8115711e+00
  4.5282695e-02
  5.8394724e-01
 -6.7556658e+00
 -6.4321365e+00
  3.4165351e+00
  1.1696674e+00
  3.3251109e+00
 -3.6901206e-01
 -1.9036123e+00
  1.5243056e+00
  1.0743272e-01
  1.6207215e+00
  4.3965130e+00
 -2.1847856e+00
 -2.7209301e+00
  3.5256429e+00
 -1.2505285e+00
 -2.4754217e+00
 -4.2553692e+00
  2.0001542e-02
 -5.0059137e+00
 -3.7326548e-01
 -8.9061937e+00
 -1.5620701e+00
  5.9634051e+00
  1.4490279e+00
  4.1612029e+00
 -3.3165069e+00
 -8.1586361e+00
 -5.1592107e+00
  1.7733494e+01
  1.0166723e+01
 -2.7856054e+00
 -2.9179289e+00
 -8.1197649e-01
 -4.2198267e+00
 -2.0327082e+00
 -1.2782495e+00
  4.4063672e-01
 -1.0342963e+00
 -7.2004209e+00
 -4.9774604e+00
 -1.4649749e+00
  3.7756857e-01
 -5.7655430e-01
 -1.1841174e+00
  2.9101722e+00
  2.5868235e+00
  8.6212521e+00
  2.4986656e+00
  7.4548292e-01
  4.7997904e+00
  4.6912605e-01
 -4.9228978e+00
 -3.1017718e+00
 -1.6506099e+00
  5.9522038e+00
 -7.1092725e-01
 -3.8825834e+00
  4.2476625e+00
 -9.6405659e+00
 -1.1545231e+00
 -3.4305337e-01
  3.1577051e+00
 -1.2466687e+00
  1.1599562e-01
  8.2346830e+00
 -6.1297923e-01
  4.7914405e+00
  2.0868044e+00
  3.7631974e+00
 -1.5232542e+00
  9.0450678e+00
 -5.9678273e+00
 -1.3282391e+00
  6.9224267e+00
 -2.9815319e-01
  1.8821310e+00
 -6.6034001e-01
  8.7653124e-01
  3.5111611e+00
  2.4078472e+00
  6.9099319e-01
 -3.1842244e+00
  2.9447386e+00
  3.6041429e+00
 -2.7501125e+00
 -3.2848694e+00
 -3.3527839e-01
  4.6686230e+00
  6.1467683e-01
 -7.1629186e+00
  1.8514857e+00
 -7.1949553e+00
  6.5773754e+00
 -3.5012403e+00
 -5.4695706e+00
  3.5222425e+00
  4.2672167e+00
 -4.0687432e+00
 -5.0732279e-01
  1.8419195e+00
 -3.2786396e+00
  2.5559679e-01
  3.9619141e+00
  2.5721233e+00
  7.0579791e-01
 -2.3647072e+00
  2.2549713e+00
  4.1199536e+00
 -2.6077430e+00
 -2.4646785e+00
  6.5275254e+00
 -6.8349805e+00
  2.3874743e+00
 -1.7617471e+00
  2.5080535e+00
 -2.5289991e+00
  4.5046532e-01
 -1.0927619e+00
 -3.8869131e+00
 -9.9253206e+00
 -3.7355712e-01
  1.2374104e+00
 -6.0805196e-01
 -6.0113993e+00
 -9.2697775e-01
  1.5906348e+00
 -2.0267909e+00
  2.8375194e+00
 -1.8146138e+00
  3.0028710e-01
 -2.0918136e+00
  2.2059805e+00
  8.8819993e-01
  3.0036387e+00
 -2.1245902e+00
 -2.0834033e+00
  4.7991557e+00
  1.8264421e+00
 -1.2235645e+00
 -1.4465516e+00
 -3.0727184e+00
 -3.2204630e+00
 -4.9830371e-01
 -1.2451770e+00
 -7.0726007e-01
 -2.5300958e+00
 -1.8113861e+00
 -1.4644696e+00
  4.0594274e-01
 -2.4832098e+00
  4.0424762e+00
  6.1646050e-01
  1.9306666e+00
 -1.5013943e+00
 -1.5765351e-01
 -2.3416756e-01
 -1.3290796e+00
  1.6330232e-01
  4.7781941e-01
  1.5419199e+00
 -4.6532974e-01
  1.8964503e+00
 -5.0151396e-01
  1.2272882e+00
  5.3581554e-01
 -1.8808576e+00
  3.5790613e-01
  2.6299236e+00
 -6.9490278e-01
 -3.7932166e-01
 -1.0560002e+00
  4.3021178e-01
  2.5205654e-01
  1.9414388e+00
 -1.4497006e+00
  1.2737738e+00
 -7.9704350e-01
 -1.2890038e+00
  1.1609578e-01
 -4.3750060e-01
  3.5441372e+00
 -1.7442905e+00
  3.2524221e+00
 -1.6161146e+00
  2.0054345e+00
 -1.3192763e+00
  1.2278965e+00
  4.6505861e+00
  2.4699845e+00
  8.2415609e+00
 -1.0657589e+00
 -1.2406363e+00
 -1.5892764e+00
 -7.3874688e-01
  2.9500937e+00
 -1.9809445e+00
  8.9207582e+00
  3.1880164e+00
 -7.4156928e+00
 -3.4840575e-01
  3.4380350e+00
 -3.7686868e+00
  1.4797122e+00
  3.0401659e+00
  3.6897566e+00
 -1.9770671e+00
  3.5798699e-02
  2.1811826e+00
  1.6295259e+00
  8.8183838e-01
 -2.5844359e-01
  2.5746253e+00
  6.4790626e+00
  3.4031777e+00
 -1.7521704e+00
 -3.3148267e+00
 -1.5965123e+00
 -4.3748488e+00
  2.7841582e+00
  4.7084160e+00
  1.8778070e+00
 -3.3224454e+00
  1.7066066e+00
  1.5912739e+00
  4.6267896e+00
 -7.0755930e+00
 -6.0321107e+00
  1.7321652e+00
 -5.3634650e-01
 -5.4367018e+00
  1.8751136e+00
 -7.7037716e-01
 -7.5398960e+00
  1.9746312e+00
  4.5386386e+00
  2.8849873e-01
  3.4368703e+00
  3.5538869e+00
 -2.5177202e+00
  4.0511659e-01
  1.5607781e+00
  4.6248231e+00
 -9.4073038e+00
  6.8318496e+00
  7.1990700e+00
  8.9037746e-02
 -8.0521077e-01
  2.9185945e-01
  1.3533338e+00
  7.1312585e+00
  4.6998161e-01
 -4.6898919e-01
 -2.2687876e-01
 -5.6693095e-01
 -2.2053690e+00
  4.6042386e-01
  5.1493912e+00
  3.4289026e+00
  1.5733880e+00
  2.0264640e+00
  5.8449416e+00
 -2.2995043e-01
 -6.6187339e+00
  1.0043608e+00
 -7.7113776e+00
 -1.9006903e-01
 -2.5555818e+00
  2.6358780e-01
 -1.0763820e+00
  3.3849490e+00
 -1.1132541e+00
 -3.8639820e+00
 -9.7438508e-01
  1.3375083e+00
  1.2780485e+00
  7.3398671e+00
  3.2837906e+00
  5.1249409e-01
 -3.4636796e+00
  2.1528087e+00
  3.7039764e+00
  2.8365040e-01
 -3.9768994e+00
 -4.1640830e-01
  1.6018974e+00
  3.5318301e+00
  1.2291576e+00
 -5.3102630e-01
  1.0053710e+01
 -1.9831821e+00
  4.2259378e+00
 -1.5344955e+00
  4.7026262e+00
  3.9705141e+00
  1.8079746e-01
 -6.8455129e+00
 -1.4934750e+00
 -2.5892470e+00
 -3.0304027e+00
  2.9271824e+00
 -1.4833298e+00
  4.4476008e+00
 -1.8290161e+00
 -4.1034117e+00
  1.6310345e+00
 -6.4918180e+00
  1.1841738e+00
  8.3459038e-01
 -3.7728877e+00
  1.3037020e+00
 -3.0140657e+00
 -8.8325828e-01
 -1.4883336e+00
 -4.2224674e+00
  8.7161350e+00
  2.7815869e+00
  1.8553011e+00
  3.0740774e+00
  2.0247076e-01
 -6.1638647e-01
 -1.0807515e+00
 -1.2726666e+01
  8.3630180e+00
 -1.8273590e+01
 -3.2379241e+00
  1.3480406e+01
 -5.1937056e-01
 -1.2882084e+01
  1.0813416e+00
  3.9982655e+00
 -9.9876509e+00
 -3.3701212e+00
 -6.4751744e+00
  5.2146354e+00
  3.6360443e+00
  8.0209345e-02
  8.4181941e-01
 -2.7490342e+00
 -2.3680082e-02
  7.2901325e+00
  1.9800038e+00
  1.7356117e+00
  1.3337766e+00
  1.7763475e-01
 -1.9709293e+00
 -2.4423907e+00
 -5.6574899e-01
 -2.9325852e+00
 -8.1946754e+00
 -1.2056298e+00
  5.5187116e+00
 -4.3514500e+00
 -5.7821174e+00
 -1.9261189e+00
  1.7143658e+00
 -3.4183741e+00
  3.4553297e+00
  3.3188024e+00
 -3.5665560e+00
 -8.4952278e+00
  2.8832502e+00
 -2.3410687e+00
 -2.2975616e+00
  4.5101614e+00
 -4.5403433e+00
 -1.1250440e+00
 -9.0340176e+00
 -6.5781844e-01
  3.6012228e+00
 -2.6146600e-01
 -3.0773911e+00
  2.4678607e+00
  7.6218600e+00
  3.8792479e+00
  1.2021878e+00
  4.0635853e+00
 -1.4106405e+00
  3.7665689e+00
  1.3824356e+01
  1.0025486e-01
  3.6759243e+00
  3.5268145e+00
  3.3190217e+00
 -6.4267635e+00
 -9.1789837e+00
  1.0539242e+00
  2.4753981e+00
 -3.2349513e+00
 -9.7391546e-01
  9.3442669e+00
 -5.4129248e+00
  1.8114158e+00
  9.5226393e+00
  2.4332356e+00
  1.4060543e+00
  6.1140716e-01
  1.4205585e+00
 -8.4585685e-01
 -9.0943837e-01
 -1.1070527e+00
 -2.8910227e+00
  1.9290203e-01
 -1.5851471e+00
  1.6383750e+00
 -3.8895953e+00
  2.5398841e+00
  1.0713314e+00
 -3.6216991e+00
 -2.8530910e+00
 -1.0414621e+00
  2.1294202e-01
  3.4742644e+00
  2.4122882e+00
  1.4125518e+00
  1.7184125e+00
  9.9839125e+00
  3.7995523e-01
 -3.3968170e+00
  5.3052872e-01
  2.1941886e+00
 -1.9049691e-02
 -6.1017108e-01
 -3.9078789e+00
 -4.9739814e+00
 -2.6377079e+00
  2.6946348e-01
  2.3915839e-01
  5.2439551e+00
  3.0272381e+00
  3.7102594e+00
  1.0470392e+00
 -5.6480441e+00
 -3.9657001e+00
 -8.5590291e-01
 -1.0456818e+01
  8.7003076e-01
  2.4415655e+00
  5.2670689e+00
 -4.5767501e-01
  1.7653806e+00
 -4.0320807e+00
 -3.9276717e+00
  1.7857807e+00
 -6.2283099e-01
 -4.9760599e+00
  5.0331721e+00
 -5.6868404e-02
 -2.5478323e+00
 -6.3863754e+00
 -3.1211257e-01
 -1.4104980e+01
  5.1911098e-01
  4.1218667e+00
 -2.4297009e+00
 -3.6391432e+00
 -5.7023244e+00
  9.7163194e-01
  1.9089140e+00
 -1.0330878e+00
  1.8138551e+00
 -5.2350853e-03
  5.1303806e+00
  1.8214173e+00
 -2.2067420e+00
 -6.1518216e+00
 -1.9924612e+00
 -4.3744130e+00
 -6.0489821e-01
  3.3252003e+00
 -1.1551781e+00
 -1.9850221e+00
  2.7723107e+00
 -4.6683702e+00
  5.8102226e+00
 -2.4306533e+00
 -3.8294134e+00
  1.7306652e+00
  4.7628942e+00
 -4.5320549e+00
  5.8757120e-01
 -1.1772692e+00
 -6.3530231e-01
 -2.8764483e-01
  1.4980688e+00
 -4.1318488e+00
 -5.9818882e-01
 -4.1271176e+00
 -1.4787228e-01
 -4.1936121e+00
  3.2539015e+00
  3.0907321e+00
 -3.9620623e-01
  1.6192619e+00
 -6.1608472e+00
 -9.7726822e-01
 -4.0961094e+00
  7.8721280e+00
 -1.0887721e+00
 -8.0905020e-01
 -5.6305252e-02
  3.0431330e+00
  1.9225001e+00
  9.2959827e-01
 -1.8139603e+00
  1.2166994e+00
 -4.8078671e+00
 -2.1761336e+00
 -2.5584795e+00
  3.3811337e-01
 -1.3496112e+00
 -5.8027631e-01
  2.5178763e-01
  1.0909394e+00
  2.5318401e+00
  2.1770055e+00
  3.5813830e+00
 -6.1816388e-01
 -7.7725134e+00
 -8.1873977e-01
  4.9032736e+00
  4.7399626e+00
  2.9749396e+00
 -1.0567642e+00
  4.7184711e+00
  4.0281668e+00
  3.4696274e+00
 -1.2280309e+00
 -3.7252045e+00
  1.0480429e+00
  3.3058197e+00
 -3.0407363e-01
  9.6209675e-01
  6.6932745e+00
  2.0521216e+00
 -8.7308874e+00
 -6.4537281e-01
  3.7975979e+00
 -4.5389113e-01
 -2.5084949e+00
 -1.0879757e+01
  3.4506273e+00
 -3.5185344e+00
  2.2724037e+00
 -2.7702417e+00
 -8.0031770e-01
 -9.1051321e+00
  3.9230075e-01
 -5.8393497e+00
  4.3626394e+00
  1.6918507e+00
 -1.3212708e+00
  2.9853294e+00
  1.6253290e+00
 -2.4813180e+00
  4.0769172e+00
 -3.4319541e+00
 -5.1586204e+00
  1.8692241e+00
  5.8499459e-02
  1.4425139e+00
 -1.1303917e-01
 -8.0166149e-01
  6.5077243e+00
 -3.2943497e+00
  8.2709378e-01
 -3.4596753e+00
  2.5403798e+00
  6.5440023e-01
 -3.0635524e+00
 -7.2341853e-01
 -2.7135891e-01
  7.9326236e-01
 -1.6236964e+00
  1.7449147e+00
 -5.9163346e+00
 -2.1056116e+00
 -6.8142834e+00
 -7.4441562e+00
  2.1180084e+00
  5.8841133e+00
 -2.7651830e+00
  2.3407829e+00
 -3.1400418e+00
  3.8645259e-01
  8.1300300e-01
 -1.8257307e+00
  1.7825826e+00
 -1.4780251e+00
  5.3892124e-01
 -3.8024800e+00
 -2.9314115e+00
 -4.1417292e-01
 -1.1320544e+01
 -4.5269284e-01
  3.0564461e+00
  3.7550976e+00
  3.7228217e+00
 -7.8966045e-01
 -5.9025626e+00
  9.1665767e-02
 -8.8508511e+00
 -2.5996361e+00
  2.0706546e+00
 -6.5072994e+00
  1.3498360e+00
 -7.5153768e-01
  4.9677410e+00
 -9.4049196e+00
 -3.7536891e+00
 -6.6797185e+00
 -8.2859600e-01
  6.7702287e-01
  2.6099119e+00
 -2.3381009e+00
  1.1096159e+00
 -1.4460888e+00
  3.5723088e+00
  1.0876794e+00
 -2.4701656e-01
  5.6507695e-01
  2.2288773e+00
 -8.5897899e-01
 -5.3527603e+00
  9.7325497e+00
 -1.6263580e+00
 -9.9676162e-01
 -1.2798187e-01
 -3.3282187e+00
 -1.4641616e-01
 -7.7931371e+00
 -4.5718737e+00
  5.8230705e+00
  3.6677551e-01
  5.4687214e-01
 -4.3520966e+00
 -1.2161484e+00
  4.5855030e-02
 -4.8289752e+00
 -1.0761024e+01
 -6.0627037e-01
  2.4207745e+00
  1.3008370e+00
 -3.6778646e+00
 -2.6595318e-01
 -2.3134172e+00
 -3.2623224e+00
 -1.6709710e+00
  3.5765312e+00
 -1.6671206e+00
 -1.6158937e+00
 -1.4625511e+00
  4.3736086e+00
 -1.2624960e-01
  3.6837029e+00
  5.3149838e+00
 -3.1330326e+00
  4.3728209e+00
 -3.2799368e+00
 -4.0696702e+00
  3.6718488e-01
 -3.8333371e+00
  1.5964345e+00
  3.4441037e+00
 -7.1126499e+00
 -1.2895181e+00
  4.1162071e+00
  2.3782523e+00
  1.4652029e+00
  6.5126860e-01
 -2.5830007e+00
  8.1182110e-01
 -8.5159600e-01
  4.0456212e-01
  6.6166842e-01
  4.7267589e-01
  9.3279052e-01
 -2.1075647e-01
 -1.5066175e+00
 -8.3290428e-02
 -1.8280576e+00
  2.4782270e-01
  2.6777014e-01
  2.0090692e-01
 -7.1282327e-01
  8.4606737e-02
 -6.6129392e-01
 -4.0615559e-01
  2.4089918e+00
  5.1791096e-01
 -1.2838274e+00
  7.6139426e-01
  1.7586721e+00
 -6.0606009e-01
 -9.4036996e-02
  1.3294659e+00
  1.3105100e+00
 -2.5344872e-01
 -4.7897118e-01
  2.4659259e+00
  8.5027939e-01
  3.2019809e-01
 -3.2033517e+00
 -5.2317061e-02
  6.0550570e-01
  1.6291320e+00
 -2.3390169e-01
 -6.9221401e-01
 -6.7601401e-01
 -1.4001118e+00
  8.6609066e-01
  2.4007394e+00
 -9.1042149e-01
 -8.2107437e-01
 -5.7467908e-01
  6.6225326e-01
  4.0323660e-01
  2.4468906e-01
  4.5380750e-01
 -6.5769458e-01
 -1.5746448e+00
  2.4207403e-01
 -5.0704628e-01
 -2.6575390e-01
  2.8062654e-01
  1.8437673e-01
  1.2293048e+00
 -5.9079900e-02
 -7.2467130e-01
  2.2228801e+00
 -9.5882148e-01
  7.5769782e-01
 -7.5365514e-02
  5.9577227e-02
  2.6548882e+00
  8.5826647e-01
 -4.1483885e-01
 -1.6992130e+00
 -2.4550359e+00
  1.0512414e+01
 -8.8025892e-01
 -2.2546706e+00
 -1.8978127e+00
  3.7361598e+00
  6.2432995e+00
  1.4908644e+00
 -2.9929018e+00
 -2.3661287e+00
  5.8795981e+00
  1.7194291e+00
 -2.1463172e+00
  2.3523462e+00
 -5.2351875e+00
 -2.1600428e+00
 -2.3050022e+00
  2.6481903e+00
 -4.5948321e-01
 -1.9729286e+00
 -2.2548411e+00
 -1.3042499e+00
  4.6252208e+00
 -7.9696947e-01
 -7.3137689e+00
  5.2478113e+00
 -1.7923243e+00
  8.7834376e-01
 -5.1276703e+00
  5.1368484e+00
 -1.6973417e+00
 -1.2946577e+00
  6.0300703e+00
  9.1473562e-01
  4.0815997e+00
 -2.8888898e+00
  1.1230463e+01
 -3.2728689e+00
  3.5670140e-01
 -8.2020712e+00
 -7.4009242e+00
  2.4576399e+00
  3.8061342e+00
  2.5889351e+00
 -6.7823052e-01
 -5.1367211e-01
 -2.0847833e+00
 -1.4248471e-01
  1.3707471e+00
  1.8172642e+00
 -4.4134685e-01
  5.3481507e+00
 -1.2105031e+00
 -1.6380557e+00
  2.3805666e+00
 -1.7233090e+00
 -2.8661175e+00
  2.5869637e+00
 -8.1257552e-01
  2.2033997e+00
 -1.0726353e+00
 -5.9843683e-01
  2.1984823e+00
 -2.5704062e-01
  7.6107675e-01
  1.2289675e-01
  2.0437441e+00
 -3.6647701e+00
 -5.8040255e-01
 -1.9818614e-01
  9.6838337e-01
  5.9934006e+00
 -4.0709662e+00
 -4.9321699e-01
 -4.6584215e+00
 -2.3841891e+00
  4.2728491e+00
  2.3319733e+00
  9.8831034e+00
 -8.0596743e+00
 -9.6033249e+00
 -5.5379403e-01
 -3.3742108e+00
  3.1332570e-01
 -4.4938073e+00
 -6.6968555e+00
  5.6375737e+00
 -1.1476849e+00
  2.9783111e+00
  1.2448984e+00
  9.6509612e-01
  7.0221667e+00
  1.1505527e-02
 -2.4049861e+00
  3.9641747e+00
 -5.4068989e-01
  2.1443601e+00
 -6.4794288e+00
  5.3581011e-02
  2.3142998e+00
  8.6486286e-01
 -1.9371004e+00
 -7.2356496e+00
  5.9331861e+00
 -1.3250203e+00
  4.3104138e+00
 -2.9916027e+00
  3.8631103e+00
  1.3518888e+00
  3.6018791e+00
 -9.0350704e+00
  1.2130161e-01
  3.9875810e+00
  2.7394297e+00
  4.3216319e+00
 -1.5531173e-01
  2.1668324e+00
  3.2256629e+00
  1.1489668e+00
 -7.6764375e-01
 -2.0513349e+00
  2.3759766e+00
  6.5550417e-02
  1.0059534e+00
 -2.6401561e-01
  1.4313087e+00
 -7.9460025e-01
  5.0229201e+00
  5.1237884e+00
  2.2415164e+00
  2.4116244e+00
 -2.0253994e+00
  8.5496634e-01
 -8.5583843e-02
  1.0857294e+00
  7.9300413e+00
  9.6769371e+00
 -8.1206665e+00
 -1.9947690e+00
 -2.3208892e+00
 -5.5503440e+00
 -2.0992832e+00
  1.9437071e+00
 -8.9693213e-01
 -7.7660108e+00
  5.1685429e+00
  1.2691485e+00
 -2.8638916e+00
 -5.0131953e-01
  2.3898788e-01
 -9.9299842e-01
  5.3197956e-03
  4.3797043e-01
 -1.1424631e+00
 -1.1455686e+00
  1.4855149e+00
 -2.0788035e+00
  5.7984143e-01
 -3.2703954e-01
 -3.1250656e+00
  2.2228575e+00
 -1.8356656e-01
  5.5303395e-01
 -1.8495302e-01
 -1.1291955e-01
 -2.4126680e+00
  3.5888379e+00
 -3.2855604e+00
  6.3408560e-01
 -1.6252973e+00
 -2.0852704e+00
  2.8952029e+00
  1.8544656e+00
  4.1411322e-01
  1.5806421e+00
  5.3952914e-01
  4.1664767e-01
 -3.8097067e+00
 -2.6635401e+00
  1.8467176e+00
  1.1651280e+00
  1.2641661e+00
  3.1045160e+00
 -3.1633601e-01
  5.8237791e-01
 -2.5119352e-01
 -5.6055655e+00
  1.6034983e+00
  1.8389323e+00
  1.2792057e+00
 -1.5525545e+00
  1.6561617e+00
 -1.6223598e+00
  9.5101929e+00
  7.1934156e+00
  9.0234739e-01
  6.0376997e+00
 -5.3597007e+00
 -2.3758955e+00
  3.7307520e+00
  1.8207258e+00
  5.2678719e+00
 -5.5489410e-02
 -3.5246563e+00
 -3.6396894e+00
  4.5293546e+00
 -3.9121607e-01
  2.0181255e+00
  1.1559436e+00
 -4.1879096e+00
 -4.4114602e-01
 -6.2857121e-01
 -3.5350766e+00
 -1.9095895e+00
 -5.5343223e+00
  8.1542892e+00
 -6.1627283e+00
 -2.0865457e+00
 -1.6897907e+00
 -4.8030990e-01
  8.3867331e+00
  2.6742883e+00
  1.3931632e+00
 -5.4731951e+00
 -9.9952173e+00
 -9.8942673e-01
  8.4877329e+00
  2.3868799e+00
 -3.3728738e+00
 -1.4034131e+01
  6.7228465e+00
  1.3812807e+00
  1.9388368e+00
 -9.0055540e-02
 -5.5333648e-02
 -1.7744759e+00
  2.1859877e+00
 -3.0445728e+00
 -2.2552063e+00
  2.6042371e+00
  4.2910500e+00
  8.9826310e-01
 -1.5901067e+00
 -9.6009785e-01
  4.1287884e-01
 -1.6087334e-01
  3.0712113e+00
  1.8152620e+00
 -4.8610649e+00
 -2.9850791e+00
 -2.0568058e+00
  1.8584856e-01
 -3.3747559e+00
 -1.1364493e+00
  3.4558630e+00
  1.6653718e+00
  5.3313184e+00
  1.3848654e+00
 -3.4638066e+00
 -1.1712867e+00
 -6.7791122e-01
  1.7086618e+01
 -4.7606440e+00
  6.4899683e-01
 -9.4720018e-01
 -1.5811927e+00
  6.5692949e-01
 -7.7449794e+00
  4.6365671e+00
 -2.2758937e+00
 -2.0587852e+00
 -1.1424129e+00
  2.9164765e+00
 -2.5298862e+00
 -6.5779614e+00
 -2.2694809e+00
 -8.8114846e-01
  2.5094659e+00
 -1.1050799e+01
 -3.3006110e+00
  6.7501602e+00
  1.5402206e+00
 -9.3773270e+00
  1.3836559e+00
 -1.0326892e+00
  9.0628195e-01
  1.6264782e+00
 -1.6471730e+00
  5.7229285e+00
  4.3633089e+00
  3.3956280e-01
  1.7185941e+00
  1.8693086e+00
  3.9155402e+00
 -2.3353727e-01
 -6.6999106e+00
 -3.5851734e+00
 -1.3206435e+00
  5.9795171e-01
  3.1928260e+00
 -6.2796550e+00
  6.2302046e+00
 -7.4270687e+00
 -7.1811378e-01
 -4.1054883e+00
 -9.5386612e-01
  1.6664108e+00
  3.5965192e+00
  9.0372896e+00
 -7.8140430e+00
  8.2500696e-01
 -2.2734251e+00
  2.6573122e+00
 -2.7293260e+00
 -3.2180798e+00
 -5.6365746e-01
  7.5531238e-01
 -5.9306149e+00
  1.7507085e-01
  2.3293831e+00
 -1.0154575e+00
 -2.8211887e+00
  4.2062190e-01
  5.8095890e-01
  5.8171654e+00
 -1.7144997e+00
 -3.6596878e+00
  6.2816558e+00
 -1.1029897e+01
 -2.3370311e+00
 -1.9069279e+00
 -8.6074162e+00
 -3.2736485e+00
  2.5339429e+00
  6.2436664e-01
  7.7507081e+00
  1.0353777e+01
 -6.8669093e-01
 -2.4539714e+00
  3.9991579e+00
  3.4365404e+00
 -4.0057187e+00
 -1.9513444e+00
  4.3151787e-01
  3.1919105e+00
  1.6941787e+00
  4.2345910e+00
  1.2549819e+00
  1.4565710e+00
  1.4157385e+00
 -2.9485848e+00
  1.5414426e+00
 -2.9165311e+00
  5.7447243e+00
  1.1479564e+00
  5.8002768e+00
 -4.1838583e-01
  1.0590551e+00
  1.7338295e+00
  4.6549730e+00
  4.0842891e+00
 -2.4097500e+00
  7.7594727e-01
  3.4254045e+00
  2.1897326e+00
 -2.7231162e+00
  1.0772355e-01
 -1.4263275e+00
 -4.5920253e+00
  6.4996920e+00
 -3.7334314e-01
  1.5406924e+00
 -4.3652267e+00
  1.7645365e+00
  2.6838853e+00
  5.4866505e+00
 -1.2646754e+00
 -1.9179979e-02
  2.5886171e+00
 -9.4691114e+00
 -1.7824937e+00
  3.7615240e+00
 -2.0896556e+00
  7.1135797e-02
  5.3568263e+00
  1.0207271e+01
  8.2945824e+00
  1.1792409e+00
  6.7092104e+00
  1.3561054e+00
  3.3600085e+00
 -2.3540807e-01
  2.3130422e+00
  2.2364931e+00
 -1.0106679e+00
 -3.0876653e+00
 -5.9110589e+00
  2.2460611e+00
  1.5092945e-01
 -1.7954443e+00
  9.2932528e-01
  5.7022643e-01
  1.3995937e+00
  8.2874700e-02
  3.1285343e+00
  6.2832570e-01
 -3.8679841e-01
 -2.2013462e+00
 -4.6213889e+00
  1.1143004e-01
  2.5634000e+00
 -2.5145562e+00
 -8.2859230e+00
  1.0653403e+00
  8.3815670e+00
 -4.4616423e+00
  3.4252658e+00
  1.8121251e+00
 -1.3472291e+00
 -6.7130270e+00
 -3.7554686e+00
  4.2717605e+00
 -1.3775729e+00
  3.8542795e+00
  1.3750360e+00
 -1.3476951e+00
 -5.8798032e+00
 -6.3452911e+00
  4.7980753e-01
 -1.0570587e+01
  5.5707705e-01
  6.7792952e-01
 -2.3413148e+00
  2.2336984e+00
 -1.4579546e+00
  9.7575074e-01
 -1.4242998e+01
 -8.4794748e-01
 -3.4398947e+00
 -3.8668847e-01
  8.8823500e+00
 -1.6607675e-01
  1.4432348e+00
 -3.7476904e+00
 -2.2450664e+00
  1.1670979e+00
  4.1113329e+00
 -1.0366577e+00
 -2.7664194e+00
  1.2670941e+00
  3.8372660e+00
  6.1473389e+00
  1.4033124e+00
 -7.8343391e-01
 -6.4155608e-01
 -2.3075016e-01
  3.5334402e-01
 -2.0024087e-01
 -7.1565430e-03
 -1.0661668e+00
 -1.8069192e+00
  3.9011878e-01
  1.5271906e+00
 -2.2004645e+00
 -3.1493294e-01
  2.8581476e+00
 -6.6310376e-01
 -1.0760077e+01
  6.5474403e-01
 -3.0655506e-01
 -3.5522168e+00
  4.1706748e+00
  2.9102480e+00
  1.3978487e+00
 -1.4186325e+01
 -2.1533017e+00
 -1.0349833e+00
 -3.3403554e+00
  2.8701937e+00
  1.0580572e+00
  1.6766457e-01
 -2.0780087e+01
  1.4191964e+00
  8.4182918e-01
 -1.2663062e+01
  4.1646552e+00
  4.7710056e+00
  1.3880430e+00
 -3.3490993e+01
  3.3898899e-01
 -1.7010139e+00
 -4.1189724e-01
  8.1756568e-01
  5.2183801e-01
  5.3667841e+00
  3.9112978e+00
  6.7909265e+00
 -1.5879117e+01
 -9.4483930e-01
  4.1290121e+00
  8.6887064e+00
  8.3664141e+00
  2.2481461e+00
 -7.2091351e+00
 -1.7675164e+00
 -2.8462300e-01
  2.8229907e-01
  1.1233517e+00
  1.0284952e+00
 -1.5727538e+00
  3.8300226e+00
  7.0187867e-01
  1.4458904e+00
 -1.1263002e-01
 -4.0055852e+00
  1.5572914e-01
  1.6712868e+00
  1.1199027e-01
  1.4410498e+00
 -8.7385732e-01
  6.4636761e-01
  2.4178612e+00
 -6.2005558e+00
  1.4849356e-01
 -1.2011868e+00
 -8.3194268e-01
 -5.5145562e-01
  4.7504830e+00
  6.1752086e+00
 -1.6747949e+00
 -3.6438346e+00
  1.3022245e+00
 -3.3101034e+00
  3.5160346e+00
  1.2738233e+00
  4.7442260e+00
 -1.4849566e+00
 -1.5549109e+00
 -2.1664593e+00
  1.2884030e+00
  3.7208290e+00
 -3.6617439e+00
 -6.6604190e+00
  1.8914059e+00
  4.6493632e-01
 -2.1869371e+00
  5.3586853e-01
 -6.0121733e-01
 -5.3493195e+00
  3.8600492e+00
 -3.6110561e+00
 -3.1955543e+00
  1.9770771e+00
 -3.0416024e+00
  2.9231532e+00
  1.0271526e+01
 -6.5306697e+00
  1.4729894e+01
  1.1051310e+00
  2.4132004e+00
 -3.4572051e+00
  6.7022514e-01
  3.0562000e+00
  3.4593282e+00
 -2.0547010e-01
 -1.1369734e+01
 -7.5272769e-01
  2.8816852e-01
 -4.6001105e+00
  2.7473528e+00
  5.5110974e+00
  3.8152239e+00
  2.0326838e+00
 -6.7712629e-01
  2.5107737e+00
  7.2953725e+00
 -1.5523797e+00
 -1.7454283e+00
 -7.7892365e+00
 -3.8680750e-01
  4.2103200e+00
 -1.4129652e+00
  2.3646042e+00
 -1.2878724e+00
  1.6494721e+00
 -1.9294848e+00
  4.4348617e+00
  2.5321429e+00
  1.2791978e+00
  2.4779427e+00
 -7.5989647e+00
  1.3719460e+00
 -1.9025941e+00
 -6.9636559e+00
  2.1177044e+00
 -7.3659509e-01
 -6.3242869e+00
 -5.9958353e+00
 -1.7298061e+00
 -6.3321252e+00
 -3.8156579e+00
 -4.8973422e+00
 -3.5851090e+00
 -1.6547112e+00
 -9.4595778e-01
 -1.6471163e+00
  5.0573742e-01
 -9.5929497e-01
  3.8306375e+00
  1.2157193e+00
 -1.5179464e+00
 -7.3359942e-01
 -1.3805144e+00
 -6.7635842e-02
 -1.0429374e+00
 -8.0566244e+00
  2.5300999e+00
 -8.7614374e+00
  5.0696974e+00
 -2.4376452e+00
  5.9032974e+00
  9.9817649e-02
  6.6871705e+00
 -4.8395118e-01
  5.6013995e-01
 -6.4035821e+00
  9.2207295e-01
 -5.7292371e+00
 -3.8820443e-01
 -1.3331512e+00
  4.5070629e+00
 -5.5415602e+00
  6.2782030e+00
  3.1463935e+00
 -5.3870149e+00
 -8.1721193e-01
  5.9255486e+00
 -1.0484533e+01
  7.2107095e-01
 -4.3193340e+00
 -6.7878228e-01
 -1.1267709e+00
  1.9669933e+00
 -3.3635736e+00
  5.1144352e+00
 -2.3612198e-01
  2.0013299e+00
 -3.8252957e+00
  9.4845686e+00
 -1.0036519e+00
  1.6560447e+00
 -6.3136978e+00
  3.5676062e+00
 -1.6845288e+00
  6.0765707e-01
 -3.4961712e+00
  1.9308504e+00
 -3.3987985e+00
 -1.7825562e+00
  3.7901390e+00
  3.7274596e-01
  6.8124819e-01
  5.3484387e+00
  2.0467637e+00
  9.0528059e-01
 -1.4411546e+00
  5.8186334e-01
  4.9756977e-01
 -1.8845893e+00
 -2.4272978e+00
  9.0007377e-01
  1.3565549e+00
  1.8116021e+00
 -9.4576955e-01
 -5.7725139e+00
 -7.8675234e-01
 -9.1347569e-01
 -3.0256408e-01
  9.6372223e+00
  1.3371786e+00
 -2.2653344e+00
 -4.7144408e+00
 -3.7332668e+00
  5.7651085e-01
  1.1425780e+00
  6.9462252e-01
 -2.1540551e-01
 -5.4520230e+00
 -6.8183832e+00
 -5.5477047e-01
  1.0380117e+01
 -7.3240304e+00
  2.6367574e+00
  1.5310001e+00
 -1.2949915e-03
  4.1522747e-01
 -4.2671599e+00
 -1.0118632e+00
  1.6814737e+00
 -3.5582879e+00
  2.2041819e+00
  8.4329218e-01
 -3.3751733e+00
 -4.6146088e+00
  1.6885725e+00
  6.0290208e+00
 -5.6316662e+00
 -1.3979195e+00
 -8.0549866e-02
  4.8287148e+00
  4.5967126e+00
 -3.4359548e+00
  9.0949249e+00
  2.5446720e+00
  6.9697952e+00
 -3.3261776e+00
  4.5618121e-02
  9.2524469e-01
  2.9041073e+00
 -4.9803467e+00
 -1.9432794e+00
 -1.5839533e+00
  1.1308988e+00
  9.8761189e-01
  3.2159750e+00
 -5.7373357e+00
  2.6087830e+00
  1.5289856e+00
 -2.9191504e+00
  4.1374907e+00
 -9.3775207e-01
 -6.7305608e+00
 -9.4907465e+00
 -4.0376896e-01
 -4.3091455e+00
  1.7668318e+00
  1.0645734e+00
  6.0793024e-01
  2.3080583e+00
  3.3158870e+00
  7.2465098e-01
 -2.3121390e+00
 -2.3482711e+00
 -3.8747647e+00
  9.5225248e+00
  2.3722565e+00
  5.5398405e-01
 -2.3530309e+00
  4.1780443e+00
  1.4448147e+00
  4.2990046e+00
 -6.2882171e+00
 -1.9204593e+00
  2.2098346e+00
  1.3194511e+01
 -2.2594848e-01
  4.5176854e+00
 -6.2081122e+00
  2.3714952e+00
  6.5732712e-01
  3.8954360e+00
  4.2047782e+00
  7.5110097e+00
 -3.6462028e+00
 -5.4858813e+00
 -1.6140214e+00
  3.9584470e+00
  1.7330273e+00
 -2.4845369e+00
 -4.2256064e+00
 -8.9397326e+00
  3.6674817e+00
 -4.5222777e-01
  2.0236931e+00
 -7.1946716e-01
 -1.0984476e+00
  1.1575944e+00
  2.0489635e+00
  4.3860269e+00
 -4.3695502e+00
 -6.0646868e-01
 -6.3344914e-01
 -7.1791325e+00
 -6.6795640e+00
  5.8327723e-01
 -2.4688337e+00
  2.4419211e-01
 -3.5987804e+00
  1.9457843e+00
  6.8895155e-01
 -4.0461059e+00
  8.6433458e-01
 -5.2488093e+00
  1.0365398e+00
  5.3259482e+00
 -2.2063453e-02
 -3.7571051e+00
 -1.5477784e+00
 -2.3286982e+00
 -1.2690101e+00
 -1.8030275e+00
  2.7282224e+00
 -6.5792960e-01
 -2.2879064e-01
  2.8794892e+00
  7.4882239e-01
 -1.1440434e+01
  3.9289329e+00
 -8.7682581e-01
 -3.9833835e-01
 -1.1387402e-01
 -3.2270920e+00
  4.6544199e+00
  2.2080634e+00
 -4.1865244e+00
  4.6279427e-02
 -3.8263958e+00
 -6.6669641e+00
  5.7441921e+00
  7.4249988e+00
 -4.9992256e+00
  4.5839558e+00
 -3.1852677e+00
  5.4311743e+00
  2.1982238e+00
 -1.1196440e+01
  4.7808954e-01
  3.4839985e+00
  4.8945856e-01
 -2.8150085e-01
 -2.1528957e+00
  7.0527315e+00
 -6.8768868e+00
  1.1488090e+01
 -7.7331653e+00
 -4.8055806e+00
 -2.8966482e+00
 -1.1601897e+00
  4.9098210e+00
  6.1099643e-01
 -8.7300807e-01
  2.8103428e+00
  7.3300576e+00
 -4.5637016e+00
  1.8450688e+00
 -1.6381090e+00
 -3.0345204e+00
  4.2402825e+00
 -2.9967031e+00
  1.1082937e+00
 -2.3127289e+00
  4.3691263e+00
  5.5375886e+00
  3.4988949e+00
 -2.9603693e+00
 -3.3740454e+00
  3.2291641e+00
 -2.1617498e+00
 -4.3194714e+00
 -5.9926953e+00
  1.4502640e-01
 -3.5652761e+00
 -5.6820220e-01
  1.1717576e+00
 -1.1105808e+00
 -9.2797989e-01
  2.6935012e+00
 -9.6123701e-01
 -3.4359543e+00
 -6.9709368e-02
  7.9537153e-01
  3.6123402e+00
 -4.9317768e-01
 -1.1619542e+00
  1.6781503e+00
  1.7399755e+01
 -1.9173345e-01
  1.9719142e+00
  2.2562726e+00
 -3.8920717e+00
  1.4900571e+00
  1.9433318e+00
  1.9068327e+01
 -2.1792116e+00
  3.8731112e+00
  2.2963917e+01
  6.5403075e+00
 -3.7262983e+00
  2.3255225e-01
 -7.8718406e-01
  4.7895403e+00
 -2.8694329e+00
  1.1201005e+01
  3.6537714e+00
 -1.2306987e+00
  8.7557274e-01
  2.9935558e+01
 -2.5259807e+00
  1.9205292e+01
  5.5388254e-01
  8.8276081e+00
 -4.5576839e+00
  4.4285354e-01
 -6.4401345e+00
 -7.4832720e-01
  1.7096047e+00
  1.0351372e+00
  5.5694189e+00
  8.3815753e-01
  3.5830448e+00
  2.2003477e+00
  3.4478016e+00
 -1.4608390e+00
 -1.1407698e+00
 -1.0279026e+00
  2.0648781e-03
  2.3707978e-01
 -5.5749279e-01
 -1.5933959e+00
 -2.2385588e+00
 -1.9584093e+00
  1.2187225e+00
  9.5174617e-01
 -2.6331815e-01
 -3.9363358e+00
 -4.4245820e+00
 -2.3422713e+00
 -1.8563408e+00
 -1.7711703e+00
  1.0572711e+00
 -4.0506896e-01
 -5.1493115e+00
  7.8560370e-01
  2.2521577e+00
  1.1206257e+00
 -1.9249406e-01
  1.9422181e+00
  1.1205486e+00
 -3.6443467e+00
 -1.8304490e+00
  1.0237709e+00
 -7.7686586e+00
  2.7995548e-01
  6.3691270e-01
  5.0723964e-01
 -5.9565687e-01
  8.9139833e+00
  3.2610245e+00
  4.5431738e+00
 -2.4055414e+00
 -7.4952984e-01
  4.5285463e+00
 -1.7327740e+00
 -8.8792607e-02
 -6.3549423e-01
 -6.1338601e+00
 -8.6483139e-01
  1.0829903e+00
  2.4818726e+00
  2.0411551e-01
  1.0082883e+00
  5.2729917e+00
  3.3018661e+00
  3.5906420e+00
  4.2397819e+00
 -9.8163834e+00
  4.4526849e+00
 -4.5568004e+00
 -3.2549591e+00
 -7.7992473e+00
 -5.4201655e+00
 -4.0271968e-02
 -1.3147278e+00
 -1.1839703e+00
  2.2015776e-01
  1.7328984e+00
  4.5992351e+00
  3.4577661e+00
 -6.2048283e+00
  6.6981406e+00
  5.6719642e+00
  3.2224417e+00
 -5.8141670e+00
  1.1135140e+01
 -5.9004087e-02
  3.7005632e+00
 -4.3326616e+00
  3.9217734e-01
  1.9740614e+00
 -6.4619613e+00
  1.1690391e+00
  1.3031064e+00
 -3.4960701e+00
 -3.5447772e+00
  4.2659636e+00
  5.6091297e-01
  9.2448300e-01
  8.2878608e-01
 -1.6957666e+00
 -1.3213058e+00
 -2.1139979e+00
  1.4011445e+00
 -9.5827740e-01
 -8.6976528e-02
  6.0762205e+00
 -1.4443400e-02
  5.1362281e+00
  3.1547248e+00
  5.2007284e+00
 -1.1767445e+00
  7.3027498e-01
 -5.7989421e+00
 -3.1996098e+00
 -1.1506596e+01
  1.0527238e+00
  1.3690910e+00
  3.8477966e-01
 -4.8619065e+00
  1.4797027e+00
  2.8020751e+00
 -5.8982950e-01
  2.4280493e+00
 -2.8002813e+00
  3.2689855e+00
 -1.5165297e+00
 -5.3336172e+00
 -9.3547869e-01
 -3.0997019e+00
 -4.3869982e+00
  2.6764019e+00
 -1.8509320e+00
  1.8216498e-01
 -8.3057079e+00
 -4.3549973e-01
 -2.6893830e-01
 -4.6692348e-01
  3.8112509e-01
  7.9737496e+00
 -5.7444086e+00
 -3.8440433e-01
  5.0992885e+00
 -2.4146233e+00
  6.9175129e+00
  3.3411715e+00
  2.6288345e+00
  2.1585686e+00
 -3.7453008e-01
 -1.8930416e+00
  7.1929779e+00
 -9.2018738e+00
  1.0414340e+00
  6.7778726e+00
  3.5996869e+00
  9.2270076e-01
 -1.2530777e-01
  6.9163013e-01
  1.1657171e-02
  3.0730586e-03
  1.4884425e+00
 -1.3345482e+00
 -8.2261314e+00
  4.0424576e+00
 -8.8072357e+00
  1.9461373e+00
  3.8828282e+00
 -6.5833158e+00
 -3.7627008e+00
  1.6406310e+00
  4.5376139e+00
 -5.0830960e-01
 -4.8640904e+00
 -6.7230493e-01
 -1.9762180e+00
 -4.8106727e-01
 -7.4511808e-01
 -2.4211144e+00
 -4.7867379e+00
  2.0737925e-01
 -4.5839891e+00
  3.0524403e-01
 -2.1420388e+00
  8.5936129e-01
 -7.7455473e-01
  1.9601032e+00
 -3.9080138e+00
 -9.3136711e+00
  4.4399662e+00
 -5.0881586e+00
 -4.4717274e+00
  3.7028317e+00
  2.0197711e+00
  2.9319079e+00
  4.5184484e+00
  6.3739455e-01
 -2.2716596e+00
 -2.5649750e+00
 -3.6037278e+00
  9.8816414e+00
 -1.8267751e+00
 -3.3828197e+00
 -3.7836008e+00
  4.4178119e+00
 -5.4717798e+00
  4.8627744e+00
 -1.6873442e+00
 -9.7805977e+00
 -2.4873753e+00
 -4.2110801e+00
  6.6683149e-01
  6.9049722e-01
 -2.0241063e+00
  7.3302346e-01
 -8.5820866e-01
  1.8168761e+00
 -5.7549725e+00
  2.8054884e-01
  7.8704876e-01
  6.5981698e+00
  9.4000316e-01
 -1.9733603e+00
  4.6343228e-01
 -3.7763374e+00
  1.0610327e+01
 -9.2370188e-01
 -5.3362331e+00
  2.6833000e+00
 -4.8766980e-01
  4.0068531e+00
 -1.6623865e+00
 -6.3221345e+00
  4.9847312e+00
 -3.5635402e+00
 -4.8648748e-01
 -4.2364950e+00
  2.5579143e+00
 -3.3407311e+00
  8.3132868e+00
  3.2844708e+00
  2.6272631e+00
 -1.5299568e+00
  2.7091198e+00
 -2.8214805e+00
  4.5148678e+00
  3.4844596e+00
  8.9349562e-01
 -4.0234513e+00
  8.0155104e-01
 -1.2965175e+00
 -6.6866345e+00
 -2.4701169e+00
 -8.3608322e+00
 -1.4725275e-01
  7.3398627e-02
 -5.8290452e-01
 -2.2985446e+00
  2.9082272e+00
  6.6452813e+00
  7.3290288e-01
 -2.4430697e-01
 -1.8205873e+00
  1.5917143e+00
 -1.8516200e+00
  7.7670652e-01
 -1.3995235e+00
 -8.5319912e-01
  4.4066997e+00
  2.6722491e-02
 -9.5301169e-01
 -4.1344962e+00
 -7.2579050e-01
 -1.9344028e-02
 -1.9247560e-01
  1.2020875e+00
  2.7530150e+00
 -1.6671370e+00
 -4.8713241e+00
 -2.6172128e-01
  2.6461244e+00
  4.0053449e+00
  3.1594431e+00
 -2.3751762e+00
 -5.5065365e+00
 -1.4550424e+00
 -5.7053232e+00
  1.9905643e+00
  5.7557912e+00
  1.0060711e+00
 -4.1831245e+00
  2.0897098e+00
  1.1737002e+00
 -3.0313578e-01
  2.6511898e+00
 -9.9248105e-01
 -3.3216327e-01
 -6.9755664e+00
  4.4148818e-01
  5.3660619e-01
 -3.2773137e+00
  1.2015484e+01
  2.8990002e+00
  2.0999730e+00
 -2.6376669e+00
 -3.4038923e+00
  2.0049982e+00
 -4.2339730e+00
 -1.1305592e+00
 -1.0487869e+00
 -2.8262930e+00
 -3.6955993e+00
  2.0972147e+00
  2.4059395e-01
 -1.8257402e+00
 -5.5456233e+00
 -1.8075082e+00
  2.5531197e+00
 -3.9725866e+00
 -2.4857259e+00
  1.1368417e+01
  1.9419515e+00
  1.4491587e+00
 -6.5702505e+00
  1.9022160e+00
 -6.2309676e-01
  2.8379629e+00
  1.9517912e+00
  9.5199480e+00
  2.9197416e+00
 -8.3880490e-01
 -5.9964519e+00
  3.1819134e+00
 -7.1754322e+00
 -6.5463753e+00
  1.6821404e-01
 -5.9984720e-01
 -8.5646515e+00
 -2.0370719e+00
  9.6335545e+00
  3.1424661e+00
  6.0796914e+00
  1.2038796e+00
  4.6646028e+00
 -1.9982153e-01
  2.4173917e-01
 -7.1831569e-02
 -2.4431949e+00
 -8.7275702e-01
  2.5477254e+00
  4.5733447e+00
 -4.0983453e+00
 -3.3934402e+00
  7.2569823e+00
 -3.8560953e+00
 -1.3855249e+01
 -3.0442255e+00
  4.9577799e+00
  4.6282225e+00
  5.9803116e-01
  3.4961293e+00
 -1.4217738e+00
 -2.8314457e+00
 -5.7873793e+00
 -3.8356349e-01
  1.8547676e+00
  3.3217204e+00
 -3.7294698e+00
  2.6303508e+00
 -2.8111703e+00
 -2.1877427e+00
  5.3446603e+00
 -2.0032904e+00
 -1.0927534e+00
 -1.1224675e+00
  1.0941585e+00
 -2.0122285e-01
 -4.9790678e+00
 -6.6911411e-01
  1.2160878e+00
 -1.7635815e+00
 -6.4308629e+00
 -2.9170647e+00
 -9.9442291e+00
 -8.1705332e+00
 -1.7998545e+00
  7.2609115e+00
 -5.4076371e+00
 -8.2541332e+00
  6.4832759e+00
 -2.0955915e+00
 -6.7830229e+00
  4.1419830e+00
  5.8200326e+00
 -2.7181530e+00
 -1.0599817e+01
 -1.7503583e+00
  2.2164209e+00
 -1.3583095e+00
 -3.0786660e+00
  3.5423017e+00
  4.0272360e+00
 -8.7262573e+00
 -6.1674290e+00
 -8.8122797e-01
 -7.9396067e+00
 -6.2762105e-01
 -6.8484229e-01
  8.2360053e-01
 -5.5746436e+00
 -3.3665192e+00
  1.3103954e+00
  1.1996953e+01
 -1.8563889e+00
 -9.4545239e-01
 -1.3406599e+00
 -9.2936296e+00
  2.4230957e+00
 -7.9458314e-01
 -5.9848702e-01
  2.0118964e+00
 -2.2809389e+00
  1.4209080e+00
 -1.0533762e+00
  2.3632614e-01
  4.3186722e+00
 -2.9094903e+00
 -2.7981379e+00
 -7.4649377e+00
 -6.4248543e+00
 -1.8378340e+00
  6.5376067e+00
  7.9476649e-01
  2.7375526e+00
  6.0773540e-01
  4.0898004e-01
 -5.2363410e+00
 -3.5189993e+00
  2.7712065e-01
 -5.3461046e+00
  2.2258079e+00
  5.8759171e-01
 -5.3916826e+00
 -1.4856988e+00
  2.2722054e+00
 -1.8158498e+00
  6.3525897e-01
 -1.0165434e+01
  5.5884409e+00
  4.4430614e+00
  3.8001724e-03
  3.6638337e-01
 -1.1431073e+00
 -4.7597871e+00
  1.4417961e+00
 -3.1186566e+00
  2.8738635e+00
 -1.6063833e+00
  1.6579589e+00
  1.7819095e+00
  3.3741987e-01
  8.4813366e+00
 -1.2013785e+00
 -6.9575639e+00
  2.4313674e+00
  2.2743375e+00
 -6.7600155e-01
 -2.0500083e+00
 -2.0793617e-01
 -7.0879459e+00
 -3.8402934e+00
 -6.4854980e+00
 -1.5428457e+00
  1.3510990e-01
  9.1580944e+00
 -4.7963085e+00
  2.5870025e+00
 -3.7367806e-02
  4.5094500e+00
  7.2944653e-01
 -3.0032420e+00
 -2.0985572e+00
 -5.7402620e+00
  8.0857390e-01
 -2.5101264e+00
 -4.0258632e+00
 -1.4916120e+01
  4.5716162e+00
 -6.5951905e+00
 -4.0391994e+00
 -3.1240327e+00
  3.7852183e-01
  2.5034752e+00
  1.7144781e+00
  4.4197679e-02
 -4.6180744e+00
 -1.4916616e-02
 -2.8831851e+00
 -1.9003109e+00
 -4.9235015e+00
 -2.6524308e+00
  1.3152866e+00
 -9.4872618e+00
 -7.0407815e+00
  1.9377058e+00
 -2.6328149e+00
 -3.0390744e+00
 -3.7500337e-01
  1.4405941e+00
  6.5080562e+00
  2.0935826e+00
 -3.3725090e+00
  2.0006278e-01
 -5.5382218e+00
 -2.2357905e+00
 -2.2326480e-01
  9.6160688e+00
 -4.2013296e-01
 -9.3795907e-01
 -3.5426202e+00
  5.9841266e+00
 -2.2344167e+00
 -6.9505911e+00
 -1.2155911e+00
 -3.0044205e+00
  2.0692258e+00
 -2.8497036e+00
 -4.9680239e-01
 -4.2182250e+00
 -3.7195208e+00
 -2.2583246e+00
 -4.2227464e+00
 -1.5288976e+00
 -1.9087257e+00
  8.3531103e+00
  2.2220833e+00
 -4.3605024e-01
 -1.8632528e+00
  3.5603064e-01
  1.1556878e+00
 -9.5137148e+00
  9.6543941e+00
 -3.4530396e+00
  2.7781596e+00
 -6.3017411e+00
 -2.2552423e+00
 -5.4073734e+00
 -1.0859711e+01
  5.4283547e-01
  7.4679823e+00
 -4.1228981e+00
 -1.5264665e+00
  5.0316839e+00
 -1.9563627e-01
  1.4488801e+01
 -9.3310066e-02
 -1.6906233e+01
 -1.9503314e+00
  2.1167896e+00
 -1.1051465e+00
 -4.4103312e+00
  2.0609961e+00
 -8.4033102e-01
  2.4931693e+00
 -8.4652185e-01
  3.2121835e+00
  4.8002410e+00
  1.5960406e+00
 -1.3835271e+01
 -4.3308306e+00
  7.4387426e+00
  8.3126354e+00
  2.9254880e+00
  3.8405066e+00
  3.5202306e-02
  1.1706111e+00
 -2.7405431e+00
  3.2124597e-01
 -8.6070102e-01
 -1.7612057e-02
 -1.9300796e+00
  1.6264243e-01
 -2.4538534e+00
 -5.1488364e-01
 -6.5351218e-01
  2.4875562e+00
 -7.6302929e+00
 -1.1443656e+01
  3.1031215e-01
  7.7870205e-02
 -8.7061071e+00
 -4.7363424e+00
  6.5497380e-01
 -1.2121790e+01
 -6.2984657e+00
 -3.6345885e+00
  3.3761621e+00
 -4.1900973e+00
 -7.6641231e+00
  3.3485603e-02
 -7.3050518e+00
 -5.0262985e+00
 -5.2859921e+00
  2.9612186e+00
 -1.9133989e+01
  2.4979618e+00
 -2.0695975e+00
 -2.7064075e+00
  2.0011749e+00
 -5.7927938e+00
  1.3697019e+00
 -4.4006314e+00
 -1.5397966e+00
  1.0173048e-01
 -8.1201010e+00
 -4.0305939e-01
 -8.4378300e+00
 -3.1826899e+00
  7.5980625e+00
  6.3165269e+00
  3.6806045e+00
 -5.5754888e-01
  3.0142908e+00
  1.6444069e+00
  5.7729058e-02
  1.7888560e+00
  3.1063120e+00
 -5.0597119e+00
 -6.0763464e+00
  3.5062659e+00
 -1.5215360e+00
 -3.8213041e+00
 -6.6633825e+00
 -5.7794955e-02
 -6.8326283e+00
 -5.4193978e+00
 -2.3964536e+00
 -7.5524613e-02
 -6.4963102e-02
 -7.8937882e-01
  2.5379565e+00
  5.4786491e-01
 -9.9730009e-01
 -4.3534594e+00
  6.5376482e+00
  2.4947982e+00
 -6.3666549e+00
 -4.2862239e+00
  3.5087330e+00
 -2.0514536e+00
  4.5899539e+00
 -5.6334267e+00
  3.2783467e-01
 -3.3204029e+00
  4.0970922e+00
 -2.1896796e+00
  4.7456274e+00
  2.5953308e-01
 -3.4403086e-01
  1.3290764e+00
  5.9158611e-01
 -1.6913424e+00
 -3.5524690e-01
  2.4239757e+00
  3.3914170e+00
 -5.4099898e+00
  3.7296395e+00
 -6.5493069e+00
  1.3361322e+00
  6.9667512e-01
 -7.2259599e-01
 -7.3539561e-01
 -3.4625185e+00
 -1.6126424e+00
  3.6353781e+00
 -6.7487879e+00
 -5.2370143e-01
 -1.2450156e-01
 -1.5285908e+00
  1.4068801e+00
 -1.4425954e+00
 -2.1998802e-01
 -2.6169803e+00
  9.6112095e-02
 -4.9884045e-01
 -1.0682963e+00
 -2.2338581e+00
 -2.2208250e+00
  2.9230032e+00
 -1.1106740e-01
  7.0894866e+00
  1.8648705e-01
  2.4893692e+00
  4.0060992e+00
  9.1620755e-01
 -1.9365594e+00
 -1.8863018e-01
  6.5947187e-01
 -1.3556833e+00
 -3.0081770e-01
 -2.1899157e+00
 -8.4457278e-01
 -8.7458514e-02
  4.0658245e+00
  2.4544487e+00
  2.1909013e+00
  1.1706829e+00
  2.7970907e-01
 -3.1202781e+00
  1.6468183e+00
  9.7568531e+00
  1.0730851e+01
  3.3402662e+00
  1.6417116e-01
 -4.8884525e+00
 -2.3953082e-01
  4.5326881e+00
 -1.6417265e-01
  1.2127139e+01
 -3.3740540e+00
 -8.9560137e+00
 -2.1880596e+00
  5.0529492e-01
 -2.6551290e+00
 -1.3373874e+00
  6.9521346e+00
 -1.2186248e+00
  6.4323459e+00
 -1.4726026e+00
  2.1044278e-01
 -7.1012759e+00
  8.2267189e-01
  1.7726262e+00
 -1.4507847e+00
  2.1266787e-01
 -5.6203594e+00
  4.0725532e+00
  4.6338145e-02
 -2.0123847e+00
  2.2821100e+00
  4.0108204e+00
 -3.5199139e+00
  5.1916251e+00
  6.8191606e-01
 -4.0114832e+00
 -3.4029102e-01
  1.7803603e+00
 -7.5382912e-01
 -2.4891887e+00
 -9.2727578e-01
 -2.2488770e+00
  1.4194810e+00
 -2.1542139e+00
  2.4037921e+00
 -3.7450635e+00
  3.0572650e+00
  3.1064424e-01
  2.6667836e+00
 -3.7374263e+00
 -2.0091596e-01
  3.4728949e+00
  7.1449990e+00
 -6.0731678e+00
  2.1249738e+00
 -3.6049449e-01
  1.3869874e+00
  6.2415630e-01
 -9.6077108e-01
 -1.4436533e+00
 -3.1162443e+00
  1.5810175e+00
  7.8426695e-01
  9.8416072e-01
 -4.5187378e-01
  2.3425753e+00
 -2.9358270e+00
  3.1196554e+00
  2.1519146e+00
  1.2016852e+00
 -2.1884832e+00
 -4.8235402e+00
  2.8263538e+00
  9.6189982e-01
 -2.0690324e+00
 -1.4066328e-02
  2.1162429e+00
  2.3628321e+00
 -4.9783757e-01
  8.1004068e-02
 -6.5881360e-01
 -2.2848184e+00
 -1.9173012e+00
  1.8695664e+00
 -1.5411392e+00
  2.0818973e+00
  9.8771174e-03
  1.0823487e+00
  4.9134383e+00
 -1.3378395e+00
  7.6155752e-01
 -1.0258152e+00
  3.0608040e-01
 -3.7665055e+00
  8.8393438e-01
 -3.9287510e+00
  1.0166519e+00
  1.1414376e+00
 -7.3424023e-01
  2.5758660e+00
 -2.1020925e+00
  4.7523088e+00
 -1.4207579e+00
  3.5928993e+00
  6.1114278e+00
  6.0390997e+00
 -1.0542322e+00
  8.6869294e-04
 -4.3735843e+00
 -5.1411982e+00
  4.7478223e+00
 -2.1769595e+00
 -1.5989202e+00
 -4.7112722e+00
 -3.5169334e+00
  5.5552173e+00
 -3.2070885e+00
 -9.1584959e+00
  6.7378993e+00
  4.8248858e+00
  1.7689008e-01
 -7.1404028e+00
  4.5002751e+00
 -1.4865664e+00
 -7.8027849e+00
  4.2225952e+00
  2.6027775e+00
  2.6085725e+00
 -1.3633737e+01
 -4.6275549e+00
 -5.3987765e+00
  8.2953358e+00
  5.7721627e-03
 -5.4442652e-02
  2.3237426e+00
  2.8024650e-01
 -1.0754803e+01
 -7.1571940e-01
  3.0929453e+00
 -1.0862146e+01
 -6.1345714e-01
  9.2731935e-01
  4.8958621e+00
  3.3440058e+00
 -1.6506662e+00
 -8.8231173e+00
  3.7661703e+00
 -8.0701995e-01
  3.5711899e+00
 -6.3421555e+00
  5.3292508e+00
 -4.4112196e+00
 -4.4944572e+00
 -6.8690598e-01
 -3.4862711e+00
 -7.9781909e+00
  1.2133304e+00
 -4.3322372e+00
  1.4519575e+00
 -8.7571268e+00
 -1.5680872e+00
 -1.1620635e+01
  3.8696418e+00
 -2.6932740e+00
  1.7400994e+00
 -2.3397818e+00
 -2.6010256e+00
  2.6873920e+00
  1.2920109e+00
  7.8947964e+00
 -4.8566737e+00
 -1.3132149e+01
  4.8525476e+00
 -3.1547756e+00
 -8.5164946e-01
  1.2911257e+00
  2.6514790e+00
  1.6448653e+00
  6.3670295e-01
 -2.5575726e+00
 -1.3478578e+00
  2.0011799e+00
 -6.5579038e+00
  7.9160625e-01
  3.9282501e+00
 -4.5124445e+00
 -6.7283809e-01
  2.7270796e+00
  5.1619661e-01
 -3.4088736e+00
  1.4420245e+01
  1.8383224e+00
 -5.0789380e+00
  4.8519659e+00
 -1.3297899e+00
  1.1055129e+01
 -2.4321671e+00
 -2.1665382e-01
  1.4081180e+01
 -9.9260062e-02
 -6.0403805e+00
 -5.5333328e+00
  6.2221088e+00
  4.3965645e+00
  3.0411983e+00
  2.7032142e+00
 -1.8067612e-01
  2.7547541e+00
  3.3611081e+00
  3.7890306e+00
 -1.4653605e+00
  2.5614190e+00
 -6.7269301e+00
  4.2722945e+00
  9.0000618e-01
  5.7929701e-01
  1.4966555e-01
 -4.0958090e+00
  3.8670984e-01
 -6.7834371e-01
 -4.6297712e+00
 -2.8462756e-01
 -2.9355698e+00
  1.1321518e+00
 -8.5103500e-01
  4.9636054e+00
  4.1983771e+00
 -1.1640011e+00
 -1.1163677e+00
  4.8068213e-01
  2.5823194e-01
 -4.1466722e+00
  7.4849242e-01
 -1.1506392e+00
  8.7929261e-01
  5.9865484e+00
  7.5885501e+00
 -3.3370772e-01
 -1.4566720e+00
 -2.0889308e+00
  5.6988363e+00
 -4.7608461e+00
 -5.2515326e+00
 -2.0185790e+00
  2.0818584e+00
  4.3136997e+00
  6.3789570e-01
  2.7146971e+00
  1.5603427e+00
 -1.4936922e+00
  6.4793425e+00
  1.4429636e+00
  7.9571599e-01
  1.8057427e+00
  2.4055409e+00
 -9.8019290e-01
  1.1008190e+01
  1.0489028e+01
 -1.2262522e-01
 -4.2719240e+00
  7.5530295e+00
  2.3479655e+00
 -1.5916208e+00
  2.4567516e+00
  2.5730371e-01
 -1.7956487e+00
  3.3369346e+00
 -4.5075927e+00
  4.0241733e+00
 -1.7886655e+00
 -7.7296662e-01
  2.7887459e+00
 -4.3087029e+00
  3.3754358e-01
  3.5562444e+00
 -1.2045674e+00
 -3.0271771e+00
 -1.3388958e+00
  1.9357175e+00
 -9.6847236e-01
  1.6889887e+00
  7.6024300e-01
 -6.7085028e+00
  5.7290990e-02
 -1.1120430e+00
  8.3853179e-01
 -2.2686250e+00
  1.1966056e+00
  1.6779302e+00
  1.7607009e+00
 -4.1060543e+00
 -2.2756405e-01
 -1.5878491e-02
  2.4278484e-01
  4.0189142e+00
  3.2173948e+00
  4.2645344e-01
 -1.7124676e+00
 -2.2713733e+00
 -2.4039485e+00
 -3.0423040e+00
  7.6926225e-01
  7.3962479e+00
 -3.5075918e-02
 -2.5782213e-01
  2.3629165e+00
 -1.8295515e+00
  6.0311522e+00
 -4.7605672e+00
  6.1269751e+00
  5.1190305e-01
  4.5442361e-01
  7.9491884e-01
  1.1596929e+00
  7.3504925e+00
  4.8137519e-01
  3.3319612e+00
 -6.4980278e+00
 -9.0169114e-01
 -5.4148040e+00
 -3.5941916e+00
 -1.1367690e+01
 -7.9994208e-01
 -5.6734028e+00
 -2.2767960e+01
 -7.1632066e+00
 -7.7071726e-01
  5.7864964e-01
 -1.9118623e+00
  5.5104456e+00
 -1.2734017e+01
 -1.5302049e+00
 -3.4864572e-01
  4.5159378e+00
  3.9164193e+00
  7.2700679e-01
  4.4079251e+00
  6.5256876e-01
  5.8629012e+00
 -1.6950631e+00
  1.9196543e+00
  2.0912075e-02
 -4.7179618e+00
 -1.7204400e+00
 -9.4641905e+00
 -2.4880862e+00
  1.3245875e+00
 -1.3426270e+00
 -3.7459147e+00
  2.6931264e+00
 -1.4894710e-01
 -1.9854553e+00
 -5.6873899e+00
 -5.8457202e-01
  4.4388343e-02
  2.1364334e+00
  2.9125400e+00
  4.6956701e+00
  3.2596905e+00
  3.0837175e-01
  8.0049400e+00
 -7.2486963e+00
  5.2117115e-01
  7.9992328e+00
  3.1572127e+00
  4.9126272e+00
  2.8773537e+00
 -2.2440526e+00
  2.0710378e+00
 -4.9054661e+00
 -1.2749901e+00
  4.3948040e+00
 -9.0192308e+00
 -2.0825179e+00
  2.7210970e+00
  3.9434969e+00
  7.4502325e-01
 -2.3172789e+00
 -5.6017295e-02
 -6.3826174e-01
  9.7960186e+00
 -8.1650467e+00
 -7.2060356e+00
  1.2654426e+00
 -6.5229301e+00
  3.4462993e+00
  3.3580959e-01
 -3.1873860e+00
  3.3694670e+00
  3.7496443e+00
  5.6511106e+00
  5.5539904e+00
  2.9355807e+00
  1.8948119e+00
  5.6777573e-01
  1.0159470e+00
  3.5336983e+00
 -2.6011305e+00
 -6.1530323e+00
  3.6784918e+00
 -4.6817913e+00
  2.2618635e+00
 -2.7353191e+00
  1.3428103e+00
 -3.1050575e+00
 -6.2140794e+00
  5.6064868e+00
  3.9979274e+00
 -3.3448422e+00
 -6.1360198e-01
 -4.7881427e+00
 -3.7789199e-01
 -1.9252892e+00
  3.2751138e+00
  2.1516616e+00
 -2.1620011e+00
 -1.5422181e+00
 -5.8516502e+00
  3.5380864e+00
  2.9776263e+00
 -7.3148389e+00
 -5.4130954e-01
  1.2855487e+00
 -2.2996621e+00
 -1.8152876e+00
 -8.8861388e-01
 -8.0222073e+00
 -7.3921901e-01
  3.9263768e+00
 -1.4593643e-01
  2.1216750e+00
  3.2125092e+00
  1.2887872e+00
 -9.0057027e-01
 -2.6143942e+00
  7.3753750e-01
 -1.2830226e+00
  2.2673976e+00
 -4.7145629e+00
  1.5216331e+00
 -5.0028806e+00
 -3.2655683e+00
 -3.3434672e+00
 -2.1638515e+00
  2.5564682e-01
 -6.9325358e-01
  1.6182694e-01
 -3.1567526e+00
  1.9973068e+00
 -3.0187157e-01
  8.6183918e-01
  4.0682707e+00
 -5.2516375e+00
 -3.9575486e+00
 -4.7490215e+00
  4.1215858e+00
  3.9012975e-01
  2.5620997e+00
  4.4583235e+00
 -1.4746258e+00
  9.3184252e+00
 -1.1178439e+01
  9.3686861e-01
 -2.7788892e+00
  1.6715626e+00
 -5.4235435e+00
 -4.9417992e+00
  9.0989453e-01
  2.2094774e+00
 -5.9253395e-01
  7.0170245e+00
 -7.8529148e+00
 -1.1147013e+01
  3.6315319e-01
 -1.7462329e+00
  1.4022801e+00
  5.3712411e+00
  9.7661867e+00
  2.0815160e+00
 -8.3848053e-01
 -2.4418268e+00
  4.2720246e-01
  3.6042192e+00
 -9.9203384e-01
  6.5232801e-01
 -1.4096709e+00
 -1.9123901e+00
 -1.5706952e+00
  1.6570728e+00
  2.1914493e-01
  2.9974704e+00
 -3.2717462e+00
 -1.1141914e+00
  4.3106246e-01
 -6.2669677e-01
  7.6595025e+00
 -9.7530861e+00
  3.6496114e-02
  1.4078518e+00
  2.8792760e+00
 -1.1908698e+00
 -2.7188115e+00
  5.0139618e+00
  2.0644951e+00
 -3.1018486e+00
 -6.8763208e+00
  3.3515294e+00
 -5.1914515e+00
  1.5386961e-01
 -2.4788678e+00
 -2.3916881e+00
 -1.5035872e+00
 -1.0200805e+01
 -6.7555881e+00
  1.9605609e+00
  8.9957724e+00
 -1.8237682e-01
 -2.5935044e+00
 -2.9857724e+00
 -8.3808794e+00
  6.7047138e+00
  6.1186461e+00
 -1.3676434e+00
  2.4201713e+00
  2.1974170e+00
  2.3825400e+00
 -5.3005737e-01
  3.1192821e-01
  2.1144071e+00
  2.5723946e+00
  3.9673576e-01
  1.0690850e+01
 -3.4044106e+00
  4.9747825e-01
 -8.0313015e+00
  2.4206045e-01
  2.6939297e+00
  2.8463218e+00
  2.0589309e+00
 -4.5635527e-01
  1.9068474e+00
 -5.8844209e+00
  1.1528821e-01
 -1.1208837e+01
  3.9210424e+00
 -1.3182226e+00
 -8.5944015e-01
 -4.0400642e-01
 -1.4630497e+00
 -4.9856677e+00
 -1.7979171e+00
  8.4374380e-01
  7.7018981e+00
  4.3872027e+00
  2.9059319e+00
  8.2816929e-01
  1.0866446e-01
  8.5604496e+00
 -1.1950364e+00
 -1.4540400e+01
 -5.0923820e+00
  4.3620813e-01
  2.4155042e-01
  1.3799648e+00
 -4.7905618e-01
  1.6980025e+00
  1.6408885e+00
 -1.0110847e+00
  5.2636371e+00
  3.8583522e+00
 -2.6019437e+00
  2.8724079e+00
  3.4669831e+00
  1.4032089e+00
  7.6711905e-01
 -2.9715104e+00
  5.0665073e+00
  1.4987788e+00
 -1.3634873e+01
  1.7597239e+00
  6.4858327e+00
 -1.8169374e+00
 -1.9883347e+00
  1.7608833e-01
 -1.8554337e+00
  3.5010731e+00
  2.8136330e+00
  6.5515809e+00
 -4.4797593e-01
 -2.5921717e-01
  5.6829586e+00
  6.4252591e+00
 -1.8145564e+00
  9.5819783e-01
 -3.1349924e+00
  1.2063149e+00
 -4.5431123e+00
 -2.9880269e+00
  1.6003968e+00
  2.8902698e+00
 -4.7111231e-01
  5.1991946e-01
  4.1647758e+00
  4.6564717e+00
  2.0324600e+00
 -7.9601431e+00
  2.5495890e-01
 -3.2379453e+00
 -4.7772956e+00
 -2.0256259e+00
 -3.5581142e-02
  2.1785133e+00
  1.8820260e+00
  2.5062355e-01
 -5.9980574e+00
  9.4798241e+00
 -1.1694567e+01
  6.9685817e-01
 -3.6250374e+00
 -1.2492421e+00
  4.9030786e+00
 -8.0272026e+00
 -2.8606694e+00
  1.8771876e+00
  3.3445556e-02
  2.4102302e+00
  1.3486165e+00
 -7.7832443e-01
 -3.7820950e+00
  5.6347060e+00
 -9.4742626e-01
 -4.7675524e+00
 -1.5924103e+00
  2.8753037e+00
  9.2322856e-01
  1.3172220e+00
 -2.1618268e+00
  1.7297441e+00
  1.1454837e+00
  9.5033569e+00
  3.0727654e+00
  9.5756537e-01
  5.0029454e+00
  1.0810635e+00
 -7.9235625e-01
  1.2156527e+00
  1.8813722e+00
 -6.1446152e+00
  8.3617067e+00
 -4.3049312e+00
  4.6244998e+00
 -2.5602310e+00
 -3.2060201e+00
  6.2394986e+00
  6.0420237e+00
  7.7683730e+00
  1.0511394e+00
 -1.2323533e+00
 -3.9490561e+00
 -3.2648554e+00
  2.1258495e+00
 -3.8131640e+00
 -9.6291704e+00
 -3.4718394e+00
 -7.6891601e-01
  5.0368443e+00
  2.2372067e+00
  5.2371659e+00
 -2.2004290e+00
  1.9453721e+00
  9.9813042e+00
 -2.5789542e+00
 -2.5504532e+00
  3.6149843e+00
 -5.0117707e+00
  4.4664464e+00
 -1.4634215e+00
  2.9114988e+00
  5.7042772e-01
 -1.5378915e+00
 -7.4553430e-02
  5.1533303e+00
 -8.9477342e-01
 -5.0852914e+00
  6.6013104e-01
 -2.1106722e+00
  1.4831707e+01
 -5.7360921e+00
  5.2592616e+00
 -3.4189310e+00
  6.3392782e+00
 -2.2962537e+00
 -7.2069842e-01
  2.4961977e+00
  2.1541381e-01
 -6.6652554e-01
 -4.4020739e+00
  4.4758391e+00
  4.8481636e+00
  1.4279881e+00
 -1.4799176e+00
  5.0237479e+00
  6.3720503e+00
 -5.2210407e+00
 -5.3138480e+00
 -1.5281807e+00
 -2.5417006e+00
  1.3185169e+00
 -7.4721539e-01
  1.4952669e+00
  2.0916965e+00
  1.4500482e+00
 -1.4804472e+00
  1.3642561e+00
 -1.0353565e-01
 -2.2676359e-01
  5.4395909e+00
  6.2020588e+00
 -4.0040808e+00
 -7.5152578e+00
  1.3918839e-01
  5.3717866e+00
 -1.5265825e-01
  6.0470229e-01
 -3.8303089e+00
  8.3032475e+00
  1.9596483e+00
 -4.9153166e+00
 -5.2263112e+00
 -3.4844463e+00
  2.4027071e+00
 -4.4999886e+00
  1.0532233e+00
  1.1354633e+01
 -1.0773436e-01
 -1.2020817e+00
  5.2438636e+00
  2.1063012e-01
  1.1228178e-01
  1.6133660e+00
  4.7105412e+00
  9.5514721e-01
 -5.4944859e+00
 -2.2239914e+00
 -3.1500688e+00
 -4.0684175e-01
 -8.0698338e+00
  7.3999138e+00
  2.3022952e+00
 -2.3846536e+00
  2.9753473e+00
 -4.8245077e+00
  2.5192189e+00
 -1.1172225e+00
 -2.1280813e+00
  2.6672151e+00
 -4.4966650e+00
  2.6883595e+00
  1.6796398e+00
  1.1690565e+00
 -8.8713160e+00
 -2.1009486e+00
 -8.7712586e-01
 -1.6011474e+00
 -4.0678725e+00
  4.8256412e+00
  3.5137233e-01
 -1.9992112e+00
  1.0519741e-01
 -2.2801368e-01
  2.5213933e-01
  1.3474932e+00
  3.0880876e+00
 -7.2195239e+00
 -1.3266344e+01
  2.5953448e+00
 -3.6146846e+00
 -6.0293636e+00
  6.2190561e+00
 -4.3715606e+00
  5.1588182e+00
  6.0396833e+00
  3.8627436e+00
  3.3007016e+00
  1.0770603e-01
  4.8894069e-01
  7.0582815e-02
  1.2638937e+00
 -3.1152046e-01
  4.5737323e-01
  6.2986863e-01
  1.5372366e+00
  2.6838869e-01
 -1.0717623e-01
  4.3949211e-01
  2.1933021e-01
  1.0572919e+00
 -9.7977990e-01
 -1.0078398e+00
  4.0035889e-01
  7.5674969e-01
  1.6096889e+00
  6.2111920e-01
 -2.0293699e-01
  1.2303764e+00
  1.7463648e+00
 -2.4819126e+00
 -3.7519249e-01
 -1.9528502e-01
 -9.1043633e-01
  5.0543952e+00
 -8.9011794e-01
  1.3449470e+00
 -2.8713462e+00
  6.7801476e-01
  2.5487745e+00
  4.5405054e-01
  3.9431685e-01
 -9.3407333e-01
  1.2573501e+00
 -2.5028234e+00
 -1.4019252e+00
 -2.6606104e+00
  3.1397758e+00
 -1.0305207e+00
  5.3492527e+00
  5.9862957e+00
 -4.1536492e-01
 -1.3350983e+00
  1.1500309e+00
  2.0360414e-02
 -1.5538200e+00
  3.6969442e+00
  1.5351970e+00
 -1.7512803e+00
 -4.8436556e+00
 -1.2430050e-02
 -1.8025930e+00
  4.3931851e+00
 -3.9427197e+00
  1.7461076e-01
 -1.0644165e+00
  1.9903177e+00
  1.6797534e+00
 -7.7449822e-01
 -1.9709536e+00
  2.5258300e+00
 -2.7276907e+00
  1.5204235e+00
  1.9220048e+00
 -3.1414604e-01
  4.8240164e-01
  3.4770298e+00
 -2.8333387e+00
  6.0367793e-01
 -4.3388963e+00
  3.3961217e+00
  1.0566281e+00
  3.6554821e+00
 -9.4035077e-01
 -1.3377999e+00
  3.1016703e+00
 -5.6567106e+00
 -3.0200269e+00
  1.8063388e+00
 -4.0288539e+00
  2.8937449e+00
  5.3016586e+00
  6.6788250e-01
 -5.5191660e+00
  3.2720670e-01
  1.9147196e+00
 -5.5114713e+00
  6.0081464e-01
 -4.5521760e+00
 -4.0842481e+00
  4.9701139e-01
  2.7586164e+00
  9.3151838e-01
 -6.3925710e+00
 -3.6713252e+00
 -1.0657643e+00
 -1.0218927e+01
  2.7892070e+00
  4.2668682e-01
  9.1066713e+00
  3.6907940e+00
  1.7733843e+00
 -1.0496799e+01
 -4.1225576e-01
  3.1543458e+00
  7.9655111e-01
  4.3383064e+00
 -5.0208163e+00
 -2.4089730e+00
 -3.3797381e+00
  1.5985309e+00
  7.6724720e+00
 -3.8907771e+00
  1.5794016e+00
  2.9304147e+00
  9.5057526e+00
  2.3926988e+00
  1.5961683e+00
 -4.2014570e+00
  1.3267780e+01
 -1.5239974e+00
 -8.4538660e+00
  5.2976766e+00
  1.4597335e+00
  2.7177546e+00
 -2.2585049e+00
  7.4425030e-01
 -2.2405629e+00
 -3.2641780e-01
 -1.2608247e+00
 -3.3199790e+00
 -4.8554411e+00
 -2.7538946e+00
 -1.0158493e+01
 -5.1863897e-01
  1.1724448e+00
  4.1720519e+00
 -6.2323761e+00
 -1.5935181e+00
 -1.3557051e+00
  1.7814555e+00
  9.1457897e-01
  5.4482641e+00
  8.1511927e+00
 -3.7264619e+00
  9.1671395e-01
 -4.1855362e-01
  2.8207495e+00
  3.5005674e+00
  2.5510228e+00
 -2.2253909e+00
  1.2035750e+00
  4.7550297e+00
  1.8203247e+00
 -2.0318837e+00
  4.2285137e+00
  2.5590584e-01
 -2.3396187e+00
  9.7052221e+00
 -4.0373631e+00
 -1.4643098e+00
  1.0220720e+00
  1.5174185e+00
 -4.6485257e+00
  4.1702580e-01
 -2.7528942e+00
 -1.1418197e+00
 -3.6363802e+00
 -5.3741889e+00
  6.5438900e+00
  3.6681743e+00
  7.0650163e+00
  7.6060468e-01
 -1.1775535e+00
 -1.1231639e+00
  1.0092796e-01
  1.7021994e-01
 -3.0287299e+00
  3.7453980e+00
  1.1102797e+01
 -1.4225670e+00
 -2.3673429e+00
  1.6553732e+00
  2.9400291e+00
 -3.8179460e+00
 -2.9377714e-01
 -1.8295194e+00
  1.5472342e+00
 -2.8996799e+00
 -6.4556403e+00
  5.4852796e+00
 -2.9803851e+00
  1.9164529e+00
  3.2768703e+00
  7.1767859e+00
 -2.7424870e+00
  1.3300442e+00
  4.1107640e-01
  4.2814808e+00
  2.0742857e+00
  2.4305391e+00
 -4.9331932e+00
  3.3214068e+00
  4.3324912e-01
  5.2315676e-01
 -6.9140208e-01
 -9.2123002e-01
 -7.2098082e-01
  1.3620876e+00
 -1.5391648e+00
 -9.1264673e-02
  2.3362577e-01
 -3.2228731e-02
 -2.1323125e+00
  1.3638623e+00
 -1.9659370e-01
  1.0326643e-01
  2.2064240e+00
  7.4902767e-01
 -4.8236549e-01
 -7.4539536e-01
  2.2988267e+00
 -1.8550997e+00
  3.3109488e+00
  1.7730525e-01
  2.0607732e-01
 -2.6191995e+00
  2.4456618e+00
  3.9852355e+00
 -3.9104407e+00
  3.0258098e+00
 -2.6916891e-01
  4.0846133e+00
  6.4901406e-01
  3.8120964e+00
 -2.0293901e+00
 -4.5033932e+00
 -4.8363459e-01
  8.4018707e-02
 -1.8953651e+00
 -2.0459774e+00
  3.4344540e+00
  1.9630351e+00
  3.1444771e+00
  1.8945539e+00
 -2.6495311e+00
  5.4807496e-01
  8.3729905e-01
  2.2808788e+00
 -4.0029473e+00
  4.2556629e+00
  2.6141855e-01
  4.5103467e-01
  2.2524984e+00
 -9.6894130e-02
 -3.2265019e+00
 -3.9384971e+00
  3.1165290e+00
 -7.1107566e-01
  2.1713061e+00
 -1.2038471e+00
 -6.6812009e-01
  4.2407778e-01
 -4.7086051e-01
 -3.2074006e+00
 -2.2205561e-01
 -1.8478345e+00
 -2.3406074e+00
 -3.2776383e-01
  1.6266074e+00
  3.0764055e+00
 -5.7966766e+00
 -2.7438090e+00
 -8.6524826e-01
 -1.6212312e+00
 -1.6966474e+00
 -2.3228734e+00
  5.8877903e-01
 -2.2490096e+00
 -3.5109909e+00
 -3.4986870e+00
  5.4554014e+00
 -2.5403702e-01
  1.2334662e+01
  2.6386135e+00
 -8.3302748e-01
 -1.3360318e+00
  1.1032273e+01
  1.2160354e+01
  1.0823012e+01
  9.8911351e-01
 -4.6188745e+00
 -1.5493948e+00
 -3.0041034e+00
  2.5265486e+00
 -2.8166544e+00
  1.5639645e+00
  3.6423345e+00
  4.9486179e+00
 -1.0522674e+00
 -3.2452539e-01
 -1.1238757e+00
 -1.5781423e+00
  1.5446818e+00
 -2.2703743e+00
  1.5208836e+00
 -1.8723840e+00
  6.4571434e-01
 -7.0905417e-02
 -2.6804898e-02
  1.7260985e+00
  2.5311491e+00
  5.7350192e+00
 -1.6249157e+00
 -4.8382387e+00
  1.1094599e+00
 -3.4474821e+00
  4.9167795e+00
  5.6625829e+00
 -5.9785342e+00
  1.9464509e+00
  6.2921906e-01
 -6.9594707e+00
 -8.7089705e-01
 -1.3095842e-01
 -5.5743885e+00
  3.5795424e+00
 -2.4433939e+00
  9.9253106e-01
  5.7462543e-01
  6.2284780e-01
  9.4696909e-01
 -2.3475246e-01
 -3.4055691e+00
 -2.5637908e+00
 -1.6221000e+00
 -1.8216149e+00
 -1.4913002e+00
 -5.1426096e+00
  1.0897735e+00
  2.2162637e-01
 -6.8651122e-01
 -2.0254916e-01
  3.2147090e+00
 -4.8724074e+00
 -1.7375349e+00
  2.8538363e+00
  2.4420631e+00
  7.0168805e+00
  6.3701520e+00
  1.8023348e+00
  5.3888469e+00
  3.8941560e+00
  4.3811765e+00
 -5.4926558e+00
  4.0179210e+00
 -4.0561247e-01
  3.5837546e-01
  7.5475341e-01
  2.5066042e-01
 -1.0799667e-01
  2.7176473e+00
 -4.2226815e+00
 -3.2016439e+00
  7.0433629e-01
  8.4912318e-01
  4.4076794e-01
 -1.4367245e-01
 -2.2675779e+00
  2.3787868e+00
  2.3793192e+00
  1.2761974e+00
  1.0797491e+00
 -6.7617959e-01
 -3.0373178e+00
  2.6109693e+00
 -2.5390983e-02
 -2.6154468e+00
 -1.0062274e+00
  2.7454638e+00
  8.1763620e+00
  4.9583826e+00
  1.0860002e+00
  4.2816238e+00
 -6.6313910e+00
  3.8950546e+00
  2.4294536e+00
  8.6413040e+00
  3.4696999e+00
 -9.4206399e-01
  1.6395363e+01
 -1.4862574e+01
 -4.9503523e-01
 -4.8832402e+00
  7.2918253e+00
  1.7934933e+00
 -1.2367796e+00
  5.0975862e+00
  2.8943501e+01
  4.8831868e-01
 -4.4234715e+00
  5.4822278e+00
  4.0165563e+00
 -4.8875856e+00
 -3.4091821e+00
 -1.0521125e+00
 -4.8870230e+00
  1.0909066e+00
 -5.5172849e-01
 -7.3088212e+00
  1.4795041e+00
  4.1274393e-01
  1.6863552e+00
  1.9268582e+00
 -6.6500311e+00
  3.2629687e-01
  5.4372430e+00
  3.5069978e-01
 -1.0152676e+01
 -1.7802839e-01
 -2.1429760e+00
 -1.7383641e+00
  5.2587610e-01
  2.5944233e-01
  2.3596897e+00
 -5.7490540e+00
  3.7162429e-01
  7.2553670e-01
 -2.1992381e+00
 -2.3947029e+00
  1.4293182e+00
 -3.3836997e-01
 -5.0122647e+00
 -2.0829718e+00
  7.5744324e+00
 -2.5536313e+00
  1.2534521e+01
 -6.3502488e+00
  1.7542129e+00
 -1.0625714e+01
  1.1157107e+00
  1.5728765e+01
  2.1529620e+00
  2.9181311e+00
  4.9990134e+00
  5.6728573e+00
  2.2401309e+00
  8.2558352e-01
 -1.6998041e-01
  2.4967730e+00
  8.9589733e-01
 -4.4164028e+00
  4.3758245e+00
 -5.0454229e-01
 -6.5749216e+00
 -3.2316713e+00
  4.4338460e+00
 -1.4808804e+00
  2.7669094e+00
  3.4967768e-01
 -6.0542119e-01
  1.2166851e+00
  8.1513149e-01
 -3.1095054e+00
 -1.1284175e+00
 -1.8044424e+00
  1.1300801e-01
 -2.9721532e+00
  1.1920167e+00
  1.5068440e+00
 -1.1894974e+00
 -2.5401821e+00
  1.4441355e-01
  2.0601226e-01
 -2.2941289e+00
  1.0652492e+00
  5.7499015e-01
 -8.3212173e-01
 -3.1625860e+00
 -1.0619026e+00
 -1.4585596e+00
 -2.1905262e+00
  1.5835141e+00
 -1.7091116e-01
  5.6919539e-01
 -6.8514104e+00
 -6.1001199e-01
 -9.5105925e+00
 -2.1603267e+00
 -2.2659731e+00
  4.2887621e+00
  7.8391376e+00
 -7.9174352e+00
  1.1898377e+00
  2.6189942e+00
 -1.3714012e+00
 -4.3064544e-01
  6.3831401e+00
 -7.6466925e-02
 -4.9642220e+00
 -2.7653646e+00
  7.5684273e-01
  2.0374262e+00
 -4.7751412e+00
 -5.1575198e+00
  4.3574505e+00
 -1.2933338e+00
 -3.0534744e+00
 -3.9759729e+00
 -1.6223562e-01
  3.0846045e+00
  1.0881773e+00
  1.9732529e-01
  5.5529207e-01
  4.8696327e+00
 -1.2776572e+00
  5.0383611e+00
  3.4373272e-02
  1.3377544e+00
 -2.7976944e+00
 -1.6181920e+00
  1.4198356e+00
 -1.0030352e+00
 -1.2672296e+00
  8.4772700e-01
  2.9970210e+00
 -2.0737810e+00
  1.9027206e+00
 -3.0638831e+00
  1.3198687e-01
  1.5602430e+00
  1.0211037e+00
  3.2066064e+00
  2.2238069e+00
 -5.5571356e+00
 -3.9235408e+00
 -4.3693390e+00
  7.7970785e-01
  9.2510672e+00
  3.9457192e+00
  1.0237426e+01
 -1.2381270e+00
  3.4662521e+00
 -6.5769377e+00
 -2.1940842e+00
 -3.7207025e-01
 -6.5932279e+00
  9.9113369e-01
  1.0053080e+00
 -3.5641328e-02
  2.2337682e+00
  3.7711968e+00
 -3.1855911e-01
  3.7527305e-01
  1.0249045e+00
  1.8423986e+00
 -2.3538153e+00
  2.3744802e+00
 -1.5293376e+00
 -9.3933401e+00
 -1.3992881e+00
  7.7873688e+00
 -7.3853809e-01
 -1.0358948e-01
 -6.4600935e+00
  2.6934035e+00
  2.2488265e+00
 -1.0107414e+00
 -9.9359196e-01
 -1.6506985e+00
  5.8131251e+00
  3.9406703e+00
 -4.3117533e+00
 -9.3353481e+00
  4.0180435e+00
  5.3524470e+00
 -6.0493021e+00
 -4.3998775e+00
 -1.2117572e+01
 -6.7629290e-01
  3.8715243e+00
  2.1925507e+00
 -3.2552481e+00
  4.7283297e+00
 -1.1344613e+00
 -4.7628713e+00
 -1.1639970e+01
 -4.4047861e+00
 -7.7778745e+00
 -3.6208034e-01
 -2.5876827e+00
  4.0465488e+00
 -5.1331443e-01
 -6.9744401e+00
  6.7452760e+00
  2.0243933e+00
 -4.5750575e+00
 -1.2487782e-01
  7.5293760e+00
  3.3228925e-01
 -9.7301865e+00
  5.7448131e-01
 -6.7429906e-01
  5.2871404e+00
 -2.8051527e+00
  7.4257344e-01
  7.9184717e-01
 -2.8679345e+00
 -4.3418088e+00
 -4.8518987e+00
  1.2952306e+00
 -9.0042019e+00
  2.3286805e+00
 -6.6086659e+00
  2.3482947e+00
 -4.7469430e+00
  2.0548522e+00
 -8.9255667e-01
 -1.3368257e+00
  2.3007550e+00
  6.3983698e+00
 -6.6589910e-01
 -4.6236992e+00
  5.1903167e+00
  3.8333700e+00
  5.7838678e+00
  2.7867291e+00
 -4.7193799e+00
 -1.3864223e+00
 -1.3040053e+00
  6.0425444e+00
 -2.0911890e+01
 -1.3036920e+00
  1.2949623e+00
  3.2638874e+00
 -1.7815113e+00
 -2.4690981e+00
  6.3657207e+00
 -1.9505780e+00
 -4.1356411e+00
  6.4083157e+00
  3.3111882e+00
  1.7633272e+00
 -1.0844598e+00
 -1.4170345e+00
 -1.4932299e+00
 -4.2880974e+00
 -1.9614320e+00
  5.2450633e+00
  2.6759067e+00
 -4.1055623e-01
 -5.8206644e+00
  7.4989500e+00
 -9.2878151e-01
 -3.7922516e+00
 -4.0714302e+00
  1.5029596e-01
  7.5897608e+00
  5.1152325e+00
  1.5165146e-01
 -1.7524320e+00
 -1.2804775e+00
 -1.5370808e+00
 -1.8946019e+00
  1.4620194e+00
 -6.5408099e-01
 -2.1742632e+00
  2.6266239e+00
 -2.9314058e+00
 -7.8852099e-01
  1.5554662e+00
 -9.1700935e-01
  4.4841094e+00
 -6.4546740e-01
  9.6114254e-01
 -2.8828223e+00
  2.0975657e+00
 -2.5925775e+00
 -1.6942765e+00
  1.6525515e+00
  5.7399521e+00
 -3.1717363e-01
  3.2498152e+00
 -7.4215442e-01
 -1.0425143e+00
 -8.8686543e+00
 -1.9043280e+00
  7.1019897e+00
 -2.0325515e+00
 -4.5408926e+00
 -3.0408044e+00
  3.5221128e+00
 -3.8851762e+00
 -2.1565921e+00
 -4.1785278e+00
 -3.1168747e+00
 -1.6390930e-01
  7.0440793e+00
 -5.0726223e-01
 -1.7338557e+00
  1.4914291e+00
  4.4358592e+00
 -9.4190139e-01
  4.4198055e+00
 -3.7284489e+00
  3.5546267e-01
  1.1657190e+00
  3.8341234e+00
  1.3616698e+00
  1.8233571e+00
  4.8642674e-01
  5.2745895e+00
  8.3663279e-01
 -4.2927880e+00
 -6.5504193e+00
  2.9938009e+00
 -1.6475682e-01
 -1.5067556e+00
  9.5399666e-01
 -3.8182471e-02
 -1.2428591e+00
  5.5437736e-02
 -6.1799073e-01
 -1.3761464e+00
 -3.4008831e-01
  2.3936794e+00
  1.1891936e+00
 -3.0499239e+00
 -3.2500735e-01
  8.1821449e-02
  7.2601002e-01
  2.2383451e-01
 -1.0202364e+00
  4.0360960e-01
  3.1039652e-01
 -7.6513857e-01
 -5.3764541e-02
  6.1179328e-01
  6.8622023e-01
 -1.3976248e-01
 -1.5305300e-01
 -4.0413666e-01
 -1.6839858e+00
  5.8081222e-01
 -7.7384472e-02
 -3.8715464e-01
  4.4323391e-01
 -4.1281635e-01
  2.8338439e+00
  3.6280900e-01
 -2.9612076e-01
 -4.5958182e-01
  1.6467264e+00
  3.5731229e-01
  2.6370120e+00
  9.8465031e-01
 -1.5192263e+00
  5.5051786e-01
  8.1181735e-01
 -5.0356674e-01
  3.1751314e-01
  1.1114954e+00
 -8.6480868e-01
  3.6061758e-01
  2.5266225e+00
  1.3312712e+00
 -1.3248024e+00
  9.1053128e-01
  5.1929414e-01
 -8.0834478e-01
 -7.7572680e-01
  2.4064583e-01
 -7.6478493e-01
  3.1414425e-01
  1.4470795e+00
 -1.0513756e-01
 -1.0196841e-01
 -3.2073796e-01
 -7.2552341e-01
  6.9378752e-01
 -8.0598950e-01
  9.7413206e+00
  2.9800320e+00
  1.4079477e-01
  4.0451491e-01
  1.9143745e+00
 -9.4978404e-01
  2.5466149e+00
  8.6054623e-02
 -1.7929795e+00
 -1.8295861e+00
 -5.9672087e-01
 -2.2517619e+00
  2.5098979e+00
  3.9648244e+00
 -1.2538314e-01
 -9.3263829e-01
 -5.8809382e-01
 -4.3679872e+00
  3.2887106e+00
  1.6477506e+00
 -1.3987767e+00
 -6.0565801e+00
  1.8113755e+00
  3.6792507e+00
  1.3714914e+00
  1.1044652e+00
  3.0246475e-01
 -1.1289767e+00
  3.5320044e+00
 -3.9791224e+00
 -1.6700093e+00
 -1.9252853e+00
  5.9774381e-01
  1.2834935e+00
 -4.3093421e-02
 -5.4729146e-01
 -1.8100020e+00
 -4.8567448e+00
 -1.8815608e+00
  1.1629678e+00
 -3.2858007e+00
  2.4007827e-01
 -1.5089955e+00
  1.6168324e+00
 -2.5038946e+00
 -1.6881045e+00
  2.0832815e+00
  3.9109763e-02
 -9.0674394e-01
  3.3914404e+00
 -4.7737345e-01
 -4.6595696e-01
 -1.1097798e-01
 -6.1465061e-01
  1.5726056e+00
 -2.4936081e-01
 -2.8288671e-01
 -4.6077490e+00
  2.2776480e+00
 -4.1472173e+00
 -1.4422462e+00
  5.5664581e-01
 -2.0501751e-01
 -4.1054839e-01
 -2.8687115e+00
  8.9012936e-02
 -2.3242929e+00
 -4.3720603e-01
  3.8363042e-01
 -3.9062369e+00
  2.7828512e+00
 -1.0409111e+00
  3.6905463e+00
 -1.8361970e+00
  7.8012633e-01
 -4.2204195e-01
 -9.4659090e-01
  2.5290422e+00
 -1.0554661e+00
 -6.9889188e-01
  3.6257935e+00
 -1.3736287e+00
 -2.3702276e+00
  1.8659599e+00
  8.7833899e-01
 -1.1103519e+00
  7.9519701e-01
  1.1426327e+00
 -4.4369376e-01
  1.1992724e+00
  3.8440838e-01
  7.9802984e-01
  8.5568959e-01
  4.1181183e+00
 -7.0486940e-02
 -9.8739064e-01
  1.7059276e+00
  2.0793402e+00
 -1.4757770e-01
  1.5819821e+00
 -6.2857097e-01
 -5.2559143e-01
  5.3614527e-01
  6.3842785e-01
 -1.6846031e+00
 -1.2235202e+00
 -3.1833276e-02
  3.5323141e+00
 -1.3188516e+00
  1.8696227e+00
 -4.3158064e+00
 -2.7997124e+00
 -1.5946568e+00
 -7.0867723e-01
 -2.4847980e+00
 -3.0428581e+00
  3.6926049e-01
 -9.5658654e-01
 -1.2744346e+00
 -5.0939295e-02
  9.3513578e-01
  3.5329866e+00
 -2.1747386e+00
 -6.2062573e-01
 -8.1695837e-01
 -2.3809843e+00
 -8.3791614e-01
  1.1190429e+00
  2.6272139e-01
 -3.1656402e-01
 -8.9872015e-01
 -1.1981484e+00
 -3.3800802e+00
 -5.6316163e-02
  3.1636431e+00
  2.4973392e+00
  6.9850409e-01
  2.1461351e+00
 -1.6750535e+00
 -1.0710856e+00
  5.7142413e-01
 -1.6341276e-02
 -4.4874125e+00
 -5.1442637e+00
  4.9475121e-01
  7.3615384e-01
 -1.1463863e+00
 -1.0080036e+00
 -1.7603856e+00
  1.0754642e+00
 -8.2381710e-02
 -1.3730100e+00
 -1.5777133e-01
 -4.5782537e+00
 -1.7347717e+00
  7.2365189e-01
  1.6298796e+00
 -9.2901993e-01
 -2.3959846e+00
 -4.6557480e-01
 -6.6779441e-01
 -7.6036537e-01
 -1.1980752e-01
 -1.9046060e+00
  4.6909714e+00
 -2.9903958e+00
 -1.6898866e+00
 -1.5278800e+00
  1.7890356e+00
  1.7323806e+00
  9.7742391e-01
 -2.6195121e+00
 -2.2352128e+00
  6.9131861e+00
  2.2763786e+00
  2.3421144e+00
  6.8820363e-01
  6.8491778e+00
  1.2298840e+00
  2.0607779e+00
  9.2429394e-01
  5.2217340e+00
  1.8822062e+00
  3.9684410e+00
  1.6456957e+00
 -7.4133202e-02
 -3.8070768e-01
  3.3733052e-01
  2.9933852e-01
  5.9672594e-01
  9.4256783e-01
 -2.2657008e-01
 -7.5057220e-01
 -2.2067707e+00
  1.7554259e+00
 -7.1672714e-01
  2.4548841e+00
 -1.6117128e+00
  1.6081995e+00
  1.3906815e+00
  4.9354813e-01
 -4.2194867e+00
  2.7761540e-01
 -8.9082593e-01
 -1.1370679e+00
  1.4487168e-01
  6.1839175e-01
 -9.4738823e-01
 -9.5171833e-01
  1.3308702e+00
  1.6235870e+00
 -6.2623322e-01
 -1.5233450e+00
 -2.2283864e+00
 -5.5923209e-02
 -2.8656940e+00
 -4.1152554e+00
 -1.1829059e+00
 -2.4976578e-01
 -3.5968635e+00
  1.1381443e+00
 -1.2693532e+00
  8.9732814e-01
  1.1512756e-01
 -9.5732397e-01
 -5.9382801e+00
 -4.0645781e+00
  5.8182740e-01
 -5.4849839e-01
  2.3413455e+00
 -8.2651633e-01
  8.8577561e-02
  7.4250871e-01
 -1.7837834e-01
 -2.1095595e+00
  1.0277548e+00
  2.2584870e+00
  3.2097122e-01
  1.4718933e+00
  1.8787540e+00
 -3.8590160e-01
 -4.1487298e+00
  6.6554487e-01
 -8.5289109e-01
 -2.9942891e-01
 -1.3008864e-01
 -1.7410752e+00
 -2.9540055e+00
  6.0680735e-01
 -1.0220348e+00
 -2.1323266e+00
  3.0868652e+00
 -5.8002037e-01
  2.5203377e-01
 -1.8303335e+00
  2.3632914e-01
 -1.9010531e+00
 -3.1633749e+00
 -1.3323749e+00
  1.1737890e+00
 -2.6195974e+00
  2.3707309e+00
 -4.0237468e-01
  4.9550779e-02
  1.5385439e+00
 -5.8348279e+00
 -1.1536666e+00
 -1.2800736e+00
  1.2247946e+00
 -4.4837031e-01
 -7.4141037e-01
  7.6529378e-01
  4.8371396e+00
  8.6080933e-01
  1.0535282e+00
  1.2447590e+00
  3.7504337e+00
  2.3129775e-01
 -3.0879667e+00
 -2.1203563e+00
  2.0472214e+00
 -1.3557489e+00
  1.1876179e+00
  2.3072226e+00
  1.1240896e+00
  3.4058717e-01
  3.1403427e+00
 -1.5433109e+00
 -1.7874480e+00
 -2.3838913e+00
 -3.6358643e+00
 -1.9442312e+00
  5.4873747e-01
  2.4899160e-02
  9.3014114e-02
 -2.5688547e-01
  1.8245335e+00
  2.2995884e+00
 -4.2714143e-01
  3.7461305e-01
  9.3279833e-01
  1.5160335e+00
  1.7352303e+00
 -5.4003209e-01
  2.3534923e+00
  2.8779526e+00
 -7.5370121e-01
  3.2939982e+00
  5.5012330e-02
  2.3150637e+00
  6.8726450e-01
  2.7315545e-01
  8.3492488e-01
  2.7883230e-02
  1.3211012e+00
  5.3604954e-01
 -3.3928612e-01
 -2.9026482e+00
 -2.9632623e+00
  5.2329311e+00
  1.7558709e+00
 -2.1053958e+00
 -8.2382447e-01
 -1.1625365e+00
  1.8129449e+00
 -2.7449369e+00
  6.9228804e-01
 -3.3958447e+00
  5.0891775e-01
  1.8174937e+00
  5.3853387e-01
  1.5129983e+00
 -4.3388772e-01
  6.0991693e-01
 -2.4674051e+00
  3.0788634e+00
 -1.5987484e+00
  3.4623160e+00
 -3.7316930e-01
  1.7580670e+00
  1.1722710e-01
 -5.0609994e-01
  3.9253976e+00
 -6.5018302e-01
  1.5541658e+00
  7.4079800e-01
 -1.8446021e+00
  1.8583962e+00
  5.0352287e-01
  4.4072869e-01
  3.3254735e+00
  8.8241494e-01
  1.1954678e+00
  3.3168139e+00
 -4.1780537e-01
 -9.6589983e-01
  1.3190639e+00
  5.3422409e-01
  4.5797721e-01
 -2.0805757e+00
 -2.0117782e-01
  8.9716715e-01
  1.4235233e-01
 -1.3853405e+00
 -1.8662015e+00
  1.7150612e+00
  2.5129691e-01
 -8.7317520e-01
 -4.9746427e-01
 -2.1821630e+00
 -9.4577432e-01
 -1.2849282e+00
  3.6300082e+00
  6.9212013e-01
  3.6822012e-01
  2.1796041e+00
  2.6374874e+00
  2.3595595e+00
  8.0147751e-02
 -5.4753524e-01
 -2.1528222e-01
  1.0112976e+00
 -5.2515397e+00
 -5.2479237e-01
 -3.1405907e+00
  5.2007701e-02
  3.5620430e+00
 -1.2204002e+00
  1.6068848e+00
 -5.1379895e-01
 -6.2787044e-01
  1.3758215e-01
 -1.3324729e-01
  1.0474672e+00
 -1.2572736e+00
  1.1597978e+00
 -2.2220547e+00
  1.6624064e+00
  2.4875634e+00
  2.8472414e-02
 -1.0752823e+00
  2.3055904e+00
 -1.1835778e+00
 -1.8691283e+00
  1.2176821e+00
 -1.6496651e+00
  2.8137720e+00
  2.7033094e-02
 -1.0531896e-02
  8.3955228e-03
  4.1741437e-01
  8.5264939e-01
 -1.2754962e+00
 -5.1197171e-01
 -6.5723544e-01
  5.5516070e-01
 -8.5326982e-01
 -1.4839220e+00
  3.6280674e-01
  3.4451482e-01
 -3.1842110e-01
  9.4698292e-01
  9.1206270e-01
 -2.2729478e+00
  3.2757823e+00
  3.4675484e+00
 -4.4301867e-01
  6.5953273e-01
  9.3363993e-02
 -1.8134229e+00
 -1.1478885e+00
 -1.7149967e+00
  9.2860448e-01
  2.6464300e+00
 -4.0252042e+00
  2.6603143e+00
  3.1656086e+00
 -1.8045641e+00
  8.3707345e-01
 -2.1424723e+00
  1.8301700e+00
 -9.5030081e-01
 -1.2422022e+00
  1.3756565e+00
 -3.3531405e-02
  2.5981605e+00
 -2.3561034e+00
  7.2740698e-01
 -2.5226896e+00
 -7.7688575e-01
 -3.0690441e+00
  1.8994300e+00
 -7.4663363e-02
  1.6260118e+00
  1.0352591e+00
 -1.4643440e+00
  7.4345666e-01
  1.4426860e-01
  3.0711508e+00
 -3.5026643e-01
 -5.6173909e-01
  3.4899225e+00
 -1.7415682e+00
  1.2625853e+00
 -2.0000508e+00
 -3.1988928e+00
 -3.2599530e+00
  2.7113452e+00
 -2.5291400e+00
  1.4073436e+00
  9.6355838e-01
 -1.3437345e+00
  2.5807077e-01
  3.0605009e+00
  2.5451045e+00
  3.0818110e+00
 -4.0620761e+00
 -1.6469235e+00
  1.8107430e+00
  4.8719850e+00
  1.9635049e+00
  6.8808985e-01
  3.9905265e-01
  2.6202810e+00
  2.8569907e-01
 -1.2761825e+00
  5.5276111e-02
 -5.4961503e-01
  1.5995806e-01
  3.1091258e-01
 -2.0835736e+00
 -8.3258337e-01
 -1.2991438e+00
 -2.0688548e+00
 -4.8971435e-01
 -7.6706058e-01
 -4.4097775e-01
 -2.9452908e-01
  1.2479326e+00
 -4.8791182e-01
 -1.8845682e+00
  8.3276175e-02
  1.0330402e+00
 -1.6071466e+00
  5.1774716e-01
  1.4308565e+00
 -1.2926042e+00
 -1.7279317e+00
  1.5590147e+00
 -1.1565751e-01
 -1.3312533e+00
 -8.7259960e-01
  1.3221779e+00
 -7.8331172e-01
 -5.7435149e-01
 -1.5375134e-02
 -8.9224279e-01
 -1.0112811e+00
  1.4667344e-01
 -2.4839181e-01
  1.2525134e-01
  7.0176309e-01
  2.1827729e+00
 -7.9473060e-01
  7.1467793e-01
 -3.5348742e+00
 -1.1574469e+00
 -3.7556803e+00
  4.8396692e+00
 -3.5349057e+00
 -4.9177461e+00
  3.6153898e-01
 -2.1430120e+00
  3.0706027e+00
 -1.3584939e+00
 -6.1764491e-01
 -2.7453833e+00
 -3.3430614e+00
  1.3035476e+00
 -8.5508466e-01
  1.2809275e+00
  8.0610025e-01
  3.0187795e+00
 -1.2118516e+00
  3.2329842e-01
 -7.8750454e-02
 -6.8360764e-01
  1.1596894e+00
 -9.6122110e-01
  3.3830352e+00
 -1.8178833e+00
 -5.4873878e-01
 -2.3353724e+00
 -1.7409360e+00
 -2.1011600e+00
 -1.0683364e+00
  9.8942578e-01
 -1.7946441e+00
  5.7121652e-01
 -5.5513209e-01
  9.6801764e-01
 -1.7940277e+00
  1.6058706e+00
  2.1551011e+00
  1.8530993e+00
  4.5998695e-01
  9.9262756e-01
  2.5078664e+00
  3.2644752e-01
  1.5597065e-01
 -3.9220840e-01
  1.3809901e+00
  6.7710358e-01
  1.6346067e+00
 -1.1462659e+00
  1.8689370e+00
 -4.7642586e-01
  2.2698750e+00
 -7.4704003e-01
 -4.7527719e-01
  3.6798537e-01
 -1.0049967e+00
  1.7531881e+00
  3.6077983e+00
  2.7330191e+00
 -2.9974496e+00
 -1.0794343e+00
  2.0767009e+00
  9.9498892e-01
 -5.0180477e-01
 -4.3035612e+00
 -3.0356143e+00
 -2.8029501e+00
 -9.5989186e-01
 -1.4772835e+00
 -4.2018585e+00
 -1.8922988e+00
  4.9642965e-01
  1.4420898e+00
 -3.0343887e-01
  1.2694752e-01
  9.6961266e-01
  1.8992071e+00
  1.5153890e+00
  5.9288371e-01
  3.1481237e+00
  7.1272939e-01
  4.1878062e-01
  1.3898948e-01
  1.3340328e+00
  5.2786112e-01
 -1.8303432e+00
 -2.3085688e-01
  3.4142470e-01
  5.2184504e-01
 -1.8722625e+00
 -8.7567255e-02
 -1.2047538e+00
  1.1759074e+00
 -1.0523013e+00
 -1.8198599e-01
 -3.7992057e-01
  5.0692511e-01
 -1.7579071e-01
 -6.2914222e-02
 -1.4431722e+00
  1.8356843e-02
  1.4672246e+00
 -2.2903012e-01
 -1.4665773e+00
 -1.3064753e+00
  6.2442277e-02
  3.2328787e-01
  1.6148664e-01
 -6.0844642e-01
  1.1195140e+00
 -5.5730623e-01
  2.5016637e+00
  1.7207459e+00
 -1.1665503e+00
  1.1246520e+00
  6.2227422e-01
 -1.6094731e+00
 -6.8684125e-01
 -1.1893678e+00
 -2.6458710e-01
 -8.1726378e-01
 -1.8858837e+00
 -2.1258900e+00
 -1.0865482e+00
 -1.3607819e+00
  1.1313396e+00
  6.4682961e-01
  3.5545656e-01
  1.1890839e+00
 -9.3170100e-01
  1.4549519e+00
  1.7144713e+00
 -3.3919144e-02
 -1.2988962e+00
  1.5664450e+00
  4.5180848e-01
  1.0326866e+00
 -1.5207207e+00
 -1.5692590e+00
 -7.7382952e-01
 -3.5134771e-01
  1.2334042e+00
 -9.7714591e-01
 -9.3332773e-01
  7.7726328e-01
  1.5288329e+00
 -6.0434496e-01
 -3.4671223e-01
 -6.7496502e-01
  5.6895179e-01
  8.9712137e-01
 -2.2821221e+00
 -1.3994088e+00
 -1.8817643e+00
  6.2416238e-01
  2.3251896e+00
 -5.7685125e-01
  9.1458017e-01
  6.6999049e+00
  2.6499770e+00
  5.6002092e-01
  8.0521986e-02
 -2.5039867e-01
 -2.0165751e+00
 -7.7932036e-01
  9.8260939e-01
 -1.0576524e+00
 -1.2385064e+00
  1.5376927e+00
  1.6118773e+00
  2.2666335e+00
  4.7443265e-01
  8.4967250e-01
  1.4860545e+00
  1.9681610e+00
  1.8108499e+00
  1.2363319e+00
 -1.2057685e+00
  7.6222986e-01
  5.9875852e-01
  2.8917313e-01
 -1.6497903e-01
 -6.2104243e-01
 -7.1765907e-02
  2.0735917e+00
 -1.6767621e-01
 -7.9077441e-01
  3.6567521e-01
  7.5505865e-01
  4.0524057e-01
 -5.8512062e-01
  6.6729498e-01
 -9.6263808e-01
 -4.8808160e-01
 -5.3827101e-01
  1.8491758e-01
 -1.5347352e+00
  3.5235363e-01
 -9.9148804e-01
  4.1712734e-01
 -1.4947671e-01
  2.4123101e-01
 -9.0668246e-02
  5.4819101e-01
  3.7738082e-01
  2.8267417e+00
 -3.7429235e+00
  6.6344376e+00
 -1.5526062e+00
 -1.3330282e+00
 -2.0803237e+00
  6.3899338e-02
 -3.6241658e+00
 -2.5687883e+00
  7.8482473e-01
 -9.2159170e-01
 -1.1327302e+00
  4.8244560e-01
  2.1655779e+00
  3.5387748e-01
  1.8070822e+00
  7.2475153e-01
 -9.5307231e-01
  2.3906775e+00
  2.6185427e+00
  1.9651778e-01
 -1.3001059e+00
  1.0461085e-01
  3.5953614e-01
  1.6644912e+00
  1.7381062e-01
 -3.2245061e+00
 -6.8602288e-01
  2.5331445e+00
  1.4392059e+00
 -4.0538917e+00
 -2.0116077e-01
  3.8809165e-01
  1.3036247e+00
 -9.8009729e-01
  3.0592570e-01
 -1.6801559e+00
  1.3793743e+00
  1.4560283e+00
  4.4972974e-01
 -2.6018658e+00
  8.6112040e-01
  1.5920447e+00
  5.0286281e-01
 -2.2603285e+00
 -4.2142051e-01
  5.1463670e-01
  6.7032081e-01
 -2.0242953e+00
 -2.6838788e-01
  3.9144856e-01
  1.7292224e+00
 -8.8478677e-04
 -4.1130228e+00
  2.5730886e+00
 -3.0030615e+00
 -3.2993679e+00
  1.3767294e+00
 -2.2425547e+00
  2.3006542e+00
  9.3626666e-01
  9.1003126e-01
 -1.8549935e+00
  1.5605927e+00
  1.6007962e+00
 -2.4752876e-02
 -1.0905344e+00
 -1.9034930e+00
 -7.6130128e-01
  2.0931821e+00
  3.0088699e+00
 -2.6243222e+00
 -1.0982076e+00
  2.2168581e+00
  3.5964620e-01
 -1.0552025e-01
  8.3056998e-01
  1.2709951e+00
 -2.0526221e+00
  1.0429380e+00
  1.8854634e+00
 -1.1032504e+00
 -3.1313260e+00
  3.0237126e-01
  1.1452511e-02
 -9.4666106e-01
  2.9401892e-01
 -2.0256917e+00
 -3.1740882e+00
  9.7176507e-02
  1.8916407e+00
 -1.7874099e+00
 -2.2493715e+00
  2.0419567e+00
  1.6697246e+00
 -7.3784387e-01
  4.7396350e-01
  1.1206113e+00
  4.4006419e-01
  3.4465307e-01
  1.8615272e+00
  5.7724899e-01
  9.2897294e-03
  9.2897294e-03
  9.2897294e-03
  9.2897294e-03
  9.2897294e-03
  9.2897294e-03
  9.2897294e-03
  9.2897294e-03
  9.2897294e-03
  1.9374477e-02
  1.9374477e-02
  1.9374477e-02
  1.9374477e-02
  1.9374477e-02
  1.9374477e-02
  1.9374477e-02
  1.1176258e-02
  1.1176258e-02
  1.1176258e-02
  1.1176258e-02
  1.1176258e-02
  1.1176258e-02
  1.1176258e-02
  5.0737970e-03
  5.0737970e-03
  5.0737970e-03
  5.0737970e-03
  5.0737970e-03
  5.0737970e-03
  5.0737970e-03
  1.7237880e-03
  1.7237880e-03
  1.7237880e-03
  1.7237880e-03
  1.7237880e-03
  1.7237880e-03
  1.7237880e-03
  3.3582628e-03
  3.3582628e-03
  3.3582628e-03
  3.3582628e-03
  3.3582628e-03
  3.3582628e-03
  3.3582628e-03
  8.0436503e-04
  8.0436503e-04
  8.0436503e-04
  8.0436503e-04
  8.0436503e-04
  8.0436503e-04
  8.0436503e-04
