rank,source,source_idx,n_effective_envs_in_structure,pass,new_gain,covered,uncovered,coverage_pct
1,large_file,4021,91,rare,57,57,23574,0.2412085819474419
2,large_file,4278,93,rare,53,110,23521,0.4654902458634844
3,large_file,4427,94,rare,52,162,23469,0.6855401802716771
4,large_file,4112,92,rare,51,213,23418,0.9013583851720198
5,large_file,3935,90,rare,50,263,23368,1.1129448605645127
6,large_file,4082,92,rare,50,313,23318,1.3245313359570057
7,large_file,4027,92,rare,49,362,23269,1.5318860818416487
8,large_file,4095,90,rare,49,411,23220,1.7392408277262916
9,large_file,4588,92,rare,49,460,23171,1.9465955736109348
10,large_file,4022,94,rare,48,508,23123,2.149718589987728
11,large_file,4115,93,rare,48,556,23075,2.352841606364521
12,large_file,3994,91,rare,47,603,23028,2.5517328932334644
13,large_file,4229,89,rare,47,650,22981,2.750624180102408
14,large_file,3953,91,rare,46,696,22935,2.9452837374635013
15,large_file,4124,89,rare,46,742,22889,3.1399432948245947
16,large_file,3988,91,rare,45,787,22844,3.3303711226778385
17,large_file,3992,92,rare,45,832,22799,3.520798950531082
18,large_file,4023,92,rare,45,877,22754,3.711226778384326
19,large_file,4276,94,rare,45,922,22709,3.901654606237569
20,large_file,3972,89,rare,44,966,22665,4.087850704582963
21,large_file,4130,89,rare,44,1010,22621,4.274046802928357
22,large_file,4151,91,rare,44,1054,22577,4.460242901273751
23,large_file,4167,92,rare,44,1098,22533,4.646438999619145
24,large_file,4262,90,rare,44,1142,22489,4.8326350979645385
25,large_file,4074,91,rare,43,1185,22446,5.014599466802082
26,large_file,4402,86,rare,43,1228,22403,5.196563835639626
27,large_file,4534,91,rare,43,1271,22360,5.37852820447717
28,large_file,4662,86,rare,43,1314,22317,5.560492573314714
29,large_file,4075,92,rare,42,1356,22275,5.738225212644408
30,large_file,4211,88,rare,42,1398,22233,5.915957851974102
31,large_file,4042,86,rare,41,1439,22192,6.089458761795946
32,large_file,4060,89,rare,41,1480,22151,6.26295967161779
33,large_file,4166,90,rare,41,1521,22110,6.4364605814396345
34,large_file,4232,89,rare,41,1562,22069,6.609961491261479
35,large_file,4047,85,rare,40,1602,22029,6.779230671575473
36,large_file,4207,93,rare,40,1642,21989,6.948499851889467
37,large_file,4221,93,rare,40,1682,21949,7.117769032203461
38,large_file,4348,88,rare,40,1722,21909,7.287038212517456
39,large_file,4386,87,rare,40,1762,21869,7.45630739283145
40,large_file,4054,91,rare,39,1801,21830,7.621344843637595
41,large_file,4322,94,rare,39,1840,21791,7.786382294443739
42,large_file,4368,84,rare,39,1879,21752,7.951419745249884
43,large_file,4407,90,rare,39,1918,21713,8.116457196056029
44,large_file,4012,91,rare,38,1956,21675,8.277262917354323
45,large_file,4044,86,rare,38,1994,21637,8.438068638652616
46,large_file,4164,89,rare,38,2032,21599,8.598874359950912
47,large_file,4192,92,rare,38,2070,21561,8.759680081249206
48,large_file,4193,88,rare,38,2108,21523,8.920485802547502
49,large_file,4049,88,rare,37,2145,21486,9.077059794337947
50,large_file,4263,91,rare,37,2182,21449,9.23363378612839
51,large_file,4080,91,rare,36,2218,21413,9.385976048410985
52,large_file,4104,92,rare,36,2254,21377,9.53831831069358
53,large_file,4177,88,rare,36,2290,21341,9.690660572976176
54,large_file,4577,92,rare,36,2326,21305,9.84300283525877
55,large_file,3975,86,rare,35,2361,21270,9.991113368033515
56,large_file,4025,90,rare,35,2396,21235,10.139223900808261
57,large_file,4132,85,rare,35,2431,21200,10.287334433583005
58,large_file,4140,90,rare,35,2466,21165,10.43544496635775
59,large_file,4186,86,rare,35,2501,21130,10.583555499132496
60,large_file,4209,88,rare,35,2536,21095,10.73166603190724
61,large_file,4244,89,rare,35,2571,21060,10.879776564681986
62,large_file,4312,89,rare,35,2606,21025,11.02788709745673
63,large_file,8818,127,rare,35,2641,20990,11.175997630231475
64,large_file,15146,86,rare,35,2676,20955,11.32410816300622
65,large_file,3973,84,rare,34,2710,20921,11.467986966273116
66,large_file,4202,86,rare,34,2744,20887,11.61186576954001
67,large_file,4210,85,rare,34,2778,20853,11.755744572806906
68,large_file,4274,77,rare,34,2812,20819,11.899623376073801
69,large_file,4448,87,rare,34,2846,20785,12.043502179340697
70,large_file,15249,78,rare,34,2880,20751,12.187380982607591
71,large_file,3993,91,rare,33,2913,20718,12.327028056366638
72,large_file,4024,87,rare,33,2946,20685,12.466675130125683
73,large_file,4103,91,rare,33,2979,20652,12.606322203884728
74,large_file,4236,88,rare,33,3012,20619,12.745969277643773
75,large_file,4343,87,rare,33,3045,20586,12.885616351402819
76,large_file,9546,83,rare,33,3078,20553,13.025263425161864
77,large_file,15154,87,rare,33,3111,20520,13.164910498920909
78,large_file,15165,80,rare,33,3144,20487,13.304557572679954
79,large_file,15207,80,rare,33,3177,20454,13.444204646439
80,large_file,4019,88,rare,32,3209,20422,13.579619990690196
81,large_file,4033,92,rare,32,3241,20390,13.71503533494139
82,large_file,4051,84,rare,32,3273,20358,13.850450679192585
83,large_file,4094,89,rare,32,3305,20326,13.985866023443782
84,large_file,4109,86,rare,32,3337,20294,14.121281367694976
85,large_file,4163,88,rare,32,3369,20262,14.256696711946173
86,large_file,4260,87,rare,32,3401,20230,14.392112056197368
87,large_file,4301,90,rare,32,3433,20198,14.527527400448564
88,large_file,4522,91,rare,32,3465,20166,14.662942744699759
89,large_file,15177,77,rare,32,3497,20134,14.798358088950954
90,large_file,4034,87,rare,31,3528,20103,14.9295417036943
91,large_file,4101,91,rare,31,3559,20072,15.060725318437646
92,large_file,4165,92,rare,31,3590,20041,15.191908933180992
93,large_file,4185,86,rare,31,3621,20010,15.323092547924336
94,large_file,11748,96,rare,31,3652,19979,15.454276162667682
95,large_file,3962,88,rare,30,3682,19949,15.581228047903178
96,large_file,3984,86,rare,30,3712,19919,15.708179933138673
97,large_file,4208,87,rare,30,3742,19889,15.835131818374169
98,large_file,4214,90,rare,30,3772,19859,15.962083703609665
99,large_file,4585,90,rare,30,3802,19829,16.08903558884516
100,large_file,3937,85,rare,29,3831,19800,16.211755744572805
101,large_file,3955,87,rare,29,3860,19771,16.334475900300454
102,large_file,3978,89,rare,29,3889,19742,16.4571960560281
103,large_file,4028,90,rare,29,3918,19713,16.579916211755744
104,large_file,4045,90,rare,29,3947,19684,16.70263636748339
105,large_file,4108,88,rare,29,3976,19655,16.825356523211035
106,large_file,4191,91,rare,29,4005,19626,16.948076678938683
107,large_file,4367,90,rare,29,4034,19597,17.07079683466633
108,large_file,4376,76,rare,29,4063,19568,17.193516990393974
109,large_file,4469,92,rare,29,4092,19539,17.31623714612162
110,large_file,15174,82,rare,29,4121,19510,17.438957301849264
111,large_file,15181,78,rare,29,4150,19481,17.561677457576913
112,large_file,15238,77,rare,29,4179,19452,17.684397613304558
113,large_file,15301,86,rare,29,4208,19423,17.807117769032203
114,large_file,3939,88,rare,28,4236,19395,17.925606195251998
115,large_file,3948,82,rare,28,4264,19367,18.044094621471796
116,large_file,3968,89,rare,28,4292,19339,18.16258304769159
117,large_file,4001,87,rare,28,4320,19311,18.28107147391139
118,large_file,4114,90,rare,28,4348,19283,18.399559900131184
119,large_file,4285,85,rare,28,4376,19255,18.51804832635098
120,large_file,4286,88,rare,28,4404,19227,18.636536752570777
121,large_file,4341,89,rare,28,4432,19199,18.75502517879057
122,large_file,8827,120,rare,28,4460,19171,18.873513605010366
123,large_file,15149,84,rare,28,4488,19143,18.992002031230165
124,large_file,15173,86,rare,28,4516,19115,19.11049045744996
125,large_file,15254,90,rare,28,4544,19087,19.228978883669757
126,large_file,3957,74,rare,27,4571,19060,19.3432355803817
127,large_file,3960,85,rare,27,4598,19033,19.45749227709365
128,large_file,4116,88,rare,27,4625,19006,19.571748973805594
129,large_file,4337,88,rare,27,4652,18979,19.68600567051754
130,large_file,4377,88,rare,27,4679,18952,19.800262367229486
131,large_file,4505,92,rare,27,4706,18925,19.914519063941434
132,large_file,4816,91,rare,27,4733,18898,20.028775760653378
133,large_file,4891,83,rare,27,4760,18871,20.143032457365326
134,large_file,8754,106,rare,27,4787,18844,20.25728915407727
135,large_file,9635,77,rare,27,4814,18817,20.371545850789218
136,large_file,15164,79,rare,27,4841,18790,20.485802547501162
137,large_file,4030,86,rare,26,4867,18764,20.59582751470526
138,large_file,4102,88,rare,26,4893,18738,20.705852481909357
139,large_file,4107,90,rare,26,4919,18712,20.815877449113454
140,large_file,4303,85,rare,26,4945,18686,20.925902416317548
141,large_file,4371,90,rare,26,4971,18660,21.035927383521646
142,large_file,4382,85,rare,26,4997,18634,21.145952350725743
143,large_file,4385,91,rare,26,5023,18608,21.255977317929837
144,large_file,9550,82,rare,26,5049,18582,21.366002285133934
145,large_file,9568,77,rare,26,5075,18556,21.47602725233803
146,large_file,9768,74,rare,26,5101,18530,21.586052219542125
147,large_file,15153,83,rare,26,5127,18504,21.696077186746223
148,large_file,15198,84,rare,26,5153,18478,21.80610215395032
149,large_file,2791,75,rare,25,5178,18453,21.911895391646567
150,large_file,3987,74,rare,25,5203,18428,22.017688629342814
151,large_file,4149,85,rare,25,5228,18403,22.123481867039057
152,large_file,4328,89,rare,25,5253,18378,22.229275104735304
153,large_file,4456,86,rare,25,5278,18353,22.33506834243155
154,large_file,10499,83,rare,25,5303,18328,22.440861580127798
155,large_file,15195,78,rare,25,5328,18303,22.546654817824045
156,large_file,15221,79,rare,25,5353,18278,22.652448055520292
157,large_file,15267,83,rare,25,5378,18253,22.75824129321654
158,large_file,15315,80,rare,25,5403,18228,22.864034530912782
159,large_file,15474,87,rare,25,5428,18203,22.96982776860903
160,large_file,15581,77,rare,25,5453,18178,23.075621006305276
161,large_file,15763,77,rare,25,5478,18153,23.181414244001523
162,large_file,3979,88,rare,24,5502,18129,23.28297575218992
163,large_file,4009,90,rare,24,5526,18105,23.384537260378316
164,large_file,4133,87,rare,24,5550,18081,23.486098768566713
165,large_file,4203,85,rare,24,5574,18057,23.58766027675511
166,large_file,4206,85,rare,24,5598,18033,23.689221784943506
167,large_file,4226,87,rare,24,5622,18009,23.790783293131902
168,large_file,4268,90,rare,24,5646,17985,23.8923448013203
169,large_file,4515,82,rare,24,5670,17961,23.993906309508695
170,large_file,10602,83,rare,24,5694,17937,24.09546781769709
171,large_file,15152,77,rare,24,5718,17913,24.197029325885488
172,large_file,15252,71,rare,24,5742,17889,24.298590834073885
173,large_file,15293,85,rare,24,5766,17865,24.40015234226228
174,large_file,3950,88,rare,23,5789,17842,24.49748212094283
175,large_file,3989,87,rare,23,5812,17819,24.594811899623377
176,large_file,4038,93,rare,23,5835,17796,24.692141678303923
177,large_file,4067,87,rare,23,5858,17773,24.78947145698447
178,large_file,4257,90,rare,23,5881,17750,24.886801235665015
179,large_file,4399,86,rare,23,5904,17727,24.984131014345564
180,large_file,15150,82,rare,23,5927,17704,25.08146079302611
181,large_file,15212,78,rare,23,5950,17681,25.178790571706656
182,large_file,15263,79,rare,23,5973,17658,25.276120350387203
183,large_file,15472,79,rare,23,5996,17635,25.37345012906775
184,large_file,15563,84,rare,23,6019,17612,25.470779907748298
185,large_file,15696,77,rare,23,6042,17589,25.568109686428844
186,large_file,18554,79,rare,23,6065,17566,25.66543946510939
187,large_file,2701,86,rare,22,6087,17544,25.758537514282086
188,large_file,4076,86,rare,22,6109,17522,25.851635563454785
189,large_file,4264,86,rare,22,6131,17500,25.94473361262748
190,large_file,4484,87,rare,22,6153,17478,26.037831661800176
191,large_file,4576,93,rare,22,6175,17456,26.130929710972875
192,large_file,8873,99,rare,22,6197,17434,26.22402776014557
193,large_file,9063,109,rare,22,6219,17412,26.31712580931827
194,large_file,9076,112,rare,22,6241,17390,26.410223858490966
195,large_file,9202,107,rare,22,6263,17368,26.50332190766366
196,large_file,9559,82,rare,22,6285,17346,26.59641995683636
197,large_file,9724,80,rare,22,6307,17324,26.689518006009056
198,large_file,9795,86,rare,22,6329,17302,26.78261605518175
199,large_file,15148,88,rare,22,6351,17280,26.87571410435445
200,large_file,15175,77,rare,22,6373,17258,26.968812153527146
201,large_file,15214,80,rare,22,6395,17236,27.061910202699842
202,large_file,15220,77,rare,22,6417,17214,27.15500825187254
203,large_file,15308,79,rare,22,6439,17192,27.248106301045237
204,large_file,15385,80,rare,22,6461,17170,27.341204350217936
205,large_file,15889,78,rare,22,6483,17148,27.43430239939063
206,large_file,3942,84,rare,21,6504,17127,27.523168719055477
207,large_file,3986,74,rare,21,6525,17106,27.612035038720325
208,large_file,4084,75,rare,21,6546,17085,27.70090135838517
209,large_file,4129,93,rare,21,6567,17064,27.78976767805002
210,large_file,4246,84,rare,21,6588,17043,27.878633997714868
211,large_file,4425,87,rare,21,6609,17022,27.967500317379713
212,large_file,4519,88,rare,21,6630,17001,28.05636663704456
213,large_file,5047,85,rare,21,6651,16980,28.145232956709407
214,large_file,7057,92,rare,21,6672,16959,28.234099276374256
215,large_file,9167,128,rare,21,6693,16938,28.3229655960391
216,large_file,9835,79,rare,21,6714,16917,28.41183191570395
217,large_file,10135,82,rare,21,6735,16896,28.500698235368795
218,large_file,10484,80,rare,21,6756,16875,28.589564555033643
219,large_file,10591,83,rare,21,6777,16854,28.67843087469849
220,large_file,10783,126,rare,21,6798,16833,28.767297194363337
221,large_file,11915,96,rare,21,6819,16812,28.856163514028182
222,large_file,12551,95,rare,21,6840,16791,28.94502983369303
223,large_file,15155,80,rare,21,6861,16770,29.033896153357876
224,large_file,15215,78,rare,21,6882,16749,29.122762473022725
225,large_file,15223,83,rare,21,6903,16728,29.21162879268757
226,large_file,15368,72,rare,21,6924,16707,29.30049511235242
227,large_file,15438,77,rare,21,6945,16686,29.389361432017264
228,large_file,15468,79,rare,21,6966,16665,29.478227751682113
229,large_file,15564,86,rare,21,6987,16644,29.56709407134696
230,large_file,15632,77,rare,21,7008,16623,29.655960391011806
231,large_file,15969,77,rare,21,7029,16602,29.744826710676655
232,large_file,3980,87,rare,20,7049,16582,29.82946130083365
233,large_file,3981,85,rare,20,7069,16562,29.914095890990648
234,large_file,4046,87,rare,20,7089,16542,29.998730481147646
235,large_file,4078,86,rare,20,7109,16522,30.08336507130464
236,large_file,4125,82,rare,20,7129,16502,30.16799966146164
237,large_file,4254,88,rare,20,7149,16482,30.252634251618638
238,large_file,4314,90,rare,20,7169,16462,30.337268841775632
239,large_file,4327,86,rare,20,7189,16442,30.42190343193263
240,large_file,4387,87,rare,20,7209,16422,30.50653802208963
241,large_file,9013,117,rare,20,7229,16402,30.591172612246623
242,large_file,9111,110,rare,20,7249,16382,30.67580720240362
243,large_file,9223,106,rare,20,7269,16362,30.76044179256062
244,large_file,9741,81,rare,20,7289,16342,30.845076382717618
245,large_file,10766,92,rare,20,7309,16322,30.929710972874613
246,large_file,12455,95,rare,20,7329,16302,31.01434556303161
247,large_file,14962,76,rare,20,7349,16282,31.09898015318861
248,large_file,15158,80,rare,20,7369,16262,31.183614743345604
249,large_file,15169,77,rare,20,7389,16242,31.268249333502602
250,large_file,15184,77,rare,20,7409,16222,31.3528839236596
251,large_file,15230,80,rare,20,7429,16202,31.437518513816595
252,large_file,15255,77,rare,20,7449,16182,31.522153103973594
253,large_file,15322,78,rare,20,7469,16162,31.606787694130592
254,large_file,15556,75,rare,20,7489,16142,31.691422284287587
255,large_file,3958,87,rare,20,7509,16122,31.776056874444585
256,large_file,4058,86,rare,19,7528,16103,31.856459735093733
257,large_file,4089,79,rare,19,7547,16084,31.93686259574288
258,large_file,4092,87,rare,19,7566,16065,32.017265456392025
259,large_file,4143,85,rare,19,7585,16046,32.097668317041176
260,large_file,4148,86,rare,19,7604,16027,32.17807117769032
261,large_file,4172,83,rare,19,7623,16008,32.25847403833947
262,large_file,4184,87,rare,19,7642,15989,32.338876898988616
263,large_file,4187,87,rare,19,7661,15970,32.41927975963777
264,large_file,4212,88,rare,19,7680,15951,32.49968262028691
265,large_file,4370,89,rare,19,7699,15932,32.580085480936056
266,large_file,4730,88,rare,19,7718,15913,32.66048834158521
267,large_file,8822,122,rare,19,7737,15894,32.74089120223435
268,large_file,8957,108,rare,19,7756,15875,32.8212940628835
269,large_file,8958,104,rare,19,7775,15856,32.90169692353265
270,large_file,8980,113,rare,19,7794,15837,32.9820997841818
271,large_file,8992,110,rare,19,7813,15818,33.06250264483094
272,large_file,9324,112,rare,19,7832,15799,33.14290550548009
273,large_file,9575,78,rare,19,7851,15780,33.22330836612924
274,large_file,10896,83,rare,19,7870,15761,33.30371122677838
275,large_file,11353,95,rare,19,7889,15742,33.384114087427534
276,large_file,11939,95,rare,19,7908,15723,33.46451694807668
277,large_file,12355,79,rare,19,7927,15704,33.54491980872583
278,large_file,15170,75,rare,19,7946,15685,33.625322669374974
279,large_file,15208,77,rare,19,7965,15666,33.70572553002412
280,large_file,15242,81,rare,19,7984,15647,33.78612839067327
281,large_file,15268,76,rare,19,8003,15628,33.866531251322414
282,large_file,15328,84,rare,19,8022,15609,33.946934111971565
283,large_file,15349,83,rare,19,8041,15590,34.02733697262071
284,large_file,15374,73,rare,19,8060,15571,34.10773983326986
285,large_file,15375,71,rare,19,8079,15552,34.188142693919005
286,large_file,15414,79,rare,19,8098,15533,34.26854555456815
287,large_file,15426,78,rare,19,8117,15514,34.3489484152173
288,large_file,15482,79,rare,19,8136,15495,34.429351275866445
289,large_file,15491,75,rare,19,8155,15476,34.509754136515596
290,large_file,15526,80,rare,19,8174,15457,34.59015699716474
291,large_file,15537,72,rare,19,8193,15438,34.67055985781389
292,large_file,15688,75,rare,19,8212,15419,34.750962718463036
293,large_file,16043,75,rare,19,8231,15400,34.83136557911218
294,large_file,3970,85,rare,19,8250,15381,34.91176843976133
295,large_file,4053,82,rare,19,8269,15362,34.992171300410476
296,large_file,4255,88,rare,18,8287,15344,35.06834243155178
297,large_file,4270,83,rare,18,8305,15326,35.14451356269307
298,large_file,4315,87,rare,18,8323,15308,35.22068469383437
299,large_file,4410,87,rare,18,8341,15290,35.296855824975665
300,large_file,4532,93,rare,18,8359,15272,35.373026956116966
301,large_file,4699,83,rare,18,8377,15254,35.44919808725826
302,large_file,6703,91,rare,18,8395,15236,35.52536921839956
303,large_file,6971,81,rare,18,8413,15218,35.601540349540855
304,large_file,8823,123,rare,18,8431,15200,35.677711480682156
305,large_file,9533,73,rare,18,8449,15182,35.75388261182345
306,large_file,10064,124,rare,18,8467,15164,35.83005374296475
307,large_file,11829,94,rare,18,8485,15146,35.906224874106044
308,large_file,15161,77,rare,18,8503,15128,35.982396005247345
309,large_file,15185,80,rare,18,8521,15110,36.05856713638864
310,large_file,15194,77,rare,18,8539,15092,36.13473826752994
311,large_file,15199,82,rare,18,8557,15074,36.210909398671234
312,large_file,15213,80,rare,18,8575,15056,36.287080529812535
313,large_file,15232,72,rare,18,8593,15038,36.36325166095383
314,large_file,15297,78,rare,18,8611,15020,36.43942279209513
315,large_file,15302,77,rare,18,8629,15002,36.51559392323642
316,large_file,15355,80,rare,18,8647,14984,36.591765054377724
317,large_file,15356,83,rare,18,8665,14966,36.667936185519025
318,large_file,15362,74,rare,18,8683,14948,36.74410731666032
319,large_file,15391,74,rare,18,8701,14930,36.82027844780162
320,large_file,15516,81,rare,18,8719,14912,36.896449578942914
321,large_file,15519,83,rare,18,8737,14894,36.972620710084215
322,large_file,15533,76,rare,18,8755,14876,37.04879184122551
323,large_file,15757,79,rare,18,8773,14858,37.12496297236681
324,large_file,16082,73,rare,18,8791,14840,37.2011341035081
325,large_file,1208,75,rare,18,8809,14822,37.277305234649404
326,large_file,3966,88,rare,18,8827,14804,37.3534763657907
327,large_file,4003,86,rare,17,8844,14787,37.42541576742415
328,large_file,4083,83,rare,17,8861,14770,37.49735516905759
329,large_file,4105,85,rare,17,8878,14753,37.56929457069104
330,large_file,4195,74,rare,17,8895,14736,37.641233972324486
331,large_file,4204,83,rare,17,8912,14719,37.713173373957936
332,large_file,4249,87,rare,17,8929,14702,37.78511277559139
333,large_file,4269,91,rare,17,8946,14685,37.85705217722483
334,large_file,4467,86,rare,17,8963,14668,37.92899157885828
335,large_file,6160,79,rare,17,8980,14651,38.000930980491724
336,large_file,8819,124,rare,17,8997,14634,38.072870382125174
337,large_file,8954,110,rare,17,9014,14617,38.144809783758625
338,large_file,9135,115,rare,17,9031,14600,38.21674918539207
339,large_file,9591,82,rare,17,9048,14583,38.28868858702552
340,large_file,11233,95,rare,17,9065,14566,38.36062798865896
341,large_file,11294,94,rare,17,9082,14549,38.43256739029241
342,large_file,12450,95,rare,17,9099,14532,38.50450679192586
343,large_file,15205,83,rare,17,9116,14515,38.576446193559306
344,large_file,15224,79,rare,17,9133,14498,38.64838559519276
345,large_file,15226,77,rare,17,9150,14481,38.7203249968262
346,large_file,15257,79,rare,17,9167,14464,38.79226439845965
347,large_file,15274,78,rare,17,9184,14447,38.8642038000931
348,large_file,15276,70,rare,17,9201,14430,38.936143201726544
349,large_file,15319,74,rare,17,9218,14413,39.008082603359995
350,large_file,15320,72,rare,17,9235,14396,39.08002200499344
351,large_file,15380,77,rare,17,9252,14379,39.15196140662689
352,large_file,15402,79,rare,17,9269,14362,39.22390080826034
353,large_file,15432,78,rare,17,9286,14345,39.29584020989378
354,large_file,15653,76,rare,17,9303,14328,39.36777961152723
355,large_file,16030,77,rare,17,9320,14311,39.439719013160676
356,large_file,3991,83,rare,17,9337,14294,39.51165841479413
357,large_file,4020,85,rare,17,9354,14277,39.58359781642758
358,large_file,4043,84,rare,17,9371,14260,39.65553721806102
359,large_file,4134,86,rare,16,9387,14244,39.72324489018662
360,large_file,4316,84,rare,16,9403,14228,39.790952562312214
361,large_file,4318,84,rare,16,9419,14212,39.858660234437814
362,large_file,4418,83,rare,16,9435,14196,39.926367906563414
363,large_file,4426,86,rare,16,9451,14180,39.994075578689014
364,large_file,4575,87,rare,16,9467,14164,40.06178325081461
365,large_file,4664,85,rare,16,9483,14148,40.12949092294021
366,large_file,8758,109,rare,16,9499,14132,40.19719859506581
367,large_file,9010,104,rare,16,9515,14116,40.2649062671914
368,large_file,9041,111,rare,16,9531,14100,40.332613939317
369,large_file,9061,115,rare,16,9547,14084,40.4003216114426
370,large_file,9073,117,rare,16,9563,14068,40.46802928356819
371,large_file,9184,107,rare,16,9579,14052,40.53573695569379
372,large_file,9640,119,rare,16,9595,14036,40.60344462781939
373,large_file,10068,78,rare,16,9611,14020,40.671152299944985
374,large_file,10125,82,rare,16,9627,14004,40.738859972070586
375,large_file,10391,74,rare,16,9643,13988,40.806567644196186
376,large_file,10737,79,rare,16,9659,13972,40.87427531632178
377,large_file,11586,95,rare,16,9675,13956,40.94198298844738
378,large_file,11764,75,rare,16,9691,13940,41.00969066057298
379,large_file,12523,93,rare,16,9707,13924,41.07739833269857
380,large_file,12545,95,rare,16,9723,13908,41.14510600482417
381,large_file,15187,77,rare,16,9739,13892,41.21281367694977
382,large_file,15191,77,rare,16,9755,13876,41.280521349075364
383,large_file,15193,78,rare,16,9771,13860,41.348229021200964
384,large_file,15202,78,rare,16,9787,13844,41.415936693326564
385,large_file,15227,78,rare,16,9803,13828,41.48364436545216
386,large_file,15235,78,rare,16,9819,13812,41.55135203757776
387,large_file,15262,77,rare,16,9835,13796,41.61905970970336
388,large_file,15269,77,rare,16,9851,13780,41.68676738182895
389,large_file,15296,75,rare,16,9867,13764,41.75447505395455
390,large_file,15329,71,rare,16,9883,13748,41.82218272608015
391,large_file,15338,84,rare,16,9899,13732,41.88989039820574
392,large_file,15417,72,rare,16,9915,13716,41.95759807033134
393,large_file,15495,79,rare,16,9931,13700,42.02530574245694
394,large_file,15542,87,rare,16,9947,13684,42.09301341458254
395,large_file,15761,76,rare,16,9963,13668,42.160721086708136
396,large_file,15880,73,rare,16,9979,13652,42.228428758833736
397,large_file,15885,78,rare,16,9995,13636,42.296136430959336
398,large_file,16024,76,rare,16,10011,13620,42.36384410308493
399,large_file,16045,81,rare,16,10027,13604,42.43155177521053
400,large_file,2039,81,rare,16,10043,13588,42.49925944733613
401,large_file,3941,85,rare,16,10059,13572,42.56696711946172
402,large_file,4018,84,rare,16,10075,13556,42.63467479158732
403,large_file,4090,85,rare,15,10090,13541,42.69815073420507
404,large_file,4118,71,rare,15,10105,13526,42.761626676822814
405,large_file,4170,87,rare,15,10120,13511,42.825102619440564
406,large_file,4174,82,rare,15,10135,13496,42.88857856205831
407,large_file,4183,85,rare,15,10150,13481,42.95205450467606
408,large_file,4218,88,rare,15,10165,13466,43.015530447293806
409,large_file,4247,85,rare,15,10180,13451,43.079006389911555
410,large_file,4279,74,rare,15,10195,13436,43.142482332529305
411,large_file,4357,81,rare,15,10210,13421,43.205958275147054
412,large_file,4366,90,rare,15,10225,13406,43.269434217764804
413,large_file,4397,83,rare,15,10240,13391,43.332910160382546
414,large_file,4413,82,rare,15,10255,13376,43.396386103000296
415,large_file,4477,88,rare,15,10270,13361,43.459862045618046
416,large_file,4507,82,rare,15,10285,13346,43.523337988235795
417,large_file,4798,90,rare,15,10300,13331,43.58681393085354
418,large_file,4915,77,rare,15,10315,13316,43.65028987347129
419,large_file,8812,115,rare,15,10330,13301,43.71376581608904
420,large_file,8824,123,rare,15,10345,13286,43.777241758706786
421,large_file,8995,125,rare,15,10360,13271,43.84071770132453
422,large_file,9025,113,rare,15,10375,13256,43.90419364394228
423,large_file,9030,118,rare,15,10390,13241,43.96766958656003
424,large_file,9165,112,rare,15,10405,13226,44.03114552917778
425,large_file,9587,109,rare,15,10420,13211,44.09462147179552
426,large_file,10053,79,rare,15,10435,13196,44.15809741441327
427,large_file,11576,95,rare,15,10450,13181,44.22157335703102
428,large_file,11700,96,rare,15,10465,13166,44.28504929964877
429,large_file,12399,92,rare,15,10480,13151,44.34852524226651
430,large_file,12451,89,rare,15,10495,13136,44.41200118488426
431,large_file,13139,75,rare,15,10510,13121,44.47547712750201
432,large_file,13285,75,rare,15,10525,13106,44.53895307011976
433,large_file,14513,75,rare,15,10540,13091,44.6024290127375
434,large_file,15168,79,rare,15,10555,13076,44.66590495535525
435,large_file,15196,72,rare,15,10570,13061,44.729380897973
436,large_file,15236,77,rare,15,10585,13046,44.79285684059075
437,large_file,15253,76,rare,15,10600,13031,44.8563327832085
438,large_file,15354,83,rare,15,10615,13016,44.91980872582624
439,large_file,15403,77,rare,15,10630,13001,44.98328466844399
440,large_file,15442,75,rare,15,10645,12986,45.04676061106174
441,large_file,15456,79,rare,15,10660,12971,45.11023655367949
442,large_file,15735,76,rare,15,10675,12956,45.173712496297235
443,large_file,15850,76,rare,15,10690,12941,45.237188438914984
444,large_file,15894,78,rare,15,10705,12926,45.300664381532734
445,large_file,16211,85,rare,15,10720,12911,45.36414032415048
446,large_file,803,74,rare,15,10735,12896,45.427616266768226
447,large_file,4035,88,rare,15,10750,12881,45.491092209385975
448,large_file,4071,88,rare,15,10765,12866,45.554568152003725
449,large_file,4079,86,rare,14,10779,12852,45.613812365113624
450,large_file,4100,86,rare,14,10793,12838,45.67305657822352
451,large_file,4136,85,rare,14,10807,12824,45.732300791333415
452,large_file,4141,83,rare,14,10821,12810,45.791545004443314
453,large_file,4150,80,rare,14,10835,12796,45.85078921755321
454,large_file,4213,73,rare,14,10849,12782,45.91003343066311
455,large_file,4217,84,rare,14,10863,12768,45.96927764377301
456,large_file,4353,88,rare,14,10877,12754,46.02852185688291
457,large_file,4360,84,rare,14,10891,12740,46.0877660699928
458,large_file,4365,90,rare,14,10905,12726,46.1470102831027
459,large_file,4458,91,rare,14,10919,12712,46.2062544962126
460,large_file,4591,75,rare,14,10933,12698,46.2654987093225
461,large_file,4702,85,rare,14,10947,12684,46.3247429224324
462,large_file,4893,84,rare,14,10961,12670,46.3839871355423
463,large_file,7405,74,rare,14,10975,12656,46.44323134865219
464,large_file,7450,88,rare,14,10989,12642,46.50247556176209
465,large_file,8805,96,rare,14,11003,12628,46.56171977487199
466,large_file,8973,111,rare,14,11017,12614,46.62096398798189
467,large_file,8975,101,rare,14,11031,12600,46.68020820109179
468,large_file,9006,105,rare,14,11045,12586,46.739452414201686
469,large_file,9123,124,rare,14,11059,12572,46.798696627311585
470,large_file,9134,106,rare,14,11073,12558,46.85794084042148
471,large_file,9225,119,rare,14,11087,12544,46.91718505353138
472,large_file,9351,100,rare,14,11101,12530,46.976429266641276
473,large_file,9404,117,rare,14,11115,12516,47.035673479751175
474,large_file,9589,100,rare,14,11129,12502,47.094917692861074
475,large_file,9617,82,rare,14,11143,12488,47.15416190597097
476,large_file,9690,77,rare,14,11157,12474,47.213406119080865
477,large_file,9820,84,rare,14,11171,12460,47.272650332190764
478,large_file,10123,121,rare,14,11185,12446,47.33189454530066
479,large_file,10433,95,rare,14,11199,12432,47.39113875841056
480,large_file,10485,93,rare,14,11213,12418,47.45038297152046
481,large_file,10543,78,rare,14,11227,12404,47.50962718463036
482,large_file,10553,79,rare,14,11241,12390,47.56887139774026
483,large_file,12411,94,rare,14,11255,12376,47.62811561085015
484,large_file,12459,96,rare,14,11269,12362,47.68735982396005
485,large_file,15201,76,rare,14,11283,12348,47.74660403706995
486,large_file,15260,78,rare,14,11297,12334,47.80584825017985
487,large_file,15271,74,rare,14,11311,12320,47.86509246328975
488,large_file,15272,77,rare,14,11325,12306,47.92433667639965
489,large_file,15337,80,rare,14,11339,12292,47.98358088950954
490,large_file,15401,73,rare,14,11353,12278,48.04282510261944
491,large_file,15409,77,rare,14,11367,12264,48.10206931572934
492,large_file,15434,73,rare,14,11381,12250,48.16131352883924
493,large_file,15469,81,rare,14,11395,12236,48.220557741949136
494,large_file,15515,80,rare,14,11409,12222,48.279801955059035
495,large_file,15529,71,rare,14,11423,12208,48.33904616816893
496,large_file,15535,79,rare,14,11437,12194,48.39829038127883
497,large_file,15536,80,rare,14,11451,12180,48.457534594388726
498,large_file,15635,78,rare,14,11465,12166,48.516778807498625
499,large_file,15671,78,rare,14,11479,12152,48.576023020608524
500,large_file,15738,80,rare,14,11493,12138,48.63526723371842
501,large_file,15802,76,rare,14,11507,12124,48.69451144682832
502,large_file,15950,80,rare,14,11521,12110,48.753755659938214
503,large_file,15973,78,rare,14,11535,12096,48.81299987304811
504,large_file,15977,71,rare,14,11549,12082,48.87224408615801
505,large_file,16099,70,rare,14,11563,12068,48.93148829926791
506,large_file,721,71,rare,14,11577,12054,48.99073251237781
507,large_file,3982,86,rare,14,11591,12040,49.04997672548771
508,large_file,4011,88,rare,14,11605,12026,49.1092209385976
509,large_file,4066,76,rare,14,11619,12012,49.1684651517075
510,large_file,4097,88,rare,13,11632,11999,49.22347763530955
511,large_file,4154,87,rare,13,11645,11986,49.2784901189116
512,large_file,4180,86,rare,13,11658,11973,49.33350260251365
513,large_file,4273,83,rare,13,11671,11960,49.388515086115696
514,large_file,4333,74,rare,13,11684,11947,49.443527569717745
515,large_file,4373,81,rare,13,11697,11934,49.49854005331979
516,large_file,4516,87,rare,13,11710,11921,49.55355253692184
517,large_file,4526,88,rare,13,11723,11908,49.60856502052389
518,large_file,4606,88,rare,13,11736,11895,49.66357750412594
519,large_file,4641,82,rare,13,11749,11882,49.71858998772798
520,large_file,4646,72,rare,13,11762,11869,49.77360247133003
521,large_file,4813,82,rare,13,11775,11856,49.82861495493208
522,large_file,8773,109,rare,13,11788,11843,49.88362743853413
523,large_file,8779,110,rare,13,11801,11830,49.938639922136176
524,large_file,8998,106,rare,13,11814,11817,49.993652405738224
525,large_file,9089,115,rare,13,11827,11804,50.04866488934027
526,large_file,9178,108,rare,13,11840,11791,50.10367737294232
527,large_file,9198,127,rare,13,11853,11778,50.15868985654437
528,large_file,9345,113,rare,13,11866,11765,50.21370234014642
529,large_file,9441,121,rare,13,11879,11752,50.26871482374847
530,large_file,9470,114,rare,13,11892,11739,50.32372730735052
531,large_file,9625,77,rare,13,11905,11726,50.378739790952565
532,large_file,10281,75,rare,13,11918,11713,50.433752274554614
533,large_file,10673,110,rare,13,11931,11700,50.488764758156655
534,large_file,11215,94,rare,13,11944,11687,50.543777241758704
535,large_file,11421,94,rare,13,11957,11674,50.59878972536075
536,large_file,11649,95,rare,13,11970,11661,50.6538022089628
537,large_file,12362,79,rare,13,11983,11648,50.70881469256485
538,large_file,12512,94,rare,13,11996,11635,50.7638271761669
539,large_file,12546,94,rare,13,12009,11622,50.81883965976895
540,large_file,15183,78,rare,13,12022,11609,50.873852143370996
541,large_file,15217,73,rare,13,12035,11596,50.928864626973045
542,large_file,15287,75,rare,13,12048,11583,50.983877110575094
543,large_file,15321,73,rare,13,12061,11570,51.03888959417714
544,large_file,15323,79,rare,13,12074,11557,51.09390207777919
545,large_file,15341,82,rare,13,12087,11544,51.14891456138124
546,large_file,15342,70,rare,13,12100,11531,51.20392704498328
547,large_file,15404,80,rare,13,12113,11518,51.25893952858533
548,large_file,15481,75,rare,13,12126,11505,51.31395201218738
549,large_file,15484,71,rare,13,12139,11492,51.36896449578943
550,large_file,15679,84,rare,13,12152,11479,51.423976979391476
551,large_file,15769,72,rare,13,12165,11466,51.478989462993525
552,large_file,15895,78,rare,13,12178,11453,51.53400194659557
553,large_file,15956,78,rare,13,12191,11440,51.58901443019762
554,large_file,15957,78,rare,13,12204,11427,51.64402691379967
555,large_file,15974,78,rare,13,12217,11414,51.69903939740172
556,large_file,15991,75,rare,13,12230,11401,51.75405188100377
557,large_file,17622,76,rare,13,12243,11388,51.80906436460582
558,large_file,17704,72,rare,13,12256,11375,51.864076848207866
559,large_file,2200,82,rare,13,12269,11362,51.919089331809914
560,large_file,4010,82,rare,13,12282,11349,51.974101815411956
561,large_file,4224,89,rare,13,12295,11336,52.029114299014005
562,large_file,4233,80,rare,13,12308,11323,52.08412678261605
563,large_file,4309,85,rare,12,12320,11311,52.13490753671025
564,large_file,4335,75,rare,12,12332,11299,52.18568829080445
565,large_file,4352,87,rare,12,12344,11287,52.23646904489865
566,large_file,4359,87,rare,12,12356,11275,52.287249798992846
567,large_file,4453,89,rare,12,12368,11263,52.338030553087044
568,large_file,4521,82,rare,12,12380,11251,52.38881130718124
569,large_file,4541,76,rare,12,12392,11239,52.43959206127544
570,large_file,4564,81,rare,12,12404,11227,52.49037281536964
571,large_file,4722,83,rare,12,12416,11215,52.54115356946384
572,large_file,4812,84,rare,12,12428,11203,52.591934323558036
573,large_file,6556,92,rare,12,12440,11191,52.642715077652234
574,large_file,8817,119,rare,12,12452,11179,52.69349583174643
575,large_file,8907,102,rare,12,12464,11167,52.74427658584063
576,large_file,8960,108,rare,12,12476,11155,52.79505733993483
577,large_file,9019,104,rare,12,12488,11143,52.84583809402903
578,large_file,9166,70,rare,12,12500,11131,52.896618848123225
579,large_file,9300,118,rare,12,12512,11119,52.94739960221742
580,large_file,9409,114,rare,12,12524,11107,52.99818035631162
581,large_file,9480,113,rare,12,12536,11095,53.04896111040582
582,large_file,9898,77,rare,12,12548,11083,53.09974186450002
583,large_file,10098,114,rare,12,12560,11071,53.150522618594216
584,large_file,10128,108,rare,12,12572,11059,53.201303372688415
585,large_file,10340,82,rare,12,12584,11047,53.25208412678261
586,large_file,10698,81,rare,12,12596,11035,53.30286488087681
587,large_file,10744,85,rare,12,12608,11023,53.35364563497101
588,large_file,10821,73,rare,12,12620,11011,53.40442638906521
589,large_file,10913,80,rare,12,12632,10999,53.455207143159406
590,large_file,10947,82,rare,12,12644,10987,53.505987897253604
591,large_file,11750,88,rare,12,12656,10975,53.55676865134781
592,large_file,11858,91,rare,12,12668,10963,53.60754940544201
593,large_file,12199,89,rare,12,12680,10951,53.658330159536206
594,large_file,12856,73,rare,12,12692,10939,53.709110913630404
595,large_file,13434,73,rare,12,12704,10927,53.7598916677246
596,large_file,15156,83,rare,12,12716,10915,53.8106724218188
597,large_file,15222,76,rare,12,12728,10903,53.861453175913
598,large_file,15246,76,rare,12,12740,10891,53.9122339300072
599,large_file,15247,78,rare,12,12752,10879,53.963014684101395
600,large_file,15250,73,rare,12,12764,10867,54.013795438195594
601,large_file,15275,79,rare,12,12776,10855,54.06457619228979
602,large_file,15291,70,rare,12,12788,10843,54.11535694638399
603,large_file,15345,78,rare,12,12800,10831,54.16613770047819
604,large_file,15348,76,rare,12,12812,10819,54.21691845457239
605,large_file,15444,79,rare,12,12824,10807,54.267699208666585
606,large_file,15475,81,rare,12,12836,10795,54.31847996276078
607,large_file,15498,71,rare,12,12848,10783,54.36926071685498
608,large_file,15523,71,rare,12,12860,10771,54.42004147094918
609,large_file,15573,77,rare,12,12872,10759,54.47082222504338
610,large_file,15599,72,rare,12,12884,10747,54.521602979137576
611,large_file,15613,79,rare,12,12896,10735,54.572383733231774
612,large_file,15674,79,rare,12,12908,10723,54.62316448732597
613,large_file,15701,71,rare,12,12920,10711,54.67394524142017
614,large_file,15714,70,rare,12,12932,10699,54.72472599551437
615,large_file,15753,73,rare,12,12944,10687,54.77550674960857
616,large_file,15791,74,rare,12,12956,10675,54.826287503702765
617,large_file,15801,77,rare,12,12968,10663,54.877068257796964
618,large_file,15849,76,rare,12,12980,10651,54.92784901189116
619,large_file,15945,72,rare,12,12992,10639,54.97862976598536
620,large_file,16128,72,rare,12,13004,10627,55.02941052007956
621,large_file,16164,72,rare,12,13016,10615,55.08019127417376
622,large_file,16207,79,rare,12,13028,10603,55.130972028267955
623,large_file,146,69,rare,12,13040,10591,55.18175278236215
624,large_file,3951,84,rare,12,13052,10579,55.23253353645635
625,large_file,3995,73,rare,12,13064,10567,55.28331429055055
626,large_file,4006,84,rare,12,13076,10555,55.33409504464475
627,large_file,4015,84,rare,12,13088,10543,55.384875798738946
628,large_file,4041,81,rare,11,13099,10532,55.431424823325294
629,large_file,4068,84,rare,11,13110,10521,55.47797384791164
630,large_file,4072,85,rare,11,13121,10510,55.52452287249799
631,large_file,4126,88,rare,11,13132,10499,55.57107189708434
632,large_file,4153,88,rare,11,13143,10488,55.617620921670685
633,large_file,4161,86,rare,11,13154,10477,55.66416994625703
634,large_file,4162,78,rare,11,13165,10466,55.71071897084338
635,large_file,4299,79,rare,11,13176,10455,55.757267995429736
636,large_file,4355,88,rare,11,13187,10444,55.80381702001608
637,large_file,4395,74,rare,11,13198,10433,55.85036604460243
638,large_file,4563,81,rare,11,13209,10422,55.89691506918878
639,large_file,4632,82,rare,11,13220,10411,55.94346409377513
640,large_file,4908,84,rare,11,13231,10400,55.990013118361475
641,large_file,4910,88,rare,11,13242,10389,56.03656214294782
642,large_file,7265,75,rare,11,13253,10378,56.08311116753417
643,large_file,8753,101,rare,11,13264,10367,56.12966019212052
644,large_file,8781,109,rare,11,13275,10356,56.176209216706866
645,large_file,8937,103,rare,11,13286,10345,56.222758241293214
646,large_file,8951,107,rare,11,13297,10334,56.26930726587956
647,large_file,9004,116,rare,11,13308,10323,56.315856290465916
648,large_file,9008,96,rare,11,13319,10312,56.362405315052264
649,large_file,9021,114,rare,11,13330,10301,56.40895433963861
650,large_file,9074,111,rare,11,13341,10290,56.45550336422496
651,large_file,9140,111,rare,11,13352,10279,56.50205238881131
652,large_file,9228,101,rare,11,13363,10268,56.548601413397655
653,large_file,9233,98,rare,11,13374,10257,56.595150437984
654,large_file,9248,101,rare,11,13385,10246,56.64169946257035
655,large_file,9249,105,rare,11,13396,10235,56.6882484871567
656,large_file,9269,117,rare,11,13407,10224,56.73479751174305
657,large_file,9317,111,rare,11,13418,10213,56.781346536329394
658,large_file,9361,107,rare,11,13429,10202,56.82789556091575
659,large_file,9367,107,rare,11,13440,10191,56.8744445855021
660,large_file,9711,83,rare,11,13451,10180,56.920993610088445
661,large_file,9938,74,rare,11,13462,10169,56.96754263467479
662,large_file,9983,80,rare,11,13473,10158,57.01409165926114
663,large_file,10048,109,rare,11,13484,10147,57.06064068384749
664,large_file,10067,119,rare,11,13495,10136,57.107189708433836
665,large_file,10350,78,rare,11,13506,10125,57.153738733020184
666,large_file,10382,69,rare,11,13517,10114,57.20028775760653
667,large_file,10752,84,rare,11,13528,10103,57.24683678219288
668,large_file,10836,90,rare,11,13539,10092,57.29338580677923
669,large_file,10930,94,rare,11,13550,10081,57.33993483136558
670,large_file,11473,91,rare,11,13561,10070,57.38648385595193
671,large_file,11618,97,rare,11,13572,10059,57.43303288053828
672,large_file,13524,77,rare,11,13583,10048,57.479581905124626
673,large_file,15179,77,rare,11,13594,10037,57.52613092971097
674,large_file,15273,78,rare,11,13605,10026,57.57267995429732
675,large_file,15332,79,rare,11,13616,10015,57.61922897888367
676,large_file,15358,72,rare,11,13627,10004,57.66577800347002
677,large_file,15471,80,rare,11,13638,9993,57.712327028056364
678,large_file,15497,73,rare,11,13649,9982,57.75887605264271
679,large_file,15505,77,rare,11,13660,9971,57.80542507722906
680,large_file,15561,81,rare,11,13671,9960,57.851974101815415
681,large_file,15605,78,rare,11,13682,9949,57.89852312640176
682,large_file,15618,77,rare,11,13693,9938,57.94507215098811
683,large_file,15623,72,rare,11,13704,9927,57.99162117557446
684,large_file,15680,79,rare,11,13715,9916,58.038170200160806
685,large_file,15731,78,rare,11,13726,9905,58.084719224747154
686,large_file,15742,82,rare,11,13737,9894,58.1312682493335
687,large_file,15785,73,rare,11,13748,9883,58.17781727391985
688,large_file,15884,77,rare,11,13759,9872,58.2243662985062
689,large_file,15927,71,rare,11,13770,9861,58.270915323092545
690,large_file,15940,70,rare,11,13781,9850,58.31746434767889
691,large_file,15947,75,rare,11,13792,9839,58.36401337226525
692,large_file,16040,76,rare,11,13803,9828,58.410562396851596
693,large_file,16292,73,rare,11,13814,9817,58.45711142143794
694,large_file,16874,71,rare,11,13825,9806,58.50366044602429
695,large_file,17008,78,rare,11,13836,9795,58.55020947061064
696,large_file,1406,78,rare,11,13847,9784,58.59675849519699
697,large_file,1966,70,rare,11,13858,9773,58.643307519783335
698,large_file,3943,87,rare,11,13869,9762,58.68985654436968
699,large_file,3952,83,rare,11,13880,9751,58.73640556895603
700,large_file,3956,86,rare,11,13891,9740,58.78295459354238
701,large_file,4135,88,rare,11,13902,9729,58.829503618128726
702,large_file,4144,83,rare,10,13912,9719,58.87182091320723
703,large_file,4152,87,rare,10,13922,9709,58.91413820828573
704,large_file,4155,85,rare,10,13932,9699,58.956455503364225
705,large_file,4190,79,rare,10,13942,9689,58.99877279844272
706,large_file,4228,83,rare,10,13952,9679,59.04109009352122
707,large_file,4230,87,rare,10,13962,9669,59.083407388599724
708,large_file,4248,85,rare,10,13972,9659,59.12572468367822
709,large_file,4300,80,rare,10,13982,9649,59.16804197875672
710,large_file,4326,80,rare,10,13992,9639,59.210359273835216
711,large_file,4429,76,rare,10,14002,9629,59.252676568913714
712,large_file,4457,84,rare,10,14012,9619,59.29499386399221
713,large_file,4470,81,rare,10,14022,9609,59.337311159070715
714,large_file,4518,71,rare,10,14032,9599,59.37962845414921
715,large_file,4584,80,rare,10,14042,9589,59.42194574922771
716,large_file,4601,78,rare,10,14052,9579,59.46426304430621
717,large_file,4607,87,rare,10,14062,9569,59.506580339384705
718,large_file,4630,80,rare,10,14072,9559,59.5488976344632
719,large_file,4651,85,rare,10,14082,9549,59.59121492954171
720,large_file,4672,80,rare,10,14092,9539,59.633532224620204
721,large_file,4755,81,rare,10,14102,9529,59.6758495196987
722,large_file,4903,81,rare,10,14112,9519,59.7181668147772
723,large_file,6504,77,rare,10,14122,9509,59.760484109855696
724,large_file,8895,103,rare,10,14132,9499,59.80280140493419
725,large_file,8948,104,rare,10,14142,9489,59.8451187000127
726,large_file,8999,96,rare,10,14152,9479,59.887435995091195
727,large_file,9007,105,rare,10,14162,9469,59.92975329016969
728,large_file,9009,97,rare,10,14172,9459,59.97207058524819
729,large_file,9034,100,rare,10,14182,9449,60.01438788032669
730,large_file,9043,103,rare,10,14192,9439,60.056705175405185
731,large_file,9051,108,rare,10,14202,9429,60.09902247048369
732,large_file,9148,110,rare,10,14212,9419,60.141339765562186
733,large_file,9197,106,rare,10,14222,9409,60.183657060640684
734,large_file,9243,118,rare,10,14232,9399,60.22597435571918
735,large_file,9311,94,rare,10,14242,9389,60.26829165079768
736,large_file,9352,117,rare,10,14252,9379,60.31060894587618
737,large_file,9417,108,rare,10,14262,9369,60.35292624095468
738,large_file,9423,103,rare,10,14272,9359,60.39524353603318
739,large_file,9485,116,rare,10,14282,9349,60.437560831111675
740,large_file,9536,104,rare,10,14292,9339,60.47987812619017
741,large_file,9656,102,rare,10,14302,9329,60.52219542126867
742,large_file,9752,103,rare,10,14312,9319,60.564512716347174
743,large_file,9760,115,rare,10,14322,9309,60.60683001142567
744,large_file,9843,83,rare,10,14332,9299,60.64914730650417
745,large_file,10028,75,rare,10,14342,9289,60.691464601582666
746,large_file,10046,110,rare,10,14352,9279,60.733781896661164
747,large_file,10504,92,rare,10,14362,9269,60.77609919173966
748,large_file,10705,99,rare,10,14372,9259,60.818416486818165
749,large_file,10855,74,rare,10,14382,9249,60.86073378189666
750,large_file,10965,80,rare,10,14392,9239,60.90305107697516
751,large_file,11819,93,rare,10,14402,9229,60.94536837205366
752,large_file,11887,89,rare,10,14412,9219,60.987685667132155
753,large_file,12338,83,rare,10,14422,9209,61.03000296221065
754,large_file,12396,73,rare,10,14432,9199,61.07232025728916
755,large_file,12457,94,rare,10,14442,9189,61.114637552367654
756,large_file,12464,93,rare,10,14452,9179,61.15695484744615
757,large_file,12468,90,rare,10,14462,9169,61.19927214252465
758,large_file,12472,94,rare,10,14472,9159,61.241589437603146
759,large_file,12552,92,rare,10,14482,9149,61.28390673268165
760,large_file,12884,75,rare,10,14492,9139,61.32622402776015
761,large_file,12936,76,rare,10,14502,9129,61.368541322838645
762,large_file,15209,79,rare,10,14512,9119,61.41085861791714
763,large_file,15225,78,rare,10,14522,9109,61.45317591299564
764,large_file,15233,71,rare,10,14532,9099,61.49549320807414
765,large_file,15279,87,rare,10,14542,9089,61.53781050315264
766,large_file,15316,83,rare,10,14552,9079,61.58012779823114
767,large_file,15381,75,rare,10,14562,9069,61.622445093309636
768,large_file,15398,80,rare,10,14572,9059,61.664762388388134
769,large_file,15400,74,rare,10,14582,9049,61.70707968346663
770,large_file,15413,77,rare,10,14592,9039,61.74939697854513
771,large_file,15421,73,rare,10,14602,9029,61.79171427362363
772,large_file,15446,75,rare,10,14612,9019,61.83403156870213
773,large_file,15520,82,rare,10,14622,9009,61.87634886378063
774,large_file,15524,83,rare,10,14632,8999,61.918666158859125
775,large_file,15575,76,rare,10,14642,8989,61.96098345393762
776,large_file,15587,74,rare,10,14652,8979,62.00330074901612
777,large_file,15697,79,rare,10,14662,8969,62.045618044094624
778,large_file,15715,70,rare,10,14672,8959,62.08793533917312
779,large_file,15718,79,rare,10,14682,8949,62.13025263425162
780,large_file,15759,81,rare,10,14692,8939,62.172569929330116
781,large_file,15851,73,rare,10,14702,8929,62.21488722440861
782,large_file,15944,74,rare,10,14712,8919,62.25720451948711
783,large_file,16038,77,rare,10,14722,8909,62.299521814565615
784,large_file,16069,72,rare,10,14732,8899,62.34183910964411
785,large_file,16094,65,rare,10,14742,8889,62.38415640472261
786,large_file,16104,77,rare,10,14752,8879,62.42647369980111
787,large_file,16145,77,rare,10,14762,8869,62.468790994879605
788,large_file,16199,75,rare,10,14772,8859,62.51110828995811
789,large_file,357,72,rare,10,14782,8849,62.55342558503661
790,large_file,454,71,rare,10,14792,8839,62.595742880115104
791,large_file,1569,79,rare,10,14802,8829,62.6380601751936
792,large_file,3967,80,rare,10,14812,8819,62.6803774702721
793,large_file,4145,84,rare,10,14822,8809,62.722694765350596
794,large_file,4179,79,rare,10,14832,8799,62.7650120604291
795,large_file,4238,85,rare,10,14842,8789,62.8073293555076
796,large_file,4239,85,rare,9,14851,8780,62.845414921078245
797,large_file,4250,86,rare,9,14860,8771,62.88350048664889
798,large_file,4349,84,rare,9,14869,8762,62.921586052219546
799,large_file,4356,80,rare,9,14878,8753,62.95967161779019
800,large_file,4384,84,rare,9,14887,8744,62.99775718336084
801,large_file,4439,89,rare,9,14896,8735,63.035842748931486
802,large_file,4479,81,rare,9,14905,8726,63.07392831450214
803,large_file,4548,86,rare,9,14914,8717,63.11201388007279
804,large_file,4556,80,rare,9,14923,8708,63.150099445643434
805,large_file,4594,89,rare,9,14932,8699,63.18818501121408
806,large_file,4660,85,rare,9,14941,8690,63.226270576784735
807,large_file,4705,78,rare,9,14950,8681,63.26435614235538
808,large_file,4930,79,rare,9,14959,8672,63.30244170792603
809,large_file,5048,88,rare,9,14968,8663,63.340527273496676
810,large_file,5061,79,rare,9,14977,8654,63.37861283906733
811,large_file,5923,72,rare,9,14986,8645,63.41669840463798
812,large_file,7548,75,rare,9,14995,8636,63.454783970208624
813,large_file,8782,108,rare,9,15004,8627,63.49286953577927
814,large_file,8799,110,rare,9,15013,8618,63.530955101349925
815,large_file,8994,107,rare,9,15022,8609,63.56904066692057
816,large_file,9001,95,rare,9,15031,8600,63.60712623249122
817,large_file,9020,110,rare,9,15040,8591,63.645211798061865
818,large_file,9108,115,rare,9,15049,8582,63.68329736363252
819,large_file,9117,108,rare,9,15058,8573,63.721382929203166
820,large_file,9126,98,rare,9,15067,8564,63.75946849477381
821,large_file,9139,111,rare,9,15076,8555,63.79755406034446
822,large_file,9308,96,rare,9,15085,8546,63.835639625915114
823,large_file,9365,107,rare,9,15094,8537,63.87372519148576
824,large_file,9557,101,rare,9,15103,8528,63.91181075705641
825,large_file,9570,86,rare,9,15112,8519,63.949896322627055
826,large_file,9668,82,rare,9,15121,8510,63.98798188819771
827,large_file,9887,98,rare,9,15130,8501,64.02606745376835
828,large_file,9934,113,rare,9,15139,8492,64.064153019339
829,large_file,10017,81,rare,9,15148,8483,64.10223858490966
830,large_file,10095,76,rare,9,15157,8474,64.1403241504803
831,large_file,10102,107,rare,9,15166,8465,64.17840971605095
832,large_file,10107,102,rare,9,15175,8456,64.2164952816216
833,large_file,10124,105,rare,9,15184,8447,64.25458084719224
834,large_file,10175,103,rare,9,15193,8438,64.2926664127629
835,large_file,10262,80,rare,9,15202,8429,64.33075197833354
836,large_file,10274,102,rare,9,15211,8420,64.36883754390419
837,large_file,10369,94,rare,9,15220,8411,64.40692310947485
838,large_file,10401,74,rare,9,15229,8402,64.44500867504549
839,large_file,10535,108,rare,9,15238,8393,64.48309424061614
840,large_file,10618,97,rare,9,15247,8384,64.5211798061868
841,large_file,11080,91,rare,9,15256,8375,64.55926537175743
842,large_file,11179,89,rare,9,15265,8366,64.59735093732809
843,large_file,11204,94,rare,9,15274,8357,64.63543650289874
844,large_file,11730,96,rare,9,15283,8348,64.67352206846938
845,large_file,12041,70,rare,9,15292,8339,64.71160763404004
846,large_file,12520,93,rare,9,15301,8330,64.74969319961068
847,large_file,12525,89,rare,9,15310,8321,64.78777876518133
848,large_file,15040,77,rare,9,15319,8312,64.82586433075198
849,large_file,15160,83,rare,9,15328,8303,64.86394989632262
850,large_file,15171,79,rare,9,15337,8294,64.90203546189328
851,large_file,15219,79,rare,9,15346,8285,64.94012102746393
852,large_file,15231,74,rare,9,15355,8276,64.97820659303457
853,large_file,15237,83,rare,9,15364,8267,65.01629215860522
854,large_file,15295,74,rare,9,15373,8258,65.05437772417586
855,large_file,15318,79,rare,9,15382,8249,65.09246328974652
856,large_file,15324,76,rare,9,15391,8240,65.13054885531717
857,large_file,15335,73,rare,9,15400,8231,65.16863442088781
858,large_file,15351,81,rare,9,15409,8222,65.20671998645847
859,large_file,15353,77,rare,9,15418,8213,65.24480555202912
860,large_file,15370,74,rare,9,15427,8204,65.28289111759976
861,large_file,15376,72,rare,9,15436,8195,65.32097668317041
862,large_file,15377,77,rare,9,15445,8186,65.35906224874105
863,large_file,15382,74,rare,9,15454,8177,65.39714781431171
864,large_file,15410,77,rare,9,15463,8168,65.43523337988236
865,large_file,15449,77,rare,9,15472,8159,65.473318945453
866,large_file,15463,72,rare,9,15481,8150,65.51140451102366
867,large_file,15488,79,rare,9,15490,8141,65.54949007659431
868,large_file,15512,74,rare,9,15499,8132,65.58757564216495
869,large_file,15532,73,rare,9,15508,8123,65.6256612077356
870,large_file,15595,73,rare,9,15517,8114,65.66374677330624
871,large_file,15663,74,rare,9,15526,8105,65.7018323388769
872,large_file,15687,71,rare,9,15535,8096,65.73991790444755
873,large_file,15734,74,rare,9,15544,8087,65.77800347001819
874,large_file,15736,84,rare,9,15553,8078,65.81608903558885
875,large_file,15752,74,rare,9,15562,8069,65.8541746011595
876,large_file,15771,81,rare,9,15571,8060,65.89226016673014
877,large_file,15827,74,rare,9,15580,8051,65.9303457323008
878,large_file,15843,71,rare,9,15589,8042,65.96843129787143
879,large_file,15847,74,rare,9,15598,8033,66.00651686344209
880,large_file,15892,71,rare,9,15607,8024,66.04460242901274
881,large_file,15904,77,rare,9,15616,8015,66.08268799458338
882,large_file,15961,84,rare,9,15625,8006,66.12077356015403
883,large_file,15975,81,rare,9,15634,7997,66.15885912572469
884,large_file,15976,71,rare,9,15643,7988,66.19694469129533
885,large_file,16025,79,rare,9,15652,7979,66.23503025686598
886,large_file,16108,77,rare,9,15661,7970,66.27311582243664
887,large_file,16120,75,rare,9,15670,7961,66.31120138800728
888,large_file,16224,80,rare,9,15679,7952,66.34928695357793
889,large_file,16231,73,rare,9,15688,7943,66.38737251914857
890,large_file,16244,75,rare,9,15697,7934,66.42545808471922
891,large_file,16894,12,rare,9,15706,7925,66.46354365028988
892,large_file,17059,76,rare,9,15715,7916,66.50162921586052
893,large_file,1131,74,rare,9,15724,7907,66.53971478143117
894,large_file,1934,82,rare,9,15733,7898,66.57780034700183
895,large_file,3959,87,rare,9,15742,7889,66.61588591257247
896,large_file,3999,85,rare,9,15751,7880,66.65397147814312
897,large_file,4000,86,rare,9,15760,7871,66.69205704371376
898,large_file,4014,82,rare,9,15769,7862,66.73014260928441
899,large_file,4064,86,rare,9,15778,7853,66.76822817485507
900,large_file,4065,72,rare,9,15787,7844,66.80631374042571
901,large_file,4142,75,rare,9,15796,7835,66.84439930599636
902,large_file,4175,87,rare,9,15805,7826,66.88248487156702
903,large_file,4194,85,rare,8,15813,7818,66.9163387076298
904,large_file,4219,77,rare,8,15821,7810,66.95019254369261
905,large_file,4330,82,rare,8,15829,7802,66.98404637975541
906,large_file,4338,82,rare,8,15837,7794,67.0179002158182
907,large_file,4363,84,rare,8,15845,7786,67.051754051881
908,large_file,4403,86,rare,8,15853,7778,67.08560788794381
909,large_file,4412,84,rare,8,15861,7770,67.1194617240066
910,large_file,4435,68,rare,8,15869,7762,67.1533155600694
911,large_file,4449,81,rare,8,15877,7754,67.1871693961322
912,large_file,4455,83,rare,8,15885,7746,67.221023232195
913,large_file,4485,82,rare,8,15893,7738,67.2548770682578
914,large_file,4500,77,rare,8,15901,7730,67.2887309043206
915,large_file,4679,71,rare,8,15909,7722,67.32258474038339
916,large_file,4724,86,rare,8,15917,7714,67.3564385764462
917,large_file,4728,87,rare,8,15925,7706,67.390292412509
918,large_file,4761,47,rare,8,15933,7698,67.42414624857179
919,large_file,4777,87,rare,8,15941,7690,67.45800008463459
920,large_file,4875,83,rare,8,15949,7682,67.4918539206974
921,large_file,5051,83,rare,8,15957,7674,67.52570775676018
922,large_file,6817,80,rare,8,15965,7666,67.55956159282299
923,large_file,8602,78,rare,8,15973,7658,67.59341542888579
924,large_file,8757,106,rare,8,15981,7650,67.62726926494858
925,large_file,8802,108,rare,8,15989,7642,67.66112310101138
926,large_file,8810,98,rare,8,15997,7634,67.69497693707419
927,large_file,8816,113,rare,8,16005,7626,67.72883077313698
928,large_file,8821,120,rare,8,16013,7618,67.76268460919978
929,large_file,8881,81,rare,8,16021,7610,67.79653844526258
930,large_file,8919,101,rare,8,16029,7602,67.83039228132537
931,large_file,8921,104,rare,8,16037,7594,67.86424611738818
932,large_file,8988,103,rare,8,16045,7586,67.89809995345098
933,large_file,8997,101,rare,8,16053,7578,67.93195378951377
934,large_file,9038,119,rare,8,16061,7570,67.96580762557657
935,large_file,9262,105,rare,8,16069,7562,67.99966146163938
936,large_file,9362,104,rare,8,16077,7554,68.03351529770217
937,large_file,9414,105,rare,8,16085,7546,68.06736913376497
938,large_file,9418,101,rare,8,16093,7538,68.10122296982777
939,large_file,9541,105,rare,8,16101,7530,68.13507680589056
940,large_file,9543,99,rare,8,16109,7522,68.16893064195337
941,large_file,9616,104,rare,8,16117,7514,68.20278447801617
942,large_file,9846,103,rare,8,16125,7506,68.23663831407896
943,large_file,9863,117,rare,8,16133,7498,68.27049215014176
944,large_file,9947,75,rare,8,16141,7490,68.30434598620457
945,large_file,10086,75,rare,8,16149,7482,68.33819982226736
946,large_file,10104,82,rare,8,16157,7474,68.37205365833016
947,large_file,10115,74,rare,8,16165,7466,68.40590749439296
948,large_file,10190,75,rare,8,16173,7458,68.43976133045575
949,large_file,10216,101,rare,8,16181,7450,68.47361516651856
950,large_file,10432,80,rare,8,16189,7442,68.50746900258136
951,large_file,10629,74,rare,8,16197,7434,68.54132283864415
952,large_file,10663,77,rare,8,16205,7426,68.57517667470695
953,large_file,10740,113,rare,8,16213,7418,68.60903051076976
954,large_file,10746,106,rare,8,16221,7410,68.64288434683255
955,large_file,10786,91,rare,8,16229,7402,68.67673818289535
956,large_file,10820,118,rare,8,16237,7394,68.71059201895815
957,large_file,11483,72,rare,8,16245,7386,68.74444585502094
958,large_file,11680,96,rare,8,16253,7378,68.77829969108375
959,large_file,11784,88,rare,8,16261,7370,68.81215352714655
960,large_file,12304,77,rare,8,16269,7362,68.84600736320934
961,large_file,12354,96,rare,8,16277,7354,68.87986119927214
962,large_file,12470,81,rare,8,16285,7346,68.91371503533495
963,large_file,12508,90,rare,8,16293,7338,68.94756887139773
964,large_file,12517,92,rare,8,16301,7330,68.98142270746054
965,large_file,12521,93,rare,8,16309,7322,69.01527654352334
966,large_file,12993,76,rare,8,16317,7314,69.04913037958613
967,large_file,13924,77,rare,8,16325,7306,69.08298421564893
968,large_file,14852,72,rare,8,16333,7298,69.11683805171174
969,large_file,15200,81,rare,8,16341,7290,69.15069188777453
970,large_file,15280,74,rare,8,16349,7282,69.18454572383733
971,large_file,15305,74,rare,8,16357,7274,69.21839955990013
972,large_file,15333,80,rare,8,16365,7266,69.25225339596292
973,large_file,15424,75,rare,8,16373,7258,69.28610723202573
974,large_file,15483,74,rare,8,16381,7250,69.31996106808853
975,large_file,15492,80,rare,8,16389,7242,69.35381490415132
976,large_file,15493,76,rare,8,16397,7234,69.38766874021412
977,large_file,15557,76,rare,8,16405,7226,69.42152257627693
978,large_file,15568,78,rare,8,16413,7218,69.45537641233972
979,large_file,15585,75,rare,8,16421,7210,69.48923024840252
980,large_file,15598,70,rare,8,16429,7202,69.52308408446532
981,large_file,15636,79,rare,8,16437,7194,69.55693792052811
982,large_file,15692,80,rare,8,16445,7186,69.59079175659092
983,large_file,15710,72,rare,8,16453,7178,69.62464559265372
984,large_file,15747,73,rare,8,16461,7170,69.65849942871651
985,large_file,15760,80,rare,8,16469,7162,69.69235326477931
986,large_file,15772,72,rare,8,16477,7154,69.72620710084212
987,large_file,15781,75,rare,8,16485,7146,69.7600609369049
988,large_file,15803,74,rare,8,16493,7138,69.79391477296771
989,large_file,15812,78,rare,8,16501,7130,69.82776860903051
990,large_file,15834,69,rare,8,16509,7122,69.8616224450933
991,large_file,15868,75,rare,8,16517,7114,69.8954762811561
992,large_file,15877,73,rare,8,16525,7106,69.92933011721891
993,large_file,15931,77,rare,8,16533,7098,69.9631839532817
994,large_file,15952,76,rare,8,16541,7090,69.9970377893445
995,large_file,16007,71,rare,8,16549,7082,70.0308916254073
996,large_file,16014,72,rare,8,16557,7074,70.0647454614701
997,large_file,16133,80,rare,8,16565,7066,70.0985992975329
998,large_file,17144,78,rare,8,16573,7058,70.1324531335957
999,large_file,1868,70,rare,8,16581,7050,70.16630696965849
1000,large_file,4016,90,rare,8,16589,7042,70.2001608057213
1001,large_file,4086,83,rare,8,16597,7034,70.2340146417841
1002,large_file,4182,88,rare,8,16605,7026,70.26786847784689
1003,large_file,4222,83,rare,8,16613,7018,70.30172231390969
1004,large_file,4345,88,rare,8,16621,7010,70.3355761499725
1005,large_file,4364,87,rare,8,16629,7002,70.36942998603529
1006,large_file,4409,86,rare,8,16637,6994,70.40328382209809
1007,large_file,4464,82,rare,8,16645,6986,70.43713765816089
1008,large_file,4465,79,rare,8,16653,6978,70.47099149422368
1009,large_file,4466,66,rare,8,16661,6970,70.50484533028649
1010,large_file,4506,88,rare,7,16668,6963,70.53446743684144
1011,large_file,4569,76,rare,7,16675,6956,70.56408954339639
1012,large_file,4592,90,rare,7,16682,6949,70.59371164995133
1013,large_file,4605,70,rare,7,16689,6942,70.62333375650628
1014,large_file,4633,88,rare,7,16696,6935,70.65295586306124
1015,large_file,4643,75,rare,7,16703,6928,70.68257796961618
1016,large_file,4644,69,rare,7,16710,6921,70.71220007617113
1017,large_file,4765,72,rare,7,16717,6914,70.74182218272608
1018,large_file,4911,73,rare,7,16724,6907,70.77144428928104
1019,large_file,6441,69,rare,7,16731,6900,70.80106639583597
1020,large_file,7628,88,rare,7,16738,6893,70.83068850239093
1021,large_file,8545,73,rare,7,16745,6886,70.86031060894588
1022,large_file,8836,89,rare,7,16752,6879,70.88993271550082
1023,large_file,8905,102,rare,7,16759,6872,70.91955482205577
1024,large_file,8908,102,rare,7,16766,6865,70.94917692861073
1025,large_file,8950,87,rare,7,16773,6858,70.97879903516568
1026,large_file,8952,104,rare,7,16780,6851,71.00842114172062
1027,large_file,9015,102,rare,7,16787,6844,71.03804324827557
1028,large_file,9026,107,rare,7,16794,6837,71.06766535483052
1029,large_file,9032,97,rare,7,16801,6830,71.09728746138546
1030,large_file,9107,124,rare,7,16808,6823,71.12690956794042
1031,large_file,9176,107,rare,7,16815,6816,71.15653167449537
1032,large_file,9234,113,rare,7,16822,6809,71.18615378105032
1033,large_file,9245,107,rare,7,16829,6802,71.21577588760526
1034,large_file,9266,91,rare,7,16836,6795,71.24539799416021
1035,large_file,9299,74,rare,7,16843,6788,71.27502010071517
1036,large_file,9306,105,rare,7,16850,6781,71.3046422072701
1037,large_file,9319,112,rare,7,16857,6774,71.33426431382506
1038,large_file,9463,100,rare,7,16864,6767,71.36388642038001
1039,large_file,9530,106,rare,7,16871,6760,71.39350852693495
1040,large_file,9552,104,rare,7,16878,6753,71.4231306334899
1041,large_file,9582,104,rare,7,16885,6746,71.45275274004486
1042,large_file,9583,102,rare,7,16892,6739,71.48237484659981
1043,large_file,9634,112,rare,7,16899,6732,71.51199695315475
1044,large_file,9636,111,rare,7,16906,6725,71.5416190597097
1045,large_file,9796,107,rare,7,16913,6718,71.57124116626466
1046,large_file,9804,73,rare,7,16920,6711,71.6008632728196
1047,large_file,9819,113,rare,7,16927,6704,71.63048537937455
1048,large_file,9855,112,rare,7,16934,6697,71.6601074859295
1049,large_file,9908,96,rare,7,16941,6690,71.68972959248445
1050,large_file,9913,96,rare,7,16948,6683,71.7193516990394
1051,large_file,9975,75,rare,7,16955,6676,71.74897380559435
1052,large_file,10060,103,rare,7,16962,6669,71.7785959121493
1053,large_file,10119,105,rare,7,16969,6662,71.80821801870424
1054,large_file,10132,101,rare,7,16976,6655,71.83784012525919
1055,large_file,10164,104,rare,7,16983,6648,71.86746223181414
1056,large_file,10256,105,rare,7,16990,6641,71.8970843383691
1057,large_file,10331,80,rare,7,16997,6634,71.92670644492404
1058,large_file,10421,74,rare,7,17004,6627,71.95632855147899
1059,large_file,10517,98,rare,7,17011,6620,71.98595065803394
1060,large_file,10621,79,rare,7,17018,6613,72.01557276458888
1061,large_file,10693,76,rare,7,17025,6606,72.04519487114383
1062,large_file,10722,103,rare,7,17032,6599,72.07481697769879
1063,large_file,10741,110,rare,7,17039,6592,72.10443908425374
1064,large_file,10804,100,rare,7,17046,6585,72.13406119080868
1065,large_file,10838,75,rare,7,17053,6578,72.16368329736363
1066,large_file,11372,92,rare,7,17060,6571,72.19330540391859
1067,large_file,11411,94,rare,7,17067,6564,72.22292751047353
1068,large_file,11608,97,rare,7,17074,6557,72.25254961702848
1069,large_file,11701,76,rare,7,17081,6550,72.28217172358343
1070,large_file,11802,88,rare,7,17088,6543,72.31179383013838
1071,large_file,11936,92,rare,7,17095,6536,72.34141593669332
1072,large_file,11956,39,rare,7,17102,6529,72.37103804324828
1073,large_file,12022,65,rare,7,17109,6522,72.40066014980323
1074,large_file,12243,85,rare,7,17116,6515,72.43028225635817
1075,large_file,12257,92,rare,7,17123,6508,72.45990436291312
1076,large_file,12298,90,rare,7,17130,6501,72.48952646946807
1077,large_file,12341,93,rare,7,17137,6494,72.51914857602301
1078,large_file,12412,93,rare,7,17144,6487,72.54877068257797
1079,large_file,12445,92,rare,7,17151,6480,72.57839278913292
1080,large_file,12475,96,rare,7,17158,6473,72.60801489568787
1081,large_file,12502,93,rare,7,17165,6466,72.63763700224281
1082,large_file,13496,78,rare,7,17172,6459,72.66725910879777
1083,large_file,14237,64,rare,7,17179,6452,72.69688121535272
1084,large_file,15110,73,rare,7,17186,6445,72.72650332190766
1085,large_file,15151,79,rare,7,17193,6438,72.75612542846261
1086,large_file,15162,78,rare,7,17200,6431,72.78574753501756
1087,large_file,15292,79,rare,7,17207,6424,72.81536964157252
1088,large_file,15339,79,rare,7,17214,6417,72.84499174812746
1089,large_file,15343,73,rare,7,17221,6410,72.87461385468241
1090,large_file,15344,76,rare,7,17228,6403,72.90423596123736
1091,large_file,15427,82,rare,7,17235,6396,72.9338580677923
1092,large_file,15429,77,rare,7,17242,6389,72.96348017434725
1093,large_file,15437,66,rare,7,17249,6382,72.9931022809022
1094,large_file,15452,82,rare,7,17256,6375,73.02272438745716
1095,large_file,15480,74,rare,7,17263,6368,73.0523464940121
1096,large_file,15551,75,rare,7,17270,6361,73.08196860056705
1097,large_file,15562,79,rare,7,17277,6354,73.111590707122
1098,large_file,15596,75,rare,7,17284,6347,73.14121281367694
1099,large_file,15597,66,rare,7,17291,6340,73.1708349202319
1100,large_file,15602,73,rare,7,17298,6333,73.20045702678685
1101,large_file,15615,72,rare,7,17305,6326,73.2300791333418
1102,large_file,15622,71,rare,7,17312,6319,73.25970123989674
1103,large_file,15700,76,rare,7,17319,6312,73.2893233464517
1104,large_file,15702,74,rare,7,17326,6305,73.31894545300665
1105,large_file,15726,71,rare,7,17333,6298,73.34856755956159
1106,large_file,15750,76,rare,7,17340,6291,73.37818966611654
1107,large_file,15779,71,rare,7,17347,6284,73.4078117726715
1108,large_file,15825,79,rare,7,17354,6277,73.43743387922645
1109,large_file,15855,77,rare,7,17361,6270,73.46705598578139
1110,large_file,15863,79,rare,7,17368,6263,73.49667809233634
1111,large_file,15958,76,rare,7,17375,6256,73.52630019889129
1112,large_file,16053,71,rare,7,17382,6249,73.55592230544623
1113,large_file,16054,69,rare,7,17389,6242,73.58554441200118
1114,large_file,16230,64,rare,7,17396,6235,73.61516651855614
1115,large_file,16245,72,rare,7,17403,6228,73.64478862511108
1116,large_file,16261,73,rare,7,17410,6221,73.67441073166603
1117,large_file,16277,72,rare,7,17417,6214,73.70403283822098
1118,large_file,16466,77,rare,7,17424,6207,73.73365494477594
1119,large_file,16475,69,rare,7,17431,6200,73.76327705133087
1120,large_file,1465,77,rare,7,17438,6193,73.79289915788583
1121,large_file,2472,72,rare,7,17445,6186,73.82252126444078
1122,large_file,3022,80,rare,7,17452,6179,73.85214337099572
1123,large_file,3129,78,rare,7,17459,6172,73.88176547755067
1124,large_file,3997,86,rare,7,17466,6165,73.91138758410563
1125,large_file,4008,85,rare,7,17473,6158,73.94100969066058
1126,large_file,4093,82,rare,7,17480,6151,73.97063179721552
1127,large_file,4099,86,rare,7,17487,6144,74.00025390377047
1128,large_file,4131,76,rare,7,17494,6137,74.02987601032542
1129,large_file,4199,81,rare,7,17501,6130,74.05949811688036
1130,large_file,4220,83,rare,7,17508,6123,74.08912022343532
1131,large_file,4235,82,rare,7,17515,6116,74.11874232999027
1132,large_file,4253,81,rare,7,17522,6109,74.14836443654522
1133,large_file,4258,89,rare,7,17529,6102,74.17798654310016
1134,large_file,4282,79,rare,6,17535,6096,74.20337692014726
1135,large_file,4292,77,rare,6,17541,6090,74.22876729719437
1136,large_file,4408,87,rare,6,17547,6084,74.25415767424147
1137,large_file,4459,89,rare,6,17553,6078,74.27954805128856
1138,large_file,4461,85,rare,6,17559,6072,74.30493842833566
1139,large_file,4493,81,rare,6,17565,6066,74.33032880538276
1140,large_file,4495,80,rare,6,17571,6060,74.35571918242987
1141,large_file,4497,78,rare,6,17577,6054,74.38110955947695
1142,large_file,4510,81,rare,6,17583,6048,74.40649993652406
1143,large_file,4514,82,rare,6,17589,6042,74.43189031357116
1144,large_file,4527,72,rare,6,17595,6036,74.45728069061826
1145,large_file,4528,82,rare,6,17601,6030,74.48267106766535
1146,large_file,4618,84,rare,6,17607,6024,74.50806144471245
1147,large_file,4656,85,rare,6,17613,6018,74.53345182175956
1148,large_file,4675,80,rare,6,17619,6012,74.55884219880666
1149,large_file,4683,72,rare,6,17625,6006,74.58423257585375
1150,large_file,4685,73,rare,6,17631,6000,74.60962295290085
1151,large_file,4788,78,rare,6,17637,5994,74.63501332994795
1152,large_file,4827,85,rare,6,17643,5988,74.66040370699506
1153,large_file,4913,82,rare,6,17649,5982,74.68579408404214
1154,large_file,4932,72,rare,6,17655,5976,74.71118446108925
1155,large_file,5021,82,rare,6,17661,5970,74.73657483813635
1156,large_file,5173,82,rare,6,17667,5964,74.76196521518345
1157,large_file,6806,92,rare,6,17673,5958,74.78735559223054
1158,large_file,7127,80,rare,6,17679,5952,74.81274596927764
1159,large_file,8226,89,rare,6,17685,5946,74.83813634632475
1160,large_file,8449,88,rare,6,17691,5940,74.86352672337185
1161,large_file,8755,103,rare,6,17697,5934,74.88891710041894
1162,large_file,8763,102,rare,6,17703,5928,74.91430747746604
1163,large_file,8784,104,rare,6,17709,5922,74.93969785451314
1164,large_file,8793,105,rare,6,17715,5916,74.96508823156024
1165,large_file,8801,74,rare,6,17721,5910,74.99047860860733
1166,large_file,8804,106,rare,6,17727,5904,75.01586898565444
1167,large_file,8825,120,rare,6,17733,5898,75.04125936270154
1168,large_file,8897,102,rare,6,17739,5892,75.06664973974864
1169,large_file,8901,90,rare,6,17745,5886,75.09204011679573
1170,large_file,8906,105,rare,6,17751,5880,75.11743049384283
1171,large_file,8946,108,rare,6,17757,5874,75.14282087088993
1172,large_file,8967,101,rare,6,17763,5868,75.16821124793704
1173,large_file,8984,123,rare,6,17769,5862,75.19360162498413
1174,large_file,8985,121,rare,6,17775,5856,75.21899200203123
1175,large_file,9014,105,rare,6,17781,5850,75.24438237907833
1176,large_file,9018,96,rare,6,17787,5844,75.26977275612543
1177,large_file,9046,108,rare,6,17793,5838,75.29516313317252
1178,large_file,9047,94,rare,6,17799,5832,75.32055351021963
1179,large_file,9083,91,rare,6,17805,5826,75.34594388726673
1180,large_file,9224,112,rare,6,17811,5820,75.37133426431383
1181,large_file,9323,117,rare,6,17817,5814,75.39672464136092
1182,large_file,9372,100,rare,6,17823,5808,75.42211501840802
1183,large_file,9440,100,rare,6,17829,5802,75.44750539545512
1184,large_file,9442,123,rare,6,17835,5796,75.47289577250223
1185,large_file,9478,102,rare,6,17841,5790,75.49828614954932
1186,large_file,9558,103,rare,6,17847,5784,75.52367652659642
1187,large_file,9586,109,rare,6,17853,5778,75.54906690364352
1188,large_file,9630,111,rare,6,17859,5772,75.57445728069062
1189,large_file,9639,118,rare,6,17865,5766,75.59984765773771
1190,large_file,9646,102,rare,6,17871,5760,75.62523803478481
1191,large_file,9654,98,rare,6,17877,5754,75.65062841183192
1192,large_file,9666,101,rare,6,17883,5748,75.67601878887902
1193,large_file,9751,110,rare,6,17889,5742,75.70140916592611
1194,large_file,9810,107,rare,6,17895,5736,75.72679954297321
1195,large_file,9864,112,rare,6,17901,5730,75.75218992002031
1196,large_file,9869,111,rare,6,17907,5724,75.77758029706742
1197,large_file,10009,76,rare,6,17913,5718,75.8029706741145
1198,large_file,10076,80,rare,6,17919,5712,75.82836105116161
1199,large_file,10089,94,rare,6,17925,5706,75.85375142820871
1200,large_file,10111,103,rare,6,17931,5700,75.87914180525581
1201,large_file,10223,105,rare,6,17937,5694,75.9045321823029
1202,large_file,10246,77,rare,6,17943,5688,75.92992255935
1203,large_file,10299,99,rare,6,17949,5682,75.9553129363971
1204,large_file,10462,81,rare,6,17955,5676,75.98070331344421
1205,large_file,10463,93,rare,6,17961,5670,76.0060936904913
1206,large_file,10478,73,rare,6,17967,5664,76.0314840675384
1207,large_file,10498,101,rare,6,17973,5658,76.0568744445855
1208,large_file,10544,93,rare,6,17979,5652,76.0822648216326
1209,large_file,10599,114,rare,6,17985,5646,76.1076551986797
1210,large_file,10674,76,rare,6,17991,5640,76.1330455757268
1211,large_file,10681,111,rare,6,17997,5634,76.1584359527739
1212,large_file,10702,101,rare,6,18003,5628,76.183826329821
1213,large_file,10726,93,rare,6,18009,5622,76.20921670686809
1214,large_file,10761,96,rare,6,18015,5616,76.2346070839152
1215,large_file,10860,71,rare,6,18021,5610,76.2599974609623
1216,large_file,11129,92,rare,6,18027,5604,76.2853878380094
1217,large_file,11170,94,rare,6,18033,5598,76.31077821505649
1218,large_file,11194,92,rare,6,18039,5592,76.33616859210359
1219,large_file,11275,96,rare,6,18045,5586,76.36155896915069
1220,large_file,11463,92,rare,6,18051,5580,76.3869493461978
1221,large_file,11670,93,rare,6,18057,5574,76.41233972324488
1222,large_file,11710,95,rare,6,18063,5568,76.43773010029199
1223,large_file,11946,89,rare,6,18069,5562,76.46312047733909
1224,large_file,12196,90,rare,6,18075,5556,76.48851085438619
1225,large_file,12205,77,rare,6,18081,5550,76.51390123143328
1226,large_file,12262,91,rare,6,18087,5544,76.53929160848038
1227,large_file,12339,91,rare,6,18093,5538,76.56468198552749
1228,large_file,12364,94,rare,6,18099,5532,76.59007236257459
1229,large_file,12477,91,rare,6,18105,5526,76.61546273962168
1230,large_file,12481,94,rare,6,18111,5520,76.64085311666878
1231,large_file,12490,93,rare,6,18117,5514,76.66624349371588
1232,large_file,13288,66,rare,6,18123,5508,76.69163387076298
1233,large_file,13400,71,rare,6,18129,5502,76.71702424781007
1234,large_file,13426,70,rare,6,18135,5496,76.74241462485718
1235,large_file,13515,74,rare,6,18141,5490,76.76780500190428
1236,large_file,13654,76,rare,6,18147,5484,76.79319537895138
1237,large_file,14053,80,rare,6,18153,5478,76.81858575599847
1238,large_file,14276,72,rare,6,18159,5472,76.84397613304557
1239,large_file,14711,71,rare,6,18165,5466,76.86936651009268
1240,large_file,15180,80,rare,6,18171,5460,76.89475688713978
1241,large_file,15218,79,rare,6,18177,5454,76.92014726418687
1242,large_file,15282,82,rare,6,18183,5448,76.94553764123397
1243,large_file,15303,75,rare,6,18189,5442,76.97092801828107
1244,large_file,15386,75,rare,6,18195,5436,76.99631839532817
1245,large_file,15439,80,rare,6,18201,5430,77.02170877237526
1246,large_file,15460,74,rare,6,18207,5424,77.04709914942237
1247,large_file,15461,72,rare,6,18213,5418,77.07248952646947
1248,large_file,15499,71,rare,6,18219,5412,77.09787990351657
1249,large_file,15559,79,rare,6,18225,5406,77.12327028056367
1250,large_file,15577,78,rare,6,18231,5400,77.14866065761076
1251,large_file,15578,79,rare,6,18237,5394,77.17405103465786
1252,large_file,15588,75,rare,6,18243,5388,77.19944141170497
1253,large_file,15648,72,rare,6,18249,5382,77.22483178875207
1254,large_file,15682,82,rare,6,18255,5376,77.25022216579916
1255,large_file,15699,77,rare,6,18261,5370,77.27561254284626
1256,large_file,15705,79,rare,6,18267,5364,77.30100291989336
1257,large_file,15708,80,rare,6,18273,5358,77.32639329694047
1258,large_file,15719,66,rare,6,18279,5352,77.35178367398755
1259,large_file,15740,79,rare,6,18285,5346,77.37717405103466
1260,large_file,15778,74,rare,6,18291,5340,77.40256442808176
1261,large_file,15799,76,rare,6,18297,5334,77.42795480512886
1262,large_file,15811,75,rare,6,18303,5328,77.45334518217595
1263,large_file,15819,78,rare,6,18309,5322,77.47873555922305
1264,large_file,15856,73,rare,6,18315,5316,77.50412593627016
1265,large_file,15859,75,rare,6,18321,5310,77.52951631331726
1266,large_file,15872,80,rare,6,18327,5304,77.55490669036435
1267,large_file,15900,75,rare,6,18333,5298,77.58029706741145
1268,large_file,15966,74,rare,6,18339,5292,77.60568744445855
1269,large_file,16105,76,rare,6,18345,5286,77.63107782150566
1270,large_file,16137,83,rare,6,18351,5280,77.65646819855274
1271,large_file,16210,72,rare,6,18357,5274,77.68185857559985
1272,large_file,17354,74,rare,6,18363,5268,77.70724895264695
1273,large_file,19380,82,rare,6,18369,5262,77.73263932969405
1274,large_file,256,68,rare,6,18375,5256,77.75802970674114
1275,large_file,579,73,rare,6,18381,5250,77.78342008378824
1276,large_file,1060,76,rare,6,18387,5244,77.80881046083535
1277,large_file,1119,74,rare,6,18393,5238,77.83420083788245
1278,large_file,2371,71,rare,6,18399,5232,77.85959121492954
1279,large_file,2886,78,rare,6,18405,5226,77.88498159197664
1280,large_file,3722,77,rare,6,18411,5220,77.91037196902374
1281,large_file,4002,83,rare,6,18417,5214,77.93576234607085
1282,large_file,4005,82,rare,6,18423,5208,77.96115272311793
1283,large_file,4032,83,rare,6,18429,5202,77.98654310016504
1284,large_file,4160,82,rare,6,18435,5196,78.01193347721214
1285,large_file,4181,81,rare,6,18441,5190,78.03732385425924
1286,large_file,4197,82,rare,6,18447,5184,78.06271423130633
1287,large_file,4201,78,rare,6,18453,5178,78.08810460835343
1288,large_file,4265,83,rare,6,18459,5172,78.11349498540054
1289,large_file,4283,80,rare,6,18465,5166,78.13888536244764
1290,large_file,4294,84,rare,6,18471,5160,78.16427573949473
1291,large_file,4297,88,rare,5,18476,5155,78.18543438703398
1292,large_file,4302,85,rare,5,18481,5150,78.20659303457323
1293,large_file,4325,70,rare,5,18486,5145,78.22775168211248
1294,large_file,4346,84,rare,5,18491,5140,78.24891032965174
1295,large_file,4372,81,rare,5,18496,5135,78.27006897719097
1296,large_file,4398,79,rare,5,18501,5130,78.29122762473023
1297,large_file,4416,78,rare,5,18506,5125,78.31238627226948
1298,large_file,4434,75,rare,5,18511,5120,78.33354491980873
1299,large_file,4447,79,rare,5,18516,5115,78.35470356734797
1300,large_file,4491,74,rare,5,18521,5110,78.37586221488722
1301,large_file,4509,83,rare,5,18526,5105,78.39702086242647
1302,large_file,4537,77,rare,5,18531,5100,78.41817950996573
1303,large_file,4560,83,rare,5,18536,5095,78.43933815750498
1304,large_file,4582,76,rare,5,18541,5090,78.46049680504422
1305,large_file,4593,77,rare,5,18546,5085,78.48165545258347
1306,large_file,4613,79,rare,5,18551,5080,78.50281410012272
1307,large_file,4634,82,rare,5,18556,5075,78.52397274766197
1308,large_file,4636,79,rare,5,18561,5070,78.54513139520122
1309,large_file,4667,71,rare,5,18566,5065,78.56629004274046
1310,large_file,4678,68,rare,5,18571,5060,78.58744869027971
1311,large_file,4689,76,rare,5,18576,5055,78.60860733781897
1312,large_file,4697,73,rare,5,18581,5050,78.62976598535822
1313,large_file,4751,78,rare,5,18586,5045,78.65092463289747
1314,large_file,4806,79,rare,5,18591,5040,78.67208328043671
1315,large_file,4815,84,rare,5,18596,5035,78.69324192797596
1316,large_file,4822,84,rare,5,18601,5030,78.71440057551521
1317,large_file,4882,77,rare,5,18606,5025,78.73555922305447
1318,large_file,4918,71,rare,5,18611,5020,78.75671787059372
1319,large_file,5046,77,rare,5,18616,5015,78.77787651813296
1320,large_file,5242,72,rare,5,18621,5010,78.79903516567221
1321,large_file,5898,66,rare,5,18626,5005,78.82019381321146
1322,large_file,6366,93,rare,5,18631,5000,78.84135246075071
1323,large_file,6720,79,rare,5,18636,4995,78.86251110828997
1324,large_file,7004,64,rare,5,18641,4990,78.8836697558292
1325,large_file,7109,66,rare,5,18646,4985,78.90482840336846
1326,large_file,7122,70,rare,5,18651,4980,78.92598705090771
1327,large_file,8019,84,rare,5,18656,4975,78.94714569844696
1328,large_file,8756,103,rare,5,18661,4970,78.9683043459862
1329,large_file,8788,107,rare,5,18666,4965,78.98946299352545
1330,large_file,8806,106,rare,5,18671,4960,79.0106216410647
1331,large_file,8857,96,rare,5,18676,4955,79.03178028860395
1332,large_file,8888,104,rare,5,18681,4950,79.0529389361432
1333,large_file,8890,99,rare,5,18686,4945,79.07409758368244
1334,large_file,8927,103,rare,5,18691,4940,79.0952562312217
1335,large_file,8947,103,rare,5,18696,4935,79.11641487876095
1336,large_file,8982,84,rare,5,18701,4930,79.1375735263002
1337,large_file,8987,111,rare,5,18706,4925,79.15873217383945
1338,large_file,9000,71,rare,5,18711,4920,79.17989082137869
1339,large_file,9002,102,rare,5,18716,4915,79.20104946891794
1340,large_file,9031,108,rare,5,18721,4910,79.2222081164572
1341,large_file,9057,100,rare,5,18726,4905,79.24336676399645
1342,large_file,9084,98,rare,5,18731,4900,79.2645254115357
1343,large_file,9090,116,rare,5,18736,4895,79.28568405907494
1344,large_file,9115,100,rare,5,18741,4890,79.30684270661419
1345,large_file,9125,96,rare,5,18746,4885,79.32800135415344
1346,large_file,9137,107,rare,5,18751,4880,79.3491600016927
1347,large_file,9160,102,rare,5,18756,4875,79.37031864923195
1348,large_file,9169,98,rare,5,18761,4870,79.39147729677119
1349,large_file,9177,89,rare,5,18766,4865,79.41263594431044
1350,large_file,9190,93,rare,5,18771,4860,79.43379459184969
1351,large_file,9235,98,rare,5,18776,4855,79.45495323938894
1352,large_file,9237,107,rare,5,18781,4850,79.4761118869282
1353,large_file,9252,107,rare,5,18786,4845,79.49727053446743
1354,large_file,9296,100,rare,5,18791,4840,79.51842918200668
1355,large_file,9302,97,rare,5,18796,4835,79.53958782954594
1356,large_file,9309,100,rare,5,18801,4830,79.56074647708519
1357,large_file,9326,102,rare,5,18806,4825,79.58190512462443
1358,large_file,9336,95,rare,5,18811,4820,79.60306377216368
1359,large_file,9426,113,rare,5,18816,4815,79.62422241970293
1360,large_file,9468,113,rare,5,18821,4810,79.64538106724218
1361,large_file,9532,116,rare,5,18826,4805,79.66653971478144
1362,large_file,9538,101,rare,5,18831,4800,79.68769836232067
1363,large_file,9545,107,rare,5,18836,4795,79.70885700985993
1364,large_file,9621,72,rare,5,18841,4790,79.73001565739918
1365,large_file,9643,86,rare,5,18846,4785,79.75117430493843
1366,large_file,9652,105,rare,5,18851,4780,79.77233295247768
1367,large_file,9754,98,rare,5,18856,4775,79.79349160001692
1368,large_file,9769,104,rare,5,18861,4770,79.81465024755617
1369,large_file,9811,115,rare,5,18866,4765,79.83580889509543
1370,large_file,9847,112,rare,5,18871,4760,79.85696754263468
1371,large_file,9857,79,rare,5,18876,4755,79.87812619017393
1372,large_file,9882,92,rare,5,18881,4750,79.89928483771317
1373,large_file,9917,99,rare,5,18886,4745,79.92044348525242
1374,large_file,10069,114,rare,5,18891,4740,79.94160213279167
1375,large_file,10153,107,rare,5,18896,4735,79.96276078033092
1376,large_file,10165,109,rare,5,18901,4730,79.98391942787018
1377,large_file,10188,99,rare,5,18906,4725,80.00507807540941
1378,large_file,10191,98,rare,5,18911,4720,80.02623672294867
1379,large_file,10234,76,rare,5,18916,4715,80.04739537048792
1380,large_file,10248,71,rare,5,18921,4710,80.06855401802717
1381,large_file,10269,99,rare,5,18926,4705,80.08971266556642
1382,large_file,10312,78,rare,5,18931,4700,80.11087131310566
1383,large_file,10409,81,rare,5,18936,4695,80.13202996064491
1384,large_file,10422,76,rare,5,18941,4690,80.15318860818417
1385,large_file,10440,100,rare,5,18946,4685,80.17434725572342
1386,large_file,10476,87,rare,5,18951,4680,80.19550590326266
1387,large_file,10507,80,rare,5,18956,4675,80.21666455080191
1388,large_file,10524,91,rare,5,18961,4670,80.23782319834116
1389,large_file,10531,89,rare,5,18966,4665,80.25898184588041
1390,large_file,10559,109,rare,5,18971,4660,80.28014049341967
1391,large_file,10560,92,rare,5,18976,4655,80.3012991409589
1392,large_file,10584,95,rare,5,18981,4650,80.32245778849816
1393,large_file,10654,121,rare,5,18986,4645,80.34361643603741
1394,large_file,10664,102,rare,5,18991,4640,80.36477508357666
1395,large_file,10672,84,rare,5,18996,4635,80.38593373111591
1396,large_file,10707,92,rare,5,19001,4630,80.40709237865515
1397,large_file,10780,73,rare,5,19006,4625,80.4282510261944
1398,large_file,10875,81,rare,5,19011,4620,80.44940967373365
1399,large_file,10940,95,rare,5,19016,4615,80.4705683212729
1400,large_file,10990,90,rare,5,19021,4610,80.49172696881216
1401,large_file,11148,74,rare,5,19026,4605,80.5128856163514
1402,large_file,11402,91,rare,5,19031,4600,80.53404426389065
1403,large_file,11547,83,rare,5,19036,4595,80.5552029114299
1404,large_file,11944,88,rare,5,19041,4590,80.57636155896915
1405,large_file,12189,69,rare,5,19046,4585,80.5975202065084
1406,large_file,12317,91,rare,5,19051,4580,80.61867885404764
1407,large_file,12372,92,rare,5,19056,4575,80.6398375015869
1408,large_file,12409,91,rare,5,19061,4570,80.66099614912615
1409,large_file,12414,88,rare,5,19066,4565,80.6821547966654
1410,large_file,12444,90,rare,5,19071,4560,80.70331344420465
1411,large_file,12489,96,rare,5,19076,4555,80.72447209174389
1412,large_file,12501,91,rare,5,19081,4550,80.74563073928314
1413,large_file,12511,94,rare,5,19086,4545,80.7667893868224
1414,large_file,12515,94,rare,5,19091,4540,80.78794803436165
1415,large_file,12538,89,rare,5,19096,4535,80.80910668190089
1416,large_file,12617,71,rare,5,19101,4530,80.83026532944014
1417,large_file,13070,76,rare,5,19106,4525,80.85142397697939
1418,large_file,13368,75,rare,5,19111,4520,80.87258262451864
1419,large_file,13556,72,rare,5,19116,4515,80.8937412720579
1420,large_file,13620,68,rare,5,19121,4510,80.91489991959713
1421,large_file,13670,79,rare,5,19126,4505,80.93605856713639
1422,large_file,13721,71,rare,5,19131,4500,80.95721721467564
1423,large_file,14244,70,rare,5,19136,4495,80.97837586221489
1424,large_file,14414,70,rare,5,19141,4490,80.99953450975414
1425,large_file,14599,70,rare,5,19146,4485,81.02069315729338
1426,large_file,15084,68,rare,5,19151,4480,81.04185180483263
1427,large_file,15266,79,rare,5,19156,4475,81.06301045237188
1428,large_file,15284,80,rare,5,19161,4470,81.08416909991114
1429,large_file,15347,76,rare,5,19166,4465,81.10532774745039
1430,large_file,15361,75,rare,5,19171,4460,81.12648639498963
1431,large_file,15445,78,rare,5,19176,4455,81.14764504252888
1432,large_file,15448,81,rare,5,19181,4450,81.16880369006813
1433,large_file,15464,76,rare,5,19186,4445,81.18996233760738
1434,large_file,15490,73,rare,5,19191,4440,81.21112098514664
1435,large_file,15510,72,rare,5,19196,4435,81.23227963268587
1436,large_file,15511,79,rare,5,19201,4430,81.25343828022513
1437,large_file,15530,78,rare,5,19206,4425,81.27459692776438
1438,large_file,15538,70,rare,5,19211,4420,81.29575557530363
1439,large_file,15576,79,rare,5,19216,4415,81.31691422284288
1440,large_file,15582,76,rare,5,19221,4410,81.33807287038212
1441,large_file,15591,76,rare,5,19226,4405,81.35923151792137
1442,large_file,15604,72,rare,5,19231,4400,81.38039016546062
1443,large_file,15642,78,rare,5,19236,4395,81.40154881299988
1444,large_file,15658,71,rare,5,19241,4390,81.42270746053913
1445,large_file,15668,78,rare,5,19246,4385,81.44386610807837
1446,large_file,15673,79,rare,5,19251,4380,81.46502475561762
1447,large_file,15746,72,rare,5,19256,4375,81.48618340315687
1448,large_file,15751,75,rare,5,19261,4370,81.50734205069612
1449,large_file,15764,76,rare,5,19266,4365,81.52850069823536
1450,large_file,15767,80,rare,5,19271,4360,81.54965934577461
1451,large_file,15784,72,rare,5,19276,4355,81.57081799331387
1452,large_file,15790,69,rare,5,19281,4350,81.59197664085312
1453,large_file,15792,79,rare,5,19286,4345,81.61313528839237
1454,large_file,15817,78,rare,5,19291,4340,81.63429393593161
1455,large_file,15824,75,rare,5,19296,4335,81.65545258347086
1456,large_file,15831,70,rare,5,19301,4330,81.67661123101011
1457,large_file,15860,80,rare,5,19306,4325,81.69776987854937
1458,large_file,15865,84,rare,5,19311,4320,81.71892852608862
1459,large_file,15879,72,rare,5,19316,4315,81.74008717362786
1460,large_file,15896,77,rare,5,19321,4310,81.76124582116711
1461,large_file,15897,70,rare,5,19326,4305,81.78240446870636
1462,large_file,15914,72,rare,5,19331,4300,81.80356311624561
1463,large_file,15930,73,rare,5,19336,4295,81.82472176378486
1464,large_file,15941,71,rare,5,19341,4290,81.8458804113241
1465,large_file,15959,80,rare,5,19346,4285,81.86703905886336
1466,large_file,15968,71,rare,5,19351,4280,81.88819770640261
1467,large_file,15970,76,rare,5,19356,4275,81.90935635394186
1468,large_file,15978,76,rare,5,19361,4270,81.93051500148111
1469,large_file,15984,72,rare,5,19366,4265,81.95167364902035
1470,large_file,16048,74,rare,5,19371,4260,81.9728322965596
1471,large_file,16068,71,rare,5,19376,4255,81.99399094409885
1472,large_file,16125,73,rare,5,19381,4250,82.0151495916381
1473,large_file,16130,79,rare,5,19386,4245,82.03630823917736
1474,large_file,16152,82,rare,5,19391,4240,82.0574668867166
1475,large_file,16166,70,rare,5,19396,4235,82.07862553425585
1476,large_file,16217,70,rare,5,19401,4230,82.0997841817951
1477,large_file,16228,78,rare,5,19406,4225,82.12094282933435
1478,large_file,16785,72,rare,5,19411,4220,82.14210147687359
1479,large_file,3924,209,rare,5,19416,4215,82.16326012441284
1480,large_file,4039,75,rare,5,19421,4210,82.1844187719521
1481,large_file,4077,82,rare,5,19426,4205,82.20557741949135
1482,large_file,4087,85,rare,5,19431,4200,82.2267360670306
1483,large_file,4110,78,rare,5,19436,4195,82.24789471456984
1484,large_file,4119,83,rare,5,19441,4190,82.26905336210909
1485,large_file,4123,82,rare,5,19446,4185,82.29021200964834
1486,large_file,4171,81,rare,5,19451,4180,82.3113706571876
1487,large_file,4281,82,rare,5,19456,4175,82.33252930472685
1488,large_file,4307,84,rare,5,19461,4170,82.35368795226609
1489,large_file,4351,70,rare,5,19466,4165,82.37484659980534
1490,large_file,4354,78,rare,5,19471,4160,82.39600524734459
1491,large_file,4389,73,rare,5,19476,4155,82.41716389488384
1492,large_file,4390,87,rare,5,19481,4150,82.4383225424231
1493,large_file,4440,74,rare,5,19486,4145,82.45948118996233
1494,large_file,4471,85,rare,5,19491,4140,82.48063983750158
1495,large_file,4475,82,rare,5,19496,4135,82.50179848504084
1496,large_file,4476,85,rare,5,19501,4130,82.52295713258009
1497,large_file,4504,86,rare,5,19506,4125,82.54411578011934
1498,large_file,4513,84,rare,5,19511,4120,82.56527442765858
1499,large_file,4517,77,rare,5,19516,4115,82.58643307519783
1500,large_file,4523,82,rare,4,19520,4111,82.60335999322923
1501,large_file,4546,80,rare,4,19524,4107,82.62028691126064
1502,large_file,4598,70,rare,4,19528,4103,82.63721382929204
1503,large_file,4610,75,rare,4,19532,4099,82.65414074732342
1504,large_file,4629,77,rare,4,19536,4095,82.67106766535483
1505,large_file,4649,73,rare,4,19540,4091,82.68799458338623
1506,large_file,4657,75,rare,4,19544,4087,82.70492150141763
1507,large_file,4696,79,rare,4,19548,4083,82.72184841944903
1508,large_file,4698,81,rare,4,19552,4079,82.73877533748043
1509,large_file,4707,78,rare,4,19556,4075,82.75570225551182
1510,large_file,4714,79,rare,4,19560,4071,82.77262917354322
1511,large_file,4723,84,rare,4,19564,4067,82.78955609157462
1512,large_file,4729,83,rare,4,19568,4063,82.80648300960603
1513,large_file,4734,62,rare,4,19572,4059,82.82340992763743
1514,large_file,4741,85,rare,4,19576,4055,82.84033684566883
1515,large_file,4745,82,rare,4,19580,4051,82.85726376370022
1516,large_file,4758,74,rare,4,19584,4047,82.87419068173162
1517,large_file,4771,79,rare,4,19588,4043,82.89111759976302
1518,large_file,4795,83,rare,4,19592,4039,82.90804451779442
1519,large_file,4797,78,rare,4,19596,4035,82.92497143582582
1520,large_file,4800,76,rare,4,19600,4031,82.94189835385723
1521,large_file,4844,66,rare,4,19604,4027,82.95882527188861
1522,large_file,4866,75,rare,4,19608,4023,82.97575218992002
1523,large_file,4897,77,rare,4,19612,4019,82.99267910795142
1524,large_file,4923,68,rare,4,19616,4015,83.00960602598282
1525,large_file,4928,67,rare,4,19620,4011,83.02653294401422
1526,large_file,4943,72,rare,4,19624,4007,83.04345986204562
1527,large_file,4949,74,rare,4,19628,4003,83.06038678007702
1528,large_file,4954,68,rare,4,19632,3999,83.07731369810841
1529,large_file,5017,80,rare,4,19636,3995,83.09424061613981
1530,large_file,5037,79,rare,4,19640,3991,83.11116753417122
1531,large_file,5074,86,rare,4,19644,3987,83.12809445220262
1532,large_file,5082,81,rare,4,19648,3983,83.14502137023402
1533,large_file,5148,75,rare,4,19652,3979,83.16194828826542
1534,large_file,5625,74,rare,4,19656,3975,83.17887520629681
1535,large_file,6000,67,rare,4,19660,3971,83.19580212432821
1536,large_file,6033,66,rare,4,19664,3967,83.21272904235961
1537,large_file,6036,63,rare,4,19668,3963,83.22965596039101
1538,large_file,6110,67,rare,4,19672,3959,83.24658287842242
1539,large_file,6138,66,rare,4,19676,3955,83.26350979645382
1540,large_file,6146,67,rare,4,19680,3951,83.2804367144852
1541,large_file,6155,66,rare,4,19684,3947,83.2973636325166
1542,large_file,6990,69,rare,4,19688,3943,83.31429055054801
1543,large_file,7026,70,rare,4,19692,3939,83.33121746857941
1544,large_file,7052,69,rare,4,19696,3935,83.34814438661081
1545,large_file,7070,69,rare,4,19700,3931,83.36507130464221
1546,large_file,7185,68,rare,4,19704,3927,83.3819982226736
1547,large_file,7580,66,rare,4,19708,3923,83.398925140705
1548,large_file,7656,83,rare,4,19712,3919,83.4158520587364
1549,large_file,7759,67,rare,4,19716,3915,83.4327789767678
1550,large_file,7778,71,rare,4,19720,3911,83.44970589479921
1551,large_file,8191,60,rare,4,19724,3907,83.46663281283061
1552,large_file,8775,99,rare,4,19728,3903,83.483559730862
1553,large_file,8794,105,rare,4,19732,3899,83.5004866488934
1554,large_file,8803,105,rare,4,19736,3895,83.5174135669248
1555,large_file,8807,103,rare,4,19740,3891,83.5343404849562
1556,large_file,8832,89,rare,4,19744,3887,83.5512674029876
1557,large_file,8840,89,rare,4,19748,3883,83.568194321019
1558,large_file,8854,87,rare,4,19752,3879,83.5851212390504
1559,large_file,8866,101,rare,4,19756,3875,83.6020481570818
1560,large_file,8903,103,rare,4,19760,3871,83.6189750751132
1561,large_file,8970,105,rare,4,19764,3867,83.6359019931446
1562,large_file,9005,106,rare,4,19768,3863,83.652828911176
1563,large_file,9029,101,rare,4,19772,3859,83.6697558292074
1564,large_file,9044,101,rare,4,19776,3855,83.68668274723879
1565,large_file,9068,102,rare,4,19780,3851,83.70360966527019
1566,large_file,9072,123,rare,4,19784,3847,83.7205365833016
1567,large_file,9099,90,rare,4,19788,3843,83.737463501333
1568,large_file,9101,101,rare,4,19792,3839,83.7543904193644
1569,large_file,9106,115,rare,4,19796,3835,83.7713173373958
1570,large_file,9109,121,rare,4,19800,3831,83.78824425542719
1571,large_file,9114,104,rare,4,19804,3827,83.80517117345859
1572,large_file,9131,104,rare,4,19808,3823,83.82209809148999
1573,large_file,9157,105,rare,4,19812,3819,83.8390250095214
1574,large_file,9181,98,rare,4,19816,3815,83.8559519275528
1575,large_file,9231,93,rare,4,19820,3811,83.8728788455842
1576,large_file,9273,102,rare,4,19824,3807,83.88980576361558
1577,large_file,9289,108,rare,4,19828,3803,83.90673268164699
1578,large_file,9338,108,rare,4,19832,3799,83.92365959967839
1579,large_file,9339,81,rare,4,19836,3795,83.94058651770979
1580,large_file,9344,99,rare,4,19840,3791,83.95751343574119
1581,large_file,9350,104,rare,4,19844,3787,83.9744403537726
1582,large_file,9436,114,rare,4,19848,3783,83.99136727180398
1583,large_file,9443,110,rare,4,19852,3779,84.00829418983538
1584,large_file,9469,115,rare,4,19856,3775,84.02522110786678
1585,large_file,9503,87,rare,4,19860,3771,84.04214802589819
1586,large_file,9520,111,rare,4,19864,3767,84.05907494392959
1587,large_file,9526,110,rare,4,19868,3763,84.07600186196099
1588,large_file,9599,90,rare,4,19872,3759,84.09292877999238
1589,large_file,9653,103,rare,4,19876,3755,84.10985569802378
1590,large_file,9663,97,rare,4,19880,3751,84.12678261605518
1591,large_file,9756,100,rare,4,19884,3747,84.14370953408658
1592,large_file,9775,104,rare,4,19888,3743,84.16063645211798
1593,large_file,9779,82,rare,4,19892,3739,84.17756337014939
1594,large_file,9783,94,rare,4,19896,3735,84.19449028818077
1595,large_file,9789,113,rare,4,19900,3731,84.21141720621218
1596,large_file,9793,104,rare,4,19904,3727,84.22834412424358
1597,large_file,9799,103,rare,4,19908,3723,84.24527104227498
1598,large_file,9849,79,rare,4,19912,3719,84.26219796030638
1599,large_file,9870,91,rare,4,19916,3715,84.27912487833778
1600,large_file,9904,90,rare,4,19920,3711,84.29605179636917
1601,large_file,9907,77,rare,4,19924,3707,84.31297871440057
1602,large_file,9915,77,rare,4,19928,3703,84.32990563243197
1603,large_file,9918,99,rare,4,19932,3699,84.34683255046338
1604,large_file,9933,86,rare,4,19936,3695,84.36375946849478
1605,large_file,9943,98,rare,4,19940,3691,84.38068638652618
1606,large_file,10071,116,rare,4,19944,3687,84.39761330455757
1607,large_file,10080,101,rare,4,19948,3683,84.41454022258897
1608,large_file,10093,106,rare,4,19952,3679,84.43146714062037
1609,large_file,10149,106,rare,4,19956,3675,84.44839405865177
1610,large_file,10150,76,rare,4,19960,3671,84.46532097668317
1611,large_file,10151,102,rare,4,19964,3667,84.48224789471458
1612,large_file,10158,82,rare,4,19968,3663,84.49917481274596
1613,large_file,10160,104,rare,4,19972,3659,84.51610173077736
1614,large_file,10172,107,rare,4,19976,3655,84.53302864880877
1615,large_file,10174,93,rare,4,19980,3651,84.54995556684017
1616,large_file,10181,106,rare,4,19984,3647,84.56688248487157
1617,large_file,10187,83,rare,4,19988,3643,84.58380940290297
1618,large_file,10189,106,rare,4,19992,3639,84.60073632093436
1619,large_file,10205,94,rare,4,19996,3635,84.61766323896576
1620,large_file,10217,91,rare,4,20000,3631,84.63459015699716
1621,large_file,10238,111,rare,4,20004,3627,84.65151707502856
1622,large_file,10307,91,rare,4,20008,3623,84.66844399305997
1623,large_file,10319,83,rare,4,20012,3619,84.68537091109137
1624,large_file,10323,83,rare,4,20016,3615,84.70229782912276
1625,large_file,10396,96,rare,4,20020,3611,84.71922474715416
1626,large_file,10472,91,rare,4,20024,3607,84.73615166518556
1627,large_file,10546,101,rare,4,20028,3603,84.75307858321696
1628,large_file,10577,76,rare,4,20032,3599,84.77000550124836
1629,large_file,10588,94,rare,4,20036,3595,84.78693241927976
1630,large_file,10622,102,rare,4,20040,3591,84.80385933731115
1631,large_file,10641,85,rare,4,20044,3587,84.82078625534255
1632,large_file,10645,105,rare,4,20048,3583,84.83771317337396
1633,large_file,10649,105,rare,4,20052,3579,84.85464009140536
1634,large_file,10651,115,rare,4,20056,3575,84.87156700943676
1635,large_file,10661,102,rare,4,20060,3571,84.88849392746816
1636,large_file,10684,92,rare,4,20064,3567,84.90542084549955
1637,large_file,10695,104,rare,4,20068,3563,84.92234776353095
1638,large_file,10701,100,rare,4,20072,3559,84.93927468156235
1639,large_file,10721,98,rare,4,20076,3555,84.95620159959375
1640,large_file,10729,106,rare,4,20080,3551,84.97312851762516
1641,large_file,10738,95,rare,4,20084,3547,84.99005543565656
1642,large_file,10765,99,rare,4,20088,3543,85.00698235368795
1643,large_file,10806,117,rare,4,20092,3539,85.02390927171935
1644,large_file,10816,77,rare,4,20096,3535,85.04083618975075
1645,large_file,10835,102,rare,4,20100,3531,85.05776310778215
1646,large_file,11017,91,rare,4,20104,3527,85.07469002581355
1647,large_file,11048,91,rare,4,20108,3523,85.09161694384495
1648,large_file,11302,69,rare,4,20112,3519,85.10854386187634
1649,large_file,11565,92,rare,4,20116,3515,85.12547077990774
1650,large_file,11760,90,rare,4,20120,3511,85.14239769793915
1651,large_file,12127,91,rare,4,20124,3507,85.15932461597055
1652,large_file,12188,93,rare,4,20128,3503,85.17625153400195
1653,large_file,12198,67,rare,4,20132,3499,85.19317845203335
1654,large_file,12215,91,rare,4,20136,3495,85.21010537006474
1655,large_file,12303,87,rare,4,20140,3491,85.22703228809614
1656,large_file,12332,93,rare,4,20144,3487,85.24395920612754
1657,large_file,12346,76,rare,4,20148,3483,85.26088612415894
1658,large_file,12356,78,rare,4,20152,3479,85.27781304219035
1659,large_file,12367,91,rare,4,20156,3475,85.29473996022175
1660,large_file,12375,92,rare,4,20160,3471,85.31166687825315
1661,large_file,12380,92,rare,4,20164,3467,85.32859379628454
1662,large_file,12421,91,rare,4,20168,3463,85.34552071431594
1663,large_file,12426,96,rare,4,20172,3459,85.36244763234734
1664,large_file,12449,95,rare,4,20176,3455,85.37937455037874
1665,large_file,12485,90,rare,4,20180,3451,85.39630146841014
1666,large_file,12493,93,rare,4,20184,3447,85.41322838644155
1667,large_file,12507,90,rare,4,20188,3443,85.43015530447293
1668,large_file,12509,90,rare,4,20192,3439,85.44708222250433
1669,large_file,12510,91,rare,4,20196,3435,85.46400914053574
1670,large_file,12528,91,rare,4,20200,3431,85.48093605856714
1671,large_file,12535,74,rare,4,20204,3427,85.49786297659854
1672,large_file,12539,90,rare,4,20208,3423,85.51478989462994
1673,large_file,12708,73,rare,4,20212,3419,85.53171681266133
1674,large_file,12714,71,rare,4,20216,3415,85.54864373069273
1675,large_file,12804,80,rare,4,20220,3411,85.56557064872413
1676,large_file,12874,80,rare,4,20224,3407,85.58249756675553
1677,large_file,12970,77,rare,4,20228,3403,85.59942448478694
1678,large_file,13177,78,rare,4,20232,3399,85.61635140281834
1679,large_file,13418,71,rare,4,20236,3395,85.63327832084973
1680,large_file,13868,72,rare,4,20240,3391,85.65020523888113
1681,large_file,14077,63,rare,4,20244,3387,85.66713215691253
1682,large_file,14186,66,rare,4,20248,3383,85.68405907494393
1683,large_file,14597,74,rare,4,20252,3379,85.70098599297533
1684,large_file,15186,85,rare,4,20256,3375,85.71791291100674
1685,large_file,15188,74,rare,4,20260,3371,85.73483982903812
1686,large_file,15243,75,rare,4,20264,3367,85.75176674706952
1687,large_file,15251,71,rare,4,20268,3363,85.76869366510093
1688,large_file,15258,80,rare,4,20272,3359,85.78562058313233
1689,large_file,15261,78,rare,4,20276,3355,85.80254750116373
1690,large_file,15265,86,rare,4,20280,3351,85.81947441919513
1691,large_file,15286,72,rare,4,20284,3347,85.83640133722652
1692,large_file,15346,79,rare,4,20288,3343,85.85332825525792
1693,large_file,15352,73,rare,4,20292,3339,85.87025517328932
1694,large_file,15405,71,rare,4,20296,3335,85.88718209132072
1695,large_file,15420,75,rare,4,20300,3331,85.90410900935213
1696,large_file,15436,74,rare,4,20304,3327,85.92103592738353
1697,large_file,15450,72,rare,4,20308,3323,85.93796284541492
1698,large_file,15459,77,rare,4,20312,3319,85.95488976344632
1699,large_file,15478,73,rare,4,20316,3315,85.97181668147772
1700,large_file,15479,73,rare,4,20320,3311,85.98874359950912
1701,large_file,15501,72,rare,4,20324,3307,86.00567051754052
1702,large_file,15521,70,rare,4,20328,3303,86.02259743557192
1703,large_file,15543,81,rare,4,20332,3299,86.03952435360331
1704,large_file,15565,80,rare,4,20336,3295,86.05645127163471
1705,large_file,15603,78,rare,4,20340,3291,86.07337818966612
1706,large_file,15649,70,rare,4,20344,3287,86.09030510769752
1707,large_file,15657,71,rare,4,20348,3283,86.10723202572892
1708,large_file,15693,80,rare,4,20352,3279,86.12415894376032
1709,large_file,15695,77,rare,4,20356,3275,86.14108586179171
1710,large_file,15729,74,rare,4,20360,3271,86.15801277982311
1711,large_file,15737,76,rare,4,20364,3267,86.17493969785451
1712,large_file,15739,78,rare,4,20368,3263,86.19186661588591
1713,large_file,15758,81,rare,4,20372,3259,86.20879353391732
1714,large_file,15770,71,rare,4,20376,3255,86.22572045194872
1715,large_file,15775,69,rare,4,20380,3251,86.2426473699801
1716,large_file,15776,73,rare,4,20384,3247,86.2595742880115
1717,large_file,15788,74,rare,4,20388,3243,86.27650120604291
1718,large_file,15816,73,rare,4,20392,3239,86.29342812407431
1719,large_file,15820,74,rare,4,20396,3235,86.31035504210571
1720,large_file,15821,83,rare,4,20400,3231,86.32728196013711
1721,large_file,15836,68,rare,4,20404,3227,86.3442088781685
1722,large_file,15866,63,rare,4,20408,3223,86.3611357961999
1723,large_file,15926,73,rare,4,20412,3219,86.3780627142313
1724,large_file,15965,72,rare,4,20416,3215,86.3949896322627
1725,large_file,15972,77,rare,4,20420,3211,86.41191655029411
1726,large_file,15987,75,rare,4,20424,3207,86.42884346832551
1727,large_file,16001,74,rare,4,20428,3203,86.4457703863569
1728,large_file,16010,79,rare,4,20432,3199,86.4626973043883
1729,large_file,16019,73,rare,4,20436,3195,86.4796242224197
1730,large_file,16034,68,rare,4,20440,3191,86.4965511404511
1731,large_file,16046,77,rare,4,20444,3187,86.5134780584825
1732,large_file,16047,72,rare,4,20448,3183,86.5304049765139
1733,large_file,16064,74,rare,4,20452,3179,86.5473318945453
1734,large_file,16077,71,rare,4,20456,3175,86.5642588125767
1735,large_file,16079,75,rare,4,20460,3171,86.5811857306081
1736,large_file,16084,67,rare,4,20464,3167,86.5981126486395
1737,large_file,16086,72,rare,4,20468,3163,86.6150395666709
1738,large_file,16115,76,rare,4,20472,3159,86.6319664847023
1739,large_file,16121,81,rare,4,20476,3155,86.64889340273369
1740,large_file,16127,74,rare,4,20480,3151,86.66582032076509
1741,large_file,16139,82,rare,4,20484,3147,86.6827472387965
1742,large_file,16196,79,rare,4,20488,3143,86.6996741568279
1743,large_file,16252,68,rare,4,20492,3139,86.7166010748593
1744,large_file,16290,72,rare,4,20496,3135,86.7335279928907
1745,large_file,16336,63,rare,4,20500,3131,86.75045491092209
1746,large_file,16492,68,rare,4,20504,3127,86.76738182895349
1747,large_file,17107,76,rare,4,20508,3123,86.78430874698489
1748,large_file,17503,8,rare,4,20512,3119,86.80123566501629
1749,large_file,17893,80,rare,4,20516,3115,86.8181625830477
1750,large_file,18689,76,rare,4,20520,3111,86.8350895010791
1751,large_file,18918,74,rare,4,20524,3107,86.85201641911048
1752,large_file,19279,73,rare,4,20528,3103,86.86894333714189
1753,large_file,295,47,rare,4,20532,3099,86.88587025517329
1754,large_file,1517,69,rare,4,20536,3095,86.90279717320469
1755,large_file,2824,78,rare,4,20540,3091,86.91972409123609
1756,large_file,3990,86,rare,4,20544,3087,86.9366510092675
1757,large_file,4036,80,rare,4,20548,3083,86.95357792729888
1758,large_file,4057,82,rare,4,20552,3079,86.97050484533028
1759,large_file,4085,85,rare,4,20556,3075,86.98743176336168
1760,large_file,4156,67,rare,4,20560,3071,87.00435868139309
1761,large_file,4198,83,rare,4,20564,3067,87.02128559942449
1762,large_file,4237,75,rare,4,20568,3063,87.03821251745589
1763,large_file,4240,87,rare,4,20572,3059,87.05513943548728
1764,large_file,4288,79,rare,4,20576,3055,87.07206635351868
1765,large_file,4289,66,rare,4,20580,3051,87.08899327155008
1766,large_file,4290,82,rare,4,20584,3047,87.10592018958148
1767,large_file,4291,85,rare,4,20588,3043,87.12284710761288
1768,large_file,4308,86,rare,4,20592,3039,87.13977402564429
1769,large_file,4331,78,rare,4,20596,3035,87.15670094367567
1770,large_file,4379,85,rare,4,20600,3031,87.17362786170708
1771,large_file,4381,69,rare,4,20604,3027,87.19055477973848
1772,large_file,4393,69,rare,4,20608,3023,87.20748169776988
1773,large_file,4415,87,rare,4,20612,3019,87.22440861580128
1774,large_file,4417,71,rare,4,20616,3015,87.24133553383268
1775,large_file,4428,68,rare,4,20620,3011,87.25826245186407
1776,large_file,4443,80,rare,4,20624,3007,87.27518936989547
1777,large_file,4478,80,rare,4,20628,3003,87.29211628792687
1778,large_file,4480,70,rare,4,20632,2999,87.30904320595828
1779,large_file,4488,78,rare,4,20636,2995,87.32597012398968
1780,large_file,4494,86,rare,4,20640,2991,87.34289704202108
1781,large_file,4496,81,rare,3,20643,2988,87.35559223054463
1782,large_file,4498,76,rare,3,20646,2985,87.36828741906817
1783,large_file,4531,77,rare,3,20649,2982,87.38098260759172
1784,large_file,4540,79,rare,3,20652,2979,87.39367779611527
1785,large_file,4545,74,rare,3,20655,2976,87.40637298463882
1786,large_file,4547,75,rare,3,20658,2973,87.41906817316237
1787,large_file,4554,78,rare,3,20661,2970,87.43176336168592
1788,large_file,4555,75,rare,3,20664,2967,87.44445855020948
1789,large_file,4581,83,rare,3,20667,2964,87.45715373873303
1790,large_file,4587,82,rare,3,20670,2961,87.46984892725656
1791,large_file,4589,78,rare,3,20673,2958,87.48254411578012
1792,large_file,4624,78,rare,3,20676,2955,87.49523930430367
1793,large_file,4635,80,rare,3,20679,2952,87.50793449282722
1794,large_file,4650,73,rare,3,20682,2949,87.52062968135077
1795,large_file,4652,76,rare,3,20685,2946,87.53332486987432
1796,large_file,4686,81,rare,3,20688,2943,87.54602005839787
1797,large_file,4708,80,rare,3,20691,2940,87.55871524692142
1798,large_file,4710,87,rare,3,20694,2937,87.57141043544496
1799,large_file,4716,70,rare,3,20697,2934,87.58410562396851
1800,large_file,4718,84,rare,3,20700,2931,87.59680081249206
1801,large_file,4746,81,rare,3,20703,2928,87.60949600101561
1802,large_file,4780,76,rare,3,20706,2925,87.62219118953917
1803,large_file,4791,77,rare,3,20709,2922,87.63488637806272
1804,large_file,4796,76,rare,3,20712,2919,87.64758156658627
1805,large_file,4835,71,rare,3,20715,2916,87.66027675510982
1806,large_file,4859,78,rare,3,20718,2913,87.67297194363336
1807,large_file,4867,75,rare,3,20721,2910,87.68566713215691
1808,large_file,4872,67,rare,3,20724,2907,87.69836232068046
1809,large_file,4878,76,rare,3,20727,2904,87.71105750920401
1810,large_file,4883,82,rare,3,20730,2901,87.72375269772756
1811,large_file,4912,77,rare,3,20733,2898,87.73644788625111
1812,large_file,4927,84,rare,3,20736,2895,87.74914307477466
1813,large_file,4964,68,rare,3,20739,2892,87.76183826329822
1814,large_file,4972,68,rare,3,20742,2889,87.77453345182175
1815,large_file,4976,72,rare,3,20745,2886,87.7872286403453
1816,large_file,4986,66,rare,3,20748,2883,87.79992382886886
1817,large_file,4992,75,rare,3,20751,2880,87.81261901739241
1818,large_file,5005,77,rare,3,20754,2877,87.82531420591596
1819,large_file,5040,82,rare,3,20757,2874,87.83800939443951
1820,large_file,5055,72,rare,3,20760,2871,87.85070458296306
1821,large_file,5070,74,rare,3,20763,2868,87.86339977148661
1822,large_file,5092,81,rare,3,20766,2865,87.87609496001015
1823,large_file,5100,71,rare,3,20769,2862,87.8887901485337
1824,large_file,5117,78,rare,3,20772,2859,87.90148533705725
1825,large_file,5142,71,rare,3,20775,2856,87.9141805255808
1826,large_file,5207,70,rare,3,20778,2853,87.92687571410436
1827,large_file,5219,77,rare,3,20781,2850,87.9395709026279
1828,large_file,5234,78,rare,3,20784,2847,87.95226609115146
1829,large_file,5268,78,rare,3,20787,2844,87.96496127967501
1830,large_file,5557,73,rare,3,20790,2841,87.97765646819855
1831,large_file,5714,72,rare,3,20793,2838,87.9903516567221
1832,large_file,5727,56,rare,3,20796,2835,88.00304684524565
1833,large_file,5917,65,rare,3,20799,2832,88.0157420337692
1834,large_file,5969,67,rare,3,20802,2829,88.02843722229275
1835,large_file,5976,66,rare,3,20805,2826,88.0411324108163
1836,large_file,6090,66,rare,3,20808,2823,88.05382759933985
1837,large_file,6134,65,rare,3,20811,2820,88.0665227878634
1838,large_file,6135,64,rare,3,20814,2817,88.07921797638694
1839,large_file,6157,71,rare,3,20817,2814,88.0919131649105
1840,large_file,6801,66,rare,3,20820,2811,88.10460835343405
1841,large_file,6880,64,rare,3,20823,2808,88.1173035419576
1842,large_file,6890,63,rare,3,20826,2805,88.12999873048115
1843,large_file,6940,66,rare,3,20829,2802,88.1426939190047
1844,large_file,6978,67,rare,3,20832,2799,88.15538910752825
1845,large_file,7010,64,rare,3,20835,2796,88.1680842960518
1846,large_file,7023,69,rare,3,20838,2793,88.18077948457534
1847,large_file,7074,65,rare,3,20841,2790,88.19347467309889
1848,large_file,7077,69,rare,3,20844,2787,88.20616986162244
1849,large_file,7136,69,rare,3,20847,2784,88.218865050146
1850,large_file,7651,21,rare,3,20850,2781,88.23156023866954
1851,large_file,7747,66,rare,3,20853,2778,88.2442554271931
1852,large_file,7756,68,rare,3,20856,2775,88.25695061571665
1853,large_file,7776,69,rare,3,20859,2772,88.2696458042402
1854,large_file,7790,65,rare,3,20862,2769,88.28234099276374
1855,large_file,7849,22,rare,3,20865,2766,88.29503618128729
1856,large_file,8492,70,rare,3,20868,2763,88.30773136981084
1857,large_file,8764,97,rare,3,20871,2760,88.32042655833439
1858,large_file,8791,72,rare,3,20874,2757,88.33312174685794
1859,large_file,8795,106,rare,3,20877,2754,88.34581693538149
1860,large_file,8796,104,rare,3,20880,2751,88.35851212390504
1861,large_file,8813,108,rare,3,20883,2748,88.3712073124286
1862,large_file,8845,93,rare,3,20886,2745,88.38390250095213
1863,large_file,8865,93,rare,3,20889,2742,88.39659768947568
1864,large_file,8870,96,rare,3,20892,2739,88.40929287799923
1865,large_file,8882,94,rare,3,20895,2736,88.42198806652279
1866,large_file,8891,98,rare,3,20898,2733,88.43468325504634
1867,large_file,8900,97,rare,3,20901,2730,88.44737844356989
1868,large_file,8909,103,rare,3,20904,2727,88.46007363209344
1869,large_file,8912,102,rare,3,20907,2724,88.47276882061699
1870,large_file,8915,95,rare,3,20910,2721,88.48546400914053
1871,large_file,8922,102,rare,3,20913,2718,88.49815919766408
1872,large_file,8945,97,rare,3,20916,2715,88.51085438618763
1873,large_file,8959,105,rare,3,20919,2712,88.52354957471118
1874,large_file,8962,107,rare,3,20922,2709,88.53624476323473
1875,large_file,8972,109,rare,3,20925,2706,88.54893995175829
1876,large_file,8979,93,rare,3,20928,2703,88.56163514028184
1877,large_file,9012,113,rare,3,20931,2700,88.57433032880539
1878,large_file,9052,106,rare,3,20934,2697,88.58702551732894
1879,large_file,9059,95,rare,3,20937,2694,88.59972070585248
1880,large_file,9075,100,rare,3,20940,2691,88.61241589437603
1881,large_file,9082,99,rare,3,20943,2688,88.62511108289958
1882,large_file,9153,103,rare,3,20946,2685,88.63780627142313
1883,large_file,9159,99,rare,3,20949,2682,88.65050145994668
1884,large_file,9183,92,rare,3,20952,2679,88.66319664847023
1885,large_file,9195,115,rare,3,20955,2676,88.67589183699378
1886,large_file,9205,80,rare,3,20958,2673,88.68858702551734
1887,large_file,9258,102,rare,3,20961,2670,88.70128221404087
1888,large_file,9263,99,rare,3,20964,2667,88.71397740256442
1889,large_file,9267,106,rare,3,20967,2664,88.72667259108798
1890,large_file,9279,77,rare,3,20970,2661,88.73936777961153
1891,large_file,9341,98,rare,3,20973,2658,88.75206296813508
1892,large_file,9366,101,rare,3,20976,2655,88.76475815665863
1893,large_file,9437,109,rare,3,20979,2652,88.77745334518218
1894,large_file,9444,109,rare,3,20982,2649,88.79014853370573
1895,large_file,9448,103,rare,3,20985,2646,88.80284372222927
1896,large_file,9458,112,rare,3,20988,2643,88.81553891075282
1897,large_file,9466,94,rare,3,20991,2640,88.82823409927637
1898,large_file,9476,93,rare,3,20994,2637,88.84092928779992
1899,large_file,9484,93,rare,3,20997,2634,88.85362447632347
1900,large_file,9544,84,rare,3,21000,2631,88.86631966484703
1901,large_file,9592,106,rare,3,21003,2628,88.87901485337058
1902,large_file,9597,83,rare,3,21006,2625,88.89171004189413
1903,large_file,9629,105,rare,3,21009,2622,88.90440523041767
1904,large_file,9637,114,rare,3,21012,2619,88.91710041894122
1905,large_file,9650,79,rare,3,21015,2616,88.92979560746477
1906,large_file,9661,98,rare,3,21018,2613,88.94249079598832
1907,large_file,9729,73,rare,3,21021,2610,88.95518598451187
1908,large_file,9733,75,rare,3,21024,2607,88.96788117303542
1909,large_file,9742,95,rare,3,21027,2604,88.98057636155897
1910,large_file,9745,121,rare,3,21030,2601,88.99327155008253
1911,large_file,9755,102,rare,3,21033,2598,89.00596673860606
1912,large_file,9757,102,rare,3,21036,2595,89.01866192712961
1913,large_file,9770,103,rare,3,21039,2592,89.03135711565317
1914,large_file,9776,109,rare,3,21042,2589,89.04405230417672
1915,large_file,9786,103,rare,3,21045,2586,89.05674749270027
1916,large_file,9823,104,rare,3,21048,2583,89.06944268122382
1917,large_file,9830,102,rare,3,21051,2580,89.08213786974737
1918,large_file,9841,86,rare,3,21054,2577,89.09483305827092
1919,large_file,9854,81,rare,3,21057,2574,89.10752824679446
1920,large_file,9867,117,rare,3,21060,2571,89.12022343531801
1921,large_file,9920,101,rare,3,21063,2568,89.13291862384156
1922,large_file,9921,105,rare,3,21066,2565,89.14561381236511
1923,large_file,9936,89,rare,3,21069,2562,89.15830900088866
1924,large_file,9964,88,rare,3,21072,2559,89.17100418941222
1925,large_file,10054,100,rare,3,21075,2556,89.18369937793577
1926,large_file,10063,103,rare,3,21078,2553,89.19639456645932
1927,large_file,10085,102,rare,3,21081,2550,89.20908975498286
1928,large_file,10112,101,rare,3,21084,2547,89.2217849435064
1929,large_file,10113,95,rare,3,21087,2544,89.23448013202996
1930,large_file,10138,108,rare,3,21090,2541,89.24717532055351
1931,large_file,10162,118,rare,3,21093,2538,89.25987050907706
1932,large_file,10178,92,rare,3,21096,2535,89.27256569760061
1933,large_file,10184,88,rare,3,21099,2532,89.28526088612416
1934,large_file,10213,103,rare,3,21102,2529,89.29795607464771
1935,large_file,10224,94,rare,3,21105,2526,89.31065126317125
1936,large_file,10235,96,rare,3,21108,2523,89.3233464516948
1937,large_file,10254,81,rare,3,21111,2520,89.33604164021835
1938,large_file,10315,87,rare,3,21114,2517,89.3487368287419
1939,large_file,10334,88,rare,3,21117,2514,89.36143201726546
1940,large_file,10360,94,rare,3,21120,2511,89.37412720578901
1941,large_file,10379,95,rare,3,21123,2508,89.38682239431256
1942,large_file,10420,115,rare,3,21126,2505,89.39951758283611
1943,large_file,10446,80,rare,3,21129,2502,89.41221277135965
1944,large_file,10487,93,rare,3,21132,2499,89.4249079598832
1945,large_file,10497,111,rare,3,21135,2496,89.43760314840675
1946,large_file,10523,68,rare,3,21138,2493,89.4502983369303
1947,large_file,10529,106,rare,3,21141,2490,89.46299352545385
1948,large_file,10576,110,rare,3,21144,2487,89.4756887139774
1949,large_file,10594,92,rare,3,21147,2484,89.48838390250096
1950,large_file,10611,109,rare,3,21150,2481,89.50107909102451
1951,large_file,10710,72,rare,3,21153,2478,89.51377427954804
1952,large_file,10772,94,rare,3,21156,2475,89.5264694680716
1953,large_file,10829,71,rare,3,21159,2472,89.53916465659515
1954,large_file,10866,93,rare,3,21162,2469,89.5518598451187
1955,large_file,10868,73,rare,3,21165,2466,89.56455503364225
1956,large_file,10877,94,rare,3,21168,2463,89.5772502221658
1957,large_file,10972,66,rare,3,21171,2460,89.58994541068935
1958,large_file,11008,92,rare,3,21174,2457,89.6026405992129
1959,large_file,11252,95,rare,3,21177,2454,89.61533578773644
1960,large_file,11494,93,rare,3,21180,2451,89.62803097625999
1961,large_file,11867,92,rare,3,21183,2448,89.64072616478354
1962,large_file,11961,68,rare,3,21186,2445,89.6534213533071
1963,large_file,11988,71,rare,3,21189,2442,89.66611654183065
1964,large_file,12039,89,rare,3,21192,2439,89.6788117303542
1965,large_file,12249,93,rare,3,21195,2436,89.69150691887775
1966,large_file,12292,88,rare,3,21198,2433,89.7042021074013
1967,large_file,12377,93,rare,3,21201,2430,89.71689729592484
1968,large_file,12406,93,rare,3,21204,2427,89.72959248444839
1969,large_file,12443,93,rare,3,21207,2424,89.74228767297194
1970,large_file,12453,92,rare,3,21210,2421,89.75498286149549
1971,large_file,12458,94,rare,3,21213,2418,89.76767805001904
1972,large_file,12471,93,rare,3,21216,2415,89.7803732385426
1973,large_file,12479,93,rare,3,21219,2412,89.79306842706615
1974,large_file,12480,93,rare,3,21222,2409,89.8057636155897
1975,large_file,12486,92,rare,3,21225,2406,89.81845880411323
1976,large_file,12500,91,rare,3,21228,2403,89.83115399263679
1977,large_file,12531,96,rare,3,21231,2400,89.84384918116034
1978,large_file,12547,90,rare,3,21234,2397,89.85654436968389
1979,large_file,12582,93,rare,3,21237,2394,89.86923955820744
1980,large_file,12603,82,rare,3,21240,2391,89.88193474673099
1981,large_file,12729,68,rare,3,21243,2388,89.89462993525454
1982,large_file,12837,73,rare,3,21246,2385,89.9073251237781
1983,large_file,12867,71,rare,3,21249,2382,89.92002031230163
1984,large_file,12914,70,rare,3,21252,2379,89.93271550082518
1985,large_file,12932,75,rare,3,21255,2376,89.94541068934873
1986,large_file,13008,108,rare,3,21258,2373,89.95810587787228
1987,large_file,13538,76,rare,3,21261,2370,89.97080106639584
1988,large_file,13681,81,rare,3,21264,2367,89.98349625491939
1989,large_file,13774,68,rare,3,21267,2364,89.99619144344294
1990,large_file,13836,72,rare,3,21270,2361,90.00888663196649
1991,large_file,13870,81,rare,3,21273,2358,90.02158182049003
1992,large_file,13912,77,rare,3,21276,2355,90.03427700901358
1993,large_file,13984,67,rare,3,21279,2352,90.04697219753713
1994,large_file,14027,65,rare,3,21282,2349,90.05966738606068
1995,large_file,14067,64,rare,3,21285,2346,90.07236257458423
1996,large_file,14284,72,rare,3,21288,2343,90.08505776310778
1997,large_file,14521,72,rare,3,21291,2340,90.09775295163134
1998,large_file,14816,72,rare,3,21294,2337,90.11044814015489
1999,large_file,14879,73,rare,3,21297,2334,90.12314332867842
2000,large_file,15166,77,rare,3,21300,2331,90.13583851720198
2001,large_file,15172,69,rare,3,21303,2328,90.14853370572553
2002,large_file,15176,78,rare,3,21306,2325,90.16122889424908
2003,large_file,15182,74,rare,3,21309,2322,90.17392408277263
2004,large_file,15264,78,rare,3,21312,2319,90.18661927129618
2005,large_file,15285,72,rare,3,21315,2316,90.19931445981973
2006,large_file,15289,76,rare,3,21318,2313,90.21200964834328
2007,large_file,15290,72,rare,3,21321,2310,90.22470483686683
2008,large_file,15294,77,rare,3,21324,2307,90.23740002539037
2009,large_file,15306,77,rare,3,21327,2304,90.25009521391392
2010,large_file,15313,78,rare,3,21330,2301,90.26279040243747
2011,large_file,15327,81,rare,3,21333,2298,90.27548559096103
2012,large_file,15334,76,rare,3,21336,2295,90.28818077948458
2013,large_file,15366,76,rare,3,21339,2292,90.30087596800813
2014,large_file,15393,72,rare,3,21342,2289,90.31357115653168
2015,large_file,15416,72,rare,3,21345,2286,90.32626634505523
2016,large_file,15451,72,rare,3,21348,2283,90.33896153357877
2017,large_file,15470,75,rare,3,21351,2280,90.35165672210232
2018,large_file,15487,72,rare,3,21354,2277,90.36435191062587
2019,large_file,15508,73,rare,3,21357,2274,90.37704709914942
2020,large_file,15517,78,rare,3,21360,2271,90.38974228767297
2021,large_file,15531,76,rare,3,21363,2268,90.40243747619652
2022,large_file,15541,72,rare,3,21366,2265,90.41513266472008
2023,large_file,15550,75,rare,3,21369,2262,90.42782785324363
2024,large_file,15553,76,rare,3,21372,2259,90.44052304176716
2025,large_file,15558,85,rare,3,21375,2256,90.45321823029072
2026,large_file,15569,70,rare,3,21378,2253,90.46591341881427
2027,large_file,15601,70,rare,3,21381,2250,90.47860860733782
2028,large_file,15620,78,rare,3,21384,2247,90.49130379586137
2029,large_file,15631,74,rare,3,21387,2244,90.50399898438492
2030,large_file,15639,72,rare,3,21390,2241,90.51669417290847
2031,large_file,15647,71,rare,3,21393,2238,90.52938936143202
2032,large_file,15681,79,rare,3,21396,2235,90.54208454995556
2033,large_file,15723,70,rare,3,21399,2232,90.55477973847911
2034,large_file,15730,75,rare,3,21402,2229,90.56747492700266
2035,large_file,15745,81,rare,3,21405,2226,90.58017011552622
2036,large_file,15768,76,rare,3,21408,2223,90.59286530404977
2037,large_file,15789,74,rare,3,21411,2220,90.60556049257332
2038,large_file,15858,69,rare,3,21414,2217,90.61825568109687
2039,large_file,15903,76,rare,3,21417,2214,90.63095086962042
2040,large_file,15934,76,rare,3,21420,2211,90.64364605814396
2041,large_file,15938,72,rare,3,21423,2208,90.65634124666751
2042,large_file,15943,73,rare,3,21426,2205,90.66903643519106
2043,large_file,15980,74,rare,3,21429,2202,90.68173162371461
2044,large_file,15982,68,rare,3,21432,2199,90.69442681223816
2045,large_file,15994,75,rare,3,21435,2196,90.70712200076171
2046,large_file,15995,77,rare,3,21438,2193,90.71981718928527
2047,large_file,15999,75,rare,3,21441,2190,90.73251237780882
2048,large_file,16004,76,rare,3,21444,2187,90.74520756633235
2049,large_file,16008,65,rare,3,21447,2184,90.7579027548559
2050,large_file,16009,69,rare,3,21450,2181,90.77059794337946
2051,large_file,16021,72,rare,3,21453,2178,90.78329313190301
2052,large_file,16035,80,rare,3,21456,2175,90.79598832042656
2053,large_file,16037,77,rare,3,21459,2172,90.80868350895011
2054,large_file,16070,70,rare,3,21462,2169,90.82137869747366
2055,large_file,16071,70,rare,3,21465,2166,90.83407388599721
2056,large_file,16075,71,rare,3,21468,2163,90.84676907452075
2057,large_file,16096,73,rare,3,21471,2160,90.8594642630443
2058,large_file,16106,76,rare,3,21474,2157,90.87215945156785
2059,large_file,16155,75,rare,3,21477,2154,90.8848546400914
2060,large_file,16165,70,rare,3,21480,2151,90.89754982861496
2061,large_file,16179,71,rare,3,21483,2148,90.91024501713851
2062,large_file,16193,75,rare,3,21486,2145,90.92294020566206
2063,large_file,16194,68,rare,3,21489,2142,90.93563539418561
2064,large_file,16197,71,rare,3,21492,2139,90.94833058270915
2065,large_file,16205,81,rare,3,21495,2136,90.9610257712327
2066,large_file,16214,78,rare,3,21498,2133,90.97372095975625
2067,large_file,16218,71,rare,3,21501,2130,90.9864161482798
2068,large_file,16234,66,rare,3,21504,2127,90.99911133680335
2069,large_file,16283,59,rare,3,21507,2124,91.0118065253269
2070,large_file,16285,75,rare,3,21510,2121,91.02450171385046
2071,large_file,16426,66,rare,3,21513,2118,91.037196902374
2072,large_file,16601,70,rare,3,21516,2115,91.04989209089754
2073,large_file,16619,65,rare,3,21519,2112,91.0625872794211
2074,large_file,17392,72,rare,3,21522,2109,91.07528246794465
2075,large_file,17462,72,rare,3,21525,2106,91.0879776564682
2076,large_file,18028,74,rare,3,21528,2103,91.10067284499175
2077,large_file,18540,69,rare,3,21531,2100,91.1133680335153
2078,large_file,18749,79,rare,3,21534,2097,91.12606322203885
2079,large_file,18890,79,rare,3,21537,2094,91.1387584105624
2080,large_file,19200,74,rare,3,21540,2091,91.15145359908594
2081,large_file,19215,69,rare,3,21543,2088,91.16414878760949
2082,large_file,96,61,rare,3,21546,2085,91.17684397613304
2083,large_file,118,69,rare,3,21549,2082,91.1895391646566
2084,large_file,272,70,rare,3,21552,2079,91.20223435318015
2085,large_file,397,63,rare,3,21555,2076,91.2149295417037
2086,large_file,547,69,rare,3,21558,2073,91.22762473022725
2087,large_file,716,66,rare,3,21561,2070,91.2403199187508
2088,large_file,839,76,rare,3,21564,2067,91.25301510727434
2089,large_file,912,68,rare,3,21567,2064,91.26571029579789
2090,large_file,1245,65,rare,3,21570,2061,91.27840548432144
2091,large_file,1494,61,rare,3,21573,2058,91.29110067284499
2092,large_file,2307,180,rare,3,21576,2055,91.30379586136854
2093,large_file,2337,68,rare,3,21579,2052,91.3164910498921
2094,large_file,2574,78,rare,3,21582,2049,91.32918623841564
2095,large_file,2604,75,rare,3,21585,2046,91.3418814269392
2096,large_file,3309,74,rare,3,21588,2043,91.35457661546273
2097,large_file,3998,74,rare,3,21591,2040,91.36727180398628
2098,large_file,4055,83,rare,3,21594,2037,91.37996699250984
2099,large_file,4062,88,rare,3,21597,2034,91.39266218103339
2100,large_file,4121,79,rare,3,21600,2031,91.40535736955694
2101,large_file,4137,83,rare,3,21603,2028,91.41805255808049
2102,large_file,4188,63,rare,3,21606,2025,91.43074774660404
2103,large_file,4189,89,rare,3,21609,2022,91.44344293512759
2104,large_file,4271,82,rare,3,21612,2019,91.45613812365113
2105,large_file,4287,74,rare,3,21615,2016,91.46883331217468
2106,large_file,4295,81,rare,3,21618,2013,91.48152850069823
2107,large_file,4298,85,rare,3,21621,2010,91.49422368922178
2108,large_file,4319,79,rare,3,21624,2007,91.50691887774533
2109,large_file,4321,81,rare,3,21627,2004,91.51961406626889
2110,large_file,4380,76,rare,3,21630,2001,91.53230925479244
2111,large_file,4391,78,rare,3,21633,1998,91.54500444331599
2112,large_file,4406,79,rare,3,21636,1995,91.55769963183953
2113,large_file,4411,81,rare,3,21639,1992,91.57039482036308
2114,large_file,4419,79,rare,3,21642,1989,91.58309000888663
2115,large_file,4420,82,rare,3,21645,1986,91.59578519741018
2116,large_file,4446,82,rare,3,21648,1983,91.60848038593373
2117,large_file,4474,78,rare,3,21651,1980,91.62117557445728
2118,large_file,4482,76,rare,3,21654,1977,91.63387076298083
2119,large_file,4502,77,rare,3,21657,1974,91.64656595150439
2120,large_file,4530,82,rare,2,21659,1972,91.65502941052009
2121,large_file,4536,75,rare,2,21661,1970,91.66349286953577
2122,large_file,4544,79,rare,2,21663,1968,91.67195632855147
2123,large_file,4552,84,rare,2,21665,1966,91.68041978756717
2124,large_file,4567,76,rare,2,21667,1964,91.68888324658288
2125,large_file,4572,84,rare,2,21669,1962,91.69734670559858
2126,large_file,4580,81,rare,2,21671,1960,91.70581016461428
2127,large_file,4583,83,rare,2,21673,1958,91.71427362362998
2128,large_file,4595,68,rare,2,21675,1956,91.72273708264568
2129,large_file,4596,86,rare,2,21677,1954,91.73120054166138
2130,large_file,4599,73,rare,2,21679,1952,91.73966400067708
2131,large_file,4615,75,rare,2,21681,1950,91.74812745969278
2132,large_file,4616,76,rare,2,21683,1948,91.75659091870848
2133,large_file,4617,83,rare,2,21685,1946,91.76505437772417
2134,large_file,4619,72,rare,2,21687,1944,91.77351783673987
2135,large_file,4623,81,rare,2,21689,1942,91.78198129575557
2136,large_file,4626,75,rare,2,21691,1940,91.79044475477127
2137,large_file,4627,78,rare,2,21693,1938,91.79890821378697
2138,large_file,4628,80,rare,2,21695,1936,91.80737167280267
2139,large_file,4653,84,rare,2,21697,1934,91.81583513181837
2140,large_file,4661,75,rare,2,21699,1932,91.82429859083408
2141,large_file,4665,74,rare,2,21701,1930,91.83276204984978
2142,large_file,4676,69,rare,2,21703,1928,91.84122550886548
2143,large_file,4677,80,rare,2,21705,1926,91.84968896788118
2144,large_file,4688,72,rare,2,21707,1924,91.85815242689688
2145,large_file,4694,72,rare,2,21709,1922,91.86661588591257
2146,large_file,4713,75,rare,2,21711,1920,91.87507934492827
2147,large_file,4715,80,rare,2,21713,1918,91.88354280394397
2148,large_file,4727,71,rare,2,21715,1916,91.89200626295967
2149,large_file,4733,82,rare,2,21717,1914,91.90046972197537
2150,large_file,4749,78,rare,2,21719,1912,91.90893318099107
2151,large_file,4753,77,rare,2,21721,1910,91.91739664000677
2152,large_file,4756,71,rare,2,21723,1908,91.92586009902247
2153,large_file,4759,75,rare,2,21725,1906,91.93432355803817
2154,large_file,4760,71,rare,2,21727,1904,91.94278701705387
2155,large_file,4766,73,rare,2,21729,1902,91.95125047606957
2156,large_file,4778,78,rare,2,21731,1900,91.95971393508528
2157,large_file,4779,76,rare,2,21733,1898,91.96817739410096
2158,large_file,4786,74,rare,2,21735,1896,91.97664085311666
2159,large_file,4793,78,rare,2,21737,1894,91.98510431213236
2160,large_file,4801,79,rare,2,21739,1892,91.99356777114807
2161,large_file,4807,79,rare,2,21741,1890,92.00203123016377
2162,large_file,4808,78,rare,2,21743,1888,92.01049468917947
2163,large_file,4817,65,rare,2,21745,1886,92.01895814819517
2164,large_file,4828,82,rare,2,21747,1884,92.02742160721087
2165,large_file,4846,73,rare,2,21749,1882,92.03588506622657
2166,large_file,4852,77,rare,2,21751,1880,92.04434852524227
2167,large_file,4855,76,rare,2,21753,1878,92.05281198425797
2168,large_file,4863,70,rare,2,21755,1876,92.06127544327367
2169,large_file,4864,73,rare,2,21757,1874,92.06973890228936
2170,large_file,4868,73,rare,2,21759,1872,92.07820236130506
2171,large_file,4881,83,rare,2,21761,1870,92.08666582032076
2172,large_file,4885,77,rare,2,21763,1868,92.09512927933646
2173,large_file,4901,83,rare,2,21765,1866,92.10359273835216
2174,large_file,4906,82,rare,2,21767,1864,92.11205619736786
2175,large_file,4907,78,rare,2,21769,1862,92.12051965638356
2176,large_file,4924,62,rare,2,21771,1860,92.12898311539927
2177,large_file,4925,82,rare,2,21773,1858,92.13744657441497
2178,large_file,4950,78,rare,2,21775,1856,92.14591003343067
2179,large_file,4956,78,rare,2,21777,1854,92.15437349244637
2180,large_file,4959,70,rare,2,21779,1852,92.16283695146207
2181,large_file,4966,61,rare,2,21781,1850,92.17130041047776
2182,large_file,4971,72,rare,2,21783,1848,92.17976386949346
2183,large_file,4985,61,rare,2,21785,1846,92.18822732850916
2184,large_file,4988,72,rare,2,21787,1844,92.19669078752486
2185,large_file,4990,74,rare,2,21789,1842,92.20515424654056
2186,large_file,4993,77,rare,2,21791,1840,92.21361770555626
2187,large_file,4996,73,rare,2,21793,1838,92.22208116457196
2188,large_file,4998,70,rare,2,21795,1836,92.23054462358766
2189,large_file,5008,74,rare,2,21797,1834,92.23900808260336
2190,large_file,5011,85,rare,2,21799,1832,92.24747154161906
2191,large_file,5023,84,rare,2,21801,1830,92.25593500063476
2192,large_file,5025,76,rare,2,21803,1828,92.26439845965047
2193,large_file,5045,74,rare,2,21805,1826,92.27286191866615
2194,large_file,5050,77,rare,2,21807,1824,92.28132537768185
2195,large_file,5089,74,rare,2,21809,1822,92.28978883669755
2196,large_file,5115,76,rare,2,21811,1820,92.29825229571325
2197,large_file,5119,78,rare,2,21813,1818,92.30671575472896
2198,large_file,5124,68,rare,2,21815,1816,92.31517921374466
2199,large_file,5170,76,rare,2,21817,1814,92.32364267276036
2200,large_file,5210,58,rare,2,21819,1812,92.33210613177606
2201,large_file,5253,67,rare,2,21821,1810,92.34056959079176
2202,large_file,5256,79,rare,2,21823,1808,92.34903304980746
2203,large_file,5377,57,rare,2,21825,1806,92.35749650882316
2204,large_file,5474,70,rare,2,21827,1804,92.36595996783886
2205,large_file,5637,59,rare,2,21829,1802,92.37442342685456
2206,large_file,5681,60,rare,2,21831,1800,92.38288688587025
2207,large_file,5709,55,rare,2,21833,1798,92.39135034488595
2208,large_file,5735,66,rare,2,21835,1796,92.39981380390165
2209,large_file,5756,60,rare,2,21837,1794,92.40827726291735
2210,large_file,5774,60,rare,2,21839,1792,92.41674072193305
2211,large_file,5901,67,rare,2,21841,1790,92.42520418094875
2212,large_file,5928,63,rare,2,21843,1788,92.43366763996445
2213,large_file,5948,62,rare,2,21845,1786,92.44213109898016
2214,large_file,6010,64,rare,2,21847,1784,92.45059455799586
2215,large_file,6048,61,rare,2,21849,1782,92.45905801701156
2216,large_file,6056,64,rare,2,21851,1780,92.46752147602726
2217,large_file,6063,66,rare,2,21853,1778,92.47598493504296
2218,large_file,6072,65,rare,2,21855,1776,92.48444839405865
2219,large_file,6113,66,rare,2,21857,1774,92.49291185307435
2220,large_file,6117,65,rare,2,21859,1772,92.50137531209005
2221,large_file,6124,65,rare,2,21861,1770,92.50983877110575
2222,large_file,6151,68,rare,2,21863,1768,92.51830223012145
2223,large_file,6152,64,rare,2,21865,1766,92.52676568913715
2224,large_file,6161,63,rare,2,21867,1764,92.53522914815285
2225,large_file,6404,76,rare,2,21869,1762,92.54369260716855
2226,large_file,6433,59,rare,2,21871,1760,92.55215606618425
2227,large_file,6487,71,rare,2,21873,1758,92.56061952519995
2228,large_file,6665,59,rare,2,21875,1756,92.56908298421565
2229,large_file,6772,61,rare,2,21877,1754,92.57754644323136
2230,large_file,6791,59,rare,2,21879,1752,92.58600990224704
2231,large_file,6799,63,rare,2,21881,1750,92.59447336126274
2232,large_file,6826,57,rare,2,21883,1748,92.60293682027844
2233,large_file,6831,62,rare,2,21885,1746,92.61140027929414
2234,large_file,6848,69,rare,2,21887,1744,92.61986373830985
2235,large_file,6897,64,rare,2,21889,1742,92.62832719732555
2236,large_file,6936,69,rare,2,21891,1740,92.63679065634125
2237,large_file,6950,63,rare,2,21893,1738,92.64525411535695
2238,large_file,6955,63,rare,2,21895,1736,92.65371757437265
2239,large_file,6960,62,rare,2,21897,1734,92.66218103338835
2240,large_file,6994,63,rare,2,21899,1732,92.67064449240405
2241,large_file,7041,72,rare,2,21901,1730,92.67910795141975
2242,large_file,7072,65,rare,2,21903,1728,92.68757141043544
2243,large_file,7075,69,rare,2,21905,1726,92.69603486945114
2244,large_file,7086,59,rare,2,21907,1724,92.70449832846684
2245,large_file,7105,67,rare,2,21909,1722,92.71296178748254
2246,large_file,7125,73,rare,2,21911,1720,92.72142524649824
2247,large_file,7139,72,rare,2,21913,1718,92.72988870551394
2248,large_file,7441,79,rare,2,21915,1716,92.73835216452964
2249,large_file,7630,65,rare,2,21917,1714,92.74681562354534
2250,large_file,7692,65,rare,2,21919,1712,92.75527908256105
2251,large_file,7693,59,rare,2,21921,1710,92.76374254157675
2252,large_file,7694,76,rare,2,21923,1708,92.77220600059245
2253,large_file,7696,66,rare,2,21925,1706,92.78066945960815
2254,large_file,7752,77,rare,2,21927,1704,92.78913291862384
2255,large_file,7762,67,rare,2,21929,1702,92.79759637763954
2256,large_file,7770,74,rare,2,21931,1700,92.80605983665524
2257,large_file,7784,68,rare,2,21933,1698,92.81452329567094
2258,large_file,8039,69,rare,2,21935,1696,92.82298675468664
2259,large_file,8157,82,rare,2,21937,1694,92.83145021370234
2260,large_file,8288,81,rare,2,21939,1692,92.83991367271804
2261,large_file,8304,81,rare,2,21941,1690,92.84837713173374
2262,large_file,8457,76,rare,2,21943,1688,92.85684059074944
2263,large_file,8785,103,rare,2,21945,1686,92.86530404976514
2264,large_file,8790,108,rare,2,21947,1684,92.87376750878084
2265,large_file,8833,94,rare,2,21949,1682,92.88223096779654
2266,large_file,8835,95,rare,2,21951,1680,92.89069442681223
2267,large_file,8839,99,rare,2,21953,1678,92.89915788582793
2268,large_file,8843,97,rare,2,21955,1676,92.90762134484363
2269,large_file,8860,93,rare,2,21957,1674,92.91608480385933
2270,large_file,8863,91,rare,2,21959,1672,92.92454826287504
2271,large_file,8877,101,rare,2,21961,1670,92.93301172189074
2272,large_file,8879,99,rare,2,21963,1668,92.94147518090644
2273,large_file,8887,100,rare,2,21965,1666,92.94993863992214
2274,large_file,8914,100,rare,2,21967,1664,92.95840209893784
2275,large_file,8916,105,rare,2,21969,1662,92.96686555795354
2276,large_file,8918,98,rare,2,21971,1660,92.97532901696924
2277,large_file,8926,105,rare,2,21973,1658,92.98379247598494
2278,large_file,8928,104,rare,2,21975,1656,92.99225593500063
2279,large_file,8934,97,rare,2,21977,1654,93.00071939401633
2280,large_file,8938,103,rare,2,21979,1652,93.00918285303203
2281,large_file,8949,108,rare,2,21981,1650,93.01764631204773
2282,large_file,8971,105,rare,2,21983,1648,93.02610977106343
2283,large_file,9027,93,rare,2,21985,1646,93.03457323007913
2284,large_file,9058,93,rare,2,21987,1644,93.04303668909483
2285,large_file,9062,93,rare,2,21989,1642,93.05150014811053
2286,large_file,9081,78,rare,2,21991,1640,93.05996360712624
2287,large_file,9087,116,rare,2,21993,1638,93.06842706614194
2288,large_file,9100,97,rare,2,21995,1636,93.07689052515764
2289,large_file,9112,79,rare,2,21997,1634,93.08535398417334
2290,large_file,9113,108,rare,2,21999,1632,93.09381744318902
2291,large_file,9128,87,rare,2,22001,1630,93.10228090220473
2292,large_file,9141,86,rare,2,22003,1628,93.11074436122043
2293,large_file,9147,106,rare,2,22005,1626,93.11920782023613
2294,large_file,9158,109,rare,2,22007,1624,93.12767127925183
2295,large_file,9168,96,rare,2,22009,1622,93.13613473826753
2296,large_file,9171,104,rare,2,22011,1620,93.14459819728323
2297,large_file,9173,122,rare,2,22013,1618,93.15306165629893
2298,large_file,9186,98,rare,2,22015,1616,93.16152511531463
2299,large_file,9193,96,rare,2,22017,1614,93.16998857433033
2300,large_file,9199,84,rare,2,22019,1612,93.17845203334603
2301,large_file,9240,98,rare,2,22021,1610,93.18691549236173
2302,large_file,9246,105,rare,2,22023,1608,93.19537895137742
2303,large_file,9247,108,rare,2,22025,1606,93.20384241039312
2304,large_file,9297,115,rare,2,22027,1604,93.21230586940882
2305,large_file,9310,95,rare,2,22029,1602,93.22076932842452
2306,large_file,9316,111,rare,2,22031,1600,93.22923278744022
2307,large_file,9321,111,rare,2,22033,1598,93.23769624645593
2308,large_file,9329,82,rare,2,22035,1596,93.24615970547163
2309,large_file,9333,108,rare,2,22037,1594,93.25462316448733
2310,large_file,9353,102,rare,2,22039,1592,93.26308662350303
2311,large_file,9355,105,rare,2,22041,1590,93.27155008251873
2312,large_file,9357,108,rare,2,22043,1588,93.28001354153443
2313,large_file,9360,80,rare,2,22045,1586,93.28847700055013
2314,large_file,9370,90,rare,2,22047,1584,93.29694045956582
2315,large_file,9420,115,rare,2,22049,1582,93.30540391858152
2316,large_file,9422,101,rare,2,22051,1580,93.31386737759722
2317,large_file,9446,91,rare,2,22053,1578,93.32233083661292
2318,large_file,9450,100,rare,2,22055,1576,93.33079429562862
2319,large_file,9461,97,rare,2,22057,1574,93.33925775464432
2320,large_file,9472,112,rare,2,22059,1572,93.34772121366002
2321,large_file,9475,106,rare,2,22061,1570,93.35618467267572
2322,large_file,9477,101,rare,2,22063,1568,93.36464813169142
2323,large_file,9481,113,rare,2,22065,1566,93.37311159070713
2324,large_file,9483,115,rare,2,22067,1564,93.38157504972283
2325,large_file,9494,86,rare,2,22069,1562,93.39003850873853
2326,large_file,9523,82,rare,2,22071,1560,93.39850196775421
2327,large_file,9525,95,rare,2,22073,1558,93.40696542676991
2328,large_file,9539,99,rare,2,22075,1556,93.41542888578562
2329,large_file,9556,98,rare,2,22077,1554,93.42389234480132
2330,large_file,9564,104,rare,2,22079,1552,93.43235580381702
2331,large_file,9567,81,rare,2,22081,1550,93.44081926283272
2332,large_file,9572,80,rare,2,22083,1548,93.44928272184842
2333,large_file,9604,86,rare,2,22085,1546,93.45774618086412
2334,large_file,9638,112,rare,2,22087,1544,93.46620963987982
2335,large_file,9642,96,rare,2,22089,1542,93.47467309889552
2336,large_file,9647,99,rare,2,22091,1540,93.48313655791122
2337,large_file,9662,68,rare,2,22093,1538,93.49160001692692
2338,large_file,9677,90,rare,2,22095,1536,93.50006347594262
2339,large_file,9681,83,rare,2,22097,1534,93.50852693495831
2340,large_file,9688,93,rare,2,22099,1532,93.51699039397401
2341,large_file,9712,88,rare,2,22101,1530,93.52545385298971
2342,large_file,9722,67,rare,2,22103,1528,93.53391731200541
2343,large_file,9759,113,rare,2,22105,1526,93.54238077102112
2344,large_file,9761,110,rare,2,22107,1524,93.55084423003682
2345,large_file,9762,85,rare,2,22109,1522,93.55930768905252
2346,large_file,9767,100,rare,2,22111,1520,93.56777114806822
2347,large_file,9778,99,rare,2,22113,1518,93.57623460708392
2348,large_file,9792,91,rare,2,22115,1516,93.58469806609962
2349,large_file,9806,100,rare,2,22117,1514,93.59316152511532
2350,large_file,9808,93,rare,2,22119,1512,93.60162498413102
2351,large_file,9816,87,rare,2,22121,1510,93.61008844314671
2352,large_file,9825,108,rare,2,22123,1508,93.61855190216241
2353,large_file,9834,86,rare,2,22125,1506,93.62701536117811
2354,large_file,9838,87,rare,2,22127,1504,93.63547882019381
2355,large_file,9851,102,rare,2,22129,1502,93.64394227920951
2356,large_file,9865,113,rare,2,22131,1500,93.65240573822521
2357,large_file,9878,74,rare,2,22133,1498,93.66086919724091
2358,large_file,9886,92,rare,2,22135,1496,93.66933265625661
2359,large_file,9901,92,rare,2,22137,1494,93.67779611527232
2360,large_file,9902,82,rare,2,22139,1492,93.68625957428802
2361,large_file,9903,94,rare,2,22141,1490,93.69472303330372
2362,large_file,9909,98,rare,2,22143,1488,93.70318649231942
2363,large_file,9912,88,rare,2,22145,1486,93.7116499513351
2364,large_file,9922,106,rare,2,22147,1484,93.7201134103508
2365,large_file,9928,86,rare,2,22149,1482,93.7285768693665
2366,large_file,9952,98,rare,2,22151,1480,93.73704032838221
2367,large_file,9955,78,rare,2,22153,1478,93.74550378739791
2368,large_file,10041,75,rare,2,22155,1476,93.75396724641361
2369,large_file,10052,98,rare,2,22157,1474,93.76243070542931
2370,large_file,10058,103,rare,2,22159,1472,93.77089416444501
2371,large_file,10062,106,rare,2,22161,1470,93.77935762346071
2372,large_file,10073,97,rare,2,22163,1468,93.78782108247641
2373,large_file,10101,109,rare,2,22165,1466,93.79628454149211
2374,large_file,10117,88,rare,2,22167,1464,93.80474800050781
2375,large_file,10122,105,rare,2,22169,1462,93.8132114595235
2376,large_file,10137,88,rare,2,22171,1460,93.8216749185392
2377,large_file,10144,77,rare,2,22173,1458,93.8301383775549
2378,large_file,10163,98,rare,2,22175,1456,93.8386018365706
2379,large_file,10166,105,rare,2,22177,1454,93.8470652955863
2380,large_file,10193,109,rare,2,22179,1452,93.855528754602
2381,large_file,10196,89,rare,2,22181,1450,93.8639922136177
2382,large_file,10211,95,rare,2,22183,1448,93.87245567263341
2383,large_file,10236,106,rare,2,22185,1446,93.88091913164911
2384,large_file,10239,106,rare,2,22187,1444,93.88938259066481
2385,large_file,10247,95,rare,2,22189,1442,93.89784604968051
2386,large_file,10261,88,rare,2,22191,1440,93.90630950869621
2387,large_file,10270,107,rare,2,22193,1438,93.9147729677119
2388,large_file,10278,101,rare,2,22195,1436,93.9232364267276
2389,large_file,10279,98,rare,2,22197,1434,93.9316998857433
2390,large_file,10291,80,rare,2,22199,1432,93.940163344759
2391,large_file,10397,99,rare,2,22201,1430,93.9486268037747
2392,large_file,10414,86,rare,2,22203,1428,93.9570902627904
2393,large_file,10415,82,rare,2,22205,1426,93.9655537218061
2394,large_file,10418,84,rare,2,22207,1424,93.9740171808218
2395,large_file,10442,93,rare,2,22209,1422,93.9824806398375
2396,large_file,10447,95,rare,2,22211,1420,93.9909440988532
2397,large_file,10458,81,rare,2,22213,1418,93.9994075578689
2398,large_file,10483,92,rare,2,22215,1416,94.00787101688461
2399,large_file,10486,95,rare,2,22217,1414,94.0163344759003
2400,large_file,10492,84,rare,2,22219,1412,94.024797934916
2401,large_file,10493,85,rare,2,22221,1410,94.0332613939317
2402,large_file,10506,96,rare,2,22223,1408,94.0417248529474
2403,large_file,10541,107,rare,2,22225,1406,94.0501883119631
2404,large_file,10542,103,rare,2,22227,1404,94.0586517709788
2405,large_file,10547,87,rare,2,22229,1402,94.0671152299945
2406,large_file,10552,71,rare,2,22231,1400,94.0755786890102
2407,large_file,10555,94,rare,2,22233,1398,94.0840421480259
2408,large_file,10557,75,rare,2,22235,1396,94.0925056070416
2409,large_file,10562,78,rare,2,22237,1394,94.1009690660573
2410,large_file,10563,74,rare,2,22239,1392,94.109432525073
2411,large_file,10564,91,rare,2,22241,1390,94.11789598408869
2412,large_file,10571,86,rare,2,22243,1388,94.12635944310439
2413,large_file,10574,76,rare,2,22245,1386,94.13482290212009
2414,large_file,10580,111,rare,2,22247,1384,94.1432863611358
2415,large_file,10593,102,rare,2,22249,1382,94.1517498201515
2416,large_file,10597,107,rare,2,22251,1380,94.1602132791672
2417,large_file,10604,101,rare,2,22253,1378,94.1686767381829
2418,large_file,10608,95,rare,2,22255,1376,94.1771401971986
2419,large_file,10616,93,rare,2,22257,1374,94.1856036562143
2420,large_file,10628,102,rare,2,22259,1372,94.19406711523
2421,large_file,10650,117,rare,2,22261,1370,94.2025305742457
2422,large_file,10658,84,rare,2,22263,1368,94.2109940332614
2423,large_file,10659,94,rare,2,22265,1366,94.21945749227709
2424,large_file,10670,98,rare,2,22267,1364,94.22792095129279
2425,large_file,10680,80,rare,2,22269,1362,94.23638441030849
2426,large_file,10682,107,rare,2,22271,1360,94.24484786932419
2427,large_file,10689,61,rare,2,22273,1358,94.25331132833989
2428,large_file,10691,82,rare,2,22275,1356,94.26177478735559
2429,large_file,10706,112,rare,2,22277,1354,94.27023824637129
2430,large_file,10708,89,rare,2,22279,1352,94.278701705387
2431,large_file,10728,75,rare,2,22281,1350,94.2871651644027
2432,large_file,10749,104,rare,2,22283,1348,94.2956286234184
2433,large_file,10824,92,rare,2,22285,1346,94.3040920824341
2434,large_file,10886,74,rare,2,22287,1344,94.3125555414498
2435,large_file,10904,75,rare,2,22289,1342,94.32101900046548
2436,large_file,10922,72,rare,2,22291,1340,94.32948245948118
2437,large_file,10944,64,rare,2,22293,1338,94.33794591849689
2438,large_file,11000,89,rare,2,22295,1336,94.34640937751259
2439,large_file,11740,97,rare,2,22297,1334,94.35487283652829
2440,large_file,11761,93,rare,2,22299,1332,94.36333629554399
2441,large_file,11926,95,rare,2,22301,1330,94.37179975455969
2442,large_file,11951,85,rare,2,22303,1328,94.38026321357539
2443,large_file,11952,86,rare,2,22305,1326,94.38872667259109
2444,large_file,11982,88,rare,2,22307,1324,94.39719013160679
2445,large_file,11987,90,rare,2,22309,1322,94.40565359062249
2446,large_file,12028,91,rare,2,22311,1320,94.4141170496382
2447,large_file,12076,79,rare,2,22313,1318,94.42258050865388
2448,large_file,12080,89,rare,2,22315,1316,94.43104396766958
2449,large_file,12084,90,rare,2,22317,1314,94.43950742668528
2450,large_file,12166,72,rare,2,22319,1312,94.44797088570098
2451,large_file,12200,90,rare,2,22321,1310,94.45643434471668
2452,large_file,12207,88,rare,2,22323,1308,94.46489780373238
2453,large_file,12216,94,rare,2,22325,1306,94.47336126274809
2454,large_file,12235,91,rare,2,22327,1304,94.48182472176379
2455,large_file,12263,90,rare,2,22329,1302,94.49028818077949
2456,large_file,12310,93,rare,2,22331,1300,94.49875163979519
2457,large_file,12323,92,rare,2,22333,1298,94.50721509881089
2458,large_file,12387,92,rare,2,22335,1296,94.51567855782659
2459,large_file,12404,68,rare,2,22337,1294,94.52414201684228
2460,large_file,12435,93,rare,2,22339,1292,94.53260547585798
2461,large_file,12440,91,rare,2,22341,1290,94.54106893487368
2462,large_file,12456,92,rare,2,22343,1288,94.54953239388938
2463,large_file,12491,92,rare,2,22345,1286,94.55799585290508
2464,large_file,12497,93,rare,2,22347,1284,94.56645931192078
2465,large_file,12575,86,rare,2,22349,1282,94.57492277093648
2466,large_file,12579,70,rare,2,22351,1280,94.58338622995218
2467,large_file,12586,67,rare,2,22353,1278,94.59184968896788
2468,large_file,12589,84,rare,2,22355,1276,94.60031314798358
2469,large_file,12649,72,rare,2,22357,1274,94.60877660699929
2470,large_file,12656,73,rare,2,22359,1272,94.61724006601499
2471,large_file,12700,76,rare,2,22361,1270,94.62570352503069
2472,large_file,12746,75,rare,2,22363,1268,94.63416698404637
2473,large_file,12766,73,rare,2,22365,1266,94.64263044306207
2474,large_file,12985,80,rare,2,22367,1264,94.65109390207778
2475,large_file,13036,83,rare,2,22369,1262,94.65955736109348
2476,large_file,13167,72,rare,2,22371,1260,94.66802082010918
2477,large_file,13186,74,rare,2,22373,1258,94.67648427912488
2478,large_file,13478,68,rare,2,22375,1256,94.68494773814058
2479,large_file,13529,68,rare,2,22377,1254,94.69341119715628
2480,large_file,13568,67,rare,2,22379,1252,94.70187465617198
2481,large_file,13697,72,rare,2,22381,1250,94.71033811518768
2482,large_file,13801,79,rare,2,22383,1248,94.71880157420338
2483,large_file,13853,73,rare,2,22385,1246,94.72726503321908
2484,large_file,13887,75,rare,2,22387,1244,94.73572849223477
2485,large_file,13958,75,rare,2,22389,1242,94.74419195125047
2486,large_file,14138,70,rare,2,22391,1240,94.75265541026617
2487,large_file,14170,71,rare,2,22393,1238,94.76111886928187
2488,large_file,14207,70,rare,2,22395,1236,94.76958232829757
2489,large_file,14290,74,rare,2,22397,1234,94.77804578731327
2490,large_file,14340,72,rare,2,22399,1232,94.78650924632898
2491,large_file,14397,68,rare,2,22401,1230,94.79497270534468
2492,large_file,14442,71,rare,2,22403,1228,94.80343616436038
2493,large_file,14472,63,rare,2,22405,1226,94.81189962337608
2494,large_file,14511,71,rare,2,22407,1224,94.82036308239178
2495,large_file,14525,74,rare,2,22409,1222,94.82882654140748
2496,large_file,14607,70,rare,2,22411,1220,94.83729000042317
2497,large_file,14659,74,rare,2,22413,1218,94.84575345943887
2498,large_file,14704,79,rare,2,22415,1216,94.85421691845457
2499,large_file,14792,72,rare,2,22417,1214,94.86268037747027
2500,large_file,14866,70,rare,2,22419,1212,94.87114383648597
2501,large_file,14888,74,rare,2,22421,1210,94.87960729550167
2502,large_file,14904,71,rare,2,22423,1208,94.88807075451737
2503,large_file,14941,69,rare,2,22425,1206,94.89653421353307
2504,large_file,14963,42,rare,2,22427,1204,94.90499767254877
2505,large_file,15093,78,rare,2,22429,1202,94.91346113156447
2506,large_file,15101,65,rare,2,22431,1200,94.92192459058018
2507,large_file,15192,75,rare,2,22433,1198,94.93038804959588
2508,large_file,15229,66,rare,2,22435,1196,94.93885150861156
2509,large_file,15309,81,rare,2,22437,1194,94.94731496762726
2510,large_file,15317,76,rare,2,22439,1192,94.95577842664296
2511,large_file,15326,81,rare,2,22441,1190,94.96424188565867
2512,large_file,15350,81,rare,2,22443,1188,94.97270534467437
2513,large_file,15359,75,rare,2,22445,1186,94.98116880369007
2514,large_file,15364,79,rare,2,22447,1184,94.98963226270577
2515,large_file,15384,78,rare,2,22449,1182,94.99809572172147
2516,large_file,15387,80,rare,2,22451,1180,95.00655918073717
2517,large_file,15430,72,rare,2,22453,1178,95.01502263975287
2518,large_file,15441,74,rare,2,22455,1176,95.02348609876857
2519,large_file,15462,73,rare,2,22457,1174,95.03194955778427
2520,large_file,15477,81,rare,2,22459,1172,95.04041301679996
2521,large_file,15513,63,rare,2,22461,1170,95.04887647581566
2522,large_file,15539,72,rare,2,22463,1168,95.05733993483136
2523,large_file,15544,78,rare,2,22465,1166,95.06580339384706
2524,large_file,15590,82,rare,2,22467,1164,95.07426685286276
2525,large_file,15614,77,rare,2,22469,1162,95.08273031187846
2526,large_file,15617,70,rare,2,22471,1160,95.09119377089417
2527,large_file,15625,72,rare,2,22473,1158,95.09965722990987
2528,large_file,15627,77,rare,2,22475,1156,95.10812068892557
2529,large_file,15634,77,rare,2,22477,1154,95.11658414794127
2530,large_file,15638,72,rare,2,22479,1152,95.12504760695697
2531,large_file,15651,71,rare,2,22481,1150,95.13351106597267
2532,large_file,15656,72,rare,2,22483,1148,95.14197452498836
2533,large_file,15660,72,rare,2,22485,1146,95.15043798400406
2534,large_file,15665,73,rare,2,22487,1144,95.15890144301976
2535,large_file,15675,79,rare,2,22489,1142,95.16736490203546
2536,large_file,15685,74,rare,2,22491,1140,95.17582836105116
2537,large_file,15689,77,rare,2,22493,1138,95.18429182006686
2538,large_file,15698,76,rare,2,22495,1136,95.19275527908256
2539,large_file,15707,84,rare,2,22497,1134,95.20121873809826
2540,large_file,15717,75,rare,2,22499,1132,95.20968219711396
2541,large_file,15727,73,rare,2,22501,1130,95.21814565612966
2542,large_file,15741,78,rare,2,22503,1128,95.22660911514537
2543,large_file,15749,73,rare,2,22505,1126,95.23507257416107
2544,large_file,15780,73,rare,2,22507,1124,95.24353603317675
2545,large_file,15786,72,rare,2,22509,1122,95.25199949219245
2546,large_file,15807,69,rare,2,22511,1120,95.26046295120815
2547,large_file,15829,74,rare,2,22513,1118,95.26892641022386
2548,large_file,15862,81,rare,2,22515,1116,95.27738986923956
2549,large_file,15869,81,rare,2,22517,1114,95.28585332825526
2550,large_file,15871,80,rare,2,22519,1112,95.29431678727096
2551,large_file,15874,70,rare,2,22521,1110,95.30278024628666
2552,large_file,15875,71,rare,2,22523,1108,95.31124370530236
2553,large_file,15882,80,rare,2,22525,1106,95.31970716431806
2554,large_file,15883,79,rare,2,22527,1104,95.32817062333376
2555,large_file,15886,72,rare,2,22529,1102,95.33663408234946
2556,large_file,15888,80,rare,2,22531,1100,95.34509754136515
2557,large_file,15901,78,rare,2,22533,1098,95.35356100038085
2558,large_file,15902,75,rare,2,22535,1096,95.36202445939655
2559,large_file,15907,73,rare,2,22537,1094,95.37048791841225
2560,large_file,15916,70,rare,2,22539,1092,95.37895137742795
2561,large_file,15923,66,rare,2,22541,1090,95.38741483644365
2562,large_file,15949,79,rare,2,22543,1088,95.39587829545935
2563,large_file,15953,75,rare,2,22545,1086,95.40434175447506
2564,large_file,15964,68,rare,2,22547,1084,95.41280521349076
2565,large_file,15967,71,rare,2,22549,1082,95.42126867250646
2566,large_file,15992,65,rare,2,22551,1080,95.42973213152216
2567,large_file,16006,80,rare,2,22553,1078,95.43819559053786
2568,large_file,16018,73,rare,2,22555,1076,95.44665904955355
2569,large_file,16020,76,rare,2,22557,1074,95.45512250856925
2570,large_file,16036,75,rare,2,22559,1072,95.46358596758495
2571,large_file,16041,69,rare,2,22561,1070,95.47204942660065
2572,large_file,16058,81,rare,2,22563,1068,95.48051288561635
2573,large_file,16066,74,rare,2,22565,1066,95.48897634463205
2574,large_file,16067,71,rare,2,22567,1064,95.49743980364775
2575,large_file,16072,71,rare,2,22569,1062,95.50590326266345
2576,large_file,16074,64,rare,2,22571,1060,95.51436672167915
2577,large_file,16085,66,rare,2,22573,1058,95.52283018069485
2578,large_file,16092,76,rare,2,22575,1056,95.53129363971055
2579,large_file,16102,71,rare,2,22577,1054,95.53975709872626
2580,large_file,16118,73,rare,2,22579,1052,95.54822055774194
2581,large_file,16122,71,rare,2,22581,1050,95.55668401675764
2582,large_file,16132,74,rare,2,22583,1048,95.56514747577334
2583,large_file,16144,71,rare,2,22585,1046,95.57361093478904
2584,large_file,16147,72,rare,2,22587,1044,95.58207439380475
2585,large_file,16148,69,rare,2,22589,1042,95.59053785282045
2586,large_file,16149,75,rare,2,22591,1040,95.59900131183615
2587,large_file,16156,70,rare,2,22593,1038,95.60746477085185
2588,large_file,16158,71,rare,2,22595,1036,95.61592822986755
2589,large_file,16184,67,rare,2,22597,1034,95.62439168888325
2590,large_file,16204,69,rare,2,22599,1032,95.63285514789895
2591,large_file,16209,68,rare,2,22601,1030,95.64131860691465
2592,large_file,16221,71,rare,2,22603,1028,95.64978206593035
2593,large_file,16222,75,rare,2,22605,1026,95.65824552494604
2594,large_file,16229,65,rare,2,22607,1024,95.66670898396174
2595,large_file,16232,65,rare,2,22609,1022,95.67517244297744
2596,large_file,16237,75,rare,2,22611,1020,95.68363590199314
2597,large_file,16247,70,rare,2,22613,1018,95.69209936100884
2598,large_file,16262,73,rare,2,22615,1016,95.70056282002454
2599,large_file,16272,73,rare,2,22617,1014,95.70902627904024
2600,large_file,16276,57,rare,2,22619,1012,95.71748973805595
2601,large_file,16279,72,rare,2,22621,1010,95.72595319707165
2602,large_file,16281,68,rare,2,22623,1008,95.73441665608735
2603,large_file,16401,73,rare,2,22625,1006,95.74288011510305
2604,large_file,16453,69,rare,2,22627,1004,95.75134357411875
2605,large_file,16460,69,rare,2,22629,1002,95.75980703313444
2606,large_file,16528,70,rare,2,22631,1000,95.76827049215014
2607,large_file,16542,30,rare,2,22633,998,95.77673395116584
2608,large_file,16717,74,rare,2,22635,996,95.78519741018154
2609,large_file,16744,72,rare,2,22637,994,95.79366086919724
2610,large_file,16826,27,rare,2,22639,992,95.80212432821294
2611,large_file,17078,75,rare,2,22641,990,95.81058778722864
2612,large_file,17166,70,rare,2,22643,988,95.81905124624434
2613,large_file,17217,69,rare,2,22645,986,95.82751470526004
2614,large_file,17894,79,rare,2,22647,984,95.83597816427574
2615,large_file,18246,71,rare,2,22649,982,95.84444162329144
2616,large_file,18475,76,rare,2,22651,980,95.85290508230715
2617,large_file,18613,79,rare,2,22653,978,95.86136854132283
2618,large_file,18710,83,rare,2,22655,976,95.86983200033853
2619,large_file,30,67,rare,2,22657,974,95.87829545935423
2620,large_file,85,62,rare,2,22659,972,95.88675891836994
2621,large_file,151,57,rare,2,22661,970,95.89522237738564
2622,large_file,198,35,rare,2,22663,968,95.90368583640134
2623,large_file,258,61,rare,2,22665,966,95.91214929541704
2624,large_file,290,70,rare,2,22667,964,95.92061275443274
2625,large_file,507,17,rare,2,22669,962,95.92907621344844
2626,large_file,536,69,rare,2,22671,960,95.93753967246414
2627,large_file,682,69,rare,2,22673,958,95.94600313147984
2628,large_file,734,62,rare,2,22675,956,95.95446659049554
2629,large_file,766,79,rare,2,22677,954,95.96293004951123
2630,large_file,823,69,rare,2,22679,952,95.97139350852693
2631,large_file,982,66,rare,2,22681,950,95.97985696754263
2632,large_file,1010,62,rare,2,22683,948,95.98832042655833
2633,large_file,1046,65,rare,2,22685,946,95.99678388557403
2634,large_file,1086,66,rare,2,22687,944,96.00524734458973
2635,large_file,1103,53,rare,2,22689,942,96.01371080360543
2636,large_file,1112,65,rare,2,22691,940,96.02217426262114
2637,large_file,1253,74,rare,2,22693,938,96.03063772163684
2638,large_file,1442,74,rare,2,22695,936,96.03910118065254
2639,large_file,1604,62,rare,2,22697,934,96.04756463966824
2640,large_file,1642,73,rare,2,22699,932,96.05602809868394
2641,large_file,1666,73,rare,2,22701,930,96.06449155769963
2642,large_file,1683,71,rare,2,22703,928,96.07295501671533
2643,large_file,1707,76,rare,2,22705,926,96.08141847573103
2644,large_file,1723,9,rare,2,22707,924,96.08988193474673
2645,large_file,1887,73,rare,2,22709,922,96.09834539376243
2646,large_file,2111,71,rare,2,22711,920,96.10680885277813
2647,large_file,2140,68,rare,2,22713,918,96.11527231179383
2648,large_file,2209,64,rare,2,22715,916,96.12373577080953
2649,large_file,2239,73,rare,2,22717,914,96.13219922982523
2650,large_file,2247,71,rare,2,22719,912,96.14066268884093
2651,large_file,2324,196,rare,2,22721,910,96.14912614785663
2652,large_file,2426,72,rare,2,22723,908,96.15758960687234
2653,large_file,2464,66,rare,2,22725,906,96.16605306588802
2654,large_file,2540,73,rare,2,22727,904,96.17451652490372
2655,large_file,2561,76,rare,2,22729,902,96.18297998391942
2656,large_file,2591,77,rare,2,22731,900,96.19144344293512
2657,large_file,2781,65,rare,2,22733,898,96.19990690195083
2658,large_file,2797,67,rare,2,22735,896,96.20837036096653
2659,large_file,3624,71,rare,2,22737,894,96.21683381998223
2660,large_file,3928,8,rare,2,22739,892,96.22529727899793
2661,large_file,3949,86,rare,2,22741,890,96.23376073801363
2662,large_file,3974,63,rare,2,22743,888,96.24222419702933
2663,large_file,4091,82,rare,1,22744,887,96.24645592653718
2664,large_file,4122,83,rare,1,22745,886,96.25068765604503
2665,large_file,4176,79,rare,1,22746,885,96.25491938555288
2666,large_file,4242,82,rare,1,22747,884,96.25915111506073
2667,large_file,4272,81,rare,1,22748,883,96.26338284456858
2668,large_file,4280,86,rare,1,22749,882,96.26761457407642
2669,large_file,4306,82,rare,1,22750,881,96.27184630358427
2670,large_file,4311,83,rare,1,22751,880,96.27607803309212
2671,large_file,4320,82,rare,1,22752,879,96.28030976259997
2672,large_file,4336,76,rare,1,22753,878,96.28454149210782
2673,large_file,4340,85,rare,1,22754,877,96.28877322161567
2674,large_file,4347,81,rare,1,22755,876,96.29300495112352
2675,large_file,4358,80,rare,1,22756,875,96.29723668063137
2676,large_file,4374,73,rare,1,22757,874,96.30146841013922
2677,large_file,4375,68,rare,1,22758,873,96.30570013964707
2678,large_file,4388,84,rare,1,22759,872,96.30993186915492
2679,large_file,4396,84,rare,1,22760,871,96.31416359866277
2680,large_file,4401,77,rare,1,22761,870,96.31839532817062
2681,large_file,4432,78,rare,1,22762,869,96.32262705767847
2682,large_file,4445,83,rare,1,22763,868,96.32685878718632
2683,large_file,4452,83,rare,1,22764,867,96.33109051669418
2684,large_file,4486,78,rare,1,22765,866,96.33532224620203
2685,large_file,4487,78,rare,1,22766,865,96.33955397570988
2686,large_file,4489,78,rare,1,22767,864,96.34378570521773
2687,large_file,4492,82,rare,1,22768,863,96.34801743472558
2688,large_file,4503,88,rare,1,22769,862,96.35224916423343
2689,large_file,4511,71,rare,1,22770,861,96.35648089374128
2690,large_file,4535,82,rare,1,22771,860,96.36071262324913
2691,large_file,4543,70,rare,1,22772,859,96.36494435275698
2692,large_file,4550,75,rare,1,22773,858,96.36917608226481
2693,large_file,4562,77,rare,1,22774,857,96.37340781177267
2694,large_file,4565,84,rare,1,22775,856,96.37763954128052
2695,large_file,4566,81,rare,1,22776,855,96.38187127078837
2696,large_file,4574,77,rare,1,22777,854,96.38610300029622
2697,large_file,4603,62,rare,1,22778,853,96.39033472980407
2698,large_file,4608,88,rare,1,22779,852,96.39456645931192
2699,large_file,4612,78,rare,1,22780,851,96.39879818881977
2700,large_file,4621,75,rare,1,22781,850,96.40302991832762
2701,large_file,4625,82,rare,1,22782,849,96.40726164783547
2702,large_file,4639,83,rare,1,22783,848,96.41149337734332
2703,large_file,4640,86,rare,1,22784,847,96.41572510685117
2704,large_file,4642,75,rare,1,22785,846,96.41995683635902
2705,large_file,4645,83,rare,1,22786,845,96.42418856586687
2706,large_file,4648,74,rare,1,22787,844,96.42842029537472
2707,large_file,4674,77,rare,1,22788,843,96.43265202488257
2708,large_file,4681,70,rare,1,22789,842,96.43688375439042
2709,large_file,4684,70,rare,1,22790,841,96.44111548389827
2710,large_file,4691,81,rare,1,22791,840,96.44534721340612
2711,large_file,4695,73,rare,1,22792,839,96.44957894291397
2712,large_file,4704,76,rare,1,22793,838,96.45381067242182
2713,large_file,4721,83,rare,1,22794,837,96.45804240192967
2714,large_file,4732,82,rare,1,22795,836,96.46227413143752
2715,large_file,4739,85,rare,1,22796,835,96.46650586094538
2716,large_file,4740,75,rare,1,22797,834,96.47073759045321
2717,large_file,4744,73,rare,1,22798,833,96.47496931996106
2718,large_file,4762,55,rare,1,22799,832,96.47920104946891
2719,large_file,4773,70,rare,1,22800,831,96.48343277897676
2720,large_file,4774,78,rare,1,22801,830,96.48766450848461
2721,large_file,4782,72,rare,1,22802,829,96.49189623799246
2722,large_file,4785,71,rare,1,22803,828,96.49612796750031
2723,large_file,4787,81,rare,1,22804,827,96.50035969700816
2724,large_file,4789,70,rare,1,22805,826,96.50459142651601
2725,large_file,4794,82,rare,1,22806,825,96.50882315602387
2726,large_file,4804,83,rare,1,22807,824,96.51305488553172
2727,large_file,4811,85,rare,1,22808,823,96.51728661503957
2728,large_file,4818,79,rare,1,22809,822,96.52151834454742
2729,large_file,4820,72,rare,1,22810,821,96.52575007405527
2730,large_file,4821,77,rare,1,22811,820,96.52998180356312
2731,large_file,4837,78,rare,1,22812,819,96.53421353307097
2732,large_file,4838,70,rare,1,22813,818,96.53844526257882
2733,large_file,4847,75,rare,1,22814,817,96.54267699208667
2734,large_file,4848,80,rare,1,22815,816,96.54690872159452
2735,large_file,4850,82,rare,1,22816,815,96.55114045110237
2736,large_file,4856,77,rare,1,22817,814,96.55537218061022
2737,large_file,4871,67,rare,1,22818,813,96.55960391011807
2738,large_file,4873,69,rare,1,22819,812,96.56383563962592
2739,large_file,4876,70,rare,1,22820,811,96.56806736913377
2740,large_file,4887,73,rare,1,22821,810,96.57229909864161
2741,large_file,4892,78,rare,1,22822,809,96.57653082814946
2742,large_file,4896,76,rare,1,22823,808,96.58076255765731
2743,large_file,4899,78,rare,1,22824,807,96.58499428716516
2744,large_file,4905,86,rare,1,22825,806,96.58922601667301
2745,large_file,4916,77,rare,1,22826,805,96.59345774618086
2746,large_file,4917,77,rare,1,22827,804,96.59768947568871
2747,large_file,4919,80,rare,1,22828,803,96.60192120519656
2748,large_file,4922,75,rare,1,22829,802,96.60615293470441
2749,large_file,4926,76,rare,1,22830,801,96.61038466421226
2750,large_file,4935,77,rare,1,22831,800,96.61461639372011
2751,large_file,4939,81,rare,1,22832,799,96.61884812322796
2752,large_file,4944,69,rare,1,22833,798,96.62307985273581
2753,large_file,4945,72,rare,1,22834,797,96.62731158224366
2754,large_file,4948,76,rare,1,22835,796,96.63154331175151
2755,large_file,4955,75,rare,1,22836,795,96.63577504125936
2756,large_file,4957,75,rare,1,22837,794,96.64000677076722
2757,large_file,4960,52,rare,1,22838,793,96.64423850027507
2758,large_file,4961,47,rare,1,22839,792,96.64847022978292
2759,large_file,4967,69,rare,1,22840,791,96.65270195929077
2760,large_file,4970,70,rare,1,22841,790,96.65693368879862
2761,large_file,4973,74,rare,1,22842,789,96.66116541830647
2762,large_file,4978,71,rare,1,22843,788,96.66539714781432
2763,large_file,4980,73,rare,1,22844,787,96.66962887732217
2764,large_file,4981,76,rare,1,22845,786,96.67386060683
2765,large_file,4987,76,rare,1,22846,785,96.67809233633785
2766,large_file,4997,72,rare,1,22847,784,96.6823240658457
2767,large_file,5004,84,rare,1,22848,783,96.68655579535356
2768,large_file,5006,77,rare,1,22849,782,96.6907875248614
2769,large_file,5007,77,rare,1,22850,781,96.69501925436926
2770,large_file,5012,81,rare,1,22851,780,96.6992509838771
2771,large_file,5014,84,rare,1,22852,779,96.70348271338496
2772,large_file,5018,68,rare,1,22853,778,96.70771444289281
2773,large_file,5024,85,rare,1,22854,777,96.71194617240066
2774,large_file,5027,71,rare,1,22855,776,96.71617790190851
2775,large_file,5031,78,rare,1,22856,775,96.72040963141636
2776,large_file,5032,75,rare,1,22857,774,96.72464136092421
2777,large_file,5033,81,rare,1,22858,773,96.72887309043206
2778,large_file,5042,79,rare,1,22859,772,96.73310481993991
2779,large_file,5043,77,rare,1,22860,771,96.73733654944776
2780,large_file,5062,79,rare,1,22861,770,96.74156827895561
2781,large_file,5063,66,rare,1,22862,769,96.74580000846346
2782,large_file,5075,70,rare,1,22863,768,96.75003173797131
2783,large_file,5076,63,rare,1,22864,767,96.75426346747916
2784,large_file,5080,75,rare,1,22865,766,96.75849519698701
2785,large_file,5084,66,rare,1,22866,765,96.76272692649486
2786,large_file,5087,68,rare,1,22867,764,96.76695865600271
2787,large_file,5088,66,rare,1,22868,763,96.77119038551056
2788,large_file,5116,80,rare,1,22869,762,96.77542211501842
2789,large_file,5130,70,rare,1,22870,761,96.77965384452625
2790,large_file,5131,75,rare,1,22871,760,96.7838855740341
2791,large_file,5135,67,rare,1,22872,759,96.78811730354195
2792,large_file,5140,70,rare,1,22873,758,96.7923490330498
2793,large_file,5150,75,rare,1,22874,757,96.79658076255765
2794,large_file,5154,73,rare,1,22875,756,96.8008124920655
2795,large_file,5162,74,rare,1,22876,755,96.80504422157335
2796,large_file,5179,66,rare,1,22877,754,96.8092759510812
2797,large_file,5184,80,rare,1,22878,753,96.81350768058905
2798,large_file,5185,64,rare,1,22879,752,96.8177394100969
2799,large_file,5188,75,rare,1,22880,751,96.82197113960476
2800,large_file,5191,76,rare,1,22881,750,96.8262028691126
2801,large_file,5202,69,rare,1,22882,749,96.83043459862046
2802,large_file,5203,79,rare,1,22883,748,96.8346663281283
2803,large_file,5208,75,rare,1,22884,747,96.83889805763616
2804,large_file,5214,68,rare,1,22885,746,96.84312978714401
2805,large_file,5220,75,rare,1,22886,745,96.84736151665186
2806,large_file,5224,76,rare,1,22887,744,96.85159324615971
2807,large_file,5235,71,rare,1,22888,743,96.85582497566756
2808,large_file,5241,70,rare,1,22889,742,96.86005670517541
2809,large_file,5245,71,rare,1,22890,741,96.86428843468326
2810,large_file,5246,79,rare,1,22891,740,96.86852016419111
2811,large_file,5252,82,rare,1,22892,739,96.87275189369896
2812,large_file,5264,77,rare,1,22893,738,96.87698362320681
2813,large_file,5328,57,rare,1,22894,737,96.88121535271465
2814,large_file,5361,13,rare,1,22895,736,96.8854470822225
2815,large_file,5376,54,rare,1,22896,735,96.88967881173035
2816,large_file,5394,47,rare,1,22897,734,96.8939105412382
2817,large_file,5413,51,rare,1,22898,733,96.89814227074605
2818,large_file,5422,46,rare,1,22899,732,96.9023740002539
2819,large_file,5431,65,rare,1,22900,731,96.90660572976175
2820,large_file,5436,55,rare,1,22901,730,96.9108374592696
2821,large_file,5458,58,rare,1,22902,729,96.91506918877745
2822,large_file,5466,55,rare,1,22903,728,96.9193009182853
2823,large_file,5481,58,rare,1,22904,727,96.92353264779315
2824,large_file,5514,58,rare,1,22905,726,96.927764377301
2825,large_file,5523,55,rare,1,22906,725,96.93199610680885
2826,large_file,5524,46,rare,1,22907,724,96.9362278363167
2827,large_file,5577,57,rare,1,22908,723,96.94045956582455
2828,large_file,5601,55,rare,1,22909,722,96.9446912953324
2829,large_file,5607,60,rare,1,22910,721,96.94892302484025
2830,large_file,5618,59,rare,1,22911,720,96.9531547543481
2831,large_file,5620,63,rare,1,22912,719,96.95738648385596
2832,large_file,5707,60,rare,1,22913,718,96.9616182133638
2833,large_file,5716,58,rare,1,22914,717,96.96584994287166
2834,large_file,5719,53,rare,1,22915,716,96.97008167237951
2835,large_file,5731,54,rare,1,22916,715,96.97431340188736
2836,large_file,5737,60,rare,1,22917,714,96.97854513139521
2837,large_file,5750,61,rare,1,22918,713,96.98277686090304
2838,large_file,5752,63,rare,1,22919,712,96.9870085904109
2839,large_file,5753,62,rare,1,22920,711,96.99124031991875
2840,large_file,5763,55,rare,1,22921,710,96.9954720494266
2841,large_file,5781,63,rare,1,22922,709,96.99970377893445
2842,large_file,5815,17,rare,1,22923,708,97.0039355084423
2843,large_file,5836,55,rare,1,22924,707,97.00816723795015
2844,large_file,5839,16,rare,1,22925,706,97.012398967458
2845,large_file,5850,63,rare,1,22926,705,97.01663069696585
2846,large_file,5852,65,rare,1,22927,704,97.0208624264737
2847,large_file,5861,64,rare,1,22928,703,97.02509415598155
2848,large_file,5864,61,rare,1,22929,702,97.0293258854894
2849,large_file,5878,65,rare,1,22930,701,97.03355761499725
2850,large_file,5881,61,rare,1,22931,700,97.0377893445051
2851,large_file,5886,63,rare,1,22932,699,97.04202107401295
2852,large_file,5911,67,rare,1,22933,698,97.0462528035208
2853,large_file,5915,64,rare,1,22934,697,97.05048453302865
2854,large_file,5920,65,rare,1,22935,696,97.0547162625365
2855,large_file,5921,64,rare,1,22936,695,97.05894799204435
2856,large_file,5929,64,rare,1,22937,694,97.0631797215522
2857,large_file,5930,64,rare,1,22938,693,97.06741145106005
2858,large_file,5945,66,rare,1,22939,692,97.0716431805679
2859,large_file,5946,63,rare,1,22940,691,97.07587491007575
2860,large_file,5950,62,rare,1,22941,690,97.0801066395836
2861,large_file,5964,43,rare,1,22942,689,97.08433836909144
2862,large_file,5968,67,rare,1,22943,688,97.08857009859929
2863,large_file,5972,65,rare,1,22944,687,97.09280182810714
2864,large_file,5980,58,rare,1,22945,686,97.09703355761499
2865,large_file,5998,66,rare,1,22946,685,97.10126528712284
2866,large_file,6001,64,rare,1,22947,684,97.1054970166307
2867,large_file,6007,63,rare,1,22948,683,97.10972874613854
2868,large_file,6011,65,rare,1,22949,682,97.1139604756464
2869,large_file,6017,59,rare,1,22950,681,97.11819220515424
2870,large_file,6025,69,rare,1,22951,680,97.1224239346621
2871,large_file,6028,66,rare,1,22952,679,97.12665566416995
2872,large_file,6032,63,rare,1,22953,678,97.1308873936778
2873,large_file,6038,63,rare,1,22954,677,97.13511912318565
2874,large_file,6039,68,rare,1,22955,676,97.1393508526935
2875,large_file,6041,65,rare,1,22956,675,97.14358258220135
2876,large_file,6047,67,rare,1,22957,674,97.1478143117092
2877,large_file,6058,64,rare,1,22958,673,97.15204604121705
2878,large_file,6073,71,rare,1,22959,672,97.1562777707249
2879,large_file,6082,62,rare,1,22960,671,97.16050950023275
2880,large_file,6088,62,rare,1,22961,670,97.1647412297406
2881,large_file,6096,66,rare,1,22962,669,97.16897295924845
2882,large_file,6099,66,rare,1,22963,668,97.1732046887563
2883,large_file,6105,63,rare,1,22964,667,97.17743641826415
2884,large_file,6120,65,rare,1,22965,666,97.181668147772
2885,large_file,6121,66,rare,1,22966,665,97.18589987727984
2886,large_file,6125,61,rare,1,22967,664,97.19013160678769
2887,large_file,6143,63,rare,1,22968,663,97.19436333629554
2888,large_file,6147,62,rare,1,22969,662,97.19859506580339
2889,large_file,6149,61,rare,1,22970,661,97.20282679531124
2890,large_file,6158,64,rare,1,22971,660,97.20705852481909
2891,large_file,6325,77,rare,1,22972,659,97.21129025432694
2892,large_file,6385,69,rare,1,22973,658,97.21552198383479
2893,large_file,6390,12,rare,1,22974,657,97.21975371334264
2894,large_file,6403,52,rare,1,22975,656,97.22398544285049
2895,large_file,6494,55,rare,1,22976,655,97.22821717235834
2896,large_file,6548,53,rare,1,22977,654,97.23244890186619
2897,large_file,6582,52,rare,1,22978,653,97.23668063137404
2898,large_file,6622,53,rare,1,22979,652,97.2409123608819
2899,large_file,6684,62,rare,1,22980,651,97.24514409038974
2900,large_file,6692,76,rare,1,22981,650,97.2493758198976
2901,large_file,6716,56,rare,1,22982,649,97.25360754940544
2902,large_file,6719,53,rare,1,22983,648,97.2578392789133
2903,large_file,6736,56,rare,1,22984,647,97.26207100842115
2904,large_file,6758,64,rare,1,22985,646,97.266302737929
2905,large_file,6803,54,rare,1,22986,645,97.27053446743685
2906,large_file,6837,68,rare,1,22987,644,97.2747661969447
2907,large_file,6841,65,rare,1,22988,643,97.27899792645255
2908,large_file,6850,67,rare,1,22989,642,97.2832296559604
2909,large_file,6860,74,rare,1,22990,641,97.28746138546825
2910,large_file,6862,67,rare,1,22991,640,97.29169311497608
2911,large_file,6866,66,rare,1,22992,639,97.29592484448393
2912,large_file,6869,64,rare,1,22993,638,97.30015657399179
2913,large_file,6889,68,rare,1,22994,637,97.30438830349964
2914,large_file,6895,77,rare,1,22995,636,97.30862003300749
2915,large_file,6905,68,rare,1,22996,635,97.31285176251534
2916,large_file,6922,67,rare,1,22997,634,97.31708349202319
2917,large_file,6975,64,rare,1,22998,633,97.32131522153104
2918,large_file,6979,67,rare,1,22999,632,97.32554695103889
2919,large_file,6980,64,rare,1,23000,631,97.32977868054674
2920,large_file,6995,67,rare,1,23001,630,97.33401041005459
2921,large_file,7019,67,rare,1,23002,629,97.33824213956244
2922,large_file,7020,67,rare,1,23003,628,97.34247386907029
2923,large_file,7034,66,rare,1,23004,627,97.34670559857814
2924,large_file,7036,65,rare,1,23005,626,97.35093732808599
2925,large_file,7060,62,rare,1,23006,625,97.35516905759384
2926,large_file,7071,67,rare,1,23007,624,97.35940078710169
2927,large_file,7084,63,rare,1,23008,623,97.36363251660954
2928,large_file,7089,66,rare,1,23009,622,97.36786424611739
2929,large_file,7097,70,rare,1,23010,621,97.37209597562524
2930,large_file,7106,67,rare,1,23011,620,97.3763277051331
2931,large_file,7110,76,rare,1,23012,619,97.38055943464094
2932,large_file,7118,69,rare,1,23013,618,97.3847911641488
2933,large_file,7119,67,rare,1,23014,617,97.38902289365664
2934,large_file,7120,68,rare,1,23015,616,97.39325462316448
2935,large_file,7123,70,rare,1,23016,615,97.39748635267233
2936,large_file,7128,68,rare,1,23017,614,97.40171808218018
2937,large_file,7131,65,rare,1,23018,613,97.40594981168803
2938,large_file,7166,62,rare,1,23019,612,97.41018154119588
2939,large_file,7199,57,rare,1,23020,611,97.41441327070373
2940,large_file,7233,55,rare,1,23021,610,97.41864500021158
2941,large_file,7361,78,rare,1,23022,609,97.42287672971943
2942,large_file,7371,89,rare,1,23023,608,97.42710845922728
2943,large_file,7395,77,rare,1,23024,607,97.43134018873513
2944,large_file,7458,82,rare,1,23025,606,97.43557191824299
2945,large_file,7483,77,rare,1,23026,605,97.43980364775084
2946,large_file,7501,58,rare,1,23027,604,97.44403537725869
2947,large_file,7506,55,rare,1,23028,603,97.44826710676654
2948,large_file,7510,84,rare,1,23029,602,97.45249883627439
2949,large_file,7535,54,rare,1,23030,601,97.45673056578224
2950,large_file,7551,62,rare,1,23031,600,97.46096229529009
2951,large_file,7559,62,rare,1,23032,599,97.46519402479794
2952,large_file,7584,82,rare,1,23033,598,97.46942575430579
2953,large_file,7603,63,rare,1,23034,597,97.47365748381364
2954,large_file,7618,88,rare,1,23035,596,97.47788921332149
2955,large_file,7635,23,rare,1,23036,595,97.48212094282934
2956,large_file,7666,80,rare,1,23037,594,97.48635267233719
2957,large_file,7679,67,rare,1,23038,593,97.49058440184504
2958,large_file,7683,65,rare,1,23039,592,97.49481613135288
2959,large_file,7684,75,rare,1,23040,591,97.49904786086073
2960,large_file,7687,63,rare,1,23041,590,97.50327959036858
2961,large_file,7695,61,rare,1,23042,589,97.50751131987643
2962,large_file,7704,82,rare,1,23043,588,97.51174304938428
2963,large_file,7711,65,rare,1,23044,587,97.51597477889213
2964,large_file,7724,68,rare,1,23045,586,97.52020650839998
2965,large_file,7729,84,rare,1,23046,585,97.52443823790783
2966,large_file,7731,60,rare,1,23047,584,97.52866996741568
2967,large_file,7736,83,rare,1,23048,583,97.53290169692353
2968,large_file,7748,63,rare,1,23049,582,97.53713342643138
2969,large_file,7750,67,rare,1,23050,581,97.54136515593923
2970,large_file,7763,67,rare,1,23051,580,97.54559688544708
2971,large_file,7774,66,rare,1,23052,579,97.54982861495493
2972,large_file,7847,18,rare,1,23053,578,97.55406034446278
2973,large_file,7977,72,rare,1,23054,577,97.55829207397063
2974,large_file,7986,75,rare,1,23055,576,97.56252380347848
2975,large_file,7997,64,rare,1,23056,575,97.56675553298633
2976,large_file,8008,81,rare,1,23057,574,97.57098726249419
2977,large_file,8156,13,rare,1,23058,573,97.57521899200204
2978,large_file,8167,79,rare,1,23059,572,97.57945072150989
2979,large_file,8175,81,rare,1,23060,571,97.58368245101774
2980,large_file,8441,70,rare,1,23061,570,97.58791418052559
2981,large_file,8728,70,rare,1,23062,569,97.59214591003344
2982,large_file,8761,100,rare,1,23063,568,97.59637763954127
2983,large_file,8778,104,rare,1,23064,567,97.60060936904912
2984,large_file,8783,109,rare,1,23065,566,97.60484109855697
2985,large_file,8787,106,rare,1,23066,565,97.60907282806482
2986,large_file,8792,50,rare,1,23067,564,97.61330455757268
2987,large_file,8808,102,rare,1,23068,563,97.61753628708053
2988,large_file,8831,72,rare,1,23069,562,97.62176801658838
2989,large_file,8837,76,rare,1,23070,561,97.62599974609623
2990,large_file,8850,92,rare,1,23071,560,97.63023147560408
2991,large_file,8852,74,rare,1,23072,559,97.63446320511193
2992,large_file,8858,96,rare,1,23073,558,97.63869493461978
2993,large_file,8883,104,rare,1,23074,557,97.64292666412763
2994,large_file,8889,98,rare,1,23075,556,97.64715839363548
2995,large_file,8892,73,rare,1,23076,555,97.65139012314333
2996,large_file,8898,96,rare,1,23077,554,97.65562185265118
2997,large_file,8910,102,rare,1,23078,553,97.65985358215903
2998,large_file,8924,105,rare,1,23079,552,97.66408531166688
2999,large_file,8925,102,rare,1,23080,551,97.66831704117473
3000,large_file,8930,104,rare,1,23081,550,97.67254877068258
3001,large_file,8933,101,rare,1,23082,549,97.67678050019043
3002,large_file,8941,103,rare,1,23083,548,97.68101222969828
3003,large_file,8953,103,rare,1,23084,547,97.68524395920613
3004,large_file,8956,103,rare,1,23085,546,97.68947568871398
3005,large_file,8963,107,rare,1,23086,545,97.69370741822183
3006,large_file,8965,104,rare,1,23087,544,97.69793914772967
3007,large_file,8969,107,rare,1,23088,543,97.70217087723752
3008,large_file,8977,106,rare,1,23089,542,97.70640260674537
3009,large_file,8978,102,rare,1,23090,541,97.71063433625322
3010,large_file,8981,71,rare,1,23091,540,97.71486606576107
3011,large_file,8990,33,rare,1,23092,539,97.71909779526892
3012,large_file,8993,95,rare,1,23093,538,97.72332952477677
3013,large_file,9016,102,rare,1,23094,537,97.72756125428462
3014,large_file,9039,106,rare,1,23095,536,97.73179298379247
3015,large_file,9040,93,rare,1,23096,535,97.73602471330032
3016,large_file,9042,85,rare,1,23097,534,97.74025644280817
3017,large_file,9045,104,rare,1,23098,533,97.74448817231603
3018,large_file,9049,106,rare,1,23099,532,97.74871990182388
3019,large_file,9064,108,rare,1,23100,531,97.75295163133173
3020,large_file,9066,97,rare,1,23101,530,97.75718336083958
3021,large_file,9067,96,rare,1,23102,529,97.76141509034743
3022,large_file,9070,104,rare,1,23103,528,97.76564681985528
3023,large_file,9071,99,rare,1,23104,527,97.76987854936313
3024,large_file,9102,93,rare,1,23105,526,97.77411027887098
3025,large_file,9110,105,rare,1,23106,525,97.77834200837883
3026,large_file,9116,95,rare,1,23107,524,97.78257373788668
3027,large_file,9130,101,rare,1,23108,523,97.78680546739453
3028,large_file,9146,102,rare,1,23109,522,97.79103719690238
3029,large_file,9149,101,rare,1,23110,521,97.79526892641023
3030,large_file,9154,114,rare,1,23111,520,97.79950065591807
3031,large_file,9163,91,rare,1,23112,519,97.80373238542592
3032,large_file,9189,94,rare,1,23113,518,97.80796411493377
3033,large_file,9217,103,rare,1,23114,517,97.81219584444162
3034,large_file,9218,100,rare,1,23115,516,97.81642757394947
3035,large_file,9226,101,rare,1,23116,515,97.82065930345732
3036,large_file,9229,109,rare,1,23117,514,97.82489103296517
3037,large_file,9230,103,rare,1,23118,513,97.82912276247302
3038,large_file,9232,101,rare,1,23119,512,97.83335449198087
3039,large_file,9238,113,rare,1,23120,511,97.83758622148872
3040,large_file,9241,76,rare,1,23121,510,97.84181795099657
3041,large_file,9251,97,rare,1,23122,509,97.84604968050442
3042,large_file,9253,107,rare,1,23123,508,97.85028141001227
3043,large_file,9257,111,rare,1,23124,507,97.85451313952012
3044,large_file,9278,83,rare,1,23125,506,97.85874486902797
3045,large_file,9285,96,rare,1,23126,505,97.86297659853582
3046,large_file,9295,105,rare,1,23127,504,97.86720832804367
3047,large_file,9298,85,rare,1,23128,503,97.87144005755152
3048,large_file,9313,65,rare,1,23129,502,97.87567178705937
3049,large_file,9314,100,rare,1,23130,501,97.87990351656723
3050,large_file,9328,107,rare,1,23131,500,97.88413524607508
3051,large_file,9331,101,rare,1,23132,499,97.88836697558293
3052,large_file,9335,110,rare,1,23133,498,97.89259870509078
3053,large_file,9337,115,rare,1,23134,497,97.89683043459863
3054,large_file,9340,105,rare,1,23135,496,97.90106216410648
3055,large_file,9342,100,rare,1,23136,495,97.90529389361431
3056,large_file,9349,83,rare,1,23137,494,97.90952562312216
3057,large_file,9356,103,rare,1,23138,493,97.91375735263001
3058,large_file,9371,78,rare,1,23139,492,97.91798908213786
3059,large_file,9373,95,rare,1,23140,491,97.92222081164572
3060,large_file,9378,82,rare,1,23141,490,97.92645254115357
3061,large_file,9380,75,rare,1,23142,489,97.93068427066142
3062,large_file,9382,79,rare,1,23143,488,97.93491600016927
3063,large_file,9391,83,rare,1,23144,487,97.93914772967712
3064,large_file,9397,95,rare,1,23145,486,97.94337945918497
3065,large_file,9403,94,rare,1,23146,485,97.94761118869282
3066,large_file,9411,92,rare,1,23147,484,97.95184291820067
3067,large_file,9412,82,rare,1,23148,483,97.95607464770852
3068,large_file,9415,89,rare,1,23149,482,97.96030637721637
3069,large_file,9431,95,rare,1,23150,481,97.96453810672422
3070,large_file,9433,103,rare,1,23151,480,97.96876983623207
3071,large_file,9434,85,rare,1,23152,479,97.97300156573992
3072,large_file,9438,95,rare,1,23153,478,97.97723329524777
3073,large_file,9447,95,rare,1,23154,477,97.98146502475562
3074,large_file,9452,102,rare,1,23155,476,97.98569675426347
3075,large_file,9457,106,rare,1,23156,475,97.98992848377132
3076,large_file,9459,97,rare,1,23157,474,97.99416021327917
3077,large_file,9467,90,rare,1,23158,473,97.99839194278702
3078,large_file,9473,115,rare,1,23159,472,98.00262367229487
3079,large_file,9500,77,rare,1,23160,471,98.00685540180271
3080,large_file,9501,97,rare,1,23161,470,98.01108713131056
3081,large_file,9512,86,rare,1,23162,469,98.01531886081841
3082,large_file,9515,82,rare,1,23163,468,98.01955059032626
3083,large_file,9521,104,rare,1,23164,467,98.02378231983411
3084,large_file,9522,97,rare,1,23165,466,98.02801404934196
3085,large_file,9529,116,rare,1,23166,465,98.03224577884981
3086,large_file,9535,101,rare,1,23167,464,98.03647750835766
3087,large_file,9542,86,rare,1,23168,463,98.04070923786551
3088,large_file,9553,96,rare,1,23169,462,98.04494096737336
3089,large_file,9554,92,rare,1,23170,461,98.04917269688121
3090,large_file,9565,93,rare,1,23171,460,98.05340442638906
3091,large_file,9594,66,rare,1,23172,459,98.05763615589692
3092,large_file,9603,89,rare,1,23173,458,98.06186788540477
3093,large_file,9605,82,rare,1,23174,457,98.06609961491262
3094,large_file,9609,104,rare,1,23175,456,98.07033134442047
3095,large_file,9614,98,rare,1,23176,455,98.07456307392832
3096,large_file,9623,102,rare,1,23177,454,98.07879480343617
3097,large_file,9628,114,rare,1,23178,453,98.08302653294402
3098,large_file,9633,102,rare,1,23179,452,98.08725826245187
3099,large_file,9641,79,rare,1,23180,451,98.09148999195972
3100,large_file,9651,105,rare,1,23181,450,98.09572172146757
3101,large_file,9655,105,rare,1,23182,449,98.09995345097542
3102,large_file,9659,105,rare,1,23183,448,98.10418518048327
3103,large_file,9665,89,rare,1,23184,447,98.1084169099911
3104,large_file,9699,80,rare,1,23185,446,98.11264863949896
3105,large_file,9706,89,rare,1,23186,445,98.11688036900681
3106,large_file,9710,87,rare,1,23187,444,98.12111209851466
3107,large_file,9723,71,rare,1,23188,443,98.12534382802251
3108,large_file,9727,83,rare,1,23189,442,98.12957555753036
3109,large_file,9731,92,rare,1,23190,441,98.13380728703821
3110,large_file,9746,97,rare,1,23191,440,98.13803901654606
3111,large_file,9748,103,rare,1,23192,439,98.14227074605391
3112,large_file,9764,118,rare,1,23193,438,98.14650247556176
3113,large_file,9766,104,rare,1,23194,437,98.15073420506961
3114,large_file,9781,96,rare,1,23195,436,98.15496593457746
3115,large_file,9784,87,rare,1,23196,435,98.15919766408531
3116,large_file,9787,110,rare,1,23197,434,98.16342939359316
3117,large_file,9791,96,rare,1,23198,433,98.16766112310101
3118,large_file,9813,94,rare,1,23199,432,98.17189285260886
3119,large_file,9814,102,rare,1,23200,431,98.17612458211671
3120,large_file,9821,96,rare,1,23201,430,98.18035631162456
3121,large_file,9829,99,rare,1,23202,429,98.18458804113241
3122,large_file,9839,97,rare,1,23203,428,98.18881977064027
3123,large_file,9852,91,rare,1,23204,427,98.19305150014812
3124,large_file,9853,96,rare,1,23205,426,98.19728322965597
3125,large_file,9866,112,rare,1,23206,425,98.20151495916382
3126,large_file,9906,96,rare,1,23207,424,98.20574668867167
3127,large_file,9923,101,rare,1,23208,423,98.2099784181795
3128,large_file,9924,77,rare,1,23209,422,98.21421014768735
3129,large_file,9935,84,rare,1,23210,421,98.2184418771952
3130,large_file,9940,92,rare,1,23211,420,98.22267360670305
3131,large_file,9941,92,rare,1,23212,419,98.2269053362109
3132,large_file,9954,97,rare,1,23213,418,98.23113706571876
3133,large_file,9965,88,rare,1,23214,417,98.2353687952266
3134,large_file,9967,80,rare,1,23215,416,98.23960052473446
3135,large_file,9970,93,rare,1,23216,415,98.2438322542423
3136,large_file,9992,87,rare,1,23217,414,98.24806398375016
3137,large_file,9998,78,rare,1,23218,413,98.25229571325801
3138,large_file,10016,94,rare,1,23219,412,98.25652744276586
3139,large_file,10024,82,rare,1,23220,411,98.26075917227371
3140,large_file,10025,76,rare,1,23221,410,98.26499090178156
3141,large_file,10042,87,rare,1,23222,409,98.26922263128941
3142,large_file,10059,98,rare,1,23223,408,98.27345436079726
3143,large_file,10070,113,rare,1,23224,407,98.27768609030511
3144,large_file,10074,89,rare,1,23225,406,98.28191781981296
3145,large_file,10090,77,rare,1,23226,405,98.28614954932081
3146,large_file,10096,106,rare,1,23227,404,98.29038127882866
3147,large_file,10100,116,rare,1,23228,403,98.29461300833651
3148,large_file,10114,109,rare,1,23229,402,98.29884473784436
3149,large_file,10120,118,rare,1,23230,401,98.30307646735221
3150,large_file,10121,95,rare,1,23231,400,98.30730819686006
3151,large_file,10142,103,rare,1,23232,399,98.3115399263679
3152,large_file,10143,106,rare,1,23233,398,98.31577165587575
3153,large_file,10146,88,rare,1,23234,397,98.3200033853836
3154,large_file,10155,94,rare,1,23235,396,98.32423511489145
3155,large_file,10157,68,rare,1,23236,395,98.3284668443993
3156,large_file,10169,104,rare,1,23237,394,98.33269857390715
3157,large_file,10173,73,rare,1,23238,393,98.336930303415
3158,large_file,10185,107,rare,1,23239,392,98.34116203292285
3159,large_file,10192,91,rare,1,23240,391,98.3453937624307
3160,large_file,10195,101,rare,1,23241,390,98.34962549193855
3161,large_file,10198,93,rare,1,23242,389,98.3538572214464
3162,large_file,10207,91,rare,1,23243,388,98.35808895095425
3163,large_file,10210,73,rare,1,23244,387,98.3623206804621
3164,large_file,10219,92,rare,1,23245,386,98.36655240996996
3165,large_file,10225,101,rare,1,23246,385,98.3707841394778
3166,large_file,10226,101,rare,1,23247,384,98.37501586898566
3167,large_file,10228,77,rare,1,23248,383,98.3792475984935
3168,large_file,10232,97,rare,1,23249,382,98.38347932800136
3169,large_file,10240,110,rare,1,23250,381,98.38771105750921
3170,large_file,10244,102,rare,1,23251,380,98.39194278701706
3171,large_file,10255,91,rare,1,23252,379,98.39617451652491
3172,large_file,10257,87,rare,1,23253,378,98.40040624603276
3173,large_file,10271,102,rare,1,23254,377,98.40463797554061
3174,large_file,10273,101,rare,1,23255,376,98.40886970504846
3175,large_file,10275,94,rare,1,23256,375,98.41310143455631
3176,large_file,10290,100,rare,1,23257,374,98.41733316406415
3177,large_file,10298,87,rare,1,23258,373,98.421564893572
3178,large_file,10373,55,rare,1,23259,372,98.42579662307985
3179,large_file,10403,87,rare,1,23260,371,98.4300283525877
3180,large_file,10445,81,rare,1,23261,370,98.43426008209555
3181,large_file,10448,107,rare,1,23262,369,98.4384918116034
3182,large_file,10450,105,rare,1,23263,368,98.44272354111125
3183,large_file,10456,86,rare,1,23264,367,98.4469552706191
3184,large_file,10470,94,rare,1,23265,366,98.45118700012695
3185,large_file,10477,91,rare,1,23266,365,98.4554187296348
3186,large_file,10479,87,rare,1,23267,364,98.45965045914265
3187,large_file,10496,80,rare,1,23268,363,98.4638821886505
3188,large_file,10521,94,rare,1,23269,362,98.46811391815835
3189,large_file,10528,100,rare,1,23270,361,98.4723456476662
3190,large_file,10537,98,rare,1,23271,360,98.47657737717405
3191,large_file,10558,68,rare,1,23272,359,98.4808091066819
3192,large_file,10566,94,rare,1,23273,358,98.48504083618975
3193,large_file,10573,80,rare,1,23274,357,98.4892725656976
3194,large_file,10578,111,rare,1,23275,356,98.49350429520545
3195,large_file,10579,100,rare,1,23276,355,98.4977360247133
3196,large_file,10589,97,rare,1,23277,354,98.50196775422116
3197,large_file,10596,102,rare,1,23278,353,98.506199483729
3198,large_file,10601,99,rare,1,23279,352,98.51043121323686
3199,large_file,10609,119,rare,1,23280,351,98.5146629427447
3200,large_file,10614,92,rare,1,23281,350,98.51889467225254
3201,large_file,10620,96,rare,1,23282,349,98.5231264017604
3202,large_file,10646,112,rare,1,23283,348,98.52735813126824
3203,large_file,10666,103,rare,1,23284,347,98.5315898607761
3204,large_file,10668,100,rare,1,23285,346,98.53582159028394
3205,large_file,10675,100,rare,1,23286,345,98.5400533197918
3206,large_file,10677,106,rare,1,23287,344,98.54428504929965
3207,large_file,10690,95,rare,1,23288,343,98.5485167788075
3208,large_file,10700,110,rare,1,23289,342,98.55274850831535
3209,large_file,10712,96,rare,1,23290,341,98.5569802378232
3210,large_file,10713,94,rare,1,23291,340,98.56121196733105
3211,large_file,10727,91,rare,1,23292,339,98.5654436968389
3212,large_file,10735,87,rare,1,23293,338,98.56967542634675
3213,large_file,10739,101,rare,1,23294,337,98.5739071558546
3214,large_file,10755,79,rare,1,23295,336,98.57813888536245
3215,large_file,10773,99,rare,1,23296,335,98.5823706148703
3216,large_file,10778,107,rare,1,23297,334,98.58660234437815
3217,large_file,10781,114,rare,1,23298,333,98.590834073886
3218,large_file,10782,117,rare,1,23299,332,98.59506580339385
3219,large_file,10790,107,rare,1,23300,331,98.5992975329017
3220,large_file,10793,99,rare,1,23301,330,98.60352926240955
3221,large_file,10794,93,rare,1,23302,329,98.6077609919174
3222,large_file,10802,74,rare,1,23303,328,98.61199272142525
3223,large_file,10811,101,rare,1,23304,327,98.6162244509331
3224,large_file,10847,92,rare,1,23305,326,98.62045618044094
3225,large_file,10888,84,rare,1,23306,325,98.62468790994879
3226,large_file,10936,90,rare,1,23307,324,98.62891963945664
3227,large_file,10951,95,rare,1,23308,323,98.63315136896449
3228,large_file,10958,70,rare,1,23309,322,98.63738309847234
3229,large_file,10962,95,rare,1,23310,321,98.64161482798019
3230,large_file,11059,76,rare,1,23311,320,98.64584655748804
3231,large_file,11069,93,rare,1,23312,319,98.65007828699589
3232,large_file,11099,95,rare,1,23313,318,98.65431001650374
3233,large_file,11121,94,rare,1,23314,317,98.6585417460116
3234,large_file,11137,93,rare,1,23315,316,98.66277347551944
3235,large_file,11224,77,rare,1,23316,315,98.6670052050273
3236,large_file,11313,93,rare,1,23317,314,98.67123693453514
3237,large_file,11335,96,rare,1,23318,313,98.675468664043
3238,large_file,11362,92,rare,1,23319,312,98.67970039355085
3239,large_file,11432,92,rare,1,23320,311,98.6839321230587
3240,large_file,11506,93,rare,1,23321,310,98.68816385256655
3241,large_file,11597,101,rare,1,23322,309,98.6923955820744
3242,large_file,11793,91,rare,1,23323,308,98.69662731158225
3243,large_file,11836,70,rare,1,23324,307,98.7008590410901
3244,large_file,11878,94,rare,1,23325,306,98.70509077059795
3245,large_file,11941,77,rare,1,23326,305,98.7093225001058
3246,large_file,11949,82,rare,1,23327,304,98.71355422961365
3247,large_file,11981,89,rare,1,23328,303,98.7177859591215
3248,large_file,12001,67,rare,1,23329,302,98.72201768862934
3249,large_file,12063,71,rare,1,23330,301,98.72624941813719
3250,large_file,12064,92,rare,1,23331,300,98.73048114764504
3251,large_file,12065,91,rare,1,23332,299,98.73471287715289
3252,large_file,12123,82,rare,1,23333,298,98.73894460666074
3253,large_file,12154,88,rare,1,23334,297,98.74317633616859
3254,large_file,12156,69,rare,1,23335,296,98.74740806567644
3255,large_file,12187,93,rare,1,23336,295,98.75163979518429
3256,large_file,12201,88,rare,1,23337,294,98.75587152469214
3257,large_file,12220,91,rare,1,23338,293,98.76010325419999
3258,large_file,12224,93,rare,1,23339,292,98.76433498370784
3259,large_file,12229,86,rare,1,23340,291,98.76856671321569
3260,large_file,12234,93,rare,1,23341,290,98.77279844272354
3261,large_file,12239,71,rare,1,23342,289,98.77703017223139
3262,large_file,12240,90,rare,1,23343,288,98.78126190173924
3263,large_file,12251,92,rare,1,23344,287,98.78549363124709
3264,large_file,12256,87,rare,1,23345,286,98.78972536075494
3265,large_file,12260,67,rare,1,23346,285,98.7939570902628
3266,large_file,12267,74,rare,1,23347,284,98.79818881977064
3267,large_file,12277,63,rare,1,23348,283,98.8024205492785
3268,large_file,12287,71,rare,1,23349,282,98.80665227878634
3269,large_file,12297,93,rare,1,23350,281,98.8108840082942
3270,large_file,12301,91,rare,1,23351,280,98.81511573780205
3271,large_file,12312,92,rare,1,23352,279,98.8193474673099
3272,large_file,12333,93,rare,1,23353,278,98.82357919681773
3273,large_file,12337,88,rare,1,23354,277,98.82781092632558
3274,large_file,12349,91,rare,1,23355,276,98.83204265583343
3275,large_file,12352,94,rare,1,23356,275,98.83627438534128
3276,large_file,12368,92,rare,1,23357,274,98.84050611484913
3277,large_file,12393,69,rare,1,23358,273,98.84473784435698
3278,large_file,12405,95,rare,1,23359,272,98.84896957386484
3279,large_file,12418,91,rare,1,23360,271,98.85320130337269
3280,large_file,12424,94,rare,1,23361,270,98.85743303288054
3281,large_file,12429,90,rare,1,23362,269,98.86166476238839
3282,large_file,12430,90,rare,1,23363,268,98.86589649189624
3283,large_file,12431,90,rare,1,23364,267,98.87012822140409
3284,large_file,12442,93,rare,1,23365,266,98.87435995091194
3285,large_file,12452,78,rare,1,23366,265,98.87859168041979
3286,large_file,12460,82,rare,1,23367,264,98.88282340992764
3287,large_file,12482,91,rare,1,23368,263,98.88705513943549
3288,large_file,12487,72,rare,1,23369,262,98.89128686894334
3289,large_file,12494,93,rare,1,23370,261,98.89551859845119
3290,large_file,12499,92,rare,1,23371,260,98.89975032795904
3291,large_file,12516,93,rare,1,23372,259,98.90398205746689
3292,large_file,12529,90,rare,1,23373,258,98.90821378697474
3293,large_file,12530,90,rare,1,23374,257,98.91244551648259
3294,large_file,12532,94,rare,1,23375,256,98.91667724599044
3295,large_file,12533,91,rare,1,23376,255,98.92090897549829
3296,large_file,12541,90,rare,1,23377,254,98.92514070500614
3297,large_file,12548,93,rare,1,23378,253,98.92937243451398
3298,large_file,12550,62,rare,1,23379,252,98.93360416402183
3299,large_file,12558,91,rare,1,23380,251,98.93783589352968
3300,large_file,12559,90,rare,1,23381,250,98.94206762303753
3301,large_file,12563,87,rare,1,23382,249,98.94629935254538
3302,large_file,12572,66,rare,1,23383,248,98.95053108205323
3303,large_file,12663,73,rare,1,23384,247,98.95476281156108
3304,large_file,12672,72,rare,1,23385,246,98.95899454106893
3305,large_file,12701,102,rare,1,23386,245,98.96322627057678
3306,large_file,12724,70,rare,1,23387,244,98.96745800008463
3307,large_file,12737,71,rare,1,23388,243,98.97168972959248
3308,large_file,12785,79,rare,1,23389,242,98.97592145910033
3309,large_file,12850,72,rare,1,23390,241,98.98015318860818
3310,large_file,12894,73,rare,1,23391,240,98.98438491811604
3311,large_file,12905,99,rare,1,23392,239,98.98861664762389
3312,large_file,12908,60,rare,1,23393,238,98.99284837713174
3313,large_file,12960,76,rare,1,23394,237,98.99708010663959
3314,large_file,13078,72,rare,1,23395,236,99.00131183614744
3315,large_file,13088,76,rare,1,23396,235,99.00554356565529
3316,large_file,13113,65,rare,1,23397,234,99.00977529516314
3317,large_file,13120,78,rare,1,23398,233,99.01400702467099
3318,large_file,13222,78,rare,1,23399,232,99.01823875417884
3319,large_file,13296,66,rare,1,23400,231,99.02247048368669
3320,large_file,13316,101,rare,1,23401,230,99.02670221319454
3321,large_file,13354,74,rare,1,23402,229,99.03093394270238
3322,large_file,13454,77,rare,1,23403,228,99.03516567221023
3323,large_file,13512,69,rare,1,23404,227,99.03939740171808
3324,large_file,13521,68,rare,1,23405,226,99.04362913122593
3325,large_file,13600,74,rare,1,23406,225,99.04786086073378
3326,large_file,13618,59,rare,1,23407,224,99.05209259024163
3327,large_file,13646,79,rare,1,23408,223,99.05632431974948
3328,large_file,13707,74,rare,1,23409,222,99.06055604925733
3329,large_file,13741,75,rare,1,23410,221,99.06478777876518
3330,large_file,13813,54,rare,1,23411,220,99.06901950827303
3331,large_file,13932,78,rare,1,23412,219,99.07325123778088
3332,large_file,14042,74,rare,1,23413,218,99.07748296728873
3333,large_file,14198,63,rare,1,23414,217,99.08171469679658
3334,large_file,14227,65,rare,1,23415,216,99.08594642630443
3335,large_file,14305,72,rare,1,23416,215,99.09017815581228
3336,large_file,14346,66,rare,1,23417,214,99.09440988532013
3337,large_file,14363,77,rare,1,23418,213,99.09864161482798
3338,large_file,14403,73,rare,1,23419,212,99.10287334433583
3339,large_file,14428,65,rare,1,23420,211,99.10710507384368
3340,large_file,14437,63,rare,1,23421,210,99.11133680335153
3341,large_file,14527,73,rare,1,23422,209,99.11556853285938
3342,large_file,14570,69,rare,1,23423,208,99.11980026236724
3343,large_file,14639,72,rare,1,23424,207,99.12403199187509
3344,large_file,14655,40,rare,1,23425,206,99.12826372138294
3345,large_file,14714,79,rare,1,23426,205,99.13249545089077
3346,large_file,14718,48,rare,1,23427,204,99.13672718039862
3347,large_file,14836,72,rare,1,23428,203,99.14095890990647
3348,large_file,14872,79,rare,1,23429,202,99.14519063941432
3349,large_file,15007,60,rare,1,23430,201,99.14942236892217
3350,large_file,15147,70,rare,1,23431,200,99.15365409843002
3351,large_file,15190,79,rare,1,23432,199,99.15788582793787
3352,large_file,15204,79,rare,1,23433,198,99.16211755744573
3353,large_file,15245,76,rare,1,23434,197,99.16634928695358
3354,large_file,15248,77,rare,1,23435,196,99.17058101646143
3355,large_file,15277,74,rare,1,23436,195,99.17481274596928
3356,large_file,15281,76,rare,1,23437,194,99.17904447547713
3357,large_file,15298,79,rare,1,23438,193,99.18327620498498
3358,large_file,15307,71,rare,1,23439,192,99.18750793449283
3359,large_file,15363,74,rare,1,23440,191,99.19173966400068
3360,large_file,15367,71,rare,1,23441,190,99.19597139350853
3361,large_file,15390,79,rare,1,23442,189,99.20020312301638
3362,large_file,15396,71,rare,1,23443,188,99.20443485252423
3363,large_file,15397,79,rare,1,23444,187,99.20866658203208
3364,large_file,15411,74,rare,1,23445,186,99.21289831153993
3365,large_file,15415,83,rare,1,23446,185,99.21713004104778
3366,large_file,15425,76,rare,1,23447,184,99.22136177055563
3367,large_file,15431,82,rare,1,23448,183,99.22559350006348
3368,large_file,15454,77,rare,1,23449,182,99.22982522957133
3369,large_file,15465,76,rare,1,23450,181,99.23405695907917
3370,large_file,15473,77,rare,1,23451,180,99.23828868858702
3371,large_file,15489,78,rare,1,23452,179,99.24252041809487
3372,large_file,15494,82,rare,1,23453,178,99.24675214760272
3373,large_file,15514,76,rare,1,23454,177,99.25098387711057
3374,large_file,15522,73,rare,1,23455,176,99.25521560661842
3375,large_file,15525,78,rare,1,23456,175,99.25944733612627
3376,large_file,15540,74,rare,1,23457,174,99.26367906563412
3377,large_file,15546,69,rare,1,23458,173,99.26791079514197
3378,large_file,15547,75,rare,1,23459,172,99.27214252464982
3379,large_file,15555,73,rare,1,23460,171,99.27637425415767
3380,large_file,15567,78,rare,1,23461,170,99.28060598366552
3381,large_file,15570,69,rare,1,23462,169,99.28483771317337
3382,large_file,15574,76,rare,1,23463,168,99.28906944268122
3383,large_file,15586,76,rare,1,23464,167,99.29330117218908
3384,large_file,15592,76,rare,1,23465,166,99.29753290169693
3385,large_file,15593,78,rare,1,23466,165,99.30176463120478
3386,large_file,15594,69,rare,1,23467,164,99.30599636071263
3387,large_file,15609,74,rare,1,23468,163,99.31022809022048
3388,large_file,15612,73,rare,1,23469,162,99.31445981972833
3389,large_file,15616,83,rare,1,23470,161,99.31869154923618
3390,large_file,15628,71,rare,1,23471,160,99.32292327874403
3391,large_file,15633,81,rare,1,23472,159,99.32715500825188
3392,large_file,15637,73,rare,1,23473,158,99.33138673775973
3393,large_file,15644,67,rare,1,23474,157,99.33561846726757
3394,large_file,15664,78,rare,1,23475,156,99.33985019677542
3395,large_file,15666,72,rare,1,23476,155,99.34408192628327
3396,large_file,15667,80,rare,1,23477,154,99.34831365579112
3397,large_file,15669,72,rare,1,23478,153,99.35254538529897
3398,large_file,15677,83,rare,1,23479,152,99.35677711480682
3399,large_file,15678,79,rare,1,23480,151,99.36100884431467
3400,large_file,15684,74,rare,1,23481,150,99.36524057382252
3401,large_file,15690,78,rare,1,23482,149,99.36947230333037
3402,large_file,15706,79,rare,1,23483,148,99.37370403283822
3403,large_file,15711,66,rare,1,23484,147,99.37793576234607
3404,large_file,15716,71,rare,1,23485,146,99.38216749185392
3405,large_file,15720,72,rare,1,23486,145,99.38639922136177
3406,large_file,15725,73,rare,1,23487,144,99.39063095086962
3407,large_file,15728,71,rare,1,23488,143,99.39486268037747
3408,large_file,15732,75,rare,1,23489,142,99.39909440988532
3409,large_file,15774,70,rare,1,23490,141,99.40332613939317
3410,large_file,15794,75,rare,1,23491,140,99.40755786890102
3411,large_file,15795,72,rare,1,23492,139,99.41178959840887
3412,large_file,15797,78,rare,1,23493,138,99.41602132791672
3413,large_file,15800,80,rare,1,23494,137,99.42025305742457
3414,large_file,15806,69,rare,1,23495,136,99.42448478693242
3415,large_file,15808,75,rare,1,23496,135,99.42871651644028
3416,large_file,15826,72,rare,1,23497,134,99.43294824594813
3417,large_file,15838,73,rare,1,23498,133,99.43717997545596
3418,large_file,15839,72,rare,1,23499,132,99.44141170496381
3419,large_file,15840,66,rare,1,23500,131,99.44564343447166
3420,large_file,15852,81,rare,1,23501,130,99.44987516397951
3421,large_file,15854,79,rare,1,23502,129,99.45410689348736
3422,large_file,15861,78,rare,1,23503,128,99.45833862299521
3423,large_file,15881,64,rare,1,23504,127,99.46257035250306
3424,large_file,15887,79,rare,1,23505,126,99.46680208201091
3425,large_file,15890,77,rare,1,23506,125,99.47103381151877
3426,large_file,15893,77,rare,1,23507,124,99.47526554102662
3427,large_file,15898,77,rare,1,23508,123,99.47949727053447
3428,large_file,15906,71,rare,1,23509,122,99.48372900004232
3429,large_file,15909,72,rare,1,23510,121,99.48796072955017
3430,large_file,15917,70,rare,1,23511,120,99.49219245905802
3431,large_file,15919,70,rare,1,23512,119,99.49642418856587
3432,large_file,15920,72,rare,1,23513,118,99.50065591807372
3433,large_file,15921,68,rare,1,23514,117,99.50488764758157
3434,large_file,15924,71,rare,1,23515,116,99.50911937708942
3435,large_file,15937,63,rare,1,23516,115,99.51335110659727
3436,large_file,15946,71,rare,1,23517,114,99.51758283610512
3437,large_file,15993,71,rare,1,23518,113,99.52181456561297
3438,large_file,15998,68,rare,1,23519,112,99.52604629512082
3439,large_file,16003,74,rare,1,23520,111,99.53027802462867
3440,large_file,16029,77,rare,1,23521,110,99.53450975413652
3441,large_file,16031,66,rare,1,23522,109,99.53874148364437
3442,large_file,16039,78,rare,1,23523,108,99.54297321315221
3443,large_file,16049,70,rare,1,23524,107,99.54720494266006
3444,large_file,16051,72,rare,1,23525,106,99.55143667216791
3445,large_file,16052,71,rare,1,23526,105,99.55566840167576
3446,large_file,16057,73,rare,1,23527,104,99.55990013118361
3447,large_file,16059,75,rare,1,23528,103,99.56413186069146
3448,large_file,16060,78,rare,1,23529,102,99.56836359019931
3449,large_file,16061,63,rare,1,23530,101,99.57259531970716
3450,large_file,16078,72,rare,1,23531,100,99.57682704921501
3451,large_file,16090,73,rare,1,23532,99,99.58105877872286
3452,large_file,16110,74,rare,1,23533,98,99.58529050823071
3453,large_file,16119,81,rare,1,23534,97,99.58952223773856
3454,large_file,16126,75,rare,1,23535,96,99.59375396724641
3455,large_file,16135,63,rare,1,23536,95,99.59798569675426
3456,large_file,16140,73,rare,1,23537,94,99.60221742626211
3457,large_file,16146,78,rare,1,23538,93,99.60644915576997
3458,large_file,16153,78,rare,1,23539,92,99.61068088527782
3459,large_file,16168,72,rare,1,23540,91,99.61491261478567
3460,large_file,16171,70,rare,1,23541,90,99.61914434429352
3461,large_file,16186,67,rare,1,23542,89,99.62337607380137
3462,large_file,16188,70,rare,1,23543,88,99.62760780330922
3463,large_file,16190,69,rare,1,23544,87,99.63183953281707
3464,large_file,16198,72,rare,1,23545,86,99.63607126232492
3465,large_file,16208,72,rare,1,23546,85,99.64030299183277
3466,large_file,16215,75,rare,1,23547,84,99.6445347213406
3467,large_file,16220,74,rare,1,23548,83,99.64876645084846
3468,large_file,16225,76,rare,1,23549,82,99.6529981803563
3469,large_file,16227,73,rare,1,23550,81,99.65722990986416
3470,large_file,16235,62,rare,1,23551,80,99.661461639372
3471,large_file,16236,77,rare,1,23552,79,99.66569336887986
3472,large_file,16238,73,rare,1,23553,78,99.66992509838771
3473,large_file,16253,64,rare,1,23554,77,99.67415682789556
3474,large_file,16259,69,rare,1,23555,76,99.67838855740341
3475,large_file,16263,70,rare,1,23556,75,99.68262028691126
3476,large_file,16267,62,rare,1,23557,74,99.68685201641911
3477,large_file,16282,79,rare,1,23558,73,99.69108374592696
3478,large_file,16284,71,rare,1,23559,72,99.69531547543481
3479,large_file,16287,67,rare,1,23560,71,99.69954720494266
3480,large_file,16289,68,rare,1,23561,70,99.70377893445051
3481,large_file,16356,74,rare,1,23562,69,99.70801066395836
3482,large_file,16409,74,rare,1,23563,68,99.71224239346621
3483,large_file,16417,70,rare,1,23564,67,99.71647412297406
3484,large_file,16594,68,rare,1,23565,66,99.72070585248191
3485,large_file,16713,70,rare,1,23566,65,99.72493758198976
3486,large_file,16730,70,rare,1,23567,64,99.72916931149761
3487,large_file,16738,73,rare,1,23568,63,99.73340104100546
3488,large_file,16887,73,rare,1,23569,62,99.73763277051331
3489,large_file,17041,75,rare,1,23570,61,99.74186450002117
3490,large_file,17156,64,rare,1,23571,60,99.746096229529
3491,large_file,17195,64,rare,1,23572,59,99.75032795903685
3492,large_file,17428,66,rare,1,23573,58,99.7545596885447
3493,large_file,17790,80,rare,1,23574,57,99.75879141805255
3494,large_file,17895,77,rare,1,23575,56,99.7630231475604
3495,large_file,18280,61,rare,1,23576,55,99.76725487706825
3496,large_file,18434,67,rare,1,23577,54,99.7714866065761
3497,large_file,18563,70,rare,1,23578,53,99.77571833608395
3498,large_file,18574,23,rare,1,23579,52,99.7799500655918
3499,large_file,18782,77,rare,1,23580,51,99.78418179509966
3500,large_file,18858,71,rare,1,23581,50,99.7884135246075
3501,large_file,19057,61,rare,1,23582,49,99.79264525411536
3502,large_file,19156,76,rare,1,23583,48,99.7968769836232
3503,large_file,19231,71,rare,1,23584,47,99.80110871313106
3504,large_file,19628,58,rare,1,23585,46,99.80534044263891
3505,large_file,512,23,rare,1,23586,45,99.80957217214676
3506,large_file,520,54,rare,1,23587,44,99.81380390165461
3507,large_file,13152,79,rare,1,23588,43,99.81803563116246
3508,large_file,14700,79,rare,1,23589,42,99.82226736067031
3509,large_file,15034,68,rare,1,23590,41,99.82649909017816
3510,large_file,13163,54,rare,1,23591,40,99.83073081968601
3511,large_file,4659,34,rare,1,23592,39,99.83496254919386
3512,large_file,9219,101,rare,1,23593,38,99.83919427870171
3513,large_file,12675,71,rare,1,23594,37,99.84342600820956
3514,large_file,13063,62,rare,1,23595,36,99.8476577377174
3515,large_file,16803,28,rare,1,23596,35,99.85188946722525
3516,large_file,22,13,rare,1,23597,34,99.8561211967331
3517,large_file,568,60,rare,1,23598,33,99.86035292624095
3518,large_file,1640,29,rare,1,23599,32,99.8645846557488
3519,large_file,1861,17,rare,1,23600,31,99.86881638525665
3520,large_file,2516,32,rare,1,23601,30,99.8730481147645
3521,large_file,3482,46,rare,1,23602,29,99.87727984427235
3522,large_file,3836,15,rare,1,23603,28,99.8815115737802
3523,large_file,7323,64,rare,1,23604,27,99.88574330328805
3524,large_file,8765,102,rare,1,23605,26,99.8899750327959
3525,large_file,9377,92,rare,1,23606,25,99.89420676230375
3526,large_file,9619,95,rare,1,23607,24,99.8984384918116
3527,large_file,9678,97,rare,1,23608,23,99.90267022131945
3528,large_file,10032,78,rare,1,23609,22,99.9069019508273
3529,large_file,10341,93,rare,1,23610,21,99.91113368033515
3530,large_file,12136,90,rare,1,23611,20,99.915365409843
3531,large_file,12562,68,rare,1,23612,19,99.91959713935086
3532,large_file,13562,70,rare,1,23613,18,99.9238288688587
3533,large_file,13669,22,rare,1,23614,17,99.92806059836656
3534,large_file,13773,37,rare,1,23615,16,99.9322923278744
3535,large_file,13973,49,rare,1,23616,15,99.93652405738226
3536,large_file,14168,46,rare,1,23617,14,99.94075578689011
3537,large_file,14864,74,rare,1,23618,13,99.94498751639796
3538,large_file,14952,44,rare,1,23619,12,99.9492192459058
3539,large_file,15044,72,rare,1,23620,11,99.95345097541365
3540,large_file,15103,56,rare,1,23621,10,99.9576827049215
3541,large_file,332,25,rare,1,23622,9,99.96191443442935
3542,large_file,402,66,rare,1,23623,8,99.9661461639372
3543,large_file,460,50,rare,1,23624,7,99.97037789344505
3544,large_file,511,46,rare,1,23625,6,99.9746096229529
3545,large_file,746,10,rare,1,23626,5,99.97884135246075
3546,large_file,1114,18,rare,1,23627,4,99.9830730819686
3547,large_file,1501,36,rare,1,23628,3,99.98730481147645
3548,large_file,1525,47,rare,1,23629,2,99.9915365409843
3549,large_file,2027,17,rare,1,23630,1,99.99576827049215
3550,large_file,2475,67,rare,1,23631,0,100.0
3551,large_file,3382,12,common,5,5,144,3.3557046979865772
3552,large_file,3454,47,common,5,10,139,6.7114093959731544
3553,large_file,4525,80,common,5,15,134,10.06711409395973
3554,large_file,5757,54,common,5,20,129,13.422818791946309
3555,large_file,6440,68,common,5,25,124,16.778523489932887
3556,large_file,6601,70,common,4,29,120,19.463087248322147
3557,large_file,6682,61,common,3,32,117,21.476510067114095
3558,large_file,6875,66,common,3,35,114,23.48993288590604
3559,large_file,7030,58,common,3,38,111,25.503355704697988
3560,large_file,7076,72,common,3,41,108,27.516778523489933
3561,large_file,7716,65,common,3,44,105,29.530201342281877
3562,large_file,7946,28,common,2,46,103,30.87248322147651
3563,large_file,8050,75,common,2,48,101,32.214765100671144
3564,large_file,8768,103,common,2,50,99,33.557046979865774
3565,large_file,8809,77,common,2,52,97,34.899328859060404
3566,large_file,8847,92,common,2,54,95,36.241610738255034
3567,large_file,8849,102,common,2,56,93,37.58389261744966
3568,large_file,8853,87,common,2,58,91,38.92617449664429
3569,large_file,9054,73,common,2,60,89,40.26845637583892
3570,large_file,9056,76,common,2,62,87,41.61073825503356
3571,large_file,9145,74,common,2,64,85,42.95302013422819
3572,large_file,9156,92,common,2,66,83,44.29530201342282
3573,large_file,9369,87,common,2,68,81,45.63758389261745
