source,source_idx,reason
large_file,10974,rejected_by_BondFilter_min_interatomic_distance
large_file,10975,rejected_by_BondFilter_min_interatomic_distance
large_file,10976,rejected_by_BondFilter_min_interatomic_distance
large_file,10977,rejected_by_BondFilter_min_interatomic_distance
large_file,10978,rejected_by_BondFilter_min_interatomic_distance
large_file,10979,rejected_by_BondFilter_min_interatomic_distance
large_file,10981,rejected_by_BondFilter_min_interatomic_distance
large_file,10982,rejected_by_BondFilter_min_interatomic_distance
large_file,10983,rejected_by_BondFilter_min_interatomic_distance
large_file,10984,rejected_by_BondFilter_min_interatomic_distance
large_file,10985,rejected_by_BondFilter_min_interatomic_distance
large_file,10986,rejected_by_BondFilter_min_interatomic_distance
large_file,10987,rejected_by_BondFilter_min_interatomic_distance
large_file,10988,rejected_by_BondFilter_min_interatomic_distance
large_file,10989,rejected_by_BondFilter_min_interatomic_distance
large_file,10991,rejected_by_BondFilter_min_interatomic_distance
large_file,10992,rejected_by_BondFilter_min_interatomic_distance
large_file,10993,rejected_by_BondFilter_min_interatomic_distance
large_file,10994,rejected_by_BondFilter_min_interatomic_distance
large_file,10995,rejected_by_BondFilter_min_interatomic_distance
large_file,10996,rejected_by_BondFilter_min_interatomic_distance
large_file,10997,rejected_by_BondFilter_min_interatomic_distance
large_file,10998,rejected_by_BondFilter_min_interatomic_distance
large_file,10999,rejected_by_BondFilter_min_interatomic_distance
large_file,11001,rejected_by_BondFilter_min_interatomic_distance
large_file,11002,rejected_by_BondFilter_min_interatomic_distance
large_file,11003,rejected_by_BondFilter_min_interatomic_distance
large_file,11004,rejected_by_BondFilter_min_interatomic_distance
large_file,11005,rejected_by_BondFilter_min_interatomic_distance
large_file,11006,rejected_by_BondFilter_min_interatomic_distance
large_file,11007,rejected_by_BondFilter_min_interatomic_distance
large_file,11009,rejected_by_BondFilter_min_interatomic_distance
large_file,11010,rejected_by_BondFilter_min_interatomic_distance
large_file,11011,rejected_by_BondFilter_min_interatomic_distance
large_file,11012,rejected_by_BondFilter_min_interatomic_distance
large_file,11013,rejected_by_BondFilter_min_interatomic_distance
large_file,11014,rejected_by_BondFilter_min_interatomic_distance
large_file,11015,rejected_by_BondFilter_min_interatomic_distance
large_file,11016,rejected_by_BondFilter_min_interatomic_distance
large_file,11019,rejected_by_BondFilter_min_interatomic_distance
large_file,11020,rejected_by_BondFilter_min_interatomic_distance
large_file,11021,rejected_by_BondFilter_min_interatomic_distance
large_file,11022,rejected_by_BondFilter_min_interatomic_distance
large_file,11023,rejected_by_BondFilter_min_interatomic_distance
large_file,11024,rejected_by_BondFilter_min_interatomic_distance
large_file,11025,rejected_by_BondFilter_min_interatomic_distance
large_file,11026,rejected_by_BondFilter_min_interatomic_distance
large_file,11027,rejected_by_BondFilter_min_interatomic_distance
large_file,11029,rejected_by_BondFilter_min_interatomic_distance
large_file,11030,rejected_by_BondFilter_min_interatomic_distance
large_file,11031,rejected_by_BondFilter_min_interatomic_distance
large_file,11032,rejected_by_BondFilter_min_interatomic_distance
large_file,11033,rejected_by_BondFilter_min_interatomic_distance
large_file,11034,rejected_by_BondFilter_min_interatomic_distance
large_file,11035,rejected_by_BondFilter_min_interatomic_distance
large_file,11036,rejected_by_BondFilter_min_interatomic_distance
large_file,11037,rejected_by_BondFilter_min_interatomic_distance
large_file,11039,rejected_by_BondFilter_min_interatomic_distance
large_file,11040,rejected_by_BondFilter_min_interatomic_distance
large_file,11041,rejected_by_BondFilter_min_interatomic_distance
large_file,11042,rejected_by_BondFilter_min_interatomic_distance
large_file,11043,rejected_by_BondFilter_min_interatomic_distance
large_file,11044,rejected_by_BondFilter_min_interatomic_distance
large_file,11045,rejected_by_BondFilter_min_interatomic_distance
large_file,11046,rejected_by_BondFilter_min_interatomic_distance
large_file,11047,rejected_by_BondFilter_min_interatomic_distance
large_file,11049,rejected_by_BondFilter_min_interatomic_distance
large_file,11050,rejected_by_BondFilter_min_interatomic_distance
large_file,11051,rejected_by_BondFilter_min_interatomic_distance
large_file,11052,rejected_by_BondFilter_min_interatomic_distance
large_file,11053,rejected_by_BondFilter_min_interatomic_distance
large_file,11054,rejected_by_BondFilter_min_interatomic_distance
large_file,11055,rejected_by_BondFilter_min_interatomic_distance
large_file,11056,rejected_by_BondFilter_min_interatomic_distance
large_file,11057,rejected_by_BondFilter_min_interatomic_distance
large_file,11058,rejected_by_BondFilter_min_interatomic_distance
large_file,11060,rejected_by_BondFilter_min_interatomic_distance
large_file,11061,rejected_by_BondFilter_min_interatomic_distance
large_file,11062,rejected_by_BondFilter_min_interatomic_distance
large_file,11063,rejected_by_BondFilter_min_interatomic_distance
large_file,11064,rejected_by_BondFilter_min_interatomic_distance
large_file,11065,rejected_by_BondFilter_min_interatomic_distance
large_file,11066,rejected_by_BondFilter_min_interatomic_distance
large_file,11067,rejected_by_BondFilter_min_interatomic_distance
large_file,11068,rejected_by_BondFilter_min_interatomic_distance
large_file,11070,rejected_by_BondFilter_min_interatomic_distance
large_file,11071,rejected_by_BondFilter_min_interatomic_distance
large_file,11072,rejected_by_BondFilter_min_interatomic_distance
large_file,11073,rejected_by_BondFilter_min_interatomic_distance
large_file,11074,rejected_by_BondFilter_min_interatomic_distance
large_file,11075,rejected_by_BondFilter_min_interatomic_distance
large_file,11076,rejected_by_BondFilter_min_interatomic_distance
large_file,11077,rejected_by_BondFilter_min_interatomic_distance
large_file,11078,rejected_by_BondFilter_min_interatomic_distance
large_file,11079,rejected_by_BondFilter_min_interatomic_distance
large_file,11081,rejected_by_BondFilter_min_interatomic_distance
large_file,11082,rejected_by_BondFilter_min_interatomic_distance
large_file,11083,rejected_by_BondFilter_min_interatomic_distance
large_file,11084,rejected_by_BondFilter_min_interatomic_distance
large_file,11085,rejected_by_BondFilter_min_interatomic_distance
large_file,11086,rejected_by_BondFilter_min_interatomic_distance
large_file,11087,rejected_by_BondFilter_min_interatomic_distance
large_file,11088,rejected_by_BondFilter_min_interatomic_distance
large_file,11089,rejected_by_BondFilter_min_interatomic_distance
large_file,11090,rejected_by_BondFilter_min_interatomic_distance
large_file,11091,rejected_by_BondFilter_min_interatomic_distance
large_file,11092,rejected_by_BondFilter_min_interatomic_distance
large_file,11093,rejected_by_BondFilter_min_interatomic_distance
large_file,11094,rejected_by_BondFilter_min_interatomic_distance
large_file,11095,rejected_by_BondFilter_min_interatomic_distance
large_file,11096,rejected_by_BondFilter_min_interatomic_distance
large_file,11097,rejected_by_BondFilter_min_interatomic_distance
large_file,11098,rejected_by_BondFilter_min_interatomic_distance
large_file,11100,rejected_by_BondFilter_min_interatomic_distance
large_file,11101,rejected_by_BondFilter_min_interatomic_distance
large_file,11102,rejected_by_BondFilter_min_interatomic_distance
large_file,11103,rejected_by_BondFilter_min_interatomic_distance
large_file,11104,rejected_by_BondFilter_min_interatomic_distance
large_file,11105,rejected_by_BondFilter_min_interatomic_distance
large_file,11106,rejected_by_BondFilter_min_interatomic_distance
large_file,11107,rejected_by_BondFilter_min_interatomic_distance
large_file,11108,rejected_by_BondFilter_min_interatomic_distance
large_file,11109,rejected_by_BondFilter_min_interatomic_distance
large_file,11111,rejected_by_BondFilter_min_interatomic_distance
large_file,11112,rejected_by_BondFilter_min_interatomic_distance
large_file,11113,rejected_by_BondFilter_min_interatomic_distance
large_file,11114,rejected_by_BondFilter_min_interatomic_distance
large_file,11115,rejected_by_BondFilter_min_interatomic_distance
large_file,11116,rejected_by_BondFilter_min_interatomic_distance
large_file,11117,rejected_by_BondFilter_min_interatomic_distance
large_file,11118,rejected_by_BondFilter_min_interatomic_distance
large_file,11119,rejected_by_BondFilter_min_interatomic_distance
large_file,11120,rejected_by_BondFilter_min_interatomic_distance
large_file,11123,rejected_by_BondFilter_min_interatomic_distance
large_file,11124,rejected_by_BondFilter_min_interatomic_distance
large_file,11125,rejected_by_BondFilter_min_interatomic_distance
large_file,11126,rejected_by_BondFilter_min_interatomic_distance
large_file,11127,rejected_by_BondFilter_min_interatomic_distance
large_file,11128,rejected_by_BondFilter_min_interatomic_distance
large_file,11130,rejected_by_BondFilter_min_interatomic_distance
large_file,11131,rejected_by_BondFilter_min_interatomic_distance
large_file,11132,rejected_by_BondFilter_min_interatomic_distance
large_file,11133,rejected_by_BondFilter_min_interatomic_distance
large_file,11134,rejected_by_BondFilter_min_interatomic_distance
large_file,11135,rejected_by_BondFilter_min_interatomic_distance
large_file,11136,rejected_by_BondFilter_min_interatomic_distance
large_file,11138,rejected_by_BondFilter_min_interatomic_distance
large_file,11139,rejected_by_BondFilter_min_interatomic_distance
large_file,11140,rejected_by_BondFilter_min_interatomic_distance
large_file,11141,rejected_by_BondFilter_min_interatomic_distance
large_file,11142,rejected_by_BondFilter_min_interatomic_distance
large_file,11143,rejected_by_BondFilter_min_interatomic_distance
large_file,11144,rejected_by_BondFilter_min_interatomic_distance
large_file,11145,rejected_by_BondFilter_min_interatomic_distance
large_file,11146,rejected_by_BondFilter_min_interatomic_distance
large_file,11147,rejected_by_BondFilter_min_interatomic_distance
large_file,11149,rejected_by_BondFilter_min_interatomic_distance
large_file,11150,rejected_by_BondFilter_min_interatomic_distance
large_file,11151,rejected_by_BondFilter_min_interatomic_distance
large_file,11152,rejected_by_BondFilter_min_interatomic_distance
large_file,11153,rejected_by_BondFilter_min_interatomic_distance
large_file,11154,rejected_by_BondFilter_min_interatomic_distance
large_file,11155,rejected_by_BondFilter_min_interatomic_distance
large_file,11156,rejected_by_BondFilter_min_interatomic_distance
large_file,11157,rejected_by_BondFilter_min_interatomic_distance
large_file,11158,rejected_by_BondFilter_min_interatomic_distance
large_file,11160,rejected_by_BondFilter_min_interatomic_distance
large_file,11161,rejected_by_BondFilter_min_interatomic_distance
large_file,11162,rejected_by_BondFilter_min_interatomic_distance
large_file,11163,rejected_by_BondFilter_min_interatomic_distance
large_file,11164,rejected_by_BondFilter_min_interatomic_distance
large_file,11165,rejected_by_BondFilter_min_interatomic_distance
large_file,11166,rejected_by_BondFilter_min_interatomic_distance
large_file,11167,rejected_by_BondFilter_min_interatomic_distance
large_file,11168,rejected_by_BondFilter_min_interatomic_distance
large_file,11169,rejected_by_BondFilter_min_interatomic_distance
large_file,11171,rejected_by_BondFilter_min_interatomic_distance
large_file,11172,rejected_by_BondFilter_min_interatomic_distance
large_file,11173,rejected_by_BondFilter_min_interatomic_distance
large_file,11174,rejected_by_BondFilter_min_interatomic_distance
large_file,11175,rejected_by_BondFilter_min_interatomic_distance
large_file,11176,rejected_by_BondFilter_min_interatomic_distance
large_file,11177,rejected_by_BondFilter_min_interatomic_distance
large_file,11178,rejected_by_BondFilter_min_interatomic_distance
large_file,11180,rejected_by_BondFilter_min_interatomic_distance
large_file,11181,rejected_by_BondFilter_min_interatomic_distance
large_file,11182,rejected_by_BondFilter_min_interatomic_distance
large_file,11183,rejected_by_BondFilter_min_interatomic_distance
large_file,11184,rejected_by_BondFilter_min_interatomic_distance
large_file,11185,rejected_by_BondFilter_min_interatomic_distance
large_file,11187,rejected_by_BondFilter_min_interatomic_distance
large_file,11188,rejected_by_BondFilter_min_interatomic_distance
large_file,11189,rejected_by_BondFilter_min_interatomic_distance
large_file,11190,rejected_by_BondFilter_min_interatomic_distance
large_file,11191,rejected_by_BondFilter_min_interatomic_distance
large_file,11192,rejected_by_BondFilter_min_interatomic_distance
large_file,11193,rejected_by_BondFilter_min_interatomic_distance
large_file,11195,rejected_by_BondFilter_min_interatomic_distance
large_file,11196,rejected_by_BondFilter_min_interatomic_distance
large_file,11197,rejected_by_BondFilter_min_interatomic_distance
large_file,11198,rejected_by_BondFilter_min_interatomic_distance
large_file,11199,rejected_by_BondFilter_min_interatomic_distance
large_file,11200,rejected_by_BondFilter_min_interatomic_distance
large_file,11201,rejected_by_BondFilter_min_interatomic_distance
large_file,11202,rejected_by_BondFilter_min_interatomic_distance
large_file,11203,rejected_by_BondFilter_min_interatomic_distance
large_file,11205,rejected_by_BondFilter_min_interatomic_distance
large_file,11206,rejected_by_BondFilter_min_interatomic_distance
large_file,11207,rejected_by_BondFilter_min_interatomic_distance
large_file,11208,rejected_by_BondFilter_min_interatomic_distance
large_file,11209,rejected_by_BondFilter_min_interatomic_distance
large_file,11210,rejected_by_BondFilter_min_interatomic_distance
large_file,11211,rejected_by_BondFilter_min_interatomic_distance
large_file,11212,rejected_by_BondFilter_min_interatomic_distance
large_file,11213,rejected_by_BondFilter_min_interatomic_distance
large_file,11214,rejected_by_BondFilter_min_interatomic_distance
large_file,11217,rejected_by_BondFilter_min_interatomic_distance
large_file,11218,rejected_by_BondFilter_min_interatomic_distance
large_file,11219,rejected_by_BondFilter_min_interatomic_distance
large_file,11220,rejected_by_BondFilter_min_interatomic_distance
large_file,11221,rejected_by_BondFilter_min_interatomic_distance
large_file,11222,rejected_by_BondFilter_min_interatomic_distance
large_file,11223,rejected_by_BondFilter_min_interatomic_distance
large_file,11225,rejected_by_BondFilter_min_interatomic_distance
large_file,11226,rejected_by_BondFilter_min_interatomic_distance
large_file,11227,rejected_by_BondFilter_min_interatomic_distance
large_file,11228,rejected_by_BondFilter_min_interatomic_distance
large_file,11229,rejected_by_BondFilter_min_interatomic_distance
large_file,11230,rejected_by_BondFilter_min_interatomic_distance
large_file,11231,rejected_by_BondFilter_min_interatomic_distance
large_file,11232,rejected_by_BondFilter_min_interatomic_distance
large_file,11234,rejected_by_BondFilter_min_interatomic_distance
large_file,11235,rejected_by_BondFilter_min_interatomic_distance
large_file,11236,rejected_by_BondFilter_min_interatomic_distance
large_file,11237,rejected_by_BondFilter_min_interatomic_distance
large_file,11238,rejected_by_BondFilter_min_interatomic_distance
large_file,11239,rejected_by_BondFilter_min_interatomic_distance
large_file,11240,rejected_by_BondFilter_min_interatomic_distance
large_file,11241,rejected_by_BondFilter_min_interatomic_distance
large_file,11242,rejected_by_BondFilter_min_interatomic_distance
large_file,11243,rejected_by_BondFilter_min_interatomic_distance
large_file,11244,rejected_by_BondFilter_min_interatomic_distance
large_file,11245,rejected_by_BondFilter_min_interatomic_distance
large_file,11246,rejected_by_BondFilter_min_interatomic_distance
large_file,11247,rejected_by_BondFilter_min_interatomic_distance
large_file,11248,rejected_by_BondFilter_min_interatomic_distance
large_file,11249,rejected_by_BondFilter_min_interatomic_distance
large_file,11250,rejected_by_BondFilter_min_interatomic_distance
large_file,11251,rejected_by_BondFilter_min_interatomic_distance
large_file,11253,rejected_by_BondFilter_min_interatomic_distance
large_file,11254,rejected_by_BondFilter_min_interatomic_distance
large_file,11255,rejected_by_BondFilter_min_interatomic_distance
large_file,11256,rejected_by_BondFilter_min_interatomic_distance
large_file,11257,rejected_by_BondFilter_min_interatomic_distance
large_file,11258,rejected_by_BondFilter_min_interatomic_distance
large_file,11259,rejected_by_BondFilter_min_interatomic_distance
large_file,11261,rejected_by_BondFilter_min_interatomic_distance
large_file,11262,rejected_by_BondFilter_min_interatomic_distance
large_file,11263,rejected_by_BondFilter_min_interatomic_distance
large_file,11264,rejected_by_BondFilter_min_interatomic_distance
large_file,11265,rejected_by_BondFilter_min_interatomic_distance
large_file,11266,rejected_by_BondFilter_min_interatomic_distance
large_file,11267,rejected_by_BondFilter_min_interatomic_distance
large_file,11269,rejected_by_BondFilter_min_interatomic_distance
large_file,11270,rejected_by_BondFilter_min_interatomic_distance
large_file,11271,rejected_by_BondFilter_min_interatomic_distance
large_file,11272,rejected_by_BondFilter_min_interatomic_distance
large_file,11273,rejected_by_BondFilter_min_interatomic_distance
large_file,11274,rejected_by_BondFilter_min_interatomic_distance
large_file,11276,rejected_by_BondFilter_min_interatomic_distance
large_file,11277,rejected_by_BondFilter_min_interatomic_distance
large_file,11278,rejected_by_BondFilter_min_interatomic_distance
large_file,11279,rejected_by_BondFilter_min_interatomic_distance
large_file,11280,rejected_by_BondFilter_min_interatomic_distance
large_file,11281,rejected_by_BondFilter_min_interatomic_distance
large_file,11282,rejected_by_BondFilter_min_interatomic_distance
large_file,11283,rejected_by_BondFilter_min_interatomic_distance
large_file,11284,rejected_by_BondFilter_min_interatomic_distance
large_file,11285,rejected_by_BondFilter_min_interatomic_distance
large_file,11286,rejected_by_BondFilter_min_interatomic_distance
large_file,11287,rejected_by_BondFilter_min_interatomic_distance
large_file,11288,rejected_by_BondFilter_min_interatomic_distance
large_file,11289,rejected_by_BondFilter_min_interatomic_distance
large_file,11290,rejected_by_BondFilter_min_interatomic_distance
large_file,11291,rejected_by_BondFilter_min_interatomic_distance
large_file,11292,rejected_by_BondFilter_min_interatomic_distance
large_file,11293,rejected_by_BondFilter_min_interatomic_distance
large_file,11295,rejected_by_BondFilter_min_interatomic_distance
large_file,11296,rejected_by_BondFilter_min_interatomic_distance
large_file,11297,rejected_by_BondFilter_min_interatomic_distance
large_file,11298,rejected_by_BondFilter_min_interatomic_distance
large_file,11299,rejected_by_BondFilter_min_interatomic_distance
large_file,11300,rejected_by_BondFilter_min_interatomic_distance
large_file,11301,rejected_by_BondFilter_min_interatomic_distance
large_file,11304,rejected_by_BondFilter_min_interatomic_distance
large_file,11305,rejected_by_BondFilter_min_interatomic_distance
large_file,11306,rejected_by_BondFilter_min_interatomic_distance
large_file,11307,rejected_by_BondFilter_min_interatomic_distance
large_file,11308,rejected_by_BondFilter_min_interatomic_distance
large_file,11309,rejected_by_BondFilter_min_interatomic_distance
large_file,11310,rejected_by_BondFilter_min_interatomic_distance
large_file,11311,rejected_by_BondFilter_min_interatomic_distance
large_file,11312,rejected_by_BondFilter_min_interatomic_distance
large_file,11314,rejected_by_BondFilter_min_interatomic_distance
large_file,11315,rejected_by_BondFilter_min_interatomic_distance
large_file,11316,rejected_by_BondFilter_min_interatomic_distance
large_file,11317,rejected_by_BondFilter_min_interatomic_distance
large_file,11318,rejected_by_BondFilter_min_interatomic_distance
large_file,11319,rejected_by_BondFilter_min_interatomic_distance
large_file,11320,rejected_by_BondFilter_min_interatomic_distance
large_file,11321,rejected_by_BondFilter_min_interatomic_distance
large_file,11322,rejected_by_BondFilter_min_interatomic_distance
large_file,11323,rejected_by_BondFilter_min_interatomic_distance
large_file,11324,rejected_by_BondFilter_min_interatomic_distance
large_file,11325,rejected_by_BondFilter_min_interatomic_distance
large_file,11326,rejected_by_BondFilter_min_interatomic_distance
large_file,11327,rejected_by_BondFilter_min_interatomic_distance
large_file,11328,rejected_by_BondFilter_min_interatomic_distance
large_file,11329,rejected_by_BondFilter_min_interatomic_distance
large_file,11330,rejected_by_BondFilter_min_interatomic_distance
large_file,11331,rejected_by_BondFilter_min_interatomic_distance
large_file,11332,rejected_by_BondFilter_min_interatomic_distance
large_file,11333,rejected_by_BondFilter_min_interatomic_distance
large_file,11334,rejected_by_BondFilter_min_interatomic_distance
large_file,11336,rejected_by_BondFilter_min_interatomic_distance
large_file,11337,rejected_by_BondFilter_min_interatomic_distance
large_file,11338,rejected_by_BondFilter_min_interatomic_distance
large_file,11339,rejected_by_BondFilter_min_interatomic_distance
large_file,11340,rejected_by_BondFilter_min_interatomic_distance
large_file,11341,rejected_by_BondFilter_min_interatomic_distance
large_file,11342,rejected_by_BondFilter_min_interatomic_distance
large_file,11343,rejected_by_BondFilter_min_interatomic_distance
large_file,11345,rejected_by_BondFilter_min_interatomic_distance
large_file,11346,rejected_by_BondFilter_min_interatomic_distance
large_file,11347,rejected_by_BondFilter_min_interatomic_distance
large_file,11348,rejected_by_BondFilter_min_interatomic_distance
large_file,11349,rejected_by_BondFilter_min_interatomic_distance
large_file,11350,rejected_by_BondFilter_min_interatomic_distance
large_file,11351,rejected_by_BondFilter_min_interatomic_distance
large_file,11352,rejected_by_BondFilter_min_interatomic_distance
large_file,11354,rejected_by_BondFilter_min_interatomic_distance
large_file,11355,rejected_by_BondFilter_min_interatomic_distance
large_file,11356,rejected_by_BondFilter_min_interatomic_distance
large_file,11357,rejected_by_BondFilter_min_interatomic_distance
large_file,11358,rejected_by_BondFilter_min_interatomic_distance
large_file,11359,rejected_by_BondFilter_min_interatomic_distance
large_file,11360,rejected_by_BondFilter_min_interatomic_distance
large_file,11361,rejected_by_BondFilter_min_interatomic_distance
large_file,11363,rejected_by_BondFilter_min_interatomic_distance
large_file,11364,rejected_by_BondFilter_min_interatomic_distance
large_file,11365,rejected_by_BondFilter_min_interatomic_distance
large_file,11366,rejected_by_BondFilter_min_interatomic_distance
large_file,11367,rejected_by_BondFilter_min_interatomic_distance
large_file,11368,rejected_by_BondFilter_min_interatomic_distance
large_file,11369,rejected_by_BondFilter_min_interatomic_distance
large_file,11370,rejected_by_BondFilter_min_interatomic_distance
large_file,11371,rejected_by_BondFilter_min_interatomic_distance
large_file,11373,rejected_by_BondFilter_min_interatomic_distance
large_file,11374,rejected_by_BondFilter_min_interatomic_distance
large_file,11375,rejected_by_BondFilter_min_interatomic_distance
large_file,11376,rejected_by_BondFilter_min_interatomic_distance
large_file,11377,rejected_by_BondFilter_min_interatomic_distance
large_file,11378,rejected_by_BondFilter_min_interatomic_distance
large_file,11379,rejected_by_BondFilter_min_interatomic_distance
large_file,11380,rejected_by_BondFilter_min_interatomic_distance
large_file,11381,rejected_by_BondFilter_min_interatomic_distance
large_file,11383,rejected_by_BondFilter_min_interatomic_distance
large_file,11384,rejected_by_BondFilter_min_interatomic_distance
large_file,11385,rejected_by_BondFilter_min_interatomic_distance
large_file,11386,rejected_by_BondFilter_min_interatomic_distance
large_file,11387,rejected_by_BondFilter_min_interatomic_distance
large_file,11388,rejected_by_BondFilter_min_interatomic_distance
large_file,11389,rejected_by_BondFilter_min_interatomic_distance
large_file,11390,rejected_by_BondFilter_min_interatomic_distance
large_file,11391,rejected_by_BondFilter_min_interatomic_distance
large_file,11392,rejected_by_BondFilter_min_interatomic_distance
large_file,11394,rejected_by_BondFilter_min_interatomic_distance
large_file,11395,rejected_by_BondFilter_min_interatomic_distance
large_file,11396,rejected_by_BondFilter_min_interatomic_distance
large_file,11397,rejected_by_BondFilter_min_interatomic_distance
large_file,11398,rejected_by_BondFilter_min_interatomic_distance
large_file,11399,rejected_by_BondFilter_min_interatomic_distance
large_file,11400,rejected_by_BondFilter_min_interatomic_distance
large_file,11401,rejected_by_BondFilter_min_interatomic_distance
large_file,11403,rejected_by_BondFilter_min_interatomic_distance
large_file,11404,rejected_by_BondFilter_min_interatomic_distance
large_file,11405,rejected_by_BondFilter_min_interatomic_distance
large_file,11406,rejected_by_BondFilter_min_interatomic_distance
large_file,11407,rejected_by_BondFilter_min_interatomic_distance
large_file,11408,rejected_by_BondFilter_min_interatomic_distance
large_file,11409,rejected_by_BondFilter_min_interatomic_distance
large_file,11410,rejected_by_BondFilter_min_interatomic_distance
large_file,11412,rejected_by_BondFilter_min_interatomic_distance
large_file,11413,rejected_by_BondFilter_min_interatomic_distance
large_file,11414,rejected_by_BondFilter_min_interatomic_distance
large_file,11415,rejected_by_BondFilter_min_interatomic_distance
large_file,11416,rejected_by_BondFilter_min_interatomic_distance
large_file,11417,rejected_by_BondFilter_min_interatomic_distance
large_file,11418,rejected_by_BondFilter_min_interatomic_distance
large_file,11419,rejected_by_BondFilter_min_interatomic_distance
large_file,11420,rejected_by_BondFilter_min_interatomic_distance
large_file,11422,rejected_by_BondFilter_min_interatomic_distance
large_file,11423,rejected_by_BondFilter_min_interatomic_distance
large_file,11424,rejected_by_BondFilter_min_interatomic_distance
large_file,11425,rejected_by_BondFilter_min_interatomic_distance
large_file,11426,rejected_by_BondFilter_min_interatomic_distance
large_file,11427,rejected_by_BondFilter_min_interatomic_distance
large_file,11428,rejected_by_BondFilter_min_interatomic_distance
large_file,11429,rejected_by_BondFilter_min_interatomic_distance
large_file,11430,rejected_by_BondFilter_min_interatomic_distance
large_file,11431,rejected_by_BondFilter_min_interatomic_distance
large_file,11433,rejected_by_BondFilter_min_interatomic_distance
large_file,11434,rejected_by_BondFilter_min_interatomic_distance
large_file,11435,rejected_by_BondFilter_min_interatomic_distance
large_file,11436,rejected_by_BondFilter_min_interatomic_distance
large_file,11437,rejected_by_BondFilter_min_interatomic_distance
large_file,11438,rejected_by_BondFilter_min_interatomic_distance
large_file,11439,rejected_by_BondFilter_min_interatomic_distance
large_file,11440,rejected_by_BondFilter_min_interatomic_distance
large_file,11442,rejected_by_BondFilter_min_interatomic_distance
large_file,11443,rejected_by_BondFilter_min_interatomic_distance
large_file,11444,rejected_by_BondFilter_min_interatomic_distance
large_file,11445,rejected_by_BondFilter_min_interatomic_distance
large_file,11446,rejected_by_BondFilter_min_interatomic_distance
large_file,11447,rejected_by_BondFilter_min_interatomic_distance
large_file,11448,rejected_by_BondFilter_min_interatomic_distance
large_file,11449,rejected_by_BondFilter_min_interatomic_distance
large_file,11450,rejected_by_BondFilter_min_interatomic_distance
large_file,11451,rejected_by_BondFilter_min_interatomic_distance
large_file,11453,rejected_by_BondFilter_min_interatomic_distance
large_file,11454,rejected_by_BondFilter_min_interatomic_distance
large_file,11455,rejected_by_BondFilter_min_interatomic_distance
large_file,11456,rejected_by_BondFilter_min_interatomic_distance
large_file,11457,rejected_by_BondFilter_min_interatomic_distance
large_file,11458,rejected_by_BondFilter_min_interatomic_distance
large_file,11459,rejected_by_BondFilter_min_interatomic_distance
large_file,11460,rejected_by_BondFilter_min_interatomic_distance
large_file,11461,rejected_by_BondFilter_min_interatomic_distance
large_file,11462,rejected_by_BondFilter_min_interatomic_distance
large_file,11464,rejected_by_BondFilter_min_interatomic_distance
large_file,11465,rejected_by_BondFilter_min_interatomic_distance
large_file,11466,rejected_by_BondFilter_min_interatomic_distance
large_file,11467,rejected_by_BondFilter_min_interatomic_distance
large_file,11468,rejected_by_BondFilter_min_interatomic_distance
large_file,11469,rejected_by_BondFilter_min_interatomic_distance
large_file,11470,rejected_by_BondFilter_min_interatomic_distance
large_file,11471,rejected_by_BondFilter_min_interatomic_distance
large_file,11472,rejected_by_BondFilter_min_interatomic_distance
large_file,11474,rejected_by_BondFilter_min_interatomic_distance
large_file,11475,rejected_by_BondFilter_min_interatomic_distance
large_file,11476,rejected_by_BondFilter_min_interatomic_distance
large_file,11477,rejected_by_BondFilter_min_interatomic_distance
large_file,11478,rejected_by_BondFilter_min_interatomic_distance
large_file,11479,rejected_by_BondFilter_min_interatomic_distance
large_file,11480,rejected_by_BondFilter_min_interatomic_distance
large_file,11481,rejected_by_BondFilter_min_interatomic_distance
large_file,11482,rejected_by_BondFilter_min_interatomic_distance
large_file,11484,rejected_by_BondFilter_min_interatomic_distance
large_file,11485,rejected_by_BondFilter_min_interatomic_distance
large_file,11486,rejected_by_BondFilter_min_interatomic_distance
large_file,11487,rejected_by_BondFilter_min_interatomic_distance
large_file,11488,rejected_by_BondFilter_min_interatomic_distance
large_file,11489,rejected_by_BondFilter_min_interatomic_distance
large_file,11490,rejected_by_BondFilter_min_interatomic_distance
large_file,11491,rejected_by_BondFilter_min_interatomic_distance
large_file,11492,rejected_by_BondFilter_min_interatomic_distance
large_file,11493,rejected_by_BondFilter_min_interatomic_distance
large_file,11496,rejected_by_BondFilter_min_interatomic_distance
large_file,11497,rejected_by_BondFilter_min_interatomic_distance
large_file,11498,rejected_by_BondFilter_min_interatomic_distance
large_file,11499,rejected_by_BondFilter_min_interatomic_distance
large_file,11500,rejected_by_BondFilter_min_interatomic_distance
large_file,11501,rejected_by_BondFilter_min_interatomic_distance
large_file,11502,rejected_by_BondFilter_min_interatomic_distance
large_file,11503,rejected_by_BondFilter_min_interatomic_distance
large_file,11504,rejected_by_BondFilter_min_interatomic_distance
large_file,11505,rejected_by_BondFilter_min_interatomic_distance
large_file,11507,rejected_by_BondFilter_min_interatomic_distance
large_file,11508,rejected_by_BondFilter_min_interatomic_distance
large_file,11509,rejected_by_BondFilter_min_interatomic_distance
large_file,11510,rejected_by_BondFilter_min_interatomic_distance
large_file,11511,rejected_by_BondFilter_min_interatomic_distance
large_file,11512,rejected_by_BondFilter_min_interatomic_distance
large_file,11513,rejected_by_BondFilter_min_interatomic_distance
large_file,11514,rejected_by_BondFilter_min_interatomic_distance
large_file,11515,rejected_by_BondFilter_min_interatomic_distance
large_file,11516,rejected_by_BondFilter_min_interatomic_distance
large_file,11518,rejected_by_BondFilter_min_interatomic_distance
large_file,11519,rejected_by_BondFilter_min_interatomic_distance
large_file,11520,rejected_by_BondFilter_min_interatomic_distance
large_file,11521,rejected_by_BondFilter_min_interatomic_distance
large_file,11522,rejected_by_BondFilter_min_interatomic_distance
large_file,11523,rejected_by_BondFilter_min_interatomic_distance
large_file,11524,rejected_by_BondFilter_min_interatomic_distance
large_file,11525,rejected_by_BondFilter_min_interatomic_distance
large_file,11526,rejected_by_BondFilter_min_interatomic_distance
large_file,11528,rejected_by_BondFilter_min_interatomic_distance
large_file,11529,rejected_by_BondFilter_min_interatomic_distance
large_file,11530,rejected_by_BondFilter_min_interatomic_distance
large_file,11531,rejected_by_BondFilter_min_interatomic_distance
large_file,11532,rejected_by_BondFilter_min_interatomic_distance
large_file,11533,rejected_by_BondFilter_min_interatomic_distance
large_file,11534,rejected_by_BondFilter_min_interatomic_distance
large_file,11535,rejected_by_BondFilter_min_interatomic_distance
large_file,11536,rejected_by_BondFilter_min_interatomic_distance
large_file,11538,rejected_by_BondFilter_min_interatomic_distance
large_file,11539,rejected_by_BondFilter_min_interatomic_distance
large_file,11540,rejected_by_BondFilter_min_interatomic_distance
large_file,11541,rejected_by_BondFilter_min_interatomic_distance
large_file,11542,rejected_by_BondFilter_min_interatomic_distance
large_file,11543,rejected_by_BondFilter_min_interatomic_distance
large_file,11544,rejected_by_BondFilter_min_interatomic_distance
large_file,11545,rejected_by_BondFilter_min_interatomic_distance
large_file,11546,rejected_by_BondFilter_min_interatomic_distance
large_file,11548,rejected_by_BondFilter_min_interatomic_distance
large_file,11549,rejected_by_BondFilter_min_interatomic_distance
large_file,11550,rejected_by_BondFilter_min_interatomic_distance
large_file,11551,rejected_by_BondFilter_min_interatomic_distance
large_file,11552,rejected_by_BondFilter_min_interatomic_distance
large_file,11553,rejected_by_BondFilter_min_interatomic_distance
large_file,11554,rejected_by_BondFilter_min_interatomic_distance
large_file,11555,rejected_by_BondFilter_min_interatomic_distance
large_file,11556,rejected_by_BondFilter_min_interatomic_distance
large_file,11558,rejected_by_BondFilter_min_interatomic_distance
large_file,11559,rejected_by_BondFilter_min_interatomic_distance
large_file,11560,rejected_by_BondFilter_min_interatomic_distance
large_file,11561,rejected_by_BondFilter_min_interatomic_distance
large_file,11562,rejected_by_BondFilter_min_interatomic_distance
large_file,11563,rejected_by_BondFilter_min_interatomic_distance
large_file,11564,rejected_by_BondFilter_min_interatomic_distance
large_file,11566,rejected_by_BondFilter_min_interatomic_distance
large_file,11567,rejected_by_BondFilter_min_interatomic_distance
large_file,11568,rejected_by_BondFilter_min_interatomic_distance
large_file,11569,rejected_by_BondFilter_min_interatomic_distance
large_file,11570,rejected_by_BondFilter_min_interatomic_distance
large_file,11571,rejected_by_BondFilter_min_interatomic_distance
large_file,11572,rejected_by_BondFilter_min_interatomic_distance
large_file,11573,rejected_by_BondFilter_min_interatomic_distance
large_file,11574,rejected_by_BondFilter_min_interatomic_distance
large_file,11575,rejected_by_BondFilter_min_interatomic_distance
large_file,11577,rejected_by_BondFilter_min_interatomic_distance
large_file,11578,rejected_by_BondFilter_min_interatomic_distance
large_file,11579,rejected_by_BondFilter_min_interatomic_distance
large_file,11580,rejected_by_BondFilter_min_interatomic_distance
large_file,11581,rejected_by_BondFilter_min_interatomic_distance
large_file,11582,rejected_by_BondFilter_min_interatomic_distance
large_file,11583,rejected_by_BondFilter_min_interatomic_distance
large_file,11584,rejected_by_BondFilter_min_interatomic_distance
large_file,11585,rejected_by_BondFilter_min_interatomic_distance
large_file,11587,rejected_by_BondFilter_min_interatomic_distance
large_file,11588,rejected_by_BondFilter_min_interatomic_distance
large_file,11589,rejected_by_BondFilter_min_interatomic_distance
large_file,11590,rejected_by_BondFilter_min_interatomic_distance
large_file,11591,rejected_by_BondFilter_min_interatomic_distance
large_file,11592,rejected_by_BondFilter_min_interatomic_distance
large_file,11593,rejected_by_BondFilter_min_interatomic_distance
large_file,11594,rejected_by_BondFilter_min_interatomic_distance
large_file,11595,rejected_by_BondFilter_min_interatomic_distance
large_file,11598,rejected_by_BondFilter_min_interatomic_distance
large_file,11599,rejected_by_BondFilter_min_interatomic_distance
large_file,11600,rejected_by_BondFilter_min_interatomic_distance
large_file,11601,rejected_by_BondFilter_min_interatomic_distance
large_file,11602,rejected_by_BondFilter_min_interatomic_distance
large_file,11603,rejected_by_BondFilter_min_interatomic_distance
large_file,11604,rejected_by_BondFilter_min_interatomic_distance
large_file,11605,rejected_by_BondFilter_min_interatomic_distance
large_file,11606,rejected_by_BondFilter_min_interatomic_distance
large_file,11607,rejected_by_BondFilter_min_interatomic_distance
large_file,11609,rejected_by_BondFilter_min_interatomic_distance
large_file,11610,rejected_by_BondFilter_min_interatomic_distance
large_file,11611,rejected_by_BondFilter_min_interatomic_distance
large_file,11612,rejected_by_BondFilter_min_interatomic_distance
large_file,11613,rejected_by_BondFilter_min_interatomic_distance
large_file,11614,rejected_by_BondFilter_min_interatomic_distance
large_file,11615,rejected_by_BondFilter_min_interatomic_distance
large_file,11616,rejected_by_BondFilter_min_interatomic_distance
large_file,11617,rejected_by_BondFilter_min_interatomic_distance
large_file,11619,rejected_by_BondFilter_min_interatomic_distance
large_file,11620,rejected_by_BondFilter_min_interatomic_distance
large_file,11621,rejected_by_BondFilter_min_interatomic_distance
large_file,11622,rejected_by_BondFilter_min_interatomic_distance
large_file,11623,rejected_by_BondFilter_min_interatomic_distance
large_file,11624,rejected_by_BondFilter_min_interatomic_distance
large_file,11625,rejected_by_BondFilter_min_interatomic_distance
large_file,11626,rejected_by_BondFilter_min_interatomic_distance
large_file,11627,rejected_by_BondFilter_min_interatomic_distance
large_file,11628,rejected_by_BondFilter_min_interatomic_distance
large_file,11630,rejected_by_BondFilter_min_interatomic_distance
large_file,11631,rejected_by_BondFilter_min_interatomic_distance
large_file,11632,rejected_by_BondFilter_min_interatomic_distance
large_file,11633,rejected_by_BondFilter_min_interatomic_distance
large_file,11634,rejected_by_BondFilter_min_interatomic_distance
large_file,11635,rejected_by_BondFilter_min_interatomic_distance
large_file,11636,rejected_by_BondFilter_min_interatomic_distance
large_file,11637,rejected_by_BondFilter_min_interatomic_distance
large_file,11639,rejected_by_BondFilter_min_interatomic_distance
large_file,11640,rejected_by_BondFilter_min_interatomic_distance
large_file,11641,rejected_by_BondFilter_min_interatomic_distance
large_file,11642,rejected_by_BondFilter_min_interatomic_distance
large_file,11643,rejected_by_BondFilter_min_interatomic_distance
large_file,11644,rejected_by_BondFilter_min_interatomic_distance
large_file,11645,rejected_by_BondFilter_min_interatomic_distance
large_file,11646,rejected_by_BondFilter_min_interatomic_distance
large_file,11647,rejected_by_BondFilter_min_interatomic_distance
large_file,11648,rejected_by_BondFilter_min_interatomic_distance
large_file,11650,rejected_by_BondFilter_min_interatomic_distance
large_file,11651,rejected_by_BondFilter_min_interatomic_distance
large_file,11652,rejected_by_BondFilter_min_interatomic_distance
large_file,11653,rejected_by_BondFilter_min_interatomic_distance
large_file,11654,rejected_by_BondFilter_min_interatomic_distance
large_file,11655,rejected_by_BondFilter_min_interatomic_distance
large_file,11656,rejected_by_BondFilter_min_interatomic_distance
large_file,11657,rejected_by_BondFilter_min_interatomic_distance
large_file,11658,rejected_by_BondFilter_min_interatomic_distance
large_file,11659,rejected_by_BondFilter_min_interatomic_distance
large_file,11661,rejected_by_BondFilter_min_interatomic_distance
large_file,11662,rejected_by_BondFilter_min_interatomic_distance
large_file,11663,rejected_by_BondFilter_min_interatomic_distance
large_file,11664,rejected_by_BondFilter_min_interatomic_distance
large_file,11665,rejected_by_BondFilter_min_interatomic_distance
large_file,11666,rejected_by_BondFilter_min_interatomic_distance
large_file,11667,rejected_by_BondFilter_min_interatomic_distance
large_file,11668,rejected_by_BondFilter_min_interatomic_distance
large_file,11669,rejected_by_BondFilter_min_interatomic_distance
large_file,11671,rejected_by_BondFilter_min_interatomic_distance
large_file,11672,rejected_by_BondFilter_min_interatomic_distance
large_file,11673,rejected_by_BondFilter_min_interatomic_distance
large_file,11674,rejected_by_BondFilter_min_interatomic_distance
large_file,11675,rejected_by_BondFilter_min_interatomic_distance
large_file,11676,rejected_by_BondFilter_min_interatomic_distance
large_file,11677,rejected_by_BondFilter_min_interatomic_distance
large_file,11678,rejected_by_BondFilter_min_interatomic_distance
large_file,11679,rejected_by_BondFilter_min_interatomic_distance
large_file,11681,rejected_by_BondFilter_min_interatomic_distance
large_file,11682,rejected_by_BondFilter_min_interatomic_distance
large_file,11683,rejected_by_BondFilter_min_interatomic_distance
large_file,11684,rejected_by_BondFilter_min_interatomic_distance
large_file,11685,rejected_by_BondFilter_min_interatomic_distance
large_file,11686,rejected_by_BondFilter_min_interatomic_distance
large_file,11687,rejected_by_BondFilter_min_interatomic_distance
large_file,11688,rejected_by_BondFilter_min_interatomic_distance
large_file,11689,rejected_by_BondFilter_min_interatomic_distance
large_file,11691,rejected_by_BondFilter_min_interatomic_distance
large_file,11692,rejected_by_BondFilter_min_interatomic_distance
large_file,11693,rejected_by_BondFilter_min_interatomic_distance
large_file,11694,rejected_by_BondFilter_min_interatomic_distance
large_file,11695,rejected_by_BondFilter_min_interatomic_distance
large_file,11696,rejected_by_BondFilter_min_interatomic_distance
large_file,11697,rejected_by_BondFilter_min_interatomic_distance
large_file,11698,rejected_by_BondFilter_min_interatomic_distance
large_file,11699,rejected_by_BondFilter_min_interatomic_distance
large_file,11702,rejected_by_BondFilter_min_interatomic_distance
large_file,11703,rejected_by_BondFilter_min_interatomic_distance
large_file,11704,rejected_by_BondFilter_min_interatomic_distance
large_file,11705,rejected_by_BondFilter_min_interatomic_distance
large_file,11706,rejected_by_BondFilter_min_interatomic_distance
large_file,11707,rejected_by_BondFilter_min_interatomic_distance
large_file,11708,rejected_by_BondFilter_min_interatomic_distance
large_file,11709,rejected_by_BondFilter_min_interatomic_distance
large_file,11711,rejected_by_BondFilter_min_interatomic_distance
large_file,11712,rejected_by_BondFilter_min_interatomic_distance
large_file,11713,rejected_by_BondFilter_min_interatomic_distance
large_file,11714,rejected_by_BondFilter_min_interatomic_distance
large_file,11715,rejected_by_BondFilter_min_interatomic_distance
large_file,11716,rejected_by_BondFilter_min_interatomic_distance
large_file,11717,rejected_by_BondFilter_min_interatomic_distance
large_file,11718,rejected_by_BondFilter_min_interatomic_distance
large_file,11719,rejected_by_BondFilter_min_interatomic_distance
large_file,11721,rejected_by_BondFilter_min_interatomic_distance
large_file,11722,rejected_by_BondFilter_min_interatomic_distance
large_file,11723,rejected_by_BondFilter_min_interatomic_distance
large_file,11724,rejected_by_BondFilter_min_interatomic_distance
large_file,11725,rejected_by_BondFilter_min_interatomic_distance
large_file,11726,rejected_by_BondFilter_min_interatomic_distance
large_file,11727,rejected_by_BondFilter_min_interatomic_distance
large_file,11728,rejected_by_BondFilter_min_interatomic_distance
large_file,11729,rejected_by_BondFilter_min_interatomic_distance
large_file,11731,rejected_by_BondFilter_min_interatomic_distance
large_file,11732,rejected_by_BondFilter_min_interatomic_distance
large_file,11733,rejected_by_BondFilter_min_interatomic_distance
large_file,11734,rejected_by_BondFilter_min_interatomic_distance
large_file,11735,rejected_by_BondFilter_min_interatomic_distance
large_file,11736,rejected_by_BondFilter_min_interatomic_distance
large_file,11737,rejected_by_BondFilter_min_interatomic_distance
large_file,11738,rejected_by_BondFilter_min_interatomic_distance
large_file,11739,rejected_by_BondFilter_min_interatomic_distance
large_file,11741,rejected_by_BondFilter_min_interatomic_distance
large_file,11742,rejected_by_BondFilter_min_interatomic_distance
large_file,11743,rejected_by_BondFilter_min_interatomic_distance
large_file,11744,rejected_by_BondFilter_min_interatomic_distance
large_file,11745,rejected_by_BondFilter_min_interatomic_distance
large_file,11746,rejected_by_BondFilter_min_interatomic_distance
large_file,11747,rejected_by_BondFilter_min_interatomic_distance
large_file,11749,rejected_by_BondFilter_min_interatomic_distance
large_file,11752,rejected_by_BondFilter_min_interatomic_distance
large_file,11753,rejected_by_BondFilter_min_interatomic_distance
large_file,11754,rejected_by_BondFilter_min_interatomic_distance
large_file,11755,rejected_by_BondFilter_min_interatomic_distance
large_file,11756,rejected_by_BondFilter_min_interatomic_distance
large_file,11758,rejected_by_BondFilter_min_interatomic_distance
large_file,11759,rejected_by_BondFilter_min_interatomic_distance
large_file,11763,rejected_by_BondFilter_min_interatomic_distance
large_file,11766,rejected_by_BondFilter_min_interatomic_distance
large_file,11767,rejected_by_BondFilter_min_interatomic_distance
large_file,11768,rejected_by_BondFilter_min_interatomic_distance
large_file,11769,rejected_by_BondFilter_min_interatomic_distance
large_file,11770,rejected_by_BondFilter_min_interatomic_distance
large_file,11771,rejected_by_BondFilter_min_interatomic_distance
large_file,11772,rejected_by_BondFilter_min_interatomic_distance
large_file,11773,rejected_by_BondFilter_min_interatomic_distance
large_file,11774,rejected_by_BondFilter_min_interatomic_distance
large_file,11776,rejected_by_BondFilter_min_interatomic_distance
large_file,11777,rejected_by_BondFilter_min_interatomic_distance
large_file,11778,rejected_by_BondFilter_min_interatomic_distance
large_file,11779,rejected_by_BondFilter_min_interatomic_distance
large_file,11780,rejected_by_BondFilter_min_interatomic_distance
large_file,11781,rejected_by_BondFilter_min_interatomic_distance
large_file,11782,rejected_by_BondFilter_min_interatomic_distance
large_file,11783,rejected_by_BondFilter_min_interatomic_distance
large_file,11785,rejected_by_BondFilter_min_interatomic_distance
large_file,11786,rejected_by_BondFilter_min_interatomic_distance
large_file,11787,rejected_by_BondFilter_min_interatomic_distance
large_file,11788,rejected_by_BondFilter_min_interatomic_distance
large_file,11789,rejected_by_BondFilter_min_interatomic_distance
large_file,11790,rejected_by_BondFilter_min_interatomic_distance
large_file,11791,rejected_by_BondFilter_min_interatomic_distance
large_file,11792,rejected_by_BondFilter_min_interatomic_distance
large_file,11794,rejected_by_BondFilter_min_interatomic_distance
large_file,11795,rejected_by_BondFilter_min_interatomic_distance
large_file,11796,rejected_by_BondFilter_min_interatomic_distance
large_file,11797,rejected_by_BondFilter_min_interatomic_distance
large_file,11798,rejected_by_BondFilter_min_interatomic_distance
large_file,11799,rejected_by_BondFilter_min_interatomic_distance
large_file,11800,rejected_by_BondFilter_min_interatomic_distance
large_file,11801,rejected_by_BondFilter_min_interatomic_distance
large_file,11803,rejected_by_BondFilter_min_interatomic_distance
large_file,11804,rejected_by_BondFilter_min_interatomic_distance
large_file,11805,rejected_by_BondFilter_min_interatomic_distance
large_file,11806,rejected_by_BondFilter_min_interatomic_distance
large_file,11807,rejected_by_BondFilter_min_interatomic_distance
large_file,11808,rejected_by_BondFilter_min_interatomic_distance
large_file,11809,rejected_by_BondFilter_min_interatomic_distance
large_file,11810,rejected_by_BondFilter_min_interatomic_distance
large_file,11811,rejected_by_BondFilter_min_interatomic_distance
large_file,11812,rejected_by_BondFilter_min_interatomic_distance
large_file,11813,rejected_by_BondFilter_min_interatomic_distance
large_file,11814,rejected_by_BondFilter_min_interatomic_distance
large_file,11815,rejected_by_BondFilter_min_interatomic_distance
large_file,11816,rejected_by_BondFilter_min_interatomic_distance
large_file,11817,rejected_by_BondFilter_min_interatomic_distance
large_file,11818,rejected_by_BondFilter_min_interatomic_distance
large_file,11820,rejected_by_BondFilter_min_interatomic_distance
large_file,11821,rejected_by_BondFilter_min_interatomic_distance
large_file,11822,rejected_by_BondFilter_min_interatomic_distance
large_file,11823,rejected_by_BondFilter_min_interatomic_distance
large_file,11824,rejected_by_BondFilter_min_interatomic_distance
large_file,11825,rejected_by_BondFilter_min_interatomic_distance
large_file,11826,rejected_by_BondFilter_min_interatomic_distance
large_file,11827,rejected_by_BondFilter_min_interatomic_distance
large_file,11828,rejected_by_BondFilter_min_interatomic_distance
large_file,11830,rejected_by_BondFilter_min_interatomic_distance
large_file,11831,rejected_by_BondFilter_min_interatomic_distance
large_file,11832,rejected_by_BondFilter_min_interatomic_distance
large_file,11833,rejected_by_BondFilter_min_interatomic_distance
large_file,11834,rejected_by_BondFilter_min_interatomic_distance
large_file,11835,rejected_by_BondFilter_min_interatomic_distance
large_file,11838,rejected_by_BondFilter_min_interatomic_distance
large_file,11839,rejected_by_BondFilter_min_interatomic_distance
large_file,11840,rejected_by_BondFilter_min_interatomic_distance
large_file,11841,rejected_by_BondFilter_min_interatomic_distance
large_file,11842,rejected_by_BondFilter_min_interatomic_distance
large_file,11843,rejected_by_BondFilter_min_interatomic_distance
large_file,11844,rejected_by_BondFilter_min_interatomic_distance
large_file,11845,rejected_by_BondFilter_min_interatomic_distance
large_file,11846,rejected_by_BondFilter_min_interatomic_distance
large_file,11847,rejected_by_BondFilter_min_interatomic_distance
large_file,11849,rejected_by_BondFilter_min_interatomic_distance
large_file,11850,rejected_by_BondFilter_min_interatomic_distance
large_file,11851,rejected_by_BondFilter_min_interatomic_distance
large_file,11852,rejected_by_BondFilter_min_interatomic_distance
large_file,11853,rejected_by_BondFilter_min_interatomic_distance
large_file,11854,rejected_by_BondFilter_min_interatomic_distance
large_file,11855,rejected_by_BondFilter_min_interatomic_distance
large_file,11856,rejected_by_BondFilter_min_interatomic_distance
large_file,11857,rejected_by_BondFilter_min_interatomic_distance
large_file,11859,rejected_by_BondFilter_min_interatomic_distance
large_file,11860,rejected_by_BondFilter_min_interatomic_distance
large_file,11861,rejected_by_BondFilter_min_interatomic_distance
large_file,11862,rejected_by_BondFilter_min_interatomic_distance
large_file,11863,rejected_by_BondFilter_min_interatomic_distance
large_file,11864,rejected_by_BondFilter_min_interatomic_distance
large_file,11865,rejected_by_BondFilter_min_interatomic_distance
large_file,11866,rejected_by_BondFilter_min_interatomic_distance
large_file,11868,rejected_by_BondFilter_min_interatomic_distance
large_file,11869,rejected_by_BondFilter_min_interatomic_distance
large_file,11870,rejected_by_BondFilter_min_interatomic_distance
large_file,11871,rejected_by_BondFilter_min_interatomic_distance
large_file,11872,rejected_by_BondFilter_min_interatomic_distance
large_file,11873,rejected_by_BondFilter_min_interatomic_distance
large_file,11874,rejected_by_BondFilter_min_interatomic_distance
large_file,11875,rejected_by_BondFilter_min_interatomic_distance
large_file,11876,rejected_by_BondFilter_min_interatomic_distance
large_file,11877,rejected_by_BondFilter_min_interatomic_distance
large_file,11879,rejected_by_BondFilter_min_interatomic_distance
large_file,11880,rejected_by_BondFilter_min_interatomic_distance
large_file,11881,rejected_by_BondFilter_min_interatomic_distance
large_file,11882,rejected_by_BondFilter_min_interatomic_distance
large_file,11883,rejected_by_BondFilter_min_interatomic_distance
large_file,11884,rejected_by_BondFilter_min_interatomic_distance
large_file,11885,rejected_by_BondFilter_min_interatomic_distance
large_file,11886,rejected_by_BondFilter_min_interatomic_distance
large_file,11888,rejected_by_BondFilter_min_interatomic_distance
large_file,11889,rejected_by_BondFilter_min_interatomic_distance
large_file,11890,rejected_by_BondFilter_min_interatomic_distance
large_file,11891,rejected_by_BondFilter_min_interatomic_distance
large_file,11892,rejected_by_BondFilter_min_interatomic_distance
large_file,11893,rejected_by_BondFilter_min_interatomic_distance
large_file,11894,rejected_by_BondFilter_min_interatomic_distance
large_file,11895,rejected_by_BondFilter_min_interatomic_distance
large_file,11896,rejected_by_BondFilter_min_interatomic_distance
large_file,11897,rejected_by_BondFilter_min_interatomic_distance
large_file,11898,rejected_by_BondFilter_min_interatomic_distance
large_file,11899,rejected_by_BondFilter_min_interatomic_distance
large_file,11900,rejected_by_BondFilter_min_interatomic_distance
large_file,11901,rejected_by_BondFilter_min_interatomic_distance
large_file,11902,rejected_by_BondFilter_min_interatomic_distance
large_file,11903,rejected_by_BondFilter_min_interatomic_distance
large_file,11904,rejected_by_BondFilter_min_interatomic_distance
large_file,11905,rejected_by_BondFilter_min_interatomic_distance
large_file,11907,rejected_by_BondFilter_min_interatomic_distance
large_file,11908,rejected_by_BondFilter_min_interatomic_distance
large_file,11909,rejected_by_BondFilter_min_interatomic_distance
large_file,11910,rejected_by_BondFilter_min_interatomic_distance
large_file,11911,rejected_by_BondFilter_min_interatomic_distance
large_file,11912,rejected_by_BondFilter_min_interatomic_distance
large_file,11913,rejected_by_BondFilter_min_interatomic_distance
large_file,11914,rejected_by_BondFilter_min_interatomic_distance
large_file,11916,rejected_by_BondFilter_min_interatomic_distance
large_file,11917,rejected_by_BondFilter_min_interatomic_distance
large_file,11918,rejected_by_BondFilter_min_interatomic_distance
large_file,11919,rejected_by_BondFilter_min_interatomic_distance
large_file,11920,rejected_by_BondFilter_min_interatomic_distance
large_file,11921,rejected_by_BondFilter_min_interatomic_distance
large_file,11922,rejected_by_BondFilter_min_interatomic_distance
large_file,11923,rejected_by_BondFilter_min_interatomic_distance
large_file,11924,rejected_by_BondFilter_min_interatomic_distance
large_file,11925,rejected_by_BondFilter_min_interatomic_distance
large_file,11927,rejected_by_BondFilter_min_interatomic_distance
large_file,11928,rejected_by_BondFilter_min_interatomic_distance
large_file,11929,rejected_by_BondFilter_min_interatomic_distance
large_file,11930,rejected_by_BondFilter_min_interatomic_distance
large_file,11931,rejected_by_BondFilter_min_interatomic_distance
large_file,11932,rejected_by_BondFilter_min_interatomic_distance
large_file,11933,rejected_by_BondFilter_min_interatomic_distance
large_file,11934,rejected_by_BondFilter_min_interatomic_distance
large_file,11935,rejected_by_BondFilter_min_interatomic_distance
large_file,11938,rejected_by_BondFilter_min_interatomic_distance
large_file,19683,rejected_by_BondFilter_min_interatomic_distance
large_file,19684,rejected_by_BondFilter_min_interatomic_distance
large_file,19685,rejected_by_BondFilter_min_interatomic_distance
large_file,19686,rejected_by_BondFilter_min_interatomic_distance
large_file,19687,rejected_by_BondFilter_min_interatomic_distance
large_file,19688,rejected_by_BondFilter_min_interatomic_distance
large_file,19689,rejected_by_BondFilter_min_interatomic_distance
large_file,19690,rejected_by_BondFilter_min_interatomic_distance
large_file,19691,rejected_by_BondFilter_min_interatomic_distance
large_file,19692,rejected_by_BondFilter_min_interatomic_distance
large_file,19693,rejected_by_BondFilter_min_interatomic_distance
large_file,19694,rejected_by_BondFilter_min_interatomic_distance
large_file,19695,rejected_by_BondFilter_min_interatomic_distance
large_file,19696,rejected_by_BondFilter_min_interatomic_distance
large_file,19697,rejected_by_BondFilter_min_interatomic_distance
large_file,19698,rejected_by_BondFilter_min_interatomic_distance
large_file,19699,rejected_by_BondFilter_min_interatomic_distance
large_file,19700,rejected_by_BondFilter_min_interatomic_distance
large_file,19701,rejected_by_BondFilter_min_interatomic_distance
large_file,19702,rejected_by_BondFilter_min_interatomic_distance
large_file,19703,rejected_by_BondFilter_min_interatomic_distance
large_file,19704,rejected_by_BondFilter_min_interatomic_distance
large_file,19705,rejected_by_BondFilter_min_interatomic_distance
large_file,19706,rejected_by_BondFilter_min_interatomic_distance
large_file,19707,rejected_by_BondFilter_min_interatomic_distance
large_file,19708,rejected_by_BondFilter_min_interatomic_distance
large_file,19709,rejected_by_BondFilter_min_interatomic_distance
large_file,19710,rejected_by_BondFilter_min_interatomic_distance
large_file,19711,rejected_by_BondFilter_min_interatomic_distance
large_file,19712,rejected_by_BondFilter_min_interatomic_distance
large_file,19713,rejected_by_BondFilter_min_interatomic_distance
large_file,19714,rejected_by_BondFilter_min_interatomic_distance
large_file,19715,rejected_by_BondFilter_min_interatomic_distance
large_file,19716,rejected_by_BondFilter_min_interatomic_distance
large_file,19717,rejected_by_BondFilter_min_interatomic_distance
large_file,19718,rejected_by_BondFilter_min_interatomic_distance
large_file,19719,rejected_by_BondFilter_min_interatomic_distance
large_file,19720,rejected_by_BondFilter_min_interatomic_distance
large_file,19721,rejected_by_BondFilter_min_interatomic_distance
large_file,19722,rejected_by_BondFilter_min_interatomic_distance
large_file,19723,rejected_by_BondFilter_min_interatomic_distance
large_file,19724,rejected_by_BondFilter_min_interatomic_distance
large_file,19725,rejected_by_BondFilter_min_interatomic_distance
large_file,19726,rejected_by_BondFilter_min_interatomic_distance
large_file,19727,rejected_by_BondFilter_min_interatomic_distance
large_file,19728,rejected_by_BondFilter_min_interatomic_distance
large_file,19729,rejected_by_BondFilter_min_interatomic_distance
large_file,19730,rejected_by_BondFilter_min_interatomic_distance
large_file,19731,rejected_by_BondFilter_min_interatomic_distance
large_file,19732,rejected_by_BondFilter_min_interatomic_distance
large_file,19733,rejected_by_BondFilter_min_interatomic_distance
large_file,19734,rejected_by_BondFilter_min_interatomic_distance
large_file,19735,rejected_by_BondFilter_min_interatomic_distance
large_file,19736,rejected_by_BondFilter_min_interatomic_distance
large_file,19737,rejected_by_BondFilter_min_interatomic_distance
large_file,19738,rejected_by_BondFilter_min_interatomic_distance
large_file,19739,rejected_by_BondFilter_min_interatomic_distance
large_file,19740,rejected_by_BondFilter_min_interatomic_distance
large_file,19741,rejected_by_BondFilter_min_interatomic_distance
large_file,19742,rejected_by_BondFilter_min_interatomic_distance
large_file,19743,rejected_by_BondFilter_min_interatomic_distance
large_file,19744,rejected_by_BondFilter_min_interatomic_distance
large_file,19745,rejected_by_BondFilter_min_interatomic_distance
large_file,19746,rejected_by_BondFilter_min_interatomic_distance
large_file,19747,rejected_by_BondFilter_min_interatomic_distance
large_file,19748,rejected_by_BondFilter_min_interatomic_distance
large_file,19749,rejected_by_BondFilter_min_interatomic_distance
large_file,19750,rejected_by_BondFilter_min_interatomic_distance
large_file,19751,rejected_by_BondFilter_min_interatomic_distance
large_file,19752,rejected_by_BondFilter_min_interatomic_distance
large_file,19753,rejected_by_BondFilter_min_interatomic_distance
large_file,19754,rejected_by_BondFilter_min_interatomic_distance
large_file,19755,rejected_by_BondFilter_min_interatomic_distance
large_file,19756,rejected_by_BondFilter_min_interatomic_distance
large_file,19757,rejected_by_BondFilter_min_interatomic_distance
large_file,19758,rejected_by_BondFilter_min_interatomic_distance
large_file,19759,rejected_by_BondFilter_min_interatomic_distance
large_file,19760,rejected_by_BondFilter_min_interatomic_distance
large_file,19761,rejected_by_BondFilter_min_interatomic_distance
large_file,19762,rejected_by_BondFilter_min_interatomic_distance
large_file,19763,rejected_by_BondFilter_min_interatomic_distance
large_file,19764,rejected_by_BondFilter_min_interatomic_distance
large_file,19765,rejected_by_BondFilter_min_interatomic_distance
large_file,19766,rejected_by_BondFilter_min_interatomic_distance
large_file,19767,rejected_by_BondFilter_min_interatomic_distance
large_file,19768,rejected_by_BondFilter_min_interatomic_distance
large_file,19769,rejected_by_BondFilter_min_interatomic_distance
large_file,19770,rejected_by_BondFilter_min_interatomic_distance
large_file,19771,rejected_by_BondFilter_min_interatomic_distance
large_file,19772,rejected_by_BondFilter_min_interatomic_distance
large_file,19773,rejected_by_BondFilter_min_interatomic_distance
large_file,19774,rejected_by_BondFilter_min_interatomic_distance
large_file,19775,rejected_by_BondFilter_min_interatomic_distance
large_file,19776,rejected_by_BondFilter_min_interatomic_distance
large_file,19777,rejected_by_BondFilter_min_interatomic_distance
large_file,19778,rejected_by_BondFilter_min_interatomic_distance
large_file,19779,rejected_by_BondFilter_min_interatomic_distance
large_file,19780,rejected_by_BondFilter_min_interatomic_distance
large_file,19781,rejected_by_BondFilter_min_interatomic_distance
large_file,19782,rejected_by_BondFilter_min_interatomic_distance
large_file,19783,rejected_by_BondFilter_min_interatomic_distance
large_file,19784,rejected_by_BondFilter_min_interatomic_distance
large_file,19785,rejected_by_BondFilter_min_interatomic_distance
large_file,19786,rejected_by_BondFilter_min_interatomic_distance
large_file,19787,rejected_by_BondFilter_min_interatomic_distance
large_file,19788,rejected_by_BondFilter_min_interatomic_distance
large_file,19789,rejected_by_BondFilter_min_interatomic_distance
large_file,19790,rejected_by_BondFilter_min_interatomic_distance
large_file,19791,rejected_by_BondFilter_min_interatomic_distance
large_file,19792,rejected_by_BondFilter_min_interatomic_distance
large_file,19793,rejected_by_BondFilter_min_interatomic_distance
large_file,19794,rejected_by_BondFilter_min_interatomic_distance
large_file,19795,rejected_by_BondFilter_min_interatomic_distance
large_file,19796,rejected_by_BondFilter_min_interatomic_distance
large_file,19797,rejected_by_BondFilter_min_interatomic_distance
large_file,19798,rejected_by_BondFilter_min_interatomic_distance
large_file,19799,rejected_by_BondFilter_min_interatomic_distance
large_file,19800,rejected_by_BondFilter_min_interatomic_distance
large_file,19801,rejected_by_BondFilter_min_interatomic_distance
large_file,19802,rejected_by_BondFilter_min_interatomic_distance
large_file,19803,rejected_by_BondFilter_min_interatomic_distance
large_file,19804,rejected_by_BondFilter_min_interatomic_distance
large_file,19805,rejected_by_BondFilter_min_interatomic_distance
large_file,19806,rejected_by_BondFilter_min_interatomic_distance
large_file,19807,rejected_by_BondFilter_min_interatomic_distance
large_file,19808,rejected_by_BondFilter_min_interatomic_distance
large_file,19809,rejected_by_BondFilter_min_interatomic_distance
large_file,19810,rejected_by_BondFilter_min_interatomic_distance
large_file,19811,rejected_by_BondFilter_min_interatomic_distance
large_file,19812,rejected_by_BondFilter_min_interatomic_distance
large_file,19813,rejected_by_BondFilter_min_interatomic_distance
large_file,19814,rejected_by_BondFilter_min_interatomic_distance
large_file,19815,rejected_by_BondFilter_min_interatomic_distance
large_file,19816,rejected_by_BondFilter_min_interatomic_distance
large_file,19817,rejected_by_BondFilter_min_interatomic_distance
large_file,19818,rejected_by_BondFilter_min_interatomic_distance
large_file,19819,rejected_by_BondFilter_min_interatomic_distance
large_file,19820,rejected_by_BondFilter_min_interatomic_distance
large_file,19821,rejected_by_BondFilter_min_interatomic_distance
large_file,19822,rejected_by_BondFilter_min_interatomic_distance
large_file,19823,rejected_by_BondFilter_min_interatomic_distance
large_file,19824,rejected_by_BondFilter_min_interatomic_distance
large_file,19825,rejected_by_BondFilter_min_interatomic_distance
large_file,19826,rejected_by_BondFilter_min_interatomic_distance
large_file,19827,rejected_by_BondFilter_min_interatomic_distance
large_file,19828,rejected_by_BondFilter_min_interatomic_distance
large_file,19829,rejected_by_BondFilter_min_interatomic_distance
large_file,19830,rejected_by_BondFilter_min_interatomic_distance
large_file,19831,rejected_by_BondFilter_min_interatomic_distance
large_file,19832,rejected_by_BondFilter_min_interatomic_distance
large_file,19833,rejected_by_BondFilter_min_interatomic_distance
large_file,19834,rejected_by_BondFilter_min_interatomic_distance
large_file,19835,rejected_by_BondFilter_min_interatomic_distance
large_file,19836,rejected_by_BondFilter_min_interatomic_distance
large_file,19837,rejected_by_BondFilter_min_interatomic_distance
large_file,19838,rejected_by_BondFilter_min_interatomic_distance
large_file,19839,rejected_by_BondFilter_min_interatomic_distance
large_file,19840,rejected_by_BondFilter_min_interatomic_distance
large_file,19841,rejected_by_BondFilter_min_interatomic_distance
large_file,19842,rejected_by_BondFilter_min_interatomic_distance
large_file,19843,rejected_by_BondFilter_min_interatomic_distance
large_file,19844,rejected_by_BondFilter_min_interatomic_distance
large_file,19845,rejected_by_BondFilter_min_interatomic_distance
large_file,19846,rejected_by_BondFilter_min_interatomic_distance
large_file,19847,rejected_by_BondFilter_min_interatomic_distance
large_file,19848,rejected_by_BondFilter_min_interatomic_distance
large_file,19849,rejected_by_BondFilter_min_interatomic_distance
large_file,19850,rejected_by_BondFilter_min_interatomic_distance
large_file,19851,rejected_by_BondFilter_min_interatomic_distance
large_file,19852,rejected_by_BondFilter_min_interatomic_distance
large_file,19853,rejected_by_BondFilter_min_interatomic_distance
large_file,19854,rejected_by_BondFilter_min_interatomic_distance
large_file,19855,rejected_by_BondFilter_min_interatomic_distance
large_file,19856,rejected_by_BondFilter_min_interatomic_distance
large_file,19857,rejected_by_BondFilter_min_interatomic_distance
large_file,19858,rejected_by_BondFilter_min_interatomic_distance
large_file,19859,rejected_by_BondFilter_min_interatomic_distance
large_file,19860,rejected_by_BondFilter_min_interatomic_distance
large_file,19861,rejected_by_BondFilter_min_interatomic_distance
large_file,19862,rejected_by_BondFilter_min_interatomic_distance
large_file,19863,rejected_by_BondFilter_min_interatomic_distance
large_file,19864,rejected_by_BondFilter_min_interatomic_distance
large_file,19865,rejected_by_BondFilter_min_interatomic_distance
large_file,19866,rejected_by_BondFilter_min_interatomic_distance
large_file,19867,rejected_by_BondFilter_min_interatomic_distance
large_file,19868,rejected_by_BondFilter_min_interatomic_distance
large_file,19869,rejected_by_BondFilter_min_interatomic_distance
large_file,19870,rejected_by_BondFilter_min_interatomic_distance
large_file,19871,rejected_by_BondFilter_min_interatomic_distance
large_file,19872,rejected_by_BondFilter_min_interatomic_distance
large_file,19873,rejected_by_BondFilter_min_interatomic_distance
large_file,19874,rejected_by_BondFilter_min_interatomic_distance
large_file,19875,rejected_by_BondFilter_min_interatomic_distance
large_file,19876,rejected_by_BondFilter_min_interatomic_distance
large_file,19877,rejected_by_BondFilter_min_interatomic_distance
large_file,19878,rejected_by_BondFilter_min_interatomic_distance
large_file,19879,rejected_by_BondFilter_min_interatomic_distance
large_file,19880,rejected_by_BondFilter_min_interatomic_distance
large_file,19881,rejected_by_BondFilter_min_interatomic_distance
large_file,19882,rejected_by_BondFilter_min_interatomic_distance
large_file,19883,rejected_by_BondFilter_min_interatomic_distance
large_file,19884,rejected_by_BondFilter_min_interatomic_distance
large_file,19885,rejected_by_BondFilter_min_interatomic_distance
large_file,19886,rejected_by_BondFilter_min_interatomic_distance
large_file,19887,rejected_by_BondFilter_min_interatomic_distance
large_file,19888,rejected_by_BondFilter_min_interatomic_distance
large_file,19889,rejected_by_BondFilter_min_interatomic_distance
large_file,19890,rejected_by_BondFilter_min_interatomic_distance
large_file,19891,rejected_by_BondFilter_min_interatomic_distance
large_file,19892,rejected_by_BondFilter_min_interatomic_distance
large_file,19893,rejected_by_BondFilter_min_interatomic_distance
large_file,19894,rejected_by_BondFilter_min_interatomic_distance
large_file,19895,rejected_by_BondFilter_min_interatomic_distance
large_file,19896,rejected_by_BondFilter_min_interatomic_distance
large_file,19897,rejected_by_BondFilter_min_interatomic_distance
large_file,19898,rejected_by_BondFilter_min_interatomic_distance
large_file,19899,rejected_by_BondFilter_min_interatomic_distance
large_file,19900,rejected_by_BondFilter_min_interatomic_distance
large_file,19901,rejected_by_BondFilter_min_interatomic_distance
large_file,19902,rejected_by_BondFilter_min_interatomic_distance
large_file,19903,rejected_by_BondFilter_min_interatomic_distance
large_file,19904,rejected_by_BondFilter_min_interatomic_distance
large_file,19905,rejected_by_BondFilter_min_interatomic_distance
large_file,19906,rejected_by_BondFilter_min_interatomic_distance
large_file,19907,rejected_by_BondFilter_min_interatomic_distance
large_file,19908,rejected_by_BondFilter_min_interatomic_distance
large_file,19909,rejected_by_BondFilter_min_interatomic_distance
large_file,19910,rejected_by_BondFilter_min_interatomic_distance
large_file,19911,rejected_by_BondFilter_min_interatomic_distance
large_file,19912,rejected_by_BondFilter_min_interatomic_distance
large_file,19913,rejected_by_BondFilter_min_interatomic_distance
large_file,19914,rejected_by_BondFilter_min_interatomic_distance
large_file,19915,rejected_by_BondFilter_min_interatomic_distance
large_file,19916,rejected_by_BondFilter_min_interatomic_distance
large_file,19917,rejected_by_BondFilter_min_interatomic_distance
large_file,19918,rejected_by_BondFilter_min_interatomic_distance
large_file,19919,rejected_by_BondFilter_min_interatomic_distance
large_file,19920,rejected_by_BondFilter_min_interatomic_distance
large_file,19921,rejected_by_BondFilter_min_interatomic_distance
large_file,19922,rejected_by_BondFilter_min_interatomic_distance
large_file,19923,rejected_by_BondFilter_min_interatomic_distance
large_file,19924,rejected_by_BondFilter_min_interatomic_distance
large_file,19925,rejected_by_BondFilter_min_interatomic_distance
large_file,19926,rejected_by_BondFilter_min_interatomic_distance
large_file,19927,rejected_by_BondFilter_min_interatomic_distance
large_file,19928,rejected_by_BondFilter_min_interatomic_distance
large_file,19929,rejected_by_BondFilter_min_interatomic_distance
large_file,19930,rejected_by_BondFilter_min_interatomic_distance
large_file,19931,rejected_by_BondFilter_min_interatomic_distance
large_file,19932,rejected_by_BondFilter_min_interatomic_distance
large_file,19933,rejected_by_BondFilter_min_interatomic_distance
large_file,19934,rejected_by_BondFilter_min_interatomic_distance
large_file,19935,rejected_by_BondFilter_min_interatomic_distance
large_file,19936,rejected_by_BondFilter_min_interatomic_distance
large_file,19937,rejected_by_BondFilter_min_interatomic_distance
large_file,19938,rejected_by_BondFilter_min_interatomic_distance
large_file,19939,rejected_by_BondFilter_min_interatomic_distance
large_file,19940,rejected_by_BondFilter_min_interatomic_distance
large_file,19941,rejected_by_BondFilter_min_interatomic_distance
large_file,19942,rejected_by_BondFilter_min_interatomic_distance
large_file,19943,rejected_by_BondFilter_min_interatomic_distance
large_file,19944,rejected_by_BondFilter_min_interatomic_distance
large_file,19945,rejected_by_BondFilter_min_interatomic_distance
large_file,19946,rejected_by_BondFilter_min_interatomic_distance
large_file,19947,rejected_by_BondFilter_min_interatomic_distance
large_file,19948,rejected_by_BondFilter_min_interatomic_distance
large_file,19949,rejected_by_BondFilter_min_interatomic_distance
large_file,19950,rejected_by_BondFilter_min_interatomic_distance
large_file,19951,rejected_by_BondFilter_min_interatomic_distance
large_file,19952,rejected_by_BondFilter_min_interatomic_distance
large_file,19953,rejected_by_BondFilter_min_interatomic_distance
large_file,19954,rejected_by_BondFilter_min_interatomic_distance
large_file,19955,rejected_by_BondFilter_min_interatomic_distance
large_file,19956,rejected_by_BondFilter_min_interatomic_distance
large_file,19957,rejected_by_BondFilter_min_interatomic_distance
large_file,19958,rejected_by_BondFilter_min_interatomic_distance
large_file,19959,rejected_by_BondFilter_min_interatomic_distance
large_file,19960,rejected_by_BondFilter_min_interatomic_distance
large_file,19961,rejected_by_BondFilter_min_interatomic_distance
large_file,19962,rejected_by_BondFilter_min_interatomic_distance
large_file,19963,rejected_by_BondFilter_min_interatomic_distance
large_file,19964,rejected_by_BondFilter_min_interatomic_distance
large_file,19965,rejected_by_BondFilter_min_interatomic_distance
large_file,19966,rejected_by_BondFilter_min_interatomic_distance
large_file,19967,rejected_by_BondFilter_min_interatomic_distance
large_file,19968,rejected_by_BondFilter_min_interatomic_distance
large_file,19969,rejected_by_BondFilter_min_interatomic_distance
large_file,19970,rejected_by_BondFilter_min_interatomic_distance
large_file,19971,rejected_by_BondFilter_min_interatomic_distance
large_file,19972,rejected_by_BondFilter_min_interatomic_distance
large_file,19973,rejected_by_BondFilter_min_interatomic_distance
large_file,19974,rejected_by_BondFilter_min_interatomic_distance
large_file,19975,rejected_by_BondFilter_min_interatomic_distance
large_file,19976,rejected_by_BondFilter_min_interatomic_distance
large_file,19977,rejected_by_BondFilter_min_interatomic_distance
large_file,19978,rejected_by_BondFilter_min_interatomic_distance
large_file,19979,rejected_by_BondFilter_min_interatomic_distance
large_file,19980,rejected_by_BondFilter_min_interatomic_distance
large_file,19981,rejected_by_BondFilter_min_interatomic_distance
large_file,19982,rejected_by_BondFilter_min_interatomic_distance
large_file,19983,rejected_by_BondFilter_min_interatomic_distance
large_file,19984,rejected_by_BondFilter_min_interatomic_distance
large_file,19985,rejected_by_BondFilter_min_interatomic_distance
large_file,19986,rejected_by_BondFilter_min_interatomic_distance
large_file,19987,rejected_by_BondFilter_min_interatomic_distance
large_file,19988,rejected_by_BondFilter_min_interatomic_distance
large_file,19989,rejected_by_BondFilter_min_interatomic_distance
large_file,19990,rejected_by_BondFilter_min_interatomic_distance
large_file,19991,rejected_by_BondFilter_min_interatomic_distance
large_file,19992,rejected_by_BondFilter_min_interatomic_distance
large_file,19993,rejected_by_BondFilter_min_interatomic_distance
large_file,19994,rejected_by_BondFilter_min_interatomic_distance
large_file,19995,rejected_by_BondFilter_min_interatomic_distance
large_file,19996,rejected_by_BondFilter_min_interatomic_distance
large_file,19997,rejected_by_BondFilter_min_interatomic_distance
large_file,19998,rejected_by_BondFilter_min_interatomic_distance
large_file,19999,rejected_by_BondFilter_min_interatomic_distance
large_file,20000,rejected_by_BondFilter_min_interatomic_distance
large_file,20001,rejected_by_BondFilter_min_interatomic_distance
large_file,20002,rejected_by_BondFilter_min_interatomic_distance
large_file,20003,rejected_by_BondFilter_min_interatomic_distance
large_file,20004,rejected_by_BondFilter_min_interatomic_distance
large_file,20005,rejected_by_BondFilter_min_interatomic_distance
large_file,20006,rejected_by_BondFilter_min_interatomic_distance
large_file,20007,rejected_by_BondFilter_min_interatomic_distance
large_file,20008,rejected_by_BondFilter_min_interatomic_distance
large_file,20009,rejected_by_BondFilter_min_interatomic_distance
large_file,20010,rejected_by_BondFilter_min_interatomic_distance
large_file,20011,rejected_by_BondFilter_min_interatomic_distance
large_file,20012,rejected_by_BondFilter_min_interatomic_distance
large_file,20013,rejected_by_BondFilter_min_interatomic_distance
large_file,20014,rejected_by_BondFilter_min_interatomic_distance
large_file,20015,rejected_by_BondFilter_min_interatomic_distance
large_file,20016,rejected_by_BondFilter_min_interatomic_distance
large_file,20017,rejected_by_BondFilter_min_interatomic_distance
large_file,20018,rejected_by_BondFilter_min_interatomic_distance
large_file,20019,rejected_by_BondFilter_min_interatomic_distance
large_file,20020,rejected_by_BondFilter_min_interatomic_distance
large_file,20021,rejected_by_BondFilter_min_interatomic_distance
large_file,20022,rejected_by_BondFilter_min_interatomic_distance
large_file,20023,rejected_by_BondFilter_min_interatomic_distance
large_file,20024,rejected_by_BondFilter_min_interatomic_distance
large_file,20025,rejected_by_BondFilter_min_interatomic_distance
large_file,20026,rejected_by_BondFilter_min_interatomic_distance
large_file,20027,rejected_by_BondFilter_min_interatomic_distance
large_file,20028,rejected_by_BondFilter_min_interatomic_distance
large_file,20029,rejected_by_BondFilter_min_interatomic_distance
large_file,20030,rejected_by_BondFilter_min_interatomic_distance
large_file,20031,rejected_by_BondFilter_min_interatomic_distance
large_file,20032,rejected_by_BondFilter_min_interatomic_distance
large_file,20033,rejected_by_BondFilter_min_interatomic_distance
large_file,20034,rejected_by_BondFilter_min_interatomic_distance
large_file,20035,rejected_by_BondFilter_min_interatomic_distance
large_file,20036,rejected_by_BondFilter_min_interatomic_distance
large_file,20037,rejected_by_BondFilter_min_interatomic_distance
large_file,20038,rejected_by_BondFilter_min_interatomic_distance
large_file,20039,rejected_by_BondFilter_min_interatomic_distance
large_file,20040,rejected_by_BondFilter_min_interatomic_distance
large_file,20041,rejected_by_BondFilter_min_interatomic_distance
large_file,20042,rejected_by_BondFilter_min_interatomic_distance
large_file,20043,rejected_by_BondFilter_min_interatomic_distance
large_file,20044,rejected_by_BondFilter_min_interatomic_distance
large_file,20045,rejected_by_BondFilter_min_interatomic_distance
large_file,20046,rejected_by_BondFilter_min_interatomic_distance
large_file,20047,rejected_by_BondFilter_min_interatomic_distance
large_file,20048,rejected_by_BondFilter_min_interatomic_distance
large_file,20049,rejected_by_BondFilter_min_interatomic_distance
large_file,20050,rejected_by_BondFilter_min_interatomic_distance
large_file,20051,rejected_by_BondFilter_min_interatomic_distance
large_file,20052,rejected_by_BondFilter_min_interatomic_distance
large_file,20053,rejected_by_BondFilter_min_interatomic_distance
large_file,20054,rejected_by_BondFilter_min_interatomic_distance
large_file,20055,rejected_by_BondFilter_min_interatomic_distance
large_file,20056,rejected_by_BondFilter_min_interatomic_distance
large_file,20057,rejected_by_BondFilter_min_interatomic_distance
large_file,20058,rejected_by_BondFilter_min_interatomic_distance
large_file,20059,rejected_by_BondFilter_min_interatomic_distance
large_file,20060,rejected_by_BondFilter_min_interatomic_distance
large_file,20061,rejected_by_BondFilter_min_interatomic_distance
large_file,20062,rejected_by_BondFilter_min_interatomic_distance
large_file,20063,rejected_by_BondFilter_min_interatomic_distance
large_file,20064,rejected_by_BondFilter_min_interatomic_distance
large_file,20065,rejected_by_BondFilter_min_interatomic_distance
large_file,20066,rejected_by_BondFilter_min_interatomic_distance
large_file,20067,rejected_by_BondFilter_min_interatomic_distance
large_file,20068,rejected_by_BondFilter_min_interatomic_distance
large_file,20069,rejected_by_BondFilter_min_interatomic_distance
large_file,20070,rejected_by_BondFilter_min_interatomic_distance
large_file,20071,rejected_by_BondFilter_min_interatomic_distance
large_file,20072,rejected_by_BondFilter_min_interatomic_distance
large_file,20073,rejected_by_BondFilter_min_interatomic_distance
large_file,20074,rejected_by_BondFilter_min_interatomic_distance
large_file,20075,rejected_by_BondFilter_min_interatomic_distance
large_file,20076,rejected_by_BondFilter_min_interatomic_distance
large_file,20077,rejected_by_BondFilter_min_interatomic_distance
large_file,20078,rejected_by_BondFilter_min_interatomic_distance
large_file,20079,rejected_by_BondFilter_min_interatomic_distance
large_file,20080,rejected_by_BondFilter_min_interatomic_distance
large_file,20081,rejected_by_BondFilter_min_interatomic_distance
large_file,20082,rejected_by_BondFilter_min_interatomic_distance
large_file,20083,rejected_by_BondFilter_min_interatomic_distance
large_file,20084,rejected_by_BondFilter_min_interatomic_distance
large_file,20085,rejected_by_BondFilter_min_interatomic_distance
large_file,20086,rejected_by_BondFilter_min_interatomic_distance
large_file,20087,rejected_by_BondFilter_min_interatomic_distance
large_file,20088,rejected_by_BondFilter_min_interatomic_distance
large_file,20089,rejected_by_BondFilter_min_interatomic_distance
large_file,20090,rejected_by_BondFilter_min_interatomic_distance
large_file,20091,rejected_by_BondFilter_min_interatomic_distance
large_file,20092,rejected_by_BondFilter_min_interatomic_distance
large_file,20093,rejected_by_BondFilter_min_interatomic_distance
large_file,20094,rejected_by_BondFilter_min_interatomic_distance
large_file,20095,rejected_by_BondFilter_min_interatomic_distance
large_file,20096,rejected_by_BondFilter_min_interatomic_distance
large_file,20097,rejected_by_BondFilter_min_interatomic_distance
large_file,20098,rejected_by_BondFilter_min_interatomic_distance
large_file,20099,rejected_by_BondFilter_min_interatomic_distance
large_file,20100,rejected_by_BondFilter_min_interatomic_distance
large_file,20101,rejected_by_BondFilter_min_interatomic_distance
large_file,20102,rejected_by_BondFilter_min_interatomic_distance
large_file,20103,rejected_by_BondFilter_min_interatomic_distance
large_file,20104,rejected_by_BondFilter_min_interatomic_distance
large_file,20105,rejected_by_BondFilter_min_interatomic_distance
large_file,20106,rejected_by_BondFilter_min_interatomic_distance
large_file,20107,rejected_by_BondFilter_min_interatomic_distance
large_file,20108,rejected_by_BondFilter_min_interatomic_distance
large_file,20109,rejected_by_BondFilter_min_interatomic_distance
large_file,20110,rejected_by_BondFilter_min_interatomic_distance
large_file,20111,rejected_by_BondFilter_min_interatomic_distance
large_file,20112,rejected_by_BondFilter_min_interatomic_distance
large_file,20113,rejected_by_BondFilter_min_interatomic_distance
large_file,20114,rejected_by_BondFilter_min_interatomic_distance
large_file,20115,rejected_by_BondFilter_min_interatomic_distance
large_file,20116,rejected_by_BondFilter_min_interatomic_distance
large_file,20117,rejected_by_BondFilter_min_interatomic_distance
large_file,20118,rejected_by_BondFilter_min_interatomic_distance
large_file,20119,rejected_by_BondFilter_min_interatomic_distance
large_file,20120,rejected_by_BondFilter_min_interatomic_distance
large_file,20121,rejected_by_BondFilter_min_interatomic_distance
large_file,20122,rejected_by_BondFilter_min_interatomic_distance
large_file,20123,rejected_by_BondFilter_min_interatomic_distance
large_file,20124,rejected_by_BondFilter_min_interatomic_distance
large_file,20125,rejected_by_BondFilter_min_interatomic_distance
large_file,20126,rejected_by_BondFilter_min_interatomic_distance
large_file,20127,rejected_by_BondFilter_min_interatomic_distance
large_file,20128,rejected_by_BondFilter_min_interatomic_distance
large_file,20129,rejected_by_BondFilter_min_interatomic_distance
large_file,20130,rejected_by_BondFilter_min_interatomic_distance
large_file,20131,rejected_by_BondFilter_min_interatomic_distance
large_file,20132,rejected_by_BondFilter_min_interatomic_distance
large_file,20133,rejected_by_BondFilter_min_interatomic_distance
large_file,20134,rejected_by_BondFilter_min_interatomic_distance
large_file,20135,rejected_by_BondFilter_min_interatomic_distance
large_file,20136,rejected_by_BondFilter_min_interatomic_distance
large_file,20137,rejected_by_BondFilter_min_interatomic_distance
large_file,20138,rejected_by_BondFilter_min_interatomic_distance
large_file,20139,rejected_by_BondFilter_min_interatomic_distance
large_file,20140,rejected_by_BondFilter_min_interatomic_distance
large_file,20141,rejected_by_BondFilter_min_interatomic_distance
large_file,20142,rejected_by_BondFilter_min_interatomic_distance
large_file,20143,rejected_by_BondFilter_min_interatomic_distance
large_file,20144,rejected_by_BondFilter_min_interatomic_distance
large_file,20145,rejected_by_BondFilter_min_interatomic_distance
large_file,20146,rejected_by_BondFilter_min_interatomic_distance
large_file,20147,rejected_by_BondFilter_min_interatomic_distance
large_file,20148,rejected_by_BondFilter_min_interatomic_distance
large_file,20149,rejected_by_BondFilter_min_interatomic_distance
large_file,20150,rejected_by_BondFilter_min_interatomic_distance
large_file,20151,rejected_by_BondFilter_min_interatomic_distance
large_file,20152,rejected_by_BondFilter_min_interatomic_distance
large_file,20153,rejected_by_BondFilter_min_interatomic_distance
large_file,20154,rejected_by_BondFilter_min_interatomic_distance
large_file,20155,rejected_by_BondFilter_min_interatomic_distance
large_file,20156,rejected_by_BondFilter_min_interatomic_distance
large_file,20157,rejected_by_BondFilter_min_interatomic_distance
large_file,20158,rejected_by_BondFilter_min_interatomic_distance
large_file,20159,rejected_by_BondFilter_min_interatomic_distance
large_file,20160,rejected_by_BondFilter_min_interatomic_distance
large_file,20161,rejected_by_BondFilter_min_interatomic_distance
large_file,20162,rejected_by_BondFilter_min_interatomic_distance
large_file,20163,rejected_by_BondFilter_min_interatomic_distance
large_file,20164,rejected_by_BondFilter_min_interatomic_distance
large_file,20165,rejected_by_BondFilter_min_interatomic_distance
large_file,20166,rejected_by_BondFilter_min_interatomic_distance
large_file,20167,rejected_by_BondFilter_min_interatomic_distance
large_file,20168,rejected_by_BondFilter_min_interatomic_distance
large_file,20169,rejected_by_BondFilter_min_interatomic_distance
large_file,20170,rejected_by_BondFilter_min_interatomic_distance
large_file,20171,rejected_by_BondFilter_min_interatomic_distance
large_file,20172,rejected_by_BondFilter_min_interatomic_distance
large_file,20173,rejected_by_BondFilter_min_interatomic_distance
large_file,20174,rejected_by_BondFilter_min_interatomic_distance
large_file,20175,rejected_by_BondFilter_min_interatomic_distance
large_file,20176,rejected_by_BondFilter_min_interatomic_distance
large_file,20177,rejected_by_BondFilter_min_interatomic_distance
large_file,20178,rejected_by_BondFilter_min_interatomic_distance
large_file,20179,rejected_by_BondFilter_min_interatomic_distance
large_file,20180,rejected_by_BondFilter_min_interatomic_distance
large_file,20181,rejected_by_BondFilter_min_interatomic_distance
large_file,20182,rejected_by_BondFilter_min_interatomic_distance
large_file,20183,rejected_by_BondFilter_min_interatomic_distance
large_file,20184,rejected_by_BondFilter_min_interatomic_distance
large_file,20185,rejected_by_BondFilter_min_interatomic_distance
large_file,20186,rejected_by_BondFilter_min_interatomic_distance
large_file,20187,rejected_by_BondFilter_min_interatomic_distance
large_file,20188,rejected_by_BondFilter_min_interatomic_distance
large_file,20189,rejected_by_BondFilter_min_interatomic_distance
large_file,20190,rejected_by_BondFilter_min_interatomic_distance
large_file,20191,rejected_by_BondFilter_min_interatomic_distance
large_file,20192,rejected_by_BondFilter_min_interatomic_distance
large_file,20193,rejected_by_BondFilter_min_interatomic_distance
large_file,20194,rejected_by_BondFilter_min_interatomic_distance
large_file,20195,rejected_by_BondFilter_min_interatomic_distance
large_file,20196,rejected_by_BondFilter_min_interatomic_distance
large_file,20197,rejected_by_BondFilter_min_interatomic_distance
large_file,20198,rejected_by_BondFilter_min_interatomic_distance
large_file,20199,rejected_by_BondFilter_min_interatomic_distance
large_file,20200,rejected_by_BondFilter_min_interatomic_distance
large_file,20201,rejected_by_BondFilter_min_interatomic_distance
large_file,20202,rejected_by_BondFilter_min_interatomic_distance
large_file,20203,rejected_by_BondFilter_min_interatomic_distance
large_file,20204,rejected_by_BondFilter_min_interatomic_distance
large_file,20205,rejected_by_BondFilter_min_interatomic_distance
large_file,20206,rejected_by_BondFilter_min_interatomic_distance
large_file,20207,rejected_by_BondFilter_min_interatomic_distance
large_file,20208,rejected_by_BondFilter_min_interatomic_distance
large_file,20209,rejected_by_BondFilter_min_interatomic_distance
large_file,20210,rejected_by_BondFilter_min_interatomic_distance
large_file,20211,rejected_by_BondFilter_min_interatomic_distance
large_file,20212,rejected_by_BondFilter_min_interatomic_distance
large_file,20213,rejected_by_BondFilter_min_interatomic_distance
large_file,20214,rejected_by_BondFilter_min_interatomic_distance
large_file,20215,rejected_by_BondFilter_min_interatomic_distance
large_file,20216,rejected_by_BondFilter_min_interatomic_distance
large_file,20217,rejected_by_BondFilter_min_interatomic_distance
large_file,20218,rejected_by_BondFilter_min_interatomic_distance
large_file,20219,rejected_by_BondFilter_min_interatomic_distance
large_file,20220,rejected_by_BondFilter_min_interatomic_distance
large_file,20221,rejected_by_BondFilter_min_interatomic_distance
large_file,20222,rejected_by_BondFilter_min_interatomic_distance
large_file,20223,rejected_by_BondFilter_min_interatomic_distance
large_file,20224,rejected_by_BondFilter_min_interatomic_distance
large_file,20225,rejected_by_BondFilter_min_interatomic_distance
large_file,20226,rejected_by_BondFilter_min_interatomic_distance
large_file,20227,rejected_by_BondFilter_min_interatomic_distance
large_file,20228,rejected_by_BondFilter_min_interatomic_distance
large_file,20229,rejected_by_BondFilter_min_interatomic_distance
large_file,20230,rejected_by_BondFilter_min_interatomic_distance
large_file,20231,rejected_by_BondFilter_min_interatomic_distance
large_file,20232,rejected_by_BondFilter_min_interatomic_distance
large_file,20233,rejected_by_BondFilter_min_interatomic_distance
large_file,20234,rejected_by_BondFilter_min_interatomic_distance
large_file,20235,rejected_by_BondFilter_min_interatomic_distance
large_file,20236,rejected_by_BondFilter_min_interatomic_distance
large_file,20237,rejected_by_BondFilter_min_interatomic_distance
large_file,20238,rejected_by_BondFilter_min_interatomic_distance
large_file,20239,rejected_by_BondFilter_min_interatomic_distance
large_file,20240,rejected_by_BondFilter_min_interatomic_distance
large_file,20241,rejected_by_BondFilter_min_interatomic_distance
large_file,20242,rejected_by_BondFilter_min_interatomic_distance
large_file,20243,rejected_by_BondFilter_min_interatomic_distance
large_file,20244,rejected_by_BondFilter_min_interatomic_distance
large_file,20245,rejected_by_BondFilter_min_interatomic_distance
large_file,20246,rejected_by_BondFilter_min_interatomic_distance
large_file,20247,rejected_by_BondFilter_min_interatomic_distance
large_file,20248,rejected_by_BondFilter_min_interatomic_distance
large_file,20249,rejected_by_BondFilter_min_interatomic_distance
large_file,20250,rejected_by_BondFilter_min_interatomic_distance
large_file,20251,rejected_by_BondFilter_min_interatomic_distance
large_file,20252,rejected_by_BondFilter_min_interatomic_distance
large_file,20253,rejected_by_BondFilter_min_interatomic_distance
large_file,20254,rejected_by_BondFilter_min_interatomic_distance
large_file,20255,rejected_by_BondFilter_min_interatomic_distance
large_file,20256,rejected_by_BondFilter_min_interatomic_distance
large_file,20257,rejected_by_BondFilter_min_interatomic_distance
large_file,20258,rejected_by_BondFilter_min_interatomic_distance
large_file,20259,rejected_by_BondFilter_min_interatomic_distance
large_file,20260,rejected_by_BondFilter_min_interatomic_distance
large_file,20261,rejected_by_BondFilter_min_interatomic_distance
large_file,20262,rejected_by_BondFilter_min_interatomic_distance
large_file,20263,rejected_by_BondFilter_min_interatomic_distance
large_file,20264,rejected_by_BondFilter_min_interatomic_distance
large_file,20265,rejected_by_BondFilter_min_interatomic_distance
large_file,20266,rejected_by_BondFilter_min_interatomic_distance
large_file,20267,rejected_by_BondFilter_min_interatomic_distance
large_file,20268,rejected_by_BondFilter_min_interatomic_distance
large_file,20269,rejected_by_BondFilter_min_interatomic_distance
large_file,20270,rejected_by_BondFilter_min_interatomic_distance
large_file,20271,rejected_by_BondFilter_min_interatomic_distance
large_file,20272,rejected_by_BondFilter_min_interatomic_distance
large_file,20273,rejected_by_BondFilter_min_interatomic_distance
large_file,20274,rejected_by_BondFilter_min_interatomic_distance
large_file,20275,rejected_by_BondFilter_min_interatomic_distance
large_file,20276,rejected_by_BondFilter_min_interatomic_distance
large_file,20277,rejected_by_BondFilter_min_interatomic_distance
large_file,20278,rejected_by_BondFilter_min_interatomic_distance
large_file,20279,rejected_by_BondFilter_min_interatomic_distance
large_file,20280,rejected_by_BondFilter_min_interatomic_distance
large_file,20281,rejected_by_BondFilter_min_interatomic_distance
large_file,20282,rejected_by_BondFilter_min_interatomic_distance
large_file,20283,rejected_by_BondFilter_min_interatomic_distance
large_file,20284,rejected_by_BondFilter_min_interatomic_distance
large_file,20285,rejected_by_BondFilter_min_interatomic_distance
large_file,20286,rejected_by_BondFilter_min_interatomic_distance
large_file,20287,rejected_by_BondFilter_min_interatomic_distance
large_file,20288,rejected_by_BondFilter_min_interatomic_distance
large_file,20289,rejected_by_BondFilter_min_interatomic_distance
large_file,20290,rejected_by_BondFilter_min_interatomic_distance
large_file,20291,rejected_by_BondFilter_min_interatomic_distance
large_file,20292,rejected_by_BondFilter_min_interatomic_distance
large_file,20293,rejected_by_BondFilter_min_interatomic_distance
large_file,20294,rejected_by_BondFilter_min_interatomic_distance
large_file,20295,rejected_by_BondFilter_min_interatomic_distance
large_file,20296,rejected_by_BondFilter_min_interatomic_distance
large_file,20297,rejected_by_BondFilter_min_interatomic_distance
large_file,20298,rejected_by_BondFilter_min_interatomic_distance
large_file,20299,rejected_by_BondFilter_min_interatomic_distance
large_file,20300,rejected_by_BondFilter_min_interatomic_distance
large_file,20301,rejected_by_BondFilter_min_interatomic_distance
large_file,20302,rejected_by_BondFilter_min_interatomic_distance
large_file,20303,rejected_by_BondFilter_min_interatomic_distance
large_file,20304,rejected_by_BondFilter_min_interatomic_distance
large_file,20305,rejected_by_BondFilter_min_interatomic_distance
large_file,20306,rejected_by_BondFilter_min_interatomic_distance
large_file,20307,rejected_by_BondFilter_min_interatomic_distance
large_file,20308,rejected_by_BondFilter_min_interatomic_distance
large_file,20309,rejected_by_BondFilter_min_interatomic_distance
large_file,20310,rejected_by_BondFilter_min_interatomic_distance
large_file,20311,rejected_by_BondFilter_min_interatomic_distance
large_file,20312,rejected_by_BondFilter_min_interatomic_distance
large_file,20313,rejected_by_BondFilter_min_interatomic_distance
large_file,20314,rejected_by_BondFilter_min_interatomic_distance
large_file,20315,rejected_by_BondFilter_min_interatomic_distance
large_file,20316,rejected_by_BondFilter_min_interatomic_distance
large_file,20317,rejected_by_BondFilter_min_interatomic_distance
large_file,20318,rejected_by_BondFilter_min_interatomic_distance
large_file,20319,rejected_by_BondFilter_min_interatomic_distance
large_file,20320,rejected_by_BondFilter_min_interatomic_distance
large_file,20321,rejected_by_BondFilter_min_interatomic_distance
large_file,20322,rejected_by_BondFilter_min_interatomic_distance
large_file,20323,rejected_by_BondFilter_min_interatomic_distance
large_file,20324,rejected_by_BondFilter_min_interatomic_distance
large_file,20325,rejected_by_BondFilter_min_interatomic_distance
large_file,20326,rejected_by_BondFilter_min_interatomic_distance
large_file,20327,rejected_by_BondFilter_min_interatomic_distance
large_file,20328,rejected_by_BondFilter_min_interatomic_distance
large_file,20329,rejected_by_BondFilter_min_interatomic_distance
large_file,20330,rejected_by_BondFilter_min_interatomic_distance
large_file,20331,rejected_by_BondFilter_min_interatomic_distance
large_file,20332,rejected_by_BondFilter_min_interatomic_distance
large_file,20333,rejected_by_BondFilter_min_interatomic_distance
large_file,20334,rejected_by_BondFilter_min_interatomic_distance
large_file,20335,rejected_by_BondFilter_min_interatomic_distance
large_file,20336,rejected_by_BondFilter_min_interatomic_distance
large_file,20337,rejected_by_BondFilter_min_interatomic_distance
large_file,20338,rejected_by_BondFilter_min_interatomic_distance
large_file,20339,rejected_by_BondFilter_min_interatomic_distance
large_file,20340,rejected_by_BondFilter_min_interatomic_distance
large_file,20341,rejected_by_BondFilter_min_interatomic_distance
large_file,20342,rejected_by_BondFilter_min_interatomic_distance
large_file,20343,rejected_by_BondFilter_min_interatomic_distance
large_file,20344,rejected_by_BondFilter_min_interatomic_distance
large_file,20345,rejected_by_BondFilter_min_interatomic_distance
large_file,20346,rejected_by_BondFilter_min_interatomic_distance
large_file,20347,rejected_by_BondFilter_min_interatomic_distance
large_file,20348,rejected_by_BondFilter_min_interatomic_distance
large_file,20349,rejected_by_BondFilter_min_interatomic_distance
large_file,20350,rejected_by_BondFilter_min_interatomic_distance
large_file,20351,rejected_by_BondFilter_min_interatomic_distance
large_file,20352,rejected_by_BondFilter_min_interatomic_distance
large_file,20353,rejected_by_BondFilter_min_interatomic_distance
large_file,20354,rejected_by_BondFilter_min_interatomic_distance
large_file,20355,rejected_by_BondFilter_min_interatomic_distance
large_file,20356,rejected_by_BondFilter_min_interatomic_distance
large_file,20357,rejected_by_BondFilter_min_interatomic_distance
large_file,20358,rejected_by_BondFilter_min_interatomic_distance
large_file,20359,rejected_by_BondFilter_min_interatomic_distance
large_file,20360,rejected_by_BondFilter_min_interatomic_distance
large_file,20361,rejected_by_BondFilter_min_interatomic_distance
large_file,20362,rejected_by_BondFilter_min_interatomic_distance
large_file,20363,rejected_by_BondFilter_min_interatomic_distance
large_file,20364,rejected_by_BondFilter_min_interatomic_distance
large_file,20365,rejected_by_BondFilter_min_interatomic_distance
large_file,20366,rejected_by_BondFilter_min_interatomic_distance
large_file,20367,rejected_by_BondFilter_min_interatomic_distance
large_file,20368,rejected_by_BondFilter_min_interatomic_distance
large_file,20369,rejected_by_BondFilter_min_interatomic_distance
large_file,20370,rejected_by_BondFilter_min_interatomic_distance
large_file,20371,rejected_by_BondFilter_min_interatomic_distance
large_file,20372,rejected_by_BondFilter_min_interatomic_distance
large_file,20373,rejected_by_BondFilter_min_interatomic_distance
large_file,20374,rejected_by_BondFilter_min_interatomic_distance
large_file,20375,rejected_by_BondFilter_min_interatomic_distance
large_file,20376,rejected_by_BondFilter_min_interatomic_distance
large_file,20377,rejected_by_BondFilter_min_interatomic_distance
large_file,20378,rejected_by_BondFilter_min_interatomic_distance
large_file,20379,rejected_by_BondFilter_min_interatomic_distance
large_file,20380,rejected_by_BondFilter_min_interatomic_distance
large_file,20381,rejected_by_BondFilter_min_interatomic_distance
large_file,20382,rejected_by_BondFilter_min_interatomic_distance
large_file,20383,rejected_by_BondFilter_min_interatomic_distance
large_file,20384,rejected_by_BondFilter_min_interatomic_distance
large_file,20385,rejected_by_BondFilter_min_interatomic_distance
large_file,20386,rejected_by_BondFilter_min_interatomic_distance
large_file,20387,rejected_by_BondFilter_min_interatomic_distance
large_file,20388,rejected_by_BondFilter_min_interatomic_distance
large_file,20389,rejected_by_BondFilter_min_interatomic_distance
large_file,20390,rejected_by_BondFilter_min_interatomic_distance
large_file,20391,rejected_by_BondFilter_min_interatomic_distance
large_file,20392,rejected_by_BondFilter_min_interatomic_distance
large_file,20393,rejected_by_BondFilter_min_interatomic_distance
large_file,20394,rejected_by_BondFilter_min_interatomic_distance
large_file,20395,rejected_by_BondFilter_min_interatomic_distance
large_file,20396,rejected_by_BondFilter_min_interatomic_distance
large_file,20397,rejected_by_BondFilter_min_interatomic_distance
large_file,20398,rejected_by_BondFilter_min_interatomic_distance
large_file,20399,rejected_by_BondFilter_min_interatomic_distance
large_file,20400,rejected_by_BondFilter_min_interatomic_distance
large_file,20401,rejected_by_BondFilter_min_interatomic_distance
large_file,20402,rejected_by_BondFilter_min_interatomic_distance
large_file,20403,rejected_by_BondFilter_min_interatomic_distance
large_file,20404,rejected_by_BondFilter_min_interatomic_distance
large_file,20405,rejected_by_BondFilter_min_interatomic_distance
large_file,20406,rejected_by_BondFilter_min_interatomic_distance
large_file,20407,rejected_by_BondFilter_min_interatomic_distance
large_file,20408,rejected_by_BondFilter_min_interatomic_distance
large_file,20409,rejected_by_BondFilter_min_interatomic_distance
large_file,20410,rejected_by_BondFilter_min_interatomic_distance
large_file,20411,rejected_by_BondFilter_min_interatomic_distance
large_file,20412,rejected_by_BondFilter_min_interatomic_distance
large_file,20413,rejected_by_BondFilter_min_interatomic_distance
large_file,20414,rejected_by_BondFilter_min_interatomic_distance
large_file,20415,rejected_by_BondFilter_min_interatomic_distance
large_file,20416,rejected_by_BondFilter_min_interatomic_distance
large_file,20417,rejected_by_BondFilter_min_interatomic_distance
large_file,20418,rejected_by_BondFilter_min_interatomic_distance
large_file,20419,rejected_by_BondFilter_min_interatomic_distance
large_file,20420,rejected_by_BondFilter_min_interatomic_distance
large_file,20421,rejected_by_BondFilter_min_interatomic_distance
large_file,20422,rejected_by_BondFilter_min_interatomic_distance
large_file,20423,rejected_by_BondFilter_min_interatomic_distance
large_file,20424,rejected_by_BondFilter_min_interatomic_distance
large_file,20425,rejected_by_BondFilter_min_interatomic_distance
large_file,20426,rejected_by_BondFilter_min_interatomic_distance
large_file,20427,rejected_by_BondFilter_min_interatomic_distance
large_file,20428,rejected_by_BondFilter_min_interatomic_distance
large_file,20429,rejected_by_BondFilter_min_interatomic_distance
large_file,20430,rejected_by_BondFilter_min_interatomic_distance
large_file,20431,rejected_by_BondFilter_min_interatomic_distance
large_file,20432,rejected_by_BondFilter_min_interatomic_distance
large_file,20433,rejected_by_BondFilter_min_interatomic_distance
large_file,20434,rejected_by_BondFilter_min_interatomic_distance
large_file,20435,rejected_by_BondFilter_min_interatomic_distance
large_file,20436,rejected_by_BondFilter_min_interatomic_distance
large_file,20437,rejected_by_BondFilter_min_interatomic_distance
large_file,20438,rejected_by_BondFilter_min_interatomic_distance
large_file,20439,rejected_by_BondFilter_min_interatomic_distance
large_file,20440,rejected_by_BondFilter_min_interatomic_distance
large_file,20441,rejected_by_BondFilter_min_interatomic_distance
large_file,20442,rejected_by_BondFilter_min_interatomic_distance
large_file,20443,rejected_by_BondFilter_min_interatomic_distance
large_file,20444,rejected_by_BondFilter_min_interatomic_distance
large_file,20445,rejected_by_BondFilter_min_interatomic_distance
large_file,20446,rejected_by_BondFilter_min_interatomic_distance
large_file,20447,rejected_by_BondFilter_min_interatomic_distance
large_file,20448,rejected_by_BondFilter_min_interatomic_distance
large_file,20449,rejected_by_BondFilter_min_interatomic_distance
large_file,20450,rejected_by_BondFilter_min_interatomic_distance
large_file,20451,rejected_by_BondFilter_min_interatomic_distance
large_file,20452,rejected_by_BondFilter_min_interatomic_distance
large_file,20453,rejected_by_BondFilter_min_interatomic_distance
large_file,20454,rejected_by_BondFilter_min_interatomic_distance
large_file,20455,rejected_by_BondFilter_min_interatomic_distance
large_file,20456,rejected_by_BondFilter_min_interatomic_distance
large_file,20457,rejected_by_BondFilter_min_interatomic_distance
large_file,20458,rejected_by_BondFilter_min_interatomic_distance
large_file,20459,rejected_by_BondFilter_min_interatomic_distance
large_file,20460,rejected_by_BondFilter_min_interatomic_distance
large_file,20461,rejected_by_BondFilter_min_interatomic_distance
large_file,20462,rejected_by_BondFilter_min_interatomic_distance
large_file,20463,rejected_by_BondFilter_min_interatomic_distance
large_file,20464,rejected_by_BondFilter_min_interatomic_distance
large_file,20465,rejected_by_BondFilter_min_interatomic_distance
large_file,20466,rejected_by_BondFilter_min_interatomic_distance
large_file,20467,rejected_by_BondFilter_min_interatomic_distance
large_file,20468,rejected_by_BondFilter_min_interatomic_distance
large_file,20469,rejected_by_BondFilter_min_interatomic_distance
large_file,20470,rejected_by_BondFilter_min_interatomic_distance
large_file,20471,rejected_by_BondFilter_min_interatomic_distance
large_file,20472,rejected_by_BondFilter_min_interatomic_distance
large_file,20473,rejected_by_BondFilter_min_interatomic_distance
large_file,20474,rejected_by_BondFilter_min_interatomic_distance
large_file,20475,rejected_by_BondFilter_min_interatomic_distance
large_file,20476,rejected_by_BondFilter_min_interatomic_distance
large_file,20477,rejected_by_BondFilter_min_interatomic_distance
large_file,20478,rejected_by_BondFilter_min_interatomic_distance
large_file,20479,rejected_by_BondFilter_min_interatomic_distance
large_file,20480,rejected_by_BondFilter_min_interatomic_distance
large_file,20481,rejected_by_BondFilter_min_interatomic_distance
large_file,20482,rejected_by_BondFilter_min_interatomic_distance
large_file,20483,rejected_by_BondFilter_min_interatomic_distance
large_file,20484,rejected_by_BondFilter_min_interatomic_distance
large_file,20485,rejected_by_BondFilter_min_interatomic_distance
large_file,20486,rejected_by_BondFilter_min_interatomic_distance
large_file,20487,rejected_by_BondFilter_min_interatomic_distance
large_file,20488,rejected_by_BondFilter_min_interatomic_distance
large_file,20489,rejected_by_BondFilter_min_interatomic_distance
large_file,20490,rejected_by_BondFilter_min_interatomic_distance
large_file,20491,rejected_by_BondFilter_min_interatomic_distance
large_file,20492,rejected_by_BondFilter_min_interatomic_distance
large_file,20493,rejected_by_BondFilter_min_interatomic_distance
large_file,20494,rejected_by_BondFilter_min_interatomic_distance
large_file,20495,rejected_by_BondFilter_min_interatomic_distance
large_file,20496,rejected_by_BondFilter_min_interatomic_distance
large_file,20497,rejected_by_BondFilter_min_interatomic_distance
large_file,20498,rejected_by_BondFilter_min_interatomic_distance
large_file,20499,rejected_by_BondFilter_min_interatomic_distance
large_file,20500,rejected_by_BondFilter_min_interatomic_distance
large_file,20501,rejected_by_BondFilter_min_interatomic_distance
large_file,20502,rejected_by_BondFilter_min_interatomic_distance
large_file,20503,rejected_by_BondFilter_min_interatomic_distance
large_file,20504,rejected_by_BondFilter_min_interatomic_distance
large_file,20505,rejected_by_BondFilter_min_interatomic_distance
large_file,20506,rejected_by_BondFilter_min_interatomic_distance
large_file,20507,rejected_by_BondFilter_min_interatomic_distance
large_file,20508,rejected_by_BondFilter_min_interatomic_distance
large_file,20509,rejected_by_BondFilter_min_interatomic_distance
large_file,20510,rejected_by_BondFilter_min_interatomic_distance
large_file,20511,rejected_by_BondFilter_min_interatomic_distance
large_file,20512,rejected_by_BondFilter_min_interatomic_distance
large_file,20513,rejected_by_BondFilter_min_interatomic_distance
large_file,20514,rejected_by_BondFilter_min_interatomic_distance
large_file,20515,rejected_by_BondFilter_min_interatomic_distance
large_file,20516,rejected_by_BondFilter_min_interatomic_distance
large_file,20517,rejected_by_BondFilter_min_interatomic_distance
large_file,20518,rejected_by_BondFilter_min_interatomic_distance
large_file,20519,rejected_by_BondFilter_min_interatomic_distance
large_file,20520,rejected_by_BondFilter_min_interatomic_distance
large_file,20521,rejected_by_BondFilter_min_interatomic_distance
large_file,20522,rejected_by_BondFilter_min_interatomic_distance
large_file,20523,rejected_by_BondFilter_min_interatomic_distance
large_file,20524,rejected_by_BondFilter_min_interatomic_distance
large_file,20525,rejected_by_BondFilter_min_interatomic_distance
large_file,20526,rejected_by_BondFilter_min_interatomic_distance
large_file,20527,rejected_by_BondFilter_min_interatomic_distance
large_file,20528,rejected_by_BondFilter_min_interatomic_distance
large_file,20529,rejected_by_BondFilter_min_interatomic_distance
large_file,20530,rejected_by_BondFilter_min_interatomic_distance
large_file,20531,rejected_by_BondFilter_min_interatomic_distance
large_file,20532,rejected_by_BondFilter_min_interatomic_distance
large_file,20533,rejected_by_BondFilter_min_interatomic_distance
large_file,20534,rejected_by_BondFilter_min_interatomic_distance
large_file,20535,rejected_by_BondFilter_min_interatomic_distance
large_file,20536,rejected_by_BondFilter_min_interatomic_distance
large_file,20537,rejected_by_BondFilter_min_interatomic_distance
large_file,20538,rejected_by_BondFilter_min_interatomic_distance
large_file,20539,rejected_by_BondFilter_min_interatomic_distance
large_file,20540,rejected_by_BondFilter_min_interatomic_distance
large_file,20541,rejected_by_BondFilter_min_interatomic_distance
large_file,20542,rejected_by_BondFilter_min_interatomic_distance
large_file,20543,rejected_by_BondFilter_min_interatomic_distance
large_file,20544,rejected_by_BondFilter_min_interatomic_distance
large_file,20545,rejected_by_BondFilter_min_interatomic_distance
large_file,20546,rejected_by_BondFilter_min_interatomic_distance
large_file,20547,rejected_by_BondFilter_min_interatomic_distance
large_file,20548,rejected_by_BondFilter_min_interatomic_distance
large_file,20549,rejected_by_BondFilter_min_interatomic_distance
large_file,20550,rejected_by_BondFilter_min_interatomic_distance
large_file,20551,rejected_by_BondFilter_min_interatomic_distance
large_file,20552,rejected_by_BondFilter_min_interatomic_distance
large_file,20553,rejected_by_BondFilter_min_interatomic_distance
large_file,20554,rejected_by_BondFilter_min_interatomic_distance
large_file,20555,rejected_by_BondFilter_min_interatomic_distance
large_file,20556,rejected_by_BondFilter_min_interatomic_distance
large_file,20557,rejected_by_BondFilter_min_interatomic_distance
large_file,20558,rejected_by_BondFilter_min_interatomic_distance
large_file,20559,rejected_by_BondFilter_min_interatomic_distance
large_file,20560,rejected_by_BondFilter_min_interatomic_distance
large_file,20561,rejected_by_BondFilter_min_interatomic_distance
large_file,20562,rejected_by_BondFilter_min_interatomic_distance
large_file,20563,rejected_by_BondFilter_min_interatomic_distance
large_file,20564,rejected_by_BondFilter_min_interatomic_distance
large_file,20565,rejected_by_BondFilter_min_interatomic_distance
large_file,20566,rejected_by_BondFilter_min_interatomic_distance
large_file,20567,rejected_by_BondFilter_min_interatomic_distance
large_file,20568,rejected_by_BondFilter_min_interatomic_distance
large_file,20569,rejected_by_BondFilter_min_interatomic_distance
large_file,20570,rejected_by_BondFilter_min_interatomic_distance
large_file,20571,rejected_by_BondFilter_min_interatomic_distance
large_file,20572,rejected_by_BondFilter_min_interatomic_distance
large_file,20573,rejected_by_BondFilter_min_interatomic_distance
large_file,20574,rejected_by_BondFilter_min_interatomic_distance
large_file,20575,rejected_by_BondFilter_min_interatomic_distance
large_file,20576,rejected_by_BondFilter_min_interatomic_distance
large_file,20577,rejected_by_BondFilter_min_interatomic_distance
large_file,20578,rejected_by_BondFilter_min_interatomic_distance
large_file,20579,rejected_by_BondFilter_min_interatomic_distance
large_file,20580,rejected_by_BondFilter_min_interatomic_distance
large_file,20581,rejected_by_BondFilter_min_interatomic_distance
large_file,20582,rejected_by_BondFilter_min_interatomic_distance
large_file,20583,rejected_by_BondFilter_min_interatomic_distance
large_file,20584,rejected_by_BondFilter_min_interatomic_distance
large_file,20585,rejected_by_BondFilter_min_interatomic_distance
large_file,20586,rejected_by_BondFilter_min_interatomic_distance
large_file,20587,rejected_by_BondFilter_min_interatomic_distance
large_file,20588,rejected_by_BondFilter_min_interatomic_distance
large_file,20589,rejected_by_BondFilter_min_interatomic_distance
large_file,20590,rejected_by_BondFilter_min_interatomic_distance
large_file,20591,rejected_by_BondFilter_min_interatomic_distance
large_file,20592,rejected_by_BondFilter_min_interatomic_distance
large_file,20593,rejected_by_BondFilter_min_interatomic_distance
large_file,20594,rejected_by_BondFilter_min_interatomic_distance
large_file,20595,rejected_by_BondFilter_min_interatomic_distance
large_file,20596,rejected_by_BondFilter_min_interatomic_distance
large_file,20597,rejected_by_BondFilter_min_interatomic_distance
large_file,20598,rejected_by_BondFilter_min_interatomic_distance
large_file,20599,rejected_by_BondFilter_min_interatomic_distance
large_file,20600,rejected_by_BondFilter_min_interatomic_distance
large_file,20601,rejected_by_BondFilter_min_interatomic_distance
large_file,20602,rejected_by_BondFilter_min_interatomic_distance
large_file,20603,rejected_by_BondFilter_min_interatomic_distance
large_file,20604,rejected_by_BondFilter_min_interatomic_distance
large_file,20605,rejected_by_BondFilter_min_interatomic_distance
large_file,20606,rejected_by_BondFilter_min_interatomic_distance
large_file,20607,rejected_by_BondFilter_min_interatomic_distance
large_file,20608,rejected_by_BondFilter_min_interatomic_distance
large_file,20609,rejected_by_BondFilter_min_interatomic_distance
large_file,20610,rejected_by_BondFilter_min_interatomic_distance
large_file,20611,rejected_by_BondFilter_min_interatomic_distance
large_file,20612,rejected_by_BondFilter_min_interatomic_distance
large_file,20613,rejected_by_BondFilter_min_interatomic_distance
large_file,20614,rejected_by_BondFilter_min_interatomic_distance
large_file,20615,rejected_by_BondFilter_min_interatomic_distance
large_file,20616,rejected_by_BondFilter_min_interatomic_distance
large_file,20617,rejected_by_BondFilter_min_interatomic_distance
large_file,20618,rejected_by_BondFilter_min_interatomic_distance
large_file,20619,rejected_by_BondFilter_min_interatomic_distance
large_file,20620,rejected_by_BondFilter_min_interatomic_distance
large_file,20621,rejected_by_BondFilter_min_interatomic_distance
large_file,20622,rejected_by_BondFilter_min_interatomic_distance
large_file,20623,rejected_by_BondFilter_min_interatomic_distance
large_file,20624,rejected_by_BondFilter_min_interatomic_distance
