nep4_zbl 2 C Fe 
zbl 1 2
cutoff 7.5 6.5 210 146
n_max 8 6
basis_size 12 12
l_max 4 2 1
ANN 60 0
  1.3352381e-01
 -9.1828579e-01
 -9.4549708e-02
 -1.2063042e+00
 -1.8491633e+00
 -2.1833694e+00
  9.1309750e-01
  8.4909236e-01
  5.5397356e-01
 -1.9765420e+00
  7.3642856e-01
 -4.2031357e-01
 -3.6152196e+00
  6.0634890e+00
 -1.1876739e-01
 -2.3252916e+00
  1.2388731e+00
  8.2898277e-01
  1.7251153e+00
 -4.4257283e+00
  7.0881753e+00
 -3.4089606e+00
 -1.1980902e+00
 -3.8516420e-01
  2.4957948e+00
  1.0550102e+00
 -1.4044911e+00
  2.5990708e+00
 -2.0805867e+00
 -1.8289353e+00
 -1.3382207e+00
  1.6408559e+00
 -3.0275016e+00
  6.1306815e+00
 -1.2159576e-02
  5.0568042e+00
  2.9782069e-01
  2.7785146e+00
  1.1126730e+00
  6.8820567e+00
  1.9373759e+00
  1.3065604e+00
 -6.5983534e-01
 -2.7549112e+00
 -8.3763993e-01
 -1.3078055e+00
 -8.1786203e-01
 -7.4297490e+00
  3.3530979e+00
 -6.5401459e-01
  2.2734511e+00
  4.3594847e+00
 -1.4424436e+01
  1.0261934e+01
 -5.9283477e-01
  1.2443608e+00
 -5.1352072e+00
  6.7747006e+00
  1.9359581e+00
 -1.2881366e+00
  2.2093384e+00
 -6.8180645e-01
  8.8748922e+00
 -3.4872246e+00
 -6.4159226e+00
 -2.9126828e+00
  1.6692195e+00
  8.5461795e-01
 -6.4859909e-01
  7.4929223e+00
 -1.1182998e+00
 -2.3964670e+00
 -4.7122617e+00
 -2.1925383e+00
  1.9801711e+00
  6.7400050e+00
  2.2313650e+00
 -5.7969036e+00
 -2.3998044e+00
  1.0561833e+00
  3.5986710e-01
 -7.2847462e-01
 -1.6430151e+00
  5.3158503e+00
 -7.7236468e-01
  1.6438489e+00
  1.1051246e+01
  3.4585881e-01
  9.5760355e+00
 -3.5962725e-01
  1.6207179e-01
  3.4202042e+00
  7.7891836e+00
  2.5756047e+00
 -3.2009311e+00
 -1.7111961e+01
  3.8664484e-01
 -1.3979881e+00
 -3.8523424e+00
  2.5924356e+00
  2.1596813e+00
  5.6572232e+00
 -3.1267602e+00
 -1.7234914e+00
 -9.6232098e-01
  1.0950100e+00
  4.6496910e-01
 -3.7123082e+00
 -3.6549420e+00
  2.7885854e+00
 -2.6782074e+00
 -3.2331653e+00
 -3.5282056e+00
  2.3672903e+00
  4.8702688e+00
 -1.6886131e+00
 -1.3527325e-01
 -1.6581120e+00
 -1.3471164e+00
  2.3540130e+00
  4.3883390e+00
  3.8304224e+00
 -1.0807374e+00
 -2.8762760e+00
  1.3269931e+00
  9.2092018e+00
 -6.6624665e+00
  1.0540494e+01
  5.7717252e+00
 -1.2571698e+00
  8.4745610e-01
  1.8211297e+00
 -2.1703539e+00
  1.7441409e+00
  1.3076300e+01
  5.7906914e-01
  9.9709816e+00
 -8.5500460e+00
 -1.1235740e+01
 -1.0538654e+01
 -4.9578178e-01
  3.1954963e+00
 -1.4179020e+01
  2.6949060e+00
  1.4258753e+00
 -8.8403816e+00
 -7.9430914e-01
  5.8604746e+00
 -5.6517248e+00
 -9.7036648e+00
  1.2277089e+00
  2.4344914e+00
  5.3595495e+00
 -1.4620718e-01
  2.3439751e+00
  3.0305007e+00
 -2.6672089e+00
 -3.3558750e-01
  2.8620577e+00
  1.3627753e+00
  1.5378006e+00
 -4.5048207e-01
  1.1142902e+00
 -5.3137232e-02
 -2.6871343e+00
  3.8190184e+00
 -1.0659974e+00
 -6.0232000e+00
  4.0316205e+00
 -4.2730222e+00
  3.6420877e+00
  6.3881439e-01
  8.3501875e-01
  1.0088671e+00
 -2.6014998e+00
 -2.7286406e+00
 -5.1037469e+00
 -3.5297725e+00
  4.1412339e-01
 -5.9870231e-01
 -4.9540532e-01
 -2.0372217e+00
  7.5207591e-01
  6.9539590e+00
 -2.0098143e+00
 -1.1698856e+00
 -3.4117264e+01
  6.0040412e+00
 -2.8106122e+00
  7.6010885e+00
 -4.6170883e+00
 -6.0204190e-01
 -2.7617192e+00
 -4.1946445e+00
 -2.8122923e+00
 -3.5887098e+00
 -1.1180768e+00
 -7.4961448e+00
  1.0303485e+01
 -7.3120017e+00
 -9.5047455e+00
  1.1522559e-03
 -8.9489895e-01
 -3.8961430e+00
 -1.1962523e+00
  6.9854683e-01
 -1.0535576e+00
  2.8077700e+00
  2.0257199e+00
  3.6808142e-01
 -3.1691849e+00
 -3.4870701e+00
  3.2093225e+00
  5.8292880e+00
  9.2475188e-01
 -4.7765112e+00
 -4.3578735e-01
 -1.4306010e+00
  3.6434400e+00
 -4.4088693e+00
 -5.9343200e+00
  1.5948358e+00
  3.5529742e+00
 -2.7756095e+00
 -7.4556518e+00
  5.4724865e+00
 -8.5282123e-01
  1.0780103e+01
 -1.5935342e+00
 -4.0622211e+00
 -5.7325687e+00
 -7.9533559e-01
  6.3778696e+00
 -4.3061033e-01
  5.8482871e+00
  1.5597528e+00
 -1.0259848e+01
 -1.2262931e+01
  1.7631300e+01
  5.4071326e+00
 -4.9005017e+00
 -1.2196052e+01
 -1.7355347e+01
  6.7501736e+00
  6.6975088e+00
 -1.0599734e+00
 -7.0406542e+00
  7.7348690e+00
  7.5251144e-01
 -1.9833928e+00
 -3.7263599e-01
 -4.7565422e+00
 -4.0399299e+00
  4.5638685e+00
  2.5609601e+00
 -5.1104784e+00
  2.6138932e-01
  4.1199021e+00
 -1.5400056e+00
 -6.0510111e-01
  6.2885599e+00
 -1.2955626e+00
 -1.3138916e+00
 -4.0428720e+00
  3.7010128e+00
 -2.2211926e+00
  7.3947030e-01
 -2.7313168e+00
  8.8135242e+00
  1.8749628e+00
 -3.9908423e+00
  6.3839822e+00
 -5.9968977e+00
  5.2322807e+00
 -5.7960935e+00
  8.9756727e+00
  3.5389524e+00
 -1.2022961e+00
  2.8080044e+00
 -6.3559639e-01
  9.0240115e-01
 -6.0403457e+00
 -2.4387598e+00
 -6.1192667e-01
 -5.4346655e-02
 -4.4117622e+00
 -1.0783272e-01
 -3.6494451e+00
 -2.4633548e+00
 -1.4250136e+01
  1.0164338e+01
 -3.5743649e+00
  3.8607512e+00
  4.3543439e+00
  2.4852371e+00
 -3.9267726e+00
  4.4063263e+00
 -8.3907944e-01
 -4.2446356e+00
 -5.9465513e+00
  5.1535764e+00
  4.9415069e+00
 -1.7730546e+00
  1.6696700e+00
  2.8413022e+00
  1.8643528e+00
  3.2053571e+00
 -9.1452122e-01
 -6.5437132e-01
  1.3877294e+00
  3.5593026e+00
  3.1671729e+00
  3.5824306e+00
  3.5231996e-01
 -6.3974423e+00
 -1.9438168e+00
  2.0081062e+00
 -2.5398002e+00
 -3.2409644e-01
  7.0062840e-01
 -8.0559897e-01
 -1.2965910e+00
 -1.3086290e+01
 -1.2149682e+00
 -2.7671731e+00
 -2.8253467e+00
 -2.0810547e-01
 -6.2850018e+00
  4.2664194e+00
 -2.7053988e+00
 -9.1154087e-01
  9.0396919e+00
  1.1576763e+01
 -2.4148250e+00
  6.3184628e+00
 -8.5415258e+00
 -8.5225010e-01
 -1.0144147e+00
 -1.2576704e+00
  7.4429351e-01
 -3.9768674e+00
 -1.0577445e-01
  5.3174562e+00
  2.9040873e+00
 -1.0427780e+00
  3.4056027e+00
  1.4876565e+00
  2.1483309e+00
  1.3837955e+00
  1.8592186e+00
 -2.1589460e+00
  3.6668277e+00
 -2.5430882e+00
  2.7101743e+00
 -7.4535298e-01
  4.4389224e+00
 -4.0625758e+00
 -2.4863400e+00
  2.1005950e+00
  7.3548019e-01
 -2.0636187e+00
  1.8923274e+00
  3.4377248e+00
 -3.9668125e-01
 -1.2713956e+00
 -3.3015361e+00
 -2.0590997e-01
 -4.1644249e+00
 -3.6111596e+00
 -5.2051082e+00
  3.7344832e+00
  9.4844208e+00
 -5.6015211e-01
  1.0377179e+00
 -8.4453136e-01
 -4.0433221e+00
 -1.0755239e+00
  1.9858110e+00
  4.0924878e+00
  7.4209744e-01
  1.3247189e-01
  7.8383927e+00
 -2.0777636e+00
 -2.2259767e+00
  1.3546697e+00
 -1.3110068e+00
 -4.2145972e+00
 -1.5449237e+00
  3.3923721e-01
  1.3067287e+00
  9.6400042e+00
 -1.5058161e+00
 -5.3620124e+00
  1.6639485e+00
  1.3194703e+00
  1.9379555e+00
  7.8309422e+00
  4.1360197e+00
  1.1567045e+01
  1.4889762e+01
  3.3468189e+00
 -1.0356933e+01
 -1.8127041e+01
 -2.8749185e+00
  5.2134281e-01
 -3.1826534e+00
 -1.1189869e+01
 -7.7075357e+00
 -2.3966091e+00
  1.2982530e+01
  6.1941075e-01
  7.9514785e+00
  6.8207884e+00
  1.5873900e+01
  1.2850652e+00
 -1.2790509e+00
 -5.3079467e+00
  9.4260187e+00
 -1.2839502e+01
  6.7013316e+00
 -1.9709234e+01
 -2.9836435e+00
  6.1473460e+00
 -1.2751662e+00
 -6.3402510e-01
  1.4007388e+01
 -1.2166682e+00
  1.1639516e+01
  1.8658341e+00
  2.8919547e+00
 -1.1640478e+00
 -1.4386872e+00
 -3.3644073e+00
  1.2922227e+00
  1.3540115e+01
 -1.7832795e-01
 -1.8652488e+00
  7.5356984e+00
  8.7290707e+00
 -3.8311091e-01
 -8.5561771e+00
 -4.2064428e+00
 -8.7042892e-01
  4.1674652e+00
  2.2618306e+00
  1.9988579e+00
  2.7085497e+00
 -3.2304347e+00
  1.0481384e-01
  1.1324181e+01
  2.8884048e+00
  4.5628360e-01
  1.5156886e+01
  5.6933289e+00
 -7.3486519e+00
  7.0189959e-01
  1.0821743e+01
  4.4730940e+00
 -2.7884836e+00
  6.9103420e-01
  3.3832829e+00
 -9.8075199e-01
  1.4681059e+00
 -2.8108317e-01
 -1.0824466e+00
 -2.1505175e+00
 -6.1670876e-01
  5.4782230e-01
 -8.4252232e-01
  6.3879901e-01
  1.2513307e+00
 -1.2762284e-01
  2.9731902e-01
  2.0051939e+00
 -1.6656555e+00
  9.8583138e-01
  4.2776542e+00
  9.7811931e-01
 -2.2764118e+00
 -9.8446721e-01
  5.0719337e+00
 -2.5003052e+00
  4.8675566e+00
  1.0290532e+00
 -5.5204499e-01
  1.8053341e+00
  1.8047311e+00
 -4.0653920e+00
  1.7136346e+00
 -2.7057221e+00
 -2.5342746e+00
  1.2034671e+00
  6.2749877e+00
  1.9338005e+00
  2.0823550e+00
  8.6722422e-01
  1.0420362e+00
  3.8357976e-01
 -2.0424275e+00
 -2.6891003e+00
 -3.9118457e+00
 -5.5155187e+00
  6.6714859e-01
  1.5889070e+01
 -1.0313123e+00
  1.4154580e-01
  5.5790348e+00
 -2.1421700e+00
  4.1027746e+00
 -3.2487798e+00
 -5.6711192e+00
  3.4461336e+00
  9.9078625e-02
 -1.9501218e+00
  3.3276811e-01
  3.2811730e+00
 -5.0260181e+00
 -1.1192847e+01
  2.2526996e+00
  6.8103247e+00
  8.8080987e-03
 -1.5224687e+00
 -7.2310171e+00
  7.2195393e-01
 -2.3727944e+00
 -3.4263480e-01
 -2.7586031e+00
 -5.5315752e+00
  1.7554266e-02
 -3.1326693e-02
 -3.6990337e+00
  1.8156509e+00
  7.4339622e-01
  4.3530154e+00
 -8.8183012e+00
 -4.0729380e-01
 -9.0960979e+00
  1.1971691e+00
  6.7957938e-02
  5.6618750e-01
  1.5762979e+00
 -4.5209980e+00
 -4.7924762e+00
  2.6703844e+00
 -4.8280764e+00
  3.6941829e+00
  6.3965893e-01
  1.2140671e+00
  1.1201633e+00
  9.1517740e-01
  8.4021397e+00
 -5.1308236e+00
 -8.8938639e-02
  2.3089538e+00
 -1.2369905e+00
 -1.4353216e+00
  3.9681683e+00
  8.6439924e+00
 -5.6771493e-01
  1.0859288e+01
 -1.6402115e+01
  2.1310359e-02
  1.3730545e+00
 -4.4655886e+00
  8.2976656e+00
 -7.8784510e-02
  1.0316082e+00
 -2.8005463e-01
  2.0309289e+00
 -7.6787204e-01
 -7.3842292e+00
  1.2407604e+00
  4.6512012e+00
 -7.1770682e+00
 -3.9001808e+00
  8.6339817e+00
 -2.7464497e+00
 -3.7612200e+00
 -3.5567129e-01
  6.5576897e+00
 -6.0581913e+00
  3.3950233e-01
 -6.2943146e-02
 -3.6180100e+00
  1.0670974e+01
 -1.2940960e+00
  4.1970463e+00
  2.6221180e+00
  9.3726263e+00
  6.0722485e+00
 -3.1847663e+00
  3.8485975e+00
 -5.6285138e+00
  2.4545197e+00
  1.7853899e+00
 -4.4833198e+00
 -1.0103401e+01
 -3.4654119e+00
  8.0722958e-01
 -4.5848985e+00
 -1.7145579e+00
  2.1491535e-01
  3.2192457e+00
  6.9925313e+00
  6.7953272e+00
  3.6949921e+00
  8.3976393e+00
  2.1647818e+00
 -2.2913373e+00
  4.9285507e+00
  1.3060233e+01
  8.3701477e+00
  7.8797489e-01
 -1.0670345e+00
 -4.5641837e+00
  1.0469152e+00
 -1.1501083e+00
 -1.3468236e-01
  1.8582138e+00
  6.5546227e+00
 -5.1974173e+00
 -1.2221913e+00
 -2.9056385e+00
 -1.9034700e+01
  1.2429672e+00
  3.3368559e+00
 -4.3369155e+00
  3.6835160e+00
  4.7979798e+00
 -1.8168325e+00
  2.6510630e+00
 -7.4736929e-01
  9.0602570e+00
 -1.0870869e+00
 -1.2552729e+00
  2.3334923e+00
  3.4161158e+00
  9.9905217e-01
  9.2901354e+00
 -3.1744816e+00
  1.4004035e+00
  9.9845915e+00
  3.6598389e+00
  3.9744940e+00
  5.7001944e+00
  1.5512239e+01
  1.5012089e+01
 -2.3506117e+00
 -2.1786125e+00
 -7.0335579e+00
  2.3387735e+00
  5.5883093e+00
  7.7384915e+00
 -7.1446190e+00
  2.0113478e+00
  6.8123598e+00
  3.2532806e+00
  6.8922997e+00
 -4.9944544e+00
  4.5139095e-01
 -2.0625854e+00
 -1.3377892e+01
  6.0252576e+00
  4.8178437e-01
 -4.0405798e+00
 -2.9874704e+00
 -1.0605236e+00
  1.3440757e+00
  8.5259638e+00
 -3.3696010e+00
  5.6585345e+00
  2.3490303e+00
  7.2033896e+00
 -1.0839552e+00
  7.1547685e+00
 -5.4233122e-01
 -1.7331588e+00
  9.6263456e+00
 -3.5616126e+00
  2.5171030e+00
  3.1093104e+00
 -1.0794969e+00
  5.3378892e+00
 -4.0552030e+00
 -4.2386942e+00
  2.4260139e+00
 -1.3214074e-01
  6.4894426e-01
 -1.2666231e+00
  1.1569284e+00
  8.1384128e-01
  3.8022283e-01
  1.8124017e+00
  7.1827383e+00
  3.9031613e+00
 -7.1815076e+00
 -1.2586293e+01
 -3.5426433e+00
  7.6906510e-02
  8.0668230e+00
 -3.0264432e+00
  3.9960384e+00
 -5.1793938e+00
 -5.1277912e-01
 -5.7359405e+00
 -5.0423199e-01
 -1.7605058e+00
 -8.3758907e+00
  5.2024856e+00
  5.2757907e-01
 -3.6832972e+00
  4.2909160e+00
  1.4073531e+01
 -1.8843892e+00
 -1.7368299e+00
 -2.1131329e-01
 -1.4544840e+00
  6.9971466e-01
  4.0451689e+00
  1.3433821e+00
 -6.5792017e-02
  1.7556373e+00
 -4.0301141e-01
  6.9993982e+00
 -2.1302782e-01
 -1.0715986e+00
 -1.6536459e+00
  1.8485143e+00
 -2.4898386e+00
 -4.5569429e+00
 -1.5044347e+00
 -1.5758497e+00
 -4.0802315e-01
 -7.1584862e-01
  3.4685078e+00
 -2.4938619e+00
 -4.1546865e+00
 -3.1290708e+00
  4.3923500e-01
 -9.8864859e-01
  3.2162406e+00
  5.8901811e+00
 -1.5731854e+00
 -4.5655737e+00
 -4.1470173e-01
  7.5469327e+00
 -4.8024368e+00
 -2.4955962e+00
  8.1640348e+00
 -8.5845727e-01
 -1.4483049e+00
 -3.9310749e+00
  5.4758897e+00
 -2.2453988e+00
 -6.6625557e+00
  2.7608815e-01
 -3.5551255e+00
  4.6884918e+00
 -4.1282427e-01
 -2.2098260e+00
  1.1045830e+01
 -3.6130624e+00
 -4.6784997e+00
  1.2340595e+00
 -5.0962389e-01
  5.6669670e-01
 -5.7947212e-01
  2.8374391e+00
 -7.4555793e+00
  5.5034032e+00
 -3.4577882e+00
 -8.1645813e+00
 -2.5681798e+00
  7.4294990e-01
 -3.3536201e+00
  4.6571622e+00
 -1.9355973e+00
 -4.8069510e-01
 -1.5444649e+00
 -2.5315254e+00
 -1.5159298e+00
  3.9686911e+00
 -4.1839232e+00
  2.9854494e-01
  3.2236555e+00
  3.1455441e+00
 -8.7623796e+00
 -1.5688522e+00
 -7.4609013e+00
 -5.6655045e+00
 -7.7104077e+00
  3.3985310e+00
  2.7653008e+00
  2.1301291e+00
  1.8308815e-01
 -1.1646050e+00
  1.1515017e+01
 -3.1040678e+00
 -3.7481945e+00
  8.1008025e-02
 -9.1965723e+00
 -1.3873590e+00
  4.3745124e-01
 -4.3941192e-02
  3.2791693e+00
  8.9409225e-02
  6.4374313e+00
 -8.5438290e+00
  2.8596191e+00
 -1.0038660e+01
 -7.3940997e+00
 -4.6756964e+00
 -3.1964095e+00
  4.0001817e+00
 -2.4811804e+00
 -2.4386706e+00
 -2.8978906e+00
  2.8482797e+00
 -1.7585232e+00
 -1.9078802e+00
 -1.0636061e+00
 -1.1722836e+01
 -1.0893593e-01
 -8.2816041e-01
  1.1486245e+01
 -1.1085055e+00
  2.7890034e-02
  9.8149854e-01
 -2.8230834e+00
  3.9089816e+00
  1.2797427e+00
 -5.0200171e+00
  2.2987533e+00
 -2.6356523e+00
  1.7312046e+01
  8.6192322e+00
  1.9734685e+00
  1.9633110e+00
 -7.2320592e-01
 -4.4706416e+00
  1.2526177e-01
 -3.4153244e-01
 -3.2075996e+00
  1.1243088e+01
 -1.8285383e+00
 -3.6729681e+00
  1.8671758e+00
  2.7862420e+00
 -9.5882142e-01
  5.9421501e+00
 -5.4252791e+00
  2.0497870e+00
 -8.7191612e-01
  4.7028384e+00
 -3.0325699e+00
 -5.2010936e-01
 -5.5494590e+00
  2.1948802e+00
  9.0753050e+00
  4.8436144e-01
  3.1206601e+00
  3.0011263e+00
  6.8394408e+00
  5.6385918e+00
  3.1672556e+00
 -4.9241481e+00
  4.0484614e+00
 -1.8451574e+00
  2.8161864e+00
  1.4821105e+00
 -1.7761805e+00
  2.6229746e+00
  1.1371995e+00
 -3.2253921e-01
 -2.6008952e+00
 -5.5907100e-01
 -8.7799730e+00
 -1.4440703e-01
  5.4605442e-01
  1.9906921e+00
  4.3975492e+00
 -5.8358345e+00
  3.3645358e+00
 -6.7602205e+00
  1.4526255e+00
  5.2561712e+00
  2.2300883e-01
  7.0128613e+00
  2.2900283e+00
 -3.2421241e+00
 -4.0478525e+00
 -6.4765439e+00
  1.9968714e+00
 -1.9159043e+00
  3.2404428e+00
  4.0968709e+00
  1.5282873e+00
 -7.3154407e+00
  1.1080467e+00
 -2.2087259e+00
  6.6388226e+00
 -2.7054739e+00
  2.8976107e+00
  9.8713913e+00
 -5.1778836e+00
  8.4765148e+00
 -2.7213106e+00
 -8.8879385e+00
 -4.1246800e+00
 -3.3403132e+00
 -1.5313004e-01
  3.6193233e+00
 -2.1764657e+00
 -4.6165361e+00
  2.5744534e+00
 -4.6036050e-01
 -3.0032103e+00
  6.5727249e-02
  3.9608905e+00
  1.7324911e+00
 -1.9642533e+00
  2.5074871e+00
  2.6075058e+00
  8.3606017e-01
  2.3697300e+00
 -9.7849792e-01
  2.8198256e+00
  7.4772537e-01
  7.5114331e+00
  4.1183853e+00
  8.1776768e-01
  2.8480353e+00
  2.3749394e+00
 -2.0909178e+00
 -8.7216131e-02
 -4.1632032e+00
  3.4735990e+00
 -8.3395407e-02
 -5.5956811e-01
  5.9498057e+00
 -2.8030634e+00
  7.4668436e+00
 -2.5711949e+00
  7.9216468e-01
  9.6732130e+00
  3.0475471e+00
 -8.6005526e+00
 -7.4381709e-01
  3.8776453e+00
 -5.0102534e+00
 -1.4008024e+00
 -1.1037732e+01
 -1.1856351e+01
  1.0392670e+01
  1.1966805e-02
  2.3002846e+00
  1.3463511e+01
 -4.8765174e-01
 -4.0726995e+00
  1.1717791e+01
  2.7163741e-01
  4.5074205e+00
 -6.5197849e+00
 -1.8655001e+00
  3.0986514e+00
  1.5302413e+00
 -7.9592047e+00
  4.0064833e-01
 -2.5537291e+00
  2.0300283e+00
 -1.3022112e+00
  2.6775193e-01
 -9.1650028e+00
 -6.9404000e-01
  2.3926544e+00
  1.4574045e+00
  1.0924283e+00
  3.4336846e+00
  2.9542782e+00
  1.7869865e+00
  4.0487585e+00
 -4.5692801e-01
 -5.3730068e+00
 -7.3169410e-01
 -8.7703329e-01
  4.5944657e+00
  3.2228022e+00
 -4.3651147e+00
 -7.9838958e+00
  7.9511919e+00
 -2.1400584e-01
 -6.8309865e+00
 -7.9740620e+00
 -6.2535958e+00
 -4.9537740e+00
 -4.6455365e-01
  1.6302296e+00
 -3.7652485e+00
  6.7308416e+00
 -7.0540943e+00
 -1.1539069e+00
 -5.9227023e+00
 -3.7053928e+00
 -6.4682442e-01
  1.5101502e+00
 -1.6891352e+00
  6.3879652e+00
 -8.7912226e+00
  4.5360035e-01
 -7.5155276e-01
  7.4996920e+00
  7.0094600e+00
  1.8642153e+00
  1.5680088e+00
  5.3263302e+00
  3.7337902e+00
  3.4146454e+00
  9.5776768e+00
 -3.2334404e+00
  3.1261904e+00
  2.4583230e+00
 -6.5720689e-01
 -1.3174644e+00
  3.3597951e+00
  4.1496854e+00
 -4.7516680e+00
  6.4680176e+00
 -1.5250692e-01
 -1.0697360e+01
 -2.6107433e-01
  2.5046670e+00
 -7.4306488e-01
  2.3421540e+00
  1.7777946e+00
 -1.7390196e+01
  5.3061852e+00
 -8.7896175e+00
  2.1700573e+00
 -5.4121437e+00
  1.7293270e+00
  7.9160924e+00
  3.2255415e-02
 -6.5438008e-01
 -5.7712226e+00
  3.5625494e+00
  5.7173910e+00
 -1.9350202e+00
 -2.2994618e+00
  1.2198824e+00
  2.0288205e+00
  1.1808431e+00
  3.8326063e+00
 -6.6440735e+00
  8.8129864e+00
 -4.3936429e+00
  7.4686575e-01
  9.3305403e-01
  2.9293010e-01
  1.6180649e+00
  2.9940775e-02
  2.3775022e+00
  9.5425743e-01
  2.5614591e+00
  4.4873009e+00
  2.2276479e-01
 -1.0088121e+00
 -6.1276221e+00
 -5.5586629e+00
 -6.4416218e-01
 -7.6626492e-01
  9.2724013e-01
  2.2833862e+00
 -3.1160241e-01
  4.0793409e+00
 -1.0603804e+01
  8.3856878e+00
  1.0756108e+00
  5.9719019e+00
  6.1977954e+00
  9.8383389e+00
 -3.0209534e+00
  2.9311446e-02
  8.7465343e+00
  1.4505033e+01
 -6.1060863e+00
  4.1574068e+00
 -5.8724111e-01
  9.9855003e+00
  1.9966294e+00
  8.7613230e+00
 -8.7006016e+00
  8.5342531e+00
 -2.1668279e+00
 -3.2036242e+00
 -3.9143738e-01
  4.3908205e+00
  3.8714943e+00
 -5.0372763e+00
 -2.0121970e+00
 -4.8942776e+00
  3.2559967e+00
  4.8506746e-01
  1.1004141e+01
  1.7058437e+01
 -1.4106133e+01
 -4.7476053e+00
 -9.1618443e-01
  2.6989262e+00
 -2.1337574e+00
 -1.1968321e+00
 -1.1288438e+00
 -1.9316596e+00
 -1.1229752e+01
 -8.7625104e-01
  8.1420221e+00
  1.0807944e+01
 -1.7655608e-01
  5.2895918e+00
 -3.9937565e+00
 -7.7824364e+00
  6.0668316e+00
 -1.1954883e+00
 -9.3929929e-01
  2.6746213e+00
  1.0760513e-01
  6.6942424e-02
 -5.2557457e-02
  6.1440027e-01
 -1.0191725e+00
 -6.2853128e-01
 -1.7124906e-01
 -1.5038663e+00
 -8.6590683e-01
 -8.9347467e-02
 -2.8493339e-01
 -1.0194614e+00
  4.8730608e-02
  1.8721544e+00
 -6.5580678e-01
  2.6594758e-02
  7.5631374e-01
  4.7590539e-01
 -3.5575902e+00
  1.9458846e+00
  3.9322662e+00
  2.4932680e+00
  2.9428351e-01
  4.4637427e-01
 -1.7115023e+00
 -1.8015085e-01
  3.2383609e+00
  4.1485041e-01
  1.3395612e+00
  2.1071653e+00
  8.7713641e-01
 -8.2145774e-01
 -4.0208742e-01
 -1.0754249e+00
  3.3007365e-01
 -1.6308390e+00
 -9.7113186e-01
  3.4315977e-01
 -2.9667013e+00
 -1.2714993e+00
  1.3299849e+00
 -1.1346470e+00
 -4.3153176e+00
  3.0891504e+00
 -2.5840288e-01
 -2.5652571e+00
 -5.4930677e+00
  2.7237885e+00
 -4.3584599e+00
 -4.7184801e+00
 -4.2606621e+00
 -2.5071406e+00
 -1.7362608e+01
  1.6218816e+00
  1.0609411e-01
  4.1555786e+00
  3.8243549e+00
  2.0047498e+00
 -8.2855997e+00
 -2.6896219e+00
  2.4868729e+00
  2.1230490e+00
 -6.5156126e+00
 -1.3422381e+01
  8.8189501e-01
  9.2364979e+00
 -1.8449364e+00
  1.8545574e+01
 -3.6875024e+00
  2.0148458e+00
 -1.0726789e+01
 -3.1608078e-01
  2.8150579e-01
  4.3510966e+00
 -3.0488777e+00
  6.9058818e-01
 -2.2424853e+00
 -2.6785855e+00
  2.4212861e+00
 -1.6084402e+01
  4.9115831e-01
  1.8490589e+00
 -8.8159122e+00
 -1.3520120e+01
 -4.6768470e+00
  2.2556353e+00
  6.6390209e+00
  3.0533218e+00
  5.5282745e+00
  6.8479352e+00
  1.1345034e+01
 -1.7996049e+00
  3.9761469e+00
 -1.1610888e+01
 -4.2699308e+00
 -3.1832371e+00
  5.9306755e+00
 -4.9116125e+00
  6.2939405e-01
  9.5110863e-01
  6.0972533e+00
  5.1603217e+00
 -7.6052351e+00
  3.5433033e-01
 -2.4674110e+00
 -6.0420518e+00
  6.8957343e+00
  1.2885944e+00
 -9.6443005e+00
  2.8191745e+00
 -1.4747176e+00
 -5.3988895e+00
  3.3020282e+00
 -7.0339818e+00
 -3.9720225e-01
 -9.2748041e+00
  2.0192027e+00
  4.6544509e+00
 -3.8930371e+00
  3.4957240e+00
  2.2017314e+00
 -9.9292034e-01
 -1.9603348e+00
  1.3161014e+00
 -6.6835175e+00
 -2.6639831e+00
  5.6698141e+00
  4.3263106e+00
 -2.1978197e+00
  3.8158479e+00
  1.4306445e+00
 -3.0997505e+00
 -1.7348695e+00
 -1.3296097e+01
  3.5673537e+00
 -1.2951114e+01
 -2.3766994e+00
 -9.8333406e+00
 -4.8999567e+00
 -2.5227466e-01
  4.8284330e+00
  1.7323895e+01
  3.9024844e+00
  4.8473320e+00
  2.0276570e+00
  3.8200133e+00
 -2.2075909e-01
 -5.1818353e-01
 -2.6366382e+00
  2.9346790e+00
 -1.6332500e+00
  2.8395391e+00
  6.2634773e+00
  1.4376009e+00
 -2.7529156e+00
 -3.6851282e+00
 -3.5785832e+00
  2.2401936e+00
  2.9103029e+00
 -1.4540975e+00
 -1.8207273e+01
 -3.7019734e+00
  1.4194711e+00
  1.3158421e-01
  5.6801338e+00
  6.3259821e+00
  1.5217710e+00
 -1.5431764e+00
  2.6222024e+00
  2.1042976e+00
  2.0802896e+00
  9.2162752e+00
 -1.7425100e+00
 -1.6190176e+01
 -1.5600914e+01
  2.6394954e+00
  1.1086822e+00
  4.4457340e+00
  1.3853728e+00
 -3.1589921e+00
 -4.8290453e+00
  2.6475692e-01
  2.7889681e+00
  1.7856921e+00
 -2.3271453e+00
 -6.3852137e-01
  2.4182596e+00
 -9.0973387e+00
  4.0590744e+00
 -3.6533699e+00
 -2.2871599e+00
  2.6668286e+00
 -2.9642844e+00
 -8.4015713e+00
 -1.8391271e+00
 -2.3691121e-01
  6.6310706e+00
 -1.2761176e+00
 -6.7458165e-01
  2.5960665e+00
 -1.6795521e+00
  8.8139830e+00
  1.0382222e-01
 -2.3760083e+00
  7.2773236e-01
 -3.3583936e-01
 -8.5894251e-01
  2.5214902e-01
 -5.2429360e-01
  2.8725624e-01
 -4.5253465e-01
 -5.4449457e-01
 -1.5420005e-01
 -6.8864250e-01
 -1.9031779e+00
  5.1404634e+00
  8.7449007e+00
 -1.2506758e+00
 -1.0516626e+00
 -4.4225602e+00
 -6.5449798e-01
 -2.7580113e+00
  4.1514192e+00
  2.7591112e+00
  1.9874822e+00
 -3.7300396e-01
 -5.0845723e+00
 -9.7007805e-01
  3.8170900e+00
 -2.9728991e-01
  6.7175782e-01
  2.1334085e+00
  3.9832839e-01
  1.5491180e+00
 -1.7875283e+00
  2.2048724e+00
  4.9259253e+00
  2.0807660e+00
 -7.9812515e-01
  9.9594104e-01
 -1.7123382e+00
  9.4563431e-01
  1.0598838e+00
  9.5019358e-01
  3.0211270e+00
  3.4872556e-01
 -6.0202044e-01
  4.7448468e-03
 -1.0759860e+01
 -7.6930823e+00
 -1.2535551e+01
 -5.2156062e+00
  4.6830873e+00
  4.2354531e+00
  3.5164866e+00
 -4.4117877e-01
 -4.3564305e+00
 -3.9053895e+00
  9.2100992e+00
  4.3236300e-01
 -2.4566600e+00
 -7.2110784e-01
  2.4614060e+00
 -1.2834179e+00
 -1.0235069e-01
  1.2134660e+00
 -8.1924658e+00
  4.6188803e+00
  2.0915995e+00
 -3.5419629e+00
 -2.1161768e+00
  5.9886189e+00
  4.3575180e-01
 -2.8558009e+00
  2.0270879e+00
  2.9386868e+00
  3.2365642e+00
  1.3059998e+01
 -4.6309218e+00
 -2.5042634e+00
  1.9260454e+01
  6.9316607e+00
  3.7127471e-01
 -7.3285637e+00
 -3.4500749e+00
  2.2034149e+00
  9.2907034e-02
  9.1787329e+00
 -5.6939059e-01
 -7.4190869e+00
  3.4365025e+00
  4.6402793e+00
  1.5122534e+00
  6.9859319e+00
 -1.0274363e+00
  6.7260380e+00
 -1.5207459e+00
  8.2263041e+00
  5.8521624e+00
  1.8149757e-01
  2.9191208e+00
 -6.7869735e+00
  6.2703288e-01
  2.8596594e+00
  7.8197961e+00
 -8.4096594e+00
 -5.4613786e+00
  4.5197973e+00
  1.0783129e+01
  3.6405485e+00
 -2.0284891e+00
  5.1997256e+00
  2.3220329e+00
 -1.2347049e+00
  4.7273173e+00
 -2.3323846e+00
  5.3648095e+00
 -9.3523860e-01
  1.5199665e+01
 -4.5212064e-02
  1.2443142e+00
  8.3518372e+00
 -3.5736735e+00
  9.7268085e+00
  4.2885680e+00
 -3.3137527e+00
  9.7517052e+00
  5.2752600e+00
 -6.8152819e+00
 -8.4979925e+00
 -9.1839256e+00
 -5.0343442e+00
 -2.5402486e+00
 -7.8464646e+00
 -2.0329993e+00
  2.0174878e+00
 -6.0401344e+00
  3.8322029e+00
  7.8642292e+00
  1.0112086e+01
 -3.4383564e+00
 -3.6037207e+00
  2.4882195e+00
  1.0826474e+00
  4.1049080e+00
 -2.2625151e+00
  4.3404564e-01
  1.1167942e+00
  3.0244131e+00
 -1.9656930e+00
  1.5166043e+01
  2.8057404e+00
 -1.4720515e+00
  1.2903599e+00
 -6.6904078e+00
  2.8057964e+00
 -2.8118696e+00
 -2.5249958e-01
 -3.0957735e+00
  5.6085211e-01
  2.5730731e+00
  3.4894183e+00
  9.2764258e-01
  1.4631211e+00
  2.8962858e+00
  2.6426764e+00
  5.1403217e+00
  1.7836798e+00
 -3.4325423e+00
 -6.4729295e+00
 -7.2613370e-01
  2.1334813e+00
 -4.7854981e+00
 -3.2179317e+00
  4.1745033e+00
 -2.7760231e+00
 -1.7181027e-01
  9.3651450e-01
  1.8951987e+00
 -4.7654352e+00
 -2.5882215e+00
 -1.3491973e+00
  6.6536915e-01
 -3.3823252e-02
  2.1166489e+00
  2.7389235e+00
 -6.6532593e+00
 -6.0880339e-01
  9.9879056e-03
  4.5700030e+00
 -3.2260408e+00
 -1.3374739e+00
  8.9384260e+00
 -9.4099016e+00
 -1.3490037e+00
 -8.7913865e-01
  4.2279536e-01
  5.3116002e+00
  1.1685344e+00
  1.2404437e+01
 -8.0821447e+00
 -6.7995243e+00
 -5.3998227e+00
  3.6627793e+00
 -3.6605821e+00
  1.9906623e+00
  1.7708387e+00
  4.7335753e+00
 -2.1479785e+00
 -6.8109542e-01
 -2.9975526e+00
  1.4236967e-01
 -8.3512926e-01
 -4.3978848e+00
  4.7955189e+00
  4.1618958e-02
 -2.0996914e-03
  6.4204156e-01
  2.4394184e-01
 -7.6770711e-01
  1.8496234e+00
  3.1059522e-02
 -5.7773857e+00
 -1.9445540e-01
 -2.0179324e+00
 -3.4718604e+00
  3.3111413e+00
  7.2342014e+00
 -3.9529574e-01
 -2.9243472e+00
  5.9920564e+00
 -3.8992074e+00
 -4.1154292e-01
  1.8116045e+00
 -9.0126121e-01
 -8.5877591e-01
  2.1724954e+00
  1.9506607e+00
 -1.4377056e+00
  3.0037425e+00
 -3.9774654e+00
  2.8398890e+00
  8.2222611e-02
  2.6098921e+00
 -4.9880843e+00
  1.4661586e-01
 -1.1979398e+01
  3.5146824e-01
  5.6642766e+00
  8.5889626e+00
 -9.8287020e+00
 -2.6875591e+00
  1.4764021e+01
  7.5619853e-01
 -4.6198769e+00
 -1.4703776e+00
 -8.4473877e+00
  5.0051045e+00
 -9.8544350e+00
 -6.3399777e+00
 -2.6983926e+00
  4.1134322e-01
 -2.4768152e+00
  2.8902876e+00
  2.1938848e+00
  5.6849825e-01
 -7.1508622e-01
 -6.3306732e+00
  4.7583637e+00
  5.8209438e+00
  3.8300020e-01
 -2.5986934e+00
 -2.2263384e+00
 -8.2098589e+00
  2.1152015e+00
  2.8022408e+00
  3.6788847e+00
  2.0899119e+00
 -1.8750229e+01
 -5.3694122e-02
  7.1440077e+00
  8.6314023e-02
  3.4154744e+00
  3.5224862e+00
  6.5328999e+00
 -2.0666871e+00
  4.1967416e+00
 -4.3525407e-01
  1.4686938e+01
  8.2708206e+00
  5.8505516e+00
  3.4454284e+00
 -2.8506118e-01
  1.0279422e+01
 -2.6389613e+00
 -2.7624863e-01
  5.7838047e-01
  3.0719817e+00
  2.5642972e+00
  6.4806700e+00
 -1.5416721e-01
 -1.1034115e+01
 -6.0420595e-02
  3.0377541e+00
  1.5408247e+01
  2.4780931e+00
  9.7568827e+00
  1.4220699e+00
 -6.3377342e+00
  1.4331847e+00
  3.6625972e-01
 -1.1137160e+00
 -4.9240813e+00
  2.9697185e+00
 -1.3618239e+00
 -1.3923167e+00
 -7.9759283e+00
 -2.0249357e+00
  1.3201288e+01
  1.0052748e+00
 -7.6297516e-01
  4.5701156e+00
  6.6796303e+00
  8.6287889e+00
 -4.6724224e+00
 -8.7392873e-01
  4.5037265e+00
  2.2426741e+00
 -8.7301570e-01
  5.4614701e+00
  8.1863556e+00
  1.8959852e+00
 -4.9819446e+00
  1.5533191e+00
  6.6093106e+00
 -5.8722391e+00
  2.2418852e+00
 -8.6397467e+00
  1.7010664e+00
  7.9102335e+00
 -1.4746382e+00
  2.2571893e+00
  4.8832588e+00
  1.4369084e+01
 -2.0427611e+00
 -2.6243594e+00
 -8.7014933e+00
 -1.7061942e+00
 -5.9485447e-01
  3.8783460e+00
  6.0380630e+00
 -1.1307943e+00
  6.8973436e+00
  4.7269650e+00
  1.2678720e+00
 -2.0063028e+00
  3.6698027e+00
  1.4898461e+00
  1.6572499e+00
 -1.0906482e+00
  2.9051423e-01
  7.1552700e-01
 -5.8811139e-02
 -9.0087488e-02
 -9.1150802e-01
  3.1225017e-01
  7.1661031e-01
 -7.4447453e-01
 -6.5825325e-01
 -1.2340384e+00
  1.4808279e+00
 -2.3188865e+00
  4.2223015e-01
  1.9670827e+00
 -1.0713230e+00
 -1.3081543e-01
  5.8226828e-02
  1.1435357e+00
 -1.2626648e+00
 -7.0479542e-01
 -2.0409572e+00
  4.5991635e-01
 -1.2685889e+00
 -8.2280844e-01
  1.8860840e+00
 -4.1289198e-01
  4.8091397e+00
 -1.7818148e+00
 -2.4141321e+00
 -5.7177792e+00
 -2.6779265e+00
  4.1369166e+00
 -7.3928046e+00
  1.8731035e+00
  9.5631653e-01
 -3.4276032e+00
 -1.6868908e+00
 -9.5121324e-01
  9.9667054e-01
 -5.2076707e+00
 -2.3461225e+00
  1.6827362e+00
 -1.4039556e+00
 -5.2734399e+00
  1.2410261e-01
  9.9364586e-02
  2.3729541e+00
 -2.6666515e+00
  2.4607615e+00
  2.0991356e+00
 -4.8184422e-01
 -9.3030125e-01
 -1.1781069e+00
 -8.1307387e-01
 -1.2125731e+00
 -1.0546542e+00
 -3.0531299e+00
 -8.7543517e-01
  4.5811728e-01
  4.4571340e-01
 -8.1173319e-01
  7.0089839e-02
 -9.6744413e+00
  2.0097032e+00
  3.4845181e+00
  4.4716376e-01
  1.5042758e+00
 -5.0058788e-01
  4.7498050e+00
 -6.0602565e+00
 -1.4326630e+00
  3.1997674e+00
 -2.9355330e+00
  2.0289884e+00
 -5.6601329e+00
  5.5125675e+00
 -8.7772427e+00
 -6.1274905e+00
 -3.2874570e+00
  2.5704896e+00
  2.8132412e+00
  1.9426192e+00
  1.6635994e+00
 -6.3048334e+00
 -1.4083653e+01
 -4.5600612e-02
  3.4442406e+00
 -7.1068633e-01
  5.2639899e+00
 -1.6426518e+00
  2.0650099e+01
 -3.3563774e+00
 -3.5008605e+00
 -2.7932382e+00
  6.4051366e+00
  1.7818948e+00
 -9.3790752e-01
  5.8092175e+00
 -2.1042690e+01
  3.6352723e+00
 -1.6488874e+00
 -7.8905731e-01
 -2.6435413e+00
  1.0181866e+00
  1.8237199e+00
 -1.0324538e+00
 -1.9392312e+00
 -2.5504458e-01
  3.6255154e-01
  3.6593611e+00
  1.5628610e+00
  2.1594033e+00
 -3.5160084e+00
 -2.2558053e-01
  3.3547022e+00
 -3.9642780e+00
  1.7559590e+00
 -1.4169501e+00
 -9.4065971e+00
 -2.1998861e+00
  2.3488228e+00
 -3.7086425e+00
 -4.1950554e-01
  3.2696936e+00
 -3.3521416e+00
 -6.7628694e+00
 -2.2950637e+00
 -7.9490414e+00
  7.7666157e-01
 -7.5895138e+00
  1.7511028e+00
  6.6313214e+00
 -1.6791886e+00
  6.6169560e-01
 -1.5001406e+01
 -1.2826548e+01
 -4.2266679e+00
  4.9304132e+00
  5.2597313e+00
 -7.6912302e-01
 -2.0073240e+00
  7.0005469e+00
  4.3885562e-01
 -2.4284599e+00
  1.3098387e+00
  5.8678398e+00
  5.3807006e+00
  1.0577031e+00
  1.8598012e+00
  2.5253768e+00
 -3.6880546e+00
  2.2022815e+00
  2.4406273e+00
 -2.3202345e+00
 -2.7583518e+00
  1.1332092e+00
  5.1386304e+00
 -6.1847681e-01
  3.2526951e+00
  1.5927368e+00
  2.9608619e+00
  1.2976129e+00
  4.5933242e+00
  3.5865119e+00
  2.9568846e+00
 -3.8088398e+00
  3.8198519e-01
 -9.1589779e-01
 -2.5111165e+00
  4.8173485e+00
  4.7903891e+00
  2.3442361e+00
  5.5764139e-01
  1.6914383e+00
 -3.4992042e+00
  2.0788124e-01
  5.3119059e+00
  4.5698543e+00
  2.0720012e+00
 -2.5629363e+00
  7.8307123e+00
 -3.6723709e+00
  3.8296061e+00
 -2.0363715e-01
  5.2750677e-01
 -1.7288567e+00
 -1.6558558e+00
  4.1143837e+00
 -1.3589404e+00
  3.9600393e-01
 -3.9551692e+00
 -8.3843012e+00
 -2.0030434e+01
 -5.5473971e+00
 -4.2634167e-02
  4.1986766e+00
 -4.0638614e+00
 -5.1660772e-02
  1.6713092e+00
 -3.1243851e+00
 -5.9008700e-01
 -7.8324065e+00
 -5.2679090e+00
 -1.0198578e+01
  1.7750267e+00
 -4.9179535e+00
 -4.7954184e-01
  8.3438590e-02
 -2.5193963e+00
  5.1150451e+00
  1.1562523e+00
 -9.6050465e-01
 -8.4610548e+00
  1.1865132e-01
 -2.1975236e+00
  4.5298905e+00
  3.1730089e+00
 -4.6949844e+00
  5.8458632e-01
  2.7658989e+00
  2.3424072e+00
  1.3732489e+01
 -5.3603816e+00
  7.9741919e-01
 -8.1317530e+00
 -1.1521672e-01
  2.7640088e+00
  8.7882767e+00
 -8.7074080e+00
  9.9163592e-01
  6.4205756e+00
 -1.0553576e+01
  6.9650717e+00
  9.1382141e+00
  3.0624874e+00
  1.1247137e+00
  1.6635834e+01
  2.5917449e+00
 -2.3972816e+00
 -9.6643037e-01
 -4.7055321e+00
 -4.9501905e+00
 -3.6943524e+00
 -4.8840032e+00
  2.8134446e+00
  3.3236728e+00
 -6.4761343e+00
 -1.1255114e+00
 -1.0027866e+01
 -5.5671382e-01
 -9.5638716e-01
  7.1987098e-01
  8.0951138e+00
 -4.6869035e+00
 -3.2355165e+00
 -3.4424322e+00
  4.1172700e+00
  1.5113874e-01
 -1.8520346e+00
  3.3333645e+00
  1.6297970e+00
  1.5813076e-01
  1.9145960e+00
 -1.4308249e+00
  3.6624556e+00
 -3.6173737e+00
  1.2274185e-01
  3.0252774e+00
  5.3263240e+00
  6.3541989e+00
  5.8630924e+00
  3.5693359e+00
 -5.4209971e+00
 -4.7406263e+00
 -1.1113031e+01
 -1.6019191e-01
  3.3457234e+00
 -7.3318385e-02
  3.8298085e+00
 -2.6014159e+00
 -7.2636218e+00
 -4.6481466e+00
  2.1351936e+00
  1.5487773e+00
 -3.2284033e+00
 -5.8811846e+00
  1.1339843e+00
 -5.3104224e+00
 -1.9838524e+00
  3.3218672e+00
  3.2116032e+00
 -6.2099438e+00
 -8.2296505e+00
  1.6199572e+00
  5.9378701e-01
  1.6951632e+00
  1.0202709e+00
  4.9845880e-01
  6.0938501e-01
  3.2800877e+00
 -3.3662865e+00
 -6.2744002e+00
  1.9025749e+00
 -7.0133147e+00
 -3.5629768e+00
 -3.9822388e-01
  1.4484906e+00
 -4.9900424e-01
 -1.0755135e+00
  4.1302824e+00
  1.8349521e+00
  9.6007210e-01
 -1.3699129e+00
 -3.0575972e+00
 -3.6317494e+00
 -3.0187960e+00
  2.5054317e+00
 -2.5567129e-01
 -2.3950477e-01
  3.5554655e+00
 -1.7066258e+00
  1.4274855e+00
  4.1343789e+00
 -3.3258435e-01
 -5.1400843e+00
  6.3846409e-01
  9.1527958e+00
 -4.7380546e-01
  2.9579225e+00
  4.0743155e+00
 -4.4981235e-01
 -2.2589786e+00
 -1.5177324e-01
  5.8010812e+00
  3.7361297e-01
 -1.1351822e-01
  3.5978713e+00
  5.3602033e+00
 -2.9797509e+00
  5.0776739e+00
  9.1296506e-01
 -9.4125938e-01
 -7.9533052e-01
 -3.4325178e+00
 -8.4321489e+00
 -2.2060068e+00
 -3.3181357e+00
  4.5307412e+00
  2.9551806e+00
  3.1800458e+00
  1.0913906e+01
 -9.7287865e+00
  1.4126920e+00
  4.1023030e+00
 -3.3773851e+00
  5.6463504e+00
  2.5397396e+00
 -7.4608803e+00
  1.7336249e+00
  2.8300744e-01
  6.0044813e-01
  2.4173207e+00
  2.9166713e+00
  3.5328708e+00
  4.3594055e+00
  1.4821643e-01
 -2.1948865e-01
  9.0790653e+00
  1.8027942e-01
  2.9751790e+00
 -2.8069172e+00
 -3.9745378e-01
  1.9223423e+00
  1.0786804e+00
  4.6814233e-01
  6.9707251e+00
 -3.6764429e+00
 -4.6905789e+00
  3.6560857e+00
 -6.8574276e+00
 -7.7018887e-01
 -2.9396048e+00
 -1.5297015e+00
 -9.4232664e+00
 -3.3753843e+00
  1.0848542e+00
  7.7127132e+00
 -7.0154645e-02
 -1.2338147e+00
 -7.2827774e-01
 -6.1139803e+00
 -9.7291499e-01
  7.9771962e+00
 -4.1826868e+00
  2.1062882e+00
  1.5026166e+00
 -9.1318762e-01
 -5.0318375e+00
  1.0453459e+01
 -7.2932458e-01
 -2.7132993e+00
 -1.4633279e+00
  6.4492440e-01
 -4.9753466e+00
 -1.3159788e-01
 -1.0500409e+01
  3.1503890e+00
  5.3242474e+00
 -2.7527936e+00
 -8.7714249e-01
  3.1239045e+00
 -2.2488899e+00
 -3.3364675e+00
  2.6548538e-01
  1.1287534e+00
  3.9379680e+00
 -3.7843783e+00
 -1.1022371e+00
  5.5327201e+00
  7.3097056e-01
 -6.3143820e-01
 -8.2129288e+00
 -5.5491114e+00
  3.9551110e+00
  3.2549572e+00
 -1.7078817e+00
 -3.9850156e+00
  2.0871463e+00
  1.7482487e+00
 -9.0910417e-01
 -3.9380677e+00
 -3.0686927e+00
 -2.6449583e+00
  1.3340329e+00
  1.9684030e+00
  5.2427320e+00
  2.0560464e-01
  9.5724088e-01
  1.2437369e+00
 -2.3806417e-01
 -1.4063600e+01
 -7.7526021e+00
 -1.1142846e+00
  1.1787250e+00
  4.5138698e+00
  5.7479131e-01
  2.9015145e+00
  7.2947869e+00
  3.4470338e-01
  3.3156221e+00
 -2.1108329e-02
 -1.1260124e+00
  8.8808995e-01
 -2.8926668e+00
  2.4578671e+00
 -2.9938042e+00
 -4.1078238e+00
 -2.6206083e+00
  7.9108009e+00
 -3.8889332e+00
  8.5611962e-02
 -3.6686075e+00
  8.1171522e+00
 -4.8793211e+00
 -1.1441816e+01
 -1.4305596e+00
 -1.4453400e-02
 -4.8452497e+00
  1.5508063e+00
 -5.0965147e+00
 -1.2000419e+01
 -1.6444950e+00
  3.7067697e+00
 -7.1853309e+00
 -7.8554735e+00
  2.8941801e+00
  8.3238001e+00
  1.1105345e+00
  1.7483301e+00
  1.5310196e+00
 -1.3838044e+00
  4.2062697e+00
 -1.2674608e+00
 -2.7971745e+00
  1.0130892e+01
 -4.1563902e+00
 -6.2217679e+00
  3.5555210e+00
 -2.6179862e+00
 -9.6133208e-01
 -4.4235673e+00
 -1.0302080e+00
 -6.2315512e+00
  6.0123177e+00
 -2.3754415e-01
 -2.8606718e+00
  1.6069178e+01
  2.8867438e+00
 -6.2440138e-02
  1.7611740e+01
  9.6626062e+00
 -7.9003148e+00
 -1.4520484e+00
 -4.5525575e+00
  2.1425631e+00
 -1.1803743e+00
  6.4878783e+00
 -3.4698588e-01
 -8.4697189e+00
  2.5994236e-02
 -5.9866042e+00
 -3.7964797e+00
 -1.1120936e+00
  3.7379193e+00
  4.9639067e-01
 -7.9442558e+00
 -1.2265836e+00
  1.5430233e+00
  1.3873725e+00
 -1.7541935e+01
  2.2180767e+00
  2.2014084e+01
 -1.2757479e+01
  1.5132703e-01
  8.9179522e-01
 -1.1498625e+00
 -1.3366889e+01
 -1.1582969e+01
 -9.2484021e-01
 -3.2414415e+00
  3.9287555e-01
  3.4163389e+00
  3.6906435e+00
  4.6517733e-01
 -1.9639494e+00
  1.7709961e+00
  1.2205014e+01
  1.1487538e+01
 -4.7187309e+00
 -1.3442104e+00
  6.2500417e-01
 -2.7366533e+00
  4.2936735e+00
  2.3974633e+00
  3.5682272e-02
  3.2530622e+00
  3.8468406e+00
  1.5773523e+00
  6.8459573e+00
 -2.1356645e+00
  1.8179743e+00
  5.9868350e+00
 -5.2990284e+00
  5.4227245e-01
  3.8995450e+00
  5.9170151e+00
  6.1570150e-01
  2.1071489e+00
 -2.4541841e+00
 -3.1284275e+00
 -2.6366882e+00
  6.0467690e-01
  1.1461895e+00
  3.3119824e+00
 -2.4226596e+00
 -5.1023340e-01
 -7.1860343e-01
  1.9611071e+00
  1.7621171e+00
  1.6412705e-01
 -1.6482126e+00
 -3.0876701e+00
  7.2918528e-01
  4.7244105e-01
 -8.8170223e+00
  9.6624517e-01
  2.0835640e+00
  3.7547207e-01
 -3.6942739e+00
 -8.4740534e+00
 -3.7742457e+00
  3.2994475e+00
  4.2952080e+00
  2.4222460e+00
 -1.1523283e-01
 -6.5869963e-01
 -1.0051817e+01
  9.5181608e+00
  4.5600557e+00
 -2.5005229e+00
  1.0755663e+00
  2.6079905e+00
  5.8137661e-01
  3.9497933e+00
  7.9393530e+00
  3.0010591e+00
 -8.7126169e+00
  2.9450769e+00
 -2.5625122e+00
 -1.6183523e+01
  1.1846312e+01
 -8.5560894e+00
 -9.3243659e-01
 -5.6578083e+00
 -5.1361184e+00
 -3.2232647e+00
  3.0270324e+00
  3.1185379e+00
 -8.7639531e-03
  6.3189063e+00
 -2.2771399e-01
 -8.8177997e-01
  3.1204581e+00
  5.4071391e-01
  6.6653985e-01
 -1.4113301e+00
  7.1180290e-01
  2.0844686e+00
  1.3267717e+01
 -4.1975861e+00
 -2.8506107e+00
 -1.1812595e+01
 -1.0451155e+01
 -8.7243567e+00
  2.7877409e+00
 -6.9852080e+00
 -1.7423454e+01
  7.5389564e-01
  1.9611708e+01
  5.6454325e+00
 -8.3463341e-01
  2.3761852e+00
 -1.3063065e+00
  1.2729036e+01
  3.3466275e+00
 -6.7163956e-01
 -7.8081705e-02
 -2.6333010e+00
 -1.2508691e+01
 -2.0916283e+00
  6.4196154e-02
 -3.5632403e+00
  2.1174600e+00
 -3.1924775e+00
 -3.5351367e+00
  5.0185690e+00
  2.2788193e+00
 -1.8827899e+00
 -5.8881431e+00
  1.8311353e+00
  3.4785852e+00
 -8.8009539e+00
  1.2141320e+01
 -7.7112609e-01
  4.3587670e+00
 -7.5801263e+00
  8.3992443e+00
  1.4760798e+00
 -1.8664027e+00
 -7.4508986e+00
 -1.4514927e+01
  2.2446065e+00
  1.0484952e+00
  2.9636998e+00
 -4.2060280e+00
 -3.6930132e+00
 -5.0508118e+00
  4.6135974e+00
 -1.3566896e+00
 -4.3553796e+00
  9.0265900e-01
  1.4258494e+00
 -6.2703782e-01
 -2.6993804e+00
  5.8901148e+00
 -6.3654429e-01
 -4.7126307e+00
 -5.7775259e+00
  9.3784225e-01
  1.1097969e+01
  5.5068064e-01
 -1.1719468e+00
 -1.0677466e+01
  3.9131255e+00
  3.5322485e+00
 -1.6360910e+01
  2.4866102e+00
  3.5923164e+00
  5.8994670e+00
 -3.2701080e+00
 -2.9578670e-03
 -9.2342348e+00
 -2.0525267e+01
 -1.7549534e+00
  3.7937367e+00
  1.5420811e+00
  6.7694869e+00
 -5.0748992e+00
 -5.9977728e-01
  3.5710795e+00
 -9.1334343e-01
 -4.5034957e-01
 -8.2562447e+00
  4.7761593e+00
 -7.3444366e-02
  3.5619402e+00
 -1.5010881e+00
  1.3859569e+00
 -6.8789997e+00
 -4.8410220e+00
 -1.5764850e+01
  1.0828282e+00
  1.1071422e+01
 -6.8630257e+00
  9.3096046e+00
  5.6106124e+00
 -9.5298481e+00
 -8.3459206e+00
  7.3202295e+00
 -8.3502769e+00
 -3.0286224e+00
  3.5224133e+00
  1.0382246e+01
  7.7537689e+00
 -1.1592297e-01
 -3.7043378e+00
 -7.0324020e+00
  1.6983711e+00
  1.5210072e+00
 -9.7224563e-01
  9.6813574e-02
  5.0773913e-01
  3.9757891e+00
  5.8638802e+00
  5.2931566e+00
  1.9861314e+00
 -8.6650839e+00
 -2.4034548e+00
 -2.9349937e+00
  2.0015283e+00
  4.9073558e+00
 -4.5763469e+00
  5.0319428e+00
  2.3935490e+00
  3.9185870e-01
 -2.6819148e+00
 -1.5810268e-01
 -7.8986025e+00
 -3.9521677e+00
 -9.5634813e+00
 -3.7493942e+00
 -1.1091573e+00
 -2.8823550e+00
 -1.9352081e+00
  5.4940562e+00
 -6.1475706e+00
  2.0365069e+00
  6.4202595e+00
  1.0827444e+01
 -1.3270380e+00
 -1.6166692e+00
 -9.6224505e-01
 -1.4470688e-01
 -3.3646226e+00
  1.4948943e+00
 -4.6466060e+00
 -8.6725178e+00
 -5.0370984e+00
  1.8917000e-01
 -8.8489313e+00
  5.5375271e+00
 -5.4682791e-01
 -5.7959189e+00
  3.6239367e+00
  5.0110812e+00
 -1.8296010e+00
  3.8526545e+00
 -1.0465207e+01
  7.5993915e+00
  4.5642223e+00
 -2.3767772e+00
  1.0338535e+00
 -4.2996244e+00
  2.9488337e+00
 -1.9698526e+00
 -1.4774110e+00
 -2.1590459e+00
 -2.6843214e+00
  7.7527280e+00
 -2.6459318e-01
  1.5020796e+00
 -4.4187307e+00
 -1.6585243e+01
 -7.7148304e+00
  1.6689278e+01
  1.1086786e+01
 -1.9111507e+00
 -2.5945332e+00
 -1.6687068e+00
 -2.8817735e+00
 -2.2471766e+00
 -2.8048580e+00
  8.2302982e-01
 -1.5324706e-01
  4.6735680e-01
 -1.0481239e+01
 -4.7114573e+00
  7.0856470e-01
 -9.7516708e+00
  5.3369279e+00
  3.2971015e+00
  1.8454337e+00
  4.7033210e+00
  2.3298805e+00
 -6.0548916e+00
  5.1144390e+00
  1.3136455e-01
 -4.8368282e+00
 -3.0152442e+00
 -1.5642052e+00
  6.1589174e+00
 -6.2459296e-01
 -4.5021877e+00
  4.2208123e+00
 -8.9904203e+00
 -2.9255166e+00
 -3.2042742e+00
  2.7749572e+00
  1.4158647e+00
  4.3002221e-01
  8.3998346e+00
 -6.4762944e-01
  5.1801305e+00
  4.1063018e+00
  3.4958956e+00
  2.6997271e+00
  8.5497751e+00
 -7.0653825e+00
  2.3663740e+00
  7.6743793e+00
 -2.7563298e-01
  1.8167926e+00
 -1.6987849e+00
 -1.8924267e+00
  3.9627485e+00
  3.4483049e+00
  3.2053712e-01
 -3.8070202e+00
  3.6803534e+00
 -2.9798145e+00
 -1.2773647e+00
 -2.4205129e+00
 -1.1725985e+00
  1.0638001e+01
 -1.8005062e+01
 -8.2187109e+00
  1.5179788e+00
 -2.3479021e+00
  9.5872183e+00
 -2.8980770e+00
  1.3370750e+01
  1.7506621e+00
  5.2702889e+00
 -1.2339398e+00
 -4.1350574e+00
  1.7366797e+00
 -4.2399201e+00
  7.0183307e-02
  3.9597077e+00
  2.4405434e+00
  1.2136686e+00
 -1.7600577e+00
  2.6971374e+00
  3.5806487e+00
 -2.7948077e+00
 -2.3496120e+00
  7.1652532e+00
 -1.1575076e+01
  5.1417494e+00
 -4.6090302e-01
  4.1984916e+00
 -8.0139059e-01
 -2.5123703e+00
 -1.9902152e+00
 -3.1542590e+00
 -5.6267419e+00
 -2.2958996e+00
  1.2904718e+00
  2.2768002e+00
 -6.3913121e+00
 -1.5341634e-01
 -5.6984913e-01
 -1.0950233e-01
  2.9213440e+00
 -1.8390005e+00
 -2.1449471e+00
 -3.1460541e-01
 -4.0817046e-01
  1.6308776e+00
  3.7413239e+00
  8.5544653e-02
 -4.3707600e+00
  5.3422279e+00
  2.2857187e+00
  1.2502601e+01
 -1.1527796e+00
 -8.0181055e+00
 -5.2571499e-01
 -1.7024324e+00
 -3.4101603e+00
 -5.1097016e+00
 -3.0915956e+00
 -2.3382733e+00
 -1.6450731e+00
 -2.5124159e+00
 -2.8353758e+00
  8.0775776e+00
  6.1941034e-01
  1.9338539e+00
 -1.5056195e+00
 -1.3844566e-01
 -2.3894508e-01
 -1.4011130e+00
  2.0245890e-01
  5.0620729e-01
  1.5385036e+00
 -9.7004360e-01
  1.4814273e+00
 -1.9639118e-01
  1.7029343e+00
  2.3423761e-01
 -2.4473403e+00
  3.1115568e-01
 -2.3409782e-03
 -7.0682484e-01
 -7.6831049e-01
 -1.2496749e-01
  3.8895577e-01
 -1.4813755e-01
  2.2476540e+00
 -1.7157133e+00
  1.3945924e+00
 -7.8296620e-01
 -1.4339321e+00
 -3.9087051e-01
 -4.3116406e-01
  4.4513483e+00
 -1.9753612e+00
  3.2771025e+00
 -1.6649886e+00
 -1.5631286e+00
 -1.3927815e+00
  1.0351762e+00
  5.5196342e+00
 -2.2081287e-01
  9.4802217e+00
 -9.7676378e-01
  2.6294658e+00
 -1.4804692e+00
 -7.5299925e-01
  2.6648896e+00
 -7.3918710e+00
  6.6779633e+00
  3.7775054e+00
 -1.3452797e+01
 -9.2438149e-01
  7.9351583e+00
  3.2336261e+00
 -4.4497016e-01
  1.1051577e+01
 -3.8843611e-01
 -4.7321734e+00
  4.4294931e-03
  2.7107871e+00
 -2.5826588e+00
 -8.1251488e+00
 -2.9820332e-01
  2.0277352e+00
  9.3120956e+00
  4.2150412e+00
  4.6259832e+00
 -2.8448913e+00
 -3.3746021e+00
 -1.8063281e+00
  2.0114954e+00
  6.2545767e+00
  1.4959425e+00
 -7.8416357e+00
  1.7773330e+00
  1.4533257e+00
  8.6579523e+00
 -1.2898259e+01
 -4.8327928e+00
 -3.7088292e+00
  2.9624903e+00
 -1.4351073e+01
  8.2789087e+00
 -1.4866252e+00
 -7.8025303e+00
 -4.0959001e+00
  4.4173474e+00
  1.9359758e+00
  4.0997977e+00
  3.5771847e+00
 -3.8545167e+00
  4.5239523e-01
  6.5378962e+00
  4.1459603e+00
 -8.4362907e+00
  6.4284034e+00
  1.0962295e+01
 -7.5538998e+00
 -1.0040011e+00
  1.9925884e+00
  1.2638128e+00
  9.1156893e+00
 -5.8905115e+00
  3.5684910e+00
  1.4622107e+00
 -1.3405403e+00
  1.7087871e+00
 -3.1210523e+00
  1.1275006e+01
  1.4568589e+00
 -3.4102156e+00
  4.5537682e+00
  5.5968227e+00
 -9.7285712e-01
 -6.1423774e+00
  1.8602638e+00
 -1.1661770e+01
  6.5344434e+00
 -8.5561152e+00
  3.0620179e-01
  3.5591428e+00
  2.3979309e+00
 -4.4520097e+00
 -3.5911243e+00
 -5.3470492e+00
 -8.6854780e-01
  3.6913011e+00
  8.3545856e+00
  5.6122417e+00
  2.2247038e+00
 -3.3239200e+00
  5.8951244e+00
 -9.7608204e+00
 -8.7740192e+00
 -5.4070888e+00
 -6.5062636e-01
  9.3150938e-01
 -6.8508387e-01
  1.0549992e+00
 -1.1594734e+00
  9.9477501e+00
  4.1059260e+00
  3.4099481e+00
 -6.3464828e+00
  1.2932122e+01
  1.6384768e+00
  7.3629875e+00
 -7.4162560e+00
 -1.5176853e+00
 -1.6374458e+00
 -2.7100811e+00
  1.2862942e+01
 -1.5667142e+00
  3.3181114e+00
 -1.7917196e+00
 -1.3737697e+01
  1.4702698e+00
 -6.4486432e+00
  1.2148241e+00
  8.8541394e-01
 -3.7294230e+00
  1.7996501e+00
 -2.5165966e+00
 -1.8840739e+00
 -1.6070435e+00
 -3.9979486e+00
  6.2808461e+00
  1.2030921e+00
  7.3790568e-01
  3.0739386e+00
  3.1164734e+00
 -2.3591790e+00
 -1.6255105e+00
 -1.6660084e+01
  1.1403860e+01
 -2.0521931e+01
 -3.3260908e+00
  1.0822846e+01
  2.2036376e+00
 -1.0205294e+01
  1.1142374e+00
  4.0563421e+00
  8.4725350e-01
 -7.9577532e+00
 -1.0499039e+01
  1.2568508e+01
  1.5495198e+00
 -4.9990517e-01
  1.3266824e+00
 -7.2909150e+00
 -2.4360673e+00
  9.9052401e+00
  4.9410319e-01
 -3.9545064e+00
 -5.9796983e-01
  3.4235150e-01
 -7.5265579e+00
 -3.2798862e-01
 -5.5537957e-01
 -8.1448364e-01
 -4.7277369e+00
  8.3234959e+00
  1.0571879e+01
 -7.3998151e+00
 -4.8775148e+00
 -1.9374946e+00
  9.0393944e+00
 -4.3729091e+00
  7.9407492e+00
  1.3606730e+01
 -3.5074685e+00
 -1.0411944e+01
 -8.0821238e+00
 -5.8320069e+00
  5.4870486e-02
  4.9026537e+00
 -3.7174296e+00
 -8.8423038e-01
 -9.4658756e+00
  2.2057925e-01
  9.3111715e+00
  1.4782940e-01
 -2.7519484e+00
  4.3846769e+00
  7.2391419e+00
 -2.5063497e-03
  1.5740194e+00
 -7.0276070e+00
  5.0693834e-01
  8.9891567e+00
  1.3498857e+01
  7.0700135e+00
  5.0245061e+00
  7.3724008e+00
  3.0326869e+00
 -6.4457426e+00
 -1.0423293e+01
  1.0916393e+00
  2.1360574e+00
 -2.0857215e+00
 -7.4569565e-01
  1.6683195e+01
 -1.2161194e+01
  2.4857025e+00
  1.3537654e+01
  1.8170933e-01
  2.0228384e+00
  4.3165274e+00
  6.6727467e+00
  8.6806434e-01
 -8.5017568e-01
 -8.7953162e-01
 -8.4166355e+00
  1.2047894e-01
 -2.6202955e+00
  9.7416914e-01
 -4.2816625e+00
  1.6381663e+00
  8.0498528e-01
 -2.8826127e+00
 -2.7831511e+00
 -1.1069564e+00
 -3.2327037e-02
  3.1828587e+00
  2.1151557e+00
  2.1338587e+00
  1.7830240e+00
  7.5358086e+00
  1.2278405e+00
 -4.0582776e+00
 -1.0600940e+00
  3.5414052e+00
  6.2935805e-01
  3.1905034e-01
 -5.7384748e+00
 -5.0555186e+00
 -4.4833302e+00
  3.5545702e+00
  6.1969405e-01
  6.3390932e+00
  4.9457288e+00
  2.1955733e+00
 -5.2132921e+00
 -3.5957580e+00
 -9.1211100e+00
 -1.4576862e+00
 -8.7807474e+00
  1.3965878e+00
  5.6288366e+00
  1.7788628e+01
  7.4992776e-01
  2.7359934e+00
 -6.3103695e+00
 -2.0013315e+01
  6.3869252e+00
 -2.7919576e-01
 -6.3365645e+00
  2.6138878e+00
  1.6307515e-01
  5.1154132e+00
 -1.1099930e+01
 -9.8009872e+00
 -1.3308852e+01
  1.7187965e-01
 -7.7739859e-01
 -5.1494918e+00
 -2.9654837e+00
 -4.6179409e+00
  8.9596850e-01
  2.3423181e+00
 -1.7440253e+00
  2.1253295e+00
  1.6954710e+00
  7.3997159e+00
  1.5547645e+00
 -1.0691940e+00
 -2.3945136e-01
 -2.6484091e+00
 -4.3032451e+00
 -2.7416947e+00
  3.3646190e+00
 -3.6769705e+00
 -1.1181490e+00
  2.4899082e+00
 -2.4344137e+00
  7.8859143e+00
 -5.8018613e+00
 -3.2753072e+00
  3.7242641e+00
  5.5510478e+00
 -5.3848119e+00
  3.3872023e+00
 -1.0949891e+00
  6.6504741e-01
 -2.6261133e-01
  6.0852629e-01
  1.9609207e+00
 -6.2006073e+00
 -5.6393228e+00
 -3.6968108e-02
  1.6722611e+00
 -1.5377553e+00
  1.5058680e+00
 -3.2930195e-01
  1.5739540e+00
 -4.7637119e+00
 -9.8917788e-01
 -7.3901887e+00
  1.0537354e+01
  2.2649717e+00
 -1.3521256e+00
  2.1069865e+00
  3.1578555e+00
  1.8452942e+00
 -2.3702379e-01
 -1.7213633e+00
  6.1915791e-01
 -4.3077717e+00
 -1.7018123e+00
  4.8308315e+00
  7.8353918e-01
 -1.3489138e+00
 -5.0601983e-01
  4.7995800e-01
  1.0419493e+00
  9.0354270e-01
  2.5213544e+00
  2.9473948e+00
 -4.3468884e-01
 -7.2477994e+00
  7.0440525e-01
 -9.9624366e-01
  4.5614343e+00
  9.3455619e-01
 -2.5832438e+00
  2.6577108e+00
 -3.3031669e+00
  3.4501162e+00
 -1.3208404e+00
  8.6680347e-01
 -1.7160256e+00
  5.7307248e+00
 -8.7284034e-01
  1.5504119e+00
  8.2998228e+00
  2.9250091e-01
 -5.7464232e+00
  1.5066947e+00
 -3.9630332e+00
  1.2696086e-01
 -7.5249257e+00
  2.4633510e+00
  3.7625492e+00
  8.3914080e+00
  2.3753874e+00
 -8.7821102e+00
 -1.8220460e+00
 -1.9396582e+01
 -2.3448205e+00
 -1.4231627e+00
  1.3069973e+00
  7.2801816e-01
 -1.0322957e+01
 -4.3534751e+00
  1.6104970e+00
 -3.3582108e+00
  7.5675764e+00
 -5.5445280e+00
 -4.6796179e+00
  3.0505128e+00
 -6.3810391e+00
  2.1968229e-01
  3.5276008e+00
 -8.5355949e-01
  5.2656865e+00
 -9.8984594e+00
 -7.2390642e+00
 -2.1152654e+00
 -4.2707264e-01
  1.8119188e-01
 -2.4258676e+00
  7.4500048e-01
 -2.9494211e-01
  4.6148953e+00
 -6.5775055e-01
  2.1872106e+00
 -1.0344844e+01
  1.7099379e+01
 -5.3281965e+00
 -1.2975591e+01
  2.5693941e+00
  5.0806980e+00
 -4.6405463e+00
  7.5195279e+00
  6.4177003e+00
 -5.6930900e-01
 -1.1254712e+01
 -2.0564947e+00
  1.1473979e-01
  7.1996784e+00
  1.7185115e+00
  2.4619830e+00
 -5.6242508e-01
  1.0696145e+00
 -8.3194981e+00
 -3.0829024e+00
  1.9491968e+00
  6.8673706e+00
  1.0365067e+01
  1.5806832e+00
 -7.2911158e+00
  1.0269579e+01
 -6.4810991e+00
 -2.1736200e+00
 -3.8707395e+00
 -6.0116906e+00
  1.3975800e+00
 -5.3252988e+00
  5.2786856e+00
 -1.1209471e+01
 -2.9192989e+00
 -5.7218432e+00
 -8.0543971e-01
  4.7388558e+00
  2.5900776e+00
 -2.3546407e+00
  7.4131709e-01
 -1.2780238e+00
  4.9464946e+00
  1.0978516e+00
 -1.7742738e-01
  6.3906372e-01
  2.2214971e+00
 -6.6222649e+00
 -4.9875197e+00
  1.6112829e+01
 -1.6310277e+00
 -6.7028246e+00
  2.5766811e-01
 -2.6803510e+00
 -1.4773087e-01
 -7.9960871e+00
  4.8048061e-01
  7.7763605e+00
  3.6529994e-01
 -5.0445666e+00
 -1.2875589e+00
  3.9738473e-02
  4.8366982e-02
  1.2919283e+00
 -1.7153833e+01
 -6.0560197e-01
  2.4290221e+00
  2.0202231e+00
 -1.2920607e+01
 -2.3579715e-01
 -2.2794278e+00
 -3.2711306e+00
 -1.6993747e+00
  8.0239433e-01
 -1.3432088e+00
 -1.5964807e+00
 -6.1655927e-01
  4.5850511e+00
 -7.0279360e-01
  3.5301082e+00
  4.9179163e+00
 -4.1692948e+00
  4.3327079e+00
 -4.4821858e+00
 -5.1986837e+00
 -2.6009284e-02
 -3.9051273e+00
  1.5610740e+00
  3.0969343e+00
 -9.7842522e-02
 -1.2874086e+00
  4.5570664e+00
  2.5230520e+00
  1.5116208e+00
  4.3704730e-01
 -3.1683178e+00
  8.5596240e-01
 -8.4830439e-01
  4.0225264e-01
  6.3022417e-01
  4.4826567e-01
  9.1310436e-01
 -2.0693216e-01
 -1.5041132e+00
 -8.0776036e-02
 -1.8261766e+00
  2.4914905e-01
  1.6508761e-01
  1.6396080e-01
 -7.4753189e-01
  1.2002867e-01
 -6.5839678e-01
 -3.9800042e-01
  2.3733139e+00
  5.2362931e-01
 -1.2979267e+00
  7.4797332e-01
  1.7407515e+00
 -6.1133939e-01
 -1.0333733e-01
  1.3359957e+00
  1.3461497e+00
 -2.4788943e-01
 -4.8536819e-01
  2.4638038e+00
  8.4548891e-01
  3.0476627e-01
 -3.1873283e+00
 -4.7738850e-02
  6.2263817e-01
  1.6279675e+00
 -2.1279499e-01
 -6.8969578e-01
 -6.6971791e-01
 -1.4010308e+00
  8.5428578e-01
  2.3897278e+00
 -9.1403180e-01
 -8.2236594e-01
 -5.7819366e-01
  7.0262396e-01
  4.0424514e-01
  2.3648544e-01
  4.1938466e-01
 -6.6920418e-01
 -1.5620233e+00
  2.1867138e-01
 -5.0821453e-01
 -2.6404944e-01
  2.9855672e-01
  2.2792269e-01
  1.1829866e+00
 -6.5102644e-02
 -7.2401762e-01
  2.2118306e+00
 -9.1621387e-01
  9.2362499e-01
 -8.6206362e-02
 -3.4573560e-03
  2.8699677e+00
  1.0285156e+00
 -3.8292116e-01
 -1.5586258e+00
 -2.2817283e+00
  1.0829463e+01
 -6.0104543e-01
 -2.5355384e+00
 -3.6994390e+00
  5.3436675e+00
  7.7756109e+00
  1.5671444e+00
 -3.5604072e+00
 -2.7795932e+00
  6.0595851e+00
  3.4731936e+00
 -2.1584642e+00
 -8.6294413e-01
 -6.6794600e+00
 -3.8789277e+00
 -3.3980229e+00
  1.9974222e+00
  1.4566407e-01
 -1.4611018e-01
 -6.7069316e+00
 -1.4790993e+00
  5.8479571e+00
 -8.6726886e-01
 -7.1511350e+00
  4.8542271e+00
  2.2552204e-01
  5.2745801e-01
 -5.2163396e+00
  3.9439425e+00
 -2.1272416e+00
 -2.5113454e+00
  7.1508999e+00
  9.5675206e-01
  4.4528446e+00
 -2.9601338e+00
  8.5267467e+00
 -3.1745324e+00
 -8.6496890e-01
 -6.8806109e+00
 -8.1345253e+00
 -7.2123680e+00
  3.9398401e+00
  2.5021253e+00
 -1.1760616e+00
 -5.2178311e-01
 -2.0925624e+00
  5.5188662e-01
  1.4001130e+00
  1.8149673e+00
 -4.4186059e-01
  5.3932900e+00
 -1.5321782e+00
 -1.2598999e+00
  1.9139088e+00
 -1.1105477e+00
 -2.8851848e+00
  2.7304611e+00
 -2.3452935e+00
  2.5037944e+00
 -1.2104540e+00
 -5.9232527e-01
  1.8491323e+00
  1.3585889e-01
  5.4283106e-01
  6.1339146e-01
  1.4430104e+00
 -4.6848941e+00
 -1.7807226e+00
  1.7142287e-01
  1.9849684e+00
  6.3655586e+00
 -2.0151634e+00
 -1.0594980e+00
 -4.6477032e+00
 -2.4079626e+00
  2.2849379e+00
  4.2876883e+00
  1.3314490e+01
 -8.0289860e+00
 -9.8778248e+00
 -4.6260139e-01
 -2.6725032e+00
  6.9223350e-01
 -1.6154529e+00
 -5.6721721e+00
 -3.9144273e+00
 -3.0944743e+00
  3.3958554e+00
  5.9111047e-01
  1.4466517e+00
  1.4423040e+01
  5.2601683e-01
  2.2667415e+00
  4.0446939e+00
  5.0653038e+00
  7.7905411e-01
 -1.1464381e+01
 -1.4030682e-01
  1.4818575e+00
 -5.0255608e-02
 -7.9233627e+00
 -5.6715469e+00
  1.2805451e+01
  1.4803718e+00
  5.9405274e+00
 -3.3094292e+00
 -3.7878726e+00
  1.7817372e+00
  3.7846534e+00
 -9.0999165e+00
  2.3780656e+00
  3.7946405e+00
 -5.4619508e+00
  3.9135077e+00
  2.3862950e-03
 -1.0165086e+00
  3.4113076e+00
  1.9529401e-01
  1.9238633e+00
  9.3117291e-01
 -2.8678010e+00
  5.6062007e+00
  1.4215332e+01
  1.5712937e+00
  8.9435887e-01
  8.2058859e+00
 -6.5877504e+00
  1.1053333e+01
  1.9840572e+00
  4.2773623e+00
 -3.8070083e+00
 -3.1652002e+00
  1.5067090e-01
  1.4743699e+00
  1.8562363e+01
  9.8661966e+00
 -2.5936229e+00
 -3.4082417e+00
 -3.2866647e+00
 -3.4988024e+00
 -1.1445643e+01
  1.5847844e+00
 -2.0307636e+00
 -4.4802432e+00
  5.5233288e+00
  1.4882092e+00
 -2.8999591e+00
 -4.9482554e-01
  2.4814826e-01
 -9.8334199e-01
 -9.6384156e-03
  6.1054903e-01
 -1.0650003e+00
 -1.1440614e+00
  1.3785436e+00
 -2.0810752e+00
  5.1590073e-01
 -3.6825445e-01
 -2.6517727e+00
  2.0126317e+00
 -1.3547419e-01
  5.6256515e-01
 -5.7782542e-02
 -1.4204943e-01
 -2.5100269e+00
  3.3805430e+00
 -3.2297409e+00
  7.5535804e-01
 -1.6278682e+00
 -2.0505385e+00
  3.1152565e+00
  2.4509037e+00
  6.3569498e-01
  1.8325981e+00
  5.1276594e-01
  4.2437783e-01
 -3.8746421e+00
 -2.4528952e+00
  1.1735672e+00
  1.2380083e+00
  1.3776016e+00
  2.9945626e+00
  7.6855235e-02
  2.8327376e-01
 -2.1014018e-01
 -5.9759917e+00
  2.5118911e+00
  4.8547155e-01
  1.3516524e+00
 -1.7540263e+00
  2.0983968e+00
 -1.8720219e+00
  1.5177376e+01
  6.1164975e+00
  1.8191598e-02
  6.0220447e+00
 -5.3071008e+00
 -8.9569038e-01
  4.2110295e+00
  1.2541600e+00
  5.9424543e+00
 -3.5528031e-01
 -3.4601686e+00
 -2.9106002e+00
  4.7545576e+00
 -4.0238080e+00
 -4.5971298e+00
 -2.5523000e+00
 -2.7107968e+00
 -4.8027635e+00
 -2.5505712e+00
 -2.1421385e+00
  2.1421859e-01
 -1.2217205e+01
  1.1349123e+01
 -2.3062594e+00
 -2.1682425e+00
  2.0804234e+00
  7.8948301e-01
  6.9199448e+00
  1.7929499e+00
  1.3992394e+00
 -7.2773275e+00
 -1.1159388e+01
 -8.2133788e-01
  1.1868368e+01
  3.4022027e-01
 -2.4622235e+00
 -1.4756813e+01
  8.9460735e+00
  1.1801846e+01
  7.4670279e-01
 -4.7036622e-02
  1.3651009e+00
 -2.0254445e+00
  3.8806553e+00
 -1.4150796e+00
 -5.6826630e+00
  5.4745871e-01
  4.3793254e+00
  8.6534810e-01
 -3.5842216e+00
 -9.0043557e-01
  5.4260391e-01
 -2.0237949e+00
 -3.2382226e+00
 -1.1687223e+00
 -4.0521183e+00
 -3.1423156e+00
 -1.7537138e+00
  9.9309433e-01
 -3.3818557e+00
 -1.1879027e+00
  3.4738288e+00
  1.8259810e+00
  5.4667048e+00
  1.9752715e+00
 -3.3064492e+00
 -1.1552684e+00
  1.0150236e+00
  1.3202880e+01
 -6.9521399e+00
  5.0195438e-01
 -1.6708933e+00
 -1.9519815e+00
  7.3192459e-01
 -5.3121991e+00
  4.0990472e+00
 -2.3217788e+00
 -6.9488859e-01
 -1.4506794e+00
  2.5285623e+00
 -3.5124364e+00
 -8.4364986e+00
  3.6215281e+00
  5.5303222e-01
  3.1720822e+00
 -8.2549925e+00
 -2.5890832e+00
  1.0406976e+01
  8.1511593e+00
 -9.7141256e+00
  1.2456495e+00
 -1.7871735e+00
  8.0393374e-01
 -1.4050683e+00
  3.4985054e-01
  5.7417598e+00
  1.6375978e+01
 -1.8722461e+00
 -3.0872738e-01
 -8.3551149e+00
  6.1894274e+00
 -1.1235436e+01
 -5.9566331e+00
 -3.1280956e+00
 -1.6550831e+00
  1.0695502e+00
  3.0134565e-01
 -6.1620302e+00
  1.9649942e+00
 -9.3869600e+00
  3.2782307e-01
 -1.7048647e-01
 -3.1172266e+00
  2.5245845e+00
  7.7857442e+00
  1.1689107e+01
 -9.7786341e+00
  3.4330969e+00
 -4.4902291e+00
  5.7126427e+00
  1.6829852e+00
  1.7488052e+00
  1.4917467e+00
  9.1692322e-01
 -4.6704016e+00
  2.6975782e+00
  5.2216482e+00
 -1.7853972e+00
 -3.3372178e+00
 -1.2119116e+01
  5.4962069e-01
 -2.3114564e+00
 -3.2415104e+00
 -2.5956964e+00
  5.5677943e+00
 -1.8860598e+01
 -4.6742535e+00
 -1.2899382e+01
 -9.8534899e+00
 -3.2151110e+00
  3.6702499e+00
  1.0279576e+00
  8.3989334e+00
  1.4958103e+01
  2.9142952e+00
  3.7545958e+00
  5.8618398e+00
  6.0125036e+00
 -4.4129815e+00
 -1.9354806e+00
  6.2758166e-01
  3.8353078e+00
  1.4966261e+00
  8.9066515e+00
  4.4030704e+00
 -6.5555677e+00
 -3.6039083e+00
 -9.2798500e+00
  2.8046451e+00
 -3.8402653e+00
  1.0915516e+01
  8.7652349e+00
  5.1276383e+00
  1.5380807e+00
 -1.3253635e+00
 -3.6301579e+00
  3.5066419e+00
  2.1249340e+00
 -2.0863793e+00
 -1.0527626e+00
  3.8189623e-01
  2.2297047e-01
  3.6258204e+00
 -1.0200901e+00
  2.5277793e+00
 -2.4930799e+00
  3.3388932e+00
  2.5429590e+00
  2.3698542e+00
 -3.3517075e+00
 -7.5997424e-01
  6.2769785e+00
  3.5068314e+00
  4.2410436e+00
 -2.5585372e+00
  2.5502825e+00
 -1.1867949e+01
 -4.0621409e+00
  7.3351011e+00
  2.6676660e+00
 -1.8975686e+00
  7.5291104e+00
  5.4889894e+00
  8.3458996e+00
  3.8115001e+00
  6.4735289e+00
  3.7992232e+00
 -1.0570614e+00
  5.1471028e+00
 -4.2247825e+00
 -4.6263280e+00
  1.5817841e+00
 -3.6474168e+00
 -5.4165435e+00
  1.9062598e+00
 -4.2661862e+00
 -9.7566795e-01
  6.0301423e-01
 -9.9242866e-01
  1.1898004e+00
 -9.0611339e-02
  3.0836196e+00
  6.2749511e-01
 -3.8713363e-01
 -2.3881116e+00
 -4.6454120e+00
  1.6386084e-01
  2.0883257e+00
 -2.6041741e+00
 -7.8985949e+00
  7.9122293e-01
  8.4828930e+00
 -4.4963274e+00
  3.4541507e+00
  1.4481858e+00
 -1.3198892e+00
 -6.2773280e+00
 -3.0233862e+00
  3.6422160e+00
 -9.3746346e-01
  3.7238417e+00
  5.3910118e-01
 -1.0143200e+00
 -6.7333260e+00
 -6.6136189e+00
 -9.7790897e-02
 -1.0320210e+01
 -6.8405896e-01
  9.4624996e-01
 -1.3301440e+00
  2.3741167e+00
 -2.3012342e+00
  7.6324838e-01
 -1.2294044e+01
 -1.2976825e+00
 -5.2429109e+00
 -1.6608175e+00
  5.4154053e+00
 -8.5575700e-01
  1.0915330e+01
 -2.0392935e+00
 -3.0833962e+00
 -3.2089439e-01
  4.4712858e+00
 -4.7078840e-02
  1.3845500e+00
  4.2745624e+00
  2.8967884e+00
  2.3720503e+01
  9.8846078e-01
 -8.1758487e-01
 -6.3843822e-01
 -2.2098166e-01
  3.8884225e-01
 -1.9296286e-01
 -1.0317440e-02
 -1.0768226e+00
 -1.7094891e+00
  4.0441081e-01
  8.0377406e-01
 -2.8195577e+00
 -4.0851578e-01
  2.6752298e+00
 -7.2620231e-01
 -1.3382643e+01
  7.5649345e-01
 -4.7177747e-01
 -3.6074474e+00
  4.4676542e+00
  2.8200839e+00
  4.5962352e-01
 -1.4219865e+01
 -2.2158818e+00
 -1.0213768e+00
 -3.1315560e+00
  3.8992815e+00
  1.6889925e+00
 -1.0027257e-01
 -2.0980017e+01
 -1.1566147e-01
  1.1754531e+00
 -9.5558434e+00
  4.0887365e+00
  3.9622986e+00
 -4.2060125e-01
 -3.3538696e+01
 -9.0223986e-01
 -4.6612597e-01
  7.9695061e-02
  2.7221003e+00
 -5.1386099e+00
  4.9184995e+00
 -2.2246834e+01
  7.5378079e+00
 -1.5256292e+01
  1.2943055e+01
  2.7945879e+00
  6.6399512e+00
  7.0942149e+00
  6.8505273e+00
 -7.2079887e+00
 -1.7259835e+00
 -2.8153044e-01
  3.3202150e-01
  1.1210909e+00
  1.0277402e+00
 -1.6285218e+00
  3.8244421e+00
  9.7382212e-01
  1.1702112e+00
 -2.7893960e-01
 -4.7918978e+00
 -6.8840623e-02
  1.9639715e+00
  4.6120271e-02
  1.4841759e+00
 -1.2561874e+00
  7.7049160e-01
  3.0211680e+00
 -5.8304095e+00
 -8.1891400e-01
 -5.7816237e-01
 -1.3033903e+00
 -2.6669946e-01
  5.4053559e+00
  7.1137233e+00
 -3.6936421e+00
 -5.4353209e+00
  1.1915152e+00
 -3.8433666e+00
  5.6208000e+00
  2.0070241e-01
  6.0555511e+00
 -1.2837890e+00
  1.1987042e+00
 -6.8933174e-02
 -2.8564167e+00
  2.7937980e+00
 -4.2440472e+00
 -7.5435085e+00
  2.9588320e+00
  6.1001915e-01
 -2.4083889e-01
  1.7799293e+00
  1.2064556e+00
 -5.4900007e+00
  1.3251507e+01
 -1.1906867e+01
 -3.3277091e-01
  2.3240154e+00
 -9.5433390e-01
  3.9626040e+00
  1.0647260e+01
 -1.3628138e+01
  1.5520941e+01
  1.2065327e+00
  4.2290030e+00
 -4.2503772e+00
 -2.5151706e+00
  3.8356905e+00
 -2.1968937e+00
 -1.8802209e-02
 -1.2001204e+01
  6.1179139e-02
  1.6400652e+00
 -4.6873860e+00
 -1.1908560e+00
  5.8321714e+00
  6.7024207e+00
  1.3154685e+00
 -6.4109045e-01
  3.5746770e+00
  1.2531907e+01
 -5.2104292e+00
 -8.1517041e-01
 -7.5732732e+00
 -5.7810146e-01
  8.4266014e+00
 -1.3383942e+00
  3.5560915e+00
 -1.2590412e+00
  3.9250476e+00
 -1.9034971e+00
  2.9955988e+00
  1.6424725e+00
 -2.9995337e+00
 -6.0215688e+00
 -9.1701756e+00
  1.3789059e+00
 -2.2039766e+00
 -5.7415581e+00
  5.9712076e+00
 -7.2209291e+00
  3.3123064e+00
 -1.0552833e+01
 -5.7371335e+00
 -6.1877103e+00
  6.9204557e-01
 -5.6498456e+00
 -3.7068532e+00
 -1.6867727e+00
 -9.5285326e-01
 -1.7868977e+00
  6.1055279e-01
 -1.1562425e+00
  3.5295937e+00
  1.2176869e+00
 -1.5178427e+00
 -7.7007103e-01
 -1.6447940e+00
  6.2609959e-01
 -9.0672123e-01
 -5.7470908e+00
  3.2665260e+00
 -2.3949041e+00
  2.5378261e+00
 -5.9755235e+00
  4.9940872e+00
 -1.0602077e+00
  6.3908525e+00
 -7.1463019e-01
  8.1124336e-01
 -6.7874398e+00
  9.6462345e-01
 -8.6405821e+00
 -3.2440042e+00
 -1.0562910e+00
  3.3954575e+00
 -5.8445163e+00
 -4.0311203e+00
  2.2802324e+00
 -6.9962916e+00
 -3.6952615e+00
  5.2348180e+00
 -6.9310646e+00
  1.1758764e+00
 -1.0671117e+01
  5.5440516e+00
 -1.2131958e+00
  2.3563145e-01
 -4.3741651e+00
  9.8181486e+00
 -1.8025721e+00
  3.3983104e+00
 -9.1534824e+00
  1.7689978e+01
 -1.3822592e-02
  3.6415398e-01
 -4.0500064e+00
  5.5695515e+00
 -2.7203033e+00
  9.3912268e+00
 -1.3252748e+01
  1.7291981e+00
 -3.3902915e+00
 -1.7141008e+00
  4.3145399e+00
  3.9493111e-01
  6.8990916e-01
  5.3289833e+00
  2.0945067e+00
  1.0835886e+00
 -1.5265515e+00
  5.9357774e-01
  6.8915612e-01
 -2.0567663e+00
 -1.1154603e+00
  9.2818272e-01
  1.2344041e+00
  1.8800094e+00
 -1.0491931e+00
 -5.8078642e+00
 -2.6772964e-01
 -8.7572163e-01
 -3.2367924e-01
  8.6961040e+00
  1.4746821e+00
 -2.2475462e+00
 -4.4972668e+00
 -3.8016231e+00
  5.4110246e+00
  5.3806585e-01
 -3.6024094e-01
  2.0156190e+00
 -5.8041067e+00
 -1.0316013e+01
  6.1793762e-01
  1.3640373e+01
 -1.0268520e+01
  3.3340654e+00
 -8.6566323e-01
  1.8011434e+00
  3.1704760e+00
 -4.2001019e+00
 -6.4172941e-01
  4.9659200e+00
 -1.1195121e+01
  2.2568512e+00
  1.9873322e+00
 -2.3554924e+00
 -3.1152177e+00
  1.8399787e+00
  2.2235122e+00
 -1.8787051e+00
 -9.3651348e-01
 -8.3074150e+00
  3.1819289e+00
  1.2378678e+01
  8.2255592e+00
  6.9932909e+00
  2.4834023e+00
  1.0988203e+01
 -1.2874839e+00
  1.5201645e-01
  6.7719513e-01
  1.3595872e+00
 -5.2852316e+00
 -1.5954213e+00
 -1.9945474e+00
  9.4233742e+00
  1.1489933e+00
  3.1297450e+00
 -5.0825915e+00
 -6.3946261e+00
  1.5416121e+00
 -1.0664439e+01
  1.9310719e+00
  1.1401695e+00
 -4.5903249e+00
 -7.9529428e+00
  7.3856258e-01
 -9.1256708e-01
  5.8917403e+00
  4.0252037e+00
 -6.8097806e+00
  8.6103601e+00
  3.3141465e+00
  5.1094639e-01
 -6.9335794e+00
 -3.6302328e+00
 -1.1193527e+00
  1.1737242e+01
  1.6410651e+00
  6.1876116e+00
 -2.9096489e+00
  5.6258931e+00
  8.5036640e+00
 -6.4085007e+00
 -6.3138704e+00
 -5.4843068e+00
  2.5472202e+00
  1.7888723e+01
 -1.4572208e+00
  4.9996967e+00
  3.5517673e+00
  1.2509542e+00
  7.3469753e+00
  9.4933224e-01
  3.4408019e+00
  2.2587073e+00
 -3.6739678e+00
 -1.1370924e+01
 -4.2605553e+00
  4.2145219e+00
  1.8445996e+00
 -3.1237783e+00
 -4.5657816e+00
 -4.1723676e+00
  1.6985489e+01
  2.5005054e+00
  1.3106239e+00
  5.9894724e+00
  1.8275738e+00
 -3.6752055e+00
  2.5688033e+00
  6.1161594e+00
 -1.4857821e+00
  3.6219269e-02
 -5.7754695e-01
 -7.1090932e+00
 -6.6998024e+00
  3.1695986e+00
 -3.2673020e+00
  6.3343805e-01
 -3.7800889e+00
  2.6890951e-01
  2.3368952e+00
  3.5783410e-02
  4.5482478e+00
 -1.3255291e+01
  1.1454316e+00
  5.7615485e+00
 -5.1085100e+00
 -4.0899558e+00
 -7.3428111e+00
 -2.2411959e+00
 -3.5187395e+00
 -3.8205988e+00
  2.7345829e+00
 -3.0150825e-01
  5.2931815e-01
  4.7783095e-01
 -2.7340808e+00
 -1.2860400e+01
  5.1588936e+00
 -3.1229481e-01
  6.8166614e-01
 -1.5932474e-01
 -2.6243520e+00
  3.4528472e+00
  2.2315497e+00
 -4.0018449e+00
  3.0219522e-01
 -4.9553509e+00
 -7.1472292e+00
  1.0266145e+00
  6.9885378e+00
 -3.5700643e+00
  5.0423760e+00
 -2.8101881e+00
  4.7679400e+00
  5.4121599e+00
 -8.1230478e+00
 -3.2751472e+00
  2.6878695e+00
  5.0026947e-01
 -1.8117477e+00
 -2.3665290e+00
  6.4776344e+00
 -3.7100291e+00
  1.2630187e+01
 -9.7915010e+00
 -3.4226968e+00
  1.5469872e+00
 -3.3468354e+00
  3.6613731e+00
 -7.8597732e+00
  4.8154159e+00
 -2.4714258e+00
  8.0445147e+00
 -2.6008190e+01
  1.9362701e+00
 -4.3299575e+00
 -2.6743605e+00
  4.2483759e+00
 -2.1853113e+00
 -6.5812106e+00
 -2.2524712e+00
  6.2631755e+00
 -4.0761719e+00
  7.2849441e+00
 -4.8070045e+00
 -1.2087935e+00
 -1.8696941e+00
 -3.7359726e+00
 -9.5791588e+00
 -1.3967149e+01
 -5.5328041e-01
 -3.6288412e+00
 -6.6290152e-01
  1.1433071e+00
 -1.0842295e+00
 -9.1818631e-01
  2.6475809e+00
 -9.8787814e-01
 -3.1893630e+00
  1.7037784e-01
  5.7546645e-01
  3.5290475e+00
  4.9037445e-01
 -1.5166390e+00
  2.6443496e+00
  1.3770974e+01
 -4.0274942e-01
  1.0588576e+00
  2.1762838e+00
 -3.9049416e+00
  7.1379220e-01
  2.4677126e+00
  1.3591270e+01
 -2.8603063e+00
  3.9535196e+00
  2.5656803e+01
  8.7946587e+00
 -4.1706805e+00
  1.3040698e+00
 -3.7156615e-01
  4.7600260e+00
 -2.9079566e+00
  8.9337654e+00
  1.8479183e+01
 -2.8739960e+00
  8.7647039e-01
  7.0197502e+01
 -1.6273524e+00
  1.1914574e+01
  2.0868206e+00
  5.3053150e+00
 -4.9869785e+00
 -7.0587927e-01
 -1.1288243e+01
 -1.7623856e+00
  5.8250999e+00
  3.0479062e+00
  3.4221663e+00
 -9.9778833e+00
 -3.8534191e-01
  1.8272572e+00
  4.4325218e+00
 -1.4757193e+00
 -1.1631657e+00
 -1.0117389e+00
  2.5582656e-02
  2.3558447e-01
 -5.1515359e-01
 -1.5654427e+00
 -2.0119910e+00
 -1.8818388e+00
  1.0751791e+00
  9.1031647e-01
  3.6057287e-01
 -4.6413150e+00
 -4.4277949e+00
 -2.3661716e+00
 -1.8018628e+00
 -1.7697054e+00
  6.6105872e-01
 -2.5843275e-01
 -5.1207051e+00
  1.0537899e+00
  1.9178526e+00
  1.0440458e+00
 -6.1637193e-01
  2.0186920e+00
  1.1614903e+00
 -3.6541855e+00
 -2.4129999e+00
  1.0300133e+00
 -8.9684219e+00
  2.6240203e-01
  6.4156741e-01
  1.9105777e+00
  3.1640378e-01
  9.5343876e+00
  4.8404419e-01
  4.2931805e+00
 -2.9589744e+00
 -7.9388148e-01
  1.7876982e+01
  5.5299382e+00
  1.9818738e+00
  9.3845278e-01
 -9.0661631e+00
  6.8913013e-01
  1.3165816e+00
  2.2096441e+00
 -1.6673401e-01
  1.0088629e+01
  5.2824726e+00
 -1.0694402e+00
 -2.2113037e+00
  3.7320940e+00
 -8.5087070e+00
  4.3060532e+00
 -7.3832941e+00
 -4.4699616e+00
 -8.1360722e+00
 -6.2497897e+00
 -1.8255347e-01
 -4.8809080e+00
  1.8133025e+00
  6.6030059e+00
  4.2693977e+00
  4.5096598e+00
  3.4564071e+00
 -1.2901126e+01
  6.9647341e+00
  6.0536294e+00
 -1.2386405e+00
 -7.1107464e+00
  7.6105461e+00
  1.8730130e+00
  4.0330844e+00
  9.1737623e+00
 -1.9648786e-01
  2.1078596e+00
 -4.6313066e+00
  1.1695566e+00
 -2.5304067e+00
 -3.6826875e+00
 -5.0618005e+00
  4.0971184e+00
  4.4597146e-01
  7.1279073e-01
 -8.4374547e-01
  1.3198323e+00
 -1.4982873e+00
  5.9029841e+00
  2.2349257e+00
 -7.3927436e+00
  4.3061510e-01
  8.3040848e+00
  9.8500364e-02
  5.1085563e+00
  4.1889510e+00
  6.2048416e+00
 -2.6029725e+00
  5.0058132e-01
 -1.0836627e+01
 -4.3833218e+00
 -1.6828772e+01
 -7.1808630e-01
  1.1385977e+00
  1.6945969e+00
 -1.1843019e+01
  9.4032204e-01
  1.3591363e+00
 -5.9771848e-01
  1.5432487e+00
 -7.7814472e-01
  3.2696037e+00
 -2.0965319e+00
 -1.0426854e+01
 -1.3383927e+00
 -5.6889143e+00
 -2.9687686e+00
  2.1875908e+00
 -1.4030698e+01
 -2.3855152e+00
 -2.2508661e+01
 -4.2678475e+00
  3.8751512e+00
 -3.9551654e-01
  7.9299361e-01
  2.1509891e+00
 -7.7270155e+00
 -3.8814279e-01
  5.3877645e+00
 -1.2836448e+00
  1.1391016e+00
  2.2280102e+00
  1.9638845e+00
  2.2322078e+00
 -4.0904207e+00
  3.3209434e-01
  8.3676261e-01
 -1.2228976e+01
  1.0414584e+00
  3.7264154e+00
  2.2597374e+01
  7.8448706e+00
  2.1008037e-01
  4.0558010e-01
 -9.1380529e+00
  6.7205925e+00
  8.5481853e+00
  9.7961974e-01
 -1.5841755e+01
  5.2993908e+00
 -3.4298189e+00
 -1.5749100e+00
  4.1956677e+00
 -6.7119670e+00
 -2.9953387e+00
 -8.3076797e-02
  4.0890689e+00
 -9.8131931e-01
 -7.7974143e+00
 -7.0259196e-01
 -5.8858519e+00
 -4.3409795e-01
 -6.5906138e+00
 -6.0179597e-01
 -5.4723415e+00
 -4.9361134e-01
  3.8268392e+00
  3.2582693e+00
 -2.1827147e+00
 -1.1407132e+01
 -8.7284642e-01
  3.3836162e+00
 -7.1817999e+00
 -7.3281651e+00
  8.4439106e+00
 -1.2277116e+01
 -4.7294660e+00
  5.0064435e+00
 -1.3930655e+00
  6.4592781e+00
  2.9038484e+00
  3.8117206e-01
 -2.6454010e+00
 -4.9857140e+00
 -6.7603164e+00
  1.0085621e+01
 -9.0461912e+00
 -5.0764136e+00
  4.9216706e-01
  7.6803303e+00
 -7.0340462e+00
  1.4171289e+01
  3.4554088e+00
 -1.0461975e+01
 -2.2071676e+00
 -3.8474927e+00
  9.3778318e-01
  5.6404090e-01
  3.3641171e+00
  2.1390264e+00
  1.7027828e-01
  9.3160337e-01
 -2.1488185e+00
 -6.0901153e-03
  6.7245007e-01
  7.0306473e+00
  9.1283858e-01
 -2.0833020e+00
  7.2975606e-01
 -6.2668891e+00
  9.2009430e+00
  3.1869386e-03
 -1.5789818e+00
  3.9625883e-01
 -4.9730393e-01
  2.2589836e+00
 -1.9653960e+00
 -8.1513023e+00
 -4.5344016e-01
 -2.7648454e+00
 -6.9195801e-01
  2.5074351e+00
  9.1765469e-01
 -3.6976671e+00
  6.2402444e+00
  8.9847803e+00
  2.3031586e+01
 -1.6214439e+00
  2.5146608e+00
 -4.3368783e+00
  3.2448699e+00
  5.1948714e+00
  1.6116387e+00
  2.1034428e-01
  1.6970339e+00
  1.0972909e+00
 -1.9213411e+01
 -2.0762773e+00
 -1.1028097e+01
  1.3365335e+01
 -5.8189731e+00
  5.1758060e+00
 -2.3096032e+00
  2.6080129e+00
  4.0084062e+00
  2.5979865e+00
 -3.6489585e-01
 -1.7547972e+00
 -2.1689556e+00
 -9.8969662e-01
 -3.4987152e+00
  4.5875865e-01
  3.6856904e+00
  1.2261981e+00
  3.2372195e-02
 -9.5378035e-01
 -3.9855595e+00
  9.2561659e-04
  4.8045050e-02
 -1.8348019e-01
  1.4511889e+00
  2.7462795e+00
 -1.8454608e+00
 -4.9981737e+00
 -6.3480729e-01
  2.3472419e+00
  2.9174094e+00
  3.5843096e+00
 -2.2564383e+00
 -4.3781714e+00
 -1.8634003e+00
 -5.4437108e+00
  5.2816290e-01
  4.7987251e+00
  1.4091183e+00
 -4.5514359e+00
  3.7096150e+00
  1.3520968e-01
 -6.4881843e-01
  3.9548376e+00
 -2.6777296e+00
  2.4212587e-01
 -8.7040215e+00
  5.0769544e-01
  1.9956397e+00
 -3.4213457e+00
  1.2907107e+01
  5.4565473e+00
  4.6896992e+00
 -2.9637625e-02
  2.7559733e+00
  1.9070554e+00
 -2.5234432e+00
 -2.5682559e+00
 -1.1556592e+00
 -1.8748469e+00
 -2.1854489e+00
  9.2618895e-01
 -1.7888366e-01
 -6.6562815e+00
 -2.0244333e+01
 -1.7294683e+00
  1.8943477e+00
 -3.4600422e+00
 -6.1999397e+00
  1.2940768e+01
 -1.8879404e+00
  9.8793989e-01
 -5.6410813e+00
  2.0053201e+00
 -5.6358719e-01
  1.3258946e+00
  1.6137973e+00
  1.4914062e+01
  1.6767386e+00
 -1.8280953e+00
 -2.6451874e+00
  8.8415966e+00
 -8.6726179e+00
 -5.5074306e+00
  4.2013228e-01
 -7.9503316e-01
 -5.9107442e+00
 -5.2565794e+00
  1.1469508e+01
  2.7800436e+00
  5.2601490e+00
  2.8085089e+00
  4.3448200e+00
 -1.9058605e+00
 -8.7314129e-01
 -1.5745825e-01
 -1.3148073e+01
 -1.7526389e+00
  7.1479187e+00
  1.4534341e+01
 -4.1930442e+00
 -1.3973736e+01
  1.6526133e+01
 -1.1200566e+01
 -1.6188112e+01
 -6.8386760e+00
  9.7243176e+00
  5.3970876e+00
  9.6620321e+00
  4.0047808e+00
 -3.3064921e+00
 -2.9424429e+00
 -5.1530614e+00
  2.4122322e+00
  7.4932563e-01
  4.1246972e+00
  5.5885534e+00
  1.3601717e+00
 -2.8514340e+00
  2.2654347e+00
  5.0319304e+00
 -1.6987392e+00
 -1.0705881e+00
 -9.4163966e-01
  1.0887960e+00
 -2.0263894e-01
 -4.9328032e+00
 -6.6276807e-01
  6.5878534e-01
  1.5549529e-01
 -4.5955348e+00
 -8.1292381e+00
 -1.5406364e+01
 -4.1701107e+00
 -7.0276350e-01
 -6.8639030e+00
 -3.5009062e+00
 -8.3189287e+00
  3.9037521e+00
 -4.8609152e+00
 -1.7516466e+00
  6.0944672e+00
  6.4409914e+00
 -3.7337048e+00
 -1.0172606e+01
 -1.0459467e+01
  2.1907520e+00
 -1.0442598e+00
  6.0231194e+00
  6.1034770e+00
  3.0891204e-01
  5.9002376e-01
 -5.2958531e+00
 -4.4320726e+00
 -2.2657619e+01
 -6.9181907e-01
 -6.6965814e-03
 -2.9745507e+00
 -9.4479437e+00
 -4.1087866e+00
 -1.4169279e+00
  7.4992967e+00
 -1.0397494e+00
  9.8408622e-01
 -1.2668630e+00
 -1.9474039e+01
  3.5328479e+00
  1.3980932e+00
 -6.8887615e-01
  3.7075670e+00
 -1.9218153e+00
  9.4859391e-01
 -3.3721352e+00
  2.7524595e+00
  6.4575210e+00
 -5.3787756e+00
 -3.0791395e+00
 -8.4828835e+00
 -1.1974523e+00
 -3.0762997e+00
  1.5196038e+01
  1.1920791e+00
 -2.2335420e+00
 -3.4617522e+00
 -4.7759356e+00
  3.7917888e-01
 -3.7125161e+00
 -4.4711158e-01
 -5.1539102e+00
  4.2612362e+00
  7.9855120e-01
 -1.8397028e+01
 -1.5686524e+00
  3.5829666e+00
 -3.1023076e+00
  6.6461307e-01
 -1.1791529e+01
  6.1721253e+00
  4.3701658e+00
  3.3960133e+00
 -9.2208749e-01
 -1.2168269e+00
 -7.3326764e+00
  1.0818781e+00
 -3.3448799e+00
  2.6889527e+00
 -4.4578671e+00
  7.3920727e+00
  2.4739261e+00
  5.9478843e-01
  5.3302870e+00
 -1.3945549e+00
 -5.6999164e+00
 -5.1021433e-01
  4.0664825e+00
 -6.6445941e-01
 -3.5481048e-01
 -1.5616411e-01
 -4.4565516e+00
 -2.2685120e+00
  2.1016543e+00
 -7.1978289e-01
  2.4635927e-01
  7.0406194e+00
 -3.4515166e+00
  2.4719796e+00
  1.1109709e+00
  5.8429379e+00
  8.3324617e-01
 -6.3149462e+00
 -1.5899044e+00
 -6.7961388e+00
 -1.7742518e-01
 -3.3486564e+00
 -3.4324567e+00
 -1.5469146e+01
  4.3644242e+00
 -8.4428730e+00
  2.4573445e+00
 -1.8940374e+00
 -6.3033681e+00
  1.0714443e+01
  6.1090889e+00
 -7.3419996e-03
 -4.4575295e+00
 -7.0456333e+00
 -8.2028747e-01
  1.9553785e-01
 -5.0828347e+00
 -1.1120028e+01
 -4.1701031e+00
 -9.5982208e+00
 -5.8941398e+00
 -7.6967561e-01
 -2.3348682e+00
 -3.2033157e+00
 -5.0406470e+00
  2.8264520e+00
  1.3822787e+01
 -9.1913050e-01
  3.9269802e-01
 -1.3639654e-01
  9.1850907e-01
 -7.9017407e-01
 -1.1342233e+00
  6.7170572e+00
 -5.0066990e-01
 -7.1337050e-01
 -4.1683908e+00
  6.0800886e+00
 -8.5213214e-01
 -4.2986259e-01
 -1.7281917e+00
 -3.2834058e+00
  1.0422319e+00
 -1.0633488e+00
  3.6867571e+00
 -4.6183286e+00
 -3.7844851e+00
 -2.6398940e+00
 -3.3335199e+00
 -5.8930202e+00
 -7.0733052e-01
  5.8132780e-01
  4.6536312e+00
 -1.7648754e+00
 -1.1246264e+00
  1.3894224e+00
 -4.8867569e+00
 -5.8199506e+00
 -5.3962803e+00
 -3.6965784e-01
  1.1856117e+01
 -8.7567730e+00
  3.7788756e+00
 -5.0246201e+00
 -9.5914583e+00
  2.6186767e+00
  1.0963583e+01
 -4.2778754e+00
  3.2162118e-01
  3.5365493e+00
 -6.4507675e-01
  1.9981850e+00
 -2.8332826e-01
  2.0207102e+00
 -9.8075705e+00
  1.3158764e+00
 -1.2817593e+01
  6.2594395e+00
  2.6854157e+00
 -2.6606154e-01
  2.7158594e+00
  1.2825674e+01
  2.1584167e+00
  4.9179354e+00
  2.0282772e+00
 -1.0988543e+01
 -2.4199274e+00
  1.2390215e+00
  5.8212924e+00
 -5.8976846e+00
  4.3676758e+00
  9.5160751e+00
  2.8432803e+00
 -2.6015086e+00
  3.8215062e-01
 -1.3451489e+00
 -2.3739854e-02
 -1.9172058e+00
  1.4135909e-01
 -2.4325504e+00
 -1.1957647e+00
  6.0178262e-01
  2.1315997e+00
 -1.2173440e+01
 -2.1011145e+01
 -1.7972142e-01
  1.7702574e+00
 -2.5756718e+01
 -3.7588650e-01
  6.5868407e-01
 -1.3533352e+01
 -2.3495602e+01
  1.8300756e+00
  6.3764844e+00
 -2.3351929e+01
 -2.6498790e+00
 -3.3683625e-01
 -8.9725933e+00
 -1.3603669e+01
 -1.6197851e+00
  1.0902605e+01
 -5.4179596e+01
 -1.6843665e+00
 -1.6248797e+00
 -3.4404850e+00
  2.2953513e+00
 -9.7517767e+00
  4.5233588e+00
 -2.6160162e+01
 -1.7874159e+00
 -1.7076814e+00
 -1.0456515e+01
 -1.3203671e+00
 -1.1816739e+01
 -2.9125578e+00
  8.7326326e+00
  6.6820316e+00
  3.8218098e+00
 -6.4826207e+00
  4.7867641e+00
  9.1426551e-01
  3.0113983e-01
  1.9211637e+00
 -4.4629545e+00
 -8.1761882e-02
 -1.9123330e+00
  3.9479034e+00
 -3.0064275e+00
 -3.7527182e+00
 -6.6780725e+00
  6.7742386e+00
  2.6237319e+00
 -6.3421602e+00
 -3.1588523e+00
 -9.7186548e-01
 -1.4289260e-02
  5.7045979e+00
  2.7173581e+00
  5.5768285e+00
 -3.8463578e+00
  4.1322212e+00
  7.0864043e+00
  2.9684668e+00
 -1.1262265e+01
 -2.4115875e+00
  4.1753292e+00
 -6.1711793e+00
  4.3146410e+00
 -2.7452433e+00
 -9.1001978e+00
 -4.0139496e-02
  5.2753797e+00
 -2.0479937e+00
  1.3762800e+00
 -3.0095756e-01
 -4.2346274e-03
  5.9844484e+00
 -1.9458362e-01
 -4.8183522e+00
 -2.9131988e-01
  8.7686205e+00
  5.7154346e+00
 -5.4636006e+00
  4.0222688e+00
 -9.5636635e+00
 -1.9012185e+00
 -2.4409847e+00
 -5.3005934e-01
  6.8579561e-01
 -2.3335671e+00
 -1.2793977e+00
  7.3938465e+00
 -5.2549572e+00
 -1.2177232e+01
 -2.8141406e-01
 -1.5067219e+00
  1.4202756e+00
 -1.0861975e+00
 -1.7886530e-01
 -2.6753266e+00
 -1.3956583e-01
 -3.9855647e-01
 -5.2049381e-01
 -1.2929749e+00
 -1.6772909e+00
  2.2950652e+00
  2.0087416e-01
  1.6217668e+00
 -1.4093486e+00
  3.7108696e+00
  3.1091905e+00
  8.6592048e-01
  3.1900197e-01
 -3.1437886e+00
  6.9852436e-01
  2.3966654e-01
 -6.9636279e-01
 -2.8672285e+00
 -8.2246709e-01
  4.1531119e-01
  3.4344823e+00
 -1.3271625e+00
  2.8233428e+00
 -6.9481976e-02
  7.6230931e+00
 -3.1823142e+00
  1.6075501e+00
  1.2938123e+01
  8.9496078e+00
  4.6995955e+00
 -1.3728966e+00
 -4.5991054e+00
  2.2536103e-01
  5.9091568e+00
 -8.0564642e-01
  1.4215179e+01
 -4.3142686e+00
 -1.1075381e+01
 -9.2788181e+00
 -6.7753997e+00
 -2.4703727e+00
 -1.0337833e+00
  9.2914114e+00
 -5.8901107e-01
  5.3151083e+00
  4.7219915e+00
  1.4497575e+00
 -5.8083529e+00
 -5.7414420e-02
  1.8198270e+00
 -1.4795514e+00
 -2.9964736e-01
 -5.1710315e+00
 -2.0682503e-01
  1.5041406e+00
 -7.4883384e-01
  2.4382305e+00
  2.8299775e+00
 -5.4420667e+00
  1.6594681e+00
 -2.0957720e+00
 -1.1929067e+00
 -2.8926103e+00
  2.3943579e+00
 -6.7612267e-01
 -2.4629593e+00
 -5.5707818e-01
 -1.2942688e+00
 -6.9797397e-01
 -1.1361706e+01
 -6.5059943e+00
  1.1037336e+01
  8.8173497e-01
  3.2324502e-01
  4.5920177e+00
 -9.7414236e+00
 -5.1306069e-01
  5.0550780e+00
  7.5434136e+00
 -5.4957581e+00
 -2.0733991e+00
  7.9754286e+00
  1.7010543e+00
  3.7790489e+00
  9.0144444e-01
 -1.5462898e+00
 -8.7109909e+00
  1.7918675e+00
  8.9717789e+00
 -8.6130863e-01
  3.2402382e+00
  6.7872162e+00
 -3.9927561e+00
  4.4090362e+00
  2.1316130e+00
  1.0935761e+00
 -2.1736352e+00
 -4.5429425e+00
  2.7036579e+00
  1.4508014e+00
 -2.0557466e+00
 -1.4400743e-02
  2.1079106e+00
  2.3575900e+00
 -3.4357283e-01
  4.9110997e-01
 -1.2368855e+00
 -2.3641672e+00
 -8.8256168e-01
  1.8790916e+00
 -2.0755339e+00
  3.5410054e+00
  7.1016294e-01
  9.8082960e-01
  4.2908044e+00
 -1.3284464e+00
 -6.7108732e-01
 -1.0514207e+00
 -6.8483919e-01
 -2.7346728e+00
  8.5657698e-01
 -5.7419834e+00
  7.9912961e-01
 -5.8156723e-01
 -1.7281715e+00
  1.8043808e+00
 -3.0828385e+00
  4.8145399e+00
  1.3025765e+00
  1.5427401e+00
  7.1240516e+00
  5.7069983e+00
 -1.8010349e+00
  2.6266904e+00
 -1.1627504e+00
 -6.8725147e+00
  2.8989899e+00
  4.8252530e+00
  1.1815161e+00
 -4.1080542e+00
 -5.2065139e+00
  7.7646694e+00
 -4.2721181e+00
 -9.3732767e+00
  1.0330633e+01
  8.1499748e+00
 -6.1663260e+00
 -1.2185149e+01
  6.3517513e+00
 -1.1976954e+00
 -9.9005098e+00
  5.2521973e+00
  2.5695012e+00
  3.5624459e+00
 -8.5369587e+00
 -1.1202147e+01
 -9.0918856e+00
  9.7089863e+00
  5.5551344e-01
  5.4171562e+00
  5.1408224e+00
 -1.6372769e+00
 -1.0683494e+01
 -7.2863489e-01
  4.1175904e+00
 -1.3157463e+01
 -8.7922269e-01
  5.6876600e-01
  1.0602543e+01
  4.1068003e-01
 -2.6706626e+00
 -8.4820490e+00
  4.4093456e+00
 -1.5979729e+00
  2.6488104e+00
 -4.8017845e+00
  5.4229484e+00
 -5.0064864e+00
  4.9627762e+00
 -4.5278171e-01
 -2.7735612e-01
 -1.3126663e+01
  6.5121875e+00
 -1.0281276e+01
 -2.0178506e-01
 -9.4417839e+00
 -3.2443919e+00
 -9.9466810e+00
  3.8526139e+00
 -8.7502830e-02
  1.1741517e+01
  8.1934822e-01
 -9.6335411e+00
  2.6665821e+00
 -3.3535647e+00
  8.2959223e+00
 -4.3487267e+00
 -1.3285542e+01
  3.1414034e+00
 -3.2392282e+00
 -9.3295169e-01
  1.1072801e+00
  2.6577518e+00
  1.7032232e+00
  2.3414488e-01
 -2.5665753e+00
 -2.7984828e-01
  2.3403046e+00
 -3.1891184e+00
  2.9156473e-01
  5.1102724e+00
 -7.8123045e+00
  1.0071939e+00
 -7.6380839e+00
 -1.1039009e+00
 -3.6681302e+00
  1.5655320e+01
  4.1395025e+00
 -7.8758292e+00
 -1.4237688e-01
  8.5005960e+00
  4.1409168e+00
 -7.9831204e+00
  2.0585757e-01
  1.7954693e+01
 -1.0500997e-01
 -1.3782433e+00
 -1.8222536e+01
  5.9315729e+00
  1.2229381e+01
  1.0236476e+01
  6.7910490e+00
 -3.7734911e-01
  7.6163286e-01
  3.2909260e+00
  8.8640958e-01
 -1.6751351e+00
  2.9093225e+00
 -5.7945352e+00
  8.1522808e+00
  1.6625588e+00
  6.7999965e-01
  2.8121910e+00
 -7.3243680e+00
 -3.7350383e-01
 -7.6720452e-01
 -6.7549491e+00
 -1.7248788e+00
 -3.1823351e+00
  8.0191469e+00
  7.6771343e-01
  7.6679645e+00
  6.4122238e+00
 -6.0087032e+00
  7.9745255e-02
  2.0419419e+00
  3.2320893e+00
 -2.5342407e+00
  2.0935912e+00
 -1.3481468e+00
  6.8386573e-01
  2.0425442e+01
  1.3054159e+00
 -1.1404101e+01
 -8.6977804e-01
 -4.9065710e-03
  1.5693053e+00
 -4.7605247e+00
 -4.4663262e+00
  7.9651141e-01
  4.0902958e+00
  4.3206496e+00
 -3.3288567e+00
  4.4825356e-02
 -9.7368851e+00
  2.3772175e+00
 -2.2720242e+00
  1.0808614e+00
 -8.4606886e+00
  4.3898993e+00
  1.0041511e+00
 -8.6661875e-01
  5.9497075e+00
  1.1922226e+01
 -7.1091022e+00
 -6.8809400e+00
  1.2210917e+01
  2.4251330e+00
  3.7971680e+00
  2.3402479e+00
 -3.8788149e-01
 -2.0338223e+00
 -2.5329897e-01
  9.1437900e-01
  3.9897075e+00
 -2.2177184e+00
 -3.0223558e+00
  3.0888705e+00
 -5.6505799e+00
 -4.9257597e-01
  3.6040206e+00
 -1.1630324e+00
 -3.0184865e+00
 -1.4205819e+00
  1.9472595e+00
 -9.3231684e-01
  1.6318269e+00
  7.0810544e-01
 -7.6667676e+00
  5.7530180e-02
 -9.3366551e-01
  4.9654487e-01
 -7.1480364e-01
  1.3551385e+00
  1.6855954e+00
  2.5182950e+00
 -3.9570041e+00
 -1.2170246e+00
 -3.4351477e-01
  6.1440444e-01
  4.0246882e+00
  2.6290627e+00
 -8.5444212e-01
 -1.6562955e+00
 -2.4080024e+00
 -1.7727101e+00
 -3.2402918e+00
 -3.7208006e+00
  9.8664684e+00
  1.1737278e+00
  4.9137396e-01
  7.7062678e-01
  8.9229012e-01
  4.5654092e+00
 -5.9463124e+00
  8.7846918e+00
 -2.4689522e+00
 -2.1748726e+00
  6.6377050e-01
  3.5694885e+00
  1.0521143e+01
  5.9912739e+00
  3.2037621e+00
  2.9439888e+00
 -1.3323065e+00
 -5.2346034e+00
  1.6656491e+00
 -1.1067115e+01
 -1.4951609e+00
 -3.4789503e+00
 -2.6336693e+01
 -8.0485640e+00
 -7.9632670e-01
 -2.8124065e+00
  2.8142273e+00
  5.7085485e+00
 -7.2040801e+00
  2.2554834e+00
 -2.7058408e-01
  1.2561625e+01
  3.9250369e+00
  1.1034992e+00
  4.6747804e+00
  6.3260520e-01
  6.1672716e+00
 -1.1708063e+00
  1.9850748e+00
 -1.1865344e+00
 -4.1471100e+00
 -2.1173384e+00
 -1.0571709e+01
 -3.6478171e-01
 -6.8294728e-01
 -5.9094638e-01
 -8.0143547e+00
  5.4945475e-01
 -1.2103376e+00
  5.1497442e-01
 -3.9602983e+00
 -3.5124242e+00
  8.4288683e+00
  1.1149713e+01
  1.6741118e+00
  2.3100362e+00
  4.5215526e-01
  9.7615963e-01
  7.2564611e+00
 -8.0355453e+00
  5.8907688e-01
  7.3541603e+00
 -6.6226351e-01
  2.0257013e+00
 -5.5327244e+00
  2.2338438e+00
  2.8329027e+00
  1.2203113e+00
 -2.3448524e+00
  8.9589148e+00
 -1.5484910e+01
 -8.1020102e-02
 -6.4059389e-01
  4.4160066e+00
  2.8402844e-01
 -5.7261891e+00
  3.9240022e+00
 -9.3191189e-01
  1.9068796e+01
 -5.4476905e+00
 -8.5800581e+00
  7.0374770e+00
 -5.4063411e+00
  3.0807312e+00
  3.8208251e+00
 -3.6663258e+00
  1.0993614e+01
  2.9337842e+00
  4.1796622e+00
  4.7913322e+00
  2.9700294e+00
  2.3133764e+00
  2.3775606e+00
  8.7251987e+00
  3.5072560e+00
 -4.4982414e+00
 -8.7631960e+00
  3.3320327e+00
 -8.2670393e+00
 -3.1230891e-01
 -5.1050854e-01
  2.5683165e+00
 -4.2581186e+00
 -6.0858903e+00
  4.9508457e+00
  9.1003580e+00
 -2.4229522e+00
  8.0826634e-01
 -3.7714589e+00
  5.5949116e-01
 -6.0260038e+00
 -2.1541028e+00
  2.2358074e+00
 -2.2288218e+00
 -5.5011110e+00
 -4.3547220e+00
  3.3410704e+00
  4.8848271e+00
 -6.2886257e+00
  1.7535894e+00
  1.0015650e+00
 -9.3829470e+00
 -2.0364878e+00
  2.3104470e+00
 -1.2284043e+01
 -6.5201735e-01
  3.9349296e+00
 -1.1229797e-01
  2.0476103e+00
  3.2480581e+00
  1.2801636e+00
 -9.5543456e-01
 -2.6178782e+00
 -1.3878797e-01
 -1.8438425e+00
  2.2602129e+00
 -2.7760577e+00
  1.5179012e+00
 -5.7382345e+00
 -3.0623417e+00
 -3.3103664e+00
 -1.5394763e+00
  3.8581991e-01
  3.3665787e-02
 -1.5737152e+00
 -2.6544969e+00
  3.1751955e+00
 -3.6432183e+00
  1.4331077e+00
  4.0863118e+00
 -5.1511378e+00
 -5.6752162e+00
 -4.0358443e+00
  4.2236066e+00
 -2.2163591e+00
  2.3198967e+00
  4.1932125e+00
  7.3752278e-01
  7.0250516e+00
 -1.3798566e+01
  3.7898583e+00
 -2.6491363e+00
  3.3616757e+00
 -5.8907728e+00
 -5.4782963e+00
  4.0933771e+00
  1.8238378e+00
  4.4282556e+00
  1.4919785e+01
 -5.9082398e+00
 -6.8976698e+00
  3.1803932e+00
 -1.0431967e+00
  9.9134865e+00
  1.6621490e+01
 -5.5788999e+00
  2.4973779e+00
 -8.6335725e-01
 -2.5417726e+00
  2.6428508e-02
  3.6211045e+00
 -1.0033510e+00
  6.7853236e-01
 -1.4847251e+00
 -1.5715644e+00
 -1.2784185e+00
  2.0789711e+00
 -1.1458681e+00
  1.5625106e+00
 -1.6347058e+00
 -3.0361757e-01
  5.0777926e+00
 -1.3162369e+00
  6.6958103e+00
 -9.5599174e+00
  9.3354970e-02
  2.6312172e+00
  3.0078876e+00
 -7.1521068e+00
 -2.5909081e+00
  5.1271877e+00
  1.6169657e+00
 -5.8614235e+00
 -7.5095563e+00
  1.5352055e+00
 -4.7825966e+00
  7.8348622e-02
  1.8212601e+00
 -5.0636830e+00
 -1.8508782e+00
 -8.5673199e+00
 -9.6652136e+00
  7.1038742e+00
  1.1737296e+01
 -3.2622907e-01
 -6.8989992e+00
 -2.7516074e+00
 -1.5893657e+01
  3.4124684e-01
  5.5258522e+00
 -9.8564625e-01
 -5.7355511e-01
 -3.7628820e+00
 -3.6621282e-01
 -2.6805224e+00
  5.3700161e+00
  4.1465597e+00
 -9.7790414e-01
  4.5206240e-01
  1.0053104e+01
 -9.9132996e+00
 -1.3578710e+01
 -8.5287466e+00
  3.7363861e+00
  2.8978591e+00
 -1.0916674e+01
  1.5188001e+00
  2.8637502e+00
  2.5893433e+00
 -9.2042437e+00
  5.9625511e+00
 -1.0318727e+01
  9.2231899e-01
 -5.7581812e-01
  3.2980039e+00
  1.1923620e+00
 -7.1314549e+00
 -1.6066247e+00
 -3.9790716e+00
  6.3590050e-01
  5.9164840e-01
 -1.6576309e+00
  7.5080194e+00
  4.0965424e+00
 -4.9065228e-04
  3.3824401e+00
 -4.3949437e-01
 -1.3926271e+01
 -9.9300108e+00
  3.1834445e+00
  9.3708220e+00
 -5.3134308e+00
 -4.8453021e+00
 -2.1568458e+00
 -1.2866781e+01
  3.0411601e+00
  1.1873217e+01
  3.2175157e+00
 -2.5270231e+00
 -1.9585264e+00
  1.3792968e+00
  1.5116429e+00
  7.6558423e-01
 -6.1921740e+00
  2.4892917e+00
  1.5304339e+00
 -2.3354702e+01
  3.2003531e+00
  6.9819112e+00
 -4.9027333e+00
 -2.1925721e+00
 -4.4921322e+00
 -3.0889971e+00
  3.2234044e+00
  2.8008528e+00
  1.1466091e+01
  6.3535261e+00
 -2.5974610e+00
  5.9774790e+00
  6.9864225e+00
 -1.5359349e+01
  9.5061618e-01
  1.8362216e+00
 -1.6922311e+00
 -1.6224071e+00
 -2.6779680e+00
 -9.5528567e-01
  2.3313162e+00
 -6.9185920e-02
  5.8058941e-01
  9.6391287e+00
  1.6675478e+01
  1.9207087e+00
 -4.1350412e+00
  4.9376953e-01
 -8.5936838e-01
 -3.8658979e+00
 -5.2290092e+00
 -1.6531258e+00
  5.6344171e+00
  1.2493913e+00
  6.1985931e+00
 -1.7087278e+01
  1.5829681e+01
 -1.6054131e+01
 -3.2038877e+00
 -1.0664402e+01
 -1.1251048e+00
  8.8452702e+00
 -6.6260180e+00
 -2.5408823e+00
  1.9400730e+00
 -5.8704057e+00
  3.9825416e-01
 -1.1442482e+01
 -1.3220195e+01
 -3.2893791e+00
  5.3507791e+00
 -9.5177579e-01
 -3.7356019e+00
 -2.6923177e+00
  1.8959218e+00
  8.9599055e-01
  1.8507235e+00
 -4.0966172e+00
  1.8924433e+00
 -1.6023101e+00
  1.0027394e+01
  2.6065674e+00
  2.6801329e+00
  5.1931081e+00
  6.6601720e+00
 -1.8553951e+00
 -7.6531177e+00
  1.2913995e+00
 -5.5109992e+00
  7.7304068e+00
 -9.2256403e-01
  5.2518568e+00
 -3.2155638e+00
 -2.9714034e+00
  9.1606874e+00
 -1.5291736e+00
  1.2981271e+01
 -3.5799432e+00
 -5.6462212e+00
 -8.6758226e-01
 -1.9648486e+00
 -3.3455310e+00
 -4.8163276e+00
 -8.1636534e+00
  1.1918015e+01
  7.9535384e+00
  5.2979021e+00
 -1.7472149e+00
  1.5594142e+01
 -2.1310263e+00
  1.8716758e+00
  1.0643398e+01
 -4.2641954e+00
 -2.6988852e+00
  6.3294272e+00
 -3.8748963e+00
  8.3890448e+00
 -2.2570169e+00
  5.9153132e+00
 -4.6008801e+00
 -5.4165688e+00
 -6.8889775e+00
  5.6410418e+00
 -2.8474650e+00
 -6.5684290e+00
 -6.4976746e-01
 -2.9950917e+00
  1.0721147e+01
 -6.9165440e+00
 -3.6106580e-01
 -1.8540075e+00
  1.2590716e+01
 -1.2274759e+00
 -2.0526264e+00
  3.7792761e+00
  1.9982059e+00
 -2.3858137e+00
 -5.4714899e+00
  4.1010795e+00
  4.8506994e+00
  8.9601707e+00
  1.3422962e+00
  8.3925304e+00
  7.8589001e+00
 -6.5636516e+00
 -8.5386448e+00
 -2.9592035e+00
 -2.4484799e+00
  1.6230760e+00
 -7.7330470e+00
  2.0328636e+00
  2.0558798e+00
 -3.9151824e+00
 -3.8624070e+00
  1.3593000e+00
  2.3921361e+00
 -3.8377964e-01
  5.7250271e+00
 -9.2353171e-01
 -3.2036386e+00
 -6.9198446e+00
  4.2881957e-01
  3.6093476e+00
  3.3744049e-01
 -2.5291543e+00
 -3.2308514e+00
  1.7848244e+01
  1.5394231e+00
 -1.3512476e+01
 -4.7654443e+00
 -1.3968527e+01
  1.1277975e+01
 -4.5046425e+00
  6.6320878e-01
  8.9789267e+00
  6.1626005e-01
 -1.5900909e+00
  2.2396519e+00
  2.3457541e-01
  9.9431045e-02
  1.8642297e+00
  3.4513450e+00
 -1.4784507e+00
 -5.4662147e+00
 -2.3006992e+00
 -3.2135935e+00
 -7.2632891e-01
 -8.5219622e+00
  1.5165825e+01
  3.0426900e+00
 -4.9142799e-01
  4.5774918e+00
 -8.1091099e+00
  1.3920766e+00
  1.6390421e+00
 -1.7745200e+00
  3.8334770e+00
 -1.0296687e+00
  2.2882044e+00
  2.1129746e+00
 -3.2425990e+00
 -4.1296167e+00
 -4.9652843e+00
 -4.4202747e+00
  8.8393354e-01
  3.6852212e+00
  9.0713072e-01
 -1.0722425e-01
 -1.9300623e+01
 -1.7170858e+01
 -6.3946813e-02
 -4.5169315e+00
  1.0613731e+00
  5.2772021e-01
 -4.2717543e+00
 -1.1426690e+01
  6.0876665e+00
 -3.0365381e+00
 -5.7493253e+00
  4.2269201e+00
 -7.5178156e+00
  5.8401246e+00
  2.9582129e+00
 -2.0860460e+00
  8.0705619e-01
  9.1888212e-02
  4.9129334e-01
  1.0025580e-01
  1.3808877e+00
 -3.0621171e-01
  4.6150210e-01
  5.8737665e-01
  1.5370787e+00
  1.4727002e-01
 -1.0738888e-01
  5.4696602e-01
  2.2817779e-01
  1.0604283e+00
 -9.7347355e-01
 -1.0147700e+00
  4.1541550e-01
  6.4860421e-01
  1.6409032e+00
  6.4482272e-01
 -2.2942865e-01
  1.2125758e+00
  1.5159379e+00
 -2.4396451e+00
  1.3153328e-01
 -3.2314253e-01
 -8.9867240e-01
  5.0890064e+00
 -3.2767379e-01
  1.3758070e+00
 -2.8454816e+00
  1.0907514e+00
  2.5589437e+00
  7.8908306e-01
  1.3551933e+00
  1.0101911e-01
  1.3564287e+00
 -2.7326109e+00
 -1.7017159e+00
 -2.5136657e+00
  3.0145626e+00
  2.1138789e-01
  6.4318790e+00
  5.5940757e+00
 -5.2016246e-01
 -1.2884623e+00
  1.4664254e+00
  1.5239862e-02
  1.1503121e-01
  5.4236374e+00
  3.1583683e+00
 -1.8964885e+00
 -5.3010268e+00
 -8.7167412e-02
 -1.5833673e+00
  4.1925044e+00
 -3.9172721e+00
  2.2838953e-01
 -1.1826206e+00
  2.1102555e+00
  1.7155344e+00
 -3.1698191e-01
 -2.0337131e+00
  3.7425501e+00
 -1.6364911e+00
 -3.3221583e+00
  3.1207150e-01
 -1.1573658e+00
 -8.8216841e-01
  2.7606602e+00
 -1.5086423e+00
 -2.7699237e+00
 -3.4544625e+00
  3.0636103e+00
  2.1340692e+00
  3.5934150e+00
 -2.8376937e-01
 -1.3337582e+00
  3.6306236e+00
 -1.5436021e+00
  2.4172738e+00
  2.9993186e+00
 -1.4625679e+00
  4.5784421e+00
  4.7633700e+00
  7.4475420e-01
 -6.7663026e+00
  4.0406024e-01
  2.0478492e+00
 -6.9565315e+00
  3.0686054e+00
 -3.6197226e+00
 -5.6388812e+00
  9.9398899e-01
 -9.3573446e+00
 -4.4909430e+00
 -4.4527979e+00
 -2.5275950e+00
 -2.3325579e+00
 -9.8769445e+00
  2.8887985e+00
  1.1579248e+00
  2.1398794e+01
  5.8327422e+00
  1.8216628e+00
 -7.5868797e+00
 -7.6054746e-01
  5.0203485e+00
  7.7407694e-01
  5.0440125e+00
 -4.5706391e+00
 -8.6324108e-01
  2.7197497e+00
 -6.0902348e+00
  5.9101963e+00
 -3.1183255e+00
 -1.1892918e+00
  3.9435573e+00
  1.8067575e+01
  2.9985626e+00
  2.2945402e+00
 -4.1013975e+00
  1.5586729e+01
 -2.9326429e+00
 -1.0834600e+01
  5.0795383e+00
  1.5014106e+00
  3.1314213e+00
 -2.6752698e+00
 -3.4649620e+00
  2.9345686e+00
 -5.9258289e+00
 -2.1517215e+00
 -1.1079813e+01
 -3.9508507e+00
 -3.3217173e+00
 -9.9125366e+00
  1.7355828e+00
  7.5013061e+00
  4.9057903e+00
 -6.4214611e+00
 -1.6380203e+00
 -9.8393812e+00
  4.4657393e+00
  4.7634740e+00
  6.0414190e+00
  1.2725882e+01
 -5.4610147e+00
  3.4878488e+00
  4.1963544e-02
  3.5319242e+00
  7.8753247e+00
  4.8570752e+00
 -3.1588776e+00
 -1.5200453e+00
  1.0152864e+01
  5.0099337e-01
 -2.0304675e+00
 -2.7074990e+00
  5.0603938e-01
 -8.2660991e-01
  7.6846027e+00
 -5.6150050e+00
 -5.2308755e+00
  3.5802824e+00
  1.5128074e+00
 -4.7612734e+00
 -5.0420756e+00
 -1.8312494e+00
 -2.3643563e+00
 -4.1035814e+00
 -1.0283301e+01
  6.6334772e+00
  7.9102697e+00
  6.6713119e+00
 -1.1273135e+00
 -6.0995495e-01
 -1.3009644e-01
  9.3835998e-01
  9.8613694e-02
 -3.1912968e+00
 -5.7366934e+00
  1.1461783e+01
 -1.8774542e+00
 -2.3841989e+00
  7.3311269e-01
  1.1170144e+01
 -4.6406603e+00
 -8.4856957e-02
  1.4056772e+01
  6.4898710e+00
 -3.0641818e+00
 -7.5532451e+00
  5.2655721e+00
  1.7300313e+00
  1.2910527e-01
  3.0539508e+00
  9.4711542e+00
 -1.7810633e-02
 -4.8957458e+00
 -7.9323387e-01
  7.8008032e-01
  1.3179290e-01
  8.3459109e-01
 -5.0002985e+00
  3.3358383e+00
  3.8076338e-01
  5.6775397e-01
 -6.9127661e-01
 -9.2363596e-01
 -7.2648108e-01
  1.4272733e+00
 -1.5387446e+00
 -8.8584952e-02
  1.8131201e-01
 -3.4949679e-02
 -2.1009238e+00
  1.3912824e+00
 -2.1276627e-01
  2.9687518e-01
  2.1333663e+00
  6.7834443e-01
 -4.5573410e-01
 -7.6613992e-01
  2.0977526e+00
 -1.7643538e+00
  3.1613002e+00
  1.5746556e-01
  2.0971397e-01
 -2.6167703e+00
  2.4049373e+00
  3.4620030e+00
 -4.4113441e+00
  3.0422165e+00
 -2.7042404e-01
  3.9202688e+00
  6.3752085e-01
  3.9580288e+00
 -1.2850108e+00
 -5.3683834e+00
 -4.4478831e-01
  7.4194825e-01
 -2.3979383e+00
 -2.0317855e+00
  3.3806963e+00
  1.6772184e+00
  3.1411643e+00
  4.9844761e+00
 -3.2594111e+00
  5.4071546e-01
  1.2384560e+00
  3.1966352e+00
 -7.3486671e+00
  4.1871958e+00
  6.1593628e-01
  2.4683058e-01
  4.1780534e+00
 -1.4044477e-01
 -3.2920787e+00
 -4.4467435e+00
  3.1180480e+00
 -7.0181316e-01
  2.1924369e+00
 -1.1830466e+00
 -8.3833784e-01
  1.1684970e+00
 -4.5502982e-01
 -3.3226357e+00
  1.2773598e+00
 -6.6826868e-01
 -1.8721800e+00
 -2.6036698e-01
  1.7296205e+00
  3.1230583e+00
 -6.1602702e+00
  1.2076277e+00
 -3.4843876e+00
 -1.7911416e-01
 -1.7151518e+00
 -2.6495461e+00
  5.7105070e-01
  6.4228535e-01
 -4.3250690e+00
 -1.3391232e+01
  5.1383238e+00
 -2.5279289e-01
  1.8484955e+01
  6.1292410e-01
 -9.6409149e+00
 -2.6434987e+00
  2.1684434e+00
  1.7600025e+01
  1.0719527e+01
  1.2980653e+00
 -3.7651563e+00
 -1.9006654e+00
 -4.1820350e+00
  3.1467097e+00
 -2.4342372e+00
  6.7107630e+00
  4.9423385e+00
  6.4755774e+00
 -3.1392941e-01
  5.9953952e-01
 -2.5164142e-01
  3.6276100e+00
  3.9582784e+00
 -2.6914482e+00
  1.6322209e+00
 -1.9930273e+00
 -4.0952697e-02
  2.1375586e-01
 -2.5788271e-01
 -8.3528334e-01
  2.0566974e+00
  4.5360074e+00
 -2.1910967e-01
 -4.0215335e+00
  1.7758843e+00
 -5.0049410e+00
  3.7460058e+00
  4.5400662e+00
 -4.3386717e+00
  1.0831233e+00
  6.5348619e-01
 -7.4541049e+00
  1.0875443e+00
  8.9115887e+00
 -9.8918591e+00
  3.7207539e+00
 -1.2519981e-01
  1.6368750e+00
 -6.9495964e-01
  3.8489971e-01
  4.0088577e+00
 -4.1209579e+00
 -4.5852688e-01
 -1.6398773e+01
 -1.1403056e+00
 -1.7650586e+00
 -7.4991727e+00
 -7.5350957e+00
  8.8158035e-01
  1.0899614e+01
 -6.3150656e-01
  1.2438726e+00
 -6.9936862e+00
  4.0796838e+00
 -8.7428784e-01
  1.3983796e+00
  6.2024331e-01
  1.5835972e+01
  8.4812851e+00
  2.4416430e+00
  2.5092075e+00
  2.3630619e+00
 -4.8539575e-02
 -8.2238636e+00
  3.8962610e+00
 -5.0012326e-01
  3.5111824e-01
  9.3283540e-01
  3.3158308e-01
 -1.2108483e-01
  2.7117119e+00
 -4.2246113e+00
 -2.8385839e+00
  7.0764321e-01
  9.6560085e-01
  2.9985291e-01
  2.1539025e-02
 -1.2971872e+00
  2.3743734e+00
  1.7973964e+00
  6.8305546e-01
  1.1299237e+00
  3.6082506e-01
 -1.1502584e+00
  2.4101797e-01
 -1.9321203e-02
 -9.2334766e+00
 -5.5735105e-01
  2.2188263e+00
  8.9365358e+00
  8.5719910e+00
  9.8553854e-01
  3.7688620e+00
 -4.4543552e+00
  3.6960213e+00
 -2.5551646e+00
  1.3623840e+01
  1.1776237e+01
 -8.5904515e-01
  1.6675379e+01
 -1.5997930e+01
  1.5920862e+00
 -5.1638966e+00
  6.5188127e+00
 -3.1469989e+00
  2.7469349e+00
 -4.5630150e+00
  5.4029224e+01
  7.2655194e-02
 -3.5809364e+00
  9.8623819e+00
  1.4167562e+01
 -3.2136283e+00
 -3.3901105e+00
  2.0125544e+00
 -3.4019487e+00
  1.1294501e+00
 -5.9372395e-01
 -7.2166858e+00
  1.5103246e+00
  4.2198306e-01
  1.7747663e+00
  1.8869855e+00
 -7.0482445e+00
  4.0478483e-01
  5.0133581e+00
  1.9552803e+00
 -1.0603472e+01
 -7.0082057e-01
 -1.4350467e+00
 -1.8341314e+00
  5.5027366e-01
  3.8532859e-01
  2.3517957e+00
 -8.0867481e+00
  1.2225132e+00
  1.2726389e+00
 -9.0910274e-01
 -8.3973950e-01
  2.0557439e+00
  2.0305998e+00
 -9.7935019e+00
 -6.0800731e-02
  8.6709394e+00
 -4.1432753e+00
  1.8796509e+01
 -6.9484048e+00
 -3.5141778e-01
 -1.1219028e+01
  5.4325169e-01
  1.3105772e+01
  1.9981427e+00
  1.2715735e+00
  5.0657883e+00
  5.2736444e+00
  1.2420381e+00
 -1.4361000e+00
 -2.3678902e-01
  2.5084965e+00
  1.6490166e+00
 -6.7106032e+00
  5.0277519e+00
 -2.7401194e-01
 -7.8643436e+00
 -9.6152916e+00
  4.2197323e+00
 -1.7384006e+00
  2.7733662e+00
  4.5164430e-01
 -3.9574546e-01
  1.2140981e+00
  8.1339383e-01
 -3.1560342e+00
 -1.0763602e+00
 -1.7606595e+00
 -2.3770293e-02
 -2.9274313e+00
  1.1313512e+00
  1.4481585e+00
 -1.1486969e+00
 -2.4431710e+00
  1.3533908e-01
 -1.1158722e-01
 -2.1241190e+00
  1.0030261e+00
  9.0008640e-01
 -6.8478644e-01
 -3.6753998e+00
 -1.0969255e+00
 -8.1283581e-01
 -2.1538157e+00
  1.1655020e+00
  4.9359402e-01
  6.0336757e-01
 -7.8332138e+00
 -5.9951556e-01
 -9.3725138e+00
 -2.2352047e+00
 -2.0805104e+00
  4.2004471e+00
  8.0462360e+00
 -7.8634934e+00
  1.2704859e+00
  1.5610225e+00
 -9.6363223e-01
  6.2252212e-02
  5.3189788e+00
  9.9420780e-01
 -5.2288294e+00
 -2.2075119e+00
  8.6729789e-01
  2.7083092e+00
 -4.7379384e+00
 -6.7092042e+00
  1.0395582e+01
 -4.8692721e-01
 -2.4206779e+00
 -3.3339355e+00
 -1.6198425e-01
  3.1056664e+00
  8.4886765e-01
  2.0640029e-01
  5.5558461e-01
  4.9855585e+00
 -1.2808266e+00
  4.8451376e+00
  6.6704318e-02
  1.3338944e+00
 -2.8217528e+00
 -1.8098271e+00
  1.4253657e+00
 -1.3463362e+00
 -1.2350125e+00
  8.7876970e-01
  3.2640171e+00
 -2.0451217e+00
  2.0631363e+00
 -3.2874789e+00
 -1.4341561e-01
  1.0592513e+00
  1.5568246e+00
  3.2033043e+00
  1.8893220e+00
 -6.2288637e+00
 -5.9870877e+00
 -3.5486162e+00
  1.1609275e+00
  9.7058992e+00
  5.2489953e+00
  5.8131227e+00
 -4.1365705e+00
  3.2593439e+00
 -5.3297453e+00
 -2.4117277e+00
 -1.3505858e+00
 -2.7007961e+00
  1.9406810e-01
  9.4849449e-01
 -2.1791663e+00
  1.9588972e+00
  3.1481647e+00
 -4.6233597e-01
  2.8323319e+00
  6.7110653e+00
  2.9315464e+00
  2.0328841e+00
  2.2490735e+00
 -1.2217528e+00
 -7.5261950e+00
 -4.6958876e+00
  8.5164194e+00
 -1.5296048e-01
  6.8814820e-01
 -6.5227256e+00
 -3.8593009e+00
  5.1842099e-01
  3.2324543e+00
 -9.2164165e-01
  1.8722428e+00
  4.8464475e+00
  3.8631017e+00
  1.7899784e+00
 -1.6695074e+01
  8.6184263e+00
  5.5200014e+00
 -1.1368132e+01
 -3.1639779e+00
 -1.1623927e+01
  3.5770369e+00
  7.7001953e-01
 -1.9167241e+00
 -9.5821047e+00
  3.5971515e+00
  4.3606050e-03
  5.4228239e+00
 -9.1585102e+00
 -8.6269722e+00
 -1.3260735e+01
 -4.3340273e+00
  2.9736886e+00
 -8.6198688e-01
 -2.0232942e+00
 -8.2640476e+00
  1.0641717e+01
  2.1925197e+00
 -6.8468065e+00
  2.7885106e+00
  7.4676533e+00
  5.5297832e+00
 -1.2140502e+01
 -6.1583161e+00
 -5.0478917e-01
  7.5998158e+00
 -4.9393730e+00
  7.3274887e-01
 -1.8938351e-01
 -4.4199071e+00
 -1.2176991e+00
  7.4241638e-01
  1.2369671e+00
 -8.9741564e+00
  1.7289964e+00
 -3.4915605e+00
  2.4133739e+00
 -5.9714284e+00
  2.6740978e+00
 -2.0088689e+00
 -2.9463058e+00
  2.1089835e+00
  1.2622650e+00
 -1.2732124e+00
 -9.8418894e+00
  6.2119203e+00
 -2.0699356e+00
 -5.6324086e+00
  2.8645902e+00
 -1.0832649e+00
 -7.8674383e+00
 -1.3457084e+00
 -7.1837568e-01
 -2.0460884e+01
 -3.6790676e+00
  2.4757552e+00
  3.4815676e+00
 -3.3429048e+00
 -2.4488509e+00
  5.5468063e+00
 -1.0186140e+01
 -2.1065998e+00
  7.4779119e+00
 -4.2028327e+00
  3.5504289e+00
 -1.1334296e+00
  3.0820775e+00
  1.2332845e+00
 -4.3771782e+00
 -3.3620119e+00
  4.9241333e+00
  4.1324821e+00
 -2.7582020e-01
 -3.9333999e+00
  7.4364161e+00
  2.3228312e+00
 -1.3087230e+01
 -3.3184516e+00
 -1.9080030e+00
  7.1175022e+00
 -1.8797314e+00
 -1.0838480e+00
 -2.3723316e+00
 -1.4271315e+00
 -1.5382844e+00
 -1.9785751e+00
  1.4985969e+00
 -9.6239489e-01
 -2.1415036e+00
  2.6189742e+00
 -3.8435466e+00
 -7.9859668e-01
  1.5501392e+00
 -9.0634519e-01
  6.8387351e+00
 -7.2187328e-01
  9.8743784e-01
 -6.3968763e+00
 -7.1753721e+00
 -2.4587638e+00
 -1.7275131e+00
  1.6253814e+00
  5.1336145e+00
  2.8453472e+00
  3.5751345e+00
  2.5979919e+00
 -1.0532025e+00
 -9.6294088e+00
 -1.8435724e+00
  5.9571843e+00
  2.8928242e+00
 -5.1577649e+00
 -3.0847268e+00
  3.3835154e+00
 -3.7905793e+00
 -1.9925727e+00
 -4.1866117e+00
 -1.7630374e+00
 -1.7353448e-01
  7.4551868e+00
 -4.9748701e-01
 -5.6610608e-01
  1.3437406e+00
  4.4463983e+00
 -1.0311691e+00
  4.0040641e+00
  4.8908478e-01
  6.6294581e-01
  8.6998835e+00
  4.1520982e+00
  1.3612921e+00
  1.7825676e+00
  8.7325853e-01
  5.2877502e+00
  8.4071559e-01
 -4.3993602e+00
 -5.2827873e+00
  3.0299034e+00
 -1.8858244e-01
 -1.5261683e+00
  9.4210386e-01
 -2.4654202e+00
 -1.9774489e+00
  5.6328822e-02
 -5.4138172e-01
 -1.3821350e+00
 -3.4522253e-01
  2.3760402e+00
  1.1925291e+00
 -3.0478082e+00
 -3.2121354e-01
  8.6164705e-02
  7.3396778e-01
  2.5734505e-01
 -1.0219620e+00
  4.2611864e-01
  3.0404624e-01
 -7.5616801e-01
 -8.4366836e-02
  6.3333726e-01
  6.9994295e-01
 -1.4047365e-01
 -1.5082015e-01
 -3.9474466e-01
 -1.6800770e+00
  5.8762777e-01
 -8.1655242e-02
 -2.7270916e-01
  4.3922484e-01
 -3.7651277e-01
  2.8320024e+00
  3.7101859e-01
 -2.6961982e-01
 -4.5711666e-01
  1.6475832e+00
  3.4902614e-01
  2.6193411e+00
  9.9626619e-01
 -1.5344206e+00
  5.5037254e-01
  8.1902105e-01
 -5.0992596e-01
  2.7674782e-01
  1.0613531e+00
 -8.6940360e-01
  3.5895801e-01
  2.5305340e+00
  1.3346559e+00
 -1.3335962e+00
  9.1013843e-01
  5.2646369e-01
 -8.2528216e-01
 -7.7151364e-01
  2.0237678e-01
 -7.6611114e-01
  3.6170292e-01
  1.4404614e+00
 -1.0520255e-01
 -1.1537153e-01
 -3.1488204e-01
 -7.0170665e-01
  7.0413202e-01
 -8.3757216e-01
  1.0104424e+01
  2.9716718e+00
  1.5697466e-01
  4.5268106e-01
  1.9129492e+00
  7.6270230e-02
  2.0413108e+00
  1.7111093e-01
 -1.7834449e+00
 -1.7024463e+00
 -6.2922883e-01
 -2.3131495e+00
  2.5038495e+00
  3.9780838e+00
 -1.3818234e-02
 -9.4251198e-01
 -5.8845592e-01
 -4.5827150e+00
  3.2420731e+00
  1.7333727e+00
 -1.3950946e+00
 -5.9548063e+00
  1.7715595e+00
  3.6748202e+00
  1.3606465e+00
  1.0212466e+00
  1.6949511e-01
 -1.0959189e+00
  3.5240824e+00
 -3.6764832e+00
 -1.6696167e+00
 -2.0434022e+00
  6.0032642e-01
  1.2927828e+00
 -5.2308626e-02
 -5.1983112e-01
 -1.8118882e+00
 -4.7175536e+00
 -1.9409502e+00
  1.1662049e+00
 -3.2866869e+00
  2.7522576e-01
 -1.5167397e+00
  1.5125934e+00
 -2.4990537e+00
 -1.7077147e+00
  2.1089420e+00
  5.4866672e-02
 -9.1022718e-01
  3.3484211e+00
 -4.6110749e-01
 -4.0327939e-01
 -9.4722889e-02
 -5.9718543e-01
  1.5804938e+00
 -2.7428311e-01
 -2.9548857e-01
 -4.6886034e+00
  2.2707756e+00
 -3.2928412e+00
 -1.3962740e+00
  3.5645387e-01
 -5.4919176e-02
 -4.3772259e-01
 -2.8639526e+00
  8.1413850e-02
 -2.3307817e+00
 -3.0437049e-01
  3.8231832e-01
 -3.7562611e+00
  2.8372085e+00
 -1.0087830e+00
  3.6943228e+00
 -2.0581720e+00
  8.0951291e-01
 -4.7449446e-01
 -9.3899524e-01
  2.4680264e+00
 -1.0661762e+00
 -6.9432056e-01
  3.5446067e+00
 -1.4761655e+00
 -2.3763032e+00
  1.9723796e+00
  9.1840732e-01
 -9.9664772e-01
  7.8131688e-01
  1.1593148e+00
 -4.2794302e-01
  1.1746523e+00
  3.9613244e-01
  7.5663346e-01
  8.5508561e-01
  4.0741377e+00
  2.7037447e-02
 -4.9104193e-01
  1.7431890e+00
  2.1096516e+00
 -1.7151944e-01
  1.6026853e+00
 -6.3805223e-01
 -5.4895329e-01
  5.3507215e-01
  6.5435940e-01
 -1.6726403e+00
 -1.3472189e+00
 -3.3146657e-02
  3.5693154e+00
 -1.3193684e+00
  1.9067341e+00
 -4.3069439e+00
 -2.5002904e+00
 -1.6021651e+00
 -6.9033879e-01
 -2.4747274e+00
 -2.7701805e+00
  3.9819503e-01
 -9.6290267e-01
 -1.2339749e+00
 -1.0909938e-01
  9.3939370e-01
  3.5621908e+00
 -2.2120836e+00
 -6.0182363e-01
 -8.1379521e-01
 -2.3198898e+00
 -8.3935982e-01
  1.1628219e+00
  2.3520926e-01
 -3.4978715e-01
 -8.2937205e-01
 -1.1491433e+00
 -3.3480487e+00
  1.4252776e-01
  3.0743423e+00
  1.9007605e+00
  6.8724811e-01
  1.7303358e+00
 -1.6522629e+00
 -1.1307261e+00
  5.7686722e-01
 -7.4297816e-02
 -4.5325422e+00
 -5.0848522e+00
  6.1233312e-01
  6.9392264e-01
 -1.1176741e+00
 -1.0954473e+00
 -1.7539097e+00
  1.1242628e+00
 -8.1661940e-02
 -1.3734781e+00
 -1.6110766e-01
 -4.5590215e+00
 -1.8098056e+00
  5.5427772e-01
  1.6129562e+00
 -9.6720487e-01
 -2.3891926e+00
 -3.8120326e-01
 -6.6396236e-01
 -6.0969788e-01
 -1.5027799e-01
 -1.9172139e+00
  4.7541432e+00
 -3.0727265e+00
 -1.6724187e+00
 -1.5244939e+00
  1.7920280e+00
  1.4512869e+00
  9.9232346e-01
 -2.5993555e+00
 -2.2844367e+00
  7.0276694e+00
  2.1396616e+00
  2.4825659e+00
  6.8413955e-01
  6.8797016e+00
  1.2390875e+00
  2.2206781e+00
  9.5551342e-01
  5.2314610e+00
  1.9024923e+00
  3.9379809e+00
  1.6671507e+00
 -8.6160205e-02
 -3.8259965e-01
  4.0211561e-01
  2.7892345e-01
  5.0788397e-01
  9.6527767e-01
 -2.4933799e-01
 -7.2391880e-01
 -1.7997640e+00
  1.8226007e+00
 -6.6780490e-01
  2.4750583e+00
 -2.1994290e+00
  1.5654023e+00
  1.4234736e+00
  5.1327038e-01
 -4.2741103e+00
  8.9900576e-02
 -7.1977150e-01
 -1.1102129e+00
  1.9676584e-01
  6.2238634e-01
 -9.9673438e-01
 -9.5116299e-01
  1.4159138e+00
  1.5860064e+00
 -6.2736076e-01
 -1.5192915e+00
 -1.5994533e+00
 -1.6388774e-01
 -2.8894758e+00
 -4.1400452e+00
 -1.3880913e+00
 -2.6764235e-01
 -2.8850129e+00
  1.1368163e+00
 -1.1413807e+00
  8.6959511e-01
  1.6097683e-01
 -9.8920768e-01
 -6.0812922e+00
 -4.1288080e+00
  5.8208293e-01
 -5.4851276e-01
  2.3511963e+00
 -9.1087300e-01
  1.7889266e-01
  7.3475850e-01
 -4.0351383e-02
 -2.1088111e+00
  1.0467348e+00
  2.2768130e+00
  6.1575252e-01
  1.5672748e+00
  2.0150232e+00
 -3.7036583e-01
 -3.8842504e+00
  6.5945011e-01
 -9.5238596e-01
 -2.8986853e-01
 -1.1362550e-01
 -1.7948942e+00
 -2.9427996e+00
  6.1111724e-01
 -1.0055369e+00
 -2.2447724e+00
  2.0013883e+00
 -5.4202813e-01
  1.9949535e-01
 -1.8474160e+00
  3.9750889e-01
 -1.8994384e+00
 -3.1962495e+00
 -1.2402406e+00
  1.1887540e+00
 -2.6257095e+00
  2.3782442e+00
 -4.1785592e-01
  1.0354199e-01
  1.5023810e+00
 -5.9140797e+00
 -1.1311865e+00
 -1.9044076e+00
  1.1793238e+00
 -6.0633458e-03
 -7.7386630e-01
  1.1262467e+00
  4.7542477e+00
  8.6354327e-01
  1.0569997e+00
  1.2238404e+00
  3.7120743e+00
  2.8370643e-01
 -3.0887136e+00
 -2.1222773e+00
  2.0154617e+00
 -1.8512943e+00
  1.2011184e+00
  2.2859075e+00
  1.1192348e+00
  9.4013266e-02
  3.1060224e+00
 -1.5419745e+00
 -1.7474942e+00
 -2.3506246e+00
 -3.6308308e+00
 -2.3243818e+00
  3.8221103e-01
 -2.8639348e-02
  1.0508458e-01
 -2.9707304e-01
  1.8305522e+00
  2.2337229e+00
 -4.2367980e-01
  4.4828582e-01
  8.9712787e-01
  1.6209236e+00
  1.6946683e+00
 -2.9979223e-01
  2.4684093e+00
  2.8992372e+00
 -7.5010347e-01
  3.0961452e+00
  3.7080720e-03
  2.4303317e+00
  6.1358559e-01
  3.8490167e-01
  6.9149178e-01
  3.8793515e-02
  1.3414462e+00
  5.5719262e-01
 -3.4045073e-01
 -2.7268662e+00
 -3.0136979e+00
  5.1901274e+00
  1.7573740e+00
 -2.7145514e+00
 -7.9840523e-01
 -6.7511845e-01
  1.6948998e+00
 -2.6971092e+00
  7.6399624e-01
 -3.3967762e+00
  4.9432009e-01
  1.5272858e+00
  3.7884980e-01
  1.6138476e+00
 -4.2122215e-01
  7.2741139e-01
 -2.5526905e+00
  3.1032960e+00
 -1.6266301e+00
  3.4860973e+00
 -3.1368196e-01
  1.7579998e+00
  1.0476040e-01
 -5.3162962e-01
  3.9206023e+00
 -7.4776642e-02
  1.5337298e+00
  6.9176471e-01
 -1.8553908e+00
  1.8300409e+00
  4.9842870e-01
  1.1181727e-01
  3.3032286e+00
  7.4587262e-01
  1.1969857e+00
  3.4197712e+00
 -4.4459042e-01
 -1.1358728e+00
  1.2997540e+00
  5.2797794e-01
  4.7407663e-01
 -2.0303540e+00
 -2.0517938e-01
  9.4439930e-01
  2.0420475e-01
 -1.3851531e+00
 -1.8607646e+00
  1.7506571e+00
  2.7496260e-01
 -8.6994857e-01
 -5.0977886e-01
 -2.0505478e+00
 -9.3431574e-01
 -9.7656673e-01
  3.5600781e+00
  1.8024588e-01
  3.0436608e-01
  2.2801969e+00
  2.6224508e+00
  2.4881430e+00
  2.1653883e-01
 -5.4851955e-01
 -2.4541931e-01
 -1.9104677e-01
 -5.2474666e+00
 -6.4208412e-01
 -3.1830399e+00
  6.2674157e-02
  3.3595922e+00
 -1.1148688e+00
  1.6066160e+00
 -4.0777937e-01
 -4.0038267e-01
  1.4036578e-01
 -1.4059180e-01
  1.1896896e+00
 -1.2556130e+00
  1.2566539e+00
 -2.2375474e+00
  1.5098023e+00
  2.4100647e+00
 -9.7318966e-04
 -1.0833590e+00
  2.3746843e+00
 -1.1730013e+00
 -1.9663658e+00
  1.2120035e+00
 -1.5103844e+00
  2.7829885e+00
  2.9620904e-01
 -7.3558888e-03
 -4.8683647e-02
  3.7829050e-01
  7.6765710e-01
 -1.2792820e+00
 -6.4247555e-01
 -5.1318377e-01
  5.5092460e-01
 -8.4375477e-01
 -1.4800125e+00
  3.7318817e-01
  3.4204155e-01
 -3.1323454e-01
  6.8712783e-01
  8.2135391e-01
 -2.2710862e+00
  3.2704020e+00
  3.5594950e+00
 -4.7168887e-01
  3.5072970e-01
  9.0930417e-02
 -1.8571891e+00
 -1.1464440e+00
 -1.6968794e+00
  9.3968123e-01
  2.5573730e+00
 -4.0407829e+00
  2.6521506e+00
  3.1813776e+00
 -1.7519016e+00
  8.3835322e-01
 -2.1824203e+00
  1.8384479e+00
 -9.9258256e-01
 -1.2859174e+00
  1.3577251e+00
 -4.6381496e-02
  2.5428882e+00
 -2.3289165e+00
  8.1729525e-01
 -2.5316613e+00
 -6.4339149e-01
 -3.0636914e+00
  1.8938199e+00
 -7.4712686e-02
  1.7870215e+00
  1.0571222e+00
 -1.5523242e+00
  7.5957620e-01
  8.6469084e-02
  2.7995572e+00
 -2.7808416e-01
 -5.8069187e-01
  3.4497414e+00
 -1.7536069e+00
  1.2834549e+00
 -1.9878982e+00
 -3.2112048e+00
 -3.2590642e+00
  2.6598134e+00
 -2.5326867e+00
  1.3040389e+00
  9.9063396e-01
 -1.3207672e+00
  2.2078401e-01
  2.8525178e+00
  2.5536730e+00
  2.8902338e+00
 -5.3275723e+00
 -1.6543263e+00
  1.6458321e+00
  4.5041771e+00
  1.8724059e+00
  6.6268295e-01
  3.3176059e-01
  2.7149832e+00
  5.2430439e-01
 -1.0588773e+00
  1.2026260e-01
 -6.2486404e-01
  1.1485627e-01
  1.5735407e-01
 -2.2016788e+00
 -8.2708734e-01
 -1.4605656e+00
 -2.1009903e+00
 -4.9614838e-01
 -7.1441144e-01
 -4.7974393e-01
 -2.1092592e-01
  1.2656900e+00
 -4.9980140e-01
 -1.6427047e+00
  2.0611592e-01
  1.0287845e+00
 -1.6115946e+00
  4.9338633e-01
  1.3460555e+00
 -1.2752951e+00
 -1.7769333e+00
  1.5699542e+00
 -1.1183156e-01
 -1.3066990e+00
 -8.6328059e-01
  1.3089528e+00
 -6.6327697e-01
 -5.7604688e-01
 -4.3661371e-02
 -6.0787380e-01
 -7.7731758e-01
  8.5114129e-02
 -8.8722423e-02
  1.3165939e-01
  7.1773314e-01
  2.1783872e+00
 -7.9164171e-01
  7.4379301e-01
 -3.9189081e+00
 -1.1292588e+00
 -3.8007443e+00
  4.7655149e+00
 -3.2528729e+00
 -5.0361948e+00
  2.6272225e-01
 -1.9874537e+00
  2.8575566e+00
 -1.4449257e+00
 -6.6408318e-01
 -2.8775747e+00
 -3.0391028e+00
  1.3119822e+00
 -8.4976792e-01
  1.3151248e+00
  8.1779236e-01
  2.9525855e+00
 -1.1808704e+00
  4.1742465e-01
  2.0104778e-01
 -5.4884571e-01
  1.1183790e+00
 -9.7759724e-01
  3.3315127e+00
 -1.8082387e+00
 -4.9973804e-01
 -2.2518177e+00
 -1.7501167e+00
 -2.0843682e+00
 -9.6850145e-01
  1.0521230e+00
 -2.0379896e+00
  6.4632064e-01
 -5.7531536e-01
  9.7616935e-01
 -1.8969144e+00
  1.6833571e+00
  2.1365843e+00
  1.8282291e+00
  4.5871684e-01
  1.0938963e+00
  2.4992943e+00
  3.2854030e-01
  2.9423031e-01
 -4.4469255e-01
  1.3790166e+00
  6.2095916e-01
  1.6055560e+00
 -1.1248127e+00
  1.8793528e+00
 -4.7815719e-01
  1.6193420e+00
 -7.2311521e-01
 -4.7046301e-01
  3.6731958e-01
 -1.0892793e+00
  2.1296320e+00
  3.5874109e+00
  2.8330064e+00
 -2.8574479e+00
 -1.1839148e+00
  2.0758417e+00
  9.5560825e-01
 -6.7122859e-01
 -4.3055844e+00
 -3.0643513e+00
 -2.8077095e+00
 -8.0866581e-01
 -1.4554877e+00
 -4.2009797e+00
 -1.9206396e+00
  4.5618567e-01
  1.4468434e+00
 -2.9744750e-01
  1.3896891e-01
  1.0622725e+00
  1.8406339e+00
  1.5530818e+00
  5.9027058e-01
  3.0447180e+00
  7.4409658e-01
  3.8619912e-01
  1.2726393e-01
  1.5209074e+00
  5.4135841e-01
 -1.8568550e+00
 -2.0752619e-01
  3.8225612e-01
  5.6887257e-01
 -1.8690751e+00
 -9.1215685e-02
 -1.2227120e+00
  1.0997564e+00
 -1.0319080e+00
 -1.8243735e-01
 -6.0323805e-01
  4.4020328e-01
 -1.9098456e-01
 -1.0103621e-01
 -1.4692128e+00
  4.2279121e-02
  1.4182193e+00
 -2.0596297e-01
 -2.0412593e+00
 -1.4381869e+00
  7.8527026e-02
  3.2519618e-01
  4.8667678e-01
 -5.9681499e-01
  1.2159175e+00
  1.5084024e-01
  2.4642317e+00
  1.8681861e+00
 -1.0714382e+00
  9.3296105e-01
  6.5094692e-01
 -1.6775924e+00
 -7.2268689e-01
 -1.0779175e+00
 -2.4211557e-01
 -8.5413969e-01
 -1.9102570e+00
 -2.3003263e+00
 -1.0298302e+00
 -1.3346735e+00
  8.6366808e-01
  6.6033494e-01
  3.3915827e-01
  1.2135123e+00
 -7.7957249e-01
  1.6327121e+00
  1.6117353e+00
 -1.2734408e-02
 -1.3962879e+00
  1.5674279e+00
  4.5190713e-01
  9.8521709e-01
 -1.5215375e+00
 -1.5315702e+00
 -8.0963111e-01
 -3.4756857e-01
  1.1795815e+00
 -9.9295539e-01
 -9.6783441e-01
  7.8819680e-01
  1.6490388e+00
 -5.6439233e-01
 -3.3192742e-01
 -6.2130195e-01
  6.3773400e-01
  7.9025811e-01
 -2.3157682e+00
 -1.3915856e+00
 -1.8470587e+00
  6.3324541e-01
  2.2676811e+00
 -7.5079232e-01
  1.0527586e+00
  6.8325043e+00
  2.5590205e+00
  7.3324656e-01
 -1.1402474e-01
 -1.3885170e+00
 -1.9702017e+00
 -4.8171458e-01
  9.9711949e-01
 -1.0527619e+00
 -1.2503542e+00
  1.5024614e+00
  1.7147875e+00
  2.2474620e+00
  3.6110532e-01
  9.1330856e-01
  1.4842302e+00
  2.2667167e+00
  1.8414172e+00
  1.0123247e+00
 -1.0774937e+00
  7.4242687e-01
  5.6595874e-01
  2.9695624e-01
 -1.6395432e-01
 -6.1427313e-01
  7.7067427e-02
  1.9825045e+00
 -1.6359349e-01
 -7.7648592e-01
  2.8466508e-01
  8.5122317e-01
  3.5940644e-01
 -5.1844001e-01
  6.8106896e-01
 -9.9386191e-01
 -4.2466915e-01
 -5.5029637e-01
  2.1224040e-01
 -1.6541787e+00
  3.6287269e-01
 -1.0228473e+00
  4.1128078e-01
 -3.6520514e-01
  1.8322207e-01
 -1.0672612e-01
  5.8922321e-01
  3.7028241e-01
  2.8176937e+00
 -3.7043772e+00
  6.7470713e+00
 -1.5826067e+00
 -1.3239316e+00
 -2.2410908e+00
  3.1860404e-02
 -3.4814081e+00
 -2.5928888e+00
  1.7239900e+00
 -9.2581981e-01
 -1.1440656e+00
  7.4276453e-01
  2.0936720e+00
  5.9050399e-01
  1.8493179e+00
  6.5058726e-01
 -1.1412038e+00
  2.4326251e+00
  2.6163876e+00
  4.2215735e-01
 -1.2979312e+00
  7.1982421e-02
  3.3655110e-01
  1.3744421e+00
  2.0675127e-01
 -3.3000402e+00
 -6.6561842e-01
  2.3829982e+00
  1.4580190e+00
 -4.0415068e+00
 -2.2059831e-01
  3.0175608e-01
  1.2974389e+00
 -9.8286122e-01
  2.8363803e-01
 -1.6456201e+00
  1.3673844e+00
  1.4071033e+00
  4.0944982e-01
 -2.6257610e+00
  9.2420077e-01
  1.5373181e+00
  4.5117241e-01
 -2.3113859e+00
 -4.1568401e-01
  4.7854549e-01
  6.3229048e-01
 -2.0081124e+00
 -2.0434813e-01
  4.1235492e-01
  1.7711791e+00
 -3.8743143e-03
 -4.1241732e+00
  2.6135159e+00
 -3.0012302e+00
 -3.3072300e+00
  1.7681671e+00
 -1.8301109e+00
  2.3292553e+00
  1.1804591e+00
  9.1848427e-01
 -1.8544141e+00
  1.4719318e+00
  1.6057093e+00
 -1.1445244e-01
 -1.0212549e+00
 -1.8516527e+00
 -7.6347423e-01
  2.0558684e+00
  2.7123821e+00
 -2.6258388e+00
 -1.2244905e+00
  2.2479839e+00
  3.6898217e-01
 -7.2492838e-02
  1.0734838e+00
  1.3320528e+00
 -2.2030656e+00
  1.0396948e+00
  1.9343654e+00
 -1.0863547e+00
 -3.0710318e+00
  2.8532502e-01
  3.2697469e-03
 -9.4740850e-01
  2.5734854e-01
 -2.0150137e+00
 -3.4248965e+00
  1.1510861e-01
  1.9220780e+00
 -1.7904253e+00
 -2.2387600e+00
  2.0007782e+00
  1.6544303e+00
 -7.2596520e-01
  4.4474515e-01
  1.1081982e+00
  4.4419074e-01
  2.8222230e-01
  1.8455631e+00
  5.7739478e-01
  9.0866880e-03
  9.0866880e-03
  9.0866880e-03
  9.0866880e-03
  9.0866880e-03
  9.0866880e-03
  9.0866880e-03
  9.0866880e-03
  9.0866880e-03
  1.9186223e-02
  1.9186223e-02
  1.9186223e-02
  1.9186223e-02
  1.9186223e-02
  1.9186223e-02
  1.9186223e-02
  1.1170427e-02
  1.1170427e-02
  1.1170427e-02
  1.1170427e-02
  1.1170427e-02
  1.1170427e-02
  1.1170427e-02
  4.8747649e-03
  4.8747649e-03
  4.8747649e-03
  4.8747649e-03
  4.8747649e-03
  4.8747649e-03
  4.8747649e-03
  1.7242681e-03
  1.7242681e-03
  1.7242681e-03
  1.7242681e-03
  1.7242681e-03
  1.7242681e-03
  1.7242681e-03
  3.1147236e-03
  3.1147236e-03
  3.1147236e-03
  3.1147236e-03
  3.1147236e-03
  3.1147236e-03
  3.1147236e-03
  7.8870944e-04
  7.8870944e-04
  7.8870944e-04
  7.8870944e-04
  7.8870944e-04
  7.8870944e-04
  7.8870944e-04
