0 -0.0037178193 -0.0032623949 -1.424e-07 3.5351294567 3.5769052574 3.6013078803 3.6219056497 3.6257206751 3.6928675843 3.7050428831 3.7247334628 3.7988229372 3.8240186597 3.8525660162 3.9148153207 4.1809924786 4.2030351066 4.3614247245 4.3850526998 4.4673701203 4.4758705611 4.4857152923 4.4868232567 4.531957803 4.5328084231 4.5432363463 4.5512562816 4.5900241411 4.613555512 4.7227824428 4.7396255043 4.767333559 4.8905432402 4.8972233864 5.0605387457 5.3543381584 5.4045816032 5.4964469775 5.4978666788 5.5139236839 5.5623932822 5.5722707501 5.5789798233 5.697142702 5.70583724 5.709551338 5.7488317652 5.8290105727 5.8385688713 6.2832219708 6.3009904434 6.3514497714 6.3756190912 6.3806835233 6.4623848765 6.4985822846 6.5406902886 6.5488265261 6.5636472131 6.5917067104 6.6420421401 6.6676917982 6.7546137738 6.7609196888 6.8403360424 7.0780507248 7.1042799727 7.1051182833 7.1067917364 7.1300631459 7.3521224864 7.377398475 7.4142216292 7.4373301453 7.4558870962 7.5005655789 7.6166803509 7.6385977086 7.6857898673 7.7334270997 8.7065607429 8.9624692637 8.9807242347 9.1314746947 9.1480977458 9.1700842944 9.1765836516 9.3879049111 9.4096464291 9.5686662755 9.5880780604 9.9305397776 9.9533893895 10.3024169726 10.3187755908 11.8067597623 16.2230557027 16.6563342083 16.740804005 16.7774336073 16.8106173459 16.8139863216 16.8693503268 16.928011318 16.987025732 17.002967143 17.1552393846 17.2664746716 17.3233802337 17.3992672386 17.4559872981 17.512909031 17.5415823126 17.5675431907 17.6085144179 17.6226747052 17.7354479898 17.7907601847 17.8664221023 17.9185287588 17.94649121 18.028857697 18.1578447812 18.2043860523 18.2972367204 18.4534196527 18.4768113229 18.5242263343 19.5225437084 19.5629870333 19.5918897136 19.6096980076 19.6389101768 19.7563184189 19.7845292521 20.1725597476 21.3841013851 21.4177587422 21.4752629273 21.4816076125 21.6265855641 21.6567711091 21.965836725 21.9754016668
1 0.046777807 0.0486916355 0.0797125302 3.5353174959 3.577069192 3.601471141 3.6220207868 3.6258817984 3.692712876 3.7048882104 3.7248341016 3.7955971669 3.8264756863 3.8523159597 3.9144917092 4.1624550657 4.2211812253 4.3611825873 4.3848096424 4.467369629 4.4760162084 4.4844605634 4.486829503 4.5327580125 4.5329635864 4.5392676916 4.5547939971 4.5898707644 4.6134019305 4.7229887612 4.7397750032 4.7671201267 4.8907585426 4.8974554295 5.0606032817 5.3544578935 5.4046857237 5.4921132213 5.5015455657 5.5133369089 5.562244609 5.5722152646 5.5788331155 5.6973643216 5.7060616619 5.7094426028 5.7487197378 5.8141416596 5.8522837723 6.2827815845 6.3010634755 6.3515134209 6.3547482694 6.402316937 6.4622667477 6.4985593707 6.5406708625 6.5488645759 6.5638383103 6.591895276 6.6420559905 6.6677844902 6.7541890958 6.7605089121 6.8403308504 7.0778495755 7.1040869664 7.1049246827 7.10669529 7.1299671985 7.351969221 7.3772457768 7.4130318837 7.4362437064 7.4555670494 7.5002385724 7.6169091261 7.6388278292 7.6867074125 7.7342373618 8.7063904682 8.9628109368 8.9810668705 9.1007046216 9.1703723839 9.1768673713 9.1789606892 9.3878772439 9.4096189045 9.5686020385 9.5880142383 9.9303447958 9.9531929757 10.3021701062 10.3185451503 11.8063961415 16.2236297537 16.6563900619 16.7405920158 16.777489607 16.8106286024 16.8137817629 16.8682752 16.9280221511 16.9882064588 17.0027654537 17.1550567602 17.2662911508 17.3228190348 17.3990473548 17.455285018 17.5126941256 17.5415369453 17.5674622938 17.6084659406 17.6225941866 17.735349317 17.7906639327 17.8661816607 17.9182919394 17.9465045025 18.0288918685 18.1578097025 18.204350474 18.2973571309 18.4532536191 18.4766289779 18.5241084357 19.5225424165 19.563038608 19.5919413376 19.6082249952 19.6405741313 19.7562744603 19.7844856827 20.1725307153 21.3840748568 21.4177383074 21.4752175261 21.4815358545 21.6266245404 21.6568156738 21.965728808 21.9752701189
2 0.0938755834 0.0975856643 0.159331051 3.5358819725 3.5775608896 3.6019608187 3.6223656486 3.6263655903 3.6922497498 3.7044254523 3.7251354662 3.7880063697 3.8317625129 3.8515676664 3.9135231987 4.1356916216 4.2467707511 4.3604566641 4.3840809663 4.4673685936 4.4764525029 4.4809261672 4.4868472731 4.5324669605 4.5334499105 4.5349328876 4.560282607 4.5894102957 4.6129408994 4.7236062973 4.74022283 4.7664793083 4.8914029071 4.8981497333 5.0607965142 5.3548161996 5.4049973388 5.4864907181 5.5052054126 5.5115902202 5.5617989143 5.5720373101 5.5783933188 5.6980285369 5.706734432 5.7091165705 5.7483838494 5.7943102382 5.8686346912 6.281463357 6.3012830931 6.3324499897 6.3517095661 6.4269148598 6.4619144212 6.4984915438 6.5406134794 6.5489767379 6.5644111348 6.5924605177 6.6420982801 6.6680618033 6.7529165172 6.7592773744 6.8403151537 7.0772467967 7.1035083054 7.1043445589 7.106405956 7.1296793731 7.3515098009 7.3767880589 7.4095128872 7.433022419 7.4546081688 7.499258799 7.6175945871 7.6395173207 7.6894099719 7.7366303043 8.7058797211 8.96383487 8.9820936839 9.063071135 9.1712363998 9.1777206024 9.2168723474 9.3877946484 9.4095367361 9.568409334 9.5878227822 9.9297599972 9.9526038819 10.301429562 10.3178537861 11.8053053933 16.2253502481 16.6565580081 16.7399570578 16.7776579879 16.8106624587 16.8131690833 16.8651784393 16.9280547245 16.9916189065 17.0021609349 17.1545093555 17.2657410745 17.3211377389 17.3983875214 17.4531827354 17.5120491994 17.5414010336 17.567220008 17.6083206964 17.6223530499 17.7350537403 17.7903756088 17.8654616386 17.9175827849 17.9465451205 18.0289944121 18.157705073 18.2042443373 18.2977153636 18.4527557341 18.4760823129 18.5237544054 19.5225384858 19.5631932691 19.592096146 19.6045283655 19.6448431551 19.7561426173 19.7843550064 20.1724434678 21.383995456 21.4176771354 21.4750814493 21.4813207836 21.6267415738 21.656949416 21.9654052571 21.9748757347
3 0.1409071881 0.1464223822 0.2389475246 3.5368239621 3.5783800321 3.6027765999 3.6229385943 3.6271733146 3.6914811787 3.7036583561 3.7256359098 3.7782463498 3.8376894897 3.8503273804 3.9119167146 4.1078532855 4.2726524361 4.3592484179 4.3828681564 4.4673683242 4.4755816093 4.477193328 4.4868780004 4.5249139117 4.5342159684 4.5380042696 4.565698908 4.5886417179 4.612171561 4.72463083 4.7409669283 4.7654096129 4.8924717121 4.8993008513 5.0611173177 5.3554104019 5.4055142283 5.4801886334 5.5082344074 5.5087299434 5.5610571741 5.5717054748 5.5776614138 5.6991334143 5.7078539288 5.7085737599 5.7478246815 5.77323652 5.8838456539 6.2792759639 6.3016508508 6.3111775095 6.3520357812 6.4520781377 6.4613340646 6.4983815435 6.5405208198 6.549157166 6.5653642889 6.5934010728 6.6421711639 6.6685215098 6.7508003713 6.7572274762 6.8402885906 7.0762443866 7.1025450582 7.1033799323 7.105923759 7.1291997191 7.3507453507 7.3760264463 7.4038046875 7.4277736056 7.4530142268 7.4976299949 7.6187341469 7.6406635804 7.6937579953 7.7404991625 8.7050287311 8.9655378154 8.9838014058 9.0252800352 9.1726753005 9.1791409002 9.2551345687 9.3876583408 9.4094011374 9.5680881818 9.587503724 9.9287858211 9.9516225515 10.3001955065 10.316701372 11.8034878605 16.2282122181 16.656839201 16.73890216 16.7779398939 16.810719176 16.8121512704 16.8603854794 16.9281092612 16.9969343067 17.0011552326 17.1535985744 17.2648259008 17.3183432278 17.3972871955 17.4496940095 17.5109736266 17.541175146 17.5668175453 17.6080792474 17.6219525494 17.7345625825 17.7898965068 17.8642659381 17.9164051998 17.9466152731 18.0291654227 18.1575327089 18.2040694308 18.2983025334 18.4519266453 18.4751724368 18.5231632533 19.5225317518 19.5634508285 19.5923539485 19.599724832 19.6505992395 19.755922988 19.784137318 20.1722975545 21.3838637343 21.4175756229 21.4748550762 21.480963009 21.6269369767 21.6571724797 21.9648666711 21.974219292
4 0.1879277297 0.1952310537 0.3185377876 3.5381452497 3.5795260885 3.6039179617 3.6237369178 3.6283070691 3.6904120329 3.7025930489 3.7263327178 3.7670969398 3.8434788196 3.8486137086 3.9096836478 4.0794356159 4.2983305355 4.3575602808 4.3811736777 4.4673709876 4.4689021631 4.4782086007 4.4869240973 4.516793297 4.5353075323 4.5415361068 4.5708202697 4.5875633276 4.6110924947 4.726055439 4.742003652 4.7639088639 4.8939572829 4.9008998045 5.0615638177 5.3562361182 5.4062327534 5.4732199837 5.5047799277 5.5106597898 5.5600210194 5.5711760909 5.5766390388 5.700675682 5.7078150294 5.7094165281 5.7470432022 5.7511054205 5.8976384738 6.2762334802 6.2911519202 6.3021693107 6.3524965827 6.4605359122 6.4776685393 6.4982339252 6.5403973315 6.5493964924 6.5666954533 6.5947146802 6.6422780475 6.6691600868 6.7478477747 6.7543632877 6.8402505608 7.0748456431 7.1011989996 7.1020341278 7.1052487582 7.1285283198 7.3496777252 7.3749627955 7.3961100636 7.4206562535 7.4507914869 7.4953583736 7.6203235203 7.6422622983 7.6995495531 7.7456858851 8.7038378768 8.9679143582 8.9861846335 8.9875747726 9.174687435 9.1811274367 9.2935134239 9.3874703382 9.4092141219 9.5676386178 9.5870571192 9.927422999 9.9502497219 10.2984682209 10.3150877008 11.8009441149 16.2322074105 16.6572355585 16.7374323719 16.7783372254 16.8107332977 16.8107991921 16.8542936522 16.9281861354 16.9997510855 17.0037497878 17.152326755 17.2635480566 17.3144469007 17.3957454863 17.444841064 17.5094663766 17.5408602252 17.5662569174 17.6077425253 17.6213947667 17.7338780411 17.7892287764 17.8626010379 17.9147656684 17.9467186039 18.0294050851 18.1572956206 18.2038287123 18.2991041951 18.45076743 18.4739011946 18.5223333753 19.522521942 19.5638109727 19.592714428 19.5944721286 19.6571824971 19.7556157359 19.7838327761 20.1720922263 21.3836806081 21.4174344284 21.4745390382 21.4804635441 21.6272112674 21.6574851038 21.9641140463 21.9733020844
5 0.2349498674 0.244013174 0.3980886669 3.5398483189 3.5809983145 3.6053841719 3.624756889 3.6297697724 3.6890489154 3.7012378156 3.7272221509 3.7548119944 3.84632032 3.8490119157 3.9068396388 4.0505429652 4.3237004051 4.3553956627 4.3790009595 4.4611707714 4.4673795811 4.4795227683 4.4869887238 4.5081679661 4.5367119854 4.5452334914 4.5756076008 4.5861727244 4.6097017405 4.7278706676 4.743327111 4.761974989 4.895848936 4.9029342213 5.0621333936 5.3572873682 5.4071479462 5.4655893702 5.4998335821 5.5124592898 5.5586927415 5.5704020134 5.5753284948 5.7026501664 5.7068415463 5.7114072558 5.7279871454 5.746040772 5.9098215542 6.2723548503 6.2725973272 6.3028419998 6.353095819 6.4595341986 6.4980547831 6.5035819025 6.5402492013 6.5496823435 6.5684014026 6.5963981952 6.6424233455 6.6699729618 6.7440684871 6.7506906354 6.8402002283 7.0730551163 7.0994726212 7.1003117109 7.1043810545 7.1276652931 7.3483094603 7.3735996472 7.3866621549 7.4118587991 7.4479486697 7.4924525985 7.6223567616 7.6443074976 7.7065527588 7.7520033899 8.7023076793 8.9500272303 8.9709574686 8.9892358981 9.177270479 9.1836783924 9.3319506968 9.387233446 9.40897849 9.5670606971 9.5864830509 9.9256725522 9.9484864232 10.2962481072 10.3130124907 11.7976749578 16.2373243262 16.657749753 16.7355547641 16.7788526299 16.8089221158 16.8109031238 16.8472734426 16.9282858759 16.9979523175 17.0116871448 17.1506971655 17.2619109339 17.30946457 17.3937611751 17.4386542537 17.507526034 17.5404575802 17.5655409227 17.6073118243 17.6206825976 17.7330031782 17.788375413 17.8604759575 17.9126732201 17.9468601337 18.0297137115 18.1569979894 18.2035262749 18.3001008606 18.4492795928 18.4722711626 18.5212626195 19.5225086783 19.564273264 19.5890810468 19.593177143 19.6642791298 19.7552210901 19.7834416026 20.1718264393 21.3834473543 21.41725447 21.4741342166 21.4798238026 21.6275651672 21.65788762 21.9631487736 21.9721259181
6 0.2819790911 0.292765675 0.4775887756 3.5419363362 3.5827957512 3.6071742881 3.6259938118 3.6315651448 3.6873997992 3.69960261 3.7282995059 3.7414836357 3.8436937918 3.8539876958 3.9034043003 4.0212092262 4.3487267316 4.3527599475 4.3763543755 4.4525851704 4.4673978955 4.4811307287 4.4870758329 4.4990549254 4.5384291168 4.5489196 4.5800580065 4.5844667954 4.6079968662 4.7300647246 4.7449268688 4.7596085192 4.8981330478 4.9053885177 5.0628226817 5.3585567185 5.4082536277 5.4573018342 5.4939405856 5.5136585262 5.5570752999 5.5693396371 5.573732753 5.70371761 5.7051245259 5.705657026 5.7139413403 5.7448191369 5.9201934416 6.2557608932 6.2676632419 6.3036733534 6.353838392 6.4583470647 6.4978526921 6.5297227729 6.5400843141 6.5499999777 6.5704780268 6.5984476096 6.6426122108 6.6709547924 6.739474748 6.7462171954 6.8401365263 7.0708785419 7.0973691529 7.0982184034 7.1033207904 7.126610792 7.3466436077 7.3719400767 7.375696888 7.4015786517 7.4444969084 7.488923738 7.6248263182 7.6467915903 7.7145335089 7.7592561858 8.7004387941 8.9126835152 8.9746571479 8.9929457543 9.1804214437 9.1867914783 9.3704191198 9.3869512379 9.4086978174 9.5663544995 9.5857816352 9.9235357897 9.9463339757 10.2935356959 10.3104753926 11.7936814211 16.2435482754 16.6583851989 16.7332784288 16.7794894893 16.8067266398 16.8110317712 16.8396267222 16.928409171 16.9957638281 17.0204346406 17.1487139988 17.2599188832 17.3034163206 17.3913327449 17.4311713698 17.5051508268 17.5399688766 17.5646731287 17.6067887913 17.6198197338 17.7319419058 17.787340243 17.8579022044 17.9101393787 17.9470461856 18.0300917913 18.1566451342 18.2031673006 18.30126867 18.4474650617 18.4702856418 18.5199483761 19.5224914802 19.5648371405 19.5837014511 19.5937415236 19.6717354281 19.754739345 19.7829640827 20.1714988591 21.3831656047 21.4170369201 21.4736417399 21.4790455945 21.627999595 21.6583804505 21.9619726346 21.9706931064
7 0.3290187388 0.3414842397 0.5570271669 3.5444131297 3.5849172237 3.6092871573 3.6274420981 3.6336976822 3.6854730515 3.6976975696 3.7271504842 3.7295592084 3.8405854222 3.8585643718 3.8994009142 3.9914478109 4.3496543431 4.3732390992 4.3733997846 4.4432652358 4.4674304655 4.4830327704 4.4871900882 4.489462799 4.540458997 4.5524931259 4.5824416974 4.5841791437 4.6059751681 4.7326236969 4.7467774048 4.7568233994 4.9007931507 4.9082441083 5.0636275802 5.360035455 5.4095425496 5.4483641777 5.4871590432 5.514273342 5.555172331 5.5679530612 5.5718554637 5.6787543158 5.7042574426 5.7078872188 5.7167866332 5.743380456 5.9285362437 6.2409082632 6.2621853105 6.3046686456 6.3547301366 6.4569964357 6.4976369708 6.5399122 6.550332981 6.5560012379 6.5729203577 6.6008580774 6.6428502746 6.6720997382 6.7340811103 6.7409525758 6.8400581626 7.0683227567 7.0948925799 7.0957609862 7.1020681478 7.125365007 7.3446829752 7.3634353673 7.3699870718 7.3900075224 7.4404496941 7.4847852052 7.6277230976 7.6497054458 7.7232738493 7.7672556743 8.6982320008 8.8755833423 8.9790025376 8.9973028938 9.1841366764 9.1904639803 9.3866280316 9.408373131 9.4089043963 9.5655201356 9.5849530294 9.9210143054 9.943793987 10.2903316562 10.3074760014 11.7889647684 16.2508614467 16.6591460367 16.7306144789 16.7802519032 16.8041577329 16.8111861232 16.8315839481 16.9285568749 16.9931915792 17.0297498538 17.1463823659 17.2575772054 17.2963263329 17.3884584206 17.4224368292 17.5023386648 17.5393961237 17.5636578492 17.6061754138 17.618810639 17.730698967 17.7861279065 17.8548937064 17.9071780963 17.9472842916 18.0305400485 18.1562434686 18.2027580022 18.3025801725 18.4453261828 18.4679486501 18.5183876875 19.5224697688 19.5655019178 19.5784113958 19.5944068788 19.6794686613 19.7541708608 19.7824005655 20.1711078667 21.3828373375 21.4167831998 21.4730629812 21.47813112 21.628515662 21.6589641043 21.9605877961 21.9690064634
8 0.3760712321 0.3901641387 0.6363929835 3.5472831634 3.5873613385 3.6117214141 3.6290953555 3.6361726186 3.6832737454 3.6955247992 3.7118442685 3.7309948316 3.8370463651 3.8627288719 3.8948561872 3.9612645059 4.3460895367 4.3696616573 4.39770826 4.4332885862 4.4674825006 4.4793984808 4.4852294516 4.4873371653 4.5428017038 4.5558975316 4.5800928384 4.587981575 4.6036343871 4.735531684 4.7487505824 4.7537349359 4.9038100583 4.9114796364 5.0645432543 5.3617137705 5.4110065471 5.4387853357 5.4795414826 5.5143217636 5.5529881592 5.5662157328 5.5697009672 5.6527529501 5.7026504864 5.7111262392 5.7200937219 5.7417273408 5.9346317839 6.2283045094 6.255950499 6.3058339116 6.3557777254 6.4555078723 6.4974190812 6.539743974 6.5506639623 6.5757226009 6.5823292916 6.6036239453 6.643143439 6.6734016984 6.7279042983 6.7349083785 6.8399636272 7.0653955963 7.0920476442 7.0929471992 7.1006233476 7.1239281671 7.3424224313 7.3500824061 7.367738543 7.3773272218 7.4358228168 7.4800526891 7.631036545 7.6530384717 7.732581156 7.7758293325 8.6956881912 8.8387670471 8.9839806317 9.0022942738 9.1884118609 9.1946928062 9.3862688593 9.408019107 9.4473835102 9.5645577552 9.583997444 9.9181099735 9.9408683479 10.286636808 10.304013869 11.7835264966 16.2592429906 16.6600371129 16.7275760457 16.7811446689 16.8012281864 16.8113673623 16.823316667 16.9287300146 16.9902425801 17.0394472312 17.1437082863 17.2548921403 17.2882226772 17.3851362183 17.4125007945 17.4990871892 17.5387416599 17.5625001172 17.6054740058 17.6176605212 17.7292799142 17.7847438349 17.8514667262 17.9038056702 17.9475830874 18.0310595055 18.1558004503 18.202305554 18.3040051692 18.4428657137 18.4652649125 18.5165773735 19.5224428725 19.5662667899 19.5732548073 19.5951723935 19.6874294141 19.7535160632 19.7817514638 20.1706515661 21.382464869 21.4164949724 21.4723995535 21.4770829624 21.629114664 21.6596391734 21.9589968046 21.9670692957
9 0.423138472 0.438800516 0.7156753295 3.5505515041 3.5901264804 3.6144754788 3.630946486 3.6389958643 3.680778421 3.6928282212 3.6958781513 3.7325993328 3.8331001072 3.8665100061 3.8898003707 3.9306618623 4.3420705762 4.3656287305 4.4216510009 4.4227090817 4.4675591967 4.4688710509 4.4875228714 4.4877213749 4.5454572499 4.5591024953 4.5774148643 4.5914726552 4.6009762986 4.7387703859 4.748878362 4.7522980919 4.9071620193 4.9150712169 5.0655641428 5.3635809482 5.4126366894 5.4285765564 5.4711350174 5.5138236545 5.5505278086 5.5641104348 5.5672743032 5.625813311 5.7008370327 5.7147727183 5.7238270518 5.7398630257 5.938295089 6.2181796559 6.248990359 6.3071758618 6.3569885699 6.4539103925 6.4972119309 6.5395922564 6.5509751886 6.5788781725 6.6067387877 6.608619924 6.6434978107 6.674854497 6.7209631339 6.7280982399 6.8398512 7.0621057763 7.0888398197 7.0897856498 7.0989866514 7.1223005422 7.335699126 7.3399737609 7.3635083784 7.3653845328 7.4306343008 7.4747440803 7.6347547327 7.6567787043 7.7422906648 7.7848248108 8.6928083569 8.8022771905 8.9895768828 9.0079052624 9.1932420176 9.1994745353 9.3858794323 9.4076319084 9.4858549273 9.563467556 9.5829151689 9.9148249454 9.9375592289 10.2824521354 10.3000885206 11.7773683373 16.2686691164 16.6610639571 16.724178272 16.7821732569 16.7979526943 16.8115768604 16.814952231 16.9289297985 16.9869248683 17.0493834529 17.1406986762 17.2518708536 17.2791370818 17.3813640079 17.4014182717 17.4953938346 17.538008136 17.5612056528 17.6046871915 17.6163752991 17.7276910828 17.7831942254 17.8476397584 17.9000406407 17.9479521955 18.031651547 18.1553245201 18.2018180146 18.3055115723 18.4400868157 18.4622398512 18.5145141695 19.5224100324 19.5671308305 19.5682580334 19.5960371314 19.6955850547 19.7527754437 19.781017254 20.1701277919 21.3820508421 21.4161741352 21.4716533052 21.4759040798 21.629798073 21.6604063278 21.9572025787 21.9648853937
10 0.4702219844 0.4873885083 0.7948632085 3.5542237837 3.5932108072 3.6175475532 3.6329877797 3.6421738383 3.6765932816 3.6795895222 3.6906982895 3.7343650528 3.8287700791 3.869941635 3.8842695143 3.8996412512 4.3376052221 4.3611482723 4.4115672992 4.4452234759 4.4578901701 4.4676692722 4.4877541979 4.4905091139 4.548425535 4.5620931238 4.5744016852 4.5946122949 4.5980498105 4.742307237 4.7451176349 4.754555141 4.910824898 4.9189926826 5.0666839658 5.3656254943 5.4144233842 5.4177515727 5.461982254 5.5128005642 5.5477970156 5.5616283831 5.5645812124 5.5979441994 5.6988198947 5.7188170671 5.7279757074 5.7377922139 5.9394197904 6.2106828667 6.2413379644 6.3087017933 6.3583707171 6.4522362651 6.4970298811 6.5394710896 6.5512491418 6.5823797383 6.6101954456 6.6347837402 6.6439214964 6.6764520225 6.7132787072 6.7205378762 6.8397189602 7.0584627571 7.0852752623 7.0862857285 7.0971583628 7.1204824454 7.3206345472 7.3371354376 7.3491418961 7.3624751098 7.4249043415 7.4688793983 7.6388644558 7.6609129068 7.7522641228 7.7941105752 8.6895935755 8.766159617 8.9957753125 9.0141197921 9.1986215059 9.204805469 9.3854661009 9.407220981 9.5243058383 9.5622497944 9.5817066701 9.9111616438 9.9338690749 10.2777788027 10.2956994744 11.7704922594 16.2791132003 16.6622327547 16.7204383022 16.783343784 16.7943478242 16.8065859648 16.8118162905 16.9291576257 16.9832474895 17.0594452387 17.1373613344 17.24852142 17.2691046794 17.3771395871 17.3892482251 17.4912559046 17.5371984977 17.5597808273 17.603817889 17.6149615646 17.7259395616 17.7814860126 17.8434334072 17.8959036693 17.9484021017 18.0323179828 18.1548250343 18.2013042406 18.3070662397 18.4369930433 18.4588795736 18.5121948709 19.5223704096 19.5634376397 19.568092995 19.5970000365 19.703911959 19.7519495595 19.7801984768 20.1695341196 21.3815982141 21.4158228098 21.4708263151 21.4745977952 21.6305675274 21.6612663105 21.9552084009 21.9624590202
11 0.517322974 0.5359233029 0.8739454871 3.5583061526 3.5966122418 3.620935614 3.6352108752 3.6457120371 3.6594502267 3.6755571595 3.6878626787 3.7362838974 3.8240809083 3.8681919205 3.8730387965 3.8783361749 4.332701919 4.3562288886 4.3998966285 4.446457412 4.4678169632 4.4684356827 4.4880398217 4.4935932562 4.5517063004 4.5648633295 4.5710468159 4.5944494467 4.5978138776 4.7404263222 4.7461930238 4.7574625781 4.9147723774 4.9232158334 5.0678957334 5.3678350522 5.4063269644 5.4163563009 5.45212266 5.5112756082 5.5448022434 5.5587671699 5.561627878 5.5691511227 5.6966022173 5.723249127 5.7325172411 5.7355331064 5.938020783 6.2058396043 6.2330274254 6.3104194995 6.3599327457 6.4505207742 6.496888651 6.5393958387 6.5514689634 6.5862192584 6.6139860689 6.644408594 6.6607419321 6.6781884151 6.704876053 6.7122453081 6.8395647971 7.0544765945 7.0813607487 7.0824575203 7.0951388307 7.1184742356 7.3048607723 7.3339507378 7.3340608775 7.3594096188 7.4186552429 7.4624807202 7.6433513343 7.6654266741 7.7623866561 7.8035745815 8.6860449977 8.7304640964 9.002558666 9.0209205217 9.2045440282 9.2106816796 9.38503581 9.4067932514 9.560904796 9.5627262049 9.5803738748 9.9071227585 9.9298006001 10.2726181709 10.290846264 11.7629004709 16.2905459055 16.6635503165 16.7163752658 16.7846629811 16.7904319829 16.7982905522 16.8120873491 16.9294150955 16.9792204737 17.0695403398 17.1337049245 17.244852803 17.2581637393 17.3724607697 17.3760527423 17.4866706623 17.5363159661 17.5582326228 17.6028692917 17.6134265413 17.72403316 17.7796268361 17.8388702457 17.8914173969 17.9489440275 18.0330611045 18.1543121881 18.2007737951 18.3086357529 18.4335883329 18.4551908608 18.5096164816 19.5223230924 19.5588043463 19.5691521219 19.5980599349 19.7123915973 19.7510390339 19.7792957367 20.1688678756 21.381110243 21.4154433325 21.4699208859 21.4731677862 21.6314248212 21.6622199305 21.9530179085 21.9597948988
12 0.5644423415 0.5844001699 0.9529108695 3.5628052264 3.6003284576 3.624637395 3.6375975509 3.640173382 3.6496343126 3.672429578 3.6848824616 3.7383474583 3.8190584173 3.8363415616 3.8717163503 3.8761383081 4.3273697907 4.3508799058 4.3877266726 4.434604472 4.4680105132 4.4883365795 4.4913168851 4.4969758496 4.5552990756 4.5672551532 4.5675003106 4.5908419683 4.6004172902 4.7352242043 4.7503071775 4.7606856122 4.9189761804 4.9277106814 5.0691917553 5.3701951324 5.3943236812 5.4184233487 5.4415948689 5.5092733534 5.5394287882 5.5415506953 5.5555376183 5.558422961 5.6941874517 5.7280525835 5.7330164819 5.7375223738 5.9342536502 6.203532135 6.2240935074 6.3123371817 6.3616836631 6.4488019546 6.4968052089 6.5393830834 6.5516187904 6.5903880324 6.6181021614 6.644981454 6.6800557472 6.686340365 6.6958258627 6.7032442892 6.839386421 7.050157776 7.0771036272 7.0783116895 7.0929284516 7.1162763205 7.2885045106 7.3181394884 7.3307290582 7.3560908557 7.4119113608 7.4555721168 7.6481999194 7.6703045402 7.7725631295 7.8131220445 8.6821638337 8.6952448045 9.0099085732 9.0282890002 9.2110026398 9.2170990512 9.3845960488 9.4063561769 9.5594329713 9.5789077364 9.6011178364 9.9027112396 9.9253567826 10.2669718167 10.2855284641 11.754595422 16.3029353111 16.6650240444 16.7120102543 16.7861381524 16.7862253747 16.7901221061 16.8123921364 16.9297040183 16.9748548092 17.0795912092 17.1297389542 17.2408748294 17.2463553889 17.3618962726 17.3673254875 17.4816354374 17.5353640188 17.5565685883 17.6018448502 17.611778038 17.7219803722 17.7776250052 17.8339746542 17.8866062788 17.9495897993 18.0338837343 18.1537969325 18.2002368513 18.3101871141 18.4298769882 18.4511811557 18.5067763606 19.5222671047 19.5543651451 19.5703069353 19.5992155371 19.7210084421 19.750044556 19.7783097028 20.1681261499 21.3805904718 21.4150382425 21.4689395374 21.4716180724 21.6323718917 21.6632680568 21.9506350832 21.9568982005
13 0.6115806856 0.6328144803 1.0317478764 3.5677280225 3.6043568313 3.6198396052 3.6286504216 3.6401740002 3.6539192964 3.6691730165 3.6817533415 3.7405471035 3.8040662555 3.8137294265 3.8650057837 3.8787513484 4.3216185819 4.3451113206 4.3750853439 4.4223380214 4.4682573815 4.48877991 4.5006489031 4.5137560169 4.5592030121 4.5632711535 4.5697542061 4.5868141725 4.6028409188 4.7294870106 4.7546770814 4.7641853596 4.9234063044 4.9324456928 5.0705636522 5.3726725393 5.3817838401 5.4205993869 5.4304491106 5.5068196975 5.5087889152 5.5380503277 5.5519407519 5.5549725615 5.6915793471 5.730299261 5.7332859635 5.7428602333 5.9283983097 6.2035158781 6.2145713502 6.3144633633 6.3636328072 6.4471202991 6.4967976525 6.5394504968 6.5516839858 6.5948767461 6.6225346285 6.6456369669 6.6820528204 6.6859424978 6.6935275526 6.7117324869 6.8391813765 7.0455170452 7.0725117972 7.0738593209 7.0905276732 7.1138891597 7.2716507323 7.3017952566 7.3271473374 7.3525236659 7.4046990528 7.4481795964 7.6533938008 7.6755300883 7.7827146624 7.8226729616 8.6605607245 8.677951342 9.0178057092 9.0362058308 9.2179897674 9.2240533101 9.3841547967 9.4059176974 9.5578348244 9.5773237662 9.6394586815 9.8979302925 9.920540858 10.2608415529 10.2797457199 11.7455798079 16.3162470507 16.6666618937 16.7073662903 16.7817498495 16.7821249376 16.787777194 16.8127329184 16.9300264258 16.9701624154 17.0895306441 17.1254737513 17.2337232914 17.2365981974 17.3468449528 17.3617319064 17.4761477491 17.5343463697 17.5547967922 17.6007482536 17.6100243997 17.7197903384 17.7754894614 17.8287726384 17.881496399 17.9503517174 18.0347892619 18.1532908843 18.1997040926 18.3116883493 18.4258636648 18.4468585507 18.5036723643 19.5222014156 19.5501245031 19.5715560467 19.60046544 19.7297487937 19.7489668812 19.7772411084 20.1673058083 21.3800427124 21.4146102699 21.4678849995 21.469953003 21.6334108065 21.6644116102 21.9480642402 21.9537745293
14 0.6587382959 0.6811617174 1.1104448281 3.5730818825 3.5985123166 3.6086947664 3.6329717392 3.6428929699 3.6585955722 3.6657739629 3.6784919849 3.7428736058 3.7713734311 3.8081215008 3.8578866412 3.8812734655 4.3154585785 4.3389337449 4.3620000844 4.4096774912 4.4685652148 4.4892653016 4.504623301 4.5358519117 4.558837636 4.5634181145 4.571876701 4.5824148332 4.6050396075 4.7232174461 4.7592738279 4.767952614 4.9280312641 4.9373880239 5.0720023673 5.3685485096 5.3754377688 5.4185321078 5.4230622772 5.477225914 5.5039417695 5.5343098654 5.5479955109 5.5512863556 5.6887819444 5.7274518314 5.7388076585 5.7485860635 5.9208135062 6.2044962726 6.2054649588 6.3168068095 6.3657897538 6.4455184378 6.4968850778 6.5396167149 6.5516512742 6.5996755165 6.6272738261 6.6463813471 6.6755286059 6.6831647341 6.6841707002 6.7365058011 6.8389470572 7.0405652156 7.0675937211 7.0691117188 7.0879369977 7.1113132683 7.2543698624 7.2849912505 7.323324348 7.348716712 7.3970466361 7.4403310585 7.6589157152 7.6810860605 7.7927755799 7.8321597421 8.6264759958 8.6734088184 9.0262299529 9.0446508311 9.2254972392 9.2315400363 9.3837204652 9.4054861774 9.556110972 9.5756142203 9.6777505085 9.8927833712 9.9153563132 10.2542294496 10.2734977796 11.7358565721 16.3304444563 16.6684723318 16.7024682869 16.7743341347 16.7770294663 16.7895883935 16.813112209 16.9303845819 16.9651561124 17.0992988069 17.1209204357 17.2203134805 17.2320343218 17.3309660263 17.3556785576 17.4702054459 17.5332669493 17.5529257718 17.5995834112 17.6081744547 17.7174728035 17.7732297375 17.823291629 17.8761152616 17.9512424267 18.0357816704 18.1528062308 18.1991866125 18.3131090089 18.4215533511 18.4422317758 18.5003029799 19.5221249486 19.54608508 19.5728979577 19.6018081296 19.7386000915 19.7478068308 19.7760907518 20.1664035066 21.3794710272 21.4141623221 21.4667602035 21.4681772418 21.6345437494 21.6656515558 21.9453100162 21.9504299063
15 0.7059151445 0.7294374825 1.1889898288 3.5761973593 3.5788746345 3.6133383913 3.6375980701 3.6457615198 3.6622468534 3.663668784 3.6751183116 3.7382494129 3.7453329491 3.8022627196 3.8504502483 3.8836979526 4.3089004923 4.3323583377 4.3484986369 4.396643485 4.4689417141 4.4898313677 4.5088933903 4.5540194477 4.5575827152 4.5679414072 4.5737942746 4.5776415947 4.6070177989 4.7164084102 4.7640702964 4.7719870579 4.9328183383 4.9425037495 5.0734981804 5.3549725789 5.3781502422 5.4062647291 5.4254159639 5.444740083 5.5006677672 5.530338812 5.5437189916 5.5473738418 5.6857995721 5.7243954762 5.7446986564 5.7546811818 5.9118828861 6.1939036655 6.209026202 6.3193764524 6.3681642311 6.4440407913 6.4970874389 6.5399011932 6.5515087982 6.6047739266 6.63230961 6.647220008 6.6644836243 6.6721532256 6.6864047336 6.7607200284 6.8386807255 7.0353129768 7.0623584531 7.0640801755 7.0851569856 7.1085492207 7.236721687 7.2677899242 7.3192701123 7.3446799668 7.3889843545 7.4320562588 7.6647476524 7.686954466 7.802690872 7.8415251029 8.5930602087 8.668537589 9.0351605395 9.0536031879 9.2335163334 9.239554652 9.3833018354 9.4050703435 9.5542621568 9.5737809624 9.7159859407 9.8872741729 9.90980688 10.2471378573 10.2667845301 11.7254289099 16.3454887091 16.670464293 16.6973429966 16.7667788762 16.7720890934 16.7915805936 16.813532773 16.930780993 16.9598495905 17.1088411876 17.1160908921 17.206173878 17.2271954923 17.3143273562 17.3491644804 17.4638068609 17.5321298857 17.5509644799 17.5983544344 17.6062374588 17.7150380734 17.7708559152 17.8175602609 17.8704915611 17.9522747876 18.0368655459 18.1523556285 18.1986958129 18.3144205682 18.4169513482 18.4373101874 18.496667449 19.5220365921 19.5422481758 19.5743310624 19.6032419837 19.7465652921 19.7475504998 19.7748594961 20.1654157057 21.3788797105 21.4136974702 21.4655682737 21.4662957528 21.635773005 21.6669888935 21.9423773562 21.946870753
16 0.7531108747 0.7776374981 1.2673707534 3.5529099885 3.5851133484 3.6182841275 3.6425250012 3.6487722027 3.6586118138 3.6691479818 3.6716532016 3.7047285616 3.7478837807 3.7961814291 3.8427382408 3.8860678509 4.3019552617 4.3253966552 4.3346096698 4.3832583692 4.4693945181 4.4904864479 4.5134588975 4.5488187084 4.5724843302 4.5727740736 4.5755127771 4.5789307764 4.6087841896 4.7090508222 4.7690374679 4.776293586 4.9377338179 4.9477580845 5.0750407218 5.3408701239 5.3810125936 5.3933973665 5.4113317001 5.4279354509 5.4970268775 5.5261474614 5.53913158 5.5432453838 5.6826368431 5.7211533234 5.7509319003 5.761132805 5.9019717475 6.1828289018 6.2138625291 6.3221813234 6.3707660428 6.4427332002 6.4974253977 6.5403240521 6.5512461085 6.6101610153 6.6376313791 6.6481582385 6.6528457363 6.6605229895 6.6887496884 6.7842640513 6.8383795492 7.0297706944 7.056815671 7.0587757313 7.0821882594 7.1055976543 7.2187576764 7.2502454754 7.3149954948 7.340424305 7.3805443535 7.4233867857 7.6708709587 7.6931166856 7.8124141338 7.8507202779 8.5603886337 8.663339004 9.0445762059 9.063041603 9.2420378464 9.2480923805 9.3829079918 9.4046792178 9.5522892636 9.5718250775 9.7541587562 9.8814066339 9.9038965279 10.2395694321 10.2596060359 11.7143002725 16.361338993 16.67264713 16.6920189498 16.7594826663 16.7669557916 16.7937630026 16.8139976323 16.9312184181 16.9542573778 17.1109976823 17.1181072717 17.191354165 17.2220946796 17.2969970247 17.3421893782 17.4569509815 17.5309394853 17.5489222296 17.5970656195 17.6042230368 17.7124969695 17.7683785805 17.8116081366 17.8646549341 17.9534617499 18.0380460741 18.1519520986 18.1982433054 18.3155967308 18.4120632474 18.4321037562 18.492765877 19.5219352107 19.5386140212 19.5758536503 19.6047652746 19.7452432207 19.7565886481 19.77354827 20.1643386871 21.378273268 21.4132189338 21.4643124922 21.4643138087 21.6371009428 21.6684246493 21.9392715003 21.9431038733
17 0.8003247915 0.8257576074 1.3455752346 3.5286649392 3.5918062522 3.6235261421 3.647744063 3.6519201838 3.6548929119 3.6681178819 3.6707861458 3.6750427213 3.7505460755 3.7899060335 3.8347876101 3.8884301982 4.2946336154 4.3180587534 4.3203651947 4.3695461706 4.469931087 4.4912377433 4.5183188115 4.5432108902 4.5669395653 4.5770379586 4.5779081084 4.5999018309 4.6103511886 4.7011354219 4.7741447116 4.7808806364 4.9427432504 4.953115595 5.0766189884 5.3263071657 5.376977485 5.380033662 5.3839924134 5.4305532634 5.4930491319 5.5217469065 5.5342560394 5.5389121734 5.6792986514 5.7177324806 5.7574959941 5.7679283307 5.8914021508 6.1713073383 6.2196779886 6.3252304917 6.3736049992 6.4416425323 6.4979201653 6.5409059068 6.5508540984 6.6158249878 6.6406465377 6.6432283947 6.6483021444 6.649201386 6.6912003439 6.807034445 6.8380407386 7.0239482086 7.0509756967 7.0532089379 7.0790315074 7.1024592738 7.2005227129 7.2324054513 7.3105121226 7.3359613895 7.3717606637 7.4143560466 7.6772664368 7.6995535724 7.821905923 7.8597035342 8.5285423577 8.6578144363 9.0544553263 9.0729444301 9.2510521842 9.2571481748 9.3825482537 9.4043220482 9.5501933363 9.5697477166 9.7922629592 9.8751849357 9.8976294574 10.2315271609 10.251962581 11.7024743711 16.3779526503 16.6750305615 16.6865263808 16.7524651885 16.7616579531 16.7961451858 16.8145100722 16.9316998773 16.9483948088 17.1056541615 17.1270494461 17.1759054469 17.2167455511 17.2790430126 17.3347537827 17.4496376297 17.5297002155 17.5468086364 17.5957214311 17.6021411227 17.7098607814 17.7658087769 17.8054655751 17.8586356941 17.9548162284 18.0393290197 18.1516089193 18.1978408142 18.316613645 18.4068949067 18.4266230557 18.488599329 19.5218196562 19.5351819742 19.5774639092 19.6063761721 19.7438416357 19.7657034694 19.7721580741 20.1631685696 21.3776563957 21.4127300655 21.4622368463 21.4629964174 21.6385300001 21.6699598652 21.9359979693 21.9391364347
18 0.8475558515 0.8737937716 1.4235906527 3.5034792618 3.5989600586 3.6290276265 3.6364585154 3.6510889314 3.6532539227 3.6552241556 3.6645346588 3.6813624909 3.7533061863 3.7834648191 3.8266337808 3.8908324467 4.286944804 4.3057870557 4.3103679289 4.3555324092 4.4705585867 4.4920917572 4.5234716266 4.5371861381 4.5609909093 4.5783760119 4.5833460531 4.6116963654 4.6205204247 4.6926536023 4.7793622065 4.7857573346 4.9478116808 4.9585404 5.0782213607 5.3113197117 5.3417308675 5.3661912882 5.3870455878 5.4332575109 5.4887652918 5.5171490462 5.5291170553 5.5343862383 5.6757901712 5.7141391098 5.7643806722 5.7750548668 5.8804442417 6.1593743085 6.2262266809 6.3285330092 6.3766908562 6.4408162731 6.4985933357 6.5416676751 6.5503248836 6.62174658 6.6279257394 6.6355199243 6.6490885714 6.6503547802 6.6937515128 6.8289236349 6.8376635143 7.0178546349 7.0448495018 7.047389634 7.0756874878 7.099134856 7.1820564304 7.2143120128 7.3058323505 7.3313036249 7.3626691879 7.4049992645 7.6839144394 7.7062455468 7.8311324634 7.8684389631 8.4976082938 8.6519652835 9.0647760378 9.0832898003 9.2605494709 9.2667166171 9.3822321027 9.404008236 9.5479755947 9.567550183 9.8302925282 9.8686136022 9.8910100934 10.2230143887 10.2438547147 11.6899551812 16.3952853366 16.6776246078 16.6808971506 16.7457429383 16.7562254013 16.7987370066 16.8150736453 16.9322286602 16.9422779934 17.1000742143 17.1356225893 17.1598799998 17.2111624159 17.260532946 17.3268592247 17.4418676507 17.5284166874 17.5446335597 17.5943264871 17.6000018975 17.7071412182 17.763157958 17.799163349 17.8524645545 17.956350981 18.0407206914 18.1513395156 18.1975000828 18.3174500419 18.4014524272 18.420879249 18.4841699093 19.5216887799 19.5319506574 19.5791599282 19.6080727467 19.7423616246 19.7706898949 19.7748841817 20.1619013271 21.3770339579 21.4122343349 21.4600707045 21.4616236161 21.6400626647 21.6715955887 21.9325625493 21.9349759481
19 0.8948026549 0.921742065 1.5014041248 3.4773716934 3.6016085155 3.6066070191 3.6348949963 3.6472833363 3.658368379 3.6592828881 3.6609448839 3.6881168768 3.7561577102 3.776885884 3.8183110763 3.8933215789 4.2788912619 4.2909306871 4.3023221859 4.3412439164 4.4712837756 4.4930541429 4.5289151849 4.5307304579 4.554629463 4.5795322515 4.5890824805 4.6128805128 4.6407300058 4.683598132 4.7846657529 4.7909284781 4.9529038845 4.9639963575 5.0798356194 5.295943354 5.3055452387 5.3519283347 5.3901889994 5.4360402197 5.4842067308 5.5123665888 5.5237408847 5.5296804564 5.6721168551 5.7103793804 5.7715759366 5.7824990857 5.8693179348 6.1470651457 6.2333114527 6.3320978624 6.3800332629 6.440302101 6.4994667132 6.5426303399 6.5496516084 6.6146772425 6.6222065008 6.6279517027 6.6516233621 6.6552013579 6.6963980178 6.837231402 6.8498367257 7.0114981714 7.0384487022 7.0413267351 7.0721570327 7.0956252536 7.1633942625 7.1960029449 7.3009692401 7.3264641309 7.3533076903 7.3953534788 7.6907949583 7.7131726852 7.8400646255 7.8768955033 8.4676790164 8.6457929739 9.0755163552 9.0940557362 9.2705196689 9.2767917982 9.3819691095 9.4037472616 9.5456374517 9.5652339634 9.8616933008 9.8682455231 9.8840430775 10.2140348476 10.2352832997 11.6767469472 16.4132911729 16.6751645658 16.6804396135 16.7393298288 16.7506892981 16.8015485678 16.8156921752 16.9328083318 16.9359237889 17.0942723647 17.1433289853 17.1437855415 17.2053601728 17.241533899 17.318508407 17.4336431035 17.52709364 17.5424070427 17.5928855434 17.5978157262 17.7043503587 17.7604379385 17.7927324156 17.8461723435 17.9580784886 18.0422278914 18.1511573478 18.1972327862 18.3180873071 18.395742131 18.4148840728 18.4794808258 19.5215414446 19.5289180588 19.5809397009 19.609852973 19.7408043409 19.7691449904 19.784119943 20.1605328064 21.3764109643 21.4117353116 21.4578213485 21.4601979099 21.641701456 21.6733328622 21.9289712763 21.9306302476
20 0.9420634384 0.969598668 1.5790024973 3.4503627727 3.5664427231 3.61468855 3.6408575568 3.6435754647 3.6573000182 3.6620014118 3.6652933675 3.6953152404 3.7590945986 3.7701976996 3.8098527765 3.8959437022 4.270424655 4.2758808301 4.2939423112 4.3267086513 4.4721128944 4.4941293416 4.523829029 4.5346455285 4.5478457901 4.5805117225 4.5951119131 4.613878264 4.6605572536 4.6739662876 4.7900421292 4.7963890208 4.9579845938 4.9694472296 5.0814489619 5.2684322331 5.2802151114 5.3372781837 5.3934081579 5.4388947903 5.4794053225 5.5074130531 5.5181550718 5.524808572 5.6682844341 5.7064596564 5.7790717868 5.7902468719 5.8581998313 6.1344152112 6.2407777465 6.3359339287 6.3836417156 6.4401474544 6.5005621335 6.543814589 6.5488281017 6.6009863146 6.6083940511 6.6343757819 6.6530133182 6.6615540435 6.6991346717 6.8367611338 6.869642728 7.00488592 7.0317855445 7.0350280362 7.068441051 7.0919314006 7.1445682651 7.1775124664 7.2959365422 7.3214567198 7.343715784 7.3854575484 7.6978877058 7.7203148025 7.8486771282 7.8850461585 8.4388523684 8.6392989779 9.0866542728 9.1052202542 9.2809526922 9.2873671914 9.3817688579 9.4035486082 9.5431805311 9.5628007481 9.8544385973 9.8767332613 9.9061062556 10.2045926859 10.2262495649 11.6628541877 16.4319228912 16.6693634875 16.6834859641 16.7332376452 16.7450820468 16.8045901504 16.8163697572 16.9293497769 16.933442737 17.0882636716 17.1263121378 17.1514909859 17.1993542554 17.2221122418 17.3097053737 17.4249674491 17.5257359254 17.5401392522 17.5914034813 17.5955930944 17.7015006009 17.7576608444 17.7862036461 17.8397897185 17.9600108376 18.04385785 18.1510758 18.1970504473 18.3185094964 18.3897705417 18.4086498174 18.4745364378 19.5213765376 19.526081608 19.582801129 19.6117147329 19.7391710047 19.7675244592 19.7934002461 20.1590587462 21.3757925462 21.4112366482 21.4554949787 21.4587232345 21.6434489066 21.6751727113 21.9252304197 21.9261074682
21 0.9893360689 1.0173598581 1.656372338 3.4224746807 3.5308461408 3.6232646004 3.6394933339 3.6474340966 3.6537524689 3.6656355853 3.6716679822 3.7029666254 3.7620785832 3.7634614241 3.8012911391 3.8987437752 4.2598057222 4.2624221863 4.2852411909 4.3119555182 4.4730515623 4.4953198451 4.5164663983 4.5403412166 4.54094819 4.581318965 4.6014245465 4.6147053241 4.663734366 4.6800132799 4.7954910264 4.8021219695 4.9630187133 4.9748568058 5.0830480111 5.2303923814 5.2641736233 5.32228024 5.3966960486 5.441815522 5.4743933325 5.502302765 5.5123882184 5.5197852216 5.6642989166 5.7023865496 5.7868577601 5.7982819327 5.8472328941 6.1214599247 6.2485060519 6.3400499376 6.3875255177 6.4403990924 6.5019012816 6.5452399619 6.5478481274 6.586862252 6.5941157019 6.641032334 6.6545300417 6.6681348673 6.7019562621 6.8362385629 6.8882392118 6.9980237285 7.0248728878 7.0285000321 7.0645405305 7.0880543165 7.1256077639 7.1588718825 7.2907486816 7.3162958695 7.3339349122 7.375352151 7.7051721904 7.7276515268 7.856947914 7.8928673729 8.4112307756 8.6324848244 9.0981678567 9.1167614541 9.2918385001 9.2984355369 9.3816408692 9.4034216846 9.5406066845 9.5602524495 9.8468460417 9.869085701 9.9438771309 10.1946924987 10.216755164 11.6482816998 16.4511319695 16.6635299184 16.6867743089 16.727476394 16.7394371863 16.807872149 16.8171107572 16.922574249 16.9341360034 17.0820636785 17.1088779475 17.1587049061 17.1931605727 17.2023335231 17.3004556729 17.4158457283 17.5243484949 17.5378404186 17.5898852945 17.5933445448 17.6986046108 17.7548390632 17.7796075587 17.8333468855 17.962159604 18.0456181479 18.1511080694 18.1969643607 18.3187033064 18.383544372 18.4021892997 18.4693422884 19.5211929832 19.5234382366 19.5847420254 19.6136558197 19.7374629026 19.7658295722 19.8027145683 20.1574747964 21.3751839328 21.4107420626 21.4530979847 21.4572036533 21.6453075422 21.6771161335 21.9213464597 21.9214160299
22 1.0366180405 1.0650219991 1.7334999307 3.3937310316 3.494840677 3.6322680356 3.6357623461 3.6499004783 3.654351691 3.6693738989 3.6783372174 3.7110795993 3.7565778434 3.7652319633 3.7926576112 3.9017653787 4.2445580946 4.2530766859 4.2762325221 4.2970141886 4.4741046773 4.4966243746 4.5086266511 4.5329458438 4.5469820472 4.5819580724 4.6079905274 4.6153898299 4.6529345202 4.6990614686 4.8010216279 4.8081016057 4.967971524 4.9801889329 5.0846187946 5.1914266059 5.2478590279 5.3069748974 5.4000468718 5.4447974167 5.4692033153 5.4970508508 5.5064698069 5.5146259743 5.6601665875 5.6981669366 5.794921247 5.8065787175 5.8365427133 6.1082347897 6.256404713 6.3444544359 6.3916937454 6.4411026555 6.5035055069 6.5466955263 6.5469287468 6.572347853 6.5794083164 6.6479060564 6.6561797727 6.6749315784 6.7048575403 6.8356615192 6.9055104185 6.9909160627 7.0177241857 7.0217477592 7.0604565368 7.0839951099 7.1065398655 7.1401101118 7.2854207408 7.3109966734 7.3240083346 7.3650797691 7.712627785 7.7351623679 7.8648576605 7.9003385328 8.3849202039 8.6253521227 9.1100353236 9.1286575982 9.3031671508 9.309988753 9.3815945272 9.4033757477 9.5379180093 9.5575912188 9.8389231148 9.8611056488 9.9815496282 10.1843393591 10.2068022462 11.6330345646 16.4708687505 16.6577010541 16.6903153036 16.7220545747 16.7337892768 16.8114050052 16.817919808 16.9156162048 16.9348925401 17.0756883556 17.0910827965 17.1653871961 17.182262365 17.1867954581 17.2907665041 17.4062847243 17.5229363867 17.535520776 17.5883360775 17.5910806136 17.6956752716 17.7519851927 17.7729740609 17.826873331 17.9645357413 18.0475166256 18.1512670562 18.1969855222 18.3186580075 18.3770705188 18.3955158268 18.4639051228 19.5209844277 19.5209897561 19.5867601182 19.6156739411 19.7356813877 19.7640616511 19.8120524856 20.1557765381 21.3745904258 21.4102553204 21.4506369236 21.4556433446 21.6472798622 21.6791640863 21.9165645817 21.9173261029
23 1.0839064709 1.1125815285 1.8103712702 3.3641566419 3.4584303186 3.6318820329 3.6418735083 3.6465388652 3.6611752851 3.673231324 3.6852867878 3.7196620695 3.7497153039 3.7684081889 3.7839843271 3.9050505068 4.2288294156 4.2437427163 4.2669302538 4.2819149279 4.4752763158 4.4980319477 4.5002936562 4.5248427729 4.5535610467 4.5824327795 4.6143906091 4.6163393988 4.6415596327 4.7177152625 4.8066465869 4.814299269 4.9728088681 4.9854072739 5.0861465461 5.1515372828 5.2313127261 5.291403282 5.4034558066 5.4478359737 5.463868019 5.4916732261 5.5004300867 5.5093474088 5.6558940069 5.6938079632 5.8032373617 5.8150237594 5.8263327511 6.0947754125 6.2644037757 6.3491557551 6.3961552169 6.4423022274 6.5053956366 6.5453583143 6.5488370344 6.5575340763 6.5643219225 6.6549795777 6.6579727808 6.6819318352 6.7078332166 6.8350267334 6.9213417323 6.9835659209 7.0103534667 7.0147746666 7.0561902033 7.0797549797 7.0873898616 7.121254123 7.2799684439 7.3055746774 7.3139811954 7.3546846566 7.7202337886 7.7428267782 7.8723893988 7.9074415718 8.360028694 8.6179025911 9.1222351102 9.140887178 9.3149288108 9.3220178814 9.3816390069 9.4034198256 9.5351168647 9.5548194619 9.8306752707 9.8527985481 10.0191171583 10.1735388502 10.1963935592 11.6171181522 16.491082535 16.651915076 16.6941195967 16.7169793953 16.728173777 16.8151991383 16.8188018029 16.908495372 16.9357170356 17.0691540387 17.0729812193 17.161962415 17.1715012319 17.1802755678 17.2806468477 17.3962931015 17.5215047137 17.5331905032 17.5867610153 17.5888117694 17.6927256324 17.7491119917 17.7663322084 17.8203975729 17.9671494712 18.0495612838 18.1515652565 18.1971245664 18.3183653496 18.3703560715 18.3886431469 18.4582328916 19.5187162584 19.5207658945 19.5888530539 19.6177667235 19.7338278793 19.7622220823 19.8214036606 20.153959504 21.3740173753 21.4097802162 21.4481184987 21.4540465886 21.6493683195 21.6813174743 21.9115620477 21.9131761944
24 1.1311981011 1.1600349439 1.8869720595 3.3337772928 3.4216187333 3.6281891695 3.6429197342 3.6520761857 3.6683391428 3.6772308482 3.6925097428 3.7287210353 3.7428412464 3.7716286172 3.7753359444 3.9086393651 4.212925246 4.2341611006 4.2573484943 4.2666884288 4.4765695725 4.4914511816 4.4994938206 4.5163335713 4.5604169871 4.5827466738 4.6159120478 4.6221353154 4.6297444245 4.7359673386 4.8123772835 4.8206878082 4.9774972875 4.9904740693 5.087613004 5.110732612 5.2145770758 5.2756070116 5.4069189314 5.4509268189 5.4584203 5.4861865793 5.4943000722 5.5039672736 5.6514880063 5.6893170424 5.8115074307 5.8160937732 5.8244730283 6.0811175122 6.2724500087 6.3541619817 6.4009184647 6.4440398942 6.5075917909 6.5418002861 6.5439821292 6.5490284973 6.5513534846 6.6598787468 6.6622763769 6.6891232298 6.7108779588 6.8343307892 6.935620582 6.975974812 7.0027753174 7.0075825273 7.0517426961 7.0681815498 7.0753352013 7.1023293308 7.2744081387 7.3000446892 7.3039015783 7.3442127718 7.7279694813 7.7506242064 7.8795282155 7.9141606568 8.3366644249 8.6101380915 9.1347459314 9.1534289712 9.327113715 9.3345130613 9.3817832151 9.4035626414 9.5322058891 9.5519398553 9.8221080815 9.8441700271 10.0565727104 10.1622970969 10.1855326677 11.6005381264 16.5117216382 16.646210993 16.6981977535 16.7122569446 16.7226269136 16.8192648738 16.8197618861 16.9012322598 16.936614451 17.0546275873 17.0624773657 17.141496237 17.1736178731 17.1770120527 17.2701075688 17.3858815157 17.520058653 17.530859667 17.5851653733 17.5865483517 17.6897688577 17.7462323293 17.7597099847 17.8139469378 17.9700101799 18.0517601747 18.1520146566 18.1973917106 18.3178194454 18.3634083335 18.3815853856 18.4523347426 19.5166294362 19.5205205133 19.591018402 19.6199317158 19.7319038633 19.7603123177 19.8307578482 20.1520191988 21.3734701537 21.409320556 21.4455495373 21.4524177535 21.6515752994 21.6835771376 21.9064175289 21.908903774
25 1.1784892957 1.2073787867 1.9632877077 3.3026194948 3.3844098189 3.6245717036 3.6395519745 3.6625916384 3.6757002547 3.6814419831 3.7000003403 3.7359804078 3.7382628692 3.7665666336 3.7750670264 3.912570172 4.1969007437 4.2243232592 4.2475014616 4.2513656497 4.4779849764 4.4820852057 4.5006305972 4.5077874441 4.567542253 4.5829039123 4.6161122277 4.6167971536 4.6299150918 4.753812107 4.8182216461 4.8272433807 4.982003972 4.9953434176 5.0690012009 5.0890291902 5.1976950322 5.2596279061 5.4104331498 5.4528929084 5.4540650088 5.4806083512 5.4881118142 5.4985048508 5.6469556846 5.6847018487 5.806220185 5.8209478099 5.8333509581 6.0672969212 6.2805029916 6.3594809284 6.4059917106 6.4463552799 6.5101131995 6.5265560691 6.5327382705 6.5426417419 6.5538694126 6.6619677376 6.6697196569 6.6964933248 6.7139863969 6.8335702126 6.9482385798 6.9681429028 6.9950048692 7.0001713995 7.0471150802 7.0489374981 7.0707369805 7.0833601521 7.2687567785 7.2937733639 7.2944677317 7.3337116688 7.7358141722 7.7585341451 7.8862610204 7.9204819384 8.3149332838 8.6020606708 9.1475468291 9.1662620891 9.3397120882 9.3474634974 9.3820357708 9.4038125389 9.5291880152 9.5489553604 9.8132272824 9.8352258937 10.0939079957 10.1506208013 10.1742247759 11.5833004501 16.5327333867 16.6406284695 16.7025601804 16.7078923322 16.717185543 16.8208054399 16.8236123701 16.8938482651 16.9375900105 17.0360759495 17.0556752105 17.1209252559 17.1668395446 17.1818864886 17.2591614921 17.3750626896 17.5186034354 17.528538167 17.5835544874 17.584300513 17.6868181777 17.7433591356 17.753134107 17.8075473694 17.9731263195 18.0541212887 18.1526266313 18.1977967081 18.3170166383 18.3562348607 18.3743569656 18.4462210005 19.5147193336 19.5202528176 19.593253658 19.6221663933 19.7299108914 19.7583338745 19.840104907 20.1499511207 21.3729541307 21.4088801388 21.4429369674 21.4507612817 21.6539030998 21.6859438384 21.9011403182 21.9045160184
26 1.2257760451 1.254609626 2.0393033297 3.2707102595 3.3468078059 3.6210599591 3.6362531981 3.6735685472 3.682975277 3.6861883252 3.7077528718 3.7291576353 3.7482898649 3.7579364535 3.7784942425 3.916878957 4.1807938849 4.2142378265 4.2359776587 4.2374034446 4.4721707941 4.4795333157 4.4963528878 4.5042820885 4.5749243656 4.5829138866 4.6037326321 4.6161130051 4.6375474399 4.7712438899 4.8241837277 4.8339452898 4.9862949774 4.9998802024 5.026497335 5.090333767 5.1807097418 5.243507652 5.413996075 5.4473190666 5.4572420493 5.4749567084 5.4818996332 5.4929818927 5.6423044 5.6799703087 5.7972848565 5.8300135956 5.842655181 6.0533495759 6.2885320885 6.365120106 6.411382841 6.4492849641 6.5107852484 6.5129780292 6.5167083414 6.5407629846 6.5568039523 6.6642049113 6.6773376097 6.7040296893 6.7171531318 6.832741492 6.9590801908 6.9600832077 6.9870578118 6.9925396514 7.029679238 7.0423076952 7.0643630195 7.0659693211 7.2630319019 7.2837546289 7.2887523906 7.3232303296 7.7437472423 7.7665361721 7.892576365 7.9263933545 8.2949359615 8.5936726103 9.1606172123 9.1793660137 9.3527140348 9.3608572491 9.3824051947 9.4041774118 9.5260664849 9.545869238 9.8040387748 9.8259721301 10.1311052604 10.1385174067 10.1624847996 11.5654113895 16.5540640226 16.6352076432 16.7038898021 16.7072170453 16.7118870082 16.8219380687 16.8282515437 16.8863658675 16.9386491882 17.0173798846 17.0487646155 17.1003096924 17.1599579 17.1860932561 17.2478234441 17.3638514502 17.517144336 17.5262356821 17.5819337558 17.5820781631 17.6838868394 17.7405053534 17.7466298635 17.8012232726 17.9765053184 18.0566524369 18.1534118443 18.1983488087 18.3159553584 18.3488435159 18.3669725106 18.439903137 19.5129810183 19.5199621156 19.595556248 19.6244681619 19.7278505815 19.7562883358 19.8494348127 20.1477507819 21.3724746477 21.4084627381 21.4402877954 21.4490816754 21.6563539098 21.6884182485 21.8957398662 21.9000202316
27 1.2730539687 1.3017240403 2.1150037469 3.2380768842 3.3088172838 3.6176751165 3.6330595906 3.6846164189 3.6893611805 3.6926394624 3.7157590695 3.7223980179 3.7493560724 3.7588044516 3.7820326766 3.9215993556 4.1646389438 4.2039170077 4.2205554859 4.2270687661 4.4617071659 4.4812012429 4.4867047166 4.5057613712 4.5821717562 4.5831620672 4.5900498686 4.6159392321 4.6455188901 4.7882567912 4.8302638533 4.8407745604 4.982327336 4.9904023916 5.0048618645 5.0915391984 5.163664099 5.2272874275 5.4176057635 5.4417314739 5.4604377111 5.4692505135 5.4757063596 5.4874254656 5.6375417604 5.6751305886 5.7888089403 5.8393757994 5.8522120658 6.0393115 6.2965141225 6.3710866962 6.4170993839 6.452861324 6.4947666407 6.5003400899 6.516203182 6.5388050812 6.560103909 6.6666028464 6.6851110732 6.711719931 6.7203727491 6.8318410796 6.9517463857 6.9681008794 6.9789507666 6.9846840611 7.0104275237 7.0373127527 7.0453884389 7.0610145213 7.2572516123 7.2738011808 7.2830109515 7.3128189286 7.7517481806 7.7746099853 7.8984643022 7.9318844734 8.2767646564 8.5849764824 9.1739368886 9.192720629 9.3661093701 9.3746785361 9.3829026388 9.404664635 9.5228448637 9.5426850605 9.7945486242 9.8164148884 10.1259943199 10.150213055 10.168262431 11.5468775186 16.5756584535 16.6299889354 16.7002528267 16.7067689574 16.712178229 16.8231655786 16.8331919928 16.878808972 16.9397976911 16.9985923678 17.0417627227 17.0797084758 17.1529903311 17.1896030985 17.2361102595 17.3522647256 17.5156866654 17.5239616215 17.5798909158 17.5803086295 17.6809880591 17.7376838858 17.7402209867 17.7949973962 17.980153501 18.0593611345 18.1543801522 18.1990567279 18.3146359711 18.3412425352 18.3594467363 18.4333937321 19.5114092835 19.519647832 19.5979235324 19.6268343622 19.7257246168 19.7541773498 19.8587376738 20.1454137305 21.3720369926 21.4080720843 21.4376090819 21.447383482 21.6589297898 21.6910009368 21.8902257562 21.8954238254
28 1.3203183205 1.3487185984 2.1903734892 3.2047467508 3.2704432059 3.6144363063 3.6299891762 3.6924371721 3.6983884998 3.7005455168 3.7157187751 3.7240305352 3.740859548 3.7697954263 3.7856928825 3.9267623924 4.1484687895 4.1933741246 4.2051299753 4.2165117548 4.4506741711 4.476137487 4.4829952786 4.5077617899 4.5757887097 4.5823954217 4.5905560044 4.6156049463 4.6537634986 4.8048446559 4.8364580643 4.8477098422 4.938073235 4.9941481632 5.0088428852 5.092624631 5.1466002807 5.2110074984 5.4212596724 5.4361641985 5.46350735 5.4635451111 5.4696476398 5.4818792732 5.6326756096 5.6701910781 5.7808761491 5.8489896951 5.861996043 6.0252187837 6.3044315913 6.3773875239 6.4231484849 6.4571069395 6.4785507128 6.4837310485 6.5198041693 6.5367021757 6.5637784591 6.6691681687 6.6930268859 6.7195517185 6.7236398466 6.8308653838 6.943178093 6.97069289 6.9751814565 6.976600154 6.9912026227 7.026359832 7.0322122645 7.0558916547 7.2514345551 7.2639886553 7.2772368929 7.3025285136 7.7597966161 7.7827354333 7.9039162764 7.9369463697 8.2604995354 8.5759752149 9.1874860895 9.2063062429 9.3798861813 9.3835042362 9.3889466974 9.4052810014 9.5195270526 9.5394067236 9.7847630566 9.8065604867 10.1130607516 10.1376180814 10.2051685107 11.5277057233 16.5974597362 16.6250128532 16.6969841824 16.7018692731 16.717453159 16.8244939545 16.8384429203 16.8712035118 16.9410414377 16.9797656533 17.0346867043 17.0591791574 17.1459542318 17.1923889191 17.2240407511 17.3403215007 17.51423576 17.5217250772 17.5777480397 17.5786846043 17.6781349761 17.7339294692 17.7349076399 17.7888907541 17.9840760188 18.0622544853 18.1555405107 18.1999286255 18.3130606209 18.3334406036 18.3517943337 18.4267064282 19.5099986752 19.5193095205 19.6003528104 19.6292622736 19.7235347461 19.7520026298 19.8680037491 20.1429355715 21.3716463744 21.4077118464 21.4349079187 21.4456712792 21.6616326504 21.6936923562 21.8846076786 21.8907343014
29 1.3675639945 1.3955898395 2.2653967986 3.170747143 3.2316908866 3.6113614345 3.6270568829 3.6974276423 3.7082225596 3.7095121101 3.7109958002 3.7323943052 3.7326113147 3.7812024971 3.7895449529 3.9323962479 4.1323154271 4.1826229185 4.1897316474 4.205746714 4.439061253 4.4649623284 4.4849128053 4.5099610441 4.5610122434 4.5819454014 4.5987036656 4.6151142768 4.6622649827 4.8210007658 4.8427503417 4.8546961921 4.8927774275 4.997631669 5.0126851249 5.0935727988 5.1295593128 5.1947067954 5.4249441663 5.4306625396 5.4577531241 5.4629643118 5.4672346265 5.4764779549 5.62771401 5.6651603712 5.773520385 5.8588435798 5.8719946974 6.0111075684 6.3122712905 6.3840290278 6.4295368815 6.4614391405 6.4627146277 6.466992979 6.5237948865 6.5344447163 6.5678394229 6.6719069294 6.7010724811 6.7269485923 6.7275132739 6.829810752 6.9343564161 6.9623136469 6.9682815116 6.9720260839 6.980265806 7.00744824 7.0268625228 7.0505977166 7.2455998947 7.2543682277 7.2714486808 7.2924105974 7.7678723441 7.7908925401 7.9089250386 7.9415715261 8.2462051763 8.5666721649 9.2012454882 9.2201036044 9.3842698389 9.3940403713 9.4035877776 9.4060326686 9.5161173001 9.5360384571 9.7746884555 9.7964154056 10.0997257405 10.1245664337 10.2419558225 11.5079032044 16.6194080409 16.6203198215 16.6940860091 16.6972257952 16.7230508479 16.8259293324 16.8440130551 16.8635785301 16.9423865326 16.9609511713 17.0275536924 17.0387778113 17.138866926 17.194425909 17.2116356438 17.3280427337 17.5127969742 17.519534781 17.5756584126 17.5770672121 17.6753406088 17.7277758295 17.7321891551 17.7829225855 17.9882767955 18.065339073 18.1569008841 18.2009720927 18.3112330728 18.3254469286 18.3440298537 18.4198558783 19.5087435198 19.5189468766 19.6028413235 19.6317491186 19.7212827829 19.7497659543 19.8772234653 20.1403119883 21.3713078986 21.4073856149 21.4321914049 21.44394966 21.664464233 21.696492831 21.8788954052 21.8859592315
30 1.4147855332 1.4423342529 2.3400576325 3.1361050816 3.1925659938 3.6084673639 3.6242762218 3.7021491316 3.7025484383 3.7176928556 3.7236521325 3.7243893712 3.7412823618 3.7918478815 3.7947764954 3.9385259982 4.1162101103 4.1716772881 4.1743905633 4.1947878967 4.4268595167 4.4532191062 4.4869511376 4.5123087885 4.5457200501 4.5813411148 4.6071048941 4.6144700255 4.6710133373 4.8367033539 4.8454363005 4.8498039395 4.8622480984 5.0007950194 5.0162228927 5.0943659576 5.1125810319 5.1784224874 5.4251308686 5.4287865593 5.452002802 5.4571510441 5.4685695063 5.4727217464 5.6226652215 5.6600472422 5.7667642817 5.8689309079 5.8821991819 5.9970140598 6.3200232351 6.3910172261 6.4362708593 6.4455937829 6.4498813029 6.4678603084 6.5281870804 6.5320313276 6.5722978603 6.67482492 6.7092355332 6.7302947734 6.7355913791 6.8286734415 6.9252771145 6.952819454 6.9539169381 6.9597221395 6.983319818 6.9885837982 7.0213604573 7.0451346307 7.2397672893 7.2449897872 7.2656660194 7.2825166546 7.7759553489 7.7990615262 7.9134845799 7.9457537538 8.2339272723 8.5570712013 9.2151962129 9.2340939147 9.3851735318 9.4069250708 9.4085517358 9.4186278524 9.5126202121 9.5325848323 9.7643313593 9.7859862856 10.0859992958 10.1110921875 10.27858942 11.487477481 16.6159497936 16.6414388958 16.6915598252 16.6928762737 16.7289797292 16.8274779685 16.8499105732 16.8559681924 16.9421994163 16.943839258 17.0185589252 17.0203807089 17.1317455966 17.1956916635 17.1989174743 17.3154512345 17.5113756709 17.5173990651 17.5736304803 17.5754620118 17.6726178119 17.7217785505 17.7295410942 17.7771103505 17.9927584873 18.0686208592 18.1584681559 18.2021941498 18.3091585523 18.3172713053 18.3361676014 18.4128576892 19.5076379504 19.5185597494 19.6053862604 19.6342920673 19.7189706053 19.7474691662 19.8863874352 20.1375387639 21.3710265425 21.4070968843 21.4294666228 21.4422232173 21.6674260894 21.6994025446 21.8730987632 21.8811062392
31 1.4619771358 1.488948256 2.4143396691 3.1008471787 3.1530745406 3.6057699626 3.6216596898 3.6961697867 3.7069955048 3.7160479549 3.7266999454 3.7374861859 3.7502623006 3.7968650842 3.8062639321 3.9451733079 4.1001833173 4.1591361805 4.1605511808 4.183649482 4.4140627349 4.440917208 4.4891065334 4.5147867348 4.5299408347 4.5805886568 4.6136744914 4.6157455827 4.6800001413 4.7989502151 4.8520034725 4.8557838444 4.8692447082 5.0036138678 5.0194171558 5.0949223947 5.0957668655 5.1621895627 5.4198386195 5.4325488608 5.4462796004 5.4512748652 5.464361429 5.4747829649 5.6175376754 5.6548606186 5.7606251962 5.8792469562 5.8926022669 5.9829746405 6.3276797714 6.3983576448 6.4289753429 6.4327789462 6.4433564224 6.4742856702 6.5294589464 6.5329949501 6.5771633036 6.6779276744 6.7175038999 6.7336721382 6.7437750958 6.8274495754 6.9159359277 6.9338582444 6.9452660854 6.9509138762 6.9697801442 6.9843481687 7.0156922538 7.039504573 7.2339568637 7.2359019028 7.2599092427 7.2728975267 7.7840258229 7.8072228263 7.9175900794 7.9494881288 8.2236899109 8.5471767971 9.2293198545 9.2482588333 9.3862232186 9.4079629536 9.4234124866 9.4340447271 9.5090407621 9.52905077 9.7536984592 9.7752799246 10.0718921534 10.0972060564 10.3150582695 11.4664363917 16.6119424156 16.6634789302 16.6888574706 16.6894072712 16.7352476032 16.8291462043 16.848415723 16.8561430337 16.9235599603 16.9454059464 16.9985752821 17.0131845965 17.124607214 17.1859104593 17.1961662814 17.3025715124 17.5099772132 17.5153258268 17.5716722191 17.573874581 17.6699792361 17.7159545244 17.7269757611 17.7714697577 17.9975224595 18.0721050927 18.1602480408 18.2036012529 18.3068435862 18.3089241629 18.3282215502 18.4057283618 19.5066759327 19.5181481539 19.6079847606 19.6368882414 19.7166001554 19.7451141725 19.8954864765 20.1346118017 21.3708071318 21.4068490367 21.4267406146 21.4404965287 21.6705195627 21.7024215273 21.8672276095 21.8761829806
32 1.5091326679 1.5354281731 2.4882263109 3.0649995127 3.1132228754 3.6032841182 3.619218906 3.6899518646 3.7080997333 3.7119230254 3.7359057315 3.7516824758 3.7594698914 3.8010877765 3.8191831256 3.9523560492 4.0842646782 4.14399727 4.1492584813 4.172345554 4.4006678478 4.4280607416 4.4913742216 4.5137026461 4.5173841069 4.579691225 4.6127298232 4.6246176366 4.6892174925 4.7508729076 4.8623801002 4.8668285229 4.8764984921 5.0060669837 5.0222414848 5.0789451596 5.0954306466 5.1460404375 5.4146547485 5.4363919861 5.4406064959 5.4455264552 5.459023974 5.4781105361 5.6123399452 5.6496095498 5.7551171304 5.8897879426 5.9031974015 5.9690263557 6.3352347125 6.4060541992 6.4122818242 6.4155678785 6.4507986918 6.4814903533 6.5267368545 6.5382204268 6.5824434524 6.6812204105 6.7258655957 6.7370758705 6.7520523761 6.826135076 6.9063284313 6.9149276703 6.9366134428 6.9418443163 6.9510923478 6.9833310382 7.0098587189 7.0337098913 7.2271512196 7.228189209 7.2541991961 7.2636027479 7.7920641822 7.8153571028 7.9212378622 7.952770939 8.2154937186 8.5369941321 9.2435984705 9.2625804809 9.3874239177 9.4091502403 9.4386097765 9.4498221061 9.5053843039 9.5254415442 9.742796598 9.7643032768 10.0574158005 10.0829180355 10.351352633 11.4447880966 16.6083364323 16.6852075082 16.6854380098 16.6876275847 16.7418615544 16.8309404287 16.8409817968 16.8627172595 16.9050812037 16.9470931197 16.9788778338 17.0059819496 17.1174684672 17.1726403367 17.1958324432 17.2894295955 17.5086069549 17.5133224971 17.5697911037 17.572310506 17.6674372905 17.7103189051 17.7245052399 17.7660148182 18.0025687792 18.0757962307 18.1622449976 18.2051993118 18.3004165813 18.3042958486 18.3202052817 18.398485228 19.50585129 19.5177122817 19.6106339189 19.6395347184 19.7141734386 19.7427029439 19.9045116298 20.1315271467 21.3706543166 21.4066453254 21.4240203582 21.4387741411 21.6737457688 21.7055496441 21.8612918052 21.8711971262
33 1.5562456734 1.5817702131 2.5617006873 3.0285875208 3.0730176727 3.6010237416 3.6169646732 3.6838831339 3.700324196 3.7169974496 3.7453482686 3.7663994659 3.7688984347 3.8053916086 3.832667256 3.9600877932 4.0684828845 4.1290017237 4.1378130382 4.1608900829 4.3866753865 4.4146542101 4.4937443882 4.4970414818 4.5200909226 4.578651369 4.6116381192 4.6337139527 4.6986562281 4.7018801338 4.8690698267 4.8811990612 4.8838186303 5.0081355226 5.0246738903 5.0623622169 5.095658161 5.1300046047 5.4096371205 5.4349969647 5.4399510384 5.4402972736 5.4536364505 5.4816330661 5.6070807126 5.6443031722 5.7502516313 5.9005503038 5.9139765793 5.9552092723 6.3426819532 6.3955433591 6.3982898147 6.4141168705 6.4586026643 6.4894667067 6.5238675581 6.5438739432 6.5881439984 6.6847079473 6.7343086454 6.7405012349 6.7604116377 6.8247255667 6.8960107151 6.8965551919 6.9279100174 6.9320346249 6.9329992006 6.9803165606 7.0038619511 7.0277530984 7.2187818855 7.2224852614 7.2485571869 7.2546798133 7.8000510805 7.8234452582 7.9244253653 7.9555996401 8.2093150983 8.5265292071 9.2580145855 9.2770414379 9.388779091 9.4104900552 9.4541303406 9.4659434525 9.5016566099 9.5217627855 9.7316327695 9.7530634518 10.0425824906 10.0682387286 10.387462772 11.422541077 16.6051696731 16.6819617706 16.6862217566 16.7071894518 16.7488278705 16.8328670245 16.8337639338 16.8696393172 16.8868104752 16.9489072813 16.9595155695 16.9987890477 17.1103456952 17.159134184 17.1946754657 17.276052829 17.5072702306 17.5113960143 17.5679940794 17.5707753722 17.6650041063 17.7048851851 17.7221413351 17.7607579219 18.0078962265 18.0796978749 18.1644621418 18.2069937188 18.2917602934 18.3015239972 18.312131955 18.3911463855 19.5051577285 19.5172525123 19.6133307898 19.6422285365 19.7116925228 19.7402375143 19.9134541767 20.1282810055 21.3705725499 21.4064888596 21.4213127442 21.4370605551 21.6771055779 21.7087865835 21.8553011899 21.8661563416
34 1.6033093852 1.6279704466 2.6347456506 2.9916359118 3.0324659288 3.5990017708 3.6149070113 3.6779786287 3.6927434481 3.7222405748 3.7550109771 3.7785410816 3.7816216919 3.8098446291 3.8466561181 3.9683770801 4.0528655955 4.1141764905 4.1262285804 4.1492969082 4.3720898338 4.4007044194 4.4799736838 4.4962274478 4.5228990228 4.5774714715 4.6104015708 4.6430277146 4.6520028432 4.708313775 4.8758314657 4.8911785825 4.8951082576 5.009802976 5.0266947945 5.0459702554 5.0956636031 5.1141083406 5.4048163398 5.4294865249 5.4345809263 5.44425071 5.448312909 5.4852570966 5.6017687292 5.6389506705 5.7460383068 5.9115277091 5.9249110341 5.9415885055 6.3500098042 6.378799184 6.3809831668 6.422542895 6.4667726203 6.4982006813 6.5208714617 6.5499591163 6.5942685017 6.6883946069 6.7428166815 6.7439483122 6.7688415137 6.8232162229 6.8774123197 6.886330014 6.9139944972 6.9191742628 6.9230057453 6.9753638825 6.9977044662 7.0216368751 7.2108347389 7.2168664164 7.2430049497 7.2461734229 7.8079674196 7.8314684438 7.9271511084 7.9579728166 8.2051066719 8.5157889697 9.2725511886 9.291624741 9.390291215 9.4119846844 9.4699602406 9.4823913137 9.4978641804 9.5180204804 9.7202141182 9.7415677149 10.0274052532 10.0531796117 10.4233787125 11.3997041349 16.6024788032 16.6791557277 16.6851891516 16.7285191778 16.7561519644 16.8269478152 16.8349323876 16.8687938868 16.8769144024 16.9405353832 16.9508549494 16.9916217898 17.1032548217 17.14542022 17.1926833314 17.2624696594 17.5059723465 17.5095528012 17.5662875393 17.5692747535 17.6626915042 17.6996652671 17.719895537 17.755709929 18.0135023206 18.0838127223 18.1669011574 18.2089893875 18.2829676383 18.2985375339 18.304014304 18.3837306317 19.5045888612 19.5167694227 19.6160723913 19.6449666984 19.709159538 19.73771998 19.9223056573 20.1248697666 21.3705660649 21.4063825894 21.4186245525 21.4353602101 21.6805995975 21.7121318461 21.8492655565 21.86106827
35 1.6503167392 1.6740247841 2.7073437481 2.9541685949 2.9915749795 3.5972301754 3.6130551824 3.6722500354 3.6853742357 3.7276701753 3.7648842309 3.7883910734 3.7973357113 3.8144739608 3.8611291662 3.9772262829 4.0374393653 4.0995474415 4.114518715 4.1375797237 4.356919908 4.3862213186 4.4625555573 4.4987966327 4.5257993134 4.5761528631 4.6012689248 4.6090225801 4.652552316 4.7181776459 4.8826494636 4.898560297 4.9085502479 5.0110550779 5.0282489343 5.0298332024 5.0954287578 5.0983744828 5.4002199381 5.4240900772 5.4294446207 5.4430968327 5.4482613544 5.4889627368 5.5964127759 5.633561236 5.7424851472 5.9226283326 5.9280040178 5.936283972 6.357068013 6.3621239882 6.3637760327 6.4313390186 6.4753122455 6.5075774382 6.5178666176 6.5564778854 6.6008182971 6.6922841009 6.7473924973 6.7513985261 6.7773308615 6.8216015153 6.8588768218 6.8759283422 6.8956958539 6.9104239228 6.9131586452 6.9685563235 6.9913890346 7.0153640759 7.2033467997 7.2113543843 7.2375646012 7.2381247532 7.8157943599 7.8394080685 7.9294146677 7.9598901478 8.2027989045 8.5047814535 9.2871917281 9.3063138763 9.3919618573 9.4136355607 9.4860847111 9.4940073424 9.4991542523 9.5142209697 9.7085479407 9.7298234871 10.0118978989 10.0377531176 10.4590901858 11.3762863909 16.6002991187 16.6768238208 16.6845288678 16.7489665329 16.7638382966 16.8209662294 16.8371427427 16.8510762801 16.8845467791 16.9219819443 16.9529425947 16.9844956317 17.0962112915 17.1315275939 17.1898466935 17.2487094086 17.5047185685 17.5077987473 17.564677306 17.5678142012 17.6605109637 17.6946695485 17.7177789909 17.7508802718 18.0193833614 18.0881425328 18.1695622079 18.2111908033 18.2740515124 18.2953466465 18.2958646622 18.3762573946 19.504138232 19.5162637971 19.6188557095 19.6477461758 19.7065766752 19.735152499 19.9310578873 20.1212900199 21.370638855 21.4063292917 21.4159624295 21.4336774686 21.6842281559 21.7155847342 21.8431946263 21.8559405135
36 1.6972603869 1.719928952 2.7794770665 2.9162086263 2.9503526409 3.5957199633 3.6114177118 3.6667069944 3.678231825 3.7333033864 3.7749595885 3.7984412133 3.8135276568 3.8192997636 3.8760712722 3.9866296278 4.022229698 4.0851392653 4.1026969081 4.1257520651 4.3411787565 4.3712184275 4.444817854 4.501452291 4.5287825632 4.5496908464 4.5747077019 4.6075035134 4.6622813834 4.728242615 4.8895081272 4.9059466034 4.9215196772 5.0118717409 5.0138463431 5.0294560482 5.0828222889 5.0949361808 5.3958737397 5.418831038 5.4245686657 5.438018396 5.4523301789 5.4927445699 5.5910216178 5.6281440223 5.739598731 5.9146900523 5.9342244281 5.9475213791 6.3453333525 6.346269976 6.3644927026 6.4405080532 6.4842244592 6.5134214721 6.5190279681 6.5634299453 6.607792421 6.6963793996 6.7508547119 6.7600180655 6.7858687745 6.8198745334 6.840505299 6.8652718489 6.8775521414 6.9016701576 6.9030732624 6.9599979763 6.9849186398 7.0089377343 7.1963506936 7.2059712007 7.2305706746 7.2322587124 7.8235133284 7.8472458052 7.931216652 7.9613523746 8.2023027495 8.4935159315 9.3019201048 9.3210927713 9.3937916916 9.4154432552 9.4901059485 9.5024891357 9.5103709427 9.5162001251 9.6966416866 9.7178383477 9.9960750192 10.02197267 10.4945866159 11.3522972809 16.598664347 16.6749992817 16.6842395606 16.7672543738 16.7718903002 16.8170690749 16.833701154 16.8395042393 16.8925397067 16.9038975719 16.9551765901 16.9774255258 17.0892300096 17.1174861676 17.1861588578 17.2348020457 17.5035141118 17.5061391955 17.5631686188 17.5663992319 17.658473595 17.6899070141 17.7158024683 17.7462770612 18.0255344843 18.0926881119 18.172443847 18.2136020833 18.2650252951 18.287694975 18.2919620969 18.368746662 19.5037993388 19.5157366357 19.6216777024 19.6505639134 19.7039461856 19.7325372901 19.9397029739 20.1175385759 21.3707946538 21.4063315569 21.4133328658 21.4320166018 21.6879912866 21.7191443419 21.8370980249 21.8507806161
37 1.7441327105 1.7656784708 2.8511252281 2.8777781731 2.9088091903 3.5944811904 3.6100024092 3.6613571402 3.6713311736 3.7391570732 3.7852289455 3.8086842076 3.8243404069 3.8301819817 3.8914672721 3.9965675929 4.0072633226 4.0709753708 4.0907764701 4.1138272982 4.3248840452 4.3557130457 4.4268021896 4.4973075631 4.5041929689 4.5318392534 4.5731235491 4.6058472801 4.6722088495 4.7385018666 4.8963907344 4.9133199353 4.9340114706 4.9981403351 5.0122744776 5.0301601411 5.067467393 5.0941686794 5.3918019999 5.4137319878 5.4199779031 5.4331036324 5.4564592604 5.4966015869 5.5856039584 5.6227080987 5.737384351 5.9017318352 5.9458547873 5.9590326665 6.3287129736 6.3290473157 6.3714661874 6.4500524061 6.4935106302 6.5104555126 6.5296288878 6.5708126639 6.6151875558 6.7006825791 6.7543202636 6.7686754854 6.7944445877 6.8180168323 6.8223251415 6.8543691509 6.8595853525 6.8925510455 6.8931339165 6.9498101411 6.978296467 7.0023610701 7.1898742453 7.2007391869 7.2235434131 7.2271100388 7.8311060274 7.8549635971 7.9325586786 7.9623612692 8.2035130509 8.4820030849 9.316720663 9.3359457836 9.3957805048 9.4174074795 9.4861575179 9.5064774291 9.5191563379 9.5335206335 9.6845029614 9.7056200363 9.9799519807 10.0058526958 10.5298571233 11.3277465516 16.5976064543 16.6737140239 16.6843194321 16.7796913239 16.7803103086 16.8167105609 16.8189211982 16.8420228214 16.8863221217 16.9008953716 16.9575631561 16.9704258637 17.0823252844 17.1033262965 17.1816157423 17.2207779601 17.502364128 17.5045789324 17.5617661249 17.565035315 17.6565901141 17.6853853336 17.7139763422 17.7419071946 18.031949725 18.0974493099 18.1755429296 18.2162270445 18.2559027701 18.2795168992 18.2883950361 18.3612189066 19.5035656569 19.5151891622 19.6245353046 19.6534168338 19.7012703792 19.7298766321 19.9482333316 20.1136124837 21.3710369165 21.4063917767 21.4107421744 21.4303817742 21.6918887139 21.7228095452 21.8309852576 21.845596046
38 1.7909258376 1.8112686311 2.8388984621 2.8669348961 2.922287861 3.5935229709 3.6088163898 3.6562055976 3.6646877727 3.7452479892 3.7956842615 3.819112551 3.8296136614 3.8472811679 3.9073004928 3.9925456617 4.007023171 4.0570778065 4.0787705453 4.1018186092 4.3080579405 4.3397263126 4.408551979 4.444172647 4.5069919032 4.5349595242 4.5714131624 4.6040568822 4.6823290398 4.7489489764 4.9032793333 4.9206618898 4.9460203359 4.9827076043 5.0122226904 5.0304076019 5.0523218437 5.0931093053 5.3880273399 5.4088152982 5.4156955088 5.4283769569 5.4606507381 5.5005344326 5.5801683902 5.6172624025 5.7358460843 5.889042826 5.95772147 5.9707364783 6.3118537952 6.3121969563 6.3783559162 6.4599739008 6.5031531634 6.5069030025 6.5414559557 6.5786210437 6.6229979897 6.7051946396 6.7577866914 6.777359511 6.803047861 6.8043025215 6.8160681102 6.8418120342 6.8432334018 6.8820428782 6.8843974636 6.9381273815 6.971525903 6.9956374956 7.1839402126 7.1956809141 7.2170698316 7.2221417728 7.8385544419 7.8625436644 7.933443349 7.9629196034 8.2063123799 8.4702551892 9.3315781797 9.3508576876 9.3979272076 9.4195270959 9.4821714579 9.5025477878 9.5360701093 9.5510935683 9.672139529 9.6931764578 9.9635449134 9.9894086242 10.5648905371 11.3026442546 16.5971554605 16.6729984927 16.684766223 16.7824062848 16.7890994802 16.8001451291 16.8303677818 16.8447041918 16.8692928848 16.9096148212 16.9601083005 16.9635104281 17.075510774 17.0890786117 17.176215821 17.2066677399 17.5012736924 17.5031221834 17.5604738749 17.5637278585 17.6548708203 17.6811109588 17.7123105634 17.7377764597 18.0386220935 18.102425035 18.1788545261 18.2190692767 18.2466980459 18.2713417921 18.2846569434 18.3536950036 19.5034306603 19.5146228315 19.6274254308 19.6563018408 19.6985516243 19.7271728627 19.9566416965 20.1095090493 21.3713688025 21.4065121319 21.4081964692 21.4287770293 21.6959198392 21.7265789939 21.8248656868 21.8403941788
39 1.8376316571 1.8566944708 2.7995898294 2.8247679734 2.9929165405 3.5928534904 3.6078660976 3.6512537395 3.6583190634 3.7515927577 3.8063174418 3.8297185334 3.8351369613 3.8648055007 3.9235521775 3.9781238535 4.0179058457 4.0434672191 4.0666921035 4.0897389969 4.2907269807 4.3232831319 4.3901122268 4.3903437914 4.509856033 4.538133333 4.5695789152 4.6021356581 4.6926367696 4.7595779803 4.9101547071 4.9279530667 4.9575310758 4.9675551062 5.011726104 5.0301920334 5.0373942437 5.0917413974 5.3845706322 5.404103076 5.4117429045 5.4238618568 5.4649066979 5.5045444052 5.5747233459 5.61181569 5.7349868212 5.8766723178 5.9698148614 5.9826277974 6.2947779652 6.2957655654 6.3851370984 6.4702737401 6.5030842323 6.5132417085 6.5540865067 6.5868477033 6.6312155914 6.709915282 6.7612517536 6.7860593298 6.7865157637 6.8116677376 6.8139534271 6.8242477126 6.8318816358 6.8712160047 6.8758342052 6.9250934822 6.9646105391 6.9887706219 7.1785661768 7.1908191671 7.2111713283 7.217377346 7.8458408478 7.8699685102 7.9338742235 7.9630311172 8.2105749805 8.4582863184 9.3464778529 9.3658136552 9.4002298518 9.4218001413 9.4781558119 9.4985896926 9.5532128894 9.5688983896 9.659559316 9.6805156897 9.9468706931 9.9726568749 10.5996754111 11.2770007387 16.5973392635 16.6728815227 16.6855772 16.7791276025 16.7840437632 16.7982577922 16.847553409 16.8476556853 16.8528445026 16.9186979019 16.9566922975 16.9628178063 17.0687994361 17.0747738087 17.1699600529 17.192501961 17.5002477899 17.501772611 17.5592953235 17.5624821949 17.6533255761 17.6770892197 17.7108146414 17.7338896329 18.0455436519 18.107613279 18.1823718446 18.2221322108 18.2374254873 18.2631807876 18.2807594928 18.3461961398 19.5033878443 19.5140393354 19.6303449803 19.6592158243 19.6957923455 19.7244283771 19.9649211398 20.1052258522 21.3717931593 21.4057016451 21.4066945827 21.4272062758 21.7000837292 21.7304511035 21.8187485089 21.8351822815
40 1.8842418349 1.9019507518 2.7598716426 2.7822987438 3.0630106496 3.5924800187 3.6071573294 3.646496433 3.6522473131 3.7582077688 3.8171202782 3.8404942394 3.8409273946 3.8827328881 3.9402010932 3.9640027461 4.0291054008 4.0301629348 4.0545539361 4.0776012653 4.2729218439 4.3064118264 4.3359547932 4.3715304681 4.5127715681 4.541350455 4.5676247163 4.6000872706 4.7031274466 4.7703834617 4.9169963776 4.9351728318 4.9526247193 4.9686036431 5.0107833774 5.0226899663 5.0295107963 5.0900486449 5.3814508762 5.3996170493 5.4081396343 5.4195811129 5.4692290813 5.5086330092 5.569277049 5.6063764877 5.7348082638 5.8646545234 5.9821351772 5.9947070965 6.2778159903 6.2794679006 6.3918050033 6.4809524856 6.4991522965 6.5236608431 6.5674649017 6.5954828742 6.6398297985 6.7148426262 6.764713847 6.7689495094 6.7947614464 6.8069090853 6.8116847286 6.8202806082 6.8203515647 6.8601655079 6.8673976992 6.9108575857 6.9575541763 6.9817642655 7.1737645881 7.1861769067 7.2058637041 7.2128404408 7.8529478208 7.8772209277 7.9338557951 7.9627004867 8.2161705399 8.4461125696 9.3614052851 9.380799223 9.402685657 9.4242238702 9.4741187662 9.4946111141 9.570566492 9.5869140014 9.6467704154 9.6676460022 9.9299469181 9.9556148369 10.6342000439 11.250826641 16.5981834744 16.6733902012 16.6867491395 16.7684432942 16.773820184 16.8077838109 16.8370088934 16.8505765599 16.8667950251 16.9281432007 16.9499839199 16.9656970549 17.0604424442 17.0622034829 17.1628518018 17.1783109863 17.4992913002 17.500533318 17.5582333335 17.5613035652 17.6519637902 17.6733244146 17.7094976263 17.7302505695 18.0527055964 18.1130111555 18.1860861669 18.2254190084 18.2280998254 18.2550448266 18.2767144785 18.338743706 19.5034307456 19.5134406082 19.6332908408 19.6621556639 19.692995023 19.7216456272 19.9730650807 20.1007607617 21.3723125073 21.4032633578 21.4069408583 21.4256732734 21.7043791046 21.7344240479 21.8126427325 21.8299674966
41 1.9307478311 1.9470319359 2.7197623512 2.7395385384 3.1325483497 3.5924089225 3.6066952617 3.6419160207 3.6465057332 3.7651090347 3.8280844152 3.8470015871 3.8514315479 3.9010385117 3.9502020938 3.9572227559 4.0171835021 4.0403538762 4.0423686655 4.0654180181 4.2546770234 4.2812700238 4.2891491422 4.3528542523 4.5157288484 4.5446005718 4.56555494 4.5979157256 4.7137971752 4.7813606431 4.9237823418 4.9380049261 4.942305269 4.9791430368 5.0082114615 5.0093961843 5.0283641522 5.0880151531 5.378685076 5.3953784368 5.4049032335 5.4155568217 5.4736196158 5.5128017177 5.5638374644 5.6009530447 5.7353109029 5.8530203462 5.9946842742 6.0069764717 6.2609929809 6.2633177777 6.3983575686 6.4920100407 6.4950635433 6.534464771 6.5815572908 6.6045144118 6.6488276173 6.719972836 6.7516181309 6.7681741877 6.789791669 6.8034686852 6.8086188745 6.8092464008 6.828923666 6.8489177743 6.8591194139 6.8955707175 6.9503608309 6.9746224548 7.1695429496 7.1817772329 7.201157249 7.2085549546 7.8598582453 7.8842840077 7.9333934605 7.9619332901 8.2229675686 8.4337523107 9.3763464561 9.3958002092 9.4052910555 9.4267948551 9.4700687659 9.4906202992 9.5881120801 9.605118624 9.6337810927 9.6545759349 9.9127918785 9.9383008387 10.6684525001 11.2241328764 16.5997112647 16.6745497415 16.6882783069 16.7533797354 16.7678525846 16.8176748604 16.8218152105 16.8537772655 16.8863939227 16.9379479918 16.9433969188 16.9687511195 17.0461147448 17.0557343402 17.1548967515 17.1641247798 17.4984089822 17.4994068526 17.5572901834 17.5601971024 17.6507944028 17.669819894 17.7083680947 17.726862284 18.0600983384 18.1186149455 18.1899868092 18.2187349285 18.2289337771 18.2469446936 18.2725337622 18.3313591682 19.5035529628 19.5128288308 19.6362598927 19.6651182334 19.6901621908 19.7188271198 19.9810672974 20.0961119524 21.3729290268 21.4008870051 21.407252449 21.4241816199 21.7088043304 21.7384957529 21.8065571574 21.8247568271
42 1.9771409167 1.9919321615 2.6792794887 2.6964965005 3.201509668 3.5926456777 3.6064844794 3.6374708308 3.6411500527 3.7723120261 3.8392013298 3.85337555 3.8625221294 3.9196913408 3.9367421725 3.97458471 4.0045513144 4.0301487714 4.0509793387 4.0532016548 4.2269711555 4.2360304252 4.2715192016 4.3341332753 4.5187181818 4.5478733304 4.5633743652 4.5956253876 4.7246428601 4.7925054771 4.923652142 4.9304950859 4.9493155105 4.9891966763 4.9939585942 5.007568893 5.0267551387 5.0856255111 5.3762881286 5.3914078077 5.4020491021 5.4118103311 5.4780797547 5.5170518274 5.5584122516 5.5955532859 5.7364939805 5.8417989229 6.0074645962 6.0194388477 6.24432821 6.2473303796 6.404793404 6.4908268672 6.5034456382 6.5456489096 6.5963306306 6.61392782 6.6581936325 6.7252994652 6.7345365456 6.7716330461 6.7729392137 6.7967502067 6.80657911 6.8121814709 6.8374987993 6.8375385054 6.8510421502 6.879382834 6.9430347405 6.9673494367 7.1659041178 7.1776433457 7.1970569837 7.2045449627 7.866555326 7.8911411481 7.9324934902 7.9607359737 8.2308362601 8.4212264502 9.3912876296 9.4080418061 9.4108023594 9.4295093633 9.4660145087 9.4866257485 9.6058301646 9.6205997904 9.623489026 9.6413151271 9.8954245207 9.9207341093 10.7024206344 11.1969306253 16.6019432253 16.6763833648 16.6901604306 16.7388860127 16.7616888948 16.8072897902 16.8279268226 16.8571600503 16.9059655043 16.936942155 16.9481081869 16.9719846094 17.0318204273 17.0494026113 17.1461028203 17.1499727351 17.4976054569 17.498395218 17.5564675789 17.5591678139 17.6498258732 17.6665781363 17.7074341374 17.7237270212 18.0677115843 18.1244201512 18.1940611178 18.2093465081 18.2326787475 18.2388911296 18.2682292563 18.3240639104 19.5037481759 19.5122064341 19.6392490123 19.6681004039 19.6872964351 19.7159754154 19.9889219377 20.0912779188 21.3736445455 21.3985777091 21.407630598 21.4227347383 21.7133574073 21.7426638915 21.8005003543 21.819557122
43 2.0234121909 2.0366452186 2.6384396927 2.6531817216 3.2698741783 3.5931948782 3.606529009 3.6330869775 3.636266793 3.7798315004 3.8504623159 3.8600645107 3.8737574457 3.9236044241 3.938694777 3.9913578929 3.9931806811 4.0179070459 4.0409643682 4.0587997444 4.1752277636 4.2170229059 4.2535686571 4.3154180948 4.5217298301 4.5511583638 4.5610882129 4.5932209929 4.7356623074 4.8038147336 4.909566728 4.9371008968 4.9561908683 4.9799290511 4.9987587609 5.0053084747 5.0246894727 5.0828648597 5.3742727273 5.3877249357 5.3995903925 5.4083621316 5.482610624 5.5213843577 5.55300872 5.5901847674 5.7383554418 5.8310179476 6.0204788354 6.032097663 6.2278385581 6.2315192055 6.4111113203 6.4864460712 6.5152578292 6.5572113138 6.6117487787 6.6237062889 6.6679100158 6.7177154581 6.7308143153 6.7563464398 6.7750952312 6.7847728643 6.8036941511 6.8208444518 6.8259370778 6.8432191665 6.8461331502 6.8624404463 6.9355803703 6.9599496822 7.1628466877 7.1737985039 7.1935630278 7.2008346764 7.8730225994 7.8977760639 7.9311629978 7.9591158155 8.2396507707 8.4085587355 9.4062140487 9.4109343327 9.42578724 9.4323674775 9.4619649232 9.4826361947 9.6072351365 9.6236990838 9.6278659214 9.6420105288 9.8778644052 9.9029347311 10.7360921162 11.1692313198 16.6048972405 16.6789121909 16.6923906728 16.7249933748 16.7555218653 16.7934561492 16.8385341264 16.8607285854 16.9252948805 16.9306296684 16.9586182911 16.9754016427 17.0175885342 17.0432180463 17.135883517 17.1364800814 17.4968851898 17.4974998839 17.555766667 17.5582205627 17.6490661698 17.6636008149 17.70670335 17.7208463159 18.0755344114 18.130421554 18.1982944739 18.1999489555 18.2308937718 18.2366584903 18.2638129515 18.3168790389 19.5040101644 19.5115761013 19.6422550763 19.6710990487 19.6844003927 19.7130931264 19.9966235283 20.0862574884 21.3744605282 21.3963402992 21.4080762957 21.4213358649 21.7180359653 21.7469258785 21.7944806459 21.8143750625
44 2.069552599 2.0811645241 2.5972587296 2.6096033858 3.3376205714 3.5940602404 3.6068323568 3.6287031722 3.6319285229 3.7876813315 3.8618584669 3.8670827383 3.8851287439 3.9108568782 3.9579613373 3.9802704784 4.0056407453 4.0103397428 4.0287181695 4.0549517706 4.1348990975 4.1976977716 4.2353354285 4.2967603439 4.5247540612 4.5544449327 4.5587025651 4.5907076591 4.7468543189 4.8152860822 4.8957380167 4.9435828868 4.9629050371 4.9661187595 5.002624409 5.0078288575 5.0221754609 5.079718958 5.3726492825 5.3843486483 5.3975379156 5.4052317233 5.4872129739 5.5257999749 5.5476337888 5.5848546357 5.740891884 5.8207037305 6.0337297314 6.0449566647 6.2115388542 6.2158958621 6.4173101718 6.481923829 6.5274444756 6.5691497591 6.6277713012 6.6338307461 6.6779564917 6.7011685649 6.7365022196 6.7400280185 6.7727117906 6.7785682012 6.8005108289 6.8142637124 6.8294829052 6.8357166828 6.844884819 6.8546985559 6.9280024194 6.9524278932 7.1603654321 7.1702659767 7.1906710595 7.1974483963 7.8792439482 7.9041727982 7.9294099074 7.9570808889 8.2492909261 8.3957760764 9.4139542527 9.4211214152 9.4353233083 9.4407820405 9.4579291502 9.4786606021 9.5936959489 9.6142456487 9.6417042949 9.6606455402 9.8601316581 9.884923585 10.7694544561 11.1410466282 16.608588376 16.6821551398 16.6949635938 16.7117307415 16.7494484341 16.7803349592 16.8494897193 16.8644859749 16.9244686362 16.9442638196 16.9694713597 16.9790057937 17.003447283 17.0371895163 17.1218849297 17.1260406794 17.4962524725 17.4967218013 17.5551880528 17.5573600475 17.6485227616 17.6608888573 17.7061828255 17.7182210439 18.0835553387 18.1366132747 18.1905568898 18.202670676 18.2229644348 18.2408747111 18.2592969946 18.3098251443 19.5043328254 19.5109407688 19.6452749652 19.6741110462 19.6814767494 19.7101829155 20.0041669826 20.0810498347 21.3753780675 21.3941792964 21.4085902739 21.4199880375 21.7228372576 21.7512788678 21.788506088 21.809217149
45 2.1155529504 2.1254830963 2.5557515232 2.5657707842 3.4047261881 3.5952446007 3.6073975573 3.6243603144 3.6281043274 3.7958743434 3.8733806061 3.8744433329 3.8966267069 3.8984754254 3.9687263166 3.977491865 3.9933979296 4.0164745096 4.0225106419 4.0285677689 4.1228995085 4.1781002554 4.2168613685 4.2782128767 4.5277812056 4.5562151242 4.557731221 4.5880908926 4.7582187772 4.8269181628 4.8821597903 4.9499147531 4.9525223145 4.9694336623 4.9995285731 5.0164079721 5.0192238828 5.076174248 5.3714258644 5.3812966725 5.395900069 5.4024374692 5.4918871367 5.53029892 5.5422939619 5.579569589 5.7440985023 5.8108811805 6.0472199012 6.0580197316 6.195441973 6.2004700576 6.4233887922 6.477262373 6.5400027444 6.5814614189 6.64427989 6.6443529579 6.6849062475 6.6883099626 6.7239964711 6.7423453 6.7606007065 6.782064109 6.7969691477 6.8025133337 6.8268506388 6.8286106033 6.838084769 6.8632265204 6.9203058268 6.9447890083 7.1584517643 7.1670689885 7.1883728306 7.194410456 7.8852036166 7.9103157315 7.9272429249 7.9546400256 8.2596434029 8.3829089001 9.4171079588 9.4359842593 9.4384407941 9.4539166035 9.4557035797 9.474708351 9.5799912452 9.6004611327 9.6598179812 9.6793795642 9.8422469182 9.8667222878 10.8024950326 11.1123884384 16.6130287826 16.686128842 16.6978730597 16.699124656 16.7435254708 16.767944057 16.8607850211 16.8684347113 16.9184673894 16.9627949294 16.9806588558 16.9828001498 16.989423931 17.0313249938 17.1080037761 17.1147987841 17.4957114028 17.4960614187 17.554731819 17.5565907824 17.6482026124 17.6584424939 17.7058791492 17.7158514624 18.0917623931 18.1429888354 18.1811852444 18.2071715562 18.2151124635 18.2453312078 18.2546938215 18.302922016 19.5047101901 19.5103036269 19.6483055668 19.6771332841 19.6785282376 19.7072474934 20.0115476075 20.0756544885 21.3763978764 21.3920988987 21.4091730017 21.418694085 21.7277581565 21.755719749 21.7825844534 21.8040896892
46 2.1614039365 2.1695935283 2.513932186 2.5216933058 3.4711662649 3.596749902 3.6082272481 3.6201636743 3.6246976936 3.8044221526 3.8821566365 3.8850131923 3.8864800584 3.9082433703 3.95755405 3.9709771037 3.981159087 3.9972449378 4.0042455152 4.0470357273 4.1297210352 4.1582769916 4.1981898384 4.2598301987 4.5308017093 4.5536499542 4.5609896421 4.5853765939 4.7697567163 4.8387106401 4.8688232961 4.9391333994 4.9560711888 4.9757521454 4.9960351054 5.0158478498 5.024498214 5.0722179167 5.370608168 5.37858548 5.394682792 5.3999964395 5.4966329886 5.5348805696 5.5369956856 5.5743358439 5.747969039 5.8015737647 6.060951676 6.0712907015 6.1795588973 6.1852496481 6.4293459653 6.4724637168 6.5529291051 6.5941427899 6.6550304195 6.6614431578 6.668939382 6.6989367469 6.7082719636 6.7483171896 6.7484740218 6.7856014585 6.7907000896 6.793022167 6.8084654014 6.8219858251 6.8466389261 6.8717088227 6.9124957773 6.9370382082 7.157094199 7.1642306528 7.1866567013 7.1917451559 7.8908862288 7.9161895613 7.9246715396 7.9518027777 8.270602456 8.3699915344 9.4203815816 9.4416687977 9.4499243586 9.4508096097 9.470497529 9.4708749002 9.5661302499 9.5865205307 9.6780214462 9.6981871023 9.824231278 9.848353123 10.83520112 11.0832688388 16.6182276167 16.6871988714 16.6908475588 16.7011124756 16.7377906817 16.756298451 16.8724086639 16.8725778642 16.9126333534 16.9755446512 16.9808307989 16.9867864446 16.9921714448 17.0256315378 17.0942657613 17.1027705278 17.4952658646 17.495518701 17.5543975465 17.5559170747 17.6481121753 17.6562613006 17.7057983956 17.7137372433 18.1001431679 18.1495412191 18.1718486285 18.2073480227 18.2117779783 18.2500163399 18.2500302396 18.2961883135 19.5051364396 19.509668118 19.6513437801 19.6755576347 19.6801626627 19.7042896177 20.0187611091 20.0700713484 21.3775202819 21.3901029673 21.4098246825 21.417456617 21.7327951511 21.7602451467 21.7767232153 21.7989987862
47 2.2070961488 2.2134879609 2.4718140524 2.4773804232 3.5369124602 3.598577183 3.6093238647 3.6161933742 3.6216361981 3.8133350189 3.8748516873 3.8902396673 3.8967672082 3.9134704001 3.9199680527 3.9467664382 3.9689439034 3.9920421264 4.0171816957 4.065696107 4.1382755036 4.1422265994 4.1793652594 4.2416693962 4.5338061805 4.5510000142 4.5642243421 4.5825710602 4.7814703732 4.8506640915 4.8557192948 4.9259451805 4.9620268037 4.9818357717 4.9921602468 5.0120626392 5.0321027425 5.0678379539 5.3701995027 5.3762301319 5.3938895465 5.3979242526 5.5014499179 5.5317427169 5.5395460001 5.5691591056 5.7524957367 5.7928034635 6.0749269374 6.0847731967 6.1638987844 6.1702407115 6.4351804119 6.4675297461 6.5662193292 6.6071896674 6.6532780903 6.6660568923 6.6789854482 6.6928179981 6.7098576271 6.7363666879 6.7543813766 6.7789006546 6.7885722363 6.7892101144 6.789848722 6.8159102387 6.8551385111 6.8801375917 6.9045777079 6.9291809221 7.1562787925 7.1617738935 7.1855081654 7.1894766818 7.8962768086 7.9216856204 7.921799689 7.9485793806 8.2820702753 8.3570626223 9.4237683523 9.4450062102 9.4459973354 9.4655500748 9.4669051457 9.4854093233 9.5521224039 9.5724336629 9.6962928663 9.7170437196 9.806106221 9.8298389659 10.8675599163 11.0537000987 16.6241909766 16.6759748229 16.6963231115 16.704674128 16.7322715403 16.7454103367 16.8769126866 16.8843528252 16.9069730627 16.9618344352 16.9909670501 16.9983250493 17.0039969252 17.0201152866 17.0806953911 17.0899739839 17.4949195062 17.4950931493 17.5541843378 17.5553430024 17.6482573892 17.654344232 17.7059461264 17.7118774972 18.1086848765 18.1562629277 18.1625616506 18.1996811947 18.2164696242 18.2452781487 18.254973343 18.2896412096 19.5056059194 19.509037935 19.6543865185 19.6725677607 19.6831960984 19.7013120898 20.0258035968 20.0643006897 21.3787452213 21.3881950151 21.4105452518 21.4162780149 21.7379443458 21.7648514191 21.7709295327 21.7939503287
48 2.2526200979 2.2571580541 2.429409713 2.4328416752 3.6007175474 3.6019306451 3.6106950575 3.6124943513 3.6188853164 3.8226216613 3.8535196074 3.8636249712 3.8986933316 3.9086111939 3.9317916401 3.9363687738 3.9567638349 3.9798755236 4.0372616352 4.0845075395 4.1181437189 4.1568666125 4.1604368386 4.2237919948 4.5367854314 4.5482754206 4.5674229675 4.5796809864 4.7933632151 4.8428375727 4.862781022 4.9129506687 4.9677562835 4.9876599164 4.9879221589 5.0078855054 5.0392257616 5.0630232056 5.3702008057 5.3742441268 5.3935213263 5.3962349158 5.5063367981 5.5265422357 5.5442918202 5.5640445441 5.7576692973 5.7845907292 6.0891469511 6.0984704454 6.1484690463 6.1554476466 6.4408907851 6.4624622585 6.5798684923 6.6205971293 6.6379320349 6.6773319306 6.6777083998 6.6969216779 6.7209762037 6.7243138144 6.7604870269 6.7671218416 6.7711116642 6.7836374799 6.7929294956 6.810411631 6.8635756977 6.8885052434 6.8965573128 6.9212228325 7.1559895473 7.1597213534 7.1849103434 7.187629005 7.9013608013 7.9183559028 7.9270717183 7.9449807157 8.2939570534 8.3441655645 9.4272603899 9.4421092994 9.4484484024 9.463076749 9.4802272337 9.5001582 9.5379773735 9.5582103896 9.7146102234 9.7359248935 9.7878935539 9.8112032031 10.8995585712 11.023694647 16.6309218576 16.6654708817 16.7025648187 16.7085497424 16.7269895159 16.7352891164 16.8814434886 16.8966003014 16.9014921509 16.9483169901 16.9953424625 17.0147814037 17.0152381222 17.0161227515 17.06731589 17.0764291623 17.4946757189 17.4947838223 17.55409084 17.554872391 17.648643675 17.6526896493 17.7063273899 17.7102707928 18.1173743998 18.1533388182 18.1631460363 18.1921216858 18.2212259139 18.2404937679 18.2601608341 18.2832960305 19.5061131533 19.5084170174 19.6574307131 19.6695614761 19.6862305272 19.6983177534 20.0326715866 20.0583431735 21.3800722388 21.3863781954 21.4113343769 21.4151604233 21.743201461 21.7652102374 21.7695346594 21.7889499808
49 2.2979662312 2.3005949577 2.3867310486 2.3880866502 3.6031957595 3.6090850588 3.6123221575 3.6164144789 3.6661901826 3.7921118016 3.832289627 3.8527881837 3.9075285249 3.9205431349 3.9263634532 3.9437043146 3.9446298868 3.9677566059 4.0574424547 4.0979293637 4.1034293887 4.1414343717 4.1726527853 4.2062676575 4.5397305128 4.5454837402 4.5705763922 4.5767134635 4.8054399366 4.83016965 4.8750635239 4.9001430387 4.9732346143 4.983340723 4.9932002746 5.0033354713 5.0458725189 5.0577634225 5.3706106792 5.3726392533 5.393576693 5.3949406694 5.5112919667 5.521397748 5.5491172255 5.5589967743 5.76347885 5.7769544508 6.1036122007 6.1123851013 6.1332754484 6.1408732919 6.4464756697 6.4572629823 6.5938709787 6.6229100261 6.6343596071 6.6629230471 6.6888265136 6.7123501274 6.7151784709 6.732296806 6.7523583899 6.7554034325 6.7665667415 6.7782566363 6.7968199936 6.8054572804 6.8719431002 6.8884405497 6.8968044771 6.9131698806 7.1562087742 7.158095283 7.1848444289 7.186225758 7.9061240981 7.9146345474 7.9320508849 7.9410182748 8.3061808373 8.3313489873 9.4308493459 9.4382829189 9.4519845012 9.4593076026 9.4948194355 9.514823945 9.5237050647 9.5438607709 9.7329513126 9.7548060129 9.7696153363 9.7924696473 10.9311842143 10.9932650489 16.6384201245 16.6557025899 16.7095794423 16.7127300512 16.7219622471 16.7259414216 16.8861684939 16.8961953382 16.909137629 16.9350146671 16.9999127828 17.0096343117 17.0285342722 17.0315351201 17.0541491331 17.0621580385 17.4945376139 17.4945893586 17.5541152707 17.5545087888 17.6492759331 17.651295341 17.7069467216 17.7089151691 18.1261983275 18.1441945184 18.1701822429 18.184679122 18.226026182 18.2356788395 18.2655913877 18.2771659307 19.5066528559 19.5078095476 19.660473316 19.6665416791 19.6892629078 19.6953094917 20.0393620027 20.0521998525 21.3815004844 21.3846552926 21.4121914565 21.4141057426 21.7485618349 21.7595718214 21.7742906964 21.7840031737
50 2.3431249472 2.3431249472 2.3437892859 2.3437892859 3.6059837314 3.6059837314 3.61423095 3.61423095 3.7296116198 3.7296116198 3.8423438008 3.8423438008 3.9167506515 3.9167506516 3.9325528098 3.9325528098 3.9556960502 3.9556960502 4.0776801917 4.0776801917 4.1224193196 4.1224193196 4.1891818316 4.1891818316 4.5426327448 4.5426327448 4.5736759752 4.5736759752 4.8177064197 4.8177064197 4.8875159008 4.8875159008 4.9784373231 4.9784373231 4.9984331037 4.9984331037 5.0520493011 5.0520493011 5.3714254505 5.3714254505 5.3940518383 5.3940518383 5.516313209 5.516313209 5.5540198438 5.5540198438 5.7699119272 5.7699119272 6.1183222232 6.1183222232 6.1265190623 6.1265190623 6.4519335838 6.4519335838 6.6082204867 6.6082204867 6.6484706115 6.6484706115 6.7005099464 6.7005099464 6.733684541 6.733684541 6.7437838959 6.7437838959 6.7725267907 6.7725267907 6.8009623676 6.8009623676 6.8802336451 6.8802336451 6.9050282712 6.9050282712 7.1569174089 7.1569174089 7.1852900804 7.1852900804 7.9105530612 7.9105530613 7.936704126 7.936704126 8.3186672295 8.3186672295 9.4345265182 9.4345265182 9.4556071725 9.4556071726 9.5093156063 9.5093156063 9.5293951058 9.5293951058 9.7512938078 9.7512938078 9.7736624504 9.7736624504 10.9624239827 10.9624239827 16.6466825031 16.6466825031 16.7172047373 16.7172047373 16.7173711396 16.7173711396 16.8910864713 16.8910864713 16.9219483953 16.9219483953 17.0046772662 17.0046772662 17.0412155883 17.0412155883 17.0471846272 17.0471846272 17.4945079998 17.4945079998 17.5542554423 17.5542554423 17.6501585395 17.6501585395 17.7078081445 17.7078081445 18.1351429955 18.1351429955 18.1773629134 18.1773629134 18.2308502575 18.2308502575 18.2712616495 18.2712616495 19.5072199442 19.5072199442 19.6635113035 19.6635113035 19.6922902248 19.6922902248 20.0458721777 20.0458721777 21.3830287142 21.3830287142 21.4131156226 21.4131156226 21.7540204265 21.7540204265 21.7791150979 21.7791150979
51 2.3431249472 2.3431249472 2.3437892859 2.3437892859 3.6059837314 3.6059837314 3.61423095 3.61423095 3.7296116198 3.7296116198 3.8423438008 3.8423438008 3.9167506515 3.9167506516 3.9325528098 3.9325528098 3.9556960502 3.9556960502 4.0776801917 4.0776801917 4.1224193196 4.1224193196 4.1891818316 4.1891818316 4.5426327448 4.5426327448 4.5736759752 4.5736759752 4.8177064197 4.8177064197 4.8875159008 4.8875159008 4.9784373231 4.9784373231 4.9984331037 4.9984331037 5.0520493011 5.0520493011 5.3714254505 5.3714254505 5.3940518383 5.3940518383 5.516313209 5.516313209 5.5540198438 5.5540198438 5.7699119272 5.7699119272 6.1183222232 6.1183222232 6.1265190623 6.1265190623 6.4519335838 6.4519335838 6.6082204867 6.6082204867 6.6484706115 6.6484706115 6.7005099464 6.7005099464 6.733684541 6.733684541 6.7437838959 6.7437838959 6.7725267907 6.7725267907 6.8009623676 6.8009623676 6.8802336451 6.8802336451 6.9050282712 6.9050282712 7.1569174089 7.1569174089 7.1852900804 7.1852900804 7.9105530612 7.9105530613 7.936704126 7.936704126 8.3186672295 8.3186672295 9.4345265182 9.4345265182 9.4556071725 9.4556071726 9.5093156063 9.5093156063 9.5293951058 9.5293951058 9.7512938078 9.7512938078 9.7736624504 9.7736624504 10.9624239827 10.9624239827 16.6466825031 16.6466825031 16.7172047373 16.7172047373 16.7173711396 16.7173711396 16.8910864713 16.8910864713 16.9219483953 16.9219483953 17.0046772662 17.0046772662 17.0412155883 17.0412155883 17.0471846272 17.0471846272 17.4945079998 17.4945079998 17.5542554423 17.5542554423 17.6501585395 17.6501585395 17.7078081445 17.7078081445 18.1351429955 18.1351429955 18.1773629134 18.1773629134 18.2308502575 18.2308502575 18.2712616495 18.2712616495 19.5072199442 19.5072199442 19.6635113035 19.6635113035 19.6922902248 19.6922902248 20.0458721777 20.0458721777 21.3830287142 21.3830287142 21.4131156226 21.4131156226 21.7540204265 21.7540204265 21.7791150979 21.7791150979
52 2.343376446 2.3433766435 2.3445833902 2.344583577 3.6061667711 3.6061667814 3.6144077167 3.6144077174 3.7319265032 3.7319265281 3.8430057659 3.8430057795 3.917371838 3.9173718484 3.9337663925 3.9337664367 3.9568812822 3.9568812872 4.0756231007 4.0756233752 4.1243757937 4.124376045 4.1892472208 4.1892472214 4.5424806636 4.5424806768 4.5735207432 4.5735207488 4.8172638272 4.8172638446 4.8884242359 4.8884242988 4.9786742965 4.9786742975 4.9986662387 4.9986662673 5.0528434992 5.0528435021 5.3605951374 5.3605952325 5.405313551 5.4053136796 5.516238058 5.5162380582 5.5539353632 5.553935365 5.7700398488 5.7700398599 6.1181704619 6.1181704963 6.126352623 6.1263526316 6.4511115373 6.451111542 6.6080408862 6.6080409155 6.6483361028 6.6483361104 6.7005111335 6.7005111365 6.7319954393 6.7319955445 6.7437403487 6.7437403682 6.7737876917 6.7737877263 6.802012063 6.8020121268 6.8804545145 6.8804545309 6.9052267107 6.9052267203 7.1566913016 7.1566913476 7.1850290077 7.185029024 7.8951174562 7.8951177099 7.9516091965 7.9516094416 8.3187214829 8.3187214841 9.4088313383 9.4088313811 9.4811095935 9.4811096374 9.5096285917 9.5096286009 9.5296986782 9.529698698 9.7513477823 9.7513477856 9.7737143346 9.7737143435 10.9623152733 10.9623152733 16.6468358252 16.6468358294 16.7168960122 16.7168960124 16.7175281603 16.7175281615 16.8912617 16.8912617096 16.9204229353 16.9204229358 17.0048384612 17.0048384637 17.0424547824 17.042454785 17.0469206741 17.0469206759 17.4946474105 17.4946474133 17.5543661151 17.5543661276 17.648747139 17.6487472541 17.708945104 17.7089452159 18.1349371015 18.1349371179 18.1771179713 18.1771179799 18.2307205125 18.230720514 18.2711309634 18.2711309652 19.5079560723 19.5079560845 19.6641176159 19.6641176203 19.6928965431 19.6928965434 20.0463948674 20.0463948735 21.3827540238 21.3827540287 21.4128398305 21.4128398312 21.7535962844 21.7535962991 21.7787794913 21.7787795069
53 2.3444340214 2.3444342427 2.3466696351 2.3466698352 3.6067212454 3.6067212658 3.6149444873 3.6149444888 3.7388521374 3.7388521871 3.8449883409 3.8449883681 3.9192321139 3.9192321347 3.9373917571 3.9373918455 3.9604225095 3.9604225193 4.0703115117 4.0703119657 4.1293749535 4.1293753607 4.1894434619 4.1894434632 4.5420251895 4.5420252159 4.5730557638 4.5730557752 4.8160626895 4.8160627186 4.8910120695 4.8910121903 4.9793870487 4.9793870507 4.9993673622 4.9993674193 5.0552231493 5.0552231551 5.3435013298 5.3435014185 5.4237185818 5.4237187377 5.5160123581 5.5160123583 5.5536817386 5.5536817422 5.7704233732 5.7704233953 6.1177165671 6.1177166358 6.125854987 6.1258550041 6.4486690108 6.4486690201 6.6075031391 6.6075031976 6.6479334606 6.6479334757 6.7005144701 6.7005144761 6.7274724536 6.7274726352 6.743609498 6.7436095368 6.777126411 6.7771264572 6.8050365649 6.8050366868 6.8811152892 6.8811153218 6.9058203823 6.9058204015 7.1560143276 7.1560144194 7.1842471146 7.1842471472 7.8708470047 7.8708472853 7.9742877534 7.9742880169 8.3188845422 8.3188845447 9.3747667772 9.3747668208 9.5105657005 9.510565719 9.5145969287 9.5145969745 9.5306076564 9.5306076959 9.7515095538 9.7515095604 9.7738698358 9.7738698538 10.9619891928 10.9619891929 16.6472956412 16.6472956496 16.7159709614 16.7159709617 16.7179990632 16.7179990654 16.8917859969 16.8917860161 16.9160307323 16.9160307332 17.0053204664 17.0053204714 17.0459864964 17.0459865017 17.0461300761 17.0461300798 17.4950663094 17.4950663149 17.554698677 17.554698702 17.6448130617 17.6448132681 17.7120602927 17.7120604925 18.1343200347 18.1343200674 18.17638403 18.1763840474 18.2303312222 18.2303312251 18.2707388465 18.2707388501 19.510163097 19.5101631213 19.6659352431 19.6659352519 19.6947141796 19.6947141801 20.0479618458 20.0479618579 21.3819298461 21.3819298559 21.4120123475 21.4120123487 21.7523262444 21.7523262733 21.7777704931 21.7777705239
54 2.346418164 2.3464183849 2.3499461883 2.3499463777 3.6076625541 3.6076625843 3.6158598429 3.6158598459 3.7503320547 3.7503321289 3.8482815346 3.8482815756 3.9223216034 3.9223216348 3.9433835199 3.9433836521 3.9662770205 3.9662770347 4.0631815915 4.0631821443 4.135947444 4.135947926 4.1897707917 4.1897707937 4.5412686013 4.541268641 4.5722831782 4.5722831953 4.8144211323 4.8144211642 4.8949282634 4.8949284341 4.9805810668 4.9805810698 5.0005415371 5.0005416228 5.0591794277 5.0591794364 5.3261416175 5.3261416883 5.4433200994 5.4433202718 5.5156353768 5.5156353772 5.5532584265 5.553258432 5.7710617505 5.7710617838 6.1169645904 6.1169646935 6.1250311569 6.1250311822 6.4446737221 6.4446737358 6.6066103027 6.6066103902 6.6472653284 6.6472653508 6.7005192595 6.7005192685 6.7211015063 6.7211017359 6.7433906458 6.7433907037 6.7818129355 6.7818129751 6.8097096453 6.8097098152 6.8822104514 6.8822105001 6.9068043417 6.9068043704 7.1548903841 7.1548905213 7.1829483172 7.1829483661 7.845132386 7.8451326757 7.9973458178 7.9973460818 8.3191572965 8.3191573003 9.3400433184 9.3400433617 9.5121213847 9.5121214123 9.5321167839 9.5321168431 9.5483614652 9.5483615117 9.7517786564 9.7517786663 9.7741284737 9.7741285005 10.9614458832 10.9614458835 16.6480614846 16.6480614972 16.7144329543 16.7144329549 16.7187833646 16.718783368 16.8926551712 16.8926552 16.9092236597 16.9092236611 17.0061185432 17.0061185508 17.0448166073 17.0448166129 17.0513537201 17.0513537281 17.495766682 17.4957666904 17.5552547196 17.5552547571 17.6389962645 17.6389965336 17.7165263527 17.7165266118 18.1332935771 18.1332936259 18.1751637172 18.1751637431 18.2296822153 18.2296822195 18.2700851171 18.2700851226 19.5138369104 19.5138369467 19.6689602488 19.6689602621 19.6977391856 19.6977391864 20.0505698306 20.0505698487 21.3805558484 21.3805558631 21.4106328517 21.4106328536 21.750217162 21.7502172043 21.7760817817 21.7760818268
55 2.3493468771 2.3493470937 2.3544246009 2.3544247762 3.6090143737 3.6090144132 3.6171821768 3.6171821819 3.7662742546 3.7662743527 3.8528687307 3.8528687859 3.9266238649 3.9266239067 3.9516688498 3.9516690255 3.9743758649 3.9743758828 4.0551823645 4.0551829727 4.1430903462 4.143090859 4.1902296697 4.1902296724 4.5402147344 4.5402147875 4.5712065806 4.5712066037 4.8127259361 4.8127259617 4.8997272661 4.8997274791 4.9822654744 4.9822654782 5.0021971787 5.0021972932 5.0646976899 5.0646977017 5.3093236894 5.3093237386 5.4633975152 5.4633977012 5.5151059257 5.5151059263 5.5526645525 5.5526645599 5.7719537498 5.7719537943 6.1159212457 6.1159213832 6.1238894134 6.1238894466 6.4392290976 6.4392291155 6.6053674134 6.6053675297 6.6463361588 6.6463361882 6.7005242941 6.7005243063 6.7136118959 6.7136121553 6.7430825882 6.7430826649 6.7874196815 6.7874197083 6.8156218751 6.8156220812 6.8837309096 6.8837309742 6.9081704327 6.9081704708 7.153325938 7.1533261201 7.1811391097 7.1811391748 7.8187158418 7.8187161373 8.0200358454 8.0200361064 8.3195412145 8.3195412197 9.3050599612 9.3050600039 9.5142864673 9.5142865041 9.5342173648 9.5342174435 9.5820090413 9.5820090883 9.7521543122 9.7521543255 9.7744894462 9.7744894821 10.9606855771 10.9606855774 16.6491325717 16.6491325883 16.7122875996 16.7122876003 16.7198802526 16.7198802572 16.8938622578 16.8938622961 16.9005257189 16.9005257208 17.0072248246 17.0072248347 17.0429865432 17.0429865506 17.0580237169 17.0580237278 17.4967518175 17.4967518286 17.5560368903 17.5560369404 17.6318950235 17.6318953336 17.721766139 17.7217664358 18.1318606526 18.1318607174 18.1734614052 18.1734614396 18.2287732058 18.2287732112 18.2691694713 18.2691694786 19.5189706934 19.5189707415 19.6731860956 19.6731861133 19.701965003 19.7019650041 20.0542133787 20.0542134029 21.3786314806 21.3786315001 21.4087008116 21.4087008141 21.7472796708 21.7472797255 21.7737036184 21.7737036768
56 2.3532474403 2.353247653 2.3601154859 2.3601156479 3.6108060831 3.6108061314 3.6189464116 3.6189464197 3.7865541317 3.7865542533 3.8587267383 3.8587268079 3.932115914 3.9321159665 3.9621510992 3.962151318 3.9846267949 3.984626816 4.0468144615 4.0468151033 4.1502306525 4.1502311734 4.1908208926 4.190820896 4.5388690366 4.5388691032 4.5698310594 4.5698310886 4.8113418222 4.8113418333 4.904954758 4.9049550066 4.9844529941 4.9844529987 5.0043460166 5.0043461601 5.0717575598 5.0717575746 5.2933782694 5.2933782948 5.4837464276 5.4837466258 5.5144224073 5.5144224083 5.5518989576 5.5518989668 5.7730976876 5.7730977434 6.1145958537 6.1145960257 6.122441234 6.1224412747 6.4324628859 6.4324629078 6.6037814003 6.603781545 6.645152282 6.645152318 6.7005277859 6.7005278013 6.7054247481 6.7054250269 6.7426835554 6.7426836504 6.7937689566 6.793768971 6.8223961962 6.8223964279 6.8856641521 6.8856642322 6.9099074101 6.9099074575 7.1513299854 7.1513302116 7.1788285169 7.1788285981 7.7917874852 7.7917877855 8.0421600211 8.0421602782 8.320038324 8.3200383305 9.2699194949 9.2699195369 9.5170482469 9.5170482928 9.5368973593 9.5368974573 9.6154439709 9.6154440181 9.7526354303 9.7526354469 9.7749516292 9.7749516741 10.9597085904 10.9597085907 16.6505077912 16.6505078117 16.709542733 16.709542734 16.7212885769 16.7212885826 16.8903977964 16.8903977986 16.895397547 16.8953975948 17.0086283613 17.0086283739 17.0406486387 17.0406486479 17.0655230095 17.0655230234 17.4980262761 17.4980262898 17.5570488839 17.5570489464 17.6239366479 17.6239369855 17.7273822333 17.7273825539 18.1300252574 18.1300253377 18.1712832033 18.171283246 18.2276037927 18.2276037993 18.2679914809 18.2679914901 19.5255549548 19.5255550145 19.678603678 19.6786037002 19.7073824991 19.7073825004 20.0588849269 20.0588849571 21.3761559813 21.3761560056 21.4062154915 21.4062154946 21.7435272114 21.7435272771 21.7706238266 21.770623897
57 2.3581610135 2.358161224 2.3670208628 2.3670210136 3.613069842 3.6130698984 3.6211903578 3.6211903697 3.8110181278 3.8110182722 3.8658258567 3.8658259414 3.9387682508 3.9387683141 3.9747139293 3.9747141908 3.996917695 3.9969177185 4.0383439955 4.0383446591 4.1570144884 4.1570150049 4.1915457984 4.1915458027 4.5372386528 4.5372387331 4.5681632566 4.5681632922 4.8105757903 4.8105758011 4.9101776008 4.9101778795 4.9871598855 4.9871598908 5.0070030322 5.0070032048 5.0803330503 5.0803330682 5.2785731764 5.2785731766 5.5042672561 5.5042674656 5.5135828809 5.5135828823 5.5509602625 5.5509602736 5.7744914682 5.7744915353 6.113000273 6.1130004795 6.1207011888 6.1207012365 6.4245154213 6.4245154469 6.6018609691 6.601861142 6.6437219948 6.6437220368 6.6967759787 6.6967762707 6.700527268 6.7005272868 6.7421911275 6.7421912402 6.8007677542 6.8007677584 6.8297420222 6.8297422712 6.8879944523 6.8879945475 6.9120011066 6.9120011631 7.1489139982 7.1489142676 7.1760280331 7.1760281304 7.764432395 7.7644326996 8.0636228399 8.0636230924 8.3206511843 8.3206511921 9.2346748154 9.2346748568 9.520390639 9.520390694 9.5401415147 9.5401416319 9.648623074 9.6486231215 9.7532206037 9.7532206237 9.7755135741 9.7755136279 10.9585153138 10.9585153142 16.6521856911 16.6521857155 16.7062084012 16.7062084024 16.7230068362 16.723006843 16.8791955883 16.8791955908 16.8972486276 16.8972486849 17.0103151885 17.0103152036 17.0378140977 17.0378141087 17.0734791052 17.0734791223 17.4995958428 17.4995958591 17.5582954287 17.5582955038 17.6154067802 17.6154071369 17.7331279408 17.7331282767 18.1277923632 18.1277924586 18.1686369485 18.1686369993 18.2261734591 18.2261734667 18.2665505919 18.2665506029 19.5335775856 19.5335776567 19.6852013695 19.6852013963 19.7139800136 19.7139800152 20.0645748467 20.0645748827 21.3731283873 21.3731284164 21.403175961 21.4031759647 21.738975005 21.7389750803 21.7668288301 21.7668289111
58 2.3641375093 2.3641377189 2.3751359541 2.3751360959 3.6158377565 3.6158378204 3.6239512832 3.6239512999 3.8394877174 3.8394878838 3.8741299509 3.8741300512 3.9465448825 3.9465449566 3.9892253558 3.9892256597 4.011120061 4.0111200861 4.0299217128 4.0299223917 4.1631919493 4.1631924537 4.1924066282 4.1924066333 4.5353325398 4.535332634 4.5662114506 4.5662114929 4.8106733658 4.8106734048 4.9149833368 4.9149836404 4.9904058474 4.9904058533 5.0101863629 5.0101865648 5.0903927115 5.0903927326 5.2651846211 5.2651846481 5.5125851453 5.5125851473 5.524894319 5.5248945388 5.5498469487 5.5498469617 5.7761326386 5.7761327172 6.1111488231 6.1111490642 6.1186868184 6.1186868725 6.4155295515 6.4155295805 6.5996164607 6.5996166613 6.6420556668 6.6420557145 6.6878027006 6.6878030021 6.7005194681 6.7005194905 6.7416021265 6.7416022563 6.8083315052 6.808331509 6.837455302 6.8374555627 6.8907031188 6.8907032286 6.9144346354 6.9144347008 7.146091861 7.1460921725 7.1727515499 7.1727516631 7.7367040018 7.7367043106 8.0843572846 8.0843575321 8.3213828503 8.3213828595 9.1993663742 9.199366415 9.5242943528 9.5242944168 9.5439315292 9.5439316652 9.6815187077 9.6815187553 9.7539081069 9.7539081303 9.7761735058 9.7761735687 10.9571062009 10.9571062013 16.654164462 16.6541644901 16.7022968403 16.7022968417 16.7250331624 16.7250331704 16.8671789052 16.867178908 16.8994004438 16.8994005104 17.0122684156 17.0122684332 17.0344965333 17.0344965461 17.0816107645 17.0816107851 17.5014674634 17.5014674822 17.5597822684 17.5597823561 17.6065032914 17.6065036623 17.7388537495 17.7388540958 18.125167794 18.125167904 18.1655321985 18.1655322572 18.2244815722 18.2244815807 18.2648461216 18.2648461345 19.5430239255 19.5430240075 19.692965081 19.6929651123 19.721743419 19.7217434209 20.071271513 20.0712715548 21.3695475447 21.3695475787 21.3995811063 21.3995811107 21.7336391387 21.7336392223 21.7623045819 21.7623046721
59 2.3712303397 2.37123055 2.3844511081 2.3844512429 3.6191394564 3.6191395271 3.6272630939 3.6272631163 3.8717632678 3.8717634554 3.8835965278 3.8835966444 3.9554033334 3.9554034185 4.0055413157 4.0055416617 4.0216376848 4.0216383746 4.0270922036 4.0270922294 4.1685671697 4.168567657 4.1934071897 4.1934071959 4.533161619 4.5331617274 4.5639856651 4.5639857144 4.8118239122 4.8118239859 4.9189754031 4.9189757258 4.9942138701 4.9942138764 5.0139171614 5.0139173929 5.1018997989 5.1018998233 5.2535116793 5.2535117335 5.511426838 5.5114268407 5.5455763146 5.5455765443 5.5485574544 5.5485574693 5.7780184576 5.7780185478 6.1090582094 6.1090584849 6.116418505 6.1164185649 6.4056432223 6.4056432546 6.5970596868 6.5970599146 6.6401658585 6.6401659112 6.6785885292 6.6785888376 6.7005001521 6.7005001782 6.7409124866 6.7409126326 6.8163669855 6.8163669954 6.8453979241 6.8453981921 6.8937687808 6.8937689048 6.9171886259 6.9171887 7.1428798023 7.1428801546 7.1690152793 7.1690154083 7.7086432462 7.7086435591 8.1043050919 8.1043053342 8.32223683 8.3222368406 9.1640322039 9.1640322442 9.528737099 9.5287371719 9.5482462438 9.5482463983 9.7141093713 9.7141094189 9.7546958922 9.7546959191 9.77692932 9.7769293919 10.9554817543 10.9554817548 16.6564419177 16.6564419493 16.6978224489 16.6978224505 16.727365302 16.7273653111 16.8545351261 16.854535129 16.9018353675 16.9018354434 17.0144683398 17.0144683599 17.0307119198 17.0307119342 17.0897040678 17.0897040922 17.5036491624 17.5036491836 17.5615161355 17.5615162358 17.597375241 17.5973756229 17.7444687617 17.744469115 18.1221580758 18.1221581997 18.1619802308 18.161980297 18.2225273833 18.2225273925 18.2628772574 18.2628772722 19.5538768396 19.5538769323 19.7018783305 19.7018783664 19.7306561916 19.7306561939 20.0789613853 20.0789614328 21.3654121233 21.3654121621 21.395429644 21.3954296489 21.7275358499 21.7275359405 21.7570372978 21.757037396
60 2.3794921051 2.3794923171 2.3949530333 2.3949531628 3.6230002611 3.6230003379 3.6311543101 3.631154339 3.8941768075 3.8941769413 3.9076271671 3.9076273751 3.9652946314 3.9652947277 4.0135467386 4.0135474366 4.0235085666 4.0235089545 4.0446819965 4.0446820223 4.1729781775 4.1729786439 4.1945541518 4.1945541592 4.5307389746 4.5307390976 4.5614978115 4.5614978681 4.8141639076 4.8141640227 4.9217794718 4.9217798062 4.9986100191 4.9986100256 5.0182193934 5.0182196545 5.1148124566 5.1148124844 5.2438686968 5.243868777 5.5101055489 5.5101055525 5.5470902848 5.5470903016 5.5662690884 5.5662693273 5.7801459829 5.7801460849 6.1067474587 6.1067477687 6.1139193429 6.1139194081 6.3949848097 6.3949848451 6.5942037484 6.5942040031 6.6380674441 6.6380675013 6.6691866865 6.6691870003 6.7004639378 6.700463968 6.740117102 6.7401172633 6.8247749925 6.8247750074 6.853476828 6.8534771006 6.8971676996 6.8971678372 6.920241481 6.9202415636 7.1392963234 7.139296715 7.1648376766 7.1648378213 7.680285097 7.680285414 8.1234094827 8.1234097194 8.3232170345 8.3232170465 9.128711893 9.1287119329 9.5336938239 9.5336939057 9.5530618595 9.5530620323 9.7463765515 9.7463765991 9.7555815853 9.7555816156 9.7777785797 9.7777786607 10.9536425092 10.9536425097 16.6590154733 16.6590155082 16.6928017557 16.6928017575 16.7300005949 16.7300006052 16.8414008798 16.8414008827 16.9045332877 16.9045333729 17.0168925866 17.0168926093 17.0264785354 17.0264785515 17.0975902463 17.0975902746 17.5061499381 17.5061499616 17.5635047167 17.5635048296 17.5881464301 17.5881468212 17.7499175242 17.7499178824 18.1187702598 18.1187703969 18.1579940496 18.1579941229 18.2203100292 18.220310039 18.2606430552 18.2606430719 19.5661168055 19.5661169085 19.711922324 19.7119223646 19.7406994936 19.7406994963 20.0876290986 20.0876291516 21.3607206327 21.3607206763 21.3907201372 21.3907201427 21.7206810273 21.7206811238 21.7510139766 21.7510140816
61 2.3889712198 2.3889714342 2.4066255273 2.4066256529 3.6274399777 3.6274400599 3.6356468448 3.6356468809 3.905815776 3.905815928 3.946845194 3.9468454213 3.9761632562 3.9761633639 4.0056810592 4.0056817632 4.0429669145 4.0429673441 4.0637291316 4.0637291567 4.1762897049 4.1762901479 4.195859783 4.1958597921 4.5280801078 4.5280802456 4.558761871 4.5587619354 4.8177738627 4.8177740271 4.9230690101 4.9230693458 5.0036231275 5.003623134 5.0231195532 5.0231198441 5.1290839055 5.1290839368 5.236560972 5.2365610759 5.5086189483 5.5086189529 5.5454441345 5.5454441533 5.5869322986 5.5869325463 5.7825121783 5.7825122922 6.1042378776 6.1042382219 6.1112150179 6.111215088 6.3836707541 6.3836707924 6.5910628397 6.5910631206 6.6357777354 6.6357777963 6.6596322065 6.6596325245 6.7004040785 6.7004041131 6.7392096554 6.7392098308 6.8334561158 6.8334561345 6.8616286569 6.8616289319 6.9008740958 6.9008742463 6.9235696526 6.9235697436 7.1353621297 7.1353625589 7.1602393706 7.1602395308 7.6516611923 7.6516615132 8.1416115557 8.1416117864 8.3243277211 8.3243277346 9.0934488984 9.0934489381 9.5391369654 9.539137056 9.558352176 9.5583523667 9.7565624806 9.7565625144 9.7783034588 9.7783035063 9.7787185118 9.7787186018 10.9515890152 10.9515890157 16.6618821219 16.6618821599 16.6872533808 16.6872533828 16.7329359529 16.7329359643 16.8278782193 16.8278782222 16.9074717185 16.9074718129 17.0195162802 17.0195163053 17.0218168966 17.0218169144 17.1051290782 17.1051291107 17.5089796341 17.5089796596 17.565756607 17.5657567324 17.5789290896 17.5789294885 17.7551666505 17.7551670123 18.1150117197 18.1150118692 18.1535884067 18.1535884866 18.2178285343 18.2178285444 18.2581424389 18.2581424576 19.579722006 19.5797221188 19.7230760448 19.7230760901 19.751852264 19.7518522671 20.0972575625 20.097257621 21.3554714414 21.3554714897 21.3854510146 21.3854510208 21.7130898984 21.7130899996 21.7442227364 21.744222847
62 2.3997093746 2.399709592 2.4194499127 2.4194500355 3.6324722756 3.6324723626 3.6407554749 3.640755519 3.9184522089 3.9184523803 3.9879470322 3.9879471514 3.989163688 3.9891639334 3.9980569209 3.9980576293 4.0637508815 4.0637513526 4.0840669431 4.0840669668 4.1783914974 4.1783919151 4.1973484348 4.197348446 4.5252032592 4.5252034124 4.555794127 4.5557941998 4.8226650116 4.8226652357 4.9226134997 4.922613822 5.0092843696 5.0092843758 5.0286462756 5.0286465963 5.1446626274 5.1446626625 5.231846858 5.2318469815 5.5069649257 5.5069649316 5.5436180205 5.5436180414 5.6075275985 5.6075278546 5.7851140439 5.78511417 6.1015530431 6.1015534212 6.1083337014 6.108333776 6.3718048648 6.3718049059 6.5876520388 6.5876523457 6.6333165989 6.6333166629 6.6499487067 6.6499490281 6.7003122149 6.7003122543 6.7381824293 6.7381826177 6.842315019 6.8423150408 6.8698097103 6.869809986 6.9048604835 6.9048606464 6.9271479263 6.9271480253 7.1311000679 7.1311005328 7.1552431053 7.1552432809 7.6228010527 7.6228013776 8.1588478397 8.158848064 8.325573431 8.3255734461 9.0582924445 9.058292484 9.5450367266 9.5450368259 9.5640888452 9.5640890534 9.7576355355 9.7576355729 9.7797460023 9.7797461013 9.8098744591 9.8098745065 10.9493218157 10.9493218162 16.6650384098 16.6650384507 16.6811979909 16.6811979932 16.7361678353 16.736167848 16.8140457906 16.8140457934 16.9106259279 16.9106260312 17.0167496834 17.0167497028 17.0223122444 17.022312272 17.1121974515 17.1121974883 17.5121487833 17.5121488109 17.5682812512 17.5682813892 17.5698318078 17.5698322135 17.7601970286 17.7601973929 18.1108899236 18.1108900845 18.1487798385 18.1487799244 18.2150818145 18.2150818247 18.2553742024 18.2553742231 19.5946684273 19.5946685495 19.7353163513 19.7353164014 19.7640913186 19.7640913221 20.1078280677 20.1078281316 21.349662798 21.349662851 21.3796205912 21.379620598 21.7047768554 21.7047769603 21.736653015 21.7366531302
63 2.4117397418 2.4117399626 2.4334053141 2.4334054351 3.6381045313 3.6381046226 3.6464878466 3.6464878992 3.9320186494 3.9320188415 3.9906785666 3.9906792782 4.0005769451 4.000577076 4.0342947741 4.0342950358 4.085690982 4.0856914945 4.1055239221 4.1055239439 4.1791985643 4.1791989556 4.1990744392 4.1990744538 4.5221298178 4.522129987 4.5526134582 4.5526135399 4.828746559 4.8287468579 4.9203506463 4.9203509345 5.0156266826 5.0156266883 5.0348298134 5.0348301638 5.1614925335 5.1614925725 5.2298955646 5.2298957024 5.5051417397 5.5051417472 5.5416114228 5.5416114457 5.6280175062 5.6280177705 5.7879487765 5.7879489151 6.0987188378 6.0987192494 6.1053059641 6.105306043 6.3594786972 6.359478741 6.5839870909 6.5839874232 6.6307065613 6.6307066278 6.6401523354 6.6401526595 6.7001780957 6.7001781402 6.737026104 6.7370263042 6.8512627291 6.8512627534 6.8779896798 6.8779899551 6.9090980043 6.9090981788 6.9309497087 6.9309498155 7.1265350714 7.1265355699 7.1498737007 7.1498738914 7.5937327006 7.5937330295 8.1750481116 8.1750483292 8.3269589209 8.3269589376 9.0232994772 9.023299517 9.5513613599 9.5513614677 9.570241638 9.5702418633 9.7587973647 9.7587974057 9.780857592 9.7808577001 9.8410747986 9.8410748457 10.9468414259 10.9468414264 16.6684804113 16.6684804549 16.6746582477 16.6746582501 16.7396922258 16.7396922397 16.7999663411 16.7999663437 16.913969088 16.9139692001 17.0113016561 17.0113016771 17.0252512381 17.0252512681 17.1186818861 17.1186819273 17.5156684244 17.5156684538 17.5609640156 17.5609644275 17.5710888713 17.5710890218 17.7649991556 17.7649995217 18.1064121814 18.1064123525 18.1435867216 18.1435868128 18.2120686829 18.2120686929 18.2523370118 18.2523370345 19.6109299605 19.6109300916 19.7486180826 19.7486181375 19.7773914561 19.7773914601 20.1193203968 20.1193204659 21.3432928546 21.3432929123 21.3732270916 21.373227099 21.6957553714 21.6957554791 21.7282956838 21.7282958027
64 2.4250858364 2.425086061 2.4484688504 2.4484689706 3.64433802 3.6443381149 3.6528448463 3.6528449079 3.9464413236 3.946441538 3.9835406095 3.9835413232 4.0139768569 4.0139769998 4.0818569289 4.0818572035 4.1086147824 4.1086153358 4.1279250615 4.127925081 4.1786515378 4.1786519021 4.2011841158 4.2011841366 4.5188848349 4.5188850207 4.549241709 4.5492418001 4.835747359 4.8357477559 4.9164941392 4.9164943632 5.0226840033 5.0226840081 5.0417013515 5.0417017314 5.1795131029 5.179513146 5.2307560207 5.2307561668 5.5031481751 5.5031481843 5.5394244319 5.539424457 5.6483646341 5.6483649062 5.791013965 5.7910141161 6.0957635399 6.0957639842 6.1021647155 6.1021647987 6.3467725342 6.3467725807 6.5800841817 6.5800845388 6.6279728944 6.6279729627 6.6302541838 6.6302545102 6.6999892655 6.6999893157 6.7357295481 6.7357297585 6.8602174303 6.8602174565 6.8861478553 6.8861481288 6.9135567526 6.9135569382 6.9349473139 6.9349474281 7.1216941161 7.1216946458 7.144158037 7.1441582426 7.5644830091 7.564483342 8.1901330825 8.1901332926 8.3284890899 8.3284891083 8.9885369032 8.9885369436 9.5580774598 9.5580775762 9.576778717 9.576778959 9.7600442333 9.760044278 9.7820494713 9.7820495886 9.871890466 9.8718905128 10.944148309 10.9441483095 16.6676587487 16.6676587514 16.6722037035 16.6722037494 16.7435046086 16.7435046236 16.785691748 16.7856917503 16.9174724499 16.9174725706 17.0054995634 17.0054995859 17.0283022235 17.028302256 17.1244740226 17.1244740681 17.5195498866 17.5195499177 17.5524381983 17.5524386156 17.5741903761 17.5741905391 17.7695702461 17.7695706135 18.1015853729 18.1015855529 18.1380293469 18.1380294424 18.2087878572 18.208787867 18.2490294111 18.2490294359 19.6284785053 19.6284786449 19.7629541693 19.762954229 19.7917255712 19.7917255757 20.1317129374 20.1317130117 21.3363596926 21.3363597549 21.3662686754 21.3662686834 21.6860379642 21.6860380738 21.7191431164 21.7191432381
65 2.439760939 2.4397611677 2.4646157831 2.4646159031 3.6511683374 3.6511684354 3.659821197 3.659821268 3.9616399729 3.9616402112 3.976629624 3.9766303388 4.0280630909 4.0280632459 4.1310654808 4.1310657567 4.1323479005 4.1323484945 4.1510931687 4.1510931855 4.1767162019 4.1767165391 4.2042273147 4.2042273526 4.515497668 4.5154978712 4.5457041534 4.5457042546 4.8430211517 4.8430216831 4.9117344289 4.9117345456 5.0304902816 5.0304902852 5.0492921245 5.0492925334 5.1986594763 5.1986595237 5.2343506222 5.234350771 5.500983706 5.5009837172 5.5370578998 5.5370579271 5.6685311252 5.6685314049 5.7943078288 5.7943079929 6.0927179737 6.0927184497 6.0989451703 6.0989452581 6.3337566491 6.3337566982 6.575959707 6.5759600886 6.62026183 6.6202621584 6.6251436711 6.6251437403 6.6997307226 6.699730779 6.7342796082 6.7342798273 6.869104311 6.8691043386 6.8942709111 6.8942711819 6.9182060885 6.9182062844 6.9391122417 6.9391123633 7.1166061866 7.116606745 7.1381250669 7.1381252871 7.5350779224 7.5350782594 8.2040117332 8.2040119353 8.3301689016 8.3301689218 8.9540842596 8.954084301 9.565150258 9.5651503827 9.5836669139 9.5836671721 9.7613720499 9.7613720983 9.7833174747 9.7833176011 9.9023081247 9.9023081711 10.9412428511 10.9412428516 16.6602259616 16.6602259645 16.6762033418 16.6762033898 16.7475999452 16.7475999615 16.7712664082 16.7712664102 16.921105544 16.9211056731 16.9993720415 16.9993720655 17.0314326696 17.0314327045 17.1294684552 17.1294685049 17.5238045465 17.523804579 17.5443703556 17.5443707778 17.577597253 17.5775974284 17.7739123716 17.7739127399 18.0964156628 18.0964158502 18.1321300079 18.1321301066 18.2052379703 18.2052379794 18.2454498297 18.2454498567 19.6472840736 19.6472842211 19.7782957496 19.7782958141 19.8070647718 19.8070647767 20.1449827978 20.144982877 21.3288613505 21.3288614175 21.3587434649 21.3587434734 21.6756361756 21.6756362863 21.7091892438 21.7091893675
66 2.4557679837 2.4557682167 2.4818196421 2.4818197626 3.6585859586 3.658586059 3.6674061668 3.6674062475 3.9699252639 3.969925979 3.9775275782 3.9775278424 4.0427438505 4.0427440179 4.1567150709 4.1567157049 4.1733818315 4.1733821421 4.1748502609 4.174850275 4.1777018826 4.1777020802 4.2121897024 4.2121898369 4.512002783 4.5120030045 4.5420300769 4.5420301888 4.8490997707 4.8491004788 4.9076655645 4.9076656036 5.0390782386 5.0390782406 5.0576323059 5.0576327433 5.2188624857 5.2188625377 5.2404964727 5.2404966195 5.4986486633 5.4986486767 5.5345135923 5.5345136218 5.6884782286 5.6884785157 5.7978295132 5.7978296904 6.0896157268 6.0896162332 6.0956848491 6.0956849421 6.3204926483 6.3204927 6.5716300394 6.5716304449 6.6101803732 6.6101807031 6.6222497795 6.6222498489 6.6993845434 6.6993846067 6.7326609092 6.7326611353 6.8778548739 6.8778549026 6.9023517093 6.9023519764 6.9230149328 6.9230151384 6.9434154466 6.9434155752 7.1113022499 7.1113028342 7.1318058574 7.131806092 7.5055426188 7.5055429599 8.2165781699 8.2165783633 8.332003304 8.332003326 8.9200369122 8.9200369551 9.5725439163 9.5725440493 9.5908720051 9.5908722791 9.7627763592 9.7627764113 9.7846570745 9.7846572101 9.9323150823 9.9323151283 10.938125335 10.9381253355 16.6523881493 16.6523881524 16.6804738365 16.6804738863 16.7519726534 16.751972671 16.7567295492 16.7567295509 16.9248364054 16.9248365426 16.9929495053 16.9929495307 17.0346088867 17.034608924 17.1335625768 17.1335626302 17.528443555 17.5284435888 17.5368788991 17.5368793253 17.5813214395 17.5813216271 17.7780312159 17.7780315848 18.0909082186 18.0909084117 18.1259130908 18.1259131913 18.2014175821 18.2014175904 18.2415965927 18.2415966219 19.6673148931 19.6673150482 19.7946122892 19.7946123586 19.8233784997 19.8233785052 20.1591059207 20.1591060048 21.320795854 21.3207959255 21.3506495745 21.3506495835 21.6645605423 21.6645606533 21.6984296209 21.6984297458
67 2.4730998119 2.4731000495 2.5000523416 2.5000524632 3.6665768579 3.6665769603 3.6755843113 3.675584402 3.9634010901 3.9634018046 3.9940099514 3.9940102436 4.0579184386 4.0579186184 4.1686583901 4.1686586751 4.1815413652 4.1815420381 4.1989099245 4.1989099418 4.1990191328 4.1990191442 4.2476976832 4.2476980159 4.5084407446 4.5084409855 4.5382534999 4.5382536233 4.8512530166 4.8512538864 4.9071896906 4.9071898758 5.0484778422 5.0484778422 5.0667496434 5.0667501085 5.2400485965 5.2400486534 5.248943717 5.2489438583 5.496144402 5.496144418 5.53179434 5.531794372 5.7081659757 5.7081662701 5.8015794529 5.8015796436 6.0864934286 6.0864939639 6.0924236188 6.0924237179 6.3070347807 6.3070348349 6.5671112956 6.5671117243 6.6000131624 6.6000134935 6.6193248812 6.6193249499 6.6989294799 6.6989295508 6.7308556787 6.73085591 6.8864060016 6.8864060308 6.910388741 6.9103890033 6.9279520429 6.9279522574 6.9478275926 6.947827728 7.1058152319 7.1058158391 7.1252336624 7.1252339111 7.4759016527 7.4759019981 8.2277079479 8.2277081317 8.3339971452 8.333997169 8.8865098164 8.8865098615 9.5802218159 9.5802219569 9.5983589841 9.5983592733 9.7642523341 9.76425239 9.7860633754 9.7860635202 9.9618992818 9.9618993273 10.934795913 10.9347959134 16.6441752887 16.6441752921 16.6850091318 16.685009183 16.7421168248 16.7421168262 16.7566165876 16.7566166064 16.928631827 16.928631972 16.9862640306 16.9862640574 17.0377963908 17.0377964304 17.13665825 17.1366583066 17.5300820438 17.5300824732 17.5334775401 17.5334775749 17.5853751739 17.5853753737 17.7819352111 17.7819355804 18.0850669554 18.0850671522 18.1194051444 18.1194052451 18.1973251953 18.1973252025 18.2374679342 18.2374679656 19.6885375099 19.6885376719 19.8118717042 19.8118717785 19.840634655 19.840634661 20.1740571973 20.174057286 21.3121612472 21.3121613232 21.341985142 21.3419851516 21.6528205378 21.6528206483 21.6868615242 21.6868616495
68 2.4917396994 2.4917399419 2.5192842934 2.5192844167 3.6751231419 3.6751232459 3.6843361988 3.6843362998 3.9570252099 3.9570259233 4.0109851634 4.0109854861 4.073476238 4.0734764302 4.1625728967 4.162573157 4.2039152742 4.2039152771 4.2066536223 4.2066543328 4.2234251508 4.2234251599 4.3012996275 4.3012999921 4.5048594236 4.5048596852 4.5344140758 4.5344142112 4.8471474535 4.847148362 4.9128221637 4.912822376 5.058714486 5.0587144885 5.0766678249 5.0766683165 5.2594156249 5.2594157585 5.2621397363 5.2621397983 5.4934734691 5.493473488 5.528904187 5.5289042215 5.7275529438 5.7275532454 5.8055598252 5.8055600297 6.0833910809 6.0833916433 6.0892037847 6.089203891 6.2934311607 6.2934312175 6.5624191087 6.5624195602 6.589762339 6.5897626712 6.6164052935 6.6164053608 6.6983405286 6.6983406082 6.7288436122 6.728843847 6.8946990094 6.8946990385 6.9183859115 6.9183861682 6.9329862664 6.9329864891 6.9523192931 6.952319435 7.100179989 7.1001806158 7.1184440222 7.1184442846 7.4461790995 7.4461794492 8.2372539433 8.2372541165 8.3361550883 8.3361551141 8.8536417534 8.8536418016 9.5881468367 9.5881469856 9.6060923258 9.6060926297 9.7657947678 9.7657948276 9.7875311076 9.7875312616 9.9910493055 9.9910493504 10.9312545792 10.9312545796 16.6356189797 16.6356189833 16.689802586 16.6898026385 16.7274614301 16.7274614311 16.7615250212 16.7615250413 16.9324576374 16.9324577898 16.9793492294 16.9793492576 17.0409602909 17.0409603329 17.1386651144 17.1386651733 17.5240937926 17.5240942241 17.5389162898 17.5389163255 17.5897708255 17.5897710371 17.7856349136 17.7856352831 18.0788943456 18.0788945437 18.1126348935 18.1126349925 18.1929592727 18.1929592786 18.2330620133 18.2330620472 19.7109168888 19.7109170574 19.8300404858 19.830040565 19.8587997208 19.8587997274 20.1898105772 20.1898106705 21.3029556269 21.3029557074 21.3327483624 21.3327483726 21.6404244669 21.6404245761 21.6744840991 21.674484224
69 2.5116620708 2.5116623186 2.5394845217 2.5394846474 3.6842036606 3.6842037657 3.6936390878 3.6936391992 3.9507607899 3.9507615013 4.0283427821 4.028343138 4.089295428 4.0892956327 4.1551653898 4.1551656269 4.2069499669 4.2069499703 4.2318821081 4.2318828544 4.2478982936 4.2478983009 4.3585418477 4.3585422291 4.5013154391 4.5013157229 4.5305581939 4.5305583419 4.8375727773 4.8375736337 4.9239379034 4.9239380555 5.069806894 5.0698068993 5.0874045768 5.0874050935 5.2716394988 5.2716396236 5.2850529743 5.2850530419 5.4906397662 5.4906397881 5.5258485315 5.5258485686 5.7465961013 5.7465964099 5.8097751165 5.8097753352 6.0803524211 6.0803530087 6.0860702468 6.0860703617 6.2797248872 6.2797249464 6.5575684118 6.5575688854 6.5794292663 6.5794295993 6.6135297727 6.6135298375 6.6975884801 6.6975885694 6.7266018043 6.7266020407 6.9026789052 6.9026789339 6.9263524026 6.9263526524 6.9380867732 6.9380870034 6.9568613354 6.9568614836 7.094433261 7.094433904 7.1114748826 7.1114751583 7.4163987211 7.4163990753 8.2450420946 8.2450422559 8.338481526 8.3384815537 8.8215997138 8.8215997661 9.5962816275 9.5962817841 9.6140362419 9.61403656 9.7673980657 9.7673981295 9.789054621 9.7890547842 10.0197543849 10.0197544292 10.9275011417 10.927501142 16.6267523467 16.6267523505 16.694846956 16.6948470093 16.7127948877 16.7127948883 16.7666906332 16.7666906546 16.9362790036 16.936279163 16.9722401155 16.9722401449 17.0440656932 17.0440657375 17.1395051847 17.139505245 17.5190187858 17.5190192183 17.5447684232 17.5447684596 17.5945207032 17.5945209265 17.7891425383 17.7891429077 18.0723913476 18.0723915444 18.1056331428 18.1056332378 18.1883182583 18.1883182627 18.228376934 18.2283769703 19.7344165134 19.734416688 19.8490838255 19.8490839096 19.8778388899 19.8778388971 20.2063391756 20.2063392732 21.2931771778 21.2931772627 21.3229375226 21.3229375333 21.6273792929 21.6273793999 21.6612985765 21.6612987001
70 2.5328333282 2.5328335817 2.560620784 2.5606209126 3.6937945778 3.6937946835 3.7034675417 3.7034676637 3.9445664778 3.9445671865 4.0459628935 4.0459632857 4.1052414343 4.1052416512 4.1464849157 4.146485131 4.2096070385 4.2096070434 4.2570623877 4.2570631673 4.2722754184 4.2722754247 4.4176141786 4.4176145756 4.4978758277 4.4978761354 4.5267403195 4.5267404805 4.8245814468 4.8245822366 4.9386178177 4.9386178977 5.0817647692 5.0817647777 5.098969525 5.0989700651 5.2853650552 5.2853651707 5.3087000132 5.3087000867 5.4876487059 5.4876487312 5.5226342597 5.5226342996 5.7652507401 5.7652510556 5.8142328333 5.8142330664 6.0774252921 6.0774259031 6.0830707356 6.0830708604 6.2659550631 6.2659551247 6.5525732358 6.5525737308 6.5690148923 6.5690152258 6.6107391687 6.61073923 6.6966394522 6.6966395527 6.7241047721 6.7241050083 6.9102940507 6.9102940783 6.9343023711 6.9343026129 6.9432232661 6.9432235032 6.9614248879 6.9614250422 7.0886135916 7.0886142471 7.1043667217 7.1043670103 7.3865841668 7.3865845257 8.2508677652 8.2508679132 8.3409804938 8.3409805237 8.7905826773 8.790582735 9.6045888611 9.6045890252 9.6221549239 9.6221552556 9.7690562376 9.7690563053 9.7906278785 9.790628051 10.0480044164 10.0480044601 10.9235351943 10.9235351945 16.6176099315 16.6176099355 16.6981476065 16.6981476066 16.7001343836 16.7001344375 16.7721054964 16.7721055191 16.9400607546 16.9400609207 16.964972964 16.9649729947 17.0470781116 17.0470781581 17.1391181445 17.1391182051 17.5149465675 17.5149469995 17.5510410583 17.551041095 17.5996368468 17.5996370814 17.7924715971 17.7924719663 18.0655575183 18.065557711 18.0984325072 18.0984325959 18.1834006007 18.1834006033 18.2234107669 18.2234108057 19.7589984823 19.7589986625 19.8689657415 19.8689658304 19.8977161908 19.8977161985 20.2236153763 20.2236154781 21.2828242094 21.2828242986 21.3125510379 21.3125510491 21.6136903718 21.6136904757 21.6473085836 21.647308705
71 2.5552127314 2.555212991 2.5826597001 2.5826598321 3.7038698915 3.7038699974 3.7137939765 3.7137941092 3.9383967616 3.938397467 4.0637148993 4.0637153309 4.1211651625 4.1211653913 4.136585876 4.1365860711 4.2121894193 4.2121894259 4.2820373545 4.2820381641 4.2964026902 4.296402697 4.4780010913 4.4780015037 4.4946198713 4.494620205 4.523024593 4.523024767 4.8095290812 4.8095298135 4.9556046426 4.9556046617 5.0945862854 5.0945862974 5.1113618805 5.1113624421 5.300372199 5.3003723054 5.3329864401 5.3329865198 5.4845073598 5.4845073888 5.5192698668 5.5192699097 5.7834705046 5.783470827 5.818944398 5.8189446459 6.074661991 6.0746626236 6.0802561323 6.0802562681 6.2521577322 6.2521577962 6.5474465294 6.547447045 6.5585200776 6.5585204114 6.608075919 6.6080759758 6.6954544209 6.6954545342 6.7213246057 6.72132484 6.9174963209 6.9174963469 6.9422543493 6.9422545821 6.9483661703 6.9483664136 6.9659816919 6.965981852 7.0827611956 7.0827618595 7.0971626653 7.0971629663 7.3567592266 7.3567595903 8.2544941563 8.2544942896 8.3436555864 8.3436556184 8.7608233566 8.760823421 9.6130314761 9.6130316475 9.6304127727 9.6304131174 9.7707628895 9.7707629614 9.7922444503 9.792244632 10.0757899774 10.0757900203 10.919356089 10.9193560891 16.6082275777 16.6082275819 16.6835492768 16.6835492771 16.7056563861 16.7056564402 16.7777610705 16.7777610946 16.9437677225 16.9437678947 16.957585163 16.9575851949 17.0499638757 17.0499639244 17.1374664781 17.1374665376 17.5119460902 17.5119465204 17.5577394886 17.5577395256 17.6051308012 17.6051310467 17.7956366116 17.7956369805 18.0583913748 18.0583915604 18.0910669052 18.0910669847 18.1782047788 18.1782047794 18.2181615754 18.2181616167 19.7846236054 19.7846237907 19.8896492038 19.8896492976 19.9183946132 19.9183946216 20.2416109297 20.2416110356 21.2718951945 21.271895288 21.3015874901 21.3015875019 21.599361062 21.5993611616 21.6325205819 21.6325206999
72 2.578753278 2.5787535444 2.6055668962 2.6055670325 3.7144019006 3.7144020063 3.7245891414 3.7245892849 3.9322022823 3.9322029838 4.0814561097 4.0814565844 4.1255249477 4.1255251242 4.1369011734 4.1369014133 4.2147921753 4.2147921834 4.3066593227 4.3066601583 4.3201380744 4.3201380835 4.4916409102 4.4916412722 4.5194866841 4.5194868707 4.53939929 4.5393997179 4.7931436505 4.7931443359 4.9742362277 4.9742362571 5.1082555317 5.1082555473 5.1245680509 5.1245686316 5.3164718614 5.3164719591 5.3578106777 5.3578107641 5.4812245926 5.4812246256 5.5157655648 5.5157656109 5.8012075328 5.8012078618 5.8239262779 5.8239265408 6.0721195662 6.0721202191 6.077680873 6.0776810205 6.2383667557 6.2383668219 6.5422000023 6.5422005377 6.5479459105 6.5479462443 6.605583345 6.6055833959 6.6939887618 6.6939888898 6.7182312849 6.7182315159 6.9242416668 6.9242416909 6.9502304095 6.9502306323 6.9534868028 6.9534870517 6.9705042369 6.9705044027 7.0769177505 7.0769184187 7.0899085647 7.0899088774 7.3269481538 7.3269485227 8.2556551073 8.255655224 8.3465098743 8.3465099086 8.7325855692 8.7325856419 9.6215729019 9.6215730804 9.6387746127 9.63877497 9.7725112169 9.7725112929 9.7938975083 9.7938976993 10.1031023434 10.1031023855 10.9149629085 10.9149629085 16.5986423068 16.5986423113 16.6690291504 16.6690291512 16.7114038505 16.7114039045 16.7836481986 16.783648224 16.9473650948 16.9473652725 16.9501150584 16.9501150915 17.0526905236 17.0526905744 17.1345394508 17.1345395081 17.5100614258 17.5100618527 17.5648668817 17.5648669188 17.6110133783 17.6110136343 17.7986528761 17.7986532447 18.0508910439 18.0508912192 18.0835707742 18.0835708417 18.1727293293 18.1727293309 18.2126274436 18.2126274876 19.8112514976 19.8112516876 19.9110962589 19.9110963575 19.9398362327 19.9398362416 20.2602970463 20.2602971561 21.2603888089 21.2603889066 21.2900456674 21.2900456797 21.5843921648 21.5843922589 21.6169444744 21.6169445878
73 2.6034025403 2.6034028141 2.6293071709 2.6293073122 3.7253616197 3.7253617247 3.7358225385 3.7358226928 3.9259301169 3.9259308137 4.0990302143 4.0990307357 4.1133586652 4.1133588246 4.1522661352 4.1522663851 4.2174541813 4.2174541909 4.3307920521 4.3307929084 4.3433537556 4.3433537695 4.4890477753 4.4890481686 4.5162158474 4.5162160455 4.6015657369 4.6015661803 4.7758420887 4.7758427354 4.99413453 4.994134598 5.1227400652 5.1227400844 5.1385593234 5.1385599208 5.3335031793 5.3335032689 5.3830625664 5.3830626599 5.4778111813 5.4778112186 5.5121333723 5.5121334218 5.8184127251 5.8184130607 5.8292014029 5.8292016812 6.0698600384 6.0698607111 6.0754034159 6.0754035752 6.2246146534 6.2246147217 6.5368439956 6.5368445497 6.5372940266 6.5372943602 6.6033047066 6.6033047506 6.6921918266 6.6921919719 6.7147931976 6.714793424 6.9304907774 6.9304907994 6.9582553656 6.9582555776 6.9585575244 6.9585577782 6.9749659219 6.9749660932 7.0711260894 7.0711267574 7.0826530042 7.082653328 7.2971760824 7.2971764566 8.2540654538 8.2540655523 8.3495458252 8.3495458618 8.7061540659 8.7061541483 9.6301772666 9.6301774518 9.6472058914 9.6472062605 9.7742939974 9.7742940777 9.7955798213 9.7955800216 10.1299335053 10.1299335467 10.9103544405 10.9103544407 16.5888921869 16.5888921917 16.6546162325 16.6546162338 16.7173670314 16.7173670848 16.7897571075 16.7897571343 16.9426017924 16.9426018265 16.9508187719 16.9508189546 17.0552271677 17.0552272206 17.1303550694 17.1303551231 17.5093095348 17.5093099571 17.5724240111 17.5724240481 17.6172944106 17.6172946765 17.8015362596 17.8015366275 18.0430551784 18.0430553403 18.0759780308 18.0759780836 18.1669728817 18.1669728857 18.2068065082 18.2068065551 19.8388406711 19.8388408654 19.933268152 19.9332682553 19.9620023326 19.9620023422 20.2796444851 20.2796445986 21.248303973 21.2483040748 21.2779246041 21.2779246169 21.5687811427 21.5687812297 21.6005944377 21.6005945448
74 2.6291034194 2.6291037016 2.653844694 2.6538448412 3.7367191438 3.7367192478 3.7474627862 3.7474629514 3.9195240443 3.9195247357 4.1001416595 4.1001418032 4.1162658147 4.1162663865 4.1670581762 4.1670584343 4.220194202 4.2201942132 4.3543125445 4.3543134152 4.3659383293 4.3659383518 4.4869651878 4.4869656158 4.5133170266 4.5133172339 4.6642811502 4.6642816093 4.7578913014 4.7578919155 5.0150508895 5.0150509885 5.1379887569 5.1379887795 5.1532898008 5.1532904123 5.351329224 5.351329306 5.4086214983 5.4086215993 5.4742799152 5.4742799571 5.5083871847 5.5083872379 5.8348009327 5.8348012265 5.8350361612 5.8350365032 6.067950514 6.0679512064 6.0734867353 6.0734869059 6.21093344 6.2109335102 6.5265669467 6.5265672797 6.5313873753 6.5313879472 6.6012819737 6.6012820094 6.6900065962 6.6900067617 6.7109778882 6.7109781094 6.9362094691 6.9362094891 6.9635518745 6.9635521326 6.9663563589 6.9663565595 6.9793412028 6.9793413794 7.0654297699 7.0654304332 7.0754471984 7.0754475323 7.2674695669 7.2674699466 8.2494420966 8.2494421754 8.3527652281 8.3527652671 8.6818136647 8.6818137582 9.6388095877 9.6388097795 9.6556728608 9.6556732411 9.7761035858 9.7761036704 9.7972837507 9.7972839603 10.1562761851 10.1562762256 10.9055291526 10.9055291529 16.5790161929 16.5790161979 16.6403394083 16.64033941 16.723535553 16.7235356057 16.7960774125 16.7960774408 16.935085136 16.9350851712 16.9540957218 16.9540959088 17.0575448237 17.0575448786 17.1249595413 17.1249595905 17.5096805631 17.5096809795 17.580409036 17.5804090728 17.6239825016 17.6239827769 17.8043030345 17.8043034017 18.034884034 18.0348841796 18.068320881 18.0683209165 18.1609341893 18.1609341959 18.2006969927 18.2006970425 19.8673486275 19.8673488257 19.9561254479 19.9561255558 19.9848535246 19.9848535349 20.2996236361 20.2996237533 21.235639893 21.235639999 21.265223623 21.2652236364 21.5525210549 21.5525211328 21.5834900367 21.5834901357
75 2.6557947795 2.6557950711 2.6791432626 2.6791434168 3.7484439693 3.7484440719 3.7594779346 3.7594781107 3.91292481 3.9129254952 4.0859254859 4.0859256153 4.1329753729 4.1329759986 4.1810581444 4.1810584082 4.2230224832 4.223022496 4.3771124389 4.3771133158 4.3877986123 4.3877986481 4.4855320845 4.4855325515 4.5109126914 4.5109129038 4.7273378908 4.7273383656 4.739479653 4.7394802391 5.0368004706 5.0368005948 5.1539301234 5.153930149 5.1686948003 5.1686954232 5.3698325152 5.3698325903 5.4343540359 5.4343541446 5.4706456723 5.4706457191 5.5045428195 5.5045428766 5.8407664233 5.8407667326 5.8510276796 5.8510280277 6.0664631549 6.0664638683 6.0719987938 6.0719989741 6.1973554855 6.1973555573 6.5157684468 6.515768779 6.5258374472 6.5258380356 6.5995542622 6.5995542884 6.6873694831 6.6873696728 6.7067530263 6.7067532424 6.9413685891 6.9413686074 6.968444691 6.9684449528 6.9745630178 6.9745632065 6.9836057269 6.9836059086 7.0598724968 7.0598731506 7.0683447368 7.0683450799 7.2378572865 7.2378576723 8.2415367861 8.2415368439 8.3561691234 8.3561691648 8.6598166859 8.6598167915 9.6474359453 9.6474361433 9.6641427436 9.6641431346 9.7779319088 9.7779319977 9.7990012478 9.7990014668 10.1821238496 10.1821238891 10.9004851687 10.9004851691 16.5690540602 16.5690540654 16.6262275202 16.6262275224 16.7298984158 16.7298984673 16.8025981261 16.8025981559 16.9276053168 16.9276053531 16.9571643229 16.9571645136 17.0596166912 17.0596167481 17.1184243098 17.1184243536 17.5111405823 17.5111409918 17.5888173406 17.5888173771 17.6310847782 17.6310850621 17.8069697291 17.8069700956 18.0263805125 18.0263806394 18.0606286743 18.0606286904 18.1546121642 18.1546121736 18.1942972439 18.1942972966 19.8967319479 19.8967321496 19.9796281488 19.9796282613 20.0083498664 20.0083498772 20.3202045992 20.3202047199 21.2223961048 21.2223962147 21.2519423777 21.2519423915 21.5355991642 21.5355992309 21.5656576686 21.5656577573
76 2.6834119106 2.6834122131 2.7051666492 2.7051668116 3.7605052747 3.7605053755 3.7718357379 3.771835925 3.9060704024 3.9060710807 4.0707579423 4.0707580587 4.1489551665 4.1489558494 4.1940341816 4.1940344477 4.2259452804 4.2259452948 4.3990988417 4.3990997147 4.4088609316 4.4088609874 4.4848964554 4.4848969665 4.509143827 4.5091440382 4.7207506252 4.7207511864 4.790534821 4.7905353116 5.0592336673 5.0592338119 5.1704713267 5.1704713546 5.1846899345 5.1846905663 5.3889109061 5.3889109748 5.4601109716 5.4601110884 5.4669254684 5.4669255203 5.5006180339 5.5006180953 5.8471524073 5.8471527319 5.8663376314 5.8663379854 6.0654749556 6.0654756921 6.0710129275 6.0710131145 6.1839144366 6.1839145096 6.5049039718 6.5049043029 6.520199884 6.5202004879 6.598155882 6.5981558973 6.6842104394 6.6842106576 6.7020875011 6.702087713 6.9459434886 6.9459435056 6.9732122165 6.9732124814 6.9829081157 6.9829082922 6.9877364568 6.9877366434 7.054497374 7.0544980132 7.0614011459 7.0614014967 7.2083709679 7.20837136 8.2301765225 8.2301765588 8.3597577372 8.3597577813 8.6403427877 8.6403429059 9.6560236369 9.6560238408 9.6725838827 9.6725842836 9.7797704622 9.7797705555 9.8007238524 9.8007240806 10.2074707229 10.2074707615 10.8952202474 10.8952202481 16.5590461315 16.5590461369 16.6123094054 16.612309408 16.7364440061 16.7364440561 16.8093076711 16.8093077023 16.9202028419 16.9202028792 16.9599946873 16.9599948809 17.0614183805 17.0614184392 17.110841254 17.1108412917 17.5136361781 17.5136365799 17.5976414435 17.5976414796 17.6386066489 17.6386069406 17.8095529962 17.8095533619 18.017550944 18.0175510506 18.0529270236 18.0529270285 18.1480059159 18.1480059282 18.1876057714 18.1876058272 19.9269463829 19.9269465878 20.0037358097 20.0037359266 20.0324509755 20.032450987 20.3413572568 20.3413573807 21.2085725169 21.2085726307 21.2380808957 21.23808091 21.5179952416 21.5179952944 21.5471323111 21.5471323867
77 2.7118867485 2.7118870635 2.7318791122 2.7318792845 3.7728721659 3.7728722645 3.7845038912 3.7845040893 3.8988963595 3.8988970301 4.0546827707 4.054682875 4.16398713 4.1639878722 4.2057511791 4.2057514432 4.2289668997 4.2289669158 4.4201944836 4.4201953399 4.4290717796 4.4290718644 4.4852052158 4.4852057773 4.5081691161 4.5081693167 4.7018202234 4.7018207623 4.8536745686 4.8536750752 5.0822227155 5.0822228769 5.1874979944 5.1874980236 5.2011710805 5.2011717185 5.4084740437 5.4084741065 5.463138473 5.4631385303 5.4857238689 5.4857239939 5.4966325097 5.4966325757 5.8540293148 5.8540296544 5.8809178107 5.8809181702 6.0650672553 6.0650680184 6.0706080728 6.0706082624 6.1706462421 6.1706463158 6.493981107 6.4939814364 6.514478659 6.5144792772 6.597113933 6.5971139362 6.6804536659 6.680453918 6.6969523798 6.6969525894 6.9499133077 6.949913324 6.9778321916 6.977832459 6.9914284647 6.9914286287 6.9917117841 6.9917119755 7.0493459314 7.0493465506 7.0546732818 7.0546736383 7.1790465992 7.1790469981 8.2153008829 8.2153008978 8.3635304235 8.3635304702 8.6234618955 8.623462026 9.6645413157 9.6645415251 9.6809658729 9.6809662832 9.7816103094 9.7816104073 9.8024426924 9.8024429299 10.2323117962 10.2323118339 10.8897317632 10.8897317641 16.5490331976 16.5490332033 16.5986139016 16.5986139047 16.7431601105 16.7431601586 16.8161938971 16.8161939298 16.9129183166 16.9129183548 16.9625589535 16.9625591494 17.0629280785 17.062928139 17.1023169394 17.1023169707 17.5170999969 17.5171003904 17.6068709857 17.6068710215 17.6465515739 17.6465518727 17.8120694967 17.8120698613 18.0084054273 18.0084055123 18.0452373789 18.0452374056 18.1411147901 18.1411148055 18.1806212892 18.1806213482 19.9579469423 19.9579471502 20.0284076503 20.0284077716 20.0571161416 20.0571161537 20.3630513424 20.3630514695 21.1941694554 21.1941695731 21.2236396223 21.2236396371 21.499679777 21.4996798126 21.527959363 21.5279594224
78 2.7411477184 2.741148048 2.7592461981 2.7592463821 3.7855138907 3.7855139867 3.7974502356 3.7974504447 3.8913361218 3.8913367838 4.0377396425 4.0377397359 4.1778436906 4.1778444931 4.2159861496 4.2159864062 4.2320907301 4.232090748 4.4403372174 4.4403380412 4.448397707 4.4483978329 4.4865884538 4.4865890733 4.5081608366 4.5081610135 4.6827867971 4.6827873156 4.9165617235 4.9165622461 5.1056549246 5.1056550996 5.2048749684 5.2048749979 5.2180153994 5.2180160413 5.4284404247 5.4284404819 5.4593059875 5.4593060505 5.4926077991 5.4926078701 5.5110012887 5.5110014217 5.8614864766 5.8614868301 5.8947225491 5.8947229136 6.0653249066 6.0653257013 6.0708687481 6.0708689347 6.157590342 6.1575904156 6.4830101214 6.4830104487 6.5086759781 6.5086766092 6.5964453625 6.5964453728 6.6760194598 6.6760197516 6.6913212029 6.6913214126 6.9532603209 6.9532603369 6.9822839377 6.982284207 6.9955116342 6.9955118302 7.0001657764 7.0001659277 7.044456703 7.0444572952 7.0482187754 7.0482191338 7.1499260398 7.149926446 8.1969822736 8.1969822794 8.3674856117 8.3674856612 8.6091142177 8.6091143594 9.6729591111 9.6729593256 9.6892596785 9.6892600974 9.7834420825 9.7834421849 9.8041484868 9.8041487336 10.2566428353 10.256642872 10.8840166885 10.8840166897 16.5390563338 16.5390563397 16.5851698276 16.5851698311 16.7500339334 16.7500339794 16.8232441019 16.8232441361 16.9057922607 16.9057922999 16.9648315442 16.9648317416 17.0641266547 17.064126717 17.0929668181 17.0929668427 17.5214563506 17.5214567356 17.6164928015 17.6164928371 17.654920849 17.6549211538 17.8145357947 17.8145361582 17.9989576691 17.9989577321 18.0375771475 18.0375771964 18.1339384098 18.1339384284 18.1733427591 18.1733428215 19.9896879842 19.9896881946 20.0536026636 20.053602789 20.0823044333 20.0823044461 20.3852565049 20.3852566351 21.1791877083 21.1791878297 21.2086194652 21.2086194804 21.4806126888 21.4806127037 21.5081959866 21.5081960262
79 2.7711189573 2.7711193041 2.7872360822 2.7872362804 3.7984000255 3.7984001184 3.810642936 3.810643156 3.883321452 3.8833221045 4.0199643442 4.0199644275 4.1902966582 4.1902975201 4.2245488653 4.2245491082 4.2353198227 4.2353198426 4.4594791097 4.459479882 4.4668242279 4.4668244099 4.4891397511 4.4891404373 4.5092953819 4.5092955184 4.6637369526 4.663737452 4.9790014163 4.9790019549 5.1294289691 5.129429155 5.2224480513 5.2224480803 5.2350835007 5.235084144 5.4487349786 5.4487350305 5.4554513781 5.455451447 5.4885672265 5.4885673029 5.5357252133 5.5357253537 5.8696346135 5.8696349793 5.9077099451 5.9077103142 6.0663350174 6.0663358499 6.0718846811 6.0718848577 6.1447911091 6.1447911816 6.4720045993 6.4720049239 6.5027922073 6.5027928502 6.5961534316 6.5961534566 6.6708279432 6.6708282806 6.6851688267 6.6851690396 6.9559694859 6.9559695023 6.9865484281 6.9865486989 6.9991175644 6.999117765 7.0091673264 7.0091674646 7.0398618401 7.0398623913 7.0420970904 7.0420974396 7.121059163 7.121059577 8.175419855 8.1754198799 8.3716207621 8.3716208144 8.5971166206 8.5971167721 9.6812487333 9.6812489526 9.6974377339 9.6974381608 9.7852559848 9.7852560919 9.8058315497 9.8058318057 10.2804603849 10.2804604206 10.8780715803 10.8780715817 16.5291567307 16.5291567368 16.5720059425 16.5720059464 16.757052119 16.7570521623 16.8304450554 16.8304450912 16.8988649226 16.8988649627 16.966789378 16.9667895762 17.0649977071 17.064997771 17.0829100653 17.0829100832 17.526626188 17.5266265643 17.6264910761 17.6264911117 17.6637134056 17.6637137153 17.8169682637 17.816968626 17.9892244064 17.9892244474 18.0299601596 18.0299602302 18.1264767173 18.1264767393 18.1657694367 18.1657695026 20.0221233035 20.0221235161 20.0792797208 20.0792798504 20.1079748034 20.1079748167 20.4079423685 20.4079425016 21.1636285707 21.1636286957 21.1930218384 21.193021854 21.4607436971 21.4607437064 21.4879107769 21.4879107932
80 2.8017184338 2.8017188006 2.8158219344 2.8158221495 3.8115006379 3.8115007275 3.8240506353 3.8240508663 3.8747829406 3.8747835826 4.0013890924 4.0013891664 4.2011305449 4.201131463 4.2313043832 4.2313046058 4.2386572491 4.2386572711 4.4775857424 4.4775864421 4.4843532764 4.4843535319 4.4928982071 4.4928989675 4.5117357907 4.5117358684 4.6447492478 4.6447497292 5.0407980494 5.0407986041 5.1534526814 5.1534528758 5.2400467929 5.2400468208 5.2522227367 5.2522233786 5.4515999564 5.4516000315 5.469287086 5.4692871327 5.4845357388 5.484535821 5.5596486656 5.5596488124 5.8786066664 5.8786070423 5.9198431802 5.9198435532 6.0681852153 6.0681860928 6.0737499427 6.0737501008 6.1322996955 6.1322997656 6.460982177 6.4609824982 6.4968257982 6.4968264516 6.596223378 6.5962234187 6.6648052065 6.6648055944 6.6784681837 6.6784684022 6.958028222 6.9580282393 6.9906083494 6.9906086211 7.0025128556 7.0025130605 7.0184863732 7.0184864979 7.0355589839 7.0355593963 7.0363951296 7.0363953743 7.0925067233 7.0925071456 8.1509092744 8.1509093169 8.3759323288 8.3759323839 8.5871932376 8.5871933969 9.6893835614 9.6893837851 9.7054740303 9.7054744645 9.7870417972 9.787041909 9.8074817973 9.8074820625 10.3037617708 10.3037618054 10.8718925679 10.8718925696 16.5193755227 16.519375529 16.5591508871 16.5591508915 16.7642007749 16.7642008154 16.8377830276 16.837783065 16.8921760915 16.8921761324 16.9684120342 16.9684122324 17.0655275519 17.0655276174 17.0722654401 17.0722654514 17.5325310453 17.5325314129 17.6368475849 17.6368476208 17.6729256309 17.6729259444 17.8193830015 17.8193833625 17.9792245847 17.9792246044 18.0223974436 18.0223975352 18.1187300172 18.1187300426 18.1579009181 18.1579009876 20.0552062203 20.0552064349 20.1053976731 20.1053978066 20.1340861884 20.1340862023 20.4310785885 20.4310787243 21.1474938893 21.1474940179 21.176848707 21.1768487231 21.440016016 21.4400160522 21.4671801209 21.4671801307
81 2.832854064 2.8328544536 2.8449862141 2.8449864486 3.824786427 3.8247865128 3.8376425876 3.8376428295 3.8656506133 3.8656512439 3.9820429283 3.9820429936 4.2101591193 4.210160088 4.2361916247 4.2361918207 4.2421063471 4.2421063714 4.4946366199 4.4946372267 4.4978412545 4.4978420923 4.5009985855 4.5009989309 4.5156042403 4.515604243 4.6258965083 4.6258969724 5.1017540812 5.1017546519 5.177641625 5.1776418261 5.2574883676 5.2574883945 5.2692714808 5.2692721184 5.4477787996 5.4477788811 5.4805396956 5.480539784 5.4900289365 5.490028978 5.5824961711 5.5824963226 5.8885550394 5.8885554217 5.9310918512 5.9310922274 6.0709614555 6.0709623862 6.0765613994 6.0765615298 6.1201765691 6.1201766349 6.4499654053 6.4499657224 6.4907732173 6.4907738799 6.5966171601 6.5966172173 6.6578911588 6.6578916006 6.6711855077 6.671185733 6.9594263743 6.9594263929 6.9944481524 6.9944484244 7.0056825999 7.005682809 7.0281823488 7.0281824597 7.030915852 7.0309162163 7.0318194758 7.0318199717 7.0643441991 7.0643446303 8.1238002945 8.1238003527 8.3804157301 8.3804157881 8.5790181421 8.5790183074 9.6973387167 9.6973389442 9.7133441871 9.7133446278 9.7887888871 9.7887890037 9.8090887585 9.809089033 10.3265450987 10.3265451324 10.8654753451 10.8654753471 16.5097536139 16.5097536204 16.5466331112 16.546633116 16.7714655005 16.7714655379 16.8452438197 16.8452438587 16.8857649099 16.8857649516 16.9696818646 16.969682062 17.0611482761 17.0611482812 17.0657051655 17.0657052325 17.5390958698 17.5390962288 17.6475420092 17.6475420457 17.6825512084 17.6825515245 17.8217957533 17.821796113 17.968978484 17.9689784848 18.0148980455 18.0148981571 18.1106990198 18.1106990488 18.1497371891 18.1497372624 20.0888896688 20.0888898851 20.1319154485 20.1319155858 20.1605976055 20.16059762 20.4546349039 20.4546350424 21.130786108 21.13078624 21.1601026316 21.1601026481 21.4183744213 21.4183744859 21.4460802152 21.4460802523
82 2.8644164524 2.8644168654 2.8747282739 2.8747285281 3.8382288433 3.8382289249 3.8513887718 3.8513890247 3.8558546571 3.8558552752 3.9619521528 3.9619522099 4.2172417595 4.2172427703 4.2392321676 4.2392323322 4.2456709059 4.2456709327 4.5038951712 4.5038960804 4.51062708 4.5106275797 4.5167789212 4.5167793671 4.5209468175 4.5209468981 4.6072472114 4.6072476588 5.1616688178 5.1616694044 5.2019180959 5.2019183018 5.2745826183 5.2745826456 5.2860640801 5.2860647095 5.444016501 5.4440165893 5.4766065916 5.4766066867 5.5108941377 5.5108941739 5.6039692961 5.6039694498 5.8996424365 5.8996428202 5.9414332344 5.9414336129 6.0747455067 6.0747464984 6.0804162511 6.0804163445 6.1084953237 6.1084953827 6.4389827567 6.4389830686 6.4846288945 6.484629565 6.5972670361 6.5972671106 6.6500463028 6.6500467999 6.6632765997 6.6632768318 6.9601563039 6.9601563243 6.9980540916 6.9980543633 7.0086137855 7.0086139988 7.0260999443 7.0261003445 7.0282651304 7.0282656247 7.0366669305 7.0366673711 7.0383208518 7.0383209483 8.0944565636 8.0944566359 8.385065327 8.3850653881 8.572255954 8.5722561235 9.7050911206 9.7050913516 9.7210255109 9.7210259574 9.7904862206 9.790486342 9.8106415881 9.8106418717 10.3488092506 10.3488092832 10.8588151648 10.8588151672 16.5003315027 16.5003315095 16.5344807875 16.5344807926 16.7788314172 16.778831451 16.8528127972 16.8528128379 16.8796696864 16.8796697289 16.9705840528 16.9705842488 17.0496685104 17.0496685113 17.0655220845 17.0655221528 17.5462508051 17.5462511557 17.6585523148 17.6585523523 17.692580986 17.6925813033 17.8242218427 17.8242222009 17.9585069213 17.9585069414 18.0074697601 18.0074698904 18.1023848859 18.1023849184 18.1412786754 18.1412787525 20.1231262838 20.1231265017 20.1587921458 20.1587922867 20.1874682455 20.1874682605 20.4785811868 20.4785813278 21.1135083116 21.1135084469 21.1427868123 21.1427868291 21.3957762351 21.3957763275 21.4246761169 21.424676181
83 2.8962680727 2.8962685026 2.905075464 2.9050757312 3.8453262684 3.8453268727 3.8518001898 3.8518002667 3.8652599871 3.8652602507 3.9411407764 3.9411408255 4.2222943958 4.222295437 4.2405268747 4.2405270061 4.2493553197 4.2493553491 4.5109580078 4.5109589715 4.5255702464 4.5255706354 4.5277038507 4.5277040123 4.5317109841 4.5317115308 4.5888661987 4.5888666296 5.2203372029 5.2203378051 5.2262103681 5.2262105774 5.29113835 5.2911383802 5.3024360338 5.3024366504 5.4403428418 5.4403429369 5.472764702 5.4727648041 5.5318164982 5.5318165288 5.6237594904 5.6237596431 5.9120227727 5.9120231509 5.9508533871 5.950853767 6.0796123631 6.0796134221 6.085408425 6.0854084735 6.0973490591 6.0973491077 6.4280697967 6.4280701025 6.4783852102 6.4783858873 6.5980676988 6.5980677909 6.641253881 6.6412544334 6.6546874535 6.6546876913 6.960213051 6.9602130737 7.0014142526 7.0014145236 7.0095969182 7.0095973688 7.0112953827 7.0112955999 7.0217512221 7.0217516234 7.0251396031 7.02514006 7.0489734587 7.0489735403 8.0632263385 8.0632264235 8.3898744097 8.3898744738 8.5665915 8.5665916721 9.7126195396 9.7126197736 9.7284970407 9.7284974924 9.7921223787 9.792122505 9.8121290837 9.8121293764 10.3705538775 10.3705539091 10.8519068374 10.8519068401 16.4911491068 16.4911491137 16.5227217152 16.5227217208 16.7862832001 16.7862832301 16.8604749264 16.8604749687 16.8739277105 16.8739277537 16.9711066236 16.9711068174 17.0379295593 17.0379295657 17.0649722748 17.0649723444 17.5539321299 17.5539324724 17.6698551742 17.6698552131 17.7030028764 17.7030031937 17.8266761087 17.8266764653 17.9478306932 17.9478307315 18.0001196987 18.0001198464 18.0937892704 18.0937893066 18.1325262934 18.1325263745 20.157868489 20.1578687081 20.1859871236 20.1859872679 20.2146575603 20.2146575759 20.5028874879 20.5028876313 21.0956642704 21.095664409 21.1249051319 21.1249051492 21.3722007671 21.3722008848 21.4030123225 21.403012411
84 2.9282390369 2.9282394613 2.9360875934 2.936087851 3.8339986224 3.8339992117 3.8654737045 3.8654737763 3.8792279309 3.8792282053 3.9196309661 3.9196310075 4.2252904587 4.2252915134 4.2402427622 4.2402428648 4.2531647224 4.2531647548 4.5189165141 4.518917508 4.5357056295 4.5357058613 4.5394959031 4.5394961885 4.5458054245 4.5458060616 4.5708148815 4.5708152961 5.2504520883 5.2504522994 5.2775486138 5.277549231 5.3069708346 5.3069708715 5.3182289177 5.3182295161 5.4367883729 5.4367884752 5.4690426427 5.4690427523 5.5527289148 5.5527289394 5.6415690464 5.6415691943 5.9258082662 5.92580863 5.959347996 5.9593483761 6.0856278538 6.0856289833 6.08686241 6.0868624428 6.091623747 6.0916237487 6.4172705339 6.417270832 6.4720325483 6.4720332307 6.5988667373 6.5988668471 6.6315163664 6.6315169731 6.6453600437 6.6453602859 6.9595945379 6.9595945631 6.983291603 6.9832920637 7.0045185643 7.0045188342 7.0137184321 7.0137186531 7.017921473 7.0179218732 7.022422234 7.0224226512 7.0602173516 7.0602174177 8.0304261639 8.0304262603 8.3948351915 8.3948352587 8.5617465381 8.5617467115 9.7199046162 9.7199048527 9.7357395817 9.7357400378 9.7936855775 9.7936857087 9.8135397067 9.8135400084 10.3917793898 10.3917794203 10.8447447323 10.8447447354 16.4822455882 16.4822455954 16.5113832158 16.5113832217 16.7938051134 16.7938051393 16.8682148122 16.8682148561 16.8685750693 16.8685751132 16.9712404031 16.971240594 17.0260278384 17.02602785 17.0640519777 17.0640520484 17.5620825678 17.5620829024 17.6814264066 17.6814264475 17.7138018053 17.7138021212 17.82917285 17.8291732049 17.9369700911 17.9369701464 17.9928546777 17.9928548415 18.0849143668 18.0849144067 18.1234815032 18.1234815885 20.1930685823 20.1930688025 20.213460086 20.2134602336 20.2421253487 20.2421253648 20.5275240801 20.5275242258 21.0772584833 21.0772586249 21.1064621994 21.1064622169 21.3476522546 21.347652394 21.3811098899 21.3811099991
85 2.9601648602 2.9601652415 2.967819335 2.967819545 3.8218079451 3.8218085181 3.8792236258 3.8792236921 3.8932652603 3.8932655455 3.8974434831 3.8974435169 4.226252539 4.2262535806 4.2385935291 4.2385936188 4.2571051158 4.2571051514 4.5276451027 4.5276461018 4.5447021215 4.5447024102 4.5524448706 4.5524450665 4.5531510602 4.5531514585 4.5590676595 4.5590683698 5.2745817582 5.2745819699 5.3219101514 5.3219101998 5.3330857003 5.3330863316 5.3332947642 5.3332953386 5.4333839005 5.4333840101 5.4654688371 5.4654689546 5.5735623031 5.5735623212 5.657137731 5.6571378703 5.9410172372 5.9410175745 5.9669228956 5.9669232748 6.0772171416 6.0772171506 6.0928465426 6.0928477419 6.0991341591 6.0991342127 6.4066389487 6.4066392377 6.465559446 6.4655601322 6.5994534805 6.5994536073 6.620848988 6.6208496483 6.6352404122 6.635240658 6.9579546464 6.9579551169 6.9583017906 6.9583018188 7.0073587912 7.0073590595 7.014628006 7.0146284042 7.0158761436 7.0158763683 7.020109566 7.0201099426 7.0721347336 7.0721347837 7.9963350858 7.9963351925 8.3999388109 8.3999388814 8.5574859628 8.5574861364 9.7269288874 9.726929126 9.742735727 9.7427361867 9.7951636926 9.7951638288 9.8148616075 9.8148619181 10.4124869446 10.4124869739 10.8373227836 10.8373227871 16.4736591823 16.4736591896 16.5004920197 16.5004920259 16.8013810455 16.801381067 16.8636464687 16.8636465133 16.8760167377 16.8760167834 16.9709789381 16.9709791255 17.0140526862 17.0140527026 17.0627595418 17.0627596136 17.5706511691 17.5706514961 17.6932414076 17.6932414509 17.7249597182 17.7249600313 17.8317257747 17.8317261278 17.9259446569 17.925944728 17.9856814473 17.9856816259 18.0757629508 18.0757629943 18.1141463613 18.114146451 20.2286788219 20.228679043 20.2411711635 20.2411713142 20.2698318355 20.2698318521 20.5524614988 20.5524616466 21.0582962197 21.0582963644 21.087463391 21.087463409 21.3221554942 21.3221556513 21.3589708515 21.3589709773
86 2.9919746608 2.9919749708 3.0002321379 3.0002322717 3.8086946512 3.8086952063 3.8745981088 3.8745981346 3.8930252401 3.8930253004 3.9073456359 3.9073459317 4.2252470228 4.2252480117 4.2358096132 4.2358097217 4.2611834916 4.2611835306 4.5359284543 4.5359288363 4.536996337 4.5369973206 4.5544087401 4.5544090742 4.5644613471 4.5644614695 4.5715012264 4.5715019913 5.2985422704 5.2985424815 5.3358094635 5.3358095281 5.3474999828 5.3475005279 5.3867233285 5.3867239729 5.4301598649 5.4301599821 5.4620708843 5.4620710101 5.5942445108 5.5942445216 5.6702686294 5.6702687567 5.9574869905 5.9574872845 5.9735942106 5.9735945878 6.0687133665 6.0687133949 6.1013097066 6.1013109711 6.1079920507 6.1079921539 6.3962406815 6.3962409595 6.4589528798 6.4589535684 6.5995471385 6.5995472809 6.6092739187 6.6092746318 6.6242853327 6.6242855816 6.9338478404 6.9338483199 6.9563391749 6.9563392064 7.0099284977 7.009928764 7.0118747003 7.0118750956 7.0177640108 7.0177642389 7.0181941454 7.0181944814 7.0848119976 7.0848120312 7.961195645 7.9611957612 8.4051753423 8.405175416 8.5536172426 8.5536174155 9.7336767916 9.7336770317 9.7494698689 9.7494703316 9.7965442882 9.7965444294 9.8160826549 9.8160829744 10.4326784298 10.4326784581 10.8296344986 10.8296345025 16.4654270287 16.4654270362 16.4900741487 16.4900741552 16.8089945469 16.8089945637 16.8591750587 16.859175104 16.8838647055 16.8838647528 16.9703183791 16.9703185624 17.0020865741 17.0020865947 17.0610952493 17.0610953221 17.579592927 17.5795932467 17.7052755343 17.7052755805 17.7364556657 17.7364559747 17.8343479554 17.8343483066 17.9147730451 17.914773131 17.9786067979 17.9786069902 18.0663384226 18.0663384698 18.1045235752 18.1045236693 20.2646515099 20.2646517318 20.2690809901 20.2690811437 20.2977377485 20.2977377655 20.5776705798 20.5776707298 21.0387835617 21.0387837092 21.067914892 21.0679149103 21.2957478011 21.295747972 21.3365862969 21.3365864356
87 3.023711981 3.0237122182 3.0331735159 3.0331735717 3.7946044909 3.7946050265 3.8511140692 3.8511140866 3.9068549118 3.9068549656 3.9214437476 3.921444054 4.2224019687 4.2224028596 4.2320859296 4.2320860965 4.2654079539 4.2654079968 4.519196039 4.5191964045 4.5467984103 4.5467993637 4.5645443333 4.5645447043 4.5755867036 4.5755867669 4.583110309 4.5831111114 5.3222804719 5.3222806814 5.3485519516 5.3485520362 5.3607291998 5.3607297118 5.42714561 5.427145735 5.4382277404 5.4382283963 5.4588748268 5.458874961 5.6146991584 5.614699161 5.6808448723 5.6808449854 5.9746942635 5.974694488 5.97938811 5.9793884839 6.0619323332 6.061932423 6.1110430505 6.1110443723 6.1182253375 6.1182254855 6.386154812 6.3861550765 6.4521987331 6.4521994224 6.5968168354 6.5968176005 6.5987871576 6.5987873128 6.6124658501 6.6124661025 6.9113012452 6.9113017315 6.9537146443 6.9537146796 7.0096542954 7.0096546872 7.0122229725 7.0122232363 7.0166629302 7.0166632259 7.0193799595 7.0193801907 7.0983386024 7.098338619 7.9252183898 7.9252185148 8.4105338128 8.4105338898 8.5499863393 8.5499865109 9.7401346641 9.7401349053 9.7559281998 9.7559286648 9.7978146508 9.797814797 9.8171904702 9.8171907984 10.4523564461 10.4523564733 10.8216729702 10.8216729745 16.4575850086 16.4575850162 16.4801547929 16.4801547997 16.8166288675 16.8166288793 16.8551922643 16.8551923101 16.891742479 16.891742528 16.9692573347 16.9692575134 16.9902054573 16.9902054819 17.0590611422 17.0590612157 17.5888682492 17.5888685619 17.7175044211 17.7175044707 17.7482659782 17.748266282 17.8370517903 17.8370521395 17.9034729747 17.9034730743 17.971637582 17.9716377867 18.0566448486 18.0566448995 18.0946165568 18.0946166557 20.2971507764 20.2971509327 20.3009390752 20.3009392976 20.3258043902 20.3258044078 20.6031224958 20.6031226477 21.0187274431 21.0187275933 21.0478237353 21.0478237539 21.2684715856 21.2684717671 21.3139438372 21.3139439854
88 3.0554501751 3.055450353 3.0664617508 3.0664617602 3.7794896157 3.7794901296 3.8270104873 3.8270104952 3.9206900954 3.9206901422 3.9355353235 3.9355356404 4.2179344551 4.2179352206 4.2275268787 4.227527128 4.269787841 4.269787888 4.5029972798 4.5029976288 4.5568629513 4.5568638649 4.5748522415 4.5748526442 4.5858560205 4.5858560361 4.5939002047 4.593901031 5.3457467362 5.3457469431 5.3600552963 5.3600554032 5.372889238 5.3728897149 5.4243685414 5.4243686744 5.4559043189 5.4559044617 5.4873561039 5.4873567692 5.6348443396 5.6348443463 5.6888317695 5.6888318677 5.9843402019 5.9843405711 5.9913063007 5.991306413 6.0581830398 6.0581832331 6.1220541142 6.1220554838 6.129834663 6.1298348494 6.3764755912 6.3764758395 6.4452824994 6.4452831877 6.5835055941 6.5835064106 6.5967323669 6.5967325304 6.5997680584 6.5997683146 6.8907149481 6.8907154375 6.9504400055 6.9504400448 7.0079495744 7.0079499619 7.0142390892 7.0142393504 7.0154975252 7.0154977813 7.0207245463 7.0207247803 7.1128056175 7.1128056182 7.888587702 7.8885878353 8.4160022292 8.4160023095 8.5464723039 8.5464724736 9.7462907227 9.7462909645 9.7620987038 9.7620991704 9.7989618276 9.7989619789 9.8181724661 9.818172803 10.4715242855 10.4715243116 10.8134308927 10.8134308975 16.4501675868 16.4501675946 16.4707581851 16.4707581922 16.8242669954 16.824267002 16.8517276227 16.8517276691 16.8996336251 16.8996336758 16.9677967059 16.9677968794 16.9784791901 16.9784792182 17.0566608536 17.0566609278 17.5984423688 17.5984426746 17.7299042037 17.729904257 17.7603645381 17.7603648356 17.8398489682 17.8398493153 17.8920612379 17.8920613502 17.9647806808 17.9647808969 18.0466870011 18.0466870555 18.0844294787 18.0844295823 20.3253423777 20.3253425364 20.3374941539 20.3374943767 20.3539937059 20.3539937239 20.6287887893 20.628788943 20.9981356885 20.9981358413 21.0271978401 21.027197859 21.2403695791 21.2403697688 21.291032416 21.2910325713
89 3.087232849 3.0872329818 3.0999454902 3.0999455507 3.7633094238 3.7633099134 3.8023069297 3.8023069329 3.9345093298 3.9345093692 3.9495971181 3.9495974454 4.2121233598 4.2121240018 4.222154929 4.2221552574 4.2743338467 4.2743338982 4.4873693604 4.4873696928 4.5669973245 4.5669981927 4.5851079734 4.5851084043 4.5952967019 4.5952967256 4.6038763849 4.6038772242 5.368894527 5.3688947304 5.3702733072 5.3702734373 5.3839129022 5.3839133438 5.4218531798 5.4218533211 5.4531797057 5.4531798573 5.5338567313 5.5338574031 5.6545911518 5.6545911692 5.6942652883 5.6942653722 5.9884946333 5.9884949967 6.004366312 6.0043663531 6.0603280219 6.0603283605 6.1343298534 6.134331261 6.142792726 6.1427929442 6.3673138734 6.3673141022 6.438190286 6.4381909714 6.5693701048 6.5693709718 6.5861922075 6.5861924682 6.5928802418 6.592880407 6.8725410608 6.8725415473 6.9465312085 6.9465312524 7.0067346568 7.0067350395 7.0146748456 7.0146750633 7.0159750669 7.0159753253 7.0218012522 7.0218014884 7.1283038941 7.1283039123 7.8514676785 7.8514678195 8.4215676118 8.4215676955 8.5429817894 8.5429819568 9.7521350424 9.7521352843 9.7679711387 9.7679716061 9.7999726704 9.7999728268 9.8190158904 9.8190162359 10.4901859076 10.4901859327 10.8049005812 10.8049005866 16.443207662 16.44320767 16.4619074723 16.4619074796 16.8318916956 16.8318916966 16.8488086284 16.8488086753 16.9075215566 16.9075216091 16.9659395065 16.9659396743 16.9669719495 16.9669719807 17.0538994495 17.0538995243 17.6082847479 17.6082850471 17.7424516476 17.7424517048 17.7727231407 17.772723431 17.8427504389 17.8427507837 17.8805537429 17.8805538672 17.9580429417 17.9580431684 18.0364703954 18.0364704533 18.0739673282 18.0739674368 20.3536183586 20.3536185196 20.3742696685 20.3742698917 20.382268347 20.3822683653 20.6546414045 20.65464156 20.97701705 20.9770172053 21.0060460484 21.0060460675 21.2114826101 21.2114828059 21.267844568 21.2678447285
90 3.1190703503 3.1190704493 3.1335073863 3.1335074873 3.7460309279 3.7460313895 3.7770242406 3.7770242578 3.9482922138 3.9482922452 3.963606882 3.9636072196 4.2052342291 4.2052347662 4.2159755614 4.2159759504 4.2790581403 4.2790581968 4.4723424941 4.4723428097 4.5770157663 4.5770165864 4.5951196883 4.5951201453 4.6039282784 4.6039283352 4.6130431183 4.6130439625 5.3791950438 5.3791951963 5.3916799409 5.3916801399 5.3937617891 5.3937621971 5.4196201216 5.4196202713 5.4507170278 5.4507171882 5.57747038 5.577471055 5.673841941 5.6738419707 5.6972332401 5.697233312 5.9919029862 5.9919033424 6.0105783372 6.0105784797 6.0715170829 6.071517517 6.1478351313 6.1478365676 6.1570455141 6.1570457581 6.3587978223 6.3587980275 6.4309101922 6.4309108725 6.5544426786 6.5544435953 6.571751078 6.5717513437 6.5867192467 6.5867194049 6.8572329069 6.8572333826 6.9420086727 6.9420087215 7.0059764788 7.0059768561 7.0141679253 7.0141681057 7.017430068 7.0174303237 7.0226169295 7.0226171672 7.1449219368 7.1449219726 7.8140074542 7.8140076023 8.4272160374 8.4272161246 8.539444071 8.5394442358 9.7576595224 9.757659764 9.7735370098 9.7735374775 9.8008338845 9.8008340459 9.8197078746 9.8197082285 10.5083459132 10.5083459373 10.7960739941 10.796074 16.4367364246 16.4367364328 16.4536245872 16.4536245948 16.8394855437 16.8394855484 16.8464605858 16.8464606332 16.9153895746 16.9153896288 16.9557426366 16.9557426706 16.9636906768 16.9636908385 17.0507832813 17.0507833565 17.6183685089 17.6183688016 17.7551241859 17.7551242471 17.7853119304 17.7853122128 17.8457663874 17.8457667299 17.8689655757 17.8689657111 17.9514311006 17.951431337 18.0260013248 18.0260013862 18.0632359637 18.0632360775 20.3819420534 20.3819422165 20.4105917309 20.4105917496 20.4112189039 20.4112191273 20.6806527176 20.6806528748 20.9553812421 20.9553813997 20.9843781591 20.9843781784 21.1818490282 21.1818492289 21.2443770255 21.2443771898
91 3.150951809 3.1509518821 3.1670519309 3.1670520649 3.7276280201 3.7276284475 3.7511862395 3.751186276 3.9620193624 3.9620193853 3.9775433095 3.9775436572 4.1974753719 4.1974758248 4.2090174448 4.2090178746 4.2839744836 4.2839745455 4.4579393989 4.4579396978 4.5867470628 4.5867478338 4.6047257269 4.6047262087 4.6117625821 4.6117626679 4.6214022469 4.6214030898 5.3868421032 5.3868422763 5.4024274001 5.4024277773 5.4140612137 5.4140614076 5.4176849277 5.417685086 5.4485269747 5.4485271436 5.6179332152 5.6179338887 5.6924882313 5.6924882753 5.6978564638 5.6978565268 5.994623072 5.9946234197 6.0111130536 6.0111132031 6.0904001135 6.0904005519 6.16251267 6.1625141264 6.1725149871 6.1725152518 6.3510722533 6.3510724304 6.4234341471 6.4234348197 6.5387584804 6.5387594455 6.5564682019 6.556468473 6.5778168612 6.5778170024 6.845158701 6.8451591569 6.9368976614 6.9368977156 7.005636361 7.0056367326 7.013946757 7.0139469018 7.0186035381 7.0186037914 7.0231824985 7.0231827366 7.1627433455 7.1627433987 7.7763457285 7.7763458832 8.4329326917 8.4329327824 8.5358067819 8.5358069438 9.7628578435 9.7628580844 9.778789536 9.7787900032 9.8015320816 9.8015322481 9.8202354872 9.8202358494 10.5260095158 10.5260095388 10.7869427584 10.7869427648 16.4307832247 16.430783233 16.4459301198 16.4459301276 16.8447064702 16.8447065181 16.8470309774 16.8470309881 16.9232209102 16.923220966 16.9448452388 16.9448452753 16.9610568977 16.961057053 17.0473198518 17.0473199272 17.6286699076 17.6286701941 17.7678998896 17.7678999548 17.7980998803 17.7981001542 17.8489062131 17.8489065531 17.8573110683 17.8573112141 17.9449517 17.9449519453 18.0152868923 18.015286957 18.0522421695 18.0522422887 20.4102776217 20.4102777867 20.438928096 20.438928115 20.448295581 20.4482958045 20.7067955649 20.7067957236 20.9332389747 20.9332391344 20.9622049609 20.9622049805 21.1515049459 21.1515051504 21.2206305044 21.2206306714
92 3.1828546362 3.1828546889 3.2004960279 3.20049619 3.7080775426 3.7080779241 3.7248242639 3.7248243311 3.975672343 3.9756723568 3.9913859634 3.9913863212 4.1889987192 4.188999105 4.2013320443 4.2013324993 4.2890983402 4.289098408 4.4441750008 4.4441752829 4.5960388286 4.5960395507 4.6137913273 4.6137918329 4.6188041454 4.6188042576 4.6289523363 4.6289531732 5.3932647145 5.3932649057 5.4099302829 5.4099306327 5.4160569721 5.416057139 5.4359981788 5.4359983668 5.4466138195 5.446613997 5.6549820464 5.6549827126 5.6962745247 5.6962745831 5.7104082741 5.7104083344 5.9967177294 5.9967180673 6.0092575716 6.0092576922 6.1134909841 6.1134913942 6.1782845859 6.178286055 6.1891027765 6.1891030576 6.3442957361 6.3442958798 6.4157602957 6.4157609578 6.5223559582 6.5223569704 6.5403762337 6.5403765106 6.5659188383 6.565918953 6.8365040757 6.8365045033 6.9312287236 6.9312287838 7.0056715459 7.0056719117 7.0139791071 7.013979218 7.0194941829 7.0194944348 7.0235140003 7.0235142371 7.1818440648 7.1818441351 7.7386144446 7.7386146054 8.438701931 8.4387020252 8.532032377 8.5320325358 9.7677254188 9.7677256585 9.7837236076 9.7837240738 9.8020538395 9.8020540111 9.8205857924 9.8205861627 10.5431825103 10.5431825322 10.7774981984 10.7774982054 16.4253754497 16.4253754581 16.4388431906 16.4388431986 16.8435667992 16.8435668474 16.8545103236 16.8545103406 16.9309987657 16.9309988232 16.9343291444 16.9343291832 16.9580464082 16.9580465567 17.0435176951 17.0435177706 17.6391678596 17.6391681399 17.7807573939 17.7807574629 17.8110552849 17.8110555499 17.8456038707 17.8456040263 17.8521785119 17.8521788493 17.9386110082 17.9386112618 18.0043350377 18.0043351056 18.040993712 18.0409938368 20.4385901003 20.438590267 20.4672425534 20.4672425727 20.485453927 20.4854541504 20.733043269 20.7330434293 20.9106019836 20.9106021453 20.9395382627 20.9395382825 21.1204847787 21.1204849861 21.1966091873 21.1966093561
93 3.2147500113 3.2147500473 3.2337635247 3.2337637114 3.6873423229 3.6873426294 3.6979944437 3.6979945703 3.9892335912 3.9892335953 4.005115177 4.0051155448 4.1799151116 4.179915443 4.1929811241 4.1929815932 4.2944469739 4.2944470481 4.431056403 4.4310566686 4.6047592952 4.6047599693 4.6222054181 4.6222059468 4.6250507483 4.6250508853 4.6356882326 4.6356890601 5.398537124 5.3985373306 5.4147382882 5.4147384639 5.4163174113 5.4163177374 5.4449743743 5.4449745598 5.4574516615 5.457451843 5.6883514706 5.6883521016 5.6926478755 5.6926479546 5.7274641668 5.727464246 5.9982537155 5.9982540422 6.0068079855 6.0068080699 6.1387842107 6.1387845888 6.1950552667 6.1950567417 6.206694504 6.206694798 6.3386344335 6.3386345378 6.4078960162 6.4078966646 6.5052772405 6.5052782984 6.5235156135 6.5235158964 6.5510101049 6.5510101862 6.8312129662 6.8312133593 6.9250382255 6.9250382923 7.0060366097 7.0060369695 7.0142312687 7.0142313476 7.0200986179 7.0200988703 7.023633971 7.023634204 7.2022894832 7.20228957 7.7009416489 7.7009418151 8.4445073557 8.4445074535 8.5280952518 8.5280954073 9.7722593362 9.7722595743 9.7883357379 9.7883362024 9.8023857649 9.8023859415 9.8207459127 9.8207462909 10.5598712398 10.5598712607 10.767731367 10.7677313746 16.420538414 16.4205384225 16.4323813263 16.4323813344 16.8430595122 16.8430595607 16.8619058378 16.8619058612 16.9242394105 16.9242394512 16.9387063554 16.9387064146 16.9546688319 16.9546689735 17.0393862701 17.0393863456 17.6498435186 17.6498437928 17.7936758103 17.7936758829 17.8241462326 17.8241464885 17.8338570209 17.8338571858 17.8555910627 17.8555913973 17.9324149443 17.9324152055 17.993154561 17.9931546319 18.0294993946 18.0294995251 20.4668454508 20.4668456189 20.4955011332 20.4955011528 20.5226487425 20.5226489658 20.7593696652 20.7593698269 20.8874830591 20.8874832227 20.9163909217 20.9163909417 21.0888218257 21.0888220356 21.1723201621 21.1723203322
94 3.2466058687 3.2466058909 3.2667822541 3.2667824634 3.6652690509 3.6652691826 3.6708797856 3.670880071 4.0026862983 4.0026863047 4.0187119286 4.0187123063 4.1703076294 4.1703079161 4.1840272164 4.1840276921 4.3000395295 4.3000396106 4.4185831338 4.4185833831 4.6127975399 4.6127981672 4.6298777823 4.6298783334 4.6304940636 4.6304942246 4.6416009893 4.6416018048 5.4027526516 5.4027528705 5.4137224604 5.4137226449 5.4216582992 5.4216586054 5.4435970077 5.443597201 5.4783827982 5.4783829725 5.6870842592 5.6870843103 5.717854399 5.7178550401 5.7434985432 5.7434986443 5.9993007578 5.9993010722 6.0044722556 6.004472303 6.1653573793 6.1653577275 6.2127151374 6.2127166124 6.2251643414 6.2251646454 6.3342517741 6.334251833 6.399861619 6.3998622499 6.4875685242 6.487569626 6.5059335715 6.5059338604 6.5333001113 6.5333001552 6.8290039837 6.8290043393 6.9183690037 6.9183690778 7.006684685 7.0066850386 7.014668736 7.0146687847 7.0204104253 7.0204106808 7.0235724011 7.0235726268 7.2241315687 7.2241316712 7.6634535775 7.6634537485 8.4503318955 8.4503319969 8.5239794142 8.5239795664 9.7764582956 9.7764585317 9.7926240076 9.7926244699 9.802514562 9.8025147435 9.8207030963 9.8207034822 10.576082561 10.5760825809 10.7576330794 10.7576330877 16.4162952601 16.4162952687 16.42656034 16.4265603483 16.8431998609 16.8431999097 16.8691997412 16.8691997713 16.9146169847 16.914617027 16.9463269442 16.9463270049 16.9509350146 16.9509351489 17.0349358668 17.0349359421 17.6606799066 17.6606801748 17.8066346471 17.806634723 17.8220830133 17.822083187 17.837341034 17.8373412806 17.8591508174 17.8591511491 17.9263690088 17.9263692772 17.9817551401 17.9817552138 18.0177691126 18.0177692491 20.4950106027 20.495010772 20.5236708281 20.523670848 20.5598354645 20.5598356876 20.7857491253 20.7857492882 20.8638960719 20.8638962371 20.8927768685 20.8927768886 21.0565487848 21.0565489967 21.1477729221 21.147773093
95 3.2783885455 3.2783885559 3.2994824373 3.2994826679 3.6408448047 3.6408450255 3.6445330769 3.6445336989 4.0160142963 4.0160143137 4.0321576893 4.0321580767 4.1602404863 4.1602407354 4.1745287393 4.1745292166 4.3058970883 4.3058971771 4.4067476546 4.4067478878 4.6200628316 4.6200634138 4.6351204333 4.6351206183 4.6367366227 4.6367371957 4.6466781122 4.6466789136 5.4060187399 5.4060189682 5.4129936098 5.4129938031 5.4260404222 5.4260407117 5.4424607738 5.4424609743 5.4987522641 5.4987524306 5.6797829821 5.6797830386 5.7432505709 5.7432511849 5.7583309145 5.7583310408 5.9999308091 5.9999311097 6.0025134234 6.0025134341 6.1927313381 6.192731659 6.2311448211 6.2311462909 6.2443794548 6.2443797663 6.331293709 6.3312937163 6.3916947096 6.3916953188 6.4692804819 6.4692816259 6.4876834764 6.4876837712 6.5131449887 6.5131449944 6.8294498795 6.8294501978 6.9112711807 6.9112712629 7.0075684658 7.0075688133 7.0152567976 7.0152568179 7.0204220885 7.0204223504 7.0233648122 7.0233650263 7.2474062489 7.247406366 7.6262760137 7.6262761886 8.4561579089 8.4561580139 8.5196766084 8.5196767571 9.7803225396 9.7803227734 9.7965880039 9.7965884634 9.8024271045 9.8024272909 9.8204447889 9.8204451823 10.5918238066 10.5918238255 10.7471939492 10.7471939581 16.4126668731 16.4126668817 16.4213942158 16.4213942242 16.8440003094 16.8440003585 16.8763742585 16.8763742954 16.9054988873 16.9054989311 16.9468568743 16.9468570012 16.9538438857 16.953843948 17.0301775236 17.0301775986 17.6716615914 17.6716618535 17.810293865 17.810294047 17.8196137531 17.8196138317 17.8506085874 17.8506088247 17.8628638939 17.8628642225 17.9204782216 17.9204784965 17.9701473424 17.9701474187 18.0058139083 18.0058140511 20.5230534928 20.5230536632 20.5517196319 20.5517196519 20.5969702252 20.5969704481 20.812156581 20.8121567452 20.8398559956 20.8398561624 20.8687111303 20.8687111507 21.0236981721 21.0236983857 21.1229789575 21.1229791288
96 3.3100637232 3.3100637234 3.3317958214 3.3317960726 3.6133305711 3.6133307579 3.6197436663 3.6197442383 4.0292018981 4.0292019273 4.0454342392 4.0454346362 4.1497646811 4.1497648978 4.1645381371 4.1645386124 4.3120426898 4.3120427868 4.3955360892 4.3955363068 4.626483505 4.6264840438 4.6389117958 4.6389120053 4.6427264637 4.6427270582 4.6509040745 4.6509048603 5.4084522585 5.4084524936 5.412525526 5.4125257277 5.4295644526 5.4295647285 5.4415346945 5.4415349019 5.518519398 5.518519556 5.6708710933 5.6708711562 5.764426548 5.7644271293 5.7717538876 5.7717540427 6.0002175101 6.0002177956 6.0010107379 6.0010107634 6.2206116575 6.2206119533 6.25021925 6.2502207098 6.2642040405 6.2642043575 6.3298706089 6.3298706588 6.3834550624 6.383455645 6.4504687048 6.4504698891 6.4688244974 6.4688247979 6.4909545607 6.4909545919 6.83207201 6.8320722929 6.9038032015 6.9038032927 7.0086409886 7.0086413299 7.0159610481 7.0159610543 7.0201331002 7.0201333712 7.0230441535 7.0230443526 7.2721312559 7.2721313864 7.5895349421 7.58953512 8.4619672977 8.4619674063 8.5151848011 8.5151849463 9.7838537793 9.7838540104 9.8002287535 9.8002292098 9.8021105129 9.8021107042 9.8199587092 9.8199591099 10.6071027473 10.6071027652 10.7364044261 10.7364044357 16.4096718081 16.4096718168 16.4168950001 16.4168950087 16.8454704441 16.8454704933 16.8834116534 16.8834116973 16.8969183585 16.8969184035 16.9424472657 16.9424473851 16.9612406593 16.9612407231 17.0251229566 17.0251230311 17.6827744062 17.6827746623 17.7985011804 17.7985013704 17.8325932919 17.8325933729 17.8639186761 17.8639189042 17.8667355728 17.8667358983 17.9147470662 17.9147473472 17.9583426298 17.9583427084 17.9936460243 17.9936461735 20.5509431002 20.5509432713 20.5796165738 20.579616594 20.634009906 20.6340101285 20.8153789278 20.8153790958 20.8385675477 20.838567713 20.844209851 20.8442098715 20.9903026491 20.990302864 21.0979514334 21.0979516049
97 3.341596979 3.3415969888 3.3636552418 3.3636555133 3.5847022169 3.5847023446 3.5945942729 3.5945947701 4.0422337091 4.0422337509 4.0585234508 4.0585238572 4.1389216631 4.1389218516 4.1541015983 4.1541020693 4.318501307 4.3185014128 4.3849291171 4.3849293196 4.6320055736 4.6320060709 4.6418467808 4.6418470156 4.6478062987 4.6478069142 4.65426106 4.6542618291 5.4101752488 5.410175488 5.4122809912 5.412281201 5.4323396898 5.4323399546 5.4407772381 5.4407774518 5.5376412114 5.5376413606 5.6604881691 5.6604882397 5.7813270097 5.7813275524 5.7835297182 5.7835299059 5.9999600365 5.9999600972 6.0002358353 6.0002361042 6.2487903226 6.2487905948 6.269811398 6.2698128437 6.2845027524 6.284503073 6.3300390409 6.3300391524 6.3752296231 6.3752301738 6.4311941825 6.4311954053 6.4494215357 6.4494218415 6.4671237108 6.4671237765 6.8364104597 6.8364107105 6.8960331668 6.8960332681 7.0098561957 7.009856531 7.0167478488 7.0167478797 7.0195609102 7.019561191 7.0226298541 7.0226300366 7.298304641 7.2983047836 7.5533565199 7.5533566997 8.4677416409 8.4677417532 8.5105069559 8.5105070975 9.7870551155 9.7870553437 9.8015522344 9.8015524304 9.8035486513 9.8035491037 9.8192329274 9.8192333352 10.6219275511 10.6219275681 10.7252548361 10.7252548464 16.4073262314 16.4073262401 16.4130726997 16.4130727084 16.847616893 16.8476169423 16.8889049758 16.8889050218 16.8902942654 16.8902943165 16.9377198587 16.9377199704 16.9685009055 16.9685009708 17.0197844966 17.0197845705 17.6940052072 17.6940054574 17.7867162155 17.7867164131 17.8455537484 17.8455538313 17.8707702973 17.8707706193 17.877242197 17.8772424161 17.9091794407 17.9091797276 17.9463533555 17.9463534362 17.9812789566 17.9812791125 20.5786494769 20.5786496486 20.6073317496 20.60733177 20.6709121861 20.6709124082 20.7904821063 20.7904822755 20.8192903078 20.8192903283 20.8649581467 20.8649583131 20.9563952699 20.9563954861 21.0727049439 21.0727051155
98 3.3729541539 3.372954173 3.3949944606 3.3949947526 3.555532136 3.5555322311 3.5685792734 3.5685797227 4.0550944189 4.0550944742 4.0714070336 4.0714074494 4.1277458103 4.1277459737 4.1432594993 4.1432599645 4.325299763 4.3252998784 4.3749029654 4.3749031534 4.636591175 4.6365916327 4.6439019835 4.643902245 4.6519478975 4.6519485335 4.6567298994 4.656730651 5.411311208 5.4113114492 5.4122113359 5.4122115534 5.4344799231 5.4344801788 5.4401360254 5.4401362449 5.5560712761 5.5560714159 5.6487638647 5.6487639444 5.7933879921 5.7933882165 5.7939887333 5.7939892327 5.9993169769 5.9993170714 6.0000618595 6.0000621101 6.2771034052 6.2771036546 6.2897954289 6.2897968567 6.3051434205 6.3051437432 6.3317876201 6.331787796 6.3671369225 6.3671374355 6.4115238115 6.4115250707 6.429545372 6.4295456826 6.4419980458 6.4419981434 6.842059626 6.8420598484 6.8880405707 6.8880406833 7.0111692948 7.0111696241 7.017584793 7.0175848469 7.0187423878 7.0187426777 7.0221263517 7.0221265172 7.3259041143 7.3259042672 7.5178663806 7.5178665611 8.4734623491 8.473462465 8.505650035 8.505650173 9.7899309567 9.7899311815 9.8007401264 9.800740327 9.806551384 9.8065518323 9.8182559476 9.8182563621 10.6363067425 10.6363067586 10.7137354225 10.7137354336 16.4056438762 16.405643885 16.4099351884 16.4099351971 16.8504432544 16.8504433036 16.8814847488 16.8814847957 16.8970045474 16.8970046058 16.9326890295 16.9326891336 16.9756084604 16.975608527 17.0141750344 17.0141751076 17.7053416639 17.705341908 17.7749499431 17.774950148 17.858475961 17.8584760452 17.8749716754 17.8749719938 17.8905513271 17.8905515374 17.9037786148 17.903778907 17.9341927531 17.9341928355 17.9687275053 17.9687276682 20.6061437751 20.6061439472 20.6348363479 20.6348363684 20.707635585 20.7076358066 20.7651839241 20.7651840943 20.7939709253 20.7939709459 20.8913051294 20.8913052968 20.9220096654 20.9220098826 21.047255324 21.0472554953
99 3.4041015191 3.4041015472 3.4257482189 3.425748532 3.5259327948 3.5259328692 3.541660033 3.5416604467 4.0677685524 4.0677686222 4.0840662372 4.084066662 4.1162661777 4.1162663188 4.1320471313 4.1320475896 4.3324665758 4.3324667015 4.3654304344 4.3654306085 4.6402168809 4.6402173011 4.6450534204 4.64505371 4.6551342102 4.6551348664 4.6582911663 4.6582918996 5.4119819404 5.4119821813 5.4122562554 5.4122564798 5.4360998428 5.4361000909 5.4395477913 5.4395480164 5.5737584899 5.57375862 5.635816697 5.6358167863 5.8010256307 5.8010258957 5.8025444941 5.8025449467 5.9990179401 5.9990180665 5.9997725626 5.999772793 6.305409162 6.305409389 6.3100491726 6.3100505791 6.3259990539 6.3259993772 6.3350322982 6.3350325394 6.3593297345 6.3593302037 6.391530907 6.3915322005 6.4092729705 6.4092732854 6.4158655198 6.4158656465 6.8486779264 6.8486781238 6.879918585 6.8799187104 7.0125369164 7.0125372397 7.0177237934 7.0177240912 7.0184410842 7.0184411595 7.0215331043 7.0215332529 7.354887284 7.3548874457 7.4831882996 7.4831884794 8.4791108433 8.4791109629 8.5006241812 8.5006243155 9.7924869325 9.7924871538 9.799662543 9.7996627481 9.8092418512 9.8092422948 9.8170167917 9.8170172127 10.6502491598 10.650249175 10.7018363886 10.7018364004 16.4046360121 16.4046360209 16.4074881226 16.4074881313 16.8539500336 16.8539500827 16.8746801945 16.8746802421 16.9035251032 16.903525169 16.9273697662 16.9273698625 16.9825473889 16.9825474568 17.0083079728 17.0083080451 17.7167720768 17.7167723147 17.7632131202 17.7632133321 17.8713411745 17.8713412596 17.879342486 17.8793428007 17.898547191 17.8985474882 17.9038196366 17.9038198383 17.9218749154 17.9218749992 17.9560078243 17.9560079944 20.6333982696 20.6333984419 20.6621026726 20.6621026932 20.7395039397 20.7395041108 20.7441394984 20.7441397195 20.7682712863 20.768271307 20.8871801763 20.8871803945 20.9175859013 20.9175860696 21.0216195065 21.0216196774
100 3.435005862 3.4350058995 3.4558524918 3.4558528269 3.4959545478 3.4959546073 3.5138660037 3.513866388 4.0802401787 4.0802402641 4.0964815044 4.0964819381 4.1045077807 4.1045079015 4.1204954958 4.1204959464 4.3400317142 4.3400318509 4.3564819006 4.3564820615 4.6428718869 4.6428722715 4.6452781588 4.6452784782 4.6573578237 4.6573584997 4.6589264026 4.6589271173 5.4123049451 5.412305184 5.4123439057 5.4123441361 5.4373120274 5.437312269 5.4389386206 5.438938851 5.5906457358 5.5906458559 5.6217533067 5.6217534062 5.8061107806 5.8061110896 5.8072153614 5.8072157655 5.9989905899 5.9989907461 5.9994455928 5.9994458009 6.3304559294 6.3304573116 6.333566892 6.3335670977 6.3396306902 6.3396309968 6.3469491832 6.3469495059 6.3519943125 6.3519947317 6.371295685 6.3712970105 6.3886878763 6.3886881947 6.3889618906 6.3889620441 6.8559838018 6.8559839774 6.8717770816 6.8717772216 7.0139170561 7.0139173734 7.0165514347 7.0165517394 7.0192880457 7.019288141 7.0208539056 7.0208540372 7.3851927787 7.3851929475 7.4494422777 7.4494424555 8.4846687641 8.4846688874 8.4954420431 8.4954421737 9.7947298062 9.7947300238 9.7983084238 9.7983086332 9.8116260819 9.8116265204 9.8155050862 9.8155055134 10.6637639116 10.663763926 10.6895479407 10.6895479533 16.4043114288 16.4043114376 16.4057348676 16.4057348764 16.8581345868 16.8581346357 16.8685103992 16.8685104474 16.9098387282 16.9098388016 16.9217775839 16.9217776725 16.9893020175 16.9893020867 17.0021971832 17.0021972547 17.7282852204 17.728285452 17.7515163593 17.751516578 17.883884688 17.8838849987 17.8841311052 17.8841311906 17.8934870719 17.8934873739 17.9094147646 17.9094148493 17.917022158 17.9170223514 17.9431374658 17.9431376434 20.6603863765 20.6603865488 20.6891041618 20.6891041824 20.713462885 20.7134630566 20.7422121393 20.74221216 20.7803842261 20.7803844466 20.8519419475 20.8519421665 20.9437785494 20.9437787185 20.9958154134 20.9958155838
101 3.4656344186 3.4656344186 3.4656344664 3.4656344664 3.4852449845 3.4852449845 3.485245346 3.485245346 4.0924925628 4.0924925628 4.0924926747 4.0924926747 4.1086320702 4.1086320702 4.1086325126 4.1086325126 4.3480262431 4.3480262431 4.3480264069 4.3480264069 4.6445560758 4.6445560758 4.6445564763 4.6445564763 4.6586194269 4.6586194269 4.6586201589 4.6586201589 5.4123912759 5.4123912759 5.4123915391 5.4123915391 5.4382243609 5.4382243609 5.4382248236 5.4382248236 5.6066684704 5.6066684704 5.6066685802 5.6066685802 5.808292196 5.808292196 5.8082925997 5.8082925997 5.9991589489 5.9991589489 5.9991591322 5.9991591322 6.3453433539 6.3453433539 6.3453438392 6.3453438392 6.3509056634 6.3509056634 6.3509070205 6.3509070205 6.3614824274 6.3614824274 6.3614827092 6.3614827092 6.3678806383 6.3678806383 6.3678809596 6.3678809596 6.8637465646 6.8637465646 6.8637468645 6.8637468645 7.0152685929 7.0152685929 7.0152692287 7.0152692287 7.0200996772 7.0200996772 7.020099938 7.020099938 7.4167420965 7.4167420965 7.4167423529 7.4167423529 8.4901181886 8.4901181886 8.4901183668 8.4901183668 9.7966673377 9.7966673377 9.7966676438 9.7966676438 9.8137111498 9.8137111498 9.8137115829 9.8137115829 10.676860279 10.676860279 10.6768604004 10.6768604004 16.4046764334 16.4046764334 16.4046764444 16.4046764444 16.862991049 16.862991049 16.8629911422 16.8629911422 16.9159284516 16.9159284516 16.915928533 16.915928533 16.9958569568 16.9958569568 16.995857047 16.995857047 17.7398702053 17.7398702053 17.7398704308 17.7398704308 17.8885994278 17.8885994278 17.888599741 17.888599741 17.8968279991 17.8968279991 17.896828109 17.896828109 17.9301354219 17.9301354219 17.9301356074 17.9301356074 20.6870826586 20.6870826586 20.6870828504 20.6870828504 20.7158154017 20.7158154017 20.715815423 20.715815423 20.8163309897 20.8163309897 20.8163312122 20.8163312122 20.9698618697 20.9698618697 20.969862044 20.969862044
102 3.4656344186 3.4656344186 3.4656344664 3.4656344664 3.4852449845 3.4852449845 3.485245346 3.485245346 4.0924925628 4.0924925628 4.0924926747 4.0924926747 4.1086320702 4.1086320702 4.1086325126 4.1086325126 4.3480262431 4.3480262431 4.3480264069 4.3480264069 4.6445560758 4.6445560758 4.6445564763 4.6445564763 4.6586194269 4.6586194269 4.6586201589 4.6586201589 5.4123912759 5.4123912759 5.4123915391 5.4123915391 5.4382243609 5.4382243609 5.4382248236 5.4382248236 5.6066684704 5.6066684704 5.6066685802 5.6066685802 5.808292196 5.808292196 5.8082925997 5.8082925997 5.9991589489 5.9991589489 5.9991591322 5.9991591322 6.3453433539 6.3453433539 6.3453438392 6.3453438392 6.3509056634 6.3509056634 6.3509070205 6.3509070205 6.3614824274 6.3614824274 6.3614827092 6.3614827092 6.3678806383 6.3678806383 6.3678809596 6.3678809596 6.8637465646 6.8637465646 6.8637468645 6.8637468645 7.0152685929 7.0152685929 7.0152692287 7.0152692287 7.0200996772 7.0200996772 7.020099938 7.020099938 7.4167420965 7.4167420965 7.4167423529 7.4167423529 8.4901181886 8.4901181886 8.4901183668 8.4901183668 9.7966673377 9.7966673377 9.7966676438 9.7966676438 9.8137111498 9.8137111498 9.8137115829 9.8137115829 10.676860279 10.676860279 10.6768604004 10.6768604004 16.4046764334 16.4046764334 16.4046764444 16.4046764444 16.862991049 16.862991049 16.8629911422 16.8629911422 16.9159284516 16.9159284516 16.915928533 16.915928533 16.9958569568 16.9958569568 16.995857047 16.995857047 17.7398702053 17.7398702053 17.7398704308 17.7398704308 17.8885994278 17.8885994278 17.888599741 17.888599741 17.8968279991 17.8968279991 17.896828109 17.896828109 17.9301354219 17.9301354219 17.9301356074 17.9301356074 20.6870826586 20.6870826586 20.6870828504 20.6870828504 20.7158154017 20.7158154017 20.715815423 20.715815423 20.8163309897 20.8163309897 20.8163312122 20.8163312122 20.9698618697 20.9698618697 20.969862044 20.969862044
103 3.4506629526 3.4507575287 3.4725751667 3.4726544424 3.480462399 3.4805554195 3.4984303699 3.4985091702 4.0873950122 4.0874093178 4.09772573 4.0977403267 4.103951827 4.1039860788 4.1134307146 4.1134637484 4.3361970387 4.3362407651 4.3599383846 4.3599815891 4.6308537287 4.6308768495 4.6445942495 4.6446669228 4.6582957442 4.6583193141 4.6726433003 4.6727157632 5.403415317 5.4034582795 5.4210898289 5.4211311525 5.4290798063 5.4291162813 5.4470873271 5.4471240915 5.5975330089 5.5975477032 5.6155360107 5.6155483402 5.802788038 5.802824364 5.8137398716 5.8137750751 5.9989112841 5.9989359971 5.9994281978 5.9994530105 6.3417960122 6.3418381823 6.344944272 6.3449656783 6.3458729891 6.3458944153 6.358783008 6.358799461 6.3589185829 6.3589347338 6.3601462831 6.360184926 6.3644041325 6.3644226459 6.3769976821 6.3770142779 6.8617590531 6.8617766145 6.8657674777 6.865784556 7.0061492637 7.0061647049 7.0107135923 7.0107632186 7.0244557815 7.0244722273 7.0295217966 7.0295711364 7.3818302424 7.3818554916 7.4513991305 7.4514242696 8.4746007132 8.4746143501 8.5057095317 8.5057226342 9.7792017953 9.7792067602 9.7961810184 9.7961973882 9.8140117144 9.8140161489 9.8311040032 9.8311205669 10.657557969 10.657567128 10.6957908387 10.6957995654 16.3945212654 16.3945221957 16.4151165511 16.4151175061 16.860995754 16.8609962652 16.8653696193 16.8653702268 16.9087906489 16.908792338 16.9228498419 16.9228514535 16.9881030442 16.9881032844 17.0034020693 17.0034022926 17.7377518194 17.7377526601 17.742316318 17.7423167109 17.8859366154 17.8859372326 17.8915456734 17.8915467097 17.892509542 17.8925097011 17.9010335596 17.9010336245 17.9264156063 17.9264168776 17.9337890932 17.9337900355 20.6861023469 20.6861025287 20.6881601105 20.6881603123 20.7148253598 20.7148257081 20.7169002597 20.7169006483 20.8153432763 20.8153436805 20.8174172875 20.8174173861 20.967092616 20.9670930417 20.9725253921 20.9725255609
104 3.435663519 3.4358536315 3.4604981052 3.4606564915 3.4952192866 3.495403482 3.5122106783 3.5123677199 4.0824396761 4.0824682171 4.0994131924 4.099481845 4.1031181442 4.1031472237 4.1183890363 4.1184551871 4.3245003989 4.3245886339 4.3719699616 4.3720552433 4.6172271221 4.6172736196 4.6306565206 4.6308003078 4.6720793204 4.6721259229 4.6867203993 4.686866233 5.3941937059 5.3942807049 5.4196796732 5.4197513741 5.4295640337 5.4296451928 5.4557138637 5.4557882589 5.5881269177 5.588158644 5.6241644886 5.6241868869 5.7972738576 5.7973462924 5.8191554794 5.8192258485 5.9987147477 5.9987636514 5.9997376608 5.9997880061 6.332880558 6.3329650509 6.3446763132 6.3447187296 6.3465665862 6.3466099245 6.3501440075 6.3501742191 6.3563367498 6.3563694688 6.3675721354 6.3676100721 6.3695284666 6.3696052409 6.3862568746 6.3862908288 6.8598318754 6.8598679532 6.8678287754 6.8678618693 6.9971087315 6.997139841 7.0014097771 7.0015082767 7.0337297261 7.033762315 7.0390320604 7.0391309473 7.3467663416 7.3468175131 7.4857387625 7.4857880131 8.4592419226 8.4592690928 8.5213273727 8.5213534753 9.7616315504 9.7616415535 9.77854142 9.7785748401 9.8312271615 9.8312359146 9.8483637668 9.848396077 10.6378967215 10.637915144 10.7143545876 10.7143718719 16.3846630562 16.3846648986 16.4258302666 16.4258321858 16.8593833559 16.8593844024 16.8681311638 16.8681323292 16.9014465011 16.9014498426 16.9295480472 16.9295512846 16.9801491335 16.9801495825 17.0107300502 17.0107304688 17.7359652567 17.7359667151 17.7450854084 17.7450864052 17.8835571208 17.883558538 17.8880832938 17.8880835049 17.8947750577 17.8947768481 17.9051221052 17.9051221315 17.9226353275 17.9226377321 17.9373734661 17.9373754661 20.6852191999 20.6852193719 20.6893342759 20.6893344875 20.7139304966 20.7139312144 20.718079852 20.7180806047 20.8144602886 20.8144608775 20.8185957347 20.8185959516 20.9642232151 20.9642239047 20.9750779385 20.9750783617
105 3.4206589196 3.4209451227 3.4490112466 3.4492482976 3.5098839457 3.510157021 3.5265856166 3.5268198978 4.0776190331 4.0776615128 4.0950104513 4.0951141369 4.1086754262 4.108718749 4.1235159235 4.1236149673 4.3129429074 4.3130761069 4.3841132676 4.3842394817 4.6036922503 4.6037619558 4.6168224328 4.6170359318 4.6858904913 4.6859597423 4.7008346156 4.7010539321 5.3847172423 5.384849243 5.4100161783 5.4101219506 5.4378224078 5.4379416327 5.464114246 5.4642266864 5.5784350491 5.5784861479 5.6325676044 5.6325978815 5.7917614044 5.7918699958 5.8245291134 5.8246340914 5.9985731947 5.9986460778 6.0000814752 6.0001579392 6.3241829091 6.3243107549 6.341578297 6.3416217881 6.3445217349 6.3445854361 6.3474509744 6.3475165686 6.3541223567 6.3541693407 6.3710013054 6.3710596843 6.3790255615 6.3791390712 6.3956332795 6.3956851793 6.8579759769 6.858031295 6.8699202303 6.8699684096 6.9881435947 6.9881901665 6.992184968 6.9923315881 7.0430941625 7.0431429961 7.0486336833 7.048781782 7.3116216241 7.311698994 7.5196609153 7.5197332838 8.4441272349 8.4441678756 8.5369204986 8.5369592443 9.743969212 9.743984472 9.7608053285 9.7608560986 9.8483021012 9.8483149204 9.8654787134 9.8655262154 10.6178808552 10.6179087096 10.7325479544 10.732573501 16.3751116696 16.3751143982 16.4368041385 16.4368070302 16.8581516268 16.858153196 16.8712734088 16.8712751335 16.8939047939 16.8939097801 16.9360150581 16.9360198956 16.9720042085 16.9720048703 17.0178327262 17.0178333365 17.7345129965 17.7345150694 17.7481715802 17.7481731699 17.8814596402 17.8814618869 17.8835553673 17.8835556327 17.8982856238 17.8982881491 17.9090904653 17.9090904866 17.9188002588 17.9188038154 17.9408856098 17.9408886378 20.6844328483 20.6844330111 20.6906043192 20.69060454 20.7131304849 20.713131571 20.719353348 20.71935446 20.8136878954 20.8136886661 20.8198598659 20.8198602692 20.9612593737 20.9612603258 20.9775146204 20.9775153159
106 3.4056720245 3.4060544217 3.4381109896 3.4384258803 3.5244356311 3.5247949484 3.5415534676 3.5418636358 4.072925617 4.0729816267 4.0907337394 4.0908732235 4.114407395 4.1144647218 4.1288198779 4.1289516621 4.3015305645 4.3017089985 4.3963600436 4.3965258898 4.5902643891 4.5903569866 4.6031078675 4.6033893488 4.6997124668 4.6998038565 4.7149690108 4.7152616076 5.374976973 5.3751546992 5.4000796783 5.400218196 5.4458753256 5.446030673 5.4722982979 5.4724489943 5.5684421061 5.5685148656 5.6407580728 5.6407941501 5.7862630143 5.7864076667 5.8298508453 5.8299897679 5.9984894404 5.9985862271 6.0004532765 6.0005564469 6.315727303 6.3158993392 6.3332618263 6.3333174376 6.3444502668 6.344535394 6.3485229993 6.3486112415 6.3521450464 6.3522044882 6.3746919802 6.3747716964 6.3886156556 6.3887640853 6.4051018116 6.4051720428 6.8562022355 6.8562774534 6.8720316452 6.8720939337 6.9792499581 6.9793117631 6.9830358861 6.9832296295 7.0525524253 7.0526175707 7.0583292608 7.0585259454 7.2764615112 7.2765652142 7.5530499834 7.5531442349 8.4293589126 8.4294127982 8.5524449698 8.5524959343 9.7262275833 9.7262483013 9.7429856541 9.7430539981 9.865224931 9.8652415573 9.8824372878 9.8824993734 10.5975148493 10.5975522675 10.7503674786 10.7504009657 16.3658757287 16.3658793136 16.4480235788 16.4480274462 16.8572968008 16.8572988748 16.8747925013 16.8747947817 16.8861745487 16.8861811627 16.9422430378 16.9422494407 16.9636775197 16.9636783918 17.0247021249 17.0247029164 17.7333962785 17.7333989583 17.75156754 17.7515697076 17.8789328844 17.8789332053 17.8796415169 17.8796446062 17.9020741944 17.9020774288 17.9129364063 17.9129364547 17.9149169424 17.9149216643 17.9443232175 17.9443272393 20.6837425394 20.6837426939 20.6919689909 20.6919692201 20.7124246015 20.712426053 20.7207195113 20.7207209763 20.8130316952 20.8130326426 20.8212029669 20.8212035631 20.9582070295 20.95820824 20.9798306637 20.9798316339
107 3.3907256739 3.3912039226 3.4277925816 3.4281841065 3.5388543908 3.5392970218 3.5571113141 3.5574956667 4.0683521725 4.0684211959 4.086575497 4.0867516366 4.1203218627 4.1203928227 4.1343093749 4.1344737943 4.2902689751 4.2904927229 4.4087014547 4.4089054852 4.5769584315 4.5770734558 4.5895283629 4.5898757696 4.7135282 4.7136410999 4.7291064312 4.7294717966 5.3649643969 5.3651883183 5.3898619771 5.390031765 5.4537320005 5.4539213862 5.4802756033 5.4804645591 5.558132897 5.5582295143 5.6487474488 5.6487873804 5.7807917594 5.7809722282 5.8351111334 5.8352832381 5.9984651305 5.9985858682 6.0008465553 6.0009769768 6.3075367513 6.3077535968 6.3252048429 6.3252711544 6.3444336012 6.3445414015 6.3497968744 6.3499061469 6.3504168363 6.3504844652 6.3786519057 6.378753765 6.3982713251 6.398452876 6.4146374529 6.414726188 6.8545217353 6.8546174426 6.8741528889 6.8742282633 6.9704240261 6.9705008164 6.9739592883 6.9741989281 7.0621074703 7.0621889591 7.0681208973 7.0683652479 7.2413474554 7.2414774961 7.5857709226 7.5858855403 8.4150598978 8.4151266052 8.5678629889 8.5679256907 9.7084197529 9.708446111 9.725095613 9.7251816757 9.8819842468 9.8820044185 9.8992281484 9.8993041612 10.5768033399 10.5768504154 10.7678099295 10.7678510109 16.3569626141 16.3569670219 16.4594728923 16.4594777338 16.8568136718 16.8568162289 16.878265038 16.8782732541 16.878683054 16.8786858834 16.9482243941 16.9482323191 16.9551786353 16.9551797115 17.0313305057 17.0313314646 17.7326150986 17.7326183737 17.7552648453 17.7552675724 17.8742239922 17.8742243692 17.8780989686 17.8781029078 17.9061363617 17.9061402762 17.9109928064 17.9109987024 17.9166585958 17.9166586689 17.9476847169 17.9476896948 20.6831471497 20.6831472972 20.693426625 20.6934268618 20.7118117602 20.7118135728 20.7221766974 20.7221785077 20.812496997 20.8124981151 20.8226181193 20.8226189082 20.9550723619 20.9550738259 20.9820215161 20.9820227607
108 3.3758425785 3.3764158938 3.418050143 3.418516719 3.5531211109 3.5536438668 3.5732550967 3.5737115868 4.0638916902 4.0639731085 4.0825281246 4.0827418533 4.1264268759 4.1265110013 4.1399927986 4.1401897683 4.2791633948 4.2794323412 4.4211280479 4.4213686762 4.5637888725 4.5639257081 4.5760991227 4.5765100723 4.7273203934 4.7274540633 4.7432295307 4.7436668495 5.3546715923 5.354941913 5.3793554927 5.3795549377 5.4614013656 5.4616225799 5.4880553211 5.4882823301 5.5474925989 5.547615142 5.6565458319 5.656587823 5.7753616794 5.7755775663 5.8403008433 5.8405052781 5.9985006357 5.9986454673 6.0012548211 6.0014129529 6.2996331041 6.2998951386 6.317430061 6.3175056486 6.3444269155 6.3445597477 6.3489203467 6.3489977783 6.3513079682 6.3514419418 6.3828876436 6.3830123359 6.40796659 6.4081794021 6.4242153821 6.424322572 6.8529458184 6.8530625277 6.876273848 6.876361233 6.9616621657 6.9617536769 6.964952035 6.9652361298 7.0717617599 7.0718595872 7.0780100056 7.0783008058 7.206338421 7.2064946864 7.6176646279 7.6177977608 8.4013783659 8.4014572325 8.5831418521 8.5832157608 9.6905591134 9.6905912717 9.7071487476 9.7072525907 9.8985688314 9.8985922861 9.9158401556 9.9159293958 10.5557511035 10.5558078903 10.7848723132 10.784920621 16.3483784618 16.3483836559 16.4711353184 16.4711411272 16.8566956363 16.856698651 16.8701859661 16.8701957516 16.8829379986 16.8829413651 16.9465174729 16.9465187447 16.9539518055 16.9539612007 17.0377103733 17.0377114835 17.7321682086 17.7321720632 17.7592539356 17.7592572007 17.8694378142 17.869438247 17.876827157 17.876831949 17.9070358011 17.9070428753 17.9104668406 17.9104714037 17.9202565024 17.920256595 17.9509692097 17.9509751036 20.6826451982 20.6826453404 20.694975139 20.6949753822 20.7112905252 20.7112926927 20.723722853 20.7237249994 20.812088801 20.8120900828 20.8240982389 20.8240992177 20.9518618014 20.951863513 20.9840828538 20.9840843707
109 3.3610452215 3.3617123799 3.4088766687 3.4094163414 3.5672175674 3.5678170014 3.5899796958 3.5905059414 4.059537439 4.0596305382 4.0785842992 4.0788366016 4.1327304031 4.1328271413 4.1458783575 4.1461077826 4.2682188011 4.2685326306 4.4336296867 4.4339051967 4.5507697972 4.5509276778 4.5628350335 4.5633068205 4.7410715154 4.7412251117 4.7573207952 4.7578289554 5.3440913408 5.3444079897 5.3685534746 5.368780839 5.4688918681 5.4691425947 5.4956457876 5.4959104259 5.5365072687 5.5366576391 5.6641614501 5.6642038833 5.7699881528 5.7702389004 5.8454112799 5.8456471123 5.9985949767 5.9987640995 6.0016717508 6.0018579281 6.2920369105 6.2923442557 6.3099576022 6.3100410226 6.3443625391 6.3445236968 6.3477283323 6.3478110215 6.3530334071 6.35319088 6.3874054301 6.3875535151 6.4176759244 6.417918086 6.4338111066 6.4339364781 6.8514861518 6.8516242922 6.8783843312 6.878482588 6.9529609648 6.9530669184 6.9560111546 6.956338066 7.0815170875 7.0816312163 7.0879967576 7.0883324905 7.1714926576 7.1716749364 7.6485426905 7.648692088 8.3884929112 8.3885829865 8.5982531082 8.5983376521 9.6726593802 9.6726974743 9.6891589458 9.6892805445 9.9149676443 9.9149941201 9.9322623606 9.9323640899 10.5343630403 10.5344295511 10.8015518798 10.8016070263 16.3401281658 16.3401341066 16.4829930772 16.4829998414 16.8569347305 16.8569381744 16.8619472204 16.8619585331 16.8875488886 16.8875527784 16.9377043359 16.9377057919 16.9594182558 16.9594290612 17.0438344995 17.0438357431 17.7320531209 17.7320575353 17.7635241667 17.7635279456 17.8645844486 17.8645849363 17.8758201953 17.8758258389 17.9030554774 17.9030637292 17.9150583322 17.9150635112 17.9237303715 17.923730479 17.9541764043 17.9541831713 20.6822348618 20.6822350005 20.6966120351 20.6966122837 20.710859126 20.710861641 20.7253555174 20.7253579896 20.8118117779 20.8118132161 20.8256360872 20.8256372509 20.9485820406 20.9485839935 20.9860105839 20.9860123697
110 3.3463557616 3.3471151054 3.4002640364 3.40087449 3.5811264873 3.5817988853 3.6072789905 3.6078722889 4.0552829981 4.0553869764 4.0747370256 4.0750289062 4.1392402639 4.1393489922 4.1519739545 4.1522356966 4.2574400169 4.2577982075 4.4461954225 4.4465039797 4.5379148775 4.5380928842 4.5497507368 4.550280336 4.7547638152 4.7549364 4.771362567 4.7719401676 5.3332172475 5.3335798707 5.3574501461 5.3577035819 5.4762112419 5.4764890801 5.5030525531 5.5033541157 5.525166052 5.5253459364 5.6715999999 5.6716415047 5.764688519 5.7649734045 5.850434229 5.8507004544 5.9987457852 5.9989393999 6.0020913186 6.0023057203 6.2847672752 6.2851197778 6.3028061206 6.3028959313 6.344146123 6.3443352889 6.3468856162 6.346973576 6.354995048 6.3551759195 6.3922109915 6.3923828842 6.4273743495 6.4276439078 6.4434005915 6.443543648 6.850154814 6.8503147242 6.8804738723 6.8805817768 6.9443172894 6.9444373939 6.9471339074 6.9475018186 7.0913739585 7.0915043523 7.0980764071 7.0984551978 7.1368730272 7.1370810829 7.6781818719 7.6783448053 8.3766180221 8.3767180181 8.6131718802 8.6132664525 9.6547346118 9.6547787497 9.6711404612 9.6712797009 9.9311698125 9.9311990499 9.9484839956 9.9485974421 10.5126441569 10.512720362 10.8178461276 10.8179077079 16.332215387 16.3322220322 16.4950274203 16.495035123 16.8535590556 16.8535718458 16.8575218209 16.8575256626 16.8925056301 16.8925100259 16.9287499448 16.928751572 16.9646170848 16.9646292325 17.0496959551 17.0496973126 17.7322661172 17.7322710677 17.7680638496 17.7680681156 17.859674913 17.8596754542 17.8750712002 17.87507769 17.8990612333 17.8990706567 17.9199032393 17.9199089991 17.9270811523 17.9270812714 17.9573065428 17.9573141379 20.6819139917 20.6819141288 20.6983344046 20.6983346574 20.7105154738 20.7105183273 20.7270718265 20.7270746129 20.8116702499 20.8116718364 20.8272242772 20.8272256191 20.9452400496 20.9452422374 20.9878008466 20.9878028965
111 3.3317959393 3.3326453821 3.3922030212 3.3928815909 3.5948316288 3.5955730059 3.6251458832 3.6258032304 4.0511222872 4.0512362641 4.0709796736 4.0713121211 4.1459640506 4.1460840984 4.1582869524 4.1585807908 4.2468319616 4.2472337706 4.4588131597 4.4591528245 4.5252373953 4.5254344502 4.5368608835 4.537444952 4.7683793343 4.7685698849 4.7853370704 4.7859824293 5.3220438565 5.3224518118 5.3460408386 5.3463184021 5.4833657277 5.4836682292 5.5102119512 5.5105408632 5.5135344185 5.5137417031 5.6788634635 5.6789031443 5.7594831881 5.7598013144 5.8553620064 5.8556575562 5.9989493024 5.9991675568 6.0025079054 6.0027505276 6.2778417248 6.2782389423 6.2959927697 6.2960875496 6.3437254809 6.3439327526 6.3464106586 6.3465075343 6.3571985626 6.357402764 6.3973092761 6.3975052312 6.4370375664 6.4373325372 6.4529603799 6.4531204092 6.8489644007 6.8491463218 6.8825313162 6.8826475179 6.9357283444 6.9358622933 6.938317855 6.9387247928 7.1012286994 7.1013600134 7.1025114577 7.1027224525 7.1083991714 7.1088162175 7.7063190871 7.7064922641 8.3660090457 8.3661172966 8.627876317 8.6279802814 9.636799231 9.6368494897 9.653107934 9.6532646072 9.9471646227 9.9471963657 9.9644944649 9.9646188277 10.490599548 10.4906853745 10.8337528062 10.8338204006 16.3246425673 16.3246498724 16.5072186866 16.5072273056 16.8450324292 16.84504664 16.858446225 16.8584504296 16.8977966463 16.8978015276 16.9196654743 16.9196672577 16.9695420452 16.9695554591 17.0552881524 17.0552896034 17.7328022622 17.7328077213 17.7728602921 17.7728650162 17.8547210884 17.854721681 17.8745723321 17.8745796587 17.8950635276 17.8950741111 17.9249923875 17.9249986923 17.930310433 17.9303105627 17.960360325 17.960368701 20.6816801305 20.681680268 20.700138934 20.7001391897 20.7102571788 20.7102603601 20.7288685189 20.7288716065 20.8116681714 20.8116698981 20.8288552731 20.8288567847 20.9418430965 20.9418455123 20.989450018 20.989452326
112 3.3173869889 3.3183240217 3.3846833169 3.3854270037 3.6083178701 3.6091239795 3.6435723055 3.6442904178 4.0470495963 4.0471726225 4.0673060105 4.0676799592 4.152909006 4.153039692 4.1648236616 4.1651492359 4.2364002352 4.2368446659 4.4714684066 4.471837159 4.5127504046 4.5129652353 4.5241811831 4.5248160393 4.7818999132 4.7821073323 4.7992264345 4.7999375986 5.3105667605 5.3110191136 5.3343221208 5.3346217874 5.4903517262 5.4906765877 5.5013165679 5.5015589478 5.5174066887 5.5177792812 5.685947744 5.6859859244 5.7543977759 5.754748057 5.8601875112 5.8605112592 5.9992004184 5.9994433501 6.0029163859 6.003187023 6.2712760859 6.271717275 6.2895331022 6.2896314711 6.3431807691 6.343398283 6.3461815965 6.3462906636 6.3596489079 6.3598762731 6.402704133 6.4029242314 6.4466420868 6.446960463 6.4624677079 6.4626437932 6.8479281527 6.8481322214 6.8845438963 6.8846668392 6.927191748 6.9273392097 6.9295609463 6.9300048082 7.0684649789 7.0687230782 7.1114065764 7.111568328 7.1185819919 7.1190408224 7.7326484224 7.7328279081 8.3569651044 8.3570795605 8.6423471464 8.6424598428 9.6188680463 9.618924469 9.635076413 9.6352502166 9.9629415136 9.9629755108 9.9802833363 9.9804177905 10.468234379 10.4683297099 10.8492699181 10.8493430944 16.3174109495 16.3174188679 16.5195463616 16.5195558699 16.8363784246 16.8363939913 16.8596964127 16.8597009438 16.9034088812 16.903414225 16.9104625863 16.9104645092 16.9741873717 16.9742019687 17.060604898 17.0606064213 17.7336554216 17.7336613581 17.7778998446 17.7779049961 17.8497356454 17.8497362869 17.8743148409 17.8743229906 17.8910733214 17.8910850481 17.9303155137 17.9303223263 17.9334203701 17.9334205126 17.9633388306 17.9633479385 20.6815305313 20.681530671 20.7020219134 20.7020221706 20.710081568 20.7100850652 20.7307419436 20.7307453186 20.8118091116 20.81181097 20.8305213827 20.8305230536 20.9383987739 20.938401411 20.9909547135 20.9909572726
113 3.3031495544 3.3041712544 3.3776935621 3.3784990499 3.6215712926 3.6224376451 3.6625492194 3.6633245564 4.0430596144 4.0431906826 4.0637102321 4.0641265211 4.1600817668 4.1602224776 4.1715879466 4.171944631 4.22615276 4.2266384543 4.4841357982 4.484531675 4.5004684978 4.500699284 4.5117352996 4.5124166239 4.7953071887 4.7955303157 4.8130127157 4.8137874715 5.2987827027 5.2992782266 5.3222919235 5.3226116022 5.488758797 5.4890363698 5.4972619136 5.4976049217 5.5243161807 5.5247231143 5.6928375589 5.6928778413 5.7494676019 5.7498487373 5.8649042814 5.8652550496 5.9994927524 5.9997602345 6.0033121942 6.0036104254 6.2650843782 6.2655684867 6.2834409687 6.2835416045 6.3426252805 6.3428543139 6.3460371124 6.3461582609 6.3623497141 6.3625999585 6.4083979448 6.4086420815 6.456165354 6.4565051131 6.4719006088 6.4720916458 6.847060103 6.847286345 6.8864949637 6.8866227258 6.9187056618 6.9188662435 6.9208616662 6.9213402611 7.034861972 7.0351448208 7.1215706558 7.1217481061 7.1289569254 7.1294519437 7.7568227099 7.7570038809 8.349827426 8.3499457249 8.6565673105 8.6566880594 9.6009562753 9.6010188679 9.6170613779 9.6172519109 9.9784900701 9.9785260755 9.9958403339 9.995984035 10.4455538675 10.4456585409 10.8643957187 10.8644740343 16.3105206025 16.3105290859 16.5319891411 16.5319995067 16.8276087654 16.8276256167 16.8612595946 16.8612644135 16.9011534584 16.9011555033 16.9093278416 16.9093336224 16.9785478609 16.9785635507 17.0656404561 17.0656420305 17.7348182843 17.7348246639 17.7831679488 17.7831734951 17.8447319561 17.8447326432 17.8742891105 17.8742980655 17.8871020272 17.8871148744 17.9358612132 17.935868495 17.9364136425 17.9364138045 17.9662434416 17.9662532308 20.6814621767 20.6814623199 20.7039792471 20.7039795045 20.7099857046 20.7099895042 20.7326880711 20.7326917183 20.8120962367 20.8120982181 20.8322147399 20.832216558 20.9349150347 20.9349178866 20.9923117919 20.9923145935
114 3.2891036143 3.2902066547 3.3712213721 3.3720850472 3.6345792512 3.6355011415 3.6820666204 3.6828954084 4.0391474571 4.0392855131 4.0601869914 4.0606463232 4.1674876246 4.1676380346 4.1785761816 4.1789626103 4.216105795 4.2166305611 4.4883786025 4.4886275745 4.4964930811 4.4968966323 4.499907062 4.5005682325 4.8085825803 4.8088202034 4.8266779158 4.8275138015 5.2866896735 5.2872268492 5.309949663 5.31028721 5.4758640357 5.4761743755 5.5039476393 5.5043080467 5.5310822266 5.5315218099 5.6994952379 5.6995479708 5.7447482558 5.7451586866 5.8695065482 5.8698831109 5.9998187737 6.0001104665 6.003691366 6.0040165481 6.2592787221 6.259804385 6.2777284255 6.2778300793 6.3421068879 6.342352705 6.3458782683 6.3460093307 6.3653031932 6.3655759037 6.4143912153 6.4146590909 6.4655858517 6.4659449626 6.4812380105 6.4814427279 6.84637524 6.8466235644 6.8883574447 6.888487404 6.9102691528 6.9104422666 6.9122194373 6.9127305683 7.0017392191 7.0020470247 7.1318349617 7.1320277024 7.1394279518 7.1399563272 7.7784631651 7.7786407427 8.3449695584 8.3450892415 8.6705216653 8.6706497725 9.5830795677 9.5831482958 9.5990787627 9.5992855242 9.9938000171 9.9938377911 10.0111553315 10.0113074204 10.4225632654 10.422677074 10.8791287142 10.8792117188 16.3039704514 16.3039794504 16.5445249982 16.5445361843 16.8187356812 16.818753739 16.8631219594 16.8631270256 16.8917508207 16.891752969 16.9155376346 16.9155438245 16.9826189589 16.9826356448 17.0703896221 17.0703912265 17.7362823897 17.7362891746 17.7886491894 17.7886550966 17.8397239902 17.8397247194 17.8744846899 17.8744944283 17.8831614134 17.8831753524 17.9392931926 17.9392933816 17.9416171516 17.9416248651 17.9690757661 17.9690861848 20.6814717986 20.6814719465 20.7060064663 20.7060067226 20.7099664073 20.7099704945 20.7347025051 20.7347064085 20.8125322943 20.8125343902 20.8339272744 20.8339292254 20.9314002396 20.9314033 20.9935183589 20.9935213934
115 3.275268412 3.2764490738 3.3652533752 3.3661713473 3.6473304309 3.6483029667 3.7021135417 3.7029917967 4.0353086932 4.0354526478 4.0567314262 4.0572343247 4.1751273263 4.1752883332 4.1857479301 4.1861583528 4.2063192629 4.206876345 4.4765410492 4.4768022726 4.487397925 4.488158522 4.5096732698 4.5101151851 4.8217072597 4.8219581285 4.8402039938 4.8410983132 5.2742870009 5.2748640205 5.2972963651 5.2976495977 5.4625283263 5.4628726744 5.5105128004 5.5108875174 5.5377041471 5.5381747688 5.705832793 5.7059179513 5.7403439098 5.7407817384 5.8739892871 5.8743903739 6.0001699594 6.0004852708 6.00405056 6.0044018247 6.2538692633 6.2544348026 6.272405655 6.2725071643 6.3416106231 6.3418798277 6.3456635551 6.3458021905 6.3685101053 6.3688047334 6.4206821168 6.420973232 6.4748831989 6.475259628 6.4904598215 6.490676806 6.8458896707 6.8461598653 6.8900692392 6.8901976108 6.9018841058 6.9020682561 6.903636642 6.9041783398 6.9692157911 6.9695501826 7.142195045 7.1424026809 7.1499875082 7.1505462064 7.7971808135 7.7973490316 8.3427757298 8.342894685 8.6841967323 8.6843314927 9.5652540299 9.5653288156 9.5811449788 9.5813673668 10.0088612153 10.0089005254 10.0262183468 10.0263779541 10.399267841 10.3993905324 10.8934676591 10.8935548964 16.297758313 16.297767777 16.5571312536 16.557143219 16.8097719548 16.8097911351 16.8652687273 16.8652739992 16.8822679695 16.8822702022 16.92202103 16.9220275994 16.9863968566 16.9864144358 17.0748478054 17.0748494193 17.7380381582 17.7380453078 17.7943273487 17.7943335819 17.834726197 17.8347269644 17.8748901927 17.874900687 17.879263632 17.8792786265 17.942062577 17.9420628036 17.9475696724 17.9475777781 17.9718375657 17.9718485608 20.6815558986 20.6815560519 20.7080987434 20.7080989972 20.7100202717 20.7100246305 20.7367804972 20.7367846398 20.8131195986 20.8131218002 20.8356506639 20.8356527315 20.9278632204 20.9278664835 20.9945717723 20.9945750289
116 3.2616623948 3.2629165811 3.3597752542 3.3607433795 3.6598148879 3.6608330201 3.7226780531 3.7236016032 4.0315393702 4.0316881112 4.0533391849 4.0538859554 4.1829675068 4.1831505105 4.1924083103 4.19267686 4.1976974848 4.1981084281 4.4649319773 4.4652049897 4.4756890176 4.4764848149 4.5223396979 4.5228019845 4.8346620948 4.8349249343 4.8535728686 4.854522707 5.2615754393 5.2621902108 5.2843347983 5.2847015073 5.4487600978 5.4491385363 5.5169453621 5.5173317181 5.5441855523 5.5446854629 5.7116224787 5.7117762251 5.7364950766 5.7369578268 5.8783482623 5.878772559 6.0005369862 6.0008750423 6.0043870574 6.0047633124 6.2488641142 6.2494675427 6.2674809007 6.2675812002 6.3410660408 6.3413647631 6.3454006721 6.3455452092 6.371969742 6.3722855996 6.4272660012 6.4275796564 6.4840382294 6.4844299466 6.4995470084 6.4997747314 6.8456207354 6.8459124658 6.8913397638 6.8914855523 6.8936008327 6.8937790213 6.8951529433 6.8957215577 6.9375518565 6.9379198813 7.1526459052 7.1528679923 7.1606291102 7.1612149065 7.8126115919 7.8127645467 8.3436054965 8.343722664 8.6975804912 8.697721193 9.5474962492 9.5475769684 9.5632769394 9.5635142499 10.0236636576 10.0237042785 10.0410195365 10.0411857871 10.3756728622 10.3758041385 10.9074115505 10.907502561 16.2918809359 16.2918908137 16.5697846492 16.5697973481 16.8007309507 16.8007511637 16.8676842167 16.8676896516 16.8727188021 16.8727210997 16.9287595127 16.9287664299 16.9898785909 16.9898969554 17.0790111204 17.0790127244 17.7400749263 17.7400823976 17.8001854641 17.8001919875 17.8297533735 17.829754175 17.8753838946 17.8753958219 17.8755337865 17.8755425859 17.9447253994 17.9447256731 17.9537043277 17.953712786 17.9745306865 17.9745422041 20.6817107691 20.6817109282 20.7101436098 20.7101482201 20.710250986 20.7102512445 20.7389169635 20.7389213277 20.8138600164 20.8138623152 20.8373762633 20.8373784293 20.9243133644 20.9243168253 20.9954696466 20.9954731135
117 3.2483031612 3.2496264122 3.3547717916 3.3557856979 3.6720240777 3.6730826306 3.7437472491 3.744711757 4.0278360383 4.0279884426 4.0500064511 4.0505971417 4.1861388144 4.1867571204 4.1914911693 4.1916969919 4.201683498 4.2021367378 4.4535684347 4.4538516451 4.4642242759 4.4650491937 4.5350004553 4.5354804639 4.847427559 4.8477010849 4.8667664062 4.8677686482 5.2485572623 5.2492074153 5.2710696246 5.2714475849 5.4345533438 5.4349655782 5.5232471624 5.5236425472 5.550530026 5.5510573269 5.7162072436 5.7164942879 5.7338668553 5.7343482084 5.8825800622 5.8830262111 6.0009099507 6.0012695769 6.0046987426 6.0050986763 6.2442693109 6.2449083404 6.2629604157 6.2630585464 6.3403421677 6.3406716576 6.345152663 6.3453012539 6.3756799219 6.3760161783 6.4341348862 6.434470185 6.4930330564 6.4934380411 6.508481661 6.5087185081 6.8455868842 6.8458997068 6.8851952387 6.8854182147 6.8865296749 6.8871036927 6.8909730038 6.8911043203 6.9084670903 6.90890156 7.1631813127 7.1634173472 7.171345388 7.1719548926 7.8244620367 7.8245942234 8.3477478757 8.3478640714 8.7106622064 8.7108081346 9.5298233191 9.5299097985 9.5454920829 9.5457435094 10.0381974657 10.0382391804 10.0555491919 10.0557212093 10.3517835798 10.3519230977 10.9209596231 10.9210539455 16.2863340445 16.2863442847 16.5824614238 16.5824748063 16.7916266361 16.7916477871 16.8631177634 16.8631201066 16.8703519837 16.8703575386 16.9357333493 16.9357405815 16.9930621486 16.9930811858 17.0828764842 17.0828780602 17.7423809857 17.7423887334 17.8062058875 17.8062126648 17.8248205208 17.8248213516 17.8716406541 17.8716576363 17.8762866692 17.8762985859 17.9472855168 17.9472858461 17.9600056387 17.9600144102 17.977156996 17.9771689815 20.6819325143 20.6819326793 20.7103328484 20.7103376974 20.7124574925 20.7124577379 20.741106503 20.7411110702 20.8147549557 20.8147573433 20.8390950029 20.8390972465 20.9207607295 20.9207643842 20.9962098588 20.9962135229
118 3.2352074152 3.2365949263 3.3502269204 3.3512820331 3.6839508703 3.6850445717 3.7653072164 3.7663082 4.0241957735 4.0243507196 4.0467299679 4.0473643339 4.1771550768 4.177822716 4.1997303441 4.1998975187 4.2095632935 4.2100611914 4.4424607073 4.4427523754 4.4530298364 4.4538786974 4.547622028 4.5481172937 4.8599835867 4.8602665225 4.879766382 4.880817733 5.2352363673 5.2359192598 5.2575075854 5.2578945647 5.4199017867 5.4203471897 5.5294204804 5.5298223308 5.5567405948 5.5572932453 5.7181280387 5.7185829407 5.7339702376 5.7344307649 5.8866821232 5.8871487222 6.0012786095 6.0016583229 6.0049840646 6.0054061534 6.2400887863 6.2407608402 6.2588484256 6.2589435429 6.339262106 6.3396147929 6.3450226097 6.3451711182 6.3796369968 6.3799926786 6.4412769239 6.4416327814 6.5018511207 6.5022673673 6.5172470473 6.5174913479 6.8458059384 6.8461393958 6.8721403007 6.8724358338 6.8769766723 6.877207983 6.8782373483 6.8788302887 6.8981371207 6.8984291518 7.1737936512 7.1740430654 7.1821277256 7.1827574122 7.8325553457 7.8326623216 8.3553753931 8.3554937418 8.7234322803 8.7235827199 9.5122528635 9.5123448784 9.5278083963 9.5280730309 10.0524528886 10.0524954881 10.0697977351 10.0699746454 10.3276052124 10.3277525841 10.9341113406 10.9342085144 16.2811123888 16.2811229397 16.5951373909 16.5951514034 16.7824735963 16.782495586 16.8534800342 16.853482404 16.8732547212 16.8732603531 16.9429216597 16.9429291725 16.9959465719 16.9959661652 17.0864417196 17.0864432511 17.7449436257 17.7449516028 17.8123703464 17.8123773411 17.8199426896 17.819943545 17.8679416958 17.8679595997 17.877249417 17.877261993 17.9497468942 17.9497472861 17.9664572131 17.9664662582 17.9797183293 17.9797307277 20.6822170713 20.682217242 20.7105838243 20.7105888896 20.7147126702 20.7147129097 20.7433434171 20.743348168 20.8158053543 20.8158078224 20.8407972431 20.8407995414 20.9172161993 20.917220045 20.9967905541 20.9967944013
119 3.2223909301 3.2238375711 3.346123778 3.3472153476 3.6955895533 3.6967130633 3.7873429666 3.7883758188 4.0206162003 4.0207725797 4.0435070625 4.0441845342 4.1680554896 4.1687568321 4.2083950616 4.208566202 4.2178555527 4.218382355 4.4316181559 4.4319164784 4.4421180332 4.4429856795 4.560184207 4.5606922761 4.8723093502 4.8726004467 4.8925544062 4.8936514162 5.2216184101 5.2223311338 5.2436577465 5.2440515116 5.4047999276 5.4052775531 5.5354671247 5.5358729331 5.5628196088 5.5633954361 5.7169305116 5.7174682352 5.7373481074 5.7377315292 5.8906527418 5.8911383424 6.0016326317 6.0020306448 6.0052419833 6.0056845034 6.2363243584 6.2370265877 6.2551471055 6.2552384852 6.337657811 6.3380225716 6.345091139 6.3452351573 6.3838358706 6.3842098624 6.4486758684 6.4490510241 6.5104772223 6.5109027463 6.5258276555 6.5260777129 6.8433835016 6.8437408066 6.8463826063 6.8467294781 6.8687718528 6.8690154361 6.8698321415 6.8704522834 6.898631355 6.8988591023 7.1844738327 7.1847359936 7.1929661327 7.1936123678 7.8368626351 7.8369417635 8.366513295 8.3666386023 8.7358821278 8.7360363671 9.4948030618 9.4949003338 9.5102444387 9.5105212728 10.0664203012 10.0664635848 10.0837557141 10.0839366502 10.3031429337 10.3032977273 10.9468663879 10.9469659549 16.276209796 16.2762206062 16.6077880194 16.6078026045 16.7732870437 16.773309769 16.8438212961 16.843823674 16.8763745734 16.8763802397 16.9503024932 16.9503102516 16.9985320609 16.9985520912 17.0897056602 17.0897071329 17.7477491791 17.7477573369 17.8151348081 17.8151356832 17.8186600178 17.8186671934 17.8643316789 17.8643504442 17.8783718357 17.8783850285 17.952113535 17.9521139948 17.9730417785 17.9730510575 17.9822164557 17.9822292114 20.682560231 20.682560407 20.7108925053 20.7108977665 20.7170103847 20.7170106172 20.7456217317 20.7456266466 20.8170116707 20.8170142111 20.842472572 20.8424748994 20.9136916944 20.91369573 20.9972101518 20.9972141672
120 3.2098685198 3.2113688558 3.3424447643 3.3435678952 3.7069358231 3.7080837626 3.8098383086 3.8108983142 4.0170955138 4.0172522432 4.040335673 4.0410553275 4.1591006829 4.1598316252 4.2173471122 4.2175214989 4.22645927 4.2270113889 4.4210495288 4.4213526761 4.4314984975 4.4323797401 4.5726681819 4.5731866034 4.8843829175 4.8846809758 4.9051117855 4.9062508789 5.207710994 5.2084503777 5.2295318441 5.2299301628 5.3892432582 5.3897518526 5.5413882676 5.5417955938 5.5687687107 5.5693654225 5.7142447978 5.7148145132 5.7423382756 5.7426589691 5.8944910707 5.8949941765 6.0019618518 6.0023760898 6.0054719022 6.0059329474 6.232975731 6.2337050346 6.2518565684 6.2519436131 6.3354081011 6.3357784344 6.3453752971 6.3455138394 6.3882700291 6.3886610771 6.4563105598 6.4567035939 6.5188975363 6.5193303804 6.5342092232 6.5344633427 6.8148434654 6.8152153942 6.8471005272 6.8474724422 6.86063604 6.8608916933 6.8615401273 6.8621715874 6.8998673112 6.9000771749 7.1952112385 7.1954854465 7.203849178 7.2045082532 7.8375067196 7.8375583867 8.381036006 8.3811731457 8.7480040695 8.7481614032 9.477492672 9.4775948673 9.4928193623 9.4931072894 10.0800902034 10.080133979 10.0974137966 10.097597902 10.2784018639 10.2785636043 10.9592246606 10.959326167 16.2716192275 16.2716302462 16.6203885142 16.6204036114 16.7640828187 16.7641061732 16.8341578849 16.8341602533 16.879693056 16.8796987152 16.957852911 16.9578608792 17.000820072 17.0008404182 17.0926682562 17.0926696578 17.750783071 17.7507913599 17.8104115499 17.8104124395 17.8250555566 17.8250628768 17.8608215198 17.8608410824 17.8796397528 17.8796535182 17.9543894134 17.9543899448 17.9797411178 17.9797505896 17.9846531563 17.9846662121 20.68295766 20.6829578406 20.7112546744 20.7112601103 20.7193443062 20.7193445309 20.7479352202 20.7479402788 20.8183738762 20.818376481 20.8441095211 20.844111849 20.9102004628 20.9102046893 20.9974673528 20.9974715202
121 3.1976540185 3.1992023328 3.3391716039 3.3403212842 3.7179867646 3.719153743 3.8327756165 3.8338579644 4.0136325062 4.0137885386 4.0372143823 4.0379749196 4.1503213372 4.1510787473 4.2265796234 4.2267561944 4.2353605889 4.2359356448 4.4107630168 4.4110691611 4.4211796015 4.4220692473 4.5850549928 4.5855813256 4.8961807219 4.8964846221 4.9174192822 4.9185967922 5.1935239601 5.1942865678 5.2151447952 5.2155454321 5.3732283129 5.3737663288 5.5471844102 5.5475908942 5.5745888362 5.5752040331 5.711161401 5.7117514186 5.7478453768 5.7481293289 5.8981971026 5.8987161666 6.0022565107 6.0026846424 6.0056735964 6.0061511055 6.230040507 6.2307935552 6.2489748655 6.2490571106 6.3324195445 6.3327940432 6.3458535745 6.3459880217 6.3929315835 6.3933382999 6.4641544469 6.4645637992 6.527099613 6.5275378531 6.5423787521 6.5426352681 6.7871226057 6.787508493 6.8480377992 6.8484368373 6.852646932 6.8528985548 6.8534201522 6.8540251041 6.9011923239 6.9013940696 7.2059936761 7.206279165 7.2147639513 7.2154321158 7.8347354675 7.8347677555 8.3986919622 8.398844399 8.7597912389 8.7599509703 9.4603410533 9.460447782 9.4755529334 9.4758507518 10.0934532201 10.0934973038 10.110762755 10.1109491869 10.2533870727 10.2535552427 10.9711862546 10.9712892525 16.2673328382 16.2673440151 16.6329138997 16.6329294454 16.7548773841 16.7549012589 16.8245067293 16.8245090714 16.8831911845 16.8831967964 16.9655490731 16.9655572148 17.0028134072 17.0028339473 17.0953306766 17.0953319971 17.7540298708 17.7540382407 17.8057871077 17.8057880065 17.8315372164 17.8315446454 17.857421282 17.8574415728 17.8810388147 17.8810531054 17.956578412 17.9565790172 17.9865294752 17.9865387795 17.9870371684 17.9870501279 20.6834049205 20.6834051052 20.7116660135 20.7116716019 20.7217078741 20.7217080902 20.7502774279 20.7502826095 20.8198914486 20.8198941098 20.8456951721 20.8456974692 20.9067574775 20.9067618981 20.997561146 20.9975654486
122 3.185760268 3.1873505862 3.3362854113 3.3374565426 3.7287408209 3.7299214627 3.8561354013 3.8572351879 4.010226603 4.0103809393 4.03414247 4.0349421931 4.1417285958 4.1425093915 4.2360934501 4.2362712403 4.2445578356 4.2451535965 4.4007662674 4.4010736102 4.4111687974 4.4120616922 4.5973251766 4.5978570007 4.9076767356 4.9079854739 4.9294566953 4.9306689058 5.1790698598 5.1798519785 5.2005154809 5.2009161848 5.3567526733 5.3573182851 5.5528553854 5.5532587596 5.5802802281 5.5809114166 5.7080768585 5.7086832686 5.7534948619 5.7537576993 5.9017716369 5.9023050605 6.0025074677 6.0029469537 6.0058471446 6.0063389414 6.2275142107 6.228287472 6.2464979964 6.246575117 6.3285973397 6.3289768357 6.3464978663 6.3466297621 6.3978113247 6.3982321951 6.4721751794 6.4725991695 6.535072363 6.5355141142 6.5503245078 6.550581807 6.7605184017 6.7609138015 6.8442042336 6.8444664102 6.8449978858 6.8456064133 6.8502052324 6.8506238328 6.9024942064 6.9026909229 7.2168073511 7.2171032892 7.2256960436 7.2263695374 7.8288763603 7.8289134841 8.4191466747 8.4193159511 8.7712375009 8.7713989451 9.4433681866 9.443479002 9.4584655497 9.4587719675 10.1065000976 10.1065443135 10.1237934189 10.1239813516 10.2281036199 10.2282776617 10.982751454 10.982855503 16.2633420388 16.2633533249 16.6453391025 16.6453550307 16.7456878101 16.7457120946 16.8148853335 16.814887634 16.8868495494 16.8868550757 16.9733663294 16.973374608 17.0045162923 17.0045369047 17.0976954058 17.0976966376 17.7574733462 17.7574817468 17.8012750707 17.8012759734 17.8380848547 17.8380923573 17.8541402061 17.8541611506 17.8825544131 17.8825691791 17.9586842649 17.9586849446 17.9893440872 17.9893575823 17.9934120327 17.9934217769 20.6838974918 20.6838976796 20.7121221238 20.7121278419 20.7240943227 20.7240945296 20.7526416979 20.7526469816 20.8215633673 20.8215660772 20.8472146149 20.8472168463 20.90337998 20.9033846005 20.9974908162 20.9974952365
123 3.1741991134 3.175825229 3.3337667594 3.3349541878 3.7391977526 3.7403867228 3.8798954937 3.8810077087 4.0068779313 4.0070296324 4.031120007 4.0319568059 4.1333301237 4.1341310385 4.2458905709 4.2460687111 4.2540521462 4.2546663116 4.3910663943 4.3913731937 4.401472725 4.4023638009 4.609458679 4.609993607 4.9188411521 4.9191538924 4.9412021194 4.942445316 5.164364765 5.1651623732 5.1856679889 5.186066465 5.3398149527 5.3404060745 5.5584003766 5.5587984779 5.5858424584 5.5864870647 5.7051509686 5.7057712165 5.7591506343 5.7594010545 5.9052162348 5.9057623663 6.0027063682 6.003154525 6.0059928794 6.0064967261 6.2253903186 6.2261800887 6.2444199273 6.2444917462 6.3238353023 6.3242210824 6.3472842972 6.3474145965 6.4028987901 6.4033321813 6.4803343038 6.4807711518 6.5428060275 6.5432494503 6.5580359991 6.5582925416 6.7351981032 6.7355992756 6.8363164097 6.8365837597 6.8369599071 6.8375734649 6.8519794449 6.8524016222 6.9037373911 6.9039301505 7.2276368549 7.2279423453 7.2366295421 7.2373046301 7.8203057918 7.8203641302 8.442029236 8.4422152302 8.7823373817 8.7824998672 9.4265946926 9.4267090918 9.4415782563 9.4418918967 10.1192216897 10.1192658689 10.1364964618 10.1366850869 10.2025567792 10.2027360942 10.9939207186 10.9940253873 16.2596375615 16.2596489085 16.6576390355 16.6576552781 16.7365317522 16.7365563348 16.8053117498 16.8053139946 16.8906483943 16.890653799 16.981279315 16.9812876942 17.0059344404 17.0059550048 17.0997663297 17.0997674677 17.7610965195 17.7611049008 17.7968882449 17.7968891462 17.8446778494 17.8446853919 17.8509867828 17.8510083011 17.884171738 17.8841869267 17.9607105068 17.9607112603 17.9916034051 17.9916170436 18.0003412336 18.0003510622 20.6844307898 20.6844309799 20.7126185455 20.7126243702 20.7264967085 20.7264969057 20.7550211977 20.7550265621 20.8233881094 20.8233908603 20.8486502113 20.8486523389 20.9000882154 20.9000930448 20.9972559528 20.9972604724
124 3.1629814054 3.1646369073 3.3315957513 3.3327942982 3.7493585884 3.7505506172 3.9040293774 3.9051488503 4.0035874886 4.0037356942 4.0281480694 4.0290194043 4.12513471 4.1259521434 4.2559728544 4.25615056 4.2638452311 4.2644753746 4.3816699903 4.381974593 4.3920972587 4.3929815825 4.6214348529 4.6219705418 4.9296382363 4.9299543853 4.9526305947 4.9539011226 5.1494297244 5.1502384238 5.1706336458 5.1710275043 5.3224147714 5.3230290764 5.5638179441 5.5642087256 5.5912744574 5.5919298408 5.7024660801 5.7030978372 5.7647532384 5.7649962089 5.9085331603 5.9090902952 6.002845756 6.0032998308 6.0061113705 6.0066250285 6.2236602953 6.2244627291 6.2427326155 6.2427991138 6.3180185291 6.31841167 6.3481937515 6.348322875 6.4081823403 6.4086265104 6.4885871102 6.4890349552 6.5502921355 6.5507354415 6.5655039321 6.5657582684 6.7113109897 6.7117144332 6.8283850241 6.8286469625 6.8289845625 6.8295595144 6.8543434361 6.8547774386 6.9049068005 6.9050958819 7.2384651656 7.2387792482 7.24754704 7.2482200447 7.8094018142 7.8094837358 8.4669705391 8.4671719826 8.793086005 8.7932488764 9.4100418469 9.4101592719 9.424912757 9.4252321653 10.1316088527 10.1316528289 10.1488604272 10.1490489204 10.1767541418 10.1769380705 11.0046946704 11.004799538 16.2562095263 16.2562208876 16.6697886816 16.6698051684 16.7274274205 16.7274521892 16.7958045433 16.7958067196 16.8945676929 16.8945729426 16.9892620476 16.9892704911 17.0070750998 17.0070954985 17.1015488098 17.1015498511 17.7648817252 17.7648900379 17.792638502 17.7926393968 17.847965864 17.8479878682 17.8512979583 17.8513055115 17.8858758488 17.885891405 17.9626604298 17.9626612547 17.9938048559 17.9938185808 18.007307181 18.0073170534 20.6850001872 20.6850003788 20.7131507778 20.7131566851 20.7289079379 20.7289081249 20.7574089466 20.7574143703 20.8253636479 20.8253664321 20.8499806237 20.8499826063 20.8969064005 20.8969114507 20.9968564583 20.9968610583
125 3.1521170106 3.1537953108 3.3297520943 3.3309565865 3.7592255673 3.760415473 3.9285023859 3.929623631 4.0003576962 4.0005016772 4.0252293146 4.0261321858 4.1171560549 4.1179858572 4.266341673 4.2665182398 4.2739386009 4.2745821572 4.3725831615 4.3728840434 4.3830475426 4.3839203615 4.6332324982 4.6337666612 4.9400227011 4.9403420254 4.9637115207 4.9650058423 5.1342935338 5.135108405 5.155454457 5.1558411188 5.3045527277 5.3051876692 5.5691060577 5.5694875994 5.5965745468 5.5972380133 5.7000754757 5.7007164091 5.7702717839 5.770510196 5.9117253106 5.9122916924 6.002919129 6.0033763735 6.0062034463 6.0067247312 6.2223136331 6.2231247777 6.2414260399 6.241487369 6.3110313123 6.3114324824 6.3492104117 6.3493384446 6.4136492447 6.414102354 6.4968826802 6.4973395965 6.5575234469 6.5579649046 6.5727201183 6.5729709023 6.6889958939 6.6893981989 6.8204946735 6.8207481697 6.8211031495 6.8216185583 6.8572263168 6.8576712336 6.9059950604 6.9061803828 7.2492736655 7.2495953184 7.2584296594 7.259096994 7.7965108593 7.7966151201 8.4936282854 8.4938432368 8.8034790363 8.8036416557 9.3937315903 9.3938514306 9.4084914213 9.4088150737 10.1436488317 10.1436923796 10.1506670964 10.1508540531 10.1609144115 10.1611017041 11.0150740804 11.0151787375 16.2530475109 16.2530588411 16.6817631754 16.6817798351 16.7183935415 16.7184183848 16.7863827477 16.7863848445 16.8985872248 16.8985922893 16.9972880186 16.9972964912 17.0079470892 17.0079672084 17.1030497392 17.1030506833 17.7688106689 17.7688188649 17.7885366407 17.7885375239 17.8450882227 17.845110636 17.8579197455 17.8579272678 17.8876517498 17.8876676166 17.9645370462 17.9645379393 17.9959491483 17.9959629065 18.014288607 18.0142984863 20.6856010327 20.6856012249 20.7137142969 20.7137202628 20.7313207961 20.7313209728 20.7597978442 20.7598033058 20.8274874501 20.8274902597 20.8511796052 20.8511813992 20.8938639277 20.8938692127 20.9962925578 20.9962972189
126 3.1416148276 3.143309191 3.3282151764 3.3294204766 3.7688020737 3.769984785 3.9532609745 3.9543776626 3.9971950598 3.997334529 4.0223699644 4.0233008058 4.1094194746 4.1102564953 4.2769977111 4.2771725162 4.2843331599 4.284987427 4.3638116109 4.3641074466 4.3743280374 4.3751848201 4.6448299284 4.6453603465 4.9499333709 4.9502561899 4.9744033583 4.9757180684 5.1189983875 5.1198136744 5.1401891517 5.1405656759 5.2862303671 5.2868831996 5.5742621336 5.5746326524 5.6017404774 5.6024092934 5.6980200592 5.6986677813 5.7756875304 5.7759230422 5.9147961373 5.9153699597 6.0029209556 6.003378683 6.0062702401 6.0067970533 6.2213378916 6.2221537208 6.2404882343 6.2405447288 6.3027678088 6.3031772132 6.3503205022 6.3504473462 6.4192857744 6.4197458978 6.5051641968 6.5056282059 6.5644938795 6.5649318189 6.5796772775 6.579923276 6.6683762494 6.6687741071 6.8126604241 6.8129144859 6.8133167321 6.8137647274 6.8606607222 6.8611147629 6.9069984798 6.9071797866 7.2600421719 7.2603703138 7.2692570879 7.2699152878 7.7819390636 7.7820635206 8.5216995628 8.5219257515 8.8135126325 8.8136743812 9.3776865354 9.3778081313 9.3923372871 9.3926636004 10.1243641028 10.1245552983 10.155348288 10.1553915227 10.172568445 10.1727545899 11.0250598537 11.0251639035 16.2501406209 16.2501518763 16.6935378734 16.6935546336 16.7094493238 16.7094741315 16.7770658159 16.7770678235 16.9026866497 16.9026915022 17.0053301293 17.0053386054 17.0085609656 17.0085806992 17.1042775804 17.1042784287 17.7728644866 17.7728725196 17.7845922646 17.7845931314 17.8423554814 17.8423782076 17.8645256643 17.8645331294 17.8894844702 17.8895005885 17.9663430601 17.9663440167 17.9980364523 17.9980501921 18.0212641386 18.0212739887 20.6862286698 20.6862288617 20.7143045747 20.714310575 20.733727977 20.7337281432 20.7621806996 20.7621861775 20.8297564772 20.8297593044 20.8522146705 20.8522162323 20.8909966843 20.8910022183 20.9955648102 20.9955695127
127 3.1314828107 3.133186385 3.3269641446 3.3281651806 3.7780925664 3.7792631427 3.9781757971 3.9792759719 3.9941402019 3.9942820482 4.0195899012 4.020543915 4.1019784187 4.1028153606 4.2879407896 4.2881133051 4.2950287604 4.2956909062 4.355360886 4.3556507115 4.3659426111 4.3667790805 4.6562050584 4.6567295907 4.9592816171 4.9596091401 4.9846417697 4.9859734049 5.1036124976 5.1044208555 5.1249242643 5.1252870224 5.2674501526 5.2681179544 5.5792830742 5.5796409334 5.6067694698 5.6074408756 5.6963349051 5.6969869685 5.7809874344 5.7812209253 5.9177495601 5.9183289702 6.0028466808 6.0033022931 6.0063132314 6.0068435553 6.2207187326 6.2215351814 6.239905323 6.23995751 6.2931443463 6.2935617078 6.3515114778 6.3516369396 6.4250773007 6.4255424409 6.5133695727 6.5138386517 6.5711984093 6.5716312262 6.5863685172 6.5866086161 6.6495508137 6.6499411143 6.8048951999 6.8051618019 6.8056250688 6.8060085843 6.8646929645 6.8651540015 6.9079155037 6.9080924528 7.2707489843 7.2710824763 7.2800076287 7.2806533818 7.7659497867 7.7660920657 8.5509244118 8.5511594577 8.8231833958 8.8233436762 9.3619299652 9.3620526132 9.3764740555 9.3768013989 10.0978078273 10.0980015688 10.1666802296 10.1667228168 10.1838765554 10.1840604593 11.0346530153 11.0347560747 16.2474775612 16.2474887 16.700614057 16.700638721 16.7050887808 16.7051055698 16.7678735614 16.767875472 16.9068455794 16.9068501969 17.0089274448 17.0089466838 17.0133623841 17.0133708141 17.1052423788 17.1052431346 17.7770238029 17.7770316284 17.7808136838 17.7808145296 17.839771966 17.8397949107 17.8710942293 17.871101608 17.8913591448 17.891375454 17.9680808452 17.9680818596 18.000066608 18.0000802785 18.0282121655 18.0282219513 20.686878455 20.6868786457 20.7149170964 20.7149231067 20.7361221122 20.7361222681 20.7645502601 20.764555733 20.8321671849 20.8321700217 20.8530460655 20.853047356 20.8883480722 20.888353865 20.9946741197 20.9946788435
128 3.1217279981 3.1234338452 3.3259779857 3.3271697786 3.7871025023 3.7882561527 3.9908699834 3.9910154709 4.003273077 4.0043302512 4.0170581266 4.018014977 4.0949654486 4.0957893266 4.2991695346 4.2993393884 4.3060230303 4.3066900901 4.3472372793 4.3475210619 4.3578947838 4.3587069253 4.667335512 4.6678521065 4.9679292826 4.9682642279 4.9943097805 4.995653729 5.0882618376 5.0890522818 5.1097953675 5.1101394043 5.2482154392 5.2488951343 5.5841653116 5.5845090292 5.6116582583 5.6123294817 5.6950520792 5.6957059819 5.7861613127 5.7863931439 5.920589875 5.9211729773 6.0026927494 6.0031437351 6.0063342397 6.0068661004 6.2204399363 6.2212529348 6.2396615494 6.2397101467 6.2821117181 6.2825362713 6.3527715337 6.3528953724 6.4310083967 6.431476498 6.5214324503 6.5219045356 6.577632899 6.5780590575 6.5927853723 6.5930185817 6.6325847043 6.6329647083 6.7972138868 6.7974992057 6.7980322778 6.7983599541 6.8693739471 6.8698396193 6.9087460286 6.9089182409 7.2813709453 7.2817085933 7.2906582641 7.291288439 7.7487656982 7.748923416 8.5810840066 8.5813255496 8.8324883333 8.8326465694 9.3464858267 9.3466087849 9.3609260788 9.3612527877 10.0710078861 10.0712034106 10.1776440659 10.1776858987 10.1948165625 10.1949975541 11.0438546954 11.0439563957 16.2450467089 16.2450576908 16.691908402 16.6919328165 16.7163912819 16.7164080242 16.7588260949 16.7588279022 16.911043648 16.9110480112 17.0090617405 17.0090803901 17.0213555654 17.0213639148 17.1059557521 17.1059564204 17.7772078198 17.7772086405 17.7812688065 17.7812763829 17.8373401639 17.8373632304 17.8776046123 17.8776118767 17.8932610977 17.8932775358 17.9697524307 17.9697534963 18.002039154 18.0020527055 18.035110898 18.0351205855 20.687545775 20.6875459637 20.7155473778 20.7155533736 20.7384958019 20.7384959476 20.7668992413 20.7669046879 20.8347155239 20.8347183619 20.8536270282 20.8536280205 20.8859687314 20.8859747809 20.993621749 20.9936264738
129 3.1123565466 3.1140576741 3.3252356074 3.3264132986 3.7958382554 3.7969703566 3.9879763611 3.9880992943 4.0136884537 4.0146676391 4.0286055388 4.0296119994 4.0888006884 4.0895786342 4.3106801124 4.3108474239 4.3173048185 4.3179736708 4.3394529668 4.3397352449 4.3501886905 4.3509726476 4.6781987489 4.678705451 4.9756448296 4.9759926027 5.0031505103 5.0044957385 5.0732233806 5.0739745556 5.0950293964 5.095347117 5.2285304554 5.2292188357 5.5889048525 5.5892331086 5.6164031376 5.6170714068 5.6942019 5.6948550953 5.7912004853 5.79143066 5.9233216589 5.9239065199 6.002456657 6.002900571 6.0063353534 6.0068667696 6.2204833558 6.2212888564 6.2397392526 6.239785146 6.2696651004 6.2700955932 6.3540893176 6.3542112678 6.4370629406 6.4375319026 6.5292835991 6.5297565876 6.5837936053 6.5842116371 6.5989041288 6.5991296589 6.6175143322 6.6178819822 6.7896314765 6.7899349202 6.7905460085 6.7908283499 6.8747561835 6.8752239369 6.9094910699 6.9096581576 7.2918835166 7.2922240735 7.3011847314 7.3017964042 7.7305733097 7.7307441567 8.6119962269 8.6122419974 8.8414248181 8.8415804573 9.3313787137 9.3315012103 9.3457183402 9.3460427305 10.0439695472 10.0441660695 10.1882312299 10.1882721912 10.2053795927 10.2055570426 11.0526661146 11.0527661023 16.2428361857 16.2428469725 16.6833520172 16.6833760801 16.7274225143 16.7274391384 16.7499437549 16.7499454542 16.9152605793 16.915264673 17.0089776521 17.0089956253 17.0292832212 17.0292914626 17.106430853 17.1064314401 17.7737802061 17.7737809979 17.7855792588 17.7855865469 17.8350612801 17.8350843696 17.8840361602 17.8840432841 17.8951759277 17.8951924317 17.9713594937 17.9713606032 18.0039533409 18.0039667251 18.0419384472 18.0419480028 20.6882260643 20.6882262502 20.7161909811 20.7161969384 20.7408416442 20.7408417801 20.7692203563 20.7692257557 20.8373969396 20.8373997702 20.8539071003 20.8539077905 20.8839132115 20.8839194931 20.9924093345 20.9924140402
130 3.1033737707 3.1050631639 3.3247159215 3.3258747979 3.8043070325 3.805413145 3.9850816141 3.9851959952 4.0112327184 4.0122361311 4.0509011701 4.0517632577 4.0854372895 4.0860583745 4.3224522936 4.3226223204 4.3286311599 4.3293150476 4.3321602001 4.3326237689 4.3428370514 4.3435875403 4.6887722074 4.689267169 4.9820151904 4.9823861114 5.0104632814 5.0117652967 5.059252623 5.0599065171 5.0810299967 5.0813083597 5.2084003018 5.2090940483 5.5934973259 5.5938089692 5.6210000103 5.6216625669 5.6938134771 5.6944633844 5.7960970864 5.7963253532 5.925949671 5.9265343248 6.0021370131 6.0025714584 6.006318804 6.0068477458 6.220828599 6.2216225741 6.2401183784 6.2401625797 6.2558497227 6.2562843617 6.3554537615 6.3555735441 6.4432242173 6.4436919102 6.536852697 6.5373244456 6.5896736892 6.5900821928 6.6033040614 6.6035805154 6.6057411376 6.6060105308 6.7821622586 6.7824791913 6.7831762732 6.7834232915 6.8808916158 6.8813587376 6.9101526089 6.9103141946 7.3022608693 7.302603037 7.3115616133 7.3121520917 7.7115283104 7.7117100788 8.6435103743 8.6437582275 8.8499905556 8.850143069 9.3166338417 9.3167550834 9.3308764227 9.3311968077 10.0166969498 10.0168936638 10.1984336492 10.1984736257 10.2155576153 10.2157309309 11.061088569 11.0611865062 16.2408339305 16.2408444858 16.6749654697 16.6749890829 16.7381594171 16.7381758507 16.7412470787 16.7412486685 16.9194762519 16.9194800653 17.008691438 17.0087086555 17.0371178057 17.0371259082 17.1066823042 17.1066828174 17.7705348951 17.7705356545 17.789934619 17.7899415834 17.832935294 17.8329583064 17.8903684353 17.8903753939 17.8970895967 17.8971061025 17.9729033587 17.972904504 18.0058081445 18.0058213142 18.0486729103 18.0486823019 20.6889148207 20.6889150031 20.7168435316 20.7168494262 20.7431522661 20.7431523928 20.771506346 20.7715116775 20.8402063719 20.840209186 20.853840433 20.85384085 20.8822316459 20.8822381025 20.9910389041 20.9910435706
131 3.0947841857 3.0964548405 3.3243979274 3.3255334445 3.8125167862 3.8135926685 3.9822532214 3.9823597618 4.0086899988 4.0097009686 4.0620964773 4.0628564748 4.0936056863 4.0943575277 4.3247077252 4.3249555682 4.3343370012 4.3346523635 4.3358933938 4.3366269983 4.3409879271 4.3416383975 4.6990334643 4.6995149504 4.9862837399 4.9866966766 5.0140175245 5.0150856526 5.0487265648 5.0491445721 5.0685353083 5.0687495512 5.1878309841 5.1885266869 5.5979380318 5.5982320851 5.6254444373 5.6260985492 5.6939148742 5.69455889 5.8008437022 5.8010696252 5.9284787531 5.9290612064 6.0017335892 6.0021562161 6.0062868252 6.0068112009 6.2214507483 6.2222289157 6.2405382637 6.2406983561 6.2410191235 6.2413004275 6.3568539875 6.3569713134 6.4494750186 6.4499392973 6.5440704155 6.544538739 6.592471628 6.5928187589 6.5953747013 6.5957764006 6.6105485773 6.6107574762 6.7748202405 6.7751445471 6.7759348168 6.776154819 6.8878293437 6.8882930025 6.9107336063 6.9108893445 7.3124759895 7.3128184206 7.321762441 7.3223292861 7.6917607814 7.6919513687 8.6755019891 8.6757499191 8.8581835515 8.8583324348 9.30227701 9.3023961929 9.3164264668 9.3167411757 9.9891939064 9.9893899877 10.2082434884 10.2082823722 10.2253429234 10.225511548 11.069123416 11.0692189811 16.2390277721 16.2390380616 16.6667693148 16.6667923847 16.7327564311 16.732757906 16.7485799334 16.7485961065 16.9236707625 16.923674289 17.0082204587 17.0082368506 17.0448320222 17.0448399558 17.1067261058 17.1067265531 17.7674745118 17.7674752361 17.7943140501 17.7943206586 17.8309610131 17.8309838474 17.8965812725 17.8965880432 17.8989885247 17.8990049671 17.9743850031 17.9743861758 18.0076022819 18.0076151912 18.0552924601 18.0553016561 20.6896076214 20.6896077998 20.7175007318 20.7175065401 20.7454203527 20.7454204708 20.7737500078 20.7737552512 20.8431382516 20.8431410398 20.8533989338 20.8533991409 20.8809565821 20.8809631227 20.989512898 20.9895175054
132 3.0865915557 3.0882365108 3.324260796 3.3253685991 3.8204761247 3.8215177471 3.9795019532 3.979600702 4.0061936457 4.0072061233 4.0599637446 4.0608296327 4.1153952527 4.1163483157 4.3179521095 4.3181824228 4.3290550287 4.3297375429 4.3469506046 4.3471084589 4.3531059201 4.3537630934 4.7089604069 4.7094268018 4.9871732163 4.9876584031 5.0094662376 5.0100889925 5.0457372072 5.0464037119 5.058801389 5.0588971269 5.1668295354 5.1675237097 5.6022219915 5.6024976557 5.6297316884 5.6303746616 5.6945330599 5.6951685704 5.805433178 5.8056561866 5.9309137281 5.9314919653 6.0012473314 6.0016558543 6.0062415356 6.0067592057 6.2222183293 6.2229191634 6.2246658744 6.2250691959 6.2417093358 6.241752665 6.3582792587 6.3583938302 6.4557977381 6.4562564565 6.5508706018 6.5513332608 6.5826818511 6.5830002661 6.6006501274 6.6010362885 6.6158454271 6.6160442645 6.7676197325 6.767945307 6.7688348067 6.7690340319 6.8956127846 6.8960700784 6.9112385111 6.9113881632 7.3225007972 7.3228420972 7.3317598115 7.3323008567 7.6713798602 7.6715772627 8.7078682086 8.7081143514 8.8660020827 8.8661468567 9.2883345518 9.2884508734 9.3023951164 9.302702513 9.9614640289 9.9616586382 10.2176531284 10.2176908172 10.2347280517 10.2348914658 11.0767720597 11.0768649475 16.2374055007 16.2374154919 16.6587841332 16.6588065713 16.7244925769 16.7244939383 16.7586622919 16.758678135 16.9278244862 16.9278277232 17.0075831324 17.0075986391 17.0523988422 17.0524065781 17.1065795164 17.1065799062 17.7646002713 17.7646009581 17.798696486 17.7987027107 17.8291361421 17.8291586972 17.9008596069 17.9008759214 17.9026549223 17.9026614817 17.9758050685 17.9758062597 18.0093342309 18.0093468354 18.0617754336 18.0617844035 20.6903001378 20.6903003115 20.7181583767 20.7181640755 20.7476386771 20.7476387874 20.7759442254 20.7759493608 20.8461864949 20.8461892476 20.8525851155 20.8525851992 20.8800901066 20.8800966188 20.9878341945 20.9878387232
133 3.0787989435 3.0804113131 3.3242839544 3.3253598971 3.8281942195 3.8291977755 3.9768343396 3.9769252818 4.0037642816 4.0047726505 4.0546118598 4.0554880073 4.1409338996 4.1419043023 4.3114952611 4.3117128188 4.3227231631 4.3233679816 4.3595612367 4.3597102539 4.3655809046 4.3662283495 4.7185314143 4.7189812261 4.9831696205 4.9837625156 4.9979240325 4.9983127711 5.048855486 5.0500743184 5.0534067726 5.0536183684 5.145404411 5.1460935027 5.6063439983 5.6066006556 5.6338567928 5.6344859838 5.6956937251 5.696318118 5.8098585207 5.8100779462 5.9332592965 5.9338312843 6.0006803308 6.0010725596 6.0061848625 6.0066936742 6.20721454 6.2076489213 6.2235030079 6.2242397481 6.2428644272 6.242908615 6.3597189585 6.3598304699 6.4621744604 6.4626254855 6.5571918175 6.5576464275 6.5742900025 6.5745909532 6.6057054148 6.6060783138 6.6208888308 6.6210775662 6.7605757548 6.7608971564 6.761890684 6.7620734617 6.904272168 6.9047200607 6.9116780841 6.9118225654 7.3323062808 7.3326450097 7.3415255179 7.3420388858 7.6504777178 7.6506800203 8.740523809 8.7407664395 8.873444672 8.873584883 9.2748332702 9.2749459425 9.2888094498 9.2891079531 9.933510765 9.9337030514 10.2266551715 10.2266915683 10.2437057642 10.2438634848 11.0840359369 11.0841258589 16.2359549386 16.2359646013 16.6510304436 16.6510521671 16.7164758584 16.7164771071 16.7683858109 16.768401257 16.9319181348 16.9319210838 17.0067987851 17.0068133573 17.0597916088 17.0597991199 17.1062609088 17.1062612496 17.761912039 17.7619126863 17.8030606791 17.8030664965 17.8274573696 17.8274795445 17.9026905451 17.9027066649 17.9085698761 17.9085762066 17.9771638768 17.9771650774 18.0110022526 18.0110145093 18.0681004225 18.068109137 20.6909881495 20.690988318 20.7188123669 20.7188179336 20.7498001296 20.749800233 20.778081997 20.7780870052 20.8493444921 20.8493471988 20.8514361317 20.8514361871 20.8795997785 20.8796061518 20.9860061412 20.9860105718
134 3.0714087639 3.0729817703 3.3244471695 3.3254873294 3.8356807099 3.8366426269 3.9742561913 3.9743393476 4.0014114619 4.0024100767 4.0485997221 4.0494658394 4.1675212584 4.168472211 4.305369104 4.3055735229 4.3167247136 4.3173296355 4.3724388656 4.3725815361 4.3783492149 4.378983659 4.7277255435 4.728157407 4.9737867747 4.9745013583 4.9840776635 4.9842694151 5.0506594021 5.0511945102 5.0564484466 5.0570334914 5.1235669706 5.1242473157 5.6102986697 5.6105358857 5.6378145905 5.6384274173 5.697421006 5.6980316841 5.8141128557 5.8143279597 5.9355199301 5.9360836215 6.0000357646 6.0004096392 6.0061185019 6.0066163302 6.1891569702 6.1895866811 6.2248241405 6.2255358468 6.2442303299 6.2442757824 6.3611625903 6.3612707285 6.4685870426 6.4690282685 6.562965303 6.5634070585 6.5672291485 6.567513345 6.6104882553 6.6108469276 6.625661846 6.6258402494 6.7537042781 6.7540169314 6.7551181027 6.7552872338 6.9119106378 6.9120784223 6.9139723106 6.9144001474 7.3418626464 7.3421973205 7.3510306957 7.3515148107 7.6291328564 7.6293382213 8.7733979237 8.7736354507 8.8805100664 8.8806452862 9.2618003583 9.261908622 9.2756968964 9.2759850013 9.9053374142 9.905526519 10.2352424522 10.2352774657 10.2522690572 10.2524206383 11.0909165037 11.0910031881 16.2346640099 16.2346733155 16.6435286079 16.6435495397 16.708726517 16.7087276549 16.7777305436 16.7777455283 16.9359328134 16.9359354795 17.0058874782 17.0059010778 17.0669841455 17.0669914058 17.1057896038 17.1057899037 17.7594084147 17.7594090212 17.8073852453 17.8073906363 17.8259204691 17.8259421637 17.9044695929 17.9044854516 17.9143072861 17.9143133691 17.9784614513 17.9784626521 18.0126044166 18.0126162844 18.0742463628 18.0742547936 20.6916675579 20.6916677209 20.7194587221 20.7194641346 20.751897746 20.7518978434 20.7801564638 20.7801613261 20.8500152623 20.850015355 20.8526050888 20.852607739 20.8794271265 20.8794332722 20.9840325951 20.9840369091
135 3.0644228391 3.0659498442 3.3247306322 3.3257313239 3.8429456041 3.8438625524 3.9717732307 3.9718486822 3.9991423057 4.000125459 4.0424370141 4.0432864256 4.1946003173 4.1955198208 4.2995787294 4.2997695698 4.3110663194 4.3116300743 4.3855695052 4.3857057913 4.3913986974 4.3920172173 4.7365227138 4.7369353923 4.9603756519 4.9611579182 4.9695203524 4.9696001948 5.0527053672 5.0530196348 5.0628014765 5.0636121914 5.1013398479 5.1020072842 5.6140804993 5.614298023 5.641599782 5.6421937349 5.6997371347 5.700331529 5.81818942 5.818399416 5.9376997614 5.938253097 5.9993178234 5.9996714464 6.0060438902 6.0065286803 6.1704427907 6.1708646427 6.2263352657 6.227018238 6.2457792214 6.2458261306 6.3625997904 6.362704236 6.4750171873 6.4754465481 6.5612487369 6.5615159484 6.5682361612 6.5686699949 6.6149974075 6.6153408981 6.6301617832 6.6303296686 6.7470223577 6.7473225476 6.7485339107 6.7486910755 6.9122878378 6.9124190394 6.9244173202 6.9248375084 7.3511394814 7.3514685754 7.3602459818 7.3606995811 7.6074128043 7.6076194609 8.8064313599 8.8066623199 8.8871972259 8.8873270522 9.2492633032 9.2493664425 9.2630851369 9.2633614353 9.87694714 9.8771322007 10.2434080502 10.243441594 10.2604111696 10.2605562014 11.097415222 11.0974984141 16.2335208078 16.23352973 16.636298733 16.6363188022 16.7012644995 16.7012655296 16.7866774372 16.786691899 16.9398500755 16.9398524675 17.0048698225 17.0048824224 17.0739508636 17.0739578487 17.1051856842 17.1051859509 17.7570868385 17.7570874034 17.8116487036 17.8116536543 17.8245204149 17.8245415305 17.9061859124 17.9062014431 17.9198487637 17.9198545825 17.9796975413 17.9796987331 18.0141386294 18.0141500685 18.0801926245 18.0802007446 20.692334399 20.6923345561 20.7200935931 20.7200988302 20.7539247357 20.7539248282 20.7821609373 20.7821656356 20.8483965177 20.8483966774 20.855960555 20.8559631375 20.879503006 20.8795088641 20.9819179749 20.9819221542
136 3.0578424551 3.059316992 3.3251150396 3.3260728246 3.8499991736 3.8508680747 3.9693912306 3.9694591239 3.9969632155 3.9979251692 4.0362751901 4.0371037956 4.2219865068 4.2228682852 4.2941257647 4.2943027431 4.3057505619 4.306272399 4.3989407037 4.399070199 4.4047196025 4.4053194147 4.7449038833 4.7452962687 4.9448947138 4.9456757486 4.9542536189 4.954382395 5.0562974485 5.0565440372 5.0691965811 5.0700361342 5.0789245074 5.0795592436 5.6176839094 5.6178816732 5.6452069785 5.6457796303 5.7026620211 5.7032376052 5.8220815796 5.8222856508 5.939802464 5.9403433731 5.9985316444 5.9988633083 6.0059621567 6.0064319674 6.1512468492 6.1516579487 6.2280015556 6.2286529114 6.2474826297 6.2475309717 6.3640203516 6.364120781 6.4814465063 6.4818619885 6.5563246006 6.556574792 6.5728461303 6.5732655036 6.6192337873 6.6195612047 6.6343887787 6.6345460268 6.7405481958 6.7408329921 6.7421561354 6.7423022424 6.9125276641 6.9126506039 6.9358682688 6.9362712881 7.360105934 7.3604278835 7.3691416895 7.3695638294 7.5853762986 7.5855825351 8.839574392 8.8397974419 8.8935053511 8.8936294072 9.2372497713 9.2373471298 9.2510019871 9.2512651879 9.8483429809 9.8485231346 10.2511453042 10.2511772972 10.2681255946 10.2682637029 11.1035335471 11.1036130089 16.2325136611 16.2325221752 16.6293605708 16.6293797129 16.6941093659 16.6941102921 16.7952083834 16.795222264 16.9436519769 16.9436541065 17.0037667821 17.0037783663 17.080666869 17.0806735561 17.1044697933 17.1044700333 17.7549437147 17.7549442376 17.8158295029 17.8158340045 17.823251518 17.823271958 17.9078295771 17.9078447125 17.9251765361 17.9251820758 17.9808716501 17.9808728239 18.0156026631 18.0156136355 18.0859191001 18.0859268834 20.6929848556 20.6929850067 20.720713274 20.7207183152 20.7558745086 20.7558745973 20.7840889259 20.784093443 20.8466512587 20.8466514972 20.8594025407 20.859405044 20.8797609356 20.8797664711 20.9796673292 20.9796713566
137 3.051668419 3.0530842231 3.3255816769 3.3264933701 3.8568518386 3.8576698722 3.9671160245 3.9671765704 3.99488034 3.9958153701 4.0301716365 4.0309759728 4.2495858812 4.2504255369 4.2890109254 4.2891739393 4.3007850517 4.3012647901 4.4125381954 4.4126603606 4.4183013902 4.4188798398 4.7528512095 4.7532223202 4.9285019583 4.9292524816 4.9383675289 4.938528202 5.0553942424 5.0560230345 5.0607080344 5.0609164751 5.0760928489 5.0769632642 5.6211033033 5.6212814208 5.6486307514 5.6491797672 5.7062127643 5.7067670683 5.8257828677 5.8259801821 5.9418311221 5.9423575198 5.9976832628 5.9979914717 6.0058740117 6.0063270644 6.1317282359 6.1321256634 6.2297922952 6.2304094964 6.2493109656 6.2493605299 6.3654142545 6.3655103421 6.4878565724 6.4882562268 6.552243767 6.5524775771 6.576839684 6.5772427314 6.623198954 6.6235094771 6.6383440277 6.638490584 6.7343011546 6.7345683208 6.7360039531 6.7361394064 6.9127083853 6.9128236622 6.9482582537 6.9486415951 7.3687309055 7.3690441106 7.377687997 7.3780780563 7.5630750527 7.5632792085 8.8727846744 8.8729985735 8.8994342205 8.8995521552 9.2257874766 9.2258784723 9.2394752639 9.2397242118 9.8195278627 9.8197022505 10.2584478266 10.2584781925 10.2754060931 10.2755369385 11.1092729158 11.1093484258 16.2316311975 16.2316392808 16.6227334177 16.6227515744 16.6872801935 16.6872810203 16.8033062649 16.8033195098 16.9473211295 16.9473230111 17.0025994725 17.0026100361 17.087108066 17.0871144338 17.1036629212 17.1036631402 17.7529745508 17.7529750318 17.819905849 17.8199099006 17.8221077677 17.8221274347 17.9093916743 17.9094063465 17.9302734967 17.9302787436 17.9819830652 17.9819842121 18.0169941875 18.0170046571 18.0914062909 18.0914137129 20.6936152686 20.6936154134 20.7213142125 20.7213190382 20.7577407011 20.757740787 20.7859341609 20.7859384801 20.8448410615 20.844841376 20.8629220047 20.862924417 20.8801442087 20.8801494041 20.9772864295 20.9772902886
138 3.0459011174 3.0472521554 3.326112497 3.326975171 3.8635140389 3.8642786488 3.9649534735 3.9650069421 3.9928996948 3.9938021405 4.0241509204 4.0249277207 4.2772717029 4.2780659928 4.2842401424 4.2843896236 4.2962362621 4.2966760408 4.4263448214 4.4264590425 4.4321317813 4.4326863445 4.7603481834 4.7606971619 4.9116764809 4.9123870397 4.9220287278 4.9221996882 5.0320579316 5.0326690636 5.0653783027 5.0655672843 5.0821845109 5.0830429541 5.6243331175 5.6244918806 5.651865683 5.6523888287 5.7104030717 5.7109336974 5.8292870439 5.8294767662 5.9437880814 5.9442978636 5.9967795937 5.9970630816 6.0057794769 6.0062142288 6.1120322037 6.112412952 6.2316765744 6.2322574037 6.2512335869 6.2512840111 6.3667717056 6.3668631268 6.4942289601 6.4946109128 6.5488825304 6.5491003212 6.5802003672 6.5805852347 6.626894804 6.6271876825 6.6420292785 6.6421651467 6.7283017235 6.7285496331 6.7300976276 6.7302225231 6.9128391531 6.9129467943 6.9615684637 6.9619300658 7.3769832568 7.3772860865 7.3858551506 7.3862128297 7.5405551889 7.5407556492 8.9049324847 8.9050425 8.9060811141 8.9062790163 9.2149040289 9.2149881692 9.228532634 9.2287663266 9.7905046127 9.7906723836 10.2653095182 10.2653381854 10.2822467084 10.282369985 11.1146347347 11.1147060879 16.2308624052 16.2308700369 16.6164360134 16.616453133 16.6807954815 16.6807962141 16.810954997 16.8109675555 16.9508407549 16.9508424049 17.0013889555 17.0013985043 17.0932512583 17.093257287 17.1027861839 17.1027863863 17.751174107 17.7511745466 17.8210809182 17.8210997268 17.8238577878 17.8238613868 17.9108643938 17.9108785348 17.9351232619 17.935128204 17.9830308908 17.9830320024 18.0183108016 18.0183207341 18.0966353931 18.0966424302 20.6942221476 20.6942222861 20.7218930209 20.7218976124 20.7595172015 20.7595172855 20.787690621 20.7876947267 20.843015907 20.8430162856 20.8665091099 20.8665114189 20.8806076661 20.8806125142 20.9747818982 20.9747855734
139 3.0405405733 3.0418210725 3.3266901991 3.327501184 3.8699960787 3.8707049794 3.9629094162 3.9629561317 3.9910271601 3.991891472 4.0182239014 4.0189699813 4.2797880424 4.2799228317 4.2915272137 4.291925618 4.3056120159 4.3063530907 4.4403395462 4.440445168 4.4461960819 4.4467243625 4.7673797269 4.7677058351 4.8946264173 4.8952930976 4.9054004039 4.90557024 5.0082799307 5.0088655139 5.0700918712 5.0702634236 5.0879957485 5.0888251073 5.6273678732 5.6275077481 5.6549064172 5.6554015681 5.7152425529 5.7157471881 5.8325881776 5.8327694801 5.9456747753 5.9461658085 5.9958284529 5.996086201 6.0056772229 6.0060925037 6.0922910368 6.0926519002 6.2336229115 6.2341654788 6.253218961 6.2532697632 6.3680831805 6.3681696152 6.5005452726 6.5009077354 6.5461273524 6.546329406 6.5829271242 6.5832920402 6.6303234422 6.6305979939 6.6454466141 6.6455718475 6.7225714422 6.7227990053 6.7244584102 6.7245726779 6.9129266439 6.913026603 6.9757726778 6.9761108223 7.3848320218 7.3851228206 7.3936136788 7.3939389937 7.5178584133 7.5180536048 8.9101437831 8.9102485084 8.9392785652 8.9394710605 9.2046267647 9.2047036603 9.2182014453 9.2184190467 9.7612759769 9.761436292 10.2717245834 10.2717514851 10.28864178 10.2887572141 11.1196203695 11.1196873771 16.2301966916 16.2302038526 16.6104864412 16.6105024781 16.6746730563 16.6746737003 16.8181395599 16.8181513858 16.9541947389 16.9541961753 17.0001560351 17.0001645852 17.0990742453 17.0990799165 17.1018605987 17.1018607882 17.7495365535 17.7495369525 17.8201664216 17.8201842845 17.8276614516 17.8276646058 17.9122411094 17.9122546506 17.9397102274 17.9397148539 17.9840140816 17.9840151498 18.0195500667 18.0195594296 18.1015883799 18.10159501 20.6948021812 20.6948023134 20.7224464853 20.722450825 20.7611981739 20.7611982568 20.7893525562 20.7893564333 20.8412152072 20.8412156344 20.8701530661 20.8701552596 20.881116632 20.8811211309 20.9721613884 20.9721648653
140 3.0355865031 3.0367909787 3.3272983037 3.3280551851 3.876307933 3.8769591148 3.9609896123 3.9610299461 3.9892684125 3.9900891975 4.0123950964 4.0131073239 4.2756844019 4.275805697 4.2876940449 4.2880482766 4.3334998703 4.334194769 4.4544961834 4.4545925461 4.4604763957 4.4609761098 4.7739322304 4.7742348451 4.8774624999 4.8780828022 4.8886131662 4.888775739 4.9841330073 4.984689497 5.0746762557 5.0748325279 5.093442617 5.0942330955 5.6302022266 5.6303238481 5.6577477111 5.65821286 5.7207358179 5.7212122514 5.8356807667 5.8358528385 5.947491515 5.947961622 5.9948386249 5.9950698807 6.0055627454 6.0059580721 6.0726271706 6.0729644603 6.2355993475 6.2361020962 6.2552348818 6.2552854892 6.3693394719 6.369420608 6.5067871539 6.5071284329 6.5438795553 6.5440660789 6.5850280014 6.5853713077 6.6334870985 6.6337427067 6.6485983234 6.6487130166 6.7171327767 6.7173393764 6.7191083956 6.719211904 6.9129771138 6.9130693423 6.9908368374 6.9911501382 7.3922466142 7.3925237106 7.4009346132 7.4012278847 7.4950230054 7.4952113943 8.9149294164 8.915027119 8.9725004617 8.9726808218 9.1949825599 9.1950519371 9.2085085427 9.2087093933 9.73184464 9.7319966766 10.2776875451 10.2777126193 10.2945859588 10.294693307 11.124231135 11.1242936239 16.2296239394 16.2296306123 16.6049020296 16.6049169443 16.6689299787 16.6689305402 16.8248460252 16.8248570765 16.9573676873 16.9573689289 16.9989210561 16.9989286337 17.1009068525 17.1009070317 17.1045559239 17.1045612209 17.7480556299 17.7480559894 17.819355788 17.8193726202 17.8312968806 17.8312996043 17.9135164466 17.913529319 17.9440196206 17.9440239219 17.9849314767 17.9849324937 18.0207095389 18.020718302 18.1062480817 18.1062542841 20.6953522461 20.695352372 20.7229715748 20.7229756462 20.7627780808 20.7627781633 20.7909145103 20.7909181449 20.839469768 20.8394702269 20.8738418943 20.8738439597 20.8816449145 20.8816490646 20.9694338426 20.9694371078
141 3.0310383717 3.0321616534 3.3279212259 3.3286218397 3.8824589861 3.8830507222 3.9591996829 3.9592340472 3.9876287833 3.9884008412 4.006666111 4.0073413964 4.2719148998 4.2720229879 4.2840627689 4.2843770016 4.3615972294 4.3622394828 4.4687815811 4.4688680679 4.4749505153 4.4754194624 4.77999348 4.7802720888 4.8602585957 4.8608303963 4.8717724755 4.871924312 4.9596378155 4.9601619585 5.0790360966 5.0791781901 5.0984970583 5.0992413582 5.6328310171 5.6329351822 5.6603844857 5.6608177506 5.7268812652 5.7273273997 5.8385599087 5.8387219627 5.949237233 5.9496841712 5.993819986 5.9940242865 6.0054222094 6.0057987002 6.0531615815 6.0534702668 6.2375736743 6.2380353827 6.2572487362 6.2572985101 6.3705317413 6.3706072778 6.51293628 6.5132547846 6.5420546688 6.5422257983 6.5865180759 6.5868382376 6.6363880618 6.6366241723 6.651486809 6.6515910894 6.7120089434 6.7121943785 6.7140703302 6.7141629645 6.9129966684 6.9130811316 7.0067204832 7.0070078752 7.3991969667 7.3994586849 7.4077896952 7.4080515275 7.4720847494 7.4722648414 8.9193326551 8.9194230786 9.0056774343 9.0058448704 9.1859976264 9.1860593371 9.1994800686 9.1996636898 9.70221325 9.702356206 10.28319326 10.2832164492 10.300074221 10.3001732691 11.1284682855 11.1285260983 16.2291345591 16.2291407282 16.5996992571 16.5997130157 16.663582454 16.6635829393 16.8310615728 16.8310718121 16.9603449834 16.9603460492 16.9977037092 16.9977103496 17.0999451025 17.0999452737 17.109676355 17.1096812625 17.7467248056 17.746725127 17.8186420252 17.8186577481 17.8347427743 17.8347450861 17.9146863323 17.9146984665 17.9480375508 17.9480415186 17.9857818344 17.9857827931 18.0217868021 18.021794937 18.1105982631 18.1106040185 20.6958694159 20.6958695357 20.7234654501 20.7234692377 20.764251705 20.7642517875 20.792371342 20.792374721 20.8378037367 20.8378042111 20.8775620693 20.8775639941 20.8821728209 20.8821766235 20.9666098718 20.9666129129
142 3.0268954462 3.0279327025 3.3285443444 3.3291867691 3.8884576569 3.8889885119 3.9575450519 3.9575738927 3.986112951 3.9868312883 4.0010377428 4.0016730213 4.268479089 4.2685744214 4.2807426629 4.2810185296 4.3897657441 4.3903532831 4.4831529379 4.4832290345 4.4895902436 4.4900262641 4.7855522778 4.7858064845 4.8430757376 4.843597047 4.8549716327 4.8551107121 4.9348103143 4.935299007 5.0831114663 5.0832399662 5.1031430619 5.1038353379 5.6352493136 5.6353369741 5.6628118751 5.663211506 5.7336693494 5.7340832133 5.8412215551 5.8413728331 5.9509091632 5.9513305954 5.9927836717 5.9929608724 6.0052026402 6.0055667503 6.0340465484 6.0343167779 6.2395137372 6.2399335114 6.2592278228 6.2592760816 6.3716515727 6.3717212235 6.5189743212 6.5192685706 6.5405810574 6.5407368651 6.5874177188 6.5877133267 6.6390286238 6.6392447415 6.6541145132 6.6542085326 6.7072236763 6.7073881073 6.7093673684 6.7094490907 6.9129912741 6.9130679546 7.0233784625 7.0236391829 7.4056532261 7.4058979022 7.4141514154 7.4143826491 7.4490783648 7.4492487193 8.9233537016 8.9234366157 9.0387899196 9.0389437404 9.1776972964 9.1777513254 9.1911412519 9.1913073451 9.6723844505 9.6725175484 10.2882369329 10.2882581843 10.3051018832 10.3051924438 11.1323330064 11.1323860004 16.228719539 16.2287251901 16.5948936596 16.5949062337 16.6586457451 16.6586461603 16.8367744999 16.8367838944 16.9631128471 16.9631137561 16.9965228438 16.9965285908 17.0989947335 17.0989948985 17.1144168783 17.1144213824 17.7455374361 17.745537721 17.8180180907 17.8180326307 17.8379782475 17.8379801712 17.9157480183 17.9157593452 17.9517510568 17.9517546838 17.9865638661 17.9865647598 18.0227794991 18.0227869797 18.114623696 18.1146289866 20.6963509692 20.6963510831 20.7239254707 20.7239289602 20.7656141693 20.7656142523 20.7937182453 20.7937213565 20.8362362066 20.8362366818 20.8812979701 20.8812997419 20.8826855183 20.8826889744 20.9637023247 20.9637051303
143 3.0231568471 3.0241036086 3.3291540682 3.329736615 3.8943108253 3.8947796688 3.9560308882 3.9560546786 3.9847240404 3.9853838055 3.995512205 3.996104368 4.2653758246 4.2654589442 4.277742597 4.2779818958 4.4179695545 4.4185007614 4.4975537358 4.4976190973 4.5043587381 4.5047596587 4.79059665 4.7908262406 4.8259756498 4.8264445837 4.8383034174 4.8384285803 4.9096660923 4.9101163673 5.0868629265 5.0869781587 5.1073699719 5.1080053667 5.6374524582 5.6375247115 5.6650252718 5.6653896575 5.7410799589 5.7414597133 5.843662909 5.8438026829 5.9525024403 5.9528958957 5.9917421431 5.9918924507 6.0044920733 6.0048846406 6.0157874585 6.0159800495 6.2413877965 6.2417650551 6.2611397256 6.2611857657 6.3726910295 6.3727545261 6.5248828348 6.5251514624 6.5393984427 6.5395389507 6.5877510449 6.5880208141 6.641411029 6.6416067149 6.656483855 6.6565677819 6.7028009356 6.7029448303 6.7050227776 6.7050936721 6.9129667074 6.913035604 7.0407625734 7.0409961378 7.4115787212 7.4118046816 7.4199871796 7.4201881369 7.4260515753 7.4262113099 8.9269924627 8.9270676605 9.0718212164 9.0719608269 9.1701057987 9.1701522668 9.183516189 9.183664628 9.6423609215 9.6424834125 10.2928141312 10.2928333965 10.3096646157 10.3097465264 11.1358264059 11.1358744532 16.2283704913 16.2283756117 16.5904997433 16.5905111094 16.6541340894 16.6541344411 16.8419742219 16.8419827433 16.965658397 16.965659167 16.9953962918 16.9954011965 17.0980741744 17.0980743347 17.1187601711 17.1187642592 17.7444869135 17.7444871635 17.8174771383 17.817490427 17.8409828117 17.8409843759 17.9167000705 17.916710521 17.9551481507 17.9551514307 17.9872762692 17.9872770919 18.0236853632 18.0236921654 18.118310229 18.1183150383 20.6967943966 20.696794505 20.7243492021 20.7243523806 20.766860956 20.7668610396 20.7949507676 20.7949536001 20.834782436 20.8347828988 20.8831717622 20.8831748728 20.885031045 20.8850326516 20.9607271602 20.9607297202
144 3.0198215964 3.0206737773 3.3297378975 3.3302590991 3.9000229001 3.900428929 3.9546620515 3.9546812857 3.9834595473 3.984055516 3.9900988496 3.9906443703 4.2626038457 4.2626753618 4.2750634377 4.2752681711 4.4461810904 4.446654651 4.511907441 4.5119619607 4.5192061465 4.5195697184 4.7950963108 4.7953023367 4.8090462146 4.8094609453 4.8218713329 4.8219819662 4.8842215635 4.8846305964 5.0902635533 5.0903657097 5.111170169 5.1117445694 5.6394361068 5.6394941857 5.6670203693 5.6673480432 5.7490782222 5.7494221611 5.8458830682 5.8460106332 5.9540095888 5.9543724138 5.9907048012 5.9908285172 5.9953323337 5.9956795078 6.0064494337 6.0066308612 6.2431649418 6.2434993899 6.2629527422 6.262995858 6.3736427107 6.3736998051 6.530642839 6.5308845807 6.5384567676 6.5385819738 6.5875446081 6.5877873755 6.6435374306 6.6437122987 6.6585971759 6.6586711881 6.6987645549 6.698888633 6.7010595901 6.701119896 6.9129284862 6.912989612 7.0588230096 7.0590291836 7.4029431635 7.4030896604 7.4170116287 7.4172168696 7.4252999384 7.4254740651 8.930248833 8.93031613 9.1047567189 9.1048816179 9.1632460483 9.1632852112 9.1766276282 9.1767584446 9.6121454393 9.6122566078 10.2969207982 10.296938034 10.313758456 10.3138315777 11.1389495077 11.1389924947 16.2280796949 16.2280842735 16.5865309014 16.5865410404 16.6500606217 16.650060916 16.846651265 16.8466588894 16.9679697128 16.9679703608 16.9943407022 16.9943448222 17.0972007007 17.0972008577 17.1226903281 17.1226939893 17.7435668087 17.7435670255 17.8170126374 17.8170246124 17.8437365136 17.8437377511 17.9175423124 17.9175518184 17.958217859 17.9582207866 17.9879177591 17.9879185054 18.0245022464 18.0245083484 18.1216448515 18.1216491646 20.697197408 20.6971975111 20.7247344228 20.7247372782 20.7679879239 20.7679880083 20.7960648275 20.796067371 20.8334547381 20.8334551769 20.8836230196 20.8836257852 20.8887384123 20.8887398422 20.9577048186 20.9577071238
145 3.0168886629 3.0176425804 3.3302844816 3.3307430796 3.9055942019 3.9059369816 3.9534430424 3.9534582292 3.9822684947 3.9827874096 3.9848648362 3.9853544373 4.2601618843 4.2602224493 4.2727043766 4.2728767004 4.4743739034 4.4747887768 4.5261075597 4.526151428 4.5340621561 4.534385995 4.7921270469 4.7924824302 4.7992872152 4.7994696207 4.8058053233 4.8059010752 4.858494822 4.8588599444 5.0932944243 5.0933836265 5.1145379779 5.1150478771 5.6411962666 5.6412415286 5.6687932001 5.6690828455 5.7576074677 5.7579140075 5.8478841046 5.8479987591 5.9554197525 5.9557490393 5.9780852821 5.9783429711 5.9897146773 5.9898135266 6.0057516816 6.0059556541 6.2448155528 6.2451071453 6.2646363642 6.2646758674 6.3744998074 6.3745502743 6.5362260611 6.5364385747 6.5377237391 6.5378342671 6.5868264049 6.587041126 6.6454098511 6.6455635657 6.6604566924 6.6605209692 6.6951378312 6.6952430042 6.6975002091 6.6975503398 6.9128817962 6.9129351747 7.0775095438 7.0776883145 7.3799251701 7.3800576605 7.4218198771 7.4220035784 7.4300332188 7.430180621 8.9331227279 8.9331819617 9.1375830586 9.1376928336 9.1571397322 9.1571719696 9.1704968362 9.1706101983 9.5817409682 9.5818401357 10.3005532663 10.3005684339 10.3173798214 10.3174440362 11.1417032448 11.1417410717 16.2278401343 16.2278441613 16.5829993369 16.5830082337 16.6464373004 16.6464375434 16.8507972521 16.8508039595 16.9700359002 16.9700364414 16.9933713898 16.9933747875 17.0963902588 17.0963904137 17.1261929296 17.1261961541 17.742771003 17.7427711883 17.8166184744 17.8166290792 17.8462201286 17.8462210757 17.9182757166 17.9182842118 17.96095026 17.9609528306 17.9884870992 17.9884877643 18.0252281476 18.0252335301 18.1246157542 18.1246195579 20.6975579378 20.6975580361 20.7250791291 20.725081651 20.768991324 20.7689914093 20.7970567299 20.7970589755 20.8322631193 20.8322635245 20.8840327344 20.8840351552 20.8923907407 20.8923919831 20.9546624229 20.954664465
146 3.0143570041 3.015009396 3.330783671 3.3311786025 3.9110179793 3.911297524 3.9523779576 3.9523896143 3.979335698 3.9797746863 3.98162007 3.982074983 4.2580487231 4.2580990076 4.2706641838 4.2708063335 4.5025201539 4.5028755561 4.5400017186 4.5400354593 4.5488227627 4.5491043036 4.7758142327 4.7761149736 4.7902569308 4.7903385256 4.8026951378 4.8028495027 4.8325070979 4.8328258344 5.0959419504 5.0960182818 5.1174690666 5.1179114831 5.6427293307 5.6427632447 5.6703401698 5.6705906247 5.7665768796 5.7668445295 5.8496729089 5.8497739073 5.9567125854 5.95700408 5.9610493543 5.9612593551 5.9887572412 5.9888326109 6.0055575594 6.0057439254 6.2463117958 6.2465606909 6.2661618012 6.2661970389 6.3752561582 6.375299797 6.5371227079 6.5372169649 6.5416543551 6.5418390812 6.5856252518 6.5858109977 6.6470301472 6.6471624202 6.6620644537 6.6621191695 6.6919430653 6.6920303725 6.6943659757 6.6944065222 6.9128314171 6.9128770794 7.0967724373 7.0969239856 7.3569477416 7.3570649436 7.4260462016 7.42620668 7.4341811836 7.4343035096 8.9356140866 8.9356651164 9.1518034367 9.1518292711 9.1651392374 9.1652353749 9.170295446 9.1703898033 9.551150822 9.5512373511 10.3037082689 10.3037213341 10.3205255204 10.3205807299 11.1440884532 11.1441210337 16.227645535 16.227649002 16.5799159922 16.579923635 16.643274842 16.6432750394 16.8544048825 16.8544106569 16.9718471547 16.9718476025 16.9925021978 16.9925049387 17.0956573052 17.095657459 17.1292551023 17.1292578817 17.7420938085 17.7420939638 17.8162890423 17.816298227 17.8484154098 17.8484161052 17.9189022339 17.9189096548 17.9633365175 17.9633387273 17.9889831283 17.9889837081 18.0258612377 18.0258658835 18.1272123834 18.127215666 20.6978741511 20.697874245 20.7253815411 20.7253837201 20.7698678145 20.7698679005 20.7979231805 20.7979251202 20.8312157341 20.8312160975 20.8843958858 20.8843979616 20.8959486218 20.8959496674 20.9516373794 20.951639151
147 3.0122256033 3.0127736441 3.3312265644 3.3315569488 3.9162745018 3.9164914414 3.9514704539 3.9514790993 3.9743670392 3.9747589437 3.9806930423 3.981083892 4.2562632384 4.2563039034 4.2689415955 4.2690557966 4.5305875681 4.5308829468 4.5533661592 4.5533906347 4.5633258622 4.5635623525 4.7599352922 4.7601777295 4.7754850312 4.7755521718 4.8055759117 4.8056975515 4.8063562166 4.8066130035 5.0981962359 5.0982597581 5.1199600851 5.1203325138 5.6440321086 5.6440562418 5.6716580881 5.6718683492 5.7758390342 5.7760663357 5.8512642817 5.851350737 5.9447585728 5.9449301184 5.9578966932 5.9581492534 5.9878729662 5.9879270363 6.0054548588 6.0056150205 6.2476281433 6.2478346469 6.267502534 6.2675329071 6.3759063012 6.3759429375 6.5366783295 6.536757042 6.5468548232 6.5470098453 6.5839706763 6.5841266304 6.648399979 6.648510568 6.6634223043 6.6634676218 6.6892010655 6.6892716042 6.6916767109 6.6917084261 6.9127816527 6.9128196333 7.1165630886 7.116687763 7.3340509612 7.334151588 7.429661269 7.4297971951 7.4377246738 7.4378235245 8.9377228678 8.9377655738 9.147259424 9.1472794376 9.1605818788 9.1606612072 9.2028684658 9.2029471351 9.5203789858 9.5204522839 10.3063829509 10.3063938846 10.323192764 10.3232388873 11.1461058672 11.146133128 16.227490395 16.2274932947 16.5772904848 16.5772968647 16.6405826602 16.6405828174 16.8574679077 16.8574727363 16.9733948244 16.9733951908 16.9917453754 16.9917475259 17.0950146629 17.0950148163 17.1318655754 17.1318679025 17.7415300754 17.7415302024 17.8160193208 17.816027042 17.8503053912 17.8503058752 17.9194245598 17.9194308473 17.9653689114 17.9653707573 17.9894047864 17.9894052775 18.0263998828 18.0264037769 18.1294254902 18.1294282416 20.6981444481 20.6981445381 20.725640107 20.7256419352 20.7706144727 20.7706145594 20.7986612983 20.7986629253 20.8303192073 20.8303195222 20.884708624 20.8847103547 20.8993566623 20.8993575042 20.948683315 20.9486848088
148 3.0104935037 3.0109348177 3.3316055498 3.3318706758 3.9213184589 3.9214744124 3.9507237265 3.9507298692 3.9695005101 3.9698345336 3.9800094121 3.9803255074 4.2548044372 4.2548361036 4.2675354745 4.2676238401 4.5585319172 4.5587668516 4.5658662111 4.5658826202 4.5773052781 4.577493838 4.7448315721 4.7450148756 4.7618222552 4.7618754377 4.7798574611 4.7800758876 4.8080628976 4.8081655658 5.1000500389 5.1001008001 5.1220084347 5.1223088166 5.6451018548 5.6451178561 5.6727441953 5.6729134212 5.7851480787 5.7853335013 5.8526854175 5.8527561303 5.9295517599 5.9296857941 5.9589148433 5.9591236258 5.987087604 5.9871232241 6.0053902143 6.0055207478 6.2487418965 6.2489064004 6.2686348791 6.2686598586 6.3764455219 6.3764750091 6.5363439503 6.5364070411 6.5518283616 6.5519528526 6.5818937507 6.5820192009 6.6495207843 6.64960949 6.6645318498 6.6645679147 6.6869306339 6.6869854849 6.6894502508 6.6894740092 6.9127362657 6.9127665996 7.1368344362 7.1369327306 7.3112663135 7.3113491182 7.4326466653 7.4327568842 7.4406476957 7.4407245977 8.939449045 8.939483328 9.1435199201 9.1435347725 9.1568312542 9.156894119 9.2353026573 9.2353655047 9.489430876 9.4894903988 10.3085748791 10.3085836569 10.3253791745 10.3254161469 11.1477561146 11.1477779951 16.2273700115 16.2273723383 16.5751310511 16.5751361615 16.6383688132 16.6383689351 16.8599811039 16.8599849771 16.9746714704 16.9746717658 16.9911114711 16.9911130957 17.0944733963 17.0944735499 17.1340147282 17.1340165972 17.7410752862 17.7410753861 17.8158049448 17.815811166 17.8518747427 17.8518750557 17.9198458423 17.919850943 17.9670408637 17.9670423433 17.9897511367 17.9897515366 18.026842664 18.0268457942 18.1312471734 18.1312493853 20.6983674679 20.6983675547 20.7258535068 20.7258549774 20.7712288067 20.7712288941 20.7992686269 20.7992699354 20.8295788621 20.8295791236 20.8849680182 20.8849694034 20.9025338809 20.9025345168 20.9458796915 20.9458809003
149 3.0091598369 3.0094925096 3.3319143397 3.3321136541 3.9260499822 3.9261484464 3.9501405105 3.9501446271 3.9649100431 3.9651805645 3.9794926221 3.9797315429 4.2536714863 4.2536947032 4.2664448923 4.2665093106 4.5769989111 4.5770085634 4.5862516263 4.5864230298 4.5903314887 4.5904669572 4.7309778531 4.73110244 4.7497776254 4.7498173113 4.753304592 4.7534699138 4.8099502139 4.8100272102 5.1014980968 5.1015361346 5.123612113 5.1238388162 5.6459362934 5.6459458731 5.6735961855 5.6737236999 5.7940831207 5.7942249182 5.8539783596 5.8540316115 5.9158268037 5.9159243246 5.9597567188 5.9599178543 5.9864307544 5.9864513822 6.005349252 6.0054483448 6.2496336888 6.2497566069 6.2695385388 6.269557681 6.3768698974 6.3768921171 6.5361031362 6.5361505298 6.5565445032 6.5566378192 6.5794304802 6.5795247993 6.6503937567 6.650460422 6.6653944281 6.6654213634 6.6851480585 6.6851882097 6.6877019964 6.6877187239 6.91269842 6.9127211395 7.1575410997 7.1576136334 7.2886252217 7.2886890013 7.4349875242 7.4350710718 7.4429370116 7.4429933363 8.9407926016 8.9408183826 9.1405980685 9.1406084332 9.1539022972 9.1539490626 9.2675818089 9.2676287653 9.4583155493 9.4583608029 10.3102820501 10.3102886527 10.3270827941 10.3271105656 11.149039713 11.1490561654 16.2272805052 16.2272822543 16.5734444975 16.5734483338 16.6366399574 16.6366400487 16.8619402444 16.861943155 16.9756709214 16.9756711559 16.990609242 16.9906104 17.0940427043 17.0940428583 17.135694632 17.1356960384 17.7407256352 17.7407257092 17.8156422627 17.8156469545 17.8531101581 17.8531103401 17.9201693456 17.920173214 17.9683469616 17.9683480729 17.9900213853 17.9900216927 18.0271883958 18.0271907523 18.1326709169 18.1326725828 20.6985420926 20.6985421768 20.7260206561 20.7260217638 20.7717087647 20.7717088526 20.7997431432 20.7997441286 20.8289988819 20.8289990867 20.8851718733 20.8851729125 20.9053594014 20.9053598375 20.943346123 20.9433470396
150 3.0082238473 3.0084464348 3.3321480001 3.3322810974 3.9302448481 3.9302933374 3.9497231051 3.949725596 3.9608299202 3.9610280713 3.9791357407 3.979295892 4.2528637364 4.2528789498 4.2656691749 4.2657111941 4.5860441033 4.5860487059 4.6014186203 4.6015063056 4.6137283776 4.613842484 4.7192036718 4.7192729738 4.7267793465 4.7268892901 4.7400822733 4.740108667 4.8113035459 4.8113548778 5.1025366817 5.1025620248 5.1247696093 5.1249214176 5.6465336452 5.6465385392 5.6742122259 5.6742975194 5.8019253031 5.8020214544 5.8551788382 5.8552126096 5.9042887688 5.9043510947 5.960393567 5.9605034541 5.9859327728 5.9859423677 6.005326778 6.005393356 6.2502879441 6.2503696507 6.2701971082 6.2702100683 6.3771763325 6.3771911954 6.5359426548 6.5359742909 6.5609541334 6.5610156809 6.5766354313 6.5766980158 6.6510198303 6.6510643386 6.6660110858 6.6660289883 6.6838666365 6.6838929089 6.686444497 6.68645507 6.9126706316 6.9126857637 7.1786390044 7.1786865047 7.2661604452 7.2662040442 7.4366721439 7.436728271 7.4445822295 7.4446191065 8.9417535267 8.9417707468 9.1385040247 9.1385105235 9.1518050757 9.1518360573 9.2996810926 9.2997121598 9.4270543927 9.4270849315 10.3115028973 10.3115073112 10.3283020915 10.3283206256 11.149957067 11.1499680555 16.2272188384 16.2272200064 16.5722361603 16.5722387194 16.6354013103 16.6354013753 16.8633420736 16.8633440165 16.9763883223 16.9763885067 16.9902455795 16.9902463207 17.0937298329 17.0937299874 17.1368990842 17.1369000246 17.7404780945 17.7404781435 17.8155283843 17.8155315246 17.8540007543 17.8540008437 17.9203980956 17.9204006956 17.9692829753 17.9692837171 17.9902148969 17.9902151127 18.0274361405 18.0274377156 18.1336916203 18.1336927354 20.6986674496 20.698667532 20.7261407083 20.726141449 20.7720527427 20.772052831 20.8000832657 20.8000839246 20.828582422 20.8285825691 20.8853185989 20.8853192919 20.9076565128 20.9076567713 20.9412583244 20.9412589412
151 3.0076849113 3.0077964473 3.3323029727 3.3323695872 3.9334040066 3.9334179469 3.9494731892 3.9494743566 3.9577624861 3.9578719885 3.9789377648 3.9790181015 4.252380739 4.252388264 4.2652079252 4.2652286479 4.5920783733 4.5920797673 4.6093801949 4.6094205484 4.6400913891 4.6401441714 4.7009557409 4.7010074256 4.7109030908 4.7109280164 4.7336579948 4.7336712319 4.8121211433 4.8121468098 5.10316331 5.1031759784 5.1254798325 5.1255559385 5.6468926725 5.6468945468 5.6745909716 5.6746337039 5.8075522443 5.8076008324 5.8562017888 5.8562160402 5.8961566357 5.8961861858 5.9607995954 5.9608553513 5.9856209652 5.9856238082 6.0053206239 6.0053540604 6.2506932641 6.250734042 6.2705985109 6.2706050539 6.3773625899 6.3773700364 6.5358531984 6.535869039 6.5649075297 6.5649366062 6.5736625526 6.5736926378 6.6513996701 6.6514219446 6.6663825675 6.6663915046 6.6830962564 6.6831092389 6.685687085 6.6856922117 6.9126547277 6.9126622932 7.2000819067 7.2001051917 7.2439099405 7.2439322525 7.4376920341 7.4377202279 7.4455759103 7.4455941495 8.9423318121 8.9423404324 9.1372451712 9.1372482963 9.1505468653 9.1505622951 9.3315046513 9.3315198657 9.39574093 9.395756327 10.3122362955 10.3122385155 10.3290359677 10.3290452406 11.1505084653 11.1505139667 16.2271828307 16.2271834153 16.5715098739 16.571511154 16.6346566189 16.6346566638 16.8641842836 16.8641852558 16.9768201733 16.9768203223 16.9900254511 16.9900258121 17.0935400065 17.0935401614 17.1376236344 17.1376241076 17.7403304646 17.7403304895 17.8154612176 17.8154627915 17.8545384432 17.8545384759 17.9205345418 17.9205358483 17.9698458734 17.9698462446 17.9903312059 17.9903313375 18.0275852193 18.0275860082 18.1343056219 18.1343061851 20.6987429142 20.6987429954 20.726213057 20.7262134281 20.7722595908 20.7722596793 20.8002878602 20.8002881904 20.8283316855 20.8283317801 20.8854071184 20.885407465 20.9091930989 20.9091932287 20.9398476865 20.939847997
152 3.0075425079 3.007542596 3.3323770343 3.3323771471 3.9346509638 3.9346512752 3.9493904724 3.9493908898 3.9565864104 3.9565864756 3.9788985059 3.9788986934 4.2522222542 4.252222258 4.2650609836 4.2650610756 4.5942180396 4.5942181325 4.6123543087 4.6123543168 4.6576274007 4.6576274581 4.6836362735 4.6836363625 4.707828716 4.7078287597 4.7313922953 4.7313930142 4.8124022809 4.8124023184 5.1033764457 5.1033766797 5.1257419251 5.1257422066 5.6470126942 5.6470130413 5.6747314963 5.6747316588 5.8096578488 5.80965807 5.8566562521 5.8566564022 5.8931310237 5.8931311132 5.9609559825 5.960956034 5.9855147606 5.9855151734 6.0053296978 6.0053299783 6.25084264 6.2508428047 6.2707352262 6.2707354515 6.3774272943 6.3774273307 6.535828925 6.5358296216 6.5672317608 6.5672321699 6.5716832872 6.5716835715 6.6515335407 6.6515337979 6.6665091922 6.666509452 6.6828430482 6.6828430795 6.6854352946 6.6854359689 6.9126516761 6.9126519729 7.2209102495 7.2209103546 7.2228278943 7.2228283414 7.4380419952 7.4380420129 7.445913306 7.4459140205 8.9425273961 8.9425275048 9.1368259088 9.1368262096 9.1501320299 9.1501321631 9.358889898 9.358890179 9.3685358338 9.3685358945 10.312481456 10.3124817057 10.3292837588 10.3292837594 11.150694014 11.1506941483 16.227171165 16.2271711735 16.5712679408 16.5712679553 16.6344081381 16.6344081744 16.8644654966 16.8644654977 16.9769643597 16.9769644953 16.9899518586 16.9899518587 17.0934763795 17.0934765345 17.13786558 17.1378656355 17.7402814093 17.7402814151 17.8154394936 17.8154394976 17.8547182374 17.8547182464 17.9205802676 17.9205802857 17.9700338264 17.9700338391 17.9903700155 17.9903701021 18.0276352138 18.0276352289 18.1345106818 18.1345107659 20.6987681108 20.6987681917 20.7262373342 20.7262373411 20.7723286171 20.7723287057 20.8003562403 20.8003562488 20.8282479672 20.8282480352 20.8854368063 20.8854368108 20.9097393456 20.9097394273 20.9393435722 20.939343582
153 3.0075425079 3.007542596 3.3323770343 3.3323771471 3.9346509638 3.9346512752 3.9493904724 3.9493908898 3.9565864104 3.9565864756 3.9788985059 3.9788986934 4.2522222542 4.252222258 4.2650609836 4.2650610756 4.5942180396 4.5942181325 4.6123543087 4.6123543168 4.6576274007 4.6576274581 4.6836362735 4.6836363625 4.707828716 4.7078287597 4.7313922953 4.7313930142 4.8124022809 4.8124023184 5.1033764457 5.1033766797 5.1257419251 5.1257422066 5.6470126942 5.6470130413 5.6747314963 5.6747316588 5.8096578488 5.80965807 5.8566562521 5.8566564022 5.8931310237 5.8931311132 5.9609559825 5.960956034 5.9855147606 5.9855151734 6.0053296978 6.0053299783 6.25084264 6.2508428047 6.2707352262 6.2707354515 6.3774272943 6.3774273307 6.535828925 6.5358296216 6.5672317608 6.5672321699 6.5716832872 6.5716835715 6.6515335407 6.6515337979 6.6665091922 6.666509452 6.6828430482 6.6828430795 6.6854352946 6.6854359689 6.9126516761 6.9126519729 7.2209102495 7.2209103546 7.2228278943 7.2228283414 7.4380419952 7.4380420129 7.445913306 7.4459140205 8.9425273961 8.9425275048 9.1368259088 9.1368262096 9.1501320299 9.1501321631 9.358889898 9.358890179 9.3685358338 9.3685358945 10.312481456 10.3124817057 10.3292837588 10.3292837594 11.150694014 11.1506941483 16.227171165 16.2271711735 16.5712679408 16.5712679553 16.6344081381 16.6344081744 16.8644654966 16.8644654977 16.9769643597 16.9769644953 16.9899518586 16.9899518587 17.0934763795 17.0934765345 17.13786558 17.1378656355 17.7402814093 17.7402814151 17.8154394936 17.8154394976 17.8547182374 17.8547182464 17.9205802676 17.9205802857 17.9700338264 17.9700338391 17.9903700155 17.9903701021 18.0276352138 18.0276352289 18.1345106818 18.1345107659 20.6987681108 20.6987681917 20.7262373342 20.7262373411 20.7723286171 20.7723287057 20.8003562403 20.8003562488 20.8282479672 20.8282480352 20.8854368063 20.8854368108 20.9097393456 20.9097394273 20.9393435722 20.939343582
154 2.9550247494 3.0594866892 3.2752796037 3.3887443509 3.9251403354 3.9357180464 3.9441614326 3.9470168191 3.9634023243 3.9648532682 3.9661332486 3.9932568693 4.2383312901 4.2510650795 4.2658646139 4.2787947694 4.5907349787 4.5976625636 4.6089023216 4.6157684914 4.6488102483 4.6656980006 4.6767632955 4.6898637408 4.6925385304 4.7144899014 4.7192210113 4.7455754089 4.8024292591 4.8225044203 5.0929734457 5.113766014 5.116432521 5.1402634593 5.6459134995 5.6470746871 5.6720750533 5.6763379742 5.7925515193 5.8131829179 5.8268855279 5.844523476 5.868898333 5.9439543874 5.9682559157 5.9713565956 5.9777090153 6.0023876339 6.0028960118 6.0062531238 6.2101247268 6.22998293 6.2908862246 6.3108181327 6.3573881309 6.399241816 6.5273589545 6.5430562983 6.5443541387 6.5473108595 6.5913722354 6.5959614136 6.6449877195 6.6583666423 6.6607996002 6.6724973675 6.6783638255 6.6803383763 6.6871062284 6.6903748193 6.9018439097 6.9231806496 7.2052649146 7.2070569181 7.236670155 7.2387414573 7.4341834911 7.4416876397 7.4417483861 7.4500142751 8.93665225 8.9482499972 9.1366786203 9.1368903622 9.1496414338 9.1505038929 9.3512824125 9.3614536682 9.3663197769 9.375422317 10.3083482488 10.3162639898 10.3251858567 10.3330347558 11.1265998512 11.1744156835 16.21396119 16.2412243606 16.5656675963 16.5776240971 16.6290989905 16.6404719511 16.8548615155 16.8745928416 16.9674243214 16.9870336507 16.9870783222 16.9930940179 17.0906007798 17.0967092296 17.1169314846 17.1582839117 17.7254546863 17.75535708 17.7977261669 17.8334837143 17.8535661381 17.8559676723 17.9190184232 17.9222405251 17.9525953379 17.9827939964 17.9873248944 17.9977242639 18.0194176717 18.0356069591 18.1249382936 18.1440938056 20.6686111631 20.6966211952 20.7285777069 20.7476493716 20.7554742182 20.7756438828 20.7966301512 20.8063050497 20.8247001049 20.8498201404 20.8511322171 20.8732945192 20.9035682447 20.9196718477 20.9459692895 20.9748674146
155 2.9019524136 3.1108378518 3.2174778079 3.4443548393 3.9156727693 3.9224051751 3.9374690254 3.9511413088 3.9536226518 3.9756081019 3.9777298034 4.0079052281 4.224201187 4.236818172 4.279249818 4.2922558805 4.5872179021 4.6010637501 4.6054171508 4.6191402165 4.6392684905 4.6692691575 4.6730029126 4.6741636222 4.6954229989 4.6954914196 4.7259623113 4.7562517955 4.7925128116 4.8327875146 5.0857859051 5.1052623984 5.1315421791 5.1565479207 5.6437263278 5.6461515918 5.6683256111 5.6769399842 5.7318863793 5.7755959008 5.8325029337 5.8441984644 5.8812528386 5.926783003 5.9506980799 5.9941338207 5.9976494153 6.0049778539 6.0187832176 6.0494610948 6.1687438909 6.1885725557 6.3302457941 6.3395037497 6.3502218749 6.422486807 6.5188945667 6.5189477901 6.5228789629 6.552928595 6.6154376218 6.6201165089 6.6387568991 6.6553915611 6.6654606705 6.6736449115 6.6751563053 6.6787419749 6.6911471969 6.6951121309 6.8907667459 6.9334212916 7.1897505247 7.1914443716 7.2525261025 7.2547786703 7.4301652783 7.4373301716 7.4453098666 7.4539951029 8.9306329723 8.9538127995 9.136466544 9.1368529859 9.1490152374 9.1507735635 9.3435229604 9.3542013132 9.3735464188 9.3820883073 10.3038587023 10.3197018143 10.3207360642 10.336444875 11.1021331613 11.1977643596 16.2016276215 16.2560853229 16.5608269317 16.5847289707 16.6245474923 16.6472843139 16.8457983413 16.885224126 16.958430727 16.9844473377 16.996527837 16.9976125981 17.0880574951 17.095511402 17.1003199478 17.1781560639 17.7109116409 17.770648025 17.7803801698 17.851823598 17.8525120305 17.8573134143 17.9175558229 17.9239979709 17.9350245337 17.9749988926 18.0044552858 18.0048547862 18.0109564312 18.043331694 18.1153842744 18.1536796689 20.6381361358 20.6666546766 20.7226119602 20.7505826864 20.7580117989 20.7834890519 20.7843044369 20.8173145374 20.8205354824 20.8366668014 20.8486570644 20.8675726104 20.8712121348 20.953594145 20.9819528141 21.0101093898
156 2.8483444733 3.1589970315 3.1615765815 3.4991813405 3.9062877694 3.9094702887 3.9279836882 3.9377806241 3.9629805112 3.9849568526 3.9923476625 4.0228185463 4.2098423715 4.2223324124 4.2923702121 4.3054347542 4.5836715219 4.6019034322 4.6044169736 4.622464829 4.6290285334 4.6534533636 4.6611813767 4.6748664939 4.6795249422 4.7002925332 4.7275118163 4.7625704511 4.7825507944 4.8432887603 5.0822657144 5.1011289307 5.1481516127 5.1739929253 5.6404043003 5.6442978736 5.6493672553 5.6634441704 5.6765856112 5.7588172442 5.8206018939 5.8615503143 5.8937342582 5.9095201177 5.9329269835 5.9923116248 6.0010971862 6.0101494996 6.0346061298 6.124984654 6.1267142762 6.1465182716 6.3241505691 6.3689140106 6.3889391489 6.4468691465 6.4948085849 6.4984315028 6.5106000836 6.5615472979 6.6328708911 6.6393965327 6.6441261846 6.6503096583 6.6686142631 6.6700104832 6.6727923671 6.6852233921 6.6949489015 6.6996148181 6.8794308845 6.9433654379 7.1743816842 7.1760050892 7.2684580828 7.2709198924 7.4259795768 7.4328349186 7.4487332219 7.4578612801 8.9244794876 8.9592104559 9.1362080912 9.1366955387 9.1482370886 9.1509577517 9.3356384158 9.3468050729 9.38054578 9.3885101483 10.299008768 10.3159305082 10.3228023693 10.3395211196 11.0772940873 11.220739643 16.1902013374 16.2717164648 16.5567466293 16.5925723606 16.6207536344 16.654836222 16.8372913543 16.8963380439 16.9499989539 16.9820299225 17.0002732393 17.0086799736 17.0736351385 17.0858180468 17.1043256452 17.1974507645 17.6966880175 17.7634392064 17.7861216928 17.8515562459 17.8587541052 17.8704250714 17.9161929969 17.9173389364 17.9258510755 17.9669885576 18.0022545601 18.0117607789 18.0214132511 18.0508091496 18.1058563046 18.1632603435 20.6073738012 20.6363681313 20.6972374336 20.7251935957 20.758487629 20.7853520473 20.7870437756 20.7998890386 20.812702097 20.8313886871 20.8440276041 20.8722099809 20.8925015541 20.9870753498 21.0176592503 21.0450399644
157 2.7942196311 3.0998620441 3.2116833026 3.5531959184 3.8969289792 3.8970208428 3.9185978149 3.9247864884 3.97217426 3.9941197307 4.0072283167 4.0379695667 4.1952662422 4.2076207675 4.305218984 4.318322557 4.5801005141 4.5983658013 4.6077175397 4.6181226703 4.6257376392 4.6310258461 4.6525316388 4.6529764425 4.6852477256 4.7044510276 4.7236723504 4.7638239332 4.7723969335 4.8540345257 5.0827432858 5.1019043178 5.1657950348 5.1921526791 5.5657749216 5.6359044746 5.6415688661 5.6573961724 5.675324516 5.7422395744 5.8088302091 5.878875084 5.8922432401 5.9063768667 5.915026558 5.9858624349 5.9942868971 6.0256725377 6.0497529946 6.0840525478 6.1038367325 6.1991639399 6.311643234 6.4068852799 6.4269643649 6.4708762995 6.4721506201 6.4740228495 6.5023198809 6.5702044774 6.6273602873 6.6455788578 6.6632237863 6.6632488358 6.664971986 6.6679727468 6.6803412449 6.6919241862 6.6984903272 6.7038546145 6.8678475468 6.9530055855 7.1591708335 7.1607516383 7.2844444958 7.2871438175 7.4216185024 7.4281953389 7.4520246674 7.4616173647 8.9182027785 8.9644394688 9.1359210996 9.1363999776 9.1472909931 9.1510728385 9.3276559957 9.3392917286 9.3872948633 9.3946653431 10.2937954596 10.3107664932 10.3255738748 10.3422713987 11.0520826539 11.2433408652 16.1797108127 16.2880781442 16.5534241338 16.6011409854 16.6177142963 16.6631157671 16.8293537891 16.9079115053 16.9421421464 16.9797943544 17.0043469907 17.020212678 17.0513327005 17.0838500695 17.1087395997 17.2161351213 17.6828204468 17.7469422491 17.8017466486 17.8506987717 17.860288035 17.8892551259 17.8995590904 17.9149301321 17.9277979595 17.9587677922 17.9933160634 18.0184423552 18.038188191 18.058039944 18.0963618904 18.1728277685 20.5763562012 20.605793343 20.67154813 20.6994988267 20.7292694318 20.757333618 20.7629947205 20.7950493005 20.8156483784 20.8406428164 20.8670907575 20.8953429553 20.9137201536 21.0200346935 21.0530585968 21.0796304311
158 2.7395963422 3.0400970826 3.2611383572 3.6063698596 3.8847941326 3.8879040757 3.9093451455 3.9121714673 3.9811356659 4.003030669 4.0223422247 4.0533290772 4.1804851862 4.1926970668 4.3177901109 4.3309111885 4.5765095668 4.5948089002 4.606590903 4.6073576563 4.6109607145 4.6289539092 4.63011211 4.6433572148 4.6901549702 4.7078767947 4.7146350227 4.7596797923 4.7618372243 4.8650430314 5.0873969943 5.1075234979 5.1841024718 5.2107027024 5.4813217305 5.6301889881 5.6380204373 5.6501524233 5.6732074974 5.7258856703 5.7971995781 5.875028735 5.8960702154 5.8970792403 5.9192517716 5.9786315617 5.9843557681 6.0406146143 6.0407781708 6.0605473857 6.0641081336 6.2718407471 6.3021687917 6.4441556409 6.4471969536 6.4497209395 6.4642935684 6.4941110195 6.4981446488 6.5788939053 6.6222558377 6.6412240027 6.6576538153 6.659982391 6.6868994492 6.6880899115 6.6916425728 6.6988294492 6.7017491372 6.7078055518 6.8560285805 6.9623350651 7.1441281858 7.1456944143 7.3004623553 7.3034278535 7.4170742028 7.4234048 7.455189759 7.465267268 8.9118147697 8.9694984706 9.135622806 9.1359488054 9.1461615584 9.1511347851 9.3196032064 9.3316883806 9.3937720102 9.4005327339 10.2882170457 10.3052425663 10.3280253836 10.3447044581 11.0264988771 11.2655671234 16.1701820606 16.3051287761 16.5508536613 16.6104185655 16.6154232558 16.6721082459 16.8219966647 16.9199197422 16.9348712123 16.9777064033 17.0087626849 17.0286345679 17.0321859154 17.0821174901 17.1135714159 17.2341738577 17.6693462831 17.730929503 17.8174925658 17.8499392611 17.8619131466 17.8817093674 17.9082817294 17.9137670867 17.9298364032 17.9503423772 17.9841458908 18.0249005615 18.0547704007 18.0650255627 18.0869083944 18.182373802 20.5451166539 20.5749634965 20.6455677192 20.6735218692 20.6959660683 20.7260180111 20.7331867352 20.7585880802 20.8438017492 20.8681037331 20.889710455 20.918041314 20.9348788709 21.052414014 21.0881215639 21.1138529136
159 2.6844927963 2.9797258731 3.3099220442 3.6586736081 3.8730758722 3.8789664919 3.8999453562 3.9002564597 3.9897878524 4.0116165598 4.0376580796 4.0688661018 4.1655125884 4.1775759981 4.3300782955 4.3431932313 4.5729033823 4.5828059154 4.5912373798 4.59448295 4.6065133603 4.614141704 4.6321088314 4.6337024674 4.6942298366 4.7009026887 4.7105473024 4.750287486 4.7505501649 4.8763262084 5.0961226543 5.1174180103 5.2027894413 5.2294080955 5.3963259091 5.6232260568 5.6337085834 5.6416899387 5.6702860592 5.7097776225 5.7857230433 5.8579512788 5.8791657951 5.9129667437 5.9324967019 5.9707957575 5.9712887063 5.9969136075 6.0166726649 6.0548789175 6.0775366956 6.2957407579 6.3429665393 6.4238984926 6.4256115787 6.4807225742 6.4859771792 6.5009242477 6.5247123936 6.5876088664 6.6175876446 6.6372691475 6.6519258725 6.6549902682 6.6960241486 6.7047028421 6.7059269003 6.7104079009 6.7114432454 6.7151254661 6.8439864129 6.9713480622 7.1292616316 7.130841532 7.3164874405 7.3197482741 7.4123389869 7.4184566964 7.4582333023 7.4688141931 8.905328169 8.9743884598 9.1353252593 9.1353296855 9.1448341677 9.1511589857 9.3115076451 9.3240222568 9.3999570416 9.4060926394 10.2822731163 10.2993585815 10.3301667104 10.3468298112 11.0005428081 11.2874172516 16.1616385796 16.3228249457 16.5490262196 16.6138711992 16.620385911 16.6817962649 16.8152287209 16.9281947607 16.9323364187 16.9757296296 17.0055718862 17.0135307529 17.0445733041 17.080580701 17.118827122 17.2515283096 17.6563033781 17.7154423063 17.833330199 17.8492770389 17.8636270376 17.8638189767 17.9127033946 17.9274737321 17.9319638489 17.9417190531 17.9747499333 18.0311373437 18.0711508585 18.0717683267 18.0775030238 18.1918902292 20.5136897145 20.5439131369 20.619321198 20.647287481 20.6604959739 20.6889937373 20.7110535697 20.7220394481 20.8714814333 20.8950635061 20.9118734573 20.9402915868 20.9559782433 21.0841673523 21.1228195752 21.1476803651
160 2.6289268998 2.9187716475 3.3580146615 3.7100766937 3.8617815207 3.870234359 3.8881151337 3.8913598473 3.9980439664 4.0197964662 4.0531430172 4.0845481111 4.1503628375 4.1622730967 4.3420788924 4.3551618938 4.5576379639 4.5692866766 4.5818604557 4.5823792009 4.5876558998 4.6172556261 4.6236204538 4.6351974997 4.6831388098 4.6974544825 4.7124388415 4.7361892755 4.7380381767 4.8878910242 5.1084838221 5.1308061119 5.2216411099 5.2480990167 5.3112811676 5.6149909676 5.6286891148 5.6319927579 5.6666120596 5.6939372179 5.7744146611 5.8410832142 5.8613649378 5.9292976747 5.94634758 5.9524845165 5.9552481261 5.9624860541 5.9722381843 6.0683541877 6.0898744174 6.2921970105 6.4011482125 6.4018048819 6.412491518 6.4779219354 6.5165848112 6.5368551436 6.5517647301 6.5963421358 6.6133843382 6.6337368945 6.6461181791 6.6499859476 6.7041328847 6.707329442 6.7132068925 6.714744717 6.7337370625 6.7384140988 6.8317340027 6.9800396323 7.1145766677 7.1161987399 7.3324944453 7.336080368 7.407405455 7.4133445707 7.4611592729 7.472260583 8.8987563181 8.9791130485 9.1345135245 9.1350572714 9.1432951508 9.1511601309 9.303396798 9.3163205171 9.4058313868 9.4113269827 10.2759646466 10.2931157601 10.3320083607 10.3486576706 10.9742145782 11.3088897948 16.1541013108 16.3411215268 16.5479296465 16.6130457498 16.6310210206 16.692159857 16.8090563667 16.9221190497 16.9451337455 16.9738257589 16.9821766188 17.0186584931 17.0573469912 17.0791968238 17.1245092775 17.2681551528 17.6437297849 17.70052295 17.8459232417 17.8487111079 17.8492313457 17.8654269635 17.9117382727 17.9329054939 17.9341774035 17.9468007718 17.9651350173 18.0371555062 18.0681528184 18.078271354 18.0873210553 18.2013687715 20.4821111311 20.5126781242 20.5928348827 20.6208216787 20.6239967422 20.6519573767 20.6854386063 20.6898585815 20.898666377 20.92150231 20.9335677451 20.962081482 20.9770132086 21.1152561619 21.1571247678 21.1810865653
161 2.5729162618 2.8572571569 3.4053965542 3.7605476522 3.8509155826 3.8617314545 3.8766849326 3.8826809482 4.0058057037 4.0274808311 4.068762841 4.1003412505 4.1350513309 4.1468047299 4.3537878258 4.3668109471 4.53205692 4.5578749049 4.5656641788 4.5687993516 4.5840691285 4.6131745695 4.6202974762 4.6382148738 4.6620251588 4.699809763 4.7135263296 4.7181167847 4.7235081691 4.8997404526 5.1238385401 5.1469118926 5.22697662 5.2404969321 5.2666527892 5.6054670195 5.6210526939 5.6230174217 5.6622374335 5.6783862222 5.7632892704 5.8244938491 5.8437528214 5.907519954 5.927272935 5.936531273 5.944745278 5.9538040558 5.9610911776 6.0809052036 6.1009128683 6.2912422729 6.3784451207 6.379167785 6.4699488126 6.4803223059 6.5517421457 6.5720860598 6.57928691 6.6050859608 6.6096722741 6.6306477636 6.6402640347 6.6449777172 6.709607856 6.7124080759 6.7176884313 6.7206623313 6.7568777437 6.7615035203 6.8192847898 6.988405713 7.100076358 7.1017693649 7.3484571227 7.3523985817 7.4022666284 7.4080622381 7.4639707462 7.4756080791 8.8921130546 8.9836787193 9.133498865 9.1348200685 9.1415319493 9.1511520838 9.2952978391 9.3086100591 9.4113781999 9.4162194073 10.2692940588 10.2865167506 10.3335614604 10.3501988795 10.9475144451 11.3299829853 16.1475886066 16.3599718029 16.5475486677 16.612931517 16.6422991905 16.7031766103 16.8034836364 16.9166479432 16.9582825968 16.9584816659 16.9719551382 17.024150117 17.0704777705 17.0779200787 17.1306170913 17.2840047918 17.6316633857 17.6862143994 17.8280652135 17.8482401574 17.8651688009 17.8673098415 17.910870628 17.9239102702 17.9364738425 17.9553088956 17.9662331834 18.0429586634 18.0588646383 18.084538515 18.103272856 18.2108010939 20.4504177949 20.481295582 20.5661363959 20.5869412266 20.5941517237 20.6149450428 20.6488215217 20.6691923474 20.9253369209 20.9474018251 20.9547824882 20.9833998575 20.9979755081 21.1456469085 21.1910099923 21.2140461153
162 2.5164781797 2.7952046818 3.4520481663 3.8100539388 3.840479745 3.8534792991 3.865656025 3.8742431667 4.0129617597 4.0345707603 4.0844822631 4.1162105865 4.1195944808 4.1311880793 4.365201499 4.3781346575 4.5062205694 4.533138139 4.5553922776 4.5620406294 4.5804817415 4.6024401365 4.6232620823 4.63817564 4.6411557335 4.6968081677 4.701275083 4.7056693898 4.7137832528 4.9118741961 5.1415103473 5.1446992317 5.1650633563 5.2592378199 5.2849811195 5.5946463727 5.6088699883 5.6167483055 5.6572139789 5.6631466039 5.7523623173 5.8082487393 5.8264024345 5.8620525795 5.8818094829 5.9155060874 5.9448295382 5.9591636426 5.9768425104 6.0923577388 6.1103796214 6.2925122306 6.3557259423 6.3582531995 6.4620613402 6.5461780775 6.5861952473 6.6064747916 6.6066176755 6.6074737137 6.6138320491 6.6280196243 6.6343887089 6.6399798413 6.7115182532 6.7202544262 6.7208445068 6.7282885173 6.7798230798 6.7843907161 6.8066526447 6.9964431312 7.0857613293 7.0875542927 7.3643484256 7.3686766573 7.3969160766 7.4026039116 7.4666698398 7.4788574902 8.8854125842 8.9880950916 9.1322678459 9.1346313796 9.1395332751 9.151147771 9.2872374298 9.3009173242 9.4165824648 9.4207553824 10.2622652807 10.279565684 10.3348376871 10.3514648443 10.9204428387 11.3506947236 16.1421162093 16.3793275876 16.547864974 16.6135101633 16.6541931316 16.7148218069 16.7985121579 16.9117828796 16.9345209601 16.9700772802 16.97175263 17.0300068094 17.0767022818 17.0839352032 17.1371465443 17.2990193309 17.620141436 17.6725598968 17.8102977022 17.8478625708 17.8692722561 17.8811163068 17.9100990661 17.9147428039 17.9388496151 17.9452802391 17.9857419119 18.0485511839 18.0496451518 18.0905743821 18.1189983886 18.2201788125 20.4186476855 20.4498038402 20.5392546511 20.5495520774 20.5673061059 20.5779934696 20.6122249098 20.6488969449 20.9514747881 20.972745222 20.9755080112 21.0042366883 21.0188549736 21.1753097813 21.2244488106 21.2465344318
163 2.4596296279 2.732636039 3.4979500981 3.8304728975 3.8454973641 3.8550268208 3.8585618359 3.866067866 4.0193863499 4.0409575008 4.1002651575 4.1040097239 4.1154411212 4.1321203699 4.3763166966 4.3891277153 4.4802545411 4.5082843151 4.5417508945 4.558420778 4.5768984198 4.5915057927 4.6121047437 4.6261440494 4.64401462 4.6729090826 4.6824352343 4.7018284027 4.7131817462 4.9242892389 5.0665322307 5.1608955949 5.1847157123 5.2777761067 5.303021003 5.5825307646 5.5954538411 5.6099358623 5.6482407217 5.6515931963 5.7416497084 5.7924089919 5.8093829548 5.8161188663 5.8358841713 5.8925526924 5.9356254821 5.9727166227 5.993406844 6.1024753323 6.1179157894 6.2956320861 6.3339135915 6.3387971763 6.4542631087 6.6038115724 6.6084793615 6.6199454763 6.622571563 6.6258672179 6.6285135816 6.6350083177 6.6378346638 6.6404513592 6.713042334 6.7224244825 6.7294395281 6.7360829242 6.7938518182 6.8025680362 6.8070742072 7.004149607 7.0716298089 7.0735519899 7.3801406435 7.3848877647 7.3913480419 7.3969643282 7.4692576676 7.4820087716 8.8786693622 8.9923751939 9.1308084709 9.1345032266 9.1372892596 9.1511590874 9.2792415233 9.2932681074 9.4214310877 9.4249222968 10.2548838018 10.2722682278 10.3358492017 10.3524674689 10.8930004087 11.3710225621 16.1376972409 16.399139341 16.5488573182 16.6147604925 16.6666730958 16.7270685712 16.7941411314 16.907522851 16.9103295449 16.9681514938 16.9855124076 17.0362267995 17.075493483 17.09768774 17.1440905195 17.3131300424 17.6092000269 17.6596024292 17.7926858073 17.8475764358 17.871310465 17.8970485002 17.9054133119 17.909421901 17.9350586286 17.9413008494 18.0052984317 18.0405008228 18.0539381286 18.0963841731 18.1344899541 18.2294935023 20.3868398111 20.4182423729 20.5119594862 20.5122198326 20.5403145228 20.541139994 20.5756862161 20.6289081233 20.9770630682 20.9957357558 20.9975171416 21.0245830322 21.0396402562 21.2042179574 21.2574154939 21.2785277396
164 2.4023872467 2.6695725861 3.5430831701 3.820891171 3.8378032574 3.8447928792 3.858174545 3.9060363556 4.024938059 4.0465222984 4.0883155379 4.0995826072 4.1160748275 4.148034314 4.3871304813 4.399785164 4.4542613418 4.4834110817 4.5280078021 4.5548093803 4.5733238478 4.5804744757 4.5842289866 4.6289376873 4.6467857624 4.6469450568 4.6506781934 4.7014463929 4.7116928156 4.9369802777 4.9956003407 5.1814999814 5.2054410269 5.2960479197 5.3207282165 5.56913206 5.5808227953 5.6026334051 5.6336914901 5.6454261696 5.7311676798 5.7697593209 5.7770306197 5.7895373288 5.7927590952 5.8680250069 5.9262417447 5.9856812708 6.010476212 6.1109257076 6.1230622269 6.3002550131 6.313380302 6.3213027233 6.4465578262 6.6016981293 6.6226576645 6.6242017888 6.6300792869 6.6312951207 6.652994703 6.6553918018 6.6735889864 6.682145765 6.7141635801 6.7241823078 6.7381927424 6.7440449247 6.7808968917 6.825108968 6.8295536821 7.0115237532 7.0576777069 7.0597585724 7.3855575601 7.3911388732 7.3958055331 7.4010046281 7.4717343074 7.4850610153 8.8718979855 8.9965357434 9.1291103374 9.1344462597 9.1347915946 9.1511968174 9.2713351749 9.2856873739 9.4259129764 9.4287095418 10.2471567247 10.2646316349 10.3366085826 10.3532190893 10.8651880718 11.390963692 16.1343422038 16.4193562744 16.5505016309 16.6166585565 16.6797070074 16.7398880253 16.790367319 16.8859436477 16.9038643935 16.9661375981 16.9995295188 17.0428054418 17.0742427601 17.1117028444 17.1514389347 17.3262542702 17.5988734674 17.6473840484 17.7753100125 17.8473795542 17.873420407 17.895932738 17.9088371643 17.9129408585 17.9246545506 17.9438233594 18.0248746723 18.0314378984 18.0591251815 18.1019736893 18.1497399551 18.2387367035 20.3550341439 20.3866517302 20.4742557216 20.4850633721 20.5044225366 20.5132078561 20.5392435957 20.6092006777 21.0020861971 21.0154582401 21.02170367 21.044430991 21.0603192565 21.2323471595 21.2898850193 21.3100030626
165 2.3447673333 2.6060352243 3.5874284911 3.8117279937 3.8304128933 3.83494693 3.8505810014 3.9524411404 4.0294594338 4.0511368869 4.0725314691 4.0836320489 4.1318742811 4.1639158864 4.3976400865 4.4101023303 4.4283265601 4.4586019549 4.514317627 4.5512111954 4.5548820688 4.5694637231 4.5697627101 4.6066616129 4.6193310167 4.6316369201 4.6494629839 4.7001047443 4.7092867028 4.9356381797 4.9499400655 5.2029349704 5.2269070763 5.3140074442 5.3380726082 5.5544726103 5.5650049607 5.5948934116 5.6195225276 5.6387634778 5.7209326695 5.7230187131 5.7428134873 5.7621639756 5.7765904762 5.8422329458 5.9167178162 5.998263155 6.0278140527 6.1172405786 6.1252836647 6.2946440956 6.3060800299 6.3063585682 6.4389493763 6.600145447 6.6168382286 6.6230308368 6.6252083651 6.6399928038 6.6853451287 6.6864592586 6.7060327591 6.7148674805 6.7255137221 6.7408129101 6.7471056517 6.7521754748 6.7678027301 6.847443222 6.851829657 7.0185650717 7.0438987469 7.0461679239 7.3795405755 7.3851237018 7.4113144468 7.4169996477 7.4740987815 7.4880124506 8.8651130938 9.0005974255 9.1271647737 9.132033661 9.1344696909 9.1512705722 9.2635423617 9.2781990832 9.4300191083 9.4321085821 10.2390928138 10.2566647896 10.3371287606 10.3537324104 10.8370070588 11.4105149345 16.1320589904 16.4399264291 16.552771156 16.6191777804 16.693260601 16.7532494525 16.7871850467 16.8614007623 16.9008015894 16.9639967068 17.0137707036 17.0497353052 17.0728991689 17.1259471164 17.1591788794 17.3382917682 17.5891935989 17.6359450373 17.7582698441 17.8472694526 17.8755977102 17.8863126697 17.908342617 17.9140794 17.9287696472 17.9464126523 18.0224623971 18.0444429506 18.0641185738 18.1073492472 18.1647408382 18.2478999294 20.3232715503 20.3550734649 20.4365158758 20.4578179216 20.4678795811 20.4860181449 20.5029358911 20.5897676039 21.0265299321 21.0346690152 21.0452923091 21.0637736703 21.0808793896 21.2596753741 21.3218330655 21.3409382139
166 2.2867858334 2.542044399 3.6309675342 3.8029741647 3.8233406471 3.8254789028 3.8433034834 3.9977383649 4.0327779275 4.0546649344 4.0566781746 4.0676097069 4.1476265141 4.1797286118 4.402523169 4.407842808 4.4200747585 4.4339291812 4.5008566486 4.5243327699 4.5476309818 4.5478829028 4.5586049403 4.5662196888 4.5903930042 4.6342351699 4.6520395805 4.6977786276 4.7059333964 4.8891471925 4.9631596928 5.224899604 5.2488558399 5.3316226104 5.3550346407 5.53858541 5.5480380717 5.5867674876 5.6057582918 5.6316551274 5.6759463243 5.695761612 5.7109611878 5.7478532911 5.7609310577 5.8154389158 5.9070849156 6.0105785673 6.0452729537 6.1207945017 6.1240760204 6.2783893286 6.2945312038 6.3128555755 6.4314418759 6.5991597854 6.6110710965 6.620410339 6.6223579959 6.6486541727 6.7151417378 6.7152071428 6.7169991121 6.7264068362 6.7377850298 6.7545844368 6.7561812777 6.7604767677 6.8002657843 6.869568774 6.8739031592 7.0252739467 7.0302846472 7.0327718677 7.37329405 7.3789158571 7.4266384555 7.4328450168 7.4763490528 7.4908604562 8.8583292799 9.004585173 9.1249649634 9.1290106474 9.1345812472 9.1513887433 9.2558858135 9.2708260246 9.4337425855 9.4351130169 10.2307025386 10.248378249 10.3374229565 10.3540204444 10.8084589621 11.4296727352 16.1308529045 16.460796707 16.5556366046 16.6222891073 16.7072975644 16.767120465 16.784586217 16.8367397662 16.8983260814 16.9616920644 17.0282019749 17.0570062688 17.0714128446 17.1403864164 17.1672947542 17.349120632 17.5801890596 17.6253229336 17.7416879347 17.8472433939 17.8765652373 17.8778377017 17.9033454936 17.9079357609 17.944511867 17.9490639364 18.0135800965 18.0639759107 18.0689250034 18.1125176063 18.1794850492 18.2569746729 20.2915937168 20.3235500546 20.3988066567 20.4305173231 20.4315501513 20.4587785557 20.4668026081 20.5706112034 21.0503813233 21.0533626203 21.0682719429 21.0826051362 21.1013077507 21.2861826642 21.3532360083 21.3713117851
167 2.2284583344 2.4776200991 3.6736822182 3.7946179434 3.8163759617 3.8165994983 3.8363568302 4.0347089854 4.0407774842 4.0418886436 4.0515365886 4.0569648116 4.1632947968 4.1954363827 4.3769145498 4.4094559631 4.4177358966 4.4296981523 4.4749356137 4.4878201607 4.4928009395 4.5440734937 4.5480412485 4.5603900885 4.5626994598 4.636725208 4.6545081675 4.6944433059 4.7016032875 4.8555337044 4.9766288217 5.2471606248 5.2710853654 5.3488718278 5.3716028093 5.5215140482 5.5299693807 5.5783063361 5.5924241993 5.6241504976 5.6285962184 5.648435352 5.7012696821 5.7341363329 5.745828653 5.7878618746 5.8973675971 6.0226874673 6.0627616644 6.1191677334 6.120875543 6.2653952053 6.2861626988 6.3203755161 6.4240397332 6.5987426437 6.6053708005 6.6156990177 6.622183032 6.6572682887 6.714976455 6.7268522186 6.7412573137 6.7435283762 6.7479589994 6.7654237632 6.7688481298 6.7689518669 6.8585696939 6.8914838971 6.8957754325 7.016825352 7.0195603916 7.0316516339 7.3668160666 7.3725133831 7.4417484706 7.4485128354 7.4784820346 7.4936015838 8.8515610091 9.008528437 9.1225060547 9.1257196556 9.134787143 9.1515584719 9.2483868579 9.2635896654 9.4370786776 9.4377186282 10.2219981128 10.239784279 10.3375046205 10.3540964506 10.7795457825 11.4484331619 16.1307266901 16.4819127988 16.559066326 16.6259611592 16.7217796848 16.7814671758 16.7825603341 16.8120011261 16.8964270974 16.9591899073 17.0427887418 17.0646056243 17.0697362258 17.1549859883 17.1757684131 17.3585933002 17.5718845257 17.6155514307 17.725714016 17.8472983893 17.86670299 17.8801354183 17.892466101 17.9076138507 17.9517721298 17.9601452044 18.0047965219 18.0735515479 18.0834464695 18.1174858905 18.1939649981 18.2659524149 20.2600430711 20.2921248183 20.361190464 20.3954737869 20.4031965754 20.4308838897 20.4315233507 20.5517388976 21.0715345341 21.0736286815 21.0906327995 21.1009203705 21.1215912226 21.311851037 21.3840709154 21.4011031344
168 2.1698000595 2.4127818551 3.7155549961 3.7866451538 3.8076225404 3.8102011629 3.8297546039 4.0248524889 4.0350621314 4.0354344586 4.0578940207 4.0848509501 4.1788429603 4.2110037738 4.3515566468 4.3852381775 4.3907487843 4.4273164554 4.4389683276 4.4604702977 4.4754166966 4.5295324281 4.5379235547 4.5405434771 4.5592066896 4.639098962 4.6568604787 4.6900748927 4.6962679662 4.8318696931 4.9903358855 5.2695355804 5.293435663 5.3657414883 5.3877716814 5.5033124657 5.5108553981 5.5695597242 5.5795467256 5.581027548 5.6008933181 5.6162982893 5.6918743919 5.7210441927 5.73132455 5.7596842816 5.8875849905 6.0346191163 6.0802194171 6.1107057118 6.116940729 6.2562792983 6.2811836825 6.3284722515 6.4167477062 6.598890873 6.5997506829 6.6110871603 6.6225019499 6.6658237439 6.7143643029 6.7268430469 6.7278368249 6.7717095763 6.7748379642 6.7776043257 6.7782269598 6.7992242019 6.9131868547 6.9153975911 6.9174476599 7.0035093106 7.0065219254 7.0377002484 7.3601059245 7.3659154316 7.4566153628 7.4639752213 7.480493617 7.4962315929 8.8448225466 9.0124614433 9.1197852554 9.1221597925 9.1350920711 9.1517856345 9.2410652809 9.2565100139 9.4399234192 9.4400248522 10.2129935271 10.230896886 10.3373873736 10.3539738781 10.7502699765 11.4667919066 16.131680571 16.503218894 16.5630264961 16.6301604152 16.7366669978 16.7810945404 16.7872273103 16.796254373 16.8950914887 16.9564603137 17.0574959302 17.0678253614 17.0725181835 17.1697105816 17.1845793068 17.3665336659 17.5642999644 17.6066592021 17.7105277994 17.8474312107 17.8567387412 17.8814555012 17.8824856178 17.9073739071 17.9545318699 17.9756479834 17.9961169354 18.0780055728 18.1028277702 18.1222615072 18.2081730315 18.2748246328 20.2286626988 20.2608418283 20.3237274109 20.3596905169 20.3758917967 20.3952204881 20.4042878525 20.5331610897 21.0891811254 21.0962615425 21.1123664095 21.1187152234 21.1417165441 21.3366643449 21.4143155404 21.4302923736
169 2.1108258626 2.3475487368 3.7565689496 3.7790393015 3.7992003751 3.8041562153 3.8235092122 4.0089276611 4.0193258639 4.0336507089 4.057315474 4.1265825582 4.1942356792 4.2263963563 4.2984561649 4.3264995255 4.3613257007 4.4274981563 4.436581345 4.4478811776 4.4638584603 4.4979949654 4.5284046415 4.5370456651 4.5557460312 4.6413472656 4.6590871065 4.6846512468 4.6899011481 4.815023676 5.0042682621 5.2918797992 5.3157781476 5.3822240306 5.4035403805 5.4840445343 5.490761492 5.5333049082 5.5531994011 5.5605764429 5.5671534785 5.6081464733 5.6827911933 5.7086012103 5.7174532518 5.7310593877 5.8777517695 6.0463862029 6.09760176 6.0992509915 6.1089777449 6.251134614 6.2791164154 6.3370094704 6.4095709609 6.594222971 6.5995969153 6.606586445 6.6233071907 6.6743086983 6.7133006679 6.7143385671 6.7263752419 6.7844290377 6.786437801 6.7998218626 6.8078048267 6.8289150392 6.9346756165 6.9389207043 6.9706378079 6.9903238026 6.9936436673 7.0434227486 7.3531642288 7.359122363 7.47121008 7.4792044191 7.4823787087 7.4987454989 8.8381278942 9.0164234243 9.1168019114 9.1183322501 9.1354992123 9.1520748432 9.2339392067 9.2496055002 9.4417276415 9.4425807935 10.2037045775 10.2217318421 10.337084952 10.3536663096 10.7206345023 11.4847442905 16.1337122975 16.524656875 16.5674813209 16.6348514044 16.7519179396 16.7624637043 16.7801736651 16.8114456952 16.8943037785 16.9534780022 17.0656412354 17.0722881034 17.080726391 17.1845245714 17.1937046294 17.3727371938 17.5574499371 17.598668708 17.6963388514 17.8466853735 17.8476384031 17.8703290766 17.8848827915 17.9072127297 17.9573375229 17.9875463252 17.9909991204 18.0822946371 18.12209314 18.1268520606 18.2221014116 18.2835828105 20.1974962566 20.2297458181 20.2864763737 20.3242408308 20.3486401857 20.359853734 20.3771084072 20.514889995 21.1062996023 21.1182706274 21.1334655602 21.1359863655 21.1616703556 21.3606082072 21.4439483166 21.458860355
170 2.0515502248 2.2819393497 3.7717817004 3.7910885278 3.7967078903 3.7984741998 3.8176320225 3.9930290148 4.0032341809 4.0303052816 4.0551054991 4.1670390136 4.2003651067 4.2094387442 4.241581006 4.3017885136 4.337763433 4.3940226169 4.4455271013 4.4533479613 4.4564326569 4.4659274194 4.519631391 4.5335847738 4.5523221201 4.6434595297 4.6611771588 4.6781529885 4.6824797151 4.8026919232 5.0184124269 5.3140767803 5.3380078699 5.3983164187 5.4189113912 5.4637834849 5.4697613675 5.4854987603 5.5054231481 5.5514042535 5.5552732355 5.5997422326 5.6740354321 5.6968250297 5.7021177405 5.7042423482 5.8678789118 6.0579921549 6.0855759634 6.097615382 6.1148732046 6.2494177241 6.2792761071 6.3458756781 6.4025151295 6.5887988405 6.6008491431 6.6022074595 6.6245878978 6.6827109241 6.7007782459 6.7117837793 6.7254475836 6.794202032 6.7954556657 6.827884831 6.8366939465 6.8579219305 6.9559475943 6.9601948645 6.9772553017 6.9809119533 7.0242288894 7.0488229183 7.3459929712 7.3521358396 7.4841312964 7.4855037668 7.4941729088 7.5011376333 8.8314907334 9.0204588156 9.1135575713 9.1142403698 9.1360102613 9.1524294607 9.2270249962 9.2428928752 9.4431338101 9.4447484083 10.1941488856 10.2123067036 10.3366111533 10.3531874086 10.6906428664 11.502285273 16.1368172011 16.5461641313 16.5723932537 16.6399969122 16.7377608943 16.7674895001 16.7797802836 16.8270038047 16.8940462226 16.9502230373 17.0631510325 17.0871295799 17.0892104407 17.1993920777 17.2031194647 17.3769769084 17.5513429968 17.5915950634 17.6833805949 17.8365555877 17.8479162981 17.859103461 17.8873211782 17.9071269116 17.9601831941 17.9790893965 18.0061780804 18.0864263938 18.131265264 18.1412160556 18.235742299 18.2922184516 20.1665878808 20.1988820856 20.2494955448 20.2891656476 20.321479978 20.3248255048 20.3500223454 20.4969389605 21.1228879592 21.1396478006 21.1527312377 21.1539242474 21.1814392261 21.3836699455 21.472948351 21.4867886575
171 1.9919872513 2.2159718316 3.7648516068 3.7832633963 3.7931637318 3.8121334658 3.8359564663 3.9771843133 3.9871836875 4.0248895509 4.051162979 4.0979609348 4.2061741507 4.2244193223 4.2565262 4.2774650477 4.3145920927 4.3601678331 4.433461455 4.4440620019 4.4541498691 4.4646187835 4.5117357307 4.5301654976 4.5489395701 4.6454233062 4.6631178051 4.6705646125 4.6739848462 4.793394179 5.032754091 5.3360312354 5.3600378316 5.4140189282 5.4338896025 5.4376859544 5.4426112093 5.4479364431 5.457640221 5.5420898205 5.543935931 5.5911318946 5.6656217448 5.672972561 5.6857267787 5.6917125186 5.8579743049 6.0694349709 6.0704413424 6.0838251984 6.1320033564 6.2502455237 6.2809923375 6.3549788387 6.3955863679 6.5834884736 6.5979597056 6.6026322667 6.6263302312 6.6871716611 6.6910178576 6.7098148175 6.724061806 6.8041614815 6.8046606266 6.8559013817 6.8648950336 6.8862455129 6.9642898721 6.9683126634 6.9769993961 6.9812696446 7.0539053458 7.0761238034 7.3385956058 7.3449589129 7.4857445209 7.499467884 7.5034017177 7.508853515 8.8249243774 9.0246174011 9.1098896914 9.1100560341 9.136625469 9.1528516281 9.2203371678 9.2363871302 9.4441467088 9.4465318203 10.1843459128 10.2026408231 10.3359797858 10.3525508679 10.6602991689 11.5194094636 16.1409882565 16.5676669765 16.5777232247 16.6455581993 16.713181337 16.7798947891 16.7833373773 16.8428905584 16.8942988817 16.9466813965 17.0603292554 17.0979483975 17.1019845494 17.2127969348 17.2142770809 17.3790185657 17.5459812203 17.5854450542 17.6718951269 17.8263615753 17.8477967641 17.8482610269 17.8897947775 17.9071128525 17.9630627389 17.9707505628 18.0211648373 18.0904084899 18.1355088487 18.1601701126 18.2490877377 18.3007230954 20.1359820927 20.1682963926 20.2128427184 20.2545062827 20.2901781894 20.2944504011 20.3230679413 20.4793220466 21.138944924 21.1603860249 21.1689480008 21.1737376228 21.2010096709 21.4058385258 21.5012954171 21.5140595724
172 1.9321506693 2.1496638493 3.7582263556 3.7756987022 3.788232587 3.8070231312 3.8743002736 3.9614233338 3.9711996677 3.9921722281 4.0173162826 4.0454185255 4.239146196 4.243940172 4.2535673091 4.2712022946 4.2918488375 4.3260478405 4.4007157924 4.4361355374 4.4624453571 4.472435665 4.5048254097 4.5267925039 4.5456029691 4.6472237032 4.6618756674 4.6644032033 4.6648936664 4.7862084687 5.0472783262 5.3576640807 5.3817948233 5.3899503942 5.4099329758 5.4206174634 5.4253751457 5.4293341612 5.4484815278 5.5326786267 5.5331725767 5.5823608531 5.6437240071 5.6575638695 5.6753113581 5.6798776619 5.8480432315 6.0544789963 6.0685467155 6.0807092985 6.1489648014 6.2527683334 6.2837245037 6.3642421148 6.3887914132 6.5783011136 6.5938516113 6.6049277809 6.6285177043 6.6735346987 6.6992166568 6.7073980008 6.7222226737 6.8140543492 6.814311013 6.8838678772 6.8924080353 6.9138856325 6.9514135886 6.9558316545 6.997826596 7.0021435373 7.0586754021 7.1262790225 7.3309771175 7.3375961032 7.4872107723 7.5055309524 7.5130743324 7.5232195177 8.8184417288 9.0289543898 9.1052879949 9.1063033759 9.1373436985 9.1533423047 9.2138883402 9.2301014379 9.4447733824 9.447937351 10.174316966 10.1927553533 10.3352046198 10.3517703614 10.6296081495 11.5361111371 16.1462161493 16.5834308802 16.5890557296 16.6514952298 16.6888243531 16.7804954746 16.7994161322 16.859067173 16.8950397037 16.9428453681 17.0571586081 17.1069163214 17.1168171864 17.2227083499 17.229143536 17.378646934 17.5413599095 17.5802163888 17.6621069256 17.8161145858 17.8364289034 17.8486685339 17.8922973659 17.9071667737 17.9625339385 17.9659697733 18.0359398354 18.0942484645 18.1395904727 18.1789290001 18.2621296391 18.3090883388 20.1057237006 20.1380348603 20.1765754237 20.2203044111 20.2559546506 20.2675916255 20.2962843698 20.4620537586 21.1544699036 21.1804793132 21.1846354844 21.1929019394 21.2203681602 21.427104507 21.5289699488 21.5406560885
173 1.8720538274 2.0830325943 3.7518814939 3.7683654523 3.7836877776 3.8023098478 3.8835893065 3.9117259719 3.9457781937 3.9553085548 4.0075598049 4.0378422117 4.2301307071 4.2535899805 4.2695677526 4.280287808 4.2855817793 4.2917693378 4.3677998456 4.429648863 4.4704088168 4.4798795485 4.498976084 4.5234704286 4.5423168739 4.6488425929 4.6520819616 4.653728133 4.6664859886 4.7805526914 5.0619696804 5.3423839084 5.3623912149 5.3789088279 5.3978989981 5.4021721392 5.4032163609 5.444266237 5.4626946592 5.5230150974 5.5232148727 5.5734734773 5.6144624758 5.6498744459 5.6655778238 5.6687451453 5.8380887659 6.038171494 6.0525139737 6.0918076065 6.1657319027 6.2563415683 6.2870804819 6.3736005525 6.382137639 6.5732451175 6.589890547 6.6077144213 6.6311315272 6.6598833332 6.7045406536 6.7072942669 6.7199380372 6.8236370944 6.824652961 6.9117776735 6.9192320053 6.9386129722 6.940841215 6.9434552104 7.0184235203 7.0228138182 7.063139215 7.1746504308 7.3231440854 7.3300534728 7.4885218036 7.5075181199 7.5262955803 7.5372447661 8.8120552454 9.0335304039 9.1004453105 9.1023079737 9.1381624934 9.1539013191 9.2076891988 9.2240471148 9.4450231187 9.4489734895 10.1640851956 10.1826732423 10.3342993424 10.3508594977 10.598575233 11.5523842524 16.1524893485 16.5894748302 16.6100372994 16.6577669077 16.6649736059 16.7815586263 16.8156793442 16.8754943819 16.8962446179 16.9387137496 17.0536305689 17.1160883963 17.131591761 17.2328233579 17.2439554831 17.3757006509 17.537467488 17.5758972569 17.6541879808 17.8058243541 17.8250220797 17.8491345901 17.8948225121 17.9072847322 17.9544433335 17.9688976852 18.0504839538 18.0979536473 18.1435176284 18.1974664797 18.2748597618 18.3173058684 20.0758576985 20.1081438619 20.140750966 20.1866020287 20.2221981848 20.2409447129 20.2697116621 20.4451488629 21.16946293 21.1997931349 21.1999226789 21.2114144943 21.2395011217 21.4474599913 21.5559530331 21.5665618774
174 1.8117096952 2.0160947804 3.7457909041 3.7612318701 3.772601199 3.7795356125 3.7980017527 3.930283745 3.939538122 3.9482214019 3.9956618816 4.0284484024 4.2071882494 4.2477802383 4.2574337047 4.2677233095 4.2996394982 4.3151665812 4.3348163143 4.4246213397 4.4780350497 4.4869468965 4.4942261885 4.5202038702 4.5390858059 4.6411867484 4.6419608346 4.6502575218 4.6678715067 4.7760477237 5.076812285 5.2950874223 5.3151131928 5.3745586369 5.3784275028 5.3997089688 5.4242484201 5.4588201156 5.4765369267 5.5134960577 5.5137413604 5.5645130093 5.5852711248 5.6425648085 5.6565198414 5.6583161544 5.8281120989 6.0218748773 6.0362497682 6.1027208715 6.1822800862 6.2605297102 6.2907920604 6.3756331102 6.3829985304 6.5683280063 6.5860828448 6.6109686056 6.6341509347 6.6462336393 6.7012532539 6.7152374903 6.7172188683 6.8334073678 6.8351880002 6.9258754299 6.9311704988 6.9396224509 6.9453649881 6.9671101465 7.0387830464 7.0432763513 7.0673036424 7.221191625 7.3151047423 7.3223386942 7.4896688645 7.5093557036 7.5391047974 7.5509037969 8.805776911 9.0384113521 9.0953739314 9.0980804954 9.1390781579 9.1545274291 9.2017484846 9.2182336065 9.4449074177 9.4496508489 10.1536755829 10.1724192195 10.3332775144 10.3498317768 10.5672065744 11.5682224738 16.1597941847 16.5958129011 16.6274246414 16.6448076963 16.6643313187 16.783058627 16.8320797653 16.892132582 16.8978876393 16.9342918384 17.0497456044 17.1254370623 17.1462727466 17.243110096 17.2586771557 17.3701064304 17.5342856037 17.5724662468 17.6482235719 17.7954983503 17.8136014379 17.8496548071 17.8973635941 17.9074626355 17.9464822491 17.9718396466 18.0647784727 18.1015310591 18.1472975521 18.2157563683 18.2872696808 18.325367505 20.0464291622 20.078669912 20.1054264113 20.1534414091 20.1889524787 20.2145515611 20.2433906594 20.4286222575 21.1839246059 21.214420965 21.2187120826 21.2292735688 21.2583949401 21.4668985772 21.5822264035 21.5917612787
175 1.751130864 1.9488666404 3.6594757675 3.7399269103 3.7542632975 3.7757817407 3.7941063427 3.9149780328 3.9239177267 3.9817294064 3.9837757034 4.0172966995 4.1847708298 4.2231384622 4.2265153206 4.2815209889 4.3018630297 4.3133528335 4.3485251985 4.4210132325 4.4853184467 4.4905755941 4.4936344883 4.516997385 4.5359142455 4.6291114444 4.6292018419 4.6514401947 4.669020867 4.772437362 5.0917899547 5.2481725703 5.2682069949 5.3507043198 5.3542458699 5.4200160628 5.4448437483 5.4730010258 5.4900162377 5.5042993641 5.5046482573 5.5555214506 5.5562277781 5.6356447738 5.648126194 5.6485861295 5.8181128104 6.005849478 6.0201158344 6.113438996 6.1985854009 6.2650543715 6.2946823817 6.3692866339 6.3923878056 6.5635565117 6.5824338184 6.6146648415 6.632601814 6.6375534892 6.6975494626 6.7140792768 6.7230330625 6.8433615861 6.8459147905 6.9131896909 6.9189660246 6.9673927085 6.9708039151 6.9926891656 7.0588964159 7.0635254039 7.0711762426 7.2658532579 7.306869031 7.3144611133 7.4906428561 7.5110360246 7.5514759963 7.5641719578 8.799618213 9.0436681643 9.0900883992 9.0936338837 9.1400858448 9.1552183897 9.1960730073 9.2126684949 9.4444399484 9.4499821097 10.1431149178 10.1620197715 10.3321525299 10.3487005486 10.535509105 11.5836191949 16.1681149296 16.6024023914 16.6141145493 16.6554224112 16.6711459758 16.7849680703 16.8485694736 16.8999409828 16.9089419664 16.9295912157 17.0455130084 17.1349331507 17.1608249248 17.2535353418 17.2732730845 17.3618991649 17.5317894333 17.5698926359 17.6441921514 17.7851408351 17.8021959319 17.8502246502 17.8999138164 17.9076962564 17.9386538761 17.9747886249 18.0788050422 18.1049873148 18.1509371359 18.2337725246 18.2993507363 18.3332652745 20.017483143 20.0496595532 20.0706585337 20.1208650574 20.1562615613 20.1884548453 20.217362965 20.412488875 21.1978560507 21.2285195005 21.23684438 21.2464783664 21.2770359515 21.4854153133 21.6077724337 21.6162392851
176 1.690329549 1.8813639243 3.5444062986 3.7342603572 3.7474220837 3.7724311734 3.7906305071 3.8999028032 3.9084786178 3.965924743 4.0044888628 4.0183794311 4.1629074545 4.188978323 4.2057999024 4.2690342657 4.294960112 4.3267018454 4.3803120954 4.4187348523 4.4879882058 4.4922530581 4.4999395461 4.5138554806 4.5328066271 4.6151999852 4.6161486073 4.6523543343 4.6698964056 4.7695417891 5.1068862825 5.2017639612 5.2217924694 5.3264481238 5.3297355372 5.4397883225 5.4649606001 5.4868139765 5.4949284908 5.4965041698 5.5031400821 5.5274063538 5.54653944 5.629122427 5.6395452672 5.6403813233 5.808089099 5.9902857531 6.0043624668 6.1239510713 6.2146242389 6.269743034 6.2986384866 6.3631078081 6.4017260204 6.5589366215 6.5789477833 6.618776084 6.6190042095 6.6413153444 6.693446135 6.7105365071 6.7306677319 6.85349376 6.8568296405 6.90054623 6.9068320699 6.9950779078 6.9955445138 7.0175737689 7.0747652426 7.0787530599 7.0835534697 7.2984486599 7.3064318088 7.3085829508 7.491434508 7.512551395 7.563384184 7.5770255381 8.7935901248 9.0493763584 9.0846054752 9.0889833202 9.1411796517 9.1559710279 9.19066768 9.2073575271 9.4436364932 9.4499819507 10.1324317655 10.1515031061 10.3309375785 10.3474789749 10.5034905783 11.5985675654 16.1774338789 16.5913393171 16.6092003282 16.6755790897 16.6781680651 16.7872578835 16.8651000249 16.9023751878 16.9246293437 16.9258826407 17.0409503834 17.144546023 17.1752134864 17.264064666 17.2877081992 17.351218274 17.5299481703 17.5681370349 17.64196898 17.7747517696 17.7908393484 17.8508394526 17.9024662286 17.9079812471 17.930961096 17.9777373955 18.0925456535 18.1083285314 18.1544428428 18.2514888385 18.3110939439 18.3409915187 19.9890645595 20.0211592405 20.0365037387 20.0889156596 20.1241697531 20.1626979561 20.1916708941 20.3967636066 21.2112588472 21.2420897313 21.2543172641 21.2630289498 21.2954104371 21.503006653 21.6325741311 21.6399815277
177 1.6293175913 1.8136018975 3.4275390637 3.728760654 3.7406674924 3.7694882809 3.7875805356 3.8851040222 3.8932543117 3.9484514661 3.9901624448 4.0520246653 4.1416254198 4.1550459386 4.1856589689 4.2364216627 4.3080201339 4.3396693637 4.4104761546 4.4176602633 4.486397783 4.4988326981 4.5058598835 4.5107826103 4.529767333 4.6002571271 4.6020587867 4.6529526173 4.6704489873 4.7672300653 5.1220847277 5.1560024132 5.176003984 5.3019052709 5.305007551 5.458989553 5.4845617857 5.4856665355 5.4890952034 5.4988779225 5.5002633341 5.5159151911 5.537606126 5.6230039093 5.631179067 5.633265886 5.7980379793 5.9753229695 5.9891641832 6.1342455514 6.230373154 6.2744919031 6.3025911861 6.3571070647 6.4109755576 6.5544736199 6.5756280776 6.6054573772 6.6232740344 6.6454114655 6.6889633129 6.7066109173 6.7381283441 6.8637951966 6.8679261868 6.8879376722 6.8947611125 7.0195812307 7.0226664628 7.0417581307 7.0780795031 7.0983404356 7.103351099 7.2898571591 7.2982636502 7.3493255945 7.4920345781 7.5138942906 7.5748055247 7.5894419071 8.787703094 9.0556154133 9.0789440953 9.0841461707 9.1423527228 9.1567813227 9.1855355757 9.2023046646 9.4425148785 9.4496669666 10.12165642 10.140899105 10.3296456109 10.3461799932 10.4711596172 11.6130605204 16.1877314354 16.5683402696 16.6161637202 16.6853546904 16.6960311085 16.7898974618 16.881622602 16.9051592512 16.9194290045 16.9429147184 17.0360828175 17.1542437137 17.1894041291 17.2746625848 17.3019479256 17.3382818121 17.5287256669 17.5671523326 17.6413520018 17.7643258077 17.779571266 17.8514944286 17.905013744 17.9083131543 17.923406485 17.9806785545 18.1059826111 18.1115602418 18.157820627 18.2688792233 18.3224898339 18.3485390821 19.9612180868 19.9932152239 20.003017969 20.057636027 20.0927216097 20.1373249321 20.1663574213 20.3814612412 21.2241349886 21.2551330604 21.2711292094 21.2789261756 21.3135046129 21.5196704093 21.6566151306 21.6629742615
178 1.5681064616 1.745595341 3.3089900394 3.7233957769 3.7339557002 3.7669567613 3.7849621 3.8706323307 3.8782810379 3.9295389 3.9744824651 4.0847051143 4.1209504561 4.121432417 4.166115758 4.204114867 4.3206829033 4.3522410278 4.4176421707 4.4389676151 4.4857156729 4.5050510786 4.507783167 4.5113940705 4.5268006876 4.5843247332 4.586975105 4.6531722338 4.670613465 4.7654034543 5.1110496309 5.1309944245 5.137368701 5.2771931293 5.280174777 5.470711481 5.4765493356 5.477588344 5.4824507697 5.5036139513 5.5133524565 5.5283472392 5.5287590361 5.6172932148 5.6234689048 5.6267573103 5.7879554537 5.9610620083 5.974642921 6.1443103711 6.2458087413 6.279241445 6.30650104 6.3512957056 6.4201026627 6.5501721253 6.572477083 6.5919781227 6.6281293739 6.6498157998 6.6841242014 6.7023259389 6.7454019277 6.874254222 6.875359171 6.8791950924 6.882748216 7.0429071706 7.0501456604 7.0652350379 7.0811284812 7.1176438752 7.1229067343 7.2811099402 7.2899713556 7.3880239709 7.4924340781 7.5150575424 7.5857175157 7.6013996622 8.7819670343 9.062467925 9.0731253062 9.0791419137 9.1435973539 9.1576444889 9.1806780039 9.197512152 9.4410948917 9.4490555717 10.1108208448 10.1302392619 10.3282893058 10.3448162828 10.4385257626 11.6270908108 16.1989861913 16.5456033312 16.6232498068 16.692663113 16.7162883186 16.7928548096 16.898088159 16.9082607715 16.914017621 16.9599983923 17.0309418331 17.1639930762 17.203363152 17.2852927143 17.3159582793 17.3233498942 17.5280811887 17.5668848667 17.6420984018 17.7538519291 17.7684373965 17.8521846879 17.9075491599 17.9086874335 17.915992322 17.9836045321 18.1146873169 18.1190985088 18.1610758613 18.2859176114 18.3335281491 18.3559016416 19.933988046 19.9658734293 19.9702565987 20.0270690358 20.0619618605 20.112380388 20.1414661252 20.3665964122 21.2364868276 21.267651255 21.2872794135 21.2941716284 21.3313046185 21.5354057115 21.6798796889 21.6852043516
179 1.5067072647 1.6773585516 3.1888553279 3.7181322307 3.7272400068 3.7648395743 3.7827802008 3.8565433054 3.8635982488 3.9094282213 3.9576325737 4.0882276672 4.1009068429 4.1164162041 4.1471919024 4.1722019595 4.3329326506 4.3644052741 4.4185252341 4.4657391754 4.4858390227 4.5048614759 4.5109019708 4.5165416127 4.5239109513 4.5674561521 4.570951642 4.6529283831 4.670302128 4.7639850404 5.0670950127 5.086941056 5.1527216434 5.2524302122 5.2553509587 5.4429745025 5.4676106294 5.4765971541 5.495557442 5.5200339483 5.5220870324 5.526083375 5.5404405844 5.6119919986 5.6163926162 5.6208303393 5.7778366636 5.9475740535 5.9608827393 6.1541330333 6.2609075594 6.2839606694 6.3103487149 6.3456859305 6.4290767686 6.5460361252 6.5694962471 6.5785835729 6.6333119279 6.6545013958 6.6789551272 6.6977080194 6.7524757819 6.8628087599 6.8707913886 6.8848559255 6.8906237605 7.0655140518 7.0775015493 7.0839221901 7.0879958427 7.136646445 7.1422065492 7.2722243611 7.2815715505 7.4246196646 7.4926245244 7.516034548 7.5960991805 7.6128787858 8.7763913226 9.0671721838 9.0700185285 9.0739920501 9.1449051013 9.1585550635 9.1760946046 9.1929806036 9.4393981834 9.4481678903 10.0999585984 10.1195566076 10.32688104 10.3434002343 10.4055995225 11.6406510366 16.211175008 16.5232568638 16.6304162981 16.7000509848 16.7362192006 16.7960966926 16.9084265013 16.9116460996 16.9144475611 16.977093977 17.0255641955 17.1737599332 17.2170575452 17.2959179246 17.3066906538 17.3297059563 17.5279702415 17.5672757285 17.6439586291 17.7433146913 17.7574883347 17.8529052489 17.9087206014 17.9090994634 17.9100651779 17.9865076063 18.1177138971 18.1318762067 18.164213272 18.3025779515 18.3441972542 18.3630743284 19.9074182908 19.9382743195 19.9391793386 19.9972575605 20.0319353415 20.0879094372 20.1170411291 20.3521835525 21.2483170259 21.2796463986 21.3027677385 21.3087675537 21.3487965038 21.5502129611 21.702352679 21.7066592591
180 1.4451307442 1.6089053438 3.0672178239 3.7129349843 3.7204714555 3.7631388355 3.7810390746 3.842897318 3.8492491687 3.8883616408 3.9398068839 4.0555206084 4.0815175039 4.1289075503 4.1407697244 4.1471551515 4.3447559323 4.3761532719 4.4201562986 4.4866583029 4.4907472807 4.5020217887 4.5163793874 4.5211023134 4.5213031347 4.5497162543 4.5540539464 4.652104704 4.6693952958 4.7629130946 5.0243655175 5.0440541589 5.1681271013 5.2277351802 5.2306497711 5.4157333134 5.4588819248 5.4715562033 5.5114647677 5.5128732539 5.5384565193 5.5399538368 5.5521980399 5.6070994053 5.6099250731 5.6154575517 5.7676760246 5.9349065923 5.9479392365 6.1637006766 6.2756460823 6.2886369692 6.3141283112 6.3402908522 6.4378699742 6.5420690065 6.565291254 6.5666861062 6.6387907635 6.6594404722 6.6734854801 6.6927865462 6.759337564 6.8502876739 6.8588919053 6.8955819266 6.9021960673 7.0864711551 7.0873921805 7.1047188163 7.1100304332 7.1553288165 7.1612342898 7.2632197994 7.2730828307 7.4590542466 7.4925982179 7.5168195039 7.6059312784 7.6238608151 8.7709847992 9.061109732 9.0687199942 9.0783525832 9.1462668903 9.1595069939 9.1717834593 9.1887091052 9.4374481552 9.4470256333 10.0891047447 10.1088856183 10.3254328614 10.3419439202 10.3723924251 11.6537336812 16.2242730917 16.5013730683 16.6376216049 16.7074765726 16.7557494444 16.7995887971 16.9026900496 16.9152805 16.930651717 16.9941619186 17.0199906688 17.1835092305 17.2304550761 17.2885564482 17.3065004959 17.3431584183 17.5283454257 17.5682621163 17.6467001744 17.7326981277 17.7467756968 17.853651053 17.9015930519 17.9095445602 17.9125544252 17.9893799184 18.1206433343 18.1442988116 18.1672368832 18.31883421 18.3544829068 18.3700549908 19.8815520951 19.9071250201 19.9131778691 19.9682444012 20.0026869208 20.0639576073 20.0931270375 20.3382368528 21.2596285056 21.291120845 21.3175946511 21.3227167911 21.3659662133 21.5640937904 21.7240195856 21.7273270284
181 1.3833872892 1.5402490526 2.9441515843 3.7077674227 3.7136001368 3.7618556625 3.7797420528 3.8297587071 3.8352813275 3.8665749955 3.9212031866 4.023399273 4.0628040849 4.1099037951 4.1112814694 4.1769210155 4.3561415335 4.3874788103 4.422391217 4.4880634417 4.4992682753 4.5139535598 4.5183788854 4.5214777786 4.5256805635 4.5311812198 4.5363588999 4.6505392948 4.6677281209 4.7621367304 4.9831396432 5.0025896622 5.1835687981 5.2032258524 5.2061838772 5.3890533327 5.4503923845 5.467343863 5.5030834138 5.5295154448 5.5504704844 5.5571897245 5.5636206753 5.6026119242 5.6040387447 5.6106098534 5.7574673487 5.9230877218 5.9358457942 6.1730001328 6.2900006731 6.2932694098 6.3178426657 6.3351244969 6.4464566406 6.5382735848 6.5521191818 6.5640463124 6.6445342193 6.664604436 6.6677476372 6.6875937513 6.7659753765 6.8378006442 6.8470545974 6.9064101666 6.9138921095 7.0887863656 7.1085304439 7.1313272245 7.1317806591 7.1736691474 7.1799711147 7.2541177366 7.2645258301 7.4912707064 7.492348552 7.5174076576 7.6151965362 7.634329021 8.7657557719 9.0549647623 9.0633509464 9.0875546304 9.1476731253 9.1604937262 9.1677412149 9.1846953301 9.4352698311 9.4456519604 10.0782957454 10.098262108 10.3239564632 10.3389170724 10.3404590689 11.6663311473 16.2382540617 16.4800084553 16.6448250552 16.71489897 16.7748214501 16.8032958982 16.8968449813 16.919128319 16.9466517011 17.0111627653 17.0142647982 17.1932051959 17.2435243712 17.2691714118 17.3170022757 17.3562839749 17.5291572825 17.5697786573 17.6501199986 17.7219921693 17.7363457759 17.854416979 17.894611163 17.9100179923 17.9150094774 17.9922134883 18.1234781469 18.1563496608 18.1701499721 18.3346603745 18.3643654983 18.3768469894 19.8564320396 19.8768616627 19.8879132522 19.9400722037 19.9742614172 20.0405707482 20.0697688666 20.3247702241 21.2704244026 21.3020771731 21.3317611634 21.3360227061 21.382799568 21.5770510223 21.7448664999 21.747196274
182 1.3214869406 1.4714025381 2.8197247528 3.7025914048 3.7065775021 3.7609899668 3.7788913632 3.8171939198 3.8217469765 3.8442933237 3.9020178004 3.9919508236 4.0447870189 4.0796887051 4.0943311359 4.2057147233 4.3670803301 4.3983781409 4.4250986944 4.489948321 4.4966050171 4.511938099 4.5157446934 4.5179543497 4.5261922321 4.5296773016 4.5353263534 4.6480049213 4.6650731848 4.7616129996 4.9437660197 4.9628670812 5.1790182339 5.1820639985 5.1990307 5.3629992006 5.4421687323 5.463968627 5.4949197219 5.5454666052 5.5621218376 5.5737723579 5.5747076422 5.5985232775 5.5987042301 5.6062569333 5.7472039564 5.9121294086 5.9246179407 6.1820179791 6.2978641607 6.3039475768 6.3214999686 6.3302017839 6.454813079 6.5346521299 6.5390859627 6.5615756628 6.6505098707 6.6617768679 6.6699638533 6.6821645976 6.7723778501 6.8253561687 6.8352881076 6.917314725 6.9256879676 7.090879224 7.1289163249 7.1518731708 7.1586686568 7.1916429759 7.1983954325 7.244941857 7.2559232957 7.4918703534 7.5177955795 7.5212150932 7.6238799017 7.6442685995 8.7607120227 9.0487657534 9.0579117453 9.0977066561 9.1491137968 9.1615082938 9.1639632199 9.1809356658 9.4328897138 9.4440713294 10.067569335 10.087723103 10.3051871994 10.3224631612 10.3389570401 11.6784357935 16.2530900082 16.4592134748 16.6519870959 16.7222782958 16.7933846578 16.8071820358 16.8909295725 16.9231531624 16.9623988649 17.0084317784 17.0280570927 17.2028115024 17.2487276842 17.2562349934 17.3273848385 17.3690518612 17.530355099 17.5717586378 17.6540482872 17.7111991132 17.7262332028 17.8551978575 17.8877762202 17.9105149944 17.9174228814 17.9950002328 18.1262199885 18.1680123082 18.172955036 18.3500304623 18.3738132788 18.3834660103 19.832099899 19.8475361561 19.8634289131 19.9127833721 19.9467035104 20.0177949312 20.0470119678 20.3117972615 21.2807080213 21.3125181442 21.3452687729 21.3486891229 21.3992822452 21.5890886329 21.764880116 21.7662561692
183 1.2594393991 1.4023781911 2.6940015549 3.6973675868 3.6993599603 3.7605401807 3.7784878623 3.8052683312 3.8087032062 3.8217286878 3.8824419791 3.9612614996 4.0274855815 4.0502078602 4.0780728146 4.2335390636 4.3775651145 4.4088497824 4.4281618907 4.4920841914 4.4922137213 4.494035999 4.4989385444 4.5132036709 4.5305186677 4.5332983841 4.5548422483 4.6441833784 4.661120871 4.7613049105 4.9066844002 4.9252930242 5.1552255694 5.1583980092 5.2144970791 5.3376348185 5.4342351862 5.4614299859 5.487001363 5.5607119689 5.5734049702 5.5854560233 5.5896815045 5.5938907598 5.5948243522 5.6023676839 5.7368787806 5.9020301056 5.9142566019 6.1907405898 6.3024312712 6.3174629286 6.3251112564 6.3255384809 6.4629173074 6.5262109076 6.5312063914 6.5592721345 6.6556112185 6.6566844348 6.6754883762 6.6765366424 6.7785342236 6.8129667646 6.8236051173 6.9282656637 6.9375554818 7.0927614896 7.1485359388 7.1716538012 7.1853626429 7.2092231259 7.2164827338 7.2357181619 7.2473001702 7.4911602536 7.5179814529 7.5488383088 7.6319688241 7.653666873 8.7558608182 9.04254269 9.0524307024 9.1088862117 9.1505785878 9.1604436685 9.1625434038 9.1774253504 9.4303356238 9.4423093309 10.0569643759 10.0773066975 10.2712177353 10.3209638726 10.337448803 11.690039972 16.2687515362 16.4390355454 16.6590694756 16.7295758772 16.8112106982 16.8113924681 16.8849829686 16.9273180792 16.9778449346 17.0025374496 17.0448053765 17.2122914365 17.227386841 17.2685575148 17.3376096466 17.3814323111 17.5318876495 17.5741350995 17.6583470058 17.700336414 17.7164583417 17.8559884864 17.8810893534 17.9110307827 17.9197871801 17.9977319845 18.1288696314 18.1756537727 18.1792705161 18.3649185321 18.3827643576 18.3899581068 19.8085965297 19.8191992274 19.8397673506 19.8864199731 19.9200576413 19.9956763385 20.0249019424 20.2993312114 21.2904827922 21.3224466608 21.358119402 21.3607202584 21.4153997536 21.6002117177 21.7840477272 21.784496434
184 1.1972540334 1.33318794 2.5670436785 3.6919137873 3.6920562703 3.7605029101 3.7785306867 3.7940416943 3.7962114911 3.7990794974 3.8626596143 3.9314165047 4.0109179376 4.0215434507 4.0625216279 4.2603986447 4.3875903864 4.4188942959 4.4314785275 4.4717262913 4.4794194217 4.4915651015 4.4947689774 4.5107596504 4.5344540149 4.5365506128 4.5724875078 4.6386398964 4.6554663209 4.7611800553 4.8724387456 4.8903858697 5.131957437 5.135290072 5.2299525708 5.3130233174 5.4266134227 5.4597169879 5.4793537868 5.575239167 5.584311995 5.589566659 5.5915031811 5.5958607036 5.5989105831 5.6048988774 5.7264844637 5.8927769666 5.9047506866 6.1991541888 6.3069823 6.3211511255 6.3286884991 6.3305227775 6.4707488617 6.5135141583 6.5279376223 6.5571329254 6.649291374 6.6630236178 6.6707498793 6.6811466288 6.7844344165 6.8006492117 6.8120225501 6.9392289013 6.9494620416 7.0944452178 7.1673740924 7.190653278 7.2118405769 7.2263796285 7.226475104 7.234205414 7.2386836841 7.4902170945 7.5179653797 7.5740979731 7.6394535613 7.6625134999 8.7512089206 9.0363268812 9.0469374159 9.1211644707 9.1520569765 9.1571757521 9.1635915218 9.1741586153 9.4276365231 9.4403925106 10.0465206936 10.06705189 10.2370248708 10.3194690977 10.3359449156 11.7011360667 16.2852077891 16.4195201527 16.6660354097 16.7367544146 16.8153450131 16.828801084 16.8790445653 16.9315857544 16.9929420918 16.9966274446 17.0613678035 17.2052837746 17.2216080716 17.2804635844 17.3476382148 17.393396626 17.5337038591 17.576841781 17.6629060071 17.6894343361 17.7070298975 17.856783647 17.8745516001 17.9115605692 17.9220949376 18.0004005136 18.1314269656 18.1782470743 18.1901082507 18.3792987031 18.3910814422 18.3964450021 19.7859617586 19.7919002934 19.8169700186 19.8610236313 19.8943679032 19.974261141 20.0034845459 20.2873849385 21.2997522309 21.3318657279 21.3703153361 21.372120659 21.431137404 21.6104264638 21.8019073251 21.8023572229
185 1.1349398901 1.2638432598 2.4389112419 3.6842208781 3.6866191266 3.7608725034 3.7765307274 3.7790168072 3.7835626636 3.7843362837 3.8428459187 3.9024998439 3.9937763095 3.9951011819 4.0476916193 4.2862998111 4.3971521143 4.4285140356 4.4349601046 4.4509798641 4.4595138024 4.4891960921 4.4975326648 4.5084163552 4.5379963661 4.5394426621 4.5882592764 4.6308203098 4.6476249986 4.7612096447 4.8416554297 4.8587838402 5.1093188968 5.1128398291 5.245382227 5.2892269659 5.4193225743 5.4588070368 5.472000189 5.5856997726 5.5885449835 5.5890380098 5.5948326971 5.5958540396 5.6059142614 5.6194080012 5.7160134499 5.8843478016 5.8960792629 6.2072449055 6.3115284912 6.317056908 6.3322430893 6.3431031244 6.4782886498 6.5010168275 6.5248466042 6.5551545017 6.642860494 6.6648465527 6.6694919105 6.6869060585 6.7884247952 6.7900690951 6.8005617574 6.9501661197 6.9613703853 7.095942695 7.1854143685 7.2088544817 7.2172437415 7.2301034558 7.2380784166 7.2430796598 7.2515325858 7.4890423657 7.5177496972 7.5969602626 7.6463275179 7.67080069 8.7467626026 9.030150758 9.0414625667 9.1346043174 9.1535383351 9.1541518135 9.1646449545 9.1711288321 9.4248223217 9.4383481789 10.0362788907 10.0569983996 10.2026261306 10.3179889024 10.3344555071 11.7117165314 16.3024264442 16.4007112566 16.6728497234 16.7437781289 16.8195479454 16.8455690336 16.8731534706 16.9359187078 16.9907464893 17.0076430388 17.0777040088 17.1825313148 17.2307244471 17.2919259907 17.357432277 17.4049172384 17.5357533811 17.5798138973 17.6676384049 17.6785307226 17.6979504885 17.8575781213 17.8681639894 17.9120995781 17.924338766 18.0029975521 18.1338910147 18.1807350358 18.2005096846 18.3931451798 18.3985119719 18.4031640015 19.7642342736 19.7656873326 19.7950772084 19.8366354164 19.8696779218 19.9535953637 19.9828055789 20.2759708956 21.3085198995 21.3407784157 21.3818591471 21.3828951529 21.4464802728 21.6197401285 21.8184796259 21.8197970857
186 1.072505703 1.1943551816 2.3096634766 3.6762842481 3.6810221873 3.7542545931 3.7616405232 3.7731422468 3.7738634695 3.7799404698 3.8231667875 3.8745941173 3.9669857295 3.9800513736 4.0335958096 4.3112505146 4.4062474676 4.4299682164 4.4377128871 4.4385306621 4.4393465503 4.4869326172 4.5004326168 4.5061773911 4.5411450945 4.5419851547 4.602166435 4.6201238856 4.6371104983 4.7613678207 4.814943854 4.8311926532 5.0874097116 5.0911416701 5.2607715644 5.2663070303 5.4123792644 5.458665055 5.4649615066 5.5822578503 5.5859322726 5.5931667023 5.6021002865 5.604954543 5.6156068808 5.6331940957 5.7054580731 5.8767128448 5.8882134647 6.2149988347 6.3132735014 6.3160793017 6.3357846095 6.3551799745 6.4855188371 6.4887411565 6.5219336722 6.5533326538 6.6363640184 6.6588709447 6.6760523361 6.6927327586 6.7763195581 6.7892486924 6.795429728 6.9610347096 6.9732384112 7.0972663682 7.2026392332 7.2080579125 7.2215915977 7.2262391206 7.2592875001 7.2640499879 7.268429878 7.4876406733 7.5173393005 7.6174016124 7.6525876139 7.6785234209 8.7425276626 9.0240476507 9.0360376958 9.1492585784 9.1513635047 9.1550120249 9.1656959288 9.1683286625 9.4219236684 9.4362042079 10.0262801392 10.0471864614 10.1680404525 10.316532903 10.3329902607 11.7217739284 16.3203736694 16.382651416 16.6794789736 16.7506128882 16.8237825012 16.8616569688 16.8673480486 16.9402794997 16.9849378549 17.0219010458 17.0937727255 17.1592247109 17.2396037529 17.3029187194 17.3669539571 17.4159677715 17.5379870871 17.5829887643 17.667666227 17.6724760975 17.689221855 17.8583667101 17.8619276536 17.9126430613 17.9265113534 18.0055148206 18.1362599674 18.1831169784 18.2104592052 18.4049351786 18.4064322871 18.4102209784 19.7406067579 19.7434515162 19.7741279343 19.8132957193 19.8460307238 19.9337247371 19.962910764 20.2651010936 21.3167893712 21.3491878252 21.3927533477 21.3930490748 21.4614131564 21.6281610299 21.8342046369 21.8363563895
187 1.0099599044 1.1247343049 2.1793592118 3.6681317562 3.6752403381 3.7324113962 3.7626898651 3.7627951127 3.764956243 3.7812925043 3.8037785957 3.8477802755 3.9412492415 3.9657835678 4.0202462487 4.3352601356 4.4088217264 4.4148745224 4.4190497541 4.4421253726 4.4464959953 4.4847781932 4.5034055162 4.5040462374 4.5439009331 4.5441907065 4.606111003 4.6142300035 4.6235888214 4.7616311639 4.7927071755 4.8082116236 5.0663236595 5.070284092 5.2443235951 5.2761066063 5.4057976776 5.458256442 5.4592431209 5.579208894 5.5836450383 5.5908177371 5.6144195779 5.6146627537 5.6249262881 5.6462439709 5.6948106429 5.869836375 5.8811182043 6.2224021016 6.3098188283 6.3206411521 6.3393197916 6.3667294042 6.4767106936 6.4924227594 6.5191987433 6.5516625603 6.6298494386 6.6528691282 6.6826661595 6.6985912705 6.7643645755 6.7781140771 6.8005086305 6.9717877596 6.9850190021 7.0984287696 7.1989544286 7.2131828248 7.2190301696 7.2427878663 7.2749645208 7.2848592201 7.2897268501 7.4860202333 7.5167419595 7.6354101685 7.6582346841 7.6856796482 8.7385094414 9.0180515464 9.0306949637 9.1488019424 9.1564674867 9.1651685094 9.165750207 9.166736667 9.4189717263 9.4339888188 10.0165659515 10.0376566017 10.1332882737 10.315110253 10.3315583998 11.7313009665 16.3390140254 16.365381783 16.6858915489 16.757226315 16.8280119379 16.8616655419 16.8770275856 16.9446309429 16.9792429438 17.0356699834 17.109531331 17.1354456141 17.248209519 17.3134170047 17.3761659421 17.4265230921 17.5403574744 17.5863062818 17.6568816864 17.6773658057 17.6808480379 17.8558439762 17.8591442529 17.9131863165 17.9286054935 18.0079440593 18.1385312266 18.1853914876 18.2199414312 18.4106077949 18.4173447142 18.4191345147 19.7167032915 19.7236495759 19.7541598203 19.7910441203 19.8234685939 19.9146945333 19.9438456041 20.2547870726 21.3245641961 21.3570970557 21.4025855558 21.403002983 21.4759205104 21.6356985512 21.8490741675 21.8520247979
188 0.9473106362 1.0549908098 2.0480572169 3.6598167226 3.6692630915 3.7111503733 3.7530296366 3.7568323035 3.7643202479 3.7830594812 3.7848282453 3.8221373423 3.9166423639 3.9523118418 4.0076540628 4.3583392498 4.3876771955 4.3987619858 4.4230319424 4.4456891296 4.4548694911 4.4827361976 4.5020262383 4.5063962473 4.5460739432 4.5462660113 4.5887879419 4.607056089 4.6244830216 4.7619783365 4.7749607859 4.7900513646 5.0461479564 5.0503491721 5.2233353506 5.291373918 5.3995896656 5.4519015154 5.4604806523 5.5765214675 5.5816610118 5.5887770717 5.6239404456 5.6259910782 5.6338577173 5.6585459288 5.6840635293 5.8636782026 5.8747537241 6.2294409329 6.3067107469 6.3252163155 6.3428516143 6.3777276444 6.4649505032 6.4989848551 6.5166413469 6.5501388615 6.6233660282 6.6468886836 6.6892925666 6.7044443774 6.752596259 6.7671935647 6.8052989957 6.9823741003 6.9966598672 7.0994424367 7.1899732816 7.2049145577 7.2345678346 7.2584805162 7.2900692051 7.300778614 7.3150781557 7.4841933838 7.5159686213 7.6509868871 7.6632739058 7.6922705012 8.7347128407 9.0121968281 9.0254668949 9.1464578622 9.1578943257 9.1633851533 9.1677594595 9.1823626415 9.4159979339 9.4317303597 10.0071779293 10.0284493929 10.098391627 10.3137296307 10.3301686738 11.7402905384 16.3489420345 16.358310287 16.6920577469 16.7635878724 16.8321999789 16.8561417671 16.8916456008 16.9489363188 16.9737009925 17.0489043435 17.1112654942 17.1249352688 17.2565058114 17.3233973759 17.3850316602 17.4365593601 17.5428189952 17.5897092955 17.6462175301 17.6728366498 17.682265705 17.8499147891 17.8599056493 17.9137247049 17.930614116 18.0102770623 18.1407014728 18.1875564656 18.2289412383 18.4157870758 18.4242639264 18.4312265757 19.6940198427 19.704863088 19.7352089912 19.7699192469 19.8020329204 19.896549387 19.9256552215 20.2450398748 21.3318478698 21.3645091746 21.4115127999 21.4126082383 21.4899863696 21.6423631683 21.8630805285 21.8667925628
189 0.8845657622 0.9851344719 1.9158164408 3.6514150327 3.6631006341 3.690610454 3.7441958326 3.7494647987 3.7661948725 3.7664533364 3.7852227002 3.7977421096 3.8932383247 3.9396493193 3.9958294974 4.3666773744 4.3786276722 4.380499337 4.4307186334 4.4491752276 4.462840217 4.4808098606 4.5001205937 4.5093571345 4.547651499 4.5482438461 4.568722269 4.5879285082 4.6329698932 4.7613079651 4.7623898233 4.7763513572 5.0269628052 5.0314121673 5.2033993548 5.3065606346 5.3937648869 5.4459111452 5.46230516 5.5741649715 5.5799560192 5.5870156125 5.6327688398 5.6368114213 5.6423839161 5.6700896682 5.6732092475 5.8581950285 5.8690770073 6.236101732 6.3039666337 6.329801891 6.3463785029 6.3881511778 6.4534874173 6.5051906133 6.514260659 6.5487557418 6.6169645288 6.6409783748 6.6958883284 6.7102529033 6.741056698 6.7565278954 6.8097949108 6.9927384131 7.0081034122 7.1003198266 7.1811578521 7.1968270098 7.2492322401 7.2732961804 7.3045572151 7.3161418965 7.3400704985 7.4821770999 7.5150336789 7.6641462032 7.667715247 7.6983004514 8.7311423411 9.0065179966 9.0203861074 9.1443217686 9.1592823916 9.1612249202 9.1687567317 9.2008560651 9.4130337531 9.429457075 9.9981574924 10.0196051893 10.0633742459 10.3123992286 10.3288293474 11.748735758 16.3333702713 16.3782231499 16.6979498296 16.7696689314 16.8363110326 16.8508108727 16.9054777569 16.9531595995 16.9683488704 17.061559255 17.0867485601 17.1399373263 17.2644574314 17.3328376971 17.3935154609 17.4460540704 17.5453283185 17.5931438557 17.6357144785 17.6651989991 17.6871425981 17.8441426388 17.8606458825 17.9142536713 17.932530319 18.0125057159 18.1427667436 18.1896091972 18.2374437939 18.4205863208 18.4308517971 18.4426834796 19.6725973877 19.6871251346 19.7173099661 19.7499586224 19.7817640275 19.8793330985 19.9083841749 20.2358700175 21.3386438051 21.3714271895 21.4198343686 21.4215740434 21.5035942371 21.6481665077 21.8762165248 21.8806505236
190 0.8217328798 0.9151746782 1.7826961769 3.6430195097 3.6567883856 3.6709208865 3.7362015752 3.7428139062 3.7487823743 3.7683919233 3.7746688078 3.7877569951 3.8711077635 3.9278081916 3.9847819574 4.3459707065 4.3587966079 4.4017524248 4.437933371 4.4525441723 4.4704154533 4.4790022556 4.49833235 4.5122471512 4.546845455 4.5489419945 4.5498393043 4.5669604969 4.6397452353 4.7510800046 4.7628477424 4.7663175665 5.0088410857 5.0135412528 5.1845707766 5.3216544768 5.3883309739 5.4402977543 5.4646335401 5.5721098872 5.5785044266 5.5855054361 5.6411275341 5.6468785107 5.650485205 5.6622405475 5.6808661902 5.8533416755 5.8640430507 6.2423711612 6.3016028344 6.334388827 6.3498936191 6.3979768529 6.442350353 6.5110265352 6.5120555405 6.5475070205 6.6106967828 6.6351877799 6.7024074717 6.7159755378 6.7297940402 6.746163037 6.8139913579 7.0028214238 7.0192866527 7.1010732278 7.1725551063 7.1889632407 7.2630029569 7.2872134927 7.3183815177 7.3308985056 7.3646677479 7.4799934909 7.5139551851 7.6715739236 7.674916224 7.7037774367 8.7278020214 9.0010493779 9.0154850295 9.1423840791 9.1592607969 9.160621854 9.1697211084 9.2206501995 9.4101104063 9.4271968705 9.9895455878 10.011163845 10.0282616829 10.3111267442 10.3275481895 11.7566299954 16.3187029003 16.3987107616 16.7035420583 16.7754428175 16.8403104146 16.8457051544 16.9184928381 16.9572656717 16.9632209565 17.0619543308 17.0735905039 17.1544867465 17.2720301203 17.3417172014 17.4015827988 17.4549860909 17.5478445326 17.5965593945 17.6254148993 17.6579497114 17.6919695156 17.8385311475 17.8613600444 17.9147687656 17.9343474027 18.0146220412 18.144722526 18.191546429 18.2454346033 18.4250477056 18.4370531923 18.4534806228 19.6524748551 19.6704671486 19.7004955564 19.7311985072 19.7627009983 19.8630884208 19.892076252 20.2272874682 21.3449553051 21.3778540222 21.4275556017 21.4299035438 21.5167269272 21.6531214541 21.8884754492 21.8935901066
191 0.7588193335 0.8451204434 1.6487561712 3.6347331087 3.6503881879 3.6522017204 3.7290371083 3.7319349718 3.7368330399 3.752988758 3.7708772612 3.7906293567 3.8503184163 3.9167997366 3.9745200434 4.3257113108 4.3394236107 4.4221106588 4.4446744009 4.4557626357 4.4773162908 4.4776026381 4.4966643917 4.5150311517 4.5241407322 4.5450349946 4.549966017 4.5510585321 4.6448723284 4.7435281367 4.7590507419 4.7633357082 4.9918481951 4.9967974068 5.1669026232 5.3366437532 5.3832937259 5.4350718982 5.4673738192 5.5703279897 5.5772796794 5.5842199565 5.6489948302 5.6511505101 5.6561913506 5.6581396103 5.6908677043 5.8490721934 5.8596060046 6.2482362272 6.2996339391 6.3389609853 6.3533842397 6.4071820137 6.4315707305 6.5100245803 6.5164801046 6.5463862511 6.6046153108 6.6295668741 6.7088009841 6.7188629001 6.7215687117 6.7361502923 6.8178841966 7.012560198 7.0301411994 7.1017146665 7.1642157515 7.1813691548 7.2758593382 7.300210844 7.3314925863 7.3449932671 7.3888308606 7.4776702464 7.5127549879 7.6748708415 7.6833384476 7.7087129241 8.7246955776 8.9958248178 9.0107956083 9.1406352621 9.1574840765 9.161903271 9.1706454724 9.2417330525 9.4072586045 9.4249770737 9.9813823819 9.9930814425 10.0031644162 10.3099193716 10.3263324644 11.7639669127 16.3049745095 16.4197279829 16.708810709 16.7808848404 16.8408549141 16.8441645704 16.9306616915 16.9583490732 16.9612205626 17.0369400421 17.0849545699 17.1685281574 17.2791907667 17.3500165195 17.4092004198 17.4633356934 17.5503292978 17.5999088389 17.6153644673 17.6511062039 17.6967236125 17.8330855063 17.8620433628 17.9152656655 17.9360589042 18.0166182418 18.1465638609 18.1933644586 18.2528995659 18.4291864321 18.4428405635 18.4635938979 19.6336890141 19.6549188227 19.684796768 19.7136737312 19.7448814853 19.8478568303 19.8767742372 20.2193016196 21.350785539 21.3837924858 21.4346815749 21.4376000411 21.5293663373 21.6572423302 21.8998510769 21.9056033251
192 0.6958322266 0.7749804282 1.5140566886 3.6266624682 3.6345641506 3.6439851939 3.7160220047 3.7226721928 3.7314745277 3.7327700092 3.7736085647 3.7937973923 3.8309347889 3.9066343356 3.9650515861 4.3060591997 4.3206682916 4.4415857836 4.4509390149 4.4588025514 4.4757547006 4.4844090704 4.4951194318 4.5014498418 4.5176791536 4.5229723285 4.5507460999 4.5519088831 4.6484213143 4.7379732974 4.753779374 4.7638387304 4.9760420408 4.9812344426 5.1504454599 5.3515173406 5.3786573185 5.4302424124 5.4704272355 5.5687925349 5.5762549315 5.5831340725 5.6399326585 5.6563481006 5.6647498786 5.6653230905 5.7000875323 5.8453408399 5.8557201824 6.2536843724 6.2980718224 6.3434942594 6.3568312493 6.4157446434 6.4211830478 6.5081661425 6.5215397663 6.5453868274 6.5987728265 6.624165562 6.7083247701 6.7150165937 6.7265463404 6.7269865564 6.8214701298 7.0218885675 7.0405933525 7.102255811 7.1561943163 7.1740934144 7.2877807615 7.3122666352 7.3438386991 7.3583662368 7.4125176576 7.4752409879 7.511458752 7.6776329895 7.6894670499 7.7131218845 8.7218263419 8.9908773679 9.0063490112 9.1390659665 9.1558861817 9.1631176535 9.1715230198 9.2640799316 9.4045082698 9.4228241939 9.9578631322 9.9737069382 9.9956448502 10.3087837946 10.325188924 11.7707404961 16.2922177404 16.4412252227 16.7137340695 16.7859723058 16.8362883583 16.8478412998 16.9419572497 16.953762466 16.9649916666 17.0117631358 17.095608695 17.1820003175 17.2859076152 17.3577177013 17.4163365478 17.4710845796 17.552746958 17.6031486747 17.6056139727 17.6446881601 17.7013842191 17.827813157 17.8626912304 17.9157402018 17.9376586335 18.018486754 18.1482854568 18.1950592342 18.2598250437 18.4330070071 18.4481977198 18.4729998235 19.6162743686 19.6405080222 19.6702427078 19.6974175211 19.7283415139 19.8336782813 19.8625196532 20.2119212673 21.3561375204 21.3892452628 21.4412171933 21.444666802 21.5414931059 21.6605451929 21.9103376605 21.9166827795
193 0.6327784334 0.7047629574 1.3786585475 3.6181107388 3.6189127711 3.6376811599 3.7011457224 3.7140769677 3.7170619342 3.7266938243 3.7765342562 3.7972076828 3.8130178241 3.8973214888 3.9563836763 4.2871806812 4.3026948693 4.4567231069 4.4601885046 4.4616403412 4.4743200363 4.4794251995 4.4908415759 4.4937000038 4.5014425795 4.5201656865 4.5513067086 4.5523988693 4.650467317 4.733874242 4.7499253302 4.7643431424 4.9614731834 4.9668991816 5.1352471256 5.3662646298 5.3744245261 5.4258165736 5.4736905155 5.5674784219 5.575403753 5.5822242952 5.6285810967 5.6631641831 5.6720098731 5.6725548002 5.7085200118 5.8421029416 5.8523409448 6.2587035677 6.2969243575 6.3479557881 6.360208788 6.4112257026 6.4236435233 6.5064784175 6.5261949111 6.5445020945 6.593221689 6.6190331593 6.698248382 6.7174131641 6.7209986779 6.7321809857 6.8247466518 7.0307377133 7.0505643612 7.1027078738 7.148549102 7.1671872305 7.2987468849 7.3233595451 7.3553663572 7.3709526466 7.4356825459 7.4727454616 7.5100958335 7.6798937293 7.6933678314 7.7170226547 8.7191973013 8.9862389662 9.0021753242 9.1376671429 9.1544587832 9.1642565242 9.1723473104 9.2876545335 9.4018882539 9.4207636836 9.9226386408 9.9665568837 9.9886416657 10.3077261806 10.3241238006 11.7769450883 16.2804631612 16.463146572 16.7182924214 16.7906845139 16.8320315254 16.8513099774 16.9494878116 16.9523545515 16.9685479698 16.986484175 17.1055110007 17.1948347005 17.2921504759 17.3648042329 17.4229610728 17.4782159012 17.5550646203 17.5962211999 17.6062389756 17.6387170344 17.7059308967 17.82272474 17.8632992361 17.9161883844 17.9391407102 18.0202203026 18.1498818116 18.1966264607 18.2661979401 18.4365093503 18.4531137709 18.4816756955 19.6002630569 19.6272607028 19.6568604963 19.6824613238 19.7131152771 19.8205909482 19.8493524775 20.2051545877 21.3610140875 21.3942148861 21.4471671554 21.4511070015 21.5530860866 21.6630483163 21.9199299255 21.9268216576
194 0.5696646094 0.6344760376 1.2426231287 3.6029355272 3.6115841761 3.6315861069 3.6873998027 3.6969700225 3.7121540946 3.7224520155 3.7795926007 3.7966245662 3.8007941612 3.8888698282 3.9485226944 4.2692488302 4.2856719042 4.4585540953 4.4620207295 4.4642562567 4.4730146589 4.4779276737 4.4809602971 4.4924084525 4.4969060885 4.5224692107 4.5516742263 4.552538188 4.6510886949 4.7308301839 4.7470805599 4.7648365489 4.9481851186 4.953831757 5.1213524489 5.370596949 5.380875415 5.4218002698 5.4770582202 5.5663623338 5.5747008958 5.5814688595 5.6170906986 5.6694197903 5.6781729113 5.679607425 5.7161603988 5.8393156411 5.8494254646 6.2632824085 6.2961936667 6.352303352 6.3634841216 6.4017421989 6.430858403 6.5049594776 6.5304358642 6.5437254639 6.5880132916 6.6142178263 6.6887099299 6.7088177892 6.7266883679 6.7371019463 6.8277119792 7.0390369387 7.0599709212 7.1030815135 7.1413419429 7.1607039884 7.3087379132 7.3334688112 7.3660208457 7.3826830285 7.4582761467 7.4702294948 7.5086989685 7.6816929066 7.695116956 7.7204366578 8.7168111152 8.9819401164 8.9983032516 9.1364301559 9.1531939089 9.1653119701 9.1731123136 9.3124103008 9.3994260587 9.4188197047 9.8874423542 9.9599680692 9.9821896266 10.3067521749 10.3231428014 11.7825754179 16.2697391444 16.485426747 16.7224680092 16.7950027433 16.8281082367 16.8545417708 16.9455492487 16.9611707351 16.9618307602 16.9718602702 17.114620673 17.2069539957 17.2978909317 17.3712610473 17.4290457354 17.4847142741 17.5572522085 17.5872528009 17.6091434071 17.6332155754 17.7103413287 17.8178354168 17.8638631969 17.9166064303 17.9404996011 18.021811959 18.1513473385 18.1980617113 18.2720057889 18.4396913277 18.4575806417 18.4895997579 19.5856847565 19.6152008334 19.6446751846 19.6688346263 19.6992349267 19.8086309556 19.8373108353 20.1990091176 21.3654178856 21.3987037216 21.4525359099 21.456923681 21.5641215097 21.6647729892 21.9286230667 21.9360137355
195 0.5064971968 0.5641273733 1.1060123661 3.5891240684 3.6047696088 3.6258104595 3.6748693587 3.6815051736 3.7078958097 3.7187168558 3.7818078301 3.7827111729 3.8044767316 3.8812871298 3.9414743352 4.2524438107 4.2697717582 4.4391991853 4.4619126017 4.4666338235 4.4668236822 4.4718407308 4.4912469269 4.4948091825 4.5026070717 4.5245716072 4.5518769129 4.5523379117 4.6503656711 4.728554726 4.7449628294 4.7653077892 4.9362146805 4.9420660281 5.1088029705 5.3671752402 5.3953396784 5.4181981746 5.480425058 5.5654228592 5.5741230778 5.5808478202 5.605457394 5.6750919281 5.6837844589 5.6859095078 5.7230047704 5.8369385396 5.8469333803 6.2674102108 6.2958737012 6.3564850851 6.3666178265 6.3927829531 6.4373701803 6.5036073343 6.534253879 6.5430505302 6.5831973919 6.6097659584 6.6797930149 6.700831746 6.7320239292 6.7416978838 6.8303649668 7.0467146603 7.0687259976 7.1033867362 7.1346376943 7.154698661 7.3177348701 7.3425745161 7.3757469623 7.3934836133 7.4677446189 7.4802447524 7.5073037387 7.6830766808 7.6947996675 7.723387954 8.7146701334 8.9780095711 8.9947598212 9.1353468859 9.1520840441 9.1662766917 9.1738124504 9.3382919131 9.3971475599 9.4170149011 9.8523114373 9.9539742283 9.9763214163 10.3058668968 10.3222511028 11.7876266274 16.2600717488 16.5079859241 16.7262449981 16.7989102262 16.8245400646 16.8575098516 16.935903234 16.9419684192 16.9703651799 16.9749013927 17.1228982315 17.2182706832 17.303102541 17.3770745309 17.4345643101 17.4905657882 17.5592824961 17.578786015 17.6118292133 17.6282073346 17.7145888552 17.813166716 17.8643791915 17.9169907932 17.9417301576 18.0232552014 18.1526764943 18.1993605412 18.2772368525 18.4425499173 18.4615919554 18.4967513939 19.5725665967 19.6043503246 19.6337096782 19.6565647775 19.6867303628 19.7978321031 19.8264306739 20.1934917353 21.3693513513 21.4027139528 21.4573276141 21.4621197091 21.5745716027 21.6657448577 21.9364127449 21.944253378
196 0.4432824229 0.4937243775 0.9688887222 3.5767533865 3.5985535205 3.6204589829 3.6636309036 3.6677336699 3.7042384234 3.7154627662 3.7686158791 3.7858069643 3.8081604787 3.8745803242 3.9352436318 4.2369527033 4.2551695118 4.421633475 4.4445911614 4.4687593736 4.4708002083 4.4711211914 4.4902173716 4.5079466166 4.5108343104 4.5264577348 4.5518110123 4.5519447921 4.6483796951 4.7268457982 4.7433771131 4.7657469116 4.9255925427 4.9316300821 5.0976366753 5.3641593246 5.4096471727 5.4150139201 5.4836881064 5.5646405956 5.5736497312 5.5803431343 5.5936786516 5.6801583215 5.688816746 5.6914630946 5.7290499292 5.8349342419 5.8448273481 6.2710771061 6.295946851 6.3604396975 6.3695644007 6.384408013 6.4431610878 6.5024199983 6.5376411315 6.5424711862 6.5788213928 6.6057215419 6.6715881173 6.6935301348 6.7369415046 6.7459164718 6.8327050111 7.0536996383 7.0767400731 7.1036328002 7.1285033664 7.149226967 7.32571987 7.3506578752 7.3844899283 7.4032771284 7.4653472529 7.5015294482 7.505947785 7.6840969482 7.6925092584 7.725902602 8.7127764111 8.9744740234 8.991570099 9.1344098225 9.1511222226 9.167144045 9.1744426304 9.3652367448 9.3950767406 9.4153701833 9.8172862374 9.9486066399 9.9710673166 10.3050749351 10.3214533464 11.7920942989 16.2514846098 16.5307206659 16.7296094252 16.802392115 16.8213463146 16.8601895977 16.9107845363 16.9387645174 16.9776463942 16.977939268 17.1303058955 17.228685972 17.3077610347 17.3822325253 17.4394927803 17.4957580123 17.5611311265 17.570909963 17.6142671944 17.6237161344 17.7186394407 17.808749075 17.8648435943 17.917338193 17.9428276522 18.0245439772 18.1538639069 18.2005186014 18.2818802266 18.445081798 18.4651424887 18.5031113308 19.5609330769 19.5947289631 19.6239846665 19.6456768122 19.6756290241 19.7882255861 19.8167454216 20.1886086437 21.3728166987 21.4062475677 21.4615460955 21.4666977475 21.5844022286 21.6659962515 21.9432950839 21.9515355397
197 0.3800262786 0.4232741698 0.8313151518 3.5658918907 3.5930112318 3.6156268377 3.6537522838 3.6557016617 3.7011401637 3.712670214 3.7570921173 3.7887874704 3.8117359756 3.8687555058 3.929834976 4.22296833 4.2420409998 4.4060655676 4.4292178802 4.4698948349 4.4706216543 4.4748997699 4.4893215208 4.5129228693 4.5259969588 4.5281150504 4.5509735754 4.5519093803 4.6452141751 4.7255609642 4.7421877002 4.7661451558 4.9163437895 4.9225467975 5.0878877395 5.3615486066 5.4122502648 5.4237865717 5.4867489379 5.5639982372 5.5732636334 5.5799387313 5.5817543855 5.6845978483 5.6932427296 5.6962703767 5.7342933101 5.8332688149 5.8430735015 6.2742741334 6.296379182 6.3640974608 6.3722734235 6.3766911058 6.4482148812 6.5013955387 6.5405907184 6.5419817351 6.5749295878 6.6021254895 6.6641913401 6.6869901793 6.7413763008 6.7497056362 6.8347319437 7.0599224532 7.0839229145 7.1038281236 7.1230068229 7.1443442404 7.3326763851 7.3577015192 7.392196488 7.41198413 7.4630973471 7.5046697552 7.5220645211 7.6848102185 7.6883467701 7.7280078197 8.7111317246 8.9713578127 8.9887569178 9.1336121468 9.1503021078 9.1679080805 9.1749982857 9.3931760535 9.3932354364 9.4139045247 9.7824109438 9.943893802 9.966454897 10.3043803457 10.3207536356 11.7959744771 16.2439988368 16.5534872194 16.7325491455 16.8054354431 16.8185440155 16.8625587842 16.8859570805 16.9359543397 16.9800727581 16.9845366464 17.1368080541 17.2380895596 17.311844502 17.3867243254 17.443809507 17.5002799946 17.5627766208 17.5637260708 17.6164316782 17.6197654748 17.722447892 17.8046252348 17.8652531085 17.9176456458 17.9437878145 18.0256727645 18.1549044985 18.2015317491 18.2859259482 18.4472836733 18.4682278906 18.5086618576 19.5508059934 19.5863543517 19.6155185591 19.6361932819 19.6659556856 19.7798397207 19.8082856407 20.1843653536 21.3758159081 21.4093063463 21.4651948162 21.4706602198 21.5935686738 21.6655703655 21.9492666686 21.9578557659
198 0.316734452 0.3527835414 0.6933550566 3.5565992567 3.5882085812 3.6113974067 3.64529259 3.6454498755 3.6985670482 3.7103247999 3.7472748027 3.7915531216 3.8150813389 3.8638179407 3.9252521369 4.2106864299 4.2305596023 4.3926566337 4.4159631123 4.4691261351 4.4722115038 4.478143376 4.4885608908 4.5175269888 4.5295332873 4.5402783403 4.5498475059 4.5518031547 4.6409580457 4.7245995051 4.7412993704 4.7664949414 4.908488524 4.9148344356 5.0795862962 5.3593421612 5.4099092502 5.4377436008 5.4895156854 5.5634806492 5.5696888764 5.5729513255 5.5796205728 5.6883909801 5.6970368814 5.7003335551 5.7387328929 5.8319121673 5.8416418286 6.2769933265 6.2971139054 6.3673822361 6.3697254365 6.3746913635 6.4525170251 6.5005321415 6.5415769972 6.5430966558 6.5715623912 6.5990149723 6.657702146 6.6812891607 6.7452642709 6.7530148836 6.8364459199 7.0653172103 7.0901859236 7.1039801982 7.1182149946 7.140104006 7.3385894994 7.3636897642 7.3988161832 7.4195249952 7.4610564136 7.5035079944 7.5417741833 7.6824224789 7.6852758153 7.7297309539 8.7097375847 8.9686826487 8.9863406249 9.1329478036 9.1496180643 9.1685635757 9.1754753993 9.3916430987 9.4126347749 9.4220354627 9.7477348583 9.9398611218 9.9625087211 10.3037866482 10.3201555318 11.7992636908 16.2376329208 16.57606908 16.7350537759 16.8080290839 16.8161479165 16.8616356525 16.8645977605 16.9335523339 16.9821605736 16.9901431089 17.1423718329 17.2463608636 17.3153335652 17.3905406748 17.4474953849 17.5041222611 17.5573469825 17.5642003796 17.6163778733 17.6183004899 17.7259533396 17.8008544525 17.8656047992 17.9179104939 17.9446068653 18.0266366327 18.1557936027 18.2023961535 18.2893651057 18.4491524623 18.4708445299 18.5133870457 19.5422043729 19.5792418564 19.6083274285 19.6281340949 19.6577322649 19.7726996786 19.8010786823 20.1807666704 21.3783507149 21.4118918509 21.4682768414 21.4740092835 21.6020078075 21.6645290718 21.9543245426 21.9632101935
199 0.2534121337 0.2822588295 0.5550722327 3.5489262917 3.5842017036 3.6078413218 3.637013317 3.6383020562 3.6964926393 3.7084162711 3.7391967848 3.7940013567 3.818066718 3.8597720735 3.9214982769 4.2003004979 4.2208914935 4.3815314761 4.4049578936 4.4684954086 4.473521585 4.4808340065 4.487936775 4.5217366204 4.5307041861 4.5484667551 4.5516586212 4.5536351307 4.6357161719 4.7238900903 4.7406449942 4.7667898606 4.9020424813 4.9085072328 5.0727582239 5.3575389053 5.4079923445 5.4514964193 5.4919051153 5.557495433 5.5630749287 5.5727032166 5.5793767016 5.6915202244 5.7001759759 5.703654717 5.7423671204 5.8308383609 5.8405064775 6.2792277946 6.2980631337 6.3636312066 6.3702147862 6.3767640848 6.4560548706 6.499828165 6.5412524078 6.5451538788 6.5687555784 6.5964227679 6.6522198424 6.6765016904 6.748544292 6.7557969075 6.837847307 7.0698234233 7.095445072 7.1040955094 7.1141916078 7.1365562871 7.3434461463 7.3686088642 7.4043027644 7.425822647 7.4592849362 7.5024990223 7.560564785 7.6748620623 7.6855533259 7.7310982914 8.7085952485 8.9664673607 8.9843388534 9.1324115646 9.14906522 9.1691060642 9.1758705306 9.3903165794 9.4115754919 9.4517336079 9.7133153371 9.9365306304 9.9592500764 10.3032968242 10.3196620526 11.8019589711 16.2324026523 16.5981102796 16.7371146408 16.810163709 16.8141704885 16.8381743668 16.8662896096 16.9315706436 16.9838926989 16.9947466274 17.146967741 17.2533724978 17.3182115382 17.3936737596 17.4505339862 17.5072768106 17.5518931981 17.56538668 17.6135741501 17.6198549227 17.7290745911 17.7975169073 17.865896124 17.9181304332 17.945281548 18.0274312991 18.1565270725 18.2031083923 18.2921899441 18.450685421 18.4729894093 18.5172729672 19.5351444147 19.5734045594 19.6024249605 19.6215163694 19.6509776432 19.7668272367 19.7951483537 20.1778166817 21.3804226018 21.4140054176 21.4707948124 21.476746806 21.6096229228 21.6629680544 21.9584662068 21.9675955521
200 0.1900633993 0.2117054851 0.4165308121 3.5429147963 3.58103685 3.6050161738 3.6304210077 3.6328219568 3.6948972116 3.7069375914 3.7328852743 3.7960324312 3.8205617146 3.8566215333 3.9185759649 4.1919937931 4.2131892574 4.372785646 4.3963019451 4.4680037258 4.4745461703 4.4829528288 4.4874502388 4.5255003954 4.531621276 4.5468925555 4.5515068892 4.5659681487 4.6296395135 4.723382492 4.7401774242 4.7670246737 4.8970176132 4.9035759607 5.0674249607 5.3561377453 5.4065005687 5.4650021271 5.4938447582 5.5452099235 5.5627704543 5.5725133035 5.5791972823 5.6939705537 5.7026398363 5.7062357265 5.7451948257 5.8300258589 5.8396459976 6.2809717944 6.2990997507 6.3585630577 6.3725174611 6.378439988 6.4588178187 6.4992821899 6.5410041045 6.5467582422 6.5665395654 6.5943766502 6.647838727 6.6726963788 6.751160756 6.7580093924 6.8389365768 7.0733879879 7.0996243228 7.1041794663 7.1109945138 7.1337457268 7.3472353209 7.3724472372 7.4086156727 7.43080597 7.4578392534 7.5016758771 7.5783026668 7.6658273369 7.6856993376 7.7321337737 8.70770573 8.9647276751 8.9827663202 9.1319990809 9.1486395177 9.1695318595 9.176180836 9.3892699399 9.410738795 9.4821750222 9.6792262888 9.9339207273 9.9566967326 10.3029133154 10.3192756696 11.8040578671 16.2283210501 16.6189712241 16.7387247209 16.8118317482 16.8126219268 16.81621104 16.8676202893 16.9300191484 16.9852549036 16.9983373563 17.1505703617 17.2589966794 17.3204645661 17.3961172006 17.4529116862 17.509737109 17.5474867558 17.5663226699 17.6113726859 17.6210797107 17.731707369 17.7947162759 17.8661249605 17.9183035395 17.9458091563 18.0280531815 18.1571013754 18.2036655393 18.294393965 18.4518802212 18.4746601161 18.520307901 19.5296394416 19.5688532193 19.5978224114 19.6163543023 19.645707505 19.7622405512 19.7905146098 20.175518746 21.3820327912 21.4156481489 21.4727509226 21.4788743435 21.6162539961 21.6610465288 21.9616896182 21.9710091643
201 0.126688679 0.1411262605 0.2777952007 3.5385974354 3.5787502201 3.6029665404 3.6256957615 3.6288845092 3.6937667387 3.7058841409 3.7283616462 3.7975566661 3.8224456578 3.8543691377 3.9164871876 4.185928593 4.2075841653 4.3664899747 4.3900688249 4.4676519233 4.4752809731 4.4844818636 4.4871021151 4.5286978984 4.5322796989 4.5452532313 4.5513757459 4.5770211357 4.6230254535 4.7230420945 4.7398642129 4.7671953069 4.8934226141 4.9000484272 5.0636033482 5.3551377009 5.4054346029 5.4781458489 5.4952750932 5.532941722 5.5625589261 5.5723785024 5.579074633 5.6957298034 5.7044120047 5.7080781331 5.7472151696 5.8294577203 5.8390435257 6.2822207915 6.300055747 6.3547111187 6.3742200457 6.3796735756 6.4607974642 6.4988930635 6.540829002 6.5479065205 6.5649387597 6.5928988447 6.6446421035 6.6699321158 6.7530663847 6.7596168863 6.8397142086 7.0759671207 7.1026593087 7.1042363411 7.1086728065 7.1317096533 7.3499482633 7.3751956608 7.4117214969 7.4344137108 7.4567681359 7.501066445 7.5947334951 7.6555957537 7.6857636664 7.7328577071 8.7070698088 8.9634760271 8.9816346551 9.1317069257 9.148337758 9.1698380742 9.1764040862 9.3885142907 9.410134242 9.5132181133 9.645591343 9.9320459618 9.9548627353 10.3026380223 10.3189983066 11.8055584586 16.2253983023 16.6374169944 16.7398786074 16.7969790515 16.8115101554 16.8130273544 16.8685787503 16.9289054972 16.9862359901 17.0009076355 17.15315904 17.2631147532 17.3220817446 17.397866046 17.4546177719 17.5114980829 17.5442417763 17.566998362 17.6097886976 17.6219630058 17.7337277889 17.792576112 17.8662896312 17.9184282908 17.9461875592 18.0284994429 18.1575136754 18.2040652377 18.295972014 18.4527350052 18.4758547938 18.5224825177 19.5256998583 19.5655962383 19.5945285728 19.6126590575 19.6419341999 19.7589539614 19.7871932799 20.173875485 21.3831822395 21.4168209081 21.474146898 21.4803931243 21.6216230747 21.6590418373 21.9639931886 21.9734489472
202 0.0632668982 0.07050833 0.1389300122 3.5359976267 3.577367805 3.6017241227 3.6228540057 3.6265127909 3.693091948 3.7052530784 3.7256412836 3.7985023375 3.823619706 3.853016897 3.9152333578 4.1822337229 4.2041779153 4.3626934109 4.3863091783 4.4674406012 4.4757230198 4.4854060464 4.4868930013 4.5310401463 4.5326760778 4.5438435435 4.5512874006 4.5859749719 4.6167229274 4.7228463258 4.7396842171 4.7672988505 4.8912633602 4.8979298934 5.0613055069 5.354538002 5.4047948712 5.4904446684 5.4961516745 5.5211697981 5.5624343947 5.5722977001 5.5790032497 5.6967890153 5.7054803002 5.7091830976 5.7484275901 5.8291217447 5.8386869235 6.2829715104 6.3007402982 6.3522824096 6.3752661462 6.3804290618 6.4619877142 6.4986599354 6.5407248523 6.5485964094 6.5639710141 6.592005573 6.6426957895 6.6682543392 6.7542249822 6.7605925651 6.8401806075 7.0775281113 7.104269221 7.1045009094 7.107264017 7.1304762664 7.3515786067 7.3768474302 7.4135952909 7.4365984589 7.4561094144 7.5006919244 7.6090538534 7.6449878943 7.6857854789 7.7332855789 8.7066880367 8.9627214098 8.9809522652 9.1315326277 9.1481576323 9.1700226352 9.1765386797 9.3880576623 9.4097687308 9.5444550643 9.6128048462 9.9309168564 9.95375824 10.3024723029 10.3188313386 11.8064593671 16.2236417198 16.6510701409 16.7405724653 16.7828546692 16.810840831 16.8137463732 16.8691570311 16.9282351341 16.9868278895 17.0024519924 17.1547185074 17.2656290091 17.323055215 17.3989167642 17.4556445276 17.5125561133 17.5422526961 17.5674066274 17.6088335863 17.6224963586 17.7350082196 17.7912238817 17.8663889231 17.918503586 17.9464152197 18.0287680294 18.1577618986 18.2043057601 18.2969203541 18.4532484222 18.4765721251 18.5237900349 19.5233331198 19.5636396365 19.5925497444 19.6104386755 19.639666632 19.7569778287 19.7851958417 20.1728887761 21.3838716332 21.4175243148 21.4749839827 21.4813040353 21.6252658409 21.6574178712 21.9653757842 21.9749134124
203 -0.0037178193 -0.0032623949 -1.424e-07 3.5351294567 3.5769052574 3.6013078803 3.6219056497 3.6257206751 3.6928675843 3.7050428831 3.7247334628 3.7988229372 3.8240186597 3.8525660162 3.9148153207 4.1809924786 4.2030351066 4.3614247245 4.3850526998 4.4673701203 4.4758705611 4.4857152923 4.4868232567 4.531957803 4.5328084231 4.5432363463 4.5512562816 4.5900241411 4.613555512 4.7227824428 4.7396255043 4.767333559 4.8905432402 4.8972233864 5.0605387457 5.3543381584 5.4045816032 5.4964469775 5.4978666788 5.5139236839 5.5623932822 5.5722707501 5.5789798233 5.697142702 5.70583724 5.709551338 5.7488317652 5.8290105727 5.8385688713 6.2832219708 6.3009904434 6.3514497714 6.3756190912 6.3806835233 6.4623848765 6.4985822846 6.5406902886 6.5488265261 6.5636472131 6.5917067104 6.6420421401 6.6676917982 6.7546137738 6.7609196888 6.8403360424 7.0780507248 7.1042799727 7.1051182833 7.1067917364 7.1300631459 7.3521224864 7.377398475 7.4142216292 7.4373301453 7.4558870962 7.5005655789 7.6166803509 7.6385977086 7.6857898673 7.7334270997 8.7065607429 8.9624692637 8.9807242347 9.1314746947 9.1480977458 9.1700842944 9.1765836516 9.3879049111 9.4096464291 9.5686662755 9.5880780604 9.9305397776 9.9533893895 10.3024169726 10.3187755908 11.8067597623 16.2230557027 16.6563342083 16.740804005 16.7774336073 16.8106173459 16.8139863216 16.8693503268 16.928011318 16.987025732 17.002967143 17.1552393846 17.2664746716 17.3233802337 17.3992672386 17.4559872981 17.512909031 17.5415823126 17.5675431907 17.6085144179 17.6226747052 17.7354479898 17.7907601847 17.8664221023 17.9185287588 17.94649121 18.028857697 18.1578447812 18.2043860523 18.2972367204 18.4534196527 18.4768113229 18.5242263343 19.5225437084 19.5629870333 19.5918897136 19.6096980076 19.6389101768 19.7563184189 19.7845292521 20.1725597476 21.3841013851 21.4177587422 21.4752629273 21.4816076125 21.6265855641 21.6567711091 21.965836725 21.9754016668
204 -0.0037178193 -0.0032623949 -1.424e-07 3.5351294567 3.5769052574 3.6013078803 3.6219056497 3.6257206751 3.6928675843 3.7050428831 3.7247334628 3.7988229372 3.8240186597 3.8525660162 3.9148153207 4.1809924786 4.2030351066 4.3614247245 4.3850526998 4.4673701203 4.4758705611 4.4857152923 4.4868232567 4.531957803 4.5328084231 4.5432363463 4.5512562816 4.5900241411 4.613555512 4.7227824428 4.7396255043 4.767333559 4.8905432402 4.8972233864 5.0605387457 5.3543381584 5.4045816032 5.4964469775 5.4978666788 5.5139236839 5.5623932822 5.5722707501 5.5789798233 5.697142702 5.70583724 5.709551338 5.7488317652 5.8290105727 5.8385688713 6.2832219708 6.3009904434 6.3514497714 6.3756190912 6.3806835233 6.4623848765 6.4985822846 6.5406902886 6.5488265261 6.5636472131 6.5917067104 6.6420421401 6.6676917982 6.7546137738 6.7609196888 6.8403360424 7.0780507248 7.1042799727 7.1051182833 7.1067917364 7.1300631459 7.3521224864 7.377398475 7.4142216292 7.4373301453 7.4558870962 7.5005655789 7.6166803509 7.6385977086 7.6857898673 7.7334270997 8.7065607429 8.9624692637 8.9807242347 9.1314746947 9.1480977458 9.1700842944 9.1765836516 9.3879049111 9.4096464291 9.5686662755 9.5880780604 9.9305397776 9.9533893895 10.3024169726 10.3187755908 11.8067597623 16.2230557027 16.6563342083 16.740804005 16.7774336073 16.8106173459 16.8139863216 16.8693503268 16.928011318 16.987025732 17.002967143 17.1552393846 17.2664746716 17.3233802337 17.3992672386 17.4559872981 17.512909031 17.5415823126 17.5675431907 17.6085144179 17.6226747052 17.7354479898 17.7907601847 17.8664221023 17.9185287588 17.94649121 18.028857697 18.1578447812 18.2043860523 18.2972367204 18.4534196527 18.4768113229 18.5242263343 19.5225437084 19.5629870333 19.5918897136 19.6096980076 19.6389101768 19.7563184189 19.7845292521 20.1725597476 21.3841013851 21.4177587422 21.4752629273 21.4816076125 21.6265855641 21.6567711091 21.965836725 21.9754016668
205 0.0763914889 0.0842116875 0.1545674848 3.5360110777 3.5592651699 3.6195906978 3.6228338333 3.6265318861 3.677309352 3.7206210147 3.7256103315 3.7985383271 3.823662727 3.8530916008 3.9152624959 4.1822855209 4.204222739 4.3626429193 4.3862641259 4.4674261746 4.4757072241 4.4850826814 4.4868637961 4.531541901 4.532633757 4.541824461 4.5536085282 4.58593475 4.6166815264 4.7230687973 4.7398634889 4.7671819743 4.875329222 4.9136823075 5.0611446944 5.3545881557 5.4048337754 5.4888464222 5.4972851115 5.5209633249 5.562488667 5.5723820762 5.5790806082 5.6969085009 5.7055965199 5.7092134238 5.7484693116 5.8289148542 5.8384939775 6.2830263479 6.3008898262 6.3524512618 6.3749058761 6.3800482403 6.4606382632 6.4987861953 6.5408589212 6.5497378115 6.5639887515 6.5920255273 6.6426785503 6.6682363173 6.7532803687 6.7613810889 6.8402437466 7.0770947984 7.1041514453 7.1042865135 7.1070973672 7.1305756325 7.3516942316 7.3769552196 7.4132777866 7.4363286857 7.456325785 7.5009953469 7.6090700816 7.6450223488 7.685736638 7.7331901004 8.7065626647 8.9628142542 8.9811714438 9.1319461045 9.1419787275 9.1485742606 9.2050759341 9.3882445821 9.4099575946 9.5443089859 9.6126665485 9.930814097 9.9536564156 10.3022473513 10.3186054041 11.8060487703 16.223892484 16.6511063478 16.7406080199 16.7828935607 16.8108084999 16.8137930587 16.8691398353 16.9282030157 16.986792836 17.0026325964 17.1548204616 17.2657265935 17.3223275873 17.3988837371 17.4560545175 17.5125252862 17.5422946754 17.5674464697 17.6088741867 17.6225388744 17.7349719929 17.7911828823 17.8662776458 17.9183976461 17.9464738462 18.0288036711 18.1577041821 18.2042543599 18.2968827175 18.4532111225 18.4765938555 18.5238135323 19.5233447806 19.5636511308 19.5925286421 19.6104270783 19.6396864445 19.7560940049 19.7861192477 20.1728382438 21.3839293508 21.4175717656 21.4750924505 21.4814282467 21.625205343 21.6573778566 21.9652600373 21.9747938881
206 0.1529860568 0.1684320372 0.3090392621 3.5339052076 3.5386514342 3.6256084649 3.6289609652 3.6468018323 3.6571248963 3.7282356285 3.7409469696 3.7977013145 3.8226193937 3.854660059 3.9165967477 4.1861358986 4.2077640992 4.3662940212 4.3898944281 4.4675937771 4.47521848 4.4832530973 4.4869810506 4.5301286785 4.5321212215 4.5397868456 4.558553555 4.5768732695 4.6228482341 4.723930607 4.7405794527 4.7667278702 4.8585757825 4.9341704792 5.0629592893 5.3553363769 5.4055902703 5.4755217893 5.4959646327 5.5321762392 5.5627750745 5.5727343798 5.5793830942 5.696208778 5.7048777419 5.7082006669 5.747383323 5.8286320287 5.8382733 6.2824418643 6.3006622223 6.3553761112 6.3727878167 6.3781562765 6.4556354281 6.4993970161 6.5413643326 6.5522282908 6.5650095777 6.592978412 6.6445643628 6.6698524437 6.7501354528 6.7619218353 6.8399770372 7.0740684803 7.1015301488 7.1043058086 7.1080325934 7.1320797829 7.3504104867 7.375626581 7.4104574856 7.4333454987 7.4568931886 7.5029325726 7.5947825134 7.6557538192 7.6855579897 7.7324703497 8.706567678 8.9631112005 8.9832331862 9.1112724915 9.1333599374 9.1500032816 9.2369419912 9.3892623467 9.4108903142 9.5126309467 9.6450378624 9.9316343928 9.9544548854 10.3017384124 10.3180948003 11.8039180107 16.2263979106 16.6375781972 16.7400208147 16.7971127979 16.8113650349 16.8132210785 16.8685096783 16.9287912058 16.9860954966 17.0016301676 17.1535658867 17.2635040775 17.3192087754 17.3977329724 17.4562224339 17.5113730069 17.5444098227 17.5671567359 17.6099513787 17.6221349752 17.7335835915 17.7924105776 17.8658470432 17.9180062816 17.9464220887 18.0286421314 18.1572829837 18.2038597581 18.2958209776 18.4525847533 18.4759415851 18.5225779367 19.5257461304 19.5656424776 19.5944456965 19.6126124322 19.6420120109 19.7557132497 19.7905919098 20.1736740548 21.3834097378 21.4170131496 21.4745796381 21.4808892709 21.6213912605 21.6588729906 21.9635309159 21.9729714928
207 0.229464681 0.2525968689 0.463353727 3.508404044 3.5430368348 3.630223554 3.6329948821 3.6365477248 3.6756687578 3.7326006268 3.7614640119 3.796360504 3.8209587835 3.8572470455 3.9187966247 4.1924607601 4.2135964927 4.3723671747 4.3959312905 4.4678712283 4.474407817 4.4803909908 4.4871733069 4.5275781743 4.531275104 4.5384833309 4.5646466346 4.565711243 4.6292170533 4.7253762491 4.7417793181 4.7659734206 4.8432038868 4.9557667527 5.0659727823 5.356577678 5.406850793 5.4608160615 5.4938506785 5.5432313661 5.5632532576 5.5734106991 5.5798876682 5.6950521327 5.703690905 5.7065161396 5.7455779262 5.8281750231 5.8379188283 6.2814756433 6.300490474 6.3600253166 6.3693261483 6.375047953 6.4479257472 6.5004120171 6.5422050646 6.5557298225 6.5666984082 6.5945547432 6.6476325402 6.6724898434 6.7460098637 6.761746604 6.8395660901 7.0686032972 7.0979506095 7.1043378728 7.1096440553 7.1344861357 7.348274289 7.3734159209 7.4057938565 7.4284415595 7.4557506379 7.5079439977 7.5783730218 7.6662392081 7.6851994408 7.7312423196 8.7065735307 8.9618336033 8.9883831683 9.08091856 9.1357148991 9.1523834146 9.2692277638 9.3909544697 9.4124422574 9.480838189 9.6779849386 9.9329927085 9.9557770042 10.3008899336 10.31724365 11.8003740995 16.2305572907 16.6193761036 16.739044652 16.8119187589 16.8124623997 16.8165985149 16.8674638122 16.9298148578 16.9849377463 16.9999634906 17.1514822051 17.2598691187 17.314132769 17.3958141732 17.4563981593 17.5094491115 17.5478650898 17.5666752536 17.6117396949 17.6214737963 17.7313852865 17.7943383976 17.8651385303 17.9173605525 17.9463369333 18.0283746816 18.1565829689 18.203203663 18.2940523373 18.4515382218 18.4748549059 18.5205279193 19.5297421428 19.5689582372 19.5976415895 19.6162485116 19.6458772824 19.7557281895 19.7973807847 20.1750681392 21.3825320877 21.4160897603 21.4737203296 21.479988058 21.6157583025 21.6606459697 21.9606521819 21.9699372985
208 0.3058345792 0.3366878998 0.6174278197 3.4833506334 3.5491447568 3.616253471 3.6366598432 3.6386122223 3.7051682688 3.7386867681 3.7819130978 3.7945920504 3.8187891561 3.8608134949 3.9218275711 4.2011323187 4.2216213529 4.3808429431 4.4043528963 4.4682555847 4.473278229 4.4766992032 4.487439367 4.5241056144 4.5300962154 4.5377917105 4.5531328773 4.5717312014 4.6349271974 4.7274201622 4.7434723803 4.7649232318 4.8293981978 4.9782853313 5.0701689458 5.358304023 5.4086139864 5.4452912907 5.4910313356 5.5532743539 5.5639244533 5.5746816308 5.5805949557 5.6934527652 5.7020519301 5.7041656008 5.7430600345 5.8275651767 5.8374504684 6.2801394464 6.3005874159 6.3646040449 6.3661668369 6.3707868282 6.4380906579 6.5018266665 6.5433786747 6.5596309375 6.5690367123 6.5967370672 6.6517810529 6.6760706359 6.741235705 6.7605822119 6.8390599495 7.0604574436 7.0941153169 7.1043795751 7.1119847876 7.1376728829 7.3452906291 7.3703287705 7.3993403661 7.4217105633 7.4513759972 7.5171819151 7.5606200988 7.6757044721 7.6845775198 7.7294657696 8.7065764842 8.9583299222 8.9971879538 9.0509692504 9.1390088392 9.1557122312 9.3018791001 9.3933147595 9.4146095421 9.4493214435 9.7111150906 9.9348758861 9.9576098825 10.2997015522 10.3160517422 11.7954279548 16.2363463375 16.5989049677 16.7376833458 16.8108120389 16.8133967677 16.8386537727 16.8660089588 16.9313376083 16.983326261 16.9976386252 17.1485802082 17.2549155439 17.3072574829 17.3931260968 17.4564503425 17.5067486443 17.5525654887 17.5660040756 17.6142287819 17.6205733408 17.7285070585 17.7968325934 17.8641656144 17.9164701565 17.9462200208 18.0280039563 18.1556070631 18.2022883967 18.2915782901 18.450067698 18.4733344722 18.5176772383 19.5353234087 19.5735936805 19.6021172218 19.6213261087 19.6512666313 19.7565669842 19.8060339973 20.1770220637 21.3812792418 21.414812753 21.4725075403 21.4787202549 21.6087860858 21.6622246814 21.956628524 21.9656959866
209 0.3820719971 0.420682353 0.7711803534 3.4588664953 3.5569436702 3.5961747344 3.644888998 3.6457828987 3.7353128923 3.7464694818 3.792478965 3.802196091 3.8162651962 3.8653072993 3.925643591 4.2119902527 4.2317116976 4.391691341 4.4151259867 4.4687420017 4.4717452952 4.4724549687 4.4877766468 4.5199547937 4.5285948071 4.5372713529 4.5396689044 4.5795338576 4.6396716768 4.7300836268 4.7456692291 4.76358711 4.8172805451 5.001601096 5.0755251084 5.3605052077 5.4108747145 5.4290965544 5.4876249499 5.5613508295 5.564790364 5.5773265737 5.5815058314 5.6914302949 5.6999785469 5.7011614658 5.7398393993 5.8268319477 5.8368959183 6.278449509 6.3011397863 6.3587497995 6.3654453172 6.3735651882 6.4265942188 6.5036346649 6.5448817058 6.5634283726 6.5719991019 6.5995014584 6.6568843966 6.6804968275 6.7359927968 6.7583302079 6.8385244895 7.0498172498 7.0903466875 7.1044262105 7.1150915209 7.1415090901 7.3414663451 7.3663727247 7.3911684773 7.4132691865 7.4435630226 7.5304633641 7.5417583217 7.6835867633 7.683924991 7.7270888001 8.7065713363 8.9528328287 9.0093017915 9.0214437708 9.1432386324 9.1599862467 9.3348742222 9.3963346069 9.4173867273 9.4182020078 9.744303824 9.9372657175 9.9599356851 10.2981727768 10.3145187901 11.7890946369 16.243731463 16.5774252452 16.7359423272 16.8090860147 16.8146436937 16.8622487524 16.8641687321 16.9334450064 16.981270294 16.99466407 17.1448747765 17.2487578227 17.2987657501 17.3896671234 17.4562328391 17.5032650546 17.5583945252 17.5651462376 17.6174044404 17.619458831 17.7250752411 17.7997619591 17.8629467522 17.9153484345 17.946073608 18.027533567 18.1543592663 18.2011171338 18.2884011364 18.4481679097 18.471381189 18.5140447527 19.5424766447 19.5795421855 19.6078733284 19.6278324468 19.6581588603 19.758481537 19.8162670933 20.1795379588 21.3796278627 21.4131970238 21.4709313766 21.4770798204 21.600766042 21.6633284137 21.9514664791 21.9602540805
210 0.4581482056 0.5045568349 0.9245302358 3.4349836916 3.5663923006 3.5763989398 3.6544587698 3.6548885115 3.7559169131 3.7660075166 3.7901456668 3.8132810906 3.8224938681 3.8706651913 3.9301893414 4.2248544444 4.2437202845 4.4048691191 4.42820311 4.4674186743 4.4693140048 4.4702124431 4.4881805421 4.5152095288 4.5250325608 4.5267873684 4.5370653314 4.588050851 4.6432927188 4.7333959946 4.748372981 4.7619899779 4.8069555218 5.0256023704 5.0820122301 5.3631696799 5.4121478507 5.4137749232 5.483765249 5.5658527134 5.5662500465 5.5824615041 5.5826311171 5.6890095364 5.6973322766 5.6976806533 5.7359286818 5.8260125271 5.8362904806 6.2764263184 6.3022892408 6.3518613634 6.3591191021 6.3820433097 6.4137662369 6.5058279943 6.5467096463 6.5667474211 6.5755538299 6.6028179982 6.6628052071 6.68565825 6.7304112939 6.7549621508 6.8380392861 7.0371960257 7.086624838 7.1044719705 7.1189713866 7.1458697425 7.3368099758 7.3615572953 7.381364837 7.4032467829 7.4328061204 7.5218976728 7.5469525737 7.6821184592 7.6907885894 7.7240514413 8.7065514525 8.9456150966 8.992355725 9.0243162429 9.1484001001 9.1652008225 9.3681957228 9.387551753 9.4000032865 9.4207668834 9.7774740924 9.9401391512 9.9627318387 10.2963030038 10.3126444409 11.7813931325 16.2526701796 16.5556017849 16.7338287367 16.8069772071 16.8159031002 16.8619058816 16.8867173155 16.9362393938 16.9787815856 16.9910508048 17.1403846967 17.2415199288 17.2888459106 17.3854354233 17.4556036395 17.4989905855 17.5640926002 17.565238229 17.6181626373 17.6212489119 17.7211966335 17.8030141689 17.8615049107 17.9140121397 17.9459005282 18.0269680275 18.1528445617 18.1996938262 18.2845241951 18.4458322381 18.4689961904 18.5096540371 19.5511845728 19.5867952362 19.6149101132 19.6357512908 19.6665277231 19.7616100896 19.8279010715 20.1826184574 21.3775493666 21.4112602317 21.4689789012 21.4750590778 21.5918723964 21.6637971189 21.9451744045 21.9536199156
211 0.5340332884 0.5882878752 1.0773961392 3.4117055313 3.556991184 3.5774479945 3.6646122831 3.6665988884 3.766990952 3.787687466 3.7971688264 3.8104488768 3.8423349753 3.8768148519 3.9354024584 4.2395358642 4.2574871912 4.4203160719 4.4435189676 4.4621378056 4.4681781148 4.4700283549 4.4886396052 4.5091815163 4.5104008737 4.5246940645 4.5366562178 4.5972368126 4.6456823352 4.7373965207 4.7515297478 4.760223267 4.79851509 5.0501841764 5.0895951214 5.3662850179 5.3948833445 5.4169059126 5.4795935932 5.5671148485 5.5684875891 5.583940894 5.5895518661 5.6862202557 5.6931413891 5.6947414628 5.7313435448 5.8251513779 5.8356767998 6.2740943432 6.3041348241 6.344055939 6.3518921736 6.3914446693 6.3998394848 6.5083969807 6.5488568855 6.569315008 6.5796634204 6.6066513509 6.6694039575 6.691439716 6.7245957979 6.7504920753 6.8376932653 7.0231614479 7.0828251124 7.1045102009 7.1235983709 7.1506427816 7.3313315706 7.3558937119 7.3700282454 7.3917762915 7.4196215397 7.5011270554 7.5658461213 7.6800508523 7.6962338774 7.7202893241 8.706508807 8.936820444 8.9637182768 9.0419338859 9.1544878943 9.1713500535 9.3574262409 9.40182616 9.4043076135 9.4247414891 9.8105633564 9.9434685493 9.965971294 10.2940915378 10.3104282878 11.7723460888 16.2631115984 16.5338159791 16.7313515379 16.8045029315 16.8170276518 16.8592862834 16.9116300955 16.9398324531 16.9758742517 16.9868124587 17.1351324967 17.2333262364 17.277679884 17.3804291974 17.4544361976 17.4939167646 17.5628778489 17.5729379161 17.6167241214 17.6257411773 17.716955364 17.8064995753 17.8598670235 17.9124811502 17.9457041394 18.0263126635 18.1510688022 18.1980231121 18.2799520758 18.4430528464 18.4661807933 18.5045329096 19.5614257502 19.5953424237 19.6232269553 19.6450630849 19.6763424154 19.7660280416 19.84081234 20.1862666186 21.3750113984 21.4090212533 21.466633927 21.4726487809 21.5822181014 21.6635358359 21.9377624425 21.9458036025
212 0.6096971339 0.6718520661 1.2296963334 3.389023188 3.5380261031 3.5900457188 3.6761737564 3.679987874 3.7796458444 3.7852150426 3.8075092901 3.8288036809 3.8620234932 3.883677273 3.941215916 4.255844539 4.2728460182 4.4379474178 4.4564742186 4.4609856636 4.4659425462 4.4707889552 4.4890164283 4.4935545644 4.5040624173 4.5223391889 4.5361693763 4.6070557625 4.6467534347 4.7421369878 4.7545183632 4.7589581361 4.7920378904 5.0752456967 5.098233482 5.3698300391 5.3769694422 5.4206257657 5.4752536834 5.5685787169 5.5695223864 5.5854680029 5.597080967 5.6830969079 5.6882147044 5.6915896767 5.726102764 5.8242997174 5.8351045204 6.271481713 6.3067417819 6.3354374673 6.3438500351 6.3849358755 6.4016811575 6.5113303716 6.5513166557 6.570931242 6.5842854617 6.6109614133 6.6765458604 6.6977266523 6.7186310275 6.7449663133 6.8375791556 7.0081984111 7.0788428457 7.1045335525 7.12891603 7.1557311592 7.3250424408 7.349394586 7.3572666367 7.3789874122 7.4044043162 7.47950782 7.5865510621 7.6772732944 7.700211394 7.7157370848 8.7064340329 8.9265154564 8.9355441988 9.0619230352 9.1614953642 9.1784266379 9.3278713815 9.4092314652 9.4293004833 9.4357483789 9.8435152828 9.9472219892 9.9696228494 10.2915376167 10.3078698847 11.7619795063 16.2749970137 16.5123099349 16.7285216497 16.8016762264 16.8178722669 16.8563065553 16.9367494849 16.9443525763 16.972564668 16.9819662059 17.1291443704 17.2242952684 17.2654378063 17.3746469758 17.4526240986 17.4880349793 17.5614794099 17.581397114 17.6151891905 17.6308573626 17.7124163508 17.8101487294 17.858063359 17.9107781307 17.9454882631 18.0255735083 18.149038581 18.19611021 18.2746910106 18.4398208474 18.4629364136 18.4987128966 19.5731743364 19.6051714495 19.6328222573 19.655745113 19.6875679704 19.7717760459 19.8549055332 20.1904858394 21.3719798896 21.4064980143 21.4638767112 21.4698381941 21.5718853875 21.662484651 21.9292424764 21.9368169844
213 0.6851098034 0.7552261089 1.3813485364 3.3669223221 3.5195636365 3.604124851 3.6890830914 3.6949990502 3.7828270324 3.7938297458 3.8047573565 3.8606651397 3.8815667356 3.8911700801 3.9475602382 4.2735945377 4.2896284218 4.4503879722 4.4577031159 4.4634841031 4.4716337022 4.476270769 4.4804863661 4.4898841195 4.4975064651 4.5197509497 4.5355782058 4.617474733 4.6464320278 4.7476848988 4.7541540356 4.7614466359 4.7875876191 5.1006756577 5.1078960298 5.3584927605 5.3738434192 5.4248041756 5.4708878243 5.570070169 5.5702479795 5.5872021965 5.604333352 5.6796781291 5.6826714796 5.6881689391 5.7202283639 5.8235149533 5.8346298612 6.2686198334 6.3101486978 6.3260990756 6.3350707926 6.3692169596 6.4126011014 6.5146154275 6.5540809432 6.5714508468 6.5893734349 6.6157040119 6.6841049924 6.7044089559 6.7125816639 6.7384586835 6.8377870511 6.9926893979 7.0746139401 7.1045341358 7.1348432428 7.1610524945 7.3179547911 7.3420691998 7.3431984301 7.3650023435 7.3874606257 7.4570994875 7.6086278603 7.6736823333 7.7026854115 7.7103313568 8.7063164815 8.9078453424 8.9147313319 9.0840821489 9.1694144084 9.1864217309 9.2989260621 9.414758775 9.4344326289 9.4699412016 9.8762769271 9.9513636042 9.973651562 10.2886404404 10.3049687644 11.7503223987 16.2882605594 16.4912530663 16.7253520891 16.7985112398 16.8183041607 16.8529848066 16.9497666436 16.962021163 16.9688718541 16.9765452689 17.1224503543 17.2145361771 17.2522769314 17.3680879561 17.4500813805 17.4813371181 17.5599104742 17.5904914808 17.6136096217 17.636571089 17.7076311517 17.8139080567 17.8561268243 17.9089281525 17.9452571127 18.0247571874 18.1467610869 18.1939608012 18.2687492411 18.436126513 18.4592644216 18.4922286613 19.5863997764 19.6162681325 19.6436934808 19.6677716778 19.7001655119 19.7788746974 19.8700998541 20.195279755 21.3684215661 21.4037048134 21.46068351 21.4666151843 21.5609417297 21.6606034584 21.9196280767 21.9266735902
214 0.7602417104 0.8383868255 1.5322697436 3.3453867338 3.5016665453 3.6196125552 3.7032696596 3.7115722869 3.7806164446 3.8022341116 3.8094861642 3.8922284926 3.899178851 3.9015234719 3.9543654286 4.2926064903 4.3076670676 4.4439593478 4.4585049972 4.4607880516 4.4725457329 4.4793787183 4.4901472036 4.4906587371 4.5018746591 4.5169625863 4.5348752242 4.6284495882 4.6446658987 4.7516695638 4.75414358 4.7665313413 4.7852120176 5.1184152631 5.1264972972 5.3395453754 5.3782483523 5.4294146893 5.4666341157 5.5704052133 5.572124284 5.5891440712 5.6110389543 5.67599543 5.6765483917 5.6845250307 5.7137457833 5.822860082 5.8343151069 6.2655428958 6.3143016485 6.3161918658 6.3256255424 6.3527440659 6.4241402914 6.5182380286 6.5571402518 6.5707735331 6.5948774916 6.6208316251 6.6919657989 6.7064874154 6.711384346 6.7310699375 6.8383977302 6.9769312222 7.0701049074 7.1045036928 7.1412808763 7.1665378001 7.3100809331 7.3279227658 7.3339501809 7.3499338206 7.3690460631 7.4339579123 7.6317432175 7.6691880536 7.7036270664 7.7040165411 8.7061442902 8.8806381624 8.9014773475 9.1082255953 9.1782353148 9.1953247718 9.2706224428 9.4208700542 9.4401249171 9.5043834868 9.9087973679 9.9558539634 9.9780193815 10.2853992034 10.3017244601 11.73740643 16.3028299197 16.4707743721 16.7218581173 16.7950241489 16.8182145752 16.8493406874 16.9563120824 16.9648135333 16.9704713354 16.9872466673 17.1150852158 17.2041473568 17.2383427093 17.3607523612 17.4467406195 17.4738162521 17.5581792423 17.6001097091 17.6120421266 17.6428538326 17.7026446489 17.817735735 17.8540922289 17.9069582793 17.9450152151 18.0238707973 18.1442439523 18.1915809054 18.2621374511 18.4319595292 18.4551659053 18.4851174447 19.6010663757 19.6286164214 19.6558374029 19.6811142948 19.7140923365 19.7873325174 19.8863222369 20.2006521325 21.3643065428 21.4006494685 21.4570259398 21.4629663239 21.5494487281 21.6578641056 21.9089344333 21.9153885902
215 0.8350637306 0.9213111525 1.6823760212 3.3244009448 3.4843957569 3.6364288452 3.7186551463 3.7296411886 3.7786648619 3.8000428519 3.8265436806 3.9076813634 3.9176256041 3.9276443068 3.9615625811 4.3127083363 4.3267973046 4.436600765 4.4404073012 4.4579387537 4.473524298 4.4824399262 4.4911789575 4.5028427876 4.5140162639 4.5249380175 4.5340620061 4.6393827825 4.6419648943 4.7486805355 4.7616035299 4.7727437882 4.7849432123 5.1299106608 5.1524449063 5.320116475 5.3830697485 5.4344266082 5.4626242796 5.570654106 5.5742117837 5.5912936501 5.6170828986 5.6698202871 5.6721465611 5.6807119785 5.7066840926 5.8224030511 5.8342280185 6.2622871637 6.3055173934 6.3155334682 6.3195034286 6.3355977198 6.4362172078 6.522182794 6.5604823157 6.5688406381 6.6007452237 6.6262941067 6.6999188913 6.7004600327 6.7185549292 6.7229356634 6.8394766443 6.9611550131 7.065301022 7.1044337818 7.1481181577 7.1721299341 7.3014299231 7.3115812224 7.3250301861 7.3338855744 7.3493886836 7.4101371911 7.6555799441 7.6637674627 7.6967332797 7.7030302223 8.7059044594 8.8539359511 8.8867575301 9.1341786139 9.1879465786 9.2051231688 9.242985962 9.4275446615 9.4463632062 9.5390512463 9.9410257797 9.9606505653 9.9826868643 10.2818131305 10.298136529 11.7232655371 16.3186270749 16.4509789715 16.7180573808 16.7912334932 16.8175266262 16.8453954575 16.9604146832 16.9637614898 16.9640826907 17.0122527446 17.1070917818 17.1932164836 17.2237706587 17.352641803 17.4425501784 17.4654673263 17.5562973527 17.6101061697 17.6105831082 17.6496751428 17.6975031662 17.8215984086 17.8519955392 17.904897133 17.9447673251 18.0229217782 18.1414950963 18.1889767511 18.2548692331 18.4273092939 18.4506412818 18.4774185942 19.6171327326 19.6421984132 19.6692506146 19.6957418959 19.7293018074 19.797150667 19.9035038946 20.206606759 21.3596104951 21.397330747 21.4528700842 21.4588770038 21.5374677493 21.6542461868 21.8971782663 21.9029787627
216 0.9095472803 1.0039761222 1.8315822439 3.3039522936 3.467810644 3.6544865125 3.7351538309 3.7491329699 3.7770443314 3.7982558659 3.84493375 3.9165410631 3.9369300182 3.9598668251 3.9690860823 4.3337348869 4.3468579113 4.4200076411 4.4302408426 4.4549444839 4.4739672228 4.4745591348 4.491902051 4.510940151 4.5278327533 4.533156564 4.5494277829 4.6362490742 4.6522750597 4.745361916 4.7702420992 4.7800489439 4.7867995764 5.1422095169 5.1785426838 5.3002317533 5.3882960175 5.4398032161 5.4589825601 5.5708963615 5.5765129064 5.5936501619 5.622406177 5.6625745087 5.6681248347 5.6767890066 5.6990763018 5.8222160831 5.8344411657 6.2588896506 6.2944219048 6.3049299736 6.3177206559 6.3254918277 6.4487592972 6.5264332143 6.5640533931 6.565671276 6.6069224236 6.6320393946 6.6941092706 6.7082040437 6.7142392335 6.7258417818 6.8410695366 6.9455422113 7.0601976026 7.1043159658 7.1552382003 7.1777819904 7.2919413682 7.2943528728 7.3152874902 7.3169927892 7.3287036669 7.3856906824 7.6570893186 7.6801079293 7.6885342444 7.7008789318 8.7055829347 8.8277548611 8.8705690274 9.1617756827 9.198534396 9.2156932858 9.2161445065 9.4347605379 9.453132065 9.5739181403 9.9657060605 9.972897636 9.9876292944 10.2778815158 10.2942045807 11.7079355478 16.3355690397 16.4319570336 16.7139700408 16.7871603614 16.8161973612 16.8411718379 16.9556944806 16.9568390758 16.9725835027 17.0370111539 17.09853596 17.1818213888 17.2086882934 17.3437596397 17.4374713799 17.4562878292 17.5542819191 17.6091761332 17.6204813957 17.65700232 17.6922674925 17.82546877 17.8498731558 17.9027744478 17.9445183362 18.0219177872 18.1385225682 18.1861546468 18.2469615709 18.4221652522 18.4456896434 18.469173321 19.6345509909 19.656994381 19.6839302815 19.7116210387 19.7457430428 19.808326065 19.9215785857 20.2131473285 21.3543159386 21.3937364698 21.4481752991 21.4543315561 21.5250642458 21.649734692 21.8843776937 21.8894624945
217 0.9836643801 1.0863588313 1.9798017591 3.2840327233 3.4519689841 3.6736912539 3.7526726943 3.7699673203 3.775818111 3.7969371116 3.8645759076 3.9256866908 3.9554060806 3.9768662209 3.9928893237 4.3555260884 4.3676911177 4.3998610788 4.4222207393 4.4518414595 4.4649416135 4.4756240579 4.492637446 4.5078237964 4.5320938803 4.5541395625 4.5749961977 4.6297525197 4.6648225778 4.7417678662 4.7802489355 4.7886142359 4.7908025724 5.155250878 5.2047004145 5.2799152839 5.3939164759 5.4454960517 5.4558304797 5.5711927115 5.5790300149 5.5962116207 5.6269728439 5.6548167111 5.6640147633 5.6728202372 5.6909598676 5.8223749542 5.8350311831 6.2553846588 6.2828297271 6.2937873436 6.2994130245 6.3322045317 6.4616993907 6.5309717901 6.5611074688 6.5680105876 6.6133538035 6.6380141893 6.6876040975 6.705285885 6.716398028 6.7331583892 6.8432003915 6.9302363408 7.0547937617 7.1041419989 7.1625225842 7.1834556052 7.2760020549 7.2819737728 7.2991276726 7.304926556 7.3072165199 7.3606718257 7.6494369187 7.6789864611 7.6971560387 7.7052362151 8.7051646909 8.8021119792 8.8529064176 9.1896907034 9.1909434732 9.2099865466 9.2273505981 9.4424944356 9.4604149077 9.6089552587 9.9709767956 9.9926417941 10.0045217191 10.2736037637 10.2899283077 11.6914538029 16.3535684343 16.4137889694 16.7096188836 16.7828285201 16.8142144891 16.8366938316 16.949240576 16.9506980152 16.9822451866 17.0612586806 17.0896301683 17.1700313844 17.1932167739 17.3341113165 17.4314759486 17.4462784107 17.5521577596 17.6080014509 17.630965008 17.6647972363 17.687043268 17.8293238541 17.8477612462 17.9006206269 17.9442731885 18.0208665711 18.1353343966 18.1831208525 18.2384353168 18.4165172544 18.4403075746 18.4604249875 19.653265885 19.6729828128 19.6998751747 19.7287161168 19.7633603849 19.8208537412 19.9404817816 20.2202773307 21.3484124048 21.3898423733 21.4428927508 21.4493133839 21.5123117188 21.6443186378 21.8705519917 21.8748598819
218 1.0573877101 1.1684364006 2.1269459446 3.2646403082 3.4369268674 3.6939417259 3.7711111165 3.7750359286 3.7920502297 3.7961510152 3.8853829639 3.935040015 3.9735331658 3.9848546075 4.0261928646 4.3777857438 4.3789656324 4.3891457405 4.4135268934 4.4486618322 4.4554617361 4.4767258285 4.4933424342 4.504742674 4.5309711822 4.581306874 4.6012093667 4.6215719103 4.6778710282 4.7379243641 4.7918369154 4.7967951288 4.7989254883 5.1689548163 5.2308437126 5.2591920901 5.3999172885 5.4512744987 5.4534572951 5.5715954232 5.5817648733 5.5989740527 5.6307567255 5.6465851517 5.6598798709 5.6688749327 5.6823776934 5.8229582163 5.8360779495 6.2517898518 6.2707704737 6.280566759 6.282167763 6.3397859157 6.474974184 6.535780147 6.5553997107 6.5721327652 6.6199836484 6.6441645933 6.680454125 6.6965581249 6.7245469041 6.7404386348 6.8458718972 6.9153515197 7.0490873525 7.1039040043 7.169855207 7.1891189955 7.2570897306 7.2710804373 7.280527165 7.2851814685 7.2937485081 7.3351351982 7.640605051 7.6685523006 7.6919252228 7.7304428312 8.7046337976 8.7770256741 8.8337628329 9.1642066986 9.2212724313 9.2223038758 9.2397415473 9.4507221556 9.4681941073 9.644130976 9.9764098771 9.9979537343 10.0355793586 10.2689794322 10.2853075202 11.6738587877 16.3725319668 16.396550594 16.7050294039 16.7782645 16.8115898859 16.8319865355 16.9411865193 16.945419852 16.9928265503 17.0774303119 17.0879042562 17.1579090402 17.177472189 17.323704682 17.4245438319 17.4354434262 17.5499596774 17.607071781 17.6413381872 17.6729817411 17.6820966262 17.8331438662 17.8456951624 17.8984663139 17.9440367749 18.0197758427 18.1319384467 18.1798814542 18.2293156412 18.4103559183 18.4344867686 18.4512206347 19.6732135819 19.6901404656 19.7170869448 19.7469895677 19.78209265 19.8347288424 19.9601503153 20.2279999454 21.3418956435 21.3856113903 21.4369639943 21.4438051006 21.4992956646 21.6379902385 21.8557210461 21.8591931363
219 1.1306906576 1.2501859235 2.2729236063 3.2457805306 3.4227385872 3.7151294232 3.7747477559 3.790357852 3.7958947607 3.8153342911 3.9072598763 3.9445266144 3.9913081889 3.993079035 4.0596723758 4.3569646346 4.4006400523 4.4040429645 4.4110682228 4.4450472244 4.4460854795 4.4778498901 4.4938949113 4.5018746684 4.529755515 4.6087714676 4.611841626 4.627520474 4.6913639768 4.733853828 4.8047892244 4.8053701967 4.8113207023 5.1832330247 5.2380887109 5.2569027622 5.4062788206 5.4511473701 5.4578995995 5.5721515392 5.5847183575 5.6019296867 5.6337236339 5.6379352168 5.6557917771 5.6650277806 5.6733806764 5.8240463498 5.8376636875 6.2479938228 6.2582261178 6.2614975997 6.2700658359 6.3481839309 6.4885229702 6.5408386634 6.5485296863 6.5764938075 6.626756351 6.6504366995 6.6721300359 6.6886901659 6.7325862563 6.7476195964 6.8490680413 6.9009786333 7.0430700801 7.1035946434 7.1771257881 7.1947443933 7.2374979881 7.2594351777 7.2606365307 7.2634008029 7.2818405695 7.3091390307 7.6305675219 7.6569805004 7.6851716297 7.75586795 8.7039733821 8.7525158533 8.8131308358 9.1393351174 9.2353935977 9.2528678635 9.2530280073 9.4594187947 9.4764511192 9.6794108414 9.9819547269 10.0033385519 10.0662037864 10.2640082781 10.2803421829 11.6551897823 16.3802756717 16.3924003177 16.7002298592 16.7734976473 16.8083522944 16.8270759491 16.932690664 16.9399052142 17.0042212726 17.0686592783 17.1101880937 17.1455148006 17.1615664825 17.3125502719 17.4166613693 17.4237914232 17.5477345008 17.6064367191 17.6509039202 17.6775565955 17.682060238 17.8369113978 17.8437089709 17.8963419886 17.943813849 18.0186531614 18.1283422893 18.1764422352 18.2196324357 18.40367297 18.428208556 18.4416156875 19.6943204306 19.7084424434 19.7355715101 19.7664020751 19.8018722159 19.8499484578 19.980522292 20.2363179454 21.3347662236 21.3809926371 21.4303206158 21.437788678 21.4861170499 21.6307443841 21.8399036575 21.8424881343
220 1.2035473618 1.3315844055 2.4176401111 3.2274673541 3.4094565202 3.7371380763 3.7749910497 3.7962392953 3.8103196546 3.8396645687 3.9301028331 3.9540772473 4.0011378258 4.0091147543 4.0932708863 4.3343059647 4.3930134671 4.4240159161 4.433278636 4.4356459696 4.442432563 4.4789877119 4.4939076727 4.4996700385 4.5284564103 4.6001406948 4.6363634128 4.6532852896 4.7052613466 4.7295827965 4.8151420238 4.82035931 4.8268132623 5.1979876291 5.2166352158 5.2828110478 5.4129723143 5.4499729604 5.4643340142 5.5729035311 5.5878900455 5.6050608023 5.6288508799 5.6359187467 5.6518305578 5.6613537273 5.6640401737 5.825720828 5.8398719782 6.2397375873 6.245366283 6.2463861762 6.2575291153 6.3573767998 6.502285568 6.5405876846 6.5461344061 6.5810731005 6.633616569 6.6567769746 6.6623647847 6.6820434941 6.7404597011 6.7546453925 6.8527580378 6.8871898763 7.0367219314 7.1032072705 7.1842332057 7.2003041295 7.2173348985 7.2385173675 7.2427993383 7.2473023174 7.2692125635 7.2827583936 7.619297824 7.6442651641 7.6769381559 7.7813918918 8.7031648068 8.7286049923 8.7910031074 9.1151387456 9.2493124546 9.2669748506 9.2856593991 9.468558998 9.4851666121 9.7147575057 9.9875589731 10.0087728288 10.0963258837 10.2586903022 10.2750324565 11.6354865321 16.3650934024 16.413012345 16.695251288 16.7685601404 16.8045409285 16.8219887901 16.9237884116 16.9341798443 17.0163061669 17.0581393607 17.1322107173 17.1339423402 17.1456082018 17.3006615556 17.407819441 17.4113358893 17.545542621 17.6061377384 17.6572395311 17.6768995254 17.6909282003 17.840610907 17.8418351259 17.8942775983 17.9436089323 18.0175058184 18.1245530832 18.1728085243 18.2094206654 18.3964615425 18.4214294809 18.4316877444 19.7165019424 19.7278623202 19.7553402041 19.7869127625 19.8226241424 19.8665131918 20.001537137 20.2452336137 21.3270279567 21.3759191399 21.4228875446 21.4312456027 21.4728933783 21.6225782974 21.8231099132 21.8247819008
221 1.275932754 1.4126086953 2.5609959994 3.2097242792 3.3971310026 3.7598406553 3.7757991591 3.7972197954 3.8308457515 3.8649597255 3.9537961402 3.9636304647 4.0093916817 4.0265618803 4.1269472751 4.3108440684 4.3808029292 4.4256601844 4.4392690676 4.447483716 4.4557409119 4.4801327589 4.492702922 4.4988804629 4.5270818749 4.5869420989 4.6629218494 4.6778337908 4.7195168022 4.7251584937 4.8273152234 4.8376185949 4.8460877283 5.1948450068 5.2131312446 5.3085048728 5.4199549056 5.449558658 5.4709828116 5.5738887293 5.5912773971 5.6082979741 5.6195379536 5.6371892067 5.6480861977 5.6544129435 5.6579903438 5.8280630758 5.8427866825 6.2204544263 6.2321316172 6.2419662859 6.2445824749 6.3673414809 6.5161890127 6.5317073308 6.5516363519 6.5858525853 6.6405052751 6.6514047723 6.6631340126 6.6764602093 6.7481176833 6.7614663909 6.8569004938 6.874042361 7.0300041494 7.1027360702 7.1910790971 7.1966940192 7.2057701346 7.2156526786 7.2225446102 7.2343048911 7.2550267468 7.2569169965 7.6067764851 7.6303944645 7.6672706531 7.8069288984 8.7021479433 8.7053580567 8.7673730748 9.0915962722 9.2640067305 9.2817682516 9.3193468784 9.4781172132 9.4943206044 9.7501306861 9.9931694648 10.0142071844 10.1259029681 10.2530257963 10.2693787436 11.6147889456 16.3510147519 16.434319962 16.6901274918 16.7634869752 16.8002007132 16.8167523254 16.9145149104 16.9282720927 17.0289443087 17.0471066565 17.1200277902 17.1297019096 17.1559084769 17.288055146 17.3979502358 17.3981575722 17.543458896 17.6062069448 17.6570520064 17.6826472509 17.7003215331 17.8401042094 17.8442284789 17.8923022329 17.9434262246 18.0163407263 18.1205774687 18.1689849559 18.1987207192 18.3887164115 18.4140393221 18.4215780886 19.7396626972 19.7483723634 19.7764099247 19.8084793761 19.8442658164 19.8844280604 20.0231357133 20.2547486762 21.3186864619 21.3703031968 21.4145952704 21.4241570422 21.4597529686 21.6134912963 21.8052828431 21.8061808139
222 1.347822594 1.4932354074 2.7028842917 3.1925860891 3.3858102076 3.7771861086 3.7830950354 3.7988700843 3.8518208397 3.8911048857 3.973096554 3.9782471643 4.0176215187 4.0438333335 4.1606677839 4.2865842245 4.3670458652 4.415836358 4.436388824 4.4708573209 4.4781876364 4.4812869173 4.4905707509 4.4993072795 4.5256399268 4.5721068718 4.6878549715 4.7005738268 4.7206604402 4.7341231998 4.8413964185 4.8577130962 4.869315479 5.1727759257 5.2285255453 5.3339229191 5.427160645 5.4499872761 5.4777976456 5.5751375684 5.5948723528 5.6089601087 5.6126518365 5.6373186004 5.6446017918 5.644974369 5.6549667453 5.8311532963 5.8464907606 6.2000355085 6.2184188156 6.2311725689 6.2386351287 6.3780520664 6.5218238127 6.5303488472 6.5573335714 6.5908128631 6.6395876583 6.6474197254 6.6694543478 6.6716320336 6.7555166793 6.7680386611 6.8613337471 6.8616944587 7.0228500303 7.1021761644 7.1756239006 7.1927643663 7.1976464412 7.2019824367 7.2110978645 7.2205574497 7.2289476115 7.2421293156 7.5929911938 7.6153607471 7.6562253828 7.832405192 8.6826429273 8.7010609011 8.7422355948 9.0686788785 9.2794490476 9.2973082688 9.3538944505 9.488067944 9.5038926041 9.7854871729 9.998732672 10.0195897837 10.1548955399 10.247015389 10.2633817448 11.5931368197 16.3381037462 16.4562177043 16.684894981 16.7583159269 16.7953791603 16.8113942311 16.9049068629 16.922210951 17.0356680353 17.0420060163 17.1070828242 17.1139510859 17.1778392547 17.274750985 17.3840771985 17.3872537669 17.5415729361 17.6066654361 17.6531507614 17.6921559814 17.7100593488 17.8385450769 17.8477514855 17.8904438484 17.9432695156 18.0151643132 18.1164214682 18.1649748922 18.1875789944 18.3804341639 18.4057597163 18.4115927802 19.763698248 19.7699440445 19.7988010223 19.8310584561 19.8667081023 19.9037017766 20.0452604684 20.2648642565 21.3097480305 21.3640283778 21.4054081435 21.4165040117 21.4468161508 21.6034846162 21.7860414266 21.7871174663
223 1.4191935042 1.5734408373 2.8431830505 3.176104609 3.3755400448 3.7792038775 3.8008526739 3.8070893618 3.8731069858 3.917976909 3.9824842872 4.0032574381 4.0257896781 4.0609285882 4.1944032218 4.2615325872 4.3516881863 4.4061281601 4.4336981731 4.4824062213 4.4882781961 4.4942089986 4.4997354103 4.5010792782 4.5241400201 4.5556853653 4.7097373442 4.7163098833 4.7219087006 4.7489916911 4.8573164973 4.881216749 4.8963755446 5.1504443201 5.2440666767 5.3590058901 5.4344809825 5.4513375183 5.484760442 5.5766682078 5.5984593151 5.5998020771 5.6156034754 5.6330721165 5.6388688167 5.6417006019 5.6524383979 5.8350691401 5.8510649819 6.1792668364 6.2043181077 6.217396596 6.2355537595 6.3894794047 6.5113976426 6.5443674462 6.5632088049 6.5959297575 6.6272889203 6.65421912 6.6673401512 6.6756956329 6.7626185782 6.774323505 6.8498283935 6.8663586382 7.0151531615 7.101523634 7.1542467998 7.1702371252 7.1811073245 7.2008946016 7.2038386698 7.2070101322 7.2162805894 7.2275097909 7.5779363194 7.5991612021 7.6438691257 7.8577548752 8.6606657113 8.6997043376 8.7155882562 9.0463513107 9.2956090653 9.3135636805 9.3892041785 9.4983860012 9.5138617513 9.8207808768 10.0041950449 10.024868312 10.1832655306 10.2406600945 10.2570425506 11.5705695954 16.3264119096 16.4786088662 16.6795928914 16.7530875014 16.7901245339 16.805942486 16.8950026405 16.9160257382 17.0239242132 17.0552997769 17.0940307005 17.0984556746 17.198992461 17.2607725812 17.3693311204 17.3755215898 17.5399888753 17.6075204043 17.6482989101 17.7027185998 17.7200971115 17.8371848122 17.8511687166 17.8887290439 17.9431420988 18.013982419 18.1120903799 18.1607782723 18.1760499591 18.3716132993 18.3961951492 18.4021515655 19.7884996799 19.7925496135 19.8225314906 19.8546054947 19.8898594773 19.9243429672 20.067855585 20.2755808559 21.3002188202 21.3569384261 21.3953706814 21.4082675411 21.4341611938 21.5925612621 21.7654731913 21.7675579477
224 1.4900229999 1.6532008704 2.9817172101 3.1603842578 3.3663641541 3.7818495486 3.8039331718 3.8309462753 3.8945592855 3.9454417654 3.991702766 4.0287060331 4.0338686198 4.0778473847 4.2281222444 4.2357029963 4.3347457762 4.3964846141 4.4313024372 4.4835340714 4.4862382452 4.5014469099 4.5172342385 4.5222559658 4.5231040771 4.537770993 4.7102560397 4.7317194184 4.740289136 4.7640983166 4.8749968168 4.9082829953 4.9269150203 5.1278866573 5.2596230618 5.38369615 5.4417178692 5.4537478985 5.4918688364 5.5784522585 5.5895493818 5.6027160729 5.6180019953 5.6248057764 5.6370985866 5.6393046132 5.6505312948 5.8398841767 5.8565865169 6.1582830879 6.1898322957 6.2032242949 6.2327554496 6.4015907758 6.5003150995 6.5584086591 6.5692593238 6.6011455232 6.61467108 6.6608854983 6.66349889 6.6818043149 6.7693901596 6.780287049 6.8388230294 6.8715697644 7.0067540145 7.1007751681 7.1326149141 7.1483460767 7.1599604869 7.1737439372 7.1917609177 7.2096059586 7.2123307858 7.2211836018 7.5616123886 7.5817976078 7.6302788955 7.8829174627 8.6393815004 8.6874240523 8.6981391165 9.0245728766 9.3124537462 9.3305006065 9.4251865071 9.5090467677 9.5242069719 9.8559629199 10.0095033496 10.0299906235 10.2109755846 10.2339613878 10.2503629845 11.5471261434 16.315986398 16.5013976483 16.6742628897 16.747844905 16.7844848951 16.8004252927 16.8848422856 16.9097459203 17.0119009927 17.0686854787 17.0809124315 17.0833174262 17.2192283948 17.2461480422 17.3538765003 17.3628310982 17.5388247197 17.608758827 17.6433679919 17.7135526392 17.7303947525 17.8360492024 17.8544702739 17.8871828935 17.9430466873 18.0128001912 18.1075886364 18.1563770827 18.1642105219 18.3622542825 18.3854636367 18.3931572608 19.8139565681 19.8161693434 19.8476071055 19.8790750807 19.9136344271 19.9463520632 20.0908671238 20.286898364 21.290104336 21.3488285598 21.3846533266 21.3994288349 21.421788081 21.5807258711 21.7439151632 21.7472207945
225 1.5602895169 1.732490885 3.1170851196 3.1467513062 3.3583244108 3.7851437889 3.8075513614 3.8550747018 3.9160249863 3.9733510705 4.0007203241 4.0417525145 4.0544818937 4.0945850651 4.2090907564 4.2618123263 4.3162823469 4.3868106007 4.4292896579 4.4841377178 4.4851244851 4.5029187632 4.5177875573 4.5213967218 4.5401241494 4.5445910482 4.705531503 4.7496401415 4.7572059067 4.7793936508 4.894352662 4.9386358917 4.9603788645 5.1051388991 5.2750555053 5.4079373591 5.4485032532 5.457500504 5.4991357865 5.5784025139 5.581579596 5.6067325101 5.6118319639 5.6248366349 5.6350984401 5.6375769632 5.6493959624 5.8456661122 5.8631274033 6.1371795752 6.1749648982 6.1886680534 6.2302785899 6.4143494163 6.4887472739 6.5721800009 6.5756490732 6.6013490138 6.6069688965 6.6598994515 6.6674968847 6.687739739 6.7758026254 6.7858998883 6.828572449 6.8770397842 6.9974293875 7.099923482 7.1108041921 7.1274408725 7.1385984798 7.1461800892 7.1762213687 7.1964138564 7.2150615754 7.2257887014 7.5440256187 7.5632759067 7.6155415276 7.9078357351 8.6188220682 8.6577596567 8.6963317071 9.0032985602 9.329947426 9.3480826047 9.4617593446 9.5200265636 9.5349071739 9.8909817631 10.0146049839 10.0349051456 10.2269206956 10.2379778966 10.2433571991 11.52284458 16.3068703317 16.5244887234 16.6689491129 16.7426340908 16.7785076905 16.7948710086 16.8744675373 16.9034009658 16.9996551139 17.0677027796 17.0686626744 17.0820131012 17.2308866448 17.2384141131 17.3377492044 17.3491872482 17.5382112353 17.6103331746 17.6387677597 17.7243995174 17.7409066252 17.8351633221 17.8576476698 17.8858288331 17.9429853305 18.0116219758 18.1029195631 18.1511092345 18.1527860006 18.3523595609 18.3740312635 18.3841614124 19.8399086932 19.8408515782 19.8740100171 19.9044210319 19.937965303 19.9697096745 20.1142431482 20.2988161041 21.2794091294 21.339457846 21.3735520586 21.3899694276 21.4096071374 21.5679845658 21.7214454382 21.7260853427
226 1.6299724358 1.8112856509 3.1302841715 3.2541169454 3.3514670763 3.7890996536 3.8118363295 3.8791862571 3.9373435328 4.0015254211 4.0095156969 4.0494943967 4.0803026688 4.111132733 4.1817393852 4.2943520698 4.2974474609 4.3769981894 4.4277565127 4.4831911771 4.4861234387 4.4972515524 4.5046972178 4.5194476551 4.5623865837 4.5659529789 4.7006808439 4.7656243537 4.7726950038 4.7948289543 4.9152942894 4.971700809 4.996116166 5.0822390155 5.2902147564 5.4316740501 5.4544505762 5.4628730794 5.5065890475 5.5687804861 5.5834363211 5.6014106415 5.6115156807 5.6285553857 5.632474816 5.6366935777 5.6492080383 5.8524746525 5.8707528718 6.1160500409 6.1597205158 6.1737388501 6.2281757892 6.4277137575 6.4768232764 6.5812988931 6.5863945684 6.5888234528 6.6122634205 6.6566608626 6.6738428391 6.693461124 6.7818310976 6.7911367516 6.8190847427 6.8827226597 6.9868963135 7.0888451281 7.0989954422 7.1078912498 7.1170360754 7.1186199254 7.1600952477 7.1799763915 7.2200234444 7.2300428731 7.5251875235 7.54360577 7.5997532177 7.9324534487 8.5990187196 8.62659639 8.6942722111 8.9824802368 9.3480518886 9.3662707501 9.4988461809 9.5313037965 9.5459416665 9.9257833591 10.0194482807 10.0395612111 10.2195413748 10.2359808888 10.2642830038 11.4977621122 16.2991027301 16.5477865329 16.663698283 16.7375040012 16.7722396463 16.7893080735 16.863921947 16.8970202233 16.9872360007 17.0542018454 17.0548597907 17.0950574778 17.2150720289 17.2563209738 17.3209884192 17.3345977523 17.5382901484 17.6121303241 17.6348650659 17.735143875 17.7515783635 17.8345525075 17.8606939432 17.8846886049 17.942959331 18.0104511964 18.0980848845 18.1394841829 18.1473345245 18.341933569 18.3621583205 18.3749184582 19.8659314821 19.8669352457 19.90169116 19.930596514 19.9628130113 19.994366083 20.1379338279 20.3113329207 21.2681366576 21.3286130841 21.3623988252 21.3798713354 21.3974651709 21.5543447849 21.6981015203 21.7041733459
227 1.6990521037 1.8895592243 3.1170446504 3.3457221269 3.3867568024 3.7937272333 3.8167987298 3.9030985394 3.9583470655 4.0179776808 4.0298490173 4.0570239993 4.1059692556 4.1274773639 4.1537006177 4.2748925381 4.3291474154 4.3669412323 4.4268102693 4.4750585919 4.4827443192 4.4874292078 4.5067306972 4.5177863812 4.5840218597 4.5868181184 4.6958868864 4.7799776267 4.7870473114 4.8103555228 4.9377272928 5.0067722979 5.033472184 5.0592330998 5.3049409816 5.4548503409 5.4598108423 5.4694897584 5.5142680213 5.5586241198 5.5859779895 5.5913858032 5.6160002759 5.6288793727 5.6328898957 5.6369263759 5.6501725552 5.8603588233 5.8795194903 6.0949936152 6.1441058125 6.1584497826 6.2265059675 6.4416357691 6.4646702381 6.5753689069 6.5877876817 6.6003591079 6.6178519354 6.6536677247 6.6799632608 6.6989312285 6.7874536958 6.7959760001 6.8103619798 6.8885756412 6.974849722 7.0668605254 7.0899450992 7.0907884913 7.0957071337 7.0980823759 7.1433830063 7.1629511147 7.224522187 7.2339269943 7.5051145926 7.5228002062 7.5830190642 7.9567124593 8.5800041252 8.593953973 8.6919414149 8.9620679497 9.3667264674 9.3850237374 9.5363484327 9.5428836407 9.5572928112 9.9603112663 10.0239828387 10.0439093768 10.2118256855 10.2282912965 10.2898028073 11.4719149098 16.2927183679 16.5711931553 16.6585604831 16.732507292 16.7657268132 16.7837649277 16.8532511824 16.8906328169 16.9746919181 17.0407028872 17.0417069967 17.1076575901 17.1987059449 17.2727781333 17.3036369157 17.3190731606 17.539211212 17.6139188198 17.6321303846 17.7457219967 17.762346532 17.8342438994 17.8636038152 17.8837822609 17.9429691599 18.0092902096 18.0930835698 18.1270019775 18.1424286185 18.3309827308 18.3499519039 18.3653334912 19.8923772176 19.8940082931 19.9305709721 19.9575541505 19.9881699541 20.0202384444 20.1618915181 20.3244473163 21.2562892622 21.3162180252 21.3514089512 21.3691172059 21.3851891881 21.5398150734 21.6739143646 21.6815149302
228 1.7675098519 1.9672848392 3.1045858091 3.3413393937 3.5171079737 3.7990340484 3.8224405295 3.926625417 3.9788615051 4.0262024412 4.0578551943 4.0643999982 4.1242013192 4.1320774492 4.1436180573 4.2522120489 4.3565375533 4.3626494449 4.4265696084 4.4516736429 4.4829652602 4.4889002662 4.5091994218 4.5161317096 4.604825476 4.6071687242 4.691271349 4.7930356103 4.8004970773 4.8259243845 4.961552524 5.0358972824 5.0434084593 5.071832742 5.3190636618 5.465190777 5.4765748033 5.4774465283 5.5222166115 5.5485653824 5.580612135 5.5895406923 5.620669946 5.6248135152 5.6371154143 5.6385565808 5.6525284569 5.8693533591 5.8894730161 6.0741164721 6.1281311483 6.1428184009 6.2253331745 6.4523878594 6.4560874513 6.5623122719 6.5942136353 6.613803591 6.6235511244 6.6508931917 6.6858203585 6.7041165532 6.7926461637 6.8003902974 6.8024152526 6.8945589499 6.9610461591 7.0448715752 7.0633129777 7.0722463354 7.0761547604 7.0968830576 7.126097901 7.1453551129 7.228456827 7.2374819178 7.4838280353 7.5008752465 7.5654526629 7.9805485875 8.5598600063 8.5618156118 8.6893220614 8.9420112024 9.3859281734 9.4042980107 9.5546264925 9.5688753554 9.5743873165 9.9945062955 10.0281601895 10.0479018568 10.2037772858 10.2202694359 10.3145258646 11.4453380034 16.2877476069 16.5946014553 16.653592916 16.7277022718 16.7590146627 16.7782699382 16.8425037102 16.8842675589 16.9620702361 17.0277967974 17.0287285831 17.119612528 17.1818507225 17.2857389493 17.2875332063 17.3026328337 17.5411275238 17.6153555199 17.6311577548 17.7560912267 17.7731399234 17.8342689767 17.8663738797 17.8831282365 17.9430143686 18.0081401174 18.0879087737 18.1144207059 18.1373902971 18.3195154636 18.3374616079 18.3553669677 19.9196075631 19.921667136 19.9605477734 19.9852461219 20.0140526645 20.047218259 20.1860708146 20.3381576437 21.2438682528 21.302392143 21.3405891539 21.3576904664 21.3726198584 21.5244048155 21.6489133638 21.6581436565
229 1.8353280116 2.0444347976 3.0931001345 3.3381858961 3.6449706442 3.8050252818 3.8287603566 3.9495726428 3.9987082645 4.0341032382 4.0711605394 4.084534837 4.0967092679 4.1561992865 4.1595338826 4.2282229162 4.3456966939 4.3960655159 4.4271056311 4.4271767775 4.4840969643 4.4906106882 4.5122133667 4.5144851936 4.6245838056 4.6270293091 4.6869815701 4.805052991 4.8132024977 4.8414859955 4.9866644167 5.0129422594 5.0802887472 5.110612902 5.3324020519 5.4709136615 5.4837672962 5.4993131851 5.5304703847 5.5387324008 5.5706444599 5.5925501091 5.6200809499 5.6255483267 5.6412991121 5.6419886439 5.6565529345 5.8794733344 5.9006456529 6.0535316515 6.1118133032 6.1268702313 6.2247269451 6.4401691729 6.4709388915 6.5493317551 6.6006743899 6.6267184217 6.6295557885 6.6483126985 6.6913849336 6.7089876405 6.7950623001 6.7975273442 6.8044035056 6.9006352983 6.9454057724 7.0229391965 7.0360050982 7.0512948096 7.0621004661 7.0956461667 7.1082773799 7.1272033573 7.2316595528 7.2408242267 7.4613535876 7.4778497334 7.5471757893 8.0038850109 8.5243712654 8.5444816827 8.6863976529 8.9222602221 9.4056118518 9.4240479182 9.5666645759 9.5808175142 9.612605815 10.0282836118 10.0319555433 10.0514944043 10.195400309 10.2119200485 10.3384183697 11.4180652057 16.2842162253 16.6178621516 16.6488853614 16.7231582584 16.752148174 16.7728513673 16.8317322797 16.8779528785 16.9494173451 17.0154390501 17.016074956 17.1306815878 17.1646089647 17.2673496919 17.2852427663 17.3003708288 17.5441884643 17.6163312823 17.6323222795 17.7662151082 17.7838803885 17.8346679738 17.8690028271 17.8827435124 17.9430934933 18.0070004985 18.0825382171 18.1018566818 18.1322000314 18.3075421827 18.3247146741 18.3449999776 19.9476288517 19.9498706882 19.9915087674 20.0136242612 20.040488647 20.0751846118 20.2104285855 20.3524623667 21.2308741045 21.2873863302 21.3297878108 21.345575469 21.3596257104 21.5081238902 21.6231274707 21.6340955105
230 1.9024899249 2.1209803576 3.0826834135 3.3363209634 3.769972216 3.8117053783 3.8357562951 3.9717387555 4.0177053323 4.0416627081 4.064274384 4.0780195555 4.1139930921 4.1751425672 4.1799719619 4.2029843211 4.3343219433 4.4014379043 4.4283620524 4.4298197532 4.4862437612 4.4926716358 4.5128573158 4.515937549 4.643219615 4.6463097285 4.6832242657 4.816194532 4.8252509967 4.8569901136 4.9898027764 5.0129686475 5.1173940773 5.1492600615 5.3447665003 5.4770609731 5.4907796082 5.5204596252 5.5292459174 5.5390612685 5.5608854584 5.595206353 5.6153648752 5.6304516581 5.6459641204 5.6469363756 5.6625644832 5.8907051502 5.9130518807 6.0333576294 6.0951805466 6.1106452072 6.2247632886 6.4280850811 6.4861709008 6.5365131799 6.6071573847 6.6346727631 6.6401545569 6.6459278184 6.6966329913 6.7135193832 6.7886389762 6.8017778845 6.8079603405 6.9067678056 6.9280617994 7.001115023 7.0090065383 7.0296951334 7.0509583729 7.0895953165 7.0946557846 7.108510724 7.2339303041 7.2441083154 7.4377213826 7.4537452327 7.5283181912 8.0266207269 8.4875606366 8.5280466746 8.6831524757 8.9027671599 9.4257303622 9.4442258908 9.578910078 9.592978401 9.6511427568 10.035242487 10.0546054591 10.061699585 10.1866995154 10.2032477467 10.361447892 11.3901290539 16.2821452532 16.639856532 16.6454665189 16.7189723481 16.7451718826 16.7675374624 16.820997235 16.8717167637 16.9367784902 17.0029190051 17.004555486 17.1397355788 17.147983822 17.2485180373 17.2670031535 17.3109528804 17.5485299864 17.617376608 17.6353630641 17.7760538168 17.7944800647 17.8354981411 17.8714917114 17.8826438953 17.9432039453 18.0058689884 18.076895059 18.0894640387 18.1268559839 18.2950752968 18.3117282245 18.3342224375 19.97640277 19.9786211068 20.0233388635 20.042640149 20.0675044952 20.1040161284 20.2349239817 20.3673603991 21.2173067976 21.2714717132 21.3188050746 21.3327576321 21.3461042521 21.4909822291 21.5965855021 21.6094087849
231 1.9689799532 2.1968916212 3.0734179067 3.3357684529 3.8190650631 3.8434025545 3.8916982345 3.9929177214 4.0334037044 4.0358477822 4.0489795684 4.0843750851 4.1402797179 4.1765478364 4.1905567889 4.2024043128 4.3223210552 4.3748494991 4.431376542 4.4627019028 4.4895197945 4.4952360053 4.5112713021 4.5205713537 4.660764763 4.6648272435 4.680315463 4.8265489902 4.8366714081 4.8723846271 4.9667126666 5.0403262869 5.1539909605 5.187230042 5.3559610235 5.4836048227 5.4975430861 5.5201834283 5.5408672097 5.5478963488 5.5515951064 5.595852723 5.6121615318 5.6354259831 5.6505313318 5.654294208 5.6709207943 5.902989281 5.9266804182 6.013715614 6.0782833838 6.0942108423 6.2255260713 6.4162828258 6.5016666293 6.5239381459 6.6136449555 6.6403717637 6.6437191757 6.6525330393 6.7015456676 6.7176913387 6.782852982 6.8056400207 6.8110724661 6.9092448208 6.9129864336 6.9794241953 6.9824734486 7.0080740401 7.0419081537 7.0707962852 7.0892913108 7.0931958256 7.2351354633 7.2474265656 7.4129658995 7.4285860875 7.5090174944 8.0486087418 8.4495620324 8.512547694 8.6795716885 8.8834871944 9.4462347796 9.4647826413 9.5913499883 9.6053682714 9.6899173752 10.0380684824 10.0572748903 10.0945181443 10.1776803538 10.1942577637 10.3835826811 11.3615607711 16.2815508238 16.6396946171 16.6640297605 16.71533621 16.7381298855 16.7623568984 16.8103744943 16.8655867133 16.9241975897 16.9903880876 16.9941097653 17.1278730999 17.1507674092 17.2293068648 17.2478884261 17.3190904598 17.5542629333 17.6192645671 17.639756681 17.7855565958 17.8048301573 17.836850387 17.8738443139 17.8828444436 17.9433418793 18.0047405545 18.0706176963 18.0776795533 18.1213594296 18.2821291957 18.2985141286 18.3230286447 20.0058738153 20.007931591 20.0559255348 20.0722452232 20.0951191306 20.1335978386 20.2595184314 20.3828515363 21.2031663376 21.2548754724 21.3074607336 21.3192235748 21.3319782019 21.4729892542 21.5693162139 21.5841242768
232 2.0347834817 2.2721374212 3.0653814062 3.3365467478 3.8271157399 3.851725155 4.002116645 4.0093275426 4.013032009 4.0524107302 4.0559636476 4.0904591143 4.1489211148 4.1655472282 4.2056996955 4.2231591621 4.3095944798 4.3473855229 4.4353114511 4.4938091723 4.4958761128 4.4986061364 4.5097686388 4.5263651146 4.6769580266 4.6790104343 4.6824606674 4.8361462891 4.8474470156 4.8876062475 4.943717887 5.0686330714 5.1895410988 5.2239891744 5.3657875823 5.4904154562 5.5038498172 5.5120454922 5.5425034652 5.557147896 5.5605221719 5.5922540443 5.6127141312 5.6404200298 5.6549621048 5.6644458979 5.6820056322 5.9161825201 5.9414741145 5.9947255454 6.061221136 6.0776924102 6.2271087046 6.4048977918 6.5115181939 6.5174698135 6.6201168148 6.6412368326 6.6464340767 6.6643925906 6.7061095206 6.7214880493 6.7777386059 6.8090447939 6.8137357138 6.8894666126 6.9191009871 6.956277622 6.9581977114 6.986542251 7.0345685467 7.051353609 7.0695637739 7.0918299473 7.2352501511 7.2507662697 7.3871260262 7.4023996324 7.4894191958 8.0696113572 8.4106049121 8.4980248818 8.675641415 8.8643795191 9.4670746143 9.4856673811 9.6039686054 9.6179696861 9.728885275 10.040356497 10.0593968223 10.126776333 10.1683492412 10.1849564647 10.4047915515 11.3323902434 16.2824440427 16.6359321724 16.6852807717 16.7129468418 16.7310658309 16.7573405193 16.7999774216 16.8595896932 16.9117170611 16.9780353665 16.9846310232 17.1095934995 17.1583624081 17.2097978004 17.2279339829 17.324602151 17.5614615403 17.6225440302 17.6451523703 17.7946543414 17.8147712968 17.8388847149 17.8760678293 17.8833599749 17.9435020224 18.0036061229 18.0620568007 18.0682284317 18.1157127079 18.2687202342 18.2850812719 18.3114154051 20.0359607992 20.0378333121 20.0891602248 20.1023909355 20.1233420131 20.1638231803 20.2841756265 20.3989369962 21.1884534891 21.2377683052 21.2956102101 21.3049612455 21.3171917819 21.4541531817 21.5413482988 21.5582856522
233 2.0998869198 2.346685207 3.0586484608 3.3386700812 3.835845357 3.8606906366 3.970121443 4.0314881889 4.062196389 4.0678804278 4.0961182762 4.1202594179 4.1226839 4.1891752545 4.220579434 4.2418290611 4.296017879 4.3191904921 4.440628798 4.4996276869 4.502632658 4.508459955 4.5284077177 4.5340027531 4.6792136815 4.692755524 4.6990906581 4.844972528 4.8575271409 4.9024446065 4.921028728 5.0977609585 5.2235545258 5.2590303652 5.374052502 5.4967554203 5.5038827233 5.5113926653 5.5342178308 5.5664737661 5.5789673125 5.5855757549 5.6160958729 5.6453858167 5.6592800583 5.6777122503 5.6962018166 5.9299630834 5.9572627218 5.9765026817 6.0442229115 6.0613513119 6.2296160669 6.3940689633 6.4996948246 6.533061346 6.6265497406 6.639245279 6.6520357373 6.6756583706 6.7103169605 6.724899374 6.773264066 6.8119821503 6.8159506231 6.868927071 6.9251689459 6.9311616683 6.9369737586 6.9651588924 7.0285383694 7.0314937477 7.0493446351 7.0904614984 7.2343031517 7.2540640351 7.360245298 7.3752166007 7.4696766843 8.0892002039 8.3711164775 8.4845192944 8.6713488263 8.8454081991 9.4881980456 9.5068280524 9.6167508216 9.6307647832 9.7680075085 10.0420684047 10.060948408 10.1582447499 10.1588551801 10.1753578242 10.4250438385 11.3026460127 16.2848308806 16.6324892903 16.7001096072 16.7168325224 16.7240233478 16.7525299949 16.790030042 16.8537520952 16.8993776685 16.9659077618 16.9761444743 17.0908625871 17.1646304926 17.1901845835 17.2071764171 17.3274063413 17.5701553956 17.6275015751 17.6513794458 17.8032516937 17.8240289929 17.8419007403 17.8781745738 17.8842052784 17.9436774351 18.0024496748 18.0509871995 18.0614153066 18.1099187749 18.2548667324 18.2714367745 18.2993811674 20.0665419741 20.0683905578 20.1229373165 20.1330290662 20.1521746224 20.194593026 20.3088615158 20.4156200828 21.173170723 21.2202732728 21.2831364487 21.2899600421 21.3017095904 21.4344801882 21.5127103573 21.5319399163
234 2.1642776971 2.4205009276 3.0532900368 3.3421487024 3.8452462708 3.8702892382 3.9375621903 4.0483867848 4.0684186722 4.080498958 4.0920735467 4.1016533441 4.2106372017 4.2288093304 4.2353220959 4.2579911358 4.2812757733 4.2906556926 4.4474418512 4.5048271389 4.5078803585 4.5092212578 4.5419044768 4.5621278702 4.6834758117 4.707065671 4.7146935822 4.852981325 4.8668367602 4.8975531113 4.9179947167 5.1275779478 5.2556128609 5.2919100726 5.3805753887 5.4949268025 5.5060828878 5.5174732015 5.5266833512 5.5739951324 5.5785934622 5.597072069 5.6206571033 5.6502701513 5.6634410916 5.6944355035 5.7138497656 5.9435501768 5.9591390693 5.9734786205 6.0279899958 6.0458187573 6.2331665454 6.3839393423 6.4882421109 6.5485410841 6.6329081832 6.6373051978 6.6576059818 6.6862077751 6.7141668425 6.7279208343 6.7693868929 6.8144379502 6.817722731 6.8479481585 6.9068705446 6.916066972 6.9313446243 6.9439718301 7.0109260913 7.0238665772 7.0286745186 7.0891092946 7.2323254867 7.2572564551 7.3323724906 7.3470718021 7.4499511857 8.1065121175 8.3319663793 8.4720724752 8.6666822097 8.8265428899 9.509552166 9.52821157 9.6296824244 9.6437362474 9.8072489338 10.0431675929 10.0618945912 10.1487719066 10.165423867 10.1893382484 10.4443093747 11.2723552804 16.288712091 16.6294773033 16.7017179798 16.7170422462 16.7329825988 16.7480630914 16.7812003528 16.8480996947 16.8872184013 16.9540367617 16.9686784681 17.0718651099 17.1662386717 17.1736746618 17.1856641914 17.3275322553 17.5803275547 17.6342264982 17.6583638965 17.8112224066 17.8321624008 17.8463903599 17.8801862911 17.8853941737 17.9438591555 18.0012412831 18.039543403 18.0551954931 18.1039811012 18.2405890085 18.2575867128 18.2869255926 20.097488855 20.0996679537 20.1571508025 20.1641126801 20.1816139643 20.2258133851 20.3335443275 20.4329069887 21.1573233074 21.2024775071 21.2699340253 21.2742109267 21.2855203227 21.4139734731 21.4834308615 21.5051379316
235 2.2279442558 2.4935489081 3.0493727942 3.3469888785 3.8553035124 3.8805023485 3.9045376751 4.0561339718 4.0664557606 4.0743088045 4.095294697 4.106848552 4.2298134402 4.2494564002 4.2590542517 4.2672830682 4.2721182434 4.3257215129 4.4558272508 4.5046601606 4.5148860217 4.5165552632 4.5523992913 4.5948655423 4.6941959658 4.7202826194 4.729228292 4.8600889651 4.8750050568 4.8754646283 4.9323879359 5.1579460232 5.2854066861 5.3223007748 5.3852008482 5.488956197 5.5127906199 5.5194717855 5.5244005211 5.5664125104 5.5863018994 5.6137708563 5.6257679206 5.6550134406 5.6673910934 5.7148641194 5.7351948607 5.9426283468 5.9550149032 5.9867675443 6.0160761181 6.0328614471 6.2378939773 6.3746555488 6.4773086146 6.5635617428 6.6353784805 6.6392465149 6.6630662973 6.6959194737 6.7176653656 6.7305539779 6.7660508485 6.8163204117 6.8190591918 6.8268409219 6.8839466488 6.8955877657 6.9230079105 6.9373123955 6.9900860389 7.0074805149 7.0200526531 7.0878053771 7.2293372818 7.2602912856 7.3035634867 7.3180053914 7.4304114735 8.1196203613 8.2950962036 8.4607259583 8.6616310221 8.8077594193 9.5310832328 9.5497640729 9.6427500977 9.6568674976 9.8465776473 10.0436198464 10.0622021613 10.138545877 10.1552304002 10.2194878968 10.4625584797 11.2415439221 16.2940831544 16.6269539451 16.7002790233 16.7101691137 16.7426307724 16.7493113696 16.776752413 16.8426576256 16.8752764046 16.9424497739 16.9622497738 17.0526782919 17.1486743584 17.163427184 17.1748344775 17.3251133092 17.5919189043 17.6426596875 17.6660814002 17.8184235318 17.8389115938 17.8526700324 17.8821430697 17.8869370993 17.9440356276 17.9999175176 18.0283826917 18.049031527 18.0979036545 18.2259094588 18.2435365676 18.2740493305 20.1287519596 20.1316459246 20.1916849787 20.1956010279 20.2116581139 20.2573927112 20.3581946589 20.4508077396 21.1409203756 21.1844412481 21.255886663 21.2577065615 21.26864983 21.3926323036 21.4535381188 21.4779348818
236 2.2908760372 2.5657917098 3.0469583031 3.3531928723 3.8658284452 3.8712565038 3.8913398733 4.0261417827 4.0783602115 4.0798256625 4.1056961391 4.1120512566 4.229482728 4.2461703613 4.250295065 4.2636905442 4.282425648 4.407823679 4.465813802 4.5035329648 4.5235441096 4.5264155525 4.5645946073 4.627530678 4.7162579772 4.7323950734 4.7426749307 4.8527378541 4.8663592555 4.882783635 4.9466722323 5.1887209201 5.3127700466 5.3500418817 5.3878141425 5.4835964093 5.5132258814 5.5199992348 5.5302513588 5.5570895125 5.5957934048 5.6292278285 5.6313894573 5.6595490462 5.6710722168 5.7390929611 5.7603358589 5.9271770907 5.9592208157 5.9842693713 6.0213195843 6.027409855 6.2439490623 6.3663668253 6.4669743733 6.5777357492 6.6336201755 6.6453871035 6.6683677837 6.7046595407 6.7208276266 6.7328067642 6.7631681302 6.8052392217 6.8181239443 6.8200322067 6.8627536814 6.8754949222 6.9023217937 6.9431539576 6.9688682161 6.9859178797 7.0169813967 7.0865910784 7.2253501745 7.2630974513 7.2739061272 7.2880676195 7.4112331329 8.1241577564 8.2648972341 8.4505206741 8.6561859257 8.789040236 9.5527369233 9.5714311788 9.6559413599 9.6701427425 9.8859645998 10.0433935487 10.0618403755 10.1280372723 10.1447482549 10.2488184907 10.4797619607 11.2102365112 16.3009342484 16.6249667221 16.6987694053 16.7034498449 16.7388654758 16.7508969203 16.7860494196 16.83745048 16.8635870265 16.9311717729 16.9568562143 17.0333652939 17.1284933811 17.1405920131 17.1771343828 17.3203614275 17.6048361131 17.6526334747 17.6745389557 17.8247547659 17.8448020417 17.8602030635 17.8841184284 17.88884018 17.9441917267 17.9983139765 18.01782234 18.0428239224 18.0916908843 18.2108526902 18.2292915076 18.260753906 20.1603368171 20.164245766 20.2263312915 20.2275343795 20.2423155404 20.2892391882 20.3827856866 20.4693372699 21.1239757125 21.1662039857 21.2404403122 21.2408312828 21.2511920212 21.3704512351 21.4230602409 21.4503904913
237 2.353063464 2.6371899524 3.0461023305 3.3607589285 3.8372101231 3.8774239879 3.9027324144 3.9932616499 4.0849009575 4.0902909819 4.1134823633 4.1182386612 4.1990450019 4.2325476076 4.2591697284 4.2775066745 4.2900909947 4.4689495512 4.4773773908 4.5024141089 4.5340641194 4.5377484928 4.5784349953 4.6600992538 4.7433288298 4.7549185294 4.7558962757 4.8306411834 4.8714742043 4.8892220555 4.9606922321 5.2197518473 5.3376858309 5.3751623484 5.3883704083 5.4792158739 5.5083245941 5.5250341469 5.5336185895 5.5514596746 5.605233486 5.6365220258 5.6442145842 5.6638027333 5.6744255793 5.7670329865 5.7891929468 5.9126661834 5.9518421943 5.9708190039 6.0319465368 6.0407704718 6.2514994119 6.3592237442 6.4573176467 6.5905198406 6.6319577393 6.6513733564 6.6734534721 6.712279261 6.7236805108 6.7346939687 6.7605171033 6.7842885765 6.8189912679 6.8206412398 6.8438894268 6.8558266692 6.8819303334 6.9466235034 6.9495582783 6.9639665436 7.0145830196 7.0855178973 7.2203690954 7.2433334923 7.2572496568 7.2658422493 7.3925971021 8.113116741 8.2484115157 8.4414962543 8.6503388062 8.7703747332 9.57445859 9.5931582415 9.669244481 9.6835469884 9.9253832359 10.0424598129 10.060781156 10.1172556704 10.1339904725 10.2772659398 10.4958911241 11.1784563496 16.3092502436 16.6235581243 16.6967406695 16.6978076308 16.7348308672 16.7443655686 16.8040213288 16.8325035257 16.8521842981 16.92022547 16.9524659858 17.0139869528 17.1080736949 17.1172393217 17.1783296325 17.3135331466 17.6189597695 17.663907561 17.6837714615 17.8302497631 17.8505303345 17.8680879557 17.8862489676 17.891110446 17.9443069832 17.9958872303 18.0084776718 18.0365525967 18.0853476687 18.195445713 18.214856572 18.2470416702 20.192239382 20.1973950904 20.2593900066 20.2614161249 20.2736221772 20.3212580923 20.4072935752 20.4885165839 21.1065079673 21.1477887531 21.222410707 21.2245059503 21.2333528897 21.3474198324 21.3920251188 21.4225686854
238 2.4144979161 2.7077020416 3.0468542987 3.3696812784 3.8031300031 3.8893714256 3.9146841075 3.9592411114 4.0897299071 4.1005319581 4.1184936589 4.1254785423 4.1680899841 4.2135836222 4.2688251564 4.2911055158 4.2949782967 4.4902721729 4.5014993195 4.507047829 4.546468054 4.5503546143 4.5936984077 4.6925880029 4.7532309525 4.7662621333 4.8087894037 4.8144358181 4.8755128563 4.8945264596 4.9744280559 5.2508805346 5.360181416 5.386959724 5.3979024899 5.4759620647 5.5042313097 5.5212909587 5.5366218585 5.5547558348 5.6144541554 5.6420914382 5.6576325149 5.667692967 5.6773951964 5.7984200477 5.8215078918 5.8990668908 5.9368488746 5.954421815 6.0469540455 6.0618704758 6.2607265382 6.3533776026 6.4484165527 6.6011655948 6.6304276627 6.6571315296 6.6782486354 6.71862306 6.7262671818 6.7362375843 6.7562323473 6.765382401 6.8193149043 6.8209797152 6.8281561746 6.8366124112 6.8618574801 6.9253788438 6.9416401553 6.9545965525 7.012752564 7.0846494429 7.2120755497 7.2144015578 7.2257936256 7.2681648693 7.3746871836 8.0844093062 8.2477733275 8.4336902413 8.6440827714 8.7517594567 9.5961935141 9.614890606 9.6826483941 9.69706602 9.9648089803 10.040792667 10.0589993138 10.1062108811 10.1229669177 10.3047721217 10.5109177982 11.146225504 16.319010723 16.6227663541 16.6905257935 16.6970681227 16.7304861302 16.7368804721 16.8234212343 16.8278939921 16.8411053085 16.9096311693 16.9489969074 16.9946050463 17.0875653319 17.0935551192 17.1783690419 17.3048987521 17.6341504611 17.676197407 17.6938463624 17.8350982109 17.8563025427 17.8756068413 17.8888140019 17.8937675649 17.9443521224 17.9910853474 18.0019490501 18.0302225917 18.0788791801 18.1797182203 18.2002367943 18.2329157967 20.2244367901 20.2310376906 20.2917932822 20.2960643936 20.3056673998 20.353349258 20.4316981774 20.5083738947 21.0885400829 21.1292055513 21.2036138545 21.2066140349 21.2153920449 21.3235233789 21.360460407 21.3945362381
239 2.475171701 2.7772836483 3.0492570938 3.3799501667 3.7688211471 3.9018826063 3.9240181774 3.9273863442 4.0942336502 4.1091716109 4.1224443511 4.1319916743 4.1369490853 4.1932692066 4.2751176476 4.2971377322 4.3046359094 4.4995569985 4.5057312029 4.5273939875 4.5605876278 4.5640921309 4.6100628368 4.7249592889 4.7620113707 4.7763508228 4.7873300233 4.877961837 4.8866756923 4.8989502189 4.9878846623 5.281937447 5.3780176127 5.3862043819 5.4185409065 5.4739437049 5.5005256017 5.5102784724 5.5428416468 5.5624704357 5.6233401357 5.6475605126 5.6697922274 5.6711864536 5.6799398647 5.8328503953 5.8568498706 5.8863178122 5.9188958173 5.9364469273 6.0663031537 6.0846519452 6.2718159155 6.3489834883 6.4403485068 6.6087258258 6.6290621002 6.662576472 6.6826494204 6.7235640834 6.7286419986 6.737466284 6.7398912071 6.7589953492 6.8161454479 6.8179571842 6.8191779293 6.8211803353 6.842121201 6.9034782539 6.9190699515 6.9599608015 7.0114049291 7.0840640247 7.1802262551 7.1934224438 7.2076028921 7.2702405836 7.3576862194 8.044083201 8.2569947479 8.4271372169 8.637412132 8.7331982094 9.6178871537 9.6365738594 9.6961426053 9.7106863613 10.0042172329 10.0383700269 10.0564734352 10.0949131943 10.1116876239 10.3312815968 10.5248143678 11.1135648481 16.3301900205 16.6226249495 16.6844642025 16.6969629779 16.7245783521 16.7311899062 16.8234116889 16.8303518237 16.8430295504 16.89940719 16.9462710688 16.9752849306 17.0669008499 17.0699407853 17.1773111947 17.2947206179 17.6502517724 17.6891966113 17.7048681888 17.8395531426 17.8619881535 17.8820084634 17.8923644713 17.8968709083 17.9442818294 17.9835454408 17.9986399916 18.0238555659 18.0722906116 18.1637030119 18.1854372942 18.2183803151 20.2568945469 20.2651267401 20.3243595453 20.3303653571 20.3385868341 20.3854047616 20.4559841221 20.5289455336 21.0700979144 21.1104544788 21.1840501603 21.1871064729 21.1973329279 21.2987451279 21.3283935196 21.3663598945
240 2.5350780175 2.8458864281 3.0533477484 3.3915519013 3.7343653042 3.8880267589 3.9151480019 3.9401997386 4.0983129132 4.1052318836 4.1163650467 4.1260638452 4.137671763 4.171547527 4.278213318 4.297004854 4.3179412539 4.4991908908 4.5209380354 4.5372189097 4.5761097381 4.5788299963 4.6271593647 4.7571105987 4.7657491761 4.7699259983 4.785670514 4.8798419009 4.9011512018 4.96519371 5.0010948712 5.3127227029 5.3761159485 5.4016210563 5.4374954554 5.4732497661 5.492070556 5.5027823707 5.5498895229 5.5714842376 5.6317847401 5.6528496536 5.673943149 5.6805541513 5.6823194482 5.8692955207 5.8746088573 5.8942547476 5.9003494687 5.9176405396 6.0880546276 6.1085865337 6.2849294119 6.3462166389 6.4331890958 6.6122251089 6.6278991859 6.6675866266 6.6865048893 6.7193576875 6.727145135 6.7308850622 6.7384210815 6.7571412427 6.799365924 6.8097523632 6.81835358 6.8208094443 6.8228686914 6.8816373152 6.8963109699 6.9651408952 7.0104654593 7.0838576331 7.1478109108 7.1606316142 7.1996971802 7.2720097783 7.3417707242 7.9976080731 8.27068174 8.421867872 8.6303223641 8.7147020612 9.6394853848 9.6581540755 9.7097171044 9.724395221 10.0351469171 10.0435865249 10.0532091917 10.0833734033 10.1001632161 10.3567416012 10.5375538206 11.0804941078 16.3427572724 16.623161824 16.6786897704 16.6973612821 16.7171520455 16.7277185364 16.8190612729 16.8202984185 16.8621077893 16.8895783136 16.9439022899 16.9561065795 17.0452268454 17.0477712334 17.1752350803 17.2832414797 17.667089278 17.7026148716 17.7169604147 17.8438320731 17.8673588375 17.8867306252 17.8972361762 17.9006441363 17.9440185155 17.9753184315 17.9965425471 18.0174959658 18.0655866516 18.1474366951 18.1704633534 18.2034401801 20.2895712824 20.299620204 20.3570693029 20.3641639867 20.3723960361 20.4173071681 20.480142354 20.5502762548 21.0512082227 21.0915287273 21.1637212301 21.166228362 21.1789191862 21.273070467 21.2958516465 21.3381016595
241 2.594210911 2.9134538835 3.0591611075 3.4044689248 3.6998408862 3.8510818884 3.9287805416 3.9536641947 4.0733703255 4.1024404349 4.1220813195 4.129215081 4.1414450083 4.1490387559 4.2783935625 4.2947424853 4.3311511067 4.498567664 4.5374361311 4.5413963747 4.592582215 4.5944796358 4.6446165092 4.7450070181 4.7762969876 4.7888109198 4.7942195891 4.8801416281 4.9025822694 5.0139745575 5.0444255818 5.3428123663 5.3691205795 5.41931486 5.455126225 5.4739001834 5.477197293 5.5017263645 5.5574450466 5.5810491194 5.6396822509 5.6578597155 5.6761084951 5.6833580745 5.6907508833 5.8622750603 5.8795448945 5.8977340521 5.9093945545 5.9354885014 6.1113877036 6.133467679 6.3001210041 6.3453399202 6.4270106384 6.6110535257 6.6269882347 6.6719674615 6.6895861805 6.6987457542 6.7295203346 6.7328448364 6.7391435163 6.7557756211 6.7814564887 6.8033606564 6.8086154406 6.817157899 6.8204424077 6.8601603308 6.8735162468 6.9700972334 7.0098657304 7.0841450295 7.1149843613 7.1273252172 7.1908900412 7.2734460811 7.327103981 7.9476322154 8.2862802061 8.4179080491 8.6228100543 8.6962892761 9.6609347336 9.6795780504 9.7233622772 9.7381804258 10.0311632079 10.0490829911 10.0716022281 10.0829380394 10.0884144324 10.3811022758 10.5491098076 11.0470319104 16.356676474 16.6243976069 16.6732402953 16.6980610987 16.7097146162 16.7253660749 16.8098917748 16.8157838372 16.8790609465 16.881708218 16.9369699576 16.9412474088 17.0232426094 17.0273311807 17.1722216598 17.2706803884 17.6844639053 17.7162673475 17.7301920372 17.8480853331 17.8721953615 17.8903498195 17.9022507526 17.9057494489 17.943414247 17.9674859406 17.9946347728 18.011235045 18.0587704873 18.1309609221 18.1553204862 18.1881013822 20.3224208268 20.3344787073 20.3898794412 20.3976192811 20.4068208556 20.4489290982 20.5041721006 20.5724183072 21.0318963611 21.0724173285 21.1426290565 21.1442278268 21.1599069073 21.2464927139 21.2628618173 21.3098125775
242 2.6525652213 2.9799015904 3.0667492627 3.4186799045 3.6653285816 3.813177828 3.9429499613 3.9675701616 4.0415938134 4.1060661854 4.121827219 4.1275168735 4.132151647 4.1464070827 4.2759886328 4.2906061615 4.3442895168 4.4980632427 4.5419935386 4.5551669411 4.6094139884 4.6110496973 4.6620866763 4.7245197741 4.7819333113 4.8003489609 4.8215341312 4.8791064101 4.9026010886 5.0267657548 5.1215545482 5.3579160371 5.3746365017 5.4362505877 5.4601864029 5.4718664246 5.476188192 5.5028935076 5.5655070544 5.5908995604 5.6469244973 5.6624853555 5.6774361217 5.6843851804 5.6991145358 5.8508358775 5.8593895722 5.8778878801 5.9501864574 5.9772723454 6.1359024608 6.1591608794 6.3169984823 6.3470184031 6.4218805691 6.6053475988 6.6263930259 6.6752204361 6.6784004993 6.6915893733 6.7309360637 6.7344720753 6.7396866959 6.754288949 6.7640944214 6.7846717795 6.8122201458 6.815562043 6.8195218347 6.839535479 6.8509243758 6.974806363 7.0095402498 7.0818179232 7.0850993242 7.0937321661 7.181175508 7.274528598 7.3138279697 7.8953874648 8.3026746136 8.4152777966 8.6148728301 8.6779851642 9.6821825982 9.7007935261 9.7370688217 9.7520303456 10.0263571973 10.0442133856 10.0596124931 10.0764177407 10.1222026187 10.4043169113 10.559456715 11.0131958362 16.3719065264 16.6263427166 16.668148966 16.6977753918 16.7039622228 16.7238634988 16.8003442502 16.8124186511 16.8708442032 16.8985915404 16.9183471279 16.9362056537 17.0039845091 17.0075703931 17.1683462607 17.2572334595 17.7021381139 17.7301835825 17.7444848945 17.8524062436 17.8763443851 17.8937545737 17.9067119898 17.9120508552 17.942169527 17.9606014051 17.9924564878 18.005275943 18.0518418515 18.1143247274 18.1400145135 18.1723711095 20.3553928729 20.3696645763 20.4227440172 20.4309842706 20.4414959365 20.480135453 20.5280831195 20.5954283169 21.0121839616 21.0531074509 21.1207558941 21.1212812703 21.1401600192 21.219019135 21.2294511557 21.2815263561
243 2.7101365192 3.0448948079 3.0764037401 3.4341598293 3.6309118708 3.7743635197 3.9575915919 3.9818694796 4.0097904472 4.0957474747 4.1095225821 4.1305184053 4.1347461822 4.1491071266 4.2713301037 4.2848151522 4.3573912453 4.497721953 4.5410234221 4.573250744 4.6262690183 4.6283124859 4.679237383 4.7044549855 4.7865152089 4.8063824607 4.8531697007 4.8767445594 4.9012285277 5.0393955536 5.1949265888 5.3478650933 5.4030459065 5.4416331519 5.4531511596 5.4798321147 5.4878012119 5.505721556 5.5741053313 5.6008907988 5.653397608 5.6666167779 5.6778030459 5.6848457527 5.7061568886 5.8372662498 5.8411352588 5.8576302576 5.99236812 6.0204105134 6.1613610817 6.1855558556 6.3330837624 6.3539274273 6.417859853 6.5959503866 6.6261771248 6.6578617859 6.6773101212 6.6920259597 6.7312107132 6.7357841504 6.7400717065 6.7455621307 6.7542402923 6.7661074954 6.8135528991 6.8175596497 6.81952851 6.8218396959 6.8289755335 6.9792487645 7.0094189109 7.0487144022 7.0598082766 7.0869292146 7.1705751919 7.2752413995 7.302055017 7.8415410216 8.3193406005 8.4139904799 8.6065092759 8.6598218648 9.703177459 9.7217494016 9.7508276677 9.765933813 10.0207291326 10.038529897 10.0474156514 10.0642231959 10.161373807 10.4263421691 10.568569752 10.9790024728 16.3884012521 16.6289917457 16.6634473159 16.6930929467 16.7033116618 16.7233234243 16.7912090046 16.8094486237 16.8620382664 16.9000740964 16.9140743019 16.9275293496 16.9870237134 16.9920462889 17.1636744856 17.2430771326 17.7198195524 17.7446098527 17.7596254323 17.856848968 17.8797798019 17.8973466005 17.9111459856 17.9185928269 17.9397700224 17.9552595489 17.9894859801 18.0000526188 18.0447929635 18.097589261 18.1245516499 18.1562579832 20.3884328488 20.4051413941 20.4556166685 20.464407392 20.4761591573 20.5107902185 20.5518979824 20.6193607709 20.9920868126 21.0335861028 21.0973536393 21.098243008 21.1196119625 21.1906737867 21.19564861 21.2532550197
244 2.7669210302 3.0857946917 3.1107092243 3.4508800734 3.5966769665 3.7346601561 3.972609587 3.9780332603 3.9965822938 4.0672777342 4.1126697267 4.133183553 4.1371014087 4.1512310586 4.2647239177 4.2775579352 4.3704935909 4.4975638782 4.5389519885 4.5917808764 4.6432026482 4.6456943957 4.6844726146 4.6961929801 4.7900890074 4.8113521614 4.8729099403 4.8847735527 4.8985071462 5.0519433838 5.2633772872 5.3358878131 5.4226905548 5.4312672177 5.4688934542 5.4850494376 5.5031957437 5.5101540086 5.5832592088 5.610916374 5.6589771944 5.6701385255 5.6771289175 5.6847216673 5.7118410978 5.8171546458 5.8291889616 5.8371397041 6.0354965064 6.0644727231 6.187596046 6.2125527544 6.3432919876 6.3712337754 6.4150020854 6.5839759293 6.6263823497 6.6378423656 6.6763944276 6.6904223265 6.7272286619 6.7305040204 6.7377792258 6.7406052306 6.7474717397 6.7526617117 6.8031437766 6.8080914405 6.8114201626 6.8170522805 6.8318792266 6.983407428 7.0092422095 7.0158806265 7.0261314648 7.0897491671 7.1591173224 7.2755736639 7.2918608934 7.7865377156 8.336008235 8.4140519964 8.5977188391 8.6418380672 9.7238690764 9.7423959259 9.7646299035 9.7798800395 10.0142709834 10.0320232959 10.0350281232 10.0518277889 10.2004478697 10.4471382663 10.576425051 10.9444674713 16.4061093422 16.63231154 16.6591666328 16.68696487 16.7046640149 16.7240133079 16.782516697 16.806872076 16.8533539041 16.8824394855 16.9063692645 16.9345107846 16.9680201989 16.986752478 17.1582597364 17.2283725342 17.7371720076 17.7598863547 17.7753709203 17.8614421183 17.8826244395 17.9011828331 17.9157302192 17.9249893973 17.9358790897 17.9518310051 17.9851625293 17.9960862717 18.0375993603 18.0808382123 18.1089386253 18.139772403 20.4214812197 20.4408737833 20.4884512566 20.4979393947 20.5106402445 20.5407698809 20.5756542795 20.6442571908 20.971612961 21.0138412106 21.0727166449 21.0749072484 21.098231728 21.1612701601 21.1617132501 21.2249885903
245 2.8229155395 3.0990374627 3.1731644616 3.4688082132 3.5627128586 3.6940842081 3.9463332932 3.9881365046 4.0115177636 4.0369142667 4.1156122158 4.1351469432 4.1392106946 4.1527996803 4.2564391663 4.2689972218 4.3836347176 4.4976030379 4.5362436504 4.610559871 4.6599250612 4.662662015 4.6657401578 4.7119841053 4.7926719689 4.8153183 4.8679257326 4.8943233433 4.9161146229 5.0644763099 5.320380859 5.3286463663 5.4025622308 5.4584912679 5.4845261753 5.4918006499 5.5161532757 5.5182096804 5.5929683464 5.620878613 5.663516962 5.6728928493 5.6754391446 5.6839499699 5.7161574909 5.7962110199 5.8164034267 5.8178974458 6.0792517397 6.1091299033 6.214474118 6.2400573891 6.3503762925 6.3960986647 6.4133605694 6.570428585 6.6179041185 6.6272773309 6.6710155247 6.6862671466 6.7096135319 6.7271420047 6.7295337258 6.7394070626 6.7410781193 6.7507195829 6.7893638525 6.7905285779 6.8087365953 6.8151570945 6.8457297364 6.9828688247 6.9872495009 6.9928486477 7.009791491 7.0939173702 7.1468362159 7.2755151166 7.2832849461 7.7307415705 8.3525272749 8.4154601416 8.5885017289 8.6240786703 9.7442086761 9.762684863 9.7784667194 9.7938585299 10.0069773068 10.0224298601 10.0247207845 10.0392439263 10.2394104587 10.4666691195 10.5829997835 10.9096056051 16.4249741721 16.636212773 16.6553414037 16.6812093317 16.706067129 16.7262169736 16.7742832906 16.8046917265 16.8443800229 16.8659235622 16.8847288571 16.9491576313 16.949703801 16.9878009785 17.1521414047 17.2132703041 17.7539153413 17.7762672532 17.7915202904 17.8661974989 17.8850915943 17.9051685405 17.9204382277 17.9309060037 17.9312012249 17.9498641861 17.979587629 17.9932516468 18.0301969234 18.0642032741 18.0931828713 18.1229270754 20.4544722345 20.4768272928 20.5212021773 20.5315761719 20.5448094589 20.5699845164 20.5994073104 20.670131607 20.9507609674 20.9938621434 21.0473458114 21.0508615104 21.0760073888 21.1269320158 21.1316102792 21.1966993277
246 2.8781172674 3.1134972099 3.2348196427 3.4879051984 3.529113939 3.6526498021 3.9148810016 4.0035011608 4.0048810384 4.0269128183 4.1183502872 4.1364970676 4.141097955 4.1538967916 4.2467069301 4.2592762414 4.3968525743 4.4978504656 4.5331799399 4.6294086902 4.6463633817 4.6770147578 4.67963566 4.7270081789 4.7942749422 4.8182987769 4.8616076616 4.8889353081 4.9471624241 5.0770620395 5.308236863 5.3813908131 5.3837642453 5.484493608 5.4998451569 5.5001812796 5.5237804556 5.5328270567 5.6032087115 5.6306679001 5.6667835708 5.6724932526 5.6750903263 5.682480227 5.7191079285 5.775134586 5.7957290755 5.8063160117 6.1233568036 6.1540996848 6.2418807155 6.2679793876 6.3577423323 6.4128695143 6.4249385724 6.5560712369 6.5984287829 6.6285767621 6.6599941728 6.6785481651 6.6907328367 6.7101781961 6.7238350328 6.7412026477 6.7418608208 6.7483356054 6.7751915369 6.7813925118 6.8058171973 6.8130266237 6.8613315827 6.9508889329 6.9604873939 6.9908414585 7.0099634009 7.0997547518 7.1337786503 7.2749162716 7.2764687349 7.6745025049 8.3688087305 8.4182041647 8.5788588119 8.6065943832 9.7641491201 9.7825695784 9.7923294169 9.8078589969 9.9988455922 10.0096905189 10.0165623974 10.0264839491 10.2782489324 10.4849024472 10.5882722908 10.8744308304 16.4449333625 16.6404717529 16.6520243216 16.6762824244 16.7072016928 16.7300399304 16.7665198143 16.8028903197 16.8340651582 16.851541248 16.8602187741 16.9307262189 16.9643205624 16.9928595828 17.1453429823 17.1979158078 17.769985944 17.7937365249 17.8079228456 17.8711165912 17.8874117926 17.9091661167 17.9242506918 17.9268655547 17.936877455 17.9486481006 17.9733247499 17.9909648814 18.0224178075 18.0479336145 18.0772928471 18.105737864 20.487332006 20.5129683318 20.5538245647 20.5652777873 20.578540255 20.5984059638 20.6232359073 20.6969558124 20.9295182389 20.9736398104 21.0213329049 21.0261111139 21.0529386428 21.0920999159 21.1009986128 21.1683492645
247 2.9325236925 3.1295577817 3.2952047244 3.4959041914 3.5082008332 3.6103696893 3.8836785286 3.9702232481 4.0200183388 4.0423465293 4.1208970598 4.1373188706 4.1427898261 4.1546050544 4.2357247001 4.248524163 4.4101838866 4.4983146952 4.529945458 4.6279019177 4.6482920975 4.6930207271 4.6962190656 4.7410345609 4.7949030746 4.8202987037 4.8540462688 4.8822833869 4.9779568316 5.0897668974 5.2935938248 5.3594395706 5.4344146145 5.5084467496 5.5104070507 5.515258267 5.5329536426 5.5471158454 5.6139260756 5.6401273891 5.6672739835 5.6702278709 5.6759539476 5.6804131943 5.7206960538 5.754055589 5.7750004812 5.7945407771 6.1675642981 6.199131274 6.2697124541 6.2962312797 6.3661736815 6.413729994 6.4562816454 6.5414436826 6.5792168811 6.6305495715 6.643771325 6.6659432228 6.6704865218 6.6909677713 6.7185747852 6.7424205837 6.7437545471 6.7453157831 6.7658131468 6.7765418386 6.8026352105 6.8106459728 6.8780999022 6.9199169354 6.929627 6.9940891471 7.0101767806 7.1075679347 7.1200896711 7.2706720029 7.2744751924 7.6181936051 8.3847972534 8.4222645471 8.5687915111 8.5894412661 9.7836450649 9.8020045164 9.8062100095 9.821871274 9.9898762974 9.9967864624 10.0075839932 10.0135606396 10.3169515889 10.5018098278 10.5922222306 10.8389563513 16.4659178435 16.6444493429 16.6494051164 16.6727298933 16.7081319277 16.7353625329 16.7592334464 16.8013452122 16.8212358044 16.8338003534 16.8413950859 16.9127679213 16.9779016118 17.0007739942 17.1378693718 17.1824550433 17.7855441033 17.8119859873 17.8244650337 17.8762003499 17.889807848 17.9129596204 17.9203913127 17.9307720124 17.9421212903 17.9478860846 17.9667416412 17.9888315117 18.0138097852 18.03259016 18.061278678 18.0882252651 20.5199756681 20.549264124 20.5862744275 20.598962251 20.6116722637 20.6261039056 20.6472595561 20.7246501794 20.9078595435 20.953166486 20.9947733064 21.0006716794 21.0290333174 21.0569731997 21.0697825178 21.1398989998
248 2.9861322673 3.1472257912 3.3542161655 3.4633303077 3.529498519 3.5672583819 3.8527939503 3.9340217291 4.0363112922 4.0579821734 4.1232665773 4.1376896851 4.1443046983 4.1549989094 4.2236632328 4.2368601328 4.4236629383 4.4990013159 4.5266682036 4.6099397195 4.666911901 4.7078705451 4.7128438639 4.7539737872 4.7945553299 4.8213071303 4.8453100767 4.8744420905 5.0084502109 5.1026529077 5.2784512446 5.3365497647 5.4789999572 5.5208263756 5.5294032805 5.5331429502 5.5436372693 5.5610411478 5.6250159732 5.6489425086 5.6628729178 5.6703731396 5.6750165157 5.6785624918 5.7208720169 5.7331060498 5.7543886743 5.782488683 6.2116456498 6.2439933818 6.2978731538 6.3247276499 6.3758094745 6.4158330443 6.4893552088 6.5269229199 6.56033071 6.6235392823 6.6332519068 6.6478201909 6.6490355332 6.6706537567 6.7122946925 6.7405361958 6.7440828147 6.7468027612 6.7613018078 6.7747699542 6.7992143218 6.8080336052 6.8902205423 6.8954549854 6.9012320585 6.9970267067 7.010353915 7.1050548526 7.11860311 7.2666508706 7.2733656821 7.5622358193 8.4004570403 8.4276130164 8.5583017134 8.5726802133 9.8026531043 9.820079375 9.8209671036 9.8358852257 9.98007275 9.9837362678 9.9977800465 10.00048906 10.3555074166 10.5173667128 10.5948307416 10.803194689 16.4878498853 16.6456803371 16.648941903 16.6716050724 16.7090042319 16.7419791344 16.7524300512 16.7983948754 16.8066113496 16.8095042176 16.83325295 16.8953519165 16.9904506834 17.0108469354 17.129702845 17.1670416087 17.8007994918 17.830534406 17.8410653655 17.88147831 17.8925068948 17.9142785566 17.918093553 17.9357940345 17.9453791385 17.9488461421 17.9600182366 17.9866190745 18.0034021693 18.0193264075 18.0451536199 18.0704172244 20.552303108 20.5856826652 20.6185087364 20.6324563303 20.6439501534 20.6533066487 20.6716871197 20.7530842412 20.8857463744 20.9324355933 20.9677769958 20.9745619336 21.0043056819 21.0215801126 21.0380364288 21.1113164445
249 3.0389398771 3.1664683241 3.4117668767 3.4313754597 3.5233042851 3.551902676 3.8222908376 3.8958579762 4.0527651866 4.0737212848 4.1254737648 4.1376780115 4.145650875 4.1551443795 4.2106741386 4.2243965666 4.4373196338 4.4999116146 4.5234425484 4.5924066151 4.6852504183 4.7214784892 4.7293856764 4.7657734774 4.7932238844 4.8212641406 4.8355154241 4.865480483 5.038605759 5.1157748951 5.2630193479 5.3128235125 5.5175918784 5.5333702445 5.5443129242 5.5543484228 5.5557920814 5.5745545313 5.636239999 5.6557129482 5.6574501971 5.6694996839 5.6721270295 5.6778178956 5.7119956004 5.7198056987 5.7342339088 5.7701693004 6.2553800096 6.2884622047 6.3262711483 6.3533833716 6.3866291592 6.4192032097 6.512716512 6.5232255319 6.5418220919 6.6007126596 6.6234254785 6.6273572558 6.6370610581 6.6486118533 6.705198595 6.7348335255 6.7460090705 6.7503187876 6.7603480532 6.7750537063 6.7955836502 6.8052159157 6.8630325149 6.8743389782 6.9139558298 6.9996530298 7.0104464141 7.0899782492 7.1321585863 7.2638925153 7.272011708 7.5071159013 8.4157641216 8.4342128006 8.5473916942 8.556376388 9.8211318944 9.8339762274 9.8393687827 9.8498906436 9.9694398323 9.9705547647 9.9870474797 9.9873900185 10.3939059237 10.5315523895 10.5960806331 10.7671577637 16.5106388012 16.6442517914 16.6493804407 16.6740905294 16.7098586529 16.7460280438 16.7497715497 16.7785932691 16.7918481889 16.8020209049 16.8268580355 16.8785336058 17.0023674235 17.0223328016 17.1207983159 17.1518440272 17.8158736201 17.8486719492 17.857718264 17.887097438 17.8957487854 17.9104869252 17.9211024229 17.940456542 17.9455791009 17.9519743544 17.9541084354 17.9838368105 17.991016507 18.0089307885 18.0289383008 18.0523552433 20.5841921041 20.622192673 20.6504854794 20.6653144336 20.6749264072 20.6805640025 20.6969206672 20.782084238 20.8631294738 20.9114421551 20.9404720841 20.9478029465 20.9787756283 20.9859471507 21.0058327579 21.0825861087
250 3.0909415726 3.1872383916 3.4001146143 3.4676945543 3.4787061291 3.5752949023 3.7922300296 3.8557468993 4.0693063202 4.0894832119 4.1275375263 4.1373416771 4.1468259354 4.1551006934 4.196898616 4.2112430533 4.4511754155 4.5010392957 4.5203452831 4.5753278997 4.70318898 4.7338739401 4.7456635653 4.776407639 4.7908934925 4.8196632504 4.8252265644 4.8554700553 5.0683856337 5.1291777914 5.2474551333 5.2883011532 5.5471001864 5.5504855181 5.5586795505 5.5691852368 5.5741892436 5.5875931565 5.6461669622 5.6505144554 5.659805913 5.6656029121 5.6708264913 5.6787289293 5.6915423322 5.7115706307 5.7199023661 5.7576289456 6.2985411096 6.3323079898 6.3548162311 6.3821057662 6.3985653347 6.4238469278 6.4991294123 6.5236314437 6.5567878039 6.5760342841 6.5966813534 6.6035256205 6.6240585446 6.6412812692 6.6975252103 6.7272095634 6.7487847191 6.7546855097 6.7616088748 6.7766234095 6.7917773119 6.8022255913 6.8384793687 6.8509216277 6.9322842747 7.0019696338 7.0104128856 7.0741565306 7.1495803482 7.2622615297 7.2704515012 7.4533980127 8.430701829 8.4420191003 8.5360640271 8.5405986933 9.8390422543 9.8478509917 9.8572110086 9.863877113 9.9572414959 9.9580003175 9.9739031475 9.975767965 10.4321369679 10.5443498763 10.595956619 10.7308570037 16.5341707754 16.6429284553 16.6482452637 16.6798727055 16.7103460437 16.7401562277 16.7525564047 16.7590344299 16.7770468237 16.8017079083 16.8214354162 16.8623722879 17.0141663459 17.0345115519 17.1110835828 17.1370478353 17.8307487209 17.8650313232 17.8746154932 17.8933770391 17.8997730553 17.907037932 17.9244052616 17.9419039394 17.9458528099 17.9481727063 17.9574641172 17.9752866741 17.9832471033 18.0004032201 18.0126790571 18.0341101646 20.6154854138 20.6587635049 20.6821636792 20.6963999543 20.7039525959 20.7091368861 20.72357535 20.8114285167 20.8399650179 20.8901882933 20.9130059908 20.9204179721 20.9500979604 20.9524715514 20.9732392947 21.0537230625
251 3.1421267273 3.2094815628 3.3697031923 3.432944648 3.5223735194 3.5996591694 3.7626680573 3.8137132859 4.0858507133 4.1051541221 4.1294951 4.1367290299 4.1478111144 4.1549202982 4.1824839124 4.1975141257 4.465231957 4.5023614826 4.5174537909 4.5587268454 4.7206218712 4.7450718633 4.761546441 4.7858614096 4.7875476262 4.8114901511 4.8195241232 4.8444856421 5.097749218 5.142894041 5.2318887106 5.2630253656 5.5620781823 5.5720936214 5.5784518936 5.5838609049 5.5921597004 5.6000981289 5.6408815755 5.6549568587 5.6578983041 5.660038956 5.6707611574 5.6720675362 5.6834893022 5.6926700698 5.7155591745 5.7449535439 6.3408772024 6.3752736631 6.3834135013 6.4103660158 6.4119513951 6.4298031439 6.4861932313 6.5059436053 6.5499111842 6.5672637262 6.5780206446 6.5891115752 6.5966632113 6.6463266356 6.6895197253 6.7172826081 6.7526026232 6.7600748558 6.7641670352 6.7789579703 6.7878387651 6.7991051454 6.8172267186 6.8305095792 6.9507517218 7.0039786389 7.010217382 7.0577479289 7.1713335924 7.2615908089 7.2687571107 7.4017255899 8.4452577735 8.4509797419 8.5243200393 8.5254209034 9.8563472086 9.8617040613 9.8744462667 9.8778339045 9.9438324306 9.9457437292 9.9604507502 9.9635442936 10.4701905041 10.5557456766 10.5944456767 10.6943035454 16.558281378 16.6418886176 16.6465166388 16.6876553425 16.7077630326 16.7307080827 16.7347377209 16.762742278 16.768554049 16.8022942901 16.8167178258 16.8469441233 17.0261832495 17.0469052404 17.1004828301 17.1228344038 17.8452047267 17.877683237 17.8916745825 17.8979648174 17.905305066 17.9078567731 17.9275135679 17.93836334 17.9400856862 17.9530085577 17.9601787691 17.9644350549 17.9801110336 17.9924409573 17.996651207 18.0158353546 20.6459586756 20.6953649739 20.7135033028 20.7247073486 20.7306109903 20.7403021232 20.7518987034 20.8161922599 20.8408081203 20.8687647847 20.8855448619 20.8924325061 20.9140643948 20.9254209866 20.9403197787 21.024806305
252 3.1924621765 3.2331448925 3.3402120617 3.3866033685 3.5751945534 3.6249527424 3.7336492723 3.7698045326 4.1022836552 4.1204305891 4.1315092464 4.1359030569 4.1485475311 4.1546124211 4.1676655173 4.1833544767 4.4794283475 4.5038073851 4.514891074 4.5426696923 4.7374284496 4.7550890691 4.7768901616 4.7831486313 4.7941005129 4.7990506921 4.8162692004 4.8326112651 5.1266507145 5.1569400937 5.2164288576 5.2370445537 5.5780730198 5.5854212524 5.5993452667 5.6011787694 5.6081407989 5.6121053759 5.631860083 5.6504636909 5.6514009055 5.6529773105 5.6559802382 5.6731669267 5.6783669999 5.6906746363 5.7109682454 5.7322921442 6.3820617135 6.4118487122 6.4170390443 6.4253175376 6.4367013806 6.440011808 6.4740137859 6.4887517378 6.5227427716 6.5355522493 6.5515070191 6.5660903277 6.6189290785 6.6521737596 6.6814193347 6.7046032891 6.7577362984 6.7666732229 6.7674657334 6.781639747 6.7838648373 6.7959183824 6.7994917604 6.8131465663 6.969197906 7.0056807278 7.0098309648 7.0408235088 7.1978642654 7.2617027196 7.2670227129 7.3528072717 8.4594204876 8.4610361381 8.5109047418 8.5121774581 9.8730118197 9.8755252147 9.8910289989 9.8917560275 9.9303268418 9.932700965 9.9468942448 9.9505461929 10.5080559067 10.5657290248 10.5915379329 10.6575088274 16.5826645912 16.6405641025 16.6454042567 16.6908125747 16.6980242511 16.7228344807 16.7294251033 16.7496013894 16.779018123 16.8035233012 16.8125415179 16.8323912788 17.0385356934 17.0592825415 17.0889892902 17.1093117176 17.8586137683 17.8862610722 17.896670297 17.9062717815 17.9131205279 17.9187118439 17.9293521924 17.930715737 17.9365962007 17.9516685524 17.9600207125 17.9662519136 17.9762651998 17.9802437404 17.9856720647 17.9980429837 20.6752041226 20.7319666516 20.7444646243 20.7512899565 20.755491622 20.7730866449 20.7812245402 20.7921517027 20.8463276381 20.8581845373 20.8638730355 20.8706128441 20.8778709677 20.897677728 20.907137257 20.9960982113
253 3.2417384457 3.2582631796 3.3117724045 3.3395357478 3.6262314468 3.6511804244 3.705148248 3.7241633694 4.1183335702 4.1314615044 4.1343161903 4.137720734 4.1484548645 4.1517170928 4.1557927864 4.1690807719 4.4933817312 4.5050987924 4.5130623302 4.5274517297 4.7533831571 4.763934714 4.7774079447 4.7855333739 4.7917544425 4.8014718356 4.8121908948 4.8199880705 5.1550237485 5.1713019172 5.2011700377 5.210436053 5.5949194542 5.5979604925 5.6149449865 5.6182061946 5.621195696 5.6231062534 5.6243345397 5.632848884 5.6429033765 5.6445278969 5.648599041 5.6546619378 5.688455533 5.6987896945 5.7052719 5.7199406154 6.4214175672 6.4382388494 6.4404597458 6.4470795306 6.4576222681 6.4624607749 6.468259691 6.4722220024 6.493999158 6.5026093799 6.5242052598 6.5325189368 6.6455480083 6.6587827678 6.6734453008 6.6887761798 6.7644987582 6.7710825012 6.7745957043 6.7797689569 6.7841666494 6.7854158127 6.7928158827 6.798976679 6.9874966703 7.0070614056 7.0092427001 7.0234623751 7.2294084904 7.2624014378 7.2653822833 7.3073840643 8.4721172667 8.4731742768 8.4971468034 8.4996336619 9.889001403 9.8893012486 9.9055604073 9.9069571295 9.9167573627 9.9188944897 9.9332626295 9.93679805 10.545717745 10.5742873582 10.587231794 10.6204882497 16.6064596735 16.6373991125 16.6463352756 16.6694100601 16.7069515302 16.723173736 16.7248557435 16.7380659918 16.7901297723 16.8053029089 16.8086629261 16.8192235797 17.0511762171 17.071576394 17.0767637146 17.0964307686 17.8693954433 17.8898307818 17.8982255405 17.913715795 17.9184555618 17.9247045112 17.9284610556 17.9318792226 17.9399696553 17.9484873259 17.9626148877 17.9654414488 17.9699660226 17.9726782631 17.9770964754 17.9836640003 20.7019550603 20.768010463 20.7686010879 20.7750053558 20.7772230629 20.7798409994 20.8066316287 20.8109166302 20.8242388894 20.831242978 20.8347773339 20.8415436509 20.8692238449 20.8737531305 20.8981624436 20.9687303575
254 3.2791645801 3.2860661653 3.2921123715 3.2935940372 3.6723584776 3.6753144047 3.6787507881 3.6813419266 4.1307878306 4.1313727326 4.1367902718 4.1380569468 4.1476545582 4.1488164581 4.1568376717 4.1574117947 4.5031324451 4.5047300299 4.5143827466 4.5161461882 4.766563114 4.7675868388 4.7735533412 4.7745070703 4.8043869446 4.806019717 4.8081070536 4.8086344988 5.1811212228 5.1832318568 5.1864009555 5.1874607983 5.6081546836 5.609303364 5.6131076779 5.6143794643 5.6282174278 5.629462937 5.632980461 5.6340917684 5.6358311587 5.6368554838 5.6405391054 5.6410991517 5.696933459 5.6988088943 5.707775228 5.7092115595 6.449065968 6.4514257479 6.4534470015 6.4570466212 6.4606063305 6.46388927 6.4703293324 6.4731451235 6.4950779569 6.4958091338 6.4969544045 6.4974248009 6.6641374484 6.6656839803 6.6685699595 6.6713882779 6.7722197923 6.7734228246 6.7749272003 6.7770502685 6.7830380783 6.7835276381 6.7903907718 6.7918963284 7.0046641799 7.0061578506 7.0082204374 7.0088018825 7.2624949263 7.2636085532 7.2664895177 7.2669701836 8.4836617092 8.4845867157 8.4855624646 8.4877716654 9.9025554557 9.903447138 9.9038362176 9.9048215689 9.9183179753 9.9204268188 9.9213949505 9.9233150367 10.5807679421 10.5813890089 10.5830268772 10.584173418 16.6238099018 16.630403201 16.6505196206 16.6544030942 16.7151692469 16.7173531005 16.7279113911 16.730845109 16.7991368803 16.8030836674 16.8085868178 16.8111308857 17.0629895377 17.0650622813 17.0830189807 17.0848187825 17.8740766014 17.8889428712 17.9062074829 17.9080255936 17.9174339525 17.9251815922 17.9279194473 17.9442721685 17.9461512944 17.9471205592 17.9549352436 17.9609638956 17.9703765485 17.9719604518 17.9732605642 17.9777948263 20.7174542013 20.7538306077 20.8012231108 20.8016001415 20.8040158713 20.8047322402 20.8051276823 20.8051789774 20.8052691801 20.8058423699 20.8398177888 20.8399871987 20.8405167411 20.8406793477 20.9149787789 20.9520039017
255 3.2791645801 3.2860661653 3.2921123715 3.2935940372 3.6723584776 3.6753144047 3.6787507881 3.6813419266 4.1307878306 4.1313727326 4.1367902718 4.1380569468 4.1476545582 4.1488164581 4.1568376717 4.1574117947 4.5031324451 4.5047300299 4.5143827466 4.5161461882 4.766563114 4.7675868388 4.7735533412 4.7745070703 4.8043869446 4.806019717 4.8081070536 4.8086344988 5.1811212228 5.1832318568 5.1864009555 5.1874607983 5.6081546836 5.609303364 5.6131076779 5.6143794643 5.6282174278 5.629462937 5.632980461 5.6340917684 5.6358311587 5.6368554838 5.6405391054 5.6410991517 5.696933459 5.6988088943 5.707775228 5.7092115595 6.449065968 6.4514257479 6.4534470015 6.4570466212 6.4606063305 6.46388927 6.4703293324 6.4731451235 6.4950779569 6.4958091338 6.4969544045 6.4974248009 6.6641374484 6.6656839803 6.6685699595 6.6713882779 6.7722197923 6.7734228246 6.7749272003 6.7770502685 6.7830380783 6.7835276381 6.7903907718 6.7918963284 7.0046641799 7.0061578506 7.0082204374 7.0088018825 7.2624949263 7.2636085532 7.2664895177 7.2669701836 8.4836617092 8.4845867157 8.4855624646 8.4877716654 9.9025554557 9.903447138 9.9038362176 9.9048215689 9.9183179753 9.9204268188 9.9213949505 9.9233150367 10.5807679421 10.5813890089 10.5830268772 10.584173418 16.6238099018 16.630403201 16.6505196206 16.6544030942 16.7151692469 16.7173531005 16.7279113911 16.730845109 16.7991368803 16.8030836674 16.8085868178 16.8111308857 17.0629895377 17.0650622813 17.0830189807 17.0848187825 17.8740766014 17.8889428712 17.9062074829 17.9080255936 17.9174339525 17.9251815922 17.9279194473 17.9442721685 17.9461512944 17.9471205592 17.9549352436 17.9609638956 17.9703765485 17.9719604518 17.9732605642 17.9777948263 20.7174542013 20.7538306077 20.8012231108 20.8016001415 20.8040158713 20.8047322402 20.8051276823 20.8051789774 20.8052691801 20.8058423699 20.8398177888 20.8399871987 20.8405167411 20.8406793477 20.9149787789 20.9520039017
256 3.2789960738 3.2860869511 3.2919446617 3.294610077 3.6709073018 3.6732687543 3.6806676944 3.682771988 4.1261081816 4.1262612343 4.1319117834 4.1335011664 4.1526023404 4.1542528867 4.1604402785 4.1615552568 4.5027673561 4.5043813368 4.5147157959 4.5164792748 4.7598538633 4.7607023238 4.766353077 4.7671935028 4.8106336311 4.8127402141 4.8153258719 4.816721159 5.1810773892 5.1833526075 5.1863887135 5.1877816823 5.6046930738 5.6070015591 5.6119718568 5.6148589511 5.6293628984 5.6304871167 5.6325372997 5.6340306009 5.6358178197 5.6374060807 5.6418466847 5.6429976773 5.696817402 5.6986976637 5.7076544183 5.7091115499 6.4486515406 6.450953435 6.4527669462 6.4565277047 6.4595506517 6.4626204947 6.4689438066 6.4728793862 6.4934666406 6.4936315185 6.500209898 6.5010309404 6.664067861 6.665725743 6.668646791 6.6715205421 6.7623960969 6.764168079 6.7709646555 6.7738380997 6.7876601634 6.7897194205 6.798787271 6.8019520105 7.0042579584 7.0059896162 7.0076457454 7.0089073959 7.2628983131 7.2643636985 7.266946479 7.268233443 8.4834060924 8.484443137 8.4853525049 8.4875979837 9.8808591458 9.8821315317 9.8980909899 9.9009184178 9.9250964021 9.926281858 9.9403536103 9.9431452898 10.58068769 10.5814431225 10.5830316633 10.5842689267 16.6236449989 16.630239458 16.6504903589 16.6543674767 16.7107656429 16.7131357215 16.7320835296 16.7350496735 16.7979799663 16.8016826826 16.810096253 16.8127674639 17.0599556843 17.0620221332 17.086048793 17.0879113623 17.8736219407 17.888419434 17.9052921756 17.9070185116 17.9148222102 17.9237507989 17.9307096308 17.9447732162 17.9463531349 17.9481298653 17.9557060699 17.9612718121 17.9702467228 17.971776747 17.9733835914 17.9779471309 20.7173819184 20.7537350933 20.8011442496 20.8014838473 20.8035597356 20.8040843342 20.8047655818 20.8048140373 20.8059883699 20.8067021357 20.8393483579 20.8394449398 20.8411833336 20.8412366361 20.9149985537 20.9520135078
257 3.2786079702 3.2859805535 3.2925124013 3.2966370211 3.6679143391 3.6699386731 3.6836990921 3.6856181332 4.1164752608 4.1169434487 4.1229771099 4.1249900301 4.1611442101 4.1631194388 4.16818817 4.1695111708 4.5017831987 4.5034303342 4.5156133353 4.5173732061 4.7454268158 4.7468128414 4.7520122428 4.7535714496 4.8234461346 4.8258800196 4.8304986559 4.8323658487 5.1810051553 5.1836265993 5.1865735265 5.1885512699 5.5988688052 5.6012335847 5.6090416021 5.6120988804 5.6308895103 5.6324653367 5.6341724239 5.634668537 5.6359033036 5.6377734439 5.6455690377 5.6472846865 5.696474836 5.6983693168 5.7072980099 5.708814992 6.4471797278 6.4492800367 6.4508584052 6.4546572604 6.4574379934 6.4597481365 6.4657141869 6.4701166323 6.4930299056 6.4938957241 6.5045680661 6.5057693467 6.6639082539 6.665802573 6.6688904055 6.6718880336 6.7516963769 6.753460218 6.7598913372 6.7628284857 6.8004242896 6.8024564701 6.8122488754 6.8155462166 7.0031570334 7.0053093956 7.0065531852 7.0086834548 7.2644153959 7.2662632261 7.2691709219 7.2711893864 8.4826701642 8.4839772724 8.4847313051 8.4870752532 9.858323 9.8596230955 9.8766461414 9.8794582629 9.9466417396 9.9478081953 9.96093228 9.9637311909 10.5805187373 10.5815203781 10.5830923395 10.5845217642 16.6231545108 16.6297530017 16.650393049 16.6542478412 16.7030632213 16.7055028788 16.739274741 16.7423635307 16.7957129758 16.7991069081 16.8133875943 16.8161946723 17.0535536281 17.0556037682 17.0925033794 17.0944225061 17.8722668168 17.8868937223 17.9022065571 17.9042655707 17.9104767113 17.9204508752 17.9355643785 17.9457085934 17.9467168708 17.9512686697 17.9577391152 17.9621326381 17.9698675124 17.9713787972 17.973645984 17.9784445013 20.7171655635 20.7534491224 20.8009009484 20.8011443459 20.8025677101 20.802821706 20.8045442647 20.8046501071 20.8067872366 20.8077932915 20.8386991668 20.8388155055 20.8421555422 20.842171368 20.9150575714 20.9520421332
258 3.2782132696 3.2856973121 3.2941413926 3.299180771 3.6644747894 3.6663619299 3.6868524487 3.6887521551 4.1057405837 4.1062918448 4.1129840409 4.1152091723 4.1699806321 4.1721248223 4.1771303815 4.1784172761 4.5003895095 4.5020662743 4.516876413 4.5186258979 4.72883959 4.7306893003 4.7363335756 4.7384266155 4.8380653254 4.8406274583 4.8479049863 4.8499283435 5.1809994645 5.1839260926 5.1871532265 5.1896029502 5.5922969662 5.5946072107 5.6041827868 5.6071424944 5.6299421839 5.6319623561 5.6355457522 5.6374628512 5.6389999005 5.6398823885 5.6504162298 5.6524268729 5.6959222934 5.6978396506 5.7067234973 5.7083327793 6.4435177918 6.4465232714 6.4483698763 6.4510887996 6.454827705 6.4575562385 6.4609278441 6.4648728508 6.4943796681 6.496101479 6.5088124265 6.5102798123 6.6637368416 6.6658543346 6.6693036884 6.6724242375 6.741828505 6.7435427842 6.7493006069 6.7521616245 6.8141157406 6.8161533877 6.8266483585 6.8300010575 7.0015212427 7.003869656 7.005302504 7.0079543232 7.267268881 7.2692398646 7.2731692479 7.275561838 8.481499733 8.4831236924 8.4837307995 8.4861995497 9.8354676474 9.8367983628 9.8548743101 9.8576796073 9.9678825732 9.9690231419 9.9812249445 9.9840257877 10.5803365925 10.5815337404 10.5832727492 10.5848776558 16.622350362 16.6289573019 16.6501973988 16.6540029413 16.6948546086 16.6973158101 16.7464743783 16.7498044068 16.7936168271 16.7967070462 16.8173841842 16.8202450546 17.046159275 17.0481941164 17.1000138746 17.1019586466 17.8700328151 17.8844822016 17.8969866369 17.9001243461 17.9064190325 17.9164809283 17.9398290893 17.9469772797 17.9479328887 17.9552469867 17.9604977067 17.9633540759 17.9692895409 17.9710108217 17.9739762119 17.9794093646 20.7168066165 20.7529744661 20.8004737127 20.8006104253 20.8013645667 20.8014644221 20.8042545325 20.8045098207 20.8075249951 20.808814392 20.8381289898 20.8382712247 20.8432219909 20.8432411263 20.9151549214 20.9520892044
259 3.27796864 3.2854467804 3.2965618408 3.3021365721 3.6608796215 3.6626928599 3.6899776712 3.691899238 4.0945031438 4.0950777382 4.1024211583 4.1047938951 4.1785711258 4.1807651148 4.1864723383 4.1876239257 4.4987491034 4.50044618 4.5183427519 4.5200760619 4.7116758703 4.7137570414 4.7204010785 4.7227794005 4.8532057059 4.8558358409 4.8660863225 4.868161843 5.1811196847 5.1842381969 5.1881316347 5.1908837421 5.5853497889 5.5876197134 5.5984442484 5.6013022478 5.6285218664 5.6305887405 5.6352117929 5.6373178817 5.6443574082 5.6455206306 5.655624412 5.6578057618 5.6951864317 5.6971341464 5.7059585469 5.7076842168 6.4377829152 6.4422328322 6.445202671 6.447315609 6.4515877428 6.4548701121 6.4563018631 6.4587405753 6.496489206 6.4988771552 6.5125671295 6.5142298625 6.6635982943 6.6658763496 6.6698451419 6.673057658 6.732953903 6.734595646 6.7395986199 6.7423431459 6.8284358271 6.8304838664 6.841702329 6.8450921214 6.9994532733 7.001798843 7.0038125072 7.0067198336 7.2714924407 7.2734692272 7.2786485534 7.2812545908 8.47992191 8.4818107729 8.4824133792 8.4849670654 9.8123047689 9.8136675054 9.8328097771 9.8356093701 9.9887904755 9.9899044353 10.0012148165 10.004015574 10.5801705005 10.5814822925 10.5835762227 10.5853016805 16.6212502369 16.6278723289 16.6498453072 16.6535511611 16.6866555946 16.6891410066 16.7527735919 16.7564840691 16.7924609782 16.7951641907 16.8217559462 16.8246188321 17.0384783957 17.0405001679 17.1078659219 17.1098220216 17.8669414106 17.8813334312 17.8906929727 17.8946749732 17.9024927606 17.9123076637 17.9422753217 17.9482439405 17.9510829361 17.9590885981 17.9632660707 17.9646561959 17.9687486916 17.9710369061 17.974448901 17.9810231386 20.7163075367 20.75231424 20.799778582 20.7998231206 20.8000812596 20.8001327577 20.8039315756 20.8043565031 20.8081711154 20.809725226 20.8376632669 20.8378155533 20.8443694952 20.8443983108 20.9152891166 20.9521537831
260 3.2779625974 3.2853938158 3.2995512519 3.305461745 3.6572268531 3.6589910485 3.6930241468 3.6949809721 4.0829232086 4.0835136609 4.0914322406 4.0939283612 4.1867996459 4.1889624468 4.1959305182 4.1969155394 4.4969585939 4.4986675267 4.5199118926 4.5216248864 4.6943956558 4.6965836798 4.7043982962 4.7069401882 4.8684733125 4.8711487037 4.8846115487 4.8866927023 5.1813955988 5.1846230913 5.189435707 5.1923728497 5.5781742972 5.5804207486 5.592316144 5.5950897236 5.6267509189 5.6288086579 5.634610577 5.6367833662 5.6500041157 5.6512692496 5.6608917653 5.6631819595 5.6943028982 5.6962865328 5.7050396494 5.7068976816 6.4311019799 6.4358467266 6.4414991075 6.4433821883 6.4468762335 6.4494312131 6.453260743 6.4545214252 6.4986075143 6.5014740488 6.515610986 6.5174262354 6.6635058765 6.6658881727 6.670449161 6.6737246996 6.7251766078 6.7267213644 6.7309304388 6.7335254572 6.8432974242 6.8453557416 6.8573147601 6.8607310021 6.9970305922 6.9993144283 7.0019484391 7.0050092723 7.2770603685 7.2790046933 7.2854319448 7.2881853065 8.4779520941 8.4800123181 8.4808115234 8.4833760031 9.7888418549 9.7902376222 9.8104611019 9.8132549114 10.0093573172 10.0104448802 10.0208954091 10.0236947845 10.5800320378 10.581401331 10.5839703569 10.5857748017 16.6198750517 16.626521797 16.6492315675 16.6527381785 16.6787172095 16.6812503205 16.7573549157 16.7615564295 16.7930323276 16.7952482983 16.8263950569 16.829227883 17.0307455364 17.0327554737 17.1158224248 17.117782466 17.8629999134 17.8775864619 17.8840504931 17.8882627886 17.8983729857 17.9079838676 17.94342077 17.9493906351 17.9553211824 17.9620552691 17.9646162457 17.965493753 17.9694333284 17.972136912 17.9752984697 17.9834284457 20.71567175 20.7514730986 20.7983540297 20.7983827189 20.7991785882 20.7992926579 20.8036075295 20.8041810353 20.8087080049 20.8104954416 20.8373105843 20.8374459581 20.8455805287 20.8456192672 20.9154581368 20.952234592
261 3.2782425967 3.2856174533 3.302992103 3.3091319146 3.6535680817 3.655294664 3.6959693471 3.6979669121 4.0710662061 4.0716783227 4.0800762426 4.0826834492 4.1946456803 4.1967387674 4.2053531362 4.2061782574 4.495072192 4.4967863269 4.5215249028 4.5232144678 4.6771794256 4.6794123726 4.6883864922 4.6910383378 4.8837045867 4.8864163068 4.9032980729 4.9053595146 5.181842049 5.1851332603 5.1910039041 5.1940592913 5.5708458231 5.5730805017 5.5860200297 5.588722533 5.6246246023 5.6266477986 5.6337245223 5.6359517031 5.6556278323 5.6569478178 5.6660794621 5.6684398001 5.6933153885 5.6953365615 5.7040109862 5.7060104714 6.4238998872 6.4286221374 6.4356016511 6.4383365865 6.4421139582 6.4437122198 6.4500479964 6.4520469954 6.5003196308 6.5035393767 6.5177961187 6.5197375342 6.6634535338 6.6659012812 6.6710510686 6.6743699907 6.7185752145 6.7199877141 6.7234094458 6.7258106208 6.8586449022 6.8607121274 6.8734249216 6.8768592474 6.9943212631 6.9965310755 6.9996974619 7.0028666087 7.2839209509 7.2858220966 7.2934067537 7.2962746043 8.4756014992 8.4777741281 8.4788930463 8.4814274268 9.7650856776 9.7665153378 9.7878336412 9.790621218 10.0295774547 10.030639115 10.040262145 10.0430590893 10.5799264503 10.5813199881 10.5844262174 10.5862857063 16.6182464304 16.6249305915 16.6481570524 16.6512642862 16.6713291089 16.6739638047 16.7595816392 16.7642207024 16.7959473847 16.7977032392 16.8312600176 16.8340402612 17.0230656182 17.0250642221 17.1237779416 17.1257372806 17.8581985031 17.8733270837 17.8774153241 17.8812653273 17.8939442395 17.9034593936 17.9441196556 17.9503679342 17.9592825216 17.9634103483 17.9644774144 17.9651846304 17.9719454265 17.9747423919 17.9769628478 17.9866010661 20.7149036283 20.7504574181 20.7966658261 20.7966756405 20.7983705338 20.7984589425 20.8032886906 20.8039778442 20.8091223494 20.811097122 20.837077624 20.8371610204 20.8468336007 20.8468861586 20.915659485 20.9523300482
262 3.2788341238 3.2861531726 3.3068215611 3.3131297576 3.6499412859 3.6516357194 3.6988023194 3.7008430518 4.0589665394 4.0596085993 4.0683847077 4.0710950152 4.2021121677 4.2041219746 4.2146544487 4.2153398985 4.493121005 4.4948350945 4.5231457001 4.5248092426 4.660114724 4.6623584438 4.6724052138 4.6751434092 4.8988116315 4.9015569079 4.9220438942 4.9240698035 5.1824665236 5.1857982821 5.1927997355 5.1959358265 5.5634122514 5.5656425266 5.5796778207 5.5823176402 5.6221250987 5.6240980917 5.6325166803 5.634800528 5.6611328469 5.6624841719 5.6711103889 5.6735065265 5.6922765237 5.6943270682 5.7029233258 5.7050677759 6.4163584898 6.4209975236 6.4279619486 6.431325171 6.4377446163 6.4394180402 6.4469239364 6.4493482861 6.5013955532 6.5048874544 6.5190257047 6.5210760902 6.6634234794 6.6659120043 6.6715943384 6.6749443578 6.7131918718 6.7144148426 6.7171536093 6.7192840165 6.8744340112 6.8765084973 6.8899843823 6.8934295945 6.9913873317 6.9935240219 6.9970936974 7.0003443138 7.2920081559 7.2938653729 7.3024826363 7.3054452255 8.4728804171 8.4751373341 8.4766346182 8.479125395 9.7410429019 9.7425072478 9.7649319686 9.7677127111 10.0494460037 10.0504823736 10.059311055 10.0621046205 10.5798561605 10.5812548618 10.5849254098 10.5868265976 16.6163844549 16.6231227183 16.6462426727 16.6486049684 16.6649365576 16.6678030023 16.7595649001 16.7644452587 16.8010581166 16.802528034 16.8363337109 16.8390435629 17.0154989847 17.0174863435 17.1316722449 17.1336274461 17.8525330996 17.8684747162 17.8710276829 17.8740474736 17.8891975611 17.8986908023 17.944639171 17.9510632978 17.9619302553 17.9630864429 17.9634408585 17.9653501948 17.9749993423 17.9783229407 17.9797678875 17.9903503215 20.7140084573 20.7492754087 20.7948044638 20.794843884 20.7975491409 20.7975949436 20.8029656991 20.8037408436 20.8094044236 20.8115063364 20.8369443919 20.8369870344 20.8481095625 20.8481802182 20.9158902526 20.9524383038
263 3.2797505366 3.2870166528 3.3110017613 3.3174409219 3.6463802104 3.6480447011 3.7015184118 3.7036031158 4.0466456809 4.0473254046 4.0563794353 4.0591866381 4.2092051167 4.2111290605 4.2237847266 4.2243524828 4.4911236852 4.4928334415 4.5247503065 4.5263854685 4.6432506325 4.6454836036 4.656486082 4.6593007697 4.9137365359 4.9165157129 4.9407786283 4.9427581425 5.1832725385 5.1866330408 5.1948021215 5.1979968136 5.5559099623 5.5581400335 5.5733712491 5.5759530731 5.6192322952 5.6211443793 5.6309504936 5.6333007042 5.6664680166 5.6678377816 5.6759328633 5.6783149601 5.6912568146 5.6933009096 5.7018326847 5.7041209305 6.4085813482 6.4131253629 6.4196945245 6.423157147 6.4336873469 6.4353637104 6.4435845941 6.4462977049 6.5017065045 6.5054154589 6.5192509103 6.5213976498 6.6633906459 6.6659046787 6.6720300031 6.6754035557 6.7089935256 6.7099723836 6.7122952197 6.7140274884 6.8906267663 6.8927068948 6.9069505095 6.9104001924 6.9882849502 6.9903537628 6.9941862696 6.9974990831 7.3012480181 7.3030642453 7.3125790091 7.3156226951 8.4697995727 8.4721260284 8.4740332417 8.47647682 9.7167202576 9.7182200434 9.7417604299 9.7445336633 10.068958469 10.0699702217 10.0780384446 10.0808277232 10.579822042 10.5812144964 10.5854562127 10.58739131 16.6143055422 16.6211196438 16.6429314619 16.644270277 16.6600518216 16.6633507283 16.7579947543 16.7629686167 16.8076263543 16.8089670958 16.8416093256 16.8442333916 17.0080873981 17.010063382 17.1394638932 17.1414120978 17.846048546 17.862519533 17.865153387 17.8671604956 17.8841546744 17.8936565885 17.9450181351 17.9513394234 17.9611132549 17.9622779038 17.9640561904 17.9653173207 17.9785914758 17.9823059807 17.9834120061 17.9944397201 20.7129923921 20.7479371112 20.7927961835 20.7929010093 20.7966322979 20.7968245665 20.8026241401 20.8034632715 20.8095489258 20.8117062027 20.8368297979 20.8370098809 20.8493917033 20.8494828848 20.916147189 20.9525572906
264 3.2809979148 3.2882136903 3.315506578 3.3220522547 3.6429176378 3.6445522951 3.7041172675 3.7062455962 4.0341188771 4.0348428195 4.0440789917 4.0469776483 4.2159282464 4.2177678601 4.2327123146 4.2331828381 4.4890919251 4.4907937131 4.5263211676 4.5279256639 4.6266174954 4.6288244296 4.6406564139 4.6435445598 4.9284350613 4.9312502426 4.959445734 4.9613709327 5.1842611695 5.1876445085 5.1969977912 5.2002372795 5.5483705908 5.5506022981 5.5671641169 5.5696899987 5.6159285408 5.617772615 5.6289933658 5.631423725 5.6715975687 5.672980167 5.6805007356 5.6827424987 5.6903968834 5.6922998224 5.7007987165 5.703225382 6.4006386027 6.405085771 6.4111490008 6.4145981725 6.4295337462 6.431152535 6.4399595631 6.4428972281 6.5011906139 6.505076409 6.5184726046 6.5207049173 6.6633255349 6.6658558526 6.6723152357 6.67570786 6.705775389 6.7067078923 6.7088875536 6.7101552044 6.907189244 6.9092735117 6.9242830941 6.9277313048 6.98506411 6.9870719653 6.9910296324 6.9943893644 7.3115628257 7.3133421426 7.3236213387 7.3267358733 8.4663707607 8.468758036 8.4710954031 8.4734912998 9.6921246029 9.6936605585 9.7183233292 9.7210883395 10.088110633 10.0890984792 10.0964407874 10.0992248765 10.5798239588 10.5812029892 10.586010305 10.5879744392 16.6120198864 16.6189383784 16.6379548561 16.6385159793 16.6567992348 16.6605437389 16.7555057695 16.7605152063 16.8149845483 16.8162680771 16.8470843615 16.8496086409 17.0008635474 17.0028279215 17.1471205496 17.1490591821 17.8388581326 17.8552233876 17.8595815749 17.8611913288 17.8788431694 17.8883511759 17.9452226689 17.9510359449 17.9592403754 17.9614579298 17.9644989606 17.9649689747 17.982681798 17.9864408412 17.9874287936 17.9986749077 20.711862398 20.7464542612 20.7906730203 20.7908531065 20.7956856036 20.7961129029 20.8022497604 20.8031376364 20.8095559453 20.8116899221 20.8367904383 20.837172643 20.8506652097 20.8507772863 20.9164267744 20.9526847691
265 3.2825774941 3.289744373 3.3203156343 3.3269509278 3.6395866943 3.6411901205 3.706601968 3.7087725883 4.0213981796 4.0221718546 4.031501424 4.0344863992 4.2222819354 4.224039978 4.2414140597 4.241806651 4.487033333 4.48872398 4.5278440315 4.5294155149 4.6102354773 4.6124044567 4.6249411078 4.6279033113 4.9428699826 4.9457243659 4.9779949395 4.9798598891 5.1854317713 5.1888352317 5.1993773051 5.2026524442 5.5408243244 5.543057682 5.56111145 5.5635815733 5.6122021056 5.6139743957 5.626619346 5.6291449491 5.6764850758 5.6778855648 5.6847152534 5.686261013 5.6902912361 5.6913773598 5.6998835096 5.7024396549 6.392583143 6.3969317678 6.4024674343 6.4058766264 6.4251847499 6.4267303043 6.4360428088 6.4391679526 6.4998388221 6.5038701755 6.5167405042 6.5190480337 6.6631961749 6.6657374286 6.6724125221 6.675822048 6.7033344678 6.7046629759 6.7067593752 6.7078569786 6.924089859 6.9261768496 6.9419391513 6.9453796662 6.9817690232 6.9837241117 6.9876830022 6.9910769931 7.3228738914 7.3246203936 7.3355397404 7.3387170782 8.4626072076 8.4650497769 8.4678324238 8.4701810159 9.6672629554 9.6688357933 9.6946250104 9.6973810623 10.1068985164 10.107863192 10.1145146898 10.1172926679 10.5798610208 10.5812219034 10.5865810261 10.5885709164 16.6095273306 16.616587608 16.6317135878 16.6321525143 16.6546966148 16.6587141346 16.7524818347 16.7575133175 16.8227254721 16.8239704064 16.8527573413 16.8551690247 16.9938550206 16.9958075094 17.1546149162 17.1565415334 17.8311124111 17.8471385386 17.8540472051 17.8558879372 17.8732915108 17.8827787576 17.9451739629 17.9500307269 17.9572377879 17.9608827518 17.9643341513 17.9643938836 17.98700035 17.9906149792 17.9915591264 18.0029207065 20.7106261774 20.7448400335 20.7884572649 20.7887170815 20.7947262161 20.7954580841 20.8018301294 20.8027554965 20.8094314936 20.8114627352 20.8368298511 20.8374636759 20.8519170374 20.8520487905 20.9167252894 20.9528183768
266 3.2844869261 3.2916049415 3.3254113919 3.3321239571 3.636421408 3.6379910678 3.70897864 3.711189291 4.0084940331 4.0093221855 4.0186654854 4.0217317354 4.2282631306 4.22994245 4.2498702453 4.2502046789 4.4849529903 4.4866296733 4.5293058771 4.5308417414 4.5941192273 4.5962403104 4.609363999 4.6124028399 4.9570081388 4.9599056579 4.9963785461 4.9981788432 5.1867823188 5.1902049932 5.201933059 5.2052374378 5.533301749 5.5355353029 5.5552634908 5.5576767379 5.6080496761 5.6097496892 5.6238114616 5.6264462578 5.6810524544 5.6825175298 5.686927366 5.6887358127 5.6907459187 5.6925651283 5.6991538928 5.7018298271 6.3844576192 6.3887028835 6.3937332649 6.3970917312 6.4206311058 6.4221005237 6.4318489212 6.4351368556 6.4976865147 6.501838104 6.5141466262 6.5165189999 6.6629695856 6.6655188228 6.6722892141 6.6757152904 6.7017935065 6.7035101563 6.7058609633 6.7071008343 6.941295952 6.943383997 6.9598459931 6.9632669602 6.9784419324 6.9803578063 6.9842336337 6.9876515585 7.335103249 7.3368205451 7.3482681049 7.3515018128 8.4585238302 8.4610180985 8.4642589546 8.4665607133 9.6421425101 9.6437529288 9.6706699043 9.673416251 10.1253183613 10.1262606208 10.1322568847 10.1350277877 10.5799317153 10.581271227 10.5871625128 10.5891757876 16.6068095459 16.6140563574 16.6250145533 16.6255837556 16.6531686819 16.6573217474 16.7491297606 16.754184693 16.8306211031 16.8318247601 16.858625505 16.8609134461 16.9870861333 16.9890264586 17.1619228447 17.1638350499 17.8229541065 17.8386654815 17.8486098221 17.8507866337 17.8675302066 17.876949803 17.9447368838 17.9483279348 17.9552831847 17.9605903007 17.963636022 17.9638231887 17.9913418138 17.994764254 17.995676464 18.0070882611 20.7092920819 20.7431086997 20.786169702 20.7865101766 20.7937567957 20.7948600405 20.8013552051 20.8023072021 20.8091872775 20.8110421928 20.8369441843 20.8378703283 20.8531358921 20.8532850421 20.9170388836 20.9529556775
267 3.2867209502 3.2937886652 3.3307776254 3.3375579074 3.6334569388 3.6349894567 3.7112562696 3.7135037821 3.9954162016 3.9963030263 4.0055911966 4.0087336822 4.2338652752 4.2354683999 4.2580618606 4.2583600376 4.4828543241 4.4845145071 4.5306925115 4.5321894681 4.5782818945 4.5803463244 4.5939491328 4.5970681072 4.9708191045 4.9737642114 5.0145493642 5.0162819453 5.1883095625 5.1917516018 5.204658232 5.2079871051 5.5258350334 5.5280661091 5.5496674105 5.5520218169 5.6034777838 5.6051081069 5.620563276 5.6233182298 5.6846818347 5.6866667339 5.6874481208 5.6893738811 5.6929424481 5.6958445317 5.698702933 5.701501083 6.3762978847 6.3804306143 6.3850066391 6.3883052496 6.4158861729 6.417280639 6.4274000495 6.4308326804 6.4948049919 6.4990561089 6.5108136043 6.5132405848 6.6626130333 6.6651686244 6.6719171435 6.6753607048 6.7012110247 6.7031041177 6.7062093415 6.7075569492 6.9587522289 6.9608349299 6.975088314 6.9765883436 6.9773583687 6.9805623266 6.9816775183 6.9851236671 7.3481745323 7.3498655413 7.3617432898 7.3650282108 8.4541374593 8.4566811138 8.460392523 8.4626477551 9.6167706546 9.6184193401 9.6464625623 9.6491984522 10.1433666259 10.1442872358 10.1496642385 10.1524270335 10.5800339797 10.5813498635 10.5877492627 10.5897840939 16.6038150821 16.6112713565 16.6183831315 16.6190944362 16.6518718438 16.6560883748 16.7455606553 16.7506442564 16.8385411248 16.839695239 16.8646829501 16.8668387407 16.9805788406 16.9825067425 17.1690223855 17.1709177771 17.8144966128 17.8299704941 17.8432382703 17.8457410113 17.8615949116 17.8708796335 17.9437165811 17.9460405677 17.9535797053 17.9604872387 17.9627837135 17.9630769613 17.9955912819 17.9988438726 17.999711887 18.0111195256 20.7078690142 20.741275247 20.7838292723 20.784248973 20.7927743249 20.7943138974 20.8008179573 20.80178181 20.808839609 20.8104568282 20.837127159 20.8383754729 20.8543121548 20.854475807 20.9173636388 20.9530942086
268 3.2892717622 3.2962862794 3.3363985581 3.3432386919 3.6307296383 3.6322211017 3.7134466135 3.7157269188 3.9821743511 3.983123601 3.9923000794 3.9955137523 4.2390780284 4.2406070717 4.2659694328 4.2662554859 4.4807395921 4.4823810015 4.5319817403 4.533434749 4.5627431994 4.5647427673 4.5787225225 4.5819249206 4.984274659 4.9872721657 5.0324593798 5.0341224967 5.1900090865 5.1934712652 5.2075461836 5.2108958508 5.5184588011 5.5206836717 5.5443678973 5.5466610439 5.5985031268 5.6000689285 5.6168793741 5.6197614874 5.6851363853 5.6885676325 5.6901973914 5.6910826309 5.6960328369 5.6985155189 5.698934972 5.7017979911 6.3681348639 6.3721414317 6.3763352125 6.3795636952 6.4109694475 6.4122915433 6.4227208326 6.4262840206 6.4912914389 6.4956254004 6.5068808078 6.5093526716 6.6620952031 6.6646560792 6.6712722451 6.6747347981 6.7015379541 6.703492763 6.707584655 6.7089762794 6.9715000398 6.9732882238 6.9760492092 6.9766463151 6.9791405834 6.9802654984 6.9970357016 7.000457488 7.3620132644 7.3636801625 7.3759042836 7.3792363169 8.4494670634 8.4520587015 8.4562534677 8.4584622432 9.5911549822 9.5928426086 9.6220076861 9.6247323667 10.1610399808 10.1619397131 10.1667337661 10.1694873188 10.5801652429 10.5814558944 10.5883359046 10.5903908035 16.6004369799 16.6079111133 16.6121505337 16.6131476009 16.6506363092 16.654879799 16.7418360517 16.7469538004 16.846408076 16.8475059283 16.8709192295 16.87293872 16.9743532326 16.9762684778 17.1758932811 17.1777694182 17.8058240748 17.8211307291 17.837872148 17.8407192411 17.8555303819 17.8645884435 17.9419412912 17.9433000988 17.9523005403 17.9604320963 17.9618968528 17.9621920689 17.9996838081 18.0028186179 18.0036237658 18.0149760627 20.7063663203 20.7393549996 20.7814530582 20.7819489546 20.7917712432 20.7938099263 20.8002152942 20.8011675596 20.8084075947 20.8097437847 20.8373707996 20.838959546 20.85543775 20.8556127476 20.9176956281 20.9532315255
269 3.2921292284 3.2990862195 3.3422583338 3.3491514205 3.628277001 3.629723322 3.7155641604 3.7178722957 3.9687784393 3.9697934071 3.9788152079 3.9820950414 4.2438867343 4.2453434507 4.2735726471 4.2738703847 4.4786101133 4.4802307528 4.5330938509 4.5344976573 4.5475756509 4.5495045124 4.5637165066 4.5670026869 4.9973486923 5.0004036316 5.0500587461 5.0516520699 5.1918753176 5.1953587566 5.2105900704 5.2139575022 5.5112108483 5.5134248409 5.5394071287 5.5416364963 5.5931519292 5.5946601907 5.6127747786 5.6157869654 5.6846521042 5.6879898224 5.6936706737 5.6945595178 5.6979928783 5.6999857716 5.7004237025 5.7035640045 6.3599956757 6.363859222 6.3677575251 6.3709054512 6.4059015008 6.4071542335 6.4178360561 6.4215182724 6.4872583267 6.4916621156 6.5024915678 6.5049994484 6.6613872368 6.663952405 6.6703343469 6.6738172692 6.702683631 6.7046596257 6.7097730446 6.7111827355 6.9683608725 6.9701196877 6.9727419089 6.9761169585 6.9947725818 6.9968327209 7.01566562 7.0190654843 7.3765467442 7.3781909879 7.3906913497 7.3940672872 8.4445339889 8.4471728869 8.4518650459 8.4540271963 9.5653033054 9.5670305353 9.5973101551 9.6000228761 10.1783353083 10.17921493 10.1834626532 10.1862056843 10.5803224517 10.5815867271 10.5889170747 10.5909907735 16.5965144063 16.6031783569 16.6067569 16.6084738293 16.6493776339 16.6536281553 16.7379912384 16.7431478874 16.8541747265 16.8552148031 16.8773187412 16.8792036476 16.9684278503 16.9703302324 17.18251668 17.1843710597 17.7969988436 17.8121922652 17.8324474706 17.835712834 17.8493948225 17.858102573 17.9394005687 17.9402124973 17.9514527159 17.960163838 17.9611322509 17.9612819108 18.0035787843 18.0066592198 18.0073852986 18.0186319559 20.7047936771 20.7373632784 20.7790564369 20.7796243915 20.7907361011 20.7933329643 20.799549036 20.8004535831 20.8079109707 20.8089458438 20.8376662139 20.8396027439 20.8565059871 20.8566891838 20.9180309707 20.9533652435
270 3.2952810271 3.3021747715 3.3483406714 3.355280277 3.6261375275 3.6275349133 3.7176261131 3.7199562295 3.9552389873 3.9563223639 3.96516115 3.9685021937 4.2482716283 4.2496575685 4.2808488423 4.2811784636 4.4764662566 4.4780644875 4.5311454434 4.5333869159 4.5350159387 4.5372196644 4.5489966424 4.5523457281 5.0100173795 5.0131348631 5.0672949119 5.0688197556 5.193901511 5.1974074758 5.2137825713 5.2171651775 5.5041327855 5.5063303346 5.534824366 5.5369876666 5.5874586237 5.5889172358 5.6082735455 5.6114151339 5.6841446182 5.6874458265 5.6959232012 5.6976096447 5.6995644714 5.7012794301 5.7027989612 5.7060909003 6.3519044054 6.3556076493 6.359303554 6.3623634635 6.4007021695 6.4018885905 6.4127694715 6.41656105 6.4828237955 6.4872876716 6.4977836176 6.5003196955 6.6604635162 6.6630317695 6.6690872006 6.6725912805 6.7045436982 6.7065284113 6.7126120769 6.7140309834 6.9651150768 6.9668357757 6.9690032717 6.9723676572 7.0129715675 7.0150439121 7.0345700082 7.0379486708 7.3917036743 7.3933260574 7.4060451742 7.4094625674 8.4393622283 8.4420481877 8.4472536377 8.4493687807 9.5392236713 9.5409911548 9.5723750544 9.5750750702 10.1952497002 10.1961099589 10.1998482848 10.2025793111 10.580502088 10.5817391814 10.589487346 10.5915787272 16.5919532624 16.5973566167 16.6021847496 16.6050406328 16.6480516143 16.6522971351 16.7340471146 16.7392465257 16.8618120155 16.8627999025 16.883861338 16.8856203845 16.9628199597 16.9647092922 17.188874969 17.1907050101 17.7880687148 17.8031887102 17.8268926632 17.8307125177 17.8432633286 17.8514572972 17.936231101 17.9368453454 17.9509055283 17.9593878883 17.9601564536 17.9609962808 18.0072481112 18.0103407383 18.0109783087 18.0220694764 20.7031609787 20.7353151182 20.7766532904 20.7772883803 20.7896543284 20.7928607999 20.798826398 20.7996337184 20.807368055 20.8081079198 20.8380043724 20.8402866677 20.8575113965 20.8576998612 20.9183658827 20.953493075
271 3.2987127691 3.3055362032 3.3546286216 3.3616084135 3.6243504995 3.6256960883 3.7196523785 3.721997752 3.9415672711 3.9427208922 3.9513638393 3.9547612805 4.2522067686 4.2535235292 4.2877694493 4.2881465975 4.4743070276 4.4758818039 4.5174244141 4.5192695864 4.5336286587 4.5357205047 4.5372629066 4.538481678 5.022259531 5.0254445942 5.0841117922 5.0855714599 5.1960797343 5.1996094581 5.2171156682 5.2205111517 5.4972706349 5.4994452911 5.5306552991 5.5327507905 5.5814642005 5.5828810947 5.6034069089 5.6066744627 5.6837087598 5.6869867272 5.6968961519 5.6995840152 5.7017847564 5.703535557 5.705251922 5.7085322063 6.3438827293 6.3474119706 6.3509946782 6.3539662332 6.3953898804 6.3965129352 6.407543202 6.4114358906 6.4781041584 6.4826211653 6.4928832727 6.4954408074 6.6593021232 6.6618718226 6.6675186391 6.6710438447 6.7070130998 6.7090037679 6.7159712329 6.7173966745 6.961909483 6.963577679 6.9652606514 6.9685712999 7.0314110547 7.0334830487 7.0536662193 7.0570230828 7.4074136308 7.4090143557 7.4219060352 7.4253630802 8.4339787241 8.4367119645 8.4424490174 8.4445165918 9.5129243775 9.5147327522 9.5472077041 9.5498942755 10.2117804563 10.2126220559 10.2158882802 10.2186055347 10.5807001811 10.5819095443 10.5900411887 10.5921492417 16.5868968489 16.5913717757 16.5982733 16.6020413625 16.6466341784 16.6508666663 16.7300164476 16.7352616694 16.8693015112 16.8702502831 16.8905243717 16.8921733933 16.9575459021 16.9594220112 17.1949516679 17.1967546997 17.7790721218 17.7941478984 17.8211263797 17.8256972507 17.8372269465 17.8447018783 17.9326102326 17.9332093874 17.9505267222 17.9583864492 17.9590996506 17.9609550542 18.0106713561 18.0138417093 18.0143893421 18.0252764279 20.7014782245 20.7332250489 20.7742562168 20.7749529479 20.7885094502 20.7923611813 20.7980593904 20.7987129569 20.8067941525 20.8072731649 20.8383767478 20.8409952634 20.8584495746 20.8586407411 20.9186967239 20.9536128643
272 3.3024081311 3.3091529146 3.3611043889 3.3681178614 3.6229556609 3.6242483831 3.7216655514 3.7240185989 3.9277754529 3.9289999568 3.9374504016 3.9408996163 4.255658682 4.2569082652 4.2942954914 4.2947325866 4.4721285452 4.4736801343 4.5031567464 4.5049058238 4.520043819 4.5236783594 4.5367152617 4.5380353236 5.0340570626 5.0373144918 5.1004489494 5.1018492235 5.1984008702 5.2019553627 5.220580451 5.2239867163 5.4906753816 5.4928197844 5.5269312181 5.5289580008 5.5752145251 5.5765969711 5.5982113404 5.6015995353 5.6833645793 5.686619698 5.6975920574 5.7004851548 5.7045556916 5.7062282596 5.7074908645 5.7107198425 6.3359504908 6.3392994067 6.3428446766 6.3457379839 6.389981434 6.391043912 6.4021774803 6.4061641535 6.4732088953 6.4777742941 6.4879027793 6.4904760355 6.6578849881 6.6604537977 6.6656207402 6.6691660116 6.7099929106 6.7119899051 6.7197425928 6.721174075 6.9587530251 6.9603276047 6.9615876591 6.9647780307 7.0500465398 7.0521152326 7.0729203668 7.0762548169 7.4236064383 7.4251851887 7.4382129998 7.4417084342 8.4284137149 8.4311947948 8.4374846826 8.4395039867 9.486413991 9.4882638812 9.5218136897 9.5244860851 10.22792508 10.2287486448 10.2315805386 10.2342818594 10.5809123183 10.5820936056 10.5905729468 10.5926967413 16.5816291778 16.5855325654 16.5948130351 16.5991731451 16.6451121718 16.6493257599 16.7259073315 16.7312007313 16.8766295259 16.877558623 16.8972858843 16.8988465614 16.952621691 16.954484425 17.2007313593 17.2025046138 17.7700415101 17.7850946812 17.8150660936 17.8206237147 17.831382072 17.8379079874 17.9286687204 17.929302549 17.9502341949 17.9573421755 17.9580369173 17.9609391169 18.013834033 18.0171436403 18.0176068828 18.0282444901 20.6997554122 20.731106939 20.771876719 20.7726291728 20.7872849161 20.7917875874 20.7972628107 20.7977155235 20.8062002215 20.8064799074 20.8387757453 20.8417151735 20.8593170443 20.8595088139 20.9190200417 20.953722617
273 3.3063490287 3.3130056372 3.3677491981 3.3747894573 3.6219927983 3.6232345209 3.7236908835 3.7260431849 3.9138766541 3.9151710965 3.9234489513 3.9269455336 4.2585847303 4.2597700477 4.3003723482 4.3008805025 4.4699177632 4.4714505441 4.4891996549 4.4908683099 4.5062487545 4.509989176 4.5374660395 4.5387511356 5.0453955356 5.0487296814 5.1162407961 5.1175905621 5.2008546666 5.2044344665 5.2241669321 5.2275820305 5.4844034417 5.4865092697 5.5236780733 5.5256363644 5.5687588355 5.5701129753 5.5927267962 5.596229186 5.6831149283 5.6863447633 5.6983241842 5.7012612947 5.7071496729 5.7087277218 5.7095829089 5.7126242023 6.3281262549 6.3312978284 6.3348622662 6.3376984345 6.3844919949 6.3854965234 6.3966905884 6.4007650509 6.4682378804 6.4728485782 6.4829398419 6.485523972 6.6561977749 6.658762239 6.6633900193 6.6669528305 6.7133937548 6.7153981523 6.7238367314 6.7252744999 6.9556367925 6.9570155285 6.9580900295 6.9610131668 7.0688553456 7.0709191584 7.0923070591 7.0956187185 7.4402114881 7.4417674994 7.4549031486 7.4584361562 8.4227011294 8.4255308843 8.4323982355 8.4343684671 9.4597013686 9.4615933842 9.4961988947 9.498856391 10.2436812733 10.2444872932 10.2469232938 10.249605972 10.5811336542 10.5822866841 10.5910768254 10.5932154943 16.5763777452 16.5799316665 16.5916224064 16.5963642981 16.6434788529 16.6476689195 16.7217251864 16.7270685783 16.8837816916 16.8847144753 16.9041280673 16.9056253525 16.9480642128 16.9499135385 17.206199636 17.2079402448 17.7610054579 17.7760522377 17.8086483274 17.8154136111 17.8258090206 17.8311817075 17.9244721684 17.9251434624 17.9499859137 17.9563074745 17.9569912448 17.960915178 18.0167269331 18.0202306807 18.0206195694 18.0309681594 20.6980024389 20.7289738916 20.7695253632 20.7703273006 20.7859664006 20.7910764716 20.7964510663 20.796690057 20.8055924086 20.8057603776 20.8391949224 20.8424356998 20.860111134 20.8603019391 20.9193326111 20.953820527
274 3.310515849 3.3170737028 3.3745431988 3.3816027913 3.6215012378 3.6226981957 3.7257562243 3.7280985544 3.8998849717 3.9012464662 3.9093883664 3.9129281302 4.260931265 4.2620568182 4.3059224948 4.3065131082 4.4676051349 4.469144065 4.4757109331 4.4772884392 4.492855128 4.4966953769 4.5381447212 4.539384982 5.0562647224 5.0596793049 5.1314158769 5.1327278519 5.2034298838 5.207034691 5.2278638601 5.2312859611 5.4785169688 5.4805748849 5.5209154789 5.5228068497 5.5621485283 5.5634791477 5.5869953064 5.5906049082 5.6829561707 5.68615846 5.6991567063 5.7021054826 5.7092942968 5.7108404979 5.7116728775 5.7142620343 6.3204278099 6.3234336771 6.3270542348 6.3298625752 6.3789351788 6.3798842374 6.3910989234 6.3952557684 6.4632802857 6.4679343152 6.4780783964 6.4806693226 6.6542295332 6.6567843361 6.6608278294 6.6644032279 6.7171370907 6.7191498 6.7281799663 6.7296244681 6.9525211948 6.9536088025 6.9548488939 6.9572979699 7.087818814 7.0898765501 7.1118038988 7.1150926873 7.4571570167 7.4586891417 7.4719108215 7.4754809429 8.4168790308 8.4197585224 8.4272318164 8.429152114 9.4327956793 9.4347304154 9.4703695347 9.473011418 10.2590469295 10.2598356816 10.2619151791 10.2645757562 10.5813589202 10.5824836471 10.5915468842 10.5936996123 16.5712760428 16.5746085259 16.5886006812 16.5936003093 16.6417315308 16.6458942079 16.7174739632 16.7228687157 16.8907376444 16.8916978807 16.9110394721 16.9124979027 16.9438940151 16.9457304788 17.2113430585 17.2130480521 17.7519899997 17.7670427448 17.8018486682 17.8099441677 17.8205510298 17.8246731631 17.9200547904 17.9207570557 17.9497631109 17.9553096849 17.9559818487 17.9608806018 18.0193454398 18.0230893481 18.0234155239 18.0334440521 20.6962290103 20.7268381838 20.7672119075 20.7680568442 20.7845440527 20.7901549236 20.7956346715 20.7957016267 20.804987631 20.805126847 20.8396290356 20.8431485519 20.8608298766 20.8610187091 20.9196314714 20.9539049986
275 3.3148877602 3.3213353986 3.381465406 3.3885361814 3.62151932 3.6226836989 3.7278919217 3.7302142952 3.8858154322 3.8872389155 3.8952980484 3.8988770095 4.2626317508 4.2637045207 4.3108346868 4.3115204991 4.4621353214 4.4635373449 4.466168541 4.467083048 4.4800049807 4.4839150965 4.5387088084 4.539902564 5.0666591459 5.0701570637 5.1458963323 5.1471878038 5.2061146308 5.2097427054 5.2316585271 5.2350859091 5.473083857 5.4750834742 5.5186557179 5.5204832772 5.5554362621 5.5567467594 5.5810599561 5.5847696502 5.6828816334 5.6860550903 5.7000976355 5.7030474794 5.7108202637 5.712737853 5.7136147707 5.715703507 6.3128725455 6.3157303581 6.3194277617 6.3222408515 6.3733231883 6.3742191308 6.3854171416 6.3896516424 6.4584145646 6.4631106506 6.4733899408 6.4759842608 6.6519720794 6.6545086686 6.6579413198 6.6615199465 6.7211551854 6.723176702 6.7327119654 6.7341636486 6.9492985417 6.9502758376 6.9517948533 6.953657713 7.1069197352 7.1089703393 7.1313900808 7.1346562205 7.4743693548 7.4758761255 7.4891668783 7.492773924 8.4109901165 8.4139205869 8.422032584 8.4239020711 9.4057064305 9.4076844665 9.4443321943 9.4469577599 10.2740201264 10.2747915708 10.2765552957 10.2791893048 10.5815824342 10.5826789278 10.5919770338 10.5941430515 16.5663975587 16.5695845807 16.5857010763 16.5908837484 16.639870244 16.644002138 16.7131568964 16.7186040203 16.8974654937 16.8984726083 16.9180124668 16.9194506179 16.9401432857 16.9419702164 17.2161491151 17.2178154267 17.7430194546 17.7580877391 17.794684892 17.8040634588 17.8156101993 17.8185618215 17.9154396043 17.9161663571 17.9495594923 17.954369929 17.9550262344 17.9608415388 18.0216885353 18.0257082236 18.0259826601 18.0356704311 20.6944445612 20.7247112366 20.7649454034 20.7658266672 20.7830139876 20.7889682956 20.7948016554 20.7948175422 20.804424972 20.8045642169 20.8400739657 20.8438475045 20.8614719278 20.8616583362 20.9199139586 20.9539746656
276 3.3194431089 3.3257684155 3.3884936824 3.3955666872 3.6220839844 3.6232352428 3.7301306598 3.732422396 3.8716838886 3.8731621177 3.8812076723 3.8848220288 4.2636052542 4.2646357983 4.3149484218 4.3157437693 4.4499172495 4.4514160188 4.4630611811 4.464180027 4.4682853422 4.4719033221 4.5391438798 4.54029023 5.076578538 5.0801616942 5.1595976554 5.1608910798 5.2088970806 5.2125441805 5.235536565 5.2389676237 5.4681772278 5.470107131 5.516902802 5.5186712973 5.5486753607 5.5499678544 5.5749642389 5.5787670095 5.6828831435 5.6860275148 5.7011390458 5.7040854662 5.7117913063 5.7143901407 5.7152253989 5.7170832275 6.3054776449 6.3082076784 6.311991278 6.3148399708 6.3676669687 6.3685120465 6.3796583498 6.3839663735 6.4537090277 6.4584462502 6.4689349937 6.4715299161 6.6494189449 6.6519228387 6.6547456504 6.658309671 6.7253903627 6.7274207748 6.7373835708 6.7388428146 6.9458898174 6.9471593049 6.9488270235 6.9501360443 7.1261416258 7.1281841006 7.1510458777 7.1542898793 7.4917721485 7.4932518351 7.5065979699 7.5102419344 8.4050822706 8.4080650977 8.4168532395 8.4186710723 9.3784434959 9.380465395 9.418093866 9.420702418 10.288599124 10.289352789 10.2908432567 10.2934449306 10.5817981116 10.5828665409 10.5923610357 10.5945396142 16.5617838806 16.5648730613 16.5829050164 16.5882233868 16.6378969744 16.6419949973 16.7087769885 16.7142772072 16.9039140115 16.9049761866 16.9250157014 16.9264306628 16.9368912412 16.9387280174 17.2206061828 17.2222306564 17.7341169462 17.7492083142 17.7872023871 17.7976549267 17.81096167 17.8129923285 17.910645539 17.911391873 17.9493751872 17.9535072728 17.9541407548 17.9608076896 18.0237576936 18.0280775769 18.0283095498 18.0376468721 20.6926581854 20.7226036078 20.7627342738 20.7636450492 20.7813785562 20.7875104127 20.7939946002 20.793996492 20.8039100247 20.8040894068 20.8405265693 20.8445280348 20.8620365044 20.8622205592 20.920177734 20.9540284066
277 3.32415991 3.3303503939 3.395604769 3.4026701719 3.6232306181 3.6243958266 3.7325072063 3.7347570204 3.857506877 3.8590307527 3.8671469455 3.8707930794 4.2637560083 4.264759711 4.3180342495 4.3189537949 4.4383299541 4.4398136918 4.455022283 4.4585677881 4.4622797863 4.4636534849 4.5394410671 4.5405392232 5.086028163 5.0896973224 5.1724287453 5.1737520916 5.2117669831 5.2154243376 5.2394817291 5.2429150006 5.4638740998 5.4657219697 5.51565161 5.5173674145 5.5419194998 5.5431950211 5.5687517307 5.5726407838 5.6829518489 5.686067745 5.7022673964 5.7052084858 5.7123351856 5.7154612579 5.7166555882 5.7184716939 6.2982600805 6.3008821723 6.3047542013 6.3076641846 6.3619763724 6.3627727566 6.3738343233 6.3782122588 6.449222671 6.4540002196 6.4647644558 6.4673577605 6.6465634703 6.649009073 6.6512686856 6.654783517 6.7297939144 6.7318329984 6.7421548642 6.7436219598 6.9423945178 6.944159538 6.9458533053 6.9468235107 7.1454684192 7.1475017894 7.1707523855 7.1739750271 7.5092855577 7.5107362272 7.5241258205 7.5278067951 8.399209165 8.4022458165 8.4117525831 8.4135180038 9.351017147 9.3530834555 9.391661992 9.3942528429 10.3027823783 10.3035172968 10.3047791397 10.3073411761 10.5819994769 10.5830400977 10.5926925035 10.5948829525 16.5574595436 16.5604824999 16.5802081992 16.5856305178 16.6358151541 16.6398764171 16.7043373309 16.7098911363 16.9099932927 16.9110961891 16.9314661034 16.9326448365 16.9348823102 16.9368127956 17.2247034866 17.22628289 17.7253047266 17.7404252255 17.7794562072 17.7907093433 17.8065732887 17.8080009285 17.9056900033 17.9064524703 17.9492132807 17.9527400515 17.9533409208 17.9607904063 18.0255559479 18.0301889373 18.0303864031 18.03937402 20.6908785766 20.7205249992 20.7605863713 20.7615197352 20.7796454625 20.7858197639 20.7931590161 20.7932437564 20.8034284816 20.803739249 20.8409844943 20.8451869767 20.8625233396 20.8627055705 20.9204208072 20.9540653564
278 3.3290164248 3.3350595547 3.4027743749 3.4098214277 3.6249931708 3.6262056598 3.735058013 3.7372541462 3.8433014773 3.844860736 3.8531454133 3.8568199239 4.2629751568 4.2639734738 4.3197766888 4.320831271 4.427850335 4.4293305842 4.4443319957 4.4484186 4.4595545814 4.4608810262 4.5395935594 4.5406427623 5.0950189549 5.0987736471 5.1842918405 5.1856788523 5.2147189674 5.2183690919 5.2434756673 5.2469098654 5.4602528748 5.4620057701 5.5148870309 5.5165579426 5.5352227695 5.5364814861 5.5624660325 5.566434819 5.6830786922 5.6861673798 5.7034662277 5.7064018452 5.7125189206 5.7159043028 5.7180028176 5.7197843141 6.2912364741 6.2937678863 6.2977262818 6.3007166579 6.3562603248 6.3570101243 6.3679557366 6.3724004331 6.4450060505 6.4498230578 6.4609207772 6.463510793 6.6433950781 6.6457385938 6.647558038 6.6509582029 6.734324918 6.7363722512 6.7469935001 6.7484686501 6.9388988683 6.9411415526 6.9428234087 6.9438108206 7.1648842829 7.1669075768 7.1904913639 7.1936936659 7.5268254385 7.5282450167 7.541666531 7.5453846121 8.3934308986 8.3965228802 8.4067960835 8.4085084806 9.3234380881 9.3255493349 9.3650445087 9.3676169778 10.316568594 10.3172834388 10.318363214 10.3208768196 10.5821796774 10.5831928214 10.5929649053 10.5951665707 16.5534393346 16.5564182464 16.577613694 16.583117463 16.6336293432 16.6376510842 16.6998413192 16.7054490176 16.9155029951 16.9165941812 16.9314991414 16.9327988747 16.940131907 16.9417791661 17.2284310566 17.2299621 17.7166043759 17.7317589394 17.7715000059 17.7833155684 17.8024218026 17.8035197462 17.9005899473 17.9013661812 17.9490777549 17.9520862504 17.9526417373 17.9608017701 18.027087263 18.0320346547 18.0322059003 18.0408534035 20.6891139796 20.7184842722 20.75850902 20.7594579706 20.7778262418 20.7839500739 20.7922915443 20.7924954393 20.8029941954 20.8035212875 20.8414459887 20.8458222082 20.8629326552 20.8631139589 20.9206415538 20.9540849147
279 3.3339918131 3.3398753964 3.4099773385 3.4169943782 3.6274041926 3.6287005175 3.7378205616 3.7399509605 3.8290852596 3.8306695079 3.8392323814 3.8429321362 4.2611460579 4.2621674515 4.3197812718 4.32096993 4.4188659902 4.4203444126 4.4343529344 4.4384994822 4.4572529602 4.458541336 4.5395956898 4.5405952095 5.1035674309 5.1074059079 5.1950807434 5.1965720647 5.2177601559 5.2213674339 5.2474976749 5.25093174 5.457389279 5.4590341285 5.5145825546 5.5162170363 5.5286408539 5.5298821454 5.5561509538 5.5601931107 5.6832546848 5.6863179083 5.7047153605 5.70764768 5.7123819816 5.7159072375 5.7191763901 5.7209380251 6.2844229312 6.2868772538 6.2909171233 6.2940005881 6.3505269868 6.3512322623 6.3620323974 6.3665411104 6.4411020973 6.4459575342 6.4574389159 6.4600245049 6.6398919988 6.6420809614 6.6436754226 6.6468584865 6.7389490968 6.7410041597 6.7518733047 6.7533566296 6.9354340645 6.9380161798 6.9398584099 6.9410211795 7.1843734843 7.1863857224 7.210245112 7.2134283114 7.5443025293 7.5456888681 7.5591299261 7.5628851176 8.3878146525 8.3909634479 8.4020564312 8.403715409 9.2957174948 9.2978741913 9.3382498945 9.3408033067 10.3299568519 10.3306505019 10.3315952883 10.3340508808 10.5823314968 10.5833175633 10.593171567 10.5953838304 16.5497319696 16.5526832248 16.5751284557 16.5806968609 16.63134501 16.6353245423 16.6952927998 16.7009545495 16.9198227031 16.9209028654 16.9307869584 16.9320254425 16.9474991437 16.9491208248 17.2317796834 17.2332590442 17.7080369184 17.7232296445 17.7633821487 17.7755924228 17.7984990112 17.7994428482 17.8953623513 17.8961507374 17.9489725514 17.9515628409 17.952058357 17.9608540444 18.0283561924 18.0336076222 18.0337636729 18.0420872929 20.6873721508 20.7164894692 20.7565090428 20.7574665238 20.7759346745 20.7819497231 20.7913762602 20.7917073242 20.8026261896 20.8034340545 20.8419097183 20.8464323776 20.8632651463 20.8634466716 20.9208387276 20.9540867499
280 3.3390668311 3.3447794215 3.4171878717 3.4241623718 3.6304943104 3.6319105641 3.7408321682 3.742884727 3.8148764965 3.816476531 3.8254370904 3.8291592494 4.2581543065 4.2592343646 4.3176442273 4.3189456292 4.4117552039 4.4132018464 4.4254169957 4.4294983295 4.4550184046 4.4562659359 4.5394426368 4.5403917867 5.1116953595 5.1156146144 5.2046726681 5.2063207026 5.2209285849 5.2244164445 5.2515244366 5.254957593 5.4553505482 5.4568748847 5.5146940251 5.5162952357 5.5222409671 5.5234605841 5.5498509761 5.5539601631 5.6834710567 5.6865109032 5.705984741 5.7089212182 5.7119653207 5.7155729877 5.7201468099 5.7219028862 6.2778349421 6.280221848 6.2843360644 6.2875199505 6.344783914 6.3454466864 6.3560734775 6.3606438218 6.4375468312 6.44243945 6.4543471074 6.4569276497 6.6360111838 6.6380624556 6.6396428688 6.6425215304 6.7436377887 6.7457000465 6.7567731172 6.7582646633 6.9320105369 6.9347817715 6.9370419869 6.9383441924 7.2039202758 7.205920464 7.2299963609 7.2331618853 7.5616216709 7.5629726255 7.5764189823 7.5802110897 8.3824353274 8.3856423259 8.3976140297 8.3992194886 9.2678670571 9.2700696967 9.3112872208 9.3138209045 10.3429468484 10.3436194656 10.3444737534 10.3468626232 10.5824473712 10.5834068199 10.5933056764 10.595527954 16.54634204 16.5492783579 16.5727614679 16.5783812706 16.6289683792 16.6329030525 16.6906961699 16.6964120137 16.9216421305 16.9231125705 16.9321048989 16.9336141077 16.9551626195 16.956781401 17.2347408719 17.2361652266 17.6996228838 17.7148572412 17.755145649 17.7676437406 17.7948029222 17.795680299 17.8900244601 17.8908238923 17.9489021973 17.9511827806 17.9516077541 17.9609593008 18.0293677273 18.0349018231 18.0350578264 18.0430785933 20.685660327 20.7145478359 20.754592777 20.7555516976 20.7739855029 20.7798566885 20.7903972294 20.7908515115 20.802338534 20.8034745584 20.8423746067 20.8470166663 20.8635219771 20.8637049924 20.9210114662 20.9540708005
281 3.3442245365 3.3497558485 3.4243798985 3.4312985775 3.6342910324 3.6358598164 3.7441273494 3.746090206 3.800695161 3.8023046556 3.8117894816 3.8155314271 4.2539023714 4.2550824518 4.3131007259 4.3144742697 4.4067005434 4.4080348514 4.4177954257 4.4216277243 4.4528078208 4.4540128563 4.5391303202 4.5400284732 5.1194291877 5.1234250334 5.2129032513 5.2147892893 5.2243348471 5.2275315434 5.255529761 5.2589615732 5.4541880326 5.4555809492 5.5150064316 5.515788336 5.5169250788 5.5175493697 5.5436122268 5.5477817333 5.6837193255 5.6867381328 5.707206661 5.7101693459 5.7113539705 5.7149779518 5.7209179937 5.722677988 6.2714873935 6.273812938 6.2779923452 6.2812799183 6.3390382112 6.3396604653 6.3500877367 6.3547176445 6.434369971 6.439298284 6.4516674883 6.4542428594 6.631695992 6.6337934243 6.6354018212 6.6380016715 6.7483670474 6.7504360112 6.7616758431 6.7631755907 6.9286311023 6.9314947786 6.9343431534 6.9357303825 7.2235087907 7.2254959147 7.2497281709 7.2528776133 7.5786811102 7.5799946307 7.5934293982 7.5972579135 8.3773761086 8.3806425188 8.3935573605 8.3951095886 9.2398990262 9.242148085 9.2841662082 9.2866794922 10.3555392297 10.356193333 10.3569949484 10.3593115571 10.5825194066 10.5834527502 10.5933602882 10.5955920306 16.5432711038 16.546202832 16.5705226863 16.5761829112 16.6265063268 16.6303934958 16.6860564442 16.6918263376 16.9214617723 16.9232139904 16.935441893 16.9372347478 16.9630438903 16.9646537166 17.2373067945 17.2386728588 17.6913823314 17.7066613129 17.7468293843 17.7595495916 17.7913283309 17.7921753345 17.8845938915 17.8854036005 17.9488744678 17.9509477739 17.9513127489 17.9611291366 18.0301272571 18.03591415 18.0360871081 18.0438307731 20.6839852036 20.7126658459 20.7527660792 20.7537193308 20.7719935645 20.7777001302 20.7893421024 20.7899135598 20.8021406479 20.8036366728 20.8428397012 20.8475745866 20.8637047844 20.8638905371 20.9211592911 20.9540372726
282 3.3494509537 3.3547922542 3.4315274941 3.4383764875 3.6388172519 3.6405659175 3.747729922 3.7495915991 3.786567048 3.7881854973 3.7983228009 3.8020818358 4.2483262575 4.2496502167 4.3061668563 4.3075695966 4.4033534556 4.4045248806 4.4119968876 4.4151439088 4.4506105963 4.4517716117 4.5386553668 4.5395019734 5.1267992518 5.1308664537 5.2195365485 5.2218144573 5.2281954538 5.2307626236 5.2594843159 5.262914734 5.4539290011 5.4551822414 5.5099762782 5.5111124905 5.5161933068 5.517766621 5.5374849351 5.5417065191 5.6839913136 5.6869916141 5.7081172083 5.7107198311 5.7113506823 5.7142833179 5.7215064094 5.7232764936 6.2653946777 6.2676618596 6.2718954023 6.2752870571 6.3332966829 6.3338803659 6.344083737 6.3487714213 6.4315954575 6.4365577407 6.4494166152 6.4519871544 6.626932778 6.629350016 6.6308798308 6.6333643586 6.7531168773 6.7551921473 6.7665676845 6.7680755557 6.925295147 6.9281997772 6.9317174243 6.9331566946 7.2431229417 7.245095963 7.2694238293 7.2725589243 7.5953719651 7.5966462035 7.6100493887 7.6139133668 8.372728884 8.3760556294 8.3899831315 8.391482908 9.2118262681 9.2141222044 9.2568972852 9.2593894962 10.3677358876 10.3683763768 10.3691536472 10.3713974432 10.5825393963 10.5834471953 10.5933283293 10.5955690205 16.5405183344 16.5434542791 16.5684223918 16.5741134651 16.6239663117 16.6278033074 16.6813792989 16.6872031362 16.9207512183 16.9225767331 16.9394708336 16.9413770322 16.9711256537 16.9727148479 17.2394702474 17.2407748242 17.6833348468 17.698661087 17.7384694314 17.7513716243 17.7880674056 17.7888972603 17.8790886706 17.8799081061 17.9489036215 17.9508421427 17.9512044428 17.9613744467 18.0306405807 18.0366454373 18.0368498153 18.0443478343 20.6823529185 20.7108492233 20.7510343206 20.7519747912 20.76997329 20.7755029825 20.7882033684 20.7888888938 20.8020373318 20.8039114417 20.8433040669 20.8481058109 20.863815688 20.8640052648 20.9212821017 20.9539866333
283 3.3547356441 3.3598800929 3.4386054261 3.4453705276 3.6440898372 3.6460398005 3.7516141152 3.7533596196 3.7725502334 3.7741924151 3.7850846032 3.7888566268 4.2414089789 4.2429184158 4.2971352403 4.2985411334 4.4002826375 4.4020794447 4.4089016748 4.4106182437 4.448423744 4.4495392512 4.5380151044 4.5388097121 5.1338388216 5.137971272 5.2244531925 5.2273229347 5.2325476098 5.234188259 5.2633553833 5.2667847682 5.4545690922 5.4556781344 5.5043676717 5.5055065574 5.5172464813 5.5188630761 5.5315323219 5.535791299 5.6842791331 5.6872636274 5.707927527 5.7109978652 5.7116982244 5.7141355548 5.7219356805 5.7237200098 6.2595708562 6.2617802402 6.266055162 6.2695493773 6.327565979 6.3281129952 6.3380700467 6.3428139687 6.4292419136 6.4342362263 6.4476059193 6.4501723861 6.6217784313 6.6246886236 6.6260801374 6.6286535991 6.7578705925 6.7599518865 6.7714375171 6.7729533827 6.9220002136 6.9249182671 6.9291352246 6.9306084771 7.2627463211 7.2647041732 7.289066747 7.2921893488 7.6115779499 7.612811388 7.6261598146 7.6300577427 8.3685944085 8.3719820041 8.3869960971 8.3884448064 9.1836623213 9.1860055766 9.229491654 9.2319621125 10.3795399786 10.3801726905 10.3809445104 10.3831202997 10.5824988409 10.5833816976 10.5932026047 10.5954517621 16.5380809308 16.5410289126 16.5664707608 16.5721839058 16.6213563364 16.6251404405 16.6766710976 16.6825487376 16.920075575 16.9219188847 16.9434851897 16.9454502033 16.9793945036 16.9809510045 17.2412246097 17.2424646463 17.6754995212 17.6908753858 17.7301001567 17.7431596717 17.7850130884 17.7858304853 17.8735272215 17.8743559688 17.9490104014 17.9508542712 17.9513003753 17.9617052313 18.0309139389 18.0370992248 18.0373449411 18.0446343278 20.6807690443 20.7091029661 20.7494023734 20.7503229607 20.7679384645 20.773283981 20.7869784841 20.7877794198 20.8020290575 20.8042882889 20.8437667078 20.8486100265 20.8638573086 20.8640515011 20.9213801628 20.9539196017
284 3.3600721339 3.3650150429 3.4455897895 3.4522567579 3.6501183352 3.6522849381 3.755019497 3.7561093611 3.7596839177 3.7612261922 3.7722186615 3.7759847977 4.2331853021 4.2349147809 4.2864283152 4.2878332377 4.3967510914 4.399620837 4.408397774 4.4090439621 4.4462469666 4.4473155212 4.5372075645 4.5379498413 5.1405830398 5.1447739594 5.2280659718 5.2315020419 5.2367904383 5.2377989782 5.267106669 5.2705358031 5.4560671929 5.4570322189 5.4991081991 5.5002301473 5.5184361993 5.5201381385 5.5258883087 5.5301256776 5.684575151 5.6875467056 5.7067419315 5.710599911 5.7122344812 5.7150218639 5.722235193 5.7240367435 6.2540298273 6.2561801182 6.2604822548 6.2640762932 6.321852736 6.3223649403 6.3320554317 6.3368542717 6.4273230649 6.4323472799 6.4462421268 6.4488056458 6.6163055351 6.6196866704 6.6211213251 6.6238654422 6.7626142821 6.7647014532 6.7762763851 6.7778000717 6.918742737 6.9216585438 6.9265772223 6.9280742226 7.2823620987 7.2843036843 7.3086403503 7.311752412 7.6271754983 7.6283670947 7.6416347794 7.6455644456 8.365082082 8.3685304924 8.384708412 8.3861081646 9.1554214628 9.1578124622 9.2019613609 9.2044093771 10.3909555435 10.3915852421 10.3923634272 10.3944804135 10.5823889691 10.5832475227 10.5929758045 10.5952329775 16.5359543923 16.5389216375 16.5646775544 16.5704043338 16.6186849375 16.6224133556 16.6719389053 16.6778701965 16.9196042275 16.9214515669 16.9472699846 16.9492731618 16.98783548 16.9893486455 17.2425638105 17.2437364648 17.6678949159 17.6833225723 17.7217550093 17.7349564969 17.7821606275 17.7829675313 17.8679283278 17.8687660493 17.9492176167 17.9509993864 17.9515858073 17.9621304292 18.030954049 18.037280445 18.0375733684 18.0446954191 20.6792385856 20.7074313683 20.7478745881 20.7487682126 20.7659021496 20.7710590261 20.7856692195 20.7865909687 20.8021127375 20.8047561616 20.8442265121 20.8490868146 20.8638327946 20.8640319716 20.9214540882 20.9538371359
285 3.3654581566 3.3701971477 3.4524587143 3.4590136416 3.656903279 3.6592956148 3.7442191011 3.7455748663 3.7572981389 3.7605676947 3.7629691623 3.765769704 4.2237355632 4.2257094729 4.2744517244 4.2758664745 4.3935194972 4.3967847755 4.4094159297 4.4101182921 4.4440812465 4.4451014841 4.5362314866 4.5369212492 5.147067826 5.1513099761 5.2309348416 5.2347201064 5.2403508282 5.24129887 5.2706982267 5.2741283259 5.4583441163 5.4591709633 5.4942562497 5.4953590327 5.5185610694 5.5209583183 5.5219097559 5.5251052769 5.6848719404 5.6878336094 5.7051630796 5.709133409 5.7134874476 5.7162292458 5.7224401295 5.7242614513 6.2487854579 6.2508739823 6.255188121 6.2588785107 6.3161637138 6.3166429073 6.3260490369 6.3309016663 6.4258481392 6.4308999775 6.4453276672 6.4478896638 6.6105688658 6.6142716189 6.616116782 6.6189721756 6.7673363691 6.7694294151 6.7810770924 6.7826083887 6.9155184519 6.9184224844 6.9240293488 6.9255439416 7.3019529172 7.3038771048 7.3281279666 7.3312315227 7.6420344428 7.6431837962 7.6563428411 7.6603012119 8.3623091797 8.3658176622 8.3832383697 8.3845921217 9.1271187803 9.1295579336 9.1743193738 9.1767442428 10.401986892 10.4026159244 10.4034080874 10.4054783579 10.5822007591 10.5830356807 10.592640511 10.5949052803 16.5341327117 16.537126144 16.5630518716 16.5687838051 16.6159612071 16.6196310396 16.6671904929 16.6731753006 16.9193925307 16.9212404207 16.950752214 16.9527820728 16.9964321599 16.9978932681 17.2434823056 17.2445850207 17.660539018 17.676020489 17.7134670668 17.7268007662 17.7795076808 17.780305441 17.8623110719 17.8631574655 17.9495451675 17.9512967737 17.952041156 17.9626577698 18.0307681362 18.0371950736 18.0375380829 18.044537 20.6777659821 20.7058380422 20.7464547628 20.7473143829 20.763876696 20.768842065 20.7842806816 20.7853315961 20.8022827234 20.8053042636 20.8446822179 20.8495355474 20.8637458572 20.8639498428 20.9215048185 20.9537404168
286 3.3708956878 3.3754307365 3.4591931151 3.4656228378 3.664432213 3.667051826 3.7305172331 3.7319531812 3.7459930847 3.7497560198 3.7672728281 3.7688044675 4.2131713679 4.2154031749 4.2615285124 4.2629699752 4.3909297956 4.39421819 4.4115708349 4.4123806376 4.4419284213 4.442899131 4.5350863194 4.5357235691 5.1533288118 5.1576147017 5.2333402306 5.2373038347 5.2431815113 5.2442508814 5.274086572 5.2775193203 5.4612850447 5.4619867715 5.4898593699 5.4909450106 5.5143375012 5.5185046172 5.5223329282 5.5240425403 5.6851622227 5.6881172923 5.7033712838 5.7074042497 5.7147820296 5.7174670493 5.72259243 5.7244368555 6.2438516532 6.2458747453 6.2501850029 6.253967852 6.3105059255 6.3109538594 6.3200605562 6.32496601 6.4248222601 6.4298993262 6.4448610819 6.4474232101 6.6046077638 6.6085101576 6.6110512015 6.6139535158 6.7720272448 6.7741263106 6.7858338696 6.7873725328 6.9123226506 6.9152087851 6.9214803529 6.9230086103 7.3215007815 7.3234064032 7.3475127043 7.350609855 7.6560194227 7.6571269452 7.6701489782 7.6741320982 8.360399362 8.3639663036 8.3827083824 8.3840200446 9.0987702542 9.1012579568 9.1465796672 9.1489806635 10.4126380639 10.4132661298 10.4140779427 10.4161150139 10.5819249616 10.5827369494 10.5921892068 10.5944611832 16.5326085174 16.5356349888 16.5616019336 16.5673301418 16.6131948487 16.6168030594 16.662434335 16.6684725712 16.9194572166 16.921305145 16.9539034773 16.9559521299 17.0051673189 17.0065695091 17.2439750685 17.2450056557 17.6534491871 17.6689863925 17.7052693887 17.7187288299 17.7770539465 17.7778439776 17.8566947593 17.8575495269 17.950007708 17.9517580401 17.9526557704 17.9632936414 18.0303639571 18.0368501384 18.0372440206 18.0441658358 20.6763551177 20.7043259401 20.7451461012 20.7459647349 20.7618737978 20.7666456619 20.7828203655 20.7840105671 20.8025317412 20.8059223829 20.845132397 20.8499553029 20.8636008098 20.8638087725 20.9215335952 20.9536308298
287 3.3763907668 3.3807241329 3.4657774357 3.4720699671 3.6726643767 3.6754974069 3.7169317017 3.7183652171 3.7338316762 3.7376207906 3.7730222751 3.7743761244 4.2016188882 4.204112383 4.2478950041 4.2493803266 4.3890095786 4.3921896851 4.4144237956 4.4152716515 4.4397912305 4.4407115105 4.5337722163 4.5343571852 5.1594003637 5.1637224398 5.2353758135 5.2394170459 5.2453453184 5.2465078735 5.2772250702 5.2806626761 5.4647430349 5.4653441527 5.4859628555 5.4870380172 5.5095282829 5.5138886537 5.5237416142 5.5254298868 5.685438794 5.6883908553 5.7014384746 5.7055191518 5.7160390189 5.7186450701 5.7227423016 5.7246167615 6.2392423526 6.2411956573 6.2454858349 6.2493570229 6.3048867599 6.3053051564 6.3141003947 6.3190578391 6.4242468391 6.4293466536 6.4448374369 6.4474015037 6.5984532826 6.6024920631 6.6058826105 6.6088029078 6.7766789663 6.7787843428 6.7905421029 6.7920878649 6.909150364 6.9120144898 6.9189207001 6.920459974 7.3409869427 7.3428727912 7.3667773232 7.3698702219 7.668992183 7.6700592656 7.6829174126 7.6869203448 8.3594803069 8.3631030676 8.3832421006 8.3845166204 9.0703928489 9.0729294832 9.1187573163 9.1211336881 10.4229125472 10.4235372883 10.4243739449 10.4263915949 10.5815521233 10.5823418982 10.5916142837 10.5938931059 16.5313731797 16.5344396674 16.5603348773 16.5660497096 16.6103962781 16.6139396586 16.6576796049 16.6637712626 16.9197989598 16.9216473794 16.9567125014 16.9587740356 17.0140233695 17.01536138 17.2440375983 17.2449943262 17.6466420952 17.6622368835 17.6971952286 17.7107757707 17.7748007445 17.7755846809 17.8510988282 17.8519616534 17.9506145576 17.9523895372 17.9534253108 17.9640429718 18.029749814 18.0362537194 18.0366979397 18.0435897325 20.6750093337 20.7028973776 20.7439511608 20.744721918 20.7599045634 20.7644813711 20.7812973991 20.782637817 20.8028516004 20.8066009362 20.8455754504 20.8503447945 20.8634026035 20.8636129746 20.9215419309 20.953509943
288 3.3819531244 3.3860891813 3.4722003346 3.4783452896 3.6814261221 3.68436228 3.7037769221 3.7050983321 3.7218735619 3.7256636442 3.7794125938 3.7806590849 4.1892047647 4.1919563182 4.2337194057 4.2352632353 4.3876920361 4.3907152951 4.4176992388 4.4185563842 4.4376739929 4.4385435953 4.532290024 4.5328232375 5.1653147342 5.1696655394 5.2370609365 5.2411120548 5.2469202872 5.2481269013 5.2800646797 5.2835099332 5.4685338756 5.4690840189 5.482617747 5.4836992863 5.5050129295 5.5094243293 5.525216011 5.5269482822 5.6856944206 5.6886474789 5.6994157404 5.7035345255 5.7172061531 5.7197004038 5.7229478703 5.724869641 6.2349714476 6.2368501627 6.2411040468 6.2450593248 6.2993140936 6.2997046949 6.3081798232 6.3131885164 6.4241199692 6.4292399974 6.4452487392 6.4478166288 6.5921323816 6.5962758389 6.6005961455 6.6035233431 6.7812850052 6.7833971244 6.7951981126 6.796750686 6.9059964951 6.908835762 6.9163420662 6.9178904779 7.3603917721 7.3622565986 7.3859040954 7.3889949384 7.6808148614 7.6818440132 7.6945153053 7.6985321324 8.3596803614 8.3633551447 8.384960655 8.3862040528 9.0420046157 9.0445905523 9.0908686005 9.0932195633 10.4328132297 10.4334311682 10.4342982829 10.436309669 10.5810726114 10.5818409124 10.5909080522 10.5931933851 16.5304168879 16.5335306756 16.5592565369 16.5649471431 16.6075767822 16.6110519118 16.6529361685 16.6590813619 16.9204104342 16.9222601256 16.9591758393 16.9612456462 17.022982538 17.0242524134 17.2436659489 17.2445476368 17.6401336605 17.6557878299 17.6892781392 17.702976005 17.7727506649 17.773530334 17.8455427511 17.8464132819 17.9513704043 17.9531944917 17.9543486387 17.9649091194 18.0289345565 18.0354149007 18.0359083815 18.0428177067 20.6737314472 20.701554057 20.742871787 20.7435879206 20.7579795882 20.7623599821 20.7797220161 20.7812237106 20.8032336486 20.8073308596 20.8460096147 20.8507023168 20.863156838 20.8633673149 20.921531577 20.9533794835
289 3.3875956485 3.3915406319 3.4784552545 3.4844442334 3.6873303076 3.6877529576 3.6952323223 3.6972490263 3.7102255251 3.7139877819 3.7863891719 3.7875658525 4.1760469127 4.1790478424 4.2191221678 4.2207357551 4.3868884844 4.3897372503 4.4212348642 4.4220924162 4.4355853363 4.4364055216 4.5306412614 4.5311236252 5.1711013631 5.17547366 5.2383881199 5.2423957109 5.2480037289 5.2492351677 5.2825551331 5.2860114252 5.4723713745 5.4729956146 5.4799274335 5.481065081 5.5009099424 5.5053445664 5.5265861853 5.5283762717 5.6859216597 5.6888802813 5.6973500137 5.7014972602 5.7182270608 5.720582407 5.7232662143 5.7252733547 6.2310526276 6.2328517045 6.2370532965 6.241088318 6.2937963907 6.2941610491 6.3023111293 6.3073703686 6.4244368164 6.42957449 6.4460843511 6.4486579519 6.5856699583 6.5899008156 6.5951935493 6.5981232427 6.7858400386 6.7879594661 6.7997989701 6.8013580541 6.9028559216 6.9056683087 6.9137370925 6.9152932441 7.3796946259 7.3815371382 7.4048746554 7.4079656742 7.691354256 7.6923491875 7.7048172124 7.7088411192 8.361124225 8.3648459993 8.3879781355 8.3891974751 9.0136248084 9.0162604081 9.0629311195 9.0652558493 10.4423424869 10.4429499782 10.4438541836 10.4458711774 10.5804766387 10.5812242183 10.5900627523 10.5923542842 16.5297286997 16.532897559 16.5583711952 16.5640249895 16.6047487563 16.6081519607 16.6482145817 16.6544135946 16.9212796577 16.9231315008 16.9612942268 16.9633686231 17.032026874 17.0332257123 17.2428567814 17.2436628939 17.633938974 17.6496542833 17.6815519954 17.6953636101 17.7709072933 17.7716846358 17.8400459275 17.8409237632 17.9522759891 17.9541738459 17.9554260091 17.9658937693 18.027927568 18.034343708 18.0348857154 18.0418601451 20.6725237738 20.7002970935 20.7419090297 20.7425640195 20.7561090242 20.7602916807 20.7781052253 20.7797789702 20.8036690179 20.8081034286 20.8464329751 20.8510257135 20.8628697044 20.8630774685 20.9215044885 20.9532413119
290 3.3933337354 3.397095439 3.4845408179 3.4903677201 3.6756983421 3.6771268621 3.6985839043 3.7024105785 3.703337479 3.7065366573 3.7939442786 3.7950903188 4.1622500867 4.1654886248 4.2041918392 4.2058830327 4.3865123796 4.3891822322 4.4249077385 4.4257671169 4.4335530673 4.4343285215 4.5288280878 4.5292610116 5.1767863355 5.1811731843 5.2393447878 5.2432705248 5.2486854974 5.2499806846 5.2846466104 5.2881178879 5.4752585603 5.4761623272 5.4787622868 5.4799088442 5.4972834637 5.5017271538 5.5277670897 5.529623965 5.6861124868 5.6890819166 5.6952886151 5.6994519756 5.7190497099 5.7212797085 5.7237367835 5.7258815224 6.2274991578 6.2292134818 6.2333471485 6.2374574399 6.2883427882 6.2886836115 6.2965077697 6.301616817 6.425190002 6.4303427344 6.4473313958 6.4499125327 6.57908981 6.583397699 6.589683733 6.5926139831 6.7903397722 6.7924671988 6.8043423474 6.8059076337 6.899723577 6.9025076311 6.9110992585 6.9126620605 7.398873697 7.4006925579 7.423669835 7.4267632917 7.7004868868 7.7014525115 7.7137100253 7.7177334732 8.3639278431 8.367690338 8.3923965917 8.3935998662 8.985274015 8.9879596296 9.034963922 9.0372615481 10.4515023341 10.4520963592 10.4530457619 10.4550784449 10.5797542895 10.5804819089 10.5890705649 10.5913680045 16.5292965608 16.5325289443 16.5576812768 16.5632832307 16.601926051 16.6052533652 16.6435260949 16.6497794413 16.9223915645 16.9242464506 16.96307101 16.9651469889 17.0411381783 17.042263936 17.2416074427 17.2423381818 17.6280722171 17.6438503868 17.6740509535 17.6879724774 17.7692749934 17.7700519764 17.8346275713 17.8355122523 17.9533285641 17.9553265354 17.9566580304 17.9669968339 18.0267387298 18.0330510606 18.0336422683 18.0407289487 20.6713881546 20.6991270431 20.7410630381 20.7416507247 20.7543026448 20.7582861507 20.7764586286 20.7783146909 20.8041487277 20.8089100601 20.8468434824 20.8513123784 20.8625477707 20.8627502148 20.921462788 20.9530973949
291 3.3991845723 3.4027720196 3.490461007 3.4961222504 3.6628100871 3.6643042881 3.6877138236 3.6915534011 3.7139227754 3.7176553844 3.8020774387 3.8032346136 4.1479048867 4.151367595 4.1889960812 4.1907696603 4.3864873224 4.3889799134 4.4284458531 4.4292617029 4.4318359153 4.4325308649 4.5268532558 4.5272388361 5.1823919827 5.1867867699 5.2399286745 5.2437594287 5.2490403477 5.2504908969 5.2862919014 5.2897825422 5.4750598823 5.4758126878 5.4818026748 5.4821830811 5.4941856113 5.4986263478 5.5286941751 5.5306257364 5.6862573795 5.6892430122 5.6932823242 5.6974425274 5.7196647824 5.7218245379 5.7243764594 5.7266794751 6.2243236013 6.225948168 6.2299987124 6.2341795823 6.2829631679 6.2832827274 6.2907845279 6.2959425038 6.4263699687 6.4315351628 6.448975145 6.4515655193 6.572415096 6.5767931672 6.5840787499 6.5870085437 6.7947807911 6.7969170224 6.8088263911 6.8103975704 6.8965945141 6.8993491846 6.9084228051 6.909991371 7.4179058517 7.419699678 7.4422694852 7.4453676691 7.7081044655 7.7090467985 7.7210979464 7.7251129425 8.3681928927 8.3719886907 8.3983010078 8.3994969311 8.9569743053 8.9597102796 9.0069876498 9.0092572475 10.4602946145 10.4608733294 10.4618778848 10.463934181 10.5788955457 10.57960397 10.5879236254 10.5902266974 16.5291072858 16.5324125476 16.5571869485 16.5627186173 16.5991244712 16.6023716274 16.638882672 16.6451911724 16.9237288279 16.9255876229 16.9645114343 16.9665864882 17.0502979003 17.051349256 17.2399160699 17.24057246 17.6225465707 17.63838927 17.6668093599 17.6808363534 17.7678587286 17.7686372683 17.8293065942 17.830197595 17.9545221505 17.9566495305 17.9580450138 17.9682163505 18.025378354 18.0315487545 18.0321925491 18.0394376688 20.6703259871 20.6980439349 20.7403329229 20.7408477246 20.752569909 20.7563526326 20.7747943471 20.7768423945 20.804663703 20.8097421186 20.8472389731 20.8515593136 20.862197447 20.8623940034 20.9214087273 20.9529497769
292 3.4051663981 3.4085895158 3.4962250978 3.5017197317 3.6499772371 3.6514952016 3.6770357926 3.6808557336 3.7256262671 3.7295770372 3.8107886244 3.8119965753 4.1330887635 4.1367614467 4.1735889941 4.1754470769 4.3867489079 4.3890686616 4.428998614 4.4294328836 4.4333889688 4.4339761048 4.5247200486 4.525061337 5.1879366019 5.1923330039 5.2401610176 5.2439122739 5.2491426868 5.2508334478 5.2874489493 5.2909635583 5.4741438019 5.4749162952 5.4855694169 5.4857442443 5.491670928 5.4960893881 5.5293155109 5.5313290549 5.6863426532 5.6893423862 5.6913971872 5.6955119151 5.7201261377 5.72226452 5.7251691565 5.7275986503 6.2215374902 6.2230675996 6.2270202514 6.231266629 6.2776682205 6.2779698141 6.2851576895 6.2903634211 6.4279653205 6.4331403683 6.4509993828 6.45360052 6.565668565 6.5701118327 6.5783921058 6.5813207688 6.7991604301 6.8013063765 6.8132496163 6.8148263845 6.8934639593 6.896188487 6.9057026822 6.9072762603 7.436766449 7.4385338117 7.4606522776 7.4637575051 7.7141191904 7.7150451423 7.7269069392 7.7309053799 8.3740014305 8.3778221613 8.405754827 8.4069525348 8.9287493993 8.9315360718 8.9790246997 8.9812652826 10.4687212201 10.4692842192 10.4703560159 10.4724414731 10.5778903138 10.5785803066 10.5866140376 10.5889224789 16.5291464906 16.5325351476 16.5568855744 16.5623237232 16.5963624888 16.599524974 16.6342970321 16.6406619135 16.9252723324 16.9271358613 16.9656223247 16.9676943161 17.0594870363 17.0604633022 17.2377817204 17.2383656804 17.6173741102 17.6332829284 17.6598616221 17.6739888105 17.7666639055 17.767445803 17.8241014881 17.8249982112 17.955847664 17.9581377447 17.9595865026 17.9695483723 18.0238570723 18.0298494865 18.030553595 18.0380016539 20.6693382609 20.6970473066 20.7397165729 20.7401538358 20.7509200296 20.7544999484 20.773125025 20.7753740984 20.8052047518 20.810590739 20.8476171891 20.8517632798 20.8618239928 20.862019886 20.9213446493 20.9528005506
293 3.4112977718 3.4145670889 3.5018473387 3.507177053 3.6373131836 3.6388494268 3.6666996699 3.6705061179 3.7379930347 3.7421335209 3.8200758633 3.8213672379 4.1178679296 4.1217361696 4.1580159206 4.1599583413 4.3872440737 4.3893965494 4.4271465735 4.4276206295 4.4371046051 4.4378008339 4.5224321998 4.5227335889 5.1934342518 5.1978261083 5.2400923566 5.243796222 5.2490635594 5.2510212022 5.2880835354 5.2916266808 5.4736306978 5.4744076238 5.488765289 5.4892398658 5.4900785421 5.4941789612 5.5295908411 5.5316930034 5.6863409209 5.6891755825 5.6898940179 5.6937017511 5.720511587 5.7226531653 5.7260605451 5.7285681301 6.2191509525 6.220582448 6.2244227698 6.2287289465 6.2724695171 6.272757445 6.2796452463 6.2848970517 6.4299631258 6.4351454006 6.4533867392 6.4559999445 6.558872676 6.563377141 6.5726379964 6.5755649606 6.8034766596 6.8056333256 6.8176108157 6.8191928818 6.8903273591 6.8930211979 6.9029345048 6.9045124326 7.4554291397 7.4571685651 7.4787954871 7.4819101021 7.7184681784 7.7193852631 7.7310880673 7.7350621227 8.3814113827 8.3852480102 8.4147966168 8.4160053002 8.9006248576 8.9034625615 8.9510994046 8.9533099175 10.4767843354 10.4773326219 10.4784860217 10.4806037708 10.576728452 10.5774007691 10.5851338915 10.5874474448 16.5293984553 16.5328825079 16.5567709469 16.5620855862 16.5936622419 16.5967355374 16.6297827285 16.6362057574 16.9270014654 16.9288705033 16.9664119635 16.968479026 17.0686860421 17.0695871132 17.2352045228 17.2357189219 17.6125656875 17.6285420847 17.6532420526 17.6674631751 17.7656962291 17.7664831206 17.8190302078 17.8199319804 17.9572929528 17.9597838263 17.9612808635 17.9709868484 18.022185664 18.0279669385 18.0287454649 18.0364382378 20.6684255957 20.6961362464 20.7392104004 20.7395669722 20.749362057 20.7527364969 20.7714638934 20.7739223882 20.805762531 20.8114466701 20.8479757985 20.8519210882 20.8614307224 20.8616421032 20.9212729492 20.9526518276
294 3.4175968658 3.4207232563 3.5073463735 3.5125154259 3.624856949 3.6264108854 3.6567196881 3.6605137694 3.7509497762 3.7552607652 3.829933456 3.8313315119 4.1022995015 4.106348937 4.1423165929 4.1443412169 4.387929501 4.3899205586 4.4252004528 4.4256341136 4.441062892 4.4417709887 4.519993817 4.5202615427 5.198894562 5.2032755939 5.2397956858 5.2434838898 5.2488534233 5.2510482059 5.2881717578 5.2917476746 5.4736152573 5.4743854427 5.488215339 5.4918343834 5.4925117226 5.4934062846 5.5294918278 5.5316884049 5.6861693437 5.6880165692 5.6896054432 5.6920525042 5.7208808238 5.7230366884 5.7269892955 5.7295372149 6.2171722882 6.2185018893 6.2222155841 6.2265748136 6.2673796121 6.2676593729 6.2742671564 6.27956254 6.4323491736 6.4375360119 6.4561189875 6.4587453067 6.552049681 6.5566118259 6.5668309393 6.5697556547 6.8077279804 6.8098964547 6.8219089774 6.8234960727 6.8871804291 6.8898431837 6.9001145138 6.9016961858 7.4738656416 7.4755756146 7.4966747494 7.4998011246 7.7211163778 7.7220323769 7.7336192512 7.7375617409 8.3904535235 8.3942966987 8.4254383498 8.4266668626 8.8726282979 8.8755173604 8.9232382377 8.9254175491 10.4844866743 10.4850223781 10.4862739479 10.4884248632 10.5753997984 10.5760551803 10.5834752826 10.5857936905 16.5298458905 16.5334392246 16.5568321833 16.5619837704 16.5910508873 16.5940311478 16.6253542853 16.6318379509 16.9288943007 16.9307695663 16.9668900777 16.9689505363 17.0778747656 17.0787010976 17.2321858443 17.232634535 17.6081307951 17.624176026 17.6469846972 17.6612924359 17.7649615623 17.7657548808 17.8141100582 17.8150161293 17.9588427533 17.9615777977 17.9631248794 17.9725234891 18.0203748104 18.0259159533 18.0267919071 18.0347670089 20.6675882838 20.6953094404 20.738808961 20.7390841705 20.7479049901 20.7510702249 20.7698248872 20.7725004858 20.8063275199 20.8123001409 20.8483124127 20.852030086 20.8610206744 20.861275995 20.921196036 20.9525057085
295 3.4240807745 3.4270752583 3.5127444031 3.5177595124 3.6126323442 3.6142041935 3.6471020832 3.6508840604 3.7644465983 3.768910479 3.8403508743 3.8418695715 4.0864335217 4.0906499717 4.1265272082 4.1286301824 4.3887697543 4.3906051295 4.4232653586 4.4236420961 4.4450757762 4.445777921 4.5174093788 4.5176520093 5.2043224522 5.2086856645 5.2393516822 5.243046544 5.2485410984 5.2509133919 5.2877019044 5.2913142014 5.4740884313 5.4748456565 5.4875219168 5.4917253009 5.4952306102 5.4955127316 5.5290022793 5.5312980509 5.685595569 5.6871052484 5.6895306194 5.6906122554 5.7212666329 5.7234426637 5.7279091917 5.7304730693 6.215607475 6.2168332928 6.2204058774 6.2248097509 6.2624121937 6.2626904803 6.2690456971 6.2743809241 6.4351081675 6.4402968389 6.4591773017 6.4618174849 6.5452217127 6.5498381817 6.5609855961 6.563907504 6.8119133216 6.814094768 6.8261432058 6.8277350975 6.8840192128 6.8866505823 6.8972395378 6.8988243809 7.4920454885 7.4937244586 7.5142637897 7.5174043286 7.7220575179 7.7229801474 7.7345052028 7.7384099118 8.4011303956 8.4049708329 8.4376655392 8.4389220274 8.8447896402 8.8477303811 8.8954700413 8.8976169371 10.4918316583 10.4923576051 10.493725803 10.4959088497 10.5738941998 10.5745333619 10.5816303374 10.5839533343 16.5304695678 16.5341884583 16.5570521373 16.5619877127 16.5885622873 16.5914480435 16.6210274271 16.6275751997 16.9309277041 16.9328098495 16.9670679063 16.9691202041 17.0870324027 17.0877850114 17.2287284644 17.2291162912 17.6040774147 17.6201924179 17.6411231573 17.6555091494 17.7644657833 17.7652667327 17.8093575887 17.8102671271 17.9604785189 17.9635064702 17.9651133231 17.9741476224 18.018434786 18.0237128572 18.0247212192 18.0330102138 20.6668263353 20.6945652276 20.7385043139 20.7387017874 20.7465579351 20.7495085778 20.7682228132 20.77112231 20.8068900162 20.8131407571 20.8486246038 20.8520888625 20.8606001695 20.8609337694 20.9211162944 20.9523642534
296 3.430764798 3.4336384123 3.5180660262 3.5229363298 3.6006589147 3.602248557 3.6378500753 3.6416201206 3.7784393518 3.7830387895 3.8513125457 3.8529579443 4.0703147142 4.0746842149 4.1106818182 4.112857765 4.3897354196 4.3914205073 4.4213610284 4.4216750641 4.4491052681 4.4497947258 4.5146839548 4.5149124584 5.2097175514 5.2140538838 5.2388364098 5.2425501245 5.2481454474 5.2506272821 5.2866753854 5.290326789 5.4750152088 5.4757547366 5.4874018906 5.491610321 5.497461326 5.4977068516 5.5281180418 5.5305166445 5.6846545623 5.6866820175 5.6891758428 5.6896417449 5.7216809665 5.7238807984 5.7287895563 5.7313541413 6.2144595382 6.2155819668 6.2189982303 6.2234356788 6.2575822561 6.2578666939 6.2640059837 6.2693754876 6.4382238359 6.4434114927 6.4625424697 6.4651969299 6.5384109226 6.5430782853 6.5551166937 6.5580352324 6.8160319296 6.8182275812 6.830312634 6.8319091455 6.8808401708 6.8834398838 6.8943069585 6.8958944109 7.5099357487 7.5115821392 7.5315341183 7.5346912555 7.7213129741 7.7222495918 7.7337755865 7.7376374818 8.4134173078 8.4172461399 8.4514391641 8.4527307672 8.8171413845 8.8201341129 8.8678262835 8.8699394617 10.4988234936 10.4993427616 10.5008473941 10.5030601009 10.5722015426 10.5728251619 10.5795912469 10.5819185489 16.5312477546 16.5351114881 16.5574051615 16.5620534762 16.5862387329 16.5890348228 16.6168194598 16.623436165 16.9330773551 16.9349669496 16.9669583475 16.9690009681 17.0961374776 17.0968179523 17.2248367467 17.2251695263 17.6004118541 17.6165970957 17.6356904128 17.650145354 17.7642146378 17.7650241744 17.804788501 17.8057005939 17.9621780367 17.9655525059 17.9672385057 17.9758460591 18.0163751633 18.0213759855 18.022567301 18.0311933515 20.6661395255 20.6939016633 20.7382847504 20.7384162238 20.7453303318 20.7480584373 20.7666735672 20.7698025165 20.8074401637 20.8139574358 20.8489099202 20.8520981326 20.8601788714 20.8606235378 20.9210360482 20.9522294538
297 3.4376615982 3.4404253566 3.52333651 3.5280738226 3.588955881 3.5905620456 3.6289650451 3.6327233208 3.792885807 3.7976034698 3.8627982428 3.8645702073 4.0539839421 4.0584927447 4.0948132901 4.0970554524 4.3908012785 4.3923410119 4.4194974862 4.4197472885 4.4531336811 4.4538066324 4.5118237503 4.5120505731 5.2150728022 5.2193676713 5.238317193 5.2420535495 5.247686432 5.2502114865 5.2851065643 5.2887987162 5.4763474413 5.4770644251 5.4878533358 5.4920161738 5.4991497152 5.499390945 5.5268465059 5.5293503816 5.6837408433 5.6863744702 5.6882787354 5.68940895 5.7221217014 5.7243476253 5.7296100268 5.732165626 6.2137276337 6.2147510289 6.2179941169 6.2224497634 6.2529062094 6.2532049765 6.2591767852 6.2645723361 6.4416789208 6.4468625114 6.4661950529 6.4688638067 6.5316397339 6.5363542624 6.5492390087 6.5521536406 6.8200832342 6.8222943902 6.8344163045 6.8360173504 6.877640338 6.8802080586 6.8913146827 6.8929041715 7.5275007095 7.5291129331 7.5484546819 7.5516308807 7.7189287942 7.7198861645 7.7314817329 7.7352970611 8.4272651911 8.4310742618 8.4666990494 8.4680317024 8.7897189256 8.7927639335 8.8403413455 8.8424194128 10.5054671409 10.5059827208 10.5076442417 10.5098832042 10.5703117878 10.5709204818 10.5773503143 10.5796816069 16.5321553747 16.5361869795 16.5578541805 16.5621209394 16.584131796 16.5868575165 16.612749903 16.6194422788 16.9353176532 16.9372151513 16.9665762271 16.9686075934 17.105167848 17.1057783755 17.2205167956 17.2208012699 17.5971385838 17.6133938451 17.630718646 17.6452324949 17.7642135776 17.7650323989 17.8004175781 17.801331227 17.9639147245 17.9676929196 17.9694897677 17.9776030109 18.0142047688 18.0189264736 18.0203708376 18.029346025 20.6655274445 20.6933165898 20.7381329024 20.7382251705 20.744232243 20.7467260628 20.7651943987 20.7685565029 20.8079680213 20.8147383939 20.8491659095 20.852061633 20.8597673516 20.8603507454 20.9209575242 20.9521032047
298 3.444780014 3.4474449827 3.5285785166 3.5331986173 3.5775458117 3.5791646504 3.6204473949 3.6241937745 3.8077446008 3.8125631154 3.8747836802 3.8766774211 4.0374793931 4.0421139554 4.0789540272 4.0812543688 4.3919444038 4.3933431547 4.4176832241 4.4178716592 4.4571487582 4.4578024422 4.5088367205 4.5090739028 5.220370651 5.2245932636 5.237858998 5.2416126019 5.2471911239 5.2496966227 5.2830215722 5.2867548708 5.478028188 5.4787169661 5.4888436416 5.492940119 5.5002729519 5.5005147636 5.5252058152 5.5278162354 5.6830048414 5.6860367755 5.6875488895 5.689211571 5.7225775015 5.7248306948 5.7303565208 5.7328969522 6.2134054968 6.2143415465 6.2173913583 6.2218426805 6.2484018486 6.2487235333 6.2545918906 6.2600013987 6.4454549651 6.4506310711 6.4701154724 6.4727980366 6.5249313357 6.5296887244 6.5433673985 6.5462776619 6.8240666534 6.8262946839 6.8384529634 6.8400586169 6.8744176391 6.876952796 6.8882611273 6.8898520406 7.544701525 7.5462780063 7.564991457 7.5681892006 7.7149714072 7.7159555188 7.7276924175 7.7314586903 8.4426048116 8.446386883 8.4833681769 8.4847465254 8.7625609099 8.7656584615 8.8130528426 8.8150943127 10.511768206 10.5122828203 10.5141215552 10.5163828781 10.5682150131 10.568809306 10.5749000335 10.5772349536 16.5331627912 16.5373897829 16.55834757 16.5621146154 16.5823007935 16.5850034789 16.6088415639 16.6156191021 16.9376214177 16.939527097 16.9659387841 16.9679571034 17.1141007373 17.1146441294 17.2157765888 17.216020349 17.5942600964 17.6105841973 17.6262390536 17.6408013459 17.764467575 17.7652961115 17.7962586518 17.7971727632 17.9656565166 17.9698966945 17.9718527926 17.9794001357 18.0119323935 18.016389443 18.0181803836 18.0275031027 20.6649895472 20.6928077168 20.7380323567 20.7381203638 20.74327461 20.7455170776 20.7638042008 20.7674003515 20.8084636786 20.8154712109 20.8493901662 20.8519867459 20.8593758434 20.8601185501 20.9208828182 20.9519872788
299 3.452123048 3.4547006026 3.5338026182 3.5383306395 3.5664636679 3.5680847862 3.612297893 3.6160312104 3.8229749348 3.8278768613 3.8872410042 3.8892483266 4.0208375576 4.0255845598 4.0631366212 4.0654858746 4.3931418948 4.3944033389 4.4159266975 4.4160656122 4.4611397595 4.4617719212 4.5057328144 4.5059902518 5.2255702421 5.2296300246 5.2375584394 5.2413014963 5.246696796 5.2491209643 5.2804564424 5.2842298789 5.4799942202 5.4806482154 5.4903254185 5.4943392241 5.5008303121 5.5010784578 5.5232239633 5.5259410952 5.6824767587 5.6856596143 5.6870388156 5.6889727066 5.723031305 5.7253118302 5.731018886 5.7335404549 6.2134785384 6.2143531753 6.21718356 6.2215957789 6.2440882107 6.2444423194 6.250292527 6.2556982448 6.4495317227 6.4546962212 6.4742839653 6.476979143 6.5183107197 6.5231056229 6.5375168852 6.5404224848 6.8279812638 6.8302276284 6.8424206082 6.8440312467 6.8711716103 6.8736730189 6.8851452353 6.8867368781 7.5614958198 7.5630350321 7.5811069503 7.5843287211 7.7095226706 7.7105385925 7.7224892984 7.7262051883 8.4593516913 8.4631005581 8.5013573549 8.502784771 8.7357096412 8.7388599555 8.7860019811 8.7880052767 10.5177327941 10.5182488734 10.5202842078 10.5225638159 10.5659014745 10.5664817355 10.5722332292 10.574571337 16.5342341068 16.538688945 16.5588178428 16.5619544286 16.5808084653 16.5835758192 16.6051224108 16.6119986341 16.9399591816 16.9418730122 16.9650666031 16.9670695942 17.1229127918 17.1233925132 17.2106260789 17.2108374543 17.5917768288 17.6081672842 17.622281619 17.6368818921 17.7649808858 17.7658192868 17.7923246415 17.7932380033 17.9673643189 17.9721210534 17.9743084214 17.9812167597 18.0095690716 18.0137959357 18.0160529263 18.0257061946 20.6645252044 20.6923727082 20.7379808337 20.7380742141 20.7424690536 20.7444365801 20.7625237758 20.7663506729 20.8089174236 20.8161429928 20.849580452 20.8518845191 20.8590139867 20.8599275984 20.9208138631 20.9518833019
300 3.4596838242 3.462186235 3.5389538247 3.5434539102 3.555804263 3.5573963993 3.6045204924 3.6082367802 3.8385364881 3.8435042158 3.9001388347 3.9022490956 4.0040941279 4.0089405499 4.0473946874 4.0497823127 4.3943676981 4.3954945966 4.4142369638 4.4143569152 4.4650953467 4.4657041065 4.5025241625 4.5028089984 5.2305427967 5.2340352715 5.2377513125 5.2413356746 5.2462567352 5.2485321903 5.2774551442 5.2812660073 5.4821778015 5.4827899643 5.4922390486 5.4961512622 5.5008406953 5.5011107299 5.5209380892 5.5237610047 5.6821517313 5.6852813455 5.6867003856 5.688690203 5.7234630301 5.7257697614 5.731589606 5.7340906557 6.2139184488 6.2147852565 6.2173597218 6.2216761625 6.2399855045 6.2403839144 6.2463317896 6.2517074967 6.4538857477 6.4590330237 6.4786802143 6.4813855852 6.5118070718 6.5166321962 6.5317028268 6.5346038019 6.8318251406 6.8340914359 6.8463152295 6.8479319103 6.8679053508 6.8703701795 6.8819665606 6.8835580738 7.57783724 7.5793377637 7.5967595196 7.6000077522 7.7026749038 7.7037266521 7.7159626047 7.7196277815 8.4774110924 8.481121614 8.5205697281 8.5220484062 8.7092115566 8.7124147774 8.7592339577 8.7611974172 10.5233673448 10.5238871385 10.5261365891 10.52843036 10.5633617146 10.5639280331 10.5693433508 10.5716840732 16.5353249485 16.5400443912 16.5591868209 16.5615825074 16.5797163029 16.5826642985 16.6016289822 16.6086233108 16.9422975913 16.9442189452 16.9639855459 16.9659699046 17.1315801627 17.1320003546 17.2050772647 17.2052651601 17.5896872034 17.6061398304 17.6188747955 17.6335031057 17.7657566883 17.7666047847 17.7886277545 17.7895389727 17.9689901826 17.9743059613 17.9768302069 17.9830299648 18.0071329077 18.0111864621 18.0140535679 18.0240052976 20.6641337511 20.6920092745 20.7379670912 20.7380642669 20.7418260898 20.74348956 20.7613759669 20.7654243058 20.809319961 20.816740663 20.8497349862 20.851768829 20.8586907305 20.8597761592 20.9207523992 20.9517927311
301 3.4674361538 3.4698778772 3.5425238501 3.5461159072 3.5471655592 3.549569842 3.5971292692 3.6008172912 3.8543893411 3.8594047662 3.9134410361 3.9156418255 3.9872852091 3.992218532 4.0317644776 4.0341784085 4.3955874372 4.3965813367 4.4126373757 4.4127797967 4.4690009465 4.4695849277 4.4992264811 4.4995435362 5.2344260024 5.2367270982 5.2391572207 5.242821411 5.245968866 5.2480038818 5.2740684653 5.2779115955 5.4845077178 5.4850712946 5.4945105913 5.4982690256 5.5003430661 5.5006941583 5.5183946098 5.5213209449 5.6820081155 5.6849242847 5.6865000048 5.688370561 5.7238518085 5.7261823673 5.7320630716 5.7345438219 6.2146743038 6.2156365269 6.2179046759 6.2220280029 6.236115502 6.2365750388 6.242782738 6.2480894199 6.4584869069 6.463607736 6.4832817709 6.4859922133 6.5054602421 6.51030435 6.525941296 6.5288383725 6.8355938087 6.8378818884 6.8501260784 6.8517518037 6.8646324047 6.8670523667 6.8787255347 6.880315717 7.5936749199 7.5951355461 7.6119022548 7.6151792217 7.6945264691 7.6956168221 7.7082077106 7.7118226305 8.4966825147 8.5003505878 8.5409047311 8.5424358325 8.6831178295 8.686373968 8.732798419 8.7347203083 10.5286784142 10.5292042481 10.5316820702 10.5339856948 10.5605868082 10.5611387033 10.5662251868 10.5685676759 16.5363799942 16.5414014404 16.5593823272 16.5610015545 16.5790749802 16.5822943948 16.5984128824 16.6055529702 16.9445956513 16.9465225972 16.9627311334 16.9646913755 17.1400786012 17.1404440958 17.199144239 17.1993179015 17.5879878583 17.6044963816 17.6160450375 17.63069252 17.7667963894 17.7676535741 17.7851801035 17.7860874252 17.9704757197 17.9763672414 17.9793788131 17.9848126395 18.0046577718 18.0086181454 18.0122544135 18.0224601122 20.6638145337 20.6917152675 20.737950943 20.7380978366 20.7413499241 20.7426819654 20.7603854629 20.7646378256 20.8096626771 20.8172514008 20.8498530426 20.8516546109 20.8584141685 20.859660761 20.9206999478 20.9517168345
302 3.4753086609 3.4777093858 3.5347630352 3.5367247823 3.5504212219 3.5542074444 3.5901686774 3.5937966493 3.8704937231 3.8755372954 3.9271004726 3.9293780086 3.970451136 3.9754595682 4.016289324 4.0187150081 4.3967492539 4.3976104808 4.4111860617 4.4113718436 4.4728325345 4.4733914494 4.4958644028 4.4962172272 5.235352812 5.2388456693 5.2411732915 5.2458702897 5.2467361244 5.2478686841 5.2703560995 5.2742215804 5.4869087982 5.4874178409 5.4970148123 5.4993943063 5.4994721071 5.5010680258 5.5156521839 5.5186763877 5.6820118119 5.6845850776 5.6864322383 5.688025308 5.7241778704 5.7265286221 5.7324351427 5.7348976245 6.2156578879 6.2168993509 6.2188016929 6.2225581901 6.2325034384 6.2330499077 6.2397517982 6.2449327472 6.4632886094 6.4683633078 6.4880544201 6.4907562635 6.4993448469 6.5041881673 6.5202501135 6.5231455791 6.839275846 6.8415881689 6.8538058159 6.8554524784 6.8614175856 6.8637545393 6.8754243069 6.8770111365 7.6089527491 7.610372691 7.6264804245 7.6297879177 7.6851785369 7.6863085642 7.6993237601 7.7028893437 8.5170632041 8.5206857183 8.5622611408 8.563844958 8.6574853475 8.6607941424 8.7067500517 8.7086285829 10.5336722219 10.534207063 10.5369211894 10.5392293929 10.5575691066 10.5581047047 10.5628770104 10.5652196546 16.5373312725 16.5426822871 16.5593554063 16.5603126911 16.5788908713 16.5823914023 16.5955536936 16.6028765327 16.9467951623 16.9487226171 16.9613595483 16.9632853011 17.1483835256 17.1486998506 17.192843241 17.1930119591 17.586674129 17.6032298772 17.6138161208 17.6284754961 17.7680978525 17.7689626466 17.7819956843 17.7828964182 17.9717519756 17.9781915408 17.9818880716 17.9865226289 18.0022098889 18.0061800129 18.0107328327 18.021139882 20.6635669528 20.6914887737 20.7379069438 20.7381758779 20.741029932 20.7420230168 20.7595779915 20.7640068367 20.8099379352 20.8176632268 20.8499358826 20.8515553664 20.8581913186 20.8595770958 20.9206577871 20.9516566741
303 3.4830979156 3.4854905216 3.525626664 3.5274786287 3.5556225227 3.559321826 3.5837879049 3.5872536995 3.8868089407 3.8918562431 3.9409987544 3.9433440652 3.9536885551 3.9587463918 4.0010370747 4.0034531393 4.397768015 4.3984981934 4.4099756155 4.4102028208 4.4765347837 4.4770717302 4.4924916278 4.492884804 5.2354320603 5.2391591385 5.24330917 5.246355657 5.2488872911 5.2514904087 5.2664026973 5.2702659375 5.4892964865 5.4897449076 5.4978672982 5.4981984562 5.5000576841 5.5035619775 5.512797323 5.5159018777 5.6821147601 5.684268896 5.6864915306 5.6876716824 5.7244241204 5.7267902702 5.7327028599 5.7351508019 6.2167128784 6.218548911 6.220034352 6.2231189545 6.2291861792 6.2298611369 6.2373928595 6.2423780686 6.468193868 6.4731635007 6.4924907057 6.4940559316 6.4953754386 6.4986779807 6.5146527212 6.5175532546 6.8428366982 6.845177651 6.8565674826 6.8583990364 6.8592947084 6.8609165843 6.8720700443 6.8736489167 7.6236078655 7.6249873169 7.6404221961 7.64376037 7.674735281 7.6759022511 7.68941917 7.6929357761 8.5384496083 8.5420244814 8.5845382739 8.5861743499 8.6323796261 8.6357399321 8.6811496871 8.682983041 10.5383531062 10.5389022356 10.5418440843 10.5441472192 10.5543055652 10.5548183665 10.5593093395 10.5616472831 16.538099769 16.5437755783 16.5590606471 16.5597534282 16.5790717038 16.5827833044 16.593184566 16.600728454 16.9487937575 16.950708596 16.9599779694 16.961847721 17.1564698485 17.1567432338 17.1861928932 17.1863656829 17.5857408042 17.6023326227 17.6122082352 17.6268741192 17.7696490826 17.7705171018 17.7790983276 17.779986333 17.9727429061 17.9796414476 17.9842272355 17.9880666452 17.9999271019 18.0040261199 18.0095679705 18.0201197621 20.6633905001 20.6913282009 20.7378489574 20.7382717836 20.7408359163 20.7415290589 20.7589786018 20.7635450649 20.8101393825 20.8179657031 20.8499875499 20.8514807041 20.8580278961 20.859520911 20.9206269329 20.9516130914
304 3.4900958853 3.4925448998 3.5177566427 3.5195345033 3.5606016227 3.5637871236 3.578600427 3.5814914324 3.903286204 3.9082875341 3.9367019257 3.9418585874 3.9552784225 3.9576449411 3.9862206248 3.9885634202 4.3985057155 4.3991212633 4.40914116 4.4093943966 4.4799055147 4.4804387267 4.4892980054 4.4897466481 5.2354205188 5.2391870951 5.2438241979 5.2462873358 5.2526208232 5.2558152639 5.2624540794 5.266187548 5.4915404126 5.4919145732 5.4963240318 5.4966741633 5.5027530906 5.5061199314 5.5100635762 5.513144875 5.6822464711 5.6840181439 5.6866502999 5.6873390933 5.724577403 5.726953209 5.7328642446 5.7353028093 6.2175749995 6.2205157541 6.2215361762 6.2234969572 6.226268161 6.2271380526 6.2358915514 6.2406474384 6.4728878409 6.4774878396 6.4885758001 6.4926659181 6.4982294 6.5010418048 6.5092036193 6.512135173 6.846128124 6.8485124105 6.8544694334 6.8569421872 6.8615156053 6.8631065344 6.8686975707 6.8702489792 7.6375636543 7.6389060462 7.6535579534 7.65692001 7.6633477421 7.6645211143 7.6786673474 7.6821246441 8.56072853 8.564255374 8.6073522027 8.608060561 8.6093651671 8.6113565371 8.6560694428 8.6578557363 10.5427140229 10.5432936272 10.5463714043 10.5486307373 10.5508324061 10.5512846665 10.5556091081 10.5579090742 16.5386044211 16.5445342816 16.558632882 16.5594782405 16.5793929633 16.5832198129 16.5915333454 16.5992980573 16.9503656044 16.9522396494 16.9588245125 16.960600319 17.1643096754 17.1645471859 17.1792165222 17.1794017256 17.5851830882 17.601797598 17.6112369206 17.625905784 17.7713915357 17.7722394477 17.7765732684 17.7774204893 17.9733749052 17.9805794204 17.9860981249 17.9892283089 17.9981177431 18.0024352023 18.008832877 18.019471544 20.6632847895 20.6912323529 20.7378006805 20.7383528167 20.7407289653 20.7412243656 20.7586089401 20.763263339 20.8102622371 20.8181506728 20.8500143803 20.8514352984 20.8579281191 20.8594887143 20.9206081222 20.9515866957
305 3.4935670723 3.4961071241 3.5139764465 3.5156878552 3.5634726957 3.5655624599 3.5767045111 3.5782428078 3.9188037391 3.921082744 3.9229023183 3.9272347408 3.9664248611 3.9679969324 3.975757158 3.9769425645 4.3987840174 4.3993483339 4.4088377061 4.4090987173 4.4817529728 4.4823290764 4.487458645 4.487983439 5.2354117908 5.239185788 5.2438984176 5.2462237613 5.2558576011 5.2573405557 5.2608199841 5.2632183894 5.4929493731 5.4932170304 5.4951495929 5.4955628775 5.5045693248 5.5070939248 5.5090258068 5.5113388266 5.6823099638 5.6839162689 5.6867894989 5.6871426892 5.724629439 5.7270085361 5.7329181626 5.7353534862 6.2179175252 6.222146262 6.2225835331 6.2233139082 6.2246632365 6.2256531897 6.2353805058 6.2400209662 6.4755996648 6.4792826773 6.4867379074 6.4896967787 6.502340008 6.5048843899 6.5049556927 6.5080850674 6.8480430272 6.8505253569 6.8525982613 6.8551238545 6.8642756743 6.8654852177 6.8664536342 6.8673525545 7.6499475897 7.6510197909 7.6519581236 7.65283549 7.664131844 7.666381865 7.6699840802 7.6726211228 8.5821845755 8.5852714456 8.5861307639 8.5890695665 8.6303964884 8.6319776653 8.6328180228 8.6344048366 10.5462348038 10.5471489029 10.5472634011 10.547742668 10.5499476258 10.5510522333 10.5533479172 10.5550137331 16.5387809586 16.5448096425 16.5584426455 16.5593945567 16.5795527962 16.5834152284 16.5909209013 16.5987892223 16.9510219629 16.9528550271 16.9583433628 16.9600442135 17.1714366304 17.1716471791 17.1723927996 17.1725669178 17.5849975912 17.6016198527 17.6109120231 17.6255817101 17.7726892038 17.7733579772 17.775201454 17.7758332267 17.9735925334 17.9809043143 17.9868817631 17.9896730568 17.9973735012 18.0018222253 18.0085811842 18.019248781 20.6632495799 20.6912004874 20.737782052 20.7383852231 20.7406915716 20.7411236804 20.7584839341 20.7631686275 20.8103035251 20.8182129269 20.8500224749 20.851420188 20.8578945703 20.8594782424 20.920601802 20.9515778559
306 3.4935670723 3.4961071241 3.5139764465 3.5156878552 3.5634726957 3.5655624599 3.5767045111 3.5782428078 3.9188037391 3.921082744 3.9229023183 3.9272347408 3.9664248611 3.9679969324 3.975757158 3.9769425645 4.3987840174 4.3993483339 4.4088377061 4.4090987173 4.4817529728 4.4823290764 4.487458645 4.487983439 5.2354117908 5.239185788 5.2438984176 5.2462237613 5.2558576011 5.2573405557 5.2608199841 5.2632183894 5.4929493731 5.4932170304 5.4951495929 5.4955628775 5.5045693248 5.5070939248 5.5090258068 5.5113388266 5.6823099638 5.6839162689 5.6867894989 5.6871426892 5.724629439 5.7270085361 5.7329181626 5.7353534862 6.2179175252 6.222146262 6.2225835331 6.2233139082 6.2246632365 6.2256531897 6.2353805058 6.2400209662 6.4755996648 6.4792826773 6.4867379074 6.4896967787 6.502340008 6.5048843899 6.5049556927 6.5080850674 6.8480430272 6.8505253569 6.8525982613 6.8551238545 6.8642756743 6.8654852177 6.8664536342 6.8673525545 7.6499475897 7.6510197909 7.6519581236 7.65283549 7.664131844 7.666381865 7.6699840802 7.6726211228 8.5821845755 8.5852714456 8.5861307639 8.5890695665 8.6303964884 8.6319776653 8.6328180228 8.6344048366 10.5462348038 10.5471489029 10.5472634011 10.547742668 10.5499476258 10.5510522333 10.5533479172 10.5550137331 16.5387809586 16.5448096425 16.5584426455 16.5593945567 16.5795527962 16.5834152284 16.5909209013 16.5987892223 16.9510219629 16.9528550271 16.9583433628 16.9600442135 17.1714366304 17.1716471791 17.1723927996 17.1725669178 17.5849975912 17.6016198527 17.6109120231 17.6255817101 17.7726892038 17.7733579772 17.775201454 17.7758332267 17.9735925334 17.9809043143 17.9868817631 17.9896730568 17.9973735012 18.0018222253 18.0085811842 18.019248781 20.6632495799 20.6912004874 20.737782052 20.7383852231 20.7406915716 20.7411236804 20.7584839341 20.7631686275 20.8103035251 20.8182129269 20.8500224749 20.851420188 20.8578945703 20.8594782424 20.920601802 20.9515778559
307 3.4636726759 3.4868839874 3.5216068919 3.533919165 3.5460927609 3.5511328798 3.5887400317 3.6101972559 3.9005757474 3.9180564282 3.9220602048 3.944516225 3.94878781 3.9701041631 3.9712577024 3.9987560978 4.3896503699 4.3993840283 4.4087398817 4.4186977308 4.473611381 4.4810691565 4.4889323344 4.4962602666 5.2204206407 5.2375468826 5.2399299506 5.2499728259 5.2527082057 5.2580249249 5.2688199967 5.2709833197 5.4642079715 5.4795127289 5.4882550727 5.5014399821 5.5033273092 5.5102393778 5.5243892508 5.5386364039 5.6775165716 5.6831576985 5.6872596773 5.6888912853 5.7191974802 5.7280064187 5.7319165118 5.7372979726 6.1932274501 6.1965019962 6.1986413387 6.2101456802 6.2476805677 6.2487049629 6.2513524929 6.2647830942 6.4712734952 6.4812157095 6.4841608896 6.4947311493 6.4959593866 6.4977052923 6.512360237 6.5160202317 6.8405010641 6.8476192308 6.8547258625 6.8573801128 6.8605428253 6.8618557456 6.8720667953 6.8756064435 7.6169219353 7.6334999026 7.647535429 7.6555118475 7.6650430327 7.6730575545 7.6852455522 7.699380648 8.5586345975 8.5686624512 8.5994619966 8.6061336133 8.6150741544 8.6177628249 8.6476215186 8.6613051379 10.5281486586 10.534495267 10.5430788344 10.5474122844 10.5502288706 10.5536017876 10.5666103301 10.5716179246 16.5353473744 16.5445848101 16.5538846159 16.5655599161 16.5753153618 16.5845513506 16.588650941 16.6072469288 16.9472709538 16.9534062948 16.9563893053 16.9658276636 17.167734786 17.1689009276 17.1746786508 17.1762968969 17.5796752958 17.6061154011 17.6080812554 17.6298090948 17.7626857347 17.7664663072 17.7827109928 17.7854012061 17.9656225627 17.9776975865 17.9869363165 17.9912216604 17.9977422075 18.0038455416 18.0099857383 18.0247589231 20.6428647176 20.7048343542 20.7087251068 20.7118783822 20.7299561917 20.7686315202 20.7741787952 20.7877844221 20.7911951218 20.8248393613 20.833511302 20.8410016614 20.8739097434 20.8857228789 20.9055713115 20.966799883
308 3.4284874055 3.4629662825 3.4984073407 3.5273621447 3.5462395111 3.5803916988 3.6112253858 3.6439421582 3.8747048979 3.9166673295 3.917373791 3.9238153265 3.9690949849 3.9699284781 3.9715995327 4.021864857 4.3796150276 4.3914890632 4.4174417366 4.4291160438 4.4642359551 4.4758319439 4.4950548784 4.5057831736 5.2010118511 5.2218564335 5.2335559647 5.2462983859 5.2557822521 5.271608564 5.2762891985 5.2811023988 5.4336215813 5.4504463335 5.4825620221 5.5028977019 5.5088819867 5.5147731368 5.5530684826 5.567162432 5.6701364507 5.6783628898 5.6890664113 5.6893122061 5.7102551408 5.7261702281 5.7291197997 5.7404905501 6.166011213 6.1703278208 6.1725219555 6.1826436005 6.2739857961 6.2747761391 6.2775428778 6.2913460239 6.4661059893 6.4752074571 6.4870041817 6.488294529 6.4916587376 6.5039335591 6.5212345479 6.5254161384 6.8313327755 6.8422663591 6.8456410518 6.8562384178 6.8628327708 6.8698003138 6.8778247367 6.8857801439 7.5831304083 7.6013675334 7.6410163199 7.6571580518 7.6590666756 7.6752435313 7.7191318303 7.7320486087 8.5308329863 8.5540042744 8.5794452805 8.6007916152 8.6157997134 8.6469607457 8.6641308615 8.6898981872 10.5083905232 10.5156568787 10.5382064993 10.5429245874 10.5525441605 10.5554639426 10.585181631 10.5891552588 16.5277564077 16.5434714882 16.5485360899 16.5693435644 16.5727982998 16.5826013093 16.5930810999 16.6206597984 16.9408939963 16.9539742037 16.9561609135 16.973749427 17.1632581714 17.1657974511 17.1770984061 17.1801573885 17.5703870359 17.5996836475 17.6174777676 17.6378444464 17.7523571797 17.7575941505 17.7915841086 17.7962738869 17.9546956723 17.9670855699 17.979202266 17.9931521506 17.9996528195 18.0091488452 18.0204621822 18.0336123681 20.6125499235 20.6708369597 20.6782821385 20.6987940721 20.7383354634 20.7631089302 20.796871998 20.7979302283 20.807853581 20.8105899717 20.8208782076 20.8664426413 20.8804330378 20.8968748491 20.913722904 20.9913320706
309 3.3915018642 3.4403130818 3.4616761079 3.5060118432 3.5695137229 3.6138752304 3.6335518489 3.6772119531 3.8472664969 3.887391526 3.9156598159 3.9257999727 3.9692269909 3.9722617192 3.9889291348 4.0434944282 4.3693317622 4.3841531001 4.4263614861 4.4397176098 4.4547247315 4.4711125194 4.5012843851 4.515474418 5.1805172847 5.2017099144 5.2299212113 5.2393306784 5.2624808212 5.2829747459 5.2840231018 5.2876172067 5.4027111344 5.4212708303 5.4792000755 5.5050933711 5.5157657919 5.5193823489 5.5807616916 5.5950946403 5.6609486882 5.6723395958 5.6877522872 5.689383815 5.69974678 5.7222410108 5.7245148921 5.7426411901 6.1388520581 6.1438296897 6.1471060154 6.1550640956 6.2996502073 6.3006673452 6.3035517772 6.3174387209 6.4614941833 6.4699466594 6.4798236213 6.4803376219 6.4988417034 6.5120828853 6.5303137326 6.5347203777 6.8224192342 6.8342054787 6.8399924493 6.8517765168 6.8679604254 6.8786073132 6.8836567904 6.8957872933 7.5495071648 7.5693374609 7.6329049691 7.6508841707 7.6580748006 7.6760377151 7.7531616652 7.7649317005 8.5040674019 8.5398031004 8.5540935714 8.5862372392 8.6322754602 8.6773295804 8.6811350713 8.7189281347 10.4882423503 10.4962443993 10.5325582709 10.5375683516 10.5540628804 10.5564256381 10.6033592634 10.6062832575 16.5188829474 16.5386434657 16.5436936906 16.5670373319 16.5774264036 16.5816879516 16.600726632 16.6353299288 16.9344359605 16.9547102333 16.9565344109 16.9822230057 17.1586920843 17.1626197533 17.1791412008 17.1836819639 17.5606154643 17.5921386508 17.6284964211 17.6470026304 17.7422040254 17.7487024276 17.8001762161 17.8076285316 17.9435292957 17.956438566 17.9694807034 17.9838909156 18.0094922214 18.0184277482 18.0314305995 18.0429966742 20.5810185479 20.6365069352 20.6468718691 20.6672194309 20.7316808455 20.7667107799 20.7736793141 20.7881679126 20.8264299 20.8405472316 20.84796014 20.8575506804 20.8923761281 20.9185995736 20.9415359424 21.0170627186
310 3.3535839796 3.4162803329 3.4263059037 3.485049962 3.5926863992 3.6458517933 3.6567188985 3.7096755573 3.8183310442 3.8559378413 3.9146794209 3.9279496844 3.9687542011 3.9729673066 4.007073319 4.0634992926 4.3590541889 4.3772807608 4.4354818978 4.445119129 4.4504667967 4.4666945377 4.5078208888 4.5250393298 5.1593104974 5.1801608362 5.2266648608 5.2321281396 5.2697271491 5.2889453769 5.291695695 5.2920913536 5.3717270086 5.392650139 5.4786913583 5.5101710518 5.5216603536 5.5235615621 5.6066746175 5.6221549662 5.6500745296 5.6653341417 5.6833174122 5.6877064642 5.6899216182 5.7162996043 5.7184594911 5.7432347652 6.1118839007 6.1171109455 6.1226021804 6.1277257166 6.3247579187 6.3260473149 6.3292034349 6.3429305667 6.4575532686 6.4654532553 6.4728019892 6.4730949407 6.5067086444 6.5203057325 6.539416561 6.5437118284 6.8141279244 6.8256367645 6.8361418038 6.8478865339 6.873015474 6.8868249159 6.8897528369 6.9054693097 7.5161326202 7.5375645757 7.6230889403 7.641530628 7.6572869516 7.6756184445 7.7871777303 7.7979279607 8.4785092975 8.5260814013 8.5299193154 8.5721730452 8.6491842148 8.6985218218 8.7080277496 8.7482420063 10.4677179516 10.4763612963 10.5261021287 10.5313468023 10.5547465176 10.5565044788 10.6211095685 10.6229756967 16.5098218123 16.5291083333 16.5417947558 16.566680918 16.5784360567 16.5837308744 16.6104401155 16.6506727506 16.9283385467 16.9555856826 16.9573030991 16.9910187854 17.1541010323 17.1594523193 17.180724598 17.1867895776 17.55091255 17.5846651995 17.6397964998 17.6568972009 17.7322609721 17.7397470189 17.8086571709 17.8192958391 17.9323539246 17.9458948387 17.9595436459 17.9741824069 18.0189219571 18.0275854591 18.0426896895 18.0526718789 20.5490311856 20.6021329343 20.6150426643 20.6352666277 20.7052433915 20.7386063314 20.7654768628 20.8012388876 20.8276359228 20.8543176473 20.8732198415 20.8806618067 20.9178902994 20.9406431504 20.9692268577 21.043054059
311 3.3150649678 3.3820342475 3.4011755193 3.4645056935 3.6157281755 3.6728856007 3.6839156507 3.7411969301 3.7879604607 3.8229927595 3.9139124878 3.9302265314 3.9683171366 3.9737200104 4.0237377508 4.0818664369 4.3489344783 4.3707381816 4.4356441752 4.445287135 4.4602284462 4.4628604037 4.5147437815 4.5343018823 5.1375965824 5.1575366217 5.2224750285 5.2253413512 5.2773404951 5.2876847286 5.2951947174 5.299841343 5.3410765201 5.3652209303 5.4815675479 5.5179941595 5.5255446488 5.5273585017 5.628655553 5.6374618443 5.6479199625 5.657666216 5.6723878332 5.684931594 5.6859460393 5.7078037327 5.7117658989 5.742206952 6.0851299009 6.0904559224 6.0989256372 6.1012510106 6.3492820497 6.3507624913 6.3542581349 6.3676874423 6.4543216651 6.4616581413 6.466190666 6.4667499105 6.5148062891 6.5283560701 6.548355856 6.5522192515 6.8068253578 6.8180652513 6.8330992993 6.8447265794 6.8779406345 6.8936272935 6.8967383419 6.9147314585 7.483084701 7.5061159756 7.6115252863 7.6305300401 7.655313986 7.6740581568 7.8211452323 7.8310049631 8.4543039056 8.5069799713 8.512940524 8.5586118482 8.6664887003 8.7163854176 8.7387885305 8.7777012199 10.4468254642 10.4560304601 10.5188370679 10.5242614935 10.554575851 10.555718224 10.6383366818 10.6393093125 16.5009879223 16.5189935445 16.5401959105 16.5672084623 16.5779204096 16.5869333967 16.6213393901 16.6664454039 16.9227276496 16.9563519814 16.9586620867 17.000031481 17.1495381861 17.1563691648 17.1817785026 17.1894039092 17.5414130754 17.5774354696 17.651055394 17.6675536859 17.7225336811 17.7307134257 17.8170748579 17.831227596 17.9212677654 17.9355293945 17.9494053074 17.9642541076 18.027750374 18.0365841486 18.0540550644 18.0626487125 20.5168019291 20.5677863828 20.5828197408 20.6029797003 20.677820033 20.7091983068 20.7429841726 20.8017385011 20.8298402979 20.8813063981 20.9021973266 20.9117781236 20.9431130033 20.9630738318 20.996697231 21.0690704685
312 3.2761187698 3.3432309115 3.3807106455 3.444395688 3.638616556 3.695520373 3.7144069174 3.7561333567 3.7717011298 3.788741438 3.9133923117 3.9326042554 3.967905779 3.9745411225 4.0389698369 4.098619972 4.3390602789 4.3644283331 4.4266051455 4.4550399781 4.4581842758 4.4707082604 4.5220957809 4.54310823 5.1155182443 5.1340729929 5.2136139054 5.2212549676 5.2818930576 5.2857466207 5.2945079141 5.3073451985 5.3119452663 5.3399307307 5.4879158742 5.5258588551 5.5288790579 5.5305195503 5.6234831368 5.6411113803 5.6489015697 5.6567929866 5.6738866196 5.6809380375 5.6898881302 5.697549277 5.7044709029 5.7396250913 6.0585228937 6.0641764883 6.0747162452 6.0777756869 6.3730521791 6.3747381436 6.378462238 6.3915495244 6.4517208764 6.4584632415 6.4599412233 6.4615476343 6.5228994236 6.5360258779 6.5569414408 6.5601140874 6.8009344761 6.8120539182 6.8308721886 6.8424298403 6.8826854999 6.8992849102 6.9042059979 6.9235023211 7.4504464803 7.4750511797 7.5981985161 7.617888956 7.6522042756 7.6714178891 7.8550449568 7.8641446934 8.4315746142 8.4855136676 8.5002648082 8.5455539663 8.6841672497 8.7346539942 8.7695312356 8.8071777611 10.4255723095 10.4352651965 10.5107650526 10.5163164515 10.5534709118 10.5541459326 10.6545799962 10.6557333948 16.4925819718 16.5092067653 16.5386980518 16.5680684804 16.5773905321 16.5901586596 16.6328464352 16.6824994212 16.9176639115 16.9568773199 16.9607166711 17.0091843867 17.1450507416 17.1534366811 17.1822410239 17.1914503654 17.5321633672 17.5705332721 17.66205735 17.6790566554 17.713030091 17.7215982867 17.8254512899 17.8433985983 17.9103359778 17.9253886794 17.9390503082 17.9541567109 18.0359870485 18.0454001658 18.0653587604 18.0729767157 20.4844406862 20.5335189406 20.5502381088 20.5703963011 20.6499928039 20.6795576684 20.720415935 20.7756786582 20.8579733906 20.9075259588 20.9288031725 20.9440465153 20.9677194328 20.9863122238 21.0239059296 21.095015978
313 3.2368663614 3.3034545302 3.3614315067 3.4247575765 3.6612916775 3.7169313508 3.7230525826 3.7446207577 3.7531735889 3.801321145 3.9131623754 3.9350558577 3.9675080719 3.9754595766 4.0528353504 4.1138055265 4.3294829804 4.3582742179 4.417699083 4.453927735 4.4654949234 4.4800282948 4.5299046766 4.5513054363 5.0931831295 5.1099534996 5.2013406257 5.2156861521 5.2731413915 5.2850967195 5.2904375814 5.2936106034 5.3147049899 5.3186401103 5.4973063984 5.5249416611 5.5308553994 5.5408946985 5.6084711342 5.638640475 5.6400405596 5.6430384937 5.675212086 5.6803614973 5.6961960279 5.7005885578 5.7053654816 5.7356351272 6.0320334488 6.0386899226 6.0510112364 6.0571371021 6.3956478942 6.39799047 6.4015472098 6.4143383036 6.4494385745 6.4538519747 6.4558518888 6.4579421144 6.5307562443 6.5431452132 6.5650203123 6.5673309178 6.7969367996 6.8081170834 6.8295563824 6.8411128898 6.8872042908 6.9044592302 6.9113872627 6.9317260154 7.4183071198 7.4444304937 7.5831214523 7.6036194011 7.6480178614 7.6677521998 7.8888657048 7.8973357397 8.4104192806 8.4655422746 8.4881257877 8.532994607 8.7022015955 8.753313272 8.8001305303 8.8365541002 10.403966103 10.414077221 10.5018887291 10.5075168691 10.5511744163 10.5520445638 10.6699206495 10.6721582201 16.4847255616 16.5000621824 16.5373425892 16.5690224057 16.5769951039 16.593448673 16.6446501458 16.6987226595 16.9131858289 16.9571869202 16.9634187771 17.0184093513 17.1406805856 17.1507128399 17.1820586431 17.1928574215 17.5231843257 17.5640174063 17.6727059258 17.6912968975 17.7038756402 17.7124079768 17.8338010212 17.8557878974 17.8996061564 17.9155011479 17.9284697227 17.9439208056 18.0437157793 18.0539738812 18.0764738416 18.0836775504 20.4520243498 20.4993763214 20.5173367742 20.5375540513 20.621872792 20.649746261 20.6977956259 20.7496394071 20.8854865582 20.9329201973 20.9538331551 20.9763561674 20.9913862592 21.0107925953 21.0508264678 21.1208387258
314 3.1974083098 3.263135416 3.3430242017 3.4056386448 3.683607017 3.6887990611 3.7157657483 3.7378833812 3.774643416 3.8296374104 3.9132863955 3.9375509783 3.9671092015 3.9765148518 4.065417082 4.1274863177 4.3202326783 4.3522075993 4.4089987801 4.4497710105 4.476140993 4.4887708216 4.5381900988 4.5587367923 5.0706761904 5.0853283096 5.1851317654 5.2040045384 5.2595405742 5.2686322424 5.282431777 5.3000540699 5.3019764473 5.3227095654 5.5089533123 5.5205091221 5.5287264523 5.5540292532 5.5927050735 5.6264163414 5.6292325412 5.6309121971 5.6657922063 5.6686343423 5.6878286631 5.7207814001 5.7253048775 5.7306038394 6.0059009519 6.0145955743 6.0293987301 6.0385071413 6.4164955367 6.420207329 6.4233881122 6.4358423084 6.44677191 6.4483211605 6.4534610022 6.4565325194 6.5381951514 6.549609097 6.5725420045 6.573906737 6.7953455875 6.806757949 6.8292489924 6.8408661741 6.8914563001 6.9092723671 6.9180736378 6.9393587254 7.386761496 7.4143165299 7.5663376858 7.587756253 7.6428121353 7.6631099789 7.9226022807 7.9305710281 8.3909066246 8.4471337492 8.4765180938 8.5209249191 8.7205753316 8.7723455097 8.8304764871 8.8657232911 10.3820150129 10.3924785477 10.4922109997 10.497868684 10.5477750541 10.549325894 10.6847138668 10.6882214169 16.4775049223 16.4917178624 16.5361878698 16.5699547325 16.5767435132 16.5968864608 16.6565723157 16.7150199867 16.9093206016 16.9572748539 16.9667498361 17.027641025 17.136464422 17.1482460944 17.1811866115 17.1935588462 17.5144895886 17.5579362199 17.6830082737 17.6939800592 17.7031708624 17.705274784 17.8421356916 17.8683740547 17.8891117372 17.9058802591 17.917665142 17.9335791841 18.0510307107 18.0622560456 18.0873453061 18.0946984656 20.4196154645 20.4654018172 20.4841570492 20.5044923697 20.5935140949 20.6197978037 20.6751391463 20.7236964824 20.9122847089 20.9574583929 20.9775668908 21.007888433 21.0144921873 21.0365924464 21.0774383669 21.1465056155
315 3.1578367213 3.2224301349 3.3254556877 3.3870909549 3.6532193723 3.6776941063 3.7056701614 3.758232228 3.8031659236 3.8567561672 3.913869837 3.9400548672 3.966690811 3.9777609134 4.0768169279 4.1397423797 4.3113260179 4.3461633 4.4005131434 4.445491873 4.4869775326 4.4969655981 4.5469658504 4.5652418601 5.0480660655 5.0603269965 5.1645875649 5.182935352 5.2470160012 5.2590813014 5.2722338827 5.2882186062 5.3093685999 5.3291392563 5.5124791252 5.5219746066 5.522891583 5.5675831652 5.5767961404 5.6113192221 5.6136965411 5.6214368985 5.6482688373 5.6611871392 5.6789126394 5.7241419448 5.7396025666 5.7459859795 5.9807560456 5.9927698876 6.0102905578 6.0220570578 6.4349083711 6.439186205 6.4424478943 6.4443838392 6.4450422277 6.4511956118 6.4555001859 6.4582826611 6.5451730239 6.5554278498 6.5795288445 6.5801461304 6.7966482513 6.8084101214 6.8300275671 6.841743556 6.8954056975 6.9137223922 6.9241972413 6.9463665722 7.3559092181 7.3847741877 7.5479227054 7.5703602145 7.636640374 7.6575348696 7.9562542695 7.9638466901 8.3730740871 8.4303215396 8.4654384946 8.5093323747 8.7392736449 8.7917326745 8.8604710842 8.8945889 10.3597279953 10.3704821569 10.4817349165 10.4873784028 10.5434522776 10.5458118563 10.6990152221 10.7038613126 16.4709873554 16.4842701189 16.5352917371 16.5708033253 16.5766265655 16.6005293217 16.6684971325 16.7313055959 16.9060876082 16.9571070855 16.9707160471 17.0368148897 17.1324338004 17.1460743665 17.1795891455 17.1934963282 17.5060924781 17.5523307769 17.6851866736 17.6918616157 17.6951160905 17.7189747378 17.8504653648 17.8788637516 17.8811418475 17.8965212428 17.9066531452 17.9231748497 18.0580081091 18.0702280223 18.0979836314 18.1059173038 20.3872686499 20.4316375169 20.4507421145 20.4712533194 20.5649578218 20.5897401652 20.6524656271 20.6978889491 20.9383118285 20.9811190934 21.0001378077 21.0338884714 21.0419035881 21.063394391 21.1037244152 21.1719934021
316 3.1182402253 3.1814487015 3.308744252 3.3691691439 3.6166282228 3.6385027781 3.7271093694 3.7780637116 3.8304564928 3.8824619169 3.9151439868 3.9425279628 3.9662307526 3.979271521 4.08715995 4.1506713689 4.3027706631 4.3400763341 4.3922409476 4.441032617 4.4973162974 4.5051687827 4.5562395003 4.5706589004 5.0254068711 5.0350695086 5.1403110511 5.1553096513 5.2343622006 5.2548310939 5.2608650617 5.2807581533 5.316459832 5.3345235463 5.5008168883 5.512545156 5.5353607475 5.5611220438 5.5808754151 5.5935206271 5.5975874705 5.6120676111 5.628807999 5.6534843871 5.6697414602 5.7175486731 5.7545966052 5.7645662756 5.9576922659 5.974492987 5.993919163 6.0080085332 6.435783904 6.4409764616 6.4505275705 6.4512534627 6.4553274994 6.4584089593 6.4660426369 6.4757422378 6.551875508 6.5608146027 6.5857015886 6.5871058202 6.8012253828 6.8133548673 6.8319448172 6.8437549908 6.8990211589 6.9177865483 6.9297251145 6.95272413 7.3258531492 7.3558700622 7.5279830363 7.551517644 7.6295518288 7.6510657419 7.9898248239 7.997161141 8.3569276344 8.4151097039 8.4548807795 8.4982011609 8.7582833125 8.811456963 8.8900273704 8.923064751 10.3371149934 10.3481023191 10.4704636574 10.4760530044 10.5382448526 10.5414660822 10.7128366584 10.7190608111 16.465228172 16.4777847216 16.5347097059 16.5715326664 16.5766323789 16.6044169615 16.6803403188 16.7474996101 16.9034996994 16.956642287 16.9753268384 17.0458665359 17.1286151301 17.1442241832 17.1772393656 17.1926222676 17.498009293 17.5472344669 17.6763298807 17.6841081451 17.7034922516 17.7334301418 17.8587984011 17.868885433 17.8873849085 17.8940450967 17.8954822562 17.9127664331 18.0647036717 18.0778958417 18.10841618 18.1171961798 20.3550332233 20.398124803 20.4171369185 20.4378820647 20.5362412583 20.5596000013 20.6297969612 20.6722449558 20.963528781 21.0038907298 21.0216498283 21.0552684738 21.0729173346 21.0908069322 21.1296697451 21.1972846985
317 3.0787062545 3.1402902136 3.2929226136 3.3519292562 3.5790240927 3.5983161848 3.7478450257 3.7972655188 3.856332449 3.9056129061 3.9183069735 3.9449259474 3.9657037025 3.9811482337 4.0966002489 4.1603906694 4.2945680955 4.3338804089 4.3841767143 4.4363194185 4.5054238475 4.5149960996 4.566002752 4.5748358155 5.0027312046 5.0096818241 5.1134349701 5.1248109627 5.2196702297 5.2450877202 5.258097199 5.2771011348 5.3224078989 5.3382987117 5.485605444 5.4976837874 5.5459354715 5.5478826612 5.5722835419 5.5821862795 5.5925649999 5.6029713536 5.6082141567 5.6462910373 5.660478337 5.7111057447 5.7642257116 5.7792620849 5.9385249351 5.9614478066 5.9804443859 5.9965258484 6.4299178883 6.4370217587 6.451475402 6.4611836877 6.4627252679 6.4662001018 6.4861431385 6.4928542679 6.5587129991 6.5663260474 6.5920919314 6.5949566586 6.8092714958 6.8216368934 6.8350547126 6.8468656756 6.9022754913 6.9214397666 6.9346389901 6.958413329 7.2966974311 7.3276715288 7.5066533101 7.531338399 7.6215922231 7.6437372635 8.023319186 8.0305140358 8.3424435636 8.4014748219 8.4448357952 8.487512802 8.7775927557 8.8315010683 8.9190688099 8.9510745319 10.3141871266 10.325354801 10.4584005284 10.4638998747 10.5321658714 10.5362789666 10.7261835772 10.7338103165 16.4602738419 16.4723091937 16.5344949637 16.5721223711 16.5767495387 16.6085789593 16.6920353691 16.7635265002 16.9015637281 16.9558395016 16.9805868172 17.0547314128 17.1250297014 17.142709951 17.1741190083 17.1909024985 17.4902611396 17.542671438 17.6675664264 17.6746985345 17.7134437403 17.7483501817 17.859135313 17.8671486901 17.878334297 17.8842916552 17.9024323841 17.907079161 18.0711576078 18.0852781012 18.1186535209 18.1284205687 20.3229543784 20.3649045715 20.3833881386 20.4044271478 20.507400358 20.5294042663 20.6071570949 20.6467880949 20.9879075036 21.025772579 21.0421939088 21.0758131888 21.1038683999 21.1185304315 21.1552615888 21.2223656742
318 3.0393221551 3.0990520187 3.278027942 3.3354279662 3.5404941295 3.5572333886 3.7676578705 3.8157123762 3.8805770138 3.9167411695 3.9329210564 3.9472015951 3.9650851082 3.983534911 4.10532827 4.1690407521 4.2867154981 4.3275071342 4.3763126955 4.431270586 4.5108227269 4.526810864 4.5759196073 4.5779427485 4.9800037958 4.9843480619 5.0850234915 5.0931744125 5.2035969925 5.230308089 5.2617274202 5.2763124706 5.3264125797 5.3396985263 5.4673036461 5.4789635566 5.5305065303 5.5493127459 5.5578480233 5.5665213334 5.5856740733 5.5931613767 5.6038486008 5.640986853 5.651311041 5.7058820313 5.7670205109 5.7872736575 5.9260254725 5.9552499378 5.9699424374 5.9876798704 6.4237646675 6.4324357236 6.4531119948 6.4650027059 6.4701287049 6.4722389085 6.5041657246 6.507450492 6.5662087599 6.5729522162 6.5997644059 6.6039961352 6.8207413252 6.8327975887 6.8396892753 6.8510064436 6.905145328 6.9246590723 6.9389296256 6.9634226161 7.2685450028 7.3002455868 7.4840915568 7.509952152 7.6128044073 7.6355805472 8.0567426883 8.063904851 8.3295720319 8.389368945 8.4352924849 8.4772472095 8.7971920938 8.8518483771 8.9475286216 8.9785513038 10.2909568742 10.3022570246 10.4455489774 10.4509267542 10.5252240606 10.5302464323 10.7390601915 10.748102449 16.4561634656 16.4678782351 16.5346984228 16.5725616656 16.5769679584 16.6130388811 16.7035270362 16.7793143428 16.9002807916 16.9546608543 16.9864928132 17.0633447814 17.121693721 17.1415333202 17.1702179664 17.1883187074 17.4828750489 17.538654872 17.6589009922 17.665221194 17.7234555367 17.7636171523 17.84959069 17.8688880845 17.8735673516 17.8755148593 17.8922787179 17.9202049226 18.0773996713 18.0923969548 18.1286867613 18.1395050996 20.2910737134 20.3320173261 20.3495441251 20.3709406834 20.4784705128 20.4991807739 20.5845715243 20.6215399352 21.0114285526 21.0467746375 21.0618500766 21.0959038379 21.1344035404 21.1463570718 21.1804892942 21.2472243872
319 3.0001757401 3.0578327924 3.2640981087 3.3197218708 3.501124991 3.5153524346 3.786273574 3.8332487453 3.9028101388 3.9213537543 3.9492661083 3.9536780434 3.9643996 3.9866552418 4.1135782162 4.1767895732 4.2792070798 4.3208856558 4.3686399366 4.4257971758 4.5143412709 4.5396695243 4.5784877766 4.5873121678 4.9568234804 4.9596120037 5.0558818786 5.0611647304 5.1865580524 5.2143589305 5.2672071365 5.2777139616 5.3272308632 5.3376670232 5.4464643615 5.4573917521 5.5139912513 5.5260853578 5.5498102363 5.5629337583 5.5643975231 5.584672796 5.6091716632 5.6390123746 5.6430211175 5.7033097468 5.7626375554 5.7859986125 5.9228589255 5.9564241099 5.9624052848 5.9814340033 6.4173035972 6.427146416 6.4557665721 6.4695716289 6.4728013026 6.4739914247 6.5180592458 6.519225712 6.5752765842 6.5815855462 6.6095861784 6.6143905338 6.8352028655 6.8428203894 6.8496820863 6.8561363753 6.9076109745 6.9274247962 6.9425946543 6.9677462964 7.2414946403 7.2736575105 7.4604732558 7.4875036505 7.603229081 7.6266238494 8.0900977847 8.0973307575 8.3182417988 8.3787235348 8.4262400827 8.4673844737 8.8170731768 8.8724831304 8.9753491087 9.0054369541 10.2674382567 10.2788282042 10.431912613 10.4371416934 10.5174275089 10.5233662753 10.7514707904 10.7619308726 16.452929449 16.4645163101 16.5353686007 16.5728464893 16.5772792132 16.6178163792 16.7147680535 16.7947944938 16.8996463625 16.953072632 16.9930326215 17.0716417651 17.1186183591 17.1406825333 17.1655337232 17.1848703972 17.4758846493 17.5351856723 17.6503237023 17.655742463 17.7335273195 17.7791235899 17.8401914271 17.858221169 17.8641433065 17.8824227191 17.8839173635 17.9333947814 18.0834526083 18.0992732561 18.1384958284 18.1503861681 20.2594294099 20.2995032061 20.3156548141 20.3374785327 20.4494868263 20.4689583924 20.5620669485 20.5965212733 21.0340797682 21.0669160867 21.0806885463 21.1155975702 21.164432372 21.1741411618 21.205344424 21.2718493802
320 2.9613555607 3.0167337209 3.2511697466 3.3048665743 3.4610039227 3.472774578 3.8033616071 3.8496879596 3.9211679869 3.9284751814 3.9511456672 3.9631888125 3.9733700301 3.9909838571 4.1216323108 4.1838372584 4.2720350164 4.3139426149 4.3611489572 4.4198028815 4.5162682823 4.5531549383 4.5778830693 4.598603645 4.9323658762 4.9364359175 5.0265911321 5.0292104809 5.1687783068 5.1976210412 5.2738874393 5.2808688771 5.3230215314 5.3308622869 5.4236003445 5.4337707776 5.4959380852 5.504384422 5.532135639 5.543901604 5.5617228486 5.5763693323 5.6096417886 5.6326803381 5.6447961849 5.7046481039 5.7523515122 5.775682705 5.9288715041 5.957522303 5.9641174138 5.9776553477 6.4104731194 6.4210794464 6.4593638263 6.4707517037 6.4724307355 6.4750188996 6.5255947365 6.5286339735 6.5871859525 6.5922455094 6.6218328195 6.6260846756 6.8477719661 6.8541856212 6.8618203133 6.866953344 6.9096567063 6.9297208876 6.9456376344 6.9713840092 7.2156375996 7.2479693511 7.4359847912 7.4641474422 7.5929055462 7.616893295 8.1233791723 8.130783178 8.3083655697 8.3694539753 8.4176723586 8.4579080008 8.8372295932 8.8933905529 9.0024809902 9.0316816202 10.2436470134 10.2550894727 10.4174952259 10.4225530128 10.5087846257 10.5156372805 10.763420147 10.7752899921 16.4505977868 16.4622389502 16.5365513528 16.5729779579 16.5776766359 16.6229282006 16.725717388 16.8099014763 16.8996503845 16.9510457609 17.0001843768 17.0795574627 17.1158097965 17.1401315114 17.1600707479 17.180576475 17.4693304791 17.5322519081 17.6418166554 17.6463153754 17.7436744391 17.7946972274 17.8309245608 17.8465499951 17.8558236167 17.8730412169 17.8923339263 17.9466169997 18.0893342795 18.1059245067 18.1480565487 18.1610144297 20.22805619 20.2674019677 20.2817716201 20.3041004913 20.420484251 20.4387670873 20.5396710168 20.5717528268 21.055855427 21.0862226594 21.0987703225 21.1348799882 21.1938980574 21.2017787 21.2298208687 21.2962284354
321 2.9229510198 2.9758589567 3.2392766268 3.2909150191 3.4202182687 3.4296076393 3.8185677673 3.8648194551 3.9308501846 3.9434231643 3.9527638773 3.9621236109 3.9889300397 3.9984496924 4.1298157368 4.1904192733 4.2651901026 4.3066024342 4.353830201 4.4131841073 4.5166213565 4.5669725376 4.5754620802 4.6104346821 4.9074225461 4.9141608986 4.9971963186 4.9980196079 5.1504061052 5.1802752719 5.2814005986 5.285528851 5.3115410438 5.3178834384 5.3991238877 5.4086098476 5.4764411366 5.4862239542 5.5138450802 5.5253184145 5.5547804345 5.56852387 5.6049393223 5.6240938592 5.6536139338 5.7099692348 5.7383068514 5.7593768895 5.9410334315 5.9554849255 5.9754430188 5.9768625027 6.4032154944 6.4141745325 6.4637055983 6.4656400833 6.4681889714 6.4808639154 6.5293608015 6.5335307691 6.6010233514 6.6053747405 6.6353430853 6.6395868493 6.8548470359 6.867379743 6.8749676507 6.8866770255 6.9112736729 6.9315349953 6.9480677916 6.9743403162 7.1910540275 7.2232383489 7.4108169317 7.4400425666 7.5818724682 7.6064136156 8.1565648925 8.1642417432 8.299845365 8.3614642102 8.4095960073 8.4488103004 8.8576566493 8.9145569543 9.0288827483 9.0572431067 10.2196007747 10.2310639981 10.4023008129 10.4071692674 10.4993044632 10.507058978 10.7749136802 10.7881748968 16.4491881581 16.4610534316 16.5382895089 16.5729615894 16.5781552632 16.6283886017 16.7363392565 16.8245729806 16.9002773564 16.9485560346 17.0079161721 17.087027119 17.1132692407 17.1398380261 17.1538399342 17.1754771007 17.4632599503 17.5298291572 17.6333453828 17.6370140114 17.753905954 17.8093642678 17.8225367075 17.8344492381 17.8481077925 17.8642506861 17.9007956895 17.9598394069 18.0950589233 18.1123642821 18.1573446507 18.1713498389 20.1969851101 20.2357529031 20.2479473469 20.2708705161 20.3914976993 20.4086379009 20.5174121355 20.5472556326 21.076755653 21.1047235997 21.116147198 21.1537093975 21.2227475319 21.2291966923 21.2539149893 21.3203474862
322 2.8850523933 2.9353157367 3.2284471656 3.277913333 3.3788540109 3.3859735526 3.8315997506 3.8784319054 3.9395349589 3.9535934209 3.9588664661 3.9609542652 3.9981267548 4.0115828858 4.1384736866 4.1968046337 4.2586621519 4.2987879962 4.3466742977 4.4058306126 4.5153402276 4.5700891735 4.582043533 4.622768244 4.8826331385 4.8922720425 4.9663407872 4.9695833543 5.1315531203 5.1624501307 5.2890780413 5.2911114465 5.291820613 5.2978788253 5.3733467899 5.3822073835 5.4555733063 5.4732324181 5.4949240761 5.5095021758 5.5440297946 5.5613303903 5.5961539253 5.6155780422 5.6651370051 5.7181082012 5.7225636926 5.7401590416 5.9532071241 5.9590809616 5.9764265621 5.9912584729 6.3954844045 6.4063921634 6.4581029456 6.4617243931 6.4691547822 6.4872696281 6.5303847435 6.5350609758 6.61364138 6.622366033 6.6481124757 6.6558439021 6.8618900211 6.8745280194 6.8971460269 6.9085757955 6.9125490702 6.9328589045 6.9499010937 6.9766244231 7.1678093807 7.1995153361 7.3851588362 7.4153476272 7.5701686352 7.59520889 8.1895982387 8.1976625996 8.2925774793 8.3546511246 8.4020483219 8.4401044737 8.8783513209 8.9359698031 9.0545200047 9.0820863094 10.195319229 10.2067770945 10.386333601 10.3909992143 10.4889968476 10.4976315938 10.7859575253 10.800581387 16.4487139358 16.4609591351 16.5406224552 16.5728068644 16.5787117979 16.6342094362 16.7466025373 16.8387499222 16.9015063982 16.9455842515 17.0161857383 17.0939863717 17.1109928156 17.1397389448 17.1468582099 17.1696379633 17.4577269333 17.5278817063 17.6248420552 17.6279548026 17.7642144004 17.8095582529 17.8219675545 17.828424569 17.8410003519 17.8561785425 17.9092983132 17.9730294005 18.1006378996 18.118602309 18.1663376645 18.181358709 20.1662432255 20.2045946039 20.2142362278 20.2378570001 20.3625621581 20.3786029116 20.4953193129 20.5230512693 21.0967859727 21.1224489271 21.132861694 21.1720344734 21.2509236862 21.2563465597 21.2776259381 21.3441897251
323 2.8477507848 2.8952143126 3.2186983093 3.265886359 3.3369920514 3.3420322033 3.8423478616 3.8903572449 3.9497094701 3.9545756666 3.9589807417 3.971938044 4.0059175871 4.0252228081 4.1479246189 4.2032839819 4.2524401272 4.2904218289 4.3396721433 4.3976270666 4.5123355053 4.5631262155 4.5968009538 4.635585497 4.8581936877 4.8706849409 4.9360651321 4.9424377694 5.1123109644 5.1442490654 5.2617580287 5.2702426248 5.2969440082 5.2998819299 5.346506689 5.354744578 5.433464981 5.4653140913 5.4750398763 5.4969077112 5.5309474142 5.5548615849 5.5844784605 5.6074138755 5.6776906088 5.706695942 5.719969854 5.7278273522 5.9562349156 5.975244045 5.9786988346 6.0078875681 6.3872479774 6.3977176951 6.4493901344 6.4539239552 6.4750668814 6.4941119182 6.5294915355 6.5345140262 6.62538631 6.6413199485 6.6601434316 6.6738840493 6.8691859796 6.8817239052 6.9130283181 6.9215920799 6.9324789217 6.9337228181 6.9511718566 6.9782502715 7.1459511662 7.1768432257 7.3591929163 7.3902165371 7.5578337125 7.5833032829 8.2223463262 8.23095313 8.2864568919 8.3489084193 8.3951381721 8.4318493097 8.8993121798 8.9576177755 9.0793649285 9.1061826579 10.1708242796 10.182256325 10.3695980742 10.3740517851 10.47787244 10.4873560733 10.7965585647 10.8125060306 16.4491821631 16.4619477449 16.5435856806 16.5725268858 16.5793446914 16.6404000674 16.7564803895 16.8523765281 16.9033112345 16.9421163959 17.0249400428 17.100371607 17.1089710493 17.1391486265 17.1397352763 17.1631645811 17.4527909171 17.5263644188 17.6162210216 17.6192823988 17.7745265824 17.8000245984 17.809601948 17.8334110449 17.8440390816 17.849286126 17.9178444403 17.9861542905 18.1060801271 18.1246447733 18.1750156987 18.1910120006 20.1358531645 20.1739640584 20.1806946185 20.2051330851 20.3337128073 20.348695191 20.4734220289 20.4991619657 21.1159569322 21.1394274434 21.1489473876 21.1898034535 21.2783692086 21.2831924398 21.3009565871 21.3677349529
324 2.8111380297 2.8556677526 3.2100142259 3.2547551121 3.2947092644 3.2980838389 3.8509578922 3.9005261601 3.9543422304 3.9569404155 3.9621113766 3.9821645733 4.014489931 4.0369588368 4.158396796 4.2101423603 4.2465118769 4.2814280143 4.3328147767 4.3884558561 4.5075046179 4.5535886804 4.6120526657 4.6488674995 4.8342126382 4.8493815798 4.9068051035 4.9166836652 5.0927597928 5.1257616615 5.2249688362 5.2363284232 5.3046569379 5.3090300763 5.3188140667 5.3263833946 5.4105378492 5.4535610876 5.4615579907 5.4865253513 5.5164115704 5.5491287519 5.570809743 5.5997694687 5.6902325212 5.6920402347 5.7004078346 5.7378050677 5.9596878413 5.9817695055 5.9939059845 6.0254430752 6.3784904458 6.3881638031 6.4399464724 6.4453577661 6.4815951224 6.5013125414 6.5273235694 6.5327193796 6.6365444724 6.6609745722 6.6716371664 6.6928278692 6.8766478063 6.8890680438 6.9133210119 6.9339905721 6.9474734981 6.951780527 6.9579937904 6.9792395175 7.1255063468 7.1552556991 7.33309072 7.3647950969 7.5449089923 7.5707217819 8.2544905975 8.2639095901 8.2813829339 8.344129888 8.389153477 8.4242110348 8.9205392951 8.9794907794 9.1033956811 9.1295095829 10.1461401922 10.1575315957 10.3520989993 10.356336062 10.465942769 10.4762341381 10.8067244329 10.8239462249 16.4505935207 16.46400337 16.5472102793 16.5721381156 16.5800543221 16.6469671953 16.7659499817 16.8654004267 16.9056598691 16.9381441289 17.0341146187 17.1061199533 17.1071873983 17.1307420474 17.1396339623 17.1562601343 17.448515683 17.5252249876 17.6074895977 17.6110593296 17.7837235474 17.7906159879 17.7972047071 17.8273496585 17.8417994555 17.8605455721 17.926435943 17.9991816468 18.1113923417 18.1304946728 18.1833616762 18.2002843114 20.105832671 20.1438903663 20.1473870661 20.1727769701 20.3049851373 20.3189487655 20.4517501227 20.475610634 21.1342837105 21.1556855855 21.1644296879 21.2069690089 21.3050454497 21.309685473 21.3239162659 21.3909592051
325 2.7753065489 2.8167916359 3.20222975 3.2427545465 3.2524982827 3.2558477204 3.8577839789 3.9090060003 3.9534661538 3.9551345332 3.9749475975 3.9899519295 4.0241152911 4.0462995683 4.1699739689 4.2176162574 4.2408630873 4.271735326 4.3260929747 4.3782014801 4.500742981 4.5414823949 4.6276644811 4.6625926419 4.8107658944 4.8283441081 4.8788064666 4.8925624631 5.0729734915 5.107069993 5.1824554915 5.1968892875 5.2903456468 5.2970859588 5.3131203567 5.3186737057 5.3872325936 5.4323272905 5.4584032664 5.4767731108 5.5009156624 5.5440657297 5.5558609256 5.5927053321 5.6793457715 5.6821842062 5.7025195559 5.7475277111 5.9642819191 5.9862931188 6.012640233 6.0434520988 6.3692130282 6.3777714649 6.430279274 6.4365511181 6.4886429056 6.5088020011 6.5243483824 6.5301882345 6.6470430033 6.6802571679 6.683165616 6.7122484962 6.8841562285 6.8964732255 6.9131101422 6.9338224128 6.9518876198 6.9748886802 6.9795729436 6.984550151 7.1064797445 7.134776213 7.3070098663 7.3392184499 7.5314381386 7.5574909354 8.2772100787 8.2852502796 8.2960459375 8.3402123656 8.3848847454 8.4176386694 8.9420341117 9.0015799556 9.1265959006 9.1520500119 10.1212937289 10.1326352408 10.3338414531 10.3378612585 10.4532202501 10.4642683586 10.8164635039 10.8349002564 16.4529422988 16.4671026271 16.5515223077 16.5716603024 16.5808432344 16.6539146555 16.7749922754 16.8777727125 16.9085130538 16.9336665295 17.0436322577 17.1056054274 17.1111735858 17.1216862364 17.1388564318 17.1495174706 17.4449674344 17.5244062808 17.5987785096 17.6032355072 17.7772504556 17.7844095109 17.796746523 17.8216881263 17.8358043886 17.876476917 17.9350739007 18.012079629 18.1165792508 18.1361521445 18.19136132 18.2091532638 20.0761942234 20.1140191855 20.114761645 20.1408721191 20.2764150564 20.2893985827 20.4303336919 20.4524208517 21.1517856698 21.1712470002 21.1793269123 21.2234905786 21.3309505175 21.3357346079 21.3465290762 21.413834669
326 2.7403491486 2.7787036438 3.1932812221 3.2078319049 3.2118301624 3.2382499225 3.8632617567 3.9159926025 3.9509811899 3.9537807012 3.9867690785 3.9969927151 4.0347225193 4.0531404703 4.1825802008 4.2258440016 4.2354746514 4.2612832997 4.3194963236 4.3667568614 4.491958754 4.5268035152 4.6435859086 4.6767356635 4.7879004071 4.8075371178 4.8522995533 4.8702550007 5.0530230119 5.0882526721 5.1355940237 5.1529488991 5.2614006169 5.2673435071 5.3219358911 5.3284697062 5.3639357968 5.4107283537 5.4549495263 5.4662818372 5.4847590639 5.5376147516 5.542136761 5.5862386243 5.6661750107 5.6697930749 5.7137333176 5.7564716708 5.9698236795 5.9916229494 6.0315057197 6.0616260259 6.3594341435 6.3666094845 6.4208040321 6.427936102 6.4961302679 6.5165083095 6.520907751 6.5272703646 6.6568026303 6.6921343598 6.7014798364 6.7318996528 6.8915929563 6.9038383756 6.9124424951 6.9331518037 6.9515468186 6.9793221439 7.0033505426 7.012170957 7.088853721 7.1154174672 7.281091965 7.3136093787 7.5174679311 7.5436395968 8.2739439219 8.3121689395 8.326002293 8.3370630526 8.3846558005 8.4134386389 8.9637993088 9.0238776566 9.1489542232 9.1737918971 10.0963142674 10.1076020947 10.3148308497 10.3186367062 10.4397181977 10.4514622357 10.8257848631 10.84536735 16.4562163831 16.4712146975 16.5565415331 16.5711169891 16.5817165091 16.6612432289 16.7835918316 16.8894478802 16.9118165896 16.9286981531 17.0534001067 17.1041022913 17.1121197677 17.1154734345 17.1354309196 17.1449293929 17.4422123422 17.5238485269 17.590225519 17.595764176 17.7657515509 17.7720747195 17.8066651026 17.816981873 17.8303547243 17.8924529013 17.9437587705 18.0248172933 18.1216436282 18.1416147481 18.1990030335 18.2175991208 20.0469449135 20.0815551811 20.0857072929 20.1095071958 20.2480389841 20.2600804808 20.4092030027 20.4296168099 21.168485801 21.1861326196 21.1936514949 21.2393352229 21.3561086717 21.3611877551 21.3688612552 21.4363298787
327 2.7063587569 2.7415230418 3.160215841 3.1666692522 3.194085585 3.2304598747 3.8677996428 3.9217593826 3.9476907114 3.9520964639 3.9920471252 4.0084650885 4.0459106098 4.0577400723 4.1960096366 4.2302935785 4.2348444331 4.2500397498 4.3130109687 4.3540321599 4.4810943759 4.5096424961 4.6597718841 4.6912665666 4.7656276051 4.7868980628 4.827490578 4.8498565323 5.0329779377 5.0693858244 5.0853501764 5.1053362858 5.2320849866 5.237145269 5.3312337812 5.3382422555 5.3410359554 5.389184097 5.4496028279 5.4541780105 5.4681466426 5.5221097178 5.5376096102 5.5803743781 5.6535903433 5.6631306463 5.7237634426 5.7642778907 5.9760974893 5.9975599151 6.0503159839 6.0797855902 6.3491889432 6.3547726273 6.4118725428 6.4198791645 6.5039810995 6.5172583495 6.523554275 6.5250404576 6.6657701843 6.7015937641 6.7214210823 6.7516225081 6.8988448515 6.910609503 6.9118005043 6.9319899122 6.9507185597 6.9785171701 7.0326803337 7.0407434515 7.0725896843 7.0971817162 7.2554614051 7.2880773499 7.5030490075 7.529199683 8.2714195448 8.3297252838 8.3345852578 8.3498496863 8.3939897105 8.4155317765 8.9858386385 9.0463774058 9.1704638442 9.1947277755 10.0712339024 10.0824695503 10.2950729674 10.298671846 10.4254508337 10.4378202879 10.8346982642 10.8553477074 16.460397258 16.4763013387 16.5622762752 16.5705395637 16.5826826199 16.6689504834 16.7917366259 16.9003829761 16.9154328337 16.9233386826 17.0633020389 17.1003937259 17.1043388057 17.1189691437 17.12844586 17.1434431365 17.4403135241 17.5234911848 17.5819321406 17.5886444349 17.7537048581 17.7597804424 17.8101167078 17.8190425649 17.8259429007 17.9083439571 17.9524907685 18.0373648674 18.1265863799 18.1468777099 18.2062777357 18.225604537 20.0180868555 20.0492464384 20.057569187 20.0787754575 20.2198939232 20.231031157 20.388388406 20.4072232408 21.1844100394 21.2003610176 21.2074112288 21.2544776466 21.3805441496 21.3857649393 21.3911125203 21.458410155
328 2.6734280864 2.7053700428 3.1164132067 3.12406765 3.1895039708 3.2243351164 3.8717309229 3.9265957555 3.9438517086 3.9497859764 3.9921534769 4.0228728738 4.0553697933 4.0623591557 4.2099741191 4.2252295773 4.2380251375 4.2444908709 4.3066130977 4.3399684423 4.4681554157 4.4902132988 4.6761732167 4.7061476706 4.7439156965 4.7663301209 4.8045420506 4.8313675554 5.0129011864 5.032386385 5.050540273 5.0547287809 5.2025997612 5.2067644015 5.3185437465 5.3408663081 5.3480873337 5.3679442006 5.4398748595 5.4416200701 5.4512391082 5.5048800742 5.5351638153 5.5751109769 5.6446908279 5.6596438723 5.732350973 5.7706665031 5.9829096289 6.0039152399 6.0689783735 6.0978189976 6.3385280017 6.3423786845 6.4037872598 6.4126948623 6.5120421227 6.5136735577 6.5210359984 6.5325650415 6.6739145731 6.7102170248 6.7412948024 6.7713044419 6.905756815 6.909673078 6.9182893708 6.9303479513 6.9494519014 6.9771634496 7.0576194455 7.0627772274 7.0700816145 7.0800729441 7.230224873 7.262718195 7.4882366014 7.5142069549 8.2695742841 8.3325501236 8.3348793362 8.3608451271 8.4160289868 8.4305891258 9.0081567485 9.0690738377 9.191122115 9.2148543636 10.0460875258 10.0572775994 10.2745739749 10.2779762268 10.4104332941 10.4233481415 10.8432140726 10.8648425309 16.4654600313 16.4823168039 16.5685841822 16.5701034705 16.5837563627 16.6770306639 16.799417863 16.9105219741 16.9163694027 16.9205601607 17.0731727776 17.090177538 17.1026577449 17.1200959527 17.1216178937 17.1429403824 17.4393275561 17.5232744597 17.5739770129 17.5819067572 17.7413742135 17.7475894721 17.806464364 17.8196057894 17.8311809512 17.9240873724 17.9612706654 18.0496939886 18.1314065965 18.1519341353 18.2131786825 18.2331543887 19.9896184716 20.0173735785 20.0301594208 20.0487732682 20.1920175123 20.2022881322 20.3679202606 20.3852653323 21.1995864557 21.2139488707 21.2206105099 21.2688997829 21.4042682153 21.4089585217 21.4137273974 21.4800382352
329 2.6416492051 2.6703650387 3.0721890525 3.0814193785 3.186901731 3.219626619 3.8753103357 3.9307583206 3.9395070014 3.9467922814 3.9896429303 4.0374000009 4.0576488739 4.072742484 4.2194372788 4.224079359 4.2261561407 4.2544544944 4.3002442156 4.3245692601 4.4532455252 4.4688742193 4.6927241521 4.7211530595 4.7228612981 4.7457011923 4.7835528682 4.8147014636 4.9772109681 4.9927022998 5.0017259952 5.0318654829 5.1731711086 5.1764921611 5.2969070941 5.3466689561 5.3511690923 5.3577034762 5.4239117341 5.4301032515 5.4342014256 5.4871903168 5.5336871893 5.5704397109 5.6396541807 5.6589743677 5.7392858505 5.7754120412 5.9900924822 6.0105233445 6.0874438414 6.1156573492 6.3275137632 6.3295661654 6.3968077171 6.4066515577 6.5100665009 6.5178900867 6.5208442045 6.5406878455 6.6812205308 6.7180459988 6.7609750457 6.7908560504 6.9074017119 6.9126098968 6.9250915629 6.9282659238 6.9477906701 6.9752964858 7.0438889608 7.0640175328 7.0935149985 7.1000903922 7.2054714653 7.2376143136 7.4730912656 7.4987018312 8.2683357455 8.3310792739 8.3326638101 8.3603470928 8.4454807319 8.4572103854 9.0307589893 9.0919626197 9.2109301789 9.2341721862 10.0209128832 10.0320688527 10.253340457 10.2565595099 10.3946816333 10.4080526214 10.8513431952 10.8738540327 16.4713734732 16.4892075624 16.5692687751 16.5760158632 16.5849748525 16.6854746354 16.8066297899 16.9102672779 16.9199329532 16.9245819902 17.0787699474 17.0827115769 17.1017363221 17.1115374392 17.1233873157 17.1425060977 17.4393007307 17.5231405835 17.5664279522 17.575599365 17.7289104741 17.7355087527 17.8026739088 17.8155216495 17.8421154587 17.9396330248 17.9701015413 18.0617779012 18.1361016062 18.1567752027 18.2197012836 18.2402356533 19.9615369713 19.986000484 20.0035060749 20.0195974166 20.164448054 20.1738897095 20.3478288606 20.3637686359 21.2140443532 21.2269114021 21.2332515689 21.2825901581 21.4272773695 21.4306643106 21.4367647192 21.5011750281
330 2.6111129993 2.6366276865 3.0281331069 3.0389421902 3.1857556067 3.2163227882 3.8787283582 3.9340362619 3.9350914595 3.9431181976 3.985263208 4.0484745454 4.0595765856 4.0850439496 4.2087411476 4.2182516353 4.2382193414 4.2643699592 4.2936641185 4.3080535243 4.4366065835 4.4461651991 4.7015277431 4.709582172 4.724751895 4.7368558685 4.7645506311 4.7997094892 4.9202208243 4.9460472495 4.9732383047 5.0133698441 5.1440620718 5.1466649909 5.276158858 5.3267512044 5.3609093388 5.3669513503 5.4062491237 5.4154470854 5.4172795372 5.4692444967 5.5330854188 5.5663440733 5.638174258 5.6606327807 5.7443937507 5.7783350594 5.9975025444 6.0172406622 6.1056880165 6.1332597493 6.3161542006 6.3165535677 6.3911513863 6.401971559 6.5068571321 6.515495956 6.5292964914 6.5488872597 6.6876839077 6.7250844973 6.7803842491 6.8101958802 6.9049375449 6.9187697771 6.9256145356 6.9317333578 6.9457839866 6.9729501076 7.0312966713 7.0490581017 7.1247743218 7.1306200576 7.1812732891 7.2128353529 7.4576795632 7.4827302432 8.2676376112 8.327215807 8.3302734631 8.3548021839 8.4779882004 8.488890211 9.0536512093 9.1150403597 9.2298926412 9.2526852392 9.9957506027 10.0068885353 10.2313794382 10.2344314816 10.3782128268 10.3919418419 10.8590969987 10.8823854295 16.4781000567 16.4969116018 16.5687499275 16.583596515 16.5866468287 16.6942698816 16.8133695105 16.9033379306 16.9284313098 16.9293107977 17.0668409562 17.0903324935 17.1009591706 17.1044801345 17.124259791 17.1418718836 17.4402653722 17.5230351974 17.5593467558 17.5697811221 17.716430038 17.7235509433 17.7991452029 17.8114812602 17.853538939 17.9549303497 17.9789930349 18.073591605 18.1406670363 18.161390349 18.2258429219 18.2468373181 19.9338421093 19.9551846712 19.9776426448 19.9913411545 20.1372245218 20.1458749238 20.3281443665 20.3427589727 21.2278133231 21.2392627475 21.2453356711 21.2955431622 21.4495405874 21.4514535705 21.4596373946 21.5217804247
331 2.5819085067 2.6042758353 2.9844472819 2.9967580833 3.1859908049 3.2144437476 3.8821277711 3.9292392304 3.9375739965 3.9391997886 3.9794102653 4.0481848404 4.0706495585 4.0974994212 4.194130492 4.2136124924 4.2516252055 4.2735665973 4.2847453366 4.2925693372 4.4186542821 4.4229342454 4.68079068 4.7034004659 4.7261509366 4.7472698369 4.7526427288 4.7862308433 4.8617357132 4.8890198909 4.953605116 4.9951914564 5.1155769292 5.1176568087 5.256385499 5.3072083383 5.3709377598 5.3757620496 5.3873707593 5.3985811637 5.4002085585 5.4511793345 5.5333022632 5.5627995209 5.6396422022 5.664101557 5.7475375129 5.7793016709 6.0050172809 6.0239430961 6.1237012718 6.1506039222 6.3032288672 6.3048054887 6.3869910534 6.3988281007 6.5040512685 6.5133882196 6.538060565 6.5571229371 6.6933084232 6.7313338941 6.7994432804 6.8292375228 6.9019911137 6.9225490987 6.9245642187 6.9379272358 6.9435216452 6.9701588514 7.0197528644 7.0351300357 7.1564609239 7.1576894506 7.1616024094 7.1884404024 7.4420746957 7.4663445381 8.2674198573 8.3205913127 8.3295761885 8.3471642324 8.5119251501 8.5226268017 9.0768395396 9.1383044976 9.2480172773 9.2704006885 9.9706441905 9.9817844518 10.2086984051 10.2116020716 10.3610447728 10.3750252946 10.8664872165 10.8904409222 16.4855959689 16.5053568077 16.5683065926 16.5872484409 16.5931410264 16.7034005555 16.8196368092 16.8958870514 16.9343029215 16.9360935407 17.0544245604 17.0886699967 17.1004427906 17.106168628 17.1242337917 17.1409158917 17.4422365645 17.5229094934 17.5527897758 17.5645173528 17.7040246668 17.7117416583 17.7958826345 17.8076337497 17.865188178 17.9699139876 17.9879730897 18.0851119499 18.1450968921 18.1657674556 18.2316027749 18.2529503071 19.9065408154 19.9249821459 19.9526029866 19.9640893636 20.1103865449 20.118283481 20.3088967409 20.3222623391 21.2409223147 21.2510162243 21.256864245 21.3077582932 21.470849998 21.471845582 21.4819883711 21.5418141006
332 2.5541220969 2.5734242843 2.9412745298 2.9549762532 3.1875949451 3.2140148777 3.8856170199 3.9234671505 3.9335305676 3.9415719237 3.9723776242 4.0432902062 4.0844034473 4.1097507628 4.1780968962 4.2096125209 4.2636548554 4.2676745476 4.2808908388 4.2840323018 4.3995477126 4.4011702267 4.6597466276 4.6812794081 4.7320207419 4.7427561179 4.7677488562 4.7745896434 4.8020668844 4.8305042321 4.9343764467 4.9774436023 5.0880616689 5.089860711 5.237633675 5.2883936336 5.3675720827 5.3786264333 5.3804682525 5.3826975404 5.3864844589 5.4331295863 5.5342725138 5.5597736995 5.643364633 5.6689119819 5.7486216469 5.7782260628 6.0125321038 6.0305236157 6.1414828222 6.1676800023 6.2900686353 6.2932447174 6.3844508201 6.3973415302 6.5017547062 6.5118129606 6.546955308 6.565367662 6.6981034157 6.7367965449 6.8180528412 6.8478746415 6.8986154318 6.9191320784 6.9297790407 6.940616632 6.9442128445 6.9669578889 7.0091623522 7.0221974542 7.1347513178 7.1644639513 7.1885068733 7.1929617675 7.4263570266 7.449604434 8.2676283301 8.3130560538 8.3291988563 8.3384072019 8.5466923854 8.5573970428 9.1003301706 9.1617531852 9.2653147773 9.2873286043 9.9456399901 9.9568069168 10.1853053273 10.1880813797 10.3431962907 10.3573139334 10.8735258468 10.8980256635 16.4938110267 16.5144571853 16.5680011938 16.5889441588 16.6024795591 16.7128475751 16.8254339897 16.8879749834 16.9395009493 16.9428597808 17.0415942316 17.0805748231 17.0999008954 17.1139431576 17.1233282418 17.1395664126 17.4452095856 17.5227241632 17.5468057413 17.5598761699 17.691769519 17.7001164117 17.7928489302 17.8039680524 17.8770049339 17.984464278 17.9971263972 18.0963176627 18.1493836626 18.1698930486 18.2369816408 18.2585674198 19.879651682 19.8954480197 19.9284205036 19.9379138641 20.0839743734 20.0911556881 20.290115685 20.3023048137 21.2533987576 21.2621845217 21.2678399064 21.3192394171 21.4907648466 21.4923702812 21.5036834158 21.5612362578
333 2.5278364697 2.5441833684 2.8987415347 2.9137037344 3.1905704731 3.215060274 3.8892791824 3.9172893351 3.927924095 3.9449148044 3.9644126441 4.0367860632 4.098009104 4.1216069079 4.1609721618 4.2059086236 4.2469923079 4.2731464851 4.2778089473 4.28414246 4.3806201153 4.3834689198 4.6381696888 4.6581132914 4.7183178064 4.7413377005 4.7577474648 4.7639660922 4.7707400515 4.7846519513 4.9156653709 4.9602592183 5.0618911762 5.0636691129 5.2199191748 5.2703537361 5.3473299812 5.3601820693 5.3647965659 5.3912931547 5.3930034134 5.4153327835 5.5359146328 5.5572270421 5.6487123564 5.6746732263 5.7475965909 5.7750726553 6.0199578522 6.0368903941 6.1590368902 6.1844861086 6.2770998636 6.2816999821 6.3836027729 6.3975768586 6.5000579977 6.5108736999 6.5559378266 6.5735997489 6.7020822289 6.7414759245 6.8360717593 6.8659577139 6.8948336941 6.9152729024 6.9344741707 6.9380187527 6.9497938675 6.9633830114 6.99943185 7.0102204986 7.1124967936 7.1409631676 7.2208178871 7.2246154113 7.4106144714 7.4325780246 8.2682141438 8.3048353849 8.3288208995 8.3291123117 8.5820335033 8.5928042991 9.1241291229 9.1853851545 9.2817985282 9.3034817315 9.9207870975 9.9320086432 10.1612086781 10.1638797064 10.3246871176 10.3388202545 10.8802250429 10.9051457123 16.5026883524 16.5241034628 16.5679056783 16.5907039843 16.6126435101 16.7225887549 16.8307657223 16.8796339834 16.9448227652 16.9487256946 17.0284075029 17.071644473 17.0993719368 17.1212871236 17.1223596912 17.1377809339 17.4491581329 17.5224563329 17.54143125 17.5559238485 17.6797296172 17.6887164911 17.7899982527 17.8004536063 17.8889605321 17.9982628072 18.0067382824 18.1071892873 18.1535184677 18.1737525224 18.2419817671 18.2636832777 19.8532079621 19.8666365678 19.9051278911 19.9128702129 20.0580288255 20.0645323718 20.271830579 20.2829124675 21.2652677267 21.2727798385 21.2782673814 21.3299940684 21.5098530547 21.5124762261 21.524661143 21.5800082681
334 2.5031294353 2.5166573794 2.8569690572 2.873047623 3.1949235745 3.217600375 3.8931748596 3.9107852656 3.9217722244 3.9483044174 3.9557875483 4.0292345337 4.1110325193 4.1329116245 4.142860012 4.2023210466 4.2250152477 4.2718317105 4.2776765905 4.2796384104 4.3682346893 4.3699666235 4.6157053705 4.6335948619 4.6800940492 4.7059688566 4.7102586442 4.7514552367 4.7761519657 4.8002255779 4.8976737622 4.9438003975 5.0374337482 5.0394611771 5.2032330057 5.2531033754 5.3268346333 5.3395263079 5.3481827634 5.3953624358 5.4007139505 5.4032257551 5.5381304742 5.5551136018 5.655175853 5.6810724832 5.7444606562 5.7698557725 6.0272188731 6.0429656343 6.1763699754 6.2010246031 6.264477311 6.2702656422 6.3844660259 6.399544266 6.4990408309 6.510657628 6.5649764323 6.5818015844 6.705261006 6.7453763372 6.8532806433 6.8832413614 6.8906808192 6.9110230185 6.9347157533 6.9392159961 6.9553437918 6.9594760513 6.9904738067 6.999158812 7.0909382841 7.1179539133 7.2533350505 7.2565048077 7.3949428519 7.4153428438 8.2691328683 8.2960019516 8.3186987005 8.3290985326 8.6178206477 8.6286663932 9.1482420158 9.2091995763 9.2974844373 9.3188753 9.8961372267 9.907444581 10.1364174565 10.1390075877 10.3055379019 10.3195583691 10.8865969984 10.911807978 16.5121634434 16.5341370026 16.5681368895 16.5926299024 16.6235309549 16.7325989613 16.8356388094 16.8708935429 16.9501963724 16.9536764726 17.0149310291 17.0626969771 17.098835774 17.1189201204 17.1297480065 17.135541974 17.4540330508 17.5221095989 17.5366845793 17.5527187574 17.6679640472 17.6775861153 17.7872830573 17.7970556586 17.9010328569 18.0104794016 18.0176073276 18.1177089942 18.1574912751 18.1773304099 18.2466066851 18.268294277 19.8272580514 19.8386011629 19.8827570055 19.8889970125 20.0325912188 20.0384547886 20.2540704224 20.2641112755 21.2765510642 21.2828139913 21.2881544094 21.3400328048 21.5283695663 21.5319001614 21.5448848128 21.5980931995
335 2.4800724138 2.4909428656 2.8160752097 2.833115591 3.2006605512 3.2216508022 3.8973083968 3.9040847039 3.9151950354 3.9461436549 3.9523331228 4.0209203199 4.1228577541 4.1242100828 4.1435864568 4.1969315532 4.2038941937 4.2652178452 4.2662967996 4.2737851755 4.363438088 4.3653458096 4.5919512997 4.607243623 4.6185953967 4.64925843 4.6948400382 4.7418815923 4.7917520272 4.8154511434 4.8807980832 4.9282799498 5.0150194119 5.0175746572 5.1875461176 5.2366359579 5.3063224621 5.3184574067 5.3319159298 5.3791651318 5.4080960579 5.4115619804 5.5408080165 5.5533820596 5.6623642178 5.6878635059 5.7392585562 5.7626358849 6.0342516971 6.0486851509 6.1934885911 6.2172961033 6.2523434231 6.2590384445 6.3870091497 6.4032032447 6.4987734455 6.5112415255 6.574044816 6.5899589883 6.707657755 6.7485026475 6.8693165533 6.8861059555 6.8994003894 6.9064193845 6.9316224523 6.9434723561 6.9552355838 6.9610690783 6.9822092667 6.9889733624 7.0700817153 7.0954593966 7.2859924124 7.288568045 7.3794471916 7.3979871246 8.2703427173 8.2865730456 8.3079283375 8.3292684393 8.6539801051 8.6648858337 9.1726738349 9.2331959114 9.3123907985 9.3335268735 9.8717445175 9.8831716979 10.1109412132 10.1134758298 10.2857701925 10.2995440682 10.8926538291 10.9180201564 16.5221615919 16.5442657206 16.5689437395 16.5947592479 16.6351030299 16.7428502751 16.8400611862 16.861785296 16.955515938 16.9577042102 17.0012656727 17.0539573319 17.0982598268 17.1155733586 17.1328251851 17.1365415689 17.4597606697 17.5217238657 17.5325600128 17.5503056095 17.6565284481 17.666770778 17.7846561614 17.7937384909 17.9132006549 18.0207276637 18.0300895237 18.1278601664 18.161291252 18.1806107322 18.2508610486 18.2723985491 19.8018633531 19.811394173 19.8613387676 19.866317831 20.007703288 20.0129645272 20.2368637759 20.2459270316 21.2872662541 21.29229851 21.2975128351 21.3493686237 21.5463370315 21.5506005736 21.5643279379 21.6154562196
336 2.4587285187 2.4671269339 2.7761765768 2.7940159122 3.2077862973 3.2272216399 3.8968875816 3.9021015245 3.9083259923 3.9366188775 3.9560881068 4.0120573361 4.1037821467 4.1347325329 4.1534337603 4.1760896083 4.1974454963 4.2438015515 4.2603577469 4.2612060153 4.365377069 4.3690339641 4.5558931225 4.566948594 4.5781284201 4.589801014 4.6846735389 4.7327287839 4.8066620458 4.8289462656 4.8663301375 4.9140111669 4.9949249108 4.9982592304 5.1728132641 5.2209283348 5.2859779821 5.2973189606 5.3161897102 5.3621986321 5.4150225254 5.4209893431 5.5438258482 5.5519769813 5.669983592 5.6948528738 5.7320765087 5.7535126456 6.0410042615 6.0539987223 6.2103961288 6.2332209886 6.2409009472 6.2481154909 6.3911560788 6.4084700585 6.4993173112 6.5126929428 6.583120661 6.5980607724 6.7092916066 6.7508600925 6.8812079213 6.8836032784 6.9014191929 6.9137238294 6.9283951925 6.9481067525 6.9508084969 6.9674099367 6.9745705378 6.9796284811 7.0499247932 7.0734955665 7.3187139289 7.3207438997 7.3642544954 7.3806126968 8.2717849681 8.276561076 8.2965710647 8.3295284559 8.6904628962 8.7014025497 9.1974287023 9.2573737549 9.3265382053 9.3474562428 9.8476652761 9.859248691 10.084790082 10.0872955428 10.2654064239 10.2787948781 10.8984074544 10.9237906586 16.5325900185 16.5537654473 16.5710123232 16.5971247902 16.6473254945 16.7533121416 16.8440302705 16.8523558123 16.960407243 16.9609216142 16.9876676968 17.0455492775 17.0976122497 17.1115244528 17.1296871811 17.1422920128 17.4662388349 17.5213769497 17.5290275691 17.5487148255 17.6454764862 17.6563162766 17.7820715588 17.7904663904 17.9254416556 18.0300009649 18.0431619881 18.1376265298 18.1649074157 18.1835775003 18.2547504793 18.2759959288 19.7770943837 19.7850668496 19.8409030801 19.8448448674 19.9834070927 19.9881034046 20.2202387032 20.2283852643 21.2974246301 21.3012447324 21.306360309 21.3580164428 21.5637468183 21.5685615753 21.5829693467 21.6320648841
337 2.4391498141 2.4452859688 2.7373885174 2.7558572972 3.2163034818 3.2343169005 3.8900234703 3.9012094637 3.9069241919 3.9267933632 3.9602213974 4.0028303233 4.0830154716 4.1451233869 4.1510868161 4.1623656681 4.1945124198 4.2186025784 4.2420129764 4.2551717928 4.3727149007 4.3763202302 4.4943325768 4.5237368612 4.540979566 4.5520480926 4.6753215907 4.7239808209 4.8202228501 4.8342724033 4.8607194409 4.9015313237 4.97735117 4.9816502396 5.1589763519 5.2059445206 5.2659525972 5.2763595709 5.301175314 5.3457095877 5.4216194803 5.4302628593 5.5470575544 5.5508412649 5.6778134341 5.7018869635 5.723035464 5.742615846 6.0474356102 6.05887117 6.2270499468 6.2298951305 6.2375674271 6.2492167326 6.3967947321 6.4152274089 6.5007254244 6.5150704386 6.5921849576 6.6060983645 6.7101822204 6.7524541714 6.8760334411 6.8951035797 6.8961851326 6.9236352571 6.9267448829 6.9459687438 6.9540941573 6.9674947558 6.9710684637 6.9752077161 7.0304589963 7.0520741436 7.3482878509 7.3523412371 7.353200884 7.3633988146 8.265823041 8.2735434847 8.284625213 8.329840426 8.7272318451 8.7381742952 9.2225096516 9.2817326749 9.3399495166 9.3606853652 9.8239576401 9.8357356192 10.0579748179 10.0604781698 10.2444698952 10.2573301038 10.9038694796 10.9291285344 16.5433081984 16.5609383337 16.5760324143 16.5997665923 16.6601618775 16.7639514801 16.8424909203 16.847709294 16.9625266298 16.9640180264 16.9757947095 17.0375651457 17.0968627311 17.1068570676 17.1261221778 17.1468697038 17.4733265701 17.5211669603 17.5260486743 17.5479714034 17.6348608057 17.6462680319 17.7794848445 17.7872040755 17.9377318694 18.0389011029 18.0561940221 18.1469901721 18.168330083 18.1862155301 18.2582814206 18.2790879364 19.7530263879 19.7596692103 19.8214787551 19.8245830829 19.9597449178 19.9639133598 20.2042227123 20.2115111544 21.3070281171 21.3096639316 21.3147233749 21.3659926428 21.5805820193 21.5857718492 21.6007912806 21.647889325
338 2.4213721093 2.4254864289 2.6998250968 2.7187486304 3.2262119885 3.2429340839 3.883152423 3.8941510061 3.9115905803 3.9174298498 3.964655205 3.9934165771 4.0614932209 4.1251258727 4.1544450161 4.1701382741 4.1917470312 4.1921274754 4.2201481387 4.2496294401 4.3827548852 4.3852428609 4.4328775729 4.4631049048 4.5120960984 4.5205131808 4.6666324155 4.7155646958 4.8256025638 4.831424959 4.8696695593 4.8918986916 4.9624007526 4.9677689893 5.1459675058 5.1916389704 5.2463730526 5.2557729625 5.2870654869 5.3299285773 5.4279236018 5.4392920226 5.5498594929 5.5504353643 5.6856861926 5.7088089896 5.7123153663 5.7300963146 6.0535159838 6.0632840138 6.2198163823 6.2274011709 6.2436564628 6.2647279844 6.4037870475 6.4233348571 6.5030423768 6.5184234831 6.6012215054 6.6140654551 6.7103493121 6.753290595 6.8705479011 6.8905540954 6.9030206841 6.9211322211 6.9339186307 6.9410780478 6.9607857796 6.9618865243 6.9635885628 6.985086164 7.0116718178 7.0312043661 7.3349003323 7.3461794134 7.3844276499 7.385326953 8.2545155331 8.2719781592 8.275503895 8.3301705367 8.7642554239 8.775167656 9.2479184117 9.3062720452 9.3526498816 9.3732383565 9.8006811563 9.8126934435 10.03050684 10.0330355156 10.222984744 10.2351708598 10.9090510821 10.9340433925 16.5539643853 16.5652118167 16.5847451739 16.6027504844 16.6735719986 16.7747327054 16.8325025766 16.8508411246 16.9556584811 16.9644364425 16.9744324446 17.0300817489 17.095982764 17.101662228 17.1221642049 17.1501460283 17.4808184496 17.5211215439 17.5236741038 17.548110072 17.6247337862 17.6366704398 17.7768535132 17.783916989 17.9500453387 18.0475980802 18.0689870356 18.1559262083 18.1715549431 18.1885119921 18.2614610002 18.2816777789 19.7297355007 19.7352499218 19.8030934586 19.805533749 19.9367591708 19.9404363486 20.1888426956 20.1953294532 21.3160631032 21.3175676862 21.3226431457 21.3733146691 21.5968220329 21.6022209461 21.6177786261 21.6629023565
339 2.4053980827 2.4077969769 2.6635988254 2.6827986384 3.2375084406 3.2530637871 3.8764850353 3.8872134528 3.9061220719 3.9186967064 3.9693170125 3.984053412 4.0392897923 4.0985150368 4.1618552023 4.1644992267 4.1773996277 4.1896964929 4.1971309241 4.243898693 4.3720244545 4.3939729169 4.3948932416 4.4026542032 4.481757714 4.4877560045 4.658478104 4.7074113018 4.8135346852 4.8379841195 4.8827981301 4.8870587378 4.9500723354 4.9565381865 5.1337119664 5.1779595511 5.2273474919 5.2357151928 5.274085332 5.3150638056 5.4339753183 5.4480456082 5.5491106681 5.5537037845 5.693456378 5.6999510076 5.715524445 5.7162552383 6.0592271813 6.0672373858 6.210567244 6.2178202398 6.2599347774 6.2800271068 6.4119790465 6.4326386687 6.5063042969 6.5227922202 6.6102164871 6.6219576466 6.7098122852 6.7533752827 6.8647980997 6.8847057423 6.9067697725 6.9176525011 6.9359060624 6.9385398269 6.9548282106 6.9561313449 6.9724665278 6.9935384999 6.9970717304 7.010895823 7.3211765924 7.329439301 7.4171024264 7.4175605629 8.242516189 8.258828518 8.2775179726 8.3304887632 8.8015046625 8.812353599 9.2736551996 9.3309908626 9.3646668356 9.3851415455 9.7778962605 9.7901834611 10.0023982761 10.0049797746 10.2009759128 10.2123400869 10.9139629035 10.9385453194 16.5627455629 16.5700950559 16.5951555099 16.6062498674 16.6875115505 16.7856175717 16.8222387405 16.853639306 16.9421443241 16.9647110644 16.9787297359 17.0231646114 17.0949429657 17.0960414778 17.1178453213 17.1520312226 17.4883847469 17.520473014 17.5228174468 17.549184005 17.6151483747 17.6275660854 17.7741372315 17.7805715826 17.962354098 18.0561352698 18.0814690607 18.1643838681 18.1745987256 18.190459958 18.2642969057 18.2837703805 19.7072959531 19.7118561808 19.7857736781 19.7876968964 19.9144922815 19.9177142432 20.1741248677 20.1798643999 21.3244876833 21.3249719094 21.3301839201 21.3800006865 21.6124439812 21.6178983038 21.6339186368 21.6770795178
340 2.391099104 2.3923816531 2.6288202803 2.648115504 3.2501857345 3.2646893427 3.8701712927 3.8805783795 3.8964518016 3.9247885625 3.9722100227 3.9768921432 4.0164775598 4.0713749991 4.1366042 4.167697096 4.1744678946 4.1833602745 4.1876235287 4.2374753772 4.3121698933 4.3434635036 4.4048052241 4.4058431895 4.4498605587 4.4537191086 4.6507520408 4.6994613512 4.8017699451 4.8384751764 4.8884802096 4.8961620601 4.9402730771 4.9478063965 5.1221308591 5.1648502446 5.2089698561 5.2163151273 5.2624971193 5.3013486279 5.4398138987 5.4565083617 5.5484117023 5.5568813237 5.6861917654 5.7004963319 5.7014365297 5.7222214283 6.0645630251 6.0707516854 6.202145251 6.2087737871 6.2760067365 6.2950850025 6.4212098197 6.4429801641 6.5105387377 6.5282071868 6.6191580716 6.6297720913 6.7085899582 6.7527143962 6.8588136261 6.8786123573 6.906836196 6.914103522 6.9308363593 6.939963333 6.9491764127 6.9497119814 6.9760671579 6.9846463822 6.9911524046 7.0104520123 7.3081201112 7.3131598259 7.4496143094 7.4498051413 8.2298106913 8.24498498 8.2797219628 8.3307685444 8.8389515537 8.8497051491 9.2997185278 9.3558874959 9.3760305068 9.3964236179 9.7556636473 9.7682666215 9.9736620049 9.9763235648 10.1784691073 10.1888625526 10.9186149483 10.942644797 16.5667872311 16.5795364909 16.6051445133 16.6111661581 16.7019319278 16.7965644566 16.811770911 16.8561019702 16.9278356383 16.9641608333 16.9835541665 17.0168687228 17.0900824129 17.0937345415 17.113198054 17.1524728638 17.4954549693 17.5188132741 17.52422599 17.5512542967 17.6061594079 17.618994719 17.7712981277 17.7771356359 17.974628243 18.0645168886 18.0936069133 18.1721796633 18.1775962159 18.1920685391 18.2667972762 18.2853724574 19.6857783488 19.6895335952 19.7695447086 19.7710726352 19.8929866091 19.8957887446 20.1600947012 20.1651396392 21.3318513485 21.3322732344 21.3374369721 21.3860692811 21.6274232381 21.6327929357 21.6492009002 21.6903990709
341 2.3780916844 2.3796182864 2.5955976462 2.6148064328 3.264232547 3.2777864766 3.8643605983 3.8744174967 3.8869034704 3.9315161107 3.9645543007 3.9808523665 3.9931294905 4.0438171539 4.1096258103 4.1485651417 4.1758941095 4.18474436 4.1876705591 4.2281650103 4.2539082175 4.288311579 4.4144888919 4.4167237156 4.4176813547 4.4188705196 4.6433659537 4.6916648885 4.7911669352 4.8345970909 4.8942690711 4.9088093113 4.9328422197 4.9413755704 5.1111438186 5.1522535818 5.191323056 5.1976813382 5.2525993365 5.2890528312 5.4454742745 5.4646730204 5.5477398023 5.5598419425 5.6712422508 5.6843693048 5.708494154 5.7284658294 6.0695296689 6.0738683104 6.1945376057 6.2002963001 6.2918427372 6.3098857504 6.4313187826 6.4542021487 6.5157645692 6.5346890515 6.6280360217 6.6375071087 6.7067003771 6.7513144036 6.8526246616 6.8723008726 6.9039490058 6.9105488811 6.925721101 6.9389676772 6.9437473446 6.944047248 6.9592279764 6.9719890254 6.9978945823 7.0245077391 7.295820075 7.2974921092 7.4817145516 7.4821946313 8.21637801 8.2304696473 8.2820502637 8.3309865186 8.8765682321 8.887196139 9.3261050251 9.3809585357 9.3867746511 9.4071159806 9.7340435193 9.74700271 9.9443116922 9.9470799694 10.1554907475 10.1647648352 10.9230164925 10.9463526218 16.56927055 16.590624044 16.6116873131 16.6201137006 16.7167800625 16.8011353312 16.8075331553 16.8582663021 16.9133378001 16.9627703676 16.9883695572 17.0112380727 17.0839047344 17.0923193054 17.1082547544 17.1514569663 17.5011434824 17.5171040151 17.5275747883 17.5543598039 17.5978266171 17.6109920254 17.7683011274 17.7735786359 17.9868360639 18.0727317827 18.1053819669 18.1781265242 18.1816328576 18.1934015032 18.268970614 18.2864926593 19.6652487893 19.668326064 19.7544306103 19.7556616002 19.8722843667 19.8747013159 20.1467768593 20.1511781373 21.3382772923 21.3392944469 21.344492659 21.3915392039 21.6417336014 21.6468933426 21.6636174519 21.7028419695
342 2.3667066291 2.369124238 2.5640361972 2.5829771752 3.2796327952 3.2923229746 3.8592024314 3.8688984066 3.8777185827 3.9387620015 3.955719769 3.9693059047 3.9867061119 4.0159367583 4.0832465395 4.125505305 4.1782297315 4.1802089617 4.1901995451 4.201375837 4.2040466313 4.2494095152 4.3821235378 4.3826749975 4.4247761927 4.4297088833 4.6362468934 4.6839797536 4.7820412156 4.8292834478 4.9012662123 4.9202667693 4.9275805756 4.9370260949 5.1006714283 5.1401127956 5.1744812471 5.1799067635 5.2447163774 5.2784840792 5.4509854891 5.4725371773 5.5470429111 5.562507075 5.6552084982 5.6669526027 5.7155472287 5.7343601278 6.0741451285 6.0766490924 6.1876987637 6.1923940578 6.3074147866 6.3244071301 6.4421509954 6.4661534097 6.5219919176 6.5422484193 6.6368412826 6.6451617674 6.7041607086 6.7491821692 6.8462627374 6.8657966451 6.8986875384 6.9070261513 6.9206853232 6.9358706207 6.9384223716 6.9391633255 6.9430220853 6.953431893 7.0115622966 7.0387343181 7.2825341933 7.2843707345 7.5135948947 7.514445883 8.2021990356 8.2152679575 8.2844781034 8.3311222961 8.9143265701 8.9248005316 9.3528092685 9.3969299303 9.4062037814 9.4172549105 9.7130947048 9.7264493884 9.9143618208 9.9172625878 10.1320679089 10.14007529 10.927176002 10.9496798252 16.571693096 16.6017992987 16.6167283496 16.6310596453 16.7319981454 16.7903826567 16.8184614512 16.8601817842 16.8988024118 16.9605740643 16.9930625619 17.0063048464 17.0775969163 17.0906889011 17.1030475422 17.1490065973 17.5046972782 17.5154461417 17.5332835453 17.558478701 17.5902241805 17.6035885711 17.7651143633 17.7698722359 17.9989442142 18.0807610526 18.1167819517 18.1810983856 18.1874679881 18.1947898703 18.2708257228 18.287141813 19.6457685622 19.6482756553 19.7404540267 19.7414648965 19.8524275747 19.8544931489 20.1341951246 20.1380020964 21.3442240157 21.3455850484 21.3513780852 21.3964291501 21.6553472732 21.6601875136 21.6771629943 21.7143918094
343 2.3572443744 2.3604962392 2.5342377341 2.552731511 3.2963650375 3.3082583573 3.8548412226 3.8641647936 3.8690574939 3.9449854181 3.9461383938 3.9476714857 3.9877993095 3.9930787894 4.0576917748 4.1029287585 4.1365882418 4.1567903129 4.1828719086 4.1861744688 4.1915020402 4.2353002909 4.3461429158 4.3469966115 4.434547757 4.4415024314 4.6293344474 4.676370032 4.7745687248 4.8241854605 4.9075886099 4.9242400395 4.9301648233 4.9345389765 5.0906374244 5.1283736715 5.1585114597 5.1630718986 5.2391746303 5.2699787486 5.4563701877 5.4801012011 5.5462735025 5.564812996 5.6382448863 5.6486860348 5.7222516688 5.7398654396 6.0784305913 6.0791811102 6.1815563651 6.1850537321 6.3226864483 6.3386171634 6.4535606698 6.4786915243 6.529222181 6.550885728 6.6455655174 6.6527354152 6.7009872117 6.7463250645 6.8397615164 6.859123397 6.8914292956 6.9035717441 6.9158001145 6.9273903967 6.9308843713 6.9335161976 6.9345166636 6.9356904525 7.0252485034 7.0528210653 7.2684600453 7.2737461632 7.5452610608 7.5464675319 8.1872576961 8.1993658486 8.2869839231 8.3311582583 8.9521980045 8.9624920619 9.3798235941 9.4065436148 9.4268450976 9.4316436207 9.6928736382 9.7066610855 9.8838277166 9.8868855966 10.1082282549 10.1148239971 10.9311010623 10.9526375963 16.5743475287 16.6123548071 16.6223930906 16.6421363528 16.747523122 16.7795456655 16.82929309 16.8619094051 16.8843136195 16.9576246304 16.9975944312 17.0020888317 17.0712470565 17.0888301073 17.0976090044 17.1451780021 17.5062650387 17.5137836722 17.5410623845 17.5634714028 17.5834845019 17.5968106505 17.7617096952 17.7659908278 18.0109178958 18.0885807343 18.1277974521 18.1831308189 18.1914720489 18.1977946033 18.2723716829 18.2873333223 19.6273941568 19.6294224841 19.7276357157 19.728483898 19.8334580604 19.8352051823 20.1223723248 20.125632868 21.3497071566 21.3512096277 21.3580467234 21.4007575701 21.6682347115 21.6726629657 21.6898351989 21.7250347729
344 2.3496859005 2.3535952526 2.5062999845 2.5241706982 3.314401814 3.325543562 3.8514018387 3.8599453673 3.8614765945 3.9205134734 3.9390407972 3.9548879215 3.9595389534 3.9998485757 4.0331329732 4.0811326386 4.084043448 4.104395775 4.1839285526 4.184382326 4.1912459355 4.2284582932 4.3094696708 4.3112604163 4.4441424772 4.4531099935 4.6225783194 4.6688047225 4.7688578054 4.8200234508 4.9122988638 4.9226451636 4.9336760499 4.9381242068 5.0809706175 5.1169860781 5.1434747656 5.1472470099 5.2362635767 5.2638777765 5.4616447543 5.4873663786 5.5453905271 5.5667085163 5.6204925372 5.6297048805 5.7285715852 5.7449528539 6.0814936223 6.0824865768 6.1760179192 6.1782446394 6.3376105868 6.3524718659 6.4654131677 6.4916843374 6.5374481342 6.5605912512 6.6542005353 6.6602271232 6.6971952977 6.7427510989 6.833158049 6.852302136 6.8824286866 6.9002186731 6.9110764026 6.9124770055 6.9181601669 6.9240810663 6.9290782913 6.9305789239 7.0387033676 7.0665759685 7.2553286144 7.2639808884 7.5766750568 7.5782150742 8.1715413246 8.1827514682 8.2895476477 8.3310793809 8.9901534871 9.000244061 9.407137265 9.4156557571 9.4359932871 9.4572106741 9.6734331988 9.6876877372 9.8527255752 9.8559638177 10.0839999574 10.0890426919 10.9347983199 10.9552372082 16.5773345328 16.6211675376 16.6299387233 16.6529444306 16.7632853454 16.7686680734 16.839931438 16.8634606848 16.870018958 16.9539898079 16.9985963696 17.0019532242 17.0649308101 17.086733071 17.0919743958 17.1400552188 17.5065364304 17.5120554732 17.5501104161 17.5687269695 17.578157229 17.5906926282 17.7580633962 17.7619122703 18.022721041 18.0961625511 18.138419863 18.1847396928 18.1923958066 18.2031195146 18.2736178742 18.2870838104 19.6101774344 19.6118045875 19.7159937493 19.7167200648 19.8154175308 19.8168782004 20.1113302537 20.1140908638 21.3547376258 21.3562524507 21.3644355046 21.4045425064 21.6803643937 21.684306798 21.7016350697 21.7347595743
345 2.343932507 2.3483034993 2.4803159795 2.4973928929 3.3337089295 3.3441206404 3.8489125906 3.8534193977 3.8581056727 3.8957178689 3.9308838106 3.931859431 3.9636631896 4.0068180592 4.0099066843 4.0330663939 4.0527335152 4.0603272644 4.1828671257 4.1843496012 4.1894722123 4.2233062557 4.2728287983 4.2753502774 4.4535294483 4.4644956649 4.6159363017 4.6612566601 4.7649657791 4.8171103637 4.9149267916 4.9225564704 4.9342789122 4.9438301399 5.0716064997 5.1059051669 5.1294271097 5.1324936898 5.2361879109 5.2604853716 5.4668198136 5.4943328907 5.544360821 5.568149299 5.6020858921 5.6101341946 5.7344816546 5.749601004 6.08376839 6.0862732485 6.170977782 6.1719228008 6.3521276146 6.3659130892 6.4775858555 6.5050104753 6.5466541203 6.5713452052 6.66273752 6.6676349444 6.6927997549 6.738469069 6.8264946689 6.8453492676 6.871881967 6.8969393403 6.8980776023 6.9016468183 6.9067399751 6.9155244733 6.9249944729 6.926774274 7.051768291 7.0798741655 7.243202288 7.2550423121 7.6077967023 7.6096485318 8.1550408286 8.1654156219 8.2921502575 8.3308730771 9.0281635006 9.0380293818 9.424309372 9.4347430637 9.4446943213 9.4829477895 9.6548214124 9.6695733862 9.8210724948 9.824512796 10.0594116004 10.062764685 10.9382734361 10.9574899457 16.5807045207 16.6280420547 16.6395214854 16.6633005954 16.757790501 16.7792105958 16.8501729144 16.8554461476 16.8655685911 16.9497512014 16.995823674 17.0061393106 17.0587100765 17.0843770901 17.0861975035 17.1337445364 17.5060521659 17.510226924 17.5596330735 17.569979365 17.5783944311 17.5854235473 17.7541570948 17.7576188515 18.0343164687 18.103473572 18.1486394405 18.1859911384 18.1920669736 18.2088461051 18.2745740694 18.2864141456 19.5941658523 19.5954577998 19.7055425279 19.7061746544 19.7983477603 19.7995530559 20.1010895893 20.1033954665 21.3593256661 21.3607776364 21.3705003949 21.4078014552 21.6917025464 21.6951057472 21.7125673229 21.7435574114
346 2.3398446648 2.3444839842 2.4563734118 2.4724925469 3.3542446935 3.3639224891 3.845946534 3.8485331039 3.8563491559 3.8710687667 3.9029051477 3.9247603502 3.9729121308 3.9845490483 3.9875298742 4.0031966152 4.0147072803 4.040597104 4.1821372547 4.183010675 4.1862126482 4.2188335279 4.23650595 4.2395742534 4.4626943732 4.4756395212 4.6093726148 4.6537016702 4.7629031351 4.8155699024 4.9152901066 4.9237838275 4.9361479699 4.9470945711 5.0624885214 5.0950922463 5.1164198963 5.118865964 5.2390258161 5.2600164938 5.4719008972 5.5009970272 5.5431607741 5.5690574052 5.5831830018 5.5901012591 5.7399637324 5.7537946837 6.0860440248 6.0898954811 6.166005523 6.166355105 6.3661637095 6.3788662899 6.4899681618 6.5185592142 6.5568163108 6.5831179436 6.6711658384 6.6749542955 6.6878158507 6.7334887286 6.8198215785 6.8382734668 6.8599623173 6.8843930107 6.8856681111 6.8941008934 6.9025895215 6.9053228667 6.9212946457 6.9232913762 7.0643384409 7.0926304839 7.2320983717 7.2468746845 7.6385859886 7.6407296544 8.1377507965 8.1473520017 8.2947735994 8.3305290571 9.0661980957 9.0758203744 9.4325661368 9.4530043019 9.4626204054 9.5088370293 9.6370800307 9.6523546693 9.788886526 9.7925488901 10.0344919874 10.0360248514 10.941531053 10.9594070382 16.584488017 16.6342848601 16.6497631642 16.6730662093 16.7469608341 16.7952099626 16.8413986698 16.859301301 16.8681962972 16.945002521 16.9937541018 17.0101652912 17.0526329319 17.0801888504 17.0818951098 17.1263701213 17.5051143487 17.5082985098 17.5647643787 17.5712839643 17.5794899339 17.5859956466 17.7499791242 17.7530986099 18.0456659849 18.1104748363 18.1584418864 18.1868997693 18.1910962065 18.2143326763 18.2752506223 18.2853510749 19.5794026826 19.5804156278 19.6962918175 19.6968480408 19.7822909632 19.7832710889 20.0916698084 20.0935649394 21.3634811175 21.3648279657 21.3762171329 21.4105512472 21.7022129379 21.7050462349 21.7226406891 21.7514219304
347 2.3372494227 2.3419737171 2.4345539894 2.4495597893 3.3759591475 3.3848726449 3.8406258322 3.8439535438 3.8473392586 3.8583439235 3.875506573 3.9186261223 3.9392182616 3.956404168 3.9667351622 3.9826915437 4.0212150777 4.0234459549 4.1802867089 4.1811756354 4.1821125727 4.2007689146 4.2042178188 4.2147877705 4.4716314228 4.4865313588 4.6028565697 4.6461179209 4.7626358487 4.815416471 4.9134295037 4.9261548093 4.9391280753 4.9478511922 5.0535690443 5.0845153708 5.1045003815 5.1064110851 5.2447114268 5.2625499136 5.4768891458 5.5073459292 5.5417786132 5.5634101978 5.5687119723 5.5709037699 5.7450052009 5.7575237372 6.0884039895 6.0934045556 6.1604852548 6.1619925257 6.3796289674 6.3912382809 6.5024611316 6.5322299516 6.5679030014 6.5958702139 6.6794684739 6.6819556583 6.682483729 6.7278209949 6.8131999345 6.8310708023 6.8468359001 6.8707668339 6.8713924968 6.8912051331 6.8935939763 6.8987919781 6.917971387 6.9201134711 7.0763430817 7.1047853907 7.2219900877 7.2393996145 7.669003314 7.671421259 8.1196696214 8.1285573856 8.2974002812 8.330039202 9.1042269188 9.1135888709 9.4404801488 9.4609813453 9.4907526803 9.5348688586 9.6202430162 9.6360592461 9.7561867534 9.760089387 10.0088567463 10.0092727967 10.9445747709 10.9609995936 16.5887050261 16.6405891505 16.6598863067 16.682116356 16.7362280015 16.8111850867 16.8275203308 16.864928763 16.8741277353 16.939846962 16.9923631223 17.0140507587 17.0467349898 17.0742197513 17.0790734111 17.1180719021 17.5038918749 17.5063011881 17.5618311364 17.5751066466 17.5812392225 17.5933933058 17.7455265368 17.7483472271 18.0567303839 18.1171185061 18.1677980261 18.1874805099 18.1896256802 18.2194246654 18.2756587993 18.2839298311 19.5659271986 19.566709127 19.6882458196 19.688738429 19.7672904669 19.7680748615 20.0830890985 20.084616336 21.3672134136 21.3684323311 21.3815735975 21.4128079478 21.7118569099 21.7141144 21.7318679669 21.7583492064
348 2.3359442469 2.3405835406 2.4149327902 2.4286798052 3.3987933234 3.4068851968 3.8188999029 3.8358391932 3.8390615671 3.8571112582 3.8596886775 3.897311014 3.9128603668 3.9132260284 3.9475814205 3.9928300037 4.004660179 4.0309812291 4.1658277362 4.1695850224 4.1753677399 4.1764680988 4.1817481722 4.2110122136 4.4803402753 4.4971673003 4.59636151 4.6384854334 4.7640887713 4.8165824419 4.9095703486 4.9295155611 4.9430794613 4.9461991867 5.0448100084 5.0741497197 5.093711895 5.0951700933 5.2530500526 5.2680078917 5.4817819595 5.5133425019 5.5401950662 5.54389764 5.5488438687 5.5699152316 5.7495977394 5.7607820913 6.090911916 6.0968541487 6.1552547022 6.1578422191 6.3924156233 6.4029151928 6.5149766979 6.5459314486 6.5798749014 6.6095534379 6.6761121434 6.6876368807 6.6893221024 6.7214782634 6.8067047986 6.8237186382 6.8326675222 6.8568583899 6.8591137731 6.8802712916 6.8887816225 6.8952946092 6.9150235872 6.9172316856 7.0877355424 7.1162979062 7.212809231 7.2325209474 7.6990093192 7.7016867801 8.1007997302 8.1090319118 8.3000136122 8.3293974489 9.1422191924 9.1513061321 9.4481174168 9.4686814381 9.519122317 9.5610326964 9.604334989 9.6207043015 9.7229934374 9.7271526667 9.9813034 9.9837775396 10.9474071377 10.9622785362 16.5933686055 16.6471651729 16.6695854816 16.6903272096 16.7256562994 16.8138817933 16.8270173929 16.8676245665 16.8827452136 16.934394319 16.9916195946 17.0178214813 17.0410418172 17.0682202717 17.0760588845 17.1090065988 17.502496442 17.5042864925 17.5589446216 17.5714087813 17.5912796027 17.601509289 17.7408082422 17.7433708674 18.0674692804 18.1233424907 18.1766092117 18.1876129384 18.187927679 18.2240477017 18.2758113196 18.2821982794 19.553774819 19.5543667819 19.6814019927 19.6818398493 19.7533918968 19.7540094107 20.0753642688 20.0765654114 21.3705315253 21.3716113444 21.3865640742 21.4145867721 21.7205939147 21.7222961119 21.7402655612 21.7643377454
349 2.3357016117 2.3401010901 2.3975776264 2.4099322235 3.4226786001 3.4298648938 3.7932141002 3.8135185349 3.8323170559 3.8568641758 3.8597375188 3.8632264007 3.8732185051 3.9080093993 3.9305107653 3.9886584885 4.0034370306 4.0394939082 4.1320191403 4.136006628 4.1681822121 4.1714465323 4.1818306964 4.2074996544 4.4888244331 4.5075477124 4.5898640033 4.6307857163 4.7671504144 4.8189190746 4.904084778 4.9337293385 4.9423776491 4.9478844289 5.0361833916 5.0639778481 5.0840939164 5.0851781937 5.2637583056 5.2761729172 5.4865735119 5.5187656836 5.5240416425 5.5279398997 5.5386411987 5.5694224816 5.7537363084 5.7635668884 6.0936134972 6.1002921882 6.1502619325 6.153819647 6.4043966434 6.4137611076 6.5274368249 6.5595809314 6.5926853654 6.6241099753 6.6694373546 6.6956188974 6.6963355092 6.7144753844 6.8004265836 6.8161738277 6.8176214042 6.8441570208 6.8476110911 6.8658019398 6.8865122893 6.892141885 6.9124526891 6.9146418565 7.0984882662 7.1271420619 7.2044529612 7.2261301163 7.7285644188 7.7314896312 8.0811480762 8.0887795739 8.3025975765 8.328599685 9.1801435874 9.1889426862 9.4555503276 9.4761694174 9.547706787 9.5873137027 9.5893710182 9.6062963957 9.6893282797 9.6937584748 9.9533983838 9.9580402359 10.9500296487 10.9632545461 16.5984864106 16.6540700128 16.6786893217 16.6975377038 16.7153712379 16.8005245585 16.8425512376 16.8697791246 16.8916196342 16.9287596518 16.9914882566 17.0215072845 17.0355718523 17.0622954497 17.0728502694 17.0993527483 17.5010191788 17.5023166991 17.556644369 17.5680366225 17.6013280606 17.6098409679 17.735850091 17.7381906299 18.0778406618 18.1290604238 18.1839386211 18.1855752024 18.1887175265 18.2281331638 18.2757232144 18.2802233825 19.5429772085 19.543414391 19.6757491279 19.6761392077 19.7406452571 19.741124363 20.0685106609 20.0694265354 21.3734438887 21.3743804991 21.3911859896 21.4159020159 21.7283828808 21.7295769575 21.7478521875 21.7693885091
350 2.3362755403 2.340296471 2.3825484183 2.3933905401 3.4475362404 3.4537075443 3.767281308 3.7852623421 3.8252727684 3.8297720183 3.8374473077 3.8625590521 3.8686949878 3.9017221493 3.9171246341 3.9740768257 4.0143274811 4.0481989082 4.0995184728 4.1036970537 4.1600004112 4.1654629465 4.1821795017 4.2042218408 4.4970901368 4.5176757871 4.5833432935 4.6230014936 4.7716782416 4.8221712749 4.8974721651 4.9367375466 4.9386769145 4.9534275996 5.0276716364 5.0539898309 5.0756820673 5.0764650132 5.2765109785 5.2867323307 5.4912544337 5.5037439969 5.5068473134 5.5239851382 5.5371183006 5.5684917251 5.7574182814 5.7658777043 6.0965364149 6.1037573398 6.1454538444 6.1498663011 6.4154252345 6.4236181288 6.5397726067 6.5731030106 6.6062804565 6.639473304 6.6622243441 6.7031214454 6.7034398732 6.7068519506 6.7944687667 6.801857992 6.8083973043 6.8328926076 6.8369567199 6.8502194662 6.8845624606 6.8893401882 6.9102607513 6.9123438012 7.1085905342 7.1373050004 7.1967934259 7.2201111221 7.7576277958 7.7607919869 8.0607272352 8.0678092277 8.3051368317 8.3276436486 9.2179678619 9.2264679054 9.4628584086 9.4835160592 9.5753464111 9.5764832162 9.5928160118 9.6137138134 9.6552149749 9.6599284452 9.925182016 9.9320889645 10.9524427562 10.9639380012 16.6040613959 16.6612721212 16.6870579445 16.702458604 16.7066906203 16.7874807028 16.8575437128 16.8720822769 16.9000264635 16.9230711107 16.9919318801 17.0251397545 17.0303392817 17.0565659248 17.0694682877 17.0893207497 17.4995441669 17.5004569372 17.5549407919 17.5650682148 17.6111073873 17.618155522 17.7307034155 17.7328498292 18.0877999662 18.1341431272 18.1827899684 18.1860487997 18.1944048559 18.2315925918 18.2754131779 18.2781006905 19.53356234 19.5338749592 19.6712639328 19.6716118215 19.7291086493 19.7294774889 20.0625420607 20.0632126098 21.3759583267 21.3767518505 21.3954381441 21.4167669988 21.7351846136 21.7359422011 21.7546465325 21.7735049679
351 2.3374105989 2.3409306598 2.369896556 2.379121624 3.4732771817 3.478300802 3.741158231 3.7565271614 3.7960519889 3.8063063795 3.8284487094 3.8699032088 3.8760863809 3.8916730574 3.9101566018 3.9608955012 4.0254927026 4.0569486684 4.0685665249 4.0729213025 4.1510783947 4.1586618389 4.1827692851 4.2011681556 4.505145618 4.5275562964 4.5767811676 4.6151165076 4.7775029547 4.825906017 4.8903954395 4.9296732608 4.9442494005 4.9596162179 5.0192685038 5.0441832762 5.0685081049 5.0690548176 5.2909783335 5.2993291127 5.4836114296 5.4858291452 5.4958232094 5.5273332047 5.5366247714 5.5671107192 5.7606426977 5.7677158449 6.0996915248 6.1072765129 6.1407881578 6.14594157 6.4253361186 6.4323089977 6.5519233598 6.586428067 6.6205982583 6.6544886301 6.65557163 6.6985252826 6.7098242479 6.7109303301 6.7855351348 6.7889399269 6.8004285511 6.8232618021 6.82725562 6.8337173212 6.8829434188 6.886896843 6.908449195 6.9103407803 7.1180475697 7.1467851654 7.1896889013 7.2143447516 7.7861551456 7.7895520972 8.0395579806 8.04613684 8.3076167282 8.3265288354 9.2556579498 9.2638489411 9.4701282955 9.4907985852 9.5622584445 9.5802578418 9.6054198698 9.6206801574 9.6256871116 9.6401958909 9.8966942986 9.9059527472 10.954645888 10.9643389197 16.6100920988 16.668534153 16.6939126906 16.6959713885 16.70961604 16.7747803008 16.8708881354 16.8755946987 16.9075136996 16.9175621352 16.9929130074 17.0253564687 17.0287497271 17.0511994207 17.0659394806 17.0791690481 17.4981503901 17.498769455 17.5537849031 17.5624773411 17.6204471358 17.6262333659 17.7254597605 17.7274263179 18.0972983403 18.1383862078 18.1801934455 18.1854079607 18.2017560464 18.2343007677 18.2749056775 18.2759660773 19.5255545252 19.5257685996 19.667904918 19.6682142844 19.7188550238 19.7191406636 20.0574706146 20.0579349908 21.378081967 21.3787349119 21.3993197424 21.417194021 21.7409650533 21.7413767146 21.7606640534 21.7766931798
352 2.3388535143 2.3417664315 2.3596641642 2.3671854264 3.4998020448 3.503525327 3.7148697648 3.727619349 3.7717608492 3.7800496513 3.8284154208 3.8792177279 3.8798959655 3.8855628409 3.9078102991 3.9491509552 4.0368178124 4.0393815932 4.0439121904 4.0655125357 4.1417635591 4.1512279733 4.1835938509 4.1983339562 4.5130005566 4.5371934355 4.5701631245 4.6071153878 4.7844297896 4.8293538831 4.8838189699 4.9215908503 4.950355318 4.9663597821 5.0109819654 5.0345633136 5.062599948 5.0629667337 5.3068450862 5.3135985129 5.4635293731 5.4648920469 5.5002503688 5.5276376106 5.5386710672 5.5652903804 5.7634096199 5.7690837235 6.1030749535 6.110862445 6.1362373486 6.1420215042 6.4339497057 6.439643577 6.5638357023 6.5994882744 6.6355564617 6.6462768516 6.6723103081 6.6896402402 6.7162260903 6.7179690792 6.7688034842 6.7839387129 6.7924996498 6.8153414474 6.8164852139 6.8186681566 6.8816700786 6.8848180345 6.9070180095 6.9086389118 7.126880278 7.1555868607 7.1829980777 7.2087119584 7.8140930763 7.8177175195 8.0176759498 8.0237910817 8.3100233454 8.3252564079 9.2931755752 9.3010478669 9.4774532048 9.4981004704 9.5500742793 9.5685720454 9.5857577447 9.5910659975 9.6344921696 9.666754052 9.8679760345 9.8796604818 10.9566374734 10.9644669051 16.616572644 16.6742416837 16.6880290694 16.7014175374 16.7135254428 16.7624510263 16.8762929423 16.8863896114 16.9105702509 16.915535469 16.9943952047 17.0206358204 17.0323646459 17.0464333273 17.0622940074 17.069226667 17.4969092548 17.4973097594 17.5531154693 17.560231584 17.6291508259 17.633815974 17.7202764212 17.7220536884 18.1062794383 18.1414654137 18.1778101029 18.1842436537 18.2088129684 18.2360861304 18.2740027165 18.2742347871 19.5189744242 19.5191124419 19.6656015933 19.6658727081 19.7099842334 19.7102099109 20.0533067502 20.053603418 21.3798211597 21.3803371482 21.4028298392 21.4171943301 21.7456986094 21.7458648846 21.7659136926 21.7789618914
353 2.3403673748 2.3425809464 2.3518829432 2.3576352877 3.5270007655 3.5292558127 3.6884417798 3.6986358543 3.7527384425 3.759005631 3.8297394333 3.8683322228 3.8910731612 3.8970137619 3.9077239066 3.9388606891 4.0122046636 4.0169015275 4.048144769 4.0733955719 4.1326354711 4.1433928723 4.1846497862 4.1957176726 4.5206656517 4.5465798356 4.5634886467 4.5989835925 4.7922339583 4.8311972258 4.8792126179 4.9128952618 4.95691002 4.973559641 5.0028474045 5.0251429381 5.0579816973 5.0582149656 5.3238046083 5.3291747061 5.4436491891 5.4441751317 5.5045324934 5.525739522 5.5423877323 5.5630482089 5.7657195939 5.7699843211 6.1066704236 6.1145075854 6.1317959141 6.1380974732 6.4410803846 6.4454303186 6.575462574 6.6121969177 6.6375325762 6.6511755751 6.6801537117 6.689616707 6.7222162285 6.7243332851 6.7518054893 6.7795510509 6.7850647427 6.7987025489 6.809109847 6.8114329969 6.8807547062 6.8831088387 6.9059652987 6.9072465229 7.1351251558 7.1636803507 7.1766271451 7.2030965639 7.8413627965 7.8452047165 7.9951519508 8.0008296377 8.3123435423 8.3238291071 9.3304710965 9.3380127691 9.4849318299 9.5055103371 9.5387546692 9.550488122 9.556020213 9.5578025898 9.6636666619 9.6933674531 9.8390695413 9.8532411198 10.9584149762 10.9643310903 16.6234924431 16.6715617362 16.6900052472 16.7070349956 16.7163134114 16.7505188946 16.8795640204 16.898227274 16.9059219933 16.9200598516 16.9963438621 17.0161909248 17.0360062019 17.042598335 17.0585636315 17.0599181309 17.4958816665 17.496124202 17.5528733578 17.5583028066 17.6369479177 17.6405570557 17.7154184821 17.716956818 18.114673552 18.1429265197 18.1760948458 18.1827407754 18.2153650871 18.2367451557 18.2724276242 18.2734474237 19.5138390526 19.5139205395 19.6642364169 19.6644639229 19.7026425489 19.7028223445 20.0500591057 20.0502259513 21.3811813957 21.3815642603 21.4059670096 21.4167780994 21.7493703641 21.7493905519 21.7703956789 21.7803226437
354 2.3417490184 2.3431773067 2.3465711042 2.3505205108 3.5547480097 3.5553587389 3.6619183593 3.6696536549 3.7392530676 3.7434556748 3.8324742217 3.8582113599 3.9047543018 3.9092646811 3.9104165169 3.9300319575 3.9873574567 3.9921609318 4.0591985643 4.0795017966 4.1248792842 4.1354867406 4.1859345484 4.1933194262 4.5281522066 4.5550913697 4.5573758744 4.5907074742 4.8006450459 4.8298708527 4.878251313 4.9039951649 4.9638359688 4.9810020024 4.9950325936 5.0159447391 5.0546736108 5.0548089749 5.3414976446 5.3456268543 5.4239191285 5.4242173022 5.5086509019 5.5229855028 5.5464213191 5.5604053709 5.7675732056 5.770420735 6.1104505034 6.1181456649 6.1275197956 6.1341757441 6.4465497073 6.4494928271 6.5867620425 6.6238719586 6.6290563767 6.6672268181 6.6701148471 6.7073645821 6.7275247836 6.7295713424 6.7346766395 6.7758981631 6.7787511534 6.7805518267 6.8045512811 6.8058729539 6.8802064469 6.8817732835 6.9052870922 6.9061734667 7.142833988 7.1689774469 7.1725593707 7.1973876158 7.8677991114 7.8718179653 7.972172967 7.9774002152 8.3145650182 8.3222511654 9.3674558991 9.3746410167 9.492666575 9.5131011846 9.5150009508 9.5208721424 9.5282495038 9.547630277 9.692907756 9.720008655 9.810022701 9.8267247476 10.9599749334 10.9639400838 16.6308353605 16.6636131449 16.6979832414 16.7115899828 16.7178714863 16.7390092267 16.8830486381 16.9004176211 16.9089305046 16.9232441507 16.9987266262 17.0120372954 17.0396880069 17.0401291765 17.0517691998 17.0547832361 17.4951163622 17.4952484669 17.553007628 17.5566702829 17.6434389718 17.6459644588 17.7113141798 17.7125033843 18.1223868017 18.1423437478 18.1754665753 18.1809963453 18.2213067551 18.2361037227 18.2714263659 18.2726144375 19.5101618368 19.5102037305 19.6636199785 19.6637907364 19.6970471506 19.697180911 20.047734468 20.0478089172 21.3821672262 21.3824203607 21.4087291409 21.4159544171 21.7519366549 21.7519766288 21.774101295 21.7807898446
355 2.3428579851 2.3433838513 2.3437193433 2.3459001551 3.5816593823 3.5828572259 3.6354167708 3.6408019056 3.7315038275 3.7336125607 3.8366646487 3.8495287595 3.9122841733 3.9200038278 3.9226640265 3.9249592817 3.9657908113 3.9703077256 4.0694443299 4.081556395 4.1208331917 4.1280874738 4.1874459231 4.1911402842 4.5354714869 4.5496297604 4.5649186257 4.5822746802 4.8093092951 4.8249913828 4.8813894634 4.8953418092 4.9710536343 4.9850276635 4.9911665411 5.0070082099 5.0526920339 5.0527536243 5.3591479654 5.362002789 5.404952975 5.405916864 5.5125858859 5.5197990639 5.5503442431 5.5573862691 5.768970738 5.7703958203 6.1143717618 6.1209316943 6.1242472131 6.1302829537 6.4502039658 6.451689706 6.5976952845 6.6182494546 6.6370023906 6.6595393815 6.6837066508 6.7175268919 6.7254735925 6.7316280963 6.7329547385 6.7621925334 6.7733122183 6.7743370719 6.8017697064 6.8023185552 6.8800315324 6.8808143131 6.9049773711 6.9054304321 7.1500727378 7.1634296397 7.1787602636 7.1914820664 7.8927964434 7.8967187138 7.9495727215 7.9540945351 8.3166763823 8.3205282206 9.4038287745 9.4105127175 9.4796566204 9.4856896177 9.5007611545 9.5183527685 9.5211593038 9.5382125033 9.7221698774 9.7465973009 9.7809347972 9.8001489292 10.9613129973 10.9633019155 16.638577652 16.6550830457 16.7073328243 16.7149989105 16.718169158 16.7279487402 16.8868838018 16.8956346066 16.9168150619 16.9240374455 17.0015135775 17.008192694 17.0395239496 17.0434160372 17.0453687672 17.0509807247 17.4946499043 17.494706294 17.5534779931 17.5553220145 17.6480565368 17.649381764 17.7085717603 17.7092419103 18.1292814685 18.139640616 18.1759977787 18.1791363007 18.2265200734 18.2341066313 18.271066127 18.2718379239 19.5079528911 19.5079692893 19.6634780132 19.6635720357 19.6934944155 19.6935687376 20.0463377254 20.0463568627 21.382782185 21.3829080916 21.4111132963 21.414731284 21.7534859358 21.7535226047 21.7770145799 21.7803807319
356 2.3431249472 2.3431249472 2.3437892859 2.3437892859 3.6059837314 3.6059837314 3.61423095 3.61423095 3.7296116198 3.7296116198 3.8423438008 3.8423438008 3.9167506515 3.9167506516 3.9325528098 3.9325528098 3.9556960502 3.9556960502 4.0776801917 4.0776801917 4.1224193196 4.1224193196 4.1891818316 4.1891818316 4.5426327448 4.5426327448 4.5736759752 4.5736759752 4.8177064197 4.8177064197 4.8875159008 4.8875159008 4.9784373231 4.9784373231 4.9984331037 4.9984331037 5.0520493011 5.0520493011 5.3714254505 5.3714254505 5.3940518383 5.3940518383 5.516313209 5.516313209 5.5540198438 5.5540198438 5.7699119272 5.7699119272 6.1183222232 6.1183222232 6.1265190623 6.1265190623 6.4519335838 6.4519335838 6.6082204867 6.6082204867 6.6484706115 6.6484706115 6.7005099464 6.7005099464 6.733684541 6.733684541 6.7437838959 6.7437838959 6.7725267907 6.7725267907 6.8009623676 6.8009623676 6.8802336451 6.8802336451 6.9050282712 6.9050282712 7.1569174089 7.1569174089 7.1852900804 7.1852900804 7.9105530612 7.9105530613 7.936704126 7.936704126 8.3186672295 8.3186672295 9.4345265182 9.4345265182 9.4556071725 9.4556071726 9.5093156063 9.5093156063 9.5293951058 9.5293951058 9.7512938078 9.7512938078 9.7736624504 9.7736624504 10.9624239827 10.9624239827 16.6466825031 16.6466825031 16.7172047373 16.7172047373 16.7173711396 16.7173711396 16.8910864713 16.8910864713 16.9219483953 16.9219483953 17.0046772662 17.0046772662 17.0412155883 17.0412155883 17.0471846272 17.0471846272 17.4945079998 17.4945079998 17.5542554423 17.5542554423 17.6501585395 17.6501585395 17.7078081445 17.7078081445 18.1351429955 18.1351429955 18.1773629134 18.1773629134 18.2308502575 18.2308502575 18.2712616495 18.2712616495 19.5072199442 19.5072199442 19.6635113035 19.6635113035 19.6922902248 19.6922902248 20.0458721777 20.0458721777 21.3830287142 21.3830287142 21.4131156226 21.4131156226 21.7540204265 21.7540204265 21.7791150979 21.7791150979
357 2.3431249472 2.3431249472 2.3437892859 2.3437892859 3.6059837314 3.6059837314 3.61423095 3.61423095 3.7296116198 3.7296116198 3.8423438008 3.8423438008 3.9167506515 3.9167506516 3.9325528098 3.9325528098 3.9556960502 3.9556960502 4.0776801917 4.0776801917 4.1224193196 4.1224193196 4.1891818316 4.1891818316 4.5426327448 4.5426327448 4.5736759752 4.5736759752 4.8177064197 4.8177064197 4.8875159008 4.8875159008 4.9784373231 4.9784373231 4.9984331037 4.9984331037 5.0520493011 5.0520493011 5.3714254505 5.3714254505 5.3940518383 5.3940518383 5.516313209 5.516313209 5.5540198438 5.5540198438 5.7699119272 5.7699119272 6.1183222232 6.1183222232 6.1265190623 6.1265190623 6.4519335838 6.4519335838 6.6082204867 6.6082204867 6.6484706115 6.6484706115 6.7005099464 6.7005099464 6.733684541 6.733684541 6.7437838959 6.7437838959 6.7725267907 6.7725267907 6.8009623676 6.8009623676 6.8802336451 6.8802336451 6.9050282712 6.9050282712 7.1569174089 7.1569174089 7.1852900804 7.1852900804 7.9105530612 7.9105530613 7.936704126 7.936704126 8.3186672295 8.3186672295 9.4345265182 9.4345265182 9.4556071725 9.4556071726 9.5093156063 9.5093156063 9.5293951058 9.5293951058 9.7512938078 9.7512938078 9.7736624504 9.7736624504 10.9624239827 10.9624239827 16.6466825031 16.6466825031 16.7172047373 16.7172047373 16.7173711396 16.7173711396 16.8910864713 16.8910864713 16.9219483953 16.9219483953 17.0046772662 17.0046772662 17.0412155883 17.0412155883 17.0471846272 17.0471846272 17.4945079998 17.4945079998 17.5542554423 17.5542554423 17.6501585395 17.6501585395 17.7078081445 17.7078081445 18.1351429955 18.1351429955 18.1773629134 18.1773629134 18.2308502575 18.2308502575 18.2712616495 18.2712616495 19.5072199442 19.5072199442 19.6635113035 19.6635113035 19.6922902248 19.6922902248 20.0458721777 20.0458721777 21.3830287142 21.3830287142 21.4131156226 21.4131156226 21.7540204265 21.7540204265 21.7791150979 21.7791150979
358 2.3423581628 2.3431494394 2.3436375848 2.3445895579 3.5814655288 3.5826628728 3.6352463794 3.6406353364 3.7291917099 3.7313025883 3.8360007924 3.8488613231 3.9116647085 3.9187997694 3.9220417405 3.9237617959 3.9646032326 3.9691236376 4.0711321683 4.0841881521 4.1183049556 4.1265007365 4.1873804376 4.1910749836 4.5356212713 4.549788003 4.5650654689 4.5824301633 4.8096170932 4.8256544405 4.8802648752 4.8945767365 4.9708154681 4.9847952993 4.9909326648 5.0067785225 5.0518948872 5.0519544315 5.3691240358 5.3738024271 5.3927150719 5.3955113458 5.5126538124 5.5198793792 5.5504199788 5.5574763406 5.7688430875 5.7702674069 6.1145223631 6.1210919952 6.1244074615 6.1304500539 6.4510263704 6.4525170278 6.5978643698 6.6184660767 6.6371016998 6.6596888008 6.6836869691 6.7175451944 6.7254935953 6.7332551431 6.7347180913 6.7622580348 6.7721301852 6.7729756543 6.8007398442 6.8012415702 6.8798149596 6.8805973505 6.90477734 6.9052335521 7.1503080298 7.1636515724 7.1790189197 7.1917327948 7.9060293364 7.9149207431 7.9319038687 7.9413938961 8.3166200357 8.3204743533 9.4229322973 9.4443352467 9.4460290587 9.4667809139 9.5004593466 9.5180867733 9.5208063779 9.5378953788 9.7221124988 9.7465439295 9.7808857229 9.80009999 10.9614201811 10.9634107921 16.6384226111 16.6549339562 16.7071776358 16.7153030586 16.718475643 16.7277957012 16.886700351 16.8954580768 16.9183390034 16.925571304 17.0013485245 17.0080342883 17.0382819451 17.0436795567 17.0441332512 17.0512430368 17.4945065317 17.4945640172 17.5533650166 17.555212681 17.6494591272 17.6508123525 17.7074183366 17.7081212806 18.1294853107 18.1398385295 18.1762458146 18.1793754917 18.2266567512 18.2342405826 18.2712003637 18.2719669832 19.5072096955 19.5072311069 19.6628714264 19.6629654913 19.6928979191 19.6929722165 20.0458145842 20.0458246794 21.3830569738 21.3831826108 21.4113793457 21.4149984591 21.7539073857 21.7539497613 21.7773556443 21.7807287279
359 2.3403042054 2.3437062542 2.3446495433 2.3448004917 3.5539100316 3.5545282986 3.6612752996 3.6690363772 3.73004134 3.7342610925 3.8298357232 3.8555493219 3.8999399537 3.9056376358 3.9067860923 3.9275362064 3.9826339049 3.9874491746 4.064547079 4.0906531211 4.1141581703 4.1305487717 4.1856721964 4.1930585254 4.5287542395 4.5565991023 4.5570872402 4.591326119 4.801389809 4.8334578243 4.8728256692 4.901445838 4.9628730344 4.9800755703 4.9940905763 5.0150261737 5.0514912471 5.0516102722 5.3668982322 5.3762546644 5.3915003328 5.3970936481 5.5089053704 5.5233482588 5.5466793053 5.5607872193 5.7670656894 5.7699070688 6.1110395006 6.1187945602 6.1281566973 6.1348494979 6.4497981583 6.4527793242 6.5874069919 6.6255924398 6.6285914646 6.6670867576 6.6707461513 6.7074048503 6.7334269813 6.7347821022 6.7363496225 6.7717860611 6.7734754733 6.7808968477 6.800574504 6.8015769013 6.8793419643 6.8809054445 6.9044812808 6.9053927145 7.1438303641 7.1705042766 7.1729332569 7.1983355237 7.9013565746 7.9191248121 7.9269982527 7.9459674664 8.3143353086 8.3220412449 9.4112589784 9.4329768659 9.457427884 9.477845117 9.491522933 9.5121338042 9.5267680886 9.5463028541 9.6926622197 9.7197868528 9.8098436516 9.8265385399 10.9604002605 10.9643789339 16.6302055551 16.6630323245 16.6973574584 16.7127969736 16.7190968481 16.7384021195 16.8823153926 16.8997810485 16.9147715876 16.9291977013 16.9980518626 17.0114156998 17.0353347005 17.0407451194 17.0470325785 17.0558301 17.4945477541 17.494686399 17.5525430882 17.5562350371 17.6487151806 17.6514195393 17.7069514959 17.708358169 18.1232074216 18.1431219035 18.1764754513 18.181939477 18.2218572375 18.2366331653 18.2719754023 18.2731229123 19.507187217 19.5072563322 19.6611922054 19.661363045 19.6946654832 19.6947982402 20.0456439779 20.045680075 21.383267421 21.383518456 21.4097914771 21.4170257798 21.7536106864 21.7536955247 21.7754519592 21.7821951668
360 2.3376377405 2.3442805779 2.3448307708 2.3462772106 3.524975 3.5272548275 3.6870671251 3.6973405162 3.7321568233 3.7384802672 3.8238515927 3.8624004187 3.8802603203 3.8862953008 3.9021153398 3.9332318484 4.0016761828 4.0063883234 4.0579279968 4.0970721859 4.1099796466 4.1345630671 4.1840585238 4.1951311215 4.5220319926 4.5482815465 4.564525837 4.6003616305 4.7930279402 4.8411132114 4.8652007716 4.9081221427 4.9547151696 4.9714525809 5.0007321859 5.0230714732 5.0508384888 5.0510168675 5.3647478373 5.3787816027 5.3904062185 5.3987981772 5.5050721832 5.5267158857 5.5428007306 5.563950518 5.7645868003 5.7688308433 6.107965382 6.11595793 6.1332434014 6.1396223729 6.4482568638 6.4527283969 6.5768578225 6.6139542444 6.6385752435 6.650730601 6.6816296381 6.6895367184 6.7341881569 6.738564173 6.7522088154 6.7714956858 6.7740263568 6.7996749088 6.8004671952 6.8019677723 6.8788153668 6.881157336 6.9041406682 6.9055053446 7.1374924768 7.1670491743 7.1774707892 7.2050884173 7.8965412662 7.9219909915 7.9231579774 7.9504184818 8.3118179679 8.3233701051 9.3995198057 9.4215441914 9.4687115963 9.4825114401 9.4887868428 9.5033843619 9.5353547159 9.5546133537 9.6630792716 9.692850799 9.838706105 9.8528444598 10.9593642907 10.9653259356 16.6220564243 16.6703005078 16.6885810062 16.7097215584 16.7190606734 16.7491657719 16.8779420661 16.9039074534 16.9113884142 16.932822752 16.9947909864 17.0148175155 17.0323762714 17.0383900399 17.0499112527 17.0609151314 17.4946250421 17.4948816382 17.551791327 17.5573208068 17.6479277958 17.651979117 17.7064073271 17.7085192941 18.1165226892 18.1446629163 18.1783826384 18.1848372292 18.2166104605 18.2379244971 18.2736889046 18.2745774005 19.5071502282 19.5072979163 19.6587701556 19.6589969562 19.6972994051 19.6974720927 20.0453598008 20.0454391179 21.3836599104 21.3840358664 21.4083536351 21.4191952847 21.7531305592 21.7532580336 21.7734058581 21.7835132721
361 2.3343788389 2.3432454076 2.3464483556 2.3483933592 3.4959479297 3.4997200389 3.7125282476 3.7253888242 3.7355821344 3.7439671505 3.8180506474 3.8602512616 3.8665007236 3.8695017157 3.897654846 3.9391264844 4.0208928264 4.0254318897 4.0512780714 4.1034409078 4.1057717962 4.1385433382 4.1825408518 4.1972914763 4.5154545741 4.5401106443 4.5721054073 4.6095341671 4.7845348865 4.8486167109 4.8573936231 4.9146050896 4.9463929048 4.9625671763 5.0072169044 5.0308639514 5.0499367714 5.0501743125 5.3626723939 5.3813823817 5.3894306479 5.4006237849 5.5011586682 5.5299782932 5.5387876387 5.5669645442 5.7614156452 5.7670410574 6.1053250669 6.1134260119 6.1388284188 6.144740967 6.4464150003 6.4523770452 6.5662266789 6.6021984446 6.634541616 6.6484945713 6.6718858811 6.6923474936 6.7355180619 6.7413387713 6.7698117124 6.7712591797 6.7746268089 6.8004170489 6.8024134944 6.8185666688 6.8782359122 6.8813524775 6.9037561281 6.9055710839 7.1313039789 7.1613883693 7.1845453402 7.211982905 7.8915894161 7.9168881732 7.9270094516 7.9547399039 8.3090753217 8.3244654835 9.3877286835 9.4100500463 9.4734289986 9.4798703536 9.4945260489 9.4996326413 9.5438420112 9.5628227828 9.6333879473 9.6658061886 9.8674010263 9.8789963627 10.9583115413 10.9662485374 16.6139906503 16.6719775874 16.6855921333 16.7061223637 16.7183729435 16.7600713816 16.8735888345 16.9059695052 16.9100516057 16.9364436161 16.9915695059 17.0182356294 17.0294091403 17.0366137139 17.0527669793 17.0664629309 17.4947356518 17.4951522567 17.5511113854 17.5584682806 17.6470980942 17.6524901546 17.7057856029 17.7086051991 18.1095589341 18.1445606224 18.1818677538 18.1879298419 18.2110386531 18.2381708423 18.2762210705 18.2762861961 19.5070984534 19.5073561612 19.6558774552 19.6561452463 19.7005216856 19.7007212243 20.0449621775 20.0451020095 21.3842341202 21.3847342833 21.4070672041 21.4215044518 21.7524674172 21.7526377862 21.77121938 21.7846821288
362 2.3305540144 2.3416160991 2.3486137315 2.351041919 3.4668600696 3.471953969 3.7375895109 3.7399654701 3.750165399 3.7540470342 3.8124327453 3.8400838498 3.8466172782 3.8766247887 3.893405994 3.9452177008 4.0401058924 4.0444522644 4.0446005314 4.1015285168 4.1097636564 4.142489375 4.1811206239 4.1995383416 4.5090217368 4.5320882519 4.5798229593 4.6188408608 4.7759140742 4.8494020506 4.8559704316 4.9208946366 4.937946314 4.9536021142 5.0133629626 5.0383641529 5.048786305 5.0490827525 5.3606711895 5.3840555785 5.3885710959 5.402568785 5.4971693592 5.5331282254 5.5346472006 5.5698278587 5.7575634728 5.7645424072 6.1031324856 6.1112687103 6.1448464553 6.1501893087 6.4442889047 6.4517422303 6.5555237586 6.5903373386 6.6186621137 6.6544869947 6.6582069028 6.7028691631 6.7373882539 6.744643237 6.7710770651 6.7752759896 6.7875747389 6.8004257311 6.8029134154 6.8375366953 6.8776043844 6.8814903706 6.9033283353 6.9055896296 7.1252766035 7.1559769819 7.1917237244 7.2190113966 7.886506574 7.911691484 7.9306717419 7.9589239735 8.3061170697 8.3253342622 9.3759001917 9.3985078741 9.464282709 9.4856427927 9.4908920174 9.5102937781 9.5522253614 9.570927053 9.6036044044 9.6386718908 9.8959082479 9.9049812463 10.9572404882 10.9671427051 16.6060194171 16.6648411912 16.6915403383 16.7020901477 16.7170625833 16.7711075332 16.8692632115 16.903223598 16.9134991242 16.9400583987 16.988390933 17.0216655389 17.0264361353 17.0354059266 17.0555974944 17.0724352152 17.4948783371 17.4954991855 17.5505048937 17.5596757451 17.6462272163 17.6529517791 17.7050861667 17.7086164826 18.1023946766 18.143258801 18.1864819257 18.1910979971 18.2052639376 18.2375559012 18.277986987 18.2795781962 19.5070317759 19.5074312233 19.6527026593 19.6530042593 19.7041368003 19.7043557685 20.0444513186 20.0446689965 21.3849895522 21.3856129732 21.4059333308 21.4239505388 21.7516218561 21.7518354617 21.768894787 21.7857010509
363 2.3261959511 2.3394356949 2.3513124138 2.3542194446 3.4377330314 3.4439788277 3.7457360109 3.7581910162 3.7624904897 3.7814222768 3.8069825179 3.8197950068 3.8265441364 3.8839553826 3.889374037 3.9515029109 4.0378986704 4.0592540345 4.0634014114 4.0972601112 4.11602911 4.1464010502 4.1797992927 4.2018705255 4.5027329513 4.5242149604 4.5876761779 4.6282784868 4.7671689547 4.8412391631 4.8631615495 4.9269912716 4.929411897 4.9446154049 5.0191143875 5.0455363874 5.0473873511 5.0477423828 5.3587432543 5.3867935153 5.3878302633 5.4046309952 5.4931089048 5.5303687973 5.5361767414 5.5725392607 5.7530433994 5.7613418936 6.1013983537 6.1095051139 6.1512826028 6.1559551813 6.4418978267 6.4508441524 6.544759643 6.5783837217 6.6030204579 6.6373406654 6.6677837131 6.7131975107 6.739763394 6.7484413349 6.7709497478 6.7759729034 6.8004930679 6.8034667725 6.8054785175 6.8565432995 6.8769216104 6.8815705766 6.9028580115 6.9055607349 7.1194250384 7.1508493911 7.199001656 7.2261670581 7.8812978632 7.9064044973 7.934134378 7.9629621757 8.3029553019 8.3259856351 9.3640495984 9.3869317788 9.4550764394 9.4766781032 9.5017683223 9.520822528 9.5605001494 9.5737431618 9.5789216902 9.6114617353 9.9242134201 9.9307880189 10.9561488253 10.9680036478 16.5981517948 16.6559076994 16.6967121647 16.7002796523 16.7152295943 16.7822645569 16.8649722211 16.899740918 16.9176541885 16.9436657197 16.9852586786 17.0234541369 17.0251086423 17.0347471289 17.0584005639 17.0787918982 17.4950523028 17.4959228068 17.5499734558 17.5609414849 17.6453163157 17.6533631841 17.7043089349 17.7085537971 18.0950806915 18.1412078867 18.1917192281 18.193987791 18.1996971485 18.2362966535 18.2798203471 18.283355562 19.506950088 19.5075232648 19.6493636505 19.649699339 19.708021137 19.7082554731 20.0438274986 20.0441403931 21.3859255316 21.386671029 21.4049529195 21.4265305845 21.7505946538 21.750851919 21.7664345655 21.786569584
364 2.3213429162 2.3367405909 2.3545411497 2.3579226692 3.4085856014 3.4158146441 3.7526579915 3.7672785288 3.78672539 3.7990420814 3.8020237631 3.8063531661 3.8089627888 3.8855318634 3.8914648716 3.95797935 4.031175873 4.0783068168 4.0822531047 4.0929699192 4.1222386412 4.1502783384 4.178578319 4.2042869026 4.496587414 4.5164911267 4.5956623962 4.6378434408 4.7583030027 4.832902537 4.870193084 4.9208245418 4.9328960175 4.9356456467 5.0244360213 5.0457402209 5.0461534476 5.0523469745 5.3568873634 5.3871731783 5.3896251409 5.4068077743 5.4889820671 5.525974732 5.5391025321 5.5750977738 5.7478702362 5.7574487241 6.1001318972 6.1081430777 6.1581324439 6.1620282733 6.4392629765 6.4497052199 6.5339452894 6.5663509633 6.5876329589 6.6204578088 6.677208618 6.7233245317 6.7426024452 6.7526919205 6.7708775633 6.7767164902 6.8006193009 6.8040727737 6.8234990724 6.8755326852 6.8761885546 6.8815927495 6.9023459227 6.9054842103 7.1137681548 7.1460511136 7.2063750895 7.2334436436 7.875968009 7.9010298801 7.937386725 7.9668452065 8.299604494 8.3264310845 9.3521928684 9.3753365449 9.4458158445 9.4676506615 9.5124898359 9.5311965661 9.5438179644 9.5686623176 9.5841547342 9.5868356883 9.952303736 9.9564062811 10.9550334792 10.9688258383 16.5903956992 16.6467827137 16.6922170488 16.7072864413 16.7136299757 16.7935334723 16.860722711 16.8961703461 16.9218624125 16.9472644955 16.9821760511 17.0204778167 17.0285485052 17.0346092355 17.0611739838 17.0854921619 17.4952568545 17.4964232981 17.5495186446 17.5622637846 17.6443665533 17.6537236373 17.7034539001 17.7084178464 18.087651899 18.1387171836 18.1917934526 18.1975947394 18.1988196584 18.2345793866 18.281689256 18.2874351857 19.5068532739 19.5076324746 19.645932469 19.6463096199 19.7120980627 19.7123450089 20.043091054 20.0435165855 21.387041208 21.3879073706 21.4041266274 21.4292414099 21.74938677 21.7496881957 21.7638414271 21.7872875087
365 2.3160381003 2.3335715515 2.3582968068 2.3621479545 3.3794354449 3.3874807377 3.7606902874 3.7773794075 3.7787320598 3.786003237 3.7968747747 3.8106100374 3.8361698447 3.8819262944 3.8991021591 3.9646440658 4.0244355892 4.0886091246 4.0972769938 4.101016467 4.1283896448 4.1541213715 4.1774591759 4.2067864259 4.4905840551 4.508916891 4.6037785809 4.6475317105 4.7493197142 4.8243972956 4.8770607652 4.9122182045 4.9267255629 4.9386104429 5.0293003563 5.0438452791 5.0443162425 5.0587638349 5.3551020397 5.3866352223 5.3925079948 5.4090960562 5.4847937226 5.5214620592 5.5419101261 5.5775026333 5.742060306 5.7528741827 6.0993411783 6.1071855187 6.1653954267 6.1683996761 6.4364066113 6.4483490054 6.5230920198 6.554253006 6.5725066096 6.6038478312 6.6864747087 6.7332429951 6.745860085 6.7573500982 6.7708607966 6.7775056398 6.8008046103 6.8047305793 6.8416057988 6.8754059636 6.8815566819 6.8944349861 6.9017928914 6.9053599374 7.1083308582 7.1416436973 7.2138401576 7.2408353667 7.8705213674 7.8955699097 7.9404174894 7.9705629436 8.2960814978 8.3266843536 9.3403466692 9.3637376545 9.4365064172 9.4585661999 9.5138431787 9.5230479358 9.5414070664 9.5568520162 9.5767068827 9.5945758801 9.9801670301 9.9818259799 10.9538906277 10.9696030381 16.5827583668 16.6377207876 16.6868987375 16.7080476217 16.7183017472 16.8049051539 16.8565218173 16.8925814263 16.9260488952 16.9508537996 16.9791462542 17.0175002666 17.0319902364 17.0349568514 17.0639155805 17.0924952957 17.4954912816 17.4970007431 17.5491419967 17.5636409295 17.6433790918 17.6540324889 17.702521133 17.7082093834 18.080133934 18.1359736428 18.1857740867 18.2018606346 18.203426948 18.2325473551 18.2835703498 18.2916851724 19.5067412083 19.5077590723 19.6424537358 19.6428862929 19.7163192123 19.7165759862 20.0422423819 20.0427980332 21.3883355553 21.3893207465 21.4034548588 21.432079618 21.7479993454 21.748345507 21.76111831 21.7878548441
366 2.3103289206 2.3299735587 2.3625758948 2.3668912264 3.3502996899 3.3589962359 3.7581273509 3.7656268044 3.7697958102 3.7884978577 3.7920632864 3.8340524629 3.8631331339 3.8785358018 3.906889798 3.9714939025 4.0176813514 4.0842678885 4.1161013236 4.1196473535 4.134479795 4.157930616 4.1764433627 4.2093681422 4.4847215464 4.5014921887 4.6120213226 4.6573388389 4.7402226048 4.8157278942 4.8837611368 4.9036262115 4.917885245 4.9441366215 5.0336847717 5.04170294 5.0422311106 5.0647565468 5.3533855604 5.3861905289 5.3954598042 5.4114923764 5.4805488644 5.5168364827 5.5445960292 5.5797532742 5.7356312528 5.7476314729 6.0990329909 6.1066319515 6.1730729957 6.175061768 6.4333512191 6.4467992739 6.5122115066 6.5421043628 6.5576472845 6.5875193094 6.695576412 6.7429442487 6.7494893205 6.7623683284 6.770899716 6.7783392027 6.801049117 6.8054393037 6.859757509 6.8745757654 6.8814629595 6.9011996683 6.9051877006 6.91315628 7.1031469433 7.1377120248 7.221393133 7.2483368028 7.8649619518 7.8900265191 7.9432146991 7.974104421 8.2924055259 8.3267614136 9.3285283717 9.3521513007 9.4271537399 9.4494298942 9.4838326892 9.5294804724 9.5334359218 9.55144628 9.5846297844 9.6022215847 10.0070372871 10.0077915086 10.9527157228 10.9703283245 16.5752466078 16.6287953954 16.6812120468 16.7047033571 16.72665455 16.8163687277 16.8523783666 16.8889932112 16.9301894512 16.9544327493 16.9761723858 17.0145261504 17.0354273424 17.0357487825 17.0666232113 17.0997613094 17.4957548149 17.4976551656 17.5488450059 17.5650712072 17.6423550891 17.654289181 17.7015107858 17.7079292083 18.0725468747 18.1330888181 18.1792815763 18.2052214466 18.209326435 18.2303205379 18.2854470887 18.2960151259 19.5066137609 19.5079033096 19.6389560921 19.6394634757 19.7206530348 19.7209160926 20.0412819398 20.0419852715 21.3898073729 21.3909097347 21.4029377591 21.4350415936 21.7464337009 21.7468252438 21.7582683817 21.7882718517
367 2.304266312 2.325995175 2.3673744923 2.3721479705 3.3211951763 3.3303802962 3.737429572 3.7451563031 3.7799214741 3.7873783171 3.8007382753 3.8570250213 3.8753341091 3.8898148562 3.9148203538 3.9785254721 4.0109167829 4.0798904016 4.1348087745 4.1381594992 4.1405068877 4.1617076858 4.1755324496 4.21203121 4.4789983093 4.4942167641 4.6203868244 4.6672598699 4.7310152078 4.8068989879 4.8902899221 4.8950817485 4.909153472 4.9494771507 5.0375709628 5.0393136709 5.0398984444 5.0702965761 5.3517359655 5.3858334613 5.3984770087 5.4139928879 5.4762526073 5.5121038733 5.5471572553 5.5818493201 5.7286018499 5.7417355383 6.0992125945 6.1064789501 6.1811678017 6.1820082236 6.4301188384 6.4450791439 6.5013157597 6.5299201157 6.5430604626 6.5714801317 6.7045088104 6.7523725238 6.7534878704 6.7676973209 6.7709948328 6.7792160094 6.8013528799 6.8061980159 6.8736860116 6.8778944401 6.8813304325 6.9005672942 6.9049677515 6.9315678283 7.0982636014 7.1343751997 7.2290303985 7.2559428124 7.8592934601 7.8844013325 7.9457656984 7.9774578085 8.2885981295 8.3266804257 9.3167560454 9.3405943961 9.4177634846 9.4402467155 9.4538006671 9.5020808179 9.543642051 9.5613069731 9.5924267209 9.609744248 10.0320305518 10.03516565 10.9515035155 10.9709941219 16.5678669488 16.6200375052 16.6752201387 16.700541848 16.7353867386 16.8279038461 16.8483104811 16.8854143095 16.9342706562 16.9580003991 16.9732574369 17.0115581297 17.0369396671 17.0388553086 17.0692947645 17.1072513439 17.4960466108 17.4983865366 17.5486291178 17.5665529081 17.6412956933 17.6544932562 17.700423094 17.707578166 18.0649074384 18.1301314256 18.1726051682 18.2086185965 18.2151217624 18.2280619403 18.287307604 18.3003638568 19.5064708006 19.5080654701 19.6354588687 19.6360644776 19.725078129 19.7253428167 20.0402102454 20.041078914 21.3914552865 21.3926727444 21.4025752082 21.4381235028 21.7446913364 21.7451289719 21.7552950417 21.7885390411
368 2.2979040288 2.3216878319 2.3726882356 2.3779132401 3.2921385818 3.3016522197 3.7166524423 3.7246066243 3.7829270682 3.7910805639 3.8138735328 3.8723483764 3.8795317231 3.9161299332 3.9228908501 3.9857351018 4.0041456349 4.0754877944 4.1464687781 4.1533816961 4.1565403362 4.1654631724 4.1747282401 4.2147749237 4.4734125215 4.4870901831 4.6288708915 4.6772892593 4.7217010742 4.7979155279 4.8866153539 4.8966345596 4.9005680116 4.9546351035 5.0366779902 5.0373186844 5.04094501 5.0753576071 5.3501510714 5.385556225 5.4015571531 5.4165933617 5.4719101994 5.5072706304 5.5495910261 5.5837905728 5.7209918105 5.7352028668 6.0998833818 6.1067203265 6.1892340421 6.1896832359 6.4267305267 6.4432104122 6.490417115 6.5177159143 6.5287514085 6.5557375749 6.7132674882 6.7576033949 6.7617199113 6.7711436918 6.7732906101 6.7801349202 6.8017158931 6.8070057402 6.8727668178 6.8810840006 6.8959868604 6.8998973589 6.9047002016 6.949490967 7.093748706 7.1318023662 7.2367484248 7.2636484826 7.8535193 7.8786956983 7.9480571505 7.9806103966 8.2846831686 8.326461696 9.3050484473 9.3290845774 9.408341255 9.4237595789 9.4310237166 9.4746615224 9.5536628448 9.5709823534 9.6000934641 9.6171398758 10.0567962775 10.0622781683 10.9502480852 10.9715922348 16.560625716 16.6114640025 16.6689655974 16.6958523422 16.7442309916 16.8393321925 16.844493994 16.8818501335 16.9382827129 16.9615556313 16.9704042903 17.0085987791 17.0384815824 17.0422696894 17.0719281588 17.1149279121 17.496365745 17.4991947708 17.5484957225 17.5680843264 17.640202036 17.6546443683 17.69925838 17.7071571446 18.0572303243 18.1271456854 18.1657984601 18.2119764997 18.2201722732 18.2264366055 18.289143319 18.3046895151 19.5063122026 19.5082458693 19.6319757786 19.6327056209 19.7295793606 19.7298398067 20.0390278761 20.0400796557 21.3932777487 21.3946080176 21.4023668132 21.4413212904 21.7427739296 21.7432584293 21.7522019249 21.788657175
369 2.2912979751 2.3171051227 2.3785123256 2.3841816698 3.2631464941 3.2728315157 3.6958035088 3.7039847671 3.7787283397 3.8031249417 3.8279327865 3.8696039453 3.9014903451 3.9310901642 3.9420887786 3.9931187216 3.997371963 4.0710630158 4.1523634615 4.169035111 4.1719278921 4.1740336454 4.1748336608 4.2175987442 4.4679621227 4.4801118494 4.6374689155 4.6874207052 4.7122837754 4.788782891 4.8782617371 4.8921038541 4.9028392119 4.9596139972 5.0337964739 5.0344923227 5.043797658 5.0799159238 5.3486284866 5.3853500391 5.4046977223 5.4192891607 5.4675270427 5.5023437983 5.5518947396 5.5855770031 5.7128216051 5.7280512841 6.101046526 6.107347248 6.1967356601 6.1986229717 6.4232059742 6.441213054 6.4795282296 6.5055079775 6.5147252478 6.5402983601 6.7218484569 6.762023207 6.7707353963 6.7713521571 6.7790953496 6.7810953362 6.8021380832 6.8078614576 6.8717958777 6.8808138695 6.8991876159 6.904383486 6.9138649742 6.9666749497 7.0897028257 7.1302340797 7.2445437537 7.2714490812 7.847642614 7.8729107201 7.9500750486 7.9835485893 8.2806867721 8.3261276232 9.2934250039 9.3176402033 9.3937241362 9.3988963966 9.4217616293 9.4472363451 9.5634904207 9.5804660031 9.6076258471 9.6244049072 10.0813251174 10.0891179953 10.9489428709 10.9721138838 16.5535290851 16.603085976 16.6624854133 16.6907249347 16.7531296365 16.8401138187 16.8514660417 16.8783049121 16.9422175762 16.9650970445 16.9676157206 17.0056506633 17.0403255033 17.0456660403 17.0745213443 17.1227550045 17.4967112113 17.5000797176 17.5484461473 17.5696637606 17.6390752264 17.6547422925 17.6980170549 17.7066670733 18.0495290686 18.1241611249 18.158885331 18.2151282387 18.2212346061 18.2288353729 18.2909480656 18.3089628787 19.5061378555 19.508444854 19.6285169083 19.6293987042 19.7341455466 19.7343947226 20.0377354685 20.0389882758 21.3952730408 21.3967136305 21.4023118996 21.4446306779 21.7406833347 21.7412155249 21.7489929066 21.7886272763
370 2.2845055762 2.3123021272 2.3848415385 2.3909474915 3.2342354591 3.2439379426 3.6748886614 3.6832962482 3.7747294845 3.8160618948 3.8428600638 3.8670613745 3.9229204772 3.9394248608 3.9676430455 3.9906010758 4.000672061 4.0666191129 4.1581889238 4.1727447587 4.1734857885 4.1901779959 4.1929450019 4.22050234 4.4626448187 4.473281023 4.6461758511 4.6976467533 4.7027669238 4.7795072166 4.8700515111 4.883849562 4.9088366013 4.9644177489 5.0306697525 5.0314198984 5.0461247013 5.0839508253 5.3471656337 5.3852052887 5.4078959839 5.4220751711 5.4631087352 5.4973311971 5.554065966 5.5872087424 5.704112288 5.7202997421 6.102700635 6.1083483747 6.2045108878 6.2079906916 6.4195632488 6.4391048807 6.4686620891 6.4933131025 6.5009870068 6.5251686967 6.7302480748 6.7665866665 6.7716190736 6.7795064426 6.7820929344 6.7850790165 6.8026193055 6.8087641074 6.8707798804 6.880481944 6.8984428645 6.9040204584 6.9313938204 6.9827736046 7.0862792198 7.1300059484 7.2524129845 7.2793400202 7.8416663031 7.8670472865 7.9518047351 7.9862579047 8.2766372867 8.3257026369 9.2819057836 9.306280346 9.3637134916 9.3894275722 9.4124586813 9.4198271977 9.5731183708 9.5897518593 9.6150197606 9.6315359141 10.1056078718 10.1156742763 10.9475807055 10.9725497438 16.5465831115 16.5949117277 16.6558134689 16.6852198422 16.7620585854 16.8362913044 16.8631807034 16.8747825572 16.9460683784 16.9648943913 16.9686228467 17.0027163484 17.0424225469 17.0490399136 17.0770723011 17.1306980929 17.4970819209 17.5010411505 17.5484816496 17.5712895137 17.637916345 17.6547869367 17.6966996219 17.7061089202 18.0418166096 18.1211976211 18.1518824987 18.2167971866 18.2206997165 18.2341329695 18.2927175276 18.3131630298 19.5059476696 19.508662802 19.6250898446 19.6261525859 19.7387680014 19.7389979675 20.036333718 20.0378056426 21.3974392736 21.3989874959 21.4024095031 21.4480471598 21.7384215805 21.7390023364 21.745672107 21.7884506352
371 2.2775852023 2.3073347868 2.3916702412 2.398204551 3.205422014 3.2149915354 3.6539131985 3.6625460807 3.7709407233 3.8298318283 3.8586019785 3.8647302119 3.9437867828 3.9478857231 3.9838177917 3.9927817733 4.0083911888 4.0621605435 4.1639430656 4.1729519626 4.1764468091 4.2083473961 4.2109327989 4.2234856441 4.4574580786 4.4665968469 4.6549861497 4.6931541648 4.7079577751 4.7700964373 4.8620165222 4.8757963029 4.9146534407 4.96905062 5.0272985187 5.0281020029 5.0479273863 5.0874450605 5.3457597741 5.3851115928 5.4111488822 5.4249456526 5.4586611564 5.492241626 5.5561024485 5.5886860742 5.6948853361 5.7119681092 6.1048414327 6.1097100421 6.2125590035 6.217789637 6.4158186468 6.4369013145 6.4578320477 6.4811486906 6.4875416299 6.5103543196 6.7384629033 6.7711835427 6.7720061965 6.7831317428 6.7879781868 6.7912307435 6.803159343 6.8097125897 6.8697202102 6.8800901448 6.897662322 6.9036097101 6.9483278487 6.9973341343 7.0837165696 7.1315597998 7.2603527641 7.2873168281 7.8355930489 7.8611060992 7.9532309309 7.9887229843 8.2725652129 8.3252131249 9.2705114599 9.2950247748 9.3337369322 9.379946798 9.3923881222 9.4031780164 9.5825407053 9.5988341925 9.6222711515 9.6385295559 10.1296354909 10.1419363702 10.9461538522 10.9728899837 16.5397937483 16.5869480429 16.6489812443 16.6793883734 16.7710034001 16.8324924917 16.8712830058 16.875010199 16.9498292649 16.9622428613 16.9721307513 16.9997984035 17.0447249658 17.0523868653 17.0795790401 17.1387240604 17.4974767041 17.5020787541 17.5486034083 17.5729598937 17.6367264371 17.6547783528 17.6953066783 17.7054836909 18.0341056778 18.118267506 18.1448055969 18.2150020231 18.2230957366 18.2397746701 18.2944489072 18.3172746038 19.5057415866 19.5089001216 19.62170038 19.6229741742 19.7434394998 19.7436420164 20.0348233784 20.0365327177 21.3997743892 21.4014273648 21.4026583583 21.4515659987 21.7359908688 21.7366211075 21.7422438985 21.7881288185
372 2.2705956468 2.3022593389 2.3989924073 2.4059463266 3.176722713 3.1860126257 3.6328821628 3.6417390533 3.7673647618 3.8443819642 3.862610413 3.8751051117 3.9564667627 3.9640607024 3.9770730324 4.0161255255 4.0175668472 4.0576955193 4.1696220294 4.1725949781 4.1800494831 4.2263775457 4.2265491408 4.2287829434 4.452399119 4.4600583889 4.6638933708 4.6834497041 4.7183377045 4.7605643312 4.8541884036 4.8679653061 4.920284092 4.9735171543 5.0236835336 5.0245392807 5.0492128358 5.0903852762 5.3444080398 5.3850578643 5.4144528461 5.4278939315 5.4541906575 5.4870852207 5.5580021064 5.5900094275 5.685162502 5.7030769661 6.1074614862 6.1114164991 6.2208807078 6.2280222672 6.4119866174 6.4346151396 6.4470519873 6.4690328255 6.4743939799 6.495860523 6.7464893707 6.7722819008 6.7759918456 6.7842089759 6.795902524 6.7977467204 6.8037579146 6.8107057717 6.8686180607 6.8796389517 6.8968469737 6.9031516927 6.9642845521 7.0098340391 7.0823882034 7.1354067464 7.2683597793 7.2953751275 7.8294253356 7.8550876991 7.9543377766 7.990927614 8.2685031248 8.3246873492 9.2592632607 9.2838939299 9.303810516 9.3650184021 9.370459168 9.393838293 9.5917518179 9.6077075879 9.6293760213 9.6453825685 10.1533990797 10.1678938531 10.9446540426 10.9731243076 16.5331668557 16.5792007842 16.6420181278 16.6732773223 16.7799532351 16.828765046 16.8678174558 16.8868952623 16.9534953769 16.959663577 16.97561791 16.9968993998 17.0471868936 17.0557024653 17.0820396014 17.1468010809 17.4978943107 17.5031921117 17.5488125155 17.5746732138 17.6355065054 17.6547167496 17.6938389182 17.7047924266 18.0264090744 18.1153750753 18.1376732159 18.2122269706 18.2262728131 18.2454193488 18.2961407592 18.3212860279 19.5055195892 19.5091572507 19.6183529919 19.6198690355 19.748153196 19.7483213947 20.0332052612 20.0351705616 21.4022761624 21.4030568882 21.4040308287 21.4551822199 21.7333935724 21.7340742462 21.7387129123 21.7876636788
373 2.2635956649 2.2971318141 2.406801634 2.4141659473 3.148154147 3.1570218555 3.6118004866 3.6208798546 3.764003435 3.8596596552 3.8607020285 3.8923157718 3.9651522936 3.9703276399 3.9837386859 4.0242332724 4.0416110593 4.0532441584 4.1723381853 4.175237916 4.1836223815 4.2296929078 4.2442636217 4.2464917154 4.4474648516 4.4536647251 4.6728376117 4.673710687 4.7287378136 4.7509568563 4.8465986656 4.8603732856 4.9257245776 4.9778221058 5.0198256385 5.0207324344 5.0499944792 5.0927624734 5.3431074686 5.3850323725 5.4178033167 5.4309117522 5.449704542 5.481874147 5.5597630379 5.5911793704 5.6749656824 5.6936474127 6.1105499956 6.1134501963 6.2294780773 6.2386898888 6.4080797118 6.4322547457 6.4363379411 6.456984549 6.4615488185 6.4816921941 6.7543227862 6.7727228188 6.7806801257 6.7853275455 6.8027182 6.8044142489 6.8051354203 6.8117425173 6.8674746185 6.8791287375 6.8959977066 6.9026467175 6.9786919972 7.019809205 7.082856909 7.1419990878 7.2764307509 7.3035106178 7.8231654699 7.8489924915 7.9551088843 7.9928547568 8.2644855729 8.3241553479 9.2481828907 9.2729088847 9.2739491899 9.3376830134 9.3609711036 9.3844929294 9.6007464675 9.6163669291 9.6363304258 9.6520917605 10.1768899035 10.1935365231 10.9430725169 10.9732419979 16.5267082059 16.5716751925 16.634951621 16.6669301101 16.7888984742 16.8251204857 16.8643831296 16.8988266426 16.9570625483 16.957159228 16.979080865 16.9940219087 17.0497648689 17.0589823077 17.0844520551 17.1548984676 17.498333412 17.504380692 17.5491099678 17.5764277923 17.6342575035 17.6546025056 17.6922971354 17.7040362022 18.0187398783 18.1125118199 18.130513533 18.2092238619 18.229545219 18.2509944245 18.2977929663 18.3251883758 19.5052817128 19.5094346569 19.6150511802 19.616841771 19.7529004351 19.7530341359 20.0314802351 20.0337203406 21.4036031908 21.4049422032 21.4067953223 21.4588906038 21.7306322327 21.7313643217 21.7350840482 21.7870573666
374 2.2566435675 2.2920075995 2.4150911608 2.4228562127 3.1197329602 3.1280401875 3.5906730677 3.5999731406 3.7608582478 3.8590015134 3.8756161092 3.9101803591 3.9635626179 3.9740101061 4.0027512918 4.0322852906 4.0488835382 4.065215494 4.1722115488 4.1807648928 4.1871650936 4.2329189466 4.2620015676 4.2640563058 4.442651716 4.4474151427 4.6637702244 4.6819825777 4.7380857218 4.7423429393 4.8392786565 4.8530334783 4.9309709409 4.9819703599 5.0157257759 5.0166822324 5.0502924866 5.0945724702 5.3418550471 5.3850228132 5.4211933295 5.4339878034 5.4452125132 5.4766240997 5.5613835233 5.5921966038 5.6643168025 5.683700889 6.1140926582 6.1157921185 6.2383544742 6.2497923016 6.4041084457 6.425691813 6.4298394354 6.4450251895 6.4490107707 6.4678538498 6.7619531901 6.7732223569 6.7852692387 6.7865272809 6.8051287841 6.8089222403 6.8128074913 6.8128615805 6.8662910966 6.8785599354 6.8951153672 6.9020951279 6.9907931623 7.0270488994 7.0858701573 7.1515353007 7.2845624297 7.3117190621 7.8168156008 7.8428207695 7.9555274033 7.9944865979 8.2605489665 8.3236488216 9.2372921321 9.2441683257 9.2620913079 9.3103995715 9.3514893554 9.3751429761 9.6095197619 9.624807382 9.6431304747 9.6586540132 10.200099395 10.2188544066 10.9414000649 10.973231958 16.5204234831 16.5643760447 16.627807509 16.6603871252 16.7978285225 16.8215673701 16.8609848216 16.9107915933 16.9547309628 16.9605291829 16.9825155524 16.9911684996 17.052418174 17.0622220232 17.0868144996 17.1629865045 17.4987926019 17.505643836 17.5494966572 17.5782219528 17.632980328 17.6544361827 17.6906822255 17.7032161248 18.0111116062 18.109639867 18.1233819535 18.2061098295 18.2328184211 18.2564705271 18.2994068595 18.32897461 19.5050280572 19.509732836 19.6117977093 19.6138962536 19.7576655475 19.7577864904 20.0296492253 20.0321833345 21.4042950255 21.4077699576 21.4097181251 21.4626856771 21.7277095578 21.7284940619 21.7313624843 21.7863123424
375 2.2497968704 2.2869410647 2.4238538877 2.4320096122 3.0914758628 3.0990889127 3.5695048146 3.5790235766 3.7579304783 3.8575100977 3.8921984246 3.9286451401 3.9568587295 3.9829355475 4.0210929565 4.0395730659 4.0454283623 4.0882258917 4.1722079316 4.1862132736 4.1906805899 4.2362292389 4.2795887003 4.2814741417 4.4379550631 4.4413098044 4.6538098872 4.6911430465 4.7308095521 4.7502902017 4.8322594453 4.8459551933 4.9360189917 4.985966846 5.0113850259 5.012389525 5.050134212 5.0958163755 5.3406477575 5.3850163845 5.4246078875 5.4371037228 5.4407326603 5.4713579956 5.5628620272 5.5930619566 5.6532377185 5.6732590141 6.1180715449 6.1184222255 6.2475144076 6.261327464 6.4000806677 6.4151514828 6.4273362179 6.4331923853 6.4367842892 6.4543496833 6.769327425 6.7738334492 6.7876061898 6.789906678 6.805900372 6.8139389665 6.8149115503 6.8204393645 6.8650687465 6.8779330839 6.894200761 6.901497313 6.9998549375 7.0317089587 7.0921510196 7.1638468477 7.292751593 7.3199962763 7.8103777369 7.8365727354 7.9555760991 7.9958046057 8.2567314336 8.3232010026 9.2144810612 9.2266154893 9.2514633807 9.2831813001 9.3420208142 9.3657943275 9.6180671435 9.6330243812 9.6497723309 9.6650662795 10.2230191624 10.2438377656 10.9396270689 10.9730827569 16.5143182818 16.557307738 16.6206100186 16.6536858676 16.8067212777 16.8181248567 16.8576260086 16.9227790112 16.9523819979 16.9638928576 16.9859173548 16.9883417404 17.0551090345 17.065417291 17.0891250615 17.1710362704 17.4992703978 17.5069807444 17.5499733622 17.5800540241 17.6316758108 17.6542185403 17.6889951885 17.7023333323 18.0035383383 18.1066318644 18.1164219006 18.2029220632 18.2360658098 18.2618294575 18.3009855072 18.3326390701 19.5047587985 19.5100523118 19.6085947823 19.6110357811 19.7624293496 19.7625890766 20.0277132132 20.0305609452 21.4051297961 21.4107567109 21.412796365 21.4665617028 21.7246284193 21.7254663508 21.7275536893 21.7854313926
376 2.2431119933 2.2819852467 2.4330823941 2.441618345 3.0633996407 3.0701896564 3.5483006754 3.5580358644 3.7552212033 3.8562253168 3.9093581526 3.9476508765 3.9501785422 3.9919761499 4.0385200369 4.0389665919 4.0502215473 4.110580184 4.17234346 4.1915702675 4.1941791889 4.2396272478 4.29702225 4.29874278 4.4333659402 4.4353530316 4.6437704735 4.7003740914 4.7208599298 4.7608426773 4.8255716224 4.8391431962 4.9408641392 4.9898164383 5.0068046779 5.0078552752 5.0495546423 5.0965010775 5.3394826314 5.3849998672 5.427986297 5.4363253885 5.4402270587 5.4661168074 5.564197201 5.5937763802 5.6417501369 5.6623434439 6.121319244 6.1224657366 6.256963343 6.2732911781 6.3959978495 6.4047258989 6.4213296741 6.4248610088 6.4249517753 6.4411836301 6.7740723469 6.7769187512 6.7888612474 6.794252477 6.8067285992 6.8151002832 6.8207119325 6.8278296146 6.863808872 6.8772488465 6.8932546471 6.9008537096 7.0055972921 7.0342246274 7.1019689453 7.17848535 7.3009950434 7.3283381212 7.8038537643 7.8302485219 7.955237447 7.9967896072 8.2530726564 8.3228465059 9.184905587 9.2161727596 9.2410477434 9.2560411559 9.3325725714 9.3564535988 9.6263843751 9.6410136163 9.6562522104 9.6713255845 10.2456409977 10.2684771051 10.9377435462 10.9727826737 16.5083981018 16.550474332 16.6133819686 16.6468610681 16.8142578463 16.8161085313 16.8543101509 16.9347765895 16.9501139707 16.9671545658 16.9855441754 16.9892812365 17.0578027224 17.0685638509 17.0913818949 17.1790194657 17.4997652427 17.5083904656 17.5505407378 17.58192234 17.6303447105 17.6539505502 17.687237131 17.7013889914 17.9960348211 18.1030471166 18.1100891158 18.1996784133 18.239275631 18.2670559698 18.302534236 18.3361771222 19.5044742027 19.5103936351 19.6054441666 19.6082631761 19.7671903359 19.7674354417 20.0256732352 20.0288547079 21.4061045331 21.4138995894 21.41602702 21.4705126668 21.7213918501 21.7222842248 21.7236634368 21.7844176454
377 2.2366440028 2.2771915906 2.4427689583 2.4516743398 3.035521161 3.0413643834 3.5270656579 3.5370147622 3.7527313048 3.8551454437 3.9270467796 3.9435127231 3.9671611187 4.0011251088 4.0345129344 4.0554977456 4.058722778 4.132187868 4.17265833 4.1967515533 4.1977448318 4.2431183431 4.3142994441 4.315859834 4.4288331068 4.4295914028 4.6336562463 4.7096667778 4.7107273056 4.771502843 4.8192450665 4.8325972275 4.9455011536 4.9935238081 5.0019863922 5.0030806403 5.0485968507 5.09663976 5.338356809 5.3849597074 5.4302730463 5.4330535435 5.4432596069 5.4610002904 5.565387883 5.5943409429 5.6298755531 5.6509757505 6.1244624273 6.127250098 6.2667074535 6.2856767808 6.3917995259 6.3944995735 6.4097923799 6.4132819877 6.4223156956 6.4283594919 6.7748605515 6.7837601139 6.7901910364 6.7984013341 6.8076131083 6.8162985085 6.826300482 6.8349996297 6.862512857 6.8765080246 6.8922777333 6.9001648025 7.0084101278 7.0351152556 7.1149228802 7.1949178911 7.3092896076 7.3367404967 7.7972454619 7.8238482102 7.9544937393 7.9974218804 8.2496136797 8.3226211595 9.1554558677 9.2059880176 9.2289923661 9.2308674555 9.3231519193 9.3471277646 9.6344675269 9.6487710205 9.6625663825 9.677429025 10.2679568858 10.2927631818 10.9357391928 10.9723197412 16.5026683423 16.5438795647 16.6061449139 16.6399448242 16.8113699016 16.8245831487 16.8510407646 16.9467681125 16.9479287933 16.9703189675 16.982778375 16.9926018972 17.0604676118 17.0716575162 17.0935831805 17.1869082454 17.5002755054 17.5098718845 17.551199307 17.5838252393 17.6289877048 17.6536334117 17.6854092686 17.7003842967 17.9886165497 18.0979398892 18.1053436477 18.1963898569 18.2424410035 18.272134323 18.3040614864 18.3395849123 19.5041746381 19.5107573832 19.6023472867 19.6055808531 19.7719523224 19.7723142343 20.0235303821 20.0270663033 21.407215873 21.4171955631 21.4194069221 21.4745322637 21.7180030414 21.7189508704 21.7196978216 21.783274591
378 2.2304463954 2.2726097372 2.4529055759 2.4621692747 3.0078573693 3.012635408 3.5058048446 3.5159650995 3.7504614698 3.854268548 3.9368858908 3.9452171452 3.9870955479 4.0103820943 4.0300383094 4.0670644381 4.0720432631 4.1528052154 4.1733411555 4.2008678509 4.202266963 4.2467109494 4.331417337 4.3328228921 4.4237084309 4.4246685848 4.6234709211 4.7004717385 4.7190124559 4.7821992028 4.8133090955 4.8263124473 4.9499237024 4.9969242849 4.9971002064 4.9980684276 5.0473124389 5.0962524592 5.3372676041 5.384882098 5.4268331145 5.4355518889 5.4458348477 5.4563848345 5.5664330952 5.5947568176 5.6176352173 5.6391773234 6.127830263 6.132397193 6.2767533056 6.2984747784 6.3840949275 6.3878840518 6.3983749361 6.4020140138 6.4158807534 6.4196944562 6.7755745667 6.7898979183 6.7921828561 6.8022916512 6.8085540605 6.8175337259 6.8316355168 6.8419438712 6.8611822575 6.8757115672 6.8912706724 6.8994311243 7.0090509125 7.0348411718 7.1302436345 7.2126701136 7.3176321365 7.3451993372 7.7905545166 7.8173718482 7.9533272081 7.9976812642 8.2463966916 8.3225618142 9.126147686 9.1960796998 9.2020525413 9.2209456208 9.3137663601 9.3378240945 9.6423129634 9.6562927605 9.6687111698 9.6833737683 10.289959014 10.3166870124 10.9336034275 10.971681791 16.4971342941 16.5375268506 16.5989192843 16.6329667602 16.8082157562 16.8333864768 16.8478215331 16.9458282378 16.9587227244 16.9734049001 16.980046866 16.9958742102 17.0630752316 17.0746941861 17.0957271249 17.1946750649 17.5007994822 17.5114237122 17.5519494506 17.5857610654 17.6276053811 17.6532685674 17.6835129278 17.6993204688 17.9812998344 18.0913595301 18.1021499349 18.1930643157 18.2455571156 18.2770458322 18.3055801721 18.3428591913 19.5038605883 19.5111441587 19.599305291 19.6029908633 19.776714452 19.777219061 20.0212857987 20.0251975726 21.4084600349 21.4206414481 21.4229327595 21.4786138794 21.7144653394 21.7154696201 21.7156632787 21.7820061031
379 2.224570913 2.2682873547 2.4634839793 2.4730945963 2.9804252621 2.9840254262 3.4845234044 3.4948917885 3.7484121895 3.8535925112 3.9302963817 3.9638183887 4.0073694776 4.0197601679 4.0255390642 4.0760339319 4.0873716265 4.1695001263 4.1772622534 4.2043185775 4.2073471123 4.2504187273 4.3483724392 4.3496293344 4.4181944208 4.4203783629 4.613218127 4.6901091642 4.7284016827 4.7928878392 4.8077973443 4.8202852503 4.9541232509 4.9916457844 4.9928157725 5.0005308868 5.0457619402 5.0953666797 5.3362125732 5.3847530531 5.4224488335 5.439040722 5.4461279044 5.454103116 5.567332027 5.5950252031 5.6050501942 5.6269692942 6.1314017685 6.1378766866 6.2871074719 6.3116722209 6.3741266554 6.3836447837 6.3871524334 6.3910732484 6.40375218 6.4170349409 6.7763240041 6.7922874356 6.7977690582 6.8058740918 6.8095538374 6.8188046919 6.8366739105 6.8486605715 6.8598192734 6.8748605879 6.8902340621 6.8986532552 7.0082382652 7.0337555562 7.1472003004 7.2313743197 7.3260195078 7.3537106085 7.7837825373 7.8108194662 7.9517201607 7.9975472851 8.2434647746 8.3227061312 9.0969968766 9.1752124668 9.1864929861 9.2113057659 9.3044236168 9.3285501432 9.6499173319 9.6635752285 9.6746829483 9.6891570498 10.311639782 10.3402398827 10.931325435 10.9708564969 16.4918011303 16.5314192644 16.591724519 16.6259542019 16.8051510559 16.842155665 16.8446592384 16.9438140199 16.9704919451 16.9765471258 16.9773521822 16.9990940271 17.06560038 17.0776698581 17.0978119599 17.2022925415 17.5013353978 17.5130444775 17.5527913991 17.5877281663 17.6261982279 17.6528577182 17.6815495484 17.698198753 17.9741018515 18.0841759556 18.0996514626 18.1897081474 18.2486202156 18.2817662397 18.3071097709 18.3459971883 19.5035326646 19.5115545888 19.5963191036 19.6004949241 19.7814736583 19.7821459135 20.0189406824 20.023250535 21.4098327942 21.4242339097 21.42660108 21.4827505705 21.7107822423 21.7115666027 21.7118439517 21.7806164645
380 2.2190673881 2.264270006 2.4744956553 2.484441539 2.953241733 2.9555576683 3.463226602 3.4737998341 3.7465837565 3.8531150311 3.9237476523 3.9827920259 4.0207840262 4.0276668662 4.0297996941 4.0850923387 4.1019601727 4.1728042795 4.1938161984 4.2076961911 4.2123965274 4.254265137 4.3651595224 4.3662757266 4.4127795878 4.4162311048 4.6029014728 4.6796481447 4.7378247722 4.8022918814 4.8039006945 4.8145810518 4.9580858458 4.9861346996 4.9873318347 5.0038374152 5.0440151329 5.094018088 5.3351895895 5.3845584693 5.4180148851 5.4424827188 5.4427019124 5.4557459922 5.5680839591 5.59213955 5.5951491911 5.614372491 6.1351565122 6.143656075 6.2977760383 6.3252509664 6.3642892209 6.3760564948 6.3794788931 6.3804862922 6.3919792035 6.4143338512 6.7771186318 6.7937131974 6.804141028 6.8090982221 6.8106290446 6.8201101868 6.841372304 6.8551421789 6.8584338565 6.8739564085 6.8891684476 6.8978318233 7.0064937845 7.0321117064 7.1652584105 7.2507621896 7.3344486294 7.3622703057 7.7769310679 7.8041910926 7.9496551287 7.9969993016 8.2408616276 8.323092348 9.0680194475 9.1485174661 9.1772186592 9.201971238 9.295131644 9.3193137565 9.6572775505 9.6706150361 9.6804781485 9.6947761694 10.3329918126 10.3634133573 10.9288942098 10.9698314181 16.4866738962 16.525559513 16.5845791974 16.6189323598 16.802188864 16.8415444406 16.8508864691 16.9418877137 16.9746967968 16.9785301987 16.9832726956 17.0022609895 17.0680213894 17.0805806402 17.0998359416 17.209733335 17.5018814066 17.5147325186 17.5537252232 17.5897248943 17.6247666261 17.6524028392 17.679520685 17.6970204185 17.9670406774 18.0767673859 18.0974831324 18.1863268356 18.2516271797 18.2862623732 18.3086793678 18.3489965174 19.5031916172 19.5119893245 19.5933894617 19.5980944399 19.7862261041 19.787091641 20.016496283 20.0212274083 21.4113294524 21.427969465 21.4304082943 21.4869350409 21.7069573966 21.7074149801 21.7080774775 21.7791103957
381 2.2139836113 2.2606010475 2.4859318633 2.4962011431 2.9263219359 2.9272575334 3.4419198068 3.4526943427 3.7449762627 3.8528336269 3.9172443465 4.0019692736 4.016503799 4.038548883 4.0492878917 4.0942725729 4.1157388057 4.1738010933 4.2109904429 4.2118532382 4.2174038824 4.258294217 4.3817655969 4.3827548554 4.4074907579 4.4122104766 4.5925245656 4.6690953194 4.7472714306 4.7979983642 4.8082380179 4.814958823 4.9617794926 4.9804175286 4.9816241831 5.007017458 5.0421511852 5.0922513019 5.3341969201 5.3842841624 5.4135900082 5.437689539 5.4462627275 5.4587496063 5.5686875653 5.5789283217 5.5951264031 5.6014075046 6.1390748539 6.1497012274 6.3087638846 6.3391797491 6.3546362656 6.3652642099 6.3701688712 6.3752898648 6.3805749823 6.4115895709 6.7779603322 6.795083619 6.8102273221 6.8116532871 6.8122049351 6.8214492981 6.8456880034 6.8569770196 6.8614410116 6.8730007633 6.8880743322 6.8969675052 7.0041582776 7.0300866248 7.184063693 7.2706411797 7.3429164493 7.3708744523 7.7700015991 7.7974867666 7.9471150279 7.9960166653 8.2386312592 8.3237590236 9.0392315997 9.1219651487 9.1682949884 9.1929652648 9.28589864 9.3101230828 9.6643907973 9.6774090114 9.6860932553 9.7002284852 10.3540079621 10.3861992892 10.9262985989 10.9685940412 16.4817574977 16.5199498928 16.5775011707 16.6119245115 16.799333636 16.8384969398 16.859553801 16.9400507982 16.9720832362 16.9815632773 16.9948155858 17.0053945014 17.0703207123 17.0834227629 17.10179735 17.2169700508 17.5024355944 17.5164859776 17.5547508258 17.5917496057 17.6233108407 17.6519061946 17.6774280088 17.6957867563 17.9601353046 18.0692562633 18.095535422 18.1829253502 18.2545753003 18.2904881315 18.3103314875 18.3518551086 19.5028383448 19.5124490394 19.5905169456 19.5957905159 19.790967606 19.7920534492 20.013953901 20.0191306342 21.4129448033 21.4318444865 21.4343506794 21.4911596149 21.7029945939 21.703216009 21.7041739505 21.7774930873
382 2.20936522 2.2573215537 2.497783652 2.5083642725 2.8991274731 2.8997043943 3.4206085008 3.4315805302 3.7435895974 3.8527456424 3.9107909006 4.0111835991 4.0223898644 4.0482135251 4.0704028404 4.1035716072 4.1286819184 4.1747057764 4.2143441014 4.2222001776 4.229052526 4.2626002821 4.3980850717 4.3990224066 4.4023335089 4.4084512231 4.5820910207 4.65845659 4.756730772 4.793826824 4.8029893646 4.825365124 4.9650713184 4.9745738635 4.9757425007 5.0100733723 5.040258521 5.0901207839 5.3332333046 5.3839158655 5.4091917837 5.4325698957 5.4499208619 5.4620907452 5.5654204613 5.5691556417 5.5880938307 5.5949622077 6.1431381274 6.1559769934 6.3200730305 6.345188044 6.3533132206 6.354726193 6.3602505583 6.3695913462 6.3710999604 6.4088009459 6.7788492193 6.7964566608 6.812702708 6.8142368259 6.816804839 6.8228227462 6.8495794526 6.8555277112 6.8674799166 6.8719979015 6.8869522046 6.896061029 7.0014481465 7.0278034342 7.203385672 7.2908720775 7.3514199759 7.3795190992 7.7629955796 7.790706552 7.9440833273 7.9945788976 8.236817655 8.324744763 9.010649739 9.095571041 9.15974198 9.1843107503 9.2767330581 9.300986587 9.6712544997 9.683954199 9.6915248102 9.7055114047 10.3746813316 10.4085898295 10.9235273439 10.9671318221 16.4770566879 16.5145922335 16.5705076954 16.6049521789 16.7965880799 16.8355134602 16.8681571717 16.9383046481 16.96951395 16.9842322195 17.006120206 17.0088850493 17.0724861786 17.0861925901 17.1036944884 17.2239751695 17.5029959799 17.5183027953 17.5558679341 17.5938006605 17.6218310125 17.6513703511 17.6752733092 17.694499079 17.9534056381 18.0616923282 18.09377137 18.1795083546 18.2574621715 18.2943813872 18.3121250738 18.3545711551 19.5024739035 19.5129344288 19.5877020006 19.5935839685 19.7956937465 19.7970287199 20.0113148876 20.0169629073 21.4146730946 21.4358552047 21.438424382 21.4954162058 21.6988977659 21.6989777383 21.7001372535 21.7757702373
383 2.2052556014 2.2544702631 2.5100418747 2.5209216308 2.8712318397 2.8733661425 3.3992982861 3.4104637304 3.7424234439 3.8528482496 3.9043917665 4.0068702578 4.0420644734 4.0579337579 4.0917044276 4.112983145 4.1407722154 4.1756891447 4.2176329452 4.2270369524 4.2448490491 4.2674256619 4.3972981951 4.4039850469 4.4147316204 4.4154332682 4.57160447 4.6477375372 4.766191135 4.7901028199 4.7975598001 4.8359934764 4.9662939654 4.9690040827 4.9709497797 5.0130067993 5.0384342651 5.0876918375 5.332298034 5.3834391682 5.4048304736 5.4274099806 5.4535994554 5.4655647591 5.5516648277 5.5694585078 5.5744538536 5.5946564644 6.147328773 6.1624478389 6.3316869073 6.3359801334 6.3444035826 6.35059225 6.3584296839 6.3662955084 6.3690474125 6.4059679728 6.7797847952 6.7978433645 6.8139304048 6.8161824822 6.8226523227 6.8242561857 6.8530063335 6.8540451775 6.8709204324 6.8733340225 6.8858026401 6.8951131838 6.9985014858 7.0253482463 7.2230715594 7.3113520721 7.3599563293 7.3882003254 7.755914427 7.7838505475 7.9405442249 7.9926658795 8.2354644212 8.3260879256 8.9822904857 9.0693496149 9.1515801884 9.1760300935 9.2676436193 9.2919130656 9.6778663244 9.6902478632 9.696769412 9.7106223731 10.3950052784 10.4305774377 10.9205691227 10.9654322256 16.4725760536 16.5094878229 16.5636155756 16.5980352953 16.793954211 16.8325981641 16.8766891124 16.9366505351 16.9669913797 16.9867592309 17.0110104473 17.0186562257 17.0745137611 17.0888866298 17.1055256826 17.2307210053 17.5035605168 17.5201807092 17.5570760925 17.5958764221 17.6203271514 17.6507981912 17.6730584954 17.6931587185 17.9468724668 18.0541019949 18.0921772502 18.1760803336 18.2602856206 18.2978669542 18.3141324415 18.3571430737 19.5020995118 19.5134462087 19.5849449557 19.5914753338 19.8003998853 19.8020149332 20.0085806429 20.0147272112 21.4165079843 21.4399977124 21.4426254222 21.4996962802 21.6946709822 21.6947087028 21.6959713981 21.773948093
384 2.2016958109 2.252083541 2.5226972036 2.5338637772 2.8435670329 2.8473525665 3.377994894 3.3893494038 3.7414772782 3.8531384519 3.8980514324 4.0023200835 4.062178957 4.0677623964 4.1130663615 4.1225003607 4.1519962232 4.1768137275 4.2208990937 4.2317708205 4.258552765 4.273502498 4.3923963347 4.4003709816 4.430758776 4.4313542726 4.561068572 4.6369435904 4.7756387758 4.78681964 4.792100961 4.8465993883 4.9611215554 4.9628246018 4.9724511811 5.0158184806 5.0367831051 5.0850416706 5.3313910286 5.3828393713 5.4005142634 5.4222861594 5.4572925981 5.4691093816 5.5376598418 5.5604986946 5.5696256627 5.5942116756 6.1516304244 6.1690784828 6.3269867752 6.3343951376 6.3411120229 6.3438335505 6.3483271469 6.3624591453 6.3833554148 6.4030979883 6.7807662805 6.799246751 6.8151720986 6.8175751146 6.8256069566 6.8285002925 6.8525350329 6.8559314511 6.8698269923 6.8789445333 6.8846270602 6.8941248541 6.9954079591 7.0227818343 7.243016369 7.332002917 7.3685228949 7.3969142382 7.7487595366 7.7769188981 7.9364828264 7.990258052 8.2346144115 8.3278263188 8.9541706857 9.0433154668 9.1438293729 9.1681449985 9.2586393247 9.2829116625 9.6842241675 9.6962874959 9.7018237195 9.7155588576 10.4149734273 10.4521548922 10.9174125895 10.9634827647 16.4683199985 16.5046373091 16.5568413188 16.5911923608 16.7914336229 16.8297549426 16.8851426025 16.935089629 16.9645179393 16.9891700633 17.013938363 17.0301870341 17.0764140675 17.0915015441 17.1072892815 17.2371796985 17.5041270974 17.5221172516 17.5583746561 17.5979752574 17.6187991309 17.6501929225 17.6707855971 17.6917670261 17.9405574082 18.0465028918 18.0907480726 18.1726456778 18.2630436633 18.3008741138 18.3164216937 18.3595694739 19.5017165539 19.5139851148 19.5822460368 19.589464876 19.8050811323 19.8070096295 20.0057526157 20.0124268602 21.4184424915 21.4442679673 21.4469496972 21.5039908176 21.6903184526 21.6904179595 21.6916805197 21.7720334983
385 2.1987244996 2.250195357 2.5357401416 2.5471811394 2.8161626248 2.8216762607 3.3567041929 3.3682431465 3.7407503647 3.8536130869 3.8917744303 3.9977420094 4.077473612 4.082720382 4.1321057923 4.1343400073 4.1623361938 4.1781737523 4.2241459957 4.2364186214 4.2686257609 4.2823314676 4.387622958 4.3966956941 4.4466739128 4.4471876944 4.5504870242 4.62608011 4.7838791896 4.7851201087 4.7865622264 4.8571436222 4.9545816725 4.9561977323 4.9750522494 5.0185081324 5.0354154163 5.0822604532 5.3305129104 5.3821012262 5.3962506146 5.4172418793 5.4609953555 5.472696089 5.5234312267 5.5462586898 5.5696417403 5.5936297063 6.1560279534 6.1758345003 6.3182755105 6.3246943568 6.3323303529 6.3383030487 6.3559892822 6.3582509532 6.3981746031 6.4005300744 6.7817927343 6.8006675648 6.8164477956 6.8184077415 6.827074086 6.834098515 6.8510011391 6.8583172153 6.8686794546 6.8833977057 6.8843832621 6.8930972058 6.9922269327 7.0201474733 7.2631447747 7.3527624651 7.3771179372 7.4056569744 7.7415322909 7.7699118043 7.9318853236 7.9873366254 8.2343093402 8.3299968823 8.9263074209 9.0174834461 9.1365082067 9.1606762775 9.2497294679 9.2739918852 9.6903261455 9.7020708259 9.7066844557 9.7203183276 10.434579683 10.4733153008 10.914046414 10.9612710379 16.4642927264 16.500040572 16.5502013143 16.5844405855 16.7890275789 16.8269876966 16.8935106895 16.9336229994 16.9620960129 16.9914721421 17.016707489 17.0415933335 17.0782292924 17.0940341573 17.1089836563 17.2433232446 17.5046935553 17.5241097509 17.5597627856 17.6000955358 17.6172466841 17.6495580855 17.6684567658 17.6903253704 17.9344828205 18.038908986 18.089482498 18.1692087409 18.2657344732 18.3033689349 18.3190243602 18.3618491335 19.5013265797 19.5145519014 19.5796053787 19.5875525961 19.8097322989 19.8120103878 20.0028323017 20.0100655514 21.4204689414 21.4486617967 21.4513929852 21.5082902644 21.6858445018 21.6861151563 21.6872688738 21.7700339464
386 2.1963778529 2.2488372725 2.5491610317 2.5608640258 2.789043754 2.796354615 3.3354321993 3.3471507017 3.7402417536 3.8542688271 3.8855653423 3.9931606673 4.0874521252 4.1032453708 4.1418124658 4.1551203539 4.1717036688 4.1801409697 4.2273773776 4.2409822284 4.2755002224 4.2934952919 4.3829787146 4.3930738498 4.4624149408 4.4628722641 4.5398635802 4.6151524382 4.7808280857 4.7814114307 4.7944738589 4.8676017001 4.9477000056 4.9493109256 4.9775351643 5.0210743253 5.0344445422 5.0794522271 5.3296650694 5.3812085349 5.3920467372 5.4123118163 5.4647030374 5.4763033844 5.5090042079 5.5317477045 5.5695126848 5.5929126235 6.1605074792 6.1826828679 6.3098423059 6.315321014 6.3237366858 6.3287033019 6.353913369 6.3686333594 6.3970853466 6.4141189931 6.7828631034 6.8021056925 6.8177485776 6.8186620948 6.8285540319 6.8395431034 6.8494453243 6.8601303418 6.8674874767 6.8821847902 6.8895739812 6.8920346812 6.9889983781 7.0174761772 7.2834002001 7.3735751188 7.3857449016 7.4144247017 7.7342340678 7.7628295308 7.9267391688 7.9838837904 8.2345893929 8.3326353683 8.8987180209 8.9918686928 9.1296340798 9.1536436512 9.2409236479 9.2651636213 9.6961705855 9.7075958316 9.7113484142 9.7248982319 10.4538182413 10.494052111 10.9104593196 10.9587847652 16.4604982209 16.4956965563 16.5437120443 16.57779602 16.7867370472 16.8243003699 16.9017864111 16.9322516193 16.9597279525 16.9936686697 17.0193648588 17.0526704053 17.080084387 17.0964814639 17.1106072018 17.2491235649 17.5052576708 17.5261553337 17.5612394425 17.6022356294 17.6156694029 17.6488975565 17.6660742755 17.688835137 17.9286716803 18.031332689 18.0883807682 18.1657738804 18.2683563574 18.3053771042 18.3219125377 18.3639809802 19.5009313008 19.51514734 19.5770230342 19.5857382431 19.8143478354 19.8170148129 19.999821243 20.0076474258 21.4225789041 21.4531749006 21.4559509492 21.5125844826 21.6812535871 21.6818105647 21.6827408318 21.7679576395
387 2.194689536 2.2480384369 2.5629500634 2.5749026345 2.7622354701 2.7714054469 3.31418509 3.3260779725 3.7399502758 3.8551021781 3.8794288093 3.9885850296 4.0974593013 4.1239466078 4.1515917249 4.173099183 4.1795620162 4.1854470911 4.2305985881 4.2454621522 4.2813385287 4.3048985591 4.3784648724 4.3895155361 4.4779681402 4.4784031693 4.5292020734 4.6041659393 4.774845048 4.7791760238 4.8038150023 4.8779510518 4.940559637 4.942185695 4.9797909022 5.0235143669 5.0339832332 5.0767354353 5.3288497198 5.3801436154 5.3879098237 5.4075294646 5.4684106237 5.479882384 5.4944346526 5.5169871237 5.5692387152 5.5920626216 6.1650563471 6.1895924219 6.3017044993 6.3062944739 6.3154812823 6.319463661 6.3496187202 6.3814855336 6.394122028 6.4298176462 6.7839762449 6.803560597 6.818223258 6.8191596351 6.8300544394 6.844822172 6.8478729578 6.8613395973 6.8662537013 6.8809283349 6.8909181407 6.8946018628 6.985749511 7.0147902187 7.3037381749 7.3938403035 7.3949604101 7.4232136214 7.726866248 7.7556724148 7.9210332403 7.9798829294 8.2354928408 8.3357760234 8.8714200742 8.9664866576 9.1232229284 9.1470655498 9.2322317811 9.2564371546 9.7017560169 9.7128607482 9.7158124744 9.7292959719 10.4726836019 10.5143591209 10.9066401195 10.9560118227 16.4569402232 16.4916030515 16.5373903418 16.5712736735 16.7845627157 16.8216969575 16.9099627573 16.9309763749 16.9574160753 16.9957613855 17.021915325 17.0629964202 17.0823663711 17.0988406342 17.1121583366 17.2545526212 17.5058171758 17.5282509289 17.5628033858 17.6043939123 17.61406674 17.6482155462 17.6636405231 17.6872977274 17.9231474192 18.023785841 18.0874437586 18.1623454879 18.2709077378 18.3069711052 18.325011689 18.3659640761 19.5005325836 19.5157722184 19.5744989817 19.5840213265 19.8189217529 19.8220205266 19.9967210268 20.005177144 21.4247631261 21.4578028563 21.4606191415 21.5168626927 21.6765502855 21.6775151486 21.6781008763 21.7658135535
388 2.1936906475 2.2478255896 2.5770972737 2.5892870593 2.7357629745 2.7468467363 3.2929692162 3.3050310379 3.7398745364 3.8561094656 3.8733695511 3.9840205615 4.1075267554 4.1447412388 4.1614356956 4.1795562138 4.1878347471 4.2006965483 4.2338196316 4.2498587561 4.2872001076 4.3156293056 4.3740839068 4.3860204748 4.4933279062 4.4937778977 4.51850646 4.5931260482 4.7685032892 4.7771245098 4.8130951555 4.8881674331 4.9331815714 4.9348294276 4.9817881134 5.0258241888 5.034139402 5.0742427351 5.3280699429 5.3788866828 5.3838473351 5.402930216 5.472106916 5.4791506861 5.4840106273 5.5020074221 5.5688207645 5.5910820208 6.1696630837 6.1965342139 6.293877576 6.2976333205 6.3075726273 6.3105956998 6.3453066181 6.3904406927 6.3952839262 6.4457343597 6.7851309342 6.8050313994 6.8172164311 6.8205279638 6.831574523 6.846267303 6.8499558368 6.8619170575 6.8649804169 6.8796450136 6.8897785664 6.8994261925 6.9824989191 7.0121055221 7.3241222002 7.4029802582 7.4153040615 7.4320199757 7.7194302222 7.748440873 7.9147579951 7.9753188218 8.2370556694 8.3394512798 8.84443144 8.9413531168 9.1172890819 9.1409589213 9.2236641142 9.2478231818 9.7070811625 9.7178640565 9.7200736375 9.7335088736 10.49117058 10.5342304902 10.902577752 10.9529402753 16.4536222062 16.4877564034 16.5312537133 16.564887622 16.7825049995 16.8191815082 16.9180326058 16.9297981169 16.9551626616 16.9977513659 17.0243578006 17.0713498402 17.0862697576 17.1011090188 17.1136355055 17.2595825778 17.5063697611 17.5303932737 17.5644531698 17.6065687605 17.6124380157 17.6475165921 17.661158029 17.6857145576 17.9179337191 18.0162802244 18.086672503 18.1589280108 18.2733871334 18.3082358841 18.3282349627 18.367797606 19.5001324383 19.5164273397 19.5720331314 19.5824011323 19.8234475301 19.8270251622 19.9935332842 20.0026599766 21.4270114557 21.4625411223 21.4653930074 21.52111341 21.6717392887 21.6732406299 21.6733535981 21.7636115097
389 2.1934096792 2.2482230661 2.5915925431 2.6040072918 2.7096516483 2.7226965715 3.2717911228 3.2840161737 3.7400129066 3.8572867609 3.8673924487 3.9794716324 4.1176550287 4.1655276739 4.1713297571 4.1818507975 4.1950912883 4.2196900518 4.237071754 4.2541727466 4.2936185293 4.3254339882 4.369840249 4.3825860514 4.5077784574 4.5084959113 4.5089913898 4.5820383625 4.7617129816 4.7751328852 4.8222983608 4.8982185566 4.9255797707 4.927249266 4.9835099428 5.0279982441 5.0350115398 5.0721196522 5.3273297125 5.3774147028 5.3798683312 5.3985523496 5.4644688883 5.4758236586 5.4861085988 5.4880659364 5.5682600296 5.5899732732 6.1743173331 6.2034817482 6.2863759335 6.2893553854 6.3000160914 6.3021055066 6.340980123 6.3875639074 6.4084970789 6.4618217311 6.7863258638 6.8065166014 6.815525329 6.8219454259 6.8331119084 6.8446624643 6.8549133246 6.8618403741 6.8636700598 6.8783357827 6.8886008568 6.9040685357 6.9792591942 7.0094333151 7.3445211138 7.4116591537 7.4360775641 7.4408401385 7.7119273986 7.7411354089 7.9079056056 7.9701778375 8.2393112314 8.3436914615 8.8177702594 8.9164841835 9.1118451283 9.1353390501 9.2152312355 9.2393328278 9.7121449296 9.7226043917 9.7241291433 9.7375341603 10.5092743184 10.5536607504 10.8982613141 10.9495584082 16.4505473448 16.4841511364 16.5253207473 16.5586511057 16.7805640438 16.8167581253 16.9259876772 16.9287186984 16.9529699518 16.9996393211 17.0266898665 17.0760509068 17.0934500354 17.1032841518 17.1150371814 17.2641860116 17.5069130845 17.5325789206 17.566187143 17.6087585509 17.610782429 17.6468055435 17.6586294373 17.6840870581 17.9130542633 18.0088278609 18.0860679357 18.1555259686 18.2757931442 18.3092442861 18.3315077469 18.3694808676 19.4997330039 19.5171135204 19.5696253313 19.580876741 19.8279179989 19.8320263604 19.9902596894 20.0001019149 21.4293127623 21.4673850428 21.4702678899 21.5253243767 21.6668253989 21.6685036848 21.668999568 21.7613622518
390 2.1938724818 2.2492528039 2.6064255824 2.6190532168 2.6839270459 2.6989731318 3.2506575723 3.2630398787 3.7403635106 3.8586286916 3.8615037421 3.9749422388 4.1278417223 4.1812278092 4.1828652015 4.1871319282 4.2014997501 4.2375229001 4.2408843829 4.2584065043 4.3011208808 4.33427372 4.3657418805 4.379209055 4.4970291763 4.5234690053 4.5240346238 4.5709089477 4.7543907322 4.7730535645 4.8314093244 4.9080000022 4.9178102885 4.9194772923 4.984943642 5.030029418 5.0366843043 5.0705215847 5.3266339006 5.3756551348 5.3760315101 5.3944356764 5.4494146016 5.4712751876 5.4795115646 5.4911150204 5.5675579199 5.5887389736 6.1790097772 6.2104110892 6.2792129113 6.2814777022 6.2928163735 6.2939987644 6.3366399543 6.3843302912 6.422266468 6.4780430256 6.7875596258 6.8080119364 6.8131490353 6.8233944459 6.8346622241 6.843046664 6.8596551564 6.8611456147 6.8623274224 6.8770011907 6.8873878304 6.9085333365 6.9760386503 7.0067812861 7.3649073693 7.420341252 7.4496698109 7.4567862162 7.7043592088 7.73375662 7.9004700747 7.9644481154 8.2422899333 8.3485245144 8.7914549667 8.8918963179 9.1069018013 9.1302193926 9.2069440864 9.2309776609 9.7169464011 9.7270800192 9.7279770172 9.7413689279 10.5269902999 10.5726448158 10.8936800932 10.9458547564 16.44771848 16.4807794653 16.5196116321 16.5525766194 16.7787397269 16.8144309655 16.9277330381 16.9338264671 16.9508401445 17.0014257273 17.0289088477 17.0780013934 17.102982581 17.1053637548 17.1163618703 17.2683361692 17.50744478 17.5348042455 17.5680034483 17.6090990748 17.6109616604 17.6460875386 17.6560575159 17.6824166723 17.908532443 18.0014412011 18.0856307448 18.1521439655 18.2781244342 18.3100501792 18.3347745412 18.371013264 19.4993365304 19.5178315899 19.5672753712 19.5794470493 19.832325208 19.8370217665 19.986901958 19.9975098055 21.4316548507 21.472329852 21.4752390337 21.5294824874 21.6618135239 21.6635559317 21.6648054231 21.7590775262
391 2.1951022361 2.250934348 2.6215859052 2.634414594 2.6586148865 2.675694686 3.2295755764 3.2421089113 3.7409242092 3.8557004855 3.8601389969 3.9704362846 4.1380836229 4.1851591554 4.1911827982 4.2046864824 4.2097728534 4.243236089 4.2549700444 4.2625758126 4.3103508064 4.3422350819 4.3618055347 4.3758864455 4.4862565989 4.5382540518 4.5388995525 4.5597466805 4.7464646633 4.7707201087 4.8404124847 4.9094508596 4.9112545192 4.9181743566 4.9860778843 5.0319089248 5.0392248764 5.0696087362 5.325988257 5.3721507 5.3737854057 5.3906163334 5.4342228794 5.4557011635 5.4831771066 5.4947513937 5.5667160426 5.587381875 6.1837320448 6.2173008196 6.2724006729 6.2740165349 6.2859710101 6.2862885526 6.3322863444 6.3809961419 6.4363115661 6.4943626859 6.7888306615 6.8094124016 6.8101783973 6.8248695941 6.8362139837 6.8414355264 6.8595643819 6.8609400013 6.8644479072 6.8756417764 6.886140805 6.9128269201 6.9728424732 7.004154409 7.3852558857 7.4290299066 7.4585062407 7.4773968555 7.6967271148 7.7263052045 7.8924473288 7.9581197202 8.2460189657 8.3539757658 8.7655042997 8.8676063339 9.1024678914 9.1256114327 9.1988139722 9.2227697076 9.7214848262 9.7312831142 9.7316218077 9.7450101284 10.5443143589 10.5911779941 10.8888235978 10.9418181323 16.4451380759 16.477630678 16.5141488029 16.5466759973 16.7770316627 16.8122042369 16.9268493103 16.9415340535 16.9487753938 17.0031108985 17.031012147 17.0787431659 17.1073457013 17.1133036052 17.1176081255 17.2720072691 17.5079624697 17.537065457 17.5699000242 17.6073869682 17.6131764649 17.645367973 17.6534451572 17.6807048561 17.9043910239 17.9941332581 18.0853612847 18.1487866991 18.2803797121 18.3106909377 18.3379964751 18.3723942973 19.4989453573 19.5185823888 19.5649829871 19.5781107936 19.8366602567 19.8420090288 19.9834618462 19.9948915131 21.4340243731 21.4773706787 21.4803015901 21.533573712 21.656708672 21.6585152194 21.6606726571 21.7567701658
392 2.1971194284 2.253284849 2.6337407772 2.6370629902 2.6500807414 2.6528799481 3.2085524397 3.2212303392 3.7416925733 3.8499994783 3.8618016099 3.9659577176 4.1483770588 4.1870057966 4.2010546764 4.2108015336 4.2291960804 4.2466316659 4.2664504967 4.2689470063 4.3217644173 4.3495709281 4.3580947295 4.3726166011 4.4754678358 4.5484947883 4.5528533632 4.5536398095 4.7378774458 4.7679551789 4.8492919015 4.9012576188 4.9030620914 4.9274843027 4.9869019051 5.0336261906 5.0426805948 5.0695388366 5.3253993588 5.3684580062 5.3715785831 5.3871162867 5.4189342861 5.4399513045 5.4868247935 5.4983979007 5.5657361966 5.5859049109 6.188476607 6.224131786 6.2659497227 6.2669877658 6.2789389641 6.2795272803 6.3279193836 6.3775752753 6.4505909817 6.5107450337 6.7901370849 6.8062303635 6.8110899547 6.8263650761 6.8376976298 6.8399023691 6.8573970676 6.8595324233 6.8689579807 6.8742582806 6.8848609724 6.9169560255 6.9696735076 7.0015555397 7.4055432611 7.4377235082 7.467345323 7.49788421 7.6890326158 7.7187819705 7.8838352839 7.9511847737 8.2505220841 8.3600677203 8.7399373092 8.8436314037 9.0985501821 9.1215245629 9.1908525711 9.2147214657 9.7257596103 9.7349986224 9.7352757337 9.7484545629 10.561242693 10.6092559966 10.8836815859 10.9374376522 16.4428081658 16.4746903921 16.5089577167 16.5409604935 16.7754392053 16.8100821939 16.9260641585 16.9467778066 16.9491068809 17.004695033 17.0329973597 17.0788574251 17.1092280962 17.1187744575 17.1238106536 17.2751748406 17.5084637755 17.5393586048 17.571874607 17.6056450759 17.6154013363 17.6446524585 17.6507953798 17.6789530769 17.9006517768 17.9869177081 18.0852595234 18.1454589664 18.2825577092 18.311192026 18.3411467308 18.3736235643 19.4985618898 19.5193667677 19.5627478648 19.5768665761 19.8409130954 19.8469857974 19.9799411495 19.992256119 21.4364067418 21.4825025515 21.4854506212 21.5375830154 21.6515159465 21.6533865194 21.6566168099 21.7544541702
393 2.1999418275 2.256319049 2.6093313274 2.630546123 2.6528453309 2.6660422283 3.1875958191 3.2004116095 3.7426658477 3.844399654 3.8636182847 3.9615106144 4.1587178616 4.1888652128 4.2107266553 4.215022081 4.2482035315 4.251751332 4.2705255356 4.2797413909 4.3346674227 4.3539758486 4.3578219056 4.3694072744 4.4646685082 4.5373063001 4.5672572556 4.5681134207 4.7285878892 4.7645810736 4.8580312603 4.8927531621 4.8945878371 4.9366985349 4.9874052284 5.0351687921 5.0470780906 5.070458025 5.3248745218 5.3648699638 5.3691461252 5.3839265567 5.4035858205 5.4240588929 5.4904478345 5.5020355469 5.564620368 5.584311227 6.1932366564 6.23088639 6.2598661492 6.2604095778 6.272015148 6.2734328161 6.3235391703 6.3740685009 6.4650733995 6.527154014 6.7914758157 6.8017238501 6.8126193663 6.8278716328 6.8378566856 6.8397111255 6.8544908799 6.8580951598 6.8728420667 6.8733528276 6.8835495312 6.9209276336 6.9665328067 6.9989858562 7.4257472246 7.4464196269 7.4761835349 7.5182243743 7.6812772558 7.7111878475 7.8746338852 7.9436375583 8.2558194468 8.366819897 8.7147733667 8.8199890595 9.0951534151 9.117965993 9.1830719432 9.2068459171 9.7297703038 9.7382141795 9.7389487611 9.7516988892 10.5777718748 10.6268749485 10.8782440925 10.9327027607 16.4407302835 16.4719397436 16.504067701 16.5354408627 16.773961456 16.8080691298 16.9253781772 16.9448494431 16.9565372699 17.0061782498 17.0348623115 17.0785340884 17.1110091625 17.1198596283 17.1342928726 17.2778160914 17.5089463335 17.5416795887 17.5739247346 17.603872356 17.617634638 17.643946772 17.6481113322 17.6771628135 17.8973350811 17.979808973 18.0853250118 18.1421656678 18.2846571508 18.3115709067 18.3442066502 18.3747007527 19.4981885724 19.5201855857 19.560569643 19.5757128929 19.8450722844 19.8519497234 19.9763417013 19.9896141596 21.4387860486 21.4877204029 21.4906811049 21.5414942775 21.646240541 21.6481748862 21.6526545887 21.7521447801
394 2.2035844619 2.2600492448 2.5854121021 2.6087131405 2.6689219328 2.6822870614 3.1667138097 3.1796606519 3.7438408953 3.8389071318 3.8655835666 3.9570992511 4.1691009675 4.1907686264 4.2176351508 4.221085555 4.2529642025 4.2712526856 4.2744227627 4.2882456848 4.3460420401 4.3510292305 4.3659161976 4.3682400639 4.4538651406 4.5260669774 4.5814710575 4.5824307307 4.7185710753 4.7604316783 4.866613907 4.8840155777 4.8858880791 4.9456613274 4.9875776318 5.0365224548 5.0524239391 5.072490942 5.3244216521 5.361396895 5.3665250553 5.3809355542 5.3882951589 5.4080513188 5.4940415182 5.5056556123 5.5633707271 5.582604228 6.1980059561 6.2375462717 6.254118066 6.2543360443 6.2654974668 6.2677234756 6.3191459323 6.370474067 6.4797274675 6.5435531787 6.792831605 6.7965051841 6.8141637101 6.8293682383 6.8363914864 6.8411809886 6.8508462303 6.8566323406 6.8714185253 6.8776033552 6.8822077736 6.9247489058 6.9634200255 6.9964451887 7.4458462381 7.4551156154 7.485017347 7.5383944602 7.673462633 7.7035239047 7.8648451187 7.9354745889 8.2619275142 8.3742487102 8.6900321706 8.7966971905 9.0922802815 9.1149406887 9.175484538 9.1991565399 9.7335165884 9.7411974996 9.7423711977 9.7547396437 10.5938988625 10.6440313991 10.8725014545 10.9276032535 16.4389053738 16.4693546836 16.499512703 16.5301274434 16.7725972732 16.8061693662 16.9247916031 16.9429923096 16.963817722 17.0075606244 17.036605063 17.0778458247 17.1126872906 17.1208622784 17.1446571726 17.2799102903 17.5094078092 17.5440241634 17.57604775 17.6020678083 17.6198747147 17.6432567948 17.6453963032 17.6753355546 17.8944595124 17.9728222917 18.0855568673 18.1389118093 18.286676719 18.3118398088 18.3471629922 18.3756256395 19.4978278616 19.5210397095 19.5584479162 19.5746481629 19.8491247078 19.8568984589 19.9726653718 19.9869779115 21.4411449983 21.493019075 21.4959879394 21.5452902162 21.6408877337 21.642885453 21.6488039529 21.7498585367
395 2.2080595902 2.2644852118 2.5620095431 2.5873992429 2.6852807123 2.6988046086 3.1459150695 3.1589860322 3.7452141133 3.8335277363 3.8676923028 3.9527281809 4.1795185753 4.1927230159 4.220519706 4.2302454684 4.2565978595 4.2782182584 4.2919867171 4.2951813801 4.3474216789 4.3539025468 4.36300482 4.3830427723 4.44306578 4.5148142237 4.5954900302 4.5965605273 4.707817258 4.7553639626 4.8750153529 4.8750619135 4.8769712309 4.9543334441 4.9874092328 5.0376710751 5.058706625 5.0757316624 5.324048976 5.3580459751 5.3636971619 5.3725053149 5.3787486956 5.3919739648 5.4976013273 5.5092513216 5.5619896268 5.5807876478 6.202778627 6.244078821 6.248561629 6.2489329513 6.2594128459 6.2624033328 6.314740184 6.3667895163 6.4945202667 6.5599057404 6.7904851695 6.7942994499 6.8157143957 6.8307786307 6.834914222 6.8427742699 6.8464610191 6.855147414 6.8699657608 6.8808349411 6.8817385023 6.928427142 6.960333707 6.9939322728 7.463808457 7.4658195113 7.4938432658 7.5583721308 7.6655904107 7.6957913864 7.8544729965 7.9266946532 8.2688590106 8.3823673978 8.6657337509 8.7737740359 9.0899314407 9.1124513396 9.1681032005 9.1916673201 9.7369982612 9.7439562326 9.7455338081 9.7575732801 10.6096210109 10.6607223309 10.8664443356 10.9221292983 16.4373336704 16.4669057754 16.4953315545 16.5250302508 16.7713452876 16.804387237 16.9243045477 16.9412083607 16.9709406595 17.0088422328 17.0382238987 17.0768252007 17.1142609988 17.1217812179 17.1548507321 17.2814391474 17.5098459139 17.5463879403 17.5782408061 17.6002305344 17.6221198667 17.6425881978 17.6426539943 17.673472799 17.8920414285 17.9659737854 18.0859537667 18.1357025024 18.2886150015 18.3120075797 18.3500061203 18.3763980898 19.497482197 19.5219300114 19.5563822375 19.5736707576 19.8530552354 19.8618296569 19.9689140666 19.9843617276 21.4434648682 21.4983933243 21.5013659481 21.5489523167 21.6354628817 21.6375234265 21.6450841919 21.7476133152
396 2.2133766557 2.2696340586 2.5391501707 2.5666234849 2.7019088604 2.7155833043 3.125209007 3.1383971903 3.7467813042 3.8282676598 3.8699390232 3.9484023377 4.1899399955 4.1947501863 4.2226083365 4.2391222815 4.260495659 4.2819207385 4.3010854474 4.3127129135 4.3446423186 4.3580310274 4.3599498207 4.4011675916 4.4322820398 4.503557401 4.6093102822 4.6104988191 4.6963299441 4.7492669723 4.8658733539 4.867842383 4.8832412415 4.9626850018 4.9868906445 5.0385967824 5.0658993967 5.0802372623 5.3237643567 5.3548107578 5.3564496479 5.3616994837 5.3749512442 5.3770645163 5.5011227784 5.5128163109 5.5604796025 5.5788656558 6.2075487868 6.2433805355 6.2440217387 6.2502236548 6.2540288543 6.2574803747 6.3103229918 6.3630122241 6.5094171018 6.5761746462 6.7838333199 6.7957156001 6.8172647261 6.8316171617 6.8340125879 6.841326622 6.8443974306 6.8536450012 6.8684913218 6.8794371592 6.8857523092 6.931969741 6.9572714949 6.9914449494 7.4724960128 7.48564558 7.5026578399 7.5781352892 7.657662334 7.6879917908 7.8435235174 7.9172988219 8.2766229475 8.3911859932 8.6418984717 8.751238173 9.0881055629 9.1104983562 9.1609411778 9.1843927654 9.7402152118 9.7464891405 9.7484366019 9.7601962201 10.6249360809 10.6769451692 10.8600637482 10.9162714548 16.4360145268 16.4645591771 16.4915670752 16.5201590851 16.7702039223 16.8027270676 16.9239170226 16.9394994958 16.9778983542 17.0100232195 17.039717306 17.0754889698 17.115728902 17.1226153696 17.1648367215 17.2823871762 17.5102584219 17.5487663788 17.5805008689 17.5983598128 17.6243682751 17.6398873112 17.6419476505 17.6715760545 17.8900945652 17.9592805197 18.0865139473 18.1325429639 18.2904704172 18.3120809228 18.3527288269 18.3770180593 19.4971539726 19.5228573684 19.554372121 19.572779031 19.8568463355 19.8667409717 19.9650897253 19.9817824242 21.4457255072 21.5038378269 21.5068098845 21.5524607705 21.6299714157 21.6320940814 21.641515992 21.7454283196
397 2.2195422081 2.2754999571 2.5168608884 2.5464053781 2.7187923323 2.7326108957 3.1046060727 3.1179048231 3.748537469 3.8231337176 3.8723177493 3.9441271897 4.1966389405 4.2005627347 4.224130717 4.2471871891 4.2649527324 4.2855231436 4.306399078 4.3332389872 4.34216788 4.3567959354 4.3607112335 4.4203801115 4.4217516119 4.4923066993 4.6229267447 4.6242422722 4.6841237708 4.7420667569 4.856474996 4.8585073597 4.8912514497 4.9706883055 4.9860131825 5.0392800716 5.0739635271 5.0860253589 5.3235719582 5.3412714251 5.3517464985 5.358018866 5.3601372156 5.3741381893 5.5046013823 5.5163440477 5.5588433747 5.5768430258 6.212309779 6.2386819139 6.2395286506 6.2481504911 6.2529460979 6.257171004 6.3058965204 6.3591396223 6.5243816128 6.5923226561 6.7764633626 6.7971754232 6.8188035297 6.8308192789 6.8347715199 6.8354611609 6.8460160861 6.8521340304 6.8669963282 6.8780116183 6.88965479 6.9353841559 6.9542302957 6.9889803306 7.4811749037 7.5053041893 7.511457735 7.597661702 7.6496802547 7.6801270927 7.8320046072 7.9072904302 8.2852247054 8.4007113392 8.6185470351 8.7291084985 9.0867993923 9.1090798886 9.1540121255 9.1773479235 9.7431673924 9.7487942764 9.7510806187 9.7626049144 10.6398422483 10.6926977908 10.853351075 10.9100206918 16.4349461723 16.4622796944 16.4882631453 16.5155236713 16.76917142 16.8011931468 16.9236289454 16.937867557 16.9846828053 17.0111039278 17.0410839477 17.0738470314 17.1170896648 17.1233638211 17.1745852872 17.2827420148 17.5106431888 17.5511547625 17.5828247205 17.5964551927 17.6266177116 17.6371012849 17.6413401157 17.6696468379 17.8886296554 17.9527605736 18.0872352116 18.1294385147 18.2922411061 18.3120652626 18.3553255654 18.3774855982 19.4968455083 19.5238226601 19.5524170439 19.5719713491 19.8604776449 19.8716300594 19.9611943205 19.9792597088 21.4479053928 21.5093471839 21.5123144372 21.5557944283 21.6244188342 21.6266027561 21.6381214883 21.7433240221
398 2.2265597598 2.2820836423 2.4951692968 2.526765226 2.7359151296 2.7498740592 3.0841182269 3.0975215241 3.7504764705 3.8181336972 3.8748217463 3.9399089869 4.1987391292 4.2110184511 4.2251580575 4.2539887795 4.2702582824 4.2890175872 4.3112960382 4.3401908079 4.3528800177 4.3540671753 4.3626686451 4.4107816675 4.4405836556 4.4810789406 4.636332512 4.6377853935 4.6712239318 4.7337267122 4.8468613685 4.8489731388 4.8990363269 4.9783165815 4.984769241 5.0397000347 5.0828515596 5.09307598 5.3233580536 5.3259683352 5.3429624524 5.3488118078 5.3564027195 5.3720517706 5.5080326228 5.5198273999 5.5570838586 5.5747254103 6.2170519874 6.2344700935 6.2354536106 6.2433791212 6.2488353176 6.2633007444 6.3014653794 6.3551693427 6.5393759792 6.6083124163 6.7684041451 6.7986627256 6.8203061762 6.8288599936 6.8293970157 6.836205809 6.8476040272 6.8506487708 6.8654819423 6.8765607468 6.8934511136 6.9386778356 6.9512064062 6.9865349466 7.4898423672 7.5202386518 7.5247753561 7.616928045 7.6416461763 7.672200585 7.8199260443 7.8966750394 8.2946661686 8.4109471301 8.5957004929 8.7074042049 9.0860078235 9.1081918594 9.1473301195 9.1705484119 9.7458547721 9.7508696903 9.7534671977 9.7647959084 10.6543381121 10.7079785315 10.8462980903 10.9033684044 16.434125348 16.4600364502 16.4854592246 16.5111338496 16.768245877 16.7997896922 16.9234401418 16.9363143274 16.9912854335 17.012085214 17.0423226227 17.0719062099 17.1183419309 17.1240258928 17.1840697566 17.2824946903 17.5109981701 17.553548145 17.5852089566 17.5945166202 17.6288636239 17.6343023091 17.6407714516 17.6676866741 17.8876540733 17.9464331239 18.0881149353 18.1263945787 18.293924758 18.3119654083 18.3577919401 18.3778008608 19.4965590223 19.5248267681 19.5505164494 19.5712461178 19.8639255223 19.8764945784 19.9572298562 19.9768166269 21.4499817691 21.5149159268 21.5178742349 21.55893077 21.618810698 21.6210548469 21.6349242943 21.7413220246
399 2.2344295146 2.2893814581 2.4741043249 2.5077247172 2.7532580477 2.767357762 3.0637597229 3.0772629085 3.7525904575 3.8132769369 3.8774431077 3.9357551802 4.2008100683 4.2215159597 4.2257544748 4.2593565224 4.2763487379 4.2923910273 4.3158933086 4.3389662498 4.3507106267 4.3618324854 4.374964312 4.4001357225 4.4605668117 4.4699957852 4.6495166339 4.6510719423 4.6577134192 4.7242439846 4.8370344647 4.8392495021 4.9065786217 4.9831488414 4.9855475833 5.0398347236 5.0925102382 5.1013370413 5.3103393195 5.3235522432 5.3267526701 5.3460205952 5.3540515984 5.3701426725 5.5114119333 5.5232580976 5.5552041834 5.5725198068 6.2217534745 6.2307527735 6.2318065078 6.2389903661 6.2451371692 6.2693558185 6.2970407791 6.3510993645 6.5543611499 6.6241065232 6.7596758652 6.800173313 6.8215106315 6.8217304997 6.8279686664 6.8377602254 6.8485648786 6.8497864084 6.8639495308 6.8750859714 6.8971476719 6.9418581271 6.9481956325 6.9841048943 7.4984953854 7.5289987171 7.5440366531 7.6335620211 7.6359046173 7.6642223929 7.8072993807 7.885460388 8.3049459047 8.4218939576 8.5733802845 8.6861447498 9.0857239808 9.1078279907 9.1409096774 9.1640104744 9.7482772659 9.752713629 9.7555977787 9.7667659069 10.668422699 10.7227861932 10.838896981 10.896306428 16.4335467447 16.457810411 16.4831831148 16.506999861 16.7674252866 16.7985208063 16.9233503476 16.9348415301 16.9976961349 17.0129693932 17.043432208 17.0696720453 17.1194842171 17.1246012409 17.1932648808 17.2816398069 17.5113214398 17.5559412399 17.5876499775 17.5925446189 17.6309850291 17.6316136358 17.6402469598 17.6656970969 17.8871714918 17.9403185732 18.0891500743 18.1234166856 18.2955183389 18.3117861568 18.3601243529 18.3779641243 19.496296605 19.5258705733 19.5486697483 19.5706018102 19.8671626358 19.8813321904 19.9531983664 19.974479973 21.4519308882 21.520538523 21.5234838512 21.561845899 21.6131526238 21.615455803 21.6319495027 21.7394448243
400 2.2431478354 2.2973834428 2.4536975605 2.4893080405 2.7707963493 2.7850441355 3.0435484807 3.0571497097 3.7548688406 3.8085753534 3.8801720062 3.9316751758 4.2028717656 4.2259162499 4.2320612824 4.2635869975 4.2825849043 4.2956224103 4.3202526119 4.338812343 4.3477103356 4.3620780066 4.3895918229 4.3947711317 4.4585510705 4.4809083657 4.643388338 4.6624709791 4.664328738 4.7136434861 4.8269963085 4.8293509341 4.9138612432 4.981153457 4.9923501417 5.0396617076 5.1028829293 5.1107319741 5.2949689002 5.3104287775 5.3237686896 5.3433884242 5.3519549808 5.3683955132 5.5147346544 5.5266258642 5.5532077358 5.5702353867 6.2262566334 6.2275505875 6.2286779446 6.2350882371 6.2418647528 6.275242872 6.2926586638 6.3469282351 6.5692970734 6.6396675592 6.7503011323 6.8017035245 6.8135030306 6.8227452045 6.8268729872 6.8393424765 6.8473382449 6.851114934 6.8624008473 6.8735887327 6.9007510064 6.9449295984 6.945195924 6.9816860148 7.5071307095 7.5377333904 7.5630679614 7.6254311787 7.6541297748 7.6566335904 7.794137878 7.8736563574 8.3160593808 8.4335492807 8.5516083732 8.6653498223 9.0859392817 9.1079797895 9.1347658064 9.1577510949 9.7504346184 9.7543246889 9.757473802 9.7685118342 10.6820954659 10.7371200482 10.8311403711 10.8888270522 16.4332021024 16.4556012129 16.4814445828 16.5031328071 16.7667075892 16.797390425 16.9233592081 16.9334508266 17.0038993203 17.013764181 17.0444115546 17.0671497771 17.1205147486 17.125090019 17.2021459726 17.2801756483 17.51161121 17.5583281988 17.5901439599 17.5905405808 17.6286295284 17.6333901068 17.6397715945 17.6636796482 17.8871815047 17.9344387776 18.0903371651 18.1205104806 18.2970176321 18.3115329707 18.3623197415 18.3779758239 19.4960601945 19.526954955 19.5468763215 19.5700369908 19.8701576749 19.8861405613 19.9491019143 19.9722805782 21.4537283781 21.5262093813 21.5291378101 21.5645145722 21.6074502793 21.6098111213 21.6292236397 21.7377154594
401 2.2527061556 2.3060691779 2.433986271 2.4715441079 2.7884951409 2.8029103736 3.0235086338 3.0372119711 3.7572963636 3.8040453709 3.8829952567 3.9276817762 4.2049074914 4.2257781626 4.2425486251 4.2670830024 4.2881234279 4.2986769325 4.3244015175 4.3401472583 4.3447142274 4.3614926874 4.3792427731 4.4146155131 4.4474650181 4.5007792881 4.6285847935 4.6751645348 4.677258039 4.7019723742 4.8167490934 4.8193003742 4.9208673324 4.9787738981 4.9987065682 5.0391589501 5.1139114261 5.1211678807 5.2796723854 5.2942188771 5.3240620714 5.3409202139 5.3501129018 5.3668192815 5.5179959482 5.5299168269 5.5510982541 5.5678850536 6.2247945171 6.2256624428 6.2301251726 6.2325800304 6.2390427334 6.2807364872 6.2885347352 6.3426554751 6.5841429176 6.6549580499 6.7403056912 6.8032487523 6.804777134 6.8227360847 6.8268228334 6.8409026982 6.8458602581 6.8527256132 6.860838552 6.8720705256 6.9042677371 6.9421939854 6.947907273 6.9792741596 7.5157446486 7.5464391317 7.5818472583 7.6172564012 7.6479744778 7.673044194 7.7804564937 7.861274998 8.3279992062 8.4459070127 8.5304077707 8.6450393111 9.0866434421 9.1086364118 9.1289141129 9.151788242 9.7523262032 9.7557020287 9.7590966412 9.7700308859 10.6953562939 10.7509798376 10.823021356 10.8809230329 16.4330787142 16.4534303491 16.4802328665 16.4995454599 16.766090732 16.7964022584 16.9234662786 16.9321438168 17.0098437431 17.0145128105 17.0452592684 17.0643450708 17.1214311995 17.1254931329 17.2106884846 17.2781041843 17.5118658486 17.5607021526 17.5885072853 17.5926867954 17.625805071 17.6356264608 17.639349891 17.66163588 17.8876790816 17.9288175086 18.0916723082 18.1176817528 18.2984164457 18.3112129239 18.3643753512 18.3778366247 19.4958515544 19.5280807883 19.5451355227 19.569550339 19.8728753348 19.8909173616 19.9449425906 19.970253326 21.4553497574 21.5319228576 21.5348305906 21.5669103007 21.6017093767 21.6041263413 21.6267745394 21.7361570215
402 2.263088587 2.3153976788 2.4150211259 2.454471338 2.8062993759 2.820924544 3.003675568 3.0174982071 3.7598492328 3.7997117934 3.8858933518 3.9237941496 4.2068910547 4.2253486399 4.2529937522 4.2700902292 4.2923140526 4.3014946712 4.3283415989 4.3415299547 4.3435058861 4.3603708229 4.369231564 4.4338833402 4.436803159 4.5204158018 4.6132063786 4.6875571568 4.6890424846 4.6902399588 4.8062954444 4.8091369898 4.9275802691 4.9760092406 5.0045935815 5.0383063079 5.1255370087 5.1325428698 5.264489301 5.2780921119 5.3245012462 5.3386230124 5.3485378291 5.3654317376 5.521190605 5.5331103435 5.5488800512 5.5654885722 6.2225668833 6.2233129665 6.2280677614 6.2356405152 6.2371626247 6.2824487637 6.2880551796 6.3382824368 6.5988572772 6.6699401101 6.7297187148 6.7953764537 6.8048033628 6.8216602553 6.8278460774 6.8422509292 6.8445721517 6.8543555612 6.8592685758 6.8705329314 6.9077045091 6.9391931785 6.9507883378 6.9768656864 7.5243325969 7.5551117994 7.6003462954 7.609048125 7.6398238435 7.6910490597 7.7662720112 7.8483307362 8.3407553878 8.4589548492 8.5098053067 8.6252332919 9.0878243273 9.1097842055 9.1233710699 9.1461414384 9.7539506613 9.7568457344 9.7604675538 9.7713205715 10.708205466 10.764365748 10.8145335722 10.8725876034 16.4331568649 16.4513401705 16.4795186753 16.4962538254 16.765572734 16.7955597247 16.9236710216 16.9309220405 17.014432962 17.0163034278 17.0459731428 17.0612649723 17.1222302831 17.1258126477 17.2188678283 17.2754309831 17.5120838978 17.563054202 17.5864499748 17.595273924 17.6229754414 17.6378620067 17.6389859028 17.6595673562 17.888653507 17.9234814934 18.0931511031 18.1149365115 18.2997051877 18.3108362302 18.3662884685 18.3775475791 19.4956722538 19.5292489411 19.5434466814 19.5691406688 19.8752767764 19.8956602673 19.9407225131 19.9684366903 21.4567711001 21.5376732598 21.5405566315 21.5690055907 21.5959356678 21.59840704 21.6246310639 21.7347920292
403 2.274266095 2.3252779772 2.3968899992 2.4381491022 2.8241097814 2.8390365129 2.9841066945 2.9980977891 3.7624867455 3.7956161767 3.8888337811 3.9200445133 4.2087842089 4.2246944043 4.2633399626 4.272708305 4.2949317863 4.3039668957 4.3320415115 4.3383584841 4.3486658112 4.3584295668 4.3602628124 4.4253330268 4.4537949076 4.5397005868 4.5973129724 4.6756225671 4.6995932646 4.7025421059 4.7956391121 4.798934026 4.9339834731 4.9728597624 5.0099879974 5.0370885218 5.1377003993 5.1447516006 5.2494542718 5.2620945774 5.3250831951 5.3365058651 5.347240003 5.364254507 5.5243125566 5.5361720945 5.5465586262 5.5630793422 6.2208250121 6.221370582 6.2255329845 6.2344498217 6.2408977959 6.2786180504 6.2929845145 6.333814384 6.613398362 6.684573189 6.7185748018 6.785323971 6.8063562228 6.8202258467 6.8292423328 6.842111245 6.8447685483 6.855950382 6.8577269997 6.8689776887 6.9110679133 6.9361849704 6.9535796834 6.9744585911 7.5328878518 7.563746147 7.6007818224 7.6185724665 7.6316076739 7.7086982806 7.7516035793 7.8348411051 8.3543155804 8.4726383694 8.4898675539 8.6059520892 9.0894673624 9.1114053447 9.1181547401 9.1408332154 9.7553052299 9.7577574926 9.761587645 9.7723787459 10.7206436002 10.7772782552 10.805671439 10.8638144861 16.4334053825 16.4493916269 16.4792575441 16.493280501 16.765151756 16.7948658799 16.9239727994 16.9297869848 17.0152780734 17.021515994 17.046548315 17.0579202521 17.1229071228 17.1260524129 17.2266593408 17.2721650337 17.5122640912 17.5653709844 17.5843788293 17.5978999319 17.6201500733 17.6386831466 17.6400912189 17.6574756609 17.8900858016 17.9184630283 18.0947684507 18.1122811955 18.300868249 18.3104189346 18.3680559563 18.3771105146 19.4955236501 19.5304602693 19.5418091087 19.5688069466 19.8773208115 19.9003669595 19.9364438263 19.9668715518 21.4579698421 21.5434548532 21.5463103352 21.5707724543 21.5901349394 21.5926588276 21.6228225385 21.7336416756
404 2.2861799173 2.3354535018 2.3798184204 2.4226894819 2.8417163112 2.8571561138 2.9649066331 2.97920415 3.7651316763 3.7918364433 3.8917543035 3.9164948648 4.2105272346 4.2238949026 4.273379379 4.2750567287 4.2962124202 4.3058792873 4.3343805841 4.3357045459 4.3513262909 4.3554187834 4.3576015821 4.4144768458 4.4729242737 4.5584445982 4.5810596233 4.6611101725 4.7111012515 4.7148482018 4.7847871766 4.7888452668 4.9400594952 4.9693291506 5.0148593891 5.0355026542 5.1503391552 5.1576879188 5.2346077763 5.24627523 5.3258017838 5.3345833398 5.3462262255 5.3633099187 5.5273534255 5.5390372904 5.5441429963 5.5607203026 6.2195550458 6.2198599065 6.2234254149 6.2329362674 6.2453870679 6.2743069442 6.2982696972 6.329266497 6.6277241487 6.6987688492 6.7069586916 6.7746444928 6.8078874342 6.8187158442 6.8307395316 6.8407517845 6.8461904683 6.855974743 6.857746871 6.8674068948 6.9143643022 6.9331639346 6.9562799248 6.9720557039 7.5413981055 7.5723338962 7.5925121507 7.6233440015 7.6364563511 7.7259527324 7.736474626 7.8208292423 8.36866529 8.4702992983 8.487262346 8.5872166124 9.0915534935 9.1132816277 9.1134788981 9.1358934398 9.7563844939 9.7584418384 9.7624578429 9.7732036322 10.7326714361 10.7897148835 10.7964336228 10.8545979079 16.4337741475 16.4476651088 16.4793883776 16.4906627817 16.7648261707 16.7943233474 16.9243708492 16.9287401078 17.015686525 17.0268324198 17.0469689253 17.0543348738 17.1234543813 17.1262189304 17.2340383548 17.2683184891 17.512405369 17.5676279571 17.5823157309 17.6005573 17.617337312 17.6384445601 17.6423117 17.6553624207 17.891941237 17.9138075379 18.0965179094 18.1097233263 18.3018792435 18.3099877244 18.3696730674 18.3765291662 19.4954068739 19.531715604 19.5402221096 19.5685483064 19.8789660293 19.9050351217 19.9321087046 19.9655990695 21.4589256896 21.5492618629 21.5520860683 21.5721833822 21.5843130122 21.5868873448 21.6213777144 21.7327249851
405 2.298681205 2.3446776232 2.364945556 2.4083661071 2.8585796993 2.8750926295 2.946292271 2.9613286979 3.7676215344 3.7885356256 3.8945161653 3.9132837658 4.2120189824 4.2230663555 4.2765701097 4.2834317724 4.2966323848 4.3067597322 4.3299672928 4.3385395862 4.3453121641 4.3553763305 4.3640464102 4.4037637922 4.4917462214 4.5633574854 4.5777069806 4.6457982369 4.7217140587 4.7269178647 4.7737590279 4.7792453523 4.9457859288 4.9654288558 5.0191464747 5.0335827353 5.1633750431 5.1712401917 5.2200116851 5.2306961858 5.3266317281 5.3328879795 5.3455004048 5.3626184308 5.5302968754 5.5414460527 5.541776268 5.5585436249 6.2186951909 6.2188210726 6.2218200689 6.2318353538 6.2497736584 6.2700320846 6.3034202602 6.3246862303 6.6417923992 6.6946579208 6.7127366036 6.7633674204 6.8093486921 6.8172490153 6.8322411035 6.839269366 6.8477588736 6.8544294027 6.8593322831 6.8658237847 6.9175991227 6.9301253126 6.958870732 6.9696764877 7.5498317221 7.5808557479 7.5842496115 7.6150530717 7.6539810309 7.7209208498 7.7427672356 7.8063342811 8.3837878605 8.4516539731 8.5022790007 8.5690499646 9.0940508583 9.1088006823 9.1159389936 9.1313756579 9.7571782826 9.7589082589 9.7630788819 9.7737938376 10.7442889685 10.7867989764 10.8016951179 10.8449326368 16.4341834087 16.4462664735 16.4798161237 16.488474645 16.7645946297 16.7939342504 16.9248641814 16.9277829407 17.0159606131 17.0319342183 17.0471379801 17.0506200224 17.1238614207 17.1263221909 17.2409803476 17.2639063471 17.5125068915 17.5697670746 17.5803166209 17.6032315038 17.614551983 17.6382724619 17.6445214283 17.6532293968 17.8941425919 17.9096004153 18.0983890798 18.1072741337 18.3026933121 18.3095876613 18.3711291328 18.3758134493 19.4953228171 19.5330157068 19.5386850281 19.5683640617 19.8801739256 19.9096624234 19.9277193678 19.9646575522 21.4596215662 21.5550884687 21.5578781461 21.5732129596 21.5784757569 21.5810982673 21.6203230795 21.7320579392
406 2.3111937447 2.3436122117 2.3612624672 2.3961146248 2.8729913535 2.8923271836 2.9288022683 2.9461590312 3.7695968072 3.7860736226 3.8967691233 3.9107613212 4.2130854349 4.222393523 4.2777123975 4.2924792699 4.2966803537 4.3055875755 4.3254706397 4.3407631641 4.3419910988 4.3538220668 4.3731893572 4.3932697299 4.5101757975 4.5464246948 4.5952334664 4.6298121549 4.730361405 4.7386552506 4.7626473271 4.7712053162 4.9511069688 4.9612067218 5.0226411309 5.03151668 5.1766274971 5.1852365263 5.2058499003 5.2154770465 5.3274735822 5.3315246523 5.3450644381 5.3621964429 5.5330826779 5.5391144786 5.5435087456 5.5568424687 6.2180932961 6.2183528649 6.2207842244 6.2311712434 6.2537404715 6.26612915 6.3081775846 6.3202796692 6.6555597112 6.6820500467 6.7260872118 6.7515366913 6.8105944737 6.8159942179 6.8336266428 6.8378874812 6.849309866 6.8528851165 6.8609401986 6.8642379573 6.9207724298 6.9270695332 6.9612507969 6.9674230561 7.5580487249 7.5761341301 7.5892328532 7.6068156054 7.6710391183 7.7050461303 7.7590116874 7.791482812 8.3996628268 8.433635835 8.5179759356 8.5514892177 9.0968618052 9.104796222 9.1186323539 9.1274497681 9.7576694804 9.7591733817 9.763451292 9.774148362 10.7554893853 10.7767962196 10.8131965922 10.8348141916 16.4345172918 16.4453310652 16.480353105 16.4868878926 16.7644561231 16.7937001527 16.9254508622 16.926917804 17.0161220522 17.036754642 17.0457006731 17.0481740983 17.1241146151 17.1263753601 17.2474611556 17.2589460877 17.5125680506 17.5716040576 17.5785642563 17.6058693664 17.6118474023 17.6381685277 17.646717753 17.6510791278 17.896442335 17.9060949399 18.1003501337 18.1049660331 18.3032400333 18.3092892961 18.3723826001 18.3750043951 19.4952721237 19.5343609648 19.5371975528 19.5682537157 19.8809127683 19.9142464023 19.9232781995 19.9640785927 21.4600445087 21.5609287419 21.5636806548 21.5726292804 21.5738401459 21.5752973602 21.6196805061 21.731652654
407 2.3191416514 2.336381141 2.3651003455 2.3900632722 2.8796192536 2.9043926322 2.9167437333 2.9391864782 3.7704038594 3.7851043012 3.8977297343 3.9097108907 4.213486121 4.2221233264 4.2781087971 4.2965117446 4.2987164447 4.3024491508 4.323556463 4.3408581245 4.3417679634 4.3531474539 4.3821912123 4.3838451295 4.5259481693 4.5310722848 4.6100621156 4.6155749976 4.7341450984 4.7477502825 4.7537609784 4.7676239797 4.9550013776 4.957679155 5.024328699 5.0303067115 5.1871030247 5.1944735516 5.1979524873 5.2029545672 5.3279250889 5.3308989469 5.3449190587 5.3620545579 5.5349568979 5.537331234 5.5442692068 5.5561529264 6.2178805094 6.2182298113 6.2204175784 6.2309494351 6.2558319339 6.2640586259 6.310953235 6.3176219585 6.6685815813 6.6694110407 6.7378034201 6.7403314584 6.8111699358 6.8154149826 6.8343741261 6.8371406105 6.8503686494 6.8518289499 6.8622704979 6.8629160231 6.9235283538 6.9243527533 6.9626278305 6.9660881802 7.5639005104 7.570316499 7.5956867405 7.6004079601 7.6848298401 7.6916499872 7.7716963379 7.779262695 8.4156767365 8.416906039 8.5328758222 8.5359690041 9.0989621368 9.1022979568 9.1203909136 9.1252802496 9.7578368415 9.75925816 9.763575393 9.7742666037 10.7654608999 10.7672238023 10.8240750865 10.8243971597 16.4346487239 16.4449978044 16.4806271354 16.4862650192 16.7644100248 16.7936220126 16.9260581938 16.9262176281 17.0161755313 17.0404188089 17.0425507087 17.0479727237 17.1242009044 17.1263912226 17.2534476074 17.2534669226 17.5125884781 17.57247802 17.5777186028 17.6077438345 17.6099506883 17.63813377 17.6487763894 17.6490358482 17.8977432901 17.9043916974 18.1018876003 18.1033128455 18.3034361267 18.3091759804 18.3730883087 18.374446858 19.4952551825 19.5356836301 19.5358274767 19.5682169672 19.8811615116 19.9187055631 19.9188666474 19.9638831531 21.4601864096 21.5667468349 21.5668037165 21.569479334 21.5695046162 21.5740508651 21.6194645975 21.7315167003
408 2.3191416514 2.336381141 2.3651003455 2.3900632722 2.8796192536 2.9043926322 2.9167437333 2.9391864782 3.7704038594 3.7851043012 3.8977297343 3.9097108907 4.213486121 4.2221233264 4.2781087971 4.2965117446 4.2987164447 4.3024491508 4.323556463 4.3408581245 4.3417679634 4.3531474539 4.3821912123 4.3838451295 4.5259481693 4.5310722848 4.6100621156 4.6155749976 4.7341450984 4.7477502825 4.7537609784 4.7676239797 4.9550013776 4.957679155 5.024328699 5.0303067115 5.1871030247 5.1944735516 5.1979524873 5.2029545672 5.3279250889 5.3308989469 5.3449190587 5.3620545579 5.5349568979 5.537331234 5.5442692068 5.5561529264 6.2178805094 6.2182298113 6.2204175784 6.2309494351 6.2558319339 6.2640586259 6.310953235 6.3176219585 6.6685815813 6.6694110407 6.7378034201 6.7403314584 6.8111699358 6.8154149826 6.8343741261 6.8371406105 6.8503686494 6.8518289499 6.8622704979 6.8629160231 6.9235283538 6.9243527533 6.9626278305 6.9660881802 7.5639005104 7.570316499 7.5956867405 7.6004079601 7.6848298401 7.6916499872 7.7716963379 7.779262695 8.4156767365 8.416906039 8.5328758222 8.5359690041 9.0989621368 9.1022979568 9.1203909136 9.1252802496 9.7578368415 9.75925816 9.763575393 9.7742666037 10.7654608999 10.7672238023 10.8240750865 10.8243971597 16.4346487239 16.4449978044 16.4806271354 16.4862650192 16.7644100248 16.7936220126 16.9260581938 16.9262176281 17.0161755313 17.0404188089 17.0425507087 17.0479727237 17.1242009044 17.1263912226 17.2534476074 17.2534669226 17.5125884781 17.57247802 17.5777186028 17.6077438345 17.6099506883 17.63813377 17.6487763894 17.6490358482 17.8977432901 17.9043916974 18.1018876003 18.1033128455 18.3034361267 18.3091759804 18.3730883087 18.374446858 19.4952551825 19.5356836301 19.5358274767 19.5682169672 19.8811615116 19.9187055631 19.9188666474 19.9638831531 21.4601864096 21.5667468349 21.5668037165 21.569479334 21.5695046162 21.5740508651 21.6194645975 21.7315167003
409 2.3024535646 2.3500730619 2.3554898383 2.4043298435 2.8586940601 2.8957395959 2.9256283824 2.9601371073 3.7606725886 3.7953628628 3.8868338984 3.9210765276 4.2115950536 4.2242069682 4.2761323737 4.2950189458 4.2973751165 4.3040912179 4.3108274304 4.3361710238 4.3555561309 4.3585296583 4.3665543297 4.4011764502 4.5012877782 4.5547452214 4.5879838682 4.6363854901 4.733998659 4.7476001346 4.7536535954 4.76751935 4.9482982736 4.9640151083 5.0172883636 5.0369286369 5.1874196122 5.1953362912 5.1983202126 5.2039971493 5.3238066902 5.3353320542 5.3428745417 5.3644215089 5.5337192891 5.5387542398 5.5433508581 5.5573464156 6.2175982916 6.2177743405 6.2215809401 6.2318154468 6.2506712068 6.2691921837 6.3046506016 6.3237804352 6.6595210851 6.6776714285 6.72817458 6.7489735342 6.8043804557 6.8221819697 6.8275075858 6.842892208 6.8456929681 6.8575844582 6.858273188 6.866906858 6.9132469754 6.9349526848 6.9555494621 6.9734398254 7.563828391 7.570496152 7.5948633182 7.6013232168 7.6759949205 7.7000621619 7.7639672256 7.7865318967 8.4046172884 8.4291333693 8.5236830261 8.5462060164 9.0882252161 9.1115473388 9.1134301112 9.1344962134 9.7544029335 9.7614092584 9.7625032454 9.7761708747 10.7570269151 10.7752230906 10.8138400344 10.8341860785 16.4343456944 16.4455761017 16.4799978081 16.4875362716 16.762043535 16.7963926832 16.9185176568 16.9341239608 17.013613854 17.0314007715 17.0500562061 17.052334069 17.1149737247 17.1357387952 17.2499487197 17.2569877128 17.5126575124 17.5724491043 17.5779014131 17.6077595903 17.6101362398 17.6382243633 17.6488060867 17.649130235 17.897049273 17.9054276694 18.0970917704 18.1083390352 18.2999585607 18.312754033 18.3639029258 18.3836029541 19.4952341335 19.5354914227 19.5360362929 19.5682753825 19.8803596111 19.9181020916 19.9194855418 19.9644392243 21.4601465395 21.5629840489 21.5661504969 21.5706652511 21.5729285895 21.5741934219 21.6194119781 21.7315963659
410 2.2802719868 2.3305724649 2.3792824341 2.4271973156 2.8290094208 2.866906759 2.9555808827 2.9894737014 3.7465576036 3.8110560228 3.8720520705 3.9372662485 4.2080473539 4.228330997 4.2703307155 4.2818107864 4.298576174 4.2996990403 4.308017425 4.3272703437 4.3522858749 4.3671436027 4.3768019751 4.4203072724 4.473345698 4.5622207963 4.579744441 4.6583653679 4.7335583871 4.7471531034 4.7533283504 4.7672065871 4.9400734754 4.9711401323 5.0075575302 5.0454049859 5.1885001739 5.197753168 5.1996855499 5.2068929242 5.3188271514 5.3384635904 5.3413290368 5.3697262192 5.5319286116 5.540747554 5.5416414485 5.5602319929 6.2170333988 6.2173844025 6.2240350339 6.2341606225 6.2428165497 6.2769911313 6.2957571473 6.3322395183 6.6492579462 6.6855404521 6.7164127403 6.7577817492 6.795860748 6.8190889225 6.8306228109 6.8391460578 6.8506325431 6.8539448935 6.8647161252 6.8712145989 6.9028971412 6.9461658288 6.94736457 6.9825352633 7.5636383582 7.5710080019 7.5932366056 7.6032246939 7.664093641 7.7106944087 7.7529968807 7.7961222548 8.3941310696 8.4431170713 8.5141359249 8.5588797525 9.0763981994 9.1011219324 9.1263584592 9.1461247121 9.7501206319 9.7570158729 9.766075966 9.7799219162 10.7473384062 10.7836083599 10.8029985042 10.8436896602 16.4336405269 16.4470864633 16.4790589368 16.4904191883 16.7565951613 16.8030521237 16.9112662763 16.942471357 17.0075463634 17.0215608763 17.0566415339 17.0625155448 17.1048737581 17.1461990373 17.2464615014 17.2605387516 17.5128644583 17.5723856263 17.5784260734 17.6078366278 17.6106625356 17.6384958009 17.6489210629 17.6493871123 17.8956910322 17.9078120207 18.0918862204 18.1142353062 18.2947158296 18.3182955416 18.3540684262 18.3933507615 19.4951718439 19.5352465391 19.5363315897 19.5684493899 19.8781070305 19.9162011555 19.9213706985 19.9660168553 21.4600281349 21.5592962974 21.5629068797 21.5746194927 21.5746487998 21.5764573018 21.6192547131 21.7318346424
411 2.2585915905 2.3097599714 2.4055318649 2.45173123 2.7987043221 2.8375846692 2.9863831833 3.0195861996 3.7324979613 3.8277288484 3.8574502505 3.9542143349 4.2042734923 4.2330602993 4.2606900311 4.2613582033 4.2962344755 4.3002677106 4.3113023608 4.3179375652 4.3414072694 4.3758844643 4.3983555607 4.4399936856 4.4445991599 4.535431447 4.6036439932 4.6789876458 4.7328214013 4.7464188116 4.752776619 4.7666890644 4.9314699599 4.9779153622 4.9973050329 5.053570169 5.1905783364 5.2012546281 5.2025847541 5.2113094426 5.3141333762 5.333601588 5.3475897773 5.3762057427 5.5302445891 5.5387286563 5.5438956962 5.563969323 6.2165362351 6.2175650447 6.2272886086 6.2342498866 6.2380090222 6.2850640166 6.2865234935 6.3407496498 6.6381937727 6.6926350663 6.703649859 6.7656440967 6.7872904257 6.8104623861 6.8336677127 6.8390236556 6.8495868347 6.8567571719 6.8725379742 6.8755745975 6.8928910703 6.9391964167 6.9578826065 6.9919454984 7.5633878861 7.5717922208 7.5914669834 7.6054497986 7.6516706652 7.7209993093 7.7414178559 7.8054009219 8.3847951295 8.4582617082 8.5055681146 8.5726386826 9.0649867269 9.0910554604 9.1396381452 9.1581687773 9.7455842451 9.7518126367 9.7694718732 9.7840128686 10.7371967076 10.7915806672 10.7917085724 10.852751334 16.4328776431 16.4491252543 16.4786459007 16.4941305897 16.7500694728 16.8115913455 16.9043841481 16.951175614 17.0000020324 17.0119384361 17.0646885643 17.0730610792 17.0949044092 17.1567658679 17.2429931004 17.264107266 17.5132088455 17.5723380812 17.5792405854 17.6080273131 17.6114754417 17.6389470558 17.6491469256 17.6497796782 17.8943818923 17.9108321392 18.08690488 18.1203666476 18.2893604879 18.3241375672 18.3442496648 18.4030312804 19.4950708441 19.5349938286 19.5366702185 19.5687353728 19.8747393174 19.913274659 19.9241320501 19.9684001318 21.4598347437 21.555715972 21.5597634131 21.5753243859 21.5787205369 21.5800749323 21.6189945624 21.7322293913
412 2.2377991406 2.2894348748 2.4327605353 2.4772139755 2.768361121 2.8082948166 3.0174323998 3.049976024 3.718877344 3.8428306458 3.8454546803 3.9716356625 4.2005819888 4.2380584788 4.2393346042 4.2479159695 4.2940636372 4.301912072 4.3086173748 4.3149586797 4.3339279422 4.3839925022 4.4150673074 4.4200725025 4.4600853774 4.5079389934 4.6263665806 4.6981771798 4.7317828515 4.7454115786 4.7519859339 4.7659723744 4.9225314638 4.9842559739 4.9867154703 5.0612932233 5.1938262921 5.2054858236 5.2073414963 5.2170488302 5.3097852529 5.3287727831 5.3541660343 5.3832625498 5.5287313332 5.5363365553 5.5467623168 5.5681925838 6.216354762 6.2183114556 6.2260985793 6.2312784429 6.2422383967 6.2770584763 6.2932250293 6.3491689173 6.6263415051 6.6899208384 6.6989733059 6.7725584724 6.7787521185 6.8017613587 6.8282296909 6.8448210166 6.8476106795 6.8623450289 6.8799526609 6.8809222701 6.8832867323 6.9314075366 6.9697672997 7.0016208758 7.5631320901 7.5727897607 7.5897252282 7.6078240812 7.6388733731 7.7293710764 7.7308680428 7.8141837022 8.376597826 8.4745486169 8.4979825079 8.5874503636 9.0540590644 9.0814639635 9.1531883946 9.1705322385 9.7408072529 9.7461973378 9.7726540921 9.7880700029 10.7266115112 10.7799697445 10.799135017 10.8613733727 16.432288873 16.4513750792 16.4790691118 16.4984339591 16.7433309456 16.8211385276 16.8978711925 16.960229989 16.9918944729 17.0025819651 17.0734655432 17.0837277217 17.085096165 17.1674071224 17.2395391733 17.267688342 17.513689891 17.5723545625 17.5802943542 17.6083678183 17.6125358363 17.6395764143 17.6494919369 17.650297682 17.8933749463 17.9142360331 18.0821628764 18.1267161127 18.2840379288 18.3300563915 18.3345458192 18.4126161525 19.4949352196 19.5347300628 19.5370580581 19.5691276149 19.8705812854 19.9095642898 19.9274441097 19.9713504853 21.4595720592 21.5522468214 21.5567220709 21.5763004433 21.5828739842 21.5837784253 21.6186343978 21.7327771236
413 2.2179978563 2.2697969079 2.460830025 2.5034679988 2.7381228702 2.7791586199 3.0485878271 3.0805227964 3.7057876002 3.8295511753 3.8628351857 3.9894427462 4.197054798 4.2171288074 4.2322518773 4.2432839352 4.2923797083 4.2988048912 4.3041210064 4.3188510335 4.32943765 4.3825197749 4.393534718 4.4414599151 4.4802563474 4.480449505 4.6478517796 4.7159132176 4.7304359199 4.7441487203 4.7509422028 4.7650642441 4.9132803908 4.9756492798 4.9903387866 5.0685326494 5.1983447497 5.2108879123 5.2134473385 5.2239918492 5.3058034845 5.3242202014 5.3610040127 5.3906837253 5.5274005679 5.5340926719 5.5498364485 5.5727539871 6.2164807062 6.2169552838 6.2205699007 6.2359682184 6.2473600954 6.2674101715 6.3014058334 6.3574641629 6.6137184992 6.6752526933 6.7045802947 6.7702758963 6.7785441097 6.7930568887 6.8228012517 6.8405637654 6.8553222841 6.8675337296 6.8739779303 6.8846939292 6.8895752485 6.9238927386 6.9819180329 7.0115435471 7.5629101866 7.5739558446 7.5880647082 7.610289043 7.6257544649 7.717031988 7.7401289613 7.822408327 8.3695184534 8.4913548831 8.4919573289 8.6032978608 9.0436616536 9.0723951858 9.1669685554 9.1831712933 9.7357906438 9.7402796845 9.7756211791 9.7919849893 10.7155847184 10.7677826289 10.8062749265 10.869558769 16.4319989597 16.4536299851 16.4804866861 16.503236091 16.7367102221 16.8313527899 16.8917259842 16.9696264033 16.9835853158 16.9935215202 17.075454858 17.082618912 17.0944730964 17.1781013847 17.2360935715 17.2712754146 17.5143065007 17.5724692729 17.5815496847 17.6088764545 17.613821271 17.6403814743 17.6499581869 17.6509362554 17.8927732454 17.9179220138 18.0776659694 18.1332753576 18.2787714028 18.3246788436 18.3363200509 18.4220817233 19.4947704303 19.5344541764 19.5374995404 19.5696187061 19.8658688462 19.9052699831 19.9310729284 19.9746694344 21.4592476167 21.5488921534 21.5537844509 21.5775373962 21.5870992224 21.5875674473 21.6181781197 21.7334731056
414 2.199238188 2.2509222403 2.4896713271 2.5304185076 2.7080538999 2.7502280131 3.0797906914 3.1111735421 3.6932643964 3.8164421872 3.8810123325 4.0075815967 4.1933411858 4.1952539899 4.2147241064 4.2486123492 4.2894464876 4.2913244597 4.3056422562 4.3229747847 4.3272318678 4.3529513164 4.3961514866 4.455068445 4.4627542185 4.5004681946 4.6680588166 4.7287719185 4.7322017703 4.7426498504 4.7496335371 4.7639743748 4.9037363841 4.9643509802 4.9959478801 5.075264549 5.2041876098 5.2176720323 5.2206058112 5.2320506622 5.3022004419 5.3200481357 5.3680808155 5.3983705279 5.5262529447 5.5320652694 5.5530963492 5.5775814131 6.2084847816 6.2174276664 6.2223468664 6.2413340679 6.2531598402 6.2575887309 6.3096031961 6.3656197628 6.600348078 6.6596763082 6.7094873384 6.7618818744 6.7836276383 6.7843944048 6.8173670437 6.8360469939 6.8620364868 6.8658046989 6.8725623295 6.8896295339 6.8984335249 6.9166560101 6.9943159698 7.0216999828 7.5627467161 7.5752585289 7.5865083784 7.6123453772 7.6128194487 7.7043315327 7.748849467 7.8300348682 8.3635300811 8.4856544858 8.5104607436 8.6201625098 9.03383706 9.0638873246 9.1809433383 9.1960520087 9.7305333747 9.7341017782 9.7783744223 9.7957166563 10.7041174801 10.7551475682 10.8130069228 10.877311024 16.4320751643 16.4557912981 16.48296271 16.5084834218 16.7303484409 16.8420799082 16.8859458689 16.9752345656 16.9793553876 16.9847819494 17.0660026653 17.0919846839 17.1052490484 17.1888284763 17.2326484263 17.2748604241 17.5150572717 17.5727038586 17.5829804563 17.6095611206 17.6153185147 17.6413591416 17.6505456032 17.6516919083 17.8926353634 17.9218329576 18.0734180053 18.1400371499 18.2735565673 18.31508634 18.3425049668 18.4314050821 19.494583087 19.5341683227 19.537996339 19.5702000104 19.8607561077 19.9005382887 19.934867197 19.9782120088 21.4588704174 21.5456548508 21.5509517791 21.579022687 21.5913281015 21.591499209 21.6176305574 21.7343114946
415 2.1815531509 2.2328526456 2.5192327609 2.5580203676 2.6781963606 2.7215348837 3.1110065552 3.1418947919 3.6813249419 3.803885187 3.8995773422 4.0260065693 4.1724976958 4.1907299262 4.1960502957 4.2539922661 4.2804751745 4.2902001968 4.3071055244 4.3213678155 4.3269510285 4.3274835735 4.3898641922 4.438750555 4.4838170888 4.520593558 4.6869640956 4.7267808519 4.7409221969 4.7469096499 4.7482273554 4.7627144759 4.8939188808 4.952761823 5.0011702828 5.0814724226 5.2113763917 5.2258464035 5.2287054444 5.2411505204 5.2989846378 5.3163180425 5.3753764997 5.4062652511 5.52528491 5.5302834455 5.5565300202 5.5826310248 6.1996814543 6.2187585331 6.2251019419 6.2461948128 6.2487536934 6.259583302 6.3178117442 6.3736235261 6.5862597218 6.6432289653 6.713730643 6.7535858682 6.7758056818 6.7878422683 6.8119151329 6.8314602169 6.8559947319 6.8702548545 6.8773364948 6.8950115907 6.9073886028 6.9096982129 7.0069423596 7.0320768996 7.5626560978 7.5766729615 7.5850687983 7.5986897015 7.6153827398 7.6913339379 7.7569624207 7.8370308658 8.3586002891 8.4808418055 8.5300304447 8.6380217639 9.0246262128 9.0559751031 9.1950800019 9.2091441256 9.7250339194 9.7276836265 9.7809157844 9.7992459805 10.6922111641 10.7420654401 10.8193387483 10.8846341164 16.4325557546 16.4578680736 16.4864638266 16.5141365522 16.7243131661 16.8532364415 16.8805270266 16.9669231675 16.9763849986 16.9894060238 17.0567465992 17.101474569 17.1160238733 17.1995681549 17.2291942545 17.2784340137 17.5159404942 17.5730713964 17.584568146 17.6104241939 17.6170186532 17.6425056271 17.6512530443 17.6525614426 17.8930034986 17.9259279836 18.0694219749 18.146994261 18.2683748254 18.3056170829 18.3487877842 18.4405634832 19.4943807095 19.5338772729 19.5385477348 19.5708621312 19.8553417688 19.8954715391 19.9387316617 19.9818777607 21.4584505156 21.5425373745 21.5482249117 21.580741848 21.5953199239 21.595802799 21.6169973718 21.7352854958
416 2.1649671821 2.2156169193 2.5494684958 2.5862359311 2.6485875552 2.6931038069 3.1422106142 3.172660355 3.6699777904 3.7918981063 3.9184822621 4.044674023 4.1503079189 4.1766392062 4.187910529 4.2591457065 4.2714988418 4.2893414044 4.2897009373 4.3090726341 4.3275978804 4.3319244713 4.3683031286 4.4368103915 4.5046155741 4.540574498 4.7045618633 4.7244522633 4.7390041905 4.7461139646 4.7606220182 4.7613519868 4.8838476481 4.9409097372 5.0060082011 5.0871452291 5.2199059696 5.235356882 5.2376784799 5.2512226079 5.2961618412 5.313072124 5.3828720231 5.4143279922 5.5244905232 5.528760366 5.5601268323 5.5878707097 6.190665514 6.2206525489 6.2285176081 6.2369782244 6.2544525696 6.2665973248 6.3260279723 6.381463011 6.5714890896 6.6259545377 6.7173511221 6.7454019057 6.7673157752 6.7912250613 6.8064388415 6.826812063 6.8478385572 6.8764350483 6.8820008073 6.9009683852 6.9030152795 6.9163845204 7.0197773444 7.0426601644 7.5626462612 7.578160344 7.5837542059 7.5848231424 7.6179733529 7.6780686591 7.7644359067 7.843367869 8.3546917111 8.4768748954 8.5506319617 8.6568489925 9.0160686169 9.0486909602 9.2093476768 9.2224195115 9.7192906711 9.7210364701 9.7832474208 9.8025628283 10.6798675591 10.7285374884 10.8252792686 10.8915324932 16.4334634266 16.459947516 16.4908836224 16.5201620774 16.7186392788 16.8647689101 16.8754645341 16.9586969232 16.9683497926 16.9997660485 17.0476961298 17.11103342 17.1267632219 17.2102998521 17.2257200816 17.2819857655 17.5169541554 17.5735795004 17.5862987365 17.6114649642 17.6189146432 17.643816443 17.6520786451 17.6535416159 17.8939121322 17.9301735387 18.0656802635 18.1541391536 18.2631938822 18.2963327595 18.3551433608 18.4495342133 19.4941714842 19.5335876101 19.5391512303 19.5715953256 19.8496903319 19.890140691 19.9426058563 19.9855979664 21.457998605 21.5395417642 21.5456043411 21.5826788417 21.5993203167 21.6002203379 21.6162849845 21.7363875286
417 2.149498932 2.199237961 2.5803344571 2.6147943387 2.6194981656 2.6649575335 3.1733827178 3.2034472386 3.6592262091 3.7804893174 3.937684986 4.0635402513 4.1282172868 4.1569068512 4.1852854056 4.2542820631 4.2625991443 4.2675033695 4.2891489579 4.3105310097 4.329271035 4.3363274728 4.3395404687 4.4416489536 4.5251191087 4.560355472 4.7208033613 4.7218338993 4.736899774 4.7439296454 4.7597220011 4.7729737958 4.8735428956 4.9288194836 5.0104695807 5.092277344 5.2297466368 5.2461010112 5.2474880779 5.2622003425 5.2937356154 5.3103420936 5.3905487618 5.4225279305 5.5238620954 5.5275007722 5.5638760085 5.5932735945 6.181436616 6.223111966 6.2264338187 6.2325643172 6.2618977792 6.2741777971 6.3342480188 6.3891242015 6.5560780154 6.6079036622 6.7203939339 6.7373427744 6.7589448323 6.7938176032 6.8009351302 6.8221046043 6.8399668736 6.8819261745 6.8865278328 6.8966031475 6.9075624465 6.9253771094 7.0327997011 7.0534343386 7.5627204259 7.5706532321 7.5798235834 7.5825743142 7.6205703749 7.664564204 7.7712410499 7.8490205873 8.3517625857 8.4737076577 8.57222778 8.6766137375 9.0082020835 9.0420651453 9.2237171371 9.2358516439 9.7133020759 9.7141675936 9.7853715128 9.805661168 10.6670889069 10.7145653062 10.830838383 10.8980110635 16.4348116983 16.4621448264 16.4960897172 16.5265293211 16.7133452158 16.87075243 16.8766376378 16.9505842076 16.9606929193 17.0104217936 17.0388595624 17.1206220356 17.137433455 17.2210026479 17.2222135819 17.2855044701 17.5180959419 17.5742322604 17.5881607923 17.612680813 17.6210001194 17.6452864004 17.6530199414 17.6546290274 17.8953910413 17.9345400944 18.0621947197 18.1614638291 18.2579639918 18.287298292 18.3615584026 18.4582945744 19.4939640387 19.5333070146 19.539803134 19.5723898424 19.8438455875 19.8845956876 19.9464505832 19.9893252829 21.4575256313 21.536669641 21.5430902018 21.5848163123 21.6033758033 21.6046924373 21.6155005733 21.737609393
418 2.1351621899 2.1837356229 2.5901489019 2.6117863846 2.6370792736 2.6445140997 3.2045053267 3.2342340489 3.6490695953 3.7696627498 3.9571438665 4.0825606226 4.1062722581 4.1370086289 4.1828582074 4.2228258554 4.2538252043 4.2712005365 4.2890622265 4.3071490939 4.3124609885 4.3318635368 4.3417342978 4.4483962968 4.5453016308 4.5798907825 4.7187255668 4.7343324927 4.7361973491 4.7414449087 4.7580220621 4.7841142574 4.8630253115 4.9165152222 5.0145657593 5.0968690372 5.2408451474 5.2576633364 5.2583958503 5.2740150027 5.2917082605 5.3081550667 5.3983883703 5.4308395752 5.523390466 5.5265041043 5.5677661914 5.5988152407 6.1719703598 6.2155740042 6.2261412315 6.2372067055 6.2700494972 6.2823046803 6.3424667173 6.3965908918 6.5400745106 6.589133822 6.7229080139 6.7294204035 6.7507103383 6.7954003161 6.7956678486 6.8173391349 6.8324319816 6.8867834233 6.8903831622 6.8909451116 6.9147308733 6.9343387815 7.0459866508 7.0643823848 7.5563859437 7.5628857495 7.5812917909 7.5817027869 7.623152986 7.6508522933 7.7773518093 7.8539668405 8.3497673382 8.4712910498 8.5947773656 8.6972821191 9.0010622984 9.0361254808 9.2381606972 9.2494153925 9.707063217 9.7070858158 9.7872901923 9.8085370601 10.6538778853 10.7001508154 10.8360269789 10.9040751934 16.4366081357 16.464565819 16.5019595231 16.5332088071 16.7084401817 16.8663837849 16.8888096299 16.9426037958 16.9534283994 17.0213582416 17.0302441377 17.1302095004 17.148001595 17.2186612166 17.2316553351 17.2889784238 17.5193632438 17.5750313874 17.5901443318 17.6140678073 17.6232687853 17.6469096077 17.6540739217 17.6558200787 17.8974663702 17.9390007607 18.05896667 18.1689596976 18.2526121406 18.2785985284 18.3680208024 18.4668219116 19.4937672432 19.5330437116 19.5404990357 19.5732361738 19.8378386572 19.8788726288 19.9502398398 19.9930265922 21.4570424511 21.5339222105 21.5406822785 21.5871356638 21.607484006 21.6092080304 21.6146522052 21.7389424294
419 2.1219661029 2.1691280518 2.5614392794 2.6095610015 2.6438078114 2.6743978174 3.2355625379 3.2650003061 3.6395041901 3.7594189784 3.9768166179 4.0845079353 4.1016884748 4.1170911108 4.1801184619 4.1902069511 4.2445892849 4.2688856659 4.2824762997 4.2892950793 4.3139466685 4.3349179201 4.3468704645 4.4556776876 4.5651394539 4.5991418969 4.7153187516 4.7320434231 4.7386685048 4.7498628149 4.756197693 4.7942209693 4.8523162188 4.9040210323 5.01831095 5.1009269934 5.2531255666 5.2690860738 5.2711930525 5.286576151 5.2900875949 5.3065504835 5.4063727436 5.439240959 5.5230651503 5.5257659788 5.5717853077 5.6044723422 6.1622340317 6.2043890895 6.2297285207 6.2424362937 6.2788727766 6.2909601288 6.3506770777 6.403844306 6.5235328007 6.5697094225 6.7216459325 6.724945699 6.7426279488 6.7898439526 6.7968150181 6.8125170666 6.8252398162 6.8845502759 6.8912055163 6.8949690654 6.9223445423 6.9432465524 7.0593136216 7.0754853912 7.5419522951 7.563131514 7.5805678949 7.5832295496 7.6256662674 7.6369985536 7.7827453027 7.8581877946 8.3486571896 8.4695737715 8.6182376795 8.7188172941 8.994682325 9.0308970087 9.2526521475 9.2630869054 9.6997845155 9.7005837663 9.7890054989 9.8111877107 10.6402375708 10.6852962443 10.840856896 10.9097307001 16.4388560854 16.467292849 16.5083934596 16.5401714634 16.7039276722 16.8623507736 16.901255147 16.9347687091 16.9465676203 17.0218560265 17.0325590986 17.1397694852 17.1584354323 17.2150484199 17.2422364796 17.292395744 17.5207531577 17.5759768876 17.5922401729 17.6156210162 17.6257140796 17.6486794703 17.6552370502 17.6571109656 17.9001609407 17.9435306473 18.0559969147 18.1766173944 18.2470381613 18.2703436996 18.3745183439 18.4750936643 19.4935900427 19.5328060821 19.5412341646 19.5741252285 19.8316927551 19.8729984762 19.9539560258 19.9966783086 21.4565595483 21.5313002687 21.5383800162 21.5896168101 21.6116394946 21.6137492538 21.6137585625 21.7403776643
420 2.1099150653 2.1554324413 2.5330721436 2.5823769281 2.6763130865 2.7048310297 3.2665395549 3.2957261427 3.6305235079 3.7497556606 3.9966599474 4.062956511 4.0972508932 4.1208810146 4.1553595118 4.1793741993 4.2295901108 4.24448406 4.2848987472 4.2897749905 4.3157827515 4.3384655462 4.3521876125 4.4630413236 4.5846105322 4.6180757554 4.7115358631 4.7293195364 4.7356545375 4.7542576575 4.7626156804 4.8034145861 4.8414384363 4.8913612543 5.0217218478 5.1044646184 5.2664887614 5.2809674305 5.285071209 5.2888988941 5.2995642765 5.3058149982 5.4144840133 5.4477126785 5.522874435 5.5252789566 5.5759205412 5.6102221001 6.1521892283 6.1928476694 6.2338692596 6.2482335317 6.2883499941 6.3001274652 6.3588699378 6.410862734 6.5065134533 6.54970188 6.7140302794 6.7265614659 6.7347123648 6.784259783 6.7973175647 6.8076401579 6.8183875046 6.8789181602 6.8952729798 6.8988321643 6.9302603451 6.9520813766 7.0727539105 7.0867222553 7.5273819471 7.5634626026 7.5797926877 7.584990358 7.6225866965 7.6285375207 7.7874022593 7.8616683012 8.3483807764 8.4685029305 8.6425636821 8.7411799312 8.9890920874 9.026401605 9.2671667029 9.2768435331 9.6922785509 9.6938515685 9.7905193509 9.8136109843 10.6261713961 10.670004105 10.8453408903 10.9149838457 16.44155566 16.4703850324 16.5153142738 16.5473881818 16.699807345 16.8586447521 16.9139458871 16.9270882803 16.9401192811 17.0137004818 17.0440067108 17.1492783411 17.1687036791 17.2113597415 17.2527245494 17.295744696 17.5222624891 17.5770674694 17.5944395471 17.6173346919 17.628328978 17.6505886941 17.656505279 17.6584976815 17.9034942317 17.9481065512 18.053285716 18.1844264178 18.2411235755 18.2626613517 18.3810383926 18.4830874342 19.4934413214 19.532602405 19.5420036481 19.5750484374 19.825426047 19.8669941022 19.9575870515 20.0002633422 21.4560868102 21.5288042077 21.5361825311 21.5922372229 21.6128035059 21.6158360553 21.6183357369 21.7419059386
421 2.0990084112 2.1426655623 2.5050801552 2.5555436649 2.7092868378 2.7357559848 3.2974223606 3.3263921754 3.6221186489 3.7406677925 4.0166289525 4.041648314 4.0775732757 4.1215250957 4.1400797611 4.1774915743 4.198408801 4.232710858 4.2902830204 4.2907299092 4.3177792847 4.342421222 4.3576629273 4.470297838 4.6036937431 4.6366636175 4.7073744314 4.7262959783 4.732465683 4.7522136428 4.7743524422 4.8118108622 4.8304229103 4.8785611105 5.0248171889 5.1075019624 5.280796166 5.2878152828 5.2937434696 5.2997606071 5.3044444916 5.3144429074 5.4227045558 5.4562373331 5.5228054515 5.5250329829 5.5801583516 5.6160419228 6.141792407 6.1809130109 6.2385531763 6.2545799679 6.2984652441 6.3097906353 6.3670336825 6.417620842 6.4890838658 6.5291897147 6.7065835075 6.7269574004 6.7278323936 6.7786532239 6.7972246156 6.8027107407 6.8118685684 6.8735228774 6.8990904819 6.9024939969 6.9383603149 6.9608267289 7.0862781897 7.0980692826 7.5127023322 7.5638754939 7.5791501454 7.5867861751 7.6085261292 7.6308702071 7.7913075037 7.8643972583 8.3488847676 8.4680246777 8.6677088155 8.7643286791 8.9843178638 9.0226576051 9.281680955 9.2906637672 9.6845675208 9.6868696614 9.7918335239 9.815805133 10.6116831039 10.6542771681 10.8494925925 10.91984133 16.4447043252 16.4738831356 16.5226619043 16.554829566 16.6960760878 16.8552563371 16.9195686122 16.9268544129 16.9340896356 17.0057816969 17.0556822803 17.158714062 17.1787761377 17.2075790449 17.2630980135 17.2990140168 17.5238877544 17.5783007969 17.5967338688 17.6192023801 17.6311058651 17.6526292915 17.6578740566 17.6599760281 17.9074822115 17.9527067996 18.0508327831 18.1923741311 18.234768728 18.2556603979 18.3875678158 18.4907810659 19.4933297963 19.5324406984 19.5428026915 19.5759978081 19.8190534049 19.8608762759 19.9611245503 20.0037691241 21.4556333622 21.5264340249 21.5340886233 21.5949692255 21.6118319184 21.6200670623 21.622931229 21.7435180171
422 2.0892399416 2.1308442572 2.4774900749 2.5290829312 2.7426844045 2.7671441114 3.3281974918 3.3569794575 3.6142785679 3.7321479028 4.020606497 4.0366831286 4.0581145974 4.087319118 4.1590082726 4.1630320284 4.1761095257 4.224570635 4.2915482769 4.2964059282 4.319936981 4.3467316354 4.3632804523 4.4773516019 4.6223675477 4.6548800336 4.7028348238 4.7228809068 4.7292065288 4.7500719367 4.7851711906 4.8185410606 4.8202811383 4.8656487789 5.0276172429 5.110065171 5.2873689653 5.2958941416 5.3045618565 5.3069125886 5.3152213897 5.3288984067 5.4310170015 5.4647991636 5.5228442422 5.5250156643 5.5844845171 5.6219092983 6.1309949795 6.1685433144 6.2437682338 6.2614566763 6.3092021167 6.3199339044 6.3751539877 6.424087121 6.47132059 6.5082586291 6.6993154293 6.7194266362 6.7287666194 6.7730276148 6.796584656 6.7977357532 6.8056746087 6.8683567836 6.9026980319 6.9059898682 6.9465574423 6.9694677956 7.0998537776 7.1094996591 7.4979404886 7.5643670204 7.5786445502 7.588576683 7.5942420324 7.6332743624 7.7944504201 7.8663679472 8.350114463 8.4680848062 8.6936254552 8.7882206193 8.9803818143 9.0196794687 9.2961728249 9.3045271856 9.6766547294 9.6796374775 9.7929496328 9.8177686358 10.5967767017 10.6381184382 10.8533264609 10.9243102836 16.4482972657 16.4778145844 16.5303883385 16.5624657922 16.6927286743 16.8521754872 16.912215582 16.9284797487 16.9399540003 16.9981029487 17.0675658027 17.1680556718 17.1886238718 17.2036897246 17.2733354633 17.3021932275 17.5256251808 17.5796736559 17.5991145952 17.6212169944 17.6340364449 17.6547925925 17.659338335 17.6615416279 17.9121371047 17.9573111797 18.0486372568 18.2004416921 18.2279530426 18.2493750538 18.3940929801 18.4981527375 19.4932639358 19.5323286291 19.5436266973 19.5769659427 19.8125875101 19.8546589734 19.9645627416 20.0071863062 21.4552074526 21.5241893318 21.53209679 21.5977720007 21.6108647237 21.6243255862 21.6275365726 21.7452046792
423 2.080597272 2.1199860123 2.4503276942 2.5030130336 2.7764639197 2.7989674222 3.3588518634 3.3874694622 3.606990342 3.7241862273 3.9998684991 4.0389251215 4.0528783044 4.0567865421 4.1263064775 4.1743873587 4.1786773301 4.2171749824 4.2928524193 4.3024325158 4.3222562884 4.3513588837 4.3690247795 4.4841473444 4.6406060485 4.672700489 4.6979248419 4.7189764353 4.7259854147 4.7478399669 4.7951788056 4.807907538 4.8268355908 4.852666918 5.0301432476 5.1121854569 5.2872786454 5.3046190772 5.3122524562 5.3206385908 5.33117213 5.3440485423 5.4394042459 5.4733837959 5.5229758274 5.5252124643 5.5888841904 5.6278017575 6.1197433862 6.1556928958 6.2495007507 6.2688441028 6.3205431991 6.3305416797 6.3832135492 6.430205214 6.453327687 6.4870015558 6.6922354185 6.7120852927 6.7294712199 6.7673866597 6.7926970919 6.7954694478 6.7997985492 6.8634080824 6.9061189223 6.909349583 6.954789458 6.9779909904 7.1134435529 7.1209827439 7.4831259827 7.5649336754 7.5782747861 7.5797701518 7.5904658972 7.6356119237 7.7968253659 7.867578316 8.352014362 8.468629303 8.7202653282 8.8128116922 8.9773015675 9.0174775044 9.3106215157 9.3184143997 9.6685434099 9.6721547248 9.7938691174 9.819500098 10.5814564166 10.6215311283 10.8568577252 10.92839826 16.4523276209 16.482197328 16.5384536784 16.5702665374 16.6897581933 16.8493915861 16.9050316721 16.9232927869 16.9532146277 16.9906665904 17.079636164 17.1772826883 17.1982193323 17.1996751448 17.2834157367 17.3052729207 17.5274707042 17.5811820687 17.6015731393 17.6233708702 17.6371116725 17.6570692598 17.6608925783 17.6631899383 17.917467132 17.9619009271 18.0466976943 18.2085699319 18.2207931418 18.2437409339 18.4005997811 18.5051810612 19.4932518981 19.5322734681 19.5444713414 19.5779460299 19.8060395615 19.8483542595 19.9678976882 20.0105078907 21.4548163827 21.5220693661 21.5302052412 21.6005638944 21.6099731492 21.628604444 21.6321431759 21.7469567899
424 2.0730609531 2.1101097078 2.4236184428 2.4773519361 2.8105837094 2.8311973292 3.3893726061 3.4178440595 3.6002394796 3.7167708809 3.9794536416 4.0183313388 4.0200482182 4.0767843823 4.0892495792 4.1733693866 4.1974360093 4.2102016232 4.2944136017 4.3085323982 4.3247348295 4.3562741174 4.3748802093 4.4906499263 4.6583611941 4.6900210368 4.6927516873 4.7145371884 4.7228650626 4.745524754 4.7965543632 4.8044992719 4.8333097685 4.8398961254 5.0324168099 5.1138976747 5.2875281722 5.3057603427 5.3283669535 5.3351351983 5.3475904232 5.3597200815 5.4478494575 5.4819780428 5.5231842791 5.5256068568 5.593341962 5.6336968902 6.1079793732 6.1423131092 6.2557355816 6.2767220062 6.3324699706 6.3415983897 6.3911916997 6.4338994159 6.4372306354 6.4655188276 6.6853524509 6.7049579029 6.7299939271 6.7617343692 6.787625479 6.793766268 6.7943684247 6.8586632838 6.9093683641 6.9125940496 6.9630112798 6.9863836534 7.1270043142 7.1324831085 7.4682929175 7.5653066638 7.565579214 7.5780471665 7.5922721756 7.6378574857 7.7984320063 7.8680311886 8.3545286927 8.4696048462 8.7475798925 8.8380570932 8.975089886 9.0160576713 9.3250074653 9.3323070024 9.6602367943 9.6644213868 9.7945932291 9.820998186 10.5657266524 10.6045186343 10.8601023246 10.9321132276 16.4567866421 16.4870425411 16.546823403 16.5782009542 16.687156351 16.8468935269 16.8980190858 16.9185245351 16.9666094658 16.9834740874 17.0918712037 17.1863727679 17.1955207676 17.2075367481 17.2933180408 17.3082450142 17.5294199649 17.5828213789 17.6041008155 17.6256558082 17.6403217027 17.6594493116 17.6625307731 17.6649162661 17.9234762348 17.9664587737 18.0450120536 18.2127335614 18.2174278077 18.2386359705 18.4070736892 18.5118451935 19.4933014849 19.5322820742 19.5453326183 19.578931822 19.799419741 19.8419728899 19.9711267963 20.0137286363 21.45446647 21.5200730038 21.5284119155 21.6031053786 21.6093864876 21.6328962308 21.6367423304 21.7487653559
425 2.0666032988 2.1012366365 2.3973875203 2.452117597 2.8450020042 2.8638043572 3.4197468741 3.4480854333 3.5940103518 3.709888034 3.9593880046 3.9836771509 4.0015170517 4.0515877996 4.096907622 4.1722570363 4.2035627454 4.2162239785 4.2962283847 4.3146805707 4.3273682422 4.3614538728 4.3808305644 4.4968355274 4.6753638259 4.687256431 4.7070090887 4.7096858778 4.7198605834 4.7431334171 4.78513227 4.813224148 4.8261212675 4.8404415733 5.0344593 5.1152386475 5.288124423 5.3072070926 5.3446859683 5.3505569369 5.3643701111 5.3758370396 5.4563360861 5.4905697377 5.5234528014 5.526180462 5.5978419288 5.6395723924 6.0956406548 6.1283535642 6.2624562554 6.2850693659 6.3449628114 6.3530883394 6.3990632341 6.4165559175 6.4416814496 6.4439318411 6.6786751118 6.6980552151 6.730395498 6.7560750486 6.7825112733 6.7888679001 6.7920464639 6.854107493 6.9124587491 6.915735648 6.9711892291 6.9946338612 7.1404842622 7.1439592219 7.4534826465 7.5508351096 7.5662779917 7.577953895 7.5940663638 7.6399930215 7.7992755521 7.8677343855 8.3576018938 8.4709592425 8.7755206763 8.8639116359 8.9737544283 9.0154214689 9.3393122991 9.3461875173 9.6517381507 9.6564377326 9.79512302 9.8222615818 10.549591949 10.5870845098 10.8630768365 10.9354635617 16.4616638018 16.4923564423 16.5554665318 16.5862376763 16.684913697 16.8446697962 16.8911788768 16.9141696646 16.976526009 16.9801096665 17.1042477863 17.1911748554 17.1953415981 17.21655177 17.303022074 17.3111029609 17.5314682988 17.5845863193 17.6066888052 17.6280631127 17.6436558496 17.6619221497 17.6642464404 17.6667157814 17.9301637652 17.9709690829 18.0435776771 18.2054015056 18.2254755708 18.2339625762 18.4134998035 18.5181249543 19.4934201071 19.532360895 19.5462068647 19.5799176028 19.7927375244 19.8355247325 19.9742484708 20.0168446456 21.45416304 21.5181987738 21.5267144974 21.6046327105 21.6098584577 21.6371933454 21.6413252301 21.750621566
426 2.0611868692 2.093391858 2.3716599172 2.4273280598 2.8796768173 2.8967580435 3.4499615132 3.4781757912 3.5882869892 3.7035220986 3.9396947664 3.9489793739 3.9833651228 4.0137156703 4.1168172252 4.1711678893 4.1972532167 4.2347931801 4.2982910133 4.3208640439 4.3301510737 4.3668778456 4.3868591462 4.5026873517 4.6801835765 4.6929841175 4.7042737051 4.716896308 4.7237552344 4.7406739341 4.7736564123 4.8130469092 4.8214852697 4.8466346359 5.0362912671 5.1162454249 5.289061517 5.3090670957 5.3607283819 5.3670981235 5.3814208531 5.3923348623 5.4648478713 5.4991475882 5.5237638167 5.5269131827 5.6023677665 5.6454061297 6.0826621545 6.1137638255 6.2696450596 6.2938641368 6.3580010169 6.3649952568 6.3982474778 6.4067935166 6.4223182929 6.4467023947 6.6722115967 6.6913871505 6.7307358394 6.7504133596 6.7773591728 6.7838418624 6.7898050747 6.8497244963 6.9154018113 6.918779979 6.9792971504 7.0027303034 7.1538190472 7.1553616447 7.4387478663 7.536383645 7.5670476622 7.5779968364 7.5958260323 7.6420020756 7.7993668831 7.8667007458 8.3611790453 8.4726418041 8.804039579 8.8903300787 8.9732976209 9.015565922 9.3535187829 9.3600393496 9.643050806 9.6482043287 9.7954593341 9.8232889524 10.5330569436 10.5692324414 10.8657983995 10.9384580366 16.4669468718 16.4981415037 16.5643544045 16.5943448465 16.6830198048 16.8427085587 16.8845112243 16.9102198957 16.9698222397 16.9936859155 17.1167418784 17.1866909569 17.2041000148 17.2252421456 17.3125081218 17.3138419297 17.5336107264 17.5864710712 17.6093281348 17.6305836265 17.6471025568 17.6644765954 17.6660326514 17.6685835311 17.9375240732 17.9754181473 18.0423912733 18.1977614882 18.2292736727 18.2341841839 18.4198629109 18.5240009562 19.4936147564 19.5325159746 19.5470907691 19.58089815 19.786001892 19.8290190676 19.9772618708 20.0198530728 21.4539104378 21.5164448729 21.5251104353 21.604567967 21.6119571828 21.6414880145 21.6458829949 21.7525168206
427 2.0567626532 2.0866058501 2.3464603982 2.4030014921 2.9145658409 2.9300269127 3.4800022213 3.5080962084 3.5830552604 3.6976559245 3.9142821415 3.9203989456 3.9656087142 3.9756165291 4.1365854521 4.1700344881 4.1912674734 4.2530968187 4.3005951243 4.3270741416 4.3330776333 4.372527528 4.3929487358 4.5081933274 4.6739872402 4.697574478 4.7092416329 4.7146433669 4.7381287206 4.7398511621 4.7621520465 4.7998926605 4.8293792219 4.8527916893 5.0379319015 5.1169536495 5.2903321908 5.3113313013 5.3765194853 5.3845661366 5.3986618606 5.4091517362 5.473368853 5.5077010424 5.5240990591 5.5277833482 5.6069028039 5.6511762116 6.0689780266 6.0984956878 6.2772830228 6.3030824795 6.3715619502 6.3772979199 6.3799808429 6.400765915 6.4144296643 6.4512969483 6.6659697078 6.6849630207 6.7310725378 6.7447545775 6.7721733619 6.7790554047 6.7873166621 6.8454968123 6.9182089292 6.9217281034 6.9873139159 7.0106622014 7.1666300413 7.1669259317 7.4241590529 7.5220133798 7.5678775235 7.5781748635 7.5975353393 7.6438687492 7.7987225493 7.8649480506 8.3652062467 8.4746036618 8.833089131 8.9172674145 8.9737166486 9.0164836632 9.3676107776 9.3738467372 9.6341781612 9.6397220494 9.7956027995 9.8240789271 10.5161263354 10.5509662245 10.8682846286 10.9411058164 16.4726219831 16.5043972525 16.5734598711 16.6024901615 16.6814634239 16.8409977404 16.8780155529 16.9066641912 16.9633617105 17.007308611 17.1293286311 17.1820005249 17.2126818558 17.2335875492 17.3164587682 17.3217573076 17.5358419356 17.5884693176 17.612009662 17.6332077661 17.6506493808 17.6671009339 17.6678820453 17.6705144521 17.9455458051 17.9797948403 18.0414488942 18.1901477034 18.2251541242 18.2426216073 18.4261475487 18.5294547445 19.4938919817 19.5327529657 19.547981373 19.5818686973 19.779221474 19.8224648058 19.9801667319 20.0227519129 21.4537120533 21.5148091828 21.5235969612 21.6037425965 21.6148416505 21.6457723153 21.6504066958 21.7544427507
428 2.0532683007 2.0809161083 2.3218134689 2.379156207 2.9496263356 2.9635784949 3.5098503982 3.5378196084 3.5783132144 3.6922710079 3.8796380639 3.9015103232 3.937307227 3.9483492914 4.1561527523 4.1687508381 4.185648468 4.2710837719 4.3031340214 4.333302336 4.3361442654 4.3783853823 4.3990816106 4.5133447699 4.6671672761 4.691341246 4.7106619586 4.7260442942 4.7355891007 4.7506424965 4.7554795705 4.7867389908 4.8370172522 4.8589317827 5.0393985664 5.1173961693 5.2919293858 5.3139804014 5.3922878173 5.4025806285 5.4160200031 5.4262270128 5.4818833901 5.5162201592 5.5244396855 5.5287678695 5.6114300988 5.6568610702 6.0545246387 6.0825060522 6.2853496033 6.31269574 6.3618498097 6.3794596779 6.3856276644 6.3900471925 6.4217962791 6.455429822 6.6599568472 6.6787915601 6.7314582239 6.7391060464 6.766958241 6.7744935453 6.7846348686 6.8414057371 6.9208906796 6.9245786218 6.9952218327 7.0184192542 7.1776915524 7.1796916145 7.4098148679 7.5077900993 7.568764012 7.5784868284 7.5991789794 7.645577458 7.7973646485 7.8624988462 8.3696309413 8.4767980191 8.8626227165 8.9446791094 8.9750035799 9.0181631092 9.3815731941 9.3875947045 9.6251237012 9.630992088 9.7955538224 9.8246300822 10.4988048528 10.5322897411 10.8705535247 10.9434164477 16.4786736734 16.5111207999 16.5827567508 16.6106409294 16.6802326144 16.8395251103 16.8716906275 16.9034888587 16.9571427121 17.0209475945 17.1419824682 17.1770979181 17.2210590987 17.2415697568 17.3189523757 17.330751364 17.5381562615 17.5905742956 17.6147240676 17.6359255566 17.654282985 17.6697829523 17.6697868645 17.6725033841 17.9542103951 17.9840921376 18.0407459055 18.1826332726 18.2210923627 18.2512120226 18.4323380681 18.5344689493 19.4942578674 19.5330771402 19.5488760674 19.5828248953 19.7724046506 19.8158706506 19.9829632341 20.0255398464 21.453570357 21.5132892879 21.5221711099 21.6026760788 21.6179830628 21.650038199 21.6548873803 21.7563912302
429 2.0506274608 2.0763676363 2.297743332 2.355810677 2.9848150156 2.9973793726 3.5394620193 3.5671036038 3.5742995024 3.6873477184 3.8450879323 3.883021861 3.8990225439 3.9314854494 4.1670902778 4.1754776302 4.1805406969 4.28870621 4.3059007895 4.3392416684 4.3396473756 4.3844343632 4.4052395681 4.5181355463 4.6599201258 4.684482678 4.7079083179 4.7328663981 4.7391224603 4.7415159848 4.7706705659 4.7736195216 4.844498508 4.8651221187 5.0407064132 5.1176019817 5.2938467488 5.316994368 5.4081562979 5.4208734208 5.4334279931 5.4435010343 5.4903761972 5.5246923689 5.5247695256 5.5298424093 5.6159325151 5.6624395413 6.0392446401 6.0657603491 6.2938210548 6.3226511304 6.3439451856 6.3585886091 6.400167613 6.4030921111 6.4289456646 6.4590675767 6.6541800087 6.6728809277 6.7319038495 6.7335126152 6.7617185062 6.770134898 6.7818186982 6.8374313934 6.9234563801 6.9273291887 7.0030056187 7.0259916021 7.1884525018 7.1919585669 7.3958593215 7.4937969835 7.5697038527 7.5789315906 7.6007416241 7.647112884 7.795320582 7.8593801777 8.3744021889 8.4791803476 8.8925947561 8.9725206461 8.9771462655 9.0205887239 9.3953919505 9.4012690184 9.6158910016 9.6220159654 9.7953125826 9.8249409303 10.4810972233 10.5132069379 10.8726233785 10.9453998497 16.4850849284 16.5183071873 16.592219469 16.6187641374 16.6793148723 16.8382783606 16.8655346322 16.9006776698 16.951162818 17.0345722714 17.1546771781 17.1719682829 17.2292142217 17.2491727457 17.3213233147 17.3394730935 17.5405476602 17.5927788476 17.6174618511 17.638726668 17.6579891493 17.6717389068 17.6725100716 17.6745450823 17.9634881303 17.9883111299 18.0402769459 18.1752628642 18.2171355997 18.2598481018 18.4384186993 18.5390274523 19.4947180112 19.5334933965 19.5497725885 19.583762773 19.7655596222 19.8092452227 19.9856519017 20.028216122 21.453486941 21.5118824943 21.5208297406 21.6015144515 21.621226322 21.6542775137 21.6593160991 21.7583543818
430 2.0487524307 2.0730101175 2.2742738378 2.3329835436 3.0200879452 3.0313952334 3.5672994376 3.5716005651 3.5968515169 3.6828655661 3.8106777283 3.8602373675 3.8654815326 3.9151100962 4.1648438885 4.1759919435 4.194592734 4.3059165636 4.3088887396 4.342636162 4.3458342854 4.390657686 4.4114039538 4.5225615192 4.6522693104 4.6771553819 4.7050689595 4.7275508074 4.7303650621 4.7564748305 4.7605586615 4.7854016349 4.8519185217 4.8714310647 5.0418680923 5.1175955442 5.296078817 5.3203547954 5.4241557617 5.4392716569 5.4508225049 5.46091518 5.4988324318 5.5250594828 5.5309815226 5.5331181858 5.6203927994 5.6678909436 6.0230921191 6.048236384 6.3026572652 6.3262977473 6.3323679998 6.3387858649 6.4151582876 6.4165158254 6.4358246651 6.4621849128 6.6486457676 6.6672387001 6.7278083164 6.7326256381 6.7564591676 6.765955694 6.7789285037 6.8335527889 6.9259138957 6.9299773972 7.0106517337 7.0333698021 7.1987946143 7.2034937212 7.382510192 7.4801417143 7.5706941165 7.579508087 7.6022078435 7.6484599901 7.792622701 7.8556232419 8.3794708897 8.4817085297 8.9229608451 8.9801243478 9.0007520317 9.0237413635 9.4090539297 9.4148561458 9.6064837335 9.6127955407 9.7948790315 9.8250099135 10.4630081473 10.493721807 10.8745126698 10.9470663063 16.4918372184 16.5259496055 16.6018228101 16.6268265257 16.6786972511 16.8372451839 16.8595452411 16.8982120042 16.945418946 17.0481515411 17.1665971101 17.1673860912 17.237130872 17.2563827925 17.3235739532 17.3479062212 17.5430096784 17.595075473 17.6202133292 17.6416004525 17.6617527923 17.6737296958 17.6752692742 17.6766342314 17.9733255441 17.992473761 18.0400358708 18.1680682414 18.2132632801 18.268502113 18.4443736165 18.5431155706 19.4952774991 19.5340062635 19.5506690143 19.584678701 19.7586944597 19.8025971573 19.9882335244 20.0307804674 21.4534625643 21.5105858496 21.5195695573 21.6003068058 21.624513549 21.6584820276 21.6636839321 21.7603245794
431 2.0475530856 2.0708887923 2.2514284301 2.3106936252 3.0554004844 3.065590889 3.5662171283 3.5984560051 3.625920821 3.6788036573 3.7764528643 3.8222256535 3.8477210898 3.8992312421 4.1616540325 4.1724110877 4.2133133372 4.3120889586 4.3226671713 4.3460828415 4.3521036128 4.3970387942 4.4175556915 4.5266201556 4.6442205632 4.6693810134 4.702205831 4.7162203351 4.7276096362 4.7475792011 4.7710455681 4.7996695002 4.8593682642 4.8779237061 5.0428935647 5.1173964373 5.2986210407 5.3240456215 5.4402765296 5.4576430521 5.4681422831 5.4784115866 5.5072379358 5.5252996307 5.5321590154 5.54147918 5.6247936582 5.673195157 6.006038708 6.0299284477 6.3084763983 6.3123990775 6.3178420232 6.3440752865 6.4302812806 6.4305609072 6.4424001722 6.4647643494 6.6433602702 6.6618718597 6.7222189758 6.7334410924 6.7511855527 6.7619304498 6.7760252966 6.8297478853 6.9282696861 6.9325211929 7.0181479361 7.0405448111 7.2085645412 7.2139443792 7.3701045714 7.4669657914 7.5717322907 7.5802154049 7.6035621242 7.6496040582 7.7893078564 7.8512629747 8.3847899632 8.4843429528 8.953677801 8.9839196277 9.0275986478 9.029328093 9.4225469398 9.4283432143 9.5969056671 9.6033330189 9.7942528901 9.8248354 10.444542274 10.4738383685 10.8762399624 10.9484264563 16.498910535 16.5340395243 16.6115417476 16.6347946651 16.6783664895 16.836413348 16.8537196826 16.8960710205 16.9399074036 17.0616535922 17.1609715152 17.1800818065 17.2447934173 17.2631885768 17.3257082751 17.3560354996 17.5455354193 17.5974563792 17.6229686374 17.6445359838 17.6655580073 17.6757503669 17.6780473261 17.6787654635 17.9835918047 17.996676615 18.0400156776 18.1610736075 18.2094564982 18.277151279 18.4501870024 18.546720262 19.4959408776 19.5346198983 19.5515637654 19.5855693546 19.7518171389 19.7959351843 19.9907090959 20.0332330182 21.4534971986 21.5093961638 21.5183871316 21.5990748498 21.6278145362 21.6626434533 21.6679820153 21.762294447
432 2.046952895 2.0700282269 2.2292300902 2.2889599248 3.0907073503 3.0999301923 3.5631543884 3.6274056676 3.654779925 3.6751431114 3.7424596711 3.7841325568 3.8306937597 3.8838634355 4.1575326052 4.1696146059 4.2316731195 4.3154962917 4.3388842105 4.3496745207 4.3583823622 4.4035615262 4.423675316 4.5303102396 4.635775305 4.6611661605 4.6992139236 4.70503672 4.7248897603 4.7347055223 4.7851570008 4.8134754487 4.8669342389 4.8846613896 5.0437900132 5.1170193436 5.3014696877 5.3280531913 5.4564918689 5.4758682789 5.4853259525 5.4959317219 5.515580095 5.5254681849 5.5333479355 5.5497701021 5.6291178342 5.6783326961 5.9880803695 6.0108515776 6.2918606445 6.2986570135 6.3216079276 6.3550105742 6.4443684377 6.4460923226 6.4488808108 6.4667987998 6.6383292224 6.6567867808 6.7166511608 6.7344787367 6.7459033077 6.7580322817 6.7731703371 6.8259936815 6.930528981 6.9349590092 7.0254829833 7.047507975 7.2175624854 7.2227740758 7.3591629074 7.4544562557 7.572816346 7.5810528528 7.6047889168 7.6505307373 7.7854168711 7.8463375883 8.3903144851 8.4870465597 8.9847017922 8.9885071358 9.0321358054 9.058209565 9.4358596752 9.4417179753 9.5871606752 9.5936309599 9.7934336498 9.8244156835 10.4257041804 10.4535606551 10.8778237967 10.9494912839 16.5062834263 16.5425667567 16.6213513164 16.6426350287 16.6783091627 16.8357707665 16.8480548014 16.8942318534 16.934623933 17.0750452607 17.1550804788 17.1927370265 17.252186863 17.269581307 17.3277316838 17.363846737 17.5481175043 17.599913532 17.6257177333 17.647522098 17.6693881078 17.6777917723 17.6808307924 17.6809333847 17.9937370133 18.0014328084 18.0402084158 18.1542984122 18.205700231 18.2857728721 18.4558431114 18.5498303568 19.4967121201 19.5353380782 19.5524556101 19.586431677 19.7449355666 19.7892681966 19.993079764 20.0355742613 21.4535900755 21.5083100313 21.5172789242 21.5978305911 21.6311090838 21.6667534709 21.6722015672 21.7642568569
433 2.0469060131 2.0704149739 2.2077012814 2.2678016377 3.1259628871 3.1343757541 3.5603967133 3.6561358721 3.6718536029 3.6834056486 3.7087513574 3.7462615818 3.8141986937 3.8690199491 4.152777882 4.1672080155 4.2496267331 4.3191025577 4.352693519 4.3552405525 4.3646658271 4.4102105273 4.4297430069 4.5336316526 4.6269334482 4.6525131381 4.6929173461 4.6972558876 4.721789036 4.7223315203 4.7988009976 4.8268225431 4.8746986551 4.8917019601 5.0445618509 5.116474284 5.3046216524 5.3323659567 5.4727671117 5.4938261202 5.5023075478 5.5134075117 5.52385151 5.525554886 5.534521126 5.557982505 5.6333481818 5.6832847795 5.9692446105 5.9910460214 6.2751309535 6.2802552843 6.3314898634 6.3663047119 6.4540799708 6.458786733 6.4628240771 6.4682999039 6.6335578787 6.6519892147 6.7111176576 6.7357514557 6.740618397 6.7542332362 6.7704246388 6.8222663119 6.9326959927 6.9372897682 7.0326464262 7.0542510207 7.2255293767 7.2292084981 7.3504431988 7.4428586389 7.5739447994 7.5820200283 7.6058726954 7.6512260955 7.7809939556 7.8408880744 8.3960017879 8.4897848618 8.9938511583 9.0159979597 9.0373269893 9.0873572792 9.4489816796 9.4549687699 9.5772527363 9.5836922867 9.7924205747 9.8237489852 10.4064983534 10.4328926999 10.8792825802 10.9502721081 16.5139330347 16.5515194696 16.6312264963 16.6503140334 16.6785118971 16.8353055663 16.8425471177 16.892669839 16.929563757 17.0882899339 17.1489179165 17.2053239624 17.2592968043 17.2755548877 17.3296507358 17.3713268065 17.5507480333 17.6024387035 17.6284504026 17.6505474359 17.6732256697 17.6798445033 17.6831326153 17.6836061541 18.0012967069 18.0091676256 18.0406051198 18.1477590506 18.201982898 18.2943431239 18.4613263298 18.5524368238 19.497594586 19.5361641863 19.553343678 19.5872628423 19.738057599 19.7826053119 19.9953467892 20.0378049881 21.4537397319 21.5073238526 21.5162413083 21.5965819333 21.6343814241 21.6708037526 21.6763339149 21.7662049261
434 2.0474039347 2.0719906218 2.1868639012 2.247238163 3.1611216278 3.1688883656 3.5579633975 3.6687151585 3.6754466597 3.6847346672 3.7086279049 3.7118420267 3.7982473239 3.8547122261 4.1476422677 4.1648335953 4.2671353942 4.3229006091 4.3568773536 4.3699437517 4.3709592392 4.4169720231 4.4357386253 4.5365851968 4.6176942662 4.643422535 4.6820062801 4.6942100635 4.7093384093 4.7194566479 4.8119762773 4.8397157774 4.8827395763 4.8991000916 5.0452108198 5.1157670527 5.3080741865 5.3369739538 5.489063003 5.5113815705 5.5189785984 5.5255208106 5.5306160994 5.5322665323 5.5356522511 5.5661080106 5.6374677409 5.6880333925 5.9495981489 5.9705822547 6.2585119737 6.2628498107 6.3416886391 6.3778798668 6.4593397548 6.4692804846 6.4734912956 6.4793607706 6.6290510305 6.6474842733 6.7056260916 6.7353370811 6.7372666808 6.7505049349 6.7678483029 6.8185411619 6.9347741146 6.93951283 7.0396284662 7.0607660515 7.2321371101 7.2323046325 7.3448721109 7.4324866921 7.5751167704 7.5831168836 7.6067980252 7.6516766737 7.776086085 7.8349576892 8.4018115285 8.4925259189 8.9999285338 9.0431009381 9.0475613953 9.1167333652 9.4619033107 9.4680844978 9.5671859386 9.5735202929 9.7912127047 9.8228334584 10.3869291738 10.4118385274 10.8806344765 10.9507805716 16.5218351361 16.5608841514 16.64114205 16.6577979699 16.6789617817 16.8350061504 16.8371928877 16.8913587678 16.9247216249 17.1013391246 17.1424910181 17.217814792 17.266109351 17.2811061579 17.3314728034 17.3784636327 17.5534185444 17.6050235174 17.6311562679 17.6536004872 17.6770525442 17.6818989334 17.6853578892 17.6863599026 18.005777982 18.0203321879 18.041196006 18.1414699859 18.1982959082 18.3028367811 18.4666212327 18.5545330798 19.4985909715 19.5371011899 19.554227482 19.5880602173 19.7311910568 19.7759559325 19.9975115108 20.0399262542 21.4539440559 21.5064338581 21.5152705919 21.5953348058 21.6376181141 21.6747859865 21.6803705199 21.7681320127
435 2.0484662917 2.074660625 2.1667392569 2.2272891222 3.1961391268 3.2034261216 3.5558431234 3.6422102585 3.666341415 3.6715278925 3.7129781022 3.7397707676 3.7828990662 3.8409498805 4.1422403048 4.1622672134 4.2841632582 4.3268833704 4.3607508652 4.3772282558 4.384453215 4.4238351786 4.4416417512 4.5391724394 4.6080567563 4.6338941407 4.6709378912 4.6914243562 4.6969468625 4.7167397913 4.8246849514 4.8521618938 4.8911309977 4.9069075592 5.0457361684 5.1148997888 5.3118245685 5.3418681522 5.5053352207 5.5252198479 5.5284074059 5.5354221264 5.5367508899 5.5400079775 5.548205298 5.5741382435 5.6414598107 5.6925613431 5.9292557227 5.9495673727 6.241964854 6.2465158889 6.3521676993 6.3897016573 6.4638442453 6.4699328993 6.4884630169 6.4962702148 6.6248129952 6.6432764125 6.7001836083 6.7300659878 6.7390187748 6.7468211846 6.7654996858 6.814793003 6.9367660871 6.9416279295 7.0464198544 7.067045543 7.2313121154 7.2369934377 7.3431829656 7.4237183782 7.5763320286 7.5843437848 7.6075496349 7.6518695402 7.7707423596 7.8285914337 8.4077057271 8.4952402919 9.0067024277 9.0495274386 9.0792577628 9.1463014861 9.474615706 9.4810545881 9.5569644848 9.5631186505 9.7898088607 9.8216671941 10.3670009028 10.3904021482 10.8818972958 10.9510286282 16.5299641815 16.5706455361 16.6510721594 16.6650524561 16.6796474878 16.8319881623 16.8348612591 16.8902711674 16.9200918591 17.1140779939 17.13587504 17.2301817153 17.2726109841 17.286235241 17.3332056604 17.3852461576 17.5561199756 17.607659487 17.6338247996 17.6566696361 17.680849761 17.6839452845 17.6876042365 17.6890786666 18.009395053 18.0326644629 18.0419737412 18.1354445701 18.1946334793 18.3112268045 18.4717126337 18.5561153543 19.4997032483 19.5381516112 19.5551069528 19.5888213197 19.7243437371 19.7693298057 19.9995753186 20.0419393448 21.4542003306 21.5056361308 21.5143630414 21.5940941 21.6408071231 21.6786919009 21.6843030039 21.7700317125
436 2.0501232172 2.07831143 2.1473481132 2.2079743959 3.2309728162 3.2379434263 3.5540195814 3.6095859997 3.6348966456 3.6640360603 3.7408576346 3.7651520764 3.7705211545 3.8277411141 4.136601865 4.1593667226 4.3006771502 4.3310439322 4.3646922774 4.3835041185 4.398306715 4.4307944496 4.4474317245 4.5413955476 4.598019865 4.6239273802 4.659946839 4.6844537782 4.6890106088 4.7140429922 4.8369312827 4.8641692208 4.8999428314 4.9151734171 5.0461348985 5.1138716327 5.3158697304 5.3470397481 5.5214881596 5.5249861158 5.5376651459 5.5446242727 5.5479425906 5.5514251736 5.5652570541 5.5820648052 5.6453080211 5.6968523111 5.9083918566 5.928154339 6.2256705262 6.2310582585 6.3629000349 6.4017416412 6.466929618 6.4709049148 6.5037044934 6.5135034627 6.6208476058 6.6393694142 6.6947974023 6.7248119877 6.74094825 6.7431983182 6.7634345183 6.8109961477 6.9386741284 6.9436351183 7.0530118187 7.0730823403 7.2261800634 7.2396754001 7.3454106088 7.4169609627 7.5775910302 7.5857015665 7.6081124973 7.6517923449 7.7650133638 7.8218355415 8.4136487821 8.4979009724 9.0141377832 9.056489863 9.1111363303 9.1760268413 9.4871107505 9.4938689733 9.5465926988 9.5524914178 9.7882076513 9.8202482303 10.3467176689 10.3685875585 10.8830883848 10.9510285295 16.5382933419 16.5807864803 16.6609892382 16.672039082 16.6805640555 16.8269288571 16.8348600175 16.8893786163 16.9156684016 17.1248569243 17.1306819822 17.242397078 17.2787882795 17.2909460724 17.3348569988 17.391664287 17.5588426315 17.6103380473 17.63644533 17.6597432083 17.684596972 17.6859738755 17.6898674761 17.6917493258 18.0126792715 18.0428429932 18.0456692352 18.1296957357 18.1909928021 18.319484078 18.476585627 18.557183128 19.5009325888 19.5393174885 19.5559824869 19.5895437745 19.7175234257 19.7627370894 20.0015396284 20.0438457444 21.4545052771 21.5049266305 21.5135149041 21.592864132 21.6439373937 21.6825132884 21.6881231734 21.7718978563
437 2.0524002276 2.0828247151 2.1287110087 2.1893142037 3.265582388 3.2723902045 3.5524724964 3.5773809618 3.5988816922 3.6620319413 3.7529278546 3.76901878 3.7954456031 3.8150976148 4.1307156083 4.1560298105 4.3166466391 4.3353756102 4.3687154064 4.3897694074 4.4114485208 4.437853579 4.453087687 4.5432570321 4.5875827542 4.6135215547 4.6490693074 4.672449811 4.6863795689 4.7113743647 4.8487211465 4.8757475057 4.9092407895 4.9239440866 5.0464020644 5.1126794168 5.3202058605 5.3524794629 5.5243976851 5.537398072 5.5387830055 5.5556463362 5.5600756048 5.5666668252 5.5820725315 5.5898793137 5.6489964055 5.7008908912 5.8872590329 5.9065565009 6.2098182613 6.2162404503 6.37386 6.4139723411 6.4675146803 6.4732803164 6.5191957828 6.531029945 6.6171582007 6.6357663682 6.6894748415 6.7195822893 6.7393520264 6.7432845744 6.7617053141 6.807124629 6.9405000339 6.9455347156 7.0593960123 7.0788696552 7.2175969493 7.2398104716 7.3508500176 7.4125716029 7.5788949386 7.5871915774 7.608471919 7.6514333739 7.758950539 7.8147369836 8.4196074623 8.5004832942 9.0221982966 9.0639776907 9.1431413782 9.205876194 9.4993810451 9.5065180633 9.5360750371 9.5416430468 9.7864074804 9.8185745615 10.3260834556 10.3463987456 10.8842245208 10.9507928097 16.5467945566 16.5912877781 16.670857859 16.6786741868 16.681760474 16.8220108141 16.8349919941 16.8886520929 16.9114448599 17.120529689 17.1400226659 17.2544334988 17.2846273649 17.2952472223 17.3364338922 17.3977088199 17.5615761581 17.6130505753 17.6390070701 17.6628095188 17.6879686173 17.6882777424 17.6921456216 17.694359141 18.0157384571 18.0439707045 18.0590074646 18.1242367171 18.187374704 18.327577071 18.4812256149 18.5577396649 19.502279273 19.5406003284 19.5568550138 19.5902252631 19.7107379088 19.7561884257 20.0034058613 20.0456471076 21.4548550973 21.5043012177 21.5127224316 21.5916488947 21.6469986132 21.6862420297 21.6918230443 21.7737245071
438 2.0553097729 2.0880831429 2.1108502209 2.1713293042 3.2999291416 3.3067113313 3.5455463738 3.5512728961 3.5636139889 3.6603018952 3.7394068047 3.7962068632 3.8030087698 3.8226085766 4.1245502023 4.1521740704 4.3320441429 4.3398720154 4.3728214887 4.3960202424 4.4238091199 4.4450318952 4.4585886297 4.5447590949 4.5767454509 4.6026760051 4.6383224439 4.6605898218 4.6838932274 4.7087432633 4.8600617198 4.8869077258 4.9190861719 4.9332633725 5.0465311113 5.1113183516 5.3248280032 5.3581768916 5.5237066624 5.5391290184 5.5536667516 5.5633270802 5.5741796773 5.5809969102 5.5975724634 5.5985787671 5.652509475 5.7046626419 5.8662177539 5.8850709494 6.1944799106 6.2019192434 6.3850220751 6.4263653 6.4667234929 6.4759448884 6.5349214298 6.5488242874 6.6137476137 6.6324696524 6.684223518 6.7143843923 6.735616777 6.7456256945 6.7603618879 6.8031524114 6.9422452502 6.9473272693 7.0655644749 7.0844010618 7.2065070371 7.2371838066 7.3585408066 7.4107493737 7.5802456188 7.5888157171 7.6086136498 7.6507816063 7.7526055828 7.8073429973 8.4255508821 8.5029648291 9.0308469595 9.0719590211 9.1752399585 9.2358178839 9.5114198767 9.5189926541 9.5254161716 9.5305783908 9.7844065565 9.8166441508 10.3051020859 10.3238397013 10.8853218076 10.9503342686 16.5554385838 16.6021278866 16.6805232638 16.6828983297 16.685382044 16.817229883 16.8352472386 16.8880623653 16.9074145533 17.112987765 17.1519726639 17.2662639992 17.2901128037 17.2991532885 17.3379422501 17.4033713631 17.5643095287 17.6157883993 17.6414991308 17.6658569213 17.6899337262 17.6918479821 17.6944439394 17.6968958853 18.0186064245 18.0451918555 18.0727386692 18.1190820956 18.1837852352 18.3354714194 18.485618316 18.5577926672 19.5037425725 19.5420010462 19.5577260854 19.5908634675 19.7039949871 19.7496950271 20.0051754267 20.0473452338 21.4552455157 21.5037556781 21.5119819023 21.5904522079 21.6499810862 21.6898701175 21.6953948651 21.775505959
439 2.0588461239 2.0934316796 2.0943323694 2.1540416021 3.3339737279 3.3408447472 3.5142957638 3.5292530231 3.5502018925 3.6588256361 3.7262183959 3.7914496839 3.8233242051 3.8494877098 4.1180642142 4.1477284015 4.3445266895 4.3468454494 4.3770099937 4.4022519509 4.4353013814 4.4523716514 4.4639134466 4.5459007633 4.5655116934 4.5913902708 4.6277183018 4.6489446478 4.6814999898 4.7061592597 4.8709612573 4.8976618743 4.9295355739 4.9431724301 5.0465142355 5.1097826728 5.3297296767 5.3641199407 5.5227968424 5.5396359459 5.5693375856 5.5708569384 5.5867602128 5.5939483303 5.6051388893 5.6147101988 5.6558323051 5.7081541746 5.8457855181 5.8641151824 6.1796528404 6.1880091579 6.3963605609 6.4388871198 6.4653326183 6.4781518998 6.5508663756 6.5668626283 6.6106181661 6.6294809143 6.6790512919 6.7092260864 6.7317724426 6.7481074477 6.759454992 6.7990536448 6.9439109292 6.9490135255 7.0715096049 7.0896704873 7.193707391 7.2318154185 7.3676701527 7.4114583702 7.5816455918 7.5905764589 7.6085240229 7.6498267731 7.7460298809 7.7997006427 8.4314504606 8.5053252733 9.0400464776 9.0804013211 9.2074014437 9.2658218207 9.5146204947 9.5193027104 9.5232211924 9.5312844229 9.7822029034 9.8144549433 10.2837772021 10.3009144478 10.8863955766 10.9496659528 16.5641950555 16.6132825 16.6842134483 16.6902763824 16.6915686481 16.8125820084 16.8356163243 16.8875804297 16.9035705582 17.1049709694 17.1637619053 17.2778621346 17.2952251493 17.3026875505 17.3393863288 17.4086442359 17.5670310467 17.6185427924 17.6439105467 17.6688738571 17.6918471812 17.6952584507 17.6967991949 17.6993479801 18.0212982733 18.0465188141 18.086750127 18.1142505855 18.1802393038 18.3431293916 18.4897497443 18.5573550874 19.505320607 19.5435198917 19.5585979928 19.5914560037 19.6973024929 19.7432687801 20.0068497066 20.0489420419 21.4556718223 21.5032857466 21.5112896439 21.5892778128 21.6528756607 21.6933896803 21.69883114 21.7772367365
440 2.0629595017 2.0775441338 2.1004245697 2.1374767083 3.3676697174 3.3747094788 3.4834480247 3.4960084846 3.5494163841 3.6575854291 3.7135602229 3.7804878845 3.8501029073 3.8760688499 4.1112110407 4.1426293502 4.3493347482 4.3610281807 4.3812803961 4.4084593032 4.4458206968 4.4599357366 4.4690410144 4.5466464044 4.5539203196 4.5796643762 4.6172665519 4.6375334108 4.6791997135 4.7036319619 4.8814289035 4.9080227312 4.9406405327 4.9537096915 5.04634275 5.1080662242 5.3349025259 5.3702943812 5.521658126 5.5399303382 5.5781033983 5.5847785185 5.5973130605 5.6048754835 5.6125690056 5.6304070288 5.658950666 5.71135338 5.8267079885 5.8442795262 6.1653006838 6.174448326 6.4078494823 6.4514692948 6.4635820555 6.4797431559 6.5670157023 6.5851218602 6.607771664 6.6268010665 6.6739663572 6.7041154421 6.7278064308 6.7506297661 6.7590479739 6.7948029966 6.9454979665 6.9505944061 7.0772241377 7.0946721913 7.1797507534 7.2239477455 7.3776700366 7.4144402461 7.5830979149 7.592476854 7.6081901602 7.6485594241 7.7392739808 7.791856392 8.4372798674 8.5075463247 9.0497596307 9.0892722806 9.2395969236 9.2958594516 9.5036934308 9.5078216913 9.5347795585 9.5433846389 9.7797943721 9.8120048807 10.2621122309 10.2776270823 10.8874602928 10.9488011349 16.5730325342 16.6247238455 16.6858978465 16.6967766034 16.7003176491 16.8080633355 16.8360903824 16.8871780116 16.8999057533 17.0965871803 17.1752551887 17.2892021229 17.2999352364 17.3058877458 17.3407683839 17.4135203675 17.5697283672 17.6213049508 17.6462303061 17.6718489061 17.6937019828 17.6983030122 17.699390349 17.7017046288 18.0238232359 18.0479270951 18.10092126 18.1097932793 18.1767696532 18.3505092071 18.4936061463 18.5564461442 19.5070101643 19.54515636 19.5594739194 19.5920003449 19.690668312 19.7369223696 20.0084300438 20.0504395467 21.4561289149 21.5028871316 21.5106420557 21.5881294338 21.6556736834 21.6967930053 21.702124651 21.7789115948
441 2.0617459211 2.0680657846 2.1072376503 2.1216876161 3.400921056 3.408093018 3.4531140435 3.4641985383 3.5488623069 3.6565650488 3.7014561543 3.7700829198 3.8765620224 3.9023304787 4.1039416353 4.1368196032 4.3542902349 4.3745744343 4.3856327323 4.4146365068 4.4552860725 4.4677656161 4.4739503931 4.5416393543 4.5473309324 4.5674998877 4.6069752582 4.6263696948 4.6769967327 4.7011709458 4.8914745217 4.9180036434 4.9524471325 4.9649107525 5.0460074398 5.1061629579 5.3403360305 5.3766835332 5.5202764026 5.5399947007 5.5852272611 5.599311848 5.6053734809 5.612975332 5.6198551217 5.6456057763 5.6618514294 5.7142499846 5.8100301921 5.8263845169 6.1513726415 6.1611847696 6.4194625506 6.4608352463 6.4648189022 6.4806789925 6.5833544734 6.6035787461 6.6052099185 6.6244304103 6.6689773782 6.6990608017 6.7236910308 6.7530517522 6.7592446915 6.7903761436 6.9470070277 6.9520709909 7.0827011292 7.0994007055 7.1649944204 7.2139541353 7.3881685182 7.419305834 7.5846059191 7.5945205071 7.6076003099 7.6469710087 7.7323871082 7.7838557503 8.4430149574 8.5096115552 9.0599495773 9.0985401433 9.2717990768 9.3259036821 9.4926399701 9.4961414379 9.5460901551 9.5552856837 9.7771786535 9.8092919175 10.2401103222 10.2539818551 10.888529467 10.9477532902 16.5819185729 16.6364193893 16.6876991774 16.7020601662 16.7097836536 16.8036703445 16.8366611317 16.8868281503 16.8964128639 17.0878586526 17.186406095 17.3002589303 17.3041907241 17.3088194123 17.3420885486 17.4179931923 17.5723885425 17.6240659538 17.6484473862 17.6747708361 17.6954883294 17.7008095921 17.702365635 17.7039559494 18.0261885039 18.0493859121 18.1055108591 18.1153467318 18.1734523396 18.3575641753 18.4971738767 18.5550925901 19.5088064775 19.5469090813 19.5603581358 19.5924937285 19.6841004105 19.7306694334 20.0099177304 20.0518398355 21.4566113448 21.502555539 21.5100356297 21.5870108206 21.6583669724 21.7000725612 21.7052684787 21.7805255211
442 2.0473051463 2.0731893378 2.1064085234 2.1146378014 3.4214455751 3.4312781811 3.4351850724 3.4440185654 3.5485286378 3.6557491956 3.6899137222 3.7602333275 3.9026852661 3.9282619787 4.0962062017 4.1302474367 4.3593884558 4.3874668955 4.3900693448 4.4207771744 4.46372898 4.4757899555 4.4786222987 4.5292617697 4.5473541077 4.5549107673 4.5968511571 4.6154649743 4.6748961644 4.6987857137 4.9011085341 4.9276183347 4.9649955883 4.9768082202 5.045498894 5.1040673406 5.3460172803 5.3832680881 5.5186380491 5.5398080364 5.592145452 5.6074521998 5.6134877336 5.6189808014 5.6269911468 5.6602366108 5.6645285344 5.7168365324 5.7970673889 5.8114908661 6.1378126371 6.1481716201 6.4311731218 6.458833784 6.4772392453 6.4809628603 6.5998670047 6.6029320128 6.6221493097 6.6224322116 6.6640938711 6.6940707688 6.7193976639 6.7551603777 6.7602071072 6.7857506793 6.9484385661 6.9534445062 7.0879339427 7.1038506133 7.1496671745 7.2022342962 7.398923114 7.4256397992 7.5861726374 7.5967115024 7.6067444872 7.6450539862 7.725416732 7.7757429102 8.4486336957 8.5115062812 9.0705801081 9.1081739263 9.3039821049 9.3559286636 9.4814658095 9.4842684995 9.5571487314 9.5669801013 9.774353293 9.8063140375 10.2177742305 10.2299833102 10.8896155745 10.9465360712 16.5908197743 16.6483290858 16.6896411885 16.7068760063 16.7191383515 16.7994000327 16.8373209037 16.8865058956 16.8930845061 17.078795408 17.1971838174 17.307891569 17.3110069438 17.3116014479 17.3433449866 17.4220565459 17.5749980936 17.6268167076 17.6505507957 17.6776286532 17.6971964837 17.7030842293 17.7053958419 17.7060930994 18.0284005006 18.0508581032 18.1017872112 18.1294128165 18.1704956635 18.3642416275 18.5004391864 18.5533302871 19.5107029476 19.5487756862 19.5612562483 19.5929330461 19.6776068708 19.7245247516 20.0113139999 20.0531450462 21.4571133626 21.5022866961 21.509466972 21.5859257741 21.6609478004 21.7032210207 21.7082560225 21.7820737363
443 2.0335502787 2.0788927283 2.0923119684 2.1219414954 3.3927215772 3.4040615805 3.4666912373 3.475257879 3.5484081919 3.6551217063 3.6789378922 3.7509338305 3.9284602401 3.9538552733 4.0879553732 4.1228665836 4.3646250547 4.3945825002 4.3997021703 4.4268742845 4.4713199594 4.4829996207 4.4838338482 4.5164130612 4.5417794587 4.5472204147 4.5868997824 4.6048294139 4.6729030939 4.6964856619 4.9103417701 4.9368807543 4.9783198218 4.9894315413 5.0448078028 5.1017746639 5.3519308282 5.3900260669 5.5167306668 5.5393501046 5.5988400438 5.6063873833 5.6139205767 5.6310448499 5.6340681273 5.6669335298 5.6742720951 5.7191089077 5.7890780775 5.8007416018 6.1245640885 6.1353655325 6.4429540202 6.4563291564 6.4805881101 6.4900506382 6.6009393924 6.616526623 6.6206226481 6.6410020172 6.6593281134 6.6891542008 6.7148985686 6.7568411085 6.7619828634 6.7809083691 6.9497928308 6.9547163163 7.0929162364 7.1080153078 7.1339193036 7.1891465216 7.4097721026 7.43306852 7.5877994765 7.5990542145 7.605615893 7.6428019988 7.7184081775 7.7675604384 8.4541160752 8.5132174332 9.0816158499 9.1181435827 9.3361216717 9.3859090256 9.4701778415 9.4722098837 9.567951587 9.578460844 9.7713157055 9.8030692727 10.1951060692 10.2056365597 10.8907299812 10.9451632798 16.5997018495 16.6603982062 16.6917342663 16.7112247236 16.7283275884 16.7952501863 16.8380626629 16.8861891675 16.8899132297 17.0694058337 17.2075627754 17.3109058181 17.314380873 17.321428868 17.3445343134 17.4257045673 17.5775431101 17.6295478729 17.6525296265 17.6804116512 17.6988169128 17.7052735591 17.7081083884 17.7083118879 18.0304653206 18.0522988105 18.0984485989 18.1425321096 18.1686472198 18.3704816354 18.5033878949 18.5512061291 19.5126908038 19.5507526401 19.5621755094 19.5933147096 19.6711959377 19.7185044791 20.0126200199 20.0543573447 21.4576289685 21.5020763746 21.5089328226 21.5848781605 21.6634088847 21.7062312825 21.7110810196 21.7835516981
444 2.0206380819 2.0782115093 2.0857826558 2.1294385251 3.3639967461 3.3765917424 3.4986270979 3.5076273965 3.5484981395 3.6546560752 3.668543231 3.7421771369 3.9538754807 3.9791033995 4.0791411402 4.1146362721 4.3699961757 4.3991865767 4.4112583339 4.4329201199 4.4782597754 4.4871394621 4.4915434669 4.5031946077 4.5283257818 4.546658787 4.5771255434 4.5944723627 4.6710222973 4.6942800498 4.9191853218 4.9458049446 4.9924470246 5.0028068556 5.0439252185 5.0992812592 5.358058625 5.3969329024 5.5145433851 5.5386020855 5.5989237309 5.6053779922 5.6070288624 5.6405089443 5.6452180427 5.6691089436 5.6875938068 5.7210647064 5.78662638 5.7949475426 6.1115725399 6.1227261915 6.4536978169 6.4547838168 6.4796261031 6.5028793539 6.5992317369 6.6191458775 6.6333588458 6.6546736986 6.6599448776 6.6843202303 6.7101673957 6.7582900624 6.7642869264 6.7758436039 6.9510698694 6.9558879207 7.0976419487 7.1118609802 7.1178792545 7.1749823331 7.4206039597 7.4412855574 7.5894827335 7.6015525073 7.6042149238 7.6402101874 7.7114042908 7.7593489952 8.4594440265 8.5147334269 9.0930224241 9.1284201237 9.3681948197 9.4158148761 9.4587891259 9.4599731153 9.5784955456 9.5897212536 9.7680631925 9.7995557213 10.1721067621 10.1809478657 10.8918828766 10.943648838 16.60852967 16.6725323154 16.6940192763 16.7150877984 16.7373222912 16.7912198454 16.8388800221 16.8858598445 16.8868915656 17.0596995007 17.2175199996 17.3132296862 17.3171911601 17.3314966028 17.3456522116 17.4289316083 17.5800093775 17.6322497805 17.6543731179 17.6831094597 17.7003403573 17.7074026198 17.7099953778 17.7110671257 18.0323889189 18.0536541516 18.0955651483 18.1515535115 18.1709835625 18.3762155574 18.506004923 18.5487802985 19.5147586926 19.5528350391 19.5631251992 19.5936344917 19.6648760779 19.7126264323 20.0138368864 20.0554789031 21.4581519655 21.5019204138 21.508430075 21.5838719155 21.6657433808 21.7090964919 21.7137375631 21.7849551044
445 2.0085890149 2.0657848791 2.0921996026 2.1369435929 3.3363100889 3.3503780884 3.5300590723 3.5395882739 3.5488333662 3.6541903793 3.6588800781 3.7339542617 3.9789197125 4.0039998994 4.0697177533 4.1055213337 4.3754984789 4.4038780237 4.4221346847 4.4389061412 4.4845633504 4.4893880532 4.4910708489 4.499034355 4.5144226008 4.5458123183 4.5675318005 4.584403067 4.669258121 4.6921779694 4.9276504061 4.9544049041 5.0073971653 5.0169569356 5.0428428073 5.096584631 5.3643800345 5.4039616269 5.5120670629 5.5375466599 5.5857295857 5.5947082183 5.6116233225 5.6471514499 5.6587657753 5.6710235709 5.7001588334 5.7227029865 5.7892100638 5.7941539022 6.0987871032 6.1102161663 6.4510461626 6.4666120917 6.4781147183 6.5156966513 6.5978077625 6.6179911784 6.649421201 6.6510657266 6.6789591288 6.6795861636 6.7051795879 6.759716319 6.7667289193 6.7706369471 6.9522695234 6.9569609539 7.1014745913 7.1021060399 7.1155233717 7.1599672095 7.4313389355 7.4500510646 7.5912026043 7.6025526042 7.6042166229 7.6372758659 7.7044451565 7.7511470852 8.4646013225 8.5160440385 9.1047665657 9.1389757053 9.4001797 9.4450638029 9.4475645268 9.4478687945 9.5887779296 9.6007550577 9.7645929598 9.7957715681 10.1487746841 10.1559260403 10.8930832142 10.9420067568 16.6172673059 16.6844607615 16.6967049609 16.7184460438 16.7460971884 16.7873102711 16.8397672535 16.884012029 16.8855052428 17.0496883263 17.2270341674 17.3150338333 17.3198843918 17.3411920388 17.3466941443 17.4317321561 17.582382531 17.6349123393 17.6560707347 17.6857120916 17.7017578899 17.709472378 17.7117489508 17.7136399349 18.0341772606 18.0548611606 18.0931914175 18.1529843178 18.180947376 18.3813645452 18.5082737139 18.5461287031 19.5168921946 19.5550163559 19.5641170808 19.5938873343 19.6586560582 19.7069104362 20.0149656202 20.0565118786 21.4586760169 21.5018147423 21.5079557949 21.5829110374 21.6679448798 21.711810062 21.7162201185 21.7862798972
446 1.9974141738 2.0539572789 2.0991658445 2.1443381863 3.3099421935 3.3254545368 3.549213259 3.5609502315 3.5711859193 3.6489544633 3.6547084401 3.7262546974 4.0035812115 4.028537462 4.0596436445 4.0954924265 4.3811291298 4.408660633 4.4323257921 4.4448225532 4.4751708279 4.490804675 4.4944764186 4.5000664279 4.5058531939 4.5446633822 4.5581209832 4.5746321299 4.6676144212 4.6901883121 4.9357482346 4.9626944267 5.0231821606 5.0319011428 5.0415534612 5.0936835272 5.3708719197 5.4110831381 5.5092944384 5.5361673285 5.56792466 5.5779927907 5.6176327033 5.6535373327 5.6716121787 5.6729737517 5.7118728799 5.7240428879 5.7955935615 5.7976973487 6.0861611861 6.0978008509 6.4484315147 6.4759926791 6.4785503905 6.5284698171 6.5966659399 6.6171251495 6.6457416954 6.6674578983 6.674936674 6.698090354 6.6999127059 6.7609019072 6.7651747091 6.7695378237 6.9533914164 6.9579371907 7.0849441756 7.1063008354 7.1188102016 7.144271835 7.4419179472 7.4591808602 7.5928777342 7.6007214911 7.6070359712 7.6340002394 7.6975678729 7.7429908405 8.4695734786 8.5171402848 9.1168162058 9.1497836851 9.4320358352 9.4350174834 9.4356069115 9.475447444 9.5987965348 9.6115563724 9.7609021373 9.7917151048 10.1251017788 10.1305863736 10.8943386575 10.9402511057 16.625878039 16.6944958987 16.7014067492 16.7212821417 16.7546259813 16.7835276408 16.8407192942 16.8812672684 16.8851199731 17.0393873186 17.2360850517 17.3164762111 17.3223288241 17.3476556137 17.3504964005 17.4341007691 17.5846482302 17.6375249444 17.6576122662 17.6882099882 17.7030609707 17.7114775378 17.7133653624 17.7160160117 18.0358364951 18.0558512407 18.0913847901 18.150896197 18.194419319 18.385838313 18.5101757375 18.5433451132 19.519073281 19.5572881251 19.5651659197 19.5940671252 19.6525450484 19.7013787387 20.0160071639 20.0574583919 21.4591947089 21.5017554001 21.5075072372 21.5819995714 21.6700074074 21.7143656927 21.7185235399 21.7875222671
447 1.9871215522 2.0429584245 2.106385722 2.1515075795 3.2850959226 3.3018640076 3.5499246155 3.5911768047 3.6021415928 3.6403161381 3.654655326 3.7190665832 4.0278444138 4.0488293704 4.0527623701 4.0845272356 4.3868857402 4.4135382011 4.4418256627 4.4506540931 4.4607069151 4.4850601143 4.4966837717 4.4976614893 4.5119879168 4.5432176474 4.5488949782 4.5651750662 4.6660945347 4.6883197321 4.9434898883 4.9706869093 5.0397106752 5.0401434383 5.0476582369 5.0905780073 5.3775087807 5.4182665026 5.5062201815 5.5344421139 5.5469173756 5.5579386275 5.6233928226 5.6597009174 5.6739207965 5.6846487509 5.7222730638 5.7254775351 5.8038059005 5.8052853765 6.0736527842 6.0854484078 6.4459281229 6.4736230126 6.490272017 6.5411699136 6.5958041612 6.6165387365 6.6415523366 6.6704068002 6.6846300304 6.6943466921 6.7172739048 6.7580389224 6.7639322754 6.7719485343 6.9544349363 6.9588185546 7.0682306072 7.1102231005 7.1218041849 7.1280291302 7.452295765 7.4685338417 7.5941096926 7.5991122242 7.6100125532 7.6303938724 7.6908063914 7.7349138352 8.4743476477 8.5180143105 9.1291405237 9.1608186537 9.4222711367 9.4239221539 9.4638109615 9.5050381156 9.6085496044 9.622119715 9.7569878008 9.7873847517 10.1010601766 10.1049640688 10.8956555303 10.9383959842 16.6343243267 16.6991632844 16.711512819 16.7235815269 16.7628698214 16.7798949686 16.8417317474 16.8786499679 16.8847088395 17.028815277 17.244653018 17.3176479608 17.3244600281 17.3485339893 17.359391496 17.4360320295 17.5867923499 17.6400763898 17.6589879482 17.6905940619 17.7042415001 17.7134104384 17.7148422481 17.718184565 18.0373731409 18.056559749 18.0901974827 18.1478863761 18.2087548057 18.3895347302 18.5116907224 18.5405418092 19.5212797463 19.5596395568 19.5662900273 19.5941664435 19.6465527592 19.6960564937 20.0169623808 20.0583205071 21.4597016179 21.5017385587 21.507081863 21.5811415845 21.6719254234 21.71675739 21.7206430842 21.7886786585
448 1.9777171789 2.0328266176 2.1137437215 2.1583387225 3.2619397798 3.2796766456 3.550818173 3.6206908375 3.6321261678 3.6325098189 3.6549103593 3.7123769511 4.0373431427 4.0517261257 4.0725634604 4.0765799158 4.3927661703 4.418514535 4.4457322138 4.4506735003 4.4564147465 4.4699029656 4.5004307464 4.5019728351 4.5174994526 4.5398498361 4.5414888656 4.5560627402 4.6647012689 4.6865806034 4.9508862024 4.9783951177 5.0383174678 5.0572691871 5.0642396626 5.0872698286 5.3842629114 5.4254792083 5.502840309 5.5237809752 5.5322141095 5.5356848176 5.6288920272 5.6656364534 5.6749814791 5.6966757887 5.7252115207 5.733090177 5.8128563198 5.8160042414 6.061224514 6.0731296995 6.4436018779 6.4708337698 6.501996332 6.5537688641 6.5952198303 6.6162152884 6.637537768 6.665997872 6.6884637805 6.7019065367 6.7364662609 6.7520172425 6.7656228866 6.7742862122 6.955399207 6.9596071286 7.0513685937 7.1113104133 7.1138679592 7.1245199103 7.4624367246 7.478001107 7.5935175411 7.5991091555 7.6131063146 7.6265010011 7.684191431 7.7269469339 8.4789125125 8.5186592845 9.1417099736 9.172056443 9.4094055613 9.4121401855 9.4954160534 9.5345001534 9.618035803 9.6324400407 9.7528469968 9.7827790809 10.0765469994 10.0791694976 10.8970387663 10.9364555001 16.642567679 16.7020091127 16.7233703482 16.7253332802 16.770639715 16.7765913091 16.8428008775 16.8761529846 16.8842907219 17.017995621 17.2527184032 17.3186022115 17.3262520107 17.3493267544 17.3678618311 17.4375205136 17.5888011768 17.6425547941 17.6601886185 17.6928557353 17.7052918723 17.7152621931 17.7161785933 17.7201372563 18.0387942339 18.0569418285 18.089660825 18.1445744388 18.2232865639 18.392341134 18.5127992322 18.53784626 19.5234846988 19.5620570875 19.5675117255 19.5941762852 19.6406896305 19.6909723002 20.0178320543 20.059100211 21.4601903841 21.5017605414 21.506677355 21.580341131 21.673693823 21.7189794839 21.7225744247 21.7897457742
449 1.9692054773 2.0235859973 2.1211270461 2.164721991 3.2406227388 3.2589833904 3.5519132996 3.624279916 3.6496679373 3.655166922 3.6624120892 3.706172313 4.0250902146 4.0596819923 4.075182212 4.0999852329 4.3987677057 4.4235908784 4.4304425833 4.4540274181 4.458949278 4.4621020244 4.5028495156 4.5069093586 4.522256615 4.5310014863 4.5394726668 4.5473819328 4.6634369084 4.684978971 4.9579476583 4.9858308935 5.0363658111 5.0755376006 5.081651435 5.0837777785 5.3911044976 5.4326870389 5.4989860138 5.4994953678 5.5113423966 5.5300731934 5.634120641 5.6713305558 5.6757332663 5.7080473002 5.7255628347 5.7419470079 5.8232504279 5.827975646 6.0488435053 6.0608182135 6.4415144914 6.4677681302 6.51363199 6.5662384091 6.5949102633 6.6161254679 6.6337397368 6.6617198694 6.6822499098 6.7192661368 6.7454269913 6.755450506 6.7678340262 6.7764720011 6.956283051 6.9603051604 7.0343803422 7.0942251592 7.1172282539 7.1269207201 7.4723119392 7.4874975287 7.5910579878 7.6007587397 7.6160462417 7.6225996937 7.6777504901 7.7191181741 8.483258173 8.5190693082 9.1544962894 9.1834741146 9.3964055344 9.4002758917 9.526860451 9.5638085758 9.6272541915 9.6425128446 9.7484767733 9.777896843 10.0512411149 10.0535315155 10.8984918514 10.9344437625 16.6505683773 16.7045753425 16.7265290989 16.7353017807 16.7724640538 16.7790880411 16.8439235975 16.8737693663 16.8839044196 17.0069574929 17.2602606484 17.3193739561 17.3276976838 17.3500332766 17.3758930263 17.4385607817 17.590661605 17.6449475389 17.6612059144 17.6949869759 17.7062050279 17.7170230994 17.7173746557 17.7218678581 18.0401073821 18.056988238 18.0897692711 18.1411454874 18.2377810176 18.3941385374 18.5134905733 18.5353897206 19.5256562452 19.5645239732 19.5688574698 19.5940857947 19.6349670978 19.6861587638 20.0186168882 20.0597993935 21.4606547886 21.5018178414 21.5062916312 21.5796022096 21.6753079382 21.7210266445 21.7243136638 21.7907205812
450 1.9615894594 2.015257081 2.1284144933 2.1705543884 3.2212794629 3.2398906723 3.5532155049 3.6170620407 3.6558641891 3.6777602214 3.6913718822 3.7004429372 4.0120395378 4.0458191131 4.0981828903 4.1230492122 4.4048785627 4.4147293821 4.4287603483 4.4380635714 4.4663024381 4.4676163731 4.5048657786 4.5114484209 4.5222900291 4.5259701783 4.5371364523 4.5395397088 4.6623032364 4.6835224927 4.9646842879 4.9930047381 5.0341827189 5.0800385528 5.0946127232 5.0999513174 5.3980014337 5.4398509918 5.4740495282 5.4861722915 5.4952049273 5.5272933504 5.6390697001 5.6760881168 5.676861824 5.7186927084 5.7254886109 5.7498335805 5.8346090684 5.8406499944 6.0364812373 6.048489998 6.4397224642 6.4645105726 6.5251490065 6.5785472662 6.5948751995 6.6162116343 6.6302219988 6.6575830426 6.6756932665 6.7366937798 6.7384512877 6.7682554423 6.7759890889 6.7787606465 6.9570849337 6.9609150352 7.0172836358 7.0768119348 7.1203010906 7.1290214924 7.4818973987 7.4969555357 7.5878240615 7.6029716854 7.615927122 7.6216039832 7.6715079954 7.7114526856 8.4873760285 8.5192393383 9.1674724717 9.1950499285 9.3832819287 9.3883382309 9.5581281833 9.5929460775 9.6362042154 9.6523344784 9.7438742192 9.7727369978 10.0249728288 10.0282278522 10.90001674 10.9323749058 16.6582848962 16.7070523952 16.7271682015 16.7469244307 16.7694384084 16.7863131565 16.8450974464 16.8714924074 16.883617151 16.9957373047 17.2672570347 17.3199883567 17.3288014691 17.3506541489 17.3834724853 17.4391473874 17.5923613209 17.6472412111 17.6620325323 17.6969803221 17.7069745093 17.718431833 17.7186828134 17.7233721441 18.0413206647 18.0567304488 18.090475065 18.1376753826 18.2521125625 18.3948098374 18.5137787245 18.5332840472 19.527757578 19.5670204015 19.5703569173 19.5938820526 19.6293979875 19.6816530104 20.0193175085 20.0604198295 21.4610888368 21.5019071397 21.5059228586 21.5789287124 21.676763539 21.7228938971 21.7258573445 21.7916003155
451 1.9548708945 2.0078585735 2.1354738454 2.1757439699 3.2040306328 3.2225172128 3.5547288368 3.6103259109 3.6566574784 3.6951158598 3.7051143792 3.7196985297 3.9981801334 4.030971211 4.1207350727 4.1457352317 4.3985940559 4.4111209075 4.4214903453 4.434129896 4.4729537805 4.4731403852 4.5064654785 4.5137997485 4.5155158593 4.5262737664 4.5340013106 4.535362353 4.661301571 4.682218372 4.9711055897 4.9999250977 5.0317652543 5.0761394569 5.1144050424 5.1191207485 5.4049175868 5.44655606 5.4486982536 5.460344426 5.4909157901 5.5241712637 5.6437306862 5.6762707182 5.6819885787 5.7250532311 5.7285513932 5.7566384019 5.8466051785 5.8537366595 6.0241133789 6.0361236277 6.4382757484 6.4611445509 6.5365196099 6.5906168592 6.5951606631 6.6163451484 6.6271184433 6.6535978098 6.6687856954 6.7310972043 6.7541725854 6.7708290147 6.7800502412 6.7951367689 6.9578028679 6.9614390848 7.0000940912 7.0591179522 7.1230809819 7.1308200239 7.4911725601 7.50632062 7.5841149875 7.6054501946 7.6115079457 7.6247679503 7.6654856752 7.7039726489 8.4912586488 8.5191651323 9.1806127595 9.2067632901 9.3700458382 9.3763354205 9.5892046051 9.6218955264 9.6448858146 9.6619034301 9.7390365231 9.7672987581 9.9980978379 10.0029112632 10.9016137152 10.9302631775 16.6656727594 16.7094631014 16.7272543258 16.7578191993 16.7666332366 16.7933814343 16.8463205485 16.8693157161 16.8835366217 16.9843809837 17.2736808128 17.320464153 17.3295775419 17.3511911052 17.3905893407 17.4392749066 17.5938889678 17.6494215179 17.6626625852 17.698828897 17.7075945235 17.7193524974 17.7202303995 17.7246478747 18.0424422976 18.0562303226 18.0916982405 18.1342051234 18.266188581 18.3942522999 18.5137219056 18.531591009 19.529747712 19.5695258328 19.5720389196 19.5935500055 19.6239971439 19.6774970255 20.0199344652 20.0609631601 21.4614868436 21.5020253209 21.5055694648 21.5783243674 21.6780568355 21.7245766354 21.7272024625 21.7923824878
452 1.9490504947 2.0014077039 2.142160463 2.1802155145 3.1889804069 3.2069921288 3.5564554388 3.6040790217 3.6576264289 3.6902926846 3.7315707684 3.7472522913 3.9835049561 4.0151522264 4.1428025621 4.1680381933 4.3821360183 4.4044184473 4.4175891997 4.4395306736 4.4782390304 4.4792116448 4.5055055572 4.507638442 4.518018145 4.5216465194 4.5317616898 4.5357989615 4.6604328146 4.6810732814 4.9772204579 5.0065967158 5.0291118935 5.0720499646 5.1348674665 5.1392069585 5.4117801106 5.4223408151 5.4340947345 5.4540013389 5.4863542595 5.5206954617 5.6480953426 5.6760794054 5.686893326 5.7242786115 5.7375582681 5.7623084848 5.8590111163 5.8670506312 6.0117196931 6.0237002296 6.4372161866 6.4577530742 6.5477164199 6.5954722694 6.6027071685 6.616224873 6.624736007 6.6497748066 6.6615226642 6.7233709122 6.7716303852 6.7728008911 6.7816028884 6.8143467962 6.9584341036 6.9618782459 6.9828281077 7.0411802433 7.1255626071 7.1323164355 7.500119103 7.5155481052 7.5800001293 7.6061553259 7.608188208 7.6286775164 7.6597033525 7.6966972988 8.4948996223 8.5188432308 9.1938925866 9.2185946635 9.3567089035 9.3642758526 9.6200758867 9.6506235082 9.653306235 9.6712290028 9.7339610737 9.761581658 9.9708169554 9.9773899491 10.9032811114 10.9281231691 16.6726822521 16.7117888548 16.7268009172 16.7625913533 16.7693549157 16.800125266 16.8475915369 16.8672333137 16.8838266564 16.9729473071 17.2794984354 17.3208153475 17.3300508024 17.3516467698 17.3972344497 17.4389379867 17.5952342881 17.6514730909 17.6630921382 17.7005263969 17.7080600234 17.7201397465 17.7216543356 17.7256948575 18.0434799267 18.0555618252 18.0933443657 18.1307639277 18.2799255316 18.3923929389 18.5134280963 18.5303035541 19.5315830722 19.5720277245 19.5739199226 19.5930726642 19.6187825187 19.6737376236 20.0204682343 20.0614308767 21.4618435216 21.5021694878 21.5052301495 21.5777926766 21.6791844791 21.7260706297 21.7283464793 21.7930648881
453 1.9441281276 1.9959201637 2.1483159382 2.1839174178 3.1762120192 3.1934537765 3.5583927359 3.5983224975 3.6587801435 3.6858759478 3.7571632659 3.7739655321 3.9680252945 3.9983806899 4.1643371272 4.1899538156 4.3653529556 4.3870339007 4.4240528067 4.4450564763 4.4832859824 4.4846586009 4.4973908123 4.5083629336 4.5125576613 4.5230901471 4.5288915487 4.5378316167 4.6596975177 4.6800932764 4.9830371253 5.0130145511 5.0262272798 5.0677816981 5.1559299244 5.1602287173 5.3962780606 5.4076599345 5.4187379913 5.4608433224 5.4815308383 5.5168681693 5.6521553453 5.6755665058 5.691501599 5.7231779391 5.7456551856 5.7668069859 5.8716699805 5.8804693516 5.999284087 6.0112036248 6.4365756253 6.4544183381 6.5587117515 6.5962187526 6.6143673306 6.6153570224 6.6235803775 6.6461249605 6.6539039263 6.7152749076 6.7744757099 6.7826945386 6.7893816532 6.8336278652 6.9589704815 6.9621871885 6.9655537073 7.023030047 7.127739722 7.1335126171 7.5087194326 7.5246008068 7.5755031575 7.600432033 7.611038262 7.6329098681 7.6541806606 7.6896429843 8.498293346 8.5182710124 9.2072885192 9.2305254221 9.3432833985 9.352168439 9.6507272481 9.6614412883 9.6785446188 9.6809066704 9.7286456695 9.7555856886 9.9431910103 9.9516128942 10.9050147078 10.9259703826 16.679253703 16.7139889643 16.7258355922 16.7602901323 16.7783287773 16.8064529479 16.8489093975 16.8652398106 16.8847227028 16.9615129639 17.2846655451 17.3210526876 17.3302593744 17.352024342 17.4034003698 17.4381314155 17.5963882357 17.6533789732 17.6633201209 17.7020670236 17.7083668377 17.7207971512 17.7229423449 17.7265151364 18.0444392654 18.0547961855 18.0953182304 18.1273796336 18.2932372458 18.3892038697 18.5130302317 18.5293591462 19.5332199446 19.5745381846 19.5759827511 19.5924317322 19.6137772959 19.6704257794 20.020919221 20.0618243052 21.4621540677 21.5023369722 21.5049038958 21.5773368505 21.6801435645 21.7273720282 21.7292873409 21.7936455907
454 1.9401030568 1.9914098995 2.1537667485 2.1868293967 3.16578225 3.1820489412 3.5605267695 3.5930677804 3.6601205416 3.6818745007 3.7818160516 3.7997395162 3.9517920524 3.9806920408 4.1852520628 4.2114778624 4.3483321074 4.3691983473 4.4306572587 4.450681501 4.4879247468 4.4892339058 4.4898121018 4.5054604978 4.508654202 4.5254115852 4.5260767117 4.5396863638 4.6590959516 4.6792837042 4.9885631164 5.0190930296 5.0231893415 5.0633503732 5.1775521841 5.1821631986 5.3704431682 5.3812264287 5.4254755978 5.4674983637 5.4764910261 5.5126978925 5.6559014888 5.6747342751 5.6957823051 5.7217757541 5.7527806716 5.7701097538 5.8844721116 5.8939096687 5.9867949995 5.9986207295 6.4363732251 6.4512221421 6.5694762406 6.5971618633 6.6136134359 6.623775475 6.6258063485 6.642659626 6.6459353473 6.7068149883 6.7759734311 6.7837369205 6.8068895282 6.8528955496 6.9480677673 6.9594369757 6.9625606196 7.0046957271 7.1296039174 7.1344133327 7.5169539956 7.5334472859 7.5706389525 7.5943028021 7.6140892711 7.6374108672 7.648941205 7.6828233166 8.5014346521 8.517446929 9.2207781544 9.2425375357 9.3297823246 9.3400229784 9.6693072019 9.6811589209 9.688905878 9.7076442033 9.7230892381 9.7493116377 9.9152443295 9.925566872 10.9068062296 10.9238226945 16.6853072489 16.7160019314 16.7244110603 16.7579336384 16.7863089889 16.8122025875 16.8502730983 16.8633307924 16.8865338124 16.9501804649 17.2891215219 17.3211861826 17.3302575662 17.35232725 17.409081312 17.4368502066 17.5973430619 17.6551192338 17.6633501516 17.7034452727 17.7085119389 17.7213284531 17.7240809248 17.7271135009 18.0453214173 18.05399614 18.0975266919 18.1240875603 18.3060234792 18.3847157879 18.5126437263 18.5286769883 19.5346174597 19.5770966943 19.5781665122 19.5916088224 19.6090146535 19.6676150156 20.0212877623 20.0621445923 21.4624142482 21.5025253416 21.504589984 21.5769597434 21.6809316309 21.7284773382 21.7300235134 21.7941229581
455 1.9369741978 1.9878888484 2.1583240569 2.1889694286 3.1577159543 3.1729315885 3.562815394 3.5883546213 3.6616377414 3.6782935912 3.8054376889 3.8243783429 3.9349626591 3.9621576064 4.2053637485 4.2326057035 4.3312535895 4.3509368909 4.4373719123 4.4563614273 4.4816377329 4.4924028462 4.4935664619 4.4987266928 4.5085032906 4.5225641816 4.5278922695 4.541138384 4.658628188 4.6786491087 4.9938052011 5.0195178956 5.0252873895 5.0587873389 5.1997259837 5.2049370506 5.3448474676 5.3549188143 5.4320623774 5.4710010149 5.474205239 5.5082017177 5.6593212667 5.6735883429 5.6996843024 5.7201180439 5.7588717079 5.7722076884 5.8973383412 5.9073133197 5.9742467614 5.9859427097 6.4366101341 6.4482491215 6.5799744149 6.5982931624 6.6114831008 6.6248789489 6.6368777372 6.6376981685 6.6393935353 6.698005414 6.7772081101 6.7844785828 6.8244371815 6.8721122673 6.9306660437 6.9597887667 6.9627708637 6.9862077742 7.1311417512 7.1350290553 7.5247943351 7.5420603702 7.5654291975 7.5878146116 7.6172924088 7.6421620816 7.6440302525 7.676249525 8.504317887 8.5163713077 9.2343399047 9.2546127279 9.3162196172 9.3278510068 9.676910819 9.6974253275 9.7113385249 9.7172908916 9.7357187084 9.7427624343 9.8869919611 9.8992505537 10.9086390563 10.9217046201 16.6907193387 16.7177412856 16.7226309988 16.7558921195 16.7927586621 16.8171079201 16.8516805241 16.8615038981 16.889602498 16.9390913214 17.2927833199 17.3212299616 17.3301172276 17.3525588115 17.4142730706 17.435089704 17.5980923751 17.6566670594 17.6631948985 17.7046552619 17.7084941622 17.7217372579 17.7250539327 17.7274989263 18.0461173681 18.0532194199 18.0998667049 18.1209460008 18.3181470182 18.3790360061 18.5123376401 18.5281902521 19.5357404457 19.5797184668 19.5804036989 19.5905873295 19.6045503446 19.6653586135 20.0215741294 20.0623926936 21.462620477 21.5027323894 21.5042880181 21.5766637904 21.6815466631 21.7293833459 21.7305540784 21.7944956452
456 1.934740374 1.9853666605 2.1617884731 2.1903956143 3.1520034942 3.1662588226 3.56514051 3.5842991467 3.663285174 3.675175388 3.8278388372 3.8473052534 3.9180914179 3.942944451 4.2241994866 4.2533310302 4.3145871777 4.3322580973 4.4441582946 4.4619603064 4.4741426897 4.4913123142 4.4969515809 4.4972531297 4.5079791751 4.5194693233 4.5294770868 4.5421599186 4.6582941789 4.6781931392 4.9987693074 5.0159359072 5.0307968678 5.0541750554 5.2224368785 5.228444586 5.3196247019 5.328868284 5.4383506158 5.4658044005 5.4802837211 5.5034181174 5.6623896749 5.6721481506 5.7030977987 5.7183105496 5.7638538866 5.773117348 5.9102047496 5.9206344453 5.9616450114 5.9731692849 6.4372535254 6.4456008767 6.5901448195 6.5995516936 6.6093857309 6.6265115529 6.6290300658 6.6363315373 6.6477553593 6.6888851982 6.7781353347 6.7849819353 6.8419227455 6.8912352024 6.913285499 6.9600353658 6.9628996358 6.9676341577 7.1323276991 7.1353830053 7.5321777494 7.550414691 7.559931299 7.5809841659 7.6205685882 7.6395067861 7.6471903601 7.669931606 8.5069335695 8.5150495927 9.2479522783 9.2667292611 9.3026108881 9.3156689744 9.6842316313 9.7056373591 9.7112630668 9.7359266141 9.7412818247 9.7635665447 9.858450263 9.8726692517 10.9104729568 10.9196625535 16.6952672324 16.7190720532 16.720730157 16.7543005178 16.7974743973 16.8208474641 16.8531244181 16.8597628894 16.8941907213 16.9284531217 17.2955422139 17.3212095077 17.3299238271 17.352721931 17.4189729305 17.4328457026 17.5986311793 17.6579768088 17.662888461 17.7056881444 17.7083168318 17.722026739 17.7258381123 17.7276890708 18.0467965404 18.0525314003 18.1021840533 18.1180770229 18.3293601787 18.3724105003 18.5121333948 18.5278581106 19.5365614149 19.5822309149 19.5827430172 19.5893548204 19.6005029865 19.6637056362 20.0217785306 20.0625693631 21.4627698854 21.5029560628 21.5039980119 21.5764509512 21.6819870927 21.7300867687 21.7308790916 21.7947626024
457 1.9334005513 1.9838504418 2.1639675324 2.1911946541 3.1486069502 3.1621787328 3.5671644989 3.5812375289 3.6648754831 3.6727039555 3.8484250568 3.8656532185 3.9040867329 3.9235738441 4.2402030256 4.2736368787 4.2998887915 4.3131774799 4.4508427774 4.4663206979 4.4677444641 4.4858924368 4.4992906383 4.5002317944 4.5072665532 4.5168828198 4.5304519991 4.5427620552 4.6580938295 4.6779184686 5.0034600609 5.012046687 5.0357086459 5.0498261686 5.2455656768 5.2525080449 5.2950045746 5.3032301609 5.4439181358 5.4608298543 5.4860613081 5.4984887956 5.6650157685 5.6705006109 5.7057307778 5.7166423551 5.7675841495 5.7729394356 5.922980433 5.9338055142 5.9490433266 5.9603372161 6.43816522 6.4434658431 6.599579491 6.6009800324 6.6076689673 6.6202675075 6.6285501485 6.6335012595 6.6580295225 6.679621643 6.7787128605 6.7852712726 6.85911765 6.896144271 6.9101538924 6.9489674668 6.96021747 6.9630302083 7.1331083315 7.1355269687 7.5388603093 7.5543699205 7.5584976788 7.5738309236 7.6236232909 7.6357094505 7.6524505136 7.6638854989 8.5092471658 8.5135134914 9.2615891663 9.2788395947 9.2889788331 9.3035198745 9.691223421 9.7050360437 9.7135385128 9.7288827138 9.7709184989 9.7911170448 9.8296734933 9.8458424623 10.9121698277 10.9178390135 16.6985145869 16.718886524 16.7201249629 16.7532798779 16.8003453889 16.8231663004 16.854567237 16.8581428052 16.9002573102 16.9186481601 17.2972726329 17.3211658473 17.3297634729 17.352818856 17.4231795286 17.430114607 17.5989558954 17.658945692 17.6625250766 17.7065171785 17.7080027221 17.7221993744 17.7263879126 17.7277254734 18.047287316 18.0520266756 18.1041479651 18.1157901323 18.3389549206 18.365559452 18.5120223103 18.5276621889 19.5370612925 19.5843617404 19.5851065065 19.5879055101 19.5972103976 19.6626961629 20.0219011128 20.0626751454 21.4628603804 21.5031939025 21.5037209604 21.5763226624 21.682251799 21.7305819696 21.7310018788 21.7949230778
458 1.9329540266 1.9833445466 2.1647129216 2.1914493597 3.1474815435 3.1608042399 3.5680684902 3.5799877594 3.6656915854 3.6715943698 3.8624366322 3.8683297875 3.9051385698 3.9076889419 4.2477563995 4.291742196 4.2935712824 4.2946799111 4.4553704014 4.4622233597 4.4697517526 4.4831440206 4.5002342333 4.5015242982 4.5068738148 4.5157643186 4.530780846 4.5429605298 4.658027057 4.6778267288 5.0077415992 5.0080307656 5.038292779 5.0474306954 5.2653604944 5.2713392986 5.2785684002 5.2800128859 5.4467892803 5.4581553397 5.4898289941 5.4950064372 5.6664771741 5.6693656613 5.7068338606 5.7158610652 5.769329851 5.772380748 5.9336610644 5.938414281 5.9450086623 5.9492576334 6.4387474314 6.4424724241 6.6011663291 6.6066979327 6.6069714411 6.6137922467 6.6306308777 6.6311528717 6.6652200044 6.6727690318 6.7789093045 6.7853652521 6.8719394793 6.8833463206 6.9255480724 6.9336825135 6.9602648535 6.963055884 7.1333895755 7.1355540327 7.542800321 7.5508126504 7.5656540068 7.5669763956 7.6252026286 7.633881783 7.6573420743 7.6587316407 8.5107502234 8.5122697834 9.2744096927 9.2761564274 9.2893806278 9.2929699391 9.6965933644 9.6999258146 9.719926168 9.7227725545 9.7993170507 9.8009949043 9.8178799981 9.8198914197 10.9130719734 10.9168943495 16.6997483534 16.7182192235 16.7203908892 16.7529269335 16.801309678 16.8239471927 16.8555533273 16.8570977938 16.9054477213 16.9121976954 17.2978645429 17.3211443182 17.3297017905 17.3528510032 17.426857535 17.4269287663 17.5990643731 17.6593362552 17.6623369382 17.7069465363 17.7077452717 17.7222567393 17.7266010608 17.7277079945 18.047474156 18.0518337854 18.105011764 18.11481997 18.3437648948 18.3616622613 18.511987812 18.5275971181 19.5372291022 19.5861866363 19.5862892201 19.5862950907 19.5957323871 19.6623565945 20.0219419639 20.0627103694 21.462890688 21.5034082743 21.5034936161 21.5762798012 21.6823401092 21.7308161384 21.7309738605 21.7949766199
459 1.9329540266 1.9833445466 2.1647129216 2.1914493597 3.1474815435 3.1608042399 3.5680684902 3.5799877594 3.6656915854 3.6715943698 3.8624366322 3.8683297875 3.9051385698 3.9076889419 4.2477563995 4.291742196 4.2935712824 4.2946799111 4.4553704014 4.4622233597 4.4697517526 4.4831440206 4.5002342333 4.5015242982 4.5068738148 4.5157643186 4.530780846 4.5429605298 4.658027057 4.6778267288 5.0077415992 5.0080307656 5.038292779 5.0474306954 5.2653604944 5.2713392986 5.2785684002 5.2800128859 5.4467892803 5.4581553397 5.4898289941 5.4950064372 5.6664771741 5.6693656613 5.7068338606 5.7158610652 5.769329851 5.772380748 5.9336610644 5.938414281 5.9450086623 5.9492576334 6.4387474314 6.4424724241 6.6011663291 6.6066979327 6.6069714411 6.6137922467 6.6306308777 6.6311528717 6.6652200044 6.6727690318 6.7789093045 6.7853652521 6.8719394793 6.8833463206 6.9255480724 6.9336825135 6.9602648535 6.963055884 7.1333895755 7.1355540327 7.542800321 7.5508126504 7.5656540068 7.5669763956 7.6252026286 7.633881783 7.6573420743 7.6587316407 8.5107502234 8.5122697834 9.2744096927 9.2761564274 9.2893806278 9.2929699391 9.6965933644 9.6999258146 9.719926168 9.7227725545 9.7993170507 9.8009949043 9.8178799981 9.8198914197 10.9130719734 10.9168943495 16.6997483534 16.7182192235 16.7203908892 16.7529269335 16.801309678 16.8239471927 16.8555533273 16.8570977938 16.9054477213 16.9121976954 17.2978645429 17.3211443182 17.3297017905 17.3528510032 17.426857535 17.4269287663 17.5990643731 17.6593362552 17.6623369382 17.7069465363 17.7077452717 17.7222567393 17.7266010608 17.7277079945 18.047474156 18.0518337854 18.105011764 18.11481997 18.3437648948 18.3616622613 18.511987812 18.5275971181 19.5372291022 19.5861866363 19.5862892201 19.5862950907 19.5957323871 19.6623565945 20.0219419639 20.0627103694 21.462890688 21.5034082743 21.5034936161 21.5762798012 21.6823401092 21.7308161384 21.7309738605 21.7949766199
460 1.9134285654 2.0027352009 2.1368295767 2.2190579367 3.1025997348 3.2048822318 3.5679244913 3.5801406882 3.665315225 3.6719840183 3.8619584196 3.8687517128 3.9040986975 3.9086741042 4.2475903579 4.2902667626 4.2932165273 4.2966781647 4.4553782998 4.4622386134 4.4697253312 4.4832150084 4.4971625177 4.49945829 4.5077375081 4.5200147763 4.5303923606 4.543374027 4.6496817192 4.6859022702 4.9946383291 5.0211395506 5.0289006559 5.0568343112 5.2499421788 5.2577647463 5.2903949182 5.297281238 5.4460340609 5.4589033259 5.4884603143 5.4963895317 5.6646141688 5.6711835755 5.7056998028 5.7169169627 5.7535268815 5.7881533865 5.9278745856 5.9373995653 5.9456256427 5.9556868574 6.4336383529 6.4477283064 6.5989989884 6.6010585613 6.6072134018 6.621459256 6.629673335 6.6321098247 6.6581366541 6.6799303242 6.7785897689 6.7855730704 6.8620286868 6.8933819557 6.9145608028 6.9447663615 6.9576031434 6.9657275193 7.1331447828 7.135781066 7.5402110015 7.5533531933 7.5609548736 7.5716482544 7.6250031197 7.6339548083 7.6568717129 7.6590781968 8.5086050322 8.5147441519 9.265695653 9.2814158185 9.2848499854 9.3009195023 9.6898617031 9.7065868061 9.7129897021 9.7296369994 9.7825179076 9.8010473663 9.8179019118 9.8363202529 10.8833383431 10.9462753686 16.69119815 16.7201686254 16.7268586773 16.7530957169 16.8011342935 16.8241028755 16.8538353443 16.8588086753 16.9045147405 16.9131231717 17.2973946692 17.3188636705 17.3296499307 17.3554634906 17.4231237163 17.4305813945 17.5989924514 17.6567336143 17.6648851809 17.704680365 17.7100052017 17.7221617048 17.7224566928 17.7322318909 18.0457185011 18.0535860922 18.1043182432 18.1155356669 18.343223162 18.3622243896 18.5119107998 18.5276418136 19.5371978417 19.5855556422 19.5861605276 19.5870236237 19.5958610945 19.6623519937 20.0213711017 20.0632202266 21.4628327805 21.4996415081 21.5072641133 21.5762591669 21.6820179614 21.7231392039 21.738646084 21.7953764664
461 1.8799635925 2.0357957142 2.0986355811 2.2564276387 3.0509294005 3.254140021 3.5675132228 3.5805787248 3.6643880222 3.6729510334 3.8607926738 3.8697476971 3.9023051568 3.9103044347 4.2471000192 4.2876335577 4.293615018 4.2994092713 4.455402018 4.4622840331 4.4696426589 4.4833965079 4.4893858093 4.4976146549 4.5096387806 4.5276722218 4.529382453 4.5444862085 4.6354840853 4.6992906637 4.9814073625 5.0161003722 5.0343916169 5.0696643893 5.2307964506 5.2387477061 5.3095522453 5.3165912832 5.444170348 5.4607452946 5.485909833 5.4989831488 5.6617627707 5.673899499 5.7031550685 5.7192107702 5.7362941751 5.8053113861 5.9201591232 5.9295819811 5.9534181896 5.9641635065 6.4271915093 6.4546148931 6.5889371803 6.6003195982 6.6078627528 6.6284799287 6.6319358333 6.6332828485 6.6483644139 6.6899364198 6.7777275363 6.7860999228 6.8481519967 6.9004527879 6.9076338175 6.9539239693 6.9591597211 6.9694401557 7.1325838366 7.1362887392 7.5355526686 7.5556325094 7.5578657776 7.5768883003 7.6244259856 7.6341527458 7.6559364794 7.6596422324 8.5061954362 8.5181416798 9.2561570663 9.2719001511 9.2943271314 9.3103896019 9.6816504647 9.7047478315 9.7145862464 9.7376629686 9.7647294642 9.7833794758 9.8351949612 9.8535965973 10.8514393469 10.9771165235 16.6772524701 16.7196649589 16.7409136996 16.7535971571 16.8006227155 16.8245556322 16.8515235757 16.8610991678 16.9024911278 16.9151244831 17.2960515394 17.3128901967 17.3303019239 17.3615587105 17.4192760993 17.4341858691 17.5987770844 17.6530281851 17.6684259624 17.7020595053 17.7125871276 17.7173284555 17.7230572255 17.7373385558 18.0427497946 18.0565437715 18.1026379647 18.1172833759 18.3417667539 18.3637421556 18.5116830734 18.5277726568 19.5371046821 19.5848231139 19.5860725826 19.5877565295 19.5962405144 19.662338351 20.0197371481 20.0646711895 21.4626595837 21.4958399304 21.5110768695 21.5761951808 21.6810699179 21.7153869466 21.7463842268 21.7965591666
462 1.8441199032 2.059459097 2.0709670748 2.2942284077 2.9983577863 3.3026870357 3.5668849068 3.5812515906 3.6631960834 3.6742091544 3.8592918098 3.8709624702 3.9003620405 3.9119787637 4.2463071559 4.2848578465 4.2943920376 4.3022108591 4.4554415915 4.4623581873 4.4694747704 4.4806094118 4.4840412163 4.4954638831 4.5119075205 4.5278881154 4.5360122574 4.5460598315 4.6201596601 4.7132669676 4.9682012075 5.0030844063 5.0476291281 5.0827333798 5.2115549383 5.2196848116 5.3289301958 5.3360207472 5.4417628355 5.4631164205 5.4831222214 5.5018423004 5.6587753918 5.6766601116 5.7000690904 5.7185722718 5.7223413864 5.8224454303 5.9124039568 5.9215038385 5.9617502148 5.9728956997 6.420816766 6.4617203165 6.5787278985 6.5994179095 6.6087439523 6.6272982463 6.6344589473 6.6384632631 6.6426784951 6.7002273023 6.7764891273 6.7867784412 6.8340917151 6.8862962859 6.9223163125 6.9501835546 6.9729211087 6.9741100662 7.1318940603 7.1368897451 7.5304756084 7.5502785839 7.562698942 7.5821062624 7.6235207261 7.6344268823 7.6548029081 7.6601578794 8.5041316396 8.521853357 9.2466038197 9.262333903 9.3037783173 9.3198801448 9.6733266015 9.6964063311 9.7225577078 9.7456448264 9.7468086949 9.7655241545 9.8523777252 9.8707150226 10.8191910514 11.007601726 16.662599978 16.7188483216 16.7541484078 16.7560092911 16.7998132541 16.8252681582 16.8491698627 16.8634175144 16.900105462 16.9174737008 17.2939910356 17.3050498101 17.3317678477 17.3690456615 17.4153531843 17.4377049744 17.5984194497 17.6492300675 17.6719453763 17.6994318061 17.7123791036 17.7153694179 17.7240598308 17.7425227297 18.0395960924 18.0596755307 18.1005126354 18.1195243861 18.3397199068 18.3658918334 18.5113138587 18.5279806215 19.536951452 19.584091981 19.585943171 19.5884881825 19.5968531631 19.6623161497 20.0172283483 20.0668750872 21.4623726593 21.4920495255 21.514885856 21.5760816024 21.6795480845 21.707645151 21.7541025599 21.7984773034
463 1.8074929444 2.0198384202 2.1066496695 2.3319258211 2.9450154602 3.3503870271 3.5660965866 3.5821021745 3.6618899382 3.6756075978 3.8576251224 3.872221406 3.8983607701 3.9136111415 4.2452434778 4.2820554165 4.2954551664 4.3050277645 4.4554968716 4.4624547537 4.4688105568 4.4724723809 4.4844340863 4.4932187182 4.5143204122 4.5262229145 4.5443688993 4.5479567166 4.6043236378 4.7272174979 4.9550293222 4.9900408192 5.06084469 5.0958504242 5.1923974725 5.2007219821 5.3482925405 5.3554731531 5.4391056822 5.4657223344 5.4802778273 5.5047861487 5.6557331175 5.6793801158 5.6967420237 5.7015239245 5.7248720254 5.8395299196 5.904722098 5.913479574 5.9702930928 5.9817920542 6.4145771182 6.4689782532 6.5685849259 6.598393848 6.6097453089 6.6261064961 6.6285977028 6.63563375 6.6535681274 6.7106402603 6.774987735 6.7874931405 6.8201152219 6.8722412719 6.9371515333 6.9464528169 6.9769757585 6.9886025064 7.1311459479 7.1375136167 7.5252506412 7.54490678 7.5675827958 7.5872877697 7.6223394427 7.6347265206 7.6535148338 7.6605824563 8.5024611626 8.5258336364 9.2370555228 9.2527678942 9.3131843926 9.3293407205 9.6649381288 9.688002016 9.7287777191 9.7304545717 9.7475510915 9.7535481567 9.8693848691 9.8876514416 10.786619291 11.0377051081 16.6478018688 16.7177652114 16.7553609954 16.7709242303 16.7987558578 16.8261928803 16.8468058574 16.8657322043 16.897588883 16.9199408154 17.2913703243 17.296400711 17.3337319276 17.3770262028 17.4113586634 17.4411371456 17.5979214553 17.6454284989 17.6753495973 17.6968076869 17.7077529329 17.7179153167 17.7254653033 17.7477693962 18.0363977417 18.0628345039 18.0982147787 18.1219922926 18.337341325 18.3684155595 18.5108165203 18.5282526773 19.5367410829 19.583363085 19.585790902 19.5892177918 19.5976764916 19.6622862103 20.0140542017 20.0696225434 21.4619745624 21.4882740826 21.5186872109 21.5759080674 21.677530249 21.6999215797 21.7617934129 21.8010609148
464 1.7704672353 1.9798863429 2.1424627561 2.3694026088 2.8909465871 3.397187611 3.5651973287 3.5830814016 3.6605354811 3.6770801231 3.8558642594 3.8734439665 3.8963350532 3.9151770062 4.2439457209 4.279251261 4.2967582681 4.3078442712 4.4555658569 4.4620932167 4.4629880679 4.4697794702 4.4850538171 4.4909552346 4.5168013533 4.5244458985 4.5496850624 4.553041239 4.5881268054 4.740996115 4.9419009269 4.9770167784 5.0740280547 5.1089681213 5.1733884921 5.1819028595 5.3675671171 5.3749029525 5.4363274562 5.4684341468 5.4774261625 5.5077646792 5.6526583523 5.6818903483 5.6843304715 5.6932960999 5.7276542331 5.8565440444 5.8971461296 5.9055544131 5.9790054715 5.9908337666 6.4084870087 6.4763696195 6.5585449626 6.5973008299 6.6108081694 6.6187980429 6.624923794 6.636801562 6.664566114 6.7211371894 6.7732818575 6.7881772847 6.8062979225 6.8583332877 6.9426589514 6.9521579009 6.9807921294 7.0033887015 7.1303651687 7.1381347238 7.5199493982 7.5395239597 7.5724451893 7.5924264862 7.6209233354 7.6350126638 7.6520816158 7.6609083242 8.5012134391 8.5300558096 9.2275239095 9.2432203422 9.3225342803 9.3387536624 9.656500546 9.6795476337 9.7106576924 9.7294762844 9.7382664328 9.7613592875 9.8861982036 9.904391382 10.7537383319 11.0674123625 16.6329960262 16.7164610122 16.7566090817 16.7860956086 16.7975009083 16.8272852989 16.8444401057 16.8680348892 16.8950181847 16.9224507243 17.2870678796 17.2886238879 17.3359883426 17.3851487221 17.4072966539 17.4444812178 17.5972856683 17.6416580325 17.6786010171 17.6941914286 17.7031673299 17.7205093851 17.7272715148 17.7530694561 18.0331910587 18.0659721477 18.0958685234 18.1245746364 18.3347888208 18.371156676 18.5102064518 18.5285739011 19.5364774498 19.5826371664 19.5856331106 19.5899446216 19.5986879121 19.6622497141 20.0103904546 20.0727379847 21.4614687727 21.4845173166 21.522477117 21.5756601678 21.6751098467 21.692223911 21.7694492363 21.8042275165
465 1.7331796085 1.939646563 2.1782686845 2.4066142348 2.8361813424 3.4430476543 3.5642244671 3.5841522213 3.6591634118 3.6785956071 3.8540436444 3.8745812069 3.8943115429 3.9166646591 4.2424513577 4.2764552671 4.2982613206 4.310652878 4.453648624 4.4556872233 4.4628023404 4.4694918226 4.4857902929 4.4887093319 4.5193173447 4.522623546 4.5518007387 4.561335372 4.5716436499 4.7545508159 4.9288251352 4.9640338406 5.0871681435 5.1220643161 5.1545715201 5.163255637 5.3867087696 5.3942715603 5.4334892202 5.4711891861 5.4745889547 5.5107573252 5.6495620612 5.6667559826 5.6846938626 5.6897552837 5.7303922234 5.8733996788 5.8897501991 5.8977558956 5.9878791539 6.000015838 6.4025520683 6.4838828484 6.5486227183 6.5961629987 6.609088553 6.6119116024 6.6237382666 6.637961977 6.6756566549 6.7317018581 6.7713999982 6.7886939832 6.7927783482 6.844600334 6.9389558824 6.9671540275 6.9845997513 7.0182059607 7.1295631413 7.1387416997 7.5146009427 7.5341355128 7.577256151 7.59751719 7.6193016054 7.635259488 7.6505055609 7.6611356136 8.5004149776 8.53449681 9.2180194397 9.2337039611 9.3318183594 9.3481069567 9.6480240026 9.6710515039 9.6924624706 9.7113287969 9.7459752617 9.7690717511 9.9028043194 9.9209225044 10.7205605394 11.0967110803 16.6182370584 16.7149785219 16.7580139433 16.7960928545 16.8012868306 16.8285191599 16.8420771133 16.8703213191 16.8924262 16.9249729832 17.2779025172 17.285187406 17.3384122868 17.3932537381 17.4031717366 17.4477363711 17.5965152335 17.6379415778 17.6816777363 17.6915862229 17.6986786733 17.7230967093 17.7294709848 17.7584146084 18.0299911146 18.0690497798 18.0935487266 18.1272194585 18.332153928 18.3740250953 18.509499291 18.5289292636 19.536165175 19.5819149474 19.5854833992 19.590667949 19.5998673776 19.6622082374 20.0063665546 20.0760921858 21.4608596053 21.4807829051 21.5262517665 21.5753196184 21.672386749 21.6845597981 21.7770625413 21.8078912363
466 1.6956915141 1.8991404372 2.2140061664 2.4435351041 2.780747814 3.4879250514 3.5632061797 3.5852880852 3.6577896789 3.6801376307 3.8521827353 3.8755896041 3.8923224557 3.9180666523 4.240795669 4.2736731474 4.2999280291 4.3134486783 4.4448081289 4.4557743615 4.4629841055 4.4693409747 4.4863552543 4.4867653989 4.5207877258 4.5218579789 4.5529844321 4.5557915031 4.5696143703 4.7678580859 4.9158109679 4.9511060888 5.1002484489 5.1351107429 5.1360013048 5.1448042646 5.4056786152 5.4135391238 5.430627635 5.471756781 5.473974813 5.5137527734 5.6464411075 5.6493924661 5.6861562714 5.6872062052 5.7330509756 5.8818113678 5.8892212997 5.891685085 5.9969143784 6.0093374386 6.3967750639 6.4915079589 6.5388267586 6.5949534505 6.5995341573 6.6130193477 6.6225582811 6.6391135723 6.6868299039 6.7423238596 6.769355858 6.7790990087 6.7895028938 6.831068838 6.9352607352 6.9822030859 6.9883994303 7.0330281374 7.1287460897 7.1393283871 7.5092212525 7.5287465472 7.5819973939 7.6025545061 7.617495313 7.6354512966 7.6487874963 7.6612669413 8.5000915547 8.5391349711 9.2085522363 9.2242298957 9.3410275221 9.3573903034 9.639517254 9.6625187714 9.6742108882 9.6931178118 9.7535824443 9.7766793332 9.919191205 9.9372333635 10.6870977731 11.1255893632 16.6035546307 16.7133552892 16.7595425527 16.7945683175 16.8163704657 16.8299509995 16.8397202344 16.8725884607 16.8898307706 16.927493063 17.2684635382 17.2816691813 17.3409252524 17.3989886329 17.4012560224 17.4509020988 17.5956138007 17.6342972278 17.6845687767 17.6889949257 17.6942954243 17.7256698204 17.7320489419 17.7637966192 18.0268064285 18.0720095564 18.0913312372 18.1298993703 18.3294917601 18.3769674137 18.5087097549 18.5293047982 19.5358094143 19.5811971424 19.5853512478 19.5913870567 19.6011979345 19.6621637992 20.0020729768 20.0795949442 21.4601521054 21.47707449 21.5300073589 21.5748645703 21.6694604251 21.6769368711 21.7846258978 21.8119694443
467 1.6580353133 1.8583812284 2.2496430659 2.4801403926 2.7246795006 3.5317628255 3.5621744612 3.586470176 3.6564234842 3.6816965533 3.8502942501 3.8764156026 3.8904152213 3.9193774958 4.2390101969 4.2709090803 4.3017262824 4.3162278027 4.4359769451 4.4558968411 4.4631988021 4.4692373972 4.4842863266 4.4875815268 4.518978806 4.524397069 4.5375300804 4.5563244522 4.5778054462 4.780905361 4.9028673505 4.9382447295 5.1130653476 5.1178590193 5.12657205 5.1481376441 5.4243592179 5.4278176057 5.4326954453 5.4689726666 5.4767350924 5.5167433788 5.6319816948 5.6433480318 5.6825146051 5.689642131 5.7356127138 5.8747614996 5.8823315782 5.9075865754 6.006114303 6.018799246 6.3911574346 6.4992350118 6.5291633894 6.5898023274 6.5940061745 6.6141362603 6.6213850979 6.6402551406 6.6980779945 6.7529935839 6.7659056771 6.7671610036 6.7899458508 6.8177767474 6.9315897273 6.9921878165 6.9972731683 7.0478350552 7.1279180438 7.1398908415 7.5038212891 7.5233621433 7.5866522961 7.6075320469 7.6155226208 7.6355792523 7.6469288403 7.6613059414 8.5002687192 8.5439494663 9.1991323108 9.2148087006 9.3501529429 9.3665941308 9.6309886053 9.6539149328 9.6559583084 9.6748653823 9.7610805802 9.7841765526 9.9353475455 9.9533130648 10.6533617457 11.1540354739 16.588968922 16.7116228197 16.7611639003 16.792956603 16.8291913892 16.8336850216 16.8373724741 16.8748337664 16.8872439068 16.9300035836 17.258935859 17.2779920618 17.3434764686 17.3947534978 17.4091016446 17.4539781772 17.5945854777 17.6307401171 17.6864202486 17.687273097 17.6900219511 17.7282248804 17.7349825287 17.769207159 18.0236429196 18.074730799 18.0893461747 18.1325979995 18.3268378271 18.3799500583 18.5078510659 18.5296881774 19.5354156454 19.5804844592 19.5852426191 19.5921012326 19.6026652647 19.6621189245 19.9975722417 20.0831840613 21.459351933 21.4733956758 21.5337401041 21.5742701497 21.6664256567 21.6693627316 21.7921319384 21.8163866146
468 1.6202302401 1.8173786104 2.285160415 2.5163788526 2.6680389406 3.5609812939 3.5746726088 3.5876852985 3.6550706497 3.6832663856 3.8483875337 3.876980395 3.8886653021 3.9205928879 4.2371222333 4.2681665636 4.3036283518 4.3189868693 4.4272378548 4.4560381883 4.4634395455 4.4691711002 4.4821605587 4.4885726763 4.5172031982 4.5202128381 4.526941582 4.5584671363 4.5858913946 4.7936849902 4.8900031082 4.9254596405 5.0995058258 5.1085714809 5.1263282171 5.1610907976 5.4248183632 5.4430395314 5.4516320564 5.4662167858 5.4794819951 5.5197233415 5.6145946532 5.6402328356 5.6788421784 5.6919893091 5.7380656521 5.8675952001 5.8748770992 5.9243172224 6.0154831737 6.0284024252 6.3856998337 6.5070532209 6.5196383187 6.5804554886 6.5927737983 6.6152513668 6.6202211488 6.6413855474 6.7093937738 6.7529299672 6.7636845035 6.7648223961 6.7902230689 6.8048367784 6.9279477427 6.9959639284 7.0123423408 7.0626080762 7.1270819909 7.1404261857 7.4984098054 7.5179874367 7.5911975812 7.6124402866 7.613407374 7.6356389893 7.6449335047 7.6612567437 8.5009719091 8.5489201226 9.1897696301 9.2054506569 9.3591860043 9.3757092702 9.6224459564 9.6375660474 9.6453864553 9.6566062543 9.7684642818 9.7915583015 9.9512625064 9.969151137 10.6193641519 11.1820377173 16.5744959204 16.7098069316 16.7628515605 16.7912812677 16.8318904274 16.8350365901 16.8475390448 16.8770549322 16.8846753631 16.932501479 17.2493652594 17.274185699 17.3460323214 17.3904716316 17.4167537087 17.4569646364 17.5934348302 17.627283096 17.6838648069 17.6858613582 17.6897983052 17.7307588828 17.7382414544 17.7746377703 18.0205052783 18.0769193012 18.0878928392 18.1353044063 18.3242167683 18.3829505145 18.5069347982 18.5300688718 19.5349894732 19.5797775998 19.5851608251 19.5928097694 19.6042569307 19.662076727 19.9929079742 20.0868162851 21.4584652439 21.4697500264 21.537446226 21.5735093143 21.6618449453 21.6633701721 21.799573365 21.8210759529
469 1.582288907 1.7761404746 2.3205459041 2.5519331746 2.6111559347 3.5599660804 3.5889217745 3.6162681109 3.6537351891 3.6848442724 3.8464701025 3.8771673585 3.8871878211 3.9217094222 4.2351549329 4.2654487467 4.3056106583 4.3217227565 4.4186473644 4.4561973877 4.4637035472 4.4691416664 4.480077804 4.4896127335 4.5026265657 4.5154784917 4.5294769222 4.5606502151 4.593861702 4.8061917597 4.8772269583 4.9127600047 5.0817743588 5.0908359868 5.1391927967 5.1739750879 5.421959217 5.4613135611 5.4634971996 5.4703542131 5.4822055476 5.522688339 5.5972204264 5.6371255 5.6751489791 5.6942408884 5.7404009578 5.8605064517 5.8675268375 5.9410119509 6.0250254963 6.0381481113 6.3804023687 6.510249003 6.5149589273 6.5711597066 6.5915996584 6.6163547535 6.6190729711 6.6425037007 6.7207702508 6.740199094 6.7622945688 6.7744266199 6.7888452865 6.7937495961 6.924338476 6.9997240832 7.0273931917 7.0773291508 7.1262403784 7.140932122 7.4929944966 7.5126276508 7.5955825141 7.611196408 7.6172667807 7.6356290646 7.6428117854 7.6611237528 8.5022264472 8.5540273477 9.1804741346 9.1961658912 9.368118271 9.3847268284 9.6138934724 9.6192472394 9.6363854739 9.6387225004 9.7757285664 9.7988197394 9.9669256483 9.984737474 10.5851167284 11.2095843927 16.5601495749 16.7079285875 16.764583017 16.7895618583 16.8327093727 16.8333579632 16.8625908592 16.8792498148 16.882134751 16.9349876522 17.239782503 17.2702760161 17.3485700815 17.3861494656 17.4241830354 17.4598617311 17.5921669412 17.6239369863 17.6813307841 17.6818163988 17.6921585012 17.7332691156 17.7417898781 17.7800798759 18.0173975302 18.0779665907 18.0875824193 18.1380105557 18.3216469062 18.3859527226 18.5059709623 18.5304380695 19.5345364624 19.5790772597 19.5851073194 19.5935119652 19.6059616442 19.6620410157 19.9881112319 20.0904609815 21.4574985724 21.466141062 21.5411219661 21.5725541126 21.654391036 21.6603733445 21.8069429548 21.825979556
470 1.5442202981 1.7346737515 2.3557908871 2.5511194392 2.5897274613 3.5588949553 3.5901743729 3.652418398 3.6567111123 3.6864385229 3.8445484653 3.8768429832 3.8861165037 3.9227244706 4.2331277304 4.2627585778 4.3076532938 4.324432498 4.4102661589 4.4563731103 4.4639883702 4.4691475646 4.4779456444 4.4847573342 4.4908337611 4.5138180551 4.5320018116 4.5628401899 4.6017084729 4.8184217061 4.864547504 4.9001546455 5.0643598823 5.0733777381 5.1519862399 5.1867805445 5.4191082083 5.4608166863 5.4792968236 5.4848337675 5.4888597367 5.5256366836 5.5798849832 5.6340301873 5.6714437265 5.6963912833 5.7426115596 5.8535117851 5.8602959872 5.9576371496 6.0347455346 6.0480370686 6.3752647318 6.5010152225 6.5229251882 6.5619692223 6.5904374081 6.6173579793 6.6180269246 6.6436085397 6.7277312138 6.7322002025 6.7596354933 6.7783681245 6.7850700342 6.7920550669 6.9207652968 7.0034658999 7.0424076844 7.091980468 7.1253953653 7.1414067159 7.4875825312 7.5072881107 7.5996286108 7.6090690447 7.6219754346 7.6355499898 7.6405924481 7.6609115409 8.5040574856 8.5592520968 9.1712557398 9.1869644205 9.3769414799 9.3936381308 9.6009033752 9.6053737906 9.6197911836 9.6284436573 9.7828687108 9.8059562429 9.9823268854 10.0000623021 10.5506312902 11.2366637717 16.5459427808 16.7060048137 16.7663382216 16.7878157693 16.8304080383 16.8347075393 16.8776466216 16.8796585533 16.8814168905 16.9374687528 17.2302118825 17.2662840008 17.3510740998 17.3817936678 17.4313655069 17.4626699119 17.5907875366 17.6207106332 17.677886762 17.6788228315 17.6943716383 17.7357530056 17.745588916 17.7855248018 18.0143232993 18.0774879499 18.0888009595 18.1407100721 18.3191426935 18.3889445787 18.5049681974 18.5307884901 19.5340620014 19.5783841275 19.5850823157 19.5942071241 19.6077686463 19.6620164309 19.9832046849 20.0940959548 21.4564587183 21.4625722561 21.544763588 21.5713773826 21.6470084759 21.657505256 21.814233567 21.8310477638
471 1.5060312766 1.6929848229 2.3908888693 2.4934609896 2.6242435002 3.5578231283 3.5914359892 3.6511266845 3.6878331256 3.6960813821 3.8426287107 3.8759519616 3.8855092436 3.9236361387 4.2310568539 4.2600988746 4.3097394564 4.32711323 4.4021652887 4.4565544831 4.4642815121 4.4662735152 4.4692538806 4.4763681342 4.4919242948 4.5122354281 4.5345108091 4.5650255529 4.6094251168 4.8303713413 4.8519732262 4.8876523672 5.047297411 5.0562164397 5.1646860737 5.1994974605 5.4162777301 5.4581793511 5.4874985964 5.4969193157 5.5069247821 5.5285767419 5.562661138 5.6309519227 5.6677343948 5.6984355502 5.7446916056 5.8466159711 5.8531898561 5.9741812641 6.0446469242 6.0580694174 6.3702862824 6.4919294468 6.5309515091 6.5528939342 6.5892842524 6.6167187739 6.6186239301 6.6446990293 6.715540263 6.7436750115 6.7568202378 6.7662045844 6.7913888223 6.7965984707 6.9172314482 7.0071869151 7.0573681586 7.1065442326 7.124548985 7.1418483466 7.4821808176 7.5019742478 7.6023159554 7.6080415898 7.6264628662 7.6354032817 7.6383763192 7.6606247888 8.5064899257 8.5645758547 9.1621243284 9.1778561676 9.3856475375 9.4024346927 9.5826166614 9.5968352909 9.6015629055 9.619834158 9.789880202 9.8129633791 9.9974564624 10.0151161601 10.5159197556 11.2632640886 16.5318878737 16.7040495317 16.7680974112 16.7860605726 16.8281227128 16.8360039983 16.8771604121 16.8835518084 16.8927059148 16.9399631438 17.2206740847 17.2622270265 17.3535334504 17.3774112494 17.4382801159 17.4653897983 17.589303167 17.6176108383 17.6740766655 17.6763405585 17.6964570057 17.7382080624 17.7495990908 17.7909638052 18.0112859423 18.0760185795 18.0910137248 18.143397584 18.3167160667 18.3919165202 18.5039339903 18.5311141714 19.5335712006 19.5776988842 19.5850852361 19.5948945569 19.6096671883 19.6620086176 19.9782053345 20.0977047299 21.4553526441 21.4590470323 21.5483673813 21.5699548343 21.6397046794 21.6548257133 21.821438149 21.8362381613
472 1.4677274012 1.6510797436 2.4258344256 2.4344946231 2.6591809459 3.5567583251 3.5927018997 3.6498580521 3.6895113508 3.7337928093 3.8407173186 3.8745927938 3.8852746808 3.9244432515 4.2289558225 4.2574723613 4.3118548933 4.3297621639 4.3944304431 4.4479041983 4.4568219999 4.4646165194 4.4692969347 4.4744595159 4.4930861029 4.5107458957 4.5369996414 4.567199146 4.6170058229 4.8395124575 4.8420362761 4.8752631128 5.03061035 5.039370338 5.1772806677 5.2121162407 5.413473858 5.4555871233 5.490085835 5.5139537391 5.5242716179 5.5316128843 5.5459922904 5.6278956846 5.6640285012 5.7003692641 5.7466362024 5.8398215833 5.8462121552 5.9906370245 6.0547323224 6.0682443855 6.3654661068 6.4829983733 6.5390222248 6.5439398594 6.5881410104 6.6156112244 6.6196890109 6.6457741578 6.7036384929 6.7537514559 6.7541586162 6.755283396 6.7917971233 6.8071689715 6.9137401148 7.0108847153 7.0722569629 7.1210017355 7.1237038052 7.1422559891 7.4767961487 7.4966916011 7.601460549 7.6102955522 7.6301846867 7.635182727 7.6367131015 7.6602682497 8.5095483212 8.5699806257 9.1530897404 9.1688509611 9.3942285197 9.4111082 9.5643692341 9.5833285554 9.5883317217 9.6112861045 9.7967587117 9.8198368888 10.0123049386 10.0298898842 10.4809941684 11.2893735359 16.5179968936 16.7020742457 16.7698370901 16.784318056 16.8258591514 16.8372435549 16.8747599282 16.885655709 16.9075815193 16.9425202009 17.2111875636 17.2581199764 17.3559404347 17.3730095364 17.4449079834 17.4680221523 17.5877214196 17.614642235 17.6703855086 17.6738879314 17.6984332674 17.7406318557 17.7537822575 17.7963881045 18.0082886232 18.0741343609 18.0936447377 18.1460683567 18.3143772158 18.3948606916 18.5028748842 18.5314102675 19.5330688205 19.5770222029 19.5851150207 19.5955735819 19.6116460754 19.6620244429 19.9731262875 20.1012747787 21.4541873822 21.4555687616 21.5519296659 21.5682673234 21.6324869949 21.6523831415 21.8285497431 21.8415145048
473 1.4293133942 1.6089643675 2.3748948102 2.4606242186 2.6938778161 3.5557046955 3.5939680828 3.6486150575 3.6910799429 3.7701007745 3.8388237035 3.8729466164 3.8852502918 3.9251453497 4.2268358701 4.254881688 4.3139873857 4.3323765711 4.3871660365 4.4292557219 4.4570374458 4.4649499782 4.4693934016 4.4727315905 4.4942556842 4.5093689032 4.5394643779 4.5693554756 4.6244452941 4.8271734635 4.8533939822 4.8630149732 5.0143190794 5.0228568746 5.1897599994 5.2246273475 5.4107012971 5.4530423495 5.4926129727 5.5238964057 5.5338074038 5.5343227391 5.5438106731 5.6248663141 5.6603333092 5.7021885043 5.7484412895 5.8331307947 5.8393662067 6.0069984702 6.0650030676 6.078560069 6.3608030658 6.474226208 6.535111104 6.5471244867 6.58700917 6.6145025253 6.6207543881 6.6468329357 6.6920371652 6.7423373809 6.750719657 6.7667478566 6.7919538291 6.8179851123 6.9102944525 7.0145569391 7.0870560922 7.1228599965 7.1353322428 7.1426335036 7.4714352822 7.4914458156 7.5988961883 7.6139947265 7.6307484203 7.6348930978 7.6379907626 7.659846725 8.5132567699 8.5754489263 9.14416176 9.1599585292 9.4026766724 9.4196504883 9.5461866156 9.5651502511 9.5798549144 9.6027775538 9.8035000817 9.826572676 10.0268631778 10.0443745971 10.4458667165 11.3149802646 16.5042817322 16.7000885857 16.771520283 16.7826239374 16.8236199892 16.8384144552 16.8724297774 16.8877252886 16.9221410899 16.9452988289 17.2017693007 17.2539760286 17.3582896087 17.368596135 17.4512318169 17.4705678539 17.5860511107 17.6118071677 17.6668138946 17.6714672896 17.7003172076 17.7430220047 17.7581028374 17.8017889093 18.0053343565 18.0720915373 18.0964372767 18.1487180792 18.3121350253 18.3977704339 18.5017966587 18.5316728754 19.532559228 19.5763547479 19.5851703343 19.5962435252 19.6136932323 19.6620722668 19.9679779283 20.104796348 21.4521407581 21.452969956 21.5554467959 21.566302979 21.625362697 21.6502135456 21.8355614922 21.8468457115
474 1.3907934231 1.5666444237 2.3147410835 2.4952535289 2.7282690019 3.5546652103 3.595231069 3.6473989717 3.6926311567 3.8046932482 3.8369781311 3.8712039448 3.885303736 3.9257426869 4.2247062679 4.2523294412 4.3161262576 4.3349537731 4.3804988254 4.4103259608 4.4572854696 4.4652919413 4.469413209 4.4712344879 4.4954026262 4.5081320155 4.5419013229 4.571489932 4.6317385947 4.8149642721 4.850798547 4.8645595108 4.9984420263 5.0066927181 5.2021145217 5.2370212719 5.4079641388 5.4505471731 5.4950679085 5.5090655488 5.5368957836 5.5488918253 5.5601943745 5.6218685059 5.656656031 5.7038898752 5.7501035849 5.82654591 5.8326552203 6.0232601462 6.0754588382 6.0890131984 6.3562958354 6.4656170077 6.5264135395 6.5552429345 6.5858904158 6.61340499 6.6218073743 6.6478743949 6.6807466778 6.7308189957 6.7474254767 6.7783076889 6.7920424563 6.828841632 6.9068976043 7.0182012745 7.101745611 7.1220243226 7.1429393602 7.1495558006 7.4661049879 7.4862426388 7.595865363 7.617894456 7.6285491738 7.6345642999 7.6417855758 7.6593650471 8.5176387956 8.5809637794 9.1353501018 9.1511884891 9.4109844119 9.4280535022 9.5280894651 9.5470466922 9.5714208385 9.5943124038 9.8101003135 9.8331667996 10.0411223388 10.0585616986 10.4105497513 11.3400723861 16.4907542182 16.6981007272 16.7730663418 16.7810580037 16.8214077393 16.8394993858 16.8701892157 16.889758842 16.9356429231 16.9490262176 17.1924352705 17.249807186 17.3605771354 17.3641788937 17.4572356114 17.4730278789 17.5843024002 17.6091056425 17.6633619564 17.6690810553 17.7021231159 17.7453761741 17.7625284202 17.8071574493 18.0024260346 18.0699932693 18.0992874309 18.1513427335 18.3099973247 18.4006399586 18.50070448 18.5318988934 19.5320463749 19.5756971741 19.5852497007 19.596903722 19.6157952605 19.662162272 19.9627687057 20.1082616743 21.4487662794 21.4517073102 21.5589151637 21.5640587776 21.6183389788 21.6483398916 21.8424666463 21.8522049723
475 1.3521712769 1.5241255636 2.254066272 2.5297194677 2.7623346172 3.5536422075 3.5964877942 3.6462108731 3.6941675093 3.8340712695 3.8382238699 3.8697370052 3.8853567631 3.9262362236 4.2225745259 4.2498181486 4.3182617902 4.337491133 4.374575496 4.3911529588 4.4575527802 4.4656292632 4.4688693998 4.4704626669 4.4964839914 4.507077853 4.5443069656 4.5735984681 4.638881055 4.8028928218 4.8387984944 4.8753537266 4.9829958925 4.9908937531 5.2143349013 5.2492885153 5.4052660999 5.4481035653 5.4919274559 5.4975511737 5.5396626443 5.5649413498 5.5767653775 5.6189068305 5.653004162 5.7054705405 5.7516205684 5.820069572 5.8260823588 6.0394168205 6.086097314 6.0995989104 6.3519429418 6.4571748029 6.5178513522 6.5633631272 6.5847867078 6.6123217523 6.62284461 6.6488975882 6.6697765921 6.7195989064 6.743967788 6.7897400885 6.7922147247 6.8397101006 6.9035527151 7.0218154548 7.1162736027 7.1212318042 7.1432406768 7.1635875575 7.4608120755 7.4810879166 7.5925815529 7.6217793528 7.625671421 7.6341777771 7.6460339546 7.6588280663 8.5227172233 8.5865087091 9.1266643959 9.1425503345 9.4191443205 9.4363091861 9.5100985549 9.5290413116 9.5630382919 9.5858987095 9.8165555602 9.8396154665 10.0550738686 10.0724428573 10.3750558054 11.3646379773 16.4774261652 16.6961177108 16.7742452207 16.7798497795 16.8192248763 16.8404754106 16.8680618393 16.8917546262 16.9448186726 16.9569585748 17.1832007572 17.2456246302 17.3597658632 17.3628003431 17.4629044914 17.4754032771 17.5824867746 17.6065354091 17.6600294917 17.6667316309 17.7038626391 17.7476920726 17.7670299015 17.8124850014 17.9995664452 18.0678859616 18.1021478479 18.1539385136 18.3079710254 18.403464135 18.4996030207 18.5320859086 19.531533793 19.5750501267 19.5853515872 19.5975535167 19.6179369686 19.6623068526 19.9575056702 20.1116644473 21.4454485195 21.4504062594 21.5615412059 21.5623312046 21.6114229443 21.6467722472 21.8492585684 21.8575690024
476 1.31345048 1.481413391 2.1928935346 2.5640190483 2.7960647649 3.5526376107 3.5977354952 3.6450517013 3.695687805 3.8330605624 3.8620781437 3.8740068387 3.8854146968 3.9266276235 4.2204464377 4.2473502813 4.3203839932 4.3399860275 4.3692847149 4.3720501876 4.4578373866 4.4659086561 4.467718615 4.470513076 4.4974318045 4.5062746444 4.5466779507 4.5756774351 4.6458682081 4.790966886 4.8269257229 4.885871156 4.9679956959 4.9754750684 5.2264119369 5.2614195766 5.4026106219 5.4457132653 5.4747159825 5.4998339382 5.5423573341 5.5807139075 5.5929646347 5.6159858694 5.6493863437 5.7069282626 5.7529904848 5.8137048526 5.8196507485 6.0554633654 6.0969138458 6.1103105302 6.3477427942 6.4489036328 6.5094293942 6.5714682351 6.5837013665 6.6112545928 6.6238641963 6.6499015871 6.6591356262 6.7086918876 6.7403437141 6.7919315211 6.8015787188 6.8505771919 6.9002629574 7.0253972556 7.1203154433 7.1307911812 7.143494015 7.1774522225 7.455563409 7.4759875872 7.58909889 7.6225118562 7.6255939785 7.6337395842 7.6503362328 7.6582406458 8.5285140478 8.5920677369 9.1181141733 9.1340534211 9.4271491284 9.4444091016 9.4922352838 9.5111566371 9.5547172652 9.5775458567 9.822862121 9.8459150271 10.0687094965 10.0860100044 10.3393976111 11.3886650867 16.4643093983 16.6941456855 16.7745002406 16.779555709 16.8170738485 16.841312549 16.8660782695 16.8937109396 16.9489066442 16.9698461291 17.1740806075 17.2414389573 17.3553652609 17.3649574118 17.4682246383 17.4776951544 17.5806168631 17.6040922062 17.6568160075 17.6644213871 17.7055449223 17.7499674525 17.7715813319 17.8177629158 17.9967582836 18.0657933987 18.1049936461 18.1565017738 18.3060621851 18.4062383449 18.4984965558 18.5322321091 19.5310246038 19.5744142399 19.5854744542 19.5981922637 19.6201008777 19.662521049 19.9521948469 20.1149994378 21.4421906096 21.4490734422 21.5587658565 21.5656914 21.6046216008 21.6455088476 21.8559307403 21.8629174223
477 1.2746343683 1.4385134823 2.1312426124 2.5981495133 2.8294528738 3.5516530456 3.5989716351 3.6439222849 3.6971901643 3.8312690334 3.8635019602 3.8850868804 3.899609359 3.9269193154 4.2183258875 4.2449282517 4.3224768433 4.3424354586 4.3518952044 4.3659939033 4.4581381429 4.4657441997 4.4669436909 4.4707900833 4.4981465315 4.5058223927 4.5490110596 4.5777234879 4.6526957442 4.7791940841 4.815198218 4.8960991142 4.9534547439 4.9604509604 5.2383365291 5.2734049416 5.4000008966 5.4433771728 5.4574148601 5.5020789095 5.5449849714 5.5960862186 5.6086982828 5.6131135465 5.6458156583 5.7082614426 5.7542123567 5.8074552904 5.8133634815 6.0713946993 6.1079011454 6.1211393721 6.3436937147 6.4408075641 6.5011526122 6.579519123 6.5826596934 6.6102049179 6.6248646833 6.6488316033 6.6508855123 6.6981089683 6.7365508258 6.7918558539 6.8131536108 6.861432481 6.8970316146 7.0289444914 7.1195092372 7.1437030114 7.1450498074 7.1911261065 7.4503659154 7.4709476747 7.585438099 7.6191536954 7.629313208 7.6332578237 7.6546086172 7.657607728 8.535050298 8.5976253772 9.1097088496 9.125706953 9.434991615 9.4523422458 9.4745227948 9.4934169745 9.5464681039 9.5692638791 9.8290164355 9.85206197 10.082021228 10.0992553271 10.3035881189 11.412141743 16.4514157664 16.6921900927 16.7736255295 16.7803816681 16.8149570796 16.841972237 16.8642779122 16.8956261307 16.951598118 16.9839862295 17.1650894863 17.2372603339 17.3509854244 17.3670471595 17.4731832718 17.4799046549 17.5787060999 17.601770163 17.6537207556 17.6621526582 17.7071768967 17.7522001108 17.7761596183 17.8229826394 17.9940041608 18.0637292457 18.1078099502 18.1590289957 18.3042760289 18.4089583812 18.4973890381 18.5323362174 19.5305215354 19.5737901372 19.5856167833 19.5988193285 19.6222667366 19.6628229863 19.9468414996 20.1182622351 21.4389956139 21.4477152895 21.5557560628 21.5689922822 21.5979418513 21.6445379965 21.8624767681 21.8682322546
478 1.2357261408 1.3954314 2.0691317376 2.632108276 2.8624937928 3.5506899122 3.6001938515 3.6428233596 3.6986725266 3.8294787843 3.8618162463 3.8849412924 3.9256042421 3.92712345 4.2162142212 4.2425544076 4.3244141701 4.3321392991 4.3448397338 4.3636415547 4.4584539625 4.4647567251 4.4670660042 4.4711528199 4.498528445 4.5058214061 4.5513031983 4.579733525 4.6593594754 4.7675818834 4.8036242435 4.906034485 4.9393845651 4.9458349626 5.2500996642 5.2852350739 5.3974397824 5.4400463038 5.4411485272 5.5042441738 5.5475430463 5.6102710606 5.6110225114 5.6239102658 5.6423320021 5.709469159 5.7552859969 5.8013248941 5.807223631 6.087205752 6.1190490069 6.1320745625 6.339793967 6.432890704 6.4930261095 6.5815419377 6.5876214525 6.6091739896 6.6258448 6.6388715791 6.651848395 6.6878593796 6.7325868338 6.7917089836 6.8247356564 6.8722656409 6.8938624832 7.0324550124 7.1187003853 7.143870937 7.1591424069 7.2045912484 7.445226586 7.4659742814 7.5816100909 7.6156244511 7.6325874875 7.6330763721 7.6569332217 7.6588240185 8.5423458988 8.6031666347 9.1014577104 9.1175199672 9.4426634761 9.4569428679 9.4601262202 9.4758617791 9.5383014247 9.5610632317 9.8350150796 9.8580529181 10.0950013407 10.1121712638 10.267640516 11.4350559649 16.438757145 16.6902558064 16.7722109553 16.781737991 16.8128769668 16.8424073607 16.8627089623 16.8974985993 16.9539109481 16.99834928 17.1562422171 17.2330985994 17.3466347767 17.3690688757 17.4777686655 17.4820329463 17.576768276 17.5995623093 17.6507427661 17.65992774 17.7087636185 17.7543878897 17.7807441733 17.828135738 17.99130661 18.0617021393 18.1105868248 18.1615167658 18.3026169418 18.4116203751 18.4962841578 18.5323974391 19.5300269473 19.57317843 19.5857770895 19.5994340877 19.6244111292 19.6632342285 19.941450321 20.121449059 21.4358665279 21.4463380012 21.5525409064 21.572230437 21.5913904876 21.6438404897 21.8688903882 21.8734975164
479 1.1967288959 1.3521727019 2.0065783255 2.6658928825 2.8951831004 3.5497494341 3.6013999187 3.6417555819 3.7001327827 3.8277124597 3.8598645948 3.8846265055 3.9272133714 3.9492212765 4.2141086598 4.2402310163 4.3116502431 4.3268020178 4.3471921207 4.3630556609 4.4587836255 4.4636493914 4.4674116103 4.4715732605 4.4985642542 4.506285627 4.5535513884 4.5817046481 4.6658553006 4.7561376101 4.79221085 4.9156751952 4.9257947881 4.9316399294 5.2616923995 5.2969004039 5.3949292945 5.4227684057 5.4388879123 5.5063219068 5.5500270522 5.6075028269 5.6254713413 5.637203904 5.640297911 5.7105512036 5.7562120133 5.7953181259 5.8012342897 6.1028914395 6.1303440745 6.1431028968 6.336041785 6.4251572111 6.4850551706 6.5805197254 6.5955893483 6.6081630012 6.6268028684 6.6292620893 6.6527893848 6.6779510697 6.7284495745 6.7915063719 6.8363007802 6.8830609496 6.8907646305 7.0359267011 7.1179001152 7.1439933758 7.1730450394 7.2178302604 7.4401524757 7.4610735792 7.5776224095 7.6119379973 7.6321348643 7.6364749918 7.65622366 7.6629678245 8.550419531 8.6086770018 9.0933698948 9.1095013192 9.4396130169 9.4501694866 9.4583494566 9.4678122679 9.5302280899 9.5529546958 9.8408547617 9.8638846245 10.1076423795 10.1247504991 10.2315682447 11.4573957728 16.4263454323 16.6883472406 16.7706202872 16.7832612745 16.8108358784 16.8425668302 16.8614238163 16.899326797 16.9560525887 17.0127150702 17.1475543583 17.2289633303 17.3423217853 17.3710222044 17.4819701855 17.4840812062 17.5748170559 17.5974611209 17.6478808793 17.6577488862 17.7103086044 17.7565286786 17.7853165669 17.8332139164 17.9886680913 18.0597179861 18.1133169968 18.1639617624 18.3010884444 18.4142207427 18.4951853885 18.5324154249 19.5295428572 19.5725797173 19.5859539246 19.6000359301 19.6265073318 19.6637798895 19.9360255712 20.1245566223 21.4328062756 21.4449475307 21.5491530123 21.575402504 21.5849741873 21.6433921624 21.8751654724 21.8786988911
480 1.1576456569 1.3087429479 1.9435992699 2.6995009856 2.9275168126 3.5488326932 3.6025877208 3.6407195392 3.7015688192 3.8259771086 3.857855539 3.8841817704 3.9272251047 3.9698836483 4.2119982237 4.237960215 4.2913196821 4.3287798359 4.3494926275 4.364514688 4.4591256073 4.4626133365 4.4678004365 4.4720414373 4.498356244 4.5071134732 4.5557527614 4.583634134 4.672179157 4.7448684803 4.7809646375 4.9126929112 4.9178782203 4.9250194535 5.2731058354 5.3083913164 5.392466322 5.4054624175 5.4367284391 5.5083060677 5.5524317374 5.6047838502 5.6350516118 5.6395203559 5.6531498783 5.7115081124 5.7569917906 5.7894398794 5.7953986411 6.1184466391 6.1417696673 6.1542087347 6.3324354029 6.4176113044 6.4772452776 6.5795086586 6.6034927874 6.6071731908 6.620005958 6.6277401588 6.6537074271 6.6683910152 6.724137029 6.7912517744 6.8478358178 6.8876928567 6.8938565223 7.0393574684 7.1171112388 7.144070325 7.1867376258 7.230825968 7.4351506977 7.4562518002 7.5734815087 7.6081035927 7.6315360829 7.6398727621 7.6554826457 7.6670337222 8.5592884911 8.6141424584 9.0854543804 9.1016596685 9.4224837784 9.441215811 9.4574840319 9.475173027 9.5222591983 9.5449493302 9.8465323189 9.8695539695 10.119937153 10.1369859599 10.1953850225 11.4791492019 16.4141925402 16.6864684305 16.7689743974 16.7848311468 16.808836151 16.8424076658 16.8604669585 16.9011092274 16.9580850279 17.0270066164 17.1390433784 17.22486388 17.3380549254 17.3729070531 17.4857783429 17.4860506116 17.5728655322 17.5954590261 17.6451337768 17.655618307 17.7118141343 17.7586204152 17.7898602093 17.838209036 17.9860909953 18.0577810947 18.1159947381 18.1663607466 18.2996931592 18.4167561438 18.4940960245 18.5323902418 19.5290709703 19.5719945855 19.5861458748 19.6006242569 19.6285256573 19.6644882595 19.9305711811 20.1275820306 21.4298177076 21.4435495762 21.5456265013 21.5785039651 21.5787007212 21.6431662089 21.8812960331 21.883823465
481 1.1184793907 1.2651477046 1.8802110849 2.7329303252 2.9594912437 3.5479406546 3.603755233 3.6397157574 3.702978538 3.8242768954 3.855841811 3.8836096772 3.9271515383 3.9872842935 4.2098518476 4.23574381 4.2707599123 4.3307719721 4.3517386431 4.3682856954 4.4594775334 4.4616832924 4.4682048848 4.4725517423 4.4980368027 4.5081732988 4.5579045536 4.5855194136 4.6783269162 4.7337816931 4.7698919109 4.9000838613 4.9045621673 4.9340655393 5.2843310549 5.3196981317 5.3879976304 5.3902275562 5.4346318361 5.5101909157 5.5547514986 5.6021245453 5.6317636786 5.6529616532 5.6667547966 5.7123411918 5.7576274213 5.7836954797 5.7897200773 6.1338661609 6.1533056715 6.1653739417 6.3289730883 6.4102572698 6.4696021233 6.5785176184 6.6062047304 6.6111102504 6.611309634 6.6286526522 6.6545997096 6.6591869971 6.7196473492 6.7909471154 6.8593285691 6.8847353998 6.9045564372 7.042745249 7.1163355202 7.1441008294 7.2002020282 7.2435613608 7.4302284174 7.4515152261 7.5691937295 7.6041290695 7.6309040994 7.6431576222 7.6547151266 7.6710163066 8.5689685525 8.6195494759 9.0777199682 9.0940034643 9.4055912764 9.4242730209 9.4646114978 9.4823905666 9.5144060991 9.537058439 9.8520447141 9.8750579562 10.1318787292 10.1488708104 10.1591048619 11.5003043177 16.4023103815 16.6846230963 16.767318235 16.7864032685 16.8068800866 16.8419124317 16.8598574962 16.9028444462 16.9600321141 17.0411799768 17.1307314687 17.2208094002 17.3338426434 17.3747235247 17.4879423245 17.4891848613 17.5709258721 17.5935488173 17.6425000098 17.6535381662 17.7132815126 17.7606610871 17.7943600768 17.8431131318 17.983577646 18.0558947761 18.1186152785 18.1687105576 18.2984327738 18.4192234512 18.4930192096 18.5323223514 19.5286127084 19.5714236071 19.5863515546 19.6011984829 19.6304345788 19.6653896567 19.9250908309 20.1305227062 21.4269035985 21.4421495777 21.5419953284 21.5725727134 21.5815353812 21.6431350593 21.8872762286 21.8888595143
482 1.0792330204 1.2213925486 1.8164299814 2.766178714 2.9911029363 3.5470741866 3.6049005072 3.6387447079 3.7043598654 3.8226150394 3.8538455741 3.8829115641 3.926997702 4.0012134943 4.2075748101 4.2335817483 4.25011249 4.3327349669 4.3539278482 4.3745652052 4.4598324037 4.4608776691 4.4686165775 4.4730998827 4.4977037486 4.5093680603 4.5600041028 4.5873580562 4.6842940472 4.7228847611 4.7589987234 4.8879689124 4.8917050835 4.9428118214 5.2953589575 5.3308110784 5.3708123501 5.3877800007 5.432598951 5.5119707401 5.5569805389 5.5995285287 5.6284610318 5.6659283385 5.6798411237 5.7130525424 5.7581215019 5.7780907762 5.7842024047 6.1491447089 6.1649285078 6.1765778819 6.3256531828 6.4030994665 6.4621316196 6.5775485448 6.6025757801 6.605262056 6.6190214091 6.6295405178 6.650331043 6.6554784854 6.7149788927 6.7905936728 6.870766527 6.8818410289 6.9152035245 7.0460879961 7.1155744332 7.1440839742 7.2134203283 7.2560196002 7.4253928428 7.4468701768 7.5647657981 7.6000220851 7.6302457772 7.6463242441 7.6539258356 7.6749114418 8.579473823 8.624885028 9.0701752673 9.0865409322 9.3889628464 9.407583569 9.4715450977 9.4894178038 9.5066805504 9.5292935475 9.8573890329 9.8803937069 10.1227420803 10.1434604363 10.1603984573 11.520849232 16.3907108536 16.6828146909 16.7656725846 16.7879575532 16.8049699488 16.8411008046 16.8595775621 16.9045310613 16.9619044723 17.0551911994 17.1226536308 17.2168088499 17.3296933235 17.3764718637 17.489757493 17.4921827364 17.5690090821 17.5917239429 17.6399780264 17.6515105788 17.7147112846 17.7626487333 17.7988024797 17.847918427 17.9811303023 18.0540616816 18.1211744781 18.1710081101 18.2973080042 18.4216197262 18.4919579592 18.5322125931 19.5281692388 19.5708673408 19.5865695992 19.6017580364 19.6322028541 19.6665142771 19.9195880101 20.1333763316 21.4240666458 21.440752719 21.5382920916 21.5666002991 21.584489731 21.6432717405 21.893100368 21.8937963345
483 1.0399094358 1.1774830691 1.7522719112 2.7992440262 3.0223486222 3.5462340745 3.6060216633 3.6378068122 3.7057107587 3.8209943178 3.8518792577 3.8820900817 3.9267688224 4.0115902242 4.2047736766 4.2296952993 4.2315622966 4.3346579822 4.3560580021 4.3834334848 4.460047616 4.4603453396 4.4690314767 4.4736819851 4.497417188 4.5106384566 4.562048845 4.5891477571 4.6900738505 4.7121872738 4.7482908897 4.8763429169 4.8793240981 4.9512566849 5.3061796494 5.3417202461 5.3535286587 5.3855061227 5.4306312032 5.5136397802 5.5591129486 5.596999159 5.6252141343 5.6783785598 5.6923684022 5.713645093 5.7584764972 5.7726325803 5.7788502468 6.1642768233 6.1766111763 6.1877974648 6.3224741575 6.396142331 6.4548399045 6.5766020032 6.5944089801 6.6043412455 6.6266132772 6.6304017879 6.6418501 6.656322036 6.7101302693 6.7901923404 6.8790213606 6.8821365369 6.9257769325 7.0493836747 7.1148293271 7.1440189153 7.2263746503 7.2681840448 7.4206512141 7.4423229984 7.5602051236 7.5957907171 7.6295660027 7.6493695638 7.6531196073 7.6787155376 8.5908165929 8.6301366229 9.0628286804 9.079280061 9.3726235551 9.3911760145 9.4782785666 9.4962390425 9.4991001304 9.5216663798 9.8625624809 9.8855584579 10.0863113504 10.1546758482 10.1715625287 11.5407721216 16.3794058198 16.6810464387 16.7640490766 16.7894831391 16.8031079597 16.840024414 16.8595774471 16.9061677325 16.9637072282 17.068958413 17.1148878061 17.2128709966 17.3256152552 17.3781524143 17.4914972337 17.4947663213 17.5671248892 17.5899786788 17.637566197 17.6495376092 17.7161034138 17.7645814461 17.8031748715 17.8526173459 17.9787511604 18.052284004 18.1236686359 18.1732503934 18.2963185634 18.4239421988 18.4909151789 18.5320621721 19.5277415018 19.5703263307 19.5867986556 19.6023023604 19.6338025928 19.6678891059 19.9140660656 20.1361408057 21.4213094667 21.4393639321 21.5345472848 21.560788273 21.587365259 21.643550756 21.898624096 21.8987629207
484 1.0005115 1.1334248698 1.6877525949 2.8321241893 3.0532252007 3.5454210324 3.6071168816 3.6369024472 3.7070292107 3.8194172393 3.8499512113 3.8811495512 3.9264703934 4.0184796338 4.1986748294 4.2125150951 4.2294604719 4.3365346904 4.358126933 4.3948293382 4.4595831314 4.4606307434 4.4694469662 4.4742943133 4.4972134556 4.5119489873 4.5640363114 4.5908863266 4.6956282365 4.7017301217 4.73777399 4.8651860031 4.8674484755 4.9593985437 5.3167774918 5.3362558889 5.3524155037 5.3833061073 5.4287302113 5.5151921932 5.5611427585 5.5945396291 5.6220367984 5.690303144 5.7043245497 5.7141227518 5.7586921007 5.7673308267 5.7736700042 6.17925679 6.1883233763 6.199007248 6.3194346953 6.3893903803 6.4477333447 6.575676174 6.5866112403 6.6034464476 6.6312195912 6.6335717084 6.634249394 6.6571417583 6.7051004137 6.7897436997 6.876280185 6.8934245575 6.9362627728 7.0526302541 7.1141014775 7.1439048937 7.2390471126 7.2800382841 7.4160107917 7.4378800497 7.5555200078 7.5914437981 7.6288692847 7.6522390805 7.6523533702 7.6824252619 8.6030071318 8.6352923953 9.0556883903 9.0722285912 9.3565986183 9.3750767102 9.4848061195 9.491652874 9.502871152 9.5141888456 9.8675623812 9.8905495501 10.0498276893 10.1655187982 10.1823568927 11.5600612477 16.3684070884 16.6793213639 16.7624552883 16.7909732718 16.8012962967 16.8387490488 16.8597933696 16.9077531717 16.9654429212 17.0821850333 17.1077286943 17.2090044113 17.3216166036 17.3797655883 17.4931626321 17.4969313976 17.5652817205 17.5883081979 17.6352628367 17.6476212683 17.7174574238 17.7664573724 17.807465693 17.8572025262 17.9764423536 18.050563602 18.1260943734 18.1754344724 18.2954631366 18.4261882534 18.4898936772 18.5318726479 19.5273302361 19.5698011058 19.5870373747 19.6028309128 19.6352127048 19.6695344459 19.9085282405 20.1388142104 21.4186345976 21.4379879056 21.530788912 21.5551426068 21.5901589554 21.6439485756 21.9033337534 21.9042585004
485 0.9610420545 1.0892235708 1.6228875414 2.8648171769 3.0837297261 3.5446357126 3.6081843991 3.6360319485 3.7083132542 3.8178861175 3.848067727 3.8800959721 3.9261081476 4.0220833383 4.1821486189 4.2055010564 4.2274834822 4.3383606614 4.3601325354 4.408556997 4.4591666783 4.4610096921 4.4698610248 4.4749332523 4.4971157352 4.5132773361 4.5659641249 4.5925716811 4.6913311793 4.7011420473 4.7274533708 4.8544385161 4.8561447337 4.9672358356 5.3189181894 5.327220268 5.362886319 5.3811813789 5.4268978784 5.5166220378 5.5630639838 5.5921529853 5.618936817 5.7016952229 5.7144850567 5.7157091454 5.7587429097 5.7622191762 5.7686728548 6.1940784859 6.2000316978 6.2101795961 6.3165338295 6.3828482131 6.4408185361 6.57475186 6.5792035355 6.6025780967 6.6259392116 6.6320659842 6.6414028799 6.6579353461 6.6998887202 6.7892480383 6.8736205407 6.9046156455 6.9466468378 7.0558256982 7.1133921054 7.1437412477 7.2514198156 7.2915661766 7.4114788423 7.4335476881 7.5507198143 7.5869911352 7.6281599848 7.6514709067 7.6550917969 7.6860373838 8.6160532713 8.6403414275 9.0487623461 9.0653940031 9.3409135693 9.359311879 9.4843797665 9.4911221682 9.5068729639 9.5092790602 9.8723861721 9.8953644058 10.0133065223 10.1759833643 10.1927756441 11.5787049778 16.3577263889 16.6776423137 16.7608967595 16.7924232755 16.799537089 16.8373379413 16.8601641697 16.9092861427 16.9671127655 17.0922189864 17.1038271939 17.2052174598 17.3177053823 17.3813118386 17.494754736 17.4986752588 17.5634867546 17.5867085634 17.6330662269 17.6457635118 17.7187725112 17.7682747151 17.8116642456 17.8616668289 17.9742059536 18.0489020809 18.1284485614 18.1775574888 18.2947393668 18.428355417 18.4888961756 18.5316459257 19.5269360036 19.5692921794 19.5872844027 19.603343167 19.6364217176 19.6714610782 19.9029777064 20.1413947845 21.4160444913 21.4366290948 21.5270423645 21.5496691041 21.5928678966 21.6444438394 21.9079169168 21.9095819066
486 0.921503923 1.0448848097 1.5576920623 2.8973210025 3.1138593994 3.5438787123 3.6092225067 3.6351956147 3.7095609655 3.8164031055 3.8462339079 3.8789369486 3.9256880241 4.0227024854 4.1612087401 4.2027031107 4.2255737618 4.3401325265 4.3620727679 4.424321732 4.4588848778 4.4613987652 4.4702719453 4.4755955983 4.4971400153 4.5146084274 4.5678299957 4.5942018332 4.6812732522 4.706335112 4.7173341545 4.8439692844 4.8455484611 4.9747670217 5.3016769597 5.337332517 5.3731212548 5.3791390931 5.4251367197 5.5179232658 5.5648706679 5.5898421346 5.6159202907 5.7125392478 5.7147597985 5.7265028236 5.7570088336 5.7589135928 5.7638898508 6.2087350913 6.2116998787 6.2212848919 6.3137711994 6.3765205102 6.434102301 6.571943813 6.5740713282 6.6017371272 6.6185536266 6.6328436086 6.6485566042 6.6587019289 6.6944953474 6.7887053499 6.8710453053 6.9156937414 6.9569140094 7.0589679532 7.1127023844 7.1435274273 7.263474842 7.302751892 7.4070626247 7.4293322553 7.5458151194 7.5824436766 7.6274423681 7.6506399302 7.6577630474 7.6895486776 8.6299587078 8.6452753636 9.0420582506 9.0587835074 9.3255942559 9.3439079511 9.4772803608 9.4972198614 9.4997326435 9.5154693329 9.8770314031 9.9000004391 9.9767637837 10.1860638715 10.2028131055 11.5966918079 16.3473753476 16.6760119762 16.7593778903 16.7938296426 16.797832414 16.835843491 16.8606395659 16.910765461 16.9687172564 17.089851077 17.1123913405 17.2015182923 17.3138894278 17.3827916391 17.4962745522 17.4999967965 17.5617460188 17.5851766714 17.6309746335 17.6439662379 17.7200476353 17.7700317351 17.8157605891 17.8660033482 17.97204397 18.0473008468 18.1307282727 18.1796166634 18.2941438512 18.4304413515 18.4879253148 18.5313842468 19.5265592114 19.5688000487 19.5875383737 19.6038386125 19.6374289298 19.6736690859 19.8974175925 20.143880903 21.413541516 21.4352917333 21.5233304678 21.5443733989 21.5954892452 21.645017373 21.9123658103 21.9147280959
487 0.8818999127 1.0004142427 1.4921812834 2.9296337151 3.143611564 3.5431505796 3.6102295477 3.6343937096 3.7107704685 3.8149702164 3.8444540911 3.8776815843 3.9252161414 4.0206883619 4.1393398505 4.2006418527 4.2237316875 4.3418474838 4.3639456543 4.4417762789 4.4587474486 4.4617924793 4.4706782953 4.4762799672 4.4972982627 4.515931294 4.5696317153 4.5957748815 4.671416874 4.7074210502 4.7113496559 4.833712739 4.8357273066 4.9819905881 5.2844098726 5.3472134822 5.3771935199 5.3831087624 5.4234507545 5.5190897169 5.5665569308 5.5876098488 5.6129926182 5.7149046104 5.7228582868 5.7366981144 5.7522994487 5.7583130357 5.7596655342 6.2232163209 6.2232913102 6.2322917982 6.3111475741 6.3704120336 6.4275916805 6.5653211622 6.5731446896 6.6009244792 6.6115269338 6.6335972584 6.65553885 6.6594407981 6.6889221315 6.7881153272 6.8685572461 6.9266415917 6.9670480641 7.0620549335 7.1120334447 7.1432630098 7.2751942643 7.3135799556 7.4027693743 7.4252400618 7.5408178579 7.577813653 7.6267206135 7.6498091035 7.6603074406 7.6929558594 8.6447020409 8.6501093067 9.0355835489 9.0524040355 9.3106667981 9.3288916164 9.4703674003 9.4927738021 9.5031002533 9.5214360803 9.8814957283 9.9044543637 9.9402166306 10.1957548886 10.2124638264 11.6140103872 16.3373654605 16.6744328937 16.7579023818 16.7951895826 16.7961842948 16.8343059651 16.8611814369 16.9121899939 16.9702564844 17.083504887 17.1249959884 17.1979148309 17.3101763765 17.3842054683 17.4977230441 17.5008965946 17.5600645094 17.5837101661 17.628986324 17.642231285 17.7212815888 17.7717267522 17.8197454587 17.8702054194 17.96995835 18.0457611437 18.1329307515 18.1816092983 18.2936721515 18.4324438487 18.4869836577 18.5310901785 19.5262001318 19.5683251946 19.5877979036 19.6043167556 19.6382434934 19.6761487479 19.8918510119 20.1462710611 21.4111279535 21.4339798457 21.5196736301 21.5392609492 21.5980202518 21.6456520872 21.9166731964 21.9196922006
488 0.8422328164 0.9558175468 1.4263701545 2.9617533937 3.1729837017 3.5424518188 3.6112039175 3.6336264664 3.7119399385 3.8135893344 3.8427320767 3.8763403571 3.9246987759 4.01639744 4.1170305761 4.198832502 4.2219587273 4.3435030299 4.3657492847 4.4587106698 4.4605747602 4.4622183209 4.4710798896 4.476998097 4.497600258 4.5172374119 4.5713671468 4.5972889983 4.6617831289 4.6977190697 4.716166788 4.8237828418 4.82656719 4.9889050477 5.2671396572 5.3567844237 5.3753951363 5.3928291382 5.4218483796 5.5201151162 5.5681170255 5.5854587676 5.6101588113 5.7149740746 5.7325629827 5.7459291569 5.7479541922 5.754857071 5.7586533584 6.2347579642 6.2375185563 6.2431675659 6.3086660675 6.3645276249 6.4212939251 6.5589784126 6.5723273811 6.6001410679 6.6048624771 6.6343227864 6.660151294 6.6623302704 6.6831766238 6.7874773536 6.8661590488 6.937440617 6.9770315444 7.0650845027 7.1113863741 7.1429477197 7.2865601549 7.3240352929 7.3986062886 7.4212773716 7.5357414686 7.5731147064 7.6259988113 7.6489828329 7.6627240477 7.696255543 8.6546530693 8.6604654755 9.0293454168 9.0462622316 9.2961575271 9.3142897962 9.4636531129 9.4860162242 9.5087510061 9.527173993 9.8857768192 9.9036510026 9.9087547341 10.2050512271 10.2217225825 11.6306495433 16.3277080648 16.6729074742 16.7564734684 16.794594693 16.7965007836 16.8327553434 16.8617619596 16.91355866 16.9717303092 17.0769066222 17.137912664 17.1944147578 17.3065736442 17.3855537973 17.4991011287 17.5013770346 17.5584463198 17.5823073405 17.6270995822 17.6405604298 17.7224730526 17.7733581472 17.8236101984 17.8742666263 17.9679509777 18.0442840806 18.135053392 18.1835327803 18.2933188178 18.4343608302 18.486073688 18.5307666035 19.5258589216 19.5678680807 19.5880615846 19.6047771195 19.638881894 19.6788830322 19.8862810879 20.1485638611 21.408805998 21.4326972611 21.5160900393 21.5343370312 21.6004582585 21.6463328171 21.9208323283 21.9244695302
489 0.8025054113 0.9111004207 1.3602734584 2.9936781425 3.2019734297 3.5417828942 3.6121440639 3.6328940892 3.7130676056 3.8122622233 3.8410712591 3.8749249761 3.9241423457 4.0101604675 4.0943959837 4.1971634446 4.2202564906 4.3450968377 4.3674818182 4.4589070417 4.4625718536 4.4714650438 4.4773476268 4.4807773509 4.4980558355 4.5185197953 4.5730342092 4.598742412 4.6523799985 4.688232367 4.7207813543 4.8142738965 4.8179716602 4.9955089428 5.24986475 5.3657457764 5.37403564 5.4022488772 5.4203551894 5.5209930747 5.5695454061 5.583391402 5.6074236152 5.7149560958 5.7412334333 5.7432925746 5.7503304447 5.7561273661 5.7582861351 6.2460639721 6.2516182373 6.2538783905 6.3063354286 6.3588722063 6.4152164799 6.552983483 6.5715488804 6.5985586407 6.599387878 6.6350189812 6.6608328049 6.668869014 6.6773115111 6.7867904932 6.8638533228 6.9480707792 6.9868456431 7.0680544507 7.110762218 7.1425814529 7.2975545987 7.3341032754 7.3945805134 7.4174503882 7.5306010428 7.5683620117 7.625280956 7.6481652372 7.6650124254 7.6994442074 8.6591947241 8.6769512437 9.0233507509 9.040364446 9.2820929134 9.3001295837 9.4571496455 9.4794690368 9.5141706157 9.5326781139 9.8671618955 9.8898731842 9.912820867 10.2139479387 10.2305843755 11.6465983092 16.3184143101 16.6714379987 16.7550940486 16.793065515 16.7977612646 16.8312138174 16.8623610952 16.9148704289 16.9731384606 17.0704317152 17.1507627071 17.1910255048 17.3030884071 17.3868370795 17.5004096765 17.5014424165 17.5568947656 17.5809670371 17.6253127211 17.6389553852 17.7236206396 17.7749243624 17.8273467067 17.8781808075 17.9660236731 18.0428706511 18.1370937253 18.1853845837 18.2930774282 18.4361903496 18.4851978059 18.5304167059 19.5255356385 19.5674291534 19.588327981 19.605219245 19.6393648312 19.6818506861 19.8807109813 20.1507580022 21.4065777543 21.4314476266 21.5125958766 21.5296067331 21.602800702 21.6470461359 21.9248369085 21.9290555757
490 0.7627204588 0.866268587 1.2939058193 3.0254060863 3.230578498 3.5411442336 3.6130484881 3.6321967566 3.7141517584 3.8109905322 3.8394747079 3.8734482224 3.9235533958 4.0022666584 4.0714766249 4.1955973832 4.2186265791 4.3466267099 4.3691414844 4.4592230001 4.4629624015 4.4718504592 4.4783005011 4.498612741 4.5011768522 4.5197725526 4.5746308494 4.6001333803 4.6432140626 4.678965241 4.7251892921 4.8052233349 4.8098993188 5.0018008489 5.2325817199 5.3702892883 5.3769185623 5.4112034804 5.4191259748 5.5217170915 5.5708368092 5.5814101386 5.6047915591 5.7148595246 5.7387544877 5.7447720079 5.7519865307 5.7578716266 5.764420837 6.2571623378 6.2643895692 6.265484471 6.3041811811 6.353450789 6.4093669671 6.5473376518 6.5708045046 6.592612783 6.5986655382 6.6356849984 6.6614846951 6.6707849187 6.6756897697 6.7860534823 6.8616426 6.9585104413 6.996470093 7.0709624644 7.1101619802 7.1421643069 7.3081597035 7.3437697612 7.390699135 7.4137652432 7.5254134776 7.5635723946 7.6245709388 7.6473602869 7.6671724727 7.7025181752 8.6635475612 8.6943346394 9.0176061599 9.0347167295 9.2684994828 9.2864381642 9.4508690794 9.4731446645 9.5193544567 9.5379437349 9.830698393 9.8937818316 9.9167201592 10.222440314 10.2390444324 11.6618459513 16.3094951271 16.6700266287 16.753766762 16.7915985969 16.7989693024 16.8296979575 16.8629644077 16.9161243215 16.9744805984 17.0641681797 17.163453658 17.1877542538 17.2997275848 17.3880557439 17.5010991025 17.5016495097 17.5554125001 17.5796885529 17.6236240938 17.6374177985 17.7247229288 17.7764239038 17.8309473923 17.8819420623 17.9641781915 18.0415217478 18.1390494093 18.1871622736 18.2929406421 18.4379306011 18.4843583176 18.5300439551 19.525230257 19.5670088409 19.5885956267 19.6056426911 19.639714417 19.6850290032 19.8751439208 20.1528522722 21.404445237 21.430234421 21.5092055259 21.5250749489 21.6050451167 21.6477801656 21.9286810549 21.933446013
491 0.722880701 0.8213277953 1.2272817098 3.0569353636 3.258796785 3.5405362312 3.6139157463 3.6315346231 3.7151907473 3.8097757993 3.8379452189 3.8719237767 3.9229385835 3.9929592503 4.0482907742 4.1941191863 4.2170705475 4.3480905631 4.3707265855 4.459695455 4.4633464613 4.4722234085 4.4790203679 4.4994286084 4.5209833877 4.5222489557 4.5761549876 4.6014601449 4.6342917224 4.6699217802 4.7293868556 4.7966455375 4.8023302568 5.0077793774 5.2152863486 5.3693219029 5.3851326101 5.4164351697 5.4214086656 5.5222805578 5.5719863498 5.5795172489 5.6022669785 5.7146927654 5.7346659263 5.7414826649 5.757397045 5.7596298715 5.7724228682 6.2680073303 6.2746666439 6.2790117327 6.3022999619 6.3482685075 6.4037531663 6.5420373008 6.5700937429 6.5870209591 6.5979750752 6.6363200443 6.6621058594 6.6646564133 6.6817282834 6.7852647219 6.8595293308 6.9687362214 7.0058830597 7.07380609 7.1095866216 7.1416966191 7.3183576024 7.3530211272 7.3869691839 7.4102279932 7.5201976305 7.558764443 7.6238725377 7.6465718174 7.669204416 7.7054735979 8.6677273592 8.7125867596 9.0121179555 9.0293248283 9.2554037235 9.2732427224 9.4448233986 9.4670553222 9.5242982472 9.5429663798 9.7942973231 9.8975014064 9.9204313072 10.2305238812 10.2470982063 11.6763819974 16.3009611963 16.6686754103 16.7524940366 16.7901957091 16.8001233716 16.8282203404 16.8635614226 16.917319409 16.9757563503 17.0581511334 17.1759443172 17.184608075 17.296497826 17.3892101894 17.500355693 17.5028214023 17.5540016186 17.578471553 17.6220321035 17.6359492492 17.7257784915 17.7778553418 17.834405138 17.8855447552 17.9624162219 18.0402381746 18.1409182223 18.1888635089 18.2929002703 18.4395799321 18.4835574205 18.5296520867 19.5249426819 19.5666075535 19.5888630238 19.6060470354 19.6399521723 19.6883957848 19.8695832396 20.1548455403 21.4024103691 21.4290609676 21.5059317681 21.5207463732 21.6071891376 21.6485243975 21.9323592725 21.9376367061
492 0.6829888572 0.7762838254 1.1604154597 3.0882641202 3.2866262929 3.5399592503 3.6147444509 3.6309078223 3.7161829877 3.8086194564 3.8364853476 3.8703660374 3.9223046612 3.9824377589 4.0248482968 4.1927221119 4.2155898893 4.3494864236 4.3722354986 4.4603274345 4.4637229624 4.4725844544 4.4797230302 4.5003756328 4.5221668374 4.5436977841 4.5776044047 4.6027208478 4.6256196414 4.6611060065 4.7333701929 4.7885463268 4.7952518989 5.0134431798 5.1979738251 5.3678670392 5.3936503689 5.4156516911 5.4294852941 5.5226767647 5.5729896203 5.5777149217 5.5998540232 5.7144644899 5.7307502309 5.7378595154 5.7568682423 5.7672711517 5.7799365051 6.278552361 6.2846745596 6.2914784489 6.3014043368 6.343330747 6.3983829942 6.5370773299 6.5694169264 6.5817787809 6.5973172297 6.6369231866 6.6581940027 6.6626987116 6.6877106508 6.7844222718 6.8575158805 6.9787228454 7.0150610403 7.0765826853 7.1090370605 7.1411790152 7.3281304286 7.3618442748 7.3833976718 7.4068446393 7.5149744756 7.5539586106 7.6231894085 7.6458035256 7.6711088093 7.7083064493 8.6717284373 8.7316984833 9.0068921459 9.0241941811 9.2428319827 9.2605703365 9.4390244474 9.4612130816 9.5289979347 9.5477417993 9.7579777763 9.901030038 9.923951953 10.2381944045 10.2547413761 11.6901962671 16.2928229154 16.6673862781 16.7512781187 16.7888585508 16.801222111 16.8267906997 16.8641444633 16.9184548132 16.9769653352 17.0524000396 17.1815919874 17.1882091263 17.2934054946 17.3903007815 17.4992232442 17.5039260804 17.5526637502 17.5773159945 17.620535211 17.6345512474 17.7267859127 17.7792173126 17.8377132709 17.8889835212 17.9607393868 18.0390206557 18.1426980593 18.1904860461 18.292947358 18.4411368621 18.4827971821 18.529245078 19.5246727612 19.5662256825 19.5891286432 19.6064318742 19.6400978696 19.6919304452 19.8640324196 20.1567367524 21.400474981 21.4279304463 21.5027859562 21.5166254947 21.6092305031 21.6492695283 21.93586643 21.941623711
493 0.6430476174 0.7311424929 1.0933212623 3.1193904994 3.3140651412 3.5394136254 3.6155332729 3.6303164683 3.7171269637 3.807522831 3.8350974297 3.8687899317 3.9216584529 3.9708632068 4.0011555466 4.1914031139 4.2141860301 4.3508124267 4.3736666771 4.4611206557 4.4640901294 4.4729325757 4.48041266 4.5014965836 4.5233003626 4.5653473726 4.5789764907 4.6039133587 4.6172052266 4.6525220696 4.7371350156 4.7809277777 4.7886546681 5.0187909512 5.1806387998 5.3664028645 5.4019900009 5.4144788711 5.437719329 5.5228989117 5.5738426242 5.5760054903 5.5975566601 5.7141836382 5.7270259874 5.7343423155 5.7562905775 5.7744962224 5.7869505099 6.288750399 6.2943788028 6.2963610681 6.3080070846 6.3386437125 6.393264493 6.5324518503 6.5687746256 6.5768812339 6.5966927591 6.6374927993 6.6515435977 6.6632585095 6.6934952738 6.7835238487 6.8556045233 6.9884430026 7.0239787744 7.079289357 7.108514172 7.1406124725 7.3374602011 7.3702265602 7.3799917218 7.4036212203 7.5097672531 7.5491773067 7.6225250751 7.6450589635 7.6728865356 7.7110125274 8.675543518 8.7516606604 9.0019344295 9.0193299169 9.2308103533 9.248447861 9.4334838817 9.455629834 9.5334496834 9.5522659693 9.7217588223 9.9043660185 9.9272802992 10.2454478827 10.2619698472 11.7032789014 16.285090367 16.6661610582 16.7501210922 16.7875887477 16.8022643001 16.8254167226 16.8647078422 16.9195297057 16.9781071779 17.0469282288 17.1787150769 17.2002221488 17.2904566584 17.3913278503 17.4977155474 17.5049642225 17.5514001384 17.5762220613 17.6191319418 17.6332252323 17.7277438072 17.7805085194 17.8408655377 17.8922532684 17.9591492408 18.037869843 18.1443869289 18.1920277422 18.2930722829 18.4426001079 18.4820795115 18.5288271213 19.5244202973 19.5658636005 19.5893909267 19.6067968234 19.6401690368 19.6956144414 19.8584951498 20.1585249256 21.3986408092 21.4268459043 21.499778169 21.5127165919 21.6111670577 21.6500073144 21.9391977401 21.9454032788
494 0.6030596331 0.6859096559 1.0260131823 3.1503126297 3.3411115574 3.5388996643 3.6162809437 3.6297606579 3.7180212302 3.8064871493 3.8337835921 3.8672107232 3.921006826 3.9583636015 3.9772180653 4.1901609461 4.2128603237 4.3520668166 4.3750186527 4.462075865 4.4644461215 4.4732666741 4.4810866615 4.5027976473 4.5243854638 4.5802670441 4.5870740976 4.6050348779 4.609057729 4.6441747308 4.7406760345 4.7737899968 4.7825309743 5.0238214344 5.163275404 5.3649927549 5.4100846156 5.413319408 5.4456969163 5.5229401197 5.5743738945 5.5745595165 5.5953786707 5.7138593373 5.7235007204 5.7309917642 5.7556753542 5.781258635 5.793470769 6.2953984405 6.2985545871 6.3037455845 6.3203517517 6.3342190364 6.3884058485 6.5281544501 6.5681674816 6.5723228354 6.5961023857 6.6380224312 6.6447259937 6.6637869832 6.6990666471 6.782566826 6.8537974384 6.9978672141 7.0326091751 7.0819228804 7.1080187878 7.1399984006 7.3463283878 7.376759026 7.3781554187 7.4005642089 7.504601606 7.5444449647 7.6218829204 7.6443415308 7.6745388056 7.7135874633 8.6791653019 8.7724626044 8.9972501892 9.0147368533 9.2193645525 9.2369018001 9.4282131173 9.4503172386 9.5376498722 9.5565350904 9.6856599499 9.907507748 9.9304147334 10.2522805487 10.2687797524 11.7156203934 16.2777732847 16.66500147 16.7490248922 16.7863878485 16.8032488428 16.8241045966 16.8652473018 16.920543308 16.9791815185 17.0417460907 17.1759815187 17.2119623911 17.2876570785 17.3922916892 17.4958494878 17.5059364597 17.5502117111 17.5751901091 17.6178208915 17.6319725698 17.7286508328 17.7817277336 17.8438560845 17.8953491827 17.9576472707 18.036786323 18.1459829515 18.1934865578 18.2932648656 18.443968615 18.4814061251 18.5284025905 19.5241850573 19.5655216604 19.589648291 19.6071415187 19.6401808865 19.6994312561 19.8529754032 20.1602091456 21.3969094957 21.4258102658 21.496917345 21.5090237271 21.6129967548 21.6507304449 21.9423487436 21.9489718583
495 0.5630275036 0.6405912259 0.9585051628 3.1810286074 3.3677638648 3.5384176504 3.6169862573 3.6292404729 3.7188644165 3.8055135385 3.8325457548 3.8656438171 3.9203566526 3.9450330409 3.9530483291 4.1889952985 4.2116140499 4.3532479463 4.3762900374 4.4631926351 4.4647891734 4.4735856934 4.4817412332 4.5042838284 4.5254184628 4.5814690043 4.6011881726 4.6060807913 4.6087896771 4.6360710672 4.7439857082 4.7671318995 4.7768759174 5.0285334237 5.1458772606 5.3636550453 5.4122145887 5.4179140012 5.4533635086 5.5227934458 5.5728678635 5.5750926731 5.5933236482 5.7135007833 5.7201799305 5.7278275605 5.7550335662 5.7875515373 5.7995070056 6.2939640999 6.3079186194 6.3127395263 6.3299357194 6.333180448 6.3838155188 6.5241783571 6.5675961187 6.5680977688 6.5955467948 6.6375665278 6.6386963724 6.6642834721 6.7044193578 6.781548241 6.8520967035 7.0069637237 7.0409232889 7.0844795922 7.1075516964 7.1393387479 7.3547138658 7.3737099325 7.3856159673 7.3976829061 7.4995056921 7.5397880796 7.6212661766 7.6436544675 7.6760671511 7.7160267397 8.6825867855 8.7940918595 8.9928444885 9.0104194966 9.208519791 9.2259581703 9.4232232758 9.4452866671 9.5415950947 9.5605455888 9.6497011405 9.9104537288 9.933353768 10.2586888678 10.275167452 11.7272116186 16.2708810201 16.6639091274 16.7479913139 16.7852573228 16.8041747564 16.8228593868 16.8657596254 16.9214948907 16.9801880182 17.0368623494 17.1733972599 17.2234052688 17.2850122006 17.3931925555 17.4936455133 17.5068433774 17.5490991412 17.574220619 17.6166007302 17.6307945517 17.7295057 17.7828737956 17.8466794396 17.8982667297 17.9562348944 18.0357706219 18.1474843587 18.1948605606 18.2935144911 18.4452415947 18.4807785054 18.5279760042 19.5239667827 19.5652001956 19.5898991341 19.6074656157 19.6401464734 19.7033661216 19.8474775432 20.1617885628 21.3952825871 21.424826338 21.4942113979 21.5055507421 21.6147176591 21.6514324319 21.9453152956 21.9523260993
496 0.5229537566 0.5951931834 0.8908110323 3.2115364719 3.3940204651 3.5379678441 3.6176480728 3.6287559809 3.7196552284 3.8046030287 3.8313856193 3.8641045578 3.91971474 3.9285016894 3.9311014669 4.1879063643 4.2104484124 4.3543542772 4.3774795245 4.4644685339 4.4651181447 4.473888668 4.4823722892 4.5059596858 4.5263958798 4.5825550138 4.5936362622 4.6070415565 4.6281747778 4.6304684993 4.7470509608 4.7609516303 4.7716903941 5.032925769 5.1284374922 5.3623975689 5.4111772765 5.4254662174 5.4606945184 5.5224519024 5.5714465031 5.5754844192 5.5913949917 5.7131170304 5.7170684869 5.724859489 5.7543763421 5.7933770912 5.8050700273 6.2925293432 6.3167977163 6.3213098484 6.3261196307 6.3457034898 6.3795028595 6.5205165689 6.564199829 6.5670612796 6.5950266329 6.6305461518 6.6390435354 6.6647475336 6.7095510227 6.7804648074 6.8505042908 7.0156984287 7.0488902994 7.0869552506 7.1071136439 7.1386361412 7.3625755588 7.3708748184 7.3925340583 7.3950464228 7.4945102556 7.535235202 7.6206779167 7.643000846 7.6774734121 7.7183257181 8.685801355 8.8165342048 8.9887220677 9.0063820426 9.1983006352 9.2156423555 9.4185251281 9.4405491452 9.5452821589 9.5642941163 9.6139028925 9.9132025636 9.9360960233 10.2646695372 10.2811295352 11.7380438658 16.2644225101 16.6628855403 16.7470220184 16.7841985582 16.805041164 16.8216852975 16.8662423642 16.9223837738 16.9811263625 17.0322846388 17.1709676515 17.2345236737 17.2825271472 17.394030671 17.491128248 17.5076855157 17.5480628989 17.5733141599 17.6154702064 17.6296923936 17.7303071804 17.7839456159 17.8493304997 17.9010016579 17.9549134616 18.0348232108 18.1488894928 18.196147928 18.293810241 18.4464185653 18.4801978543 18.527551983 19.523765197 19.5648995194 19.5901418429 19.6077687908 19.6400769477 19.7074056027 19.842006474 20.16326239 21.3937615335 21.4238968167 21.4916673174 21.5023012533 21.6163279489 21.6521075169 21.9480935544 21.9554628552
497 0.4828408173 0.5497216008 0.8229445115 3.2418341688 3.4198798145 3.5375504864 3.6182653163 3.6283072381 3.720392451 3.8037565551 3.830304631 3.8626079758 3.9039070493 3.9163082931 3.919088149 4.1868946082 4.2093645374 4.3553843788 4.3785858909 4.4654253678 4.4659058205 4.474174788 4.482975725 4.5078294382 4.5273144785 4.5832433172 4.5866877418 4.6078850307 4.620648213 4.6519356583 4.7498425745 4.7552470199 4.7669915072 5.0369973796 5.1109487317 5.3612246186 5.4102112045 5.4327355941 5.4676707646 5.5219084789 5.5701240771 5.575723641 5.5895959014 5.7127157722 5.7141720575 5.7220938819 5.7537147658 5.798740316 5.8101708152 6.2911695716 6.322410845 6.3251657857 6.3295219545 6.3580724111 6.3754824203 6.5171619723 6.5606228885 6.5665634533 6.5945425072 6.6232642568 6.6394768859 6.6651787745 6.7144609137 6.7793129399 6.8490220612 7.0240348695 7.0564775896 7.0893448481 7.1067053359 7.1378940711 7.3678228087 7.370333796 7.3923777039 7.3991822263 7.4896486384 7.530816872 7.6201210449 7.6423835634 7.6787597147 7.7204796747 8.6888028212 8.8397737299 8.9848873416 9.0026283778 9.1887308631 9.2059789545 9.4141290369 9.4361152921 9.5487080853 9.5677775517 9.5782862359 9.9157529548 9.938640222 10.2702194851 10.2866628207 11.7481088674 16.2584062434 16.6619321147 16.7461185381 16.7832128579 16.8058472897 16.8205858551 16.8666936423 16.9232093255 16.9819962628 17.0280197865 17.1686976858 17.2452865373 17.2802067105 17.3948062235 17.4883272948 17.5084633705 17.5471032965 17.5724713573 17.6144281496 17.6286672338 17.731054113 17.7849421761 17.8518045185 17.9035500008 17.9536842524 18.0339445097 18.1501968067 18.1973469501 18.2941410338 18.4474993944 18.4796650455 18.5271352018 19.5235800142 19.5646199248 19.5903748041 19.6080507411 19.6399818283 19.7115370897 19.8365678586 20.1646299008 21.392347688 21.4230242871 21.4892912559 21.4992786472 21.6178259181 21.6527505907 21.950679972 21.9583791853
498 0.4426909628 0.5041826789 0.7549192192 3.2719194938 3.4453403879 3.537165803 3.6188369834 3.62789429 3.7210749506 3.8029749593 3.8293038817 3.8611679621 3.8790122753 3.9009626606 3.918482879 4.1859606342 4.2083634725 4.3563369281 4.3796079979 4.4657201065 4.4674872676 4.4744435433 4.4835475282 4.5098969606 4.5281712746 4.5788834987 4.5850045307 4.6083876445 4.6135966788 4.6732725354 4.7500118075 4.752275127 4.7628566931 5.0407472278 5.0934031373 5.3601389832 5.4093187555 5.4397175166 5.4742734788 5.5211561678 5.5689022375 5.5758140442 5.5879293719 5.7114806465 5.7123197717 5.7195355836 5.7530597194 5.8036472012 5.8148201132 6.2899064818 6.3190589788 6.3329544024 6.3371913381 6.3699442702 6.3719985614 6.5141074563 6.5573606079 6.5661032637 6.594094984 6.6158521948 6.6398814434 6.6655768349 6.7191494921 6.7780887937 6.8476517597 7.0319343033 7.0636508811 7.0916423623 7.1063274416 7.1371171374 7.3655555401 7.376976596 7.3900466619 7.4051865589 7.4849567065 7.5265654763 7.6195982885 7.6418053349 7.679928441 7.7224838455 8.6915854359 8.8637929383 8.9813443972 8.9991620821 9.1798333154 9.1969916233 9.4100448987 9.4319952601 9.5428726495 9.5518701952 9.5709930012 9.9181037035 9.9409851861 10.2753358696 10.291764358 11.7573988287 16.2528402293 16.6610501535 16.7452822799 16.7823014383 16.8065924559 16.8195640384 16.8671120164 16.9239709627 16.9827974573 17.0240739629 17.1665920058 17.2556575176 17.2780553479 17.3955193698 17.4852782786 17.5091773951 17.5462205249 17.5716928678 17.6134734724 17.6277201319 17.7317454091 17.7858625297 17.8540970979 17.9059080789 17.9525484778 18.0331348918 18.1514048646 18.1984560323 18.2944957715 18.4484843376 18.4791805783 18.5267303386 19.5234109445 19.5643616842 19.5905964162 19.6083111849 19.6398692562 19.7157482015 19.8311684448 20.1658904271 21.3910423061 21.4222112227 21.4870886055 21.4964860767 21.6192099787 21.6533571257 21.953071286 21.9610723575
499 0.4025062478 0.4585828046 0.6867486786 3.3017900024 3.47040062 3.5368140181 3.6193621409 3.6275171731 3.7217016771 3.8022589899 3.8283838282 3.8538654608 3.8598121795 3.8850483408 3.9179057868 4.1851051075 4.2074461851 4.3572107093 4.3805447928 4.4659935486 4.4692099335 4.4746951309 4.4840838413 4.5121657259 4.5289635508 4.5723122223 4.5857633767 4.605285699 4.6103209255 4.694416518 4.7452499477 4.7539245112 4.7596922722 5.0441743529 5.0757924145 5.3591426933 5.4085013281 5.446408632 5.4804824845 5.5201879957 5.5677823264 5.5757624491 5.5863981865 5.7090243587 5.711910938 5.7171887594 5.7524217443 5.8081039521 5.8190281991 6.2887482233 6.3159659279 6.3401587389 6.3443601528 6.3682261149 6.3821143438 6.5113460218 6.5544067597 6.5656812461 6.593684588 6.6083362573 6.6402531169 6.665941385 6.7236181447 6.7767883309 6.846395011 7.0393558912 7.0703744704 7.0938404219 7.1059806029 7.136311375 7.3632824051 7.3832844971 7.3878905604 7.4107062939 7.4804726613 7.5225150073 7.61911219 7.6412686865 7.680982187 7.7243334797 8.6941438989 8.888572864 8.9780969932 8.9959864323 9.1716297434 9.1887029133 9.4062820845 9.4281986725 9.5076844071 9.5547657702 9.5739377987 9.9202537085 9.943129835 10.2800160787 10.2964314278 11.7659064573 16.2477319661 16.660240856 16.7445145282 16.7814654268 16.8072760803 16.8186223712 16.8674963734 16.9246681503 16.9835297106 17.0204527627 17.1646549022 17.2655934706 17.2760771822 17.3961702374 17.4820241814 17.5098280011 17.5454146847 17.5709793577 17.6126051723 17.6268520673 17.7323800567 17.786705803 17.8562041811 17.9080725017 17.9515072784 18.032394687 18.1525123418 18.1994736979 18.2948634907 18.4493740681 18.4787445396 18.5263420177 19.5232577011 19.5641250493 19.5908051041 19.608549862 19.6397462129 19.7200260486 19.8258165653 20.1670433586 21.3898465447 21.4214599806 21.4850640664 21.4939264568 21.6204786625 21.653923119 21.9552645135 21.96353985
500 0.3622883828 0.4129286464 0.6184463212 3.3314428613 3.4950587807 3.5364954105 3.6198399297 3.6271759163 3.7222716655 3.8016092994 3.8275429293 3.828502804 3.8585243705 3.8685987838 3.9173629124 4.1843287051 4.206613562 4.3580046132 4.3813953103 4.4662454791 4.4710557675 4.4749319803 4.4845810065 4.5146386818 4.5296888926 4.5659671765 4.5865440437 4.5987328449 4.61066921 4.7153478435 4.7409530656 4.7532658383 4.7590188445 5.0472778647 5.058107849 5.3582373375 5.4077598645 5.4528064861 5.4862750949 5.5189970596 5.5667655366 5.5755793439 5.5850049108 5.7067883972 5.7115149167 5.7150575189 5.7518109152 5.8121166275 5.8228047379 6.2876982838 6.3131513049 6.3467473544 6.350980703 6.3651049953 6.3936117782 6.5088708857 6.5517552775 6.5652978955 6.5933118014 6.6007481832 6.6405907759 6.6662721239 6.7278689487 6.7754074295 6.8452533143 7.0462570315 7.0766115831 7.095929859 7.1056654537 7.1354846836 7.3611979877 7.3859246942 7.3890532057 7.4157231151 7.4762367043 7.5187007059 7.6186650987 7.6407759484 7.6819237112 7.7260239001 8.6964733629 8.9140931928 8.9751485587 8.9931044073 9.1641406559 9.1811341087 9.4028493826 9.424734563 9.4727440031 9.557392629 9.5766095079 9.9222019664 9.9450731845 10.2842577292 10.3006615435 11.7736249902 16.2430884115 16.6595053186 16.7438164473 16.7807058599 16.807897672 16.8177629922 16.8678458535 16.9253004007 16.9841928128 17.0171612515 17.1628903093 17.2742755161 17.2750431176 17.3967589282 17.4786170107 17.5104155596 17.544685811 17.5703314857 17.6118223327 17.6260639384 17.7329571235 17.7874711956 17.8581220484 17.9100401688 17.9505617224 18.0317241849 18.1535180259 18.2003985907 18.2952335161 18.4501696889 18.4783565822 18.5259747506 19.5231200054 19.5639102503 19.5909993358 19.6087665337 19.6396186987 19.7243562406 19.8205229314 20.1680881406 21.3887614622 21.4207727931 21.4832217081 21.4916024612 21.6216306229 21.6544450441 21.957256945 21.9657793537
501 0.3220385223 0.3672273197 0.550025489 3.3608745883 3.5193123345 3.5362108431 3.6202695657 3.6268705422 3.722784038 3.8010264196 3.8029040608 3.8267748031 3.8516482139 3.8573419723 3.9168600561 4.1836320851 4.2058664081 4.358717637 4.3821586735 4.4664746535 4.4729903277 4.4751679312 4.4850356001 4.5173180061 4.5303452706 4.5599561368 4.5872620302 4.5921488158 4.611223386 4.7360499199 4.7371190024 4.7508317987 4.7602977898 5.040340357 5.0500569471 5.3574242136 5.407095054 5.4589093744 5.491625174 5.5175765725 5.5658529365 5.5752796768 5.5837518867 5.704779126 5.711133374 5.7131476137 5.7512367229 5.8156909377 5.8261586804 6.2867582279 6.310620754 6.3526981734 6.3570100649 6.3622877384 6.4047468849 6.5066755811 6.5494003533 6.5649536643 6.5929770629 6.5931314422 6.6408938552 6.6665687795 6.7319043844 6.7739420712 6.8442280399 7.0525938695 7.0823248616 7.0978991068 7.1053826695 7.1346473838 7.3593173756 7.3841545826 7.3942583728 7.4202289316 7.4722905226 7.515158569 7.6182591638 7.6403292488 7.6827558717 7.7275505699 8.6985694366 8.9403323715 8.972502195 8.9905187019 9.1573851674 9.1743050644 9.3997549384 9.4216113164 9.4380746543 9.5597486354 9.5790059216 9.9239475706 9.9468143462 10.2880586662 10.3044524519 11.7805482211 16.2389159543 16.658844534 16.7431890834 16.7800236813 16.8084568228 16.816987712 16.8681597933 16.9258672739 16.9847865793 17.0142039914 17.1613017997 17.2726550452 17.2839427097 17.3972855212 17.4751197995 17.5109404025 17.5440338926 17.5697498874 17.6111241237 17.6253565613 17.7334757596 17.7881579814 17.8598473154 17.9118082714 17.949712804 18.0311236383 18.1544208174 18.2012294767 18.2955956137 18.4508727202 18.4780159257 18.525632874 19.5229975917 19.5637174966 19.59117764 19.6089609834 19.6394918751 19.7287214205 19.8153019341 20.1690242739 21.3877880173 21.4201517563 21.4815650255 21.4895165191 21.6226646365 21.6549198104 21.9590461404 21.967788774
502 0.2817568789 0.3214866884 0.481499432 3.3900805711 3.535951742 3.5431677721 3.6206503427 3.6266010676 3.723238005 3.7770805582 3.8005107446 3.8259976149 3.8343041816 3.8562681432 3.916402623 4.1830158664 4.2052054456 4.3593488837 4.3828340949 4.4666798618 4.4747980062 4.4755894469 4.4854444623 4.5202045868 4.5309312597 4.5543249797 4.5857671464 4.5879030801 4.6117519177 4.733744667 4.7482907332 4.7564529952 4.7619149842 5.0224805678 5.0525108599 5.3567044052 5.4065074269 5.4647162617 5.4965022445 5.5159199269 5.5650454771 5.5748837147 5.5826412268 5.7029995677 5.7107515826 5.7114833234 5.7507079667 5.8188321242 5.8290981886 6.2859287338 6.3083784204 6.35798102 6.3597630226 6.3624514982 6.4154444764 6.5047540506 6.5473365288 6.5646489598 6.5855476256 6.5926807674 6.6411619786 6.6668311081 6.7357269107 6.7723886783 6.8433204247 7.0583220129 7.0874770012 7.0997333693 7.1051331074 7.1338129113 7.3576470345 7.3825841562 7.3988848288 7.424217649 7.4686765669 7.5119247118 7.6178963276 7.6399305083 7.6834815542 7.7289091636 8.7004281866 8.9672675418 8.9701607521 8.9882318297 9.1513808498 9.1682340477 9.3970061034 9.4037002044 9.4188366109 9.5618319041 9.5811250636 9.9254897109 9.9483525264 10.291416963 10.3078021343 11.7866705245 16.2352203877 16.6582593916 16.7426333668 16.7794197399 16.8089531866 16.8162980692 16.8684376824 16.926368377 16.9853108488 17.0115850558 17.1598925807 17.2712176468 17.2922179093 17.3977500762 17.4716088306 17.5114028234 17.5434588887 17.5692351632 17.6105098027 17.6247306687 17.7339352 17.788765509 17.8613769325 17.9133742939 17.948961439 18.0305932655 18.1552197299 18.2019652464 18.2959401415 18.4514850564 18.4777213885 18.5253204869 19.5228902115 19.5635469759 19.5913386257 19.6091330169 19.6393701737 19.7330989125 19.8101738655 20.1698513136 21.3869270691 21.4195988162 21.480096991 21.4876708121 21.6235796046 21.6553447295 21.9606299249 21.9695662321
503 0.2414419663 0.2757159521 0.4128812951 3.4190541083 3.5357362951 3.566604056 3.6209816337 3.6263675054 3.7236328664 3.7510388021 3.8000618376 3.816051034 3.8257462382 3.8553154587 3.9159955559 4.1824806143 4.2046313135 4.3598975626 4.3834208774 4.4668600041 4.4753568499 4.4772771804 4.4858047198 4.5232967139 4.5314467516 4.5491219651 4.5796230303 4.588462419 4.6122227198 4.730827072 4.7460139495 4.7631847874 4.7768607232 5.0045189637 5.0546389438 5.3560788249 5.4059974043 5.4702267204 5.5008706875 5.5140208129 5.5643439948 5.5744178152 5.5816748089 5.7014522318 5.7098974299 5.7105455625 5.7502326553 5.821544884 5.8316305789 6.2852100445 6.306427823 6.3575639711 6.362631659 6.367194867 6.4256106489 6.5031007331 6.5455587784 6.564384144 6.5780859544 6.5924232646 6.6413948611 6.6670588947 6.7393382374 6.7707447614 6.8425315691 7.0633974678 7.092031533 7.1014133088 7.1049183168 7.1329986244 7.3561914103 7.3812166683 7.4029200859 7.4276842223 7.4654371078 7.509034581 7.6175783192 7.6395814346 7.6841035912 7.7300956402 8.702046139 8.9681263964 8.9862441825 8.9948769968 9.1461435901 9.1629375864 9.3696445533 9.3946100244 9.4164173641 9.5636407717 9.5829651881 9.9268276736 9.949687026 10.2943309203 10.310708807 11.7919868791 16.232006885 16.6577506767 16.7421501134 16.7788947887 16.809386435 16.8156954003 16.8686791298 16.9268033638 16.9857654828 17.0093080367 17.1586654906 17.2699663929 17.2997775543 17.3981526366 17.4681757707 17.5118030788 17.5429607403 17.568787867 17.6099787147 17.6241869093 17.7343347659 17.7892932024 17.8627081879 17.9147360141 17.9483084601 18.0301332532 18.1559138913 18.2026049166 18.2962581946 18.4520088873 18.4774714528 18.5250413881 19.5227976371 19.563398854 19.5914810021 19.6092824621 19.6392573791 19.73745667 19.8051688646 20.1705688683 21.3861793765 21.4191157515 21.4788201018 21.4860672716 21.6243745546 21.655717487 21.9620063857 21.971110067
504 0.2010889875 0.2299268867 0.3441840812 3.4477843123 3.5355512637 3.58963006 3.6212628957 3.6261698647 3.723967978 3.7247896522 3.7977339054 3.7997106154 3.8251635417 3.8544928554 3.9156432745 4.1820268314 4.204144567 4.3603629883 4.3839184152 4.4670141097 4.4755337307 4.4793060152 4.4861137993 4.5265855119 4.5318962374 4.5444095056 4.5737312409 4.5889378304 4.6126264846 4.7283634517 4.7440659572 4.7644484611 4.7968604256 4.9864461599 5.0564406215 5.3555482381 5.4055653237 5.4754408533 5.5046890624 5.5118736232 5.5637492128 5.573914845 5.580854271 5.7001392751 5.7086813193 5.710231749 5.7498179181 5.8238333231 5.8337622772 6.2846021858 6.3047720144 6.3557081882 6.3665694394 6.3712659669 6.4351110158 6.5017106424 6.5440625863 6.564159532 6.5708779387 6.5922048592 6.6415922749 6.6672519529 6.7427378976 6.769010274 6.8418624333 7.0677777911 7.0959537425 7.1029113812 7.1047434096 7.1322266066 7.354954024 7.3800548859 7.4063533575 7.4306244219 7.4626130734 7.5065220333 7.6173066489 7.6392835174 7.6846246774 7.7311063161 8.7034202807 8.9664015445 8.9845611288 9.0231321571 9.1416874571 9.1584303263 9.3359332697 9.3925720896 9.4143596823 9.5651737956 9.5845247815 9.9279608403 9.9508172401 10.296799066 10.3131709227 11.7964928884 16.229279977 16.6573190709 16.7417400266 16.7784494829 16.809756175 16.8151809424 16.8688838382 16.9271719351 16.986150364 17.0073760481 17.1576229951 17.2689036439 17.306514138 17.3984932328 17.4649290182 17.5121413889 17.5425393804 17.5684084969 17.6095302919 17.6237258471 17.7346738664 17.7897405613 17.8638387115 17.9158915046 17.9477546113 18.0297437582 18.1565025442 18.2031476319 18.2965417425 18.4524465838 18.4772643658 18.5247990152 19.5227196651 19.5632732753 19.591603599 19.6094091695 19.6391566893 19.7417458726 19.8003342372 20.1711766 21.3855455977 21.4187041561 21.4777364236 21.4847075762 21.6250486413 21.6560361189 21.9631738697 21.9724188364
505 0.1606860012 0.1841367476 0.2754205475 3.4762509061 3.5353995575 3.6122351478 3.6214937132 3.6260081517 3.6983531734 3.7242429306 3.77895618 3.7993775928 3.8247444019 3.8538084255 3.9153496203 4.1816549512 4.2037456765 4.3607445813 4.3843261945 4.467141347 4.4756587283 4.481264961 4.4863694228 4.530020051 4.5323205883 4.5402714889 4.5681065587 4.5893280364 4.6129594127 4.7263513425 4.7424672988 4.7654821726 4.8166510307 4.9682535417 5.0579154003 5.355113278 5.4052114556 5.4803591387 5.5079038645 5.5094803051 5.563261742 5.5734138005 5.580181007 5.6990625262 5.7076621707 5.7099897108 5.7494699253 5.825700929 5.8354987828 6.2841050809 6.3034136089 6.354180793 6.3698116564 6.3746302263 6.443747912 6.5005794369 6.5428440131 6.5639753879 6.5641191594 6.5920258096 6.6417540363 6.6674101249 6.745920024 6.7671907692 6.8413138348 7.0714234294 7.0992116912 7.104143629 7.1046647751 7.1315241638 7.3539377534 7.3791011422 7.4091753884 7.4330347405 7.4602427016 7.5044183089 7.6170826033 7.6390380249 7.6850472821 7.7319379354 8.7045480604 8.9649878676 8.9831815261 9.0520098589 9.1380245796 9.1547249002 9.3025921554 9.3908976203 9.4126688152 9.5664297545 9.5858025618 9.9288886885 9.9517426571 10.298820155 10.3151871707 11.8001847998 16.2270435322 16.6569651509 16.7414036986 16.7780843792 16.8100618119 16.8147559847 16.8690515845 16.9274738377 16.9864653952 17.0057917274 17.1567671853 17.2680313962 17.3123040819 17.3987718849 17.461993018 17.5124179386 17.5421947415 17.5680974876 17.6091640544 17.6233479601 17.7349519997 17.7901071617 17.8647664806 17.9168391334 17.9473005402 18.0294249102 18.1569850468 18.2035926661 18.2967837554 18.4528005552 18.4770982693 18.5245963871 19.5226561187 19.563170362 19.5917053863 19.6095130124 19.6390707593 19.7458867722 19.7957485441 20.171674223 21.3850262904 21.41836542 21.4768476308 21.4835931501 21.6256011477 21.6562989932 21.9641309815 21.9734913179
506 0.1202033783 0.1383760192 0.2066028788 3.5044088414 3.5352814431 3.6216733819 3.6258823699 3.6344030761 3.6717744632 3.7244571808 3.7597341242 3.799134681 3.824425391 3.8532689334 3.915117807 4.1813653332 4.2034350277 4.3610418675 4.384643794 4.4672410289 4.4757522695 4.4830251448 4.486569565 4.5323083785 4.5339871785 4.536818728 4.5627761715 4.5896322219 4.6132196174 4.724788644 4.7412234395 4.766290068 4.8362188584 4.9499350771 5.0590628746 5.3547744546 5.4049360127 5.4849820027 5.5068010288 5.5105011294 5.5628820813 5.5729580405 5.5796561627 5.6982234874 5.7068652253 5.7097998155 5.7491938205 5.8271505569 5.8368446376 6.2837186135 6.3023547768 6.3529883506 6.3723455181 6.3772672118 6.4512318065 6.4997034801 6.5418997543 6.5580975588 6.5638319425 6.5918863281 6.641879999 6.6675332816 6.7488648334 6.7653058576 6.840886446 7.0742991814 7.1017772865 7.1044043636 7.105355795 7.1309234308 7.3531449225 7.3783573491 7.4113784732 7.4349123452 7.4583600757 7.5027509526 7.616907241 7.6388459994 7.6853735645 7.7325877348 8.7054273896 8.9638868286 8.9821071866 9.0814814847 9.1351650379 9.1518318122 9.2696492158 9.3895908211 9.4113491154 9.5674076488 9.5867974798 9.929610791 9.952462859 10.3003931689 10.3167564776 11.8030595202 16.22530074 16.6566893895 16.7411416122 16.7777999343 16.810302371 16.8144220576 16.8691822044 16.927708865 16.9867104985 17.0045572346 17.1560997749 17.2673512843 17.3170122327 17.3989886058 17.4595037061 17.5126328782 17.5419267613 17.5678552035 17.6088796097 17.6230536405 17.735168754 17.7903926561 17.8654898269 17.9175775644 17.9469467911 18.0291768126 18.157360873 18.2039394235 18.296978317 18.4530730868 18.4769713492 18.5244360519 19.5226068503 19.5630902143 19.5917854926 19.6095938871 19.6390017317 19.7497411633 19.7915490806 20.1720615045 21.3846219109 21.4181007104 21.4761550417 21.4827251607 21.6260314858 21.6565047939 21.9648765813 21.9743265102
507 0.0795583154 0.0927126521 0.1377413687 3.5321286404 3.5351970226 3.6218020187 3.6257925164 3.6451822211 3.6560885286 3.7246103918 3.740147278 3.7989614764 3.8241991233 3.8528797187 3.9149503791 4.1811582598 4.203212921 4.361254478 4.3848708856 4.4673126171 4.4758181638 4.4844477512 4.4867123688 4.5326251987 4.5341880341 4.5376509846 4.5578122129 4.5898498442 4.6134060533 4.7236736697 4.7403354173 4.7668691646 4.8555547256 4.9314943417 5.0598827268 5.3545321601 5.4047391556 5.4893081678 5.5038807837 5.5123852611 5.5626106184 5.572591584 5.5792806326 5.6976233322 5.7062945209 5.7096624429 5.748993664 5.8281844251 5.8378034016 6.2834426654 6.3015972293 6.3521343304 6.374161965 6.3791615784 6.4571581618 6.4990798903 6.541227189 6.5532165131 6.563729356 6.59178658 6.6419700512 6.6676213225 6.751511536 6.7634162478 6.8405807919 7.0763756836 7.1036272985 7.1043414746 7.1061337082 7.1304592242 7.3525773306 7.3778249985 7.412956522 7.4362550487 7.456993646 7.5015427502 7.616781389 7.6387082548 7.6856052959 7.733053501 8.7060566432 8.9630995623 8.9813391093 9.111512986 9.1331167729 9.1497593393 9.2371383448 9.3886550041 9.4104040047 9.5681067006 9.587508719 9.9301268156 9.9529775209 10.3015173158 10.3178780081 11.8051146297 16.224054096 16.6564921542 16.7409541413 16.7775965044 16.8104763669 16.8141810713 16.8692755811 16.9278768562 16.9868856143 17.0036742515 17.1556220987 17.2668645805 17.3205021827 17.3991434028 17.4575981443 17.5127863239 17.5417353871 17.5676819336 17.6086766528 17.6228431938 17.7353238083 17.7905967742 17.8660074432 17.9181057581 17.9466937969 18.0289995445 18.1576296132 18.2041874398 18.2971207204 18.4532661736 18.4768819903 18.5243200421 19.5225717431 19.5630329101 19.5918432212 19.6096517125 19.6389512566 19.7530623387 19.7879818822 20.1723382632 21.3843328146 21.4179109557 21.4756596482 21.4821045177 21.6263391978 21.6566525095 21.9654097841 21.9749236335
508 0.0384526177 0.0473338095 0.0688353094 3.5351463505 3.5588192109 3.6191666088 3.6218815038 3.6257386803 3.6770781207 3.7204133799 3.7247031505 3.7988575726 3.8240637406 3.8526446366 3.9148491786 4.1810339341 4.203079571 4.3613821497 4.3850072345 4.4673557251 4.4758574816 4.4853855202 4.4867964086 4.5325273587 4.5327642213 4.541244454 4.5534892532 4.5899805506 4.6135181228 4.7230051865 4.7398029322 4.7672173717 4.8745947291 4.9129923924 5.0603747295 5.3543866726 5.4046209968 5.4933234447 5.5007089608 5.5135364131 5.5624476301 5.572353413 5.5790550577 5.6972629018 5.7059516158 5.7095792194 5.7488723882 5.8288041146 5.8383776326 6.283277139 6.3011422024 6.3516210225 6.375254477 6.3803025006 6.4610292759 6.4987065801 6.5408244173 6.5499729051 6.563667755 6.5917266837 6.642024114 6.6676741757 6.7536543775 6.7617276655 6.8403972487 7.0776307938 7.1042956261 7.104744734 7.106624604 7.130164408 7.3522362617 7.3775051595 7.4139051293 7.4370612933 7.4561648675 7.5008107674 7.6167056402 7.6386253744 7.685743793 7.7333336174 8.7064346599 8.9626268788 8.9808779876 9.1318854978 9.1420367344 9.1485134591 9.2051270411 9.3880925546 9.4098359472 9.568526354 9.5879356959 9.9304365252 9.9532864108 10.3021920301 10.3185511653 11.806348392 16.223305391 16.6563737079 16.7408415524 16.7774743443 16.8105819251 16.8140351999 16.8693316367 16.9279776968 16.9869907005 17.0031439803 17.1553351109 17.2665721944 17.3226530697 17.3992362798 17.4563976868 17.5128783584 17.5416205791 17.5675778871 17.6085549657 17.6227168383 17.7354169329 17.7907193224 17.8663183903 17.9184229715 17.9465418728 18.0288931617 18.1577909746 18.2043363825 18.2972075465 18.4533813673 18.4768289197 18.5242498366 19.5225507128 19.5629985053 19.5918780646 19.6096864309 19.638920505 19.7554334815 19.7854633048 20.1725043701 21.3841592552 21.4177968299 21.4753621411 21.4817318714 21.6265239561 21.6567414237 21.9657299582 21.9752821306
509 -0.0037178193 -0.0032623949 -1.424e-07 3.5351294567 3.5769052574 3.6013078803 3.6219056497 3.6257206751 3.6928675843 3.7050428831 3.7247334628 3.7988229372 3.8240186597 3.8525660162 3.9148153207 4.1809924786 4.2030351066 4.3614247245 4.3850526998 4.4673701203 4.4758705611 4.4857152923 4.4868232567 4.531957803 4.5328084231 4.5432363463 4.5512562816 4.5900241411 4.613555512 4.7227824428 4.7396255043 4.767333559 4.8905432402 4.8972233864 5.0605387457 5.3543381584 5.4045816032 5.4964469775 5.4978666788 5.5139236839 5.5623932822 5.5722707501 5.5789798233 5.697142702 5.70583724 5.709551338 5.7488317652 5.8290105727 5.8385688713 6.2832219708 6.3009904434 6.3514497714 6.3756190912 6.3806835233 6.4623848765 6.4985822846 6.5406902886 6.5488265261 6.5636472131 6.5917067104 6.6420421401 6.6676917982 6.7546137738 6.7609196888 6.8403360424 7.0780507248 7.1042799727 7.1051182833 7.1067917364 7.1300631459 7.3521224864 7.377398475 7.4142216292 7.4373301453 7.4558870962 7.5005655789 7.6166803509 7.6385977086 7.6857898673 7.7334270997 8.7065607429 8.9624692637 8.9807242347 9.1314746947 9.1480977458 9.1700842944 9.1765836516 9.3879049111 9.4096464291 9.5686662755 9.5880780604 9.9305397776 9.9533893895 10.3024169726 10.3187755908 11.8067597623 16.2230557027 16.6563342083 16.740804005 16.7774336073 16.8106173459 16.8139863216 16.8693503268 16.928011318 16.987025732 17.002967143 17.1552393846 17.2664746716 17.3233802337 17.3992672386 17.4559872981 17.512909031 17.5415823126 17.5675431907 17.6085144179 17.6226747052 17.7354479898 17.7907601847 17.8664221023 17.9185287588 17.94649121 18.028857697 18.1578447812 18.2043860523 18.2972367204 18.4534196527 18.4768113229 18.5242263343 19.5225437084 19.5629870333 19.5918897136 19.6096980076 19.6389101768 19.7563184189 19.7845292521 20.1725597476 21.3841013851 21.4177587422 21.4752629273 21.4816076125 21.6265855641 21.6567711091 21.965836725 21.9754016668
