0 -0.0003376921 -0.000323996 -0.0002399693 3.5608561106 3.5951951755 3.6075832116 3.7204340569 3.819184296 4.0083865575 4.0251634314 4.0500161175 4.1143409819 4.2107927467 4.2543439971 4.4662783326 4.5827723031 4.6348158542 4.6714314262 4.776165986 4.8068135016 5.0832720229 5.2385821826 5.2885013569 5.3091035067 5.3262386839 5.3447339396 5.4669820103 5.4837140689 5.49235493 5.504174316 5.6135587462 5.6230691095 5.7076349432 5.7578156796 5.7791392929 6.053538897 6.0777613997 6.0834135677 6.1085847251 6.1485338443 6.1704835898 6.2065979967 6.210406687 6.2877929985 6.4136133435 6.4630417593 6.4848689756 6.4930252988 6.5171761362 6.5556876001 6.6214537959 6.6340910587 6.6464840607 6.6894044537 6.7679997282 6.8239696206 6.8471630578 6.9188700435 7.0556358163 7.0709035861 7.1077177331 7.1279709531 7.143304752 7.1449936748 7.1796860423 7.299488822 7.3725811837 7.5053165535 7.6174263744 7.6334791614 7.7275106036 7.732351857 7.7779748113 7.8192156982 7.8371235569 7.8383736792 7.9141671491 8.1505451123 8.20478869 8.314055405 8.3185875248 8.3899503033 8.5175158595 8.5395017374 8.5427900893 8.66703718 8.6979568023 8.7021558081 8.8023703495 8.8747979488 8.9231619002 9.1420061343 9.5861625589 11.2065459266 11.4677430231 12.0125434629 15.4779509455 15.7015806036 15.8460978157 15.9098782147 16.0424818003 16.3208537736 23.9806774925 24.6589871599 24.7360450957
1 0.0392598272 0.0447708745 0.084888405 3.5615962829 3.5720364066 3.6299440873 3.7212668968 3.8188254456 4.0086511737 4.0254476998 4.0490459363 4.1098727031 4.2109685041 4.2597232322 4.4668415166 4.5826996697 4.6347273272 4.6716057055 4.7761125101 4.8069995482 5.0836080061 5.2383622741 5.2884016062 5.3088156773 5.3261324757 5.3447579089 5.4662311338 5.4796659843 5.4964001604 5.5027960588 5.6107933899 5.6260295249 5.704526921 5.7614010784 5.7808345743 6.0474075141 6.0831642911 6.0833940385 6.1086009235 6.1482012066 6.1707348176 6.2064635232 6.2105422329 6.2877756162 6.4119368284 6.4630575186 6.482471321 6.4945812877 6.5171899894 6.5553162551 6.6211085937 6.6342691538 6.646108881 6.6895280237 6.7634099349 6.8261367024 6.8515172885 6.9189375256 7.0556789928 7.0678676294 7.1069002143 7.1287777065 7.1432818841 7.1463652268 7.181789311 7.2993648264 7.37234253 7.5054369304 7.6170546078 7.6344364806 7.7244024404 7.732642163 7.7795013373 7.8209435033 7.8365658236 7.8389217488 7.9142067983 8.150541227 8.2046613335 8.3136292357 8.3191507589 8.3898562245 8.5174360177 8.539390872 8.5427132242 8.667061201 8.6977889372 8.7019126676 8.8024033215 8.8749884313 8.9231564155 9.1419265749 9.5857999865 11.2067635394 11.4677368266 12.0123074436 15.4779945329 15.7015073463 15.8460818147 15.9098776256 16.0422048705 16.3208448379 23.9806217558 24.6589042711 24.7359324509
2 0.078518717 0.0895891974 0.169728004 3.5431207885 3.563811815 3.6561868805 3.7240389313 3.8176973783 4.00944438 4.0263050152 4.0454609322 4.0992415838 4.2114957549 4.273771747 4.4685686737 4.5824817912 4.6344601279 4.6721336194 4.7759520668 4.8075570726 5.0846132268 5.2377081265 5.2880977501 5.3079065408 5.3258065976 5.3448738629 5.4637310535 5.4732100187 5.4992669671 5.5028025053 5.604625469 5.6326481516 5.6971307507 5.7702661899 5.7857038913 6.0353485167 6.083336556 6.0929803002 6.1086500251 6.14728891 6.171415837 6.206080355 6.2109492352 6.2877257985 6.4069126467 6.46310326 6.4771456202 6.4974528568 6.5172273329 6.5542079791 6.6201251498 6.6347477928 6.6450119624 6.6899044068 6.7535655139 6.8281123484 6.8651057135 6.9191386203 7.0558057387 7.0596063669 7.1048945433 7.1313143446 7.1432129815 7.1491957877 7.1879771483 7.2989917406 7.3716286538 7.5057954528 7.6162269939 7.6370213819 7.7163187065 7.7335125505 7.7829784083 7.8259885509 7.8356348425 7.8398252375 7.9143274339 8.1505270251 8.2042808576 8.3127139819 8.3204763127 8.3895739973 8.5171965644 8.5390587508 8.5424826835 8.6671330493 8.6972608322 8.7012155045 8.8025023292 8.8755533395 8.9231398767 9.1416880729 9.5847132772 11.2074157328 11.4677182599 12.0115997416 15.4781251161 15.7012880121 15.8460338775 15.9098758578 16.0413750329 16.3208180668 23.9804547654 24.6586559653 24.7355949213
3 0.1177708986 0.1343884733 0.2545269672 3.5135451588 3.5674873857 3.6800858247 3.7298618775 3.8156385827 4.0107641075 4.0277493492 4.0372924727 4.0882437615 4.2123744541 4.2926958496 4.4715758339 4.5821187349 4.6340100922 4.6730301937 4.7756846108 4.8084842286 5.0862794528 5.2366357244 5.2875760169 5.3062573982 5.3252379796 5.3451967944 5.458857122 5.4666685506 5.4950381921 5.5091019502 5.596241004 5.6414776089 5.6882129156 5.7817557596 5.7932050919 6.0215480918 6.0832444538 6.1028302338 6.1087335457 6.1460199186 6.1723603063 6.2055075939 6.2116285926 6.2876506763 6.3985579112 6.4631742838 6.4702228698 6.5005102335 6.517309256 6.5523795921 6.6186143525 6.6354076913 6.6432867436 6.6905488571 6.7432633242 6.827725822 6.885050512 6.9194694054 7.0477943064 7.0560077929 7.1025614219 7.1353158173 7.1430971688 7.1518983275 7.1975796466 7.2983663294 7.370446154 7.5063845324 7.6154427433 7.6407358255 7.7052841435 7.7349613317 7.7868757695 7.8338560484 7.8346384791 7.8407808412 7.9145341287 8.1504948146 8.2036521286 8.3117007232 8.3221704273 8.3891036517 8.5167977182 8.5385068007 8.5420986322 8.6672520839 8.6962931505 8.700166309 8.8026676451 8.8764736349 8.923112031 9.1412911626 9.5829054461 11.2085005803 11.4676873922 12.0104214247 15.4783421587 15.7009239135 15.8459542016 15.9098729104 16.0399951386 16.3207735688 23.9801771805 24.6582433234 24.7350337207
4 0.1570136418 0.1791734467 0.3392579939 3.4835455347 3.5725960769 3.6988947397 3.7412161297 3.8123580935 4.0126064417 4.0231235761 4.0298054707 4.0812462254 4.2136045947 4.3136152758 4.4760643875 4.5816106238 4.6333724503 4.6743200335 4.7753100729 4.8097779414 5.0885928072 5.2351694753 5.2868135432 5.3037262216 5.3243836531 5.3458655334 5.4511217127 5.4603781639 5.4914610084 5.5147274885 5.5861456643 5.6518422522 5.6793711427 5.7944566304 5.802687355 6.0069296613 6.0831233432 6.1088539942 6.1113967494 6.1447107946 6.1734121825 6.204834651 6.2125811519 6.2875626156 6.3869522696 6.4622913971 6.4632624485 6.5034235679 6.5175567208 6.5498577986 6.6166770355 6.636140229 6.6410997326 6.6914813946 6.7344940094 6.8258703011 6.9079911951 6.919923767 7.0338257668 7.0562716844 7.1005051413 7.1402633781 7.1429330579 7.1541493257 7.2094694915 7.297483404 7.3688071253 7.5071923327 7.6150530308 7.6452282385 7.692601388 7.7369856075 7.7906651083 7.8336156487 7.8417574699 7.8437711064 7.9148353674 8.1504315955 8.2027835431 8.3107346222 8.32408349 8.3884452467 8.5162398505 8.5377374104 8.5415613523 8.6674172461 8.6947634453 8.6989234251 8.8028997156 8.8777193982 8.9230724588 9.1407367539 9.5803814926 11.2100148986 11.467644338 12.0087742738 15.4786447689 15.7004172336 15.8458431148 15.9098687819 16.038069926 16.3207115242 23.9797900965 24.657668141 24.7342508672
5 0.1962439485 0.2239420587 0.4238973442 3.4532023215 3.5790966318 3.7110351619 3.7595557559 3.8074112292 4.0047652233 4.0149649495 4.032511177 4.0783925016 4.2151863168 4.3347053441 4.4823208855 4.5809576522 4.6325447062 4.6760374334 4.774828369 4.8114339121 5.0915335069 5.2333396446 5.2857783171 5.3002084611 5.3231734801 5.3469843498 5.4407621459 5.4544456914 5.4889640892 5.5192459644 5.5749122642 5.6631697717 5.671524499 5.8076922344 5.8135543997 5.9918112126 6.0829811717 6.109014841 6.117686532 6.1437576504 6.1745211293 6.2041559 6.213806736 6.2874799379 6.372385673 6.4538779918 6.4633556711 6.5058141292 6.5182567048 6.5466777707 6.6143799513 6.6368787395 6.6386722722 6.6927203021 6.7277632332 6.8230465986 6.9204939727 6.9322114928 7.0185895166 7.0565791637 7.0990446506 7.1427188448 7.145744673 7.1562037809 7.2226569793 7.2963361133 7.3667306564 7.5082040272 7.6152548076 7.6502963345 7.6789470975 7.7395811638 7.7944137842 7.8325780564 7.8427548552 7.8549887862 7.91524309 8.150318798 8.2016874482 8.3098661342 8.3261588451 8.3875988839 8.5155234963 8.5367539433 8.5408712532 8.6676270731 8.69259145 8.6976138523 8.8031991487 8.8792521688 8.9230205769 9.1400261606 9.5771483622 11.2119542887 11.4675892576 12.0066607831 15.4790317029 15.6997710205 15.8457010737 15.9098634706 16.035606 16.320632184 23.9792950409 24.6569329219 24.7332491764
6 0.2354588016 0.2686911534 0.5084220464 3.422559557 3.5869277813 3.7191150313 3.782168189 3.8001954352 3.9852931668 4.0178298571 4.035920328 4.0780601597 4.2171200734 4.3547397898 4.4906845154 4.5801601087 4.6315302492 4.6782278646 4.7742394131 4.8134466255 5.0950754358 5.2311799311 5.2844286124 5.2956768662 5.3214992173 5.3485834599 5.4285483242 5.4489097461 5.4872038879 5.522234517 5.5631495639 5.6653290222 5.6750139754 5.8210511169 5.8253266736 5.9764044622 6.0828282588 6.1092204577 6.1207018126 6.1434216618 6.175803948 6.2035194959 6.2153027996 6.2874279192 6.3555328545 6.445392531 6.4634371582 6.5072465821 6.5197758969 6.5428819951 6.6117631532 6.6362316664 6.6375978886 6.6942758329 6.722951382 6.8194596416 6.9211713636 6.9567110153 7.0026609724 7.0569077816 7.0983957691 7.1424524295 7.1513416052 7.1584817179 7.2364953442 7.2949163228 7.3642447211 7.509403562 7.6161532051 7.6558203407 7.6646783086 7.7427423318 7.7983030022 7.8315335994 7.8437806582 7.8669694551 7.915772748 8.1501319419 8.2003807011 8.3091151314 8.3283686983 8.3865647283 8.5146493699 8.5355607564 8.5400288869 8.6678797186 8.6898107862 8.6962587907 8.803566698 8.8810275982 8.9229556432 9.1391611386 9.5732148945 11.2143131914 11.4675223565 12.0040841621 15.4795013697 15.6989891784 15.8455286618 15.9098569751 16.0326118038 16.3205358695 23.9786939674 24.6560408666 24.7320322517
7 0.274655207 0.3134173012 0.592809536 3.3916463829 3.5959960415 3.725846446 3.7900214745 3.8062319777 3.9670046528 4.0211873381 4.0401063408 4.079170785 4.2194068717 4.3728575086 4.5014459904 4.5792184064 4.6303430194 4.6809518244 4.7735431327 4.8158093666 5.0991854766 5.2287256846 5.2827111407 5.2901835799 5.3192001629 5.3506139814 5.4152696551 5.4437730097 5.4855945002 5.5233325041 5.5515116482 5.6612799279 5.6870467172 5.8341479783 5.8376399013 5.9609722335 6.0826772626 6.1094760166 6.1200286367 6.1432002541 6.1774679793 6.2028646071 6.2170627519 6.2874400308 6.3375427006 6.4370623464 6.4634843003 6.5075967152 6.5221873673 6.5385197176 6.6088540203 6.6339613714 6.6383040053 6.6961459114 6.7196991369 6.8152182152 6.9219470829 6.9794868152 6.9876677733 7.0572315898 7.0987925812 7.1421315435 7.1561763187 7.161867547 7.2505936395 7.2932150593 7.3613884543 7.5107757618 7.61779671 7.6499979435 7.6617228477 7.7464618342 7.8024740384 7.8304905578 7.8448469695 7.879366924 7.9164433724 8.1498402736 8.1988853127 8.3084899135 8.3306951394 8.3853430383 8.513618386 8.5341632205 8.5390349675 8.6681729768 8.6865153274 8.6948245761 8.8040032411 8.8829980358 8.9228767615 9.138143934 9.5685917593 11.2170849566 11.4674438844 12.0010483366 15.4800518369 15.6980764569 15.8453265864 15.9098492947 16.0290975822 16.32042297 23.977989248 24.6549958593 24.7306044719
8 0.3138302085 0.3581170127 0.6770375985 3.3604840864 3.6061472576 3.73240004 3.7763270027 3.8304520181 3.9513773093 4.0250193637 4.0451653463 4.0812111633 4.222048613 4.388558805 4.5146714285 4.578133121 4.6290147498 4.684292014 4.7727394884 4.8185142485 5.1038224699 5.2260129606 5.2805563398 5.2838371117 5.3160488974 5.3529646542 5.4015684094 5.4390164655 5.4834838108 5.5223544051 5.5407630146 5.6596633497 5.6990264892 5.8464024278 5.8502215131 5.9460071587 6.0825430253 6.1097873292 6.1158400149 6.142072641 6.1794670376 6.2020187303 6.2190740446 6.2875593241 6.3200141651 6.4289680541 6.463467152 6.5071340985 6.5251847849 6.5336470923 6.6056790681 6.6319795619 6.6390243899 6.6983147697 6.7175940226 6.8104015185 6.922812763 6.9689048763 7.0047734381 7.0575219343 7.1005845867 7.1417538717 7.1594030425 7.1672009048 7.2647106445 7.2912229919 7.3582151182 7.5123084759 7.6201918026 7.6350311215 7.6679490925 7.7507306349 7.8070156348 7.8294588068 7.8459699817 7.8919646039 7.917277651 8.1494064962 8.1972290559 8.3079935326 8.3331238523 8.383934205 8.5124316867 8.5325677429 8.5378903964 8.6685043123 8.682796726 8.6932827717 8.8045097549 8.885114775 8.9227828889 9.136977337 9.5632913829 11.2202619234 11.4673541353 11.99755795 15.4806808378 15.6970384374 15.8450956751 15.9098404302 16.0250753374 16.3202939421 23.9771836639 24.6538024508 24.728970976
9 0.3529808976 0.4027868154 0.7610843774 3.3290892012 3.6170920142 3.7392249631 3.759022953 3.8542336604 3.939174963 4.0293046286 4.0512175878 4.0839373985 4.2250485716 4.4017645981 4.5300356405 4.5769050381 4.6276090191 4.6883646725 4.7718284955 4.8215522634 5.108935582 5.2230783229 5.2767763414 5.2778674537 5.3117505637 5.3554791496 5.3879783383 5.4346101094 5.4801599743 5.5193851893 5.5317992097 5.6604903574 5.710770065 5.8565952976 5.8628658143 5.9326543324 6.082442237 6.107866132 6.1101605978 6.1397520226 6.1811267779 6.2009091281 6.2213162331 6.2878397423 6.3048211472 6.4211154133 6.4633464234 6.5061648492 6.5283280025 6.5284348963 6.6022723732 6.6303468992 6.6397972295 6.7007543172 6.7162477993 6.8050820271 6.9237611097 6.9523050986 7.025946973 7.0577483115 7.1043519452 7.1413171527 7.1618548822 7.1736363668 7.278687975 7.2889309227 7.3547968145 7.5139943705 7.6198611733 7.6233088314 7.6744564411 7.7555378066 7.8119792695 7.8284502598 7.8471706111 7.9046240866 7.9183020167 8.1487868074 8.1954458227 8.3076262426 8.3356417015 8.3823388052 8.5110906755 8.5307817887 8.5365962925 8.668870895 8.6787309139 8.6916217532 8.8050872858 8.8873298197 8.9226728426 9.1356647421 9.5573278655 11.2238355117 11.4672534465 11.9936183646 15.4813857806 15.6958815176 15.8448368724 15.9098303843 16.0205587772 16.3201493069 23.9762803941 24.6524658392 24.7271376458
10 0.39210442 0.44742329 0.8449283989 3.2974751269 3.6281776104 3.7388791154 3.7465081817 3.877221376 3.9304824832 4.0340207455 4.0584049477 4.0872246037 4.2284120708 4.4127646076 4.546783533 4.5755352101 4.6262534247 4.6933351593 4.7708102488 4.8249133709 5.1144617051 5.2199591057 5.2691535093 5.274495982 5.3059907092 5.3579638774 5.3749548335 5.4305224682 5.4750688119 5.5147781766 5.525416677 5.6635140277 5.7221326725 5.8619621834 5.875414354 5.9236053398 6.0823928649 6.0952718227 6.1106020453 6.136740099 6.1811606742 6.200041426 6.2237594218 6.2883469312 6.2936210069 6.4134877072 6.4630709527 6.5048799643 6.5226354855 6.5317248685 6.5986810387 6.6290867167 6.6406629534 6.7034272083 6.7153133581 6.7993352298 6.9247863441 6.9356864051 7.0442119737 7.057879254 7.1109656775 7.1408192458 7.1641903939 7.1805052986 7.2863302612 7.2924087314 7.3512342608 7.5158320181 7.6045476762 7.6270853022 7.6812073519 7.7608704301 7.8173928581 7.827478969 7.8484755881 7.9172532868 7.9195467525 8.147931589 8.1935753847 8.3073865826 8.3382356805 8.3805576688 8.5095970606 8.5288139014 8.535154029 8.6692696376 8.6743813368 8.6898420542 8.805736917 8.8895971483 8.9225453094 9.1342102098 9.5507168938 11.2277963194 11.4671421974 11.9892356611 15.4821637576 15.6946128929 15.8445512344 15.9098191625 16.0155632549 16.3199896482 23.9752830032 24.6509918475 24.7251110854
11 0.4311979823 0.4920230907 0.9285486018 3.2656530702 3.6375680732 3.7182356679 3.7543337716 3.8991437727 3.9249009206 4.0391471583 4.0668817997 4.0910031517 4.2321474419 4.4220377268 4.5637868929 4.5740250251 4.6252216558 4.6994349836 4.7696849495 4.8285866518 5.1203212386 5.2166936249 5.2611280408 5.2701874636 5.2985882271 5.3601876554 5.3628159358 5.4267286929 5.4682865782 5.5090571035 5.5218284017 5.6683344369 5.7329954066 5.8586965948 5.8877420059 5.9225841605 6.0774602427 6.0824133083 6.1111173728 6.1335373359 6.1785787341 6.2003000941 6.2263637991 6.2871163798 6.2891578037 6.4060706869 6.4625747748 6.5033864395 6.5166536841 6.5349281577 6.594968225 6.6282036213 6.641657806 6.7062903944 6.7144741507 6.7932455941 6.9192805255 6.9258844811 7.0578832169 7.0584367068 7.1212139044 7.1402581579 7.1666100846 7.1876101567 7.2834134593 7.3057560905 7.3476842172 7.5178261007 7.5891360562 7.6314294779 7.6881632537 7.7667135375 7.8232694952 7.8265609272 7.8499188213 7.9210461222 7.9297879968 8.146787203 8.1916621011 8.3072719116 8.3408924026 8.3785919644 8.507952907 8.5266737204 8.5335652765 8.6696972383 8.6698025425 8.687951804 8.8064597324 8.8918735291 8.9223988551 9.1326185279 9.54347565 11.2321342267 11.4670208094 11.9844166385 15.4830115561 15.6932405362 15.844239925 15.9098067735 16.0101057029 16.3198156099 23.9741954273 24.6493868986 24.7228985989
12 0.470258857 0.5365829594 1.0119243654 3.2336326355 3.6396130811 3.7033797479 3.7627402467 3.919770888 3.9218430548 4.044667584 4.0767959319 4.0952308709 4.2362674036 4.4300722967 4.5723762891 4.5794871941 4.6251485675 4.7069692722 4.7684529343 4.8325605768 5.1264111071 5.2133203891 5.2528703356 5.2644753029 5.2897671915 5.3516122085 5.361880321 5.4232155282 5.4606010819 5.5027996504 5.5205662139 5.6745139002 5.7432577095 5.8470931323 5.8997476245 5.9291856487 6.0546697657 6.0825212681 6.111710982 6.1302580879 6.1740337533 6.201670809 6.2290813043 6.2847973527 6.2903577455 6.3988608491 6.4617742907 6.5017475848 6.5104800717 6.5379625613 6.5912141958 6.6276953191 6.6428099331 6.7092982845 6.7134247394 6.7869117015 6.9032578734 6.9270534426 7.0577294379 7.0685821986 7.1348226073 7.139632025 7.1692093962 7.1948947849 7.2801743922 7.3184960022 7.3444731287 7.5199867548 7.5736629912 7.6362255332 7.6952783238 7.773050106 7.8257135015 7.829612613 7.8515428061 7.9228385367 7.9421812485 8.1452993253 8.1897521426 8.3072786986 8.3435978238 8.3764433046 8.5061607016 8.5243719958 8.5318320522 8.6650421894 8.6701502252 8.6859641098 8.8072567775 8.8941189778 8.9222319351 9.1308952671 9.5356227202 11.2368385035 11.4668897442 11.9791688117 15.4839256712 15.6917731747 15.8439042096 15.9097932302 16.0042045588 16.3196278931 23.9730219583 24.6476579873 24.7205081653
13 0.5092843869 0.5810997359 1.0950355362 3.2014222163 3.6260651555 3.7031342444 3.7717435617 3.9207484454 3.9389188629 4.0505709281 4.0882575027 4.0998800849 4.2407910609 4.437272748 4.5705913241 4.5916244402 4.6274134146 4.7162883843 4.7671147062 4.836823477 5.1325930092 5.209874317 5.244576772 5.2565854624 5.2803539777 5.3410714905 5.3627410132 5.4199793617 5.4530051825 5.4965592525 5.5209534804 5.6816388096 5.7528332199 5.8307401527 5.9113480351 5.9396213472 6.0279276091 6.0827323749 6.1123848948 6.1267291509 6.1689610164 6.2035561173 6.2318605998 6.2855180795 6.2920341612 6.3918666361 6.4605669844 6.5000047296 6.5042270236 6.5407680544 6.5875156822 6.6275579114 6.6441376922 6.7118521986 6.7124051194 6.7804503834 6.887797023 6.9282930121 7.0573887477 7.0757959115 7.1389390519 7.1502030956 7.1721438531 7.2023631041 7.2766086744 7.329473524 7.3429039449 7.5223282533 7.5581595999 7.6413405347 7.7024931852 7.7798611055 7.8249543825 7.8364190031 7.8533996508 7.9249667571 7.9543970576 8.1434179305 8.1878891197 8.3074026912 8.3463370731 8.3741138748 8.5042234338 8.5219206028 8.5299567784 8.6601420908 8.6706250039 8.6838956737 8.8081290189 8.8962969576 8.9220429059 9.1290468273 9.5271780056 11.241897917 11.466749503 11.9735004081 15.4849023185 15.6902202641 15.84354545 15.9097785503 15.9978796852 16.3194272533 23.9717672271 24.6458126495 24.7179484116
14 0.5482719897 0.6255703661 1.1778624497 3.1690292666 3.6004972279 3.7143673363 3.7813473498 3.9211679703 3.9564767732 4.0568505095 4.1012994618 4.104931143 4.2457468298 4.4439411821 4.5686730853 4.5980191214 4.6334674509 4.7276893602 4.7656709677 4.8413643767 5.1386735451 5.2063758814 5.2365015705 5.2457723374 5.2713557112 5.3307476713 5.362468973 5.4170124076 5.4462858226 5.4908231088 5.5224616457 5.6893122779 5.7616478273 5.8119016993 5.9224743907 5.9509274793 5.9990544873 6.0830586811 6.113137313 6.1226641962 6.1643781359 6.2055823975 6.2346560062 6.2881658859 6.294265484 6.3851075251 6.4588350378 6.4980201744 6.4981878091 6.5432966436 6.583983596 6.6277864876 6.6456495569 6.7094266132 6.715566543 6.7739961591 6.8730980032 6.9296046456 7.0568343137 7.0813675083 7.1381774183 7.1649327156 7.1761799105 7.2100681662 7.2727139089 7.3334694993 7.34840731 7.5248672843 7.5426534017 7.6466328167 7.7097295098 7.7871255985 7.8242999536 7.8436806243 7.8555509685 7.927478103 7.9664066378 8.1411033494 8.1861086977 8.307639018 8.3490943252 8.3716065855 8.5021446931 8.5193325565 8.5279423468 8.6551388124 8.6711179053 8.6817660475 8.8090773017 8.8983744124 8.9218300375 9.1270804688 9.5181626378 11.2473008408 11.4666006256 11.9674203615 15.4859374489 15.688591961 15.843165098 15.9097627566 15.9911522822 16.3192144971 23.9704361852 24.6438589296 24.7152285835
15 0.587219161 0.6699919083 1.2603859489 3.1364604952 3.5697698793 3.730527376 3.7915478939 3.9227686034 3.9724342968 4.0635022612 4.1103689832 4.1158421047 4.251176725 4.4502925941 4.5666253016 4.599428506 4.6421153862 4.7412562945 4.7641226546 4.8461744924 5.1443714648 5.2028076429 5.2290147208 5.232131633 5.2629594669 5.3202731436 5.3608223919 5.4142781542 5.4409212583 5.485978774 5.524754473 5.6970560783 5.7696391315 5.7916314032 5.9330702098 5.9541709546 5.9771256556 6.0835072059 6.1139608175 6.1177991807 6.1608102652 6.2076148716 6.237439483 6.2919123795 6.2971062034 6.3786130571 6.4564599228 6.4919884922 6.4963207454 6.5455080086 6.5807388274 6.6283725936 6.6473449462 6.7058123549 6.7187405404 6.7676880968 6.8593833639 6.9309911499 7.0560423056 7.0861382743 7.1373451624 7.174012164 7.1850153057 7.218108096 7.2684898724 7.3323810349 7.3593704594 7.5271695621 7.5276210567 7.651960775 7.7168874352 7.7948208872 7.8237631049 7.8513857289 7.8580654696 7.9304245578 7.9781860427 8.1383320232 8.1844335873 8.3079822519 8.3518526875 8.3689252514 8.4999287916 8.5166220324 8.5257921924 8.6500640841 8.6716252352 8.6795971963 8.8101023073 8.900321707 8.9215915267 9.1250043222 9.5085989022 11.2530353596 11.4664436888 11.960938304 15.4870267639 15.6868990924 15.842764689 15.9097458782 15.9840447951 16.3189904788 23.9690340854 24.6418053443 24.7123585143
16 0.6261234769 0.7143615384 1.3425873966 3.1037220097 3.5366017153 3.7490997385 3.8023367191 3.9253105236 3.9868889949 4.0705227645 4.1161812031 4.1316786258 4.2571425871 4.4564770345 4.564452644 4.5982219032 4.6509251298 4.756746091 4.7624709723 4.8512499737 5.1492691412 5.1990883455 5.2164508281 5.2226779574 5.2545520209 5.3095235253 5.3576865737 5.4116935597 5.4371107379 5.4822717722 5.5276276713 5.7039498413 5.7708997626 5.7767567249 5.9284423429 5.94309059 5.9836015548 6.0840787887 6.1119987764 6.1148403292 6.1584344472 6.2096369851 6.2402124612 6.2961934831 6.3005705399 6.3724225794 6.4533544449 6.4862406084 6.4944243749 6.5473678074 6.577905773 6.6292992381 6.6492154536 6.700712104 6.7218879557 6.7616370953 6.8468875317 6.93245624 7.0549924792 7.0905572546 7.1364400581 7.1781007325 7.1970358903 7.2265703364 7.2639386473 7.3312065421 7.3711547313 7.5117317034 7.5306053893 7.6571908331 7.7238481901 7.8029226995 7.8233507653 7.859519603 7.8610128271 7.9338625211 7.9897146508 8.1351002751 8.1828706035 8.3084264474 8.3545940779 8.3660747954 8.4975809126 8.513804399 8.5235103752 8.6449451467 8.6721433223 8.6774132057 8.8112045108 8.9021125297 8.9213255103 9.1228273715 9.498510171 11.2590893708 11.4662793057 11.9540645553 15.4881657325 15.6851531228 15.8423458358 15.9097279502 15.9765808156 16.3187560966 23.9675664608 24.6396608451 24.7093485918
17 0.664982596 0.7586765539 1.4244486839 3.0708194246 3.5019946264 3.7692096999 3.8137020238 3.928621827 4.0000242178 4.0779076568 4.1223569201 4.148488298 4.2637348221 4.4625986116 4.5621609297 4.5957675971 4.6587717882 4.7607174328 4.7736296748 4.8565970192 5.152763353 5.1951353122 5.199450741 5.2182323104 5.2454516799 5.2986305289 5.3531103857 5.4091421661 5.4348459007 5.4797603445 5.5309543128 5.7070762936 5.7524812052 5.7829628356 5.8963293546 5.9525021774 5.9965332602 6.084767525 6.1052859429 6.1157511553 6.1571808881 6.2116928612 6.2430129252 6.3006268962 6.3046185628 6.3665860793 6.4495089061 6.4808313401 6.4925181199 6.5488470457 6.5756036222 6.6305324361 6.6512461411 6.6939397553 6.7249727743 6.7558833484 6.835831199 6.9340039762 7.0536686833 7.0948453723 7.1354595014 7.1812671139 7.20758955 7.235362322 7.2590647138 7.3310768667 7.3830411782 7.4963624395 7.5338328745 7.662203469 7.7304837547 7.811405403 7.8230617907 7.8644527518 7.8680650864 7.9378517235 8.0009741668 8.1314251 8.1814108291 8.3089651581 8.3572990817 8.3630614778 8.4951072956 8.5108962669 8.5211016701 8.6398050859 8.6726685657 8.6752400448 8.8123841406 8.9037237982 8.9210300805 9.1205594027 9.4879208496 11.2654506814 11.4661081245 11.9468101079 15.4893496091 15.6833661186 15.8419102211 15.9097090146 15.9687849789 16.3185122893 23.966039103 24.6374347774 24.7062097243
18 0.7037942602 0.8029343763 1.5059522309 3.0377579456 3.4664059701 3.7904721221 3.8256295034 3.9325785985 4.0120680924 4.0856505773 4.1288860646 4.1658661131 4.2710836193 4.4687293957 4.5597573699 4.5926336774 4.6654618471 4.7588638933 4.791240347 4.8622415521 5.1540920887 5.18158731 5.1911430868 5.2162918018 5.235159964 5.2878797838 5.3472869255 5.4065141676 5.4339951788 5.4782884402 5.5346514476 5.6984423451 5.7441784299 5.7882329534 5.8641235669 5.9612834793 6.0102644211 6.085560996 6.0977834434 6.1166576988 6.1568377394 6.2138678668 6.2459142865 6.304942175 6.3091472066 6.3611664325 6.4450271545 6.4757423255 6.4906209344 6.5499216195 6.5739363536 6.6320038978 6.6534167182 6.6854919116 6.727962301 6.7503796829 6.8263813882 6.935638078 7.0520593101 7.0990995655 7.1344004197 7.1841771984 7.2158962547 7.2440839786 7.2538750202 7.3324620783 7.3949462989 7.4810837266 7.5373111702 7.6668967593 7.7366732613 7.820242237 7.8228861206 7.868419831 7.8770029655 7.9424525137 8.0119479461 8.1273423032 8.1800326 8.3095914393 8.3598931453 8.359946775 8.4925154608 8.5079155639 8.5185716653 8.6346631833 8.6731053379 8.6731974789 8.813641139 8.9051355937 8.9207032991 9.118210913 9.4768563389 11.272107097 11.4659308271 11.9391866097 15.4905734519 15.6815507097 15.8414595909 15.9096891204 15.960682855 16.3182600319 23.9644580397 24.6351368386 24.702953304
19 0.7425562951 0.8471325523 1.5870809827 3.0045424354 3.4300857217 3.8126692975 3.8381028351 3.9370912549 4.0232530981 4.0937425781 4.1357589199 4.1833515643 4.279370232 4.4749189353 4.5572508744 4.5890692516 4.6711050468 4.7569125965 4.8088910613 4.8682473996 5.1525976183 5.1631348291 5.1877263054 5.2169339532 5.2233839231 5.2775527895 5.3404983117 5.403737352 5.4343767855 5.4774840447 5.5386613996 5.6767041284 5.747182627 5.7925561436 5.8330456418 5.9694250993 6.0241926031 6.0864413327 6.0896376928 6.1175136175 6.1571388074 6.2162830527 6.2490159191 6.3089326765 6.3139854405 6.35624326 6.4401231077 6.4709046214 6.4887517642 6.5505715582 6.5729834871 6.6335633349 6.6557025405 6.6755999275 6.7308273136 6.7450296617 6.8186081182 6.9373610953 7.0501577232 7.1033454692 7.1332592096 7.1868987755 7.2220865623 7.2483790511 7.2522676156 7.335561444 7.4068937903 7.4659170848 7.5410414642 7.671187649 7.742322523 7.8228060113 7.8294055496 7.8729076304 7.886312289 7.9477204618 8.0226205277 8.1229034059 8.178705983 8.3102978381 8.3565794957 8.3625145046 8.4898144846 8.5048816387 8.515926867 8.6295352965 8.671038121 8.6737267313 8.8149751276 8.9063311396 8.9203432139 9.1157929746 9.4653430163 11.2790465048 11.4657481291 11.9312063424 15.4918321433 15.6797200493 15.8409957467 15.9096683239 15.9523008373 16.3180003317 23.9628295101 24.6327770327 24.6995911703
20 0.7812666093 0.8912687535 1.6678183969 2.9711774669 3.3931884474 3.8356479081 3.8511039603 3.9420965269 4.0337891575 4.1021718619 4.1429658053 4.200452198 4.2888297379 4.4812005218 4.5546524267 4.5852005632 4.6758547321 4.7548662118 4.825900019 4.8747479385 5.1442660596 5.1481934708 5.1854377013 5.2100554188 5.2197068989 5.2677920429 5.3330615718 5.4007750206 5.4358060675 5.4767508129 5.5429413415 5.6493107233 5.753843806 5.7959348494 5.8040711781 5.976929499 6.0381310977 6.0809771814 6.0873869186 6.1182642114 6.1578082175 6.2190906014 6.2524282355 6.3124245677 6.3188908651 6.3519175315 6.4350797451 6.466258387 6.4869296445 6.5507797776 6.5727940972 6.6348026952 6.6580754186 6.6648620869 6.7335422333 6.7397572508 6.8124590284 6.9391734069 7.0479627225 7.1075620717 7.1320317066 7.1893887537 7.2264416782 7.2425889148 7.2597505717 7.3402639746 7.418927259 7.4508837237 7.5450171683 7.6750117487 7.7473802883 7.8227994523 7.8388670319 7.8778583942 7.8959706372 7.9536972683 8.0329773063 8.1181729523 8.1773972518 8.3110763727 8.3531323462 8.3649776179 8.4870153298 8.5018153965 8.5131748108 8.6244342739 8.6690685721 8.6742531846 8.8163853751 8.9072968317 8.9199478747 9.1133170488 9.4534082385 11.2862569474 11.4655607781 11.9228821958 15.4931204111 15.6778877695 15.8405205387 15.9096466885 15.9436660267 16.3177342243 23.961159941 24.6303656238 24.6961355714
21 0.8199231921 0.9353407745 1.7481484236 2.9376673657 3.3558181007 3.8592769805 3.8646132357 3.9475552966 4.0438518973 4.1109237115 4.1504968425 4.2166789265 4.2997266522 4.4875951002 4.551975555 4.5811027011 4.6798306352 4.7527278793 4.8415560942 4.8819853281 5.1250974936 5.1414318844 5.1843825224 5.1953034309 5.2239327948 5.2585677704 5.3252955348 5.3975982668 5.4381183877 5.4751846651 5.5474573524 5.6198833085 5.7579740533 5.7807604877 5.7983840955 5.9838100034 6.0519700124 6.0719051535 6.0883743144 6.1188514242 6.1585774253 6.2224615084 6.2562560484 6.3152623255 6.3235473579 6.3483119367 6.4301980517 6.4618173271 6.4851734988 6.5505302236 6.5733857846 6.6342759061 6.6549683185 6.6605042705 6.7345539431 6.7360853185 6.8077701198 6.9410719914 7.0454791337 7.1116918127 7.1307131756 7.1915644106 7.2292742213 7.2365194721 7.2667052428 7.3461827215 7.4310818338 7.4360045901 7.5492228919 7.6783226377 7.7518449416 7.8228448566 7.8485979379 7.8831645965 7.9059543575 7.9603977077 8.0430042985 8.1132274003 8.1760724084 8.311918502 8.3495658913 8.3673091368 8.484131237 8.4987394624 8.5103241756 8.619370406 8.6672277132 8.674773924 8.8178707708 8.9080223188 8.9195153507 9.1107947498 9.4410803709 11.2937266884 11.4653695548 11.9142276376 15.4944328507 15.6760679352 15.8400358578 15.909624285 15.9348061141 16.3174627692 23.9594559211 24.6279130879 24.692599125
22 0.858524111 0.9793465292 1.8280554761 2.9040162464 3.3180488937 3.8786094892 3.8834198701 3.9534600565 4.053581459 4.1199805146 4.1583417704 4.2316183168 4.3122828017 4.4941133212 4.5492369262 4.5768285396 4.6831067375 4.7505012538 4.8551282554 4.8902897052 5.1057136366 5.1329939702 5.1793638713 5.1844532472 5.2289578923 5.2497415348 5.3175092564 5.3941435286 5.4411760484 5.4713390788 5.5521809209 5.590723415 5.7435568898 5.7784228013 5.7999301222 5.9900889584 6.062388221 6.06572972 6.0893798987 6.1192210827 6.1591987626 6.2265590129 6.2605830825 6.3173227314 6.3275712462 6.3455522069 6.425744153 6.4577202316 6.4835016957 6.5498049466 6.5747484927 6.6282130911 6.6499466759 6.6629556654 6.7294789547 6.7384388696 6.8043092544 6.9430488828 7.0427186509 7.1156426047 7.129298309 7.1933294194 7.2301885269 7.230980627 7.2734087496 7.3528161868 7.421300353 7.443370796 7.5536337308 7.6810914146 7.7557592276 7.8229254821 7.8585692856 7.8886839285 7.9162387747 7.967793913 8.0526879772 8.1081562504 8.1746994729 8.3128150904 8.3458969277 8.369479382 8.4811781734 8.4956783619 8.5073848988 8.6143519062 8.6655470942 8.6752862841 8.819429803 8.9085006278 8.9190437482 9.1082375574 9.4283888476 11.3014442682 11.4651752727 11.9052566794 15.4957639491 15.6742749937 15.8395436282 15.9096011909 15.9257492598 16.3171870454 23.957724175 24.6254300616 24.6889947788
23 0.8970675071 1.0232840454 1.9075243897 2.8702280426 3.2799362254 3.8930699993 3.9078891262 3.9598691813 4.0630865749 4.1293218199 4.1664897834 4.2450335186 4.3265710533 4.5007557306 4.5464571098 4.5724227775 4.685717809 4.7481905522 4.8661029827 4.8998337637 5.0861806058 5.1233252454 5.1624886194 5.1855623937 5.2342438825 5.2411478457 5.3100053249 5.3902383021 5.4448672798 5.4629484064 5.5570868174 5.5646932901 5.7210121595 5.7863746864 5.8006085721 5.9957951744 6.0527539356 6.0790519835 6.0903807849 6.1193311395 6.159465312 6.2314959062 6.2654592301 6.3185787616 6.3305444712 6.3437079582 6.4218728534 6.4542744273 6.4819314196 6.5485784551 6.5768513735 6.6165346539 6.6501336215 6.6653943263 6.7246305076 6.7405894128 6.8018286509 6.9450891706 7.0397011131 7.1192851657 7.1277812087 7.1946049893 7.2236171024 7.2320268941 7.2800649274 7.3597151864 7.406791331 7.4557807189 7.5582148594 7.6833067667 7.759195879 7.8230322624 7.8687520332 7.8942623474 7.9267983776 7.9758000197 8.0620151545 8.1030658521 8.1732497045 8.3137563669 8.3421450156 8.3714555624 8.4781753246 8.4926586946 8.5043682855 8.6093854081 8.6640584687 8.6757878677 8.8210605424 8.9087283212 8.9185312288 9.1056564834 9.4153642661 11.3093985504 11.4649787799 11.8959838378 15.4971081093 15.6725237221 15.8390458 15.9095774909 15.9165239726 16.3169081472 23.9559715368 24.6229272903 24.6853357708
24 0.9355515899 1.0671514568 1.9865403674 2.8363065327 3.2415229328 3.9079704001 3.9322927766 3.9670542029 4.0724503333 4.1389243898 4.1749293771 4.2569226809 4.3424495394 4.5075101811 4.5436615784 4.5679317401 4.6876690853 4.7458006021 4.8745424487 4.9102750682 5.0665543151 5.1126113996 5.1448966767 5.1876261524 5.2326412589 5.2393448075 5.303092229 5.3854046769 5.4477378181 5.4491022983 5.5449058981 5.5621517529 5.6992507823 5.7956303112 5.8004624128 6.0009609617 6.0428119911 6.0913547811 6.0920794435 6.1191592146 6.1592316649 6.2372797776 6.2708910387 6.3191998641 6.3320942752 6.3427093091 6.4185225664 6.4519798732 6.480477938 6.5468045669 6.5796503177 6.6028050771 6.6522280063 6.667783673 6.7201159972 6.7425278178 6.8001037168 6.9471683311 7.0364564733 7.1224486395 7.1261553254 7.1953768988 7.2168298227 7.2328538034 7.2867730736 7.3665624674 7.3924973709 7.4682734835 7.5629213665 7.6849753717 7.7622401852 7.8231645706 7.8791172269 7.8997556872 7.9376069808 7.9842604801 8.0709729037 8.0980865029 8.171698079 8.3147318875 8.3383325319 8.3732013721 8.4751455906 8.4897092693 8.5012871088 8.604476465 8.6627934804 8.6762765579 8.8227606319 8.9087056689 8.9179760296 9.1030616984 9.4020385248 11.3175787571 11.4647809626 11.8864240908 15.4984596777 15.6708291704 15.8385443408 15.9071589877 15.9095532758 16.3166271797 23.9542049232 24.6204155743 24.6816355887
25 0.973974629 1.1109469924 2.0650889058 2.802255364 3.2028431238 3.9232845094 3.9552231884 3.9763066542 4.0817358205 4.1487622352 4.1836481884 4.2674719042 4.3596009988 4.5143431859 4.5408820529 4.5634159842 4.6889448545 4.7433368919 4.8809528134 4.9208937619 5.0468858777 5.1008479237 5.1267619264 5.1904732033 5.2241098023 5.243822531 5.2971049217 5.3782150849 5.426849394 5.4538088841 5.532023845 5.5673535059 5.6794229599 5.7995397942 5.8051480636 6.0056191271 6.0326648733 6.0922793813 6.1046503577 6.1187079685 6.1584244499 6.2437514147 6.2768347288 6.319599751 6.3320059449 6.3423331668 6.4153774013 6.4514549678 6.4791538815 6.5443827011 6.5830942815 6.5886239525 6.6549378398 6.6700865135 6.7160345568 6.7442492942 6.7989513074 6.9492485772 7.0330278088 7.1244133255 7.1249194505 7.1957437863 7.2098554202 7.2337826265 7.2935646016 7.3731748633 7.3784376826 7.4807929466 7.5676982306 7.6861221865 7.764975101 7.8233292423 7.8896361201 7.9050421228 7.9486378591 7.9929431565 8.079548513 8.0933837967 8.1700233372 8.3157305021 8.3344845611 8.3746766748 8.4721160115 8.4868611492 8.4981556899 8.5996300283 8.6617833753 8.676750524 8.8245272812 8.9084368145 8.9173764833 9.1004621282 9.3884450102 11.3259744937 11.4645827503 11.8765928314 15.4998129711 15.6692066011 15.8380412289 15.8976831459 15.9095286424 16.3163452544 23.952431306 24.6179057133 24.6779079301
26 1.0123349458 1.1546689631 2.1431556955 2.7680780735 3.1639246653 3.938984065 3.9718161311 3.9923757379 4.0909909629 4.1588066357 4.192632815 4.2769419583 4.3776384179 4.5211737418 4.5381583824 4.5589787589 4.6895153122 4.7408056231 4.8858082973 4.9310721712 5.0272256153 5.0878889171 5.1082178532 5.1937735689 5.2154723008 5.2470626893 5.2924467607 5.3649439843 5.407166561 5.458928445 5.5234188574 5.5726703333 5.6621125476 5.7978920186 5.8146574347 6.0098002557 6.0223506935 6.0931299803 6.1166631543 6.1180076554 6.1570381519 6.2505185887 6.2831893547 6.3203857599 6.3302992862 6.3423072132 6.4120560921 6.4531768493 6.4779686755 6.5410701103 6.5748538208 6.5871295009 6.657848979 6.6722660257 6.7124719859 6.7457532047 6.798232515 6.9512738203 7.0294758047 7.1225468552 7.1264520643 7.1959289509 7.202727388 7.2349773776 7.3004391723 7.3646306409 7.3794724512 7.4932733077 7.572480327 7.6867901924 7.7674718641 7.8235385278 7.9002802624 7.9100235596 7.9598638492 8.0015351044 8.0877294686 8.0891749575 8.1682078518 8.3167403375 8.3306285539 8.375837406 8.4691179938 8.4841475443 8.4949899489 8.5948508863 8.6610587454 8.6772082202 8.8263572664 8.9079299123 8.9167310406 9.097865031 9.3746188431 11.3345757603 11.464385125 11.8665058157 15.5011623064 15.667671425 15.8375384451 15.8881252731 15.909503693 16.3160634846 23.9506576845 24.6154084493 24.6741666632
27 1.0506309011 1.1983157441 2.2207264787 2.7337781089 3.1247908925 3.9550383491 3.9816723647 4.0155438625 4.1002524574 4.1690261603 4.2018686028 4.2855747496 4.3961906351 4.5277832862 4.5355413185 4.5548573661 4.6893419411 4.7382137637 4.8893544976 4.9404822113 5.0076264774 5.0734711128 5.0893665629 5.1970251207 5.2066714355 5.2478071434 5.2896908832 5.3433460545 5.3951128974 5.4644128206 5.5159927735 5.5780805589 5.647939236 5.7955717545 5.824019724 6.0119082116 6.0135304842 6.0938777318 6.1171160199 6.1280155843 6.1551247928 6.256905221 6.2897847776 6.3222776418 6.3272068393 6.3424390077 6.408420482 6.4572098604 6.476928182 6.5362945932 6.5624888508 6.5917014509 6.6607547475 6.6742872241 6.7095033934 6.7470426319 6.7978476504 6.9531628719 7.0258851035 7.1205461745 7.1268016855 7.1954847907 7.1962279148 7.2364707702 7.3073842064 7.3510935633 7.3854439531 7.5056466538 7.5771924011 7.6870393827 7.7697864199 7.8238075834 7.9110215606 7.9146192097 7.971257411 8.0096396142 8.0857475946 8.0955034682 8.1662375067 8.3177488043 8.326793676 8.3766358922 8.4661871459 8.4816034722 8.4918074136 8.5901440447 8.6606493037 8.6776483783 8.8282469336 8.90719721 8.9160382942 9.0952755669 9.360597195 11.3433729492 11.4641891372 11.8561791093 15.5025020316 15.6662391326 15.837037965 15.8785140634 15.9094785347 16.3157829813 23.9488910583 24.6129344089 24.6704257879
28 1.0888608806 1.2418857535 2.2977868354 2.6993588496 3.0854618693 3.9714136667 3.9896780051 4.0408033607 4.1095489099 4.1793867179 4.2113393834 4.2935525612 4.414933843 4.5330969456 4.5334532397 4.5517862669 4.6883817185 4.7355691021 4.8916419195 4.9490167054 4.988147409 5.0572401776 5.0702871255 5.1976672381 5.1996404943 5.2433344484 5.2896493744 5.32024309 5.3883818216 5.4702217954 5.5076959042 5.5835622755 5.6374923534 5.7926315703 5.8331268158 6.0013840599 6.0168298679 6.0944879314 6.1161158345 6.1385663443 6.1528168092 6.262011068 6.2963501867 6.3230923069 6.3259334076 6.3427293419 6.4046606651 6.4632390843 6.4760340167 6.529151201 6.5528293817 6.5967547371 6.6634989457 6.6761191926 6.7071988136 6.7481236454 6.7977287481 6.9548010013 7.0223724047 7.118399644 7.1257785723 7.1881732324 7.1969095154 7.2382221445 7.3143826919 7.337842481 7.3911191247 7.5178483465 7.5817490674 7.6869450219 7.7719603574 7.8241518984 7.9187564947 7.9218323128 7.9827906388 8.0167858109 8.0834652303 8.1028584698 8.1641017483 8.3187426403 8.3230097776 8.3770218411 8.4633624759 8.4792651007 8.4886271687 8.5855150327 8.660583667 8.6780699943 8.8301922057 8.9062550572 8.915297005 9.0926963675 9.3464196892 11.352356823 11.4639959299 11.84562903 15.5038265575 15.6649252207 15.8365417521 15.8688779646 15.9094532787 16.3155048487 23.9471383994 24.6104940434 24.6666993978
29 1.1270232766 1.285377424 2.3743218301 2.6648236291 3.0459554439 3.9880726354 3.9972599031 4.0665977752 4.1189033697 4.1898516817 4.2210271373 4.3009936116 4.4335832447 4.5309145684 4.5360427934 4.5519193262 4.6865902869 4.7328803007 4.8925704241 4.9566598545 4.9688571014 5.0388352121 5.0510420582 5.188432158 5.2011197927 5.2303027637 5.2924087678 5.3040188162 5.38363334 5.4763211999 5.4975626565 5.5890931204 5.6310785536 5.7891228139 5.84186932 5.9908414792 6.0197113797 6.0949207562 6.1151094287 6.1471547413 6.1512932612 6.2650181335 6.3023935906 6.318458356 6.3312956942 6.3437143719 6.4011718229 6.470812582 6.4752793011 6.51960982 6.5463407118 6.6022310453 6.6659345868 6.6777384937 6.7056266448 6.7490042376 6.7978321799 6.9560317075 7.0190944488 7.1160930761 7.1232996232 7.1808459523 7.1981253048 7.2401696069 7.3214153845 7.3248919195 7.3965495809 7.5298200268 7.5860551003 7.686595282 7.7740245548 7.8245848828 7.9223635189 7.9326852171 7.9944352051 8.0224928938 8.0827144672 8.1097827865 8.1617939811 8.3193059397 8.3197080063 8.3769442584 8.4606847 8.4771686872 8.4854697278 8.5809701304 8.6608891051 8.678472311 8.8321885909 8.9051238197 8.9145061316 9.0901271123 9.3321289019 11.3615184675 11.4638067816 11.8348720893 15.5051303916 15.6637451145 15.8360517495 15.8592450692 15.9094280394 16.3152301798 23.9454066247 24.6080975685 24.6630016436
30 1.1651164652 1.3287891679 2.4503153421 2.63017576 3.0062883769 4.0047192786 4.004973225 4.0924840449 4.1283354442 4.2003821435 4.2309115527 4.3079613893 4.4518621555 4.5291228218 4.5343348454 4.5564830937 4.683924024 4.7301569473 4.8918590019 4.9498385441 4.9632880429 5.0181769642 5.031682072 5.1789476153 5.2007987003 5.2101866429 5.2908878106 5.3031503981 5.3795171681 5.4826814674 5.4855439794 5.5946501015 5.6285443822 5.7850948239 5.8501157238 5.9803741383 6.0221805928 6.0951374246 6.1142079206 6.1461413844 6.1582254324 6.2655803302 6.3063559751 6.3147281068 6.3359028158 6.3477526137 6.3984524551 6.4746263886 6.4795133713 6.5091926667 6.5420383422 6.6080649365 6.6679203304 6.679134405 6.7048481374 6.7496929434 6.798132245 6.9566546448 7.0162499269 7.1136090303 7.1194012575 7.1735649457 7.1998767792 7.242260575 7.3122547098 7.3284608212 7.4017964415 7.5415106022 7.5900066088 7.6860881745 7.7760038804 7.825115768 7.9253656519 7.9435533583 8.0061622149 8.0264423975 8.0837388239 8.1162652479 8.1593125206 8.3157086243 8.320630647 8.3763544378 8.458193528 8.4753490501 8.4823568056 8.5765165142 8.6615911952 8.6788547953 8.8342311901 8.9038276889 8.9136648636 9.0875641129 9.3177709806 11.3708492065 11.4636231771 11.8239249334 15.5064081714 15.6627140845 15.8355698732 15.8496430115 15.9094029341 16.3149600522 23.9437025687 24.6057549034 24.6593466975
31 1.2031387765 1.3721193321 2.5257485566 2.595418564 2.9664781302 4.0121287526 4.0220674713 4.1182298791 4.1378631505 4.2109373746 4.240969431 4.3144757993 4.469445821 4.5279281544 4.5306574363 4.5631531646 4.6803408343 4.7274096016 4.8888720619 4.9311948334 4.9677761087 4.9966934244 5.0122495075 5.1692016867 5.1852895656 5.2015367261 5.2861422396 5.3124374152 5.3754678093 5.4722327416 5.4892765333 5.6002094597 5.6293728513 5.7805944357 5.8576867097 5.9701296882 6.0242361722 6.0951143903 6.1135127637 6.1428892283 6.1662807922 6.2638386414 6.3042265605 6.3156320381 6.3372615427 6.3566158707 6.3970558176 6.4739096366 6.4890105464 6.4995843223 6.5390165394 6.614176674 6.669340096 6.6803170488 6.7048977846 6.7501972229 6.7986158246 6.9564414113 7.0140635774 7.1109262715 7.1142050524 7.1664018671 7.2020457743 7.2444637986 7.2999418515 7.3354946755 7.4069227556 7.5528756081 7.5934941365 7.6855273238 7.777921708 7.8257479722 7.927687423 7.9544101735 8.0179419293 8.0286872801 8.0864296212 8.1222954631 8.156662399 8.312239563 8.3214961348 8.3752098805 8.4559240792 8.4738375613 8.4793109682 8.5721623262 8.6627132984 8.6792171133 8.836314703 8.9023943823 8.9127726614 9.0849999005 9.3033963987 11.3803404512 11.4634469344 11.812804285 15.5076546994 15.6618471572 15.8350980045 15.8400988717 15.9093780816 16.314695524 23.9420329567 24.6034756084 24.6557487199
32 1.2410884569 1.4153661396 2.5605554089 2.6005956382 2.9265473278 4.0194961064 4.0392997732 4.1436421182 4.1475046215 4.2214755848 4.2511738669 4.320522448 4.4858373907 4.5264128039 4.5277213402 4.5705199746 4.6757996287 4.7246498323 4.8821628908 4.9130567267 4.9613460185 4.9846400255 4.9927808626 5.1591875988 5.1631349623 5.1997000105 5.2822247886 5.3241000332 5.3712428396 5.4585437479 5.4960829847 5.6057465578 5.6329348534 5.7756657349 5.8643142685 5.960350361 6.0258713857 6.0948624748 6.1130924936 6.1393495993 6.173517861 6.2601236642 6.2989180273 6.3179303193 6.3371242815 6.3674864076 6.3975016397 6.4725265412 6.4924815874 6.499053426 6.5369512118 6.6204603879 6.6701331614 6.6813301907 6.7057566501 6.7505217686 6.7992779312 6.955180361 7.0127412798 7.1078647429 7.1080198643 7.1594382188 7.2044524345 7.2467702998 7.2879624467 7.3424890801 7.411989034 7.5638747773 7.5964093927 7.6850158082 7.7798034432 7.8264780828 7.929259882 7.9652294 8.0296567322 8.0297432965 8.0903145892 8.1278642465 8.153858474 8.3089136639 8.3222902046 8.3734785802 8.4539030086 8.4726597326 8.4763551377 8.5679166779 8.6642757688 8.6795591032 8.8384334279 8.9008547386 8.9118293019 9.0824228159 9.2890608601 11.3899834298 11.4632804421 11.8015268879 15.5088649771 15.6611590196 15.8306390917 15.8346379834 15.9093536019 16.3144376298 23.940404378 24.6012688236 24.652221826
33 1.2789636197 1.4585276128 2.5255897558 2.6748061965 2.8865412975 4.0268042757 4.0566046843 4.1572797177 4.1685151631 4.2319550875 4.2614931008 4.3260601218 4.5000504089 4.5220378147 4.529377091 4.5781163125 4.6702595356 4.7218902372 4.8688629678 4.8955923652 4.942485203 4.9733087473 4.9869125443 5.1432179557 5.1489027925 5.1974792601 5.2784199208 5.3361734677 5.3671382135 5.4455244306 5.5030793886 5.6112357949 5.638667656 5.7703500082 5.8695781619 5.9514371294 6.0270768737 6.0944385343 6.1129666452 6.1356758815 6.1797429641 6.2547734305 6.2930807831 6.3187925677 6.3365794746 6.3780677934 6.4001035144 6.4693975584 6.4898907339 6.5094523674 6.5358533644 6.6267648292 6.6703097846 6.6822713954 6.7073416604 6.7506669726 6.800117967 6.9527404632 7.0124060818 7.1005256097 7.1048627399 7.1527639681 7.2069053642 7.249188116 7.2763237219 7.3494121714 7.4170507002 7.5744654254 7.5986591078 7.6846474376 7.7816786401 7.8272955709 7.9300321738 7.9759850057 8.0299153929 8.0415331752 8.0947857331 8.1329643153 8.1509305544 8.3057373583 8.3229991823 8.3711427318 8.4521453056 8.4718325914 8.4735119349 8.5637896019 8.6662948058 8.6798807468 8.8405812531 8.8992422172 8.9108349358 9.079816604 9.2748263584 11.3997686712 11.46312713 11.7901094569 15.5100342376 15.6606639163 15.8212894015 15.834191601 15.9093296151 16.3141873767 23.93882326 24.5991432068 24.6487800556
34 1.3167621786 1.5016014707 2.4905252224 2.7481689332 2.8466643074 4.0340237714 4.0739041552 4.1672114752 4.1926008718 4.2423359845 4.2718889103 4.3310277803 4.5102906067 4.5177093984 4.5345525826 4.5856816282 4.6636847236 4.719144432 4.8461266752 4.8790191869 4.9268593723 4.9538635513 4.9916295463 5.1260165325 5.1383484055 5.1947851356 5.2742975563 5.3447356459 5.3658549185 5.4343515267 5.5102457415 5.6166505451 5.6461256553 5.7646858508 5.8728402378 5.9440167748 6.0278447678 6.0939376181 6.1131085417 6.1319438052 6.1847347017 6.2481644005 6.2871869933 6.3178750912 6.3359773051 6.386818284 6.404826437 6.4647970144 6.4922887104 6.5200611731 6.5359412042 6.6328641185 6.6699358771 6.6833219982 6.7095266891 6.7506278368 6.8011365788 6.9491125038 7.0130568337 7.0923054115 7.1014298709 7.1464734379 7.2092328585 7.2517332116 7.2650311469 7.3562279722 7.4221566479 7.5845763742 7.6002011343 7.6844958706 7.7835815839 7.82818326 7.9299840913 7.986651105 8.0299358595 8.0532750527 8.0993089738 8.1375914552 8.1479317079 8.3027078754 8.3236104886 8.3682008759 8.4506527834 8.4708028515 8.4713621764 8.5597919633 8.6687808826 8.6801821409 8.8427516345 8.8975923164 8.9097901581 9.0771600432 9.2607623704 11.4096849203 11.4629924968 11.7785686361 15.5111579764 15.6603755356 15.8120747637 15.8337605936 15.9093062404 16.3139457405 23.9372958431 24.5971068732 24.6454373424
35 1.3544817569 1.5445849889 2.45536567 2.8023181997 2.8252727526 4.0411170047 4.0911043371 4.1773270717 4.2155761811 4.2525824591 4.2823144749 4.3353526375 4.5135343975 4.5160558842 4.5435656114 4.592886942 4.6560820907 4.7164269843 4.8152436677 4.8636167944 4.9167187457 4.9344751523 4.9964741774 5.1113901552 5.1275290858 5.191507425 5.2697247129 5.3435647103 5.3721372268 5.426597772 5.5175629949 5.6219631226 5.6549618612 5.7587093984 5.8733049327 5.9388838255 6.0281738433 6.0934690995 6.1134635617 6.1282096321 6.1880740921 6.240868258 6.2813988722 6.3154172632 6.3354801723 6.3927514856 6.4113357093 6.4600919167 6.4984349147 6.530763886 6.5376913235 6.6384233004 6.6691005795 6.6847819518 6.7121815896 6.7503935959 6.8023330929 6.9443936992 7.0145833207 7.083290826 7.0977059155 7.1406576024 7.2112996795 7.2540886586 7.2544184491 7.3628966855 7.4273483493 7.593895331 7.6012677044 7.6846038419 7.785550441 7.8291184492 7.9291348221 7.9972018606 8.030020968 8.0649268752 8.1034813309 8.1417465262 8.1449514786 8.2998138654 8.3241131686 8.3646679456 8.4494148353 8.4682472688 8.4712415873 8.555935348 8.6717367273 8.6804634706 8.8449375535 8.8959419212 8.9086960985 9.0744266837 9.2469471173 11.4197165525 11.4628866203 11.7669209706 15.5122319791 15.6603068836 15.8030193387 15.8333466356 15.9092835955 16.3137136618 23.9358281556 24.5951673372 24.642207484
36 1.3921195617 1.5874748031 2.4201153246 2.7646947006 2.8949140289 4.0480395814 4.1080924251 4.1876574997 4.2369955755 4.2626656696 4.2927121817 4.3389606936 4.509601785 4.5197646826 4.5537450124 4.5990056616 4.6476963212 4.7137532546 4.7803684673 4.8497364707 4.9098218849 4.9151752214 5.0009899584 5.0990832854 5.116453099 5.1873712608 5.2647954015 5.3366601473 5.3795292121 5.4248764675 5.5250126118 5.6271447814 5.6648911897 5.7524546653 5.8704282215 5.9365959024 6.0280747844 6.093131828 6.1139685857 6.1245183783 6.1889530075 6.233874506 6.2758108701 6.311821706 6.335178751 6.3957113511 6.4191836134 6.4558563871 6.506622749 6.5414653257 6.5420387454 6.6429925652 6.667891955 6.6870756455 6.7152045246 6.7499482563 6.8037036 6.9387339226 7.016819663 7.0735412183 7.0936956012 7.1353935119 7.2130150358 7.2434989891 7.2572433976 7.3693754368 7.4326591322 7.5989980758 7.6052436135 7.6849763835 7.7876252251 7.8300744914 7.9275437782 8.007611372 8.0303200066 8.0764372475 8.1069936792 8.1421352656 8.14543904 8.2970375377 8.3244983369 8.3605734815 8.4484112711 8.4658613679 8.4714500482 8.5522319394 8.6751548958 8.6807249828 8.8471314473 8.8943285871 8.9075545382 9.0715848634 9.2334687411 11.429836243 11.4628313917 11.7551828974 15.513252344 15.6604701383 15.7941464792 15.8329513338 15.9092617957 16.3134920432 23.9344259902 24.593331457 24.6391041123
37 1.4296722014 1.6302666289 2.3847789546 2.7243859154 2.9664854638 4.0547400228 4.124734747 4.1982342653 4.2562125651 4.2725669154 4.3030140458 4.3417905946 4.5060010462 4.5233210595 4.5628541091 4.6019551613 4.6398442749 4.7111390982 4.7452890156 4.8377968551 4.8960015198 4.9044226164 5.0049216599 5.0889064505 5.1051327379 5.1819426591 5.2598223436 5.3282405197 5.3816341261 5.4315201334 5.5325761125 5.6321657544 5.6756545146 5.7459539894 5.8644322606 5.9369668546 6.0275741594 6.0929986403 6.1145635762 6.1209053825 6.1861806178 6.2285975561 6.270492534 6.3074693769 6.3351207393 6.3962687121 6.4279571568 6.4520823865 6.5145802622 6.5503183688 6.5520841155 6.6461079652 6.6663905984 6.6906509676 6.7185391606 6.7492721668 6.8052398255 6.9322864567 7.0195930431 7.063094595 7.0894333285 7.1307343727 7.2143338623 7.2332641 7.2601882196 7.3756194593 7.4381133787 7.598570839 7.613444392 7.6855815317 7.7898449101 7.8310225749 7.9253027726 8.0178535515 8.0308715856 8.087738461 8.1095725942 8.1397041114 8.1486938216 8.2943581113 8.3247592997 8.3559590488 8.4476163736 8.4636570267 8.4719533312 8.5486943957 8.6790150628 8.6809669634 8.849325098 8.8927897483 8.9063680662 9.0685983072 9.2204261021 11.4399782682 11.4628870877 11.7433707659 15.5142155003 15.660876474 15.7854787652 15.8325762209 15.9092409532 16.3132817449 23.9330948809 24.591605385 24.63614066
38 1.4671354181 1.6729548469 2.3493621325 2.6838471549 3.0375122933 4.0611581279 4.1408784149 4.2090802073 4.2722470881 4.2822797889 4.3131529493 4.3438114575 4.5028288492 4.5274936509 4.5697271814 4.5970326218 4.6361911922 4.7086004165 4.7132824798 4.8282451732 4.8770088246 4.8997012337 5.0080198797 5.080787431 5.0935850962 5.1747223963 5.2552949787 5.3197448157 5.379138809 5.4444828541 5.5402345538 5.6369953441 5.6869837956 5.7392386016 5.856175179 5.9392115431 6.0267157884 6.0931112117 6.1151955815 6.1173954304 6.1791069784 6.2259507167 6.2655009272 6.3026598533 6.3353240199 6.3952206364 6.437328619 6.4486383012 6.5207799473 6.56254703 6.5629744274 6.6475132514 6.6646778138 6.6957572302 6.7221829638 6.7483446994 6.8069289754 6.9251830903 7.0227479332 7.0519734811 7.084986719 7.1267055546 7.2152519853 7.223385727 7.2632134764 7.3815836311 7.4437255322 7.5968066932 7.6217129558 7.6863590693 7.7922440491 7.8319334662 7.9225228031 8.0279019873 8.0316457272 8.0987330533 8.1109584293 8.1379422477 8.1515640006 8.2917560114 8.3248907786 8.3508764409 8.4470030745 8.461640846 8.4727056501 8.5453357398 8.6811897164 8.6832812459 8.8515094666 8.8913618155 8.9051402891 9.0654278251 9.2079287076 11.4498942908 11.4632964143 11.7315009037 15.5151182189 15.66153584 15.7770380992 15.8322227503 15.9092211761 16.3130835827 23.9318400817 24.5899945257 24.6333303246
39 1.5045036782 1.7155318735 2.313871639 2.6431975619 3.1078502143 4.0672213656 4.1563597834 4.2201907078 4.2835922667 4.2918070789 4.3230914012 4.3450469914 4.5001846199 4.5325776366 4.5736691092 4.5823400549 4.637835926 4.6872867642 4.7061526422 4.8214460296 4.8583073942 4.8953124255 5.0100279047 5.0747444969 5.081833329 5.1653445952 5.2517201669 5.311848271 5.3746687765 5.4604251634 5.5479678683 5.6416020737 5.6985596178 5.7323393733 5.8466153072 5.942509878 6.0255590045 6.093482039 6.1139987501 6.1158188616 6.1685238624 6.225438838 6.2608853307 6.2976141208 6.3357864735 6.3932182783 6.4454370058 6.4470494243 6.5254745586 6.5727835226 6.5787038714 6.6472908096 6.662856385 6.7023142883 6.7261950418 6.747148299 6.8087548197 6.9175286017 7.0261508029 7.0401900343 7.0804510592 7.1233095552 7.2138660513 7.2157968639 7.2662649843 7.3872241699 7.4494989227 7.5942400007 7.629573522 7.687234278 7.7948492565 7.8327790106 7.9193204802 8.0325776385 8.0377297917 8.1092668044 8.1109882782 8.1370870738 8.1541573366 8.2892170509 8.3248855165 8.3453892017 8.4465463474 8.4598134937 8.4736528145 8.542169269 8.6813935471 8.6878992561 8.8536744441 8.890079096 8.9038761207 9.0620348477 9.1960950444 11.4579413516 11.4656962731 11.7195897542 15.5159576167 15.6624566618 15.7688458905 15.8318922905 15.9092025676 16.3128983239 23.9306665452 24.5885035038 24.6306860254
40 1.5417695256 1.7579871663 2.2783161041 2.6024757051 3.1774275828 4.0728374606 4.1710219724 4.2315033692 4.2880940696 4.3011387889 4.3328211503 4.345616591 4.4981404149 4.5386465523 4.5627695024 4.574311253 4.6395537475 4.6701231995 4.7038103007 4.8173537149 4.8402753825 4.8911273075 5.0107526211 5.069908629 5.0707883154 5.1537815658 5.249400915 5.3048735248 5.3694470776 5.4776620794 5.5557539456 5.6459539128 5.70994428 5.7252878404 5.8366003016 5.946273943 6.0241744397 6.0941000792 6.1106992837 6.1163940064 6.155784439 6.2260412435 6.256689001 6.2924946535 6.3364937573 6.3906840107 6.4424535832 6.4569280214 6.5294326235 6.5827188947 6.5957323682 6.6457442442 6.6610956203 6.7100303182 6.7307084399 6.7456751078 6.8107004365 6.9094041926 7.0277503831 7.0296858398 7.0759368802 7.120537593 7.2047085359 7.2160168343 7.2692809245 7.3925002088 7.455424495 7.591024603 7.6369415172 7.6881320778 7.7976758769 7.8335332242 7.9158080542 8.0335918076 8.0473094311 8.1097503744 8.1190746252 8.1371535541 8.1566892578 8.2867358808 8.3247214339 8.3395847603 8.4462253266 8.4581695603 8.4747361443 8.5392084921 8.6815787483 8.6927947283 8.855808488 8.8889724271 8.9025821838 9.0583876721 9.1850484436 11.4605258196 11.4736734559 11.7076541308 15.5167311542 15.663645415 15.7609233824 15.8315861198 15.9091852257 16.3127266852 23.9295789033 24.5871361464 24.6282203502
41 1.5789225161 1.8003055934 2.2427070667 2.5617087216 3.2461728049 4.0778784216 4.1847385681 4.2428619041 4.2832990462 4.3101666192 4.3422621906 4.3458336462 4.4966579193 4.5443723366 4.5455297991 4.5717435836 4.6342649418 4.6656454928 4.7015864636 4.8131758437 4.8257828657 4.8871230949 5.0101823966 5.057853315 5.0687813711 5.1403865019 5.2483313022 5.2989542743 5.363882797 5.4954795842 5.5635672573 5.6500185855 5.7181176924 5.7204621403 5.8269960341 5.9501294704 6.0226387078 6.094937309 6.1074181694 6.1168874392 6.1419782906 6.2270697795 6.2529493082 6.2874247317 6.3374248067 6.3878652644 6.4397007585 6.4668084937 6.5331080491 6.5922628762 6.6124776445 6.6432211866 6.6597524571 6.718576707 6.7359460889 6.7439422522 6.8127534621 6.900873268 7.0146584112 7.0332485121 7.071556327 7.1183819561 7.1959190049 7.2159715015 7.2721984606 7.3973749657 7.4614794793 7.587274656 7.6437740668 7.6889879465 7.8007250802 7.8341728284 7.9120886786 8.0346173063 8.0566125255 8.1075817101 8.1276891 8.1379198788 8.159572574 8.2843182331 8.3243000482 8.3336367076 8.4460240658 8.4566980664 8.4758964907 8.5364670949 8.6817455903 8.6978721081 8.857898092 8.8880673856 8.9012673764 9.0544710661 9.1749097855 11.4609928248 11.4838746579 11.6957116734 15.5174366257 15.6651059773 15.7532922153 15.831305422 15.9091692421 16.3125693301 23.9285814489 24.5858954824 24.62594549
42 1.615947375 1.8424646229 2.2070608114 2.5209260546 3.3139949368 4.0821429613 4.1974326142 4.2539932275 4.2675693715 4.3183994522 4.3464887333 4.351214696 4.4955132783 4.5318264983 4.5520094051 4.5673579893 4.6234148085 4.6700047817 4.6994911423 4.7996739321 4.8238533429 4.8833349052 5.0085416786 5.0457257281 5.0683615981 5.1257670138 5.2482617878 5.2941598869 5.3581228607 5.5135319441 5.5713766717 5.6537639723 5.7108670708 5.7290060495 5.8189493693 5.9538371141 6.0210293389 6.095954366 6.1038790421 6.1172718003 6.1280563142 6.2281819753 6.2496966783 6.2825030945 6.338554988 6.3849049769 6.4372048142 6.4765531491 6.5366778532 6.6012839142 6.6270817975 6.6400539226 6.6597409855 6.7276063108 6.7420617297 6.7422273667 6.8149157393 6.8919868819 7.00091928 7.0367400804 7.0674128992 7.1168440736 7.1875071147 7.2157245465 7.2749584396 7.4018163211 7.4676258245 7.5830953811 7.6500353807 7.6897541691 7.8039814905 7.8346770729 7.9082567285 8.0355961204 8.0656095968 8.1048808438 8.1343961973 8.1391017536 8.1634588794 8.2819817883 8.3230016245 8.3282520095 8.4459311433 8.4553836402 8.4770777344 8.5339589272 8.6818943138 8.7030149665 8.8599270188 8.8873819268 8.8999436705 9.0502989633 9.165787177 11.4611036765 11.4945281452 11.6837816715 15.5180721431 15.6668385835 15.7459754004 15.8310512819 15.9091547016 16.3124268659 23.9276781192 24.5847837647 24.6238731548
43 1.6528206265 1.8844292079 2.1714017341 2.4801674675 3.3807659687 4.0852569749 4.2090772773 4.2414142851 4.2645253843 4.3243748217 4.3494105405 4.3594557853 4.4946166923 4.5267480032 4.5509843 4.5686239916 4.6117459555 4.6769590677 4.697526951 4.7825141462 4.8283785781 4.87983149 5.0062033988 5.0336081717 5.068997161 5.1106509824 5.2488194611 5.2905733323 5.3522416702 5.5316171508 5.5791417884 5.6571586062 5.7035823435 5.7339187288 5.8140546935 5.9572337762 6.0194207763 6.0971043282 6.0990573856 6.1155493301 6.1175273073 6.2292231029 6.2469524799 6.2778145669 6.3398569876 6.3818929411 6.4349908531 6.4860278594 6.5401746471 6.6095309086 6.6366329176 6.6366956772 6.6631028206 6.7357237528 6.7412797165 6.7499262081 6.8172218716 6.8827882155 6.9865430319 7.0400643471 7.0635959804 7.115936116 7.1794885088 7.2153389543 7.2775080323 7.4057967993 7.4738077828 7.5785910792 7.6556899495 7.6904017293 7.8074112933 7.8350266896 7.9044021948 8.0364864168 8.0742697093 8.1019744641 8.1385711501 8.1404764859 8.1688978727 8.2797557343 8.3187162461 8.3256445543 8.4459384987 8.4542082265 8.478229321 8.5316979949 8.6820251263 8.708087985 8.8618752094 8.886923389 8.8986272321 9.0459282571 9.157764293 11.4611181625 11.5053598354 11.6718865974 15.5186361154 15.6688380442 15.7389990425 15.830824681 15.909141682 16.3122998424 23.9268724797 24.5838025164 24.6220144712
44 1.6895039806 1.9261418186 2.1357689497 2.4394940183 3.4462922347 4.0863689538 4.2077465574 4.2196735184 4.2740607283 4.3264346675 4.356628722 4.3667996181 4.4944928233 4.5275017427 4.5409992463 4.5774446097 4.6003979922 4.6845113322 4.6956790412 4.7651607652 4.8353478897 4.8766988312 5.0035447907 5.0216201158 5.0700234845 5.0959047669 5.2496012592 5.2883102073 5.3463028791 5.5495907964 5.586806478 5.6601722612 5.6963246654 5.7336095448 5.8137590793 5.9601987362 6.0178816298 6.0905580105 6.0983343959 6.107303864 6.1176440234 6.230129033 6.2447258978 6.273438138 6.3412993967 6.3788977187 6.4330760595 6.4950879545 6.5435569521 6.6163199507 6.6337390633 6.6399841354 6.6705239976 6.7359521376 6.748498059 6.7593148445 6.8197777189 6.8733162986 6.9715487221 7.043127169 7.0601794837 7.1156757338 7.1718882575 7.2148740583 7.2798018129 7.4092931231 7.4799473894 7.5738728931 7.6607011407 7.6909190038 7.810960651 7.8352018641 7.9006180204 8.0372623455 8.0825598726 8.0990997529 8.1402867187 8.1418946656 8.1757211643 8.2776791974 8.3125534807 8.3248335286 8.446039937 8.4531530666 8.479307669 8.5296984207 8.6821382012 8.7129408908 8.8637172749 8.8866850191 8.8973399557 9.0414697364 9.1508907604 11.4610992343 11.51628552 11.6600551201 15.5191272239 15.6710905311 15.7323955085 15.8306264941 15.9091302529 16.312188749 23.9261677104 24.5829526067 24.6203798555
45 1.7259301843 1.9675013221 2.1002304359 2.3990095968 3.5102586528 4.0831016842 4.1716710171 4.2292126648 4.2822783859 4.3253636363 4.3676600229 4.3731010391 4.4956812471 4.5278837371 4.5313960246 4.5884143662 4.5895982773 4.6919457399 4.693890102 4.7481658715 4.8436748166 4.8740240998 5.0008641013 5.0099406016 5.070002679 5.0832383557 5.2502572138 5.2874684038 5.3403846358 5.5673227263 5.5942869456 5.6627766181 5.6891820062 5.7280044397 5.8179184398 5.9626376593 6.0164729842 6.0789303364 6.0995856626 6.1032347961 6.1176248764 6.2308789598 6.2430098309 6.2694537881 6.3428425208 6.3759863128 6.4314681891 6.503562548 6.5467407587 6.6196120593 6.6334857073 6.6398284405 6.678794015 6.7335470178 6.758450513 6.7702679999 6.8228450844 6.863609644 6.9559697835 7.045838223 7.0572238922 7.1160736754 7.1647469157 7.214383728 7.2818018806 7.4122856066 7.4859356546 7.569070904 7.6650314813 7.6913085784 7.8145542794 7.8351793469 7.8970091348 8.0379116243 8.0904438686 8.0964278473 8.1401389724 8.1432539093 8.1832037106 8.2757987213 8.3061298222 8.3243694143 8.4462296633 8.4522006806 8.4802765535 8.5279743231 8.6822336784 8.7174145012 8.8654205453 8.8866426286 8.8961114373 9.0370913333 9.1451784316 11.4610691736 11.5272482326 11.6483284982 15.5195443961 15.6735674285 15.7262095384 15.8304574861 15.9091204758 16.3120940137 23.9255665932 24.5822343531 24.6189788649
46 1.7619691657 2.0083132003 2.064916886 2.358910903 3.5721070338 4.0689850707 4.142187216 4.2376345285 4.2890044377 4.3227937875 4.3782605216 4.3810648067 4.4982290511 4.5131013938 4.5363174357 4.5795480111 4.6004070409 4.6919862076 4.6988109555 4.7319031845 4.8525727566 4.871876708 4.9983715463 4.9988463433 5.064049634 5.077900011 5.2505854801 5.288020062 5.3345998245 5.5846587234 5.6014487783 5.6649459811 5.682292186 5.7185824784 5.8247659713 5.9644819842 6.0152474285 6.0671473319 6.1007914133 6.1008892247 6.1174891091 6.2314724939 6.2417759955 6.2659489007 6.344430197 6.3732387912 6.4301670093 6.5112360459 6.5496147682 6.6182928855 6.6370563546 6.6385621613 6.6856881908 6.730939893 6.7687537263 6.7819371003 6.827018792 6.8537113259 6.9398619546 7.048110733 7.0547840029 7.1171128323 7.15813244 7.2139151969 7.2834774944 7.4147576336 7.4916160696 7.5643538746 7.66864362 7.6915833161 7.8180941754 7.8349295782 7.8937013219 8.0384319247 8.0940857073 8.0978795063 8.1386671072 8.1444769649 8.1906247944 8.2741649313 8.2999062618 8.3240177949 8.446500971 8.4513367409 8.48110676 8.5265395454 8.6823116674 8.7213488018 8.8669429005 8.8867526606 8.8949811637 9.0330101401 9.1406056316 11.4610378224 11.5381749457 11.6367755904 15.5198867788 15.6762128861 15.720510665 15.830318309 15.9091124033 16.3120160011 23.9250715008 24.5816476504 24.6178200295
47 1.7973339769 2.0301157608 2.0481547829 2.3196223153 3.6307398557 4.038217456 4.1275215793 4.2447860255 4.2942083727 4.319702052 4.3822329525 4.3959815693 4.4972494093 4.5018485041 4.5407612497 4.5706681265 4.6130343088 4.689421771 4.7047087455 4.7171196479 4.8612516699 4.8702877864 4.9887734437 4.9962169704 5.0544311527 5.0780595753 5.250583967 5.2897159845 5.3291298956 5.6013526458 5.6080621437 5.6666579926 5.6758877663 5.7070099644 5.8323167387 5.9657066042 6.0142485075 6.0567433312 6.0993254453 6.1018749225 6.1172753209 6.231917984 6.2409701167 6.263024083 6.3459755804 6.3707640356 6.4291670501 6.5178288142 6.5520509564 6.6152509778 6.6370959926 6.6416431249 6.6907419384 6.7284763633 6.779159079 6.792609162 6.8334406293 6.8436803049 6.9233167937 7.049831488 7.0529469612 7.1187130885 7.1521664706 7.2135082265 7.2848045211 7.4166953664 7.4967564796 7.5599602598 7.6715015765 7.6917624491 7.8214581113 7.8344170135 7.8908464527 8.0388269375 8.0921692508 8.1048108599 8.136211728 8.1455007171 8.1973867864 8.2728285119 8.2942362567 8.3237415169 8.4468446721 8.4505522265 8.4817753871 8.5254071758 8.68237225 8.7245926287 8.8682312693 8.8869536231 8.8940000296 9.0294726047 9.137128212 11.4610101684 11.5489286631 11.6255331227 15.520153713 15.6789174691 15.7154195425 15.8302094996 15.9091060789 16.3119550113 23.9246843875 24.5811921165 24.6169106713
48 1.8312600692 1.9965920118 2.0859384104 2.2822327833 3.6837194215 3.999164692 4.1225656916 4.2503865056 4.2979412104 4.3167394711 4.3850246244 4.4118664083 4.4807570912 4.5059709293 4.5434832603 4.5638379769 4.6258567385 4.6846143117 4.7057670041 4.7092625552 4.8687884604 4.8692363581 4.98039904 4.9945270359 5.0464178938 5.0789049727 5.2503957591 5.2920530602 5.3242982352 5.6137200539 5.6168759758 5.6678940097 5.6703781734 5.6947079553 5.8389866293 5.9663656219 6.01351039 6.0486157405 6.0982828405 6.1027492163 6.1170417857 6.2322262058 6.2405103043 6.2607957177 6.3473402232 6.3687199165 6.4284605823 6.5229880945 6.5539169449 6.6123028276 6.6358304401 6.6455364049 6.6941007869 6.7264235646 6.7894991304 6.8003347619 6.8336307703 6.843366025 6.9064899262 7.0505704853 7.0521276011 7.1206628061 7.1470875917 7.213194455 7.2857648674 7.418087714 7.5010112409 7.5562383754 7.6735722671 7.6918679403 7.8244923955 7.8336148209 7.8886180769 8.039102836 8.0907500889 8.1111400348 8.1330145434 8.1462729863 8.202914195 8.271835717 8.289556874 8.3235384731 8.4472449675 8.449848108 8.4822651415 8.5245888366 8.6824154851 8.7270140946 8.869222927 8.8871729228 8.8932290529 9.026725226 9.1346937232 11.4609889486 11.5591775709 11.6149338888 15.5203447116 15.6814630116 15.7111630771 15.8301314776 15.9091015369 16.3119112789 23.9244067813 24.580867246 24.6162567232
49 1.8610798643 1.9670135065 2.1181877385 2.2502195553 3.7250776405 3.9645709171 4.1210205797 4.2540316887 4.3002418414 4.3145228615 4.3866729318 4.4281488835 4.4641334607 4.5095702611 4.5437926473 4.5601679862 4.6377353369 4.6764076889 4.7001046616 4.7121463127 4.8686565276 4.8740696263 4.9746756615 4.9934313447 5.0413002746 5.0795458891 5.2501972637 5.294231072 5.3207125424 5.6177371228 5.6297344145 5.6664475727 5.6686431433 5.6836386907 5.8435571763 5.9666173273 6.0130576449 6.0434394968 6.0976768142 6.1033239878 6.1168590817 6.2324067983 6.2402960703 6.2593879232 6.3483190738 6.3673268098 6.4280401936 6.526316783 6.5550934681 6.610229012 6.6349875925 6.6480897442 6.6960037604 6.7250469224 6.7993528019 6.8045055591 6.8239593509 6.8566575789 6.889696452 7.0501770599 7.0524719443 7.1224762218 7.1433943737 7.2129968783 7.286345986 7.4189264906 7.5039064689 7.5536628734 7.6748277398 7.6919207366 7.8269537633 7.8325863203 7.8871900973 8.0392656061 8.0898785392 8.1165761793 8.1294366092 8.1467535423 8.2065998379 8.2712238104 8.2864028975 8.323413581 8.447659137 8.4492561392 8.482563848 8.5240938 8.6824414115 8.728510556 8.8698529405 8.8873397843 8.8927319405 9.0249800904 9.1332547452 11.4609756952 11.5679080725 11.6059926337 15.5204594404 15.6834316227 15.7081654102 15.8300845437 15.9090988019 16.3118849721 23.9242397781 24.5806725546 24.615862562
50 1.8758414649 1.9523323164 2.13325479 2.2352311446 3.7421275468 3.9495868934 4.1206691149 4.2553084356 4.3010382042 4.3136776672 4.3872169775 4.4405869188 4.4515855975 4.5110889895 4.543303422 4.5592557329 4.6439550784 4.6709483116 4.6986827784 4.7131345362 4.8684741473 4.8759958355 4.9726118222 4.9930488949 5.0395483516 5.0797757513 5.2501161004 5.2951681972 5.3193215554 5.619231751 5.6355161939 5.6649825948 5.6688928721 5.6784321418 5.8451851573 5.9666678323 6.0129050805 6.0416618409 6.0974773549 6.1035253796 6.116789625 6.2324662397 6.2402371565 6.2589046664 6.348682298 6.3668243728 6.4279006834 6.5274728667 6.5554959133 6.6094825634 6.6346927169 6.6489776837 6.6966188391 6.7245600452 6.8054421482 6.8057654263 6.8179319863 6.8692312929 6.876114643 7.049953403 7.0526788546 7.1232782947 7.1419655652 7.2129294587 7.2865405029 7.4192066518 7.5049475751 7.5527283639 7.6752485846 7.6919363917 7.8281150051 7.8319202829 7.8866969799 8.0393193781 8.0895846793 8.1194526247 8.1271765048 8.1469166832 8.2079045095 8.2710170356 8.2852788753 8.3233713779 8.4478960907 8.4489606761 8.4826642264 8.52392809 8.6824500512 8.7290168268 8.8700696402 8.8874018674 8.8925596235 9.0243813261 9.1327788971 11.4609711962 11.5719383718 11.601891984 15.5204977047 15.6842072468 15.7070463503 15.830068879 15.9090978885 16.3118761919 23.924184037 24.5806076988 24.6157308731
51 1.8758414649 1.9523323164 2.13325479 2.2352311446 3.7421275468 3.9495868934 4.1206691149 4.2553084356 4.3010382042 4.3136776672 4.3872169775 4.4405869188 4.4515855975 4.5110889895 4.543303422 4.5592557329 4.6439550784 4.6709483116 4.6986827784 4.7131345362 4.8684741473 4.8759958355 4.9726118222 4.9930488949 5.0395483516 5.0797757513 5.2501161004 5.2951681972 5.3193215554 5.619231751 5.6355161939 5.6649825948 5.6688928721 5.6784321418 5.8451851573 5.9666678323 6.0129050805 6.0416618409 6.0974773549 6.1035253796 6.116789625 6.2324662397 6.2402371565 6.2589046664 6.348682298 6.3668243728 6.4279006834 6.5274728667 6.5554959133 6.6094825634 6.6346927169 6.6489776837 6.6966188391 6.7245600452 6.8054421482 6.8057654263 6.8179319863 6.8692312929 6.876114643 7.049953403 7.0526788546 7.1232782947 7.1419655652 7.2129294587 7.2865405029 7.4192066518 7.5049475751 7.5527283639 7.6752485846 7.6919363917 7.8281150051 7.8319202829 7.8866969799 8.0393193781 8.0895846793 8.1194526247 8.1271765048 8.1469166832 8.2079045095 8.2710170356 8.2852788753 8.3233713779 8.4478960907 8.4489606761 8.4826642264 8.52392809 8.6824500512 8.7290168268 8.8700696402 8.8874018674 8.8925596235 9.0243813261 9.1327788971 11.4609711962 11.5719383718 11.601891984 15.5204977047 15.6842072468 15.7070463503 15.830068879 15.9090978885 16.3118761919 23.924184037 24.5806076988 24.6157308731
52 1.8771509762 1.9532883866 2.1337621835 2.2357101734 3.7424620457 3.9499427896 4.1206889912 4.2554361489 4.3008597943 4.3133454131 4.3855499771 4.4396150257 4.4478165325 4.5112642929 4.5424521369 4.5594793418 4.6458568651 4.6732760876 4.6991935512 4.7138083525 4.8683256591 4.8762539286 4.9729869991 4.9936101013 5.0402374152 5.0796724348 5.2500719477 5.2953404798 5.3192685117 5.6188798559 5.6353458875 5.6650972773 5.6682238749 5.6794198112 5.8450422022 5.9665644867 6.0119882389 6.041886231 6.0970816784 6.1036343375 6.1169828324 6.2320457199 6.2399839632 6.2594144225 6.3487700475 6.3671578195 6.4281583795 6.5270352934 6.5551281412 6.6076238431 6.6334744054 6.649412383 6.6954288306 6.725768435 6.8054667069 6.8060194785 6.8180234409 6.8699873803 6.8759305168 7.0496305508 7.0522099627 7.1228335116 7.1412843535 7.2134239653 7.2866312545 7.419807344 7.5052901284 7.5528503356 7.6754364478 7.6920268603 7.8283427079 7.8319821166 7.8871922732 8.0391922353 8.0898581917 8.1194917359 8.1266790111 8.1472781977 8.207873085 8.270533899 8.2853134817 8.3233275372 8.4479246505 8.4489732351 8.4826580981 8.5235470396 8.6826891234 8.7289727935 8.8700582844 8.887611168 8.8923634593 9.0245297539 9.1327953424 11.4609557432 11.5719323123 11.6018636942 15.5204814051 15.6842539659 15.7070630086 15.8302666678 15.9091801991 16.3119106527 23.9241707231 24.580566591 24.615699319
53 1.8810710867 1.9561514096 2.1352834086 2.237146469 3.7434641561 3.9510104547 4.1207484459 4.2558137895 4.3002700788 4.3123044859 4.3806490115 4.4367557895 4.438255334 4.508759789 4.5402009873 4.5621916675 4.6511447565 4.6793061584 4.7009727276 4.7158342329 4.8678891332 4.8770351172 4.9741086831 4.9952867686 5.0423034199 5.0793652606 5.2499395098 5.295858988 5.3191107099 5.6178354475 5.634840902 5.6654373985 5.6667956092 5.6817942483 5.8446135564 5.9662541471 6.0093953607 6.0424024644 6.095943707 6.1039628465 6.1175132693 6.2308723728 6.2392337968 6.2608464711 6.3490327051 6.3681412352 6.4289287194 6.5257289893 6.5540265867 6.6021557897 6.6301693114 6.6503825901 6.6924181699 6.7287696535 6.8055974531 6.8067042775 6.8183210345 6.8721898409 6.875364026 7.0486769777 7.0508170739 7.1215504548 7.1392810573 7.2148741873 7.2868965478 7.4215924478 7.5063100071 7.5532065646 7.6759895672 7.6922965462 7.8290290447 7.832162334 7.888655463 8.0388107503 8.0906889227 8.1196094986 8.1252811216 8.148273779 8.2077777608 8.2691083698 8.2853978649 8.323196242 8.4480076362 8.4490104276 8.482640253 8.522420551 8.6833931096 8.7288408717 8.8700286513 8.8882330059 8.8917784977 9.024971221 9.1328445001 11.4609094388 11.5719141529 11.6017789363 15.5204326172 15.684393963 15.7071129451 15.8308592424 15.909426741 16.3120138625 23.9241308349 24.58044343 24.6156047808
54 1.8875767039 1.9609059014 2.1378156061 2.2395376631 3.7451296302 3.9527897754 4.1208468009 4.2564225685 4.2990984381 4.3104155582 4.3728053059 4.4257650506 4.4321917071 4.5001353692 4.5372095099 4.569620405 4.6588107758 4.6865984979 4.7049696881 4.7192351558 4.8671911533 4.8783594808 4.975965925 4.9980575583 5.0457418185 5.07886305 5.2497188958 5.2967286621 5.3188521695 5.6161334957 5.634017847 5.6653137686 5.6659923108 5.6848190858 5.8438998784 5.9657359098 6.0054697336 6.0428727861 6.0941775182 6.104512313 6.1182665089 6.2291429015 6.2380133212 6.2629767277 6.3494684718 6.3697252077 6.4302030566 6.5235726911 6.5521966949 6.5933752308 6.6253030871 6.6514096279 6.6884836441 6.7324968344 6.8058275498 6.8077664314 6.8188794135 6.8743752496 6.8756605163 7.0471380376 7.0485419319 7.1195694088 7.1360714327 7.2171909089 7.2873170022 7.4245132345 7.5079840402 7.5537689945 7.6768773829 7.6927410108 7.8301828981 7.8324467578 7.891017924 8.0381748218 8.0921050878 8.1198088561 8.1231871674 8.1497159455 8.2076154636 8.2667965897 8.2854893331 8.32297819 8.4481366712 8.4490708064 8.4826123029 8.5205971193 8.6845241597 8.7286215942 8.8699923536 8.8892508623 8.8908150333 9.0256945791 9.1329258354 11.4608324459 11.5718839509 11.6016380447 15.5203516726 15.6846267577 15.7071960433 15.8318442322 15.9098363471 16.3121853049 23.9240645324 24.5802387017 24.6154476297
55 1.8966265888 1.9675263165 2.1413540339 2.2428798262 3.7474510856 3.9552804119 4.1209823909 4.2572213751 4.2970406344 4.3074249303 4.3624846771 4.4122882345 4.4262487073 4.4863078448 4.5340760797 4.5805507488 4.667684574 4.692463977 4.7125178842 4.7240720254 4.8662755317 4.880258331 4.9785422496 5.0018851153 5.0505419074 5.0781823693 5.2494104617 5.2979575936 5.3184996966 5.6138338558 5.6329010421 5.6640793599 5.6667474373 5.6881406236 5.8429022679 5.9650082865 6.0005440677 6.0429832703 6.0919042612 6.1052752094 6.1191209242 6.2270515175 6.2363622187 6.2655640619 6.3500742476 6.3718314383 6.4319655195 6.5205960189 6.5496479705 6.5816963063 6.6191752721 6.6522698462 6.6841443812 6.7362156998 6.8061140983 6.8091497943 6.8197532423 6.8729063081 6.8801525816 7.0450901961 7.0454552281 7.1170866724 7.1318321546 7.2202539972 7.2878646599 7.4284952003 7.5102741808 7.554493932 7.6780517973 7.6933550337 7.8318163979 7.8328164223 7.8941645754 8.0372845269 8.0941446704 8.1201011552 8.1205930078 8.151436788 8.2073813243 8.2636612594 8.2855480246 8.3226746047 8.4482967771 8.4491519812 8.4825769099 8.5181531605 8.6860247899 8.7283158436 8.869964222 8.8894892824 8.8906416774 9.0266821945 9.1330384578 11.4607250357 11.5718418018 11.6014415752 15.5202391193 15.6849515487 15.7073121048 15.8332177017 15.9104070829 16.312424122 23.9239720815 24.5799532139 24.615228483
56 1.9081641978 1.9759774283 2.1458921022 2.2471674928 3.7504175251 3.9584815415 4.1211517065 4.2581208621 4.2936491977 4.3029452545 4.3503206633 4.3990004317 4.4193840567 4.4694199579 4.5311482499 4.5930036998 4.6766932021 4.6965213999 4.723089293 4.7304410568 4.8652034874 4.882771037 4.9818177313 5.0067125953 5.0566827037 5.0773511914 5.2490151003 5.299556802 5.318063051 5.6110185621 5.6315190982 5.6631883269 5.6676874095 5.6915909109 5.8416222691 5.9640692295 5.9948659652 6.042527254 6.0892205963 6.1062257589 6.1199793935 6.2247392575 6.2343275293 6.2683987469 6.3508454352 6.3743573967 6.4341903431 6.5168373681 6.5463940389 6.567569247 6.6119356287 6.6529163394 6.6796010011 6.7395306205 6.8064074234 6.8107655314 6.8209737842 6.8708964957 6.8853928971 7.0416577431 7.0426407395 7.114318194 7.126780382 7.2239377959 7.2885076243 7.4334463267 7.5131283438 7.5553258208 7.6794514037 7.6941351776 7.8332520649 7.8339409413 7.897936018 8.0361405406 8.0968368711 8.1176446581 8.1205200119 8.153329133 8.2070690247 8.259760709 8.2855486118 8.3222873267 8.4484647283 8.4492506533 8.4825377464 8.5151881032 8.6878246811 8.7279248456 8.8699582857 8.8878221458 8.8923798112 9.0279111932 9.1331811218 11.4605875873 11.5717878392 11.6011903029 15.5200957147 15.6853672141 15.7074608435 15.8349741732 15.9111362613 16.312729119 23.9238538529 24.5795880931 24.6149482016
57 1.9221188007 1.9862148433 2.1514214209 2.2523936965 3.7540136111 3.9623914297 4.1213480672 4.2589014062 4.2883774801 4.296507704 4.3371059097 4.3866113891 4.4121402845 4.4510723608 4.5285530396 4.605728849 4.6849873271 4.6999332732 4.7349906402 4.738406256 4.8640555612 4.8859407913 4.9857710203 5.0124565918 5.0641282218 5.0764163706 5.2485347181 5.3015399034 5.3175551956 5.6077842038 5.629902155 5.6626521341 5.668798456 5.6950747838 5.8400618768 5.9629161656 5.9886060728 6.0414016359 6.0861946661 6.1073149967 6.1207735075 6.2222943413 6.2319579141 6.2712982676 6.3517755894 6.3771807253 6.4368370227 6.5123415018 6.5424470386 6.5514309943 6.6036837525 6.6533795561 6.6749145997 6.7422430902 6.8066508841 6.8124861358 6.8225443483 6.8683078906 6.8911086976 7.0372810193 7.0399243761 7.1114716575 7.1211515116 7.228127742 7.2892140234 7.4392657741 7.5164815354 7.5562012474 7.6810072523 7.6950822613 7.8337372337 7.8365617812 7.9021357363 8.0347448257 8.1001617344 8.1144470923 8.1211537046 8.1553374162 8.2066712254 8.255151821 8.2854788044 8.3218189453 8.4486065492 8.4493626696 8.4824994364 8.5118201419 8.6898477506 8.7274501582 8.8699851742 8.8858377695 8.8944395961 9.0293549128 9.1333522288 11.4604205865 11.571722235 11.6008852189 15.5199224169 15.6858723109 15.7076418783 15.8371066573 15.9120204635 16.3130987709 23.9237103208 24.5791447799 24.6146078866
58 1.9384068225 1.9981856295 2.1579318602 2.2585500143 3.7582186339 3.9670067304 4.1215596419 4.2588997273 4.2807358426 4.2879937263 4.3236698138 4.375252035 4.4050778038 4.4326341689 4.5262934629 4.6179841167 4.6920422161 4.7034258518 4.7472094896 4.7478784295 4.8629367423 4.8898096982 4.9903809279 5.0189921816 5.0728229629 5.0754592891 5.2479729813 5.303922654 5.3169926498 5.6042322071 5.6280801938 5.6624461099 5.6700696417 5.6985312272 5.8382235448 5.9615460352 5.9818827129 6.0395799468 6.0828725188 6.1084725746 6.1214573372 6.2197670432 6.2292988133 6.2740860896 6.3528558708 6.3801624414 6.4398417386 6.5071572895 6.5335739263 6.5379318293 6.5945191413 6.6537221191 6.6701024604 6.7442598416 6.8067781442 6.8141310777 6.8244495994 6.8651659027 6.8970383569 7.0324871358 7.0370946381 7.1087304211 7.1151789937 7.2327271382 7.2899545465 7.4458514308 7.5202572215 7.5570525446 7.6826498029 7.6962031288 7.8342593785 7.8396715168 7.9065432428 8.0331016891 8.1039608046 8.1110813497 8.1222222023 8.157440083 8.2061800342 8.2498977311 8.2853342611 8.3212729731 8.4486740782 8.4494831007 8.4824674723 8.5081839009 8.6920183033 8.7268936592 8.8700511387 8.8835620954 8.8967963131 9.0309843668 9.1335498307 11.4602246253 11.5716451991 11.6005275264 15.5197203726 15.6864650754 15.7078547253 15.8396066912 15.9130555654 16.3135312298 23.9235420604 24.5786250237 24.614208875
59 1.9569333481 2.0118290389 2.1654116214 2.2656266194 3.763005085 3.9723213295 4.1217664898 4.2557974359 4.2705276241 4.2792821875 4.3104863343 4.3640148703 4.3986923421 4.4158363903 4.5243257262 4.6292766943 4.6976831873 4.7073198839 4.7585570582 4.7592677239 4.8619867362 4.894413785 4.9956274078 5.0261196461 5.0746301673 5.0826882929 5.2473364757 5.3067223504 5.3163959834 5.6004606619 5.6260822862 5.6625320752 5.6714931106 5.7019188981 5.8361102004 5.9599553328 5.97478113 6.0370855726 6.0792852813 6.1096138617 6.1220004397 6.2171828978 6.2263889029 6.2765680135 6.3540742996 6.3831484182 6.4431022096 6.5013361429 6.5145612375 6.5326820584 6.584571907 6.6540210546 6.6651725653 6.7455444409 6.8067053583 6.815440676 6.8266682948 6.8616187504 6.9029313805 7.0274676836 7.0343092421 7.1062472768 7.1090791567 7.237657331 7.2907035504 7.4531053506 7.5243688827 7.5578106939 7.6843164439 7.6975113602 7.8348092941 7.8432430801 7.9109321365 8.0312193078 8.1076167757 8.1077691687 8.1242275727 8.1596365989 8.2055874855 8.2440766457 8.2851146786 8.3206540707 8.4486008548 8.4496063479 8.4824481039 8.5044303638 8.6942656435 8.7262575316 8.8701581858 8.8810215507 8.8994261268 9.0327695754 9.1337716345 11.4600004001 11.5715569798 11.6001186362 15.5194909037 15.6871434235 15.7080987897 15.842464382 15.9142367677 16.3140243356 23.9233497459 24.5780308753 24.6137527347
60 1.977593729 2.0270773006 2.1738473188 2.2736123417 3.7683367108 3.9783243713 4.1219360344 4.2452792273 4.257968473 4.2749672826 4.2973729646 4.3508214158 4.393330564 4.4029792416 4.5226012494 4.6392622698 4.701977053 4.7117551022 4.7700115269 4.7708917824 4.8613977723 4.8997786629 5.0014919712 5.0334887941 5.0742251155 5.0936199571 5.2466365196 5.3099570738 5.3157905164 5.5965594606 5.6239364327 5.6628696638 5.6730637001 5.7052096333 5.8337252634 5.9581401458 5.9673657382 6.033970357 6.0754545024 6.1106487734 6.122382651 6.2145513861 6.2232577902 6.2785065319 6.3554148758 6.3859687825 6.4464507705 6.4946134396 6.4949320061 6.5268816805 6.5740358072 6.6543610309 6.6601304867 6.7460958713 6.8063090964 6.8160510977 6.8291815352 6.8580085468 6.9085427982 7.0224423635 7.0317111368 7.1030425871 7.1041443919 7.242854845 7.2914391414 7.4609367547 7.5287217386 7.5584075391 7.685958709 7.6990268496 7.8353796584 7.8472230303 7.9150903853 8.0291118058 8.1041178873 8.1107658259 8.127979809 8.1619394541 8.2048860174 8.2377934417 8.2848218325 8.3199683297 8.4482984982 8.4497262848 8.4824481951 8.500728002 8.696527043 8.7255442466 8.8703047471 8.8782419666 8.9023055812 9.0346806701 9.1340150108 11.4597487106 11.5714578629 11.5996601604 15.5192354916 15.6879049528 15.708373359 15.8456684567 15.9155586314 16.314575627 23.9231341475 24.577364679 24.6132412581
61 2.0002752305 2.0438564626 2.1832240698 2.2824947349 3.774165875 3.9849967211 4.1220159126 4.22825994 4.2435609663 4.2746198661 4.2840598643 4.3340430048 4.389141816 4.3955383535 4.5210837341 4.6477301923 4.7050823727 4.7167521269 4.7818100288 4.7818447214 4.8614413339 4.9059164639 5.0079576729 5.040445521 5.0748412596 5.1054863017 5.2458920506 5.3136447652 5.3152073337 5.5926085053 5.6216696758 5.6634215159 5.6747782506 5.7083850016 5.8310726752 5.9560961832 5.9596875841 6.0302994305 6.0713956985 6.1114892867 6.1225906041 6.2118708861 6.219924635 6.2795890856 6.3568567335 6.388434499 6.4496065685 6.4741667091 6.4880046591 6.5205457106 6.5632189624 6.6548317665 6.6549768064 6.7459440406 6.8053654826 6.8155479039 6.8319735607 6.8548962864 6.9136267819 7.0176568063 7.0294097538 7.0972319128 7.1025161808 7.2482677573 7.2921427081 7.4692627015 7.5332147342 7.558777505 7.6875482382 7.700774393 7.835963283 7.8515260724 7.9188390881 8.0268018755 8.1006475375 8.1124159815 8.1339213615 8.1643693406 8.2040689661 8.2312002063 8.284459163 8.3192236295 8.4476566489 8.4498364366 8.482475046 8.4972618421 8.6987492798 8.7247565455 8.8704864962 8.8752477592 8.9054110563 9.0366887414 9.1342770035 11.4594704577 11.5713481724 11.5991539068 15.5189557601 15.6887469446 15.708677597 15.849206315 15.9170151159 16.3151823552 23.9228961284 24.5766290637 24.6126764556
62 2.0248586671 2.0620872586 2.1935255926 2.2922601494 3.7804299984 3.9923042171 4.121922293 4.2080449858 4.2278723997 4.267974898 4.277842581 4.314169825 4.3860967476 4.392780343 4.519753338 4.6546124742 4.7071607769 4.7222215121 4.7918284449 4.7935918223 4.8624969192 4.9128243418 5.0150088247 5.0458982661 5.0775122528 5.1181258881 5.2451343468 5.3146847989 5.3178021379 5.5886778906 5.6193082858 5.664155134 5.6766348241 5.7114342112 5.828156938 5.9517889201 5.953818786 6.026141621 6.0671206295 6.1120543617 6.1226154056 6.2091308528 6.2163973089 6.2793866751 6.3583735855 6.3903293835 6.4520946981 6.4537215068 6.480630276 6.5137208612 6.5526254691 6.6497027428 6.6555266716 6.7451544152 6.8034036372 6.8137851011 6.8350261617 6.8528964531 6.9179358408 7.0133764079 7.0274680647 7.0917842284 7.1014329143 7.2538523888 7.2927982655 7.4780066602 7.5377431027 7.5588590475 7.689080638 7.7027815588 7.8365514116 7.8560316453 7.922045964 8.0243237648 8.0972677252 8.1129378104 8.1416063124 8.1669519763 8.2031311527 8.2245406345 8.2840325506 8.3184300871 8.4465520685 8.4499301988 8.4825361812 8.4942245897 8.7008890838 8.7238974201 8.8706971205 8.8720613644 8.9087183802 9.0387664364 9.1345543452 11.4591666417 11.5712282697 11.5986018711 15.5186534575 15.689666368 15.7090105401 15.8530640876 15.9185996205 16.3158414988 23.9226366409 24.5758269321 24.6120605471
63 2.0512199804 2.0816859795 2.2047343098 2.3028938106 3.7870467795 4.0001837242 4.1215202321 4.1861523295 4.2113964427 4.2526789474 4.2799719896 4.2925935543 4.3840552918 4.39316868 4.5186055006 4.6599709981 4.7083515642 4.7279862957 4.8004476589 4.805079006 4.865047871 4.9204843256 5.0226305633 5.0488313786 5.0831971902 5.1313420843 5.2444150034 5.3142708745 5.32244344 5.5848290346 5.6168779195 5.6650430962 5.6786319293 5.7143527048 5.8249831678 5.9437060587 5.9513029101 6.0215640704 6.0626387553 6.1122723814 6.1224509712 6.2063115361 6.2126717143 6.2773079084 6.3599336488 6.3913938957 6.4339229919 6.4531381385 6.4729249473 6.5064585836 6.5430614771 6.6442868305 6.6565413243 6.7438348809 6.7995972236 6.811357175 6.8383096424 6.8523085924 6.9212350594 7.0098686956 7.0258993854 7.086815398 7.1009439377 7.2595706526 7.2933918199 7.4870949961 7.5422022365 7.5585959755 7.6905766917 7.705076175 7.8371321701 7.8605832714 7.9246311635 8.0217261569 8.0940389323 8.1127105847 8.1501809972 8.1697154541 8.2020697518 8.2182566209 8.2835523206 8.3176006316 8.4448725952 8.4500010899 8.4826391098 8.4917938814 8.7029128295 8.7229700932 8.868702891 8.8709289729 8.9122026588 9.0408883425 9.1348434759 11.4588383595 11.5710985535 11.5980062292 15.5183304371 15.6906598853 15.7093710953 15.8572266961 15.9203050279 16.3165497805 23.9223567226 24.5749614492 24.6113959543
64 2.0792317225 2.1025653322 2.2168314582 2.3143799005 3.7939078483 4.0085112803 4.1205900553 4.1633236433 4.1945152781 4.2360282052 4.2704641489 4.2828776215 4.3828380967 4.3955995711 4.5176480496 4.6639503538 4.7087736556 4.7338327506 4.807300002 4.8160629616 4.8695678396 4.9288637976 5.0308083576 5.0493596313 5.09172888 5.1448906778 5.2438198472 5.3140267556 5.3275791054 5.5811161032 5.6144037197 5.6660625899 5.6807677788 5.7171411452 5.8215571633 5.9354711776 5.9485430657 6.0166295918 6.0579581727 6.1120817166 6.1220926532 6.2033803615 6.2087309356 6.2725829835 6.3614996715 6.3912944062 6.4155885393 6.4516589332 6.4650547723 6.4988127415 6.5356626335 6.6386938035 6.6579710508 6.7421393844 6.7934073286 6.8090924837 6.8417729435 6.8529666349 6.9233412118 7.0073654625 7.0246744383 7.0824233739 7.1010801575 7.2653880676 7.2939108438 7.4964506678 7.5464943812 7.5579386616 7.692080712 7.7076837712 7.8376891557 7.8649912698 7.9265653183 8.0190740686 8.0910185856 8.1119470604 8.1584546585 8.172687024 8.200885926 8.2132448937 8.2830371052 8.3167517425 8.4425535355 8.4500430291 8.4827910672 8.4900979673 8.7047957576 8.7219779976 8.8651899496 8.8711735923 8.9158383094 9.0430311996 9.1351405667 11.4584868022 11.5709594596 11.5973693286 15.5179886378 15.6917238583 15.7097580399 15.8616779165 15.9221237492 16.3173036857 23.9220574923 24.5740360303 24.6106852904
65 2.1087644203 2.1246352686 2.2297972006 2.3267016425 3.8008705217 4.0170195681 4.1187698546 4.1401411251 4.1775071702 4.2184468461 4.2487292799 4.2861184634 4.3822731812 4.3994296851 4.5168980196 4.6667201625 4.7085326842 4.7395643043 4.8122106867 4.8263874738 4.8762762855 4.9379153725 5.0395275047 5.0483380946 5.1022077882 5.1584542283 5.2434936066 5.3140326397 5.3332143434 5.5775874056 5.6119103545 5.6671947486 5.6830395575 5.7198046406 5.8178854921 5.92711346 5.9455331954 6.0113956029 6.0530862175 6.1114298595 6.1215358621 6.2002812276 6.2045439223 6.2643693816 6.3630264743 6.3895713213 6.3996210244 6.4468805621 6.4570235369 6.4908389649 6.5315666531 6.6328764826 6.6599072607 6.7402650286 6.785279151 6.8070857937 6.8453338614 6.8544906619 6.9241849137 7.006007024 7.0237361572 7.0786884015 7.1018558838 7.2712723248 7.2943438848 7.5059817747 7.5505413087 7.5568450505 7.6936561017 7.7106252891 7.8382001238 7.8690395478 7.9278619328 8.0164484531 8.0882590753 8.1107353018 8.1644416868 8.1758874827 8.1995886024 8.2112730298 8.2825212991 8.3159044112 8.439609036 8.4500506229 8.4829987592 8.4891873522 8.7065209435 8.7209247566 8.8615376109 8.8714221043 8.9195992559 9.045173987 9.1354415493 11.4581132522 11.57081146 11.5966936791 15.5176300645 15.6928543578 15.7101700236 15.8664004455 15.9240477705 16.3180994823 23.9217401448 24.5730543271 24.6099313504
66 2.1396878043 2.1478037735 2.2436107435 2.3398413879 3.8077475402 4.0250494367 4.1154585668 4.117437635 4.1605833345 4.2001246714 4.2284052464 4.2895708479 4.3822170245 4.404281203 4.5163786103 4.6684352134 4.7077263204 4.7450307996 4.8153981336 4.8359354066 4.8849738759 4.9475742813 5.0464537534 5.0487726388 5.1139165298 5.1715947737 5.2436820648 5.3143968943 5.3393477388 5.5742866473 5.6094220109 5.6684239975 5.6854426533 5.7223521282 5.8139755941 5.9186597991 5.9422664677 6.0059138455 6.0480298399 6.1102710425 6.1207743807 6.1969031544 6.2000634287 6.2520829365 6.364444579 6.3855793953 6.3867308642 6.4394261882 6.4483477699 6.4825953966 6.5312129412 6.6267813718 6.6624324721 6.7384414951 6.7759721419 6.805098706 6.8488686098 6.8565379324 6.9238687918 7.0057957715 7.0230183079 7.0756693993 7.1032702641 7.2771922766 7.2946802954 7.5155585848 7.5543099743 7.5552813235 7.6953783869 7.7139153061 7.8386357563 7.8724973942 7.928567239 8.0139419364 8.0858056094 8.1091009875 8.1658433301 8.1793181832 8.198204999 8.2144282838 8.2820703984 8.3150854016 8.4361377268 8.4500194373 8.4832681291 8.4890333979 8.7080781627 8.7198141639 8.8577584553 8.8716655208 8.9234592309 9.0472979215 9.1357421511 11.4577190793 11.5706550623 11.5959819428 15.5172567684 15.6940471736 15.7106055727 15.871375968 15.9260686995 16.3189332423 23.9214059468 24.5720202134 24.6091371002
67 2.1718718895 2.1719776021 2.25825046 2.353780703 3.8142953386 4.0307093537 4.0971839636 4.1096517182 4.1440577113 4.181242688 4.2107102665 4.2931571899 4.3825603405 4.4099183955 4.5161163399 4.6692208403 4.706447254 4.7501283814 4.8173550932 4.8446194726 4.8951693614 4.9577498236 5.0441140488 5.0585272624 5.1264427075 5.1836848386 5.2447899267 5.3152702978 5.3459699362 5.5712540302 5.6069623554 5.6697374806 5.6879697769 5.7247958687 5.8098358976 5.9101352091 5.9387349496 6.0002303965 6.042795819 6.108561294 6.1197979419 6.192971239 6.1952229924 6.2358788611 6.3655654086 6.3771648494 6.3785218184 6.430811593 6.4387789362 6.4741457188 6.5341085891 6.6203581317 6.6656141296 6.7369135645 6.7660675012 6.8029715199 6.8521997218 6.8588695348 6.9226833334 7.0065966465 7.0224637177 7.073397742 7.1053085584 7.2831172385 7.294910062 7.5249628989 7.5532221023 7.5578675647 7.6973262069 7.717560913 7.8389585646 7.8751370488 7.9287502778 8.011649453 8.0836940083 8.1070379704 8.1626312767 8.1829211858 8.1968170449 8.2224748723 8.2818150782 8.3143289079 8.4323027023 8.4499462346 8.4836041758 8.4895544466 8.7094627609 8.7186501649 8.8538626831 8.8718949587 8.9273921335 9.0493863991 9.1360379362 11.4573057375 11.5704908092 11.5952369238 15.5168708279 15.6952978272 15.7110630945 15.8765852278 15.9281778123 16.3198008649 23.9210562308 24.57093777 24.6083056649
68 2.1970629595 2.2051879006 2.2736940298 2.3685004568 3.8202029777 4.0289016565 4.0844424152 4.0997420746 4.128852768 4.1620347002 4.1968351471 4.2968109027 4.3832274031 4.4161839797 4.516138365 4.669175106 4.7047846989 4.7547821636 4.8186130228 4.8523760733 4.906325661 4.9683032286 5.0416020738 5.0687732893 5.1395477912 5.1938786113 5.2473913841 5.3168665339 5.353062486 5.5685272332 5.6045544763 5.6711245759 5.6906098677 5.7271510234 5.8054759418 5.901563043 5.9349291132 5.9943856406 6.0373908511 6.1062475281 6.1185883282 6.1875600777 6.1899329641 6.2172091927 6.3653976921 6.3677884672 6.3713277826 6.4221572169 6.4287134411 6.4655661965 6.5393847125 6.613571821 6.6694971443 6.7359191795 6.7559681797 6.8006349694 6.8550844659 6.8613312993 6.921071187 7.0081897524 7.0220379856 7.0718716119 7.1079434787 7.2890165168 7.2950237121 7.5337760324 7.550650149 7.5614993082 7.6995711052 7.7215612582 7.8391220755 7.8767565981 7.9284948076 8.0096540257 8.0819484162 8.1045217179 8.1567491685 8.1864122006 8.1957237718 8.233058844 8.2820314845 8.3136787233 8.428306993 8.4498291518 8.484010845 8.4906494122 8.7106745917 8.7174368383 8.8498582598 8.872101792 8.9313723979 9.051424903 9.1363243523 11.4568747604 11.5703192774 11.5944615568 15.5164743303 15.6966015859 15.7115408849 15.8820080998 15.9303661002 16.3206981009 23.9206923903 24.5698112684 24.6074403168
69 2.2229661181 2.2395090009 2.2899186388 2.383980907 3.8250868409 4.0148971038 4.0836196763 4.0842168378 4.1164712555 4.142977459 4.1873142408 4.30046605 4.3841735673 4.4229661097 4.5164699685 4.6683773811 4.7028252046 4.7589258676 4.81961942 4.8591611609 4.9179911364 4.9789922431 5.0392215015 5.0794905712 5.1530786008 5.2013404399 5.2519796745 5.3194856222 5.3605969138 5.5661423142 5.6022208132 5.672576486 5.6933466376 5.7294352941 5.8009064878 5.8929651027 5.9308371051 5.9884139033 6.0318215263 6.10323948 6.1171125134 6.1770580722 6.1840764082 6.2005725286 6.353477066 6.3620065553 6.3702297602 6.4135036472 6.4188727488 6.4569597647 6.5462972705 6.6064151581 6.6740938857 6.7356668797 6.7459667774 6.798072433 6.8572155146 6.8638248905 6.9195632646 7.0103386786 7.0217353077 7.0710547402 7.1111367732 7.2948590993 7.2950122821 7.5412042687 7.5475556145 7.5658891154 7.7021674323 7.7259076481 7.839070588 7.8772050742 7.9278933928 8.008010684 8.0805789181 8.1015166305 8.149715346 8.1886254384 8.1960904234 8.2439105664 8.2833211348 8.3131910278 8.4243837028 8.4496678083 8.4844910134 8.4922214367 8.7117170649 8.7161783799 8.8457510829 8.8722777527 8.9353753411 9.0534008932 9.1365967842 11.4564277571 11.5701410761 11.593658896 15.5160693547 15.6979534794 15.7120371354 15.8876236639 15.9326243151 16.3216205785 23.9203158737 24.5686451538 24.6065444623
70 2.2495939704 2.2747105879 2.3069014863 2.4002017846 3.8285003751 3.9930585955 4.0637194848 4.0887069321 4.1072728088 4.125837021 4.1816962793 4.3040538035 4.38538254 4.4301804013 4.5171322928 4.6668969965 4.7006532178 4.7624885846 4.8207253523 4.8649473402 4.9298146313 4.9893311348 5.0374788334 5.0906563315 5.1669252204 5.2058230697 5.2583823912 5.3235212546 5.3685340566 5.5641345676 5.5999830779 5.6740858846 5.6961565281 5.7316686111 5.7961395922 5.8843617265 5.926443675 5.9823423105 6.0260941868 6.0993203563 6.1153096824 6.1572161461 6.1775081073 6.1912248135 6.3364139422 6.3576492756 6.370662822 6.4037563086 6.4102477309 6.4484818498 6.5543351166 6.5989170957 6.6793659106 6.7363005348 6.7363168859 6.795300476 6.858260318 6.8662873627 6.918695981 7.0128381545 7.0215754168 7.0708816302 7.1148411554 7.2948673322 7.3006134662 7.543934959 7.5462145402 7.5719886999 7.7051439719 7.7305839881 7.8387399509 7.8764035952 7.9270431286 8.0067343261 8.0795792854 8.0979837121 8.1423287777 8.1882594086 8.1991953698 8.2529038307 8.2868207662 8.3129378272 8.420806546 8.4494633392 8.4850465718 8.4941883541 8.7125963216 8.7148790858 8.8415451548 8.8724149908 8.9393774647 9.0553036897 9.1368506128 11.455966407 11.5699568463 11.592832103 15.5156579556 15.6993483171 15.712549942 15.8934102806 15.9349430147 16.3225638306 23.9199281788 24.5674440281 24.6056216289
71 2.2768545163 2.3106673402 2.3246234272 2.4171423761 3.8299707882 3.9680585658 4.0400960309 4.0868882544 4.100937919 4.1188491455 4.1790084266 4.3075024471 4.386863305 4.4377595842 4.5181404556 4.6647995075 4.6983515771 4.7653948237 4.8222033452 4.8697216735 4.9415202534 4.998280921 5.0374121682 5.1022443381 5.1810015151 5.2078824542 5.2656045483 5.3294033493 5.3768236887 5.5625393515 5.5978621642 5.6756466024 5.6990057201 5.7338728546 5.791188601 5.8757719651 5.9217286068 5.9761879963 6.0202146393 6.0937738092 6.1130649818 6.132886025 6.1700664398 6.1856813719 6.3176839795 6.3532327672 6.3708453498 6.392702636 6.4026243478 6.4403825503 6.5631627514 6.591144721 6.6851739686 6.727223082 6.7379688534 6.7923610131 6.8579617499 6.8686786456 6.9188955461 7.0155327047 7.0215940183 7.0712680078 7.1190025589 7.2945809995 7.3062474881 7.539789709 7.5484679613 7.5800860332 7.7084986661 7.7355672775 7.8380599636 7.87435568 7.9260419983 8.0057975938 8.0789254391 8.0938932699 8.1350203051 8.1865330262 8.2037660325 8.2583297528 8.2935355947 8.313010852 8.4179182359 8.4492183644 8.4856786075 8.4964846163 8.7133205436 8.7135433382 8.8372427589 8.8725061022 8.9433567006 9.0571243551 9.1370812789 11.4554924549 11.5697672587 11.5919844342 15.5152421487 15.7007807079 15.7130773141 15.8993456684 15.937312606 16.3235233226 23.9195308459 24.5662126311 24.6046754514
72 2.3046572824 2.3429824632 2.347340314 2.4347816022 3.8290689211 3.9416399352 4.0146063827 4.0714231825 4.0976069367 4.1270789948 4.1783426814 4.3107405911 4.3886459222 4.4456472036 4.519502223 4.6621502724 4.6960019739 4.7675792039 4.8242554046 4.8734838393 4.952881091 5.0040712602 5.0407778193 5.1142234328 5.1952356728 5.2083470723 5.2725275248 5.3374299804 5.3854044515 5.5613928699 5.5958780424 5.6772533412 5.7018456109 5.7360715899 5.7860679957 5.8672140175 5.916664408 5.9699515304 6.0141876531 6.0836088264 6.1101536857 6.1104393213 6.1616235216 6.1810831095 6.2983191016 6.3485826915 6.3701077292 6.380880144 6.3950997407 6.4330584387 6.5725527165 6.5831977573 6.6910833437 6.7192133325 6.7406565325 6.7893192491 6.8562608062 6.8709740008 6.9203596085 7.0183161045 7.0218312496 7.0721228311 7.1235625672 7.2941460834 7.3117283942 7.5351252069 7.5485353912 7.5895882117 7.7121969307 7.7408278065 7.8369590658 7.8711435283 7.9249848191 8.0051408249 8.078575479 8.0892445438 8.1280374144 8.1843035867 8.2088535434 8.2603828703 8.3026125272 8.3135251898 8.4161682823 8.4489369147 8.4863876743 8.4990596703 8.7121755907 8.7138993913 8.8328446311 8.8725441329 8.9472925947 9.0588555812 9.1372843528 11.4550077047 11.5695730122 11.5911192283 15.5148238972 15.7022450815 15.7136171844 15.9054069818 15.9397233878 16.3244944816 23.9191254527 24.5649558225 24.6037096575
73 2.3329136748 2.3621275218 2.3844436655 2.4530980935 3.8254984375 3.9144314083 3.9879310589 4.0514690571 4.0975858516 4.1407840462 4.1790583359 4.3137040705 4.3907754304 4.4537935534 4.5212173979 4.659015943 4.6936853347 4.7690090868 4.8270082543 4.8762444471 4.9637011109 5.0056680474 5.0485863675 5.1265544985 5.2078704785 5.2095652937 5.2785511857 5.3475732464 5.3942041133 5.5607328467 5.5940496251 5.6789014067 5.704605766 5.7382897908 5.7807929913 5.858706222 5.9112128844 5.9636006969 6.0080161091 6.0630844804 6.0968226925 6.1061227922 6.1522270356 6.1766810812 6.2792366315 6.3435093151 6.3677816941 6.3685102859 6.3872311714 6.4270614629 6.5751974338 6.5823399263 6.6954396434 6.7139085185 6.7443464528 6.786266041 6.8533374588 6.8731593181 6.9230305914 7.021122855 7.0223221881 7.0733583451 7.1284607803 7.2935561564 7.3170227964 7.5299494768 7.547043203 7.5998709272 7.7161728488 7.7463285862 7.8353718598 7.8669133562 7.92395808 8.0046900295 8.0784719718 8.0840872164 8.1215074639 8.1817928783 8.2141022207 8.2603997925 8.3119981056 8.3146209106 8.4161327542 8.4486243423 8.487174139 8.5018757198 8.710780354 8.7143435615 8.828350127 8.8725225651 8.9511664306 9.0604915812 9.1374556074 11.454514014 11.569374832 11.5902398932 15.514405101 15.7037357099 15.7141674186 15.9115708912 15.9421655914 16.3254727267 23.9187136068 24.563678562 24.6027280531
74 2.361537263 2.3818971211 2.4220064116 2.472070262 3.8191656013 3.8867043542 3.9604512167 4.0302508051 4.1010346928 4.156484873 4.1807464381 4.316347033 4.3933037659 4.4621528666 4.523278031 4.6554646763 4.6914820455 4.7697009524 4.8305098071 4.8780234191 4.9738049682 5.0041665124 5.0597108199 5.1391834251 5.20688103 5.2239346357 5.2836580564 5.3594682231 5.4031402343 5.5605989623 5.5923945838 5.680586457 5.7071826457 5.740553509 5.7753787362 5.8502691635 5.9053200205 5.9570258967 6.0016995301 6.0359563943 6.0889994667 6.1000858344 6.1423864639 6.1722437945 6.2612140085 6.3379002693 6.355662756 6.3632255083 6.378844107 6.4229457158 6.5672728948 6.5923937814 6.6943580122 6.7151164597 6.7489353555 6.7833267975 6.8495383355 6.8752280268 6.926688245 7.0230912415 7.0239182667 7.074896543 7.1336368701 7.2928056987 7.3220967657 7.5242722848 7.5443756729 7.6105693507 7.7203316049 7.7520232661 7.8332497306 7.8618572341 7.9230337028 8.0043753214 8.0785318174 8.0785465411 8.1154623836 8.1790691465 8.2192698437 8.2593115233 8.3164594646 8.3200181798 8.4184469112 8.4482872509 8.4880385926 8.504906199 8.709362181 8.7146644518 8.8237573831 8.8724352916 8.9549612985 9.062027988 9.1375910948 11.4540132873 11.569173467 11.5893498926 15.5139875858 15.7052467319 15.7147258257 15.9178136625 15.9446294201 16.326453499 23.91829694 24.5623858901 24.601734508
75 2.3904439924 2.4022986173 2.459893546 2.4916763687 3.8101900013 3.8585977149 3.9323957457 4.0084438263 4.1078898188 4.1733503464 4.1831514316 4.3186574715 4.3962808915 4.4706812012 4.5256694797 4.6515657822 4.6894719205 4.769719179 4.8347395703 4.8788484235 4.983034046 5.0009888512 5.0726889465 5.1520225433 5.2056751858 5.2382929291 5.2881445728 5.3726005871 5.4121213964 5.5610328345 5.5909290761 5.6823042634 5.7094211914 5.7428894216 5.7698389387 5.8419299981 5.898908309 5.949896714 5.9952314345 6.0074956062 6.0824996363 6.0906576718 6.1332833543 6.1676774696 6.2448018072 6.3317057435 6.3423727349 6.3561330734 6.3698783017 6.4209477219 6.5595483128 6.6026002865 6.6890399806 6.7214863001 6.7542392901 6.7806837607 6.8452850411 6.8771789607 6.9310695668 7.0241502282 7.0266898401 7.0766722059 7.1390321345 7.291890252 7.3269159632 7.5181044303 7.5407614063 7.6214844249 7.7245512922 7.7578510828 7.830574767 7.8561986436 7.9222626702 8.0041436525 8.0727384038 8.07872595 8.1098651513 8.1761601263 8.2241280284 8.2575610071 8.3192105037 8.3256723791 8.4235760568 8.4479334807 8.4889823233 8.5081355715 8.7079256503 8.7148739183 8.8190634741 8.8722765827 8.9586621164 9.0634617585 9.1376872255 11.4535074691 11.568969688 11.5884527328 15.5135730961 15.7067721767 15.7152901685 15.9241112386 15.9471050868 16.3274322932 23.9178771015 24.5610829084 24.6007329397
76 2.419552323 2.4233089693 2.4980055834 2.5118945889 3.7988519759 3.8301931893 3.903911471 3.9862611013 4.1179054084 4.1861131908 4.1910207679 4.320677889 4.3997477456 4.4793346696 4.5283722614 4.647389328 4.687733814 4.769159363 4.8396319718 4.8787533802 4.9912473214 4.9968987361 5.0867079242 5.1648922438 5.2045392643 5.252593242 5.2923694067 5.3864858973 5.4210492722 5.5620772149 5.5896673132 5.6840504789 5.7110844157 5.745324141 5.7641839017 5.8337311507 5.8918653593 5.9411250116 5.980417912 5.9885943078 6.0761620016 6.0767747807 6.1260997397 6.1629362195 6.2302220512 6.3249120319 6.3286751728 6.3466864752 6.360329164 6.4208430479 6.5521329817 6.6128480127 6.6828563214 6.7293844449 6.7599653761 6.7786277533 6.8410474592 6.879014832 6.9359384725 7.025498992 7.0294405982 7.0786335476 7.1445904631 7.29080659 7.3314458335 7.5114572696 7.5363544508 7.6324948933 7.7286827737 7.7637256218 7.8273784012 7.8501855758 7.9216701463 8.0039638964 8.0668881812 8.0789383208 8.104644799 8.1730800797 8.2284624343 8.2553527956 8.3230262407 8.3286626256 8.4315266831 8.4475721899 8.4900078598 8.511560992 8.7064753464 8.714984114 8.814264566 8.8720410519 8.9622556135 9.064791083 9.1377408481 11.4529985368 11.5687642844 11.5875519487 15.5131632875 15.7083059894 15.7158581738 15.9304393203 15.9495828507 16.328404688 23.9174557511 24.5597747591 24.5997272988
77 2.4449037932 2.448783286 2.5327030745 2.5362497667 3.785510976 3.8015444322 3.87509881 3.9637945461 4.1307324137 4.1895348051 4.2092084127 4.3225347727 4.403734337 4.488067756 4.5313645706 4.6430060509 4.6863447814 4.7681280203 4.8451015001 4.8777770691 4.9922434023 4.9983257915 5.1013607543 5.1772896142 5.2040158881 5.2667916395 5.2966404299 5.4007358234 5.4298219098 5.5637739979 5.5886208241 5.6858204014 5.7118038304 5.7478830712 5.75841895 5.8257472353 5.8840275633 5.9274247959 5.9588487399 5.9817494271 6.0588511338 6.0696864556 6.120916793 6.1579946543 6.2173576243 6.3146182992 6.31750812 6.3353563795 6.3502215451 6.4221667605 6.5451155181 6.6230112899 6.6768145197 6.7373327442 6.7656578344 6.7776676877 6.8373902879 6.8807411359 6.9411047829 7.0271273249 7.0321841994 7.0807415299 7.150258712 7.2895529043 7.3356518801 7.504342457 7.5312724286 7.6435129328 7.7325476349 7.7695096953 7.8237707936 7.8440911236 7.921253683 8.0038258365 8.0611537911 8.0791182054 8.0997287955 8.1698380333 8.232101456 8.2527871842 8.3280069547 8.3292920268 8.4418037921 8.4472140824 8.4911196081 8.5151967784 8.7050158357 8.715007397 8.8093560695 8.8717236234 8.9657302819 9.0660152986 9.1377493297 11.4524884935 11.5685580617 11.5866510901 15.5127597225 15.7098420571 15.716427543 15.9367734482 15.9520530516 16.329366377 23.9170345531 24.5584666047 24.5987215534
78 2.4670585226 2.4780604502 2.5540800174 2.5745391258 3.7705340034 3.77268994 3.8460314165 3.9410926457 4.1459786412 4.1933748928 4.2275495771 4.3244884291 4.4082659036 4.4968314973 4.5346252696 4.6384878169 4.6853787267 4.7667281712 4.8510606512 4.8759618638 4.9871875557 5.0041789345 5.1164101885 5.1873814996 5.2059278903 5.2808465134 5.3011909571 5.4150508662 5.4383386102 5.5661606573 5.5877971358 5.6876086979 5.7110046501 5.750588371 5.7525478102 5.8181150752 5.8751588618 5.9063218334 5.946032008 5.9746149161 6.0383503802 6.0629803425 6.1170890581 6.1528374122 6.2058586581 6.3002724593 6.3094157582 6.3227002797 6.3395965693 6.4244748625 6.5385622574 6.6329147356 6.6712389373 6.7442170994 6.7706319114 6.7786762148 6.8350523785 6.8823653971 6.9464196058 7.0290172951 7.0349414046 7.0829686197 7.1559865479 7.2881290024 7.3395000514 7.4967718762 7.5256130915 7.654461256 7.7359369715 7.7749577114 7.8199988434 7.8382180377 7.9209852734 8.003735891 8.0556792609 8.0792097939 8.0950637261 8.1664408218 8.2349461743 8.2499167988 8.3281417639 8.3341705454 8.4468718534 8.4536649755 8.4923246255 8.5190835965 8.7035516346 8.7149562999 8.8043327966 8.8713195081 8.9690763063 9.0671348067 9.1377106339 11.4519793596 11.5683518384 11.585753708 15.5123638668 15.7113742351 15.7169959623 15.9430890846 15.9545061431 16.3303131995 23.916615169 24.5571636082 24.5977196728
79 2.4897486384 2.5073097848 2.5760037185 2.6127924259 3.7436593689 3.7542515039 3.8167684347 3.9181843275 4.1632018462 4.1976866228 4.2454625319 4.3270272372 4.4133792566 4.5055712747 4.5381370953 4.6339088461 4.6849045358 4.7650528995 4.8574289334 4.8733526095 4.98181582 5.0087512565 5.1316833014 5.1916247176 5.2137656939 5.2947180317 5.3061851451 5.4291915793 5.4465065454 5.5692649868 5.5871972651 5.6894090141 5.7078225155 5.7465917104 5.7534550063 5.811074496 5.8649301688 5.8824921052 5.9381759542 5.9670164008 6.0169215856 6.0560162024 6.1140459814 6.1474541822 6.1952813584 6.2857384857 6.3002373924 6.309514138 6.3285048065 6.4274356588 6.5325191605 6.6422055686 6.6664465996 6.7489486391 6.7740024686 6.7826794681 6.8349345832 6.8838967211 6.9517652336 7.031145448 7.0377374414 7.0852974402 7.1617258421 7.2865365189 7.3429572831 7.4887577306 7.5194619971 7.6652569731 7.738619081 7.7795884019 7.8165704368 7.8328993645 7.9208168566 8.0037119709 8.05057009 8.0791682252 8.0906246233 8.1628943905 8.2369819985 8.2467709593 8.3257782761 8.3414415121 8.4465609597 8.4663691656 8.493633592 8.5233059281 8.7020871675 8.7148435558 8.7991891243 8.8708241924 8.9722854767 9.0681509907 9.1376233962 11.451473165 11.5681464425 11.5848633405 15.5119770869 15.7128963733 15.7175611135 15.9493616954 15.9569327247 16.3312411691 23.9161992518 24.5558709118 24.5967256125
80 2.5129497488 2.5364593973 2.5984526671 2.6509342222 3.714476919 3.7369370253 3.7873644837 3.8950880264 4.1816510132 4.2028868705 4.2619522837 4.3310205599 4.4191518388 4.5142238862 4.5418897377 4.629347993 4.6849837917 4.763184562 4.8641354926 4.8699956521 4.9761750733 5.0120268265 5.1470250942 5.1915863394 5.2258695889 5.3083677103 5.3117271005 5.4429495351 5.454248702 5.5730986012 5.5868106463 5.6912132878 5.7011236607 5.7406229766 5.7564821485 5.8049821772 5.8529207597 5.8600287532 5.932180262 5.9585844007 5.9962614689 6.048791552 6.1114481987 6.1418366811 6.1851789352 6.271156294 6.2886638135 6.297429184 6.3170029358 6.4308172226 6.5270161297 6.6496451421 6.6635673324 6.7513654908 6.7750206236 6.7898425383 6.8377765146 6.8853456586 6.9570464199 7.0334846327 7.0405998646 7.0877195324 7.1674296843 7.2847791386 7.345992262 7.480312766 7.5128965925 7.6757923443 7.7403728625 7.7824963366 7.8144378196 7.8284815035 7.9206880561 8.0037788547 8.0458888609 8.0789594406 8.0864179175 8.1592044228 8.2382658212 8.2433669929 8.3226382257 8.3496637968 8.4463008959 8.4792477635 8.4950620714 8.5280230181 8.7006267093 8.7146821772 8.7939191734 8.8702334451 8.9753510908 9.0690661364 9.1374869937 11.4509719409 11.5679427082 11.5839834995 15.5116006501 15.7144023433 15.7181206842 15.9555668328 15.9593235716 16.3321465018 23.9157884386 24.5545936175 24.5957432986
81 2.5366376232 2.5654391254 2.6214056415 2.6888949133 3.6851632962 3.7187969245 3.7578831884 3.8718157082 4.1981830554 4.2118361685 4.2755192753 4.3377571646 4.4257484719 4.5227134178 4.5458823573 4.6248925408 4.685668294 4.7611967558 4.865938027 4.871118414 4.970293152 5.0140301862 5.1622742756 5.1901238901 5.2392476734 5.3178689125 5.3217581535 5.4561202706 5.4615118975 5.5776504926 5.586604056 5.6898875619 5.6930103393 5.7347480482 5.7596309809 5.8001963763 5.8386934629 5.840776235 5.9270986249 5.9486645681 5.978204598 6.0413147822 6.1091013301 6.1359762671 6.1751354944 6.2567117059 6.2741637844 6.2872493872 6.3051525226 6.4344534645 6.5220725862 6.6515170579 6.6661610967 6.7524282697 6.7735767512 6.799247259 6.8436630068 6.8867244486 6.9621845026 7.0360053814 7.0435566064 7.0902343071 7.1730510637 7.2828628333 7.3485765035 7.4714505975 7.5059887542 7.6858992275 7.7410720759 7.7825598451 7.8147839161 7.8252747252 7.9205347253 8.0039645883 8.0416523979 8.0785591753 8.0824822263 8.1553766784 8.238898384 8.2397159614 8.3190286035 8.3586267828 8.4461172787 8.4916532686 8.4966321731 8.5335131111 8.6991743055 8.7144855916 8.7885170099 8.8695433517 8.9782678498 9.0698833511 9.1373016082 11.4504777107 11.5677414722 11.5831176562 15.5112357242 15.7158860647 15.7186723779 15.961669664 15.9616802174 16.333025642 23.915384345 24.5533367664 24.5947766116
82 2.5607882007 2.5941799505 2.6448418392 2.726610765 3.6557369388 3.6999470661 3.7284296985 3.848374891 4.2069329569 4.2301589883 4.2848208353 4.3482102121 4.4334923585 4.530945226 4.5501250414 4.6206442266 4.6869977255 4.7591571216 4.8612268143 4.8783227106 4.9641879018 5.0148231414 5.1772467676 5.1880607168 5.2528915835 5.3246196969 5.3348530646 5.4682728915 5.4684720887 5.5828826337 5.5864948851 5.6739627738 5.6947826232 5.729005253 5.7627516316 5.7967512706 5.8220293025 5.8255579334 5.922651062 5.9368479511 5.9641125016 6.0335994376 6.1068762986 6.1298615851 6.1647755247 6.242635455 6.2581629257 6.2777950423 6.2930202361 6.4382164735 6.5177033674 6.6490644432 6.6727879702 6.7531707808 6.7701851063 6.8099326101 6.8520457042 6.8880478293 6.9671141044 7.0386768674 7.0466340349 7.0928481902 7.1785412342 7.2807961148 7.3506858659 7.4621861193 7.4988065425 7.6952678108 7.7408448866 7.7795972734 7.8178607136 7.8234748155 7.9202970788 8.004297907 8.0378291543 8.0779516247 8.0788886246 8.151417197 8.2358258223 8.2389966333 8.3151598143 8.3680888334 8.4460452449 8.4983747481 8.5029051154 8.5401902605 8.6977336604 8.7142678372 8.7829768826 8.8687503807 8.9810317506 9.0706064822 9.1370682793 11.4499924819 11.5675435697 11.5822692281 15.5108833795 15.7173415321 15.7192139243 15.9639622145 15.9676778216 16.3338752858 23.9149885582 24.552105319 24.5938293716
83 2.5853775755 2.6226132067 2.6687410397 2.764023888 3.6262148489 3.6803036498 3.6992704423 3.824769775 4.212502016 4.2530441906 4.2899408246 4.3616798503 4.4429524622 4.5387972175 4.5546387362 4.6167284316 4.6889978806 4.7571300287 4.8559086715 4.8856979612 4.9578719846 5.0144982661 5.1856050991 5.191721009 5.2663356013 5.331959105 5.3476176891 5.4745405361 5.4796967223 5.5862778469 5.5887295902 5.6545137089 5.6964978293 5.7233374733 5.7652394242 5.7939193543 5.803507608 5.8148030509 5.918755863 5.9241542227 5.9535213906 6.0256617667 6.1046522777 6.1234758893 6.1537887161 6.229183664 6.2414793648 6.2684825985 6.2806792354 6.4419978507 6.5139242659 6.6458745571 6.6796349365 6.7542768267 6.7655046616 6.8213040815 6.8622260683 6.8893348744 6.9717817413 7.0414675149 7.0498549989 7.0955739214 7.183847752 7.2785903078 7.352302656 7.4525359789 7.4914154099 7.7032569208 7.7403275222 7.7745530038 7.8227988009 7.823099153 7.9199264768 8.0048064705 8.0343383784 8.0757393587 8.077128153 8.1473324389 8.2317033177 8.2386747091 8.3111768284 8.377788815 8.4461349634 8.5003322325 8.5124028064 8.5484571475 8.6963079758 8.7140438302 8.7772935165 8.8678514943 8.9836399781 9.0712400342 9.1367889459 11.4495182369 11.5673498309 11.5814415654 15.5105445912 15.7187628409 15.7197430894 15.9661926942 15.9735359528 16.3346924016 23.9146026314 24.5509041354 24.5929053232
84 2.6103819582 2.6506695698 2.6930837832 2.8010821542 3.5966132138 3.6590367589 3.6713894236 3.8010019395 4.2175019207 4.2776897711 4.2921350617 4.3760238614 4.4549684568 4.546108221 4.5594533837 4.6133070133 4.6916798526 4.7551787505 4.8500295598 4.8931958999 4.9513556761 5.0131708824 5.1828177738 5.2054224547 5.2791452764 5.3398587098 5.3600199074 5.4803527494 5.4893113402 5.585396141 5.5951030526 5.6339240946 5.6980833919 5.7176671869 5.7636749193 5.7870150808 5.7901785316 5.809085329 5.912168288 5.9154042562 5.9449249946 6.0175198851 6.1022476353 6.1167938151 6.1420115076 6.2165905316 6.2244722911 6.259187344 6.2682117333 6.4456966765 6.5107566318 6.6427718442 6.6856539466 6.7561688272 6.7600460963 6.8330095557 6.8736505686 6.8906129989 6.9761456319 7.0443453468 7.0532370218 7.0984299389 7.1889121679 7.2762598495 7.3534184988 7.4425190992 7.4838788789 7.7086184963 7.7409347431 7.7683568064 7.8239916997 7.8287446004 7.9193901687 8.0055156642 8.0310551423 8.0731615749 8.0760862521 8.1431293971 8.2273551639 8.238034411 8.3071812714 8.3874438309 8.4464602887 8.5025621328 8.5199562987 8.5583504247 8.6948997184 8.713829719 8.7714624894 8.8668443131 8.9860907979 9.0717890837 9.1364664732 11.4490569241 11.5671610764 11.5806379378 15.5102202423 15.7201442135 15.7202576851 15.9683528581 15.9792313383 16.3354742466 23.9142280772 24.5497379567 24.5920081202
85 2.6357776042 2.6782778447 2.7178515107 2.8377390321 3.5669479293 3.6338367928 3.6472302564 3.7770708205 4.2223376993 4.2925940672 4.3035090238 4.3891317356 4.4704156148 4.5526668887 4.5646043566 4.6105918815 4.6950404525 4.7533669724 4.8436346951 4.9007678925 4.9446486551 5.0109715078 5.1797204441 5.2180065014 5.2907324026 5.3483129648 5.372032189 5.4857683386 5.4964534059 5.5823006296 5.6019005175 5.6161059847 5.6993270699 5.7119360895 5.7491087461 5.7824596078 5.7850674033 5.8078597275 5.9016351833 5.912619722 5.9373137211 6.0091940904 6.0992536185 6.1097775445 6.1296359093 6.2050019932 6.2073895985 6.2499050934 6.2557129306 6.4492124183 6.5082301752 6.6399278132 6.6905088971 6.7541459472 6.7590791984 6.8448016701 6.8859375138 6.8919272021 6.9801760224 7.0472781633 7.056790981 7.1014397577 7.1936673739 7.2738226249 7.3540381251 7.4321572415 7.4762586175 7.7100040759 7.7442806871 7.7615608426 7.8258954104 7.835220858 7.9186735763 8.0064477629 8.027826151 8.0712917279 8.0748288282 8.1388157025 8.2227888091 8.2371622432 8.3032457998 8.3967362535 8.4471308525 8.505140783 8.5258861365 8.5694244126 8.6935102714 8.7136433413 8.7654807407 8.8657273482 8.9883834513 9.0722591917 9.1361046619 11.4486104491 11.5669781135 11.5798615216 15.509911128 15.7207555792 15.7214800242 15.9704347684 15.9847412101 16.33621838 23.9138663624 24.5486113856 24.5911413114
86 2.6615407005 2.705363608 2.74302656 2.8739533093 3.5372351108 3.6053438402 3.6262739161 3.752974079 4.2270851804 4.292056809 4.3302415189 4.3998352958 4.4896819204 4.558216682 4.570127744 4.6088448172 4.6990639557 4.7517595202 4.8367687859 4.908361977 4.9377612795 5.0080404209 5.1763268402 5.2290411421 5.3002154308 5.3573711971 5.3836344204 5.4908543745 5.4995795178 5.5750672338 5.606008779 5.6090158553 5.6992982726 5.7061015737 5.7282415586 5.7797786559 5.7849587391 5.8091471483 5.8926461937 5.9104404638 5.9302260596 6.0007084698 6.0945234718 6.1023727883 6.117752892 6.1904601627 6.1944261957 6.2406682379 6.2432965423 6.4524428493 6.5063823738 6.6373832071 6.6941142362 6.7480205204 6.7630551446 6.8564487292 6.8933636344 6.898823202 6.9838554071 7.0502336377 7.0605207032 7.1046312172 7.198034678 7.2713003499 7.354184124 7.4214756056 7.4686138226 7.7077335604 7.7503262065 7.7544803892 7.8285356651 7.8419841195 7.9177801102 8.007621309 8.0244974275 8.0702498169 8.0733638188 8.1343997361 8.2180128847 8.2361299112 8.2994232835 8.4052993124 8.4483027841 8.5081661724 8.530682123 8.5810816502 8.6921394047 8.7135048039 8.7593472887 8.8645003174 8.9905180515 9.0726563135 9.1357082384 11.4481806657 11.5668017319 11.579115387 15.5096179597 15.7212347042 15.7227648237 15.9724308175 15.9900433918 16.3369226702 23.9135189017 24.5475288685 24.5903083263
87 2.6876471907 2.7318477662 2.7685919045 2.9096886569 3.5074916745 3.5758147535 3.6063777359 3.7287079275 4.2317482176 4.2909420963 4.357681412 4.4080244126 4.5124210176 4.5625154024 4.5760554495 4.6083271551 4.7037251259 4.7504221576 4.8294766988 4.9159188357 4.9307056377 5.004525555 5.1726529225 5.2379940931 5.3063178619 5.3671343001 5.3948170212 5.4956693599 5.4969019176 5.5676264249 5.6030499482 5.6163481561 5.6924363349 5.7001310845 5.7130892054 5.7751333416 5.7889370161 5.8115780706 5.8851024585 5.9089071823 5.923456701 5.9920945148 6.0856327589 6.0945062002 6.1088780939 6.1739218144 6.1847352316 6.2311017498 6.2315241093 6.4552885979 6.5052520542 6.6351406928 6.6965609911 6.7418139819 6.7679707601 6.867636641 6.8951171178 6.9121130772 6.9871781969 7.0531794108 7.0644238758 7.1080354376 7.2019208547 7.2687190209 7.3539024541 7.410503475 7.4609998809 7.7033195762 7.7473153317 7.7578025453 7.8316715637 7.8489019143 7.9167290091 8.0090506128 8.0209458095 8.0701112837 8.0717040965 8.1298907651 8.2130374212 8.2349961757 8.2957527484 8.4127281866 8.4501660071 8.5117571283 8.5347237105 8.592845057 8.6907844448 8.7134371909 8.753064288 8.8631645613 8.9924954831 9.0729867066 9.135282821 11.4477693672 11.5666326994 11.5784024862 15.5093413702 15.7216930671 15.7239933633 15.974333749 15.9951163867 16.3375852981 23.9131870533 24.546494678 24.5895124615
88 2.7140725109 2.7576449886 2.7945306133 2.9449129468 3.4777361043 3.5459555926 3.5869483228 3.7042674624 4.2363077092 4.2894947861 4.3856064998 4.4141498258 4.5379000078 4.5654849439 4.5824114429 4.6091680032 4.7089934859 4.7494202604 4.8218048758 4.9233654687 4.9234965984 5.0005848911 5.1687202001 5.2442345424 5.3074326082 5.3776671296 5.4055826271 5.4891738329 5.5002414714 5.5650776442 5.6031134529 5.623799385 5.6741436131 5.6940053485 5.710244022 5.7714090099 5.7932250207 5.8144945023 5.8789342997 5.9080485566 5.9169039818 5.9833983718 6.0719035678 6.0860883012 6.1038735893 6.1580281758 6.1757125481 6.2192999381 6.2225286073 6.4576658541 6.5048652243 6.6331883853 6.6980502358 6.7356288151 6.7735853042 6.8777519876 6.8976933639 6.9256496625 6.9901496711 7.0560832517 7.0684945162 7.1116852818 7.2052157294 7.2661094591 7.3532680274 7.3992749292 7.4534664228 7.6978919717 7.7402080474 7.7657694282 7.8351125119 7.8558937561 7.9155521093 8.0107453192 8.0170994099 8.0698676005 8.0708907957 8.1252991188 8.2078738784 8.2338089725 8.2922633393 8.4186696127 8.4528607625 8.5160443541 8.5382427839 8.6043897175 8.6894389304 8.7134673688 8.7466386591 8.8617235802 8.9943173024 9.0732568358 9.134834862 11.4473782777 11.5664717579 11.5777256412 15.5090819185 15.7221287578 15.7251606172 15.9761366778 15.9999394673 16.3382047534 23.9128721125 24.5455128961 24.5887568676
89 2.7407911872 2.7826617654 2.8208252191 2.9795971612 3.4479895979 3.5159624093 3.5679057441 3.679647056 4.2407351151 4.2878677888 4.4137253138 4.4187282107 4.5654010492 4.5673834884 4.5892127544 4.6112284729 4.7148391194 4.7488161982 4.8138043271 4.916153106 4.9306040385 4.9963954543 5.1645565053 5.2470654981 5.3020417669 5.3888693506 5.415943377 5.4806457492 5.5045416999 5.5667855904 5.604279107 5.6311824455 5.6544572848 5.6877275131 5.7110014235 5.7686740674 5.7973436947 5.8175450805 5.874166943 5.9078587537 5.9105043907 5.9746952456 6.0555140314 6.0770293825 6.1007813443 6.1430376346 6.1671146912 6.2080960288 6.2137442588 6.4595249598 6.5052152368 6.6315077906 6.6988157257 6.7295437231 6.7796209738 6.8855342286 6.9022493467 6.9392919496 6.9927844256 7.0589133301 7.0727270316 7.1156130749 7.2077913459 7.2635079909 7.3523889658 7.3878296618 7.4460550997 7.692066757 7.7332693272 7.7737480267 7.8387153742 7.8629039393 7.9142906786 8.0127100051 8.0129380178 8.0678776251 8.0725461857 8.1206364323 8.202535041 8.2326073407 8.2889770609 8.4229978688 8.4563204402 8.5211488637 8.5413707082 8.6154917079 8.6880903669 8.7136267623 8.7400847117 8.860183709 8.995985638 9.0734732773 9.1343715628 11.447009044 11.5663196193 11.5770875329 15.5088400954 15.7225399578 15.7262618049 15.9778331094 16.0044927665 16.3387798263 23.912575308 24.544587398 24.5880445366
90 2.7677762128 2.8067936979 2.8474573328 3.0137135466 3.4182779738 3.4859109913 3.5492986279 3.6548408718 4.2449972751 4.2861632975 4.4221613237 4.4415918969 4.5688546419 4.5941241013 4.596688857 4.6141303616 4.7212410812 4.7486654501 4.8055374809 4.9087001014 4.937490481 4.9921737645 5.1601956611 5.2458026988 5.289480552 5.4004479229 5.425911049 5.4751202443 5.5084573639 5.5706081309 5.6058538928 5.6341212066 5.6415973214 5.6813346228 5.7124973618 5.766905141 5.8009051187 5.8205194058 5.8709113449 5.9041988786 5.9082595279 5.9661186548 6.0379904111 6.0672761079 6.0982969474 6.1291795283 6.1587340527 6.1977139939 6.2052396196 6.4608658582 6.5062462341 6.6300771672 6.6990698213 6.7236241883 6.7858187837 6.8900794842 6.9095857814 6.9529004348 6.9951050237 7.0616386142 7.0771217382 7.1198472993 7.2095043495 7.2609573294 7.3514073136 7.3762139712 7.4387976399 7.6861899803 7.726590526 7.7814857373 7.8423748362 7.8698872392 7.9129936181 8.0084783546 8.0149437741 8.0657631918 8.0749970318 8.115915997 8.1970348316 8.2314230284 8.2859107395 8.4259067533 8.4602099739 8.527149065 8.5441807363 8.6259826916 8.6867163481 8.7139517663 8.7334285454 8.8585549444 8.9975030921 9.0736426216 9.1339007613 11.446663227 11.5661769613 11.5764906902 15.5086163288 15.722924948 15.7272924115 15.9794169575 16.0087573701 16.3393095921 23.9122977965 24.5437218364 24.5873782898
91 2.7949980603 2.829921776 2.8744077309 3.0472322159 3.388635198 3.4558406428 3.531225282 3.6298436086 4.2490585584 4.2844537265 4.4247333374 4.4684276436 4.5709228146 4.6040256424 4.6174333106 4.6243895586 4.7282007663 4.7490119391 4.7970962399 4.9011718033 4.9437919995 4.988218076 5.155676066 5.2398995531 5.2704340504 5.412011337 5.4354808887 5.4738855928 5.511786018 5.5752487402 5.6075237229 5.6216559421 5.6478523626 5.6749105339 5.714246545 5.766014958 5.8035540372 5.8232935853 5.8692909055 5.897906297 5.9090329088 5.9579211846 6.0201269062 6.0568644375 6.095842323 6.1166026003 6.1504731342 6.1883564015 6.1970888957 6.4617391375 6.5078511196 6.6288732577 6.6989823392 6.7179288964 6.7919616157 6.8925227887 6.9184633012 6.9663228065 6.9971428094 7.0642293659 7.0816916082 7.1244079512 7.2102035721 7.2585077625 7.3504935359 7.3644820189 7.4317148477 7.680475411 7.7202496736 7.7888280402 7.8460129315 7.8767980955 7.9117190153 8.0037560311 8.0174397937 8.0635594264 8.0781457281 8.1111532834 8.1913880889 8.2302817835 8.2830774568 8.4277695968 8.4640949543 8.5340492287 8.5467135865 8.6357228989 8.6852776746 8.7144830551 8.7267156857 8.8568519272 8.9988726391 9.0737713768 9.1334307906 11.4463422944 11.5660444236 11.5759374796 15.5084109888 15.7232821167 15.7282482074 15.9808825603 16.0127154105 16.3397933904 23.9120406588 24.542919628 24.5867607665
92 2.8224230573 2.8519078033 2.9016568177 3.0801141041 3.359110722 3.4257769474 3.5138159478 3.6046516586 4.2528820866 4.2827928144 4.4266467414 4.4927642768 4.5752008708 4.6120867639 4.6207762196 4.6547862096 4.735760334 4.7498838346 4.7886604082 4.8936179982 4.9491104539 4.9849849231 5.1510364331 5.2290819266 5.2465292494 5.4231719864 5.4446159824 5.4764676701 5.5142870941 5.5800497098 5.6091252419 5.6118455438 5.6558742088 5.6686025664 5.7161200255 5.7658611677 5.8050508729 5.8258095623 5.8693010268 5.891490994 5.9097009476 5.9505944604 6.0025372883 6.0459596038 6.093033483 6.1053350991 6.1424272539 6.1801475191 6.1893712525 6.4622302665 6.5098864862 6.6278723508 6.6986804972 6.7125137718 6.7978760677 6.89407513 6.9275653595 6.9793700033 6.998949705 7.0666576684 7.0864698439 7.12930023 7.2097442539 7.2562188045 7.3498328291 7.3526975006 7.4248170903 7.6750657984 7.7143147727 7.7956660022 7.849569528 7.8835750022 7.9105440845 7.9988122511 8.0201846649 8.0613078475 8.081893009 8.106366752 8.1856103575 8.2292043863 8.2804876025 8.4289399937 8.4676496295 8.541768287 8.5489915697 8.6445883181 8.6837060387 8.7152624176 8.7200245488 8.8550950557 9.0000975231 9.0738658728 9.1329703127 11.4460476128 11.5659226043 11.5754300958 15.5082243935 15.7236099669 15.729125267 15.9822246961 16.0163501609 16.3402307986 23.9118048953 24.542183939 24.5861944138
93 2.8500106054 2.872589524 2.9291851255 3.1122938516 3.3297872414 3.3957395829 3.4972299937 3.5792650334 4.2564306368 4.2812218215 4.4280518168 4.5121384559 4.5841392955 4.6205029541 4.6239186517 4.6848161826 4.7439627436 4.751292022 4.7807533607 4.8861176418 4.9528182474 4.9831529649 5.1463012488 5.2134269853 5.2195495689 5.4336026755 5.4532416094 5.4818385371 5.5158092337 5.5845710656 5.6061290378 5.6105910745 5.6626457366 5.6644009019 5.7180802336 5.7662561795 5.805376471 5.8280607196 5.8706609559 5.8847173636 5.9093802575 5.945023913 5.9859009112 6.0348464594 6.0894983821 6.0952933197 6.1349235718 6.1730998845 6.1821695145 6.4624367167 6.5121948796 6.6270510332 6.6982568627 6.7074345225 6.8034261649 6.8952306757 6.9362921248 6.9916960544 7.000707505 7.0688979031 7.0915172802 7.1345062235 7.2080081735 7.2541615431 7.3409359299 7.3496038338 7.4181064569 7.6700613301 7.7088456795 7.8019157692 7.8529939507 7.8901003271 7.9096016096 7.9936869706 8.023157407 8.0590564628 8.0861464632 8.1015791545 8.1797177201 8.2282074841 8.2781496351 8.4296715543 8.4707178584 8.5501562447 8.551026371 8.6524689622 8.6818829299 8.7134893762 8.7163250888 8.8533116613 9.0011811521 9.0739321673 9.1325281267 11.4457804412 11.5658120562 11.5749705526 15.5080568133 15.7239071225 15.7299199852 15.9834385974 16.0196461288 16.3406216006 23.911591423 24.5415176733 24.5856814762
94 2.8777081581 2.8917762529 2.9569735499 3.1436278726 3.3008339782 3.3657456018 3.4816572084 3.5536907922 4.2596674563 4.2797731638 4.4290647894 4.5244560613 4.5996355458 4.6267395862 4.6292452673 4.7126623462 4.7518148323 4.7532342126 4.7758812506 4.8788130765 4.9543109751 4.9833694934 5.1414194692 5.1910876872 5.1933383568 5.443060041 5.4612534529 5.4890466097 5.5164132563 5.5883401757 5.6040384126 5.6119358969 5.6573928529 5.6734880944 5.7201404894 5.7669828656 5.8047375228 5.8300745138 5.8727443241 5.877227199 5.9069964072 5.942292727 5.9710940815 6.0238699188 6.0848896499 6.0863393513 6.128433597 6.1671354736 6.1755681176 6.4624496594 6.5146228251 6.6263867812 6.6977782145 6.7027481078 6.808505983 6.8961699093 6.9443593784 7.0003048173 7.0052133895 7.0709271048 7.09692709 7.1399742775 7.2049254782 7.2524219601 7.3292878102 7.3499543601 7.4115803126 7.6655342032 7.7038952058 7.8075113362 7.856237721 7.896057131 7.9092202197 7.9884170935 8.0263276274 8.056859554 8.0908239113 8.0968197139 8.1737266943 8.2273042802 8.276070612 8.4301270983 8.4732689614 8.5528234508 8.5590251935 8.6592770894 8.6796103016 8.7073326885 8.7176858039 8.8515370971 9.002126989 9.0739759566 9.1321129596 11.4455419244 11.5657132833 11.5745606751 15.5079084766 15.7241723352 15.7306290933 15.9845199633 16.0225891489 16.340965751 23.9114010712 24.5409234607 24.5852239869
95 2.9054415613 2.9092460767 2.9850031617 3.1736731911 3.2727306667 3.3358111958 3.4673193174 3.5279496218 4.2625570862 4.2784726426 4.4297781135 4.5306845948 4.6201265612 4.6294049301 4.6382734196 4.7347683287 4.7525944859 4.7557075196 4.7838770457 4.8720164227 4.9537280918 4.9855279171 5.1358765345 5.1629337891 5.1694338721 5.4513857628 5.4685341849 5.4973530893 5.516352366 5.5907586075 5.6046040153 5.6132216578 5.6533219845 5.6832002147 5.7223888203 5.7678170038 5.8034593025 5.8318912983 5.8682004076 5.8750321943 5.9023115614 5.9426762085 5.9591934532 6.013364313 6.0783499951 6.0790548286 6.1233350307 6.1621404761 6.169650363 6.4623448023 6.5170302192 6.6258584612 6.6972928246 6.6985132627 6.8130335773 6.896963287 6.9515974873 7.0021500927 7.0152799113 7.0727251618 7.1028215236 7.1456058952 7.2004914102 7.2511054031 7.3178630647 7.3509817612 7.405235653 7.6615369141 7.6995097518 7.8124028073 7.859248788 7.900477041 7.9103733756 7.9830381964 8.0296520164 8.0547770524 8.0921279399 8.0958538956 8.1676542037 8.226505113 8.2742565357 8.4304081797 8.4753364389 8.5543846267 8.5681747949 8.6649629303 8.6765996409 8.7018818442 8.7193196659 8.8498154728 9.0029384417 9.0740024897 9.1317332419 11.445333087 11.5656267381 11.5742020915 15.5077795733 15.7244044896 15.7312496732 15.9854649716 16.0251664723 16.3412633374 23.9112345794 24.5404036467 24.5848237599
96 2.9247461941 2.9330949564 3.0132544341 3.1999897694 3.247971254 3.3059531589 3.4544691428 3.5020896423 4.2650662224 4.2773408669 4.4302662224 4.5334428914 4.63050872 4.6437846919 4.6475422418 4.7444228965 4.7509815596 4.7587289662 4.8057196878 4.8666592625 4.9519649743 4.9887520592 5.1248813905 5.1410420006 5.1424104437 5.4584892798 5.4749686578 5.5061952005 5.515924548 5.5912508123 5.606728675 5.6144480154 5.6509332268 5.6933992658 5.7250939063 5.7685565547 5.8018682833 5.8335424247 5.857427943 5.8764663324 5.8962606912 5.9453231865 5.9511629562 6.0036039765 6.0712647515 6.0722191909 6.1196883202 6.1580112446 6.1644952207 6.4621805184 6.5192931317 6.6254467694 6.6947900532 6.6968357865 6.8169464582 6.8976378204 6.9578876608 7.0031348487 7.0247509458 7.074274873 7.1093328743 7.1512406425 7.1947723749 7.2503417198 7.3067972138 7.3527245213 7.3990736973 7.6581074813 7.6957296323 7.8165562649 7.8619681003 7.9022263948 7.9141882267 7.9775896802 8.033067396 8.0528735187 8.0875606155 8.1011748431 8.1615176289 8.2258179503 8.272712558 8.4305785598 8.4769755413 8.5557096485 8.5773998415 8.6695303354 8.6725658038 8.697486097 8.7211449783 8.8481996158 9.0036187521 9.0740164898 9.131396879 11.445154828 11.5655528188 11.5738962272 15.5076702596 15.7246026085 15.7317791698 15.9862702889 16.0273668517 16.3415145401 23.9110925938 24.539960283 24.5844823821
97 2.9379985878 2.9604646765 3.0417052915 3.2033609552 3.2458569297 3.2761911209 3.4433847652 3.4762187811 4.26716461 4.2763941906 4.4305888267 4.5345482568 4.6321884891 4.657000749 4.6657658713 4.7362941048 4.7606216149 4.7623481109 4.8288098399 4.8669123527 4.9498977406 4.9921639365 5.1019823607 5.1129421813 5.1330948689 5.4643235422 5.4804509727 5.515117585 5.5153557482 5.5896232581 5.6094626357 5.615474205 5.6504468797 5.7033761225 5.7290068539 5.769056595 5.8002313195 5.8350319048 5.8444909106 5.876957863 5.8899771111 5.9472165276 5.9492369643 5.9947780554 6.0649571033 6.0651079202 6.1172623661 6.1546747248 6.1601741001 6.4619997056 6.5213037662 6.6251346261 6.6916383741 6.6964327034 6.8201981678 6.8982007602 6.9631409386 7.0038611457 7.0327862519 7.0755619054 7.1165634386 7.1566414782 7.1879013434 7.2502882854 7.2962600999 7.3551660402 7.3931047025 7.6552730481 7.6925891959 7.8199530011 7.8643294495 7.9023937183 7.9195476252 7.9721260379 8.0364765923 8.0512171245 8.0832050977 8.1067337522 8.1553349426 8.2252488116 8.2714430774 8.4306789675 8.4782414094 8.5567971957 8.5864741915 8.6674659076 8.6730405636 8.6943004762 8.7230199207 8.8467496942 9.0041708881 9.0740220828 9.1311110249 11.4450079166 11.5654918663 11.573644298 15.5075806611 15.7247658575 15.7322154022 15.9869330791 16.0291806211 16.3417195934 23.9109756653 24.5395951197 24.5842012072
98 2.9487135072 2.9871397982 3.0703255156 3.1811346677 3.2465532496 3.2691865186 3.4343559988 3.4505924081 4.2688259388 4.2756453429 4.4307928985 4.5349094672 4.6333270376 4.6665847229 4.6850780942 4.7269557241 4.7665858627 4.7686143545 4.8377463388 4.8843938909 4.9480877987 4.9951638993 5.0785414883 5.0816293181 5.1292088581 5.4688663491 5.4848823458 5.5147830708 5.5236812952 5.5862555082 5.6121146932 5.6161721413 5.6514965308 5.7114211261 5.7357322008 5.7692638169 5.7987363133 5.8297919525 5.8363259304 5.8766939346 5.8843045517 5.946497897 5.9537570334 5.9869780319 6.0580154779 6.0599912036 6.1157335985 6.1520901137 6.1567480508 6.4618327786 6.5229702737 6.6249075264 6.6891153547 6.6961021614 6.8227554628 6.8986497295 6.9672902858 7.0043989824 7.0391367788 7.0765747044 7.1245314279 7.161487566 7.1800697583 7.2511216302 7.286469675 7.3582444857 7.3873546729 7.6530525346 7.690116805 7.8225870441 7.866262981 7.9021441728 7.9252092254 7.966744209 8.0397195425 8.0498801235 8.0792049524 8.1124847851 8.1491249522 8.2248021262 8.2704517642 8.4307357746 8.4791802793 8.5576455298 8.5950990916 8.6616499317 8.6755971644 8.6921866808 8.7247604499 8.8455299066 9.0045974409 9.0740227342 9.130881869 11.4448929873 11.5654441629 11.5734473061 15.5075108764 15.7248935485 15.7325565729 15.9874510116 16.0305997662 16.3418787479 23.9108842475 24.5393095981 24.5839813505
99 2.9566123833 3.0121450533 3.0990550141 3.1568071678 3.2170980235 3.2947432948 3.4258996338 3.4276614691 4.2700286957 4.2751038581 4.4309139295 4.5349650263 4.6340908959 4.6761856776 4.6998062238 4.7174138952 4.7711573635 4.7749238806 4.8362107472 4.9143687116 4.9468325672 4.9973576862 5.0489884577 5.0591950077 5.1266129668 5.4721098208 5.4881637015 5.5142924231 5.5313100248 5.5820038175 5.614243913 5.6165666439 5.6532269782 5.7161526888 5.7463146129 5.7692345546 5.7974438275 5.8142386066 5.8373541282 5.8761227074 5.8798364971 5.9475282883 5.9585034195 5.980193336 6.0521934772 6.0560977683 6.1148270359 6.1502418017 6.1542657354 6.4617005031 6.5242176067 6.6247538454 6.6872718122 6.695857349 6.8245957975 6.8989781565 6.9702868303 7.0047720365 7.0436864218 7.0773043961 7.1331173317 7.1653891932 7.1715342272 7.2529885532 7.2777253417 7.3618532154 7.381883056 7.6514586518 7.6883347329 7.8244610496 7.867701775 7.9018581144 7.9305894907 7.9616618403 8.0425189536 8.0489437089 8.0758058386 8.1183877889 8.1429077902 8.2244810282 8.2697415403 8.4307660201 8.4798271511 8.5582529299 8.6027779078 8.6558127481 8.677317518 8.6908833984 8.7261740492 8.8446028955 9.0049005331 9.0740211964 9.1307144442 11.4448105376 11.5654099297 11.573306035 15.5074609792 15.7249851431 15.7328012758 15.987822267 16.0316179862 16.3419922371 23.9108186947 24.5391048453 24.5838236841
100 2.9614590269 3.0327560015 3.1276575539 3.13630154 3.1880605139 3.3170426133 3.4044218548 3.4235374122 4.2707569133 4.2747763643 4.4309767532 4.5349313423 4.6345310735 4.6854623011 4.708145066 4.7088004915 4.7750263766 4.7791916501 4.8335217244 4.9461898137 4.9475139587 4.9985551737 5.0154706711 5.0463601232 5.1250515198 5.4740539901 5.4901928825 5.513955197 5.537017353 5.5781776843 5.6156008855 5.6167548394 5.6547110161 5.7183200208 5.7590272388 5.7691117847 5.7951833726 5.8004979217 5.8380256141 5.8756322844 5.8769866529 5.9488496769 5.9632511925 5.9743566746 6.0482738555 6.0536413996 6.1143541756 6.1491293906 6.1527622715 6.4616162109 6.5249894703 6.6246650892 6.6861481774 6.6957070862 6.8257050436 6.8991788262 6.9720974637 7.0049919569 7.0464069217 7.0777447041 7.1419386177 7.162736513 7.1679436288 7.2557844559 7.2705740027 7.3657587271 7.3768797908 7.6504994139 7.6872590272 7.8255814702 7.8685899566 7.9016575337 7.9349894327 7.9574657781 8.0444324029 8.0484875394 8.0734098779 8.1244055178 8.1367069299 8.2242875882 8.2693145383 8.4307803103 8.4802060252 8.5586179836 8.608551852 8.6510818271 8.6783041966 8.6901795691 8.7270957225 8.8440222335 9.0050817407 9.0740194662 9.1306124675 11.4447609244 11.5653893259 11.5732210468 15.5074310209 15.725040255 15.7329485022 15.9880455425 16.0322307438 16.3420602492 23.9107792612 24.5389816694 24.5837288334
101 2.9630934959 3.0418071324 3.1272566185 3.1504057002 3.1651674557 3.3275904891 3.3941770213 3.4221438016 4.2710007594 4.2746667693 4.4309960716 4.5349101002 4.6346748004 4.6914033146 4.7022031184 4.711780919 4.7765933092 4.7807377622 4.8323861572 4.9460139223 4.9807529209 4.9822126503 4.9988901537 5.0418590255 5.1245264666 5.4747015746 5.4908815675 5.5138337559 5.5392482391 5.5765493733 5.6160649462 5.6168094974 5.6552848441 5.7189391802 5.7673123024 5.76904874 5.7885963716 5.7977746589 5.8382602922 5.8754456576 5.8760079623 5.949418171 5.9667601681 5.9705090421 6.0468841012 6.0527993853 6.1142080666 6.1487577317 6.1522587724 6.4615873207 6.5252507452 6.6246360832 6.6857706105 6.6956564463 6.8260755876 6.8992463718 6.9727030859 7.0050646498 7.0473105144 7.0778918877 7.1481281701 7.1565551744 7.1688354239 7.2578074768 7.2670562893 7.3684223298 7.3738537718 7.6501792045 7.6868993782 7.8259541752 7.8688903627 7.9015867721 7.9368936306 7.9556328172 8.0450796148 8.0484113386 8.0725230404 8.1301708653 8.1308814224 8.2242229815 8.2691720585 8.4307844564 8.4803308024 8.5587397738 8.6108227188 8.649149072 8.6786252224 8.6899571643 8.7274157193 8.8438243607 9.0051420341 9.0740187543 9.130578219 11.4447443628 11.5653824473 11.5731926798 15.5074210314 15.7250586514 15.7329976452 15.9881200547 16.0324353014 16.3420829059 23.9107660996 24.5389405567 24.5836971746
102 2.9630934959 3.0418071324 3.1272566185 3.1504057002 3.1651674557 3.3275904891 3.3941770213 3.4221438016 4.2710007594 4.2746667693 4.4309960716 4.5349101002 4.6346748004 4.6914033146 4.7022031184 4.711780919 4.7765933092 4.7807377622 4.8323861572 4.9460139223 4.9807529209 4.9822126503 4.9988901537 5.0418590255 5.1245264666 5.4747015746 5.4908815675 5.5138337559 5.5392482391 5.5765493733 5.6160649462 5.6168094974 5.6552848441 5.7189391802 5.7673123024 5.76904874 5.7885963716 5.7977746589 5.8382602922 5.8754456576 5.8760079623 5.949418171 5.9667601681 5.9705090421 6.0468841012 6.0527993853 6.1142080666 6.1487577317 6.1522587724 6.4615873207 6.5252507452 6.6246360832 6.6857706105 6.6956564463 6.8260755876 6.8992463718 6.9727030859 7.0050646498 7.0473105144 7.0778918877 7.1481281701 7.1565551744 7.1688354239 7.2578074768 7.2670562893 7.3684223298 7.3738537718 7.6501792045 7.6868993782 7.8259541752 7.8688903627 7.9015867721 7.9368936306 7.9556328172 8.0450796148 8.0484113386 8.0725230404 8.1301708653 8.1308814224 8.2242229815 8.2691720585 8.4307844564 8.4803308024 8.5587397738 8.6108227188 8.649149072 8.6786252224 8.6899571643 8.7274157193 8.8438243607 9.0051420341 9.0740187543 9.130578219 11.4447443628 11.5653824473 11.5731926798 15.5074210314 15.7250586514 15.7329976452 15.9881200547 16.0324353014 16.3420829059 23.9107660996 24.5389405567 24.5836971746
103 2.9610819801 3.0343235758 3.1110640754 3.1580504551 3.181384666 3.3293655993 3.3775587215 3.4386234465 4.2617864752 4.283818881 4.4306794335 4.5343557169 4.633693707 4.6870527391 4.7029884307 4.7152218945 4.7724843559 4.7806782694 4.8326468378 4.931485277 4.9734174301 4.9874669037 5.0121531285 5.0504546926 5.1249872366 5.4736626772 5.4821027107 5.5132674862 5.547724662 5.5758305314 5.6160462916 5.6166163104 5.6541822627 5.7192873018 5.7681111956 5.7691956111 5.7883421516 5.7996317126 5.8375980285 5.8710191699 5.8803638465 5.9504519481 5.9671482318 5.9707592616 6.0450540386 6.0537826997 6.1146427441 6.1414180551 6.1608175864 6.4613305434 6.5253282315 6.6251051314 6.6827048427 6.6987751008 6.8258489094 6.8981254322 6.9710778885 7.0063633288 7.0473083912 7.0771454135 7.1480617931 7.1542075714 7.1711300849 7.2579398097 7.2667665536 7.3685756698 7.3745448576 7.6502567925 7.6872468487 7.8255054782 7.8684684364 7.9017198817 7.9365645597 7.9560758022 8.0452555471 8.0483934388 8.0712398473 8.1311783273 8.1313861883 8.2241076123 8.2692742322 8.4308093666 8.4803377518 8.5579404148 8.6108248351 8.6462845728 8.6808251396 8.6902529504 8.7276505382 8.8438274092 9.0051321494 9.0744252034 9.1311961497 11.4447654408 11.5576619322 11.5810400419 15.5073488618 15.7222646741 15.7361698665 15.9878980388 16.0326744466 16.3421109555 23.9108004297 24.5389949906 24.5838038641
104 2.9551557886 3.0160496399 3.0841564063 3.1768096644 3.2082462946 3.3345810267 3.3520049666 3.4638801096 4.2509299388 4.2944877918 4.4297239999 4.5326470764 4.6308546209 4.6779118966 4.7051861445 4.7215112902 4.7613651175 4.7806097597 4.8329555622 4.90449169 4.9634500132 4.99457859 5.0348286921 5.0726833025 5.1264206679 5.4641320648 5.4706024708 5.5115302828 5.5646876197 5.5736516155 5.6160314691 5.6160612053 5.6512688699 5.7202762692 5.7695921694 5.7704739854 5.7877395482 5.8044323982 5.8362052186 5.866259257 5.8848168447 5.9533978397 5.9683274177 5.9715328551 6.0415391266 6.0546665786 6.115943141 6.134315732 6.1716989259 6.4605624536 6.5255738925 6.6264984044 6.6772159946 6.7044221466 6.8251682641 6.8947281252 6.9670561254 7.0094753141 7.0473031482 7.0749167085 7.1478621158 7.14964348 7.1754997573 7.2583072527 7.2659697055 7.3690418243 7.3765677781 7.6504914621 7.6882829894 7.8241258469 7.8673156141 7.9020878186 7.9355869215 7.9573508927 8.0457756922 8.0483568616 8.0676765504 8.1320579007 8.1347472646 8.2237617225 8.2695798195 8.4308824986 8.4803585786 8.5555831668 8.6108231253 8.6393132203 8.6858135589 8.6911097729 8.7283549456 8.8438370468 9.0051021567 9.0756358762 9.1330458814 11.4448285885 11.5471680485 11.5919136741 15.5071326365 15.7176994708 15.741868304 15.987246574 16.0333772289 16.342195011 23.9109032844 24.5391582582 24.5841233261
105 2.9456087745 2.9927060091 3.0557788084 3.2009684837 3.2358538116 3.3261291892 3.3429374832 3.4899501862 4.2400060204 4.3050951323 4.4281107303 4.5296485751 4.6263911175 4.6669308022 4.708333253 4.7273199425 4.7458531632 4.7808650157 4.8326260385 4.8748539449 4.9566083211 4.9990872022 5.0607944151 5.1017426573 5.1290573506 5.4436770813 5.4656707939 5.5085417617 5.5699576895 5.5830422993 5.6152076126 5.6162240178 5.6474875522 5.7217847313 5.7700888668 5.7743013947 5.787277539 5.8093496459 5.8364938573 5.8613491548 5.8889252898 5.9578336194 5.9703398595 5.9729181306 6.0377808535 6.0538384175 6.1180983013 6.1294624682 6.1831471693 6.4592907176 6.5260240991 6.6287765841 6.6712998405 6.7106003789 6.8240318886 6.8889959472 6.9620761977 7.0131252073 7.0472967263 7.0712468666 7.1448166536 7.1475274154 7.1798783814 7.2588259149 7.2648657101 7.3698370201 7.3797852495 7.6508888814 7.6899890955 7.8217288885 7.8657197489 7.9026184742 7.933988299 7.9593117392 8.0466181677 8.0483507158 8.0624458967 8.1334883931 8.1396456297 8.2231859937 8.2700860438 8.4309990002 8.480393189 8.5517790766 8.6107979373 8.6302426282 8.6916148943 8.6924441742 8.7295275626 8.8438547272 9.0050510446 9.0776257006 9.1361148482 11.4449335467 11.5365957727 11.6031162295 15.5067732046 15.7131562432 15.7482952685 15.9862053531 16.0345037454 16.342334793 23.911074258 24.539430248 24.5846537535
106 2.9328434132 2.9671776799 3.0271216281 3.2276552157 3.2588581756 3.3048455844 3.3540199112 3.5160723479 4.2290747166 4.3155744521 4.4257989625 4.525140787 4.6205206698 4.6547842105 4.7111282661 4.7293365762 4.7313505808 4.7819538164 4.8314079432 4.8449488847 4.9524269735 5.002749055 5.0877844708 5.1335586318 5.1337478157 5.4225588537 5.4590708099 5.5042564054 5.5647048446 5.5996385908 5.6141352108 5.6176314277 5.6438617205 5.7236969249 5.7704340882 5.7794355859 5.7877457705 5.8098209738 5.8425816858 5.8561522208 5.8924819079 5.9631231297 5.9732428688 5.9751473421 6.0342281681 6.0508701235 6.1210898062 6.1272030461 6.1949143372 6.4575307221 6.5267300443 6.6318809596 6.6652812971 6.7169823361 6.8224370743 6.8809505144 6.9570886723 7.0165108613 7.0472876691 7.0662253734 7.1402630216 7.147054599 7.183536533 7.2593710176 7.2637361109 7.3709813701 7.3840056194 7.6514583305 7.6923343262 7.8182162932 7.8640278329 7.9032388829 7.9318112096 7.9617561892 8.0477494427 8.0484497493 8.0561223851 8.1354218798 8.1455145935 8.222381658 8.2707883579 8.4311505875 8.4804413132 8.546682469 8.6107275668 8.6199800551 8.6941405496 8.6973739786 8.7311623169 8.8438827949 9.0049771405 9.0803558488 9.1403809814 11.4450798848 11.5261073183 11.6144815668 15.5062719775 15.7088865145 15.7551917756 15.9848294007 16.0359986222 16.3425298373 23.9113126761 24.5398107455 24.585392172
107 2.917280574 2.9407108133 2.998480119 3.2553609361 3.2556545913 3.3099202136 3.3673776375 3.5420755892 4.2181658618 4.3258854 4.4227104949 4.5188455565 4.6133707585 4.6415855448 4.7051522675 4.7219693466 4.7327721267 4.7842923743 4.8159383863 4.8293657055 4.9501986251 5.006334074 5.1114027708 5.1438808456 5.16640936 5.4014042222 5.4510298322 5.4987321794 5.5579283314 5.6088380033 5.6129173621 5.6248079459 5.641156393 5.7259333806 5.7704640782 5.7856596911 5.7899907981 5.8055112733 5.8505333623 5.8544652953 5.8953164321 5.9683852 5.9770809377 5.97873232 6.0308833829 6.046190111 6.1248915636 6.1273882908 6.2068395111 6.4553079591 6.5277475579 6.635741235 6.6592383887 6.7234860193 6.8203805179 6.8707744058 6.9525173108 7.0192561039 7.0472650358 7.0599985952 7.1361243716 7.1464390284 7.1860805283 7.2597964477 7.2628787344 7.372489725 7.3890170441 7.6522124493 7.6952761301 7.8135317195 7.8625339731 7.9038967553 7.9291089452 7.9644662049 8.048744923 8.0489696909 8.0492732628 8.1378000364 8.1519572959 8.2213506553 8.2716805613 8.4313252138 8.4805022954 8.5404629338 8.6089109387 8.6105957951 8.696076074 8.7027758579 8.733244007 8.8439243698 9.0048781316 9.0837774813 9.1458115264 11.4452670028 11.5157392631 11.625967658 15.5056309233 15.7049484944 15.7624892084 15.9831785027 16.0378015868 16.342779497 23.9116175982 24.5402993921 24.586334494
108 2.8992651301 2.9139426882 2.9699683181 3.2308720748 3.2844130066 3.3357778146 3.3825836531 3.5679006977 4.2073045446 4.3359863349 4.4187014773 4.510497355 4.6050274812 4.627275917 4.6902167492 4.7252906571 4.7310195082 4.7848812661 4.7919209727 4.8266789854 4.9493545756 5.0100706723 5.1250734151 5.165162349 5.1994319743 5.3805614702 5.4417927687 5.4921670398 5.5497840368 5.6105007619 5.6116080058 5.637025184 5.6397692303 5.7284491086 5.7703681191 5.7924438308 5.7944968327 5.7992343766 5.8444807208 5.8693888324 5.8973559283 5.972822968 5.9818367882 5.9841819586 6.0270138509 6.0412648972 6.1294695761 6.1295070641 6.2188039852 6.4526592395 6.5291284336 6.6402829972 6.6531958328 6.7300806527 6.8178588195 6.8588020883 6.9484479553 7.0212230459 7.0472032439 7.0527578499 7.1323938564 7.1456744961 7.1872704426 7.2599564807 7.2625323839 7.3743615712 7.3946114391 7.6531668756 7.6987607075 7.8076967528 7.8614182116 7.9045603653 7.9259412804 7.9672385126 8.0416752724 8.0493319892 8.0507261384 8.1405597385 8.158721256 8.2200958795 8.2727549585 8.4315065245 8.4805746964 8.5332856624 8.5972385588 8.6103944739 8.6981415637 8.7077043177 8.7357445356 8.8439831881 9.0047510928 9.0878358118 9.152362214 11.4454941338 11.5055054846 11.6375537004 15.5048525588 15.7013595624 15.7701568718 15.9813094703 16.0398552069 16.3430829452 23.9119878216 24.5408956339 24.5874755875
109 2.8788921734 2.88743555 2.9416447737 3.2025936931 3.3136472549 3.3651721072 3.39926591 3.5935204964 4.196515115 4.3458268429 4.4135157033 4.4999951183 4.595676497 4.6117278314 4.6763867167 4.7253383929 4.7300774719 4.7633167181 4.7945207018 4.8235614067 4.9494929011 5.0139859078 5.1322579442 5.1932741877 5.2319455314 5.3603900736 5.4316323812 5.4849181551 5.5405184372 5.6102438631 5.6104103554 5.639796343 5.6478091679 5.7312227821 5.7705203907 5.7904252269 5.801062665 5.801475527 5.838459528 5.885830315 5.8986513368 5.9765746279 5.9873395881 5.9911611477 6.0212067891 6.0383049352 6.1329854767 6.1347817521 6.2307155412 6.4496321582 6.5309151954 6.6454334968 6.6471618415 6.7367484178 6.8148691339 6.8454447652 6.9448004213 7.0224030912 7.0447133948 7.0470620795 7.1289978516 7.1447534227 7.1870188927 7.2597251476 7.2628108242 7.3765726485 7.4005962122 7.6543397631 7.702723413 7.8008063612 7.8607475682 7.9052102093 7.9223707397 7.9699037284 8.0340046316 8.0502990999 8.0524784168 8.1436374551 8.1656472447 8.2186215491 8.2740025527 8.4316729874 8.4806555546 8.525301544 8.5851003929 8.6101225256 8.7002536386 8.7121241185 8.738621662 8.84406341 9.0045925223 9.092473747 9.1599772409 11.445760348 11.4954129433 11.6492243947 15.5039399395 15.6981237796 15.7781745301 15.9792721231 16.0421089102 16.3434391791 23.9124218857 24.5415986641 24.5888093572
110 2.8556957373 2.8621280292 2.9135465038 3.1730793949 3.3431948836 3.3955139748 3.4171169275 3.6189182203 4.1858225478 4.3553401136 4.4067173912 4.4876292084 4.5856976798 4.5948108083 4.6651801962 4.7139371754 4.7349909546 4.7450121441 4.8005338421 4.8202457039 4.9503390369 5.0180261481 5.137743694 5.2224406829 5.2628656683 5.3416923454 5.4208673009 5.4775422141 5.530395782 5.6088599679 5.6099657838 5.6411675702 5.6554734883 5.73424688 5.7710862811 5.7824277691 5.8074846781 5.8098123772 5.8348781792 5.8993494471 5.9030333522 5.9802266509 5.9928876011 5.9989776453 6.0137841914 6.0380565916 6.1373679063 6.1407778352 6.2425000243 6.4462831113 6.5331394217 6.6411383767 6.6511253222 6.7434704819 6.8114099728 6.8311200073 6.9414449535 7.0228549948 7.0360688878 7.0467939818 7.1258402755 7.1436672627 7.1853941951 7.2590094024 7.2636782128 7.3790708026 7.4067973795 7.6557511641 7.707089014 7.7929953672 7.8605148217 7.9058314599 7.9184597095 7.9723368907 8.0262200304 8.0517148076 8.0543565412 8.1469720334 8.1726317835 8.2169337568 8.2754132679 8.4317964994 8.4807389799 8.5166442807 8.5726110313 8.6097837006 8.7023576666 8.7160378792 8.7418211822 8.8441694052 9.0043983845 9.0976346031 9.1685902649 11.4460645562 11.4854657642 11.6609659361 15.5028966471 15.6952393403 15.786525015 15.9771081253 16.0445201516 16.3438470239 23.9129180783 24.542407364 24.5903288315
111 2.8300196934 2.8380296159 2.8857008632 3.1428107477 3.3729514028 3.426290924 3.4358913133 3.6440795143 4.1752533356 4.3644303264 4.3976368306 4.4742610074 4.5755582751 4.5764715565 4.6565424525 4.6968354004 4.7331136259 4.739649397 4.8071276956 4.8169927196 4.9517039013 5.022099854 5.142845548 5.2500263903 5.287835925 5.328507146 5.4098775299 5.4709001925 5.5196452536 5.6075078873 5.6095603857 5.6437647582 5.6599407057 5.7375205375 5.7718303496 5.7741023966 5.8075444109 5.8187535231 5.8401105733 5.8996253844 5.9204880769 5.9841723672 5.9946064579 6.0072341677 6.0094665927 6.039810649 6.1423437823 6.1473995142 6.2540962394 6.4426747065 6.535822551 6.6351249498 6.6572981982 6.7502119082 6.8074821496 6.8162248006 6.9382593597 7.0226645666 7.0270054018 7.0463553639 7.122826825 7.1424070508 7.1825817983 7.2577542345 7.2649812576 7.381777298 7.4130584015 7.65742225 7.7117717624 7.7844041582 7.8606797969 7.9064094744 7.914268318 7.9744619486 8.0184242957 8.0536185383 8.0563248152 8.1505059113 8.1796043744 8.2150412967 8.2769761934 8.4318401154 8.4808133593 8.5074313247 8.5598828657 8.609384503 8.7044239343 8.7194677071 8.7452818652 8.8443055342 9.0041641592 9.1032637406 9.1781263114 11.4464055156 11.4756666599 11.6727646767 15.5017267757 15.6927011854 15.7951916825 15.9748514295 16.0470539744 16.3443051386 23.913474442 24.543320246 24.5920262517
112 2.8035419459 2.8137334536 2.8581304688 3.1119287581 3.402840126 3.4553990283 3.4573341938 3.6689885284 4.1648364091 4.3729487115 4.3854624982 4.4612102328 4.556829918 4.5656022975 4.6499799504 4.6778850538 4.7243068705 4.7437648794 4.8139538287 4.8141048981 4.9534532166 5.0260927484 5.1478913251 5.2738082948 5.2896468088 5.3376383141 5.3990859272 5.4663338757 5.5084622806 5.6062713099 5.6094801029 5.6474955476 5.6617856167 5.7410429711 5.7657892938 5.7719332244 5.8014795612 5.82803543 5.8542815217 5.8996140687 5.9377083389 5.9873840965 5.9887091705 6.0139471249 6.0157721178 6.043008987 6.1477140572 6.154580737 6.2654526462 6.4388734293 6.5389777992 6.6291204906 6.6638994134 6.7568747948 6.8011710187 6.8030898475 6.9351471298 7.0176754134 7.0219191986 7.0457157822 7.1198752901 7.1409639993 7.1788196504 7.2559403851 7.2665129072 7.3845929211 7.4192377482 7.6593743347 7.7166752926 7.7751588527 7.861195266 7.9069277941 7.909852781 7.9762507455 8.0107087647 8.0560159102 8.0583530878 8.1541849355 8.1865142304 8.212956938 8.2786798433 8.4317542493 8.4808554399 8.497766396 8.5470426249 8.6089327203 8.7064406343 8.7224460674 8.7489413487 8.8444759413 9.003884897 9.1093092547 9.1885042581 11.4467818347 11.4660175488 11.6846066028 15.5004349152 15.6905021065 15.8041573902 15.9725293818 16.0496819097 16.3448120208 23.914088782 24.5443354036 24.5938931601
113 2.7769973517 2.7887173069 2.8308555124 3.0804837731 3.4327936192 3.4755001174 3.4885684516 3.6936253254 4.1546043051 4.3696455895 4.3806448053 4.4496960864 4.5362680028 4.555967941 4.644931523 4.6595388543 4.716334038 4.7470425914 4.8119277128 4.8208294204 4.9554873968 5.0298716999 5.1529586928 5.2754175416 5.2912168996 5.3614290893 5.3888118616 5.4656736866 5.4971158785 5.6052842476 5.6100415868 5.6523339884 5.6618389486 5.7447925084 5.7576754867 5.7694708672 5.7953411267 5.837537475 5.872655404 5.8993917947 5.9540609862 5.9770201153 5.9942366512 6.0217564974 6.0245709308 6.0473560017 6.1533538614 6.1622482001 6.2765251145 6.4349481184 6.5426121164 6.6231246216 6.6708833797 6.763008979 6.7866767433 6.798241781 6.9320379671 7.0082031311 7.0206950883 7.0448613249 7.1169177371 7.1393300687 7.1743432347 7.2535771957 7.2680681932 7.3874067378 7.4252067563 7.6616276496 7.7216924526 7.7653649712 7.8620177342 7.9052638105 7.907367704 7.9777164609 8.0031637 8.0588802393 8.0604163623 8.157956837 8.1933224401 8.2106994737 8.2805124256 8.4314701585 8.4808166606 8.4877423258 8.5342549453 8.608436518 8.7084067157 8.7250106294 8.7527412206 8.8446843744 9.0035552796 9.1157220178 9.1996394812 11.4471919798 11.4565198775 11.6964771183 15.4990261336 15.6886332901 15.813404044 15.970163957 16.052380746 16.345366014 23.9147586747 24.5454504697 24.5959204833
114 2.7505975584 2.7629402737 2.8038949518 3.04849509 3.4627344329 3.4961074572 3.5199522209 3.7179635245 4.144594778 4.3503548415 4.3870626861 4.4402181697 4.5155129983 4.5466508405 4.6409149359 4.6424750023 4.7084864022 4.7491936999 4.8108139429 4.8276447858 4.9577288441 5.0332832592 5.1580443315 5.2591469958 5.3001071167 5.3789248222 5.3851899629 5.4696804041 5.4868592429 5.6047607439 5.6115678429 5.6583476584 5.6609619086 5.748013026 5.7506391656 5.7623046736 5.7928807204 5.8471728758 5.8921645537 5.8998465057 5.9662502589 5.9686019539 6.0014090591 6.0305033921 6.0337238111 6.0526762333 6.1591856452 6.1703219368 6.2872753429 6.4309694341 6.5467275848 6.6171388117 6.6782107142 6.7643183376 6.7772651039 6.7929524133 6.9288829709 6.9986876512 7.019053641 7.0437929014 7.1138989973 7.1374984605 7.1693568286 7.2506936204 7.2694741964 7.3901050403 7.4308483856 7.6641997823 7.7267052963 7.7551085437 7.8631092151 7.9005446742 7.9077087757 7.9789026828 7.9958856663 8.0621594132 8.0624944132 8.1617680157 8.1999971515 8.2082971947 8.2824621156 8.4308885678 8.4774436359 8.480588035 8.5217708464 8.6079039269 8.7103262739 8.7272010975 8.7566303542 8.8449340418 9.0031696842 9.1224553858 9.2114463021 11.4471748195 11.4476342821 11.7083609612 15.4975059567 15.6870846261 15.8229123924 15.967772881 16.0551314135 16.3459653135 23.9154814774 24.5466625845 24.59809861
115 2.7244229155 2.7364627359 2.777267169 3.01597041 3.4925355896 3.5172143723 3.5514586723 3.7419675854 4.1348531035 4.3283811017 4.3913251084 4.4325611599 4.4957848712 4.5375928655 4.6267319402 4.6375516975 4.7005726815 4.7500179428 4.8110330483 4.8343310342 4.9601139733 5.0361497741 5.1631116471 5.2432091254 5.3005051963 5.3687165963 5.4057522982 5.4679554622 5.488273564 5.605043363 5.6141761934 5.6600453565 5.665724615 5.7419681375 5.7515189103 5.7535251932 5.7937802977 5.8568745328 5.8958812042 5.9165983237 5.9561035911 5.9802951856 6.0108775431 6.039701601 6.0434565282 6.0588553418 6.16516216 6.1787159177 6.2976697166 6.427010243 6.5513220295 6.6111675978 6.6858470914 6.7531766227 6.7807526872 6.787243199 6.9256494415 6.9892068772 7.0170428158 7.0425220804 7.1107740504 7.1354640082 7.1640261445 7.2473297617 7.2705984075 7.3925786879 7.4360569618 7.6671035881 7.7315856351 7.7444601866 7.8644347651 7.8957285893 7.907930217 7.9798707345 7.988983284 8.0645712558 8.0657854514 8.1655574531 8.2057941859 8.2065104136 8.2845173288 8.429859916 8.4669486206 8.4799004487 8.5100486163 8.6073425743 8.7122048822 8.7290571838 8.760566451 8.8452275101 9.0027222513 9.1294648109 9.2238400061 11.4379834141 11.4481069447 11.7202421864 15.4958803466 15.6858449062 15.8326619389 15.9653705618 16.0579180583 16.3466079739 23.9162543386 24.5479683755 24.6004174624
116 2.6985050746 2.7093724145 2.7509903534 2.9829137665 3.5218936151 3.5390128268 3.5830680341 3.7655892148 4.1254354474 4.3046530001 4.3918007791 4.426257953 4.4790572684 4.5287340687 4.6121615982 4.6345502999 4.6925560231 4.7495044213 4.8126662533 4.8408434903 4.9625881512 5.0382658164 5.1681055956 5.2282388491 5.2946421752 5.3575093948 5.4217682573 5.4566621019 5.5027880643 5.6066626034 5.6172629391 5.6601943636 5.6747947783 5.7349877953 5.7396024002 5.7581314038 5.7963191079 5.8665900312 5.8928992444 5.9393561163 5.9475809301 5.9890523234 6.0222216735 6.049189467 6.0541438174 6.0658146823 6.1712561548 6.1873386106 6.3076784733 6.4231467175 6.5563888073 6.6052199101 6.6937619963 6.7395509913 6.7811438427 6.7873284628 6.9223167788 6.9798213432 7.0147002364 7.041066695 7.1075055269 7.1332234588 7.1584816816 7.2435301733 7.2713459432 7.3947280748 7.4407387372 7.6703440018 7.7334804669 7.7361967326 7.8659580784 7.8908353647 7.9080131753 7.9806880899 7.982581525 8.0666345506 8.069683728 8.1692447676 8.2032625571 8.2128359025 8.2866669903 8.4281522756 8.4563308779 8.478059315 8.5000524932 8.6067595535 8.7140475589 8.7306173064 8.7645162323 8.8455666429 9.0022069541 9.1367075032 9.2367383421 11.4289466749 11.4486080508 11.732104186 15.4941556787 15.6849019689 15.8426309197 15.9629688289 16.06072731 16.3472919163 23.9170742092 24.5493639474 24.6028665597
117 2.6728289438 2.6817888028 2.7250827337 2.9493294 3.549900543 3.5623147806 3.6147640788 3.7887622711 4.1164138614 4.2799352329 4.3862597476 4.4209047634 4.4678561097 4.5200308504 4.5985904275 4.6316846335 4.6844495628 4.7478511768 4.8155838195 4.8471524689 4.965102407 5.0393991198 5.1729554678 5.2145929214 5.2850177182 5.3451536038 5.4325604546 5.4437167201 5.518901169 5.6103247832 5.618985462 5.6626526865 5.6859700893 5.7286528258 5.7286675383 5.7631104509 5.7995633728 5.8762790913 5.8876633846 5.9416324553 5.9627219144 5.9958771782 6.0338985393 6.058930902 6.0662075659 6.0734937387 6.1774543078 6.1960935577 6.3172750962 6.4194598966 6.5619157886 6.5993104323 6.7019274078 6.7261668774 6.7746936284 6.7943898324 6.9188736654 6.9705777557 7.0120563512 7.0394473149 7.1040618173 7.1307756557 7.1528252473 7.2393392247 7.2716530854 7.3964657861 7.4448129804 7.6739115771 7.7222279891 7.740396873 7.8676357583 7.8858677016 7.9079444484 7.9768237742 7.9814196545 8.0686750079 8.0737798891 8.1727055791 8.2008274994 8.2189470623 8.2889007959 8.4254113205 8.445660308 8.4738348358 8.4934037373 8.6061613713 8.7158578572 8.7319177836 8.7684548162 8.845952576 9.0016176699 9.1441422004 9.2500625175 11.4200656802 11.4491355719 11.743929733 15.4923387165 15.6842428147 15.8527963197 15.9605775052 16.0635477159 16.348014936 23.9179378545 24.5508448822 24.605435076
118 2.6472543262 2.6539462897 2.6995627191 2.9152239862 3.5750079562 3.5885829608 3.6465322223 3.8113952931 4.1078837705 4.2547823492 4.373824261 4.4162300015 4.4632897185 4.5114576677 4.5858777986 4.6287777567 4.6762834167 4.7453763708 4.8195306576 4.8532379164 4.9676112103 5.0393025552 5.1775707521 5.2025610901 5.2733327405 5.3318584832 5.4301332215 5.4381417248 5.532456468 5.6165834779 5.6171086974 5.6671477427 5.6990935093 5.7212861115 5.7239745693 5.7684668846 5.802935017 5.880639537 5.88591247 5.9386760776 5.9861173475 6.0017147294 6.0446949212 6.0690031645 6.0798096739 6.0818384868 6.1837538594 6.2048802123 6.3264358815 6.4160374103 6.5678834983 6.5934608178 6.7103163335 6.7134263008 6.7679429977 6.8016242733 6.9153164057 6.9615123571 7.0091369854 7.037684859 7.1004159368 7.1281216321 7.1471360921 7.2347982749 7.2714806666 7.3977174387 7.4482132553 7.6777618333 7.7107810773 7.7440454923 7.869409912 7.8808083278 7.9077223857 7.9718699982 7.9821223128 8.0706858297 8.0780039092 8.1757219109 8.1987174446 8.2248153367 8.2912094596 8.4211571849 8.4350036277 8.4673895761 8.4904576974 8.6055539357 8.7176376193 8.732992372 8.772364709 8.8463857224 9.0009482501 9.1517290526 9.2637377607 11.4113416508 11.449687377 11.7557010405 15.490436586 15.6838537048 15.8631339143 15.9582048448 16.0663693105 16.3487747097 23.9188418671 24.5524062486 24.6081118921
119 2.6211642586 2.6265493956 2.6744489846 2.8806081095 3.5977452703 3.6172083221 3.6783582638 3.8333604213 4.0999752087 4.2295863319 4.3563090012 4.4120678331 4.4637038738 4.5030034454 4.5739361743 4.6256917934 4.6680932311 4.7424067752 4.8242342209 4.8590861595 4.9700708849 5.0377442952 5.1818297875 5.192389786 5.260572203 5.3179344225 5.4160891001 5.4391048885 5.5417168117 5.6107373153 5.6251408352 5.670205954 5.7082334509 5.7208836432 5.7274625535 5.7742934574 5.8057024758 5.8735347951 5.8954723905 5.9383385927 6.0070703285 6.009063402 6.0542983005 6.0796162933 6.0908134866 6.0946569591 6.1901611288 6.2135955616 6.3351396515 6.4129749787 6.5742622746 6.5877004965 6.7014734308 6.7189008495 6.7609558997 6.8089432899 6.9116483349 6.9526543035 7.0059651614 7.035799226 7.0965451458 7.1252646314 7.1414754937 7.2299442145 7.2708084735 7.3984212997 7.4508885495 7.681689743 7.69936391 7.7470121276 7.8711981716 7.8756199685 7.9073660868 7.967888895 7.9828422236 8.0726622121 8.0822916897 8.1779113668 8.19733554 8.2304082131 8.2935849357 8.4149365948 8.4244244606 8.4608654704 8.4895665517 8.6049425665 8.719387078 8.7338720448 8.7762346828 8.8468657997 9.0001925897 9.1594296008 9.2776935493 11.402776019 11.4502612413 11.7673998316 15.4884567479 15.6837202508 15.8736183297 15.9558578673 16.0691832879 16.349568803 23.9197826804 24.55404262 24.6108856424
120 2.5934516264 2.6007888635 2.6497605168 2.8454973555 3.6195508625 3.6466751776 3.7102272709 3.8544771648 4.0928694419 4.2046299162 4.336139485 4.4083217574 4.466759698 4.4946673787 4.5627415419 4.6223224411 4.6599161028 4.7392145937 4.829463754 4.8646878208 4.9724383984 5.0345570799 5.184250155 5.1855569757 5.2473037846 5.303709077 5.4016551137 5.4363096498 5.5469454179 5.6001065073 5.6347440333 5.6694740577 5.7065222827 5.7277015949 5.7458860019 5.7809169028 5.806735006 5.8692479 5.904955285 5.9400082671 6.012177496 6.0309371166 6.0629005071 6.0910795311 6.1004953458 6.1102249281 6.196691652 6.2221374666 6.3433675931 6.4103771221 6.5810081273 6.5820667821 6.6903771041 6.727647815 6.7538150455 6.8162992573 6.9078804216 6.9440292731 7.0025622931 7.0338086973 7.0924312247 7.1222100678 7.135889714 7.2248089426 7.2696308239 7.3985272041 7.4528039632 7.6831050325 7.6905716367 7.749187475 7.870250292 7.872880308 7.9069288812 7.9650426848 7.9836140458 8.074600914 8.0865849482 8.1787814196 8.1972060091 8.2356867796 8.2960205936 8.4066506428 8.4139830735 8.4555799791 8.4895578792 8.604332019 8.7211051117 8.7345849348 8.7800586913 8.8473918722 8.999344695 9.1672068197 9.2918635975 11.3943704904 11.4508548562 11.779007418 15.486406969 15.6838274983 15.8842231177 15.9535426124 16.0719817554 16.3503946772 23.9207565821 24.5557480982 24.6137447582
121 2.5644496529 2.5764132254 2.6255166298 2.8099131867 3.640946347 3.6763833103 3.7421221928 3.8744898159 4.0868223884 4.1801258693 4.3148851736 4.4049383656 4.4708864219 4.4864555417 4.5523506104 4.6185962794 4.6517893357 4.7360016142 4.8350423416 4.8700363712 4.9746703813 5.0296915349 5.1781914847 5.1884783238 5.2338801926 5.2895492378 5.3868866267 5.4305990227 5.5493354282 5.5858429567 5.6441371927 5.6668510893 5.7024308869 5.7364768318 5.768669106 5.789995175 5.8053990512 5.8708473972 5.9143789661 5.9432585376 6.0171429575 6.0509396686 6.0707678737 6.1034036977 6.11147919 6.1260368911 6.2033722722 6.2304111877 6.3511032145 6.4083562775 6.5766040618 6.5880567219 6.6801656269 6.7364884921 6.7466543404 6.8236495535 6.9040336092 6.9356635418 6.9989489202 7.0317298639 7.0880611852 7.1189654413 7.1304116999 7.2194194379 7.2679531401 7.3979951507 7.4539407671 7.6735855653 7.6928173048 7.7504945369 7.8646424817 7.8742827608 7.9065149331 7.9634659671 7.984461353 8.0764998936 8.0908301026 8.1781692579 8.1985348059 8.240602385 8.2985113063 8.3966890429 8.4037358385 8.4516539491 8.4899760718 8.6037265122 8.722789547 8.735156384 8.7838348868 8.847962403 8.9983987478 9.1750251966 9.306185685 11.3861270978 11.4514658386 11.7905047829 15.4842952923 15.6841600057 15.8949208423 15.9512643341 16.0747575454 16.3512496964 23.9217597296 24.5575163436 24.6166775071
122 2.5348444145 2.5528178522 2.6017369549 2.7738836835 3.6620526805 3.7061279661 3.7740215382 3.8930403809 4.0821935127 4.1562437573 4.293392199 4.4018909893 4.4751115458 4.4783784712 4.5429392685 4.6144692161 4.6437504568 4.7329051174 4.8408380241 4.8751269945 4.9767223098 5.0232440141 5.1741164724 5.1901326829 5.2205664038 5.2759303361 5.3718482298 5.4226671423 5.549983525 5.5687334292 5.6526573302 5.6642143122 5.6984128394 5.7409544105 5.7853499688 5.8037342574 5.8087096785 5.8794013412 5.9237998129 5.9479627322 6.0220157387 6.0683390445 6.0780947133 6.1153098274 6.1256074591 6.1417335735 6.2102465169 6.2383411533 6.3583324241 6.4070292994 6.5713620405 6.5953145484 6.6708390986 6.7392456316 6.7457357 6.8309413274 6.900144332 6.9275888281 6.9951451441 7.0295778787 7.0834280684 7.1155402199 7.1250620944 7.2137981849 7.2657892888 7.3967938292 7.454295763 7.6616004605 7.6976088879 7.7508968635 7.8587490078 7.8751701263 7.9062901224 7.9632441148 7.9853977121 8.078358011 8.0949766828 8.1764944235 8.200957133 8.245091797 8.301053378 8.3856631286 8.3937345191 8.4487243368 8.4906418128 8.6031297618 8.7244374571 8.7356090615 8.7875647596 8.8485753098 8.9973491663 9.1828508251 9.3206013902 11.3780482503 11.4520917417 11.8018726686 15.4821300062 15.6847019214 15.9056831775 15.9490276502 16.0775040738 16.3521311328 23.9227881647 24.5593406097 24.6196720312
123 2.5048962215 2.5298247612 2.5784413995 2.7374441917 3.6828690591 3.7358162261 3.8058944947 3.9096497475 4.0794689894 4.1331289113 4.2721242333 4.3991698956 4.470449542 4.4786481398 4.5348748165 4.6099247355 4.6358379562 4.7300092515 4.8467509441 4.8799555261 4.9785478613 5.0154382416 5.1718013656 5.1896800497 5.2077008882 5.2635216686 5.3566288336 5.4130410861 5.5495158876 5.5496178587 5.6599971696 5.6621376066 5.6950644109 5.7372205322 5.7944967624 5.805032211 5.8370848021 5.8935174455 5.9333560117 5.9543539829 6.0268180307 6.0830017854 6.0850017881 6.1259920251 6.143656606 6.1570324093 6.2173869896 6.2458903882 6.3650437464 6.4065103614 6.5663932643 6.6026458921 6.6623769373 6.7324090252 6.7546802879 6.8380953592 6.8962767819 6.9198483529 6.9911709028 7.0273668949 7.078531416 7.1119457027 7.1198501667 7.2079637966 7.263159494 7.3948992284 7.4538800043 7.6492532044 7.7028059222 7.7504011442 7.8525435602 7.8752667904 7.9064642508 7.964399019 7.9864280931 8.0801747923 8.0989756806 8.1743067407 8.2039890577 8.2490699303 8.3036441718 8.374130529 8.3840254868 8.4464071836 8.4914723394 8.6025450135 8.726045433 8.7359631174 8.7912523962 8.8492280216 8.9961906617 9.1906514951 9.335055777 11.3701367745 11.4527300641 11.8130916658 15.4799196128 15.6854370582 15.9164810128 15.9468366582 16.0802152326 16.3530361721 23.9238378292 24.5612137814 24.6227163831
124 2.474728344 2.5073947829 2.5556500682 2.7006379076 3.7033443898 3.7653891516 3.8376883186 3.9237462519 4.0792450077 4.1109176619 4.2513543549 4.3967764263 4.4626839055 4.4806306644 4.5287880543 4.604971147 4.6280926614 4.7273562377 4.8527025216 4.8845172301 4.9800985253 5.006571352 5.1709513545 5.1854561863 5.1961712567 5.2531747388 5.3413611555 5.4021087347 5.5287553124 5.5486807558 5.6606506358 5.6657556533 5.692979038 5.7260312679 5.8020225404 5.8094124951 5.86802542 5.9105880155 5.9433880648 5.9632106506 6.0315597918 6.0915614009 6.0954987078 6.1361166284 6.1642012854 6.1716717498 6.2249252972 6.2530893268 6.3712287101 6.4068999302 6.5617503718 6.6098540683 6.6547440764 6.7259084583 6.7637061846 6.8449759098 6.8925510062 6.91250479 6.9870461833 7.0251106072 7.0733770644 7.1081948754 7.1147751631 7.2019317377 7.2600886752 7.3922934074 7.4527170292 7.6367331972 7.7081668917 7.7490531625 7.8460265862 7.874330977 7.9072225864 7.9668877558 7.9875504156 8.0819502516 8.1027782336 8.1719912176 8.2073211946 8.2524188573 8.3062811369 8.3625341768 8.3746489854 8.4444300422 8.4924222137 8.6019750771 8.7276098203 8.7362363561 8.7949038427 8.8499175341 8.9949182907 9.1983967712 9.3494970652 11.3623959498 11.4533782614 11.8241423026 15.4776727953 15.6863489657 15.9272845685 15.9446950239 16.0828853075 16.3539619178 23.9249045811 24.5631284154 24.6257985609
125 2.4444287299 2.485526501 2.5333831166 2.6635164347 3.723393773 3.794795863 3.8692866418 3.9348216548 4.0821123 4.0897523102 4.2312565308 4.394719458 4.45509781 4.4801797144 4.5254163333 4.5996376714 4.6205599329 4.7249563424 4.8586275688 4.8888050849 4.9813236361 4.9969560061 5.1712601533 5.1758852695 5.1868759791 5.2455356422 5.3262563961 5.3901540138 5.5068450575 5.5474412959 5.6596480659 5.6692040021 5.6930357946 5.7102988269 5.8092890746 5.8151035882 5.8986521932 5.927414669 5.9548078573 5.9760115219 6.0362467507 6.0978173281 6.106590555 6.1460460166 6.1853636064 6.1858295112 6.2331313947 6.2600720673 6.376882478 6.40827099 6.5574836167 6.6166569875 6.6478963654 6.7201068632 6.7726487102 6.8513226233 6.8892095518 6.9056510776 6.9827912538 7.0228228652 7.0679761466 7.1043022718 7.1098283101 7.1957150871 7.2566051074 7.3889634684 7.4508408089 7.6240988073 7.7135636893 7.7469284995 7.8392234424 7.8722493651 7.9086389386 7.9706137998 7.9887571121 8.0836847678 8.1063351753 8.1697939474 8.2107899398 8.2549719222 8.3089594209 8.3512525439 8.3656385547 8.4426214276 8.4934621165 8.6014223593 8.7291269205 8.7364444126 8.7985265603 8.850640463 8.9935275035 9.2060580501 9.3638763092 11.3548295373 11.4540337554 11.835005134 15.4753983845 15.6874210017 15.9380635166 15.9426060522 16.0855089159 16.3549053939 23.9259842109 24.5650767832 24.628906543
126 2.4140756774 2.4642310465 2.5116604813 2.6261403765 3.742897259 3.8239796202 3.9003102155 3.9428621078 4.0697997505 4.0884221893 4.2119507331 4.3930132334 4.4477081722 4.4769990937 4.524960305 4.5939697627 4.6132931686 4.7227965912 4.8644687364 4.8928069799 4.9821710883 4.9868826803 5.1632238928 5.1724503892 5.1776393974 5.2403321529 5.3116703318 5.377386133 5.4840539538 5.5460683866 5.6589885452 5.6699558766 5.6920997333 5.6957253446 5.8165683992 5.8210423511 5.9258034237 5.9413756119 5.9700461828 5.9939723555 6.0408871528 6.1037978052 6.116858994 6.1559147749 6.1977630999 6.2072218006 6.2426369989 6.2671074369 6.3820048599 6.4106557179 6.5536391496 6.6226648387 6.6417850202 6.7153851117 6.7813830999 6.8566027422 6.886763907 6.8994252078 6.9784269833 7.0205183683 7.0623434653 7.1002838523 7.1049953965 7.1893253066 7.2527393302 7.3849007446 7.448293608 7.6113839535 7.7188703476 7.7441209417 7.8321777446 7.8690700108 7.9106529749 7.9754452543 7.9900366306 8.0853790152 8.109598219 8.1678862134 8.2143084137 8.2564943827 8.3116649932 8.3406684075 8.3570207032 8.4408768734 8.4945704213 8.6008888956 8.730593159 8.7366009248 8.8021289564 8.851393093 8.992014187 9.213608597 9.3781470963 11.3474418011 11.4546939456 11.8456608284 15.473105325 15.6886364017 15.9405727415 15.9487871101 16.0880809598 16.3558635468 23.927072458 24.5670509154 24.632028322
127 2.3837457426 2.4435244994 2.4905013325 2.5885801191 3.7616890011 3.852862131 3.928379589 3.9502955819 4.0512801435 4.0980714305 4.1935291822 4.391675999 4.4405323181 4.4717074659 4.5267254717 4.5880243446 4.6063595472 4.7208481583 4.8701724611 4.8965005663 4.9766074071 4.9825890711 5.1492343437 5.1675711173 5.1742908113 5.2362336584 5.2982173635 5.3639606177 5.4605706523 5.5446718287 5.6583155734 5.6687950847 5.6727850294 5.7003294926 5.823930633 5.8268725742 5.9454905967 5.9522317078 5.9926327602 6.0162238804 6.0455061819 6.1095250741 6.1266763204 6.1658227107 6.2084808539 6.2265361969 6.2549046611 6.2745909605 6.3866020049 6.4140370673 6.5502583688 6.6273889497 6.6363599236 6.7121949831 6.7897436294 6.8598577313 6.8861463438 6.8940293176 6.973975336 7.0182134906 7.0564956082 7.0961569081 7.1002596404 7.1827729941 7.2485232494 7.3801002037 7.4451239213 7.5986156462 7.7239376571 7.740731564 7.8249435762 7.8649599855 7.9131259037 7.9812334789 7.9913748221 8.0870339487 8.1125236858 8.1663958508 8.2178273874 8.2566725563 8.3143457625 8.331237974 8.3488148883 8.4391332835 8.495729573 8.6003763802 8.7320052203 8.736717698 8.8057199825 8.8521714252 8.9903747041 9.2210235578 9.3922652743 11.3402375232 11.4553562189 11.8560902516 15.4708026407 15.6899783472 15.938597827 15.959424316 16.0905965904 16.3568332457 23.9281650279 24.5690426468 24.6351519391
128 2.3535166791 2.4234251237 2.4699228202 2.5509172321 3.7795373066 3.8813116802 3.9408820109 3.9701975829 4.0345199936 4.1105149093 4.1760817708 4.3907291086 4.4335878412 4.4652157193 4.5297245438 4.5818656155 4.5998496556 4.7190722856 4.8756856824 4.8998428402 4.9663606139 4.9825291822 5.1342244454 5.1573626961 5.1765975887 5.2314122632 5.286875868 5.3499931751 5.4365352068 5.5433249378 5.6501882215 5.6603215245 5.6667352455 5.7058718121 5.8313892781 5.8325114705 5.9583530099 5.9612120144 6.0214578724 6.0406128174 6.0502301484 6.1150266266 6.1362769629 6.1759025445 6.2171826219 6.2418238801 6.2716970342 6.2829494216 6.3906894545 6.4183487676 6.5473784562 6.6303386907 6.6315717285 6.7109589711 6.7975073981 6.8602426259 6.888168555 6.8897493279 6.9694601808 7.0159273196 7.0504491889 7.0919400001 7.0956045258 7.1760686104 7.2439893936 7.374560064 7.4413845982 7.5858188049 7.7285764902 7.7368603341 7.8175790624 7.8601572478 7.9159054408 7.9878277533 7.9927561716 8.0886508509 8.1150792811 8.1654152695 8.2213166369 8.2551478664 8.316666352 8.323719553 8.3410338193 8.4373531444 8.496924453 8.5998861941 8.7333601555 8.7368048567 8.8093087876 8.8529712201 8.9886059292 9.2282799502 9.406188711 11.3332220103 11.4560179605 11.8662745468 15.4684994 15.6914300324 15.9366838159 15.9699439543 16.0930511807 16.3578112815 23.9292576086 24.5710436616 24.6382655178
129 2.3234686688 2.4039521979 2.4499366678 2.5132479344 3.7961141545 3.9090542486 3.9413517776 3.9996582834 4.0200721672 4.1249478084 4.1597716186 4.3901963544 4.4268925595 4.4581962343 4.5331869762 4.5755618504 4.5938935293 4.717424659 4.8809526749 4.9027471553 4.956375988 4.9819511703 5.1183259302 5.1475993212 5.1792280175 5.2242001581 5.2787412453 5.3355675752 5.4120609997 5.5420772758 5.6298852745 5.659743085 5.6643375261 5.7118085994 5.8379550772 5.8389363714 5.9678649398 5.9693035559 6.0499368484 6.0578104449 6.065288934 6.1203620705 6.1458105767 6.1863524081 6.2237710487 6.2538275938 6.2922168628 6.2924667542 6.3942982566 6.4234840652 6.5450340773 6.6273728829 6.6312281814 6.711854166 6.8043995379 6.8581670808 6.8869593161 6.8923776933 6.9649086909 7.0136830208 7.0442194799 7.0876529349 7.0910164238 7.1692231721 7.2391702901 7.3682816145 7.4371312109 7.5730181152 7.7325402191 7.732600755 7.8101421506 7.8549583129 7.9188579602 7.9941648447 7.9950846101 8.0902314519 8.1172528948 8.1649983096 8.2247559673 8.2516459985 8.3154973157 8.321565245 8.3336840542 8.4355152553 8.4981416205 8.5994194305 8.7346554601 8.736870987 8.8129044212 8.8537880392 8.9867052801 9.2353566331 9.4198770875 11.3264010936 11.4566765637 11.8761952101 15.4662046803 15.6929747294 15.9348330143 15.9803148407 16.0954403065 16.3587943642 23.9303458882 24.5730455392 24.6413572987
130 2.2936848434 2.3851254512 2.4305373539 2.4756948823 3.810956072 3.9353588803 3.9387294256 4.0090698706 4.030246749 4.1388323204 4.1465867384 4.3901033297 4.4204645911 4.4510547364 4.5365606475 4.5691833617 4.588685326 4.715858326 4.8859113182 4.9050288411 4.9469527875 4.9808292617 5.1017388754 5.1384934234 5.1820719104 5.2139907266 5.2741458269 5.3207376476 5.3872524052 5.5409620858 5.6086565231 5.6600105542 5.6618514909 5.7178943128 5.8432151697 5.8465537889 5.9758135737 5.977015166 6.0578520119 6.0861117673 6.0888652615 6.1257441163 6.1553536689 6.1974374564 6.2285296355 6.2647385932 6.3031677067 6.3143284877 6.397488969 6.4293101423 6.5432601949 6.6237178051 6.6301525428 6.7146231356 6.8101538792 6.8546714772 6.8860738161 6.8976757337 6.9603539144 7.0115096702 7.0378195325 7.0833167782 7.0864869943 7.162248902 7.2340979348 7.3612692371 7.4324206818 7.5602389866 7.7280371633 7.7355079894 7.8026883551 7.8497306777 7.9218747705 7.9955855338 8.0028724361 8.0917781492 8.1190599839 8.1651549873 8.2281306381 8.2461649489 8.3117525216 8.3239013138 8.3267668312 8.4336092758 8.4993689546 8.598976919 8.735889126 8.7369232662 8.8165155794 8.8546172833 8.9846707469 9.2422342595 9.4332917253 11.31978112 11.4573294406 11.8858341605 15.4639275333 15.6945958519 15.9330475501 15.9905059322 16.0977597316 16.3597791194 23.9314255715 24.5750397998 24.6444156729
131 2.2642514592 2.3669647568 2.4116406457 2.4384685116 3.8234348815 3.9346533447 3.9577477991 4.0045456828 4.0604011664 4.1298001392 4.1587548392 4.3904765511 4.4143226781 4.4440402842 4.5393752336 4.5628015869 4.5845107839 4.7143253663 4.8904879362 4.9062783611 4.938590123 4.9791595591 5.0846882352 5.1299975712 5.1850429108 5.2015146411 5.27231261 5.3055212811 5.3622245028 5.5400008227 5.5872782335 5.6593878959 5.6605053133 5.7240130725 5.8483017253 5.8542176841 5.9828584677 5.984586792 6.0623824941 6.1102495634 6.1152461076 6.1326913929 6.1648791352 6.2094060384 6.2321567611 6.2759634139 6.314875324 6.3367788065 6.4003896888 6.4356838497 6.5420960468 6.6205624811 6.6275371177 6.7186110329 6.8146628178 6.8504430039 6.8874114691 6.9032958263 6.9558398199 7.0094446826 7.0312597733 7.0789538991 7.0820155133 7.1551598324 7.228803332 7.3535306298 7.4273101531 7.5475081915 7.7232439452 7.7370810339 7.7952698426 7.8449210959 7.9248685603 7.9970040972 8.0110726481 8.0932943705 8.1205447992 8.1658514186 8.2314288558 8.2390328391 8.3091183922 8.3202790548 8.3267445459 8.4316324537 8.5005954797 8.5985592466 8.7369675851 8.7370596691 8.8201503905 8.8554542305 8.9825009198 9.2488952132 9.446395445 11.3133689353 11.4579740317 11.895173805 15.4616769488 15.6962770173 15.9313293905 16.0004864741 16.1000053975 16.360762083 23.9324923972 24.5770179488 24.6474292167
132 2.2352578688 2.3494899417 2.3923204244 2.4026299907 3.8327988996 3.9297239146 3.9702221542 4.0131642431 4.0873271436 4.120317382 4.17591229 4.3913416128 4.4084873549 4.4373283001 4.5411708998 4.5564891772 4.5817390807 4.712777585 4.8945894329 4.9056715892 4.9321827822 4.9769675709 5.0673853506 5.1218799722 5.1879784794 5.188069831 5.2721814198 5.2898795573 5.3371349529 5.5392060422 5.5659669225 5.6569976044 5.6611383552 5.7301026165 5.8532193882 5.8619005189 5.9892619099 5.9921293299 6.0666636562 6.1287264889 6.1304754675 6.1515376601 6.1742160778 6.2222495286 6.2358909591 6.2884348125 6.3273591042 6.3587826084 6.4033253407 6.4424656497 6.541590594 6.6178637468 6.6239224466 6.7229748661 6.818156263 6.845818825 6.8910211147 6.9087854483 6.9514318991 7.0075368678 7.0245480561 7.0745880292 7.0776113478 7.1479723463 7.2233160827 7.3450772333 7.4218560727 7.5348543861 7.7182859526 7.7368176628 7.7879352701 7.841025644 7.9277683263 7.9984079933 8.019578664 8.0947851642 8.1217730621 8.1670183949 8.2307493523 8.2346402826 8.3075278113 8.3142143553 8.3296889754 8.4295876019 8.5018112724 8.598166777 8.737008661 8.7381661326 8.8238162345 8.8562940719 8.9801950148 9.2553235334 9.4591524555 11.3071718592 11.4586078159 11.9041970971 15.4594618199 15.6980021073 15.9296803573 16.0102261483 16.1021734164 16.3617396961 23.9335421545 24.5789715214 24.6503867257
133 2.206796355 2.332720655 2.3626689348 2.3782306427 3.8383847783 3.9242840338 3.9744409981 4.0338308396 4.0946057714 4.1309848626 4.1934077003 4.3927163184 4.4029868853 4.431070815 4.5415848702 4.5503209613 4.5806934163 4.7111664947 4.8980907713 4.9022948596 4.9287008698 4.9743148769 5.0500294042 5.1137240597 5.1744843686 5.191085974 5.2729955814 5.2736638348 5.312248871 5.538583332 5.5448709182 5.6547041787 5.6618699754 5.7361236246 5.85796785 5.8695721235 5.9951421837 5.9996899521 6.0708324202 6.1359597968 6.1441720076 6.1756802968 6.183088745 6.2354282275 6.2420909873 6.3029375898 6.3404406448 6.3790560343 6.4073888981 6.4495312025 6.5418101847 6.6155784834 6.619798978 6.7268707523 6.8212270089 6.8409679326 6.8966326537 6.9137976928 6.9472407378 7.0058498225 7.0176902897 7.0702443147 7.0732968025 7.1407056402 7.2176640061 7.3359248717 7.4161134602 7.5223085877 7.713219574 7.7343314966 7.7807299479 7.8384946874 7.9305152834 7.9997865197 8.0282934754 8.0962581693 8.1228187634 8.1685662962 8.2217907176 8.2377550586 8.306601821 8.3085641599 8.3326605184 8.4274817933 8.5030073999 8.5977996683 8.7370501451 8.7392080706 8.8275195942 8.8571319463 8.9777528996 9.2615048301 9.4715282722 11.3011976513 11.4592283202 11.9128875899 15.4572909078 15.6997553261 15.9281021388 16.0196952205 16.1042600672 16.3627082985 23.9345707 24.5808921259 24.6532772481
134 2.1789618582 2.3166762634 2.327059494 2.361048794 3.8399875954 3.918559559 3.9785456803 4.058496111 4.0858948669 4.1580764184 4.2109080672 4.394527728 4.3979388833 4.4254321432 4.5405684102 4.5443757093 4.5814119691 4.7094428188 4.8964485768 4.9008150024 4.9278896637 4.9713044723 5.032828904 5.104923411 5.1620195431 5.1940089191 5.2565032037 5.2743121914 5.2880725607 5.524112466 5.5381326657 5.6525179959 5.6626734496 5.7420468935 5.8625430728 5.8772003178 6.0005588418 6.007281774 6.0749176271 6.1400687999 6.1570217451 6.1912610769 6.1929184216 6.2479971715 6.254554831 6.3199415331 6.3540324444 6.3936899215 6.4164440889 6.4567825205 6.542849876 6.6136629189 6.6155566727 6.7295793016 6.8246179781 6.8359859734 6.9037909563 6.9179420565 6.9434740333 7.0044646078 7.0106921441 7.0659493206 7.0691105076 7.1333820827 7.2118727764 7.3260946241 7.4101353312 7.5099046364 7.708094101 7.7294284489 7.773696071 7.8375972846 7.9330600296 8.0011308746 8.0371261349 8.0977252569 8.1237509266 8.1704004749 8.2125243465 8.2407630789 8.303318738 8.3060274003 8.3356254732 8.425325464 8.5041758686 8.5974578895 8.7370947255 8.7401855133 8.8312659321 8.8579629742 8.9751751206 9.267426192 9.4834896603 11.2954544688 11.4598331284 11.9212294825 15.455172807 15.7015212577 15.9265962998 16.0288646856 16.1062617925 16.3636641239 23.9355739738 24.5827714858 24.6560901184
135 2.1518516116 2.291647189 2.3013757621 2.345088506 3.8380719012 3.91270983 3.9850431201 4.0756865077 4.0840606679 4.1868548324 4.2282499233 4.3927572564 4.3974033318 4.4206251067 4.5384394802 4.5387386924 4.5835835792 4.7075557047 4.8893561654 4.9025030162 4.9285631387 4.968084866 5.0160325566 5.0948037186 5.1514533088 5.1966751933 5.2377054123 5.2655189373 5.2758802064 5.5037981934 5.5378494024 5.6504428353 5.6635276098 5.7478476365 5.8669384737 5.884751317 6.005544972 6.0148978672 6.078929136 6.1436444552 6.1679300297 6.1986417535 6.2010103045 6.2591959551 6.2745552228 6.3391638866 6.3681426644 6.4002470161 6.4330724355 6.4641627928 6.5448506787 6.6114963369 6.6120722104 6.7306185475 6.82892231 6.8309356556 6.9120236368 6.9206613311 6.9405203897 7.0034792746 7.003563335 7.0617309395 7.0651113816 7.1260274342 7.2059655674 7.3156139541 7.4039722714 7.4976796416 7.7029531795 7.7221869673 7.7668728813 7.8383411461 7.935360693 8.0024340619 8.0459869207 8.0992054138 8.1246248716 8.1724323906 8.2032101541 8.2436533608 8.2984682268 8.305587113 8.3385602854 8.4231317359 8.5053095725 8.597141235 8.737144226 8.741098918 8.83505959 8.8587822913 8.972462933 9.2730760903 9.4950046029 11.2899508149 11.4604198909 11.9292076611 15.453115911 15.7032849207 15.9251642906 16.0377064087 16.1081751983 16.3646032948 23.9365480157 24.5846014811 24.6588149906
136 2.12556469 2.2569522813 2.286837693 2.3299954569 3.8335492307 3.90685283 3.9937740542 4.0658228209 4.1096279483 4.2150538803 4.2453717334 4.3883938823 4.4004267997 4.4169617092 4.5335051018 4.5356546135 4.5867694021 4.7054518145 4.8818844815 4.9027750003 4.9298852107 4.9648512785 4.9999665314 5.082950813 5.1432974253 5.1983876173 5.2169668816 5.2456514235 5.2775540331 5.4840230902 5.5377250606 5.648479188 5.6644144605 5.7535028046 5.8711458719 5.8921900203 6.0101209365 6.022518214 6.0828706648 6.1468304306 6.1774676491 6.2032346298 6.2052605481 6.2688061611 6.2984077183 6.359145304 6.3828630503 6.4044048559 6.4522839144 6.4716814977 6.5480249512 6.6078539502 6.6107605296 6.7298216465 6.8258644109 6.8343909021 6.9209149135 6.9213020022 6.9388700294 6.9963288757 7.0030011454 7.0576181399 7.0613829439 7.1186708912 7.1999626976 7.3045181352 7.3976721746 7.4856743931 7.6978362255 7.7129122358 7.7602967064 7.840518057 7.9373817542 8.0036906688 8.0547801832 8.1007300179 8.1254789909 8.1745852496 8.1940284664 8.2464133731 8.2940036901 8.3051377811 8.3414456635 8.420915845 8.5064022387 8.5968493398 8.7371997032 8.7419491095 8.8389037044 8.8595850808 8.9696183355 9.2784442799 9.5060422909 11.2846954798 11.4609863327 11.936807734 15.4511283786 15.7050318211 15.9238074533 16.0461932617 16.1099970536 16.3655218215 23.9374889807 24.5863741878 24.6614418701
137 2.1002014775 2.2231883425 2.2730800668 2.3157279335 3.8273720725 3.9010793939 4.0039899851 4.0566033505 4.1348314444 4.2416114896 4.2623814286 4.3843593413 4.4041139129 4.4149340508 4.5287844037 4.5326006504 4.5906075004 4.703074455 4.8744488229 4.9011063051 4.9314656444 4.9618335296 4.9850671335 5.0694689248 5.1375006683 5.1893986431 5.2034988939 5.2290760513 5.2792463606 5.4648723228 5.5377479488 5.6466260356 5.6653181685 5.7589897796 5.8751561927 5.8994802287 6.0143008354 6.0301133126 6.0867427659 6.1496682515 6.1860297937 6.2026792726 6.2111970943 6.2769793858 6.3225830296 6.3763134142 6.3983170115 6.411376621 6.4713273943 6.4794599868 6.5526866672 6.604819392 6.6096820845 6.7273101608 6.8208126848 6.8409261302 6.9197853394 6.9300806868 6.9384560797 6.9890615914 7.0031277735 7.0536404896 7.0580372798 7.1113449219 7.1938812817 7.2928520257 7.3912801925 7.4739336987 7.692779735 7.7020157824 7.7540008773 7.8438237598 7.9390933179 8.0048965476 8.063392602 8.1023528245 8.1263355897 8.1767954033 8.1851060976 8.2490281715 8.2899183337 8.3045867332 8.3442650111 8.4186946037 8.507448369 8.5965816942 8.7372615411 8.7427372138 8.842800133 8.8603666051 8.9666441142 9.2835217002 9.5165731326 11.2796974718 11.4615302621 11.9440160609 15.449218101 15.7067480031 15.9225270289 16.0542992512 16.1117242924 16.3664156027 23.9383931545 24.5880819166 24.6639611457
138 2.0758630528 2.1905307699 2.2601202866 2.3022872653 3.8203002061 3.8954616564 4.0149720912 4.0480953944 4.1594468929 4.26510118 4.2796879218 4.3807350344 4.4083964715 4.4153336942 4.5247055979 4.5295486533 4.5948572314 4.7003629432 4.8672451392 4.8968887014 4.9331279522 4.9592348353 4.9718753671 5.0548385747 5.1336233835 5.1651015913 5.1998554113 5.2179245848 5.2809033157 5.4464221252 5.537903701 5.6448818654 5.6662245519 5.7642857342 5.8789599738 5.9065848124 6.0180958156 6.0376461096 6.0905435817 6.1521735783 6.1938630267 6.2007896798 6.2165347528 6.2839574324 6.3451620548 6.3856807289 6.4144990645 6.4259325311 6.4878099112 6.4892527275 6.5592587071 6.6025470571 6.6087943177 6.723375054 6.8158181023 6.8482053061 6.9168596855 6.938429679 6.9390383743 6.9819912466 7.003917688 7.0498274014 7.055217158 7.1040848874 7.1877349071 7.2806722616 7.3848389753 7.4625065867 7.6878184355 7.6899151144 7.748015558 7.8479579294 7.9404706806 8.0060484431 8.0716725011 8.1041689982 8.127203781 8.1765346633 8.1790113768 8.2514791179 8.2862090928 8.3038749776 8.3470038337 8.4164858666 8.5084431789 8.5963376587 8.7373295439 8.743464588 8.8467493843 8.8611222369 8.9635438991 9.2883003768 9.5265687811 11.2749659424 11.4620495787 11.9508197776 15.44739267 15.7084200983 15.9213241617 16.0619996384 16.113354015 16.3672804326 23.9392569676 24.589717249 24.6663636194
139 2.0526504945 2.1591479238 2.2479750737 2.2896854429 3.8128673065 3.8900582227 4.02616976 4.0403055269 4.1832835613 4.2842011389 4.2972580194 4.3775564487 4.4132349903 4.4193473724 4.5214229454 4.5266854961 4.5993685991 4.6972524628 4.8603746893 4.8896709673 4.9347837165 4.9568431169 4.9611783052 5.039615201 5.1311613077 5.1387529232 5.189611888 5.2154565306 5.2824910293 5.4287402701 5.5381757521 5.6432452794 5.6671207883 5.7693673462 5.8825477214 5.9134658336 6.0215159116 6.045073068 6.0942689129 6.1543537445 6.1982155041 6.2011139357 6.2213439298 6.2899437626 6.365176303 6.3885664222 6.4309643069 6.4461572477 6.4973368739 6.5056124343 6.5681722451 6.6011625998 6.6080678769 6.7183543089 6.8109176405 6.8558180108 6.9132544175 6.9380348034 6.9467502344 6.9759400399 7.0053624553 7.0462070922 7.0530936145 7.096928511 7.1815333742 7.2680499467 7.3783893203 7.451446297 7.6769881298 7.6829862378 7.7423675436 7.8526695882 7.9414940868 8.0071436048 8.0793949194 8.1063484348 8.1280829308 8.1683823709 8.1811919651 8.2537418306 8.2828789528 8.3029668788 8.349649352 8.4143079932 8.5093825352 8.5961164805 8.7374030276 8.744132752 8.8507505387 8.8618474894 8.9603222435 9.2927733261 9.5360021777 11.270510103 11.4625422806 11.9572068153 15.4456593469 15.7100353712 15.9201999045 16.0692710466 16.1148834906 16.3681120125 23.94007701 24.591273073 24.6686405368
140 2.0306641079 2.1292070958 2.2366603926 2.2779376936 3.8054294844 3.8849174145 4.0332193508 4.0371888574 4.2061425891 4.2996667142 4.3128061044 4.3748592912 4.4185699283 4.4283438445 4.5191207478 4.5241575872 4.6040457657 4.6936747566 4.8538954865 4.8794875571 4.9363780972 4.9507924938 4.956908782 5.0242890275 5.1116684342 5.1297056611 5.1763190099 5.2169140864 5.2839880446 5.4118863943 5.5385457748 5.6417153728 5.667995236 5.7742107176 5.8859101571 5.9200846273 6.0245711727 6.0523447886 6.0979119994 6.1562133278 6.1952903621 6.2078663464 6.2256797636 6.2950841332 6.3823303129 6.3887407598 6.4466065686 6.4674990611 6.5089423954 6.5205158893 6.5795564617 6.6007759817 6.6075270852 6.7125643421 6.806148712 6.8633531281 6.9093538928 6.9369464638 6.9502402435 6.9736939889 7.0073770535 7.0428053389 7.0518549717 7.0899153872 7.1752825754 7.2550739205 7.3719713575 7.4408099817 7.6635661532 7.678316944 7.7370800885 7.8577640797 7.9421485987 8.0081794301 8.0862231951 8.1091724943 8.1289658382 8.1607015382 8.1833042039 8.2557828582 8.2799405221 8.3018443667 8.3521901208 8.412179336 8.5102628936 8.5959173106 8.7374809088 8.7447433222 8.8548011465 8.862538045 8.9569847375 9.2969344635 9.5448476081 11.2663391355 11.463006472 11.9631659166 15.4440250329 15.7115817639 15.9191552223 16.0760915567 16.1163101598 16.3689059709 23.9408500445 24.5927426159 24.6707836148
141 2.0100025771 2.1008752324 2.2261913792 2.2670600814 3.798221401 3.8800793797 4.0268144398 4.0477517112 4.2277949181 4.3127486534 4.3242016592 4.3726862141 4.424316635 4.4430050229 4.5180138289 4.5221237145 4.608821503 4.6895600863 4.8478439781 4.8669048975 4.9378606785 4.9436948114 4.9559462307 5.0092970149 5.084173269 5.128959067 5.1627391791 5.2193446178 5.2853808204 5.395912378 5.5389940933 5.6402919667 5.6688373176 5.778791432 5.8890383884 5.9264018389 6.0272724475 6.0594064267 6.101463129 6.1577563241 6.1922130775 6.2141646557 6.2295844338 6.2994812655 6.3877513134 6.3967863334 6.4601058476 6.487369792 6.5233645169 6.5349210517 6.5926874766 6.6015227962 6.6075355995 6.7062820893 6.8015495507 6.8704406199 6.90533414 6.9351224922 6.9466498728 6.9779467365 7.0098147355 7.0396442913 7.0516828042 7.0830869543 7.168984631 7.2418546503 7.3656263925 7.4306580635 7.6499427711 7.6738446807 7.7321728222 7.8630942812 7.9424240302 8.0091531743 8.0917568045 8.1129841202 8.1298413247 8.1535337383 8.1853215661 8.2575546636 8.2774212802 8.3005040411 8.3546155962 8.4101178024 8.5110812379 8.5957392236 8.7375617915 8.7452979516 8.8588970785 8.8631897834 8.953538179 9.3007785156 9.553080771 11.2624620984 11.4634403697 11.9686866465 15.4424962404 15.7130479376 15.9181909957 16.0824407875 16.1176316377 16.369657892 23.9415730191 24.5941194758 24.6727850687
142 1.9907620498 2.0743180166 2.2165822686 2.257068524 3.7913985126 3.8755775332 4.0210656331 4.057663233 4.24796733 4.3233014024 4.3321104611 4.3710902132 4.4303721387 4.4624612396 4.5183376172 4.5208784644 4.6136415464 4.6848409261 4.8422448479 4.8527012191 4.9377202037 4.9391566742 4.9552983159 4.9951126896 5.0564632888 5.1287082641 5.1494957651 5.2221100492 5.2866609489 5.3808629704 5.539500089 5.638975739 5.6696374425 5.7830847154 5.8919240239 5.9323774226 6.0296320078 6.0661980657 6.1049090931 6.1589871405 6.1891186412 6.2200274719 6.2330902692 6.3032120314 6.3861559484 6.4088532849 6.4709719081 6.504090948 6.5402457923 6.5503079045 6.6024289775 6.603684984 6.6124606727 6.6997550201 6.7971590732 6.8767746035 6.9012764414 6.93266581 6.9389443838 6.9856026116 7.0124940713 7.0367420032 7.0527130442 7.0764877343 7.1626384756 7.2285286958 7.3593994364 7.4210532819 7.6363855403 7.6696040423 7.7276617907 7.8685487383 7.9423149237 8.0100617575 8.0958026577 8.1179131017 8.1306961888 8.1469146409 8.1872224864 8.2589901289 8.275369296 8.2989560686 8.3569156349 8.4081405619 8.511835021 8.5955812379 8.7376440506 8.7457982775 8.8630322876 8.8637988082 8.9499908415 9.3043009383 9.5606788551 11.2588878279 11.4638423094 11.9737594008 15.4410790668 15.7144233113 15.9173080245 16.08829996 16.1188457165 16.3703633523 23.9422430796 24.595397651 24.6746376378
143 1.9730351634 2.0496982376 2.2078463266 2.2479783024 3.7850650726 3.8714396055 4.0159475735 4.0667876125 4.2663373254 4.3295128181 4.3397511647 4.3701351753 4.4366356263 4.4842543259 4.5203201729 4.5214069607 4.6184562589 4.6794577428 4.837115672 4.8375679837 4.9326390882 4.9401069312 4.9541799861 4.9824540721 5.028766506 5.1287972223 5.1368132059 5.225040938 5.2878233702 5.3667769068 5.5400426083 5.6377682739 5.6703869527 5.7870656847 5.8945592526 5.937970618 6.0316640914 6.0726551782 6.1082324745 6.1599112131 6.1861090499 6.2254552698 6.2362226238 6.306339842 6.3842152362 6.4187797107 6.4798073813 6.5170554246 6.557724318 6.5674277899 6.6034644877 6.6079982826 6.6268041316 6.6932249299 6.7930163057 6.8821338796 6.8972193536 6.929519864 6.9297520257 6.9941831509 7.0152190704 7.034114491 7.0549886133 7.0701691899 7.1562411923 7.2152634688 7.3533422915 7.4120595924 7.6231456543 7.6656299494 7.7235596396 7.8740412892 7.9418205895 8.0109016802 8.0985905907 8.1236494061 8.1315165966 8.1408855154 8.1889892071 8.2600045662 8.2738514326 8.2972241492 8.3590799103 8.4062639769 8.5125221095 8.5954423387 8.7377259117 8.7462458771 8.8643614719 8.8671984086 8.9463529106 9.3074978403 9.5676206229 11.2556248373 11.4642107516 11.9783754115 15.4397791682 15.7156980982 15.9165070301 16.0936519455 16.119950369 16.3710179689 23.9428575807 24.5965715676 24.6763346088
144 1.9569100279 2.0271737608 2.1999957824 2.2398037732 3.7792919567 3.8676884616 4.0114360546 4.0750328863 4.2825466305 4.3317040244 4.3481336963 4.3698881365 4.4430390352 4.5022296994 4.5241333182 4.5284528623 4.6232196402 4.6733668147 4.8220311706 4.8324689644 4.9282385996 4.9402649489 4.9512635859 4.9727179845 5.0015758332 5.1248403638 5.1291086069 5.228080451 5.2888651929 5.3536888788 5.5406003819 5.6366720369 5.6710780853 5.7907096759 5.8969368991 5.9431399396 6.0333853696 6.078709297 6.1114107343 6.160535814 6.1832679384 6.2304342881 6.2390025825 6.3089222137 6.3820893697 6.4267301514 6.4875535638 6.5269714944 6.5727443288 6.5854881893 6.603123503 6.6160721406 6.6427240673 6.686968121 6.7891594655 6.8863990159 6.8931848089 6.9190755825 6.9265942135 7.0029634989 7.0177779107 7.0317859283 7.058421378 7.0641981602 7.1497905646 7.2022615831 7.3475168101 7.403741243 7.6104643033 7.6619572539 7.7198759284 7.8795029884 7.9409452902 8.0116690442 8.1005350043 8.129563596 8.132289021 8.135610859 8.1906068997 8.2605260671 8.2729231984 8.2953460473 8.3610972343 8.4045038225 8.5131407317 8.595321502 8.7378055261 8.7466422315 8.8648743994 8.8713840585 8.9426372239 9.3103659133 9.5738864994 11.2526812155 11.4645442869 11.9825267503 15.4386017368 15.7168633396 15.9157886579 16.0984812971 16.120943751 16.3716174549 23.9434140962 24.5976361044 24.6778698388
145 1.9424691835 2.0068952417 2.193041766 2.2325581729 3.7741279481 3.864342779 4.007508773 4.0823402801 4.2962515822 4.3320697947 4.3559758594 4.3703922971 4.4495669215 4.5086388271 4.5298350824 4.5487443669 4.6279020535 4.6665492522 4.8064968706 4.8283123168 4.9243882035 4.9379448306 4.9451355558 4.9674294174 4.9766137345 5.1137152641 5.1295520573 5.2312043731 5.2897849031 5.3416329643 5.5411524638 5.6356902803 5.6717039443 5.7939926417 5.899050463 5.947843246 6.034815282 6.0842890166 6.1144150621 6.1608718415 6.1806673255 6.2349374979 6.2414502477 6.3110148085 6.3798996805 6.4328597079 6.4949083595 6.5349237665 6.5825971126 6.5989538874 6.6070988912 6.6292504229 6.658371929 6.6813961496 6.7856248743 6.8891978684 6.8895472556 6.9078590267 6.9234226818 7.0117319564 7.0199035275 7.029824836 7.0586717688 7.0627847867 7.1432896174 7.1897634063 7.3419976856 7.3961624209 7.5985756649 7.6586201429 7.7166175425 7.8848758224 7.939698766 8.0123596606 8.1019582226 8.1300745552 8.1330008428 8.1362867174 8.1920630176 8.2605622201 8.2725622075 8.2933742635 8.3629547851 8.4028758307 8.5136894309 8.5952177196 8.7378810411 8.7469886995 8.86533451 8.8755735629 8.9388605889 9.3129023678 9.5794586621 11.2500645262 11.4648416409 11.986206329 15.4375514787 15.7179109351 15.9151534798 16.1027742642 16.1218242042 16.3721576851 23.9439104289 24.5985866162 24.6792377746
146 1.9297885543 1.9890036798 2.186994249 2.2262534734 3.7696069484 3.8614176336 4.0041457511 4.0886761785 4.3072243297 4.3316498275 4.3628079689 4.3716120341 4.4562319683 4.5099647442 4.5373309836 4.5750332288 4.6325480976 4.659019179 4.7913224254 4.8246458441 4.920998255 4.9269870412 4.9370173288 4.9600756236 4.9655085479 5.1035818433 5.1300568561 5.2343929384 5.2905818303 5.3306485646 5.5416786924 5.6348268795 5.6722584804 5.7968916089 5.9008941479 5.9520379878 6.0359761275 6.0893214366 6.1172089828 6.1609377813 6.1783690057 6.2389215118 6.2435908113 6.3126730856 6.3777504946 6.4373825566 6.5021999319 6.5416653018 6.5876673096 6.5991304208 6.6233636306 6.6454573771 6.6730613914 6.6775116882 6.7824460736 6.8853074583 6.8913956628 6.8962816499 6.9204650044 7.0203996768 7.02117363 7.028437082 7.0537370816 7.0677441564 7.1367544936 7.1780455705 7.3368739679 7.3893877037 7.5877067466 7.6556514019 7.7137891633 7.890107256 7.9380975292 8.0129692181 8.1030519791 8.1259813945 8.133640708 8.1418468633 8.1933468382 8.2602347005 8.2726337311 8.2913763849 8.3646372785 8.4013965249 8.514167022 8.5951300245 8.7379506641 8.7472864974 8.8657390367 8.8797445343 8.9350462505 9.3151048763 9.5843211305 11.2477817111 11.4651016789 11.9894079002 15.4366325941 15.7188336707 15.914601996 16.1065187938 16.122590259 16.3726347675 23.9443446193 24.5994189545 24.6804334722
147 1.9189364253 1.9736279041 2.1818619903 2.2209002656 3.765752655 3.8589250142 4.0013295656 4.0940255139 4.315475158 4.3309093645 4.3685270607 4.3733716008 4.4629930279 4.5102875075 4.5463753442 4.6022900753 4.637577936 4.6508276885 4.776882385 4.8214525864 4.9043835509 4.9179642478 4.929065493 4.9550207318 4.9649830849 5.0945941737 5.1305672762 5.2376126156 5.2912557896 5.32079069 5.5421601743 5.6340861082 5.6727364758 5.7993851807 5.9024628851 5.955681765 6.0368927604 6.0937341324 6.1197468349 6.1607668069 6.176421179 6.2423134389 6.2454701801 6.3139523285 6.3757370241 6.4405776746 6.5094478838 6.5475848744 6.589797867 6.5976440831 6.6397403019 6.6580852757 6.6795674593 6.6862356771 6.7796538591 6.8816061401 6.8831199715 6.8934879251 6.9179194297 7.0210737965 7.0279134039 7.0288699453 7.0495993643 7.0729093943 7.1302282105 7.1674126385 7.3322485035 7.3834830652 7.578074399 7.6530816068 7.7113937499 7.8951441671 7.9361679141 8.0134934809 8.1039241511 8.1223441897 8.13419872 8.1470356825 8.1944491651 8.2597177746 8.2729522879 8.2894344929 8.3661262017 8.4000841959 8.5145725542 8.5950575164 8.7380127206 8.7475366867 8.8660855446 8.8838630043 8.9312288044 9.316971523 9.5884598526 11.2458389969 11.4653234093 11.9921260552 15.43584876 15.7196252435 15.9141346366 16.1097045186 16.1232406364 16.3730451192 23.9447149531 24.600129486 24.6814526124
148 1.9099724711 1.9608820847 2.1776524881 2.2165076656 3.762581641 3.8568742733 3.9990454571 4.0983860211 4.3212982294 4.3300967662 4.3731297827 4.375356352 4.4696540509 4.5104002224 4.5566061288 4.6261140186 4.6420585289 4.6461620952 4.7636262448 4.8186611261 4.8775359932 4.9150713899 4.9224779106 4.9541646368 4.9649494384 5.086915243 5.1310395602 5.2407952298 5.2918068485 5.3121476003 5.542579781 5.6334723602 5.6731335323 5.8014540622 5.9037523523 5.9587333325 6.0375917354 6.0974576805 6.1219725475 6.1604156788 6.1748520519 6.2449787418 6.2471897092 6.314906502 6.3739472533 6.4427438924 6.5164563989 6.5528306183 6.5901213907 6.5958152274 6.6544966584 6.6603062739 6.6928274312 6.6973824786 6.7772783058 6.8704953871 6.8782383467 6.8941566348 6.9159234995 7.0197213263 7.0279789862 7.036973806 7.0464739922 7.0778876891 7.1238054185 7.1581798263 7.3282346567 7.3785165165 7.5698799887 7.6509383039 7.709432995 7.8999233349 7.9339533871 8.0139284901 8.1046361335 8.11929717 8.1346665251 8.1515596426 8.1953621631 8.2591592559 8.273360728 8.2876427863 8.367399377 8.3989597037 8.5149052778 8.5949993856 8.7380657053 8.747740167 8.8663719462 8.8878730072 8.927464659 9.3185007602 9.5918627854 11.2442418109 11.4655059873 11.9943562229 15.4352031144 15.7202802831 15.9137517629 16.1123227356 16.1237742507 16.3733855431 23.9450199681 24.6007151089 24.682291516
149 1.9029468653 1.9508633739 2.1743719372 2.2130832365 3.7601054084 3.8552725164 3.9972813712 4.1017631975 4.3251691673 4.3293570728 4.3766468922 4.3772138154 4.4758114057 4.5104749145 4.5675887652 4.6328141184 4.6368217666 4.6673870005 4.7521228928 4.8159347459 4.8500570939 4.9119770535 4.9179946052 4.9543271671 4.9650743469 5.0807111523 5.1314399209 5.2438078382 5.2922351787 5.3048694932 5.5429226429 5.6329898395 5.6734460624 5.8030815825 5.90475899 5.9611541504 6.0380997982 6.100428667 6.1238197855 6.1599696041 6.1736656064 6.2467777247 6.2488528625 6.3155861936 6.3724606926 6.4441503214 6.5228737726 6.5573846853 6.5892735699 6.5938582596 6.6588767138 6.6670642698 6.7060787032 6.7094355658 6.7753534172 6.8579802879 6.8753845304 6.8945007291 6.9145267589 7.0177768093 7.0280454411 7.0444175874 7.044446101 7.0823240295 7.1176786852 7.1506476503 7.3249498892 7.3745570071 7.5633024814 7.6492452329 7.7079077291 7.904351195 7.9315331812 8.0142707486 8.1052204557 8.1168630469 8.1350373329 8.1552600905 8.1960793007 8.2586566063 8.2737541167 8.2861024237 8.3684313224 8.3980465697 8.5151646173 8.5949549357 8.7381083256 8.7478976726 8.866596515 8.8916727861 8.9238558693 9.3196913715 9.594519968 11.2429947045 11.4656487179 11.9960946672 15.4346982429 15.7207943703 15.9134536692 16.1143663801 16.124190211 16.373653303 23.94525846 24.6011732664 24.6829471556
150 1.8978995021 1.9436497829 2.1720251934 2.2106329259 3.7583317613 3.854124926 3.9960279606 4.1041660005 4.3275695485 4.3287780655 4.3786733527 4.3791193983 4.480890842 4.5105407812 4.5788446036 4.6232068851 4.6405103685 4.6945643278 4.7430689885 4.8102727129 4.826038775 4.9089283727 4.9155490732 4.9547020089 4.9652211073 5.0761401102 5.1317432025 5.246413659 5.2925409688 5.2992069115 5.5431766176 5.6326422406 5.6736712824 5.804254185 5.9054800149 5.9629104597 6.0384417509 6.1025929843 6.1252154404 6.1595353137 6.1728455358 6.2478482391 6.2502864229 6.3160358338 6.371345337 6.4450088035 6.5282047694 6.561079039 6.5878417043 6.5920023121 6.6573935732 6.6768678448 6.71209541 6.7245096967 6.7739221004 6.846559559 6.8732211645 6.8946236887 6.9136808427 7.0158221234 7.0279526416 7.0433517501 7.0507126162 7.0859215062 7.1122261682 7.1450739922 7.3225061001 7.3716704597 7.558490936 7.6480216355 7.706818255 7.9082511943 7.9290737706 8.0145173768 8.1056833567 8.1150637277 8.135305904 8.1580082402 8.1965953728 8.2582672834 8.2740693268 8.2849128262 8.3691950094 8.397369691 8.5153501481 8.594923603 8.7381395385 8.7480097725 8.8667578963 8.895058531 8.9206064363 9.3205424419 9.596423584 11.2421012886 11.4657510578 11.9973384849 15.4343361683 15.7211640522 15.9132405831 16.1158299957 16.1244878227 16.3738461909 23.9454294871 24.6015019581 24.6834171659
151 1.8948593569 1.9392983994 2.1706157457 2.2091610165 3.7572657143 3.8534350178 3.9952785695 4.1056033798 4.3284121204 4.3288661759 4.3795866735 4.3805852857 4.4842706248 4.5105893304 4.5897634932 4.6134781327 4.6422636346 4.7211763138 4.7372162504 4.7905809651 4.8180822296 4.9067932222 4.9143612048 4.9550069055 4.965327586 5.0733362506 5.1319319907 5.2482523886 5.2927243755 5.295530116 5.5433327013 5.6324324514 5.6738072074 5.8049618514 5.9059134306 5.9639756807 6.0386379311 6.103909085 6.1260887982 6.159220355 6.1723671321 6.2484259637 6.2512247103 6.3162904932 6.3706537818 6.4454668467 6.5318253165 6.563586118 6.5865191018 6.5905949153 6.6564544323 6.6832216223 6.715495663 6.7354757736 6.7730342741 6.8379528648 6.8718784506 6.8946454857 6.9132631894 7.0143745356 7.0278137362 7.0428724844 7.0551079783 7.0883968762 7.1081588525 7.1416518607 7.3209973543 7.3699129436 7.5555574961 7.6472816852 7.7061646072 7.9112209209 7.9269709121 8.0146662334 8.1059986288 8.1139411844 8.1354685238 8.1597020793 8.1969065706 8.2580231782 8.2742705141 8.2841596756 8.3696654184 8.3969522173 8.5154615794 8.5949049728 8.7381585782 8.7480768712 8.8668551163 8.8976074555 8.9181392601 9.3210533343 9.5975680126 11.241564181 11.4658126178 11.9980856039 15.4341183415 15.7213868536 15.9131126668 16.1167097081 16.1246665888 16.3739625852 23.9455323743 24.601699749 24.6836998517
152 1.8938440107 1.9378440382 2.1701456958 2.2086700922 3.7569100656 3.8532048265 3.9950292145 4.1060817373 4.3282872045 4.3292750421 4.3798955308 4.381070805 4.4854599427 4.5106073551 4.5971053554 4.6065719092 4.6428128194 4.7351836028 4.7371050195 4.7753815053 4.8170453473 4.9060443123 4.9139985696 4.9551205508 4.9653657861 5.0723907986 5.1319960465 5.2489275425 5.2927854996 5.2942416035 5.5433853529 5.6323623111 5.6738526478 5.8051984316 5.9060580361 5.9643327229 6.0387017592 6.1043507708 6.1263866055 6.1591053644 6.1722101886 6.2486109924 6.2515474034 6.3163727729 6.370419439 6.4456101892 6.5331233332 6.5644923869 6.5859787268 6.5900549263 6.6561409681 6.6854434209 6.7165694736 6.7396200502 6.7727326728 6.834616563 6.8714245416 6.8946439024 6.9131428745 7.0138397666 7.0277526395 7.0427444926 7.0567203575 7.0893285547 7.1065732874 7.1404982094 7.3204869704 7.3693225844 7.5545718103 7.6470340609 7.7059467342 7.912424604 7.9260565939 8.0147160006 8.1061139338 8.1135559399 8.135522976 8.1602745387 8.1970105647 8.2579402039 8.2743394383 8.2839016445 8.3698244419 8.396810988 8.5154987418 8.5948987913 8.7381649771 8.7480992106 8.8668875883 8.8986094666 8.9171644924 9.3212236731 9.5979498661 11.241384968 11.4658331638 11.9983347816 15.4340456354 15.7214612863 15.9130700172 16.1170032022 16.1247262107 16.3740014945 23.9455667152 24.6017657754 24.6837941937
153 1.8938440107 1.9378440382 2.1701456958 2.2086700922 3.7569100656 3.8532048265 3.9950292145 4.1060817373 4.3282872045 4.3292750421 4.3798955308 4.381070805 4.4854599427 4.5106073551 4.5971053554 4.6065719092 4.6428128194 4.7351836028 4.7371050195 4.7753815053 4.8170453473 4.9060443123 4.9139985696 4.9551205508 4.9653657861 5.0723907986 5.1319960465 5.2489275425 5.2927854996 5.2942416035 5.5433853529 5.6323623111 5.6738526478 5.8051984316 5.9060580361 5.9643327229 6.0387017592 6.1043507708 6.1263866055 6.1591053644 6.1722101886 6.2486109924 6.2515474034 6.3163727729 6.370419439 6.4456101892 6.5331233332 6.5644923869 6.5859787268 6.5900549263 6.6561409681 6.6854434209 6.7165694736 6.7396200502 6.7727326728 6.834616563 6.8714245416 6.8946439024 6.9131428745 7.0138397666 7.0277526395 7.0427444926 7.0567203575 7.0893285547 7.1065732874 7.1404982094 7.3204869704 7.3693225844 7.5545718103 7.6470340609 7.7059467342 7.912424604 7.9260565939 8.0147160006 8.1061139338 8.1135559399 8.135522976 8.1602745387 8.1970105647 8.2579402039 8.2743394383 8.2839016445 8.3698244419 8.396810988 8.5154987418 8.5948987913 8.7381649771 8.7480992106 8.8668875883 8.8986094666 8.9171644924 9.3212236731 9.5979498661 11.241384968 11.4658331638 11.9983347816 15.4340456354 15.7214612863 15.9130700172 16.1170032022 16.1247262107 16.3740014945 23.9455667152 24.6017657754 24.6837941937
154 1.8727548181 1.9588656282 2.1437467081 2.2349508956 3.7360028051 3.8625353015 4.0052194788 4.1057584922 4.3194027173 4.3382634727 4.3727854764 4.3869141073 4.4844931921 4.5104201532 4.5966614146 4.6052288438 4.6395615004 4.7362945353 4.7409280093 4.7769354924 4.8143872784 4.9067551988 4.9162215795 4.9529128661 4.9673589342 5.0732916399 5.1323164628 5.2473652943 5.2942532492 5.2942585271 5.5428050765 5.6321825216 5.6745105018 5.8053622674 5.9057391119 5.9644650166 6.0378686651 6.1042131016 6.1267116335 6.1589232644 6.1716618403 6.248808717 6.2515463829 6.3175977458 6.3703343526 6.4463217139 6.5328940989 6.5641249862 6.5851263 6.5896173746 6.6562435299 6.6840829222 6.7169049234 6.7407959146 6.7723993095 6.8352470461 6.8706813717 6.8951925928 6.9132273903 7.0130820854 7.0274837706 7.0424279896 7.0569877649 7.090070027 7.1076018565 7.1406473351 7.3202041136 7.3693183408 7.5543851964 7.6475287023 7.7059875999 7.9123326243 7.925814134 8.0140646222 8.1063543387 8.1127923108 8.1353185386 8.1601813437 8.1984454758 8.2568065541 8.2739457556 8.2849008835 8.3703451042 8.3970450421 8.5156593807 8.5936456979 8.7388310244 8.7480134331 8.8659894438 8.8993301627 8.9171274353 9.3211119186 9.5979368494 11.2413501153 11.465835426 11.9983489044 15.4340851024 15.7214415243 15.9130078957 16.1169259309 16.1245148874 16.373954753 23.9456012886 24.6018222701 24.6838457921
155 1.8384892333 1.9929283022 2.1042894825 2.2740534762 3.6904013446 3.8757377073 4.0333860058 4.1047835665 4.3101759593 4.3478013091 4.3638734731 4.3920738922 4.4816285046 4.5098556728 4.5953885851 4.6013372248 4.6313600358 4.7382184703 4.7522096352 4.7813910349 4.8071114959 4.9088443664 4.9222569898 4.9485347834 4.9711506829 5.0759680738 5.1332654294 5.243218089 5.2943111781 5.2981168195 5.5411276233 5.6316446672 5.6764284333 5.805853505 5.904765276 5.964861116 6.0354314683 6.1038195361 6.127665578 6.1583778344 6.1701236532 6.2493921334 6.2515412319 6.3211044402 6.3700889081 6.4484556902 6.5322201367 6.563036149 6.5826070221 6.5883106177 6.6565682268 6.6803476768 6.717849207 6.7439712413 6.7714380546 6.8370854414 6.8686457517 6.8966527017 6.9134970867 7.0108956041 7.0267554656 7.0415545224 7.0577492209 7.0921741149 7.1105846301 7.1411058229 7.319362461 7.3693061112 7.5538506363 7.6489872 7.7061079535 7.9120580587 7.9250892358 8.0121392968 8.1070618732 8.1105414096 8.1346168185 8.1602692152 8.2024063541 8.2536972821 8.2731453273 8.2872610115 8.3718823217 8.3977432389 8.5161310254 8.5899755672 8.7407483204 8.7477567409 8.8635085302 8.9012812862 8.9170165383 9.3207766803 9.5978978698 11.2412457016 11.4658421977 11.9983912155 15.4342033833 15.7213823175 15.9128217396 16.1166935709 16.1238826822 16.3738146028 23.9457048731 24.6019915307 24.6840003831
156 1.8023554685 2.0287235382 2.0633896358 2.3143619378 3.6352891636 3.8839331945 4.0729802851 4.1031417869 4.3011037402 4.3537649916 4.3573887957 4.3961231288 4.4769688077 4.5089019054 4.5934466851 4.5952508937 4.6209163695 4.7411723998 4.7678948963 4.7875240343 4.7973712562 4.9121554283 4.9308113203 4.943785431 4.975148359 5.0803442516 5.1348072603 5.2374870307 5.2944052022 5.303375186 5.5385277704 5.6307532562 5.6794545601 5.8066713186 5.9030861764 5.9655186592 6.0315720304 6.1032184589 6.1291949604 6.1574699067 6.1678686119 6.2503329059 6.251525775 6.3264422883 6.3697131424 6.4520037128 6.5311454806 6.5612530511 6.5785452707 6.5861531557 6.6571455349 6.6749639659 6.719239463 6.7484018724 6.7699506361 6.839986626 6.8657116545 6.8986555451 6.9139982334 7.0075034477 7.0257636821 7.0403028327 7.0589055246 7.0953420865 7.115252261 7.141908044 7.3179827443 7.3692878296 7.5530386162 7.6513385173 7.7063011265 7.9116048868 7.9238892646 8.0090200085 8.1069143044 8.1081947432 8.1333026042 8.1611723971 8.2081949602 8.24922468 8.2722920467 8.290116874 8.3743658044 8.398893764 8.5168786539 8.5841322365 8.7437019745 8.7473310658 8.8598823667 8.9040333 8.9168326193 9.3202180356 9.5978331377 11.241072159 11.4658534354 11.9984615444 15.4344001176 15.7212839042 15.9125121743 16.1163039861 16.1228353793 16.3735812715 23.9458770623 24.6022728878 24.6842573549
157 1.7656492236 2.0220156353 2.0649551224 2.3549073372 3.5755810588 3.8883059146 4.1008091913 4.1173950579 4.2922125995 4.3426184948 4.3669919996 4.3993288073 4.470674377 4.5075310337 4.5874145313 4.5910336486 4.610160704 4.7451671674 4.7815839254 4.7858374621 4.7995836578 4.916289527 4.9395571591 4.9407607022 4.9789758971 5.0863013549 5.1368861642 5.2309433305 5.2945500253 5.3092590387 5.5352546089 5.6295156901 5.6833766925 5.807814275 5.9006214622 5.9664336539 6.0265774489 6.1024669424 6.1312342099 6.1561965099 6.1652327387 6.2514900347 6.251586532 6.3329993141 6.3692613858 6.4569264625 6.5297546053 6.5587694681 6.5731858548 6.5831786891 6.6579792311 6.6685989064 6.7208657556 6.7533918926 6.7680692357 6.8437439571 6.8622328624 6.9008959603 6.9147989316 7.0031889834 7.0247401124 7.0388669776 7.0603436872 7.0992144977 7.1212525162 7.1431142872 7.3160994202 7.36926819 7.5520512953 7.6544791795 7.7065562033 7.9109792954 7.9222262395 8.004821712 8.1020816189 8.1096807073 8.1314331729 8.1631743906 8.2152042861 8.2439445036 8.2714243389 8.2930336124 8.3776906019 8.4004771479 8.5178258475 8.5764677555 8.7467396607 8.7474056194 8.8554973851 8.9072142014 8.9165770238 9.3194361199 9.5977430019 11.2408302055 11.4658690667 11.9985596074 15.4346747054 15.7211466798 15.9120802407 16.1157513479 16.1213848604 16.3732551496 23.9461171809 24.602665229 24.6846156907
158 1.7286701156 1.9803802833 2.1013227214 2.3954761823 3.5130993464 3.8906022291 4.0977550004 4.162047722 4.2835210016 4.3308106273 4.3765759881 4.4022495735 4.4629502187 4.505700941 4.5782586169 4.588192679 4.6003528187 4.7501486098 4.7672569489 4.8046427841 4.8103557158 4.9201641828 4.937291019 4.9513719281 4.9825313451 5.0936874849 5.1394311999 5.2240618063 5.2947588771 5.3153003388 5.5315909073 5.6279421024 5.687960693 5.8092802483 5.8972687325 5.9676003958 6.0208131622 6.1016154107 6.1337209648 6.1545516077 6.1625232589 6.2514207282 6.253095386 6.3401106509 6.3688285927 6.4631044164 6.5281962505 6.5554207047 6.56699023 6.5794412752 6.6590222022 6.6617310162 6.7225241079 6.7584262107 6.7659274222 6.8481160559 6.8584735256 6.9031954013 6.9159706429 6.9982339109 7.0238853935 7.0374100653 7.0619672181 7.1034486389 7.1282199013 7.1448131642 7.3137604371 7.3692569554 7.5510064105 7.6582887346 7.7068583022 7.9101890827 7.9201164792 7.9996752941 8.0962577739 8.1114130176 8.1291872088 8.1661801913 8.2230316502 8.2382613197 8.2705151088 8.2958416327 8.3817316499 8.4024664126 8.5188073955 8.5674295242 8.7459871509 8.7515605824 8.850618865 8.9105815561 8.9162515997 9.318431136 9.5976279458 11.2405208411 11.465888992 11.9986850089 15.4350263073 15.7209711959 15.9115273924 16.1150192688 16.119555931 16.3728368077 23.9464242867 24.6031670027 24.6850739725
159 1.6915228344 1.938556785 2.1377207298 2.4359943316 3.4486815115 3.891771848 4.0939442956 4.2029914649 4.2750387882 4.3193540673 4.3860954435 4.4059518168 4.4540372609 4.5033861395 4.5681504362 4.5841800735 4.5930321104 4.7514454483 4.756074762 4.8228537167 4.8230864237 4.921988659 4.9393485251 4.9622075179 4.9857935604 5.1023289667 5.1423622695 5.2171423071 5.295048821 5.3212159728 5.5278216827 5.6260451445 5.6929779652 5.8110662982 5.8929190812 5.9690113572 6.0146838294 6.100702089 6.1366015356 6.1525429771 6.1599608181 6.2513020085 6.2547916595 6.3470917927 6.3686038601 6.4702451806 6.5267355095 6.5506271956 6.5608561937 6.5750254295 6.6546966512 6.6601787427 6.7240501241 6.7631324009 6.7636442827 6.8528407931 6.8546403285 6.9054897319 6.9175596062 6.9928904349 7.0233400886 7.0360628031 7.0637047326 7.1077437075 7.1358086784 7.1471193012 7.3110267239 7.3692723123 7.5500234547 7.6626426348 7.7071889379 7.9092429515 7.9175801645 7.9937117552 8.0896671121 8.1132447174 8.1267197564 8.1699607563 8.2314282835 8.2324859521 8.2695532805 8.2984898624 8.3863581411 8.404826842 8.5194280682 8.5576660667 8.7450796027 8.7558894854 8.8454265798 8.9139902446 8.9158586621 9.3172033671 9.5974885835 11.2401453433 11.465913085 11.9988372434 15.435453846 15.7207581578 15.9108554929 16.1140548423 16.1174122263 16.372327018 23.9467971747 24.6037762249 24.685630387
160 1.6542535583 1.8965772283 2.1741018597 2.4764284577 3.3827741219 3.8922784192 4.0893412322 4.2343006409 4.2667645498 4.3112304668 4.3954690519 4.4123084956 4.4442233315 4.5006749751 4.5573874731 4.5780459826 4.589623732 4.7347108706 4.7629287831 4.836487772 4.8396061522 4.9229657112 4.9456213094 4.9730077257 4.9887906936 5.1120414025 5.1455965764 5.2104004782 5.2954407896 5.3268248576 5.524214327 5.6238397294 5.6982191094 5.8131685108 5.8874819233 5.97065705 6.0085858738 6.0997538521 6.1398298679 6.1502214838 6.1576499568 6.2511165022 6.2565997501 6.3531349768 6.3690201182 6.4777225057 6.5258557878 6.5436428163 6.5558385339 6.5700688481 6.6477610709 6.6613209933 6.7253322662 6.7613192041 6.767228211 6.8509097837 6.8576397862 6.9078117492 6.9195628189 6.9873776769 7.0231838982 7.0349381823 7.0655069507 7.1118482316 7.1436985102 7.1501592406 7.3079711631 7.3693452299 7.5492141783 7.6674204762 7.7075264481 7.9081497809 7.9146408642 7.9870522191 8.0825092953 8.1149823123 8.1241195378 8.1743000111 8.2268959979 8.2402388293 8.2685466304 8.300978485 8.3914447465 8.4075147213 8.5186438183 8.5484353028 8.7440246103 8.7601438867 8.8400594616 8.9154009504 8.917353427 9.3157531939 9.597325654 11.2397052606 11.465941195 11.9990156974 15.4359560069 15.7205084214 15.910066811 16.1126619598 16.1151628274 16.3717267801 23.9472343817 24.6044904866 24.6862827327
161 1.6168859924 1.8544580716 2.2104411062 2.5167604534 3.3156421737 3.892352661 4.0839124917 4.246654671 4.2586829909 4.3122555271 4.4044519082 4.423817547 4.4339594228 4.498037752 4.54620925 4.5713700935 4.5887986799 4.7172741767 4.7707123364 4.8509773706 4.8520355621 4.9269547232 4.9540157038 4.9836136998 4.9916209398 5.1226391786 5.1490551328 5.2040186392 5.2959596217 5.3320086022 5.5210065109 5.6213427465 5.7034970381 5.8155818001 5.8809163728 5.9725258624 6.0028594243 6.0987893353 6.1433640816 6.1476818508 6.1555960735 6.2508467097 6.2584379531 6.3571757876 6.3709001929 6.4843730422 6.526362732 6.5347606585 6.5519248666 6.5648247966 6.6411812678 6.6623061966 6.7263117063 6.7590313588 6.7704959645 6.8474350322 6.862220713 6.9102604182 6.9219302412 6.9818870768 7.0234474762 7.0341447993 7.0673408645 7.1155757791 7.1515881204 7.1540415451 7.3046766093 7.3695245535 7.5486771444 7.6725098917 7.7078464756 7.9069179553 7.911325076 7.9798034068 8.0749432303 8.1163821375 8.1214331506 8.1790297735 8.221770521 8.249362024 8.267515292 8.3033284392 8.3968785012 8.4104736005 8.514202112 8.5421704543 8.7428313996 8.7640942605 8.834649748 8.9148815786 8.92061747 9.3140811149 9.5971400144 11.2392024052 11.4659731482 11.9992196522 15.4365312402 15.7202229897 15.9091640161 16.1103922652 16.1132712283 16.371037349 23.9477341917 24.6053069639 24.6870284286
162 1.5794336992 1.8122087831 2.2467234235 2.5569785858 3.2474565643 3.8921138085 4.0776305671 4.2402080018 4.2507631082 4.3197451813 4.4113837084 4.4251032402 4.4408865825 4.4972456223 4.5348125844 4.565295014 4.5895329002 4.699266665 4.7794141174 4.8586546356 4.8661285157 4.9364578306 4.9633088881 4.9939237985 4.9945370808 5.1339426799 5.1526690499 5.1981767057 5.2966340991 5.3366966554 5.5183974459 5.6185727585 5.7086439756 5.8182996652 5.8732602759 5.9746038725 5.9977507339 6.0978221054 6.1450212416 6.147162697 6.1537665252 6.250476858 6.2602195763 6.3587592977 6.3745771319 6.4886475274 6.5247303455 6.5289835065 6.5486114558 6.5598698434 6.6352737786 6.6629900492 6.7269748578 6.7568402006 6.7727831364 6.8443355401 6.8662841417 6.9129541864 6.9245918397 6.9765861765 7.0241268524 7.0337937853 7.069184667 7.1188269725 7.1588218649 7.1591873804 7.3012321892 7.3698821826 7.5484951357 7.6778073482 7.7081225423 7.9055548032 7.9076618298 7.9720569087 8.0670878518 8.1171567466 8.1186916932 8.1840249202 8.2173994029 8.2587280678 8.266487895 8.3055674435 8.4025617585 8.4136244076 8.5047321366 8.5404080049 8.7415109446 8.7675094912 8.8293508464 8.9143039791 8.923747849 9.3121877707 9.5969326325 11.238638844 11.4660087501 11.9994482869 15.437177762 15.7199030087 15.9081501718 16.1072424462 16.1117579566 16.3702602631 23.9482946428 24.6062224286 24.6878645249
163 1.5419051063 1.7698353336 2.2829387226 2.5970735561 3.17833562 3.8916250614 4.0704764529 4.2252255545 4.2429579487 4.3245506536 4.4072631204 4.4268385214 4.456173624 4.504089727 4.5233644473 4.5601996337 4.5916273103 4.6807785158 4.7889223414 4.8602357161 4.881795525 4.9509706791 4.9725851735 4.998163587 5.0038694779 5.1457830127 5.1563853632 5.193077023 5.2974969817 5.3408628563 5.5165402326 5.6155496941 5.7135055151 5.8213139004 5.8646455639 5.9768746377 5.9933959056 6.0968631993 6.1423054687 6.1511811207 6.1521394353 6.2499953177 6.2618538076 6.3587989206 6.3791054327 6.4897382368 6.513990396 6.532477978 6.5456711073 6.5567951027 6.6305148491 6.6632372622 6.7273412172 6.754786373 6.7740187262 6.841677516 6.8695403404 6.9159886175 6.9274856893 6.971614848 7.0251960842 7.0339985258 7.0710241555 7.1215946678 7.164487967 7.1662137808 7.2977267772 7.3705170904 7.5487342724 7.6832169851 7.7083268588 7.9036823921 7.9040661759 7.9638905631 8.0590300741 8.1159244624 8.1170022096 8.1891924581 8.214063578 8.265500581 8.2682857838 8.3077239808 8.4084123851 8.4168385622 8.4919650993 8.5416035543 8.7400760962 8.7701315524 8.8243626235 8.9136718434 8.9267213729 9.3100739716 9.5967045786 11.2380168891 11.4660477875 11.9997006818 15.4378935568 15.7195497625 15.907028729 16.103544853 16.1103098591 16.3693973724 23.9489135345 24.6072332616 24.6887877141
164 1.5043058076 1.7273417991 2.3190795779 2.6370358206 3.1083673682 3.8909197777 4.0624414071 4.2068277075 4.2352065916 4.325074758 4.396517235 4.4348994006 4.4600258726 4.5120116913 4.5233920774 4.5569211868 4.595246473 4.6618789323 4.798792391 4.859470319 4.8978642478 4.9677431459 4.9809637325 5.0037710693 5.0134021443 5.1580044571 5.1601719502 5.1889718734 5.2985850387 5.344525393 5.5155355633 5.6122945444 5.7179334669 5.8246142508 5.8552945257 5.979318962 5.9898294936 6.0959229955 6.1395664471 6.1507156774 6.1553682564 6.2493977245 6.2632467934 6.3581454675 6.38365768 6.4882234344 6.5027717587 6.5326341391 6.5430530774 6.5584359686 6.6276998539 6.6629314823 6.7274470207 6.7528941301 6.7742293323 6.8394579448 6.8717390866 6.9194106651 6.9305737981 6.967072011 7.0266168763 7.0348669478 7.0728503861 7.1239394208 7.1709771901 7.1723972872 7.2942385334 7.371556145 7.5494441071 7.6886478727 7.7084319035 7.8994200993 7.9024561725 7.9553707204 8.0508334748 8.1131637216 8.1156525836 8.194462538 8.211983455 8.2645981262 8.2779952011 8.3098252152 8.4143624103 8.4198561483 8.477741213 8.5442149113 8.7385417184 8.7716578904 8.819946467 8.9129890593 8.9295218265 9.307740729 9.5964570161 11.2373390867 11.4660900311 11.9999758224 15.4386763796 15.7191646683 15.9058035185 16.0994401327 16.108807366 16.3684508629 23.9495884364 24.6083354669 24.6897943446
165 1.4666397243 1.68473117 2.3551400723 2.6768517042 3.0376243692 3.890014496 4.0535276661 4.1867011177 4.2274386866 4.3226477761 4.3849456894 4.4436170842 4.4562978266 4.5008898975 4.5406675937 4.5618059505 4.6013115341 4.6426278515 4.8077097878 4.8595354576 4.9142416392 4.9802721764 4.9917336709 5.012551359 5.0224862822 5.1640207817 5.170465102 5.1861993352 5.2999390755 5.3477448221 5.5154286542 5.6088290756 5.7217784831 5.8281880064 5.8455021128 5.9819146438 5.9870107451 6.0950125875 6.1368138167 6.1495123644 6.1596628614 6.2486909646 6.2643034371 6.3571618837 6.3879200796 6.4850521869 6.4912180531 6.5283833982 6.5407670723 6.5636515921 6.6280853865 6.6619850394 6.7273260945 6.7511759278 6.773538053 6.8376062599 6.8727089485 6.9232053855 6.9338502985 6.9629968229 7.0283452669 7.0364870553 7.0746582262 7.1259510321 7.1774961859 7.1782097042 7.2908204823 7.3731489925 7.5506583318 7.6940080453 7.7084149471 7.894910331 7.9007269997 7.9465546741 8.0425454019 8.1104453377 8.1129469375 8.1997820497 8.2112517415 8.2638367038 8.2878231512 8.3118968079 8.4203560357 8.4219934833 8.4634256217 8.5475853076 8.736924828 8.7717650591 8.8163986529 8.9122596477 8.9321374654 9.30518929 9.5961911922 11.2366082057 11.4661352379 12.0002726038 15.4395237585 15.71874927 15.9044787417 16.0949829499 16.1072186637 16.3674232785 23.9503166975 24.6095246877 24.6908804355
166 1.4289097371 1.6420057922 2.3911151727 2.7164916125 2.9661819769 3.8889157142 4.0437482402 4.1655345477 4.219581366 4.3184311143 4.3733044662 4.4497333348 4.4523134107 4.4901412297 4.5420203287 4.5788369087 4.6128086687 4.6230851621 4.8130796806 4.8640824116 4.9308482794 4.9839978666 5.0083786852 5.0242118333 5.0310963971 5.1679494788 5.1830361919 5.1852261282 5.3016039493 5.3506170201 5.5162112923 5.6051755606 5.7248838151 5.8320195227 5.8356147425 5.9846362169 5.9848545584 6.0941448337 6.1340463909 6.148553722 6.163989239 6.2478981676 6.2649303958 6.3559890228 6.3918042253 6.4794328441 6.4808637377 6.5221396046 6.5388398925 6.5680319626 6.6330357339 6.6603467908 6.7269923927 6.749637658 6.7721409979 6.8360073619 6.8723922274 6.9272873674 6.9373501379 6.9593558976 7.0303359509 7.0389089166 7.0764455376 7.1277187997 7.1813231984 7.1861142395 7.287485033 7.3754544348 7.5523959357 7.6991832456 7.7082778649 7.8901906128 7.8988789485 7.9374928951 8.0342022562 8.1078078461 8.1088704606 8.2051101445 8.2117900151 8.2632879151 8.2977405743 8.3139635959 8.4210852216 8.4263475522 8.4514716077 8.5514433262 8.7352447316 8.7702154084 8.8139409621 8.9114876996 8.9345595432 9.3024211763 9.5959084278 11.2358272243 11.4661831537 12.0005898352 15.4404329974 15.7183052324 15.9030589616 16.0902053738 16.1055361976 16.366317538 23.9510954567 24.6107962236 24.6920416917
167 1.3911180522 1.5991676237 2.4270003715 2.7558433026 2.8941890834 3.8876235009 4.0331261116 4.1436967144 4.2115677127 4.313133933 4.3618164273 4.4419336962 4.4606736383 4.4800208732 4.5396123813 4.5907241665 4.6033212167 4.6319614775 4.8131604645 4.8752375062 4.9476122822 4.9849609664 5.0246958356 5.0379362374 5.0392165847 5.1720072662 5.1866717064 5.195600688 5.3036285411 5.3532606137 5.5178293925 5.6013565385 5.7270836486 5.8260116679 5.836089654 5.9832569547 5.9874547088 6.0933352164 6.1312598892 6.1478640823 6.1682520007 6.2470647058 6.2650405857 6.3546830454 6.3952921748 6.4674990068 6.4760209758 6.5152169054 6.5372993145 6.5696360556 6.6428368968 6.6580054252 6.7264310164 6.7482808196 6.7702738488 6.8345343904 6.8708564995 6.9314967497 6.9411577178 6.9560500474 7.0325448854 7.0421293386 7.0782128486 7.1293176994 7.1837749553 7.1946385663 7.2841943675 7.3786179737 7.5546627204 7.7038731301 7.7082096246 7.885300815 7.8969104657 7.9282309225 8.0258333439 8.1035404371 8.1052910234 8.2104150673 8.2133594246 8.2630431859 8.307720807 8.3160506183 8.4129623175 8.4322994402 8.4461925551 8.5556570222 8.7335231542 8.7670004444 8.8125751169 8.9106773144 8.936781435 9.2994382264 9.5956101076 11.2349993172 11.4662335155 12.0009262449 15.4414011796 15.7178343336 15.9015490919 16.0851329269 16.103760511 16.3651369465 23.9519216533 24.6121450493 24.6932735217
168 1.3532664244 1.5562183918 2.4627914701 2.7931021044 2.8234804893 3.8861333379 4.0216932126 4.1214290512 4.2033453706 4.3071746592 4.3505879716 4.4334923557 4.4660385127 4.473169234 4.5368704949 4.5834342143 4.597676927 4.6538647391 4.8092773082 4.8913778339 4.9644633363 4.9852539637 5.0387305202 5.0468424292 5.0529470339 5.1762957355 5.1912453654 5.2080515179 5.3060656026 5.3558010441 5.5201944277 5.5973946009 5.7282139203 5.8170845119 5.840375081 5.9821113034 5.9903374657 6.0926025831 6.1284514043 6.1474633019 6.1723301171 6.2462647128 6.2645591763 6.353261515 6.3983733704 6.4554884045 6.4707556642 6.5081321145 6.5361670164 6.5689063314 6.6549868827 6.6563310739 6.7256027673 6.747098037 6.7681886197 6.8330752 6.8682738598 6.9356200462 6.945393445 6.9529430589 7.0349307446 7.0460859585 7.079963492 7.1308057171 7.1848520863 7.2037492054 7.280864946 7.3827448332 7.5574530645 7.7060765845 7.710099897 7.8802833679 7.8948182984 7.91881088 8.0174637553 8.0971508636 8.1029343627 8.2156145196 8.2156718734 8.2632159226 8.3177384287 8.3181842342 8.3983250685 8.4381807588 8.4469761644 8.5601498207 8.7317843472 8.7623565945 8.8120652867 8.9098325416 8.9387981163 9.2962426416 9.5952976696 11.2341278411 11.4662860541 12.001280486 15.4424251711 15.7173384584 15.8999543864 16.0797891878 16.1018955287 16.3638852012 23.9527920394 24.6135658344 24.6945710554
169 1.3153563004 1.5131596954 2.4984844421 2.7463223356 2.8360272214 3.8844368051 4.0094894899 4.0989121727 4.1948835475 4.3008078387 4.339667163 4.4246963261 4.4591849654 4.4787322989 4.5342477249 4.5635894594 4.6027765483 4.6745013122 4.8033546698 4.9093688415 4.9813252307 4.9862173275 5.0501404374 5.0539859267 5.0683217605 5.1809654909 5.1995523067 5.220290013 5.3089712684 5.3583548448 5.5231957214 5.5933122083 5.7281485708 5.8092010562 5.8448475083 5.9813163322 5.9932481322 6.0919697815 6.1256216537 6.1473639844 6.1760717258 6.2456063733 6.2634305522 6.3517180058 6.4010095056 6.4434679441 6.4652652921 6.5011475574 6.5354546734 6.566913304 6.6513471376 6.6720190039 6.724460872 6.7460621203 6.7661573997 6.831545102 6.8648788128 6.9394666919 6.949898749 6.9501451328 7.0374556704 7.0506635214 7.0817043259 7.132226061 7.1846583793 7.2134265079 7.2773886262 7.3878774403 7.5607517988 7.7055191406 7.714110897 7.8751833509 7.8925976965 7.9092726606 8.0091166259 8.0899145381 8.1007755715 8.2181673573 8.2208607498 8.2639356175 8.3203931772 8.3277683345 8.380885562 8.4439658403 8.4501752595 8.5648698762 8.7300551675 8.7566228344 8.8120791286 8.9089573259 8.9406058608 9.2928370362 9.5949725948 11.2332163198 11.4663404961 12.0016511414 15.4435016244 15.7168195899 15.8982804264 16.0741973463 16.0999468846 16.3625663918 23.9537031926 24.6150529649 24.6959291637
170 1.2773889147 1.4699930724 2.5340753434 2.6726368993 2.8747181249 3.8825212928 3.9965622056 4.0762940136 4.1861768206 4.2941950276 4.3290603998 4.4157148389 4.4504626343 4.4860877562 4.5318416701 4.5441404725 4.6070124377 4.6927496996 4.7965079714 4.925544246 4.9899390717 4.9981037156 5.0587838033 5.0606859527 5.0837064359 5.1861648177 5.2118164829 5.2322251841 5.3124038057 5.3610174225 5.5267104791 5.5891315353 5.7268699016 5.8026421497 5.8494727029 5.9807786378 5.9961469291 6.0914641261 6.1227759241 6.1475698082 6.1792936462 6.2452317266 6.2616252063 6.3500259101 6.4031047761 6.4315043082 6.4597719704 6.4944414011 6.5351611639 6.5644474491 6.6471634397 6.688697161 6.7229708634 6.7451147878 6.7645231246 6.8298883202 6.8609256788 6.94295546 6.9468083509 6.9553885302 7.0400856432 7.0557089118 7.0834473712 7.1336105617 7.1833779304 7.2236587942 7.2736623139 7.3939865028 7.5645360364 7.7042826351 7.7180474796 7.8700481846 7.8902426604 7.8996549097 8.0008150139 8.0820268904 8.0988491171 8.2206463314 8.2259657549 8.2653253955 8.3227093812 8.3377839532 8.3621983776 8.4496332676 8.4542928209 8.5697775577 8.728365109 8.7501045388 8.8123229232 8.9080554567 8.9422020768 9.2892244925 9.5946363975 11.2322684291 11.4663965667 12.0020367303 15.4446269835 15.7162798018 15.8965331078 16.0683807853 16.0979212249 16.3611849947 23.9546515287 24.6166005651 24.6973424788
171 1.2393653562 1.4267200479 2.56956025 2.5980169796 2.9136010068 3.8803686107 3.982965461 4.0537048136 4.1772448952 4.2874430264 4.3187435503 4.4066611408 4.4418615873 4.4922049294 4.5261937143 4.5296750467 4.6106228418 4.7085220714 4.789338498 4.9358522109 4.9990756157 5.0146622784 5.0648894069 5.0670312688 5.0992028914 5.1920439256 5.2276745421 5.2437747538 5.3164208555 5.3638560821 5.530609262 5.5848743435 5.724552856 5.7975296077 5.8542093418 5.9804121777 5.9989914447 6.0911175581 6.1199243732 6.1480743673 6.1817927665 6.2453034512 6.2591452335 6.348138994 6.404478476 6.4196684964 6.4545558838 6.4881712798 6.5352699937 6.5619615484 6.6425271156 6.7052840923 6.7211224606 6.7441635517 6.7638527417 6.8280743323 6.8566592726 6.9436006882 6.9461059051 6.9610012411 7.0427907092 7.061047546 7.0852130961 7.1349827821 7.1812409095 7.2344371232 7.2696125329 7.4009786492 7.5687768127 7.7025950483 7.7215677949 7.8649263833 7.8877462286 7.8899961406 7.992583523 8.0736521902 8.0971848028 8.222752551 8.2309738246 8.2674598605 8.3251683176 8.3427566396 8.3477980245 8.455165097 8.4588521529 8.5748397513 8.7267462723 8.7430283561 8.8125859438 8.9071305226 8.9435852294 9.2854086197 9.5942906153 11.2312879811 11.466453991 12.0024357138 15.4457974879 15.7157212495 15.8947186274 16.0623632975 16.0958258721 16.3597458616 23.9556333162 24.618202521 24.6988054156
172 1.2012866166 1.383342169 2.5227550369 2.6049352133 2.9524002411 3.8779519996 3.968759825 4.0312677108 4.1681285581 4.2806250454 4.3086734707 4.3976172153 4.433205494 4.4921427804 4.5149125588 4.527747325 4.6136161354 4.7219899535 4.782262675 4.9389856746 5.0134213337 5.0307665111 5.0695294214 5.0732150767 5.1148666954 5.1987887999 5.2462792024 5.2548690995 5.3210741402 5.366908252 5.5347557676 5.580561879 5.7216049545 5.7938012685 5.8590076356 5.9801364066 6.0017382282 6.0909662753 6.1170821039 6.1488600951 6.1833764997 6.2459709642 6.2560272791 6.3459925419 6.4048581591 6.4080409917 6.4499523402 6.4825112767 6.5357463591 6.5596936067 6.637539798 6.7189290297 6.7202779503 6.7430900361 6.7653245822 6.8260947881 6.8523001386 6.9402390944 6.9489690919 6.9668360407 7.0455452227 7.0664937784 7.0870368043 7.1363604592 7.1784915465 7.2457512058 7.2652063108 7.4087155521 7.5734404157 7.7004506366 7.7245647343 7.859864104 7.8803369721 7.8851008026 7.9844497192 8.0649229937 8.0958063323 8.2243065856 8.2358738764 8.2703200426 8.3228915454 8.3278084254 8.3576917027 8.4605462905 8.4636724709 8.5800269845 8.7252332462 8.7355516689 8.8127304538 8.9061858709 8.9447548185 9.2813936188 9.5939367998 11.230278908 11.4665124966 12.0028465018 15.4470091784 15.7151461614 15.8928434683 16.0561691505 16.0936686424 16.3582542031 23.9566446907 24.6198525047 24.7003121935
173 1.1631536266 1.3398610296 2.4469158491 2.6401962246 2.9910661641 3.8752304667 3.9540119082 4.0091091298 4.1588830462 4.2737929032 4.2987996687 4.3886454369 4.4238863792 4.4804223793 4.5164072804 4.5260472805 4.6159136302 4.7332389394 4.7757332422 4.9371561008 5.0286702643 5.0459500846 5.074833214 5.0796678852 5.1305852644 5.2066291342 5.2654590056 5.2665952321 5.3264008362 5.3701836266 5.5390011315 5.5762147933 5.7186187669 5.7912732596 5.8638077116 5.9798740072 6.0043455181 6.0910495507 6.1142692122 6.1498969975 6.1839091329 6.2473183673 6.2523424628 6.3435077593 6.3967183921 6.4039412581 6.4462736073 6.4776769365 6.5365332754 6.5577584385 6.6323136949 6.7164192056 6.7312603545 6.7417654464 6.7711136343 6.8239673926 6.8480388153 6.936712669 6.9515886802 6.9727633312 7.0483282141 7.0718501463 7.0889805504 7.1377573008 7.1753661124 7.2575865611 7.2604492085 7.4170357986 7.5784893191 7.6978115523 7.7269673878 7.8548957509 7.8707269417 7.8822985126 7.9764453165 8.0559448489 8.0947297741 8.2252605528 8.2406555817 8.2737790957 8.3026706304 8.330669043 8.3675152023 8.465764324 8.4686735043 8.5853117931 8.7238628806 8.7277840479 8.8126699098 8.9052245715 8.9457113889 9.2771843527 9.593576508 11.2292452456 11.4665718147 12.003267459 15.448257903 15.71455683 15.8909143839 16.0498230805 16.091457731 16.3567155681 23.9576816698 24.6215439991 24.70185686
174 1.1249672837 1.2962782911 2.3705320447 2.6753391865 3.0295798594 3.8721382557 3.9387937597 3.9873724651 4.1495705015 4.2669843521 4.2890743284 4.3797948122 4.4128726595 4.4663422008 4.5224113242 4.5245556144 4.6173960053 4.7418963353 4.7705752056 4.9325388018 5.039891625 5.0592663078 5.0837951294 5.0873045712 5.146121344 5.2158251735 5.2755266642 5.2876091222 5.3324122198 5.3736685225 5.543175152 5.5718530834 5.7162634564 5.7897568173 5.8685377692 5.9795487181 6.0067773772 6.0914074766 6.1115108481 6.1511410565 6.1833516663 6.2481936322 6.2493157725 6.3406012677 6.3858225273 6.4015539211 6.443644099 6.473928268 6.5375461147 6.5562010815 6.6269758623 6.7136277723 6.7367497249 6.7400669508 6.7824477389 6.8217670085 6.844033269 6.9330272953 6.9539980495 6.9786781326 7.0511239423 7.0768944271 7.091151655 7.1391842593 7.1720813479 7.2553765938 7.2699228505 7.4257727622 7.5838826381 7.6946315375 7.7287223142 7.8500134037 7.8612509416 7.8793316261 7.9686070454 8.0468019528 8.0939617376 8.2256656136 8.2453053788 8.2776336541 8.2822313432 8.3337862298 8.3772185591 8.4708089454 8.4738172462 8.5906676211 8.7198050021 8.7226739198 8.8123510831 8.9042493859 8.9464565583 9.2727864231 9.5932112933 11.228191117 11.4666316817 12.0036969119 15.4495393236 15.713955602 15.8889383815 16.0433502513 16.0892016333 16.3551358179 23.9587401692 24.6232703242 24.7034333136
175 1.0867284748 1.2525956965 2.2936272686 2.7103598861 3.0679302227 3.86856515 3.9231820303 3.9662399781 4.1402529934 4.2602276474 4.2794591229 4.3711046633 4.3990722117 4.4546947315 4.5232440698 4.5292038447 4.6179254226 4.7465027953 4.7686110826 4.9262724834 5.0452955216 5.0694156255 5.09739522 5.0973980776 5.1611804583 5.2266180826 5.285096548 5.3084050283 5.33908295 5.377331025 5.5470807209 5.5674960504 5.7151648827 5.7891688404 5.8731121036 5.9790835461 6.0090092692 6.0920775215 6.1088372148 6.1525323077 6.1817677213 6.2437108511 6.251800425 6.3372000389 6.3755131966 6.3977888879 6.4418968494 6.4715244654 6.538664971 6.5550285762 6.6216761958 6.7105895373 6.7378916106 6.738497824 6.7970724739 6.8198299984 6.8404062236 6.9291986799 6.9562305614 6.984495775 7.0539226443 7.0813719086 7.0937118164 7.1406503916 7.1688299662 7.2500438679 7.2827332356 7.4347659395 7.5895759927 7.6908624101 7.7297940917 7.8450286094 7.852161888 7.8761930049 7.9609770505 8.0375620658 8.0934968686 8.2256199162 8.2497574825 8.261735541 8.2816577752 8.3371862572 8.3867693589 8.4756720526 8.4790873318 8.596067859 8.7116761096 8.7217064716 8.8117420786 8.9032627402 8.9469930536 9.2682062541 9.5928426986 11.2271207154 11.4666918409 12.0041331555 15.4508489231 15.7133448692 15.8869227046 16.0367761937 16.0869090829 16.3535210984 23.9598160179 24.6250246631 24.7050353283
176 1.0484380944 1.2088150828 2.2162216577 2.7452539693 3.106108647 3.86431982 3.907256921 3.945971022 4.1309869958 4.2535444911 4.2699281912 4.3626069617 4.382198818 4.446411893 4.5220725853 4.5361024315 4.6173648089 4.7459988601 4.7711803101 4.9189255181 5.0470457964 5.0761768998 5.1101319349 5.1133047292 5.17551986 5.2391263189 5.2942404234 5.3281896957 5.3463466376 5.3811262869 5.5505021928 5.5631622725 5.7157762147 5.7896186346 5.8774292299 5.9783995833 6.0110346221 6.0930901113 6.1062833544 6.1539928437 6.1792930995 6.23904596 6.2544896607 6.3332596049 6.3660050555 6.3929492619 6.440722467 6.4706163263 6.5397250425 6.5542300785 6.6165982201 6.7073363566 6.7351669089 6.7386023004 6.8096686508 6.8212007919 6.8372420215 6.9252476986 6.9583334823 6.9901472358 7.0567214359 7.0850596895 7.0968116172 7.1421633789 7.1657795237 7.2445186292 7.2959845455 7.443866332 7.5955205237 7.686458338 7.7301699717 7.8389490526 7.8444978598 7.8728766115 7.9536026168 8.0282802681 8.0933138094 8.2252278509 8.2408959652 8.2543991732 8.2856482705 8.3408775676 8.39613356 8.4803476677 8.484480563 8.601484691 8.7034491689 8.7210012888 8.8108247755 8.9022667019 8.9473247482 9.2634511838 9.5924722486 11.2260382879 11.4667520427 12.0045744601 15.4521820137 15.7127270583 15.8848748143 16.0301267341 16.0845889996 16.3518778077 23.9609049752 24.6268000892 24.7066565781
177 1.0100970594 1.1649383902 2.1383336779 2.7800169121 3.1441072908 3.8590667797 3.8911009927 3.9269662175 4.121819535 4.2469519799 4.2604675786 4.3543278927 4.3629045915 4.4409831818 4.5209845358 4.5429189719 4.6156017728 4.7428103987 4.7760572577 4.9108248721 5.0473867453 5.0806478763 5.1243863473 5.1293817515 5.1890728091 5.2532297223 5.3030721685 5.3463248748 5.3541018566 5.3850027184 5.5532373259 5.5588695934 5.7182093559 5.7914906711 5.8813705817 5.9774156669 6.0128712422 6.0944638499 6.1038885115 6.1554254911 6.1760933457 6.2343662889 6.2570042388 6.3287806286 6.3575859167 6.3873762314 6.4399326623 6.4711421053 6.5405078996 6.5537899758 6.611969286 6.7038961066 6.7318571996 6.7380616963 6.810861617 6.8340468574 6.8345846791 6.9211975693 6.9603851457 6.995576215 7.0595252545 7.0879264509 7.1004283011 7.1437297414 7.1630721643 7.2388755168 7.3096379999 7.4529376401 7.6016604 7.6813811411 7.7298649137 7.8307307839 7.8393245262 7.8693780636 7.9465349894 8.0190016378 8.0933676877 8.2204666607 8.2245802102 8.2585925707 8.2894495896 8.3448434171 8.4052749456 8.4848319719 8.4900028541 8.6068872762 8.6951723374 8.7205988473 8.8095901043 8.9012629593 8.9474566963 9.2585295655 9.5921014436 11.2249481181 11.4668120464 12.0050190784 15.4535337463 15.7121046217 15.8828023689 16.023427916 16.082250443 16.3502125629 23.9620027473 24.6285895934 24.7082906623
178 0.9717063219 1.1209676689 2.0599809023 2.8146439896 3.1819183519 3.8522516687 3.8747979358 3.9098429873 4.1127857206 4.2404639123 4.2510717933 4.3420238358 4.3462889471 4.4375991698 4.5198993701 4.549580119 4.6125778292 4.7391321998 4.781166669 4.9021981181 5.047506842 5.0837785867 5.1391743219 5.1446688365 5.2019834725 5.268541049 5.3117336486 5.3622270734 5.3623744332 5.3889126559 5.5546351233 5.5551476952 5.7220465826 5.7955190583 5.8848005765 5.9760491411 6.0145657732 6.0962012593 6.1016948508 6.1567148279 6.1723321895 6.2298462487 6.2588919462 6.3238181447 6.3506239131 6.3813478121 6.4395430496 6.4728412661 6.5407427281 6.5536962517 6.608060752 6.7002924904 6.7279652079 6.7372738926 6.8083933141 6.8324392807 6.8499652733 6.9170722594 6.9625171106 7.0007376922 7.0623476771 7.0901562388 7.1043391932 7.1453547613 7.1608241318 7.2331934052 7.3236502408 7.4618549653 7.6079269845 7.675609017 7.72892478 7.8216298192 7.835381072 7.8656952276 7.939827091 8.0097630747 8.0935744334 8.2002346877 8.2237491406 8.262700903 8.2929611801 8.3490382243 8.4141553259 8.4891233633 8.49566682 8.6122382768 8.6868962873 8.7205382234 8.8080350634 8.9002528044 8.947395161 9.2534508774 9.5917317538 11.2238545094 11.4668716202 12.0054652524 15.4548991209 15.7114800268 15.8807132032 16.0167059177 16.0799025691 16.3485321634 23.9631050037 24.6303861121 24.7099311305
179 0.9332668803 1.0769050848 1.9811804041 2.8491302381 3.2195336742 3.8431529825 3.8584313982 3.8953844132 4.1039070795 4.2340916663 4.2417376321 4.3201598893 4.3385077135 4.4356517105 4.518701392 4.5560498308 4.6083185908 4.7357292627 4.7857821568 4.8932329087 5.048020117 5.0860550023 5.1539709041 5.1588191607 5.2145098369 5.2844919813 5.3203778198 5.3705979315 5.3761372154 5.3928392433 5.5504752554 5.5562003088 5.7262961888 5.8027381947 5.8875691775 5.9742179666 6.0161940835 6.0982857581 6.0997453577 6.1577335005 6.1681567044 6.2256538995 6.2596765198 6.3184806379 6.3455329693 6.3750732635 6.4396680203 6.4753719111 6.5401347421 6.5539452968 6.605160741 6.6965449947 6.7235285593 6.7363939553 6.805318738 6.8307776844 6.8654019484 6.9128956526 6.9649411103 7.00559744 7.0652114205 7.0919709673 7.1082966165 7.1470421228 7.1591249519 7.2275544002 7.3379744516 7.4705022026 7.614223904 7.6691543813 7.727426154 7.8123161745 7.8319683893 7.8618288309 7.9335300632 8.0005944953 8.0937745555 8.1804737664 8.2227897922 8.2666723781 8.2961331296 8.3533897301 8.4227352579 8.4932224877 8.5014898191 8.617486212 8.6786835451 8.7208557891 8.8061607955 8.8992371177 8.9471476355 9.2482258441 9.591364614 11.2227617688 11.466930542 12.0059112204 15.4562729977 15.7108557466 15.8786153059 16.0099869658 16.0775545893 16.3468435548 23.964207395 24.6321825547 24.7115715082
180 0.8947797881 1.0327529227 1.9019489812 2.8834704096 3.2569444619 3.8313323458 3.8420839431 3.8840893938 4.0951899762 4.2278447693 4.2324535195 4.2977058496 4.3309984679 4.4347491345 4.517223132 4.5623072197 4.602958964 4.7327972155 4.7896738276 4.8841021425 5.0492735599 5.0877203293 5.1684885928 5.171760758 5.2268852911 5.3004355881 5.3291549661 5.3791004939 5.3875964196 5.3968875703 5.5464057002 5.5564706434 5.7297545605 5.8140989377 5.889518181 5.9718443283 6.0178558209 6.0980809141 6.1006798655 6.1583575711 6.1636947667 6.2219287822 6.2589721744 6.3129209103 6.3426612874 6.3687225953 6.4404071631 6.4784113329 6.538433939 6.5545438149 6.6035061467 6.6926686444 6.718612921 6.735471384 6.8019976218 6.8295475939 6.8795011371 6.9086911519 6.9679711771 7.0101321558 7.0681483152 7.0935232928 7.1121329291 7.1487933096 7.1580366944 7.2220442695 7.3525614027 7.4787687853 7.6203816827 7.6621118633 7.7254723923 7.802925243 7.828905332 7.8577830673 7.9276888134 7.9915196036 8.093641621 8.1615785248 8.2217438375 8.2704981989 8.2989551132 8.3578066153 8.4309753633 8.49713219 8.5074918733 8.6225461227 8.6706289092 8.7215837738 8.8039713221 8.8982163547 8.9467228554 9.2428665696 9.5910014193 11.2216741896 11.4669885997 12.0063552239 15.4576501104 15.7102342492 15.8765167954 16.0032972472 16.0752157302 16.3451537897 23.9653055694 24.633971832 24.7132053222
181 0.8562461619 0.9885135891 1.8223032984 2.917658915 3.2941409937 3.8171670682 3.8258361824 3.8756404305 4.0866233058 4.2217312322 4.2231767634 4.274959639 4.3237726254 4.4346354546 4.5152227284 4.5683386197 4.596760381 4.7303159384 4.7927743564 4.8749735046 5.0514695077 5.0889130151 5.1825404006 5.1835611502 5.2392358669 5.3156778152 5.3382039621 5.3876379992 5.3965241088 5.4016939375 5.5424415435 5.5561060391 5.7316527043 5.8298807717 5.8904919387 5.9688597859 6.0196625811 6.096736825 6.1033233937 6.1584924955 6.1590599283 6.2187498709 6.256641134 6.3073233683 6.3421314245 6.3624542776 6.4418031285 6.4816919979 6.5355209319 6.5555080758 6.6031969897 6.6886733918 6.7133044713 6.734502054 6.7985399094 6.8286827495 6.8916248387 6.9044815182 6.9720064504 7.0143302423 7.0711984902 7.0949005378 7.1157550532 7.1506068587 7.1575936422 7.2167543298 7.3673603178 7.4865460554 7.6259825917 7.6548355092 7.7231868616 7.7934846123 7.8261139645 7.8535661537 7.9223370715 7.9825564065 8.0924427748 8.144342854 8.2206428645 8.2741740579 8.301443101 8.3621889666 8.4388382805 8.5008573323 8.5136932095 8.6272424317 8.6629172895 8.7227487653 8.8014726913 8.8971905363 8.9461308028 9.2373866817 9.5906435208 11.2205960353 11.4670455912 12.0067955146 15.4590250809 15.7096179884 15.8744258942 15.9966628192 16.0728951943 16.3434699901 23.9663951903 24.6357468838 24.7148261264
182 0.8176671881 0.9441896124 1.7422599842 2.9516897513 3.3311122615 3.8015718915 3.8097660978 3.8691822077 4.0781744565 4.2137692208 4.2157576895 4.252254828 4.3168390892 4.4351322871 4.5123599925 4.5741342603 4.5901190124 4.7281689048 4.795087099 4.8660109792 5.0547166176 5.0897241406 5.194360892 5.1959854706 5.2515700955 5.329447078 5.3476470144 5.3961322133 5.4023938063 5.4084995441 5.5385973419 5.555277036 5.7319091287 5.8495373572 5.890351767 5.9652122848 6.0217211115 6.0957394196 6.1061286893 6.1543624141 6.1581039568 6.2161010136 6.25286419 6.3018907538 6.343765482 6.356433765 6.4438467086 6.4850005046 6.5314453948 6.5568605387 6.6041573368 6.6845631476 6.7077042994 6.7334494835 6.7950147573 6.8281120122 6.9002888246 6.901240715 6.9774108095 7.0181938995 7.0744082674 7.0961511405 7.1191168801 7.1524776474 7.1578019448 7.2117853917 7.3823195107 7.4937232321 7.6295360798 7.6487648486 7.7207051219 7.7840025501 7.823545252 7.8491907942 7.9174927616 7.9737176183 8.0885669529 8.1304350172 8.2195110807 8.2776969117 8.3036273363 8.3664384926 8.44629112 8.5044044443 8.520111443 8.6311115071 8.6560215917 8.7243702462 8.7986723938 8.8961592417 8.9453827011 9.2318014903 9.5902922231 11.2195315239 11.467101325 12.0072303611 15.4603924351 15.7090093938 15.872350902 15.9901095178 16.0706021224 16.3417993082 23.9674719532 24.637500707 24.716427527
183 0.7790441282 0.8997836425 1.6618356985 2.9855564092 3.3678454335 3.7853723403 3.7939485404 3.8639486677 4.069782149 4.2037622404 4.2099293601 4.2302373469 4.3102045204 4.436106759 4.5081904332 4.5796866984 4.5835535668 4.7261992628 4.7966572097 4.8573717848 5.0590556473 5.090221025 5.2043265801 5.2087105344 5.2638105137 5.3408957118 5.3575854329 5.4045216827 5.4070837786 5.4163646826 5.5348872749 5.554143761 5.7308371795 5.8720747589 5.8889911972 5.9608776285 6.0241152086 6.0951036392 6.1089671657 6.1497297546 6.1572387656 6.2138521916 6.2480416807 6.2968289351 6.347179421 6.3508461798 6.4464949293 6.4881686469 6.5263836512 6.5586239599 6.6061757738 6.6803348433 6.7019262122 6.7322544952 6.7914868621 6.8277660779 6.8961344599 6.9081061034 6.9842782784 7.0217442335 7.0778257482 7.0973026589 7.122200269 7.154396446 7.1586373143 7.2072553164 7.3973867765 7.5001826114 7.6271149655 7.647790208 7.7181676627 7.7744940861 7.8211666231 7.8446745023 7.9131545751 7.9650110751 8.0798984549 8.1220246809 8.2183673152 8.2810642971 8.3055434343 8.3704664888 8.4533080725 8.5077811913 8.5267586978 8.6327835744 8.6513210869 8.7264592752 8.7955789552 8.8951216073 8.9444910009 9.2261281578 9.5899487804 11.2184848112 11.4671556195 12.0076580558 15.4617466213 15.7084108606 15.870300166 15.983662866 16.0683455549 16.3401488879 23.9685316031 24.6392263832 24.7180032078
184 0.7403783232 0.8552984481 1.5810471831 3.0192517528 3.4043249625 3.769109695 3.7784548855 3.8594587477 4.0613440518 4.1914998482 4.2042498296 4.2107532662 4.303873536 4.4374543956 4.5022173089 4.5776391947 4.5849900087 4.7242435898 4.7975584586 4.849200627 5.0644763476 5.0904575613 5.213616781 5.2206261592 5.2758325343 5.3492862861 5.3680949571 5.4118617241 5.4127588555 5.4249191492 5.5313253931 5.552845998 5.7288226893 5.8863477262 5.8964022137 5.9558926538 6.0268912482 6.0948325992 6.1116358856 6.1453473701 6.1560220348 6.2117760714 6.2426257942 6.2923245404 6.3459068319 6.3519458731 6.449686759 6.4910676889 6.5205595938 6.5608136775 6.6089802708 6.6759789541 6.6960977962 6.7308407694 6.7880260996 6.8275816331 6.892039143 6.9124149389 6.9922631912 7.0250327375 7.0814924718 7.098371419 7.1250042853 7.1563499485 7.1600364722 7.2033132658 7.4125095489 7.5057930281 7.6189582897 7.6516526409 7.7157139096 7.7649944836 7.8189598887 7.8400397391 7.9093003822 7.9564402588 8.0667261357 8.1188738339 8.2172264555 8.2842741124 8.3072268358 8.3741989973 8.4598726243 8.5109956908 8.5336391713 8.6302271379 8.6508571543 8.7290174193 8.7922016511 8.8940763341 8.943469355 9.2203858803 9.589614395 11.2174599759 11.4672083035 12.0080769214 15.4630820298 15.7078247407 15.8682820507 15.977347981 16.0661343958 16.3385258269 23.9695699509 24.6409171056 24.719546955
185 0.7016711972 0.8107369134 1.4999112987 3.0527678598 3.4405309573 3.7531139881 3.7633528116 3.8554447729 4.0526961284 4.1742997382 4.1967188517 4.1987206333 4.2978488328 4.439089714 4.4940292036 4.5728624472 4.5900393309 4.7221541837 4.7978827839 4.8416228243 5.0709309446 5.0904790918 5.2223630438 5.2316686553 5.2874921852 5.354364311 5.3792206401 5.416734428 5.4208073082 5.4345790146 5.5279260355 5.5515119506 5.7261998974 5.8824073229 5.9212526374 5.9505824761 6.0300513842 6.0949199357 6.1137872856 6.1415358061 6.1546324152 6.2096034966 6.2370121323 6.2885112669 6.3418697795 6.3576973604 6.4533531293 6.4936065529 6.5141866919 6.5634297137 6.6122876459 6.6714854176 6.6903624907 6.7291201055 6.7847090415 6.8275034231 6.8880229313 6.914688179 7.0006702414 7.0281645636 7.0854296174 7.0993674979 7.1275388285 7.1583213753 7.1618754917 7.2001653616 7.4276348399 7.5103993366 7.6085384786 7.6568829293 7.7134772472 7.7555699146 7.8169198392 7.8353138382 7.9058875576 7.9480050044 8.051395463 8.1186849107 8.2161004691 8.2873245274 8.3087099243 8.3775795118 8.4659788183 8.5140557455 8.5407476825 8.6245030094 8.6535793369 8.7320360234 8.7885503064 8.8930217084 8.9423325829 9.2145960794 9.5892902153 11.2164610044 11.4672592156 12.0084853174 15.4643930158 15.7072533332 15.8663049044 15.971189482 16.063977376 16.336937139 23.9705828907 24.6425662063 24.7210526816
186 0.6629242598 0.7661020309 1.4184450531 3.0860958112 3.4764358875 3.7375973104 3.7487061699 3.8517621498 4.0435804706 4.1538601169 4.1867520726 4.1933405944 4.2921312227 4.4409407678 4.4834560777 4.5694634861 4.5948306004 4.7198143781 4.7977288976 4.8347381998 5.0783456475 5.0903248898 5.2306636628 5.2418027238 5.2986398951 5.3565124252 5.3909722051 5.4214091457 5.4286398659 5.4453874281 5.5247045564 5.5502782869 5.7232413185 5.8772007357 5.9390227021 5.9517253874 6.0335554067 6.0953553637 6.1148453324 6.1388413662 6.1532720012 6.2070999538 6.2315079874 6.2854313115 6.3390292833 6.3641522842 6.4574221919 6.495731088 6.507445691 6.5664510538 6.6158087007 6.6668633294 6.6848780858 6.7269998657 6.7816152476 6.8274849107 6.8841052122 6.9155248444 7.008681232 7.0313364403 7.0896194714 7.1002973524 7.1298203642 7.1602915616 7.1639305982 7.1981131922 7.4427089814 7.5138029893 7.5971302434 7.6622455514 7.7115802521 7.746329712 7.8150518364 7.8305287076 7.9028546459 7.9397024402 8.0355100104 8.1198999478 8.2149991304 8.2902139397 8.3100208938 8.3805698455 8.4716312101 8.5169680919 8.5480695155 8.617692955 8.6574167396 8.7354958684 8.78463516 8.891955643 8.941096622 9.2087825985 9.5889773337 11.2154917758 11.4673082044 12.0088816463 15.4656739228 15.7066988754 15.8643770242 15.9652113974 16.0618830177 16.3353897182 23.9715664154 24.6441671824 24.7225144516
187 0.6241391077 0.7213968937 1.3366656232 3.1192254038 3.5119970602 3.7227167364 3.7345749132 3.848333618 4.0336032663 4.133095717 4.1783825973 4.1881048406 4.2867195472 4.4429457899 4.4706055829 4.5674017178 4.5993603772 4.7171487934 4.7971894221 4.8286180264 5.0866302183 5.0900295287 5.2385847462 5.2510219247 5.309124637 5.3564529668 5.4033203003 5.4257091923 5.4362385262 5.4568630506 5.5216786568 5.5493176541 5.7201765319 5.8707938449 5.9344831755 5.9738003979 6.0373289275 6.0961332975 6.1141631467 6.1378850695 6.1521464605 6.2041331357 6.2263387163 6.2830163665 6.3377032818 6.371102237 6.4618214341 6.4974215396 6.5004848168 6.5698341269 6.6192134801 6.662186725 6.6798076942 6.7243937842 6.7788188904 6.827488129 6.8803046752 6.915441874 7.0155197619 7.0348550878 7.09398826 7.1011652595 7.1318687746 7.1622402921 7.1658448482 7.1975784882 7.4576771805 7.5157242488 7.5852906765 7.6672829512 7.7101293513 7.7374460282 7.8133687155 7.8257203234 7.9001233264 7.9315281823 8.0198154597 8.1218181295 8.2139305406 8.2929409519 8.311183602 8.3831497034 8.4768435585 8.5197377733 8.5555814452 8.6106225195 8.6615552873 8.7393672219 8.7804667809 8.8908757489 8.9397784637 9.2029718983 9.5886767861 11.2145560476 11.467355128 12.0092643597 15.4669191098 15.7061635341 15.8625066196 15.9594370744 16.0598596004 16.3338903024 23.9725166332 24.6457137212 24.7239265028
188 0.5853174252 0.6766246828 1.2545903716 3.152144759 3.5471364791 3.7086239317 3.7210150556 3.8451193769 4.0222066992 4.1134277709 4.1707927228 4.1830033665 4.2816104086 4.4450510051 4.4557593522 4.5664633911 4.6036257311 4.7141283831 4.7963381191 4.8233065785 5.0896237072 5.0956853697 5.2461638743 5.2593457834 5.3187927782 5.354892236 5.4161912826 5.4296027389 5.4435984873 5.4682968033 5.518870985 5.5488731152 5.7172097584 5.8632758546 5.92682825 5.9968887875 6.041273943 6.0972630282 6.1116455886 6.1387462163 6.1514589984 6.2007064239 6.2216629216 6.2811178577 6.338188906 6.3783899562 6.4664779026 6.4934287713 6.4986871117 6.5735159676 6.6220573873 6.6576728412 6.6753097275 6.7212350692 6.7763774877 6.8274831562 6.8766392655 6.9148370108 7.0206523395 7.0389922906 7.0984023334 7.1019741391 7.1337049996 7.1641475963 7.1671967595 7.1990162071 7.4724828918 7.5157352663 7.5735645327 7.6716474854 7.709208437 7.7291908456 7.8118876777 7.8209280485 7.897599519 7.9234777867 8.0046838687 8.1241144092 8.212901503 8.2955043606 8.3122178985 8.3853153431 8.481636648 8.522367728 8.563253275 8.6035802947 8.665718844 8.7436102407 8.7760560334 8.889779452 8.9383960718 9.1971932419 9.5883895506 11.2136574424 11.4673998537 12.0096319642 15.4681229797 15.7056493971 15.8607017726 15.9538890881 16.0579151273 16.3324454399 23.9734297829 24.6471997256 24.7252832701
189 0.5464609845 0.6317886506 1.1722368614 3.184839774 3.5816733742 3.6955477512 3.708078634 3.8421014809 4.0087289091 4.0957959808 4.1637476536 4.178018931 4.2767976101 4.439247907 4.4472091351 4.5663916191 4.6076241595 4.7107692993 4.7952213792 4.8188258389 5.0891347927 5.1054079293 5.2534136128 5.2668140117 5.3274817241 5.3523910082 5.4294498192 5.4331174732 5.4507445858 5.4789436666 5.5163146485 5.5492940542 5.7145304523 5.8547485898 5.9183180596 6.0179962274 6.0452782551 6.0987747213 6.107859741 6.1408573631 6.1514090347 6.1969553438 6.2175856455 6.2795845991 6.3406981221 6.3858885458 6.4713172226 6.4863901103 6.4995586619 6.5774207024 6.6236879872 6.6537566668 6.6715501111 6.717488062 6.7743218111 6.8274474766 6.8731261219 6.9140058937 7.0240955588 7.0436619301 7.1026882388 7.1027260418 7.1353493698 7.1659947797 7.1677374035 7.2026523979 7.4870669976 7.5131926964 7.5626982927 7.6749001897 7.7088708219 7.7219996566 7.8106276678 7.816193827 7.8951727556 7.9155484465 7.9903429078 8.1266148414 8.2119177969 8.297903152 8.3131401294 8.3870775995 8.4860358067 8.524858639 8.5710478877 8.5966975271 8.6697917271 8.748175645 8.7714140927 8.8886641746 8.93696828 9.1914788559 9.5881165467 11.2127994339 11.4674422582 12.009983027 15.4692800108 15.7051584658 15.8589703974 15.9485891539 16.0560572928 16.3310614563 23.974302249 24.6486193376 24.7265794068
190 0.5075716439 0.5868920974 1.0896228693 3.2172933435 3.615003574 3.6841222588 3.6958136439 3.8392758767 3.9926394596 4.0808490849 4.1571714656 4.1731239464 4.2722710989 4.4213852761 4.4493783342 4.5669577289 4.6113535262 4.7071255547 4.7938605465 4.8151774403 5.0885872125 5.115693936 5.2603236456 5.2734793539 5.334988973 5.3494062319 5.4362985537 5.4428251193 5.457798072 5.4880606454 5.5140662128 5.5510389844 5.7123173576 5.8453186088 5.909185845 6.036159185 6.0492215085 6.1007042313 6.1034178294 6.1436262603 6.1521703628 6.1931310472 6.2141679878 6.2783380424 6.3453072623 6.3934825103 6.4762615109 6.4794821634 6.5000818645 6.5814671112 6.62331702 6.6509629317 6.6687532959 6.7131539371 6.7726516694 6.8273653638 6.8697815032 6.9131665547 7.0263320746 7.0484569973 7.1034224482 7.1066733554 7.1368205581 7.167539537 7.1677650917 7.2083123246 7.5013667785 7.5073730171 7.5535507973 7.676428184 7.7091261477 7.7165225447 7.8096074218 7.8115613081 7.8927136931 7.9077409205 7.9769670403 8.1292114943 8.2109843793 8.3001365004 8.3139636638 8.3884594941 8.4900686182 8.5272090425 8.5789032619 8.5900734025 8.6737133154 8.7530055597 8.7665525233 8.8875276079 8.9355146648 9.1858640485 9.5878586351 11.2119853349 11.4674822267 12.0103161812 15.470384789 15.7046926469 15.8573201975 15.9435580412 16.0542934514 16.3297444231 23.9751305761 24.6499669617 24.7278098057
191 0.4686513469 0.5419383382 1.006766401 3.249484229 3.6434709064 3.6780179048 3.6842639135 3.836649122 3.9738405324 4.0687526817 4.1510401865 4.1682758106 4.2680150134 4.4024583965 4.4515214099 4.5679797198 4.6148120128 4.7032774283 4.7922695558 4.8123353631 5.0880027548 5.1264399746 5.2668610447 5.279400703 5.340751252 5.3466607003 5.439200799 5.4555602356 5.4652977808 5.4949983438 5.5122409116 5.5545553984 5.7107373802 5.8350924624 5.8995358416 6.0506785884 6.0529763489 6.0987303809 6.1030253 6.1466879803 6.1537969752 6.1896070667 6.2114341492 6.2773932322 6.3519493237 6.4010462939 6.4728366373 6.4812252671 6.500313707 6.5855753851 6.6205736327 6.6493117586 6.6672401488 6.7082685915 6.7713395323 6.8272273397 6.8666207118 6.912477042 7.0278792015 7.0530249064 7.1040644578 7.11022766 7.1381350396 7.1668355254 7.1694440391 7.2155734748 7.4980699562 7.5153146492 7.5465145663 7.6756346027 7.709908271 7.7134493434 7.8070749491 7.8088441466 7.890071308 7.9000616843 7.9647173623 8.1318286391 8.2101055349 8.3022037706 8.314699374 8.3894936297 8.4937631145 8.5294156438 8.5833271006 8.5872144141 8.6774453846 8.7580344069 8.7614834438 8.8863681089 8.9340553902 9.1803872603 9.5876166172 11.2112182851 11.4675196533 12.0106301312 15.4714320435 15.7042537459 15.8557586215 15.9388154902 16.0526305886 16.3285001281 23.9759114827 24.6512372864 24.7289696196
192 0.429702119 0.496930652 0.923685712 3.2813853773 3.6504630447 3.6734688677 3.6938436259 3.8342395452 3.952703352 4.0591871931 4.1453499507 4.1634098156 4.2640040297 4.3827437863 4.4536052398 4.5693171761 4.6179980781 4.6993188693 4.7904804637 4.8102331528 5.0874008144 5.1375430597 5.2729684891 5.2846375893 5.3412490851 5.3477869618 5.4418893788 5.4655874807 5.4749153267 5.4994511723 5.5111261306 5.559995708 5.7099406761 5.8241747234 5.8894480565 6.0564026672 6.0612990933 6.0940813571 6.1055335354 6.1498381955 6.1560039268 6.1869326417 6.2093769676 6.276824997 6.3604387854 6.4084105524 6.4666346548 6.4861050211 6.500327429 6.5896722009 6.6159063587 6.6480641614 6.6672788073 6.702895073 6.7703397285 6.8270297063 6.863658024 6.9120454138 7.0291129213 7.0571938047 7.1046529103 7.113286432 7.139306924 7.1658136639 7.171019424 7.2239792601 7.4859937639 7.5288366336 7.5411240402 7.6725277024 7.7110381804 7.7129521621 7.8027791314 7.8083527131 7.8870747211 7.8925253064 7.953757328 8.1344081078 8.2092849883 8.3041045185 8.3153560474 8.3902195538 8.4971465196 8.5314737642 8.5774431988 8.5950005502 8.6809602042 8.7562198216 8.7631897444 8.8851852635 8.9326110208 9.1750900168 9.5873912351 11.2105012392 11.4675544405 12.010923657 15.4724166827 15.7038434603 15.8542928174 15.9343801321 16.051075292 16.3273340471 23.9766418744 24.6524253056 24.7300542794
193 0.3907260646 0.4518722058 0.8403993399 3.3129613549 3.64350152 3.6634630998 3.7240456811 3.8320872109 3.9298076743 4.0516232437 4.1401055942 4.1584283125 4.2601962819 4.3625368118 4.4556003287 4.5708606397 4.6209104243 4.6953468659 4.7885565827 4.8087625051 5.0867985976 5.1488992785 5.2785604994 5.2892464254 5.3383733114 5.3510040065 5.4444376142 5.4724406203 5.4861202918 5.5016225913 5.5116059149 5.5670285712 5.7100535873 5.8126682994 5.8789956668 6.0593312906 6.0684133583 6.0897231361 6.107833081 6.1529544837 6.1579598272 6.1858531418 6.2079625368 6.2767155802 6.3704985612 6.4152942278 6.4611723685 6.4907420263 6.5002466287 6.5936940997 6.6100474596 6.6465864349 6.6687556482 6.697115006 6.7695988354 6.8267741206 6.8609066376 6.9119345782 7.030299848 7.0609048986 7.1051884659 7.1158488285 7.1403480281 7.1645616722 7.1724812005 7.2331198301 7.4722303657 7.5365976933 7.5418505682 7.6678671355 7.7125362506 7.7142277848 7.7987173024 7.8081452576 7.8835496796 7.8851570549 7.9442458322 8.1369024291 8.2085259894 8.3058384911 8.315940728 8.3906812448 8.5002444371 8.5333778354 8.571716856 8.6029648469 8.6842355707 8.7507759747 8.7683929602 8.8839806609 8.9312023002 9.1700167453 9.587183171 11.2098369569 11.4675864988 12.0111956192 15.4733338321 15.7034633735 15.8529295867 15.9302694123 16.049633725 16.3262513177 23.9773188563 24.6535263378 24.7310595128
194 0.3517253629 0.4067659289 0.7569261599 3.3441643121 3.6351034058 3.6542756093 3.7560020856 3.8302961634 3.9057013115 4.0455720273 4.1353159162 4.1531843116 4.2565190159 4.3421929954 4.457480469 4.5725220176 4.6235479668 4.6914543061 4.7865822682 4.807792203 5.086211299 5.160401228 5.2835186437 5.29327836 5.3354238476 5.3531566222 5.446919135 5.4778768664 5.494531576 5.5020300626 5.5161870604 5.5750214863 5.7111714323 5.8006767981 5.8682498974 6.0615355094 6.0728692453 6.085945111 6.1095563056 6.1559545948 6.1586649042 6.1869240611 6.2071341772 6.2771119168 6.3817764737 6.4211627344 6.4570001543 6.4947304287 6.5004357302 6.5975895472 6.6035325393 6.6448122603 6.6711946333 6.6910224635 6.7690638998 6.8264671559 6.8583786469 6.9121646792 7.0316439151 7.064142895 7.1056716571 7.1179614849 7.1412680813 7.163090158 7.1738212345 7.2426370011 7.4576876662 7.5323893425 7.5542640629 7.6625253857 7.7145827059 7.7161799492 7.7949311274 7.8082311369 7.8779957264 7.8793606361 7.936301171 8.1392713975 8.2078313771 8.3074056214 8.3164589991 8.3909248336 8.5030802832 8.5351218705 8.5663431711 8.6109068261 8.6872524902 8.745168425 8.7735597651 8.8827589228 8.9298498933 9.1652144153 9.5869930476 11.2092279924 11.4676157472 12.0114449629 15.4741788722 15.7031149491 15.851675338 15.9264995184 16.0483116022 16.3252567149 23.9779397448 24.6545360447 24.7319813608
195 0.3127022635 0.3616142996 0.6732854857 3.3749274214 3.6270688041 3.6459284361 3.7874884173 3.8292787547 3.8808250096 4.0406708539 4.1309914477 4.1474576668 4.2528383015 4.3221909659 4.4592224791 4.5742274106 4.625909807 4.687726355 4.7846424495 4.8071939435 5.0856522536 5.1719340113 5.2876894346 5.2967783418 5.3328283653 5.3540251439 5.4493967348 5.4824932068 5.4978086515 5.5011939501 5.5264881902 5.5833478117 5.7133531966 5.7883092036 5.8572824527 6.0627198267 6.0755320062 6.0831020586 6.1105703855 6.1579265005 6.1587769278 6.1897737686 6.2068159581 6.278001216 6.3938587142 6.4250638154 6.4550830746 6.4968364459 6.5020809562 6.5966867031 6.6013200397 6.6429128411 6.674103704 6.6847215159 6.7686873723 6.8261197897 6.8560850529 6.9127154351 7.0333069803 7.0668997126 7.1061029236 7.1196990708 7.1420749877 7.1613683006 7.1750330305 7.2522133674 7.4430311538 7.5282480681 7.5659723318 7.6570993618 7.7170329357 7.7182974046 7.7914596083 7.8086171725 7.87109663 7.8744719585 7.9299442769 8.1414802762 8.2072036286 8.3088060181 8.3169152176 8.3909966261 8.5056746931 8.5366998659 8.5613565512 8.6187830381 8.6899939578 8.7394173775 8.7786004714 8.8815290089 8.9285740928 9.1607319585 9.5868214281 11.2086766854 11.4676421124 12.0116707219 15.4749474775 15.7027995262 15.8505360407 15.9230853127 16.047114166 16.3243546285 23.9785020778 24.6554504481 24.7328161929
196 0.2736590805 0.3164189533 0.5894972627 3.4051537968 3.6197725396 3.6384341735 3.8143836685 3.8327544546 3.8555379037 4.0366726428 4.1271432717 4.1409242675 4.2488954012 4.3032349224 4.4608060014 4.5759121586 4.6279952082 4.6842394676 4.7828090064 4.8068585535 5.085133068 5.1833691495 5.2908947034 5.2997849655 5.330755272 5.353719284 5.4519127278 5.4863484652 5.4986066978 5.4995054065 5.539655544 5.5915202216 5.7166194092 5.7756878923 5.846167786 6.0626501276 6.0770435426 6.0814900405 6.1109506713 6.1563388066 6.1613716946 6.1933745399 6.2069160687 6.2793052662 6.4062884866 6.426095468 6.4563272345 6.4969542124 6.5052361496 6.5897218351 6.604860313 6.6410452664 6.6771340676 6.6783271634 6.7684292264 6.8257467565 6.8540358051 6.9135304601 7.035409862 7.069159347 7.1064826344 7.1211487778 7.1427750971 7.1593544598 7.1761114615 7.2615610912 7.4287799086 7.5241160096 7.5768561672 7.6519383124 7.7196833719 7.7203642102 7.7883381013 7.8093079515 7.8645345243 7.8689880625 7.9250624684 8.1434988282 8.2066448957 8.3100399471 8.3173127126 8.390941448 8.5080445647 8.5381061115 8.5567821401 8.6265544821 8.6924441443 8.733549387 8.7834201182 8.8803057639 8.9273944915 9.1566194332 9.586668816 11.2081851526 11.467665529 12.0118720219 15.4756356543 15.7025183144 15.8495171796 15.9200402694 16.0460461653 16.3235490424 23.9790036253 24.6562659455 24.7335607219
197 0.234598187 0.271179908 0.505582463 3.4346969817 3.6133450395 3.631791346 3.8214558874 3.8301754513 3.8557773505 4.0334129776 4.1237823182 4.1331280089 4.2441997718 4.2863985484 4.4622133465 4.5775176465 4.629803574 4.6810619042 4.7811373809 4.8067001134 5.0846637342 5.1945550698 5.2929700075 5.3023307537 5.3292806745 5.3524812706 5.4544841607 5.4893182226 5.4972387952 5.4989680521 5.553603717 5.5991828435 5.7209528472 5.7629623477 5.8349862143 6.0614581889 6.0778227111 6.0810425947 6.1108608343 6.1544978287 6.1636972178 6.1969083755 6.2073304707 6.2808917609 6.4185884532 6.4246941687 6.4602824037 6.4964508071 6.5084814676 6.5828062394 6.6081971334 6.6393117929 6.6719689829 6.6800595146 6.7682572423 6.8253657145 6.8522398602 6.9145249286 7.0380211388 7.0708934756 7.1068111023 7.122400096 7.1433734566 7.1570225802 7.1770525245 7.2704120468 7.4153790041 7.5200471322 7.5867805858 7.6472458294 7.7221292653 7.7225025589 7.7855971623 7.8103054897 7.858406052 7.8631322368 7.9214347942 8.1453007878 8.206157033 8.3111078037 8.3176539589 8.3908013029 8.5102012923 8.5393354063 8.5526441594 8.6341756361 8.6945874977 8.7276024309 8.7879186204 8.8791115543 8.9263296277 9.152926907 9.5865356554 11.20775528 11.4676859395 12.0120480837 15.4762397773 15.7022723902 15.8486237122 15.9173764173 16.0451118368 16.3228435162 23.9794423978 24.6569793243 24.734212016
198 0.1955220078 0.2258938702 0.4215639642 3.4633249748 3.6078479793 3.6259757414 3.8051226831 3.8214033559 3.8855085971 4.0307820851 4.1209188872 4.1234886958 4.2380520169 4.2731068165 4.463429373 4.5789895404 4.6313344285 4.6782547296 4.7796686524 4.8066535698 5.084252726 5.2053015847 5.2938342367 5.3044426277 5.3283534027 5.350656926 5.4571016843 5.4912225303 5.4946002614 5.4996633248 5.5675233252 5.6060699531 5.7262995441 5.7503334323 5.8238292113 6.0596445844 6.0781399102 6.081325822 6.1104762676 6.1527454898 6.1657186573 6.1999756102 6.2079473314 6.2825973518 6.4221666392 6.4302794067 6.4655957474 6.4957733522 6.5113233521 6.5761088144 6.6113250629 6.6377759422 6.6657973346 6.6827293438 6.7681463318 6.8249962013 6.850705234 6.915596744 7.0411380621 7.0720640016 7.1070885923 7.1235376345 7.1438740316 7.1543876674 7.1778531304 7.2785099717 7.4032320283 7.5161614751 7.5955950376 7.6431456441 7.723798788 7.7250744198 7.7832612068 7.8116065705 7.8528307952 7.8571819642 7.918802475 8.1468635778 8.2057416182 8.3120100762 8.3179407326 8.3906143091 8.5121475986 8.5403831909 8.548970303 8.6415844731 8.6964069478 8.721636283 8.791991313 8.8779776388 8.9253966112 9.149703062 9.5864223307 11.2073887161 11.4677032941 12.0121982264 15.4767566246 15.7020626933 15.8478600275 15.9151042889 16.0443148875 16.3222411687 23.9798166548 24.6575877745 24.7347675109
199 0.1564330115 0.180550023 0.3374687489 3.4906506191 3.6033165917 3.6209248266 3.7809188123 3.8207449599 3.9152619008 4.0287058601 4.1114092891 4.1185622902 4.2303415951 4.2642541782 4.4644413961 4.5802772884 4.6325873993 4.6758725349 4.7784328467 4.8066706344 5.0839070809 5.2153536172 5.2935538018 5.3061424211 5.3277780194 5.3486620732 5.4597262472 5.4917706172 5.4921191798 5.5008213946 5.5809141495 5.6119750266 5.7325647513 5.7380977454 5.8128102978 6.0577112097 6.0781791164 6.0819025614 6.1099539406 6.1512432352 6.1674076795 6.2024440065 6.2086526384 6.2842536102 6.4194514296 6.4408885729 6.4712282866 6.4950459191 6.513610268 6.5698339216 6.6142354896 6.6364783441 6.6599934299 6.6850376728 6.7680774904 6.8246583828 6.8494390141 6.9166398003 7.0446625062 7.0726344774 7.1073153264 7.1246322818 7.1442798914 7.1515321182 7.1785109303 7.2856059425 7.3927082361 7.5126187143 7.6031364587 7.6397160596 7.7251404052 7.7274614288 7.7813471386 7.8131939727 7.8479495205 7.8514169927 7.9169310974 8.1481681639 8.2053999673 8.3127473017 8.3181742528 8.3904138765 8.5138723092 8.541245615 8.5457973316 8.6486838425 8.6978786662 8.7157558667 8.7955305288 8.8769446166 8.9246107443 9.1469935571 9.5863291673 11.207086866 11.4677175507 12.0123218695 15.4771834099 15.7018900236 15.8472299083 15.9132328746 16.0436584797 16.3217446632 23.9801249114 24.6580888992 24.7352250197
200 0.1173336988 0.1351174567 0.2533344443 3.5159905311 3.5997732808 3.6165160211 3.758432292 3.8201001471 3.9441564165 4.027133953 4.0965292218 4.1167205596 4.2224524411 4.259100056 4.4652391183 4.5813347968 4.6335622025 4.673963394 4.7774517245 4.8067160778 5.0836324677 5.2243467677 5.2923628486 5.307447351 5.3273083925 5.3469028967 5.4622741691 5.4889433105 5.4923963246 5.5021196282 5.593222085 5.6167349667 5.7267286077 5.739591166 5.8020928222 6.0559856775 6.0780741077 6.0825042955 6.1094221747 6.1500574598 6.1687422517 6.2043053133 6.209337091 6.2857079705 6.417035893 6.4499456996 6.4765084682 6.4943297929 6.5152934308 6.5642551029 6.6168914704 6.6354459633 6.6547876093 6.6869072696 6.7680367203 6.8243716433 6.8484473114 6.9175566582 7.048372508 7.072599053 7.1074914861 7.1257228583 7.1445933585 7.1486328839 7.1790241759 7.291458898 7.3841365254 7.5095983663 7.6092366314 7.6370077702 7.7261810152 7.7294923401 7.7798634253 7.8150130036 7.8439176746 7.8461138124 7.915638343 8.1491989888 8.2051331457 8.3133200163 8.3183553113 8.3902280796 8.515342945 8.5419195597 8.5431786131 8.6553008913 8.6989520678 8.7101716027 8.7984291086 8.8760609956 8.9239851535 9.1448392319 9.5862564312 11.2068508862 11.4677286748 12.0124185352 15.4775178115 15.7017550392 15.8467364985 15.911769584 16.0431452186 16.3213561957 23.9803659444 24.6584807247 24.7355827413
201 0.0782265779 0.08949534 0.1692347827 3.5380697582 3.5972328971 3.6125791935 3.7391512198 3.8196004043 3.9715270775 4.0260324923 4.0790943646 4.1154002086 4.2160899879 4.2562453941 4.4658145778 4.5821221461 4.6342586303 4.6725678739 4.7767407175 4.8067649365 5.0834332404 5.23174075 5.2906780104 5.3083704118 5.3268223822 5.3456475638 5.4645769705 5.4863740847 5.4924175506 5.5032176957 5.6036279785 5.6202242358 5.7170090904 5.747072944 5.7919808597 6.0546548798 6.0779255035 6.0829940803 6.1089776224 6.1492095652 6.1697062289 6.2055941571 6.2099039126 6.2868364574 6.4151749598 6.4569715026 6.4808862511 6.4936852366 6.5163944732 6.5597418702 6.6191774495 6.6346969409 6.6504937104 6.6882817043 6.7680140917 6.8241531081 6.8477351445 6.9182678951 7.0518822775 7.0720475315 7.1076172129 7.126776616 7.1448161255 7.1459890699 7.1793916116 7.2958431587 7.3777944828 7.5072794123 7.6137348528 7.6350535228 7.7269212252 7.7310444525 7.778810458 7.8169139565 7.8408922936 7.8415965017 7.9147957794 8.149943948 8.2049419754 8.3137287044 8.3184843882 8.3900791906 8.5164985806 8.5411913133 8.5424026311 8.6610949548 8.6994499953 8.7053912279 8.8005867508 8.8753788681 8.92353045 9.1432742774 9.5862043291 11.2066816808 11.4677366397 12.01248785 15.4777579966 15.7016582535 15.846382274 15.910720214 16.0427771413 16.3210774847 23.9805387974 24.6587617076 24.7358392673
202 0.0391140334 0.0431724216 0.0854415406 3.5544269975 3.5957050477 3.6091856042 3.7254937674 3.8192894771 3.9956866531 4.0253797147 4.0607902124 4.1146060361 4.2121241244 4.2547923546 4.4661621119 4.5826080242 4.6346765415 4.6717172505 4.776310155 4.806800585 5.0833124799 5.2367690664 5.2891395501 5.3089206764 5.3264061396 5.3449500504 5.4663088961 5.4844544979 5.492376229 5.5039295598 5.6108933067 5.6223534445 5.7101606698 5.7541667276 5.7833124387 6.053821897 6.0778062534 6.0833066947 6.1086859764 6.1487024437 6.1702887457 6.2063493926 6.210276771 6.2875493936 6.4140095471 6.4614785981 6.4838256825 6.4932075462 6.5169912543 6.5567460511 6.6208294819 6.6342430734 6.6475530017 6.689121838 6.7680030139 6.8240162327 6.8473062787 6.9187167858 7.0545781165 7.0712865097 7.1076926081 7.1276266945 7.1440416395 7.144949342 7.1796123952 7.2985650241 7.3738965932 7.5058167463 7.6164953575 7.63387363 7.727363532 7.7320192995 7.7781830277 7.8185327665 7.838355886 7.8390120516 7.9143206515 8.150394388 8.2048270404 8.3139737512 8.31856175 8.3899833427 8.5172519599 8.5399342918 8.5426931417 8.6653778322 8.698799 8.7026691951 8.8019194134 8.8749463373 8.9232544398 9.1423245395 9.5861730088 11.2065798977 11.4677414263 12.0125295462 15.4779026413 15.7016000345 15.8461690204 15.9100889234 16.0425557089 16.3209097633 23.9806427843 24.6589307412 24.7359935879
203 -0.0003376921 -0.000323996 -0.0002399693 3.5608561106 3.5951951755 3.6075832116 3.7204340569 3.819184296 4.0083865575 4.0251634314 4.0500161175 4.1143409819 4.2107927467 4.2543439971 4.4662783326 4.5827723031 4.6348158542 4.6714314262 4.776165986 4.8068135016 5.0832720229 5.2385821826 5.2885013569 5.3091035067 5.3262386839 5.3447339396 5.4669820103 5.4837140689 5.49235493 5.504174316 5.6135587462 5.6230691095 5.7076349432 5.7578156796 5.7791392929 6.053538897 6.0777613997 6.0834135677 6.1085847251 6.1485338443 6.1704835898 6.2065979967 6.210406687 6.2877929985 6.4136133435 6.4630417593 6.4848689756 6.4930252988 6.5171761362 6.5556876001 6.6214537959 6.6340910587 6.6464840607 6.6894044537 6.7679997282 6.8239696206 6.8471630578 6.9188700435 7.0556358163 7.0709035861 7.1077177331 7.1279709531 7.143304752 7.1449936748 7.1796860423 7.299488822 7.3725811837 7.5053165535 7.6174263744 7.6334791614 7.7275106036 7.732351857 7.7779748113 7.8192156982 7.8371235569 7.8383736792 7.9141671491 8.1505451123 8.20478869 8.314055405 8.3185875248 8.3899503033 8.5175158595 8.5395017374 8.5427900893 8.66703718 8.6979568023 8.7021558081 8.8023703495 8.8747979488 8.9231619002 9.1420061343 9.5861625589 11.2065459266 11.4677430231 12.0125434629 15.4779509455 15.7015806036 15.8460978157 15.9098782147 16.0424818003 16.3208537736 23.9806774925 24.6589871599 24.7360450957
204 -0.0003376921 -0.000323996 -0.0002399693 3.5608561106 3.5951951755 3.6075832116 3.7204340569 3.819184296 4.0083865575 4.0251634314 4.0500161175 4.1143409819 4.2107927467 4.2543439971 4.4662783326 4.5827723031 4.6348158542 4.6714314262 4.776165986 4.8068135016 5.0832720229 5.2385821826 5.2885013569 5.3091035067 5.3262386839 5.3447339396 5.4669820103 5.4837140689 5.49235493 5.504174316 5.6135587462 5.6230691095 5.7076349432 5.7578156796 5.7791392929 6.053538897 6.0777613997 6.0834135677 6.1085847251 6.1485338443 6.1704835898 6.2065979967 6.210406687 6.2877929985 6.4136133435 6.4630417593 6.4848689756 6.4930252988 6.5171761362 6.5556876001 6.6214537959 6.6340910587 6.6464840607 6.6894044537 6.7679997282 6.8239696206 6.8471630578 6.9188700435 7.0556358163 7.0709035861 7.1077177331 7.1279709531 7.143304752 7.1449936748 7.1796860423 7.299488822 7.3725811837 7.5053165535 7.6174263744 7.6334791614 7.7275106036 7.732351857 7.7779748113 7.8192156982 7.8371235569 7.8383736792 7.9141671491 8.1505451123 8.20478869 8.314055405 8.3185875248 8.3899503033 8.5175158595 8.5395017374 8.5427900893 8.66703718 8.6979568023 8.7021558081 8.8023703495 8.8747979488 8.9231619002 9.1420061343 9.5861625589 11.2065459266 11.4677430231 12.0125434629 15.4779509455 15.7015806036 15.8460978157 15.9098782147 16.0424818003 16.3208537736 23.9806774925 24.6589871599 24.7360450957
205 0.0567747721 0.0577567556 0.0905199031 3.5612390788 3.5957277539 3.6080778247 3.7209835442 3.8191725485 4.0083763851 4.025601472 4.0506560486 4.1144894872 4.2109574541 4.2543331194 4.4645801035 4.5807419905 4.6369735974 4.6710499163 4.7784971226 4.8075245311 5.0816229829 5.2376707683 5.2855317515 5.3080435511 5.3245884618 5.3455972503 5.4705101989 5.4839619865 5.4938298137 5.5041359721 5.6131454264 5.6234512812 5.7070621471 5.7578420533 5.7791769039 6.0538183311 6.0777648651 6.0827871552 6.1083597898 6.1482970791 6.1703752819 6.2062655622 6.2094737911 6.2863550419 6.4136382639 6.4626099627 6.4851084563 6.4929911678 6.5172585638 6.5459778219 6.6229463579 6.6433292076 6.6470244726 6.6907250852 6.7678805664 6.8234550212 6.8476363543 6.9183722483 7.0550322732 7.0706941164 7.1034777271 7.1285191702 7.1437003015 7.1484562918 7.181293602 7.3002781903 7.3729484778 7.5042613895 7.6176635099 7.6339657327 7.7265895161 7.7336391749 7.7783585063 7.8193368648 7.837477567 7.8384499468 7.9141950063 8.1506637455 8.2044723619 8.3137380093 8.3183767842 8.3900095218 8.517448446 8.5395612965 8.5427349025 8.6669937695 8.6960095225 8.7039004077 8.8022851978 8.8746942785 8.9231458527 9.1421896653 9.5861568929 11.2061348178 11.4672187014 12.011917205 15.4779375586 15.7015506853 15.8460094392 15.9099487248 16.0419858839 16.3208040545 23.9807555657 24.6589546141 24.7358346153
206 0.113564943 0.1155225964 0.1809962775 3.5623873415 3.5973245755 3.6095609541 3.7226313556 3.8191430678 4.0083436887 4.0269147773 4.0525545849 4.1149317815 4.2114494594 4.254307039 4.4597354649 4.5749468389 4.6431955857 4.6699291005 4.7851875763 4.8096367683 5.0766777007 5.235023313 5.2758332165 5.3050532167 5.3216341256 5.3480944287 5.4798643191 5.484701484 5.4980521367 5.5040163642 5.6119101262 5.6245924753 5.7053615357 5.757925363 5.7793275087 6.0546470388 6.0777686868 6.0808933261 6.1076814709 6.147560863 6.1700716575 6.2053175031 6.2067232942 6.2820706246 6.4136996415 6.4614729405 6.4858213393 6.4928814453 6.5175133579 6.5243032118 6.6272203789 6.6486281211 6.6632381446 6.6950062946 6.7675211194 6.8219945516 6.84898252 6.9169318954 7.0531936967 7.0701104744 7.0937375079 7.1301216048 7.1449303382 7.1558396016 7.1861327682 7.3025994446 7.3740452559 7.5011844402 7.6183718262 7.6353525066 7.7249567258 7.736366042 7.7795074011 7.8197032748 7.8385130865 7.8386805521 7.9142983914 8.1510176481 8.2035238942 8.312786479 8.317744849 8.3901874031 8.5172466396 8.5397387602 8.5425695241 8.666863378 8.6926422859 8.7066632125 8.8020298511 8.8743835593 8.9230979595 9.1427409552 9.5861400149 11.2049023129 11.46564636 12.0100392583 15.4778974477 15.7014610504 15.8457446621 15.9101599757 16.0405000042 16.3206550888 23.9809894796 24.6588571056 24.7352039702
207 0.170382473 0.173304886 0.2713838666 3.5642989652 3.5999828977 3.612030474 3.7253755397 3.8191124156 4.0082820696 4.029100903 4.0556485357 4.1156581796 4.212262027 4.2542855917 4.4523596908 4.5661170341 4.6528627946 4.6681359629 4.7954837367 4.8130916231 5.0684505614 5.23086313 5.2591509139 5.3006144246 5.3200704248 5.3519848737 5.4859196007 5.492542348 5.5038014194 5.5044924146 5.6098671181 5.6264676517 5.7025866124 5.7580775003 5.7797059919 6.0559966159 6.0776894355 6.0777524554 6.1065386423 6.1462523843 6.1696353251 6.2022938296 6.2038965904 6.2750370989 6.4137594267 6.4600251739 6.4869902013 6.4926751117 6.4982168162 6.517961846 6.6337367823 6.6512430211 6.6840844182 6.7043389095 6.7669167217 6.8197726627 6.8510445796 6.914700683 7.050064618 7.0692706806 7.0818188509 7.1326669725 7.1470941354 7.1639895073 7.194012315 7.306322506 7.3758561382 7.4963251157 7.6195420709 7.6374473777 7.7233534114 7.7397771594 7.7814149486 7.8203239639 7.8390709099 7.840149103 7.914538062 8.1516009038 8.2019448539 8.3112028049 8.3166925754 8.390484614 8.5169117301 8.5400304187 8.5422945078 8.6666455284 8.6888859426 8.7094242636 8.8016046329 8.8738666619 8.9230189632 9.143662096 9.586112283 11.2028508783 11.4630278762 12.006912108 15.4778307623 15.7013120584 15.8453045394 15.9105111301 16.0380297639 16.3204074508 23.9813783185 24.6586950198 24.7341555459
208 0.227241234 0.231111907 0.361639028 3.5669706978 3.6036981428 3.6154828521 3.7292128458 3.8191059535 4.0081813156 4.0321557898 4.059834389 4.1166524713 4.213382641 4.2543023832 4.4431697833 4.5551101521 4.6652513161 4.6657702444 4.8084818307 4.8178027 5.0569901977 5.2254705668 5.2371796092 5.2953113797 5.3203203727 5.3569614429 5.4875941252 5.5034665053 5.50635728 5.5124614565 5.6070411989 5.6290042899 5.6988273715 5.7583160115 5.7805073585 6.0578209589 6.0731086593 6.0776797293 6.1049106963 6.1442696916 6.1691664684 6.1963974558 6.2022217037 6.2654379733 6.413760674 6.4587239027 6.4703383102 6.4885838293 6.492340352 6.5186356415 6.6417776372 6.6547846787 6.6984918146 6.7233450019 6.766063747 6.81697419 6.8536792441 6.9119092757 7.0456253172 7.0683289774 7.0690563991 7.1360092764 7.1502781406 7.1722059989 7.2042622044 7.311260426 7.3783551439 7.4900138088 7.6211588845 7.6400003774 7.7219069625 7.7437206663 7.7840703169 7.8212150165 7.8396300688 7.8422465503 7.9150189536 8.1524038945 8.1997379081 8.3089903736 8.3152213806 8.3909022319 8.5164458284 8.540429852 8.5419108033 8.6663394338 8.6848701784 8.7120722432 8.8010100736 8.8731450259 8.9229100832 9.1449565806 9.5860742876 11.1999846294 11.4593663993 12.0025399082 15.4777377508 15.7011043072 15.8446908249 15.9110007964 16.0345844805 16.3200620952 23.9819205596 24.6584689974 24.7326933098
209 0.2841546278 0.288951664 0.4517186065 3.5703979235 3.6084638865 3.6199131658 3.734138727 3.8191550106 4.0080280502 4.036073786 4.0649706516 4.1178918138 4.2147910561 4.2544054384 4.4328002047 4.5426966394 4.6629519721 4.6797153358 4.823328539 4.8236672905 5.042402126 5.2118341362 5.219115387 5.2896613624 5.3219067099 5.3627210269 5.4896928368 5.5029745537 5.5198543498 5.5212552492 5.603469308 5.6320383164 5.6942123426 5.7586606085 5.7820052918 6.0600580691 6.067067857 6.0774939453 6.1027640603 6.1415181823 6.1687969779 6.1892934727 6.2005530118 6.2535530907 6.4136355591 6.4415727586 6.4579444348 6.4905549465 6.4918391406 6.5195712302 6.6505852435 6.6591378532 6.7091239585 6.7482949828 6.7649661698 6.8137457583 6.8567897988 6.9088403772 7.0399452002 7.0559853347 7.0674396583 7.1399997596 7.1544988548 7.1807663877 7.2160277621 7.3172004595 7.3815046685 7.4826141595 7.623200901 7.6427636965 7.7206280331 7.7481496326 7.7874585056 7.8224011357 7.8403707364 7.8446057735 7.9158926706 8.153413647 8.1969069033 8.3061540667 8.3133332285 8.3914416964 8.5158518089 8.5409275566 8.5414197965 8.6659440106 8.6806319387 8.7145963925 8.8002468984 8.8722206426 8.9227729882 9.1466293108 9.5860268414 11.1963093377 11.4546663806 11.9969285003 15.4776187602 15.7008386299 15.843905964 15.9116270347 16.0301771561 16.3196203531 23.9826140797 24.658179932 24.7308227977
210 0.341135666 0.3468319085 0.5415802198 3.5745745971 3.6142718394 3.6253151238 3.7401473442 3.8192937784 4.0078065817 4.0408476778 4.0708806582 4.1193465735 4.2164565451 4.2546577025 4.4217442052 4.5294920255 4.6598110115 4.6957431725 4.8305754171 4.8392610581 5.0248608518 5.1844625252 5.2120244661 5.2840284358 5.3244611702 5.3690008363 5.4921727612 5.5022732352 5.530226848 5.5321774932 5.5992029762 5.6352697518 5.6889128798 5.7591281499 5.7845348013 6.0594806777 6.0626326086 6.0771120563 6.1000465217 6.1379661107 6.1686827463 6.1812552579 6.1991406502 6.2397517958 6.412312897 6.4133138002 6.4579208852 6.4911326703 6.4928386643 6.5208037454 6.6594395685 6.6641563313 6.719825356 6.7636455447 6.7747845447 6.810200557 6.8603143663 6.905797316 7.0331996776 7.04287837 7.0667333611 7.1445052292 7.1596880412 7.1900046689 7.2286593761 7.3239301269 7.3852527384 7.4744893714 7.6256409061 7.645528976 7.7195050504 7.7530254575 7.7915605029 7.8239178662 7.8413092947 7.8469712225 7.9173534865 8.1546142886 8.1934569709 8.3027003963 8.3110306109 8.3921047502 8.5151332348 8.5408233629 8.541510383 8.6654578978 8.6761942475 8.7170082061 8.7993160108 8.8710960325 8.9226097598 9.1486866061 9.5859709666 11.1918324412 11.4489336167 11.9900854396 15.4774742346 15.700516092 15.8429530834 15.912387365 16.0248244346 16.3190839274 23.9834561622 24.6578289662 24.7285510958
211 0.3981969097 0.4047600939 0.6311824512 3.579493153 3.6211118186 3.631681093 3.7472315719 3.8195564321 4.0074998941 4.0464687282 4.0773559087 4.1209801142 4.2183343511 4.2551368365 4.4103658371 4.5159721254 4.6564804751 4.7129397581 4.8384145254 4.855536177 5.0046082313 5.1560621273 5.204377542 5.2786115922 5.3277814571 5.3755874871 5.4949797628 5.5012910615 5.5387981197 5.5429064661 5.5943117134 5.6382553872 5.6831504786 5.7597260226 5.7884438485 6.0502758045 6.0654594542 6.0764163911 6.0966786126 6.1337038835 6.1689942386 6.1725324382 6.1981723823 6.2244757807 6.382780412 6.4127298307 6.458755384 6.4901861785 6.4953525853 6.522361542 6.6676897684 6.6696583699 6.7313386142 6.7621554745 6.8016960506 6.8064302109 6.8642063009 6.9030654406 7.0256597687 7.0299147233 7.0663052159 7.1494139071 7.165713583 7.2000950639 7.2417664928 7.3312541113 7.3895261546 7.4659953636 7.6284460724 7.6481410343 7.7185240781 7.7582953509 7.7963534769 7.8258143672 7.8424657832 7.8490522562 7.9196192316 8.1559875859 8.189394652 8.2986376708 8.3083165275 8.3928933716 8.5142942679 8.5401239328 8.5421607481 8.6648794839 8.6715805878 8.7193277713 8.7982184716 8.8697742177 8.9224228464 9.1511362114 9.5859078783 11.1865630572 11.4421753046 11.9820200288 15.4773047137 15.7001379867 15.8418359784 15.9132787778 16.0185465481 16.3184548855 23.9844435081 24.6574174874 24.7258868175
212 0.4553503936 0.462743323 0.7204850183 3.585144387 3.6289717051 3.6390021292 3.7553830065 3.81997481 4.0070907098 4.0529267228 4.0841605291 4.1227485364 4.2203614079 4.2559333913 4.398932195 4.5025125544 4.6530938212 4.7309821427 4.8470698472 4.8712763814 4.9819463825 5.1276098437 5.1963166479 5.273473945 5.3317529838 5.3823130376 5.4980488443 5.4999324662 5.5464411874 5.5519337899 5.5888872647 5.6404782468 5.6772065163 5.7604439596 5.7940069179 6.0394174125 6.0684486258 6.0752486429 6.0925416628 6.1289793221 6.1633114678 6.1699052672 6.1977446581 6.2082257827 6.3531433681 6.4118277446 6.4604559018 6.4889717974 6.49799899 6.5242630052 6.6747712455 6.6754151586 6.7437066445 6.7606021457 6.8025115684 6.8286982949 6.8684189754 6.9008591492 7.0172417598 7.0176807479 7.0662099906 7.1546343707 7.1724115093 7.2110854835 7.2551293729 7.3390025842 7.3942135186 7.4574981477 7.631578295 7.6504964615 7.7176737979 7.7638845026 7.8018109953 7.8281563378 7.8438638215 7.8505657959 7.9228912671 8.1575135445 8.1847280392 8.2939761883 8.305194464 8.3938097062 8.5133395677 8.5393245675 8.5428555739 8.664206942 8.6668195454 8.7215800915 8.7969554761 8.868258692 8.9222150102 9.1539873006 9.5858389656 11.1805119992 11.4344001101 11.9727433611 15.4771108318 15.6997058295 15.8405590976 15.9142977467 16.0113672495 16.317735652 23.9855722485 24.6569471221 24.7228400744
213 0.5126075498 0.5207882955 0.8094489246 3.5915173023 3.6378373815 3.6472680109 3.7645919767 3.8205767885 4.0065625502 4.0602100232 4.0910380745 4.1246003923 4.2224515441 4.2571460601 4.3876437424 4.489426659 4.6497844849 4.7495591296 4.8564213408 4.8851987379 4.9572450754 5.1004213088 5.1879598129 5.2685842005 5.3363012516 5.3890471904 5.4980724359 5.5013054949 5.5526543484 5.5593454267 5.5830481332 5.6414876526 5.6714295489 5.7612445787 5.8013210984 6.0269220822 6.0715118008 6.0734184149 6.0874644446 6.1241851509 6.1536782263 6.171580037 6.1915609429 6.1978684877 6.3235718619 6.4105638727 6.4629742657 6.4874689492 6.5006689444 6.5265160512 6.680228815 6.6811303269 6.7568288866 6.7591721518 6.7985083379 6.8556556999 6.8728945696 6.8992484968 7.0050038569 7.0097089812 7.0664605065 7.1600921548 7.1796116176 7.2229507829 7.26862462 7.347033599 7.3991217244 7.4494236148 7.6349946584 7.6525352921 7.7169463308 7.7696932299 7.8079032642 7.8310280515 7.8455304318 7.8512916972 7.9273023263 8.1591710471 8.1794669311 8.2887284529 8.3016683731 8.3948560006 8.5122741849 8.5384290413 8.5435649063 8.6619473506 8.6634382733 8.7237938024 8.7955283279 8.8665533878 8.9219892673 9.1572504724 9.5857657703 11.1736917956 11.4256182493 11.9622683712 15.4768933151 15.6992213522 15.8391275247 15.9154402431 16.0033137349 16.3169289988 23.9868379587 24.6564197295 24.7194224427
214 0.5699791341 0.5789012563 0.8980365913 3.5985989122 3.6476926411 3.6564672757 3.7748475564 3.821385329 4.0059007171 4.0683056253 4.0977222827 4.1264764271 4.2244906873 4.2588725185 4.3766572339 4.4769950392 4.6466867373 4.768263831 4.866338101 4.8951690225 4.9310076007 5.0766350982 5.1794151584 5.2638540305 5.3413686295 5.395689438 5.4955524597 5.5046682748 5.5569552557 5.5652990576 5.5769425667 5.6410394822 5.6662262457 5.7620533869 5.8102336353 6.0128662159 6.0707501011 6.0745699399 6.0812182614 6.1197866087 6.1435841856 6.1741592082 6.1751050766 6.1984980072 6.2942797119 6.408907484 6.466233157 6.4856628763 6.5032477247 6.5291196639 6.6837486586 6.6864136111 6.7581640621 6.7705747651 6.7944697533 6.877553529 6.8825003721 6.8980711916 6.9933614935 7.00230927 7.0670277221 7.1657265364 7.1871520315 7.2356249331 7.282183512 7.3552321966 7.4038606128 7.4423798698 7.6386480693 7.6542308981 7.7163366094 7.7755984703 7.8145973801 7.8345313972 7.847495719 7.8511135835 7.9328789941 8.1609385151 8.1736229986 8.2829094133 8.2977426592 8.3960345418 8.5111034532 8.5374419293 8.5442501861 8.657009976 8.6625713612 8.7260006442 8.7939384121 8.8646626441 8.9217488236 9.1609377348 9.5856899641 11.1661167133 11.4158415835 11.9506098961 15.4766529795 15.6986864955 15.8375469574 15.9167017533 15.9944165529 16.3160380346 23.9882356758 24.6558373939 24.7156469247
215 0.6274751562 0.6370879468 0.9862119693 3.6063739887 3.658519059 3.6665872571 3.7861375813 3.8224180814 4.0050931337 4.0771992244 4.1039530585 4.1283094498 4.2263331477 4.2611948625 4.3661016448 4.4654861969 4.6439366964 4.7862890771 4.8766707077 4.8978369887 4.9041477201 5.0595939718 5.1707946444 5.2591654661 5.3469026086 5.4021620118 5.4921815986 5.5080525553 5.5589179354 5.5699173939 5.5707461629 5.639164923 5.6620118657 5.7627497494 5.8203370484 5.9973817425 6.0671828493 6.0735486959 6.0775604519 6.1161936867 6.1328123454 6.1595319735 6.1777468518 6.1995613185 6.2655714687 6.4068403741 6.4701414523 6.4835423934 6.5056208163 6.5320662996 6.6851858766 6.6907695127 6.7580027967 6.7848144454 6.7904280432 6.8822809314 6.8968641493 6.9091937388 6.9825098636 6.9961904371 7.0678423324 7.1714885981 7.1948850862 7.2490169942 7.295770992 7.3635080823 7.4075767644 7.4374283577 7.6424880911 7.6555806424 7.7158412256 7.7814618623 7.8218575846 7.8387787438 7.8497923576 7.8500214114 7.9395421218 8.1627945846 8.1672099655 8.2765367221 8.2934221698 8.3973476033 8.5098328837 8.5363686963 8.5448622073 8.6520652152 8.6616040344 8.7282352223 8.7921871685 8.8625911735 8.9214970076 9.1650624738 9.5856133245 11.1578027828 11.4050837289 11.9377847464 15.4763907283 15.6981034008 15.8358236848 15.9180772973 15.9847095029 16.3150661931 23.9897599171 24.6552024171 24.7115279045
216 0.6851048142 0.695353557 1.0739406262 3.6148247393 3.6702958051 3.677614122 3.7984486676 3.8236873888 4.0041309992 4.0868752835 4.1094973449 4.1300245041 4.2278009244 4.2641604035 4.3560887049 4.4551684192 4.6416726714 4.8011702239 4.8792309204 4.8872415183 4.8897615592 5.0527270485 5.16222802 5.2543885453 5.352848983 5.4084034482 5.4877485228 5.5113750098 5.5582668931 5.5646481917 5.5732038265 5.6361666629 5.6591067881 5.7631613702 5.8310135371 5.9806432016 6.0628775041 6.0642923418 6.0804414964 6.1136333985 6.120936828 6.1454817925 6.1824010214 6.2009821696 6.2379021459 6.4043560369 6.4746009636 6.4810977688 6.5076798416 6.5353441746 6.6845691549 6.693654435 6.7591834863 6.7863959315 6.79942839 6.8869058901 6.8948932695 6.9357119348 6.9727024089 6.9921646525 7.0687984518 7.177340864 7.2026782871 7.2630179981 7.3093755714 7.371792915 7.4088679262 7.4361707868 7.6464620107 7.656598284 7.7154571506 7.7871467575 7.8296455152 7.8438768781 7.8480805243 7.8524548372 7.9471401411 8.1602438077 8.1647187909 8.2696310203 8.2887121976 8.3987973983 8.508468065 8.5352157848 8.5453389427 8.6471847216 8.6605341401 8.7305348912 8.7902760653 8.8603440331 8.9212372016 9.169639401 9.585537711 11.1487678279 11.3933601806 11.9238117877 15.476107549 15.6974744018 15.8339645612 15.9195614491 15.9742295218 16.3140172196 23.9914047011 24.6545173083 24.7070810999
217 0.742876434 0.7537026817 1.1611898091 3.6239303911 3.6829993792 3.6895329055 3.8117662347 3.8252005441 4.0030092364 4.0973171056 4.1141716358 4.1315395998 4.2286889809 4.2677615611 4.3467193565 4.4463117436 4.6400341965 4.8040507444 4.8652010133 4.8705274188 4.897832668 5.0564368224 5.153877846 5.2493917978 5.3591469189 5.4143624051 5.482049237 5.5145581942 5.5549833246 5.5588218565 5.5749765473 5.6325918699 5.6576230144 5.7630660038 5.8414747306 5.9628522671 6.0535944679 6.0582320156 6.0831913993 6.1072896684 6.1121181635 6.1333941393 6.1881302584 6.2026916919 6.2119315858 6.4014588946 6.4783191879 6.4795077313 6.5093279827 6.5389389097 6.682074553 6.6946496139 6.7620978792 6.782365155 6.8143099701 6.8911722909 6.8913732663 6.9620392457 6.9642811712 6.9909530447 7.0697602345 7.1832582663 7.2104131575 7.2775029796 7.3230049135 7.3800376604 7.4073730809 7.4391560075 7.650516155 7.65730832 7.7151805366 7.7925425382 7.8379204428 7.8453923083 7.8499034415 7.8555184254 7.9554900811 8.1527429796 8.1666922634 8.2622162535 8.2836184956 8.4003860374 8.507014572 8.5339906991 8.5456037078 8.6424555992 8.6593596253 8.7329396922 8.7882065749 8.8579265978 8.9209727736 9.1746844747 9.5854650409 11.139031498 11.3806884523 11.9087120346 15.4758045103 15.6968020146 15.8319769785 15.9211483592 15.963016559 16.3128951572 23.9931635708 24.6537847749 24.7023235082
218 0.8007974129 0.8121392777 1.2479284787 3.6336666517 3.6966032301 3.702327545 3.8260745302 3.8269601743 4.0017267415 4.1085069089 4.1178601056 4.1327673498 4.2287798359 4.2719214089 4.3380869109 4.4391778376 4.6391592039 4.7855733004 4.8429822953 4.8714861784 4.9081718376 5.0678641037 5.1459559992 5.2440483418 5.3657243597 5.4199914539 5.4749266376 5.5175344766 5.5493258288 5.5533822986 5.574845418 5.6291922046 5.6574371711 5.7622048099 5.8507610367 5.9442249451 6.0421140213 6.0537811085 6.0858029468 6.0910177577 6.111527017 6.1233689634 6.1884858028 6.1948964452 6.2046337775 6.3981638315 6.4751958811 6.4847500396 6.5104846482 6.542834367 6.6779783063 6.6936566708 6.766836987 6.7783069379 6.8293654598 6.885822124 6.8947132331 6.9577012677 6.9881647998 6.9928808935 7.0705722802 7.1892296827 7.2179836265 7.2923306241 7.3366842625 7.3882101064 7.4046700529 7.4449747087 7.6545974487 7.6577420974 7.7150057252 7.7975874318 7.8420655915 7.8466394899 7.8568845589 7.8590178249 7.9644072154 8.1447286828 8.1686984307 8.254320033 8.2781473092 8.4021154903 8.5054778865 8.5327020829 8.5455646062 8.6379806383 8.6580786272 8.7354923013 8.785980154 8.8553445377 8.9207070107 9.1802147874 9.5853972674 11.128615302 11.3670882328 11.8925087576 15.4754827584 15.6960889273 15.8298688363 15.9228317786 15.9511134401 16.3117043312 23.9950296178 24.6530077115 24.6972733479
219 0.8588741695 0.8706666253 1.3341273137 3.6440050036 3.7110772068 3.715980909 3.8289646584 3.8413566579 4.0002864687 4.1204259024 4.1205221467 4.133617902 4.2278692078 4.2764915436 4.3302772354 4.4339966153 4.6391788909 4.7558286036 4.8102035404 4.8880498465 4.9179173458 5.0839235161 5.138740418 5.2382397301 5.3724927449 5.4252406616 5.4663047288 5.5202487549 5.5417315139 5.5483494878 5.572329408 5.626778484 5.6582833679 5.7603108097 5.8577200597 5.9249838553 6.031032548 6.050062458 6.0713771395 6.0882744672 6.1117107927 6.1152121785 6.1682758936 6.202622089 6.2067675954 6.3944961271 6.4717158194 6.4902043739 6.5110892808 6.547012655 6.6726078241 6.6909100456 6.7731762934 6.774175309 6.8445130153 6.878255587 6.8970868114 6.9534913653 6.9977366418 7.0140807455 7.0710742641 7.1952587655 7.225294791 7.3073424781 7.3504556555 7.3962924618 7.4022061739 7.4523170607 7.6579354045 7.6586551683 7.7149245537 7.8022777662 7.8382026091 7.8557578191 7.8629855287 7.8647856509 7.973719681 8.1362251971 8.170723736 8.2459740616 8.2723054316 8.4039875471 8.503863329 8.5313597875 8.545116805 8.6338756759 8.6566895677 8.7382379542 8.7835982267 8.8526038015 8.9204430571 9.1862484145 9.5853363585 11.1175426467 11.3525815602 11.8752276045 15.4751435134 15.6953379889 15.8276485096 15.9246050838 15.9385657201 16.3104493329 23.9969955096 24.6521891883 24.6919499956
220 0.9171120975 0.9292872917 1.4197586835 3.6549117727 3.7263867583 3.7304748226 3.8312085192 3.8575946074 3.9986954145 4.1221867592 4.1330543631 4.134003464 4.2257995868 4.2812650653 4.3233660846 4.4309325925 4.6402100418 4.7221117928 4.7741668355 4.9076352427 4.9266479563 5.1026377535 5.1325869 5.2318589657 5.3793401017 5.4300507921 5.4561973791 5.5226598032 5.5326802302 5.5436361534 5.5671710236 5.6259033279 5.6598828472 5.7571519898 5.8610664456 5.9053554551 6.0218104736 6.0475155783 6.0481837984 6.0906006258 6.1086301915 6.1125533674 6.1514555475 6.2090694868 6.2111988461 6.3904918252 6.4678658503 6.4957299553 6.5111043107 6.5514532352 6.6663053813 6.6868064168 6.7699138083 6.7807440305 6.8596813135 6.8690538939 6.8979749472 6.9520481732 7.0049474174 7.0397811732 7.0711192607 7.2013625453 7.2322624155 7.3223640619 7.3643755556 7.4006872606 7.4042789013 7.4605698834 7.6579272584 7.6626428019 7.7149260193 7.8066588853 7.8338951915 7.8652287867 7.8674499091 7.8735201638 7.9832726156 8.1272603059 8.1727583563 8.237214656 8.2661002861 8.4060037769 8.502176005 8.5299749278 8.5441495426 8.6302622106 8.6551912544 8.7412243128 8.7810621745 8.8497106047 8.9201838565 9.1928042148 9.5852842797 11.1058388746 11.3371930146 11.8568967369 15.4747880649 15.6945521976 15.8253248151 15.9254215254 15.9264613036 16.3091350023 23.999053517 24.6513324392 24.6863739183
221 0.9755155254 0.988003097 1.5047965877 3.6663468818 3.7424917525 3.7457900863 3.8336827507 3.8747692853 3.9969645907 4.1229366737 4.1338444137 4.1463717109 4.2224919092 4.2860015782 4.3174137475 4.4300496048 4.6423449522 4.6864395305 4.7359931754 4.9282495425 4.9338698311 5.1228960487 5.1279236577 5.2248135767 5.3861213623 5.4343459446 5.4446880857 5.5226082543 5.524740613 5.5390644684 5.5595729567 5.626635634 5.6620241731 5.7525818108 5.8596903149 5.8855706842 6.0157064667 6.0219202118 6.0464185632 6.0927653088 6.1034021288 6.1139895364 6.1375192809 6.2115354642 6.2204943891 6.3861986066 6.463632172 6.5011623513 6.5105173762 6.556130883 6.6594084231 6.6817461697 6.765465326 6.7891781233 6.8587119586 6.8748081507 6.8974778035 6.9533328374 7.0138554641 7.0652614387 7.0705937305 7.2075667402 7.2388132665 7.3372109587 7.3785078478 7.4004140565 7.4121729362 7.4694670712 7.6577596808 7.6665198737 7.7149963394 7.8108047634 7.8292261665 7.8724330983 7.8750040509 7.8829691493 7.9929270352 8.1178658671 8.1747969066 8.2280834086 8.2595400451 8.4081654804 8.5004207641 8.5285599236 8.5425590543 8.6272541218 8.6535829819 8.7445012341 8.7783733324 8.8466714252 8.9199321014 9.199901575 9.5852429801 11.0935313037 11.3209499315 11.8375469848 15.4744177682 15.6937346887 15.8229069753 15.9117313856 15.9283931471 16.3077664104 24.0011955451 24.6504408487 24.680566601
222 1.0340876804 1.0468150839 1.5892165612 3.6782621655 3.759344699 3.7619064879 3.8363750652 3.8928605465 3.9951091192 4.1228884668 4.1330764252 4.1603565831 4.2179623934 4.2904571183 4.3124574941 4.4312831951 4.6456396409 4.6495092316 4.6963536683 4.9390603897 4.9492057422 5.1252089906 5.1440609885 5.2170294107 5.3926443685 5.4318965567 5.4380255199 5.5118832907 5.5264785987 5.5343961137 5.5500677111 5.6287100399 5.6645824761 5.7465835395 5.8531909942 5.8658669302 5.9933592156 6.0131630307 6.0468528824 6.0947375981 6.0994576453 6.1160014812 6.1256815493 6.2141849638 6.2303558278 6.3816773409 6.459001087 6.5063071007 6.5093430632 6.5610119377 6.6522425172 6.6760744183 6.7607835889 6.798185117 6.8476924469 6.889839131 6.8961258903 6.9568486406 7.0238790434 7.0694356644 7.0905177147 7.2138979869 7.2448862118 7.3517025951 7.3929095082 7.4014824748 7.4199845654 7.4788800062 7.6574783622 7.6702535622 7.7151194066 7.8147975552 7.8242728285 7.8779487242 7.8850336238 7.8930004315 8.0025568059 8.1080786099 8.1768390905 8.2186280579 8.252633796 8.4104736341 8.4986021741 8.5271285238 8.5402659981 8.6249399598 8.651864634 8.748120393 8.775532993 8.8434930052 8.9196901899 9.2075600905 9.5852143829 11.0806492665 11.3038826366 11.81721202 15.4740340392 15.692888721 15.8204045818 15.8975480547 15.9303930322 16.3063488402 24.0034131635 24.6495179388 24.6745504705
223 1.0928306578 1.1057234892 1.6729955429 3.6905990605 3.7768880114 3.7788028062 3.8392700581 3.9118472238 3.9931486505 4.1221745111 4.1316573438 4.174986904 4.212317137 4.2944116807 4.3085026259 4.4344174845 4.6116724598 4.6501015624 4.6557320444 4.9417637218 4.9701498949 5.1248375539 5.165734023 5.2084559359 5.39864971 5.417950045 5.4409558141 5.5008135026 5.5278768498 5.529358664 5.5392630241 5.631806989 5.6675056134 5.7392943098 5.842144781 5.8464887167 5.963198645 6.0135272273 6.0486964842 6.0964706413 6.0968867565 6.1152450431 6.118606028 6.2170661266 6.2406088309 6.3770047034 6.4539600057 6.507624545 6.5109355803 6.5660477429 6.6451195073 6.6700859788 6.7558436454 6.8075379237 6.8363926646 6.8945512362 6.9047264975 6.9619611746 7.0345520759 7.0676469352 7.1155466777 7.2203748158 7.2504338943 7.3656828001 7.4038629558 7.4076098912 7.4277272627 7.4887345155 7.6571342576 7.6738199191 7.7152775964 7.8187135821 7.8191110042 7.8839995118 7.8952658554 7.9034808304 8.0120453919 8.097941295 8.1788902305 8.208903664 8.2453917682 8.4129288223 8.4967245081 8.5256958097 8.5372321148 8.6233661232 8.6500367832 8.7521347111 8.7725424193 8.8401823604 8.9194601916 9.2157991706 9.5852003827 11.0672241472 11.2860247053 11.7959285511 15.4736383498 15.6920176644 15.8178275562 15.8829263235 15.9324531152 16.3048877674 24.0056976399 24.6485673546 24.6683488144
224 1.1517453939 1.1647277184 1.7561117084 3.7032853951 3.7950496735 3.7964568046 3.8423492991 3.9317071557 3.9911084497 4.120929835 4.1295720655 4.1902399506 4.2057285118 4.2976894245 4.3055127006 4.4390279487 4.5731785551 4.6146262873 4.6556782202 4.9417178114 4.9908173284 5.1270151385 5.1876317955 5.199074588 5.402966696 5.4037835028 5.4429626543 5.4896671993 5.5236625158 5.5277424111 5.5289574683 5.6356844538 5.6707912166 5.7310020658 5.827683343 5.8277594152 5.9319544859 6.015437502 6.0516493332 6.0959000367 6.0979026555 6.1057127675 6.1218334293 6.2202623924 6.2510518468 6.3722776055 6.4484986855 6.5054355815 6.5147877214 6.5711633063 6.6383320356 6.6640524847 6.7506484157 6.8170562327 6.8251620351 6.8932269701 6.9194281173 6.9681543794 7.0455099125 7.0652971675 7.140345277 7.2270000605 7.2554246874 7.3790396127 7.4074385051 7.4225911933 7.4354149671 7.4989744326 7.6567863268 7.6772045215 7.7154528389 7.8138191955 7.8226162176 7.8905746396 7.9056473282 7.9142809245 8.0212831174 8.0875044806 8.1809615702 8.1989742355 8.2378256444 8.4155311572 8.4947917464 8.5242781757 8.5334689548 8.6225281453 8.6481007849 8.7565975429 8.7694028667 8.8367467963 8.9192438227 9.2246375619 9.5852028489 11.0532894143 11.2674132461 11.7737365418 15.4732322224 15.6911249853 15.8151861101 15.8679228217 15.9345653217 16.3033888401 24.008039974 24.6475928505 24.6619856967
225 1.210831643 1.2238263222 1.8385442639 3.7162308672 3.8137361346 3.8148452136 3.8455913678 3.9524172087 3.9890218012 4.1192842366 4.126833804 4.1984054403 4.2060924116 4.3001695644 4.3033976787 4.4442434177 4.5342627929 4.573880529 4.6622476402 4.9389466414 5.0109429703 5.1316691361 5.1889137901 5.2095143389 5.387049166 5.4075689101 5.443828815 5.4786926785 5.5160932301 5.5170122247 5.5297669924 5.6401851616 5.6744656371 5.7221183451 5.8096846743 5.8113413752 5.9000024543 6.01747139 6.0552906222 6.0967193924 6.0967587029 6.0989592766 6.1256934341 6.2238991266 6.2614444221 6.3676207472 6.4426106956 6.5028833269 6.5175889392 6.5762379749 6.6321349289 6.6582566013 6.7452294684 6.8143299695 6.8265879163 6.8924213663 6.9339066142 6.9750780045 7.0564634927 7.0625190033 7.1649105556 7.2337568431 7.2598445718 7.391713519 7.4120304774 7.4377809473 7.4430593212 7.5095400956 7.6565058423 7.6804024279 7.7156278264 7.8084827162 7.8265534229 7.897646483 7.9161226368 7.9252744877 8.0301652709 8.0768293416 8.1830701919 8.1889150276 8.2299489849 8.4182801827 8.4928075928 8.5228932822 8.5290346077 8.6223741965 8.6460588655 8.7615615817 8.7661156163 8.8331939332 8.9190424305 9.2340927769 9.5852236382 11.0388806474 11.2480892129 11.7506794553 15.4728172252 15.6902142328 15.8124907048 15.8525958117 15.9367213775 16.3018578587 24.0104309324 24.6465982746 24.6554858694
226 1.2700879585 1.2830169758 1.9202732019 3.7293205838 3.8328201816 3.8339436991 3.8489718595 3.9739532921 3.9869350652 4.1173585065 4.1234810037 4.1905690908 4.2225204377 4.3017882758 4.3019933678 4.4476836082 4.4952042403 4.5358101534 4.6696104928 4.9337561788 5.0301992987 5.1384560062 5.1780798719 5.2311285315 5.3702841646 5.4094072682 5.443303568 5.4681353582 5.50495071 5.5091189436 5.5303815342 5.6452061981 5.6785679022 5.7131348145 5.7926694839 5.7940324935 5.8676650316 6.0185973485 6.0591590921 6.0881733115 6.0994005056 6.099556707 6.1301284328 6.2281468462 6.271488061 6.3631991857 6.436295093 6.5001122007 6.5190882008 6.5810743121 6.6267067651 6.6530332541 6.7396422447 6.8042290844 6.8359955233 6.8922466834 6.948128635 6.9825057466 7.0594970479 7.0671765815 7.1892395001 7.2406086877 7.2636985381 7.4036896752 7.4174200319 7.4506674325 7.4530610211 7.5203501237 7.656382914 7.6834173772 7.7157872017 7.8031978923 7.8305576757 7.9051658952 7.9266340106 7.9363346405 8.0385912446 8.0659924072 8.1788158339 8.1852383466 8.2217778136 8.4211747631 8.4907755041 8.5215599792 8.524020787 8.6228184741 8.6439142011 8.7626820182 8.767077473 8.829531738 8.9188569884 9.2441804218 9.5852646178 11.0240355548 11.2280977462 11.7268045275 15.4723949658 15.6892890242 15.8097520087 15.8370049743 15.93891284 16.3003007544 24.0128610851 24.6455875542 24.6488746809
227 1.3295116752 1.3422964589 2.0012790153 3.7424057164 3.8521192305 3.8524633928 3.8537268147 3.9849182961 3.9962903633 4.1152632719 4.1195703668 4.1824398234 4.2394996819 4.3010106942 4.3025334606 4.4413936828 4.4564051144 4.5083086271 4.6774821261 4.9266500711 5.0481073683 5.1468502375 5.1668288241 5.2521363248 5.3527445238 5.4087001302 5.4411348735 5.4582520219 5.4949487282 5.4997187176 5.5309061315 5.6506646975 5.6831386706 5.7045702414 5.7766383052 5.7767999013 5.8353532909 6.0183404412 6.0628379901 6.0798212741 6.0996053901 6.1036940485 6.1349682683 6.233214245 6.280799051 6.3592370873 6.4295583043 6.4973085915 6.5191138658 6.5853567829 6.6220979011 6.6488167804 6.7339577907 6.7952079046 6.8451477697 6.8927156678 6.9620642318 6.9902890087 7.0564537144 7.0774489071 7.2133289101 7.2475027838 7.2670111276 7.41498037 7.4233665651 7.4582403894 7.4682868904 7.5312817757 7.656535959 7.686260233 7.7159185743 7.7980764158 7.8346468795 7.9130542162 7.937120715 7.9473277425 8.0464648678 8.0550939828 8.1687857436 8.1874919658 8.2133314327 8.4242129562 8.4886987358 8.518536811 8.5202981943 8.6237579285 8.6416709853 8.7591035479 8.7731921546 8.8257685645 8.9186881004 9.254913413 9.5853277014 11.0087939784 11.2074885447 11.7021630714 15.471967086 15.6883530304 15.8069808553 15.821211186 15.9411311304 16.2987235682 24.0153208428 24.6421779806 24.6445646796
228 1.3890988941 1.4016606372 2.0815423694 3.7552898513 3.8560356619 3.8713544069 3.8741679351 3.9830880474 4.0194024182 4.1130992151 4.1151673401 4.1742362964 4.2570053269 4.299885812 4.3024349798 4.4148181885 4.4185699817 4.5019025555 4.6854816357 4.918237934 5.0638431808 5.1557482593 5.156241892 5.2719799583 5.3344919364 5.4052359074 5.4371323972 5.4493221514 5.4864734113 5.4885969331 5.5314620839 5.6564601509 5.6882132744 5.6969126121 5.7605196996 5.7610275722 5.8039555712 6.0166893377 6.066017537 6.0716142104 6.099014119 6.109078997 6.1399180032 6.2393216257 6.288881233 6.3560361281 6.4224162446 6.4947051248 6.5176229839 6.5886301869 6.6181948163 6.6461652501 6.7282537083 6.7876278905 6.8539156044 6.8937836639 6.9756863451 6.9983255878 7.0536343977 7.0871046727 7.2371752734 7.2543747474 7.2698257552 7.4256077476 7.42962287 7.4657726682 7.4833071807 7.5421485233 7.6571242567 7.6889467248 7.7160132264 7.7932498886 7.8388255662 7.9211881491 7.9475181343 7.9581051326 8.0442740316 8.0536960511 8.1589600054 8.1898581605 8.2046335736 8.4273918699 8.4865804017 8.5126962302 8.5191287815 8.6250865237 8.639334486 8.7553818749 8.7799469847 8.8219132022 8.9185360149 9.266301077 9.5854149017 10.9931978826 11.1863162701 11.6768108163 15.4715352554 15.6874099607 15.8041881995 15.8052762898 15.9433675659 16.2971324288 24.0178004943 24.635422021 24.643533689
229 1.4488444675 1.4611044452 2.1610437268 3.7677089711 3.8596555784 3.8900698172 3.8952391646 3.9816573507 4.0432624632 4.1103355024 4.1109578124 4.1661861246 4.2750120954 4.2972928485 4.3015530223 4.3759594834 4.3832269874 4.5086193969 4.693115702 4.9091883989 5.0757816521 5.1462060407 5.1659890647 5.2895825167 5.3155795783 5.3998481246 5.4312566109 5.4416551996 5.4756138074 5.4793209915 5.5321620641 5.6624210426 5.6905635549 5.69381783 5.743376103 5.7460722714 5.7761603202 6.013869793 6.0634939398 6.0685135224 6.0976945368 6.1149276287 6.1446049793 6.2466493175 6.2951373096 6.3539582138 6.4148968208 6.4925813465 6.5147078911 6.5903902461 6.6147431594 6.6456704814 6.7226064788 6.7818393921 6.8621730533 6.8953765837 6.9889703713 7.0065409082 7.0512926973 7.0959854993 7.2607746423 7.2611534253 7.2722025028 7.4355924665 7.4359467167 7.4732524375 7.4979777877 7.5526774344 7.658361064 7.6914945793 7.7160664163 7.7888744898 7.8430861075 7.9293690249 7.957756379 7.9684922808 8.0337438964 8.0602037267 8.1495097254 8.1923616573 8.1957140467 8.430707505 8.4844235496 8.5066084211 8.5180733256 8.6267046183 8.6369110876 8.7515189449 8.7873757628 8.8179749331 8.9184006468 9.2783481276 9.5855284038 10.9772913233 11.1646409837 11.6508082844 15.4711011652 15.6864635484 15.7892628596 15.8013850745 15.9456133922 16.295533531 24.0202902455 24.628633357 24.642498652
230 1.5087419828 1.5206218672 2.2397629211 3.7793023192 3.8632875587 3.9074733554 3.9169112176 3.9810409242 4.067842461 4.1051257434 4.1089220711 4.1585486635 4.2897440073 4.2934942419 4.2999667555 4.333324629 4.3541696302 4.5200755914 4.699759718 4.9002282307 5.0809435288 5.1409026852 5.1754181028 5.2960543815 5.3027542825 5.3950731856 5.423710513 5.435590761 5.4607220963 5.472673244 5.5330836748 5.6682195832 5.6857973367 5.6999675163 5.7188488069 5.7344313404 5.7569233405 6.0101575241 6.0554222507 6.0702444592 6.0955659032 6.1206505214 6.148673757 6.2552717747 6.2990068123 6.3532904576 6.4070432409 6.4912549556 6.5105461422 6.5903558836 6.6114445252 6.6476848037 6.7170862176 6.7781360805 6.8698035779 6.8974085043 7.001893802 7.014877039 7.0496748737 7.1039471461 7.2677649127 7.2742141211 7.2841225031 7.442108764 7.4449485972 7.4806626498 7.5121702127 7.5624969798 7.6605174136 7.6939201639 7.7160772295 7.7851355193 7.847409826 7.9372579108 7.9677581738 7.9782750614 8.0238523201 8.0659198014 8.1406547773 8.1866111434 8.1950204016 8.4341545867 8.4822312525 8.5003746669 8.517153897 8.6285238191 8.6344083205 8.7475170779 8.7955027715 8.813963597 8.9182816075 9.291053519 9.5856706656 10.9611203933 11.1425286144 11.6242212062 15.4706665219 15.6855175352 15.7732339593 15.7985825477 15.9478598156 16.2939331128 24.0227802578 24.6218387434 24.6414636536
231 1.5687837433 1.5802059184 2.3176786721 3.7895712874 3.8668940115 3.9221819268 3.9391532631 3.9820130355 4.0931132434 4.0995657372 4.1070669682 4.1516514024 4.2717115973 4.2897312645 4.2977646062 4.3124255175 4.3373875002 4.5337337037 4.7046518081 4.8921540737 5.0769270231 5.1419508606 5.1837897173 5.2759589658 5.3079458008 5.3950386482 5.4150029243 5.431486545 5.4439693669 5.4655262324 5.5342562471 5.6732768194 5.6827466964 5.6881368493 5.7066662748 5.7267170643 5.7455704977 6.005792727 6.047374565 6.071190415 6.0925598361 6.125758493 6.1518774919 6.2651071929 6.3002528698 6.3539785808 6.3989192062 6.4910556327 6.5053201604 6.5886924943 6.6080886403 6.6520955983 6.7117539516 6.7767002784 6.8767124788 6.8997921703 7.0144359238 7.0232861841 7.0490022988 7.1108596279 7.2741355409 7.2759400966 7.3072136311 7.447896958 7.453682736 7.4879827211 7.525776009 7.5711591744 7.6638937728 7.6962348126 7.7160479825 7.7822512515 7.8517679516 7.9442429353 7.9774356404 7.9871845902 8.0152193255 8.0707934807 8.1326784693 8.1773751868 8.1978409443 8.4377263863 8.4800067157 8.4940871811 8.5163927508 8.630468714 8.6318348748 8.7433790818 8.8043409807 8.8098896658 8.9181782406 9.304409172 9.5858445548 10.9447331414 11.1200514534 11.59712098 15.4702330407 15.6845756567 15.7572528961 15.795791677 15.950098036 16.2923374338 24.0252606879 24.6150650292 24.6404327785
232 1.6289607432 1.6398486222 2.394768031 3.7978259813 3.8704360772 3.9322055213 3.9619327229 3.9855506047 4.0936516722 4.1054594364 4.1190443783 4.1459296782 4.2448942584 4.2465843041 4.2950367167 4.3317791057 4.3318624016 4.5487605197 4.706937635 4.8858024559 5.0656428801 5.147168934 5.1902590394 5.2553333224 5.3030036764 5.40225207 5.4059611491 5.4254834709 5.4296886498 5.4572360973 5.5356662154 5.6549360437 5.6768926707 5.6814182767 5.7139073482 5.7239931775 5.7383369842 6.0009627268 6.0393359401 6.071356227 6.0886245701 6.1298699826 6.1541165794 6.2759084952 6.2991185481 6.3555136062 6.3906186728 6.4922763578 6.4991479571 6.5858747153 6.6046547496 6.658459297 6.7066609727 6.7775646947 6.8828444107 6.9024448283 7.0265775692 7.0317267232 7.0494519145 7.1166103488 7.2774589033 7.280193972 7.3300419255 7.4531178863 7.4617953494 7.4951905616 7.5387090938 7.5782257774 7.6687312963 7.6984410844 7.7159832241 7.7804748209 7.8561223826 7.9492385009 7.9866853793 7.9948875302 8.0089382292 8.0747949962 8.125937028 8.1680738357 8.2008145664 8.4414145395 8.4777533993 8.4878296197 8.515811965 8.6292005998 8.6324768079 8.7391083854 8.8057643263 8.8138905322 8.918089663 9.3183985758 9.5860535343 10.9281794655 11.0972886677 11.5695851723 15.4698024389 15.6836416273 15.7413829715 15.7930234675 15.9523192793 16.2907527517 24.0277217267 24.608339052 24.6394100943
233 1.6892626344 1.6995409831 2.471005741 3.8031294669 3.8738746576 3.9361140153 3.9852150135 3.9913825217 4.0873513253 4.1041578254 4.1418520021 4.1456039754 4.2054701672 4.2162923876 4.2918695381 4.3315459229 4.3515275164 4.5647925299 4.7058133596 4.8819218098 5.0503212939 5.1531213888 5.1938752173 5.2342163593 5.2899958413 5.3976722149 5.4054470117 5.4139650143 5.4304830804 5.4484047136 5.5372737419 5.6207417259 5.678962713 5.6817277451 5.721674211 5.7264859028 5.7335999303 5.9958108399 6.0312985039 6.0707485869 6.0837281935 6.1327010538 6.1554187112 6.2872863796 6.2961043566 6.3572132019 6.3822872036 6.4920502212 6.4951098931 6.5823932138 6.6013356491 6.6662904714 6.7018496509 6.7806129391 6.888202399 6.9052911051 7.0383009108 7.0401607309 7.0511374247 7.121109526 7.2788390572 7.2858726853 7.352600214 7.4575959356 7.4692830984 7.5022647112 7.5509068381 7.5834110095 7.6750728407 7.7005293242 7.715888415 7.7800911823 7.8604262268 7.9507670277 7.995380977 8.0010002138 8.0064950824 8.0779177097 8.1208454897 8.158800028 8.2039151769 8.4452088654 8.4754751558 8.4816780963 8.5154330141 8.6265164888 8.6344975545 8.734709192 8.8015995711 8.8241375835 8.9180148089 9.3329952636 9.5863019162 10.9115109809 11.0743268174 11.5416980633 15.4693764289 15.6827191256 15.7256872282 15.7902888278 15.9545148294 16.2891853002 24.0301536389 24.6016875296 24.6383996362
234 1.7496776782 1.7592729527 2.5463634906 3.8042768487 3.877171743 3.9340643607 3.9966252199 4.0089632135 4.0806454008 4.10321083 4.1385350753 4.1701852376 4.1727584082 4.1901729727 4.2883421859 4.3333742689 4.3716424319 4.5816304959 4.7007529324 4.8809570907 5.0327404023 5.1579463837 5.1936906228 5.2126474225 5.2720687374 5.3840696638 5.3913115785 5.420295211 5.4340386529 5.445917193 5.5390298999 5.5860500059 5.6803890365 5.6835391718 5.7299415667 5.730706078 5.7331622567 5.9904504144 6.0232597927 6.069366006 6.0778604188 6.1340550259 6.1558908443 6.2916565259 6.2987157566 6.3585825533 6.3741747631 6.4839590878 6.4995964876 6.5786138512 6.5984812853 6.6751978912 6.6973551465 6.7856183216 6.8928622796 6.9082641018 7.0485523814 7.0495892916 7.0540965418 7.1242965629 7.2801302689 7.2911091526 7.3748800168 7.4611714735 7.4761414959 7.5091863518 7.5623301417 7.5866934294 7.6826666133 7.7024750337 7.7157683994 7.7814027732 7.8646241314 7.9481069495 8.003361826 8.0051565227 8.0086217057 8.0801779099 8.1178099778 8.1496836862 8.207099694 8.4490971924 8.4731763796 8.4757021381 8.5152762734 8.6237946479 8.6364909926 8.7301866581 8.7974082981 8.8350535421 8.9179524758 9.3481611625 9.5865952108 10.8947808752 11.0512603517 11.5135512317 15.4689567113 15.6818117798 15.7102281958 15.7875985271 15.9566760604 16.2876412658 24.0325468017 24.5951369529 24.6374053905
235 1.8101926787 1.8190333849 2.6208090291 3.7998906178 3.8802920039 3.9260917182 3.9975753342 4.0331376363 4.0736465978 4.1026559265 4.1245216354 4.1559684997 4.1688959667 4.2004719195 4.2845240609 4.3362273583 4.3920944886 4.5991457245 4.6916772478 4.8828889839 5.0137031343 5.1609211529 5.1890200456 5.1906678986 5.2511481815 5.3615652704 5.3878369321 5.4108351142 5.4403639091 5.4585802279 5.5408884947 5.5510659178 5.6822104432 5.686697152 5.7292873532 5.7386761751 5.7426548073 5.9849774723 6.0152216788 6.0671973139 6.071032704 6.1338149078 6.1556740166 6.2860563741 6.3094398116 6.3594347458 6.366779338 6.4747610858 6.5056128023 6.57477618 6.5964938085 6.684881039 6.6932075916 6.7922986915 6.8969766084 6.9113054663 7.0568668984 7.0582895267 7.0604270872 7.126145474 7.2813565568 7.2958469347 7.3968712556 7.4636995628 7.4823675685 7.5159409896 7.5729623428 7.58830318 7.6910156406 7.7042376751 7.7156258068 7.7846932248 7.8686524921 7.9422296963 8.0071413728 8.0104174246 8.0143593985 8.0816122814 8.1170943661 8.1409080298 8.2103109664 8.4530651987 8.4699653031 8.4708621688 8.5153604533 8.6210482515 8.6384262581 8.7255471018 8.7932044167 8.8465946702 8.9179013704 9.3638448053 9.5869406137 10.8780437687 11.0281920451 11.4852441747 15.468544968 15.6809231537 15.6950676354 15.7849631536 15.9587944691 16.2861267649 24.0348917441 24.5887134763 24.636431279
236 1.8707928857 1.8788099753 2.6943050983 3.7887223312 3.883204561 3.9105820269 3.9928648792 4.0576952767 4.0667491775 4.1025174098 4.1027614916 4.1537553506 4.1629282606 4.2287060624 4.2804732339 4.3396362279 4.412852978 4.6172449061 4.678914518 4.8872788139 4.9936115709 5.1618931588 5.1683230077 5.179732654 5.2282156369 5.3381365363 5.387668868 5.3950871041 5.4493010263 5.4763215037 5.5158973802 5.5428119115 5.6849546969 5.6910476404 5.7290827804 5.7478373307 5.7539985408 5.9794812139 6.0071897025 6.0632769078 6.0642248785 6.1319368796 6.1549133495 6.2794552117 6.3181157044 6.3598200032 6.3612287196 6.4643552392 6.5129082071 6.5710303963 6.5957188536 6.6894344476 6.6950887578 6.8003635611 6.9007658561 6.9143649269 7.0636103871 7.0650698588 7.0707995947 7.1266674336 7.2825132024 7.300036858 7.4185618883 7.4650508379 7.4879623159 7.5225196261 7.5828067596 7.5886101773 7.6995544303 7.7057615503 7.7154595471 7.7901607274 7.8724397599 7.9346526882 8.0070251616 8.0162686538 8.0222060124 8.0822737096 8.1186857133 8.1327290098 8.2134826146 8.4570962729 8.4645253372 8.4685384917 8.5157019642 8.6182914829 8.6402801193 8.7207982466 8.7890029601 8.8587020137 8.9178601539 9.3799793806 9.5873476931 10.8613556168 11.0052333131 11.4568849522 15.4681428555 15.6800567326 15.6802662845 15.7823930727 15.9608617059 16.2846478206 24.0371791845 24.5824428105 24.635481144
237 1.9314618566 1.9385891783 2.7668081183 3.7701031922 3.8854019025 3.8858847943 3.9851148076 4.0605486113 4.0825890932 4.0863081447 4.1028041633 4.1450284022 4.1775777609 4.2574189056 4.2762351492 4.3433630725 4.4338854468 4.6358545807 4.6629987472 4.893472806 4.972705378 5.1456639079 5.1610057978 5.1663267455 5.2037953383 5.3139668372 5.3769932621 5.3906052466 5.4605613923 5.4806149061 5.4950907639 5.5447727575 5.6887429691 5.6964487929 5.7298874054 5.7573768367 5.7666057135 5.9740534146 5.9991726973 6.0546430042 6.0604300095 6.1284427528 6.1537418541 6.2719388226 6.3223792805 6.3597267022 6.3599035231 6.4526996759 6.5211643305 6.5674696439 6.5963714308 6.6860628341 6.7055844138 6.8095429165 6.9044997184 6.9173995752 7.0699067399 7.0731267332 7.0806929449 7.1259092827 7.2835686304 7.3036383551 7.4399374449 7.4651159471 7.492932788 7.5289192677 7.5880123498 7.5918828388 7.7069792782 7.7078383873 7.7152635846 7.7978351191 7.8759072801 7.9264372474 8.0051792929 8.0205554674 8.0311171198 8.0822264556 8.1222778911 8.1254884446 8.2165447893 8.4594338419 8.4611714046 8.4662123573 8.5163142148 8.6155394611 8.6420356212 8.7159495103 8.7848202002 8.8713015935 8.9178274836 9.3964805711 9.5878293738 10.8447737075 10.9825043239 11.4285908374 15.4677519974 15.6658836038 15.6792159102 15.7798983866 15.9628696068 16.2832103397 24.0394000684 24.5763501146 24.6345587325
238 1.9921812565 1.9983560918 2.8382665352 3.7442290681 3.8506893859 3.8883160163 3.9778399073 4.0554285856 4.0746274453 4.1035073054 4.1077670686 4.1422384336 4.1968387373 4.2718412617 4.2865638913 4.3472658226 4.4551571696 4.6444788268 4.6549132202 4.9007932917 4.9511538167 5.1227502585 5.1497180233 5.1585474021 5.1781998021 5.2892171889 5.3574943455 5.396033847 5.4452738638 5.4737846098 5.5140035244 5.5467532185 5.6935219306 5.7027749853 5.7315334901 5.767238299 5.7800794672 5.9687982224 5.9911826458 6.0451966052 6.0557988702 6.123410768 6.152272967 6.2635757103 6.32080154 6.3598674836 6.3635973867 6.439827742 6.5300476406 6.5641512153 6.5985137583 6.6831216516 6.7161258859 6.8195992313 6.9084737229 6.9203730675 7.077001443 7.0810025966 7.0900940346 7.123948166 7.2844709235 7.3066210049 7.4609804286 7.4638140607 7.4972936044 7.5351426656 7.586872005 7.6002211731 7.7078181027 7.715026183 7.7156478603 7.8075283804 7.878971378 7.9181937164 8.0021492546 8.0228575515 8.0404986131 8.0815416888 8.1195943194 8.1273961985 8.2194298716 8.454735481 8.4638919799 8.4652691095 8.5172068493 8.6128081539 8.6436808886 8.7110123483 8.7806737631 8.8843048094 8.9178020515 9.413244083 9.5884033638 10.8283568411 10.9601337838 11.4004889488 15.4673739777 15.6519775261 15.6784039751 15.7774888953 15.964810224 16.2818200896 24.041545605 24.5704598904 24.633667682
239 2.0529305682 2.0580942933 2.9086186982 3.7120125762 3.8088909345 3.8904908332 3.972220448 4.0513080971 4.0656028541 4.104597821 4.1331709718 4.1446048494 4.2192318811 4.2673072721 4.3160881749 4.3512480066 4.4766304721 4.6238268525 4.674366541 4.9086275655 4.9290942758 5.0996534368 5.1309538887 5.1516396079 5.1548562609 5.2640263222 5.3370330611 5.4032278697 5.4099245568 5.4885952782 5.532705923 5.5487434273 5.699197448 5.7099169121 5.7338808766 5.7773554885 5.7940915098 5.9638440947 5.9832347371 6.035017128 6.0503277 6.11696575 6.1505980152 6.2544428277 6.3154043062 6.3598573229 6.3707649513 6.425835015 6.5392408991 6.5611093834 6.6020761936 6.6806432677 6.7264599459 6.8303287852 6.912984667 6.9232548363 7.0847101864 7.0886619674 7.0989904764 7.1208836857 7.2851574105 7.3089662815 7.461104148 7.4816695353 7.5010677761 7.5411972445 7.5854892691 7.6078579293 7.7082088222 7.7147298054 7.7229729504 7.8188648756 7.8815476947 7.9102797516 7.9984964009 8.0227882486 8.050004535 8.0802940208 8.1154279829 8.1335507982 8.2220774353 8.4504668154 8.4615869316 8.4693653986 8.5183849298 8.6101142769 8.6452081127 8.7060006674 8.7765827379 8.8976090232 8.9177826171 9.4301427084 9.5890942438 10.812165797 10.9382582462 11.3727168244 15.4670103339 15.6386042095 15.6776240987 15.7751740587 15.9666758572 16.2804826746 24.0436073023 24.5647958782 24.6328115058
240 2.1136866671 2.1177856049 2.9777900723 3.6746597322 3.7625068145 3.8924120636 3.9680095539 4.0478436816 4.0579696616 4.1060241721 4.1512843004 4.1587347125 4.2437924678 4.2626306725 4.3459301705 4.3552375167 4.4982638862 4.6014273244 4.6941641289 4.9066505264 4.9164306879 5.0764606813 5.1110471936 5.1242746844 5.1502643099 5.2385122985 5.3158922005 5.3746179467 5.4115309117 5.5046417216 5.5507395125 5.5509825731 5.7056909317 5.7177797331 5.7368103956 5.7876493609 5.8083112252 5.9593597404 5.9753476191 6.024197476 6.0440265362 6.109270855 6.1487867025 6.2446342089 6.3084728485 6.359964726 6.3789338643 6.4108532598 6.5484556498 6.5583629955 6.6068977595 6.6786643638 6.7363299988 6.8415578242 6.9183051816 6.9260193604 7.0928524776 7.0960687527 7.1073705639 7.1168294609 7.28556522 7.31066952 7.4569956091 7.5019786233 7.5042867529 7.5470932562 7.5840924341 7.6148293613 7.7080965714 7.7143518211 7.7299200203 7.8313741046 7.8835588106 7.902917934 7.9947015502 8.0201600548 8.0594141202 8.078559276 8.1131799736 8.1403248231 8.2244381397 8.4466549126 8.4593082738 8.473433797 8.5198480709 8.6074751787 8.6466127269 8.7009313274 8.7725677727 8.9110983181 8.9177680352 9.447022669 9.5899365371 10.7962642189 10.9170207641 11.345422885 15.4666625504 15.6258177958 15.6768793229 15.7729629597 15.9684590835 16.279203513 24.0455770014 24.559380955 24.6319935794
241 2.1744231897 2.1774097478 3.0456894979 3.633315372 3.7131875351 3.8940931744 3.9647787326 4.044727503 4.0511533583 4.1077096733 4.1614356223 4.1843821349 4.2577873991 4.2698916904 4.3591765643 4.3760158526 4.5200111577 4.5776044103 4.7142562407 4.8839428943 4.9236811129 5.0532805513 5.0909485841 5.0962407319 5.1450695437 5.2127746751 5.294270016 5.3394099346 5.4204156514 5.521614454 5.552741564 5.568662235 5.7129573366 5.7262803716 5.7402185789 5.7980230227 5.8223546032 5.9555750784 5.9675438586 6.0128462174 6.0369211003 6.1005239064 6.1468897636 6.2342600858 6.3010943985 6.3602318443 6.3870420236 6.3950266083 6.5559199351 6.5574341702 6.6127657408 6.6772252489 6.7454954696 6.8531370304 6.9246563592 6.9286455113 7.1012563022 7.1031862869 7.111905681 7.1152232502 7.2856409508 7.3117421316 7.4515539335 7.5069897167 7.5218753404 7.5528412867 7.5828367003 7.6211670363 7.7074520822 7.7138661128 7.736615644 7.8445831623 7.8849455402 7.8962487327 7.9911323963 8.0151055471 8.06857271 8.0764134237 8.1127306904 8.1473947775 8.2264764695 8.4433159403 8.4570686538 8.4774454198 8.5215895285 8.6049087096 8.6478927573 8.6958247541 8.7686511464 8.9177572769 8.9246444543 9.4636989086 9.590979174 10.7807200325 10.8965687118 11.3187667171 15.4663320513 15.6136701746 15.6761725488 15.7708642695 15.9701527872 16.2779878141 24.0474469094 24.5542370355 24.6312171272
242 2.2351095771 2.2369438259 3.1122040664 3.588910425 3.6619062927 3.895558315 3.9622256792 4.0417954276 4.0449128399 4.109549086 4.1742675397 4.2100240325 4.2527276283 4.2971143249 4.3630165074 4.406253067 4.5418202153 4.5526612009 4.7345896328 4.8610952838 4.9298104714 5.0302502617 5.0676655189 5.0716017604 5.1395269532 5.1868966752 5.2723094394 5.3043655845 5.4294770071 5.5392497056 5.5547515117 5.5855856408 5.7209858755 5.7353444748 5.7440131027 5.8083533789 5.8357385959 5.9528029801 5.9598506411 6.0010936308 6.0290530397 6.0909622507 6.14494319 6.2234428132 6.2937500435 6.3606637544 6.3784966007 6.3946601467 6.5537797286 6.5659486724 6.6194448638 6.6763665805 6.7537582385 6.8649360332 6.9311159822 6.9321796025 7.1062335092 7.1097581009 7.1099774591 7.1225381378 7.2853483186 7.3122141297 7.444898671 7.5092222308 7.5413192788 7.5584493141 7.5818101821 7.6268942118 7.7062815348 7.7132456011 7.7431513172 7.8580695104 7.885680508 7.8903528193 7.9880413644 8.0080252465 8.0739324237 8.0773638528 8.1137045028 8.1545180206 8.2281723442 8.440453997 8.4548823563 8.4813691136 8.5235952417 8.6024330746 8.6490483261 8.690705693 8.7648568031 8.9177494437 8.938108066 9.4799490486 9.5922917243 10.7656074466 10.8770506639 11.2929190804 15.4660201947 15.6022107566 15.675506526 15.768886214 15.9717501894 16.2768405547 24.0492096303 24.5493849772 24.63048521
243 2.2957095956 2.2963615328 3.1771919541 3.5421499429 3.6092440624 3.8968421595 3.9601641691 4.0389959643 4.0391512439 4.111403386 4.1890817084 4.2355540763 4.247371422 4.3251736979 4.3667150378 4.4365225922 4.5269212557 4.5636324319 4.7551003799 4.8382413378 4.9341225699 5.0075456661 5.0386831587 5.0540300763 5.1338493731 5.1609471117 5.2501146894 5.2695642207 5.4384066885 5.5567708101 5.5573244156 5.6015944604 5.7297918453 5.7449031805 5.7481086948 5.8184771982 5.8478512629 5.9514385336 5.9523007585 5.9891038927 6.0204791371 6.0808823768 6.1429733488 6.2123134624 6.2866872006 6.3612415531 6.3613959434 6.4016107612 6.5519350861 6.5738029699 6.6266952289 6.6761222381 6.7609875579 6.876838628 6.9334167925 6.9409131319 7.0999315004 7.1164049261 7.1181998838 7.1293054786 7.2846733539 7.3121370368 7.4371944817 7.5110344294 7.5602594754 7.5639195562 7.5810462074 7.6320235927 7.704632932 7.712465606 7.7495668954 7.8714763395 7.8852613862 7.8857800909 7.9855726019 7.999418917 8.0711926875 8.0856955808 8.1156409635 8.1615126242 8.2295216471 8.4380604431 8.4527652942 8.4851716737 8.525842817 8.6000666665 8.6500812741 8.6856041335 8.7612103312 8.9177437757 8.95134016 9.4955063424 9.5939721715 10.7510094341 10.858612367 11.2680615278 15.4657282658 15.5914862542 15.6748838422 15.7670365424 15.9732448763 16.2757664567 24.0508581948 24.544844489 24.6298007125
244 2.3556318931 2.3561789822 3.2404722098 3.4935557756 3.5555705318 3.8979898673 3.9584797412 4.0338340495 4.0363345333 4.1130909463 4.2052836515 4.241606623 4.2608432228 4.3538575704 4.3702346269 4.4666638257 4.5007699316 4.585383008 4.7756986349 4.8155310238 4.9357637993 4.9853948675 5.0094544576 5.0393748432 5.1282125075 5.1349820355 5.2277625969 5.2351063184 5.4469692023 5.5587978325 5.5756472068 5.6165318941 5.7394017802 5.7524233068 5.7548895916 5.828167639 5.8579914904 5.944933947 5.9518671792 5.9770973771 6.0112703182 6.070685983 6.141002228 6.2010107452 6.2800536223 6.3438484684 6.3619329267 6.4078262808 6.5503728841 6.580839141 6.634281765 6.6765076435 6.7671334877 6.8887388061 6.9355368603 6.9507807286 7.0931137865 7.1224314117 7.1264250384 7.1355161816 7.2836271976 7.311587154 7.4286389204 7.5124789542 7.5692453412 7.5786310131 7.5805388261 7.6365566156 7.7025972812 7.7115078693 7.755854491 7.8809634689 7.8845082454 7.8853093154 7.9837734916 7.9897532524 8.0682718584 8.093493223 8.1181304 8.1682397447 8.2305357257 8.4361139509 8.4507349233 8.4888181473 8.5283004405 8.5978278779 8.6509948683 8.6805564373 8.7577388655 8.917739653 8.9641839811 9.5100543405 9.5961536344 10.7370203548 10.8413920807 11.244385499 15.4654574714 15.5815404733 15.6743069138 15.7653224977 15.9746308271 16.2747699644 24.0523860875 24.5406340444 24.6291663324
245 2.4147171936 2.4164615665 3.3018099552 3.4435173268 3.5011444545 3.8990575291 3.9570989875 4.0289546627 4.0338370607 4.1143724794 4.2223645454 4.2352952294 4.2857320083 4.3735417087 4.3829934522 4.474693185 4.4964516092 4.6070043312 4.7931385764 4.7962298813 4.9339337385 4.964096414 4.9802106613 5.0286912878 5.1090463601 5.1227609723 5.2011233113 5.2053109382 5.4549844997 5.5608249931 5.5940475657 5.6302517118 5.7498323656 5.7568743745 5.7652346522 5.8370950848 5.8655643863 5.9377986422 5.9541726742 5.965389375 6.001511351 6.0609736826 6.1390520813 6.189682612 6.273945836 6.3259731364 6.3626995969 6.4132936161 6.5490749431 6.5869485512 6.6419784043 6.6775047932 6.772223131 6.9005373964 6.9374676266 6.9615968001 7.0858897033 7.1280200904 7.1342742301 7.1411618274 7.2822467509 7.3106688735 7.4194511183 7.513608841 7.5744081908 7.5802578057 7.5963503993 7.6404845728 7.7003036818 7.7103649537 7.761968874 7.8774140945 7.8843760495 7.8969207857 7.9794188011 7.9826123783 8.065249633 8.1006953318 8.1208613539 8.1745906665 8.2312399458 8.4345814045 8.4488100658 8.4922722394 8.5309257044 8.5957348907 8.6517935596 8.675606689 8.754470889 8.9177365907 8.9764773098 9.5232323989 9.5990010311 10.7237481043 10.8255158469 11.2220907401 15.4652089337 15.5724141167 15.6737779771 15.7637507888 15.975902441 16.273855223 24.0537872726 24.5367707996 24.6285845698
246 2.4735694181 2.4764826182 3.3608946614 3.3923352033 3.4461717051 3.9001134056 3.9559716833 4.0245196795 4.0315328924 4.1149266633 4.2283017057 4.2398694052 4.3100199609 4.3766063259 4.4124238333 4.4493061332 4.5255590319 4.6284359497 4.7712726125 4.816354222 4.9284701582 4.9440421229 4.9513807271 5.022367526 5.0831763579 5.117613899 5.1677917681 5.1828048814 5.4623168704 5.562835836 5.6123636091 5.642632024 5.7610648419 5.761375025 5.7758618303 5.8447668827 5.8703964461 5.9309541985 5.9544511585 5.9576580077 5.9913021922 6.0527080802 6.1371489004 6.178490322 6.2684284313 6.3078911931 6.3635021175 6.4180291811 6.5480188418 6.5920828031 6.649569491 6.6790485242 6.7763420094 6.9121388646 6.9392027189 6.9730844122 7.0783647397 7.1331350504 7.1415830546 7.1462346886 7.2805934625 7.3095170225 7.4098640853 7.5144755256 7.5793752582 7.5801606453 7.6133093366 7.6437923362 7.6979082384 7.7090446396 7.7678379405 7.8745440159 7.8831156511 7.9085102622 7.9687420415 7.9820021472 8.0622083606 8.1072511459 8.1236143469 8.1804779521 8.2316714328 8.4334196508 8.4470106283 8.4954968354 8.5336643604 8.5938054398 8.6524827576 8.6708082524 8.7514359092 8.9177342297 8.9880552402 9.5346723213 9.6026775189 10.7113149898 10.8110934559 11.2013828943 15.4649836855 15.5641445993 15.6732990802 15.7623275648 15.9770545626 16.273026057 24.0550562179 24.5332705178 24.6280577171
247 2.5321237614 2.5361368465 3.3402569734 3.3908453839 3.4173080986 3.901239929 3.9550606909 4.0205423455 4.0294484248 4.114316713 4.220565488 4.2573620912 4.3334512509 4.379402056 4.4253529089 4.4419839588 4.5535010087 4.6496465355 4.7501891089 4.8350549824 4.9202455235 4.9240931179 4.9257410503 5.0197303085 5.05740561 5.1128695797 5.1353536199 5.1602823921 5.4688681235 5.5648026126 5.6304273161 5.6535875158 5.7658301831 5.7730187098 5.7866795021 5.8504619025 5.8728739009 5.9244735409 5.944978785 5.9605512394 5.9807622441 6.0473702968 6.1353243493 6.167614602 6.2635429423 6.2897371088 6.3643027585 6.422065728 6.5471789133 6.5962576542 6.656850164 6.6810208532 6.779608898 6.9234474246 6.9407376382 6.9848974569 7.0706431749 7.1377418255 7.148183853 7.1507277528 7.2787504758 7.3082959403 7.4001216355 7.5151270986 7.5802009077 7.5840972536 7.6293665125 7.6464659565 7.6955771209 7.70757384 7.7733714178 7.8722700978 7.8816716538 7.9191056926 7.958015135 7.9818254049 8.059233153 8.1131188447 8.1262398327 8.1858296298 8.2318761932 8.4325779852 8.4453572034 8.4984546561 8.5364490856 8.5920565531 8.6530685977 8.666225433 8.7486639838 8.9177323224 8.9987534592 9.5440884265 9.6072585208 10.6998565666 10.7982158695 11.1824701335 15.4647826651 15.5567658777 15.6728720757 15.7610583918 15.9780825064 16.2722859503 24.0561879156 24.5301474986 24.6275878503
248 2.5902859959 2.5952654006 3.2875101764 3.3353847532 3.4704775128 3.9025352824 3.9543362779 4.0170394649 4.0276054415 4.1119664161 4.2122343527 4.2743912469 4.355695925 4.3819060125 4.4036488166 4.4714746372 4.5795632121 4.6706691093 4.7302074848 4.8480101612 4.9028227041 4.9098312452 4.9106986891 5.0195147064 5.0317811642 5.104143923 5.1086090846 5.1377795738 5.4745729028 5.5666851005 5.6480444298 5.6630733888 5.7701327369 5.7855272677 5.7975689298 5.8532662088 5.8737297936 5.9184460214 5.937866284 5.9605330848 5.9700396484 6.0466477513 6.1336160284 6.1572632905 6.259313035 6.2716759464 6.3650671285 6.4254443651 6.5465274772 6.5995448063 6.6636268612 6.6832583098 6.7821526343 6.9343608274 6.9420694571 6.9966384989 7.0628336988 7.1418079817 7.1539150348 7.1546347487 7.2768182738 7.30719113 7.3904801529 7.515606901 7.5803333711 7.5885070816 7.6443373 7.6485052007 7.6934644914 7.7060014413 7.7784679221 7.8705049119 7.8801788104 7.9285631151 7.9475265151 7.9819560816 8.0564112393 8.118264234 8.1286373145 8.1905854985 8.2319058455 8.43200116 8.443870551 8.501109055 8.5391985009 8.5905042697 8.6535576793 8.6619349801 8.7461850837 8.9177307153 9.0084120048 9.551398765 9.6126156596 10.6895180176 10.7869545658 11.1655587521 15.4646067113 15.5503082946 15.6724986136 15.759948232 15.9789820796 16.2716380268 24.057177902 24.5274145143 24.6271768207
249 2.6479056779 2.6536083985 3.2343430465 3.2800920832 3.5196099215 3.9041100354 3.9537730179 4.0140297083 4.0260212014 4.1072201504 4.2038118974 4.2904592023 4.3763272543 4.3840985378 4.3849462249 4.5006184525 4.6027615637 4.6916217883 4.7117286636 4.8422030895 4.8970445669 4.9008149898 4.9011295274 5.0064058857 5.0205704931 5.0746269429 5.1048989629 5.1153376744 5.4793943027 5.5684314241 5.6649636955 5.6710783675 5.7741603459 5.7983091276 5.8083637066 5.8524531356 5.8737506966 5.9129798463 5.9338460959 5.9562896132 5.9593296845 6.0511804592 6.1320661723 6.1476791856 6.2539332902 6.255748552 6.3657650177 6.4282091345 6.5460362796 6.6020527421 6.6697186794 6.6855709037 6.7840955348 6.9431965188 6.944758489 7.0078687035 7.0550611344 7.1453037354 7.1579501725 7.1586412374 7.274908907 7.3063875908 7.3812158409 7.5159525238 7.5805169117 7.5925196531 7.6499396594 7.6579821379 7.691687966 7.7043993112 7.7830210523 7.869164435 7.8787521729 7.9367618184 7.9375874917 7.9822745476 8.053830328 8.1226596922 8.1307397119 8.1946948815 8.2318141867 8.4316326636 8.4425709644 8.5034249546 8.541816962 8.5891633415 8.6539567677 8.6580268764 8.7440282885 8.9177293304 9.0168794273 9.5567772583 9.6183707838 10.6804482035 10.7773627777 11.1508477368 15.46445656 15.5447984389 15.6721801363 15.7590014244 15.9797496028 16.271085033 24.0580222744 24.5250827526 24.6268262476
250 2.7047127978 2.7106976338 3.1810973427 3.225465646 3.5636094531 3.906065935 3.9533483178 4.0115323824 4.024709035 4.0996435266 4.1961365678 4.3049983393 4.3697616767 4.3859617958 4.3947992545 4.5289753798 4.6219602719 4.6952506653 4.7126112151 4.820507161 4.8880599322 4.8924511034 4.9155717359 4.9815402049 5.0221107738 5.047442835 5.0930160979 5.1017931968 5.4833185946 5.5699813042 5.6776104754 5.6808260307 5.7777741873 5.8109150032 5.8188126808 5.8481699986 5.8736629371 5.908202733 5.9328463737 5.9483980497 5.9489101851 6.0598013469 6.1307190958 6.1391452856 6.2368509036 6.2528493182 6.3663707866 6.4304030306 6.5456780446 6.6039035088 6.6749599921 6.6877656514 6.7855439455 6.9441181338 6.9544769451 7.0181123055 7.0474911414 7.1482025758 7.1606693147 7.1622843156 7.2731389091 7.3060292565 7.3726392564 7.5161952371 7.5807159719 7.5960337277 7.6508419325 7.6699965083 7.6903086895 7.7028604805 7.7869252028 7.8681734303 7.877482601 7.9285524146 7.9436020103 7.9826762517 8.0515758349 8.1262832974 8.1325025545 8.1981153707 8.2316537932 8.431418022 8.4414775425 8.5053699031 8.544196054 8.5880469284 8.6542724595 8.6546034473 8.7422208359 8.9177281447 9.0240172093 9.5605671983 9.6239894697 10.6727920567 10.7694781211 11.1385224593 15.4643328401 15.5402590223 15.6719178727 15.7582216686 15.9803819291 16.270629322 24.0587177054 24.5231617664 24.6265375124
251 2.760145028 2.7655861278 3.1283875436 3.1724737209 3.6010014547 3.9084283246 3.9530420578 4.0095662215 4.0236789858 4.0896326491 4.1900233964 4.3173661366 4.3582703967 4.3874759389 4.410436351 4.5557622485 4.6362785061 4.6813708777 4.7333672927 4.7958321152 4.8831799784 4.8852493139 4.9348512418 4.9578230294 5.023479506 5.0236529091 5.0709258419 5.0993345719 5.486348727 5.5712715337 5.6826827003 5.6950799882 5.7808218862 5.8226192595 5.8285124994 5.8416426558 5.874175709 5.9042585224 5.9338726901 5.9383690244 5.9392077403 6.0704663546 6.1296178561 6.1319820387 6.2209947427 6.250608876 6.3668635036 6.4320649641 6.5454280139 6.6052128447 6.679204404 6.6896670975 6.7865842202 6.9448342777 6.9632582705 7.0268638021 7.0403821882 7.1504818621 7.1627882838 7.164856215 7.27162113 7.30615951 7.3651191103 7.5163598386 7.5809012267 7.5989370544 7.6513275754 7.6800095437 7.6893263329 7.7014932871 7.7900815293 7.8674686875 7.8764370934 7.9208266973 7.9490034661 7.9830755582 8.0497270304 8.1291181019 8.1338967077 8.200812234 8.2314728119 8.431307907 8.4406074032 8.5069152043 8.5462191377 8.5871662985 8.6517754028 8.6545108251 8.7407870711 8.9177271708 9.0297042382 9.5631348275 9.6289349453 10.6666823052 10.7633258644 11.1287478031 15.4642360703 15.5367087737 15.6717128343 15.7576120108 15.9808764602 16.270272839 24.0592614561 24.521659431 24.6263117523
252 2.8127788218 2.8160817663 3.0776741077 3.1233232152 3.6299372183 3.9109970022 3.9528370124 4.0081480409 4.0229383462 4.078940665 4.1858375257 4.3268782223 4.3503521924 4.3886121535 4.4224600348 4.5794548208 4.6455880548 4.6707555576 4.752610499 4.7729842949 4.8798902887 4.8818755419 4.9367025027 4.9550875953 5.00400614 5.0249113626 5.0493476398 5.0975556101 5.4884970757 5.5722428226 5.686304065 5.706859414 5.7831474881 5.8322905248 5.8346829315 5.8367967608 5.8759735914 5.9012968591 5.9278097349 5.9309076347 5.9356410637 6.0810369308 6.126528586 6.1288006614 6.2073557697 6.2490180005 6.3672269589 6.4332274424 6.545265349 6.6060772263 6.6823297662 6.6911310888 6.7872819618 6.9453453001 6.9706481133 7.0336109508 7.034188069 7.1521233631 7.1643040288 7.1664724328 7.2704559659 7.3066577253 7.3591104636 7.5164648549 7.5810498363 7.6011160904 7.6515360612 7.6876037513 7.688694462 7.7004104199 7.7924041388 7.8670006305 7.8756618249 7.914851363 7.9529047376 7.9834067383 8.0483524504 8.1311515404 8.1349035215 8.2027582505 8.231312073 8.4312608833 8.4399748943 8.5080370517 8.5477703328 8.58653055 8.6496533907 8.6546770519 8.7397473698 8.9177264393 9.0338410658 9.5647748547 9.6327700797 10.6622315251 10.7589221304 11.1216612026 15.4641666571 15.534162352 15.6715658113 15.7571748323 15.9812311604 16.27001711 24.0596513854 24.5205819088 24.6261498569
253 2.8564755395 2.8579983879 3.0335973986 3.0837328549 3.6484125012 3.9131675057 3.9527197462 4.0072912894 4.0224920579 4.0704876609 4.1834852333 4.3328964142 4.3457520203 4.3893271634 4.4300863751 4.5970521965 4.6505580993 4.6640543958 4.7557416118 4.7673778195 4.8765956479 4.8825122196 4.9210759726 4.9744181289 4.9908387345 5.025722386 5.0293650032 5.0964791788 5.489778412 5.572846772 5.6884774713 5.7149008032 5.7846102793 5.8292721347 5.8385832333 5.8426288859 5.87904101 5.8994541196 5.918768008 5.9250603393 5.9371185374 6.0891583588 6.1231009051 6.1282975321 6.197614284 6.2480677394 6.3674496257 6.4339148537 6.5451742975 6.6065673935 6.6842436158 6.6920520894 6.7876827829 6.9456516645 6.9758501104 7.0297041194 7.0378871756 7.1531137106 7.1652143569 7.1673206121 7.2697227721 7.3072189672 7.3551536477 7.5165229746 7.5811455072 7.6024705372 7.6515989697 7.6883497335 7.6923699122 7.6997129409 7.7938261658 7.8667338843 7.8751860814 7.9110508473 7.9552625695 7.9836236337 8.0475052022 8.1323749683 8.1355116377 8.2039337851 8.2312026461 8.4312456652 8.4395908678 8.5087175705 8.5487483046 8.5861463706 8.6483346618 8.6547751165 8.7391171337 8.9177259837 9.0363536578 9.5656856109 9.6351891013 10.6595253249 10.7562765526 11.1173662094 15.4641248921 15.532630277 15.6714773704 15.7569118405 15.9814445677 16.2698632319 24.0598859584 24.5199336213 24.6260524638
254 2.8735601718 2.8794458721 3.0125293397 3.0669154308 3.6547861622 3.9140482342 3.9526816484 4.0070046957 4.0223429828 4.0672368768 4.182735895 4.3349588382 4.344247099 4.3895729835 4.4327063112 4.6038691845 4.6520813431 4.6617588425 4.7490239891 4.7731764263 4.8754848363 4.8830183105 4.9151090549 4.9855689096 4.9860931909 5.018015861 5.0260014353 5.0961188656 5.4902041154 5.5730517522 5.6892021968 5.7178047121 5.7851100669 5.827204427 5.8407147697 5.8447787443 5.8809366765 5.8988279608 5.9148122693 5.9229044728 5.9376801193 6.0922937995 6.1219298485 6.1281276279 6.1939722541 6.247751746 6.3675246123 6.434142289 6.5451450559 6.6067260408 6.6848881302 6.6923662057 6.787813452 6.9457537398 6.9777824638 7.028011233 7.0393542803 7.1534447415 7.1655179467 7.1675787915 7.2694725141 7.3074664558 7.3537599695 7.5165415476 7.5811784807 7.6029304282 7.651608891 7.6882412054 7.6939977112 7.6994718846 7.7943050486 7.8666473104 7.8750258209 7.9097440113 7.9560513384 7.9836989419 8.0472189428 8.1327833318 8.1357149789 8.2043269565 8.231163966 8.4312427933 8.4394620921 8.5089456644 8.5490827288 8.5860178517 8.647886948 8.6548075201 8.7389059668 8.9177258288 9.0371963358 9.5659774944 9.6360147169 10.6586171953 10.7553941733 11.1159272533 15.4641109509 15.5321188808 15.6714478522 15.7568240623 15.9815158014 16.2698118656 24.0599642521 24.5197172293 24.6260199568
255 2.8735601718 2.8794458721 3.0125293397 3.0669154308 3.6547861622 3.9140482342 3.9526816484 4.0070046957 4.0223429828 4.0672368768 4.182735895 4.3349588382 4.344247099 4.3895729835 4.4327063112 4.6038691845 4.6520813431 4.6617588425 4.7490239891 4.7731764263 4.8754848363 4.8830183105 4.9151090549 4.9855689096 4.9860931909 5.018015861 5.0260014353 5.0961188656 5.4902041154 5.5730517522 5.6892021968 5.7178047121 5.7851100669 5.827204427 5.8407147697 5.8447787443 5.8809366765 5.8988279608 5.9148122693 5.9229044728 5.9376801193 6.0922937995 6.1219298485 6.1281276279 6.1939722541 6.247751746 6.3675246123 6.434142289 6.5451450559 6.6067260408 6.6848881302 6.6923662057 6.787813452 6.9457537398 6.9777824638 7.028011233 7.0393542803 7.1534447415 7.1655179467 7.1675787915 7.2694725141 7.3074664558 7.3537599695 7.5165415476 7.5811784807 7.6029304282 7.651608891 7.6882412054 7.6939977112 7.6994718846 7.7943050486 7.8666473104 7.8750258209 7.9097440113 7.9560513384 7.9836989419 8.0472189428 8.1327833318 8.1357149789 8.2043269565 8.231163966 8.4312427933 8.4394620921 8.5089456644 8.5490827288 8.5860178517 8.647886948 8.6548075201 8.7389059668 8.9177258288 9.0371963358 9.5659774944 9.6360147169 10.6586171953 10.7553941733 11.1159272533 15.4641109509 15.5321188808 15.6714478522 15.7568240623 15.9815158014 16.2698118656 24.0599642521 24.5197172293 24.6260199568
256 2.8738177425 2.8787665212 3.0124410918 3.0671983472 3.655595341 3.9108887557 3.9525134771 4.0069597295 4.0241326031 4.0675561614 4.1813948856 4.3320689108 4.3470846999 4.3922507104 4.4308885634 4.6042596259 4.650651521 4.6622288978 4.7483106166 4.7742445405 4.8759072075 4.8799816714 4.9152507169 4.9839117202 4.9893358302 5.0219190576 5.0264063046 5.0962661031 5.4900714005 5.5729303834 5.6878282625 5.7180939306 5.7849017559 5.8217075128 5.8385560948 5.8493697257 5.8821844193 5.9014055654 5.9148151944 5.9226609427 5.9388029709 6.0922394736 6.121553261 6.1286052043 6.1939159262 6.2449962077 6.3704280404 6.4342545697 6.5445702132 6.6070814724 6.6850210264 6.692006598 6.7883283864 6.9452752639 6.977984425 7.0281650154 7.0385836197 7.1517390493 7.1653561645 7.1694430703 7.2696340626 7.3066117308 7.3540415694 7.5170360089 7.5813856112 7.6022930834 7.6517542268 7.6881511548 7.6893550643 7.7034087199 7.7941144981 7.8669310047 7.8752515761 7.9103550025 7.956296077 7.9838925258 8.047179327 8.1328135982 8.1354431548 8.2041657057 8.2310537103 8.4311063695 8.4394832656 8.509119216 8.5490582238 8.5858933861 8.6480345274 8.6546839049 8.7390030131 8.9177079078 9.0371389905 9.5660836401 9.6360789793 10.6586187108 10.7553825105 11.1156377692 15.46417824 15.5321114527 15.6713610438 15.7568931503 15.9814741604 16.2697972802 24.0599700167 24.5198584399 24.6261083715
257 2.8745902751 2.8767420489 3.012176869 3.0680468331 3.6579753968 3.9022204687 3.952010363 4.0068249703 4.0283648488 4.0688349279 4.1775195309 4.3268664975 4.3528323683 4.3994723991 4.4256007337 4.6050518751 4.6466148728 4.6636344973 4.7466397911 4.7769101027 4.8719014307 4.8771739652 4.9157694225 4.9800648397 4.9991457846 5.0276213928 5.031327743 5.0967070524 5.4896769592 5.5725708785 5.6838511323 5.71893893 5.7841360804 5.8113579452 5.8330845092 5.856996338 5.8859224332 5.9078493977 5.9151054172 5.9221282608 5.9419808912 6.0920781695 6.1206435847 6.1298078569 6.193749541 6.2374691445 6.3784014553 6.4345980976 6.5428874419 6.6081202277 6.685419565 6.6909538074 6.7898367476 6.943860404 6.97858988 7.0286257788 7.0362399722 7.1481517637 7.1648733994 7.1735549584 7.270115462 7.3040656746 7.3548742517 7.5184824448 7.5820064797 7.6003944265 7.6521896248 7.6820959437 7.6878871643 7.7085701957 7.793559585 7.8677624457 7.8759120921 7.9121683348 7.9570278138 7.9844727963 8.0470610768 8.1329051945 8.1346342811 8.2036816258 8.2307257749 8.4306994576 8.4395466484 8.5096356252 8.5489839022 8.5855232102 8.6484737998 8.6543140287 8.7392930274 8.9176541168 9.0369671551 9.5664015839 9.6362715459 10.6586232753 10.7553475875 11.1147701165 15.4643796232 15.5320895317 15.6711008446 15.7571003047 15.9813492392 16.2697535815 24.0599872894 24.5202815865 24.6263731863
258 2.8734124241 2.8758772304 3.0117380917 3.0694600993 3.6617769477 3.8897395739 3.9511764818 4.0066008172 4.0324276271 4.0719785953 4.1715146075 4.3217823837 4.3603088928 4.4097006902 4.4172694011 4.605131905 4.6407305752 4.6659620819 4.74486002 4.7801323095 4.8609622248 4.8792838944 4.9165517717 4.9774107588 5.0129271171 5.0296480342 5.0435013745 5.0974395009 5.4890316087 5.571986788 5.6776408921 5.7202644293 5.7824369322 5.7998335832 5.8261416921 5.8640034024 5.8919210947 5.9128231747 5.9193996928 5.9216256767 5.9468857403 6.0918150885 6.1194909953 6.1314108344 6.1934810912 6.2267313298 6.3898831948 6.4352065119 6.5402089784 6.6097721584 6.6860832943 6.6892793091 6.7922364232 6.9415669188 6.9795975392 7.0293917555 7.0322494172 7.1442556552 7.1640771474 7.1784643711 7.2709072151 7.2998962878 7.3562083812 7.5207766726 7.5830397468 7.5972732771 7.6529129745 7.6739798113 7.6874676519 7.7132536588 7.7926870659 7.8690862743 7.8769594395 7.915126867 7.9582392107 7.985437842 8.046865914 8.1330606405 8.1333081782 8.2028739695 8.2301884245 8.4300290744 8.4396518069 8.5104822851 8.5488573751 8.5849165624 8.6491947915 8.6537008204 8.739772679 8.9175643728 9.0366814286 9.5669298488 9.6365917563 10.6586309451 10.7552895996 11.1133266932 15.4647136476 15.5320542078 15.6706679317 15.7574451968 15.981141043 16.2696809413 24.0600160074 24.5209852153 24.6268131147
259 2.8688417692 2.8776777105 3.011126718 3.0714368321 3.6667248393 3.8750426024 3.9500187163 4.0062878683 4.0339095453 4.0778045242 4.1639649437 4.3177610663 4.3694062096 4.4064326422 4.421718692 4.6027880381 4.6341961751 4.6691895122 4.7436175758 4.7829205096 4.8492946158 4.8822344858 4.9172219547 4.9773888387 5.0290361053 5.0324880863 5.057204538 5.0984600291 5.488152444 5.571199903 5.6696580432 5.7219135985 5.7793105468 5.7880370444 5.8191880834 5.8696401944 5.8994168027 5.9137901678 5.9213257686 5.9295474459 5.9532476964 6.0914595325 6.1182080442 6.1332262312 6.1931245751 6.214247779 6.4033491024 6.4362112961 6.5366884437 6.6119521316 6.6870114563 6.6870840878 6.7953772328 6.9384789309 6.9810052367 7.0265498572 7.0304599485 7.1406543541 7.162979126 7.183702807 7.2719942458 7.294242907 7.3579376636 7.523764024 7.584483995 7.5929902676 7.6539197496 7.6651703809 7.6869231651 7.7173822495 7.7915649315 7.8708205189 7.8783207779 7.9191408946 7.9599183531 7.9867829786 8.0465964841 8.1314980161 8.1332845379 8.2017422383 8.229454692 8.4291067117 8.4397979555 8.5116385986 8.5486747616 8.5840875411 8.6501821738 8.6528492347 8.7404365548 8.9174385393 9.0362828041 9.5676659853 9.6370385099 10.6586418178 10.7552088711 11.1113114963 15.4651778904 15.5320072994 15.6700634317 15.75792728 15.9808495814 16.2695796454 24.0600560662 24.52196691 24.6274260189
260 2.8631149096 2.8799904589 3.0103448199 3.0739751962 3.6723677006 3.8594087614 3.9485465424 4.0058868172 4.0319936109 4.0858884012 4.1555943742 4.3153277451 4.3799556425 4.393611789 4.4347700712 4.5964761401 4.6280085063 4.6732867202 4.7431989537 4.7842921326 4.8388825134 4.8860212323 4.9175404129 4.9804835141 5.0361433437 5.0465202322 5.0718755301 5.0997644527 5.4870615726 5.5702392236 5.6603416743 5.7235683586 5.7743494457 5.7765393588 5.8131329173 5.8737574759 5.9056783226 5.9170531626 5.9212531951 5.941000279 5.9607956124 6.0910259607 6.1167765073 6.1351196821 6.1927010927 6.2011469746 6.4172395623 6.4381914875 6.5324943132 6.6145849523 6.6844816756 6.6882029791 6.7990803755 6.9346914144 6.982809905 7.0191533992 7.0318260524 7.1375650102 7.1615942697 7.1891286816 7.2733568668 7.2873198455 7.3599025286 7.5272589854 7.5863390132 7.587622711 7.6552012341 7.6557416097 7.6862964385 7.7209893438 7.7902718674 7.8728676695 7.8799069102 7.9240950242 7.9620491855 7.988498728 8.04625605 8.1292506886 8.1335841004 8.2002871925 8.2285413512 8.4279480427 8.4399838732 8.513076543 8.548430834 8.5830535095 8.6514168507 8.6517663642 8.7412773563 8.9172764295 9.0357726598 9.568606589 9.6376102671 10.6586560385 10.7551058538 11.1087301219 15.4657689586 15.5319513552 15.6692889182 15.7585457904 15.9804748686 16.2694500923 24.0601073199 24.5232233007 24.6282089185
261 2.8563330862 2.8828138616 3.0093942698 3.0770728387 3.6779857373 3.8440068129 3.9467718755 4.0053983017 4.0270361349 4.0947620255 4.1473430951 4.3147769633 4.3792479339 4.3917372782 4.4483974728 4.5861658427 4.6218055938 4.6782165533 4.7432062549 4.7834848624 4.8317446701 4.8906366906 4.9175948323 4.9865364059 5.0406146207 5.0648452856 5.0872026229 5.1013485405 5.4857845853 5.5691397686 5.650057183 5.7245434422 5.7661417046 5.7675030519 5.808301306 5.8764532534 5.9072035266 5.9213345733 5.9262509065 5.9529301151 5.9692050871 6.0905357036 6.1150679728 6.1369136046 6.1883898562 6.1922405437 6.4281919151 6.4438458443 6.5277972476 6.617618279 6.6815865594 6.689656466 6.8031530385 6.9302915868 6.9850075386 7.0101893979 7.0334843395 7.1350113304 7.1599395896 7.1946811882 7.2749718636 7.2794063219 7.3619149361 7.5310615707 7.581258975 7.5886073394 7.6457555503 7.6567414503 7.6856431343 7.7241306963 7.7888881796 7.875124495 7.881621318 7.9298551328 7.9646120516 7.9905685396 8.0458481232 8.1266276338 8.1339697508 8.1985120834 8.2274676402 8.4265725306 8.4402078051 8.5147613574 8.5481192113 8.5818334117 8.6504616011 8.6528776318 8.7422861543 8.9170778106 9.0351527486 9.5697473253 9.6383050508 10.658673809 10.7549811238 11.1055897644 15.4664824867 15.5318896569 15.6683464072 15.7592997495 15.980016925 16.2692927917 24.0601695813 24.5247500776 24.6291580039
262 2.8486092881 2.8861459482 3.0082766497 3.0807268932 3.6824540708 3.8301742618 3.9447088802 4.0048226961 4.0194872374 4.1024790672 4.1407353898 4.3162529824 4.3636893729 4.4045349812 4.4623160959 4.5729919699 4.6143862062 4.6839357419 4.7418880722 4.7815187522 4.8290479801 4.8960693649 4.9176733396 4.9950468126 5.0459003506 5.0836964013 5.1029847992 5.1032091627 5.4843489407 5.5679413691 5.6390881337 5.7234257498 5.7583120843 5.7591304089 5.8045065099 5.8779430432 5.9065073149 5.9214343918 5.9386488498 5.9650287926 5.9781147074 6.0900196029 6.112805238 6.1382832323 6.1770461681 6.1917841089 6.4326847619 6.4562040756 6.522776446 6.6210246821 6.6785098409 6.6913701828 6.8073961847 6.9253366328 6.9875931419 6.999917615 7.0354275068 7.1328862847 7.1580330625 7.2002929278 7.2708445462 7.2768135245 7.3637870649 7.5349685368 7.5739932586 7.5912950701 7.6352716862 7.6585120225 7.6850341567 7.7268664067 7.7874896943 7.8774890802 7.8833683145 7.936273279 7.9675842844 7.9929670315 8.0453760852 8.1237062866 8.1344556539 8.1964239963 8.2262538723 8.4250029535 8.4404673641 8.5166522735 8.5477325909 8.5804462786 8.6489468515 8.6545427093 8.7434526832 8.9168424091 9.0344251848 9.5710829601 9.6391204479 10.6586953979 10.754835379 11.1018992159 15.4673131374 15.5318262208 15.6672383524 15.7601879658 15.9794757779 16.2691083624 24.0602426229 24.5265420077 24.630268652
263 2.8400636568 2.8899843926 3.0069934071 3.0849339859 3.6841552881 3.819597447 3.9423737502 4.0041598347 4.0096216708 4.1062026844 4.1384758758 4.3197980012 4.3472031583 4.4181527516 4.4763471146 4.5579684366 4.6050229682 4.6903959161 4.7364079633 4.7819225425 4.8301482222 4.9023024887 4.9180605673 5.0054579587 5.0519943844 5.1028723897 5.1053461842 5.1190812332 5.4827824282 5.5666875302 5.6276476888 5.7185147931 5.7497358336 5.7547702088 5.801364299 5.8784698214 5.9050930008 5.9213822284 5.9525299339 5.9770773077 5.9871605361 6.0895219462 6.1095074342 6.1386799799 6.1685185469 6.191387749 6.434230112 6.4712955811 6.5176681735 6.6247975706 6.6753609622 6.6933420415 6.8116070849 6.9198247621 6.9887253456 6.9905606622 7.0376464779 7.1309945179 7.1558926754 7.2058275189 7.2620694804 7.2788544859 7.3653523847 7.5387816654 7.5659213671 7.5944101452 7.6243477082 7.6604638068 7.6845609302 7.7292537012 7.7861445742 7.8798651169 7.8850595084 7.9431884613 7.9709407978 7.9956601223 8.0448428598 8.1205822499 8.1350600352 8.1940352355 8.2249200858 8.4232648617 8.4407594471 8.5187032156 8.5472630094 8.5789100793 8.6472368045 8.6563907859 8.7447656582 8.9165699181 9.0335924288 9.5726073963 9.640053612 10.6587211549 10.754669434 11.0976688641 15.468254603 15.5317657984 15.6659676391 15.7612090384 15.978851464 16.2688975302 24.0603261766 24.5285929556 24.6315354464
264 2.8308193315 2.8943265147 3.0055462061 3.0896902421 3.6812805307 3.8140622708 3.9397844628 3.9976387861 4.0034086443 4.1043397145 4.1421713917 4.3253847251 4.3299931048 4.4324105239 4.4903862648 4.5417058696 4.5936181235 4.6975445945 4.7259753609 4.7865974858 4.8337295858 4.909312806 4.9189480375 5.017296665 5.0588823205 5.1077657654 5.1222300847 5.1353914819 5.4811118421 5.5654243777 5.6158945557 5.710023621 5.7397370704 5.7552976387 5.7985457325 5.8782507448 5.9032820276 5.9209932975 5.967395792 5.9888680157 5.9959929046 6.0891060705 6.1045906017 6.1377454591 6.1640847178 6.1911269874 6.4348892008 6.4863038696 6.5130433823 6.6289443833 6.67225369 6.6955695831 6.8155796281 6.9136571151 6.9771304159 6.9939029002 7.0401301522 7.1290849956 7.1535356898 7.2109708134 7.2537109786 7.281066314 7.3664769459 7.5423169706 7.5571377372 7.5979562174 7.6130391076 7.6625141997 7.6843450183 7.7313433296 7.7849122335 7.8821642256 7.8866182103 7.9504210149 7.974654638 7.9986094065 8.0442506979 8.1173720052 8.1358051361 8.1913647414 8.223484878 8.4213859823 8.4410801764 8.5208634087 8.5467021218 8.5772409502 8.6453492538 8.6584018174 8.7462130945 8.9162600045 9.0326572725 9.5743137153 9.6411012668 10.6587515257 10.7544842159 11.0929106892 15.4692996102 15.5317138731 15.6645375772 15.7623613596 15.9781440305 16.2686611245 24.0604199352 24.5308959068 24.6329522004
265 2.8209989755 2.8991692816 3.0039373893 3.094991293 3.6727798698 3.8145306415 3.936960516 3.983749766 4.0025666575 4.099468428 4.149294288 4.3122166325 4.3329398676 4.4471324001 4.5043911233 4.524561793 4.5803910692 4.7053260803 4.7122801006 4.7944200677 4.8389213265 4.9170694697 4.9204404452 5.0301980329 5.0665349011 5.1104865274 5.1416483159 5.1518523515 5.4793619589 5.5641996521 5.6039473625 5.6996341517 5.7294172642 5.7581877765 5.7958359495 5.8774557798 5.9011673441 5.920083094 5.9830111089 6.000168783 6.0042706919 6.0888615845 6.0978650338 6.1362850075 6.1634629014 6.1911031566 6.43508616 6.4972727424 6.5122571948 6.633477617 6.6693156812 6.6980499576 6.819105672 6.9066007631 6.9657916294 6.9976113957 7.0428650927 7.1268724528 7.1509781474 7.2149635112 7.2468647958 7.2834197926 7.36706289 7.5454170059 7.547733707 7.6013989569 7.6019218957 7.664532236 7.6845502769 7.7331778761 7.7838434459 7.8843071541 7.8879817308 7.9577578476 7.978697467 8.0017846501 8.0436011298 8.1142154519 8.1367166805 8.1884395941 8.2219645516 8.419395582 8.4414248721 8.5230778622 8.5460414872 8.5754527579 8.6433054614 8.6605574192 8.747782616 8.9159123191 9.0316228228 9.5761942239 9.6422597103 10.6587870704 10.7542807577 11.0876382582 15.4704399322 15.5316766518 15.6629518926 15.7636431195 15.9773535379 16.2684000757 24.0605235529 24.5334429962 24.6345119833
266 2.8107220862 2.9045093088 3.0021704585 3.1008322835 3.6590534528 3.820461046 3.9339226524 3.968200139 4.0016293575 4.0940766656 4.1574126985 4.2939983596 4.342361099 4.4621327381 4.5067600702 4.5183787212 4.5656534367 4.6968489946 4.7136822254 4.8039652368 4.8453147181 4.9225902813 4.9255331803 5.0438882323 5.0748951115 5.1135519331 5.160984664 5.1684591619 5.4775548721 5.5630616665 5.5918959677 5.6885139596 5.7189585708 5.7622313473 5.7931073606 5.8762035415 5.8987854147 5.918481292 5.9992224817 6.0107000632 6.0116397896 6.0889114427 6.0899739549 6.1355109017 6.1651560842 6.191450912 6.4349214155 6.4967971736 6.5224248622 6.638400167 6.6667038397 6.7007799026 6.8219800965 6.8983037334 6.9554769277 7.0016762775 7.0458351375 7.1240557777 7.1482346014 7.2162885581 7.2434047123 7.2858849128 7.3670468392 7.5377968765 7.5479643351 7.5894780949 7.6062685813 7.6663360199 7.6853831945 7.7347912266 7.7829809499 7.8862244771 7.8891017862 7.9649253139 7.9830399666 8.0051896557 8.0428951164 8.1112766295 8.1378227751 8.1852967276 8.2203726736 8.4173238033 8.4417880585 8.5252877246 8.5452728537 8.5735569173 8.6411305388 8.6628410134 8.749461737 8.9155265069 9.0304924872 9.578240504 9.6435248205 10.658828483 10.7540601917 11.0818667166 15.4716664089 15.5316610464 15.6612147183 15.7650523096 15.9764800623 16.268115411 24.0606366461 24.5362255379 24.6362071503
267 2.8001030759 2.9103428617 3.0002505045 3.1072078803 3.6413769126 3.8303850355 3.9306925757 3.9512538635 4.0005892876 4.0892209754 4.1655469116 4.2754405744 4.3535284903 4.4772029953 4.4884513071 4.5324282243 4.549708342 4.6804956362 4.7225530574 4.8143145563 4.8527399822 4.925429391 4.934655681 5.0581616511 5.0838510678 5.117056789 5.1799700958 5.1853577414 5.4757097034 5.5620581228 5.5798099456 5.6772200442 5.7084806915 5.7668129181 5.7902859445 5.8745605337 5.8961540757 5.9160528909 6.0159065653 6.0177038649 6.0201281944 6.0820566653 6.0894126254 6.1358251121 6.16802474 6.1923457794 6.4344292217 6.4921637479 6.5360104942 6.6436710477 6.6646364467 6.7037557207 6.8240096099 6.8884544381 6.9468947836 7.0060860703 7.0490209181 7.1203500509 7.1453180431 7.2141085905 7.2445245648 7.2884305701 7.3663953926 7.5274113574 7.5498908269 7.5773256748 7.6109228638 7.6677348404 7.6870490243 7.7362086985 7.7823601162 7.8878571464 7.8899434326 7.9715510835 7.9876521585 8.0089032586 8.0421334054 8.1087396896 8.1391522439 8.1819850452 8.2187201101 8.4152009854 8.4421635003 8.5274305497 8.5443884286 8.5715623866 8.6388537963 8.6652378024 8.7512381106 8.915102219 9.0292699599 9.5804434659 9.6448920619 10.6588766136 10.7538237415 11.0756127776 15.4729689824 15.5316746418 15.6593305848 15.7665867283 15.9755236983 16.2678082509 24.0607587946 24.5392340595 24.6380293747
268 2.7892500374 2.9166658566 2.9981845384 3.1141122803 3.6209979861 3.8428053896 3.9272926619 3.9331695327 3.9994348212 4.0853863098 4.1733399879 4.2566313651 4.3663112729 4.4697427453 4.4921037003 4.5328178319 4.5466825196 4.6636358684 4.7318772972 4.8248959331 4.8611106492 4.9289918549 4.9443796893 5.0728622733 5.0931773396 5.1212052224 5.1980507486 5.2029937664 5.4738426813 5.5612346517 5.5677449423 5.6660286047 5.6980670835 5.7715799707 5.7873286846 5.8725341461 5.8932837794 5.9127343961 6.0220132664 6.02806821 6.0329607636 6.0752313875 6.0905383127 6.137126299 6.1714870613 6.1940083553 6.433633431 6.486921051 6.5491951095 6.6490979953 6.6634894048 6.7069732551 6.8250177064 6.877068151 6.9404112257 7.0108274405 7.0523992622 7.115545933 7.1422399965 7.2101985174 7.2487540979 7.2910239666 7.3650993983 7.5166587338 7.5511782346 7.564989989 7.6157782674 7.6686186687 7.6896607171 7.7374474918 7.7820094517 7.8891570321 7.8904830719 7.9771400956 7.9925036461 8.0131141161 8.0413170537 8.1067962495 8.1407324718 8.1785681927 8.2170155659 8.4130569839 8.4425442639 8.529440563 8.5433811263 8.569475776 8.6365089714 8.6677346371 8.7530997362 8.9146391261 9.0279592106 9.5827934047 9.6463564943 10.658932492 10.7535727132 11.0688947062 15.4743367523 15.5317256438 15.6573044086 15.7682439854 15.9744845616 16.2674798042 24.0608895427 24.5424583389 24.6399696835
269 2.7782640681 2.9234738615 2.995981702 3.1215392185 3.5988071783 3.8565127401 3.9141890432 3.9237456669 3.9981484354 4.0829012135 4.1806680661 4.2376512697 4.380570846 4.4507140095 4.5065699502 4.5151989304 4.5613390877 4.6464986986 4.7415928185 4.8353629499 4.8703192594 4.9333302053 4.9546392993 5.0878701046 5.1024241678 5.1264206925 5.2149578377 5.2215363251 5.4719675502 5.5557476214 5.5606329029 5.6550994893 5.687780875 5.7762761979 5.7842105381 5.8700529386 5.8901817268 5.9085893006 6.024162757 6.0342279125 6.0501888274 6.0703548362 6.0924435666 6.1392038612 6.175240328 6.1966985135 6.432555093 6.4815960622 6.561161373 6.6539902232 6.6641118232 6.7104278641 6.8248200868 6.8646584388 6.9359197845 7.0158848606 7.0559424444 7.1095867417 7.1390107652 7.20647088 7.254362716 7.2936296971 7.3631681645 7.5056196149 7.5518501655 7.5525195076 7.6207062912 7.6690042812 7.6931910007 7.7385172347 7.7819508568 7.8900874696 7.8907060793 7.9811381659 7.9975637797 8.0180780074 8.0404480402 8.105621509 8.142586907 8.1751282929 8.2152666344 8.4109205072 8.4429227921 8.531249079 8.5422447801 8.5673015288 8.6341341986 8.6703198301 8.7550351236 8.9141369331 9.0265644753 9.5852800576 9.6479127824 10.6589973523 10.7533084853 11.0617322989 15.4757580596 15.5318227978 15.6551414814 15.7700215083 15.9733627928 16.2671313639 24.0610284008 24.5458874442 24.6420184959
270 2.7672390204 2.9307620969 2.9936533508 3.1294819763 3.5753807052 3.8704803053 3.8945899866 3.9200744272 3.9967042532 4.0820732642 4.187516352 4.2185792509 4.3961609048 4.4314260413 4.4970293146 4.520340443 4.5766194279 4.6292222404 4.7516371086 4.8455510449 4.8801693962 4.9385264397 4.9653608169 5.1030915192 5.110846904 5.1334157511 5.2311222575 5.2404578581 5.4700962465 5.5438598562 5.5602879145 5.644543018 5.6776745196 5.7806715027 5.7809171917 5.8669344376 5.8868536478 5.9038761206 6.0240997834 6.0384441764 6.0672074651 6.067755625 6.095340795 6.141826314 6.179105337 6.2006907712 6.4311967896 6.4763585214 6.5714797407 6.6571579438 6.6677580631 6.7141143945 6.8231075162 6.8522298002 6.9329933883 7.0212401613 7.0596172398 7.1026218022 7.1356398427 7.2037522543 7.2605349679 7.2962084671 7.3606243575 7.4943757262 7.5399640948 7.5519596272 7.6255722726 7.6689797586 7.6975257293 7.7394204875 7.7821996517 7.8906045039 7.8906237607 7.9831316782 8.002801741 8.0239458854 8.0395298706 8.1053420936 8.1447323915 8.1717709005 8.2134813605 8.4088184891 8.443290986 8.5327852892 8.5409743091 8.5650421516 8.6317715155 8.6729829485 8.7570334139 8.9135953953 9.0250902504 9.5878926627 9.6495552084 10.6590726596 10.7530324981 11.0541468579 15.4772206078 15.531975271 15.6528474575 15.7719165477 15.9721585605 16.2667643018 24.0611748464 24.5495097758 24.6441656631
271 2.7562615557 2.938525435 2.9912130179 3.1379333886 3.5510895159 3.8735780853 3.8848742344 3.9163015482 3.9950645032 4.0832172955 4.1939404296 4.1994987674 4.4119265357 4.4129251985 4.4784550116 4.5332095781 4.5927173021 4.6118971713 4.7619477739 4.855439257 4.8903612573 4.9446950494 4.9764639189 5.1178024917 5.1184523696 5.1427948138 5.2468148537 5.2593885543 5.4682397535 5.5321228292 5.5602242721 5.6344498238 5.66779597 5.7774410416 5.7845278388 5.8628686067 5.8833046746 5.8990907702 6.0223607167 6.0408178423 6.0670494186 6.0824505706 6.1004041703 6.144735465 6.1829687391 6.2062266906 6.4295083094 6.4713512375 6.5798789827 6.6592071341 6.6736780051 6.7180271526 6.8191869277 6.8413654853 6.9310976765 7.0268719207 7.0633837007 7.0949970055 7.1321365463 7.2022478335 7.266918643 7.298715359 7.3575000155 7.4830125582 7.527376403 7.5515767854 7.6302505138 7.66862986 7.7025365896 7.7401531311 7.7827644427 7.8901751529 7.8907535724 7.9830213434 8.0081865186 8.0306130041 8.0385680924 8.1060072792 8.1471764455 8.1686311274 8.2116703509 8.4067755204 8.4436402819 8.5339776905 8.5395658268 8.5626984853 8.6294656559 8.6757146079 8.7590844586 8.9130143359 9.0235412893 9.5906200188 9.6512776854 10.6591601365 10.7527462419 11.0461611585 15.4787116325 15.5321924863 15.6504283416 15.7739261838 15.9708720653 16.2663800632 24.0613283262 24.5533131112 24.6464005122
272 2.7454113983 2.9467583997 2.9886762694 3.1468858505 3.5261806564 3.8532608005 3.8970430331 3.9124490668 3.9931743861 4.0866191858 4.1805047536 4.2000591081 4.3922534761 4.4306927661 4.4595974947 4.5450795568 4.594587641 4.6097492762 4.7724631096 4.8650917062 4.9005375561 4.9519691217 4.9878629615 5.1233962776 5.1338929958 5.1544067667 5.2620886572 5.2781679482 5.4664090303 5.5205818619 5.5604500741 5.6249080412 5.6581929848 5.7737789493 5.7875751033 5.857506938 5.8795398298 5.8948875266 6.019764242 6.0416329143 6.0674808978 6.0914158558 6.1116593043 6.1476402498 6.1867637715 6.2134566193 6.4273411971 6.4667823515 6.5862744149 6.6613714194 6.680148497 6.7221598733 6.8123686021 6.8337812808 6.9297082922 7.0327546176 7.0671935258 7.0871900334 7.1285110135 7.2018935994 7.2733353249 7.3010975401 7.3538339467 7.4716226413 7.5148134643 7.5507794939 7.6346343626 7.6680080864 7.7081088662 7.7407046103 7.7836469396 7.8894182171 7.8904771977 7.9809743903 8.0136866703 8.0375707345 8.0377695253 8.1075798718 8.1499144828 8.165879859 8.2098495575 8.4048133656 8.4439617162 8.5347564236 8.5380166812 8.5602700185 8.6272618783 8.6785062761 8.7611788606 8.9123936652 9.0219226025 9.5934505448 9.6530737743 10.6592617905 10.752451244 11.0377994098 15.4802181263 15.5324838994 15.6478904752 15.7760473335 15.9695035433 16.2659801612 24.0614882578 24.5572846526 24.648711891
273 2.7347617081 2.9554551642 2.9860604722 3.1563313221 3.5008268935 3.8323217893 3.9078764278 3.9085380671 3.9909546623 4.0924437566 4.1617124107 4.2060642955 4.3724376016 4.4405594888 4.4492695288 4.5559820658 4.5773420247 4.6277392581 4.7831227231 4.8745993256 4.9103674816 4.96045934 4.9994682121 5.1281612733 5.1493645287 5.1676654275 5.2769192015 5.296696221 5.4646159012 5.5092932867 5.560946636 5.6160185899 5.6489164746 5.769930991 5.7894823999 5.8507310618 5.8755643394 5.8918122809 6.016947305 6.0412245017 6.0684161264 6.0945346166 6.1282824379 6.1502292609 6.1904594076 6.2224008686 6.4244216158 6.4629564285 6.5907885295 6.6638408741 6.686071922 6.7265056861 6.8039781394 6.8293167482 6.928361186 7.0388574223 7.0709877702 7.0797297159 7.1247758797 7.2025288914 7.2796752594 7.3032913095 7.3496708474 7.4603095239 7.5023385181 7.5496470323 7.6386383949 7.6671432825 7.7141386913 7.7410580288 7.7848418501 7.8883364747 7.8898076909 7.9772664694 8.0192694428 8.0365490627 8.0450344634 8.1099571607 8.1529266766 8.163726521 8.2080440304 8.4029505884 8.4442459715 8.5350566647 8.5363254184 8.5577552483 8.6252027056 8.6813500954 8.7633079805 8.9117334007 9.0202394603 9.5963723384 9.6549367023 10.659379941 10.7521490559 11.0290872064 15.4817271296 15.5328587112 15.645240524 15.7782767569 15.9680532709 16.265566171 24.0616540314 24.5614110758 24.6510882152
274 2.7243795124 2.9646095482 2.9833844875 3.1662613318 3.4751556167 3.8111532735 3.9045882108 3.9167463954 3.9882912078 4.1006092071 4.1432687248 4.2122447161 4.3525042811 4.4214294702 4.4684236162 4.560198806 4.5660672735 4.6466420268 4.7938681817 4.8840440601 4.9196331758 4.9701938819 5.0111867632 5.1325059486 5.1648260661 5.1821019333 5.2912504275 5.3148751924 5.4628738078 5.4983358528 5.5616496824 5.6079162526 5.6400233834 5.7658997825 5.7898135025 5.8429148238 5.8713838693 5.8900527278 6.0142445713 6.039883217 6.0694876877 6.0952795334 6.1465815901 6.1522020038 6.1940426259 6.232954995 6.4204034231 6.460212964 6.5936897069 6.666209839 6.6906539492 6.7310570765 6.7964841746 6.8267339941 6.9266920493 7.045142405 7.0731240407 7.0746933679 7.1209493289 7.2039777115 7.2858564255 7.3052184874 7.3450630168 7.4491924321 7.4900231292 7.5482564302 7.6421902179 7.6660591156 7.7205244341 7.7411901168 7.7863369902 7.8869350214 7.8887709384 7.9721793516 8.024896672 8.035521242 8.0520161799 8.1130205382 8.1561738016 8.1624105639 8.2062932375 8.4012023082 8.4444834 8.5344916629 8.534822919 8.5551520974 8.6233237438 8.6842387229 8.7654639139 8.9110336899 9.018497397 9.5993732345 9.6568593838 10.6595172451 10.7518412391 11.0200514728 15.4832260839 15.5333255162 15.6424854639 15.7806110648 15.9665215685 16.2651397232 24.0618250119 24.5656785814 24.6535175175
275 2.7143261518 2.9742150128 2.9806683102 3.1766669763 3.4492657535 3.7898622889 3.9006171173 3.9235541937 3.9850212675 4.1106823482 4.1253671241 4.2190207552 4.3324750863 4.4022850408 4.4878594204 4.5431899754 4.5755896922 4.6663812567 4.8046436482 4.8934859533 4.9282750231 4.9810799259 5.0229229007 5.1366526981 5.1802424063 5.1974270539 5.3050063779 5.3325735419 5.4611983536 5.4878319852 5.5624145053 5.6008055323 5.6315793425 5.7616901575 5.7879836065 5.8349034711 5.8670047336 5.889475349 6.0117777609 6.0378264051 6.0705237179 6.0946344236 6.1533115544 6.1655113993 6.1974900541 6.2449329874 6.4150255797 6.4587559042 6.5952745839 6.6677414718 6.6935707566 6.7358058413 6.7912629185 6.8256417681 6.924487899 7.0515617436 7.0677971608 7.0782172455 7.1170611231 7.2060802586 7.2918015637 7.3067824908 7.3400773824 7.43841124 7.4779496514 7.5466805483 7.6452074803 7.6648025894 7.7271612069 7.7410711139 7.7881137604 7.8852214053 7.8874057735 7.9659643747 8.0304812625 8.0345551713 8.0583128452 8.116701634 8.1595908596 8.1621705361 8.2046589903 8.3995801028 8.4446640193 8.5325159088 8.5340136218 8.552458394 8.6216491876 8.6871651895 8.7676394437 8.9102948333 9.0167022175 9.602440862 9.6588344444 10.6596767216 10.7515293506 11.0107203973 15.4847032422 15.5338918931 15.6396325689 15.783046726 15.9649088054 16.2647024981 24.0620005416 24.5700729475 24.6559874979
276 2.7046577127 2.9779326659 2.984264654 3.1875389179 3.4232379091 3.7685286388 3.8966394757 3.9284539759 3.9809183143 4.1082635178 4.1218560034 4.2269755122 4.3123692616 4.3831953879 4.507172652 4.5263430919 4.5849220647 4.6868786407 4.8153964792 4.9029628289 4.9363676186 4.9929238511 5.0345777524 5.1407209829 5.1955820782 5.2134495261 5.3180929128 5.3495800408 5.4596076166 5.4779910739 5.5629604394 5.59501658 5.6236611219 5.7573090782 5.7833500354 5.8277192925 5.862434108 5.889812986 6.0095536479 6.0352062747 6.0714599159 6.0929100917 6.1534031965 6.184796237 6.2007386643 6.2581194483 6.408242281 6.458509022 6.5957698386 6.6676125132 6.6953160806 6.7407430357 6.7882704417 6.8263367727 6.9217455844 7.0580530494 7.0640355982 7.0814350304 7.11316549 7.2086997233 7.2974096816 7.3078652845 7.3348170692 7.4281305061 7.4662140945 7.5449872366 7.6475500844 7.6634921004 7.7339385055 7.7406646337 7.7901481865 7.8832059781 7.885764262 7.9588348806 8.033193483 8.0364613436 8.0635224765 8.1210358409 8.1630768557 8.1631871359 8.2032374231 8.3980920625 8.4447774835 8.5303992198 8.5326050446 8.5496724235 8.6201880282 8.6901227755 8.7698279726 8.9095173097 9.0148600032 9.6055626989 9.6608542464 10.6598617733 10.7512149283 11.0011233576 15.4861481131 15.5345639619 15.6366893975 15.7855800754 15.9632154043 16.2642562188 24.0621799418 24.5745795839 24.6584855758
277 2.6954254266 2.9751985767 2.9947511934 3.1988673767 3.3971406416 3.7472206354 3.8926656644 3.9317526208 3.9756835249 4.0922859199 4.1330468697 4.2368351904 4.2922052426 4.3642230246 4.5096825911 4.5257824643 4.594607413 4.7080679098 4.8260777878 4.9124941621 4.9440522022 5.0054920011 5.0460481363 5.1447845508 5.2108154084 5.230021023 5.3303957907 5.3655105175 5.4581222523 5.4692031454 5.5628401793 5.5910359096 5.6163586606 5.7527657215 5.7756232372 5.8220289213 5.8576802696 5.890781478 6.0075216295 6.0321272754 6.072284186 6.0902878109 6.1524317542 6.203671299 6.2043308127 6.2723076001 6.4001887868 6.4591363551 6.5953021609 6.6655224876 6.6968001869 6.7458589077 6.7864030661 6.8292755873 6.9187125173 7.0619582402 7.0645307106 7.084167007 7.1093703869 7.21171906 7.3024805343 7.3083281106 7.3294939771 7.4185395687 7.4549294406 7.543239093 7.6489427226 7.6623924661 7.7399276106 7.7407386551 7.7924128262 7.8809021696 7.8839122666 7.9509687484 8.0322868589 8.0419660322 8.0673103569 8.1261518627 8.1655228821 8.1664799151 8.2021756492 8.3967429918 8.4448130269 8.5281428292 8.5305934059 8.5467935602 8.618932074 8.6931049025 8.7720234405 8.9087018035 9.0129771176 9.6087261259 9.6629109177 10.6600762042 10.7508994763 10.9912908353 15.4875519046 15.5353459386 15.6336637817 15.788207321 15.9614418465 16.2638026441 24.0623625159 24.5791835876 24.6609989431
278 2.6866760246 2.9724869022 3.0056669647 3.2106421167 3.3710344892 3.7259994042 3.8886994297 3.9338070761 3.9689633865 4.0778185377 4.1431355371 4.2493234623 4.2720023615 4.3454249778 4.4932306517 4.5428774081 4.6054083327 4.7298978672 4.8366430104 4.9220851263 4.9514771262 5.0185640139 5.0572246909 5.1489006279 5.2259122785 5.2470097259 5.34177654 5.3796117514 5.4567654608 5.4622391252 5.5616240147 5.5893218594 5.6097761232 5.7480717161 5.7652151409 5.8177604347 5.8527528851 5.8921172018 6.0056000063 6.0286613991 6.0730070746 6.0869046162 6.1504523382 6.2061233588 6.2240606662 6.2873178065 6.3910656213 6.4601482236 6.5939498483 6.6621914619 6.6984291426 6.7511428178 6.784403514 6.8345560827 6.9158820226 7.0615263733 7.0708672828 7.0861278456 7.1059027667 7.2150348859 7.3064266933 7.3080214943 7.3247157857 7.4098430243 7.4442294153 7.5414935084 7.6489756053 7.6619111353 7.7388104717 7.7474339627 7.7948800058 7.8783262328 7.8819302947 7.9425147589 8.0313146982 8.0474938371 8.0695194026 8.1321744198 8.1691022703 8.1695833225 8.2016873653 8.3955347432 8.4447593879 8.5257476334 8.5279945052 8.5438229916 8.6178564732 8.6961050377 8.7742202319 8.9078492323 9.0110602098 9.6119184775 9.6649963827 10.660324233 10.7505844501 10.9812543223 15.4889079197 15.5362397381 15.6305638159 15.7909245527 15.9595886767 16.2633435623 24.0625475518 24.5838697989 24.6635146182
279 2.6784520411 2.9698178571 3.0170038968 3.2228524244 3.344974662 3.7049210277 3.8847336589 3.934953144 3.9604213084 4.065233292 4.1513029924 4.2517828969 4.2648913774 4.3268535726 4.4770077945 4.5575346662 4.6181887502 4.7523296488 4.8470525973 4.9317294867 4.9587692998 5.0319568269 5.0679896553 5.1531250101 5.2408390047 5.2642881413 5.3520648724 5.3904577347 5.4555629311 5.4585649971 5.559332882 5.5898708036 5.604030991 5.7432415358 5.7529200222 5.8144192919 5.8476633743 5.8935879432 6.0036854922 6.0248591721 6.0736462312 6.0828691391 6.1475946433 6.2079026576 6.2439505697 6.3030020547 6.3810664655 6.4609752703 6.5918696495 6.658861288 6.7000285996 6.7565831355 6.7815518453 6.8417017072 6.9139305689 7.0625900756 7.0768416398 7.0868737545 7.1032098398 7.2185513055 7.3068118265 7.3074289677 7.3223308094 7.4022340763 7.4342725895 7.5398027963 7.6474458106 7.662254237 7.737257715 7.7538814269 7.7975269803 7.8754957245 7.8799144061 7.9336007374 8.030371664 8.05292522 8.0702299216 8.139118541 8.1721179647 8.1737501344 8.2020418166 8.3944666583 8.4446047163 8.5232135624 8.5248409843 8.540764547 8.6169226412 8.6991166105 8.7764130761 8.9069607776 9.0091162139 9.6151270917 9.6671023949 10.6606104999 10.7502712423 10.9710462175 15.4902118543 15.5372446713 15.6273978482 15.7937277493 15.9576565087 16.2628807837 24.0627343244 24.5886228587 24.6660195007
280 2.6707920631 2.9672105001 3.0287534913 3.2354870763 3.3190129342 3.6840379296 3.880742015 3.9354729661 3.9498671596 4.0547668478 4.157252704 4.2315747064 4.2835245212 4.308556947 4.4610333164 4.569179664 4.6334577047 4.7753312708 4.8572731117 4.9414110953 4.9660294122 5.0455266192 5.0782151784 5.1575200261 5.2555532013 5.2817272204 5.3610405016 5.3961689341 5.4545429228 5.4601488861 5.5564624596 5.5921916948 5.5992497094 5.7382930709 5.7394393269 5.8115674599 5.8424253769 5.8949985837 6.0016562216 6.0207570124 6.0742172902 6.0782673386 6.1440346027 6.2088107933 6.2639738453 6.3192413347 6.3703605908 6.4610160591 6.5894331306 6.656498042 6.7013129907 6.762167106 6.777630514 6.8499314403 6.9135968419 7.0649471871 7.0818426853 7.0861746296 7.1018805475 7.2221744023 7.3039610662 7.3046278273 7.3239044962 7.3958475375 7.4252461474 7.5382142736 7.644600432 7.6631816257 7.7352091083 7.7599152318 7.8003433081 7.8724254804 7.8779765369 7.9243432561 8.0294765362 8.0582129221 8.069702132 8.1468759832 8.1738470254 8.1792555386 8.2034802075 8.3935360861 8.4443364752 8.5205388247 8.5211780608 8.5376256324 8.616082754 8.7021329388 8.7785969463 8.9060379155 9.0071523441 9.618339357 9.6692205722 10.6609400654 10.7499611683 10.9606997154 15.4914619519 15.5383572844 15.6241744735 15.7966127871 15.9556460307 16.2624161334 24.062922099 24.5934272657 24.668500427
281 2.6637309235 2.9646821826 3.040906792 3.2485342928 3.2931990641 3.6633998714 3.8766607992 3.9355889421 3.9373818111 4.04641128 4.1611357595 4.2114148534 4.2905794123 4.3048215069 4.4453256216 4.5779766529 4.6509829441 4.7988703073 4.8672795102 4.9511040671 4.973337801 5.0591616165 5.0877638192 5.1621572913 5.2699940682 5.2991930501 5.3683753828 5.3963978069 5.4537367022 5.4675509699 5.5535409788 5.5955581815 5.5957459817 5.7252543959 5.7332484255 5.8089573573 5.8370553686 5.8961941053 5.999374884 6.0163820575 6.073166923 6.0747271229 6.1399704781 6.2086604774 6.2841080255 6.3359405731 6.3590970194 6.4597123159 6.5872300714 6.6554982528 6.7021243016 6.7678806769 6.7726662519 6.8585275419 6.9155040427 7.0683913038 7.0820567058 7.0873019133 7.1021693591 7.2258072297 7.2980532244 7.3015155137 7.3274578592 7.3907056174 7.41736668 7.5367702163 7.6407810814 7.6643613026 7.7326017126 7.7653398619 7.8033390682 7.8691189126 7.876242974 7.9148603172 8.0286401453 8.0633133303 8.0682589367 8.1552778969 8.1747069553 8.1854201258 8.2060754747 8.3927389449 8.4439413505 8.5170588785 8.5177190424 8.5344182459 8.6152846655 8.7051471645 8.7807669593 8.9050824501 9.005176083 9.6215427571 9.6713424337 10.6613183998 10.7496554532 10.9502486894 15.4926589863 15.539571366 15.6209025303 15.7995754466 15.9535580114 16.2619514447 24.0631101336 24.5982674343 24.6709442259
282 2.657299838 2.9622479333 3.0534543462 3.2619816727 3.2675819561 3.6430547119 3.8723456044 3.9233573795 3.9354700854 4.0399123232 4.1633053423 4.191355 4.2729617616 4.3282311148 4.4299024888 4.5845671796 4.6700567005 4.8229029278 4.8770611247 4.9607718946 4.9807630099 5.0727733602 5.0964936904 5.1671144401 5.284061676 5.3165441908 5.3734290231 5.3934809217 5.4531796471 5.479010676 5.5509132992 5.5930659453 5.6001599559 5.7106836551 5.7281350078 5.8064838435 5.8315734822 5.897058976 5.9966961175 6.0117553458 6.0676213026 6.0751677757 6.1356032855 6.2072895992 6.3043328079 6.3474105281 6.353023426 6.4566718113 6.5858693836 6.655780509 6.702469325 6.7668304917 6.7737082683 6.8670583589 6.9199532051 7.0727396246 7.078287143 7.0892462833 7.1039608052 7.2293445139 7.2912297703 7.29767321 7.3315333401 7.3866921122 7.4108695613 7.5355076453 7.6361981497 7.6655946195 7.7293728531 7.7699314945 7.8065484184 7.8655507055 7.8748491095 7.9052906452 8.0278703938 8.0661986322 8.0681809779 8.1641562318 8.1748553478 8.1920789137 8.2096847017 8.392070293 8.4434051868 8.5125404297 8.514746365 8.5311599729 8.6144762977 8.7081521953 8.7829182803 8.904096547 9.003195163 9.6247249143 9.6734594377 10.6617513602 10.7493552186 10.9397275696 15.4938060708 15.5408781242 15.6175911006 15.8026114207 15.9513933063 16.2614885512 24.0632976821 24.6031277518 24.6733377743
283 2.6515264841 2.95991974 3.0663861533 3.2422107276 3.2758161026 3.6230490055 3.8674587385 3.9085008206 3.9352420167 4.0348700713 4.1641268999 4.171470052 4.2557416014 4.3532302218 4.4147813029 4.589594563 4.6899751711 4.8473491226 4.8866419362 4.970366246 4.9883694652 5.0862891867 5.1042704885 5.1724643859 5.2975674035 5.3336283574 5.3748447802 5.3908082032 5.452913506 5.4925496256 5.5487671106 5.5918448126 5.6051930689 5.6959535383 5.7229870081 5.8041249789 5.8260046159 5.8975126663 5.9934800379 6.0068939553 6.0616729455 6.0755112394 6.1311182451 6.2045752804 6.3246289538 6.3354230742 6.3704277993 6.4517879318 6.5857181897 6.6569652633 6.7025013967 6.7604499485 6.7796324673 6.8754552366 6.9268011044 7.0735822921 7.0778435543 7.0891143377 7.1067519244 7.2326651402 7.2839852495 7.2934422899 7.3357250955 7.3835957661 7.4059686233 7.5344579264 7.6309620717 7.6667848442 7.7254639853 7.773459821 7.8100184132 7.8616343725 7.873928645 7.8958262002 8.0271732327 8.0637608876 8.0727674993 8.1733715851 8.1745632556 8.1991024742 8.2140564777 8.3915248792 8.4427129742 8.5076805555 8.511608771 8.5278747331 8.6136090001 8.7111406546 8.7850460355 8.9030827682 9.0012175399 9.6278736294 9.6755630209 10.6622451529 10.74906147 10.929171221 15.4949083144 15.542266511 15.6142495157 15.805716321 15.9491528641 16.2610292799 24.0634839975 24.6079926363 24.6756680535
284 2.6464350202 2.9577056647 3.0796915978 3.2171358249 3.2900236288 3.603428487 3.8611878435 3.8939965219 3.9349965676 4.0308431513 4.1518729586 4.1639033086 4.2389537597 4.3793869129 4.3999792692 4.5935246523 4.7102212727 4.8719884645 4.8961811155 4.9798274939 4.9962217067 5.0996463529 5.1109857985 5.178258108 5.3101019731 5.3502771372 5.3721287101 5.3903539762 5.4529905779 5.5070134641 5.5471897108 5.5919059521 5.6106727931 5.6812484751 5.7178473768 5.8019066226 5.8203799425 5.8975018072 5.9896112809 6.0018124832 6.0553560835 6.075706667 6.1266638004 6.2004508192 6.3232397858 6.3449776063 6.3881022769 6.4452660141 6.5867820297 6.6584872264 6.7024758454 6.7540344378 6.7856336183 6.8839118192 6.9355548461 7.0683674243 7.0835888267 7.0870321914 7.1096308149 7.2356171246 7.276542647 7.2892584481 7.3399351898 7.3812276211 7.4027739454 7.5336461697 7.6251375951 7.6678829863 7.7208251344 7.7757356082 7.8137780795 7.8571692096 7.8735971135 7.8867637837 8.0265529647 8.061125382 8.0770219715 8.1740944793 8.1828170345 8.2063914784 8.2189503984 8.3910976435 8.4418489154 8.5025361021 8.50828993 8.524592882 8.6126397994 8.7141048363 8.7871452348 8.9020441075 8.9992513578 9.6309769213 9.677644639 10.6628062787 10.748775085 10.9186148242 15.4959723687 15.5437236501 15.610887368 15.8088856843 15.9468377345 16.2605754443 24.063668335 24.6128465928 24.6779222049
285 2.6420460413 2.955608684 3.0933593606 3.1924103505 3.3045892798 3.584238472 3.8519273456 3.88176004 3.9347996724 4.027387014 4.1327412549 4.1628670228 4.2226308015 4.3855136252 4.4063575928 4.5966685806 4.7304451023 4.8954922019 4.9069382727 4.9890910761 5.0043813127 5.1127874857 5.116575505 5.1845073296 5.3206733967 5.3662970437 5.3683094015 5.3906459885 5.4534809433 5.5218186126 5.5461976477 5.5931822288 5.6164517937 5.6667477324 5.7127704077 5.7998849118 5.8147389769 5.896989846 5.9850205441 5.9965241129 6.0486988333 6.0756822408 6.1223262197 6.1949266987 6.3109411926 6.3653597975 6.4060033675 6.4375313923 6.5887738062 6.6596612781 6.7026349789 6.7483137876 6.7916892696 6.8926768367 6.9456150712 7.0627769149 7.0832807929 7.0898907144 7.1118341348 7.2379786652 7.2691076348 7.2855885534 7.3441579472 7.3795359753 7.4012158958 7.5330903913 7.6187729306 7.6688590194 7.7154193104 7.7766637022 7.8178046634 7.8517929535 7.8739332047 7.8785501585 8.0260123795 8.0584220244 8.0808925384 8.1736602226 8.1924127052 8.2138698019 8.2241799517 8.3907841435 8.4407966052 8.4971620551 8.5047701005 8.5213501652 8.611532718 8.7170366652 8.7892107071 8.9009840256 8.9973049066 9.6340230632 9.6796958065 10.6634414549 10.7484968009 10.9080937657 15.4970059151 15.5452353146 15.6075145321 15.8121149775 15.9444490766 16.2601288365 24.0638499548 24.6176742689 24.6800875853
286 2.638376464 2.9536250751 3.1073773028 3.1680918272 3.3194968137 3.5655241957 3.8384818458 3.8732193767 3.93469742 4.0240210578 4.1143651611 4.1611939964 4.2068036639 4.3714018642 4.4338624184 4.5992425867 4.7504078451 4.9104080332 4.9262871525 4.9981036155 5.0128929586 5.1210284127 5.1256568824 5.1911770733 5.3270843867 5.3673164892 5.3814548454 5.3903099347 5.4544838854 5.5366522573 5.5457415546 5.595522574 5.6223789819 5.6526643045 5.7078249272 5.7981381462 5.809132408 5.8959451367 5.9797042554 5.9910414252 6.0417248454 6.0753525261 6.1181004816 6.1881145496 6.2985754498 6.3857560322 6.4240934058 6.4290917155 6.5912670199 6.6598175704 6.7029644118 6.7442880232 6.7977734196 6.9019129283 6.9564618133 7.0568623253 7.0780039601 7.0966875464 7.1128689506 7.239343391 7.2620428924 7.2828700317 7.3484201383 7.3786053365 7.4010698035 7.5328003068 7.6119140593 7.6696883877 7.7092261224 7.7762645574 7.8220171156 7.8450733705 7.8716883712 7.8749648024 8.0255528361 8.0557425151 8.0843295945 8.1734200142 8.2020988463 8.221478524 8.2296075365 8.3905808844 8.4395393552 8.4916113787 8.5010283781 8.5181851868 8.6102594332 8.719927664 8.7912370487 8.8999064839 8.9953865717 9.6370006178 9.6817081379 10.6641575111 10.748227202 10.8976435432 15.4980171416 15.5467864059 15.6041411965 15.815399602 15.9419881674 16.2596912207 24.0640281256 24.6224605097 24.6821518221
287 2.6354393301 2.9517420293 3.1217323103 3.1442447532 3.3347283567 3.5473311004 3.8218798079 3.8675087621 3.9347205416 4.0201404264 4.0972281155 4.1590196422 4.1915024271 4.3576619815 4.4616560938 4.6014171233 4.7699393252 4.9195270078 4.9513482137 5.006844313 5.0217644025 5.1243793592 5.1381972154 5.1981938595 5.3272039549 5.3718741792 5.3890426797 5.3954568265 5.4561420538 5.5456915753 5.5513178529 5.5987020421 5.6282171982 5.6393550916 5.7030977557 5.7967624159 5.8036259529 5.8943284505 5.9737383953 5.9853770558 6.0344545987 6.0746281447 6.1138625423 6.1802506051 6.2861555562 6.4061458768 6.4204328809 6.4423389471 6.593824474 6.6585306088 6.7030026917 6.7431339478 6.8038554865 6.9116714877 6.9677107933 7.0506383031 7.071294126 7.1039339329 7.1124293298 7.2388412142 7.2561703868 7.2814554598 7.3527576433 7.3785515583 7.4020692243 7.5327754025 7.6046131812 7.6703452453 7.7022438839 7.7746532085 7.8263016182 7.8368395387 7.8664053814 7.8766660394 8.0251743235 8.0531500295 8.0872906224 8.1734915735 8.2118299985 8.229171306 8.2351288596 8.3904855268 8.4380606851 8.4859353039 8.4970460138 8.515135657 8.6087995254 8.7227689247 8.793218588 8.8988159766 8.9935047787 9.6398984713 9.6836733872 10.6649612512 10.7479667052 10.8872996966 15.4990142442 15.5483613918 15.6007779106 15.8187348955 15.939456414 16.2592643262 24.0642021275 24.6271904096 24.6841028684
288 2.6332435143 2.9499339224 3.1209445546 3.1364100845 3.3502638771 3.5297050814 3.8036406361 3.8632134958 3.9348876895 4.0149132985 4.0820973276 4.1564514467 4.1767572452 4.344312757 4.4894924666 4.6033601161 4.7889111181 4.9276155877 4.9772567012 5.0153348469 5.0309573775 5.1266911093 5.1503462252 5.2054653318 5.3224755544 5.3801363106 5.3875169112 5.4079330047 5.4586436665 5.5458064418 5.5656529765 5.6024502252 5.6264261539 5.6345882341 5.698696231 5.7958671026 5.7983054916 5.8920813617 5.9672841825 5.9795442698 6.0269064457 6.0734190918 6.1093558081 6.1717117866 6.2736653466 6.4119693852 6.4265075054 6.4607095135 6.5960686493 6.6557513871 6.7022490642 6.7456300776 6.8098988904 6.9219225488 6.9790975523 7.044096176 7.0632540494 7.1103669464 7.111593983 7.2352896566 7.2526334864 7.2815662072 7.3572019529 7.379431892 7.4039979489 7.5330014005 7.5969362395 7.6707984927 7.6944898178 7.7719997556 7.8273423936 7.8305442866 7.8624919874 7.8789661646 8.0248755108 8.0506866322 8.0897461828 8.1739567726 8.2215706471 8.2369109924 8.2406600959 8.3904969431 8.4363449835 8.4801838665 8.4928097515 8.5122344785 8.6071405096 8.7255510886 8.7951493649 8.8977175589 8.9916679325 9.6427058644 9.6855834876 10.6658592734 10.7477155435 10.8770977757 15.5000049758 15.5499446789 15.5974356499 15.8221161314 15.9368553661 16.2588498402 24.0643712554 24.6318493638 24.6859290571
289 2.6317933106 2.9481561886 3.0982840314 3.1513948598 3.366080399 3.512692693 3.7845966815 3.8595565562 3.9352078166 4.0073454886 4.0699503298 4.1535779035 4.1625995066 4.3313740872 4.5170619419 4.6053012965 4.8072196418 4.9352239603 5.0033544658 5.023627051 5.0404002493 5.1280352991 5.1620329686 5.2129012719 5.3154818615 5.3818977952 5.3936159003 5.4184730599 5.4621584939 5.5457025571 5.5794513041 5.6065158213 5.6158484752 5.6399240922 5.6947467711 5.7932835902 5.7955670512 5.889118562 5.9605843864 5.9735575002 6.0190975026 6.0716186176 6.1042200667 6.1630075768 6.2610740281 6.4040313025 6.4468171567 6.4791765806 6.5977097996 6.6517164693 6.7008514375 6.7515405863 6.8158590981 6.9325883774 6.9904459388 7.0372012424 7.0540261348 7.1066880787 7.1196340388 7.2290285409 7.2510729153 7.2832683687 7.3617700788 7.3812195596 7.406718036 7.5334429427 7.5889735374 7.6710089271 7.6859984441 7.7684964013 7.8169821018 7.8346510394 7.8595775726 7.8817651548 8.0246537953 8.0483788195 8.0916857267 8.1748634168 8.2312920994 8.2446671454 8.2461294792 8.3906150871 8.4343783139 8.474406555 8.4883138614 8.5095070344 8.6052777746 8.7282643329 8.7970231265 8.8966168701 8.9898843553 9.645412424 9.6874305899 10.6668577364 10.7474737451 10.8670733601 15.5009962493 15.5515209062 15.5941259077 15.8255385152 15.9341867334 16.2584494014 24.0645348217 24.6364231153 24.6876191555
290 2.6310878657 2.9463348122 3.0763843346 3.1666690129 3.3821507994 3.496341313 3.7651506158 3.856144107 3.9356819053 3.9968191088 4.0614332484 4.1490633683 4.1504746235 4.3188673808 4.5438210455 4.6077016655 4.8247751395 4.9424720321 5.0294028041 5.0317801757 5.0500106966 5.1284806886 5.1731730791 5.2204285779 5.3075599563 5.3782564779 5.4051571267 5.4267941901 5.4666132182 5.5449023204 5.5922703734 5.6074771186 5.6108657113 5.64496919 5.6913837696 5.7887069762 5.7959685998 5.8853303289 5.9539474959 5.9674328861 6.0110444656 6.0690508421 6.0981172667 6.1547109295 6.2483546432 6.3968669019 6.46704845 6.4977127037 6.5985548059 6.6467795078 6.6994034056 6.7599765504 6.8216809298 6.9435654349 7.0016421384 7.0298657211 7.0438259267 7.1015352663 7.1280134439 7.2214641734 7.2500931601 7.286482327 7.3664565034 7.3838184933 7.4101603082 7.5340269701 7.5808598891 7.6709268485 7.6768186546 7.7643388469 7.8060747098 7.8385532237 7.8573668978 7.8849495388 8.0245053517 8.046241671 8.093121335 8.1762258765 8.2409702243 8.2514722561 8.2524142459 8.3908406283 8.4321493088 8.4686529766 8.483560224 8.5069704027 8.6032145029 8.730898368 8.7988333395 8.8955201475 8.9881622235 9.6480081916 9.689207099 10.6679620577 10.747241106 10.8572621499 15.5019937878 15.5530751561 15.5908608213 15.8289971741 15.9314524071 16.2580645932 24.0646921596 24.6408977998 24.6891624201
291 2.63112041 2.9443477464 3.0554142265 3.1822125199 3.3984419046 3.4806992595 3.7455256386 3.8527117244 3.9363042301 3.9837018591 4.0562549604 4.1361879658 4.1472084887 4.3068160368 4.5683733251 4.6118704103 4.8414944195 4.9494170409 5.0398448636 5.0552085153 5.0597112842 5.12809378 5.1836622513 5.2279985624 5.2992860019 5.3737376137 5.4172851779 5.4329807621 5.471347545 5.5431517879 5.6021971887 5.6027491393 5.6163919207 5.6494400484 5.6887222874 5.7847631506 5.7971477426 5.8806042189 5.9477141382 5.9611888295 6.0027644437 6.0653591646 6.0910101262 6.147297442 6.2355003171 6.3906491938 6.4871714959 6.5162906932 6.5985084996 6.641299563 6.6983787389 6.7700687097 6.8272948813 6.9547359749 7.0126167917 7.0218551507 7.0330366298 7.0951456523 7.1366692999 7.2134122406 7.2489342397 7.291020532 7.3712269885 7.38709227 7.4143023022 7.5346022613 7.5728193651 7.6670101978 7.6704900598 7.7597193371 7.7948275353 7.8422053488 7.8556689191 7.8884044658 8.0244251893 8.044281985 8.0940878092 8.1780273347 8.2505837376 8.2566279106 8.2601303676 8.3911742975 8.4296500669 8.4629734755 8.4785569051 8.5046341706 8.6009616049 8.733442447 8.8005732169 8.8944342312 8.9865095067 9.6504836521 9.6909057095 10.6691765241 10.7470171537 10.8477001541 15.5030018095 15.5545930826 15.5876533462 15.83248714 15.9286544897 16.2576969379 24.064842626 24.6452599848 24.6905486521
292 2.6318772202 2.9419920284 3.035623948 3.1980021846 3.4149113601 3.4658158493 3.725872693 3.8490071826 3.9370632951 3.9690565451 4.0534874866 4.1240209213 4.1438404966 4.295246019 4.586735154 4.6216962843 4.8572964893 4.9561042457 5.0478578231 5.069433886 5.080542048 5.1269691899 5.1933666791 5.2355884188 5.290951985 5.3688023698 5.4294944867 5.4374793552 5.4749889724 5.5410283758 5.6002559685 5.6085751993 5.6249846159 5.6532393305 5.6868177415 5.7816816313 5.7991210646 5.8748707211 5.9422034794 5.9548465752 5.9942759107 6.0598598937 6.0834968771 6.1409665755 6.2225342431 6.385482298 6.5071517157 6.5348827339 6.5975679956 6.6355888554 6.6979806784 6.7811742714 6.832612211 6.9659737826 7.0125802788 7.0224196047 7.0233325355 7.0878006992 7.1454823896 7.2052801872 7.247321114 7.2966339117 7.3760140202 7.3908970173 7.419142097 7.5348393351 7.5652707648 7.6566402758 7.6696227614 7.7548262101 7.7833796629 7.845580175 7.8543607463 7.8920212016 8.024407221 8.0425006669 8.0946388263 8.1802247314 8.2601127544 8.2615389733 8.2677962067 8.3916158858 8.4268769707 8.4574196514 8.4733162539 8.5025019546 8.5985376742 8.7358853911 8.8022357614 8.8933665526 8.9849339101 9.6528297603 9.6925194385 10.6705037871 10.7468010983 10.8384240085 15.5040227295 15.5560609527 15.5845175031 15.8360033195 15.9257953358 16.25734789 24.0649856043 24.6494967031 24.6917682558
293 2.6333362191 2.9389299991 3.0174003942 3.2140105247 3.4315022437 3.4517413824 3.7063182873 3.8447287702 3.9379425523 3.9539800848 4.0522406057 4.1126244699 4.1404277171 4.2841865477 4.5954318993 4.6405481117 4.8721010162 4.9625775202 5.0558426053 5.0791174127 5.1048546421 5.1255032188 5.2021083204 5.2431992376 5.28275763 5.3636858144 5.4408056762 5.4416154828 5.4758289689 5.5400761354 5.6011551539 5.6105682892 5.6354783529 5.656368303 5.6856468919 5.7797217385 5.8018129005 5.8681597853 5.9376544162 5.9484307808 5.9855999274 6.0517319855 6.0766584378 6.1356172481 6.2095130509 6.3814072407 6.5269482482 6.5534593118 6.5958074395 6.6298943095 6.6982191041 6.7928332612 6.8375186871 6.9771478331 7.0013214985 7.0128968242 7.0337737523 7.0797838335 7.1541748218 7.1974588999 7.2451710705 7.3030489589 7.3807133685 7.3951137638 7.4246710986 7.5340338552 7.5590308352 7.6457807802 7.6682365225 7.7498451365 7.7718360491 7.848663781 7.853357903 7.8957009404 8.0244443514 8.0408945535 8.0948403962 8.1827556525 8.2661510488 8.2695372777 8.2753944828 8.3921628592 8.4238313673 8.4520447267 8.4678533857 8.5005728958 8.5959689492 8.7382156332 8.8038138225 8.8923251058 8.9834428213 9.6550379674 9.694041657 10.6719442081 10.7465917675 10.8294714646 15.5050568572 15.5574655773 15.5814687375 15.8395404451 15.9228776121 16.257018831 24.0651205073 24.6535954768 24.6928123012
294 2.6354650834 2.9346283862 3.0013299982 3.2302041274 3.4385270352 3.4481332837 3.6869935036 3.839490386 3.9389209876 3.9393895735 4.0518807295 4.1020870814 4.1370246331 4.2736709157 4.5987606382 4.664008154 4.8858300558 4.96887987 5.0638120827 5.0887029902 5.1194660755 5.1322069528 5.2096417161 5.2508521336 5.2748987611 5.3585951239 5.4433065856 5.453554584 5.4727996736 5.5416935284 5.6040142328 5.6105047244 5.6457786192 5.6589520739 5.6851883987 5.7791379033 5.8050222996 5.8606382593 5.9341941587 5.9419699828 5.9767618714 6.0409205275 6.0710176693 6.1309982881 6.1965261405 6.3784080179 6.5465117667 6.5719877408 6.5933549055 6.6243981609 6.6990012758 6.8047011462 6.8418674341 6.9881264725 6.9882987492 7.0044927125 7.0439356817 7.0713529093 7.1619106623 7.1908239074 7.2424887797 7.3099890064 7.3851813142 7.3996739047 7.4308510831 7.5311436252 7.5552849522 7.6345064866 7.6662351927 7.7449579068 7.7602882488 7.8514515654 7.8525977929 7.8993561829 8.0245285873 8.0394578051 8.0947636446 8.1855454345 8.2704138644 8.2788348419 8.2829101996 8.3928085956 8.4205201295 8.4469036966 8.4621854497 8.4988428493 8.5932892522 8.7404212855 8.8053001669 8.8913183952 8.9820432633 9.6571002452 9.6954661188 10.6734950079 10.7463875236 10.8208821009 15.5061020737 15.5587940613 15.5785244829 15.8430929963 15.9199043868 16.2567110635 24.0652467797 24.6575443285 24.6936725959
295 2.6382186884 2.9283983969 2.9881613719 3.2465411676 3.4262246369 3.4646799389 3.6680629868 3.8328287637 3.9260667326 3.9399736493 4.0519474651 4.0925467414 4.1336840213 4.2637374315 4.6002438862 4.6884136972 4.8984136337 4.9750489442 5.0717705947 5.0981281798 5.1172283524 5.1540475928 5.2156201879 5.2585830834 5.2676301859 5.3537356547 5.4450333331 5.4652438729 5.4663768955 5.5459408013 5.6079609362 5.6091244673 5.6546386099 5.661267442 5.6856922248 5.7801224963 5.8083860894 5.8526158584 5.9318543483 5.9354967185 5.9677940934 6.028321009 6.0662095168 6.1268647026 6.1836949591 6.376418779 6.5657814407 6.5903680428 6.5904299509 6.6192277225 6.7001927288 6.8165037371 6.8454727389 6.974186559 6.9968334155 6.9987836779 7.0538103079 7.0627261561 7.165927318 7.1881294581 7.2393394687 7.3171828386 7.3892330269 7.4045705003 7.4376016636 7.5259349171 7.5544484522 7.6228943865 7.6635256878 7.7403356285 7.7488269971 7.8520312701 7.8539453266 7.9029107021 8.024651178 8.0381829612 8.0944786539 8.1885129505 8.2742831906 8.2879731462 8.2903355995 8.3935403543 8.4169562226 8.4420531736 8.4563317504 8.4973052939 8.5905398538 8.7424902335 8.8066875622 8.890355357 8.9807418516 9.6590091103 9.6967869861 10.675149163 10.7461861625 10.8126983147 15.5071534738 15.560033164 15.5757051477 15.8466550689 15.9168792698 16.2564258059 24.0653639009 24.6613317712 24.6943417729
296 2.6415356739 2.9197654347 2.978439335 3.262967561 3.4148863093 3.4809350817 3.6497706277 3.8242967368 3.9146523992 3.941072184 4.0520167838 4.0842365023 4.1304574632 4.2544304579 4.6009950181 4.7124859804 4.9097991652 4.9811088456 5.0797151519 5.1073200858 5.1130666803 5.1759159511 5.2195684405 5.2613151054 5.2664363424 5.3493141717 5.4452186648 5.4585937296 5.4766221223 5.5519283111 5.6068414052 5.6122241997 5.6606807011 5.6637598558 5.6880026062 5.7827469495 5.8113134399 5.844561655 5.9290467783 5.9306169916 5.9587402655 6.0149537538 6.0617506599 6.1230374043 6.1711766894 6.375332464 6.584680616 6.5870148864 6.6087389717 6.6144674674 6.7016525581 6.8280099888 6.8481096796 6.9594005001 6.9898716108 7.009007776 7.0540777331 7.0633662424 7.1632492738 7.1922784477 7.2358680737 7.3243676137 7.3926448091 7.4098524085 7.4447993883 7.519468803 7.555684965 7.6110243227 7.6600349325 7.7361255184 7.7375509135 7.8516183232 7.8561512382 7.9062987982 8.0248027886 8.037061734 8.0940502132 8.191574381 8.2777234272 8.2968363463 8.2977406742 8.3943372557 8.413159547 8.4375507883 8.4503147305 8.4959520804 8.5877691936 8.7444102615 8.8079688706 8.8894452483 8.9795447582 9.6607576464 9.6979988544 10.6768939806 10.7459848137 10.8049666468 15.5082029722 15.5611676155 15.5730361847 15.8502201568 15.9138066405 16.2561641881 24.0654713868 24.6649467625 24.6948134083
297 2.6453338876 2.9090043952 2.9719746429 3.2794108367 3.4045639433 3.4965209685 3.6325327095 3.8136486224 3.9055209708 3.9421854467 4.0515766085 4.0775490456 4.1273955251 4.2458014694 4.60139038 4.7356513766 4.9199628918 4.9870600652 5.0876355569 5.1080475016 5.1161861881 5.1965713151 5.2209653111 5.2563728764 5.2744559088 5.3455274438 5.440394026 5.4540349799 5.4876241291 5.5587403147 5.6039761485 5.6161047979 5.6628740066 5.6670185239 5.6928699716 5.7869353309 5.8128353172 5.8372218198 5.9226564666 5.9304538309 5.9496628821 6.0016360482 6.0573739864 6.119386064 6.15917752 6.3750105821 6.5834621731 6.6031105058 6.6101701053 6.6268531297 6.7032513257 6.8390151079 6.849529113 6.9441819309 6.9838003346 7.0187114731 7.0455397614 7.0725183558 7.1570985778 7.1998142582 7.2324087288 7.3312929042 7.3951667399 7.4156040011 7.4522831546 7.5128391846 7.5581637022 7.5989812606 7.6557294218 7.7265737765 7.7324346973 7.8513257511 7.8580784463 7.909464278 8.0249737081 8.0360855993 8.0935354949 8.194645109 8.2807105139 8.3045733215 8.305920145 8.3951688093 8.4091585422 8.4334539094 8.4441619724 8.4947740936 8.5850323598 8.7461692111 8.8091371522 8.8885975032 8.9784576784 9.6623395254 9.6990967734 10.6787092933 10.7457798864 10.7977394551 15.5092388876 15.5621749618 15.5705536525 15.8537807712 15.9106920364 16.2559272462 24.0655687926 24.6683785975 24.6950821957
298 2.649504514 2.8970470133 2.967943156 3.2957700858 3.3953084998 3.5106820429 3.6171503619 3.8009912433 3.8986671091 3.9432802422 4.0500419481 4.0729877234 4.124547619 4.2379099649 4.6015897022 4.7575134854 4.9289186808 4.992871248 5.0955132858 5.1023421186 5.1246008693 5.2156964486 5.219631543 5.2529404045 5.2826747455 5.3425340786 5.4302515322 5.4537375689 5.4981719758 5.565732183 5.6007915357 5.6190212006 5.6618812659 5.6716503223 5.699542883 5.7924858749 5.8115193636 5.8317143835 5.9163556727 5.9313347206 5.9406566504 5.989041146 6.0529848984 6.1157755986 6.1479817932 6.3752934131 6.5798697848 6.6063657559 6.6209406768 6.6446862366 6.7048782254 6.84932955 6.8495010868 6.9287167963 6.9789087231 7.0278404659 7.0372089196 7.0810778696 7.1502990661 7.2071094898 7.2299234254 7.3377302964 7.396556371 7.421915189 7.4598588492 7.5067345816 7.5614735634 7.5868599824 7.6506300519 7.7160316346 7.7293184276 7.851125812 7.8597380371 7.9123594091 8.0251540919 8.035246231 8.0929832253 8.1976403601 8.2832346501 8.3115876729 8.3143957602 8.3959948727 8.4049933957 8.4298172664 8.4379097115 8.4937618536 8.5823902066 8.7477551745 8.8101857748 8.8878215525 8.9774858018 9.6637490277 9.7000762661 10.6805652459 10.7455671883 10.7910768375 15.5102455542 15.5630055304 15.5683246317 15.85732775 15.9075428526 16.2557159189 24.0656557148 24.6716166818 24.6951442347
299 2.6539049457 2.8848949516 2.9654807087 3.3118989886 3.387169126 3.5218403718 3.6052604407 3.7867483362 3.8937703603 3.9443222474 4.0472011358 4.0707014839 4.121961543 4.230823944 4.6016747783 4.7777073031 4.9367173247 4.9984772934 5.0960876789 5.103318682 5.1323847141 5.2161441367 5.2330607832 5.2505266333 5.2911034434 5.3404141508 5.4184513814 5.4544858876 5.5081653076 5.572477722 5.5975009372 5.6206642589 5.6590447791 5.6780559448 5.7067207762 5.7991196019 5.8066679688 5.828399166 5.9101532106 5.9318722993 5.9331980289 5.9777526141 6.0485948341 6.1120007486 6.137997345 6.3760099066 6.5763886159 6.6030692713 6.6379942547 6.6621106509 6.7064423525 6.8478938513 6.8587719374 6.9131930797 6.9754727044 7.0291563597 7.036377036 7.0886626054 7.1439710996 7.210795925 7.2309508692 7.3434885682 7.3966428452 7.4288458118 7.4672989936 7.5015708295 7.5654383171 7.574774025 7.6448155402 7.7060901684 7.7267797665 7.8509953618 7.8611421958 7.9149439735 8.0253342352 8.0345358164 8.0924338141 8.2004753667 8.2853021551 8.3183474427 8.3225932388 8.3967682767 8.4007223873 8.4266888272 8.4316089999 8.4929060425 8.5799079686 8.7491567206 8.8111085278 8.8871266104 8.9766337858 9.66498106 9.7009333452 10.6824197746 10.7453424875 10.7850484378 15.5112030632 15.5634807237 15.5665491824 15.8608489253 15.9043696804 16.2555310437 24.0657317925 24.6746500601 24.6949975582
300 2.6583511719 2.8733318865 2.9639796379 3.3275764735 3.3801921007 3.5272559241 3.5996826966 3.7714996473 3.8903889043 3.9452771479 4.0435862626 4.0701039085 4.1196827038 4.2246194944 4.601693612 4.795851033 4.9434302526 5.0037851752 5.0894684063 5.1110053893 5.1392739826 5.2115449074 5.2483781856 5.2484640505 5.2997251739 5.3391356739 5.4061952876 5.455359831 5.5174684724 5.5786866609 5.5942767274 5.6210869036 5.6552981478 5.6862834383 5.7135877116 5.7994695054 5.8065205769 5.8258531127 5.9040129149 5.92355453 5.9358884409 5.9682489866 6.0442860074 6.1077703449 6.1297619212 6.3769868886 6.5731595608 6.6002858871 6.654024553 6.6789274435 6.7078712434 6.8447735778 6.8671653837 6.8978428893 6.9736585751 7.021440279 7.0443352714 7.0945524914 7.139012108 7.209338733 7.2366835831 7.3484288941 7.3954145432 7.4363880185 7.4743366502 7.4975581011 7.5628730534 7.5699766438 7.6384143449 7.696951699 7.7247814158 7.8509152591 7.8623034489 7.917184472 8.0255048687 8.0339472819 8.0919199933 8.2030658095 8.286935732 8.3248326541 8.3303704903 8.3964342331 8.3974413633 8.4241032654 8.4253369271 8.4921979411 8.577653235 8.7503631486 8.8118997369 8.8865214326 8.9759057301 9.6660311727 9.701664528 10.6842161489 10.7451030285 10.7797342518 15.5120873091 15.5630470137 15.5658062972 15.864326365 15.9011890725 16.2553733532 24.0657967097 24.677466392 24.6946432049
301 2.6626120373 2.862951469 2.9630677063 3.3424556291 3.3744196444 3.5251290888 3.6023221307 3.7558797006 3.8881143481 3.9461119882 4.0399487643 4.0703921933 4.1177530442 4.2193788832 4.6016770565 4.8115335942 4.9491161609 5.008681103 5.0827558399 5.118499505 5.1448856576 5.2068099292 5.2460619812 5.2617107116 5.3085100727 5.338553115 5.3938895697 5.4561505969 5.5258924628 5.5841527263 5.5912619347 5.6205963322 5.6512540873 5.696088897 5.7196940923 5.7910637746 5.8143433758 5.8229515473 5.8978415138 5.9160787582 5.9390752661 5.9608621818 6.040197639 6.1029343292 6.1237136589 6.3780576007 6.5703121403 6.598015362 6.6686789419 6.6948131513 6.7091084916 6.8404868263 6.8743374846 6.8829968479 6.9734632824 7.0141220904 7.0517444965 7.0976717144 7.1364802275 7.2054377103 7.2441945383 7.3524716039 7.3930945176 7.444426606 7.4806548471 7.4947090344 7.5513784847 7.5750337129 7.6315928633 7.6888595912 7.7232638799 7.850869928 7.8632339431 7.9190534835 8.0256574647 8.0334744528 8.0914676554 8.2053291758 8.2881724952 8.3309644089 8.3375433786 8.3922713687 8.3979765053 8.4192179456 8.422073367 8.4916297662 8.5756931929 8.75136476 8.8125543753 8.8860140538 8.9753051533 9.6668955739 9.7022668477 10.685881487 10.7448507024 10.7752228228 15.5128706015 15.5618598181 15.5659694083 15.8677301188 15.8980298027 16.2552434723 24.0658501964 24.680049543 24.6940876728
302 2.6664105209 2.8542429744 2.9625223988 3.3559781597 3.3698886517 3.517842715 3.6109095871 3.7406278626 3.8866302498 3.9467966916 4.0367967635 4.0710081693 4.1162097357 4.2151865207 4.6016459626 4.8243264984 4.953777031 5.013022962 5.0763513732 5.1256769063 5.1487190897 5.2027196346 5.2435831666 5.2725663072 5.3174551119 5.3384456255 5.3817645685 5.456790752 5.5331705353 5.5885889874 5.5887158493 5.6195820134 5.6474045443 5.7070653829 5.7247484929 5.7818088464 5.819695673 5.8221708428 5.8915793689 5.9099110602 5.9421501334 5.9558109359 6.0365275327 6.0979060115 6.1197628428 6.3790698477 6.5679619742 6.5962548318 6.681448692 6.7092267734 6.7101113374 6.835693902 6.8691757047 6.8801244604 6.9747097536 7.0072924004 7.0586124267 7.0973718061 7.1368940667 7.2009653701 7.2514289545 7.3555895222 7.3901570398 7.4526812067 7.4858749817 7.4928711414 7.5406597884 7.5805361152 7.6245536644 7.6820952939 7.7221626087 7.8508470276 7.8639447568 7.9205291682 8.0257845397 8.0331121643 8.0910967005 8.2071874837 8.2890594213 8.3365995717 8.3438100802 8.3884689787 8.3983574323 8.413465406 8.4205826283 8.4911949149 8.5740911531 8.7521531351 8.8130681677 8.8856115201 8.9748349702 9.6675711433 9.7027378641 10.6873279606 10.7445971211 10.7716048636 15.5135231468 15.5606892925 15.5662991083 15.8710024006 15.8949486878 16.255141916 24.06589203 24.6823732139 24.6933493261
303 2.6694404407 2.8476370011 2.9622097389 3.3666294367 3.3672544261 3.5093969042 3.6214514329 3.7268276415 3.8857131917 3.9473056561 4.0344070763 4.0716279222 4.1150837453 4.2121224504 4.6016145642 4.8338185261 4.9573226288 5.0165980202 5.0708334005 5.1323069799 5.1503165599 5.1998293102 5.2412572638 5.2807179907 5.3266097256 5.3385757163 5.3700193815 5.4572548431 5.538932696 5.5864115281 5.5922202566 5.6184297199 5.6442046702 5.7186524343 5.7285314921 5.7718411817 5.8166796022 5.829388044 5.8855038471 5.9054211116 5.9441527157 5.9533388567 6.0335400243 6.0935423726 6.1173896519 6.3798939596 6.5662068856 6.5950006673 6.6916214022 6.7108486097 6.7212688103 6.8313314344 6.8572497464 6.884379514 6.9770532514 7.0011335712 7.0648341804 7.0945040427 7.1392091638 7.1968387387 7.2573658033 7.3577905914 7.3872656567 7.4605739203 7.4895654424 7.4918051011 7.53139114 7.5863235 7.6175756241 7.6769607405 7.721420075 7.8508372018 7.8644452654 7.9215948926 8.0258799362 8.0328563367 8.0908217902 8.208571479 8.2896464222 8.3414698664 8.3486975376 8.3853919783 8.3985942815 8.4084587444 8.4195857403 8.4908881283 8.5729025496 8.7527213982 8.8134376836 8.8853196316 8.9744974721 9.6680554421 9.703075671 10.6884591297 10.7443685578 10.7689619 15.5140156194 15.5597829571 15.5665779495 15.8740125326 15.8920756475 16.2550690868 24.0659220363 24.6843813994 24.6924779663
304 2.6714070482 2.8435000327 2.9620502441 3.3646645915 3.3749953945 3.5028697958 3.6303708749 3.7163923013 3.8852174325 3.9476192769 4.032925627 4.0720656348 4.1143984299 4.2102537766 4.6015921911 4.8396659426 4.959577284 5.0190568989 5.0669703825 5.1378541805 5.1497466633 5.1982898799 5.2395574121 5.2858054468 5.3359235984 5.3387418824 5.3589915538 5.4575342851 5.5427087139 5.5849389561 5.5944730694 5.617512628 5.6420721327 5.7297610925 5.7308750207 5.7618512239 5.8145714105 5.8349225771 5.8806101329 5.9027392471 5.9445971681 5.9530852834 6.0315512942 6.0906149952 6.116128811 6.3804304031 6.5651220258 6.5942496273 6.6983051168 6.7112991396 6.7295747455 6.8283972647 6.8486641459 6.8869843926 6.9798310513 6.9961439397 7.0699052896 7.0908922092 7.1415870302 7.1938426718 7.2612803449 7.359097409 7.3851393666 7.4669050061 7.4912755582 7.4914104393 7.5247646083 7.5918859912 7.6112605078 7.6737396039 7.7209925281 7.8508338941 7.864742595 7.9222389574 8.0259390652 8.0327040258 8.0906529556 8.209425908 8.2899779565 8.3450505771 8.351668184 8.3834563055 8.3987160592 8.4048465761 8.4190224116 8.4907055945 8.5721708139 8.7530644505 8.8136604136 8.8851427142 8.9742943093 9.6683467225 9.7032789026 10.6891833696 10.7442046452 10.7673540823 15.5143227296 15.5592173087 15.56675526 15.8764220477 15.8897486055 16.2550252735 24.0659400902 24.6859204114 24.6916228337
305 2.6720900913 2.8420896684 2.9620015291 3.3640080698 3.3777969438 3.5004072412 3.6340192302 3.7122970716 3.8850609959 3.9477252208 4.0324244954 4.0722220783 4.1141683429 4.2096255753 4.6015841573 4.8416414611 4.9603557681 5.0199536925 5.0655591528 5.1405255837 5.1487189248 5.1978429606 5.2389282022 5.2875377916 5.3388124206 5.3426733018 5.3516407054 5.4576274181 5.5440362746 5.5844092586 5.5952592936 5.6171588159 5.6413214007 5.7316690973 5.7359674971 5.7560391001 5.8138190367 5.8371129613 5.878620793 5.9018516142 5.9445271174 5.953309876 6.030848222 6.0895886692 6.1157327955 6.3806163788 6.5647549677 6.5939995346 6.7006548581 6.7114506561 6.7325940973 6.8274212726 6.8454126565 6.8878616884 6.9813537952 6.9938975312 7.0721627517 7.0890364158 7.1425671687 7.1927280678 7.2626514768 7.3595303744 7.3843556045 7.4695178208 7.4911183891 7.4918045557 7.5223036788 7.5949119459 7.6079772238 7.6726401299 7.720853031 7.8508332203 7.8648411998 7.9224544139 8.0259590941 8.0326534537 8.0905960382 8.2097148753 8.2900847986 8.3464477225 8.3525913996 8.3828296739 8.3987525227 8.4034871936 8.4188413266 8.4906450072 8.571923715 8.7531791544 8.8137348282 8.8850834404 8.9742264774 9.6684439328 9.7033467378 10.6894331452 10.7441444367 10.7668148049 15.5144271599 15.559025404 15.5668156227 15.8774428452 15.8887553354 16.2550106497 24.0659461166 24.6865678168 24.6912036859
306 2.6720900913 2.8420896684 2.9620015291 3.3640080698 3.3777969438 3.5004072412 3.6340192302 3.7122970716 3.8850609959 3.9477252208 4.0324244954 4.0722220783 4.1141683429 4.2096255753 4.6015841573 4.8416414611 4.9603557681 5.0199536925 5.0655591528 5.1405255837 5.1487189248 5.1978429606 5.2389282022 5.2875377916 5.3388124206 5.3426733018 5.3516407054 5.4576274181 5.5440362746 5.5844092586 5.5952592936 5.6171588159 5.6413214007 5.7316690973 5.7359674971 5.7560391001 5.8138190367 5.8371129613 5.878620793 5.9018516142 5.9445271174 5.953309876 6.030848222 6.0895886692 6.1157327955 6.3806163788 6.5647549677 6.5939995346 6.7006548581 6.7114506561 6.7325940973 6.8274212726 6.8454126565 6.8878616884 6.9813537952 6.9938975312 7.0721627517 7.0890364158 7.1425671687 7.1927280678 7.2626514768 7.3595303744 7.3843556045 7.4695178208 7.4911183891 7.4918045557 7.5223036788 7.5949119459 7.6079772238 7.6726401299 7.720853031 7.8508332203 7.8648411998 7.9224544139 8.0259590941 8.0326534537 8.0905960382 8.2097148753 8.2900847986 8.3464477225 8.3525913996 8.3828296739 8.3987525227 8.4034871936 8.4188413266 8.4906450072 8.571923715 8.7531791544 8.8137348282 8.8850834404 8.9742264774 9.6684439328 9.7033467378 10.6894331452 10.7441444367 10.7668148049 15.5144271599 15.559025404 15.5668156227 15.8774428452 15.8887553354 16.2550106497 24.0659461166 24.6865678168 24.6912036859
307 2.6719095345 2.8417174104 2.9618665614 3.3632848686 3.3783677758 3.5006607937 3.6349746543 3.7124276797 3.8829527838 3.9417693122 4.0382507626 4.0715980373 4.116061631 4.2083280552 4.6027114419 4.8419843596 4.9599330802 5.0185509904 5.0653752581 5.1397553029 5.1489681635 5.1971052276 5.2357623408 5.2892891276 5.3381780467 5.3464538665 5.352085699 5.457037224 5.5445296051 5.581814871 5.595280387 5.6191057554 5.6412542505 5.7326331819 5.7359408899 5.7564218201 5.8131228115 5.8379131909 5.8785697574 5.9026745378 5.9453252102 5.9534209449 6.0311505771 6.0898867921 6.1162665301 6.3806786092 6.5642801235 6.5937688966 6.7005624573 6.710978458 6.7328323296 6.8274383441 6.8452696327 6.8878008441 6.9809328208 6.993786088 7.0720062451 7.088969957 7.1424682581 7.1923049486 7.2626738264 7.3563391619 7.3873699102 7.4678082594 7.4909330906 7.4928379579 7.522196063 7.5955125785 7.6079315168 7.672523264 7.7209445362 7.845217255 7.87028322 7.9224674837 8.0259483194 8.0317860825 8.0908674355 8.2104201196 8.2898406227 8.3463726796 8.3522845507 8.3826418313 8.398456241 8.4034888612 8.4192515729 8.4912300767 8.5717191946 8.7530887392 8.8137858154 8.8851691244 8.9742443366 9.668440115 9.7033520096 10.6894568407 10.7441599752 10.7668025997 15.5144244742 15.5590288906 15.5667797174 15.8774837816 15.888823127 16.2550195204 24.0659507526 24.6865908365 24.6911887514
308 2.6713696658 2.8406071766 2.9614625632 3.3611526089 3.3800699526 3.5014207091 3.6378061695 3.7128096596 3.8768306443 3.9271716999 4.052468548 4.069742958 4.1215287766 4.2044856575 4.6060412618 4.8430065986 4.9585409931 5.0146962463 5.0648229073 5.1374143377 5.1489584216 5.1958667784 5.2273038389 5.2940018197 5.3377435586 5.3535115007 5.3552958714 5.4553431948 5.5459095908 5.5753483199 5.5954506993 5.6236377574 5.6410448508 5.7354579213 5.7358561107 5.7575807699 5.8115225788 5.8398391348 5.878427179 5.9052000069 5.9476541429 5.9537429975 6.0320610265 6.0907814325 6.1178632121 6.380865465 6.5628615047 6.5930777267 6.7002850735 6.7096250239 6.7334794864 6.8274899186 6.8448403818 6.8876178096 6.9796835664 6.9934532989 7.0715283906 7.0887703223 7.1421685342 7.1910285744 7.2627379535 7.3493557855 7.393823062 7.4636306854 7.4883834786 7.4970480775 7.5218782747 7.5972482224 7.6077835239 7.672187854 7.7212119201 7.8356111902 7.87936594 7.9225066946 8.0259163336 8.0292447183 8.0916760243 8.212486037 8.2891147601 8.3461471442 8.3513704142 8.3821277816 8.3976319149 8.4034511717 8.4204302464 8.4929518534 8.5711129959 8.7528184099 8.8139379951 8.8854243842 8.9742978885 9.6684286663 9.7033678027 10.6895278969 10.7442065289 10.766765972 15.5144164465 15.5590393386 15.5666721672 15.8776063885 15.8890262329 16.2550460911 24.0659646428 24.6866598053 24.6911440068
309 2.6704758673 2.8387782601 2.9607922364 3.3577110632 3.3828792834 3.5026847713 3.6424148863 3.7134110861 3.8672159471 3.9084290619 4.0666917399 4.0706108341 4.1300342514 4.1982402186 4.6114259132 4.8446886232 4.9558054019 5.0093199143 5.0639001357 5.1334135266 5.1469179945 5.1963086382 5.2155923095 5.3004357564 5.3375806993 5.3561804208 5.3671070663 5.4527502884 5.5479180327 5.5668356501 5.5960631872 5.6289344417 5.6406944447 5.7357001018 5.7399498809 5.7595540148 5.8099223958 5.8420650316 5.8782232814 5.9095266174 5.9513444425 5.9542445184 6.0335891088 6.0922732921 6.120509047 6.3811773996 6.5605165924 6.5919283064 6.6998221873 6.707532541 6.7343806095 6.827576993 6.8441243568 6.887311042 6.9776453562 6.9929037089 7.0707058666 7.0884367189 7.1416591335 7.1888797069 7.2628350267 7.3412073977 7.4010908144 7.4581871423 7.4843275502 7.5025507099 7.5213637755 7.5999441923 7.6075008563 7.6716796248 7.7216321416 7.8253365529 7.8887626455 7.9225721329 8.0252010915 8.0258641299 8.0930057349 8.2157753254 8.2879267489 8.34577019 8.3498713327 8.3814085506 8.3964133034 8.4032994732 8.4222455109 8.4957154215 8.5701282924 8.7523708575 8.8141890775 8.8858439133 8.9743870565 9.6684096011 9.7033940506 10.689646223 10.7442839129 10.7667048846 15.5144031648 15.5590567128 15.5664934684 15.8778100606 15.8893638475 16.2550902388 24.065987734 24.6867744522 24.6910696279
310 2.6692370333 2.8362617688 2.959860044 3.353101621 3.3867642219 3.5044493227 3.6486514931 3.714169639 3.8547657336 3.8878489442 4.0624780567 4.0904285087 4.1409230587 4.1898026858 4.6186437985 4.8469971562 4.9511549031 5.003620509 5.0626037648 5.1276138208 5.1416912727 5.1998622807 5.2023439304 5.3072973956 5.3375203512 5.3604609902 5.3803475473 5.4495424256 5.5502507217 5.5572422279 5.5975123477 5.633867112 5.6404004786 5.7354576147 5.7458036396 5.7624285842 5.8090282242 5.8440869055 5.8780043762 5.91565422 5.9548789207 5.9561824544 6.0357486527 6.0943631218 6.1241804072 6.3816150294 6.5572736993 6.5903246067 6.6991730156 6.7048430367 6.7353735652 6.8277009545 6.8431206172 6.8868778363 6.974878621 6.992144645 7.0695048796 7.0879677619 7.1409256712 7.1858322704 7.2629501285 7.332870649 7.4082053029 7.4519962537 7.4789931024 7.5088226891 7.5206711852 7.6033712153 7.6070308887 7.6710749071 7.7221607375 7.8149127195 7.8979427636 7.922664206 8.0199144995 8.0257932907 8.0948315984 8.2200930718 8.2863076908 8.345241158 8.3478318658 8.380620392 8.3949277995 8.4029870521 8.4245359898 8.4993766719 8.5688078015 8.7517503826 8.8145354236 8.886419096 8.974511714 9.668382944 9.7034306425 10.6898116677 10.7443918195 10.7666192764 15.5143847746 15.5590809544 15.5662444428 15.8780937946 15.8898346316 16.255151759 24.0660199378 24.6869343266 24.6909659073
311 2.6676654592 2.8330991845 2.9586721508 3.3474894018 3.3916857934 3.5067093137 3.6563322173 3.7149741646 3.8401201917 3.8664923955 4.0571336502 4.1109657881 4.1535766626 4.1794247636 4.6274264661 4.8498839163 4.9440642165 4.9986418156 5.0609294408 5.1198601923 5.1337794092 5.1886996214 5.2061107464 5.31366217 5.3375006265 5.3666403109 5.3938627809 5.4460615779 5.5470322826 5.5527077228 5.6001638018 5.6364869563 5.6417359516 5.7351213087 5.7525893328 5.7663911995 5.8092658375 5.8457908447 5.8778282001 5.9234095704 5.9555918002 5.9619690845 6.0385546341 6.0970510043 6.1288432398 6.3821789177 6.5531708925 6.5882725493 6.6983366261 6.7016598729 6.7363291564 6.827863191 6.8418277951 6.8863141087 6.9714587108 6.9911858644 7.0678871924 7.0873613517 7.1399488485 7.1818619829 7.263062049 7.3247523815 7.4147774772 7.4452294558 7.4726153333 7.5156650735 7.5198220283 7.6063049997 7.6072954211 7.6704793545 7.7227205151 7.8045518784 7.9066715998 7.9227840185 8.0137137931 8.0257058845 8.097121104 8.2252203656 8.2842982679 8.3445606958 8.3453219472 8.3798722721 8.3932755838 8.4024982951 8.4271504386 8.503752563 8.5672218253 8.7509626466 8.8149722817 8.8871383301 8.974671686 9.6683487304 9.7034774243 10.690024019 10.7445298202 10.7665090625 15.5143614781 15.5591119812 15.565926231 15.878456198 15.8904367184 16.255230367 24.0660611309 24.6871388005 24.6908332526
312 2.6657766905 2.8293405816 2.9572363437 3.3410470482 3.3975973148 3.5094583685 3.665249458 3.7156258555 3.8238353996 3.844988822 4.0506931574 4.131781785 4.1673744952 4.1674820933 4.6374825377 4.8532832642 4.9344251087 4.994841324 5.0588713803 5.1100592225 5.1243656605 5.1753533765 5.2138386343 5.3192057987 5.3374939195 5.3746737623 5.4066362712 5.4427937504 5.5364742201 5.555321902 5.6042279741 5.6357768106 5.6456179874 5.7347032704 5.7597174279 5.7717909242 5.8108438574 5.8472907713 5.8777595496 5.9324783751 5.9563285759 5.9685614176 6.0420188595 6.1003353128 6.1344527288 6.3828692549 6.5482547577 6.5857803887 6.6973120829 6.6980463384 6.7371544915 6.8280645913 6.8402440623 6.8856140551 6.9674694722 6.9900391008 7.0658161895 7.0866144483 7.1387053123 7.1769571875 7.2631431516 7.3170686243 7.420616412 7.4379387688 7.4654084306 7.5188395848 7.5229606508 7.605249197 7.6115066521 7.6700233632 7.7231806361 7.7944478781 7.9147102316 7.9229338559 8.0070031841 8.0256043338 8.0998350479 8.230940428 8.281946336 8.342433275 8.343731742 8.3792328193 8.3915302157 8.4018344969 8.429964824 8.508619729 8.5654842469 8.7500143727 8.8154940723 8.8879874415 8.9748667506 9.6683070071 9.7035341988 10.690283004 10.7446973667 10.7663741361 15.5143335325 15.5591496877 15.5655402823 15.8788955002 15.8911677208 16.2553256995 24.0661111553 24.6873870701 24.6906721857
313 2.6635893362 2.825042681 2.9555619331 3.3339417296 3.4044453915 3.5126888588 3.6751672586 3.7157559812 3.8063890375 3.8239236001 4.0431963812 4.1523345228 4.1542268037 4.1822413153 4.6485130134 4.8571080823 4.9226272748 4.9920145095 5.0564210786 5.0982858395 5.1144495505 5.1626312183 5.2219709394 5.3241822277 5.3374798648 5.3841224147 5.4171999468 5.4408078087 5.5257666477 5.5583819817 5.6097194292 5.6339127448 5.6499376338 5.7342424107 5.7666029574 5.7789879826 5.8138069269 5.848771806 5.8778672719 5.942472545 5.9570413142 5.9759006618 6.0461448897 6.1042114899 6.1409533575 6.3836854175 6.5425792084 6.5828592285 6.6940361396 6.6960986087 6.7377845932 6.8283049793 6.8383671154 6.8847696433 6.9629976565 6.9887175387 7.0632618954 7.0857226732 7.1371687048 7.1711298358 7.2631594184 7.3099425632 7.4255863827 7.4301789382 7.4575565315 7.5177479252 7.5305740626 7.6038062434 7.6158265982 7.6698523288 7.7233206576 7.7848607286 7.9217083055 7.92311774 8.0003064853 8.0254912644 8.1029281844 8.2370534863 8.2793043633 8.3392708445 8.3427601924 8.3787375432 8.3897411836 8.4010039995 8.4328840648 8.5136924517 8.5637832811 8.748913031 8.8160946827 8.8889501581 8.9750966401 9.6682578341 9.7036007268 10.690588289 10.7448937937 10.7662143689 15.5143012477 15.5591939452 15.5650883423 15.8794095674 15.8920247413 16.2554373168 24.0661698192 24.6876781599 24.6904833397
314 2.661124852 2.8202669057 2.9536596387 3.326326817 3.4121712802 3.5163919821 3.6857784187 3.7146574661 3.7882477219 3.8041230684 4.0346883047 4.1392113813 4.173504208 4.1975544551 4.6602155174 4.8612427516 4.9092766103 4.9896047779 5.0535621374 5.0848474436 5.1047737783 5.1505435171 5.2297015931 5.3291481428 5.3374354205 5.394334257 5.422715722 5.4426187236 5.5150986665 5.5623243837 5.6165212229 5.6315174779 5.6542558387 5.7338037574 5.7731576093 5.7878631441 5.8180800042 5.8504024569 5.8782232093 5.9529693657 5.9576941851 5.984031359 6.0509230472 6.1086708683 6.1482793313 6.3846253856 6.5362045267 6.5795236921 6.6896435743 6.6946957472 6.738174265 6.8285825409 6.8361941957 6.8837698742 6.9581287192 6.9872352449 7.0602044888 7.0846796247 7.1353107837 7.1644239192 7.2630707599 7.303433174 7.4216977164 7.429908769 7.4492158736 7.5165706851 7.5382975114 7.6019767376 7.6201049537 7.6701116094 7.7227797975 7.7761816289 7.9233420084 7.9271017522 7.9943510362 8.0253693519 8.1063500024 8.2433821484 8.2764269649 8.3359442446 8.3416551001 8.3784023833 8.3879366534 8.4000176082 8.4358376974 8.5185723907 8.5624353318 8.7476665392 8.8167677451 8.8900086148 8.9753610414 9.6682012851 9.7036767279 10.690939479 10.7451183213 10.7660296135 15.5142649837 15.5592446022 15.5645724383 15.879995919 15.8930043843 16.2555647053 24.0662368974 24.6880109256 24.6902674576
315 2.6584072975 2.8150775705 2.9515414637 3.3183378404 3.4207119622 3.5205578352 3.6965299045 3.7110228549 3.7700686293 3.786964868 4.0252182425 4.1235991934 4.1941527357 4.2131971344 4.6722762903 4.8655314088 4.894952708 4.9869896001 5.0502455969 5.0702640188 5.0959380463 5.1388972172 5.2364342396 5.3346729864 5.3373300673 5.4046162347 5.4225380835 5.448651476 5.5046991315 5.5675606103 5.6244811556 5.6288149735 5.6586132803 5.7334709415 5.7797209192 5.79788053 5.823510045 5.8523073855 5.8789033371 5.9582676374 5.9635295188 5.9931001496 6.0563266906 6.1136997423 6.1563551859 6.3856849892 6.5291967953 6.5757927645 6.6848708296 6.6931035115 6.7382926166 6.8288933047 6.8337221661 6.8825997217 6.9529441395 6.9856065824 7.056636382 7.0834757159 7.1331024639 7.1569191674 7.2628316345 7.297547687 7.4128449374 7.4332426161 7.4405211418 7.5153296124 7.545790463 7.5998922174 7.6242097003 7.6709294464 7.721031964 7.7689652824 7.9236158687 7.9300640906 7.9901125667 8.0252411795 8.1100457768 8.249770848 8.2733687206 8.3325618518 8.3404284079 8.3782352739 8.3861268878 8.3988868624 8.4387745516 8.5226841798 8.5619496353 8.746282999 8.8175068739 8.8911438559 8.9756595946 9.6681374498 9.7037618821 10.6913361178 10.7453700584 10.7658197045 15.5142251483 15.5593014844 15.5639948629 15.8806517477 15.8941027694 16.25570728 24.0663121324 24.6883840592 24.6900253882
316 2.6554630751 2.8095402962 2.9492205588 3.3100914733 3.4300005192 3.525175476 3.7029919759 3.7058159741 3.753528579 3.7743521596 4.0148388357 4.1072082794 4.2145948344 4.2290002315 4.6843474115 4.869758719 4.8801611078 4.9836052976 5.0461812125 5.0553820397 5.0884548086 5.1274401384 5.2417732404 5.3371231271 5.3411611152 5.4142471821 5.4200862468 5.4554379595 5.4949089996 5.5743234158 5.6260125953 5.6334726624 5.6631182963 5.7333366311 5.7865796773 5.8085575958 5.8298982046 5.8545758995 5.8799911327 5.9587618685 5.9737479648 6.0032980501 6.0623108846 6.1192788227 6.1650963287 6.3868569541 6.5216278472 6.5716908274 6.6797128218 6.6913225016 6.7381197285 6.8292307305 6.830947662 6.8812386246 6.9475201811 6.9838456219 7.0525632271 7.0820961874 7.1305146531 7.1487297262 7.2623919882 7.2922522525 7.4034390301 7.4315921989 7.4358059796 7.5140430624 7.5524694843 7.5979435985 7.6280134895 7.6724038918 7.7175264197 7.7637970287 7.92395187 7.9297833431 7.9885402103 8.0251091257 8.1139579194 8.2560824965 8.2701823962 8.3292283341 8.3390943317 8.3782433327 8.3843081408 8.3976235251 8.4416582556 8.5253112838 8.5629909187 8.7447704827 8.818305853 8.8923363145 8.9759918891 9.6680664352 9.703855831 10.6917776878 10.7456480062 10.7655844616 15.514182193 15.559364395 15.5633581557 15.8813739405 15.8953155477 16.2558643885 24.0663952349 24.6887960938 24.689758084
317 2.6523206533 2.803720694 2.9467110803 3.3016862842 3.4399653594 3.5302329642 3.68948669 3.7076606199 3.7446583414 3.7673894996 4.0036051609 4.0902106975 4.2347819058 4.2448341279 4.6960027611 4.8653924252 4.8736196512 4.9790221238 5.0376996138 5.0444590671 5.0827213168 5.1159611982 5.2455472307 5.3367628853 5.3487635999 5.4171670091 5.4223519532 5.4613412898 5.4863146381 5.5825911101 5.6233367033 5.6434116419 5.667885832 5.73349471 5.79386453 5.8195546969 5.8370102908 5.8572930975 5.8815829472 5.9592005234 5.9833641676 6.0147342479 6.0688140033 6.1253831013 6.1744092318 6.3881297129 6.5135758469 6.5672489083 6.6741603865 6.6893539809 6.7376446106 6.8278673305 6.8295854474 6.879658372 6.9419279796 6.9819655565 7.0480042699 7.0805176643 7.1275188159 7.1399999456 7.2616985071 7.287483677 7.3935028932 7.4225396448 7.4376290317 7.5127245909 7.5573491054 7.5969517783 7.6313743933 7.6745987892 7.7120806321 7.7609129156 7.9243662375 7.9261512404 7.9898715364 8.0249752958 8.1180276323 8.2621944534 8.2669176114 8.3260443212 8.3376685689 8.3784362145 8.3824665716 8.3962394685 8.4444639059 8.525935077 8.5660381826 8.743136872 8.8191587678 8.8935662484 8.9763574573 9.6679883673 9.7039581794 10.6922636097 10.7459510622 10.7653236909 15.5141366104 15.5594331151 15.5626650841 15.8821591016 15.8966379196 16.256035314 24.0664858852 24.689245409 24.6894665963
318 2.6490102815 2.7976833315 2.9440280456 3.2932043095 3.4505274874 3.5357173689 3.671462076 3.6959214867 3.7496519861 3.765136988 3.9915740732 4.0727558947 4.2546758955 4.2605970977 4.7066606251 4.8512250422 4.8766765417 4.9730285515 5.023645466 5.0392843509 5.0789438582 5.1043289765 5.2477993362 5.3361881504 5.3573635273 5.4143656494 5.4277181843 5.466136126 5.4799296913 5.5921185269 5.6210243019 5.6542470851 5.6730225801 5.7340352909 5.8016073337 5.8306018004 5.8445464243 5.860602044 5.8837940934 5.9596358351 5.9923390953 6.027341158 6.0757618925 6.1319820726 6.1841909953 6.3894859528 6.5051266272 6.5625061609 6.6682024367 6.6871999018 6.7368638494 6.8244781632 6.8299451557 6.8778202088 6.936234914 6.9799781141 7.0429923812 7.0787020849 7.1240872804 7.1309011812 7.2606961863 7.2831610856 7.3830513109 7.4134687404 7.4387585484 7.5113817521 7.5591681956 7.5980424273 7.6341058396 7.6775489469 7.7051243709 7.7599795958 7.9199495039 7.9248790156 7.9934514004 8.0248415124 8.1221968667 8.2636199384 8.2679951659 8.3231067869 8.3361675024 8.3788267916 8.3805818283 8.3947465732 8.4471757448 8.5246211484 8.5709961962 8.7413897484 8.8200600866 8.8948141222 8.9767557648 9.667903393 9.7040684973 10.6927932424 10.7462780251 10.7650371883 15.5140889293 15.559507404 15.5619186229 15.8830035767 15.898064654 16.2562192799 24.066583734 24.689152072 24.6897302379
319 2.6455636997 2.791490962 2.9411871868 3.2847128443 3.4615940869 3.5416147302 3.6506453972 3.6778243664 3.7613453574 3.7658738341 3.9788038945 4.0549775917 4.2742427039 4.2762068833 4.7154637323 4.8384582615 4.8783140695 4.9656832156 5.010170516 5.0344306877 5.0770913255 5.0924970677 5.2487208206 5.3353331081 5.3666152515 5.4119373647 5.429010215 5.4700228294 5.4770051547 5.6025446753 5.619304573 5.6659408882 5.6786203888 5.7350419093 5.8097786194 5.8414468978 5.8520386249 5.8648271751 5.8867607062 5.960156659 6.0007967453 6.0409161736 6.0830734753 6.1390402069 6.1943279959 6.390900886 6.4963759397 6.5575115836 6.6618274907 6.6848628759 6.7357805989 6.8207779117 6.8302946812 6.8756710645 6.9305072613 6.9778929504 7.0375739329 7.0765859341 7.1201933746 7.1216342264 7.259330265 7.2791955797 7.372104566 7.4044816128 7.4392394492 7.5100151632 7.5573632394 7.6016673853 7.6359281916 7.6812698154 7.6974605187 7.7603761602 7.9122031301 7.9255139674 7.9983841802 8.0247093731 8.1264105933 8.2603303719 8.2733825545 8.3205087736 8.3346075178 8.3786301487 8.3794300124 8.3931564722 8.4497855995 8.5218428142 8.5773699895 8.7395363272 8.8210046983 8.896060931 8.9771861965 9.6678116821 9.7041863216 10.6933658828 10.746627599 10.764724742 15.5140397118 15.5595870001 15.5611219333 15.8839034779 15.8995901095 16.2564154538 24.0666884039 24.6888157489 24.6902486735
320 2.6420138468 2.7852039858 2.938204807 3.276266111 3.473044273 3.5479099465 3.6282614953 3.6580332876 3.7683737471 3.7751638631 3.9653546642 4.0369986714 4.2915945311 4.2934490609 4.7211694275 4.8282197851 4.8777415012 4.9572883626 4.9986550864 5.0293321024 5.0769349658 5.0805055131 5.24856417 5.3341357704 5.3759698881 5.4100329394 5.426092435 5.4733001528 5.4777817076 5.6135073038 5.6183754363 5.6784462303 5.6847498668 5.7365897823 5.8182982003 5.8518458719 5.8587782315 5.8705595182 5.8906232716 5.9609008029 6.0089033897 6.0552283917 6.0906665208 6.1465175597 6.2046933299 6.3923402651 6.4874328381 6.5523259527 6.655024824 6.682346091 6.7344037467 6.8167655599 6.8306161494 6.8731390979 6.924813978 6.9757169954 7.0318085127 7.0740618291 7.112441778 7.1158115226 7.2575486213 7.2754966136 7.3606903749 7.3956777403 7.4391107798 7.5086178727 7.5525961992 7.6070712732 7.6364038768 7.6857657386 7.6899894652 7.7615290967 7.9037186107 7.9262981921 8.0040012478 8.0245803838 8.1306193604 8.2570850943 8.278265457 8.318336939 8.3330044929 8.3765869602 8.3802603991 8.3914800814 8.4522918613 8.5180720058 8.5846722694 8.7375834288 8.8219879143 8.8972884634 8.9776480399 9.667713429 9.7043111582 10.6939807662 10.7469983993 10.7643861355 15.5139895481 15.5596716206 15.5602783416 15.8848547097 15.9012082577 16.2566229523 24.0667994908 24.6884589505 24.690798676
321 2.6383945702 2.7788801018 2.9350976386 3.267906633 3.4846960791 3.554586507 3.6049862512 3.6378699517 3.7719509013 3.7899371099 3.951289509 4.0189362173 4.306699749 4.3122600658 4.7223265594 4.8217691883 4.874148423 4.9483177092 4.9898894522 5.023930906 5.068498172 5.0781470978 5.2475782303 5.3325488262 5.3845630193 5.4087513006 5.4207083474 5.4762460217 5.4810120174 5.6183790171 5.6247155612 5.6914527466 5.6916914605 5.7387440059 5.827031848 5.8616059962 5.8643723009 5.8781074016 5.8954665779 5.9620717062 6.0167945032 6.0700807939 6.0984627781 6.1543704044 6.2151427429 6.393758246 6.4784244739 6.5470238829 6.6477854008 6.6796531787 6.7327471897 6.8124418098 6.8308892334 6.8701295058 6.9192308424 6.9734537263 7.0257683093 7.0709520998 7.1036315932 7.1109174427 7.2553047392 7.2719746367 7.3488455105 7.3871527246 7.4384042336 7.5071750385 7.5458160502 7.6132288521 7.6349194194 7.6836362392 7.6910329168 7.7629982032 7.8950593016 7.9272614296 8.0098910521 8.0244561648 8.1347820472 8.2539154513 8.2825699858 8.3166649074 8.3313734627 8.3744290162 8.3813284733 8.389726953 8.4546988322 8.5136341767 8.5925671214 8.735537479 8.8230054442 8.898479509 8.978140464 9.6676088546 9.7044424848 10.6946370656 10.7473889578 10.7640211508 15.5139390526 15.559391318 15.559760963 15.8858529947 15.9029127065 16.2568408461 24.0669165652 24.6880830814 24.6913780812
322 2.6347403391 2.7725741078 2.9318827074 3.2596662416 3.496222632 3.5616251693 3.5811865396 3.6180204711 3.7762187639 3.8052734303 3.9366787906 4.0009073439 4.3214672301 4.3306366558 4.7181091494 4.8196232834 4.8670597517 4.9393730496 4.9841122151 5.0182316757 5.0567762567 5.0803907579 5.2459769341 5.3305498275 5.3906601216 5.4081499659 5.4155702291 5.4790797518 5.4854787263 5.6193842456 5.6359741905 5.698734734 5.7055743415 5.7415564921 5.8357847607 5.8692767911 5.8706812836 5.8869668972 5.9012125223 5.9639539354 6.0245570705 6.0853192457 6.1063929365 6.1625518015 6.225508771 6.3950953482 6.4695025957 6.5416957904 6.6401026814 6.6767880433 6.7308292123 6.8078095267 6.8310914312 6.8665229231 6.9138429217 6.971102337 7.0195368746 7.0669943976 7.0955898875 7.1054885742 7.252561274 7.2685397849 7.3366187805 7.3789954467 7.4371435129 7.5056639044 7.5376619696 7.6194463889 7.6309003498 7.6791704799 7.6970565459 7.7644386441 7.8866409376 7.9284350457 8.0158075779 8.0243387291 8.1388686014 8.2508480679 8.2862525319 8.3155404467 8.3297284327 8.3721360783 8.3826364988 8.387904565 8.4570162979 8.5087341227 8.600843074 8.7334045307 8.8240533536 8.8996180136 8.9786624968 9.6674982076 9.7045797528 10.6953338924 10.7477977287 10.7636295718 15.5138888592 15.5584644556 15.5598547051 15.8868938991 15.9046967266 16.257068165 24.0670391735 24.6876896211 24.6919846087
323 2.6310859631 2.7663378121 2.9285772014 3.2515666876 3.5069144256 3.5570593166 3.5690191048 3.5993516411 3.7809309255 3.8209696473 3.9216129445 3.9830367309 4.3358435288 4.3485324618 4.7090924589 4.8207168254 4.8566268958 4.9312049636 4.9806286515 5.0122733057 5.045917494 5.0833673305 5.2439313899 5.3281468626 5.3910798048 5.408246947 5.4141943587 5.4819594997 5.4907491646 5.6213864814 5.6471749885 5.7065626249 5.7199671733 5.7450602416 5.8443072168 5.8740687363 5.8792246139 5.8965509174 5.9075651989 5.9669075808 6.0322352961 6.1008144764 6.1144067404 6.1710120248 6.2355930335 6.3962770191 6.4608518637 6.5364493024 6.6319733652 6.6737546627 6.7286719773 6.8028740826 6.8311983344 6.8621803109 6.9087418189 6.9686568045 7.0132069069 7.0619153519 7.088708279 7.0995048245 7.2492940129 7.2650956488 7.3240772522 7.3712839422 7.4353437471 7.5040540305 7.5285055823 7.6242647968 7.625327586 7.6767989149 7.7038047084 7.7655566541 7.878802836 7.9298507176 8.0215987711 8.0242308233 8.1428624072 8.2479050413 8.2893177231 8.3149677392 8.3280823007 8.3696921099 8.384174224 8.3860177222 8.4592592063 8.5035031117 8.609365088 8.7311903017 8.8251280104 8.9006891898 8.9792129997 9.6673817669 9.7047223901 10.6960702961 10.748223095 10.7632111878 15.5138396165 15.5575014495 15.5599525063 15.8879728591 15.9065532775 16.2573039033 24.0671668403 24.6872801192 24.6926158706
324 2.6274663155 2.7602200214 2.9251983464 3.2436198541 3.5149783988 3.5327605276 3.5767209877 3.5837487409 3.7858962886 3.8368258847 3.9062517665 3.9654674913 4.3497741568 4.3658893847 4.6967198214 4.8228801184 4.8435091879 4.9247611222 4.9777325316 5.0061381808 5.0369645697 5.0868299635 5.2415726376 5.325377428 5.3858062331 5.4090248146 5.4165334869 5.484992211 5.4969092746 5.6243277296 5.6582738293 5.7148700784 5.7347286682 5.7492595879 5.8523329957 5.8790969139 5.8874404436 5.9065377456 5.914181759 5.9713035488 6.039840995 6.1163758338 6.1225476946 6.1796987726 6.2451573438 6.3972137038 6.4526994002 6.5314092782 6.6233981028 6.6705568775 6.7263011518 6.7976435451 6.8311838708 6.856957894 6.9040144381 6.9661049029 7.0068767351 7.055652949 7.0831629328 7.0929496847 7.2454956641 7.2615247099 7.3113198448 7.3640807211 7.433010435 7.5023077081 7.518578372 7.6155146665 7.6306539963 7.6761050805 7.7112233863 7.766090415 7.8718381869 7.9315388683 8.0241363234 8.0271665029 8.1467617935 8.2451041712 8.2918308118 8.314894712 8.3264468465 8.3670859305 8.3840682407 8.3859155877 8.461447333 8.4980302834 8.6180424697 8.7289002235 8.8262260253 8.9016795876 8.9797906439 9.6672598418 9.7048698039 10.696845265 10.7486633745 10.7627657971 15.5137919833 15.5565060774 15.5600540083 15.8890852047 15.9084750362 16.2575470253 24.0672990697 24.6868561882 24.6932693813
325 2.6239160622 2.7542665781 2.9217632883 3.2358275706 3.5083625265 3.5163469733 3.575349081 3.5847216992 3.7909274193 3.8523110196 3.8911173595 3.9483783152 4.363200618 4.3826308709 4.6823392625 4.8238795142 4.8285036997 4.9211204327 4.9731351213 4.9998954145 5.0314243514 5.0905808462 5.2389973676 5.3223013596 5.3783110787 5.4104389549 5.4190180899 5.4882457599 5.5041581427 5.628129919 5.6692663048 5.7235746002 5.7497167939 5.7541162856 5.859650587 5.8845904556 5.8952532311 5.9167590282 5.9210704274 5.9773831453 6.0473630968 6.1295221182 6.1331721492 6.1885570554 6.2539161616 6.397803797 6.4453232017 6.526715153 6.6143822001 6.6671981811 6.7237456794 6.7921286661 6.8310205186 6.8507306084 6.8997249024 6.9634273394 7.0006453775 7.0484998022 7.078773112 7.0858117077 7.2411785487 7.2576558441 7.2985083735 7.3574286423 7.4301374378 7.5003804434 7.5080474411 7.6053086321 7.6353134059 7.6764946353 7.7192362957 7.7658193121 7.8659894432 7.9335269357 8.0240606763 8.0324464166 8.1505801513 8.242459194 8.2939073975 8.3152220562 8.3248327555 8.3643113255 8.3820550208 8.3878173754 8.4636048055 8.4923802836 8.626810704 8.7265394985 8.8273441906 8.9025771328 8.9803938865 9.6671327741 9.7050213833 10.6976577261 10.7491168271 10.7622932109 15.5137466234 15.5554821803 15.5601588358 15.8902261853 15.9104544255 16.2577964712 24.067435347 24.6864194983 24.6939425667
326 2.6204693954 2.7485204251 2.9182889828 3.2281810315 3.4839345545 3.5077766805 3.5774601234 3.5929870386 3.7957959898 3.8627689147 3.8808722582 3.9320121081 4.3760571141 4.3986511651 4.6668998763 4.8122976875 4.8221215948 4.9211121052 4.9652561652 4.9934454282 5.0303817986 5.0944643756 5.2362734041 5.3189910503 5.3702996061 5.4124279183 5.4200445407 5.4917595212 5.5125276441 5.6327274949 5.6801684928 5.7326033248 5.7595348712 5.7647985289 5.8661528295 5.8907403694 5.9021071987 5.9271110508 5.9288688801 5.9851274905 6.0547754924 6.1377610631 6.1486615271 6.1975285631 6.2615366927 6.3979411943 6.4390533577 6.5225139929 6.6049363376 6.6636815262 6.72103771 6.7863426321 6.8306795097 6.8434143876 6.89589903 6.9605973877 6.9946063804 7.040926715 7.0751790595 7.0780863113 7.2363751862 7.2531905949 7.2859396476 7.3513485791 7.4267034881 7.4970555212 7.4982213243 7.5941539456 7.6392599969 7.6775147249 7.7277502436 7.7645963223 7.8614177336 7.9358375899 8.0240113783 8.0373986172 8.1543442504 8.2399800056 8.2956755655 8.3158387767 8.3232496504 8.3613666957 8.3799745029 8.389820424 8.4657593543 8.4866029105 8.6356213987 8.7241131611 8.8284794215 8.903371136 8.9810209517 9.6670009383 9.7051765025 10.6985065458 10.7495816612 10.761793257 15.5137042006 15.5544336447 15.5602665981 15.8913909922 15.9124836439 16.2580511626 24.0675751413 24.6859717698 24.6946327748
327 2.6171597701 2.7430216811 2.9147920913 3.2206598322 3.4595296579 3.4926075439 3.5868082294 3.6014784914 3.8001778736 3.853123341 3.8906076817 3.9167242046 4.3882666523 4.4137975676 4.6510595497 4.7954150556 4.8170934306 4.9247935205 4.9542251834 4.9866624332 5.0334125098 5.0983613187 5.2334442236 5.3155223011 5.3623625753 5.414922974 5.4193592331 5.4955525075 5.5218098806 5.6380887206 5.6910043416 5.7419184579 5.7653559999 5.7798552138 5.8718020147 5.897724122 5.9074100255 5.937517717 5.938419361 5.9942708445 6.0620434859 6.1454832699 6.1645212388 6.2065500637 6.2676584933 6.3975288247 6.4342547336 6.5189479978 6.5950773397 6.6600091606 6.7182126893 6.7803005282 6.8301310558 6.8349758653 6.8925221055 6.9575817055 6.9888410486 7.0333559871 7.0697778504 7.0720688951 7.2311361429 7.2475588518 7.2741881397 7.3458397532 7.4226666258 7.4857451025 7.4957729735 7.5823802535 7.6424892888 7.678887967 7.7366636041 7.7623859133 7.8581653688 7.9384870291 8.0239984893 8.0420040516 8.1580906604 8.2376728626 8.2972300497 8.316665127 8.3217061106 8.3582544061 8.3778214035 8.3918532973 8.4679411659 8.4807384916 8.6444365931 8.7216261437 8.8296287001 8.9040522794 8.9816698172 9.6668647425 9.7053345234 10.6993905305 10.7500560408 10.7612657839 15.513665374 15.5533643859 15.5603768899 15.8925747815 15.9145546967 16.2583100083 24.0677179065 24.6855147674 24.6953372857
328 2.6140196429 2.737807714 2.9112888854 3.2132306634 3.4351928396 3.4748621578 3.5994443579 3.6101472302 3.8035780052 3.8370779399 3.9030561259 3.9066403099 4.3997362855 4.4278407082 4.6353482575 4.778251917 4.8092367778 4.9314483837 4.9409916886 4.9795848304 5.0392504341 5.1021852348 5.2305328741 5.3119676753 5.3547620707 5.4171631232 5.417855176 5.499629263 5.531645357 5.644222464 5.7017985557 5.7515299266 5.7713683987 5.7947839161 5.8765331387 5.9057027527 5.9113233926 5.9479152003 5.9499336381 6.0044393145 6.0691291258 6.1529592511 6.1803770494 6.2155497292 6.2719474527 6.3964979044 6.4312774072 6.5161368394 6.584829061 6.656182503 6.715309603 6.7740184126 6.8254275445 6.8293446444 6.8895509432 6.9543433276 6.9834119316 7.0260989008 7.0609019505 7.0692389811 7.2255253158 7.2398598508 7.2641633855 7.3408828186 7.4179562787 7.4742766414 7.4929705878 7.5702030857 7.6450214421 7.6804557312 7.7458745412 7.7592794913 7.856140095 7.9414834817 8.0240351817 8.0462636068 8.1618606453 8.2355405589 8.2986035716 8.3176785815 8.3202096638 8.3549800239 8.3755895902 8.3938377092 8.4701812563 8.4748209808 8.6532254127 8.7190833444 8.8307890263 8.9046125827 8.9823382071 9.6667246284 9.7054947989 10.7003084269 10.7505380932 10.7607106652 15.513630792 15.5522783325 15.5604892927 15.8937726958 15.9166594265 16.2585719101 24.0678630843 24.6850502923 24.6960533224
329 2.6110802099 2.7329132019 2.9077951576 3.2058457639 3.4109644461 3.4563446738 3.6136482498 3.6189286839 3.8052618849 3.8200624217 3.89180671 3.9235645823 4.4103512652 4.4404256229 4.620305106 4.7611268283 4.7993405377 4.9263455622 4.9401099147 4.9722926688 5.0468449769 5.1058808194 5.2275460555 5.3083926421 5.3476482923 5.4137717439 5.4211597009 5.5039839795 5.5416393292 5.6511723133 5.712573177 5.7614886114 5.7773424209 5.8094955231 5.880187093 5.9146654854 5.9148057942 5.9582448697 5.9630291789 6.015277079 6.0759955287 6.1601673005 6.1961408184 6.2244383242 6.2741892069 6.3948296736 6.4303729051 6.5141581985 6.5742235253 6.6522020644 6.7123713679 6.7675117527 6.8148166512 6.8282894638 6.8869312224 6.950847845 6.9783573052 7.0193766449 7.0514882433 7.0665673962 7.2196136587 7.229552952 7.2564176867 7.3364449109 7.4124644682 7.4628437332 7.4897392389 7.5577809437 7.6468906624 7.6821284956 7.7552867763 7.7554713604 7.8551385744 7.9448260139 8.0241383332 8.0501980013 8.1656943351 8.2335825765 8.2997652805 8.3187667333 8.3189136775 8.3515516027 8.3732729777 8.3956946652 8.468879807 8.472509381 8.6619620189 8.7164896961 8.8319573743 8.9050453541 8.9830235941 9.6665810711 9.7056566758 10.701258923 10.7510259158 10.7601278037 15.5136010871 15.5511794125 15.5606033763 15.894979884 15.9187895454 16.2588357687 24.0680101058 24.6845801758 24.6967780616
330 2.6083711414 2.7283701765 2.9043261389 3.1984413549 3.3868821921 3.4378249243 3.6277340048 3.6287461831 3.8026541913 3.8043461169 3.8839485253 3.9408308179 4.4199680699 4.4509987886 4.6066009544 4.7443224453 4.7880992539 4.9107673342 4.9499547954 4.9648387721 5.0555444049 5.1094232721 5.2244791354 5.3048539174 5.3411214042 5.4094864641 5.4247780448 5.5086032924 5.5514335348 5.6590013299 5.7233463082 5.7718654853 5.7830740698 5.8239091718 5.882560033 5.9183046445 5.9251139793 5.9684496046 5.9772336804 6.0264988693 6.0826101792 6.1670554552 6.2117421934 6.2330855461 6.2744019479 6.3925736709 6.4316059244 6.5130325675 6.5633025899 6.6480674149 6.7094453467 6.7607926058 6.803216604 6.8269350236 6.8846111285 6.947072963 6.973686718 7.0133442297 7.0415839693 7.0639806769 7.2134727762 7.2172241286 7.2503781947 7.3324853929 7.4060431307 7.4516802697 7.4859881455 7.5452550905 7.6481391168 7.6838558249 7.7512070913 7.7648124359 7.8548975588 7.9485036947 8.0243291716 8.0538471268 8.1696252145 8.2317952134 8.3006441894 8.3173825222 8.3204382022 8.3479791197 8.3708663796 8.3973503382 8.4629410066 8.4749516421 8.6706242981 8.7138502372 8.8331306573 8.9053451285 8.9837232095 9.6664345786 9.7058194979 10.7022406489 10.751517584 10.7595171355 15.5135768699 15.5500715407 15.5607186999 15.8961915213 15.9209366671 16.2591004889 24.0681583936 24.6841062719 24.6975086451
331 2.6059203108 2.7242080424 2.9008964252 3.1909364754 3.3629824662 3.4197144132 3.6364361198 3.6444347026 3.7850196763 3.8002928955 3.8801463527 3.9583053471 4.4284067825 4.4587332582 4.5951405679 4.7281163264 4.7760057557 4.8945362642 4.9572559647 4.9603842642 5.0649570007 5.1128176189 5.2213225995 5.3013992038 5.3352508129 5.4045567664 5.4286588492 5.5134681238 5.5607372321 5.6677711526 5.7341319081 5.782728524 5.7884211152 5.8379384549 5.8835750215 5.9228140314 5.9366482443 5.9784716757 5.9921603757 6.0378954132 6.0889471036 6.1735576835 6.2271061009 6.2412452331 6.2729505242 6.389856831 6.4348155883 6.5127181185 6.5521207266 6.6437771747 6.7065839491 6.7538639381 6.7907255795 6.8252520431 6.8825484345 6.9430196658 6.9693764545 7.0081009675 7.0312595834 7.061431908 7.2037781652 7.2071696497 7.2451534204 7.3289610965 7.3985248937 7.4410431934 7.4816003046 7.5327799936 7.6488137712 7.6856097055 7.746732199 7.7743726175 7.855145178 7.9524951109 8.0246339848 8.0572679863 8.1736758684 8.2301716876 8.3011686097 8.3160608062 8.3223146405 8.3442741183 8.3683663091 8.3987409393 8.4570279243 8.4775281124 8.679192986 8.7111701834 8.8343056984 8.9055075967 8.9844340624 9.666285691 9.7059826088 10.703252177 10.7520111584 10.7588786352 15.5135587228 15.5489586082 15.5608348143 15.8974028267 15.9230923391 16.2593649852 24.0683073644 24.6836304501 24.6982421909
332 2.603753514 2.720453568 2.8975199087 3.1832329303 3.3393012245 3.4022957518 3.6448467932 3.6605452571 3.7672572806 3.7935089851 3.8801804762 3.975933519 4.4354444138 4.4625685285 4.5870380224 4.7128023696 4.7633888173 4.8778212092 4.9495682381 4.9709718221 5.0748340384 5.1160968577 5.2180699222 5.2980676766 5.3300805607 5.399178489 5.4327579769 5.5185548417 5.5693385587 5.6775205957 5.7449400102 5.7933061327 5.7941388086 5.851445191 5.8834370641 5.9283889503 5.9493700962 5.9882515343 6.0074788424 6.0493288195 6.0949877735 6.1795968012 6.2421436119 6.2482750691 6.2707882589 6.3868818133 6.4396530451 6.5131172668 6.5407503031 6.6393289736 6.7038452527 6.7467065367 6.7774758866 6.8232136705 6.8807125039 6.9387209215 6.9653619091 7.0036936322 7.0206188499 7.0588879739 7.1897856559 7.2007631989 7.2401851702 7.3258303198 7.3897872335 7.4311513678 7.4764172106 7.5205504895 7.6489648023 7.687375381 7.7422592658 7.783896599 7.8556344548 7.9567681726 8.0250848926 8.0605309099 8.1778555212 8.2287022181 8.3013019245 8.3148035877 8.3245661652 8.3404495878 8.3657717604 8.3998161202 8.4511616354 8.4802509006 8.6876510578 8.7084550003 8.8354792103 8.9055295303 8.9851529668 9.6661349786 9.7061453553 10.7042920231 10.7525046929 10.7582123205 15.513547193 15.5478444731 15.5609512631 15.8986090804 15.9252480757 16.2596281872 24.0684564311 24.6831545876 24.6989758043
333 2.6018941749 2.7171308441 2.894209719 3.1752173982 3.3158746428 3.3858021807 3.6526800579 3.6769378966 3.7494769754 3.785201857 3.883126608 3.9936847426 4.4408128428 4.4615918628 4.583244217 4.6987022088 4.7504690776 4.8607309986 4.9417957603 4.9813996126 5.0850049535 5.1193176976 5.2147262687 5.2948907859 5.325630188 5.3935027723 5.4370382383 5.5238359266 5.5771056262 5.6882503792 5.7557769874 5.797765037 5.8060888935 5.863993533 5.8828098586 5.9349652664 5.9631925453 5.9977274552 6.0228504441 6.0607394771 6.1007205781 6.1850875613 6.2522766544 6.2567429392 6.2702323757 6.3839181176 6.4456600872 6.514091277 6.5292930486 6.6347192493 6.7012935283 6.7392440866 6.7636672394 6.8207970738 6.8790835808 6.9342434586 6.9615208999 7.0001205037 7.0098186557 7.0563220651 7.175553706 7.194302772 7.235177218 7.3230553668 7.3798419736 7.4220987539 7.4702266403 7.5088210335 7.6486446746 7.6891462328 7.7379546845 7.7933204653 7.8561580129 7.9612801344 8.0257206448 8.0637142706 8.1821593765 8.2273740795 8.301054347 8.3136105287 8.3271670825 8.3365201241 8.3630850222 8.4005407003 8.4453611757 8.4831230506 8.6959832846 8.705710477 8.8366477813 8.905408706 8.9858765749 9.6659830404 9.7063070896 10.7053586469 10.7529962418 10.7575182573 15.5135427849 15.5467329534 15.5610675846 15.8998056397 15.9273953907 16.2598890446 24.0686050051 24.6826805625 24.6997065896
334 2.6003630336 2.7142612058 2.8909781706 3.1667669617 3.2927396275 3.3704447484 3.659500691 3.6933097639 3.7319735239 3.7767720521 3.8880146177 4.0115379962 4.4442079263 4.455683466 4.5839070116 4.6861620815 4.7374001415 4.8433405716 4.9339567073 4.9914148176 5.0953434073 5.1225524564 5.2113171343 5.2918931311 5.3218951559 5.387646182 5.4414689796 5.5292802748 5.5839780623 5.6999192104 5.7666456476 5.801831163 5.818599333 5.872936098 5.8845981681 5.9423838198 5.9779956482 6.0068367357 6.0378573475 6.0721756498 6.1061386944 6.1899430566 6.2511784987 6.270757971 6.2738046642 6.3812916323 6.4523229553 6.5154767929 6.5179090554 6.6299426092 6.6989994932 6.7312369997 6.7496728556 6.8179853978 6.8776510231 6.9296810717 6.957637292 6.9973401566 6.9991085033 7.0537089269 7.1612663491 7.1878282286 7.2299551041 7.3206037948 7.3688726231 7.4138193016 7.462784983 7.4978873294 7.6479073938 7.6909208482 7.7339380632 7.8025856554 7.8565509138 7.9659778047 8.0265873273 8.0668983384 8.186569309 8.2261716281 8.3004710056 8.3124779909 8.3300570413 8.3325024941 8.3603125764 8.4008947718 8.4396436325 8.4861384935 8.7029428018 8.704175894 8.8378078693 8.9051438338 8.9866014156 9.6658305018 9.7064671727 10.706450452 10.7534838676 10.7567965654 15.5135459518 15.545627822 15.5611833138 15.9009879538 15.9295258299 16.2601465314 24.0687524985 24.6822102462 24.7004316615
335 2.5991778107 2.7118631131 2.8878367185 3.157759085 3.2699342472 3.3564170138 3.6646787887 3.7057534927 3.7186584464 3.7695397427 3.8941469836 4.0294766936 4.4453181694 4.445670489 4.5882205445 4.6755280735 4.7242945179 4.825704765 4.9260678931 5.0008063117 5.1057490972 5.1258754007 5.2078963333 5.2890932902 5.3188488678 5.3816992567 5.4460256244 5.5348532286 5.5899500791 5.7124512877 5.7775450256 5.8056057893 5.8316289419 5.873669778 5.8936242499 5.9504766152 5.993637401 6.0155217507 6.0519325459 6.083838103 6.1112361888 6.1940862398 6.2470627692 6.2798625716 6.283994371 6.3793756108 6.4590321114 6.5069052359 6.5170994693 6.624990213 6.697040021 6.7219838708 6.7363399045 6.814770007 6.8764112732 6.9251422715 6.9533334105 6.9889007875 6.995283317 7.0510214858 7.1470558672 7.1813711064 7.2243965779 7.3184487001 7.3571771437 7.4061456168 7.4539230387 7.4879823934 7.6468077383 7.692701272 7.7302875207 7.8116377107 7.8566881957 7.9707980608 8.0277386999 8.0701591136 8.1910552353 8.2250762935 8.2996136702 8.3113973023 8.328416939 8.3331615022 8.357466131 8.4008724941 8.4340241341 8.4892829998 8.7001586392 8.7122162977 8.8389558014 8.9047344945 8.9873239356 9.6656780117 9.7066249768 10.7075657857 10.7539656486 10.7560474243 15.513557086 15.544532804 15.5612979841 15.9021515777 15.9316310039 16.2603996511 24.0688983266 24.6817454957 24.7011481566
336 2.5983528437 2.7099519825 2.8847959235 3.1480859768 3.2474981272 3.3438879647 3.6674374649 3.6936279876 3.7301841365 3.7647124829 3.9010829203 4.0474863787 4.432746975 4.4438774386 4.5950074474 4.6670960536 4.7112394325 4.8078659012 4.9181449834 5.0093969619 5.1161376006 5.1293417809 5.2045537195 5.2865045564 5.3164468992 5.375733154 5.4506891832 5.5405163977 5.5950499306 5.7257500049 5.7884697631 5.8091989705 5.8451188679 5.8712162622 5.9050372082 5.9590863042 6.0099353197 6.0237618853 6.0643656479 6.0960630977 6.1160022409 6.1974675124 6.242257971 6.2864912441 6.296198583 6.3785786161 6.4647702866 6.4970651759 6.5187827875 6.619846141 6.6954969369 6.7102527249 6.7250633092 6.8111528619 6.8753658032 6.9207372465 6.9480057779 6.9798371927 6.9938631767 7.0482282238 7.133035697 7.174956373 7.2184031152 7.3165683778 7.3450785304 7.3988983681 7.4436964045 7.4791265525 7.6454004415 7.694491883 7.7270468423 7.8204253692 7.8564808148 7.9756690596 8.0292356258 8.073562947 8.1955764927 8.2240665331 8.2985487699 8.3103512534 8.3242901688 8.3364057542 8.3545638161 8.4004800771 8.4285157753 8.4925358412 8.6973652094 8.7200928594 8.8400877807 8.904181091 8.9880405414 9.6655262394 9.706779888 10.708702938 10.7544396866 10.7552710805 15.513576508 15.5434515759 15.5614111295 15.9032921853 15.9337026203 16.2606474399 24.0690419103 24.6812881466 24.7018532444
337 2.5978986879 2.7085399621 2.8818654252 3.1376712628 3.2254728348 3.3329893018 3.6671360791 3.6762299626 3.7472695055 3.7631919853 3.9085479158 4.0655533941 4.4179319909 4.4397318939 4.6032621484 4.661046621 4.6983065802 4.789858199 4.9102025784 5.0170471628 5.1264344962 5.1329587134 5.2014241788 5.2841355754 5.314632859 5.369804776 5.4554457119 5.5462273276 5.599321766 5.739711234 5.7994089396 5.8127239055 5.8589881423 5.8679946709 5.9165472916 5.9680631188 6.0262972438 6.0319520126 6.0745259143 6.1091045532 6.1204136547 6.2000875114 6.2378111374 6.2930227339 6.3070683787 6.3793109715 6.4669977832 6.4907662836 6.5203523756 6.6144798968 6.6944544392 6.6960896985 6.7159873258 6.8071488263 6.8745189281 6.9165679143 6.9409818847 6.9726336294 6.9929800303 7.0452913079 7.1193182102 7.1686043765 7.211890744 7.3149456198 7.3328705033 7.3919381996 7.4323999009 7.4711123984 7.6437393656 7.6962985554 7.7242326724 7.8289000708 7.8558714189 7.9805128899 8.0311437195 8.077162543 8.2000827204 8.2231177474 8.2973432888 8.3093057739 8.3201630711 8.3397209079 8.3516315486 8.39973353 8.4231295127 8.4958717596 8.69457037 8.7277946846 8.841199898 8.9034848203 8.9887476399 9.6653758712 9.7069313082 10.7098601403 10.7544678553 10.7549041139 15.5136044538 15.5423877677 15.5615222865 15.9044055811 15.9357325161 16.2608889709 24.0691826781 24.6808400058 24.7025441388
338 2.5978216756 2.7076356387 2.8790539256 3.1264847719 3.2039022777 3.3238030115 3.6585378262 3.6637020629 3.7649544717 3.7652106989 3.9163648149 4.0836638455 4.4019318262 4.4328924572 4.6122895455 4.6573940668 4.6855584481 4.7717105208 4.9022542686 5.0236645311 5.1365718901 5.1366499821 5.1986994851 5.2819908909 5.3133445557 5.3639609071 5.4602856766 5.5519390695 5.6028134925 5.7542320543 5.8103440852 5.816288694 5.8644762613 5.8731358476 5.9277752914 5.9772613343 6.0371115987 6.0455181711 6.0821754867 6.1228467711 6.1244266121 6.2020211177 6.2342964404 6.2992078617 6.3163207591 6.381895613 6.4626078571 6.4910231263 6.5216369713 6.6088320563 6.6808224722 6.6939946617 6.7080208756 6.8027877501 6.8738750618 6.912722274 6.9320645712 6.967537547 6.9925176175 7.0421665677 7.1060275496 7.1623327386 7.2047915518 7.3135668132 7.3208010435 7.385176423 7.4204144175 7.4636567263 7.6418767263 7.6981278774 7.7218411092 7.8370159031 7.8548302646 7.9852506375 8.0335281426 8.0809946394 8.2045139707 8.2222021646 8.2960655421 8.308185806 8.3161141319 8.3430448636 8.348704513 8.398656705 8.4178740726 8.4992628647 8.6917827018 8.7353114165 8.8422881488 8.9026476716 8.989441678 9.665227606 9.7070786582 10.7110355609 10.753638154 10.7553571008 15.513641061 15.5413449679 15.5616309963 15.9054877113 15.9377126892 16.261123357 24.0693200689 24.6804028442 24.7032181091
339 2.5981234276 2.7072436607 2.8763691824 3.1145506316 3.1828331325 3.3163548291 3.6408712074 3.657718546 3.7702845897 3.7829394589 3.9244128289 4.1018025016 4.3852042362 4.4235417504 4.6216407225 4.6559806412 4.673053199 4.7534482896 4.8943127039 5.0292132114 5.1402235756 5.1464863815 5.196640538 5.280071416 5.3125189419 5.3582419452 5.4652031805 5.5575997256 5.6055710142 5.7692141162 5.8199911816 5.8212455769 5.8608518163 5.8874425993 5.9385824768 5.9865413495 6.0435565909 6.0631121487 6.0874779145 6.1279704444 6.136841413 6.2034350797 6.2320725823 6.3049225115 6.3238299358 6.386414508 6.4542914358 6.4951235569 6.5224668072 6.6027896249 6.665385252 6.6941910073 6.7005438859 6.7981163495 6.8734342714 6.9092724007 6.921727599 6.9641351611 6.9923285317 7.0388089787 7.0933112307 7.1561580478 7.1970624388 7.3090705024 7.3124209051 7.3785672901 7.4080740474 7.4565319595 7.6398624186 7.6999862401 7.7198535979 7.8447299858 7.8533512262 7.9898104217 8.0364449353 8.0850793495 8.2088000424 8.2212887171 8.2947880979 8.3067942553 8.3123398009 8.3458285902 8.3463208531 8.3972800714 8.4127559097 8.502680208 8.6890115957 8.7426330261 8.8433484549 8.901672459 8.9901191769 9.6650821515 9.7072213789 10.7122273005 10.7527824781 10.755796863 15.5136863516 15.5403267314 15.5617368069 15.9065346743 15.9396353292 16.2613497538 24.0694535339 24.6799783899 24.7038724909
340 2.5988003097 2.7073642587 2.8738180132 3.1019459095 3.1623153148 3.3106167573 3.623322531 3.6500380442 3.777621725 3.8011532232 3.9326045904 4.1199513008 4.3680467016 4.411990634 4.6310203694 4.6565211055 4.6608524425 4.7350951989 4.8863896938 5.0337163024 5.1433647913 5.1561179464 5.1955737263 5.2783748465 5.3120944445 5.352685947 5.4701950085 5.563152068 5.6076372508 5.7845627632 5.8239159316 5.8320636935 5.8572551408 5.9017709116 5.9488420781 5.9957785783 6.0489238208 6.0812897298 6.0908102046 6.1309496149 6.1505432948 6.2045892013 6.2313219341 6.3100889653 6.3297366938 6.3925935685 6.4452152065 6.499954965 6.522668831 6.5961532445 6.6504201553 6.6933491677 6.6950991515 6.7932002561 6.8731823838 6.9062747316 6.9106273463 6.9618473623 6.9922036215 7.0351932701 7.0813490449 7.1500972898 7.1886984465 7.2978301152 7.3114981952 7.3720969722 7.3956331804 7.4495977381 7.6377434726 7.7018785773 7.7182422693 7.8514478562 7.8520032636 7.9941373601 8.0399299185 8.0894208978 8.2128593612 8.2203429595 8.293591182 8.3046468359 8.3093193066 8.3430613384 8.3494947501 8.3956405957 8.4077792533 8.5060949216 8.6862673439 8.7497495823 8.8443766893 8.9005628968 8.9907767631 9.6649402191 9.7073589338 10.7134333828 10.7519014392 10.7562216681 15.513740214 15.5393365899 15.5618392752 15.9075427302 15.9414928484 16.2615673618 24.0695825392 24.679568321 24.7045046963
341 2.5998428313 2.7079926358 2.871406311 3.0887908368 3.1424025016 3.3065178242 3.6059443972 3.6414129516 3.7865037496 3.8195651085 3.9408733965 4.1380869507 4.3506599473 4.3986114094 4.6401467373 4.649100408 4.6586701555 4.7166758127 4.8784963552 5.0372482726 5.1456966278 5.1654094427 5.195832776 5.2768960307 5.3120092689 5.3473341676 5.4752594506 5.5685333717 5.6090538859 5.800183256 5.8281328278 5.8426763859 5.8538551098 5.915964143 5.9583810684 6.0048800356 6.053384461 6.0926722324 6.0997404741 6.1332665429 6.1634180698 6.2058117931 6.2320639325 6.3146495475 6.3343845402 6.3998722182 6.4365632734 6.5044685612 6.522055436 6.5886278953 6.6365559848 6.6863908595 6.6967459262 6.7881271243 6.8730592528 6.8993036916 6.9037713081 6.9602576162 6.9918179124 7.0313689113 7.0703496201 7.1441689982 7.1797466949 7.2871788629 7.3107887717 7.365774318 7.3832836551 7.4427829553 7.6355636527 7.7038063457 7.7169751513 7.849149567 7.8588016289 7.9982020107 8.0439886689 8.0940093263 8.2165982283 8.2193271238 8.2925653136 8.3014469857 8.3073404283 8.3404717388 8.3525113028 8.3937831686 8.4029462611 8.5094789225 8.6835612303 8.7566509873 8.8453687053 8.8993237301 8.9914111948 9.6648025193 9.7074908104 10.7146517416 10.7509957793 10.7566298429 15.5138023815 15.5383780665 15.5619379693 15.9085083096 15.9432779112 16.2617754284 24.0697065677 24.6791742592 24.7051122248
342 2.6012349853 2.7091181962 2.8691390705 3.0752347073 3.1231527079 3.3039591228 3.5887777022 3.6323855826 3.7964020216 3.8381567215 3.9491660967 4.1561765762 4.3331874012 4.383781565 4.6372955693 4.6494427607 4.6620746244 4.6982244485 4.8706433212 5.039919431 5.1469312192 5.174306559 5.1976200201 5.2756273067 5.3121934164 5.342240479 5.4803948785 5.5736756539 5.6098641658 5.8159737795 5.8326983594 5.8497188114 5.8540330555 5.9298437839 5.9669591748 6.0138081306 6.0569549634 6.0936566598 6.1182662604 6.1349174448 6.1749340646 6.2074466409 6.2342019258 6.3185528446 6.3381339281 6.4076039954 6.4289144543 6.508304709 6.520399086 6.5799409124 6.6244040668 6.6797031659 6.6991162709 6.7830124354 6.8727987249 6.8883348684 6.9017908709 6.9591136017 6.990659448 7.027562856 7.0605165423 7.1383941293 7.1703156958 7.2771625393 7.3102801123 7.3596239546 7.3711789413 7.436061844 7.6333631974 7.7057636723 7.7160223823 7.8464980893 7.8650972385 8.0020027541 8.048592225 8.0988226967 8.2182004706 8.2199119713 8.2918115989 8.2977259151 8.3058622664 8.3381374557 8.3553087316 8.3917642593 8.3982572914 8.5128052526 8.6809056201 8.7633266603 8.8463203673 8.8979609357 8.9920193837 9.6646697564 9.7076165218 10.7158802 10.7500663963 10.7570197795 15.5138724094 15.537454692 15.5620324703 15.9094280213 15.9449834633 16.2619732489 24.0698251216 24.6787977633 24.7056926729
343 2.6029535376 2.710723569 2.8670204263 3.061442109 3.104628914 3.3028285636 3.5718588976 3.623320644 3.8069479293 3.8569145944 3.9574391701 4.1741689256 4.3157391082 4.3678563523 4.6263346733 4.6579701449 4.6663169063 4.6798781701 4.8628410392 5.0418578956 5.1470229035 5.1827580836 5.2008706991 5.2745588146 5.3125493659 5.3374900308 5.4855980576 5.5785065682 5.6101156532 5.8317934635 5.8376816162 5.8471927978 5.8637685675 5.9432050376 5.9742847607 6.0226029283 6.0596639003 6.0943839065 6.1337663318 6.1388955788 6.1845512073 6.2097838425 6.237590531 6.3217421442 6.3412332031 6.4152052531 6.4227036447 6.5113225735 6.5173843462 6.5701862684 6.614285522 6.6733832619 6.7021374831 6.7780107442 6.8706683341 6.879659438 6.9003488877 6.9582616451 6.9880289798 7.024243429 7.0519844745 7.1327966669 7.1605754386 7.2677792078 7.3099525969 7.3536811055 7.3594541137 7.4294366303 7.6311786866 7.707728189 7.7153669822 7.8435443881 7.8708698243 8.0055599689 8.0536808465 8.1038293529 8.2169201807 8.2226902613 8.2914375255 8.2939113787 8.3044525778 8.3361382533 8.3578105897 8.3896588534 8.3937112776 8.5160481457 8.6783140423 8.7697651459 8.8472275841 8.8964820129 8.9925984115 9.6645426234 9.7077356081 10.7171164404 10.7491143805 10.757389942 15.5139496495 15.5365700244 15.562122375 15.9102986605 15.9466027596 16.2621601682 24.069937724 24.6784403229 24.7062437437
344 2.6049672855 2.7127833802 2.8650537028 3.0475825951 3.0868997245 3.3030122934 3.555222623 3.6144622591 3.8178765368 3.8758275982 3.9656566459 4.191974384 4.2984066856 4.3511750483 4.6158066763 4.6607112106 4.6661225357 4.672094197 4.8551001982 5.0431941627 5.146166444 5.1907163996 5.205271293 5.2736787818 5.3129104552 5.3332385073 5.4908621906 5.5829512459 5.6098623507 5.8428442537 5.8446432859 5.8477758436 5.873450781 5.95581131 5.9800943368 6.0313789546 6.0615860845 6.0953931005 6.1349441785 6.1564955858 6.1917797066 6.2130043281 6.2420619149 6.3241471228 6.3437975322 6.4183129289 6.4221976857 6.5125593566 6.5134769579 6.5601339911 6.6059746105 6.6675905443 6.7056577731 6.7733366451 6.8628108333 6.8772754719 6.8994455756 6.9576022097 6.9833187433 7.0218571629 7.044807555 7.1274039584 7.15074647 7.2589920164 7.3097692095 7.3479874617 7.3482452284 7.4229268333 7.6290430207 7.7096338669 7.7150329528 7.8403461765 7.8761077585 8.0089044445 8.059173591 8.1089898941 8.2154431106 8.2248287596 8.2901785596 8.2915462193 8.3029462505 8.3345453533 8.3599137609 8.3875717073 8.3893061832 8.5191829167 8.6758012569 8.7759536195 8.8480863434 8.8948963916 8.9931455434 9.664421796 9.7078476377 10.7183579568 10.7481410677 10.7577388721 15.514033225 15.5357276694 15.5622072973 15.9111172149 15.9481293908 16.2623355803 24.0700439215 24.6781033527 24.7067632559
345 2.6072363249 2.7152627164 2.8632414733 3.0338248101 3.0700400216 3.3044017991 3.5389030374 3.6059778073 3.8289819898 3.8948858051 3.973789047 4.2094125217 4.2812734102 4.3341133338 4.6058185807 4.6424125454 4.6737919031 4.6775406461 4.847432352 5.044050725 5.144657689 5.1981381248 5.2104117341 5.2729737764 5.3129664724 5.3297829216 5.4961746901 5.586935379 5.6091659729 5.8425450467 5.8486399292 5.8633213297 5.8824734301 5.9673902712 5.9842993379 6.0402734159 6.0628663509 6.0970289484 6.1344428745 6.1751619984 6.1963181764 6.2171666784 6.2473793043 6.325688458 6.3458405674 6.4160503477 6.4281995268 6.5054267281 6.5147744705 6.5509893696 6.5988539452 6.6625392137 6.7094141753 6.7693003292 6.8528556798 6.8776493467 6.8990604555 6.9570666303 6.9764700412 7.0201875528 7.0391547539 7.1222467719 7.1410793384 7.2507466146 7.3096463173 7.337723253 7.342587685 7.4165631141 7.6269854875 7.7112879218 7.7151687262 7.8369661094 7.8808086296 8.0120651743 8.0649787516 8.1142586071 8.2137287744 8.2262469602 8.2866197027 8.2922194254 8.3012854218 8.3334093338 8.3614743979 8.3850395009 8.3856510475 8.5221857536 8.6733832976 8.7818772537 8.8488927473 8.8932159918 8.993658238 9.664307928 9.7079522079 10.719601983 10.7471481164 10.7580651952 15.514122005 15.5349313009 15.5622868706 15.9118808715 15.94955731 16.2624989294 24.0701432859 24.6777881863 24.707249153
346 2.6097113953 2.7181152341 2.8615856298 3.0203346234 3.0541315453 3.3068971303 3.5229348295 3.5979860515 3.8400876456 3.9140798847 3.9818127119 4.2260465883 4.2644219223 4.3172543761 4.5964323051 4.6239577809 4.6809267854 4.6835491748 4.8398508528 5.0445366515 5.1427716015 5.2049848171 5.2159161204 5.2724289153 5.3122346958 5.3275863048 5.5015146778 5.5903897728 5.6080963671 5.8410104175 5.8547779212 5.8785223403 5.8905077127 5.9776394213 5.9871251212 6.0493668313 6.0637365129 6.0993819658 6.133515271 6.1937650756 6.1981625213 6.2222365261 6.2532039773 6.3263047241 6.3473118142 6.4160809196 6.432912086 6.4958563778 6.5152503647 6.5436386442 6.5922793748 6.6584669153 6.7129920916 6.7663539923 6.8429721356 6.8786727748 6.8991401777 6.9566056768 6.9679752067 7.0180287372 7.0356585339 7.1173590598 7.1318274744 7.2429888596 7.3093494071 7.3282002664 7.3375263687 7.4103840057 7.6250318998 7.7123226313 7.7160952003 7.8334706675 7.8849791508 8.0150606158 8.0710011528 8.1195841809 8.2117438311 8.2269073627 8.283300331 8.2934991832 8.2994679805 8.3327518578 8.362306206 8.3809087654 8.3840902785 8.5250334814 8.6710774721 8.7875183982 8.8496430477 8.8914559789 8.9941341532 9.6642016451 9.7080489463 10.7208453778 10.7461376277 10.7583676259 15.5142145829 15.5341846786 15.5623607498 15.912587022 15.9508808562 16.2626497091 24.0702354158 24.6774960718 24.7076995112
347 2.6123334129 2.7212808892 2.8600874601 3.0072762245 3.0392632894 3.3104071746 3.5073543515 3.5905742774 3.8510265942 3.9334007223 3.9897087633 4.2405363046 4.2479411925 4.3020422236 4.5877058661 4.6055430143 4.6874878508 4.6898301654 4.8323722914 5.0447457917 5.1407189334 5.2112236747 5.221491224 5.2720280085 5.3103784264 5.3269551004 5.5068501865 5.5932564167 5.6067311786 5.8401206388 5.8612775169 5.8930921383 5.897165673 5.9862593829 5.9891257786 6.0586371393 6.0645075065 6.1023177222 6.1324205658 6.1975717394 6.2121390494 6.2281321142 6.25916856 6.3259911252 6.3481242921 6.4183611059 6.4361095741 6.4844472592 6.5149526365 6.5381173358 6.5858050563 6.6555741919 6.7158213169 6.7651020504 6.8335497285 6.8799890051 6.8995711293 6.9561841198 6.9584871111 7.0141018798 7.0349341902 7.1127774193 7.1232173408 7.2356794888 7.308075131 7.3205475311 7.3328454678 7.4044345071 7.6232047807 7.7127382604 7.7177622555 7.8299296852 7.8886343305 8.0178946953 8.077144943 8.1249095625 8.2094681028 8.2268274311 8.2802723527 8.2953768311 8.2975299928 8.3325655405 8.3622282142 8.3769120576 8.3830805898 8.5277033556 8.6689023004 8.7928555252 8.8503336818 8.8896357645 8.994571151 9.6641035398 9.7081375111 10.7220844412 10.7451123344 10.7586449725 15.5143092627 15.5334916579 15.5624286129 15.9132332682 15.9520947783 16.262787462 24.0703199387 24.6772281657 24.7081125468
348 2.6150333548 2.7246833372 2.8587477318 2.9948150886 3.0255315535 3.3148477604 3.492201268 3.5838086734 3.8616288585 3.9528391302 3.9974606416 4.2319340778 4.2481884261 4.2932352156 4.5796966258 4.58722785 4.6934422873 4.6962623381 4.8250187912 5.04475712 5.1386495225 5.2168281626 5.2269252296 5.2717536258 5.3076223903 5.3276210626 5.512135017 5.5954958414 5.6051548681 5.8399345375 5.8681059131 5.9020318795 5.9067020498 5.9910371564 5.9930423717 6.06550777 6.0679712041 6.1055705435 6.1313241837 6.1949516325 6.2301319248 6.2347613341 6.2649833578 6.3248187159 6.3481722002 6.4226320369 6.437606147 6.4722795117 6.5139304856 6.5338663802 6.5792694247 6.6539555757 6.7173342951 6.7661473182 6.8247235882 6.8814742176 6.9001135405 6.9486428174 6.9557783257 7.0084916155 7.0364054365 7.1085402528 7.1154212072 7.2288044172 7.3040621141 7.3165834873 7.3285823079 7.3987659835 7.6215235809 7.7129055258 7.7197454196 7.8264164149 7.8917959778 8.0205567672 8.0833123729 8.1301708079 8.2069017564 8.2260784435 8.2775753271 8.2955320375 8.2977952843 8.332821312 8.3611756922 8.3730485009 8.3827009311 8.5301729334 8.6668773664 8.7978618897 8.8509613066 8.887780299 8.9949672995 9.6640141664 9.7082175919 10.7233146081 10.7440759111 10.7588961422 15.5144040568 15.5328561893 15.5624901629 15.9138174263 15.9531942561 16.2629117793 24.0703965125 24.6769855291 24.7084866239
349 2.6177327172 2.7282272043 2.8575667793 2.9831218311 3.0130394279 3.3201378155 3.4775213317 3.5777406842 3.8717133277 3.9723855882 4.0050484835 4.2165268509 4.2420789288 4.2977835255 4.5690762496 4.572461297 4.6987618937 4.7027485492 4.817821796 5.0446360933 5.1366678674 5.2217784957 5.2320709162 5.2715870895 5.3044343868 5.3290596815 5.5173051755 5.5970951985 5.6034571385 5.8404824694 5.8752126698 5.9047844554 5.9189147018 5.9935280061 5.9980219554 6.06696006 6.0771992326 6.1088434621 6.130322516 6.1907659431 6.2420283768 6.2475650162 6.2704750573 6.3229180686 6.3473421099 6.4284847419 6.4371361703 6.4605840446 6.5122266783 6.5302063097 6.5728099865 6.6535604837 6.7173151167 6.7697431683 6.8165749462 6.8830453962 6.9002380626 6.9392130733 6.955375332 7.0018879488 7.0390911179 7.1046866616 7.1085397452 7.222380789 7.2978645702 7.3157978892 7.3247682939 7.3934370752 7.6200049111 7.713006692 7.7218037422 7.8230079514 7.8944907293 8.0230240591 8.089399516 8.1352947421 8.2040729503 8.2247736532 8.2752347814 8.2935463555 8.3006621012 8.3334784689 8.3592666816 8.3693187847 8.3828531891 8.5324200666 8.6650230548 8.8025038903 8.8515228314 8.8859216707 8.9953208738 9.6639340354 9.7082889101 10.7245299226 10.7430335053 10.7591201454 15.5144967037 15.5322822974 15.5625451293 15.9143375318 15.9541749207 16.2630222991 24.0704648267 24.6767691233 24.7088202607
350 2.6203448202 2.7317957153 2.8565445929 2.9723759659 3.0018954368 3.3261928672 3.4633715183 3.5724109645 3.8810839604 3.9920299676 4.0124377096 4.2018824419 4.2270829981 4.3107918911 4.5511789157 4.5660551251 4.7034221962 4.7091944071 4.8108285454 5.0444363226 5.134847238 5.226061894 5.2368265037 5.2715084408 5.3011497486 5.3308699276 5.5222748657 5.5980761936 5.6017307693 5.8417566737 5.8825295965 5.9053567585 5.9291611228 5.9969558934 6.00160492 6.068862991 6.0861145181 6.1118825456 6.1294585104 6.1854919959 6.2498666525 6.2641715447 6.275566629 6.3204462546 6.3455230029 6.434139007 6.4354543839 6.450810628 6.5098737512 6.5265406675 6.5668042436 6.6542024109 6.7160578405 6.7756321708 6.8091748542 6.8846268403 6.898809928 6.9314693685 6.9549724713 6.9947718925 7.0423714187 7.1012551429 7.1026008144 7.216459382 7.2915196572 7.3161813519 7.3214283707 7.3885154006 7.6186627765 7.7130923314 7.723822097 7.8197857282 7.8967478497 8.0252653021 8.0952896053 8.1401952365 8.2010452384 8.2230542298 8.273260938 8.2916470715 8.3038644856 8.334492779 8.3567287598 8.3657258252 8.3833385898 8.5344230525 8.6633601475 8.8067392099 8.852015449 8.8841009329 8.995630356 9.6638636098 9.7083512192 10.7257220971 10.7419926813 10.7593160994 15.5145847122 15.5317740348 15.5625932699 15.9147918422 15.9550328722 16.2631187062 24.0705246043 24.6765798055 24.7091121353
351 2.622777253 2.7352496374 2.8556809081 2.9627683355 2.992211049 3.3329133368 3.4498303666 3.5678518795 3.8895307648 4.0117611881 4.0195582515 4.1882196515 4.2091837519 4.326190903 4.5336793269 4.5605306714 4.7074020258 4.7154910702 4.8041135029 5.0442011915 5.1332396792 5.2296724878 5.2411163481 5.2714964962 5.297968675 5.3327862158 5.5269322508 5.5985017539 5.6000688114 5.8436985304 5.8899649702 5.9040146232 5.9367927269 6.0012598226 6.00451929 6.0709895355 6.0944607045 6.1145376904 6.1287415298 6.1795993853 6.2581896383 6.2795959234 6.2802436382 6.3175617511 6.3426273624 6.4284301818 6.4430942019 6.4439715651 6.5068941897 6.522471531 6.5617083939 6.6555992159 6.7141047207 6.7832995939 6.8026025187 6.8861430071 6.8942128722 6.9271048803 6.9545768668 6.9874709721 7.0458783248 7.0975758972 7.0982821944 7.2111236782 7.2858018162 7.3169674132 7.3185811848 7.3840797137 7.6175088026 7.7131729083 7.7257191753 7.8168356255 7.8985970552 8.0272446554 8.1008443984 8.1447680546 8.197924345 8.22108027 8.2716493052 8.2899043602 8.3072776467 8.335820651 8.3537942023 8.3622758431 8.3839685485 8.5361609641 8.6619092607 8.8105150297 8.8524366644 8.8823698603 8.9958944341 9.6638032999 9.7084043053 10.7268787589 10.7409651777 10.7594832319 15.5146654384 15.5313354023 15.5626343719 15.9151788414 15.9557646969 16.2632007303 24.0705756026 24.6764183259 24.7093610913
352 2.6249356904 2.7384291237 2.8549752926 2.9545004878 2.9840968201 3.3401605578 3.4370207332 3.5640891079 3.8968363433 4.0262709094 4.0315667099 4.1758405592 4.1902229758 4.3419404387 4.5168234389 4.5559363435 4.7106833482 4.7214912812 4.7977988932 5.0439652596 5.1318825478 5.2326107099 5.2448709418 5.2715291889 5.295033715 5.334615448 5.531135943 5.5984798885 5.5985611149 5.846179899 5.8973897674 5.901283841 5.9413053456 6.0060390828 6.0074746849 6.0730163085 6.101864062 6.1168517372 6.1281655146 6.1735413303 6.266904924 6.2845270382 6.2932926278 6.314413776 6.3386566978 6.4219563604 6.4389083726 6.4510115079 6.5033055705 6.5179676497 6.5578212145 6.6574176637 6.711953859 6.7922492667 6.7969554965 6.8861418412 6.8875184176 6.9264677899 6.9542042354 6.9802743463 7.0493408361 7.0934101948 7.0958009538 7.2064852759 7.280964454 7.3162397929 7.3178875831 7.3802217146 7.6165524448 7.7132472728 7.7274197379 7.8142470059 7.9000665518 8.0289254053 8.1058944717 8.1488848667 8.1948639174 8.2190287482 8.270383392 8.2883815981 8.3107610387 8.3374190909 8.3506687388 8.3589806602 8.3846078329 8.5376141673 8.6606901238 8.813767032 8.8527843204 8.8807919243 8.9961120013 9.6637534599 9.708447987 10.7279800588 10.7399703016 10.7596208843 15.5147362015 15.5309702318 15.562668253 15.9154972414 15.9563674808 16.2632681449 24.0706176143 24.6762853243 24.709566142
353 2.6267291361 2.7411606035 2.8544272321 2.9477788058 2.9776571099 3.3477005375 3.4251650036 3.5611426777 3.9027881287 4.0323214817 4.0514315801 4.1651650105 4.1707770926 4.3570515725 4.5010650156 4.5523147898 4.713251243 4.7269709169 4.7920908388 5.0437554008 5.1308026643 5.2348820089 5.248006748 5.2715844208 5.2924802104 5.3362047113 5.5347148382 5.5972902442 5.5981620943 5.8489723473 5.8978249536 5.9046048129 5.9426918393 6.010701239 6.0107147835 6.0746738373 6.1076903046 6.11920377 6.1277216477 6.1677628042 6.2758819493 6.288449899 6.3043688017 6.3111432869 6.3339103797 6.4170180905 6.4340588568 6.4588693474 6.4991350499 6.513435345 6.5551451912 6.659310547 6.7099691738 6.7923526673 6.8020578179 6.875995406 6.8886805014 6.9281788791 6.9538765701 6.9734988511 7.0525090069 7.0900608073 7.0938399964 7.2026747522 7.2771217505 7.3144127039 7.318788372 7.3770457896 7.6158011733 7.7133112307 7.7288487982 7.8121098122 7.9011814039 8.0302731801 8.1102315404 8.1523888285 8.1920681474 8.2170949228 8.2694390351 8.2871339728 8.3141369538 8.339239979 8.3475608172 8.3558638781 8.3851697774 8.5387649988 8.6597207243 8.8164205153 8.85305662 8.8794411582 8.9962821541 9.6637143844 9.7084821158 10.7289920148 10.7390415878 10.759728514 15.5147944351 15.5306820338 15.5626947627 15.9157459855 15.9568388227 16.2633207667 24.0706504687 24.676181328 24.7097264749
354 2.6280763253 2.7432707271 2.8540362123 2.9428013682 2.9729836406 3.3550566348 3.4147315965 3.5590276365 3.9071948971 4.0372991671 4.0713357977 4.151082522 4.1567568262 4.370441316 4.487289724 4.5497012845 4.7150939612 4.7315720555 4.7873346803 5.0435916822 5.1300189176 5.2364948268 5.2504106739 5.271641562 5.2904615795 5.3374318778 5.5374765744 5.5963270029 5.5977315699 5.8516986085 5.8943750596 5.9112521639 5.9416150078 6.0138014544 6.014662816 6.0758276021 6.1112103055 6.1220920692 6.127404622 6.1627490994 6.2849013667 6.2920183468 6.3079051953 6.3110413026 6.3296730476 6.4147763542 6.4288987382 6.4663458071 6.4944639139 6.5095404391 6.5534754372 6.6609492001 6.7083966038 6.7889272324 6.8122543726 6.8651677255 6.889564137 6.9308598109 6.9536185396 6.9675776065 7.055115326 7.0875372692 7.0924223791 7.1998271261 7.2743383675 7.3131050318 7.3195455048 7.3746637641 7.6152606301 7.7133604255 7.7299342491 7.8105089588 7.9019622708 8.031258576 8.1136108357 8.1550976613 8.189784322 8.2154891356 8.2687895539 8.2862073191 8.3171416294 8.3412084713 8.3447456525 8.3529821245 8.3856012605 8.539598547 8.6590163803 8.8183954909 8.8532521456 8.878397046 8.9964041915 9.6636863055 9.7085065761 10.7298542863 10.7382390266 10.7598056968 15.5148378654 15.5304738172 15.562713783 15.9159242496 15.9571768442 16.2633584541 24.0706740321 24.6761067491 24.7098414545
355 2.6289125993 2.7446076167 2.8538017966 2.9397373035 2.9701485809 3.3611269755 3.4068169346 3.557754479 3.9099044715 4.0406525841 4.0912394912 4.1312758975 4.1512912412 4.3803252316 4.477198198 4.5481222481 4.7162030164 4.7347582956 4.7840585462 5.0434880068 5.1295438762 5.2374580273 5.2519422843 5.2716834988 5.2891484694 5.3382059656 5.5392316207 5.5957259802 5.5973751376 5.8537910225 5.8917529104 5.9165513965 5.9393803775 6.0160660999 6.0173118509 6.0764754372 6.1126798146 6.1249029063 6.1272135124 6.1591436404 6.2934465321 6.295069001 6.3049945796 6.3107233383 6.3284961403 6.4154850685 6.423619972 6.4729236393 6.4896378744 6.5069218935 6.5525785654 6.6620576486 6.7073939915 6.7868076278 6.8218361925 6.8550948378 6.8901170918 6.9333658839 6.9534528957 6.9632303908 7.0568648989 7.0859278472 7.0915649662 7.198062367 7.2726537424 7.3123195654 7.3200518504 7.3731815325 7.6149347542 7.7133913934 7.7306141108 7.8095159647 7.902424497 8.0318591743 8.1157774362 8.1568239447 8.1882722194 8.2144175767 8.2684109967 8.2856365567 8.3193496429 8.3426514552 8.3431235271 8.3505239518 8.3858710206 8.5401034444 8.6585888326 8.8196172223 8.8533698735 8.8777339713 8.9964776137 9.6636693907 9.7085212854 10.7304648203 10.7376644197 10.7598521285 15.5148646959 15.5303479043 15.5627252293 15.9160314443 15.9573801977 16.2633811065 24.0706882085 24.6760618831 24.7099106251
356 2.6291961783 2.7450658792 2.8537236924 2.9387021928 2.9691982361 3.3636973926 3.4036320797 3.5573294089 3.9108189207 4.041847587 4.1094446616 4.1130988484 4.149382889 4.384122874 4.4733347663 4.5475940534 4.7165732745 4.7359194464 4.7828679372 5.0434525491 5.1293847459 5.2377782714 5.2524712449 5.2716988172 5.2886901812 5.3384704048 5.5398350107 5.5955216991 5.5972378433 5.8545961255 5.8907557551 5.9187929445 5.9381108855 6.0168965995 6.0182463708 6.076679584 6.1130396386 6.1260969008 6.1271495517 6.1577832303 6.2965892001 6.2986380083 6.303510932 6.3075218836 6.3288771633 6.4180608487 6.4195077541 6.476407784 6.4867490984 6.50600151 6.5522973401 6.6624492518 6.7070501899 6.7860892482 6.8268949306 6.849857149 6.8903053529 6.9344420154 6.95339574 6.9615538576 7.0574872635 7.0853679149 7.0912780153 7.1974640849 7.2720898326 7.3120576179 7.3202301804 7.372677665 7.6148258724 7.7134019615 7.7308458107 7.8091792345 7.9025775126 8.0320609618 8.116526391 8.1574186916 8.1877409075 8.2140399178 8.2682867858 8.2854437737 8.3201911532 8.3418479783 8.3441541488 8.3493130865 8.3859626451 8.5402725549 8.6584454748 8.8200311845 8.8534091851 8.8775062511 8.996502121 9.6636637412 9.708526194 10.7306916963 10.7374495363 10.7598676261 15.5148737723 15.5303057655 15.5627290504 15.9160672152 15.9574480725 16.263388664 24.0706929405 24.676046908 24.7099337124
357 2.6291961783 2.7450658792 2.8537236924 2.9387021928 2.9691982361 3.3636973926 3.4036320797 3.5573294089 3.9108189207 4.041847587 4.1094446616 4.1130988484 4.149382889 4.384122874 4.4733347663 4.5475940534 4.7165732745 4.7359194464 4.7828679372 5.0434525491 5.1293847459 5.2377782714 5.2524712449 5.2716988172 5.2886901812 5.3384704048 5.5398350107 5.5955216991 5.5972378433 5.8545961255 5.8907557551 5.9187929445 5.9381108855 6.0168965995 6.0182463708 6.076679584 6.1130396386 6.1260969008 6.1271495517 6.1577832303 6.2965892001 6.2986380083 6.303510932 6.3075218836 6.3288771633 6.4180608487 6.4195077541 6.476407784 6.4867490984 6.50600151 6.5522973401 6.6624492518 6.7070501899 6.7860892482 6.8268949306 6.849857149 6.8903053529 6.9344420154 6.95339574 6.9615538576 7.0574872635 7.0853679149 7.0912780153 7.1974640849 7.2720898326 7.3120576179 7.3202301804 7.372677665 7.6148258724 7.7134019615 7.7308458107 7.8091792345 7.9025775126 8.0320609618 8.116526391 8.1574186916 8.1877409075 8.2140399178 8.2682867858 8.2854437737 8.3201911532 8.3418479783 8.3441541488 8.3493130865 8.3859626451 8.5402725549 8.6584454748 8.8200311845 8.8534091851 8.8775062511 8.996502121 9.6636637412 9.708526194 10.7306916963 10.7374495363 10.7598676261 15.5148737723 15.5303057655 15.5627290504 15.9160672152 15.9574480725 16.263388664 24.0706929405 24.676046908 24.7099337124
358 2.6288546855 2.7443941551 2.8530583272 2.9402315071 2.9703331634 3.3633552901 3.4040992028 3.5580109663 3.9093307055 4.0410531751 4.1043247213 4.1110632526 4.1579775325 4.3851651937 4.4706897445 4.5501665538 4.7167087035 4.7360952047 4.7825806492 5.0437950036 5.129198728 5.2376079128 5.2526297135 5.2712616367 5.2886504114 5.3385400134 5.5402900524 5.5836456439 5.6088497531 5.8540529466 5.8892390502 5.9186328092 5.9394593198 6.0154732847 6.017865627 6.0764443698 6.1110745218 6.1247711599 6.1305464638 6.1564500729 6.2937056468 6.2965669638 6.2983315051 6.3148580127 6.3300876268 6.416932186 6.4208750962 6.4761431135 6.4875586966 6.5061580314 6.5529042763 6.6610513091 6.7073133211 6.7856381157 6.8268956877 6.8511187918 6.8904382775 6.9346075301 6.9539601132 6.9623445591 7.05508559 7.0854747452 7.0936441095 7.1966387483 7.2737622526 7.3105238995 7.3220042809 7.3725653754 7.6146782046 7.7134231962 7.7308879682 7.8091636429 7.9030404573 8.0320245779 8.1163385518 8.1574702986 8.186714352 8.2146239027 8.2680172548 8.2852359138 8.3192948384 8.3419369355 8.3438055998 8.3503551772 8.386503211 8.5403102583 8.6584667327 8.8199445947 8.8534003809 8.8775265199 8.9965100798 9.6635682901 9.7084529301 10.7306891225 10.7366834162 10.7609892316 15.5148099518 15.5303824656 15.5628893359 15.9159104823 15.9576098275 16.2634061233 24.0706971047 24.6758546321 24.7099056253
359 2.6278426994 2.7424249285 2.8512040938 2.9446651175 2.9736909451 3.3623462281 3.4054979312 3.5600379233 3.9050064754 4.0387006315 4.0874236913 4.1157778144 4.1743323968 4.3882619879 4.463638947 4.5569989662 4.7171206246 4.7366221986 4.781719945 5.0448195734 5.1286476308 5.2371306151 5.2530733141 5.2698688638 5.2886037262 5.3387731368 5.5416296535 5.5707405729 5.6209557813 5.8524526679 5.8851289491 5.9181484493 5.943061971 6.0112362262 6.0167306273 6.0756966238 6.1074384048 6.122643623 6.1366421197 6.1526197688 6.2868743125 6.2881855776 6.2962287915 6.3242900541 6.3332861821 6.4136472024 6.4248176111 6.4753122339 6.4896804368 6.5067742264 6.5546718297 6.657134707 6.708020899 6.7843916407 6.826715065 6.8547364131 6.8908561815 6.9351824881 6.9556032101 6.9647100719 7.0494260639 7.085806477 7.0992699118 7.1943963921 7.2785149886 7.3075645525 7.3256817544 7.3722321468 7.614240399 7.7134857557 7.7310155031 7.8091245246 7.9044149271 8.0319149735 8.1157755454 8.1576249592 8.1838947547 8.2161124417 8.267215945 8.2846067943 8.3169406811 8.3420835391 8.3429427752 8.3531521099 8.3880589189 8.5404231315 8.6585303082 8.819684678 8.8533749599 8.8775869149 8.9965336428 9.6632823142 9.7082333019 10.7306814108 10.7347422258 10.7639951616 15.5146187372 15.5306132595 15.5633685869 15.9154479792 15.9580873773 16.2634584329 24.0707095813 24.6752808788 24.7098191523
360 2.6261965928 2.7392858001 2.8484990465 2.9516286114 2.9791407962 3.360719385 3.4078203891 3.5633597117 3.8982119158 4.034877066 4.0685560051 4.1232206835 4.1922626832 4.3933273109 4.4538085137 4.5664637692 4.7178252716 4.7375006371 4.7802892406 5.0465179095 5.1277518012 5.2364298762 5.2537244201 5.2673333125 5.2887199882 5.3392313762 5.5437805444 5.5576550014 5.6326873274 5.8498786075 5.8792769799 5.9173289904 5.9480585546 6.0043160291 6.0148610983 6.0743098915 6.1040403614 6.1194954574 6.1437333116 6.1467552326 6.2772733628 6.2797528737 6.2923833889 6.3340842117 6.3377344032 6.4084931251 6.4309627829 6.4738210325 6.4922016677 6.5083076261 6.5574594741 6.6514037891 6.7090125679 6.7825867537 6.8259122362 6.8602535669 6.8916268638 6.9363586574 6.9582041274 6.9686260514 7.0427003421 7.0863980882 7.1061653585 7.1912638636 7.2857331644 7.3043690785 7.3300642037 7.3716900642 7.6135277546 7.7135863025 7.7312315131 7.8090832954 7.9066596996 8.0317308023 8.1148389004 8.1578822255 8.179782651 8.2179954605 8.2659036291 8.2835412156 8.3137589563 8.3410841723 8.3429228407 8.3570884977 8.3904664989 8.5406104767 8.6586356103 8.8192510624 8.8533358103 8.8776862118 8.9965718815 9.6628069413 9.7078678019 10.7306685903 10.7322357121 10.7682705292 15.514300868 15.5310001348 15.5641620832 15.9147011636 15.9588592043 16.2635453877 24.0707303224 24.6743345059 24.7096680204
361 2.6239735063 2.7351602377 2.8453135467 2.9606943396 2.9864938698 3.3585490607 3.4110536023 3.5678997825 3.8894158577 4.029713249 4.0490015935 4.1329204866 4.2104422395 4.4002315602 4.442425661 4.5773356885 4.718847514 4.7387343091 4.7782940331 5.0488761623 5.1265435288 5.2356047557 5.2544935966 5.2634909049 5.2891566921 5.3399868166 5.5444358564 5.5466305224 5.6439630995 5.8464564873 5.8723726555 5.9161588169 5.9537415923 5.99498448 6.0122845255 6.0720761832 6.1011615065 6.1155182703 6.1395104045 6.1511993609 6.2657317747 6.2711331969 6.2871269168 6.3428539873 6.3438392891 6.4019427339 6.4389105892 6.4715547399 6.4939439238 6.5112456231 6.5610844546 6.6447803508 6.7101721759 6.7804095785 6.8240404657 6.8670100401 6.8929085301 6.9383446917 6.9616243202 6.9740367915 7.0361777251 7.0873122884 7.113342244 7.1877739341 7.2947502921 7.3011964424 7.3348783777 7.3709639229 7.6125648225 7.7137195902 7.7315408623 7.8090710499 7.9097116853 8.03146986 8.1135311571 8.158241451 8.1747804518 8.2198563573 8.2641116766 8.2820191459 8.310242395 8.3393304917 8.343531871 8.3616910072 8.3935335863 8.5408711737 8.6587816659 8.8186433494 8.8532874717 8.8778224021 8.9966232863 9.6621440393 9.7073572611 10.7295718793 10.7306507093 10.7733987965 15.5138575736 15.5315461111 15.565262261 15.9137011224 15.9598941227 16.263666647 24.0707592485 24.6730291727 24.7094428672
362 2.6212467718 2.7302571466 2.8419467513 2.9714892608 2.99553357 3.355925722 3.4151797149 3.5735646656 3.8790807143 4.0233674666 4.029118756 4.1444118433 4.2284343435 4.4088174501 4.4302263158 4.5888931331 4.7202176098 4.7403355872 4.7757416589 5.0518749179 5.1250650019 5.2347465078 5.25530272 5.2582939343 5.289983041 5.3410952143 5.5311207286 5.5500401104 5.6546955349 5.8423395731 5.8648474837 5.9146190798 5.9596446655 5.9836370072 6.009032392 6.0687254501 6.0982571159 6.1112910922 6.1316197715 6.158628014 6.2530585741 6.2622222236 6.280722162 6.3481853903 6.3527818542 6.3948347028 6.4483133662 6.4684143695 6.4943884151 6.5152412058 6.5653671829 6.6383068937 6.7114588079 6.7778098264 6.8209365608 6.8741588827 6.8950561267 6.9412703266 6.9657402297 6.9808335428 7.0305608222 7.0886468833 7.1203887747 7.1843337375 7.2981014603 7.3049914157 7.3400505513 7.3701018053 7.6113840984 7.7138789228 7.7319497479 7.8091233472 7.9134925476 8.0311291439 8.1118558835 8.1587019024 8.1691378752 8.2214292272 8.261878174 8.2800249081 8.3066868151 8.3374442184 8.3443028663 8.3666783797 8.397087176 8.5412037435 8.6589671375 8.8178614136 8.8532357595 8.8779927402 8.9966858209 9.6612961985 9.7067028634 10.7269591699 10.7306278353 10.7791596439 15.513290569 15.5322548591 15.5666591103 15.912483619 15.9611562312 16.2638217356 24.0707962483 24.6713820197 24.7091325452
363 2.6181006005 2.724785375 2.8386033905 2.983723152 3.0060408715 3.3529472043 3.4201762678 3.5802529304 3.867603701 4.0090495195 4.0160099139 4.1572939225 4.245964438 4.4176821328 4.4189157958 4.6007113936 4.7219664202 4.7423323207 4.7726410472 5.0554887411 5.1233661752 5.2339305224 5.2518082081 5.2560926802 5.2911884472 5.3425814299 5.5177434617 5.5538541662 5.6647834005 5.8376945896 5.8569638672 5.9126861847 5.9654333821 5.9707256637 6.005146394 6.0639909692 6.0941448226 6.1078669759 6.1237867273 6.1653897888 6.2402514925 6.2529990024 6.2733823012 6.3533451663 6.3588771328 6.3892186079 6.4588094342 6.4643479633 6.493807391 6.5190775941 6.570159525 6.6331271037 6.7128821476 6.7743233708 6.8169924505 6.8806015359 6.8987633858 6.9451246194 6.9704515887 6.9888279631 7.0262622423 7.0905461916 7.1271211441 7.1812322509 7.2950899885 7.3159639462 7.3455523453 7.3692018342 7.6100243974 7.7140567561 7.7324651327 7.8092753207 7.9179153449 8.0307049329 8.109817737 8.1592628591 8.163003717 8.2225508573 8.2592439653 8.2775597611 8.3032504114 8.3356051377 8.3451716607 8.3718893539 8.400989955 8.5416064383 8.6591903468 8.8169057587 8.8531873069 8.878193808 8.996756994 9.6602667084 9.7059061644 10.7244983327 10.7306000547 10.785437172 15.512602048 15.5331302617 15.5683406351 15.9110848488 15.962609158 16.2640100458 24.0708411799 24.6694123251 24.7087254419
364 2.6146247653 2.7189373252 2.835409703 2.9971776096 3.0178104541 3.3497116798 3.4260165189 3.58786245 3.8553015412 3.9888658956 4.0078101399 4.1712454411 4.2627266805 4.4051963827 4.4303582963 4.6125126468 4.7241184469 4.7447766351 4.7690025377 5.0596848013 5.1215032567 5.2332159023 5.2441640816 5.2568233266 5.2927253734 5.3444390179 5.5043355034 5.5579114534 5.6741083073 5.832690761 5.8488938868 5.9103232681 5.9567029104 5.9707658881 6.0007237724 6.0577432859 6.0879463029 6.1059597146 6.1165461806 6.1700761976 6.2290013159 6.2435220954 6.2652809305 6.3580442945 6.3580462952 6.3891197051 6.459386775 6.469754724 6.4927078875 6.5215769501 6.5753530652 6.6303844183 6.714476193 6.7689888522 6.8132749347 6.8853728232 6.9047070435 6.9497479667 6.9756783486 6.9977269032 7.0235007694 7.0932160422 7.1334335652 7.1786933344 7.2921539515 7.3271557704 7.3513669035 7.3684872569 7.6085290715 7.7142453793 7.7330941041 7.8095580496 7.9228900877 8.0301928892 8.1074225814 8.1564705951 8.1599236719 8.2231206095 8.2562492685 8.2746526803 8.2999982821 8.3339308584 8.346098092 8.3772271297 8.4051381924 8.5420773546 8.6594493057 8.8157778802 8.8531490783 8.878421596 8.9968339438 9.6590595291 9.704969114 10.7222374011 10.7305674723 10.7921650134 15.5117946754 15.5341759801 15.5702933164 15.9095386209 15.9642188807 16.2642308396 24.0708938704 24.6671403688 24.7082105866
365 2.6109098537 2.712881156 2.8324371751 3.0116866343 3.0306581421 3.3463130423 3.4326697806 3.5962953446 3.8424177446 3.9686116053 3.998928539 4.1860171095 4.2782352707 4.3932883917 4.4429862248 4.6240887246 4.7266821434 4.7477550188 4.7648378232 5.0644194951 5.119538951 5.2326465256 5.235516583 5.2574717915 5.2945377221 5.3466383087 5.4909266944 5.5620514636 5.68253187 5.8274924869 5.8407644516 5.9074516639 5.9420172693 5.9750274121 5.9961226576 6.0501396403 6.0799203556 6.1051691054 6.1101363305 6.1698581864 6.2223174554 6.2339107399 6.2565651087 6.3502482993 6.3621070038 6.3944072814 6.4537120116 6.4789672162 6.4925755498 6.5224094147 6.5808726621 6.6309082427 6.7162854419 6.760725766 6.8111163887 6.8885960409 6.9125872587 6.9548748518 6.9813520466 7.0071181896 7.0223493677 7.096937385 7.1392241261 7.1769303636 7.2892821917 7.3377762533 7.3574794204 7.3685375696 7.6069442261 7.714437586 7.7338432476 7.8099964615 7.9283277749 8.0295881765 8.1046776497 8.1496002705 8.1606837674 8.2230799553 8.2529311813 8.2713619923 8.2969304127 8.3324998681 8.34704833 8.3826295194 8.4094540678 8.5426145702 8.6597417513 8.8144805825 8.8531279116 8.8786715986 8.9969135319 9.6576792591 9.7038940815 10.7201978506 10.7305302114 10.7993002862 15.5108715768 15.5353950685 15.572502531 15.9078749386 15.9659551457 16.2644832518 24.0709541172 24.664586611 24.7075784366
366 2.6070434387 2.7067589876 2.8297223591 3.0271201955 3.0444221963 3.3428386226 3.4401017478 3.6054607267 3.829137095 3.948317031 3.9895116711 4.2014168614 4.2915663636 4.3828750968 4.4566552576 4.6352663513 4.7296387255 4.7513966292 4.7601600685 5.0696305689 5.1175468164 5.2260253049 5.2322510576 5.2580317093 5.2965705672 5.3491365016 5.4775459454 5.5661188061 5.6898939775 5.8222549546 5.8326804599 5.9038426002 5.9272149585 5.9765597 5.9926998248 6.0416576142 6.0705623546 6.1044916966 6.1048993459 6.1624361219 6.2225464067 6.2243225736 6.2474008175 6.3392398277 6.3654681053 6.4008792702 6.4478205753 6.4806895359 6.497120576 6.5232415912 6.5866613683 6.6348551182 6.7183606945 6.7491558836 6.8112292175 6.8910139066 6.9215733647 6.9602017731 6.9874002368 7.0164833954 7.0227784925 7.1020628305 7.1443531246 7.176186947 7.2864649854 7.3461669448 7.3638741971 7.3708576382 7.6053170711 7.7146272262 7.7347181405 7.8106085654 7.9341429663 8.0288855953 8.1015917294 8.142436974 8.161542601 8.2224032429 8.2493221373 8.2677655951 8.2940064167 8.3313579654 8.3479934405 8.3880537813 8.4138782175 8.5432163006 8.6600651867 8.8130182117 8.8531301329 8.878938921 8.9969924403 9.6561310998 9.7026838818 10.7183869667 10.7304884128 10.8068113566 15.5098363275 15.5367896663 15.5749529012 15.9061195984 15.9677918716 16.264766293 24.0710216884 24.6617711832 24.7068213434
367 2.6031072912 2.7006884609 2.8272808136 3.0433726289 3.0589610447 3.3393687928 3.4482747909 3.6152757466 3.8155999938 3.9280055481 3.9796905528 4.2172951801 4.3009225575 4.3757196862 4.4712373305 4.6458968656 4.7329354481 4.7549842405 4.7558717211 5.0752183354 5.1156257342 5.2158477725 5.2320412093 5.2585139993 5.2987709144 5.3518861581 5.4642219379 5.5699660327 5.6960138341 5.817121463 5.8247346729 5.8986128715 5.91345012 5.9729479392 5.992515685 6.0329737702 6.0601600249 6.0993818075 6.1048010777 6.1494931015 6.2149312706 6.2275031219 6.2384070514 6.3268097241 6.3681536419 6.4056258948 6.4429303882 6.476313154 6.5006973033 6.5285890923 6.59265948 6.6417224019 6.7207607357 6.7347704573 6.8134846777 6.8931229149 6.9311396687 6.9654530801 6.9937246464 7.0246962804 7.0252622142 7.1089670522 7.1486494054 7.1767325563 7.2836966662 7.3502139931 7.3705338795 7.3774515247 7.6036945067 7.7148095432 7.735723059 7.811405614 7.9402551816 8.0280797303 8.0981753362 8.1350145634 8.1624995689 8.2210927888 8.2454492692 8.2639458206 8.2911683962 8.330522646 8.3489092379 8.3934687416 8.4183640074 8.543881072 8.6604169254 8.8113967779 8.8531612727 8.8792183959 8.99706727 9.6544208192 9.7013418011 10.7168039894 10.730442235 10.814671845 15.5086929386 15.5383607728 15.577628566 15.9042943832 15.9697069564 16.265078854 24.0710963236 24.6587136346 24.7059337598
368 2.599175579 2.6947657404 2.8251161743 3.0603549219 3.074149263 3.3359779894 3.457148184 3.6256654971 3.8019142319 3.9076965905 3.9695809345 4.2335329086 4.3037509294 4.3743207932 4.4866205215 4.6558616247 4.7364943927 4.7493276774 4.7613681503 5.0809982523 5.11394141 5.2051410852 5.2320081971 5.2589492089 5.3010857048 5.3548412003 5.4509839451 5.5734559089 5.7006966922 5.8122211376 5.8170073991 5.8891961089 5.9035231334 5.9651974238 5.9941601241 6.0248131435 6.0488726755 6.0945747603 6.104680328 6.1337375039 6.2059045363 6.225691378 6.2384124323 6.3136090446 6.3702553538 6.4059468456 6.4412313802 6.4689066392 6.4994264675 6.5398046701 6.5987741646 6.6507229067 6.718385151 6.7235586106 6.8174401782 6.8951529025 6.9410583423 6.9704248439 7.0001846986 7.0279783474 7.0329807329 7.1179326425 7.1520173962 7.1787565746 7.2809779309 7.3505555415 7.3774395469 7.387605402 7.6021220128 7.7149812374 7.736860953 7.8123927927 7.9465894464 8.0271651083 8.094440844 8.1273605976 8.163553892 8.2191745017 8.2413345903 8.259977082 8.2883574871 8.3299876531 8.3497760851 8.3988505178 8.4228734757 8.5446079035 8.6607941386 8.8096239638 8.8532258943 8.8795047068 8.9971346338 9.6525547143 9.6998716215 10.715443364 10.7303918529 10.8228575452 15.5074458427 15.5401081023 15.5805133797 15.902417531 15.9716818105 16.2654197097 24.071177735 24.6554328545 24.7049122623
369 2.595313899 2.6890688438 2.8232257748 3.0779896339 3.089872772 3.3327368267 3.4666782425 3.6365622404 3.7881639468 3.8874073328 3.9592847379 4.2500317515 4.2991972671 4.3794623888 4.5027077906 4.6650859462 4.740242461 4.743210928 4.7680427214 5.086577329 5.1128409206 5.1940700194 5.2321178068 5.2593909242 5.3034594364 5.3579608045 5.4378628982 5.5764640215 5.7037500866 5.8076657033 5.8095558862 5.8757722777 5.8974607876 5.9551699492 5.9952775058 6.0179108808 6.0368053189 6.0899299311 6.1043843863 6.1166613321 6.1973833717 6.2157428852 6.2473000879 6.2999567716 6.3719042566 6.4007298484 6.4436963121 6.4591583804 6.4962814155 6.5537445776 6.6048213873 6.6611006003 6.7008256027 6.7268532882 6.8226910474 6.8972072882 6.9512384461 6.9749947517 7.0066056558 7.0324813244 7.0393908372 7.1290197534 7.1545958637 7.1822087622 7.278318841 7.3491258705 7.3845711521 7.399336197 7.6006428793 7.7151402566 7.7381336856 7.8135701284 7.9530762359 8.0261363642 8.0904025441 8.1194988717 8.1647044876 8.2166925656 8.2369958513 8.2559197911 8.2855223837 8.3297283254 8.350578535 8.4041800808 8.4273745355 8.5453964907 8.6611939047 8.8077090291 8.8533275244 8.8797925138 8.9971912439 9.6505395741 9.6982776431 10.7142965726 10.7303374578 10.8313447802 15.5060998769 15.5420300051 15.583591049 15.9005042844 15.9737008089 16.2657875239 24.0712656084 24.6519471031 24.7037554621
370 2.5915789481 2.6836607431 2.8216039716 3.0962074923 3.1060235579 3.3297152059 3.4768183313 3.6479042643 3.7744162438 3.8671537637 3.9488920711 4.2667069455 4.2893884648 4.3889340049 4.5194151516 4.6735522183 4.7366589119 4.7441474963 4.7759694589 5.0910948196 5.1130969054 5.182822783 5.2323054146 5.259918737 5.3058321506 5.3612118204 5.4248928879 5.5788823273 5.7050120209 5.802393778 5.8035437292 5.8613326462 5.8924607819 5.9436685673 5.9944844027 6.0129997548 6.0240401205 6.0854174538 6.0984430599 6.1043162714 6.1894655159 6.2049106827 6.2570650116 6.2860659892 6.3732390882 6.3917004827 6.4476535431 6.4485982507 6.4928609538 6.5686404923 6.6103731861 6.6722194981 6.6830179199 6.7307884509 6.8289310841 6.8993347552 6.9616408707 6.979101439 7.0128174972 7.0380394572 7.0445128896 7.1420254163 7.156742634 7.186811544 7.2757438441 7.3468760998 7.3919081069 7.4116652262 7.5992977974 7.7152853629 7.7395424818 7.8149334205 7.9596509544 8.0249884109 8.0860766182 8.1114512244 8.1659498364 8.2137032642 8.232447825 8.2518194055 8.2826218464 8.3297074861 8.3513048694 8.4094417996 8.4318390556 8.54624738 8.6616132595 8.8056626363 8.8534686666 8.8800765789 8.99723399 9.6483826441 9.696564702 10.7133532308 10.7302792566 10.8401095106 15.5046602656 15.5441234422 15.5868452237 15.8985674181 15.9757507648 16.2661808548 24.0713596041 24.6482740978 24.7024638532
371 2.5880186434 2.678592025 2.8202439973 3.1149450307 3.1224937353 3.3269865975 3.4875187039 3.6596345026 3.760726087 3.8469515493 3.9384834628 4.2766631786 4.28348144 4.4003021653 4.5366695983 4.6813026514 4.7297024998 4.7482345158 4.7851190218 5.0932506575 5.1158515311 5.1716399059 5.2324741834 5.2606372513 5.3081380702 5.3645701544 5.4121134327 5.5806238226 5.7043873231 5.7954667751 5.7999094675 5.8470270225 5.8875562637 5.9311445596 5.9913553942 6.0101430132 6.0106492872 6.0803953463 6.0810891495 6.1034286936 6.1821971823 6.1936735634 6.2667554671 6.2721130836 6.3743491913 6.3805703979 6.4350659957 6.4542853319 6.4895613833 6.5838062127 6.6142634499 6.6665153311 6.6835218088 6.7355775543 6.8359293627 6.901559228 6.9722405012 6.9827121426 7.0187004486 7.044457983 7.048551241 7.1565617737 7.1588397588 7.1922495959 7.273301435 7.3441754008 7.3994299179 7.4242123636 7.5981248215 7.7154155594 7.7410885019 7.816475084 7.9662529665 8.0237166113 8.0814810224 8.1032391205 8.1672878525 8.2102688265 8.2277036918 8.2477081374 8.2796240994 8.3298811641 8.3519466003 8.4146225328 8.4362415436 8.5471621196 8.6620492457 8.8034966241 8.8536508718 8.8803518877 8.9972600061 9.6460915928 9.6947381837 10.7126017806 10.7302174707 10.8491268606 15.5031326004 15.5463839985 15.5902595536 15.8966177022 15.9778204687 16.2665981601 24.0714593583 24.6444311199 24.7010396358
372 2.5846725309 2.6739030709 2.8191388963 3.1341428683 3.1391683511 3.3246340147 3.4987261031 3.6716988406 3.7471400035 3.8268170421 3.9281321299 4.2623123624 4.3002809754 4.4121720865 4.5544068772 4.6884281199 4.7223807166 4.7525758661 4.7953781348 5.0925970229 5.1212654528 5.1608751722 5.2325017403 5.261665264 5.3103051339 5.3680212848 5.3995731068 5.581627983 5.701878221 5.7886399534 5.7967581871 5.8332914935 5.8825107236 5.9179251909 5.9867804594 5.9967008918 6.0081905255 6.0619940323 6.0770170657 6.1023701749 6.1755756749 6.1821445125 6.2582633955 6.2758914997 6.3681878006 6.375128165 6.4221600169 6.4599944379 6.4864886711 6.5989057573 6.6133054983 6.6548212142 6.6944656717 6.7415199712 6.8435050669 6.9038930073 6.9830079811 6.9857975178 7.0242013611 7.051525505 7.0517729599 7.1611617675 7.1721589558 7.1982945558 7.2710846481 7.3411919004 7.4071168341 7.4368112707 7.5971597196 7.7155294653 7.7427734436 7.8181848613 7.9728240295 8.0223169483 8.0766352906 8.09488544 8.1687157581 8.2064522509 8.222776208 8.2436074996 8.276505161 8.3302034583 8.3524979736 8.4197110397 8.4405582483 8.548143371 8.6624989619 8.8012237561 8.8538748402 8.8806137625 8.9972667272 9.6436744808 9.6928040319 10.7120299524 10.730152336 10.8583708883 15.5015228197 15.5488059241 15.5938177233 15.8946642884 15.9799003029 16.2670378036 24.0715644846 24.6404351206 24.6994865352
373 2.5815723593 2.669625796 2.8182819065 3.1537443779 3.1559158795 3.3227586294 3.5103830194 3.6840435389 3.7336990666 3.8067691268 3.9179062068 4.2469487996 4.3170295185 4.4238210662 4.5725689101 4.6950482287 4.7147440034 4.7572706055 4.8065879586 5.0897386874 5.1281126796 5.1512018014 5.2322595784 5.2631097842 5.3122557264 5.3715598521 5.387335647 5.5818660725 5.697590611 5.7817146868 5.7939580446 5.8204746822 5.8772561663 5.9042370163 5.9817529639 5.98226212 6.0060081947 6.04350857 6.0732187946 6.1009150696 6.1695614223 6.170413177 6.2446813557 6.2840837853 6.3549745498 6.3748443389 6.4101580513 6.4653882499 6.4837501097 6.6037853632 6.6137363006 6.6519328622 6.7045280053 6.748958305 6.8515113799 6.9063431943 6.9883207947 6.9938977351 7.029315382 7.0544338223 7.0590456518 7.1638609728 7.1882951958 7.2048120981 7.2692785701 7.3380226409 7.4149504947 7.4493761617 7.5964367467 7.7156247156 7.7446000949 7.8200503941 7.9793057011 8.0207861877 8.0715602746 8.0864170631 8.1702299617 8.2023136726 8.2176784683 8.2395307921 8.2732471194 8.3306301597 8.3529555013 8.4246975839 8.4447665724 8.5491949612 8.6629596079 8.7988574659 8.854140535 8.8808579652 8.9972519334 9.6411397326 9.6907687504 10.711625085 10.7300841013 10.8678145084 15.4998371868 15.5513821935 15.5975034741 15.8927150249 15.9819819294 16.2674980611 24.0716745751 24.6363028157 24.6978096271
374 2.5787427305 2.6657850132 2.8176665226 3.1725748319 3.1736945785 3.3214925135 3.5224264124 3.6966094006 3.720441598 3.7868343358 3.9078709413 4.2308723096 4.3336445532 4.4348373156 4.5911000393 4.701291571 4.7068596153 4.7624265642 4.8185784928 5.0850178493 5.1334502413 5.1452591576 5.2316412666 5.2650266638 5.3139089226 5.3751881686 5.3754907055 5.5813450356 5.6917091018 5.774478079 5.7910156351 5.8091857345 5.8717754159 5.8902103934 5.9674018978 5.9767680749 6.003092369 6.0250393783 6.069603288 6.0989394622 6.1585965273 6.164094043 6.2315322103 6.2910158234 6.341183584 6.3712791624 6.4015612282 6.470267777 6.4815393912 6.5884246743 6.6281619097 6.6554189087 6.7133359305 6.7581194332 6.8598257448 6.9089153156 6.9902387605 7.0048338396 7.0340589597 7.0567631748 7.0668640178 7.1669936373 7.2043024301 7.2117294024 7.2682792277 7.3347383602 7.4229145857 7.4618542751 7.5959899112 7.7156974456 7.7465727715 7.8220576661 7.9856347006 8.019122027 8.0662778511 8.0778693609 8.1718259333 8.1979083393 8.2124242443 8.2354852211 8.2698367219 8.3311210971 8.3533175324 8.4295736599 8.4488447275 8.5503218553 8.6634285264 8.7964116144 8.8544472928 8.8810807858 8.9972137836 9.6384961128 9.6886393992 10.7113743566 10.7300130278 10.8774295105 15.498082266 15.5541045781 15.6013006188 15.890776707 15.9840580405 16.267977127 24.0717892021 24.632050763 24.6960151761
375 2.5762017667 2.6623994913 2.8172863891 3.1889345705 3.193939136 3.3210173455 3.5347855122 3.7074061351 3.7093095631 3.7670683562 3.898090911 4.2142415331 4.3500317147 4.4449535979 4.6099391173 4.6988224411 4.7072821012 4.7681480006 4.8311898674 5.0783911423 5.1306750217 5.1497198854 5.2305850253 5.2673780364 5.3151844446 5.3641735126 5.3789135542 5.5801086706 5.684454374 5.7667640273 5.7864637682 5.8009327902 5.8660722254 5.8758965089 5.9521940637 5.9720315956 5.9993215301 6.0066593166 6.0659696157 6.0962652347 6.1468749366 6.1591059017 6.2189762832 6.2964803288 6.3269972791 6.3621997992 6.3986231323 6.474423475 6.4801716757 6.5714054796 6.6420884967 6.6614536441 6.7208345302 6.7689295119 6.8683436186 6.9116157644 6.9915089111 7.0156834455 7.0384538374 7.0589910382 7.0748749104 7.1705469423 7.2190048766 7.2190695657 7.2689867802 7.3314017547 7.4309955189 7.4742054231 7.5958548627 7.7157418997 7.7486975971 7.8241913369 7.9917337416 8.0173232149 8.0608106279 8.0692951292 8.1734980647 8.1932859044 8.2070280066 8.231473609 8.2662643514 8.3316414031 8.3535838708 8.434331797 8.4527715987 8.5515300272 8.6639032399 8.7939002681 8.8547939227 8.8812791149 8.997150838 9.6357527043 9.6864235831 10.7112649558 10.7299393883 10.8871866427 15.4962648988 15.5569637246 15.6051930539 15.8888552766 15.9861221613 16.2684731218 24.0719079194 24.6276954213 24.6941104879
376 2.5739617605 2.6594827687 2.8171351135 3.2047095279 3.2144233821 3.3215898231 3.5473778643 3.6946355998 3.7218474727 3.7477373508 3.8886323437 4.1971489273 4.3660782102 4.45397906 4.628993967 4.6907851224 4.7131322662 4.7745270934 4.844281624 5.0698367665 5.1256552578 5.1587519857 5.229077795 5.2699914213 5.3160082476 5.3536014643 5.3827446362 5.5782352341 5.6760447281 5.7584963928 5.7790063764 5.7969837401 5.8601625604 5.8612955393 5.9367222407 5.9676175165 5.9884283776 5.9947205915 6.0620606781 6.0926081483 6.1355393792 6.1545287151 6.2071549958 6.3003964034 6.3125666172 6.349254221 6.3994379338 6.4774937062 6.4800933309 6.5548185179 6.6554512927 6.6684782528 6.7272608899 6.7810300628 6.8769740314 6.9144538007 6.9920978382 7.0261977338 7.042522119 7.0614168393 7.0830117393 7.1744616525 7.2266059324 7.2306078999 7.2732283032 7.3280772921 7.4391831569 7.4863907749 7.5960716053 7.7157501962 7.7509825902 7.8264349871 7.9974913359 8.0153896173 8.0551816997 8.0607844947 8.175239495 8.1884906109 8.2015047849 8.2274957514 8.2625233606 8.3321619863 8.3537554418 8.4389654175 8.4565267991 8.5528262104 8.6643814812 8.7913375024 8.8551787904 8.8814504969 8.9970620715 9.6329188916 9.6841294341 10.7112842109 10.7298634661 10.897055738 15.4943921776 15.5599492396 15.6091647718 15.8869559793 15.9881684946 16.2689840989 24.0720302645 24.6232531929 24.6921037751
377 2.5720297854 2.6570437747 2.8172060556 3.2195126594 3.2350912662 3.3235679114 3.5601015561 3.6821847881 3.725399904 3.7376341807 3.8795656526 4.1796553376 4.3816444246 4.4617725315 4.6480028808 4.6831032827 4.7189404449 4.7816377497 4.8577343387 5.0595802056 5.1216750772 5.1688489443 5.2271428106 5.2725065105 5.3163192672 5.344139604 5.3866870936 5.5758314153 5.6666744412 5.7496985488 5.770275785 5.7956065554 5.8463885887 5.8540729907 5.9210882067 5.9635207251 5.9703999001 5.9893330876 6.0576416067 6.0875375262 6.1250312359 6.1502930162 6.19616877 6.2980289392 6.3027194869 6.3348153773 6.401242522 6.478747333 6.4818315824 6.5401472533 6.668206331 6.6759221257 6.7329468248 6.7939703134 6.8856360134 6.9174435197 6.991987778 7.0358887359 7.0462859378 7.064542306 7.0912310138 7.1786526038 7.2344913517 7.2370032094 7.2827943225 7.3248393282 7.4474716057 7.4983647222 7.5966883351 7.7157122646 7.7534375384 7.8287712944 8.0027121699 8.0133221814 8.0494145194 8.0525142132 8.1770418625 8.1835619716 8.1958699999 8.2235494969 8.2586097259 8.3326594851 8.353834008 8.4434687308 8.4600909018 8.5542175158 8.664861217 8.7887372312 8.8555998866 8.881593165 8.9969468776 9.6300043465 9.6817655861 10.71141969 10.7297855539 10.9070058686 15.4924714195 15.5630497753 15.6131998749 15.8850834881 15.9901917987 16.2695080524 24.0721557597 24.6187404484 24.6900040361
378 2.570408259 2.6550872983 2.8174921214 3.2328540563 3.255884147 3.3274119644 3.5728177992 3.6701370473 3.7073434305 3.749351046 3.8709683032 4.161807483 4.3965531851 4.4682332068 4.6646302945 4.6782491697 4.7247900356 4.7895313197 4.871447464 5.0480165276 5.1188347301 5.17950716 5.2248226346 5.2742983818 5.3160765539 5.3363942829 5.3907395837 5.5730234532 5.6565084482 5.7404738033 5.7617127057 5.7951780015 5.8311649038 5.8478428493 5.9054271927 5.95262476 5.9596738023 5.9831658597 6.0525668113 6.080557841 6.1158606767 6.1463250637 6.1860502085 6.2835169924 6.3028931424 6.3206111537 6.4024935061 6.4768973459 6.4858393506 6.529118841 6.6803232456 6.6835330774 6.7381754502 6.8073487433 6.8942552414 6.9206060465 6.9911802103 7.0439075428 7.0497677238 7.0692002648 7.0994969625 7.1830274171 7.239054158 7.2425941298 7.2967919436 7.3217825765 7.4558600937 7.510067284 7.5977667537 7.7156159662 7.7560736466 7.8311821556 8.0069850595 8.011122709 8.0435329924 8.0448793622 8.1785356498 8.1788949166 8.1901393575 8.2196316303 8.2545220033 8.3331159189 8.3538219378 8.4478366533 8.463445833 8.5557109189 8.6653406641 8.7861130612 8.8560548824 8.8817060555 8.9968050654 9.6270190178 9.6793411426 10.7116592767 10.729705953 10.9170055189 15.4905101386 15.5662531184 15.6172825918 15.8832420014 15.992187292 16.2700429247 24.0722839145 24.6141735396 24.6878209441
379 2.5690954569 2.653614338 2.8179855808 3.2442219413 3.2767393054 3.3336034703 3.5853043242 3.6586497468 3.6882244223 3.7623083422 3.8629281217 4.1436479339 4.410576644 4.4732981297 4.6646434102 4.6906468992 4.7307487952 4.7982342819 4.8853358402 5.0355381109 5.1168720677 5.1905760677 5.2221663852 5.2744661299 5.3152660267 5.3312372433 5.3948906095 5.569946744 5.645686647 5.7309720789 5.7537817337 5.7949405988 5.8156384878 5.8415289234 5.8899371188 5.9351555075 5.9559529762 5.9761883173 6.0468122319 6.0714423913 6.1082730727 6.142548208 6.1767404193 6.2691633944 6.2969082677 6.3112689051 6.4024710872 6.4708259057 6.4922899091 6.5231764878 6.6911765352 6.691778653 6.7431505053 6.8208434649 6.9027602133 6.9239721248 6.9896971593 7.0494612056 7.0529900186 7.0761416641 7.1077698616 7.1875020492 7.2388709542 7.2508000711 7.3130408771 7.3190395836 7.4643539442 7.5214159523 7.5993890301 7.7154473969 7.7589029587 7.8336487666 8.0087932578 8.0093687347 8.037561989 8.0388071838 8.1734443476 8.1807858507 8.1843288615 8.2157386587 8.2502616221 8.3335181859 8.3537220237 8.4520647467 8.4665753961 8.5573126345 8.6658182971 8.7834781691 8.8565411732 8.8817888026 8.9966368495 9.6239731229 9.6768656382 10.7119912294 10.7296249718 10.9270227685 15.4885160174 15.569546278 15.6213972969 15.8814353203 15.9941505772 16.2705866143 24.0724142268 24.6095687983 24.6855647457
380 2.5680859777 2.6526223572 2.818677914 3.253283083 3.297588013 3.3424443551 3.5970990275 3.6481092646 3.6691628572 3.7753492437 3.855547092 4.1252218226 4.4234222633 4.4769413235 4.6586021961 4.7099953193 4.736868315 4.8077478831 4.8993261177 5.0224520894 5.1155293909 5.201972083 5.2192228038 5.2721790943 5.313906542 5.329466264 5.3991167924 5.566735459 5.6343312913 5.7213574701 5.7466206042 5.7942988777 5.7998534103 5.8352067815 5.8749358408 5.9180523394 5.9521640877 5.9683840114 6.040464405 6.0604867944 6.1019956998 6.1388920655 6.1680795419 6.2551012975 6.2830776872 6.3088724593 6.4010233585 6.4612740233 6.5010025 6.5218514232 6.6987698017 6.7025501603 6.7480157459 6.8341930321 6.9110768054 6.9275850999 6.9875823257 7.0527552797 7.0559750016 7.085094089 7.1159986203 7.1920116496 7.2377490695 7.2589147685 7.3168125659 7.3301972916 7.4729656174 7.5322973212 7.6016656244 7.715191355 7.7619375683 7.8361516706 8.0063348094 8.0082734058 8.0315286491 8.0358751263 8.1683185746 8.1784549899 8.1826980621 8.2118676785 8.245833632 8.3338574993 8.3535373525 8.4561491689 8.4694658798 8.5590274206 8.6662928474 8.7808451993 8.8570559147 8.8818417138 8.9964428348 9.6208771429 9.6743489925 10.7124042267 10.7295429253 10.9370254789 15.4864968778 15.5729155754 15.6255285321 15.8796669093 15.9960775827 16.2711369845 24.0725461856 24.6049425266 24.6832461677
381 2.5673711651 2.6521054645 2.8195596906 3.2600813836 3.3183529031 3.3538580567 3.6068424264 3.63978734 3.6502672069 3.788322407 3.848945516 4.1065824762 4.4347230012 4.4791720011 4.6530312079 4.7301048711 4.7431840984 4.818049496 4.9133535873 5.0089792077 5.1146053221 5.2136239789 5.2160372884 5.2673421093 5.3120560008 5.331142769 5.4033825877 5.5635134889 5.6225533683 5.711784804 5.7402632655 5.783881265 5.7925198426 5.8289374098 5.8609680802 5.9013948553 5.947942862 5.9599026966 6.0336741116 6.0482546581 6.0964924245 6.1353035562 6.1598221278 6.2414605776 6.2671765681 6.3079267851 6.3983347905 6.4502200539 6.5115698096 6.5234032922 6.7062569221 6.7126115799 6.7528798561 6.8471714752 6.9191187715 6.9315038816 6.9849057479 7.0546160669 7.0587440295 7.0951379093 7.1241169946 7.196516104 7.2363099286 7.2666097161 7.3154285709 7.3476134246 7.4817157438 7.5425619322 7.6047403075 7.7148319454 7.7651886452 7.838670779 8.0032424444 8.0037444303 8.0254652664 8.0365287517 8.1631871865 8.1725351047 8.1846086102 8.2080177866 8.2412481697 8.3341288174 8.3532712223 8.4600866347 8.4721066805 8.5608578777 8.6667632936 8.7782261813 8.8575960534 8.8818657287 8.9962239962 9.6177418185 9.6718014595 10.7128874004 10.7294601335 10.9469814792 15.4844606509 15.5763467338 15.6296610314 15.8779399455 15.9979645157 16.2716918709 24.0726792723 24.6003109784 24.6808763292
382 2.5669394902 2.6520545336 2.8206204796 3.2650143157 3.3389442476 3.3674126403 3.6103912043 3.6315809467 3.6377274492 3.8011316327 3.8432660233 4.087797491 4.4440432296 4.4800309043 4.6488060051 4.7497165873 4.7505040218 4.8290952873 4.9273595357 4.9952779406 5.1139458399 5.2126507489 5.2254491411 5.2606316673 5.3098202043 5.3355565941 5.4076411225 5.560387588 5.6104561844 5.7023869756 5.734702105 5.7678153369 5.7886649806 5.8226159795 5.8489403011 5.8853113387 5.9423310269 5.9515329341 6.0265976226 6.0352362555 6.0913056143 6.1317467276 6.1516829616 6.2283589228 6.2507561909 6.3070858928 6.3947036786 6.4391689758 6.5235395966 6.526532791 6.7135975517 6.7219307736 6.7578334179 6.8595706228 6.9267682599 6.9358045311 6.9817789151 7.0556410337 7.0613173106 7.1055517276 7.1320426388 7.2010005263 7.2348972814 7.273359527 7.3154053785 7.364944267 7.4906339705 7.5520317666 7.6087827998 7.7143532787 7.7686653184 7.8411853696 7.9957904501 8.0010092399 8.0194154482 8.0392432366 8.158077522 8.166588255 8.1864822232 8.2041936071 8.2365232228 8.3343302927 8.3529271035 8.4638743824 8.4744908588 8.5628038202 8.6672288439 8.7756324631 8.8581583533 8.8818623618 8.9959816547 9.6145781472 9.6692335702 10.71343036 10.7293769203 10.9568587476 15.4824153464 15.5798249675 15.6337797474 15.8762573569 15.9998078258 16.2722490903 24.0728129629 24.5956903332 24.6784666603
383 2.5667769014 2.6524572752 2.8218487891 3.2686119303 3.3592544849 3.3825411362 3.6055992172 3.6131361955 3.6439667789 3.8136758641 3.8386761528 4.0689568919 4.4509183682 4.4795849287 4.6464693122 4.7564730535 4.7710819014 4.8408237031 4.9412890679 4.9814676138 5.113428178 5.2090988557 5.2373264965 5.2528633377 5.3073717793 5.3418589243 5.4118357017 5.5574430491 5.5981360254 5.6932711101 5.7299069948 5.7517648832 5.7818681756 5.8158016002 5.8399094651 5.8700685406 5.933681933 5.9448256694 6.0193527385 6.0217667525 6.0861388104 6.1281790404 6.1434111508 6.21588979 6.2341307115 6.3061892793 6.3904152737 6.4289359022 6.5305917433 6.5365188921 6.7207613154 6.7304727853 6.7629551003 6.8711927541 6.9338308304 6.9405773932 6.9783963739 7.0561247199 7.0637136966 7.1158802444 7.1396786828 7.205471174 7.2337609413 7.2784944567 7.3174032476 7.3819695455 7.4997592721 7.5605351857 7.6139541282 7.7137402237 7.7723734554 7.8436740619 7.9872031086 7.9980935946 8.0134471626 8.0427230624 8.1530147615 8.1606367473 8.1882535613 8.2004179654 8.2316899555 8.3344627556 8.3525086364 8.4675101454 8.4766155461 8.5648618046 8.667688909 8.7730746629 8.8587394212 8.8818336319 8.9957174505 9.6113973801 9.6666560717 10.7140232089 10.7292936122 10.9666255838 15.4803690221 15.5833350723 15.63786988 15.8746218537 16.0016041759 16.2728064488 24.0729467304 24.5910966655 24.6760288242
384 2.5668671449 2.6532982703 2.8232320328 3.2713476689 3.3791498947 3.3987296473 3.5949640772 3.5975636415 3.6532997537 3.825827817 3.8353669877 4.0501859263 4.4549411593 4.4779208248 4.6464468212 4.7634499449 4.7917837831 4.8531592384 4.9550892765 4.9676457813 5.1129489175 5.2054108628 5.2446363025 5.2490402391 5.3049994663 5.349418274 5.4159015985 5.5547417366 5.5856807198 5.6845203759 5.7258264143 5.7358512012 5.7719100557 5.8082240711 5.8336760769 5.8563997586 5.922335904 5.9394218923 6.0080706645 6.0120045487 6.0808136071 6.1244828812 6.1348972653 6.2041148079 6.2174149048 6.305239812 6.3857015637 6.4199345667 6.5352844811 6.5501989846 6.7277245838 6.7382112975 6.7683059298 6.8818565725 6.9399256392 6.9459147611 6.9751432689 7.0562004017 7.0659505334 7.125785975 7.1469182142 7.209946827 7.2331338236 7.2816019868 7.3218282588 7.3985239518 7.5091391535 7.5679728118 7.6203411342 7.712979173 7.7763143742 7.846114766 7.978058038 7.9949134703 8.0076787069 8.0463807093 8.1480195852 8.1547094113 8.1897488481 8.196799687 8.2268035095 8.3345292376 8.3520196568 8.4709921248 8.4784821348 8.5670248787 8.6681430692 8.7705626355 8.8593357305 8.8817819814 8.995433314 9.6082110174 9.6640798623 10.7146565543 10.7292105375 10.9762507719 15.4783297516 15.5868615149 15.6419169062 15.8730359532 16.0033504199 16.2733617508 24.0730800463 24.5865459086 24.6735746442
385 2.5671920623 2.6545589718 2.8247565213 3.2735744781 3.3984575348 3.4155791551 3.5770991849 3.5890255778 3.6628996693 3.8335438685 3.8374098455 4.0316671972 4.4558758803 4.4751389225 4.6489746081 4.7706351936 4.8125646263 4.8660159733 4.9539024928 4.9687076059 5.1124170344 5.2016075547 5.2363401462 5.260135217 5.3032455222 5.3578147091 5.4197679045 5.552321923 5.5731673188 5.6761984862 5.7202058999 5.7223656084 5.7594127149 5.800252814 5.8272239056 5.8464248392 5.9095226798 5.9341337142 5.9943117305 6.0045761896 6.0752217423 6.1201961563 6.1264538905 6.1930730608 6.2006736089 6.3042655117 6.3807413816 6.4123588141 6.5404766815 6.5643443699 6.7344684334 6.7451476633 6.7739139221 6.8914190803 6.9442585183 6.9518848697 6.9728209442 7.0559258986 7.068043528 7.1349613797 7.1536524272 7.2144452105 7.2332637299 7.2829618171 7.3284027401 7.4144700368 7.5188269288 7.5743781649 7.6278962557 7.712058804 7.7804835056 7.8484845937 7.9686033297 7.9913003109 8.0023153603 8.0499576839 8.1431017962 8.1488488825 8.1901199358 8.1940765897 8.2219661475 8.3345345374 8.3514642389 8.4743189646 8.4800962181 8.5692825877 8.6685910332 8.768105455 8.8599436461 8.881710188 8.9951314343 9.605030802 9.6615159238 10.7153215121 10.7291280244 10.9857037313 15.4763055937 15.5903885226 15.6459066105 15.8715019993 16.0050435847 16.2739128068 24.0732123832 24.5820538156 24.6711160327
386 2.5677318689 2.6562176823 2.826407476 3.2755355257 3.4169442983 3.4327899541 3.5595850651 3.5808328836 3.6718981839 3.8334048031 3.8481528305 4.013681265 4.4537382463 4.4713476414 4.6540286215 4.7780101339 4.8333672711 4.8793004576 4.9403385335 4.9820902411 5.1117507839 5.1976982922 5.2282425276 5.2695707993 5.3032441208 5.3667535614 5.4233593523 5.5501991591 5.5606601111 5.6683546838 5.7049712067 5.7192814936 5.7454656154 5.7921968829 5.8173448384 5.8422042751 5.8958149114 5.9284693862 5.9806254982 5.9970682591 6.0692954272 6.1136581466 6.1196452848 6.1828151683 6.1839561258 6.3032934269 6.3756713853 6.40626475 6.5461080997 6.5787737097 6.7409772459 6.7513277116 6.7797598265 6.8998079552 6.9455833464 6.9584966117 6.9726849659 7.0553227017 7.0700066179 7.1431028185 7.159782611 7.2189645297 7.23441415 7.2832852584 7.3364317945 7.4296897879 7.5288761993 7.5799159792 7.6364396053 7.7109708405 7.7848690036 7.8507597075 7.9589593705 7.9870202833 7.9976308125 8.0533223776 8.1382445433 8.1431282241 8.1876245306 8.1937849711 8.2173777155 8.3344848304 8.3508467475 8.477489725 8.4814672849 8.5716212296 8.6690325929 8.7657114127 8.8605594482 8.8816212716 8.9948142274 9.601868708 9.658975253 10.7160097057 10.7290464002 10.9949546531 15.4743045595 15.5939001727 15.6498251169 15.8700221795 16.0066808565 16.2744574425 24.0733432166 24.5776359172 24.6686649245
387 2.5684654163 2.6582495147 2.828169063 3.2773937117 3.4342835049 3.4501176518 3.5424887288 3.5734308757 3.6799627538 3.8351054343 3.8576204281 3.9966822814 4.448782734 4.4666592111 4.6613395389 4.785550872 4.8540763739 4.8929136722 4.9271129173 4.995180302 5.1108773649 5.1936783197 5.2205550444 5.2755415144 5.3068925158 5.3759999699 5.4265980919 5.5482100381 5.5483673476 5.6610276258 5.6903021588 5.7155737881 5.7317813686 5.7840186674 5.8055836503 5.8415317066 5.8815207398 5.9222261746 5.9671400057 5.9894726904 6.0629910781 6.1046896542 6.1145586292 6.167307736 6.1734514419 6.3023443695 6.3705968761 6.4016120563 6.5521534651 6.5933429239 6.7472376825 6.7568420721 6.7857787847 6.9070449496 6.9434071456 6.965673851 6.9752398894 7.0543940976 7.0718518472 7.1499349833 7.1652342056 7.2234624974 7.2368290235 7.2832281293 7.3452964629 7.4440860489 7.5393321002 7.5848168313 7.645724662 7.709710855 7.7894502752 7.8529150534 7.949194496 7.9819653177 7.993777035 8.056394394 8.1333737657 8.1376821509 8.1839224415 8.1938708134 8.2134283398 8.3343873235 8.3501718874 8.4805038561 8.4826082124 8.5740243181 8.6694675726 8.7633880299 8.8611793576 8.8815183994 8.9944843032 9.5987369258 9.6564687924 10.716713263 10.7289659899 11.0039746238 15.4723345814 15.5973804815 15.6536589197 15.8685985373 16.0082595697 16.274993507 24.073472027 24.5733074775 24.6662332114
388 2.5693704431 2.6606263413 2.8300244476 3.2792574325 3.4500056593 3.4672857907 3.5259619992 3.5672521906 3.6869965211 3.8387181277 3.8650788407 3.9814281921 4.4414089674 4.4611866969 4.67048603 4.7932291179 4.8742675849 4.9067519714 4.9146963241 5.0079155502 5.1097345553 5.1895306503 5.2134689818 5.2773935791 5.3149260515 5.3853379616 5.4294053853 5.5358565377 5.5467992085 5.6542463059 5.6763714054 5.7071704814 5.7229161802 5.7754811614 5.7939562085 5.8421581562 5.8668675745 5.915302828 5.9539914542 5.9817763913 6.0562804765 6.0950912788 6.1092706088 6.1507748843 6.1651779785 6.3014326097 6.3655999304 6.3982922557 6.5586039711 6.6079322956 6.7532378906 6.7618076618 6.7918805849 6.9132388367 6.9387133391 6.9732604045 6.9795161439 7.0531345857 7.0735892661 7.1552759681 7.1699686893 7.2278392327 7.2406627683 7.2832613187 7.3545874156 7.4575892127 7.5502201242 7.5893066284 7.655508978 7.7082792086 7.7941963803 7.8549238623 7.939354791 7.9762875914 7.9906509865 8.0591153981 8.1283500936 8.1327153878 8.179918474 8.1928185201 8.2107269276 8.3342499518 8.349444744 8.4833611695 8.4835346253 8.5764731831 8.6698957769 8.7611420855 8.8617995607 8.8814047923 8.9941444315 9.5956478395 9.6540073616 10.7174248091 10.7288871146 11.0127357339 15.4704034807 15.600813492 15.657394916 15.8672329833 16.0097771991 16.2755188812 24.0735983023 24.5690834483 24.6638326802
389 2.5704238156 2.6633167405 2.8319558667 3.2811985072 3.4634471684 3.4834730461 3.5107359365 3.5628515409 3.6930836367 3.8442026612 3.869349972 3.9691275635 4.4320538516 4.455042205 4.6810006749 4.8010125791 4.8898337954 4.9072482325 4.9207070588 5.0202251717 5.1082735991 5.185242139 5.2071621083 5.276806675 5.3257280026 5.3945428274 5.4317031281 5.5236331183 5.5454452925 5.6480222873 5.6633815462 5.6930117485 5.7202563179 5.7662875673 5.7833759475 5.843148332 5.8520477586 5.907657755 5.9413398205 5.9739584293 6.049145812 6.0855327194 6.1029877567 6.13440821 6.1582316386 6.3005668076 6.3607450135 6.3961529896 6.5654578747 6.6224369427 6.7589668487 6.7663441404 6.7979749031 6.9185487584 6.9325463465 6.9810544655 6.9844857247 7.051535877 7.0752268713 7.1591045258 7.1739884134 7.2319345118 7.2459105329 7.2837252218 7.3640475107 7.4701648728 7.5615350829 7.5935707036 7.6655900991 7.7066822975 7.7990642358 7.8567566595 7.9294777902 7.9702210976 7.9880745715 8.0614374359 8.1230934491 8.1283775013 8.175694837 8.1901564289 8.2096633603 8.3340811194 8.3486708079 8.4842641983 8.4860618072 8.5789476326 8.6703169362 8.758979657 8.8624162345 8.8812836359 8.9937975093 9.592613997 9.6516015913 10.7181374561 10.7288100908 11.0212111722 15.4685189363 15.6041833619 15.6610204358 15.8659273039 16.0112313533 16.2760314863 24.0737215394 24.5649784233 24.6614749527
390 2.5716017615 2.6662859494 2.8339447198 3.283263667 3.473778549 3.4886764353 3.5067455409 3.5609033346 3.6984632342 3.8514057848 3.8689625547 3.9612884253 4.4211201341 4.4483360324 4.6924376049 4.8088650461 4.8849481957 4.9206585476 4.9346651846 5.0320250024 5.1064625893 5.1808431754 5.2017750188 5.2753330435 5.3377826048 5.4033578549 5.4334150557 5.5115789042 5.5442304711 5.6423021317 5.6516152709 5.6772844249 5.719861425 5.7563433937 5.7741666622 5.8372332253 5.8440175733 5.8992995826 5.929387785 5.9659880684 6.041576812 6.0763155794 6.0953894832 6.1182646931 6.1527653451 6.2997511685 6.3560827763 6.3950194133 6.5727153921 6.6367596176 6.7644137748 6.7705589609 6.8039880291 6.9231415175 6.9254563685 6.988848351 6.9896177689 7.0495921241 7.0767706056 7.1615713171 7.177332317 7.2355511799 7.2523954388 7.2848749862 7.3735066498 7.481817838 7.5732337634 7.5977484345 7.6758107205 7.7049344232 7.8039965542 7.8583791566 7.9196008703 7.9639340011 7.9859442049 8.0633191951 8.11768683 8.1246571198 8.1711988647 8.1862727293 8.2099049542 8.3338894778 8.3478559809 8.4848159697 8.4886062095 8.581426605 8.6707306545 8.7569061727 8.8630255718 8.8811579973 8.9934465267 9.5896480718 9.6492618599 10.7188447925 10.7287352284 11.0293753065 15.4666884537 15.6074744488 15.6645232733 15.8646831683 16.01261977 16.2765292919 24.0738412467 24.5610065905 24.6591714277
391 2.5728800984 2.6694958334 2.8359716792 3.2854816594 3.4757755047 3.4802969773 3.5210577289 3.5619225869 3.7034850125 3.8600913933 3.8631237321 3.9587466544 4.4089482556 4.4411764991 4.70439387 4.8167462898 4.873935781 4.9406833379 4.9485058757 5.0432103685 5.1042895617 5.1764586278 5.1973740244 5.2737032373 5.3503623714 5.4114680332 5.4344675516 5.499760839 5.5430462985 5.6366514502 5.6417505341 5.6614182562 5.7205206941 5.7459348251 5.7661644806 5.8225827315 5.84438819 5.890281308 5.9184032251 5.9578292671 6.0335691891 6.0676370645 6.0864538297 6.1024092559 6.1487392086 6.2989865394 6.3516526553 6.3947115447 6.5803757829 6.6508049734 6.76956752 6.7745434027 6.8098687509 6.9177079539 6.9271632453 6.9946704058 6.9964518616 7.0473065781 7.0782244318 7.1629388117 7.1800649702 7.2385090994 7.2598275584 7.2868762133 7.3828425332 7.4925893294 7.5852335063 7.6019409143 7.6860504727 7.7030608823 7.8089194585 7.8597473901 7.9097697517 7.9575301402 7.9842316714 8.0647271049 8.112257649 8.1214965263 8.1663322939 8.1818534309 8.210869306 8.3336837408 8.3470065611 8.4852097173 8.4909950802 8.5838887631 8.6711363592 8.7549264755 8.8636238059 8.8810307518 8.9930945344 9.5867628151 9.6469982339 10.7195408693 10.7286628299 11.0372037508 15.464919334 15.6106713953 15.6678917159 15.8635021347 16.0139403124 16.2770103241 24.073956946 24.5571816861 24.6569332254
392 2.5742344578 2.6729048867 2.8380168174 3.2878675309 3.4613105399 3.4829674912 3.5370879781 3.5657402772 3.7085470617 3.8526433896 3.8699851768 3.9607416228 4.3958157586 4.4336702275 4.7164978308 4.8246118753 4.8628453913 4.9613849857 4.9621006746 5.0536458218 5.101764685 5.1723300573 5.1939429645 5.2722323879 5.3631159039 5.4184602304 5.4347903157 5.4883173985 5.5417370197 5.6296967179 5.635412269 5.6459445145 5.7219149988 5.7355104483 5.7590318343 5.8082467195 5.8438754937 5.8806912589 5.9087344449 5.949452266 6.0251243072 6.0596215018 6.076390082 6.0869156685 6.1459393168 6.2982713842 6.3474847166 6.3950567197 6.5884356513 6.6644747525 6.7744158418 6.778375128 6.8155878213 6.9094432345 6.930728789 6.9995280475 7.0036924171 7.044703582 7.0795904896 7.1634974173 7.182263861 7.2407105532 7.2678868197 7.2897728448 7.3919598008 7.5025474888 7.5974151969 7.6062205459 7.6962153776 7.7011034707 7.8137397626 7.8607953111 7.9000534827 7.9510823473 7.9829536022 8.0656399513 8.106897027 8.118866041 8.1609916823 8.1773894975 8.2121768306 8.3334725308 8.3461292076 8.4854654252 8.4932293499 8.5863129965 8.6715332565 8.7530448928 8.8642072343 8.8809045201 8.9927446115 9.5839709979 9.6448204133 10.720220186 10.7285931888 11.0446734203 15.463218644 15.6137592115 15.6711145723 15.8623856549 16.015190967 16.2774726733 24.0740681742 24.553516948 24.6547711345
393 2.5756405061 2.6764682802 2.8400597544 3.2904251185 3.44712339 3.4825732595 3.5529560307 3.5713803887 3.7140280359 3.8392025836 3.8808139523 3.9656477769 4.3819484299 4.4259226721 4.7283756144 4.8324129727 4.8523933831 4.975312591 4.9822100616 5.0631524808 5.0989215007 5.1687935409 5.1914192929 5.2710546769 5.3758273096 5.4237487217 5.4343183113 5.4775476349 5.5400777636 5.6225665826 5.6312863855 5.6317152389 5.7232356426 5.7260592473 5.7525325318 5.7943709352 5.8420820813 5.8706413561 5.9007794411 5.9408480326 6.0162505155 6.0523039239 6.0655342409 6.0718661873 6.144086831 6.2976026433 6.3436010232 6.395897305 6.5968879975 6.6776637009 6.77894439 6.782122639 6.8211354075 6.9007524852 6.9339222588 7.0041315961 7.0103873699 7.0418572284 7.0808693416 7.1635073335 7.1840089203 7.2421739513 7.276280283 7.293474814 7.4007791717 7.5117744208 7.6096248208 7.6106385235 7.699130928 7.7062288931 7.8183420111 7.861398696 7.8905827832 7.9446557312 7.9821513236 8.0660552921 8.101666986 8.1167492984 8.1551150661 8.1731488728 8.2136321744 8.3332642515 8.3452308873 8.4856028515 8.4953101384 8.5886788231 8.6719202942 8.7512653116 8.8647722427 8.8807816186 8.9923998337 9.5812853435 9.642737682 10.7208776757 10.7285265885 11.0517625747 15.4615931868 15.6167233558 15.6741812 15.8613350786 16.016369842 16.2779145019 24.0741744858 24.5500250706 24.6526955608
394 2.5770741633 2.6801379764 2.8420798237 3.293148403 3.4334700399 3.4801912522 3.5683708886 3.5776232507 3.7202228266 3.8242340905 3.892329491 3.9720941392 4.3675341532 4.4180387461 4.7395962502 4.8400962406 4.8429795938 4.9879972452 5.0030113118 5.0714987815 5.0958185935 5.1662440631 5.1897372443 5.270213763 5.3883137462 5.4264470171 5.4330008414 5.468068195 5.5377510132 5.6167645059 5.6179281711 5.6293621442 5.7152555512 5.7268368938 5.7466091265 5.781099105 5.8387176593 5.860255351 5.8948497872 5.9320396308 6.0069670308 6.0455208407 6.0543657745 6.0573489978 6.1429261431 6.2969764969 6.3400166992 6.3970945295 6.6057217706 6.6902564885 6.7831351049 6.7858487946 6.8265187812 6.8917044195 6.9368019425 7.0084494496 7.0162544232 7.0389776059 7.0820603 7.1631761675 7.1853757841 7.2430106078 7.2847637914 7.2977939526 7.4092318288 7.5203537547 7.6152295408 7.6216639555 7.6972599094 7.7160250545 7.8225856013 7.8612544241 7.8816731614 7.9383218816 7.9818797764 8.0659946375 8.0966168243 8.1151208647 8.1487084969 8.1692407605 8.2151335146 8.3330669828 8.3443188065 8.4856411929 8.4972387161 8.590966693 8.6722961337 8.7495912549 8.8653153267 8.8806640239 8.9920632427 9.5787184493 9.6407588636 10.7215086894 10.728463301 11.0584508512 15.4600494738 15.619549813 15.6770815307 15.8603516568 16.0174751658 16.2783340518 24.074275454 24.5467181601 24.6507164789
395 2.5785118186 2.6838629354 2.8440562574 3.2960221509 3.4204552906 3.476703306 3.5831943489 3.5835357576 3.7272907123 3.808667901 3.9043171967 3.9792189095 4.3527358692 4.4101234198 4.7495900817 4.8350974081 4.8476038443 5.0000068973 5.0236956118 5.0784118622 5.0925475359 5.1650999203 5.1888464347 5.2697003577 5.4003415132 5.4253849592 5.4308464656 5.4608397668 5.5343538841 5.6064504962 5.6125507631 5.6282182774 5.7061643581 5.7292980783 5.7415856287 5.7685748904 5.8337949 5.8496591915 5.89096604 5.9230866036 5.9973112368 6.0381713449 6.0434525718 6.0442189597 6.1422562537 6.2963890469 6.3367407953 6.398529545 6.6149217798 6.7021265887 6.7869634399 6.7896115854 6.8317608533 6.8823616039 6.9394057612 7.0124645185 7.0206200333 7.0366985939 7.0831618232 7.1626587367 7.1864324001 7.2433701065 7.2931416521 7.3025054316 7.4172566341 7.5283612623 7.6200141038 7.6332542699 7.6956988457 7.7255431161 7.8263027906 7.8594964092 7.8742118977 7.932168266 7.9822004221 8.0655038642 8.0917921696 8.1139360749 8.1418304174 8.1656809361 8.2166230248 8.3328883929 8.3434003307 8.4855988339 8.4990164645 8.5931582046 8.6726591352 8.7480259543 8.8658331138 8.8805533521 8.991737817 9.5762827001 9.6388922829 10.7221089806 10.7284035856 11.0647192888 15.458593697 15.6222251697 15.6798060932 15.8594365448 16.0185052868 16.2787296517 24.0743706734 24.5436076923 24.6488433859
396 2.5799305436 2.6875894374 2.8459683894 3.2990221502 3.4081518833 3.4726939924 3.5885986202 3.5973205023 3.7352293721 3.7930851203 3.9165945234 3.9865156861 4.3377028643 4.4022821866 4.7575635284 4.829462546 4.8548736771 5.0111984041 5.0441231172 5.0836378397 5.089275794 5.1657347231 5.1887090291 5.2694707754 5.4113069483 5.4200410986 5.4282249416 5.4562841589 5.5295117636 5.5974327964 5.609824562 5.6283805015 5.6976901284 5.7298125115 5.7393208909 5.7569435027 5.8276772895 5.8389742787 5.8888043094 5.914082195 5.987349134 6.0279526341 6.0302571713 6.0375597799 6.1419286643 6.2958369224 6.3337770231 6.4001027254 6.6244688607 6.7131389273 6.790393172 6.7934604787 6.8368992056 6.8727916885 6.9417557831 7.0161678128 7.0219881606 7.0365063539 7.0841719546 7.1620652405 7.1872378869 7.2433955028 7.3012582585 7.30739578 7.424798921 7.535859042 7.6249989516 7.6439522083 7.694837992 7.734722837 7.8292993103 7.8546492502 7.8697083091 7.9263040875 7.9831751138 8.0646472687 8.0872393078 8.113132014 8.1345578754 8.1624480835 8.2180645422 8.3327356638 8.3424828978 8.4854931637 8.5006448381 8.5952362497 8.673007356 8.746572417 8.866322384 8.8804508529 8.9914264433 9.5739901729 9.637145733 10.7226746899 10.7283476877 11.0705503441 15.4572317029 15.6247366868 15.6823460366 15.8585908044 16.0194586732 16.2790997236 24.0744597608 24.5407044713 24.6470852581
397 2.5813083017 2.6912615491 2.8477958765 3.302115296 3.396622788 3.4685262427 3.5926246908 3.610652318 3.7438849653 3.7778729374 3.929003703 3.9936786072 4.3225807818 4.3946213007 4.7625786254 4.8269397569 4.8618398436 5.0214452533 5.0637604236 5.0865747146 5.0870566211 5.1683556202 5.1892909127 5.2694573909 5.4115255868 5.4174089214 5.4286916712 5.4533375102 5.5231323563 5.5912011512 5.6083137096 5.6299519496 5.6899304871 5.7264758875 5.7415643048 5.7463537054 5.8208891255 5.828313297 5.8878822542 5.9051460472 5.9771860544 6.0163340802 6.0178262979 6.0330372803 6.1418355425 6.2953177932 6.3311244124 6.4017319877 6.6343402108 6.7231586999 6.7933660206 6.797426765 6.8419845384 6.8630809199 6.9438614689 7.0195549429 7.0198639897 7.0389143202 7.0850887695 7.1614706099 7.1878426416 7.2432033086 7.3089889199 7.31228415 7.4318101647 7.5428924772 7.6301759707 7.65300788 7.6953924307 7.7434993983 7.831360835 7.8472154111 7.8677122318 7.9208607262 7.984859521 8.0634973752 8.0830068741 8.1126353965 8.1269644416 8.1595163623 8.2194334084 8.3326154253 8.3415739296 8.4853404448 8.5021253265 8.5971851028 8.6733385659 8.7452334812 8.8667800898 8.8803574193 8.9911318893 9.5718525349 9.6355264479 10.7232023295 10.728295838 11.0759279003 15.4559689682 15.6270723685 15.6846931493 15.8578154061 16.0203339132 16.2794427896 24.0745423575 24.5380185905 24.64545051
398 2.5826241529 2.6948217613 2.8495189342 3.3052597853 3.3859267581 3.4644261903 3.5956391923 3.6230950869 3.7529930277 3.763315686 3.9414014108 4.0005113129 4.3075211558 4.3872476945 4.7641096452 4.827985227 4.8684334614 5.0306519866 5.0769204074 5.0887789434 5.0901698233 5.1728869462 5.1905613826 5.269574323 5.4013822949 5.4139754369 5.4366740735 5.4506527429 5.5155941935 5.5876262449 5.6076868945 5.6329248453 5.6829327309 5.7217559649 5.7369613947 5.7457300085 5.8139076666 5.8177778802 5.8877642243 5.8964156309 5.9669721303 6.0046053066 6.0062033963 6.0294605328 6.1418983164 6.2948307615 6.3287779433 6.403350672 6.6445098173 6.7320678509 6.7957795037 6.8015080268 6.8470766103 6.8533580545 6.9457217452 7.0158746963 7.0226240334 7.0423427307 7.0859107906 7.1609225934 7.1882890197 7.2428810346 7.3162323791 7.3170250619 7.4382480842 7.5494887859 7.6355198216 7.6593861745 7.698381196 7.751796494 7.8322701213 7.8389208375 7.866577198 7.9159821461 7.9872958363 8.062125301 8.0791452199 8.1123722096 8.1191139837 8.1568670181 8.2207115933 8.3325336934 8.3406807468 8.4851557205 8.5034594184 8.5989904685 8.6736502806 8.7440118572 8.8672033746 8.8802736107 8.9908567779 9.569880936 9.63404108 10.723688769 10.7282482508 11.0808372717 15.4548105759 15.6292210271 15.686839878 15.8571112311 16.021129715 16.2797574783 24.0746181304 24.5355593959 24.6439469562
399 2.5838584515 2.6982118177 2.8511185856 3.3084057258 3.3761192832 3.4605392984 3.5977777641 3.6345544766 3.7496426982 3.7622308601 3.9536462685 4.0068789241 4.2926913801 4.3802684836 4.7626714954 4.8320159126 4.8745838159 5.0387671524 5.0762795374 5.0891234155 5.1074163913 5.1789395032 5.192526793 5.2697189003 5.3905787007 5.4070960614 5.4458716448 5.4475825589 5.5076078486 5.5862309294 5.6076569192 5.6371025296 5.6767231919 5.7168406713 5.7289362172 5.7505204567 5.8070869215 5.8074574447 5.888038623 5.8881365661 5.9568977311 5.9931557692 5.9954182312 6.0265391853 6.1420590922 6.2943765939 6.3267292044 6.4049053208 6.6549489047 6.7397868505 6.7974373951 6.8056514751 6.8438450046 6.8522348534 6.9473261315 7.011092863 7.0253744 7.0457972628 7.0866373273 7.1604482445 7.1886122122 7.2424919436 7.3215035253 7.3229053512 7.4440768602 7.5556561264 7.6409843397 7.6625233336 7.7043703199 7.7595149096 7.830602422 7.8318386258 7.865587661 7.9118006853 7.9905054069 8.0605963488 8.0757026564 8.1110626301 8.1122752327 8.1544897285 8.2218852162 8.3324958065 8.3398104957 8.4849527466 8.5046485678 8.6006394992 8.6739398129 8.7429101519 8.8675895909 8.8801996887 8.990603563 9.5680858994 9.6326956818 10.7241312215 10.7282051236 11.0852652019 15.4537611938 15.6311723445 15.6887793434 15.8564790725 16.0218449074 16.2800425302 24.0746867739 24.5333354518 24.6425817762
400 2.5849930366 2.7013737495 2.8525769178 3.3114965233 3.3672516451 3.4569629718 3.5992155356 3.6449363292 3.7370529631 3.7712625881 3.9655840777 4.0126828964 4.2782860058 4.3737899745 4.7594466102 4.8377805998 4.8802198726 5.0457899403 5.0734292402 5.0884899855 5.1267414481 5.1857568587 5.1953945107 5.2697680326 5.3796343399 5.3985209928 5.4440115775 5.4544037822 5.4999054166 5.5864592038 5.6080217154 5.6420951928 5.6713105985 5.7120170457 5.7224715465 5.7555443714 5.797428905 5.8006704495 5.8801669651 5.8887967217 5.9471791908 5.9822246246 5.9855020116 6.0241480578 6.142274689 6.293957756 6.3249671229 6.4063535591 6.6656263336 6.7462934481 6.797942261 6.8097467693 6.8349650859 6.8575007569 6.9486553031 7.0059564839 7.0278056969 7.048953075 7.0872687004 7.1600591226 7.1888411356 7.2420810925 7.3256287442 7.3289387303 7.4492672428 7.5613825559 7.646497645 7.6630653425 7.712734128 7.7665108785 7.8226657438 7.8299483042 7.8645277601 7.9084011074 7.9944824523 8.0589729275 8.0727178678 8.1028633754 8.1122880292 8.1523807552 8.2229432157 8.3325063497 8.3389700984 8.4847439421 8.5056941622 8.6021207928 8.6742043437 8.7419308732 8.8679363177 8.8801356629 8.9903745066 9.5664772108 9.6314956923 10.7245272305 10.7281666356 11.089199861 15.4528250545 15.6329169283 15.6905053548 15.8559196368 16.0224784406 16.2802968031 24.0747480107 24.5313545094 24.6413614825
401 2.586011411 2.7042511105 2.8538773414 3.3144714561 3.3593688076 3.453764986 3.6001258245 3.6541472587 3.7257276252 3.7797689232 3.9770304358 4.0178475986 4.2645400257 4.3679161091 4.7554940472 4.8441495322 4.8852721076 5.0517671549 5.0704891807 5.0872432688 5.1460226911 5.1918442639 5.2000503445 5.2695672338 5.3688714183 5.3886728201 5.440076404 5.4618340947 5.4930685861 5.5878253699 5.6086443101 5.6473729259 5.666686302 5.7074227388 5.7177920717 5.760563451 5.7877576909 5.7948280239 5.8729522706 5.889622431 5.9380402428 5.9720311908 5.9765050003 6.0222057831 6.1425125872 6.2935782351 6.3234787906 6.4076621819 6.6765088788 6.7516275872 6.796538496 6.8136390294 6.8275006444 6.8628713003 6.9496819917 7.0007241369 7.0299173996 7.051705654 7.0878063191 7.159755581 7.188999263 7.2416804749 7.3293287213 7.3342750109 7.4537963989 7.5666345087 7.6519558729 7.662112352 7.7224108556 7.7725521113 7.8154713748 7.8265851254 7.8633456246 7.9057899938 7.9991897065 8.057322532 8.0702102565 8.0945716752 8.1123659068 8.1505407255 8.2238766045 8.3325690439 8.3381662495 8.4845403495 8.5065974944 8.6034243763 8.6744410088 8.7410764154 8.8682413758 8.8800813453 8.9901716578 9.5650638094 9.630445926 10.7248746581 10.7281329473 11.092630838 15.452005937 15.6344463638 15.6920124226 15.855433545 16.0230293863 16.2805192773 24.0748015933 24.5296234778 24.6402918912
402 2.5868989082 2.7067903907 2.8550048465 3.3172697004 3.3525064885 3.4509939764 3.6006606054 3.6620955279 3.7158358741 3.787463216 3.9877510953 4.0223130285 4.2517439776 4.3627463211 4.751503219 4.8503605247 4.8896745646 5.0567805274 5.0677666821 5.0856641546 5.1649180022 5.1959321676 5.2071371447 5.2689084255 5.3585510457 5.3779720691 5.4360216883 5.4678101866 5.4875828642 5.5899218234 5.6094174258 5.6523432554 5.6628258099 5.7031805369 5.7151361887 5.7653518432 5.7785018539 5.7896921059 5.8665417986 5.8905464196 5.9296951593 5.9628020766 5.9685096961 6.0206514597 6.1427481779 6.2932431644 6.3222503793 6.408805497 6.687561309 6.7558781086 6.7922943859 6.8171612747 6.8224116751 6.8682676612 6.9503745811 6.9956292765 7.0317085502 7.0540231627 7.0882525957 7.159530413 7.1891053698 7.2413128453 7.3325462327 7.3388665481 7.4576474383 7.5713549312 7.6572157554 7.660458925 7.7326625212 7.7772363664 7.8095178908 7.8218414349 7.8620600162 7.9038928185 8.0045551776 8.0557238498 8.0681739687 8.0862529939 8.1124750224 8.1489728135 8.2246780365 8.3326865477 8.3374055146 8.4843516038 8.5073597367 8.6045416828 8.6746470006 8.7403490264 8.8685028435 8.8800364088 8.9899968339 9.5638536845 9.6295505655 10.7251716739 10.7281041994 11.0955491338 15.4513071504 15.6357532606 15.6932957689 15.8550213332 16.0234969388 16.2807090597 24.0748473048 24.528148398 24.6393780959
403 2.587642843 2.7089425575 2.8559462481 3.31983525 3.3466883552 3.4486855145 3.6009440141 3.6686917876 3.7075370543 3.79409885 3.9974427621 4.0260308757 4.2402584216 4.3583728431 4.7478848564 4.8559292783 4.8933670038 5.0609266873 5.0653918556 5.0839530444 5.1832132425 5.1987933504 5.2152270013 5.2674922746 5.3489531617 5.3670069382 5.4321351269 5.4716653173 5.4841549042 5.5923794523 5.6102412308 5.6564691601 5.6596945532 5.6994241543 5.7146676508 5.7696521228 5.7697242122 5.785396597 5.8610742336 5.8915382514 5.9223374961 5.9547755898 5.9616355096 6.0194379678 6.1429628827 6.2929582994 6.3212681055 6.409763935 6.6987461539 6.759158002 6.7851279751 6.8198108011 6.8201703066 6.8735081673 6.9507087869 6.9909275987 7.0331777222 7.0559013238 7.0886107011 7.1593720015 7.1891741888 7.2409943973 7.3352360106 7.3426743826 7.4608086395 7.5754619773 7.6585838746 7.6620874363 7.7430840372 7.7799457558 7.8055206335 7.8158838552 7.8607356467 7.9025828906 8.0104655363 8.0542642984 8.0665812592 8.0779963347 8.1125906761 8.1476813965 8.2253415477 8.3328600212 8.3366946798 8.4841859053 8.5079819187 8.6054655246 8.6748196787 8.7397507592 8.8687190695 8.8800004473 8.9898516027 9.5628537782 9.6288131556 10.7254167461 10.7280805121 11.0979471524 15.4507315195 15.6368312936 15.6943513367 15.8546834542 16.023880415 16.2808653881 24.0748849604 24.526934421 24.6386244457
404 2.5882326449 2.7106646479 2.8566904115 3.3221189909 3.3419272594 3.4468656919 3.6010723001 3.6738501268 3.7009797634 3.7994723265 4.0057220921 4.0289624919 4.2305203723 4.3548775926 4.7448848981 4.8605384258 4.8962969792 5.0634523643 5.0642903142 5.0822575626 5.2006612994 5.2010103627 5.2230150934 5.2648791204 5.3404446745 5.3565926519 5.4287128029 5.4725052794 5.4836691529 5.5948370442 5.6110171357 5.6572594797 5.6594386858 5.6962971891 5.7162970116 5.7615262595 5.7731141675 5.7821501909 5.8566748077 5.8925852524 5.9161394587 5.9481948575 5.9560332313 6.0185291677 6.1431428575 6.2927294187 6.3205191827 6.4105229205 6.710022968 6.7615799274 6.7759896202 6.8187819426 6.8225675097 6.878295149 6.9506957987 6.9869004504 7.034323155 7.0573467621 7.0888841873 7.1592670253 7.1892169744 7.2407365844 7.3373628423 7.345667446 7.4632724624 7.5788504 7.6567998859 7.6663316775 7.7534480947 7.7803040013 7.8039658981 7.808909233 7.8594760081 7.9017222242 8.0167423311 8.0530297811 8.0653937625 8.069946273 8.1126954574 8.1466710959 8.2258623981 8.3330879497 8.3360418563 8.4840499966 8.5084649084 8.6061900655 8.6749566831 8.739283414 8.8688886852 8.8799730345 8.9897372683 9.5620698988 9.6282366004 10.7256086327 10.7280619848 11.0998186924 15.4502813725 15.6376752383 15.6951757969 15.8544202774 16.0241792554 16.2809876339 24.0749144074 24.5259857879 24.6380345254
405 2.5886599709 2.7119213109 2.8572284523 3.3240631963 3.3382451052 3.4455532595 3.6011162522 3.6774959295 3.6962922378 3.8034245766 4.0121385942 4.0310779768 4.2230263461 4.3523288709 4.7426537701 4.8639728065 4.8984216893 5.0620157241 5.0669030594 5.0807187961 5.2026574814 5.2169239457 5.2295943566 5.2604687842 5.3335440785 5.34779569 5.4260316376 5.4714777508 5.4849589144 5.5969378447 5.6116520971 5.6555037696 5.6612687304 5.6939403228 5.7194986873 5.7541472897 5.7751178866 5.7804304595 5.8534497354 5.8936530357 5.9112772125 5.9432913487 5.9518685309 6.0178983069 6.1432781011 6.292561731 6.3199926866 6.4110719858 6.7213466959 6.7632394954 6.7657806944 6.8184636221 6.8242988331 6.8822257295 6.9504275159 6.9838213334 7.0351430073 7.0583694663 7.0890765254 7.1592027199 7.1892419746 7.2405473325 7.3389003208 7.347822024 7.46503448 7.5813992213 7.6553394635 7.6696702577 7.7636005692 7.7790997998 7.8011175286 7.8041865621 7.8584155722 7.9011922165 8.0230544364 8.0520936966 8.0623985815 8.0645743343 8.1127775866 8.1459461021 8.2262369745 8.3333621505 8.3354604156 8.4839491436 8.5088093972 8.606710796 8.6750560439 8.7389484751 8.8690106149 8.8799537768 8.9896548583 9.5615066457 9.6278231598 10.7257463748 10.7280486951 11.1011589394 15.449958531 15.6382810004 15.6957665543 15.8542320894 16.0243930244 16.2810753054 24.0749355267 24.5253058139 24.6376111396
406 2.5889187954 2.712686183 2.8575539004 3.3255242012 3.3357550862 3.4447609025 3.6011240475 3.679606303 3.6935390362 3.8058416147 4.0162323192 4.0323558966 4.218271432 4.3507781993 4.7412824164 4.8660890996 4.899709479 5.0611324423 5.0686721586 5.0795481123 5.203683343 5.2315362655 5.2340832955 5.2536150625 5.3289338186 5.3418282951 5.4243207095 5.4704389103 5.486156898 5.598357647 5.6120681421 5.6544349136 5.6622005004 5.6924727937 5.7231233448 5.7482780925 5.7753312023 5.780445197 5.851480398 5.8945878079 5.9080169877 5.9402605387 5.9492953444 6.0175269683 6.1433618511 6.2924593559 6.3196802774 6.4114041088 6.732663942 6.755005621 6.7642070205 6.818400939 6.8253416728 6.8848457977 6.9501024714 6.9818999184 7.0356356616 7.0589787841 7.089190629 7.159168669 7.189254806 7.240431829 7.3398300486 7.3491213995 7.4660923698 7.5829893555 7.6543822786 7.6718217288 7.7733550784 7.7777533774 7.7927521885 7.8048815601 7.8576995151 7.9009074482 8.0285865594 8.0515102675 8.0561384707 8.0640943128 8.112829591 8.1455097081 8.2264627303 8.3336497862 8.3349869326 8.4838871193 8.5090158871 8.6070245115 8.6751162767 8.7387470528 8.8690840842 8.8799423584 8.9896051138 9.5611673491 9.6275744493 10.7258292913 10.7280406989 11.1019644597 15.4497643018 15.6386456389 15.6961217523 15.8541190948 16.0245214105 16.2811280498 24.0749482326 24.5248968761 24.6373563008
407 2.5890054763 2.7129429769 2.8576628229 3.3261202301 3.3348184661 3.4444959791 3.6011236002 3.6802776325 3.6926503762 3.8066549151 4.017643074 4.0327833134 4.216637792 4.3502576736 4.7408200848 4.8668037359 4.9001409242 5.0608343694 5.0693277416 5.0790844501 5.2040325306 5.2356928177 5.2438676443 5.2439956463 5.3272955176 5.339706333 5.4237325146 5.4700493712 5.4865995184 5.5988601892 5.6122129748 5.6540746965 5.6624789453 5.6919743033 5.7249429713 5.7457590622 5.7751512807 5.7807114044 5.8508181033 5.8949993282 5.9068218753 5.9392346325 5.9484241659 6.0174043717 6.1433901947 6.2924249289 6.3195767333 6.4115152549 6.7436133284 6.7442192511 6.7645248382 6.8183980227 6.8256895927 6.8857708228 6.9499572382 6.9812489845 7.0358000108 7.0591811338 7.0892284369 7.1591581002 7.1892587273 7.2403930109 7.3401411567 7.3495556254 7.4664450945 7.5835307138 7.6540488117 7.6725669186 7.7772066665 7.7806545581 7.7859109805 7.8051996748 7.8574454838 7.9008179556 8.0311414907 8.0513121712 8.0533431977 8.0639362401 8.1128473617 8.1453640049 8.2265381499 8.3338095441 8.3347649744 8.4838661921 8.509084683 8.6071292958 8.6751364587 8.7386798345 8.8691086261 8.8799385757 8.9895884824 9.5610540252 9.627491438 10.7258569753 10.7280380297 11.1022331951 15.4496994712 15.6387673823 15.6962402757 15.8540814164 16.0245642266 16.2811456549 24.0749524736 24.5247604045 24.6372712197
408 2.5890054763 2.7129429769 2.8576628229 3.3261202301 3.3348184661 3.4444959791 3.6011236002 3.6802776325 3.6926503762 3.8066549151 4.017643074 4.0327833134 4.216637792 4.3502576736 4.7408200848 4.8668037359 4.9001409242 5.0608343694 5.0693277416 5.0790844501 5.2040325306 5.2356928177 5.2438676443 5.2439956463 5.3272955176 5.339706333 5.4237325146 5.4700493712 5.4865995184 5.5988601892 5.6122129748 5.6540746965 5.6624789453 5.6919743033 5.7249429713 5.7457590622 5.7751512807 5.7807114044 5.8508181033 5.8949993282 5.9068218753 5.9392346325 5.9484241659 6.0174043717 6.1433901947 6.2924249289 6.3195767333 6.4115152549 6.7436133284 6.7442192511 6.7645248382 6.8183980227 6.8256895927 6.8857708228 6.9499572382 6.9812489845 7.0358000108 7.0591811338 7.0892284369 7.1591581002 7.1892587273 7.2403930109 7.3401411567 7.3495556254 7.4664450945 7.5835307138 7.6540488117 7.6725669186 7.7772066665 7.7806545581 7.7859109805 7.8051996748 7.8574454838 7.9008179556 8.0311414907 8.0513121712 8.0533431977 8.0639362401 8.1128473617 8.1453640049 8.2265381499 8.3338095441 8.3347649744 8.4838661921 8.509084683 8.6071292958 8.6751364587 8.7386798345 8.8691086261 8.8799385757 8.9895884824 9.5610540252 9.627491438 10.7258569753 10.7280380297 11.1022331951 15.4496994712 15.6387673823 15.6962402757 15.8540814164 16.0245642266 16.2811456549 24.0749524736 24.5247604045 24.6372712197
409 2.5881473361 2.7145910904 2.8579266781 3.324625554 3.3354143495 3.4438953937 3.6019721737 3.6810252154 3.6929010363 3.8076963784 4.0179305446 4.032868335 4.2168300657 4.3505028775 4.7408409422 4.8664432892 4.8998019513 5.0463792794 5.0789674622 5.0794354977 5.2024526751 5.2325564724 5.2435800266 5.2508240036 5.3267867854 5.3403349438 5.4234743921 5.4693551668 5.4862190215 5.5931289544 5.6153447165 5.654137957 5.6608897251 5.6931966669 5.7252050278 5.7461779108 5.7751774822 5.7819646893 5.8505613353 5.8943904542 5.9083888878 5.9402946913 5.9485360017 6.0176893573 6.1438976422 6.2924951985 6.320080354 6.4120463565 6.7429634023 6.743532693 6.7647462972 6.8147215545 6.82873633 6.88533827 6.9486619495 6.9808774301 7.034281824 7.0613765555 7.0898066553 7.1585334149 7.1905686288 7.2404816077 7.3399914468 7.3501378869 7.4668433542 7.5835253745 7.6538989938 7.6725836811 7.7754464459 7.7805091366 7.7845936704 7.8076593294 7.8574919826 7.9013678405 8.0309769184 8.0512415246 8.0534079847 8.0640624072 8.1131608858 8.1453687303 8.2256210525 8.3346734493 8.3348125012 8.4832232523 8.5096233179 8.6070601181 8.6750397741 8.7386707369 8.8689507667 8.8799901333 8.9896545528 9.5610625847 9.6275000649 10.7251252499 10.7287303749 11.1022461192 15.4497114188 15.6386616766 15.6962149162 15.8539892419 16.0245216836 16.2811349818 24.074937644 24.5247554134 24.6372600717
410 2.5857301919 2.719362472 2.8587336497 3.3202735405 3.3371986555 3.4419927624 3.6045894583 3.6831791847 3.6936523495 3.8108060859 4.0187930658 4.0331237183 4.217403713 4.3512381127 4.7409005708 4.8653637195 4.898787798 5.0248752594 5.0786161553 5.0881741359 5.1987102264 5.2296047964 5.2427173543 5.2634848342 5.3252658444 5.3422633551 5.4227006817 5.4672115213 5.4850818217 5.5818853984 5.6189389998 5.6543231695 5.6574870315 5.6957666942 5.7259818092 5.7474423534 5.7752603164 5.7854354765 5.8497885757 5.8927817534 5.9129790278 5.9432622632 5.9489809607 6.0185245708 6.1454151404 6.2927110268 6.3215860479 6.4136361062 6.7395683055 6.743291274 6.7650378 6.8080835198 6.8335281529 6.8840640462 6.9447586252 6.9799285776 7.0307658925 7.0668561585 7.0914013276 7.157020403 7.1941490069 7.2407329707 7.3395451219 7.3518942785 7.4680274238 7.5835093007 7.6534479746 7.6726339405 7.7706085901 7.7800758741 7.7820709335 7.8132025601 7.857630881 7.9029873879 8.0304812657 8.0509352392 8.0537061537 8.0644392732 8.1140630729 8.1453837271 8.2230080266 8.3344011522 8.3377071521 8.4814437899 8.511086755 8.6068564258 8.6747497656 8.738643442 8.8684775622 8.8801446155 8.9898521064 9.5610881745 9.6275259141 10.7237989777 10.7299386628 11.1022848474 15.4497472341 15.6383449824 15.6961389444 15.8537130491 16.0243942239 16.2811029978 24.0748932142 24.5247404601 24.637226672
411 2.5821471308 2.7268150517 2.8601318171 3.3134101712 3.3401614345 3.4385624448 3.6091276265 3.6865112117 3.6949023151 3.8159375536 4.0202309892 4.0335503949 4.2183491372 4.3524622493 4.7409899703 4.8635702895 4.8971058368 5.000350576 5.0780295426 5.0923219886 5.1941969827 5.2280767623 5.2412801695 5.2781989173 5.3227483401 5.3456695921 5.42141288 5.4634637417 5.4832007648 5.568802546 5.6198035356 5.6544757431 5.6546167515 5.6981342327 5.7272458112 5.7495727037 5.7754124363 5.7903952123 5.8484992436 5.8906497637 5.9201440179 5.947669729 5.9501603529 6.0198574313 6.1479297376 6.2930874534 6.324078422 6.4162736538 6.7347004784 6.7428905288 6.7647421666 6.8001999631 6.8384492757 6.8820272394 6.9382918214 6.978738898 7.0265206228 7.0741585958 7.0936586011 7.1553126789 7.1993389467 7.2411051731 7.3388109212 7.3548501655 7.4699652491 7.5834823248 7.6526912361 7.6727176121 7.7640159218 7.779116331 7.7793636092 7.8198354657 7.8578604149 7.905592304 8.0296500687 8.0502844455 8.0543714145 8.0650610873 8.1154386466 8.1454113418 8.2190651441 8.3339549474 8.3422034241 8.4788394639 8.5131539568 8.6065297507 8.6742666065 8.7385979421 8.8676901337 8.8804014364 8.9901791889 9.5611305305 9.6275688911 10.7223325628 10.731208958 11.1023492468 15.449806834 15.6378185663 15.6960126796 15.8532538291 16.0241823548 16.2810498095 24.074819361 24.5247156041 24.6371711541
412 2.5778679582 2.7363907433 2.862207713 3.3044844009 3.3442863729 3.4334139874 3.6156887137 3.6907401704 3.6966476011 3.8230074495 4.0222449813 4.0341498411 4.2196500828 4.3541734018 4.741093543 4.8610716114 4.8947637987 4.9736504257 5.0772061149 5.0922610763 5.1892314975 5.2277412545 5.239269372 5.2928744691 5.3192599271 5.351014937 5.4196120503 5.4579766277 5.4805971144 5.5553832788 5.617520387 5.6529885674 5.6549965942 5.699612486 5.7289532239 5.7525912918 5.7756548019 5.7960080303 5.846711969 5.8884472869 5.9286889461 5.9530587355 5.9530869315 6.021619721 6.1514249551 6.2936494888 6.3275321884 6.4199403032 6.7288480514 6.7423328713 6.7634043225 6.7912915127 6.8433598595 6.8794006095 6.9294933072 6.9775550447 7.0220157001 7.0825259111 7.0961511784 7.1539803726 7.2056155019 7.2415331832 7.3378044616 7.3590370285 7.4726036272 7.583444166 7.6516218774 7.6728345563 7.7566967987 7.7756221301 7.7783865369 7.8267903767 7.8581777352 7.9090590061 8.0284797212 8.0493113499 8.0554129843 8.0659160671 8.1170931864 8.1454550918 8.214288275 8.3333463705 8.3479450066 8.4756907976 8.5155286317 8.6060993243 8.6735907082 8.7385342201 8.8665903507 8.8807595752 8.9906326044 9.5611892175 9.6276288381 10.7207993083 10.7324687362 11.1024390962 15.4498900802 15.6370845336 15.6958366525 15.8526132303 16.0238869195 16.2809755941 24.0747163783 24.5246809443 24.63709374
413 2.5733193864 2.7475248627 2.8650963749 3.2939465447 3.3495511752 3.4265057954 3.6242314236 3.6956157094 3.6988835483 3.831893017 4.0248361511 4.0349239676 4.2212832139 4.3563689251 4.741188069 4.8578794234 4.8917524025 4.9454100448 5.0761440297 5.0887806765 5.183429769 5.2285725026 5.236686208 5.3051366742 5.3148355844 5.359125495 5.417297142 5.4508919509 5.4773001672 5.542757015 5.6127237673 5.652869113 5.6554331913 5.700089605 5.7310464744 5.7565064015 5.776016438 5.8016342225 5.8444830409 5.886476451 5.9362334732 5.9590874643 5.9597654604 6.0237501195 6.1558877773 6.2944320619 6.331912683 6.4246086124 6.7222887403 6.741621648 6.760772432 6.781560857 6.8479971795 6.8765700753 6.9187442486 6.9764593031 7.0173195926 7.0915439628 7.0984962473 7.1534049332 7.2126510615 7.2419367215 7.3365497567 7.3644788765 7.475868428 7.5833944303 7.6502316735 7.6729845795 7.7491284448 7.7715816951 7.7771634746 7.8337818349 7.8585790296 7.9132415462 8.0269714207 8.0480779736 8.0567967447 8.0669848291 8.118745948 8.1455190402 8.2092330892 8.332591759 8.3545975106 8.4721881341 8.5179981542 8.6055920285 8.6727228904 8.7384522434 8.8651808319 8.8812175152 8.9912080024 9.5612636373 9.6277055336 10.7192185847 10.7336997127 11.1025540866 15.4499967786 15.6361458195 15.6956116029 15.8517935533 16.0235090935 16.2808805998 24.0745846759 24.5246366188 24.6369947389
414 2.5688392437 2.7596776487 2.8689951741 3.2821913112 3.3559280592 3.4179559756 3.634563188 3.7009681622 3.7016041751 3.8424360159 4.0280062436 4.0358749729 4.2232174636 4.3590454094 4.741240913 4.8540083004 4.8879322951 4.9162625251 5.0748413497 5.0827136506 5.1763692348 5.2304638301 5.2335322444 5.3095186114 5.3127264844 5.3705511325 5.4144633942 5.443016951 5.4733464845 5.5316163987 5.6063169533 5.6534928437 5.6558916496 5.6996652623 5.7334570555 5.7612952268 5.7765339476 5.8069374161 5.8419132999 5.8848874053 5.9412014651 5.9655233655 5.9712145283 6.0262211379 6.1613167815 6.2954800199 6.3371765347 6.4302411651 6.715166496 6.7407611035 6.7565508657 6.7714685544 6.85150912 6.8744630295 6.9064526645 6.975438923 7.0123762889 7.1004116848 7.1008998409 7.1538484164 7.2202391651 7.2422309641 7.335081366 7.3711783347 7.4796646723 7.5833326123 7.6485127597 7.6731674366 7.7415460707 7.7670854373 7.7757169601 7.8406862502 7.8590596635 7.9179850225 8.0251343274 8.0466287073 8.0584943982 8.0682404248 8.12002195 8.1456068682 8.2044937731 8.331712408 8.3618870739 8.4684495439 8.5204156586 8.6050421757 8.6716645943 8.7383519547 8.8634649486 8.8817731721 8.9918999927 9.5613530388 9.627798692 10.7175984028 10.7348952652 11.1026938214 15.4501266791 15.6350061769 15.6953384763 15.8507977442 16.0230503796 16.2807651454 24.0744247779 24.524582804 24.6368745463
415 2.5646774118 2.772319284 2.8741773517 3.269540445 3.363384331 3.4079855887 3.6463856315 3.7048021843 3.7067263065 3.8544533033 4.0317579157 4.0370051687 4.225413087 4.3621986729 4.7412067376 4.8494753223 4.8803825003 4.8895320126 5.0732963073 5.074745472 5.1678389438 5.2298093175 5.2331521584 5.3033593449 5.3145717306 5.3842939656 5.4111012606 5.4361516857 5.4687786744 5.5221041296 5.5989099268 5.6544270547 5.6563346282 5.6984997399 5.7361084155 5.766890453 5.7772505265 5.8118282715 5.839137353 5.8837203297 5.9447660552 5.9722098838 5.9855588294 6.0290831515 6.1677290463 6.2968482815 6.3432724321 6.4367890277 6.7075453001 6.7397563333 6.7499189867 6.7621372947 6.8522001678 6.8747980628 6.8929754745 6.9744546641 7.0071192941 7.1017240299 7.1102898012 7.1555150595 7.2282340581 7.2423378973 7.3334474853 7.3791064663 7.4838762386 7.5832581015 7.6464600616 7.6733828333 7.7340955686 7.7622565236 7.7740722743 7.8474432261 7.8596143232 7.9231335503 8.0229874056 8.0449839862 8.0604842396 8.069650418 8.1204656038 8.1457206213 8.2006925344 8.3307347208 8.3696040592 8.4645476717 8.5226735244 8.6044909346 8.6704181222 8.7382332596 8.8614468282 8.8824238198 8.9927022804 9.561456532 9.6279079632 10.7159433814 10.7360524598 11.1028578175 15.4502794751 15.6336701606 15.6950184203 15.8496293854 16.0225126018 16.2806296203 24.0742373202 24.5245197141 24.6367336422
416 2.5610130959 2.7849116801 2.8809924259 3.2562469491 3.371883004 3.3968523805 3.6593384929 3.7084689707 3.7129213306 3.8677505788 4.036095117 4.0383167835 4.2278203307 4.3658237531 4.7410205086 4.8442997208 4.8536344079 4.8810367502 5.0653706903 5.0715075733 5.1577862148 5.2255194466 5.2362955516 5.2964137096 5.3106861908 5.3976695306 5.4071961452 5.4332017215 5.4636437416 5.5139641991 5.590815742 5.6554684529 5.6567259792 5.6967805704 5.738919072 5.773171038 5.7782140254 5.8163643279 5.8363015393 5.8829523437 5.9482280715 5.9790393212 6.0006125031 6.0325757131 6.1751619578 6.298602329 6.3501419272 6.4441898748 6.6994404987 6.7386132167 6.7400158478 6.7547996544 6.8492910982 6.878341028 6.8785993956 6.9734700253 7.0015198559 7.1023526015 7.1193851832 7.1585881731 7.2365144858 7.2421953888 7.3317147275 7.3881991814 7.4883649962 7.5831701973 7.6440744565 7.6736304301 7.726889342 7.7572245189 7.7722564764 7.854020166 7.8602371454 7.9285335364 8.0205602419 8.0431407087 8.0627471565 8.071180612 8.1196181709 8.1458591529 8.198417686 8.3296903139 8.3775924507 8.4605280895 8.5246859591 8.6039851472 8.6689868818 8.73809601 8.859131362 8.8831660251 8.993607815 9.5615731024 9.6280329321 10.7142569221 10.7371698699 11.1030455061 15.4504548034 15.632143109 15.6946527791 15.8482926848 16.0218978977 16.2804744837 24.0740230486 24.5244476001 24.6365725891
417 2.5579731349 2.7969272408 2.8898285811 3.2425070154 3.3813834288 3.3848056649 3.6730083156 3.7125946286 3.7196982008 3.8821349551 4.0398117513 4.0410236097 4.2303775973 4.3699148954 4.7405783249 4.8230193947 4.838502524 4.8757836942 5.054924021 5.0694745076 5.1462166323 5.220664702 5.2394942925 5.2887417566 5.3017218376 5.4027290615 5.4071525031 5.4375293972 5.4579910865 5.5068519251 5.5821875093 5.6565041251 5.6570346375 5.6947334276 5.741806506 5.7794734206 5.7799545637 5.8206784054 5.8335426602 5.8825341415 5.9521892814 5.9859352504 6.0144353319 6.0374432683 6.1836644799 6.3008193543 6.3577202164 6.4523657011 6.6908398 6.7277932736 6.7373383205 6.7488987958 6.8439738821 6.8635490951 6.8838604315 6.9724579866 6.9956073367 7.102286281 7.1278487695 7.1632245959 7.2417619054 7.2449594943 7.3299760669 7.3983605705 7.4929693376 7.5830681373 7.6413663392 7.6739098457 7.7200292923 7.7521151491 7.7702975203 7.8603965616 7.8609218226 7.934033838 8.0178935306 8.0410714065 8.0652645124 8.0727996264 8.1171756103 8.1460163569 8.1980831675 8.3286160161 8.3857367921 8.4564200265 8.5263801211 8.603575245 8.6673756248 8.737939983 8.8565242163 8.8839955999 8.9946089446 9.5617016285 9.6281731184 10.7125419637 10.7382468131 11.1032562336 15.4506522429 15.6304311215 15.6942430879 15.8467924628 16.0212087094 16.2803002649 24.0737828148 24.524366749 24.6363920298
418 2.5556466126 2.8079298761 2.9010165331 3.2284726532 3.3720650548 3.391841904 3.6868934549 3.7171679612 3.7273499332 3.8974235728 4.041491492 4.0465516676 4.233008957 4.37446554 4.7396603917 4.7922881613 4.8321062183 4.8704432619 5.0436259385 5.0671973733 5.1331446291 5.2152470213 5.2421173699 5.2804063444 5.2892401832 5.3976781782 5.4125785412 5.4483622338 5.45187026 5.5006380065 5.5731118373 5.6572381957 5.6574037134 5.6926467985 5.744692501 5.7810730949 5.7869897928 5.8249467924 5.8309747319 5.8824122107 5.9569133021 5.9928416967 6.0247621789 6.0451727847 6.1932724261 6.3035905174 6.365936835 6.4612199066 6.6817201107 6.7144182729 6.7359387499 6.743658349 6.8373227981 6.8480015848 6.8902140845 6.9714003547 6.9894792492 7.1015612115 7.1354276009 7.1694748439 7.2410166706 7.2534262102 7.3283645201 7.4094710802 7.4975024996 7.5829511474 7.63835872 7.674220662 7.7136191198 7.7470455104 7.768223499 7.8616616787 7.8665555008 7.9394841268 8.0150398936 8.0387218042 8.0680171779 8.0744834984 8.113135509 8.1461793791 8.1997974762 8.3275536876 8.3939510547 8.4522424938 8.5276929963 8.6033120412 8.6655906699 8.7377648541 8.8536318484 8.8849075785 8.9956975699 9.5618409006 9.6283279766 10.7108012896 10.7392830349 11.1034892629 15.4508713144 15.6285410335 15.6937910663 15.845134138 16.0204477735 16.2801075622 24.0735175741 24.5242774823 24.6361926848
419 2.5540953948 2.8176875595 2.914705973 3.2142624443 3.3588149109 3.4032122461 3.7003538818 3.7221764887 3.7363575735 3.9134476243 4.0433566853 4.0526910082 4.2356208213 4.3794683056 4.7373503712 4.762646615 4.8251344396 4.8649067105 5.0316193052 5.064677501 5.1185879069 5.2092679776 5.2425586306 5.2714720756 5.2761744326 5.3920210859 5.4171575129 5.4453286021 5.4605461295 5.4958890923 5.5636650867 5.6573256071 5.6579603484 5.690892039 5.7475100539 5.783044946 5.7939548733 5.8286841729 5.8293797269 5.8825392397 5.9625102686 5.9997164465 6.0310547548 6.0557826671 6.203966634 6.3070247956 6.3747162078 6.4706333259 6.6720617216 6.7004243151 6.7344218913 6.738917391 6.8298387677 6.8320993721 6.8967871254 6.9702857634 6.9833141985 7.1002427113 7.1420714343 7.1771767975 7.2399566015 7.2617220309 7.3270764067 7.4213973929 7.5017518098 7.5828185253 7.6350882928 7.6745624293 7.7077733165 7.7421209 7.7660620416 7.8624497101 7.8724783566 7.9447323328 8.0120654631 8.0360072198 8.070984908 8.0762196025 8.107795264 8.146327096 8.2033793234 8.3265497648 8.4021702631 8.4480078764 8.5285719414 8.6032424225 8.663640113 8.7375701631 8.850461531 8.885896224 8.9968652916 9.5619896396 9.6284968964 10.7090376676 10.7402785586 11.1037437752 15.4511114796 15.6264803882 15.6932986109 15.8433237105 16.0196181102 16.2798970423 24.0732283804 24.524180155 24.6359753489
420 2.5533614406 2.8262224294 2.9308077545 3.1999699338 3.3452065149 3.4154463005 3.7126838683 3.7276064573 3.7473054578 3.9300525541 4.0454070409 4.0594580153 4.2380975807 4.3849149699 4.7247788072 4.7430845669 4.8176117019 4.8592236008 5.0189936911 5.0619173928 5.1025857967 5.2027285158 5.236788971 5.2620045386 5.267772777 5.3857375035 5.4222834959 5.4384089369 5.4687813812 5.4952499964 5.5539711176 5.6572986023 5.6578982157 5.6899005888 5.7502106561 5.7853996469 5.800479379 5.8267308191 5.8342045096 5.8828773797 5.968990478 6.0065267932 6.0352738758 6.0670201804 6.2156232786 6.3112544026 6.3839780008 6.4804583447 6.6618592053 6.6860894 6.7327949216 6.7347499204 6.8159609925 6.8217637727 6.9031392398 6.9691080015 6.9774010922 7.098412096 7.1479233942 7.1859743429 7.2385918498 7.2695668137 7.3264068605 7.4340013312 7.5054810834 7.5826697804 7.6316024052 7.674934673 7.7026247283 7.7374322804 7.7638398675 7.8632785891 7.8781411444 7.9496218999 8.0090522743 8.0328094849 8.0741452835 8.0780092866 8.1016178005 8.1464292146 8.2085032025 8.3256544236 8.410344511 8.4437241573 8.5289772605 8.6034044045 8.6615340363 8.7373552694 8.8470213862 8.8869550645 8.9981035464 9.5621465178 9.6286792034 10.7072539175 10.7412336058 11.1040188712 15.4513721402 15.6242574055 15.6927677868 15.8413677435 16.0187230103 16.2796694393 24.0729163828 24.5240751539 24.6357408885
421 2.5534718194 2.8337458419 2.949053492 3.1856699214 3.3313630256 3.4284943864 3.7234795511 3.7334428462 3.7605031771 3.9470956441 4.0476410618 4.0668753008 4.2402960373 4.3907964465 4.6971649798 4.7384679295 4.8095631707 4.8534752534 5.0058001194 5.0589207614 5.0852287033 5.1956287036 5.2233206549 5.2520698294 5.2664042461 5.3788120307 5.4280714958 5.4311475742 5.4689153156 5.5016564021 5.5443538017 5.6569869535 5.6571716213 5.6900460465 5.7527693463 5.788119673 5.8062160686 5.82515234 5.8396084041 5.8833980916 5.9762661798 6.0132467441 6.038791515 6.0774551651 6.2279770188 6.3164397922 6.3936372184 6.4905093761 6.6511294687 6.6716209981 6.7310637399 6.7312870938 6.7996896153 6.8132387236 6.9087811596 6.9678649146 6.9721958668 7.0961578486 7.1531775992 7.1954652616 7.2369413816 7.2765568444 7.3267850579 7.4471463126 7.5084394906 7.582504868 7.6279502769 7.6753369001 7.6983291291 7.7330547484 7.7615824905 7.8641406248 7.8835118519 7.9539900911 8.0061007427 8.028978646 8.0774694978 8.0798686947 8.0951019343 8.1464463393 8.2148368253 8.324920252 8.4184347636 8.4393964087 8.5288852325 8.6038224868 8.659284744 8.7371192964 8.8433204325 8.8880769585 8.999403729 9.5623101779 9.6288741603 10.7054529457 10.7421485499 11.1043135737 15.4516526367 15.6218809481 15.6922008186 15.8392733437 16.0177660222 16.2794255536 24.0725828203 24.5239628962 24.6354902378
422 2.554442164 2.8405399378 2.9691102762 3.1714231004 3.3173847993 3.4423056702 3.732929114 3.7396693739 3.7756873683 3.9644420926 4.050055795 4.0749735984 4.2420386149 4.3971027582 4.668049374 4.7353373555 4.801014479 4.8477493838 4.992059807 5.0556925 5.0666880982 5.1879675755 5.2065396027 5.2417342545 5.2682245664 5.3712364788 5.4235729341 5.4343450665 5.4642407024 5.5102324385 5.5361177917 5.6552074841 5.6569703376 5.6914804217 5.7551849795 5.7911564544 5.8109512536 5.823970774 5.8456475561 5.8840807303 5.9841283058 6.0198551281 6.0422036122 6.0866689253 6.2406201923 6.3227673722 6.4036039908 6.5005459575 6.6399230661 6.6572180213 6.7286680507 6.729230273 6.7833814741 6.8043605667 6.9130461821 6.9665577774 6.968386167 7.0935701252 7.1579681307 7.2053139796 7.2350293518 7.2821964463 7.3287430999 7.4607009869 7.5103802603 7.5823245929 7.6241691267 7.6757686068 7.6950620539 7.7290480546 7.7593140538 7.8650276686 7.8885483794 7.9576702022 8.0033297206 8.024346868 8.0808871988 8.0818273489 8.0887452267 8.1463312549 8.2221035024 8.3244003395 8.4264099237 8.4350279029 8.5282900788 8.6045044371 8.6569070702 8.7368610581 8.839368651 8.889254186 9.0007572978 9.5624792536 9.6290809692 10.703637762 10.743023886 11.1046268293 15.4519522476 15.6193604856 15.6916000812 15.8370481395 16.0167509376 16.2791662505 24.0722290173 24.5238438279 24.6352243948
423 2.5562790708 2.8468699753 2.9906657388 3.1572794627 3.3033541205 3.4568284684 3.7415276804 3.7462685023 3.7923010248 3.98196049 4.0526465586 4.0837938431 4.2431057422 4.4038230034 4.6395148846 4.7317076861 4.7919915892 4.8421228282 4.9777706947 5.04723623 5.0522385843 5.1797432011 5.1890572038 5.2310640496 5.2708884932 5.3630113427 5.4157050866 5.4408701939 5.4580690148 5.5121751273 5.5347649943 5.6527839588 5.6567290866 5.6941069164 5.7574752991 5.7944315691 5.8146655268 5.8232008704 5.8522053818 5.8849108657 5.9922123826 6.0263342823 6.0458812201 6.0946897422 6.2530523655 6.3304252315 6.4137829784 6.5102399013 6.6283572388 6.6430900375 6.7270284728 6.7272841922 6.7671387314 6.7952043722 6.915138543 6.9651909891 6.9668167956 7.0907375755 7.1623476657 7.2152710768 7.2328824714 7.2861123084 7.3327037474 7.4745402903 7.5110897818 7.5821313338 7.6202702993 7.6762292872 7.6930010504 7.7254606062 7.7570572741 7.8659309489 7.8931969548 7.9605036105 8.0008683071 8.0187613132 8.0821396761 8.0839242995 8.0851526148 8.1460314957 8.230090555 8.324145744 8.4306210549 8.4342447696 8.5272038378 8.6054402796 8.6544188371 8.736578964 8.8351770744 8.8904785591 9.0021558634 9.5626523875 9.6292987738 10.701811486 10.7438602103 11.1049575109 15.4522701877 15.6167060548 15.6909680886 15.8347002576 16.0156817756 16.2788924579 24.0718563778 24.5237184217 24.6349444174
424 2.5589817913 2.8529490623 3.0134614802 3.1432808008 3.2893390839 3.4720104863 3.7497027191 3.7532214382 3.8098640111 3.999518594 4.0554066257 4.0933889649 4.2432287204 4.4109453179 4.6120887308 4.727186442 4.7825206943 4.8366401232 4.9629171795 5.0272468984 5.0485659024 5.1709531522 5.1717456403 5.2201249007 5.2735823356 5.3541461533 5.407556351 5.446926492 5.4519743878 5.5046996741 5.5421550704 5.6500587123 5.6564876692 5.6977109828 5.7596690457 5.7978390084 5.8174817781 5.8228604841 5.8590588676 5.885878719 5.9999810585 6.0326691212 6.0501714238 6.1017555709 6.2647803275 6.3395400526 6.4240722979 6.519106615 6.6167066513 6.6294460004 6.7251686915 6.7264982695 6.7511076656 6.7858335009 6.9145786174 6.9637719666 6.9680327283 7.0877456506 7.1663080815 7.2251469511 7.2305282614 7.2883584792 7.3386800638 7.4885442042 7.5104212483 7.5819304199 7.6162343579 7.6767184407 7.6922882221 7.7223391748 7.754833469 7.8668408035 7.8973911945 7.9623697305 7.9988308979 8.0121311179 8.0772422989 8.0862020535 8.0885411909 8.1454930569 8.2386376925 8.3242023697 8.4261783427 8.4419184944 8.5256539771 8.6066034224 8.6518415945 8.7362708927 8.8307579105 8.8917415465 9.0035912601 9.5628282495 9.6295266628 10.6999773488 10.7446582034 11.1053044209 15.4526056072 15.6139282198 15.6903074834 15.8322382988 16.0145627673 16.278605165 24.07146638 24.5235871754 24.6346514193
425 2.562543442 2.85893564 3.0372942703 3.129462557 3.2753966624 3.4877989956 3.7577254052 3.7605081306 3.8280588468 4.0169806732 4.058326834 4.103824337 4.2420860986 4.4184568282 4.5861637684 4.7215705979 4.7726281584 4.8312857489 4.9474921582 5.0071728301 5.0446820127 5.1548985386 5.1615955589 5.2089810411 5.2759245921 5.3446587298 5.3991328457 5.4437489483 5.4548923557 5.4943882754 5.5515588895 5.6473781608 5.6562880356 5.7020810097 5.7617982369 5.8012451228 5.8195669073 5.8229829158 5.8659833675 5.8869778107 6.0067864519 6.0388464711 6.0553848481 6.1082236312 6.2754422159 6.3500828896 6.4343618307 6.5263611407 6.6055866562 6.6164680091 6.7225422536 6.72719712 6.7357207159 6.7763063537 6.911678535 6.962311134 6.971797886 7.0846758061 7.1698051809 7.227993979 7.2347756593 7.2894192156 7.346282205 7.5025940155 7.5083203366 7.5817329446 7.6120215996 7.6772355791 7.6929740811 7.7197495042 7.7526626403 7.8677462616 7.9010524558 7.9632334374 7.9972745454 8.0044644157 8.0728656131 8.0886990446 8.0923385536 8.1446649257 8.2476228485 8.3246073873 8.421703336 8.4494136576 8.5236794314 8.6079529556 8.649201865 8.7359340236 8.8261247103 8.8930344066 9.0050556017 9.5630055524 9.6297636738 10.6981386896 10.7454186182 11.1056662938 15.45295759 15.6110380278 15.6896210249 15.8296713111 16.0133983381 16.2783054194 24.0710605705 24.5234506096 24.6343465651
426 2.566951881 2.8649429488 3.0620056268 3.1158551996 3.2615750873 3.5041409613 3.7657529757 3.7681072639 3.8466863357 4.034208387 4.0613950624 4.1151749847 4.2393091694 4.4263435962 4.5621298321 4.7147223888 4.7623404901 4.8259516869 4.931543756 4.9874978793 5.0405948188 5.1385977812 5.1516708833 5.1976937761 5.2776527195 5.3345736233 5.3904366425 5.4369848042 5.4609517813 5.4837480763 5.5607702657 5.6450580896 5.6561712781 5.7070491248 5.7638926361 5.8044874177 5.821070904 5.823627749 5.8728120391 5.8882038145 6.0120722024 6.0448545908 6.0616095498 6.1145350037 6.2848899377 6.361800256 6.4445307025 6.5306859614 6.596152374 6.6043651724 6.7160010056 6.7244782314 6.7292199042 6.7666859288 6.9072658638 6.9608219222 6.9773687134 7.08160522 7.1727774954 7.2253060076 7.243974183 7.2899269142 7.3550193499 7.5048307242 7.5165644683 7.5815620714 7.6075936702 7.6777802297 7.6949445333 7.7178226491 7.7505635802 7.8686343944 7.9040927932 7.9631822917 7.995869529 7.9961637565 8.0692987692 8.0914418922 8.0962318494 8.1435040375 8.256950815 8.3253853975 8.4172019837 8.456715426 8.5213261502 8.6094355984 8.6465332938 8.7355646089 8.8212925991 8.8943483221 9.0065413224 9.5631830668 9.6300087982 10.6962989509 10.7461422686 11.1060417998 15.4533251526 15.6080469653 15.6889115769 15.8270087626 16.0121930908 16.2779943244 24.0706405575 24.5233092657 24.6340310655
427 2.5721903519 2.8710499868 3.0874701474 3.1024852553 3.2479156803 3.5209831243 3.7738754367 3.7759962453 3.8656174116 4.0510676858 4.0645954719 4.1275170688 4.234504693 4.4345905517 4.540378244 4.7065486746 4.7516843478 4.8204050741 4.9152512109 4.9686682375 5.0363121493 5.1228415034 5.1411843544 5.1863194908 5.2785408342 5.3239201918 5.3814680681 5.4300691989 5.4645801865 5.4755227871 5.5692820708 5.643389129 5.6561752195 5.7124884597 5.7659767791 5.8073851571 5.8221111722 5.8248766844 5.8794443898 5.8895535797 6.0156058393 6.0506828282 6.0685054734 6.121185909 6.2931711567 6.3742288732 6.4544436306 6.5302994103 6.5892376065 6.5941969247 6.7022838061 6.7207482686 6.7325908804 6.7570733689 6.9021241468 6.9593206967 6.9840522713 7.0786067996 7.1751598221 7.2224895423 7.2524882528 7.2904969598 7.3645033892 7.5000772298 7.5303059806 7.5814689563 7.6029325858 7.6783519316 7.6978088248 7.7168652327 7.7485539614 7.8694892998 7.9064224183 7.9624098394 7.9865221904 7.9953830987 8.0664822961 8.0944387439 8.1001783702 8.1419804008 8.2665452017 8.3265445257 8.4126843744 8.4638110151 8.5186431076 8.6109856277 8.6438804024 8.7351576614 8.8162785958 8.8956745315 9.008041205 9.5633596334 9.6302609865 10.694461671 10.7468300198 11.1064295485 15.4537072422 15.6049669106 15.688182095 15.8242605125 16.0109517869 16.2776730361 24.070208005 24.5231637041 24.6337061731
428 2.5782379582 2.8773105268 3.0893760899 3.1135859511 3.2344542619 3.5382720478 3.7821443082 3.7841511842 3.8847633218 4.0674432092 4.0679072977 4.1409121401 4.2273021963 4.4431814117 4.5212624009 4.6969916421 4.7406865731 4.8142676147 4.8989999562 4.951027858 5.0318412108 5.1075998652 5.1301487123 5.1749075061 5.278383867 5.3127307266 5.3722277439 5.4228877303 5.4588670465 5.4770183518 5.5769133812 5.6426419698 5.6563327226 5.7183008676 5.7680689417 5.8097849115 5.8227773922 5.826791792 5.8858319848 5.8910242943 6.0174942449 6.056321375 6.075373878 6.1286506051 6.3004353569 6.3867732134 6.4639457258 6.5243303566 6.5808128258 6.5910792468 6.6876449208 6.7184001371 6.736943906 6.747911164 6.89680967 6.9578265384 6.9913886997 7.0757493556 7.1768935394 7.2195684541 7.2599252306 7.2917561332 7.374475306 7.4942361162 7.5435958669 7.5815795369 7.5980467577 7.6789502185 7.7007289701 7.7175540458 7.746650352 7.8702904938 7.9079632133 7.9611421124 7.9766255444 7.9947978215 8.0643117579 8.097674203 8.1041504959 8.1400826293 8.2763429925 8.3280724849 8.4081673098 8.470689274 8.5156792849 8.6125211006 8.6413051045 8.7347065213 8.8111020581 8.8970044543 9.0095483976 9.5635341737 9.6305191538 10.6926304753 10.7474827798 11.106828093 15.4541027355 15.6018100862 15.687435613 15.8214367808 16.0096793277 16.2773427594 24.0697646259 24.5230145012 24.6333731764
429 2.5850700124 2.8837597321 3.0765485047 3.1402676257 3.2212222344 3.5559541338 3.7905884062 3.7925468628 3.9040590236 4.0713027352 4.08325761 4.1553866878 4.2174243555 4.4520985813 4.5050307026 4.6860188653 4.7293742511 4.8070402832 4.8833741197 4.9348042729 5.0271878654 5.0928416095 5.1185866553 5.1634984396 5.2770080758 5.3010389181 5.3627181165 5.4149504336 5.450502059 5.4822049547 5.5835904847 5.6430509788 5.656670711 5.7244065278 5.7701812234 5.8116307535 5.8231404821 5.8293473141 5.8919605389 5.892612767 6.0179973524 6.0617610969 6.0815111288 6.1372246324 6.3068414633 6.3987738472 6.4728552956 6.5139971806 6.5717599781 6.5932707885 6.6733788893 6.7162876631 6.7357436811 6.7457471741 6.8917012428 6.9563608055 6.9991008503 7.0730978822 7.177934703 7.2165652577 7.265762668 7.2943598874 7.3847693524 7.4875056493 7.5559727658 7.5822581212 7.5929650899 7.6795745777 7.7026208687 7.720770688 7.7448680658 7.8710103171 7.9086672435 7.9595571076 7.9663848724 7.9943135243 8.0626830316 8.1011043161 8.1081235999 8.1378254128 8.2862909001 8.3299322907 8.4036782541 8.4773403722 8.5124817153 8.6139348307 8.6388974288 8.7342022496 8.8057853055 8.8983298048 9.0110564218 9.5637056985 9.6307821872 10.6908090667 10.7481014915 11.1072359339 15.4545104376 15.5985890094 15.6866752296 15.8185481168 16.0083807355 16.2770047448 24.0693121748 24.5228622478 24.6330333953
430 2.5926582866 2.8904187958 3.0640211937 3.1674412127 3.2082474192 3.5739756174 3.7992224399 3.801156694 3.9234539257 4.0747428175 4.0984873987 4.1709153495 4.2047618245 4.461323032 4.4917550047 4.6736152785 4.7177747992 4.7982420507 4.8689700541 4.9201644491 5.0223556399 5.0785465362 5.1065323792 5.1521237714 5.2742923631 5.2888787816 5.3529444105 5.4056300677 5.4438138306 5.4874725219 5.5893328468 5.6447703638 5.6572098034 5.7307369006 5.7723201103 5.8129820625 5.8232601663 5.8324127671 5.8943148248 5.8978353916 6.0173705037 6.06699342 6.0865256479 6.1468754746 6.3125084658 6.4095361687 6.4809544705 6.5011439698 6.5640246467 6.5975097482 6.6598017098 6.7142783229 6.7267909057 6.7527238853 6.8870731848 6.9549464206 7.0070206488 7.0707139089 7.1782597984 7.2135011333 7.2696598609 7.2987083302 7.3952779747 7.4800850143 7.5661546803 7.5846874968 7.5877268738 7.6802243659 7.7032506194 7.7265369563 7.7432207043 7.87160969 7.9085343127 7.9560012996 7.9577400925 7.9938987069 8.061509239 8.1046458568 8.1120740113 8.1352639288 8.2963429117 8.3320567496 8.3992615904 8.48375556 8.5090944185 8.6150807332 8.6367900009 8.7336327708 8.8003544988 8.8996426941 9.0125591729 9.5638733143 9.631048952 10.6890012144 10.7486871254 11.1076515246 15.4549290803 15.5953164421 15.6859040939 15.8156053666 16.0070611333 16.2766602839 24.0688524416 24.5227075464 24.6326881755
431 2.6009711851 2.8972981462 3.0518110995 3.1950406473 3.195554706 3.5922825426 3.8080518069 3.8099526623 3.9429065309 4.0781683083 4.1131652668 4.1874177795 4.1894221591 4.4708341498 4.4812891313 4.6597821921 4.7059160849 4.7876901221 4.8560432184 4.907292218 5.0173443043 5.0647110185 5.0940320074 5.140806982 5.2701874944 5.2762840399 5.342915071 5.39463814 5.4395930932 5.492333643 5.5942799069 5.6478242721 5.657964416 5.737230133 5.7744871336 5.8139514134 5.8231904144 5.8358153389 5.8961248304 5.9034714592 6.0158138146 6.0720102612 6.0903839939 6.1572552933 6.3175011301 6.4183524969 6.4870151715 6.4879787608 6.5582470107 6.6025903689 6.6471652776 6.7123502887 6.7172944928 6.7615142351 6.8831421734 6.9536068506 7.0150413693 7.0686558874 7.177868488 7.2103959766 7.2718565473 7.3045660479 7.4059288325 7.4721629405 7.5718035788 7.5823737398 7.5911028008 7.6808986553 7.7032004644 7.7340689617 7.7417191627 7.8720311327 7.9076192609 7.9456795976 7.9556827867 7.993572764 8.0607243557 8.1081431447 8.1159785014 8.1325308316 8.3064586133 8.3343401267 8.3949886311 8.4899269806 8.5055579671 8.615767196 8.6351648781 8.7329816588 8.794840883 8.9009357177 9.0140509152 9.5640362274 9.6313182992 10.6872107425 10.7492406724 11.1080732759 15.4553573214 15.5920053394 15.6851253914 15.8126196397 16.0057257251 16.2763107044 24.0683872438 24.5225510088 24.6323388833
432 2.6099738474 2.9043996574 3.0399336891 3.1831665583 3.2230051815 3.6108207245 3.8170753494 3.818905241 3.9623811739 4.0814762507 4.1273660719 4.1717388071 4.2047719612 4.4732815935 4.4806095409 4.6445457124 4.6938265822 4.7757220365 4.8442697815 4.8964007064 5.0121477111 5.0513503582 5.0811434156 5.1295660671 5.263287889 5.2647220648 5.3326418299 5.3821945152 5.4377185093 5.4966370911 5.5986853709 5.6520969155 5.6589431839 5.7438278932 5.7766794272 5.8146405836 5.8229832909 5.8394038341 5.8980353301 5.9088868204 6.0134774019 6.0768039944 6.093253122 6.1678605127 6.3218291819 6.4245765993 6.472332035 6.4936103933 6.5549008425 6.6080499974 6.6357517079 6.7078518017 6.7105059706 6.7713621565 6.880092597 6.9523647895 7.0230910079 7.0669795602 7.1767829609 7.2072684605 7.2729318595 7.3113158343 7.4166710986 7.4639136112 7.5735474689 7.576945782 7.6007685487 7.6815959637 7.702933563 7.740369753 7.7427210818 7.8721875513 7.9060234363 7.9356453928 7.9533156345 7.9933770627 8.0602812081 8.1112625735 8.1198141363 8.1299447018 8.3166020261 8.3366249398 8.3909731449 8.4958475202 8.5019094451 8.6157948665 8.6342155864 8.7322264271 8.7892825335 8.9022020283 9.0155262724 9.5641937465 9.6315890731 10.6854415179 10.7497631375 11.1084995616 15.4557937439 15.588668798 15.6843423285 15.8096022737 16.0043797757 16.275957366 24.0679184199 24.5223932536 24.6319868999
433 2.619628191 2.9117181814 3.0284031718 3.1711034094 3.2512774374 3.6295357007 3.8262869747 3.8279832702 3.9818459173 4.0844463326 4.1411840115 4.1522841706 4.2228364039 4.4672352277 4.4906247767 4.6279714631 4.6815355801 4.7630797221 4.8329565882 4.887627273 5.0067503057 5.0384999824 5.0679366942 5.1184167817 5.2499230557 5.2579913035 5.3221395438 5.3686978231 5.437756901 5.5003214893 5.6028532213 5.6573833202 5.6601495652 5.7504728887 5.7788900942 5.8151201108 5.8226918845 5.8430689079 5.9000368452 5.9140987404 6.0104781902 6.0813674475 6.0953404585 6.178182455 6.3254444158 6.4277499398 6.4576257137 6.4974882425 6.5542121845 6.6137601928 6.625881836 6.698615287 6.7087549883 6.7819452216 6.8780892597 6.9512406073 7.0311175819 7.0657382244 7.1750443237 7.2041361002 7.273343803 7.3184293299 7.4274672368 7.4554968193 7.5714813574 7.5737472373 7.6112120495 7.6823138033 7.7026632113 7.7391709611 7.752117706 7.8719459901 7.9038743046 7.9261690129 7.950554254 7.9933449253 8.0601478869 8.1132281001 8.1235582444 8.1282762563 8.32674078 8.3386834178 8.3873925179 8.4981826193 8.5015106843 8.6150667211 8.63403667 8.7313361768 8.7837267513 8.9034353939 9.0169802156 9.5643452829 9.6318601186 10.683697437 10.7502555342 11.1089287242 15.4562368557 15.5853200039 15.6835581182 15.8065647989 16.0030285898 16.2756016547 24.0674478214 24.5222349042 24.631633616
434 2.6298928946 2.9192426184 3.0172326705 3.1593839739 3.2798018362 3.6483726724 3.8356766151 3.8371537719 4.0012711043 4.0864392965 4.132096749 4.1547117469 4.2414704388 4.4625828067 4.5008530418 4.6101773974 4.6690734748 4.7505762887 4.8215158111 4.8808804201 5.0011211187 5.0262164102 5.0544971904 5.107375858 5.2362220686 5.2501341332 5.3114259322 5.3544721928 5.4392810869 5.5033834492 5.6070542324 5.6615825212 5.6634632165 5.7571065421 5.7811083316 5.8154347474 5.822372868 5.846737361 5.9021178114 5.9191210767 6.0069135597 6.0856939261 6.0968187042 6.1877786881 6.3282271649 6.4274732916 6.4437145684 6.499256712 6.5559887687 6.6178732781 6.6197191694 6.6897252232 6.7071088379 6.792978421 6.8772823928 6.950250694 7.0390805923 7.0649827735 7.1727073318 7.2010153176 7.2733329032 7.3255721271 7.4382861643 7.4470616401 7.566019329 7.5733438174 7.6213783983 7.683047962 7.702476425 7.7381082854 7.7620263563 7.8711118285 7.9013033198 7.9175888909 7.9473388921 7.9934819451 8.0603042472 8.112892521 8.1271884256 8.1286775356 8.3368455133 8.3402024086 8.3845054582 8.4944082063 8.5069104897 8.6136698581 8.6345414281 8.7302685467 8.7782331669 8.9046302414 9.0184080496 9.5644903493 9.6321302886 10.6819824129 10.7507188782 11.109359081 15.45668509 15.5819721803 15.6827759646 15.8035189013 16.0016774915 16.2752449771 24.066977306 24.5220765856 24.6312804266
435 2.6407233248 2.9269566701 3.0064343577 3.148025493 3.3085232087 3.6672764343 3.8452307821 3.8463816447 4.0206282916 4.0848317659 4.1141873377 4.1680273908 4.2605466749 4.4587510874 4.5112646077 4.591335739 4.6564722166 4.7388698954 4.8097191129 4.8758068774 4.9952028191 5.0145781696 5.0409340973 5.0964636493 5.2222176927 5.2413082681 5.3005213098 5.33973234 5.4419397392 5.5058708696 5.6114732711 5.6632371926 5.6701507419 5.7636664449 5.7833192704 5.8156139558 5.8220891213 5.8503614525 5.9042646675 5.9239622096 6.002870291 6.0897772644 6.0978109634 6.1962925516 6.3299585364 6.42187213 6.4333275752 6.4986688784 6.5596309936 6.6119415444 6.625917876 6.6813864126 6.7055784098 6.8041922053 6.8778062633 6.9494058909 7.0469454959 7.064761373 7.1698351447 7.197921505 7.2729989306 7.3325342906 7.4387294216 7.4491191675 7.5606026984 7.5726206467 7.6308730108 7.6837914238 7.7024036442 7.7371468023 7.7722827148 7.8694416607 7.8984299593 7.91030542 7.9436540766 7.9937616103 8.0607389839 8.1102910227 8.1306825799 8.1311279055 8.3408052413 8.3468894237 8.3826325156 8.4906141686 8.5120413679 8.6118057536 8.6355311649 8.7289662759 8.7728772419 8.9057816849 9.0198053982 9.5646285572 9.6323984516 10.6803003612 10.7511541824 11.1097889306 15.4571368056 15.5786385349 15.6819990474 15.8004763849 16.0003318037 16.2748887553 24.0665087301 24.5219189226 24.6309287249
436 2.6520714037 2.9348393729 2.996019564 3.1370439288 3.3373854211 3.6861912866 3.8549328579 3.8556291194 4.0398893993 4.0725961087 4.1059265567 4.1811892842 4.2799556702 4.4552046149 4.5218259533 4.5716605207 4.6437660894 4.7284128508 4.7976295958 4.8719146252 4.9888910793 5.0036861613 5.0273995902 5.0857059418 5.2079435038 5.2316707472 5.2894483779 5.3246171701 5.4454455972 5.5078760524 5.6161991658 5.6651055221 5.6773095453 5.770083322 5.7855034702 5.8156803873 5.821912721 5.8539104058 5.9064620808 5.9286227259 5.9984305462 6.0936119026 6.0983986211 6.2034571346 6.3302840266 6.4104869267 6.4280667517 6.4957085768 6.5643463563 6.608081421 6.6321876052 6.6739767421 6.7041723672 6.8153410788 6.8797695696 6.9487102495 7.054679377 7.0651186297 7.1664956167 7.1948690854 7.2723717927 7.3391647691 7.4306505843 7.4599225692 7.5552829058 7.5716743804 7.6394994502 7.6845328825 7.7024471965 7.7362219764 7.7827560302 7.866748431 7.8953538119 7.9046805346 7.93952972 7.994133094 8.0614472987 8.1064600058 8.1340189465 8.1346142717 8.3401614355 8.3568479223 8.3820484055 8.4868260041 8.5168980711 8.6096713035 8.6368136636 8.727354688 8.7677528609 8.9068855419 9.021168189 9.5647596125 9.6326634981 10.6786551861 10.7515624518 11.1102165593 15.4575902892 15.5753322083 15.681230507 15.7974491325 15.9989968275 16.2745344203 24.0660439414 24.5217625368 24.6305798973
437 2.6638854174 2.9428654802 2.9859988646 3.1264541182 3.3663298493 3.705060916 3.8647632047 3.8648546768 4.0516434105 4.0590259772 4.1056920389 4.1942357733 4.2996055831 4.4514748957 4.5324980166 4.5513849642 4.6309933297 4.7194770134 4.7854446558 4.8687132181 4.9819971262 4.9936621717 5.0141256871 5.0751348643 5.1934346114 5.2213662766 5.2782321099 5.3092209525 5.4495555504 5.5095254322 5.6212410485 5.6671767924 5.6848476029 5.7762775042 5.7876359862 5.8156558688 5.821928322 5.8573647164 5.9086932846 5.9330919102 5.9936770213 6.0971929919 6.0986333661 6.2090988584 6.3287007029 6.3981639143 6.4243120258 6.4906360743 6.5693746237 6.6060243288 6.6378837905 6.66834 6.7028958898 6.8262238149 6.8832340309 6.9481603696 7.0622465333 7.0660941496 7.1627602426 7.1918715723 7.2714529717 7.3453332529 7.4229305852 7.4706910213 7.5501242802 7.5705398014 7.64714634 7.6852549553 7.702592894 7.7352312505 7.7933307191 7.8631070955 7.8921526583 7.900832535 7.9350335841 7.9945335536 8.0624290309 8.102051225 8.1371761513 8.1385157859 8.3381513922 8.3666983549 8.382818971 8.4830670176 8.5214755773 8.6074111496 8.6382503966 8.7253433595 8.7629707551 8.9079383359 9.0224926395 9.5648833107 9.6329243471 10.6770507662 10.7519446791 11.1106402483 15.4580437572 15.5720662219 15.6804734289 15.7944490658 15.9976778211 16.2741834059 24.0655847718 24.5216080446 24.6302353177
438 2.6761097629 2.9510057385 2.9763821487 3.1162698948 3.3952935024 3.7238282155 3.8740106274 3.8746991385 4.0281645804 4.0780085223 4.107532589 4.2071872838 4.3194194838 4.4471835151 4.5307368085 4.5432318125 4.6182003507 4.7121777623 4.7734100784 4.8657829935 4.9741969738 4.9846433909 5.0014753548 5.0647888552 5.1787285688 5.2105221761 5.2668997522 5.2936126921 5.4540546735 5.5109683589 5.6265530613 5.6694380648 5.6927059154 5.7821557209 5.7896849294 5.8155658559 5.8222361176 5.8607124375 5.9109404979 5.9373413955 5.9886997094 6.0985476576 6.1005165307 6.2131412393 6.3246509625 6.3867971986 6.4212748094 6.4839040426 6.57408785 6.6053248099 6.6413402279 6.6663305447 6.7017497325 6.8367140485 6.8881810705 6.9477455145 7.0677204666 7.0696026349 7.1587067301 7.1889416293 7.2702382864 7.3509092958 7.4156818379 7.4814041691 7.5452081367 7.5692266055 7.6537634347 7.6859324973 7.7028151098 7.7340320788 7.8038931962 7.8589492827 7.8888837694 7.8985340427 7.9302648238 7.9948986676 8.0636871021 8.0973621237 8.1401332635 8.1425723624 8.3349129754 8.3764197672 8.3847559 8.4793585705 8.5257689904 8.6051225467 8.6397512144 8.722837351 8.758647379 8.9089372879 9.023775242 9.5649995299 9.6331799524 10.6754909399 10.7523018397 11.1110582809 15.4584953599 15.5688534271 15.6797308287 15.7914881042 15.99637998 16.2738371427 24.06513303 24.5214560545 24.6298963422
439 2.6886846322 2.9592270943 2.9671786753 3.1065041863 3.4242065147 3.7424349797 3.8830368379 3.8847147959 4.0040540915 4.0968057997 4.1097604891 4.2200489997 4.3393319852 4.4420632253 4.5099178849 4.5539533157 4.6054566753 4.7064648331 4.761817433 4.8627921682 4.9650461772 4.9767704364 4.9899291068 5.0547115462 5.1638665394 5.1992475466 5.2554809461 5.2778473354 5.4587439953 5.5123676699 5.6320569463 5.6718745165 5.7008478212 5.7876111816 5.7916095419 5.8154431408 5.8229513845 5.8639466833 5.9131853873 5.9413122734 5.9836084023 6.0981628662 6.1035795308 6.2156041464 6.3178001396 6.3768433043 6.4191932259 6.4760135816 6.577980997 6.6055060773 6.641139652 6.6695608214 6.700729719 6.8467891104 6.8944799923 6.9474485899 7.0700204488 7.0766854205 7.1544266983 7.1860911318 7.2687307666 7.3557515179 7.4090055647 7.4920419687 7.5406358382 7.5677323622 7.6593579814 7.6865317592 7.7030793724 7.7324545331 7.8143181672 7.854879887 7.8855867034 7.8973759866 7.9253543384 7.9951690821 8.0652261503 8.092553289 8.1428698633 8.1466661474 8.330714354 8.3859926938 8.3875448894 8.4757203124 8.5297734308 8.6028709465 8.6412583329 8.7197616384 8.7548806083 8.9098802963 9.0250127515 9.5651082247 9.633429307 10.6739794909 10.7526348886 11.1114689497 15.4589431861 15.5657064554 15.6790056376 15.7885781226 15.9951084162 16.2734970512 24.0646904946 24.5213071649 24.6295643039
440 2.7015456348 2.9583971178 2.9674928563 3.0971690904 3.4529885761 3.7608213269 3.8918409131 3.8947809089 3.98000409 4.1118903164 4.1153841301 4.2328133436 4.3592859476 4.4359748419 4.4890901797 4.5644774872 4.5929407172 4.7020670711 4.7510637459 4.8595010141 4.9542488694 4.9701677529 4.9798185271 5.0449492859 5.1488948356 5.1876345628 5.2440079734 5.2619723986 5.4634322417 5.5138923157 5.6376588043 5.6744696772 5.709250703 5.7925338976 5.7933581932 5.8153309459 5.8241936137 5.867063865 5.9154095352 5.9448862345 5.9785605469 6.0974956802 6.1063802172 6.2165946576 6.3083273619 6.3681472195 6.4182485564 6.4674100987 6.5806336344 6.6061644984 6.639068262 6.6764576292 6.6998268184 6.8565306984 6.9018852989 6.9472479007 7.0730044339 7.0833981378 7.1500417287 7.183331233 7.2669481583 7.3597059627 7.4029883219 7.5025816398 7.536529932 7.5660479192 7.6639898061 7.6870111474 7.7033441783 7.7303343424 7.8244487944 7.8514291429 7.8822878903 7.8969828583 7.9204749622 7.9952932908 8.0670512651 8.0877339166 8.1453661222 8.1507350101 8.3258153331 8.3908850969 8.3953989543 8.4721703985 8.5334839164 8.6007018733 8.6427340352 8.7160915827 8.7517194203 8.9107659081 9.0262021725 9.5652094179 9.6336714487 10.6725201334 10.7529447556 11.1118705645 15.4593852691 15.5626376689 15.6783006876 15.7857309074 15.9938681387 16.2731645355 24.0642589072 24.5211619615 24.6292405074
441 2.7146233621 2.9500456005 2.9757628377 3.0882759356 3.481543589 3.7789244626 3.9002134025 3.9048644988 3.9565437963 4.1137000717 4.1337066158 4.2454619826 4.3792294426 4.4289142698 4.4683680183 4.5730159779 4.5824319349 4.6983877128 4.7417647306 4.8557700395 4.9420003722 4.9649194004 4.9709876506 5.0355469424 5.1338670013 5.1757605157 5.2325161257 5.2460321628 5.4679339877 5.5157090022 5.6432601106 5.6772055702 5.7178999052 5.7948676606 5.7968403437 5.8152843587 5.8260560622 5.8700623805 5.9175948813 5.947816808 5.9738284765 6.0965635429 6.1089182565 6.2162893707 6.2968576854 6.3602225214 6.4183990968 6.4584463532 6.5817307455 6.6070055095 6.6373601615 6.6849649824 6.6990278866 6.8660824961 6.9100787684 6.9471194284 7.0766674579 7.0895783986 7.1457345862 7.1806724389 7.2649270831 7.3626190975 7.3976885772 7.5129938638 7.5330333167 7.5641601591 7.6677575286 7.6873236737 7.7035628538 7.7275619515 7.8340610138 7.8489363215 7.8790116335 7.8970901693 7.9158642803 7.9952284443 8.0691667682 8.0829912787 8.1476028999 8.1547419363 8.3204146092 8.394542511 8.4046214415 8.468725699 8.5368952327 8.5986480808 8.6441530932 8.7118693422 8.7491476595 8.9115932805 9.0273407478 9.5653031932 9.6339054629 10.6711164978 10.7532323424 11.1122614596 15.4598195946 15.5596591124 15.6776186983 15.7829581115 15.9926640335 16.2728409767 24.0638399652 24.5210210152 24.6289262242
442 2.7278429025 2.9421317265 2.9839934953 3.0798353285 3.5097513228 3.7966755906 3.9072022417 3.9149284975 3.9348724328 4.1150441883 4.1517322768 4.2579673343 4.399112799 4.4210048514 4.4478157652 4.5659547516 4.5875332824 4.6944343684 4.7348371655 4.8515697161 4.9288127387 4.9610487162 4.962972903 5.0265417045 5.1188466986 5.163689861 5.2210441955 5.2300706041 5.4720781028 5.5179677088 5.6487645472 5.680062765 5.7267842072 5.7960666813 5.8005193805 5.8153673125 5.8285587429 5.8729416003 5.9197241142 5.9495858524 5.9699409386 6.0953897366 6.1111950134 6.2149115459 6.2841107016 6.3526032438 6.4194243586 6.4493871646 6.5811765984 6.6078364996 6.6369799868 6.6941213411 6.698317011 6.8755865371 6.9187346719 6.9470392463 7.0809869747 7.0949409544 7.1418066953 7.178124698 7.2627246762 7.3643762873 7.3931050668 7.5232139513 7.5303277318 7.5620538948 7.6707763076 7.6874202009 7.7036859605 7.7241295803 7.8427901444 7.8475366515 7.8758150544 7.897529264 7.911862595 7.9949404843 8.0715750235 8.0784011705 8.1495618592 8.1586631695 8.3146530118 8.3983472317 8.4136438863 8.4654020035 8.5400017991 8.5967335506 8.6454983479 8.7071923958 8.7470957177 8.9123621354 9.0284259475 9.5653896865 9.6341304865 10.6697721162 10.7534985191 11.1126400021 15.46024411 15.5567824674 15.6769622639 15.780271208 15.9915008451 16.2725277264 24.0634353157 24.5208848799 24.6286226875
443 2.7411233225 2.934662602 2.9921380874 3.0718571908 3.5374538851 3.8139902495 3.9041732156 3.9238774231 3.9249313042 4.1158070205 4.1694150791 4.2702936483 4.4124737018 4.4188851209 4.4274518506 4.5539798174 4.5975462697 4.6891438613 4.7311896005 4.8469825563 4.9151427886 4.955381662 4.958511946 5.0179549144 5.1039117724 5.151475954 5.2096350894 5.2141336887 5.475728038 5.5207781848 5.6540823336 5.6830203438 5.7358922337 5.7968875828 5.8036618321 5.8156414183 5.8316174443 5.8757010644 5.921780998 5.9493646625 5.9677197421 6.0940084663 6.1132138218 6.2127075677 6.270667752 6.3450073613 6.421032076 6.4404280251 6.5791819963 6.6085447141 6.6380883197 6.6976772424 6.7034871183 6.8851350341 6.9275711273 6.9469856714 7.0859213891 7.0989963461 7.1387596083 7.1756975164 7.260418108 7.364967939 7.389125605 7.5282614415 7.5334971429 7.5597136966 7.6731511864 7.6872532057 7.7036646043 7.7201548293 7.847193621 7.8499689898 7.8729036332 7.8981941878 7.9089589741 7.9944045923 8.0740311351 8.0742752894 8.1512256038 8.1624831137 8.3086309597 8.4021764672 8.4224505779 8.462214227 8.5427975402 8.5949756515 8.6467581336 8.702184558 8.7454697491 8.9130727068 9.0294554586 9.5654690781 9.6343457096 10.6684904079 10.7537441212 11.1130045995 15.4606567357 15.5540190065 15.6763338413 15.7776814415 15.9903831573 16.2722260999 24.0630465487 24.5207540905 24.6283310873
444 2.7543771411 2.9276448539 3.0001468646 3.0643507875 3.56443306 3.8307244056 3.8863289038 3.9287026548 3.9348262905 4.1158915095 4.1867028383 4.2823977624 4.403599856 4.4072753116 4.4384884198 4.5419159589 4.6076354747 4.6821864119 4.7309324794 4.8421936521 4.9012968598 4.9479942378 4.9572097187 5.0097824297 5.0891599952 5.1391624209 5.1982713605 5.1983365619 5.4788066678 5.5241836334 5.6591333043 5.6860557852 5.7452092869 5.7972857681 5.8064381667 5.8161469357 5.8350644245 5.8783398391 5.9237506302 5.9468351865 5.9674564519 6.0924698963 6.1149802588 6.209925834 6.2569417872 6.3373105882 6.4229437588 6.4317137176 6.576172394 6.6090745572 6.6404478373 6.6970923919 6.7128156626 6.8947523786 6.936372292 6.9469408395 7.0914095536 7.1010572776 7.1372884185 7.1734001167 7.2581024191 7.3645425231 7.3854952921 7.5274703673 7.5432753745 7.5571260868 7.6749465005 7.6867864048 7.7034549194 7.7158723419 7.8477532021 7.8543488984 7.8709103584 7.8990162696 7.9077901548 7.9936065417 8.0699403896 8.0772626598 8.1525778399 8.1661919612 8.3024237749 8.4059396214 8.4310260179 8.4591766229 8.5452757877 8.59338627 8.6479247457 8.6969702862 8.744177612 8.9137256831 9.0304271754 9.5655415839 9.6345503774 10.6672746659 10.7539699466 11.1133537075 15.4610553774 15.5513795508 15.6757357399 15.7751997788 15.9893153755 16.2719373702 24.0626751914 24.5206291602 24.6280525662
445 2.7675098381 2.921084645 3.0079673146 3.0573247486 3.5903715083 3.8462361973 3.8681424635 3.9358007742 3.9445612749 4.1152198514 4.2035359939 4.2942296365 4.3871463594 4.3948081613 4.4578417284 4.5301033476 4.6174651377 4.6740752079 4.7332757848 4.8374759348 4.887479381 4.9407207182 4.9570103283 5.0019844152 5.0747170329 5.1267843108 5.1825393532 5.1872020651 5.4813090636 5.5281474656 5.6638494155 5.689144765 5.7547141232 5.7972569472 5.8090399947 5.8168860338 5.8387053751 5.880856007 5.9256196339 5.9428012552 5.9683000869 6.0908445006 6.1165023976 6.2067982247 6.2432272358 6.3294785427 6.4233527907 6.4249349507 6.5725984649 6.6094089796 6.6437112694 6.6965485719 6.7219438356 6.9043987342 6.9449892727 6.9468915571 7.0973711589 7.100627966 7.1378918176 7.1712416696 7.2558872416 7.3633723064 7.3818727425 7.5276858399 7.5528272963 7.5542823489 7.6761397193 7.6860311428 7.7030238924 7.7115988904 7.849003323 7.8545981266 7.8706031098 7.8999481351 7.9089329367 7.9925451742 8.0661780422 8.0805271584 8.1536035651 8.1697845289 8.296092211 8.4095681085 8.4393544767 8.4563030155 8.5474292505 8.5919723863 8.6489934983 8.691661852 8.7431419519 8.9143221448 9.0313391896 9.5656074481 9.6347437914 10.6661280429 10.7541767534 11.1136858378 15.4614379411 15.5488744279 15.6751701124 15.7728368571 15.9883017094 16.2716627613 24.0623227018 24.5205105794 24.6277882148
446 2.7804194562 2.9149876855 3.0155444779 3.0507870851 3.6147866194 3.8474259361 3.865334984 3.9429857323 3.9540780008 4.1137391988 4.2198462705 4.3057327575 4.3671539652 4.3862802371 4.4767656159 4.51877785 4.6268915325 4.6654774983 4.7372144226 4.8331806966 4.8738431164 4.9335534646 4.9577740113 4.9944757576 5.0607467399 5.1143693768 5.1670007757 5.1762917 5.4832913813 5.5325645048 5.6681768821 5.6922608727 5.7643750676 5.796838445 5.8116323172 5.8178220344 5.8423663922 5.8832462748 5.9273762897 5.9381342149 5.9693128775 6.0892252983 6.1177910128 6.2035185505 6.2297588017 6.3215217167 6.4154277787 6.4268437681 6.5688197721 6.6095555202 6.6475701071 6.6960352486 6.7307518783 6.9139820829 6.9468294525 6.9533322619 7.0979427787 7.1037077585 7.1403326569 7.1692316588 7.2538929608 7.3617342702 7.3779643225 7.5289718458 7.5511820424 7.5620253773 7.6765402517 7.6851469516 7.7023565033 7.7076725911 7.8507227502 7.8514877051 7.8711540317 7.9009541462 7.9124459948 7.9912358661 8.0627806002 8.0840530631 8.1542892858 8.1732596567 8.289689233 8.413008837 8.4474194083 8.4536070653 8.5492501211 8.5907363758 8.6499621193 8.6863568292 8.7423029443 8.914863498 9.0321897811 9.5656669346 9.634925309 10.6650535384 10.7543652573 11.1139995658 15.4618023493 15.5465134331 15.6746389476 15.7706029307 15.987346156 16.2714034425 24.0619904631 24.5203988131 24.6275390675
447 2.79299638 2.9093592421 3.0228213512 3.0447452004 3.6369261258 3.8339250824 3.8792800121 3.9499439708 3.96331167 4.1114290771 4.2355552678 4.3168445037 4.3472030619 4.378352519 4.4940329245 4.5091898747 4.6357904353 4.6568634474 4.7418681213 4.8297367204 4.8605187079 4.926537007 4.9593703853 4.9871194112 5.0474619546 5.1019401337 5.1517272039 5.1656732397 5.4848426187 5.5372896514 5.6720777974 5.6953752426 5.7741444557 5.7960942514 5.8143360364 5.8188949827 5.8459127113 5.8855056934 5.9290106175 5.9333106366 5.9699384497 6.0877257584 6.1188597012 6.2001870066 6.2167925589 6.3134744476 6.4080021449 6.4285651204 6.565084902 6.6095363254 6.6517872384 6.6955457196 6.739145678 6.92337113 6.9467505792 6.961361067 7.0937293656 7.1103040321 7.143874293 7.1673804887 7.2522465035 7.3597960938 7.3736413093 7.5312852827 7.5478370928 7.5707710412 7.6757749741 7.6845216063 7.7014638464 7.7043592227 7.8466891354 7.8527118475 7.8714876387 7.9020047535 7.9177201972 7.9897145714 8.0597697219 8.0878185317 8.1546232647 8.1766198404 8.2832643833 8.4162199927 8.4511025908 8.4552026652 8.5507304225 8.5896762139 8.6508303337 8.6811403912 8.7416161553 8.9153514076 9.0329774086 9.5657203198 9.6350943439 10.6640539858 10.7545361293 11.1142935382 15.4621465592 15.5443057918 15.6741440655 15.7685078167 15.9864524842 16.2711605223 24.0616797789 24.5202942995 24.6273060988
448 2.805123401 2.9042041452 3.0297393978 3.0392058991 3.6556498131 3.8234912911 3.8933664487 3.9565917982 3.9721906094 4.1083080421 4.2505730723 4.3273044476 4.3274965435 4.3712199134 4.4944581984 4.5165362209 4.6440328494 4.6485225144 4.7464643335 4.8276419835 4.8476305419 4.9197486397 4.9616869472 4.9797293635 5.0351285021 5.0895177787 5.1367987344 5.1554231634 5.486056602 5.5421665527 5.6755309269 5.6984561028 5.7839494444 5.7950970572 5.8172319796 5.8200403004 5.8492502867 5.8876274937 5.9285824259 5.9305144129 5.9698441453 6.0864710112 6.1197248824 6.1964515886 6.2049799164 6.3053871458 6.4011249565 6.4300405905 6.5615526867 6.6093812543 6.6561824861 6.6950770615 6.7470476293 6.9324073077 6.9466546734 6.9690756139 7.0886397571 7.1170288068 7.1478501307 7.1657005586 7.2510762563 7.3575307741 7.3690169698 7.5345320471 7.5442760594 7.5789442031 7.6737007962 7.684436935 7.7003913542 7.7017594031 7.8410560159 7.8548066549 7.8715470174 7.9030732595 7.9239263356 7.988041956 8.0571511325 8.0917955751 8.1545957983 8.1798708764 8.2768667057 8.4191681199 8.4488039733 8.4626834247 8.551862754 8.5887857056 8.6515995489 8.6760887325 8.7410491361 8.915787727 9.0337007002 9.5657678857 9.6352503651 10.6631320404 10.7546899937 11.1145664797 15.4624685814 15.5422601249 15.6736871138 15.7665608383 15.9856242198 16.270935043 24.0613918675 24.5201974481 24.6270902192
449 2.8166762057 2.8995267945 3.0341753916 3.036239181 3.6694769237 3.8184491252 3.9066599767 3.9629188692 3.9806361836 4.104437685 4.2647970515 4.3075104872 4.3376153255 4.3650031641 4.4850438413 4.5338169406 4.6406377715 4.6514791772 4.7503166561 4.827403962 4.8353052883 4.9132842266 4.9646301062 4.9720989299 5.0240453656 5.0771296591 5.1223022193 5.1456275947 5.4870149464 5.5470455148 5.678531387 5.7014682589 5.79367516 5.7939174543 5.8203760199 5.821200326 5.8523250183 5.8896030468 5.9241100873 5.9318812418 5.9688073032 6.0855814246 6.120405641 6.1893771811 6.1975074611 6.2973245724 6.394834076 6.4312480174 6.5583181621 6.6091232683 6.6606118004 6.6946296788 6.7543914819 6.940917679 6.9465442651 6.9765047001 7.083096501 7.123735209 7.1518204718 7.164208283 7.2505048797 7.3545956164 7.3645533872 7.538586154 7.5405479023 7.5863953816 7.6707203328 7.6847539617 7.6992253017 7.6998029534 7.8349816749 7.8568816775 7.8715557306 7.9041341558 7.9303911754 7.9863073227 8.054915329 8.0959503937 8.1541995243 8.1830213034 8.2705468746 8.421825872 8.446726656 8.4698367007 8.552641661 8.5880548205 8.6522725862 8.6712719791 8.740578287 8.9161744302 9.034358444 9.5658099127 9.6353928958 10.6622901677 10.7548274266 11.1148172006 15.4627665009 15.540384416 15.6732695676 15.7647707684 15.9848646312 16.2707279751 24.0611278576 24.5201086382 24.626892272
450 2.8275244432 2.8953311631 3.0296592977 3.0422611352 3.6772109835 3.8200961764 3.9188809293 3.9689669445 3.9885630954 4.0999232489 4.2781110812 4.287930291 4.3471226632 4.3597470266 4.4756175921 4.5511964735 4.633334324 4.6579784751 4.7529238506 4.8236762851 4.8293850315 4.9072467695 4.9640730915 4.9681206339 5.0144808857 5.0648226997 5.1083269485 5.1363829652 5.4877810327 5.5517906514 5.6810890948 5.7043725541 5.7926208556 5.8031322043 5.8223281406 5.8238234682 5.8551295663 5.8914219584 5.9200180416 5.9331063931 5.9666838633 6.0851510667 6.1209233787 6.1789803219 6.1945670699 6.2893669357 6.389158416 6.4321920171 6.5554328474 6.608795453 6.6649520694 6.6942066145 6.7611193523 6.9464237897 6.9487317309 6.9836902705 7.0773600327 7.1302588926 7.1555114348 7.1629281162 7.2506385274 7.3503796242 7.3610005788 7.5367243892 7.5433048909 7.5929438394 7.6673585068 7.6852478105 7.6980941 7.6983382337 7.828705217 7.8588465481 7.8716683133 7.9051625401 7.936637653 7.9846320108 8.0530401347 8.1002440443 8.1534297612 8.1860813451 8.2643590167 8.4241701237 8.4448876758 8.4766312504 8.5530659316 8.5874701876 8.6528534241 8.6667560626 8.7401864074 8.9165135432 9.0349495789 9.5658466738 9.6355215119 10.6615306331 10.7549489541 11.1150446028 15.4630384983 15.5386859813 15.6728927306 15.7631457717 15.9841767165 16.2705402126 24.060888784 24.5200282176 24.6267130303
451 2.8375335362 2.8916208006 3.0256626481 3.0477464901 3.6790280857 3.828245952 3.9297528097 3.9748301905 3.9958802551 4.0949118554 4.2687418844 4.2903855595 4.3554317521 4.3559363007 4.4667666483 4.5680665452 4.626704764 4.6633707608 4.7541254127 4.8128850449 4.8336116388 4.9017367195 4.9556513406 4.9720834577 5.0065773222 5.0526862837 5.0949577882 5.1277961323 5.4884005212 5.556280804 5.6832261225 5.7071253954 5.7912685565 5.8119989034 5.823387162 5.8276634177 5.8577262138 5.8930723105 5.9164164262 5.9341867822 5.9634086048 6.0852275366 6.1213012602 6.1686661314 6.1929209201 6.2816127736 6.3841196249 6.4328956807 6.5529191145 6.6084291688 6.6690922844 6.6938127672 6.7671800351 6.9462987939 6.9557028587 6.9906667645 7.0715983181 7.1364121069 7.158754597 7.1619009765 7.2515517893 7.3447721632 7.3586194524 7.5329003073 7.5485380125 7.5983854539 7.6639928453 7.6857940604 7.6971584823 7.6972195054 7.8224126536 7.8606400667 7.8719450859 7.906134253 7.9423100189 7.9831702373 8.0514945869 8.1046333652 8.1522848837 8.189060882 8.2583627256 8.4261805465 8.4433059146 8.4830266046 8.553142198 8.5870157716 8.6533469297 8.662603486 8.7398609041 8.9168070792 9.0354731855 9.5658784289 9.6356358407 10.6608554916 10.7550550506 11.1152476862 15.4632828709 15.5371714425 15.6725577389 15.7616933474 15.9835631916 16.2703725683 24.0606755833 24.5199565012 24.6265531935
452 2.8465673762 2.8883988355 3.022189885 3.0526383551 3.6766004202 3.8411443224 3.9389453493 3.9806420321 4.0024924094 4.0895909569 4.2502081102 4.3014786498 4.3519902728 4.3639700894 4.4586593701 4.5842211667 4.6208219806 4.6674923036 4.7541254094 4.8030803086 4.8397225687 4.8968436504 4.9470483608 4.9764267705 5.0002953295 5.0408913048 5.0822673717 5.1199835674 5.4889044794 5.5604082273 5.6849732978 5.7096785119 5.7899199273 5.8197757931 5.8243493496 5.832014978 5.8602943306 5.8945410578 5.9134109399 5.9351207992 5.9589994901 6.0858004901 6.1215634518 6.1591171675 6.1920121988 6.2741836247 6.3797334381 6.4333934464 6.5507803779 6.6080529547 6.6729293811 6.6934541253 6.7725281377 6.9461752781 6.9617293538 6.9974409645 7.0659247591 7.1419689834 7.1612019764 7.1614587206 7.2532695116 7.3383134377 7.3570300596 7.5291909071 7.5541298739 7.6025181801 7.6608588236 7.6863355232 7.6963406673 7.69658317 7.8162765119 7.8622236236 7.8723820712 7.9070264287 7.9471192315 7.9820989052 8.0502433197 8.1090720435 8.1507667537 8.1919656286 8.2526260262 8.4278395023 8.4420011051 8.4889688486 8.5528902588 8.5866737291 8.6537585673 8.6588730844 8.7395925197 8.9170569764 9.0359284775 9.5659054194 9.6357355586 10.6602665788 10.7551461378 11.1154255544 15.4634980546 15.5358467014 15.6722655668 15.760420273 15.9830264791 16.2702257698 24.0604890907 24.5198937694 24.6264133854
453 2.8544919829 2.8856679771 3.0192448616 3.0568829661 3.6719692776 3.8565843347 3.9461098326 3.986510097 4.0083027016 4.0841901158 4.2326985401 4.3112392336 4.3493269314 4.3711329054 4.4514128747 4.5994868983 4.6157455137 4.6701840995 4.753329426 4.7944149547 4.8471020426 4.8926394993 4.9386545517 4.9809909842 4.9954548388 5.0297651431 5.0703107255 5.113069133 5.4893129701 5.5640772389 5.6863664793 5.7119792171 5.7886341302 5.8251933529 5.8259998063 5.8367467537 5.8631881491 5.895814575 5.9111121493 5.9359080922 5.953556087 6.0868015037 6.1217341774 6.1505405144 6.191716124 6.2672308608 6.3760108349 6.4337251296 6.5490085192 6.607691918 6.6763671845 6.6931370828 6.7771237449 6.9460591823 6.9667646918 7.0039822912 7.060416143 7.1466385183 7.1609713184 7.1635973221 7.2557477808 7.331511072 7.355902263 7.5257264284 7.55991407 7.6051905036 7.6580961482 7.6868434774 7.6956346247 7.6964869613 7.8104775758 7.8635750383 7.872935882 7.9078181901 7.9508453691 7.9815762859 8.049250649 8.1135116521 8.1488812694 8.1947900268 8.2472306699 8.4291353566 8.4409894465 8.4943847602 8.5523504503 8.5864254109 8.6540940806 8.6556190013 8.739374439 8.9172650406 9.0363147925 9.5659278639 9.6358203898 10.6597655027 10.7552225835 11.1155774195 15.4636826447 15.5347169184 15.6720170336 15.7593325506 15.9825686989 16.2701004552 24.0603300365 24.5198402678 24.6262941511
454 2.861180091 2.8834305164 3.016830841 3.0604310785 3.6667151394 3.8727038182 3.9509899426 3.9923867073 4.0132162557 4.0789873669 4.2167161325 4.3195120007 4.3473347944 4.3773246567 4.445138952 4.6115245831 4.6136779268 4.6713038055 4.7521557939 4.7870414504 4.8550296706 4.8891742581 4.9309382608 4.9853969939 4.9918283039 5.0199728888 5.059126503 5.1071799426 5.4896382358 5.5672037049 5.6874428996 5.7139715584 5.7874705603 5.8259030193 5.8307562414 5.841008694 5.8668661038 5.8968793394 5.9096555461 5.9365492865 5.9472547938 6.0881102561 6.121836641 6.1430814647 6.1919253629 6.2609446757 6.3729590733 6.4339310956 6.5475893976 6.607367424 6.6793173661 6.6928678708 6.780932417 6.9459560033 6.9708107646 7.0102281104 7.055122922 7.150069415 7.1614144799 7.1651971788 7.2588535761 7.3247377168 7.3550773762 7.5226440143 7.5656984345 7.6063663248 7.6557839462 7.6872992216 7.6950637608 7.6968836548 7.8052187625 7.8646832938 7.8735405129 7.9084912845 7.9534037107 7.9816545009 8.0484838342 8.117902347 8.1466392324 8.197504172 8.2422823695 8.4300718327 8.4402732128 8.4991742399 8.5515929102 8.5862524593 8.6528892229 8.6543591521 8.7392016612 8.9174328934 9.0366315851 9.5659459541 9.6358901044 10.6593536364 10.7552847005 11.115702607 15.4638354148 15.5337864928 15.6718128123 15.7584353561 15.9821916593 16.2699971705 24.0601990435 24.5197962055 24.6261959556
455 2.8665164696 2.8816883268 3.0149504954 3.0632394647 3.6618626795 3.8880227332 3.9535449518 3.9979589031 4.017144716 4.0743158359 4.2029190323 4.3261449681 4.3459099152 4.3824272663 4.4399628352 4.60819937 4.6265815482 4.6707436123 4.7509408593 4.7811067642 4.862725135 4.8864753878 4.9243629436 4.9885966294 4.9892105296 5.0129982634 5.0487495272 5.1024399513 5.4898872454 5.5697155181 5.6882378481 5.7155987845 5.7864875459 5.8264662994 5.8345028695 5.8438100567 5.8714275665 5.8977227089 5.9092423012 5.9370456445 5.9403534944 6.0895574442 6.1218918866 6.1368935226 6.1924853583 6.2555630878 6.3705826268 6.4340485297 6.5465069275 6.6070969626 6.6817016557 6.6926521094 6.7839253844 6.9458705204 6.9738987931 7.0160926365 7.0500841958 7.1520833467 7.1625752191 7.1663214204 7.262333998 7.3183582023 7.3544809019 7.5200776949 7.5712326019 7.6061880511 7.653964203 7.6876858007 7.6946116436 7.6976455669 7.8007308893 7.865544324 7.8741199705 7.909030542 7.9549152807 7.9821971096 8.047915289 8.1221923686 8.1440582979 8.2000304874 8.2379303087 8.4306813583 8.4398264269 8.5032024913 8.5507269433 8.586137927 8.6507240995 8.6545590544 8.7390705619 8.9175619266 9.0368784193 9.5659598515 9.6359445164 10.6590321119 10.7553327458 11.1158005594 15.4639553353 15.5330590465 15.6716534381 15.7577329931 15.9818968499 16.2699163661 24.0600966245 24.519761755 24.6261191817
456 2.8704035846 2.8804428654 3.0136059046 3.0652724372 3.6580390477 3.9011715549 3.9540446968 4.0026705162 4.0200114475 4.0705566036 4.1921106383 4.3309994972 4.3449620631 4.3862914021 4.4360398308 4.605801384 4.637932134 4.6684712729 4.7499228825 4.7767465794 4.8693178323 4.8845517406 4.9193376426 4.9874451445 4.988744959 5.0112751019 5.0392486855 5.0989613572 5.4900636218 5.5715538764 5.6887818441 5.7168074169 5.7857390952 5.8268744792 5.8375171577 5.8449803114 5.8761180907 5.898333737 5.9101699688 5.9332333668 5.9373986929 6.0909194132 6.1219176824 6.1321721716 6.1931796342 6.2513727583 6.3688840144 6.4341087077 6.5457460238 6.6068941107 6.6834547174 6.6924944734 6.7860798332 6.9458066062 6.9760689214 7.0214423267 7.0453762396 7.1530060939 7.1640116933 7.167048367 7.2657566338 7.312851984 7.3540746162 7.5181474126 7.5761377319 7.6050350406 7.6526571216 7.6879845345 7.6942771242 7.6985212457 7.7972647665 7.8661578386 7.8745993848 7.9094241278 7.9556680301 7.9829108493 8.0475237345 8.1263225163 8.1411697616 8.2022069574 8.2343993684 8.4310292159 8.439589832 8.506297658 8.5499044475 8.5860673414 8.649155258 8.6546983131 8.7389785867 8.9176532639 9.0370549625 9.5659696846 9.6359834832 10.6588018153 10.7553669202 11.1158708398 15.4640415882 15.5325374106 15.6715393168 15.7572288533 15.9816854356 16.2698583951 24.0600231804 24.5197370508 24.6260641285
457 2.8727670454 2.8796951724 3.0127985553 3.0665032792 3.6556147805 3.9105287913 3.9532689822 4.0058672208 4.0217568433 4.0680959899 4.1851489603 4.333962423 4.3444221757 4.3887328614 4.4335598815 4.6043533905 4.6472429678 4.6647226367 4.7492555228 4.7740762963 4.873853644 4.8834010859 4.9161840729 4.9864262494 4.9866711838 5.0145248855 5.0308945775 5.0968346325 5.490169031 5.5726749877 5.6890983688 5.7175527349 5.7852699631 5.8271216604 5.8397609105 5.845013019 5.8796410356 5.8987039448 5.9126060366 5.926595468 5.9376098522 6.0919205781 6.1219275245 6.1291669075 6.1937508181 6.2486829172 6.3678644979 6.4341351206 6.5452946363 6.6067685401 6.6845271545 6.6923984544 6.7873792051 6.9457671018 6.9773559896 7.0259033337 7.0413225584 7.1533571572 7.1651143984 7.1674506759 7.2684277748 7.3089286506 7.3538378175 7.5169482956 7.5797719798 7.6036092723 7.6518710905 7.6881753246 7.6940688151 7.6992109123 7.7950621353 7.8665250717 7.874915475 7.909663624 7.9559743072 7.9834833309 8.0472944511 8.1301847239 8.1380610064 8.2037536485 8.2320188482 8.4311952823 8.4394884159 8.5082669556 8.549304197 8.5860296322 8.6482051193 8.6547804052 8.7389240434 8.9177077299 9.0371609809 9.5659755467 9.6360069035 10.6586633823 10.7553873672 11.1159131341 15.4640935801 15.5322236151 15.6714707322 15.7569253836 15.9815582519 16.2698235107 24.0599789986 24.5197221895 24.6260310105
458 2.8735601718 2.8794458721 3.0125293397 3.0669154308 3.6547861622 3.9140482342 3.9526816484 4.0070046957 4.0223429828 4.0672368768 4.182735895 4.3349588382 4.344247099 4.3895729835 4.4327063112 4.6038691845 4.6520813431 4.6617588425 4.7490239891 4.7731764263 4.8754848363 4.8830183105 4.9151090549 4.9855689096 4.9860931909 5.018015861 5.0260014353 5.0961188656 5.4902041154 5.5730517522 5.6892021968 5.7178047121 5.7851100669 5.827204427 5.8407147697 5.8447787443 5.8809366765 5.8988279608 5.9148122693 5.9229044728 5.9376801193 6.0922937995 6.1219298485 6.1281276279 6.1939722541 6.247751746 6.3675246123 6.434142289 6.5451450559 6.6067260408 6.6848881302 6.6923662057 6.787813452 6.9457537398 6.9777824638 7.028011233 7.0393542803 7.1534447415 7.1655179467 7.1675787915 7.2694725141 7.3074664558 7.3537599695 7.5165415476 7.5811784807 7.6029304282 7.651608891 7.6882412054 7.6939977112 7.6994718846 7.7943050486 7.8666473104 7.8750258209 7.9097440113 7.9560513384 7.9836989419 8.0472189428 8.1327833318 8.1357149789 8.2043269565 8.231163966 8.4312427933 8.4394620921 8.5089456644 8.5490827288 8.5860178517 8.647886948 8.6548075201 8.7389059668 8.9177258288 9.0371963358 9.5659774944 9.6360147169 10.6586171953 10.7553941733 11.1159272533 15.4641109509 15.5321188808 15.6714478522 15.7568240623 15.9815158014 16.2698118656 24.0599642521 24.5197172293 24.6260199568
459 1.8758414649 1.9523323164 2.13325479 2.2352311446 3.7421275468 3.9495868934 4.1206691149 4.2553084356 4.3010382042 4.3136776672 4.3872169775 4.4405869188 4.4515855975 4.5110889895 4.543303422 4.5592557329 4.6439550784 4.6709483116 4.6986827784 4.7131345362 4.8684741473 4.8759958355 4.9726118222 4.9930488949 5.0395483516 5.0797757513 5.2501161004 5.2951681972 5.3193215554 5.619231751 5.6355161939 5.6649825948 5.6688928721 5.6784321418 5.8451851573 5.9666678323 6.0129050805 6.0416618409 6.0974773549 6.1035253796 6.116789625 6.2324662397 6.2402371565 6.2589046664 6.348682298 6.3668243728 6.4279006834 6.5274728667 6.5554959133 6.6094825634 6.6346927169 6.6489776837 6.6966188391 6.7245600452 6.8054421482 6.8057654263 6.8179319863 6.8692312929 6.876114643 7.049953403 7.0526788546 7.1232782947 7.1419655652 7.2129294587 7.2865405029 7.4192066518 7.5049475751 7.5527283639 7.6752485846 7.6919363917 7.8281150051 7.8319202829 7.8866969799 8.0393193781 8.0895846793 8.1194526247 8.1271765048 8.1469166832 8.2079045095 8.2710170356 8.2852788753 8.3233713779 8.4478960907 8.4489606761 8.4826642264 8.52392809 8.6824500512 8.7290168268 8.8700696402 8.8874018674 8.8925596235 9.0243813261 9.1327788971 11.4609711962 11.5719383718 11.601891984 15.5204977047 15.6842072468 15.7070463503 15.830068879 15.9090978885 16.3118761919 23.924184037 24.5806076988 24.6157308731
460 1.8767664315 1.9532525471 2.1338054918 2.235052183 3.74332357 3.9507064698 4.1209477357 4.2499229378 4.3002085032 4.3186667059 4.386453815 4.4411131123 4.4514083334 4.5094557652 4.5434764686 4.5585539872 4.6440915229 4.6706315936 4.7002635323 4.7128350075 4.8689203266 4.8763804908 4.9730042506 4.9937697147 5.0386274075 5.0786915606 5.2523315083 5.2966889127 5.3197658206 5.6076037463 5.6355516978 5.6621567637 5.6784535187 5.6795638588 5.8447940213 5.9642756551 6.0146555139 6.0412411792 6.1002581948 6.102101655 6.1145946551 6.2323420777 6.2422404553 6.2602967963 6.3493188639 6.3665693018 6.427629855 6.5275279137 6.5555646264 6.6092386371 6.6351469684 6.6487392455 6.6968897609 6.7241907446 6.8056821559 6.8062257218 6.818248526 6.8697207222 6.8763103068 7.0485501325 7.0496116239 7.1270251479 7.1437978308 7.2116631269 7.2863598564 7.4199808376 7.5049111497 7.5524153712 7.6751641571 7.6920549826 7.8280563637 7.8319323037 7.8871392727 8.038852906 8.0896580651 8.1190364146 8.1267911317 8.1474665119 8.2080623722 8.2705272719 8.2854483022 8.323282397 8.4478148189 8.4488556371 8.4827601339 8.5243007442 8.6823108996 8.7290071587 8.8700707233 8.8873572885 8.892444623 9.0246754029 9.132991069 11.4604424215 11.5714003775 11.6013256012 15.5205230828 15.6840607822 15.7069012477 15.8301255971 15.9090666189 16.3118215841 23.9243239696 24.5807114558 24.615804289
461 1.8795388229 1.9560110006 2.1354533091 2.2345210116 3.7469025194 3.954060141 4.1217783486 4.2372846193 4.2977466785 4.3300138586 4.3841881296 4.4427806714 4.450889459 4.5045011859 4.5439570328 4.5565752328 4.6445150878 4.6698353634 4.7048133948 4.7119362182 4.8701481016 4.8775312143 4.9741794521 4.9958916472 5.0361502887 5.0756269744 5.2586398259 5.3011142989 5.3211942696 5.5845075554 5.6356587588 5.6538782636 5.6785173107 5.6997863661 5.8436261396 5.9576815167 6.0196037343 6.0399895956 6.0980955263 6.1079978021 6.1083965748 6.2319606903 6.2478628602 6.2643065107 6.3512167572 6.3658011011 6.4268603663 6.527699363 6.5557792745 6.6085168447 6.6364888903 6.6480161004 6.6976992202 6.7230704656 6.8064009501 6.8076065072 6.8191908354 6.8711817508 6.8768898747 7.0419516202 7.0446865524 7.13673892 7.1489549468 7.2079344951 7.2858264867 7.422230728 7.5048060431 7.5514830615 7.6749122295 7.6923935727 7.8278806418 7.8320028698 7.8884406299 8.0374938358 8.0898779603 8.1177933081 8.1256455668 8.1490770845 8.2085249763 8.2690688229 8.2859516248 8.3230150945 8.4475710409 8.448542153 8.4830456295 8.5254076277 8.6818937729 8.728979637 8.8700741692 8.887224095 8.892099916 9.025558528 9.1336290104 11.4588568396 11.5697869185 11.5996269991 15.5205990695 15.6836220055 15.7064665018 15.8302955371 15.908972934 16.3116579628 23.9247432144 24.5810223268 24.6160242592
462 1.8841511475 1.9606009879 2.1381855269 2.2336546178 3.7528371697 3.9596326322 4.1231451264 4.2216465646 4.2937319202 4.3431572423 4.3804867718 4.4458599074 4.4500624192 4.496131619 4.544632195 4.553611237 4.6452683439 4.6688378557 4.7104416198 4.7119464866 4.8718545087 4.8794382811 4.9761312675 4.9992761954 5.0328560473 5.0711125266 5.2680813189 5.3080822269 5.3239452376 5.5580118674 5.6358391026 5.6406736689 5.6786225328 5.7214839169 5.8416978111 5.9481575246 6.0268123182 6.0379371471 6.0923229454 6.0990742542 6.119360739 6.2312973049 6.2562235629 6.270511416 6.3543404162 6.364514656 6.4257155491 6.5280059302 6.5561645743 6.6073464407 6.6386599607 6.6467856109 6.6990371688 6.7211645914 6.8075947481 6.8099062109 6.8207367221 6.8735930981 6.8778320637 7.0322195173 7.0391462504 7.1499423086 7.1566724605 7.2019365568 7.28496567 7.4257557685 7.504645656 7.5499507438 7.6744967046 7.6929028417 7.8275887041 7.8322269176 7.8905317912 8.0353526947 8.0902436007 8.1157393554 8.1237695433 8.1516420178 8.20926124 8.2666731951 8.28677448 8.3225684857 8.4471648849 8.4480250921 8.4835140265 8.5272165415 8.6811996532 8.7289386976 8.8700805624 8.8870039288 8.8915263854 9.0270333791 9.1346969823 11.4562166787 11.5670995704 11.5967978213 15.520725222 15.682892766 15.7057437956 15.8305780566 15.9088172048 16.3113859342 23.9254401154 24.5815391128 24.6163899522
463 1.8905910292 1.9670114497 2.141981444 2.232480814 3.7610825763 3.9673981298 4.1250214217 4.2048641453 4.2882877633 4.3557418546 4.3754478467 4.448968081 4.4507861225 4.4843542991 4.5453214575 4.5499385029 4.6464218401 4.6678332228 4.708370147 4.7213120152 4.8736263676 4.8820854483 4.9788497185 5.0036249857 5.0296737521 5.0659672108 5.2791433946 5.3171147808 5.3287530708 5.5299007028 5.6232374499 5.636095875 5.6787676482 5.7428598424 5.8390353093 5.9369325412 6.034432488 6.0351304154 6.0864262251 6.0875287985 6.1330065707 6.2303163841 6.2664184144 6.2783942377 6.3586304057 6.3627141718 6.4243835585 6.5284781044 6.5567591066 6.6057739013 6.6415744784 6.6450129042 6.7008864262 6.7184236675 6.8092569189 6.8131181362 6.822848446 6.876920871 6.8791047396 7.0220578379 7.03273384 7.1650605799 7.1661759354 7.1939412409 7.2838181006 7.430269141 7.5044554281 7.547848514 7.6739235577 7.6935077323 7.8271828312 7.83273846 7.8933173149 8.0325846075 8.0907537859 8.1128996873 8.1212069696 8.155012584 8.2102248066 8.2633897387 8.287894517 8.3219412494 8.4465966222 8.4473124659 8.4841541657 8.5296770417 8.6802301666 8.7288916915 8.8700908605 8.8866995661 8.8907255001 9.0291043994 9.1362020339 11.4525256597 11.5633409698 11.5928408239 15.5209008015 15.6818761408 15.7047359273 15.8309720879 15.9086000482 16.3110065059 23.9264119191 24.5822598204 24.6168999849
464 1.8988413679 1.975227087 2.1468130808 2.2310375226 3.7715766491 3.9773196822 4.1273693403 4.187681497 4.2815707652 4.3664460713 4.3691860547 4.4476401433 4.4580464107 4.4693468998 4.5457028088 4.5457839727 4.6480735167 4.6669232792 4.7057745087 4.7326276511 4.8750582778 4.8854497506 4.9823213635 5.0083404263 5.0274667602 5.0613219364 5.2898501628 5.3277239866 5.336842197 5.5007049917 5.6022793043 5.6364340871 5.6789507414 5.7633661663 5.8356736788 5.9249030615 6.0316281913 6.0388753164 6.0744568083 6.0837273891 6.1478696873 6.2289782358 6.277747057 6.2874703125 6.3604312006 6.3640040662 6.4230962546 6.5291570701 6.557611676 6.6038596797 6.6426551646 6.6451331062 6.7032220269 6.714795254 6.8113774825 6.8172247585 6.825471999 6.8806701317 6.8811206569 7.0123624621 7.0260824544 7.1768709176 7.1812832104 7.1842521277 7.2824377707 7.4354412502 7.5042779035 7.5452148365 7.6732000854 7.6941172142 7.8266679035 7.8336854787 7.8966945016 8.029361009 8.0914069904 8.1093064452 8.1180096867 8.1590252591 8.2113599787 8.2592816568 8.289283422 8.3211322202 8.4458667489 8.4464152687 8.4849504069 8.5327245268 8.6789875685 8.7288488163 8.8701063696 8.8863149746 8.8896993113 9.0317777654 9.1381539229 11.4477890077 11.5585148302 11.5877599011 15.5211247728 15.6805764271 15.7034468001 15.8314761414 15.908322324 16.3105210838 23.9276547866 24.5831816687 24.6175524277
465 1.9088805573 1.9852285384 2.1526461157 2.2293718395 3.7842408056 3.9893481985 4.1301390912 4.1704447955 4.2737573417 4.3618195065 4.3745272999 4.4460946287 4.4514155148 4.4679205525 4.5409270792 4.5457240629 4.6503478574 4.6661704699 4.7027629277 4.7456491962 4.8758774744 4.8895009074 4.9865296516 5.0123241562 5.0268570256 5.0587433683 5.2984677836 5.3394765714 5.3493067728 5.4706608471 5.5784328406 5.6368613245 5.6791697884 5.7827458658 5.8316552966 5.9126628114 6.027496934 6.0360992508 6.0603425932 6.0879775014 6.1631167627 6.2272453408 6.2897215383 6.2973413117 6.3577456894 6.3703575476 6.4221090639 6.5300931438 6.5587767046 6.6016738416 6.6396676054 6.6492355469 6.7060102986 6.7102394784 6.8139424129 6.8221901966 6.8285368003 6.8824927609 6.8861399728 7.0036579156 7.019648282 7.1731700615 7.1883449631 7.1981791126 7.2808890551 7.4409283409 7.5041803596 7.5420942467 7.6723339368 7.6946361029 7.8260529078 7.8352079817 7.9005672713 8.0258479597 8.0922015194 8.1049964712 8.1142317896 8.1635224289 8.2126069498 8.2544216337 8.2909091657 8.320141104 8.444976099 8.4453472436 8.4858826456 8.5362847589 8.6774747232 8.7288230064 8.8701287106 8.8858553895 8.8884504471 9.0350613394 9.1405650043 11.4420134678 11.5526259647 11.5815601198 15.5213958026 15.6789991313 15.7018814079 15.8320883117 15.9079851323 16.3099314676 23.9291638076 24.5843010996 24.6183448101
466 1.9206827522 1.9969925982 2.1594410018 2.227538931 3.7989805364 4.0034208074 4.1332680539 4.1533419183 4.2650309643 4.3534606278 4.3798236665 4.4309126997 4.4443256952 4.4802398289 4.5355775933 4.5447969852 4.6533945717 4.6656313524 4.6995184518 4.7601528545 4.8760307979 4.8942000182 4.9914551377 5.0141572483 5.0281420013 5.0600151321 5.3046807272 5.3520183383 5.3659463206 5.4399148402 5.5522240562 5.637388836 5.679423049 5.8008279725 5.8270284095 5.9006007407 6.0228068083 6.0269546213 6.0455198436 6.0980403966 6.1780342202 6.2250872339 6.3020063316 6.3076978271 6.3548028733 6.3775693498 6.421689148 6.531343652 6.5603090168 6.599290396 6.6360109887 6.6537895139 6.7047471937 6.7092076709 6.8169327939 6.8279504491 6.8319563405 6.8845512194 6.891920702 6.9962870144 7.0137575033 7.1609760433 7.2003165629 7.2154955404 7.2792430408 7.4463825633 7.504264389 7.5385356966 7.6713320229 7.6949771833 7.8253525997 7.8374217867 7.9048535248 8.022193622 8.0931357085 8.100009106 8.1099255405 8.1683637626 8.2139052966 8.2488877865 8.2927381286 8.3189694342 8.4439259814 8.4441245678 8.4869263786 8.5402781252 8.6756950799 8.7288297717 8.8701597771 8.8853274045 8.8869821071 9.0389646034 9.1434500862 11.4352073262 11.5456803159 11.5742477661 15.5217122577 15.6771509558 15.7000458172 15.8328062844 15.9075898082 16.3092398443 23.9309330208 24.58561379 24.6192741295
467 1.9342181774 2.0104924693 2.1671542068 2.2256008233 3.8156856277 4.0194581019 4.1364881552 4.1366794579 4.2555715217 4.3442120269 4.3826261104 4.4081803138 4.4423069785 4.4944303891 4.5296218325 4.5426219867 4.6573861889 4.6653687843 4.6963062703 4.7759309263 4.8756922826 4.8994970696 4.9970753729 5.0133455527 5.0313073011 5.0658791754 5.3092608145 5.3650740657 5.3855757825 5.4085859539 5.5240756164 5.6380331907 5.6797096095 5.8174652783 5.8218458839 5.8889784602 6.0144389519 6.0176287602 6.0302325369 6.110650798 6.1919414842 6.2224835892 6.3143608616 6.3183012753 6.3518157429 6.3855050144 6.4221160958 6.5329701186 6.5622583249 6.596779715 6.6316604746 6.6587148057 6.6983593999 6.7127592293 6.8203239428 6.8343997073 6.8356303444 6.886856006 6.898401139 6.9904882105 7.008647629 7.1479278688 7.2125893105 7.2330686093 7.2775731558 7.4514510032 7.5046735671 7.534591779 7.6701994297 7.6950716235 7.8245891104 7.8404081053 7.9094875462 8.0185230304 8.0942081663 8.0943843364 8.1051390484 8.1734302177 8.2151955436 8.2427604189 8.294736866 8.3176217844 8.4427183384 8.4427654496 8.4880528508 8.5446231864 8.6736526451 8.7288869679 8.8702016866 8.8847390707 8.8852980551 9.0434985703 9.1468262519 11.4273804377 11.5376849919 11.5658304013 15.522072202 15.6750397831 15.6979471445 15.8336273445 15.9071379171 16.3084487807 23.9329554368 24.5871146679 24.6203368608
468 1.9494534685 2.0256980436 2.1757395152 2.2236251412 3.8342296305 4.0373593124 4.1199611244 4.1402804834 4.2455477655 4.3341675031 4.3833867978 4.3835280286 4.4399963723 4.5097735453 4.5230614592 4.5388126683 4.662513146 4.6654533735 4.6934574611 4.7927915179 4.8751913594 4.9053265291 5.0033642085 5.0108815849 5.0361166288 5.0754741563 5.3129720669 5.3767921094 5.3784369527 5.4070911739 5.4943261174 5.6388188218 5.6800300946 5.8161644374 5.8325054776 5.877979136 6.0001431738 6.0120327515 6.0146829238 6.1239709619 6.2041540341 6.2194257432 6.3265984913 6.3289621111 6.349040994 6.394022399 6.4236908623 6.5350345112 6.5646636258 6.5941979033 6.6266155962 6.6639427507 6.6911867743 6.7165970724 6.824084676 6.8394490017 6.8413693214 6.8894769808 6.905517254 6.9864253165 7.0044939366 7.1342651526 7.2250210648 7.2507823615 7.2759501798 7.4557803027 7.505588115 7.5303187994 7.6689385009 7.6948758416 7.8237932325 7.844208497 7.9144196053 8.0149372327 8.0881614027 8.0954180541 8.0999153827 8.1786237205 8.2164191377 8.2361197925 8.2968734025 8.3161072393 8.4412896399 8.441355919 8.4892293154 8.5492393205 8.6713519541 8.7290144844 8.8702567245 8.8834026129 8.8840999998 9.0486756681 9.1507126483 11.4185442587 11.5286483118 11.5563169288 15.5224733927 15.672674658 15.6955935306 15.8345483864 15.9066312481 16.3075612152 23.9352230661 24.5887979306 24.621528968
469 1.9663520359 2.0425762031 2.1851493334 2.221683847 3.8544678587 4.0569933435 4.1038168029 4.1439593658 4.2351128737 4.3234191239 4.3572352919 4.3825083419 4.4373422639 4.5159473997 4.5256091463 4.5330303835 4.6659606209 4.6689737893 4.6913226701 4.8105577058 4.8749085733 4.9115998457 5.0079978828 5.0102900961 5.0422284887 5.0875899802 5.3162661297 5.344667762 5.3919554251 5.429745178 5.4632531013 5.6397819949 5.680387553 5.8100446829 5.8457663657 5.8677366949 5.9847469726 5.9990736575 6.0060870353 6.1370935887 6.2140135217 6.2159170958 6.3385587042 6.3395202477 6.346717562 6.4029770361 6.42673686 6.5375940436 6.5675475976 6.591571591 6.620911452 6.6694122206 6.6834289664 6.7206386228 6.8281769349 6.8432995731 6.8485959076 6.8925836591 6.9132027132 6.9841987449 7.0014248243 7.1202187435 7.2375047877 7.2685486662 7.2744367822 7.4590492501 7.5071884262 7.5257774794 7.6675482904 7.6943737913 7.8230051014 7.8488246924 7.9196143679 8.0115145641 8.0813778719 8.0942926321 8.0967653903 8.1838648948 8.2175173433 8.2290449352 8.2991180545 8.3144410896 8.4397178628 8.4398424627 8.4904194384 8.5540484868 8.668798041 8.7292338302 8.8703272845 8.8813006529 8.8834214619 9.0545095938 9.155130238 11.4087118879 11.5185798573 11.5457176723 15.5229132748 15.6700657676 15.6929941104 15.8355659257 15.906071807 16.3065804478 23.9377269504 24.5906570653 24.6228459181
470 1.9848744416 2.0610911322 2.1953359413 2.2198520212 3.8762325436 4.0781809198 4.0880976503 4.1475804648 4.2244025803 4.3120741066 4.3295669575 4.3802832681 4.4342898846 4.5083845953 4.5250513796 4.5414049738 4.6669666435 4.676955827 4.6902052668 4.8290649618 4.8751902007 4.9181928569 5.0054631442 5.0178126559 5.0492904569 5.1013847362 5.3123821565 5.3193776329 5.4055204563 5.4310959567 5.4530243876 5.6409771024 5.680788485 5.8035524699 5.8569992451 5.8583533639 5.9685759959 5.983657306 5.9998582388 6.1494824623 6.2119727964 6.2209954359 6.3449721944 6.3498283606 6.3500871535 6.4122272535 6.431569263 6.5406933963 6.5709109562 6.5888771229 6.6146320655 6.675063834 6.6753940862 6.7247852087 6.8325559906 6.8470750214 6.8556859074 6.8964903529 6.9213869613 6.9838505361 6.9995307609 7.1060225597 7.2499567893 7.2730818297 7.2862965565 7.4610364114 7.5095828029 7.5210339909 7.6660246024 7.6935748629 7.8222739968 7.8542223265 7.9250490269 8.0083127962 8.0740691139 8.0883044839 8.0982513564 8.1890902227 8.2184295613 8.2216133987 8.3014438464 8.3126466602 8.438071184 8.438182887 8.4915838754 8.5589762565 8.6659964107 8.7295676071 8.8704158047 8.8789975927 8.8827164711 9.0610151312 9.1601015144 11.3978981137 11.5074905346 11.5340444656 15.5233889733 15.6672244209 15.6901589792 15.8366761111 15.9054618083 16.3055101287 23.9404571984 24.5926848731 24.6242826959
471 2.0049787799 2.0812046367 2.2062526407 2.2182067144 3.8993222642 4.0728370694 4.1006558804 4.1509743262 4.2135351146 4.300292667 4.3008021464 4.3769100488 4.4307870142 4.5005302911 4.5148209519 4.5567635858 4.6685437386 4.6866070288 4.6903021843 4.8481567037 4.876302775 4.924924628 5.0036629168 5.0258761255 5.0569926951 5.1163208187 5.28016455 5.3224250073 5.3980792576 5.4190541223 5.4765200837 5.6424867405 5.6812439249 5.7967623357 5.8499106412 5.8658224351 5.9518103067 5.9688122384 5.9934120164 6.1607636755 6.2076190019 6.2248555084 6.343738834 6.3597369561 6.361019481 6.4216388638 6.4384186241 6.5443515145 6.5747266284 6.5860167154 6.6079289681 6.6675168896 6.6808340677 6.7289215112 6.8371713912 6.8506832527 6.8621262662 6.9016555089 6.9299901134 6.9853684804 6.998870005 7.091927636 7.2623094199 7.2719148419 7.3039661347 7.4616809428 7.5127423241 7.5161609968 7.6643608243 7.6925086989 7.8216570563 7.8603370092 7.9307115748 8.0053716 8.0662680902 8.0819810272 8.0998785554 8.1942492924 8.2139018603 8.2190915336 8.3038266109 8.3107570787 8.4363703435 8.4363834727 8.4926810358 8.5639523063 8.6629530134 8.730038862 8.8705247025 8.8764993896 8.8819998494 9.068207929 9.1656501796 11.3861194716 11.4953926452 11.5213107545 15.5238972841 15.6641630267 15.6870991557 15.8378747389 15.9048036662 16.3043542464 23.9434030248 24.5948734951 24.625833821
472 2.0266210538 2.1028764598 2.2168258902 2.2178547612 3.9234790265 4.0580620189 4.1239724347 4.1539130747 4.2026122399 4.2712903889 4.2883793229 4.372524751 4.4267886265 4.4925876931 4.5024681453 4.5714218616 4.6707564318 4.6916814536 4.6979986668 4.8676776659 4.8784215332 4.9315217671 5.0027668487 5.0343968956 5.0650880647 5.132016643 5.248343797 5.325465734 5.3644403448 5.4324991301 5.4998389444 5.6444376192 5.6817704076 5.7897645899 5.8424767102 5.8716078798 5.9345615853 5.9551629423 5.9868140853 6.1706508006 6.2028918985 6.2257092855 6.3427696545 6.369079712 6.3711662196 6.4310892411 6.4473328814 6.5485351279 6.5789335072 6.5828052488 6.601053438 6.6603644092 6.6866509721 6.7329169103 6.8419687039 6.8540546255 6.8674407128 6.9085345461 6.938912141 6.9886918743 6.9994728465 7.0782199309 7.2709411177 7.2745064188 7.3215048405 7.4610736389 7.5112383617 7.5165060861 7.6625496941 7.6912187125 7.8212168187 7.8670809069 7.9365993553 8.0027151284 8.0580053634 8.0753496026 8.1016511321 8.1993023711 8.2059875229 8.2194339109 8.3062448701 8.3088166465 8.4344520427 8.4346350922 8.4936680395 8.5689105642 8.6596742222 8.7306703218 8.8706563093 8.873812537 8.8812882599 9.0761042349 9.1718007816 11.3733943094 11.4822999673 11.5075317119 15.5244346602 15.6608950728 15.6838265408 15.839157268 15.904099985 16.3031171142 23.9465527926 24.5972144413 24.6274933668
473 2.0497555395 2.1260645921 2.2157874701 2.2301004941 3.948336147 4.0437946245 4.1472573332 4.1560344195 4.1917208442 4.2415884399 4.2770276965 4.367226703 4.4222602428 4.4847961211 4.4882788345 4.5852509416 4.6736584048 4.6943018471 4.7110939978 4.8816382701 4.8874637939 4.9375588201 5.0028286895 5.0432392014 5.0733933354 5.1481660793 5.2174129007 5.3285239222 5.3304693969 5.4458088243 5.5225301926 5.6470237942 5.6823905401 5.7826790812 5.8361120862 5.8733802588 5.9169053694 5.9436860448 5.980131541 6.1789175968 6.1978366352 6.2239655127 6.3417528278 6.3776578483 6.3802975273 6.4404705362 6.4581197623 6.5530953187 6.5790018598 6.5834294817 6.5944265158 6.6545977629 6.6924332238 6.736630363 6.846891952 6.8571454169 6.871457562 6.9173188221 6.9480110297 6.9937201129 7.0013451815 7.065246162 7.2701381861 7.2864998759 7.3388650166 7.4593835616 7.5063531893 7.5206514142 7.660586017 7.6897558731 7.8210176911 7.87434833 7.942717865 8.0003546557 8.0493092475 8.068435609 8.1035745706 8.1979503967 8.2042183431 8.2193817492 8.3068812949 8.3086795782 8.432398126 8.4328835746 8.4945018455 8.5737891692 8.6561668161 8.731483529 8.870812807 8.8709440627 8.8806001994 9.0847205828 9.1785783123 11.3597428639 11.4682278482 11.4927243662 15.5249971955 15.6574351056 15.6803538733 15.8405188358 15.9033535491 16.3018033562 23.9498940598 24.5996986213 24.6292549807
474 2.074335132 2.1507255664 2.2151684796 2.2429515359 3.9732892137 4.030053216 4.1565469454 4.1685039503 4.1809347166 4.2128936038 4.2680195122 4.3610951925 4.4171798899 4.4726509628 4.4774184221 4.5982421408 4.6772905349 4.6980550729 4.7257372693 4.8859767154 4.9073250461 4.9423641812 5.0038399571 5.0521658621 5.081782568 5.1645033176 5.1881308194 5.2965796043 5.3316044085 5.4589373498 5.5440134363 5.6505314833 5.6831327757 5.7756820114 5.8308745682 5.8700994807 5.8988962718 5.9354315214 5.9734344526 6.1853893957 6.1925063043 6.2201637459 6.3404432795 6.3852232588 6.3881287547 6.4496917045 6.4703714456 6.5575969671 6.5744273851 6.5880633748 6.5888159571 6.6508512225 6.6980944086 6.739921142 6.851886482 6.8599363135 6.8743872023 6.9278608757 6.9570586286 7.000323998 7.004471723 7.0534574523 7.2694543055 7.2982481955 7.3560022259 7.4567855141 7.5015988068 7.524963617 7.6584701644 7.6881737019 7.8211216475 7.8820195069 7.9490796458 7.9982912383 8.0402060381 8.0612632281 8.1056548035 8.1898767782 8.2089729764 8.2188555973 8.30501746 8.311113788 8.4302331047 8.4311318013 8.4951405158 8.5785303653 8.6524379696 8.7324979148 8.8679015295 8.8709961675 8.8799559407 9.0940734314 9.1860077659 11.3451873482 11.4531933103 11.4769077463 15.5255806026 15.6537987118 15.676694683 15.841954276 15.9025673112 16.3004178913 23.9534136281 24.6023163783 24.6311119059
475 2.1003116679 2.1768147373 2.2150442958 2.2563735338 3.9971399459 4.0168530152 4.1529829515 4.1703162902 4.1830627984 4.1886585385 4.2657166346 4.3541992029 4.4115386917 4.4560634075 4.4707260606 4.6104692888 4.6816801049 4.7028068314 4.7416673194 4.8914085012 4.9270115101 4.944898846 5.0057598789 5.0607349463 5.0901786865 5.1616575527 5.1807897462 5.2634468343 5.3347004566 5.4718300736 5.5635237315 5.6553276005 5.6840298715 5.7690592341 5.8268240588 5.8616660471 5.8805759486 5.930519778 5.9667978562 6.1869611109 6.189941839 6.2148308381 6.3387173552 6.3914627593 6.3943121811 6.458679022 6.483544989 6.5609542037 6.5691435777 6.5857020096 6.5926255085 6.6495520215 6.7035545386 6.7426681758 6.8569018658 6.862426968 6.8766305823 6.9398627564 6.9656533295 7.0083582708 7.0088189648 7.0434896624 7.2688097115 7.3097147032 7.3728740245 7.4534249656 7.4970723058 7.5292685299 7.6562119832 7.6865247664 7.8215836464 7.8899624813 7.9557029358 7.9965183431 8.0307202797 8.0538560592 8.1078958707 8.1818646872 8.2135474583 8.2177747898 8.3032987316 8.3135322876 8.4279703369 8.4293932515 8.4955445523 8.5830804147 8.6484952477 8.7337298619 8.8646930378 8.8712080967 8.8793774167 9.1041787526 9.1941136578 11.3297520505 11.4372151707 11.460103042 15.5261801853 15.6500025039 15.6728632393 15.8434581361 15.9017443812 16.2989659177 23.9570975954 24.6050575247 24.6330570053
476 2.1276362204 2.2042865386 2.215487985 2.2703363354 4.0042066034 4.0170402833 4.141137676 4.159918235 4.1757220716 4.1850320434 4.2756211011 4.3466026048 4.4053402658 4.4390922296 4.4649821958 4.6220341972 4.6868410532 4.7084248218 4.7585388712 4.8978665568 4.94370492 4.9461356841 5.0085328839 5.0680861631 5.0985457917 5.139633311 5.1968112445 5.23230262 5.3377983606 5.4844149997 5.5801682182 5.6616871496 5.6851154632 5.7633124268 5.8240273094 5.8493043183 5.8619776404 5.9277596832 5.9603044345 6.1812678772 6.192501329 6.2084106231 6.3365559932 6.3959915969 6.3984471411 6.467374862 6.4970393279 6.561758111 6.5635576639 6.5869339386 6.5968372163 6.6508106262 6.7087603477 6.7447999897 6.8618943995 6.864628931 6.8785922552 6.9530522092 6.9730777463 7.0143380005 7.0176732034 7.0362902716 7.2681011517 7.3208666787 7.3894390232 7.4494124785 7.4928702857 7.5334357401 7.6538345673 7.6848585167 7.8224473669 7.8980337242 7.9626094949 7.9950243714 8.0208750412 8.0462376689 8.1102944789 8.1740329491 8.2160631692 8.2179271483 8.3018000252 8.3159212374 8.4256252501 8.4276786277 8.4956782263 8.5873895833 8.64434661 8.7351918258 8.8613272311 8.8714499849 8.8788880393 9.115051572 9.2029195081 11.3134634468 11.4203141769 11.442333784 15.5267908033 15.6460641103 15.6688744978 15.8450246971 15.9008880133 16.297452895 23.9609314106 24.60791138 24.6350827863
477 2.1562593641 2.2165697246 2.2330947174 2.2848140517 3.9921242437 4.0261983113 4.1296968731 4.1497848542 4.1719921159 4.1755571565 4.2959135425 4.3383666251 4.3985992074 4.4225548907 4.4604235666 4.6330087499 4.6927749698 4.7147933946 4.7759157821 4.905254979 4.9372296814 4.963966099 5.0120990485 5.0726005571 5.1068829849 5.1239163442 5.2054820739 5.2123803675 5.3408805096 5.4965966625 5.5932480816 5.6692704929 5.6864183074 5.7593508477 5.8225620038 5.834494502 5.843128948 5.9257168412 5.9540484183 6.1755000384 6.193043992 6.201251494 6.3340050044 6.3983733724 6.4001259009 6.4757346386 6.5102365153 6.5583444487 6.5606786119 6.5922782435 6.6003415795 6.6544729524 6.7137138869 6.7463337714 6.8665591795 6.8668288344 6.880611535 6.967232559 6.9782580387 7.0209673121 7.0281235167 7.0331345584 7.2672099082 7.3316746821 7.4056561397 7.4448300063 7.489082638 7.5373701925 7.6513772472 7.6832200904 7.8237418325 7.9060785449 7.9698206858 7.9937950145 8.0106921831 8.0384320641 8.1128277519 8.1665377141 8.2136566113 8.2221005024 8.3005898806 8.3182678275 8.4232154007 8.4259957742 8.4955108139 8.5914122257 8.6400004217 8.7368915899 8.8578133047 8.8717228646 8.8785124489 9.1267054618 9.2124472923 11.2963503263 11.4025131601 11.4236260453 15.5274068282 15.642002172 15.6647440442 15.8466479933 15.9000015935 16.2958845266 23.9648999315 24.6108668109 24.6371814282
478 2.1861314075 2.2183562966 2.2631925438 2.2997849505 3.9806141026 4.0167365152 4.1315766667 4.1399532739 4.15973424 4.1722643129 4.3199121969 4.329550799 4.391338994 4.4081407395 4.4572431909 4.6433775734 4.6994724229 4.72181933 4.7931686394 4.9134555624 4.9248458097 4.9788127473 5.0164003404 5.0721380511 5.1152196769 5.1157212372 5.1868020255 5.2273404108 5.3439276747 5.5082546053 5.6027172805 5.6764557223 5.6879542196 5.7586899442 5.8182410377 5.8225187506 5.8240536371 5.9234445984 5.9481416457 6.1697383006 6.1915916633 6.193620092 6.3311430078 6.3981877602 6.3990223727 6.4837218443 6.5225119761 6.5542427018 6.559765877 6.600026161 6.6027021305 6.660256374 6.7185042638 6.7474143062 6.8682354782 6.8716791548 6.8829501691 6.9804122931 6.9822696332 7.0286356025 7.0349463498 7.0395739804 7.2660129672 7.3421120878 7.4214839811 7.4397389995 7.4857846128 7.5410024564 7.6488971618 7.6816496704 7.8254793276 7.9139326836 7.977350606 7.9928153847 8.0001926069 8.0304640993 8.1154257016 8.1596050028 8.2105106763 8.2260581395 8.299722567 8.3205599711 8.4207604913 8.4243497488 8.4950176478 8.5951069783 8.635465472 8.738831726 8.8541610161 8.8720273752 8.8782761961 9.1391519923 9.2227168633 11.2784439304 11.3838372097 11.4040086658 15.5280220889 15.6378363481 15.6604880348 15.8483218326 15.8990886257 16.2942667409 23.9689874847 24.613912273 24.6393448094
479 2.2172025928 2.2209106456 2.2945329931 2.3152311985 3.969682399 3.9922812479 4.1304544347 4.1403605827 4.1405456428 4.1790240489 4.3202131436 4.3396224366 4.3835896285 4.4011092557 4.4555772011 4.6529667471 4.706914081 4.7294332311 4.8090672831 4.9081429776 4.9223316939 4.9863729458 5.021384331 5.0677252604 5.1148056701 5.1236120245 5.1795286833 5.2415693865 5.3469209038 5.519248601 5.6092040943 5.6806817255 5.6897167542 5.7630728718 5.8011079595 5.8047728822 5.8239986443 5.9204474159 5.9427233498 6.1640721559 6.1857208774 6.1882048709 6.3280631593 6.3949939573 6.3951461229 6.491300772 6.5332357633 6.5518403871 6.5602010223 6.6034233 6.609140212 6.6678538316 6.7233299613 6.7483323699 6.8696737637 6.8764284418 6.88578895 6.9801236838 6.9980682187 7.0372646491 7.0411947555 7.0519020331 7.2643962866 7.3521547749 7.4341869601 7.4368803228 7.4830280286 7.5442813812 7.6464688724 7.6801820341 7.8276547443 7.9214263433 7.9851951037 7.9893964839 7.9920718975 8.022359823 8.1179110919 8.1535967607 8.2066061196 8.2297920262 8.2992322663 8.3227860423 8.4182823381 8.4227430274 8.4941809155 8.5984370505 8.6307510019 8.741009315 8.8503806992 8.8723637375 8.878205361 9.1524001445 9.2337453524 11.2597781074 11.3643138701 11.3835135057 15.5286298046 15.633587331 15.6561231353 15.8500398184 15.8981527182 16.2926056715 23.9731779272 24.6170358545 24.6415645377
480 2.2242914905 2.2494232616 2.3270689021 2.3311384758 3.9593334989 3.9607079618 4.1185614468 4.1213139065 4.1437598189 4.1971726207 4.3104099777 4.3432608782 4.3753852634 4.4121394615 4.4554995601 4.6613199095 4.7150708614 4.7375895568 4.8203288166 4.8921872026 4.9317305395 4.9792729402 5.0270064235 5.0677812479 5.1197868851 5.1321399548 5.1826124532 5.2549825317 5.3498432309 5.5294316717 5.6135315238 5.6804430848 5.6916692196 5.7729347482 5.7834060672 5.785306182 5.8271035608 5.9164920328 5.9379761166 6.1586024974 6.1777135076 6.1829738606 6.3248650037 6.3881319962 6.3892013365 6.4984253784 6.5417891286 6.5514278544 6.562345461 6.6020111253 6.6191546323 6.6769788465 6.7284922833 6.7494957907 6.8708871374 6.8810680455 6.8892252666 6.9788261866 7.0145532272 7.0467720538 7.0503890356 7.0649982528 7.262268412 7.361780939 7.4282120204 7.4518016659 7.4808331672 7.5471700437 7.6441816138 7.6788460134 7.8302462178 7.9283911376 7.9783234637 7.9915538976 7.9933162303 8.0141467646 8.1198936955 8.1491235902 8.2019505332 8.2332947662 8.2991310951 8.3249346717 8.4158047751 8.421175806 8.4929901607 8.6013705932 8.6258667381 8.7434159577 8.8464832802 8.8727317365 8.8783261217 9.1664556915 9.245546553 11.2403894794 11.3439733645 11.3621757302 15.5292225036 15.6292768739 15.6516664571 15.8517953711 15.897197569 16.2909076368 23.9774547108 24.620225322 24.6438319807
481 2.2285529841 2.2827439878 2.3474954825 2.3607530985 3.9258520345 3.9495699653 4.0948393002 4.1125525452 4.1410694231 4.2230059101 4.3001956104 4.3335755078 4.3667619565 4.4379607379 4.4570272583 4.6674489586 4.7239015606 4.7462670127 4.8197288874 4.886703809 4.9414845555 4.9564844501 5.0332312792 5.076973769 5.1290967816 5.140904079 5.1924196009 5.2675325294 5.3526813296 5.5386694482 5.6163266974 5.6763575259 5.693742006 5.7653147537 5.7656720897 5.7866952307 5.8319171884 5.9114838324 5.9341510691 6.1534456249 6.1697261882 6.1760091524 6.3216519995 6.3787217319 6.380569767 6.5050196652 6.5476139508 6.5529744418 6.566134799 6.5980834931 6.629822535 6.687376087 6.734342586 6.7513409169 6.8718858879 6.8855963816 6.8932768475 6.9775944108 7.0316566184 7.057073716 7.0612877661 7.0787655393 7.2595723117 7.370971001 7.4218459698 7.4662028666 7.4791833002 7.5496450321 7.642133981 7.6776636896 7.8332167067 7.9346690827 7.9669928632 7.9912550386 8.0016231247 8.0058541593 8.1207544549 8.1470686561 8.196575898 8.2365589842 8.2994112102 8.3269946131 8.4133534805 8.4196463661 8.4914424734 8.6038811127 8.6208229354 8.7460380717 8.8424802955 8.8731307131 8.8786642915 9.1813205541 9.2581302934 11.2203176242 11.3228488479 11.3400341313 15.5297919279 15.6249278322 15.6471354915 15.8535817508 15.8962269516 16.2891791196 23.9818009476 24.6234681666 24.6461382979
482 2.2337444135 2.3171156775 2.3642933609 2.3955385026 3.8892247893 3.9403925692 4.0694779139 4.1041870131 4.1355085379 4.2519942967 4.2896219918 4.3199166504 4.3577556066 4.4601363724 4.4688765958 4.6693926459 4.7333436637 4.7554702069 4.8067931852 4.8952978288 4.9245799638 4.9514134221 5.040033884 5.0914869113 5.1415114402 5.1500216276 5.2062203123 5.2792072252 5.3554272157 5.5468612095 5.617910176 5.6698767451 5.6958388959 5.7458888569 5.7469449927 5.8021166071 5.8384778534 5.9054021492 5.9316029212 6.1487389577 6.1618653949 6.1674329661 6.3185318099 6.3671447064 6.3696461909 6.5109363577 6.5502919905 6.5562235708 6.5713156205 6.5915132249 6.6409781847 6.6988199645 6.7411869477 6.7542139405 6.8726780615 6.8900176499 6.8978952743 6.9769180537 7.0493084691 7.0680858726 7.0731423896 7.0931176819 7.2562935818 7.3797076016 7.415116247 7.4780235844 7.4800368445 7.5516987324 7.640426191 7.6766492472 7.8365160909 7.9401217074 7.9554238423 7.9911744286 7.9975130973 8.0099521518 8.1201944197 8.1480471113 8.190533359 8.2395767986 8.3000497153 8.3289547 8.4109557024 8.4181514669 8.4895423949 8.6059478919 8.6156304259 8.7488574404 8.8383839114 8.8735595644 8.8792448458 9.1969921347 9.2715018039 11.1996052685 11.3009766961 11.3171314935 15.5303289227 15.620564217 15.6425480421 15.8553920807 15.8952446995 16.2874267448 23.9861994762 24.6267516523 24.6484744738
483 2.2399099354 2.3524896363 2.3815250491 2.4313782042 3.8514961096 3.9318002642 4.0426835062 4.0962301752 4.1283098754 4.2787383454 4.282261256 4.3054587348 4.3484000324 4.4647877057 4.5013986279 4.6639599332 4.7432812944 4.7652330077 4.7927485523 4.8882603321 4.9107135121 4.9613274894 5.0474005376 5.1081629057 5.1561970816 5.1596204146 5.2225528858 5.2900251914 5.3580801162 5.5539559688 5.6182751368 5.6622887055 5.6978527524 5.7259750797 5.7283711514 5.8172835963 5.8467489851 5.898267059 5.9308203374 6.14464867 6.1542228385 6.1573723486 6.315617786 6.3537875078 6.3568799251 6.5158546406 6.5496196572 6.5608274015 6.5775858117 6.5825855629 6.6524895384 6.7111108985 6.749186418 6.7582867937 6.8732702693 6.8943406928 6.9029875358 6.9769239179 7.0674305946 7.0797266141 7.0855053244 7.1079777419 7.2524642357 7.3879756678 7.4080473148 7.4772651324 7.4932543856 7.5533437197 7.6391506903 7.6758075262 7.8400834062 7.9436355684 7.9446376101 7.9891565812 7.9913175394 8.0180515712 8.1189012419 8.1517447509 8.1838871671 8.2423393792 8.3010144517 8.3308039176 8.4086398566 8.4166867357 8.4873015823 8.6075563767 8.6103006749 8.7518519533 8.8342069439 8.8740167527 8.8800914648 9.2134626366 9.2856610786 11.1782984919 11.2783968332 11.2935150097 15.5308233149 15.616211259 15.6379221561 15.8572193702 15.8942546914 16.2856572575 23.9906329306 24.6300628657 24.6508313525
484 2.2470883419 2.388817604 2.3991845814 2.4682255115 3.8130144809 3.9237901217 4.0146347187 4.0886913857 4.1200033129 4.2675907438 4.2911161595 4.3129318711 4.3387250821 4.4709612099 4.5342754358 4.648308543 4.753406881 4.7756235897 4.7853563977 4.849878363 4.9285325532 4.9710336419 5.0553299304 5.1256985499 5.1698298827 5.1725997043 5.2406434032 5.3000298838 5.3606486744 5.5599581971 5.6170194082 5.6547585567 5.6996858787 5.705950437 5.7096477549 5.8306574703 5.8565966917 5.8901216959 5.9323890649 6.1413789937 6.1459542678 6.1468804278 6.3130307905 6.338990053 6.3426843419 6.5190014949 6.5456312821 6.5664459486 6.5722516818 6.5846654041 6.6642406935 6.7240717733 6.7583056741 6.763551347 6.873668576 6.8985780988 6.9084407291 6.9775630447 7.0859311836 7.0919168669 7.09807533 7.1232764899 7.2481629279 7.3957625476 7.4006617194 7.4767937293 7.5058040676 7.5546175021 7.6383827303 7.675132425 7.843848962 7.931647377 7.9481382668 7.9808194623 7.9916968543 8.0255815797 8.1179964732 8.1574621073 8.1767093509 8.2448365924 8.3022691237 8.3325316181 8.4064349658 8.4152470344 8.4847382986 8.604845844 8.6086984906 8.7549964636 8.8299628792 8.8745003211 8.881226112 9.2307183686 9.3006022348 11.1564469371 11.2551531048 11.2692367559 15.5312637887 15.6118954743 15.6332760541 15.8590565394 15.8932608357 16.2838775002 23.9950838079 24.6333887657 24.653199672
485 2.2553128515 2.4172663455 2.4260517569 2.5060339749 3.7739894896 3.9163572228 3.9854992416 4.0815766668 4.1109033479 4.2562215487 4.277206435 4.3287545904 4.3434188074 4.4787013857 4.5668063708 4.6229353336 4.7622253626 4.7859223036 4.7867502907 4.8118710312 4.9472795789 4.9803439515 5.063834367 5.1435802317 5.1807686437 5.1903393156 5.2600355414 5.3092832762 5.3631537527 5.5649220546 5.6133367471 5.6485381089 5.6858366521 5.6908190462 5.7012673115 5.8410951745 5.8677827156 5.8810224128 5.936762383 6.1333025207 6.139181619 6.1399137233 6.3109007571 6.3230295271 6.3273981708 6.5185083477 6.5385550301 6.5626912809 6.572792142 6.592321247 6.6761246933 6.7375447448 6.768330994 6.7698746383 6.8738794434 6.9027455658 6.9141453811 6.9787156186 7.10458089 7.1046982342 7.110620137 7.1389510028 7.2435144489 7.3929810457 7.4030582062 7.4764815102 7.5176323491 7.5555851696 7.6381732009 7.6746054194 7.8477362526 7.9194789339 7.9505830306 7.9725382208 7.9923321877 8.0321509595 8.1183657906 8.1647398014 8.1690758707 8.2470567357 8.3037770139 8.3341279118 8.4043699072 8.4138267872 8.4818767927 8.5992788608 8.609372847 8.7582636884 8.8256658916 8.8750079171 8.8826686621 9.2487390375 9.3163128644 11.1341040241 11.2312937034 11.2443542352 15.5316377747 15.6076447158 15.6286280583 15.8608964435 15.8922670552 16.2820943892 23.9995345384 24.6367162348 24.6555701009
486 2.264610918 2.4357643015 2.4641446763 2.5447573827 3.7345636287 3.9094944966 3.9554380296 4.0748887777 4.1012413449 4.2446685764 4.2638502995 4.3185039158 4.3731574428 4.4881792154 4.5908291076 4.5984323466 4.7552379943 4.7892295246 4.7922217408 4.7987654379 4.9664144809 4.989086549 5.0729410801 5.1616001732 5.1925286492 5.2091386218 5.2804217069 5.3178597678 5.3656322584 5.568937647 5.6065616155 5.6445646664 5.6656588848 5.6719251653 5.7025612707 5.8481258271 5.8710331405 5.8799748195 5.9438359034 6.1195360822 6.1333940816 6.1383607017 6.3061238037 6.3093672918 6.3112817568 6.5114424469 6.5287319916 6.5571964511 6.5796402209 6.6003681388 6.6880402121 6.7513880853 6.7770664948 6.7789297959 6.8739108086 6.9068614657 6.920015117 6.98024536 7.1176463687 7.1229417964 7.1235871411 7.1549434559 7.2386943066 7.3850269214 7.4098554801 7.4761993918 7.528683871 7.5563376772 7.638545811 7.6741945322 7.8516637276 7.9071504061 7.95197376 7.9643505489 7.993250563 8.037412792 8.1205547073 8.161064305 8.173359818 8.2489863701 8.3055032345 8.3355842493 8.4024724512 8.4124202639 8.4787466274 8.5936134958 8.6095848389 8.7616250819 8.8213308603 8.8755368207 8.8844365801 9.2674970263 9.332773374 11.1113271605 11.2068716538 11.2189310003 15.5319313827 15.60348818 15.6239965208 15.8627318975 15.8912772713 16.2803148902 24.0039675545 24.6400321309 24.6579332744
487 2.2750040516 2.4546711605 2.5030492803 2.5843497292 3.6948439942 3.9031924889 3.9246054172 4.0686271598 4.0912049797 4.232963758 4.251090498 4.3079766639 4.4014581881 4.4997695966 4.5546325288 4.6286205986 4.7190980699 4.7955980222 4.8020097364 4.8118604879 4.9857043887 4.9971170079 5.0826933958 5.1796775657 5.2051569548 5.2287788151 5.3015686441 5.3258409313 5.3681426709 5.5721149364 5.5969677738 5.6427417028 5.6454479337 5.6530070003 5.7035662039 5.8520896373 5.8602221705 5.8927699812 5.9527382899 6.1047684769 6.1273893924 6.1392640715 6.2884418106 6.2945282873 6.3085782406 6.4973491024 6.5165420364 6.5565722247 6.5868180011 6.6086612582 6.6998898412 6.7654727063 6.7849274462 6.789709269 6.8737735234 6.9109465135 6.9260023202 6.9820265511 7.1310441957 7.1348622532 7.1423899367 7.1712001005 7.2339518726 7.3768221839 7.4161503851 7.475828267 7.5389020323 7.5569848714 7.639499343 7.6738541024 7.8555466106 7.8946826498 7.9523578475 7.9562946888 7.9944854943 8.0411967956 8.124763183 8.1527527516 8.1832130797 8.2506102643 8.3074158147 8.3368941899 8.4007680973 8.4110218169 8.4753819929 8.5878644476 8.6093466057 8.7650516306 8.8169733806 8.8760839787 8.8865446343 9.2869566534 9.349956304 11.0881779431 11.1819453651 11.1930373666 15.5321294278 15.599456321 15.6193997513 15.8645557022 15.8902953891 16.2785459942 24.0083653601 24.6433233389 24.6602798315
488 2.2865076403 2.4739775173 2.5427187148 2.6247651498 3.654917764 3.893148485 3.8974390356 4.0627877282 4.0809521972 4.2211308784 4.238935967 4.2971600078 4.4274367646 4.514092301 4.5159438445 4.6568456563 4.6774833468 4.8075105994 4.8139334947 4.8262406017 5.004327744 5.0050363712 5.0931512454 5.197785694 5.2186363917 5.2490715778 5.323282096 5.3333114081 5.3707733197 5.5745699603 5.5853944389 5.6252440158 5.6341111019 5.6423552243 5.7043079647 5.8486604545 5.8537900485 5.9057234484 5.9621735107 6.0891078205 6.1219630129 6.1422466227 6.2701145414 6.2772783131 6.3086844124 6.4787066317 6.5023594629 6.5586549242 6.5941950901 6.6170870901 6.7115791672 6.7796778365 6.7932719296 6.8002522968 6.8734836685 6.9150234182 6.9321097646 6.9839565338 7.1447080155 7.1462183998 7.1607456746 7.187670407 7.2296930489 7.3683923039 7.4219424739 7.4752676643 7.5482299012 7.5576443369 7.6410138318 7.6735256263 7.8592990145 7.8820974252 7.9484084907 7.9518273165 7.9960754953 8.0435795328 8.1308566072 8.1442195326 8.1942170399 8.2519114702 8.3094860101 8.3380542999 8.3992787644 8.4096260751 8.471821027 8.5820474359 8.6086768881 8.768514536 8.8126097702 8.876646042 8.8890046106 9.3070734071 9.3678256147 11.064722344 11.1565792599 11.1667512251 15.5322156246 15.5955805953 15.614855944 15.8663606693 15.8893252813 16.2767946921 24.0127106004 24.6465768236 24.6626004527
489 2.2991307595 2.4936709209 2.5831061981 2.6659578211 3.6148604756 3.8612068798 3.8922188015 4.0573624506 4.070617561 4.2091816224 4.2273810988 4.286017686 4.4501747954 4.4756759814 4.5318372269 4.6348029352 4.6826297773 4.8207396603 4.8272580301 4.8420654097 5.0106530969 5.0243512908 5.1043900986 5.2159181448 5.2328657498 5.2698390919 5.3403560413 5.3453855483 5.3736549 5.5725236879 5.5764155539 5.6051037896 5.61529606 5.6428202959 5.7048314304 5.8364209575 5.8540252387 5.9183790727 5.9709400551 6.0726572834 6.1171702702 6.1475961716 6.2512444476 6.259632856 6.3098273374 6.4574273336 6.4865395868 6.5618052279 6.6016720116 6.6255554913 6.7230163881 6.7938846747 6.8019345372 6.8101332002 6.8730669663 6.919116381 6.9383967378 6.9859607854 7.1568614929 7.1585735934 7.1778424418 7.2043063429 7.2267718734 7.3597671589 7.4272352366 7.4744414024 7.5566115155 7.5584285207 7.6430582801 7.6731397961 7.8628365827 7.8694176503 7.9407281685 7.950512348 7.9980616762 8.0448192444 8.1355433335 8.1384765002 8.2062749078 8.2528715539 8.3116881584 8.3390650621 8.3980214553 8.4082280996 8.4681051374 8.5761793061 8.607600798 8.7719857673 8.8082570671 8.8772194068 8.8918249783 9.3277931476 9.3863359294 11.0410308729 11.1308444892 11.1401589625 15.5321730521 15.5918929361 15.6103831049 15.8681396484 15.8883707735 16.2750679486 24.0169861297 24.6497796813 24.6648858972
490 2.3128759491 2.5137348608 2.6241648056 2.7078818165 3.5747408632 3.828913377 3.8875126172 4.0523386126 4.0603161438 4.1971083775 4.2164149271 4.2744792337 4.4343921725 4.4692347531 4.553241007 4.591816571 4.7056274945 4.8347121614 4.8415743127 4.8593576078 5.0160689939 5.0436161064 5.1164968581 5.2340708623 5.2476385297 5.2908957975 5.3470581914 5.3676995875 5.3769787933 5.5587667983 5.5777566307 5.5851146669 5.596642428 5.6438097896 5.705193377 5.8235788413 5.8533831598 5.930300093 5.9782186566 6.0555158445 6.1130519501 6.1554362809 6.231912806 6.2416639139 6.312114326 6.4344666276 6.4694309765 6.5653042162 6.6091715751 6.6339934777 6.7341124361 6.8079647831 6.8107677164 6.8189272415 6.8725685848 6.9232503031 6.9449755982 6.9879945097 7.1666582132 7.1725780462 7.1914939361 7.2210617626 7.2274077612 7.3509832666 7.4320365373 7.4733004833 7.5594327606 7.5639935975 7.6455975509 7.6726196675 7.8566677081 7.8660797641 7.9332867766 7.9485697386 8.0004844113 8.0452212706 8.1268034886 8.1472029771 8.2192580522 8.2534710165 8.3139993101 8.3399316148 8.3970070804 8.4068235103 8.464278306 8.5702781446 8.6061495348 8.7754384834 8.8039330176 8.8778002573 8.8950104498 9.3490512679 9.4054317176 11.0171787166 11.1048197399 11.1133564886 15.5319850106 15.5884248373 15.6059989804 15.8698855535 15.8874356289 16.2733726758 24.0211750793 24.652919192 24.6671270408
491 2.3277389328 2.5341476351 2.6658471816 2.7504909068 3.5346239687 3.7963951219 3.8832965057 4.0476975732 4.0501464918 4.1848705329 4.2060256329 4.2624232265 4.3924980851 4.4850182924 4.5489142492 4.5777227192 4.725712762 4.8492609555 4.8566400742 4.8779175043 5.0205878046 5.0628103901 5.1295607295 5.2522303766 5.2626189324 5.3120254813 5.3534991002 5.3810209014 5.3900075549 5.5443757607 5.565427463 5.5782701238 5.5786889731 5.645154803 5.7054576166 5.8102124236 5.852244741 5.9411012491 5.983629823 6.0377793051 6.1096248865 6.1656543587 6.2121853291 6.22342251 6.3155686687 6.4103455196 6.4514158583 6.568841993 6.6166324259 6.6423405732 6.7447816588 6.8196362749 6.8217531087 6.8262282741 6.8720784878 6.9274495741 6.9519931572 6.9900428115 7.1754916212 7.186658954 7.1980844866 7.2352341565 7.2378918837 7.3420866267 7.4363590742 7.4718239541 7.5607261009 7.5703276633 7.6485969992 7.6718847133 7.8438738255 7.8689576028 7.9261124951 7.9461687935 8.0033792699 8.0450432292 8.1180801968 8.1566666756 8.2330022372 8.2536899378 8.3163987733 8.3406641064 8.3962396572 8.4054085903 8.4603863453 8.5643634099 8.6043600841 8.7788473308 8.7996560517 8.8783846103 8.8985613723 9.3707718054 9.425046407 10.9932458587 11.0785921445 11.0864503563 15.5316363705 15.5852059441 15.6017209847 15.8715913897 15.8865235337 16.2717157065 24.0252609243 24.6559828709 24.6693149137
492 2.3437082407 2.5548810563 2.7081051516 2.7937382886 3.4945733817 3.7637754124 3.8795402055 4.0401931074 4.0434126469 4.1723669745 4.1962026835 4.2496514416 4.3503597792 4.4983932573 4.5064664275 4.6042521388 4.7430053486 4.8643100768 4.8723010976 4.8973067488 5.0242502574 5.0819188045 5.1436570037 5.2703625325 5.2773196066 5.3329438274 5.3597581275 5.3861621339 5.4119722678 5.5295346929 5.5463426277 5.5603716316 5.5793002623 5.6467668811 5.7056922865 5.7964050103 5.8508440996 5.950481316 5.9871605579 6.0195416216 6.1068714629 6.177901622 6.192116436 6.2049447781 6.3200236086 6.3854140092 6.433005363 6.5722708988 6.6240043281 6.6505453765 6.7549431189 6.8284114338 6.8316817517 6.8349689525 6.8718090422 6.931736345 6.9595946311 6.992120361 7.1832606827 7.1986123706 7.2007533568 7.249248608 7.2547528332 7.3331363645 7.4402208497 7.4700187273 7.5623458429 7.5755724261 7.6520244613 7.6708553993 7.8310645454 7.8714116509 7.9192269001 7.9434777207 8.0067726655 8.0444679215 8.1094544938 8.1665846089 8.2473122187 8.2535088791 8.3188676488 8.3412774838 8.3957160697 8.403980378 8.4564760698 8.5584560792 8.6022749188 8.7821886357 8.7954452437 8.8789683604 8.9024729009 9.3928664989 9.4451014139 10.9693172039 11.0522582942 11.0595589373 15.5311154357 15.5822621317 15.5975661304 15.8732502816 15.8856380821 16.2701037666 24.0292275485 24.6589585189 24.6714407376
493 2.3607646828 2.5758989358 2.7508891997 2.8375762141 3.45465308 3.7311759114 3.8762048447 4.0305285771 4.0394453786 4.1593776805 4.1869377233 4.2358509211 4.3084102127 4.4649317665 4.5101422157 4.6318971137 4.7578093598 4.8798133556 4.8884517376 4.9169283911 5.0271165892 5.1009263077 5.1588227822 5.2883958386 5.2911057511 5.3532267077 5.3659136415 5.3928719606 5.4328715278 5.5144223619 5.5285854754 5.5432796384 5.5796722763 5.6485989369 5.70596877 5.7822478894 5.8493213042 5.9582507684 5.9890278842 6.0008967024 6.1047321695 6.1717525746 6.1862565778 6.1916523914 6.3248668633 6.3599727396 6.41508316 6.5755128644 6.6312447157 6.6585630216 6.7645225238 6.8350267467 6.8369657863 6.8469371979 6.8723725857 6.9361282636 6.9678783653 6.9942706788 7.1898773434 7.1969397627 7.2147966307 7.2655560297 7.271601249 7.3242093811 7.4436456238 7.4679194468 7.5642960711 7.5796963081 7.6558499049 7.6694578764 7.8182713214 7.8733993902 7.9126434973 7.9406526956 8.0106778796 8.0436144419 8.1010078365 8.1767515917 8.2529100745 8.2619704564 8.3213883885 8.3417906356 8.3954264725 8.402536756 8.4525943571 8.5525788175 8.5999417097 8.7854405051 8.7913202547 8.8795473251 8.9067339238 9.415233791 9.4655050842 10.945482757 11.025925354 11.0328135762 15.5304161679 15.5796132231 15.5935509586 15.8748555005 15.8847827631 16.2685434466 24.033059308 24.6618342729 24.6734959628
494 2.3788805954 2.5971552677 2.7941477554 2.8819554822 3.4149291731 3.6987192405 3.8732391053 4.0212153872 4.0357386606 4.1454343566 4.178224804 4.2205460652 4.2673073785 4.4249327304 4.5207787093 4.6600035737 4.7705060971 4.8957367866 4.9050141814 4.9361588316 5.0292585721 5.1198146091 5.1750265857 5.3032807803 5.3061887407 5.37204424 5.3721620487 5.4015757356 5.4505634383 5.4992862405 5.5143685401 5.5276102808 5.5798834837 5.6506275804 5.7063617184 5.767845065 5.8477573732 5.9643456731 5.9819409201 5.9895426524 6.1031065825 6.1511349211 6.1673770436 6.2062405073 6.3283877102 6.3343788483 6.3995494337 6.5785229684 6.6383161439 6.6663532767 6.7734546878 6.8361279522 6.845170052 6.8557935326 6.8755752285 6.9406357639 6.9768604822 6.9965645666 7.1948309153 7.195260623 7.2287212352 7.2823236868 7.2883939261 7.3154060633 7.4466633184 7.4655895129 7.5665499154 7.5826797794 7.6600433438 7.6676284143 7.8055292669 7.8748965237 7.9063668869 7.9378303706 8.0150921293 8.0425587631 8.0928211768 8.1870184333 8.2518789243 8.2767467916 8.3239443879 8.3422249627 8.3953552675 8.4010765497 8.448787089 8.546756168 8.5974130189 8.7873012558 8.7885828596 8.8801172897 8.9113257435 9.4377577861 9.4861515513 10.921837949 10.9997122671 11.0063595877 15.5295403848 15.577270735 15.5896914717 15.876400493 15.883960946 16.2670411738 24.0367410927 24.6645986542 24.6754723043
495 2.3980187471 2.6185920164 2.8378262024 2.9268247285 3.3754717859 3.6665319743 3.8705725474 4.0123074567 4.0322031687 4.129543598 4.1700602731 4.203064589 4.2282324481 4.3873120473 4.530595765 4.6881434217 4.781464028 4.9120520663 4.9219269024 4.9544628912 5.0307532268 5.1385590436 5.1921381353 5.31329077 5.3234543923 5.3782297396 5.3884536869 5.4122761578 5.4585971865 5.484630893 5.5103507284 5.5145523645 5.5800114745 5.6528460534 5.7069497443 5.7533208231 5.8461955775 5.9627767534 5.9688204319 5.9890160735 6.1018658577 6.1303017241 6.1483213858 6.2206993391 6.3092981051 6.3268018945 6.3902949733 6.5812738357 6.6451843664 6.6738790973 6.7816862851 6.8349800757 6.8528925433 6.8595164076 6.8833841503 6.9452591574 6.986466554 6.9990967104 7.192877896 7.1993282216 7.2424553276 7.298848426 7.305087501 7.3068564902 7.4493103122 7.463124411 7.5690549317 7.584517188 7.6645716822 7.6653172715 7.792878101 7.8758977159 7.9003929559 7.9351235615 8.0199951104 8.0413512864 8.0849734436 8.1972715493 8.2504057867 8.2914073612 8.3265196025 8.3426025844 8.3954824495 8.3995996464 8.4450979955 8.5410147704 8.5947459129 8.7834088277 8.7915974135 8.8806740512 8.916220565 9.4603071878 9.5069195271 10.8984842623 10.9737510188 10.9803568816 15.5284993542 15.5752362291 15.5860030676 15.8778789097 15.8831758674 16.2656031829 24.0402583858 24.6672406158 24.677361777
496 2.4181307348 2.6401363841 2.8818654763 2.9721294148 3.336357326 3.6347481115 3.8681032537 4.0038514171 4.028688418 4.1097846285 4.1624424995 4.1825967647 4.1933138446 4.3531073304 4.5397479307 4.7160288649 4.7909928839 4.9287337379 4.9391377534 4.9714562649 5.0316783172 5.157125215 5.2099080928 5.3209403009 5.3395686589 5.384550898 5.3998263991 5.4235627352 5.4527012697 5.4719991704 5.5062514299 5.5213344713 5.5801347505 5.6552629169 5.7078164058 5.7388321679 5.8446539765 5.9435182415 5.9718197417 5.9877141556 6.1008740393 6.1092905328 6.1291031984 6.2326380642 6.2868729928 6.3166393076 6.390823446 6.5837484955 6.6518168527 6.6811055059 6.7891784988 6.8316841794 6.8599583943 6.8600023872 6.8938957286 6.9499859277 6.9965503917 7.001979167 7.1912891127 7.2019881921 7.2559212661 7.2987249255 7.3147601738 7.3216381661 7.4516295404 7.4606585276 7.5717406274 7.5852177456 7.6624918087 7.669395149 7.7803633385 7.8764157645 7.8947104264 7.9326194285 8.0253490256 8.0400287979 8.0775394141 8.2074178829 8.2484880369 8.3057222745 8.3290981765 8.3429444655 8.3957850396 8.3981071531 8.4415674579 8.5353836063 8.5920013839 8.7796638364 8.7944676184 8.8812134609 8.9213798992 9.4827342661 9.5276710683 10.8755303638 10.9481879078 10.9549799109 15.5273142173 15.5735008358 15.5825004765 15.8792846335 15.882430619 16.2642354872 24.0435973209 24.6697495884 24.6791567307
497 2.4391546118 2.6616974123 2.926200031 3.0178103579 3.2976714307 3.6035131462 3.8656732833 3.9958876721 4.0249149068 4.0837384284 4.1553715347 4.1584925589 4.1652296565 4.3233254048 4.5483091203 4.7434507201 4.7993334497 4.9457576709 4.9565994102 4.9869165991 5.0321093076 5.1754646602 5.2279672175 5.3264079562 5.3530646158 5.3910860447 5.4034847907 5.4294373093 5.4420092759 5.4671321192 5.5053325328 5.5395360834 5.580333341 5.6579046673 5.7090510237 5.7245899772 5.8431325091 5.9242994155 5.9735390993 5.9858441034 6.0881405555 6.1000102897 6.1097365001 6.2331215068 6.2758569636 6.2998217384 6.3991936479 6.5859370385 6.6581816188 6.6879987152 6.7959090807 6.8264112935 6.8591894777 6.8663773308 6.9049919641 6.9547887227 7.0053305892 7.0069247631 7.190127706 7.203136803 7.2690340625 7.2912071471 7.3297734403 7.3380014071 7.4536702526 7.4583763955 7.5745268974 7.5848054267 7.6591387769 7.6744639551 7.7680377756 7.8764795889 7.8893038945 7.9303794838 8.0310996835 8.0386217737 8.0705870671 8.2173747729 8.2461323474 8.3194723171 8.3316640555 8.3432687327 8.3962383417 8.3966016124 8.4382313646 8.529894272 8.5892434177 8.7760872817 8.7971785838 8.881731465 8.926753049 9.504873936 9.5482503965 10.8530939923 10.9231847368 10.9304165627 15.5260149659 15.5720462273 15.5791976999 15.8806118086 15.8817281348 16.2629438494 24.0467447365 24.6721155241 24.680849883
498 2.4610113498 2.6831617555 2.9707548144 3.0638015254 3.2595130214 3.5729888956 3.8630159047 3.9884512685 4.0202980121 4.0511100273 4.130867274 4.1446443114 4.1488487631 4.2985162556 4.556306752 4.7702400007 4.8066652096 4.9631000444 4.9742658912 5.0007600225 5.0321173126 5.1935083191 5.2458497229 5.3300488147 5.3606924739 5.3979018521 5.3987393914 5.4228737891 5.4349268583 5.4766028449 5.5122421152 5.5596445438 5.5806875163 5.6608219982 5.7107485995 5.7108961062 5.8416165569 5.9052877197 5.9741864999 5.983555613 6.0668954476 6.0902377364 6.0991840514 6.2157146019 6.2798293229 6.2825712559 6.41187882 6.5878351674 6.6642462972 6.6945254431 6.8018733637 6.8193696743 6.8579387373 6.8719159269 6.9158987445 6.9596245108 7.0092610388 7.0173883757 7.1893896883 7.2026726396 7.2816999309 7.2845114212 7.3435968168 7.3541317466 7.455487207 7.4565276558 7.5773320811 7.5833177129 7.6552658756 7.679715728 7.7559633244 7.8761316524 7.884158177 7.9284409257 8.0371585397 8.0371779906 8.0641746568 8.2270633762 8.2433571359 8.3324551794 8.3342005562 8.3435893771 8.3950873036 8.3968168362 8.4351201386 8.5245812701 8.586537512 8.7727001197 8.7997169848 8.882224144 8.9322759013 9.526543078 9.5684828964 10.8313047903 10.8989197857 10.906865611 15.5246381691 15.5708468415 15.5761079524 15.8810711801 15.8818548691 16.2617337524 24.0496882275 24.6743289387 24.6824343512
499 2.4835995014 2.7043884717 3.0154406385 3.1100266312 3.222000106 3.5433592382 3.859632603 3.9815726097 4.0134605389 4.0145877555 4.101375591 4.1294790458 4.1428765678 4.2784906673 4.5637411392 4.796243581 4.8131192728 4.9807364398 4.9920893123 5.013001699 5.0317675928 5.2111553262 5.2630396692 5.3321779649 5.3585297771 5.387990028 5.4050351949 5.410210324 5.4368681944 5.4936318125 5.5242084451 5.5799518862 5.5812736366 5.6641002622 5.6982091306 5.7130075845 5.8400779892 5.8867059018 5.9739542435 5.9809463061 6.0456069538 6.0706280146 6.0983398169 6.1920106431 6.2585668783 6.2953762653 6.4269264769 6.5894437924 6.66997741 6.7006523976 6.8070839381 6.8107835293 6.8564649991 6.8765519524 6.9263153479 6.9644351893 7.0138541435 7.0277424307 7.189036105 7.200535077 7.2788158687 7.2938152026 7.3558918942 7.3699824613 7.4554388299 7.4571389647 7.5800795629 7.5808033424 7.6509028567 7.6850741229 7.7442132298 7.8754254164 7.8792634238 7.9268189537 8.0356674827 8.043501137 8.0583478903 8.2364043738 8.2401951468 8.3366898507 8.3439154416 8.3444916191 8.3935706631 8.3974946291 8.4322580567 8.519482304 8.5839484458 8.7695230578 8.8020709645 8.8826877494 8.9378702865 9.5475402925 9.5881744873 10.8103080569 10.8755883704 10.8845324996 15.523224035 15.5698727757 15.5732436068 15.8804623407 15.8830085672 16.2606103706 24.052416194 24.676380951 24.6839036826
500 2.506787056 2.725202736 3.060146861 3.1563936866 3.1852783507 3.5148368612 3.8544906509 3.9752780375 3.9775013408 4.0011383392 4.07412345 4.1175649829 4.1374580279 4.2625087362 4.5705966571 4.8187907113 4.8213071291 4.9986407685 5.0100161203 5.0237152732 5.0311182523 5.2282510443 5.2790346241 5.3329365259 5.3475404624 5.3740062631 5.3964055851 5.4124654506 5.4473395677 5.5129497514 5.537870556 5.5821560845 5.5996729597 5.6678747964 5.6872548109 5.7159234837 5.8384741701 5.868868147 5.9730035017 5.9780662366 6.0243400736 6.0509359592 6.0974532346 6.1672065043 6.2369881658 6.3091000889 6.443356343 6.5907692485 6.6753398432 6.70634593 6.800883613 6.8115689717 6.8548897644 6.8802668347 6.936081856 6.9691496593 7.0191503292 7.0377977359 7.1890094465 7.1967580449 7.2742121269 7.3052660517 7.3662727806 7.385505196 7.4554991847 7.4586848204 7.5773194636 7.5827022718 7.6461026438 7.6904487733 7.7328746634 7.8744232351 7.8746201532 7.9255097944 8.0341780852 8.0499729222 8.0531377041 8.2366961721 8.2453150889 8.3391123209 8.3442507095 8.3554317164 8.3920608675 8.3982454733 8.4296629588 8.5146385401 8.5815371811 8.7665763241 8.8042300374 8.8831187379 8.9434441761 9.5676463531 9.6071116474 10.7902689727 10.8534027155 10.8636235713 15.521813492 15.5690926619 15.5706161425 15.8799040125 15.8840680006 16.2595785413 24.0549178867 24.6782633204 24.6852518835
501 2.5303988589 2.745388569 3.1047293979 3.1495340517 3.2027859133 3.487670932 3.8453541874 3.9434498701 3.9695903047 3.9785498359 4.0548827761 4.1076970739 4.132596648 4.2497051047 4.5768484354 4.8237484652 4.8452612287 5.0167836992 5.0279818402 5.030218975 5.033000068 5.2445366961 5.2934156931 5.3318683282 5.3321985683 5.3585913951 5.383190806 5.4200839569 5.4623684889 5.5327187779 5.5505200442 5.5833747577 5.6181620383 5.6723498892 5.6791676846 5.7195754444 5.8367452151 5.852238655 5.9714602295 5.9749200554 6.0031808842 6.0312018226 6.0965225031 6.1426785522 6.2157003909 6.3224731251 6.4605712224 6.5918238614 6.6802965539 6.7115718761 6.7899075833 6.8153694163 6.8532884544 6.8830953333 6.9450883847 6.9736871011 7.0251352042 7.0473761279 7.1892432657 7.191505157 7.2706700434 7.3159296636 7.3743795063 7.4006493132 7.4570772259 7.4601798225 7.5729288117 7.5851449516 7.6409431212 7.6957365035 7.722051589 7.8702432336 7.87319482 7.9244941991 8.0327212321 8.0485591307 8.0564828976 8.2329299584 8.2537075347 8.3414457282 8.3445938561 8.3651610138 8.3905706274 8.3990424561 8.4273463968 8.510094778 8.5793569801 8.7638794155 8.8061849967 8.8835138039 8.9488929508 9.5866257014 9.6250624639 10.7713762726 10.8325907893 10.8443393536 15.5204458009 15.5682360972 15.5684760147 15.8793983924 15.8850286399 16.2586427379 24.057183449 24.6799684815 24.6864734457
502 2.5541969699 2.7646810716 3.1150141321 3.1489903013 3.2490458727 3.4621552072 3.8283463518 3.9170848466 3.9456795884 3.964528959 4.044550936 4.0993100375 4.1282961252 4.2393621017 4.5824666186 4.8280427113 4.8679083071 5.0291099395 5.0351299981 5.0409589428 5.0459027375 5.2595092523 5.3059053973 5.3140962501 5.3295020046 5.3429902728 5.3717669287 5.4276777904 5.4794298204 5.5518866759 5.5598403125 5.5849293624 5.6346376974 5.6754797522 5.6778124619 5.7240026551 5.8348100811 5.8375178426 5.9694204457 5.9714685469 5.9822490288 6.0114840135 6.095558501 6.1191294829 6.1952075668 6.3349983498 6.4781196226 6.5926266098 6.6848085699 6.7162956201 6.7781087936 6.8185355045 6.8517190685 6.8851218138 6.9532469562 6.9779610059 7.0317346958 7.0563096217 7.1850567436 7.1896680852 7.2680538661 7.3256775693 7.3800424255 7.4153606122 7.4603465571 7.4616674406 7.5676977678 7.5873645098 7.6355303674 7.7008235795 7.7118676091 7.8661639491 7.8718161425 7.9237411963 8.0313290265 8.0446116128 8.0629042595 8.2289893413 8.261487241 8.3436641548 8.3449390007 8.373605872 8.3891172333 8.3998575123 8.4253142108 8.5058994291 8.5774491579 8.7614508274 8.8079278296 8.8838699087 8.9541018924 9.6042293889 9.6417791748 10.7538438538 10.8133936896 10.8268679383 15.5191569096 15.5661130226 15.5679948402 15.8789474697 15.885886354 16.257807043 24.0592039557 24.6814895764 24.6875633712
503 2.5778498824 2.7827594363 3.0820572455 3.1926414422 3.2949462139 3.4386353167 3.80124351 3.9011821772 3.9071269892 3.9601106521 4.0392690719 4.0921489741 4.124560148 4.2309721801 4.5874192895 4.8317101442 4.8890089425 5.0278216909 5.0476857491 5.0536335191 5.0636613481 5.2719440076 5.2953745557 5.3163914142 5.3242757417 5.3287518832 5.3632235165 5.43494776 5.4973722586 5.564170425 5.569550909 5.5867649331 5.6480341489 5.6774650106 5.6846114162 5.7291687618 5.825730119 5.8325635449 5.961718535 5.9669646565 5.9676365817 5.9918703942 6.0945756098 6.0971755618 6.1760060542 6.3463821581 6.4955924347 6.5932035834 6.6888353628 6.7204824273 6.7657743034 6.8211229615 6.8502323894 6.8864681804 6.9604817714 6.9818834777 7.0388140919 7.0644395361 7.1777628831 7.1902149605 7.26617744 7.3343816533 7.3834353303 7.4295785826 7.4631699896 7.4651212074 7.561696569 7.5893290019 7.6300040834 7.7024681825 7.7055887794 7.8624296117 7.8703684277 7.923211908 8.0300342312 8.0412808641 8.069090757 8.2249934915 8.2685529783 8.3452765829 8.3457367129 8.3807368707 8.3877238519 8.400660975 8.4235674598 8.5021041579 8.5758393008 8.759307773 8.8094516406 8.8841843069 8.9589499251 9.6201998926 9.6570027115 10.737908724 10.7960611465 10.811379564 15.5179785183 15.5642554443 15.5676245371 15.8785530181 15.8866374343 16.2570751241 24.0609714475 24.6828204833 24.688517195
504 2.6008848488 2.7992433025 3.0511417384 3.235236993 3.3401323721 3.417512658 3.7672706917 3.8662808106 3.8930783268 3.9563493891 4.0363400781 4.0861056672 4.1213922273 4.2242028609 4.5916746485 4.8347776901 4.9082666048 5.0263781185 5.0532597186 5.0722267662 5.0810795785 5.2762571744 5.2783817278 5.3167077643 5.3194574869 5.3249059424 5.3578419347 5.4415639791 5.5155963772 5.5634914108 5.5848765468 5.5887661067 5.6570236159 5.684928859 5.6930439781 5.7349170665 5.8181767067 5.8298804573 5.9418536885 5.9633450811 5.9641831774 5.9724995462 6.0774773541 6.0935842836 6.1586199895 6.3564046569 6.5125573886 6.5935878454 6.6923356814 6.7240980882 6.7532554683 6.8231892577 6.8488755708 6.887277346 6.9667259143 6.9853694075 7.0461739713 7.0716168153 7.1700055234 7.1908175772 7.2648582474 7.3419225925 7.3850452654 7.4432301391 7.4646781776 7.4708713342 7.5550040296 7.5910158592 7.6245455334 7.6940211174 7.7099072132 7.859100636 7.8689367418 7.9228632862 8.0288693902 8.0385420805 8.0748734301 8.2210906948 8.2747977316 8.3455944825 8.3476261429 8.3864209475 8.3865687206 8.4014214336 8.4221035928 8.4987629919 8.5745350851 8.7574658992 8.8107505847 8.8844545704 8.9633144799 9.6342781556 9.6704697086 10.723824203 10.7808447818 10.798023098 15.51693769 15.5626708257 15.5673442569 15.8782165894 15.8872786171 16.25645021 24.0624789626 24.683955843 24.6893310053
505 2.6226175628 2.8136968132 3.0229562196 3.2760427663 3.3840025416 3.3992405495 3.7309771089 3.825124693 3.8890010188 3.9532567259 4.0345952972 4.0811433023 4.1187955562 4.2188447 4.5952027558 4.8372650888 4.9253098697 5.0248074189 5.0577441074 5.0907965301 5.0978658317 5.2570920113 5.2741693765 5.3080897859 5.3198109011 5.3315733818 5.3548106075 5.4472350667 5.5336592576 5.5594220655 5.5907671275 5.5972369985 5.6604705314 5.696071456 5.7031023503 5.7409276435 5.8159671154 5.826644239 5.9230717467 5.9536046408 5.9585967739 5.9612133245 6.0607248145 6.0925876284 6.143599644 6.364882303 6.528494084 6.5938182649 6.6952689084 6.7271098965 6.7410168142 6.8247900895 6.8476928092 6.8876964825 6.9719206583 6.988340253 7.053533451 7.0777040346 7.1621985802 7.1914136581 7.2639465742 7.3481991583 7.3854764684 7.4562142886 7.466143072 7.4769024791 7.5477224472 7.5924098679 7.6193868678 7.6867136635 7.7136550229 7.8562454366 7.8676076059 7.9226516675 8.0278656756 8.0363640613 8.080058987 8.2174591123 8.2801114255 8.345879297 8.3492877065 8.3852474196 8.3911551896 8.4021061915 8.4209177264 8.4959306842 8.5735267785 8.7559390094 8.8118198099 8.884678609 8.9670771996 9.6462129972 9.6819222414 10.7118482488 10.7679889755 10.7869244147 15.5160568139 15.5613655364 15.5671369137 15.8779395066 15.8878071041 16.2559350709 24.0637205637 24.6848910814 24.690001461
506 2.6420623548 2.8256463996 2.9984895806 3.3137788343 3.3843066193 3.4254395833 3.6957233999 3.7854181288 3.8868762301 3.9508419253 4.0335238461 4.0772598126 4.1167728952 4.2147691673 4.5979769888 4.8391866731 4.9396708203 5.023169899 5.0611870589 5.1091183836 5.1135074734 5.238226355 5.2631768167 5.2999117701 5.3260643918 5.3365524535 5.3531461215 5.4517559703 5.5510484688 5.5539967151 5.5925778942 5.6064034981 5.6583115554 5.7085686678 5.7141623798 5.7466978973 5.8191251666 5.8228367691 5.9060491912 5.9356136633 5.9536286004 5.9582813604 6.0475098346 6.0915902057 6.1314810919 6.371657591 6.5427144864 6.5939369441 6.6975969352 6.7294879387 6.7297072529 6.8259761711 6.8467244642 6.887862781 6.9760159194 6.990727289 7.0604907771 7.0825790127 7.1548308414 7.1919464153 7.2633321553 7.3531355018 7.3852739914 7.467475529 7.4683607028 7.482517233 7.5400196575 7.5935012502 7.6148171408 7.6807441211 7.7167151876 7.8539338479 7.8664651526 7.9225360666 8.0270515207 8.0347136799 8.084433143 8.2143024245 8.2843858782 8.3461176794 8.3506692835 8.3842505421 8.3945782297 8.4026825786 8.420003902 8.493660163 8.5727909529 8.754738804 8.8126554096 8.884854688 8.970130066 9.6557726571 9.6911201331 10.702227828 10.7577195673 10.7781860881 15.5153537596 15.5603448254 15.5669890077 15.8777228596 15.8882205803 16.255531999 24.0646913608 24.6856224289 24.6905258076
507 2.657863183 2.8346181305 2.9791001827 3.3461425042 3.373195593 3.4621958598 3.6647451486 3.7497344238 3.8857615463 3.9491120762 4.0328789386 4.0744681784 4.1153264819 4.2118995992 4.5999752699 4.84055258 4.9507619502 5.0216107524 5.0636233574 5.1266458429 5.1270596377 5.220274474 5.25143568 5.2932983728 5.3326290677 5.3399925323 5.3522372898 5.455016051 5.5488909902 5.5668910314 5.5940172317 5.6125499035 5.6520736712 5.7201555293 5.7248085814 5.7515757746 5.8187443725 5.8260536986 5.8918744573 5.9194010098 5.9490453113 5.9557241454 6.0381528783 6.0906375217 6.1226970727 6.3765991859 6.5542811449 6.5939851359 6.6992864404 6.7202371989 6.7312066054 6.8267903742 6.8460052922 6.887892638 6.9789711927 6.9924742795 7.0664603646 7.0861394966 7.1485403742 7.1923666296 7.2629396619 7.356683378 7.3848526183 7.4685579287 7.4793018324 7.4870849963 7.5322583538 7.5942840417 7.6111738528 7.6763062683 7.7189845064 7.8522299577 7.8655856542 7.9224811271 8.0264511428 8.033560163 8.0877736498 8.2118358056 8.2875221216 8.3462976362 8.3517141947 8.3834831767 8.3969318364 8.4031202104 8.4193562189 8.4919990693 8.5722969977 8.7538746477 8.8132543843 8.8849814431 8.9723814428 9.6627577096 9.6978550595 10.6951810838 10.7502311512 10.7718876488 15.514842105 15.5596127983 15.5668903796 15.8775675003 15.8885172288 16.2552427943 24.0653875309 24.6861469371 24.6909018892
508 2.6683743102 2.8401957241 2.9664353192 3.3663313885 3.3691958382 3.4896793773 3.6424014149 3.7228379289 3.8852218857 3.9480721819 4.0325333526 4.0727847582 4.1144579623 4.21019241 4.6011810696 4.8413695552 4.9578819159 5.020415193 5.065076285 5.1368377056 5.1416880526 5.2049649154 5.2424065984 5.2890179318 5.3371949668 5.3420090825 5.3517803465 5.4569749876 5.5453165636 5.5792938948 5.5949411494 5.6160346129 5.6448252137 5.7285554035 5.7328812416 5.7548709891 5.8152573266 5.833597726 5.8821442704 5.9069079287 5.9457391157 5.9539490982 6.0326525228 6.0898856038 6.1174577324 6.3796066313 6.5620103026 6.5939980488 6.7003113154 6.7137726865 6.7322461548 6.827265282 6.8455622927 6.8878740555 6.9807565982 6.99353956 7.0706366824 7.0883080761 7.1441620168 7.1926355338 7.2627214562 7.358818119 7.3844929236 7.4692692715 7.4880302937 7.4900759148 7.5254405484 7.5947548416 7.6088028251 7.6735668628 7.7203813424 7.8511852918 7.8650308452 7.9224596275 8.0260831045 8.0328787508 8.0898769251 8.2102584373 8.2894394795 8.3464096776 8.3523683293 8.3829966794 8.398302865 8.4033939805 8.4189697691 8.4909856948 8.5720150836 8.7533533771 8.8136146122 8.8850578915 8.9737614944 9.6670140132 9.7019649647 10.6908795836 10.7456742942 10.7680858591 15.5145313619 15.5591724005 15.5668339693 15.8774740396 15.888695743 16.255068751 24.0658063326 24.6864624906 24.691128159
509 2.6720900913 2.8420896684 2.9620015291 3.3640080698 3.3777969438 3.5004072412 3.6340192302 3.7122970716 3.8850609959 3.9477252208 4.0324244954 4.0722220783 4.1141683429 4.2096255753 4.6015841573 4.8416414611 4.9603557681 5.0199536925 5.0655591528 5.1405255837 5.1487189248 5.1978429606 5.2389282022 5.2875377916 5.3388124206 5.3426733018 5.3516407054 5.4576274181 5.5440362746 5.5844092586 5.5952592936 5.6171588159 5.6413214007 5.7316690973 5.7359674971 5.7560391001 5.8138190367 5.8371129613 5.878620793 5.9018516142 5.9445271174 5.953309876 6.030848222 6.0895886692 6.1157327955 6.3806163788 6.5647549677 6.5939995346 6.7006548581 6.7114506561 6.7325940973 6.8274212726 6.8454126565 6.8878616884 6.9813537952 6.9938975312 7.0721627517 7.0890364158 7.1425671687 7.1927280678 7.2626514768 7.3595303744 7.3843556045 7.4695178208 7.4911183891 7.4918045557 7.5223036788 7.5949119459 7.6079772238 7.6726401299 7.720853031 7.8508332203 7.8648411998 7.9224544139 8.0259590941 8.0326534537 8.0905960382 8.2097148753 8.2900847986 8.3464477225 8.3525913996 8.3828296739 8.3987525227 8.4034871936 8.4188413266 8.4906450072 8.571923715 8.7531791544 8.8137348282 8.8850834404 8.9742264774 9.6684439328 9.7033467378 10.6894331452 10.7441444367 10.7668148049 15.5144271599 15.559025404 15.5668156227 15.8774428452 15.8887553354 16.2550106497 24.0659461166 24.6865678168 24.6912036859
510 1.8938440107 1.9378440382 2.1701456958 2.2086700922 3.7569100656 3.8532048265 3.9950292145 4.1060817373 4.3282872045 4.3292750421 4.3798955308 4.381070805 4.4854599427 4.5106073551 4.5971053554 4.6065719092 4.6428128194 4.7351836028 4.7371050195 4.7753815053 4.8170453473 4.9060443123 4.9139985696 4.9551205508 4.9653657861 5.0723907986 5.1319960465 5.2489275425 5.2927854996 5.2942416035 5.5433853529 5.6323623111 5.6738526478 5.8051984316 5.9060580361 5.9643327229 6.0387017592 6.1043507708 6.1263866055 6.1591053644 6.1722101886 6.2486109924 6.2515474034 6.3163727729 6.370419439 6.4456101892 6.5331233332 6.5644923869 6.5859787268 6.5900549263 6.6561409681 6.6854434209 6.7165694736 6.7396200502 6.7727326728 6.834616563 6.8714245416 6.8946439024 6.9131428745 7.0138397666 7.0277526395 7.0427444926 7.0567203575 7.0893285547 7.1065732874 7.1404982094 7.3204869704 7.3693225844 7.5545718103 7.6470340609 7.7059467342 7.912424604 7.9260565939 8.0147160006 8.1061139338 8.1135559399 8.135522976 8.1602745387 8.1970105647 8.2579402039 8.2743394383 8.2839016445 8.3698244419 8.396810988 8.5154987418 8.5948987913 8.7381649771 8.7480992106 8.8668875883 8.8986094666 8.9171644924 9.3212236731 9.5979498661 11.241384968 11.4658331638 11.9983347816 15.4340456354 15.7214612863 15.9130700172 16.1170032022 16.1247262107 16.3740014945 23.9455667152 24.6017657754 24.6837941937
511 1.8948031001 1.9387238027 2.1699635782 2.2091896631 3.7581797236 3.8532756159 3.9952915241 4.1047213938 4.3286334405 4.3293895931 4.3798164718 4.3807904556 4.4858002452 4.5109152532 4.5956671534 4.6077470795 4.6416371619 4.7343675283 4.7375892296 4.7749293788 4.8170774794 4.8975194597 4.9142574052 4.9551555628 4.9757533089 5.0730329606 5.1323819712 5.2502734798 5.2930636219 5.2933602074 5.5434421278 5.6294117188 5.6740553911 5.8044808273 5.9055269155 5.9665239502 6.0374828353 6.1045629323 6.1269311368 6.1596448024 6.1727294414 6.2475530054 6.2513228284 6.3157749797 6.3723087222 6.4443460205 6.5341401132 6.562764387 6.5854607651 6.5896633258 6.6560645481 6.6856272368 6.7168886279 6.7395149889 6.7722499748 6.8351659723 6.8712103305 6.8955866445 6.9132019358 7.0141522092 7.0286059949 7.0443025497 7.049010417 7.0973811403 7.10609575 7.1416580733 7.3198557218 7.3697229423 7.5546356206 7.6466905446 7.7059457339 7.9124483745 7.9256273197 8.0148781453 8.1060470803 8.1133289498 8.1359962235 8.1602188963 8.1970588273 8.2576702828 8.2742634578 8.2836797345 8.3696894995 8.3967657675 8.5155262644 8.5949872062 8.7380085796 8.7481463195 8.866906749 8.8985775251 8.9170911262 9.3212722767 9.5979446869 11.2409580204 11.465299175 11.9977003868 15.4340601534 15.7214364332 15.9130123238 16.1165432744 16.1246274994 16.3739046272 23.9456941621 24.6018005139 24.6836390982
512 1.8976776337 1.9413607991 2.1694220705 2.2107420864 3.7619785763 3.8534316146 3.9961481426 4.1007210968 4.3296551376 4.329667513 4.3795382825 4.3799335839 4.4868374258 4.5117312589 4.5914112485 4.6112541722 4.6383282211 4.7316908749 4.7389673237 4.7735889773 4.8171696248 4.8812307309 4.9150314523 4.9552611646 4.9978315544 5.0749426931 5.1335388073 5.2542781912 5.2907324895 5.2939078205 5.5436123957 5.6207969765 5.6746596801 5.802365836 5.9039410716 5.9728202095 6.0339930047 6.1051849742 6.1285636812 6.1604103913 6.1749715294 6.2444042241 6.2506500972 6.3144572764 6.3774461082 6.4407166927 6.5370333797 6.5576762953 6.5839422369 6.5885254551 6.6558051599 6.6861587122 6.717820753 6.7392228392 6.7708271648 6.836795256 6.8705523074 6.8983779281 6.9134473985 7.0151542943 7.0311176983 7.0345443235 7.0487853186 7.1046592463 7.1128935242 7.1451706873 7.318065182 7.3708343596 7.5548288744 7.6456643769 7.7059396938 7.9125189845 7.9243543568 8.0153628589 8.1058469664 8.1126512471 8.1373907917 8.1600492708 8.1972123999 8.256865844 8.2740318067 8.2830135915 8.3692854389 8.3966300984 8.5156080846 8.5952522961 8.7375400336 8.7482869797 8.8669643779 8.8984822636 8.9168714572 9.3214188821 9.59792922 11.2396781389 11.4636979524 11.9957980875 15.4341036596 15.7213619714 15.9128394666 16.1151650833 16.1243317537 16.3736145535 23.9460760024 24.6019045958 24.6831744029
513 1.9024594448 1.9457481632 2.1685356063 2.2133087283 3.7682762698 3.8535099753 3.9978002521 4.0943036166 4.3298632606 4.3313754841 4.3784548796 4.3789324898 4.4886115094 4.5127111675 4.5845109894 4.6170402291 4.633513642 4.7265751772 4.7410585884 4.7714070484 4.8173082713 4.8656028295 4.9163131801 4.9554388936 5.023674938 5.0780713686 5.1354694272 5.2608465212 5.28640775 5.2953487725 5.5438960437 5.6071393691 5.6756536579 5.7989455661 5.9013227842 5.9824994302 6.0286467605 6.1061740712 6.1312819718 6.1598980963 6.1800215211 6.2392813162 6.2495320952 6.3133189486 6.3847257556 6.4351162823 6.5414273573 6.5494936469 6.5815229862 6.586748858 6.6552776491 6.6869828473 6.7192827143 6.7388064662 6.768556705 6.839447865 6.8694207322 6.9029130679 6.914053953 7.0169436009 7.0190177319 7.0351561528 7.0557359396 7.1022529496 7.1302260936 7.1511272294 7.3153754253 7.3724367784 7.5551569766 7.6439682129 7.7059199968 7.9126343303 7.9222802771 8.0161649075 8.105514932 8.1115322798 8.1396321245 8.1597579178 8.1974988314 8.2555413326 8.2736348803 8.2819020015 8.3686145393 8.3964039643 8.5157419773 8.5956935919 8.736761282 8.7485191973 8.8670609022 8.8983253714 8.9165067741 9.3216658719 9.5979036772 11.23754821 11.461031732 11.992630543 15.4341760103 15.7212381938 15.9125521146 16.1128734092 16.1238401368 16.3731328482 23.9467107365 24.6020776206 24.682401879
514 1.909135047 1.9518745452 2.1673279071 2.2168593046 3.7770222111 3.8532623947 4.0005549071 4.0857856994 4.3297395871 4.3337340185 4.3762848515 4.377766652 4.4911643837 4.5132228006 4.5752552502 4.625023302 4.6281833076 4.7184468169 4.7436628537 4.7684575975 4.8174687659 4.8535983708 4.9180895154 4.9556908612 5.0507517347 5.0823428915 5.1382036489 5.2698325461 5.28046789 5.297441783 5.5442930795 5.5892448617 5.6770174363 5.7943269848 5.8977083483 5.994631645 6.0219340067 6.1074604848 6.1350844995 6.1577864266 6.1877031213 6.2324445961 6.2479732989 6.3129789208 6.3931152688 6.4279915922 6.5385965494 6.5469057359 6.5783519352 6.5845036327 6.6543547376 6.6880224817 6.7211060648 6.7383526048 6.7656455105 6.8430298607 6.8678110814 6.9090353197 6.9152299594 7.003726081 7.0195208859 7.040538959 7.0646218009 7.0988616335 7.1481802188 7.1596524549 7.3121063636 7.3742748988 7.5556287148 7.6416216894 7.705873778 7.9127909123 7.9194699363 8.0172753793 8.1050532109 8.1099867002 8.1425985061 8.159333007 8.197968058 8.2537166696 8.2730608143 8.2803430259 8.3676805308 8.3960873558 8.5159242934 8.5963102993 8.7356755757 8.748839669 8.8671969909 8.8981096656 8.9159992247 9.3220172148 9.5978684092 11.234573053 11.4573042541 11.9882021974 15.4342769662 15.7210655872 15.9121513796 16.1096762289 16.1231545821 16.3724621025 23.9475958716 24.6023189224 24.681324472
515 1.9176858153 1.9597242422 2.165831501 2.2213529927 3.7881454253 3.8523947715 4.0047785361 4.0755233099 4.3290164552 4.3367102257 4.3733354459 4.3756773697 4.4945157354 4.5123232856 4.5640697844 4.623633377 4.6350985122 4.707240435 4.7466244931 4.7648363834 4.817613122 4.846155074 4.9203409936 4.9560193068 5.0779104891 5.0876595794 5.1418704004 5.273027385 5.281055089 5.300273874 5.544803944 5.5679214582 5.6787228567 5.7886087395 5.893147064 6.0082833903 6.0142941281 6.1089498917 6.1399715566 6.1544102022 6.1972299743 6.2242660804 6.2459792297 6.3136384232 6.4018209736 6.4197299924 6.5254165336 6.5531239682 6.5746095376 6.582012852 6.652881862 6.6891949241 6.7229722709 6.737952457 6.7624933079 6.8474081926 6.8657808918 6.9165548543 6.9171443048 6.9891762069 7.0227775377 7.0470677699 7.0749381498 7.0944698403 7.1663923719 7.1708634906 7.3085681293 7.3761247952 7.5562559167 7.6386497495 7.7057856665 7.9129838445 7.9160031077 8.0186815376 8.1044649312 8.1080330011 8.146123042 8.1587599643 8.1986983392 8.2514133971 8.2722993237 8.2783341251 8.3664884966 8.3956802973 8.5161500458 8.5971012794 8.7342874899 8.7492438113 8.8673734926 8.8978390933 8.9153518167 9.3224784609 9.5978239017 11.2307594326 11.4525207847 11.9825192973 15.4344061932 15.7208448303 15.9116388123 16.1055847262 16.1222777859 16.3716058767 23.9487279312 24.6026275723 24.6799462916
516 1.9280882327 1.9692773779 2.1640870863 2.2267399031 3.8015540486 3.8506235215 4.0108324652 4.0638680004 4.3274867646 4.3402614428 4.3695030264 4.3721389276 4.4986479823 4.5089104241 4.5515614756 4.6212821211 4.6471427701 4.6936036747 4.7498532831 4.7606542391 4.8176880776 4.8430437161 4.923040429 4.9564262998 5.0939078052 5.1040307104 5.1469609887 5.2642340262 5.294314 5.3039753151 5.5438785029 5.5454299925 5.6807330527 5.7818778206 5.8877002742 6.0060710838 6.0226246611 6.1105264349 6.1459419809 6.1500065717 6.2080028251 6.215138395 6.2435555939 6.3152411614 6.4102163562 6.4106340653 6.5103856904 6.5598352321 6.5704939025 6.579542603 6.6506899495 6.6904286842 6.7243045394 6.7376847279 6.759799751 6.8524040295 6.8634586941 6.9198898058 6.925265139 6.9757319075 7.0265514219 7.0545535557 7.0862545867 7.0890675304 7.1846981122 7.1848197843 7.305034641 7.3778164619 7.557052956 7.6350810463 7.7056394806 7.9119668935 7.9132068688 8.0203667889 8.1037541168 8.1056920391 8.1499947391 8.1580229221 8.1998033493 8.2486519758 8.2713443816 8.2758723233 8.3650447412 8.3951828808 8.5164130246 8.598065021 8.7326029462 8.7497258018 8.8675913537 8.8975187351 8.9145684174 9.3230567355 9.597770771 11.2261160767 11.4466881447 11.975589918 15.4345632624 15.7205767913 15.9110163966 16.1006133039 16.121213197 16.3705686388 23.9501024688 24.6030023815 24.6782725974
517 1.9403141913 1.9805101245 2.162142773 2.2329628302 3.8171340559 3.8477342044 4.0190056172 4.0511407224 4.3250272422 4.3443349659 4.3646670033 4.3664498804 4.5021612148 4.5035056027 4.5385546825 4.6222320641 4.6610181949 4.6785654273 4.7533182016 4.7560302689 4.8176235285 4.843450311 4.92615093 4.9569137062 5.1009615269 5.1266853096 5.1553780965 5.2542713732 5.3087366687 5.3094043778 5.5176994167 5.5461741972 5.6830016943 5.7742136116 5.8814408118 5.9975173731 6.0369637785 6.1120563755 6.1446968754 6.1529814785 6.2054040462 6.2196203018 6.240707023 6.3176298134 6.4009391404 6.4177608703 6.4939057155 6.566212713 6.566874714 6.5773876602 6.6476058233 6.6916787343 6.7242444106 6.7376041387 6.7585753656 6.857777385 6.8610225697 6.9234882149 6.9349535956 6.9637612824 7.0306816344 7.0628294638 7.0826569491 7.0982441354 7.2014830899 7.2029999542 7.3017408314 7.3792322456 7.558036107 7.6309467521 7.7054195601 7.9074492355 7.9134523769 8.0223107999 8.1029256893 8.1029856767 8.1539614877 8.1571060526 8.2014362391 8.2454505251 8.2701954498 8.2729544094 8.3633566356 8.3945953049 8.5167059358 8.5991996053 8.7306292365 8.7502786303 8.8678515193 8.8971548096 8.9136537532 9.3237607305 9.5977097579 11.2206536985 11.439814749 11.9674239965 15.4347476511 15.7202625245 15.9102865413 16.094779589 16.1199650029 16.3693556939 23.9517140849 24.6034419059 24.676309781
518 1.9543313406 1.9933949594 2.1600532358 2.2399591926 3.8347465249 3.8436201567 4.0294671029 4.0376207161 4.3215947704 4.3488677495 4.3577882881 4.3586842959 4.4919799102 4.5090064756 4.5260503025 4.6268379498 4.6630831782 4.6765753295 4.7510857131 4.7570332703 4.8173313002 4.8465060232 4.9296229876 4.957483444 5.1086814365 5.1413551283 5.1711113061 5.243364662 5.314830302 5.326127133 5.4898547629 5.5470421603 5.6854717317 5.765691289 5.8744532525 5.9888138109 6.0507545111 6.1133922707 6.1385519115 6.1610398204 6.1953316638 6.2317871686 6.2374353222 6.3206262121 6.3908422222 6.4239642955 6.4763346276 6.5619801352 6.5741353598 6.5758434229 6.6434623106 6.6929403649 6.7220921959 6.7377356456 6.7596851749 6.8586665741 6.8632009055 6.9279155878 6.945405962 6.9536964627 7.0350393144 7.0717542158 7.0752604794 7.1106918723 7.2207075737 7.221229163 7.2988864599 7.3802988253 7.5592227721 7.626279903 7.705111612 7.9025341938 7.9137114374 8.0244897364 8.0999356792 8.1019854719 8.1559946512 8.1577438881 8.2037810674 8.241824644 8.2688576205 8.2695771628 8.3614324465 8.3939179171 8.5170205577 8.6005026615 8.7283750475 8.7508941626 8.8681548248 8.8967546787 8.9126134079 9.3246006921 9.5976417213 11.2143850243 11.4319106536 11.9580333729 15.4349587439 15.7199032659 15.9094520721 16.0881044311 16.118538114 16.3679731076 23.9535564479 24.6039444508 24.6740653442
519 1.9701034707 2.0079009501 2.1578788149 2.2476630629 3.8382869993 3.8542221587 4.0235441287 4.0422526214 4.317207407 4.3453959662 4.3513821698 4.3537861084 4.4789751632 4.515033976 4.5150580897 4.6347490272 4.647848704 4.6936569974 4.7459386812 4.7610455326 4.8167044239 4.8515306881 4.9333902107 4.9581379987 5.1169056937 5.1494600086 5.1921532412 5.2317939866 5.3226269928 5.3442954801 5.4607301879 5.5480435825 5.6880733764 5.7563830284 5.8668353955 5.9800893469 6.0636003427 6.1143776571 6.1316229909 6.169999859 6.1851215387 6.2337371821 6.2442496564 6.3240582461 6.380534091 6.4284005022 6.4579852591 6.5580166116 6.5751542439 6.5815471208 6.638110192 6.6942618833 6.7179534147 6.7380730947 6.7631887278 6.8565724753 6.8682329774 6.9331267061 6.9460649329 6.9564046267 7.039536669 7.0669298367 7.0812101632 7.123477329 7.2393316771 7.2422635726 7.2966393412 7.3809805072 7.5606306261 7.621115255 7.7047031098 7.8972990631 7.9139738333 8.0268765751 8.0965629084 8.1009401944 8.1546759348 8.1610722962 8.2070191803 8.2377878388 8.2657375937 8.2673411441 8.3592811614 8.3931512561 8.5173479082 8.601971314 8.7258504829 8.7515632123 8.8685018805 8.8963268548 8.9114538192 9.3255884046 9.5975676301 11.2073248254 11.4229876135 11.9474318413 15.4351958334 15.7195004288 15.90851622 16.0806118861 16.1169381441 16.366427629 23.9556223189 24.6045080775 24.6715478727
520 1.9875909201 2.0239940593 2.1556845941 2.2560071926 3.8318281272 3.8753506172 4.0091076043 4.0572783793 4.3119216898 4.3288671098 4.3425556938 4.3590054831 4.4640765945 4.50616145 4.5215717842 4.633318868 4.6453066229 4.7121027783 4.7406993306 4.7654284626 4.8156175396 4.8580562706 4.9373630543 4.9588811614 5.12542224 5.1554135847 5.2134447261 5.2199246308 5.3325777258 5.3637377294 5.4306569689 5.5491944289 5.6907209499 5.7463578801 5.8587014552 5.9714364373 6.0752567428 6.1148522318 6.1239545906 6.174920322 6.1796502995 6.2296014213 6.2567372217 6.3277626355 6.3702421025 6.4307596987 6.4391299647 6.5545490832 6.5754403723 6.5890615658 6.6314325807 6.6957550861 6.7125058238 6.7385807343 6.7685639819 6.8548925405 6.8723414388 6.9390704171 6.9414586018 6.9677193991 7.044122867 7.0577592598 7.0910990785 7.1365418123 7.2572618835 7.2658785149 7.2951360515 7.38127613 7.5622767417 7.6154895507 7.7041833623 7.8918130414 7.9142281085 8.0294414343 8.0928867894 8.0997975006 8.1531395818 8.1637460617 8.2112718837 8.2333522103 8.261433186 8.26566069 8.3569123231 8.3922960909 8.517678417 8.6036021206 8.7230670812 8.7522756254 8.8688929566 8.8958810082 8.910182272 9.32673717 9.5974885562 11.1994899547 11.4130591501 11.9356352091 15.4354581216 15.719055598 15.9074826094 16.0723291852 16.1151713887 16.364726616 23.9579035792 24.6051306095 24.6687670069
521 2.0067509977 2.0416374626 2.1535394828 2.264924938 3.8243887308 3.8978596567 3.9944737358 4.0743620313 4.3058134102 4.3083597657 4.3319823523 4.3644303651 4.4482295385 4.4995205998 4.528471581 4.6198235931 4.6578474525 4.7317534115 4.7354645056 4.7702812729 4.8139297106 4.8657761392 4.9414195421 4.959718988 5.1338934932 5.1607033376 5.2082834167 5.2328900441 5.34510667 5.3842970804 5.39994167 5.5505201944 5.6933081265 5.7356812458 5.8501875265 5.9629218826 6.0856194581 6.1146574519 6.1155896681 6.1648351743 6.1896789047 6.2250060755 6.2688748982 6.3315787179 6.3603096752 6.4200076278 6.4309086565 6.5518088614 6.5766310951 6.5966407876 6.62336048 6.6975999768 6.7064031219 6.7391963394 6.7752984519 6.8537416407 6.8750813134 6.9403449605 6.9456968954 6.9790806575 7.0479140209 7.0487746401 7.1013374058 7.1498575803 7.2749794402 7.2912743488 7.2944793557 7.3812202234 7.5641767732 7.6094420849 7.7035433841 7.886137031 7.9144616242 8.0321518901 8.0889249973 8.0985659599 8.151378071 8.1656822296 8.2165525646 8.2285292097 8.2566621313 8.263834532 8.3543358859 8.3913534562 8.5180020951 8.605391002 8.7200378265 8.7530203723 8.8693278733 8.8954279764 8.9088068882 9.3280617794 9.5974056658 11.1908993877 11.4021406294 11.9226613668 15.4357447215 15.7185705238 15.9063552446 16.063286684 16.1132448004 16.3628779649 23.9603912626 24.6058096413 24.665733408
522 2.0275384069 2.0607918718 2.1515153219 2.2743520107 3.8161337902 3.9213732508 3.9797767077 4.0932281929 4.2845736405 4.2989643447 4.3194741279 4.3699545212 4.4322712991 4.4946524892 4.5356975357 4.6076688353 4.6717954431 4.7303102635 4.7524542819 4.775733856 4.8114918392 4.8744914088 4.9453915133 4.9606610304 5.1416449234 5.1657090388 5.197768819 5.2497436858 5.3603959578 5.3688958076 5.4058290926 5.5520609548 5.6957010846 5.7244144552 5.8414599245 5.9545941592 6.0946916699 6.1065720261 6.1136422909 6.1549446976 6.199694912 6.2199160277 6.2799939405 6.3353382265 6.3513807704 6.4008304979 6.4289174644 6.5500232064 6.5784485581 6.6042491679 6.613887969 6.7000373639 6.7001042468 6.7398352552 6.7830573091 6.8531956581 6.8764065652 6.9427460641 6.952960113 6.9900834951 7.0377269807 7.053486542 7.1118517355 7.1634077792 7.292447455 7.294730937 7.3181910448 7.3808891582 7.5663442668 7.6030154815 7.70277568 7.8803241742 7.9146606272 8.034973255 8.0846933023 8.0972550816 8.1493868824 8.1669141026 8.2227682675 8.2233303755 8.2514235411 8.2618837454 8.3515621046 8.3903246811 8.5183086972 8.6073331635 8.7167771505 8.7537856527 8.8698059005 8.8949797731 8.9073366101 9.3295784776 9.5973202127 11.1815742671 11.390249351 11.908530369 15.4360546586 15.7180471149 15.9051384945 16.0535177927 16.1111659618 16.3608900479 23.9630755895 24.6065425462 24.6624587206
523 2.0499056643 2.0814158551 2.1496860271 2.2842279862 3.8072264651 3.9453239318 3.9651273829 4.1134739609 4.2586021142 4.2914545135 4.3049908807 4.375461702 4.4168810395 4.4907635984 4.5432052456 4.5972038866 4.686644237 4.725279898 4.7740572921 4.7819565796 4.8081620934 4.8840715375 4.9490444134 4.9617219689 5.1471387157 5.1705349298 5.1901724006 5.263959587 5.3378684107 5.3781929594 5.4281972708 5.5538793631 5.6977294514 5.7126145997 5.8327267243 5.9464882649 6.0969474675 6.102537833 6.1116686503 6.1453067349 6.209273544 6.2142823493 6.2887117981 6.3388509611 6.3448166369 6.3817892616 6.4250349511 6.5493924113 6.5804669264 6.6030901751 6.6118467699 6.693921578 6.7033419204 6.7403952739 6.7916337982 6.8532941155 6.876758851 6.9481465553 6.9608180292 6.9996911498 7.0281962234 7.0582631081 7.1225747388 7.1771768739 7.2958968453 7.3096313433 7.3463964678 7.3804137783 7.5687901486 7.5962566291 7.7018740242 7.8744208088 7.914810327 8.0378688141 8.0802055202 8.0958753357 8.1471646133 8.1675448591 8.2177680192 8.2297658332 8.2457176297 8.2598314509 8.3486014704 8.389211411 8.5185878717 8.609423009 8.713300924 8.754559009 8.8703256726 8.8945495982 8.9057811757 9.3313049157 9.5972335306 11.1715379516 11.3774046501 11.8932645261 15.4363868726 15.7174874313 15.9038370762 16.0430588852 16.108943056 16.3587716565 23.9659460053 24.6073264863 24.6589555324
524 2.0738035031 2.10346615 2.1481267773 2.2944975285 3.7978163595 3.9506175925 3.9687611969 4.1344414672 4.2319157601 4.2833584464 4.2888436704 4.3808270567 4.4025476492 4.4869540615 4.550963371 4.5888307306 4.7019132479 4.7203638028 4.7891718153 4.7964204647 4.8038342176 4.894428258 4.952048565 4.962923887 5.147822283 5.1752073162 5.1883203079 5.2759506167 5.307285039 5.3978378579 5.4512668117 5.5560735072 5.6991763845 5.7003346243 5.8242515699 5.9386288383 6.086764502 6.1086157426 6.1092400737 6.1359637941 6.2080448949 6.2180066824 6.2926084575 6.3418834732 6.3430169427 6.3630551423 6.4196378264 6.5500241547 6.5822265079 6.5911701064 6.6193832809 6.6880780636 6.707773187 6.7407629296 6.8008910597 6.8540456714 6.8767613611 6.955804222 6.9692318691 7.0034310178 7.0237914208 7.063113416 7.1334415521 7.1911476521 7.2979023807 7.3264980628 7.3756873354 7.3800006655 7.5715224105 7.5892177521 7.7008332871 7.8684676282 7.9148949807 8.0408000198 8.0754735305 8.09443818 8.1447130472 8.1676969535 8.2118558511 8.2373820756 8.2395458617 8.257702114 8.3454646977 8.3880156218 8.5188292961 8.611654049 8.7096264346 8.755327453 8.87088512 8.8941518461 8.9041510847 9.3332600902 9.5971470278 11.1608160673 11.3636280114 11.876888511 15.4367402198 15.716893676 15.9024560374 16.0319491886 16.1065848346 16.3565319534 23.9689912212 24.6081584229 24.6552373289
525 2.0991812545 2.1268979612 2.1469132531 2.3051113009 3.7880345729 3.9363236254 3.9899300792 4.154820882 4.206685346 4.2721064949 4.2747439323 4.3859194738 4.3895888721 4.482410833 4.5589505219 4.5829288855 4.7154658342 4.7171146646 4.797656958 4.7984848771 4.8194038971 4.90549879 4.9539419623 4.9642996019 5.1433805532 5.1797302177 5.1928048027 5.2776955959 5.2863004828 5.4184734302 5.4748959744 5.5587975049 5.6876236161 5.6997730412 5.8163653296 5.9310320473 6.0760749986 6.1043828568 6.1148679614 6.1269468194 6.2011396267 6.2255472399 6.2902228571 6.3441263855 6.3447780411 6.347421073 6.4131958878 6.5516600179 6.5787018775 6.5833538553 6.6267913873 6.6827398375 6.7135155061 6.7408225893 6.8107283526 6.8554352974 6.8769057354 6.9650737052 6.9781651161 6.9966636248 7.0291886187 7.0680477113 7.1443865139 7.2053012529 7.3005548235 7.3430155769 7.3799629662 7.4058857515 7.574545983 7.5819576158 7.6996493425 7.8625009104 7.914897982 8.0437266573 8.0705073326 8.0929560963 8.1420371984 8.1674828532 8.2056095499 8.2329110601 8.2454725568 8.2555209007 8.3421627723 8.3867396261 8.5190227951 8.6140188046 8.7057723494 8.7560776048 8.8714814228 8.893802112 8.90245755 9.3354642644 9.5970621832 11.1494365617 11.3489431964 11.8594294778 15.4371134751 15.7162681867 15.9010007375 16.0202306534 16.1041005833 16.3541804295 23.9721992584 24.6090351271 24.6513184461
526 2.1259872026 2.1461209245 2.1516652403 2.3160265588 3.7779925663 3.9223090126 4.0054885568 4.1713970023 4.1865460632 4.2577664572 4.2656721087 4.3782768215 4.3906049915 4.4765870118 4.5671522609 4.5797076178 4.7103502288 4.7317584536 4.7922453843 4.807715642 4.8428573145 4.9172349714 4.9540944507 4.9658977651 5.1367368895 5.1841041806 5.2009613486 5.2498267681 5.2955428968 5.4392138532 5.4989235448 5.562292863 5.6745272256 5.6992102723 5.8094644624 5.9237065377 6.0649350357 6.098890408 6.1182778494 6.119462961 6.1935111768 6.2316417467 6.283359088 6.3270802335 6.3451498543 6.3561994668 6.406274854 6.551766899 6.5685045719 6.5836419549 6.6339781979 6.6780322955 6.7206322145 6.7404706801 6.8210636338 6.857431994 6.8774708964 6.9755012206 6.9861509852 6.987582459 7.0377057105 7.0730755303 7.155340144 7.2196181369 7.3035015199 7.3591524731 7.3807535422 7.4368341757 7.5745428649 7.5778627594 7.6983190772 7.8565537471 7.9148019474 8.0466070042 8.065315127 8.0914426372 8.1391453452 8.1669958548 8.1990472799 8.2258174777 8.2533130883 8.2539202661 8.3387070602 8.3853860745 8.5191584434 8.6165087106 8.7017586608 8.7567958468 8.8721109865 8.8935171933 8.900712434 9.3379388672 9.5969805438 11.1374297596 11.3333763857 11.8409171979 15.4375053344 15.7156134261 15.8994768274 16.007947807 16.101500086 16.3517268676 23.9755574944 24.6099531926 24.6472140188
527 2.1458243861 2.1541689067 2.177720942 2.3272074301 3.7677827975 3.9086267256 4.0101647993 4.1768745932 4.176954888 4.2526413467 4.2561981654 4.3691091554 4.3947512388 4.4693123216 4.5755585125 4.5790899453 4.7045704843 4.7454209194 4.7854935078 4.8195888424 4.8665785892 4.9295960624 4.9517178976 4.9677909575 5.1301244009 5.1883332608 5.2107723567 5.2246158966 5.3040800372 5.4591776933 5.5231487714 5.5669282973 5.66108817 5.6971886125 5.8039787226 5.9166535711 6.0534061602 6.0920799837 6.1099719273 6.1230335115 6.1851290414 6.2361487574 6.2743576044 6.310046398 6.3443737593 6.36697937 6.3995498346 6.5426923262 6.568457228 6.5830684735 6.6408129219 6.6740476815 6.7290571575 6.7396383778 6.8318246293 6.8599960914 6.8785712116 6.9750776226 6.9867894696 6.9974487764 7.0462825353 7.078204793 7.166226289 7.2340790741 7.3062153467 7.3748776961 7.3829698035 7.468390281 7.5670494848 7.5814717196 7.6968405201 7.8506572423 7.9145887914 8.0493980156 8.0599034128 8.0899124873 8.1360490506 8.1663110633 8.192190165 8.2182708353 8.2511035281 8.2626341183 8.3351094814 8.3839579497 8.5192266536 8.6191140202 8.6976066111 8.7574684942 8.8727694415 8.8933150835 8.8989281636 9.3407063633 9.5969037259 11.1248284194 11.3169563362 11.8213842123 15.4379144179 15.7149319729 15.8978902284 15.9951475907 16.0987935862 16.3491813096 23.9790527126 24.6109090473 24.6429399261
528 2.1460967374 2.1836734897 2.2050172552 2.3386249078 3.7574799372 3.8953209004 4.0001088624 4.1663494019 4.181858775 4.2463722458 4.2604211613 4.363305672 4.3982325472 4.4607502103 4.5807420865 4.5841613944 4.6974152291 4.7578604458 4.7789252816 4.8333180513 4.8901170626 4.9425438073 4.9461083386 4.9700888664 5.124555338 5.1924275296 5.2031670672 5.221375251 5.3121879162 5.4774570165 5.5472948769 5.5732210908 5.6473467863 5.6935234454 5.8003002443 5.9098663404 6.0415572787 6.0839148154 6.1020385071 6.1255562955 6.17600292 6.2390410458 6.2644732313 6.2937128495 6.3411522608 6.378462755 6.3937207275 6.5279887126 6.5751583525 6.5817613677 6.6471088771 6.6708487435 6.7383263815 6.7386237085 6.8429441661 6.8630855613 6.8802212151 6.964251619 6.9987432716 7.0077281651 7.0542746397 7.0834414692 7.17695942 7.2486658511 7.3080706758 7.3872692903 7.3901603767 7.500422292 7.5595643314 7.5853691034 7.6952131061 7.8448416826 7.9142397809 8.052055583 8.0542771009 8.0883815424 8.1327631645 8.1654894487 8.1850627283 8.2102783366 8.2489161558 8.2715443224 8.3313827482 8.3824585591 8.5192182544 8.621823717 8.6933385941 8.7580819847 8.8734516678 8.8932149543 8.8971176236 9.3437900888 9.5968334193 11.1116677893 11.2997145543 11.8008660038 15.4383392724 15.7142265113 15.8962471103 15.9818791829 16.0959917469 16.3465540263 23.9826711535 24.6118989672 24.6385127338
529 2.147009004 2.2144478901 2.2335058045 2.3502565861 3.747142035 3.8824281881 3.9774475118 4.1459324665 4.1991527522 4.2362403324 4.2723520498 4.3635063543 4.4009349494 4.4512477631 4.5842152911 4.5929533188 4.6879758563 4.769087093 4.7734966873 4.8486489391 4.910951248 4.9386718836 4.9560388691 4.9729598974 5.1204710592 5.1865485501 5.1964037378 5.232398452 5.3200480187 5.4931656936 5.5709314843 5.5817549288 5.6333416216 5.6882984443 5.7987055505 5.9033283216 6.0294674486 6.0743821375 6.0944825185 6.1269810296 6.1661906681 6.2403910173 6.254294158 6.27806086 6.3350786467 6.38921564 6.3900016631 6.5117836052 6.579941252 6.5845567141 6.6525998037 6.6684708892 6.7366528087 6.7491099687 6.8543576953 6.8666611734 6.8823824078 6.9540520346 7.0112296384 7.0183830005 7.0614916169 7.0887895517 7.1874421695 7.2633616763 7.3085396367 7.3941683875 7.4049697484 7.5328049612 7.5521865978 7.5895485914 7.6934380985 7.8391376997 7.9137355551 8.0484396465 8.054534926 8.0868670096 8.1293057961 8.1645818363 8.1776933033 8.2018486675 8.2467735502 8.280597702 8.3275406692 8.3808915249 8.5191245631 8.6246254383 8.6889780306 8.7586230879 8.8741518427 8.8932371189 8.8952940229 9.3472140415 9.5967713961 11.0979856615 11.2816854861 11.779401189 15.4387783753 15.7134998207 15.8945538682 15.9681938106 16.093105609 16.3438554896 23.9863985687 24.6129190902 24.6339496339
530 2.1486295972 2.2464390766 2.2631378232 2.362086177 3.7368113211 3.8699788085 3.9470069211 4.1212487091 4.2239552242 4.2258450217 4.279390999 4.3731228242 4.4027598357 4.4412110906 4.5890758758 4.6019250713 4.6754396876 4.7701287434 4.7793086743 4.8650475239 4.9110737326 4.9466914801 4.9700380663 4.9766655765 5.1180455974 5.175442123 5.2002852791 5.2436561369 5.327777712 5.5056933431 5.5928942174 5.5932764776 5.6191100626 5.6820793133 5.799337894 5.8970103843 6.0172298911 6.0634978416 6.0873052085 6.1272378682 6.1557934753 6.2403420504 6.2441295121 6.2630189309 6.3262757871 6.3859125749 6.401202717 6.4949511612 6.5778671958 6.5957959414 6.6569196155 6.6669241398 6.7349041471 6.7602777401 6.8660019898 6.8706906447 6.8849917356 6.9447215944 7.0241529905 7.0293729952 7.0678814043 7.0942511693 7.1975633539 7.2781513446 7.307386931 7.4038471234 7.4192751511 7.5450289527 7.5654161492 7.59400147 7.6915191955 7.8335774596 7.9130560997 8.0423932075 8.056791186 8.0853875344 8.1256982405 8.1636318578 8.170114424 8.1929919986 8.2446965364 8.2897538641 8.3235985223 8.3792607755 8.5189374596 8.6275054184 8.6845492129 8.7590791369 8.8748635128 8.8934029719 8.8934707333 9.3510026185 9.5967195247 11.0838224234 11.2629067255 11.7570317345 15.4392301378 15.7127547647 15.8928170983 15.9541445496 16.0901465478 16.3410963446 23.9902202767 24.6139654308 24.6292683807
531 2.1510238082 2.2795942264 2.2938642932 2.3741028512 3.726514482 3.8579973704 3.9121883946 4.0945551526 4.2152261521 4.2526994077 4.2789908697 4.3924390021 4.4036246753 4.4310806437 4.5949652802 4.6110633265 4.6594501858 4.7693364527 4.788805844 4.8817745279 4.8915103805 4.9690806204 4.9816089196 4.9844920279 5.1173045605 5.1698716908 5.2041020292 5.2550396307 5.3354528277 5.5150223798 5.6046890257 5.6064436061 5.612601883 5.6764318148 5.8022812766 5.8908662807 6.0049575756 6.0513119375 6.0805048594 6.1262474141 6.1449381671 6.2341723546 6.2390713787 6.248475624 6.3152599362 6.3832896719 6.4117533151 6.4778399934 6.5757973301 6.6085112923 6.6596199403 6.6661955151 6.7335511207 6.7718955631 6.8751520769 6.8778145083 6.8879776585 6.9364123464 7.0374403915 7.0406542072 7.0734574583 7.099826738 7.2071969506 7.2930212377 7.3046837579 7.4161391908 7.4330461283 7.5382178808 7.5981338994 7.5987167819 7.6894633598 7.8281959274 7.9121806628 8.0361388372 8.0587802936 8.0839633575 8.1219648427 8.1623631928 8.1626777385 8.1837200066 8.2427038371 8.2989822605 8.3195735041 8.37757054 8.518649468 8.6304484564 8.6800771162 8.75943828 8.875579686 8.8916610996 8.8937348932 9.3551802871 9.5966797906 11.0692211027 11.2434192401 11.7338031976 15.4396929088 15.7119942798 15.8910435742 15.9397861153 16.0871262285 16.3382873826 23.9941212201 24.6150338946 24.6244872255
532 2.154253337 2.3138608664 2.3256360535 2.3863004398 3.716262313 3.8465035066 3.874803813 4.0668020086 4.2044212835 4.2734192574 4.2831814506 4.4034589669 4.4182346793 4.4214414679 4.6016081034 4.6203464146 4.6401776214 4.7711442978 4.7978362122 4.8653197822 4.8979373877 4.9883769278 4.9933249503 4.9993429881 5.1181845009 5.1692654739 5.2078903839 5.2664760087 5.3431230436 5.5216943433 5.5901157484 5.6216658864 5.6248258139 5.6752142914 5.807673771 5.8848261692 5.9927905826 6.0379117654 6.0740774944 6.1239331751 6.1337531962 6.2245647223 6.2342996321 6.2367509169 6.3025879934 6.380792805 6.4213426294 6.460697381 6.5739637557 6.6224314461 6.6602914295 6.6662520531 6.7331573126 6.7837471711 6.8800369494 6.8897331572 6.8912687376 6.9291909005 7.0510327074 7.0521779216 7.0782700537 7.1055150924 7.2162028131 7.3006661414 7.3079592211 7.4306802918 7.4462526253 7.5318924742 7.6036814956 7.6308338782 7.6872819178 7.823032265 7.9110876098 8.0296767197 8.0604601631 8.082616498 8.1181327822 8.1544816167 8.1617530498 8.1740459482 8.2408117733 8.3082599496 8.3154852657 8.3758253475 8.5182538528 8.6334379193 8.6755871726 8.7596897505 8.8762929448 8.8898782233 8.8942561064 9.3597711776 9.5966543254 11.0542274057 11.2232676162 11.7097649946 15.4401649796 15.7112213642 15.8892402207 15.9251746466 16.0840565601 16.335439512 23.9980860249 24.6161202948 24.6196248474
533 2.1583758517 2.3491869787 2.3584038742 2.3986765368 3.7060486663 3.8355123592 3.8358050196 4.0384940355 4.1934660359 4.2650738968 4.3134259022 4.4021932612 4.4134422634 4.4476121338 4.6087995202 4.6181013413 4.6297351785 4.775294953 4.8065977599 4.8348774033 4.9125696297 4.9976970187 5.0145225054 5.0178852809 5.1205706167 5.1727769217 5.2116936913 5.277910366 5.3508220623 5.5264337628 5.5754287486 5.6254949633 5.6376482963 5.6825292465 5.8157708853 5.8787883082 5.9809048375 6.0234200993 6.0680177283 6.1202352155 6.1223478725 6.2154252197 6.22036073 6.2335117069 6.2886844524 6.3780230573 6.4296181134 6.4437501632 6.5725576199 6.637319841 6.6588097414 6.6670443771 6.7341529434 6.7956307625 6.8853527051 6.8947979205 6.9016963099 6.9230432357 7.0638892829 7.0648791911 7.0823890802 7.1113135635 7.2244302521 7.2955980551 7.3229544792 7.447052276 7.4588653004 7.5262006182 7.6088807735 7.6633870492 7.684991989 7.8181314309 7.9097542218 8.0230064539 8.061792223 8.0813709471 8.1142317634 8.1465168897 8.1608866196 8.1639848375 8.2390340206 8.311356553 8.3175698464 8.3740300336 8.5177447367 8.6364557881 8.6711050068 8.7598241488 8.8769955752 8.8881347248 8.8949904772 9.3647985809 9.5966454464 11.0388897451 11.2025003222 11.6849706996 15.4406445881 15.7104390654 15.8874140881 15.9103674817 16.0809496489 16.3325637293 24.0020990606 24.6147002834 24.6172203673
534 2.1634445803 2.3855210718 2.3921184955 2.4112315333 3.6958486262 3.7957271055 3.8250349426 4.0099652927 4.1823942939 4.2552477584 4.3397637406 4.3997381939 4.410290386 4.4789596454 4.593800118 4.6163898868 4.6391485913 4.7814623011 4.801385579 4.8152288756 4.9248861228 5.0101814724 5.0299489397 5.0424142498 5.1243227459 5.1795811714 5.2155631787 5.2892972704 5.3585742971 5.5298545419 5.5606690676 5.6177205807 5.6535911207 5.6948421776 5.8268874793 5.8726105867 5.9695201183 6.0079875297 6.0623200351 6.1108014289 6.1151223637 6.2065460407 6.2068612475 6.2294168491 6.2738392528 6.3747511709 6.4272295583 6.4361602884 6.5717213867 6.6529655768 6.6555430874 6.6685105562 6.736630733 6.8073542969 6.89112448 6.8985044256 6.9136430038 6.9178884055 7.0757254856 7.0789340625 7.0858918204 7.1172179849 7.2317258795 7.2897084773 7.3379973169 7.4648520456 7.4708559593 7.5212913158 7.6142984944 7.6826183123 7.695657446 7.8135460559 7.9081564616 8.016127391 8.0627432213 8.0802528061 8.1102936037 8.1385215813 8.153553837 8.1601018298 8.2373814272 8.3072139767 8.326899292 8.3721897537 8.517117243 8.6394827562 8.6666561325 8.7598337282 8.8776797118 8.8864424914 8.8959622368 9.3702843366 9.5966557085 11.0232592542 11.1811699896 11.6594783746 15.4411299239 15.7096504691 15.885572326 15.895422929 16.0778177506 16.3296710882 24.0061445018 24.6097328553 24.618329788
535 2.1695079308 2.4228122178 2.4239676085 2.4267306304 3.6856158682 3.7548972946 3.8150784028 3.9814796765 4.1712382824 4.2445729466 4.3542583587 4.3959481825 4.4196292654 4.5114104206 4.567880624 4.6242730363 4.6483808992 4.7658368444 4.7893462834 4.8238206113 4.9346523479 5.0259461447 5.0455245875 5.0667379463 5.1292926846 5.1890113087 5.2195593943 5.3005961307 5.3663992457 5.532389038 5.5458819842 5.6062324453 5.6688780606 5.7071164449 5.8412042715 5.8661069306 5.958901745 5.9917812806 6.0569809598 6.0991625442 6.108599748 6.1927692637 6.1989739299 6.224447418 6.2582512063 6.3708826704 6.4113801669 6.4404795011 6.5715471557 6.6513064473 6.6691820349 6.6705799536 6.7403705666 6.8187309936 6.8973947256 6.9023343271 6.9135997074 6.9255132679 7.0876132196 7.0888542254 7.0931542744 7.1232226181 7.2379470472 7.2831798924 7.3530789424 7.4821981234 7.4837064385 7.5173020736 7.6199183174 7.6801955411 7.7274999081 7.8093386656 7.9062687568 8.0090390212 8.0632871497 8.0792901715 8.1063517147 8.1305536657 8.1427731166 8.1594155765 8.2358619007 8.3030889419 8.3362388157 8.3703100048 8.5163676659 8.6424983886 8.6622656123 8.7597126722 8.8783374942 8.8848124228 8.8971956115 9.3762480937 9.5966879732 11.0073897856 11.1593337116 11.6333509348 15.4416191342 15.708858686 15.8804000328 15.8837221564 16.0746732221 16.3267726674 24.0102063905 24.6047420954 24.619444189
536 2.1766091418 2.4368876983 2.4610100557 2.4621909267 3.6752792589 3.7135326945 3.8056461851 3.9532753998 4.1600285072 4.2333791814 4.3543972157 4.3905603058 4.4437554876 4.5410114224 4.5444427888 4.6323801114 4.6566991999 4.7295303123 4.7986918973 4.8324296832 4.9422484018 5.0445342907 5.0611325062 5.0907253676 5.135334707 5.2005726178 5.2237540453 5.3117683624 5.3743142909 5.5311195314 5.5343235846 5.5930362826 5.6830447493 5.7173628507 5.8585534973 5.8590584606 5.9493455995 5.9749739013 6.052003381 6.0874555948 6.1007095405 6.1789735139 6.1918586656 6.2185052664 6.2420657249 6.3664242226 6.3964588395 6.44205137 6.5720805241 6.6471145242 6.6731767852 6.6858055701 6.7450272639 6.8295786888 6.9042185272 6.9062404681 6.9100277732 6.9372485549 7.0913450706 7.099464898 7.1074979956 7.1293199956 7.242981501 7.276156034 7.3681912381 7.492867736 7.5032645308 7.5143411787 7.6257258162 7.6777710527 7.7587576351 7.8055842867 7.9040638812 8.0017414022 8.063407048 8.0785121447 8.102440485 8.1226763032 8.1316678725 8.158837221 8.2344803698 8.2990187767 8.3455810073 8.368396655 8.5154936664 8.6454813497 8.6579576867 8.759457348 8.8789612329 8.8832541894 8.8987143429 9.3827064254 9.5967454977 10.9913378887 11.1370533557 11.6066565496 15.4421103288 15.7080668407 15.8653583352 15.8818708459 16.0715284727 16.3238795372 24.0142686988 24.5997476708 24.620559176
537 2.1847859569 2.4499944522 2.4984498854 2.500064761 3.6647390039 3.6717884417 3.7967381168 3.9255886368 4.1487935406 4.2218584035 4.3479461322 4.3830963719 4.4747157181 4.5140226885 4.5776943322 4.6406802982 4.6595094975 4.6974663141 4.8092832393 4.8410891994 4.9483330489 5.0652433863 5.0766333358 5.1142621346 5.1423110929 5.2139045729 5.2282318499 5.3227754249 5.382336343 5.5164444087 5.5358484626 5.5789088271 5.6957373409 5.725178076 5.8512507817 5.8783725387 5.9411351992 5.9577345699 6.0474053234 6.0756890875 6.0915252318 6.1651298476 6.1856021706 6.2114349885 6.2254005238 6.3614584054 6.3827217657 6.4404070389 6.5733289538 6.6439237954 6.6762231936 6.7026932362 6.7502791529 6.8397261183 6.9070204368 6.9101820572 6.9116521236 6.9487922531 7.0934224004 7.1111729503 7.1219235346 7.1355006867 7.246772393 7.2687529175 7.3833265202 7.5028440037 7.5124664915 7.5231826715 7.6317126506 7.6754082542 7.7892594128 7.8023733919 7.9015130501 7.9942356106 8.063096411 8.0779448105 8.0985945783 8.114957257 8.1202737405 8.1583678716 8.2332388242 8.2950481003 8.3549194443 8.3664559784 8.5144944879 8.6484097026 8.6537553844 8.7590665204 8.8795435822 8.8817760171 8.9005410815 9.3896717837 9.5968320512 10.9751627639 11.114395887 11.5794690798 15.4426015873 15.7072780583 15.8503576344 15.8800256787 16.0683959153 16.3210027241 24.018315392 24.5947693066 24.6216703453
538 2.1940703232 2.463289184 2.5354577289 2.53992698 3.629782958 3.6538631744 3.7883504055 3.898667709 4.1375596115 4.2101365579 4.3393724936 4.3727383456 4.4880387397 4.5078467314 4.610876229 4.6376179283 4.6491922607 4.6891330059 4.8209341365 4.8498175182 4.9535261785 5.0874365214 5.0918629581 5.1372485501 5.150094305 5.2287290066 5.2330915162 5.3335772905 5.3904824819 5.5019364174 5.5370955644 5.5642188448 5.7066866394 5.7307609163 5.8425371498 5.8998417221 5.934472636 5.9402240841 6.0432393682 6.063863233 6.0811420033 6.1512335887 6.1802759907 6.2030637784 6.2083634689 6.3561250473 6.3703981437 6.4352640325 6.5752727797 6.6424391333 6.6796417359 6.7197198544 6.7558785 6.8490267929 6.904436816 6.9141241443 6.9197340968 6.9600902586 7.0951316597 7.1226011661 7.1363885346 7.1417529988 7.2493460028 7.2610682209 7.3984772865 7.5116646456 7.5121103613 7.5431061951 7.6378844844 7.6731902015 7.7998149341 7.8188163877 7.898586375 7.9865241948 8.0623599695 8.0775950671 8.0948481728 8.1074678136 8.1086547925 8.1580002722 8.2321364355 8.2912304617 8.3642476425 8.3644946939 8.5133711808 8.6496801275 8.6512612835 8.7585415084 8.8800777155 8.8803845167 8.9026966395 9.3971512756 9.596952066 10.9589261874 11.0914336988 11.5518685526 15.443090965 15.7064954527 15.8354577412 15.8781939284 16.0652879172 16.3181531759 24.0223304925 24.5898267076 24.6227733015
539 2.2044881028 2.4767708166 2.5731642092 2.580547726 3.5876120569 3.64248638 3.7804755446 3.872780814 4.1263499299 4.1983062824 4.3301279885 4.3583061271 4.4645079405 4.541445194 4.5997079613 4.643728552 4.6580172899 4.6960650898 4.8334807269 4.8586268175 4.9583090189 5.1066327364 5.1106379708 5.1585671182 5.1596068565 5.238444108 5.2447964952 5.3441311287 5.3987695129 5.4877036473 5.5381632088 5.5491829543 5.7156946308 5.7344676261 5.832902445 5.9220196908 5.9225932287 5.9294124209 6.039638274 6.0519755036 6.0696664817 6.1372999782 6.1759260907 6.1910672263 6.1932514855 6.3506077121 6.3596544063 6.4266333052 6.5778767007 6.6430057004 6.6833572704 6.7367748628 6.761647822 6.8573759048 6.902155528 6.9180370847 6.9284637213 6.9710915807 7.096504965 7.1335719096 7.1480626365 7.1508493337 7.2508384663 7.2531883274 7.4136359421 7.5118360966 7.5206555306 7.5626468614 7.6442753904 7.6712230287 7.7980388288 7.8472183523 7.8952538323 7.9786115999 8.0612137431 8.0773678849 8.0912341722 8.0969885565 8.1002810837 8.1577194368 8.2311697557 8.2876302527 8.3625200053 8.3735580198 8.5121268207 8.6457513526 8.6540141442 8.7578862702 8.8790845718 8.8805575017 8.9051990969 9.4051452535 9.5971108327 10.9426924034 11.0682449399 11.5239416704 15.4435765007 15.7057221142 15.820718234 15.8763828301 16.0622167512 16.3153417244 24.0262981421 24.5849394797 24.6238636749
540 2.216058791 2.4904348119 2.6115183438 2.6218782322 3.5453573146 3.630413704 3.7731021135 3.8482162743 4.1151836241 4.1864427221 4.3207457989 4.3386729038 4.4447937392 4.5586376269 4.5745758108 4.6674252558 4.6759910145 4.7055724307 4.8467762162 4.8675335513 4.9630452776 5.1207352436 5.1345084122 5.1676216229 5.1812909093 5.2444059728 5.2618314046 5.3543901003 5.4072120807 5.4739030511 5.5339545225 5.5391326353 5.7226224127 5.7366275574 5.8224930594 5.9049835658 5.925839681 5.9438137747 6.0369284742 6.0400242378 6.0572083354 6.1233600128 6.1725580666 6.1736449233 6.1819354201 6.3451247957 6.3505617158 6.4148310735 6.581100012 6.6456170568 6.6872982867 6.7537592454 6.7674619822 6.8647207101 6.9000783119 6.9218960544 6.9377858825 6.9817489494 7.0975610937 7.143848773 7.1544123484 7.1652604232 7.2451934855 7.2515180203 7.4287944974 7.512791078 7.5284746296 7.5813542102 7.6509718096 7.6696381193 7.7971965276 7.8742297333 7.8914868727 7.9705045365 8.0596844347 8.0763485911 8.08628633 8.0877834223 8.0934696029 8.1575039874 8.2303329864 8.2843248198 8.3605396363 8.3828408771 8.5107667001 8.6419861727 8.6566470536 8.7571074067 8.8778792938 8.8809776776 8.9080627605 9.4136457099 9.5973147554 10.9265279779 11.0449138319 11.4957823499 15.444056224 15.7049610973 15.8061982127 15.8745995525 16.0591945472 16.3125790484 24.0302026657 24.5801270518 24.624937139
541 2.228795222 2.5042720758 2.6504680585 2.6638697534 3.5030913497 3.6174342319 3.7662144432 3.8252719866 4.1040740919 4.1746116419 4.3114656987 4.3136048764 4.4293402597 4.516408277 4.6062184542 4.6780766562 4.7073772374 4.7157899916 4.8606870687 4.8765735302 4.9680254938 5.1339590728 5.1587957944 5.1771576911 5.2022912206 5.2510828266 5.2794698993 5.3643022257 5.415818634 5.4607804337 5.5186623014 5.5400802129 5.7273679096 5.7374938615 5.8116067521 5.8875296453 5.9235058888 5.963693843 6.0280108437 6.0359085229 6.043874755 6.1094568419 6.1562721716 6.1691523498 6.1701175941 6.3399246586 6.3430831282 6.4003953032 6.5849046342 6.6500238191 6.6913977604 6.7705826895 6.7732315905 6.8710564529 6.8981306351 6.9256806522 6.9475903305 6.9920193849 7.0983059054 7.1531182159 7.1607816036 7.1795739643 7.2371616365 7.251798462 7.4439442225 7.5142591639 7.5355702702 7.5986854185 7.6581435826 7.6685911606 7.7974572282 7.8872607173 7.8995859148 7.9622122648 8.0578083897 8.0692891651 8.0819093877 8.0845239661 8.0871022528 8.1573279996 8.2296183107 8.2814065404 8.3585618588 8.3920834168 8.5092984755 8.638399102 8.6591400413 8.7562140777 8.8767700501 8.8813340131 8.9112969889 9.4226344795 9.5975716815 10.9105016102 11.0215309618 11.4674922829 15.4445281633 15.7042154084 15.7919560534 15.8728511695 16.056233244 16.3098756363 24.0340286327 24.575408596 24.6259894279
542 2.2427032418 2.5182678211 2.6899597108 2.7064733045 3.4608813808 3.6033479875 3.7597921059 3.8042307932 4.0930264272 4.1628738117 4.2839741267 4.3024151986 4.4174640258 4.4735470172 4.6345993137 4.6915062273 4.7263097565 4.7375460329 4.8750899993 4.8858245557 4.9735017124 5.1461147432 5.183292426 5.1870812586 5.2226287048 5.2585433224 5.2971732309 5.3738093519 5.42458409 5.4487517629 5.5034335352 5.541088364 5.7298272887 5.7372485627 5.8006708661 5.8703618362 5.9220960256 5.9791750457 6.0159411913 6.0297677236 6.0383048959 6.0956428043 6.1392066148 6.1550299943 6.1684656458 6.3352834582 6.3370882104 6.3839779854 6.589260746 6.6558694526 6.6955936253 6.7788908039 6.7871610165 6.8764089505 6.8962606134 6.9293746182 6.9577240075 7.0018646841 7.0987330565 7.1609857346 7.1671463421 7.1937393394 7.2291712862 7.2522311382 7.4590752413 7.5159122694 7.541953563 7.6140065736 7.6660525404 7.668255453 7.7989959923 7.8825572503 7.9229909712 7.9537467763 8.0556304082 8.0575659604 8.0812406719 8.0814803641 8.0826131136 8.1571630812 8.2290162742 8.2789843246 8.3565955078 8.4012688299 8.5077322475 8.6350018697 8.6614749595 8.7552178331 8.8757565623 8.8816234642 8.9149049098 9.4320812583 9.5978913309 10.8946838966 10.998193532 11.4391815059 15.4449903546 15.703487994 15.7780491644 15.8711446325 16.0533445422 16.3072417486 24.0377609186 24.57080295 24.6270163536
543 2.2577813133 2.5324003688 2.7299374517 2.7496393182 3.418791821 3.5880054983 3.7538091572 3.785322863 4.0820333431 4.1512874856 4.2510266568 4.2936715692 4.4080900363 4.4303213719 4.6570260471 4.7102225477 4.7369785266 4.7660673831 4.8898693755 4.8954374345 4.9797089292 5.1570679851 5.1973026136 5.2077983999 5.2423334114 5.2667863046 5.3140750637 5.3828463042 5.4334775671 5.4385689282 5.4884153035 5.5422575316 5.7298530136 5.7360215039 5.7902266406 5.8536092077 5.9212932347 5.9873936696 6.0038266538 6.0149834352 6.0460764851 6.0819770338 6.1228814637 6.1397565127 6.1673474969 6.3315030188 6.332387328 6.3662793183 6.5941502779 6.6627899509 6.6998289582 6.7843888907 6.8034138642 6.8808127904 6.8944371712 6.9329656965 6.9680074387 7.0112517809 7.0988250299 7.1670238771 7.1734788479 7.207702735 7.2213035726 7.2534429229 7.4741760434 7.5173988901 7.547644934 7.6267146826 7.6688069088 7.6749532793 7.8019695542 7.8773682527 7.9441162828 7.9451228578 8.0450577745 8.053202683 8.0759355017 8.0786731019 8.0846716875 8.1569804226 8.2285161987 8.2771835004 8.3546499775 8.4103754954 8.5060805616 8.6318033384 8.6636360368 8.7541323683 8.8748370663 8.8818443097 8.9188820728 9.4419414621 9.5982858472 10.8791470427 10.9750055475 11.4109689587 15.44544085 15.7027817292 15.7645337439 15.8694867424 16.0505398575 16.3046873807 24.0413847649 24.5663285392 24.6280138231
544 2.2740200063 2.5466398671 2.7703423672 2.793317194 3.3768863633 3.5713502478 3.748233023 3.7686850157 4.0710685815 4.1399098535 4.2157833638 4.2852865986 4.3869391657 4.4003546172 4.6725699153 4.7349983425 4.7477109681 4.7923911634 4.9049148159 4.9056662061 4.9868767938 5.1667685268 5.20773479 5.2320819508 5.2614045402 5.2757142193 5.3287270252 5.391340393 5.4316081826 5.4424233644 5.4738041752 5.5437209528 5.7272681148 5.7339086672 5.7808750308 5.8374020291 5.9208235468 5.9882612905 5.991685092 5.9996131306 6.0579187571 6.0685235289 6.1082315621 6.123545102 6.1663540091 6.3287693325 6.3289040868 6.3480427073 6.5995686665 6.6704626221 6.7040519541 6.7896843719 6.8192625596 6.8842937791 6.8926480028 6.9364456816 6.9782466839 7.0201529383 7.0985546816 7.1709134921 7.1797477844 7.2136434419 7.2214067642 7.2559829537 7.4892328793 7.5183856819 7.5526746445 7.6365265217 7.6704003069 7.6848415148 7.806478112 7.871698575 7.9363580354 7.9625837917 8.0324371486 8.0505840371 8.0712229572 8.0761180961 8.0876084167 8.1567526319 8.228106615 8.2761423348 8.3527351964 8.4193763369 8.5043583204 8.6288095386 8.6656103936 8.7529732161 8.874008521 8.881996264 8.9232150958 9.4521539669 9.5987704972 10.8639645204 10.9520779122 11.3829830034 15.4458777276 15.702099406 15.7514645418 15.8678841222 16.0478302757 16.3022222262 24.0448858381 24.5620032999 24.6289778552
545 2.2914013 2.5609469079 2.811111311 2.8374546984 3.3352298624 3.553446763 3.7430228541 3.7543343704 4.0600760117 4.1287979061 4.1789394078 4.2772977679 4.3436112121 4.393709752 4.683524342 4.7584431358 4.7633980589 4.8158546057 4.9168606254 4.9201188674 4.9952352639 5.1752597215 5.218292108 5.2558202833 5.2797289983 5.2851278739 5.3390219183 5.3992115526 5.4300236766 5.4512744977 5.4598990664 5.5456624516 5.7220350136 5.7309866105 5.7730871577 5.8218734922 5.9204782747 5.979541932 5.98374476 5.9840537915 6.0553495857 6.068027756 6.0983434764 6.1066069271 6.1648766051 6.3260301678 6.3278079795 6.3300957401 6.605525192 6.6786190783 6.7082157639 6.7947407988 6.8346280964 6.8868589284 6.8908976131 6.9398107034 6.9882381246 7.0285457483 7.0978877175 7.1726384081 7.1859184203 7.206279605 7.2347901606 7.2601197969 7.5042289983 7.5185996515 7.5570828986 7.6436668573 7.6731410961 7.6953111122 7.8125193247 7.8655687939 7.9274724024 7.977808875 8.0202383532 8.0478395056 8.067122258 8.0738263066 8.0912956858 8.1564552672 8.2277756949 8.2760027732 8.3508615752 8.4282383889 8.5025826066 8.626023817 8.6673884925 8.7517573939 8.8732668484 8.8820805623 8.9278803845 9.4626388013 9.5993645315 10.849210667 10.9295284016 11.3553618639 15.4462991004 15.7014437223 15.7388946248 15.8663431899 16.0452265084 16.2998556407 24.0482502864 24.5578446043 24.6299045972
546 2.3098975947 2.5752710269 2.8521752948 2.8819971545 3.2938902599 3.5344804353 3.738127065 3.7421703056 4.0489512061 4.1180089422 4.1409556584 4.2697338121 4.3005905488 4.3878354002 4.6920946393 4.7691168121 4.7930797727 4.835805423 4.9293456599 4.935374695 5.0050143946 5.1826634808 5.2288888805 5.278489441 5.294748256 5.2968381831 5.3435443054 5.4063735222 5.4356360314 5.4472073247 5.4597830887 5.5483323849 5.7145147794 5.727323322 5.7669403654 5.8071602117 5.9201182066 5.9674313814 5.9674650837 5.9762901013 6.0425245433 6.0672595849 6.0891365844 6.100445643 6.1620744634 6.3134001865 6.3239887711 6.3284988958 6.6120420419 6.6870409007 6.7122782436 6.7995235807 6.8494291058 6.8884930246 6.8892055041 6.9430618327 6.9977684237 7.0364129307 7.0967866872 7.1725699803 7.191953055 7.199302745 7.2477875889 7.2657517098 7.5178610539 7.5191436661 7.5609194182 7.6486708776 7.6770621614 7.7057871685 7.8199522369 7.8590169748 7.9184883415 7.9876956381 8.0105833832 8.0450401567 8.0636343587 8.0718034587 8.0955527501 8.1560680637 8.2275116684 8.2768930513 8.349039927 8.4369226128 8.5007724291 8.6234470877 8.6689644994 8.7505030232 8.8726071885 8.882100009 8.9328430144 9.4732949203 9.6000921818 10.8349602245 10.9074814745 11.3282539346 15.4467031265 15.7008172713 15.7268751482 15.8648701318 16.0427388508 16.2975966068 24.0514647952 24.5538691874 24.63079034
547 2.3294702705 2.5895490835 2.8934572347 2.9268863256 3.2529407976 3.5147301895 3.7320036739 3.733479594 4.0375099066 4.1021532999 4.1076008324 4.2582165466 4.262617714 4.3825489664 4.6993402114 4.7796728357 4.8228468773 4.8518795449 4.9431592317 4.9505737442 5.0164292258 5.1891495751 5.2394382947 5.2991447993 5.3042558305 5.3109179098 5.3446496498 5.4127366051 5.4366614883 5.447839315 5.4675845359 5.5520443043 5.705476214 5.7229865002 5.7621172994 5.7934009584 5.9196656604 5.9508620017 5.9553977436 5.9655415436 6.0301188316 6.0591841706 6.0713080935 6.11009986 6.1569196079 6.2990323007 6.3224927151 6.3311646015 6.619152031 6.6955497143 6.7162016578 6.8039975925 6.8635796905 6.8876043767 6.8891596777 6.9462061197 7.0066145337 7.0437419455 7.0952171019 7.1713490226 7.1928014213 7.197811627 7.2603296429 7.2725190262 7.5160976477 7.5339508774 7.5642423681 7.6520758756 7.6821156147 7.7158381036 7.82849319 7.8520993676 7.9094301558 7.9852850072 8.0106294123 8.0422628952 8.0607421866 8.0700498788 8.1000779041 8.1555759059 8.2273032083 8.2789018473 8.3472813582 8.4453839963 8.4989484029 8.6210781657 8.6703365372 8.7492289399 8.8720241518 8.8820589848 8.9380558839 9.4839983002 9.6009836765 10.82128782 10.8860678786 11.3018178874 15.4470880192 15.7002225312 15.7154551329 15.8634708761 16.0403771403 16.2954537006 24.0545166398 24.5500930755 24.6316315347
548 2.350067551 2.6037035416 2.9348687371 2.9720588418 3.2124628158 3.4945290745 3.7235982178 3.7289941188 4.0254347818 4.0627769298 4.0976321 4.2169794798 4.2559684239 4.377746947 4.7057146494 4.790047591 4.8521026878 4.864243634 4.9578585889 4.9656033583 5.0296298959 5.1949046334 5.2498514747 5.3133305796 5.3160553515 5.316720384 5.349862044 5.4182126196 5.4299828862 5.4642869897 5.4742304089 5.5571166301 5.6958170496 5.718050125 5.7582041388 5.7807330178 5.9190904241 5.9340270438 5.9434967556 5.9521193905 6.018203345 6.0508266071 6.0532776697 6.119839182 6.1484328492 6.2879731695 6.3214177002 6.3358287268 6.6268947435 6.7039971203 6.7199523627 6.808125606 6.8769869886 6.8861380021 6.8888054075 6.9492581897 7.0145498069 7.0505244516 7.0931558991 7.1696872497 7.1868554824 7.203452473 7.2723431208 7.279990871 7.5133377316 7.5486176395 7.5671165206 7.6542993319 7.6881832851 7.725261678 7.8377518893 7.8448901138 7.9003236324 7.9743599829 8.0169606535 8.0395898112 8.058412305 8.0685604543 8.1044833548 8.1549696208 8.2271397684 8.2820484082 8.3455971322 8.4535719485 8.4971323863 8.6189141548 8.6715068248 8.7479543095 8.8715120565 8.8819634034 8.9434592511 9.4946008144 9.6020759481 10.8082673887 10.865424004 11.2762224931 15.4474520574 15.6996618548 15.7046812511 15.8621510683 16.0381507178 16.2934350586 24.057393737 24.5465315177 24.6324248066
549 2.3716212828 2.617640709 2.9763054272 3.0174439217 3.1725495565 3.4742293501 3.7167075934 3.7245549585 4.0121930314 4.0230341507 4.0881618381 4.1776165822 4.2498019007 4.3733712903 4.7114216281 4.8001707878 4.8735113892 4.8804893504 4.9726944009 4.9803443612 5.0446093273 5.2001108188 5.260036735 5.3128672923 5.3216808094 5.3266255822 5.3624702741 5.4227225617 5.4297577677 5.4793002752 5.4829874695 5.5637268833 5.6863670943 5.7125998914 5.7549193984 5.7692856417 5.9170580613 5.9183943528 5.931796869 5.9364052949 6.0068491546 6.0351902958 6.0437061936 6.1278453256 6.1361027562 6.2807135656 6.3206642246 6.3423064399 6.6353107744 6.7122563895 6.7235004917 6.8118679115 6.8848581674 6.8873663154 6.8895484171 6.9522424514 7.0213624007 7.0567556617 7.0906015356 7.1682258214 7.1815277309 7.2088331849 7.2837516786 7.2877819744 7.5096883599 7.5631016528 7.5696105698 7.6556485731 7.6951004767 7.7340159502 7.8374802509 7.8472919017 7.8911955697 7.9617089659 8.0232546059 8.0371064371 8.0565976807 8.067324732 8.1083918381 8.1542466631 8.2270118631 8.2862588557 8.3439985097 8.4614309844 8.4953470897 8.6169508611 8.6724816914 8.7466982612 8.8710651404 8.8818206153 8.9489807706 9.5049307605 9.6034123082 10.7959715436 10.8456909358 11.2516460523 15.4477935953 15.6945976203 15.6991374611 15.860916046 16.0360683903 16.2915483472 24.0600846926 24.5431989201 24.6331669697
550 2.394042011 2.6312490554 3.0176400137 3.0629599749 3.1333116115 3.4541803533 3.711099629 3.7200025875 3.983122589 3.9969460307 4.0792494693 4.1412217164 4.2441317714 4.3693903764 4.7165584378 4.8099638827 4.8804242538 4.9077389365 4.9870116018 4.9946686654 5.0611191914 5.2049354613 5.26989903 5.3049624558 5.3290576915 5.3290704799 5.3779514672 5.4262071202 5.4377598662 5.4825538871 5.5027609375 5.5717118121 5.6778943929 5.7067378024 5.7521569048 5.7591704181 5.9000622474 5.9175975617 5.9188653334 5.920380432 5.9961275301 6.0171884563 6.0379098374 6.1201492526 6.133856503 6.2770108981 6.3201534425 6.3502151107 6.6444338032 6.7202162534 6.7268196524 6.8151838012 6.8838198772 6.8847774993 6.9011489192 6.9551956103 7.0268890259 7.062433647 7.0875836783 7.1674618218 7.1768558683 7.2139115091 7.2944769593 7.2955850476 7.5053094012 7.5717935524 7.5773481391 7.6563549502 7.7026829459 7.7421291258 7.8299763749 7.8566893884 7.8820733248 7.9487022305 8.028618959 8.0348981028 8.0552411002 8.066327178 8.1115320002 8.1534117411 8.2269112767 8.2913605239 8.3424965716 8.4689016716 8.4936156734 8.6151832033 8.6732714662 8.7454795462 8.870677741 8.8816392512 8.9545361379 9.5147965599 9.6050397124 10.7844708991 10.8270131591 11.22827532 15.4481110731 15.6852456072 15.6986514254 15.8597708157 16.034138396 16.2898007329 24.0625788474 24.5401087836 24.63385504
551 2.4172113272 2.6443978189 3.0587117706 3.094885051 3.1085093543 3.4347188403 3.7065679431 3.7151105361 3.9432521804 3.9785893449 4.0709543387 4.1092346551 4.238969765 4.3657881318 4.721173366 4.8193389645 4.8856176491 4.9336106108 5.0004668696 5.0084370394 5.0786835154 5.2095277728 5.2793395927 5.2958728494 5.3246351651 5.3352589595 5.3939877061 5.4286394102 5.4527271909 5.4840107097 5.5229323918 5.5804231629 5.6712014313 5.7005859856 5.7499576284 5.7504691265 5.8831597229 5.8999607025 5.9093447794 5.9167274016 5.9861101628 5.9994224814 6.0332299675 6.1013376345 6.138060831 6.2760933774 6.3198232001 6.3590416537 6.6542804316 6.727776555 6.7298866459 6.8180356695 6.8809854226 6.883074006 6.9116596926 6.9581680305 7.0310575418 7.0675586448 7.0841695947 7.1677051915 7.1728475725 7.2186462321 7.3031624838 7.3044402613 7.5003917443 7.5737304267 7.5912854757 7.6565983083 7.7107489921 7.7496393447 7.8224992575 7.8655740378 7.8729844838 7.9357066677 8.0330435635 8.0331197805 8.0542787868 8.0655476246 8.1137819418 8.1524773948 8.2268311951 8.2970995187 8.3411020327 8.4759217992 8.4919613422 8.6136055956 8.6738902346 8.7443162289 8.8703444422 8.8814290065 8.9600304282 9.5239959067 9.6070014737 10.7738333571 10.8095368813 11.2063037976 15.448403027 15.6766636427 15.6982056717 15.8587200306 16.032368371 16.2881988553 24.0648663199 24.5372736447 24.6344862485
552 2.4409697815 2.6569362346 3.0574439462 3.0993102344 3.153969915 3.416167469 3.7029349495 3.7095494063 3.9036685708 3.9562385912 4.0633351299 4.0830003012 4.2343260063 4.3625576558 4.7252904483 4.8281981612 4.8895599085 4.9578609843 5.0129680754 5.0214972895 5.0967178932 5.2140174651 5.2866293118 5.2882557335 5.3160754865 5.340128376 5.4098121797 5.4300382167 5.4718754919 5.4839054784 5.5430719107 5.5887284488 5.6671916954 5.6942896006 5.7432206892 5.748488172 5.8664880833 5.8800931586 5.8988032654 5.9158101036 5.9768693988 5.9820626086 6.0294363366 6.0805907222 6.1408004595 6.2770659092 6.3196246326 6.3682340147 6.6648379652 6.7326812118 6.7348453655 6.8203960102 6.8759630557 6.8826572129 6.9209426053 6.9612197664 7.0339187864 7.072132413 7.0804648975 7.1690548947 7.1694809386 7.2229980043 7.3103289819 7.3135647287 7.4951427489 7.5754770186 7.6048191866 7.6565212202 7.7191333291 7.7565659552 7.8151825315 7.8639568539 7.8736516346 7.922920206 8.0316055032 8.0369302674 8.0536438678 8.0649619317 8.115157017 8.1514644786 8.2267662545 8.3031751789 8.3398250565 8.4824277185 8.49040694 8.6122122865 8.674355449 8.7432254101 8.8700601878 8.8812003654 8.9653601819 9.5323327501 9.60932315 10.7641233686 10.7934079487 11.1859292736 15.4486680983 15.6688870492 15.6978019647 15.8577679694 16.0307653197 16.2867488015 24.0669380457 24.5347050205 24.6350580525
553 2.4650974702 2.6686938714 3.021220179 3.139149428 3.1991807737 3.3988367936 3.7000504047 3.702835336 3.8646833149 3.9301456644 4.0564490952 4.0629187101 4.2302092207 4.359697394 4.7289210747 4.8364337778 4.8925771378 4.9802295686 5.024517036 5.033683271 5.1146603718 5.2185102866 5.2777247527 5.2965407386 5.3054464819 5.343558914 5.425034246 5.430479021 5.4825930194 5.4930993548 5.5628534864 5.5952727102 5.6666953513 5.6880185351 5.7374098386 5.7480412581 5.8502086697 5.8596057206 5.8888862157 5.914864152 5.9653130904 5.9684782337 6.0263451052 6.0587588278 6.1424411712 6.2791616155 6.3195193974 6.3772786589 6.6760503212 6.7351857993 6.7413371523 6.822256267 6.8697272276 6.882580418 6.9288685341 6.9644030476 7.0356449745 7.0761576631 7.0766082986 7.1667104132 7.1714071137 7.2269300703 7.3169369432 7.3217779271 7.489777985 7.577074795 7.6178237753 7.6562374864 7.7276929507 7.7629006563 7.8081713044 7.855019184 7.8807147879 7.9105172553 8.0306186669 8.040195974 8.0532694729 8.0645428784 8.1157685952 8.150402431 8.226712508 8.3092780164 8.338675081 8.4883558144 8.4889745429 8.6109976427 8.6746873739 8.7422229846 8.8698203636 8.880964272 8.9704162387 9.539642327 9.6119914549 10.7554011835 10.7787693612 11.1673505207 15.4489050435 15.6619478801 15.6974419032 15.8569185164 16.0293355861 16.2854560823 24.068785814 24.5324133582 24.635568147
554 2.4892824618 2.6794827182 2.9865353744 3.1778265022 3.2439168723 3.3830272793 3.6942738872 3.6977883567 3.8267180736 3.9020484889 4.0481772318 4.0503511022 4.2266268793 4.3572087842 4.7320698552 4.8439294929 4.8948936907 5.0004342664 5.0350967524 5.044815343 5.1320438024 5.2230756669 5.2694666293 5.2938964813 5.3040838037 5.3455074353 5.4300996795 5.4393415226 5.4804769805 5.5151591575 5.5819756171 5.5991817938 5.6698080531 5.6819674626 5.7329605492 5.7490399196 5.8345161615 5.8388160063 5.8797415658 5.9138939006 5.9494283472 5.9610098117 6.0238252114 6.0365910687 6.1433105423 6.2818009889 6.3194774934 6.3857457913 6.6878014047 6.737385368 6.747171643 6.8236347302 6.8623581263 6.882819074 6.9353568607 6.9677239864 7.0364897886 7.0727621482 7.0796375877 7.1644760971 7.1745009313 7.2304088852 7.3228668921 7.3290145157 7.4845165689 7.5785462268 7.6301320047 7.6558378081 7.736306217 7.7686083606 7.8016202965 7.8462034857 7.8866467333 7.898693336 8.0300782325 8.0430135077 8.0530913704 8.0642612883 8.1157805161 8.1493291194 8.2266673129 8.3151196965 8.3376606657 8.4876850475 8.4936440724 8.6099563738 8.6749083419 8.741323432 8.8696208543 8.880731757 8.97508726 9.5458187128 9.6149317183 10.7477221072 10.7657584212 11.1507631079 15.4491127426 15.6558747743 15.6971269128 15.8561751443 16.0280848288 16.2843256115 24.0704023005 24.5304079886 24.6360144739
555 2.5130693511 2.6891017541 2.9538526691 3.21475525 3.2878403251 3.3690290391 3.6829597858 3.6960440395 3.7903729716 3.8744935663 4.0374771329 4.0450925124 4.223585304 4.3550947768 4.734737779 4.8505630002 4.8966647271 5.0181767942 5.044623336 5.0547030636 5.1485130065 5.2277221106 5.2620838982 5.2820579073 5.3107700411 5.3460257546 5.4290982015 5.4524158842 5.4779665557 5.5372553556 5.6001040921 5.6006857619 5.6753154419 5.6763538366 5.7297367997 5.7519799894 5.818069966 5.8196549797 5.8715345359 5.9128816718 5.9347298381 5.95453622 6.0148098534 6.0217879694 6.1436755443 6.2845654795 6.3194755749 6.3933043002 6.6998926206 6.7392672152 6.7522731578 6.8245798033 6.8540235984 6.8833094235 6.9404235982 6.9710960117 7.0367302469 7.0691012755 7.0825754863 7.1627134204 7.1779849078 7.2334046132 7.3280221543 7.3352185929 7.4795772679 7.5798918184 7.6415219102 7.6553939642 7.7448652006 7.7736321009 7.7956908573 7.8375509848 7.8876890382 7.8914185968 8.0299327723 8.0454336312 8.0530501335 8.0640873635 8.11537633 8.1482899599 8.22662915 8.3204506544 8.3367893665 8.4865577531 8.4982337182 8.6090837001 8.6750417986 8.7405396379 8.869458078 8.8805135333 8.9792638101 9.5508327504 9.6179959364 10.7411357806 10.7545035931 11.1363543698 15.449290207 15.6506928252 15.6968582411 15.8555408967 16.0270179986 16.2833616866 24.0717810969 24.5286970847 24.6363952313
556 2.5357775777 2.6973446759 2.9238586745 3.2490622069 3.3303995196 3.3571179279 3.6679985403 3.6947313725 3.7565317595 3.8500221127 4.0297269337 4.0407199325 4.2210897437 4.3533588875 4.7369240064 4.8562104424 4.8979983495 5.033158743 5.0529370581 5.0631509865 5.1638116346 5.2323588299 5.2557645038 5.270318194 5.3164809387 5.3453052422 5.4277213686 5.4639073 5.4754394206 5.5586933335 5.6007198588 5.616813989 5.6714135008 5.6812855997 5.7275520514 5.7571841694 5.7978253872 5.8059495804 5.8644450529 5.911777877 5.9216192802 5.9491264815 5.9942294665 6.0201751147 6.1437411277 6.2871562878 6.3194956626 6.3997166543 6.7120049982 6.7408208296 6.7565704309 6.8251662762 6.8450175563 6.8839535259 6.9441960452 6.9743270706 7.0366175538 7.0658018171 7.0849744851 7.1613609411 7.1814802052 7.2358915123 7.332326372 7.3403452523 7.4751731345 7.5810900287 7.6517038479 7.6549620311 7.7532575769 7.7778997221 7.790546094 7.8291269343 7.8778072194 7.895077833 8.0300862625 8.0474697496 8.0530928794 8.0639921756 8.1147386945 8.1473359552 8.2265973894 8.3250668565 8.3360676448 8.4856099407 8.5020709096 8.6083754697 8.675111137 8.7398827447 8.8693290043 8.8803195799 8.9828427934 9.5547287281 9.6209728171 10.7356855033 10.7451211919 11.124297691 15.4494365874 15.6464234652 15.6966369524 15.8550183745 16.0261393184 16.2825679726 24.0729167365 24.527287625 24.6367088813
557 2.5563837524 2.7040110907 2.8975813943 3.2794402859 3.3475474559 3.3706002436 3.6491728443 3.6937812264 3.726509041 3.8305664058 4.024208676 4.0372739007 4.21914443 4.3520045837 4.7386269282 4.8607527796 4.8989698764 5.0451061058 5.0598140555 5.0699681851 5.177738857 5.2367511741 5.2506676967 5.2589779866 5.321096356 5.3437186585 5.4262441886 5.4732058956 5.473434387 5.5786138252 5.6001469656 5.6315163174 5.667392602 5.6862221213 5.726187633 5.7643324531 5.7787989995 5.793859588 5.858660961 5.9104994468 5.9105785997 5.9448438063 5.9758995237 6.0189492411 6.1436576541 6.2893612529 6.3195241747 6.4048236102 6.7236241026 6.7420377703 6.7599972699 6.8254850984 6.8358346832 6.8846326162 6.9468681521 6.9771663022 7.0363508836 7.0630303919 7.086837337 7.1603654451 7.1846272093 7.2378482195 7.3357223419 7.344360992 7.4715033686 7.5821011167 7.6545848754 7.6603143759 7.761323861 7.781331854 7.7863434558 7.8210594649 7.8694209835 7.8977265473 8.0304111011 8.0491076786 8.0531746366 8.0639492297 8.1140368972 8.1465203546 8.2265720267 8.3288095693 8.3355008096 8.4848564593 8.5051084481 8.6078282337 8.6751383529 8.7393620287 8.8692311612 8.8801587337 8.9857319876 9.5575996455 9.6236196272 10.7314076199 10.7377120652 11.1147463902 15.4495511796 15.6430843671 15.6964639232 15.8546097234 16.0254522666 16.2819474874 24.0738047163 24.5261853627 24.6369541564
558 2.5733995557 2.7089207452 2.8765125252 3.3040037935 3.3405369447 3.4064469389 3.6280400278 3.6931403796 3.7021958487 3.8169938385 4.0204952734 4.0347875949 4.2177526177 4.3510348837 4.7398448091 4.8640838154 4.8996308969 5.0537948702 5.0649944046 5.0749814288 5.1900116109 5.2404964264 5.246925243 5.2484284506 5.3244999799 5.3418257985 5.4249408986 5.4714864939 5.4806081659 5.5956780628 5.5994940077 5.6433724771 5.6645244278 5.6895629793 5.7254192931 5.762234392 5.7720983725 5.7840617291 5.8543649463 5.9021412666 5.9089943773 5.9417423403 5.9612075346 6.0180869859 6.1435304533 6.2910324761 6.3195512091 6.4085256815 6.7338902576 6.7429115706 6.7624946303 6.825629339 6.8273195692 6.8852255633 6.9486319256 6.9793747052 7.0360720509 7.0609332781 7.0881662863 7.1596846428 7.1871165033 7.2392579514 7.3381707346 7.3472428972 7.4687423277 7.5828752073 7.6542940468 7.6669309345 7.7687415355 7.7832246276 7.7838511223 7.8136515552 7.8629598876 7.8994919124 8.030769979 8.0503164879 8.053259399 8.0639359923 8.113417711 8.1458938838 8.2265534115 8.3315617875 8.3350929892 8.4843093361 8.5073074468 8.6074392886 8.6751426042 8.7389848029 8.8691626338 8.8800383134 8.9878543662 9.5595534729 9.6257029499 10.7283309875 10.7323584615 11.1078276241 15.4496334303 15.6406893621 15.6963398389 15.8543166228 16.0249595632 16.2815025905 24.074441515 24.5253947995 24.6371300648
559 2.584898226 2.7119292856 2.8625811279 3.3203379951 3.3362575013 3.4336573807 3.6092456538 3.6860104786 3.6927709878 3.8091822753 4.0183469553 4.0332856674 4.2169166129 4.3504520988 4.7405761824 4.8661190223 4.9000149446 5.0590674157 5.068227278 5.0780507143 5.1997537361 5.2396590248 5.2430709666 5.2446374634 5.326590152 5.3402950454 5.4240492207 5.4704131415 5.485079134 5.5990265637 5.6077491514 5.651270008 5.6629380954 5.6913984706 5.7250498413 5.7502682282 5.7774943644 5.7783061633 5.8517145266 5.8968205939 5.9075057277 5.9398638185 5.9516936995 6.0175744594 6.1434283823 6.2920722822 6.3195700318 6.4107657313 6.7413808144 6.7434376632 6.7640144685 6.820884041 6.8256793501 6.8856283292 6.9496329233 6.9807715569 7.035871921 7.0596255523 7.0889629839 7.1592882319 7.1887103405 7.2401086389 7.3396476708 7.348976885 7.4670269708 7.5833635827 7.6541111564 7.671126025 7.774684383 7.7813035466 7.7853921402 7.807718232 7.8588562127 7.9004940809 8.0310412181 8.0510606154 8.0533209086 8.063935259 8.112996402 8.1454989742 8.2265419991 8.3332438299 8.3348471244 8.4839774359 8.5086388518 8.607206697 8.6751388096 8.7387563429 8.8691220602 8.8799637971 8.9891518924 9.5606842536 9.6270339301 10.7264765417 10.7291212977 11.1036368213 15.4496829409 15.6392483758 15.6962651912 15.8541402786 16.0246631587 16.2812349737 24.0748246072 24.5249191655 24.6372358953
560 2.5890054763 2.7129429769 2.8576628229 3.3261202301 3.3348184661 3.4444959791 3.6011236002 3.6802776325 3.6926503762 3.8066549151 4.017643074 4.0327833134 4.216637792 4.3502576736 4.7408200848 4.8668037359 4.9001409242 5.0608343694 5.0693277416 5.0790844501 5.2040325306 5.2356928177 5.2438676443 5.2439956463 5.3272955176 5.339706333 5.4237325146 5.4700493712 5.4865995184 5.5988601892 5.6122129748 5.6540746965 5.6624789453 5.6919743033 5.7249429713 5.7457590622 5.7751512807 5.7807114044 5.8508181033 5.8949993282 5.9068218753 5.9392346325 5.9484241659 6.0174043717 6.1433901947 6.2924249289 6.3195767333 6.4115152549 6.7436133284 6.7442192511 6.7645248382 6.8183980227 6.8256895927 6.8857708228 6.9499572382 6.9812489845 7.0358000108 7.0591811338 7.0892284369 7.1591581002 7.1892587273 7.2403930109 7.3401411567 7.3495556254 7.4664450945 7.5835307138 7.6540488117 7.6725669186 7.7772066665 7.7806545581 7.7859109805 7.8051996748 7.8574454838 7.9008179556 8.0311414907 8.0513121712 8.0533431977 8.0639362401 8.1128473617 8.1453640049 8.2265381499 8.3338095441 8.3347649744 8.4838661921 8.509084683 8.6071292958 8.6751364587 8.7386798345 8.8691086261 8.8799385757 8.9895884824 9.5610540252 9.627491438 10.7258569753 10.7280380297 11.1022331951 15.4496994712 15.6387673823 15.6962402757 15.8540814164 16.0245642266 16.2811456549 24.0749524736 24.5247604045 24.6372712197
561 2.9630934959 3.0418071324 3.1272566185 3.1504057002 3.1651674557 3.3275904891 3.3941770213 3.4221438016 4.2710007594 4.2746667693 4.4309960716 4.5349101002 4.6346748004 4.6914033146 4.7022031184 4.711780919 4.7765933092 4.7807377622 4.8323861572 4.9460139223 4.9807529209 4.9822126503 4.9988901537 5.0418590255 5.1245264666 5.4747015746 5.4908815675 5.5138337559 5.5392482391 5.5765493733 5.6160649462 5.6168094974 5.6552848441 5.7189391802 5.7673123024 5.76904874 5.7885963716 5.7977746589 5.8382602922 5.8754456576 5.8760079623 5.949418171 5.9667601681 5.9705090421 6.0468841012 6.0527993853 6.1142080666 6.1487577317 6.1522587724 6.4615873207 6.5252507452 6.6246360832 6.6857706105 6.6956564463 6.8260755876 6.8992463718 6.9727030859 7.0050646498 7.0473105144 7.0778918877 7.1481281701 7.1565551744 7.1688354239 7.2578074768 7.2670562893 7.3684223298 7.3738537718 7.6501792045 7.6868993782 7.8259541752 7.8688903627 7.9015867721 7.9368936306 7.9556328172 8.0450796148 8.0484113386 8.0725230404 8.1301708653 8.1308814224 8.2242229815 8.2691720585 8.4307844564 8.4803308024 8.5587397738 8.6108227188 8.649149072 8.6786252224 8.6899571643 8.7274157193 8.8438243607 9.0051420341 9.0740187543 9.130578219 11.4447443628 11.5653824473 11.5731926798 15.5074210314 15.7250586514 15.7329976452 15.9881200547 16.0324353014 16.3420829059 23.9107660996 24.5389405567 24.5836971746
562 2.9635907644 3.0418196219 3.1269683707 3.1494725596 3.1650657397 3.3280783913 3.3946076758 3.4226111556 4.2699287317 4.2725865897 4.4278728633 4.5233980884 4.6443427553 4.6907843649 4.7045757513 4.7112705318 4.7783457389 4.7834226058 4.8326995644 4.9475458996 4.9816590523 4.9835287185 4.9991750225 5.0428901968 5.125176731 5.4729581563 5.4898740037 5.512432119 5.5384944482 5.5757536173 5.6104706012 5.61555426 5.6626495337 5.7149604033 5.7664082792 5.766789399 5.788282837 5.8029070868 5.8391333224 5.8753114702 5.8756398168 5.9493202311 5.9663887884 5.9710565299 6.0477749805 6.0555201261 6.1155790557 6.1501504406 6.1534944838 6.4615549615 6.5252018519 6.6243074689 6.6856712679 6.6955479251 6.8258408004 6.8984418995 6.9733131247 7.0041663819 7.0470514403 7.0778005665 7.149511684 7.1564641551 7.1696979395 7.2582355495 7.2672650946 7.368562426 7.3736334157 7.6493249958 7.6869143838 7.8254049089 7.869110615 7.9006997584 7.9364418946 7.9557487049 8.0435749287 8.0488960072 8.073517639 8.1301098964 8.131237557 8.2242409335 8.2692102527 8.4307211425 8.4803262748 8.5586083528 8.6107950533 8.649085168 8.6784644588 8.6902144792 8.7274949175 8.8438914711 9.0050799686 9.0742960307 9.1308236654 11.4442221514 11.5648510466 11.5726435939 15.5074267381 15.724899492 15.7327990629 15.988049906 16.0323609309 16.3420051343 23.9109239195 24.539108282 24.5837872511
563 2.9650800874 3.0418539078 3.126103401 3.1466858277 3.1647585507 3.3295406616 3.395898556 3.4240123087 4.266440224 4.2667299114 4.4188502878 4.4967596524 4.6653622099 4.6891855195 4.709795902 4.7113217032 4.7836478202 4.7911201827 4.8336702372 4.9520736444 4.9843724913 4.9874653532 5.000033537 5.0459708352 5.1271445453 5.4676849973 5.4869293654 5.5083077069 5.5362691443 5.5732625956 5.5986415677 5.6139376008 5.6777396589 5.7043267558 5.7600498685 5.7657511995 5.7872901122 5.8148295624 5.8417217364 5.8747980874 5.8751113798 5.949153084 5.9654368793 5.9727022107 6.0503472117 6.0631884845 6.1196027968 6.1542885531 6.1571987551 6.4614588644 6.5250559163 6.6233284496 6.6853747221 6.6952235083 6.8251431243 6.8961139719 6.9750597427 7.0015104627 7.0463738683 7.0775248957 7.153516809 7.1561890665 7.1722650629 7.2595162699 7.2679014999 7.3689872815 7.372975421 7.6467679607 7.6869598388 7.8238282158 7.8697100935 7.8980723567 7.9350904098 7.9560804635 8.0395624031 8.0503353666 8.0760020823 8.1299280096 8.1322901805 8.2242952911 8.2693224803 8.4305309873 8.4803122199 8.5582123851 8.6107152423 8.6488930132 8.6779817788 8.6909819257 8.7277332022 8.8440919862 9.004894315 9.0751288011 9.1315614084 11.4426562694 11.5632573893 11.5709969085 15.5074438525 15.7244226303 15.7322040832 15.9878397283 16.0321381177 16.3417721279 23.9113967558 24.5396108076 24.5840571372
564 2.9675537002 3.0419005866 3.124661069 3.1420834823 3.1642398737 3.3319730166 3.3980464127 3.4263445453 4.2564916354 4.2614550561 4.4047974827 4.4636731755 4.6871544295 4.6888539979 4.7075109557 4.721488073 4.792575531 4.8030049715 4.8354010631 4.959409259 4.9888776311 4.9939849999 5.0014771617 5.0510620763 5.1304790992 5.4588292039 5.4822622168 5.5016803081 5.5326754985 5.5687502496 5.5875145492 5.610992321 5.6896020335 5.6948522697 5.7490295656 5.7664536727 5.7854916759 5.8295453352 5.8459362405 5.8739898435 5.8753666425 5.9492618141 5.9642900072 5.9754552071 6.0543476412 6.0746212663 6.1260374738 6.1610490376 6.163368097 6.4613019721 6.5248151716 6.6217192776 6.6848854124 6.6946866525 6.8240017652 6.8924790873 6.9777324417 6.997223002 7.0454996539 7.0770606727 7.1557238051 7.1597746634 7.1764736959 7.2616390865 7.2689974593 7.369710869 7.3718889938 7.6425253394 7.687037077 7.8214037852 7.8705368675 7.8937948454 7.9328502689 7.9565886786 8.0338738401 8.0526867218 8.0791510786 8.1296281919 8.133994284 8.224387582 8.2695018332 8.4302133919 8.4802872129 8.5575468688 8.6105924585 8.6485712964 8.6771760385 8.6922464102 8.7281325548 8.8444234685 9.0045866999 9.0765198675 9.1327956273 11.4400489779 11.5606031127 11.5682543436 15.5074723571 15.7236299131 15.7312150058 15.9874903257 16.0317677545 16.3413848108 23.9121827413 24.5404461855 24.5845058047
565 2.9709974655 3.0419444577 3.1226404319 3.1357286849 3.1635000389 3.3353683993 3.4010458321 3.4296033751 4.2431269072 4.2541854448 4.3867578811 4.4275169462 4.6851723022 4.7046284368 4.7113225856 4.7338604872 4.8050429613 4.8181878169 4.8381016653 4.9692864541 4.9951460583 5.0030169421 5.0035240457 5.058098459 5.13525516 5.4465023452 5.4761763606 5.4928563197 5.5278703406 5.5620846733 5.5789598004 5.6064356162 5.6727325427 5.7123195819 5.7341927335 5.7678398645 5.782767807 5.8453434836 5.8516362012 5.8734834691 5.8767021802 5.9501195035 5.9634089993 5.9793288118 6.0594769466 6.0884799071 6.1345495608 6.1702235577 6.1720058005 6.4610891898 6.524483341 6.619513002 6.6842107118 6.6939431708 6.8224461097 6.887802387 6.9810761598 6.9915191615 7.0446324983 7.0764034176 7.1550581639 7.1678306221 7.1822124628 7.2645862269 7.2706132704 7.3703894257 7.370757393 7.6366271223 7.6871483832 7.8183505417 7.871413044 7.8879903201 7.9297397121 7.9572279475 8.0270468456 8.05588284 8.0824377741 8.1292151919 8.1362819038 8.2245204309 8.2697373043 8.4297674878 8.4802488531 8.5566038335 8.6104408066 8.6481178934 8.6760454106 8.6939873515 8.7286959869 8.8448818938 9.004159832 9.0784738299 9.1345331825 11.4364040588 11.5568909571 11.5644187769 15.5075122224 15.7225244114 15.7298356539 15.9870030351 16.0312513255 16.3408447192 23.9132787719 24.541611177 24.585131544
566 2.9753884983 3.0419652026 3.1200404262 3.1277102864 3.1625262356 3.3397171011 3.4048892317 3.433782583 4.2267958256 4.2450282986 4.3656867706 4.3895747169 4.6835157793 4.7013765303 4.731731678 4.7471800536 4.8205307027 4.8359140899 4.8421399524 4.981407711 5.0031331899 5.0061972857 5.0144490951 5.0669872578 5.1415588132 5.4311076568 5.4690136953 5.4821712807 5.5220463326 5.554214994 5.5725046385 5.6000143312 5.654794319 5.7162096541 5.7295176995 5.7690658869 5.7790987569 5.8586395404 5.8615434523 5.8731261811 5.8796123667 5.9522113608 5.9632683653 5.9843371499 6.0654832964 6.1036020151 6.1447766798 6.1815289519 6.1831123126 6.460827385 6.5240656396 6.6167544931 6.6833608917 6.6930013078 6.8205124518 6.8823329062 6.9846676964 6.9848561066 7.0438860351 7.0755507208 7.1541777908 7.1772503213 7.1893116764 7.2683324554 7.2728495465 7.3684980101 7.3721626776 7.6291170474 7.687297086 7.8148713937 7.8721837775 7.8807921875 7.9257837807 7.9579609221 8.0193533099 8.0598371247 8.085605132 8.1286952178 8.1390705483 8.2246976748 8.2700144817 8.429192314 8.4801937356 8.555372861 8.6102778396 8.6475299553 8.6745874959 8.6961782492 8.7294271312 8.8454617104 9.0036174967 9.0809969831 9.1367834588 11.4317268364 11.5521247823 11.5594942593 15.5075634059 15.7211104087 15.7280713606 15.9863797213 16.0305908997 16.3401539949 23.9146805192 24.5431012643 24.5859319691
567 2.9806902081 3.0419382785 3.1168601115 3.1181453993 3.1613031939 3.3450069265 3.4095668405 3.4388742916 4.2079601473 4.2341111085 4.3423503852 4.3504398237 4.6822884328 4.6979653947 4.7501992232 4.7602088881 4.8380039554 4.8480798996 4.8555854741 4.9954814943 5.0095220109 5.0127740589 5.028122208 5.0776082183 5.1494605505 5.413306679 5.461116905 5.4699480465 5.5154140381 5.5462599989 5.5670092199 5.5915747489 5.6363784705 5.6957954124 5.7461446204 5.7694784725 5.7746039151 5.8667340837 5.8724875608 5.8778653547 5.8843243645 5.9559220196 5.9643153604 5.9904897903 6.0722035007 6.1191219037 6.156370572 6.1946338023 6.1966431962 6.4605253812 6.5235687782 6.6134992258 6.6823490741 6.6918718331 6.8182404786 6.876276356 6.9769370249 6.9888850503 7.0432942262 7.0745037854 7.1530641503 7.1876612822 7.1975275406 7.2728447933 7.2758662492 7.3662419098 7.3739761046 7.6200526933 7.6874876852 7.8111284418 7.8723302742 7.8727358815 7.9210138798 7.9587636047 8.01092998 8.0644496003 8.0885351783 8.1280755892 8.1422717582 8.2249245224 8.270316408 8.4284870325 8.48011743 8.5538417603 8.6101229471 8.646804029 8.6727994694 8.6987884112 8.7303297185 8.8461559272 9.002964549 9.0840971763 9.1395581517 11.4260242069 11.5463095919 11.5534860386 15.5076258506 15.7193933852 15.7259289497 15.9856227702 16.0297891225 16.3393153768 23.9163824477 24.5449106673 24.5869040268
568 2.9868414108 3.0418359773 3.1071875692 3.1130989661 3.1598139991 3.3512233963 3.415066653 3.4448690311 4.1870577098 4.2215754776 4.3104411211 4.317327271 4.6814900099 4.6945687054 4.7673165209 4.771792819 4.8561939341 4.8566139255 4.8767273251 5.0112431007 5.0135211244 5.023978767 5.0438282151 5.089814223 5.1589686859 5.3938894516 5.4528107262 5.4564772174 5.5081866085 5.5385582437 5.5619418102 5.5810962064 5.6178534504 5.6735912216 5.7620461978 5.7686620625 5.7694989825 5.8711031995 5.8756907624 5.8908009495 5.8942061515 5.9614539275 5.9668920567 5.9977841548 6.0795583153 6.1345019878 6.1690171837 6.2091921509 6.2124488002 6.4601939398 6.5230009704 6.6098119508 6.6811911789 6.6905681452 6.8156701282 6.8697932984 6.9685569264 6.9930251613 7.0428485265 7.073267906 7.1516945104 7.1987516957 7.2065207507 7.2780822435 7.2799081316 7.363653963 7.3762629998 7.6095042049 7.6877260137 7.8072394511 7.8627247268 7.8729965904 7.915467295 7.9596242431 8.0018508537 8.0696128266 8.0911763971 8.1273643937 8.1457982947 8.2252077513 8.2706245149 8.4276511569 8.4800144793 8.5519973452 8.6099958734 8.6459362058 8.6706782497 8.7017845774 8.7314069872 8.8469562324 9.0022069037 9.0877836393 9.1428709997 11.4193046766 11.5394515635 11.5464005888 15.5076994839 15.7173799984 15.7234167106 15.9847350796 16.0288492042 16.3383321902 23.9183778363 24.5470323646 24.5880440061
569 2.9937300153 3.041628593 3.0950502293 3.1087572209 3.1580409972 3.3583499769 3.4213743401 3.4517558099 4.1644831521 4.207571082 4.2697883797 4.2910456551 4.6810698758 4.6913179837 4.7810905822 4.7836564624 4.8682867317 4.873977564 4.8989533209 5.0182099551 5.0284600397 5.0366283465 5.0613118272 5.1034333409 5.1699531517 5.3736959052 5.4420171637 5.4443982058 5.5005674801 5.5310221657 5.5572066397 5.5686889704 5.5994861109 5.6501299858 5.764015711 5.7664393161 5.777157103 5.8686613031 5.88527958 5.8988283807 5.9105450297 5.9688033349 5.9711515933 6.0061963595 6.0875274229 6.1495098591 6.1824408792 6.2248722121 6.2302450463 6.4598457227 6.5223719428 6.6057653839 6.6799058682 6.6891063682 6.8128392142 6.8630072369 6.9597055045 6.9971798829 7.0425258148 7.0718521486 7.1500419837 7.2102530304 7.215838791 7.2839955427 7.2853264837 7.3607724018 7.3791071664 7.5975517105 7.688019426 7.8032838062 7.8520844118 7.8729249142 7.9091867143 7.9605398391 7.9921601754 8.0752170256 8.0935105104 8.1265701912 8.149569258 8.2255559367 8.2709195529 8.4266847683 8.4798784306 8.5498262582 8.609915528 8.6449222919 8.6682206823 8.7051322734 8.7326610797 8.8478531452 9.0013515202 9.0920667795 9.1467374693 11.4115784101 11.5315580884 11.5382456475 15.5077842155 15.7150780578 15.7205443683 15.9837200492 16.0277749074 16.3372083329 23.9206588055 24.5494581196 24.5893475514
570 3.0011203486 3.0412856405 3.0820765438 3.1038362176 3.155966746 3.366368326 3.4284730977 3.4595221831 4.140581414 4.1922502498 4.2286304109 4.2638233822 4.6809589038 4.6883049354 4.7878552092 4.7995584187 4.8831599907 4.8905658682 4.9219355343 5.0235904329 5.0469254842 5.0505720994 5.0802718799 5.1182725796 5.1820212449 5.3536654022 5.4268089996 5.4361664171 5.4927389993 5.5234912925 5.5528637857 5.5545681419 5.5814945431 5.6258561749 5.758343248 5.7628315493 5.7914706691 5.8650689075 5.8952876986 5.9081113114 5.9268905171 5.9770356144 5.977800473 6.0156722444 6.0961236216 6.1641350605 6.1964006585 6.2413736868 6.2496501022 6.4594952235 6.5216929522 6.6014390319 6.6785144953 6.6875054169 6.8097819564 6.8560141983 6.9505124376 7.0012842639 7.0423019505 7.0702686516 7.1480756588 7.2219212726 7.2249336385 7.2905269482 7.2925647637 7.3576404555 7.382612874 7.5842819269 7.6883770045 7.799311186 7.8405073953 7.8725022805 7.9022198087 7.9615127385 7.9818875423 8.0811540064 8.0955371501 8.1257017953 8.1535131271 8.2259796997 8.2711824484 8.4255886994 8.4797019042 8.5473157809 8.6098991465 8.6437579977 8.6654237254 8.7087968306 8.7340924774 8.8488361994 9.0004063844 9.0969579547 9.1511744002 11.4028572868 11.5226378173 11.5290302602 15.5078799356 15.7124964969 15.7173230478 15.9825815676 16.0265705304 16.33594826 23.9232163479 24.5521785101 24.5908096773
571 3.0084166145 3.0407770664 3.0689732718 3.0983387748 3.1535749632 3.3752585361 3.4363434081 3.4681543136 4.1156492085 4.1757634939 4.1870817278 4.2358999738 4.6810861421 4.6855875506 4.7923940281 4.8151126688 4.9008041018 4.9055082544 4.945376439 5.0296445956 5.0656280365 5.0664427413 5.1003568328 5.134123681 5.1943029869 5.3350436578 5.4111043365 5.4283972309 5.4848467423 5.5158550891 5.5390193083 5.5490187888 5.5640715007 5.6011713412 5.7526097065 5.7579902076 5.8050172234 5.8604086583 5.9055364157 5.9183371913 5.9432448132 5.9843310503 5.9881889637 6.0261212296 6.1053737642 6.1784781366 6.2106836029 6.2584341207 6.2702598162 6.4591586514 6.5209768097 6.596918239 6.6770410653 6.685786998 6.8065283605 6.8488909022 6.9410682124 7.0052967044 7.0421564545 7.0685318681 7.1457608636 7.23326374 7.2335229121 7.2976100458 7.3020588387 7.3543058008 7.386904991 7.5697846227 7.6888097661 7.7953500233 7.8280823362 7.8717248564 7.8946189306 7.9625481418 7.9710551784 8.0873197782 8.097266381 8.1247681424 8.1575691047 8.2264919534 8.2713950424 8.4243646711 8.4794767017 8.5444545745 8.6099617831 8.6424391378 8.6622846297 8.712744088 8.7356995264 8.8498941563 8.9993804828 9.1024692263 9.156199619 11.393154969 11.5127007156 11.5187648336 15.507986512 15.7096453398 15.7137652337 15.9813239983 16.02524089 16.3345569656 23.9260403647 24.555182964 24.5924247856
572 3.013803824 3.0400744041 3.0576674025 3.0922695465 3.1508514277 3.3849993597 3.4449626785 3.4776370257 4.08994058 4.1452362623 4.1582561479 4.2074599178 4.6813865231 4.6831971906 4.7952295279 4.8302101102 4.9186166845 4.9205970935 4.9689778014 5.0363235538 5.0815890208 5.086801578 5.1211465181 5.1507718155 5.2050869406 5.3197862752 5.3952082268 5.4213800255 5.4769682695 5.5080715496 5.522369037 5.545797557 5.5473956138 5.5765002542 5.7468904647 5.7521271999 5.8178467651 5.8548526987 5.9158925456 5.929210074 5.9595801371 5.9927582141 5.9997061105 6.0374154518 6.1153064995 6.1926633124 6.2250981786 6.2758279709 6.2917092759 6.4588537486 6.5202379143 6.5922934914 6.6755122148 6.6839754969 6.8031042721 6.8417011063 6.9314337249 7.0091925978 7.0420732619 7.0666579163 7.1430596051 7.2404701709 7.2448284014 7.3051695485 7.3140617914 7.3508198187 7.392125196 7.5541495171 7.6893308349 7.7914146545 7.8148903707 7.8705979621 7.8864409854 7.9596816489 7.9636525421 8.0936159944 8.0987148186 8.1237782487 8.1616872692 8.227108117 8.2715406854 8.4230153759 8.4791939483 8.5412333077 8.6101160726 8.6409618364 8.6588011036 8.7169408304 8.7374780929 8.8510152402 8.9982837695 9.1086130993 9.1618315313 11.3824869787 11.5017581272 11.5074611968 15.5081037881 15.7065356647 15.709884724 15.9799521637 16.0237913011 16.3330399632 23.9291197049 24.5584597975 24.5941866849
573 3.0125598592 3.0391518252 3.0529919382 3.08563536 3.1477847929 3.3955683971 3.4543047034 3.4879538489 4.0636740409 4.1031751577 4.1398660939 4.1786489782 4.6811452089 4.6818037374 4.7968323295 4.8445928892 4.9298676201 4.9419573613 4.9924014032 5.0435209375 5.0982388127 5.1077442935 5.1421082678 5.1680093163 5.2115674269 5.3108898299 5.37954631 5.4154230558 5.4690414103 5.5001516411 5.5049678458 5.5316389028 5.5433570101 5.5523983753 5.7412252241 5.7454642161 5.830016075 5.8485931266 5.9262712103 5.9404653763 5.9758256611 6.0020387952 6.0121390553 6.0493950562 6.1259444919 6.206794091 6.2394684557 6.2933620836 6.3136987956 6.4585995149 6.5194922984 6.5876599513 6.6739572202 6.6820976826 6.7995318939 6.8345005042 6.9216482719 7.0129595839 7.0420401392 7.0646640875 7.1399312235 7.2464869508 7.2556149284 7.3131210569 7.328533311 7.3472366205 7.3984218069 7.5374639609 7.6899555289 7.787510865 7.8010074179 7.8691322921 7.8777475401 7.9477838772 7.9648328439 8.0999034964 8.0999505123 8.122741243 8.1658279974 8.2278462483 8.2716046836 8.4215445081 8.4788442606 8.5376451397 8.610372188 8.6393227319 8.6549714584 8.7213550333 8.7394213727 8.8521873888 8.9971271243 9.1154022509 9.1680887033 11.3708707872 11.4898228485 11.4951326724 15.5082315798 15.7031795623 15.70569658 15.9784713275 16.0222275549 16.3314032633 23.9324422097 24.561996259 24.5960886117
574 3.0020569004 3.0379870547 3.0576825902 3.0784455204 3.1443672775 3.406942228 3.4643388733 3.4990870543 4.0370399463 4.060971621 4.1207224599 4.1495855287 4.6794285139 4.6822906526 4.7975433991 4.8578915768 4.9393088043 4.9643883122 5.015217169 5.0510130322 5.1153839351 5.1289161705 5.1625091964 5.1856581559 5.2113350633 5.3110151582 5.3647741672 5.4108570656 5.460703408 5.4871899195 5.4921386651 5.5169760737 5.5297509321 5.541908705 5.7356335456 5.7382049048 5.8415805773 5.8418061962 5.9366303325 5.951875145 5.9918638007 6.0119294458 6.0253514884 6.0618782978 6.1372990387 6.2209403182 6.2536295582 6.3108701182 6.3359937026 6.4584158115 6.5187576845 6.583117119 6.6724080413 6.680182136 6.7958305732 6.8273406824 6.9117356628 7.0165940148 7.0420478286 7.0625685002 7.1363332854 7.2514757144 7.2656791848 7.3213707619 7.3436118129 7.3452034362 7.4059317456 7.5198115022 7.6907012695 7.7836399068 7.7865070451 7.8673415034 7.868605244 7.9353783229 7.9660959108 8.1008566421 8.1062374092 8.1216664626 8.1699610067 8.2287270267 8.2715746023 8.4199567461 8.4784179255 8.5336860458 8.6107379252 8.637519175 8.6507947298 8.7259559777 8.7415198658 8.8533985073 8.9959222992 9.122849253 9.1749894402 11.3583259146 11.4769092126 11.4817941576 15.5083696729 15.6995900913 15.7012170701 15.9768871755 16.0205558948 16.3296533491 23.9359947607 24.5657785763 24.5981232547
575 2.986522289 3.036562123 3.0676152684 3.0707120734 3.1405952117 3.4190964672 3.4750290029 3.5110176827 4.0102075718 4.0186942458 4.1009451035 4.1203684905 4.6780339625 4.682808573 4.7975905429 4.8696461011 4.9469946726 4.9874217351 5.0368391923 5.0583543804 5.1329056371 5.1497945163 5.1812675423 5.2036026592 5.2057469352 5.3192568875 5.3519489517 5.4080142262 5.4510252789 5.4694587713 5.4840929139 5.5036005127 5.5100845018 5.5417439001 5.7301256908 5.7305241723 5.8346412085 5.8525904357 5.9469599091 5.9632491102 6.0075376031 6.0222308824 6.0392837017 6.0746736012 6.1493659425 6.2351398577 6.2674244286 6.328207312 6.3584132385 6.4583228087 6.5180535527 6.5787684265 6.6708994108 6.6782582729 6.7920177089 6.8202725779 6.9017087468 7.0200983038 7.0420892827 7.0603898695 7.132222711 7.2556767572 7.274857624 7.3298150968 7.3400009936 7.3637184163 7.414756476 7.5012712762 7.6915871655 7.7714642623 7.779801229 7.8590866633 7.8652407587 7.9224817476 7.9674483622 8.1016009554 8.1123968002 8.1205635947 8.1740642582 8.2297734927 8.2714404439 8.4182576963 8.4779050793 8.5293549892 8.6112188603 8.6355494146 8.6462707722 8.7307142857 8.7437615083 8.8546367156 8.9946818514 9.1309662899 9.1825513735 11.3448740431 11.4630331851 11.4674622166 15.5085178197 15.6957812297 15.6964636102 15.975205795 16.0187829907 16.3277971512 23.9397633317 24.5697920079 24.6002827799
576 2.9689070284 3.0348639375 3.0624500202 3.0799360812 3.1364694203 3.4320057238 3.4863315788 3.5237255649 3.9764095507 3.9833318703 4.0806446845 4.0910829948 4.6769416933 4.6833260224 4.7971225231 4.879301544 4.9529765523 5.0105222539 5.0564690539 5.0647733856 5.1508207408 5.1696055738 5.1967993983 5.1992027733 5.2218126158 5.3319784157 5.3427149596 5.4071254897 5.4386067878 5.4523442616 5.4760832246 5.491752959 5.4955372337 5.5432505758 5.7225672706 5.7247091086 5.827221528 5.8630897372 5.9572699325 5.974433805 6.0226750302 6.0327852639 6.0539269338 6.0875907216 6.1621222963 6.2494044822 6.2807019946 6.3452462516 6.3808178698 6.4583402456 6.517401211 6.5747204587 6.6694689741 6.6763548001 6.788109674 6.8133497757 6.8915727541 7.0234789202 7.0421590715 7.0581473555 7.1275570922 7.2593081912 7.2830470097 7.3364579905 7.3383403894 7.3837363381 7.4249386193 7.4819180903 7.6926330305 7.7559610056 7.7759942095 7.8492716915 7.862845906 7.9091117994 7.9688965025 8.1021651818 8.1183547654 8.1194428521 8.1781228652 8.2310104325 8.2711947207 8.4164538082 8.4772958738 8.5246539546 8.6118185396 8.6334127677 8.6414003271 8.7356019132 8.7461319424 8.8558905765 8.9934190615 9.1397648718 9.1907910615 11.3305391425 11.4482124731 11.4521551855 15.5086757365 15.6914546986 15.6917678226 15.9734336524 16.0169159113 16.3258420191 23.9437330442 24.5740208985 24.6025588589
577 2.9502717621 3.0328846695 3.0536774827 3.093673876 3.1319954428 3.4456434371 3.498193096 3.5371893348 3.9341841888 3.9565602371 4.0599231461 4.061804543 4.6761275856 4.6838173958 4.7962362603 4.8861680921 4.9573706546 5.0329513914 5.0692691614 5.0731076015 5.1692978945 5.1872908821 5.1958564637 5.2072508486 5.2402671416 5.3391299467 5.3459873602 5.4078457968 5.4231244709 5.4370111513 5.468183833 5.4817717589 5.4874240711 5.5469059049 5.7144533463 5.7193919157 5.8196498809 5.8731175021 5.967579872 5.9853104796 6.0371300568 6.0434697206 6.0692771053 6.1004492817 6.1755242701 6.2637256672 6.2933169442 6.3618739452 6.4030985444 6.4584864752 6.5168238565 6.571081386 6.6681574848 6.6744974147 6.7841226922 6.8066318966 6.8813277917 7.0267448662 7.0422529545 7.0558604627 7.1222961097 7.2625344352 7.2902155693 7.3330328664 7.3468226164 7.4049498871 7.4364485758 7.4618230963 7.6938574425 7.7400948371 7.7722191644 7.8392497967 7.8601730575 7.8952875636 7.9704463153 8.1025798705 8.1183151712 8.1240436425 8.1821280891 8.2324632949 8.2708324451 8.4145522705 8.4765806195 8.5195878698 8.6125386759 8.6311097694 8.6361850654 8.7405921219 8.7486148989 8.857149297 8.9921478334 9.149255543 9.1997236103 11.3153476093 11.432466648 11.4358932905 15.5088431 15.6862098474 15.6875655264 15.9715775702 16.0149620955 16.3237956924 23.9478882261 24.5784487375 24.6049426985
578 2.9310691671 3.0306219553 3.0444158162 3.1084562061 3.1271835893 3.4599815478 3.5105459225 3.5513864318 3.8920871718 3.9300399356 4.032602205 4.0388744511 4.675565034 4.684261646 4.7949946339 4.8893730571 4.9604934596 5.053553289 5.0711951631 5.0857230938 5.1885368783 5.1983410925 5.2016305163 5.2118714492 5.2585983974 5.3424040279 5.3591988513 5.4066701222 5.4067613287 5.4276676417 5.4604744005 5.474177144 5.4851334917 5.5532175844 5.706280492 5.7141846375 5.8120144326 5.8827094995 5.9779110662 5.9957919475 6.050819639 6.0541895573 6.0852917083 6.1130843124 6.1895060469 6.2780790899 6.3051314326 6.3779903457 6.4251685304 6.458777288 6.5163465972 6.5679581085 6.6670090543 6.672705569 6.7800736344 6.8001882123 6.8709707629 7.0299065187 7.0423675847 7.053548964 7.1164029121 7.2654698072 7.296398682 7.3297696644 7.3551274231 7.4270673868 7.4410550593 7.449186952 7.695274213 7.723994045 7.7684778602 7.8291235625 7.857238408 7.8810301994 7.9721034879 8.1028772506 8.1171924274 8.1294028523 8.1860764608 8.2341565641 8.2703510572 8.4125608981 8.4757499013 8.5141644457 8.6133793362 8.6286423025 8.6306276057 8.7456594463 8.751192659 8.8584028929 8.9908825753 9.1594475836 9.2093623141 11.2993284206 11.4158172842 11.4186987826 15.5090195449 15.6807495093 15.6831907499 15.969644702 16.0129293215 16.3216662696 23.9522124738 24.5830582216 24.6074250724
579 2.9115560849 3.028078922 3.0346896744 3.1220488491 3.1240951316 3.4749899369 3.5233017305 3.5662930859 3.8501924537 3.9039272731 4.0035412601 4.017585462 4.6752262039 4.6846410712 4.7934373268 4.8879411068 4.9629428811 5.0704537008 5.0709647893 5.0935582555 5.2073645186 5.2084954219 5.2114743338 5.2127699451 5.2753670606 5.3513124183 5.3702996396 5.3928926135 5.3983645423 5.430560057 5.4530410937 5.4697930801 5.4874801271 5.5625964443 5.6981310085 5.7091011228 5.8043945202 5.8919001997 5.9882821299 6.0058184584 6.0637278167 6.06487233 6.1018798613 6.1253493184 6.2039798644 6.2924278042 6.3160190675 6.3935084349 6.44695745 6.459224541 6.5159963876 6.5654516282 6.6660714495 6.6709882196 6.7759807199 6.7941014648 6.8604969144 7.0329747518 7.0425003146 7.0512328327 7.109845288 7.2681910972 7.301681196 7.3267036218 7.3631106377 7.4196825447 7.4497713502 7.4630004659 7.6968862443 7.7078460984 7.7647737038 7.8190143086 7.854058189 7.8663637863 7.9738734461 8.1030911873 8.1160876627 8.1343802955 8.1899690409 8.2361116062 8.2697503086 8.4104880144 8.4747946622 8.5083939637 8.6143391124 8.6247315105 8.6260137036 8.7507796609 8.7538465667 8.8596423139 8.9896380585 9.1703486984 9.2197183158 11.2825133027 11.3982881157 11.4005960882 15.5092046607 15.6750950009 15.6786605924 15.9676425066 16.0108256753 16.3194621758 23.9566887168 24.5878313203 24.6099963548
580 2.8919132784 3.0245270267 3.0252640534 3.1166106659 3.1404645573 3.4906355121 3.5363407929 3.5818842776 3.808582317 3.8784003464 3.9746856316 3.9961368859 4.6750828985 4.684940216 4.7915871378 4.8811642703 4.9654148829 5.0698153799 5.0809829236 5.0963569771 5.2143706796 5.2158041788 5.2220975567 5.2286175202 5.2874709795 5.3627249896 5.3785689012 5.386574705 5.3881559414 5.4409193782 5.4459759715 5.4698318576 5.493657293 5.575197456 5.69007659 5.7041592416 5.7968659698 5.9007245235 5.9987068243 6.0153528734 6.0754630196 6.075877759 6.1189251515 6.1371177141 6.218836853 6.3067243786 6.3258713311 6.4083559405 6.4598346769 6.4684069061 6.5158017975 6.5636504028 6.6653964185 6.6693387577 6.7718641113 6.7884715758 6.8499011776 7.035960273 7.0426490765 7.0489321627 7.1025964623 7.2707491284 7.3061745442 7.3238566244 7.3706195539 7.3977783435 7.4726485317 7.4777029142 7.6919555144 7.6986751463 7.7611117335 7.8090711471 7.8506486891 7.8513165585 7.9757613938 8.1032571877 8.1150153244 8.1389341705 8.1938108176 8.2383441655 8.2690321181 8.4083423351 8.4737062566 8.5022890397 8.6154152698 8.6185012649 8.6232288463 8.7559297524 8.756557563 8.8608595268 8.9884292546 9.1819646903 9.2308002819 11.2649369153 11.3799052122 11.38161198 15.5093979891 15.669268422 15.6739927789 15.9655787211 16.0086595178 16.3171921292 23.9612992856 24.5927493444 24.6126465556
581 2.8722860129 3.0139591333 3.0221909137 3.1108926033 3.1574552362 3.506880716 3.5494941228 3.5981336512 3.767352247 3.8536784914 3.9461004964 3.9746042434 4.675107135 4.6851448667 4.78945336 4.8690391232 4.9683387642 5.0688709064 5.0828014562 5.0943363238 5.2136946 5.2206017493 5.2412000026 5.2476754598 5.2920701776 5.3735458913 5.3805449885 5.3838109088 5.3918545464 5.4393705629 5.4552489611 5.4756361806 5.5031289047 5.5908319448 5.682183812 5.6993818031 5.7895063626 5.9092192913 6.0091936547 6.0243755843 6.0859201978 6.0872993536 6.1363137024 6.1482833874 6.2339481903 6.3209123059 6.3346060717 6.4224786489 6.4606072974 6.4894671359 6.515792497 6.5626219912 6.6650400096 6.6677298834 6.7677463931 6.7834184411 6.839179461 7.0388731236 7.0428123205 7.046667066 7.094635375 7.2731772211 7.3099966946 7.3212253837 7.3754317446 7.3774952734 7.493092843 7.4950553433 7.6768693927 7.7005841501 7.7574984947 7.7994856527 7.8359228049 7.8470263027 7.9777723557 8.1034124344 8.1139915143 8.1430348617 8.1976102321 8.2408618741 8.2682004121 8.4061328555 8.4724764761 8.4958643846 8.611942239 8.6166038767 8.6202942035 8.7593067199 8.7610878956 8.8620475573 8.9872711492 9.1942991108 9.2426140848 11.2466370518 11.3606971781 11.3617757704 15.5095990218 15.6632925721 15.6692055923 15.9634613328 16.0064394506 16.3148651064 23.9660259808 24.5977930175 24.6153653574
582 2.8528000432 3.0030204824 3.0188777542 3.1049219231 3.1749516853 3.5236810208 3.5625131287 3.6150133456 3.7266184601 3.8300538521 3.9178556166 3.9530588585 4.6752715006 4.6852411054 4.7870331346 4.8522538336 4.9717640105 5.0686758677 5.0759497398 5.0880004849 5.204716246 5.2321907444 5.2634805884 5.2637137312 5.2909488603 5.3779322157 5.3822556277 5.3862466286 5.4076615233 5.4332997915 5.4724862337 5.4877871275 5.5154259946 5.6090236306 5.6745210802 5.6947981118 5.7824008449 5.9174244218 6.0197465202 6.0328796629 6.0962130072 6.0980106612 6.1539490296 6.1587608982 6.2491661122 6.3349269564 6.3421768594 6.4358450023 6.4615340415 6.5100941875 6.5159982995 6.5624041808 6.6650628232 6.6661101097 6.7636529081 6.7790822855 6.8283300788 7.0417223005 7.0429889951 7.0444575312 7.0859463667 7.2754969224 7.3132587957 7.3187291244 7.3528019178 7.3835763462 7.5089635398 7.5158327533 7.6636561629 7.702491263 7.7539418559 7.7905149736 7.8202259286 7.8432075829 7.979911227 8.1035958253 8.113034247 8.1466663911 8.2013788204 8.2436622795 8.2672609588 8.4038687426 8.4710975534 8.4891365804 8.6050606397 8.6172178868 8.6178999137 8.7620757556 8.7662334338 8.8632004955 8.9861785343 9.2073528812 9.2551624829 11.2276548557 11.3406953764 11.3411195292 15.509807198 15.6571908633 15.6643178038 15.9612985502 16.0041742816 16.3124903065 23.9708501456 24.6029425501 24.6181421541
583 2.8335687326 2.9917486911 3.0153470237 3.0987291002 3.1928131577 3.5409805324 3.5750180684 3.632493669 3.6865302151 3.8079438583 3.8900303485 3.9315689178 4.6755493337 4.6852143729 4.7843112154 4.8317800729 4.9755446837 5.0626457436 5.0693172237 5.0779662911 5.1895915695 5.246945976 5.2745327772 5.2880089429 5.2880099552 5.3823945608 5.3863732837 5.3894920894 5.4278010937 5.4296270619 5.4920082721 5.5054366517 5.5300814958 5.6291587294 5.6671698488 5.6904467514 5.7756492843 5.9253839971 6.0303658968 6.0408666328 6.10631879 6.1080127178 6.1684855532 6.1717540323 6.2643245719 6.3485811142 6.3486963193 6.4484511805 6.4625980998 6.5164475819 6.5302471267 6.5629977144 6.6644046882 6.6655300937 6.7596119174 6.775619298 6.8173555865 7.0423232341 7.0431785623 7.0445154666 7.076518269 7.2777217739 7.315711896 7.3160584197 7.330617289 7.3887038084 7.5251045184 7.5327659618 7.6544414945 7.7041717687 7.7504507983 7.7825141966 7.8042835815 7.8392092867 7.9821828367 8.1038479952 8.1121637159 8.1498269312 8.2051309555 8.246731888 8.2662212051 8.4015592314 8.4695621516 8.4821238823 8.5978634536 8.6140096664 8.619297367 8.7648475159 8.7713468611 8.8643134687 8.9851657812 9.2211238778 9.2684447863 11.208035053 11.3196783305 11.3199341821 15.5100219033 15.6509872306 15.6593486003 15.9590987734 16.0018729893 16.3100771147 23.9757527391 24.6081777158 24.6209660905
584 2.8146965476 2.980184377 3.0116248084 3.092347297 3.2108493636 3.5587038138 3.5864146191 3.6472909615 3.6505424563 3.7879753531 3.8627222717 3.9102007474 4.6759147616 4.6850484799 4.781258258 4.8085280537 4.9795162202 5.04526648 5.0648580722 5.0706756726 5.1699326638 5.261995496 5.2793222457 5.2850416634 5.3139539965 5.3849024681 5.3944740021 5.3971896052 5.4228760857 5.454556972 5.5133127367 5.5269294674 5.546646497 5.6506233263 5.6602477876 5.6863806887 5.7693758654 5.9331473114 6.0410501891 6.0483430899 6.1162212324 6.1172910779 6.1774133841 6.1896665353 6.2792397526 6.3538645433 6.362141769 6.4603251454 6.463774707 6.5171649269 6.5498846868 6.5643631693 6.6625243703 6.6665114116 6.7556545272 6.7731901355 6.8062654972 7.0402832875 7.0433810412 7.0472587225 7.0663429757 7.2798597576 7.303408349 7.3177119933 7.3184774802 7.3927274714 7.5412946188 7.5422803943 7.6527092004 7.7052626495 7.747035201 7.7759655459 7.7881766771 7.835048407 7.9845920346 8.1042112938 8.1114025622 8.1525280701 8.2088836735 8.2500465222 8.2650901214 8.3992135255 8.4678633487 8.4748460554 8.5903583872 8.6106809706 8.6207893084 8.767606411 8.776409806 8.8653825887 8.9842465982 9.2356064747 9.2824564988 11.1878262002 11.2974905328 11.2984512675 15.5102424679 15.6447060402 15.6543175107 15.9568705631 15.9995446866 16.3076350652 23.9807144117 24.6134779297 24.623826104
585 2.7962809026 2.9683710001 3.0077402218 3.085811816 3.2287809546 3.5767395811 3.5957821739 3.6091963276 3.669123717 3.7710968027 3.8360638249 3.8890206902 4.6763426069 4.6847244914 4.7778274981 4.7832188837 4.9835573769 5.0254611366 5.0492565611 5.0725844154 5.1473255537 5.2750148877 5.2794895168 5.2823067718 5.3400186482 5.3830697057 5.4073051576 5.4124450481 5.4185799783 5.4807086979 5.5359658318 5.5506816573 5.564728212 5.6539689661 5.6728750768 5.6826771014 5.7637425818 5.9407699721 6.0517970166 6.0553182323 6.1258195542 6.1259089215 6.1855209412 6.2076326743 6.2937111927 6.3581201054 6.3751791081 6.4650328525 6.4715272448 6.5181679529 6.566423959 6.5689605256 6.6603843446 6.6680796847 6.7518143109 6.7719404745 6.7950808203 7.0383559215 7.0435970765 7.0499564175 7.055413636 7.2808084555 7.2819148569 7.3151637974 7.3205827793 7.3955130134 7.5416793524 7.5572850685 7.6610613658 7.705280487 7.7437056308 7.771453332 7.7720259932 7.8307421887 7.9871438181 8.1047296864 8.110776138 8.1547928625 8.2126565644 8.2535729506 8.2638780604 8.3968406992 8.465994627 8.4673242502 8.5825538057 8.6072448654 8.6223679668 8.770338796 8.7814050142 8.8664048804 8.9834337784 9.2507910377 9.2971889212 11.1670809467 11.2745980957 11.2762879252 15.5104681663 15.6383719948 15.6492443302 15.9546226096 15.9971985847 16.3051738032 23.9857155812 24.6188223283 24.6267109666
586 2.7784131805 2.9563546789 3.0037247662 3.0791595508 3.2461679691 3.5727049215 3.5949053523 3.6018168581 3.6881944938 3.7586356295 3.8102578931 3.8680986616 4.6768081641 4.6842193907 4.7563853263 4.7739494992 4.9875909539 5.0042656409 5.0316785062 5.0748934197 5.1228952052 5.2770910333 5.27971592 5.284657881 5.3609031116 5.3856041376 5.4155048331 5.4209950598 5.4339129649 5.5070020852 5.5595752857 5.5752676465 5.5840240179 5.6488426322 5.6794579641 5.695459417 5.75896831 5.9483150344 6.0618022364 6.062604292 6.1335643293 6.1353742386 6.1928047747 6.2255995426 6.3075248484 6.3614814857 6.3877201386 6.4663381855 6.4821441318 6.5194635272 6.569075856 6.5874158024 6.6579322028 6.6703082756 6.7481265477 6.7719766914 6.783842487 7.0365580882 7.0437226592 7.0438280325 7.0526109806 7.2571610333 7.2838880029 7.3137934625 7.3224277046 7.3969491263 7.5324513484 7.5727660314 7.6779094133 7.7037807134 7.7404731457 7.7560243351 7.7694975474 7.8263081316 7.9898435182 8.1054485405 8.1103127476 8.1566530299 8.2164717037 8.2572714158 8.2625966331 8.3944495996 8.4595809206 8.4639498796 8.5744586764 8.6037160118 8.6240247918 8.7730332838 8.7863163302 8.8673781977 8.9827389459 9.2666633641 9.3126287073 11.1458563095 11.2510469415 11.2534894329 15.5106982167 15.6320100376 15.6441490428 15.9523637008 15.9948439563 16.3027030467 23.9907365103 24.6241898513 24.6296093283
587 2.761179298 2.9441839822 2.9996116818 3.0724284475 3.2622754969 3.5385723112 3.6030957118 3.6128629048 3.7076963895 3.7520342457 3.7856625067 3.8475169216 4.6772868303 4.6835044028 4.7284120441 4.7695245511 4.9823635452 4.9915701472 5.0125730023 5.0774849121 5.0973515226 5.2735611047 5.2771973183 5.2907240639 5.365165692 5.3983992533 5.4192154999 5.4382809406 5.4570930732 5.5325556299 5.5837398018 5.5984946337 5.6043459831 5.6465139599 5.6769390543 5.7179983187 5.7553544038 5.955854008 6.0678053561 6.0734709994 6.1404880277 6.1446125255 6.1992805282 6.2435067329 6.3204597841 6.3641132865 6.3996749814 6.4676567131 6.4922722784 6.5210438704 6.5722015956 6.6051671776 6.6551794381 6.6732630184 6.7446270107 6.7726286151 6.7733442888 7.0312597703 7.0349049865 7.0440761111 7.0552227575 7.2333038416 7.2857775513 7.3128375626 7.3240542132 7.3969537981 7.5179914171 7.5873001461 7.6997516728 7.7006263549 7.737349112 7.7405016608 7.7702789182 7.8217639794 7.9926970778 8.1064142528 8.1100438431 8.1581458471 8.2203535935 8.2610985135 8.2612586072 8.3920487464 8.4516397873 8.4617234481 8.5660825211 8.6001106006 8.6257505148 8.7756809799 8.7911286769 8.868301133 8.9821723092 9.2832040644 9.3287573603 11.1242139575 11.2268873639 11.230105466 15.5109317823 15.6256452552 15.6390517434 15.9501026894 15.9924900984 16.3002325483 23.9957573844 24.6295593242 24.6325097615
588 2.7446599937 2.931909697 2.9954352987 3.0656569899 3.2758325862 3.5080919797 3.5988702435 3.6298938815 3.7275270169 3.7520565996 3.7630153226 3.8273988082 4.6777535581 4.6825428195 4.6995768424 4.7644124875 4.9602640291 4.9923272946 4.9954665038 5.0711378493 5.0802709068 5.2696730756 5.274733729 5.2938388851 5.3618687773 5.4003657185 5.441741583 5.4583205326 5.4808429527 5.556469072 5.6079134871 5.6144119622 5.6256259564 5.6526380642 5.6755695436 5.7401715075 5.753313631 5.9634673786 6.0733376028 6.0843975944 6.1465537854 6.1536214801 6.2049816692 6.261275089 6.3322999232 6.36620211 6.4109552502 6.4689585325 6.5019876999 6.5228833057 6.5756879862 6.6220883089 6.6522298369 6.67697785 6.741350282 6.7615936836 6.7760177869 7.0180104254 7.0334095077 7.0443445012 7.0577898379 7.2094408482 7.287579329 7.3121738787 7.3254946686 7.3954788508 7.5006390878 7.6001882302 7.6960857554 7.7241347408 7.7260584538 7.7343450375 7.7735368486 7.8171276986 7.9957114662 8.1076736663 8.1100041362 8.1593112271 8.2243290689 8.2598778326 8.2650099042 8.3896462252 8.4435258508 8.4593102052 8.5574353803 8.5964462589 8.6275352094 8.7782756251 8.7958280323 8.8691729242 8.98174243 9.3003878818 9.3455506613 11.1022205012 11.2021744956 11.2061905635 15.5111679716 15.6193027786 15.6339725585 15.9478484599 15.9901462961 16.2977720563 24.0007583897 24.6349095417 24.6354008062
589 2.7289309267 2.9195845735 2.9912304044 3.0588837168 3.2847055951 3.4834219602 3.5897011486 3.6442712171 3.7440622179 3.7474009847 3.7581534503 3.8080478122 4.6700827548 4.6781820704 4.6812871274 4.7584206494 4.9384067089 4.9712778966 4.9992619778 5.044542404 5.0831863904 5.2658097333 5.272339108 5.2948695988 5.3571138416 5.397331144 5.4711419787 5.4799559228 5.504368652 5.5777685994 5.6183305464 5.6309341066 5.647867573 5.6718054711 5.6765197005 5.7533870988 5.7616996571 5.9712439998 6.0784088848 6.0953859254 6.1517293702 6.1624007439 6.2099580204 6.2787889579 6.3428508763 6.3679546681 6.4214779744 6.4702207167 6.5113003635 6.5249364213 6.5794429383 6.6379870219 6.6493024255 6.6813744619 6.7383276634 6.7510671281 6.7799060459 7.0039550046 7.0320816057 7.044637562 7.0603078619 7.1857128453 7.2892861675 7.3117528109 7.3267733536 7.3925121122 7.4816033189 7.610225051 7.6906335922 7.7138096666 7.7314724182 7.7497284163 7.7787666197 7.8124174484 7.9988952948 8.1092732282 8.110231573 8.1601893447 8.228427111 8.2584692004 8.2689625095 8.3872495727 8.4352654612 8.4567056989 8.5485277972 8.5927419262 8.6293683529 8.7808136319 8.800401403 8.8699933646 8.9814560171 9.3181829475 9.3629780227 11.0799477809 11.1769688375 11.1818046541 15.5114058415 15.6130076839 15.6289315668 15.9456098955 15.9878217857 16.2953312766 24.0057197915 24.6382710149 24.6402193518
590 2.7140626306 2.9072630481 2.987031634 3.0521467771 3.2859404747 3.4675426219 3.5770143379 3.6519727857 3.7328435917 3.7654452343 3.7689062279 3.791352173 4.6400808179 4.6785437406 4.6796751947 4.7512934126 4.9172223784 4.9497244188 5.0029442056 5.0177655516 5.0861828322 5.2621532645 5.2700385501 5.2945579626 5.3519590405 5.3935057326 5.5020081758 5.5021231396 5.5269896149 5.5955275152 5.6173613571 5.6495257354 5.6710130248 5.6832139378 5.6970277844 5.7562120446 5.7823332602 5.9792783899 6.0830295139 6.1064385186 6.1559912425 6.1709516545 6.2142743883 6.2958634967 6.3519592414 6.3696130687 6.4311698566 6.4714286992 6.520096452 6.5271380912 6.5834105725 6.6467519291 6.6525988062 6.6859973365 6.7355848868 6.741819751 6.7848696005 6.9890693435 7.030927602 7.0449610519 7.0627697892 7.1622541971 7.2908866436 7.3115415025 7.3279076063 7.388077021 7.4615033263 7.6154864702 7.6847156791 7.7055980152 7.728742599 7.7757855702 7.78545563 7.8076515461 8.0022597319 8.1107670966 8.1112578426 8.1608189299 8.2326784784 8.257048643 8.2729160561 8.3848656485 8.4268864556 8.4539063757 8.5393708247 8.5890176949 8.6312388911 8.7832940022 8.8048367949 8.8707627165 8.9813177539 9.3365499724 9.3810017579 11.0574731467 11.1513368626 11.157013649 15.5116443992 15.6067848933 15.6239487195 15.9433958439 15.9855257187 16.2929198345 24.0106220119 24.6411089988 24.6454677396
591 2.7001203436 2.8950009437 2.9828728932 3.0454835286 3.2772938044 3.4627257572 3.5622340999 3.6481504018 3.7342252362 3.7641985272 3.7828936506 3.7947851825 4.6096857339 4.6776252694 4.678805979 4.7427122655 4.8971609396 4.9279445892 4.9909591425 5.006503834 5.0892231391 5.2587850374 5.2678575275 5.2934328501 5.346713119 5.3894783964 5.5232002069 5.5337504241 5.547970905 5.6091263148 5.6163496265 5.659927558 5.6947810482 5.6997603331 5.7239416085 5.7623980424 5.8018486044 5.9876647217 6.0872110285 6.1175569671 6.1593282638 6.1792771442 6.2180097178 6.3121771203 6.359529043 6.3715081326 6.4399711209 6.472575997 6.5280824505 6.5294052597 6.5875833748 6.6450858258 6.6656518595 6.6893243883 6.7331399902 6.7356832423 6.7907423719 6.9733273003 7.0299494327 7.0453224155 7.06516562 7.1392030633 7.2923623166 7.3115126858 7.328908573 7.3822299109 7.4406864487 7.6140311886 7.6786567359 7.7032934243 7.7261666453 7.7931793445 7.8018265158 7.8028484273 8.0058198514 8.1116541018 8.1136693883 8.1612362014 8.2371150394 8.2556331869 8.2768339933 8.3825004879 8.4184183852 8.4509099011 8.5299760642 8.5852946115 8.633135308 8.7857181133 8.809123181 8.8714816322 8.9813301615 9.3554413732 9.3995762648 11.0348797195 11.1253516991 11.1318901063 15.5118826065 15.6006590746 15.6190437608 15.9412150833 15.9832671255 16.2905472366 24.015445707 24.6439034736 24.6506339118
592 2.6871637204 2.8828551492 2.9787868182 3.0389301819 3.2594441789 3.4683233667 3.5464015097 3.6346603646 3.7463675677 3.7477517328 3.7990729746 3.8142645297 4.5789865839 4.6750296524 4.6789298675 4.7323226967 4.8786808281 4.906209687 4.9642506553 5.0099330692 5.0922780112 5.2557351485 5.265817197 5.2918451152 5.3415135987 5.3854051823 5.5418168311 5.5656819951 5.5664160995 5.6176674679 5.6184819577 5.6664715778 5.718603774 5.7224214222 5.751306184 5.7723449464 5.820051383 5.9964864787 6.0909673208 6.1287390121 6.16174463 6.1873817701 6.221257337 6.3271294764 6.3655293324 6.3741909311 6.4478379958 6.4736626028 6.531639899 6.5347677507 6.5920107285 6.6449539929 6.6769555459 6.6885764245 6.7310018648 6.7356486814 6.7973510995 6.9567060467 7.0291438458 7.0457311471 7.0674820471 7.1167010637 7.2936816687 7.3116416506 7.3297815816 7.3750555837 7.4193789198 7.6058706839 7.6726661936 7.7068250256 7.7237552237 7.7980266074 7.8016013953 7.8274938003 8.0095966047 8.1129374601 8.116544903 8.1614743184 8.2417686412 8.2542410719 8.2806839002 8.3801591329 8.4098928633 8.4477155958 8.5203557445 8.581594437 8.6350457006 8.788089363 8.8132504659 8.8721510812 8.9814935004 9.3748003389 9.4186471182 11.0122566177 11.0990939034 11.1065139734 15.5121193844 15.5946545433 15.6142361482 15.9390762881 15.9810548811 16.2882228333 24.0201718434 24.6466433054 24.6556973794
593 2.6752464243 2.8708832796 2.9748042779 3.0325214913 3.2352964159 3.4814636685 3.5301954282 3.6168517727 3.7303671247 3.7639369691 3.8167585095 3.8355324522 4.5480542211 4.6717473395 4.678866625 4.7198037128 4.8621895048 4.8847997699 4.9377597949 5.0132249251 5.0953233883 5.2530071734 5.2639328694 5.2900218959 5.336437074 5.3813536734 5.5555593576 5.5813362347 5.5977135601 5.623637772 5.6240612881 5.6741052601 5.7417016612 5.746989681 5.7786619052 5.7861440721 5.8367873664 6.0058018173 6.0943160985 6.1399736698 6.163261609 6.1952718674 6.2241270449 6.3396330004 6.3699897857 6.3786352658 6.4547429156 6.4746926293 6.533732345 6.5395514412 6.596802916 6.647051601 6.6810698242 6.6884086288 6.7291700365 6.7425041689 6.8045293756 6.9391944318 7.0285015451 7.0461992541 7.0697020226 7.0948881461 7.2947857972 7.3119052901 7.3305261151 7.3666619909 7.3977667916 7.5929975693 7.6668697996 7.7141554559 7.7215184885 7.7932046436 7.8104493825 7.8524851264 8.013619644 8.114661982 8.1199144751 8.1615632059 8.2466693027 8.2528919581 8.284437528 8.3778454324 8.4013440942 8.4443250064 8.5105228505 8.5779393674 8.6369578596 8.7904126692 8.8172094479 8.8727722864 8.9818057068 9.39455984 9.4381500708 10.9896991356 11.0726523282 11.0809734082 15.5123536183 15.5887951635 15.6095449749 15.9369879946 15.9788976699 16.2859557827 24.0247817731 24.6493175564 24.6606380409
594 2.664415585 2.8591433161 2.9709539235 3.0262904933 3.207633997 3.4993989277 3.5140491902 3.5976544913 3.7133162882 3.7840173234 3.8355042681 3.8573170542 4.516946464 4.6675970473 4.6785522218 4.7049703015 4.8479475175 4.8640173089 4.9116121705 5.0163728694 5.0983386755 5.2505908249 5.2622139595 5.2881093439 5.3315318197 5.3773644192 5.563001994 5.5920827271 5.6266558121 5.6296825673 5.6355899422 5.684692367 5.7633149667 5.7720336987 5.8035646902 5.8057700428 5.8519575328 6.0156268684 6.0972807521 6.1512334199 6.1639178226 6.2029558195 6.2267501105 6.3483520992 6.3729860166 6.385998445 6.4606718658 6.4756717402 6.53556433 6.5419515309 6.6021289629 6.6518954092 6.672035625 6.6972481413 6.7276361901 6.7537681011 6.8121261931 6.9208039474 7.0280062519 7.0467418523 7.071804214 7.0738946344 7.295550255 7.3122817801 7.3311353273 7.3571748736 7.376066805 7.5773830034 7.661338101 7.7194659723 7.7232867919 7.7884011025 7.8194945784 7.8765202832 8.0179311956 8.1168701795 8.1237989396 8.1615296186 8.2516072463 8.2518424603 8.2880706071 8.3755618067 8.3928096831 8.440742628 8.5004913173 8.5743517185 8.6388593558 8.7926938279 8.820991779 8.8733466664 8.982262355 9.414641592 9.4580099666 10.967308849 11.0461250892 11.0553656791 15.5125841648 15.5831042519 15.6049888923 15.9349585666 15.9768039524 16.283755014 24.0292573067 24.6519155299 24.6654362628
595 2.6547111023 2.8476932311 2.9672617902 3.0202682927 3.1782798326 3.4982449125 3.5203450232 3.5782718536 3.6968426381 3.8054166059 3.8550087698 3.8793687444 4.4857118441 4.6623543749 4.6778990589 4.6878538723 4.8359926402 4.8441956806 4.8859532984 5.0193706884 5.1013055121 5.2484686102 5.2606645584 5.2862012438 5.3268306141 5.3734671648 5.5653909353 5.5988687632 5.6270942174 5.6521673169 5.6614359348 5.6983524737 5.7830990323 5.7970236448 5.8239408661 5.8324739055 5.8655326905 6.0259217584 6.0998927502 6.162462032 6.1637680865 6.2104444366 6.2292887202 6.3530892231 6.3746199848 6.3962433096 6.4656188453 6.4766046473 6.5370113697 6.5418538296 6.6082057537 6.6595895354 6.6610141375 6.7060563616 6.7263878221 6.7672915071 6.8200103438 6.9015806601 7.0276336195 7.0473779305 7.053832579 7.0737623287 7.2956649454 7.3127504672 7.3315949784 7.3467331027 7.3546641096 7.5602360387 7.656106851 7.7176064743 7.7330052184 7.7836345376 7.8285398522 7.8993236692 8.0225908824 8.1195992212 8.1282075296 8.1613973409 8.2504105484 8.2573049353 8.2915625233 8.3733089736 8.3843319133 8.4369767926 8.4902763074 8.5708535866 8.6407376328 8.7949387405 8.8245899223 8.8738757858 8.9828566353 9.4349549882 9.4781395731 10.9451936256 11.0196206291 11.0297981325 15.5128098589 15.5776044824 15.6005860341 15.932996161 15.9747819331 16.281629193 24.0335807858 24.6544268149 24.6700729598
596 2.6461647603 2.8365905986 2.9637509572 3.014483895 3.148311985 3.4829729 3.5432661351 3.5592420849 3.6810504684 3.8276044709 3.8750544535 3.9015698014 4.4543924168 4.6557605576 4.6686991054 4.6767830841 4.8256953381 4.8261465624 4.8609657907 5.0222124687 5.1042069177 5.2466194365 5.2592842174 5.2843572884 5.3223568196 5.3696863615 5.564963717 5.6026294926 5.6260694855 5.6710304042 5.6928132666 5.7142433571 5.8012467072 5.8216781284 5.8462176698 5.8586550295 5.877561928 6.0365850281 6.102194732 6.1628811188 6.1735563999 6.2177514266 6.2319517301 6.3550166245 6.3750013079 6.4079252916 6.4695779673 6.4774926328 6.537944586 6.5395493777 6.6152752179 6.649283015 6.669804451 6.7145945959 6.7254144016 6.782002274 6.8280722293 6.8816155673 7.0273498666 7.0347891183 7.0481313253 7.0755442836 7.2941820709 7.3132918268 7.331881573 7.3345750754 7.3354852577 7.542232028 7.6511907803 7.7159479433 7.7426573625 7.7789234801 7.8374138618 7.920615566 8.0276803526 8.1228770385 8.1331356712 8.1611874494 8.249328351 8.2630592097 8.2948959337 8.3710856339 8.3759598467 8.4330407354 8.479894598 8.5674664975 8.6425801031 8.7971525344 8.8279971083 8.8743613107 8.9835793349 9.4553960271 9.498438354 10.9234675085 10.9932588642 11.0043892103 15.5130295219 15.5723177932 15.5963539422 15.9311086938 15.9728395282 16.2795866882 24.0377351521 24.6568413297 24.6745296721
597 2.6387991053 2.8258921947 2.9604412724 3.0089640849 3.1183798947 3.4683666989 3.5408473061 3.5675590208 3.6660080361 3.8503018709 3.8954710569 3.9238294774 4.4230259925 4.6475532976 4.647881362 4.6750243192 4.8088774721 4.8181005512 4.8368925036 5.0248926367 5.1070267003 5.2450206258 5.2580687603 5.282614679 5.3181276571 5.3660434246 5.563193386 5.6043970284 5.6240987291 5.6906154602 5.7236331223 5.7313480542 5.8181119459 5.8457927022 5.8693640598 5.8842160412 5.8881721422 6.0474595617 6.1042445094 6.1613366322 6.1843426505 6.2248939223 6.2350168614 6.3552027362 6.3742332599 6.419696939 6.4725341451 6.4783307146 6.5355477101 6.5382325106 6.623566961 6.6373186577 6.6819768793 6.7228753997 6.7247168472 6.7973787763 6.8362243404 6.8610509576 7.01682427 7.0271098905 7.0490319453 7.0771112156 7.2880432122 7.313887442 7.3189280719 7.3235877518 7.3319593383 7.5237778399 7.6465927483 7.7144973451 7.7518907498 7.7742864529 7.8459691033 7.9401122253 8.0333038754 8.1267176455 8.1385631235 8.1609185918 8.2483909271 8.2690854109 8.2980563696 8.3677529717 8.3688881351 8.4289538372 8.4693651161 8.5642110637 8.6443742494 8.7993386136 8.8312072897 8.8748049709 8.9844188092 9.4758462741 9.5187912111 10.90225044 10.9671723889 10.9792694816 15.5132419706 15.5672652968 15.5923094955 15.9293038067 15.9709843361 16.2776355378 24.0417040147 24.6591493641 24.6787886411
598 2.6326260203 2.815653591 2.9573491499 3.0037333484 3.0889027073 3.4545236606 3.5232601911 3.5928552987 3.6517702041 3.873332474 3.9161129719 3.9460589923 4.3916480614 4.6258090065 4.6375260308 4.6723598995 4.7940491067 4.8115161704 4.8140670496 5.0274060184 5.109749057 5.2436490825 5.2570110461 5.2809955771 5.3141561361 5.3625578086 5.5608255946 5.6049443339 5.6215492935 5.7100952999 5.7488783084 5.7536768043 5.833914763 5.8691829978 5.8926383787 5.897561918 5.9090722536 6.0583479678 6.1061201905 6.1592223797 6.194557709 6.2318929897 6.2388486812 6.354175011 6.3724047921 6.4307854521 6.4744536935 6.4791036508 6.5303763785 6.5377440469 6.6254184007 6.6332461352 6.6955180155 6.7243226558 6.730867053 6.8131303049 6.8400817281 6.8444012277 6.9999740035 7.0268544598 7.0501172523 7.0784163648 7.2734710737 7.3112045977 7.3115788977 7.3145199907 7.3317754743 7.5051605152 7.6423097473 7.7132605061 7.7605122237 7.7697420156 7.8540820024 7.9575414772 8.0395760207 8.1311158689 8.1444526218 8.1606072554 8.2476335439 8.275329847 8.301031853 8.3597879658 8.3667101521 8.4247430247 8.4587096741 8.5611066697 8.646107728 8.8014976916 8.8342150952 8.8752085251 8.9853609394 9.4961719189 9.539067254 10.8816677881 10.9415076843 10.954582628 15.5134460269 15.5624671926 15.5884688398 15.9275888333 15.9692236082 16.2757834184 24.045471715 24.661341621 24.6828328819
599 2.6276449045 2.8059287454 2.9544874503 2.9988138376 3.0601765853 3.4415172107 3.5066014277 3.6189148514 3.6383852832 3.8965625064 3.9368442165 3.9681616296 4.3602936488 4.6028614984 4.6256033872 4.6684159376 4.7813921839 4.7929457452 4.8060905914 5.0297479007 5.1123583176 5.2424819997 5.2561016603 5.2795119851 5.3104522732 5.3592475801 5.5582323848 5.604769007 5.6186790851 5.7290224885 5.7663063718 5.7826644765 5.8487282162 5.8916587918 5.905999215 5.9155576293 5.9331461798 6.0690312034 6.1079264826 6.1566316308 6.2038806808 6.2387739706 6.2438683699 6.3521495887 6.3695883677 6.4408040896 6.4752768757 6.4797792741 6.5244866998 6.5363548145 6.6138301112 6.6443484968 6.7099099016 6.7243130938 6.7385108354 6.818952366 6.8290551429 6.852559365 6.9842573597 7.0265058364 7.0514339287 7.0794039533 7.2536433217 7.2985087126 7.3094450632 7.3151732366 7.331252867 7.4866258825 7.6383367413 7.7122419143 7.7653088595 7.7684186615 7.8616537406 7.9726851892 8.0465834163 8.136041818 8.1507490998 8.1602680104 8.2470979907 8.2816872348 8.3038125427 8.3521721872 8.3645424822 8.4204442648 8.4479539914 8.5581712058 8.6477684734 8.8036268755 8.8370157834 8.8755737318 8.9863890746 9.5162230174 9.5591186818 10.8618496368 10.9164262478 10.9304862955 15.5136405278 15.5579426829 15.5848473215 15.9259707675 15.9675642213 16.2740376156 24.0490233881 24.6634092557 24.6866462533
600 2.6238403423 2.796769595 2.9518654547 2.9942253757 3.0324325523 3.4294043561 3.4909645724 3.6258974837 3.645568766 3.9198720887 3.9575272723 3.9900263285 4.328999363 4.5793695089 4.611896216 4.6627076713 4.7709135971 4.7741118681 4.8015806786 5.0319140815 5.1148388027 5.2414973113 5.2553295306 5.2781690179 5.3070239061 5.3561297399 5.5556103712 5.6041784152 5.615670733 5.7471282298 5.7832849612 5.8102159114 5.8625452831 5.9130077192 5.913836437 5.937793001 5.9563626962 6.07928414 6.1098017023 6.1536613769 6.2120901606 6.2455663899 6.2503987541 6.3492155915 6.3658428878 6.4495967504 6.4749159212 6.4802962415 6.5182401518 6.5339610758 6.6027981581 6.6566985338 6.7247162849 6.7248791963 6.7457401958 6.797951116 6.8449749159 6.8606768753 6.9696850409 7.0259608098 7.053039469 7.0800083707 7.2321876586 7.285684465 7.3090214176 7.3158320252 7.3302793431 7.4684263428 7.6346689971 7.7114444542 7.7610059746 7.7755619209 7.8686108464 7.9854494451 8.0543181418 8.1414355399 8.1573794428 8.1599137234 8.2468343499 8.2879689183 8.3063904133 8.3450726312 8.3623731456 8.4161040122 8.4371291245 8.5554208666 8.6493448038 8.8057188838 8.8396051959 8.8759023219 8.9874839769 9.5358330475 9.57877991 10.8429298037 10.8921055121 10.9071526799 15.5138243363 15.5537098934 15.5814594241 15.9244562311 15.9660126516 16.2724049947 24.0523450218 24.6653439141 24.690213524
601 2.6211791153 2.7882256547 2.9494889406 2.9899854988 3.0058693631 3.4182304046 3.4764276903 3.6143478479 3.6726871806 3.9431381745 3.9780135449 4.0115216899 4.297805984 4.5556212629 4.5967008401 4.6547374517 4.7581829769 4.7624518631 4.7978022125 5.0339009003 5.1171747804 5.2406739973 5.2546824762 5.2769671505 5.3038772626 5.3532203993 5.553070729 5.6033637416 5.6126559759 5.7642297812 5.7995742235 5.8357856519 5.8753266766 5.9215571675 5.9329836098 5.9590943168 5.9786437645 6.0888855366 6.1119236179 6.150411359 6.2193030351 6.2523029641 6.2584269094 6.3454250185 6.3612210274 6.4571551441 6.4732642987 6.4805403985 6.5119234663 6.5305091429 6.5925741068 6.6697799051 6.7264467979 6.7395611791 6.7524919497 6.7774020718 6.8607015294 6.868752529 6.9562669163 7.0250796808 7.0550030304 7.0801543285 7.2104071576 7.2729308791 7.3091700865 7.3164822857 7.3286932845 7.45085701 7.6313033657 7.7108690342 7.7568529317 7.7819294675 7.8749048668 7.9959258237 8.0626179367 8.1472024143 8.1595557394 8.1642525982 8.2469026931 8.2938375013 8.3087589722 8.338781018 8.3601881329 8.4117803264 8.4262735071 8.5528700246 8.6508255241 8.8077614913 8.8419797115 8.8761959751 8.9886237968 9.554818955 9.5978671333 10.8250445495 10.868739362 10.8847686665 15.5139963523 15.5497857966 15.5783187077 15.9230514439 15.9645749504 16.270891975 24.0554235113 24.6671377685 24.6935204361
602 2.6196064052 2.7803436279 2.9473603718 2.9806739434 2.9861095311 3.4080320153 3.4630590894 3.6037745636 3.700159146 3.9662210346 3.998134033 4.0324892764 4.2667621513 4.5318805258 4.5804461549 4.6442463753 4.7455657644 4.7557371827 4.7946196156 5.0357052491 5.1193505087 5.2399923074 5.2541476987 5.2759037987 5.3010173705 5.3505348552 5.550680273 5.6024469101 5.6097319792 5.7801871441 5.8149939475 5.8585785232 5.8870246734 5.9298501864 5.9513015612 5.9792469363 5.9999020244 6.0976250048 6.1145092513 6.1469838386 6.2260153793 6.2590169482 6.2675590284 6.3408361746 6.3557804339 6.4635614517 6.4702242076 6.480298836 6.5057655521 6.5260541554 6.5834013874 6.6824993897 6.7299284078 6.7541039691 6.7576541735 6.7587115586 6.8760197352 6.8768025941 6.9440168987 7.023669489 7.0574041098 7.0797592665 7.1888928917 7.2604644461 7.3095300224 7.3171110399 7.3262691418 7.4342856675 7.6282388424 7.7105140422 7.7528703417 7.7875324006 7.8805107432 8.0043816416 8.0711743269 8.1532100685 8.159204035 8.1712597762 8.2473738416 8.2986757614 8.3109130105 8.3338479053 8.3579733506 8.4075431755 8.4154359208 8.5505311824 8.6522000276 8.8097372956 8.8441362015 8.8764562981 8.9897841247 9.5729819194 9.6161785832 10.8083309582 10.846537985 10.8635352861 15.5141555235 15.546186141 15.5754377527 15.921762194 15.9632567216 16.2695045039 24.0582467113 24.6687835517 24.6965537633
603 2.6190410636 2.7731670319 2.9454792055 2.95703571 2.9826106892 3.3988392181 3.4509201688 3.5942129973 3.7278773453 3.9889501731 4.0176893015 4.052735754 4.2359301529 4.5084091512 4.5636276732 4.6314823525 4.7361958124 4.7504661013 4.791934386 5.0373245609 5.1213503587 5.2394339325 5.253712224 5.2749744581 5.2984483599 5.3480875899 5.5484812589 5.6015079969 5.606972005 5.7948814409 5.8293942946 5.8775619169 5.8975935306 5.9395944216 5.9676479274 5.9980486681 6.0200326564 6.1053131865 6.1177988644 6.1434838888 6.2328666777 6.2657366464 6.2772392401 6.3355367598 6.3495982506 6.4657546302 6.4689410682 6.4791776965 6.4999488761 6.520865442 6.5754776835 6.6930409549 6.7368942266 6.7390648751 6.764354791 6.7680215728 6.8848529506 6.8906795049 6.9329548455 7.02146107 7.0603263467 7.078740206 7.1681103302 7.2485198026 7.3099611157 7.3177064179 7.3227177496 7.4191662799 7.6254766387 7.7103745208 7.7490806016 7.792397206 7.8854238534 8.0111702554 8.0796172941 8.1588673444 8.1592881272 8.1782744578 8.248327316 8.301479079 8.3128483875 8.3311966438 8.3557185003 8.4034732203 8.4046799262 8.5484149996 8.6534583924 8.8116238871 8.8460719857 8.8766848052 8.9909381801 9.5901091206 9.6334958188 10.7929249776 10.8257267168 10.8436662001 15.5143008571 15.5429253849 15.5728281071 15.9205938103 15.9620631 16.2682480347 24.0608034839 24.6702745883 24.6993013669
604 2.6193699774 2.7667358441 2.9351579078 2.9438423203 2.97950021 3.3906767827 3.4400667401 3.5856955871 3.7557225893 4.011106776 4.0364383378 4.0720239027 4.205395766 4.4854927186 4.5467633123 4.617191923 4.7295547979 4.7463560552 4.7896752729 5.0387567795 5.1231590106 5.2389821448 5.2533633022 5.2741735423 5.2961736839 5.3458922084 5.5465015349 5.6006010816 5.6044323601 5.8082034827 5.8426375813 5.8919143719 5.9069935422 5.9514149368 5.9817177107 6.015298494 6.0389028989 6.1118007578 6.1220101982 6.1400198847 6.2404027208 6.2724754087 6.286950429 6.3296582472 6.3427884149 6.4599285195 6.4734267138 6.4765056445 6.494615841 6.5155584895 6.5689094316 6.6999232483 6.72197734 6.7485349543 6.7693873942 6.781001511 6.8929226756 6.9043978857 6.9231059829 7.0180864622 7.0638421123 7.0770282801 7.1485785529 7.2373457788 7.3103991174 7.3177381307 7.3182576807 7.4060022078 7.6230199391 7.7104408835 7.745509107 7.7965596104 7.8896559832 8.0166294011 8.087609151 8.1585532632 8.1652330651 8.1851520339 8.2498430234 8.3014434887 8.3145618444 8.3315442407 8.3534235962 8.3940906403 8.3996583092 8.5465303813 8.6545914729 8.8133944758 8.8477847911 8.8768829006 8.9920572003 9.6059768191 9.6495864463 10.7789591356 10.8065434769 10.8253848908 15.51443143 15.5400166346 15.5705002381 15.9195511365 15.9609987327 16.2671275045 24.0630837421 24.6716048243 24.7017522452
605 2.6204419451 2.7610861729 2.9152672122 2.942444555 2.9767874959 3.383565165 3.430549482 3.5782516651 3.7835423589 4.0324001082 4.0540866358 4.0900632801 4.1752862314 4.4634706195 4.5303792407 4.6023435902 4.7249565507 4.7431709412 4.7877907791 5.0400003118 5.1247617174 5.2386219153 5.2530887701 5.2734950124 5.2941962755 5.3439613257 5.544760053 5.5997635579 5.6021569362 5.8200477783 5.8545866214 5.9018177624 5.9151921872 5.9649018603 5.9932857588 6.0307931983 6.0563386696 6.1170052149 6.1272548559 6.1367038134 6.2489607122 6.2792149698 6.2962726321 6.323387307 6.3355213481 6.4529740886 6.471421351 6.4771362841 6.4898727579 6.5110538248 6.5636855738 6.7036031693 6.7066943009 6.764062636 6.7737838217 6.7927476753 6.9009951527 6.9144987449 6.9168727573 7.0130847355 7.0679825412 7.0745945562 7.130928394 7.227194188 7.3108107737 7.3111653617 7.318755247 7.3952165501 7.6208734605 7.7106968753 7.7421862242 7.8000598018 7.8932306854 8.0210260964 8.0948905263 8.1582683326 8.1708212571 8.1917291882 8.251981629 8.2991404839 8.316050846 8.3342364204 8.3511081972 8.383785332 8.3961872947 8.5448846147 8.6555909854 8.8150189878 8.8492727131 8.877051862 8.9931110894 9.620355051 9.6642086836 10.7665599711 10.7892343717 10.8089202472 15.5145463995 15.5374715896 15.5684634881 15.918638507 15.9600677616 16.266147316 24.06507849 24.6727688533 24.70389658
606 2.6220623098 2.7562499566 2.8976212631 2.9412793433 2.9744802695 3.3775211701 3.4224138794 3.5719072467 3.8111133685 4.0524358536 4.0702753233 4.1065026941 4.1458054923 4.4427725588 4.5150156585 4.5878850648 4.7217973948 4.7407258999 4.7862437117 5.0410539694 5.1261446214 5.2383400153 5.2528773777 5.2729328553 5.2925186491 5.3423064155 5.5432700128 5.5990217383 5.6001801931 5.8303100896 5.8650976445 5.9083733723 5.9221639549 5.9787099519 6.0022917055 6.0443300918 6.0721082951 6.1209347683 6.1334350047 6.1336510386 6.2586086554 6.2858799204 6.3048739907 6.3169770911 6.3280459182 6.4452820049 6.463453298 6.4801630958 6.4857937499 6.5080506303 6.5596906926 6.6934571313 6.7054299037 6.7775256426 6.7817361909 6.8029976807 6.9071619746 6.9089756625 6.9278101228 7.0060041792 7.0714889365 7.0726898522 7.1158508739 7.2183004523 7.3031821517 7.3111773083 7.3191907244 7.3869629926 7.6190429061 7.7111163237 7.739150481 7.802938672 7.8961785365 8.0245486412 8.1012797709 8.1580181069 8.1758322398 8.1978236833 8.2547487387 8.2958647332 8.3173134464 8.3379087888 8.3488218709 8.3739301835 8.393141866 8.5434835347 8.6564495851 8.8164655831 8.8505341793 8.877192827 8.9940693622 9.6330141519 9.6771181187 10.7558452548 10.7740471106 10.7945003193 15.5146450134 15.5353004924 15.5667260352 15.9178597247 15.959273808 16.2653113196 24.0667798581 24.6737619405 24.7057257777
607 2.6239910859 2.7522546949 2.8825119102 2.9403394154 2.9725847314 3.3725584237 3.4156998533 3.5666848104 3.8380658243 4.0706772539 4.0845757718 4.1173085208 4.1209288815 4.4239609119 4.5012372309 4.5746626654 4.7196381244 4.7388820841 4.78500731 5.0419169017 5.1272951115 5.2381251024 5.2527190799 5.2724814524 5.2911429567 5.3409376325 5.5420407304 5.5983943133 5.5985291268 5.8388878798 5.8740176255 5.9127148036 5.927889588 5.9914621517 6.0088866985 6.0557144628 6.08590526 6.1236951961 6.1309792855 6.1401715201 6.2690828082 6.2923024213 6.3107579885 6.3124968568 6.3207128058 6.4373873316 6.453095508 6.4824258085 6.4825747377 6.5065125029 6.5567498198 6.6824397662 6.7063244576 6.7805999754 6.8001226826 6.8115450086 6.9011222897 6.9166418585 6.9369605357 6.9966762488 7.0678879647 7.0777576911 7.1038952659 7.2108596436 7.2944259669 7.3114874521 7.3195569412 7.3810437727 7.6175343784 7.7116581044 7.7364535484 7.805234889 7.8985327265 8.0273209086 8.1066524041 8.1578072068 8.1800788865 8.2032360679 8.2580425682 8.2925183758 8.3183481773 8.3416086096 8.3466521394 8.3647663901 8.3905885714 8.542331701 8.6571609358 8.8177024957 8.8515679174 8.87730678 8.9949023769 9.6437331314 9.688076804 10.7469211045 10.7612220833 10.7823442115 15.5147266184 15.5335120848 15.5652948591 15.9172180421 15.9586199589 16.2646227992 24.0681811343 24.6745800433 24.7072325047
608 2.6259493653 2.7491232158 2.8702596813 2.9396175255 2.9711057117 3.3686877075 3.4104412228 3.5626030849 3.8637143578 4.0864092931 4.0904694597 4.0964979028 4.132878576 4.407769019 4.4896327959 4.5634266612 4.7181866399 4.7375385295 4.7840625317 5.0425885288 5.128202196 5.2379677948 5.2526052914 5.2721358618 5.2900710054 5.3398636245 5.541078785 5.5972245699 5.5978945331 5.8456834331 5.8811871168 5.9155923327 5.9323551127 6.0021785963 6.0133992148 6.0647698819 6.0973369466 6.1254731825 6.1288065249 6.1468105138 6.2797024853 6.2981816315 6.3051418792 6.3139936781 6.3189496556 6.4299496881 6.4416144342 6.4797950248 6.4844165534 6.5059476467 6.5546782224 6.6737598899 6.706753743 6.7829981127 6.8179944693 6.8182539592 6.8964021491 6.9236043813 6.9441509533 6.9856023972 7.0641364879 7.0827816021 7.0952152672 7.2050070363 7.2858797699 7.3117341788 7.3198479781 7.3770381869 7.6163538014 7.7122591373 7.7341671984 7.8069826636 7.9003252733 8.0294206947 8.1109201963 8.1576393616 8.1834330543 8.2077558567 8.2615944207 8.2895847961 8.3191539568 8.3447244048 8.3448229897 8.3566474281 8.3885739875 8.5414325717 8.6577197689 8.8187000417 8.8523729268 8.8773945416 8.9955827968 9.6523096108 9.6968644611 10.7398791335 10.7509813157 10.7726523894 15.5147906686 15.532113571 15.5641757111 15.916716144 15.9581087559 16.2640844589 24.0692767905 24.6752198296 24.7084107185
609 2.6276402937 2.7468734812 2.8611933658 2.9391071568 2.9700468073 3.3659171969 3.4066651069 3.5596768571 3.88666316 4.0666758805 4.0987380212 4.1055234979 4.1418726464 4.3951035906 4.4807896259 4.5548374062 4.7172577142 4.7366245148 4.7833961737 5.0430684767 5.1288568673 5.2378607314 5.2525291022 5.2718920332 5.2893042475 5.3390913477 5.5403887373 5.5962820438 5.5975316008 5.8506093273 5.8864500687 5.9174315126 5.9355508605 6.0102278443 6.0162350455 6.0713488322 6.1059384285 6.1265000389 6.1272439257 6.1525110336 6.2892729806 6.3006051747 6.3030576271 6.3084775058 6.324070582 6.4237339143 6.430726216 6.4779132313 6.4857167912 6.5058725415 6.5533162586 6.6674986321 6.7069493883 6.7847144017 6.8230572803 6.8338565363 6.8930188388 6.9293065949 6.9492947034 6.9742460416 7.0607534031 7.0871596373 7.089531095 7.2008136345 7.2786576339 7.3119130545 7.3200591973 7.3745076656 7.6155063938 7.7128276508 7.7323900035 7.8082101001 7.9015839974 8.0308949403 8.1140176394 8.1575174414 8.1858325971 8.2111752772 8.2649256759 8.2873331911 8.3197300163 8.3431888772 8.3472717288 8.3500777553 8.3871249572 8.5407886593 8.6581219342 8.8194326148 8.8529484546 8.8774567597 8.9960871623 9.658570639 9.7032910516 10.7347937914 10.7435160428 10.765596078 15.5148367321 15.5311105864 15.5633730897 15.9163561334 15.9577421856 16.263698413 24.0700625043 24.675678692 24.7092556927
610 2.6287889026 2.7455184324 2.8556105362 2.9388031489 2.9694104983 3.3642526254 3.4043913547 3.5579168115 3.9039954408 4.0488389288 4.1066870876 4.1111730007 4.1474771308 4.386949351 4.4752325608 4.5494375993 4.7167397292 4.7360935862 4.7829996019 5.0433565221 5.1292524273 5.23779862 5.2524854497 5.2717469659 5.2888437534 5.3386259025 5.53997358 5.5957123085 5.5973115608 5.8535954523 5.889670899 5.9184610143 5.9374706032 6.0152103573 6.0177659796 6.0753412287 6.1112570751 6.1263603466 6.1270027802 6.1563984563 6.2961257365 6.2976292216 6.3048056811 6.3063494455 6.3275746018 6.4195469117 6.4225906433 6.4767840801 6.4864916227 6.5059537909 6.5525462054 6.6637152023 6.7070292533 6.7857453929 6.8259364696 6.8454553735 6.8909842824 6.9331027348 6.9523725295 6.9651560684 7.0583581479 7.0863742394 7.0901893938 7.1983004226 7.2738040749 7.3120213599 7.320187267 7.3731193169 7.6149962238 7.7132461411 7.7312443467 7.8089380281 7.9023302748 8.0317704915 8.1158965561 8.15744348 8.1872654029 8.2133122917 8.2673745027 8.2859233262 8.3200758454 8.342193414 8.345704057 8.3487962042 8.3862533455 8.5404016609 8.6583644386 8.8198804786 8.8532939769 8.8774939019 8.996397406 9.6623832982 9.7072094078 10.7317200642 10.7389741971 10.7613068316 15.5148644964 15.5305071737 15.5628902223 15.9161395207 15.9575216722 16.2634661773 24.0705351758 24.6759547601 24.7097640373
611 2.6291961783 2.7450658792 2.8537236924 2.9387021928 2.9691982361 3.3636973926 3.4036320797 3.5573294089 3.9108189207 4.041847587 4.1094446616 4.1130988484 4.149382889 4.384122874 4.4733347663 4.5475940534 4.7165732745 4.7359194464 4.7828679372 5.0434525491 5.1293847459 5.2377782714 5.2524712449 5.2716988172 5.2886901812 5.3384704048 5.5398350107 5.5955216991 5.5972378433 5.8545961255 5.8907557551 5.9187929445 5.9381108855 6.0168965995 6.0182463708 6.076679584 6.1130396386 6.1260969008 6.1271495517 6.1577832303 6.2965892001 6.2986380083 6.303510932 6.3075218836 6.3288771633 6.4180608487 6.4195077541 6.476407784 6.4867490984 6.50600151 6.5522973401 6.6624492518 6.7070501899 6.7860892482 6.8268949306 6.849857149 6.8903053529 6.9344420154 6.95339574 6.9615538576 7.0574872635 7.0853679149 7.0912780153 7.1974640849 7.2720898326 7.3120576179 7.3202301804 7.372677665 7.6148258724 7.7134019615 7.7308458107 7.8091792345 7.9025775126 8.0320609618 8.116526391 8.1574186916 8.1877409075 8.2140399178 8.2682867858 8.2854437737 8.3201911532 8.3418479783 8.3441541488 8.3493130865 8.3859626451 8.5402725549 8.6584454748 8.8200311845 8.8534091851 8.8775062511 8.996502121 9.6636637412 9.708526194 10.7306916963 10.7374495363 10.7598676261 15.5148737723 15.5303057655 15.5627290504 15.9160672152 15.9574480725 16.263388664 24.0706929405 24.676046908 24.7099337124
