nep4_zbl 2 C Fe 
zbl 1 2
cutoff 7.5 6.5 210 146
n_max 8 6
basis_size 12 12
l_max 4 2 1
ANN 60 0
  3.5834667e-01
 -9.1614294e-01
 -9.4185397e-02
 -1.2065035e+00
 -1.8492185e+00
 -2.1756661e+00
  9.0971053e-01
  8.2522750e-01
  5.7395965e-01
 -1.9664026e+00
  1.0699048e+00
 -4.9160069e-01
 -4.0139265e+00
  6.0213661e+00
 -4.3325588e-02
 -2.1962984e+00
  1.2665327e+00
  6.0181403e-01
  1.3968350e+00
 -4.0735703e+00
  7.5749016e+00
 -3.4980803e+00
 -1.1282655e+00
  7.2593398e-02
  2.1772242e+00
  1.0781467e+00
 -1.5172909e+00
  2.1179273e+00
 -2.0333061e+00
 -1.4586669e+00
 -1.3101380e+00
  1.6593597e+00
 -3.0279410e+00
  6.1000876e+00
 -1.4130637e-01
  5.0190058e+00
  5.2126594e-02
  2.7813489e+00
  5.4884648e-01
  6.8953619e+00
  2.0022626e+00
  9.1116689e-02
 -6.8311501e-01
 -2.7169795e+00
 -4.0996947e+00
 -1.3871545e+00
 -1.2202715e+00
 -7.2628279e+00
  2.1869390e+00
 -1.5608619e+00
  2.4873903e+00
 -1.4016424e+00
 -1.4822577e+01
  9.1412992e+00
  2.4414489e+00
  7.5932026e+00
 -5.5813794e+00
  5.5919809e+00
  1.9037778e+00
 -1.5828503e+00
  2.0542164e+00
 -6.0233039e-01
  1.0439481e+01
 -3.5129197e+00
  4.4578910e-01
 -2.7527320e+00
  1.3083447e+00
 -2.9389513e+00
 -5.2027982e-01
  3.4976802e+00
 -1.2146586e+00
 -1.5506225e+00
 -4.8885336e+00
 -2.9610763e+00
  1.5346905e+00
  6.6174541e+00
  1.6626333e+00
 -4.2565460e+00
 -1.2485405e+00
 -2.9004366e+00
  9.4376296e-01
 -1.3766242e+00
 -1.6454455e+00
  4.7024608e+00
 -9.9522841e-01
  1.6456556e+00
 -1.1276002e+00
  2.5044894e-01
  9.3409004e+00
  6.7747760e-01
  4.1380462e-01
  3.4075754e+00
  7.7720380e+00
  6.5036187e+00
 -2.7887182e+00
 -8.2896795e+00
 -5.3111229e+00
 -6.1565649e-02
  1.5888406e+00
  2.5655427e+00
  4.3603230e+00
  7.0411997e+00
 -3.1157730e+00
 -1.8270371e+00
 -9.8686540e-01
  1.1533502e+00
  4.6309406e-01
 -3.2032590e+00
 -3.6057823e+00
  2.7824352e+00
 -2.6755624e+00
 -3.4636641e+00
 -2.0446951e+00
  2.1488752e+00
  6.2710223e+00
 -1.6660062e+00
  7.7718002e-01
 -1.2249922e+00
 -1.4895684e+00
  3.1994253e-01
  3.6135778e+00
  5.0436220e+00
 -1.6512116e+00
 -2.9534104e+00
  9.5928615e-01
  9.2093096e+00
 -5.8042183e+00
  9.1639709e+00
  4.5559897e+00
 -2.2594140e+00
  1.6975605e+00
  1.8079597e+00
 -2.6472592e+00
  3.6777534e+00
  1.3193157e+01
  5.1482826e-01
  9.9357958e+00
 -9.5362110e+00
 -1.1275557e+01
 -2.1382964e+00
  5.8966737e-02
  2.1656742e+00
 -7.0909290e+00
  3.0908976e+00
  1.0737350e+00
 -6.8944736e+00
 -9.2176586e-02
  2.7649157e+00
 -4.5418978e+00
 -1.1004307e+01
  1.1051890e+00
  2.1645105e+00
  6.8768352e-01
 -1.3127115e-01
  2.5308938e+00
  3.0338850e+00
 -2.6565540e+00
 -3.3792329e-01
  2.8257282e+00
  1.3994203e+00
  1.5465794e+00
 -4.8089686e-01
  1.1907336e+00
 -1.0266978e+00
 -2.2988224e+00
  3.0432625e+00
 -8.6103201e-01
 -6.2274647e+00
  3.9796877e+00
 -4.2710905e+00
  3.6861343e+00
  1.8132174e-01
  7.1787840e-01
  1.0608743e+00
 -2.5859227e+00
 -2.7075381e+00
 -4.9162493e+00
 -3.0214100e+00
  4.6068931e-01
 -1.6002254e+00
 -2.6401947e+00
 -1.6422532e+00
  1.0961343e+00
  6.7334213e+00
  3.9390182e-01
 -1.1809436e+00
 -2.8513126e+01
  6.0286665e+00
 -2.7999589e+00
  6.8205118e+00
  5.2816135e-01
 -6.2332076e-01
 -2.9514132e+00
 -1.0452061e+01
 -2.9281731e+00
 -3.5727897e+00
 -1.1424078e+00
 -7.0443163e+00
  7.2344108e+00
 -6.3688850e+00
 -3.6146686e+00
  4.0122099e+00
 -4.8090574e-01
 -1.8010060e+00
 -1.5260539e+00
  6.7858076e-01
 -1.9771612e-01
  3.6821182e+00
  5.4547572e-01
  1.7660397e-01
 -3.5111890e+00
 -3.4777443e+00
  3.1774433e+00
 -9.2508137e-02
 -4.2830524e-01
 -4.8791747e+00
 -4.6468577e-01
 -1.0862385e+00
  4.3877940e+00
 -8.8930569e+00
 -4.1605158e+00
  4.2952061e+00
  3.7360771e+00
 -2.3002799e+00
 -6.1095119e+00
  2.7548459e+00
  6.8473822e-01
  8.3725843e+00
 -2.3434563e+00
  1.7581973e+00
 -7.5945896e-01
 -1.0903658e+00
  5.3520818e+00
 -4.9521047e-01
  5.8409090e+00
  1.8428729e+00
 -9.6417208e+00
 -9.2971048e+00
  8.0532837e+00
  5.2232075e+00
 -3.7641828e+00
 -1.2011385e+01
 -8.9544411e+00
  4.1363325e+00
  6.7106242e+00
 -8.0611473e-01
 -6.8361382e+00
  6.7995939e+00
  3.5539058e-01
 -1.4658592e+00
  3.4760704e+00
 -4.3443394e+00
 -6.7456279e+00
  4.6390247e+00
  2.1923509e+00
 -4.7956858e+00
 -1.2436226e-01
  4.0415807e+00
 -1.4793568e+00
 -7.3470592e-01
  6.1178346e+00
 -1.4783893e+00
 -1.2947569e+00
 -4.0168848e+00
  3.9669559e+00
 -5.0783763e+00
  7.5849992e-01
 -2.3695364e+00
  6.4426098e+00
  1.7954051e+00
 -2.9068687e+00
  2.2654920e+00
 -4.6432676e+00
  4.5427656e+00
 -5.7914100e+00
  8.8081217e+00
  3.2014635e+00
 -8.2933879e-01
  2.8512857e+00
 -5.2335531e-01
  6.6313338e-01
 -8.9970613e-01
 -6.9976015e+00
  1.6297687e+00
  9.3208097e-02
 -4.3156152e+00
 -1.2171907e+00
 -3.8034232e+00
 -2.2035630e+00
 -3.9164491e+00
  1.2707442e+01
 -4.0809703e+00
  1.7428961e+00
  4.2612758e+00
  2.3854067e+00
 -3.9185712e+00
  4.2343287e+00
 -1.8284081e+00
 -3.1676109e+00
  9.4826150e-01
  5.2127824e+00
  5.1897507e+00
 -1.1505523e+00
  3.7236581e+00
  2.1902902e+00
  1.8682182e-01
  2.9819372e+00
  7.4172318e-01
 -6.8776852e-01
  2.3720298e+00
  4.4071093e+00
  2.6042705e+00
  4.0372987e+00
  1.2435033e+00
 -6.4936504e+00
 -1.9691913e+00
  2.0142329e+00
 -5.8214551e-01
  1.2794282e-01
  7.9706726e+00
 -7.2048903e-01
 -5.8375578e+00
 -2.0794041e+00
 -1.2130213e+00
 -2.7882526e+00
 -1.4514666e+00
 -3.9756308e+00
 -2.7149210e+00
  1.9451221e-02
 -2.7758923e+00
 -9.0062237e-01
  8.3276577e+00
  1.2490239e+01
 -6.9089746e+00
  6.9229541e+00
 -2.8576515e+00
 -4.4668193e+00
 -1.0023104e+00
 -1.3419929e+00
  8.4292406e-01
 -3.9741743e+00
 -2.4395454e+00
  6.9140470e-01
 -2.1615489e+00
  2.1844604e+00
  4.3418484e+00
  1.8248986e+00
  2.1527243e+00
  9.4000822e-01
  1.1796011e+00
 -2.1237707e+00
  3.1613882e+00
 -4.0375762e+00
 -1.3881107e-01
  8.3704108e-01
  3.7670760e+00
 -2.9049802e+00
 -2.5996928e+00
  2.2081869e+00
  7.2134286e-01
 -2.0644636e+00
  1.8988030e+00
  3.4362979e+00
 -4.6919301e-01
 -1.2192858e+00
 -3.2950058e+00
  9.1971673e-02
 -4.9644532e+00
 -3.4969349e+00
 -4.7954302e+00
  3.6904988e+00
  9.4166422e+00
 -5.5573690e-01
  9.7371316e-01
 -4.9068832e-01
 -4.4949198e+00
 -1.0523796e+00
  1.9783837e+00
  4.3970685e+00
  8.6223418e-01
  2.6107854e-01
  9.9249125e+00
 -1.2936339e+00
 -2.2044938e+00
  1.1534245e+00
 -9.2154753e-01
 -6.3118930e+00
 -1.1077514e+00
  2.2890360e+00
  1.2552348e+00
  6.1579814e+00
 -1.4241959e+00
 -5.4572277e+00
  1.6410794e+00
 -3.5946419e+00
  6.0077167e-01
  7.7810917e+00
  4.0077620e+00
  1.4843797e+01
  1.4649940e+01
  3.9164572e+00
 -1.1138158e+01
 -1.5517342e+01
  1.3596967e+00
  4.6235999e-01
 -3.8274994e+00
 -1.0065789e+01
 -8.2837420e+00
 -2.4155664e+00
  8.6978416e+00
 -1.6471291e+00
  4.1463776e+00
  6.9759378e+00
  7.4516139e+00
  3.0410912e+00
 -1.3198209e+00
 -2.6971428e+00
  8.8964310e+00
 -1.1857763e+01
  1.0123968e+01
 -1.2744006e+01
 -2.9449739e+00
  3.0245903e+00
 -2.9913807e+00
  5.5390935e-02
  1.4274357e+01
 -1.2678730e+00
  4.4083610e+00
  1.9114369e+00
  3.1221144e+00
 -1.5630780e+00
 -2.7718157e-01
 -3.3691885e+00
  6.8791928e+00
  1.0730657e+01
 -1.5820365e-01
 -1.8533269e+00
  7.6230559e+00
  4.9790168e+00
 -3.0553107e+00
 -7.7071028e+00
 -5.0297890e+00
 -1.0421797e+00
  7.0701733e+00
  2.4403098e+00
  1.3065224e+00
  2.8565269e+00
 -2.3480754e-01
  1.1246243e-01
  5.2994881e+00
  2.8496702e+00
  2.6608431e-01
  1.0548060e+01
  6.3250389e+00
 -5.7943954e+00
  6.8154454e-01
  6.8446798e+00
  3.5762334e+00
 -2.7811515e+00
  6.9035947e-01
  3.3868651e+00
 -9.8707664e-01
  1.4326611e+00
 -2.8782430e-01
 -1.0727062e+00
 -2.0603168e+00
 -6.0445249e-01
  5.5043435e-01
  1.1557242e+00
  7.2024071e-01
  1.2955555e+00
 -8.0243385e-01
  2.8874427e-01
  2.5618889e+00
 -1.6706877e+00
  1.1229926e+00
  5.2476649e+00
  1.6459399e+00
 -1.0892876e+00
 -9.8516685e-01
  3.2347767e+00
 -2.6492939e+00
  4.2508936e+00
  9.9504948e-01
 -5.5351102e-01
  1.2637784e-01
  1.6281316e+00
 -4.1067238e+00
  1.3677243e+00
 -2.7274868e+00
 -2.2808330e+00
  1.1792941e+00
  6.0487428e+00
  2.4123278e+00
  2.2158802e+00
  8.3393335e-01
  9.8266029e-01
  4.7095990e-01
 -1.0574843e+00
 -2.6991153e+00
 -3.0424671e+00
 -6.7317944e+00
  2.0042151e-01
 -1.9817390e+00
 -1.0821061e+00
  8.5215293e-02
  5.6101432e+00
 -1.6045605e+00
  1.9231037e+00
 -3.2481239e+00
 -1.3558707e+00
  3.4802980e+00
 -4.4656277e-01
 -1.8139291e+00
  6.7934287e-01
  3.9224148e+00
 -4.8842325e+00
 -1.0184397e+01
  6.4150982e+00
  7.2045285e-01
 -2.8270257e+00
 -2.8426914e+00
 -7.2257719e+00
  2.7329621e+00
 -2.0246985e+00
 -3.2784203e-01
 -3.4994757e+00
 -8.4936438e+00
  2.6818570e-02
 -2.1065862e+00
 -3.6721654e+00
  1.4676646e+00
  1.6935214e-01
  2.7282205e+00
 -5.3637433e+00
 -4.3927488e-01
 -6.6654296e+00
  1.1929336e+00
  7.8604802e-02
  6.0774469e-01
  1.4746286e+00
 -4.0968599e+00
 -4.8674092e+00
  2.8264669e-01
 -4.8603430e+00
  5.4167666e+00
 -8.2877564e-01
  1.2296479e+00
  1.7159494e+00
  6.2094110e-01
  4.1714406e+00
 -2.4731462e-01
 -1.4122036e+00
 -8.3638716e-01
 -1.2597321e+00
 -6.4772260e-01
  3.2743976e+00
  3.7480788e+00
 -5.6749135e-01
  6.0625405e+00
 -1.5450118e+01
 -6.1988574e-03
  9.3671602e-01
 -4.3511209e+00
  8.3237095e+00
 -8.9140914e-02
  9.9127442e-01
  2.6831231e-01
  1.9404345e+00
 -7.6705188e-01
 -7.1128073e+00
  1.7810521e+00
  5.5841818e+00
 -9.1392069e+00
 -5.2643418e+00
  3.4462826e+00
 -2.9766686e+00
 -6.0242596e+00
 -2.8674674e-01
  4.7491584e+00
 -6.0461421e+00
  7.1829468e-01
  1.5597703e-01
 -2.1749971e+00
  1.0575325e+01
 -1.4623431e+00
  4.6007285e+00
  2.6229439e+00
  8.1606541e+00
 -1.0863729e-01
 -5.3952289e+00
  3.8803654e+00
 -5.3362007e+00
  5.9812884e+00
  2.7342060e+00
 -4.4867177e+00
 -6.4796753e+00
 -2.9802372e+00
  1.3419431e+00
 -3.8979511e+00
 -1.7181076e+00
 -3.3246419e+00
  3.4398451e+00
  4.8379626e+00
  1.3920606e+01
  4.2606897e+00
  5.4870553e+00
  2.0814314e+00
  6.9731939e-01
  5.6608858e+00
  1.2287654e+01
  1.2912426e+00
 -1.4692237e+00
 -9.0944201e-01
 -4.5050855e+00
  1.8142962e+00
 -1.3383491e+00
 -6.1838412e-01
  3.3472021e+00
  3.4542584e+00
 -6.1338911e+00
  1.3801616e+00
  2.1498950e+00
 -1.3310582e+01
  3.4089651e+00
  3.3597620e+00
 -9.1129560e+00
  5.1056466e+00
  7.5181201e-02
 -2.2009475e+00
 -5.4143143e-01
 -7.5165659e-01
  8.4182329e+00
 -1.0864362e+00
 -1.2046050e+00
  2.0326972e+00
  4.4206085e+00
 -5.6849267e-02
  9.1929531e+00
 -2.4611799e-01
  6.3845553e+00
  4.8596544e+00
  4.3008103e+00
  3.3279219e+00
  7.0588455e+00
  4.4771886e+00
  1.0390768e+01
 -2.3804400e+00
 -2.0998125e+00
 -3.7207396e+00
 -1.0698425e+00
  7.6289997e+00
  1.6825618e+00
 -5.5202932e+00
 -5.7634777e-01
  5.1144629e+00
  1.7891763e+00
  2.6238954e+00
 -4.1274104e+00
  5.8396852e-01
  8.3689767e-01
 -9.7322912e+00
  6.0008488e+00
  4.8128098e-01
 -3.8597968e+00
 -2.7296960e+00
 -3.1463706e+00
  5.1817387e-01
  3.2985899e+00
 -3.3713078e+00
  5.4961715e+00
  2.3144236e+00
  9.8372869e+00
 -7.3626645e-02
  5.6154003e+00
 -3.2774299e-01
 -1.7534904e+00
  3.1605890e+00
 -3.6426270e+00
  2.6907427e+00
  3.4377189e+00
 -8.8288176e-01
  4.3855424e+00
  1.9317932e+00
 -4.4917130e+00
  2.7142475e+00
 -7.2683191e-01
  8.0891573e-01
 -1.6696109e+00
  6.7151275e+00
 -2.9532480e-01
  5.7855682e+00
  2.2204146e+00
  8.1007662e+00
  2.5951059e+00
 -7.1318636e+00
 -1.1151717e+01
 -3.7714589e+00
  2.8712389e-01
  6.0829329e+00
 -4.4790220e+00
  2.7712591e+00
 -4.9135357e-01
 -1.8751137e+00
 -6.8048744e+00
 -1.3050778e+00
  1.2276449e+00
 -8.8512383e+00
  5.1141086e+00
 -4.0607886e+00
 -3.6658335e+00
  2.5027661e+00
  1.1573711e+01
 -2.8863993e+00
 -1.7337780e+00
 -1.8982181e-01
 -1.4552395e+00
  6.6793460e-01
  4.0384350e+00
  1.3865402e+00
 -6.6475689e-02
  1.7677051e+00
 -4.1530913e-01
  8.8214216e+00
 -1.9361997e-01
 -1.0316252e+00
 -1.8231803e+00
  1.6066909e+00
 -2.6468363e+00
 -4.5540957e+00
 -3.4033768e+00
 -1.8693151e+00
 -8.0268103e-01
 -6.0397768e-01
  3.3899217e+00
 -2.3725481e+00
 -4.0801802e+00
 -4.2060208e+00
  1.4031403e+00
 -1.5872099e+00
  4.1237354e+00
  6.0218229e+00
 -1.3987669e+00
 -4.5832777e+00
 -2.3388922e+00
  4.3075066e+00
 -4.5407023e+00
 -8.9088923e-01
  7.8506713e+00
 -7.5317746e-01
 -1.4794234e+00
 -4.5086927e+00
  7.3324623e+00
 -1.5943387e+00
 -5.7642274e+00
 -2.2958533e-01
 -1.3044932e+00
  5.1338019e+00
 -5.9989351e-01
 -3.9911587e-02
  1.1601266e+01
 -4.2900181e+00
 -4.7340212e+00
  8.1181431e-01
 -1.4422997e+00
 -5.5432653e-01
 -2.6439208e-01
  2.9398768e+00
 -2.1356251e+00
  5.7293596e+00
 -3.9656084e+00
 -7.8881502e+00
 -4.0996895e+00
  6.8259037e-01
 -9.0328197e+00
  4.7899795e+00
 -2.8930080e+00
 -8.9870967e-02
 -3.6962092e-01
 -2.5174267e+00
 -1.4251537e+00
  5.2531247e+00
 -2.8448267e+00
  2.6151276e+00
  6.0331273e+00
  3.8251498e+00
 -1.3749791e+00
 -3.1886485e+00
 -7.4819622e+00
 -5.5817971e+00
 -1.1462586e+01
  3.7321389e+00
 -5.2346230e+00
  6.5286463e-01
  3.2637456e-01
 -4.4011950e+00
  1.2600764e+01
  7.8177428e-01
 -3.8569636e+00
  2.5780970e-01
 -2.9141133e+00
  3.2511277e+00
  6.7635459e-01
  3.4923575e-04
  3.2893481e+00
 -4.1801289e-01
  2.1946917e+00
 -9.7076616e+00
  3.1833501e+00
 -9.0470381e+00
 -3.8654095e-01
  3.1530559e-02
 -2.8145049e+00
  6.9454246e+00
 -1.8793561e+00
  1.0525299e+00
  2.0415168e+00
  5.0383911e+00
 -1.5205485e+00
 -7.9860967e-01
  4.1027179e+00
 -8.6790247e+00
 -2.9556024e-01
 -8.2519245e-01
  6.6365004e+00
  2.8867292e+00
 -2.6446958e+00
  4.4813914e+00
 -1.6508837e+00
  3.8264008e+00
  1.2040071e+00
 -4.9971809e+00
  1.9447687e+00
 -3.7065072e+00
  1.7605408e+01
  6.6656299e+00
  2.1162248e+00
 -8.1527609e-01
  9.9071735e-01
 -4.1346221e+00
  1.6611160e+00
 -4.1974285e-01
 -1.4359939e+00
  6.8287401e+00
 -1.3694141e+00
 -5.6913705e+00
  9.0047157e-01
  1.0266948e+00
  1.1453683e+00
  4.7314124e+00
 -5.4110146e+00
 -1.2259837e+00
  2.5534124e+00
  3.6231577e+00
 -3.0963647e+00
 -5.7084017e-02
 -1.8818064e+00
  2.4020994e+00
  9.4054461e+00
 -1.4210198e+00
  3.2795954e+00
  3.1710610e+00
  4.7516322e+00
  5.6684723e+00
  2.4608154e+00
 -1.6207442e+00
  1.4334892e+00
 -5.4742527e+00
  9.5657223e-01
  1.4802279e+00
 -1.4293802e+00
  2.3576534e+00
  8.4508669e-01
 -1.4201674e-01
 -4.2290130e+00
 -6.9257849e-01
 -5.3854376e-01
 -1.4510634e+00
  2.0950944e+00
  1.9850794e+00
  4.3486047e+00
 -5.7080383e+00
  3.6064961e+00
 -6.0426998e+00
  1.4986546e+00
  5.5931797e+00
 -3.0422547e-01
  7.6377664e+00
  2.7009466e+00
 -3.1763494e+00
 -3.9151752e+00
 -6.4525709e+00
  3.6840372e+00
  4.0246424e-01
  3.2547596e+00
  4.8699408e+00
  1.6777269e+00
 -6.5764313e+00
  8.7145090e-01
 -2.1156976e+00
  4.6589456e+00
 -7.9037495e+00
  3.0279574e+00
  1.3062620e+01
 -3.2724092e+00
  8.5458641e+00
 -5.1360974e+00
 -5.4174461e+00
 -3.8827648e+00
  2.2718892e+00
 -7.2580695e-01
  5.6351666e+00
 -1.5156053e-01
 -1.1602696e+00
  3.8841035e+00
 -3.9846873e-01
 -1.9914024e+00
  1.1485330e+00
  5.5687695e+00
  1.7812762e+00
 -1.9853802e+00
  2.5273705e+00
  2.4314263e+00
  1.3683773e+00
  2.4565942e+00
 -1.4786996e+00
  3.0618691e+00
  3.7338359e+00
  7.2911081e+00
  5.6236763e+00
  8.5148644e-01
  2.7871759e+00
  8.4945908e+00
 -1.5156171e+00
 -1.6276852e+00
 -4.3510542e+00
  5.1967630e+00
  6.4845031e-01
 -2.1070342e+00
  5.8877454e+00
 -2.2870319e+00
  3.3294322e+00
 -3.2759891e+00
  8.5394895e-01
  1.0275815e+01
 -8.5770124e-01
 -9.0550261e+00
 -8.9859349e-01
  5.9302874e+00
 -8.7890825e+00
 -1.0868986e+00
 -1.0636421e+01
 -1.2180521e+01
  9.8007059e+00
  7.7106571e-03
  2.6995342e+00
  5.5836592e+00
 -4.5756498e-01
 -4.3823075e+00
  8.4782581e+00
  2.5300702e-01
  5.2434030e+00
 -2.0096014e+00
 -1.9499310e+00
  2.4242532e+00
  2.2864351e+00
 -5.9455914e+00
  5.3357792e+00
 -2.0910051e+00
  1.9903162e+00
 -1.2456156e+00
  2.5977215e-01
 -9.1525373e+00
 -6.5413100e-01
  2.6810875e+00
  1.4369117e+00
  1.0491433e+00
  3.3310361e+00
 -2.4144335e-02
  1.7780287e+00
  4.0296416e+00
 -1.7477070e+00
 -5.1316285e+00
 -5.8253777e-01
 -6.6525680e-01
  2.8716633e+00
  2.5401180e+00
 -7.4862367e-01
 -1.1996395e+01
  7.6593294e+00
 -2.8235692e-01
 -7.1403418e+00
 -7.0360384e+00
 -7.8963757e+00
 -4.9085999e+00
 -8.2851696e-01
  2.2196417e-01
 -3.7131095e+00
  9.0137024e+00
 -7.0627422e+00
 -3.0145466e+00
 -4.6058025e+00
 -3.4089785e+00
 -1.2838151e+00
  1.7659843e+00
 -4.2285032e+00
  3.1320965e+00
 -8.7830877e+00
  4.3613330e-01
 -7.2792870e-01
  7.5982394e+00
  8.6924324e+00
  1.9902563e+00
  1.0897230e-01
  3.8819869e+00
  3.6875081e+00
  2.7273510e+00
  1.0708145e+01
 -3.2958314e+00
  3.1338286e+00
  3.1832442e+00
 -1.2880132e+00
 -5.4717822e+00
  3.7736020e+00
  1.7792670e-01
 -4.4283667e+00
  7.0660515e+00
 -1.5360576e-01
 -1.0590294e+01
  1.0503224e+00
  2.2942131e+00
  2.4475887e+00
  3.6101272e+00
 -3.0023139e+00
 -1.1188127e+01
  4.6254153e+00
 -9.3569403e+00
  9.9824721e-01
  3.4986380e-01
  2.9680421e+00
  1.0438015e+01
  2.9810438e+00
 -6.0024065e-01
 -5.4919405e+00
  3.4272254e+00
  5.3805804e+00
  2.3320656e+00
  6.0664171e-01
  1.1843941e+00
  8.5831720e-01
  9.6829665e-01
  1.5692801e+00
 -7.0018210e+00
  9.5574541e+00
 -8.8383511e-02
 -1.0530721e+00
 -1.9274656e-02
  2.8715003e-01
  1.7367668e+00
  2.4468783e-01
  2.6291723e+00
  3.1560462e+00
  2.5141847e+00
  3.1674945e+00
  6.2896729e-01
 -8.9126480e-01
 -6.4432530e+00
 -6.1980357e+00
 -2.7676520e+00
 -2.7639017e+00
  1.0492561e+00
  2.2414930e+00
  2.4760649e+00
  4.0351372e+00
 -1.3337827e+00
  7.1270766e+00
 -1.2047300e+00
  1.6264735e+00
  6.1974597e+00
  9.9090681e+00
 -3.0492957e+00
 -1.3737983e+00
  1.0209434e+01
  4.9869456e+00
  5.6606209e-01
  4.1589508e+00
 -4.5004892e-01
  8.0388050e+00
  1.3930783e+00
  7.1322069e+00
 -6.5778813e+00
  8.8568659e+00
 -2.1508882e+00
 -2.0086117e+00
 -3.4262268e-03
  3.8444710e+00
  1.5061026e+00
  1.3502685e+00
 -5.4501438e-01
 -4.6987143e+00
  3.3829558e+00
  2.4953129e+00
  8.0835266e+00
  9.7561607e+00
 -1.5173763e+01
 -5.3594961e+00
 -5.6676745e-01
  3.1741676e+00
 -2.2823942e+00
 -1.8703221e-01
 -6.5829796e-01
 -1.9287940e+00
 -8.2256947e+00
 -4.1942337e-01
  5.8187404e+00
  4.7232633e+00
 -1.1222347e-01
  5.2460828e+00
 -3.8557646e+00
 -7.1036921e+00
  1.8362453e+00
 -1.2976704e+00
 -9.3833941e-01
  2.7478850e+00
  9.9407598e-02
  5.3831350e-02
 -3.0197116e-02
  6.1278987e-01
 -1.0203187e+00
 -5.9471971e-01
 -1.8329780e-01
 -1.4925115e+00
 -8.9808071e-01
 -1.9800065e-02
 -2.8970340e-01
 -1.0228606e+00
  2.1387120e-01
  1.9908971e+00
 -7.5085223e-01
  2.0273638e-01
  7.8474021e-01
  4.7030035e-01
 -3.5571322e+00
  1.9836869e+00
  3.8905747e+00
  2.6117847e+00
  2.9977715e-01
  4.4698107e-01
 -1.5050496e+00
 -1.2227370e-01
  3.3928757e+00
  3.7761641e-01
  1.3342789e+00
  2.1605420e+00
  8.7417048e-01
 -9.7234380e-01
 -4.3757239e-01
 -9.0398425e-01
  3.3093157e-01
 -1.3933303e+00
 -8.4295297e-01
  2.1686995e-01
 -1.7117615e+00
 -1.7733208e+00
  1.1845616e+00
 -1.4212084e+00
 -2.3732486e+00
  3.0766532e+00
 -9.6642584e-02
 -8.4899110e-01
 -5.7167754e+00
  2.5135353e+00
 -4.4166131e+00
 -4.8695908e+00
 -3.3669660e+00
  8.7575233e-01
 -1.2183758e+01
  1.6132252e+00
  1.9619395e-01
  4.1477799e+00
 -9.6202528e-01
  1.1240038e+00
 -1.0430600e+01
 -2.5616176e+00
  2.8313835e+00
  2.1292541e+00
 -5.2564015e+00
 -8.4332991e+00
  1.1937573e+00
  7.5189714e+00
  1.6644367e+00
  1.6392052e+01
 -3.7130945e+00
  5.8485657e-01
 -1.2045854e+01
 -3.7653732e-01
  8.9627153e-01
  4.6903019e+00
  4.5184967e-01
  6.8318123e-01
 -8.7254238e-01
 -4.7660942e+00
  1.0025165e+00
 -1.4627171e+01
  4.9472272e-01
  1.8016115e+00
 -7.8051662e+00
 -4.3610964e+00
 -1.1977546e+00
  2.2516289e+00
  3.4943357e+00
  3.0279577e+00
  5.5822339e+00
  4.9285464e+00
  1.0521740e+01
  2.8412123e+00
  3.9833496e+00
 -1.0459159e+01
 -4.1624136e+00
 -3.6336751e+00
  7.7797899e+00
 -4.5618482e+00
 -4.6148810e-01
  1.9691271e-01
  3.5320430e+00
 -2.4660954e-01
 -7.4168749e+00
  4.3519890e-01
 -2.3420236e+00
 -9.2940311e+00
  8.5779047e+00
  1.1928725e+00
 -1.4410956e+00
  1.5981685e+00
 -8.9648873e-01
 -5.1878972e+00
  8.4597653e-01
 -5.1526814e+00
 -5.2608027e+00
 -1.1018373e+01
  7.4052960e-01
  7.1502846e-01
 -3.8782549e+00
  3.0332551e+00
  2.2060056e+00
 -1.0013630e+00
 -1.9858502e+00
 -3.7605083e+00
 -9.1069899e+00
 -2.5813816e+00
  1.1810008e+00
  5.2890720e+00
 -3.8248532e+00
  4.5580378e+00
  1.9259372e+00
 -3.5484688e+00
 -1.4241438e+00
 -1.8281830e+01
  3.8693697e+00
 -1.2822518e+01
  1.6485187e+00
 -9.0214853e+00
 -1.7299427e-01
 -5.1532513e-01
  5.0759573e+00
  1.0484159e+01
  3.8661304e+00
  3.7160087e+00
  7.9909694e-01
  6.3239431e+00
 -1.5550995e-01
 -4.3865916e-01
 -3.3038433e+00
 -3.0868599e-01
 -1.6755974e+00
  2.8695214e+00
  4.0053334e+00
  1.4316604e+00
 -3.4929514e+00
 -3.7537947e+00
 -1.9745032e+00
  1.7201334e+00
  3.6930625e+00
 -2.5775566e+00
 -4.9606843e+00
 -3.5334163e+00
  1.3164518e+00
  1.4952551e-01
  3.6366758e+00
  5.6162682e+00
  2.1963980e+00
 -1.5503917e+00
  2.9359667e+00
  2.2058861e+00
  1.7993728e+00
  4.3933406e+00
 -3.5646996e+00
 -1.7572962e+01
 -5.3233109e+00
  2.1022568e+00
  1.3244889e+00
  4.4716576e-01
  1.1742630e-01
 -2.4573619e+00
 -5.4236708e+00
  7.8864381e-02
  2.7447982e+00
  1.6919013e-02
 -6.0886145e-01
 -6.3893902e-01
  2.6320183e+00
 -8.0170679e+00
 -1.7135614e+00
 -3.8411409e-01
 -2.2873411e+00
  2.6643856e+00
 -4.8549116e-01
 -6.8519015e+00
  1.3398852e+00
  8.8674003e-01
 -3.9062080e-01
 -3.1741291e-01
 -2.5715141e+00
  2.5957041e+00
 -5.1426110e+00
  4.7559891e+00
  1.2762870e-01
 -2.3604023e+00
  7.2812951e-01
 -3.2854310e-01
 -8.5364097e-01
  2.4531703e-01
 -5.3666061e-01
  3.9442375e-01
 -4.5298809e-01
 -1.3986647e-01
 -1.2825683e-01
 -5.5341774e-01
 -1.8030571e+00
  5.2119389e+00
  6.9010987e+00
 -1.3653626e+00
 -9.5490479e-01
 -4.0780773e+00
 -6.1869293e-01
 -2.8057783e+00
  4.1581378e+00
  2.7462463e+00
  2.0274005e+00
 -1.5951730e+00
 -4.6617856e+00
 -9.6948922e-01
  3.8895619e+00
 -4.6211830e-01
  2.3172462e+00
  2.1171796e+00
  8.1019825e-01
  1.1173714e+00
 -1.7999169e+00
  2.2445636e+00
  4.9183583e+00
  2.0284855e+00
 -7.8532386e-01
  9.1400135e-01
 -1.7132114e+00
  9.0844136e-01
  2.9423457e-01
 -1.6940172e+00
  5.9347548e+00
  2.9108638e-01
 -6.0075796e-01
  6.5202117e-01
 -8.9732752e+00
 -4.7934480e+00
 -9.5732498e+00
  6.7116708e-01
  4.6475453e+00
  4.3539085e+00
  2.0656369e+00
 -3.1594461e-01
 -3.9553285e+00
 -3.7894189e+00
  9.2471552e+00
  4.7337592e-01
  1.1403370e+00
 -6.7067033e-01
  2.4977722e+00
 -1.6125078e+00
 -1.0350472e-01
  1.2706237e+00
 -8.3805876e+00
  4.3224955e+00
  2.0863905e+00
  3.0036177e-02
 -2.3376192e-03
  7.4591637e+00
  4.2849672e-01
 -3.7977149e+00
  2.1162376e+00
  6.6043720e+00
  3.8681214e+00
  6.9401593e+00
 -3.6449587e+00
  1.8956470e+00
  1.4940145e+01
  5.7444735e+00
  2.2711132e+00
 -5.9609718e+00
 -2.7381058e+00
  1.2921845e+00
 -1.1070182e+00
  7.3046875e+00
 -4.3947455e-01
 -7.0780268e+00
  3.3352702e+00
  9.3925705e+00
 -4.7886145e-01
  6.9302521e+00
  8.1544358e-01
 -1.7952617e+00
 -1.0822383e+00
  5.6365333e+00
 -1.3421925e+00
 -6.2486488e-02
  2.9490368e+00
 -2.8036234e+00
  6.9227284e-01
  2.5247920e+00
  8.5352945e+00
 -8.8270969e+00
 -4.5085759e+00
 -4.2906162e-01
  2.3645053e+00
  6.5782132e+00
 -2.1470261e+00
  5.5284190e+00
  1.7608042e+00
 -5.1872067e+00
  5.8632412e+00
 -1.8790171e+00
  3.1307511e+00
 -9.1850299e-01
  1.1957024e+01
 -7.8829490e-02
  5.6620669e-01
  8.7460775e+00
 -3.4967530e+00
  6.5847802e+00
  1.8104759e+00
 -2.0036693e+00
  7.9345317e+00
  3.7961004e+00
 -4.8054295e+00
 -9.3706217e+00
 -8.9987860e+00
 -5.0039902e+00
 -2.5381434e+00
 -6.7202973e+00
 -1.9884230e+00
  5.1616435e+00
 -6.3699121e+00
  9.0421468e-01
  4.2914758e+00
  5.9519882e+00
 -3.4193530e+00
 -3.0567777e+00
  1.9804305e+00
 -7.6088473e-02
  3.9648867e+00
 -2.4846578e+00
 -8.7983656e-01
  1.2622390e+00
  2.6045370e+00
 -1.3465272e+00
  1.1098107e+01
  1.5073136e+00
 -9.7231525e-01
  1.2967759e+00
 -6.5430183e+00
  2.6162667e+00
 -2.9409096e+00
 -2.4035752e-01
 -3.0675395e+00
  5.5889124e-01
  2.4986217e+00
  3.4925542e+00
  9.2561221e-01
  1.4588336e+00
  3.2775779e+00
  2.2172751e+00
  5.1271472e+00
  1.6523727e+00
 -3.4186797e+00
 -6.1945705e+00
  1.8340276e-01
  3.4488308e+00
 -4.6158404e+00
 -3.2444782e+00
  5.1676526e+00
 -3.0518930e+00
 -2.1569026e-01
  1.1147360e+00
  1.1153829e+00
 -4.7203894e+00
 -2.4620347e+00
 -1.8314526e+00
  6.3297969e-01
 -1.7719750e-01
  5.6427813e-01
  2.6081614e+00
 -6.9414182e+00
 -5.9416610e-01
  8.8589674e-01
  4.7389908e+00
 -3.6933775e+00
 -1.4116061e+00
  8.9269562e+00
  2.9351372e-01
 -1.3594688e+00
 -2.9465725e+00
  2.5467595e-01
  5.6695895e+00
  2.6480570e+00
  1.2893211e+01
 -2.2326188e+00
 -6.1039491e+00
 -1.8434070e+00
  3.7039294e+00
 -3.0891335e+00
  1.9469507e+00
  1.4967856e+00
  4.6458607e+00
 -2.1632352e+00
 -6.7996883e-01
 -2.9666753e+00
  1.2583706e-01
 -8.0492574e-01
 -4.5051246e+00
  4.8085012e+00
 -2.6654646e-01
 -1.1420937e+00
  8.4743315e-01
  2.2749938e-01
 -6.2915874e-01
  1.5722415e+00
  5.0938082e-01
 -5.7627120e+00
  2.6100224e-03
 -2.0500083e+00
 -3.9209874e+00
  3.6799078e+00
  7.3264003e+00
 -3.1935731e-01
 -2.6147251e+00
  7.0267239e+00
 -3.3931856e+00
  1.1176180e+00
  9.4624436e-01
 -1.3305854e+00
 -1.8311279e+00
  2.0852983e+00
  1.2650046e+00
 -1.4029363e+00
  2.9006863e+00
 -2.9208879e+00
  2.6347370e+00
  1.4593762e-01
  1.0347477e+00
 -4.5534968e+00
 -5.7194811e-01
 -9.4340019e+00
 -1.0598427e+00
  5.7466803e+00
  8.4771852e+00
  5.3471732e-01
  3.0080450e+00
  9.1037302e+00
  6.1780232e-01
 -4.4711361e+00
 -1.4695787e+00
 -9.8613586e+00
 -2.6971495e+00
 -1.0777500e+01
 -6.5006018e+00
 -1.0803779e+00
 -1.5069469e+00
  4.1354661e+00
  5.3181033e+00
  1.3442103e+00
 -2.1070359e+00
 -7.6672542e-01
 -6.4619813e+00
  6.1000414e+00
  4.1095266e+00
  6.3401437e-01
 -4.1009960e+00
 -3.2908051e+00
 -5.8026266e+00
  2.2789087e+00
  2.8200006e+00
  2.2793202e+00
  2.5957088e+00
 -1.9520603e+01
  9.6537244e-01
  5.2429185e+00
  8.4258035e-02
  3.4125500e+00
  3.5350919e+00
  6.0863166e+00
 -1.5632057e+00
  4.4254551e+00
 -4.5742890e-01
  1.4238620e+01
  8.0725975e+00
  5.4403696e+00
  3.4566021e+00
 -1.2626193e-01
  1.3640484e+00
 -1.3041706e+00
 -3.0407453e-01
 -2.3160658e+00
  4.4978949e-01
 -7.6378793e-02
  1.4128609e+00
 -1.0500476e-01
 -1.0967700e+01
 -1.1682225e+00
  5.4901948e+00
  1.7783905e+01
  2.6977658e+00
  2.5641351e+00
 -2.3326734e-02
 -8.1840086e+00
  1.2667018e+00
  3.7868634e-01
 -1.1601871e+00
 -4.7218461e+00
  2.6481573e-02
 -1.2844617e+00
 -1.2156736e+00
 -6.3163037e+00
 -3.0361781e+00
  9.4615459e+00
  1.7356459e+00
  3.8890591e-01
  3.5255361e+00
  6.7240062e+00
  5.6032076e+00
 -2.7282753e+00
 -4.7400236e+00
  2.1884546e+00
  1.8405199e+00
 -2.5405958e+00
  4.0144906e+00
  7.7102857e+00
  1.4227360e+00
 -5.0261588e+00
  9.6689904e-01
  3.1445589e+00
 -5.3736677e+00
  2.3323443e+00
 -1.4682850e+00
  2.2649033e+00
  6.8579187e+00
 -8.9396286e-01
 -3.7312284e-01
  6.6203103e+00
  1.3609818e+01
 -2.0576308e+00
 -2.2786794e+00
 -4.5716095e+00
 -2.0528173e+00
 -7.4485254e-01
  1.8019176e+00
  5.4112463e+00
 -1.8714501e+00
  6.8758950e+00
  4.3597350e+00
 -1.7749678e+00
 -2.8974652e+00
  3.6523740e+00
  1.4673830e+00
  1.5359596e+00
 -1.0892367e+00
  2.9728627e-01
  7.0918268e-01
 -3.3840410e-02
 -9.0735562e-02
 -9.0769368e-01
  3.2412088e-01
  7.1631920e-01
 -7.3502094e-01
 -6.5814251e-01
 -1.0790063e+00
  1.4269203e+00
 -2.3404672e+00
  4.1805214e-01
  1.6794865e+00
 -1.1164017e+00
 -5.9461791e-02
  2.9213369e-01
  1.2339855e+00
 -1.3510144e+00
 -7.3418713e-01
 -2.2631814e+00
  4.0953007e-01
 -1.3267082e+00
 -9.3875569e-01
  1.8857529e+00
 -4.1259125e-01
  4.7992034e+00
 -1.8924885e+00
 -2.4117253e+00
 -5.7939272e+00
 -2.8804104e+00
  4.1339397e+00
 -7.3586793e+00
  1.6847088e+00
  9.4286638e-01
 -3.6302009e+00
 -1.5802213e+00
 -1.0396405e+00
  1.0765630e+00
 -5.3793001e+00
 -2.5361521e+00
  1.5851206e+00
 -1.7914908e+00
 -6.0738654e+00
  9.9019535e-02
 -6.0544897e-02
  2.4597492e+00
 -2.8802521e+00
  2.4410822e+00
  2.0998061e+00
 -4.3672013e-01
 -8.9013696e-01
 -1.1788270e+00
 -8.2527465e-01
 -1.2070656e+00
 -9.8700625e-01
 -3.1056538e+00
 -8.8089585e-01
  4.6312651e-01
  2.0524554e+00
 -1.2001722e+00
  6.6203743e-01
 -1.0389627e+01
  2.2107935e+00
  3.4482465e+00
  4.4266018e-01
  2.2327979e+00
 -8.7703335e-01
  4.9284186e+00
 -6.1932068e+00
 -1.5893967e+00
  3.3566236e+00
 -2.8709035e+00
  2.4472599e+00
 -5.8802681e+00
  5.5085020e+00
 -7.6077404e+00
 -6.5760398e+00
 -3.2702227e+00
  2.2175157e+00
  1.9576119e+00
  2.0296190e+00
  1.3963820e+00
 -5.8785768e+00
 -1.2538319e+01
  2.4948134e+00
  3.2438056e+00
 -1.7959200e+00
  5.3253498e+00
 -1.6228206e+00
  2.0308390e+01
 -3.4231265e+00
 -4.7513814e+00
 -3.1288810e+00
  3.8574917e+00
  8.2491733e-02
 -1.3310001e+00
  3.1595113e+00
 -1.9121426e+01
  1.6428720e+00
 -2.0296187e+00
 -8.8704509e-01
 -2.2869925e+00
  1.0050991e+00
  1.6723512e+00
 -9.5066065e-01
 -1.8645751e+00
 -5.7923973e-01
  4.2277399e-01
  3.6432071e+00
  1.5667120e+00
 -4.4580749e-01
 -2.5371644e+00
 -5.1222765e-01
  3.3462715e+00
 -1.9322603e+00
  7.4814928e-01
 -3.9927628e+00
 -1.1012326e+01
 -2.7159364e+00
  2.6762633e+00
 -3.8056774e+00
  8.6860424e-03
  3.6020494e+00
 -3.6201799e+00
 -5.9340777e+00
 -2.2956231e+00
 -6.7514834e+00
  9.8478609e-01
 -8.8174200e+00
  1.3703363e+00
  7.1636915e+00
  5.0350690e-01
  6.4523673e-01
 -1.3777292e+01
 -1.2099586e+01
 -3.5978940e+00
  4.8823180e+00
  4.2033749e+00
 -7.7516365e-01
  2.5607960e-02
  4.9793358e+00
  4.1801110e-01
 -2.5198424e+00
  1.2192107e+00
  6.2930155e+00
  5.3973598e+00
  1.0753407e+00
  6.1091715e-01
  3.6590526e+00
 -4.8731222e+00
  2.2577693e+00
  2.4957829e+00
 -2.3380656e+00
 -2.7854364e+00
  1.1298128e+00
  5.1374197e+00
 -6.6274256e-01
  3.2259429e+00
  1.6031655e+00
  2.9678259e+00
  1.2655219e+00
  5.1306257e+00
  3.6426489e+00
  2.9358222e+00
 -3.9163654e+00
  6.2177086e-01
 -8.3502883e-01
 -1.9418694e+00
  6.2232223e+00
  4.3989615e+00
  2.3516629e+00
  1.1998518e+00
  2.0319746e+00
 -3.8222120e+00
  1.3613462e-01
  4.0381036e+00
  5.0250750e+00
  2.0802031e+00
 -3.8645318e+00
  7.3652835e+00
 -3.9120874e+00
  3.7622960e+00
 -2.0456342e-01
  4.1511056e-01
 -1.4545618e+00
 -1.6321541e+00
  3.5413144e+00
 -1.3415598e+00
  2.9057062e-01
 -3.9522152e+00
 -9.0938931e+00
 -1.8613844e+01
 -5.5464907e+00
 -3.1456332e+00
  3.8395329e+00
 -3.6311421e+00
  8.8612640e-01
  1.5176656e+00
 -2.9871054e+00
 -4.9442434e-01
 -9.1531553e+00
 -7.0581007e-01
 -4.9289050e+00
  3.8013759e+00
 -1.6367948e+00
 -6.1553679e+00
 -6.7652225e-02
 -2.5982642e+00
  5.2529778e+00
  1.9951377e+00
 -5.0192900e+00
 -5.0008440e+00
 -2.0038946e+00
  2.1006258e+00
  4.5897446e+00
  4.3869090e+00
 -4.6955605e+00
  6.0565317e-01
  3.6435914e+00
  2.3497145e+00
  1.1984736e+01
 -4.2038102e+00
  1.0447483e+00
 -4.7227874e+00
  6.7657113e-02
  4.4538012e+00
  8.5531740e+00
 -7.7665091e+00
 -1.1805838e+00
  6.6327882e+00
 -6.6476765e+00
  5.3070621e+00
  1.1140457e+01
  2.1883020e+00
  7.2291130e-01
  1.2524511e+01
 -1.0934820e+00
 -2.6616166e+00
  8.4808677e-01
 -4.6636515e+00
 -6.8201661e+00
 -3.7781320e+00
 -1.4074708e+00
  2.7975819e+00
  3.0208175e+00
 -1.6364492e+00
  1.2946301e+00
 -6.2921348e+00
  2.4221747e+00
 -1.0552688e+00
 -4.4466072e-01
  4.0523539e+00
 -4.2911072e+00
 -6.8303475e+00
 -8.8686600e-02
  3.9283960e+00
  1.5220401e-01
 -1.8518640e+00
  3.8337705e+00
 -3.9256144e-02
 -7.0821613e-01
  5.5715770e-01
 -8.5158986e-01
  3.6197381e+00
 -1.3628750e+00
  1.6334850e-01
  3.0664945e+00
  1.0891433e+00
  3.6021461e+00
  4.1485639e+00
  2.5153039e+00
 -7.9295759e+00
 -1.8229327e+00
 -9.2368250e+00
 -2.2067475e+00
  3.3595181e+00
  2.6183553e-02
  3.6824753e+00
 -3.0144613e+00
 -1.0936890e+01
 -4.7083588e+00
  2.4664650e+00
  1.8997325e+00
 -3.9959860e-01
 -4.3369818e+00
  1.1098480e+00
 -7.3835263e+00
 -1.9826497e+00
  4.9089856e+00
 -1.4013561e+00
 -5.8363118e+00
 -7.9541607e+00
  1.7467345e+00
 -1.0052112e+00
  2.9443121e+00
  1.0015209e+00
 -4.1822820e+00
  1.0177124e+00
  3.2978361e+00
 -7.1333444e-01
 -6.4001565e+00
  1.8656477e+00
 -4.9220319e+00
 -3.5489678e+00
  5.9022684e-02
  1.6694266e+00
 -5.4121876e-01
 -1.0534174e+00
  4.1436791e+00
  1.7790275e+00
  9.6001709e-01
 -1.4992913e+00
 -3.0411508e+00
 -3.6943772e+00
 -2.5844004e+00
  2.5199842e+00
 -1.4649372e+00
  1.0722547e+00
  3.6946518e+00
 -1.6141461e+00
  1.4972768e+00
  3.9626093e+00
 -6.2722802e-02
 -4.3800373e+00
  1.1644396e+00
  7.7426038e+00
 -3.2883933e-01
  2.8979032e+00
  3.8773665e+00
 -4.9625096e-01
 -2.8850634e+00
 -4.3846199e-01
  6.9807315e+00
  4.6582723e-01
  1.6254215e+00
  4.8036351e+00
  5.3473091e+00
  1.3857697e+00
  5.0758915e+00
 -1.4129063e-01
 -1.7283449e+00
 -2.1340852e+00
 -4.0369430e+00
 -6.9937515e+00
 -2.2031837e+00
 -3.0005729e+00
  4.3991899e+00
  3.3094814e+00
  3.3945370e+00
  1.1061604e+01
 -4.9815030e+00
  1.3616104e+00
  5.1487846e+00
 -1.8692058e+00
  5.7586117e+00
  3.1528363e+00
 -7.4893107e+00
  1.7179611e+00
 -8.0999315e-01
  8.8508105e-01
  4.7190514e+00
  1.7489252e+00
  3.6289859e+00
  3.8444393e+00
 -1.0885627e+00
  1.1378869e+00
  9.5512342e+00
  5.4408725e-02
  2.2599552e+00
 -3.0549099e+00
 -2.1770109e-01
  1.7328135e+00
  1.0316297e+00
  4.1466248e-01
  6.8814025e+00
 -5.9781070e+00
 -4.6531405e+00
  3.5058806e+00
 -7.1311769e+00
 -7.7097583e-01
 -3.3783956e+00
 -1.5517774e+00
 -4.3114996e+00
 -3.3533344e+00
 -1.8777262e+00
  2.1031978e+00
  8.6156416e+00
  9.0087658e-01
 -5.2098197e-01
 -7.6815724e+00
 -1.2645588e+00
  3.6876934e+00
 -7.4728103e+00
  2.6563694e+00
  1.5160336e+00
  2.6482608e+00
 -5.9996786e+00
  2.1130018e+00
 -7.6467371e-01
 -2.8952982e+00
 -1.5943013e+00
 -3.8808050e+00
 -3.5358357e+00
 -2.9299447e-01
 -4.7426600e+00
  3.1162119e+00
  5.2535295e+00
 -2.6460938e+00
 -5.0308943e-01
  3.0485058e+00
 -2.2797589e+00
 -4.9834852e+00
 -7.9634422e-01
  1.7723218e+00
  4.5937166e+00
 -5.3717647e+00
 -1.5610397e+00
  1.9131356e+00
  1.6729933e+00
 -1.1820378e+00
 -1.2711784e+00
  1.3434538e-01
  4.0622954e+00
  4.7077556e+00
  6.3965297e+00
 -1.8434926e+00
 -3.5894341e+00
  2.3685262e+00
 -9.5945650e-01
 -6.2374711e+00
 -2.8323801e+00
 -3.0739598e+00
  1.1337116e+00
 -2.6548509e-02
  6.7409086e+00
 -9.1717720e-02
  9.1885269e-01
 -3.9035868e-02
  4.1918176e-01
 -1.4428558e+01
 -4.4457221e+00
 -1.5505674e+00
  1.1795505e+00
  4.8618574e+00
  5.5356830e-01
  3.0052907e+00
  6.7124453e+00
  4.8572609e-01
  1.4518480e+00
 -7.2990358e-02
 -1.2179179e+00
  4.3096867e+00
 -2.3716815e+00
  1.3868288e+00
 -1.1628811e+00
 -2.9472451e+00
  7.5982958e-01
  7.8408694e+00
 -4.0368137e+00
 -5.5062160e-02
 -3.6472318e+00
  7.0976849e+00
 -4.9171228e+00
 -7.4463730e+00
 -1.4125993e+00
  7.0920599e-01
 -1.0801384e+00
  2.1447725e+00
 -4.0514679e+00
 -6.1125035e+00
 -6.3269997e+00
  5.9042139e+00
 -7.1706090e+00
 -5.4829831e+00
  1.6095216e+00
  4.7067347e+00
  4.1717315e-01
  6.9527310e-01
  1.8857329e+00
 -3.9634259e+00
  5.6094804e+00
 -1.2188717e+00
 -1.6025809e+00
  6.7269583e+00
 -3.7479141e+00
 -5.9647870e+00
  4.7736320e+00
 -2.0208156e+00
 -1.0019186e+00
 -4.4585361e+00
  2.6263680e+00
 -5.9178267e+00
  4.9123292e+00
 -3.9080384e-01
 -2.2181785e+00
  1.2668730e+01
  2.9847541e+00
 -1.0827210e+00
  1.8684921e+01
 -1.8264945e+00
 -6.6681328e+00
 -9.6355903e-01
 -2.3335092e+00
  1.3706723e+00
  5.6634517e+00
  8.0075788e+00
 -1.1158605e+00
 -8.0538111e+00
  3.0064240e-02
 -5.9774694e+00
 -3.7805879e+00
 -1.0810540e+00
  3.7694662e+00
 -2.2272799e+00
 -2.6097722e+00
 -1.4071660e+00
  3.7645366e+00
  3.6567221e+00
 -1.1803069e+01
  2.2256744e+00
  1.0792983e+01
 -1.0489332e+01
 -3.7279549e-01
  2.7370000e+00
 -1.6245837e+00
 -8.9519815e+00
 -3.6790049e+00
 -4.8568621e-01
 -4.0678353e+00
  2.6398542e+00
 -4.4515386e+00
  3.5583234e+00
 -1.2137105e+00
 -2.0705597e+00
  1.9461795e+00
  8.2564192e+00
  1.1328725e+01
 -2.8912437e+00
 -1.3661416e+00
  1.3818641e+00
 -2.5634313e+00
  4.3413372e+00
  2.9276738e-01
  5.2419478e-01
  3.4427967e+00
  3.4359536e+00
  1.6777269e+00
  1.4723311e-01
 -2.6128924e+00
 -2.0860319e+00
  5.9747233e+00
 -3.6658778e+00
  1.5888517e+00
  4.4967699e+00
  6.5531244e+00
  6.7308754e-01
  9.0818149e-01
 -2.5941103e+00
  3.3835344e+00
 -3.7553198e+00
  5.4931200e-01
  1.1458514e+00
  3.3173046e+00
 -2.4339902e+00
 -4.2881924e-01
 -7.6023674e-01
  1.9158581e+00
  2.0108645e+00
  1.6660450e-01
 -1.8432347e+00
 -3.0596926e+00
 -1.7811559e+00
  1.4144249e+00
 -4.4270229e+00
  6.0964775e-01
  1.9129738e+00
 -4.5115501e-01
 -2.1069174e+00
 -6.2298679e+00
 -4.9867287e+00
  1.1727608e+00
  3.5972166e+00
  9.0976053e-01
 -1.1747390e-01
  8.5772079e-01
 -1.0123683e+01
  9.9191656e+00
  2.9236572e+00
 -2.7962754e+00
  1.2487422e+00
  2.7747893e+00
  9.0543330e-01
  3.4502258e+00
  7.5433064e+00
  3.0661554e+00
 -9.0017614e+00
  2.4861217e+00
 -2.5507224e+00
 -1.1352851e+01
  9.7634392e+00
 -8.2092295e+00
 -4.1782308e-01
 -5.7156892e+00
 -5.3551641e+00
 -4.0092502e+00
  2.8505702e+00
  3.2828028e+00
  2.7694216e-01
  6.0814648e+00
 -6.0696757e-01
 -8.3321023e-01
  3.2288899e+00
  5.2100265e-01
 -1.8879321e-01
 -1.4130892e+00
 -4.8054516e-01
  1.7930506e+00
  1.2762877e+01
 -4.4430866e+00
 -2.7189977e+00
 -7.8449836e+00
 -3.7771072e+00
 -7.6376719e+00
  3.1057181e+00
 -6.7296371e+00
 -9.4635172e+00
  2.7394462e+00
  1.3840431e+01
  6.1820011e+00
  3.0941570e+00
  4.3570724e+00
 -1.2060601e+00
  6.2884803e+00
  3.3219543e+00
 -2.5893934e+00
  2.4062190e+00
 -2.4833014e+00
 -8.6687880e+00
 -1.9370693e+00
  9.9983238e-02
 -3.8381896e+00
  1.9024314e+00
 -3.0309644e+00
 -3.5194795e+00
  1.1665580e+00
  1.6737534e+00
  2.2483881e+00
 -5.1691718e+00
  1.9209614e+00
  3.4011164e+00
 -8.0522776e+00
  5.4693322e+00
 -8.1613904e-01
  4.3585734e+00
 -5.8392115e+00
  5.5732789e+00
  3.3740189e+00
 -1.9607537e+00
 -8.0545111e+00
 -1.1551613e+01
  1.6384540e+00
 -1.2293634e-01
  3.2767816e+00
 -4.1901202e+00
 -3.7086508e+00
 -4.7265520e+00
  4.5625544e+00
 -1.3509847e+00
 -3.7590587e+00
  1.0160463e+00
  1.4678409e+00
 -3.7615997e-01
 -2.8181171e+00
  3.6109676e+00
  1.5994896e+00
 -4.7004714e+00
 -5.5262818e+00
  9.3772107e-01
  1.2579433e+01
  5.3561807e-01
 -1.4374645e+00
 -9.0966244e+00
  1.4395078e-01
  3.4182127e+00
 -1.5361263e+01
  2.1915228e+00
  4.5384207e+00
  4.1218634e+00
 -3.1858604e+00
  2.8799953e+00
 -8.6811914e+00
 -1.4324831e+01
 -1.8537594e+00
  5.9622998e+00
  1.0252712e+00
  6.8280201e+00
 -4.8278136e+00
 -5.6359643e-01
  8.4574137e+00
 -9.1739482e-01
 -6.8004221e-01
 -3.8956926e+00
  5.9861946e+00
  6.6474617e-01
  1.7143267e+00
 -1.6137658e+00
  1.1573370e+00
 -6.5409575e+00
 -4.7015634e+00
 -1.4769596e+01
  2.2726269e+00
  7.5162358e+00
 -4.5464582e+00
  5.1395493e+00
  5.6127539e+00
 -8.5408115e+00
 -8.3706064e+00
  6.6803584e+00
 -1.2107792e+01
 -2.9547913e+00
  1.4804562e+00
  6.4669476e+00
  6.5843320e+00
 -4.6589959e-01
 -3.8558090e+00
 -5.0545592e+00
  1.9149612e+00
  9.2034543e-01
 -8.7259911e-02
  1.8342119e-02
  4.4016346e-01
  6.8244777e+00
  5.1872749e+00
  1.1721086e+01
  1.5387816e+00
 -5.3488040e+00
 -2.7313602e+00
 -8.7087965e-01
  9.3914479e-01
  3.0938373e+00
 -4.8038359e+00
  4.5797067e+00
  3.2179732e+00
 -4.3532717e-01
 -4.8175076e-01
 -6.7242868e-02
 -3.1900606e+00
 -5.4583921e+00
 -7.9358120e+00
  1.8985012e+00
 -1.6723135e+00
 -2.9612956e+00
 -3.4458258e+00
  6.2188401e+00
 -1.9326203e+00
  7.8577834e-01
  5.7551789e+00
  1.0625381e+01
 -1.1044278e+00
  9.3411058e-01
 -1.0130382e+00
 -1.6302209e-01
 -3.3995647e+00
  1.4907334e+00
 -4.2810454e+00
 -7.1512856e+00
 -3.7415884e+00
  1.0986617e+00
 -1.9485664e+00
  2.0302742e+00
 -4.7443694e-01
 -2.0891414e+00
  2.2593522e+00
  1.9477311e+00
  2.6574252e+00
  1.1601853e+00
 -1.0503222e+01
  2.4849679e+00
  3.3887522e+00
  5.0004464e-01
 -2.5568311e+00
 -4.2838860e+00
  6.0669106e-01
 -1.9795076e+00
  3.9357209e-01
 -6.4630198e+00
 -2.5288994e+00
  7.1982508e+00
  3.3705952e+00
 -1.0924243e+00
 -3.9104519e+00
 -1.4476007e+01
 -7.6319532e+00
  1.7764091e+01
  1.1177510e+01
 -3.4823663e+00
 -2.6667509e+00
 -1.7237604e+00
 -3.9337721e+00
 -1.1762530e+00
 -3.1086788e+00
  5.5203515e-01
 -2.8120741e-01
 -4.2223563e+00
 -4.4667096e+00
 -4.5694175e+00
 -2.1493328e+00
 -2.5705836e+00
  9.2329016e+00
  3.1210945e+00
  2.7691145e+00
  6.2169409e+00
  2.3440633e+00
 -7.1596994e+00
  5.2193971e+00
  2.8890407e-01
 -4.8288226e+00
 -2.9995935e+00
 -1.5708396e+00
  6.1579323e+00
 -7.9162455e-01
 -4.2413917e+00
  4.2222152e+00
 -9.1349735e+00
 -2.6593966e+00
 -3.9939568e+00
  2.8199835e+00
 -7.8275788e-01
 -3.4550285e-01
  9.8491392e+00
 -6.0743999e-01
  5.1105394e+00
  4.0788841e+00
  3.4082344e+00
  1.7975166e+00
  8.2958584e+00
 -7.5021925e+00
  7.7462852e-01
  8.1295338e+00
 -2.6215875e-01
  1.8670100e+00
 -1.7985096e+00
 -6.1867118e-01
  3.9627297e+00
  2.6971192e+00
  1.0800052e+00
 -3.1536744e+00
  3.3724339e+00
  6.9447821e-01
 -2.9637322e+00
 -3.6073072e+00
 -1.3045448e+00
  9.2274418e+00
 -7.1116228e+00
 -7.6846137e+00
  1.5701379e+00
 -1.7758847e+00
  1.0028203e+01
 -3.3107905e+00
  9.6636724e+00
  2.5861278e+00
  4.9209061e+00
 -1.1009014e+00
 -6.0619587e-01
  1.7352173e+00
 -4.0380807e+00
  4.2118941e-02
  3.9570849e+00
  2.7135925e+00
  8.5554367e-01
 -2.8904405e+00
  2.3721364e+00
  3.8280640e+00
 -2.7051227e+00
 -2.3552091e+00
  5.9087844e+00
 -1.0139621e+01
  3.0047305e+00
 -4.6244460e-01
  2.0940528e+00
 -8.6321369e-02
 -2.8468935e+00
 -1.9927431e+00
 -2.1798558e+00
 -8.7781830e+00
 -1.6352845e+00
  1.4087557e+00
  1.1607237e+00
 -6.4256563e+00
 -3.7310871e-01
  3.6664486e-01
 -1.6592836e+00
  2.9567840e+00
 -1.6496903e+00
 -3.3584309e+00
 -1.5205933e+00
  3.2759993e+00
  1.4632388e+00
  3.7521384e+00
 -3.7139778e+00
 -3.9719207e+00
  5.9779477e+00
  2.3788981e+00
  2.2114279e+00
 -1.5422453e+00
 -4.5446982e+00
 -1.7692080e+00
 -7.5599635e-01
 -4.0867920e+00
  2.9703233e-01
 -3.4239926e+00
 -2.4107075e+00
 -1.2173536e+00
  1.4550334e+00
 -2.3286378e+00
  1.0130733e+01
  6.1520809e-01
  1.9311579e+00
 -1.5054777e+00
 -1.5317889e-01
 -2.3428750e-01
 -1.3321424e+00
  1.8750295e-01
  5.0817436e-01
  1.5497614e+00
 -8.6509484e-01
  1.6942581e+00
 -2.2654501e-01
  1.3163172e+00
  2.7252084e-01
 -2.2415867e+00
  3.3062196e-01
  7.8395832e-01
 -7.1037894e-01
 -7.0581573e-01
 -1.6143754e-01
  3.8301340e-01
  3.0504331e-01
  2.1725903e+00
 -1.4246304e+00
  1.4232988e+00
 -7.7799815e-01
 -1.4256803e+00
  3.2310881e-02
 -4.2494491e-01
  3.8003688e+00
 -1.9049354e+00
  3.2532392e+00
 -1.6951107e+00
 -3.1273246e-01
 -1.3041025e+00
  1.0972863e+00
  5.4204092e+00
  1.4476467e+00
  8.9990854e+00
 -1.0230802e+00
 -3.1143492e-01
 -1.5896548e+00
 -7.6444441e-01
  2.4637899e+00
 -5.6095452e+00
  6.6477375e+00
  4.9027920e+00
 -1.3183686e+01
 -6.7151034e-01
  7.6978140e+00
 -6.3966477e-01
 -3.3646122e-01
  1.1292799e+01
  2.3185517e-01
 -4.5510287e+00
  1.0642166e-01
  2.2961648e+00
 -3.9106822e+00
 -6.5134101e+00
 -2.9513389e-01
  2.5816388e+00
  9.0076523e+00
  4.2133689e+00
 -3.3277428e+00
 -5.5029540e+00
 -1.9047351e+00
 -3.9749844e+00
  1.7217587e+00
  7.2871261e+00
  8.5817802e-01
 -8.8391962e+00
  8.2308751e-01
  1.4546374e+00
  9.0186043e+00
 -9.8078718e+00
 -4.8032680e+00
  3.2547734e+00
  9.1879545e-03
 -9.4072657e+00
  8.2600594e+00
 -8.5223627e-01
 -7.6835847e+00
  1.6626579e+00
  3.7165427e+00
  9.7596180e-01
  4.3895812e+00
  3.5785334e+00
 -2.7629282e+00
  4.6672976e-01
  8.9619493e+00
  4.3601241e+00
 -8.2908316e+00
  6.4078369e+00
  1.3931369e+01
 -2.7827077e+00
 -1.1093960e+00
  1.6947989e+00
  1.3004797e+00
  5.2630901e+00
 -4.6311326e+00
  4.3087993e+00
  4.9539781e-01
 -1.3852910e+00
  1.8434370e+00
  7.9463512e-01
  6.7293220e+00
  2.4895828e+00
  1.2105470e+00
  1.4087354e+00
  4.8827181e+00
 -1.4337107e+00
 -6.1922307e+00
  3.1598189e-01
 -8.7220631e+00
  4.3091235e+00
 -5.4605331e+00
  1.7274462e-01
  3.4035578e+00
  2.9651277e+00
 -2.5178158e+00
  3.1044805e-01
 -2.7836981e+00
 -1.0048321e+00
  1.7176754e+00
  8.8513126e+00
  3.1980593e+00
  1.3953793e+00
 -3.3940210e+00
  4.5557666e+00
 -2.5288675e+00
 -7.0449014e+00
 -4.8402896e+00
 -6.0029501e-01
  7.3611784e-01
 -4.5191984e+00
  1.0549809e+00
 -1.1675192e+00
  9.9743853e+00
  3.7271447e+00
  4.1271839e+00
 -3.3302555e+00
  8.8636885e+00
  1.9619480e+00
  3.9598336e+00
 -6.9523749e+00
 -1.5288299e+00
 -2.6289351e+00
 -3.1792457e+00
  1.0469678e+01
 -1.5715944e+00
  8.9440079e+00
 -2.0551951e+00
 -1.0274412e+01
  1.5587561e+00
 -6.4474101e+00
  1.2110450e+00
  8.4880096e-01
 -3.7325144e+00
  2.0467820e+00
 -2.7381015e+00
 -1.9182661e+00
 -1.5665178e+00
 -4.8015003e+00
  7.2393317e+00
  2.6473994e+00
  1.5646343e+00
  3.5642118e+00
  2.2734077e+00
 -2.1696098e+00
 -1.5637854e+00
 -1.7711140e+01
  1.0635921e+01
 -2.0555172e+01
 -3.7426157e+00
  1.1317233e+01
  2.0244677e+00
 -1.1797060e+01
  1.2288557e+00
  4.0199351e+00
  8.9344960e-01
 -7.2701573e+00
 -1.0111465e+01
  1.1150741e+01
  2.0053873e+00
 -5.1416975e-01
  1.0099385e+00
 -2.6964273e+00
 -3.4763510e+00
  9.0916033e+00
  1.1529369e+00
 -2.1277978e+00
 -3.3087051e+00
  1.3446178e-01
 -2.5520768e+00
  1.0696671e+00
 -5.7790720e-01
 -2.2829146e+00
 -5.4945040e+00
  6.2043180e+00
  5.0012155e+00
 -5.8713450e+00
 -1.0118040e+01
 -1.9418975e+00
  1.0874099e+01
 -2.6474245e+00
  8.4863443e+00
  5.2883830e+00
 -3.7371159e+00
 -7.4703355e+00
 -8.0031815e+00
 -3.7951193e+00
  1.8508123e-01
  4.9055567e+00
 -4.4548812e+00
 -1.7737820e+00
 -8.8273077e+00
 -4.1414085e-01
  9.4119196e+00
  2.7641141e-01
 -3.0687001e+00
  4.2623224e+00
  8.5716276e+00
 -7.0093912e-01
  1.0972022e+00
 -2.1760521e+00
  3.0645801e-02
  3.1203203e+00
  1.2833114e+01
  7.0270319e+00
  4.8381510e+00
  6.2478361e+00
  2.9846797e+00
 -6.6604147e+00
 -4.6004076e+00
  7.5157577e-01
  2.3415830e+00
 -2.0969644e+00
 -7.0363861e-01
  1.1817479e+01
 -7.3768992e+00
  1.8954991e+00
  8.8683968e+00
  2.5931254e-01
 -1.5149604e+00
  4.4359189e-01
  6.5425248e+00
  7.3975909e-01
 -7.8912705e-01
 -9.2667651e-01
 -5.8352361e+00
  1.4240463e-01
 -2.6410687e+00
  3.4502461e+00
 -4.0925450e+00
  1.7172070e+00
  9.5328641e-01
 -2.8174140e+00
 -2.7512078e+00
 -1.0585722e+00
  7.7021882e-02
  3.4028208e+00
  2.0978491e+00
  1.7474936e+00
  1.8023289e+00
  8.7886887e+00
  1.0138326e+00
 -2.8697877e+00
  2.6216946e+00
  2.1498458e+00
  2.4347593e-01
  5.0743637e-03
 -3.0022159e+00
 -5.5954442e+00
 -4.1938009e+00
  2.4962230e+00
  6.2468433e-01
  6.0256233e+00
  4.9730091e+00
  2.3646367e+00
 -1.1329082e+00
 -4.2067876e+00
 -6.9963069e+00
 -1.1850069e+00
 -8.2284079e+00
  1.4393260e+00
  6.6618342e+00
  9.7361240e+00
  2.4026848e-02
  2.6146538e+00
 -5.5079737e+00
 -1.5278314e+01
  6.2001495e+00
 -3.4021783e-01
 -6.6217227e+00
  3.3944759e+00
 -1.0510279e-01
  3.1905625e+00
 -1.0440706e+01
  6.2738532e-01
 -1.7657724e+01
  3.9456617e-02
 -4.7230592e-01
 -5.3480062e+00
 -3.3456438e+00
 -4.6121721e+00
  8.8031197e-01
  2.2251947e+00
 -1.6228304e+00
  2.2497029e+00
  1.3420945e+00
  7.1889400e+00
  1.7292016e+00
  6.4420953e-02
 -4.2030315e+00
 -2.5916958e+00
 -3.8710253e+00
 -7.0655131e-01
  5.4650087e+00
 -2.9923005e+00
 -1.6411514e+00
  2.6773117e+00
 -3.9789290e+00
  5.8275456e+00
 -2.6232986e+00
 -3.7916260e+00
  2.5285821e+00
  8.2928391e+00
 -5.0665417e+00
  2.1015339e+00
 -1.0547000e+00
 -4.2421827e-01
 -2.3511013e-01
  2.6439723e-01
 -4.6531115e+00
 -1.0269877e+00
 -7.9180984e+00
  6.6587090e-02
 -5.1107130e+00
  3.5579032e-01
  2.1550262e+00
 -2.8075758e-01
  2.2312882e+00
 -5.1418467e+00
 -9.8913485e-01
 -5.4926639e+00
  8.2540054e+00
  2.0729020e+00
 -1.4172617e+00
  5.7057190e-01
  3.0448961e+00
  1.7347516e+00
 -7.2963643e-01
 -1.7377095e+00
  7.0703679e-01
 -4.6214757e+00
 -2.0437148e+00
 -3.1360795e+00
  7.9750425e-01
 -1.4209907e+00
 -5.1160216e-01
  5.4157227e-01
  1.0412648e+00
  1.1098087e+00
  2.4931526e+00
  3.2755685e+00
 -4.2616051e-01
 -6.9665990e+00
  6.3971835e-01
 -9.3804705e-01
  4.6122961e+00
 -1.5539916e-01
 -6.6046333e-01
  3.2518046e+00
 -1.1476574e+00
  3.6215229e+00
 -1.2933311e+00
  6.9471627e-02
 -2.2958977e+00
  5.8282042e+00
  2.6131082e-01
 -5.7947427e-01
  7.8805361e+00
  1.4843853e-01
 -5.8349495e+00
  1.6483459e+00
 -2.7796743e+00
 -1.2066305e-01
 -6.7918906e+00
 -1.5287491e+00
  3.7701926e+00
  5.2717859e-01
  2.3004234e+00
 -7.5301394e+00
 -1.0966028e+00
 -1.3613927e+01
  1.1146710e+00
 -4.1952424e+00
  6.0909849e-01
  1.3214561e+00
 -7.1457233e+00
 -4.1041374e-01
  1.4628009e+00
 -3.3105702e+00
  5.5732174e+00
 -6.8654399e+00
 -1.9420396e+00
  2.5937293e+00
 -6.7755170e+00
  5.1470473e-02
 -1.3792733e+00
 -8.6656249e-01
  6.5182734e+00
 -9.1110563e+00
 -4.7641282e+00
 -2.3637450e+00
 -5.3058451e-01
  7.7273375e-01
 -2.4692249e+00
 -4.3842578e-01
  1.0225995e-01
  2.6484978e+00
 -8.0634296e-01
  1.8907504e+00
 -1.0350849e+01
  9.1961117e+00
 -4.1645274e+00
 -1.2167351e+01
  2.5649178e+00
  5.1562848e+00
 -3.0012162e+00
  4.6000714e+00
  5.5925608e+00
 -9.0713996e-01
 -1.2431506e+01
 -2.0626950e+00
 -7.1288064e-02
  2.3656125e+00
  1.6616960e+00
 -3.1150713e+00
 -3.1049211e+00
  6.0292296e-02
 -8.8230810e+00
 -2.0106056e+00
  2.2412755e+00
  7.2902136e+00
  2.8789721e+00
  3.9393201e-01
 -5.9316864e+00
  4.8703780e+00
 -8.6096945e+00
 -2.2341933e+00
 -1.8521454e+00
 -6.0138040e+00
  1.3632666e+00
 -3.6638188e+00
  5.2404370e+00
 -1.0235079e+01
 -2.7313097e+00
 -4.4843483e+00
 -8.2570839e-01
  1.8520168e+00
  2.6023684e+00
 -2.3542643e+00
  6.0932678e-01
 -1.3502308e+00
  5.0229616e+00
  1.0852197e+00
  1.4995462e-01
  6.2781900e-01
  2.2333870e+00
 -4.9230022e+00
 -5.1460280e+00
  6.8010044e+00
 -1.6368093e+00
 -1.1312584e+00
  2.4980428e-02
 -2.6978948e+00
 -2.1345831e-01
 -7.9881954e+00
  2.0055907e+00
  7.5424867e+00
  3.6235163e-01
  2.8955364e+00
 -9.3294436e-01
 -1.5283011e-01
  4.7804791e-02
  1.0846055e+00
 -1.5726954e+01
 -6.0559380e-01
  2.4139712e+00
  2.4097471e+00
 -8.0804710e+00
 -2.7458754e-01
 -2.3275044e+00
 -3.2785499e+00
 -1.6732990e+00
  1.2640775e+00
 -1.5709636e+00
 -1.5917296e+00
 -5.9797591e-01
  3.8447163e+00
 -6.9878536e-01
  3.5044191e+00
  4.9110355e+00
 -4.1794868e+00
  4.3352485e+00
 -3.4453506e+00
 -4.7468781e+00
  1.8666178e-01
 -3.9032595e+00
  1.5913420e+00
  3.3317251e+00
 -1.5408313e+00
 -1.2993451e+00
  4.4132795e+00
  2.4634893e+00
  1.4647272e+00
  5.7536304e-01
 -3.2500579e+00
  8.0479681e-01
 -8.4819978e-01
  4.0263245e-01
  6.6012675e-01
  4.4388515e-01
  9.1033971e-01
 -2.2335485e-01
 -1.5031106e+00
 -7.6476380e-02
 -1.8304486e+00
  2.4826984e-01
  1.6861252e-01
  1.7512074e-01
 -7.2534615e-01
  1.0803059e-01
 -6.5822029e-01
 -3.9757100e-01
  2.3745418e+00
  5.1901227e-01
 -1.2975911e+00
  7.4773073e-01
  1.7655642e+00
 -6.0586619e-01
 -1.0457649e-01
  1.3338939e+00
  1.3241898e+00
 -2.4729840e-01
 -4.7924179e-01
  2.4613097e+00
  8.4291762e-01
  3.1586719e-01
 -3.1943643e+00
 -4.8357721e-02
  6.1738122e-01
  1.6276749e+00
 -2.1719991e-01
 -6.8967539e-01
 -6.6407132e-01
 -1.4002390e+00
  8.5588408e-01
  2.4089680e+00
 -9.1360915e-01
 -8.2149249e-01
 -5.8631414e-01
  7.0513141e-01
  4.0380713e-01
  2.3967046e-01
  4.4461882e-01
 -6.6477197e-01
 -1.5619242e+00
  2.3194809e-01
 -5.0831318e-01
 -2.6894209e-01
  2.8365898e-01
  1.9080716e-01
  1.2223220e+00
 -6.5225787e-02
 -7.2676057e-01
  2.2122583e+00
 -9.4492030e-01
  1.1260495e+00
 -5.3176276e-02
  1.5439745e-02
  2.9227984e+00
  9.7935373e-01
 -3.8541409e-01
 -1.5988479e+00
 -2.4045799e+00
  1.0743844e+01
 -4.7576025e-01
 -2.2093008e+00
 -3.6714351e+00
  4.7954159e+00
  7.7984476e+00
  1.5134259e+00
 -3.0664597e+00
 -2.7445526e+00
  6.1200924e+00
  2.4792547e+00
 -1.9303124e+00
  5.4356861e-01
 -6.6105824e+00
 -2.8046796e+00
 -4.1089363e+00
  2.0754659e+00
 -5.5541915e-01
 -1.6838831e-01
 -6.7394762e+00
 -1.0331357e+00
  6.0947089e+00
 -8.8742757e-01
 -7.1527162e+00
  4.7209768e+00
 -7.5538963e-02
  9.0646386e-01
 -5.2828398e+00
  3.1794536e+00
 -2.0815568e+00
 -1.7001387e+00
  7.1079755e+00
  9.5723075e-01
  2.4593103e+00
 -2.4495668e+00
  8.1426935e+00
 -3.1883132e+00
  2.8407186e-01
 -8.7873011e+00
 -3.3264363e+00
  1.4040382e+00
  3.3499129e+00
  2.5117147e+00
 -1.1059593e+00
 -5.0377959e-01
 -2.0940740e+00
  4.9118793e-01
  1.4019840e+00
  1.8148227e+00
 -4.4860056e-01
  5.3954630e+00
 -1.5992168e+00
 -1.2816588e+00
  2.1357639e+00
 -1.4484520e+00
 -2.8869472e+00
  2.4201047e+00
 -1.6472018e+00
  2.6844735e+00
 -1.5881436e+00
 -5.2923185e-01
  2.1831019e+00
  2.3427604e-01
  5.1409966e-01
  6.1664200e-01
  1.4378040e+00
 -4.4288893e+00
 -1.1153654e+00
 -1.7468427e-01
  1.9354831e+00
  6.8709517e+00
 -2.2070885e+00
 -1.1210780e+00
 -4.6513038e+00
 -2.5154977e+00
  3.4021776e+00
  3.7172375e+00
  1.1188339e+01
 -8.0837460e+00
 -9.8329821e+00
 -5.4756552e-01
 -1.9438658e+00
  2.6012293e-01
 -3.2609768e+00
 -6.2082672e+00
 -2.7906222e+00
 -1.7194065e+00
  3.1957569e+00
  1.0402462e+00
  1.6740483e+00
  1.0155082e+01
 -5.5492926e-02
 -1.0678793e+00
  4.0173616e+00
  4.8937631e+00
  4.1070676e+00
 -1.2178266e+01
 -1.5607769e+00
  2.4822719e+00
 -6.9681175e-02
 -4.6693473e+00
 -5.9471674e+00
  1.7094763e+01
  9.6243834e-01
  9.4994230e+00
 -3.3370292e+00
 -1.8244263e+00
  1.5614486e+00
  3.8153353e+00
 -1.0113702e+01
  3.9175797e+00
  3.6350868e+00
 -4.5026245e+00
  4.7667918e+00
  8.2550305e-01
  3.0019956e+00
  3.3555212e+00
 -1.9774778e+00
 -2.0649469e-02
  1.2997916e+00
 -3.2489696e+00
  2.3148456e+00
  3.0910833e+00
  1.9112871e+00
  9.0596086e-01
 -1.2519345e+00
  3.5321035e+00
  5.7576718e+00
  7.5766319e-01
  2.2777584e+00
 -1.5211921e+00
  1.6372310e+00
  1.7635347e+00
  8.6739421e-01
  8.9124565e+00
  1.0133365e+01
 -2.8019252e+00
 -3.4920495e+00
 -9.2630494e-01
 -7.7844806e+00
 -1.1702716e+01
  6.3409364e-01
 -2.3675621e+00
 -5.4200044e+00
  6.7238216e+00
  1.4841033e+00
 -2.8912511e+00
 -4.9670231e-01
  2.3742850e-01
 -9.9058223e-01
 -7.5964178e-03
  5.7213145e-01
 -1.1210262e+00
 -1.1431667e+00
  1.4517143e+00
 -2.0820193e+00
  5.2242637e-01
 -2.4607787e-01
 -2.8015437e+00
  2.0519457e+00
 -1.2908469e-01
  5.6265664e-01
 -9.9104844e-02
 -1.4712815e-01
 -2.5118618e+00
  3.3208318e+00
 -3.2149243e+00
  6.9793123e-01
 -1.6106265e+00
 -2.0503757e+00
  3.0978851e+00
  2.0356662e+00
  8.3781499e-01
  1.6741884e+00
  5.0471079e-01
  4.2593771e-01
 -3.8113053e+00
 -2.5511348e+00
  1.3921760e+00
  1.2720926e+00
  1.0028316e+00
  3.0717242e+00
  5.7968307e-02
  3.2013822e-01
 -2.1121028e-01
 -5.7895727e+00
  1.5717919e+00
  1.3291305e+00
  1.3461529e+00
 -1.8526931e+00
  2.0128038e+00
 -1.7077318e+00
  1.0426354e+01
  5.9927516e+00
  7.2582036e-01
  5.9812331e+00
 -5.3225574e+00
 -1.4954640e+00
  4.4512091e+00
  1.2167228e+00
  4.6584082e+00
 -2.2864012e-01
 -3.5941322e+00
 -1.9604551e+00
  4.9437828e+00
 -2.1900070e+00
 -1.6096914e+00
 -3.3597970e-01
 -4.1577940e+00
  4.3222418e-01
 -1.9701129e+00
 -3.0154395e+00
 -1.1944723e+00
 -1.1180369e+01
  1.4796633e+01
 -6.4407063e+00
  4.1916832e-01
  6.7057985e-01
  4.9013357e+00
  6.9964666e+00
  2.6416314e+00
  1.4051960e+00
 -7.0938535e+00
 -9.9443378e+00
 -1.1101223e+00
  1.3695359e+01
 -2.0303495e-01
 -4.9687657e+00
 -1.5339823e+01
  6.2694187e+00
  5.9745069e+00
  1.0207713e+00
  9.4822598e-01
  1.7074209e-01
 -2.3669255e+00
  2.5816905e+00
 -1.2794034e+00
 -7.2448683e+00
  5.5782157e-01
  4.1647825e+00
  8.4775436e-01
 -3.1652606e+00
 -9.3969667e-01
  6.2037307e-01
 -1.9552671e+00
 -1.7781342e+00
  3.3918768e-01
 -5.6706491e+00
 -2.9446216e+00
 -1.8916917e+00
  4.6864331e-01
 -3.3816609e+00
 -1.1636418e+00
  3.4849410e+00
  1.7886279e+00
  5.4193954e+00
  1.8419306e+00
 -2.8010967e+00
 -1.1935763e+00
 -5.4149252e-01
  1.1972172e+01
 -6.5603318e+00
  4.9540138e-01
 -1.5506363e+00
 -1.5795835e+00
  5.1603854e-01
 -5.1327920e+00
  4.6673756e+00
 -2.3337185e+00
 -3.9339003e-01
 -1.4243582e+00
  2.7267029e+00
 -3.4617429e+00
 -7.6053004e+00
  3.3586330e+00
 -2.0783265e+00
  3.1209478e+00
 -9.9061632e+00
 -2.7162724e+00
  7.5045800e+00
  7.5705771e+00
 -9.7209864e+00
  2.8892198e+00
 -1.8222654e+00
  7.9990673e-01
 -1.3077811e+00
 -1.0526379e+00
  5.7333174e+00
  8.7591505e+00
 -1.1116630e+00
  3.9426416e-01
 -6.9743876e+00
  4.0737109e+00
 -7.0701494e+00
 -8.6372461e+00
 -5.5207858e+00
 -1.7972026e+00
  1.6960509e+00
  2.8152421e+00
 -3.3302798e+00
  3.2952290e+00
 -1.4024080e+01
 -2.7499533e-01
 -3.3460823e-01
 -4.4113798e+00
  4.0789204e+00
  5.9358053e+00
  1.2742463e+01
 -1.0407330e+01
 -1.7404273e-01
 -5.3904433e+00
  3.7354264e+00
  1.5718746e+00
 -6.6440642e-01
  2.5776472e+00
  2.2058954e+00
 -6.3545370e+00
  2.7403500e+00
  3.5931313e+00
 -7.2074187e-01
 -3.9638646e+00
 -6.9953241e+00
  5.4878098e-01
 -4.0662227e+00
 -4.1335478e+00
 -2.8247199e+00
  6.0772882e+00
 -1.7324913e+01
 -5.6308494e+00
 -7.8479543e+00
 -9.8920727e+00
 -3.1586168e+00
  3.4128573e+00
  1.1479141e+00
  7.9167180e+00
  1.4057349e+01
  4.7280955e+00
 -2.6768231e+00
  5.0352488e+00
  4.7440801e+00
 -4.4705882e+00
 -1.9223511e+00
  3.2744634e-01
  3.6011872e+00
 -3.4555534e-01
  7.3684139e+00
  2.6119208e+00
 -2.4644759e+00
 -2.8950200e+00
 -2.3666921e+00
  4.2839417e+00
 -2.9906118e+00
  5.3047576e+00
  9.7181616e+00
  5.1740327e+00
  2.7608218e+00
  2.1233060e+00
 -3.5918921e-01
  3.4151497e+00
  5.1936221e+00
 -2.1123741e+00
 -1.2546729e+00
  4.3718058e-01
  5.6188077e-01
  3.5973539e+00
 -8.8327658e-01
  8.3929807e-01
 -2.5334871e+00
  2.6387231e+00
  3.3619501e-02
  1.6691424e+00
 -8.2347101e-01
  2.8177314e+00
  1.7790695e+00
  3.0477309e+00
 -1.1877841e-01
 -3.8629575e+00
 -1.2747425e-01
 -1.2531312e+01
 -3.8918009e+00
  2.3675876e+00
 -3.0583018e-01
 -2.6725509e+00
  5.8135023e+00
  9.8797512e+00
  8.3423185e+00
  4.2305551e+00
  6.4223199e+00
  3.7995009e+00
  2.0753858e+00
  4.9800124e+00
 -8.1346649e-01
 -1.3759013e+00
 -7.1847862e-01
 -9.5992559e-01
 -6.4096799e+00
  2.2555137e+00
  1.3543893e+00
 -1.4655309e+00
 -1.2534262e+00
 -1.0192223e-01
  1.3512329e+00
 -4.4785190e-02
  3.0791237e+00
  6.2870747e-01
 -3.8713408e-01
 -2.3877735e+00
 -4.6596494e+00
  2.4997795e-01
  2.2147543e+00
 -2.5750504e+00
 -7.9123335e+00
  1.5627916e+00
  8.4804459e+00
 -5.0392504e+00
  3.4735255e+00
  1.7871425e+00
 -1.3429042e+00
 -6.4679389e+00
 -3.2461419e+00
  3.5218794e+00
 -9.7278613e-01
  3.7337203e+00
  6.6438991e-01
 -1.4751340e+00
 -6.7331543e+00
 -6.2460928e+00
 -1.6577442e-01
 -1.0355108e+01
 -6.4957851e-01
  9.3944252e-01
 -2.0205772e+00
  2.5042331e+00
 -1.4125551e+00
  7.3863071e-01
 -1.2892257e+01
 -5.2643973e-01
 -3.4358029e+00
 -1.7111962e+00
  4.8729048e+00
  2.4915573e-01
  6.9047990e+00
 -3.4704206e+00
 -2.9542968e+00
  2.6030296e-01
  4.8580642e+00
  8.5233134e-01
  1.7635776e+00
  2.4059255e+00
  4.2172847e+00
  1.3169489e+01
  1.0510198e+00
 -8.1238830e-01
 -6.3989329e-01
 -2.2063205e-01
  3.5588458e-01
 -2.0143652e-01
 -8.8792145e-03
 -1.0759979e+00
 -1.7279905e+00
  3.1521904e-01
  1.0458368e+00
 -2.3315611e+00
 -3.9035818e-01
  2.5055759e+00
 -6.7060030e-01
 -1.2065565e+01
  6.9635099e-01
 -4.5340866e-01
 -3.5950425e+00
  4.0972924e+00
  2.9206262e+00
  9.2840892e-01
 -1.4166387e+01
 -2.3538070e+00
 -1.0029975e+00
 -3.2358496e+00
  3.1734750e+00
  1.6492254e+00
 -8.3505273e-02
 -2.2954535e+01
  4.8101589e-01
  1.3114008e+00
 -1.1288391e+01
  4.0829010e+00
  4.5302663e+00
 -2.3275007e-01
 -3.3537113e+01
 -5.9231317e-01
 -9.5422554e-01
  1.4875720e-03
  2.2741208e+00
 -3.0040033e+00
  5.0952282e+00
 -1.6802176e+01
  7.5227270e+00
 -1.6750093e+01
  1.6901873e+00
  3.2572794e+00
  5.9238138e+00
  6.9089904e+00
  1.9207779e+00
 -7.2156835e+00
 -1.7389245e+00
 -2.8194383e-01
  3.3384228e-01
  1.1208614e+00
  1.0276455e+00
 -1.5824836e+00
  3.8251760e+00
  5.1221806e-01
  1.1632400e+00
 -2.8265151e-01
 -4.4213643e+00
 -1.5253660e-01
  1.7994610e+00
  1.4701888e-01
  1.3906391e+00
 -1.1346506e+00
  7.0286310e-01
  2.6209564e+00
 -6.1876817e+00
 -3.0238193e-01
 -1.0505745e+00
 -1.1760939e+00
 -2.9451913e-01
  5.4971619e+00
  6.8616428e+00
 -2.5367348e+00
 -4.7209835e+00
  1.7073926e+00
 -3.8221409e+00
  4.5045276e+00
  3.3803368e-01
  4.9688349e+00
 -1.1140288e+00
  1.1178329e+00
 -4.4506359e-01
 -2.0579963e+00
  2.7668386e+00
 -4.0292373e+00
 -6.2118988e+00
  1.9887282e+00
  6.2223059e-01
  2.5849301e-02
  9.9228793e-01
  1.0480286e+00
 -5.5406423e+00
  1.1057790e+01
 -1.2178763e+01
  2.0545515e-01
  1.8662610e+00
 -2.1027374e+00
  2.4238515e+00
  1.0810172e+01
 -1.1868075e+01
  1.5559501e+01
  1.2146823e+00
  3.8335075e+00
 -4.4447742e+00
 -8.0609906e-01
  4.2954698e+00
 -2.2691648e+00
  1.2812040e+00
 -1.2109354e+01
 -1.2401778e+00
  8.2044309e-01
 -4.5931196e+00
  1.3154556e+00
  8.1729450e+00
  8.1767979e+00
  1.4447466e+00
 -7.3010164e-01
  2.1280315e+00
  8.9845304e+00
 -3.4649181e+00
 -2.0867214e+00
 -7.5558639e+00
 -6.4421505e-01
  5.9857407e+00
 -3.6635392e+00
  3.0900791e+00
 -1.2598863e+00
  1.4699632e+00
 -1.8660650e+00
  4.4004493e+00
  3.7587378e+00
  1.7202133e+00
  1.8947299e+00
 -1.1234645e+01
  1.4905925e+00
 -2.6827118e+00
 -5.4170866e+00
  4.6819758e+00
 -5.8003159e+00
 -3.4776227e+00
 -1.3329695e+01
 -5.8716574e+00
 -6.2127576e+00
 -3.1376789e+00
 -8.6267271e+00
 -3.7102358e+00
 -1.6803135e+00
 -9.6335769e-01
 -1.8627965e+00
  5.6559128e-01
 -1.1306946e+00
  3.7092202e+00
  1.2122426e+00
 -1.5170642e+00
 -7.5157791e-01
 -1.5503637e+00
  2.5309345e-01
 -8.9218396e-01
 -6.7151918e+00
  2.1177430e+00
 -1.6036738e+00
  3.4173236e+00
 -4.6780663e+00
  5.1151791e+00
 -1.0744088e+00
  6.7170954e+00
 -6.3539636e-01
 -2.7479425e-01
 -7.1940513e+00
  9.3192810e-01
 -7.1131597e+00
 -3.0033250e+00
 -1.0792855e+00
  2.3193488e+00
 -5.2516832e+00
 -2.3630905e+00
  4.2497659e+00
 -6.6718807e+00
 -4.7176552e+00
  5.4064999e+00
 -6.6583724e+00
  1.1626847e+00
 -1.0396182e+01
  7.3370275e+00
 -1.1389179e+00
  2.3383866e-01
 -4.2340031e+00
  9.4656610e+00
 -5.4942828e-01
  4.0671005e+00
 -8.1593103e+00
  1.4371881e+01
 -2.1171959e-01
  1.5554532e+00
 -4.7447629e+00
  5.5078578e+00
 -1.7106639e+00
  9.0068359e+00
 -1.3785577e+01
  1.7558941e+00
 -3.3752308e+00
 -1.7106899e+00
  3.9843175e+00
  3.8224918e-01
  6.9280320e-01
  5.3469715e+00
  2.0830386e+00
  1.0774417e+00
 -1.5043706e+00
  5.9853506e-01
  5.8715767e-01
 -1.7977775e+00
 -1.3545017e+00
  9.6106178e-01
  1.3745487e+00
  1.7248105e+00
 -1.1732359e+00
 -5.8030591e+00
  1.9053644e-01
 -8.8265657e-01
 -3.0314857e-01
  9.1167850e+00
  1.4924986e+00
 -2.3123660e+00
 -4.4988627e+00
 -3.7205813e+00
  5.4290180e+00
  5.1943010e-01
  8.1820048e-02
  1.0046294e+00
 -5.9403076e+00
 -9.4941292e+00
 -1.0517279e+00
  1.2900326e+01
 -9.9533043e+00
  3.0870776e+00
 -1.9698761e-01
  2.2373259e+00
  2.1357441e+00
 -4.1937661e+00
 -4.2926893e+00
  3.8736198e+00
 -1.3399916e+01
  2.3153279e+00
  1.0512588e-02
 -2.6346314e+00
 -3.3437691e+00
  1.7409106e+00
  4.7564635e+00
 -4.7504175e-01
 -1.3825296e+00
 -4.4304852e+00
  6.1568651e+00
  9.8650084e+00
  2.6459100e+00
  7.5053744e+00
  1.5313877e+00
  1.0481823e+01
 -3.4111314e+00
  1.5495618e-01
  7.1804774e-01
  3.1273093e+00
 -5.0778756e+00
 -2.1392648e+00
 -1.4866903e+00
  6.9728785e+00
  1.2480772e+00
  2.7359571e+00
 -5.0492144e+00
 -2.2162211e+00
  1.5437483e+00
 -4.2925787e+00
  6.6902709e+00
  1.8042399e+00
 -8.9108267e+00
 -9.8805847e+00
 -3.4601703e-01
 -3.3633235e+00
  6.5670958e+00
  7.7657944e-01
 -1.7767488e+00
  1.2650565e+00
  3.3588772e+00
  1.0912853e+00
 -5.6596093e+00
 -4.2683740e+00
  2.5674963e-01
  1.5753230e+01
 -3.6438909e+00
 -6.6352725e-01
 -2.8859091e+00
  7.4369202e+00
  3.8877575e+00
  4.8926330e+00
 -6.2755013e+00
 -1.1162428e+00
  2.4714913e+00
  1.7584297e+01
 -1.7160867e+00
  5.0649109e+00
 -1.7073376e+00
  2.1936238e+00
  7.1397562e+00
  2.8632355e+00
  4.0592661e+00
  5.5700774e+00
 -3.6469312e+00
 -1.1865988e+01
 -4.1226277e+00
  4.1388717e+00
  1.8655089e+00
 -3.1346934e+00
 -3.9255445e+00
 -4.5368829e+00
  3.4892788e+00
  2.6245117e+00
  2.0547950e+00
  2.2537448e+00
 -2.0440114e+00
  7.7329487e-01
  2.2997715e+00
  4.7458873e+00
  8.6740208e-01
  8.1298399e-01
 -4.8705344e+00
 -7.0898528e+00
 -6.6765609e+00
  5.7545590e-01
 -1.0451203e+01
  5.7196957e-01
 -3.3836529e+00
 -2.6811576e-01
  1.7140749e+00
 -7.7100315e+00
  9.2879558e-01
 -1.3360319e+01
  4.9260445e+00
  6.1739702e+00
 -4.5351753e+00
 -4.1009240e+00
 -4.0889716e+00
 -2.3045385e+00
 -3.9659042e+00
  1.1433299e+00
  2.7668831e+00
  4.5371991e-01
  6.7695320e-01
  7.6164073e-01
 -3.2764122e+00
 -1.0762295e+01
  4.9104590e+00
 -8.2940477e-01
  5.2828777e-01
 -1.9007567e-01
 -2.9827588e+00
  3.5907683e+00
  2.3363006e+00
 -4.0178380e+00
  1.9072892e-01
 -4.7977772e+00
 -8.0139475e+00
  1.4745420e+00
  6.0235214e+00
 -3.9364097e+00
  3.1643507e+00
 -2.8152075e+00
  5.3118792e+00
  5.4320016e+00
 -1.2182802e+01
 -1.3293934e+00
  3.1995478e+00
  4.8835722e-01
 -1.9558023e+00
 -2.3914392e+00
  6.9112778e+00
 -3.6676726e+00
  1.3384857e+01
 -9.6878910e+00
 -2.8013704e+00
 -2.6916509e+00
 -1.6393089e+00
  9.5401597e-01
 -7.1425734e+00
  5.1694412e+00
 -1.8561287e+00
  7.6257944e+00
 -1.4462895e+01
  1.9157907e+00
 -1.2454230e+00
 -2.8282793e+00
  4.2281480e+00
 -1.6938355e+00
 -2.5892112e+00
 -2.2542293e+00
  6.1704440e+00
 -1.5740308e+00
  6.0575237e+00
 -2.0950406e+00
 -2.0985975e+00
  5.4703870e+00
 -1.5771344e+00
 -1.0951975e+01
 -1.1943165e+01
 -3.4012583e-01
 -3.6280222e+00
 -5.5460560e-01
  1.1476688e+00
 -1.0870906e+00
 -9.1924590e-01
  2.6566396e+00
 -9.7472793e-01
 -3.2431536e+00
 -5.0797302e-02
 -1.3778807e-01
  4.1004305e+00
 -3.0266204e-01
 -9.3984509e-01
  2.6176374e+00
  1.2901646e+01
 -3.8609871e-01
  1.7976263e+00
  1.8190564e+00
 -3.9046788e+00
  7.0488554e-01
  2.1282318e+00
  1.8827398e+01
 -2.8387899e+00
  4.4502511e+00
  2.5321640e+01
  8.8721561e+00
 -4.1161833e+00
  8.1439269e-01
 -6.5704632e-01
  4.7519789e+00
 -2.9182498e+00
  1.0992682e+01
  1.2153439e+01
 -3.1145086e+00
  8.7490433e-01
  4.8901695e+01
 -1.7614238e+00
  1.6830059e+01
  1.8016684e+00
  5.9695969e+00
 -4.7446070e+00
  5.7344818e-01
 -1.1119029e+01
 -1.8085170e+00
  5.2648139e+00
  2.0772069e+00
  3.6200135e+00
 -4.8868585e+00
  3.5714748e+00
  2.2951894e+00
  4.2147946e+00
 -1.4796680e+00
 -1.1514635e+00
 -1.0363188e+00
  2.6933484e-02
  2.3453729e-01
 -5.3230631e-01
 -1.5687376e+00
 -2.0119197e+00
 -2.0313380e+00
  1.0195760e+00
  9.1351157e-01
  6.5251613e-01
 -4.3223538e+00
 -4.4229236e+00
 -2.1797071e+00
 -1.8587812e+00
 -1.7657613e+00
  9.4416440e-01
 -3.3570957e-01
 -5.1109591e+00
  9.8791021e-01
  2.0097854e+00
  1.1140934e+00
 -5.4959488e-01
  1.9956629e+00
  1.1416872e+00
 -3.6884995e+00
 -2.0565155e+00
  1.2239527e+00
 -9.0022640e+00
  2.5825405e-01
  5.7338601e-01
  1.5888230e+00
 -1.4139006e-01
  1.1066925e+01
  1.3159583e+00
  4.1668501e+00
 -2.7551374e+00
 -7.4508858e-01
  1.3108474e+01
  3.6581273e+00
 -3.5652932e-02
 -4.7456145e-01
 -6.3550062e+00
 -1.1388152e-01
  2.9772780e+00
  2.2743819e+00
  4.9874559e-01
  5.3036509e+00
  4.0404611e+00
  8.1288326e-01
 -6.6695839e-01
  3.8167706e+00
 -8.6238623e+00
  4.4126415e+00
 -5.3481317e+00
 -4.1564198e+00
 -9.6263638e+00
 -1.0736536e+01
 -1.3271056e-01
 -2.7106559e+00
  2.4099293e+00
  6.4247403e+00
  3.6876960e+00
  4.5602942e+00
  3.4437470e+00
 -8.2647247e+00
  6.8499746e+00
  6.0134959e+00
 -2.4112775e+00
 -8.3451900e+00
  9.0700760e+00
  6.1703050e-01
  4.0201130e+00
  2.7692957e+00
  7.1404085e-02
  2.1486883e+00
 -5.2194891e+00
  1.1708728e+00
 -3.3532652e-01
 -3.6722422e+00
 -1.3438225e+00
  4.5620179e+00
  5.1794797e-01
  7.5784367e-01
  5.5382514e-01
  3.2606852e+00
 -2.4522030e+00
  5.6358991e+00
  7.1219797e+00
 -4.2128787e+00
 -4.3685470e+00
  6.7792673e+00
  3.5060036e-01
  3.4451814e+00
  3.9037936e+00
  5.5880036e+00
 -2.5814428e+00
  6.7386937e-01
 -4.6940517e+00
 -3.9970422e+00
 -1.4068574e+01
  1.0175167e+00
  3.1838300e+00
  1.1130090e+00
 -1.0652529e+01
  8.7337387e-01
  1.4394500e+00
 -5.8623195e-01
  1.3631922e+00
 -9.6748650e-01
  3.2682128e+00
 -1.9143976e+00
 -1.0919672e+01
 -1.1091846e+00
 -4.3252211e+00
 -1.6021930e+00
  2.5225444e+00
 -1.2727874e+01
 -2.3968875e+00
 -1.6589792e+01
 -3.7635665e+00
  4.3558383e+00
 -4.1668740e-01
  1.4075195e+00
  5.1654239e+00
 -9.1134243e+00
 -3.7238991e-01
  5.2328339e+00
 -2.1416547e+00
  2.0049353e+00
  3.5248895e+00
  1.5612129e+00
  2.1558397e+00
 -3.7460802e+00
  2.2262275e+00
  4.8706698e+00
 -1.2239031e+01
  1.0439496e+00
  2.6981301e+00
  1.4818543e+01
  5.5392871e+00
 -1.2248623e-01
  4.1359296e-01
 -5.4273734e+00
  4.8380423e+00
  6.7501602e+00
 -1.8624847e+00
 -1.6017054e+01
  4.9211574e+00
 -3.1081398e+00
 -2.9010382e+00
  4.1305175e+00
 -7.6847763e+00
 -3.8094494e+00
  1.3193115e+00
  9.0582209e+00
 -1.1535988e+00
 -5.1988106e+00
 -6.7628288e-01
 -6.0422916e+00
 -1.2130065e+00
 -4.1838880e+00
 -1.0257623e+00
 -4.9550042e+00
 -2.2336148e-01
  3.1951575e+00
  2.8380809e+00
 -2.1717560e+00
 -7.9731402e+00
 -7.7241164e-01
  4.3379159e+00
 -5.6511374e+00
 -1.2078959e+01
  8.3481588e+00
 -5.9884462e+00
 -4.7330494e+00
  5.2744851e+00
 -4.2847931e-01
  5.4203668e+00
 -1.5755892e+00
 -2.6480415e-01
 -6.0441980e+00
 -4.8923383e+00
 -7.2860532e+00
  1.0634110e+01
 -2.7276602e+00
 -5.3987241e+00
 -2.2190661e+00
  4.2937932e+00
 -6.9465098e+00
  5.2026334e+00
  6.5727763e+00
 -1.0360600e+01
 -2.3594701e+00
 -1.5792027e+00
  4.1170710e-01
  6.4309233e-01
  2.4263461e+00
  4.1464372e+00
  1.5647398e-01
  9.1943312e-01
 -2.2979612e+00
  1.3194492e-01
  3.0645484e-01
  6.8318582e+00
  9.1118866e-01
 -2.1052039e+00
  6.1588490e-01
 -1.0379956e+01
  9.9958897e+00
 -7.8304124e-01
 -1.0484375e+00
  3.0017674e+00
 -4.9957585e-01
  4.2036424e+00
 -2.4557722e+00
 -8.0431643e+00
  8.2610035e-01
 -4.6805139e+00
 -4.7220063e+00
 -3.6679676e+00
  2.2368298e+00
 -3.2681546e+00
  6.5111742e+00
  6.8284216e+00
  7.8317327e+00
 -1.1064507e+00
  2.5237665e+00
 -5.1350508e+00
  3.3422589e+00
  2.5276122e+00
  1.8056386e+00
 -2.1532984e-01
  1.5365859e+00
  1.2650992e+00
 -1.2874034e+01
 -3.8891146e+00
 -9.9432583e+00
  5.4888825e+00
 -2.8685102e+00
  1.1555811e+00
 -2.3582609e+00
  2.5727050e+00
  3.4517243e+00
  2.6311247e+00
 -2.7992037e-01
 -1.7708782e+00
 -1.1671706e+00
 -1.0533181e+00
 -1.1542706e+00
  2.6920933e-01
  5.4096121e-01
  1.4851382e+00
  2.5235774e-02
 -9.6858072e-01
 -3.9614766e+00
  1.5433801e-02
  4.4234063e-02
 -1.8333970e-01
  1.2223221e+00
  2.7131574e+00
 -1.8009706e+00
 -4.9113488e+00
 -5.5289543e-01
  2.5424111e+00
  3.1846652e+00
  3.5934734e+00
 -2.3790283e+00
 -5.0617771e+00
 -1.9150882e+00
 -5.7453723e+00
  1.7737199e+00
  5.7343922e+00
  1.1699805e+00
 -4.5315661e+00
  2.8485539e+00
 -1.1563509e-01
 -7.8591335e-01
  4.1172919e+00
 -2.6884649e+00
  2.4222255e-01
 -8.5111666e+00
  4.9846196e-01
  5.9981138e-01
 -3.7655568e+00
  1.2826426e+01
  4.0514531e+00
  1.9250150e+00
 -4.2167199e-01
  2.6872697e-01
  2.0266891e+00
 -3.7282419e+00
 -2.6303539e+00
 -1.1887296e+00
 -1.9185750e+00
 -2.8351874e+00
  2.4267311e+00
  3.7763977e-01
 -1.6967176e+00
 -1.0551900e+01
  7.6329029e-01
  3.5514996e+00
 -3.9588599e+00
 -5.5242343e+00
  1.5201904e+01
 -1.9397202e+00
  1.2112886e+00
 -4.8138127e+00
  1.9021516e+00
 -5.3227144e-01
  1.2308348e+00
  1.5140519e+00
  1.3899766e+01
  1.6637752e+00
 -1.7931882e+00
 -3.2022476e+00
  6.9143577e+00
 -9.4520807e+00
 -5.5597038e+00
  4.2705953e-01
 -7.8957784e-01
 -5.2518654e+00
 -4.2554145e+00
  1.0491971e+01
  2.8784139e+00
  5.3553772e+00
  3.1893697e+00
  4.1806965e+00
 -3.7988911e+00
 -5.1627107e-02
 -7.8273132e-02
 -7.9630694e+00
 -1.0669043e+00
  4.4957976e+00
  1.3642428e+01
 -4.9360271e+00
 -1.4852372e+01
  9.7249508e+00
 -1.2563657e+01
 -1.7871805e+01
 -6.9531956e+00
  8.5136452e+00
  6.2800817e+00
  8.1174145e+00
  3.8772840e+00
 -5.0626020e+00
 -2.9988921e+00
 -4.5440869e+00
  3.6054399e+00
  6.0198605e-01
  8.7486708e-01
  4.8398123e+00
  1.2719687e+00
 -2.8972285e+00
  1.1004561e+00
  6.6025419e+00
 -1.8861803e+00
 -1.0643921e+00
 -1.0422770e+00
  1.0838574e+00
 -2.0325422e-01
 -4.9673667e+00
 -6.2829369e-01
  5.6885433e-01
  1.4794736e-01
 -6.0999842e+00
 -7.4534969e+00
 -1.6568237e+01
 -6.1208382e+00
 -1.6476325e+00
  4.9323778e+00
 -3.5130801e+00
 -9.4080219e+00
  5.0488963e+00
 -5.3542409e+00
 -5.2502289e+00
  6.2290511e+00
  7.5021973e+00
 -3.4543636e+00
 -1.0022757e+01
 -1.0057470e+01
  2.1936812e+00
 -1.0492278e+00
  5.4606895e+00
  3.4530368e+00
  1.4572208e+00
 -1.2594080e+00
 -4.7481031e+00
 -1.9242029e+00
 -1.7636158e+01
 -5.7021505e-01
  1.2364347e-02
 -2.3709893e+00
 -5.1760297e+00
 -2.5406752e+00
 -1.3804624e+00
  7.8090596e+00
 -2.5665956e+00
 -2.2061847e-01
 -1.2688462e+00
 -1.5081637e+01
  1.5244154e+00
  9.6720117e-01
 -6.8428046e-01
  1.2081567e+00
 -1.9204280e+00
  9.6783674e-01
 -3.2242782e+00
  2.2673950e+00
  6.7615952e+00
 -7.1657543e+00
 -2.3667946e+00
 -7.6216192e+00
 -3.8599248e+00
 -3.0360980e+00
  1.1551396e+01
  4.6666878e-01
 -4.4385104e+00
 -1.5965819e+00
 -4.0235810e+00
  1.0988539e+00
 -3.7244792e+00
 -8.4731005e-02
 -5.0250874e+00
  1.9721864e+00
  8.7290758e-01
 -1.3522329e+01
 -1.5494363e+00
  2.4916449e+00
 -1.6815348e+00
  6.6411579e-01
 -1.1045742e+01
  5.9878278e+00
  4.3750873e+00
  7.9691887e-01
  4.3541029e-02
 -1.1758627e+00
 -5.9429207e+00
  2.5272889e+00
 -3.3428516e+00
  2.8359466e+00
 -3.3037362e+00
  5.9045067e+00
  2.6780906e+00
  5.3054112e-01
  4.8622065e+00
 -1.3621156e+00
 -4.9769535e+00
 -8.5747111e-01
  2.9054952e+00
 -5.2220649e-01
 -4.7179337e+00
 -1.5086153e-01
 -4.8058863e+00
 -2.7511568e+00
 -2.1037743e+00
 -3.6431974e-01
  2.4723323e-01
  8.7874269e+00
 -3.4883096e+00
  2.7472787e+00
  4.5394320e+00
  5.2560797e+00
  9.4420367e-01
 -5.7830858e+00
 -1.7198517e+00
 -4.8081946e+00
  5.8513433e-01
 -3.1175640e+00
 -4.0439897e+00
 -1.7239695e+01
  4.4500442e+00
 -9.0600500e+00
  1.5496211e+00
 -3.2502494e+00
  1.5224260e+00
  1.0518617e+01
  1.2148079e+00
  7.0328996e-02
 -5.0044789e+00
 -7.0613232e+00
 -2.5955696e+00
  3.3254478e+00
 -3.6414716e+00
 -1.1831674e+01
 -4.0899858e+00
 -9.4611406e+00
 -7.0518570e+00
  6.2521952e-01
 -2.5449705e+00
 -3.5223634e+00
 -8.2954950e+00
  2.8461342e+00
  1.2356163e+01
 -8.6041194e-01
 -3.1444433e+00
 -1.5742731e-01
 -3.7474411e+00
  5.8006221e-01
 -1.7027121e+00
  8.7543612e+00
 -5.0019038e-01
 -8.1035054e-01
 -3.5294273e+00
  5.8886547e+00
 -3.0024757e+00
 -7.9279637e+00
 -1.7706989e+00
 -3.2067075e+00
  1.0004659e+00
 -1.4224966e+00
  3.0428429e+00
 -4.6016908e+00
 -3.8446002e+00
 -2.5264823e+00
 -3.8805816e+00
 -6.7159948e+00
 -8.7692279e-01
  6.5639033e+00
  2.3795283e+00
 -1.6033629e+00
 -1.1958241e+00
 -5.9388644e-01
 -2.1597936e+00
 -6.1485209e+00
 -1.5747317e+00
  2.1264856e-01
  1.1661332e+01
 -1.3554803e+01
  1.9566621e+00
 -5.3256431e+00
 -1.3309341e+01
  6.2435970e+00
  5.9646821e+00
 -6.4729657e+00
 -3.3508983e-01
  3.3675315e+00
 -2.3919329e-01
  3.1374469e+00
 -1.0383672e-01
 -6.2509785e+00
 -3.1991317e+00
  1.6677420e+00
 -9.3357077e+00
 -2.4851799e+00
  2.6561143e+00
 -1.1904968e+00
  2.6928930e+00
  6.9308329e-01
  2.8309252e+00
  4.5651155e+00
  2.2008862e+00
 -9.6200666e+00
 -2.6643939e+00
  7.0759125e+00
  1.0236139e+01
 -4.8580561e+00
  4.2671728e+00
  3.5635695e+00
  2.7140648e+00
 -2.7454264e+00
  3.4222233e-01
 -1.1869495e+00
 -5.8770180e-04
 -1.9282659e+00
  2.6008457e-01
 -2.4560714e+00
 -1.7304308e+00
  2.7124533e-01
  2.4930036e+00
 -8.4829969e+00
 -2.0556877e+01
 -3.2884735e-01
  1.7444338e+00
 -2.5215117e+01
 -8.4634471e-01
  2.3172051e-01
 -1.3316725e+01
 -1.6680571e+01
  8.7536728e-01
  4.1361113e+00
 -4.6269965e+00
 -4.0772157e+00
 -2.7375138e-01
 -7.2874098e+00
 -1.2301434e+01
 -3.5049212e+00
  9.2816725e+00
 -3.5119320e+01
 -7.9210693e-01
 -2.8711488e+00
 -2.7251520e+00
  2.1557515e+00
 -5.6433625e+00
  4.5356278e+00
 -2.3846704e+01
 -1.3671417e+00
  4.7185856e-01
 -1.0456936e+01
 -1.2099612e+00
 -8.6243162e+00
 -2.8689194e+00
  8.8385820e+00
  6.7283754e+00
  3.6184204e+00
 -2.0406897e+00
  4.7263036e+00
  2.8957326e+00
  2.7311286e-01
  2.2243338e+00
 -4.3660793e+00
 -3.3594379e+00
 -6.7232790e+00
  4.0538926e+00
 -4.3981242e+00
 -3.8311043e+00
 -8.2788019e+00
  1.5036711e+00
  1.1457486e+00
 -6.0293036e+00
 -3.0211687e+00
 -1.0111347e+00
 -4.1503232e-02
  4.7883191e+00
  7.3422593e-01
  2.4821742e+00
 -2.7044809e+00
 -4.3432578e-01
  7.0959177e+00
  3.9117470e+00
 -1.3499560e+01
 -3.0149088e+00
  6.1757460e+00
 -2.8203006e+00
  2.5667484e+00
 -1.0241827e+00
 -2.5389278e+00
 -2.0141314e-01
  8.8823633e+00
 -2.0749602e+00
  5.1946583e+00
 -4.2231214e-01
 -2.9264855e-01
  1.2472811e+00
  1.2818654e+00
 -9.2683048e+00
 -2.5215226e-01
  4.7352462e+00
  3.9749343e+00
 -5.4635978e+00
  3.8964732e+00
 -9.4240742e+00
 -1.5226129e+00
 -1.8869542e+00
 -1.1835254e+00
 -2.2760914e-01
 -3.1372259e+00
  9.2312592e-01
  3.7791698e+00
 -5.2904181e+00
 -5.3186440e+00
 -2.7834815e-01
 -1.5039561e+00
  1.4284593e+00
 -1.0935001e+00
 -2.0231706e-01
 -2.6436613e+00
 -1.5895914e-01
 -4.5777950e-01
 -1.2861400e+00
 -1.7951216e+00
 -1.4030863e+00
  3.2306519e+00
 -9.7975835e-02
  1.9572277e+00
 -1.1592290e+00
  3.0299671e+00
  3.4124393e+00
  8.6487186e-01
  5.3872794e-01
 -2.3576903e+00
  4.3380123e-01
 -1.2609377e+00
 -2.9253718e-01
 -7.1610141e-01
 -8.3802426e-01
  3.1220900e-02
  3.4265571e+00
 -1.0559043e+00
  3.3759291e+00
 -3.5414186e-01
  3.4026778e+00
 -3.1904550e+00
  1.6082256e+00
  1.0588773e+01
  1.1833714e+01
  4.1769509e+00
 -2.5238540e+00
 -4.9521985e+00
  3.7179229e-01
  5.6883245e+00
 -7.1026480e-01
  1.6945984e+01
 -5.2440515e+00
 -9.3750153e+00
 -4.4686737e+00
 -2.0197549e+00
 -2.4535916e+00
 -9.7644067e-01
  6.9611874e+00
 -3.8018292e-01
  5.6621456e+00
  4.8332210e+00
  1.1151400e+00
 -6.0240283e+00
  1.5860485e-02
  1.7166585e+00
 -1.5057416e+00
 -3.0554283e-01
 -5.2179179e+00
  1.3545136e-01
  1.5688077e+00
 -8.4742290e-01
  8.1732655e-01
  4.8330607e+00
 -5.6605854e+00
  1.7299510e+00
 -2.6949859e-01
 -9.9606913e-01
 -2.8424144e+00
  2.4161682e+00
 -6.6374320e-01
 -2.4448423e+00
 -5.9178913e-01
 -1.5018461e+00
 -1.3434180e+00
 -1.1055477e+01
 -6.1313305e+00
  6.0096936e+00
  1.2138357e+00
  4.2168570e-01
  4.9548631e+00
 -3.9623361e+00
 -1.0803206e+00
  3.2343667e+00
  6.4612260e+00
 -7.6994753e+00
 -2.4115887e+00
  9.5743351e+00
  1.1265526e+00
  4.3467698e+00
 -2.5102547e-01
 -1.5092863e+00
 -5.5747995e+00
  1.8182865e+00
  9.6400964e-01
 -9.0725046e-01
  4.9513807e+00
  4.6941957e+00
 -4.9836268e+00
  4.1491656e+00
  2.1831734e+00
  1.0694329e+00
 -2.1879461e+00
 -4.5840311e+00
  2.7000921e+00
  1.0032902e+00
 -2.0524962e+00
 -1.4297117e-02
  2.1096916e+00
  2.3614783e+00
 -4.1564748e-01
  3.6744639e-01
 -7.2609729e-01
 -2.3674421e+00
 -2.0366950e+00
  1.9115890e+00
 -1.7834570e+00
  3.2329736e+00
  6.7398834e-01
  1.0641998e+00
  4.5891690e+00
 -1.3295715e+00
  9.3370134e-01
 -1.0971922e+00
 -7.0751828e-01
 -2.8520467e+00
  8.5401374e-01
 -5.2340674e+00
  7.8427255e-01
  7.2995871e-01
 -1.4777124e+00
  1.8225636e+00
 -2.1350305e+00
  4.8818188e+00
  6.7254202e-03
  1.4808453e+00
  6.9246535e+00
  5.8147216e+00
 -1.5239133e+00
  2.4940112e+00
 -5.4285479e-01
 -6.7466817e+00
  2.6847868e+00
  1.2980726e-01
  1.2771931e+00
 -4.2586656e+00
 -3.6361039e+00
  8.1479034e+00
 -7.0562782e+00
 -8.5899839e+00
  1.0584118e+01
  4.1224337e+00
 -1.0600667e+00
 -1.0462280e+01
  5.8100553e+00
 -1.2301793e+00
 -8.2456741e+00
  5.0087242e+00
  2.5468152e+00
  2.0447984e+00
 -1.0928729e+01
 -7.6672611e+00
 -1.7924947e-01
  1.1476683e+01
  5.2349478e-02
  1.8199829e+00
  1.9916414e+00
 -1.7693749e-02
 -9.9435663e+00
 -7.0391738e-01
  3.2849782e+00
 -9.8652334e+00
 -9.1067457e-01
  1.2521023e+00
  6.0435004e+00
  2.8138356e+00
 -2.3074610e+00
 -3.2517564e+00
  4.8607283e+00
  9.2922384e-01
  2.0750062e+00
 -4.6789827e+00
  5.3979545e+00
 -4.8717990e+00
  4.9231720e+00
 -1.6809603e+00
 -2.6957946e+00
 -1.3280315e+01
  7.0214682e+00
 -6.8320799e+00
  1.2277292e+00
 -9.3660374e+00
 -3.2397630e+00
 -1.1649318e+01
  3.9775457e+00
  2.6892003e-01
  1.1647781e+01
 -2.2115030e+00
 -3.9245276e+00
  2.6703100e+00
  1.6424996e+00
  8.0439806e+00
 -4.2169347e+00
 -1.3528460e+01
  3.4355137e+00
 -3.1301556e+00
 -8.9008003e-01
  1.2745179e+00
  2.6890733e+00
  1.6837782e+00
  3.5127756e-01
 -2.5688224e+00
 -7.8381431e-01
  2.3568485e+00
 -6.3844237e+00
  5.6043214e-01
  8.3794842e+00
 -8.6321135e+00
  1.1784228e+00
  2.5674465e+00
 -7.3619121e-01
 -3.4331045e+00
  1.6334978e+01
  4.0845337e+00
 -6.3660808e+00
  2.2960999e+00
  5.0711718e+00
  6.2996330e+00
 -5.4578304e+00
  7.5190151e-01
  1.7067854e+01
 -1.0994915e-01
 -4.3581543e+00
 -1.5683999e+01
  5.9352689e+00
  1.0346922e+01
  3.1310971e+00
  4.8725786e+00
 -2.7286363e-01
  7.9492539e-01
  3.5397813e+00
  8.9252585e-01
 -1.7428765e+00
  2.9343169e+00
 -5.7603621e+00
  7.3588033e+00
  1.4448576e+00
  6.8194503e-01
  2.5037601e+00
 -3.9037981e+00
  1.3519122e-01
 -7.7060527e-01
 -5.2073679e+00
  2.6032045e-01
 -3.7550569e+00
  5.6711087e+00
  9.6828771e-01
  7.7637835e+00
  4.0721726e+00
 -6.0716748e+00
  1.3914098e-01
  2.0504861e+00
  3.6201589e+00
 -4.3920507e+00
  1.4147788e+00
 -2.2834823e+00
  6.7275202e-01
  1.3458471e+01
  8.7973061e+00
 -3.4213426e+00
 -6.3713467e-01
 -3.4980705e+00
  4.1555567e+00
 -4.6973343e+00
 -5.5232015e+00
  3.3641505e+00
  6.4286242e+00
  4.3609490e+00
 -3.4576056e+00
  1.4472888e+00
 -4.1802392e+00
  4.8680487e+00
  5.3162932e-01
  1.4625006e+00
 -3.3529723e+00
  2.0459464e+00
  8.9544815e-01
 -8.8440681e-01
  9.8080339e+00
  1.3674178e+01
 -1.2324378e+00
 -6.9525018e+00
  1.0388861e+01
  2.4052498e+00
  3.4528995e+00
  2.2557106e+00
 -5.1430452e-01
 -2.2204804e+00
 -1.2656355e-01
 -3.0383985e+00
  4.0441079e+00
 -1.3087912e+00
 -6.6556990e-01
  2.2424374e+00
 -3.9950063e+00
 -1.2515736e-01
  3.7964888e+00
 -1.2143154e+00
 -3.0163529e+00
 -1.4228194e+00
  1.9424930e+00
 -9.6004069e-01
  1.6730466e+00
  7.3986351e-01
 -7.8716326e+00
  5.8064844e-02
 -1.3939750e+00
  8.6869812e-01
 -1.1898261e+00
  1.2039475e+00
  1.6338909e+00
  2.4797382e+00
 -4.0956616e+00
 -7.8241330e-01
 -3.0756018e-01
  4.8054758e-01
  4.0130310e+00
  3.1028671e+00
 -1.7674885e+00
 -1.6640668e+00
 -2.4136133e+00
 -2.0375452e+00
 -3.7442663e+00
 -5.5797929e-01
  8.8971605e+00
  2.4562725e-01
 -3.9620486e-01
  1.8834503e+00
 -5.5333680e-01
  4.7477803e+00
 -5.1088886e+00
  9.4766073e+00
 -1.6412944e+00
 -1.8075103e+00
  6.3368326e-01
  3.1684344e+00
  1.0959947e+01
  5.6937232e+00
  3.2632060e+00
  2.5853770e+00
 -1.3169841e+00
 -5.2199202e+00
  1.6438985e+00
 -1.0836637e+01
 -2.0513902e+00
 -5.2905483e+00
 -2.3934687e+01
 -8.4509859e+00
 -7.8903037e-01
 -2.7060587e+00
 -9.9536645e-01
  6.1493154e+00
 -1.3216533e+01
 -1.4325545e+00
  1.1027414e+00
  1.2706404e+01
  3.9250159e+00
  1.2795175e+00
  4.8492489e+00
  6.4695609e-01
  5.9761071e+00
 -1.7472092e+00
  1.9850550e+00
 -5.1027483e-01
 -4.0937800e+00
 -2.1224897e+00
 -1.0880542e+01
 -2.4916205e+00
 -6.9274950e-01
 -6.8150789e-01
 -4.5816350e+00
  2.0101779e+00
 -2.5684254e+00
  9.0858263e-01
 -4.3742924e+00
 -4.9359951e+00
  6.5028152e+00
  8.9003696e+00
  1.8511379e+00
  6.1765852e+00
 -1.7829459e+00
  8.8479334e-01
  7.2444954e+00
 -1.0515701e+01
  5.5368370e-01
  5.4549150e+00
  2.7346652e+00
  1.0472910e+00
 -4.9260516e+00
 -2.7104805e+00
  2.2072816e+00
 -6.1434836e+00
 -2.0507390e+00
  1.0999683e+01
 -1.3724781e+01
 -2.0586395e+00
  1.2117665e+00
  4.2318072e+00
  9.5561469e-01
 -1.3464884e+00
  1.3264517e+00
 -2.0849006e+00
  1.5386145e+01
 -5.8301487e+00
 -8.5452995e+00
  8.0454283e+00
 -7.5040040e+00
  1.9578310e+00
  2.5998303e-01
 -3.6999879e+00
  2.7249677e+00
  2.8106625e+00
  7.8427463e+00
  7.1575222e+00
  2.9161577e+00
  2.4464729e+00
 -1.8396749e+00
  2.6544142e+00
  3.4789026e+00
 -5.2001033e+00
 -7.2651529e+00
  3.1600556e+00
 -8.3698244e+00
  1.0007837e+00
 -4.6773288e-01
  1.3929112e+00
 -8.3952498e-01
 -6.1102972e+00
  6.1170263e+00
  1.5959179e+00
 -2.8952684e+00
 -7.6621497e-01
 -4.1740642e+00
 -3.3104351e+00
 -4.6017227e+00
 -2.4506550e+00
  2.1770954e+00
 -2.4841313e+00
 -5.8196516e+00
 -5.4221940e+00
  3.4995575e+00
  4.3441792e+00
 -5.6478300e+00
 -2.1809137e+00
  9.4169807e-01
 -1.2657434e+01
 -1.9676321e+00
  1.8122997e+00
 -8.4716921e+00
 -8.0711949e-01
  3.9413533e+00
 -9.0896390e-02
  2.0425215e+00
  3.2172070e+00
  1.2844576e+00
 -9.6470904e-01
 -2.6169703e+00
  2.4395719e-01
 -1.8602166e+00
  2.1677487e+00
 -3.3600593e+00
  1.5074953e+00
 -5.9691067e+00
 -3.1252613e+00
 -3.3424699e+00
 -1.5101222e+00
  2.0286468e-01
 -7.0143503e-01
 -9.7271007e-01
 -2.5951741e+00
  2.2984083e+00
 -1.7945688e+00
  1.5333285e+00
  4.5107269e+00
 -5.1624746e+00
 -5.5219698e+00
 -5.4671044e+00
  4.2637305e+00
 -4.4723898e-01
  2.3455772e+00
  4.2235456e+00
  4.8824108e-01
  7.0772696e+00
 -1.2393505e+01
  3.6854386e+00
 -2.9996583e+00
  2.6635923e+00
 -6.3749347e+00
 -5.3824573e+00
  1.9378852e+00
  2.2471399e+00
  1.9683899e+00
  1.5108771e+01
 -5.6325331e+00
 -9.4471273e+00
 -3.9766797e-01
  1.6679643e+00
  1.5339009e+00
  9.8523064e+00
 -5.4681969e-01
  2.2112825e+00
 -8.6339146e-01
 -2.5330250e+00
  3.4853497e-01
  3.6179073e+00
 -9.9819058e-01
  6.0919023e-01
 -1.4765060e+00
 -1.8812743e+00
 -1.3864626e+00
  2.3471014e+00
 -9.5355260e-01
  1.3513187e+00
 -2.8482051e+00
  6.1481643e-01
  3.1719189e+00
 -1.2725530e+00
  6.5447903e+00
 -9.9864378e+00
 -2.7636451e-01
  2.4865444e+00
  3.0088522e+00
 -4.3257403e+00
 -3.1098185e+00
  5.1370258e+00
  1.9732461e+00
 -4.6180615e+00
 -7.6242738e+00
  3.2622857e+00
 -4.7698174e+00
  8.3342262e-02
  1.5014697e+00
 -3.7177501e+00
 -1.8713787e+00
 -1.0624675e+01
 -1.0848372e+01
  2.8743691e+00
  9.5847969e+00
 -3.2555401e-01
 -2.8539863e+00
 -1.9994600e+00
 -8.5304813e+00
  8.9976778e+00
  5.8878698e+00
 -1.0582113e+00
 -6.3704953e-02
 -9.7148949e-01
 -1.4089621e+00
 -1.1685026e+00
  4.2077761e+00
  4.9122682e+00
 -9.4057626e-01
  4.8069805e-01
  1.1921064e+01
 -2.1570258e+00
 -1.1982791e+01
 -8.4743671e+00
  5.2882991e+00
  2.8990779e+00
 -4.6168971e+00
  6.7295021e-01
 -2.0833440e+00
  3.2501903e+00
 -5.6351748e+00
  3.9775190e-01
 -1.0509599e+01
  3.8178189e+00
 -5.3544033e-01
  3.4557464e+00
 -2.4875730e-02
 -4.6586385e+00
 -2.7296333e+00
 -4.3783154e+00
  7.5001073e-01
  2.8796694e+00
  5.8597503e+00
  6.8524451e+00
  2.8180466e+00
 -2.5035334e-03
  6.1840787e+00
 -7.0313916e+00
 -1.4582211e+01
 -3.6516547e+00
  3.1612239e+00
  8.9329262e+00
 -5.1039243e-01
  2.7084949e+00
  1.3259975e+00
 -2.3284569e+00
  2.2994220e+00
  7.6790252e+00
  1.4490309e+00
 -2.5292177e+00
  2.1209438e+00
  2.4922988e+00
  1.7299075e+00
  7.7393025e-01
 -6.4080782e+00
  2.2827837e+00
  1.5723202e+00
 -2.1768637e+01
  1.2041543e-01
  1.1145658e+01
 -4.0297232e+00
 -2.2510238e+00
 -5.5995469e+00
 -3.0419745e+00
  3.2775397e+00
  2.7945781e+00
  1.1889269e+01
  2.6853743e+00
 -2.9764085e+00
  6.0372820e+00
  8.0015354e+00
 -9.5803881e+00
  9.5522553e-01
  2.2772574e+00
 -2.0018575e+00
 -2.6931965e+00
 -2.6477516e+00
 -2.9665108e+00
  2.7081988e+00
  1.0549350e+00
  5.3332216e-01
  8.6874828e+00
  7.5168719e+00
  9.1426432e-01
 -8.3583078e+00
  5.1676369e-01
 -7.8551948e-01
 -4.9000802e+00
 -2.4560187e+00
  1.7849215e+00
  4.9611044e+00
 -2.4813905e+00
  5.0009360e+00
 -8.8291979e+00
  1.4677357e+01
 -1.6888870e+01
 -2.7375028e+00
 -6.1961131e+00
 -1.2885031e+00
  6.2899184e+00
 -9.0689936e+00
 -3.9384942e+00
  1.8984017e+00
 -1.8812826e+00
  1.0666060e+00
 -4.9193563e+00
 -4.0765405e-01
 -3.8488035e+00
  5.2440772e+00
 -1.0528353e+00
 -4.3663898e+00
 -2.7280760e+00
  2.4872649e+00
  8.9198357e-01
  2.1115448e+00
 -2.8250682e+00
  1.7933778e+00
 -1.8942015e+00
  9.5567093e+00
  2.4858770e+00
  2.5354638e+00
  5.4774537e+00
  1.2204728e+00
 -1.9987348e+00
 -6.4343703e-01
  1.5892905e+00
 -5.4854584e+00
  8.5940332e+00
 -4.9851489e+00
  5.3448963e+00
 -9.7822249e-01
 -2.9890697e+00
  3.2136316e+00
 -2.5372881e-01
  1.1490643e+01
 -2.5198216e+00
 -5.7007899e+00
 -1.0907605e+00
 -2.2856061e+00
 -5.3215303e+00
 -6.6123219e+00
 -9.0726271e+00
  9.3786020e+00
  4.8816137e+00
  5.1731501e+00
 -6.9373530e-01
  1.2747063e+01
 -2.1501245e+00
  1.0349114e+00
  9.0302916e+00
 -2.6809597e+00
 -2.7017360e+00
  5.3872328e+00
 -1.8666102e+00
  5.7076030e+00
 -1.5796227e+00
  5.4032016e+00
  6.2803048e-01
 -3.7343698e+00
 -6.2304020e+00
  5.5688953e+00
  1.3135571e+00
 -6.0213385e+00
  1.0660647e+00
 -4.4185891e+00
  1.0483144e+01
 -6.3142262e+00
 -1.0182266e+00
 -1.7566611e+00
  1.0913036e+01
 -6.0041428e-01
 -2.0978928e+00
  3.8629677e+00
  2.9918869e+00
 -7.2938401e-01
 -3.5423722e+00
  8.2951794e+00
  4.8483310e+00
  8.0842867e+00
  1.3490733e+00
  7.2360001e+00
  7.4340959e+00
 -4.2586961e+00
 -8.0987062e+00
 -1.9940939e+00
 -2.4665914e+00
  1.3602798e+00
 -7.0559692e+00
  2.1052117e+00
  2.1087754e+00
  3.2796471e+00
 -5.1168489e+00
 -8.2415509e-01
  7.5296271e-01
 -1.6113201e+00
  8.4793730e+00
  1.6125540e+00
 -2.5932066e+00
 -7.8296151e+00
  3.8965479e-01
  4.9736228e+00
 -2.6687047e+00
 -2.5163028e+00
 -2.9884334e+00
  1.7204592e+01
  2.9593356e+00
 -6.4953966e+00
 -3.4756258e+00
 -8.3627005e+00
  9.5983152e+00
 -4.5027704e+00
  1.1159873e-01
  9.4935656e+00
  3.3711421e-01
 -1.6151608e+00
  2.7157259e+00
  2.6371077e-01
  9.7412519e-02
  1.8790514e+00
  3.6474454e+00
 -2.1949966e+00
 -5.5103207e+00
 -2.1217232e+00
 -3.1352665e+00
 -6.9080037e-01
 -1.0811477e+01
  1.6879990e+01
  2.6862741e+00
 -7.0005196e-01
  4.3075523e+00
 -7.4126344e+00
  2.0324388e+00
 -2.9972050e+00
 -1.8072894e+00
  3.8269188e+00
 -1.8399919e+00
  2.8622553e+00
  1.1051865e+00
 -7.2303426e-01
 -6.5628901e+00
 -2.3717694e+00
 -5.2844357e+00
 -3.3121800e+00
  4.3575997e+00
  1.2983539e+00
  2.1719331e-01
 -1.2372225e+01
 -1.8197569e+01
 -3.5283472e-02
 -4.8069391e+00
  3.4184510e-01
  1.0935785e+00
 -6.6489000e+00
 -1.2683195e+01
  4.6502066e+00
 -3.8026559e+00
 -5.4749990e+00
  5.4999423e+00
 -4.4328499e+00
  5.2720571e+00
  4.5862951e+00
 -2.8388972e+00
  1.5342757e+00
  1.0338080e-01
  4.9277696e-01
  9.6709996e-02
  1.3579049e+00
 -3.0556679e-01
  4.5755625e-01
  5.8904791e-01
  1.5372901e+00
  1.5595782e-01
 -1.0858875e-01
  4.9971128e-01
  2.1332009e-01
  1.0902737e+00
 -9.3832952e-01
 -1.0110877e+00
  4.1254795e-01
  6.4262414e-01
  1.6404394e+00
  6.2769413e-01
 -2.1869826e-01
  1.2155641e+00
  1.5836334e+00
 -2.4551139e+00
  4.1607581e-02
 -1.9680700e-01
 -8.9934152e-01
  5.0936146e+00
 -4.1582939e-01
  1.4569817e+00
 -2.8360622e+00
  1.0062352e+00
  2.5558131e+00
  7.6332009e-01
  1.3702543e+00
 -2.8418607e-01
  1.2520866e+00
 -2.7538855e+00
 -1.7793313e+00
 -2.5329835e+00
  3.2337656e+00
 -2.2021082e-01
  6.3586087e+00
  5.5513401e+00
 -4.3952167e-01
 -1.3032507e+00
  1.3740386e+00
  1.6331176e-01
 -2.0963278e+00
  6.0252218e+00
  3.1706090e+00
 -1.6990911e+00
 -5.3975430e+00
 -4.1304700e-02
 -1.6402081e+00
  4.2210140e+00
 -3.9101734e+00
  2.2705425e-01
 -1.1683592e+00
  2.1205654e+00
  1.6809876e+00
 -5.0857764e-01
 -2.0358694e+00
  3.6345124e+00
 -1.7212110e+00
 -2.1386147e+00
  2.5507510e-02
 -8.1586808e-01
 -4.4030249e-01
  3.0827153e+00
 -1.6045732e+00
 -2.2675035e+00
 -4.4863110e+00
  2.7610433e+00
  1.8641123e+00
  3.3662870e+00
 -1.1395086e+00
 -1.3505306e+00
  4.6715226e+00
 -1.7193599e+00
  8.2466143e-01
  3.0014548e+00
 -2.6296606e+00
  4.1457605e+00
  5.7908249e+00
  5.6280404e-01
 -7.0055037e+00
  5.9853518e-01
  2.0927565e+00
 -5.8102679e+00
  3.1407433e+00
 -4.7041602e+00
 -8.3531084e+00
  1.0159223e+00
 -3.1043811e+00
 -6.2143440e+00
 -5.2955718e+00
 -2.6077099e+00
 -2.3629487e+00
 -9.5446148e+00
  3.6633844e+00
  5.9536166e-02
  2.2345207e+01
  3.8313150e+00
  1.8182893e+00
 -7.7519445e+00
  4.1344032e-01
  5.4380903e+00
  7.7864093e-01
  5.3894978e+00
 -4.7063670e+00
 -1.3986611e+00
 -5.7926214e-01
 -3.5580616e+00
  4.5749946e+00
 -3.2081892e+00
  7.4818075e-01
  3.8085930e+00
  1.3436594e+01
  1.7821192e+00
  1.6504725e+00
 -4.1426415e+00
  1.5435122e+01
 -3.0484371e+00
 -1.0938171e+01
  4.9828901e+00
  1.3254259e+00
  2.9060600e+00
 -2.2016330e+00
  9.2247647e-01
 -2.0553264e-01
 -1.0273701e+00
 -1.0382167e+00
 -7.3194265e+00
 -3.9244878e+00
 -3.2601945e+00
 -1.0630634e+01
  2.4358582e+00
  7.0511174e+00
  4.9013062e+00
 -8.2864761e+00
 -1.6273394e+00
 -8.7381334e+00
  1.6393036e+00
 -3.2371306e-01
  6.1944051e+00
  9.8175831e+00
 -5.8120589e+00
  3.4538236e+00
 -3.2897469e-01
  3.1475232e+00
  4.8095288e+00
  3.9863634e+00
 -2.5600865e+00
  2.6592772e+00
  1.1857155e+01
  1.5811267e+00
 -2.0336475e+00
  3.4557440e+00
  4.4873527e-01
 -4.3087788e+00
  9.1214428e+00
 -2.1201575e+00
 -4.3293877e+00
  3.1788247e+00
  1.8270061e+00
 -4.3417559e+00
 -4.1534920e+00
 -1.6134787e+00
 -3.4770107e+00
 -3.7889199e+00
 -4.6217260e+00
  6.7093940e+00
  4.4184275e+00
  8.1051359e+00
 -1.1774302e+00
 -3.3895597e-01
  2.0343022e-01
  2.8052950e+00
  1.7016424e-01
 -3.0876617e+00
 -2.2719727e+00
  1.1294005e+01
 -1.4040121e+00
 -2.3920524e+00
  4.6934393e-01
 -1.6370894e-01
 -5.3154826e+00
 -2.1264307e-01
  1.1346577e+00
  2.4917979e+00
 -3.0972486e+00
 -7.3029957e+00
  8.8314247e+00
  2.8411455e+00
 -2.5979400e-01
  2.1789813e+00
  9.4354992e+00
 -9.7873759e-01
 -6.9056606e-01
 -9.5716840e-01
  3.6610454e-01
  8.3409107e-01
 -7.6862013e-01
 -4.2500396e+00
  3.3215945e+00
  3.8408926e-01
  5.4039860e-01
 -6.8300265e-01
 -9.2472404e-01
 -7.2569799e-01
  1.3933932e+00
 -1.5419863e+00
 -8.8601537e-02
  1.7294990e-01
 -3.2114234e-02
 -2.1512835e+00
  1.3511158e+00
 -2.2011869e-01
  2.1743853e-01
  2.1298959e+00
  7.5320065e-01
 -4.4832802e-01
 -7.6564527e-01
  2.1294541e+00
 -1.7871908e+00
  3.1788003e+00
  2.5674278e-01
  2.7656221e-01
 -2.6426210e+00
  2.4681385e+00
  3.7506082e+00
 -4.3874578e+00
  3.0418875e+00
 -2.6139271e-01
  3.9527540e+00
  6.4474988e-01
  3.8770013e+00
 -1.4893838e+00
 -4.6925015e+00
 -6.2862962e-01
  4.2157906e-01
 -2.1155188e+00
 -2.0511303e+00
  3.2749848e+00
  1.6748593e+00
  3.1572261e+00
  3.5367482e+00
 -3.2164640e+00
  5.4275298e-01
  1.0299368e+00
  2.2894638e+00
 -7.6463485e+00
  5.4765692e+00
  2.9019237e-01
  2.5419652e-01
  3.5766160e+00
 -7.3182620e-02
 -3.1481805e+00
 -3.9226544e+00
  3.1172724e+00
 -7.0635331e-01
  2.1982634e+00
 -1.1813246e+00
 -8.9305353e-01
  6.7477489e-01
 -4.6873638e-01
 -3.3899004e+00
  1.2957070e+00
 -1.0578226e+00
 -1.8940756e+00
 -2.7789399e-01
  1.6552374e+00
  2.7092617e+00
 -5.6867728e+00
 -6.4457113e-01
 -2.7526188e+00
 -3.0017692e-01
 -1.7100048e+00
 -1.8226445e+00
  5.5350697e-01
 -2.4024166e-01
 -3.3150649e+00
 -1.0206275e+01
  5.0669475e+00
 -2.4984750e-01
  1.4900076e+01
  7.9733700e-01
 -8.4890795e+00
 -1.4183469e+00
  4.5365167e+00
  1.7088736e+01
  1.0989937e+01
  1.2966622e+00
 -4.6004052e+00
 -1.7553965e+00
  9.6352172e-01
  1.5874026e+00
 -2.4144049e+00
  6.5707030e+00
  4.8330865e+00
  5.9574199e+00
 -1.8253785e+00
 -1.5648339e+00
 -5.4600054e-01
  1.0381725e-01
  1.6752292e+00
 -2.4210534e+00
  1.6384361e+00
 -1.7730080e+00
  1.9005486e-01
  1.4498496e-01
 -3.9129972e-01
 -7.1704143e-01
  2.0200903e+00
  4.4897461e+00
 -3.3544260e-01
 -4.7697306e+00
  1.5318948e+00
 -5.1083293e+00
  3.8322787e+00
  4.1147552e+00
 -4.3704052e+00
  1.5269477e+00
  8.2203466e-01
 -5.6670957e+00
  1.4738957e+00
  5.3745599e+00
 -1.0715519e+01
  3.6605918e+00
  6.3995326e-01
  2.9984195e+00
  5.7955700e-01
  4.7716492e-01
  2.7782178e+00
 -9.4191957e-01
 -2.2791409e+00
 -1.2022968e+01
 -1.6374389e+00
 -1.7326674e+00
 -3.4452944e+00
 -7.1833868e+00
  8.2516778e-01
  9.1450710e+00
 -1.0145473e+00
 -4.1296642e-02
 -2.5235894e+00
  2.1131766e+00
 -6.0561091e-01
  1.8796761e+00
  9.9407965e-01
  9.5420666e+00
  9.1357107e+00
  2.0635433e+00
  3.4305818e+00
  2.2919011e+00
  8.7806740e+00
 -7.7174702e+00
  3.8506105e+00
 -4.3384585e-01
  3.4809706e-01
  9.1287804e-01
  2.8956431e-01
 -1.2249816e-01
  2.6922233e+00
 -4.2238412e+00
 -2.9103673e+00
  7.0537543e-01
  9.4029719e-01
  3.9140645e-01
  1.1496264e-02
 -1.3709768e+00
  2.3619494e+00
  2.4259250e+00
  6.5724170e-01
  1.1010650e+00
 -1.5752268e-01
 -1.1064790e+00
  3.2825091e-01
 -2.5148591e-02
 -7.4720736e+00
 -6.9744468e-01
  2.3306806e+00
  8.6704779e+00
  7.9133825e+00
  8.6011404e-01
  4.4728279e+00
 -6.0347152e+00
  3.8214741e+00
 -1.0573773e+00
  1.1760810e+01
  1.0545788e+01
 -8.2979238e-01
  1.6545370e+01
 -1.7194353e+01
 -1.3606490e-01
 -4.7398138e+00
  7.1362591e+00
  1.6930679e+00
  1.6488557e-01
  3.0361490e+00
  4.7133430e+01
  5.1917130e-01
 -4.2767701e+00
  6.2760162e+00
  1.2839897e+01
 -3.2397442e+00
 -3.3903358e+00
  1.4786000e+00
 -4.3593268e+00
  1.0689672e+00
 -5.5152535e-01
 -7.1690741e+00
  1.4985540e+00
  4.1712710e-01
  1.7730131e+00
  1.8891994e+00
 -6.6928277e+00
  4.7719115e-01
  5.0463123e+00
  1.4493687e+00
 -1.0113453e+01
 -7.2770768e-01
 -1.7840137e+00
 -2.1404128e+00
  5.7659817e-01
  3.2504341e-01
  2.3943243e+00
 -7.3732514e+00
  5.6000674e-01
  5.3929049e-01
 -1.7029591e+00
 -1.4530311e+00
  1.3656390e+00
  1.7376094e+00
 -6.7046180e+00
 -2.5056204e-01
  7.9202366e+00
 -4.2229156e+00
  1.6662224e+01
 -7.2124166e+00
 -6.8194234e-01
 -1.0807957e+01
  7.4139029e-01
  1.3592249e+01
  1.6922339e+00
  1.6079336e+00
  5.3454475e+00
  5.6624513e+00
  2.6885450e+00
 -6.2176995e-02
 -2.2410752e-01
  2.4850106e+00
  1.6962097e+00
 -7.2396197e+00
  5.7287478e+00
 -1.5210081e+00
 -7.1030149e+00
 -3.3847854e+00
  4.4987950e+00
 -1.7047640e+00
  2.7794988e+00
  3.7332442e-01
 -5.9444946e-01
  1.2123705e+00
  8.1315857e-01
 -3.1488371e+00
 -1.1138176e+00
 -1.7570070e+00
  9.5273070e-02
 -2.8515635e+00
  1.1208524e+00
  1.5388430e+00
 -1.1515834e+00
 -2.4827561e+00
  1.4207833e-01
  1.2649342e-01
 -2.1454897e+00
  8.9006704e-01
  4.4206887e-01
 -7.1630770e-01
 -3.7219412e+00
 -1.1018873e+00
 -9.9046099e-01
 -2.2127879e+00
  1.2156098e+00
  8.6949565e-02
  5.8013391e-01
 -7.7154088e+00
 -5.7273465e-01
 -9.3911858e+00
 -2.2741086e+00
 -2.0831754e+00
  4.3247862e+00
  8.0532436e+00
 -7.3961554e+00
  1.1740063e+00
  1.4881332e+00
 -1.1274393e+00
  3.1532452e-01
  5.4078178e+00
  2.1695597e+00
 -5.1642332e+00
 -2.2753260e+00
  8.4962356e-01
  2.8377023e+00
 -4.8236589e+00
 -7.9476767e+00
  5.7150660e+00
 -2.8214654e-01
 -4.5241480e+00
 -3.8094847e+00
 -1.5748882e-01
  3.1093838e+00
  1.0335537e+00
  2.0608611e-01
  5.5724752e-01
  4.9729662e+00
 -1.2592351e+00
  4.9589605e+00
  6.8342350e-02
  1.5459725e+00
 -2.8183596e+00
 -1.7897348e+00
  1.4386996e+00
 -1.2539620e+00
 -1.3492179e+00
  7.5470692e-01
  3.2961671e+00
 -2.0539327e+00
  2.0783408e+00
 -3.1649899e+00
 -1.7428085e-01
  1.3779328e+00
  1.4139482e+00
  3.3091023e+00
  1.8705453e+00
 -6.2151971e+00
 -5.0588336e+00
 -3.4238369e+00
  9.9943215e-01
  9.6385202e+00
  4.9830661e+00
  7.0029254e+00
 -3.9581301e+00
  3.7382786e+00
 -5.5577121e+00
 -2.4284797e+00
 -1.3058324e+00
 -3.6727977e+00
  2.7232525e-01
  9.4844770e-01
 -5.9210029e+00
  2.0495985e+00
  3.7793086e+00
 -2.2831741e-01
  2.4355259e+00
  6.8312984e+00
  4.6209998e+00
  2.9219273e-01
  2.3657467e+00
 -1.2357000e+00
 -6.4118218e+00
 -2.3181274e+00
  8.5987043e+00
  2.6465726e-01
  1.1046180e+00
 -6.3954673e+00
 -6.1759229e+00
  1.2292984e+00
  2.0857067e+00
 -7.5153077e-01
  3.0991668e-01
  5.8332362e+00
  4.4564352e+00
  5.6985993e+00
 -1.3541317e+01
  3.0313966e+00
  5.1803355e+00
 -9.4140377e+00
 -4.2738471e+00
 -1.1718479e+01
  2.1790600e+00
  3.4774172e+00
 -3.4916148e-01
 -8.2451744e+00
  3.9193141e+00
 -8.5209697e-01
 -8.9993298e-01
 -1.0221043e+01
 -7.6482077e+00
 -9.6150770e+00
  1.3503959e-02
  5.8342695e+00
  2.4645965e+00
 -1.2715319e+00
 -6.7064452e+00
  1.1407375e+01
  2.0848706e+00
 -5.8897347e+00
  1.1641394e-02
  7.2211332e+00
  2.9917576e+00
 -9.0097332e+00
  1.6070734e-01
 -4.8581040e-01
  7.8974771e+00
 -4.6890602e+00
  7.3398107e-01
  1.1678836e+00
 -4.7228155e+00
 -4.0952001e+00
 -5.9591212e+00
  1.2183607e+00
 -9.9837809e+00
  1.9691792e+00
 -5.4015160e+00
  1.9429222e+00
 -1.0095671e+01
  1.3753927e+00
 -1.4705483e+00
 -3.7603493e+00
  2.4672627e+00
  3.9782183e+00
 -4.6771210e-01
 -9.5625725e+00
  5.1223836e+00
 -1.9833648e+00
 -3.7302201e+00
  2.8920343e+00
 -3.4551039e+00
 -5.5301819e+00
 -9.4055647e-01
  2.9140608e+00
 -2.0759571e+01
 -9.6440423e-01
  2.5679505e+00
  2.7422905e+00
 -4.9370356e+00
 -2.3302670e+00
  7.1065817e+00
 -9.8202715e+00
 -2.8537991e+00
  7.0662184e+00
 -6.7369485e-01
  3.6611273e+00
 -1.1242747e+00
  6.4679003e+00
 -1.2683686e+00
 -4.3935418e+00
 -2.1733627e+00
  5.6642742e+00
  6.3238750e+00
 -4.2896848e-02
 -4.2703247e+00
  6.9813714e+00
 -7.8639501e-01
 -6.3626733e+00
 -6.4972501e+00
 -9.4575858e-01
  7.1957555e+00
 -9.6642703e-01
 -1.3553169e+00
 -9.9067503e-01
 -1.3929768e+00
 -1.5323602e+00
 -3.2618701e+00
  1.4953046e+00
  8.3842808e-01
 -2.1829796e+00
  2.6039605e+00
 -2.9017150e+00
 -7.8758574e-01
  1.5500644e+00
 -9.0205979e-01
  5.1332870e+00
 -7.2277480e-01
  9.8189151e-01
 -7.0619721e+00
  1.4871547e+00
 -2.5031576e+00
 -1.7290637e+00
  1.6444983e+00
  6.9749870e+00
  2.6532180e+00
  3.2229471e+00
  2.9344139e+00
 -1.0558103e+00
 -9.5940647e+00
 -1.8841870e+00
  6.9581690e+00
  4.6779677e-01
 -5.1049347e+00
 -3.0949204e+00
  4.0309215e+00
 -3.8404987e+00
 -2.0054064e+00
 -4.1862793e+00
 -4.5480318e+00
 -1.6597368e-01
  7.2992496e+00
 -4.7623771e-01
 -1.6836594e+00
  1.4943004e+00
  4.4395318e+00
 -1.0476533e+00
  3.6730030e+00
  3.6805454e-01
  6.6658968e-01
  5.1407032e+00
  4.1285610e+00
  1.3615066e+00
  1.7932889e+00
  9.3343192e-01
  5.3144135e+00
  8.4263444e-01
 -4.3553290e+00
 -5.2405429e+00
  3.0123274e+00
 -1.9134207e-01
 -1.5297141e+00
  9.4018728e-01
  1.1827376e+00
 -1.9612881e+00
  5.6324419e-02
 -5.7270104e-01
 -1.3849112e+00
 -3.4263918e-01
  2.3721135e+00
  1.1931568e+00
 -3.0421071e+00
 -3.2708019e-01
  8.5840054e-02
  7.3653555e-01
  2.4558432e-01
 -1.0238401e+00
  4.3462914e-01
  3.0183232e-01
 -7.6540351e-01
 -6.8819478e-02
  6.3326389e-01
  6.7744267e-01
 -1.3986626e-01
 -1.4947660e-01
 -3.9336845e-01
 -1.6821400e+00
  5.8897150e-01
 -7.8430228e-02
 -3.3096379e-01
  4.4835424e-01
 -3.9729762e-01
  2.8326824e+00
  3.7150830e-01
 -2.9100093e-01
 -4.5748481e-01
  1.6475744e+00
  3.5780242e-01
  2.6209464e+00
  9.8944670e-01
 -1.5346044e+00
  5.4988056e-01
  8.1806117e-01
 -4.9815810e-01
  2.9939952e-01
  1.0841924e+00
 -8.7220043e-01
  3.5944375e-01
  2.5303652e+00
  1.3366984e+00
 -1.3304864e+00
  9.1677761e-01
  5.2360994e-01
 -8.2544464e-01
 -7.6527560e-01
  2.4059637e-01
 -7.6175535e-01
  3.4593147e-01
  1.4401053e+00
 -1.0688701e-01
 -1.1502251e-01
 -3.1621766e-01
 -7.1382475e-01
  7.0142204e-01
 -8.0160123e-01
  9.8016014e+00
  2.9797866e+00
  1.4900695e-01
  4.2664963e-01
  1.9112202e+00
  1.1761829e-03
  2.1356461e+00
  9.8365054e-02
 -1.7752173e+00
 -1.7186284e+00
 -6.1522895e-01
 -2.2982957e+00
  2.5044167e+00
  3.9822729e+00
 -7.5305798e-03
 -9.4352555e-01
 -5.8731705e-01
 -4.5210223e+00
  3.2299602e+00
  1.6706645e+00
 -1.3937997e+00
 -5.9446387e+00
  1.8699874e+00
  3.6744814e+00
  1.3675426e+00
  1.0320569e+00
  2.2128165e-01
 -1.1216950e+00
  3.5272069e+00
 -3.8092597e+00
 -1.6681948e+00
 -2.0380893e+00
  6.0031217e-01
  1.2885987e+00
 -4.9488671e-02
 -5.5430728e-01
 -1.8115299e+00
 -4.7477446e+00
 -1.9592677e+00
  1.1662669e+00
 -3.2901375e+00
  2.3649484e-01
 -1.4824344e+00
  1.5737722e+00
 -2.5009966e+00
 -1.6936553e+00
  2.1210916e+00
  4.4208940e-02
 -9.0727746e-01
  3.3615291e+00
 -4.6372181e-01
 -4.2028472e-01
 -9.2507325e-02
 -6.2631118e-01
  1.5787381e+00
 -2.5094169e-01
 -2.8745994e-01
 -4.7658696e+00
  2.2906127e+00
 -3.4832661e+00
 -1.4226265e+00
  3.7515068e-01
 -7.8190207e-02
 -4.1254199e-01
 -2.8645947e+00
  7.5336531e-02
 -2.3286428e+00
 -2.8541902e-01
  3.8529903e-01
 -3.7590995e+00
  2.8170006e+00
 -1.0349872e+00
  3.6956987e+00
 -1.9861860e+00
  7.6682979e-01
 -4.5396498e-01
 -9.4866860e-01
  2.5055628e+00
 -1.0563787e+00
 -6.6176450e-01
  3.5567930e+00
 -1.4417397e+00
 -2.3750203e+00
  1.9197268e+00
  9.0796125e-01
 -1.0297934e+00
  7.9461449e-01
  1.1269157e+00
 -4.2979136e-01
  1.2151613e+00
  3.8125691e-01
  7.4009156e-01
  8.5569984e-01
  4.0797091e+00
 -3.3322837e-02
 -6.8967605e-01
  1.7357312e+00
  2.0809603e+00
 -1.4338934e-01
  1.6054583e+00
 -6.5753120e-01
 -5.5473369e-01
  5.3468359e-01
  6.2312758e-01
 -1.6777828e+00
 -1.2375546e+00
 -3.7361205e-02
  3.5633049e+00
 -1.3194866e+00
  1.8765626e+00
 -4.3090868e+00
 -2.5039055e+00
 -1.5966760e+00
 -7.4454182e-01
 -2.4747624e+00
 -2.9958637e+00
  3.6913821e-01
 -9.4729143e-01
 -1.2569976e+00
 -5.6575499e-02
  9.3710631e-01
  3.5512474e+00
 -2.1966622e+00
 -5.6130475e-01
 -8.0451488e-01
 -2.3103914e+00
 -8.4159118e-01
  1.1672037e+00
  2.3563772e-01
 -3.5227937e-01
 -8.5564679e-01
 -1.1812537e+00
 -3.3452578e+00
  1.7090261e-03
  3.0836625e+00
  2.0190775e+00
  6.8273306e-01
  1.7402043e+00
 -1.6573491e+00
 -1.1419439e+00
  5.8702487e-01
 -1.1592258e-01
 -4.5288167e+00
 -5.1353631e+00
  6.1100858e-01
  7.0782268e-01
 -1.1449621e+00
 -1.1062521e+00
 -1.7512478e+00
  1.1204748e+00
 -7.9101413e-02
 -1.3746521e+00
 -1.6467337e-01
 -4.5773058e+00
 -1.7536908e+00
  5.7009602e-01
  1.6089219e+00
 -9.7184122e-01
 -2.3890398e+00
 -4.6865353e-01
 -6.7148203e-01
 -6.3349909e-01
 -1.3521822e-01
 -1.8917099e+00
  4.7523150e+00
 -3.0792902e+00
 -1.6700273e+00
 -1.5269690e+00
  1.8027025e+00
  1.4415424e+00
  9.8195356e-01
 -2.6324544e+00
 -2.2909963e+00
  7.0561094e+00
  2.2200181e+00
  2.4083812e+00
  6.8822014e-01
  6.9078908e+00
  1.2317854e+00
  2.1325407e+00
  9.3918353e-01
  5.2333097e+00
  1.8934592e+00
  3.9353786e+00
  1.6711144e+00
 -8.3983622e-02
 -3.8264719e-01
  4.0280318e-01
  3.0004650e-01
  5.4248166e-01
  9.6687627e-01
 -2.2865571e-01
 -7.2782159e-01
 -1.7726026e+00
  1.7759140e+00
 -6.1753625e-01
  2.4851441e+00
 -2.0404372e+00
  1.6711006e+00
  1.4315921e+00
  4.8945636e-01
 -4.2716761e+00
  1.3272417e-01
 -7.3425609e-01
 -1.1133956e+00
  1.9076774e-01
  6.7216402e-01
 -9.8475200e-01
 -9.5994639e-01
  1.4151425e+00
  1.5874342e+00
 -6.2565488e-01
 -1.5208262e+00
 -2.2359893e+00
 -1.6688780e-01
 -2.9492669e+00
 -4.1125546e+00
 -1.4067065e+00
 -2.6382405e-01
 -3.1771762e+00
  1.1370975e+00
 -1.1424438e+00
  8.8648242e-01
  1.6253036e-01
 -9.8715305e-01
 -6.0607972e+00
 -4.0990090e+00
  5.8166420e-01
 -5.4851961e-01
  2.3529003e+00
 -8.5522908e-01
  1.4036739e-01
  7.3456424e-01
 -6.7269221e-02
 -2.1091034e+00
  1.0448064e+00
  2.2778819e+00
  5.2361208e-01
  1.5659128e+00
  2.0276980e+00
 -3.6131054e-01
 -3.8709524e+00
  6.5587622e-01
 -9.5363265e-01
 -2.9662719e-01
 -8.9919284e-02
 -1.7922446e+00
 -2.9735942e+00
  6.0880947e-01
 -1.0111203e+00
 -2.1453502e+00
  2.4700475e+00
 -4.9828058e-01
  1.5443860e-01
 -1.8494774e+00
  2.4852329e-01
 -1.9019393e+00
 -3.2071905e+00
 -1.2662489e+00
  1.1740597e+00
 -2.6411858e+00
  2.3760712e+00
 -4.1828534e-01
  9.3877949e-02
  1.5087440e+00
 -5.8464942e+00
 -1.1343255e+00
 -1.8762397e+00
  1.2110686e+00
 -1.8760887e-01
 -7.5839716e-01
  8.2493520e-01
  4.7650332e+00
  8.6276954e-01
  1.0417365e+00
  1.2820507e+00
  3.7122684e+00
  2.8536248e-01
 -3.0891669e+00
 -2.1221180e+00
  2.0152922e+00
 -1.5225538e+00
  1.2129626e+00
  2.3099856e+00
  1.1233979e+00
  1.6780554e-01
  3.1007259e+00
 -1.5392952e+00
 -1.7432836e+00
 -2.3928816e+00
 -3.6518099e+00
 -1.9986550e+00
  4.7039673e-01
  7.7060141e-02
  1.0501790e-01
 -2.6124325e-01
  1.8284888e+00
  2.2371860e+00
 -4.2162955e-01
  3.4552893e-01
  9.1284341e-01
  1.6040515e+00
  1.7178119e+00
 -4.0447670e-01
  2.4324746e+00
  2.8915436e+00
 -7.4889487e-01
  3.1982877e+00
  2.6149871e-03
  2.4304445e+00
  6.1935198e-01
  3.7900886e-01
  6.9692194e-01
  3.8182717e-02
  1.3173747e+00
  5.2914470e-01
 -3.4047464e-01
 -2.8648317e+00
 -2.9797707e+00
  5.1936626e+00
  1.7572491e+00
 -2.2851799e+00
 -7.8388226e-01
 -7.2362423e-01
  1.7486738e+00
 -2.6982071e+00
  7.4399942e-01
 -3.4087718e+00
  4.8656714e-01
  1.5257130e+00
  4.1821611e-01
  1.6132812e+00
 -4.1898057e-01
  5.9898090e-01
 -2.4899628e+00
  3.1628466e+00
 -1.5985494e+00
  3.4828932e+00
 -3.6110899e-01
  1.7579770e+00
  1.0501624e-01
 -5.3041273e-01
  3.8954206e+00
 -3.2907242e-01
  1.5291201e+00
  6.5173107e-01
 -1.8479153e+00
  1.8464197e+00
  4.9774364e-01
  2.3625076e-01
  3.3204532e+00
  8.5948718e-01
  1.1959300e+00
  3.4697883e+00
 -4.7679639e-01
 -1.0918030e+00
  1.3065990e+00
  5.6012428e-01
  4.7421056e-01
 -2.0735924e+00
 -2.0861346e-01
  8.9324492e-01
  1.7109057e-01
 -1.3853472e+00
 -1.8738170e+00
  1.7512470e+00
  3.1212884e-01
 -8.6901778e-01
 -4.9889189e-01
 -2.0954328e+00
 -9.6900666e-01
 -9.7589684e-01
  3.5586038e+00
  3.5587895e-01
  1.7618425e-01
  2.1933048e+00
  2.6402493e+00
  2.4887033e+00
  1.9974567e-01
 -5.4718703e-01
 -2.2204313e-01
  5.6458181e-01
 -5.2475238e+00
 -6.2649459e-01
 -3.1815283e+00
  2.9980692e-03
  3.4092636e+00
 -1.1652814e+00
  1.6089404e+00
 -4.9433589e-01
 -4.4462344e-01
  1.4306663e-01
 -1.3173093e-01
  1.0898542e+00
 -1.2545831e+00
  1.1925181e+00
 -2.2427478e+00
  1.6303008e+00
  2.4657776e+00
  1.3212296e-04
 -1.0834292e+00
  2.2853153e+00
 -1.1840128e+00
 -1.8372036e+00
  1.2039331e+00
 -1.5160297e+00
  2.7962990e+00
  1.8091586e-01
 -7.2970572e-03
 -5.2169856e-02
  3.9521062e-01
  7.8453046e-01
 -1.2845753e+00
 -6.8627238e-01
 -6.6613406e-01
  5.4475492e-01
 -8.4088176e-01
 -1.4829514e+00
  3.7220889e-01
  3.3309045e-01
 -3.1292662e-01
  9.7227615e-01
  8.6861175e-01
 -2.2623904e+00
  3.2751901e+00
  3.5674512e+00
 -5.0269324e-01
  5.2513367e-01
  9.3471572e-02
 -1.8491242e+00
 -1.1415961e+00
 -1.6935934e+00
  9.4165111e-01
  2.5635877e+00
 -4.0459304e+00
  2.6490371e+00
  3.1681106e+00
 -1.7829452e+00
  8.5718429e-01
 -2.1681314e+00
  1.8384222e+00
 -9.9856347e-01
 -1.2797368e+00
  1.3499634e+00
 -4.7774803e-02
  2.6057878e+00
 -2.3436260e+00
  8.1737137e-01
 -2.5369468e+00
 -6.1198956e-01
 -3.0653708e+00
  1.8772436e+00
 -7.4706927e-02
  1.6640112e+00
  1.0272287e+00
 -1.5624968e+00
  7.6053017e-01
  1.4479806e-01
  2.8812931e+00
 -3.0636385e-01
 -5.8016706e-01
  3.4595551e+00
 -1.7528878e+00
  1.1851587e+00
 -1.9901888e+00
 -3.2140551e+00
 -3.2595026e+00
  2.6770504e+00
 -2.5334055e+00
  1.3642231e+00
  9.7864795e-01
 -1.3209281e+00
  3.5951668e-01
  2.7203341e+00
  2.5419354e+00
  2.9526961e+00
 -4.9186049e+00
 -1.6460379e+00
  1.6449902e+00
  4.6531982e+00
  1.8762115e+00
  6.6397494e-01
  3.5543159e-01
  2.6495552e+00
  4.3715993e-01
 -1.0530379e+00
  9.2145413e-02
 -6.0785168e-01
  1.1563730e-01
  2.1042565e-01
 -2.1965988e+00
 -8.2420498e-01
 -1.4718939e+00
 -2.1052861e+00
 -4.6810210e-01
 -6.8012714e-01
 -4.8768443e-01
 -2.8765258e-01
  1.2498298e+00
 -5.0034219e-01
 -1.7897869e+00
  1.3519500e-01
  1.0378166e+00
 -1.6067389e+00
  5.0256735e-01
  1.3720511e+00
 -1.2645246e+00
 -1.7585362e+00
  1.5474403e+00
 -1.1445971e-01
 -1.3034993e+00
 -8.7054688e-01
  1.3096279e+00
 -6.9574988e-01
 -5.8398581e-01
 -3.9264847e-02
 -7.0699704e-01
 -8.3414382e-01
  1.0155064e-01
 -1.6819067e-01
  1.2779920e-01
  7.2153431e-01
  2.1796720e+00
 -7.9142809e-01
  7.2540092e-01
 -3.5965343e+00
 -1.1411093e+00
 -3.7747312e+00
  4.7919083e+00
 -3.2779779e+00
 -4.9775720e+00
  2.7600786e-01
 -2.0328879e+00
  2.9155622e+00
 -1.3935089e+00
 -6.3503480e-01
 -2.8191011e+00
 -3.1693945e+00
  1.3092998e+00
 -8.5313392e-01
  1.2805792e+00
  8.1778592e-01
  2.9812837e+00
 -1.1807898e+00
  3.4508827e-01
  1.2676017e-01
 -6.1115879e-01
  1.1386435e+00
 -9.6372515e-01
  3.3614321e+00
 -1.8205451e+00
 -5.5090582e-01
 -2.2918808e+00
 -1.7598380e+00
 -2.1032441e+00
 -1.0150213e+00
  1.0422788e+00
 -2.0162008e+00
  6.3834810e-01
 -5.7584357e-01
  9.8031205e-01
 -1.8996916e+00
  1.6392453e+00
  2.1355536e+00
  1.8509524e+00
  4.3593767e-01
  1.0497987e+00
  2.5161304e+00
  3.2801089e-01
  2.9138240e-01
 -4.4315574e-01
  1.3802199e+00
  6.4281815e-01
  1.6388158e+00
 -1.1283127e+00
  1.8714964e+00
 -4.3362176e-01
  1.8465153e+00
 -7.2307926e-01
 -4.7094032e-01
  3.7641817e-01
 -1.0859632e+00
  2.0392148e+00
  3.6228230e+00
  2.7641275e+00
 -2.9517481e+00
 -1.1839216e+00
  2.0819950e+00
  9.3890584e-01
 -5.8069998e-01
 -4.3071051e+00
 -3.0484080e+00
 -2.8101051e+00
 -8.2542199e-01
 -1.4750123e+00
 -4.2007279e+00
 -1.9099275e+00
  4.6999156e-01
  1.4377102e+00
 -2.9585567e-01
  1.4578864e-01
  1.0494428e+00
  1.8846414e+00
  1.5577768e+00
  5.8876538e-01
  3.0481691e+00
  7.3635554e-01
  4.0417248e-01
  1.2592866e-01
  1.5145787e+00
  5.4344547e-01
 -1.8201039e+00
 -2.0934342e-01
  3.7994489e-01
  5.2466214e-01
 -1.8864222e+00
 -9.3928903e-02
 -1.2226069e+00
  1.1071019e+00
 -1.0548055e+00
 -1.8160784e-01
 -6.0647261e-01
  4.8272443e-01
 -1.9024326e-01
 -9.6054897e-02
 -1.4076016e+00
 -7.1911784e-03
  1.4052236e+00
 -2.3861222e-01
 -1.7892127e+00
 -1.4327269e+00
  7.8418694e-02
  2.2974935e-01
  4.0963557e-01
 -6.0065687e-01
  1.2055216e+00
  7.9570627e-03
  2.4534774e+00
  1.8817816e+00
 -1.0657499e+00
  9.8167002e-01
  5.9579253e-01
 -1.6768045e+00
 -7.0793813e-01
 -1.0880325e+00
 -2.5407934e-01
 -8.4393811e-01
 -1.9434425e+00
 -2.2956448e+00
 -1.0720867e+00
 -1.3817134e+00
  9.3369162e-01
  6.7766076e-01
  3.4412855e-01
  1.2097187e+00
 -8.3589000e-01
  1.5511153e+00
  1.5931419e+00
 -2.6855113e-02
 -1.3379505e+00
  1.5701822e+00
  4.4474903e-01
  1.0089658e+00
 -1.5218292e+00
 -1.5833139e+00
 -8.0336392e-01
 -3.4794033e-01
  1.2200392e+00
 -9.7237521e-01
 -9.5743954e-01
  7.8526282e-01
  1.6270711e+00
 -5.8662969e-01
 -3.1552872e-01
 -6.2859577e-01
  5.8313370e-01
  8.5374939e-01
 -2.2994797e+00
 -1.3975099e+00
 -1.8734399e+00
  6.2341541e-01
  2.2508674e+00
 -7.3496771e-01
  9.4404829e-01
  6.7715030e+00
  2.6360152e+00
  7.6161486e-01
 -6.6466555e-02
 -1.1815577e+00
 -2.0067236e+00
 -4.7861761e-01
  9.9179304e-01
 -1.0466118e+00
 -1.2670081e+00
  1.4980891e+00
  1.7071834e+00
  2.2611616e+00
  4.1748953e-01
  8.6934251e-01
  1.4836282e+00
  2.2308514e+00
  1.8363841e+00
  1.0268632e+00
 -1.0906889e+00
  7.4281597e-01
  5.7304996e-01
  2.9682589e-01
 -1.6270828e-01
 -5.9738916e-01
  1.1865700e-02
  1.9959782e+00
 -1.6672100e-01
 -7.8965670e-01
  3.0749804e-01
  8.0906367e-01
  3.5624197e-01
 -5.5451226e-01
  6.8096817e-01
 -9.9303079e-01
 -4.3212336e-01
 -5.4718250e-01
  2.2971350e-01
 -1.6066086e+00
  3.4660837e-01
 -1.0021573e+00
  4.1117480e-01
 -2.7565250e-01
  2.0772521e-01
 -8.3349660e-02
  6.2035155e-01
  3.7087348e-01
  2.8233078e+00
 -3.7348337e+00
  6.6743116e+00
 -1.5343592e+00
 -1.3115457e+00
 -2.2209387e+00
  6.2385447e-02
 -3.5365322e+00
 -2.5829742e+00
  1.6491462e+00
 -9.2698604e-01
 -1.1126599e+00
  6.8377274e-01
  2.0834296e+00
  5.0126040e-01
  1.8487562e+00
  6.6638345e-01
 -1.0140648e+00
  2.4262118e+00
  2.6174488e+00
  3.7697989e-01
 -1.3019909e+00
  9.5822699e-02
  3.3663997e-01
  1.4110103e+00
  2.0703360e-01
 -3.2416084e+00
 -6.6468543e-01
  2.4888082e+00
  1.4510096e+00
 -4.0478315e+00
 -2.1894471e-01
  2.9093859e-01
  1.2981061e+00
 -9.8074955e-01
  2.8581291e-01
 -1.6179727e+00
  1.3727365e+00
  1.4131455e+00
  4.1353601e-01
 -2.6271725e+00
  9.1867256e-01
  1.5424927e+00
  4.6050885e-01
 -2.2982888e+00
 -4.1479138e-01
  4.7358984e-01
  6.3619727e-01
 -2.0179791e+00
 -2.4569862e-01
  4.1162816e-01
  1.7792605e+00
 -3.7381242e-03
 -4.1147256e+00
  2.6023452e+00
 -3.0014048e+00
 -3.3041704e+00
  1.6232085e+00
 -1.9615928e+00
  2.3105173e+00
  1.0456630e+00
  8.3213806e-01
 -1.8569219e+00
  1.4858236e+00
  1.6062374e+00
 -6.6557102e-02
 -1.0385499e+00
 -1.8621147e+00
 -7.6006365e-01
  2.0587335e+00
  2.7684982e+00
 -2.6257625e+00
 -1.2034558e+00
  2.2532115e+00
  3.6208978e-01
 -5.0834686e-02
  1.0247900e+00
  1.3082366e+00
 -2.1258359e+00
  1.0389376e+00
  1.9454436e+00
 -1.0895774e+00
 -3.0650284e+00
  2.8308311e-01
  1.3190680e-02
 -9.4746333e-01
  2.7931103e-01
 -2.0168333e+00
 -3.3482563e+00
  1.0971517e-01
  1.9181886e+00
 -1.8035465e+00
 -2.2302668e+00
  2.0018296e+00
  1.6517756e+00
 -7.2448957e-01
  4.3701071e-01
  1.1116548e+00
  4.4249073e-01
  3.0741689e-01
  1.8501869e+00
  5.8301252e-01
  9.1809118e-03
  9.1809118e-03
  9.1809118e-03
  9.1809118e-03
  9.1809118e-03
  9.1809118e-03
  9.1809118e-03
  9.1809118e-03
  9.1809118e-03
  1.9374477e-02
  1.9374477e-02
  1.9374477e-02
  1.9374477e-02
  1.9374477e-02
  1.9374477e-02
  1.9374477e-02
  1.1171579e-02
  1.1171579e-02
  1.1171579e-02
  1.1171579e-02
  1.1171579e-02
  1.1171579e-02
  1.1171579e-02
  4.8730206e-03
  4.8730206e-03
  4.8730206e-03
  4.8730206e-03
  4.8730206e-03
  4.8730206e-03
  4.8730206e-03
  1.7235456e-03
  1.7235456e-03
  1.7235456e-03
  1.7235456e-03
  1.7235456e-03
  1.7235456e-03
  1.7235456e-03
  3.3438373e-03
  3.3438373e-03
  3.3438373e-03
  3.3438373e-03
  3.3438373e-03
  3.3438373e-03
  3.3438373e-03
  8.0436503e-04
  8.0436503e-04
  8.0436503e-04
  8.0436503e-04
  8.0436503e-04
  8.0436503e-04
  8.0436503e-04
