rank,source,source_idx,n_effective_envs_in_structure,pass,new_gain,covered,uncovered,coverage_pct
1,large_file,4981,94,rare,61,61,12442,0.4878829081020555
2,large_file,19413,93,rare,55,116,12387,0.9277773334399744
3,large_file,19683,93,rare,52,168,12335,1.343677517395825
4,large_file,3126,93,rare,51,219,12284,1.7515796208909862
5,large_file,8749,93,rare,47,266,12237,2.1274894025433895
6,large_file,7694,91,rare,45,311,12192,2.487403023274414
7,large_file,8754,89,rare,43,354,12149,2.8313204830840597
8,large_file,1339,88,rare,42,396,12107,3.167239862433016
9,large_file,6291,91,rare,42,438,12065,3.5031592417819724
10,large_file,14749,91,rare,41,479,12024,3.8310805406702393
11,large_file,17546,94,rare,41,520,11983,4.159001839558506
12,large_file,8270,93,rare,40,560,11943,4.478925057986084
13,large_file,12140,90,rare,40,600,11903,4.79884827641366
14,large_file,4453,92,rare,39,639,11864,5.1107734143805486
15,large_file,5203,91,rare,39,678,11825,5.422698552347437
16,large_file,14057,89,rare,39,717,11786,5.734623690314325
17,large_file,1963,93,rare,38,755,11748,6.038550747820523
18,large_file,11889,95,rare,38,793,11710,6.3424778053267215
19,large_file,13210,88,rare,38,831,11672,6.64640486283292
20,large_file,17423,89,rare,38,869,11634,6.950331920339119
21,large_file,4254,90,rare,37,906,11597,7.246260897384627
22,large_file,4274,93,rare,37,943,11560,7.542189874430137
23,large_file,5801,91,rare,37,980,11523,7.838118851475646
24,large_file,4916,87,rare,36,1016,11487,8.126049748060465
25,large_file,13754,88,rare,36,1052,11451,8.413980644645285
26,large_file,3046,91,rare,35,1087,11416,8.693913460769416
27,large_file,11430,87,rare,35,1122,11381,8.973846276893546
28,large_file,11612,91,rare,35,1157,11346,9.253779093017675
29,large_file,14524,91,rare,35,1192,11311,9.533711909141806
30,large_file,19121,89,rare,35,1227,11276,9.813644725265936
31,large_file,19663,90,rare,35,1262,11241,10.093577541390067
32,large_file,2357,90,rare,34,1296,11207,10.365512277053508
33,large_file,10584,86,rare,34,1330,11173,10.637447012716947
34,large_file,11401,92,rare,34,1364,11139,10.909381748380389
35,large_file,12470,88,rare,34,1398,11105,11.18131648404383
36,large_file,1810,92,rare,33,1431,11072,11.445253139246581
37,large_file,5004,89,rare,33,1464,11039,11.709189794449332
38,large_file,7197,89,rare,33,1497,11006,11.973126449652083
39,large_file,1738,88,rare,32,1529,10974,12.229065024394146
40,large_file,3594,91,rare,32,1561,10942,12.485003599136208
41,large_file,10984,90,rare,32,1593,10910,12.740942173878269
42,large_file,17501,91,rare,32,1625,10878,12.996880748620331
43,large_file,6344,90,rare,31,1656,10847,13.244821242901704
44,large_file,6539,88,rare,31,1687,10816,13.492761737183075
45,large_file,8595,89,rare,31,1718,10785,13.740702231464448
46,large_file,9124,89,rare,31,1749,10754,13.988642725745821
47,large_file,11804,89,rare,31,1780,10723,14.236583220027194
48,large_file,13815,90,rare,31,1811,10692,14.484523714308565
49,large_file,15054,95,rare,31,1842,10661,14.732464208589938
50,large_file,18329,87,rare,31,1873,10630,14.980404702871311
51,large_file,4256,88,rare,30,1903,10600,15.220347116691993
52,large_file,8413,84,rare,30,1933,10570,15.460289530512677
53,large_file,14361,88,rare,30,1963,10540,15.70023194433336
54,large_file,16533,88,rare,30,1993,10510,15.940174358154042
55,large_file,18002,90,rare,30,2023,10480,16.180116771974728
56,large_file,18105,90,rare,30,2053,10450,16.42005918579541
57,large_file,18106,91,rare,30,2083,10420,16.66000159961609
58,large_file,19427,88,rare,30,2113,10390,16.899944013436777
59,large_file,3935,89,rare,29,2142,10361,17.131888346796767
60,large_file,7168,84,rare,29,2171,10332,17.36383268015676
61,large_file,7495,86,rare,29,2200,10303,17.595777013516756
62,large_file,10314,86,rare,29,2229,10274,17.82772134687675
63,large_file,18728,88,rare,29,2258,10245,18.059665680236744
64,large_file,3559,91,rare,28,2286,10217,18.283611933136047
65,large_file,7427,89,rare,28,2314,10189,18.50755818603535
66,large_file,10420,86,rare,28,2342,10161,18.731504438934657
67,large_file,16205,89,rare,28,2370,10133,18.95545069183396
68,large_file,19365,92,rare,28,2398,10105,19.179396944733263
69,large_file,4613,90,rare,27,2425,10078,19.39534511717188
70,large_file,12403,90,rare,27,2452,10051,19.611293289610494
71,large_file,17200,92,rare,27,2479,10024,19.82724146204911
72,large_file,17410,90,rare,27,2506,9997,20.043189634487725
73,large_file,5226,85,rare,26,2532,9971,20.25113972646565
74,large_file,6901,86,rare,26,2558,9945,20.459089818443573
75,large_file,7344,93,rare,26,2584,9919,20.667039910421497
76,large_file,9185,89,rare,26,2610,9893,20.874990002399425
77,large_file,16136,85,rare,26,2636,9867,21.08294009437735
78,large_file,16713,89,rare,26,2662,9841,21.290890186355274
79,large_file,6187,93,rare,25,2687,9816,21.49084219787251
80,large_file,10069,89,rare,25,2712,9791,21.690794209389747
81,large_file,14859,87,rare,25,2737,9766,21.890746220906983
82,large_file,14952,85,rare,25,2762,9741,22.090698232424216
83,large_file,18453,84,rare,25,2787,9716,22.290650243941453
84,large_file,782,86,rare,24,2811,9692,22.482604174998002
85,large_file,1242,88,rare,24,2835,9668,22.674558106054548
86,large_file,3546,88,rare,24,2859,9644,22.866512037111093
87,large_file,8392,90,rare,24,2883,9620,23.05846596816764
88,large_file,9341,91,rare,24,2907,9596,23.250419899224188
89,large_file,9945,92,rare,24,2931,9572,23.442373830280733
90,large_file,13442,86,rare,24,2955,9548,23.63432776133728
91,large_file,14152,83,rare,24,2979,9524,23.826281692393824
92,large_file,15594,74,rare,24,3003,9500,24.018235623450373
93,large_file,2447,87,rare,23,3026,9477,24.202191474046227
94,large_file,5295,85,rare,23,3049,9454,24.386147324642085
95,large_file,6146,84,rare,23,3072,9431,24.570103175237943
96,large_file,13058,94,rare,23,3095,9408,24.7540590258338
97,large_file,16894,88,rare,23,3118,9385,24.93801487642966
98,large_file,1165,89,rare,22,3140,9363,25.113972646564825
99,large_file,1723,94,rare,22,3162,9341,25.289930416699992
100,large_file,2087,89,rare,22,3184,9319,25.46588818683516
101,large_file,2388,87,rare,22,3206,9297,25.64184595697033
102,large_file,3184,87,rare,22,3228,9275,25.817803727105495
103,large_file,4992,82,rare,22,3250,9253,25.993761497240662
104,large_file,6121,91,rare,22,3272,9231,26.16971926737583
105,large_file,6871,88,rare,22,3294,9209,26.345677037511
106,large_file,13458,76,rare,22,3316,9187,26.521634807646166
107,large_file,15719,112,rare,22,3338,9165,26.697592577781332
108,large_file,17283,126,rare,22,3360,9143,26.8735503479165
109,large_file,18030,85,rare,22,3382,9121,27.04950811805167
110,large_file,18258,88,rare,22,3404,9099,27.225465888186836
111,large_file,18439,90,rare,22,3426,9077,27.401423658322003
112,large_file,18736,89,rare,22,3448,9055,27.57738142845717
113,large_file,19926,89,rare,22,3470,9033,27.75333919859234
114,large_file,5114,82,rare,21,3491,9012,27.921298888266815
115,large_file,5333,89,rare,21,3512,8991,28.089258577941294
116,large_file,7996,87,rare,21,3533,8970,28.257218267615773
117,large_file,9550,88,rare,21,3554,8949,28.425177957290252
118,large_file,9622,101,rare,21,3575,8928,28.593137646964728
119,large_file,10521,91,rare,21,3596,8907,28.761097336639207
120,large_file,11059,91,rare,21,3617,8886,28.929057026313686
121,large_file,11568,88,rare,21,3638,8865,29.09701671598816
122,large_file,11744,86,rare,21,3659,8844,29.26497640566264
123,large_file,15361,80,rare,21,3680,8823,29.43293609533712
124,large_file,16188,91,rare,21,3701,8802,29.6008957850116
125,large_file,1003,84,rare,20,3721,8782,29.760857394225386
126,large_file,1363,92,rare,20,3741,8762,29.920819003439174
127,large_file,1621,88,rare,20,3761,8742,30.080780612652962
128,large_file,3456,87,rare,20,3781,8722,30.240742221866753
129,large_file,8974,85,rare,20,3801,8702,30.40070383108054
130,large_file,9977,108,rare,20,3821,8682,30.56066544029433
131,large_file,10157,88,rare,20,3841,8662,30.720627049508117
132,large_file,11822,86,rare,20,3861,8642,30.88058865872191
133,large_file,11824,87,rare,20,3881,8622,31.040550267935696
134,large_file,11943,84,rare,20,3901,8602,31.200511877149484
135,large_file,14282,89,rare,20,3921,8582,31.360473486363272
136,large_file,14406,89,rare,20,3941,8562,31.52043509557706
137,large_file,15536,87,rare,20,3961,8542,31.68039670479085
138,large_file,1730,84,rare,19,3980,8523,31.832360233543948
139,large_file,2365,113,rare,19,3999,8504,31.98432376229705
140,large_file,2691,84,rare,19,4018,8485,32.136287291050145
141,large_file,3281,87,rare,19,4037,8466,32.288250819803245
142,large_file,6437,89,rare,19,4056,8447,32.440214348556346
143,large_file,8503,85,rare,19,4075,8428,32.592177877309446
144,large_file,11450,81,rare,19,4094,8409,32.744141406062546
145,large_file,13770,109,rare,19,4113,8390,32.89610493481565
146,large_file,15696,89,rare,19,4132,8371,33.04806846356875
147,large_file,17242,127,rare,19,4151,8352,33.20003199232184
148,large_file,18397,109,rare,19,4170,8333,33.35199552107494
149,large_file,18813,83,rare,19,4189,8314,33.50395904982804
150,large_file,1385,87,rare,18,4207,8296,33.64792449812045
151,large_file,1596,81,rare,18,4225,8278,33.79188994641286
152,large_file,1635,81,rare,18,4243,8260,33.93585539470527
153,large_file,3418,85,rare,18,4261,8242,34.079820842997684
154,large_file,3777,87,rare,18,4279,8224,34.22378629129009
155,large_file,6168,86,rare,18,4297,8206,34.3677517395825
156,large_file,8785,74,rare,18,4315,8188,34.51171718787491
157,large_file,16089,109,rare,18,4333,8170,34.65568263616732
158,large_file,16575,107,rare,18,4351,8152,34.79964808445973
159,large_file,17572,85,rare,18,4369,8134,34.94361353275214
160,large_file,1433,92,rare,17,4386,8117,35.079580900583856
161,large_file,2941,88,rare,17,4403,8100,35.21554826841558
162,large_file,3623,91,rare,17,4420,8083,35.3515156362473
163,large_file,3869,84,rare,17,4437,8066,35.487483004079024
164,large_file,3937,89,rare,17,4454,8049,35.62345037191074
165,large_file,8873,87,rare,17,4471,8032,35.75941773974246
166,large_file,8874,84,rare,17,4488,8015,35.895385107574185
167,large_file,9234,105,rare,17,4505,7998,36.0313524754059
168,large_file,9325,75,rare,17,4522,7981,36.16731984323762
169,large_file,9377,81,rare,17,4539,7964,36.303287211069346
170,large_file,9398,86,rare,17,4556,7947,36.439254578901064
171,large_file,11318,90,rare,17,4573,7930,36.57522194673278
172,large_file,14197,87,rare,17,4590,7913,36.71118931456451
173,large_file,14933,85,rare,17,4607,7896,36.847156682396225
174,large_file,15803,76,rare,17,4624,7879,36.98312405022794
175,large_file,18767,75,rare,17,4641,7862,37.11909141805967
176,large_file,1269,87,rare,16,4657,7846,37.2470607054307
177,large_file,2703,76,rare,16,4673,7830,37.37502999280173
178,large_file,2861,75,rare,16,4689,7814,37.50299928017276
179,large_file,6366,85,rare,16,4705,7798,37.63096856754379
180,large_file,7070,89,rare,16,4721,7782,37.75893785491482
181,large_file,8484,106,rare,16,4737,7766,37.88690714228585
182,large_file,8789,110,rare,16,4753,7750,38.01487642965688
183,large_file,8930,84,rare,16,4769,7734,38.14284571702791
184,large_file,9920,112,rare,16,4785,7718,38.27081500439895
185,large_file,9986,73,rare,16,4801,7702,38.39878429176998
186,large_file,9993,85,rare,16,4817,7686,38.52675357914101
187,large_file,10367,116,rare,16,4833,7670,38.65472286651204
188,large_file,11517,84,rare,16,4849,7654,38.78269215388307
189,large_file,15403,106,rare,16,4865,7638,38.9106614412541
190,large_file,15750,107,rare,16,4881,7622,39.03863072862513
191,large_file,15937,82,rare,16,4897,7606,39.16660001599616
192,large_file,16171,86,rare,16,4913,7590,39.29456930336719
193,large_file,17881,86,rare,16,4929,7574,39.42253859073822
194,large_file,19637,78,rare,16,4945,7558,39.55050787810925
195,large_file,755,110,rare,15,4960,7543,39.67047908501959
196,large_file,1544,86,rare,15,4975,7528,39.790450291929936
197,large_file,2778,87,rare,15,4990,7513,39.91042149884028
198,large_file,3054,87,rare,15,5005,7498,40.03039270575062
199,large_file,5141,110,rare,15,5020,7483,40.150363912660964
200,large_file,7555,91,rare,15,5035,7468,40.2703351195713
201,large_file,7886,80,rare,15,5050,7453,40.39030632648164
202,large_file,8202,91,rare,15,5065,7438,40.510277533391985
203,large_file,9743,70,rare,15,5080,7423,40.63024874030233
204,large_file,11015,131,rare,15,5095,7408,40.75021994721267
205,large_file,14544,112,rare,15,5110,7393,40.87019115412301
206,large_file,15508,86,rare,15,5125,7378,40.99016236103335
207,large_file,16014,92,rare,15,5140,7363,41.11013356794369
208,large_file,16442,93,rare,15,5155,7348,41.230104774854034
209,large_file,19068,85,rare,15,5170,7333,41.35007598176438
210,large_file,1069,84,rare,14,5184,7319,41.46204910821403
211,large_file,1476,111,rare,14,5198,7305,41.57402223466368
212,large_file,1655,83,rare,14,5212,7291,41.685995361113335
213,large_file,4687,81,rare,14,5226,7277,41.79796848756298
214,large_file,4770,85,rare,14,5240,7263,41.90994161401264
215,large_file,5028,84,rare,14,5254,7249,42.021914740462286
216,large_file,6287,118,rare,14,5268,7235,42.13388786691194
217,large_file,6849,108,rare,14,5282,7221,42.245860993361596
218,large_file,7290,89,rare,14,5296,7207,42.357834119811244
219,large_file,7972,88,rare,14,5310,7193,42.4698072462609
220,large_file,8150,109,rare,14,5324,7179,42.58178037271055
221,large_file,8382,83,rare,14,5338,7165,42.6937534991602
222,large_file,10759,125,rare,14,5352,7151,42.80572662560985
223,large_file,11256,91,rare,14,5366,7137,42.917699752059505
224,large_file,12105,69,rare,14,5380,7123,43.02967287850916
225,large_file,13622,90,rare,14,5394,7109,43.14164600495881
226,large_file,13629,80,rare,14,5408,7095,43.25361913140846
227,large_file,13663,77,rare,14,5422,7081,43.36559225785811
228,large_file,15078,120,rare,14,5436,7067,43.477565384307766
229,large_file,17629,74,rare,14,5450,7053,43.58953851075742
230,large_file,18704,90,rare,14,5464,7039,43.70151163720707
231,large_file,18810,90,rare,14,5478,7025,43.813484763656724
232,large_file,19615,88,rare,14,5492,7011,43.92545789010637
233,large_file,19712,82,rare,14,5506,6997,44.03743101655603
234,large_file,1064,83,rare,13,5519,6984,44.14140606254499
235,large_file,1066,79,rare,13,5532,6971,44.245381108533955
236,large_file,1528,89,rare,13,5545,6958,44.349356154522916
237,large_file,1684,67,rare,13,5558,6945,44.453331200511876
238,large_file,1842,87,rare,13,5571,6932,44.557306246500836
239,large_file,2132,77,rare,13,5584,6919,44.661281292489804
240,large_file,2473,88,rare,13,5597,6906,44.765256338478764
241,large_file,3251,86,rare,13,5610,6893,44.869231384467724
242,large_file,3656,89,rare,13,5623,6880,44.97320643045669
243,large_file,4501,70,rare,13,5636,6867,45.07718147644565
244,large_file,4950,70,rare,13,5649,6854,45.18115652243461
245,large_file,5046,91,rare,13,5662,6841,45.28513156842358
246,large_file,6998,119,rare,13,5675,6828,45.38910661441254
247,large_file,9148,84,rare,13,5688,6815,45.4930816604015
248,large_file,9594,85,rare,13,5701,6802,45.59705670639047
249,large_file,9896,108,rare,13,5714,6789,45.70103175237943
250,large_file,10116,109,rare,13,5727,6776,45.80500679836839
251,large_file,10467,88,rare,13,5740,6763,45.908981844357356
252,large_file,10912,94,rare,13,5753,6750,46.01295689034632
253,large_file,11082,91,rare,13,5766,6737,46.11693193633528
254,large_file,11742,93,rare,13,5779,6724,46.220906982324244
255,large_file,11785,128,rare,13,5792,6711,46.324882028313205
256,large_file,12172,125,rare,13,5805,6698,46.428857074302165
257,large_file,13805,105,rare,13,5818,6685,46.53283212029113
258,large_file,14666,83,rare,13,5831,6672,46.63680716628009
259,large_file,14997,115,rare,13,5844,6659,46.74078221226905
260,large_file,15041,107,rare,13,5857,6646,46.84475725825802
261,large_file,15805,83,rare,13,5870,6633,46.94873230424698
262,large_file,16748,112,rare,13,5883,6620,47.05270735023594
263,large_file,17941,79,rare,13,5896,6607,47.15668239622491
264,large_file,19873,91,rare,13,5909,6594,47.26065744221387
265,large_file,1314,66,rare,12,5921,6582,47.35663440774214
266,large_file,1729,84,rare,12,5933,6570,47.452611373270415
267,large_file,2395,82,rare,12,5945,6558,47.54858833879869
268,large_file,2594,92,rare,12,5957,6546,47.64456530432696
269,large_file,2904,110,rare,12,5969,6534,47.74054226985523
270,large_file,2921,73,rare,12,5981,6522,47.836519235383506
271,large_file,3489,81,rare,12,5993,6510,47.93249620091178
272,large_file,4479,92,rare,12,6005,6498,48.02847316644005
273,large_file,5805,89,rare,12,6017,6486,48.12445013196833
274,large_file,7294,124,rare,12,6029,6474,48.220427097496604
275,large_file,7815,91,rare,12,6041,6462,48.316404063024876
276,large_file,8120,115,rare,12,6053,6450,48.41238102855315
277,large_file,9086,90,rare,12,6065,6438,48.50835799408142
278,large_file,10959,86,rare,12,6077,6426,48.604334959609695
279,large_file,12291,120,rare,12,6089,6414,48.70031192513797
280,large_file,12552,89,rare,12,6101,6402,48.79628889066624
281,large_file,12803,76,rare,12,6113,6390,48.89226585619451
282,large_file,14912,82,rare,12,6125,6378,48.988242821722785
283,large_file,15089,83,rare,12,6137,6366,49.08421978725106
284,large_file,15779,86,rare,12,6149,6354,49.18019675277933
285,large_file,15892,81,rare,12,6161,6342,49.276173718307604
286,large_file,16263,86,rare,12,6173,6330,49.372150683835876
287,large_file,16639,105,rare,12,6185,6318,49.46812764936415
288,large_file,17042,88,rare,12,6197,6306,49.56410461489243
289,large_file,17211,85,rare,12,6209,6294,49.6600815804207
290,large_file,17267,85,rare,12,6221,6282,49.756058545948974
291,large_file,17356,89,rare,12,6233,6270,49.85203551147725
292,large_file,17492,112,rare,12,6245,6258,49.94801247700552
293,large_file,18932,88,rare,12,6257,6246,50.04398944253379
294,large_file,19566,88,rare,12,6269,6234,50.139966408062065
295,large_file,711,82,rare,11,6280,6223,50.22794529312965
296,large_file,774,71,rare,11,6291,6212,50.315924178197236
297,large_file,2999,110,rare,11,6302,6201,50.40390306326481
298,large_file,3081,111,rare,11,6313,6190,50.4918819483324
299,large_file,3486,88,rare,11,6324,6179,50.579860833399984
300,large_file,3932,118,rare,11,6335,6168,50.66783971846757
301,large_file,4653,110,rare,11,6346,6157,50.755818603535154
302,large_file,7022,110,rare,11,6357,6146,50.84379748860273
303,large_file,7462,118,rare,11,6368,6135,50.93177637367032
304,large_file,7706,91,rare,11,6379,6124,51.0197552587379
305,large_file,8499,99,rare,11,6390,6113,51.10773414380549
306,large_file,8626,107,rare,11,6401,6102,51.19571302887307
307,large_file,8791,107,rare,11,6412,6091,51.28369191394066
308,large_file,8939,101,rare,11,6423,6080,51.371670799008236
309,large_file,9729,87,rare,11,6434,6069,51.45964968407582
310,large_file,10592,109,rare,11,6445,6058,51.547628569143406
311,large_file,10725,70,rare,11,6456,6047,51.63560745421099
312,large_file,11295,91,rare,11,6467,6036,51.723586339278576
313,large_file,11435,104,rare,11,6478,6025,51.811565224346154
314,large_file,11539,123,rare,11,6489,6014,51.89954410941374
315,large_file,12187,84,rare,11,6500,6003,51.987522994481324
316,large_file,13182,78,rare,11,6511,5992,52.07550187954891
317,large_file,13354,83,rare,11,6522,5981,52.163480764616494
318,large_file,14180,87,rare,11,6533,5970,52.25145964968407
319,large_file,15345,126,rare,11,6544,5959,52.33943853475166
320,large_file,16235,87,rare,11,6555,5948,52.42741741981924
321,large_file,18241,110,rare,11,6566,5937,52.51539630488683
322,large_file,18477,75,rare,11,6577,5926,52.60337518995441
323,large_file,18769,88,rare,11,6588,5915,52.691354075022
324,large_file,18979,79,rare,11,6599,5904,52.779332960089576
325,large_file,19601,105,rare,11,6610,5893,52.86731184515716
326,large_file,1168,74,rare,10,6620,5883,52.94729264976406
327,large_file,1390,130,rare,10,6630,5873,53.02727345437095
328,large_file,1760,110,rare,10,6640,5863,53.10725425897785
329,large_file,1943,88,rare,10,6650,5853,53.18723506358474
330,large_file,2141,89,rare,10,6660,5843,53.267215868191634
331,large_file,2256,79,rare,10,6670,5833,53.34719667279853
332,large_file,3704,38,rare,10,6680,5823,53.42717747740542
333,large_file,3945,122,rare,10,6690,5813,53.50715828201232
334,large_file,4301,87,rare,10,6700,5803,53.58713908661921
335,large_file,4744,75,rare,10,6710,5793,53.66711989122611
336,large_file,4866,85,rare,10,6720,5783,53.747100695833
337,large_file,5240,121,rare,10,6730,5773,53.827081500439895
338,large_file,5338,107,rare,10,6740,5763,53.907062305046786
339,large_file,5484,106,rare,10,6750,5753,53.98704310965368
340,large_file,5580,100,rare,10,6760,5743,54.06702391426058
341,large_file,6181,109,rare,10,6770,5733,54.14700471886747
342,large_file,6339,88,rare,10,6780,5723,54.22698552347437
343,large_file,6723,108,rare,10,6790,5713,54.30696632808126
344,large_file,7609,92,rare,10,6800,5703,54.38694713268816
345,large_file,8893,108,rare,10,6810,5693,54.46692793729505
346,large_file,9227,67,rare,10,6820,5683,54.546908741901944
347,large_file,9565,107,rare,10,6830,5673,54.626889546508835
348,large_file,10305,84,rare,10,6840,5663,54.70687035111573
349,large_file,11598,122,rare,10,6850,5653,54.78685115572263
350,large_file,11637,68,rare,10,6860,5643,54.86683196032952
351,large_file,12380,82,rare,10,6870,5633,54.94681276493642
352,large_file,12607,87,rare,10,6880,5623,55.02679356954331
353,large_file,12869,96,rare,10,6890,5613,55.106774374150206
354,large_file,13242,82,rare,10,6900,5603,55.186755178757096
355,large_file,13654,85,rare,10,6910,5593,55.26673598336399
356,large_file,14461,81,rare,10,6920,5583,55.346716787970884
357,large_file,14659,78,rare,10,6930,5573,55.42669759257778
358,large_file,14913,97,rare,10,6940,5563,55.50667839718468
359,large_file,14925,86,rare,10,6950,5553,55.58665920179157
360,large_file,15034,121,rare,10,6960,5543,55.66664000639847
361,large_file,15372,84,rare,10,6970,5533,55.74662081100536
362,large_file,15660,72,rare,10,6980,5523,55.826601615612255
363,large_file,16209,76,rare,10,6990,5513,55.906582420219145
364,large_file,16737,75,rare,10,7000,5503,55.98656322482604
365,large_file,16903,92,rare,10,7010,5493,56.06654402943293
366,large_file,16935,76,rare,10,7020,5483,56.14652483403983
367,large_file,19538,84,rare,10,7030,5473,56.22650563864673
368,large_file,19905,106,rare,10,7040,5463,56.30648644325362
369,large_file,19968,80,rare,10,7050,5453,56.386467247860516
370,large_file,1944,77,rare,9,7059,5444,56.45844997200672
371,large_file,2039,84,rare,9,7068,5435,56.53043269615292
372,large_file,2091,105,rare,9,7077,5426,56.60241542029913
373,large_file,2432,80,rare,9,7086,5417,56.674398144445334
374,large_file,2581,83,rare,9,7095,5408,56.74638086859154
375,large_file,2971,88,rare,9,7104,5399,56.81836359273774
376,large_file,3657,82,rare,9,7113,5390,56.89034631688395
377,large_file,4624,103,rare,9,7122,5381,56.96232904103015
378,large_file,4727,88,rare,9,7131,5372,57.034311765176355
379,large_file,5143,92,rare,9,7140,5363,57.106294489322565
380,large_file,6150,88,rare,9,7149,5354,57.17827721346877
381,large_file,6457,119,rare,9,7158,5345,57.25025993761497
382,large_file,6584,76,rare,9,7167,5336,57.32224266176118
383,large_file,6681,93,rare,9,7176,5327,57.39422538590738
384,large_file,6788,76,rare,9,7185,5318,57.466208110053586
385,large_file,7047,90,rare,9,7194,5309,57.53819083419979
386,large_file,7245,96,rare,9,7203,5300,57.610173558346
387,large_file,7268,120,rare,9,7212,5291,57.6821562824922
388,large_file,7291,122,rare,9,7221,5282,57.754139006638404
389,large_file,7800,82,rare,9,7230,5273,57.826121730784614
390,large_file,8493,110,rare,9,7239,5264,57.89810445493082
391,large_file,9268,88,rare,9,7248,5255,57.97008717907702
392,large_file,9369,91,rare,9,7257,5246,58.04206990322323
393,large_file,9629,79,rare,9,7266,5237,58.11405262736943
394,large_file,9691,89,rare,9,7275,5228,58.186035351515635
395,large_file,10741,91,rare,9,7284,5219,58.258018075661845
396,large_file,10791,107,rare,9,7293,5210,58.33000079980805
397,large_file,11227,85,rare,9,7302,5201,58.40198352395425
398,large_file,11527,123,rare,9,7311,5192,58.47396624810045
399,large_file,11694,123,rare,9,7320,5183,58.54594897224666
400,large_file,11779,104,rare,9,7329,5174,58.617931696392866
401,large_file,12199,77,rare,9,7338,5165,58.68991442053907
402,large_file,12430,72,rare,9,7347,5156,58.76189714468528
403,large_file,12764,103,rare,9,7356,5147,58.83387986883148
404,large_file,13090,104,rare,9,7365,5138,58.905862592977684
405,large_file,14087,104,rare,9,7374,5129,58.977845317123894
406,large_file,14175,76,rare,9,7383,5120,59.049828041270096
407,large_file,14434,108,rare,9,7392,5111,59.1218107654163
408,large_file,14574,108,rare,9,7401,5102,59.1937934895625
409,large_file,14637,83,rare,9,7410,5093,59.26577621370871
410,large_file,15271,92,rare,9,7419,5084,59.337758937854915
411,large_file,15703,88,rare,9,7428,5075,59.40974166200112
412,large_file,16080,95,rare,9,7437,5066,59.48172438614733
413,large_file,16335,94,rare,9,7446,5057,59.55370711029353
414,large_file,16454,108,rare,9,7455,5048,59.62568983443973
415,large_file,16745,120,rare,9,7464,5039,59.69767255858594
416,large_file,16930,91,rare,9,7473,5030,59.769655282732145
417,large_file,17165,86,rare,9,7482,5021,59.84163800687835
418,large_file,17688,128,rare,9,7491,5012,59.91362073102455
419,large_file,17764,69,rare,9,7500,5003,59.98560345517076
420,large_file,18540,70,rare,9,7509,4994,60.057586179316964
421,large_file,19349,91,rare,9,7518,4985,60.129568903463166
422,large_file,19406,89,rare,9,7527,4976,60.201551627609376
423,large_file,19565,84,rare,9,7536,4967,60.27353435175558
424,large_file,19858,85,rare,9,7545,4958,60.34551707590178
425,large_file,19946,101,rare,9,7554,4949,60.41749980004799
426,large_file,1087,109,rare,8,7562,4941,60.48148444373351
427,large_file,1094,69,rare,8,7570,4933,60.54546908741902
428,large_file,1449,80,rare,8,7578,4925,60.60945373110454
429,large_file,2612,76,rare,8,7586,4917,60.67343837479005
430,large_file,2794,86,rare,8,7594,4909,60.73742301847557
431,large_file,2807,87,rare,8,7602,4901,60.80140766216108
432,large_file,2975,104,rare,8,7610,4893,60.8653923058466
433,large_file,3162,82,rare,8,7618,4885,60.92937694953211
434,large_file,4015,85,rare,8,7626,4877,60.99336159321763
435,large_file,4217,90,rare,8,7634,4869,61.05734623690314
436,large_file,4608,90,rare,8,7642,4861,61.12133088058866
437,large_file,4665,106,rare,8,7650,4853,61.18531552427417
438,large_file,4881,88,rare,8,7658,4845,61.24930016795969
439,large_file,5071,104,rare,8,7666,4837,61.313284811645204
440,large_file,5309,106,rare,8,7674,4829,61.37726945533072
441,large_file,5398,126,rare,8,7682,4821,61.441254099016234
442,large_file,5744,67,rare,8,7690,4813,61.50523874270175
443,large_file,6560,118,rare,8,7698,4805,61.569223386387264
444,large_file,7340,108,rare,8,7706,4797,61.63320803007278
445,large_file,7559,105,rare,8,7714,4789,61.697192673758295
446,large_file,7602,78,rare,8,7722,4781,61.76117731744382
447,large_file,8206,101,rare,8,7730,4773,61.82516196112933
448,large_file,8778,90,rare,8,7738,4765,61.88914660481485
449,large_file,9003,114,rare,8,7746,4757,61.95313124850036
450,large_file,9164,82,rare,8,7754,4749,62.01711589218588
451,large_file,9238,72,rare,8,7762,4741,62.08110053587139
452,large_file,9737,104,rare,8,7770,4733,62.14508517955691
453,large_file,10401,90,rare,8,7778,4725,62.20906982324242
454,large_file,10603,65,rare,8,7786,4717,62.27305446692794
455,large_file,10733,107,rare,8,7794,4709,62.33703911061345
456,large_file,10837,73,rare,8,7802,4701,62.40102375429897
457,large_file,11300,82,rare,8,7810,4693,62.465008397984484
458,large_file,11551,87,rare,8,7818,4685,62.52899304167
459,large_file,11580,107,rare,8,7826,4677,62.592977685355514
460,large_file,12068,88,rare,8,7834,4669,62.65696232904103
461,large_file,12289,115,rare,8,7842,4661,62.720946972726544
462,large_file,12396,89,rare,8,7850,4653,62.78493161641206
463,large_file,12537,87,rare,8,7858,4645,62.848916260097575
464,large_file,12589,83,rare,8,7866,4637,62.91290090378309
465,large_file,13028,83,rare,8,7874,4629,62.976885547468605
466,large_file,14134,119,rare,8,7882,4621,63.04087019115412
467,large_file,14362,93,rare,8,7890,4613,63.104854834839635
468,large_file,14444,85,rare,8,7898,4605,63.16883947852516
469,large_file,15083,106,rare,8,7906,4597,63.23282412221067
470,large_file,15537,73,rare,8,7914,4589,63.29680876589619
471,large_file,15578,78,rare,8,7922,4581,63.3607934095817
472,large_file,15830,91,rare,8,7930,4573,63.42477805326722
473,large_file,16660,88,rare,8,7938,4565,63.48876269695273
474,large_file,17050,87,rare,8,7946,4557,63.55274734063825
475,large_file,17055,79,rare,8,7954,4549,63.61673198432376
476,large_file,17123,78,rare,8,7962,4541,63.68071662800928
477,large_file,18114,86,rare,8,7970,4533,63.744701271694794
478,large_file,18502,93,rare,8,7978,4525,63.80868591538031
479,large_file,19227,82,rare,8,7986,4517,63.872670559065824
480,large_file,19483,84,rare,8,7994,4509,63.93665520275134
481,large_file,19570,85,rare,8,8002,4501,64.00063984643685
482,large_file,19952,72,rare,8,8010,4493,64.06462449012237
483,large_file,744,88,rare,7,8017,4486,64.12061105334719
484,large_file,943,86,rare,7,8024,4479,64.17659761657202
485,large_file,977,105,rare,7,8031,4472,64.23258417979685
486,large_file,1104,86,rare,7,8038,4465,64.28857074302168
487,large_file,1305,83,rare,7,8045,4458,64.3445573062465
488,large_file,1384,89,rare,7,8052,4451,64.40054386947132
489,large_file,1503,108,rare,7,8059,4444,64.45653043269616
490,large_file,1517,108,rare,7,8066,4437,64.51251699592098
491,large_file,1951,118,rare,7,8073,4430,64.56850355914581
492,large_file,2138,66,rare,7,8080,4423,64.62449012237063
493,large_file,2286,79,rare,7,8087,4416,64.68047668559545
494,large_file,2893,111,rare,7,8094,4409,64.73646324882029
495,large_file,3688,99,rare,7,8101,4402,64.7924498120451
496,large_file,3741,88,rare,7,8108,4395,64.84843637526994
497,large_file,3765,120,rare,7,8115,4388,64.90442293849476
498,large_file,3933,94,rare,7,8122,4381,64.96040950171958
499,large_file,3967,62,rare,7,8129,4374,65.01639606494442
500,large_file,4234,99,rare,7,8136,4367,65.07238262816924
501,large_file,5305,90,rare,7,8143,4360,65.12836919139407
502,large_file,5364,82,rare,7,8150,4353,65.18435575461889
503,large_file,5879,69,rare,7,8157,4346,65.24034231784371
504,large_file,5912,87,rare,7,8164,4339,65.29632888106855
505,large_file,5968,72,rare,7,8171,4332,65.35231544429337
506,large_file,6320,24,rare,7,8178,4325,65.4083020075182
507,large_file,6351,84,rare,7,8185,4318,65.46428857074302
508,large_file,6432,109,rare,7,8192,4311,65.52027513396784
509,large_file,6530,126,rare,7,8199,4304,65.57626169719268
510,large_file,6822,88,rare,7,8206,4297,65.6322482604175
511,large_file,6902,93,rare,7,8213,4290,65.68823482364233
512,large_file,7249,107,rare,7,8220,4283,65.74422138686715
513,large_file,7562,82,rare,7,8227,4276,65.80020795009197
514,large_file,7803,66,rare,7,8234,4269,65.85619451331681
515,large_file,8031,93,rare,7,8241,4262,65.91218107654163
516,large_file,8078,80,rare,7,8248,4255,65.96816763976646
517,large_file,8504,91,rare,7,8255,4248,66.02415420299128
518,large_file,8508,105,rare,7,8262,4241,66.0801407662161
519,large_file,8683,124,rare,7,8269,4234,66.13612732944094
520,large_file,9085,113,rare,7,8276,4227,66.19211389266576
521,large_file,9135,73,rare,7,8283,4220,66.24810045589058
522,large_file,9464,75,rare,7,8290,4213,66.30408701911541
523,large_file,9564,85,rare,7,8297,4206,66.36007358234023
524,large_file,9904,91,rare,7,8304,4199,66.41606014556507
525,large_file,10080,85,rare,7,8311,4192,66.47204670878989
526,large_file,10460,104,rare,7,8318,4185,66.52803327201471
527,large_file,10461,118,rare,7,8325,4178,66.58401983523954
528,large_file,11070,70,rare,7,8332,4171,66.64000639846437
529,large_file,11086,92,rare,7,8339,4164,66.6959929616892
530,large_file,11099,82,rare,7,8346,4157,66.75197952491402
531,large_file,11421,108,rare,7,8353,4150,66.80796608813884
532,large_file,11500,82,rare,7,8360,4143,66.86395265136368
533,large_file,11579,72,rare,7,8367,4136,66.9199392145885
534,large_file,11734,76,rare,7,8374,4129,66.97592577781333
535,large_file,11878,83,rare,7,8381,4122,67.03191234103815
536,large_file,12016,109,rare,7,8388,4115,67.08789890426297
537,large_file,12048,78,rare,7,8395,4108,67.1438854674878
538,large_file,12125,84,rare,7,8402,4101,67.19987203071263
539,large_file,12333,56,rare,7,8409,4094,67.25585859393746
540,large_file,12658,105,rare,7,8416,4087,67.31184515716228
541,large_file,12807,72,rare,7,8423,4080,67.3678317203871
542,large_file,12827,74,rare,7,8430,4073,67.42381828361194
543,large_file,12955,68,rare,7,8437,4066,67.47980484683676
544,large_file,13037,105,rare,7,8444,4059,67.53579141006159
545,large_file,13088,84,rare,7,8451,4052,67.59177797328641
546,large_file,13508,101,rare,7,8458,4045,67.64776453651123
547,large_file,13821,79,rare,7,8465,4038,67.70375109973607
548,large_file,15634,76,rare,7,8472,4031,67.75973766296089
549,large_file,16404,76,rare,7,8479,4024,67.81572422618572
550,large_file,16582,120,rare,7,8486,4017,67.87171078941054
551,large_file,16922,87,rare,7,8493,4010,67.92769735263536
552,large_file,16975,99,rare,7,8500,4003,67.9836839158602
553,large_file,17178,103,rare,7,8507,3996,68.03967047908502
554,large_file,17297,86,rare,7,8514,3989,68.09565704230985
555,large_file,17476,81,rare,7,8521,3982,68.15164360553467
556,large_file,17682,70,rare,7,8528,3975,68.2076301687595
557,large_file,18535,73,rare,7,8535,3968,68.26361673198433
558,large_file,19086,74,rare,7,8542,3961,68.31960329520915
559,large_file,19528,84,rare,7,8549,3954,68.37558985843397
560,large_file,19634,103,rare,7,8556,3947,68.4315764216588
561,large_file,813,83,rare,6,8562,3941,68.47956490442294
562,large_file,822,105,rare,6,8568,3935,68.52755338718707
563,large_file,878,114,rare,6,8574,3929,68.57554186995121
564,large_file,907,109,rare,6,8580,3923,68.62353035271535
565,large_file,914,99,rare,6,8586,3917,68.67151883547949
566,large_file,1303,79,rare,6,8592,3911,68.71950731824361
567,large_file,1486,104,rare,6,8598,3905,68.76749580100775
568,large_file,1495,86,rare,6,8604,3899,68.8154842837719
569,large_file,1667,81,rare,6,8610,3893,68.86347276653603
570,large_file,1977,84,rare,6,8616,3887,68.91146124930017
571,large_file,2587,86,rare,6,8622,3881,68.9594497320643
572,large_file,2719,92,rare,6,8628,3875,69.00743821482844
573,large_file,2991,80,rare,6,8634,3869,69.05542669759258
574,large_file,3156,22,rare,6,8640,3863,69.10341518035672
575,large_file,3188,89,rare,6,8646,3857,69.15140366312085
576,large_file,3191,111,rare,6,8652,3851,69.19939214588499
577,large_file,3210,102,rare,6,8658,3845,69.24738062864913
578,large_file,3610,87,rare,6,8664,3839,69.29536911141327
579,large_file,4230,106,rare,6,8670,3833,69.34335759417739
580,large_file,4285,82,rare,6,8676,3827,69.39134607694153
581,large_file,4377,84,rare,6,8682,3821,69.43933455970567
582,large_file,4381,83,rare,6,8688,3815,69.48732304246981
583,large_file,4393,84,rare,6,8694,3809,69.53531152523395
584,large_file,4644,110,rare,6,8700,3803,69.58330000799808
585,large_file,4681,112,rare,6,8706,3797,69.63128849076222
586,large_file,4964,76,rare,6,8712,3791,69.67927697352636
587,large_file,5442,84,rare,6,8718,3785,69.7272654562905
588,large_file,5447,70,rare,6,8724,3779,69.77525393905462
589,large_file,5676,86,rare,6,8730,3773,69.82324242181876
590,large_file,5734,115,rare,6,8736,3767,69.8712309045829
591,large_file,6189,122,rare,6,8742,3761,69.91921938734704
592,large_file,6248,107,rare,6,8748,3755,69.96720787011117
593,large_file,7025,84,rare,6,8754,3749,70.01519635287531
594,large_file,7354,95,rare,6,8760,3743,70.06318483563945
595,large_file,7370,72,rare,6,8766,3737,70.11117331840359
596,large_file,7382,103,rare,6,8772,3731,70.15916180116771
597,large_file,7533,122,rare,6,8778,3725,70.20715028393185
598,large_file,7571,83,rare,6,8784,3719,70.25513876669599
599,large_file,7615,83,rare,6,8790,3713,70.30312724946013
600,large_file,8152,106,rare,6,8796,3707,70.35111573222427
601,large_file,8497,75,rare,6,8802,3701,70.3991042149884
602,large_file,8541,75,rare,6,8808,3695,70.44709269775254
603,large_file,8633,76,rare,6,8814,3689,70.49508118051668
604,large_file,8671,83,rare,6,8820,3683,70.54306966328082
605,large_file,8684,75,rare,6,8826,3677,70.59105814604494
606,large_file,8795,71,rare,6,8832,3671,70.63904662880908
607,large_file,8798,88,rare,6,8838,3665,70.68703511157322
608,large_file,8892,94,rare,6,8844,3659,70.73502359433736
609,large_file,8895,125,rare,6,8850,3653,70.78301207710149
610,large_file,8951,104,rare,6,8856,3647,70.83100055986563
611,large_file,8983,65,rare,6,8862,3641,70.87898904262977
612,large_file,9035,108,rare,6,8868,3635,70.92697752539391
613,large_file,9427,88,rare,6,8874,3629,70.97496600815805
614,large_file,9633,79,rare,6,8880,3623,71.02295449092217
615,large_file,9879,86,rare,6,8886,3617,71.07094297368631
616,large_file,10271,89,rare,6,8892,3611,71.11893145645045
617,large_file,10697,68,rare,6,8898,3605,71.1669199392146
618,large_file,10995,86,rare,6,8904,3599,71.21490842197872
619,large_file,11144,93,rare,6,8910,3593,71.26289690474286
620,large_file,11487,108,rare,6,8916,3587,71.310885387507
621,large_file,11927,86,rare,6,8922,3581,71.35887387027114
622,large_file,12001,58,rare,6,8928,3575,71.40686235303527
623,large_file,12600,87,rare,6,8934,3569,71.4548508357994
624,large_file,12882,62,rare,6,8940,3563,71.50283931856355
625,large_file,12920,81,rare,6,8946,3557,71.55082780132769
626,large_file,12967,75,rare,6,8952,3551,71.59881628409182
627,large_file,13421,94,rare,6,8958,3545,71.64680476685595
628,large_file,13668,61,rare,6,8964,3539,71.69479324962009
629,large_file,14333,83,rare,6,8970,3533,71.74278173238423
630,large_file,14360,126,rare,6,8976,3527,71.79077021514837
631,large_file,14371,83,rare,6,8982,3521,71.8387586979125
632,large_file,14379,70,rare,6,8988,3515,71.88674718067664
633,large_file,14433,90,rare,6,8994,3509,71.93473566344078
634,large_file,14926,109,rare,6,9000,3503,71.98272414620492
635,large_file,15160,84,rare,6,9006,3497,72.03071262896904
636,large_file,15312,118,rare,6,9012,3491,72.07870111173318
637,large_file,15435,112,rare,6,9018,3485,72.12668959449732
638,large_file,15829,84,rare,6,9024,3479,72.17467807726146
639,large_file,15873,81,rare,6,9030,3473,72.22266656002559
640,large_file,15999,76,rare,6,9036,3467,72.27065504278973
641,large_file,16104,124,rare,6,9042,3461,72.31864352555387
642,large_file,16121,105,rare,6,9048,3455,72.366632008318
643,large_file,16207,83,rare,6,9054,3449,72.41462049108215
644,large_file,16294,108,rare,6,9060,3443,72.46260897384627
645,large_file,16603,108,rare,6,9066,3437,72.51059745661041
646,large_file,16666,110,rare,6,9072,3431,72.55858593937455
647,large_file,17103,113,rare,6,9078,3425,72.60657442213869
648,large_file,17243,102,rare,6,9084,3419,72.65456290490282
649,large_file,17740,71,rare,6,9090,3413,72.70255138766696
650,large_file,17799,90,rare,6,9096,3407,72.7505398704311
651,large_file,17822,78,rare,6,9102,3401,72.79852835319524
652,large_file,17851,83,rare,6,9108,3395,72.84651683595936
653,large_file,17939,114,rare,6,9114,3389,72.8945053187235
654,large_file,18087,102,rare,6,9120,3383,72.94249380148764
655,large_file,18256,85,rare,6,9126,3377,72.99048228425178
656,large_file,18353,90,rare,6,9132,3371,73.03847076701592
657,large_file,18440,86,rare,6,9138,3365,73.08645924978005
658,large_file,18629,89,rare,6,9144,3359,73.13444773254419
659,large_file,19154,87,rare,6,9150,3353,73.18243621530833
660,large_file,19920,69,rare,6,9156,3347,73.23042469807247
661,large_file,19921,80,rare,6,9162,3341,73.2784131808366
662,large_file,19956,88,rare,6,9168,3335,73.32640166360073
663,large_file,1179,77,rare,5,9173,3330,73.36639206590418
664,large_file,1793,88,rare,5,9178,3325,73.40638246820762
665,large_file,1898,71,rare,5,9183,3320,73.44637287051108
666,large_file,2003,86,rare,5,9188,3315,73.48636327281453
667,large_file,2068,94,rare,5,9193,3310,73.52635367511797
668,large_file,2078,83,rare,5,9198,3305,73.56634407742142
669,large_file,2095,114,rare,5,9203,3300,73.60633447972486
670,large_file,2106,123,rare,5,9208,3295,73.64632488202831
671,large_file,2201,76,rare,5,9213,3290,73.68631528433176
672,large_file,2236,110,rare,5,9218,3285,73.72630568663521
673,large_file,2299,75,rare,5,9223,3280,73.76629608893866
674,large_file,2531,82,rare,5,9228,3275,73.8062864912421
675,large_file,2955,71,rare,5,9233,3270,73.84627689354555
676,large_file,3383,73,rare,5,9238,3265,73.886267295849
677,large_file,3386,76,rare,5,9243,3260,73.92625769815244
678,large_file,3586,67,rare,5,9248,3255,73.96624810045589
679,large_file,3666,68,rare,5,9253,3250,74.00623850275933
680,large_file,4080,75,rare,5,9258,3245,74.04622890506279
681,large_file,4314,81,rare,5,9263,3240,74.08621930736624
682,large_file,4842,72,rare,5,9268,3235,74.12620970966968
683,large_file,4946,107,rare,5,9273,3230,74.16620011197313
684,large_file,4956,88,rare,5,9278,3225,74.20619051427657
685,large_file,5140,78,rare,5,9283,3220,74.24618091658002
686,large_file,5218,118,rare,5,9288,3215,74.28617131888346
687,large_file,5222,68,rare,5,9293,3210,74.32616172118692
688,large_file,5267,80,rare,5,9298,3205,74.36615212349037
689,large_file,5372,70,rare,5,9303,3200,74.40614252579381
690,large_file,5499,109,rare,5,9308,3195,74.44613292809726
691,large_file,5562,74,rare,5,9313,3190,74.4861233304007
692,large_file,5958,86,rare,5,9318,3185,74.52611373270415
693,large_file,6082,79,rare,5,9323,3180,74.56610413500759
694,large_file,6297,92,rare,5,9328,3175,74.60609453731105
695,large_file,6467,81,rare,5,9333,3170,74.6460849396145
696,large_file,6482,82,rare,5,9338,3165,74.68607534191794
697,large_file,6870,90,rare,5,9343,3160,74.72606574422139
698,large_file,7006,80,rare,5,9348,3155,74.76605614652483
699,large_file,7098,87,rare,5,9353,3150,74.80604654882828
700,large_file,7232,82,rare,5,9358,3145,74.84603695113172
701,large_file,7662,104,rare,5,9363,3140,74.88602735343518
702,large_file,7753,91,rare,5,9368,3135,74.92601775573863
703,large_file,7861,88,rare,5,9373,3130,74.96600815804207
704,large_file,8008,92,rare,5,9378,3125,75.00599856034552
705,large_file,8279,103,rare,5,9383,3120,75.04598896264896
706,large_file,8306,107,rare,5,9388,3115,75.08597936495241
707,large_file,8340,70,rare,5,9393,3110,75.12596976725585
708,large_file,8589,73,rare,5,9398,3105,75.16596016955931
709,large_file,8806,77,rare,5,9403,3100,75.20595057186276
710,large_file,8825,80,rare,5,9408,3095,75.2459409741662
711,large_file,8850,86,rare,5,9413,3090,75.28593137646965
712,large_file,8899,95,rare,5,9418,3085,75.3259217787731
713,large_file,9070,108,rare,5,9423,3080,75.36591218107654
714,large_file,9162,73,rare,5,9428,3075,75.40590258337998
715,large_file,9274,69,rare,5,9433,3070,75.44589298568344
716,large_file,9332,88,rare,5,9438,3065,75.48588338798689
717,large_file,9480,104,rare,5,9443,3060,75.52587379029033
718,large_file,9731,95,rare,5,9448,3055,75.56586419259378
719,large_file,9804,82,rare,5,9453,3050,75.60585459489722
720,large_file,9850,74,rare,5,9458,3045,75.64584499720067
721,large_file,9905,100,rare,5,9463,3040,75.68583539950411
722,large_file,10337,112,rare,5,9468,3035,75.72582580180756
723,large_file,10389,77,rare,5,9473,3030,75.76581620411102
724,large_file,10406,110,rare,5,9478,3025,75.80580660641446
725,large_file,10410,88,rare,5,9483,3020,75.84579700871791
726,large_file,10433,84,rare,5,9488,3015,75.88578741102135
727,large_file,10518,81,rare,5,9493,3010,75.9257778133248
728,large_file,10608,99,rare,5,9498,3005,75.96576821562824
729,large_file,10843,77,rare,5,9503,3000,76.00575861793169
730,large_file,10962,86,rare,5,9508,2995,76.04574902023515
731,large_file,10998,66,rare,5,9513,2990,76.0857394225386
732,large_file,11093,118,rare,5,9518,2985,76.12572982484204
733,large_file,11136,74,rare,5,9523,2980,76.16572022714548
734,large_file,11182,77,rare,5,9528,2975,76.20571062944893
735,large_file,11414,85,rare,5,9533,2970,76.24570103175238
736,large_file,11688,104,rare,5,9538,2965,76.28569143405582
737,large_file,11843,115,rare,5,9543,2960,76.32568183635928
738,large_file,11925,82,rare,5,9548,2955,76.36567223866273
739,large_file,11959,81,rare,5,9553,2950,76.40566264096617
740,large_file,12049,67,rare,5,9558,2945,76.44565304326962
741,large_file,12211,94,rare,5,9563,2940,76.48564344557306
742,large_file,12428,81,rare,5,9568,2935,76.5256338478765
743,large_file,12923,73,rare,5,9573,2930,76.56562425017995
744,large_file,13304,72,rare,5,9578,2925,76.60561465248341
745,large_file,13426,108,rare,5,9583,2920,76.64560505478686
746,large_file,13484,95,rare,5,9588,2915,76.6855954570903
747,large_file,13798,90,rare,5,9593,2910,76.72558585939375
748,large_file,13991,92,rare,5,9598,2905,76.76557626169719
749,large_file,14078,93,rare,5,9603,2900,76.80556666400064
750,large_file,14147,109,rare,5,9608,2895,76.84555706630408
751,large_file,14400,89,rare,5,9613,2890,76.88554746860754
752,large_file,14414,69,rare,5,9618,2885,76.92553787091099
753,large_file,14595,73,rare,5,9623,2880,76.96552827321443
754,large_file,14597,86,rare,5,9628,2875,77.00551867551788
755,large_file,15049,104,rare,5,9633,2870,77.04550907782132
756,large_file,15148,85,rare,5,9638,2865,77.08549948012477
757,large_file,15164,89,rare,5,9643,2860,77.12548988242821
758,large_file,15641,104,rare,5,9648,2855,77.16548028473166
759,large_file,15656,110,rare,5,9653,2850,77.20547068703512
760,large_file,16046,70,rare,5,9658,2845,77.24546108933856
761,large_file,16262,98,rare,5,9663,2840,77.28545149164201
762,large_file,16274,105,rare,5,9668,2835,77.32544189394545
763,large_file,16329,93,rare,5,9673,2830,77.3654322962489
764,large_file,16484,84,rare,5,9678,2825,77.40542269855234
765,large_file,16573,72,rare,5,9683,2820,77.44541310085579
766,large_file,16672,100,rare,5,9688,2815,77.48540350315925
767,large_file,17072,85,rare,5,9693,2810,77.52539390546269
768,large_file,17090,110,rare,5,9698,2805,77.56538430776614
769,large_file,17293,73,rare,5,9703,2800,77.60537471006958
770,large_file,17333,87,rare,5,9708,2795,77.64536511237303
771,large_file,17621,95,rare,5,9713,2790,77.68535551467647
772,large_file,17775,72,rare,5,9718,2785,77.72534591697992
773,large_file,17776,64,rare,5,9723,2780,77.76533631928338
774,large_file,18025,80,rare,5,9728,2775,77.80532672158682
775,large_file,18191,50,rare,5,9733,2770,77.84531712389027
776,large_file,18207,85,rare,5,9738,2765,77.88530752619371
777,large_file,18262,72,rare,5,9743,2760,77.92529792849716
778,large_file,18380,88,rare,5,9748,2755,77.9652883308006
779,large_file,18863,72,rare,5,9753,2750,78.00527873310405
780,large_file,19222,84,rare,5,9758,2745,78.04526913540751
781,large_file,19295,85,rare,5,9763,2740,78.08525953771095
782,large_file,19501,96,rare,5,9768,2735,78.1252499400144
783,large_file,19765,82,rare,5,9773,2730,78.16524034231784
784,large_file,19859,73,rare,5,9778,2725,78.20523074462129
785,large_file,19949,79,rare,5,9783,2720,78.24522114692473
786,large_file,19983,96,rare,5,9788,2715,78.28521154922818
787,large_file,19995,68,rare,5,9793,2710,78.32520195153164
788,large_file,789,112,rare,4,9797,2706,78.35719427337439
789,large_file,848,63,rare,4,9801,2702,78.38918659521715
790,large_file,859,63,rare,4,9805,2698,78.4211789170599
791,large_file,875,70,rare,4,9809,2694,78.45317123890267
792,large_file,900,86,rare,4,9813,2690,78.48516356074542
793,large_file,1127,80,rare,4,9817,2686,78.51715588258818
794,large_file,1290,116,rare,4,9821,2682,78.54914820443094
795,large_file,1438,108,rare,4,9825,2678,78.5811405262737
796,large_file,1678,86,rare,4,9829,2674,78.61313284811645
797,large_file,1873,73,rare,4,9833,2670,78.64512516995921
798,large_file,1910,75,rare,4,9837,2666,78.67711749180197
799,large_file,2014,80,rare,4,9841,2662,78.70910981364473
800,large_file,2289,72,rare,4,9845,2658,78.74110213548748
801,large_file,2657,83,rare,4,9849,2654,78.77309445733025
802,large_file,2707,95,rare,4,9853,2650,78.805086779173
803,large_file,3031,114,rare,4,9857,2646,78.83707910101576
804,large_file,3159,78,rare,4,9861,2642,78.86907142285851
805,large_file,3373,83,rare,4,9865,2638,78.90106374470128
806,large_file,3384,68,rare,4,9869,2634,78.93305606654403
807,large_file,3419,67,rare,4,9873,2630,78.96504838838679
808,large_file,3455,68,rare,4,9877,2626,78.99704071022954
809,large_file,3581,84,rare,4,9881,2622,79.0290330320723
810,large_file,3920,92,rare,4,9885,2618,79.06102535391506
811,large_file,4110,106,rare,4,9889,2614,79.09301767575782
812,large_file,4134,59,rare,4,9893,2610,79.12500999760057
813,large_file,4412,103,rare,4,9897,2606,79.15700231944334
814,large_file,4560,67,rare,4,9901,2602,79.18899464128609
815,large_file,4764,98,rare,4,9905,2598,79.22098696312885
816,large_file,4815,82,rare,4,9909,2594,79.2529792849716
817,large_file,4819,87,rare,4,9913,2590,79.28497160681437
818,large_file,4885,74,rare,4,9917,2586,79.31696392865712
819,large_file,5292,86,rare,4,9921,2582,79.34895625049988
820,large_file,5296,107,rare,4,9925,2578,79.38094857234263
821,large_file,5307,69,rare,4,9929,2574,79.4129408941854
822,large_file,5352,65,rare,4,9933,2570,79.44493321602815
823,large_file,5407,84,rare,4,9937,2566,79.47692553787091
824,large_file,5590,107,rare,4,9941,2562,79.50891785971366
825,large_file,5713,70,rare,4,9945,2558,79.54091018155643
826,large_file,5836,84,rare,4,9949,2554,79.57290250339918
827,large_file,5844,110,rare,4,9953,2550,79.60489482524194
828,large_file,5916,104,rare,4,9957,2546,79.63688714708469
829,large_file,5924,81,rare,4,9961,2542,79.66887946892746
830,large_file,5973,82,rare,4,9965,2538,79.70087179077022
831,large_file,6027,104,rare,4,9969,2534,79.73286411261297
832,large_file,6220,88,rare,4,9973,2530,79.76485643445574
833,large_file,6253,82,rare,4,9977,2526,79.79684875629849
834,large_file,6335,104,rare,4,9981,2522,79.82884107814125
835,large_file,6508,69,rare,4,9985,2518,79.860833399984
836,large_file,6750,74,rare,4,9989,2514,79.89282572182677
837,large_file,6887,80,rare,4,9993,2510,79.92481804366952
838,large_file,7005,19,rare,4,9997,2506,79.95681036551228
839,large_file,7053,85,rare,4,10001,2502,79.98880268735503
840,large_file,7625,97,rare,4,10005,2498,80.0207950091978
841,large_file,7734,68,rare,4,10009,2494,80.05278733104055
842,large_file,7966,91,rare,4,10013,2490,80.08477965288331
843,large_file,8195,70,rare,4,10017,2486,80.11677197472606
844,large_file,8196,98,rare,4,10021,2482,80.14876429656883
845,large_file,8673,81,rare,4,10025,2478,80.18075661841158
846,large_file,9025,95,rare,4,10029,2474,80.21274894025434
847,large_file,9082,130,rare,4,10033,2470,80.2447412620971
848,large_file,9101,87,rare,4,10037,2466,80.27673358393986
849,large_file,9171,95,rare,4,10041,2462,80.30872590578261
850,large_file,9386,73,rare,4,10045,2458,80.34071822762537
851,large_file,9428,89,rare,4,10049,2454,80.37271054946812
852,large_file,9512,85,rare,4,10053,2450,80.40470287131089
853,large_file,9981,108,rare,4,10057,2446,80.43669519315364
854,large_file,10098,103,rare,4,10061,2442,80.4686875149964
855,large_file,10171,81,rare,4,10065,2438,80.50067983683915
856,large_file,10270,89,rare,4,10069,2434,80.53267215868192
857,large_file,10417,74,rare,4,10073,2430,80.56466448052467
858,large_file,10535,67,rare,4,10077,2426,80.59665680236743
859,large_file,10654,82,rare,4,10081,2422,80.62864912421018
860,large_file,10745,113,rare,4,10085,2418,80.66064144605295
861,large_file,10920,57,rare,4,10089,2414,80.6926337678957
862,large_file,10999,73,rare,4,10093,2410,80.72462608973846
863,large_file,11123,100,rare,4,10097,2406,80.75661841158121
864,large_file,11488,65,rare,4,10101,2402,80.78861073342398
865,large_file,11841,80,rare,4,10105,2398,80.82060305526673
866,large_file,12145,83,rare,4,10109,2394,80.8525953771095
867,large_file,12208,73,rare,4,10113,2390,80.88458769895225
868,large_file,12612,85,rare,4,10117,2386,80.91658002079501
869,large_file,12719,99,rare,4,10121,2382,80.94857234263776
870,large_file,12884,87,rare,4,10125,2378,80.98056466448053
871,large_file,12937,77,rare,4,10129,2374,81.01255698632328
872,large_file,12979,95,rare,4,10133,2370,81.04454930816604
873,large_file,13369,66,rare,4,10137,2366,81.0765416300088
874,large_file,13404,106,rare,4,10141,2362,81.10853395185156
875,large_file,13527,73,rare,4,10145,2358,81.14052627369432
876,large_file,13878,96,rare,4,10149,2354,81.17251859553707
877,large_file,13910,101,rare,4,10153,2350,81.20451091737984
878,large_file,13924,95,rare,4,10157,2346,81.23650323922259
879,large_file,14031,87,rare,4,10161,2342,81.26849556106535
880,large_file,14037,125,rare,4,10165,2338,81.3004878829081
881,large_file,14165,75,rare,4,10169,2334,81.33248020475087
882,large_file,14196,96,rare,4,10173,2330,81.36447252659362
883,large_file,14290,80,rare,4,10177,2326,81.39646484843638
884,large_file,14487,86,rare,4,10181,2322,81.42845717027913
885,large_file,14832,75,rare,4,10185,2318,81.4604494921219
886,large_file,14894,85,rare,4,10189,2314,81.49244181396465
887,large_file,15194,88,rare,4,10193,2310,81.52443413580741
888,large_file,15280,86,rare,4,10197,2306,81.55642645765016
889,large_file,15516,85,rare,4,10201,2302,81.58841877949293
890,large_file,15714,109,rare,4,10205,2298,81.62041110133568
891,large_file,15955,80,rare,4,10209,2294,81.65240342317844
892,large_file,16050,93,rare,4,10213,2290,81.68439574502119
893,large_file,16183,74,rare,4,10217,2286,81.71638806686396
894,large_file,16465,89,rare,4,10221,2282,81.7483803887067
895,large_file,16511,101,rare,4,10225,2278,81.78037271054947
896,large_file,16699,85,rare,4,10229,2274,81.81236503239222
897,large_file,16740,82,rare,4,10233,2270,81.84435735423499
898,large_file,16999,71,rare,4,10237,2266,81.87634967607774
899,large_file,17035,100,rare,4,10241,2262,81.9083419979205
900,large_file,17191,88,rare,4,10245,2258,81.94033431976325
901,large_file,17258,91,rare,4,10249,2254,81.97232664160602
902,large_file,17322,76,rare,4,10253,2250,82.00431896344877
903,large_file,17785,29,rare,4,10257,2246,82.03631128529153
904,large_file,17837,73,rare,4,10261,2242,82.06830360713428
905,large_file,18004,113,rare,4,10265,2238,82.10029592897705
906,large_file,18022,63,rare,4,10269,2234,82.1322882508198
907,large_file,18079,90,rare,4,10273,2230,82.16428057266256
908,large_file,18091,121,rare,4,10277,2226,82.19627289450531
909,large_file,18142,86,rare,4,10281,2222,82.22826521634808
910,large_file,18409,112,rare,4,10285,2218,82.26025753819083
911,large_file,18481,102,rare,4,10289,2214,82.29224986003359
912,large_file,18624,78,rare,4,10293,2210,82.32424218187634
913,large_file,18846,87,rare,4,10297,2206,82.35623450371911
914,large_file,18891,84,rare,4,10301,2202,82.38822682556186
915,large_file,18909,91,rare,4,10305,2198,82.42021914740462
916,large_file,19212,73,rare,4,10309,2194,82.45221146924737
917,large_file,19237,86,rare,4,10313,2190,82.48420379109014
918,large_file,19436,82,rare,4,10317,2186,82.5161961129329
919,large_file,19629,89,rare,4,10321,2182,82.54818843477565
920,large_file,19775,81,rare,4,10325,2178,82.58018075661842
921,large_file,19781,74,rare,4,10329,2174,82.61217307846117
922,large_file,19961,79,rare,4,10333,2170,82.64416540030393
923,large_file,19967,80,rare,4,10337,2166,82.67615772214668
924,large_file,889,82,rare,3,10340,2163,82.70015196352875
925,large_file,1000,65,rare,3,10343,2160,82.72414620491082
926,large_file,1062,87,rare,3,10346,2157,82.7481404462929
927,large_file,1113,82,rare,3,10349,2154,82.77213468767496
928,large_file,1176,98,rare,3,10352,2151,82.79612892905702
929,large_file,1252,62,rare,3,10355,2148,82.82012317043909
930,large_file,1324,126,rare,3,10358,2145,82.84411741182116
931,large_file,1343,98,rare,3,10361,2142,82.86811165320323
932,large_file,1460,95,rare,3,10364,2139,82.8921058945853
933,large_file,1505,68,rare,3,10367,2136,82.91610013596737
934,large_file,1622,79,rare,3,10370,2133,82.94009437734944
935,large_file,1633,88,rare,3,10373,2130,82.96408861873151
936,large_file,1709,95,rare,3,10376,2127,82.98808286011358
937,large_file,1748,87,rare,3,10379,2124,83.01207710149563
938,large_file,1774,89,rare,3,10382,2121,83.0360713428777
939,large_file,1788,76,rare,3,10385,2118,83.06006558425977
940,large_file,1839,79,rare,3,10388,2115,83.08405982564184
941,large_file,1850,105,rare,3,10391,2112,83.10805406702391
942,large_file,2016,40,rare,3,10394,2109,83.13204830840598
943,large_file,2170,96,rare,3,10397,2106,83.15604254978805
944,large_file,2175,13,rare,3,10400,2103,83.18003679117012
945,large_file,2400,70,rare,3,10403,2100,83.2040310325522
946,large_file,2606,92,rare,3,10406,2097,83.22802527393425
947,large_file,2636,90,rare,3,10409,2094,83.25201951531632
948,large_file,2940,67,rare,3,10412,2091,83.27601375669839
949,large_file,3110,91,rare,3,10415,2088,83.30000799808046
950,large_file,3166,78,rare,3,10418,2085,83.32400223946253
951,large_file,3243,111,rare,3,10421,2082,83.3479964808446
952,large_file,3292,80,rare,3,10424,2079,83.37199072222667
953,large_file,3293,59,rare,3,10427,2076,83.39598496360874
954,large_file,3361,76,rare,3,10430,2073,83.4199792049908
955,large_file,3370,91,rare,3,10433,2070,83.44397344637287
956,large_file,3450,57,rare,3,10436,2067,83.46796768775494
957,large_file,3553,109,rare,3,10439,2064,83.491961929137
958,large_file,3617,76,rare,3,10442,2061,83.51595617051908
959,large_file,3782,77,rare,3,10445,2058,83.53995041190115
960,large_file,3830,68,rare,3,10448,2055,83.56394465328322
961,large_file,4038,83,rare,3,10451,2052,83.58793889466529
962,large_file,4158,79,rare,3,10454,2049,83.61193313604736
963,large_file,4219,68,rare,3,10457,2046,83.63592737742941
964,large_file,4320,68,rare,3,10460,2043,83.65992161881148
965,large_file,4358,112,rare,3,10463,2040,83.68391586019355
966,large_file,4360,62,rare,3,10466,2037,83.70791010157562
967,large_file,4498,100,rare,3,10469,2034,83.73190434295769
968,large_file,4529,108,rare,3,10472,2031,83.75589858433976
969,large_file,4540,85,rare,3,10475,2028,83.77989282572183
970,large_file,5072,110,rare,3,10478,2025,83.8038870671039
971,large_file,5142,78,rare,3,10481,2022,83.82788130848596
972,large_file,5164,88,rare,3,10484,2019,83.85187554986803
973,large_file,5237,76,rare,3,10487,2016,83.8758697912501
974,large_file,5380,91,rare,3,10490,2013,83.89986403263217
975,large_file,5531,92,rare,3,10493,2010,83.92385827401424
976,large_file,5545,69,rare,3,10496,2007,83.9478525153963
977,large_file,5555,67,rare,3,10499,2004,83.97184675677838
978,large_file,5759,105,rare,3,10502,2001,83.99584099816045
979,large_file,5841,93,rare,3,10505,1998,84.01983523954252
980,large_file,5947,126,rare,3,10508,1995,84.04382948092457
981,large_file,6213,84,rare,3,10511,1992,84.06782372230664
982,large_file,6226,63,rare,3,10514,1989,84.09181796368871
983,large_file,6231,69,rare,3,10517,1986,84.11581220507078
984,large_file,6258,74,rare,3,10520,1983,84.13980644645285
985,large_file,6645,91,rare,3,10523,1980,84.16380068783492
986,large_file,6663,83,rare,3,10526,1977,84.18779492921699
987,large_file,6808,99,rare,3,10529,1974,84.21178917059906
988,large_file,6813,86,rare,3,10532,1971,84.23578341198113
989,large_file,6991,52,rare,3,10535,1968,84.25977765336319
990,large_file,7081,111,rare,3,10538,1965,84.28377189474526
991,large_file,7099,61,rare,3,10541,1962,84.30776613612733
992,large_file,7122,78,rare,3,10544,1959,84.3317603775094
993,large_file,7200,108,rare,3,10547,1956,84.35575461889147
994,large_file,7298,72,rare,3,10550,1953,84.37974886027354
995,large_file,7307,78,rare,3,10553,1950,84.4037431016556
996,large_file,7416,61,rare,3,10556,1947,84.42773734303768
997,large_file,7453,84,rare,3,10559,1944,84.45173158441973
998,large_file,7485,86,rare,3,10562,1941,84.4757258258018
999,large_file,7505,87,rare,3,10565,1938,84.49972006718387
1000,large_file,7846,84,rare,3,10568,1935,84.52371430856594
1001,large_file,7863,81,rare,3,10571,1932,84.54770854994801
1002,large_file,7957,91,rare,3,10574,1929,84.57170279133008
1003,large_file,8116,103,rare,3,10577,1926,84.59569703271215
1004,large_file,8121,85,rare,3,10580,1923,84.61969127409422
1005,large_file,8178,66,rare,3,10583,1920,84.64368551547629
1006,large_file,8247,62,rare,3,10586,1917,84.66767975685835
1007,large_file,8256,93,rare,3,10589,1914,84.69167399824042
1008,large_file,8389,108,rare,3,10592,1911,84.71566823962249
1009,large_file,8470,64,rare,3,10595,1908,84.73966248100456
1010,large_file,8498,84,rare,3,10598,1905,84.76365672238663
1011,large_file,8507,82,rare,3,10601,1902,84.7876509637687
1012,large_file,8655,107,rare,3,10604,1899,84.81164520515077
1013,large_file,8668,95,rare,3,10607,1896,84.83563944653284
1014,large_file,8730,95,rare,3,10610,1893,84.8596336879149
1015,large_file,8771,82,rare,3,10613,1890,84.88362792929696
1016,large_file,8925,112,rare,3,10616,1887,84.90762217067903
1017,large_file,8968,99,rare,3,10619,1884,84.9316164120611
1018,large_file,9084,74,rare,3,10622,1881,84.95561065344317
1019,large_file,9231,74,rare,3,10625,1878,84.97960489482524
1020,large_file,9320,95,rare,3,10628,1875,85.00359913620731
1021,large_file,9338,82,rare,3,10631,1872,85.02759337758938
1022,large_file,9416,113,rare,3,10634,1869,85.05158761897145
1023,large_file,9554,82,rare,3,10637,1866,85.07558186035351
1024,large_file,9612,79,rare,3,10640,1863,85.09957610173558
1025,large_file,9728,107,rare,3,10643,1860,85.12357034311765
1026,large_file,9776,106,rare,3,10646,1857,85.14756458449972
1027,large_file,9814,80,rare,3,10649,1854,85.17155882588179
1028,large_file,10071,78,rare,3,10652,1851,85.19555306726386
1029,large_file,10349,82,rare,3,10655,1848,85.21954730864593
1030,large_file,10379,129,rare,3,10658,1845,85.243541550028
1031,large_file,10488,90,rare,3,10661,1842,85.26753579141007
1032,large_file,10537,70,rare,3,10664,1839,85.29153003279212
1033,large_file,10711,106,rare,3,10667,1836,85.3155242741742
1034,large_file,10832,66,rare,3,10670,1833,85.33951851555626
1035,large_file,10840,99,rare,3,10673,1830,85.36351275693833
1036,large_file,10873,85,rare,3,10676,1827,85.3875069983204
1037,large_file,10928,68,rare,3,10679,1824,85.41150123970247
1038,large_file,10976,66,rare,3,10682,1821,85.43549548108454
1039,large_file,11002,64,rare,3,10685,1818,85.45948972246661
1040,large_file,11004,81,rare,3,10688,1815,85.48348396384867
1041,large_file,11106,108,rare,3,10691,1812,85.50747820523074
1042,large_file,11214,112,rare,3,10694,1809,85.53147244661281
1043,large_file,11284,80,rare,3,10697,1806,85.55546668799488
1044,large_file,11368,69,rare,3,10700,1803,85.57946092937695
1045,large_file,11672,82,rare,3,10703,1800,85.60345517075902
1046,large_file,11714,66,rare,3,10706,1797,85.62744941214109
1047,large_file,11828,85,rare,3,10709,1794,85.65144365352316
1048,large_file,11852,79,rare,3,10712,1791,85.67543789490523
1049,large_file,11861,80,rare,3,10715,1788,85.69943213628729
1050,large_file,11947,103,rare,3,10718,1785,85.72342637766936
1051,large_file,12090,74,rare,3,10721,1782,85.74742061905143
1052,large_file,12152,94,rare,3,10724,1779,85.7714148604335
1053,large_file,12196,87,rare,3,10727,1776,85.79540910181557
1054,large_file,12235,64,rare,3,10730,1773,85.81940334319764
1055,large_file,12238,92,rare,3,10733,1770,85.8433975845797
1056,large_file,12449,68,rare,3,10736,1767,85.86739182596177
1057,large_file,12452,68,rare,3,10739,1764,85.89138606734383
1058,large_file,12485,119,rare,3,10742,1761,85.9153803087259
1059,large_file,12571,91,rare,3,10745,1758,85.93937455010797
1060,large_file,12576,97,rare,3,10748,1755,85.96336879149004
1061,large_file,12799,81,rare,3,10751,1752,85.98736303287211
1062,large_file,12833,93,rare,3,10754,1749,86.01135727425418
1063,large_file,12865,78,rare,3,10757,1746,86.03535151563625
1064,large_file,12880,86,rare,3,10760,1743,86.05934575701832
1065,large_file,12991,77,rare,3,10763,1740,86.08333999840039
1066,large_file,13071,92,rare,3,10766,1737,86.10733423978245
1067,large_file,13102,82,rare,3,10769,1734,86.13132848116452
1068,large_file,13151,66,rare,3,10772,1731,86.15532272254659
1069,large_file,13233,71,rare,3,10775,1728,86.17931696392866
1070,large_file,13557,77,rare,3,10778,1725,86.20331120531073
1071,large_file,13563,82,rare,3,10781,1722,86.2273054466928
1072,large_file,13644,81,rare,3,10784,1719,86.25129968807487
1073,large_file,13650,71,rare,3,10787,1716,86.27529392945694
1074,large_file,13790,77,rare,3,10790,1713,86.29928817083899
1075,large_file,13808,89,rare,3,10793,1710,86.32328241222106
1076,large_file,13828,91,rare,3,10796,1707,86.34727665360313
1077,large_file,13850,69,rare,3,10799,1704,86.3712708949852
1078,large_file,13909,75,rare,3,10802,1701,86.39526513636727
1079,large_file,14058,96,rare,3,10805,1698,86.41925937774934
1080,large_file,14229,105,rare,3,10808,1695,86.44325361913141
1081,large_file,14242,92,rare,3,10811,1692,86.46724786051348
1082,large_file,14450,105,rare,3,10814,1689,86.49124210189555
1083,large_file,14499,83,rare,3,10817,1686,86.5152363432776
1084,large_file,14688,103,rare,3,10820,1683,86.53923058465968
1085,large_file,14768,89,rare,3,10823,1680,86.56322482604175
1086,large_file,14851,95,rare,3,10826,1677,86.58721906742382
1087,large_file,14871,69,rare,3,10829,1674,86.61121330880589
1088,large_file,14888,102,rare,3,10832,1671,86.63520755018796
1089,large_file,14899,70,rare,3,10835,1668,86.65920179157003
1090,large_file,14918,65,rare,3,10838,1665,86.6831960329521
1091,large_file,14936,86,rare,3,10841,1662,86.70719027433417
1092,large_file,15138,109,rare,3,10844,1659,86.73118451571622
1093,large_file,15179,80,rare,3,10847,1656,86.75517875709829
1094,large_file,15591,75,rare,3,10850,1653,86.77917299848036
1095,large_file,15711,107,rare,3,10853,1650,86.80316723986243
1096,large_file,15870,70,rare,3,10856,1647,86.8271614812445
1097,large_file,16140,73,rare,3,10859,1644,86.85115572262657
1098,large_file,16199,88,rare,3,10862,1641,86.87514996400864
1099,large_file,16257,91,rare,3,10865,1638,86.89914420539071
1100,large_file,16462,77,rare,3,10868,1635,86.92313844677277
1101,large_file,16588,63,rare,3,10871,1632,86.94713268815484
1102,large_file,16755,101,rare,3,10874,1629,86.97112692953691
1103,large_file,16960,85,rare,3,10877,1626,86.99512117091898
1104,large_file,16989,65,rare,3,10880,1623,87.01911541230105
1105,large_file,17299,67,rare,3,10883,1620,87.04310965368312
1106,large_file,17302,109,rare,3,10886,1617,87.06710389506519
1107,large_file,17464,80,rare,3,10889,1614,87.09109813644726
1108,large_file,17541,69,rare,3,10892,1611,87.11509237782933
1109,large_file,17661,68,rare,3,10895,1608,87.13908661921138
1110,large_file,17807,81,rare,3,10898,1605,87.16308086059345
1111,large_file,17891,45,rare,3,10901,1602,87.18707510197552
1112,large_file,17908,114,rare,3,10904,1599,87.2110693433576
1113,large_file,17986,66,rare,3,10907,1596,87.23506358473966
1114,large_file,18031,87,rare,3,10910,1593,87.25905782612173
1115,large_file,18054,101,rare,3,10913,1590,87.2830520675038
1116,large_file,18084,88,rare,3,10916,1587,87.30704630888587
1117,large_file,18398,99,rare,3,10919,1584,87.33104055026793
1118,large_file,18404,87,rare,3,10922,1581,87.35503479165
1119,large_file,18661,76,rare,3,10925,1578,87.37902903303207
1120,large_file,18722,90,rare,3,10928,1575,87.40302327441414
1121,large_file,18865,54,rare,3,10931,1572,87.42701751579621
1122,large_file,18976,77,rare,3,10934,1569,87.45101175717828
1123,large_file,19020,79,rare,3,10937,1566,87.47500599856035
1124,large_file,19043,98,rare,3,10940,1563,87.49900023994242
1125,large_file,19072,113,rare,3,10943,1560,87.52299448132449
1126,large_file,19172,72,rare,3,10946,1557,87.54698872270654
1127,large_file,19240,71,rare,3,10949,1554,87.57098296408861
1128,large_file,19249,101,rare,3,10952,1551,87.59497720547068
1129,large_file,19337,86,rare,3,10955,1548,87.61897144685275
1130,large_file,19341,98,rare,3,10958,1545,87.64296568823482
1131,large_file,19385,68,rare,3,10961,1542,87.6669599296169
1132,large_file,19445,64,rare,3,10964,1539,87.69095417099896
1133,large_file,19497,82,rare,3,10967,1536,87.71494841238103
1134,large_file,19747,80,rare,3,10970,1533,87.7389426537631
1135,large_file,19884,65,rare,3,10973,1530,87.76293689514516
1136,large_file,19890,92,rare,3,10976,1527,87.78693113652723
1137,large_file,19977,71,rare,3,10979,1524,87.8109253779093
1138,large_file,19984,85,rare,3,10982,1521,87.83491961929137
1139,large_file,740,108,rare,2,10984,1519,87.85091578021274
1140,large_file,763,65,rare,2,10986,1517,87.86691194113413
1141,large_file,840,63,rare,2,10988,1515,87.88290810205551
1142,large_file,857,108,rare,2,10990,1513,87.89890426297688
1143,large_file,880,67,rare,2,10992,1511,87.91490042389826
1144,large_file,896,79,rare,2,10994,1509,87.93089658481965
1145,large_file,921,104,rare,2,10996,1507,87.94689274574102
1146,large_file,969,98,rare,2,10998,1505,87.9628889066624
1147,large_file,1040,114,rare,2,11000,1503,87.97888506758378
1148,large_file,1093,112,rare,2,11002,1501,87.99488122850516
1149,large_file,1100,72,rare,2,11004,1499,88.01087738942654
1150,large_file,1133,83,rare,2,11006,1497,88.02687355034791
1151,large_file,1158,71,rare,2,11008,1495,88.04286971126929
1152,large_file,1218,76,rare,2,11010,1493,88.05886587219068
1153,large_file,1222,101,rare,2,11012,1491,88.07486203311205
1154,large_file,1315,104,rare,2,11014,1489,88.09085819403343
1155,large_file,1338,86,rare,2,11016,1487,88.1068543549548
1156,large_file,1508,89,rare,2,11018,1485,88.1228505158762
1157,large_file,1530,62,rare,2,11020,1483,88.13884667679757
1158,large_file,1559,87,rare,2,11022,1481,88.15484283771895
1159,large_file,1593,61,rare,2,11024,1479,88.17083899864032
1160,large_file,1612,75,rare,2,11026,1477,88.18683515956171
1161,large_file,1649,71,rare,2,11028,1475,88.20283132048309
1162,large_file,1653,103,rare,2,11030,1473,88.21882748140446
1163,large_file,1665,71,rare,2,11032,1471,88.23482364232584
1164,large_file,1676,78,rare,2,11034,1469,88.25081980324723
1165,large_file,1679,96,rare,2,11036,1467,88.2668159641686
1166,large_file,1688,58,rare,2,11038,1465,88.28281212508998
1167,large_file,1693,73,rare,2,11040,1463,88.29880828601135
1168,large_file,1735,69,rare,2,11042,1461,88.31480444693274
1169,large_file,1749,90,rare,2,11044,1459,88.33080060785412
1170,large_file,1772,85,rare,2,11046,1457,88.34679676877549
1171,large_file,1777,60,rare,2,11048,1455,88.36279292969687
1172,large_file,2117,70,rare,2,11050,1453,88.37878909061826
1173,large_file,2164,62,rare,2,11052,1451,88.39478525153963
1174,large_file,2229,47,rare,2,11054,1449,88.410781412461
1175,large_file,2244,69,rare,2,11056,1447,88.4267775733824
1176,large_file,2325,67,rare,2,11058,1445,88.44277373430377
1177,large_file,2416,70,rare,2,11060,1443,88.45876989522515
1178,large_file,2476,93,rare,2,11062,1441,88.47476605614652
1179,large_file,2532,80,rare,2,11064,1439,88.49076221706791
1180,large_file,2583,90,rare,2,11066,1437,88.50675837798929
1181,large_file,2627,87,rare,2,11068,1435,88.52275453891066
1182,large_file,2634,92,rare,2,11070,1433,88.53875069983204
1183,large_file,2667,87,rare,2,11072,1431,88.55474686075343
1184,large_file,2709,82,rare,2,11074,1429,88.5707430216748
1185,large_file,2890,93,rare,2,11076,1427,88.58673918259618
1186,large_file,2903,102,rare,2,11078,1425,88.60273534351755
1187,large_file,2915,89,rare,2,11080,1423,88.61873150443894
1188,large_file,3102,81,rare,2,11082,1421,88.63472766536032
1189,large_file,3125,66,rare,2,11084,1419,88.65072382628169
1190,large_file,3138,81,rare,2,11086,1417,88.66671998720307
1191,large_file,3140,87,rare,2,11088,1415,88.68271614812446
1192,large_file,3171,63,rare,2,11090,1413,88.69871230904583
1193,large_file,3221,106,rare,2,11092,1411,88.7147084699672
1194,large_file,3285,68,rare,2,11094,1409,88.73070463088858
1195,large_file,3329,73,rare,2,11096,1407,88.74670079180997
1196,large_file,3364,94,rare,2,11098,1405,88.76269695273135
1197,large_file,3447,64,rare,2,11100,1403,88.77869311365272
1198,large_file,3454,83,rare,2,11102,1401,88.7946892745741
1199,large_file,3484,82,rare,2,11104,1399,88.81068543549549
1200,large_file,3500,66,rare,2,11106,1397,88.82668159641686
1201,large_file,3585,65,rare,2,11108,1395,88.84267775733824
1202,large_file,3609,74,rare,2,11110,1393,88.85867391825961
1203,large_file,3659,117,rare,2,11112,1391,88.874670079181
1204,large_file,3686,74,rare,2,11114,1389,88.89066624010238
1205,large_file,3691,82,rare,2,11116,1387,88.90666240102375
1206,large_file,3699,70,rare,2,11118,1385,88.92265856194513
1207,large_file,3823,99,rare,2,11120,1383,88.93865472286652
1208,large_file,3838,70,rare,2,11122,1381,88.95465088378789
1209,large_file,3839,67,rare,2,11124,1379,88.97064704470927
1210,large_file,3866,98,rare,2,11126,1377,88.98664320563064
1211,large_file,3900,53,rare,2,11128,1375,89.00263936655203
1212,large_file,3911,83,rare,2,11130,1373,89.0186355274734
1213,large_file,3998,70,rare,2,11132,1371,89.03463168839478
1214,large_file,4009,77,rare,2,11134,1369,89.05062784931616
1215,large_file,4046,78,rare,2,11136,1367,89.06662401023755
1216,large_file,4149,52,rare,2,11138,1365,89.08262017115892
1217,large_file,4221,45,rare,2,11140,1363,89.0986163320803
1218,large_file,4242,102,rare,2,11142,1361,89.11461249300167
1219,large_file,4248,95,rare,2,11144,1359,89.13060865392306
1220,large_file,4286,101,rare,2,11146,1357,89.14660481484444
1221,large_file,4338,79,rare,2,11148,1355,89.16260097576581
1222,large_file,4345,99,rare,2,11150,1353,89.1785971366872
1223,large_file,4406,75,rare,2,11152,1351,89.19459329760858
1224,large_file,4462,62,rare,2,11154,1349,89.21058945852995
1225,large_file,4466,85,rare,2,11156,1347,89.22658561945133
1226,large_file,4592,93,rare,2,11158,1345,89.24258178037272
1227,large_file,4651,110,rare,2,11160,1343,89.25857794129409
1228,large_file,4657,66,rare,2,11162,1341,89.27457410221547
1229,large_file,4743,84,rare,2,11164,1339,89.29057026313684
1230,large_file,4748,86,rare,2,11166,1337,89.30656642405823
1231,large_file,4769,85,rare,2,11168,1335,89.32256258497961
1232,large_file,4773,85,rare,2,11170,1333,89.33855874590098
1233,large_file,4775,64,rare,2,11172,1331,89.35455490682236
1234,large_file,4777,79,rare,2,11174,1329,89.37055106774375
1235,large_file,4782,78,rare,2,11176,1327,89.38654722866512
1236,large_file,4830,56,rare,2,11178,1325,89.4025433895865
1237,large_file,4886,24,rare,2,11180,1323,89.41853955050787
1238,large_file,4918,92,rare,2,11182,1321,89.43453571142926
1239,large_file,4980,103,rare,2,11184,1319,89.45053187235064
1240,large_file,4986,56,rare,2,11186,1317,89.46652803327201
1241,large_file,4990,115,rare,2,11188,1315,89.48252419419339
1242,large_file,5017,110,rare,2,11190,1313,89.49852035511478
1243,large_file,5024,90,rare,2,11192,1311,89.51451651603615
1244,large_file,5025,51,rare,2,11194,1309,89.53051267695753
1245,large_file,5077,67,rare,2,11196,1307,89.5465088378789
1246,large_file,5078,75,rare,2,11198,1305,89.56250499880029
1247,large_file,5113,101,rare,2,11200,1303,89.57850115972167
1248,large_file,5148,93,rare,2,11202,1301,89.59449732064304
1249,large_file,5180,77,rare,2,11204,1299,89.61049348156442
1250,large_file,5210,63,rare,2,11206,1297,89.62648964248581
1251,large_file,5246,69,rare,2,11208,1295,89.64248580340718
1252,large_file,5353,71,rare,2,11210,1293,89.65848196432856
1253,large_file,5366,113,rare,2,11212,1291,89.67447812524993
1254,large_file,5413,58,rare,2,11214,1289,89.69047428617132
1255,large_file,5422,84,rare,2,11216,1287,89.7064704470927
1256,large_file,5444,75,rare,2,11218,1285,89.72246660801407
1257,large_file,5454,94,rare,2,11220,1283,89.73846276893545
1258,large_file,5464,64,rare,2,11222,1281,89.75445892985684
1259,large_file,5486,102,rare,2,11224,1279,89.77045509077821
1260,large_file,5507,95,rare,2,11226,1277,89.78645125169959
1261,large_file,5515,59,rare,2,11228,1275,89.80244741262096
1262,large_file,5572,69,rare,2,11230,1273,89.81844357354235
1263,large_file,5574,75,rare,2,11232,1271,89.83443973446373
1264,large_file,5669,81,rare,2,11234,1269,89.8504358953851
1265,large_file,5691,65,rare,2,11236,1267,89.8664320563065
1266,large_file,5741,66,rare,2,11238,1265,89.88242821722787
1267,large_file,5771,84,rare,2,11240,1263,89.89842437814924
1268,large_file,5809,118,rare,2,11242,1261,89.91442053907062
1269,large_file,5828,111,rare,2,11244,1259,89.93041669999201
1270,large_file,5853,81,rare,2,11246,1257,89.94641286091338
1271,large_file,5855,69,rare,2,11248,1255,89.96240902183476
1272,large_file,5988,96,rare,2,11250,1253,89.97840518275613
1273,large_file,6118,74,rare,2,11252,1251,89.99440134367752
1274,large_file,6141,66,rare,2,11254,1249,90.0103975045989
1275,large_file,6199,70,rare,2,11256,1247,90.02639366552027
1276,large_file,6257,91,rare,2,11258,1245,90.04238982644165
1277,large_file,6264,84,rare,2,11260,1243,90.05838598736304
1278,large_file,6306,65,rare,2,11262,1241,90.07438214828441
1279,large_file,6312,58,rare,2,11264,1239,90.09037830920579
1280,large_file,6329,79,rare,2,11266,1237,90.10637447012716
1281,large_file,6382,55,rare,2,11268,1235,90.12237063104855
1282,large_file,6385,102,rare,2,11270,1233,90.13836679196993
1283,large_file,6396,83,rare,2,11272,1231,90.1543629528913
1284,large_file,6415,101,rare,2,11274,1229,90.17035911381268
1285,large_file,6520,89,rare,2,11276,1227,90.18635527473407
1286,large_file,6536,70,rare,2,11278,1225,90.20235143565544
1287,large_file,6540,101,rare,2,11280,1223,90.21834759657682
1288,large_file,6627,68,rare,2,11282,1221,90.2343437574982
1289,large_file,6640,76,rare,2,11284,1219,90.25033991841958
1290,large_file,6647,64,rare,2,11286,1217,90.26633607934096
1291,large_file,6689,79,rare,2,11288,1215,90.28233224026233
1292,large_file,6691,95,rare,2,11290,1213,90.29832840118371
1293,large_file,6697,85,rare,2,11292,1211,90.3143245621051
1294,large_file,6699,89,rare,2,11294,1209,90.33032072302647
1295,large_file,6781,108,rare,2,11296,1207,90.34631688394785
1296,large_file,6830,84,rare,2,11298,1205,90.36231304486923
1297,large_file,6912,80,rare,2,11300,1203,90.37830920579061
1298,large_file,6984,90,rare,2,11302,1201,90.39430536671199
1299,large_file,7004,76,rare,2,11304,1199,90.41030152763337
1300,large_file,7065,74,rare,2,11306,1197,90.42629768855474
1301,large_file,7086,73,rare,2,11308,1195,90.44229384947613
1302,large_file,7120,95,rare,2,11310,1193,90.4582900103975
1303,large_file,7173,88,rare,2,11312,1191,90.47428617131888
1304,large_file,7270,93,rare,2,11314,1189,90.49028233224026
1305,large_file,7280,99,rare,2,11316,1187,90.50627849316164
1306,large_file,7308,64,rare,2,11318,1185,90.52227465408302
1307,large_file,7394,91,rare,2,11320,1183,90.5382708150044
1308,large_file,7406,79,rare,2,11322,1181,90.55426697592578
1309,large_file,7564,34,rare,2,11324,1179,90.57026313684716
1310,large_file,7637,108,rare,2,11326,1177,90.58625929776854
1311,large_file,7661,93,rare,2,11328,1175,90.60225545868991
1312,large_file,7664,97,rare,2,11330,1173,90.6182516196113
1313,large_file,7727,68,rare,2,11332,1171,90.63424778053268
1314,large_file,7780,94,rare,2,11334,1169,90.65024394145405
1315,large_file,7890,105,rare,2,11336,1167,90.66624010237543
1316,large_file,7902,78,rare,2,11338,1165,90.68223626329682
1317,large_file,7998,70,rare,2,11340,1163,90.69823242421819
1318,large_file,8040,105,rare,2,11342,1161,90.71422858513957
1319,large_file,8041,106,rare,2,11344,1159,90.73022474606094
1320,large_file,8083,101,rare,2,11346,1157,90.74622090698233
1321,large_file,8113,68,rare,2,11348,1155,90.7622170679037
1322,large_file,8173,67,rare,2,11350,1153,90.77821322882508
1323,large_file,8253,97,rare,2,11352,1151,90.79420938974646
1324,large_file,8297,103,rare,2,11354,1149,90.81020555066785
1325,large_file,8312,66,rare,2,11356,1147,90.82620171158922
1326,large_file,8428,111,rare,2,11358,1145,90.8421978725106
1327,large_file,8450,89,rare,2,11360,1143,90.85819403343197
1328,large_file,8461,101,rare,2,11362,1141,90.87419019435336
1329,large_file,8467,88,rare,2,11364,1139,90.89018635527474
1330,large_file,8472,83,rare,2,11366,1137,90.90618251619611
1331,large_file,8488,75,rare,2,11368,1135,90.92217867711749
1332,large_file,8522,87,rare,2,11370,1133,90.93817483803888
1333,large_file,8628,60,rare,2,11372,1131,90.95417099896025
1334,large_file,8663,95,rare,2,11374,1129,90.97016715988163
1335,large_file,8707,72,rare,2,11376,1127,90.986163320803
1336,large_file,8709,89,rare,2,11378,1125,91.00215948172439
1337,large_file,8715,89,rare,2,11380,1123,91.01815564264577
1338,large_file,8720,64,rare,2,11382,1121,91.03415180356714
1339,large_file,8737,106,rare,2,11384,1119,91.05014796448852
1340,large_file,8748,83,rare,2,11386,1117,91.0661441254099
1341,large_file,8885,89,rare,2,11388,1115,91.08214028633128
1342,large_file,8994,80,rare,2,11390,1113,91.09813644725266
1343,large_file,9010,77,rare,2,11392,1111,91.11413260817403
1344,large_file,9053,108,rare,2,11394,1109,91.13012876909542
1345,large_file,9230,104,rare,2,11396,1107,91.1461249300168
1346,large_file,9278,104,rare,2,11398,1105,91.16212109093817
1347,large_file,9303,97,rare,2,11400,1103,91.17811725185955
1348,large_file,9312,83,rare,2,11402,1101,91.19411341278094
1349,large_file,9334,79,rare,2,11404,1099,91.21010957370231
1350,large_file,9471,70,rare,2,11406,1097,91.22610573462369
1351,large_file,9584,90,rare,2,11408,1095,91.24210189554508
1352,large_file,9687,77,rare,2,11410,1093,91.25809805646645
1353,large_file,9735,88,rare,2,11412,1091,91.27409421738783
1354,large_file,9739,84,rare,2,11414,1089,91.2900903783092
1355,large_file,9872,71,rare,2,11416,1087,91.30608653923059
1356,large_file,9979,104,rare,2,11418,1085,91.32208270015197
1357,large_file,10018,109,rare,2,11420,1083,91.33807886107334
1358,large_file,10078,63,rare,2,11422,1081,91.35407502199472
1359,large_file,10079,92,rare,2,11424,1079,91.3700711829161
1360,large_file,10087,66,rare,2,11426,1077,91.38606734383748
1361,large_file,10183,65,rare,2,11428,1075,91.40206350475886
1362,large_file,10186,81,rare,2,11430,1073,91.41805966568023
1363,large_file,10279,86,rare,2,11432,1071,91.43405582660162
1364,large_file,10291,80,rare,2,11434,1069,91.450051987523
1365,large_file,10319,82,rare,2,11436,1067,91.46604814844437
1366,large_file,10344,77,rare,2,11438,1065,91.48204430936575
1367,large_file,10434,103,rare,2,11440,1063,91.49804047028714
1368,large_file,10466,85,rare,2,11442,1061,91.51403663120851
1369,large_file,10478,81,rare,2,11444,1059,91.53003279212989
1370,large_file,10610,64,rare,2,11446,1057,91.54602895305126
1371,large_file,10672,81,rare,2,11448,1055,91.56202511397265
1372,large_file,10727,86,rare,2,11450,1053,91.57802127489403
1373,large_file,10860,92,rare,2,11452,1051,91.5940174358154
1374,large_file,10908,61,rare,2,11454,1049,91.61001359673678
1375,large_file,11012,67,rare,2,11456,1047,91.62600975765817
1376,large_file,11016,71,rare,2,11458,1045,91.64200591857954
1377,large_file,11046,72,rare,2,11460,1043,91.65800207950092
1378,large_file,11087,71,rare,2,11462,1041,91.67399824042229
1379,large_file,11189,65,rare,2,11464,1039,91.68999440134368
1380,large_file,11241,36,rare,2,11466,1037,91.70599056226506
1381,large_file,11287,92,rare,2,11468,1035,91.72198672318643
1382,large_file,11317,85,rare,2,11470,1033,91.73798288410781
1383,large_file,11415,110,rare,2,11472,1031,91.7539790450292
1384,large_file,11433,60,rare,2,11474,1029,91.76997520595057
1385,large_file,11436,53,rare,2,11476,1027,91.78597136687195
1386,large_file,11543,83,rare,2,11478,1025,91.80196752779332
1387,large_file,11713,104,rare,2,11480,1023,91.81796368871471
1388,large_file,11866,62,rare,2,11482,1021,91.83395984963609
1389,large_file,11871,82,rare,2,11484,1019,91.84995601055746
1390,large_file,11895,69,rare,2,11486,1017,91.86595217147884
1391,large_file,11960,77,rare,2,11488,1015,91.88194833240023
1392,large_file,12007,84,rare,2,11490,1013,91.8979444933216
1393,large_file,12285,75,rare,2,11492,1011,91.91394065424298
1394,large_file,12361,102,rare,2,11494,1009,91.92993681516437
1395,large_file,12411,80,rare,2,11496,1007,91.94593297608574
1396,large_file,12556,63,rare,2,11498,1005,91.96192913700712
1397,large_file,12632,109,rare,2,11500,1003,91.9779252979285
1398,large_file,12678,64,rare,2,11502,1001,91.99392145884988
1399,large_file,12711,81,rare,2,11504,999,92.00991761977126
1400,large_file,12805,66,rare,2,11506,997,92.02591378069263
1401,large_file,12863,81,rare,2,11508,995,92.04190994161401
1402,large_file,13057,45,rare,2,11510,993,92.0579061025354
1403,large_file,13087,93,rare,2,11512,991,92.07390226345677
1404,large_file,13143,59,rare,2,11514,989,92.08989842437815
1405,large_file,13204,67,rare,2,11516,987,92.10589458529952
1406,large_file,13247,75,rare,2,11518,985,92.12189074622091
1407,large_file,13284,106,rare,2,11520,983,92.13788690714229
1408,large_file,13312,89,rare,2,11522,981,92.15388306806366
1409,large_file,13335,100,rare,2,11524,979,92.16987922898504
1410,large_file,13338,106,rare,2,11526,977,92.18587538990643
1411,large_file,13419,95,rare,2,11528,975,92.2018715508278
1412,large_file,13491,103,rare,2,11530,973,92.21786771174918
1413,large_file,13501,78,rare,2,11532,971,92.23386387267055
1414,large_file,13505,109,rare,2,11534,969,92.24986003359194
1415,large_file,13595,98,rare,2,11536,967,92.26585619451332
1416,large_file,13680,70,rare,2,11538,965,92.2818523554347
1417,large_file,13709,92,rare,2,11540,963,92.29784851635607
1418,large_file,13722,76,rare,2,11542,961,92.31384467727746
1419,large_file,13988,85,rare,2,11544,959,92.32984083819883
1420,large_file,14107,63,rare,2,11546,957,92.34583699912021
1421,large_file,14116,68,rare,2,11548,955,92.36183316004158
1422,large_file,14141,86,rare,2,11550,953,92.37782932096297
1423,large_file,14169,76,rare,2,11552,951,92.39382548188435
1424,large_file,14447,105,rare,2,11554,949,92.40982164280572
1425,large_file,14462,67,rare,2,11556,947,92.4258178037271
1426,large_file,14508,68,rare,2,11558,945,92.44181396464849
1427,large_file,14548,85,rare,2,11560,943,92.45781012556986
1428,large_file,14709,106,rare,2,11562,941,92.47380628649124
1429,large_file,14863,87,rare,2,11564,939,92.48980244741261
1430,large_file,14945,83,rare,2,11566,937,92.505798608334
1431,large_file,14980,31,rare,2,11568,935,92.52179476925538
1432,large_file,15011,94,rare,2,11570,933,92.53779093017675
1433,large_file,15021,83,rare,2,11572,931,92.55378709109813
1434,large_file,15106,72,rare,2,11574,929,92.56978325201952
1435,large_file,15167,85,rare,2,11576,927,92.5857794129409
1436,large_file,15183,101,rare,2,11578,925,92.60177557386227
1437,large_file,15206,68,rare,2,11580,923,92.61777173478364
1438,large_file,15224,76,rare,2,11582,921,92.63376789570503
1439,large_file,15263,63,rare,2,11584,919,92.64976405662641
1440,large_file,15474,89,rare,2,11586,917,92.66576021754778
1441,large_file,15581,70,rare,2,11588,915,92.68175637846917
1442,large_file,15584,63,rare,2,11590,913,92.69775253939055
1443,large_file,15609,107,rare,2,11592,911,92.71374870031192
1444,large_file,15659,65,rare,2,11594,909,92.7297448612333
1445,large_file,15768,72,rare,2,11596,907,92.74574102215469
1446,large_file,15781,82,rare,2,11598,905,92.76173718307606
1447,large_file,15942,71,rare,2,11600,903,92.77773334399744
1448,large_file,16030,64,rare,2,11602,901,92.79372950491882
1449,large_file,16064,115,rare,2,11604,899,92.8097256658402
1450,large_file,16105,69,rare,2,11606,897,92.82572182676158
1451,large_file,16223,87,rare,2,11608,895,92.84171798768296
1452,large_file,16273,96,rare,2,11610,893,92.85771414860433
1453,large_file,16344,90,rare,2,11612,891,92.87371030952572
1454,large_file,16372,64,rare,2,11614,889,92.8897064704471
1455,large_file,16451,88,rare,2,11616,887,92.90570263136847
1456,large_file,16658,88,rare,2,11618,885,92.92169879228985
1457,large_file,16715,67,rare,2,11620,883,92.93769495321123
1458,large_file,16744,87,rare,2,11622,881,92.95369111413261
1459,large_file,16939,68,rare,2,11624,879,92.96968727505399
1460,large_file,16943,91,rare,2,11626,877,92.98568343597536
1461,large_file,16944,65,rare,2,11628,875,93.00167959689675
1462,large_file,16997,95,rare,2,11630,873,93.01767575781813
1463,large_file,17029,109,rare,2,11632,871,93.0336719187395
1464,large_file,17034,36,rare,2,11634,869,93.04966807966088
1465,large_file,17036,69,rare,2,11636,867,93.06566424058227
1466,large_file,17111,112,rare,2,11638,865,93.08166040150364
1467,large_file,17172,70,rare,2,11640,863,93.09765656242502
1468,large_file,17414,81,rare,2,11642,861,93.11365272334639
1469,large_file,17470,107,rare,2,11644,859,93.12964888426778
1470,large_file,17548,121,rare,2,11646,857,93.14564504518916
1471,large_file,17556,93,rare,2,11648,855,93.16164120611053
1472,large_file,17564,88,rare,2,11650,853,93.1776373670319
1473,large_file,17618,86,rare,2,11652,851,93.1936335279533
1474,large_file,17744,67,rare,2,11654,849,93.20962968887467
1475,large_file,17755,82,rare,2,11656,847,93.22562584979605
1476,large_file,17798,66,rare,2,11658,845,93.24162201071742
1477,large_file,17894,64,rare,2,11660,843,93.25761817163881
1478,large_file,17930,83,rare,2,11662,841,93.27361433256019
1479,large_file,18040,89,rare,2,11664,839,93.28961049348156
1480,large_file,18074,66,rare,2,11666,837,93.30560665440294
1481,large_file,18133,93,rare,2,11668,835,93.32160281532433
1482,large_file,18141,73,rare,2,11670,833,93.3375989762457
1483,large_file,18146,58,rare,2,11672,831,93.35359513716708
1484,large_file,18149,93,rare,2,11674,829,93.36959129808847
1485,large_file,18185,99,rare,2,11676,827,93.38558745900984
1486,large_file,18323,73,rare,2,11678,825,93.40158361993122
1487,large_file,18443,87,rare,2,11680,823,93.41757978085259
1488,large_file,18474,110,rare,2,11682,821,93.43357594177398
1489,large_file,18484,75,rare,2,11684,819,93.44957210269536
1490,large_file,18548,101,rare,2,11686,817,93.46556826361673
1491,large_file,18655,78,rare,2,11688,815,93.4815644245381
1492,large_file,18890,89,rare,2,11690,813,93.4975605854595
1493,large_file,18896,92,rare,2,11692,811,93.51355674638087
1494,large_file,19124,77,rare,2,11694,809,93.52955290730225
1495,large_file,19137,60,rare,2,11696,807,93.54554906822362
1496,large_file,19377,106,rare,2,11698,805,93.56154522914501
1497,large_file,19418,82,rare,2,11700,803,93.57754139006639
1498,large_file,19487,99,rare,2,11702,801,93.59353755098776
1499,large_file,19500,93,rare,2,11704,799,93.60953371190914
1500,large_file,19616,80,rare,2,11706,797,93.62552987283053
1501,large_file,19742,94,rare,2,11708,795,93.6415260337519
1502,large_file,19823,74,rare,2,11710,793,93.65752219467328
1503,large_file,19826,85,rare,2,11712,791,93.67351835559465
1504,large_file,19846,105,rare,2,11714,789,93.68951451651604
1505,large_file,19899,72,rare,2,11716,787,93.70551067743742
1506,large_file,19906,69,rare,2,11718,785,93.72150683835879
1507,large_file,19924,87,rare,2,11720,783,93.73750299928017
1508,large_file,19940,93,rare,2,11722,781,93.75349916020156
1509,large_file,19950,70,rare,2,11724,779,93.76949532112293
1510,large_file,19951,68,rare,2,11726,777,93.7854914820443
1511,large_file,19970,78,rare,2,11728,775,93.80148764296568
1512,large_file,721,72,rare,1,11729,774,93.80948572342638
1513,large_file,732,64,rare,1,11730,773,93.81748380388707
1514,large_file,733,91,rare,1,11731,772,93.82548188434775
1515,large_file,751,89,rare,1,11732,771,93.83347996480845
1516,large_file,771,60,rare,1,11733,770,93.84147804526914
1517,large_file,781,62,rare,1,11734,769,93.84947612572982
1518,large_file,794,103,rare,1,11735,768,93.85747420619052
1519,large_file,803,89,rare,1,11736,767,93.8654722866512
1520,large_file,814,67,rare,1,11737,766,93.87347036711189
1521,large_file,841,72,rare,1,11738,765,93.88146844757259
1522,large_file,851,93,rare,1,11739,764,93.88946652803327
1523,large_file,852,84,rare,1,11740,763,93.89746460849396
1524,large_file,858,74,rare,1,11741,762,93.90546268895466
1525,large_file,866,93,rare,1,11742,761,93.91346076941534
1526,large_file,870,66,rare,1,11743,760,93.92145884987603
1527,large_file,879,78,rare,1,11744,759,93.92945693033671
1528,large_file,901,78,rare,1,11745,758,93.93745501079741
1529,large_file,945,68,rare,1,11746,757,93.9454530912581
1530,large_file,970,57,rare,1,11747,756,93.95345117171878
1531,large_file,981,111,rare,1,11748,755,93.96144925217948
1532,large_file,1001,55,rare,1,11749,754,93.96944733264017
1533,large_file,1004,63,rare,1,11750,753,93.97744541310085
1534,large_file,1029,48,rare,1,11751,752,93.98544349356155
1535,large_file,1050,83,rare,1,11752,751,93.99344157402223
1536,large_file,1068,95,rare,1,11753,750,94.00143965448292
1537,large_file,1082,70,rare,1,11754,749,94.00943773494362
1538,large_file,1091,97,rare,1,11755,748,94.0174358154043
1539,large_file,1117,49,rare,1,11756,747,94.02543389586499
1540,large_file,1119,89,rare,1,11757,746,94.03343197632569
1541,large_file,1162,85,rare,1,11758,745,94.04143005678637
1542,large_file,1166,40,rare,1,11759,744,94.04942813724706
1543,large_file,1170,65,rare,1,11760,743,94.05742621770776
1544,large_file,1174,64,rare,1,11761,742,94.06542429816844
1545,large_file,1228,62,rare,1,11762,741,94.07342237862913
1546,large_file,1245,89,rare,1,11763,740,94.08142045908981
1547,large_file,1276,94,rare,1,11764,739,94.08941853955051
1548,large_file,1300,101,rare,1,11765,738,94.0974166200112
1549,large_file,1301,74,rare,1,11766,737,94.10541470047188
1550,large_file,1322,78,rare,1,11767,736,94.11341278093258
1551,large_file,1328,67,rare,1,11768,735,94.12141086139327
1552,large_file,1344,108,rare,1,11769,734,94.12940894185395
1553,large_file,1350,70,rare,1,11770,733,94.13740702231465
1554,large_file,1378,60,rare,1,11771,732,94.14540510277533
1555,large_file,1393,104,rare,1,11772,731,94.15340318323602
1556,large_file,1404,82,rare,1,11773,730,94.16140126369672
1557,large_file,1406,66,rare,1,11774,729,94.1693993441574
1558,large_file,1422,75,rare,1,11775,728,94.17739742461809
1559,large_file,1452,50,rare,1,11776,727,94.18539550507879
1560,large_file,1457,105,rare,1,11777,726,94.19339358553947
1561,large_file,1471,26,rare,1,11778,725,94.20139166600016
1562,large_file,1515,88,rare,1,11779,724,94.20938974646084
1563,large_file,1536,93,rare,1,11780,723,94.21738782692154
1564,large_file,1543,84,rare,1,11781,722,94.22538590738223
1565,large_file,1561,62,rare,1,11782,721,94.23338398784291
1566,large_file,1603,113,rare,1,11783,720,94.24138206830361
1567,large_file,1608,80,rare,1,11784,719,94.2493801487643
1568,large_file,1616,54,rare,1,11785,718,94.25737822922498
1569,large_file,1644,82,rare,1,11786,717,94.26537630968568
1570,large_file,1720,60,rare,1,11787,716,94.27337439014636
1571,large_file,1762,110,rare,1,11788,715,94.28137247060705
1572,large_file,1763,67,rare,1,11789,714,94.28937055106775
1573,large_file,1773,55,rare,1,11790,713,94.29736863152843
1574,large_file,1796,107,rare,1,11791,712,94.30536671198912
1575,large_file,1797,69,rare,1,11792,711,94.31336479244982
1576,large_file,1806,73,rare,1,11793,710,94.3213628729105
1577,large_file,1835,63,rare,1,11794,709,94.3293609533712
1578,large_file,1935,87,rare,1,11795,708,94.33735903383187
1579,large_file,1953,69,rare,1,11796,707,94.34535711429257
1580,large_file,1954,45,rare,1,11797,706,94.35335519475326
1581,large_file,1957,74,rare,1,11798,705,94.36135327521394
1582,large_file,1984,91,rare,1,11799,704,94.36935135567464
1583,large_file,1995,15,rare,1,11800,703,94.37734943613533
1584,large_file,2005,80,rare,1,11801,702,94.38534751659601
1585,large_file,2020,60,rare,1,11802,701,94.39334559705671
1586,large_file,2024,90,rare,1,11803,700,94.4013436775174
1587,large_file,2053,27,rare,1,11804,699,94.40934175797808
1588,large_file,2061,77,rare,1,11805,698,94.41733983843878
1589,large_file,2105,67,rare,1,11806,697,94.42533791889946
1590,large_file,2130,66,rare,1,11807,696,94.43333599936015
1591,large_file,2135,41,rare,1,11808,695,94.44133407982085
1592,large_file,2179,67,rare,1,11809,694,94.44933216028153
1593,large_file,2181,81,rare,1,11810,693,94.45733024074222
1594,large_file,2192,81,rare,1,11811,692,94.46532832120292
1595,large_file,2196,74,rare,1,11812,691,94.4733264016636
1596,large_file,2218,83,rare,1,11813,690,94.4813244821243
1597,large_file,2237,75,rare,1,11814,689,94.48932256258497
1598,large_file,2243,88,rare,1,11815,688,94.49732064304567
1599,large_file,2294,82,rare,1,11816,687,94.50531872350636
1600,large_file,2334,79,rare,1,11817,686,94.51331680396704
1601,large_file,2338,66,rare,1,11818,685,94.52131488442774
1602,large_file,2342,84,rare,1,11819,684,94.52931296488843
1603,large_file,2351,60,rare,1,11820,683,94.53731104534911
1604,large_file,2390,72,rare,1,11821,682,94.54530912580981
1605,large_file,2396,94,rare,1,11822,681,94.55330720627049
1606,large_file,2411,64,rare,1,11823,680,94.56130528673118
1607,large_file,2439,42,rare,1,11824,679,94.56930336719188
1608,large_file,2442,101,rare,1,11825,678,94.57730144765256
1609,large_file,2467,77,rare,1,11826,677,94.58529952811325
1610,large_file,2480,88,rare,1,11827,676,94.59329760857395
1611,large_file,2494,70,rare,1,11828,675,94.60129568903463
1612,large_file,2497,65,rare,1,11829,674,94.60929376949532
1613,large_file,2504,63,rare,1,11830,673,94.617291849956
1614,large_file,2513,60,rare,1,11831,672,94.6252899304167
1615,large_file,2514,72,rare,1,11832,671,94.6332880108774
1616,large_file,2540,96,rare,1,11833,670,94.64128609133807
1617,large_file,2545,105,rare,1,11834,669,94.64928417179877
1618,large_file,2573,89,rare,1,11835,668,94.65728225225946
1619,large_file,2579,59,rare,1,11836,667,94.66528033272014
1620,large_file,2580,18,rare,1,11837,666,94.67327841318084
1621,large_file,2624,102,rare,1,11838,665,94.68127649364152
1622,large_file,2630,66,rare,1,11839,664,94.68927457410221
1623,large_file,2640,89,rare,1,11840,663,94.69727265456291
1624,large_file,2689,86,rare,1,11841,662,94.70527073502359
1625,large_file,2714,47,rare,1,11842,661,94.71326881548428
1626,large_file,2749,81,rare,1,11843,660,94.72126689594498
1627,large_file,2755,103,rare,1,11844,659,94.72926497640566
1628,large_file,2760,72,rare,1,11845,658,94.73726305686635
1629,large_file,2771,17,rare,1,11846,657,94.74526113732705
1630,large_file,2805,52,rare,1,11847,656,94.75325921778773
1631,large_file,2833,97,rare,1,11848,655,94.76125729824842
1632,large_file,2837,112,rare,1,11849,654,94.7692553787091
1633,large_file,2847,81,rare,1,11850,653,94.7772534591698
1634,large_file,2871,58,rare,1,11851,652,94.7852515396305
1635,large_file,2875,54,rare,1,11852,651,94.79324962009117
1636,large_file,2892,96,rare,1,11853,650,94.80124770055187
1637,large_file,2934,79,rare,1,11854,649,94.80924578101256
1638,large_file,2947,60,rare,1,11855,648,94.81724386147324
1639,large_file,2951,113,rare,1,11856,647,94.82524194193394
1640,large_file,2960,53,rare,1,11857,646,94.83324002239462
1641,large_file,2984,53,rare,1,11858,645,94.84123810285531
1642,large_file,3004,69,rare,1,11859,644,94.84923618331601
1643,large_file,3010,106,rare,1,11860,643,94.85723426377669
1644,large_file,3017,85,rare,1,11861,642,94.86523234423738
1645,large_file,3042,87,rare,1,11862,641,94.87323042469808
1646,large_file,3075,101,rare,1,11863,640,94.88122850515876
1647,large_file,3083,77,rare,1,11864,639,94.88922658561945
1648,large_file,3086,93,rare,1,11865,638,94.89722466608013
1649,large_file,3107,67,rare,1,11866,637,94.90522274654083
1650,large_file,3127,64,rare,1,11867,636,94.91322082700152
1651,large_file,3131,49,rare,1,11868,635,94.9212189074622
1652,large_file,3142,101,rare,1,11869,634,94.9292169879229
1653,large_file,3146,78,rare,1,11870,633,94.9372150683836
1654,large_file,3172,91,rare,1,11871,632,94.94521314884427
1655,large_file,3202,68,rare,1,11872,631,94.95321122930497
1656,large_file,3206,102,rare,1,11873,630,94.96120930976565
1657,large_file,3239,84,rare,1,11874,629,94.96920739022634
1658,large_file,3260,65,rare,1,11875,628,94.97720547068704
1659,large_file,3263,104,rare,1,11876,627,94.98520355114772
1660,large_file,3284,77,rare,1,11877,626,94.99320163160841
1661,large_file,3321,90,rare,1,11878,625,95.00119971206911
1662,large_file,3366,62,rare,1,11879,624,95.00919779252979
1663,large_file,3403,103,rare,1,11880,623,95.01719587299048
1664,large_file,3481,83,rare,1,11881,622,95.02519395345116
1665,large_file,3507,72,rare,1,11882,621,95.03319203391186
1666,large_file,3542,67,rare,1,11883,620,95.04119011437255
1667,large_file,3568,84,rare,1,11884,619,95.04918819483323
1668,large_file,3572,13,rare,1,11885,618,95.05718627529393
1669,large_file,3584,98,rare,1,11886,617,95.06518435575462
1670,large_file,3587,29,rare,1,11887,616,95.0731824362153
1671,large_file,3595,37,rare,1,11888,615,95.081180516676
1672,large_file,3636,89,rare,1,11889,614,95.0891785971367
1673,large_file,3645,90,rare,1,11890,613,95.09717667759737
1674,large_file,3669,44,rare,1,11891,612,95.10517475805807
1675,large_file,3680,61,rare,1,11892,611,95.11317283851875
1676,large_file,3694,82,rare,1,11893,610,95.12117091897944
1677,large_file,3713,69,rare,1,11894,609,95.12916899944014
1678,large_file,3718,47,rare,1,11895,608,95.13716707990082
1679,large_file,3784,87,rare,1,11896,607,95.14516516036151
1680,large_file,3818,64,rare,1,11897,606,95.15316324082221
1681,large_file,3832,75,rare,1,11898,605,95.16116132128289
1682,large_file,3877,61,rare,1,11899,604,95.16915940174358
1683,large_file,3887,84,rare,1,11900,603,95.17715748220427
1684,large_file,3895,87,rare,1,11901,602,95.18515556266496
1685,large_file,3905,75,rare,1,11902,601,95.19315364312565
1686,large_file,3922,46,rare,1,11903,600,95.20115172358634
1687,large_file,3940,22,rare,1,11904,599,95.20914980404703
1688,large_file,3962,69,rare,1,11905,598,95.21714788450772
1689,large_file,3963,62,rare,1,11906,597,95.2251459649684
1690,large_file,3982,64,rare,1,11907,596,95.2331440454291
1691,large_file,3993,64,rare,1,11908,595,95.24114212588978
1692,large_file,4008,101,rare,1,11909,594,95.24914020635048
1693,large_file,4025,65,rare,1,11910,593,95.25713828681117
1694,large_file,4086,67,rare,1,11911,592,95.26513636727185
1695,large_file,4100,79,rare,1,11912,591,95.27313444773255
1696,large_file,4153,65,rare,1,11913,590,95.28113252819324
1697,large_file,4157,49,rare,1,11914,589,95.28913060865392
1698,large_file,4162,81,rare,1,11915,588,95.29712868911461
1699,large_file,4168,57,rare,1,11916,587,95.3051267695753
1700,large_file,4200,106,rare,1,11917,586,95.31312485003599
1701,large_file,4220,63,rare,1,11918,585,95.32112293049668
1702,large_file,4228,54,rare,1,11919,584,95.32912101095737
1703,large_file,4255,84,rare,1,11920,583,95.33711909141806
1704,large_file,4327,89,rare,1,11921,582,95.34511717187875
1705,large_file,4334,81,rare,1,11922,581,95.35311525233944
1706,large_file,4368,106,rare,1,11923,580,95.36111333280013
1707,large_file,4378,64,rare,1,11924,579,95.36911141326081
1708,large_file,4395,60,rare,1,11925,578,95.3771094937215
1709,large_file,4419,75,rare,1,11926,577,95.3851075741822
1710,large_file,4437,28,rare,1,11927,576,95.39310565464288
1711,large_file,4452,63,rare,1,11928,575,95.40110373510358
1712,large_file,4461,55,rare,1,11929,574,95.40910181556427
1713,large_file,4469,69,rare,1,11930,573,95.41709989602495
1714,large_file,4470,63,rare,1,11931,572,95.42509797648565
1715,large_file,4471,76,rare,1,11932,571,95.43309605694633
1716,large_file,4477,81,rare,1,11933,570,95.44109413740702
1717,large_file,4482,29,rare,1,11934,569,95.44909221786772
1718,large_file,4596,119,rare,1,11935,568,95.4570902983284
1719,large_file,4597,109,rare,1,11936,567,95.46508837878909
1720,large_file,4656,77,rare,1,11937,566,95.47308645924979
1721,large_file,4662,57,rare,1,11938,565,95.48108453971047
1722,large_file,4712,98,rare,1,11939,564,95.48908262017116
1723,large_file,4736,80,rare,1,11940,563,95.49708070063186
1724,large_file,4771,99,rare,1,11941,562,95.50507878109254
1725,large_file,4778,68,rare,1,11942,561,95.51307686155323
1726,large_file,4826,47,rare,1,11943,560,95.52107494201391
1727,large_file,4846,58,rare,1,11944,559,95.5290730224746
1728,large_file,4874,61,rare,1,11945,558,95.5370711029353
1729,large_file,4895,79,rare,1,11946,557,95.54506918339598
1730,large_file,4933,106,rare,1,11947,556,95.55306726385668
1731,large_file,4935,65,rare,1,11948,555,95.56106534431737
1732,large_file,4962,69,rare,1,11949,554,95.56906342477805
1733,large_file,4979,93,rare,1,11950,553,95.57706150523875
1734,large_file,4994,59,rare,1,11951,552,95.58505958569943
1735,large_file,5000,88,rare,1,11952,551,95.59305766616012
1736,large_file,5002,100,rare,1,11953,550,95.60105574662082
1737,large_file,5122,98,rare,1,11954,549,95.6090538270815
1738,large_file,5126,92,rare,1,11955,548,95.61705190754219
1739,large_file,5263,60,rare,1,11956,547,95.62504998800289
1740,large_file,5268,51,rare,1,11957,546,95.63304806846357
1741,large_file,5269,28,rare,1,11958,545,95.64104614892426
1742,large_file,5301,90,rare,1,11959,544,95.64904422938494
1743,large_file,5335,62,rare,1,11960,543,95.65704230984564
1744,large_file,5374,66,rare,1,11961,542,95.66504039030633
1745,large_file,5390,53,rare,1,11962,541,95.67303847076701
1746,large_file,5399,66,rare,1,11963,540,95.6810365512277
1747,large_file,5420,71,rare,1,11964,539,95.6890346316884
1748,large_file,5434,62,rare,1,11965,538,95.69703271214908
1749,large_file,5456,67,rare,1,11966,537,95.70503079260978
1750,large_file,5501,84,rare,1,11967,536,95.71302887307046
1751,large_file,5512,92,rare,1,11968,535,95.72102695353115
1752,large_file,5540,100,rare,1,11969,534,95.72902503399185
1753,large_file,5566,88,rare,1,11970,533,95.73702311445253
1754,large_file,5579,102,rare,1,11971,532,95.74502119491322
1755,large_file,5611,84,rare,1,11972,531,95.75301927537392
1756,large_file,5623,64,rare,1,11973,530,95.7610173558346
1757,large_file,5665,63,rare,1,11974,529,95.76901543629529
1758,large_file,5681,87,rare,1,11975,528,95.77701351675597
1759,large_file,5724,74,rare,1,11976,527,95.78501159721667
1760,large_file,5726,64,rare,1,11977,526,95.79300967767736
1761,large_file,5729,63,rare,1,11978,525,95.80100775813804
1762,large_file,5776,72,rare,1,11979,524,95.80900583859874
1763,large_file,5796,82,rare,1,11980,523,95.81700391905943
1764,large_file,5807,77,rare,1,11981,522,95.82500199952011
1765,large_file,5845,101,rare,1,11982,521,95.8330000799808
1766,large_file,5860,43,rare,1,11983,520,95.8409981604415
1767,large_file,5864,84,rare,1,11984,519,95.84899624090218
1768,large_file,5875,68,rare,1,11985,518,95.85699432136288
1769,large_file,5880,91,rare,1,11986,517,95.86499240182356
1770,large_file,5959,61,rare,1,11987,516,95.87299048228425
1771,large_file,6030,102,rare,1,11988,515,95.88098856274495
1772,large_file,6036,103,rare,1,11989,514,95.88898664320563
1773,large_file,6038,76,rare,1,11990,513,95.89698472366632
1774,large_file,6042,89,rare,1,11991,512,95.90498280412702
1775,large_file,6046,117,rare,1,11992,511,95.9129808845877
1776,large_file,6071,95,rare,1,11993,510,95.92097896504839
1777,large_file,6078,68,rare,1,11994,509,95.92897704550907
1778,large_file,6098,77,rare,1,11995,508,95.93697512596977
1779,large_file,6104,57,rare,1,11996,507,95.94497320643046
1780,large_file,6112,60,rare,1,11997,506,95.95297128689114
1781,large_file,6167,89,rare,1,11998,505,95.96096936735184
1782,large_file,6206,47,rare,1,11999,504,95.96896744781253
1783,large_file,6212,81,rare,1,12000,503,95.97696552827321
1784,large_file,6224,73,rare,1,12001,502,95.9849636087339
1785,large_file,6228,65,rare,1,12002,501,95.99296168919459
1786,large_file,6243,90,rare,1,12003,500,96.00095976965528
1787,large_file,6280,74,rare,1,12004,499,96.00895785011598
1788,large_file,6288,94,rare,1,12005,498,96.01695593057666
1789,large_file,6296,81,rare,1,12006,497,96.02495401103735
1790,large_file,6321,106,rare,1,12007,496,96.03295209149805
1791,large_file,6342,61,rare,1,12008,495,96.04095017195873
1792,large_file,6343,90,rare,1,12009,494,96.04894825241942
1793,large_file,6356,69,rare,1,12010,493,96.0569463328801
1794,large_file,6367,71,rare,1,12011,492,96.0649444133408
1795,large_file,6388,51,rare,1,12012,491,96.07294249380149
1796,large_file,6417,97,rare,1,12013,490,96.08094057426217
1797,large_file,6430,102,rare,1,12014,489,96.08893865472287
1798,large_file,6436,66,rare,1,12015,488,96.09693673518356
1799,large_file,6469,88,rare,1,12016,487,96.10493481564424
1800,large_file,6485,86,rare,1,12017,486,96.11293289610494
1801,large_file,6510,103,rare,1,12018,485,96.12093097656562
1802,large_file,6511,79,rare,1,12019,484,96.12892905702631
1803,large_file,6515,62,rare,1,12020,483,96.136927137487
1804,large_file,6533,105,rare,1,12021,482,96.14492521794769
1805,large_file,6541,83,rare,1,12022,481,96.15292329840838
1806,large_file,6550,57,rare,1,12023,480,96.16092137886908
1807,large_file,6582,79,rare,1,12024,479,96.16891945932976
1808,large_file,6585,53,rare,1,12025,478,96.17691753979045
1809,large_file,6600,63,rare,1,12026,477,96.18491562025115
1810,large_file,6651,89,rare,1,12027,476,96.19291370071183
1811,large_file,6677,80,rare,1,12028,475,96.20091178117252
1812,large_file,6738,69,rare,1,12029,474,96.2089098616332
1813,large_file,6751,60,rare,1,12030,473,96.2169079420939
1814,large_file,6796,83,rare,1,12031,472,96.22490602255459
1815,large_file,6834,76,rare,1,12032,471,96.23290410301527
1816,large_file,6864,81,rare,1,12033,470,96.24090218347597
1817,large_file,6898,49,rare,1,12034,469,96.24890026393666
1818,large_file,6965,62,rare,1,12035,468,96.25689834439734
1819,large_file,6972,55,rare,1,12036,467,96.26489642485804
1820,large_file,6975,83,rare,1,12037,466,96.27289450531872
1821,large_file,6977,74,rare,1,12038,465,96.28089258577941
1822,large_file,7033,92,rare,1,12039,464,96.2888906662401
1823,large_file,7040,90,rare,1,12040,463,96.29688874670079
1824,large_file,7154,92,rare,1,12041,462,96.30488682716148
1825,large_file,7155,71,rare,1,12042,461,96.31288490762218
1826,large_file,7158,67,rare,1,12043,460,96.32088298808286
1827,large_file,7191,63,rare,1,12044,459,96.32888106854355
1828,large_file,7204,91,rare,1,12045,458,96.33687914900423
1829,large_file,7226,82,rare,1,12046,457,96.34487722946493
1830,large_file,7235,77,rare,1,12047,456,96.35287530992562
1831,large_file,7258,77,rare,1,12048,455,96.3608733903863
1832,large_file,7276,65,rare,1,12049,454,96.368871470847
1833,large_file,7319,102,rare,1,12050,453,96.37686955130769
1834,large_file,7343,50,rare,1,12051,452,96.38486763176837
1835,large_file,7349,58,rare,1,12052,451,96.39286571222907
1836,large_file,7353,118,rare,1,12053,450,96.40086379268975
1837,large_file,7361,101,rare,1,12054,449,96.40886187315044
1838,large_file,7375,80,rare,1,12055,448,96.41685995361114
1839,large_file,7383,70,rare,1,12056,447,96.42485803407182
1840,large_file,7389,85,rare,1,12057,446,96.43285611453251
1841,large_file,7411,106,rare,1,12058,445,96.44085419499321
1842,large_file,7448,94,rare,1,12059,444,96.44885227545389
1843,large_file,7452,62,rare,1,12060,443,96.45685035591458
1844,large_file,7455,63,rare,1,12061,442,96.46484843637526
1845,large_file,7484,104,rare,1,12062,441,96.47284651683596
1846,large_file,7487,77,rare,1,12063,440,96.48084459729665
1847,large_file,7492,66,rare,1,12064,439,96.48884267775733
1848,large_file,7499,48,rare,1,12065,438,96.49684075821803
1849,large_file,7588,76,rare,1,12066,437,96.50483883867872
1850,large_file,7590,76,rare,1,12067,436,96.5128369191394
1851,large_file,7620,66,rare,1,12068,435,96.5208349996001
1852,large_file,7680,56,rare,1,12069,434,96.52883308006079
1853,large_file,7682,105,rare,1,12070,433,96.53683116052147
1854,large_file,7723,73,rare,1,12071,432,96.54482924098217
1855,large_file,7739,83,rare,1,12072,431,96.55282732144285
1856,large_file,7748,57,rare,1,12073,430,96.56082540190354
1857,large_file,7749,68,rare,1,12074,429,96.56882348236424
1858,large_file,7772,99,rare,1,12075,428,96.57682156282492
1859,large_file,7793,87,rare,1,12076,427,96.58481964328561
1860,large_file,7807,89,rare,1,12077,426,96.59281772374631
1861,large_file,7847,93,rare,1,12078,425,96.60081580420699
1862,large_file,7853,57,rare,1,12079,424,96.60881388466768
1863,large_file,7899,90,rare,1,12080,423,96.61681196512836
1864,large_file,7927,90,rare,1,12081,422,96.62481004558906
1865,large_file,7984,59,rare,1,12082,421,96.63280812604975
1866,large_file,8001,61,rare,1,12083,420,96.64080620651043
1867,large_file,8024,81,rare,1,12084,419,96.64880428697113
1868,large_file,8043,30,rare,1,12085,418,96.65680236743182
1869,large_file,8045,69,rare,1,12086,417,96.6648004478925
1870,large_file,8092,20,rare,1,12087,416,96.6727985283532
1871,large_file,8151,99,rare,1,12088,415,96.68079660881388
1872,large_file,8177,79,rare,1,12089,414,96.68879468927457
1873,large_file,8251,92,rare,1,12090,413,96.69679276973527
1874,large_file,8273,59,rare,1,12091,412,96.70479085019595
1875,large_file,8282,39,rare,1,12092,411,96.71278893065664
1876,large_file,8285,69,rare,1,12093,410,96.72078701111734
1877,large_file,8324,86,rare,1,12094,409,96.72878509157802
1878,large_file,8343,89,rare,1,12095,408,96.73678317203871
1879,large_file,8375,102,rare,1,12096,407,96.7447812524994
1880,large_file,8383,75,rare,1,12097,406,96.75277933296009
1881,large_file,8409,56,rare,1,12098,405,96.76077741342078
1882,large_file,8438,108,rare,1,12099,404,96.76877549388146
1883,large_file,8447,105,rare,1,12100,403,96.77677357434216
1884,large_file,8460,63,rare,1,12101,402,96.78477165480285
1885,large_file,8486,48,rare,1,12102,401,96.79276973526353
1886,large_file,8501,101,rare,1,12103,400,96.80076781572423
1887,large_file,8519,62,rare,1,12104,399,96.80876589618491
1888,large_file,8526,65,rare,1,12105,398,96.8167639766456
1889,large_file,8527,65,rare,1,12106,397,96.8247620571063
1890,large_file,8565,74,rare,1,12107,396,96.83276013756698
1891,large_file,8574,69,rare,1,12108,395,96.84075821802767
1892,large_file,8580,97,rare,1,12109,394,96.84875629848837
1893,large_file,8592,67,rare,1,12110,393,96.85675437894905
1894,large_file,8611,69,rare,1,12111,392,96.86475245940974
1895,large_file,8689,67,rare,1,12112,391,96.87275053987044
1896,large_file,8690,79,rare,1,12113,390,96.88074862033112
1897,large_file,8691,66,rare,1,12114,389,96.88874670079181
1898,large_file,8693,71,rare,1,12115,388,96.8967447812525
1899,large_file,8739,73,rare,1,12116,387,96.90474286171319
1900,large_file,8744,53,rare,1,12117,386,96.91274094217388
1901,large_file,8764,72,rare,1,12118,385,96.92073902263456
1902,large_file,8781,80,rare,1,12119,384,96.92873710309526
1903,large_file,8818,101,rare,1,12120,383,96.93673518355595
1904,large_file,8837,68,rare,1,12121,382,96.94473326401663
1905,large_file,8843,84,rare,1,12122,381,96.95273134447733
1906,large_file,8888,97,rare,1,12123,380,96.96072942493801
1907,large_file,8890,37,rare,1,12124,379,96.9687275053987
1908,large_file,8897,79,rare,1,12125,378,96.9767255858594
1909,large_file,8901,75,rare,1,12126,377,96.98472366632008
1910,large_file,8905,61,rare,1,12127,376,96.99272174678077
1911,large_file,8917,68,rare,1,12128,375,97.00071982724147
1912,large_file,8929,77,rare,1,12129,374,97.00871790770215
1913,large_file,8948,50,rare,1,12130,373,97.01671598816284
1914,large_file,8955,64,rare,1,12131,372,97.02471406862352
1915,large_file,8973,25,rare,1,12132,371,97.03271214908422
1916,large_file,9004,79,rare,1,12133,370,97.04071022954491
1917,large_file,9026,71,rare,1,12134,369,97.0487083100056
1918,large_file,9077,88,rare,1,12135,368,97.05670639046629
1919,large_file,9092,73,rare,1,12136,367,97.06470447092698
1920,large_file,9108,81,rare,1,12137,366,97.07270255138766
1921,large_file,9131,56,rare,1,12138,365,97.08070063184836
1922,large_file,9150,75,rare,1,12139,364,97.08869871230904
1923,large_file,9160,80,rare,1,12140,363,97.09669679276973
1924,large_file,9177,102,rare,1,12141,362,97.10469487323043
1925,large_file,9188,68,rare,1,12142,361,97.11269295369111
1926,large_file,9302,66,rare,1,12143,360,97.1206910341518
1927,large_file,9304,116,rare,1,12144,359,97.1286891146125
1928,large_file,9324,95,rare,1,12145,358,97.13668719507318
1929,large_file,9384,69,rare,1,12146,357,97.14468527553387
1930,large_file,9388,91,rare,1,12147,356,97.15268335599455
1931,large_file,9395,120,rare,1,12148,355,97.16068143645525
1932,large_file,9433,102,rare,1,12149,354,97.16867951691594
1933,large_file,9435,58,rare,1,12150,353,97.17667759737662
1934,large_file,9451,101,rare,1,12151,352,97.18467567783732
1935,large_file,9504,60,rare,1,12152,351,97.19267375829801
1936,large_file,9505,60,rare,1,12153,350,97.2006718387587
1937,large_file,9506,26,rare,1,12154,349,97.20866991921939
1938,large_file,9530,64,rare,1,12155,348,97.21666799968008
1939,large_file,9562,66,rare,1,12156,347,97.22466608014076
1940,large_file,9616,70,rare,1,12157,346,97.23266416060146
1941,large_file,9650,63,rare,1,12158,345,97.24066224106214
1942,large_file,9664,62,rare,1,12159,344,97.24866032152283
1943,large_file,9676,65,rare,1,12160,343,97.25665840198353
1944,large_file,9718,68,rare,1,12161,342,97.26465648244421
1945,large_file,9769,68,rare,1,12162,341,97.2726545629049
1946,large_file,9786,48,rare,1,12163,340,97.2806526433656
1947,large_file,9831,65,rare,1,12164,339,97.28865072382628
1948,large_file,9866,83,rare,1,12165,338,97.29664880428697
1949,large_file,9867,73,rare,1,12166,337,97.30464688474765
1950,large_file,9874,63,rare,1,12167,336,97.31264496520835
1951,large_file,9876,97,rare,1,12168,335,97.32064304566904
1952,large_file,9951,67,rare,1,12169,334,97.32864112612972
1953,large_file,9953,60,rare,1,12170,333,97.33663920659042
1954,large_file,9960,66,rare,1,12171,332,97.34463728705111
1955,large_file,9994,91,rare,1,12172,331,97.3526353675118
1956,large_file,10007,88,rare,1,12173,330,97.36063344797249
1957,large_file,10014,57,rare,1,12174,329,97.36863152843317
1958,large_file,10038,91,rare,1,12175,328,97.37662960889386
1959,large_file,10042,58,rare,1,12176,327,97.38462768935456
1960,large_file,10060,102,rare,1,12177,326,97.39262576981524
1961,large_file,10076,71,rare,1,12178,325,97.40062385027593
1962,large_file,10161,97,rare,1,12179,324,97.40862193073663
1963,large_file,10184,69,rare,1,12180,323,97.41662001119731
1964,large_file,10228,70,rare,1,12181,322,97.424618091658
1965,large_file,10299,85,rare,1,12182,321,97.43261617211868
1966,large_file,10350,96,rare,1,12183,320,97.44061425257938
1967,large_file,10408,61,rare,1,12184,319,97.44861233304007
1968,large_file,10429,69,rare,1,12185,318,97.45661041350075
1969,large_file,10432,116,rare,1,12186,317,97.46460849396145
1970,large_file,10441,83,rare,1,12187,316,97.47260657442214
1971,large_file,10447,61,rare,1,12188,315,97.48060465488282
1972,large_file,10457,75,rare,1,12189,314,97.48860273534352
1973,large_file,10458,78,rare,1,12190,313,97.4966008158042
1974,large_file,10514,103,rare,1,12191,312,97.5045988962649
1975,large_file,10515,70,rare,1,12192,311,97.51259697672559
1976,large_file,10533,84,rare,1,12193,310,97.52059505718627
1977,large_file,10558,86,rare,1,12194,309,97.52859313764696
1978,large_file,10559,70,rare,1,12195,308,97.53659121810766
1979,large_file,10578,51,rare,1,12196,307,97.54458929856834
1980,large_file,10612,93,rare,1,12197,306,97.55258737902903
1981,large_file,10622,70,rare,1,12198,305,97.56058545948973
1982,large_file,10655,89,rare,1,12199,304,97.56858353995041
1983,large_file,10723,64,rare,1,12200,303,97.5765816204111
1984,large_file,10731,81,rare,1,12201,302,97.58457970087179
1985,large_file,10736,72,rare,1,12202,301,97.59257778133248
1986,large_file,10739,51,rare,1,12203,300,97.60057586179317
1987,large_file,10747,61,rare,1,12204,299,97.60857394225386
1988,large_file,10751,68,rare,1,12205,298,97.61657202271455
1989,large_file,10768,71,rare,1,12206,297,97.62457010317524
1990,large_file,10783,90,rare,1,12207,296,97.63256818363593
1991,large_file,10795,109,rare,1,12208,295,97.64056626409662
1992,large_file,10814,68,rare,1,12209,294,97.6485643445573
1993,large_file,10842,73,rare,1,12210,293,97.656562425018
1994,large_file,10879,61,rare,1,12211,292,97.66456050547869
1995,large_file,10886,98,rare,1,12212,291,97.67255858593937
1996,large_file,10909,30,rare,1,12213,290,97.68055666640007
1997,large_file,10917,89,rare,1,12214,289,97.68855474686076
1998,large_file,10980,79,rare,1,12215,288,97.69655282732144
1999,large_file,11000,59,rare,1,12216,287,97.70455090778214
2000,large_file,11007,84,rare,1,12217,286,97.71254898824282
2001,large_file,11035,90,rare,1,12218,285,97.72054706870351
2002,large_file,11066,89,rare,1,12219,284,97.7285451491642
2003,large_file,11109,81,rare,1,12220,283,97.73654322962489
2004,large_file,11151,111,rare,1,12221,282,97.74454131008558
2005,large_file,11172,58,rare,1,12222,281,97.75253939054627
2006,large_file,11174,87,rare,1,12223,280,97.76053747100696
2007,large_file,11181,64,rare,1,12224,279,97.76853555146765
2008,large_file,11252,84,rare,1,12225,278,97.77653363192833
2009,large_file,11253,64,rare,1,12226,277,97.78453171238903
2010,large_file,11272,68,rare,1,12227,276,97.79252979284972
2011,large_file,11277,97,rare,1,12228,275,97.8005278733104
2012,large_file,11288,96,rare,1,12229,274,97.8085259537711
2013,large_file,11349,107,rare,1,12230,273,97.81652403423179
2014,large_file,11382,60,rare,1,12231,272,97.82452211469247
2015,large_file,11407,99,rare,1,12232,271,97.83252019515317
2016,large_file,11481,67,rare,1,12233,270,97.84051827561385
2017,large_file,11482,72,rare,1,12234,269,97.84851635607454
2018,large_file,11484,73,rare,1,12235,268,97.85651443653524
2019,large_file,11504,104,rare,1,12236,267,97.86451251699592
2020,large_file,11525,69,rare,1,12237,266,97.87251059745661
2021,large_file,11561,36,rare,1,12238,265,97.8805086779173
2022,large_file,11586,95,rare,1,12239,264,97.88850675837799
2023,large_file,11592,102,rare,1,12240,263,97.89650483883868
2024,large_file,11600,52,rare,1,12241,262,97.90450291929938
2025,large_file,11621,100,rare,1,12242,261,97.91250099976006
2026,large_file,11625,74,rare,1,12243,260,97.92049908022075
2027,large_file,11628,81,rare,1,12244,259,97.92849716068143
2028,large_file,11650,83,rare,1,12245,258,97.93649524114213
2029,large_file,11685,101,rare,1,12246,257,97.94449332160282
2030,large_file,11692,70,rare,1,12247,256,97.9524914020635
2031,large_file,11776,67,rare,1,12248,255,97.9604894825242
2032,large_file,11782,85,rare,1,12249,254,97.96848756298489
2033,large_file,11886,105,rare,1,12250,253,97.97648564344557
2034,large_file,11916,61,rare,1,12251,252,97.98448372390627
2035,large_file,11986,91,rare,1,12252,251,97.99248180436695
2036,large_file,12002,58,rare,1,12253,250,98.00047988482764
2037,large_file,12004,73,rare,1,12254,249,98.00847796528834
2038,large_file,12013,73,rare,1,12255,248,98.01647604574902
2039,large_file,12059,103,rare,1,12256,247,98.02447412620971
2040,large_file,12116,88,rare,1,12257,246,98.0324722066704
2041,large_file,12127,68,rare,1,12258,245,98.04047028713109
2042,large_file,12151,79,rare,1,12259,244,98.04846836759178
2043,large_file,12259,70,rare,1,12260,243,98.05646644805246
2044,large_file,12264,81,rare,1,12261,242,98.06446452851316
2045,large_file,12271,63,rare,1,12262,241,98.07246260897385
2046,large_file,12296,77,rare,1,12263,240,98.08046068943453
2047,large_file,12340,75,rare,1,12264,239,98.08845876989523
2048,large_file,12395,79,rare,1,12265,238,98.09645685035592
2049,large_file,12399,46,rare,1,12266,237,98.1044549308166
2050,large_file,12408,89,rare,1,12267,236,98.1124530112773
2051,large_file,12416,71,rare,1,12268,235,98.12045109173798
2052,large_file,12429,74,rare,1,12269,234,98.12844917219867
2053,large_file,12473,64,rare,1,12270,233,98.13644725265937
2054,large_file,12573,66,rare,1,12271,232,98.14444533312005
2055,large_file,12613,116,rare,1,12272,231,98.15244341358074
2056,large_file,12620,68,rare,1,12273,230,98.16044149404144
2057,large_file,12684,65,rare,1,12274,229,98.16843957450212
2058,large_file,12688,92,rare,1,12275,228,98.17643765496281
2059,large_file,12689,59,rare,1,12276,227,98.18443573542349
2060,large_file,12704,54,rare,1,12277,226,98.19243381588419
2061,large_file,12718,105,rare,1,12278,225,98.20043189634488
2062,large_file,12738,61,rare,1,12279,224,98.20842997680556
2063,large_file,12752,73,rare,1,12280,223,98.21642805726626
2064,large_file,12806,109,rare,1,12281,222,98.22442613772695
2065,large_file,12841,79,rare,1,12282,221,98.23242421818763
2066,large_file,12850,81,rare,1,12283,220,98.24042229864833
2067,large_file,12857,68,rare,1,12284,219,98.24842037910902
2068,large_file,12894,58,rare,1,12285,218,98.2564184595697
2069,large_file,12899,60,rare,1,12286,217,98.2644165400304
2070,large_file,12934,70,rare,1,12287,216,98.27241462049108
2071,large_file,12946,60,rare,1,12288,215,98.28041270095177
2072,large_file,12996,113,rare,1,12289,214,98.28841078141247
2073,large_file,13020,63,rare,1,12290,213,98.29640886187315
2074,large_file,13055,69,rare,1,12291,212,98.30440694233384
2075,large_file,13106,98,rare,1,12292,211,98.31240502279454
2076,large_file,13179,61,rare,1,12293,210,98.32040310325522
2077,large_file,13214,51,rare,1,12294,209,98.32840118371591
2078,large_file,13221,105,rare,1,12295,208,98.33639926417659
2079,large_file,13227,101,rare,1,12296,207,98.34439734463729
2080,large_file,13285,74,rare,1,12297,206,98.35239542509798
2081,large_file,13296,89,rare,1,12298,205,98.36039350555866
2082,large_file,13300,64,rare,1,12299,204,98.36839158601936
2083,large_file,13310,58,rare,1,12300,203,98.37638966648005
2084,large_file,13328,88,rare,1,12301,202,98.38438774694073
2085,large_file,13355,77,rare,1,12302,201,98.39238582740143
2086,large_file,13429,84,rare,1,12303,200,98.4003839078621
2087,large_file,13518,73,rare,1,12304,199,98.4083819883228
2088,large_file,13528,79,rare,1,12305,198,98.4163800687835
2089,large_file,13538,59,rare,1,12306,197,98.42437814924418
2090,large_file,13548,63,rare,1,12307,196,98.43237622970487
2091,large_file,13597,86,rare,1,12308,195,98.44037431016557
2092,large_file,13605,71,rare,1,12309,194,98.44837239062625
2093,large_file,13688,72,rare,1,12310,193,98.45637047108694
2094,large_file,13707,58,rare,1,12311,192,98.46436855154762
2095,large_file,13718,69,rare,1,12312,191,98.47236663200832
2096,large_file,13742,70,rare,1,12313,190,98.48036471246901
2097,large_file,13817,67,rare,1,12314,189,98.48836279292969
2098,large_file,13823,75,rare,1,12315,188,98.49636087339039
2099,large_file,13832,93,rare,1,12316,187,98.50435895385108
2100,large_file,13866,56,rare,1,12317,186,98.51235703431176
2101,large_file,13868,51,rare,1,12318,185,98.52035511477246
2102,large_file,13889,71,rare,1,12319,184,98.52835319523314
2103,large_file,13897,87,rare,1,12320,183,98.53635127569383
2104,large_file,13906,76,rare,1,12321,182,98.54434935615453
2105,large_file,13939,69,rare,1,12322,181,98.55234743661521
2106,large_file,13946,65,rare,1,12323,180,98.5603455170759
2107,large_file,13973,32,rare,1,12324,179,98.5683435975366
2108,large_file,13976,47,rare,1,12325,178,98.57634167799728
2109,large_file,13984,80,rare,1,12326,177,98.58433975845797
2110,large_file,14044,78,rare,1,12327,176,98.59233783891865
2111,large_file,14067,52,rare,1,12328,175,98.60033591937935
2112,large_file,14069,72,rare,1,12329,174,98.60833399984004
2113,large_file,14071,71,rare,1,12330,173,98.61633208030072
2114,large_file,14099,84,rare,1,12331,172,98.62433016076142
2115,large_file,14105,80,rare,1,12332,171,98.63232824122211
2116,large_file,14118,75,rare,1,12333,170,98.64032632168279
2117,large_file,14122,92,rare,1,12334,169,98.64832440214349
2118,large_file,14162,86,rare,1,12335,168,98.65632248260418
2119,large_file,14183,64,rare,1,12336,167,98.66432056306486
2120,large_file,14185,74,rare,1,12337,166,98.67231864352556
2121,large_file,14247,116,rare,1,12338,165,98.68031672398624
2122,large_file,14264,49,rare,1,12339,164,98.68831480444693
2123,large_file,14278,92,rare,1,12340,163,98.69631288490763
2124,large_file,14301,91,rare,1,12341,162,98.70431096536831
2125,large_file,14348,72,rare,1,12342,161,98.712309045829
2126,large_file,14352,40,rare,1,12343,160,98.7203071262897
2127,large_file,14355,84,rare,1,12344,159,98.72830520675038
2128,large_file,14376,31,rare,1,12345,158,98.73630328721107
2129,large_file,14384,67,rare,1,12346,157,98.74430136767175
2130,large_file,14395,50,rare,1,12347,156,98.75229944813245
2131,large_file,14479,59,rare,1,12348,155,98.76029752859314
2132,large_file,14528,97,rare,1,12349,154,98.76829560905382
2133,large_file,14640,92,rare,1,12350,153,98.77629368951452
2134,large_file,14693,75,rare,1,12351,152,98.78429176997521
2135,large_file,14706,81,rare,1,12352,151,98.79228985043589
2136,large_file,14719,60,rare,1,12353,150,98.80028793089659
2137,large_file,14723,77,rare,1,12354,149,98.80828601135727
2138,large_file,14798,91,rare,1,12355,148,98.81628409181796
2139,large_file,14838,77,rare,1,12356,147,98.82428217227866
2140,large_file,15013,69,rare,1,12357,146,98.83228025273934
2141,large_file,15022,93,rare,1,12358,145,98.84027833320003
2142,large_file,15044,77,rare,1,12359,144,98.84827641366073
2143,large_file,15063,87,rare,1,12360,143,98.85627449412141
2144,large_file,15066,85,rare,1,12361,142,98.8642725745821
2145,large_file,15099,67,rare,1,12362,141,98.87227065504278
2146,large_file,15102,82,rare,1,12363,140,98.88026873550348
2147,large_file,15134,77,rare,1,12364,139,98.88826681596417
2148,large_file,15158,65,rare,1,12365,138,98.89626489642485
2149,large_file,15173,75,rare,1,12366,137,98.90426297688555
2150,large_file,15292,83,rare,1,12367,136,98.91226105734624
2151,large_file,15346,65,rare,1,12368,135,98.92025913780692
2152,large_file,15412,87,rare,1,12369,134,98.92825721826762
2153,large_file,15434,81,rare,1,12370,133,98.9362552987283
2154,large_file,15484,45,rare,1,12371,132,98.94425337918899
2155,large_file,15501,83,rare,1,12372,131,98.95225145964969
2156,large_file,15503,41,rare,1,12373,130,98.96024954011037
2157,large_file,15519,70,rare,1,12374,129,98.96824762057106
2158,large_file,15571,59,rare,1,12375,128,98.97624570103176
2159,large_file,15592,73,rare,1,12376,127,98.98424378149244
2160,large_file,15597,45,rare,1,12377,126,98.99224186195313
2161,large_file,15640,71,rare,1,12378,125,99.00023994241383
2162,large_file,15748,63,rare,1,12379,124,99.00823802287451
2163,large_file,15766,92,rare,1,12380,123,99.0162361033352
2164,large_file,15813,84,rare,1,12381,122,99.02423418379588
2165,large_file,15836,34,rare,1,12382,121,99.03223226425658
2166,large_file,15842,65,rare,1,12383,120,99.04023034471727
2167,large_file,15966,65,rare,1,12384,119,99.04822842517795
2168,large_file,15982,67,rare,1,12385,118,99.05622650563865
2169,large_file,15996,115,rare,1,12386,117,99.06422458609934
2170,large_file,16047,55,rare,1,12387,116,99.07222266656002
2171,large_file,16053,60,rare,1,12388,115,99.08022074702072
2172,large_file,16057,81,rare,1,12389,114,99.0882188274814
2173,large_file,16071,101,rare,1,12390,113,99.0962169079421
2174,large_file,16113,70,rare,1,12391,112,99.10421498840279
2175,large_file,16123,64,rare,1,12392,111,99.11221306886347
2176,large_file,16148,57,rare,1,12393,110,99.12021114932416
2177,large_file,16394,62,rare,1,12394,109,99.12820922978486
2178,large_file,16434,50,rare,1,12395,108,99.13620731024554
2179,large_file,16458,83,rare,1,12396,107,99.14420539070623
2180,large_file,16471,66,rare,1,12397,106,99.15220347116691
2181,large_file,16477,72,rare,1,12398,105,99.16020155162761
2182,large_file,16495,120,rare,1,12399,104,99.1681996320883
2183,large_file,16520,79,rare,1,12400,103,99.17619771254898
2184,large_file,16540,107,rare,1,12401,102,99.18419579300968
2185,large_file,16591,80,rare,1,12402,101,99.19219387347037
2186,large_file,16710,67,rare,1,12403,100,99.20019195393105
2187,large_file,16718,83,rare,1,12404,99,99.20819003439175
2188,large_file,16720,81,rare,1,12405,98,99.21618811485243
2189,large_file,16721,82,rare,1,12406,97,99.22418619531312
2190,large_file,16722,79,rare,1,12407,96,99.23218427577382
2191,large_file,16734,72,rare,1,12408,95,99.2401823562345
2192,large_file,16747,77,rare,1,12409,94,99.2481804366952
2193,large_file,16750,75,rare,1,12410,93,99.25617851715589
2194,large_file,16754,61,rare,1,12411,92,99.26417659761657
2195,large_file,16775,63,rare,1,12412,91,99.27217467807726
2196,large_file,16810,53,rare,1,12413,90,99.28017275853794
2197,large_file,16867,61,rare,1,12414,89,99.28817083899864
2198,large_file,16929,79,rare,1,12415,88,99.29616891945933
2199,large_file,16974,86,rare,1,12416,87,99.30416699992001
2200,large_file,17020,125,rare,1,12417,86,99.31216508038071
2201,large_file,17053,80,rare,1,12418,85,99.3201631608414
2202,large_file,17071,97,rare,1,12419,84,99.32816124130208
2203,large_file,17134,57,rare,1,12420,83,99.33615932176278
2204,large_file,17144,83,rare,1,12421,82,99.34415740222347
2205,large_file,17195,69,rare,1,12422,81,99.35215548268415
2206,large_file,17226,73,rare,1,12423,80,99.36015356314485
2207,large_file,17246,102,rare,1,12424,79,99.36815164360553
2208,large_file,17260,69,rare,1,12425,78,99.37614972406622
2209,large_file,17270,59,rare,1,12426,77,99.38414780452692
2210,large_file,17289,100,rare,1,12427,76,99.3921458849876
2211,large_file,17316,69,rare,1,12428,75,99.4001439654483
2212,large_file,17398,83,rare,1,12429,74,99.40814204590899
2213,large_file,17424,89,rare,1,12430,73,99.41614012636967
2214,large_file,17447,71,rare,1,12431,72,99.42413820683036
2215,large_file,17543,57,rare,1,12432,71,99.43213628729104
2216,large_file,17599,25,rare,1,12433,70,99.44013436775174
2217,large_file,17612,65,rare,1,12434,69,99.44813244821243
2218,large_file,17637,111,rare,1,12435,68,99.45613052867311
2219,large_file,17648,77,rare,1,12436,67,99.46412860913381
2220,large_file,17705,70,rare,1,12437,66,99.4721266895945
2221,large_file,17732,68,rare,1,12438,65,99.48012477005518
2222,large_file,17750,110,rare,1,12439,64,99.48812285051588
2223,large_file,17774,92,rare,1,12440,63,99.49612093097656
2224,large_file,17811,88,rare,1,12441,62,99.50411901143725
2225,large_file,17832,79,rare,1,12442,61,99.51211709189795
2226,large_file,17880,62,rare,1,12443,60,99.52011517235863
2227,large_file,17912,68,rare,1,12444,59,99.52811325281932
2228,large_file,18015,98,rare,1,12445,58,99.53611133328002
2229,large_file,18109,79,rare,1,12446,57,99.5441094137407
2230,large_file,18136,51,rare,1,12447,56,99.5521074942014
2231,large_file,18138,83,rare,1,12448,55,99.56010557466207
2232,large_file,18215,92,rare,1,12449,54,99.56810365512277
2233,large_file,18231,112,rare,1,12450,53,99.57610173558346
2234,large_file,18326,81,rare,1,12451,52,99.58409981604414
2235,large_file,18339,76,rare,1,12452,51,99.59209789650484
2236,large_file,18355,72,rare,1,12453,50,99.60009597696553
2237,large_file,18364,69,rare,1,12454,49,99.60809405742621
2238,large_file,18387,98,rare,1,12455,48,99.61609213788691
2239,large_file,18406,72,rare,1,12456,47,99.62409021834759
2240,large_file,18415,63,rare,1,12457,46,99.63208829880828
2241,large_file,18419,87,rare,1,12458,45,99.64008637926898
2242,large_file,18522,79,rare,1,12459,44,99.64808445972966
2243,large_file,18610,78,rare,1,12460,43,99.65608254019035
2244,large_file,18689,109,rare,1,12461,42,99.66408062065105
2245,large_file,18716,80,rare,1,12462,41,99.67207870111173
2246,large_file,18717,104,rare,1,12463,40,99.68007678157242
2247,large_file,18731,84,rare,1,12464,39,99.68807486203312
2248,large_file,18781,64,rare,1,12465,38,99.6960729424938
2249,large_file,18821,93,rare,1,12466,37,99.7040710229545
2250,large_file,18883,64,rare,1,12467,36,99.71206910341517
2251,large_file,18902,83,rare,1,12468,35,99.72006718387587
2252,large_file,18930,79,rare,1,12469,34,99.72806526433656
2253,large_file,18982,50,rare,1,12470,33,99.73606334479724
2254,large_file,18995,64,rare,1,12471,32,99.74406142525794
2255,large_file,19000,78,rare,1,12472,31,99.75205950571863
2256,large_file,19022,75,rare,1,12473,30,99.76005758617931
2257,large_file,19049,66,rare,1,12474,29,99.76805566664001
2258,large_file,19067,85,rare,1,12475,28,99.77605374710069
2259,large_file,19083,56,rare,1,12476,27,99.78405182756138
2260,large_file,19100,65,rare,1,12477,26,99.79204990802208
2261,large_file,19115,67,rare,1,12478,25,99.80004798848276
2262,large_file,19153,79,rare,1,12479,24,99.80804606894345
2263,large_file,19169,94,rare,1,12480,23,99.81604414940415
2264,large_file,19184,60,rare,1,12481,22,99.82404222986483
2265,large_file,19195,87,rare,1,12482,21,99.83204031032552
2266,large_file,19244,103,rare,1,12483,20,99.8400383907862
2267,large_file,19270,89,rare,1,12484,19,99.8480364712469
2268,large_file,19281,59,rare,1,12485,18,99.8560345517076
2269,large_file,19366,66,rare,1,12486,17,99.86403263216827
2270,large_file,19379,57,rare,1,12487,16,99.87203071262897
2271,large_file,19425,64,rare,1,12488,15,99.88002879308966
2272,large_file,19494,78,rare,1,12489,14,99.88802687355034
2273,large_file,19529,69,rare,1,12490,13,99.89602495401104
2274,large_file,19631,63,rare,1,12491,12,99.90402303447172
2275,large_file,19668,60,rare,1,12492,11,99.91202111493241
2276,large_file,19729,109,rare,1,12493,10,99.92001919539311
2277,large_file,19734,103,rare,1,12494,9,99.92801727585379
2278,large_file,19779,59,rare,1,12495,8,99.93601535631448
2279,large_file,19850,85,rare,1,12496,7,99.94401343677518
2280,large_file,19853,101,rare,1,12497,6,99.95201151723586
2281,large_file,19855,70,rare,1,12498,5,99.96000959769655
2282,large_file,19879,80,rare,1,12499,4,99.96800767815724
2283,large_file,19923,75,rare,1,12500,3,99.97600575861793
2284,large_file,19941,92,rare,1,12501,2,99.98400383907862
2285,large_file,19971,63,rare,1,12502,1,99.9920019195393
2286,large_file,19975,107,rare,1,12503,0,100.0
2287,large_file,1662,79,common,6,6,111,5.128205128205129
2288,large_file,1226,38,common,4,10,107,8.547008547008547
2289,large_file,3640,56,common,4,14,103,11.965811965811966
2290,large_file,2079,85,common,3,17,100,14.52991452991453
2291,large_file,2828,68,common,3,20,97,17.094017094017094
2292,large_file,3405,30,common,3,23,94,19.65811965811966
2293,large_file,4457,89,common,3,26,91,22.22222222222222
2294,large_file,4953,59,common,3,29,88,24.786324786324787
2295,large_file,5384,66,common,3,32,85,27.35042735042735
2296,large_file,6240,66,common,3,35,82,29.914529914529915
2297,large_file,11091,72,common,3,38,79,32.47863247863248
2298,large_file,827,36,common,2,40,77,34.18803418803419
2299,large_file,1105,74,common,2,42,75,35.8974358974359
2300,large_file,2101,22,common,2,44,73,37.60683760683761
2301,large_file,2306,30,common,2,46,71,39.31623931623932
2302,large_file,3208,44,common,2,48,69,41.02564102564103
2303,large_file,4838,85,common,2,50,67,42.73504273504273
2304,large_file,5588,72,common,2,52,65,44.44444444444444
2305,large_file,6620,90,common,2,54,63,46.15384615384615
2306,large_file,7480,74,common,2,56,61,47.863247863247864
2307,large_file,7530,86,common,2,58,59,49.572649572649574
2308,large_file,9738,61,common,2,60,57,51.282051282051285
2309,large_file,9774,43,common,2,62,55,52.99145299145299
2310,large_file,9911,42,common,2,64,53,54.7008547008547
2311,large_file,11471,100,common,2,66,51,56.41025641025641
2312,large_file,11808,60,common,2,68,49,58.11965811965812
2313,large_file,13869,89,common,2,70,47,59.82905982905983
2314,large_file,19251,103,common,2,72,45,61.53846153846154
2315,large_file,707,67,common,1,73,44,62.39316239316239
2316,large_file,728,69,common,1,74,43,63.24786324786325
2317,large_file,731,82,common,1,75,42,64.1025641025641
2318,large_file,753,80,common,1,76,41,64.95726495726495
2319,large_file,768,20,common,1,77,40,65.8119658119658
2320,large_file,791,43,common,1,78,39,66.66666666666667
2321,large_file,833,79,common,1,79,38,67.52136752136752
2322,large_file,861,21,common,1,80,37,68.37606837606837
2323,large_file,927,51,common,1,81,36,69.23076923076923
2324,large_file,953,42,common,1,82,35,70.08547008547009
2325,large_file,980,26,common,1,83,34,70.94017094017094
2326,large_file,1074,60,common,1,84,33,71.7948717948718
2327,large_file,1110,91,common,1,85,32,72.64957264957265
2328,large_file,1298,79,common,1,86,31,73.5042735042735
2329,large_file,1455,86,common,1,87,30,74.35897435897436
2330,large_file,1474,78,common,1,88,29,75.21367521367522
2331,large_file,1493,74,common,1,89,28,76.06837606837607
2332,large_file,1619,77,common,1,90,27,76.92307692307692
2333,large_file,1689,60,common,1,91,26,77.77777777777777
2334,large_file,1700,44,common,1,92,25,78.63247863247864
2335,large_file,1713,65,common,1,93,24,79.48717948717949
2336,large_file,2004,33,common,1,94,23,80.34188034188034
2337,large_file,2153,19,common,1,95,22,81.19658119658119
2338,large_file,2169,86,common,1,96,21,82.05128205128206
2339,large_file,2283,65,common,1,97,20,82.90598290598291
2340,large_file,2568,52,common,1,98,19,83.76068376068376
2341,large_file,2585,80,common,1,99,18,84.61538461538461
2342,large_file,3041,88,common,1,100,17,85.47008547008546
