rank,source,source_idx,n_envs
1,probe,1478,235
2,probe,2091,181
3,phase2,11015,131
4,phase2,10379,129
5,phase2,5947,126
6,phase2,2106,123
7,phase2,2365,113
8,probe,335,125
9,phase2,1324,126
10,probe,583,110
11,phase2,17302,109
12,phase2,11415,110
13,phase2,15054,95
14,phase2,17242,127
15,phase2,11785,128
16,phase2,4981,94
17,probe,421,111
18,phase2,14147,109
19,phase2,19413,93
20,probe,214,126
21,probe,418,120
22,phase2,19683,93
23,probe,3,92
24,probe,9,94
25,phase2,3221,106
26,phase2,8749,93
27,probe,8,91
28,phase2,8150,109
29,phase2,3184,87
30,probe,10,92
31,probe,21,92
32,phase2,5203,91
33,phase2,11106,108
34,probe,0,90
35,probe,818,108
36,probe,72,90
37,probe,299,92
38,probe,526,128
39,phase2,15750,107
40,phase2,18105,90
41,probe,1,93
42,probe,268,102
43,phase2,17750,110
44,phase2,19365,92
45,probe,47,88
46,probe,411,91
47,probe,11,92
48,probe,15,90
49,probe,60,89
50,probe,830,107
51,phase2,6849,108
52,probe,40,94
53,phase2,1760,110
54,phase2,8120,115
55,probe,46,90
56,probe,51,90
57,phase2,9920,112
58,probe,24,91
59,probe,84,87
60,probe,198,90
61,probe,575,110
62,probe,4,90
63,probe,18,93
64,probe,19,88
65,phase2,3126,93
66,phase2,11401,92
67,phase2,16575,107
68,probe,211,88
69,probe,1003,88
70,probe,1569,119
71,phase2,8392,90
72,phase2,8789,110
73,phase2,17423,89
74,probe,240,115
75,probe,242,105
76,phase2,8428,111
77,probe,12,88
78,probe,29,89
79,probe,103,88
80,probe,234,86
81,probe,241,111
82,probe,516,88
83,phase2,10912,94
84,probe,14,88
85,probe,33,88
86,probe,35,92
87,probe,124,89
88,phase2,4916,87
89,probe,5,89
90,probe,22,90
91,probe,192,109
92,probe,245,96
93,phase2,9124,89
94,probe,20,87
95,probe,465,112
96,probe,697,88
97,probe,1872,107
98,phase2,4613,90
99,phase2,8270,93
100,phase2,13058,94
101,probe,37,89
102,probe,102,90
103,probe,117,90
104,probe,814,109
105,phase2,9896,108
106,phase2,10337,112
107,phase2,12140,90
108,probe,7,89
109,probe,25,89
110,probe,63,85
111,probe,68,86
112,probe,73,88
113,probe,93,95
114,probe,94,88
115,probe,336,109
116,phase2,4256,88
117,probe,13,93
118,probe,23,90
119,probe,36,91
120,probe,43,90
121,probe,139,85
122,probe,576,108
123,phase2,1339,88
124,phase2,7694,91
125,probe,6,92
126,probe,141,85
127,probe,267,107
128,probe,428,92
129,probe,446,87
130,probe,812,110
131,probe,1032,108
132,phase2,4254,90
133,probe,42,90
134,probe,44,84
135,probe,45,88
136,probe,82,87
137,probe,120,88
138,probe,121,121
139,probe,1165,107
140,phase2,18002,90
141,probe,26,91
142,probe,28,92
143,probe,55,89
144,probe,65,85
145,probe,113,88
146,probe,297,86
147,probe,535,96
148,probe,1065,93
149,phase2,3046,91
150,phase2,8152,106
151,phase2,17546,94
152,probe,34,87
153,probe,39,93
154,probe,137,90
155,probe,270,110
156,probe,657,106
157,probe,1186,107
158,phase2,8754,89
159,probe,81,82
160,probe,95,88
161,probe,306,91
162,probe,427,96
163,probe,930,105
164,phase2,1269,87
165,phase2,6181,109
166,phase2,7197,89
167,phase2,14749,91
168,probe,38,87
169,probe,57,90
170,probe,61,87
171,probe,69,80
172,probe,75,81
173,probe,80,93
174,probe,101,89
175,probe,169,83
176,probe,179,82
177,probe,205,85
178,probe,263,88
179,probe,1067,97
180,probe,1269,83
181,probe,1969,92
182,phase2,15719,112
183,phase2,16533,88
184,probe,17,90
185,probe,30,87
186,probe,59,87
187,probe,78,80
188,probe,174,88
189,probe,402,85
190,probe,649,112
191,probe,706,89
192,probe,813,109
193,probe,836,94
194,probe,1876,116
195,phase2,3559,91
196,phase2,5004,89
197,phase2,19121,89
198,probe,89,87
199,probe,167,90
200,probe,187,86
201,probe,220,97
202,probe,247,78
203,probe,314,77
204,probe,362,85
205,probe,590,90
206,probe,2148,82
207,phase2,5141,110
208,probe,48,87
209,probe,194,107
210,probe,249,77
211,probe,307,77
212,probe,319,80
213,probe,499,80
214,probe,754,95
215,probe,1047,113
216,probe,1367,102
217,probe,3013,107
218,phase2,755,110
219,phase2,1165,89
220,phase2,5801,91
221,phase2,6187,93
222,phase2,6437,89
223,phase2,14057,89
224,probe,27,86
225,probe,32,89
226,probe,50,90
227,probe,56,85
228,probe,86,90
229,probe,123,85
230,probe,173,88
231,probe,178,84
232,probe,455,91
233,probe,646,119
234,probe,716,85
235,probe,924,109
236,probe,1411,91
237,probe,1613,107
238,probe,3237,92
239,probe,3381,76
240,phase2,4274,93
241,phase2,18728,88
242,probe,41,85
243,probe,74,89
244,probe,106,88
245,probe,115,89
246,probe,129,87
247,probe,136,84
248,probe,146,83
249,probe,161,88
250,probe,195,82
251,probe,201,76
252,probe,208,93
253,probe,221,95
254,probe,251,77
255,probe,380,76
256,probe,840,92
257,probe,842,92
258,probe,1892,110
259,probe,1901,81
260,probe,2351,108
261,probe,91,91
262,probe,104,88
263,probe,156,80
264,probe,742,119
265,probe,936,105
266,probe,1085,78
267,probe,1230,94
268,probe,1352,111
269,probe,1648,92
270,probe,1707,80
271,probe,3279,95
272,probe,3350,78
273,phase2,1242,88
274,phase2,1730,84
275,phase2,7344,93
276,phase2,11430,87
277,phase2,12470,88
278,probe,52,88
279,probe,53,91
280,probe,70,90
281,probe,85,83
282,probe,96,88
283,probe,98,89
284,probe,151,92
285,probe,177,91
286,probe,469,106
287,probe,1070,94
288,probe,1091,76
289,probe,1438,76
290,probe,3007,107
291,phase2,4453,92
292,phase2,11889,95
293,probe,97,87
294,probe,155,79
295,probe,199,75
296,probe,202,80
297,probe,222,80
298,probe,237,90
299,probe,274,96
300,probe,303,124
301,probe,378,92
302,probe,406,86
303,probe,420,119
304,probe,443,78
305,probe,483,97
306,probe,1228,90
307,probe,1561,107
308,probe,1605,118
309,phase2,8873,87
310,phase2,9185,89
311,phase2,9729,87
312,phase2,13210,88
313,probe,16,92
314,probe,31,87
315,probe,67,77
316,probe,100,87
317,probe,142,91
318,probe,256,80
319,probe,345,79
320,probe,383,77
321,probe,385,78
322,probe,426,96
323,probe,490,78
324,probe,562,81
325,probe,825,82
326,probe,1944,108
327,probe,2389,78
328,probe,3238,91
329,phase2,2141,89
330,phase2,10584,86
331,phase2,18015,98
332,probe,71,89
333,probe,110,78
334,probe,160,78
335,probe,188,82
336,probe,215,79
337,probe,262,87
338,probe,298,88
339,probe,371,119
340,probe,673,78
341,probe,694,77
342,probe,738,120
343,probe,819,102
344,probe,820,112
345,probe,843,97
346,probe,1491,89
347,probe,1999,78
348,probe,2280,108
349,probe,2439,93
350,probe,3390,80
351,phase2,9341,91
352,phase2,16713,89
353,probe,54,84
354,probe,76,84
355,probe,109,83
356,probe,126,85
357,probe,133,107
358,probe,144,78
359,probe,145,75
360,probe,148,73
361,probe,157,80
362,probe,162,88
363,probe,230,77
364,probe,272,77
365,probe,277,74
366,probe,351,79
367,probe,381,76
368,probe,439,76
369,probe,489,73
370,probe,500,77
371,probe,522,110
372,probe,533,93
373,probe,573,120
374,probe,624,73
375,probe,925,97
376,probe,926,112
377,probe,971,81
378,probe,1014,75
379,probe,3239,91
380,probe,3397,83
381,phase2,7200,108
382,phase2,10420,86
383,phase2,13754,88
384,phase2,16136,85
385,probe,58,87
386,probe,66,87
387,probe,116,88
388,probe,143,80
389,probe,152,87
390,probe,182,80
391,probe,206,73
392,probe,231,86
393,probe,244,91
394,probe,550,72
395,probe,655,121
396,probe,702,88
397,probe,739,105
398,probe,750,92
399,probe,764,86
400,probe,1628,94
401,probe,2007,77
402,phase2,3594,91
403,phase2,7495,86
404,phase2,11804,89
405,probe,88,76
406,probe,112,86
407,probe,114,85
408,probe,197,83
409,probe,200,80
410,probe,216,81
411,probe,265,85
412,probe,339,94
413,probe,400,87
414,probe,521,108
415,probe,527,114
416,probe,629,86
417,probe,672,77
418,probe,725,96
419,probe,736,107
420,probe,920,83
421,probe,1044,106
422,probe,1552,109
423,probe,1568,119
424,probe,1646,90
425,probe,2302,106
426,phase2,6344,90
427,phase2,7427,89
428,phase2,13815,90
429,phase2,18439,90
430,probe,2,94
431,probe,49,89
432,probe,83,86
433,probe,99,86
434,probe,118,85
435,probe,227,80
436,probe,273,83
437,probe,290,71
438,probe,315,80
439,probe,338,81
440,probe,363,86
441,probe,364,83
442,probe,394,77
443,probe,401,84
444,probe,407,86
445,probe,414,86
446,probe,442,75
447,probe,474,81
448,probe,546,77
449,probe,563,74
450,probe,591,92
451,probe,626,82
452,probe,632,84
453,probe,729,105
454,probe,737,104
455,probe,761,79
456,probe,808,88
457,probe,1026,106
458,probe,1227,93
459,probe,1565,122
460,probe,2314,118
461,probe,3243,94
462,phase2,14361,88
463,phase2,14524,91
464,phase2,14859,87
465,probe,105,91
466,probe,111,77
467,probe,135,80
468,probe,140,89
469,probe,175,93
470,probe,181,79
471,probe,186,83
472,probe,196,78
473,probe,213,90
474,probe,286,77
475,probe,342,83
476,probe,344,76
477,probe,436,77
478,probe,476,84
479,probe,540,74
480,probe,564,89
481,probe,565,87
482,probe,653,105
483,probe,730,107
484,probe,755,94
485,probe,756,91
486,probe,1019,88
487,probe,1055,106
488,probe,1929,109
489,phase2,1810,92
490,phase2,1963,93
491,phase2,9234,105
492,phase2,10984,90
493,probe,77,79
494,probe,122,83
495,probe,127,87
496,probe,150,85
497,probe,166,88
498,probe,191,102
499,probe,207,74
500,probe,233,87
501,probe,238,87
502,probe,311,78
503,probe,321,75
504,probe,356,86
505,probe,382,77
506,probe,384,77
507,probe,393,87
508,probe,423,112
509,probe,448,86
510,probe,746,91
511,probe,854,78
512,probe,1024,84
513,probe,1078,90
514,probe,1172,126
515,probe,1553,106
516,probe,1688,77
517,probe,1887,100
518,probe,2456,92
519,probe,3235,92
520,probe,3354,74
521,phase2,4992,82
522,phase2,8413,84
523,phase2,16104,124
524,phase2,17200,92
525,probe,149,74
526,probe,171,72
527,probe,184,76
528,probe,209,85
529,probe,218,85
530,probe,248,77
531,probe,275,95
532,probe,276,78
533,probe,279,80
534,probe,312,72
535,probe,333,86
536,probe,361,85
537,probe,379,92
538,probe,434,70
539,probe,466,102
540,probe,496,81
541,probe,509,85
542,probe,588,79
543,probe,664,78
544,probe,705,84
545,probe,838,106
546,probe,846,90
547,probe,927,114
548,probe,944,75
549,probe,963,91
550,probe,988,78
551,probe,1051,106
552,probe,1433,73
553,probe,2045,77
554,probe,2538,83
555,probe,2810,84
556,probe,3011,99
557,probe,3366,82
558,phase2,6902,93
559,phase2,8974,85
560,probe,92,84
561,probe,107,76
562,probe,134,77
563,probe,147,83
564,probe,158,86
565,probe,185,80
566,probe,204,79
567,probe,232,84
568,probe,239,84
569,probe,255,86
570,probe,261,88
571,probe,278,80
572,probe,317,73
573,probe,348,74
574,probe,359,83
575,probe,367,112
576,probe,387,77
577,probe,410,79
578,probe,422,119
579,probe,464,100
580,probe,468,121
581,probe,478,94
582,probe,485,78
583,probe,487,75
584,probe,608,77
585,probe,615,74
586,probe,625,85
587,probe,668,95
588,probe,677,73
589,probe,679,80
590,probe,684,79
591,probe,876,73
592,probe,1086,77
593,probe,1089,77
594,probe,1189,105
595,probe,1622,83
596,probe,1950,72
597,phase2,1066,79
598,phase2,8595,89
599,phase2,10157,88
600,phase2,10314,86
601,probe,87,90
602,probe,90,92
603,probe,132,84
604,probe,223,77
605,probe,224,83
606,probe,229,78
607,probe,243,80
608,probe,324,75
609,probe,330,83
610,probe,332,91
611,probe,353,77
612,probe,413,82
613,probe,451,83
614,probe,471,103
615,probe,484,76
616,probe,531,76
617,probe,537,93
618,probe,539,79
619,probe,558,81
620,probe,567,82
621,probe,654,106
622,probe,678,77
623,probe,733,121
624,probe,848,83
625,probe,900,75
626,probe,943,75
627,probe,974,80
628,probe,1029,123
629,probe,1079,96
630,probe,1129,87
631,probe,1174,109
632,probe,1378,74
633,probe,1510,84
634,probe,1577,107
635,probe,1581,109
636,probe,1608,107
637,probe,1609,75
638,probe,1645,91
639,probe,1758,84
640,probe,1779,84
641,probe,1959,93
642,probe,2163,80
643,phase2,2357,90
644,phase2,7081,111
645,phase2,9977,108
646,phase2,18106,91
647,phase2,19601,105
648,phase2,19926,89
649,probe,79,88
650,probe,217,81
651,probe,289,78
652,probe,308,79
653,probe,326,88
654,probe,340,93
655,probe,346,79
656,probe,368,119
657,probe,373,81
658,probe,396,78
659,probe,425,79
660,probe,438,78
661,probe,475,77
662,probe,486,75
663,probe,494,71
664,probe,515,87
665,probe,530,75
666,probe,660,73
667,probe,661,79
668,probe,674,78
669,probe,727,100
670,probe,740,102
671,probe,762,76
672,probe,928,81
673,probe,932,105
674,probe,962,88
675,probe,1004,84
676,probe,1005,84
677,probe,1066,95
678,probe,1127,74
679,probe,1370,78
680,probe,1386,80
681,probe,1436,79
682,probe,1643,76
683,probe,1683,86
684,probe,2366,79
685,probe,2376,77
686,probe,2686,83
687,probe,3024,108
688,probe,3358,73
689,phase2,2388,87
690,phase2,5017,110
691,phase2,6539,88
692,phase2,16089,109
693,probe,62,128
694,probe,108,92
695,probe,130,91
696,probe,259,85
697,probe,294,82
698,probe,310,81
699,probe,375,80
700,probe,409,73
701,probe,510,87
702,probe,543,78
703,probe,572,93
704,probe,680,78
705,probe,700,88
706,probe,751,88
707,probe,828,82
708,probe,839,97
709,probe,881,84
710,probe,882,81
711,probe,901,87
712,probe,947,75
713,probe,1102,77
714,probe,1410,95
715,probe,1432,76
716,probe,1487,85
717,probe,1615,107
718,probe,1639,107
719,probe,2011,78
720,probe,2453,93
721,probe,3008,102
722,probe,3103,79
723,probe,3288,93
724,probe,3356,78
725,phase2,1723,94
726,phase2,2087,89
727,phase2,5226,85
728,phase2,10521,91
729,phase2,13770,109
730,phase2,14544,112
731,phase2,17410,90
732,probe,125,75
733,probe,180,76
734,probe,183,80
735,probe,226,76
736,probe,316,83
737,probe,347,69
738,probe,360,83
739,probe,370,105
740,probe,376,97
741,probe,395,72
742,probe,460,85
743,probe,470,110
744,probe,503,72
745,probe,504,70
746,probe,525,107
747,probe,579,115
748,probe,638,83
749,probe,656,113
750,probe,669,91
751,probe,851,73
752,probe,923,105
753,probe,945,83
754,probe,1095,75
755,probe,1170,110
756,probe,1197,80
757,probe,1215,94
758,probe,1218,94
759,probe,1338,103
760,probe,1426,79
761,probe,1875,93
762,probe,2003,76
763,probe,2102,87
764,probe,2286,118
765,probe,2951,83
766,probe,3355,75
767,phase2,1738,88
768,phase2,9398,86
769,phase2,9565,107
770,phase2,9622,101
771,phase2,11612,91
772,phase2,19427,88
773,probe,119,88
774,probe,193,113
775,probe,235,80
776,probe,257,86
777,probe,280,76
778,probe,281,83
779,probe,337,114
780,probe,341,95
781,probe,355,80
782,probe,372,78
783,probe,392,78
784,probe,398,81
785,probe,424,107
786,probe,433,78
787,probe,437,82
788,probe,481,78
789,probe,507,89
790,probe,614,71
791,probe,732,107
792,probe,778,79
793,probe,815,101
794,probe,884,79
795,probe,907,83
796,probe,956,73
797,probe,976,76
798,probe,1166,115
799,probe,1241,81
800,probe,1246,70
801,probe,1268,76
802,probe,1414,89
803,probe,1421,70
804,probe,1564,102
805,probe,1663,93
806,probe,2008,78
807,probe,2018,72
808,probe,2124,86
809,probe,2474,84
810,probe,2522,77
811,probe,2536,74
812,probe,3004,107
813,probe,3101,108
814,probe,3257,92
815,phase2,3546,88
816,phase2,5333,89
817,phase2,7996,87
818,phase2,18030,85
819,phase2,18453,84
820,phase2,19663,90
821,probe,163,88
822,probe,212,84
823,probe,258,85
824,probe,285,80
825,probe,293,84
826,probe,322,78
827,probe,329,73
828,probe,374,75
829,probe,389,73
830,probe,390,86
831,probe,492,79
832,probe,536,78
833,probe,542,70
834,probe,578,116
835,probe,602,77
836,probe,603,76
837,probe,605,80
838,probe,612,71
839,probe,683,78
840,probe,817,115
841,probe,852,81
842,probe,862,73
843,probe,863,77
844,probe,960,96
845,probe,1183,119
846,probe,1239,78
847,probe,1427,81
848,probe,1450,73
849,probe,1575,104
850,probe,1597,78
851,probe,1611,81
852,probe,1689,84
853,probe,1882,98
854,probe,1990,81
855,probe,2023,75
856,probe,2034,80
857,probe,2039,73
858,probe,2097,81
859,probe,2288,78
860,probe,2434,74
861,probe,2438,97
862,probe,2513,77
863,probe,2533,73
864,probe,2568,76
865,probe,2673,81
866,probe,3016,104
867,probe,3033,97
868,probe,3049,108
869,phase2,9945,92
870,phase2,12403,90
871,phase2,13442,86
872,phase2,13458,76
873,phase2,15803,76
874,phase2,17501,91
875,probe,64,84
876,probe,128,87
877,probe,131,91
878,probe,283,72
879,probe,284,71
880,probe,295,89
881,probe,309,78
882,probe,313,78
883,probe,343,78
884,probe,350,79
885,probe,388,74
886,probe,404,85
887,probe,435,74
888,probe,498,78
889,probe,513,72
890,probe,538,94
891,probe,651,106
892,probe,666,81
893,probe,675,74
894,probe,744,75
895,probe,749,78
896,probe,775,72
897,probe,804,87
898,probe,979,67
899,probe,1080,94
900,probe,1087,78
901,probe,1088,73
902,probe,1139,81
903,probe,1207,93
904,probe,1216,94
905,probe,1240,79
906,probe,1340,104
907,probe,1344,99
908,probe,1412,92
909,probe,1495,84
910,probe,1583,115
911,probe,1671,90
912,probe,1684,72
913,probe,1691,79
914,probe,1706,74
915,probe,2394,93
916,probe,2409,74
917,probe,2515,81
918,probe,2612,72
919,probe,3051,113
920,probe,3156,70
921,probe,3444,69
922,phase2,2904,110
923,phase2,5114,82
924,phase2,8930,84
925,phase2,9743,70
926,phase2,11421,108
927,phase2,18736,89
928,probe,165,85
929,probe,331,85
930,probe,432,73
931,probe,440,78
932,probe,472,117
933,probe,541,75
934,probe,560,89
935,probe,566,85
936,probe,582,111
937,probe,587,73
938,probe,604,76
939,probe,610,79
940,probe,640,88
941,probe,643,110
942,probe,695,77
943,probe,763,71
944,probe,766,76
945,probe,770,72
946,probe,781,74
947,probe,800,87
948,probe,805,84
949,probe,857,79
950,probe,865,73
951,probe,868,73
952,probe,870,75
953,probe,891,75
954,probe,898,85
955,probe,933,121
956,probe,939,103
957,probe,958,90
958,probe,969,75
959,probe,984,79
960,probe,1034,73
961,probe,1093,82
962,probe,1123,86
963,probe,1209,77
964,probe,1210,111
965,probe,1217,94
966,probe,1247,71
967,probe,1399,89
968,probe,1428,75
969,probe,1449,80
970,probe,1666,90
971,probe,1687,80
972,probe,1703,80
973,probe,1755,86
974,probe,1946,105
975,probe,2013,72
976,probe,2024,83
977,probe,2025,71
978,probe,2029,73
979,probe,2040,71
980,probe,2190,82
981,probe,2422,93
982,probe,2527,74
983,probe,3036,104
984,probe,3222,100
985,phase2,4950,70
986,phase2,10069,89
987,phase2,11551,87
988,phase2,14406,89
989,phase2,14952,85
990,phase2,15078,120
991,phase2,15083,106
992,phase2,16205,89
993,phase2,18329,87
994,probe,168,80
995,probe,172,84
996,probe,225,73
997,probe,228,84
998,probe,252,77
999,probe,254,87
1000,probe,260,84
1001,probe,264,88
1002,probe,266,121
1003,probe,282,80
1004,probe,358,85
1005,probe,416,89
1006,probe,454,84
1007,probe,461,82
1008,probe,480,79
1009,probe,523,106
1010,probe,600,79
1011,probe,606,72
1012,probe,627,79
1013,probe,663,117
1014,probe,676,80
1015,probe,735,113
1016,probe,777,70
1017,probe,780,73
1018,probe,786,78
1019,probe,789,71
1020,probe,799,85
1021,probe,803,80
1022,probe,831,103
1023,probe,856,73
1024,probe,858,80
1025,probe,896,84
1026,probe,1058,102
1027,probe,1090,82
1028,probe,1161,101
1029,probe,1205,74
1030,probe,1212,93
1031,probe,1282,85
1032,probe,1358,115
1033,probe,1573,101
1034,probe,1651,95
1035,probe,1685,74
1036,probe,1860,107
1037,probe,1879,105
1038,probe,1953,92
1039,probe,1970,95
1040,probe,2066,72
1041,probe,2096,73
1042,probe,2114,81
1043,probe,2119,82
1044,probe,2263,106
1045,probe,2284,92
1046,probe,2346,100
1047,probe,2402,108
1048,probe,2510,80
1049,probe,2528,77
1050,probe,2654,74
1051,probe,3050,101
1052,probe,3073,101
1053,probe,3236,96
1054,probe,3283,93
1055,probe,3375,73
1056,probe,3426,75
1057,phase2,3456,87
1058,phase2,5295,85
1059,phase2,6871,88
1060,phase2,7070,89
1061,phase2,9981,108
1062,phase2,10367,116
1063,phase2,11822,86
1064,phase2,15696,89
1065,phase2,16442,93
1066,probe,170,78
1067,probe,250,80
1068,probe,271,113
1069,probe,304,73
1070,probe,305,119
1071,probe,323,73
1072,probe,365,109
1073,probe,405,81
1074,probe,431,74
1075,probe,453,73
1076,probe,581,76
1077,probe,623,84
1078,probe,642,104
1079,probe,685,80
1080,probe,686,71
1081,probe,698,81
1082,probe,699,83
1083,probe,703,85
1084,probe,711,88
1085,probe,759,76
1086,probe,760,76
1087,probe,765,83
1088,probe,767,80
1089,probe,788,73
1090,probe,793,78
1091,probe,807,77
1092,probe,816,112
1093,probe,861,77
1094,probe,897,83
1095,probe,905,83
1096,probe,912,80
1097,probe,918,85
1098,probe,977,77
1099,probe,1022,102
1100,probe,1027,110
1101,probe,1059,80
1102,probe,1069,89
1103,probe,1099,74
1104,probe,1196,75
1105,probe,1220,92
1106,probe,1223,91
1107,probe,1242,74
1108,probe,1291,83
1109,probe,1387,92
1110,probe,1409,89
1111,probe,1554,105
1112,probe,1571,107
1113,probe,1649,91
1114,probe,1694,75
1115,probe,1739,75
1116,probe,1895,110
1117,probe,1909,119
1118,probe,1916,102
1119,probe,2019,76
1120,probe,2026,68
1121,probe,2293,109
1122,probe,2333,114
1123,probe,2354,104
1124,probe,2514,80
1125,probe,2519,79
1126,probe,2941,87
1127,probe,2944,80
1128,probe,3162,73
1129,probe,3166,76
1130,probe,3188,103
1131,probe,3352,74
1132,probe,3361,71
1133,phase2,2703,76
1134,phase2,3935,89
1135,phase2,3937,89
1136,phase2,6121,91
1137,phase2,16894,88
1138,phase2,18397,109
1139,probe,203,80
1140,probe,253,76
1141,probe,301,92
1142,probe,334,77
1143,probe,349,71
1144,probe,408,82
1145,probe,457,90
1146,probe,458,91
1147,probe,459,74
1148,probe,479,92
1149,probe,586,83
1150,probe,595,83
1151,probe,601,71
1152,probe,630,87
1153,probe,665,71
1154,probe,670,96
1155,probe,704,78
1156,probe,728,103
1157,probe,741,103
1158,probe,748,74
1159,probe,772,81
1160,probe,795,85
1161,probe,823,105
1162,probe,849,76
1163,probe,975,76
1164,probe,995,69
1165,probe,1096,82
1166,probe,1155,82
1167,probe,1163,105
1168,probe,1168,88
1169,probe,1175,98
1170,probe,1180,111
1171,probe,1203,82
1172,probe,1253,83
1173,probe,1306,82
1174,probe,1328,108
1175,probe,1406,93
1176,probe,1413,95
1177,probe,1454,75
1178,probe,1457,83
1179,probe,1459,77
1180,probe,1580,104
1181,probe,1610,107
1182,probe,1658,89
1183,probe,1664,91
1184,probe,1870,103
1185,probe,1884,110
1186,probe,1897,98
1187,probe,1940,95
1188,probe,1942,77
1189,probe,1967,94
1190,probe,1975,89
1191,probe,2005,76
1192,probe,2009,80
1193,probe,2430,75
1194,probe,2462,92
1195,probe,2508,82
1196,probe,2543,72
1197,probe,2995,97
1198,probe,3005,101
1199,probe,3028,103
1200,probe,3100,103
1201,probe,3192,80
1202,probe,3271,93
1203,probe,3296,95
1204,probe,3362,79
1205,phase2,1433,92
1206,phase2,1635,81
1207,phase2,6291,91
1208,phase2,11744,86
1209,phase2,14175,76
1210,phase2,14282,89
1211,phase2,17629,74
1212,phase2,18258,88
1213,probe,138,91
1214,probe,219,125
1215,probe,287,78
1216,probe,288,77
1217,probe,320,82
1218,probe,325,89
1219,probe,328,85
1220,probe,352,78
1221,probe,357,83
1222,probe,399,81
1223,probe,403,70
1224,probe,449,85
1225,probe,450,81
1226,probe,508,74
1227,probe,520,81
1228,probe,545,71
1229,probe,584,81
1230,probe,589,82
1231,probe,645,105
1232,probe,659,84
1233,probe,682,73
1234,probe,687,75
1235,probe,743,82
1236,probe,768,74
1237,probe,769,77
1238,probe,771,78
1239,probe,774,76
1240,probe,791,81
1241,probe,792,84
1242,probe,797,81
1243,probe,821,98
1244,probe,829,75
1245,probe,855,76
1246,probe,877,70
1247,probe,885,76
1248,probe,935,106
1249,probe,946,74
1250,probe,952,114
1251,probe,1001,87
1252,probe,1009,87
1253,probe,1056,77
1254,probe,1243,76
1255,probe,1264,75
1256,probe,1336,108
1257,probe,1372,100
1258,probe,1381,78
1259,probe,1441,69
1260,probe,1562,103
1261,probe,1669,93
1262,probe,1686,72
1263,probe,1698,70
1264,probe,1727,79
1265,probe,1873,106
1266,probe,1877,106
1267,probe,1976,95
1268,probe,2035,76
1269,probe,2036,72
1270,probe,2321,102
1271,probe,2355,111
1272,probe,2372,109
1273,probe,2440,94
1274,probe,2447,90
1275,probe,2517,73
1276,probe,2532,72
1277,probe,2617,83
1278,probe,3023,94
1279,probe,3037,103
1280,probe,3110,103
1281,probe,3275,93
1282,probe,3367,76
1283,probe,3368,76
1284,probe,3442,72
1285,phase2,774,71
1286,phase2,1544,86
1287,phase2,3777,87
1288,phase2,6146,84
1289,phase2,8874,84
1290,phase2,18241,110
1291,probe,176,89
1292,probe,292,74
1293,probe,296,83
1294,probe,391,72
1295,probe,467,105
1296,probe,495,80
1297,probe,511,82
1298,probe,517,87
1299,probe,548,69
1300,probe,549,84
1301,probe,574,101
1302,probe,597,75
1303,probe,622,69
1304,probe,641,74
1305,probe,747,101
1306,probe,782,77
1307,probe,785,76
1308,probe,790,79
1309,probe,841,89
1310,probe,899,72
1311,probe,911,81
1312,probe,921,80
1313,probe,937,103
1314,probe,950,73
1315,probe,954,91
1316,probe,1011,89
1317,probe,1057,77
1318,probe,1126,85
1319,probe,1128,82
1320,probe,1154,83
1321,probe,1225,91
1322,probe,1279,78
1323,probe,1281,82
1324,probe,1283,82
1325,probe,1341,100
1326,probe,1345,106
1327,probe,1379,70
1328,probe,1392,119
1329,probe,1396,73
1330,probe,1463,71
1331,probe,1480,79
1332,probe,1586,113
1333,probe,1634,98
1334,probe,1731,72
1335,probe,1874,110
1336,probe,1883,94
1337,probe,1936,80
1338,probe,1945,67
1339,probe,1964,92
1340,probe,2022,75
1341,probe,2095,74
1342,probe,2100,82
1343,probe,2287,98
1344,probe,2308,110
1345,probe,2310,110
1346,probe,2343,117
1347,probe,2442,84
1348,probe,2531,72
1349,probe,2574,72
1350,probe,2769,81
1351,probe,2772,80
1352,probe,2947,84
1353,probe,3125,97
1354,probe,3274,94
1355,probe,3364,83
1356,probe,3392,68
1357,probe,3398,81
1358,probe,3552,77
1359,probe,3563,106
1360,phase2,1003,84
1361,phase2,3623,91
1362,phase2,5988,96
1363,phase2,9776,106
1364,phase2,9993,85
1365,phase2,12125,84
1366,phase2,12571,91
1367,phase2,15536,87
1368,phase2,15594,74
1369,phase2,15714,109
1370,phase2,16188,91
1371,phase2,17492,112
1372,probe,153,83
1373,probe,164,86
1374,probe,327,83
1375,probe,430,74
1376,probe,441,76
1377,probe,447,85
1378,probe,452,77
1379,probe,482,92
1380,probe,544,82
1381,probe,555,73
1382,probe,599,72
1383,probe,609,73
1384,probe,619,70
1385,probe,620,72
1386,probe,648,109
1387,probe,696,71
1388,probe,724,105
1389,probe,745,108
1390,probe,753,72
1391,probe,757,94
1392,probe,845,92
1393,probe,931,105
1394,probe,934,103
1395,probe,970,75
1396,probe,973,75
1397,probe,983,74
1398,probe,989,70
1399,probe,1013,87
1400,probe,1016,68
1401,probe,1052,110
1402,probe,1107,79
1403,probe,1130,81
1404,probe,1133,79
1405,probe,1135,87
1406,probe,1152,82
1407,probe,1214,71
1408,probe,1238,72
1409,probe,1262,78
1410,probe,1288,80
1411,probe,1294,80
1412,probe,1314,84
1413,probe,1337,73
1414,probe,1350,100
1415,probe,1355,103
1416,probe,1389,109
1417,probe,1429,76
1418,probe,1567,98
1419,probe,1570,101
1420,probe,1600,79
1421,probe,1601,78
1422,probe,1662,95
1423,probe,1693,72
1424,probe,1728,75
1425,probe,1730,76
1426,probe,1772,87
1427,probe,1857,73
1428,probe,1891,101
1429,probe,1933,108
1430,probe,1955,95
1431,probe,2027,77
1432,probe,2103,83
1433,probe,2253,80
1434,probe,2296,117
1435,probe,2303,114
1436,probe,2459,93
1437,probe,2524,77
1438,probe,2571,80
1439,probe,2582,70
1440,probe,2613,77
1441,probe,2697,87
1442,probe,2733,80
1443,probe,3019,99
1444,probe,3032,105
1445,probe,3083,100
1446,probe,3295,91
1447,probe,3387,72
1448,probe,3414,74
1449,probe,3439,79
1450,phase2,2941,88
1451,phase2,3869,84
1452,phase2,11059,91
1453,phase2,11637,68
1454,phase2,11742,93
1455,phase2,11943,84
1456,phase2,14152,83
1457,phase2,15011,94
1458,phase2,15271,92
1459,phase2,16263,86
1460,phase2,17042,88
1461,probe,159,77
1462,probe,246,76
1463,probe,318,70
1464,probe,366,106
1465,probe,369,120
1466,probe,477,120
1467,probe,488,77
1468,probe,501,80
1469,probe,518,83
1470,probe,524,116
1471,probe,528,118
1472,probe,529,114
1473,probe,571,83
1474,probe,647,101
1475,probe,652,99
1476,probe,726,104
1477,probe,731,110
1478,probe,758,94
1479,probe,875,80
1480,probe,910,80
1481,probe,938,108
1482,probe,940,105
1483,probe,967,72
1484,probe,972,74
1485,probe,982,72
1486,probe,987,72
1487,probe,1025,103
1488,probe,1033,92
1489,probe,1064,75
1490,probe,1083,73
1491,probe,1103,74
1492,probe,1137,82
1493,probe,1138,81
1494,probe,1159,89
1495,probe,1173,117
1496,probe,1182,103
1497,probe,1211,99
1498,probe,1221,94
1499,probe,1222,90
1500,probe,1234,74
1501,probe,1245,75
1502,probe,1255,78
1503,probe,1277,71
1504,probe,1278,78
1505,probe,1285,80
1506,probe,1298,76
1507,probe,1347,102
1508,probe,1435,78
1509,probe,1448,76
1510,probe,1469,74
1511,probe,1494,82
1512,probe,1496,81
1513,probe,1582,112
1514,probe,1592,81
1515,probe,1621,90
1516,probe,1623,83
1517,probe,1626,103
1518,probe,1668,91
1519,probe,1705,69
1520,probe,1894,102
1521,probe,1972,92
1522,probe,2014,73
1523,probe,2016,77
1524,probe,2056,72
1525,probe,2057,75
1526,probe,2281,106
1527,probe,2348,105
1528,probe,2441,83
1529,probe,2518,73
1530,probe,2537,75
1531,probe,2553,79
1532,probe,2630,64
1533,probe,2661,62
1534,probe,2693,80
1535,probe,3003,101
1536,probe,3046,86
1537,probe,3054,101
1538,probe,3270,91
1539,probe,3369,77
1540,probe,3393,78
1541,phase2,2395,82
1542,phase2,2691,84
1543,phase2,4687,81
1544,phase2,9325,75
1545,phase2,9377,81
1546,phase2,9986,73
1547,phase2,11824,87
1548,phase2,15779,86
1549,phase2,18767,75
1550,probe,236,88
1551,probe,269,114
1552,probe,397,76
1553,probe,412,81
1554,probe,415,77
1555,probe,505,70
1556,probe,561,77
1557,probe,617,75
1558,probe,631,86
1559,probe,715,78
1560,probe,801,83
1561,probe,811,76
1562,probe,833,102
1563,probe,844,67
1564,probe,847,76
1565,probe,889,77
1566,probe,894,88
1567,probe,906,83
1568,probe,915,84
1569,probe,968,80
1570,probe,1060,76
1571,probe,1101,71
1572,probe,1114,69
1573,probe,1158,86
1574,probe,1176,106
1575,probe,1193,108
1576,probe,1290,88
1577,probe,1293,82
1578,probe,1331,104
1579,probe,1362,102
1580,probe,1365,104
1581,probe,1401,94
1582,probe,1402,81
1583,probe,1430,78
1584,probe,1444,77
1585,probe,1446,72
1586,probe,1452,76
1587,probe,1485,82
1588,probe,1545,69
1589,probe,1579,98
1590,probe,1599,88
1591,probe,1659,91
1592,probe,1690,68
1593,probe,1692,71
1594,probe,1713,70
1595,probe,1723,71
1596,probe,1740,82
1597,probe,1746,76
1598,probe,1749,79
1599,probe,1750,74
1600,probe,1760,78
1601,probe,1769,81
1602,probe,1773,71
1603,probe,1782,78
1604,probe,1867,103
1605,probe,1919,117
1606,probe,1958,92
1607,probe,1978,93
1608,probe,2047,76
1609,probe,2052,77
1610,probe,2054,71
1611,probe,2122,85
1612,probe,2174,80
1613,probe,2240,71
1614,probe,2297,101
1615,probe,2306,111
1616,probe,2319,114
1617,probe,2329,105
1618,probe,2350,85
1619,probe,2435,69
1620,probe,2564,71
1621,probe,2602,72
1622,probe,2961,84
1623,probe,2983,110
1624,probe,3034,101
1625,probe,3052,116
1626,probe,3084,113
1627,probe,3109,94
1628,probe,3148,116
1629,probe,3158,96
1630,probe,3189,99
1631,probe,3204,99
1632,probe,3228,94
1633,probe,3231,94
1634,probe,3282,89
1635,probe,3292,88
1636,probe,3353,78
1637,probe,3360,82
1638,probe,3365,77
1639,probe,3377,74
1640,probe,3420,79
1641,probe,3436,70
1642,probe,3492,79
1643,probe,3523,104
1644,phase2,1596,81
1645,phase2,1621,88
1646,phase2,2442,101
1647,phase2,2778,87
1648,phase2,3418,85
1649,phase2,6168,86
1650,phase2,6723,108
1651,phase2,7972,88
1652,phase2,15361,80
1653,phase2,15403,106
1654,phase2,16171,86
1655,phase2,16235,87
1656,phase2,17283,126
1657,phase2,17572,85
1658,phase2,18813,83
1659,probe,429,89
1660,probe,462,74
1661,probe,473,103
1662,probe,493,82
1663,probe,554,77
1664,probe,594,74
1665,probe,596,76
1666,probe,607,71
1667,probe,621,77
1668,probe,634,80
1669,probe,644,102
1670,probe,650,109
1671,probe,671,77
1672,probe,681,76
1673,probe,689,71
1674,probe,707,81
1675,probe,710,75
1676,probe,718,84
1677,probe,719,79
1678,probe,723,104
1679,probe,734,100
1680,probe,776,77
1681,probe,779,79
1682,probe,794,83
1683,probe,796,85
1684,probe,853,75
1685,probe,866,78
1686,probe,887,79
1687,probe,951,77
1688,probe,955,115
1689,probe,957,98
1690,probe,1000,84
1691,probe,1028,100
1692,probe,1035,104
1693,probe,1039,102
1694,probe,1041,102
1695,probe,1054,105
1696,probe,1104,70
1697,probe,1106,69
1698,probe,1132,87
1699,probe,1136,86
1700,probe,1143,72
1701,probe,1148,72
1702,probe,1149,72
1703,probe,1160,103
1704,probe,1178,95
1705,probe,1296,76
1706,probe,1302,81
1707,probe,1321,92
1708,probe,1393,98
1709,probe,1397,81
1710,probe,1434,72
1711,probe,1437,72
1712,probe,1443,70
1713,probe,1462,74
1714,probe,1473,82
1715,probe,1563,99
1716,probe,1661,91
1717,probe,1697,77
1718,probe,1702,79
1719,probe,1709,74
1720,probe,1710,74
1721,probe,1716,73
1722,probe,1789,83
1723,probe,1856,97
1724,probe,1865,96
1725,probe,1939,93
1726,probe,1952,69
1727,probe,1954,71
1728,probe,1957,92
1729,probe,1974,92
1730,probe,1996,72
1731,probe,2015,73
1732,probe,2021,71
1733,probe,2031,78
1734,probe,2065,77
1735,probe,2093,78
1736,probe,2112,78
1737,probe,2113,79
1738,probe,2224,76
1739,probe,2258,79
1740,probe,2275,95
1741,probe,2278,95
1742,probe,2311,109
1743,probe,2342,115
1744,probe,2379,108
1745,probe,2433,74
1746,probe,2460,91
1747,probe,2470,77
1748,probe,2491,72
1749,probe,2511,82
1750,probe,2526,72
1751,probe,2597,74
1752,probe,2669,84
1753,probe,2767,76
1754,probe,3015,84
1755,probe,3026,98
1756,probe,3126,106
1757,probe,3135,90
1758,probe,3206,94
1759,probe,3207,112
1760,probe,3255,87
1761,probe,3316,77
1762,probe,3370,79
1763,probe,3371,80
1764,probe,3499,70
1765,phase2,5305,90
1766,phase2,7602,78
1767,phase2,9550,88
1768,phase2,11450,81
1769,phase2,12187,84
1770,phase2,12869,96
1771,phase2,13663,77
1772,phase2,14933,85
1773,phase2,17881,86
1774,probe,291,75
1775,probe,502,77
1776,probe,514,81
1777,probe,519,69
1778,probe,534,93
1779,probe,547,76
1780,probe,552,77
1781,probe,613,69
1782,probe,633,79
1783,probe,639,84
1784,probe,708,81
1785,probe,783,73
1786,probe,798,79
1787,probe,824,85
1788,probe,832,108
1789,probe,869,73
1790,probe,883,71
1791,probe,941,107
1792,probe,981,77
1793,probe,985,69
1794,probe,996,81
1795,probe,998,74
1796,probe,1002,82
1797,probe,1018,68
1798,probe,1045,72
1799,probe,1061,101
1800,probe,1068,77
1801,probe,1098,66
1802,probe,1112,67
1803,probe,1119,77
1804,probe,1122,78
1805,probe,1140,77
1806,probe,1179,114
1807,probe,1181,100
1808,probe,1187,110
1809,probe,1190,99
1810,probe,1194,113
1811,probe,1237,70
1812,probe,1252,71
1813,probe,1258,74
1814,probe,1259,72
1815,probe,1266,75
1816,probe,1303,77
1817,probe,1315,83
1818,probe,1360,117
1819,probe,1363,72
1820,probe,1405,92
1821,probe,1408,89
1822,probe,1439,76
1823,probe,1549,70
1824,probe,1584,83
1825,probe,1657,80
1826,probe,1679,73
1827,probe,1695,74
1828,probe,1708,77
1829,probe,1777,72
1830,probe,1795,80
1831,probe,1797,89
1832,probe,1829,72
1833,probe,1869,96
1834,probe,1903,114
1835,probe,1930,116
1836,probe,1962,69
1837,probe,1977,91
1838,probe,2012,75
1839,probe,2064,80
1840,probe,2098,90
1841,probe,2246,71
1842,probe,2279,103
1843,probe,2300,96
1844,probe,2313,90
1845,probe,2363,105
1846,probe,2457,92
1847,probe,2499,73
1848,probe,2509,77
1849,probe,2523,78
1850,probe,2530,68
1851,probe,2541,79
1852,probe,2561,79
1853,probe,2578,72
1854,probe,2596,70
1855,probe,2645,70
1856,probe,2660,84
1857,probe,2672,83
1858,probe,2687,86
1859,probe,2695,82
1860,probe,2703,79
1861,probe,2973,75
1862,probe,2994,72
1863,probe,3014,94
1864,probe,3040,96
1865,probe,3053,107
1866,probe,3056,107
1867,probe,3128,87
1868,probe,3136,77
1869,probe,3151,107
1870,probe,3180,107
1871,probe,3191,94
1872,probe,3216,111
1873,probe,3280,92
1874,probe,3286,90
1875,probe,3294,91
1876,probe,3318,67
1877,probe,3328,73
1878,probe,3372,76
1879,probe,3380,71
1880,probe,3395,79
1881,probe,3400,76
1882,probe,3409,75
1883,probe,3410,73
1884,probe,3419,79
1885,probe,3424,76
1886,probe,3435,70
1887,probe,3447,78
1888,probe,3525,98
1889,phase2,1363,92
1890,phase2,1943,88
1891,phase2,2447,87
1892,phase2,5805,89
1893,phase2,7290,89
1894,phase2,7555,91
1895,phase2,11517,84
1896,phase2,11568,88
1897,phase2,13426,108
1898,phase2,16014,92
1899,phase2,18704,90
1900,probe,154,78
1901,probe,445,75
1902,probe,506,85
1903,probe,556,74
1904,probe,616,76
1905,probe,693,72
1906,probe,822,108
1907,probe,834,82
1908,probe,837,73
1909,probe,874,74
1910,probe,880,76
1911,probe,886,76
1912,probe,904,79
1913,probe,908,84
1914,probe,965,75
1915,probe,1076,92
1916,probe,1094,72
1917,probe,1100,72
1918,probe,1157,81
1919,probe,1162,106
1920,probe,1167,100
1921,probe,1184,102
1922,probe,1191,100
1923,probe,1198,94
1924,probe,1295,79
1925,probe,1300,81
1926,probe,1373,112
1927,probe,1374,107
1928,probe,1377,102
1929,probe,1431,80
1930,probe,1440,76
1931,probe,1442,78
1932,probe,1445,79
1933,probe,1453,77
1934,probe,1458,69
1935,probe,1470,71
1936,probe,1481,83
1937,probe,1486,81
1938,probe,1492,72
1939,probe,1511,82
1940,probe,1530,83
1941,probe,1559,102
1942,probe,1560,106
1943,probe,1589,97
1944,probe,1591,104
1945,probe,1602,95
1946,probe,1619,90
1947,probe,1624,97
1948,probe,1627,74
1949,probe,1630,90
1950,probe,1653,93
1951,probe,1660,92
1952,probe,1718,71
1953,probe,1732,75
1954,probe,1734,75
1955,probe,1759,69
1956,probe,1766,83
1957,probe,1780,78
1958,probe,1803,76
1959,probe,1858,109
1960,probe,1859,103
1961,probe,1871,96
1962,probe,1890,99
1963,probe,1900,105
1964,probe,1910,100
1965,probe,1921,106
1966,probe,1979,86
1967,probe,1985,106
1968,probe,2030,69
1969,probe,2044,76
1970,probe,2053,70
1971,probe,2081,62
1972,probe,2126,82
1973,probe,2172,82
1974,probe,2290,95
1975,probe,2292,105
1976,probe,2298,97
1977,probe,2320,106
1978,probe,2345,98
1979,probe,2383,103
1980,probe,2416,107
1981,probe,2425,107
1982,probe,2463,93
1983,probe,2475,71
1984,probe,2489,72
1985,probe,2516,70
1986,probe,2535,74
1987,probe,2544,73
1988,probe,2546,74
1989,probe,2558,73
1990,probe,2562,75
1991,probe,2615,74
1992,probe,2664,81
1993,probe,2675,74
1994,probe,2677,82
1995,probe,2681,86
1996,probe,2704,83
1997,probe,2999,102
1998,probe,3001,104
1999,probe,3045,105
2000,probe,3060,72
2001,probe,3111,113
2002,probe,3230,93
2003,probe,3262,88
2004,probe,3266,61
2005,probe,3290,92
2006,probe,3382,77
2007,probe,3391,72
2008,probe,3417,70
2009,probe,3498,77
2010,probe,3572,93
2011,phase2,1495,86
2012,phase2,1655,83
2013,phase2,1842,87
2014,phase2,3281,87
2015,phase2,3945,122
2016,phase2,4653,110
2017,phase2,5309,106
2018,phase2,6287,118
2019,phase2,6366,85
2020,phase2,6822,88
2021,phase2,7168,84
2022,phase2,8202,91
2023,phase2,9148,84
2024,phase2,11082,91
2025,phase2,12172,125
2026,phase2,14197,87
2027,phase2,15041,107
2028,phase2,15508,86
2029,probe,444,80
2030,probe,463,90
2031,probe,497,78
2032,probe,570,80
2033,probe,635,87
2034,probe,662,110
2035,probe,667,92
2036,probe,690,76
2037,probe,784,64
2038,probe,914,72
2039,probe,948,104
2040,probe,992,76
2041,probe,993,75
2042,probe,1012,70
2043,probe,1031,107
2044,probe,1073,86
2045,probe,1120,74
2046,probe,1192,107
2047,probe,1195,109
2048,probe,1206,98
2049,probe,1224,76
2050,probe,1272,79
2051,probe,1273,69
2052,probe,1322,76
2053,probe,1334,103
2054,probe,1343,97
2055,probe,1359,112
2056,probe,1366,99
2057,probe,1368,114
2058,probe,1380,103
2059,probe,1383,74
2060,probe,1403,87
2061,probe,1407,89
2062,probe,1465,69
2063,probe,1472,78
2064,probe,1484,79
2065,probe,1493,84
2066,probe,1503,77
2067,probe,1514,82
2068,probe,1532,72
2069,probe,1574,95
2070,probe,1606,99
2071,probe,1618,95
2072,probe,1629,98
2073,probe,1641,103
2074,probe,1673,74
2075,probe,1700,71
2076,probe,1712,79
2077,probe,1741,75
2078,probe,1767,85
2079,probe,1811,85
2080,probe,1845,68
2081,probe,1855,71
2082,probe,1866,97
2083,probe,1926,103
2084,probe,1928,98
2085,probe,1947,112
2086,probe,1968,91
2087,probe,1973,95
2088,probe,1987,80
2089,probe,1995,71
2090,probe,2020,74
2091,probe,2074,74
2092,probe,2099,79
2093,probe,2101,64
2094,probe,2111,78
2095,probe,2128,86
2096,probe,2266,99
2097,probe,2277,105
2098,probe,2283,94
2099,probe,2295,105
2100,probe,2309,101
2101,probe,2312,76
2102,probe,2340,87
2103,probe,2365,100
2104,probe,2446,78
2105,probe,2461,95
2106,probe,2480,69
2107,probe,2482,72
2108,probe,2529,73
2109,probe,2607,73
2110,probe,2610,75
2111,probe,2653,72
2112,probe,2662,80
2113,probe,2671,75
2114,probe,2700,82
2115,probe,2702,86
2116,probe,2777,81
2117,probe,2913,75
2118,probe,2942,75
2119,probe,2943,84
2120,probe,2980,70
2121,probe,2992,100
2122,probe,3031,97
2123,probe,3035,109
2124,probe,3044,97
2125,probe,3069,107
2126,probe,3086,87
2127,probe,3096,113
2128,probe,3163,94
2129,probe,3167,100
2130,probe,3221,74
2131,probe,3260,70
2132,probe,3263,85
2133,probe,3268,93
2134,probe,3351,79
2135,probe,3385,71
2136,probe,3401,77
2137,probe,3403,69
2138,probe,3408,68
2139,probe,3425,79
2140,probe,3428,72
2141,phase2,782,86
2142,phase2,1168,74
2143,phase2,1684,67
2144,phase2,2861,75
2145,phase2,3251,86
2146,phase2,4501,70
2147,phase2,4644,110
2148,phase2,5046,91
2149,phase2,5338,107
2150,phase2,5484,106
2151,phase2,6901,86
2152,phase2,8503,85
2153,phase2,10759,125
2154,phase2,12016,109
2155,phase2,12105,69
2156,phase2,12291,120
2157,phase2,13284,106
2158,phase2,14666,83
2159,phase2,14997,115
2160,phase2,18149,93
2161,phase2,18810,90
2162,phase2,18890,89
2163,probe,568,74
2164,probe,585,83
2165,probe,628,85
2166,probe,658,108
2167,probe,709,81
2168,probe,722,76
2169,probe,826,94
2170,probe,850,79
2171,probe,871,72
2172,probe,878,73
2173,probe,929,99
2174,probe,964,93
2175,probe,1006,82
2176,probe,1017,73
2177,probe,1038,105
2178,probe,1043,103
2179,probe,1081,77
2180,probe,1121,81
2181,probe,1146,85
2182,probe,1151,84
2183,probe,1171,106
2184,probe,1200,104
2185,probe,1219,93
2186,probe,1236,82
2187,probe,1248,78
2188,probe,1249,74
2189,probe,1254,76
2190,probe,1307,80
2191,probe,1308,72
2192,probe,1313,81
2193,probe,1327,103
2194,probe,1332,102
2195,probe,1395,90
2196,probe,1417,71
2197,probe,1447,78
2198,probe,1451,70
2199,probe,1464,78
2200,probe,1482,74
2201,probe,1483,83
2202,probe,1490,74
2203,probe,1499,82
2204,probe,1517,81
2205,probe,1533,72
2206,probe,1538,67
2207,probe,1550,59
2208,probe,1614,97
2209,probe,1631,107
2210,probe,1636,102
2211,probe,1676,74
2212,probe,1717,73
2213,probe,1719,82
2214,probe,1745,69
2215,probe,1748,80
2216,probe,1757,81
2217,probe,1762,84
2218,probe,1786,78
2219,probe,1864,97
2220,probe,1915,104
2221,probe,1922,86
2222,probe,1966,93
2223,probe,1971,92
2224,probe,1982,71
2225,probe,2051,80
2226,probe,2055,70
2227,probe,2073,68
2228,probe,2104,76
2229,probe,2106,84
2230,probe,2120,74
2231,probe,2152,75
2232,probe,2162,67
2233,probe,2239,65
2234,probe,2245,71
2235,probe,2274,107
2236,probe,2338,82
2237,probe,2352,90
2238,probe,2373,89
2239,probe,2377,100
2240,probe,2378,107
2241,probe,2415,109
2242,probe,2417,93
2243,probe,2451,85
2244,probe,2455,93
2245,probe,2464,85
2246,probe,2467,85
2247,probe,2521,74
2248,probe,2579,74
2249,probe,2642,76
2250,probe,2655,78
2251,probe,2682,81
2252,probe,2740,80
2253,probe,2748,74
2254,probe,2955,82
2255,probe,2981,102
2256,probe,3048,104
2257,probe,3064,97
2258,probe,3071,98
2259,probe,3106,70
2260,probe,3117,98
2261,probe,3121,97
2262,probe,3145,106
2263,probe,3240,101
2264,probe,3273,89
2265,probe,3281,89
2266,probe,3314,76
2267,probe,3373,71
2268,probe,3374,77
2269,probe,3376,71
2270,probe,3379,80
2271,probe,3456,77
2272,probe,3571,92
2273,phase2,1064,83
2274,phase2,4946,107
2275,phase2,5028,84
2276,phase2,8382,83
2277,phase2,8683,124
2278,phase2,8791,107
2279,phase2,9594,85
2280,phase2,10467,88
2281,phase2,10791,107
2282,phase2,11035,90
2283,phase2,11843,115
2284,phase2,13354,83
2285,phase2,14087,104
2286,phase2,14447,105
2287,phase2,15345,126
2288,phase2,15892,81
2289,phase2,16257,91
2290,phase2,16639,105
2291,phase2,17267,85
2292,phase2,17941,79
2293,probe,189,88
2294,probe,354,78
2295,probe,417,78
2296,probe,491,73
2297,probe,512,81
2298,probe,557,72
2299,probe,636,74
2300,probe,688,73
2301,probe,692,74
2302,probe,717,78
2303,probe,721,78
2304,probe,867,74
2305,probe,893,82
2306,probe,903,74
2307,probe,942,121
2308,probe,980,79
2309,probe,999,85
2310,probe,1008,68
2311,probe,1030,105
2312,probe,1077,93
2313,probe,1097,74
2314,probe,1111,70
2315,probe,1125,82
2316,probe,1144,81
2317,probe,1156,93
2318,probe,1164,72
2319,probe,1169,105
2320,probe,1213,100
2321,probe,1226,91
2322,probe,1244,78
2323,probe,1251,76
2324,probe,1280,83
2325,probe,1284,82
2326,probe,1289,82
2327,probe,1297,73
2328,probe,1326,85
2329,probe,1346,106
2330,probe,1351,106
2331,probe,1356,98
2332,probe,1361,103
2333,probe,1375,109
2334,probe,1416,74
2335,probe,1424,72
2336,probe,1467,76
2337,probe,1518,77
2338,probe,1520,66
2339,probe,1528,79
2340,probe,1555,90
2341,probe,1576,109
2342,probe,1633,116
2343,probe,1638,95
2344,probe,1678,73
2345,probe,1725,75
2346,probe,1743,73
2347,probe,1761,73
2348,probe,1775,81
2349,probe,1852,67
2350,probe,1878,98
2351,probe,1881,102
2352,probe,1905,99
2353,probe,1907,74
2354,probe,1912,106
2355,probe,1923,92
2356,probe,1998,74
2357,probe,2004,71
2358,probe,2048,64
2359,probe,2075,74
2360,probe,2201,80
2361,probe,2273,102
2362,probe,2276,101
2363,probe,2294,93
2364,probe,2414,101
2365,probe,2419,102
2366,probe,2420,114
2367,probe,2471,74
2368,probe,2540,72
2369,probe,2559,70
2370,probe,2560,64
2371,probe,2563,69
2372,probe,2598,74
2373,probe,2674,79
2374,probe,2678,84
2375,probe,2688,72
2376,probe,2720,72
2377,probe,2725,82
2378,probe,2742,82
2379,probe,2747,73
2380,probe,2990,75
2381,probe,3006,107
2382,probe,3017,105
2383,probe,3020,100
2384,probe,3021,101
2385,probe,3038,111
2386,probe,3074,108
2387,probe,3099,106
2388,probe,3114,89
2389,probe,3115,110
2390,probe,3116,98
2391,probe,3123,94
2392,probe,3155,101
2393,probe,3224,84
2394,probe,3226,95
2395,probe,3249,91
2396,probe,3252,89
2397,probe,3313,73
2398,probe,3331,74
2399,probe,3378,73
2400,probe,3405,73
2401,probe,3415,73
2402,probe,3418,67
2403,probe,3421,76
2404,probe,3493,76
2405,probe,3511,98
2406,probe,3528,93
2407,phase2,1069,84
2408,phase2,3486,88
2409,phase2,4727,88
2410,phase2,7294,124
2411,phase2,7706,91
2412,phase2,8499,99
2413,phase2,10731,81
2414,phase2,11539,123
2415,phase2,12396,89
2416,phase2,15805,83
2417,phase2,18353,90
2418,phase2,18979,79
2419,phase2,19712,82
2420,phase2,19905,106
2421,probe,611,79
2422,probe,618,70
2423,probe,773,83
2424,probe,802,82
2425,probe,827,111
2426,probe,864,78
2427,probe,873,84
2428,probe,879,66
2429,probe,895,86
2430,probe,909,69
2431,probe,949,80
2432,probe,961,81
2433,probe,1037,101
2434,probe,1046,110
2435,probe,1050,75
2436,probe,1063,100
2437,probe,1084,78
2438,probe,1092,63
2439,probe,1105,74
2440,probe,1142,81
2441,probe,1201,77
2442,probe,1202,97
2443,probe,1204,92
2444,probe,1232,70
2445,probe,1235,75
2446,probe,1256,78
2447,probe,1257,62
2448,probe,1261,74
2449,probe,1263,73
2450,probe,1265,79
2451,probe,1271,73
2452,probe,1287,81
2453,probe,1305,78
2454,probe,1316,78
2455,probe,1318,78
2456,probe,1333,104
2457,probe,1348,89
2458,probe,1353,100
2459,probe,1391,93
2460,probe,1400,75
2461,probe,1488,69
2462,probe,1489,77
2463,probe,1525,72
2464,probe,1557,91
2465,probe,1566,92
2466,probe,1588,100
2467,probe,1604,94
2468,probe,1647,71
2469,probe,1652,68
2470,probe,1665,91
2471,probe,1667,89
2472,probe,1722,74
2473,probe,1729,65
2474,probe,1744,61
2475,probe,1818,84
2476,probe,1821,80
2477,probe,1823,81
2478,probe,1825,69
2479,probe,1830,72
2480,probe,1896,93
2481,probe,1914,109
2482,probe,1924,99
2483,probe,1932,94
2484,probe,1951,93
2485,probe,1956,65
2486,probe,1960,92
2487,probe,1961,70
2488,probe,1965,87
2489,probe,2010,81
2490,probe,2050,73
2491,probe,2062,65
2492,probe,2082,71
2493,probe,2105,79
2494,probe,2108,77
2495,probe,2109,77
2496,probe,2131,72
2497,probe,2133,74
2498,probe,2158,78
2499,probe,2181,71
2500,probe,2255,76
2501,probe,2262,106
2502,probe,2322,114
2503,probe,2326,101
2504,probe,2327,102
2505,probe,2371,99
2506,probe,2390,96
2507,probe,2429,94
2508,probe,2449,70
2509,probe,2454,89
2510,probe,2496,75
2511,probe,2534,80
2512,probe,2539,76
2513,probe,2548,81
2514,probe,2555,79
2515,probe,2573,70
2516,probe,2581,75
2517,probe,2658,72
2518,probe,2665,82
2519,probe,2680,77
2520,probe,2714,84
2521,probe,2716,75
2522,probe,2890,77
2523,probe,2905,67
2524,probe,2940,80
2525,probe,2978,83
2526,probe,2986,106
2527,probe,3012,104
2528,probe,3018,109
2529,probe,3025,96
2530,probe,3029,118
2531,probe,3062,85
2532,probe,3068,95
2533,probe,3072,94
2534,probe,3075,95
2535,probe,3089,94
2536,probe,3093,103
2537,probe,3095,101
2538,probe,3198,114
2539,probe,3212,102
2540,probe,3217,117
2541,probe,3220,97
2542,probe,3223,92
2543,probe,3227,73
2544,probe,3233,94
2545,probe,3384,78
2546,probe,3413,68
2547,probe,3423,80
2548,probe,3451,75
2549,probe,3461,69
2550,probe,3522,66
2551,probe,3524,98
2552,phase2,1476,111
2553,phase2,2473,88
2554,phase2,3489,81
2555,phase2,4770,85
2556,phase2,4815,82
2557,phase2,5380,91
2558,phase2,5924,81
2559,phase2,6998,119
2560,phase2,7886,80
2561,phase2,8951,104
2562,phase2,9086,90
2563,phase2,10741,91
2564,phase2,10959,86
2565,phase2,11300,82
2566,phase2,11435,104
2567,phase2,13629,80
2568,phase2,13805,105
2569,phase2,14180,87
2570,phase2,15089,83
2571,phase2,15703,88
2572,phase2,15937,82
2573,phase2,16335,94
2574,phase2,16748,112
2575,phase2,17764,69
2576,phase2,19227,82
2577,phase2,19566,88
2578,phase2,19615,88
2579,phase2,19637,78
2580,phase2,19873,91
2581,probe,210,86
2582,probe,300,83
2583,probe,386,76
2584,probe,551,79
2585,probe,637,79
2586,probe,701,83
2587,probe,712,81
2588,probe,787,75
2589,probe,806,77
2590,probe,810,72
2591,probe,835,98
2592,probe,888,73
2593,probe,913,80
2594,probe,978,74
2595,probe,991,73
2596,probe,1007,79
2597,probe,1020,72
2598,probe,1062,113
2599,probe,1074,91
2600,probe,1075,91
2601,probe,1108,76
2602,probe,1109,78
2603,probe,1116,70
2604,probe,1131,80
2605,probe,1134,78
2606,probe,1147,81
2607,probe,1188,114
2608,probe,1231,65
2609,probe,1233,72
2610,probe,1267,74
2611,probe,1270,69
2612,probe,1286,78
2613,probe,1292,70
2614,probe,1299,76
2615,probe,1335,88
2616,probe,1342,116
2617,probe,1371,99
2618,probe,1398,96
2619,probe,1404,70
2620,probe,1415,74
2621,probe,1460,68
2622,probe,1461,70
2623,probe,1471,72
2624,probe,1475,71
2625,probe,1572,105
2626,probe,1607,108
2627,probe,1612,107
2628,probe,1655,94
2629,probe,1656,76
2630,probe,1696,70
2631,probe,1701,67
2632,probe,1714,69
2633,probe,1715,72
2634,probe,1737,75
2635,probe,1768,79
2636,probe,1770,71
2637,probe,1781,73
2638,probe,1783,81
2639,probe,1785,77
2640,probe,1790,77
2641,probe,1868,105
2642,probe,1893,108
2643,probe,1898,95
2644,probe,1908,97
2645,probe,1931,93
2646,probe,1934,95
2647,probe,1949,108
2648,probe,2069,75
2649,probe,2070,56
2650,probe,2121,80
2651,probe,2125,81
2652,probe,2143,71
2653,probe,2150,75
2654,probe,2156,76
2655,probe,2180,60
2656,probe,2203,70
2657,probe,2267,96
2658,probe,2285,80
2659,probe,2305,115
2660,probe,2317,99
2661,probe,2339,97
2662,probe,2358,89
2663,probe,2374,103
2664,probe,2386,104
2665,probe,2387,96
2666,probe,2395,94
2667,probe,2423,101
2668,probe,2424,80
2669,probe,2437,90
2670,probe,2448,90
2671,probe,2465,66
2672,probe,2479,65
2673,probe,2487,72
2674,probe,2512,76
2675,probe,2552,79
2676,probe,2557,72
2677,probe,2566,79
2678,probe,2567,73
2679,probe,2569,74
2680,probe,2583,73
2681,probe,2614,71
2682,probe,2670,80
2683,probe,2683,77
2684,probe,2684,78
2685,probe,2705,73
2686,probe,2728,71
2687,probe,2837,67
2688,probe,2927,65
2689,probe,2929,67
2690,probe,2953,90
2691,probe,2964,87
2692,probe,2977,80
2693,probe,2993,99
2694,probe,3097,98
2695,probe,3113,96
2696,probe,3119,97
2697,probe,3124,107
2698,probe,3174,92
2699,probe,3203,99
2700,probe,3205,103
2701,probe,3218,104
2702,probe,3229,76
2703,probe,3248,71
2704,probe,3264,69
2705,probe,3267,72
2706,probe,3277,96
2707,probe,3293,94
2708,probe,3297,63
2709,probe,3299,87
2710,probe,3319,99
2711,probe,3404,71
2712,probe,3406,71
2713,probe,3407,76
2714,probe,3427,71
2715,probe,3433,72
2716,phase2,744,88
2717,phase2,977,105
2718,phase2,1385,87
2719,phase2,1729,84
2720,phase2,2132,77
2721,phase2,2581,83
2722,phase2,2807,87
2723,phase2,2975,104
2724,phase2,3054,87
2725,phase2,3656,89
2726,phase2,3704,38
2727,phase2,3932,118
2728,phase2,3933,94
2729,phase2,4681,112
2730,phase2,5240,121
2731,phase2,5580,100
2732,phase2,5734,115
2733,phase2,6351,84
2734,phase2,6788,76
2735,phase2,7291,122
2736,phase2,7800,82
2737,phase2,7815,91
2738,phase2,8484,106
2739,phase2,11318,90
2740,phase2,12803,76
2741,phase2,14659,78
2742,phase2,14912,82
2743,phase2,15312,118
2744,phase2,16737,75
2745,phase2,16745,120
2746,phase2,18477,75
2747,phase2,18540,70
2748,phase2,19858,85
2749,probe,190,93
2750,probe,302,80
2751,probe,580,113
2752,probe,592,89
2753,probe,720,79
2754,probe,892,75
2755,probe,919,82
2756,probe,986,72
2757,probe,994,70
2758,probe,1042,111
2759,probe,1049,96
2760,probe,1053,100
2761,probe,1185,99
2762,probe,1229,91
2763,probe,1311,75
2764,probe,1329,107
2765,probe,1369,114
2766,probe,1419,66
2767,probe,1455,69
2768,probe,1477,72
2769,probe,1479,79
2770,probe,1500,77
2771,probe,1504,73
2772,probe,1509,77
2773,probe,1529,75
2774,probe,1541,65
2775,probe,1578,79
2776,probe,1594,114
2777,probe,1598,90
2778,probe,1617,109
2779,probe,1642,111
2780,probe,1644,102
2781,probe,1650,91
2782,probe,1756,81
2783,probe,1880,100
2784,probe,1899,86
2785,probe,1902,102
2786,probe,1927,104
2787,probe,1941,114
2788,probe,2001,76
2789,probe,2038,76
2790,probe,2049,67
2791,probe,2059,71
2792,probe,2107,82
2793,probe,2118,77
2794,probe,2170,84
2795,probe,2195,79
2796,probe,2242,69
2797,probe,2269,92
2798,probe,2301,108
2799,probe,2323,117
2800,probe,2330,85
2801,probe,2335,101
2802,probe,2344,88
2803,probe,2369,103
2804,probe,2381,96
2805,probe,2406,93
2806,probe,2466,70
2807,probe,2485,67
2808,probe,2488,72
2809,probe,2493,71
2810,probe,2495,67
2811,probe,2500,74
2812,probe,2554,74
2813,probe,2616,78
2814,probe,2709,83
2815,probe,2713,82
2816,probe,2730,77
2817,probe,2958,77
2818,probe,2979,70
2819,probe,2982,99
2820,probe,2984,107
2821,probe,3042,107
2822,probe,3077,112
2823,probe,3098,83
2824,probe,3143,90
2825,probe,3153,95
2826,probe,3210,95
2827,probe,3241,90
2828,probe,3259,91
2829,probe,3302,74
2830,probe,3322,70
2831,probe,3323,69
2832,probe,3335,68
2833,probe,3348,62
2834,probe,3357,69
2835,probe,3388,83
2836,probe,3396,73
2837,probe,3399,75
2838,probe,3411,77
2839,probe,3429,70
2840,probe,3432,69
2841,probe,3434,60
2842,probe,3438,75
2843,probe,3449,71
2844,probe,3450,74
2845,probe,3457,77
2846,probe,3459,70
2847,probe,3477,68
2848,probe,3507,83
2849,phase2,2091,105
2850,phase2,2432,80
2851,phase2,2971,88
2852,phase2,4234,99
2853,phase2,4393,84
2854,phase2,5143,92
2855,phase2,5164,88
2856,phase2,5916,104
2857,phase2,7340,108
2858,phase2,7462,118
2859,phase2,8508,105
2860,phase2,8626,107
2861,phase2,8892,94
2862,phase2,9164,82
2863,phase2,9850,74
2864,phase2,10305,84
2865,phase2,10401,90
2866,phase2,10592,109
2867,phase2,11086,92
2868,phase2,11227,85
2869,phase2,11598,122
2870,phase2,12552,89
2871,phase2,13090,104
2872,phase2,14913,97
2873,phase2,14926,109
2874,phase2,15660,72
2875,phase2,16080,95
2876,phase2,16223,87
2877,phase2,16511,101
2878,phase2,17165,86
2879,phase2,17621,95
2880,phase2,18769,88
2881,phase2,18932,88
2882,phase2,19406,89
2883,phase2,19538,84
2884,phase2,19570,85
2885,phase2,19629,89
2886,phase2,19946,101
2887,probe,456,85
2888,probe,569,84
2889,probe,577,69
2890,probe,713,70
2891,probe,809,81
2892,probe,860,70
2893,probe,990,76
2894,probe,1015,69
2895,probe,1072,63
2896,probe,1118,67
2897,probe,1124,84
2898,probe,1141,80
2899,probe,1145,80
2900,probe,1153,70
2901,probe,1177,96
2902,probe,1250,78
2903,probe,1274,70
2904,probe,1275,74
2905,probe,1301,77
2906,probe,1319,71
2907,probe,1324,67
2908,probe,1325,70
2909,probe,1330,95
2910,probe,1339,106
2911,probe,1354,95
2912,probe,1364,87
2913,probe,1388,90
2914,probe,1456,79
2915,probe,1466,75
2916,probe,1497,83
2917,probe,1505,76
2918,probe,1508,81
2919,probe,1531,80
2920,probe,1537,66
2921,probe,1551,100
2922,probe,1587,89
2923,probe,1595,102
2924,probe,1596,104
2925,probe,1616,84
2926,probe,1620,108
2927,probe,1654,89
2928,probe,1670,72
2929,probe,1674,80
2930,probe,1726,73
2931,probe,1736,70
2932,probe,1784,71
2933,probe,1787,74
2934,probe,1796,79
2935,probe,1799,83
2936,probe,1809,82
2937,probe,1850,66
2938,probe,1911,103
2939,probe,1918,81
2940,probe,1920,96
2941,probe,1925,101
2942,probe,1981,74
2943,probe,1991,76
2944,probe,1992,66
2945,probe,1993,66
2946,probe,2041,72
2947,probe,2042,73
2948,probe,2063,71
2949,probe,2117,74
2950,probe,2157,75
2951,probe,2161,77
2952,probe,2271,99
2953,probe,2299,86
2954,probe,2316,89
2955,probe,2334,96
2956,probe,2353,89
2957,probe,2382,110
2958,probe,2393,85
2959,probe,2476,73
2960,probe,2549,79
2961,probe,2570,65
2962,probe,2576,65
2963,probe,2663,82
2964,probe,2699,77
2965,probe,2707,68
2966,probe,2726,85
2967,probe,2759,69
2968,probe,2768,75
2969,probe,2861,67
2970,probe,2921,67
2971,probe,2975,79
2972,probe,2989,98
2973,probe,3002,101
2974,probe,3066,83
2975,probe,3091,88
2976,probe,3104,95
2977,probe,3118,102
2978,probe,3120,96
2979,probe,3141,103
2980,probe,3160,93
2981,probe,3164,105
2982,probe,3173,104
2983,probe,3193,112
2984,probe,3200,101
2985,probe,3202,99
2986,probe,3213,81
2987,probe,3225,91
2988,probe,3234,79
2989,probe,3253,69
2990,probe,3284,77
2991,probe,3287,74
2992,probe,3301,65
2993,probe,3303,73
2994,probe,3304,109
2995,probe,3307,79
2996,probe,3308,71
2997,probe,3309,73
2998,probe,3312,76
2999,probe,3326,75
3000,probe,3342,69
3001,probe,3446,74
3002,probe,3458,71
3003,phase2,1390,130
3004,phase2,2342,84
3005,phase2,2794,86
3006,phase2,3657,82
3007,phase2,4377,84
3008,phase2,4744,75
3009,phase2,4964,76
3010,phase2,6320,24
3011,phase2,6457,119
3012,phase2,6663,83
3013,phase2,6681,93
3014,phase2,7354,95
3015,phase2,7609,92
3016,phase2,7803,66
3017,phase2,8785,74
3018,phase2,9035,108
3019,phase2,9464,75
3020,phase2,9564,85
3021,phase2,9691,89
3022,phase2,10018,109
3023,phase2,10116,109
3024,phase2,11070,70
3025,phase2,11295,91
3026,phase2,11694,123
3027,phase2,12380,82
3028,phase2,12537,87
3029,phase2,12658,105
3030,phase2,13028,83
3031,phase2,13182,78
3032,phase2,13242,82
3033,phase2,14461,81
3034,phase2,14925,86
3035,phase2,16903,92
3036,phase2,16922,87
3037,phase2,17055,79
3038,phase2,17243,102
3039,phase2,18207,85
3040,phase2,19086,74
3041,phase2,19952,72
3042,phase2,19967,80
3043,phase2,19968,80
3044,probe,377,74
3045,probe,553,79
3046,probe,559,79
3047,probe,691,73
3048,probe,714,76
3049,probe,872,74
3050,probe,953,105
3051,probe,1010,76
3052,probe,1023,98
3053,probe,1036,111
3054,probe,1071,39
3055,probe,1110,76
3056,probe,1115,72
3057,probe,1420,77
3058,probe,1425,70
3059,probe,1507,80
3060,probe,1519,81
3061,probe,1558,99
3062,probe,1590,101
3063,probe,1675,80
3064,probe,1704,76
3065,probe,1711,77
3066,probe,1724,77
3067,probe,1733,71
3068,probe,1738,80
3069,probe,1763,78
3070,probe,1764,67
3071,probe,1774,70
3072,probe,1791,77
3073,probe,1793,72
3074,probe,1794,75
3075,probe,1798,67
3076,probe,1817,77
3077,probe,1888,104
3078,probe,1913,108
3079,probe,1986,75
3080,probe,1989,73
3081,probe,1997,72
3082,probe,2028,72
3083,probe,2071,68
3084,probe,2079,74
3085,probe,2110,79
3086,probe,2127,68
3087,probe,2134,79
3088,probe,2137,81
3089,probe,2138,81
3090,probe,2145,75
3091,probe,2160,81
3092,probe,2164,73
3093,probe,2165,75
3094,probe,2173,80
3095,probe,2196,77
3096,probe,2211,61
3097,probe,2235,70
3098,probe,2244,69
3099,probe,2248,64
3100,probe,2251,75
3101,probe,2259,86
3102,probe,2265,92
3103,probe,2270,101
3104,probe,2315,99
3105,probe,2328,96
3106,probe,2332,83
3107,probe,2404,92
3108,probe,2412,76
3109,probe,2428,115
3110,probe,2458,72
3111,probe,2468,70
3112,probe,2478,69
3113,probe,2497,78
3114,probe,2542,73
3115,probe,2550,70
3116,probe,2577,75
3117,probe,2587,70
3118,probe,2593,65
3119,probe,2604,69
3120,probe,2667,86
3121,probe,2685,75
3122,probe,2689,83
3123,probe,2690,70
3124,probe,2692,80
3125,probe,2694,82
3126,probe,2696,62
3127,probe,2698,76
3128,probe,2711,78
3129,probe,2715,72
3130,probe,2722,80
3131,probe,2745,76
3132,probe,2804,74
3133,probe,2884,64
3134,probe,2910,67
3135,probe,2914,65
3136,probe,2919,65
3137,probe,2969,67
3138,probe,2998,101
3139,probe,3057,80
3140,probe,3067,91
3141,probe,3079,101
3142,probe,3129,95
3143,probe,3140,88
3144,probe,3142,111
3145,probe,3185,89
3146,probe,3196,105
3147,probe,3215,106
3148,probe,3219,99
3149,probe,3256,92
3150,probe,3258,87
3151,probe,3261,91
3152,probe,3265,73
3153,probe,3285,81
3154,probe,3289,92
3155,probe,3327,73
3156,probe,3334,73
3157,probe,3340,70
3158,probe,3402,69
3159,probe,3452,81
3160,probe,3453,75
3161,probe,3454,62
3162,probe,3468,72
3163,probe,3478,64
3164,probe,3479,68
3165,probe,3483,69
3166,probe,3512,70
3167,phase2,1449,80
3168,phase2,1528,89
3169,phase2,2039,84
3170,phase2,2138,66
3171,phase2,2256,79
3172,phase2,2587,86
3173,phase2,3210,102
3174,phase2,4015,85
3175,phase2,4217,90
3176,phase2,4540,85
3177,phase2,4608,90
3178,phase2,4624,103
3179,phase2,4665,106
3180,phase2,4819,87
3181,phase2,5398,126
3182,phase2,6150,88
3183,phase2,6248,107
3184,phase2,6339,88
3185,phase2,6584,76
3186,phase2,7005,19
3187,phase2,7022,110
3188,phase2,7268,120
3189,phase2,7559,105
3190,phase2,7562,82
3191,phase2,7753,91
3192,phase2,8078,80
3193,phase2,8504,91
3194,phase2,8633,76
3195,phase2,8939,101
3196,phase2,9025,95
3197,phase2,9085,113
3198,phase2,9101,87
3199,phase2,9227,67
3200,phase2,9238,72
3201,phase2,11256,91
3202,phase2,11527,123
3203,phase2,11779,104
3204,phase2,12068,88
3205,phase2,12199,77
3206,phase2,12612,85
3207,phase2,13654,85
3208,phase2,14134,119
3209,phase2,14371,83
3210,phase2,14434,108
3211,phase2,15148,85
3212,phase2,15578,78
3213,phase2,16935,76
3214,phase2,18031,87
3215,phase2,18502,93
3216,phase2,19222,84
3217,phase2,19483,84
3218,probe,532,108
3219,probe,593,70
3220,probe,752,83
3221,probe,902,83
3222,probe,916,86
3223,probe,922,77
3224,probe,959,77
3225,probe,1040,104
3226,probe,1113,66
3227,probe,1150,76
3228,probe,1199,105
3229,probe,1310,74
3230,probe,1320,66
3231,probe,1323,66
3232,probe,1390,86
3233,probe,1423,68
3234,probe,1468,72
3235,probe,1502,74
3236,probe,1512,63
3237,probe,1524,72
3238,probe,1534,69
3239,probe,1536,61
3240,probe,1543,70
3241,probe,1544,68
3242,probe,1593,94
3243,probe,1632,103
3244,probe,1635,94
3245,probe,1672,73
3246,probe,1677,78
3247,probe,1681,66
3248,probe,1720,67
3249,probe,1721,62
3250,probe,1735,67
3251,probe,1771,70
3252,probe,1800,82
3253,probe,1812,69
3254,probe,1813,66
3255,probe,1815,68
3256,probe,1835,63
3257,probe,1844,64
3258,probe,1847,70
3259,probe,1886,95
3260,probe,1906,73
3261,probe,1935,97
3262,probe,1943,95
3263,probe,1948,92
3264,probe,1983,70
3265,probe,2006,70
3266,probe,2046,72
3267,probe,2094,79
3268,probe,2116,77
3269,probe,2132,82
3270,probe,2140,75
3271,probe,2147,71
3272,probe,2176,79
3273,probe,2188,74
3274,probe,2218,67
3275,probe,2221,68
3276,probe,2226,71
3277,probe,2230,62
3278,probe,2304,94
3279,probe,2359,84
3280,probe,2397,96
3281,probe,2432,94
3282,probe,2452,92
3283,probe,2469,73
3284,probe,2481,77
3285,probe,2486,70
3286,probe,2498,70
3287,probe,2525,71
3288,probe,2547,81
3289,probe,2556,79
3290,probe,2565,68
3291,probe,2586,71
3292,probe,2588,67
3293,probe,2590,69
3294,probe,2608,72
3295,probe,2618,66
3296,probe,2625,69
3297,probe,2640,73
3298,probe,2650,221
3299,probe,2666,81
3300,probe,2668,80
3301,probe,2712,85
3302,probe,2717,55
3303,probe,2729,78
3304,probe,2741,73
3305,probe,2743,86
3306,probe,2750,79
3307,probe,2764,74
3308,probe,2770,84
3309,probe,2789,75
3310,probe,2792,76
3311,probe,2869,69
3312,probe,2924,62
3313,probe,2987,72
3314,probe,2996,102
3315,probe,3058,98
3316,probe,3076,91
3317,probe,3087,97
3318,probe,3090,69
3319,probe,3094,99
3320,probe,3105,91
3321,probe,3122,89
3322,probe,3146,117
3323,probe,3149,93
3324,probe,3157,106
3325,probe,3169,98
3326,probe,3170,95
3327,probe,3172,103
3328,probe,3182,81
3329,probe,3187,96
3330,probe,3195,96
3331,probe,3211,90
3332,probe,3214,96
3333,probe,3244,76
3334,probe,3254,94
3335,probe,3300,87
3336,probe,3305,69
3337,probe,3306,72
3338,probe,3320,72
3339,probe,3330,79
3340,probe,3337,71
3341,probe,3347,79
3342,probe,3383,71
3343,probe,3412,79
3344,probe,3416,72
3345,probe,3430,71
3346,probe,3431,72
3347,probe,3437,69
3348,probe,3443,71
3349,probe,3448,62
3350,probe,3455,74
3351,probe,3471,74
3352,probe,3485,76
3353,probe,3529,88
3354,probe,3530,66
3355,probe,3555,77
3356,phase2,711,82
3357,phase2,813,83
3358,phase2,1074,60
3359,phase2,1303,79
3360,phase2,1384,89
3361,phase2,1748,87
3362,phase2,2068,94
3363,phase2,2594,92
3364,phase2,2999,110
3365,phase2,3081,111
3366,phase2,3162,82
3367,phase2,4301,87
3368,phase2,4773,85
3369,phase2,4881,88
3370,phase2,5267,80
3371,phase2,5442,84
3372,phase2,5879,69
3373,phase2,5912,87
3374,phase2,5958,86
3375,phase2,6220,88
3376,phase2,6385,102
3377,phase2,6530,126
3378,phase2,6560,118
3379,phase2,6870,90
3380,phase2,7053,85
3381,phase2,7957,91
3382,phase2,8671,83
3383,phase2,8778,90
3384,phase2,8895,125
3385,phase2,9003,114
3386,phase2,10460,104
3387,phase2,10603,65
3388,phase2,11144,93
3389,phase2,11579,72
3390,phase2,11734,76
3391,phase2,12090,74
3392,phase2,12289,115
3393,phase2,12589,83
3394,phase2,12607,87
3395,phase2,12955,68
3396,phase2,13088,84
3397,phase2,13821,79
3398,phase2,14333,83
3399,phase2,14574,108
3400,phase2,14637,83
3401,phase2,15435,112
3402,phase2,15830,91
3403,phase2,16582,120
3404,phase2,16975,99
3405,phase2,17123,78
3406,phase2,17333,87
3407,phase2,17682,70
3408,phase2,18142,86
3409,phase2,19068,85
3410,phase2,19859,73
3411,probe,890,12
3412,probe,966,76
3413,probe,1048,98
3414,probe,1208,120
3415,probe,1260,75
3416,probe,1304,74
3417,probe,1309,66
3418,probe,1349,98
3419,probe,1357,95
3420,probe,1376,100
3421,probe,1418,70
3422,probe,1474,72
3423,probe,1476,72
3424,probe,1498,76
3425,probe,1521,77
3426,probe,1535,66
3427,probe,1539,66
3428,probe,1546,68
3429,probe,1548,66
3430,probe,1585,111
3431,probe,1625,89
3432,probe,1637,105
3433,probe,1751,73
3434,probe,1792,79
3435,probe,1802,75
3436,probe,1807,68
3437,probe,1816,77
3438,probe,1827,79
3439,probe,1828,78
3440,probe,1842,66
3441,probe,1861,92
3442,probe,1937,89
3443,probe,1963,89
3444,probe,1988,69
3445,probe,1994,65
3446,probe,2032,68
3447,probe,2033,74
3448,probe,2043,68
3449,probe,2060,72
3450,probe,2067,68
3451,probe,2068,62
3452,probe,2076,67
3453,probe,2115,82
3454,probe,2130,75
3455,probe,2136,76
3456,probe,2144,72
3457,probe,2153,69
3458,probe,2171,75
3459,probe,2175,65
3460,probe,2189,83
3461,probe,2205,62
3462,probe,2209,60
3463,probe,2210,65
3464,probe,2220,65
3465,probe,2222,64
3466,probe,2223,62
3467,probe,2234,66
3468,probe,2260,79
3469,probe,2264,93
3470,probe,2268,91
3471,probe,2272,103
3472,probe,2289,106
3473,probe,2318,99
3474,probe,2325,80
3475,probe,2360,95
3476,probe,2391,85
3477,probe,2399,86
3478,probe,2408,75
3479,probe,2410,84
3480,probe,2431,106
3481,probe,2443,86
3482,probe,2445,91
3483,probe,2472,73
3484,probe,2477,68
3485,probe,2484,72
3486,probe,2492,65
3487,probe,2551,71
3488,probe,2611,74
3489,probe,2636,73
3490,probe,2639,73
3491,probe,2708,68
3492,probe,2719,76
3493,probe,2721,72
3494,probe,2734,81
3495,probe,2778,77
3496,probe,2794,74
3497,probe,2796,80
3498,probe,2862,63
3499,probe,2864,67
3500,probe,2875,65
3501,probe,2885,60
3502,probe,2917,67
3503,probe,2926,63
3504,probe,2928,68
3505,probe,2934,70
3506,probe,2949,61
3507,probe,2966,82
3508,probe,2968,66
3509,probe,3000,103
3510,probe,3055,81
3511,probe,3070,86
3512,probe,3092,90
3513,probe,3108,89
3514,probe,3112,101
3515,probe,3127,69
3516,probe,3132,83
3517,probe,3137,97
3518,probe,3150,103
3519,probe,3152,89
3520,probe,3165,103
3521,probe,3175,99
3522,probe,3178,89
3523,probe,3181,106
3524,probe,3199,92
3525,probe,3232,94
3526,probe,3276,70
3527,probe,3278,91
3528,probe,3291,90
3529,probe,3336,77
3530,probe,3359,70
3531,probe,3440,67
3532,probe,3445,73
3533,probe,3463,73
3534,probe,3472,63
3535,probe,3473,69
3536,probe,3476,77
3537,probe,3488,76
3538,probe,3564,76
3539,probe,3566,97
3540,phase2,1104,86
3541,phase2,1179,77
3542,phase2,1486,104
3543,phase2,1517,108
3544,phase2,1662,79
3545,phase2,2236,110
3546,phase2,2893,111
3547,phase2,2921,73
3548,phase2,3156,22
3549,phase2,3191,111
3550,phase2,3455,68
3551,phase2,3741,88
3552,phase2,3765,120
3553,phase2,3967,62
3554,phase2,4479,92
3555,phase2,4885,74
3556,phase2,5218,118
3557,phase2,5384,66
3558,phase2,5676,86
3559,phase2,6027,104
3560,phase2,7232,82
3561,phase2,7353,118
3562,phase2,7370,72
3563,phase2,7615,83
3564,phase2,8031,93
3565,phase2,8306,107
3566,phase2,8447,105
3567,phase2,8541,75
3568,phase2,8795,71
3569,phase2,8825,80
3570,phase2,8850,86
3571,phase2,9416,113
3572,phase2,9728,107
3573,phase2,9737,104
3574,phase2,9905,100
3575,phase2,10080,85
3576,phase2,10461,118
3577,phase2,10535,67
3578,phase2,10725,70
3579,phase2,10962,86
3580,phase2,11099,82
3581,phase2,11487,108
3582,phase2,11878,83
3583,phase2,11959,81
3584,phase2,12048,78
3585,phase2,12807,72
3586,phase2,12920,81
3587,phase2,13037,105
3588,phase2,13304,72
3589,phase2,13421,94
3590,phase2,13508,101
3591,phase2,13869,89
3592,phase2,14031,87
3593,phase2,14229,105
3594,phase2,14379,70
3595,phase2,15160,84
3596,phase2,15164,89
3597,phase2,15372,84
3598,phase2,15829,84
3599,phase2,16209,76
3600,phase2,16404,76
3601,phase2,16484,84
3602,phase2,17178,103
3603,phase2,17476,81
3604,phase2,17688,128
3605,phase2,17939,114
3606,phase2,18079,90
3607,phase2,18114,86
3608,phase2,18440,86
3609,phase2,18629,89
3610,phase2,18722,90
3611,phase2,19377,106
3612,phase2,19528,84
3613,probe,419,118
3614,probe,598,75
3615,probe,917,49
3616,probe,1021,87
3617,probe,1276,76
3618,probe,1317,72
3619,probe,1384,98
3620,probe,1422,71
3621,probe,1501,66
3622,probe,1506,76
3623,probe,1540,67
3624,probe,1547,86
3625,probe,1640,95
3626,probe,1680,64
3627,probe,1682,73
3628,probe,1742,69
3629,probe,1753,72
3630,probe,1778,79
3631,probe,1804,74
3632,probe,1808,77
3633,probe,1822,68
3634,probe,1833,66
3635,probe,1837,65
3636,probe,1838,70
3637,probe,1851,70
3638,probe,1863,91
3639,probe,1889,77
3640,probe,1938,88
3641,probe,1980,65
3642,probe,2002,75
3643,probe,2037,69
3644,probe,2061,73
3645,probe,2141,68
3646,probe,2146,75
3647,probe,2154,73
3648,probe,2166,77
3649,probe,2168,72
3650,probe,2169,74
3651,probe,2179,68
3652,probe,2191,74
3653,probe,2233,66
3654,probe,2241,67
3655,probe,2247,81
3656,probe,2324,86
3657,probe,2331,76
3658,probe,2347,92
3659,probe,2361,94
3660,probe,2368,97
3661,probe,2380,91
3662,probe,2384,97
3663,probe,2392,86
3664,probe,2400,87
3665,probe,2403,105
3666,probe,2413,110
3667,probe,2418,94
3668,probe,2483,75
3669,probe,2490,68
3670,probe,2505,65
3671,probe,2545,68
3672,probe,2572,72
3673,probe,2585,75
3674,probe,2591,72
3675,probe,2601,71
3676,probe,2651,71
3677,probe,2679,76
3678,probe,2691,74
3679,probe,2701,77
3680,probe,2723,71
3681,probe,2724,85
3682,probe,2727,79
3683,probe,2737,67
3684,probe,2753,75
3685,probe,2766,85
3686,probe,2780,64
3687,probe,2805,74
3688,probe,2846,64
3689,probe,2851,63
3690,probe,2866,59
3691,probe,2873,66
3692,probe,2877,68
3693,probe,2878,61
3694,probe,2908,72
3695,probe,2915,68
3696,probe,2916,63
3697,probe,2988,75
3698,probe,3022,103
3699,probe,3027,105
3700,probe,3030,90
3701,probe,3041,108
3702,probe,3063,97
3703,probe,3065,90
3704,probe,3081,86
3705,probe,3138,81
3706,probe,3183,92
3707,probe,3194,101
3708,probe,3247,68
3709,probe,3250,88
3710,probe,3298,92
3711,probe,3315,65
3712,probe,3338,65
3713,probe,3341,68
3714,probe,3349,69
3715,probe,3363,74
3716,probe,3441,76
3717,probe,3460,66
3718,probe,3465,73
3719,probe,3466,75
3720,probe,3467,75
3721,probe,3469,62
3722,probe,3470,78
3723,probe,3481,72
3724,probe,3484,73
3725,probe,3504,22
3726,probe,3526,99
3727,probe,3527,79
3728,probe,3531,70
3729,probe,3553,53
3730,probe,3565,90
3731,phase2,878,114
3732,phase2,914,99
3733,phase2,943,86
3734,phase2,1094,69
3735,phase2,1105,74
3736,phase2,1305,83
3737,phase2,1503,108
3738,phase2,1633,88
3739,phase2,1793,88
3740,phase2,1898,71
3741,phase2,2286,79
3742,phase2,2612,76
3743,phase2,2719,92
3744,phase2,3188,89
3745,phase2,3243,111
3746,phase2,3610,87
3747,phase2,3640,56
3748,phase2,3666,68
3749,phase2,3920,92
3750,phase2,4080,75
3751,phase2,4285,82
3752,phase2,4345,99
3753,phase2,4381,83
3754,phase2,4457,89
3755,phase2,5222,68
3756,phase2,5447,70
3757,phase2,5499,109
3758,phase2,6042,89
3759,phase2,6189,122
3760,phase2,6297,92
3761,phase2,6482,82
3762,phase2,7382,103
3763,phase2,7533,122
3764,phase2,7571,83
3765,phase2,7637,108
3766,phase2,7664,97
3767,phase2,7682,105
3768,phase2,7861,88
3769,phase2,8008,92
3770,phase2,8497,75
3771,phase2,8668,95
3772,phase2,8684,75
3773,phase2,8798,88
3774,phase2,9135,73
3775,phase2,9162,73
3776,phase2,9332,88
3777,phase2,9427,88
3778,phase2,9731,95
3779,phase2,9804,82
3780,phase2,9879,86
3781,phase2,9904,91
3782,phase2,10098,103
3783,phase2,10271,89
3784,phase2,10389,77
3785,phase2,10488,90
3786,phase2,10518,81
3787,phase2,11182,77
3788,phase2,11500,82
3789,phase2,11543,83
3790,phase2,11688,104
3791,phase2,12428,81
3792,phase2,12600,87
3793,phase2,12764,103
3794,phase2,12827,74
3795,phase2,12882,62
3796,phase2,12923,73
3797,phase2,13668,61
3798,phase2,13798,90
3799,phase2,14400,89
3800,phase2,15634,76
3801,phase2,15641,104
3802,phase2,16046,70
3803,phase2,16207,83
3804,phase2,16274,105
3805,phase2,16573,72
3806,phase2,16930,91
3807,phase2,16939,68
3808,phase2,17050,87
3809,phase2,17775,72
3810,phase2,17785,29
3811,phase2,18054,101
3812,phase2,18087,102
3813,phase2,18256,85
3814,phase2,18380,88
3815,phase2,18535,73
3816,phase2,18863,72
3817,phase2,19249,101
3818,phase2,19920,69
3819,phase2,19924,87
3820,phase2,19956,88
3821,phase2,19983,96
3822,probe,859,74
3823,probe,1082,65
3824,probe,1312,82
3825,probe,1513,84
3826,probe,1515,73
3827,probe,1516,78
3828,probe,1526,75
3829,probe,1527,69
3830,probe,1542,69
3831,probe,1603,78
3832,probe,1754,78
3833,probe,1776,80
3834,probe,1820,73
3835,probe,1839,63
3836,probe,1841,63
3837,probe,1843,67
3838,probe,1848,67
3839,probe,1853,61
3840,probe,1904,82
3841,probe,1917,89
3842,probe,1984,75
3843,probe,2000,66
3844,probe,2017,71
3845,probe,2058,72
3846,probe,2084,69
3847,probe,2087,76
3848,probe,2135,73
3849,probe,2139,75
3850,probe,2149,79
3851,probe,2159,78
3852,probe,2177,77
3853,probe,2178,79
3854,probe,2186,75
3855,probe,2187,70
3856,probe,2192,72
3857,probe,2193,74
3858,probe,2200,69
3859,probe,2212,61
3860,probe,2216,65
3861,probe,2219,63
3862,probe,2236,65
3863,probe,2237,62
3864,probe,2249,64
3865,probe,2257,72
3866,probe,2261,76
3867,probe,2282,97
3868,probe,2307,85
3869,probe,2349,96
3870,probe,2356,77
3871,probe,2364,82
3872,probe,2375,88
3873,probe,2385,91
3874,probe,2401,97
3875,probe,2502,68
3876,probe,2575,62
3877,probe,2584,68
3878,probe,2589,71
3879,probe,2592,70
3880,probe,2600,72
3881,probe,2603,70
3882,probe,2637,74
3883,probe,2676,67
3884,probe,2706,76
3885,probe,2710,70
3886,probe,2732,75
3887,probe,2736,68
3888,probe,2738,66
3889,probe,2739,75
3890,probe,2752,74
3891,probe,2754,74
3892,probe,2760,73
3893,probe,2774,76
3894,probe,2791,71
3895,probe,2793,73
3896,probe,2798,74
3897,probe,2850,62
3898,probe,2853,65
3899,probe,2857,62
3900,probe,2859,61
3901,probe,2874,67
3902,probe,2876,64
3903,probe,2882,63
3904,probe,2886,64
3905,probe,2911,65
3906,probe,2930,78
3907,probe,2932,67
3908,probe,2956,64
3909,probe,2991,95
3910,probe,2997,104
3911,probe,3061,82
3912,probe,3078,79
3913,probe,3102,82
3914,probe,3147,104
3915,probe,3154,67
3916,probe,3176,90
3917,probe,3197,96
3918,probe,3208,96
3919,probe,3242,71
3920,probe,3245,82
3921,probe,3269,91
3922,probe,3321,78
3923,probe,3324,73
3924,probe,3339,62
3925,probe,3344,77
3926,probe,3462,69
3927,probe,3464,69
3928,probe,3489,65
3929,probe,3495,70
3930,probe,3502,67
3931,probe,3506,80
3932,probe,3549,68
3933,probe,3556,62
3934,probe,3557,64
3935,probe,3570,77
3936,phase2,740,108
3937,phase2,822,105
3938,phase2,875,70
3939,phase2,907,109
3940,phase2,1087,109
3941,phase2,1290,116
3942,phase2,1438,108
3943,phase2,1622,79
3944,phase2,1667,81
3945,phase2,1910,75
3946,phase2,1944,77
3947,phase2,1951,118
3948,phase2,2078,83
3949,phase2,2169,86
3950,phase2,2201,76
3951,phase2,2299,75
3952,phase2,2531,82
3953,phase2,2707,95
3954,phase2,2955,71
3955,phase2,2991,80
3956,phase2,3166,78
3957,phase2,3208,44
3958,phase2,3361,76
3959,phase2,3373,83
3960,phase2,3419,67
3961,phase2,3866,98
3962,phase2,4110,106
3963,phase2,4230,106
3964,phase2,4412,103
3965,phase2,4560,67
3966,phase2,4866,85
3967,phase2,4956,88
3968,phase2,5140,78
3969,phase2,5142,78
3970,phase2,5292,86
3971,phase2,5364,82
3972,phase2,5372,70
3973,phase2,5562,74
3974,phase2,5590,107
3975,phase2,5713,70
3976,phase2,5744,67
3977,phase2,5968,72
3978,phase2,6082,79
3979,phase2,6335,104
3980,phase2,6432,109
3981,phase2,6750,74
3982,phase2,6887,80
3983,phase2,6984,90
3984,phase2,7006,80
3985,phase2,7098,87
3986,phase2,7662,104
3987,phase2,8195,70
3988,phase2,8196,98
3989,phase2,8206,101
3990,phase2,8253,97
3991,phase2,8340,70
3992,phase2,8472,83
3993,phase2,8589,73
3994,phase2,8673,81
3995,phase2,8806,77
3996,phase2,8893,108
3997,phase2,8899,95
3998,phase2,8983,65
3999,phase2,9070,108
4000,phase2,9082,130
4001,phase2,9171,95
4002,phase2,9268,88
4003,phase2,9274,69
4004,phase2,9428,89
4005,phase2,9629,79
4006,phase2,10410,88
4007,phase2,10433,84
4008,phase2,10608,99
4009,phase2,10697,68
4010,phase2,10733,107
4011,phase2,10840,99
4012,phase2,10843,77
4013,phase2,10920,57
4014,phase2,10976,66
4015,phase2,10995,86
4016,phase2,10998,66
4017,phase2,11093,118
4018,phase2,11136,74
4019,phase2,11488,65
4020,phase2,11925,82
4021,phase2,11927,86
4022,phase2,12049,67
4023,phase2,12145,83
4024,phase2,12211,94
4025,phase2,12264,81
4026,phase2,12333,56
4027,phase2,12937,77
4028,phase2,12967,75
4029,phase2,13102,82
4030,phase2,13808,89
4031,phase2,13906,76
4032,phase2,14078,93
4033,phase2,14165,75
4034,phase2,14196,96
4035,phase2,14414,69
4036,phase2,14433,90
4037,phase2,14597,86
4038,phase2,15049,104
4039,phase2,15516,85
4040,phase2,15656,110
4041,phase2,15873,81
4042,phase2,16121,105
4043,phase2,16262,98
4044,phase2,16329,93
4045,phase2,16740,82
4046,phase2,16999,71
4047,phase2,17090,110
4048,phase2,17103,113
4049,phase2,17293,73
4050,phase2,17297,86
4051,phase2,17776,64
4052,phase2,17799,90
4053,phase2,18025,80
4054,phase2,18091,121
4055,phase2,18191,50
4056,phase2,18262,72
4057,phase2,18548,101
4058,phase2,18624,78
4059,phase2,18891,84
4060,phase2,19154,87
4061,phase2,19237,86
4062,phase2,19295,85
4063,phase2,19501,96
4064,phase2,19565,84
4065,phase2,19765,82
4066,phase2,19949,79
4067,phase2,19984,85
4068,phase2,19995,68
4069,probe,997,78
4070,probe,1117,76
4071,probe,1385,83
4072,probe,1522,78
4073,probe,1556,91
4074,probe,1699,73
4075,probe,1814,70
4076,probe,1819,70
4077,probe,1836,66
4078,probe,1840,64
4079,probe,1862,89
4080,probe,2077,79
4081,probe,2080,66
4082,probe,2085,69
4083,probe,2086,66
4084,probe,2088,67
4085,probe,2129,72
4086,probe,2142,79
4087,probe,2182,56
4088,probe,2185,78
4089,probe,2208,58
4090,probe,2215,63
4091,probe,2217,63
4092,probe,2252,65
4093,probe,2254,67
4094,probe,2337,90
4095,probe,2388,93
4096,probe,2398,92
4097,probe,2407,71
4098,probe,2421,87
4099,probe,2450,92
4100,probe,2473,82
4101,probe,2595,69
4102,probe,2599,58
4103,probe,2605,72
4104,probe,2627,61
4105,probe,2644,74
4106,probe,2718,66
4107,probe,2731,68
4108,probe,2735,76
4109,probe,2744,78
4110,probe,2749,75
4111,probe,2758,69
4112,probe,2763,75
4113,probe,2776,80
4114,probe,2785,70
4115,probe,2787,79
4116,probe,2806,71
4117,probe,2811,78
4118,probe,2848,60
4119,probe,2858,58
4120,probe,2867,66
4121,probe,2870,65
4122,probe,2881,69
4123,probe,2883,65
4124,probe,2887,59
4125,probe,2889,68
4126,probe,2899,79
4127,probe,2906,66
4128,probe,2912,65
4129,probe,2935,69
4130,probe,2959,62
4131,probe,3009,71
4132,probe,3059,85
4133,probe,3080,91
4134,probe,3088,92
4135,probe,3134,96
4136,probe,3139,78
4137,probe,3144,75
4138,probe,3159,102
4139,probe,3168,109
4140,probe,3179,79
4141,probe,3311,65
4142,probe,3325,60
4143,probe,3332,62
4144,probe,3333,71
4145,probe,3345,48
4146,probe,3346,74
4147,probe,3386,73
4148,probe,3389,70
4149,probe,3394,70
4150,probe,3474,71
4151,probe,3482,70
4152,probe,3486,75
4153,probe,3487,73
4154,probe,3490,59
4155,probe,3496,71
4156,probe,3538,70
4157,probe,3559,75
4158,probe,3560,67
4159,probe,3562,83
4160,probe,3567,88
4161,phase2,732,64
4162,phase2,768,20
4163,phase2,789,112
4164,phase2,848,63
4165,phase2,1226,38
4166,phase2,1314,66
4167,phase2,1338,86
4168,phase2,1343,98
4169,phase2,1393,104
4170,phase2,1505,68
4171,phase2,1508,89
4172,phase2,1693,73
4173,phase2,1873,73
4174,phase2,1977,84
4175,phase2,2079,85
4176,phase2,2095,114
4177,phase2,2636,90
4178,phase2,2657,83
4179,phase2,3159,78
4180,phase2,3581,84
4181,phase2,3586,67
4182,phase2,3686,74
4183,phase2,4008,101
4184,phase2,4134,59
4185,phase2,4158,79
4186,phase2,4358,112
4187,phase2,4529,108
4188,phase2,4842,72
4189,phase2,5296,107
4190,phase2,5352,65
4191,phase2,5407,84
4192,phase2,5531,92
4193,phase2,5836,84
4194,phase2,5841,93
4195,phase2,5973,82
4196,phase2,6469,88
4197,phase2,6508,69
4198,phase2,6813,86
4199,phase2,7025,84
4200,phase2,7416,61
4201,phase2,7505,87
4202,phase2,7625,97
4203,phase2,7966,91
4204,phase2,8279,103
4205,phase2,8498,84
4206,phase2,9084,74
4207,phase2,9369,91
4208,phase2,9386,73
4209,phase2,9512,85
4210,phase2,9814,80
4211,phase2,10171,81
4212,phase2,10186,81
4213,phase2,10270,89
4214,phase2,10406,110
4215,phase2,10417,74
4216,phase2,10558,86
4217,phase2,10654,82
4218,phase2,10745,113
4219,phase2,10873,85
4220,phase2,10999,73
4221,phase2,11012,67
4222,phase2,11046,72
4223,phase2,11091,72
4224,phase2,11414,85
4225,phase2,11580,107
4226,phase2,11841,80
4227,phase2,11947,103
4228,phase2,12001,58
4229,phase2,12152,94
4230,phase2,12208,73
4231,phase2,12411,80
4232,phase2,12430,72
4233,phase2,12449,68
4234,phase2,12576,97
4235,phase2,12719,99
4236,phase2,12833,93
4237,phase2,12884,87
4238,phase2,12979,95
4239,phase2,12991,77
4240,phase2,13369,66
4241,phase2,13505,109
4242,phase2,13527,73
4243,phase2,13878,96
4244,phase2,13897,87
4245,phase2,13991,92
4246,phase2,14037,125
4247,phase2,14290,80
4248,phase2,14487,86
4249,phase2,14595,73
4250,phase2,14832,75
4251,phase2,14894,85
4252,phase2,14980,31
4253,phase2,15158,65
4254,phase2,15194,88
4255,phase2,15280,86
4256,phase2,15434,81
4257,phase2,15537,73
4258,phase2,15955,80
4259,phase2,15999,76
4260,phase2,16454,108
4261,phase2,16465,89
4262,phase2,16495,120
4263,phase2,16666,110
4264,phase2,16699,85
4265,phase2,17035,100
4266,phase2,17053,80
4267,phase2,17072,85
4268,phase2,17195,69
4269,phase2,17258,91
4270,phase2,17299,67
4271,phase2,17322,76
4272,phase2,17661,68
4273,phase2,17807,81
4274,phase2,17822,78
4275,phase2,17837,73
4276,phase2,18004,113
4277,phase2,18022,63
4278,phase2,18398,99
4279,phase2,18474,110
4280,phase2,18481,102
4281,phase2,18717,104
4282,phase2,18846,87
4283,phase2,19212,73
4284,phase2,19436,82
4285,phase2,19497,82
4286,phase2,19781,74
4287,phase2,19921,80
4288,phase2,19961,79
4289,probe,1382,86
4290,probe,1523,67
4291,probe,1805,75
4292,probe,1806,78
4293,probe,1810,82
4294,probe,1826,73
4295,probe,1831,55
4296,probe,1832,64
4297,probe,1834,66
4298,probe,2072,65
4299,probe,2083,70
4300,probe,2090,61
4301,probe,2123,75
4302,probe,2151,73
4303,probe,2155,76
4304,probe,2167,69
4305,probe,2183,70
4306,probe,2184,73
4307,probe,2202,56
4308,probe,2204,60
4309,probe,2206,60
4310,probe,2213,64
4311,probe,2214,61
4312,probe,2229,58
4313,probe,2238,59
4314,probe,2243,59
4315,probe,2291,89
4316,probe,2357,94
4317,probe,2362,88
4318,probe,2396,81
4319,probe,2405,73
4320,probe,2411,78
4321,probe,2501,69
4322,probe,2506,72
4323,probe,2594,64
4324,probe,2621,36
4325,probe,2629,69
4326,probe,2649,71
4327,probe,2652,65
4328,probe,2746,82
4329,probe,2751,68
4330,probe,2756,45
4331,probe,2761,70
4332,probe,2765,73
4333,probe,2773,68
4334,probe,2775,73
4335,probe,2802,76
4336,probe,2818,62
4337,probe,2821,53
4338,probe,2830,62
4339,probe,2831,59
4340,probe,2833,53
4341,probe,2836,63
4342,probe,2838,61
4343,probe,2856,63
4344,probe,2865,64
4345,probe,2868,58
4346,probe,2872,61
4347,probe,2880,65
4348,probe,2907,65
4349,probe,2909,66
4350,probe,2920,70
4351,probe,2922,65
4352,probe,2923,66
4353,probe,2931,68
4354,probe,2952,64
4355,probe,2974,66
4356,probe,3039,75
4357,probe,3043,87
4358,probe,3047,69
4359,probe,3082,103
4360,probe,3085,102
4361,probe,3131,98
4362,probe,3133,85
4363,probe,3161,90
4364,probe,3171,89
4365,probe,3190,64
4366,probe,3201,110
4367,probe,3209,91
4368,probe,3246,85
4369,probe,3251,85
4370,probe,3480,71
4371,probe,3505,54
4372,probe,3534,51
4373,probe,3554,71
4374,phase2,859,63
4375,phase2,889,82
4376,phase2,981,111
4377,phase2,1000,65
4378,phase2,1062,87
4379,phase2,1113,82
4380,phase2,1127,80
4381,phase2,1176,98
4382,phase2,1252,62
4383,phase2,1460,95
4384,phase2,1493,74
4385,phase2,1653,103
4386,phase2,1709,95
4387,phase2,1774,89
4388,phase2,1788,76
4389,phase2,1839,79
4390,phase2,1850,105
4391,phase2,2016,40
4392,phase2,2164,62
4393,phase2,2175,13
4394,phase2,2179,67
4395,phase2,2289,72
4396,phase2,2325,67
4397,phase2,2400,70
4398,phase2,2416,70
4399,phase2,2606,92
4400,phase2,2689,86
4401,phase2,2828,68
4402,phase2,2890,93
4403,phase2,2940,67
4404,phase2,3031,114
4405,phase2,3102,81
4406,phase2,3107,67
4407,phase2,3110,91
4408,phase2,3138,81
4409,phase2,3292,80
4410,phase2,3293,59
4411,phase2,3370,91
4412,phase2,3386,76
4413,phase2,3450,57
4414,phase2,3617,76
4415,phase2,3782,77
4416,phase2,3830,68
4417,phase2,4038,83
4418,phase2,4046,78
4419,phase2,4168,57
4420,phase2,4219,68
4421,phase2,4314,81
4422,phase2,4320,68
4423,phase2,4360,62
4424,phase2,4498,100
4425,phase2,4743,84
4426,phase2,4748,86
4427,phase2,4775,64
4428,phase2,4953,59
4429,phase2,5071,104
4430,phase2,5072,110
4431,phase2,5237,76
4432,phase2,5246,69
4433,phase2,5307,69
4434,phase2,5353,71
4435,phase2,5464,64
4436,phase2,5555,67
4437,phase2,5759,105
4438,phase2,5844,110
4439,phase2,6118,74
4440,phase2,6213,84
4441,phase2,6226,63
4442,phase2,6231,69
4443,phase2,6240,66
4444,phase2,6253,82
4445,phase2,6258,74
4446,phase2,6288,94
4447,phase2,6396,83
4448,phase2,6467,81
4449,phase2,6485,86
4450,phase2,6520,89
4451,phase2,6645,91
4452,phase2,6808,99
4453,phase2,6991,52
4454,phase2,7099,61
4455,phase2,7155,71
4456,phase2,7173,88
4457,phase2,7204,91
4458,phase2,7249,107
4459,phase2,7307,78
4460,phase2,7453,84
4461,phase2,7485,86
4462,phase2,7530,86
4463,phase2,7846,84
4464,phase2,7863,81
4465,phase2,7927,90
4466,phase2,8024,81
4467,phase2,8121,85
4468,phase2,8177,79
4469,phase2,8247,62
4470,phase2,8256,93
4471,phase2,8297,103
4472,phase2,8461,101
4473,phase2,8470,64
4474,phase2,8507,82
4475,phase2,8730,95
4476,phase2,8771,82
4477,phase2,8818,101
4478,phase2,8925,112
4479,phase2,9188,68
4480,phase2,9231,74
4481,phase2,9320,95
4482,phase2,9334,79
4483,phase2,9338,82
4484,phase2,9554,82
4485,phase2,9866,83
4486,phase2,10071,78
4487,phase2,10279,86
4488,phase2,10349,82
4489,phase2,10434,103
4490,phase2,10514,103
4491,phase2,10578,51
4492,phase2,10711,106
4493,phase2,10795,109
4494,phase2,10832,66
4495,phase2,11002,64
4496,phase2,11004,81
4497,phase2,11123,100
4498,phase2,11284,80
4499,phase2,11287,92
4500,phase2,11368,69
4501,phase2,11407,99
4502,phase2,11471,100
4503,phase2,11672,82
4504,phase2,11713,104
4505,phase2,11714,66
4506,phase2,11776,67
4507,phase2,11828,85
4508,phase2,11852,79
4509,phase2,11861,80
4510,phase2,12196,87
4511,phase2,12235,64
4512,phase2,12238,92
4513,phase2,12285,75
4514,phase2,12452,68
4515,phase2,12485,119
4516,phase2,12632,109
4517,phase2,12799,81
4518,phase2,12880,86
4519,phase2,13071,92
4520,phase2,13233,71
4521,phase2,13312,89
4522,phase2,13419,95
4523,phase2,13484,95
4524,phase2,13557,77
4525,phase2,13563,82
4526,phase2,13644,81
4527,phase2,13650,71
4528,phase2,13790,77
4529,phase2,13828,91
4530,phase2,13850,69
4531,phase2,13909,75
4532,phase2,13924,95
4533,phase2,13988,85
4534,phase2,14242,92
4535,phase2,14360,126
4536,phase2,14450,105
4537,phase2,14462,67
4538,phase2,14499,83
4539,phase2,14508,68
4540,phase2,14548,85
4541,phase2,14688,103
4542,phase2,14693,75
4543,phase2,14768,89
4544,phase2,14851,95
4545,phase2,14871,69
4546,phase2,14888,102
4547,phase2,14899,70
4548,phase2,14918,65
4549,phase2,14936,86
4550,phase2,15021,83
4551,phase2,15179,80
4552,phase2,15263,63
4553,phase2,15581,70
4554,phase2,15591,75
4555,phase2,15711,107
4556,phase2,15870,70
4557,phase2,16183,74
4558,phase2,16199,88
4559,phase2,16273,96
4560,phase2,16344,90
4561,phase2,16462,77
4562,phase2,16588,63
4563,phase2,16672,100
4564,phase2,16755,101
4565,phase2,16960,85
4566,phase2,17111,112
4567,phase2,17447,71
4568,phase2,17464,80
4569,phase2,17541,69
4570,phase2,17599,25
4571,phase2,17891,45
4572,phase2,17908,114
4573,phase2,17986,66
4574,phase2,18084,88
4575,phase2,18404,87
4576,phase2,18661,76
4577,phase2,18865,54
4578,phase2,18902,83
4579,phase2,18976,77
4580,phase2,19020,79
4581,phase2,19043,98
4582,phase2,19072,113
4583,phase2,19172,72
4584,phase2,19240,71
4585,phase2,19337,86
4586,phase2,19341,98
4587,phase2,19385,68
4588,phase2,19418,82
4589,phase2,19445,64
4590,phase2,19747,80
4591,phase2,19884,65
4592,phase2,19977,71
4593,probe,1747,8
4594,probe,1752,49
4595,probe,1824,71
4596,probe,1846,66
4597,probe,1885,84
4598,probe,2078,75
4599,probe,2092,69
4600,probe,2198,74
4601,probe,2207,65
4602,probe,2225,54
4603,probe,2228,60
4604,probe,2256,68
4605,probe,2341,69
4606,probe,2370,106
4607,probe,2427,78
4608,probe,2507,66
4609,probe,2520,65
4610,probe,2606,30
4611,probe,2632,64
4612,probe,2641,70
4613,probe,2656,63
4614,probe,2657,69
4615,probe,2755,73
4616,probe,2762,71
4617,probe,2779,78
4618,probe,2781,68
4619,probe,2783,76
4620,probe,2786,67
4621,probe,2797,62
4622,probe,2799,75
4623,probe,2800,67
4624,probe,2803,69
4625,probe,2809,77
4626,probe,2822,54
4627,probe,2828,58
4628,probe,2832,58
4629,probe,2834,54
4630,probe,2840,63
4631,probe,2849,62
4632,probe,2852,62
4633,probe,2855,62
4634,probe,2888,62
4635,probe,2900,50
4636,probe,2904,55
4637,probe,2925,67
4638,probe,2938,56
4639,probe,2957,63
4640,probe,2960,60
4641,probe,2967,63
4642,probe,2970,65
4643,probe,3107,83
4644,probe,3186,81
4645,probe,3310,90
4646,probe,3317,77
4647,probe,3422,66
4648,probe,3475,60
4649,probe,3494,61
4650,probe,3510,34
4651,probe,3520,49
4652,phase2,763,65
4653,phase2,794,103
4654,phase2,814,67
4655,phase2,827,36
4656,phase2,840,63
4657,phase2,841,72
4658,phase2,857,108
4659,phase2,880,67
4660,phase2,896,79
4661,phase2,921,104
4662,phase2,953,42
4663,phase2,969,98
4664,phase2,1029,48
4665,phase2,1040,114
4666,phase2,1091,97
4667,phase2,1093,112
4668,phase2,1133,83
4669,phase2,1158,71
4670,phase2,1218,76
4671,phase2,1222,101
4672,phase2,1315,104
4673,phase2,1344,108
4674,phase2,1455,86
4675,phase2,1457,105
4676,phase2,1530,62
4677,phase2,1559,87
4678,phase2,1593,61
4679,phase2,1612,75
4680,phase2,1649,71
4681,phase2,1665,71
4682,phase2,1676,78
4683,phase2,1678,86
4684,phase2,1679,96
4685,phase2,1688,58
4686,phase2,1689,60
4687,phase2,1735,69
4688,phase2,1749,90
4689,phase2,1772,85
4690,phase2,1777,60
4691,phase2,1796,107
4692,phase2,1835,63
4693,phase2,2003,86
4694,phase2,2014,80
4695,phase2,2020,60
4696,phase2,2061,77
4697,phase2,2101,22
4698,phase2,2117,70
4699,phase2,2170,96
4700,phase2,2229,47
4701,phase2,2244,69
4702,phase2,2306,30
4703,phase2,2476,93
4704,phase2,2532,80
4705,phase2,2540,96
4706,phase2,2545,105
4707,phase2,2583,90
4708,phase2,2627,87
4709,phase2,2630,66
4710,phase2,2634,92
4711,phase2,2667,87
4712,phase2,2709,82
4713,phase2,2903,102
4714,phase2,2915,89
4715,phase2,3125,66
4716,phase2,3140,87
4717,phase2,3171,63
4718,phase2,3285,68
4719,phase2,3329,73
4720,phase2,3364,94
4721,phase2,3405,30
4722,phase2,3447,64
4723,phase2,3454,83
4724,phase2,3484,82
4725,phase2,3507,72
4726,phase2,3568,84
4727,phase2,3585,65
4728,phase2,3609,74
4729,phase2,3659,117
4730,phase2,3691,82
4731,phase2,3699,70
4732,phase2,3823,99
4733,phase2,3838,70
4734,phase2,3839,67
4735,phase2,3895,87
4736,phase2,3900,53
4737,phase2,3911,83
4738,phase2,3998,70
4739,phase2,4009,77
4740,phase2,4221,45
4741,phase2,4242,102
4742,phase2,4248,95
4743,phase2,4286,101
4744,phase2,4338,79
4745,phase2,4406,75
4746,phase2,4462,62
4747,phase2,4466,85
4748,phase2,4592,93
4749,phase2,4596,119
4750,phase2,4651,110
4751,phase2,4657,66
4752,phase2,4764,98
4753,phase2,4769,85
4754,phase2,4777,79
4755,phase2,4782,78
4756,phase2,4838,85
4757,phase2,4886,24
4758,phase2,4980,103
4759,phase2,4986,56
4760,phase2,4990,115
4761,phase2,4994,59
4762,phase2,5025,51
4763,phase2,5077,67
4764,phase2,5078,75
4765,phase2,5113,101
4766,phase2,5148,93
4767,phase2,5180,77
4768,phase2,5210,63
4769,phase2,5263,60
4770,phase2,5413,58
4771,phase2,5422,84
4772,phase2,5434,62
4773,phase2,5444,75
4774,phase2,5454,94
4775,phase2,5486,102
4776,phase2,5507,95
4777,phase2,5515,59
4778,phase2,5572,69
4779,phase2,5574,75
4780,phase2,5588,72
4781,phase2,5623,64
4782,phase2,5691,65
4783,phase2,5741,66
4784,phase2,5771,84
4785,phase2,5807,77
4786,phase2,5809,118
4787,phase2,5828,111
4788,phase2,5853,81
4789,phase2,5855,69
4790,phase2,6199,70
4791,phase2,6257,91
4792,phase2,6306,65
4793,phase2,6312,58
4794,phase2,6329,79
4795,phase2,6343,90
4796,phase2,6382,55
4797,phase2,6536,70
4798,phase2,6540,101
4799,phase2,6620,90
4800,phase2,6627,68
4801,phase2,6647,64
4802,phase2,6689,79
4803,phase2,6691,95
4804,phase2,6781,108
4805,phase2,6830,84
4806,phase2,6864,81
4807,phase2,6912,80
4808,phase2,6965,62
4809,phase2,7004,76
4810,phase2,7065,74
4811,phase2,7086,73
4812,phase2,7120,95
4813,phase2,7226,82
4814,phase2,7245,96
4815,phase2,7270,93
4816,phase2,7280,99
4817,phase2,7394,91
4818,phase2,7406,79
4819,phase2,7455,63
4820,phase2,7480,74
4821,phase2,7564,34
4822,phase2,7661,93
4823,phase2,7727,68
4824,phase2,7780,94
4825,phase2,7890,105
4826,phase2,7902,78
4827,phase2,7998,70
4828,phase2,8040,105
4829,phase2,8041,106
4830,phase2,8043,30
4831,phase2,8083,101
4832,phase2,8113,68
4833,phase2,8116,103
4834,phase2,8178,66
4835,phase2,8282,39
4836,phase2,8312,66
4837,phase2,8389,108
4838,phase2,8450,89
4839,phase2,8467,88
4840,phase2,8488,75
4841,phase2,8522,87
4842,phase2,8628,60
4843,phase2,8663,95
4844,phase2,8707,72
4845,phase2,8709,89
4846,phase2,8715,89
4847,phase2,8720,64
4848,phase2,8737,106
4849,phase2,8748,83
4850,phase2,8843,84
4851,phase2,8885,89
4852,phase2,9010,77
4853,phase2,9053,108
4854,phase2,9278,104
4855,phase2,9303,97
4856,phase2,9312,83
4857,phase2,9471,70
4858,phase2,9506,26
4859,phase2,9584,90
4860,phase2,9612,79
4861,phase2,9633,79
4862,phase2,9650,63
4863,phase2,9687,77
4864,phase2,9735,88
4865,phase2,9738,61
4866,phase2,9739,84
4867,phase2,9774,43
4868,phase2,9872,71
4869,phase2,9911,42
4870,phase2,9979,104
4871,phase2,10078,63
4872,phase2,10079,92
4873,phase2,10087,66
4874,phase2,10291,80
4875,phase2,10319,82
4876,phase2,10344,77
4877,phase2,10466,85
4878,phase2,10478,81
4879,phase2,10537,70
4880,phase2,10610,64
4881,phase2,10672,81
4882,phase2,10727,86
4883,phase2,10768,71
4884,phase2,10860,92
4885,phase2,10908,61
4886,phase2,10928,68
4887,phase2,11016,71
4888,phase2,11087,71
4889,phase2,11189,65
4890,phase2,11214,112
4891,phase2,11241,36
4892,phase2,11272,68
4893,phase2,11317,85
4894,phase2,11433,60
4895,phase2,11436,53
4896,phase2,11808,60
4897,phase2,11866,62
4898,phase2,11871,82
4899,phase2,11895,69
4900,phase2,11960,77
4901,phase2,12007,84
4902,phase2,12059,103
4903,phase2,12361,102
4904,phase2,12556,63
4905,phase2,12678,64
4906,phase2,12688,92
4907,phase2,12711,81
4908,phase2,12805,66
4909,phase2,12863,81
4910,phase2,12865,78
4911,phase2,13055,69
4912,phase2,13057,45
4913,phase2,13143,59
4914,phase2,13151,66
4915,phase2,13204,67
4916,phase2,13247,75
4917,phase2,13335,100
4918,phase2,13338,106
4919,phase2,13404,106
4920,phase2,13491,103
4921,phase2,13595,98
4922,phase2,13680,70
4923,phase2,13709,92
4924,phase2,13722,76
4925,phase2,14058,96
4926,phase2,14107,63
4927,phase2,14116,68
4928,phase2,14141,86
4929,phase2,14169,76
4930,phase2,14301,91
4931,phase2,14709,106
4932,phase2,14863,87
4933,phase2,14945,83
4934,phase2,15022,93
4935,phase2,15034,121
4936,phase2,15106,72
4937,phase2,15167,85
4938,phase2,15183,101
4939,phase2,15206,68
4940,phase2,15224,76
4941,phase2,15474,89
4942,phase2,15584,63
4943,phase2,15609,107
4944,phase2,15659,65
4945,phase2,15768,72
4946,phase2,15781,82
4947,phase2,15942,71
4948,phase2,15982,67
4949,phase2,16030,64
4950,phase2,16050,93
4951,phase2,16064,115
4952,phase2,16105,69
4953,phase2,16140,73
4954,phase2,16372,64
4955,phase2,16451,88
4956,phase2,16458,83
4957,phase2,16658,88
4958,phase2,16715,67
4959,phase2,16744,87
4960,phase2,16929,79
4961,phase2,16943,91
4962,phase2,16944,65
4963,phase2,16989,65
4964,phase2,16997,95
4965,phase2,17029,109
4966,phase2,17034,36
4967,phase2,17036,69
4968,phase2,17172,70
4969,phase2,17414,81
4970,phase2,17470,107
4971,phase2,17548,121
4972,phase2,17556,93
4973,phase2,17564,88
4974,phase2,17618,86
4975,phase2,17744,67
4976,phase2,17755,82
4977,phase2,17798,66
4978,phase2,17851,83
4979,phase2,17894,64
4980,phase2,17930,83
4981,phase2,18040,89
4982,phase2,18074,66
4983,phase2,18133,93
4984,phase2,18141,73
4985,phase2,18146,58
4986,phase2,18185,99
4987,phase2,18323,73
4988,phase2,18409,112
4989,phase2,18443,87
4990,phase2,18484,75
4991,phase2,18655,78
4992,phase2,18896,92
4993,phase2,18909,91
4994,phase2,19124,77
4995,phase2,19137,60
4996,phase2,19184,60
4997,phase2,19251,103
4998,phase2,19349,91
4999,phase2,19487,99
5000,phase2,19500,93
5001,phase2,19616,80
5002,phase2,19742,94
5003,phase2,19775,81
5004,phase2,19823,74
5005,phase2,19826,85
5006,phase2,19846,105
5007,phase2,19890,92
5008,phase2,19899,72
5009,phase2,19906,69
5010,phase2,19940,93
5011,phase2,19950,70
5012,phase2,19951,68
5013,phase2,19970,78
5014,phase2,19971,63
5015,probe,1394,84
5016,probe,1788,78
5017,probe,1801,73
5018,probe,1849,26
5019,probe,2089,66
5020,probe,2194,74
5021,probe,2199,59
5022,probe,2227,59
5023,probe,2231,59
5024,probe,2232,62
5025,probe,2250,60
5026,probe,2336,72
5027,probe,2367,79
5028,probe,2426,61
5029,probe,2444,89
5030,probe,2504,79
5031,probe,2609,27
5032,probe,2620,57
5033,probe,2622,60
5034,probe,2626,68
5035,probe,2628,79
5036,probe,2638,63
5037,probe,2647,66
5038,probe,2648,70
5039,probe,2771,69
5040,probe,2790,67
5041,probe,2795,67
5042,probe,2817,43
5043,probe,2823,54
5044,probe,2824,53
5045,probe,2826,54
5046,probe,2829,58
5047,probe,2842,59
5048,probe,2844,61
5049,probe,2845,64
5050,probe,2863,60
5051,probe,2871,61
5052,probe,2879,62
5053,probe,2891,69
5054,probe,2897,54
5055,probe,2898,59
5056,probe,2903,62
5057,probe,2933,66
5058,probe,2936,64
5059,probe,2939,56
5060,probe,2963,65
5061,probe,2965,59
5062,probe,3177,59
5063,probe,3184,87
5064,probe,3272,87
5065,probe,3491,65
5066,probe,3501,75
5067,probe,3508,66
5068,probe,3535,45
5069,probe,3537,47
5070,probe,3541,66
5071,probe,3542,50
5072,probe,3545,18
5073,probe,3561,28
5074,phase2,707,67
5075,phase2,721,72
5076,phase2,728,69
5077,phase2,731,82
5078,phase2,733,91
5079,phase2,751,89
5080,phase2,753,80
5081,phase2,771,60
5082,phase2,781,62
5083,phase2,791,43
5084,phase2,803,89
5085,phase2,833,79
5086,phase2,851,93
5087,phase2,852,84
5088,phase2,858,74
5089,phase2,861,21
5090,phase2,866,93
5091,phase2,870,66
5092,phase2,879,78
5093,phase2,900,86
5094,phase2,901,78
5095,phase2,927,51
5096,phase2,945,68
5097,phase2,970,57
5098,phase2,980,26
5099,phase2,1001,55
5100,phase2,1004,63
5101,phase2,1050,83
5102,phase2,1068,95
5103,phase2,1082,70
5104,phase2,1100,72
5105,phase2,1110,91
5106,phase2,1117,49
5107,phase2,1119,89
5108,phase2,1162,85
5109,phase2,1166,40
5110,phase2,1170,65
5111,phase2,1174,64
5112,phase2,1228,62
5113,phase2,1245,89
5114,phase2,1276,94
5115,phase2,1298,79
5116,phase2,1300,101
5117,phase2,1301,74
5118,phase2,1322,78
5119,phase2,1328,67
5120,phase2,1350,70
5121,phase2,1378,60
5122,phase2,1404,82
5123,phase2,1406,66
5124,phase2,1422,75
5125,phase2,1452,50
5126,phase2,1471,26
5127,phase2,1474,78
5128,phase2,1515,88
5129,phase2,1536,93
5130,phase2,1543,84
5131,phase2,1561,62
5132,phase2,1603,113
5133,phase2,1608,80
5134,phase2,1616,54
5135,phase2,1619,77
5136,phase2,1644,82
5137,phase2,1700,44
5138,phase2,1713,65
5139,phase2,1720,60
5140,phase2,1762,110
5141,phase2,1763,67
5142,phase2,1773,55
5143,phase2,1797,69
5144,phase2,1806,73
5145,phase2,1935,87
5146,phase2,1953,69
5147,phase2,1954,45
5148,phase2,1957,74
5149,phase2,1984,91
5150,phase2,1995,15
5151,phase2,2004,33
5152,phase2,2005,80
5153,phase2,2024,90
5154,phase2,2053,27
5155,phase2,2105,67
5156,phase2,2130,66
5157,phase2,2135,41
5158,phase2,2153,19
5159,phase2,2181,81
5160,phase2,2192,81
5161,phase2,2196,74
5162,phase2,2218,83
5163,phase2,2237,75
5164,phase2,2243,88
5165,phase2,2283,65
5166,phase2,2294,82
5167,phase2,2334,79
5168,phase2,2338,66
5169,phase2,2351,60
5170,phase2,2390,72
5171,phase2,2396,94
5172,phase2,2411,64
5173,phase2,2439,42
5174,phase2,2467,77
5175,phase2,2480,88
5176,phase2,2494,70
5177,phase2,2497,65
5178,phase2,2504,63
5179,phase2,2513,60
5180,phase2,2514,72
5181,phase2,2568,52
5182,phase2,2573,89
5183,phase2,2579,59
5184,phase2,2580,18
5185,phase2,2585,80
5186,phase2,2624,102
5187,phase2,2640,89
5188,phase2,2714,47
5189,phase2,2749,81
5190,phase2,2755,103
5191,phase2,2760,72
5192,phase2,2771,17
5193,phase2,2805,52
5194,phase2,2833,97
5195,phase2,2837,112
5196,phase2,2847,81
5197,phase2,2871,58
5198,phase2,2875,54
5199,phase2,2892,96
5200,phase2,2934,79
5201,phase2,2947,60
5202,phase2,2951,113
5203,phase2,2960,53
5204,phase2,2984,53
5205,phase2,3004,69
5206,phase2,3010,106
5207,phase2,3017,85
5208,phase2,3041,88
5209,phase2,3042,87
5210,phase2,3075,101
5211,phase2,3083,77
5212,phase2,3086,93
5213,phase2,3127,64
5214,phase2,3131,49
5215,phase2,3142,101
5216,phase2,3146,78
5217,phase2,3172,91
5218,phase2,3202,68
5219,phase2,3206,102
5220,phase2,3239,84
5221,phase2,3260,65
5222,phase2,3263,104
5223,phase2,3284,77
5224,phase2,3321,90
5225,phase2,3366,62
5226,phase2,3383,73
5227,phase2,3384,68
5228,phase2,3403,103
5229,phase2,3481,83
5230,phase2,3542,67
5231,phase2,3553,109
5232,phase2,3572,13
5233,phase2,3584,98
5234,phase2,3587,29
5235,phase2,3595,37
5236,phase2,3636,89
5237,phase2,3645,90
5238,phase2,3669,44
5239,phase2,3680,61
5240,phase2,3694,82
5241,phase2,3713,69
5242,phase2,3718,47
5243,phase2,3784,87
5244,phase2,3818,64
5245,phase2,3832,75
5246,phase2,3877,61
5247,phase2,3887,84
5248,phase2,3905,75
5249,phase2,3922,46
5250,phase2,3940,22
5251,phase2,3962,69
5252,phase2,3963,62
5253,phase2,3982,64
5254,phase2,3993,64
5255,phase2,4025,65
5256,phase2,4086,67
5257,phase2,4100,79
5258,phase2,4149,52
5259,phase2,4153,65
5260,phase2,4157,49
5261,phase2,4162,81
5262,phase2,4200,106
5263,phase2,4220,63
5264,phase2,4228,54
5265,phase2,4255,84
5266,phase2,4327,89
5267,phase2,4334,81
5268,phase2,4368,106
5269,phase2,4378,64
5270,phase2,4395,60
5271,phase2,4419,75
5272,phase2,4437,28
5273,phase2,4452,63
5274,phase2,4461,55
5275,phase2,4469,69
5276,phase2,4470,63
5277,phase2,4471,76
5278,phase2,4477,81
5279,phase2,4482,29
5280,phase2,4597,109
5281,phase2,4656,77
5282,phase2,4662,57
5283,phase2,4712,98
5284,phase2,4736,80
5285,phase2,4771,99
5286,phase2,4778,68
5287,phase2,4826,47
5288,phase2,4830,56
5289,phase2,4846,58
5290,phase2,4874,61
5291,phase2,4895,79
5292,phase2,4918,92
5293,phase2,4933,106
5294,phase2,4935,65
5295,phase2,4962,69
5296,phase2,4979,93
5297,phase2,5000,88
5298,phase2,5002,100
5299,phase2,5122,98
5300,phase2,5126,92
5301,phase2,5268,51
5302,phase2,5269,28
5303,phase2,5301,90
5304,phase2,5335,62
5305,phase2,5374,66
5306,phase2,5390,53
5307,phase2,5399,66
5308,phase2,5420,71
5309,phase2,5456,67
5310,phase2,5501,84
5311,phase2,5512,92
5312,phase2,5540,100
5313,phase2,5545,69
5314,phase2,5566,88
5315,phase2,5579,102
5316,phase2,5611,84
5317,phase2,5665,63
5318,phase2,5669,81
5319,phase2,5681,87
5320,phase2,5724,74
5321,phase2,5726,64
5322,phase2,5729,63
5323,phase2,5776,72
5324,phase2,5796,82
5325,phase2,5845,101
5326,phase2,5860,43
5327,phase2,5864,84
5328,phase2,5875,68
5329,phase2,5880,91
5330,phase2,5959,61
5331,phase2,6030,102
5332,phase2,6036,103
5333,phase2,6038,76
5334,phase2,6046,117
5335,phase2,6071,95
5336,phase2,6078,68
5337,phase2,6098,77
5338,phase2,6104,57
5339,phase2,6112,60
5340,phase2,6167,89
5341,phase2,6206,47
5342,phase2,6212,81
5343,phase2,6224,73
5344,phase2,6228,65
5345,phase2,6243,90
5346,phase2,6264,84
5347,phase2,6280,74
5348,phase2,6296,81
5349,phase2,6342,61
5350,phase2,6356,69
5351,phase2,6367,71
5352,phase2,6388,51
5353,phase2,6415,101
5354,phase2,6417,97
5355,phase2,6430,102
5356,phase2,6436,66
5357,phase2,6510,103
5358,phase2,6511,79
5359,phase2,6515,62
5360,phase2,6533,105
5361,phase2,6541,83
5362,phase2,6550,57
5363,phase2,6582,79
5364,phase2,6585,53
5365,phase2,6600,63
5366,phase2,6640,76
5367,phase2,6651,89
5368,phase2,6677,80
5369,phase2,6699,89
5370,phase2,6738,69
5371,phase2,6751,60
5372,phase2,6796,83
5373,phase2,6834,76
5374,phase2,6898,49
5375,phase2,6972,55
5376,phase2,6975,83
5377,phase2,6977,74
5378,phase2,7033,92
5379,phase2,7040,90
5380,phase2,7047,90
5381,phase2,7122,78
5382,phase2,7154,92
5383,phase2,7158,67
5384,phase2,7191,63
5385,phase2,7235,77
5386,phase2,7258,77
5387,phase2,7276,65
5388,phase2,7298,72
5389,phase2,7308,64
5390,phase2,7319,102
5391,phase2,7343,50
5392,phase2,7349,58
5393,phase2,7361,101
5394,phase2,7375,80
5395,phase2,7383,70
5396,phase2,7389,85
5397,phase2,7411,106
5398,phase2,7448,94
5399,phase2,7452,62
5400,phase2,7484,104
5401,phase2,7487,77
5402,phase2,7492,66
5403,phase2,7499,48
5404,phase2,7588,76
5405,phase2,7590,76
5406,phase2,7620,66
5407,phase2,7680,56
5408,phase2,7723,73
5409,phase2,7734,68
5410,phase2,7739,83
5411,phase2,7748,57
5412,phase2,7749,68
5413,phase2,7772,99
5414,phase2,7793,87
5415,phase2,7807,89
5416,phase2,7847,93
5417,phase2,7853,57
5418,phase2,7899,90
5419,phase2,7984,59
5420,phase2,8001,61
5421,phase2,8045,69
5422,phase2,8092,20
5423,phase2,8151,99
5424,phase2,8173,67
5425,phase2,8251,92
5426,phase2,8273,59
5427,phase2,8285,69
5428,phase2,8324,86
5429,phase2,8343,89
5430,phase2,8375,102
5431,phase2,8383,75
5432,phase2,8409,56
5433,phase2,8438,108
5434,phase2,8460,63
5435,phase2,8486,48
5436,phase2,8501,101
5437,phase2,8519,62
5438,phase2,8526,65
5439,phase2,8527,65
5440,phase2,8565,74
5441,phase2,8574,69
5442,phase2,8580,97
5443,phase2,8592,67
5444,phase2,8611,69
5445,phase2,8655,107
5446,phase2,8689,67
5447,phase2,8690,79
5448,phase2,8691,66
5449,phase2,8693,71
5450,phase2,8739,73
5451,phase2,8744,53
5452,phase2,8764,72
5453,phase2,8781,80
5454,phase2,8837,68
5455,phase2,8888,97
5456,phase2,8890,37
5457,phase2,8897,79
5458,phase2,8901,75
5459,phase2,8905,61
5460,phase2,8917,68
5461,phase2,8929,77
5462,phase2,8948,50
5463,phase2,8955,64
5464,phase2,8968,99
5465,phase2,8973,25
5466,phase2,8994,80
5467,phase2,9004,79
5468,phase2,9026,71
5469,phase2,9077,88
5470,phase2,9092,73
5471,phase2,9108,81
5472,phase2,9131,56
5473,phase2,9150,75
5474,phase2,9160,80
5475,phase2,9177,102
5476,phase2,9302,66
5477,phase2,9304,116
5478,phase2,9324,95
5479,phase2,9384,69
5480,phase2,9388,91
5481,phase2,9395,120
5482,phase2,9433,102
5483,phase2,9435,58
5484,phase2,9451,101
5485,phase2,9480,104
5486,phase2,9504,60
5487,phase2,9505,60
5488,phase2,9530,64
5489,phase2,9562,66
5490,phase2,9616,70
5491,phase2,9664,62
5492,phase2,9676,65
5493,phase2,9718,68
5494,phase2,9769,68
5495,phase2,9786,48
5496,phase2,9831,65
5497,phase2,9867,73
5498,phase2,9874,63
5499,phase2,9876,97
5500,phase2,9951,67
5501,phase2,9953,60
5502,phase2,9960,66
5503,phase2,9994,91
5504,phase2,10007,88
5505,phase2,10014,57
5506,phase2,10038,91
5507,phase2,10042,58
5508,phase2,10060,102
5509,phase2,10076,71
5510,phase2,10161,97
5511,phase2,10183,65
5512,phase2,10184,69
5513,phase2,10228,70
5514,phase2,10299,85
5515,phase2,10350,96
5516,phase2,10408,61
5517,phase2,10429,69
5518,phase2,10432,116
5519,phase2,10441,83
5520,phase2,10447,61
5521,phase2,10457,75
5522,phase2,10458,78
5523,phase2,10515,70
5524,phase2,10533,84
5525,phase2,10559,70
5526,phase2,10612,93
5527,phase2,10622,70
5528,phase2,10655,89
5529,phase2,10723,64
5530,phase2,10736,72
5531,phase2,10739,51
5532,phase2,10747,61
5533,phase2,10751,68
5534,phase2,10783,90
5535,phase2,10814,68
5536,phase2,10842,73
5537,phase2,10879,61
5538,phase2,10886,98
5539,phase2,10909,30
5540,phase2,10917,89
5541,phase2,10980,79
5542,phase2,11000,59
5543,phase2,11007,84
5544,phase2,11066,89
5545,phase2,11109,81
5546,phase2,11151,111
5547,phase2,11172,58
5548,phase2,11174,87
5549,phase2,11181,64
5550,phase2,11252,84
5551,phase2,11253,64
5552,phase2,11277,97
5553,phase2,11288,96
5554,phase2,11349,107
5555,phase2,11382,60
5556,phase2,11481,67
5557,phase2,11482,72
5558,phase2,11484,73
5559,phase2,11504,104
5560,phase2,11525,69
5561,phase2,11561,36
5562,phase2,11586,95
5563,phase2,11592,102
5564,phase2,11600,52
5565,phase2,11621,100
5566,phase2,11625,74
5567,phase2,11628,81
5568,phase2,11650,83
5569,phase2,11685,101
5570,phase2,11692,70
5571,phase2,11782,85
5572,phase2,11886,105
5573,phase2,11916,61
5574,phase2,11986,91
5575,phase2,12002,58
5576,phase2,12004,73
5577,phase2,12013,73
5578,phase2,12116,88
5579,phase2,12127,68
5580,phase2,12151,79
5581,phase2,12259,70
5582,phase2,12271,63
5583,phase2,12296,77
5584,phase2,12340,75
5585,phase2,12395,79
5586,phase2,12399,46
5587,phase2,12408,89
5588,phase2,12416,71
5589,phase2,12429,74
5590,phase2,12473,64
5591,phase2,12573,66
5592,phase2,12613,116
5593,phase2,12620,68
5594,phase2,12684,65
5595,phase2,12689,59
5596,phase2,12704,54
5597,phase2,12718,105
5598,phase2,12738,61
5599,phase2,12752,73
5600,phase2,12806,109
5601,phase2,12841,79
5602,phase2,12850,81
5603,phase2,12857,68
5604,phase2,12894,58
5605,phase2,12899,60
5606,phase2,12934,70
5607,phase2,12946,60
5608,phase2,12996,113
5609,phase2,13020,63
5610,phase2,13087,93
5611,phase2,13106,98
5612,phase2,13179,61
5613,phase2,13214,51
5614,phase2,13221,105
5615,phase2,13227,101
5616,phase2,13285,74
5617,phase2,13296,89
5618,phase2,13300,64
5619,phase2,13310,58
5620,phase2,13328,88
5621,phase2,13355,77
5622,phase2,13429,84
5623,phase2,13501,78
5624,phase2,13518,73
5625,phase2,13528,79
5626,phase2,13538,59
5627,phase2,13548,63
5628,phase2,13597,86
5629,phase2,13605,71
5630,phase2,13622,90
5631,phase2,13688,72
5632,phase2,13707,58
5633,phase2,13718,69
5634,phase2,13742,70
5635,phase2,13817,67
5636,phase2,13823,75
5637,phase2,13832,93
5638,phase2,13866,56
5639,phase2,13868,51
5640,phase2,13889,71
5641,phase2,13910,101
5642,phase2,13939,69
5643,phase2,13946,65
5644,phase2,13973,32
5645,phase2,13976,47
5646,phase2,13984,80
5647,phase2,14044,78
5648,phase2,14067,52
5649,phase2,14069,72
5650,phase2,14071,71
5651,phase2,14099,84
5652,phase2,14105,80
5653,phase2,14118,75
5654,phase2,14122,92
5655,phase2,14162,86
5656,phase2,14183,64
5657,phase2,14185,74
5658,phase2,14247,116
5659,phase2,14264,49
5660,phase2,14278,92
5661,phase2,14348,72
5662,phase2,14352,40
5663,phase2,14355,84
5664,phase2,14376,31
5665,phase2,14384,67
5666,phase2,14395,50
5667,phase2,14479,59
5668,phase2,14528,97
5669,phase2,14640,92
5670,phase2,14706,81
5671,phase2,14719,60
5672,phase2,14723,77
5673,phase2,14798,91
5674,phase2,14838,77
5675,phase2,15013,69
5676,phase2,15044,77
5677,phase2,15063,87
5678,phase2,15066,85
5679,phase2,15099,67
5680,phase2,15102,82
5681,phase2,15134,77
5682,phase2,15138,109
5683,phase2,15173,75
5684,phase2,15292,83
5685,phase2,15346,65
5686,phase2,15412,87
5687,phase2,15484,45
5688,phase2,15501,83
5689,phase2,15503,41
5690,phase2,15519,70
5691,phase2,15571,59
5692,phase2,15592,73
5693,phase2,15597,45
5694,phase2,15640,71
5695,phase2,15748,63
5696,phase2,15766,92
5697,phase2,15813,84
5698,phase2,15836,34
5699,phase2,15842,65
5700,phase2,15966,65
5701,phase2,15996,115
5702,phase2,16047,55
5703,phase2,16053,60
5704,phase2,16057,81
5705,phase2,16071,101
5706,phase2,16113,70
5707,phase2,16123,64
5708,phase2,16148,57
5709,phase2,16294,108
5710,phase2,16394,62
5711,phase2,16434,50
5712,phase2,16471,66
5713,phase2,16477,72
5714,phase2,16520,79
5715,phase2,16540,107
5716,phase2,16591,80
5717,phase2,16660,88
5718,phase2,16710,67
5719,phase2,16718,83
5720,phase2,16720,81
5721,phase2,16721,82
5722,phase2,16722,79
5723,phase2,16734,72
5724,phase2,16747,77
5725,phase2,16750,75
5726,phase2,16754,61
5727,phase2,16775,63
5728,phase2,16810,53
5729,phase2,16867,61
5730,phase2,16974,86
5731,phase2,17020,125
5732,phase2,17071,97
5733,phase2,17134,57
5734,phase2,17144,83
5735,phase2,17226,73
5736,phase2,17246,102
5737,phase2,17260,69
5738,phase2,17270,59
5739,phase2,17289,100
5740,phase2,17316,69
5741,phase2,17356,89
5742,phase2,17398,83
5743,phase2,17424,89
5744,phase2,17543,57
5745,phase2,17612,65
5746,phase2,17637,111
5747,phase2,17648,77
5748,phase2,17705,70
5749,phase2,17732,68
5750,phase2,17740,71
5751,phase2,17774,92
5752,phase2,17811,88
5753,phase2,17832,79
5754,phase2,17880,62
5755,phase2,17912,68
5756,phase2,18109,79
5757,phase2,18136,51
5758,phase2,18138,83
5759,phase2,18215,92
5760,phase2,18231,112
5761,phase2,18326,81
5762,phase2,18339,76
5763,phase2,18355,72
5764,phase2,18364,69
5765,phase2,18387,98
5766,phase2,18406,72
5767,phase2,18415,63
5768,phase2,18419,87
5769,phase2,18522,79
5770,phase2,18610,78
5771,phase2,18689,109
5772,phase2,18716,80
5773,phase2,18731,84
5774,phase2,18781,64
5775,phase2,18821,93
5776,phase2,18883,64
5777,phase2,18930,79
5778,phase2,18982,50
5779,phase2,18995,64
5780,phase2,19000,78
5781,phase2,19022,75
5782,phase2,19049,66
5783,phase2,19067,85
5784,phase2,19083,56
5785,phase2,19100,65
5786,phase2,19115,67
5787,phase2,19153,79
5788,phase2,19169,94
5789,phase2,19195,87
5790,phase2,19244,103
5791,phase2,19270,89
5792,phase2,19281,59
5793,phase2,19366,66
5794,phase2,19379,57
5795,phase2,19425,64
5796,phase2,19494,78
5797,phase2,19529,69
5798,phase2,19631,63
5799,phase2,19668,60
5800,phase2,19729,109
5801,phase2,19734,103
5802,phase2,19779,59
5803,phase2,19850,85
5804,phase2,19853,101
5805,phase2,19855,70
5806,phase2,19879,80
5807,phase2,19923,75
5808,phase2,19941,92
5809,phase2,19975,107
5810,probe,1765,81
5811,probe,1854,22
5812,probe,2197,67
5813,probe,2580,71
5814,probe,2619,63
5815,probe,2623,69
5816,probe,2624,16
5817,probe,2631,63
5818,probe,2633,64
5819,probe,2634,57
5820,probe,2635,65
5821,probe,2643,9
5822,probe,2659,8
5823,probe,2757,48
5824,probe,2782,65
5825,probe,2784,68
5826,probe,2788,70
5827,probe,2801,79
5828,probe,2807,69
5829,probe,2808,68
5830,probe,2812,57
5831,probe,2814,53
5832,probe,2815,50
5833,probe,2816,49
5834,probe,2819,58
5835,probe,2820,57
5836,probe,2825,45
5837,probe,2835,60
5838,probe,2839,53
5839,probe,2847,63
5840,probe,2854,64
5841,probe,2892,16
5842,probe,2893,53
5843,probe,2894,55
5844,probe,2895,54
5845,probe,2896,51
5846,probe,2901,55
5847,probe,2902,54
5848,probe,2945,58
5849,probe,2946,56
5850,probe,2950,58
5851,probe,2954,27
5852,probe,2962,61
5853,probe,2971,19
5854,probe,2972,74
5855,probe,2976,17
5856,probe,2985,52
5857,probe,3010,34
5858,probe,3130,96
5859,probe,3329,54
5860,probe,3343,43
5861,probe,3497,21
5862,probe,3500,59
5863,probe,3503,55
5864,probe,3513,61
5865,probe,3516,60
5866,probe,3517,34
5867,probe,3519,31
5868,probe,3521,14
5869,probe,3539,52
5870,probe,3543,49
5871,probe,3551,45
5872,probe,3558,60
5873,probe,3569,76
